5,2014,2,1,0,0,0,0,1,0,0,0
6,2023,3,3,0,0,0,0,0,0,0,0
6,2026,3,3,1,0,0,0,0,0,0,0
21,2022,2,2,0,0,0,0,0,0,0,0
21,2023,2,2,0,0,0,0,0,0,1,0
30,2012,1,1,1,0,0,1,0,0,0,0
32,2021,1,1,1,0,0,0,0,0,0,0
32,2022,3,3,1,0,0,0,0,0,0,0
35,2015,1,1,0,0,0,0,0,0,0,0
35,2016,5,4,1,0,0,0,1,0,0,0
41,2012,2,2,0,0,0,0,0,0,0,0
44,2023,2,2,2,1,0,0,0,0,0,0
48,2015,1,1,1,1,0,0,0,0,0,0
49,2019,3,3,0,0,0,0,0,0,0,0
49,2021,2,2,0,0,0,0,0,0,0,0
49,2024,1,1,1,0,0,0,0,0,0,0
57,2019,1,1,0,0,0,0,0,0,0,0
57,2024,1,1,0,0,0,0,0,0,1,0
57,2025,1,1,0,0,0,0,0,0,0,0
60,2012,1,1,0,0,0,0,0,0,0,0
69,2026,1,1,0,0,0,0,0,0,0,0
74,2024,1,1,0,0,0,0,0,0,1,0
86,2011,1,0,0,0,0,0,0,0,0,0
86,2012,2,2,0,0,0,0,0,0,0,0
89,2026,2,2,0,0,0,0,0,0,0,0
91,2019,3,3,0,0,0,0,0,0,1,0
96,2024,2,2,0,0,0,0,0,0,0,0
107,2021,3,1,0,0,0,0,2,0,0,0
107,2022,1,0,0,0,0,0,1,0,0,0
107,2025,1,0,0,0,0,0,1,0,0,0
109,2019,1,1,1,0,0,0,0,0,0,0
112,2013,2,2,1,0,0,0,0,0,0,0
112,2016,2,2,1,0,0,0,0,0,0,0
116,2012,1,1,0,0,0,0,0,0,1,0
116,2013,1,1,1,0,0,0,0,0,0,0
116,2016,1,1,0,0,0,0,0,0,0,0
116,2017,1,0,0,0,0,0,1,0,0,0
118,2013,1,1,1,1,0,0,0,0,0,0
118,2014,1,1,0,0,0,0,0,0,0,0
118,2015,2,2,0,0,0,0,0,0,1,0
118,2017,1,1,1,0,0,0,0,0,0,0
122,2021,2,1,0,0,0,0,1,0,0,0
122,2024,1,1,0,0,0,0,0,0,0,0
122,2025,2,2,1,0,0,0,0,0,1,0
125,2017,2,1,1,1,0,0,1,0,0,0
126,2025,4,4,1,0,0,0,0,0,0,0
129,2018,1,1,0,0,0,0,0,0,0,0
130,2024,2,1,1,0,0,0,1,0,0,0
135,2021,2,1,0,0,0,0,1,0,0,0
144,2020,1,1,0,0,0,0,0,0,1,0
144,2024,1,1,1,0,0,0,0,0,0,0
145,2019,1,1,0,0,0,0,0,0,0,0
145,2024,2,2,0,0,0,0,0,0,1,0
145,2026,2,2,1,0,0,0,0,0,0,0
155,2019,3,3,0,0,0,0,0,0,0,0
155,2020,3,3,1,0,0,0,0,0,0,0
155,2021,9,7,3,2,0,0,2,0,0,0
155,2022,2,2,0,0,0,0,0,0,1,0
162,2013,2,2,0,0,0,0,0,0,1,0
162,2014,4,4,1,0,0,0,0,0,1,0
162,2015,1,1,1,0,0,0,0,0,0,0
162,2016,1,1,0,0,0,0,0,0,1,0
162,2017,2,2,1,0,0,0,0,0,0,0
174,2023,3,3,1,1,0,0,0,0,0,0
174,2024,3,3,2,0,0,0,0,0,0,0
174,2025,3,3,1,0,0,0,0,0,1,0
193,2018,1,1,1,0,0,0,0,0,0,0
194,2018,1,1,1,0,0,0,0,0,0,0
194,2020,1,1,0,0,0,0,0,0,0,0
207,2016,2,2,1,1,0,0,0,0,0,0
207,2017,7,5,1,0,0,0,2,0,2,0
207,2018,2,2,1,1,0,0,0,0,1,0
207,2019,2,2,0,0,0,0,0,0,0,0
207,2025,1,1,0,0,0,0,0,0,0,0
217,2026,3,3,0,0,0,0,0,0,0,0
219,2016,1,1,0,0,0,0,0,0,0,0
222,2025,1,1,1,0,0,0,0,0,0,0
222,2026,1,1,0,0,0,0,0,0,0,0
228,2015,3,2,0,0,0,0,1,0,0,0
228,2016,2,2,1,0,0,0,0,0,0,0
228,2018,1,1,1,1,0,0,0,0,0,0
229,2018,1,1,0,0,0,0,0,0,0,0
229,2026,2,2,1,1,0,0,0,0,1,0
234,2015,1,1,0,0,0,0,0,0,0,0
243,2024,1,1,0,0,0,0,0,0,0,0
263,2013,4,3,0,0,0,0,1,0,2,0
263,2015,3,3,1,0,0,0,0,0,1,0
263,2018,5,5,2,1,0,0,0,0,0,0
263,2019,6,5,0,0,0,0,1,0,1,0
268,2016,2,2,1,0,0,0,0,0,0,0
269,2015,3,3,0,0,0,0,0,0,0,0
269,2016,2,2,0,0,0,0,0,0,1,0
273,2021,1,1,0,0,0,0,0,0,0,0
273,2026,2,2,1,0,0,0,0,0,1,0
276,2024,2,2,0,0,0,0,0,0,2,0
276,2025,1,1,0,0,0,0,0,0,0,0
283,2018,5,3,2,0,0,0,1,1,0,0
283,2019,2,2,1,0,0,0,0,0,0,0
283,2024,2,2,1,0,0,0,0,0,0,0
293,2019,1,1,1,0,0,1,0,0,0,0
293,2024,2,1,0,0,0,0,1,0,1,0
299,2018,3,3,1,0,0,0,0,0,1,0
299,2020,3,2,0,0,0,0,1,0,0,0
299,2021,6,6,2,0,0,1,0,0,0,0
299,2023,3,2,2,1,0,0,1,0,0,0
299,2024,12,12,4,0,0,0,0,0,1,0
299,2025,6,6,1,0,0,0,0,0,0,0
309,2015,1,1,1,0,0,0,0,0,0,0
309,2016,3,3,2,0,0,0,0,0,0,0
309,2017,3,3,1,0,0,1,0,0,1,0
309,2018,2,2,2,1,0,0,0,0,0,0
309,2020,2,2,0,0,0,0,0,0,0,0
309,2021,2,2,0,0,0,0,0,0,1,0
326,2026,1,1,1,1,0,0,0,0,0,0
339,2022,1,1,0,0,0,0,0,0,0,0
342,2018,1,1,0,0,0,0,0,0,1,0
343,2013,7,7,1,0,0,0,0,0,0,0
343,2014,3,3,2,0,0,0,0,0,0,0
343,2015,4,3,0,0,0,0,1,0,2,0
343,2016,6,5,2,0,0,1,0,0,2,1
343,2017,3,3,0,0,0,0,0,0,1,0
343,2022,5,4,3,1,0,1,1,0,0,0
359,2021,3,3,1,0,0,0,0,0,0,0
369,2018,1,0,0,0,0,0,1,0,0,0
369,2019,3,3,2,0,1,1,0,0,0,0
369,2025,5,4,0,0,0,0,1,0,1,0
369,2026,1,1,0,0,0,0,0,0,0,0
380,2011,1,1,0,0,0,0,0,0,0,0
380,2012,2,2,1,0,0,0,0,0,0,0
382,2016,3,3,2,0,0,1,0,0,0,0
382,2021,3,3,0,0,0,0,0,0,0,0
384,2011,4,4,0,0,0,0,0,0,0,0
384,2012,6,6,0,0,0,0,0,0,1,0
384,2014,3,3,0,0,0,0,0,0,0,0
400,2025,1,1,0,0,0,0,0,0,0,0
401,2026,2,2,0,0,0,0,0,0,0,0
402,2017,2,2,1,0,0,0,0,0,0,0
408,2024,3,3,1,0,0,0,0,0,0,0
417,2014,2,2,1,0,1,0,0,0,0,0
417,2015,2,2,0,0,0,0,0,0,0,0
449,2018,1,1,0,0,0,0,0,0,0,0
450,2026,1,1,0,0,0,0,0,0,0,0
453,2024,2,1,0,0,0,0,1,0,1,0
456,2012,2,2,0,0,0,0,0,0,1,0
456,2013,1,1,0,0,0,0,0,0,0,0
456,2016,2,2,0,0,0,0,0,0,1,0
456,2017,3,2,0,0,0,0,1,0,0,0
470,2025,1,1,1,0,0,0,0,0,0,0
470,2026,1,1,0,0,0,0,0,0,1,0
471,2026,4,4,0,0,0,0,0,0,1,0
479,2013,1,1,0,0,0,0,0,0,1,0
479,2014,2,2,0,0,0,0,0,0,1,0
494,2016,3,3,2,0,0,0,0,0,0,0
500,2011,7,6,1,0,0,0,1,0,0,0
500,2012,6,5,3,0,0,0,1,0,0,0
500,2019,5,3,1,0,0,0,2,0,1,0
513,2022,1,1,0,0,0,0,0,0,0,0
513,2024,1,1,0,0,0,0,0,0,0,0
528,2014,6,6,2,0,0,0,0,0,0,0
546,2011,1,1,0,0,0,0,0,0,0,0
550,2013,4,3,1,0,0,0,1,0,0,0
550,2014,1,0,0,0,0,0,1,0,0,0
557,2017,3,2,1,0,0,0,1,0,1,0
557,2024,1,1,0,0,0,0,0,0,1,0
557,2025,1,1,1,0,0,1,0,0,0,0
585,2016,1,1,0,0,0,0,0,0,0,0
594,2019,2,2,0,0,0,0,0,0,1,0
612,2023,1,1,0,0,0,0,0,0,0,0
614,2019,1,1,0,0,0,0,0,0,1,0
614,2021,3,3,1,0,0,0,0,0,0,0
614,2022,2,2,0,0,0,0,0,0,0,0
614,2023,1,1,0,0,0,0,0,0,0,0
614,2024,2,2,0,0,0,0,0,0,0,0
614,2026,1,1,1,1,0,0,0,0,0,0
622,2016,1,1,1,0,0,0,0,0,0,0
622,2018,1,1,0,0,0,0,0,0,0,0
626,2019,1,1,0,0,0,0,0,0,0,0
626,2020,2,2,0,0,0,0,0,0,0,0
626,2022,1,1,1,0,0,0,0,0,0,0
629,2015,1,1,1,0,0,0,0,0,0,0
629,2016,1,1,0,0,0,0,0,0,0,0
629,2017,2,1,1,1,0,0,1,0,0,0
629,2018,1,1,0,0,0,0,0,0,1,0
629,2021,1,1,0,0,0,0,0,0,0,0
629,2022,1,1,1,0,0,0,0,0,0,0
629,2024,2,2,0,0,0,0,0,0,0,0
630,2026,5,5,1,0,0,0,0,0,2,0
635,2016,5,4,1,0,0,0,1,0,1,0
635,2017,4,3,1,1,0,0,1,0,0,0
635,2018,1,1,0,0,0,0,0,0,0,0
640,2014,1,1,0,0,0,0,0,0,1,0
646,2016,1,1,1,0,0,0,0,0,0,0
647,2018,11,9,4,0,0,0,1,1,2,0
647,2019,5,5,2,1,0,1,0,0,1,0
647,2020,2,1,0,0,0,0,1,0,0,0
647,2021,5,4,2,1,0,0,1,0,2,0
647,2022,1,1,0,0,0,0,0,0,0,0
647,2023,2,2,2,0,0,0,0,0,0,0
652,2017,1,1,0,0,0,0,0,0,1,0
652,2023,3,3,2,0,1,1,0,0,0,0
680,2015,2,2,0,0,0,0,0,0,0,0
680,2017,2,2,0,0,0,0,0,0,0,0
680,2022,1,1,0,0,0,0,0,0,0,0
682,2025,1,1,1,0,0,0,0,0,0,0
682,2026,2,2,1,0,0,1,0,0,0,0
683,2015,5,5,1,0,0,0,0,0,0,0
683,2018,3,3,1,0,0,0,0,0,0,0
683,2019,6,6,3,0,0,1,0,0,1,0
683,2020,5,5,0,0,0,0,0,0,0,0
683,2021,6,5,1,1,0,0,1,0,2,0
683,2023,3,3,0,0,0,0,0,0,0,0
683,2024,6,4,2,0,0,0,2,0,0,0
683,2025,3,3,1,0,0,0,0,0,0,0
683,2026,3,2,1,0,0,0,1,0,0,0
687,2012,2,2,0,0,0,0,0,0,0,0
698,2012,2,1,1,0,0,0,1,0,0,0
711,2014,3,3,1,0,0,0,0,0,0,0
711,2015,7,6,1,0,0,0,1,0,0,0
711,2016,6,6,1,0,0,0,0,0,1,0
711,2017,3,3,1,0,0,0,0,0,1,0
711,2018,3,3,3,1,0,0,0,0,0,0
711,2019,4,2,0,0,0,0,2,0,0,0
711,2021,3,3,1,0,0,1,0,0,0,0
716,2022,2,2,1,0,0,1,0,0,0,0
716,2023,3,3,1,0,0,0,0,0,0,0
716,2024,1,1,0,0,0,0,0,0,0,0
721,2022,2,1,0,0,0,0,1,0,0,0
721,2023,2,2,2,1,0,0,0,0,0,0
722,2019,1,1,0,0,0,0,0,0,1,0
730,2024,7,7,0,0,0,0,0,0,2,0
730,2025,3,3,1,0,0,1,0,0,1,0
730,2026,3,3,0,0,0,0,0,0,1,0
731,2023,1,1,0,0,0,0,0,0,1,0
731,2025,4,4,2,0,0,1,0,0,0,0
731,2026,3,2,0,0,0,0,0,0,0,1
733,2012,3,2,0,0,0,0,1,0,0,0
754,2013,5,5,1,0,0,0,0,0,0,0
758,2016,1,1,0,0,0,0,0,0,0,0
771,2014,3,3,1,0,0,0,0,0,1,0
773,2024,1,1,1,0,0,0,0,0,0,0
773,2025,1,0,0,0,0,0,1,0,0,0
774,2014,2,2,0,0,0,0,0,0,0,0
774,2016,1,1,1,0,0,0,0,0,0,0
774,2017,3,3,2,0,0,0,0,0,1,0
774,2018,3,3,0,0,0,0,0,0,2,0
774,2019,1,1,1,1,0,0,0,0,0,0
774,2020,1,1,0,0,0,0,0,0,1,0
777,2024,1,1,1,0,0,0,0,0,0,0
778,2019,1,1,1,1,0,0,0,0,0,0
778,2024,1,1,0,0,0,0,0,0,0,0
783,2024,1,1,1,0,0,0,0,0,0,0
783,2026,1,1,0,0,0,0,0,0,0,0
786,2015,2,2,0,0,0,0,0,0,0,0
794,2011,1,1,0,0,0,0,0,0,0,0
794,2013,1,1,0,0,0,0,0,0,0,0
794,2017,1,1,1,0,0,0,0,0,0,0
794,2018,1,0,0,0,0,0,1,0,0,0
795,2014,2,2,0,0,0,0,0,0,2,0
801,2022,1,1,1,0,0,0,0,0,0,0
801,2023,5,5,0,0,0,0,0,0,2,0
801,2026,3,2,0,0,0,0,1,0,0,0
812,2012,3,3,1,1,0,0,0,0,1,0
829,2025,1,1,0,0,0,0,0,0,0,0
844,2025,1,1,0,0,0,0,0,0,0,0
853,2020,1,1,0,0,0,0,0,0,0,0
861,2013,1,1,0,0,0,0,0,0,0,0
861,2016,4,4,0,0,0,0,0,0,1,0
861,2017,1,1,0,0,0,0,0,0,0,0
875,2012,1,1,1,0,0,0,0,0,0,0
887,2012,3,2,1,0,0,0,1,0,0,0
891,2022,1,0,0,0,0,0,1,0,0,0
891,2024,1,1,1,0,0,0,0,0,0,0
904,2016,5,5,2,1,0,0,0,0,1,0
904,2017,5,4,2,0,0,0,1,0,0,0
904,2019,3,3,0,0,0,0,0,0,1,0
904,2021,3,3,0,0,0,0,0,0,1,0
904,2023,3,3,0,0,0,0,0,0,0,0
904,2024,6,5,3,0,0,1,1,0,0,0
919,2013,1,1,0,0,0,0,0,0,0,0
919,2014,1,1,0,0,0,0,0,0,0,0
919,2015,1,1,0,0,0,0,0,0,0,0
919,2016,2,1,0,0,0,0,1,0,1,0
919,2017,2,1,1,0,0,0,1,0,0,0
919,2018,1,0,0,0,0,0,1,0,0,0
920,2011,2,2,0,0,0,0,0,0,2,0
920,2012,2,2,0,0,0,0,0,0,0,0
927,2019,2,2,0,0,0,0,0,0,0,0
934,2016,2,2,0,0,0,0,0,0,0,0
934,2017,1,0,0,0,0,0,1,0,0,0
934,2018,3,3,2,0,0,0,0,0,1,0
939,2018,4,3,0,0,0,0,0,0,0,0
940,2025,2,2,0,0,0,0,0,0,0,0
940,2026,5,5,0,0,0,0,0,0,2,0
943,2023,1,1,0,0,0,0,0,0,1,0
946,2024,3,3,0,0,0,0,0,0,1,0
946,2025,2,2,0,0,0,0,0,0,0,0
947,2019,7,6,3,1,0,0,1,0,0,0
947,2025,3,3,1,0,0,0,0,0,0,0
947,2026,6,6,3,1,0,0,0,0,0,0
956,2024,1,0,0,0,0,0,1,0,0,0
962,2012,5,4,1,1,0,0,1,0,1,0
967,2025,1,1,1,0,0,0,0,0,0,0
968,2024,1,0,0,0,0,0,1,0,0,0
968,2025,2,2,1,0,0,0,0,0,0,0
969,2019,1,1,1,0,0,1,0,0,0,0
978,2025,1,1,1,0,0,0,0,0,0,0
984,2026,2,2,1,0,0,0,0,0,0,0
986,2018,2,1,1,0,0,0,1,0,0,0
986,2019,1,1,1,0,0,0,0,0,0,0
986,2021,5,5,2,0,0,0,0,0,0,0
986,2022,7,6,2,0,0,1,1,0,2,0
986,2023,2,1,0,0,0,0,1,0,0,0
986,2025,1,1,0,0,0,0,0,0,1,0
988,2013,2,2,0,0,0,0,0,0,0,0
1009,2012,4,4,1,0,0,0,0,0,1,0
1009,2013,10,10,4,1,0,0,0,0,2,0
1009,2015,2,2,1,0,0,1,0,0,0,0
1009,2017,1,1,0,0,0,0,0,0,0,0
1027,2013,1,1,1,0,0,0,0,0,0,0
1027,2016,2,2,0,0,0,0,0,0,0,0
1032,2017,2,2,1,0,0,0,0,0,0,0
1035,2013,1,1,1,1,0,0,0,0,0,0
1036,2026,1,1,0,0,0,0,0,0,0,0
1070,2011,3,3,1,0,0,0,0,0,0,0
1070,2012,6,6,1,0,0,0,0,0,1,0
1081,2022,1,0,0,0,0,0,1,0,0,0
1087,2017,3,3,1,0,0,0,0,0,0,0
1095,2013,4,4,0,0,0,0,0,0,1,0
1106,2014,3,2,1,0,0,0,1,0,0,0
1119,2025,1,1,0,0,0,0,0,0,0,0
1119,2026,1,1,0,0,0,0,0,0,1,0
1140,2018,3,0,0,0,0,0,3,0,0,0
1140,2025,1,1,0,0,0,0,0,0,0,0
1145,2013,2,1,0,0,0,0,1,0,0,0
1145,2016,1,1,1,0,0,0,0,0,0,0
1145,2017,2,2,2,1,0,0,0,0,0,0
1176,2025,1,1,0,0,0,0,0,0,0,0
1181,2012,1,1,0,0,0,0,0,0,0,0
1193,2026,1,1,0,0,0,0,0,0,0,0
1197,2016,1,1,0,0,0,0,0,0,0,0
1197,2019,1,1,0,0,0,0,0,0,0,0
1197,2024,2,2,0,0,0,0,0,0,1,0
1197,2025,1,1,0,0,0,0,0,0,0,0
1200,2015,2,2,0,0,0,0,0,0,0,0
1200,2016,1,1,0,0,0,0,0,0,0,0
1200,2018,2,2,0,0,0,0,0,0,1,0
1204,2015,3,3,1,0,0,0,0,0,0,0
1204,2016,2,2,1,0,0,1,0,0,0,0
1204,2017,3,3,0,0,0,0,0,0,0,0
1204,2021,3,3,1,0,0,0,0,0,1,0
1206,2015,2,2,0,0,0,0,0,0,1,0
1206,2016,1,1,0,0,0,0,0,0,0,0
1206,2017,1,1,1,0,0,0,0,0,0,0
1214,2012,2,2,0,0,0,0,0,0,0,0
1214,2015,2,1,0,0,0,0,0,0,0,1
1214,2017,1,1,1,0,0,0,0,0,0,0
1215,2016,2,2,0,0,0,0,0,0,0,0
1215,2017,1,1,0,0,0,0,0,0,0,0
1215,2018,1,1,1,1,0,0,0,0,0,0
1216,2017,1,1,1,0,0,0,0,0,0,0
1216,2018,3,3,1,0,0,0,0,0,0,0
1216,2022,1,0,0,0,0,0,1,0,0,0
1222,2018,2,2,1,0,0,0,0,0,0,0
1223,2023,1,1,0,0,0,0,0,0,1,0
1223,2024,3,3,1,0,0,0,0,0,0,0
1229,2022,4,4,0,0,0,0,0,0,2,0
1229,2023,3,3,0,0,0,0,0,0,2,0
1232,2017,2,2,0,0,0,0,0,0,1,0
1238,2023,2,2,0,0,0,0,0,0,2,0
1238,2024,3,3,2,0,0,0,0,0,0,0
1238,2025,6,5,0,0,0,0,1,0,1,0
1238,2026,3,2,0,0,0,0,1,0,1,0
1257,2022,8,6,3,0,0,0,2,0,0,0
1257,2023,1,1,0,0,0,0,0,0,1,0
1257,2025,4,3,0,0,0,0,1,0,1,0
1257,2026,1,0,0,0,0,0,1,0,0,0
1258,2023,1,1,1,0,0,0,0,0,0,0
1258,2025,1,1,0,0,0,0,0,0,0,0
1269,2024,1,1,0,0,0,0,0,0,0,0
1269,2025,1,1,0,0,0,0,0,0,1,0
1274,2019,1,1,1,0,0,0,0,0,0,0
1274,2024,1,1,1,0,0,1,0,0,0,0
1283,2019,2,2,1,0,0,0,0,0,0,0
1283,2020,2,1,0,0,0,0,1,0,0,0
1284,2021,1,1,1,0,0,0,0,0,0,0
1289,2012,1,1,1,0,0,0,0,0,0,0
1289,2015,1,1,1,0,0,1,0,0,0,0
1289,2017,1,0,0,0,0,0,1,0,0,0
1296,2021,1,0,0,0,0,0,1,0,0,0
1309,2018,1,1,0,0,0,0,0,0,0,0
1311,2022,3,2,1,0,0,0,1,0,0,0
1311,2023,1,1,0,0,0,0,0,0,0,0
1311,2024,1,1,0,0,0,0,0,0,1,0
1333,2023,1,0,0,0,0,0,1,0,0,0
1337,2015,1,1,1,1,0,0,0,0,0,0
1337,2019,1,1,0,0,0,0,0,0,1,0
1348,2025,1,1,0,0,0,0,0,0,0,0
1355,2015,10,10,3,2,0,0,0,0,2,0
1355,2019,5,5,1,0,0,1,0,0,0,0
1355,2024,7,7,3,0,0,0,0,0,0,0
1365,2019,1,1,0,0,0,0,0,0,0,0
1368,2011,2,2,0,0,0,0,0,0,1,0
1368,2012,2,2,1,0,0,0,0,0,0,0
1368,2013,1,1,0,0,0,0,0,0,0,0
1368,2017,1,1,1,0,0,1,0,0,0,0
1377,2012,1,1,0,0,0,0,0,0,1,0
1433,2012,2,2,1,0,0,0,0,0,1,0
1433,2016,1,1,1,1,0,0,0,0,0,0
1472,2026,1,1,0,0,0,0,0,0,0,0
1474,2022,6,5,1,0,0,1,1,0,1,0
1474,2025,3,3,1,1,0,0,0,0,0,0
1477,2013,4,4,1,0,0,0,0,0,2,0
1477,2014,8,8,0,0,0,0,0,0,1,0
1477,2015,4,4,1,0,0,0,0,0,1,0
1477,2016,6,4,2,0,0,0,2,0,1,0
1477,2019,3,3,1,0,0,0,0,0,0,0
1478,2014,4,4,2,0,0,0,0,0,0,0
1481,2019,1,1,0,0,0,0,0,0,0,0
1495,2013,8,8,1,0,0,0,0,0,1,0
1495,2014,3,3,3,1,0,0,0,0,0,0
1495,2015,4,4,0,0,0,0,0,0,0,0
1496,2020,2,2,0,0,0,0,0,0,0,0
1496,2021,3,3,1,0,0,0,0,0,1,0
1496,2025,6,5,0,0,0,0,1,0,0,0
1514,2011,7,7,4,0,0,1,0,0,0,0
1514,2012,7,7,1,0,0,0,0,0,1,0
1514,2015,4,4,2,0,0,0,0,0,0,0
1514,2020,5,5,1,0,0,1,0,0,1,0
1514,2021,3,3,1,0,0,1,0,0,1,0
1514,2022,3,3,0,0,0,0,0,0,0,0
1515,2021,1,1,0,0,0,0,0,0,1,0
1518,2016,1,0,0,0,0,0,1,0,0,0
1518,2017,3,3,2,1,0,1,0,0,0,0
1518,2018,3,3,1,0,0,0,0,0,0,0
1518,2019,3,3,1,0,0,0,0,0,1,0
1518,2021,3,3,0,0,0,0,0,0,1,0
1518,2022,3,3,2,0,0,1,0,0,0,0
1530,2021,2,1,0,0,0,0,0,0,0,1
1536,2025,1,1,1,1,0,0,0,0,0,0
1541,2022,3,3,1,0,0,0,0,0,1,0
1541,2023,2,2,1,0,0,1,0,0,0,0
1541,2024,2,2,0,0,0,0,0,0,1,0
1541,2025,1,1,1,0,0,1,0,0,0,0
1551,2025,2,2,2,1,0,0,0,0,0,0
1551,2026,6,6,0,0,0,0,0,0,1,0
1556,2012,8,6,1,1,0,0,1,0,2,1
1556,2013,3,3,2,0,0,0,0,0,0,0
1561,2013,1,1,0,0,0,0,0,0,0,0
1562,2024,6,5,0,0,0,0,1,0,2,0
1563,2026,3,3,1,0,0,0,0,0,0,0
1567,2012,3,3,2,1,0,0,0,0,0,0
1567,2013,2,2,0,0,0,0,0,0,0,0
1575,2025,2,2,1,0,0,0,0,0,0,0
1578,2021,1,1,0,0,0,0,0,0,0,0
1583,2011,1,1,1,1,0,0,0,0,0,0
1583,2013,1,1,0,0,0,0,0,0,0,0
1583,2014,1,1,1,1,0,0,0,0,0,0
1598,2024,3,2,1,0,0,0,1,0,0,0
1599,2016,2,2,0,0,0,0,0,0,0,0
1599,2017,3,3,0,0,0,0,0,0,1,0
1599,2018,3,2,1,0,0,1,1,0,0,0
1619,2013,1,1,0,0,0,0,0,0,0,0
1623,2025,1,1,0,0,0,0,0,0,0,0
1624,2018,1,1,0,0,0,0,0,0,1,0
1624,2019,6,6,1,0,0,0,0,0,0,0
1624,2020,1,1,0,0,0,0,0,0,0,0
1648,2022,3,3,2,1,0,0,0,0,1,0
1651,2024,2,2,0,0,0,0,0,0,1,0
1666,2016,1,1,0,0,0,0,0,0,0,0
1666,2018,7,6,1,0,0,0,0,0,2,0
1666,2019,6,4,0,0,0,0,2,0,2,0
1669,2012,10,10,1,0,0,0,0,0,4,0
1701,2026,2,2,1,0,0,0,0,0,0,0
1702,2016,1,1,0,0,0,0,0,0,0,0
1716,2023,1,1,0,0,0,0,0,0,1,0
1732,2012,3,3,2,0,0,0,0,0,0,0
1751,2019,2,1,0,0,0,0,1,0,0,0
1751,2020,3,3,1,0,0,0,0,0,0,0
1751,2024,10,9,2,0,0,1,1,0,2,0
1751,2025,3,3,2,0,0,0,0,0,0,0
1752,2024,4,4,0,0,0,0,0,0,2,0
1752,2025,3,3,1,0,0,0,0,0,0,0
1756,2022,1,1,0,0,0,0,0,0,0,0
1756,2023,1,1,0,0,0,0,0,0,0,0
1756,2024,1,1,0,0,0,0,0,0,0,0
1756,2026,1,1,0,0,0,0,0,0,0,0
1760,2024,3,3,2,2,0,0,0,0,1,0
1760,2025,2,1,0,0,0,0,0,0,0,1
1760,2026,3,3,2,0,0,0,0,0,0,0
1767,2013,6,6,2,0,0,0,0,0,0,0
1773,2012,3,3,1,0,1,0,0,0,0,0
1773,2014,3,2,1,0,0,0,1,0,0,0
1773,2015,1,1,1,1,0,0,0,0,0,0
1774,2019,1,1,0,0,0,0,0,0,0,0
1790,2014,1,1,0,0,0,0,0,0,0,0
1801,2013,6,6,2,0,0,0,0,0,0,0
1806,2011,7,6,3,0,0,0,1,0,1,0
1806,2012,3,3,1,0,0,1,0,0,0,0
1820,2014,7,6,2,0,0,0,1,0,1,0
1820,2015,6,6,1,0,0,0,0,0,0,0
1820,2016,4,4,2,0,0,0,0,0,0,0
1820,2018,7,7,5,0,0,1,0,0,0,0
1820,2019,3,3,0,0,0,0,0,0,1,0
1820,2022,5,3,0,0,0,0,2,0,0,0
1820,2024,3,3,1,0,0,0,0,0,0,0
1858,2015,4,3,1,0,0,0,0,0,1,1
1858,2017,19,17,8,2,0,1,1,1,2,0
1867,2025,2,2,2,1,0,1,0,0,0,0
1874,2015,1,1,0,0,0,0,0,0,0,0
1875,2021,1,1,0,0,0,0,0,0,0,0
1883,2018,2,2,0,0,0,0,0,0,1,0
1883,2019,2,2,0,0,0,0,0,0,0,0
1883,2021,1,1,0,0,0,0,0,0,0,0
1883,2022,1,1,0,0,0,0,0,0,0,0
1883,2024,1,0,0,0,0,0,1,0,0,0
1892,2021,3,3,1,1,0,0,0,0,1,0
1904,2012,1,1,1,1,0,0,0,0,0,0
1905,2023,3,3,1,0,0,0,0,0,2,0
1905,2024,7,7,2,0,0,0,0,0,2,0
1905,2025,9,9,1,0,0,0,0,0,5,0
1905,2026,7,7,2,0,0,1,0,0,2,0
1906,2025,3,3,1,0,0,0,0,0,0,0
1908,2017,1,1,1,0,0,0,0,0,0,0
1908,2018,2,2,1,1,0,0,0,0,0,0
1908,2022,2,2,0,0,0,0,0,0,1,0
1908,2023,2,2,0,0,0,0,0,0,0,0
1917,2020,3,3,0,0,0,0,0,0,0,0
1937,2019,3,3,2,0,0,1,0,0,0,0
1937,2021,5,5,2,0,0,0,0,0,0,0
1937,2022,3,2,1,0,0,1,1,0,0,0
1937,2024,4,4,0,0,0,0,0,0,1,0
1937,2025,3,3,1,0,0,0,0,0,1,0
1937,2026,3,2,1,0,0,0,1,0,1,0
1941,2024,1,1,1,0,0,1,0,0,0,0
1941,2025,3,3,0,0,0,0,0,0,0,0
1941,2026,6,6,0,0,0,0,0,0,1,0
1966,2019,2,2,1,0,0,0,0,0,0,0
1971,2011,4,4,1,1,0,0,0,0,0,0
1971,2013,3,3,2,1,0,0,0,0,0,0
1971,2016,9,8,2,1,0,0,1,0,1,0
1974,2015,1,1,1,0,0,0,0,0,0,0
1974,2024,1,1,1,0,0,0,0,0,0,0
1974,2025,1,1,0,0,0,0,0,0,0,0
1982,2013,1,0,0,0,0,0,1,0,0,0
1982,2014,1,1,0,0,0,0,0,0,0,0
1982,2015,1,1,0,0,0,0,0,0,0,0
1982,2016,1,0,0,0,0,0,0,0,0,1
1991,2012,1,1,0,0,0,0,0,0,0,0
1991,2013,1,1,0,0,0,0,0,0,0,0
1991,2016,1,1,0,0,0,0,0,0,0,0
1991,2017,1,1,1,0,0,0,0,0,0,0
1991,2018,1,1,0,0,0,0,0,0,1,0
1991,2019,1,1,1,0,0,0,0,0,0,0
1991,2023,3,3,1,0,0,0,0,0,0,0
2002,2016,1,1,1,0,0,0,0,0,0,0
2002,2021,1,1,1,0,0,0,0,0,0,0
2002,2022,3,3,0,0,0,0,0,0,1,0
2006,2013,3,3,1,0,0,0,0,0,1,0
2006,2021,3,3,1,0,0,0,0,0,1,0
2011,2013,4,4,1,0,0,0,0,0,1,0
2011,2014,12,12,4,2,0,0,0,0,3,0
2011,2015,4,4,2,0,0,0,0,0,0,0
2011,2017,8,6,0,0,0,0,1,0,1,1
2011,2018,7,7,2,0,0,0,0,0,1,0
2011,2019,5,5,1,0,0,1,0,0,0,0
2011,2024,1,1,1,0,0,0,0,0,0,0
2018,2012,3,3,0,0,0,0,0,0,0,0
2022,2013,4,4,2,0,0,0,0,0,0,0
2022,2014,6,6,2,0,0,0,0,0,1,0
2022,2015,6,6,3,0,0,0,0,0,0,0
2035,2019,3,3,0,0,0,0,0,0,1,0
2079,2018,1,1,0,0,0,0,0,0,0,0
2079,2019,2,1,0,0,0,0,1,0,0,0
2079,2024,2,2,0,0,0,0,0,0,0,0
2083,2016,1,0,0,0,0,0,1,0,0,0
2089,2012,1,1,0,0,0,0,0,0,0,0
2089,2014,1,1,0,0,0,0,0,0,0,0
2089,2016,4,4,0,0,0,0,0,0,0,0
2089,2017,3,3,0,0,0,0,0,0,1,0
2089,2021,4,4,1,1,0,0,0,0,1,0
2090,2021,2,2,0,0,0,0,0,0,1,0
2090,2022,1,1,1,0,0,0,0,0,0,0
2124,2023,1,1,0,0,0,0,0,0,0,0
2127,2019,1,1,1,0,0,1,0,0,0,0
2127,2021,3,3,0,0,0,0,0,0,0,0
2129,2014,1,1,1,0,0,0,0,0,0,0
2129,2017,4,4,2,0,0,1,0,0,1,0
2129,2018,1,1,1,0,0,0,0,0,0,0
2135,2025,2,2,0,0,0,0,0,0,2,0
2150,2012,1,1,1,0,0,0,0,0,0,0
2152,2016,1,1,1,1,0,0,0,0,0,0
2152,2017,3,3,1,0,0,0,0,0,1,0
2152,2018,6,6,1,0,0,0,0,0,1,0
2161,2011,2,2,1,0,0,0,0,0,0,0
2161,2012,2,2,1,1,0,0,0,0,0,0
2161,2014,1,1,1,1,0,0,0,0,0,0
2161,2015,2,2,0,0,0,0,0,0,0,0
2161,2017,2,2,2,0,0,0,0,0,0,0
2161,2019,1,1,0,0,0,0,0,0,0,0
2161,2021,1,1,0,0,0,0,0,0,0,0
2167,2012,2,2,1,0,0,0,0,0,0,0
2175,2017,6,6,3,0,0,0,0,0,1,0
2175,2021,3,3,0,0,0,0,0,0,0,0
2181,2020,5,5,0,0,0,0,0,0,1,0
2182,2013,1,1,0,0,0,0,0,0,0,0
2185,2011,1,1,0,0,0,0,0,0,0,0
2204,2018,1,1,1,0,0,1,0,0,0,0
2204,2019,1,1,1,0,0,0,0,0,0,0
2204,2021,1,1,0,0,0,0,0,0,0,0
2205,2011,3,3,1,0,0,0,0,0,0,0
2210,2022,1,0,0,0,0,0,1,0,0,0
2212,2016,3,2,0,0,0,0,0,0,1,1
2212,2021,7,6,2,0,0,0,1,0,0,0
2212,2022,3,2,0,0,0,0,1,0,0,0
2212,2026,3,3,0,0,0,0,0,0,0,0
2215,2012,1,1,1,0,0,0,0,0,0,0
2215,2014,2,2,0,0,0,0,0,0,0,0
2215,2018,1,1,0,0,0,0,0,0,0,0
2219,2018,2,1,0,0,0,0,1,0,0,0
2219,2019,4,4,1,0,0,1,0,0,1,0
2228,2011,3,3,0,0,0,0,0,0,0,0
2228,2012,3,2,1,1,0,0,1,0,0,0
2228,2014,4,4,3,1,0,0,0,0,0,0
2228,2015,2,2,0,0,0,0,0,0,0,0
2228,2016,1,1,0,0,0,0,0,0,0,0
2232,2014,1,0,0,0,0,0,1,0,0,0
2236,2015,1,1,0,0,0,0,0,0,1,0
2236,2016,1,0,0,0,0,0,1,0,0,0
2236,2017,1,1,1,0,0,0,0,0,0,0
2236,2021,2,1,0,0,0,0,1,0,0,0
2237,2013,14,14,5,1,0,0,0,0,2,0
2237,2014,3,3,2,1,0,0,0,0,0,0
2237,2017,3,3,1,0,0,0,0,0,0,0
2237,2018,3,3,0,0,0,0,0,0,2,0
2286,2024,5,4,0,0,0,0,1,0,1,0
2298,2013,2,2,1,1,0,0,0,0,0,0
2298,2014,2,2,0,0,0,0,0,0,1,0
2298,2015,1,1,0,0,0,0,0,0,0,0
2322,2012,4,3,1,1,0,0,1,0,1,0
2322,2016,2,2,1,0,0,0,0,0,0,0
2322,2017,4,4,0,0,0,0,0,0,2,0
2322,2022,3,3,0,0,0,0,0,0,1,0
2322,2023,3,2,0,0,0,0,1,0,1,0
2322,2025,3,3,0,0,0,0,0,0,1,0
2335,2019,1,1,1,0,0,0,0,0,0,0
2358,2012,11,9,1,0,0,0,2,0,0,0
2368,2019,1,1,0,0,0,0,0,0,0,0
2368,2020,2,2,0,0,0,0,0,0,2,0
2368,2021,2,2,0,0,0,0,0,0,0,0
2368,2022,3,1,1,0,0,1,2,0,0,0
2368,2023,2,1,1,0,0,1,1,0,0,0
2368,2024,3,3,0,0,0,0,0,0,2,0
2383,2016,2,2,0,0,0,0,0,0,0,0
2383,2017,9,8,1,0,0,1,1,0,0,0
2383,2021,1,0,0,0,0,0,1,0,0,0
2383,2022,2,2,0,0,0,0,0,0,1,0
2384,2013,2,2,2,0,0,0,0,0,0,0
2384,2014,1,1,0,0,0,0,0,0,0,0
2384,2015,1,1,0,0,0,0,0,0,0,0
2388,2016,2,1,0,0,0,0,1,0,1,0
2388,2018,1,1,0,0,0,0,0,0,0,0
2388,2026,1,1,0,0,0,0,0,0,0,0
2437,2022,3,3,1,1,0,0,0,0,1,0
2437,2023,2,2,1,0,0,0,0,0,0,0
2450,2020,2,2,1,1,0,0,0,0,1,0
2456,2025,3,2,0,0,0,0,1,0,0,0
2456,2026,3,2,1,0,0,0,1,0,0,0
2459,2021,1,1,0,0,0,0,0,0,1,0
2460,2024,5,5,2,1,0,0,0,0,2,0
2460,2025,2,2,1,0,0,0,0,0,0,0
2460,2026,3,3,1,0,0,0,0,0,1,0
2467,2024,2,1,0,0,0,0,1,0,1,0
2482,2013,1,1,1,0,0,0,0,0,0,0
2482,2014,2,2,0,0,0,0,0,0,0,0
2497,2025,2,2,0,0,0,0,0,0,1,0
2497,2026,1,0,0,0,0,0,1,0,0,0
2513,2023,1,1,1,0,0,0,0,0,0,0
2513,2024,1,1,0,0,0,0,0,0,1,0
2518,2022,3,1,0,0,0,0,1,0,1,1
2518,2026,2,2,0,0,0,0,0,0,1,0
2525,2012,3,3,0,0,0,0,0,0,1,0
2525,2013,3,3,1,0,0,0,0,0,1,0
2525,2022,3,3,1,0,0,0,0,0,1,0
2525,2023,1,1,1,0,0,0,0,0,0,0
2547,2023,1,1,0,0,0,0,0,0,0,0
2552,2018,1,1,1,1,0,0,0,0,0,0
2555,2026,1,1,0,0,0,0,0,0,0,0
2560,2022,1,1,1,0,0,0,0,0,0,0
2584,2024,2,2,0,0,0,0,0,0,0,0
2584,2025,1,1,1,0,0,0,0,0,0,0
2589,2022,1,1,0,0,0,0,0,0,0,0
2590,2013,3,3,0,0,0,0,0,0,1,0
2590,2014,6,6,3,0,0,1,0,0,1,0
2590,2015,4,4,1,0,0,0,0,0,0,0
2604,2025,2,1,0,0,0,0,0,0,0,1
2606,2012,4,3,0,0,0,0,1,0,1,0
2606,2013,13,12,2,0,0,0,1,0,4,0
2606,2014,6,5,1,1,0,0,1,0,1,0
2606,2016,9,7,2,0,0,0,2,0,0,0
2606,2017,6,5,2,1,0,0,1,0,0,0
2606,2021,3,1,0,0,0,0,1,1,1,0
2606,2024,3,3,1,0,0,0,0,0,0,0
2671,2025,2,1,1,0,0,1,1,0,0,0
2687,2022,6,6,5,1,0,1,0,0,0,0
2690,2013,3,3,0,0,0,0,0,0,1,0
2690,2014,2,2,0,0,0,0,0,0,1,0
2690,2015,2,2,0,0,0,0,0,0,0,0
2690,2016,2,2,0,0,0,0,0,0,0,0
2690,2018,1,1,0,0,0,0,0,0,0,0
2690,2021,1,1,0,0,0,0,0,0,0,0
2692,2020,4,4,3,2,0,0,0,0,0,0
2692,2022,3,3,2,1,0,1,0,0,0,0
2722,2014,2,1,1,0,0,0,0,1,0,0
2727,2012,1,1,0,0,0,0,0,0,0,0
2727,2014,1,1,0,0,0,0,0,0,0,0
2731,2025,13,13,3,0,0,2,0,0,4,0
2731,2026,5,3,1,0,0,1,2,0,1,0
2749,2013,4,4,2,0,0,0,0,0,2,0
2754,2013,3,2,0,0,0,0,0,1,0,0
2762,2013,1,1,0,0,0,0,0,0,0,0
2762,2014,3,3,2,0,0,0,0,0,0,0
2762,2015,6,5,0,0,0,0,0,0,2,1
2763,2014,1,1,0,0,0,0,0,0,0,0
2763,2015,1,1,1,0,0,0,0,0,0,0
2776,2012,3,3,1,0,0,0,0,0,0,0
2776,2014,1,0,0,0,0,0,0,1,0,0
2776,2015,1,1,0,0,0,0,0,0,0,0
2776,2016,1,1,0,0,0,0,0,0,0,0
2782,2022,2,2,1,0,0,0,0,0,0,0
2782,2023,1,1,0,0,0,0,0,0,1,0
2790,2025,1,0,0,0,0,0,1,0,0,0
2790,2026,1,1,0,0,0,0,0,0,1,0
2810,2011,3,3,0,0,0,0,0,0,0,0
2810,2013,6,5,2,1,0,0,0,0,0,1
2840,2015,1,1,0,0,0,0,0,0,0,0
2840,2016,2,1,1,1,0,0,1,0,0,0
2840,2018,1,0,0,0,0,0,1,0,0,0
2844,2021,3,3,0,0,0,0,0,0,0,0
2844,2022,6,4,2,0,0,1,1,1,1,0
2844,2023,5,4,2,0,0,0,1,0,0,0
2844,2024,5,5,2,0,0,1,0,0,2,0
2844,2025,2,2,0,0,0,0,0,0,1,0
2844,2026,8,8,3,0,0,0,0,0,3,0
2847,2012,3,2,0,0,0,0,1,0,0,0
2847,2014,1,1,1,0,0,0,0,0,0,0
2847,2015,3,2,1,1,0,0,1,0,0,0
2847,2016,3,3,0,0,0,0,0,0,1,0
2847,2018,3,2,0,0,0,0,1,0,0,0
2847,2019,3,3,1,0,0,0,0,0,0,0
2850,2022,1,1,1,1,0,0,0,0,0,0
2850,2026,1,1,0,0,0,0,0,0,0,0
2878,2016,1,1,0,0,0,0,0,0,0,0
2878,2017,2,2,0,0,0,0,0,0,1,0
2878,2018,1,1,0,0,0,0,0,0,0,0
2878,2022,1,0,0,0,0,0,0,1,0,0
2885,2017,1,1,0,0,0,0,0,0,0,0
2911,2012,6,5,0,0,0,0,0,0,0,0
2911,2013,3,2,0,0,0,0,0,0,1,0
2911,2014,7,7,2,1,0,0,0,0,0,0
2911,2015,6,6,2,0,0,1,0,0,1,0
2911,2016,3,3,2,0,0,0,0,0,1,0
2914,2012,2,2,1,0,0,0,0,0,1,0
2914,2014,1,1,1,0,0,0,0,0,0,0
2914,2016,2,2,0,0,0,0,0,0,1,0
2914,2019,1,1,0,0,0,0,0,0,0,0
2914,2020,1,1,0,0,0,0,0,0,0,0
2914,2021,2,1,1,0,0,0,0,0,0,1
2914,2024,1,1,1,1,0,0,0,0,0,0
2929,2012,2,2,0,0,0,0,0,0,0,0
2957,2021,1,1,0,0,0,0,0,0,0,0
2968,2012,1,0,0,0,0,0,0,1,0,0
2968,2021,1,1,1,0,0,0,0,0,0,0
2969,2025,2,1,0,0,0,0,1,0,0,0
2969,2026,2,2,0,0,0,0,0,0,2,0
2977,2024,1,1,0,0,0,0,0,0,0,0
2977,2025,1,1,0,0,0,0,0,0,0,0
2977,2026,4,4,4,0,1,0,0,0,0,0
2987,2013,6,5,2,0,0,0,1,0,1,0
2987,2014,1,1,1,0,0,0,0,0,0,0
2987,2015,1,1,0,0,0,0,0,0,0,0
2987,2016,1,1,0,0,0,0,0,0,0,0
2987,2017,1,1,1,0,0,1,0,0,0,0
2987,2021,1,0,0,0,0,0,1,0,0,0
2996,2011,1,1,0,0,0,0,0,0,0,0
3000,2013,4,4,1,0,0,0,0,0,1,0
3000,2015,6,4,1,0,0,0,1,0,1,0
3004,2025,2,2,1,0,0,0,0,0,0,0
3004,2026,1,1,0,0,0,0,0,0,1,0
3006,2019,2,2,0,0,0,0,0,0,1,0
3033,2018,3,3,1,1,0,0,0,0,0,0
3033,2019,1,1,0,0,0,0,0,0,0,0
3047,2025,1,0,0,0,0,0,1,0,0,0
3047,2026,1,1,0,0,0,0,0,0,1,0
3070,2013,1,0,0,0,0,0,0,0,0,0
3070,2014,1,1,0,0,0,0,0,0,0,0
3070,2015,1,1,0,0,0,0,0,0,0,0
3073,2014,4,4,2,0,0,0,0,0,0,0
3073,2015,6,6,3,1,0,0,0,0,0,0
3073,2016,2,1,1,1,0,0,1,0,0,0
3073,2017,3,3,1,0,0,0,0,0,0,0
3073,2018,6,5,2,1,0,0,1,0,0,0
3073,2019,6,6,1,0,0,1,0,0,1,0
3080,2015,3,3,2,2,0,0,0,0,0,0
3080,2017,1,1,0,0,0,0,0,0,0,0
3080,2019,1,1,1,0,0,1,0,0,0,0
3080,2021,2,1,1,0,0,0,1,0,0,0
3080,2022,1,1,0,0,0,0,0,0,0,0
3081,2021,3,3,1,0,0,0,0,0,0,0
3086,2011,1,1,1,0,0,0,0,0,0,0
3086,2013,1,1,0,0,0,0,0,0,0,0
3086,2018,1,1,0,0,0,0,0,0,0,0
3088,2015,2,2,0,0,0,0,0,0,0,0
3088,2016,6,6,1,0,0,0,0,0,0,0
3088,2017,3,3,2,1,0,0,0,0,1,0
3088,2018,3,3,2,0,0,0,0,0,0,0
3104,2021,4,2,2,0,0,0,2,0,0,0
3104,2022,6,6,2,1,0,1,0,0,1,0
3104,2023,3,3,1,0,0,1,0,0,1,0
3104,2024,8,5,2,0,0,0,3,0,0,0
3104,2025,1,1,1,0,0,1,0,0,0,0
3106,2019,1,1,1,0,0,0,0,0,0,0
3106,2021,3,3,0,0,0,0,0,0,0,0
3108,2012,1,1,1,1,0,0,0,0,0,0
3126,2023,1,1,0,0,0,0,0,0,1,0
3126,2024,1,1,0,0,0,0,0,0,1,0
3126,2025,4,4,2,0,0,0,0,0,0,0
3131,2012,2,2,2,0,0,0,0,0,0,0
3154,2015,2,1,0,0,0,0,0,1,1,0
3154,2016,4,4,1,1,0,0,0,0,0,0
3154,2018,1,1,0,0,0,0,0,0,0,0
3158,2026,2,2,1,1,0,0,0,0,0,0
3189,2011,1,1,0,0,0,0,0,0,0,0
3194,2020,1,1,0,0,0,0,0,0,1,0
3194,2021,2,2,1,0,0,0,0,0,0,0
3194,2023,1,1,0,0,0,0,0,0,0,0
3194,2025,2,2,0,0,0,0,0,0,1,0
3197,2015,1,0,0,0,0,0,1,0,0,0
3224,2012,1,1,0,0,0,0,0,0,1,0
3225,2025,2,2,1,0,0,0,0,0,0,0
3231,2014,6,6,1,0,0,1,0,0,0,0
3231,2015,9,7,2,0,0,0,2,0,1,0
3231,2016,1,1,1,1,0,0,0,0,0,0
3231,2019,1,1,0,0,0,0,0,0,0,0
3236,2017,1,1,1,1,0,0,0,0,0,0
3276,2026,3,2,1,0,0,0,1,0,0,0
3280,2025,1,1,1,0,0,0,0,0,0,0
3283,2025,1,1,1,0,0,0,0,0,0,0
3286,2011,3,3,1,0,0,0,0,0,0,0
3286,2015,7,6,1,0,0,0,1,0,1,0
3286,2016,3,3,0,0,0,0,0,0,1,0
3286,2018,3,3,3,1,0,2,0,0,0,0
3286,2021,4,4,1,0,0,1,0,0,1,0
3286,2022,5,5,2,1,0,0,0,0,0,0
3286,2023,5,5,2,0,0,2,0,0,1,0
3286,2024,7,7,4,0,0,2,0,0,1,0
3286,2025,6,6,2,0,0,0,0,0,0,0
3286,2026,3,3,0,0,0,0,0,0,2,0
3291,2023,4,2,0,0,0,0,2,0,2,0
3291,2024,2,1,0,0,0,0,1,0,1,0
3291,2025,2,2,0,0,0,0,0,0,0,0
3291,2026,1,0,0,0,0,0,1,0,0,0
3302,2011,1,1,0,0,0,0,0,0,1,0
3302,2013,1,0,0,0,0,0,1,0,0,0
3311,2016,3,3,2,0,1,0,0,0,0,0
3316,2021,5,4,2,0,0,1,1,0,1,0
3325,2017,1,1,0,0,0,0,0,0,0,0
3325,2022,1,1,1,0,0,1,0,0,0,0
3336,2020,1,1,0,0,0,0,0,0,0,0
3336,2023,1,1,0,0,0,0,0,0,0,0
3336,2024,2,2,0,0,0,0,0,0,0,0
3336,2025,2,2,1,0,0,0,0,0,0,0
3338,2024,6,6,1,0,0,0,0,0,1,0
3344,2025,1,1,0,0,0,0,0,0,0,0
3344,2026,1,1,0,0,0,0,0,0,1,0
3347,2011,1,1,1,0,0,0,0,0,0,0
3347,2012,9,8,3,0,0,0,0,0,1,1
3347,2015,3,2,0,0,0,0,1,0,0,0
3347,2016,3,3,1,1,0,0,0,0,0,0
3347,2017,3,3,0,0,0,0,0,0,0,0
3347,2018,6,5,2,0,0,0,1,0,0,0
3347,2019,2,1,1,0,0,0,1,0,0,0
3360,2020,1,1,0,0,0,0,0,0,0,0
3360,2021,1,1,1,0,0,1,0,0,0,0
3361,2025,3,3,2,1,0,0,0,0,1,0
3379,2023,3,2,0,0,0,0,1,0,0,0
3379,2024,1,1,0,0,0,0,0,0,1,0
3391,2024,3,3,1,0,0,0,0,0,0,0
3394,2017,1,0,0,0,0,0,0,1,0,0
3394,2018,1,1,0,0,0,0,0,0,1,0
3404,2015,1,1,1,0,0,0,0,0,0,0
3404,2016,1,1,0,0,0,0,0,0,0,0
3404,2019,1,0,0,0,0,0,1,0,0,0
3404,2021,1,1,0,0,0,0,0,0,1,0
3410,2013,1,1,0,0,0,0,0,0,0,0
3411,2014,3,3,3,1,0,0,0,0,0,0
3411,2015,3,3,1,1,0,0,0,0,0,0
3411,2016,1,1,0,0,0,0,0,0,0,0
3411,2017,2,2,0,0,0,0,0,0,0,0
3411,2018,1,1,0,0,0,0,0,0,1,0
3416,2026,1,1,0,0,0,0,0,0,0,0
3422,2023,1,1,0,0,0,0,0,0,0,0
3428,2025,3,3,1,1,0,0,0,0,1,0
3428,2026,2,2,0,0,0,0,0,0,1,0
3434,2016,2,2,1,0,0,0,0,0,0,0
3438,2019,2,2,0,0,0,0,0,0,1,0
3440,2012,3,1,0,0,0,0,2,0,0,0
3440,2014,1,1,1,0,0,0,0,0,0,0
3440,2015,1,1,0,0,0,0,0,0,0,0
3440,2016,1,1,0,0,0,0,0,0,0,0
3444,2024,3,3,2,0,0,0,0,0,0,0
3444,2026,3,3,2,2,0,0,0,0,0,0
3447,2024,1,1,0,0,0,0,0,0,0,0
3447,2025,1,1,1,0,0,0,0,0,0,0
3449,2024,2,2,1,0,0,0,0,0,1,0
3449,2025,1,1,1,0,0,1,0,0,0,0
3453,2025,2,1,0,0,0,0,1,0,1,0
3453,2026,1,1,0,0,0,0,0,0,1,0
3467,2025,1,1,1,0,0,0,0,0,0,0
3476,2025,1,1,0,0,0,0,0,0,0,0
3476,2026,1,1,0,0,0,0,0,0,1,0
3481,2018,1,1,0,0,0,0,0,0,0,0
3481,2019,1,1,0,0,0,0,0,0,0,0
3481,2022,6,6,3,1,0,1,0,0,0,0
3481,2025,3,3,1,1,0,0,0,0,0,0
3481,2026,3,3,1,0,0,1,0,0,1,0
3483,2021,1,1,0,0,0,0,0,0,0,0
3497,2013,1,1,1,0,0,0,0,0,0,0
3497,2015,1,1,1,1,0,0,0,0,0,0
3497,2016,2,2,1,1,0,0,0,0,0,0
3497,2017,2,2,1,1,0,0,0,0,0,0
3498,2012,3,3,1,0,0,0,0,0,1,0
3498,2018,3,3,1,0,0,0,0,0,0,0
3498,2019,11,10,4,0,0,1,1,0,2,0
3501,2013,3,3,0,0,0,0,0,0,0,0
3514,2018,1,1,0,0,0,0,0,0,0,0
3514,2019,1,1,1,0,0,0,0,0,0,0
3521,2015,2,1,0,0,0,0,1,0,0,0
3521,2016,3,1,0,0,0,0,0,1,0,1
3523,2023,1,1,0,0,0,0,0,0,1,0
3523,2026,3,3,0,0,0,0,0,0,1,0
3535,2026,2,2,1,0,0,0,0,0,0,0
3536,2011,1,1,0,0,0,0,0,0,0,0
3546,2013,4,4,3,0,0,0,0,0,0,0
3546,2017,3,3,0,0,0,0,0,0,0,0
3546,2018,8,8,2,0,0,0,0,0,2,0
3557,2019,3,3,0,0,0,0,0,0,2,0
3557,2023,4,4,3,0,0,0,0,0,1,0
3557,2024,3,3,0,0,0,0,0,0,2,0
3557,2025,6,6,3,0,0,1,0,0,0,0
3565,2021,3,2,1,1,0,0,1,0,0,0
3574,2017,3,2,0,0,0,0,1,0,1,0
3574,2021,6,6,3,1,0,0,0,0,0,0
3574,2022,16,14,2,0,0,0,2,0,0,0
3574,2024,6,5,1,0,0,0,1,0,0,0
3574,2025,2,2,0,0,0,0,0,0,0,0
3580,2020,1,1,0,0,0,0,0,0,1,0
3580,2022,1,1,0,0,0,0,0,0,0,0
3580,2024,1,1,1,0,0,0,0,0,0,0
3596,2012,3,3,1,1,0,0,0,0,0,0
3597,2025,1,1,0,0,0,0,0,0,1,0
3597,2026,2,1,0,0,0,0,1,0,0,0
3598,2016,1,1,0,0,0,0,0,0,0,0
3602,2022,1,1,0,0,0,0,0,0,0,0
3602,2023,1,1,0,0,0,0,0,0,1,0
3602,2024,1,0,0,0,0,0,1,0,0,0
3602,2026,1,1,0,0,0,0,0,0,0,0
3607,2021,6,6,2,1,0,0,0,0,0,0
3612,2018,5,5,2,0,0,1,0,0,0,0
3612,2019,1,1,0,0,0,0,0,0,0,0
3655,2021,1,1,1,0,0,1,0,0,0,0
3655,2022,1,1,0,0,0,0,0,0,1,0
3677,2024,5,5,1,0,0,0,0,0,2,0
3677,2025,3,3,1,0,0,0,0,0,0,0
3680,2012,1,1,1,0,0,0,0,0,0,0
3680,2014,1,1,0,0,0,0,0,0,0,0
3703,2013,6,5,0,0,0,0,0,0,1,1
3703,2014,3,3,1,0,0,0,0,0,0,0
3724,2020,3,3,0,0,0,0,0,0,1,0
3724,2025,6,5,2,0,0,1,1,0,1,0
3724,2026,3,3,0,0,0,0,0,0,2,0
3731,2012,1,1,1,1,0,0,0,0,0,0
3731,2017,1,1,0,0,0,0,0,0,0,0
3744,2021,1,1,0,0,0,0,0,0,1,0
3744,2022,1,0,0,0,0,0,1,0,0,0
3747,2012,4,4,2,1,0,0,0,0,0,0
3748,2013,5,4,2,0,0,0,0,0,0,0
3748,2014,1,1,0,0,0,0,0,0,0,0
3749,2024,3,2,1,0,0,0,1,0,0,0
3749,2025,6,6,2,0,0,1,0,0,1,0
3758,2018,1,1,0,0,0,0,0,0,0,0
3758,2019,1,0,0,0,0,0,1,0,0,0
3760,2021,2,2,1,0,0,0,0,0,0,0
3766,2026,1,1,0,0,0,0,0,0,0,0
3773,2023,2,1,0,0,0,0,1,0,1,0
3784,2017,1,0,0,0,0,0,1,0,0,0
3784,2024,5,5,0,0,0,0,0,0,2,0
3785,2017,3,3,1,1,0,0,0,0,0,0
3785,2018,3,3,1,0,0,0,0,0,0,0
3785,2021,1,1,1,1,0,0,0,0,0,0
3785,2022,1,1,1,0,0,0,0,0,0,0
3785,2026,2,2,0,0,0,0,0,0,1,0
3791,2021,1,0,0,0,0,0,1,0,0,0
3793,2013,2,2,2,1,0,1,0,0,0,0
3793,2014,1,1,1,0,0,0,0,0,0,0
3803,2022,3,3,2,1,0,0,0,0,0,0
3803,2025,3,3,1,0,0,0,0,0,0,0
3803,2026,2,2,0,0,0,0,0,0,0,0
3827,2017,1,1,0,0,0,0,0,0,0,0
3827,2023,1,1,1,0,0,1,0,0,0,0
3834,2011,5,5,1,0,0,0,0,0,2,0
3834,2012,10,10,2,0,0,0,0,0,1,0
3834,2013,4,4,1,0,0,0,0,0,2,0
3834,2015,12,12,4,1,0,0,0,0,1,0
3834,2016,4,4,1,0,0,0,0,0,0,0
3834,2017,5,3,2,0,0,0,2,0,0,0
3835,2020,6,5,2,0,0,1,1,0,1,0
3835,2021,3,2,0,0,0,0,1,0,0,0
3835,2023,3,3,0,0,0,0,0,0,2,0
3835,2025,3,3,1,1,0,0,0,0,0,0
3845,2019,2,1,1,0,0,0,1,0,0,0
3845,2021,1,1,0,0,0,0,0,0,0,0
3859,2021,1,1,0,0,0,0,0,0,0,0
3860,2026,1,1,0,0,0,0,0,0,1,0
3870,2013,2,2,1,0,0,0,0,0,1,0
3876,2011,3,3,0,0,0,0,0,0,1,0
3876,2012,1,1,0,0,0,0,0,0,0,0
3876,2017,2,2,1,0,0,0,0,0,0,0
3876,2018,1,0,0,0,0,0,1,0,0,0
3878,2011,3,2,0,0,0,0,0,0,0,1
3878,2012,11,11,6,1,0,0,0,0,1,0
3878,2016,6,6,3,0,0,0,0,0,0,0
3878,2017,6,5,2,0,0,0,1,0,0,0
3880,2021,1,1,0,0,0,0,0,0,0,0
3889,2017,1,1,0,0,0,0,0,0,0,0
3889,2019,1,1,0,0,0,0,0,0,1,0
3889,2020,1,1,1,0,0,0,0,0,0,0
3889,2023,1,1,0,0,0,0,0,0,0,0
3889,2024,3,3,1,0,0,0,0,0,0,0
3889,2025,1,1,1,0,0,0,0,0,0,0
3904,2020,1,1,1,0,0,0,0,0,0,0
3904,2025,3,3,1,1,0,0,0,0,1,0
3904,2026,1,1,1,0,0,1,0,0,0,0
3906,2025,1,0,0,0,0,0,1,0,0,0
3909,2015,1,1,0,0,0,0,0,0,0,0
3909,2024,1,1,1,1,0,0,0,0,0,0
3918,2018,2,2,2,0,0,0,0,0,0,0
3932,2016,2,2,0,0,0,0,0,0,1,0
3935,2022,3,3,1,1,0,0,0,0,1,0
3935,2023,3,3,2,0,0,0,0,0,0,0
3938,2024,1,0,0,0,0,0,1,0,0,0
3945,2017,5,5,1,0,0,0,0,0,0,0
3950,2021,2,2,0,0,0,0,0,0,0,0
3951,2011,3,3,0,0,0,0,0,0,0,0
3951,2012,2,2,0,0,0,0,0,0,0,0
3951,2013,10,9,4,1,0,0,1,0,0,0
3966,2012,1,1,0,0,0,0,0,0,0,0
3968,2016,6,6,2,1,0,0,0,0,3,0
3968,2017,3,3,0,0,0,0,0,0,0,0
3968,2021,3,3,2,0,0,1,0,0,1,0
3968,2025,6,5,1,1,0,0,1,0,2,0
3969,2017,6,6,3,1,0,0,0,0,0,0
3969,2018,3,3,0,0,0,0,0,0,0,0
3969,2019,1,1,0,0,0,0,0,0,0,0
3970,2012,1,0,0,0,0,0,1,0,0,0
3970,2019,2,1,0,0,0,0,1,0,1,0
3975,2016,2,2,0,0,0,0,0,0,0,0
3975,2017,2,2,0,0,0,0,0,0,1,0
3982,2015,1,1,0,0,0,0,0,0,0,0
3982,2016,1,1,0,0,0,0,0,0,0,0
3998,2018,4,4,0,0,0,0,0,0,2,0
3998,2021,4,4,0,0,0,0,0,0,1,0
3998,2022,2,2,0,0,0,0,0,0,0,0
4003,2012,3,3,2,0,0,0,0,0,0,0
4003,2014,2,2,1,0,1,0,0,0,0,0
4018,2023,1,1,1,0,0,1,0,0,0,0
4026,2025,1,1,0,0,0,0,0,0,0,0
4029,2013,2,2,1,1,0,0,0,0,0,0
4029,2014,7,7,1,0,0,0,0,0,0,0
4029,2015,3,3,2,0,0,0,0,0,0,0
4029,2017,3,3,1,0,0,0,0,0,0,0
4029,2018,3,3,1,0,0,0,0,0,0,0
4029,2020,7,6,1,0,0,0,1,0,2,0
4029,2021,13,11,2,0,0,0,2,0,2,0
4029,2023,3,2,1,1,0,0,1,0,0,0
4029,2024,3,3,0,0,0,0,0,0,1,0
4042,2024,3,3,0,0,0,0,0,0,2,0
4042,2025,3,3,1,0,0,0,0,0,1,0
4047,2021,9,9,5,3,0,1,0,0,0,0
4047,2022,12,10,3,2,0,0,1,1,3,0
4047,2023,3,3,2,0,0,0,0,0,1,0
4047,2024,9,9,1,0,0,0,0,0,3,0
4047,2025,6,4,2,1,0,1,1,1,0,0
4047,2026,6,6,4,1,0,0,0,0,1,0
4055,2014,1,1,0,0,0,0,0,0,1,0
4055,2019,1,1,0,0,0,0,0,0,1,0
4072,2025,1,0,0,0,0,0,1,0,0,0
4073,2025,8,7,1,1,0,0,1,0,3,0
4073,2026,4,4,2,0,0,0,0,0,0,0
4077,2017,3,3,1,0,0,1,0,0,0,0
4077,2018,5,3,1,0,0,1,2,0,0,0
4077,2021,4,4,1,0,0,0,0,0,0,0
4077,2022,5,4,1,0,0,0,1,0,1,0
4077,2025,3,3,1,0,0,0,0,0,0,0
4087,2016,4,4,0,0,0,0,0,0,0,0
4087,2017,3,3,1,0,0,0,0,0,2,0
4087,2018,1,1,0,0,0,0,0,0,0,0
4087,2019,1,1,1,0,0,0,0,0,0,0
4091,2019,3,2,0,0,0,0,1,0,0,0
4110,2018,3,2,1,0,0,0,1,0,0,0
4110,2019,2,2,1,0,0,0,0,0,1,0
4114,2014,1,1,0,0,0,0,0,0,0,0
4130,2024,6,6,4,0,0,1,0,0,0,0
4130,2025,3,3,1,0,0,0,0,0,0,0
4132,2015,2,2,0,0,0,0,0,0,0,0
4137,2012,3,3,1,0,0,0,0,0,1,0
4148,2026,1,1,1,0,0,0,0,0,0,0
4159,2015,1,1,0,0,0,0,0,0,0,0
4170,2012,7,6,3,1,0,0,1,0,1,0
4170,2014,6,5,0,0,0,0,1,0,0,0
4180,2012,1,1,1,0,0,0,0,0,0,0
4182,2013,3,2,0,0,0,0,1,0,0,0
4182,2014,7,6,2,0,0,0,1,0,0,0
4182,2015,3,3,0,0,0,0,0,0,1,0
4182,2016,3,3,0,0,0,0,0,0,0,0
4182,2017,4,4,1,1,0,0,0,0,0,0
4184,2018,5,4,1,0,0,0,1,0,2,0
4184,2019,12,11,5,1,0,1,1,0,1,0
4184,2020,7,6,3,1,0,0,1,0,2,0
4184,2021,3,3,1,0,0,0,0,0,0,0
4184,2022,13,12,2,0,0,1,1,0,1,0
4207,2015,1,0,0,0,0,0,0,1,0,0
4207,2017,1,0,0,0,0,0,1,0,0,0
4207,2019,1,1,0,0,0,0,0,0,1,0
4207,2020,2,1,0,0,0,0,1,0,1,0
4220,2025,3,3,0,0,0,0,0,0,0,0
4221,2023,3,2,0,0,0,0,1,0,0,0
4221,2024,3,3,1,0,0,0,0,0,1,0
4221,2025,3,3,3,0,0,1,0,0,0,0
4221,2026,2,2,1,0,0,1,0,0,1,0
4231,2012,3,3,1,1,0,0,0,0,0,0
4236,2017,9,9,2,1,0,0,0,0,1,0
4243,2015,4,3,0,0,0,0,1,0,1,0
4243,2020,1,1,0,0,0,0,0,0,0,0
4244,2020,1,1,1,0,0,0,0,0,0,0
4251,2026,1,1,1,0,0,0,0,0,0,0
4260,2016,1,1,1,1,0,0,0,0,0,0
4278,2021,1,0,0,0,0,0,1,0,0,0
4283,2015,6,6,2,0,0,1,0,0,0,0
4283,2016,12,12,2,0,0,0,0,0,0,0
4283,2017,9,7,5,2,0,0,2,0,0,0
4283,2020,4,4,3,1,0,1,0,0,1,0
4283,2021,3,3,0,0,0,0,0,0,1,0
4283,2025,1,1,0,0,0,0,0,0,0,0
4289,2018,2,2,1,1,0,0,0,0,0,0
4289,2021,3,2,0,0,0,0,0,1,1,0
4289,2023,3,3,1,0,0,1,0,0,1,0
4289,2024,3,3,2,0,0,0,0,0,0,0
4290,2022,3,3,1,0,0,1,0,0,0,0
4290,2023,3,2,1,0,0,0,0,1,0,0
4292,2013,7,7,2,0,0,0,0,0,1,0
4292,2014,4,4,2,0,0,0,0,0,0,0
4292,2015,13,13,4,1,0,0,0,0,1,0
4292,2016,3,3,2,0,0,0,0,0,1,0
4292,2017,3,3,1,0,0,0,0,0,1,0
4292,2018,3,3,1,0,0,0,0,0,0,0
4292,2023,3,2,0,0,0,0,1,0,0,0
4292,2025,3,3,0,0,0,0,0,0,0,0
4302,2017,1,1,0,0,0,0,0,0,0,0
4302,2018,2,2,0,0,0,0,0,0,1,0
4302,2019,1,1,0,0,0,0,0,0,0,0
4302,2021,3,3,2,0,0,2,0,0,0,0
4302,2024,1,1,0,0,0,0,0,0,0,0
4302,2025,1,1,0,0,0,0,0,0,0,0
4311,2023,3,3,3,2,0,0,0,0,0,0
4327,2017,3,3,0,0,0,0,0,0,1,0
4327,2018,2,2,1,0,0,0,0,0,0,0
4337,2014,7,6,1,0,0,0,0,1,0,0
4344,2011,6,6,2,0,0,0,0,0,0,0
4344,2012,6,6,4,1,0,0,0,0,1,0
4344,2015,3,3,2,0,1,1,0,0,0,0
4344,2016,3,3,1,0,0,0,0,0,0,0
4344,2017,3,3,0,0,0,0,0,0,3,0
4344,2018,6,5,1,0,0,0,1,0,1,0
4344,2022,3,2,0,0,0,0,1,0,0,0
4344,2023,2,2,0,0,0,0,0,0,0,0
4350,2013,12,11,4,1,0,1,1,0,1,0
4350,2016,9,7,4,1,0,1,2,0,0,0
4350,2017,3,3,1,0,0,0,0,0,1,0
4353,2026,3,3,0,0,0,0,0,0,2,0
4361,2011,2,2,1,1,0,0,0,0,0,0
4361,2012,1,1,0,0,0,0,0,0,1,0
4361,2013,1,1,0,0,0,0,0,0,0,0
4361,2014,1,1,0,0,0,0,0,0,0,0
4361,2016,1,1,1,0,1,0,0,0,0,0
4365,2012,3,3,1,1,0,0,0,0,0,0
4365,2013,2,2,0,0,0,0,0,0,0,0
4365,2018,4,2,0,0,0,0,2,0,0,0
4385,2019,2,2,0,0,0,0,0,0,1,0
4385,2020,1,1,0,0,0,0,0,0,0,0
4386,2023,1,1,0,0,0,0,0,0,0,0
4397,2015,2,2,1,0,0,0,0,0,0,0
4397,2016,4,4,1,0,0,0,0,0,0,0
4402,2021,4,3,2,0,0,0,1,0,0,0
4405,2016,2,2,1,0,0,0,0,0,0,0
4405,2021,2,2,1,0,0,1,0,0,0,0
4408,2012,1,1,0,0,0,0,0,0,0,0
4409,2019,1,1,0,0,0,0,0,0,0,0
4409,2020,1,1,0,0,0,0,0,0,1,0
4409,2021,2,0,0,0,0,0,2,0,0,0
4410,2020,1,1,0,0,0,0,0,0,0,0
4410,2022,1,1,0,0,0,0,0,0,0,0
4412,2014,1,1,0,0,0,0,0,0,0,0
4416,2018,1,1,0,0,0,0,0,0,1,0
4429,2014,1,1,1,0,0,0,0,0,0,0
4429,2018,1,0,0,0,0,0,0,0,0,0
4449,2012,7,6,2,0,0,0,1,0,0,0
4449,2013,3,2,0,0,0,0,0,0,0,1
4449,2014,6,6,2,0,0,0,0,0,2,0
4449,2015,4,4,1,0,0,0,0,0,0,0
4454,2013,5,5,0,0,0,0,0,0,0,0
4504,2015,3,3,0,0,0,0,0,0,0,0
4504,2016,4,3,0,0,0,0,1,0,0,0
4504,2017,5,5,4,1,0,0,0,0,1,0
4504,2025,2,1,1,0,0,1,1,0,0,0
4513,2019,3,3,1,0,0,0,0,0,1,0
4529,2019,2,2,1,0,0,0,0,0,0,0
4530,2011,4,3,1,0,0,0,0,0,1,0
4530,2012,3,3,0,0,0,0,0,0,1,0
4539,2025,1,1,0,0,0,0,0,0,0,0
4543,2012,4,4,2,0,0,0,0,0,1,0
4543,2015,4,4,2,0,0,1,0,0,0,0
4543,2016,11,7,1,0,0,0,1,3,0,0
4543,2017,3,3,1,0,0,0,0,0,1,0
4543,2018,12,10,2,0,0,0,1,0,2,1
4550,2023,1,1,0,0,0,0,0,0,1,0
4550,2024,2,2,1,0,0,0,0,0,0,0
4561,2011,3,3,1,0,0,0,0,0,0,0
4561,2014,9,8,1,1,0,0,1,0,1,0
4561,2017,3,3,0,0,0,0,0,0,0,0
4561,2018,3,3,1,0,0,0,0,0,0,0
4573,2023,1,1,1,0,0,0,0,0,0,0
4573,2025,3,3,3,0,0,0,0,0,0,0
4573,2026,5,5,1,0,0,0,0,0,2,0
4579,2014,3,3,1,0,0,0,0,0,0,0
4579,2019,1,0,0,0,0,0,1,0,0,0
4589,2025,2,2,0,0,0,0,0,0,1,0
4598,2012,1,1,0,0,0,0,0,0,0,0
4608,2012,3,3,1,0,0,0,0,0,1,0
4608,2013,6,6,1,0,0,0,0,0,0,0
4610,2014,3,3,0,0,0,0,0,0,0,0
4610,2015,7,6,1,0,0,0,1,0,1,0
4610,2016,3,3,0,0,0,0,0,0,0,0
4610,2017,3,2,1,0,0,1,1,0,0,0
4610,2018,3,3,1,1,0,0,0,0,0,0
4610,2019,3,3,2,1,0,1,0,0,0,0
4611,2013,4,4,0,0,0,0,0,0,1,0
4611,2014,3,3,1,0,0,0,0,0,0,0
4612,2014,2,2,1,0,0,0,0,0,0,0
4612,2017,1,1,0,0,0,0,0,0,0,0
4635,2019,2,2,0,0,0,0,0,0,0,0
4656,2023,2,2,0,0,0,0,0,0,0,0
4656,2024,5,4,2,1,0,0,1,0,1,0
4656,2026,4,2,0,0,0,0,2,0,1,0
4662,2024,3,3,1,0,0,0,0,0,0,0
4665,2016,2,1,0,0,0,0,1,0,0,0
4665,2017,1,1,1,0,0,0,0,0,0,0
4666,2013,3,3,2,0,0,0,0,0,0,0
4666,2014,2,2,1,1,0,0,0,0,0,0
4686,2026,1,1,1,0,0,0,0,0,0,0
4687,2023,1,0,0,0,0,0,1,0,0,0
4694,2025,3,3,2,0,0,0,0,0,0,0
4702,2021,2,1,0,0,0,0,1,0,0,0
4703,2019,1,0,0,0,0,0,1,0,0,0
4703,2020,1,1,0,0,0,0,0,0,0,0
4705,2017,2,2,2,0,0,0,0,0,0,0
4705,2019,6,5,0,0,0,0,1,0,1,0
4705,2021,3,2,0,0,0,0,1,0,1,0
4715,2014,2,2,1,0,0,0,0,0,0,0
4715,2017,3,3,1,0,0,0,0,0,0,0
4715,2018,3,3,0,0,0,0,0,0,0,0
4731,2011,2,2,0,0,0,0,0,0,0,0
4751,2025,1,0,0,0,0,0,1,0,0,0
4754,2022,2,2,1,0,0,1,0,0,1,0
4757,2015,6,5,2,1,0,0,1,0,0,0
4757,2018,14,14,5,2,0,1,0,0,1,0
4757,2019,6,6,3,0,0,0,0,0,2,0
4757,2021,3,3,1,0,0,1,0,0,0,0
4757,2023,9,9,1,0,0,0,0,0,2,0
4757,2024,12,9,1,0,0,0,2,1,1,0
4760,2020,1,1,0,0,0,0,0,0,0,0
4760,2021,6,6,1,0,0,0,0,0,0,0
4760,2022,7,7,3,2,0,1,0,0,2,0
4761,2022,6,6,2,1,0,0,0,0,0,0
4781,2012,1,1,1,0,0,0,0,0,0,0
4801,2015,6,6,3,1,0,1,0,0,1,0
4807,2026,1,1,0,0,0,0,0,0,0,0
4810,2016,3,3,0,0,0,0,0,0,0,0
4810,2017,1,1,1,0,0,0,0,0,0,0
4810,2018,1,1,0,0,0,0,0,0,0,0
4819,2012,2,2,2,0,0,0,0,0,0,0
4819,2013,1,1,0,0,0,0,0,0,0,0
4821,2025,11,10,2,0,0,0,0,1,2,0
4823,2013,3,3,2,1,0,0,0,0,0,0
4823,2015,2,2,0,0,0,0,0,0,0,0
4823,2016,5,4,3,0,1,0,1,0,0,0
4823,2017,2,1,0,0,0,0,1,0,1,0
4823,2018,2,1,0,0,0,0,1,0,1,0
4823,2019,3,3,0,0,0,0,0,0,1,0
4823,2020,1,1,0,0,0,0,0,0,0,0
4823,2021,1,1,0,0,0,0,0,0,1,0
4823,2022,2,2,0,0,0,0,0,0,0,0
4843,2025,1,1,1,0,0,0,0,0,0,0
4843,2026,1,1,0,0,0,0,0,0,0,0
4849,2025,1,1,0,0,0,0,0,0,1,0
4858,2021,2,2,1,0,0,0,0,0,0,0
4858,2022,1,1,0,0,0,0,0,0,0,0
4858,2023,1,1,0,0,0,0,0,0,0,0
4867,2021,1,1,0,0,0,0,0,0,0,0
4867,2022,3,3,0,0,0,0,0,0,1,0
4867,2025,2,2,0,0,0,0,0,0,1,0
4867,2026,1,1,1,0,0,0,0,0,0,0
4884,2021,3,3,2,1,0,0,0,0,0,0
4884,2023,1,1,1,0,0,0,0,0,0,0
4886,2011,1,1,0,0,0,0,0,0,1,0
4886,2015,1,0,0,0,0,0,0,1,0,0
4886,2017,4,3,0,0,0,0,0,0,0,1
4888,2021,1,1,1,0,0,1,0,0,0,0
4896,2013,6,6,2,0,0,0,0,0,1,0
4896,2014,14,12,6,3,0,0,2,0,1,0
4896,2015,1,1,1,0,0,0,0,0,0,0
4896,2016,6,5,4,1,0,0,1,0,0,0
4896,2017,5,5,1,0,0,1,0,0,2,0
4896,2019,5,5,3,1,0,1,0,0,1,0
4903,2020,3,2,0,0,0,0,1,0,0,0
4903,2022,1,0,0,0,0,0,1,0,0,0
4910,2011,3,3,0,0,0,0,0,0,0,0
4910,2012,6,5,1,0,0,0,0,0,0,1
4918,2013,3,3,0,0,0,0,0,0,0,0
4946,2012,1,1,0,0,0,0,0,0,1,0
4946,2013,1,0,0,0,0,0,1,0,0,0
4946,2014,2,2,0,0,0,0,0,0,0,0
4946,2015,1,0,0,0,0,0,0,1,0,0
4946,2016,1,1,0,0,0,0,0,0,0,0
4946,2017,1,1,1,0,0,1,0,0,0,0
4946,2019,1,1,0,0,0,0,0,0,1,0
4953,2023,1,1,0,0,0,0,0,0,1,0
4953,2026,2,2,0,0,0,0,0,0,0,0
4954,2014,2,2,0,0,0,0,0,0,0,0
4961,2018,3,3,1,0,0,0,0,0,0,0
4964,2015,7,6,0,0,0,0,1,0,2,0
4967,2021,2,2,0,0,0,0,0,0,0,0
4979,2024,3,3,0,0,0,0,0,0,1,0
4979,2025,5,4,1,0,0,0,1,0,1,0
4979,2026,2,1,0,0,0,0,1,0,0,0
4994,2017,2,2,1,1,0,0,0,0,0,0
4994,2018,1,1,0,0,0,0,0,0,0,0
4994,2019,1,0,0,0,0,0,1,0,0,0
5010,2026,1,1,1,1,0,0,0,0,0,0
5016,2016,6,5,1,0,0,1,1,0,3,0
5016,2021,2,2,0,0,0,0,0,0,1,0
5016,2022,2,2,2,1,0,0,0,0,0,0
5016,2023,2,1,0,0,0,0,0,1,0,0
5023,2025,1,0,0,0,0,0,1,0,0,0
5040,2020,1,1,0,0,0,0,0,0,1,0
5041,2025,2,2,0,0,0,0,0,0,1,0
5047,2024,1,1,0,0,0,0,0,0,0,0
5053,2012,4,4,0,0,0,0,0,0,0,0
5053,2015,1,1,0,0,0,0,0,0,0,0
5053,2016,1,1,1,1,0,0,0,0,0,0
5065,2023,1,1,0,0,0,0,0,0,0,0
5065,2024,2,2,1,0,0,0,0,0,0,0
5075,2020,2,2,1,0,0,0,0,0,0,0
5075,2025,2,2,0,0,0,0,0,0,2,0
5078,2026,1,1,1,0,0,0,0,0,0,0
5089,2017,2,2,0,0,0,0,0,0,0,0
5089,2018,2,2,0,0,0,0,0,0,0,0
5089,2019,2,2,0,0,0,0,0,0,0,0
5093,2012,3,3,1,0,0,0,0,0,0,0
5093,2013,9,8,2,1,0,0,1,0,1,0
5093,2014,3,3,1,1,0,0,0,0,1,0
5093,2015,8,7,3,0,1,1,1,0,0,0
5093,2016,8,7,1,1,0,0,1,0,1,0
5093,2017,3,2,0,0,0,0,1,0,0,0
5094,2013,1,1,0,0,0,0,0,0,1,0
5094,2014,1,1,0,0,0,0,0,0,0,0
5103,2014,1,1,0,0,0,0,0,0,0,0
5107,2023,1,1,0,0,0,0,0,0,0,0
5107,2024,2,2,0,0,0,0,0,0,0,0
5107,2025,3,3,1,0,0,0,0,0,2,0
5110,2026,3,3,2,0,0,0,0,0,0,0
5124,2023,1,1,0,0,0,0,0,0,0,0
5124,2025,1,0,0,0,0,0,1,0,0,0
5137,2012,2,2,1,0,0,0,0,0,1,0
5137,2016,1,1,0,0,0,0,0,0,0,0
5137,2017,1,1,1,1,0,0,0,0,0,0
5149,2012,1,1,1,1,0,0,0,0,0,0
5151,2025,3,2,1,0,0,0,1,0,0,0
5165,2022,1,1,0,0,0,0,0,0,0,0
5165,2023,3,3,0,0,0,0,0,0,1,0
5165,2024,6,5,1,0,0,0,1,0,0,0
5168,2019,3,3,1,0,0,0,0,0,1,0
5197,2021,2,2,2,1,0,0,0,0,0,0
5231,2024,1,1,0,0,0,0,0,0,1,0
5234,2011,3,3,2,1,0,0,0,0,0,0
5234,2015,1,1,0,0,0,0,0,0,0,0
5234,2016,1,1,0,0,0,0,0,0,0,0
5234,2021,1,1,0,0,0,0,0,0,1,0
5235,2019,3,3,1,0,0,1,0,0,0,0
5243,2012,4,4,1,0,0,0,0,0,0,0
5243,2015,3,3,1,0,0,0,0,0,0,0
5246,2013,2,2,0,0,0,0,0,0,0,0
5254,2012,4,4,0,0,0,0,0,0,2,0
5258,2014,3,3,1,0,0,0,0,0,0,0
5258,2016,2,2,2,0,0,1,0,0,0,0
5258,2017,1,1,1,0,0,0,0,0,0,0
5270,2012,3,3,0,0,0,0,0,0,1,0
5293,2013,1,1,0,0,0,0,0,0,0,0
5293,2014,1,1,1,0,0,0,0,0,0,0
5293,2015,1,1,1,0,0,0,0,0,0,0
5293,2016,1,1,1,1,0,0,0,0,0,0
5293,2017,1,1,0,0,0,0,0,0,0,0
5293,2022,1,1,0,0,0,0,0,0,0,0
5312,2014,2,2,0,0,0,0,0,0,0,0
5312,2015,6,6,4,1,0,0,0,0,0,0
5312,2022,5,5,2,0,0,0,0,0,1,0
5329,2021,3,3,1,0,0,0,0,0,2,0
5329,2022,1,0,0,0,0,0,1,0,0,0
5339,2018,1,1,1,0,0,0,0,0,0,0
5353,2021,12,11,2,1,0,0,1,0,0,0
5353,2022,15,14,2,2,0,0,1,0,1,0
5356,2014,3,3,2,0,0,0,0,0,0,0
5364,2013,13,11,4,1,0,0,0,0,2,2
5364,2014,15,14,6,2,0,0,0,0,0,1
5364,2015,3,2,0,0,0,0,0,0,0,0
5364,2016,12,11,6,3,0,1,1,0,0,0
5364,2017,3,3,1,0,0,0,0,0,0,0
5384,2011,1,1,1,0,0,0,0,0,0,0
5384,2012,6,5,1,0,1,0,1,0,4,0
5384,2017,3,3,1,0,1,0,0,0,0,0
5384,2018,2,2,0,0,0,0,0,0,1,0
5384,2019,2,1,1,0,0,0,1,0,0,0
5386,2021,2,2,1,0,0,1,0,0,0,0
5389,2015,1,1,1,0,0,1,0,0,0,0
5389,2017,1,1,1,1,0,0,0,0,0,0
5389,2025,1,1,0,0,0,0,0,0,1,0
5403,2022,2,1,1,0,0,0,1,0,0,0
5404,2025,1,1,0,0,0,0,0,0,0,0
5415,2014,2,2,0,0,0,0,0,0,0,0
5437,2021,2,1,0,0,0,0,1,0,0,0
5438,2014,1,1,0,0,0,0,0,0,0,0
5440,2012,1,1,0,0,0,0,0,0,0,0
5440,2023,1,1,0,0,0,0,0,0,0,0
5440,2025,1,1,0,0,0,0,0,0,0,0
5440,2026,1,1,0,0,0,0,0,0,0,0
5443,2023,1,1,0,0,0,0,0,0,0,0
5454,2021,3,3,0,0,0,0,0,0,0,0
5454,2024,1,1,0,0,0,0,0,0,1,0
5462,2016,3,3,1,0,0,0,0,0,1,0
5462,2017,3,2,0,0,0,0,0,1,0,0
5472,2013,2,2,0,0,0,0,0,0,0,0
5472,2014,1,1,0,0,0,0,0,0,0,0
5479,2016,1,0,0,0,0,0,1,0,0,0
5487,2013,5,3,1,0,0,0,1,0,0,1
5487,2014,2,2,1,1,0,0,0,0,0,0
5487,2015,3,3,0,0,0,0,0,0,0,0
5487,2016,2,2,1,0,0,0,0,0,0,0
5487,2018,1,1,0,0,0,0,0,0,0,0
5488,2018,1,1,0,0,0,0,0,0,0,0
5494,2019,3,3,0,0,0,0,0,0,1,0
5497,2014,1,1,0,0,0,0,0,0,0,0
5499,2022,1,0,0,0,0,0,1,0,0,0
5507,2022,1,1,0,0,0,0,0,0,1,0
5507,2024,2,2,0,0,0,0,0,0,1,0
5515,2012,3,3,0,0,0,0,0,0,0,0
5515,2013,6,5,2,0,1,0,1,0,0,0
5515,2014,3,3,2,1,0,0,0,0,0,0
5515,2015,7,7,2,0,0,0,0,0,0,0
5515,2016,1,1,0,0,0,0,0,0,0,0
5515,2017,5,4,0,0,0,0,1,0,1,0
5517,2025,3,2,1,1,0,0,1,0,0,0
5527,2015,3,1,0,0,0,0,2,0,1,0
5562,2012,3,3,0,0,0,0,0,0,0,0
5562,2013,3,3,1,0,0,0,0,0,1,0
5563,2014,2,1,1,0,0,0,1,0,0,0
5563,2018,2,2,1,0,0,0,0,0,0,0
5583,2018,1,1,0,0,0,0,0,0,1,0
5583,2021,1,1,1,0,0,0,0,0,0,0
5583,2024,1,1,1,0,0,0,0,0,0,0
5596,2013,2,2,1,0,0,1,0,0,0,0
5596,2016,1,1,0,0,0,0,0,0,0,0
5598,2026,1,1,0,0,0,0,0,0,1,0
5649,2012,1,1,1,0,0,0,0,0,0,0
5649,2013,3,3,2,0,0,0,0,0,0,0
5649,2016,2,0,0,0,0,0,1,0,0,1
5649,2021,1,1,1,0,0,0,0,0,0,0
5691,2023,1,1,0,0,0,0,0,0,1,0
5691,2026,1,1,0,0,0,0,0,0,1,0
5707,2017,3,1,0,0,0,0,1,0,0,1
5707,2018,3,3,1,0,0,0,0,0,0,0
5707,2019,3,2,0,0,0,0,0,1,1,0
5707,2025,1,1,1,1,0,0,0,0,0,0
5708,2021,2,1,0,0,0,0,1,0,0,0
5708,2025,2,2,0,0,0,0,0,0,1,0
5708,2026,2,2,0,0,0,0,0,0,1,0
5709,2019,4,4,2,0,0,0,0,0,0,0
5719,2015,1,1,0,0,0,0,0,0,0,0
5719,2019,3,2,1,0,0,0,0,0,1,1
5719,2023,1,1,0,0,0,0,0,0,1,0
5732,2021,2,2,1,0,0,0,0,0,0,0
5732,2023,6,5,3,1,0,0,1,0,1,0
5735,2022,1,1,0,0,0,0,0,0,1,0
5739,2015,3,3,1,1,0,0,0,0,0,0
5739,2016,6,4,1,0,0,0,2,0,1,0
5739,2017,3,3,1,0,0,0,0,0,0,0
5743,2012,7,7,1,0,0,0,0,0,1,0
5754,2021,1,1,0,0,0,0,0,0,1,0
5757,2013,6,6,3,1,0,0,0,0,1,0
5757,2014,13,13,6,2,0,0,0,0,2,0
5757,2015,7,6,4,0,0,1,1,0,0,0
5773,2015,4,4,0,0,0,0,0,0,0,0
5773,2016,3,3,2,0,0,1,0,0,0,0
5773,2017,3,2,1,0,0,1,1,0,1,0
5773,2018,2,1,1,0,0,0,1,0,0,0
5777,2018,3,1,1,0,0,0,2,0,0,0
5777,2023,1,1,1,0,0,0,0,0,0,0
5777,2024,2,2,0,0,0,0,0,0,0,0
5777,2025,1,1,0,0,0,0,0,0,0,0
5779,2023,1,1,1,0,0,0,0,0,0,0
5782,2014,3,3,3,0,0,1,0,0,0,0
5782,2015,3,2,1,0,0,0,0,1,0,0
5782,2018,3,2,1,0,0,0,1,0,0,0
5782,2020,1,1,0,0,0,0,0,0,0,0
5782,2021,2,2,0,0,0,0,0,0,1,0
5782,2022,1,1,0,0,0,0,0,0,1,0
5782,2024,1,1,1,1,0,0,0,0,0,0
5785,2020,1,0,0,0,0,0,1,0,0,0
5786,2023,2,2,0,0,0,0,0,0,1,0
5786,2024,2,2,0,0,0,0,0,0,0,0
5788,2022,3,3,2,0,0,0,0,0,0,0
5788,2023,3,3,0,0,0,0,0,0,1,0
5788,2025,5,3,0,0,0,0,0,0,0,1
5788,2026,3,2,0,0,0,0,0,0,1,1
5789,2025,3,3,1,0,0,0,0,0,0,0
5790,2023,1,0,0,0,0,0,1,0,0,0
5797,2013,1,1,1,1,0,0,0,0,0,0
5797,2014,2,2,0,0,0,0,0,0,0,0
5797,2017,1,1,0,0,0,0,0,0,0,0
5797,2018,2,2,0,0,0,0,0,0,1,0
5797,2019,2,2,1,0,0,0,0,0,0,0
5803,2024,1,1,0,0,0,0,0,0,0,0
5803,2026,2,2,1,0,0,0,0,0,0,0
5815,2012,3,2,1,0,0,0,0,0,0,0
5815,2014,3,3,0,0,0,0,0,0,0,0
5815,2015,2,2,0,0,0,0,0,0,0,0
5819,2012,3,2,0,0,0,0,1,0,0,0
5819,2016,6,6,2,0,0,1,0,0,3,0
5819,2017,3,3,2,1,0,0,0,0,0,0
5819,2018,3,2,1,1,0,0,1,0,1,0
5819,2019,1,1,0,0,0,0,0,0,0,0
5819,2021,2,2,2,0,0,1,0,0,0,0
5819,2022,1,1,1,0,0,1,0,0,0,0
5826,2015,1,1,1,1,0,0,0,0,0,0
5839,2025,1,1,1,0,0,0,0,0,0,0
5844,2026,1,1,0,0,0,0,0,0,0,0
5845,2011,4,4,1,1,0,0,0,0,1,0
5845,2012,7,7,2,2,0,0,0,0,2,0
5845,2015,4,4,3,1,0,0,0,0,1,0
5845,2021,3,3,0,0,0,0,0,0,0,0
5851,2021,3,2,1,1,0,0,1,0,0,0
5869,2019,12,10,2,1,0,1,0,1,0,1
5869,2020,2,0,0,0,0,0,2,0,0,0
5869,2021,13,10,2,2,0,0,3,0,3,0
5869,2024,3,3,0,0,0,0,0,0,2,0
5869,2025,6,5,1,1,0,0,1,0,3,0
5869,2026,3,2,1,0,0,0,1,0,0,0
5883,2012,1,1,0,0,0,0,0,0,1,0
5883,2014,1,1,0,0,0,0,0,0,0,0
5883,2016,1,1,0,0,0,0,0,0,0,0
5883,2018,1,1,0,0,0,0,0,0,1,0
5896,2020,1,1,0,0,0,0,0,0,0,0
5896,2021,2,2,1,0,0,0,0,0,1,0
5896,2022,3,3,1,0,0,0,0,0,1,0
5900,2022,2,2,1,0,0,1,0,0,0,0
5900,2023,4,4,0,0,0,0,0,0,3,0
5900,2024,3,3,1,0,0,0,0,0,1,0
5900,2025,3,3,0,0,0,0,0,0,2,0
5900,2026,2,2,1,0,0,0,0,0,0,0
5905,2021,1,1,1,0,0,0,0,0,0,0
5905,2024,1,1,0,0,0,0,0,0,0,0
5911,2017,1,0,0,0,0,0,0,1,0,0
5917,2022,2,1,0,0,0,0,0,1,0,0
5917,2023,3,3,2,0,0,0,0,0,0,0
5917,2024,9,9,0,0,0,0,0,0,0,0
5917,2025,5,4,1,0,0,0,0,0,0,1
5917,2026,13,13,4,0,0,0,0,0,3,0
5924,2012,1,1,0,0,0,0,0,0,0,0
5924,2013,1,1,1,0,0,0,0,0,0,0
5929,2019,1,1,1,0,0,0,0,0,0,0
5929,2021,1,1,0,0,0,0,0,0,0,0
5929,2024,2,1,0,0,0,0,1,0,0,0
5929,2026,3,3,0,0,0,0,0,0,2,0
5938,2014,2,2,1,1,0,0,0,0,0,0
5938,2015,1,1,0,0,0,0,0,0,0,0
5944,2019,2,2,0,0,0,0,0,0,0,0
5953,2013,3,3,0,0,0,0,0,0,0,0
5953,2014,4,4,2,1,0,0,0,0,0,0
5953,2015,6,6,1,0,0,0,0,0,1,0
5953,2016,5,5,1,1,0,0,0,0,1,0
5953,2018,6,6,1,0,0,0,0,0,3,0
5953,2019,3,1,0,0,0,0,2,0,0,0
5953,2022,6,5,3,1,0,0,0,1,0,0
5987,2025,3,3,2,0,0,0,0,0,0,0
5987,2026,3,1,0,0,0,0,2,0,1,0
5988,2018,3,3,1,0,1,0,0,0,0,0
5990,2014,3,3,2,0,0,0,0,0,0,0
5990,2017,2,1,1,0,0,0,1,0,0,0
5992,2022,5,5,1,0,0,0,0,0,2,0
5996,2013,2,2,1,0,0,0,0,0,0,0
5996,2014,2,2,2,2,0,0,0,0,0,0
5997,2021,1,1,0,0,0,0,0,0,1,0
6010,2012,1,1,0,0,0,0,0,0,0,0
6010,2015,2,2,0,0,0,0,0,0,0,0
6017,2022,6,5,1,0,0,0,1,0,1,0
6017,2024,1,1,0,0,0,0,0,0,0,0
6035,2022,2,2,1,0,0,0,0,0,0,0
6035,2023,1,1,0,0,0,0,0,0,0,0
6053,2022,2,1,0,0,0,0,1,0,1,0
6055,2022,7,7,4,2,0,0,0,0,0,0
6055,2023,4,4,3,1,0,1,0,0,0,0
6055,2024,3,3,0,0,0,0,0,0,2,0
6055,2025,6,6,2,0,0,0,0,0,1,0
6055,2026,2,2,0,0,0,0,0,0,0,0
6091,2023,1,0,0,0,0,0,1,0,0,0
6091,2024,2,2,0,0,0,0,0,0,2,0
6098,2011,1,1,0,0,0,0,0,0,0,0
6099,2011,3,3,1,0,0,0,0,0,1,0
6099,2013,3,3,1,0,0,0,0,0,1,0
6099,2014,3,3,0,0,0,0,0,0,1,0
6118,2013,6,6,1,0,0,0,0,0,1,0
6118,2014,3,3,0,0,0,0,0,0,0,0
6118,2016,3,3,1,0,0,0,0,0,0,0
6129,2013,3,3,1,0,0,0,0,0,1,0
6137,2020,2,2,0,0,0,0,0,0,2,0
6143,2021,3,2,1,0,0,0,1,0,0,0
6151,2016,3,1,0,0,0,0,2,0,1,0
6155,2019,6,5,1,0,0,1,1,0,0,0
6157,2021,2,2,0,0,0,0,0,0,1,0
6177,2022,1,0,0,0,0,0,0,1,0,0
6190,2011,2,1,0,0,0,0,1,0,0,0
6197,2025,1,1,1,0,0,0,0,0,0,0
6229,2012,8,8,4,1,0,0,0,0,0,0
6229,2016,4,4,3,0,0,0,0,0,0,0
6240,2019,1,1,0,0,0,0,0,0,0,0
6240,2024,1,1,0,0,0,0,0,0,0,0
6240,2026,1,1,0,0,0,0,0,0,0,0
6251,2018,1,1,0,0,0,0,0,0,0,0
6251,2025,1,1,1,0,0,0,0,0,0,0
6253,2024,1,1,0,0,0,0,0,0,0,0
6253,2026,1,1,0,0,0,0,0,0,1,0
6261,2015,1,1,1,0,0,0,0,0,0,0
6272,2024,1,1,0,0,0,0,0,0,1,0
6272,2025,1,1,0,0,0,0,0,0,1,0
6272,2026,3,3,1,0,0,1,0,0,0,0
6273,2012,12,12,4,0,1,0,0,0,1,0
6273,2013,4,4,1,1,0,0,0,0,0,0
6273,2018,6,6,0,0,0,0,0,0,2,0
6279,2014,1,1,1,0,0,0,0,0,0,0
6279,2016,2,2,1,0,0,0,0,0,0,0
6279,2018,8,5,2,1,0,0,3,0,0,0
6279,2019,4,3,0,0,0,0,1,0,0,0
6280,2017,4,3,0,0,0,0,0,1,1,0
6280,2018,3,3,1,0,0,0,0,0,0,0
6280,2019,1,0,0,0,0,0,1,0,0,0
6280,2022,4,3,1,0,0,0,1,0,2,0
6280,2023,1,0,0,0,0,0,0,1,0,0
6280,2024,3,3,2,1,0,0,0,0,0,0
6282,2012,4,3,1,0,0,0,1,0,0,0
6282,2013,1,1,1,0,0,0,0,0,0,0
6292,2012,4,4,0,0,0,0,0,0,1,0
6294,2025,1,1,0,0,0,0,0,0,0,0
6294,2026,1,1,0,0,0,0,0,0,0,0
6299,2022,1,1,0,0,0,0,0,0,1,0
6299,2026,1,1,1,0,0,0,0,0,0,0
6323,2025,3,2,1,0,0,0,1,0,0,0
6323,2026,4,3,0,0,0,0,1,0,0,0
6333,2025,9,8,0,0,0,0,1,0,1,0
6335,2024,1,1,1,0,0,0,0,0,0,0
6335,2026,1,1,0,0,0,0,0,0,1,0
6352,2015,1,1,0,0,0,0,0,0,0,0
6356,2014,5,3,1,0,0,0,2,0,0,0
6356,2015,2,2,1,0,0,0,0,0,0,0
6356,2021,1,1,0,0,0,0,0,0,0,0
6356,2023,2,1,0,0,0,0,0,1,0,0
6370,2011,2,2,1,0,0,0,0,0,1,0
6378,2016,3,3,0,0,0,0,0,0,1,0
6386,2012,7,7,2,1,0,0,0,0,2,0
6386,2014,3,3,2,0,0,0,0,0,0,0
6386,2015,17,17,3,0,0,0,0,0,0,0
6386,2016,7,7,3,0,0,1,0,0,0,0
6408,2026,3,3,1,0,0,0,0,0,0,0
6423,2012,3,2,1,0,0,0,1,0,1,0
6429,2011,3,3,0,0,0,0,0,0,0,0
6429,2012,2,2,1,0,0,0,0,0,0,0
6429,2013,1,1,0,0,0,0,0,0,0,0
6431,2012,4,4,1,0,0,0,0,0,1,0
6431,2016,5,4,3,0,0,2,1,0,0,0
6440,2012,4,4,0,0,0,0,0,0,2,0
6444,2013,1,1,0,0,0,0,0,0,0,0
6444,2014,1,1,0,0,0,0,0,0,0,0
6461,2016,3,3,1,1,0,0,0,0,0,0
6461,2017,3,3,2,0,0,0,0,0,0,0
6461,2018,5,5,1,0,0,0,0,0,1,0
6470,2025,1,1,0,0,0,0,0,0,1,0
6470,2026,1,1,1,0,0,0,0,0,0,0
6482,2023,3,3,3,0,0,0,0,0,0,0
6482,2024,5,4,1,0,0,0,1,0,0,0
6482,2025,6,6,4,0,0,0,0,0,0,0
6488,2023,2,2,0,0,0,0,0,0,0,0
6493,2019,2,2,1,0,0,1,0,0,1,0
6493,2021,1,1,0,0,0,0,0,0,1,0
6493,2023,1,1,0,0,0,0,0,0,0,0
6493,2024,2,1,1,0,0,0,1,0,0,0
6493,2026,1,1,1,1,0,0,0,0,0,0
6495,2015,3,2,0,0,0,0,0,0,0,1
6502,2012,6,6,3,1,0,0,0,0,1,0
6502,2013,3,3,0,0,0,0,0,0,0,0
6509,2026,3,2,0,0,0,0,0,1,1,0
6511,2011,1,1,0,0,0,0,0,0,0,0
6511,2012,6,4,2,0,0,1,2,0,1,0
6511,2013,1,1,0,0,0,0,0,0,0,0
6518,2013,1,1,0,0,0,0,0,0,0,0
6521,2022,6,4,0,0,0,0,2,0,0,0
6522,2012,9,9,3,1,0,1,0,0,0,0
6522,2013,3,3,3,0,0,0,0,0,0,0
6569,2011,1,1,0,0,0,0,0,0,0,0
6571,2019,2,2,1,0,0,0,0,0,0,0
6571,2021,3,3,0,0,0,0,0,0,2,0
6571,2022,1,1,1,0,0,0,0,0,0,0
6571,2023,1,0,0,0,0,0,1,0,0,0
6574,2025,5,3,1,0,0,0,2,0,0,0
6574,2026,9,8,1,0,0,0,1,0,3,0
6585,2022,3,3,0,0,0,0,0,0,2,0
6585,2024,7,7,3,0,0,0,0,0,2,0
6586,2011,3,3,0,0,0,0,0,0,0,0
6588,2018,6,5,2,0,0,0,1,0,0,0
6588,2021,1,1,0,0,0,0,0,0,0,0
6588,2022,1,1,1,0,0,0,0,0,0,0
6588,2023,1,1,0,0,0,0,0,0,0,0
6588,2024,3,3,0,0,0,0,0,0,2,0
6591,2013,1,0,0,0,0,0,1,0,0,0
6592,2020,1,1,0,0,0,0,0,0,0,0
6592,2022,1,1,0,0,0,0,0,0,0,0
6593,2025,2,2,0,0,0,0,0,0,1,0
6595,2022,8,7,0,0,0,0,1,0,1,0
6595,2025,3,3,0,0,0,0,0,0,1,0
6595,2026,5,5,1,0,0,0,0,0,1,0
6601,2013,1,1,1,0,0,0,0,0,0,0
6601,2014,2,2,1,1,0,0,0,0,0,0
6601,2023,1,1,0,0,0,0,0,0,0,0
6602,2024,1,1,1,1,0,0,0,0,0,0
6603,2012,1,1,0,0,0,0,0,0,0,0
6610,2024,3,3,1,0,0,0,0,0,0,0
6612,2012,2,2,0,0,0,0,0,0,0,0
6617,2016,1,1,0,0,0,0,0,0,0,0
6630,2024,1,1,0,0,0,0,0,0,0,0
6633,2026,1,0,0,0,0,0,1,0,0,0
6646,2013,3,3,2,1,0,0,0,0,0,0
6646,2021,1,1,0,0,0,0,0,0,1,0
6646,2022,1,0,0,0,0,0,1,0,0,0
6652,2017,3,2,1,0,0,0,1,0,1,0
6652,2023,3,3,1,0,0,0,0,0,1,0
6652,2024,7,6,2,1,0,0,1,0,2,0
6652,2025,3,3,0,0,0,0,0,0,0,0
6652,2026,3,3,1,1,0,0,0,0,0,0
6672,2019,1,1,0,0,0,0,0,0,0,0
6672,2020,3,3,1,0,0,0,0,0,1,0
6672,2021,3,2,2,0,0,0,1,0,0,0
6672,2023,3,3,0,0,0,0,0,0,0,0
6676,2020,7,6,2,0,0,1,1,0,0,0
6676,2021,9,8,3,0,0,1,1,0,2,0
6676,2023,6,5,2,1,0,0,1,0,1,0
6678,2021,6,6,1,1,0,0,0,0,1,0
6678,2026,2,2,0,0,0,0,0,0,0,0
6682,2012,6,6,1,1,0,0,0,0,2,0
6682,2013,4,4,1,0,0,0,0,0,1,0
6682,2018,3,3,1,0,0,0,0,0,1,0
6682,2019,13,13,4,0,0,1,0,0,2,0
6682,2020,5,5,4,1,0,1,0,0,1,0
6682,2021,3,3,2,1,0,0,0,0,0,0
6697,2011,1,1,0,0,0,0,0,0,1,0
6697,2012,2,1,1,0,0,0,1,0,0,0
6732,2017,2,2,0,0,0,0,0,0,0,0
6749,2016,5,3,2,0,0,0,1,0,0,0
6749,2017,2,2,0,0,0,0,0,0,0,0
6751,2024,3,3,2,0,0,1,0,0,0,0
6751,2025,1,1,0,0,0,0,0,0,1,0
6757,2019,2,2,0,0,0,0,0,0,0,0
6757,2020,1,1,1,0,0,0,0,0,0,0
6773,2019,3,3,0,0,0,0,0,0,0,0
6773,2024,3,3,1,0,0,0,0,0,0,0
6773,2025,3,2,1,0,0,0,1,0,0,0
6773,2026,3,3,1,0,0,0,0,0,1,0
6778,2012,3,1,0,0,0,0,2,0,0,0
6787,2018,1,1,0,0,0,0,0,0,1,0
6810,2016,11,9,0,0,0,0,0,0,1,0
6810,2017,12,11,4,0,0,1,1,0,1,0
6810,2018,9,9,1,0,0,0,0,0,0,0
6810,2021,15,15,6,2,0,1,0,0,1,0
6812,2013,1,1,1,0,0,0,0,0,0,0
6818,2018,1,1,0,0,0,0,0,0,0,0
6824,2023,3,3,1,0,0,0,0,0,0,0
6830,2015,1,0,0,0,0,0,1,0,0,0
6830,2016,3,2,0,0,0,0,1,0,1,0
6849,2011,1,1,0,0,0,0,0,0,1,0
6849,2012,6,6,5,0,0,0,0,0,0,0
6853,2020,5,5,0,0,0,0,0,0,0,0
6857,2014,3,3,0,0,0,0,0,0,0,0
6858,2022,1,1,0,0,0,0,0,0,0,0
6858,2024,1,1,0,0,0,0,0,0,1,0
6867,2011,2,2,2,0,0,0,0,0,0,0
6867,2012,1,1,0,0,0,0,0,0,1,0
6873,2019,6,6,3,0,0,0,0,0,0,0
6873,2020,3,3,2,1,0,0,0,0,0,0
6876,2011,3,3,0,0,0,0,0,0,0,0
6882,2023,3,3,0,0,0,0,0,0,0,0
6882,2024,3,3,0,0,0,0,0,0,0,0
6883,2013,1,1,0,0,0,0,0,0,0,0
6886,2018,1,1,1,0,0,0,0,0,0,0
6886,2019,1,1,1,0,0,1,0,0,0,0
6895,2011,1,1,0,0,0,0,0,0,1,0
6895,2012,4,4,0,0,0,0,0,0,1,0
6902,2022,3,2,0,0,0,0,1,0,1,0
6902,2023,2,1,0,0,0,0,1,0,1,0
6907,2019,1,1,1,1,0,0,0,0,0,0
6907,2021,3,2,1,0,0,0,1,0,0,0
6913,2012,1,1,0,0,0,0,0,0,0,0
6914,2016,3,3,0,0,0,0,0,0,1,0
6915,2018,6,6,5,0,0,0,0,0,0,0
6915,2019,3,3,0,0,0,0,0,0,1,0
6915,2024,2,2,0,0,0,0,0,0,1,0
6915,2025,1,1,1,1,0,0,0,0,0,0
6917,2025,2,2,1,1,0,0,0,0,0,0
6923,2025,6,5,3,2,0,0,1,0,1,0
6923,2026,6,6,1,0,0,0,0,0,0,0
6943,2023,1,1,0,0,0,0,0,0,1,0
6961,2014,11,10,4,3,0,0,0,1,0,0
6961,2015,3,3,0,0,0,0,0,0,0,0
6961,2016,1,1,0,0,0,0,0,0,0,0
6961,2017,12,12,2,0,0,1,0,0,0,0
6961,2023,1,1,0,0,0,0,0,0,0,0
6961,2024,3,3,1,0,0,0,0,0,0,0
6961,2025,3,3,2,1,0,0,0,0,0,0
6961,2026,3,3,0,0,0,0,0,0,2,0
6986,2012,1,1,1,0,0,0,0,0,0,0
7000,2011,1,1,1,0,0,0,0,0,0,0
7003,2015,4,4,2,0,0,0,0,0,0,0
7039,2021,1,1,0,0,0,0,0,0,0,0
7039,2025,1,1,0,0,0,0,0,0,0,0
7044,2026,1,1,0,0,0,0,0,0,0,0
7052,2012,2,2,0,0,0,0,0,0,0,0
7052,2014,1,1,0,0,0,0,0,0,0,0
7054,2026,3,3,0,0,0,0,0,0,0,0
7055,2013,2,2,1,0,0,0,0,0,0,0
7058,2021,6,6,3,0,0,1,0,0,2,0
7058,2023,1,0,0,0,0,0,1,0,0,0
7058,2025,3,3,1,0,0,0,0,0,1,0
7061,2013,4,4,2,1,0,0,0,0,1,0
7061,2014,7,4,1,0,0,0,2,0,1,1
7061,2015,2,2,1,1,0,0,0,0,0,0
7077,2020,2,2,0,0,0,0,0,0,0,0
7077,2025,3,2,0,0,0,0,1,0,0,0
7086,2014,1,1,1,0,0,0,0,0,0,0
7086,2015,2,2,2,0,0,1,0,0,0,0
7086,2016,1,1,0,0,0,0,0,0,0,0
7086,2018,1,1,0,0,0,0,0,0,0,0
7086,2023,1,1,1,0,0,0,0,0,0,0
7087,2011,1,1,1,0,0,0,0,0,0,0
7092,2019,1,0,0,0,0,0,1,0,0,0
7092,2020,1,1,0,0,0,0,0,0,1,0
7092,2021,4,4,0,0,0,0,0,0,0,0
7092,2022,3,3,1,0,0,0,0,0,1,0
7101,2018,1,1,1,0,0,0,0,0,0,0
7101,2019,1,1,1,0,0,0,0,0,0,0
7107,2015,1,1,1,1,0,0,0,0,0,0
7111,2013,3,2,0,0,0,0,1,0,0,0
7111,2014,3,3,2,0,0,0,0,0,0,0
7111,2015,1,1,0,0,0,0,0,0,1,0
7111,2016,1,1,0,0,0,0,0,0,0,0
7111,2018,2,2,1,0,1,0,0,0,0,0
7117,2023,2,2,2,0,0,0,0,0,0,0
7117,2024,1,1,1,1,0,0,0,0,0,0
7126,2014,4,4,0,0,0,0,0,0,1,0
7130,2021,3,3,0,0,0,0,0,0,1,0
7130,2025,2,2,0,0,0,0,0,0,1,0
7137,2017,1,1,1,0,0,0,0,0,0,0
7137,2018,2,2,0,0,0,0,0,0,1,0
7137,2019,1,1,0,0,0,0,0,0,0,0
7138,2022,1,1,1,1,0,0,0,0,0,0
7147,2011,3,3,3,2,0,0,0,0,0,0
7149,2012,2,2,1,1,0,0,0,0,0,0
7151,2019,1,1,1,0,0,0,0,0,0,0
7154,2022,6,4,3,1,0,0,2,0,0,0
7154,2023,3,3,2,0,1,0,0,0,1,0
7162,2014,1,1,1,1,0,0,0,0,0,0
7173,2011,1,1,0,0,0,0,0,0,0,0
7194,2011,6,5,1,0,1,0,0,0,1,0
7194,2012,10,7,1,1,0,0,3,0,0,0
7207,2013,1,1,1,0,0,0,0,0,0,0
7207,2014,2,2,2,1,0,0,0,0,0,0
7207,2017,1,1,1,0,0,0,0,0,0,0
7207,2018,2,2,1,1,0,0,0,0,0,0
7207,2024,1,1,0,0,0,0,0,0,0,0
7210,2022,1,1,0,0,0,0,0,0,0,0
7211,2014,1,1,0,0,0,0,0,0,0,0
7211,2015,2,2,1,0,0,0,0,0,0,0
7211,2019,1,1,0,0,0,0,0,0,0,0
7211,2021,1,1,0,0,0,0,0,0,0,0
7220,2013,1,0,0,0,0,0,1,0,0,0
7220,2017,1,1,1,0,0,1,0,0,0,0
7233,2018,3,3,1,0,0,0,0,0,1,0
7239,2021,1,1,0,0,0,0,0,0,0,0
7239,2022,1,1,0,0,0,0,0,0,0,0
7244,2019,3,2,0,0,0,0,1,0,1,0
7250,2021,3,3,2,0,0,2,0,0,0,0
7250,2022,4,4,1,1,0,0,0,0,0,0
7250,2023,3,2,2,1,0,0,1,0,0,0
7250,2024,3,3,1,0,0,0,0,0,1,0
7267,2026,3,3,0,0,0,0,0,0,1,0
7290,2012,1,1,0,0,0,0,0,0,0,0
7306,2023,3,3,1,1,0,0,0,0,0,0
7308,2024,1,1,0,0,0,0,0,0,0,0
7314,2026,1,1,0,0,0,0,0,0,1,0
7315,2022,2,2,0,0,0,0,0,0,0,0
7318,2023,3,3,2,0,0,1,0,0,0,0
7318,2026,1,0,0,0,0,0,0,0,0,1
7321,2013,4,4,2,0,0,0,0,0,1,0
7321,2014,5,5,1,0,0,0,0,0,0,0
7322,2012,4,4,0,0,0,0,0,0,1,0
7322,2016,3,2,0,0,0,0,1,0,1,0
7322,2018,3,2,1,1,0,0,1,0,0,0
7328,2023,2,1,0,0,0,0,1,0,0,0
7328,2024,3,2,0,0,0,0,1,0,1,0
7328,2025,3,3,2,0,0,0,0,0,1,0
7338,2021,6,5,2,0,0,1,1,0,0,0
7339,2025,3,3,1,1,0,0,0,0,0,0
7339,2026,2,2,1,0,0,0,0,0,0,0
7345,2013,1,1,1,0,0,0,0,0,0,0
7345,2021,1,1,0,0,0,0,0,0,0,0
7345,2022,1,0,0,0,0,0,1,0,0,0
7352,2020,1,1,0,0,0,0,0,0,1,0
7357,2026,2,2,0,0,0,0,0,0,1,0
7368,2013,3,3,0,0,0,0,0,0,0,0
7373,2014,4,3,1,0,0,0,0,0,0,1
7373,2015,1,1,0,0,0,0,0,0,1,0
7375,2020,2,2,0,0,0,0,0,0,1,0
7379,2016,9,9,4,0,0,0,0,0,1,0
7379,2017,3,3,1,0,0,1,0,0,0,0
7379,2018,10,10,5,3,0,0,0,0,1,0
7413,2026,2,2,0,0,0,0,0,0,1,0
7422,2016,5,4,0,0,0,0,1,0,0,0
7442,2019,1,1,1,1,0,0,0,0,0,0
7442,2020,2,2,0,0,0,0,0,0,0,0
7442,2021,4,4,0,0,0,0,0,0,1,0
7447,2012,1,0,0,0,0,0,1,0,0,0
7449,2014,6,6,1,0,0,0,0,0,0,0
7449,2023,3,2,1,1,0,0,1,0,0,0
7449,2024,3,3,0,0,0,0,0,0,0,0
7449,2026,3,3,1,0,0,1,0,0,1,0
7456,2012,6,6,3,1,0,0,0,0,0,0
7456,2014,3,3,2,1,0,0,0,0,0,0
7456,2015,3,3,2,1,0,0,0,0,0,0
7456,2016,8,8,5,1,0,1,0,0,1,0
7456,2017,3,3,2,2,0,0,0,0,0,0
7459,2017,1,1,0,0,0,0,0,0,0,0
7459,2018,1,1,1,1,0,0,0,0,0,0
7464,2023,5,5,1,0,0,0,0,0,1,0
7464,2024,9,9,3,1,0,0,0,0,1,0
7464,2026,3,3,0,0,0,0,0,0,1,0
7465,2023,3,3,2,0,0,0,0,0,0,0
7477,2024,1,1,1,0,0,0,0,0,0,0
7484,2011,1,1,0,0,0,0,0,0,0,0
7491,2011,3,3,1,0,0,0,0,0,0,0
7499,2023,1,1,0,0,0,0,0,0,0,0
7499,2024,1,1,0,0,0,0,0,0,1,0
7499,2025,2,2,0,0,0,0,0,0,0,0
7507,2024,2,2,0,0,0,0,0,0,0,0
7510,2012,1,1,0,0,0,0,0,0,0,0
7510,2013,3,3,0,0,0,0,0,0,0,0
7510,2019,3,3,1,0,0,0,0,0,0,0
7514,2022,1,0,0,0,0,0,0,1,0,0
7516,2021,1,1,0,0,0,0,0,0,0,0
7516,2022,2,2,1,0,0,0,0,0,0,0
7519,2017,1,1,1,1,0,0,0,0,0,0
7519,2025,1,1,1,0,0,0,0,0,0,0
7521,2011,3,3,1,0,0,0,0,0,0,0
7521,2013,11,10,2,0,0,0,1,0,1,0
7521,2014,6,6,3,0,0,1,0,0,0,0
7521,2016,3,3,0,0,0,0,0,0,0,0
7521,2017,1,1,1,1,0,0,0,0,0,0
7521,2019,8,7,0,0,0,0,1,0,1,0
7521,2022,1,1,0,0,0,0,0,0,0,0
7524,2017,1,0,0,0,0,0,1,0,0,0
7524,2018,1,1,0,0,0,0,0,0,0,0
7524,2021,1,1,0,0,0,0,0,0,0,0
7532,2014,3,3,2,0,0,0,0,0,0,0
7532,2017,1,0,0,0,0,0,1,0,0,0
7532,2018,11,9,1,1,0,0,1,1,0,0
7532,2019,13,12,7,1,0,1,1,0,3,0
7532,2021,6,6,0,0,0,0,0,0,0,0
7536,2022,1,1,0,0,0,0,0,0,1,0
7541,2016,3,3,0,0,0,0,0,0,1,0
7541,2017,15,15,4,0,0,0,0,0,1,0
7541,2018,3,3,1,0,0,0,0,0,0,0
7547,2020,1,1,0,0,0,0,0,0,1,0
7551,2015,1,0,0,0,0,0,1,0,0,0
7551,2017,1,1,0,0,0,0,0,0,0,0
7551,2018,3,1,1,0,0,0,2,0,0,0
7567,2021,6,5,1,0,0,0,1,0,0,0
7567,2024,3,2,0,0,0,0,1,0,0,0
7567,2026,2,2,0,0,0,0,0,0,1,0
7571,2026,1,1,1,0,0,0,0,0,0,0
7585,2026,3,2,0,0,0,0,1,0,1,0
7621,2026,1,1,0,0,0,0,0,0,0,0
7626,2026,1,1,1,1,0,0,0,0,0,0
7628,2026,1,1,1,0,0,1,0,0,0,0
7638,2026,1,1,0,0,0,0,0,0,0,0
7641,2026,1,1,0,0,0,0,0,0,0,0
7646,2026,2,2,1,0,0,0,0,0,0,0
7653,2026,2,2,0,0,0,0,0,0,0,0
7662,2026,2,2,2,0,0,0,0,0,0,0
7663,2026,2,2,0,0,0,0,0,0,0,0
7665,2026,1,1,0,0,0,0,0,0,0,0
7669,2026,1,1,0,0,0,0,0,0,0,0
7670,2026,1,1,1,0,0,0,0,0,0,0
7678,2026,3,3,0,0,0,0,0,0,0,0
7683,2026,3,2,1,0,0,0,1,0,0,0
7688,2026,2,2,0,0,0,0,0,0,1,0
7702,2026,1,1,0,0,0,0,0,0,1,0
7712,2026,2,2,1,0,0,1,0,0,1,0
7716,2026,1,1,0,0,0,0,0,0,0,0
7721,2026,3,2,1,1,0,0,1,0,0,0
7728,2026,1,1,0,0,0,0,0,0,0,0
7744,2026,10,8,1,1,0,0,2,0,3,0
7750,2026,1,1,0,0,0,0,0,0,0,0
7758,2026,1,1,0,0,0,0,0,0,0,0
7784,2026,3,3,1,0,0,0,0,0,2,0
7789,2026,1,1,0,0,0,0,0,0,0,0
7810,2026,1,1,0,0,0,0,0,0,0,0
7814,2026,1,1,1,0,0,0,0,0,0,0
7825,2024,1,0,0,0,0,0,1,0,0,0
7877,2017,1,1,1,0,0,0,0,0,0,0
7877,2018,7,6,3,1,0,0,1,0,0,0
7877,2019,6,6,1,0,0,0,0,0,1,0
7877,2020,5,5,0,0,0,0,0,0,1,0
7877,2021,13,12,4,1,0,2,1,0,2,0
7877,2022,3,3,0,0,0,0,0,0,0,0
7881,2017,6,6,1,0,0,0,0,0,0,0
7881,2018,1,1,0,0,0,0,0,0,0,0
7881,2021,3,3,1,0,0,0,0,0,0,0
7881,2022,3,3,1,0,0,0,0,0,2,0
7881,2024,2,1,1,0,0,0,1,0,0,0
7883,2026,4,4,2,0,0,0,0,0,1,0
7887,2016,6,5,3,0,0,1,1,0,0,0
7887,2019,3,3,0,0,0,0,0,0,0,0
7895,2014,3,3,0,0,0,0,0,0,0,0
7895,2020,1,1,0,0,0,0,0,0,0,0
7926,2013,3,2,0,0,0,0,1,0,1,0
7926,2015,3,3,1,0,0,1,0,0,0,0
7926,2016,3,3,2,0,0,0,0,0,0,0
7926,2018,6,6,3,1,0,0,0,0,2,0
7926,2022,2,2,1,0,0,0,0,0,0,0
7941,2015,1,1,0,0,0,0,0,0,0,0
7948,2026,3,3,1,0,0,0,0,0,0,0
7956,2020,1,1,0,0,0,0,0,0,0,0
7956,2026,1,1,0,0,0,0,0,0,0,0
7976,2021,2,2,1,0,0,1,0,0,1,0
7976,2023,1,1,0,0,0,0,0,0,0,0
7985,2026,1,1,1,1,0,0,0,0,0,0
7987,2014,4,4,1,1,0,0,0,0,1,0
7987,2015,4,3,3,1,1,0,1,0,0,0
7987,2016,3,3,2,0,0,1,0,0,0,0
7987,2017,1,1,0,0,0,0,0,0,0,0
7996,2018,1,1,1,0,0,0,0,0,0,0
7996,2022,1,1,0,0,0,0,0,0,0,0
7999,2014,3,3,1,0,1,0,0,0,1,0
8000,2012,1,0,0,0,0,0,0,1,0,0
8000,2013,1,1,0,0,0,0,0,0,0,0
8015,2011,3,3,1,0,0,1,0,0,0,0
8015,2012,3,3,1,0,0,0,0,0,0,0
8015,2019,6,4,0,0,0,0,1,0,1,1
8015,2025,3,3,0,0,0,0,0,0,1,0
8016,2013,1,1,0,0,0,0,0,0,0,0
8028,2011,1,1,0,0,0,0,0,0,0,0
8036,2011,1,1,0,0,0,0,0,0,0,0
8036,2012,1,1,0,0,0,0,0,0,0,0
8042,2011,1,1,0,0,0,0,0,0,0,0
8042,2017,3,2,1,1,0,0,1,0,0,0
8052,2016,1,1,1,0,0,0,0,0,0,0
8052,2017,2,2,0,0,0,0,0,0,0,0
8058,2012,2,2,0,0,0,0,0,0,0,0
8058,2014,1,1,1,0,0,0,0,0,0,0
8058,2015,2,2,1,0,0,0,0,0,0,0
8066,2023,1,1,0,0,0,0,0,0,0,0
8066,2024,2,2,1,0,0,0,0,0,0,0
8078,2022,2,2,0,0,0,0,0,0,2,0
8078,2023,3,3,2,0,0,0,0,0,0,0
8078,2024,2,2,0,0,0,0,0,0,0,0
8078,2025,3,3,1,0,0,0,0,0,0,0
8078,2026,2,2,2,0,0,0,0,0,0,0
8086,2024,4,4,0,0,0,0,0,0,0,0
8098,2022,6,6,2,0,0,0,0,0,0,0
8098,2025,1,1,0,0,0,0,0,0,0,0
8101,2023,3,3,0,0,0,0,0,0,1,0
8101,2025,1,1,0,0,0,0,0,0,0,0
8133,2019,3,3,2,0,0,0,0,0,0,0
8133,2021,2,2,0,0,0,0,0,0,1,0
8142,2013,3,3,1,0,0,0,0,0,0,0
8150,2025,3,3,1,1,0,0,0,0,0,0
8167,2022,1,1,0,0,0,0,0,0,1,0
8167,2026,1,1,0,0,0,0,0,0,0,0
8176,2011,9,8,2,1,0,0,1,0,2,0
8184,2013,3,3,0,0,0,0,0,0,1,0
8186,2021,2,2,0,0,0,0,0,0,0,0
8205,2016,1,1,1,0,0,0,0,0,0,0
8223,2016,3,2,1,0,0,1,1,0,1,0
8226,2023,1,1,1,0,0,0,0,0,0,0
8231,2024,3,3,1,0,0,0,0,0,1,0
8236,2024,1,1,1,0,0,1,0,0,0,0
8237,2015,1,1,0,0,0,0,0,0,0,0
8238,2013,2,1,0,0,0,0,1,0,0,0
8250,2019,2,2,0,0,0,0,0,0,0,0
8252,2017,3,3,1,0,0,0,0,0,1,0
8252,2025,1,1,0,0,0,0,0,0,1,0
8252,2026,1,0,0,0,0,0,0,1,0,0
8264,2020,2,2,0,0,0,0,0,0,0,0
8268,2012,6,5,2,0,1,0,1,0,0,0
8268,2013,3,3,1,0,0,0,0,0,0,0
8268,2018,2,2,1,0,0,0,0,0,0,0
8280,2024,1,1,0,0,0,0,0,0,0,0
8280,2025,1,0,0,0,0,0,0,0,0,1
8294,2012,6,5,1,0,0,0,1,0,0,0
8294,2014,2,2,0,0,0,0,0,0,0,0
8326,2013,3,3,1,0,0,0,0,0,0,0
8326,2014,7,7,3,1,0,0,0,0,0,0
8330,2017,3,3,2,1,0,0,0,0,1,0
8330,2022,2,2,0,0,0,0,0,0,1,0
8330,2024,3,3,2,0,0,0,0,0,0,0
8334,2012,2,2,0,0,0,0,0,0,0,0
8334,2016,3,3,2,0,0,0,0,0,0,0
8334,2017,12,11,5,0,0,1,1,0,1,0
8354,2017,2,2,1,0,0,0,0,0,0,0
8356,2017,3,3,1,1,0,0,0,0,0,0
8356,2019,2,2,0,0,0,0,0,0,2,0
8356,2023,1,0,0,0,0,0,1,0,0,0
8372,2014,3,2,1,0,0,0,1,0,0,0
8372,2015,3,2,0,0,0,0,1,0,0,0
8372,2016,5,5,2,1,0,0,0,0,0,0
8372,2019,4,4,0,0,0,0,0,0,0,0
8379,2024,1,1,0,0,0,0,0,0,0,0
8379,2026,1,1,0,0,0,0,0,0,0,0
8387,2014,1,1,0,0,0,0,0,0,0,0
8394,2013,2,2,1,0,0,0,0,0,0,0
8394,2015,6,6,3,0,0,0,0,0,1,0
8394,2018,2,2,1,0,0,0,0,0,0,0
8404,2016,2,2,0,0,0,0,0,0,0,0
8405,2021,6,6,1,0,0,1,0,0,2,0
8405,2025,2,2,1,0,0,1,0,0,0,0
8408,2015,1,1,0,0,0,0,0,0,0,0
8408,2019,1,1,1,0,0,0,0,0,0,0
8416,2026,1,1,0,0,0,0,0,0,0,0
8424,2014,2,2,0,0,0,0,0,0,0,0
8424,2015,1,1,0,0,0,0,0,0,0,0
8424,2016,1,1,0,0,0,0,0,0,0,0
8424,2018,1,1,0,0,0,0,0,0,0,0
8430,2014,3,2,1,0,0,0,1,0,0,0
8430,2015,6,6,2,0,0,0,0,0,0,0
8430,2018,6,5,2,0,0,0,1,0,1,0
8430,2019,6,6,1,0,0,0,0,0,0,0
8437,2012,1,1,1,0,0,0,0,0,0,0
8437,2014,2,2,1,0,0,0,0,0,0,0
8437,2015,2,1,1,0,0,0,1,0,0,0
8438,2012,1,1,0,0,0,0,0,0,1,0
8438,2013,6,6,2,2,0,0,0,0,1,0
8438,2014,2,2,0,0,0,0,0,0,0,0
8438,2015,3,3,2,0,0,0,0,0,0,0
8446,2016,1,1,1,0,0,0,0,0,0,0
8446,2018,1,1,0,0,0,0,0,0,1,0
8451,2011,3,3,1,0,0,0,0,0,0,0
8451,2012,3,3,0,0,0,0,0,0,0,0
8451,2015,2,2,0,0,0,0,0,0,0,0
8451,2016,1,1,1,0,0,0,0,0,0,0
8453,2012,1,1,1,1,0,0,0,0,0,0
8456,2018,5,5,0,0,0,0,0,0,2,0
8456,2020,1,1,0,0,0,0,0,0,0,0
8456,2021,6,6,4,1,0,0,0,0,0,0
8456,2022,13,12,3,1,0,0,1,0,8,0
8456,2023,3,3,0,0,0,0,0,0,1,0
8456,2025,1,1,0,0,0,0,0,0,0,0
8456,2026,3,3,0,0,0,0,0,0,2,0
8461,2013,1,1,1,0,0,0,0,0,0,0
8490,2022,9,8,2,1,0,0,1,0,0,0
8495,2024,1,1,0,0,0,0,0,0,0,0
8502,2025,3,2,0,0,0,0,1,0,0,0
8504,2015,3,2,1,0,0,0,1,0,1,0
8504,2019,1,0,0,0,0,0,0,1,0,0
8512,2011,1,1,0,0,0,0,0,0,0,0
8512,2012,3,3,1,1,0,0,0,0,1,0
8512,2013,1,1,0,0,0,0,0,0,0,0
8535,2022,1,1,1,0,0,0,0,0,0,0
8540,2013,1,1,0,0,0,0,0,0,1,0
8541,2021,2,2,1,0,0,1,0,0,0,0
8541,2022,3,2,1,0,0,0,1,0,0,0
8557,2011,1,1,0,0,0,0,0,0,0,0
8561,2026,1,1,0,0,0,0,0,0,0,0
8566,2018,1,1,1,0,0,0,0,0,0,0
8574,2014,3,3,0,0,0,0,0,0,0,0
8574,2016,3,3,1,0,0,0,0,0,0,0
8579,2015,2,1,0,0,0,0,1,0,1,0
8579,2016,1,1,0,0,0,0,0,0,1,0
8579,2017,2,2,1,0,0,0,0,0,0,0
8581,2011,4,4,0,0,0,0,0,0,0,0
8582,2025,1,1,1,0,0,0,0,0,0,0
8584,2013,1,1,0,0,0,0,0,0,0,0
8584,2014,7,6,4,0,0,1,1,0,0,0
8584,2015,5,5,2,0,0,0,0,0,1,0
8584,2016,2,2,0,0,0,0,0,0,0,0
8584,2017,1,1,0,0,0,0,0,0,0,0
8584,2019,1,1,1,0,0,0,0,0,0,0
8592,2012,1,1,1,0,0,0,0,0,0,0
8592,2013,2,2,0,0,0,0,0,0,0,0
8592,2019,2,2,0,0,0,0,0,0,2,0
8592,2023,1,1,0,0,0,0,0,0,0,0
8595,2021,3,2,0,0,0,0,1,0,0,0
8595,2022,9,7,3,1,0,1,2,0,0,0
8595,2023,3,2,1,0,0,1,1,0,0,0
8597,2012,1,1,0,0,0,0,0,0,0,0
8597,2013,1,1,0,0,0,0,0,0,0,0
8600,2016,3,3,3,1,1,0,0,0,0,0
8600,2017,1,0,0,0,0,0,1,0,0,0
8603,2026,2,2,2,0,0,2,0,0,0,0
8609,2016,3,3,2,1,0,0,0,0,1,0
8619,2011,1,1,1,1,0,0,0,0,0,0
8634,2021,3,3,2,1,0,0,0,0,0,0
8634,2025,6,6,3,1,0,1,0,0,0,0
8643,2017,1,1,1,0,0,0,0,0,0,0
8643,2018,3,3,1,0,0,0,0,0,0,0
8643,2019,1,1,0,0,0,0,0,0,0,0
8643,2020,1,1,0,0,0,0,0,0,0,0
8643,2021,2,2,0,0,0,0,0,0,0,0
8643,2024,1,1,0,0,0,0,0,0,1,0
8664,2023,1,0,0,0,0,0,1,0,0,0
8664,2024,3,3,1,0,0,0,0,0,1,0
8664,2026,3,3,0,0,0,0,0,0,2,0
8690,2018,1,0,0,0,0,0,1,0,0,0
8700,2013,1,0,0,0,0,0,1,0,0,0
8700,2017,2,2,1,0,0,0,0,0,1,0
8700,2018,3,3,2,0,0,1,0,0,0,0
8700,2019,1,1,0,0,0,0,0,0,0,0
8700,2021,2,1,0,0,0,0,1,0,0,0
8710,2013,8,7,2,0,0,0,0,0,0,1
8713,2024,3,3,0,0,0,0,0,0,2,0
8736,2024,1,1,1,0,0,1,0,0,0,0
8751,2020,1,1,0,0,0,0,0,0,0,0
8751,2021,1,1,0,0,0,0,0,0,0,0
8753,2025,3,3,0,0,0,0,0,0,0,0
8773,2014,1,1,0,0,0,0,0,0,0,0
8773,2015,2,2,0,0,0,0,0,0,1,0
8773,2021,2,2,0,0,0,0,0,0,0,0
8789,2015,3,3,2,1,0,0,0,0,0,0
8789,2016,9,6,1,0,0,0,3,0,2,0
8789,2017,10,9,2,0,0,0,1,0,3,0
8789,2018,7,7,2,0,0,0,0,0,1,0
8789,2019,6,5,3,0,0,2,1,0,0,0
8789,2023,3,3,1,0,0,0,0,0,0,0
8789,2024,1,1,1,0,0,0,0,0,0,0
8791,2021,2,2,2,1,0,1,0,0,0,0
8804,2021,2,2,1,0,0,0,0,0,0,0
8804,2024,2,2,1,0,0,0,0,0,1,0
8804,2026,1,1,0,0,0,0,0,0,0,0
8807,2014,4,4,2,2,0,0,0,0,0,0
8815,2022,2,2,1,0,0,0,0,0,0,0
8815,2024,1,1,0,0,0,0,0,0,1,0
8823,2013,3,2,0,0,0,0,1,0,0,0
8823,2015,5,5,2,0,0,0,0,0,1,0
8823,2016,5,3,0,0,0,0,1,1,0,0
8823,2017,1,1,0,0,0,0,0,0,1,0
8838,2018,6,6,0,0,0,0,0,0,0,0
8838,2019,5,5,2,1,0,0,0,0,1,0
8838,2020,2,2,0,0,0,0,0,0,2,0
8868,2025,6,6,0,0,0,0,0,0,2,0
8871,2024,3,3,1,0,0,0,0,0,0,0
8871,2026,2,2,0,0,0,0,0,0,0,0
8873,2013,2,2,1,0,0,0,0,0,0,0
8873,2014,1,1,0,0,0,0,0,0,0,0
8873,2016,1,1,0,0,0,0,0,0,0,0
8880,2016,3,3,1,0,0,0,0,0,1,0
8880,2018,1,1,0,0,0,0,0,0,0,0
8880,2021,1,1,0,0,0,0,0,0,0,0
8880,2022,2,1,0,0,0,0,1,0,0,0
8881,2021,1,1,0,0,0,0,0,0,0,0
8881,2023,1,1,0,0,0,0,0,0,0,0
8881,2026,1,1,0,0,0,0,0,0,0,0
8887,2018,3,2,1,0,0,0,1,0,0,0
8892,2013,1,0,0,0,0,0,1,0,0,0
8903,2023,1,1,0,0,0,0,0,0,0,0
8914,2013,7,7,3,2,0,0,0,0,0,0
8914,2014,3,3,1,0,0,0,0,0,0,0
8914,2015,9,8,3,2,0,0,1,0,1,0
8914,2016,10,9,3,2,0,0,1,0,2,0
8914,2017,7,7,1,0,0,0,0,0,3,0
8914,2019,4,4,2,1,0,0,0,0,0,0
8914,2021,6,6,0,0,0,0,0,0,2,0
8914,2022,14,12,3,2,0,0,2,0,2,0
8914,2023,3,2,1,0,0,1,1,0,0,0
8914,2026,2,2,2,0,0,1,0,0,0,0
8919,2013,5,4,1,0,1,0,1,0,0,0
8919,2015,1,1,0,0,0,0,0,0,1,0
8940,2013,2,2,0,0,0,0,0,0,2,0
8940,2014,1,1,0,0,0,0,0,0,0,0
8940,2015,1,1,0,0,0,0,0,0,1,0
8941,2025,1,1,1,0,0,0,0,0,0,0
8941,2026,8,6,0,0,0,0,2,0,2,0
8956,2014,1,1,1,0,0,0,0,0,0,0
8956,2015,2,1,0,0,0,0,1,0,1,0
8965,2019,5,4,3,2,1,0,1,0,0,0
8982,2017,6,5,2,1,0,0,1,0,0,0
8982,2018,3,3,2,0,0,0,0,0,0,0
8982,2019,3,3,1,0,0,1,0,0,0,0
8982,2021,5,5,1,0,0,0,0,0,1,0
8988,2013,1,1,0,0,0,0,0,0,1,0
8988,2014,2,2,1,0,0,0,0,0,1,0
8988,2015,2,2,0,0,0,0,0,0,0,0
8988,2017,1,1,1,0,0,1,0,0,0,0
8988,2018,1,1,0,0,0,0,0,0,0,0
8988,2021,1,0,0,0,0,0,0,1,0,0
8990,2013,7,7,3,1,0,0,0,0,0,0
8999,2024,3,3,2,1,0,0,0,0,0,0
8999,2026,3,3,0,0,0,0,0,0,0,0
9005,2013,5,4,2,0,0,0,1,0,0,0
9028,2026,2,2,0,0,0,0,0,0,0,0
9058,2025,1,1,0,0,0,0,0,0,1,0
9066,2015,1,1,0,0,0,0,0,0,0,0
9071,2014,3,2,0,0,0,0,0,0,0,0
9071,2015,6,4,2,0,0,0,0,0,0,1
9071,2016,6,5,1,0,0,0,0,1,0,0
9071,2017,6,5,3,1,0,0,0,0,0,1
9071,2019,6,6,1,1,0,0,0,0,2,0
9071,2021,6,6,3,0,0,0,0,0,0,0
9073,2014,3,3,2,0,0,0,0,0,0,0
9078,2017,2,2,2,0,0,0,0,0,0,0
9079,2023,1,1,1,0,0,1,0,0,0,0
9092,2017,3,3,1,1,0,0,0,0,1,0
9092,2021,3,1,0,0,0,0,2,0,1,0
9092,2022,4,4,1,0,0,1,0,0,2,0
9092,2023,1,0,0,0,0,0,1,0,0,0
9092,2024,3,3,1,0,0,0,0,0,0,0
9103,2019,3,2,1,0,0,0,1,0,1,0
9103,2022,6,5,3,0,0,0,1,0,0,0
9109,2021,2,0,0,0,0,0,1,0,0,1
9129,2014,4,4,1,0,0,0,0,0,0,0
9129,2015,9,8,4,1,0,0,0,1,1,0
9129,2017,6,5,2,0,0,0,1,0,1,0
9129,2018,3,3,1,0,0,0,0,0,1,0
9129,2019,1,1,0,0,0,0,0,0,0,0
9129,2026,1,1,1,1,0,0,0,0,0,0
9134,2019,2,1,1,0,0,0,1,0,0,0
9138,2024,1,1,1,0,0,0,0,0,0,0
9141,2021,1,1,1,0,0,0,0,0,0,0
9141,2022,1,1,0,0,0,0,0,0,0,0
9143,2013,3,3,0,0,0,0,0,0,1,0
9143,2014,3,3,0,0,0,0,0,0,0,0
9143,2017,3,3,2,1,0,1,0,0,0,0
9143,2018,6,6,2,0,0,1,0,0,2,0
9166,2024,3,2,2,0,0,1,0,1,0,0
9166,2025,5,5,1,0,0,0,0,0,2,0
9184,2018,1,0,0,0,0,0,0,1,0,0
9196,2013,1,1,0,0,0,0,0,0,0,0
9196,2014,1,1,0,0,0,0,0,0,0,0
9196,2017,2,0,0,0,0,0,1,1,0,0
9198,2013,7,7,0,0,0,0,0,0,3,0
9198,2014,4,4,3,0,0,0,0,0,0,0
9198,2015,3,3,1,0,0,0,0,0,1,0
9198,2016,3,3,2,0,0,0,0,0,1,0
9198,2017,3,2,1,1,0,0,1,0,0,0
9198,2018,6,6,1,0,0,0,0,0,3,0
9209,2025,3,3,0,0,0,0,0,0,0,0
9221,2017,4,4,0,0,0,0,0,0,1,0
9221,2018,1,1,0,0,0,0,0,0,0,0
9221,2022,3,3,0,0,0,0,0,0,0,0
9221,2023,2,2,1,0,0,0,0,0,0,0
9221,2024,1,1,0,0,0,0,0,0,0,0
9224,2013,1,1,0,0,0,0,0,0,0,0
9235,2022,3,3,0,0,0,0,0,0,0,0
9235,2024,1,1,1,1,0,0,0,0,0,0
9246,2013,1,0,0,0,0,0,1,0,0,0
9250,2015,1,0,0,0,0,0,1,0,0,0
9250,2016,1,0,0,0,0,0,0,0,0,1
9251,2011,2,2,0,0,0,0,0,0,1,0
9251,2012,1,1,0,0,0,0,0,0,0,0
9251,2014,1,1,0,0,0,0,0,0,0,0
9254,2015,2,2,1,0,0,0,0,0,0,0
9257,2020,2,2,1,0,0,0,0,0,0,0
9257,2021,3,3,1,0,0,0,0,0,0,0
9257,2022,6,6,1,0,0,0,0,0,2,0
9257,2024,3,2,0,0,0,0,1,0,0,0
9257,2025,3,2,1,0,0,1,1,0,0,0
9257,2026,4,4,1,0,0,0,0,0,1,0
9265,2024,1,1,0,0,0,0,0,0,0,0
9269,2013,7,7,1,0,0,0,0,0,4,0
9269,2014,6,6,2,0,0,0,0,0,2,0
9269,2015,7,7,0,0,0,0,0,0,1,0
9269,2016,3,3,0,0,0,0,0,0,0,0
9269,2021,4,4,2,0,0,0,0,0,1,0
9269,2024,3,3,1,0,0,1,0,0,1,0
9299,2022,5,3,0,0,0,0,2,0,0,0
9299,2023,6,5,0,0,0,0,1,0,1,0
9299,2024,6,4,1,0,0,0,1,1,0,0
9308,2024,1,1,0,0,0,0,0,0,0,0
9314,2026,1,1,0,0,0,0,0,0,0,0
9322,2018,1,1,0,0,0,0,0,0,0,0
9326,2013,3,3,1,1,0,0,0,0,1,0
9326,2014,5,4,1,0,0,0,1,0,0,0
9326,2015,6,6,2,0,0,0,0,0,0,0
9326,2016,2,1,0,0,0,0,0,1,0,0
9326,2017,6,5,1,0,0,0,1,0,2,0
9326,2023,1,1,0,0,0,0,0,0,1,0
9334,2016,3,3,2,0,0,0,0,0,0,0
9334,2017,3,3,1,0,0,0,0,0,1,0
9341,2018,2,2,1,1,0,0,0,0,0,0
9341,2019,1,1,0,0,0,0,0,0,0,0
9342,2015,1,0,0,0,0,0,0,1,0,0
9342,2016,1,1,1,1,0,0,0,0,0,0
9342,2017,1,0,0,0,0,0,1,0,0,0
9342,2018,4,4,0,0,0,0,0,0,1,0
9342,2019,6,6,1,0,0,0,0,0,2,0
9342,2020,2,1,0,0,0,0,0,1,1,0
9342,2021,1,0,0,0,0,0,1,0,0,0
9342,2022,1,1,0,0,0,0,0,0,1,0
9343,2021,1,1,0,0,0,0,0,0,0,0
9343,2023,1,1,0,0,0,0,0,0,0,0
9347,2011,2,2,1,1,0,0,0,0,0,0
9352,2018,3,3,0,0,0,0,0,0,1,0
9353,2020,4,4,0,0,0,0,0,0,0,0
9353,2021,2,2,0,0,0,0,0,0,1,0
9353,2022,1,1,0,0,0,0,0,0,1,0
9354,2014,1,1,0,0,0,0,0,0,0,0
9356,2015,1,1,0,0,0,0,0,0,0,0
9356,2016,3,3,0,0,0,0,0,0,0,0
9374,2015,2,2,1,1,0,0,0,0,0,0
9391,2014,1,1,0,0,0,0,0,0,0,0
9391,2016,1,1,1,0,0,0,0,0,0,0
9393,2021,2,2,0,0,0,0,0,0,0,0
9393,2022,6,6,2,0,0,1,0,0,0,0
9393,2024,1,1,0,0,0,0,0,0,0,0
9393,2026,6,6,3,1,1,0,0,0,0,0
9395,2015,2,2,1,0,0,0,0,0,0,0
9406,2012,2,2,0,0,0,0,0,0,0,0
9420,2014,3,3,1,1,0,0,0,0,0,0
9420,2015,6,5,3,0,1,0,0,1,0,0
9420,2016,3,2,2,2,0,0,1,0,0,0
9420,2018,3,1,0,0,0,0,1,1,0,0
9420,2020,3,3,0,0,0,0,0,0,1,0
9420,2022,7,6,5,0,0,2,1,0,0,0
9420,2026,3,1,1,1,0,0,2,0,0,0
9425,2023,3,3,1,0,0,0,0,0,1,0
9425,2024,3,3,1,0,0,1,0,0,1,0
9425,2025,2,2,0,0,0,0,0,0,0,0
9445,2013,2,2,2,1,0,0,0,0,0,0
9445,2014,3,1,0,0,0,0,2,0,1,0
9449,2013,2,2,0,0,0,0,0,0,1,0
9449,2015,1,1,0,0,0,0,0,0,0,0
9449,2017,2,2,0,0,0,0,0,0,0,0
9449,2018,2,2,0,0,0,0,0,0,0,0
9453,2016,3,2,1,0,0,0,1,0,0,0
9456,2014,1,1,0,0,0,0,0,0,0,0
9462,2022,1,1,0,0,0,0,0,0,0,0
9513,2012,3,2,1,0,0,0,0,0,0,0
9513,2013,1,1,1,0,0,0,0,0,0,0
9526,2016,1,1,0,0,0,0,0,0,0,0
9546,2011,1,1,0,0,0,0,0,0,0,0
9546,2013,2,2,1,1,0,0,0,0,0,0
9557,2017,1,1,0,0,0,0,0,0,0,0
9565,2026,1,1,0,0,0,0,0,0,0,0
9576,2012,4,4,0,0,0,0,0,0,0,0
9581,2013,7,5,1,0,0,0,2,0,1,0
9581,2014,15,14,5,1,0,0,1,0,1,0
9581,2015,9,9,3,0,0,0,0,0,0,0
9581,2017,4,4,0,0,0,0,0,0,2,0
9581,2018,3,3,1,1,0,0,0,0,0,0
9581,2020,2,1,1,0,0,0,1,0,0,0
9581,2021,3,2,1,0,0,1,1,0,1,0
9581,2022,2,2,0,0,0,0,0,0,0,0
9594,2019,1,1,0,0,0,0,0,0,1,0
9594,2021,1,1,0,0,0,0,0,0,1,0
9594,2024,1,1,0,0,0,0,0,0,1,0
9594,2026,3,3,1,0,0,0,0,0,1,0
9605,2013,3,3,1,0,0,0,0,0,0,0
9652,2016,1,1,0,0,0,0,0,0,0,0
9677,2014,3,3,2,0,0,0,0,0,0,0
9677,2017,3,3,0,0,0,0,0,0,0,0
9677,2019,5,5,0,0,0,0,0,0,1,0
9688,2013,2,2,0,0,0,0,0,0,0,0
9688,2014,1,0,0,0,0,0,1,0,0,0
9688,2015,1,1,0,0,0,0,0,0,0,0
9688,2016,1,1,0,0,0,0,0,0,0,0
9688,2018,2,2,1,0,0,0,0,0,1,0
9688,2021,1,1,1,0,0,1,0,0,0,0
9688,2023,1,0,0,0,0,0,1,0,0,0
9688,2024,2,2,1,0,0,0,0,0,0,0
9741,2017,1,1,0,0,0,0,0,0,1,0
9741,2019,2,2,1,1,0,0,0,0,0,0
9741,2020,2,2,1,0,0,0,0,0,0,0
9741,2021,1,1,0,0,0,0,0,0,0,0
9741,2022,1,1,0,0,0,0,0,0,0,0
9753,2026,6,6,2,0,0,0,0,0,0,0
9761,2014,3,3,0,0,0,0,0,0,0,0
9761,2015,1,1,1,0,0,0,0,0,0,0
9761,2018,1,1,0,0,0,0,0,0,1,0
9761,2019,1,1,0,0,0,0,0,0,1,0
9762,2015,6,6,2,0,0,0,0,0,1,0
9762,2016,3,3,1,0,0,0,0,0,1,0
9762,2017,4,4,1,0,0,0,0,0,0,0
9762,2018,3,1,1,0,0,1,2,0,0,0
9762,2021,6,6,0,0,0,0,0,0,3,0
9762,2023,3,3,1,0,0,0,0,0,0,0
9762,2024,6,6,1,1,0,0,0,0,1,0
9762,2025,3,2,0,0,0,0,1,0,1,0
9766,2026,1,1,0,0,0,0,0,0,0,0
9768,2021,1,1,0,0,0,0,0,0,1,0
9774,2015,3,3,0,0,0,0,0,0,2,0
9774,2017,2,2,2,1,0,0,0,0,0,0
9774,2018,2,2,0,0,0,0,0,0,1,0
9774,2021,6,6,3,0,0,1,0,0,0,0
9774,2022,6,6,2,0,0,1,0,0,1,0
9774,2023,3,2,1,0,0,0,1,0,0,0
9774,2024,3,3,1,1,0,0,0,0,0,0
9774,2025,3,3,1,0,0,0,0,0,0,0
9774,2026,3,3,2,0,0,0,0,0,0,0
9775,2025,2,2,1,0,0,0,0,0,0,0
9781,2012,2,2,0,0,0,0,0,0,0,0
9781,2013,1,1,0,0,0,0,0,0,0,0
9782,2015,5,4,2,0,0,0,1,0,0,0
9786,2023,3,2,0,0,0,0,1,0,0,0
9786,2024,3,3,2,1,0,0,0,0,0,0
9786,2026,7,7,1,0,0,0,0,0,2,0
9788,2011,1,1,0,0,0,0,0,0,1,0
9788,2013,1,1,0,0,0,0,0,0,0,0
9794,2020,1,1,0,0,0,0,0,0,0,0
9794,2021,2,2,1,0,0,0,0,0,0,0
9796,2019,2,2,0,0,0,0,0,0,0,0
9796,2020,1,1,0,0,0,0,0,0,0,0
9802,2024,2,2,0,0,0,0,0,0,1,0
9802,2025,1,1,0,0,0,0,0,0,0,0
9812,2017,1,1,1,0,0,0,0,0,0,0
9822,2012,7,7,3,0,0,0,0,0,0,0
9822,2015,4,4,0,0,0,0,0,0,2,0
9825,2024,1,1,1,0,0,0,0,0,0,0
9826,2025,1,1,0,0,0,0,0,0,0,0
9827,2015,2,2,1,0,0,0,0,0,0,0
9827,2018,2,2,1,0,0,0,0,0,0,0
9827,2019,5,5,2,1,0,0,0,0,0,0
9830,2011,1,1,1,0,0,0,0,0,0,0
9830,2012,1,1,1,0,0,0,0,0,0,0
9830,2013,1,1,1,0,0,0,0,0,0,0
9835,2012,1,1,1,0,0,0,0,0,0,0
9835,2014,2,2,2,0,0,0,0,0,0,0
9842,2012,3,2,0,0,0,0,1,0,0,0
9844,2016,1,0,0,0,0,0,1,0,0,0
9844,2019,1,1,0,0,0,0,0,0,1,0
9845,2024,1,1,1,0,0,0,0,0,0,0
9845,2025,1,1,0,0,0,0,0,0,0,0
9845,2026,2,2,1,0,0,0,0,0,0,0
9846,2024,3,3,1,1,0,0,0,0,1,0
9846,2025,3,3,0,0,0,0,0,0,2,0
9846,2026,3,3,1,0,0,0,0,0,0,0
9865,2025,1,1,0,0,0,0,0,0,1,0
9871,2026,2,2,1,0,0,0,0,0,0,0
9876,2023,1,1,0,0,0,0,0,0,0,0
9885,2015,1,1,1,0,0,0,0,0,0,0
9885,2016,2,2,0,0,0,0,0,0,1,0
9886,2019,1,1,0,0,0,0,0,0,0,0
9887,2011,1,1,0,0,0,0,0,0,0,0
9887,2012,1,1,0,0,0,0,0,0,0,0
9888,2026,2,2,1,0,0,0,0,0,0,0
9902,2012,3,3,0,0,0,0,0,0,0,0
9902,2017,1,1,1,0,0,0,0,0,0,0
9902,2018,1,1,0,0,0,0,0,0,0,0
9902,2021,3,3,2,2,0,0,0,0,0,0
9906,2016,1,0,0,0,0,0,1,0,0,0
9906,2017,1,1,1,0,0,0,0,0,0,0
9906,2018,2,1,1,0,0,0,1,0,0,0
9908,2020,2,2,1,1,0,0,0,0,0,0
9944,2012,1,1,0,0,0,0,0,0,0,0
9949,2022,1,1,1,0,0,0,0,0,0,0
9949,2023,3,1,0,0,0,0,1,1,0,0
9949,2024,1,1,0,0,0,0,0,0,0,0
9954,2013,1,1,1,0,0,0,0,0,0,0
9954,2016,1,1,1,0,0,0,0,0,0,0
9966,2012,1,1,0,0,0,0,0,0,0,0
9966,2013,1,1,0,0,0,0,0,0,0,0
9966,2014,2,1,0,0,0,0,1,0,1,0
9966,2016,1,1,0,0,0,0,0,0,0,0
9968,2015,3,3,2,1,0,0,0,0,0,0
9968,2017,3,1,0,0,0,0,2,0,0,0
9968,2018,3,3,0,0,0,0,0,0,0,0
9971,2014,1,1,0,0,0,0,0,0,0,0
9974,2025,3,3,1,0,0,0,0,0,1,0
9985,2024,1,1,1,0,0,0,0,0,0,0
9985,2026,2,2,0,0,0,0,0,0,1,0
9995,2017,1,1,1,0,0,0,0,0,0,0
10005,2013,1,1,0,0,0,0,0,0,0,0
10014,2022,2,1,0,0,0,0,1,0,0,0
10014,2024,1,1,0,0,0,0,0,0,1,0
10019,2015,1,1,1,0,0,0,0,0,0,0
10019,2018,2,1,0,0,0,0,1,0,0,0
10025,2011,2,2,1,0,0,0,0,0,1,0
10033,2015,3,2,1,0,0,0,1,0,0,0
10040,2012,3,3,1,1,0,0,0,0,0,0
10046,2025,1,1,0,0,0,0,0,0,0,0
10054,2022,3,2,1,0,0,0,1,0,0,0
10054,2023,3,3,0,0,0,0,0,0,1,0
10054,2024,3,3,1,0,0,0,0,0,0,0
10054,2025,6,6,0,0,0,0,0,0,4,0
10054,2026,3,2,0,0,0,0,1,0,1,0
10062,2024,3,2,1,1,0,0,1,0,0,0
10064,2021,3,1,0,0,0,0,1,0,0,1
10066,2011,2,2,1,0,0,0,0,0,0,0
10066,2012,2,2,1,0,0,0,0,0,0,0
10066,2016,1,0,0,0,0,0,1,0,0,0
10069,2014,3,3,2,0,0,0,0,0,0,0
10069,2016,3,3,0,0,0,0,0,0,1,0
10069,2018,3,3,2,0,0,0,0,0,1,0
10081,2020,1,1,0,0,0,0,0,0,0,0
10081,2021,3,3,1,0,0,0,0,0,0,0
10090,2019,1,1,0,0,0,0,0,0,1,0
10097,2011,2,2,0,0,0,0,0,0,0,0
10097,2012,1,0,0,0,0,0,1,0,0,0
10101,2014,6,6,1,0,0,0,0,0,0,0
10101,2016,3,2,1,0,0,0,1,0,0,0
10101,2017,3,3,1,0,0,1,0,0,1,0
10101,2019,2,2,1,0,0,0,0,0,0,0
10103,2012,3,3,1,0,0,0,0,0,1,0
10103,2014,3,3,3,2,0,0,0,0,0,0
10103,2015,2,2,1,0,0,0,0,0,0,0
10103,2016,2,2,0,0,0,0,0,0,0,0
10111,2012,4,3,1,0,0,0,0,1,0,0
10111,2013,7,7,2,0,0,0,0,0,1,0
10111,2015,4,4,2,1,0,0,0,0,2,0
10111,2016,7,7,3,0,0,1,0,0,2,0
10111,2018,3,3,0,0,0,0,0,0,1,0
10111,2023,6,6,3,2,0,0,0,0,3,0
10118,2011,3,3,0,0,0,0,0,0,1,0
10118,2012,6,4,0,0,0,0,2,0,2,0
10118,2013,4,4,1,0,0,0,0,0,0,0
10118,2014,14,14,6,0,0,0,0,0,2,0
10118,2018,3,2,0,0,0,0,1,0,0,0
10122,2019,7,7,0,0,0,0,0,0,2,0
10136,2012,7,7,2,0,0,0,0,0,0,0
10136,2013,1,1,0,0,0,0,0,0,0,0
10136,2016,3,3,2,0,0,1,0,0,0,0
10138,2014,1,1,0,0,0,0,0,0,0,0
10138,2015,3,3,1,0,0,0,0,0,0,0
10138,2016,3,2,1,1,0,0,1,0,0,0
10138,2017,2,2,2,0,0,0,0,0,0,0
10138,2021,1,1,0,0,0,0,0,0,0,0
10138,2022,3,2,0,0,0,0,0,1,0,0
10144,2025,3,3,0,0,0,0,0,0,2,0
10144,2026,3,3,1,1,0,0,0,0,1,0
10147,2011,1,1,0,0,0,0,0,0,0,0
10147,2012,1,1,0,0,0,0,0,0,0,0
10156,2012,4,3,1,0,0,0,0,1,0,0
10168,2022,2,2,1,1,0,0,0,0,1,0
10168,2023,1,0,0,0,0,0,1,0,0,0
10180,2021,1,0,0,0,0,0,1,0,0,0
10180,2022,2,2,0,0,0,0,0,0,0,0
10180,2023,1,1,1,0,0,0,0,0,0,0
10180,2024,2,2,1,1,0,0,0,0,1,0
10182,2019,4,4,0,0,0,0,0,0,0,0
10182,2020,2,1,0,0,0,0,1,0,0,0
10182,2021,5,5,0,0,0,0,0,0,2,0
10182,2022,3,3,2,2,0,0,0,0,1,0
10182,2024,3,3,2,0,0,0,0,0,0,0
10208,2020,1,0,0,0,0,0,1,0,0,0
10208,2021,2,1,0,0,0,0,1,0,0,0
10208,2022,1,1,0,0,0,0,0,0,1,0
10208,2025,1,1,0,0,0,0,0,0,0,0
10209,2013,3,3,1,0,0,0,0,0,1,0
10209,2015,7,7,2,0,0,0,0,0,1,0
10209,2017,6,6,2,1,0,1,0,0,0,0
10209,2021,2,2,0,0,0,0,0,0,0,0
10213,2024,1,1,0,0,0,0,0,0,0,0
10213,2025,1,0,0,0,0,0,1,0,0,0
10214,2013,3,3,0,0,0,0,0,0,1,0
10214,2014,5,3,1,0,0,0,2,0,0,0
10214,2015,12,11,3,1,0,0,1,0,1,0
10214,2016,6,6,3,0,0,0,0,0,1,0
10214,2017,3,3,1,0,0,0,0,0,0,0
10214,2018,1,0,0,0,0,0,1,0,0,0
10214,2021,1,1,0,0,0,0,0,0,0,0
10227,2013,1,1,0,0,0,0,0,0,1,0
10227,2014,1,1,0,0,0,0,0,0,1,0
10228,2024,1,0,0,0,0,0,1,0,0,0
10244,2023,1,1,1,0,0,0,0,0,0,0
10244,2024,3,2,0,0,0,0,1,0,2,0
10245,2024,1,1,1,0,0,0,0,0,0,0
10249,2011,4,4,3,0,0,0,0,0,0,0
10249,2013,14,13,2,1,0,0,1,0,2,0
10259,2021,2,1,0,0,0,0,1,0,0,0
10259,2022,2,2,1,0,0,0,0,0,1,0
10264,2021,4,4,2,0,0,0,0,0,1,0
10264,2022,1,1,1,1,0,0,0,0,0,0
10264,2023,1,1,1,0,0,0,0,0,0,0
10264,2024,1,1,0,0,0,0,0,0,0,0
10265,2013,1,1,0,0,0,0,0,0,0,0
10272,2021,1,0,0,0,0,0,1,0,0,0
10288,2013,3,3,0,0,0,0,0,0,0,0
10288,2014,8,8,2,0,0,0,0,0,1,0
10288,2021,3,3,0,0,0,0,0,0,3,0
10288,2023,6,6,0,0,0,0,0,0,2,0
10288,2024,2,2,1,0,0,0,0,0,0,0
10292,2012,1,1,1,0,0,0,0,0,0,0
10292,2013,6,6,2,0,0,0,0,0,1,0
10292,2014,3,3,1,0,0,0,0,0,0,0
10292,2015,1,1,1,1,0,0,0,0,0,0
10292,2016,1,1,0,0,0,0,0,0,0,0
10298,2019,2,2,2,1,0,0,0,0,0,0
10299,2025,3,3,2,1,0,1,0,0,0,0
10309,2023,3,3,1,0,0,0,0,0,0,0
10309,2024,3,3,2,1,0,1,0,0,0,0
10337,2022,1,1,0,0,0,0,0,0,0,0
10337,2024,2,2,1,0,0,0,0,0,0,0
10337,2025,2,2,0,0,0,0,0,0,1,0
10337,2026,1,1,0,0,0,0,0,0,1,0
10342,2015,1,1,1,1,0,0,0,0,0,0
10345,2015,1,1,0,0,0,0,0,0,0,0
10356,2016,1,0,0,0,0,0,1,0,0,0
10362,2012,3,3,0,0,0,0,0,0,0,0
10374,2026,3,2,1,0,0,0,1,0,0,0
10389,2023,1,1,1,1,0,0,0,0,0,0
10389,2024,1,1,1,1,0,0,0,0,0,0
10390,2019,1,1,1,0,0,0,0,0,0,0
10394,2013,2,2,0,0,0,0,0,0,0,0
10394,2014,1,1,0,0,0,0,0,0,0,0
10394,2015,2,2,0,0,0,0,0,0,1,0
10394,2016,1,1,0,0,0,0,0,0,0,0
10410,2022,2,2,0,0,0,0,0,0,0,0
10410,2023,6,6,2,1,0,0,0,0,2,0
10410,2024,13,11,4,2,0,0,1,1,0,0
10410,2025,5,5,3,0,0,2,0,0,0,0
10446,2020,1,1,0,0,0,0,0,0,1,0
10446,2021,2,2,1,1,0,0,0,0,0,0
10446,2022,1,1,0,0,0,0,0,0,0,0
10454,2026,1,1,1,1,0,0,0,0,0,0
10456,2020,3,3,0,0,0,0,0,0,1,0
10456,2021,4,4,1,0,0,0,0,0,0,0
10456,2026,3,3,0,0,0,0,0,0,2,0
10474,2016,1,1,0,0,0,0,0,0,0,0
10474,2017,5,5,1,0,0,0,0,0,2,0
10474,2018,7,7,3,0,0,0,0,0,1,0
10474,2022,6,6,0,0,0,0,0,0,2,0
10474,2023,3,3,2,1,0,0,0,0,0,0
10474,2024,4,4,2,0,0,0,0,0,0,0
10474,2025,12,10,3,0,0,0,1,1,3,0
10477,2021,4,3,2,0,0,0,1,0,0,0
10477,2022,2,2,0,0,0,0,0,0,0,0
10484,2026,3,2,1,1,0,0,1,0,0,0
10503,2011,1,1,1,0,0,0,0,0,0,0
10503,2014,3,3,0,0,0,0,0,0,0,0
10503,2015,1,1,0,0,0,0,0,0,0,0
10503,2016,3,3,1,0,0,0,0,0,0,0
10503,2019,1,1,1,1,0,0,0,0,0,0
10503,2020,1,1,0,0,0,0,0,0,0,0
10503,2021,1,1,1,1,0,0,0,0,0,0
10517,2023,3,3,0,0,0,0,0,0,0,0
10517,2025,3,2,1,0,0,0,0,0,0,1
10521,2020,3,3,1,0,0,0,0,0,1,0
10521,2021,5,5,4,1,0,0,0,0,1,0
10538,2018,1,0,0,0,0,0,0,1,0,0
10547,2013,3,3,0,0,0,0,0,0,1,0
10547,2014,3,3,1,0,0,0,0,0,1,0
10547,2015,3,3,2,1,0,0,0,0,0,0
10547,2017,3,2,0,0,0,0,1,0,1,0
10547,2018,6,6,3,1,0,0,0,0,0,0
10565,2014,5,5,3,1,0,0,0,0,0,0
10565,2015,5,4,1,0,0,1,0,1,1,0
10565,2016,13,11,4,0,0,1,2,0,1,0
10565,2017,9,9,2,0,0,1,0,0,2,0
10565,2021,2,2,0,0,0,0,0,0,1,0
10571,2023,1,0,0,0,0,0,1,0,0,0
10574,2016,1,1,0,0,0,0,0,0,0,0
10574,2017,1,1,0,0,0,0,0,0,0,0
10574,2022,1,0,0,0,0,0,1,0,0,0
10577,2025,1,0,0,0,0,0,1,0,0,0
10580,2024,1,1,1,0,0,0,0,0,0,0
10580,2025,1,1,0,0,0,0,0,0,1,0
10594,2023,5,3,0,0,0,0,2,0,2,0
10594,2025,1,1,0,0,0,0,0,0,0,0
10609,2012,2,2,1,1,0,0,0,0,0,0
10609,2013,2,1,1,0,0,0,1,0,0,0
10609,2015,6,6,2,0,0,0,0,0,0,0
10617,2025,1,1,1,0,0,0,0,0,0,0
10623,2023,2,2,0,0,0,0,0,0,1,0
10623,2024,3,3,2,0,0,1,0,0,1,0
10626,2021,6,6,1,0,0,0,0,0,1,0
10626,2022,3,3,0,0,0,0,0,0,0,0
10626,2024,6,6,2,1,0,0,0,0,0,0
10626,2025,1,0,0,0,0,0,1,0,0,0
10650,2014,9,8,3,0,0,0,1,0,2,0
10650,2016,1,1,1,0,0,0,0,0,0,0
10650,2017,8,6,2,0,0,0,1,1,1,0
10650,2018,8,7,2,0,0,0,1,0,0,0
10652,2024,3,3,1,0,0,0,0,0,0,0
10652,2025,3,3,1,0,0,0,0,0,0,0
10663,2021,3,2,0,0,0,0,0,1,1,0
10663,2022,3,3,2,0,0,1,0,0,1,0
10663,2024,7,6,2,2,0,0,1,0,1,0
10663,2025,3,3,0,0,0,0,0,0,2,0
10675,2021,1,1,0,0,0,0,0,0,0,0
10688,2022,1,1,0,0,0,0,0,0,0,0
10696,2018,2,0,0,0,0,0,2,0,0,0
10696,2020,1,1,0,0,0,0,0,0,0,0
10696,2021,4,3,2,0,0,0,1,0,0,0
10696,2024,2,2,0,0,0,0,0,0,0,0
10704,2016,2,2,1,0,0,1,0,0,0,0
10705,2014,2,2,1,0,0,0,0,0,0,0
10706,2014,1,1,0,0,0,0,0,0,0,0
10706,2015,6,6,0,0,0,0,0,0,4,0
10706,2016,1,1,1,0,0,0,0,0,0,0
10711,2025,2,1,0,0,0,0,1,0,0,0
10711,2026,1,1,0,0,0,0,0,0,1,0
10733,2012,1,1,0,0,0,0,0,0,1,0
10733,2013,3,3,0,0,0,0,0,0,0,0
10733,2014,3,3,0,0,0,0,0,0,0,0
10733,2015,7,7,2,2,0,0,0,0,0,0
10733,2016,2,2,0,0,0,0,0,0,0,0
10733,2021,3,3,1,0,0,0,0,0,0,0
10735,2016,2,2,0,0,0,0,0,0,0,0
10735,2017,2,1,0,0,0,0,1,0,0,0
10771,2025,3,2,1,0,0,0,1,0,0,0
10784,2014,5,5,3,1,0,0,0,0,0,0
10784,2016,3,3,0,0,0,0,0,0,0,0
10784,2019,5,5,2,0,0,1,0,0,2,0
10788,2022,1,1,1,1,0,0,0,0,0,0
10788,2024,1,1,0,0,0,0,0,0,0,0
10790,2016,2,2,0,0,0,0,0,0,1,0
10790,2017,6,5,3,0,0,2,1,0,1,0
10790,2018,3,3,0,0,0,0,0,0,0,0
10790,2019,3,3,1,0,0,1,0,0,0,0
10790,2021,2,2,1,0,0,0,0,0,0,0
10790,2023,3,3,1,0,0,0,0,0,1,0
10795,2022,1,1,1,0,0,0,0,0,0,0
10795,2023,4,4,2,0,0,1,0,0,1,0
10795,2025,1,1,0,0,0,0,0,0,0,0
10845,2026,1,1,0,0,0,0,0,0,1,0
10846,2014,2,1,1,1,0,0,0,0,0,1
10846,2016,1,1,0,0,0,0,0,0,0,0
10846,2017,3,3,0,0,0,0,0,0,0,0
10846,2018,2,2,0,0,0,0,0,0,2,0
10846,2019,2,2,1,0,0,0,0,0,0,0
10846,2020,2,2,2,0,0,0,0,0,0,0
10847,2025,6,3,0,0,0,0,3,0,0,0
10847,2026,3,3,0,0,0,0,0,0,0,0
10848,2014,2,2,1,0,0,0,0,0,0,0
10849,2025,2,2,0,0,0,0,0,0,0,0
10863,2019,1,1,0,0,0,0,0,0,0,0
10863,2021,1,1,0,0,0,0,0,0,0,0
10863,2022,1,1,0,0,0,0,0,0,0,0
10878,2019,1,1,0,0,0,0,0,0,0,0
10889,2019,1,1,0,0,0,0,0,0,1,0
10889,2023,1,1,1,1,0,0,0,0,0,0
10889,2024,2,2,2,0,0,0,0,0,0,0
10889,2025,1,1,0,0,0,0,0,0,0,0
10889,2026,2,2,0,0,0,0,0,0,1,0
10898,2024,1,1,1,0,0,0,0,0,0,0
10898,2025,3,3,1,0,0,1,0,0,0,0
10905,2024,2,1,0,0,0,0,1,0,1,0
10924,2025,5,4,0,0,0,0,1,0,0,0
10924,2026,2,1,0,0,0,0,1,0,1,0
10946,2011,1,1,0,0,0,0,0,0,1,0
10946,2012,1,1,0,0,0,0,0,0,0,0
10946,2014,1,1,0,0,0,0,0,0,0,0
10946,2020,1,1,0,0,0,0,0,0,0,0
10946,2021,1,1,0,0,0,0,0,0,0,0
10968,2018,3,2,1,0,0,0,1,0,0,0
10968,2024,1,1,1,0,0,0,0,0,0,0
10968,2025,1,0,0,0,0,0,1,0,0,0
10978,2022,2,2,1,1,0,0,0,0,0,0
10982,2021,2,2,0,0,0,0,0,0,0,0
10988,2021,1,0,0,0,0,0,1,0,0,0
10996,2024,1,0,0,0,0,0,0,1,0,0
11020,2021,1,1,1,0,0,0,0,0,0,0
11022,2021,1,1,0,0,0,0,0,0,0,0
11022,2022,1,1,0,0,0,0,0,0,0,0
11022,2023,1,1,0,0,0,0,0,0,0,0
11024,2025,3,3,0,0,0,0,0,0,1,0
11036,2023,1,1,1,0,0,1,0,0,0,0
11044,2018,2,2,0,0,0,0,0,0,0,0
11044,2019,3,3,0,0,0,0,0,0,0,0
11049,2012,1,1,1,0,0,1,0,0,0,0
11061,2015,1,0,0,0,0,0,0,0,0,1
11075,2024,4,4,1,0,0,0,0,0,0,0
11084,2014,1,1,1,1,0,0,0,0,0,0
11084,2016,1,1,0,0,0,0,0,0,0,0
11099,2019,4,2,2,1,0,0,2,0,0,0
11099,2023,1,1,0,0,0,0,0,0,0,0
11102,2013,6,6,2,0,0,0,0,0,2,0
11102,2014,3,3,0,0,0,0,0,0,0,0
11102,2017,2,1,0,0,0,0,0,1,0,0
11103,2024,2,2,0,0,0,0,0,0,1,0
11106,2017,1,0,0,0,0,0,1,0,0,0
11106,2025,1,1,0,0,0,0,0,0,0,0
11106,2026,2,2,1,0,0,1,0,0,0,0
11111,2012,2,2,1,0,0,0,0,0,0,0
11111,2017,3,3,1,0,0,0,0,0,1,0
11112,2015,4,4,2,1,0,0,0,0,0,0
11112,2016,2,2,2,0,0,0,0,0,0,0
11114,2021,1,1,0,0,0,0,0,0,0,0
11114,2024,3,3,1,0,0,1,0,0,0,0
11114,2025,2,0,0,0,0,0,2,0,0,0
11118,2021,6,5,2,0,0,0,1,0,1,0
11118,2024,6,5,2,0,0,0,0,1,2,0
11120,2022,3,3,0,0,0,0,0,0,1,0
11126,2025,1,1,1,0,0,1,0,0,0,0
11127,2014,2,2,1,0,0,0,0,0,0,0
11127,2016,6,6,1,0,0,1,0,0,2,0
11127,2017,4,4,2,0,0,0,0,0,2,0
11127,2024,6,6,2,0,0,0,0,0,1,0
11139,2017,1,1,0,0,0,0,0,0,0,0
11142,2016,1,1,0,0,0,0,0,0,0,0
11146,2024,6,5,2,0,0,2,1,0,1,0
11147,2018,2,2,0,0,0,0,0,0,0,0
11149,2019,9,8,4,0,0,1,0,0,0,0
11149,2020,2,1,1,0,0,0,1,0,0,0
11149,2021,5,5,1,0,0,0,0,0,2,0
11149,2022,2,2,1,0,0,0,0,0,1,0
11149,2024,1,1,0,0,0,0,0,0,0,0
11149,2026,1,0,0,0,0,0,1,0,0,0
11151,2022,2,2,2,1,0,0,0,0,0,0
11151,2025,3,3,0,0,0,0,0,0,1,0
11151,2026,5,4,2,0,0,0,1,0,0,0
11152,2024,1,1,0,0,0,0,0,0,0,0
11169,2021,1,0,0,0,0,0,1,0,0,0
11169,2022,1,1,0,0,0,0,0,0,1,0
11169,2024,1,1,0,0,0,0,0,0,1,0
11169,2026,1,0,0,0,0,0,1,0,0,0
11175,2011,4,3,0,0,0,0,1,0,1,0
11179,2019,1,1,0,0,0,0,0,0,0,0
11179,2025,1,1,0,0,0,0,0,0,0,0
11179,2026,1,1,0,0,0,0,0,0,0,0
11194,2026,1,0,0,0,0,0,1,0,0,0
11200,2019,1,1,0,0,0,0,0,0,0,0
11200,2020,1,1,0,0,0,0,0,0,1,0
11200,2021,1,1,1,0,1,0,0,0,0,0
11200,2022,2,2,0,0,0,0,0,0,1,0
11200,2023,1,1,0,0,0,0,0,0,0,0
11204,2013,4,4,2,0,0,0,0,0,2,0
11204,2014,3,1,0,0,0,0,1,0,0,1
11204,2016,1,1,0,0,0,0,0,0,1,0
11209,2023,1,0,0,0,0,0,1,0,0,0
11225,2022,6,5,0,0,0,0,1,0,0,0
11225,2023,3,2,1,0,0,0,1,0,0,0
11239,2016,3,3,1,0,0,0,0,0,1,0
11239,2021,3,3,0,0,0,0,0,0,1,0
11239,2022,4,3,3,2,0,0,0,1,0,0
11239,2024,3,3,0,0,0,0,0,0,1,0
11239,2025,3,3,1,0,0,1,0,0,2,0
11239,2026,2,2,2,0,0,1,0,0,0,0
11251,2015,3,3,1,0,0,1,0,0,1,0
11251,2016,6,6,3,1,0,0,0,0,0,0
11251,2017,2,2,0,0,0,0,0,0,0,0
11251,2018,3,3,0,0,0,0,0,0,1,0
11251,2019,6,6,2,1,0,1,0,0,1,0
11257,2021,3,2,0,0,0,0,1,0,0,0
11257,2022,1,1,0,0,0,0,0,0,1,0
11270,2021,2,1,0,0,0,0,1,0,1,0
11270,2022,1,1,0,0,0,0,0,0,0,0
11270,2024,2,2,0,0,0,0,0,0,0,0
11307,2026,1,1,0,0,0,0,0,0,1,0
11322,2024,1,1,1,0,0,0,0,0,0,0
11325,2013,3,2,0,0,0,0,0,0,0,1
11325,2015,2,2,1,0,0,0,0,0,0,0
11325,2016,3,3,0,0,0,0,0,0,0,0
11325,2017,1,1,0,0,0,0,0,0,0,0
11325,2018,1,1,0,0,0,0,0,0,0,0
11330,2020,2,2,0,0,0,0,0,0,0,0
11353,2013,6,6,3,0,0,0,0,0,0,0
11353,2014,6,6,1,0,0,0,0,0,1,0
11354,2015,1,1,0,0,0,0,0,0,1,0
11354,2016,1,1,0,0,0,0,0,0,0,0
11354,2017,3,3,2,0,0,0,0,0,0,0
11354,2022,2,2,1,0,0,0,0,0,0,0
11378,2012,1,1,0,0,0,0,0,0,0,0
11386,2013,1,1,0,0,0,0,0,0,0,0
11446,2021,1,1,0,0,0,0,0,0,0,0
11446,2023,1,1,1,0,0,0,0,0,0,0
11446,2024,1,1,0,0,0,0,0,0,1,0
11450,2014,1,1,0,0,0,0,0,0,0,0
11460,2012,1,1,0,0,0,0,0,0,0,0
11460,2014,1,0,0,0,0,0,1,0,0,0
11464,2016,1,1,0,0,0,0,0,0,0,0
11464,2018,2,2,0,0,0,0,0,0,0,0
11465,2019,3,3,1,0,0,0,0,0,2,0
11465,2021,1,1,0,0,0,0,0,0,0,0
11465,2023,4,4,1,0,0,0,0,0,0,0
11465,2024,1,1,0,0,0,0,0,0,0,0
11465,2025,1,1,0,0,0,0,0,0,0,0
11477,2021,1,1,1,0,0,0,0,0,0,0
11479,2026,3,2,0,0,0,0,0,0,1,1
11484,2013,3,3,1,0,0,0,0,0,1,0
11484,2014,6,5,1,0,0,0,1,0,0,0
11484,2015,3,3,0,0,0,0,0,0,0,0
11484,2016,5,5,1,0,0,0,0,0,0,0
11484,2017,3,3,1,0,0,0,0,0,0,0
11484,2018,3,3,0,0,0,0,0,0,0,0
11494,2019,1,1,0,0,0,0,0,0,1,0
11494,2022,3,1,0,0,0,0,2,0,0,0
11516,2014,5,4,1,0,0,0,1,0,0,0
11516,2015,5,5,0,0,0,0,0,0,1,0
11516,2016,2,2,0,0,0,0,0,0,0,0
11519,2021,1,1,0,0,0,0,0,0,0,0
11524,2017,3,3,0,0,0,0,0,0,2,0
11524,2018,2,2,0,0,0,0,0,0,0,0
11531,2016,3,3,1,0,0,0,0,0,1,0
11532,2023,1,1,0,0,0,0,0,0,0,0
11532,2025,1,1,0,0,0,0,0,0,0,0
11532,2026,1,1,0,0,0,0,0,0,0,0
11543,2014,2,2,1,0,0,0,0,0,0,0
11543,2016,1,1,0,0,0,0,0,0,0,0
11564,2024,1,1,0,0,0,0,0,0,1,0
11590,2017,2,2,0,0,0,0,0,0,0,0
11590,2018,1,1,0,0,0,0,0,0,1,0
11590,2019,6,5,2,1,0,0,1,0,1,0
11590,2020,2,2,0,0,0,0,0,0,0,0
11590,2021,1,1,1,0,0,0,0,0,0,0
11590,2024,1,1,0,0,0,0,0,0,1,0
11598,2016,3,3,1,0,0,0,0,0,2,0
11598,2017,3,2,1,0,0,0,0,1,1,0
11602,2018,4,3,1,0,0,0,1,0,1,0
11602,2019,2,2,1,0,0,0,0,0,0,0
11602,2020,1,1,0,0,0,0,0,0,1,0
11602,2021,7,7,0,0,0,0,0,0,3,0
11602,2022,3,3,1,0,0,0,0,0,0,0
11602,2025,1,1,1,0,1,0,0,0,0,0
11608,2015,3,3,1,0,0,0,0,0,0,0
11608,2016,3,3,3,0,0,0,0,0,0,0
11608,2018,6,5,1,0,0,1,1,0,2,0
11632,2019,2,2,1,0,1,0,0,0,0,0
11644,2014,3,3,3,0,0,1,0,0,0,0
11650,2019,2,2,2,0,0,1,0,0,0,0
11655,2021,2,2,1,0,0,0,0,0,0,0
11661,2024,2,2,0,0,0,0,0,0,1,0
11661,2025,2,2,0,0,0,0,0,0,1,0
11663,2014,1,1,0,0,0,0,0,0,0,0
11663,2016,2,1,1,1,0,0,1,0,0,0
11686,2017,3,3,3,1,2,0,0,0,0,0
11686,2024,7,6,3,2,0,1,1,0,1,0
11691,2025,1,0,0,0,0,0,1,0,0,0
11706,2017,2,1,0,0,0,0,1,0,0,0
11709,2026,6,6,0,0,0,0,0,0,1,0
11713,2016,1,1,0,0,0,0,0,0,0,0
11721,2019,1,1,0,0,0,0,0,0,1,0
11721,2021,2,1,0,0,0,0,1,0,1,0
11746,2013,1,1,0,0,0,0,0,0,0,0
11770,2025,2,1,1,0,0,0,1,0,0,0
11770,2026,1,1,0,0,0,0,0,0,1,0
11773,2013,9,9,5,0,0,1,0,0,0,0
11773,2017,6,5,1,0,0,0,0,0,2,0
11777,2024,1,0,0,0,0,0,1,0,0,0
11778,2025,3,2,1,0,0,0,0,1,0,0
11782,2014,1,1,1,0,0,0,0,0,0,0
11783,2025,1,1,0,0,0,0,0,0,0,0
11788,2026,2,2,0,0,0,0,0,0,0,0
11814,2017,2,2,0,0,0,0,0,0,0,0
11818,2017,2,1,1,1,0,0,1,0,0,0
11818,2022,4,4,1,0,0,0,0,0,1,0
11826,2012,1,1,1,0,0,0,0,0,0,0
11829,2014,5,3,1,0,0,0,2,0,1,0
11829,2015,4,4,0,0,0,0,0,0,0,0
11829,2016,3,3,2,1,0,1,0,0,0,0
11831,2012,4,3,1,0,0,0,1,0,1,0
11839,2018,2,2,0,0,0,0,0,0,0,0
11839,2023,1,0,0,0,0,0,1,0,0,0
11841,2014,3,3,2,1,0,0,0,0,0,0
11841,2015,3,3,1,0,0,0,0,0,0,0
11841,2016,7,5,3,0,0,0,2,0,0,0
11841,2017,6,5,3,0,0,0,1,0,1,0
11841,2023,4,3,1,0,0,0,0,0,0,1
11844,2015,1,1,0,0,0,0,0,0,0,0
11848,2025,1,1,0,0,0,0,0,0,0,0
11848,2026,1,1,0,0,0,0,0,0,1,0
11849,2024,2,2,1,0,0,0,0,0,1,0
11850,2021,1,0,0,0,0,0,0,0,0,1
11850,2022,3,2,1,0,0,0,1,0,0,0
11850,2023,1,1,1,1,0,0,0,0,0,0
11850,2025,2,2,0,0,0,0,0,0,0,0
11850,2026,2,2,0,0,0,0,0,0,0,0
11856,2024,1,1,0,0,0,0,0,0,0,0
11878,2016,4,4,2,1,0,0,0,0,0,0
11878,2017,7,6,3,0,0,0,1,0,1,0
11878,2018,2,2,1,0,0,0,0,0,0,0
11880,2024,3,3,2,0,0,0,0,0,0,0
11893,2022,1,0,0,0,0,0,1,0,0,0
11897,2024,2,1,0,0,0,0,1,0,1,0
11897,2025,1,1,0,0,0,0,0,0,1,0
11897,2026,1,0,0,0,0,0,1,0,0,0
11899,2011,4,4,1,0,0,0,0,0,2,0
11899,2012,3,3,1,0,0,0,0,0,1,0
11904,2012,4,4,0,0,0,0,0,0,0,0
11904,2015,3,3,3,0,0,0,0,0,0,0
11904,2016,2,2,1,0,0,0,0,0,0,0
11905,2012,6,6,2,1,0,0,0,0,0,0
11905,2017,1,1,0,0,0,0,0,0,1,0
11905,2018,3,3,2,0,0,0,0,0,0,0
11911,2022,6,6,1,0,0,0,0,0,2,0
11917,2019,2,2,1,0,0,0,0,0,0,0
11917,2021,3,2,0,0,0,0,0,0,0,1
11917,2025,6,5,1,0,0,0,1,0,2,0
11917,2026,3,3,0,0,0,0,0,0,0,0
11940,2026,2,2,1,0,0,1,0,0,0,0
11942,2012,10,10,3,0,0,0,0,0,1,0
11942,2013,4,4,0,0,0,0,0,0,0,0
11942,2016,3,2,1,0,0,0,1,0,0,0
11942,2023,2,2,1,0,0,0,0,0,0,0
11951,2025,3,3,1,0,0,0,0,0,0,0
11955,2022,2,1,1,0,0,0,1,0,0,0
11955,2023,6,5,0,0,0,0,1,0,1,0
11958,2023,3,3,1,0,0,1,0,0,0,0
11968,2025,1,1,0,0,0,0,0,0,0,0
11977,2024,1,1,0,0,0,0,0,0,0,0
11982,2013,5,5,2,1,0,0,0,0,0,0
11982,2014,6,5,3,1,0,0,0,1,0,0
11982,2015,9,9,1,0,0,1,0,0,0,0
11982,2016,6,6,3,1,0,0,0,0,0,0
11982,2017,3,3,1,0,0,0,0,0,0,0
11982,2020,2,1,1,0,0,0,1,0,0,0
11982,2022,3,3,0,0,0,0,0,0,0,0
11982,2024,4,4,2,1,0,0,0,0,0,0
12023,2013,2,2,0,0,0,0,0,0,0,0
12023,2016,3,3,2,1,0,0,0,0,0,0
12025,2021,1,1,0,0,0,0,0,0,0,0
12025,2022,4,4,2,0,0,1,0,0,0,0
12042,2023,1,1,1,0,0,0,0,0,0,0
12046,2013,3,3,0,0,0,0,0,0,1,0
12046,2015,3,3,2,1,0,0,0,0,0,0
12046,2017,2,1,0,0,0,0,1,0,0,0
12046,2018,1,1,1,0,0,0,0,0,0,0
12047,2019,1,1,0,0,0,0,0,0,0,0
12048,2021,2,2,0,0,0,0,0,0,0,0
12048,2022,2,1,0,0,0,0,1,0,0,0
12050,2025,2,2,0,0,0,0,0,0,0,0
12050,2026,6,6,4,1,0,0,0,0,0,0
12085,2011,2,2,1,0,0,0,0,0,0,0
12085,2012,3,2,0,0,0,0,0,0,0,0
12090,2026,2,2,0,0,0,0,0,0,0,0
12095,2013,3,3,2,0,0,0,0,0,1,0
12095,2014,13,13,1,0,0,0,0,0,2,0
12095,2015,13,13,7,2,0,0,0,0,0,0
12095,2016,9,7,3,1,1,0,1,0,0,1
12097,2020,3,3,1,1,0,0,0,0,1,0
12097,2024,2,2,0,0,0,0,0,0,0,0
12097,2025,2,2,0,0,0,0,0,0,0,0
12100,2014,3,3,1,0,0,0,0,0,0,0
12100,2015,1,1,0,0,0,0,0,0,0,0
12103,2023,2,2,1,1,0,0,0,0,1,0
12103,2024,1,1,1,1,0,0,0,0,0,0
12103,2025,1,1,0,0,0,0,0,0,1,0
12104,2020,2,2,1,0,0,0,0,0,0,0
12104,2021,3,3,0,0,0,0,0,0,0,0
12104,2024,3,3,0,0,0,0,0,0,0,0
12104,2025,3,3,1,0,0,1,0,0,0,0
12105,2012,1,1,0,0,0,0,0,0,0,0
12105,2014,1,1,0,0,0,0,0,0,0,0
12106,2017,1,1,0,0,0,0,0,0,0,0
12109,2021,1,1,0,0,0,0,0,0,0,0
12111,2014,3,3,1,0,0,0,0,0,0,0
12111,2015,1,1,0,0,0,0,0,0,0,0
12120,2023,1,1,0,0,0,0,0,0,0,0
12120,2024,1,1,0,0,0,0,0,0,0,0
12129,2025,1,1,0,0,0,0,0,0,0,0
12129,2026,1,1,1,1,0,0,0,0,0,0
12132,2022,2,2,0,0,0,0,0,0,1,0
12138,2021,1,1,0,0,0,0,0,0,0,0
12146,2012,3,1,1,1,0,0,1,1,0,0
12147,2011,2,2,0,0,0,0,0,0,0,0
12147,2012,2,2,0,0,0,0,0,0,0,0
12150,2021,1,1,0,0,0,0,0,0,0,0
12150,2026,1,1,0,0,0,0,0,0,0,0
12154,2016,1,1,0,0,0,0,0,0,0,0
12154,2019,2,2,1,1,0,0,0,0,1,0
12154,2020,2,2,1,0,0,0,0,0,0,0
12154,2022,1,0,0,0,0,0,1,0,0,0
12158,2022,2,2,0,0,0,0,0,0,0,0
12168,2024,1,1,0,0,0,0,0,0,0,0
12172,2011,5,5,2,0,0,0,0,0,1,0
12172,2012,3,2,1,0,0,0,0,0,0,1
12172,2013,3,3,1,0,0,0,0,0,1,0
12184,2017,2,2,1,0,0,0,0,0,0,0
12186,2025,3,2,0,0,0,0,1,0,2,0
12186,2026,3,3,1,0,0,0,0,0,0,0
12190,2026,1,0,0,0,0,0,0,1,0,0
12195,2011,6,5,2,0,0,0,0,1,1,0
12195,2012,3,3,0,0,0,0,0,0,0,0
12198,2023,1,1,0,0,0,0,0,0,1,0
12201,2014,1,1,0,0,0,0,0,0,1,0
12201,2017,1,1,0,0,0,0,0,0,0,0
12217,2021,1,0,0,0,0,0,1,0,0,0
12217,2022,3,2,0,0,0,0,0,1,1,0
12217,2023,3,2,0,0,0,0,1,0,1,0
12217,2025,2,2,0,0,0,0,0,0,0,0
12217,2026,2,1,0,0,0,0,0,0,0,0
12227,2024,1,1,0,0,0,0,0,0,0,0
12230,2025,2,2,0,0,0,0,0,0,0,0
12245,2024,3,3,1,0,0,0,0,0,1,0
12248,2020,2,2,0,0,0,0,0,0,0,0
12248,2021,1,1,0,0,0,0,0,0,0,0
12262,2026,1,1,0,0,0,0,0,0,0,0
12264,2022,2,2,1,0,0,0,0,0,0,0
12271,2013,1,1,0,0,0,0,0,0,0,0
12271,2014,5,4,1,0,0,0,1,0,0,0
12271,2015,1,1,0,0,0,0,0,0,0,0
12271,2016,3,3,2,1,0,0,0,0,0,0
12282,2019,1,1,1,1,0,0,0,0,0,0
12303,2011,3,2,1,0,0,0,0,0,0,0
12317,2023,3,3,1,0,0,0,0,0,0,0
12317,2025,3,3,0,0,0,0,0,0,0,0
12321,2013,12,10,2,0,0,0,1,1,1,0
12354,2019,3,3,1,1,0,0,0,0,1,0
12354,2022,2,2,1,0,0,1,0,0,0,0
12354,2024,3,3,1,0,0,0,0,0,0,0
12355,2020,1,1,0,0,0,0,0,0,1,0
12361,2013,2,2,0,0,0,0,0,0,0,0
12361,2014,2,2,0,0,0,0,0,0,0,0
12361,2015,3,3,1,0,0,0,0,0,0,0
12361,2016,3,3,0,0,0,0,0,0,1,0
12361,2017,1,1,0,0,0,0,0,0,0,0
12364,2024,3,3,1,0,0,0,0,0,1,0
12364,2025,3,3,0,0,0,0,0,0,2,0
12369,2013,14,13,3,1,0,1,1,0,2,0
12369,2014,13,13,5,0,0,1,0,0,3,0
12369,2015,9,8,3,0,0,0,1,0,3,0
12382,2012,1,1,0,0,0,0,0,0,1,0
12382,2015,1,1,0,0,0,0,0,0,0,0
12382,2016,1,1,0,0,0,0,0,0,1,0
12382,2021,1,1,0,0,0,0,0,0,0,0
12395,2024,1,1,1,0,0,0,0,0,0,0
12395,2025,2,2,1,0,0,0,0,0,0,0
12399,2016,4,4,1,0,0,1,0,0,0,0
12399,2017,1,1,1,0,0,0,0,0,0,0
12407,2023,1,1,0,0,0,0,0,0,0,0
12407,2024,2,2,0,0,0,0,0,0,0,0
12411,2022,3,3,0,0,0,0,0,0,0,0
12411,2024,1,0,0,0,0,0,0,1,0,0
12420,2024,1,1,0,0,0,0,0,0,0,0
12420,2025,3,2,1,0,0,0,1,0,0,0
12420,2026,2,2,0,0,0,0,0,0,1,0
12423,2026,1,1,0,0,0,0,0,0,0,0
12435,2017,1,1,0,0,0,0,0,0,0,0
12435,2019,2,2,0,0,0,0,0,0,1,0
12446,2017,2,1,0,0,0,0,1,0,0,0
12446,2021,1,1,0,0,0,0,0,0,1,0
12451,2019,3,2,0,0,0,0,1,0,0,0
12457,2025,1,1,0,0,0,0,0,0,0,0
12460,2011,3,3,1,0,0,0,0,0,0,0
12460,2012,7,6,4,0,0,1,1,0,0,0
12461,2013,1,1,0,0,0,0,0,0,0,0
12470,2024,3,3,1,0,0,0,0,0,1,0
12470,2025,8,8,1,0,0,0,0,0,3,0
12470,2026,6,4,1,0,0,0,2,0,1,0
12472,2014,3,3,0,0,0,0,0,0,0,0
12472,2021,3,3,1,0,0,0,0,0,0,0
12476,2017,1,1,0,0,0,0,0,0,0,0
12483,2021,2,2,0,0,0,0,0,0,0,0
12487,2023,1,0,0,0,0,0,1,0,0,0
12487,2024,3,3,0,0,0,0,0,0,0,0
12487,2025,1,1,1,0,0,0,0,0,0,0
12492,2011,1,1,1,0,0,0,0,0,0,0
12498,2024,3,3,1,0,0,0,0,0,0,0
12498,2025,2,2,0,0,0,0,0,0,0,0
12502,2011,3,2,0,0,0,0,0,0,0,0
12502,2012,9,9,2,0,0,1,0,0,2,0
12502,2013,3,3,2,1,0,0,0,0,0,0
12502,2017,1,1,0,0,0,0,0,0,1,0
12508,2013,3,3,0,0,0,0,0,0,0,0
12508,2018,1,1,1,0,0,0,0,0,0,0
12508,2021,2,1,0,0,0,0,1,0,0,0
12510,2016,3,3,1,0,0,0,0,0,0,0
12524,2016,6,6,2,0,0,0,0,0,0,0
12526,2012,1,1,0,0,0,0,0,0,0,0
12526,2013,2,1,0,0,0,0,0,0,0,0
12530,2022,3,3,2,0,0,0,0,0,0,0
12532,2015,3,3,1,0,0,0,0,0,1,0
12532,2018,3,3,2,0,0,0,0,0,0,0
12532,2019,2,2,2,0,0,0,0,0,0,0
12536,2013,1,1,0,0,0,0,0,0,1,0
12536,2014,2,2,1,0,0,0,0,0,1,0
12536,2016,7,5,2,0,0,0,2,0,1,0
12536,2018,2,2,2,0,0,0,0,0,0,0
12538,2024,3,2,1,0,0,0,1,0,0,0
12538,2025,2,2,0,0,0,0,0,0,1,0
12552,2018,2,2,1,0,0,0,0,0,0,0
12556,2026,3,3,1,0,0,0,0,0,1,0
12560,2021,1,0,0,0,0,0,1,0,0,0
12561,2018,3,3,1,0,0,0,0,0,0,0
12561,2019,3,3,1,1,0,0,0,0,0,0
12561,2021,6,5,0,0,0,0,0,0,0,0
12567,2014,1,1,0,0,0,0,0,0,0,0
12567,2018,1,1,0,0,0,0,0,0,1,0
12567,2024,3,3,0,0,0,0,0,0,1,0
12567,2026,2,2,1,0,0,0,0,0,0,0
12574,2026,4,4,0,0,0,0,0,0,0,0
12594,2025,6,5,0,0,0,0,1,0,0,0
12594,2026,3,3,1,1,0,0,0,0,1,0
12597,2014,9,9,1,0,0,0,0,0,2,0
12597,2016,5,5,4,1,0,1,0,0,1,0
12597,2017,1,1,1,0,0,0,0,0,0,0
12630,2012,1,1,0,0,0,0,0,0,0,0
12633,2011,3,2,1,0,0,0,0,1,0,0
12633,2012,7,6,2,0,0,0,0,1,1,0
12649,2024,2,2,0,0,0,0,0,0,0,0
12649,2025,2,2,0,0,0,0,0,0,1,0
12649,2026,2,2,0,0,0,0,0,0,2,0
12654,2023,1,1,0,0,0,0,0,0,1,0
12656,2011,1,1,0,0,0,0,0,0,0,0
12656,2012,1,1,0,0,0,0,0,0,0,0
12656,2014,1,1,0,0,0,0,0,0,0,0
12656,2015,2,2,1,0,0,0,0,0,1,0
12656,2016,2,2,0,0,0,0,0,0,0,0
12656,2017,1,1,1,0,0,0,0,0,0,0
12656,2018,1,1,0,0,0,0,0,0,0,0
12663,2012,3,3,0,0,0,0,0,0,1,0
12663,2014,3,3,1,0,0,0,0,0,0,0
12663,2017,6,6,2,1,1,0,0,0,0,0
12663,2018,3,3,2,0,0,1,0,0,0,0
12663,2019,2,2,0,0,0,0,0,0,1,0
12671,2012,5,4,3,0,0,0,1,0,0,0
12676,2026,1,1,0,0,0,0,0,0,0,0
12680,2024,1,1,0,0,0,0,0,0,1,0
12685,2015,3,3,0,0,0,0,0,0,1,0
12685,2016,1,0,0,0,0,0,1,0,0,0
12685,2017,1,1,0,0,0,0,0,0,1,0
