0,2004,1,1,0,0,0,0,0,0,0,0
0,2006,2,2,0,0,0,0,0,0,0,0
3,1990,4,2,1,1,0,0,1,0,1,0
11,1992,4,3,1,1,0,0,1,0,0,0
11,1995,1,1,0,0,0,0,0,0,0,0
30,2005,2,2,0,0,0,0,0,0,0,0
30,2006,2,2,1,1,0,0,0,0,0,0
33,1995,4,2,0,0,0,0,1,1,0,0
33,1997,3,3,1,0,0,1,0,0,0,0
33,1998,3,3,0,0,0,0,0,0,1,0
33,1999,8,8,2,0,0,0,0,0,0,0
33,2000,2,2,1,0,0,0,0,0,0,0
33,2001,3,3,1,0,0,0,0,0,1,0
34,2002,2,2,1,0,0,0,0,0,0,0
34,2004,8,8,4,0,0,1,0,0,1,0
36,1989,4,4,0,0,0,0,0,0,0,0
56,1997,3,2,1,0,0,0,0,1,0,0
60,2004,3,1,0,0,0,0,1,0,0,1
60,2006,1,1,1,0,0,0,0,0,0,0
68,1995,1,1,0,0,0,0,0,0,1,0
68,1996,5,4,2,1,0,0,0,0,0,1
68,1997,5,3,3,0,0,0,2,0,0,0
68,1998,2,1,0,0,0,0,1,0,0,0
68,2000,3,3,2,0,0,0,0,0,1,0
68,2002,3,3,0,0,0,0,0,0,0,0
68,2003,3,3,0,0,0,0,0,0,1,0
79,2006,2,2,1,0,0,1,0,0,1,0
86,2005,1,1,0,0,0,0,0,0,0,0
90,1991,3,3,2,1,0,0,0,0,0,0
90,1992,1,0,0,0,0,0,1,0,0,0
98,1988,3,3,1,1,0,0,0,0,0,0
98,1989,1,0,0,0,0,0,1,0,0,0
98,1999,1,1,0,0,0,0,0,0,0,0
98,2000,2,2,1,0,0,0,0,0,0,0
104,2003,3,3,1,0,0,0,0,0,1,0
105,1990,3,3,1,0,0,1,0,0,0,0
105,1991,1,1,0,0,0,0,0,0,0,0
132,1989,2,1,0,0,0,0,1,0,0,0
134,2000,2,2,0,0,0,0,0,0,0,0
148,1998,1,1,1,0,0,0,0,0,0,0
148,1999,4,3,1,1,0,0,1,0,1,0
148,2001,1,1,0,0,0,0,0,0,1,0
148,2002,5,5,1,0,0,0,0,0,1,0
148,2003,1,1,0,0,0,0,0,0,1,0
148,2004,1,1,0,0,0,0,0,0,0,0
148,2007,2,2,1,0,0,0,0,0,0,0
185,1999,2,2,0,0,0,0,0,0,0,0
185,2001,1,1,0,0,0,0,0,0,0,0
185,2003,1,1,1,0,0,0,0,0,0,0
186,1999,2,2,1,1,0,0,0,0,1,0
186,2000,3,3,0,0,0,0,0,0,1,0
186,2004,2,2,0,0,0,0,0,0,0,0
192,2003,1,1,0,0,0,0,0,0,1,0
226,1989,4,4,0,0,0,0,0,0,2,0
238,2003,2,1,1,0,0,0,1,0,0,0
239,1997,4,3,0,0,0,0,1,0,2,0
239,2003,6,6,2,0,0,0,0,0,1,0
239,2004,6,5,0,0,0,0,1,0,0,0
261,1998,4,2,0,0,0,0,0,2,0,0
261,1999,5,5,4,1,0,2,0,0,0,0
261,2000,4,3,1,0,0,0,1,0,0,0
261,2002,2,2,0,0,0,0,0,0,0,0
280,2001,14,10,4,1,0,0,2,2,2,0
280,2002,10,8,2,1,0,0,1,0,1,0
280,2003,3,3,1,0,0,0,0,0,1,0
280,2004,2,2,2,0,0,0,0,0,0,0
281,2003,1,1,0,0,0,0,0,0,0,0
286,1991,3,3,2,0,0,0,0,0,0,0
286,1992,3,2,1,0,0,0,0,0,1,1
286,1993,3,3,0,0,0,0,0,0,1,0
286,1994,1,1,0,0,0,0,0,0,1,0
290,2005,2,2,1,0,0,0,0,0,0,0
319,2000,6,4,0,0,0,0,2,0,2,0
319,2001,6,2,0,0,0,0,3,1,0,0
333,1999,4,4,1,0,0,0,0,0,1,0
333,2001,3,3,1,0,0,0,0,0,1,0
335,2004,2,2,1,0,0,1,0,0,0,0
335,2006,1,1,0,0,0,0,0,0,0,0
335,2007,1,1,1,0,0,1,0,0,0,0
337,1993,2,2,1,0,0,0,0,0,0,0
337,1994,2,2,1,0,0,0,0,0,0,0
337,1995,4,4,1,1,0,0,0,0,2,0
364,2000,4,3,0,0,0,0,1,0,0,0
364,2001,3,3,0,0,0,0,0,0,1,0
364,2002,3,3,0,0,0,0,0,0,1,0
364,2004,2,2,0,0,0,0,0,0,1,0
364,2005,3,1,0,0,0,0,2,0,0,0
364,2006,3,3,1,1,0,0,0,0,0,0
367,1989,4,4,0,0,0,0,0,0,1,0
367,1990,11,10,2,0,0,0,1,0,1,0
367,1991,7,7,1,0,0,0,0,0,2,0
367,1993,15,11,2,0,0,0,4,0,3,0
372,1999,2,1,1,0,0,0,0,0,0,0
377,1993,4,4,2,0,0,1,0,0,1,0
377,1994,6,6,4,3,0,0,0,0,0,0
377,1995,2,1,1,0,0,0,0,0,0,1
377,1997,1,0,0,0,0,0,1,0,0,0
384,2001,10,8,3,1,0,0,1,1,0,0
384,2002,1,1,0,0,0,0,0,0,0,0
384,2006,14,13,5,0,0,2,1,0,3,0
384,2007,6,5,2,0,0,0,1,0,0,0
388,2000,4,3,1,0,0,0,0,1,1,0
397,1992,5,3,2,0,1,0,2,0,1,0
397,1993,10,10,6,1,1,1,0,0,2,0
397,1994,7,6,1,1,0,0,1,0,2,0
397,1995,6,5,0,0,0,0,1,0,1,0
397,1996,6,3,1,0,0,0,3,0,0,0
397,1998,1,1,0,0,0,0,0,0,0,0
397,1999,6,3,2,0,0,0,2,1,0,0
397,2000,9,9,2,1,0,0,0,0,1,0
397,2002,2,1,1,0,0,0,1,0,0,0
397,2003,2,2,0,0,0,0,0,0,1,0
410,1989,4,4,2,0,0,0,0,0,1,0
410,1990,2,2,0,0,0,0,0,0,0,0
410,1991,2,2,0,0,0,0,0,0,0,0
410,1992,3,2,1,0,0,0,1,0,0,0
410,1993,1,1,0,0,0,0,0,0,0,0
410,1997,1,1,0,0,0,0,0,0,0,0
410,1999,1,1,1,1,0,0,0,0,0,0
412,1992,4,4,3,0,0,0,0,0,0,0
412,1993,10,8,1,0,0,1,2,0,4,0
412,1994,12,10,5,0,0,1,1,0,1,1
412,1997,7,5,0,0,0,0,1,1,2,0
412,1998,7,5,2,0,0,0,0,2,1,0
412,1999,5,5,3,1,0,0,0,0,0,0
412,2000,12,8,2,1,1,0,1,2,2,0
412,2001,4,2,0,0,0,0,0,1,0,1
412,2002,6,6,1,0,0,0,0,0,1,0
412,2003,3,2,1,0,0,0,0,1,0,0
416,2001,1,0,0,0,0,0,1,0,0,0
438,2001,2,2,0,0,0,0,0,0,0,0
446,1990,5,5,3,0,0,0,0,0,0,0
446,1991,17,15,7,1,0,0,1,0,1,1
446,1992,11,10,1,0,0,0,1,0,1,0
446,1993,6,5,2,0,0,0,1,0,1,0
446,1994,6,3,0,0,0,0,3,0,0,0
446,1995,3,3,1,0,0,0,0,0,0,0
446,1996,4,4,1,0,0,0,0,0,1,0
446,1999,6,5,1,1,0,0,1,0,1,0
458,1993,1,1,0,0,0,0,0,0,1,0
458,1999,4,2,0,0,0,0,1,1,0,0
459,2003,1,1,0,0,0,0,0,0,0,0
459,2004,2,2,0,0,0,0,0,0,1,0
459,2005,3,3,0,0,0,0,0,0,1,0
459,2007,2,2,0,0,0,0,0,0,0,0
461,1999,4,4,1,0,0,0,0,0,0,0
461,2000,1,1,0,0,0,0,0,0,0,0
461,2001,1,0,0,0,0,0,0,1,0,0
461,2005,1,1,0,0,0,0,0,0,0,0
463,1992,2,2,2,1,0,0,0,0,0,0
475,2007,6,6,2,0,0,0,0,0,0,0
482,2007,3,3,1,0,0,1,0,0,1,0
485,2001,1,1,1,1,0,0,0,0,0,0
498,1996,1,1,1,0,0,0,0,0,0,0
498,1997,2,2,2,0,0,0,0,0,0,0
498,2001,1,0,0,0,0,0,1,0,0,0
500,2007,3,1,0,0,0,0,1,0,1,1
505,1995,1,1,1,0,0,1,0,0,0,0
505,1996,2,1,0,0,0,0,1,0,0,0
505,1997,10,8,4,1,0,0,1,1,1,0
510,1989,3,3,1,1,0,0,0,0,1,0
541,1997,4,3,1,0,0,0,0,1,0,0
541,1998,3,1,0,0,0,0,2,0,0,0
541,1999,4,2,1,0,0,0,2,0,0,0
541,2004,3,3,2,0,0,0,0,0,0,0
547,2003,3,2,2,1,0,0,1,0,0,0
552,1993,4,4,2,1,0,0,0,0,1,0
569,1992,6,3,0,0,0,0,1,1,2,0
571,1994,10,8,2,0,0,0,2,0,0,0
571,1995,8,6,3,1,0,0,1,1,1,0
571,1998,3,2,0,0,0,0,1,0,1,0
617,1991,3,3,2,1,0,0,0,0,1,0
617,1992,2,2,1,1,0,0,0,0,0,0
617,1993,3,2,1,1,0,0,1,0,1,0
617,1994,1,1,0,0,0,0,0,0,0,0
667,2005,1,1,0,0,0,0,0,0,1,0
673,1996,1,1,0,0,0,0,0,0,0,0
688,1996,1,1,0,0,0,0,0,0,0,0
688,1997,3,2,1,1,0,0,0,1,0,0
698,1998,5,5,2,0,0,0,0,0,1,0
698,1999,4,4,1,1,0,0,0,0,2,0
698,2001,4,3,2,0,0,0,0,1,0,0
698,2003,8,8,3,2,0,0,0,0,1,0
698,2006,7,6,2,0,0,1,0,1,1,0
710,2003,1,1,0,0,0,0,0,0,0,0
723,1993,4,4,2,0,1,0,0,0,1,0
723,1994,6,5,3,1,0,0,0,0,0,0
723,1995,3,2,1,0,0,0,0,1,1,0
723,1996,1,1,0,0,0,0,0,0,0,0
729,2006,2,2,0,0,0,0,0,0,0,0
729,2007,2,2,1,0,0,0,0,0,0,0
762,2002,7,6,0,0,0,0,1,0,3,0
762,2003,3,3,0,0,0,0,0,0,1,0
762,2004,4,4,0,0,0,0,0,0,0,0
762,2005,4,4,0,0,0,0,0,0,1,0
764,1991,4,4,2,0,0,0,0,0,1,0
764,1992,6,6,1,0,0,0,0,0,1,0
764,1995,2,1,0,0,0,0,1,0,0,0
764,1997,2,1,1,0,0,0,0,1,0,0
764,1998,4,2,0,0,0,0,2,0,1,0
764,1999,1,1,1,0,0,0,0,0,0,0
764,2004,2,2,0,0,0,0,0,0,0,0
775,1988,2,2,1,1,0,0,0,0,0,0
775,1989,5,4,3,0,0,1,0,0,0,0
775,1990,6,5,2,0,0,0,1,0,0,0
775,1993,2,2,1,0,0,0,0,0,0,0
775,1994,2,2,0,0,0,0,0,0,0,0
775,1995,2,2,0,0,0,0,0,0,0,0
776,1996,2,1,1,0,0,0,0,1,0,0
776,1997,4,3,1,0,0,1,1,0,0,0
776,1998,6,6,1,0,0,0,0,0,2,0
786,2001,9,9,2,0,0,0,0,0,1,0
786,2003,1,1,0,0,0,0,0,0,0,0
787,2000,1,1,1,0,0,0,0,0,0,0
787,2002,2,2,0,0,0,0,0,0,1,0
790,1988,2,2,0,0,0,0,0,0,2,0
790,1989,11,9,0,0,0,0,2,0,5,0
790,1990,13,13,3,1,0,0,0,0,1,0
790,1991,12,10,5,2,0,0,2,0,0,0
790,1992,7,7,2,1,0,0,0,0,1,0
790,1993,7,7,1,1,0,0,0,0,1,0
790,1998,4,4,1,0,0,0,0,0,0,0
794,2005,5,5,0,0,0,0,0,0,2,0
794,2007,7,7,2,2,0,0,0,0,0,0
796,1990,3,2,1,0,0,0,1,0,1,0
796,1991,3,3,0,0,0,0,0,0,2,0
796,1992,4,3,1,0,0,0,0,0,1,1
796,1993,1,0,0,0,0,0,1,0,0,0
796,1997,7,7,0,0,0,0,0,0,3,0
796,1999,2,2,1,0,0,0,0,0,1,0
796,2000,3,3,1,0,1,0,0,0,2,0
812,2005,1,1,0,0,0,0,0,0,0,0
812,2007,2,2,0,0,0,0,0,0,1,0
825,2001,4,4,2,1,0,1,0,0,0,0
837,2002,1,1,0,0,0,0,0,0,0,0
837,2004,4,3,0,0,0,0,1,0,0,0
845,1990,9,8,3,1,0,0,1,0,0,0
845,1991,10,9,2,1,0,0,1,0,1,0
845,1992,12,12,4,2,0,0,0,0,2,0
845,1993,13,11,2,1,0,0,1,0,2,1
845,1994,11,8,3,1,0,0,3,0,2,0
845,1995,10,9,1,0,0,0,0,0,2,0
845,1996,10,8,2,0,0,1,1,1,3,0
845,1997,4,4,0,0,0,0,0,0,2,0
845,1998,7,6,2,2,0,0,1,0,3,0
845,1999,7,7,0,0,0,0,0,0,2,0
845,2000,2,2,2,0,0,0,0,0,0,0
845,2001,6,4,1,0,0,0,0,2,1,0
846,1996,7,6,1,0,0,0,0,1,0,0
846,1997,7,6,3,0,0,0,1,0,1,0
846,2000,2,1,0,0,0,0,1,0,0,0
846,2001,1,1,0,0,0,0,0,0,0,0
848,1999,1,1,0,0,0,0,0,0,1,0
848,2001,2,2,0,0,0,0,0,0,0,0
848,2002,1,1,0,0,0,0,0,0,1,0
848,2003,1,1,0,0,0,0,0,0,0,0
848,2004,1,1,0,0,0,0,0,0,1,0
848,2007,1,1,0,0,0,0,0,0,1,0
859,2004,1,0,0,0,0,0,1,0,0,0
859,2007,3,3,2,1,0,0,0,0,1,0
860,1998,2,1,0,0,0,0,0,0,0,1
861,2003,6,5,0,0,0,0,0,1,1,0
861,2004,3,3,0,0,0,0,0,0,1,0
861,2006,1,1,0,0,0,0,0,0,0,0
861,2007,1,1,0,0,0,0,0,0,0,0
863,1999,10,8,0,0,0,0,1,0,2,0
863,2000,3,3,1,0,0,0,0,0,1,0
863,2002,9,9,5,1,1,0,0,0,1,0
863,2003,5,5,1,1,0,0,0,0,1,0
863,2004,8,6,2,0,0,0,1,1,1,0
863,2005,3,3,1,0,0,1,0,0,1,0
871,1991,4,3,1,0,0,0,1,0,0,0
872,1997,3,2,0,0,0,0,0,1,0,0
872,1998,3,2,1,1,0,0,1,0,0,0
872,1999,3,3,2,1,0,0,0,0,0,0
872,2000,11,10,5,1,0,0,1,0,1,0
872,2001,13,12,4,0,0,1,1,0,5,0
872,2002,9,8,1,1,0,0,1,0,2,0
884,1996,6,6,0,0,0,0,0,0,0,0
884,1997,5,5,2,0,0,0,0,0,1,0
890,2003,2,2,1,0,0,0,0,0,0,0
890,2004,1,1,0,0,0,0,0,0,0,0
890,2005,1,1,1,0,0,0,0,0,0,0
916,1995,1,0,0,0,0,0,1,0,0,0
933,1998,1,1,0,0,0,0,0,0,0,0
945,2004,2,1,0,0,0,0,0,1,1,0
949,1989,5,4,2,1,1,0,1,0,0,0
949,1990,9,7,4,0,0,0,2,0,0,0
949,1991,9,9,3,0,0,0,0,0,1,0
949,1992,5,4,2,0,0,0,1,0,0,0
949,1996,4,4,1,0,0,0,0,0,2,0
949,1997,1,1,0,0,0,0,0,0,1,0
950,2001,3,3,1,0,0,1,0,0,0,0
950,2003,2,0,0,0,0,0,2,0,0,0
962,2007,4,3,0,0,0,0,1,0,1,0
972,1989,2,1,0,0,0,0,0,1,0,0
981,1991,10,8,4,1,0,0,2,0,1,0
981,1992,7,6,3,0,0,0,1,0,0,0
981,1993,7,6,2,0,0,0,1,0,1,0
998,1994,2,2,1,0,0,0,0,0,0,0
998,1995,4,4,0,0,0,0,0,0,0,0
998,1996,6,3,0,0,0,0,1,2,1,0
998,1998,4,4,1,0,0,1,0,0,1,0
998,2000,3,3,0,0,0,0,0,0,0,0
1009,2007,4,4,1,1,0,0,0,0,1,0
1028,1996,3,3,2,0,0,0,0,0,0,0
1028,1997,1,1,1,1,0,0,0,0,0,0
1058,1995,1,1,1,0,0,1,0,0,0,0
1058,1996,1,1,1,1,0,0,0,0,0,0
1058,1997,1,1,0,0,0,0,0,0,1,0
1058,2000,1,1,1,0,0,0,0,0,0,0
1059,1988,1,0,0,0,0,0,1,0,0,0
1062,1998,3,3,0,0,0,0,0,0,0,0
1062,1999,5,5,0,0,0,0,0,0,0,0
1062,2000,3,3,2,0,0,0,0,0,0,0
1062,2001,1,0,0,0,0,0,1,0,0,0
1062,2002,4,4,0,0,0,0,0,0,0,0
1062,2003,3,2,0,0,0,0,1,0,0,0
1062,2004,2,2,1,0,0,0,0,0,0,0
1065,1989,2,0,0,0,0,0,2,0,0,0
1065,1990,2,1,0,0,0,0,1,0,1,0
1065,1991,2,2,1,0,0,0,0,0,0,0
1075,1997,7,5,1,0,0,0,2,0,1,0
1075,1998,3,3,1,0,0,0,0,0,0,0
1075,1999,8,6,2,2,0,0,2,0,0,0
1075,2001,3,2,0,0,0,0,0,1,0,0
1097,2000,1,0,0,0,0,0,0,0,0,1
1097,2001,2,2,1,0,0,0,0,0,0,0
1112,1988,3,3,0,0,0,0,0,0,1,0
1120,2007,2,2,0,0,0,0,0,0,0,0
1124,1996,1,1,1,0,0,0,0,0,0,0
1133,1999,4,4,2,0,0,1,0,0,0,0
1135,1994,2,2,2,0,0,0,0,0,0,0
1135,1995,4,3,1,1,0,0,1,0,0,0
1135,1996,3,1,0,0,0,0,2,0,1,0
1135,2004,1,1,0,0,0,0,0,0,1,0
1138,2002,4,4,2,1,0,0,0,0,0,0
1138,2003,5,5,1,0,0,0,0,0,0,0
1138,2004,1,1,1,0,0,0,0,0,0,0
1138,2006,2,2,0,0,0,0,0,0,0,0
1147,1990,4,4,2,0,0,0,0,0,0,0
1147,1991,3,2,0,0,0,0,1,0,1,0
1147,1992,3,3,2,1,0,0,0,0,0,0
1147,1993,2,2,0,0,0,0,0,0,1,0
1147,1994,3,2,0,0,0,0,1,0,1,0
1159,1993,7,7,2,0,0,0,0,0,2,0
1159,1994,1,1,1,1,0,0,0,0,0,0
1159,1996,1,1,1,0,0,1,0,0,0,0
1159,1997,5,4,1,0,0,0,1,0,1,0
1159,1998,3,3,2,0,0,0,0,0,0,0
1159,1999,6,4,1,0,0,1,2,0,0,0
1160,1995,6,6,1,0,0,0,0,0,4,0
1160,1996,2,2,1,0,0,0,0,0,0,0
1160,1997,3,3,1,0,0,0,0,0,1,0
1160,1999,3,3,1,0,0,0,0,0,1,0
1160,2001,2,2,1,0,0,0,0,0,0,0
1160,2002,2,2,1,1,0,0,0,0,0,0
1160,2003,2,2,0,0,0,0,0,0,1,0
1160,2004,4,3,0,0,0,0,0,0,2,0
1175,1996,2,1,1,0,0,0,0,1,0,0
1184,1993,4,3,2,1,0,0,1,0,0,0
1184,1994,3,1,0,0,0,0,1,1,0,0
1190,1999,7,5,0,0,0,0,2,0,1,0
1203,2000,1,1,1,0,0,0,0,0,0,0
1205,1990,5,5,1,0,0,0,0,0,1,0
1205,1991,4,4,1,1,0,0,0,0,0,0
1221,2002,2,1,0,0,0,0,0,1,0,0
1244,1992,4,3,0,0,0,0,1,0,0,0
1246,1989,2,1,0,0,0,0,1,0,0,0
1246,1990,3,3,0,0,0,0,0,0,0,0
1246,1991,5,5,1,0,0,0,0,0,1,0
1246,1992,1,1,0,0,0,0,0,0,0,0
1246,1993,4,3,1,1,0,0,0,1,0,0
1246,1994,5,4,1,1,0,0,0,0,1,0
1246,1995,3,2,1,0,0,0,1,0,0,0
1246,1996,5,4,0,0,0,0,0,0,0,1
1246,1998,1,0,0,0,0,0,0,1,0,0
1265,2007,2,2,0,0,0,0,0,0,1,0
1270,2005,1,0,0,0,0,0,0,0,0,0
1294,1997,1,1,0,0,0,0,0,0,0,0
1294,1999,1,0,0,0,0,0,0,0,0,1
1321,1993,1,1,0,0,0,0,0,0,0,0
1342,1998,1,1,1,1,0,0,0,0,0,0
1342,1999,3,3,0,0,0,0,0,0,0,0
1342,2000,4,2,1,1,0,0,1,1,0,0
1343,1992,3,2,0,0,0,0,1,0,0,0
1343,1993,4,4,0,0,0,0,0,0,1,0
1343,1999,1,1,1,0,0,0,0,0,0,0
1343,2000,1,1,0,0,0,0,0,0,0,0
1343,2004,1,1,1,0,0,0,0,0,0,0
1343,2007,4,4,1,0,0,0,0,0,0,0
1367,1991,1,1,0,0,0,0,0,0,0,0
1399,2001,5,5,0,0,0,0,0,0,1,0
1399,2002,1,1,0,0,0,0,0,0,1,0
1399,2003,1,1,1,0,0,0,0,0,0,0
1399,2004,1,1,0,0,0,0,0,0,0,0
1399,2005,1,1,0,0,0,0,0,0,0,0
1406,1996,6,3,1,0,0,0,2,0,0,1
1406,1997,7,7,1,0,0,0,0,0,3,0
1406,1998,4,4,2,1,0,0,0,0,0,0
1406,1999,8,7,1,0,0,0,1,0,3,0
1406,2000,8,6,0,0,0,0,0,1,2,0
1406,2002,3,2,1,0,0,1,1,0,0,0
1406,2003,4,3,0,0,0,0,0,1,2,0
1407,1990,2,2,0,0,0,0,0,0,1,0
1407,1991,1,1,1,0,0,0,0,0,0,0
1416,1998,4,3,1,0,0,0,0,1,0,0
1429,1989,15,13,1,0,0,0,2,0,0,0
1429,1990,6,5,0,0,0,0,1,0,3,0
1429,1991,12,12,5,1,0,1,0,0,0,0
1429,1992,7,5,3,0,1,0,2,0,0,0
1429,1993,6,4,2,1,0,0,1,1,1,0
1454,2005,1,1,1,0,0,1,0,0,0,0
1461,1998,4,4,0,0,0,0,0,0,2,0
1461,2000,1,0,0,0,0,0,1,0,0,0
1482,2007,2,1,0,0,0,0,1,0,0,0
1491,2001,3,2,0,0,0,0,0,1,0,0
1491,2002,1,0,0,0,0,0,1,0,0,0
1495,2007,4,4,0,0,0,0,0,0,1,0
1510,1992,5,3,1,0,0,0,1,1,0,0
1510,1994,2,2,0,0,0,0,0,0,1,0
1510,1995,13,12,4,0,0,0,0,1,1,0
1510,1997,3,3,2,0,0,0,0,0,0,0
1516,2003,1,1,0,0,0,0,0,0,0,0
1516,2004,2,2,0,0,0,0,0,0,0,0
1516,2005,1,1,0,0,0,0,0,0,0,0
1523,1992,4,3,2,0,0,1,1,0,0,0
1523,1993,5,4,1,1,0,0,1,0,0,0
1523,1994,4,3,0,0,0,0,1,0,1,0
1523,1995,6,6,0,0,0,0,0,0,1,0
1523,1996,6,4,2,0,0,0,2,0,0,0
1523,1997,9,8,2,0,0,0,1,0,1,0
1523,2000,4,4,3,0,0,0,0,0,0,0
1523,2002,6,6,5,1,0,0,0,0,0,0
1523,2003,4,4,0,0,0,0,0,0,0,0
1523,2004,4,4,0,0,0,0,0,0,1,0
1531,2006,1,1,0,0,0,0,0,0,1,0
1546,1990,6,6,1,0,0,0,0,0,0,0
1546,1991,16,16,8,0,0,0,0,0,1,0
1546,1992,16,14,4,1,0,0,2,0,2,0
1546,1993,15,15,1,1,0,0,0,0,1,0
1546,1994,4,4,2,2,0,0,0,0,1,0
1546,1995,7,6,2,0,0,1,1,0,1,0
1546,1996,3,2,0,0,0,0,1,0,0,0
1546,2000,6,6,0,0,0,0,0,0,2,0
1546,2001,4,3,2,0,0,0,1,0,0,0
1547,1996,1,1,0,0,0,0,0,0,1,0
1547,1997,3,3,1,0,0,1,0,0,1,0
1553,1988,1,1,0,0,0,0,0,0,0,0
1553,1989,2,2,1,0,0,0,0,0,0,0
1553,1990,3,3,1,0,0,0,0,0,0,0
1553,1991,3,2,0,0,0,0,0,0,1,0
1556,1999,3,3,1,0,0,0,0,0,0,0
1556,2000,3,2,1,0,0,1,1,0,0,0
1556,2001,2,2,2,0,0,0,0,0,0,0
1556,2002,7,5,1,1,0,0,0,2,1,0
1556,2005,7,7,2,0,0,0,0,0,1,0
1567,2004,4,4,0,0,0,0,0,0,0,0
1580,1997,1,1,0,0,0,0,0,0,0,0
1587,1998,1,1,0,0,0,0,0,0,0,0
1587,1999,1,1,1,0,0,0,0,0,0,0
1596,2006,9,8,2,1,0,0,0,0,1,0
1596,2007,11,9,3,0,0,0,1,0,1,1
1631,2002,3,2,0,0,0,0,1,0,0,0
1631,2003,1,0,0,0,0,0,1,0,0,0
1634,1995,2,2,0,0,0,0,0,0,0,0
1634,1996,3,3,0,0,0,0,0,0,0,0
1634,1997,4,2,0,0,0,0,1,1,0,0
1634,1998,4,4,0,0,0,0,0,0,0,0
1634,1999,7,5,3,0,0,0,1,1,0,0
1634,2001,2,2,2,1,0,0,0,0,0,0
1652,2001,3,3,2,1,0,0,0,0,0,0
1652,2002,6,6,3,0,0,0,0,0,0,0
1663,1993,1,1,0,0,0,0,0,0,0,0
1669,2006,3,3,0,0,0,0,0,0,0,0
1675,2003,1,1,0,0,0,0,0,0,0,0
1675,2004,3,3,0,0,0,0,0,0,1,0
1694,1989,1,1,0,0,0,0,0,0,0,0
1727,1994,3,3,1,0,0,0,0,0,0,0
1743,1992,13,11,3,2,1,0,2,0,1,0
1743,1993,12,12,4,1,0,0,0,0,2,0
1743,1994,2,1,0,0,0,0,0,1,0,0
1743,1995,4,3,1,1,0,0,0,0,1,1
1743,1996,2,2,0,0,0,0,0,0,0,0
1743,1997,5,5,2,0,0,1,0,0,0,0
1764,2005,1,1,0,0,0,0,0,0,1,0
1764,2006,5,5,2,0,0,0,0,0,2,0
1769,2005,1,1,0,0,0,0,0,0,0,0
1769,2006,4,3,2,0,0,0,0,0,0,0
1769,2007,2,2,0,0,0,0,0,0,1,0
1773,2004,6,3,2,0,0,0,2,1,1,0
1773,2005,4,4,0,0,0,0,0,0,1,0
1773,2006,4,3,0,0,0,0,0,0,1,1
1773,2007,6,5,1,1,0,0,1,0,1,0
1790,2007,2,2,1,1,0,0,0,0,0,0
1799,1989,2,2,0,0,0,0,0,0,0,0
1799,1990,1,1,0,0,0,0,0,0,0,0
1799,1991,3,3,0,0,0,0,0,0,1,0
1805,1989,3,3,2,1,1,0,0,0,0,0
1805,1991,2,2,1,0,0,0,0,0,0,0
1805,1992,7,7,1,0,0,0,0,0,0,0
1805,1993,1,1,0,0,0,0,0,0,0,0
1806,2004,7,6,2,1,0,0,0,1,1,0
1806,2005,18,16,6,0,0,0,0,1,5,1
1806,2006,11,9,1,0,0,0,1,0,3,0
1825,2005,4,3,1,1,0,0,0,0,0,0
1828,2001,1,1,1,0,1,0,0,0,0,0
1828,2002,1,0,0,0,0,0,0,0,0,1
1828,2004,1,1,0,0,0,0,0,0,1,0
1828,2005,2,2,0,0,0,0,0,0,1,0
1829,1994,3,2,0,0,0,0,1,0,0,0
1829,1995,4,3,0,0,0,0,1,0,1,0
1829,1996,5,3,0,0,0,0,1,1,1,0
1829,1997,3,3,0,0,0,0,0,0,0,0
1829,2000,1,1,0,0,0,0,0,0,0,0
1829,2001,1,0,0,0,0,0,1,0,0,0
1829,2005,1,1,1,0,0,0,0,0,0,0
1829,2007,1,1,0,0,0,0,0,0,0,0
1845,1992,3,2,1,1,0,0,1,0,1,0
1846,2003,1,1,0,0,0,0,0,0,0,0
1846,2006,1,1,0,0,0,0,0,0,0,0
1850,2005,2,2,2,0,0,1,0,0,0,0
1881,1998,1,0,0,0,0,0,0,0,0,1
1888,1991,5,5,2,1,0,0,0,0,2,0
1888,1992,7,6,1,0,0,0,0,1,0,0
1888,1993,3,2,1,0,0,0,0,1,0,0
1888,1995,9,8,3,0,0,1,1,0,1,0
1888,1996,11,10,2,0,0,0,0,1,0,0
1888,1997,12,10,6,0,0,1,2,0,1,0
1888,1998,2,1,0,0,0,0,1,0,1,0
1921,1990,2,2,0,0,0,0,0,0,0,0
1921,1991,1,1,0,0,0,0,0,0,0,0
1934,2007,1,1,0,0,0,0,0,0,0,0
1970,2005,3,3,1,0,0,0,0,0,1,0
1972,2001,8,6,1,0,0,0,0,2,0,0
1972,2002,3,2,0,0,0,0,0,1,1,0
1972,2006,4,4,1,0,0,1,0,0,0,0
1972,2007,1,1,0,0,0,0,0,0,0,0
2004,1988,2,2,0,0,0,0,0,0,0,0
2004,1989,3,3,2,1,0,1,0,0,0,0
2004,1990,8,8,1,0,0,0,0,0,2,0
2004,1991,9,8,1,0,0,0,0,0,3,0
2004,1992,4,3,3,1,0,0,1,0,0,0
2017,1999,1,1,0,0,0,0,0,0,1,0
2018,2001,6,5,0,0,0,0,1,0,2,0
2018,2002,1,1,1,1,0,0,0,0,0,0
2018,2005,3,3,0,0,0,0,0,0,0,0
2051,1998,1,0,0,0,0,0,1,0,0,0
2051,1999,2,2,2,1,0,0,0,0,0,0
2058,1995,1,1,1,0,0,0,0,0,0,0
2058,1997,2,2,1,0,0,0,0,0,1,0
2058,2000,1,1,0,0,0,0,0,0,0,0
2058,2001,1,1,0,0,0,0,0,0,0,0
2070,2005,1,1,0,0,0,0,0,0,0,0
2070,2007,1,1,0,0,0,0,0,0,0,0
2081,1994,1,1,1,0,0,0,0,0,0,0
2096,1991,1,1,0,0,0,0,0,0,0,0
2116,1996,9,8,2,1,0,0,0,1,2,0
2116,1997,4,2,1,1,0,0,1,1,0,0
2116,1998,14,14,2,1,0,0,0,0,1,0
2130,2005,3,3,0,0,0,0,0,0,1,0
2130,2006,3,2,0,0,0,0,0,1,1,0
2144,1999,6,5,1,0,0,0,1,0,3,0
2144,2000,7,6,1,1,0,0,1,0,2,0
2144,2001,3,0,0,0,0,0,1,2,0,0
2144,2002,3,3,0,0,0,0,0,0,3,0
2144,2003,6,6,0,0,0,0,0,0,1,0
2144,2004,7,6,1,0,0,1,1,0,1,0
2145,1992,1,1,0,0,0,0,0,0,0,0
2162,1995,2,2,2,0,0,0,0,0,0,0
2162,1996,3,3,1,0,0,0,0,0,0,0
2162,1997,3,2,1,0,0,0,1,0,0,0
2162,1998,1,1,0,0,0,0,0,0,0,0
2162,1999,5,4,0,0,0,0,1,0,1,0
2185,2005,3,2,1,0,0,0,0,1,0,0
2185,2006,2,1,1,1,0,0,0,0,0,1
2185,2007,1,1,0,0,0,0,0,0,1,0
2237,1998,4,4,1,0,0,0,0,0,0,0
2237,1999,4,4,1,0,0,0,0,0,1,0
2237,2000,4,4,1,0,0,1,0,0,0,0
2237,2001,2,2,0,0,0,0,0,0,0,0
2237,2002,3,2,2,0,0,0,1,0,0,0
2237,2007,4,4,2,0,0,0,0,0,1,0
2240,2003,1,1,1,0,0,0,0,0,0,0
2240,2007,2,2,0,0,0,0,0,0,0,0
2242,2006,1,1,0,0,0,0,0,0,1,0
2250,1990,11,8,1,0,0,0,3,0,2,0
2250,1991,4,4,1,1,0,0,0,0,1,0
2259,2002,1,1,1,1,0,0,0,0,0,0
2261,1989,9,9,2,0,0,0,0,0,3,0
2261,1990,3,3,1,0,0,0,0,0,2,0
2261,1991,8,5,1,0,0,1,2,0,0,0
2261,1992,8,8,1,0,0,0,0,0,3,0
2261,2003,2,0,0,0,0,0,2,0,0,0
2282,2006,4,4,1,0,0,0,0,0,0,0
2291,2002,3,3,0,0,0,0,0,0,0,0
2291,2003,3,1,1,0,0,0,1,1,0,0
2291,2006,3,2,1,1,0,0,1,0,0,0
2291,2007,7,7,4,0,0,0,0,0,0,0
2295,1990,8,7,2,0,0,0,1,0,1,0
2295,1997,1,1,0,0,0,0,0,0,1,0
2295,1999,1,0,0,0,0,0,1,0,0,0
2300,1993,7,7,3,1,0,0,0,0,1,0
2300,1994,5,4,0,0,0,0,0,1,0,0
2300,1997,4,4,2,0,0,0,0,0,0,0
2316,1999,2,2,1,0,0,1,0,0,0,0
2316,2001,6,6,2,0,1,0,0,0,1,0
2326,2003,1,1,0,0,0,0,0,0,0,0
2330,2004,1,1,0,0,0,0,0,0,0,0
2330,2005,1,1,0,0,0,0,0,0,0,0
2330,2006,1,1,1,0,0,0,0,0,0,0
2330,2007,2,2,0,0,0,0,0,0,1,0
2332,1996,6,6,3,0,0,1,0,0,1,0
2332,1997,11,9,0,0,0,0,1,1,2,0
2332,1998,11,9,0,0,0,0,2,0,2,0
2332,1999,9,6,1,1,0,0,3,0,1,0
2333,2002,1,1,0,0,0,0,0,0,0,0
2333,2003,2,2,0,0,0,0,0,0,2,0
2333,2004,1,1,1,0,0,0,0,0,0,0
2333,2005,1,1,0,0,0,0,0,0,1,0
2333,2006,1,1,1,1,0,0,0,0,0,0
2333,2007,3,3,0,0,0,0,0,0,1,0
2340,2002,2,1,1,0,0,0,1,0,0,0
2343,2004,3,3,2,2,0,0,0,0,0,0
2343,2005,2,2,1,1,0,0,0,0,0,0
2343,2006,3,2,1,0,0,0,1,0,0,0
2344,1992,9,7,1,0,0,0,2,0,1,0
2344,1993,6,5,3,0,1,0,1,0,0,0
2344,1994,3,3,1,0,0,0,0,0,1,0
2344,1996,6,6,2,0,0,1,0,0,0,0
2344,2002,1,1,0,0,0,0,0,0,1,0
2344,2003,1,1,0,0,0,0,0,0,0,0
2344,2006,2,2,0,0,0,0,0,0,1,0
2344,2007,1,1,0,0,0,0,0,0,0,0
2351,1995,7,4,2,0,0,0,1,0,0,0
2355,2007,3,3,1,0,0,0,0,0,1,0
2358,2006,1,1,0,0,0,0,0,0,0,0
2358,2007,1,1,0,0,0,0,0,0,0,0
2362,1993,1,1,0,0,0,0,0,0,0,0
2375,1989,4,2,1,0,0,0,1,1,0,0
2375,1991,1,1,0,0,0,0,0,0,0,0
2395,2007,1,1,1,0,1,0,0,0,0,0
2407,1991,6,5,3,0,1,0,1,0,1,0
2407,1992,1,1,0,0,0,0,0,0,0,0
2418,2001,1,1,0,0,0,0,0,0,0,0
2421,2006,1,1,0,0,0,0,0,0,1,0
2431,1996,3,2,2,0,0,0,1,0,0,0
2434,1997,1,1,1,0,0,0,0,0,0,0
2442,1996,1,1,0,0,0,0,0,0,0,0
2448,1989,3,1,0,0,0,0,2,0,1,0
2448,1990,4,3,1,0,0,0,0,0,0,0
2448,1991,4,4,0,0,0,0,0,0,1,0
2448,1992,4,4,2,0,0,0,0,0,0,0
2453,1994,5,5,2,0,0,1,0,0,0,0
2480,1998,4,4,0,0,0,0,0,0,2,0
2480,1999,3,3,1,1,0,0,0,0,1,0
2493,2003,2,2,1,0,0,0,0,0,0,0
2505,2001,3,3,1,0,0,0,0,0,1,0
2505,2002,2,2,1,0,0,0,0,0,0,0
2505,2003,4,4,1,0,0,0,0,0,1,0
2505,2004,1,1,0,0,0,0,0,0,0,0
2505,2006,5,4,1,0,0,1,0,1,1,0
2505,2007,2,1,0,0,0,0,1,0,0,0
2508,2003,2,2,1,0,0,1,0,0,0,0
2535,1996,1,0,0,0,0,0,0,0,0,0
2543,1997,4,3,1,0,0,0,1,0,0,0
2543,1999,2,1,0,0,0,0,1,0,0,0
2543,2000,1,0,0,0,0,0,1,0,0,0
2543,2001,4,4,1,0,0,0,0,0,1,0
2543,2002,5,5,2,0,0,0,0,0,0,0
2543,2004,1,1,0,0,0,0,0,0,1,0
2561,1994,1,0,0,0,0,0,1,0,0,0
2562,1993,1,1,0,0,0,0,0,0,0,0
2562,1994,1,1,0,0,0,0,0,0,1,0
2562,1996,2,2,1,0,0,0,0,0,0,0
2562,1998,6,6,3,3,0,0,0,0,0,0
2562,1999,8,8,4,1,0,0,0,0,1,0
2562,2000,3,2,0,0,0,0,0,1,0,0
2562,2002,6,5,0,0,0,0,1,0,0,0
2562,2003,2,2,1,1,0,0,0,0,0,0
2567,2006,2,2,0,0,0,0,0,0,0,0
2572,1999,1,1,0,0,0,0,0,0,0,0
2581,1997,3,3,1,0,0,0,0,0,0,0
2581,2001,3,3,0,0,0,0,0,0,0,0
2581,2002,6,5,1,0,0,0,0,1,0,0
2581,2003,11,11,4,1,0,0,0,0,3,0
2582,2000,1,0,0,0,0,0,1,0,0,0
2590,2007,3,3,1,0,0,1,0,0,1,0
2595,1998,1,1,0,0,0,0,0,0,0,0
2595,2001,1,1,0,0,0,0,0,0,0,0
2597,1989,6,6,3,0,0,0,0,0,1,0
2597,1990,4,4,1,1,0,0,0,0,2,0
2597,1991,3,2,0,0,0,0,0,1,0,0
2608,1996,7,5,0,0,0,0,1,1,2,0
2608,1998,3,3,2,0,0,0,0,0,0,0
2622,2001,3,3,0,0,0,0,0,0,1,0
2640,2001,7,7,3,0,0,0,0,0,3,0
2640,2003,3,3,1,0,0,1,0,0,0,0
2640,2004,19,18,4,1,0,0,1,0,1,0
2640,2005,12,10,3,1,0,0,2,0,1,0
2640,2006,5,5,2,0,0,1,0,0,0,0
2640,2007,3,2,0,0,0,0,1,0,0,0
2654,2007,1,1,0,0,0,0,0,0,0,0
2660,2001,2,2,1,0,0,0,0,0,0,0
2660,2002,1,1,0,0,0,0,0,0,1,0
2660,2005,3,3,1,0,0,0,0,0,0,0
2663,2001,5,4,2,0,0,1,0,1,0,0
2665,1989,5,4,1,1,0,0,1,0,0,0
2665,1992,2,2,0,0,0,0,0,0,2,0
2665,1993,4,4,2,1,0,0,0,0,0,0
2665,1994,1,1,1,0,0,0,0,0,0,0
2699,2007,1,1,0,0,0,0,0,0,1,0
2700,2003,5,4,0,0,0,0,1,0,0,0
2700,2006,2,1,1,1,0,0,1,0,0,0
2702,1989,1,1,1,0,0,0,0,0,0,0
2702,1990,3,3,1,0,0,0,0,0,0,0
2733,1997,1,1,0,0,0,0,0,0,1,0
2733,1998,2,2,1,0,0,0,0,0,0,0
2741,1990,7,7,2,0,0,0,0,0,1,0
2741,1991,11,10,4,0,0,0,1,0,2,0
2742,1997,2,2,1,1,0,0,0,0,0,0
2742,1998,3,3,2,2,0,0,0,0,0,0
2742,1999,1,0,0,0,0,0,1,0,0,0
2742,2000,2,2,0,0,0,0,0,0,0,0
2742,2001,3,2,1,0,0,0,1,0,0,0
2742,2002,4,4,0,0,0,0,0,0,1,0
2742,2003,4,3,0,0,0,0,1,0,3,0
2754,2005,2,1,0,0,0,0,1,0,0,0
2754,2006,1,1,0,0,0,0,0,0,0,0
2767,1989,9,9,2,2,0,0,0,0,0,0
2767,1990,6,6,2,0,0,0,0,0,1,0
2767,1991,10,8,2,0,0,0,2,0,3,0
2767,1992,7,5,4,2,0,0,2,0,0,0
2767,1993,2,0,0,0,0,0,1,1,0,0
2789,1998,1,1,1,0,0,0,0,0,0,0
2789,1999,1,1,1,0,0,0,0,0,0,0
2789,2000,3,2,0,0,0,0,1,0,0,0
2789,2001,1,1,1,0,0,0,0,0,0,0
2789,2002,3,3,1,0,0,0,0,0,0,0
2789,2003,3,3,0,0,0,0,0,0,1,0
2795,1999,2,1,1,0,0,0,1,0,0,0
2798,1994,1,1,0,0,0,0,0,0,1,0
2798,1995,5,5,1,0,0,0,0,0,0,0
2798,1996,2,2,0,0,0,0,0,0,0,0
2799,2006,1,1,0,0,0,0,0,0,0,0
2810,1998,1,1,0,0,0,0,0,0,0,0
2810,1999,7,6,1,0,0,0,1,0,3,0
2810,2001,7,7,1,0,0,1,0,0,1,0
2810,2002,7,6,2,1,0,1,1,0,0,0
2810,2003,10,9,3,0,0,0,1,0,1,0
2810,2004,1,1,0,0,0,0,0,0,0,0
2810,2005,4,4,1,0,0,0,0,0,0,0
2810,2006,3,3,1,0,0,0,0,0,0,0
2810,2007,1,1,0,0,0,0,0,0,0,0
2837,1992,4,3,0,0,0,0,1,0,0,0
2837,1993,3,2,2,0,0,0,1,0,0,0
2838,1993,1,1,1,1,0,0,0,0,0,0
2841,1997,1,1,0,0,0,0,0,0,0,0
2841,1998,4,4,3,0,0,0,0,0,0,0
2841,2001,9,6,2,0,0,1,3,0,0,0
2841,2004,2,1,1,0,0,0,1,0,0,0
2841,2005,1,1,0,0,0,0,0,0,0,0
2841,2006,1,1,1,1,0,0,0,0,0,0
2841,2007,1,1,0,0,0,0,0,0,1,0
2855,2007,1,0,0,0,0,0,1,0,0,0
2858,1994,4,4,1,0,0,0,0,0,0,0
2858,1996,2,2,0,0,0,0,0,0,0,0
2901,1988,1,1,0,0,0,0,0,0,0,0
2901,1989,1,1,0,0,0,0,0,0,1,0
2901,1990,6,6,1,0,0,0,0,0,3,0
2901,1991,7,6,1,0,0,0,1,0,2,0
2901,1992,1,1,0,0,0,0,0,0,1,0
2908,1990,3,3,1,1,0,0,0,0,0,0
2935,2001,1,0,0,0,0,0,1,0,0,0
2940,1989,1,1,0,0,0,0,0,0,0,0
2940,1990,1,1,0,0,0,0,0,0,0,0
2942,1995,3,3,1,0,0,0,0,0,1,0
2942,1996,5,3,1,0,0,0,1,0,0,0
2942,1997,3,3,1,0,0,0,0,0,0,0
2942,1998,1,1,0,0,0,0,0,0,0,0
2942,1999,2,2,1,0,0,1,0,0,0,0
2945,1995,4,4,1,1,0,0,0,0,1,0
2966,2006,1,1,0,0,0,0,0,0,0,0
2973,2005,1,0,0,0,0,0,1,0,0,0
2988,1988,2,2,1,0,0,0,0,0,1,0
2996,1999,3,2,0,0,0,0,1,0,0,0
3014,1989,2,2,0,0,0,0,0,0,0,0
3014,1991,2,2,0,0,0,0,0,0,1,0
3014,1992,7,7,0,0,0,0,0,0,1,0
3016,2000,3,2,1,0,0,0,1,0,0,0
3016,2003,2,2,1,0,0,0,0,0,0,0
3028,1988,3,3,1,1,0,0,0,0,1,0
3028,1989,7,5,2,0,0,0,1,0,1,0
3028,1990,7,7,2,0,0,0,0,0,1,0
3028,1991,6,6,2,0,0,0,0,0,1,0
3028,1992,10,10,4,0,0,0,0,0,3,0
3036,1993,2,2,0,0,0,0,0,0,0,0
3039,1997,2,2,0,0,0,0,0,0,2,0
3039,1998,3,3,1,0,0,0,0,0,0,0
3039,1999,4,4,1,1,0,0,0,0,1,0
3039,2000,11,9,1,1,0,0,2,0,3,0
3039,2001,8,5,2,0,0,0,2,1,1,0
3039,2004,1,0,0,0,0,0,1,0,0,0
3041,2004,7,7,4,1,0,0,0,0,1,0
3041,2005,7,6,2,0,0,0,1,0,2,0
3041,2006,3,2,0,0,0,0,1,0,1,0
3046,2000,3,2,1,0,0,0,1,0,0,0
3052,2003,1,1,0,0,0,0,0,0,0,0
3067,2001,3,3,1,1,0,0,0,0,0,0
3067,2002,6,6,0,0,0,0,0,0,1,0
3067,2003,3,3,1,0,0,0,0,0,0,0
3067,2006,3,3,0,0,0,0,0,0,0,0
3086,2005,3,3,2,1,0,0,0,0,0,0
3086,2006,6,6,3,1,0,0,0,0,1,0
3086,2007,7,7,2,0,1,0,0,0,0,0
3094,2001,1,1,1,0,0,0,0,0,0,0
3131,2001,3,1,1,0,0,0,0,2,0,0
3133,2007,1,1,0,0,0,0,0,0,0,0
3138,2002,1,1,0,0,0,0,0,0,0,0
3149,1994,1,1,0,0,0,0,0,0,1,0
3149,1995,5,4,2,0,0,0,1,0,0,0
3149,1996,4,2,0,0,0,0,2,0,1,0
3162,1989,2,2,0,0,0,0,0,0,1,0
3166,2000,3,3,1,0,0,0,0,0,0,0
3166,2001,4,3,2,0,0,0,1,0,0,0
3166,2003,7,7,3,0,0,1,0,0,0,0
3166,2007,6,5,2,0,0,1,1,0,1,0
3170,1989,4,3,0,0,0,0,1,0,1,0
3173,1996,4,4,1,0,0,0,0,0,0,0
3183,1995,1,0,0,0,0,0,1,0,0,0
3191,1998,2,2,1,1,0,0,0,0,1,0
3191,1999,4,4,1,0,0,0,0,0,2,0
3214,1989,5,5,0,0,0,0,0,0,3,0
3216,1993,2,2,2,1,0,1,0,0,0,0
3219,1995,1,1,1,0,0,0,0,0,0,0
3219,1996,4,3,1,0,0,0,1,0,1,0
3219,2003,1,1,0,0,0,0,0,0,0,0
3219,2004,1,1,0,0,0,0,0,0,0,0
3219,2006,1,1,1,0,0,0,0,0,0,0
3223,2006,3,3,1,0,0,0,0,0,0,0
3229,1998,3,3,1,0,0,0,0,0,0,0
3229,1999,7,5,0,0,0,0,2,0,0,0
3229,2003,4,4,2,0,0,0,0,0,0,0
3229,2004,3,2,1,0,0,0,0,0,0,0
3229,2005,2,2,1,1,0,0,0,0,0,0
3239,1994,1,1,0,0,0,0,0,0,0,0
3248,2001,2,1,1,0,0,1,0,1,0,0
3262,1998,2,2,0,0,0,0,0,0,0,0
3262,2003,2,2,0,0,0,0,0,0,0,0
3262,2006,1,1,0,0,0,0,0,0,0,0
3262,2007,2,2,1,0,0,0,0,0,1,0
3292,1997,1,1,0,0,0,0,0,0,1,0
3293,1995,7,5,2,0,1,0,1,0,0,0
3293,1996,2,2,0,0,0,0,0,0,1,0
3313,2004,4,4,0,0,0,0,0,0,0,0
3339,1996,3,1,0,0,0,0,1,1,0,0
3339,1997,7,5,0,0,0,0,1,1,2,0
3339,1998,3,3,2,0,0,0,0,0,0,0
3339,1999,6,6,3,1,0,0,0,0,0,0
3339,2000,4,3,0,0,0,0,1,0,0,0
3339,2002,10,9,2,0,0,0,0,0,0,1
3339,2003,12,11,0,0,0,0,1,0,3,0
3339,2004,3,3,2,0,0,2,0,0,0,0
3345,2003,4,2,1,0,0,0,0,1,0,1
3345,2004,2,2,2,0,0,0,0,0,0,0
3351,2003,6,5,3,2,0,0,0,1,0,0
3366,2005,1,1,0,0,0,0,0,0,0,0
3368,1994,2,2,1,0,0,0,0,0,0,0
3374,1997,3,3,2,1,0,1,0,0,1,0
3374,2003,1,1,0,0,0,0,0,0,0,0
3374,2005,1,1,0,0,0,0,0,0,0,0
3375,2007,1,1,0,0,0,0,0,0,0,0
3389,2005,1,1,0,0,0,0,0,0,0,0
3389,2006,1,1,0,0,0,0,0,0,1,0
3389,2007,1,1,0,0,0,0,0,0,0,0
3392,1997,1,0,0,0,0,0,0,0,0,1
3410,1999,4,4,1,0,0,0,0,0,0,0
3410,2000,1,1,1,0,0,0,0,0,0,0
3410,2001,7,6,1,0,0,0,1,0,2,0
3410,2002,5,2,0,0,0,0,2,1,1,0
3410,2003,6,6,1,0,0,1,0,0,5,0
3410,2004,5,5,0,0,0,0,0,0,2,0
3420,1991,2,1,0,0,0,0,1,0,0,0
3420,1992,2,2,1,0,0,0,0,0,0,0
3420,1993,4,3,1,0,0,0,1,0,1,0
3420,1994,6,5,1,1,0,0,1,0,0,0
3420,1995,6,3,1,0,0,1,2,0,0,1
3420,1996,11,9,3,0,0,0,2,0,3,0
3420,2001,3,3,0,0,0,0,0,0,1,0
3420,2002,3,3,0,0,0,0,0,0,1,0
3420,2003,1,0,0,0,0,0,1,0,0,0
3420,2004,3,3,2,0,0,0,0,0,0,0
3420,2005,2,2,1,0,0,1,0,0,0,0
3431,2007,1,1,0,0,0,0,0,0,0,0
3434,2006,2,0,0,0,0,0,1,1,0,0
3434,2007,1,1,1,0,0,0,0,0,0,0
3442,2003,3,2,0,0,0,0,0,1,1,0
3442,2006,1,1,1,0,0,0,0,0,0,0
3455,1997,7,7,2,1,0,0,0,0,1,0
3455,1999,4,4,3,0,0,1,0,0,0,0
3460,2002,7,7,2,1,0,0,0,0,2,0
3466,1996,6,5,2,0,0,0,1,0,0,0
3466,1997,3,3,1,1,0,0,0,0,0,0
3466,2000,3,2,2,0,0,0,1,0,0,0
3466,2001,6,5,0,0,0,0,1,0,2,0
3468,1988,4,4,0,0,0,0,0,0,2,0
3468,1989,6,3,0,0,0,0,2,1,1,0
3468,1991,3,3,0,0,0,0,0,0,1,0
3468,1992,9,8,2,0,0,1,1,0,1,0
3468,1993,6,6,1,0,0,0,0,0,2,0
3468,1995,3,2,1,0,0,1,1,0,0,0
3468,1996,3,2,1,1,0,0,1,0,0,0
3482,1997,1,0,0,0,0,0,1,0,0,0
3482,2000,1,1,0,0,0,0,0,0,1,0
3482,2001,2,2,0,0,0,0,0,0,1,0
3482,2002,3,2,0,0,0,0,1,0,2,0
3482,2004,2,2,0,0,0,0,0,0,0,0
3509,2000,2,1,0,0,0,0,0,0,1,1
3509,2001,4,3,2,1,0,0,1,0,0,0
3509,2002,3,3,3,2,0,0,0,0,0,0
3509,2004,1,1,0,0,0,0,0,0,0,0
3511,2002,2,2,2,1,0,0,0,0,0,0
3513,1992,3,3,2,1,0,0,0,0,1,0
3519,2002,6,5,1,0,0,0,1,0,1,0
3531,1989,1,1,1,0,0,1,0,0,0,0
3534,1989,2,2,1,1,0,0,0,0,0,0
3571,1995,2,1,0,0,0,0,0,1,0,0
3577,1995,3,3,0,0,0,0,0,0,2,0
3577,1996,1,1,0,0,0,0,0,0,0,0
3577,1999,1,1,0,0,0,0,0,0,0,0
3588,2002,1,0,0,0,0,0,1,0,0,0
3588,2004,1,1,1,1,0,0,0,0,0,0
3588,2005,1,1,0,0,0,0,0,0,0,0
3589,2007,1,1,1,1,0,0,0,0,0,0
3600,2002,12,10,0,0,0,0,1,1,1,0
3600,2003,5,5,1,0,0,0,0,0,1,0
3600,2004,15,15,5,1,0,1,0,0,1,0
3600,2005,3,3,2,0,0,1,0,0,0,0
3600,2007,3,2,0,0,0,0,0,1,1,0
3616,2003,1,1,0,0,0,0,0,0,1,0
3619,1998,1,1,0,0,0,0,0,0,0,0
3619,2004,3,3,1,0,0,0,0,0,0,0
3626,2003,1,1,1,0,0,0,0,0,0,0
3641,1994,1,0,0,0,0,0,0,1,0,0
3644,2004,3,3,1,0,0,0,0,0,0,0
3647,1995,1,1,0,0,0,0,0,0,0,0
3647,1997,1,1,0,0,0,0,0,0,0,0
3650,2002,1,1,0,0,0,0,0,0,0,0
3650,2003,1,1,1,0,0,0,0,0,0,0
3651,1993,1,1,0,0,0,0,0,0,1,0
3651,1994,6,4,2,2,0,0,2,0,1,0
3651,1995,4,3,1,0,0,0,1,0,2,0
3651,1997,8,7,1,1,0,0,1,0,1,0
3657,1992,2,2,2,1,0,0,0,0,0,0
3659,1997,4,3,3,0,0,0,1,0,0,0
3659,1998,1,1,0,0,0,0,0,0,0,0
3659,2000,1,1,0,0,0,0,0,0,0,0
3665,1997,2,1,1,0,0,1,1,0,0,0
3665,1998,3,2,1,0,0,0,1,0,1,0
3665,1999,1,1,0,0,0,0,0,0,1,0
3665,2001,4,3,0,0,0,0,1,0,1,0
3680,2007,2,2,1,1,0,0,0,0,0,0
3681,1989,2,2,1,0,0,0,0,0,0,0
3681,1990,3,3,1,1,0,0,0,0,0,0
3681,1991,3,2,1,0,0,0,1,0,0,0
3681,1992,1,1,0,0,0,0,0,0,0,0
3681,1993,2,1,0,0,0,0,0,1,0,0
3681,1995,1,1,0,0,0,0,0,0,0,0
3681,1996,1,1,1,0,0,0,0,0,0,0
3681,1997,2,2,0,0,0,0,0,0,0,0
3681,1998,1,1,0,0,0,0,0,0,0,0
3681,2001,2,1,1,0,0,0,1,0,0,0
3683,2006,4,4,1,0,0,0,0,0,0,0
3683,2007,4,4,2,0,0,0,0,0,1,0
3694,2006,1,1,0,0,0,0,0,0,0,0
3694,2007,2,2,1,0,0,0,0,0,0,0
3699,2002,6,6,0,0,0,0,0,0,4,0
3699,2003,10,10,4,2,0,0,0,0,1,0
3702,1995,2,1,1,0,0,0,1,0,0,0
3702,1997,2,1,1,0,0,0,1,0,0,0
3702,1998,3,3,1,0,0,0,0,0,1,0
3704,1991,2,2,1,0,0,0,0,0,0,0
3704,1995,2,1,1,1,0,0,0,1,0,0
3712,1993,1,1,0,0,0,0,0,0,0,0
3726,1990,2,1,1,1,0,0,1,0,0,0
3726,1992,2,2,0,0,0,0,0,0,1,0
3726,1993,1,1,1,0,0,0,0,0,0,0
3726,1994,4,4,1,1,0,0,0,0,2,0
3726,1995,3,3,2,0,0,1,0,0,0,0
3726,1996,4,4,2,0,0,0,0,0,0,0
3741,1989,1,1,0,0,0,0,0,0,0,0
3741,1990,2,1,0,0,0,0,1,0,0,0
3741,1996,2,2,1,0,0,0,0,0,0,0
3765,2003,1,1,0,0,0,0,0,0,0,0
3765,2004,1,1,1,0,0,1,0,0,0,0
3765,2005,1,1,0,0,0,0,0,0,0,0
3765,2006,1,1,0,0,0,0,0,0,1,0
3765,2007,2,2,1,0,0,0,0,0,0,0
3786,2000,1,1,1,1,0,0,0,0,0,0
3786,2003,2,2,1,0,0,0,0,0,0,0
3809,1999,3,2,0,0,0,0,1,0,1,0
3809,2000,3,2,0,0,0,0,1,0,1,0
3809,2001,2,2,1,0,0,0,0,0,0,0
3809,2002,1,1,0,0,0,0,0,0,1,0
3809,2003,1,1,0,0,0,0,0,0,1,0
3809,2004,1,1,0,0,0,0,0,0,0,0
3809,2007,1,1,0,0,0,0,0,0,0,0
3834,2007,4,4,0,0,0,0,0,0,1,0
3843,2001,1,1,0,0,0,0,0,0,0,0
3870,2004,4,4,1,1,0,0,0,0,2,0
3899,1995,3,3,2,1,0,0,0,0,1,0
3902,2003,1,1,1,0,0,0,0,0,0,0
3916,1990,10,8,2,0,0,0,1,1,2,0
3916,1991,9,8,2,0,0,0,1,0,0,0
3916,1992,3,2,1,0,0,0,0,1,0,0
3916,1994,4,3,2,1,0,0,1,0,1,0
3916,1995,3,3,0,0,0,0,0,0,0,0
3916,1996,8,6,2,0,0,0,0,2,0,0
3916,1997,11,11,4,0,0,1,0,0,0,0
3916,1998,6,5,1,0,0,0,1,0,1,0
3916,1999,7,6,3,0,0,2,0,1,0,0
3917,1993,2,2,0,0,0,0,0,0,1,0
3940,1988,1,1,0,0,0,0,0,0,1,0
3940,1989,3,3,1,0,0,0,0,0,0,0
3940,1990,7,6,2,0,0,0,0,0,0,0
3971,2005,1,1,0,0,0,0,0,0,0,0
3971,2006,3,3,0,0,0,0,0,0,2,0
3971,2007,2,2,1,1,0,0,0,0,1,0
4030,1993,1,1,0,0,0,0,0,0,0,0
4076,2004,6,6,3,0,0,0,0,0,0,0
4095,1988,6,6,2,0,0,1,0,0,1,0
4095,1989,4,4,1,0,0,0,0,0,0,0
4095,1990,6,6,0,0,0,0,0,0,0,0
4095,1991,6,5,4,0,1,0,1,0,0,0
4095,1992,10,9,1,0,0,0,1,0,1,0
4095,1993,12,10,1,0,0,0,2,0,1,0
4095,1994,4,4,1,0,0,0,0,0,1,0
4095,1995,6,6,2,0,0,1,0,0,1,0
4095,1996,4,4,2,1,0,0,0,0,0,0
4095,1997,15,12,2,2,0,0,3,0,2,0
4095,1998,4,3,2,1,0,0,1,0,0,0
4095,1999,8,6,1,0,0,0,1,0,1,1
4095,2000,8,6,0,0,0,0,2,0,1,0
4095,2001,7,6,0,0,0,0,1,0,1,0
4095,2002,3,2,1,0,0,0,1,0,0,0
4095,2005,7,6,3,0,0,0,1,0,1,0
4095,2006,3,3,1,1,0,0,0,0,2,0
4095,2007,3,3,1,0,0,0,0,0,0,0
4096,1992,1,1,0,0,0,0,0,0,0,0
4102,2004,3,2,1,1,0,0,0,0,0,0
4106,2006,1,1,0,0,0,0,0,0,0,0
4142,1994,2,2,1,0,0,0,0,0,0,0
4146,1997,2,1,0,0,0,0,0,1,0,0
4146,1998,3,3,1,0,0,0,0,0,0,0
4146,1999,2,1,0,0,0,0,1,0,0,0
4146,2000,3,3,0,0,0,0,0,0,2,0
4146,2001,2,2,1,0,1,0,0,0,0,0
4161,2001,3,3,2,0,0,0,0,0,0,0
4163,2004,6,5,1,0,0,0,0,0,0,0
4163,2007,2,2,0,0,0,0,0,0,0,0
4164,2006,4,4,0,0,0,0,0,0,1,0
4173,1997,6,4,1,1,0,0,1,1,0,0
4173,2003,3,3,0,0,0,0,0,0,1,0
4173,2006,1,1,0,0,0,0,0,0,0,0
4180,2004,1,1,0,0,0,0,0,0,0,0
4180,2006,3,3,1,0,0,0,0,0,1,0
4199,2003,3,3,1,0,0,0,0,0,1,0
4203,1988,3,2,0,0,0,0,1,0,2,0
4203,1989,3,2,1,0,0,0,1,0,1,0
4203,1990,14,13,4,0,0,0,1,0,3,0
4203,1991,6,6,1,1,0,0,0,0,0,0
4203,1992,7,7,2,1,0,0,0,0,3,0
4203,1993,6,6,3,2,0,0,0,0,0,0
4203,1994,3,3,0,0,0,0,0,0,2,0
4203,1998,3,3,1,0,0,0,0,0,1,0
4219,2001,1,1,0,0,0,0,0,0,1,0
4219,2002,2,2,0,0,0,0,0,0,2,0
4219,2007,1,1,0,0,0,0,0,0,0,0
4231,2005,3,3,0,0,0,0,0,0,0,0
4231,2006,3,3,0,0,0,0,0,0,1,0
4231,2007,7,7,2,0,0,0,0,0,1,0
4239,1988,1,1,1,0,0,1,0,0,0,0
4239,1989,2,1,0,0,0,0,1,0,0,0
4242,1990,2,2,0,0,0,0,0,0,0,0
4242,1991,8,7,1,0,0,0,1,0,4,0
4242,1992,5,5,2,0,0,0,0,0,2,0
4242,1993,1,1,1,0,0,0,0,0,0,0
4249,2004,2,2,2,0,0,0,0,0,0,0
4249,2006,2,2,1,0,0,1,0,0,1,0
4253,1996,3,3,1,0,0,0,0,0,0,0
4253,1998,3,3,3,1,0,0,0,0,0,0
4253,1999,3,2,1,0,0,0,1,0,0,0
4259,1999,3,2,1,0,0,0,1,0,1,0
4271,1989,4,2,0,0,0,0,1,0,2,0
4271,1990,4,3,1,0,0,0,1,0,0,0
4271,1993,1,1,0,0,0,0,0,0,0,0
4282,1997,1,0,0,0,0,0,1,0,0,0
4282,1998,3,3,0,0,0,0,0,0,1,0
4282,1999,3,3,2,0,0,0,0,0,0,0
4282,2000,5,4,0,0,0,0,0,1,2,0
4282,2001,3,3,0,0,0,0,0,0,0,0
4282,2002,6,6,1,1,0,0,0,0,0,0
4282,2003,14,14,6,2,0,1,0,0,1,0
4282,2004,3,3,0,0,0,0,0,0,1,0
4313,1995,2,1,0,0,0,0,0,1,1,0
4326,2007,1,1,1,1,0,0,0,0,0,0
4328,1989,7,7,2,0,0,0,0,0,1,0
4328,1990,1,0,0,0,0,0,1,0,0,0
4328,1991,7,7,2,0,0,0,0,0,1,0
4328,1995,3,2,1,0,0,0,1,0,0,0
4329,1995,5,5,1,0,0,0,0,0,1,0
4329,1997,3,3,0,0,0,0,0,0,0,0
4329,1998,3,1,0,0,0,0,2,0,1,0
4336,2004,1,1,1,1,0,0,0,0,0,0
4336,2007,1,1,1,0,0,0,0,0,0,0
4343,1998,4,4,2,0,0,0,0,0,0,0
4361,2006,1,1,0,0,0,0,0,0,0,0
4377,1988,6,6,0,0,0,0,0,0,2,0
4377,1989,4,4,0,0,0,0,0,0,1,0
4377,1990,4,4,0,0,0,0,0,0,0,0
4377,1991,8,7,1,0,0,0,1,0,2,0
4377,1992,7,6,1,0,0,0,1,0,1,0
4377,1993,8,8,1,0,0,0,0,0,2,0
4377,1994,7,7,0,0,0,0,0,0,0,0
4378,1990,1,1,0,0,0,0,0,0,0,0
4378,1992,1,1,0,0,0,0,0,0,1,0
4393,2002,1,0,0,0,0,0,0,1,0,0
4393,2003,1,1,0,0,0,0,0,0,0,0
4393,2004,1,1,0,0,0,0,0,0,0,0
4399,2006,1,1,1,0,0,0,0,0,0,0
4399,2007,1,0,0,0,0,0,1,0,0,0
4420,1992,1,1,0,0,0,0,0,0,0,0
4420,1993,2,2,1,0,0,0,0,0,0,0
4439,1995,1,1,1,0,0,0,0,0,0,0
4450,1996,2,2,0,0,0,0,0,0,1,0
4450,1997,1,1,0,0,0,0,0,0,0,0
4450,1998,2,1,0,0,0,0,1,0,0,0
4450,1999,1,1,0,0,0,0,0,0,1,0
4450,2000,2,1,0,0,0,0,0,1,0,0
4450,2003,1,1,0,0,0,0,0,0,0,0
4459,2006,1,1,0,0,0,0,0,0,0,0
4459,2007,2,2,0,0,0,0,0,0,1,0
4465,2000,3,3,0,0,0,0,0,0,0,0
4466,1993,7,4,1,1,0,0,3,0,2,0
4485,1994,3,3,0,0,0,0,0,0,0,0
4485,1996,1,1,0,0,0,0,0,0,0,0
4487,2001,1,1,0,0,0,0,0,0,0,0
4487,2002,5,4,3,1,0,0,0,0,0,0
4487,2003,1,1,0,0,0,0,0,0,0,0
4510,2002,2,2,0,0,0,0,0,0,0,0
4520,1988,1,1,0,0,0,0,0,0,0,0
4520,1990,3,3,0,0,0,0,0,0,0,0
4521,1996,2,2,0,0,0,0,0,0,1,0
4521,1997,3,2,1,0,0,0,1,0,1,0
4536,2005,6,6,3,1,0,0,0,0,0,0
4543,2006,7,7,0,0,0,0,0,0,1,0
4543,2007,4,4,1,0,0,0,0,0,1,0
4552,1994,3,1,0,0,0,0,1,1,0,0
4552,1995,5,5,2,0,0,0,0,0,1,0
4552,1996,8,6,1,1,0,0,1,1,0,0
4552,1997,10,7,3,1,0,0,2,1,1,0
4552,1998,8,5,0,0,0,0,2,0,0,0
4552,2002,5,5,2,0,0,0,0,0,0,0
4558,1988,7,7,2,0,0,1,0,0,0,0
4558,1990,3,3,1,0,0,0,0,0,0,0
4559,1991,3,3,0,0,0,0,0,0,0,0
4559,1992,17,15,3,0,0,0,2,0,2,0
4559,1993,3,3,0,0,0,0,0,0,0,0
4559,1994,6,5,3,0,0,0,1,0,0,0
4559,1995,5,3,2,1,0,0,1,0,0,0
4559,1996,2,2,1,0,0,0,0,0,0,0
4559,1998,3,2,1,0,0,0,0,1,0,0
4559,2002,1,1,0,0,0,0,0,0,0,0
4559,2005,2,1,0,0,0,0,0,1,0,0
4559,2006,2,2,0,0,0,0,0,0,0,0
4570,2001,4,4,1,0,0,1,0,0,1,0
4570,2002,3,2,0,0,0,0,1,0,0,0
4570,2003,3,3,0,0,0,0,0,0,0,0
4570,2004,3,2,1,0,0,0,1,0,0,0
4572,2006,2,2,1,0,0,0,0,0,0,0
4575,2006,2,2,2,0,0,1,0,0,0,0
4575,2007,1,1,0,0,0,0,0,0,1,0
4585,1991,4,2,0,0,0,0,2,0,0,0
4585,1992,3,2,2,0,0,1,1,0,0,0
4585,1997,3,3,1,0,0,0,0,0,0,0
4585,1998,2,2,1,0,0,0,0,0,0,0
4598,2007,3,3,2,0,0,1,0,0,0,0
4604,1994,6,6,1,0,0,0,0,0,0,0
4611,2002,3,2,0,0,0,0,1,0,0,0
4611,2004,15,15,7,1,0,0,0,0,3,0
4611,2005,9,9,2,2,0,0,0,0,3,0
4611,2006,15,14,3,1,0,0,1,0,2,0
4611,2007,7,7,1,1,0,0,0,0,2,0
4620,2003,3,2,2,0,0,0,0,1,0,0
4620,2004,5,4,1,0,0,0,0,0,1,0
4625,2004,3,2,0,0,0,0,0,0,0,1
4626,1990,4,3,1,0,0,0,1,0,0,0
4626,1992,6,6,1,0,0,0,0,0,1,0
4626,1993,10,9,5,1,0,0,1,0,0,0
4626,1994,1,1,1,0,0,0,0,0,0,0
4626,1997,1,1,1,0,1,0,0,0,0,0
4631,1996,4,4,1,0,0,0,0,0,0,0
4631,1997,3,3,1,1,0,0,0,0,1,0
4631,1998,3,2,0,0,0,0,0,1,0,0
4631,1999,13,11,2,0,0,0,0,2,2,0
4631,2000,7,7,4,2,0,1,0,0,1,0
4637,2003,1,1,0,0,0,0,0,0,0,0
4651,1988,4,4,1,0,0,0,0,0,1,0
4651,1989,2,2,1,0,0,0,0,0,0,0
4651,1995,1,1,0,0,0,0,0,0,0,0
4652,1988,3,2,0,0,0,0,1,0,2,0
4652,1989,1,1,0,0,0,0,0,0,0,0
4652,1990,4,4,1,1,0,0,0,0,0,0
4652,1991,7,7,1,1,0,0,0,0,0,0
4652,1992,6,6,3,0,0,0,0,0,1,0
4652,1993,7,6,2,1,0,1,0,0,0,1
4652,1994,7,5,2,0,0,0,2,0,0,0
4653,1989,1,0,0,0,0,0,0,0,0,0
4653,1992,4,2,1,0,0,0,1,0,0,0
4653,1995,1,1,1,0,0,0,0,0,0,0
4671,1997,2,2,0,0,0,0,0,0,1,0
4684,1998,1,1,1,0,0,0,0,0,0,0
4696,1990,1,0,0,0,0,0,0,0,0,0
4696,1991,2,2,0,0,0,0,0,0,0,0
4696,1992,2,1,1,1,0,0,1,0,0,0
4700,1993,3,3,0,0,0,0,0,0,0,0
4729,1988,6,5,3,0,0,0,0,0,1,0
4731,1999,2,1,1,1,0,0,1,0,0,0
4731,2000,1,1,0,0,0,0,0,0,1,0
4731,2004,3,3,1,1,0,0,0,0,0,0
4731,2005,2,2,0,0,0,0,0,0,1,0
4731,2007,1,1,0,0,0,0,0,0,0,0
4743,1994,1,1,1,0,0,0,0,0,0,0
4744,2001,5,5,2,0,0,0,0,0,1,0
4744,2002,13,11,4,1,0,0,1,1,0,0
4744,2003,6,6,3,0,0,0,0,0,0,0
4744,2004,1,1,0,0,0,0,0,0,0,0
4768,1989,2,2,1,0,0,0,0,0,0,0
4768,1990,8,8,0,0,0,0,0,0,0,0
4768,1991,4,4,0,0,0,0,0,0,0,0
4785,2003,2,0,0,0,0,0,1,1,0,0
4785,2007,2,2,0,0,0,0,0,0,0,0
4789,1989,2,2,0,0,0,0,0,0,0,0
4803,1996,6,6,1,0,0,0,0,0,0,0
4803,1997,4,3,0,0,0,0,0,1,0,0
4803,2001,6,6,3,1,0,1,0,0,2,0
4803,2002,6,6,0,0,0,0,0,0,2,0
4803,2005,3,3,1,0,0,0,0,0,0,0
4803,2006,2,2,1,0,0,1,0,0,0,0
4813,2004,3,3,2,0,0,0,0,0,0,0
4813,2006,2,2,0,0,0,0,0,0,0,0
4825,2007,3,3,1,0,0,0,0,0,1,0
4831,1995,4,3,0,0,0,0,1,0,1,0
4834,2005,3,3,2,0,0,2,0,0,1,0
4834,2006,3,3,2,1,0,0,0,0,1,0
4834,2007,2,2,0,0,0,0,0,0,1,0
4840,1993,1,0,0,0,0,0,1,0,0,0
4840,1994,3,3,1,1,0,0,0,0,0,0
4840,1995,9,9,2,1,0,0,0,0,0,0
4844,1989,1,1,0,0,0,0,0,0,0,0
4844,1990,5,5,0,0,0,0,0,0,1,0
4844,1992,3,3,1,0,0,1,0,0,1,0
4845,1995,2,2,1,0,0,1,0,0,0,0
4845,1996,2,2,2,0,0,0,0,0,0,0
4845,2001,2,2,0,0,0,0,0,0,0,0
4853,2005,1,1,0,0,0,0,0,0,0,0
4853,2007,1,1,0,0,0,0,0,0,1,0
4856,2004,1,1,1,1,0,0,0,0,0,0
4857,2000,6,5,2,0,0,1,1,0,0,0
4857,2003,4,4,1,1,0,0,0,0,0,0
4862,1996,1,1,0,0,0,0,0,0,1,0
4862,1997,1,1,0,0,0,0,0,0,1,0
4862,2000,2,1,1,0,0,0,1,0,0,0
4862,2001,1,1,1,0,0,0,0,0,0,0
4862,2003,2,1,0,0,0,0,1,0,1,0
4863,1991,6,6,2,0,0,0,0,0,0,0
4863,1992,3,3,1,0,0,0,0,0,0,0
4863,1993,2,2,0,0,0,0,0,0,0,0
4863,1994,2,2,0,0,0,0,0,0,0,0
4863,1995,7,5,1,0,0,1,2,0,1,0
4869,1999,3,1,1,1,0,0,2,0,0,0
4869,2000,2,2,0,0,0,0,0,0,1,0
4869,2001,3,3,1,1,0,0,0,0,0,0
4869,2002,2,2,1,0,0,0,0,0,0,0
4869,2004,2,2,0,0,0,0,0,0,0,0
4869,2005,1,0,0,0,0,0,1,0,0,0
4869,2006,2,2,0,0,0,0,0,0,1,0
4871,1997,6,5,3,2,0,0,0,0,1,1
4871,1998,3,3,2,1,0,1,0,0,0,0
4871,1999,6,6,2,2,0,0,0,0,0,0
4871,2000,1,1,0,0,0,0,0,0,0,0
4871,2001,8,5,1,0,0,0,1,2,3,0
4871,2003,2,2,1,0,0,0,0,0,1,0
4871,2004,1,1,0,0,0,0,0,0,0,0
4876,2004,1,1,0,0,0,0,0,0,0,0
4896,2007,4,4,2,0,0,0,0,0,0,0
4901,1992,1,1,0,0,0,0,0,0,0,0
4901,1993,1,1,0,0,0,0,0,0,1,0
4901,1995,1,0,0,0,0,0,1,0,0,0
4910,1997,3,3,2,1,0,0,0,0,1,0
4910,1998,12,10,2,0,0,0,2,0,0,0
4910,2000,8,7,2,0,0,0,0,0,2,0
4910,2001,3,3,2,1,0,0,0,0,0,0
4910,2002,3,3,1,0,0,0,0,0,0,0
4910,2003,4,3,1,1,0,0,1,0,2,0
4910,2005,4,4,3,1,0,0,0,0,1,0
4910,2006,4,3,1,0,0,0,0,1,0,0
4910,2007,3,3,1,1,0,0,0,0,0,0
4916,2006,6,4,0,0,0,0,2,0,1,0
4920,1997,1,1,0,0,0,0,0,0,0,0
4920,2001,1,1,1,0,0,0,0,0,0,0
4920,2003,2,1,0,0,0,0,1,0,0,0
4920,2006,2,0,0,0,0,0,1,0,0,0
4920,2007,2,2,1,0,0,0,0,0,0,0
4922,2005,3,2,0,0,0,0,1,0,1,0
4929,1995,5,4,0,0,0,0,0,1,1,0
4956,1988,3,3,1,0,0,0,0,0,1,0
4956,1989,10,9,4,2,0,0,1,0,0,0
4956,1990,7,7,5,1,0,0,0,0,0,0
4956,1991,7,7,5,0,0,0,0,0,0,0
4956,1992,17,17,5,4,0,0,0,0,5,0
4956,1993,9,9,2,0,0,1,0,0,2,0
4956,1997,3,3,2,0,1,0,0,0,1,0
4956,1998,6,4,1,0,0,0,1,1,1,0
4956,2000,4,2,0,0,0,0,0,2,0,0
4972,1993,10,7,3,1,0,1,3,0,0,0
4975,1991,1,1,1,0,0,0,0,0,0,0
4975,1992,5,3,1,1,0,0,2,0,1,0
4975,1993,8,6,2,0,0,1,2,0,0,0
4975,1994,4,3,1,0,0,0,1,0,0,0
4975,1995,1,1,1,0,0,0,0,0,0,0
5004,1993,5,5,2,0,0,1,0,0,0,0
5004,1994,3,2,1,1,0,0,1,0,0,0
5012,1989,8,6,1,1,0,0,2,0,1,0
5012,1990,3,3,0,0,0,0,0,0,2,0
5012,1991,6,6,2,0,1,0,0,0,1,0
5012,1992,10,10,3,1,0,0,0,0,1,0
5012,1993,15,13,2,0,0,0,2,0,4,0
5012,1994,3,3,1,1,0,0,0,0,0,0
5012,1995,3,2,0,0,0,0,1,0,0,0
5015,1992,2,2,1,0,0,0,0,0,0,0
5015,1993,2,2,1,0,0,0,0,0,0,0
5015,1994,2,2,1,1,0,0,0,0,0,0
5016,2007,9,7,0,0,0,0,2,0,3,0
5017,1988,2,2,0,0,0,0,0,0,0,0
5042,2007,3,3,0,0,0,0,0,0,2,0
5045,1997,6,4,2,0,1,0,1,0,1,1
5045,1998,3,3,1,0,0,0,0,0,0,0
5045,1999,3,2,0,0,0,0,1,0,0,0
5045,2003,3,2,0,0,0,0,1,0,1,0
5079,1993,2,2,0,0,0,0,0,0,1,0
5079,1994,2,2,0,0,0,0,0,0,1,0
5079,1995,2,2,1,1,0,0,0,0,0,0
5079,1996,3,2,0,0,0,0,1,0,0,0
5079,1997,3,3,0,0,0,0,0,0,1,0
5079,2000,1,1,1,0,0,0,0,0,0,0
5079,2001,3,3,2,1,0,0,0,0,0,0
5079,2004,1,1,0,0,0,0,0,0,0,0
5079,2005,1,1,0,0,0,0,0,0,0,0
5105,1988,3,3,0,0,0,0,0,0,1,0
5105,1989,1,1,0,0,0,0,0,0,1,0
5108,1990,2,2,1,0,0,0,0,0,0,0
5108,1993,4,3,1,0,0,0,1,0,1,0
5108,1995,4,4,1,0,0,0,0,0,1,0
5108,1996,2,1,0,0,0,0,1,0,0,0
5108,1997,3,2,1,0,0,0,0,0,0,1
5108,1999,1,1,0,0,0,0,0,0,0,0
5108,2002,2,2,1,0,0,0,0,0,0,0
5108,2003,2,2,0,0,0,0,0,0,1,0
5116,1988,1,1,0,0,0,0,0,0,1,0
5128,1996,1,1,0,0,0,0,0,0,0,0
5131,1995,2,2,1,0,0,0,0,0,1,0
5131,1996,1,0,0,0,0,0,0,0,0,0
5139,1995,1,0,0,0,0,0,0,1,0,0
5166,1993,13,10,4,1,0,0,3,0,2,0
5167,2005,4,2,1,0,0,0,1,0,0,0
5167,2007,1,1,0,0,0,0,0,0,0,0
5201,1989,3,3,1,0,0,1,0,0,0,0
5201,1990,3,2,0,0,0,0,0,0,1,0
5201,1991,4,2,1,0,0,0,2,0,0,0
5201,1992,1,1,1,0,0,0,0,0,0,0
5201,1993,2,2,0,0,0,0,0,0,1,0
5203,2005,3,3,0,0,0,0,0,0,0,0
5204,1989,3,3,1,0,0,0,0,0,1,0
5209,1998,1,1,0,0,0,0,0,0,0,0
5209,2000,1,1,0,0,0,0,0,0,1,0
5209,2006,1,1,1,0,0,0,0,0,0,0
5209,2007,2,2,1,0,0,0,0,0,0,0
5240,2002,2,2,1,0,0,0,0,0,1,0
5240,2004,3,3,1,1,0,0,0,0,1,0
5240,2005,2,1,1,0,0,0,1,0,0,0
5243,2002,3,3,0,0,0,0,0,0,0,0
5243,2005,4,4,0,0,0,0,0,0,1,0
5263,1991,1,1,0,0,0,0,0,0,0,0
5289,1996,3,2,1,0,0,0,1,0,1,0
5298,1989,9,9,0,0,0,0,0,0,2,0
5298,1990,11,8,3,1,0,0,3,0,0,0
5298,1991,12,11,3,0,0,0,0,0,1,0
5298,1992,10,8,1,0,0,0,2,0,0,0
5299,1996,1,1,1,1,0,0,0,0,0,0
5300,1994,1,1,1,0,0,0,0,0,0,0
5315,1996,4,4,1,0,0,0,0,0,0,0
5315,1997,2,2,1,0,0,1,0,0,0,0
5315,1998,1,1,0,0,0,0,0,0,0,0
5346,1989,2,2,0,0,0,0,0,0,1,0
5346,1991,2,2,1,0,0,0,0,0,1,0
5346,1992,5,4,0,0,0,0,0,0,0,0
5346,1993,3,2,1,0,0,0,1,0,0,0
5349,2000,1,0,0,0,0,0,1,0,0,0
5359,2002,2,2,1,0,0,1,0,0,1,0
5359,2005,6,4,1,1,0,0,1,1,1,0
5361,1996,10,9,4,1,0,0,1,0,1,0
5361,2002,2,2,0,0,0,0,0,0,0,0
5361,2003,2,2,1,1,0,0,0,0,0,0
5361,2004,4,4,0,0,0,0,0,0,0,0
5361,2005,2,1,0,0,0,0,1,0,1,0
5361,2006,1,0,0,0,0,0,0,0,0,1
5361,2007,3,3,0,0,0,0,0,0,2,0
5366,2002,1,0,0,0,0,0,1,0,0,0
5379,1988,2,1,0,0,0,0,1,0,0,0
5379,1989,3,2,1,0,0,0,1,0,1,0
5379,1990,7,6,5,1,0,0,1,0,0,0
5379,1993,6,6,0,0,0,0,0,0,1,0
5379,1994,4,2,1,0,0,0,2,0,0,0
5379,1995,9,5,4,0,0,1,2,2,0,0
5384,2004,3,3,2,0,0,1,0,0,0,0
5384,2005,3,3,1,0,0,0,0,0,1,0
5392,1992,3,2,1,0,0,0,0,1,0,0
5392,1993,1,1,1,0,0,0,0,0,0,0
5392,1994,2,2,0,0,0,0,0,0,2,0
5392,1995,2,2,0,0,0,0,0,0,0,0
5392,1997,2,2,0,0,0,0,0,0,2,0
5407,1995,3,3,2,0,0,0,0,0,0,0
5420,2006,3,2,1,0,0,1,0,1,0,0
5420,2007,3,3,1,1,0,0,0,0,0,0
5430,2001,2,2,1,0,0,0,0,0,0,0
5430,2002,1,1,1,1,0,0,0,0,0,0
5444,1995,1,1,1,0,0,0,0,0,0,0
5444,1996,3,1,0,0,0,0,2,0,0,0
5444,2000,8,7,3,0,0,0,1,0,1,0
5444,2001,9,9,3,2,0,0,0,0,0,0
5444,2003,6,5,3,0,0,1,1,0,1,0
5471,2006,1,1,0,0,0,0,0,0,1,0
5480,2003,3,3,1,0,0,0,0,0,1,0
5480,2004,3,3,1,1,0,0,0,0,1,0
5480,2005,7,4,3,2,0,0,0,3,1,0
5480,2006,7,7,2,0,0,1,0,0,0,0
5486,2001,1,1,0,0,0,0,0,0,1,0
5505,1999,10,10,4,0,0,1,0,0,2,0
5505,2000,3,2,0,0,0,0,0,0,0,0
5505,2001,2,2,0,0,0,0,0,0,0,0
5505,2002,2,2,1,0,0,0,0,0,0,0
5505,2003,4,3,2,0,1,0,0,1,1,0
5509,2007,2,2,1,0,0,0,0,0,0,0
5558,1993,1,1,0,0,0,0,0,0,0,0
5559,1997,2,1,0,0,0,0,1,0,0,0
5559,1998,7,6,0,0,0,0,1,0,3,0
5559,1999,2,1,0,0,0,0,1,0,0,0
5560,2003,3,3,1,0,0,1,0,0,1,0
5561,2002,2,1,1,0,0,1,0,0,0,0
5562,2006,4,4,1,1,0,0,0,0,1,0
5579,2004,1,0,0,0,0,0,1,0,0,0
5588,2000,7,5,0,0,0,0,2,0,2,0
5588,2001,3,3,0,0,0,0,0,0,1,0
5588,2002,6,6,0,0,0,0,0,0,2,0
5601,2007,2,2,1,0,0,0,0,0,1,0
5612,1991,3,2,0,0,0,0,0,1,0,0
5612,1992,3,2,0,0,0,0,1,0,0,0
5613,1993,4,3,0,0,0,0,0,0,0,0
5613,1994,4,4,1,0,0,0,0,0,1,0
5613,1995,15,12,3,1,0,0,3,0,2,0
5613,1996,6,5,1,0,0,0,1,0,1,0
5613,1997,6,6,1,0,0,0,0,0,0,0
5613,1998,4,2,0,0,0,0,2,0,1,0
5613,1999,3,2,1,1,0,0,1,0,0,0
5613,2001,7,6,2,1,0,1,0,0,1,1
5614,1997,4,4,2,0,0,0,0,0,0,0
5614,1998,5,4,1,1,0,0,1,0,1,0
5614,1999,6,4,1,1,0,0,2,0,0,0
5622,1996,1,0,0,0,0,0,1,0,0,0
5622,1997,1,1,0,0,0,0,0,0,1,0
5622,1998,2,2,0,0,0,0,0,0,0,0
5636,1993,2,2,0,0,0,0,0,0,1,0
5665,1998,2,2,2,0,0,1,0,0,0,0
5665,1999,1,1,1,0,0,0,0,0,0,0
5665,2002,1,1,0,0,0,0,0,0,0,0
5665,2003,1,1,0,0,0,0,0,0,1,0
5665,2004,3,3,0,0,0,0,0,0,2,0
5665,2005,1,1,0,0,0,0,0,0,1,0
5690,2003,1,0,0,0,0,0,1,0,0,0
5690,2005,1,1,0,0,0,0,0,0,0,0
5697,1995,6,5,3,1,0,0,0,0,1,0
5697,1996,2,2,0,0,0,0,0,0,0,0
5697,1997,6,5,2,0,0,0,0,1,0,0
5697,1998,3,2,1,0,0,0,1,0,0,0
5701,2005,1,0,0,0,0,0,0,1,0,0
5701,2006,1,1,0,0,0,0,0,0,1,0
5701,2007,1,0,0,0,0,0,0,1,0,0
5733,1997,2,2,0,0,0,0,0,0,0,0
5733,1998,2,0,0,0,0,0,1,1,0,0
5733,1999,2,2,0,0,0,0,0,0,0,0
5733,2000,1,1,0,0,0,0,0,0,0,0
5737,1997,4,4,1,0,0,0,0,0,1,0
5737,1998,7,6,2,0,0,0,0,1,2,0
5737,1999,13,9,1,0,0,0,3,0,0,1
5737,2000,3,2,1,0,0,0,1,0,0,0
5744,2000,1,1,0,0,0,0,0,0,0,0
5744,2001,2,2,0,0,0,0,0,0,0,0
5820,2004,7,5,2,1,0,0,1,1,0,0
5820,2005,4,4,2,0,0,0,0,0,0,0
5820,2007,3,3,2,1,0,0,0,0,0,0
5835,2006,2,2,0,0,0,0,0,0,1,0
5867,2003,1,1,1,0,0,0,0,0,0,0
5867,2004,1,1,1,0,0,0,0,0,0,0
5871,1998,3,3,2,0,0,1,0,0,0,0
5871,1999,8,7,2,1,0,0,1,0,1,0
5871,2001,11,9,3,1,0,1,2,0,2,0
5871,2002,9,8,2,0,0,0,0,1,1,0
5872,1989,2,1,0,0,0,0,0,0,0,1
5877,1999,1,1,0,0,0,0,0,0,0,0
5877,2000,2,1,0,0,0,0,1,0,1,0
5877,2002,2,1,0,0,0,0,1,0,0,0
5877,2003,4,3,0,0,0,0,0,0,1,0
5877,2005,3,2,1,0,0,0,0,1,1,0
5877,2006,4,4,2,1,0,0,0,0,0,0
5882,2004,4,3,0,0,0,0,0,1,1,0
5882,2005,1,1,0,0,0,0,0,0,0,0
5890,1998,2,2,2,0,0,0,0,0,0,0
5902,2002,2,2,0,0,0,0,0,0,1,0
5902,2003,1,1,0,0,0,0,0,0,0,0
5902,2004,1,1,1,0,0,0,0,0,0,0
5902,2005,1,1,0,0,0,0,0,0,0,0
5907,2006,4,3,0,0,0,0,0,1,0,0
5909,2003,3,1,0,0,0,0,2,0,0,0
5909,2004,3,3,2,1,0,1,0,0,0,0
5912,1989,2,2,1,0,0,0,0,0,0,0
5914,1989,2,2,1,0,0,0,0,0,0,0
5914,1991,1,1,0,0,0,0,0,0,1,0
5947,1998,3,2,0,0,0,0,1,0,1,0
5948,1998,1,1,0,0,0,0,0,0,1,0
5948,1999,1,1,1,0,0,0,0,0,0,0
5948,2001,2,2,0,0,0,0,0,0,0,0
5948,2002,3,3,1,0,0,0,0,0,1,0
5948,2003,2,2,0,0,0,0,0,0,0,0
5948,2004,1,1,0,0,0,0,0,0,0,0
5963,1989,6,4,1,0,0,0,2,0,2,0
5963,1990,4,4,1,0,0,1,0,0,0,0
5985,2002,1,0,0,0,0,0,1,0,0,0
5998,2001,1,1,0,0,0,0,0,0,0,0
5999,2003,4,4,0,0,0,0,0,0,0,0
5999,2004,1,1,0,0,0,0,0,0,1,0
5999,2006,1,1,0,0,0,0,0,0,0,0
6005,2002,1,1,0,0,0,0,0,0,0,0
6011,1995,1,1,1,0,0,0,0,0,0,0
6019,2002,1,1,0,0,0,0,0,0,0,0
6019,2004,1,1,0,0,0,0,0,0,1,0
6019,2005,2,2,0,0,0,0,0,0,0,0
6019,2006,1,1,0,0,0,0,0,0,0,0
6023,2006,3,2,1,1,0,0,1,0,0,0
6023,2007,3,3,1,0,0,0,0,0,0,0
6042,1989,5,4,3,0,0,0,1,0,0,0
6064,1998,3,1,0,0,0,0,1,1,0,0
6070,1995,1,1,0,0,0,0,0,0,1,0
6070,1998,1,1,0,0,0,0,0,0,1,0
6098,2006,1,1,0,0,0,0,0,0,0,0
6118,2007,3,3,1,0,0,0,0,0,1,0
6120,1988,1,1,0,0,0,0,0,0,0,0
6120,1989,12,9,1,0,0,0,1,1,1,1
6120,1990,6,5,2,1,0,0,1,0,0,0
6120,1991,1,1,1,0,0,0,0,0,0,0
6159,1992,2,2,0,0,0,0,0,0,0,0
6163,1989,3,2,1,0,0,0,0,0,0,1
6163,1990,6,6,3,0,1,1,0,0,1,0
6163,1991,5,4,1,0,0,0,1,0,0,0
6163,1993,3,3,1,0,0,0,0,0,0,0
6165,1989,5,4,2,0,0,0,1,0,0,0
6165,1990,3,2,2,0,0,0,1,0,0,0
6165,1991,3,3,0,0,0,0,0,0,0,0
6165,1993,2,2,0,0,0,0,0,0,0,0
6180,1989,3,3,0,0,0,0,0,0,0,0
6180,1998,8,8,3,0,0,0,0,0,2,0
6180,1999,4,1,1,0,0,0,3,0,0,0
6190,2007,3,3,1,0,0,0,0,0,0,0
6201,1996,3,1,0,0,0,0,1,1,0,0
6201,1998,6,5,2,0,0,0,1,0,1,0
6248,2002,7,5,0,0,0,0,1,0,0,0
6248,2004,8,8,5,0,0,2,0,0,0,0
6248,2005,4,4,1,0,0,1,0,0,1,0
6254,1998,2,2,0,0,0,0,0,0,0,0
6260,1990,4,3,0,0,0,0,1,0,1,0
6260,1991,2,2,0,0,0,0,0,0,1,0
6270,1988,4,3,0,0,0,0,1,0,1,0
6275,1989,13,10,4,2,0,0,3,0,2,0
6297,1999,2,2,1,0,0,0,0,0,1,0
6297,2001,2,2,1,0,0,0,0,0,0,0
6319,1989,4,4,1,0,0,0,0,0,1,0
6319,1990,2,2,1,0,0,0,0,0,0,0
6319,1991,3,3,0,0,0,0,0,0,1,0
6319,1992,11,9,4,0,0,1,2,0,0,0
6326,2005,2,1,0,0,0,0,1,0,1,0
6328,1990,10,10,2,0,0,0,0,0,0,0
6328,1991,11,10,2,0,0,0,1,0,0,0
6328,1992,9,9,1,0,0,0,0,0,0,0
6329,2004,3,3,2,0,0,2,0,0,0,0
6330,1988,2,2,0,0,0,0,0,0,0,0
6330,1996,1,1,0,0,0,0,0,0,0,0
6332,1996,10,7,2,1,0,0,3,0,0,0
6332,1997,3,2,2,0,0,0,0,1,0,0
6332,1998,6,5,0,0,0,0,0,1,2,0
6332,1999,8,6,2,2,0,0,1,1,0,0
6332,2003,7,6,1,0,0,0,1,0,2,0
6334,1995,8,6,1,0,0,0,0,2,2,0
6334,1996,14,13,2,0,0,0,1,0,1,0
6334,1997,5,4,2,0,0,2,0,1,1,0
6334,1998,2,2,0,0,0,0,0,0,0,0
6334,2001,2,2,1,0,0,0,0,0,0,0
6376,1993,3,2,1,0,0,0,1,0,1,0
6376,1994,1,1,1,0,0,0,0,0,0,0
6376,1995,1,1,0,0,0,0,0,0,1,0
6376,1996,1,0,0,0,0,0,1,0,0,0
6376,1997,3,3,1,0,0,1,0,0,1,0
6376,1998,3,3,1,0,0,0,0,0,1,0
6376,1999,2,2,1,0,0,0,0,0,0,0
6376,2000,1,0,0,0,0,0,0,1,0,0
6376,2001,4,3,1,0,0,0,1,0,1,0
6376,2003,2,2,1,0,0,0,0,0,1,0
6380,2003,1,0,0,0,0,0,1,0,0,0
6382,2001,3,2,2,0,0,1,0,1,0,0
6382,2003,1,1,0,0,0,0,0,0,0,0
6386,2007,1,1,0,0,0,0,0,0,0,0
6395,1993,2,2,0,0,0,0,0,0,0,0
6395,1994,1,1,0,0,0,0,0,0,1,0
6395,1995,1,1,0,0,0,0,0,0,0,0
6413,1997,3,3,1,0,0,0,0,0,1,0
6413,2004,13,11,4,1,0,0,0,2,0,0
6413,2005,3,3,2,0,0,2,0,0,0,0
6414,1994,8,8,1,0,0,1,0,0,0,0
6414,1995,5,3,1,0,0,0,1,1,1,0
6414,1996,2,1,0,0,0,0,1,0,0,0
6414,1997,4,3,0,0,0,0,1,0,0,0
6414,1998,4,4,1,1,0,0,0,0,3,0
6414,1999,11,11,2,1,0,0,0,0,2,0
6414,2000,8,7,1,1,0,0,1,0,2,0
6414,2001,13,12,4,2,0,0,1,0,2,0
6414,2002,7,7,3,0,0,1,0,0,1,0
6414,2005,6,6,2,0,0,2,0,0,0,0
6414,2007,1,1,0,0,0,0,0,0,0,0
6418,1997,1,0,0,0,0,0,1,0,0,0
6418,1998,2,2,1,0,0,1,0,0,1,0
6418,2001,2,2,0,0,0,0,0,0,1,0
6418,2002,1,1,0,0,0,0,0,0,0,0
6418,2003,1,1,0,0,0,0,0,0,1,0
6422,1989,2,2,1,0,0,0,0,0,0,0
6422,1990,9,8,4,0,0,1,1,0,1,0
6423,2005,3,3,1,0,0,0,0,0,0,0
6423,2007,4,4,2,2,0,0,0,0,1,0
6425,2004,3,3,1,0,0,0,0,0,1,0
6430,2001,2,2,0,0,0,0,0,0,1,0
6430,2002,1,1,0,0,0,0,0,0,1,0
6430,2003,2,2,1,1,0,0,0,0,1,0
6430,2004,2,2,1,1,0,0,0,0,0,0
6431,2007,3,3,0,0,0,0,0,0,3,0
6444,2007,1,1,0,0,0,0,0,0,0,0
6450,2003,2,1,0,0,0,0,1,0,0,0
6453,1994,1,1,0,0,0,0,0,0,0,0
6461,2006,3,2,0,0,0,0,1,0,1,0
6481,2007,1,1,0,0,0,0,0,0,0,0
6489,2001,1,1,0,0,0,0,0,0,0,0
6492,1995,11,11,3,1,0,0,0,0,0,0
6492,1996,3,2,1,0,0,0,1,0,0,0
6492,1997,4,4,1,0,0,0,0,0,0,0
6492,2005,4,4,2,1,0,0,0,0,0,0
6511,2005,1,1,0,0,0,0,0,0,0,0
6514,1998,8,7,2,1,0,0,1,0,1,0
6522,2006,5,5,1,0,0,0,0,0,1,0
6522,2007,8,8,3,1,0,0,0,0,1,0
6524,1997,1,1,0,0,0,0,0,0,1,0
6524,1998,1,1,0,0,0,0,0,0,1,0
6536,1995,1,1,0,0,0,0,0,0,0,0
6540,1990,2,2,0,0,0,0,0,0,1,0
6552,1994,2,2,2,1,0,0,0,0,0,0
6554,1999,3,2,0,0,0,0,1,0,0,0
6554,2000,1,1,1,0,0,0,0,0,0,0
6554,2001,2,2,1,0,0,0,0,0,0,0
6554,2002,2,2,1,0,1,0,0,0,0,0
6554,2004,1,1,0,0,0,0,0,0,0,0
6554,2005,4,3,0,0,0,0,0,1,2,0
6554,2006,1,1,1,0,0,0,0,0,0,0
6554,2007,9,8,2,0,0,0,1,0,0,0
6557,1997,1,1,1,0,0,0,0,0,0,0
6586,2005,4,4,1,0,0,0,0,0,0,0
6596,1999,4,4,1,0,0,0,0,0,1,0
6596,2000,3,2,1,0,1,0,1,0,0,0
6612,2003,4,4,1,0,0,0,0,0,1,0
6612,2005,4,4,2,0,0,1,0,0,0,0
6612,2006,3,3,0,0,0,0,0,0,0,0
6612,2007,5,5,2,0,0,0,0,0,0,0
6619,2002,1,1,0,0,0,0,0,0,0,0
6624,2004,4,4,0,0,0,0,0,0,0,0
6624,2005,3,3,0,0,0,0,0,0,0,0
6624,2006,4,3,0,0,0,0,1,0,1,0
6624,2007,8,7,1,0,0,0,1,0,0,0
6638,1997,3,2,1,0,0,0,1,0,0,0
6644,1990,4,4,1,0,0,0,0,0,0,0
6661,1999,1,1,1,0,0,0,0,0,0,0
6685,2003,2,2,0,0,0,0,0,0,1,0
6685,2006,2,2,1,0,0,0,0,0,0,0
6685,2007,1,1,0,0,0,0,0,0,0,0
6706,1990,1,1,0,0,0,0,0,0,0,0
6735,1989,7,7,0,0,0,0,0,0,0,0
6735,1990,4,4,1,0,0,0,0,0,0,0
6735,1991,14,13,7,1,0,0,1,0,0,0
6735,1992,12,9,1,0,0,0,3,0,1,0
6735,1993,15,12,1,0,0,0,1,1,2,0
6735,1994,4,3,1,0,0,0,0,1,1,0
6735,1995,11,10,1,1,0,0,1,0,1,0
6735,1996,11,11,4,0,0,0,0,0,0,0
6735,1997,7,7,3,0,0,0,0,0,0,0
6735,1998,8,8,3,0,0,1,0,0,2,0
6735,1999,6,6,3,1,0,0,0,0,2,0
6735,2001,4,4,2,0,0,0,0,0,0,0
6735,2003,3,3,2,0,0,0,0,0,1,0
6735,2004,10,9,3,2,0,0,1,0,0,0
6735,2005,13,13,3,1,0,0,0,0,0,0
6735,2006,8,8,3,0,0,1,0,0,0,0
6735,2007,3,3,0,0,0,0,0,0,0,0
6738,1988,4,4,1,1,0,0,0,0,0,0
6738,1990,1,1,1,1,0,0,0,0,0,0
6738,1991,3,3,0,0,0,0,0,0,2,0
6738,1992,2,2,0,0,0,0,0,0,0,0
6738,1993,1,1,0,0,0,0,0,0,0,0
6738,1994,1,1,0,0,0,0,0,0,1,0
6738,1995,2,2,2,2,0,0,0,0,0,0
6738,1998,1,0,0,0,0,0,1,0,0,0
6738,1999,3,3,0,0,0,0,0,0,1,0
6749,2005,2,2,0,0,0,0,0,0,1,0
6749,2006,3,3,0,0,0,0,0,0,2,0
6749,2007,1,0,0,0,0,0,0,0,0,0
6750,1997,3,2,1,0,0,1,0,1,0,0
6763,1989,6,6,1,0,0,0,0,0,0,0
6763,1990,11,8,2,0,0,0,3,0,1,0
6763,1993,7,5,1,0,0,0,2,0,0,0
6768,2003,1,1,0,0,0,0,0,0,0,0
6768,2004,1,1,1,1,0,0,0,0,0,0
6768,2005,1,1,0,0,0,0,0,0,1,0
6768,2006,1,1,0,0,0,0,0,0,0,0
6768,2007,3,3,1,0,0,0,0,0,0,0
6772,1989,1,1,1,1,0,0,0,0,0,0
6772,1990,6,6,3,1,0,0,0,0,0,0
6772,1991,2,1,1,0,0,0,1,0,0,0
6777,1999,1,1,0,0,0,0,0,0,0,0
6777,2001,2,2,0,0,0,0,0,0,0,0
6777,2002,2,2,1,0,0,0,0,0,0,0
6778,2006,11,7,3,0,0,2,4,0,0,0
6778,2007,5,5,2,0,0,0,0,0,1,0
6782,2006,7,7,0,0,0,0,0,0,1,0
6782,2007,4,4,2,1,0,0,0,0,1,0
6785,2005,2,2,1,0,0,0,0,0,0,0
6785,2006,6,6,2,1,0,0,0,0,0,0
6785,2007,2,2,2,1,0,0,0,0,0,0
6834,1998,1,1,0,0,0,0,0,0,1,0
6834,1999,1,1,0,0,0,0,0,0,1,0
6834,2000,1,0,0,0,0,0,1,0,0,0
6836,1996,3,2,1,0,0,0,0,1,0,0
6841,1993,1,1,0,0,0,0,0,0,0,0
6841,1995,1,1,0,0,0,0,0,0,0,0
6841,1999,1,1,0,0,0,0,0,0,0,0
6841,2001,2,1,0,0,0,0,0,1,0,0
6841,2003,2,2,1,0,0,0,0,0,0,0
6843,1994,3,0,0,0,0,0,3,0,0,0
6847,1990,4,3,0,0,0,0,0,0,0,0
6867,2006,7,6,1,0,0,1,1,0,0,0
6867,2007,4,4,0,0,0,0,0,0,2,0
6876,2003,1,1,1,0,0,0,0,0,0,0
6876,2004,11,11,3,0,0,0,0,0,1,0
6876,2005,15,14,5,3,0,1,1,0,0,0
6876,2006,16,14,2,0,0,0,1,1,0,0
6876,2007,6,6,1,1,0,0,0,0,1,0
6895,2006,10,9,3,1,0,0,1,0,1,0
6895,2007,6,6,3,0,0,0,0,0,1,0
6918,1988,2,2,1,0,1,0,0,0,0,0
6918,1989,8,8,1,0,0,1,0,0,2,0
6918,1990,11,9,3,2,0,0,2,0,1,0
6918,1991,7,6,1,0,0,0,1,0,1,0
6918,1992,11,10,2,2,0,0,1,0,3,0
6918,1993,5,5,4,1,0,0,0,0,0,0
6921,2001,1,1,0,0,0,0,0,0,1,0
6921,2006,1,1,0,0,0,0,0,0,0,0
6934,1994,1,1,1,0,0,0,0,0,0,0
6935,1998,2,2,1,1,0,0,0,0,0,0
6951,2003,3,2,0,0,0,0,0,0,0,0
6966,1993,5,3,1,0,0,0,2,0,0,0
6966,1995,12,10,5,4,0,0,2,0,1,0
6966,1996,9,7,3,1,1,0,2,0,2,0
6966,1997,14,13,3,1,0,0,0,1,1,0
6966,2005,7,7,0,0,0,0,0,0,2,0
6966,2007,3,3,1,0,0,0,0,0,1,0
6967,1993,1,1,0,0,0,0,0,0,0,0
6967,1994,2,2,1,1,0,0,0,0,0,0
6967,1996,1,1,0,0,0,0,0,0,0,0
6970,1989,5,5,1,0,0,1,0,0,1,0
6970,1990,8,8,1,0,0,0,0,0,1,0
6970,1991,3,3,0,0,0,0,0,0,0,0
6970,1992,8,7,0,0,0,0,1,0,1,0
6970,1993,7,5,2,0,0,0,2,0,1,0
6970,1994,11,11,3,2,0,0,0,0,2,0
6970,1995,4,3,0,0,0,0,1,0,1,0
6970,1996,10,10,3,0,0,1,0,0,0,0
6970,1997,8,8,3,1,0,0,0,0,2,0
6970,1998,4,4,1,1,0,0,0,0,0,0
6982,2001,1,1,0,0,0,0,0,0,0,0
6982,2004,1,0,0,0,0,0,1,0,0,0
6998,1992,3,2,0,0,0,0,1,0,0,0
6998,1993,1,1,0,0,0,0,0,0,0,0
7000,2007,1,1,0,0,0,0,0,0,0,0
7010,2002,1,1,0,0,0,0,0,0,1,0
7010,2004,2,2,1,1,0,0,0,0,1,0
7011,2006,3,3,0,0,0,0,0,0,0,0
7018,1990,3,3,2,0,0,0,0,0,0,0
7018,1992,2,1,1,0,0,0,1,0,0,0
7026,1995,2,2,1,0,0,0,0,0,0,0
7026,1996,3,3,1,0,0,0,0,0,0,0
7027,1995,2,1,0,0,0,0,1,0,0,0
7027,1996,3,3,0,0,0,0,0,0,0,0
7027,1997,1,1,0,0,0,0,0,0,1,0
7027,2001,2,2,1,0,0,1,0,0,0,0
7051,2001,2,1,1,0,0,1,0,1,0,0
7051,2002,1,1,0,0,0,0,0,0,0,0
7051,2004,2,2,0,0,0,0,0,0,1,0
7065,1994,1,1,1,0,0,0,0,0,0,0
7065,1995,1,0,0,0,0,0,1,0,0,0
7098,2000,3,3,1,0,0,0,0,0,1,0
7098,2001,3,3,1,1,0,0,0,0,0,0
7123,2006,1,0,0,0,0,0,1,0,0,0
7126,2006,1,1,0,0,0,0,0,0,0,0
7126,2007,3,3,0,0,0,0,0,0,0,0
7142,1989,1,1,0,0,0,0,0,0,0,0
7145,1992,1,1,1,0,0,0,0,0,0,0
7150,1991,5,5,2,0,0,0,0,0,1,0
7153,2007,1,1,0,0,0,0,0,0,0,0
7174,1995,6,4,0,0,0,0,0,2,0,0
7174,1998,1,1,1,0,0,0,0,0,0,0
7175,1988,1,1,0,0,0,0,0,0,0,0
7199,1989,1,1,0,0,0,0,0,0,0,0
7199,1990,3,3,1,0,0,0,0,0,1,0
7199,1991,7,7,0,0,0,0,0,0,1,0
7199,1992,5,4,1,0,0,0,1,0,0,0
7199,1993,3,3,1,0,1,0,0,0,0,0
7199,1994,1,0,0,0,0,0,1,0,0,0
7202,1991,2,1,0,0,0,0,1,0,0,0
7202,1992,4,3,1,1,0,0,1,0,1,0
7202,1993,1,1,0,0,0,0,0,0,0,0
7202,1994,2,2,1,0,0,0,0,0,0,0
7202,1997,1,1,0,0,0,0,0,0,0,0
7202,1998,1,1,0,0,0,0,0,0,0,0
7202,1999,1,1,1,0,0,0,0,0,0,0
7208,1988,2,2,2,0,0,0,0,0,0,0
7208,1989,3,1,0,0,0,0,2,0,0,0
7258,2001,4,3,1,1,0,0,1,0,1,0
7275,1993,5,4,0,0,0,0,1,0,2,0
7275,1995,3,2,0,0,0,0,0,0,0,0
7275,1996,1,1,1,0,0,0,0,0,0,0
7275,1997,3,2,2,0,0,1,0,0,0,1
7275,1998,5,4,1,0,0,0,1,0,2,0
7297,1989,3,3,1,0,0,0,0,0,0,0
7301,1998,3,2,1,0,0,0,0,1,0,0
7301,1999,3,3,1,0,0,0,0,0,1,0
7301,2000,7,7,3,0,0,1,0,0,1,0
7301,2003,5,5,3,1,0,0,0,0,0,0
7301,2004,3,3,0,0,0,0,0,0,0,0
7301,2005,2,2,1,1,0,0,0,0,0,0
7311,2002,2,2,1,0,0,0,0,0,1,0
7313,2006,1,1,0,0,0,0,0,0,0,0
7319,1999,2,2,1,1,0,0,0,0,1,0
7347,1991,8,8,2,1,0,0,0,0,0,0
7347,1992,3,3,1,0,0,0,0,0,0,0
7378,1992,1,1,0,0,0,0,0,0,0,0
7385,2001,2,2,1,0,0,0,0,0,1,0
7385,2002,1,1,0,0,0,0,0,0,0,0
7388,1989,2,2,0,0,0,0,0,0,1,0
7388,1990,1,1,0,0,0,0,0,0,0,0
7388,1991,5,4,0,0,0,0,1,0,0,0
7388,1992,1,1,0,0,0,0,0,0,0,0
7388,1993,2,1,0,0,0,0,1,0,0,0
7388,1995,9,7,3,1,0,0,2,0,0,0
7388,1997,3,1,0,0,0,0,2,0,0,0
7388,1998,7,7,2,2,0,0,0,0,0,0
7388,1999,3,3,0,0,0,0,0,0,0,0
7388,2003,2,2,1,1,0,0,0,0,1,0
7388,2004,1,1,0,0,0,0,0,0,0,0
7388,2005,3,2,1,0,0,0,1,0,0,0
7397,2007,1,1,1,0,0,0,0,0,0,0
7408,1998,1,1,0,0,0,0,0,0,0,0
7408,2001,1,1,0,0,0,0,0,0,1,0
7408,2002,1,1,1,0,0,0,0,0,0,0
7408,2003,1,0,0,0,0,0,1,0,0,0
7408,2004,2,2,1,0,0,0,0,0,0,0
7408,2005,3,3,1,0,0,0,0,0,0,0
7408,2006,1,1,0,0,0,0,0,0,0,0
7408,2007,1,1,0,0,0,0,0,0,0,0
7414,2007,1,1,0,0,0,0,0,0,1,0
7436,1994,2,2,1,0,0,0,0,0,0,0
7436,1995,2,2,1,0,0,0,0,0,0,0
7436,1996,6,4,3,1,0,0,2,0,1,0
7436,1998,3,3,0,0,0,0,0,0,0,0
7436,1999,2,2,1,0,0,0,0,0,0,0
7436,2003,2,2,0,0,0,0,0,0,1,0
7437,1998,1,0,0,0,0,0,1,0,0,0
7458,1999,2,2,0,0,0,0,0,0,1,0
7458,2000,2,0,0,0,0,0,1,1,0,0
7481,2007,1,1,0,0,0,0,0,0,1,0
7490,1996,1,0,0,0,0,0,1,0,0,0
7490,1999,1,1,0,0,0,0,0,0,0,0
7491,1998,4,4,1,0,0,0,0,0,2,0
7491,1999,3,3,1,0,0,0,0,0,1,0
7491,2000,3,2,0,0,0,0,1,0,2,0
7491,2001,3,3,1,0,0,0,0,0,0,0
7491,2002,6,6,3,1,0,0,0,0,0,0
7491,2003,4,3,2,2,0,0,1,0,1,0
7491,2006,6,6,3,1,0,0,0,0,0,0
7491,2007,4,4,1,0,0,0,0,0,0,0
7522,1998,3,3,0,0,0,0,0,0,0,0
7522,1999,3,3,0,0,0,0,0,0,1,0
7522,2000,1,1,1,0,0,0,0,0,0,0
7522,2001,4,4,1,0,0,0,0,0,0,0
7522,2004,3,3,0,0,0,0,0,0,1,0
7522,2005,9,9,2,0,0,1,0,0,1,0
7522,2007,6,6,1,0,0,0,0,0,0,0
7523,1995,1,1,0,0,0,0,0,0,0,0
7523,1997,2,1,1,0,0,1,1,0,0,0
7528,2006,3,3,0,0,0,0,0,0,2,0
7530,1993,3,2,1,1,0,0,1,0,1,0
7530,1994,1,1,1,0,0,1,0,0,0,0
7530,1996,2,1,0,0,0,0,1,0,0,0
7539,1991,1,1,0,0,0,0,0,0,0,0
7565,2005,3,3,2,1,0,0,0,0,0,0
7565,2006,3,3,0,0,0,0,0,0,1,0
7565,2007,1,1,0,0,0,0,0,0,1,0
7824,1995,10,10,1,0,0,0,0,0,1,0
7824,1996,6,5,0,0,0,0,1,0,1,0
7824,1997,3,3,0,0,0,0,0,0,1,0
7824,1998,10,10,3,1,0,0,0,0,2,0
7824,1999,4,4,2,0,0,0,0,0,0,0
7829,1998,4,4,2,0,1,0,0,0,1,0
7829,2000,4,3,1,0,0,0,0,0,0,0
7829,2002,3,3,0,0,0,0,0,0,0,0
7829,2005,3,1,0,0,0,0,1,1,0,0
7829,2006,2,2,2,1,0,0,0,0,0,0
7831,1993,1,0,0,0,0,0,1,0,0,0
7836,1999,1,0,0,0,0,0,1,0,0,0
7836,2000,1,0,0,0,0,0,1,0,0,0
7836,2001,2,2,0,0,0,0,0,0,1,0
7837,1990,2,2,1,1,0,0,0,0,0,0
7842,2003,1,1,1,1,0,0,0,0,0,0
7867,2006,1,1,0,0,0,0,0,0,1,0
7879,1999,1,0,0,0,0,0,1,0,0,0
7893,1994,1,1,0,0,0,0,0,0,0,0
7896,1999,1,1,0,0,0,0,0,0,1,0
7925,1993,1,1,1,1,0,0,0,0,0,0
7925,1994,1,0,0,0,0,0,1,0,0,0
7925,1996,2,1,0,0,0,0,1,0,0,0
7930,1998,5,4,2,0,0,0,0,1,0,0
7970,2004,1,1,0,0,0,0,0,0,1,0
7971,1996,2,1,1,0,0,0,0,0,0,0
7971,1997,1,0,0,0,0,0,1,0,0,0
7980,1989,3,3,0,0,0,0,0,0,0,0
7980,1990,5,4,1,0,0,0,1,0,1,0
7980,1991,11,10,3,0,0,0,1,0,1,0
7980,1992,11,9,2,0,0,0,2,0,3,0
7980,1993,11,9,1,0,0,0,2,0,2,0
7980,1994,10,10,5,4,0,0,0,0,3,0
7980,1995,3,3,0,0,0,0,0,0,0,0
7980,1997,9,7,2,1,0,0,2,0,1,0
7980,2000,2,2,1,0,0,0,0,0,0,0
7980,2002,1,1,0,0,0,0,0,0,0,0
8010,1997,6,6,2,0,0,1,0,0,1,0
8010,1998,7,7,1,0,0,0,0,0,2,0
8010,2000,2,2,1,1,0,0,0,0,0,0
8010,2001,10,8,3,1,0,0,2,0,1,0
8010,2002,13,13,4,0,0,0,0,0,4,0
8010,2003,18,17,2,2,0,0,0,1,4,0
8010,2004,14,13,3,1,0,0,1,0,1,0
8010,2005,3,3,0,0,0,0,0,0,0,0
8010,2006,5,4,1,0,0,0,1,0,0,0
8010,2007,9,8,2,0,0,0,0,0,0,0
8023,2007,1,1,0,0,0,0,0,0,1,0
8032,2002,3,2,0,0,0,0,1,0,1,0
8032,2003,3,3,0,0,0,0,0,0,0,0
8036,2002,1,1,0,0,0,0,0,0,1,0
8036,2003,2,2,0,0,0,0,0,0,0,0
8036,2004,2,1,0,0,0,0,1,0,0,0
8036,2005,1,1,0,0,0,0,0,0,0,0
8036,2006,1,1,0,0,0,0,0,0,1,0
8036,2007,3,3,0,0,0,0,0,0,2,0
8045,2003,3,2,0,0,0,0,1,0,1,0
8051,1988,4,4,1,0,0,0,0,0,2,0
8051,1991,1,1,0,0,0,0,0,0,0,0
8051,2002,3,3,0,0,0,0,0,0,1,0
8051,2007,4,4,3,2,0,0,0,0,1,0
8052,2007,1,1,0,0,0,0,0,0,0,0
8060,2002,3,2,0,0,0,0,1,0,1,0
8060,2005,14,12,0,0,0,0,1,0,2,1
8061,1989,7,6,3,1,0,0,1,0,0,0
8061,1990,4,3,1,0,0,0,1,0,0,0
8061,1991,4,4,0,0,0,0,0,0,1,0
8061,1992,15,13,6,1,0,0,2,0,2,0
8061,1993,12,11,1,0,0,0,1,0,2,0
8061,1995,6,3,1,0,0,0,3,0,0,0
8061,1997,3,2,0,0,0,0,1,0,0,0
8061,1998,6,5,0,0,0,0,1,0,3,0
8061,1999,2,1,0,0,0,0,1,0,1,0
8079,1994,3,3,0,0,0,0,0,0,0,0
8082,1993,1,0,0,0,0,0,1,0,0,0
8082,1995,2,1,1,0,0,0,1,0,0,0
8082,1996,1,1,0,0,0,0,0,0,0,0
8082,1997,2,1,0,0,0,0,1,0,0,0
8082,1998,1,1,1,0,0,0,0,0,0,0
8092,2005,1,1,0,0,0,0,0,0,0,0
8111,1993,1,1,1,0,0,0,0,0,0,0
8111,1994,1,1,1,0,0,0,0,0,0,0
8123,1997,4,1,1,0,0,0,2,1,0,0
8123,1999,3,3,2,0,0,0,0,0,0,0
8127,1995,1,1,0,0,0,0,0,0,0,0
8136,1990,1,1,0,0,0,0,0,0,0,0
8137,2003,4,4,1,0,0,1,0,0,0,0
8142,2003,3,3,1,0,0,0,0,0,1,0
8142,2004,7,7,3,1,0,1,0,0,0,0
8142,2005,4,3,0,0,0,0,1,0,1,0
8142,2006,3,3,0,0,0,0,0,0,1,0
8142,2007,2,2,0,0,0,0,0,0,0,0
8146,1998,1,1,1,0,0,0,0,0,0,0
8147,1989,2,2,0,0,0,0,0,0,0,0
8147,1990,7,6,0,0,0,0,0,0,3,0
8147,1991,5,5,1,0,0,0,0,0,0,0
8147,1992,2,1,0,0,0,0,0,0,0,0
8147,1993,1,1,0,0,0,0,0,0,0,0
8147,1994,1,0,0,0,0,0,1,0,0,0
8147,1995,2,0,0,0,0,0,2,0,0,0
8148,1996,2,2,1,0,0,0,0,0,1,0
8148,1997,1,1,1,0,0,0,0,0,0,0
8148,1998,2,1,1,0,0,1,1,0,0,0
8148,1999,3,3,1,1,0,0,0,0,0,0
8148,2001,1,1,1,1,0,0,0,0,0,0
8148,2003,1,1,1,0,0,0,0,0,0,0
8152,2004,1,1,0,0,0,0,0,0,1,0
8155,1991,3,3,1,0,0,0,0,0,0,0
8155,1992,6,4,0,0,0,0,2,0,3,0
8155,1995,1,0,0,0,0,0,0,0,0,1
8158,2004,3,3,1,0,0,0,0,0,2,0
8160,1997,4,2,0,0,0,0,2,0,1,0
8160,1998,3,2,1,0,0,0,0,0,0,1
8160,2001,3,2,0,0,0,0,1,0,0,0
8176,2006,2,2,1,1,0,0,0,0,1,0
8184,1999,2,0,0,0,0,0,1,0,0,0
8184,2000,4,2,1,0,0,1,2,0,1,0
8184,2003,1,1,0,0,0,0,0,0,0,0
8184,2006,2,2,0,0,0,0,0,0,2,0
8193,1995,10,10,3,1,0,0,0,0,1,0
8193,1996,15,12,2,0,0,0,1,2,1,0
8193,1998,3,3,1,0,0,0,0,0,0,0
8193,1999,4,4,1,0,0,0,0,0,0,0
8193,2000,3,3,1,0,0,0,0,0,1,0
8201,1992,5,4,0,0,0,0,1,0,0,0
8201,1993,1,1,0,0,0,0,0,0,0,0
8201,1994,4,3,0,0,0,0,1,0,1,0
8201,1995,6,5,3,0,0,0,0,0,0,0
8201,1996,3,3,0,0,0,0,0,0,1,0
8201,1997,7,7,1,0,0,0,0,0,1,0
8201,1998,8,7,4,2,0,1,1,0,0,0
8201,2000,3,2,0,0,0,0,0,0,1,1
8201,2002,8,7,4,0,1,1,1,0,0,0
8202,2002,1,1,1,0,0,0,0,0,0,0
8202,2004,1,1,1,0,0,0,0,0,0,0
8235,1993,1,1,0,0,0,0,0,0,0,0
8235,1994,3,3,1,0,0,0,0,0,0,0
8235,1995,5,5,1,0,0,1,0,0,1,0
8235,1997,3,3,1,0,0,0,0,0,1,0
8235,1998,3,2,0,0,0,0,1,0,0,0
8235,1999,3,3,1,1,0,0,0,0,1,0
8235,2000,3,2,0,0,0,0,0,0,1,0
8271,2001,1,1,0,0,0,0,0,0,0,0
8276,1995,1,1,0,0,0,0,0,0,0,0
8283,1992,4,4,0,0,0,0,0,0,2,0
8283,1993,3,3,2,0,0,0,0,0,0,0
8283,1994,11,10,5,1,0,0,1,0,0,0
8283,1996,1,1,0,0,0,0,0,0,0,0
8284,1990,2,1,0,0,0,0,1,0,0,0
8307,2006,3,3,1,0,0,0,0,0,0,0
8311,1995,3,3,0,0,0,0,0,0,0,0
8311,2000,1,1,1,1,0,0,0,0,0,0
8334,2006,1,1,0,0,0,0,0,0,0,0
8340,1995,2,2,1,0,0,0,0,0,0,0
8340,1996,11,11,6,2,1,0,0,0,2,0
8340,1997,9,9,1,1,0,0,0,0,4,0
8340,1998,7,6,1,0,0,0,1,0,3,0
8340,1999,7,6,1,0,0,0,1,0,1,0
8340,2000,3,3,2,0,1,0,0,0,0,0
8340,2002,7,6,2,0,0,0,1,0,2,0
8340,2003,6,5,2,2,0,0,1,0,2,0
8341,2002,1,1,0,0,0,0,0,0,0,0
8363,2004,3,3,0,0,0,0,0,0,1,0
8373,1990,3,2,1,0,0,0,1,0,0,0
8374,2005,1,1,0,0,0,0,0,0,0,0
8374,2006,3,3,2,0,0,0,0,0,0,0
8387,2005,1,1,1,0,0,0,0,0,0,0
8390,1999,2,2,0,0,0,0,0,0,1,0
8390,2001,1,1,0,0,0,0,0,0,0,0
8390,2002,2,2,0,0,0,0,0,0,0,0
8409,2003,7,7,3,0,0,0,0,0,2,0
8409,2004,7,6,1,0,0,0,1,0,0,0
8409,2005,6,6,2,0,0,1,0,0,1,0
8423,2006,3,2,1,0,0,0,1,0,0,0
8442,1999,1,1,0,0,0,0,0,0,0,0
8449,2001,3,3,0,0,0,0,0,0,0,0
8449,2005,2,2,2,1,0,0,0,0,0,0
8449,2006,10,10,2,0,0,1,0,0,0,0
8453,2005,1,1,0,0,0,0,0,0,0,0
8457,1998,3,3,1,0,0,0,0,0,0,0
8459,1988,3,3,0,0,0,0,0,0,0,0
8459,1989,1,0,0,0,0,0,0,1,0,0
8459,1990,4,4,2,0,1,0,0,0,0,0
8459,1991,11,10,2,0,1,0,1,0,0,0
8459,1992,9,5,1,0,0,0,4,0,0,0
8474,1998,6,4,2,1,0,0,2,0,2,0
8474,1999,7,5,2,0,0,1,2,0,1,0
8474,2001,3,3,2,0,0,2,0,0,0,0
8474,2003,4,4,1,0,0,0,0,0,0,0
8479,1990,3,3,1,0,0,0,0,0,2,0
8479,1991,3,2,2,0,0,0,0,0,0,1
8479,1992,3,3,1,0,0,0,0,0,0,0
8488,1990,7,7,0,0,0,0,0,0,1,0
8488,1992,7,6,3,0,0,1,1,0,2,0
8488,1993,3,2,2,1,0,0,1,0,0,0
8488,1995,4,1,0,0,0,0,3,0,0,0
8488,2001,11,10,4,1,0,1,1,0,0,0
8498,1998,2,2,2,0,0,0,0,0,0,0
8498,1999,2,2,1,1,0,0,0,0,0,0
8507,2006,1,1,1,0,0,0,0,0,0,0
8513,1990,2,2,1,0,0,0,0,0,1,0
8529,2002,1,1,1,0,0,0,0,0,0,0
8556,1998,1,1,0,0,0,0,0,0,0,0
8556,1999,10,9,2,0,0,0,1,0,1,0
8556,2001,7,6,2,0,0,0,1,0,0,0
8556,2002,3,3,1,0,0,1,0,0,0,0
8556,2003,4,3,0,0,0,0,1,0,0,0
8556,2004,4,4,1,0,0,1,0,0,0,0
8556,2005,3,2,1,0,0,0,0,1,0,0
8557,2004,3,3,1,0,0,0,0,0,2,0
8557,2005,10,10,3,0,0,0,0,0,2,0
8557,2006,3,3,0,0,0,0,0,0,0,0
8563,1992,6,5,3,1,0,0,1,0,2,0
8563,1993,6,6,3,0,0,1,0,0,0,0
8563,1995,9,6,0,0,0,0,1,1,1,1
8563,1996,13,12,1,0,0,0,1,0,1,0
8563,1997,10,8,3,0,1,1,1,0,0,1
8563,1999,4,4,2,2,0,0,0,0,1,0
8569,2006,4,4,0,0,0,0,0,0,0,0
8569,2007,3,3,0,0,0,0,0,0,1,0
8576,1996,1,1,0,0,0,0,0,0,1,0
8576,1997,2,2,1,1,0,0,0,0,0,0
8576,1998,3,2,1,0,0,0,1,0,1,0
8589,2004,1,1,0,0,0,0,0,0,1,0
8589,2005,1,1,0,0,0,0,0,0,0,0
8594,1993,5,5,1,1,0,0,0,0,1,0
8594,1994,3,3,2,0,0,0,0,0,0,0
8608,2007,1,1,1,1,0,0,0,0,0,0
8619,2007,5,5,2,1,0,0,0,0,0,0
8626,1996,1,1,0,0,0,0,0,0,1,0
8635,2004,1,1,1,1,0,0,0,0,0,0
8635,2005,2,2,1,1,0,0,0,0,1,0
8638,2000,2,2,2,0,0,0,0,0,0,0
8638,2002,3,3,2,2,0,0,0,0,0,0
8638,2003,7,5,3,1,0,0,1,1,1,0
8638,2005,6,6,1,1,0,0,0,0,0,0
8638,2006,4,4,0,0,0,0,0,0,2,0
8655,1993,3,2,1,0,0,1,1,0,0,0
8655,1994,8,7,1,1,0,0,1,0,0,0
8655,1996,1,0,0,0,0,0,1,0,0,0
8655,1998,2,1,0,0,0,0,0,1,0,0
8655,1999,1,1,1,0,0,0,0,0,0,0
8655,2003,1,1,0,0,0,0,0,0,1,0
8660,1991,1,1,0,0,0,0,0,0,0,0
8660,1992,1,1,1,0,0,0,0,0,0,0
8660,1994,9,8,3,0,0,1,1,0,2,0
8660,1995,1,1,0,0,0,0,0,0,0,0
8665,1993,1,1,0,0,0,0,0,0,0,0
8665,1996,1,1,0,0,0,0,0,0,0,0
8665,1998,2,2,1,0,0,0,0,0,0,0
8667,1988,2,2,1,1,0,0,0,0,0,0
8704,1996,5,4,1,0,0,0,0,1,1,0
8704,1997,8,5,1,0,0,1,1,2,0,0
8704,1998,3,3,1,1,0,0,0,0,1,0
8704,1999,7,7,2,1,0,1,0,0,0,0
8704,2000,3,3,1,0,0,1,0,0,0,0
8704,2001,4,4,2,0,0,0,0,0,2,0
8704,2002,4,4,1,0,0,0,0,0,0,0
8704,2005,9,9,1,0,0,0,0,0,2,0
8704,2006,3,3,1,1,0,0,0,0,1,0
8719,2006,2,1,0,0,0,0,1,0,1,0
8720,1998,3,3,1,0,0,0,0,0,1,0
8720,2000,3,3,2,0,0,0,0,0,0,0
8723,1988,1,1,0,0,0,0,0,0,1,0
8723,1989,1,1,0,0,0,0,0,0,0,0
8723,1990,5,5,2,0,0,0,0,0,0,0
8723,1991,2,2,1,0,0,0,0,0,1,0
8723,1993,1,1,0,0,0,0,0,0,0,0
8723,1995,5,5,1,0,0,1,0,0,1,0
8723,1996,2,2,1,0,0,0,0,0,0,0
8724,1995,1,1,1,0,0,1,0,0,0,0
8731,1995,6,4,1,0,0,0,2,0,0,0
8731,1998,4,4,0,0,0,0,0,0,0,0
8731,1999,6,5,2,1,0,0,1,0,0,0
8731,2000,4,4,2,0,0,0,0,0,0,0
8752,1998,4,3,1,0,0,0,1,0,1,0
8754,1991,1,0,0,0,0,0,1,0,0,0
8754,1992,2,2,0,0,0,0,0,0,0,0
8754,1996,1,1,1,0,0,1,0,0,0,0
8754,1997,2,2,0,0,0,0,0,0,1,0
8756,2000,1,1,0,0,0,0,0,0,1,0
8765,2005,3,3,0,0,0,0,0,0,0,0
8765,2006,3,3,0,0,0,0,0,0,0,0
8784,1999,7,7,1,0,0,0,0,0,0,0
8784,2002,5,5,2,0,0,1,0,0,1,0
8784,2003,3,3,1,0,0,0,0,0,1,0
8784,2004,8,8,1,0,0,0,0,0,1,0
8802,2003,1,1,0,0,0,0,0,0,0,0
8807,2002,6,5,2,0,0,0,0,0,1,0
8807,2003,6,4,0,0,0,0,1,1,2,0
8807,2004,6,6,4,0,0,0,0,0,1,0
8807,2005,8,7,1,1,0,0,1,0,2,0
8807,2006,7,6,0,0,0,0,1,0,1,0
8807,2007,6,6,0,0,0,0,0,0,3,0
8823,2007,6,6,1,0,0,0,0,0,4,0
8830,1989,7,6,1,1,0,0,1,0,2,0
8830,1990,1,1,0,0,0,0,0,0,1,0
8830,1991,4,4,3,0,0,0,0,0,1,0
8830,1992,2,1,1,0,0,0,1,0,0,0
8830,1995,1,1,1,0,0,0,0,0,0,0
8841,1992,1,1,0,0,0,0,0,0,0,0
8852,2006,3,3,1,0,0,0,0,0,1,0
8852,2007,1,1,0,0,0,0,0,0,0,0
8859,2001,3,3,0,0,0,0,0,0,0,0
8859,2003,4,3,1,0,0,0,1,0,0,0
8859,2004,3,3,0,0,0,0,0,0,1,0
8859,2006,4,3,1,1,0,0,1,0,0,0
8861,2005,3,3,1,0,0,0,0,0,0,0
8891,1995,2,1,0,0,0,0,1,0,0,0
8891,1997,3,3,1,1,0,0,0,0,0,0
8891,1998,4,3,0,0,0,0,1,0,0,0
8891,1999,3,2,0,0,0,0,1,0,1,0
8891,2000,5,2,0,0,0,0,2,1,0,0
8906,2007,1,1,0,0,0,0,0,0,1,0
8912,1992,3,3,0,0,0,0,0,0,0,0
8912,1993,3,2,2,0,0,0,0,0,0,0
8912,1994,2,2,1,0,1,0,0,0,0,0
8912,1995,6,5,1,0,0,0,1,0,0,0
8918,1999,4,4,3,3,0,0,0,0,1,0
8918,2001,3,1,0,0,0,0,2,0,1,0
8918,2003,3,3,1,1,0,0,0,0,0,0
8918,2005,3,3,0,0,0,0,0,0,1,0
8918,2006,3,3,1,0,0,0,0,0,1,0
8919,2004,7,7,2,1,0,1,0,0,1,0
8919,2005,4,4,1,1,0,0,0,0,1,0
8920,1988,6,6,1,0,0,0,0,0,0,0
8932,1995,2,1,0,0,0,0,0,1,1,0
8934,2005,1,1,0,0,0,0,0,0,1,0
8939,1999,4,4,2,1,0,0,0,0,0,0
8954,1996,3,3,2,0,0,1,0,0,0,0
8954,1999,4,3,1,0,0,0,1,0,0,0
8954,2001,8,6,1,1,0,0,2,0,0,0
8958,1991,6,3,1,0,0,0,2,0,0,0
8962,1996,7,5,2,0,0,0,2,0,2,0
8962,1999,1,1,1,0,0,0,0,0,0,0
8973,1999,6,5,2,0,0,0,1,0,1,0
8982,2006,1,1,1,0,0,0,0,0,0,0
8983,1995,5,4,2,0,0,0,0,1,1,0
8983,1996,1,1,0,0,0,0,0,0,1,0
8983,1997,3,3,2,0,2,0,0,0,1,0
8983,1998,1,1,0,0,0,0,0,0,1,0
8983,2001,1,1,1,0,0,0,0,0,0,0
9009,2003,2,2,1,1,0,0,0,0,0,0
9043,1989,2,1,0,0,0,0,1,0,0,0
9043,1990,2,2,1,0,0,0,0,0,0,0
9048,2001,1,1,0,0,0,0,0,0,0,0
9069,2002,4,3,1,0,0,0,1,0,0,0
9069,2004,4,4,0,0,0,0,0,0,2,0
9070,2002,1,1,0,0,0,0,0,0,1,0
9077,2007,1,1,0,0,0,0,0,0,0,0
9091,1997,4,3,1,0,0,0,0,0,1,1
9091,1998,3,3,0,0,0,0,0,0,0,0
9091,1999,2,2,0,0,0,0,0,0,0,0
9095,1997,2,2,0,0,0,0,0,0,0,0
9102,1993,1,1,0,0,0,0,0,0,0,0
9102,1994,1,1,0,0,0,0,0,0,1,0
9102,1996,2,2,0,0,0,0,0,0,0,0
9108,1997,2,1,0,0,0,0,1,0,0,0
9108,1998,3,3,1,0,0,0,0,0,1,0
9108,1999,3,2,1,1,0,0,1,0,0,0
9123,1999,2,2,1,1,0,0,0,0,0,0
9123,2001,1,1,0,0,0,0,0,0,1,0
9123,2002,1,1,0,0,0,0,0,0,0,0
9136,2003,3,3,0,0,0,0,0,0,0,0
9136,2006,3,3,1,0,0,0,0,0,0,0
9137,1990,3,1,0,0,0,0,2,0,0,0
9152,1994,8,7,3,1,0,0,0,1,2,0
9152,1995,9,8,2,0,0,1,0,1,0,0
9152,1996,9,9,2,0,0,0,0,0,3,0
9153,1999,1,1,1,1,0,0,0,0,0,0
9169,2004,1,1,1,1,0,0,0,0,0,0
9176,1996,2,2,0,0,0,0,0,0,0,0
9176,1997,5,4,0,0,0,0,1,0,1,0
9176,2002,1,0,0,0,0,0,1,0,0,0
9176,2003,1,1,0,0,0,0,0,0,1,0
9177,1999,3,2,0,0,0,0,1,0,0,0
9181,1993,1,1,0,0,0,0,0,0,0,0
9182,1990,5,5,2,1,0,0,0,0,2,0
9182,1991,5,5,2,0,0,1,0,0,0,0
9210,2001,1,1,0,0,0,0,0,0,0,0
9210,2002,1,1,1,1,0,0,0,0,0,0
9214,2002,15,14,5,2,0,0,1,0,6,0
9214,2003,7,6,1,0,0,0,1,0,1,0
9214,2004,15,15,3,2,0,0,0,0,5,0
9214,2005,3,3,1,0,0,0,0,0,1,0
9214,2006,3,2,0,0,0,0,1,0,1,0
9219,2001,8,7,2,0,0,0,1,0,0,0
9229,1993,7,7,2,0,0,0,0,0,2,0
9229,1994,3,2,0,0,0,0,1,0,1,0
9229,1995,7,6,0,0,0,0,1,0,0,0
9229,1996,4,4,1,0,0,0,0,0,0,0
9236,1989,2,2,0,0,0,0,0,0,2,0
9240,1995,4,4,2,0,0,1,0,0,0,0
9240,1998,6,4,2,0,0,0,1,1,0,0
9240,1999,3,3,1,0,0,1,0,0,1,0
9251,2004,1,1,0,0,0,0,0,0,0,0
9258,1994,1,1,1,0,0,0,0,0,0,0
9258,1995,9,8,3,1,0,0,1,0,2,0
9258,2002,2,2,0,0,0,0,0,0,2,0
9258,2003,2,2,0,0,0,0,0,0,0,0
9258,2005,1,1,0,0,0,0,0,0,0,0
9263,2001,4,4,0,0,0,0,0,0,1,0
9263,2002,6,5,0,0,0,0,1,0,1,0
9283,1989,3,3,0,0,0,0,0,0,1,0
9293,1996,1,1,0,0,0,0,0,0,0,0
9293,1998,1,0,0,0,0,0,1,0,0,0
9293,1999,1,0,0,0,0,0,1,0,0,0
9294,1997,4,4,0,0,0,0,0,0,0,0
9294,2000,3,3,1,0,0,0,0,0,0,0
9294,2001,4,4,1,0,0,0,0,0,0,0
9294,2006,3,3,2,0,0,0,0,0,0,0
9305,1999,2,1,0,0,0,0,1,0,0,0
9323,2003,1,0,0,0,0,0,0,1,0,0
9324,2006,6,5,1,0,0,0,0,0,1,1
9329,2000,1,1,0,0,0,0,0,0,0,0
9330,2003,3,2,1,1,0,0,1,0,0,0
9330,2004,3,3,3,0,0,2,0,0,0,0
9330,2005,3,3,0,0,0,0,0,0,0,0
9330,2006,2,2,2,1,0,0,0,0,0,0
9346,1999,3,1,0,0,0,0,2,0,0,0
9347,2006,1,1,0,0,0,0,0,0,0,0
9364,2003,3,2,1,1,0,0,1,0,0,0
9387,1993,3,3,2,1,0,0,0,0,0,0
9387,1995,9,6,1,0,0,0,3,0,1,0
9387,1996,2,2,1,0,0,0,0,0,0,0
9387,1997,7,5,2,1,1,0,2,0,0,0
9392,1988,5,4,1,0,0,0,1,0,1,0
9392,1989,6,5,0,0,0,0,1,0,3,0
9392,1990,15,14,3,0,0,0,1,0,1,0
9392,1991,6,6,0,0,0,0,0,0,1,0
9406,2004,5,5,1,1,0,0,0,0,0,0
9406,2006,3,3,1,0,0,0,0,0,1,0
9413,2005,1,1,0,0,0,0,0,0,0,0
9417,1999,2,2,1,0,0,0,0,0,0,0
9429,2001,3,2,0,0,0,0,1,0,1,0
9429,2002,4,3,0,0,0,0,0,1,0,0
9429,2006,1,1,0,0,0,0,0,0,1,0
9432,1992,1,1,0,0,0,0,0,0,0,0
9432,1993,2,2,2,0,0,0,0,0,0,0
9437,2007,3,3,1,0,0,0,0,0,0,0
9442,2005,6,5,3,0,0,0,1,0,0,0
9467,1989,3,3,0,0,0,0,0,0,1,0
9467,1997,5,4,2,0,0,0,0,1,0,0
9467,1998,8,7,0,0,0,0,1,0,0,0
9467,1999,3,2,0,0,0,0,1,0,0,0
9468,1993,4,4,1,0,0,0,0,0,0,0
9468,1994,4,2,0,0,0,0,1,1,0,0
9468,1995,4,4,0,0,0,0,0,0,2,0
9468,1996,4,4,0,0,0,0,0,0,0,0
9468,1997,2,1,0,0,0,0,1,0,0,0
9468,1998,4,4,0,0,0,0,0,0,0,0
9468,2000,2,2,1,0,0,0,0,0,0,0
9468,2002,1,1,0,0,0,0,0,0,0,0
9468,2003,1,0,0,0,0,0,0,1,0,0
9468,2004,2,1,0,0,0,0,0,1,0,0
9477,2001,3,3,0,0,0,0,0,0,1,0
9489,2001,4,3,1,1,0,0,1,0,1,0
9489,2003,3,1,0,0,0,0,2,0,0,0
9489,2004,1,0,0,0,0,0,1,0,0,0
9490,2001,10,7,1,0,0,0,2,0,1,1
9490,2002,6,5,1,0,0,1,1,0,1,0
9490,2003,4,3,2,0,0,1,0,0,0,0
9490,2004,2,2,0,0,0,0,0,0,1,0
9490,2005,1,1,0,0,0,0,0,0,0,0
9490,2006,2,2,0,0,0,0,0,0,0,0
9492,1996,3,3,2,1,0,0,0,0,0,0
9496,1997,3,2,1,1,0,0,1,0,0,0
9496,1998,4,4,1,0,0,1,0,0,1,0
9496,1999,2,2,1,0,0,0,0,0,0,0
9496,2000,3,3,0,0,0,0,0,0,1,0
9496,2001,1,1,0,0,0,0,0,0,0,0
9496,2003,1,0,0,0,0,0,1,0,0,0
9496,2004,1,1,0,0,0,0,0,0,0,0
9513,2005,1,0,0,0,0,0,1,0,0,0
9513,2006,1,1,0,0,0,0,0,0,0,0
9519,1989,12,12,4,0,0,1,0,0,0,0
9519,1991,4,4,1,0,0,0,0,0,0,0
9523,1998,3,3,2,1,0,1,0,0,0,0
9523,1999,1,0,0,0,0,0,1,0,0,0
9523,2005,4,3,1,1,0,0,0,1,1,0
9524,2006,6,4,2,1,0,1,2,0,1,0
9524,2007,3,3,1,1,0,0,0,0,0,0
9527,1998,2,1,0,0,0,0,0,1,1,0
9527,1999,4,3,2,0,0,0,1,0,1,0
9527,2003,1,1,0,0,0,0,0,0,0,0
9528,1997,1,1,0,0,0,0,0,0,1,0
9528,1999,1,1,0,0,0,0,0,0,0,0
9528,2001,6,5,0,0,0,0,1,0,0,0
9528,2003,3,2,2,0,0,0,1,0,0,0
9528,2005,3,3,2,0,0,1,0,0,0,0
9535,2007,3,3,1,0,0,0,0,0,1,0
9540,1992,1,1,1,0,0,0,0,0,0,0
9540,1993,9,9,3,1,0,1,0,0,2,0
9540,1994,3,2,0,0,0,0,1,0,1,0
9540,1995,5,3,2,0,1,0,0,1,0,0
9540,1996,9,8,2,0,0,0,0,0,1,1
9540,1997,8,7,0,0,0,0,0,1,1,0
9540,1999,9,8,3,2,0,1,0,0,1,1
9540,2000,3,3,1,0,0,0,0,0,0,0
9554,2003,6,6,2,1,0,0,0,0,2,0
9566,1995,2,1,0,0,0,0,0,0,0,1
9592,1989,6,6,2,0,0,2,0,0,0,0
9603,2001,2,2,0,0,0,0,0,0,0,0
9603,2003,6,6,1,0,0,0,0,0,0,0
9603,2004,4,3,0,0,0,0,1,0,0,0
9608,2001,8,8,5,1,0,0,0,0,1,0
9610,2001,2,2,2,0,0,1,0,0,0,0
9612,1991,2,1,0,0,0,0,1,0,0,0
9612,1992,6,3,0,0,0,0,3,0,0,0
9612,1993,2,0,0,0,0,0,2,0,0,0
9614,1990,13,11,3,1,0,0,2,0,1,0
9614,1991,6,6,1,0,0,0,0,0,2,0
9614,1992,10,7,4,0,0,0,1,1,0,0
9614,1993,14,11,4,0,0,0,3,0,1,0
9614,1994,9,9,2,1,0,0,0,0,1,0
9614,1995,4,4,1,0,0,0,0,0,0,0
9614,2001,1,0,0,0,0,0,1,0,0,0
9614,2002,2,2,1,0,0,0,0,0,0,0
9620,2001,1,1,0,0,0,0,0,0,1,0
9620,2006,1,1,0,0,0,0,0,0,0,0
9621,1998,2,2,0,0,0,0,0,0,0,0
9637,1999,10,8,2,1,0,0,1,1,1,0
9637,2001,10,8,2,1,0,0,2,0,1,0
9637,2003,3,2,0,0,0,0,0,1,0,0
9638,1991,1,1,0,0,0,0,0,0,0,0
9638,1992,1,1,0,0,0,0,0,0,0,0
9642,1994,2,2,1,0,1,0,0,0,0,0
9642,1995,6,5,2,0,0,0,1,0,1,0
9642,1996,14,10,2,0,0,0,2,2,1,0
9647,1993,9,9,3,1,0,2,0,0,0,0
9659,2003,1,1,0,0,0,0,0,0,1,0
9664,2007,3,2,1,0,0,0,0,0,0,1
9672,1997,1,1,0,0,0,0,0,0,0,0
9672,2003,2,2,0,0,0,0,0,0,0,0
9698,2003,1,1,0,0,0,0,0,0,1,0
9707,2006,3,3,1,0,0,0,0,0,0,0
9709,1994,4,4,1,0,0,0,0,0,0,0
9709,1997,3,2,2,0,0,1,1,0,0,0
9715,2003,1,0,0,0,0,0,0,1,0,0
9725,1989,15,15,3,0,0,0,0,0,1,0
9725,1990,10,9,4,0,0,0,0,0,0,0
9725,1991,4,3,2,1,0,0,1,0,0,0
9725,1992,3,3,1,0,0,0,0,0,0,0
9734,1989,6,6,3,0,0,0,0,0,0,0
9734,1992,1,1,1,0,0,0,0,0,0,0
9735,1992,6,5,1,0,0,0,1,0,1,0
9738,1989,9,8,2,1,0,0,1,0,0,0
9751,1998,1,1,0,0,0,0,0,0,0,0
9751,1999,2,2,0,0,0,0,0,0,0,0
9751,2001,1,1,1,0,0,0,0,0,0,0
9751,2002,2,2,1,0,0,0,0,0,1,0
9779,1997,1,1,1,0,0,0,0,0,0,0
9780,1997,2,1,0,0,0,0,1,0,1,0
9780,1998,1,1,1,0,0,0,0,0,0,0
9780,1999,3,3,2,1,0,0,0,0,1,0
9780,2000,1,1,0,0,0,0,0,0,0,0
9780,2001,2,2,1,0,0,0,0,0,0,0
9780,2002,2,2,1,0,0,0,0,0,0,0
9780,2003,2,2,0,0,0,0,0,0,0,0
9780,2004,3,2,0,0,0,0,1,0,1,0
9780,2006,2,1,0,0,0,0,1,0,0,0
9781,2004,1,1,0,0,0,0,0,0,1,0
9781,2007,1,1,0,0,0,0,0,0,1,0
9809,1990,2,2,1,1,0,0,0,0,0,0
9809,1991,4,4,1,1,0,0,0,0,0,0
9809,1992,6,4,3,1,0,0,2,0,0,0
9809,1993,2,1,1,0,0,0,1,0,0,0
9809,1994,6,3,0,0,0,0,3,0,0,0
9809,1999,1,1,1,1,0,0,0,0,0,0
9810,2004,3,3,1,0,0,0,0,0,1,0
9810,2005,3,3,0,0,0,0,0,0,1,0
9833,2006,2,2,0,0,0,0,0,0,1,0
9840,1999,7,7,1,1,0,0,0,0,0,0
9840,2001,3,3,0,0,0,0,0,0,1,0
9840,2002,3,1,0,0,0,0,2,0,0,0
9840,2004,4,4,0,0,0,0,0,0,0,0
9840,2005,4,4,2,1,0,0,0,0,0,0
9841,1992,6,5,2,0,0,0,1,0,1,0
9841,1993,4,4,0,0,0,0,0,0,1,0
9859,1991,2,2,0,0,0,0,0,0,2,0
9859,1992,3,3,1,0,0,0,0,0,1,0
9859,1993,3,2,1,1,0,0,0,0,0,0
9859,1994,1,1,1,0,0,0,0,0,0,0
9859,1995,3,2,1,0,0,0,1,0,0,0
9859,1996,4,4,0,0,0,0,0,0,1,0
9859,1997,4,3,0,0,0,0,1,0,1,0
9859,1998,1,1,1,0,0,0,0,0,0,0
9919,1994,3,2,0,0,0,0,1,0,0,0
9921,1999,3,2,1,1,0,0,1,0,0,0
9930,2007,2,2,0,0,0,0,0,0,0,0
9931,1997,4,4,2,1,0,0,0,0,1,0
9931,1998,3,3,2,0,0,1,0,0,0,0
10001,1996,4,3,2,0,0,0,0,0,0,1
10001,1997,2,1,1,0,0,0,1,0,0,0
10002,1993,6,6,2,0,0,0,0,0,0,0
10002,1994,3,2,0,0,0,0,0,0,0,1
10002,1996,6,3,0,0,0,0,1,1,0,0
10002,1997,8,8,5,1,0,0,0,0,1,0
10002,1998,10,8,4,1,0,0,1,1,1,0
10002,1999,3,3,2,0,0,0,0,0,0,0
10002,2001,6,6,1,1,0,0,0,0,1,0
10002,2002,3,2,0,0,0,0,0,0,0,0
10002,2003,3,3,1,0,0,1,0,0,0,0
10002,2004,3,2,1,0,0,0,1,0,0,0
10002,2005,3,3,0,0,0,0,0,0,0,0
10004,1988,4,4,3,0,0,0,0,0,0,0
10004,1989,7,5,1,0,0,0,1,0,1,0
10004,1990,5,4,1,0,0,0,1,0,0,0
10004,1991,5,5,2,0,0,0,0,0,1,0
10004,1993,5,4,2,0,1,0,1,0,2,0
10004,1994,2,2,0,0,0,0,0,0,0,0
10004,1995,2,1,0,0,0,0,1,0,0,0
10004,1996,3,3,1,0,0,0,0,0,0,0
10004,1997,1,1,0,0,0,0,0,0,1,0
10006,1994,3,3,2,1,0,0,0,0,0,0
10006,1996,3,2,0,0,0,0,1,0,1,0
10007,1997,2,0,0,0,0,0,1,1,0,0
10027,2003,3,3,0,0,0,0,0,0,1,0
10029,2001,3,3,0,0,0,0,0,0,0,0
10029,2002,16,13,3,0,0,0,3,0,1,0
10029,2003,7,7,2,0,0,0,0,0,1,0
10029,2004,15,13,3,0,0,0,1,1,0,0
10029,2005,13,12,5,1,1,1,1,0,1,0
10029,2006,1,1,1,0,0,0,0,0,0,0
10034,1990,2,2,0,0,0,0,0,0,0,0
10034,1991,1,0,0,0,0,0,1,0,0,0
10034,1992,3,3,1,0,0,0,0,0,0,0
10050,2005,1,1,0,0,0,0,0,0,0,0
10055,1996,3,2,0,0,0,0,0,1,1,0
10055,1997,1,1,0,0,0,0,0,0,0,0
10055,1998,3,2,2,1,0,0,1,0,0,0
10068,2007,3,2,0,0,0,0,1,0,0,0
10070,1992,8,8,1,0,0,0,0,0,3,0
10070,1993,3,3,0,0,0,0,0,0,0,0
10070,1994,3,3,0,0,0,0,0,0,2,0
10071,2001,3,3,0,0,0,0,0,0,0,0
10093,1994,3,3,1,1,0,0,0,0,0,0
10093,1998,1,1,1,1,0,0,0,0,0,0
10096,1998,4,4,3,0,0,1,0,0,0,0
10097,2006,2,2,0,0,0,0,0,0,1,0
10112,1996,3,3,2,1,0,1,0,0,1,0
10113,2007,2,1,0,0,0,0,1,0,1,0
10124,1990,3,3,0,0,0,0,0,0,2,0
10124,1991,2,2,2,1,0,0,0,0,0,0
10124,1992,4,4,0,0,0,0,0,0,1,0
10125,1999,2,2,1,0,0,0,0,0,0,0
10136,2006,3,3,0,0,0,0,0,0,1,0
10136,2007,3,3,2,0,0,0,0,0,0,0
10146,2006,1,1,0,0,0,0,0,0,0,0
10155,1999,2,1,0,0,0,0,1,0,0,0
10187,1989,5,5,0,0,0,0,0,0,2,0
10187,1993,3,3,1,0,0,0,0,0,0,0
10188,1993,4,2,0,0,0,0,2,0,0,0
10188,1994,8,8,1,1,0,0,0,0,1,0
10188,1995,4,3,0,0,0,0,1,0,2,0
10188,1996,5,3,1,0,0,0,0,0,1,1
10188,1999,1,1,0,0,0,0,0,0,0,0
10192,1993,3,3,1,0,0,1,0,0,1,0
10209,2007,4,4,0,0,0,0,0,0,1,0
10216,1997,1,1,1,0,0,0,0,0,0,0
10216,2001,1,1,1,0,0,0,0,0,0,0
10216,2002,1,0,0,0,0,0,1,0,0,0
10217,2000,3,1,0,0,0,0,2,0,0,0
10229,2003,1,1,0,0,0,0,0,0,1,0
10229,2005,3,3,1,0,0,0,0,0,1,0
10229,2006,5,5,1,0,0,0,0,0,1,0
10229,2007,1,1,0,0,0,0,0,0,0,0
10246,1999,2,2,0,0,0,0,0,0,1,0
10246,2000,1,0,0,0,0,0,1,0,0,0
10251,1997,5,3,2,0,0,0,2,0,0,0
10267,1991,4,3,1,0,0,0,1,0,0,0
10267,1993,2,2,1,1,0,0,0,0,0,0
10293,1989,5,4,1,1,0,0,1,0,1,0
10293,1990,4,3,1,0,0,0,0,1,0,0
10294,1992,11,10,0,0,0,0,1,0,2,0
10294,1993,12,11,5,0,0,0,1,0,1,0
10294,1995,8,8,2,1,0,0,0,0,3,0
10294,1996,11,9,2,1,0,0,1,0,1,1
10294,1997,12,11,0,0,0,0,1,0,4,0
10294,1998,4,4,1,1,0,0,0,0,1,0
10294,1999,3,3,1,0,0,1,0,0,0,0
10294,2000,3,2,1,0,0,0,1,0,0,0
10294,2001,8,8,2,0,0,0,0,0,1,0
10294,2002,6,6,0,0,0,0,0,0,1,0
10308,1995,1,1,1,0,0,0,0,0,0,0
10313,1996,6,6,1,0,0,0,0,0,1,0
10313,1997,7,6,3,2,0,0,0,1,1,0
10313,1998,11,10,5,1,0,0,1,0,3,0
10313,1999,3,2,1,1,0,0,1,0,1,0
10313,2000,3,2,0,0,0,0,1,0,1,0
10313,2001,7,6,2,0,0,0,1,0,2,0
10313,2002,3,2,0,0,0,0,0,0,1,0
10313,2003,2,2,0,0,0,0,0,0,0,0
10313,2004,3,3,0,0,0,0,0,0,1,0
10313,2005,3,1,0,0,0,0,2,0,0,0
10330,1991,1,1,1,1,0,0,0,0,0,0
10330,1992,6,6,1,0,0,0,0,0,1,0
10330,1993,8,7,2,0,0,1,1,0,2,0
10330,1994,1,1,1,0,0,0,0,0,0,0
10330,1995,6,4,1,0,0,0,2,0,0,0
10330,1996,7,7,4,1,0,0,0,0,0,0
10330,1997,3,3,1,0,0,1,0,0,0,0
10330,1999,4,4,0,0,0,0,0,0,1,0
10332,2005,1,0,0,0,0,0,1,0,0,0
10336,2007,1,1,1,1,0,0,0,0,0,0
10340,1999,2,0,0,0,0,0,1,1,0,0
10340,2000,3,3,0,0,0,0,0,0,3,0
10349,1989,3,2,1,0,0,0,1,0,0,0
10388,1992,3,3,1,0,0,0,0,0,1,0
10388,1993,4,3,2,0,0,1,0,1,1,0
10388,1995,4,4,3,0,0,0,0,0,1,0
10388,1996,2,2,0,0,0,0,0,0,0,0
10388,1997,1,1,0,0,0,0,0,0,0,0
10399,1989,3,3,2,0,0,0,0,0,0,0
10399,1990,3,3,1,0,0,0,0,0,1,0
10399,1991,4,3,0,0,0,0,1,0,0,0
10409,1994,1,1,1,0,0,0,0,0,0,0
10409,1995,3,1,0,0,0,0,2,0,0,0
10409,1998,2,1,1,0,0,0,1,0,0,0
10409,1999,1,0,0,0,0,0,0,1,0,0
10409,2000,1,1,0,0,0,0,0,0,1,0
10409,2005,1,1,0,0,0,0,0,0,0,0
10409,2007,1,1,1,0,0,1,0,0,0,0
10411,1990,1,1,0,0,0,0,0,0,0,0
10416,1989,2,2,1,0,0,0,0,0,0,0
10431,1991,2,1,0,0,0,0,1,0,0,0
10450,1992,10,8,0,0,0,0,2,0,3,0
10458,2003,2,2,1,1,0,0,0,0,0,0
10458,2006,3,3,1,0,0,0,0,0,0,0
10461,1998,1,1,1,1,0,0,0,0,0,0
10461,1999,1,0,0,0,0,0,0,0,0,0
10468,1992,3,2,0,0,0,0,1,0,2,0
10468,1993,1,1,0,0,0,0,0,0,1,0
10468,1994,1,1,0,0,0,0,0,0,0,0
10468,1995,2,2,1,0,0,0,0,0,1,0
10468,1998,1,1,0,0,0,0,0,0,1,0
10468,1999,1,1,0,0,0,0,0,0,1,0
10486,2005,1,1,0,0,0,0,0,0,0,0
10498,2006,1,1,1,0,0,0,0,0,0,0
10507,1993,1,1,0,0,0,0,0,0,0,0
10507,1994,3,3,1,0,0,0,0,0,1,0
10507,1995,3,2,1,0,0,1,1,0,0,0
10507,1996,2,2,2,0,0,0,0,0,0,0
10507,1997,1,1,0,0,0,0,0,0,0,0
10507,1998,2,2,1,0,0,0,0,0,0,0
10507,1999,2,1,0,0,0,0,1,0,1,0
10507,2000,1,1,0,0,0,0,0,0,1,0
10516,2001,10,9,1,0,0,0,0,1,0,0
10516,2002,12,12,3,1,0,1,0,0,4,0
10516,2003,7,6,2,0,0,1,1,0,1,0
10516,2004,11,11,1,0,0,1,0,0,3,0
10516,2005,8,8,3,0,0,1,0,0,2,0
10516,2006,9,7,2,1,0,0,1,1,1,0
10516,2007,5,3,0,0,0,0,1,0,0,0
10533,1993,2,2,0,0,0,0,0,0,0,0
10543,1991,1,1,0,0,0,0,0,0,1,0
10546,2003,1,1,1,1,0,0,0,0,0,0
10549,2007,1,1,0,0,0,0,0,0,1,0
10572,2003,1,0,0,0,0,0,1,0,0,0
10572,2004,1,0,0,0,0,0,1,0,0,0
10572,2006,1,0,0,0,0,0,1,0,0,0
10572,2007,3,1,1,0,0,0,0,0,0,1
10573,1988,3,3,0,0,0,0,0,0,0,0
10573,1989,3,3,0,0,0,0,0,0,0,0
10573,1990,6,5,2,1,0,0,1,0,1,0
10576,1998,1,1,0,0,0,0,0,0,0,0
10576,1999,1,1,0,0,0,0,0,0,0,0
10576,2001,1,1,0,0,0,0,0,0,0,0
10576,2002,1,0,0,0,0,0,1,0,0,0
10595,2002,2,2,1,1,0,0,0,0,0,0
10595,2003,1,1,1,0,0,0,0,0,0,0
10595,2006,3,3,0,0,0,0,0,0,1,0
10597,1997,2,0,0,0,0,0,2,0,0,0
10597,1998,3,3,1,0,0,0,0,0,0,0
10597,1999,1,1,1,0,0,0,0,0,0,0
10601,1998,1,1,0,0,0,0,0,0,0,0
10601,2000,1,1,0,0,0,0,0,0,1,0
10610,1991,2,2,0,0,0,0,0,0,0,0
10611,2002,7,6,4,3,0,0,0,1,0,0
10611,2003,8,6,2,0,0,1,1,1,2,0
10611,2004,1,1,1,1,0,0,0,0,0,0
10636,2000,3,3,0,0,0,0,0,0,0,0
10637,2005,1,1,0,0,0,0,0,0,1,0
10637,2006,1,1,0,0,0,0,0,0,0,0
10640,1990,2,2,0,0,0,0,0,0,0,0
10677,1991,1,1,0,0,0,0,0,0,0,0
10677,1992,2,1,0,0,0,0,1,0,0,0
10677,1994,3,2,0,0,0,0,1,0,0,0
10677,1995,4,2,1,0,0,0,2,0,0,0
10677,1999,3,3,0,0,0,0,0,0,1,0
10677,2000,2,2,0,0,0,0,0,0,0,0
10682,1995,1,0,0,0,0,0,1,0,0,0
10682,1998,4,4,0,0,0,0,0,0,0,0
10687,2001,1,1,0,0,0,0,0,0,0,0
10689,1989,10,5,3,0,0,0,3,0,0,1
10689,1990,6,4,0,0,0,0,0,1,1,1
10689,1991,4,4,2,1,0,0,0,0,1,0
10689,1993,2,2,2,1,0,0,0,0,0,0
10689,1994,10,8,4,2,0,0,2,0,0,0
10689,1995,6,4,0,0,0,0,2,0,1,0
10689,1996,12,10,3,1,0,0,2,0,0,0
10689,1997,6,6,2,1,0,0,0,0,1,0
10692,1989,7,6,2,0,0,0,1,0,0,0
10692,1990,3,3,1,0,0,0,0,0,0,0
10692,1991,10,9,4,0,0,0,0,0,0,1
10692,1993,2,1,0,0,0,0,1,0,1,0
10703,2000,3,3,0,0,0,0,0,0,1,0
10715,1991,3,2,0,0,0,0,1,0,0,0
10720,1999,7,7,3,1,0,0,0,0,1,0
10720,2002,1,1,0,0,0,0,0,0,0,0
10733,2007,1,0,0,0,0,0,0,1,0,0
10746,1990,4,4,1,0,0,0,0,0,1,0
10746,1991,1,1,0,0,0,0,0,0,1,0
10746,1992,3,2,0,0,0,0,1,0,0,0
10746,1993,1,1,0,0,0,0,0,0,0,0
10746,1996,1,1,0,0,0,0,0,0,1,0
10746,1997,1,1,1,1,0,0,0,0,0,0
10759,1988,2,2,0,0,0,0,0,0,1,0
10759,1989,2,2,1,0,0,0,0,0,0,0
10759,1992,4,3,0,0,0,0,1,0,1,0
10759,1994,6,5,2,1,0,0,1,0,0,0
10759,1997,6,6,1,0,0,0,0,0,0,0
10759,1998,3,3,2,0,0,1,0,0,0,0
10775,1994,1,1,1,0,0,0,0,0,0,0
10779,1989,7,7,3,0,0,0,0,0,0,0
10779,1990,10,10,3,1,0,0,0,0,1,0
10779,1991,9,8,1,1,0,0,1,0,0,0
10779,1992,8,8,0,0,0,0,0,0,0,0
10779,1993,3,3,0,0,0,0,0,0,0,0
10779,1994,10,8,3,2,1,0,2,0,1,0
10779,1996,6,6,4,2,1,1,0,0,0,0
10782,1989,2,2,0,0,0,0,0,0,1,0
10782,1990,10,10,6,1,0,0,0,0,1,0
10782,1991,14,12,2,0,0,1,2,0,2,0
10782,1992,19,16,3,0,0,0,2,1,5,0
10782,1993,11,9,1,0,0,1,1,0,1,1
10782,1994,3,3,1,1,0,0,0,0,1,0
10782,1995,12,11,1,0,0,0,1,0,6,0
10782,1996,14,14,4,1,0,0,0,0,1,0
10782,1997,11,11,3,0,0,0,0,0,3,0
10782,1998,10,7,2,0,0,0,3,0,3,0
10782,1999,4,4,2,0,0,0,0,0,1,0
10782,2002,1,1,1,0,0,0,0,0,0,0
10782,2003,1,1,0,0,0,0,0,0,0,0
10782,2004,1,1,0,0,0,0,0,0,1,0
10782,2005,2,2,1,0,0,0,0,0,0,0
10785,2002,1,1,1,0,0,0,0,0,0,0
10793,2005,8,8,1,0,0,0,0,0,2,0
10793,2006,9,8,3,1,0,0,0,0,1,1
10793,2007,10,9,0,0,0,0,0,0,6,0
10809,1998,1,1,1,0,0,0,0,0,0,0
10809,1999,3,3,0,0,0,0,0,0,0,0
10820,1997,2,1,0,0,0,0,1,0,0,0
10820,1998,5,5,1,0,0,0,0,0,0,0
10842,1988,1,1,1,1,0,0,0,0,0,0
10856,2005,3,3,1,0,0,0,0,0,1,0
10856,2006,3,3,2,0,0,1,0,0,0,0
10856,2007,1,1,0,0,0,0,0,0,0,0
10881,2004,1,1,0,0,0,0,0,0,0,0
10890,2001,2,2,2,1,0,0,0,0,0,0
10890,2002,2,2,0,0,0,0,0,0,1,0
10890,2003,3,3,1,0,0,0,0,0,0,0
10900,2000,3,1,0,0,0,0,1,1,0,0
10917,2002,2,2,0,0,0,0,0,0,1,0
10920,1993,1,1,0,0,0,0,0,0,0,0
10920,1994,1,1,0,0,0,0,0,0,0,0
10920,1997,2,1,0,0,0,0,1,0,1,0
10920,1998,1,1,0,0,0,0,0,0,0,0
10920,1999,2,2,0,0,0,0,0,0,0,0
10921,1999,8,8,2,0,0,0,0,0,0,0
10926,1995,1,1,0,0,0,0,0,0,0,0
10926,1996,5,5,2,0,0,1,0,0,1,0
10926,1999,1,0,0,0,0,0,0,0,0,1
10926,2000,1,1,0,0,0,0,0,0,0,0
10926,2003,4,3,1,1,0,0,1,0,0,0
10926,2007,5,5,2,0,0,0,0,0,1,0
10932,2006,1,1,0,0,0,0,0,0,0,0
10932,2007,1,1,1,0,1,0,0,0,0,0
10956,2005,1,1,1,0,0,0,0,0,0,0
10963,1989,1,1,0,0,0,0,0,0,0,0
10963,1991,6,6,2,0,0,0,0,0,2,0
10963,1992,4,3,0,0,0,0,1,0,0,0
10963,1993,4,4,0,0,0,0,0,0,1,0
10963,2003,1,1,0,0,0,0,0,0,0,0
10963,2004,2,1,0,0,0,0,0,0,0,0
10963,2006,2,2,1,1,0,0,0,0,0,0
10967,1997,6,5,3,1,0,0,0,1,0,0
10967,1998,2,2,2,1,0,1,0,0,0,0
10973,2003,1,1,1,0,0,0,0,0,0,0
10986,1988,1,1,0,0,0,0,0,0,0,0
10986,1991,1,1,0,0,0,0,0,0,0,0
10986,1992,1,1,1,0,0,0,0,0,0,0
10989,2001,5,3,2,0,0,0,2,0,1,0
10989,2002,4,2,0,0,0,0,2,0,0,0
10999,2000,3,3,1,0,0,1,0,0,0,0
10999,2001,1,1,0,0,0,0,0,0,0,0
11012,1997,8,7,1,0,0,0,0,1,2,0
11012,1999,5,5,2,0,0,0,0,0,1,0
11012,2000,6,6,2,0,0,0,0,0,0,0
11012,2002,5,4,1,0,0,0,1,0,1,0
11012,2003,4,3,0,0,0,0,1,0,0,0
11030,1997,1,0,0,0,0,0,1,0,0,0
11030,1998,3,3,2,0,0,2,0,0,0,0
11047,2001,1,0,0,0,0,0,0,0,0,1
11047,2003,1,1,0,0,0,0,0,0,1,0
11079,2005,1,1,0,0,0,0,0,0,0,0
11090,1996,17,16,2,0,0,0,1,0,4,0
11090,1997,11,11,4,0,0,0,0,0,0,0
11090,1998,8,8,1,0,0,0,0,0,3,0
11090,1999,4,4,2,1,0,0,0,0,1,0
11090,2002,1,1,0,0,0,0,0,0,0,0
11119,1999,1,1,0,0,0,0,0,0,0,0
11119,2003,2,2,0,0,0,0,0,0,0,0
11137,1997,1,0,0,0,0,0,1,0,0,0
11137,2000,3,0,0,0,0,0,2,1,0,0
11167,1997,4,4,1,1,0,0,0,0,0,0
11167,1998,3,3,0,0,0,0,0,0,0,0
11167,1999,4,4,1,0,0,0,0,0,1,0
11167,2000,3,2,0,0,0,0,1,0,0,0
11167,2001,6,5,1,1,0,0,1,0,1,0
11167,2002,3,3,1,1,0,0,0,0,1,0
11167,2003,1,0,0,0,0,0,1,0,0,0
11172,1999,4,4,1,1,0,0,0,0,0,0
11172,2000,2,0,0,0,0,0,1,0,0,1
11172,2003,12,9,1,1,0,0,2,1,1,0
11172,2004,17,13,3,0,0,0,3,0,2,0
11172,2006,1,1,0,0,0,0,0,0,0,0
11172,2007,4,4,2,1,0,0,0,0,1,0
11178,1989,6,6,2,0,0,0,0,0,0,0
11178,1990,2,2,0,0,0,0,0,0,2,0
11178,1994,3,3,2,0,0,0,0,0,0,0
11185,1988,2,2,0,0,0,0,0,0,0,0
11192,2000,4,4,0,0,0,0,0,0,2,0
11192,2001,3,2,1,0,0,0,1,0,0,0
11215,1992,6,6,2,0,0,0,0,0,0,0
11215,1993,4,4,1,0,0,0,0,0,0,0
11215,1994,6,6,2,0,0,0,0,0,0,0
11217,1992,15,13,4,1,0,0,2,0,2,0
11217,1997,1,1,0,0,0,0,0,0,0,0
11217,1999,1,1,0,0,0,0,0,0,1,0
11217,2000,1,1,0,0,0,0,0,0,0,0
11217,2001,1,1,0,0,0,0,0,0,0,0
11230,1994,1,0,0,0,0,0,1,0,0,0
11230,1998,1,1,0,0,0,0,0,0,1,0
11247,1998,1,1,1,1,0,0,0,0,0,0
11249,1993,6,5,2,1,0,1,0,1,0,0
11256,1989,2,2,0,0,0,0,0,0,0,0
11256,1998,6,5,2,0,0,0,1,0,1,0
11256,1999,7,5,1,1,0,0,2,0,1,0
11256,2001,12,11,3,1,0,0,0,0,3,1
11276,1997,4,2,0,0,0,0,2,0,1,0
11285,1997,3,3,1,0,0,0,0,0,1,0
11285,1998,2,2,1,1,0,0,0,0,0,0
11285,1999,1,1,0,0,0,0,0,0,0,0
11285,2000,1,1,0,0,0,0,0,0,0,0
11285,2001,10,10,4,0,0,1,0,0,2,0
11285,2002,3,2,0,0,0,0,0,0,0,0
11285,2003,3,3,1,0,0,0,0,0,0,0
11285,2004,4,3,2,1,0,0,1,0,0,0
11285,2005,4,4,0,0,0,0,0,0,0,0
11295,2001,1,1,0,0,0,0,0,0,1,0
11311,1993,1,1,0,0,0,0,0,0,1,0
11336,2003,1,1,0,0,0,0,0,0,0,0
11337,2006,3,1,0,0,0,0,2,0,1,0
11337,2007,6,5,2,0,0,0,1,0,0,0
11339,1988,2,1,0,0,0,0,1,0,1,0
11340,1996,3,2,0,0,0,0,1,0,0,0
11340,1998,7,7,1,0,0,1,0,0,1,0
11340,1999,1,0,0,0,0,0,1,0,0,0
11340,2000,1,1,0,0,0,0,0,0,1,0
11340,2001,3,3,0,0,0,0,0,0,1,0
11340,2004,2,2,1,1,0,0,0,0,1,0
11341,1997,4,4,1,1,0,0,0,0,0,0
11341,1998,3,3,1,0,0,0,0,0,1,0
11341,1999,2,2,1,0,0,0,0,0,1,0
11341,2002,3,1,1,0,0,0,1,1,0,0
11342,1993,2,2,1,1,0,0,0,0,0,0
11342,1994,2,1,0,0,0,0,1,0,0,0
11342,1995,1,1,0,0,0,0,0,0,0,0
11363,1989,3,3,1,1,0,0,0,0,0,0
11363,1990,1,1,0,0,0,0,0,0,0,0
11363,1991,1,1,1,0,0,0,0,0,0,0
11364,1989,3,3,1,0,0,1,0,0,0,0
11371,1991,5,5,1,1,0,0,0,0,1,0
11371,1992,6,5,1,0,0,0,1,0,1,0
11371,1993,8,6,2,1,0,0,0,1,0,1
11371,1994,4,4,2,0,0,0,0,0,1,0
11371,1996,6,5,2,0,0,0,0,0,0,0
11371,1997,3,3,2,0,0,0,0,0,1,0
11371,1998,2,2,2,0,0,0,0,0,0,0
11399,2005,2,2,0,0,0,0,0,0,0,0
11399,2006,1,1,0,0,0,0,0,0,1,0
11399,2007,1,1,0,0,0,0,0,0,0,0
11424,1999,4,4,0,0,0,0,0,0,1,0
11426,1997,3,3,1,0,0,0,0,0,1,0
11426,1998,7,7,3,2,0,0,0,0,1,0
11426,2002,4,4,0,0,0,0,0,0,2,0
11426,2003,4,4,3,0,0,0,0,0,0,0
11426,2004,7,6,1,0,0,0,0,1,0,0
11426,2005,7,7,2,1,0,0,0,0,0,0
11426,2006,3,3,1,1,0,0,0,0,0,0
11435,1995,3,3,1,1,0,0,0,0,0,0
11435,1996,5,3,1,0,0,0,1,1,0,0
11435,1998,3,2,1,0,0,0,1,0,0,0
11435,2000,2,2,0,0,0,0,0,0,0,0
11473,1990,4,4,1,0,0,0,0,0,0,0
11489,2001,3,3,2,0,0,0,0,0,0,0
11489,2002,5,5,2,1,0,0,0,0,1,0
11489,2003,1,1,1,0,0,0,0,0,0,0
11511,1989,1,1,1,0,0,1,0,0,0,0
11522,1997,3,3,0,0,0,0,0,0,1,0
11522,1998,6,5,1,1,0,0,1,0,1,0
11522,1999,4,4,2,0,0,0,0,0,0,0
11522,2002,4,4,0,0,0,0,0,0,1,0
11522,2003,13,12,4,1,0,0,1,0,3,0
11522,2004,7,5,0,0,0,0,2,0,1,0
11522,2005,3,2,1,0,0,1,1,0,0,0
11522,2006,3,3,0,0,0,0,0,0,0,0
11526,1990,6,4,0,0,0,0,2,0,0,0
11526,1991,6,5,2,0,0,0,1,0,0,0
11526,1992,10,9,4,0,0,0,1,0,0,0
11526,1993,11,11,2,1,0,0,0,0,0,0
11526,1994,1,1,0,0,0,0,0,0,0,0
11558,1993,2,1,1,0,0,0,0,1,0,0
11558,1994,1,1,0,0,0,0,0,0,0,0
11558,2003,11,10,2,1,0,0,0,1,3,0
11558,2004,6,6,0,0,0,0,0,0,4,0
11558,2005,3,1,0,0,0,0,1,0,0,1
11558,2006,3,3,1,1,0,0,0,0,0,0
11558,2007,2,2,2,0,0,1,0,0,0,0
11568,2005,4,4,1,1,0,0,0,0,0,0
11570,2007,1,0,0,0,0,0,0,0,0,1
11577,1994,8,7,1,0,1,0,1,0,1,0
11577,1995,6,6,2,0,0,1,0,0,1,0
11577,1996,15,13,3,0,0,0,2,0,1,0
11577,1997,5,4,3,1,1,1,1,0,0,0
11577,1998,3,3,1,1,0,0,0,0,1,0
11577,1999,6,6,1,0,0,1,0,0,2,0
11577,2001,6,6,3,1,0,0,0,0,0,0
11577,2003,3,2,0,0,0,0,1,0,1,0
11577,2004,7,7,2,0,0,1,0,0,1,0
11577,2007,3,2,1,0,0,0,0,0,0,0
11603,1993,2,2,0,0,0,0,0,0,0,0
11606,1998,1,0,0,0,0,0,0,1,0,0
11606,1999,2,2,1,0,0,0,0,0,0,0
11617,2003,3,2,0,0,0,0,0,1,0,0
11628,2002,1,1,1,0,0,1,0,0,0,0
11628,2003,1,1,0,0,0,0,0,0,0,0
11628,2004,3,3,0,0,0,0,0,0,0,0
11629,1989,1,1,0,0,0,0,0,0,0,0
11629,1990,3,3,0,0,0,0,0,0,0,0
11642,2005,2,2,0,0,0,0,0,0,1,0
11642,2006,2,2,0,0,0,0,0,0,0,0
11642,2007,3,3,0,0,0,0,0,0,1,0
11647,1993,3,3,2,0,0,1,0,0,0,0
11683,1993,1,1,1,1,0,0,0,0,0,0
11683,1995,2,2,2,0,0,1,0,0,0,0
11684,1996,3,3,1,0,0,1,0,0,0,0
11684,1997,1,1,0,0,0,0,0,0,1,0
11684,1998,2,2,1,1,0,0,0,0,0,0
11684,1999,4,3,1,0,0,0,1,0,2,0
11684,2001,1,1,0,0,0,0,0,0,1,0
11684,2005,2,2,0,0,0,0,0,0,1,0
11704,1995,1,0,0,0,0,0,1,0,0,0
11710,1994,2,2,1,0,0,0,0,0,0,0
11710,1996,13,12,3,2,0,0,0,0,1,0
11710,1997,6,6,2,1,0,1,0,0,1,0
11710,1998,3,2,1,0,0,0,0,0,0,1
11710,1999,4,4,1,0,0,0,0,0,0,0
11710,2000,3,2,0,0,0,0,1,0,0,0
11710,2002,3,3,2,0,0,1,0,0,0,0
11710,2003,3,2,1,0,0,1,0,1,0,0
11710,2004,3,3,0,0,0,0,0,0,0,0
11710,2005,1,1,1,0,0,0,0,0,0,0
11717,1995,6,3,2,1,0,0,1,1,0,0
11717,1996,2,2,0,0,0,0,0,0,0,0
11717,1997,6,4,1,0,0,0,2,0,0,0
11717,1998,8,7,3,0,0,0,1,0,1,0
11717,2001,1,1,0,0,0,0,0,0,0,0
11724,1992,3,2,1,0,0,0,1,0,0,0
11724,1995,2,2,0,0,0,0,0,0,1,0
11732,1989,10,9,5,2,0,0,0,0,0,1
11732,1990,11,8,2,0,0,0,2,0,3,0
11732,1995,3,3,1,0,0,1,0,0,0,0
11732,1996,5,4,1,0,0,0,0,0,1,1
11732,1997,9,7,3,0,0,0,2,0,1,0
11739,2004,1,1,1,0,0,0,0,0,0,0
11739,2005,1,1,0,0,0,0,0,0,0,0
11746,2005,3,2,0,0,0,0,0,1,0,0
11746,2007,2,2,1,1,0,0,0,0,1,0
11749,2004,5,5,2,0,0,0,0,0,0,0
11761,1994,6,6,0,0,0,0,0,0,0,0
11761,1995,8,8,3,1,0,1,0,0,0,0
11761,1996,11,10,3,0,0,1,1,0,0,0
11763,1998,5,5,1,1,0,0,0,0,1,0
11763,2001,7,6,0,0,0,0,1,0,2,0
11763,2002,2,2,0,0,0,0,0,0,0,0
11763,2003,2,2,2,0,1,0,0,0,0,0
11763,2004,4,3,1,1,0,0,0,0,0,0
11768,2003,3,2,0,0,0,0,1,0,0,0
11768,2004,2,2,0,0,0,0,0,0,0,0
11768,2005,4,4,1,0,0,0,0,0,0,0
11768,2006,2,2,0,0,0,0,0,0,1,0
11768,2007,10,9,2,0,0,1,1,0,2,0
11773,2005,3,3,1,0,0,1,0,0,0,0
11801,1998,6,6,3,2,1,0,0,0,0,0
11801,1999,4,3,0,0,0,0,0,0,2,0
11801,2000,4,4,0,0,0,0,0,0,0,0
11801,2001,4,4,2,0,0,0,0,0,1,0
11801,2002,4,4,0,0,0,0,0,0,1,0
11801,2003,3,2,0,0,0,0,1,0,0,0
11801,2005,6,6,1,0,0,0,0,0,2,0
11801,2006,4,4,2,0,0,0,0,0,1,0
11830,1997,1,1,0,0,0,0,0,0,0,0
11837,1996,3,3,2,1,0,0,0,0,1,0
11837,1997,3,2,2,0,0,0,0,1,0,0
11837,1998,4,4,2,0,0,0,0,0,1,0
11837,1999,2,2,1,1,0,0,0,0,1,0
11837,2000,2,2,0,0,0,0,0,0,2,0
11837,2001,3,2,0,0,0,0,1,0,1,0
11837,2002,5,5,1,0,0,1,0,0,2,0
11837,2003,3,3,1,0,0,0,0,0,0,0
11838,1995,2,1,0,0,0,0,1,0,0,0
11861,2002,2,1,0,0,0,0,1,0,1,0
11861,2003,1,1,0,0,0,0,0,0,1,0
11861,2004,1,0,0,0,0,0,1,0,0,0
11863,2007,4,4,0,0,0,0,0,0,3,0
11873,2003,3,2,1,0,0,0,0,1,0,0
11873,2006,1,1,1,0,0,0,0,0,0,0
11873,2007,2,2,0,0,0,0,0,0,0,0
11875,1996,1,1,0,0,0,0,0,0,0,0
11875,1997,1,1,0,0,0,0,0,0,1,0
11875,1999,7,6,0,0,0,0,1,0,1,0
11875,2000,5,5,2,0,0,0,0,0,0,0
11875,2001,3,3,1,0,0,0,0,0,2,0
11875,2002,4,3,1,0,0,0,0,1,1,0
11884,1990,12,11,1,0,0,0,1,0,3,0
11884,1991,4,4,1,0,0,0,0,0,0,0
11884,1995,2,2,2,0,0,0,0,0,0,0
11895,2002,3,3,0,0,0,0,0,0,0,0
11895,2003,4,3,1,0,0,1,0,0,2,1
11895,2004,2,2,0,0,0,0,0,0,1,0
11899,2004,6,4,1,0,0,1,2,0,0,0
11899,2005,2,2,0,0,0,0,0,0,1,0
11899,2006,6,5,2,1,0,0,1,0,2,0
11908,1990,1,1,0,0,0,0,0,0,1,0
11925,1996,1,1,0,0,0,0,0,0,1,0
11929,2005,1,1,1,0,0,1,0,0,0,0
11929,2006,2,2,2,1,0,0,0,0,0,0
11929,2007,1,1,0,0,0,0,0,0,1,0
11936,1993,5,3,0,0,0,0,1,0,1,0
11936,1994,6,3,2,0,0,0,3,0,0,0
11936,1995,6,6,3,1,0,0,0,0,1,0
11937,2003,2,2,0,0,0,0,0,0,0,0
11937,2004,4,4,3,0,0,0,0,0,1,0
11937,2005,2,2,0,0,0,0,0,0,0,0
11942,2006,2,2,1,0,0,0,0,0,1,0
11942,2007,10,9,2,0,0,0,1,0,0,0
11943,1996,3,3,1,0,0,0,0,0,0,0
11943,2000,1,1,0,0,0,0,0,0,0,0
11949,1993,2,2,1,1,0,0,0,0,1,0
11960,1989,6,4,0,0,0,0,1,1,1,0
11960,1990,3,3,1,1,0,0,0,0,1,0
11960,1991,2,2,1,0,0,0,0,0,0,0
11960,1992,5,5,2,0,0,0,0,0,1,0
11960,1993,11,10,3,1,0,0,1,0,2,0
11970,2000,3,3,2,0,0,0,0,0,0,0
11970,2004,1,1,0,0,0,0,0,0,0,0
11973,1995,5,4,3,1,0,0,0,0,0,1
11976,2005,1,1,0,0,0,0,0,0,0,0
11981,2005,1,1,0,0,0,0,0,0,0,0
11981,2006,1,1,1,0,0,0,0,0,0,0
11987,1998,4,4,2,0,0,1,0,0,0,0
11987,1999,2,2,1,0,0,0,0,0,0,0
11987,2000,2,2,0,0,0,0,0,0,1,0
11987,2001,1,1,1,0,0,0,0,0,0,0
11988,1996,1,0,0,0,0,0,1,0,0,0
12009,1993,1,1,0,0,0,0,0,0,0,0
12015,1988,1,1,0,0,0,0,0,0,0,0
12028,1999,2,1,1,0,0,0,0,0,0,1
12053,2004,4,4,2,1,0,1,0,0,0,0
12053,2005,1,1,1,0,0,1,0,0,0,0
12080,1993,2,2,1,0,0,0,0,0,0,0
12080,1994,12,8,1,1,0,0,4,0,1,0
12080,1995,6,5,2,0,0,0,1,0,0,0
12080,1996,8,6,2,0,0,2,1,1,1,0
12087,1993,3,1,0,0,0,0,2,0,1,0
12087,1994,1,1,0,0,0,0,0,0,0,0
12088,2003,1,1,1,0,0,0,0,0,0,0
12088,2004,3,3,2,1,0,1,0,0,0,0
12089,1994,5,4,2,0,0,0,1,0,0,0
12089,1995,2,2,0,0,0,0,0,0,1,0
12089,1996,4,4,2,0,0,0,0,0,0,0
12089,1998,7,7,2,1,0,0,0,0,2,0
12089,1999,4,3,0,0,0,0,1,0,3,0
12089,2000,3,2,0,0,0,0,0,0,0,0
12089,2001,4,2,0,0,0,0,2,0,0,0
12089,2002,2,2,1,0,0,1,0,0,0,0
12089,2005,3,3,0,0,0,0,0,0,1,0
12089,2006,3,2,0,0,0,0,0,0,0,0
12089,2007,2,2,1,1,0,0,0,0,1,0
12094,2003,4,4,2,1,0,0,0,0,1,0
12094,2004,8,6,1,0,0,0,1,0,1,0
12094,2005,4,4,2,0,0,0,0,0,0,0
12094,2006,3,3,1,0,0,0,0,0,0,0
12099,2003,6,6,0,0,0,0,0,0,2,0
12099,2004,8,7,1,0,0,1,0,1,3,0
12099,2006,4,4,0,0,0,0,0,0,0,0
12099,2007,7,7,0,0,0,0,0,0,4,0
12107,2005,2,2,1,1,0,0,0,0,0,0
12135,1998,3,2,0,0,0,0,1,0,0,0
12141,1999,2,2,0,0,0,0,0,0,1,0
12143,1995,3,3,0,0,0,0,0,0,0,0
12143,2003,4,3,2,1,0,0,0,1,0,0
12143,2004,3,3,0,0,0,0,0,0,0,0
12143,2007,3,3,2,0,0,1,0,0,0,0
12146,2000,3,3,2,1,0,0,0,0,0,0
12146,2002,9,7,2,2,0,0,1,0,4,0
12146,2003,7,6,1,1,0,0,0,1,1,0
12146,2004,7,7,2,0,0,0,0,0,3,0
12146,2005,13,11,3,1,0,0,2,0,0,0
12146,2007,10,10,2,1,0,0,0,0,3,0
12149,2003,1,1,0,0,0,0,0,0,0,0
12149,2005,2,1,1,1,0,0,1,0,0,0
12149,2006,2,2,0,0,0,0,0,0,0,0
12149,2007,2,2,0,0,0,0,0,0,1,0
12156,1995,4,3,1,0,0,0,1,0,2,0
12156,1996,3,3,1,0,0,1,0,0,0,0
12156,1997,6,4,0,0,0,0,1,1,1,0
12156,1998,4,4,3,0,0,0,0,0,0,0
12156,1999,4,2,1,0,0,0,2,0,0,0
12156,2001,2,2,1,0,0,1,0,0,0,0
12156,2003,1,1,0,0,0,0,0,0,1,0
12156,2004,1,1,0,0,0,0,0,0,1,0
12157,1998,3,3,2,0,0,1,0,0,1,0
12171,1993,2,1,1,0,0,1,1,0,0,0
12171,1994,6,6,0,0,0,0,0,0,1,0
12171,1995,1,1,0,0,0,0,0,0,0,0
12171,1996,3,2,1,0,0,0,1,0,0,0
12172,2001,3,2,1,1,0,0,0,1,1,0
12179,1989,6,6,3,0,0,2,0,0,3,0
12179,1990,3,2,2,0,0,0,1,0,0,0
12179,1992,2,1,0,0,0,0,1,0,0,0
12179,1993,3,2,0,0,0,0,1,0,1,0
12179,1994,1,1,0,0,0,0,0,0,0,0
12182,2003,1,1,0,0,0,0,0,0,1,0
12182,2004,1,1,0,0,0,0,0,0,1,0
12192,2000,1,1,0,0,0,0,0,0,0,0
12206,1988,5,5,0,0,0,0,0,0,2,0
12206,1989,6,6,0,0,0,0,0,0,0,0
12206,1990,10,9,2,0,0,0,1,0,2,0
12216,1994,3,3,1,1,0,0,0,0,0,0
12216,1995,2,2,1,1,0,0,0,0,0,0
12216,1997,1,0,0,0,0,0,0,1,0,0
12216,1999,1,1,0,0,0,0,0,0,0,0
12216,2002,2,2,0,0,0,0,0,0,0,0
12216,2004,2,2,1,1,0,0,0,0,0,0
12225,1998,1,1,1,0,0,0,0,0,0,0
12225,2000,1,0,0,0,0,0,1,0,0,0
12232,1994,7,7,4,0,1,0,0,0,0,0
12232,1995,2,1,0,0,0,0,0,0,0,0
12232,2001,2,2,0,0,0,0,0,0,0,0
12232,2002,2,2,0,0,0,0,0,0,2,0
12232,2005,4,4,1,0,0,0,0,0,2,0
12232,2006,1,1,0,0,0,0,0,0,0,0
12241,1989,1,1,1,0,0,0,0,0,0,0
12241,1990,4,4,2,0,0,0,0,0,0,0
12241,1991,5,4,3,1,0,0,1,0,0,0
12241,1993,7,7,1,1,0,0,0,0,2,0
12242,1998,2,1,0,0,0,0,0,1,1,0
12242,1999,3,3,0,0,0,0,0,0,0,0
12242,2000,2,1,0,0,0,0,1,0,0,0
12242,2006,1,1,0,0,0,0,0,0,0,0
12246,1993,1,1,0,0,0,0,0,0,0,0
12278,1989,1,0,0,0,0,0,1,0,0,0
12280,1996,2,2,1,0,0,0,0,0,1,0
12280,1997,1,0,0,0,0,0,1,0,0,0
12280,1998,1,1,0,0,0,0,0,0,1,0
12280,1999,3,3,1,0,0,0,0,0,1,0
12280,2000,2,1,0,0,0,0,1,0,0,0
12280,2001,3,3,0,0,0,0,0,0,2,0
12288,1995,6,6,1,0,0,0,0,0,5,0
12288,2000,1,1,0,0,0,0,0,0,0,0
12302,2001,3,3,0,0,0,0,0,0,1,0
12302,2002,3,1,0,0,0,0,1,1,0,0
12302,2004,3,3,1,0,0,0,0,0,0,0
12302,2005,3,3,0,0,0,0,0,0,1,0
12303,2004,7,6,1,0,0,0,0,1,0,0
12303,2005,8,6,1,1,0,0,1,1,1,0
12303,2006,7,7,0,0,0,0,0,0,0,0
12303,2007,3,3,1,0,0,0,0,0,2,0
12320,2000,1,1,1,0,0,0,0,0,0,0
12321,2003,4,4,1,0,0,0,0,0,0,0
12321,2004,3,3,2,2,0,0,0,0,0,0
12321,2005,8,8,1,0,0,1,0,0,1,0
12332,1989,1,1,0,0,0,0,0,0,0,0
12332,1990,2,1,0,0,0,0,1,0,0,0
12332,1991,4,1,1,0,0,0,3,0,0,0
12332,1992,5,4,0,0,0,0,1,0,1,0
12332,1993,1,0,0,0,0,0,1,0,0,0
12335,1993,4,4,0,0,0,0,0,0,0,0
12335,1994,3,2,0,0,0,0,1,0,2,0
12335,1995,1,1,0,0,0,0,0,0,0,0
12335,1996,5,4,2,0,1,0,1,0,0,0
12335,1997,1,1,1,0,0,0,0,0,0,0
12335,1998,3,3,1,0,0,0,0,0,1,0
12335,1999,4,4,1,0,0,0,0,0,2,0
12335,2001,2,1,0,0,0,0,1,0,0,0
12335,2002,3,3,0,0,0,0,0,0,2,0
12335,2003,5,5,0,0,0,0,0,0,0,0
12336,2000,1,0,0,0,0,0,1,0,0,0
12351,1999,4,4,0,0,0,0,0,0,2,0
12351,2000,7,7,2,0,0,0,0,0,3,0
12351,2002,5,5,1,0,0,0,0,0,3,0
12351,2003,2,2,0,0,0,0,0,0,0,0
12351,2006,2,2,0,0,0,0,0,0,1,0
12353,2005,1,0,0,0,0,0,1,0,0,0
12358,1999,4,3,1,1,0,0,1,0,1,0
12358,2000,7,5,2,0,0,0,2,0,1,0
12358,2001,15,12,3,1,0,0,2,0,1,1
12358,2002,7,7,1,0,0,0,0,0,1,0
12358,2003,13,12,3,0,0,0,1,0,0,0
12358,2004,10,9,4,3,0,0,1,0,0,0
12358,2005,6,5,3,0,0,1,1,0,1,0
12358,2006,4,4,1,0,0,1,0,0,0,0
12369,2007,1,1,1,1,0,0,0,0,0,0
12385,2001,1,1,0,0,0,0,0,0,0,0
12391,1996,5,4,1,0,0,0,0,1,1,0
12391,2003,7,7,1,1,0,0,0,0,0,0
12391,2004,14,12,2,1,0,0,1,0,2,1
12391,2005,6,5,2,1,0,0,1,0,0,0
12394,1990,2,2,0,0,0,0,0,0,2,0
12394,1992,4,3,2,1,0,0,1,0,0,0
12394,1993,1,1,0,0,0,0,0,0,1,0
12397,1989,1,1,1,0,0,0,0,0,0,0
12397,1990,12,11,3,0,0,0,1,0,2,0
12397,1991,4,3,1,0,0,0,1,0,0,0
12397,1992,7,3,0,0,0,0,4,0,0,0
12397,1993,1,0,0,0,0,0,1,0,0,0
12397,1995,3,3,2,0,0,0,0,0,0,0
12408,1997,2,2,0,0,0,0,0,0,0,0
12408,1998,6,6,2,0,0,0,0,0,2,0
12408,2000,1,1,1,0,0,0,0,0,0,0
12408,2001,2,2,1,0,0,0,0,0,0,0
12433,2004,1,1,0,0,0,0,0,0,0,0
12433,2005,2,1,0,0,0,0,0,1,0,0
12433,2006,2,2,2,2,0,0,0,0,0,0
12433,2007,1,1,0,0,0,0,0,0,0,0
12437,1999,3,2,1,0,0,0,0,1,1,0
12437,2000,2,2,0,0,0,0,0,0,1,0
12437,2001,1,1,0,0,0,0,0,0,1,0
12437,2003,3,2,0,0,0,0,1,0,0,0
12437,2004,2,1,0,0,0,0,0,1,0,0
12437,2005,1,1,0,0,0,0,0,0,0,0
12442,1995,3,2,1,0,0,0,1,0,0,0
12442,1998,1,1,1,0,0,0,0,0,0,0
12450,1991,1,1,0,0,0,0,0,0,0,0
12450,1992,1,1,1,0,0,0,0,0,0,0
12450,1994,2,2,0,0,0,0,0,0,0,0
12450,1995,6,6,1,0,0,0,0,0,2,0
12450,1996,2,2,1,0,0,0,0,0,0,0
12450,1997,4,3,1,1,0,0,1,0,1,0
12450,2000,1,1,0,0,0,0,0,0,0,0
12450,2001,4,4,2,0,0,0,0,0,0,0
12460,1999,4,4,0,0,0,0,0,0,1,0
12460,2000,5,4,1,0,0,0,1,0,0,0
12460,2002,6,6,0,0,0,0,0,0,0,0
12460,2003,4,4,1,1,0,0,0,0,1,0
12460,2004,4,3,2,1,0,0,0,1,1,0
12460,2006,6,5,1,0,0,1,1,0,0,0
12474,1996,2,1,1,0,0,0,1,0,0,0
12474,1998,4,4,2,0,0,1,0,0,2,0
12492,1998,8,7,1,1,0,0,0,1,2,0
12492,2000,3,2,0,0,0,0,1,0,0,0
12492,2001,7,5,2,1,0,0,1,1,1,0
12492,2002,11,10,1,1,0,0,0,1,3,0
12492,2003,7,7,1,0,0,1,0,0,2,0
12492,2004,3,3,1,1,0,0,0,0,0,0
12492,2005,2,2,0,0,0,0,0,0,1,0
12492,2006,3,3,0,0,0,0,0,0,0,0
12492,2007,3,3,0,0,0,0,0,0,2,0
12494,2005,1,1,0,0,0,0,0,0,0,0
12497,1998,10,7,5,2,0,0,2,1,0,0
12497,1999,3,2,0,0,0,0,1,0,0,0
12497,2000,8,5,3,0,0,0,1,1,2,1
12497,2001,3,2,2,0,0,0,1,0,0,0
12512,1989,1,1,0,0,0,0,0,0,0,0
12512,1992,1,1,1,0,0,0,0,0,0,0
12512,1993,1,0,0,0,0,0,0,0,0,1
12512,1994,1,1,0,0,0,0,0,0,1,0
12512,1997,2,2,0,0,0,0,0,0,1,0
12513,1993,3,3,1,0,0,0,0,0,1,0
12513,1996,4,1,0,0,0,0,2,1,0,0
12513,1997,4,3,1,0,0,0,1,0,1,0
12513,1998,2,2,1,1,0,0,0,0,0,0
12513,2001,2,2,0,0,0,0,0,0,1,0
12513,2002,3,3,2,1,0,0,0,0,0,0
12513,2003,2,2,0,0,0,0,0,0,0,0
12513,2005,1,1,0,0,0,0,0,0,1,0
12526,1996,3,3,1,0,0,0,0,0,1,0
12526,1997,10,8,3,0,0,0,0,2,0,0
12526,1998,6,6,3,1,0,0,0,0,2,0
12526,2001,4,4,0,0,0,0,0,0,2,0
12526,2002,9,7,2,0,0,0,1,1,1,0
12526,2004,3,3,0,0,0,0,0,0,0,0
12526,2005,8,7,3,2,0,0,0,1,1,0
12526,2006,4,3,0,0,0,0,1,0,0,0
12527,1997,2,1,0,0,0,0,1,0,1,0
12527,1999,3,3,2,0,0,0,0,0,0,0
12540,2004,1,1,0,0,0,0,0,0,1,0
12540,2005,7,7,0,0,0,0,0,0,2,0
12540,2007,4,3,0,0,0,0,0,0,3,0
12557,2003,1,1,1,1,0,0,0,0,0,0
12568,2006,2,2,0,0,0,0,0,0,1,0
12568,2007,1,1,0,0,0,0,0,0,1,0
12584,1998,3,2,0,0,0,0,1,0,0,0
12584,1999,5,5,0,0,0,0,0,0,1,0
12584,2000,7,7,2,0,1,0,0,0,1,0
12584,2001,2,2,0,0,0,0,0,0,0,0
12584,2002,1,1,1,1,0,0,0,0,0,0
12589,1989,1,1,1,0,0,0,0,0,0,0
12590,2006,1,1,0,0,0,0,0,0,0,0
12591,1991,3,3,0,0,0,0,0,0,2,0
12591,1992,2,2,1,0,0,0,0,0,0,0
12591,1993,2,1,0,0,0,0,1,0,0,0
12591,1994,6,6,3,2,0,1,0,0,2,0
12591,1995,3,3,1,0,0,1,0,0,0,0
12597,2005,5,5,1,0,0,0,0,0,2,0
12611,2003,1,1,1,0,0,0,0,0,0,0
12622,1992,1,1,0,0,0,0,0,0,0,0
12630,2007,1,0,0,0,0,0,1,0,0,0
12633,2002,6,5,2,0,0,1,1,0,1,0
12633,2003,12,8,2,1,0,0,2,2,1,0
12633,2004,11,8,4,1,0,0,3,0,0,0
12633,2005,12,10,3,2,0,1,1,0,1,0
12633,2006,7,5,0,0,0,0,2,0,0,0
12633,2007,11,11,1,0,0,1,0,0,2,0
12635,2003,3,3,0,0,0,0,0,0,2,0
12635,2005,7,7,4,2,0,0,0,0,0,0
12653,2003,1,1,0,0,0,0,0,0,0,0
12661,2001,1,1,0,0,0,0,0,0,0,0
12671,2007,3,2,0,0,0,0,1,0,0,0
12679,2006,1,1,1,0,0,0,0,0,0,0
