3,1989,3,2,0,0,0,0,1,0,0,0
11,1992,3,3,1,0,0,1,0,0,0,0
11,1995,1,1,0,0,0,0,0,0,0,0
13,2000,3,3,2,0,1,0,0,0,0,0
13,2001,3,3,2,0,0,1,0,0,1,0
30,2007,1,1,0,0,0,0,0,0,1,0
33,1995,3,2,2,0,0,1,1,0,0,0
33,1998,2,2,1,0,0,1,0,0,0,0
33,2001,5,3,0,0,0,0,2,0,0,0
34,2004,3,2,1,0,0,0,1,0,0,0
36,1986,1,1,1,0,0,0,0,0,0,0
36,1987,3,3,0,0,0,0,0,0,0,0
36,1989,3,3,0,0,0,0,0,0,1,0
56,1996,2,2,0,0,0,0,0,0,1,0
56,1998,3,2,0,0,0,0,1,0,0,0
60,2004,1,1,1,0,0,0,0,0,0,0
68,1995,1,0,0,0,0,0,1,0,0,0
68,1996,3,2,0,0,0,0,1,0,0,0
68,1997,2,0,0,0,0,0,2,0,0,0
68,1998,1,1,1,0,0,0,0,0,0,0
68,2000,3,3,1,0,0,1,0,0,0,0
68,2001,8,8,2,1,0,1,0,0,0,0
68,2002,1,1,1,1,0,0,0,0,0,0
68,2003,1,1,0,0,0,0,0,0,1,0
79,2006,1,0,0,0,0,0,1,0,0,0
86,2006,3,3,0,0,0,0,0,0,1,0
86,2007,4,0,0,0,0,0,4,0,0,0
90,1987,2,1,0,0,0,0,1,0,0,0
90,1988,5,5,0,0,0,0,0,0,1,0
90,1989,6,6,0,0,0,0,0,0,2,0
90,1990,6,5,2,1,0,0,1,0,0,0
90,1991,7,6,3,1,1,0,0,1,0,0
90,1993,2,2,1,0,0,0,0,0,0,0
98,1986,8,8,0,0,0,0,0,0,1,0
98,1987,5,5,2,1,0,0,0,0,0,0
98,1988,1,1,0,0,0,0,0,0,0,0
98,1989,3,2,1,0,0,0,1,0,0,0
105,1990,4,3,1,0,0,1,1,0,0,0
105,1991,1,1,0,0,0,0,0,0,0,0
134,1993,1,1,1,0,0,0,0,0,0,0
134,1999,1,1,0,0,0,0,0,0,0,0
134,2000,1,1,0,0,0,0,0,0,1,0
138,1986,7,6,2,1,0,0,1,0,1,0
148,1997,1,1,0,0,0,0,0,0,0,0
148,1998,1,1,1,1,0,0,0,0,0,0
148,1999,1,0,0,0,0,0,1,0,0,0
148,2000,1,1,1,0,0,0,0,0,0,0
148,2004,2,1,0,0,0,0,1,0,0,0
148,2007,1,0,0,0,0,0,1,0,0,0
185,1999,1,0,0,0,0,0,1,0,0,0
185,2000,2,2,0,0,0,0,0,0,0,0
185,2001,1,1,0,0,0,0,0,0,1,0
185,2003,2,1,0,0,0,0,1,0,0,0
186,1999,2,2,0,0,0,0,0,0,0,0
186,2000,1,0,0,0,0,0,1,0,0,0
226,1988,4,2,2,0,0,1,2,0,0,0
226,1989,2,2,0,0,0,0,0,0,1,0
227,2003,1,1,0,0,0,0,0,0,0,0
236,1995,6,4,1,0,0,0,2,0,1,0
239,2003,2,2,2,1,0,0,0,0,0,0
239,2004,3,2,1,1,0,0,1,0,1,0
261,1998,3,3,2,0,0,1,0,0,0,0
261,1999,3,3,0,0,0,0,0,0,0,0
261,2000,8,8,1,0,0,0,0,0,0,0
261,2001,9,6,3,1,0,1,3,0,0,0
261,2002,9,8,3,1,0,2,1,0,0,0
280,2000,3,3,2,1,0,1,0,0,0,0
280,2001,4,3,3,0,0,1,1,0,0,0
280,2002,3,2,0,0,0,0,1,0,1,0
286,1987,2,2,1,0,0,0,0,0,0,0
286,1988,2,2,1,0,0,0,0,0,0,0
286,1989,1,1,0,0,0,0,0,0,0,0
286,1990,1,0,0,0,0,0,1,0,0,0
286,1991,2,2,1,0,0,0,0,0,1,0
286,1993,1,1,1,0,0,1,0,0,0,0
286,1994,3,3,1,0,0,1,0,0,0,0
289,1993,1,0,0,0,0,0,1,0,0,0
296,1990,2,1,0,0,0,0,1,0,0,0
314,1988,2,1,0,0,0,0,1,0,1,0
319,2000,3,3,0,0,0,0,0,0,3,0
333,2000,3,2,1,0,0,1,1,0,0,0
333,2001,6,5,3,1,0,1,1,0,1,0
335,2004,1,0,0,0,0,0,1,0,0,0
335,2006,2,1,1,0,0,0,1,0,0,0
337,1995,2,2,1,0,0,1,0,0,0,0
354,2007,1,1,0,0,0,0,0,0,1,0
364,1999,3,3,1,1,0,0,0,0,0,0
364,2000,3,3,2,1,0,1,0,0,0,0
364,2001,3,1,1,0,0,0,2,0,0,0
364,2002,3,3,1,0,0,1,0,0,1,0
367,1990,11,9,1,0,0,0,2,0,2,0
367,1991,3,3,1,0,0,1,0,0,0,0
367,1993,6,5,1,0,0,0,1,0,2,0
372,1999,2,2,0,0,0,0,0,0,0,0
372,2000,2,1,0,0,0,0,1,0,0,0
377,1993,8,8,1,1,0,0,0,0,0,0
377,1994,1,1,0,0,0,0,0,0,0,0
377,1995,1,1,1,0,0,1,0,0,0,0
384,2000,2,1,0,0,0,0,1,0,0,0
384,2004,3,1,0,0,0,0,2,0,0,0
384,2006,4,3,0,0,0,0,1,0,0,0
384,2007,3,3,1,0,0,0,0,0,0,0
388,2000,5,4,0,0,0,0,1,0,0,0
395,2006,1,0,0,0,0,0,1,0,0,0
397,1991,3,2,1,1,0,0,1,0,0,0
397,1992,3,3,1,0,0,1,0,0,0,0
397,1993,6,6,2,0,0,2,0,0,0,0
397,1994,6,5,2,0,0,2,1,0,1,0
397,1995,7,6,3,1,0,0,1,0,1,0
397,1996,5,2,1,0,0,0,2,0,1,1
397,1997,12,10,5,1,0,2,2,0,0,0
397,1998,10,6,2,1,0,0,4,0,0,0
397,1999,6,6,1,0,0,0,0,0,0,0
397,2000,6,5,1,0,0,0,0,1,0,0
397,2002,3,1,0,0,0,0,2,0,0,0
397,2003,3,1,1,0,0,0,2,0,0,0
410,1986,3,2,0,0,0,0,1,0,1,0
410,1987,4,3,0,0,0,0,1,0,1,0
410,1988,2,2,0,0,0,0,0,0,1,0
410,1989,5,5,1,0,0,0,0,0,1,0
410,1990,4,4,0,0,0,0,0,0,1,0
410,1991,11,10,2,2,0,0,1,0,5,0
410,1992,8,8,2,1,0,1,0,0,1,0
410,1993,4,3,0,0,0,0,1,0,1,0
412,1993,3,1,0,0,0,0,2,0,0,0
412,1995,3,3,3,0,1,0,0,0,0,0
412,1996,6,4,3,1,0,1,1,0,0,1
412,1997,3,3,0,0,0,0,0,0,0,0
412,1998,7,7,1,0,0,1,0,0,1,0
412,2000,4,3,1,0,0,1,1,0,1,0
412,2001,3,3,0,0,0,0,0,0,0,0
412,2002,3,2,1,0,0,1,1,0,1,0
412,2003,3,3,1,0,0,0,0,0,0,0
412,2005,3,3,2,0,0,0,0,0,0,0
412,2006,6,4,0,0,0,0,2,0,1,0
446,1990,4,3,1,0,0,0,1,0,1,0
446,1991,7,6,0,0,0,0,1,0,0,0
446,1992,9,7,2,0,0,0,2,0,0,0
446,1993,12,11,3,0,0,1,1,0,0,0
446,1994,6,4,1,1,0,0,0,2,1,0
446,1995,3,3,1,0,0,0,0,0,0,0
446,1996,3,3,1,0,0,0,0,0,0,0
446,1999,5,2,0,0,0,0,3,0,1,0
446,2003,1,1,1,0,0,1,0,0,0,0
458,1993,3,3,1,0,0,1,0,0,0,0
458,1997,1,1,1,0,0,0,0,0,0,0
458,1998,1,1,0,0,0,0,0,0,0,0
458,1999,1,1,0,0,0,0,0,0,1,0
459,2004,2,2,0,0,0,0,0,0,0,0
461,1997,3,2,0,0,0,0,1,0,0,0
461,1998,7,4,2,1,0,1,3,0,0,0
461,1999,1,1,0,0,0,0,0,0,0,0
461,2000,2,1,1,0,0,1,1,0,0,0
461,2001,2,2,1,0,0,1,0,0,0,0
463,1993,2,2,1,0,0,0,0,0,1,0
472,2004,2,0,0,0,0,0,2,0,0,0
472,2006,1,1,0,0,0,0,0,0,0,0
475,2002,3,2,0,0,0,0,0,1,0,0
475,2007,3,3,3,1,0,1,0,0,0,0
485,2004,1,1,0,0,0,0,0,0,0,0
485,2006,2,2,1,1,0,0,0,0,0,0
498,1996,1,0,0,0,0,0,1,0,0,0
505,1995,2,0,0,0,0,0,2,0,0,0
505,1996,6,4,0,0,0,0,2,0,0,0
505,1997,10,7,3,0,1,1,3,0,2,0
506,1997,2,1,0,0,0,0,1,0,0,0
506,1998,1,1,0,0,0,0,0,0,0,0
510,1987,1,1,0,0,0,0,0,0,0,0
512,2006,1,1,0,0,0,0,0,0,0,0
541,2001,4,2,1,0,0,1,2,0,0,0
547,2003,1,1,0,0,0,0,0,0,0,0
551,1986,2,2,1,0,1,0,0,0,0,0
551,1987,2,2,0,0,0,0,0,0,1,0
552,1993,2,2,0,0,0,0,0,0,1,0
552,1994,1,1,0,0,0,0,0,0,0,0
569,1992,2,1,0,0,0,0,1,0,0,0
571,1994,2,1,0,0,0,0,1,0,0,0
617,1990,3,3,3,1,0,2,0,0,0,0
617,1991,5,3,1,1,0,0,2,0,0,0
617,1993,4,4,1,0,0,0,0,0,0,0
638,1988,1,0,0,0,0,0,1,0,0,0
660,1988,1,0,0,0,0,0,1,0,0,0
688,1997,3,3,1,0,0,0,0,0,1,0
698,1998,3,2,2,1,0,1,1,0,0,0
698,1999,1,1,1,0,0,1,0,0,0,0
698,2001,6,5,2,0,0,1,1,0,1,0
698,2002,10,7,0,0,0,0,3,0,0,0
698,2003,8,8,2,1,0,1,0,0,1,0
698,2004,3,1,0,0,0,0,2,0,0,0
698,2006,6,5,3,1,0,0,1,0,0,0
710,2002,1,0,0,0,0,0,1,0,0,0
719,2006,1,0,0,0,0,0,1,0,0,0
723,1993,4,3,0,0,0,0,1,0,1,0
723,1994,1,1,0,0,0,0,0,0,0,0
749,1989,3,3,0,0,0,0,0,0,1,0
749,1991,2,1,0,0,0,0,1,0,0,0
762,2002,3,1,1,0,0,1,2,0,0,0
762,2003,1,1,0,0,0,0,0,0,0,0
762,2004,3,3,0,0,0,0,0,0,0,0
764,1991,2,2,1,0,0,0,0,0,0,0
764,1992,1,1,0,0,0,0,0,0,0,0
764,1998,3,2,0,0,0,0,1,0,0,0
764,1999,1,1,0,0,0,0,0,0,0,0
764,2003,1,1,0,0,0,0,0,0,1,0
764,2004,1,0,0,0,0,0,1,0,0,0
766,1996,2,1,0,0,0,0,1,0,0,0
771,2004,3,1,0,0,0,0,2,0,0,0
775,1986,3,1,1,0,0,1,1,0,0,0
775,1987,6,4,1,1,0,0,2,0,1,0
775,1988,5,5,2,0,0,0,0,0,0,0
775,1989,7,5,2,0,0,2,2,0,1,0
775,1990,3,0,0,0,0,0,3,0,0,0
775,1993,1,1,0,0,0,0,0,0,1,0
776,1996,2,2,2,0,0,1,0,0,0,0
776,1997,7,4,2,0,0,1,3,0,0,0
786,2001,5,4,1,0,0,1,1,0,1,0
786,2002,2,1,0,0,0,0,1,0,1,0
786,2006,5,5,0,0,0,0,0,0,0,0
786,2007,7,6,0,0,0,0,1,0,2,0
787,2002,3,0,0,0,0,0,3,0,0,0
790,1988,6,6,1,0,0,0,0,0,1,0
790,1989,6,5,1,0,0,1,1,0,1,0
790,1990,14,12,1,0,0,0,1,0,4,1
790,1991,7,5,2,1,0,0,2,0,0,0
790,1992,7,6,1,1,0,0,1,0,4,0
790,1993,6,5,0,0,0,0,1,0,1,0
790,1999,3,3,0,0,0,0,0,0,0,0
794,2006,1,1,1,0,0,0,0,0,0,0
796,1997,2,2,0,0,0,0,0,0,1,0
796,1999,1,1,0,0,0,0,0,0,0,0
797,2001,2,2,1,0,0,1,0,0,0,0
812,2007,3,1,0,0,0,0,2,0,0,0
825,2000,8,5,1,1,0,0,3,0,0,0
825,2001,4,1,0,0,0,0,3,0,0,0
837,2004,2,1,1,0,0,1,1,0,0,0
839,1997,3,2,2,1,0,1,0,0,0,1
845,1990,4,3,2,0,0,1,1,0,0,0
845,1991,6,2,1,0,0,1,3,0,0,1
845,1992,10,8,2,0,0,1,0,1,0,1
845,1993,7,5,0,0,0,0,1,0,2,1
845,1994,6,6,2,0,0,0,0,0,2,0
845,1995,6,3,0,0,0,0,2,1,0,0
845,1996,13,9,3,2,0,0,4,0,0,0
845,1997,6,4,1,0,0,0,2,0,2,0
845,1998,7,7,2,2,0,0,0,0,0,0
845,1999,2,2,1,1,0,0,0,0,0,0
845,2000,3,2,1,0,0,1,1,0,1,0
845,2001,2,0,0,0,0,0,2,0,0,0
846,1996,9,8,4,1,0,1,1,0,0,0
846,1997,4,4,2,1,0,1,0,0,1,0
848,1999,1,1,0,0,0,0,0,0,0,0
848,2000,2,2,0,0,0,0,0,0,1,0
848,2001,1,1,0,0,0,0,0,0,1,0
848,2003,1,1,0,0,0,0,0,0,0,0
848,2004,1,0,0,0,0,0,1,0,0,0
859,2004,2,1,1,1,0,0,1,0,0,0
860,1998,4,3,1,0,0,1,1,0,1,0
861,2006,1,0,0,0,0,0,1,0,0,0
863,1999,6,3,2,0,0,1,3,0,0,0
863,2000,7,5,2,0,0,0,2,0,1,0
863,2002,6,3,2,0,0,0,3,0,0,0
863,2003,4,3,2,0,0,0,1,0,1,0
871,1991,3,2,0,0,0,0,1,0,1,0
872,1999,3,2,2,0,0,1,1,0,0,0
872,2002,2,1,0,0,0,0,0,1,0,0
884,1996,2,1,0,0,0,0,1,0,0,0
884,1998,6,6,2,1,0,0,0,0,2,0
884,1999,3,2,1,1,0,0,1,0,0,0
890,2004,5,3,2,0,0,1,2,0,0,0
916,1995,2,1,0,0,0,0,1,0,0,0
945,2003,1,1,1,1,0,0,0,0,0,0
949,1988,5,4,0,0,0,0,1,0,2,0
949,1989,18,15,1,1,0,0,3,0,4,0
949,1990,7,6,0,0,0,0,1,0,1,0
949,1991,8,7,1,0,0,0,1,0,1,0
949,1996,2,2,1,0,0,1,0,0,0,0
949,1997,1,1,0,0,0,0,0,0,0,0
962,2006,4,3,2,1,0,1,1,0,0,0
962,2007,7,5,1,0,0,0,2,0,1,0
971,1995,3,3,1,0,0,0,0,0,0,0
972,1988,2,2,1,0,0,0,0,0,0,0
972,1989,4,2,1,0,0,1,2,0,0,0
972,1990,3,3,1,0,0,0,0,0,1,0
977,1986,3,3,1,0,0,0,0,0,1,0
981,1991,6,6,1,0,0,0,0,0,1,0
981,1992,12,11,3,0,0,1,1,0,3,0
998,1992,1,0,0,0,0,0,1,0,0,0
998,1993,2,1,1,0,0,1,1,0,0,0
998,1994,5,4,1,0,0,0,1,0,2,0
998,1995,4,3,0,0,0,0,1,0,0,0
998,1996,2,1,1,1,0,0,1,0,0,0
998,1998,4,4,2,0,0,1,0,0,0,0
1009,2006,5,2,1,0,0,0,3,0,0,0
1028,1997,2,2,2,0,0,0,0,0,0,0
1047,1986,3,3,0,0,0,0,0,0,2,0
1058,1995,2,2,1,0,0,1,0,0,0,0
1058,1996,3,2,0,0,0,0,1,0,0,0
1058,1997,2,2,1,0,0,0,0,0,0,0
1059,1988,3,2,1,0,0,0,1,0,0,0
1062,1998,1,0,0,0,0,0,1,0,0,0
1062,1999,5,2,0,0,0,0,3,0,0,0
1062,2002,1,0,0,0,0,0,1,0,0,0
1065,1986,1,1,0,0,0,0,0,0,0,0
1065,1989,2,2,0,0,0,0,0,0,1,0
1065,1990,5,5,0,0,0,0,0,0,2,0
1065,1991,2,0,0,0,0,0,2,0,0,0
1065,1992,1,1,0,0,0,0,0,0,0,0
1065,1996,1,1,0,0,0,0,0,0,0,0
1075,1997,8,8,3,1,0,0,0,0,1,0
1075,1998,4,3,0,0,0,0,1,0,1,0
1075,1999,4,4,2,0,0,0,0,0,1,0
1075,2000,4,4,1,0,0,0,0,0,1,0
1091,1992,2,2,1,0,0,0,0,0,1,0
1095,2003,3,2,1,0,0,0,1,0,0,0
1097,1991,5,3,2,0,0,0,1,0,0,1
1097,2000,2,2,0,0,0,0,0,0,0,0
1097,2001,1,1,1,0,0,1,0,0,0,0
1098,2003,1,1,1,0,0,0,0,0,0,0
1112,1987,3,2,1,0,0,1,1,0,0,0
1112,1988,5,4,0,0,0,0,1,0,0,0
1112,1990,1,1,0,0,0,0,0,0,1,0
1124,1996,2,2,1,0,1,0,0,0,1,0
1124,1999,5,4,0,0,0,0,1,0,2,0
1133,2006,1,1,0,0,0,0,0,0,0,0
1135,1994,2,1,0,0,0,0,1,0,0,0
1135,1995,2,0,0,0,0,0,2,0,0,0
1135,1996,3,2,0,0,0,0,1,0,1,0
1135,2003,1,0,0,0,0,0,1,0,0,0
1138,1996,1,1,1,1,0,0,0,0,0,0
1138,1997,2,0,0,0,0,0,2,0,0,0
1138,2001,2,2,1,0,0,1,0,0,1,0
1138,2002,1,1,0,0,0,0,0,0,1,0
1147,1990,5,3,1,0,1,0,2,0,1,0
1147,1991,5,5,1,0,1,0,0,0,0,0
1147,1992,5,2,1,0,0,1,3,0,0,0
1147,1994,5,5,3,1,0,1,0,0,1,0
1159,1993,10,7,4,0,0,1,2,1,0,0
1159,1994,1,1,0,0,0,0,0,0,0,0
1159,1996,1,0,0,0,0,0,1,0,0,0
1159,1997,2,1,0,0,0,0,1,0,0,0
1159,1998,7,5,0,0,0,0,2,0,2,0
1159,1999,3,3,0,0,0,0,0,0,1,0
1159,2000,8,6,2,0,0,1,2,0,2,0
1160,1995,2,2,0,0,0,0,0,0,0,0
1160,1996,3,3,0,0,0,0,0,0,2,0
1160,1997,2,2,0,0,0,0,0,0,2,0
1160,1998,3,1,0,0,0,0,1,1,0,0
1160,1999,1,1,0,0,0,0,0,0,0,0
1160,2001,1,1,0,0,0,0,0,0,1,0
1160,2004,1,1,1,1,0,0,0,0,0,0
1163,1994,2,2,0,0,0,0,0,0,0,0
1184,1991,3,2,1,0,0,0,1,0,1,0
1184,1992,2,2,1,1,0,0,0,0,0,0
1184,1993,6,5,2,0,0,0,1,0,0,0
1184,1994,3,3,1,0,0,1,0,0,0,0
1190,1999,2,2,0,0,0,0,0,0,0,0
1190,2006,2,2,0,0,0,0,0,0,0,0
1203,2000,1,0,0,0,0,0,1,0,0,0
1203,2002,1,1,1,0,0,0,0,0,0,0
1205,1990,3,3,0,0,0,0,0,0,1,0
1205,1991,5,4,0,0,0,0,1,0,0,0
1221,2001,1,0,0,0,0,0,1,0,0,0
1221,2002,2,0,0,0,0,0,2,0,0,0
1221,2003,2,1,1,0,0,1,1,0,0,0
1221,2004,1,0,0,0,0,0,1,0,0,0
1244,1991,2,1,0,0,0,0,0,0,0,1
1244,1992,2,1,0,0,0,0,1,0,0,0
1246,1989,4,4,0,0,0,0,0,0,0,0
1246,1990,2,2,0,0,0,0,0,0,1,0
1246,1991,4,4,0,0,0,0,0,0,4,0
1246,1992,4,3,0,0,0,0,1,0,0,0
1246,1994,2,2,0,0,0,0,0,0,0,0
1246,1995,2,2,2,0,0,1,0,0,0,0
1246,1996,4,1,0,0,0,0,3,0,0,0
1246,1997,2,1,0,0,0,0,1,0,0,0
1246,1998,1,1,0,0,0,0,0,0,0,0
1246,2000,3,3,2,0,0,1,0,0,0,0
1268,2004,2,1,0,0,0,0,1,0,1,0
1270,2004,1,0,0,0,0,0,1,0,0,0
1270,2005,1,1,0,0,0,0,0,0,0,0
1294,1997,1,0,0,0,0,0,1,0,0,0
1294,1999,2,2,1,0,0,1,0,0,0,0
1343,1993,7,7,2,0,0,2,0,0,1,0
1343,1995,2,2,1,0,0,0,0,0,0,0
1343,1996,1,1,0,0,0,0,0,0,0,0
1343,2007,2,2,0,0,0,0,0,0,0,0
1352,2001,7,6,0,0,0,0,1,0,2,0
1352,2003,4,4,0,0,0,0,0,0,2,0
1367,1991,1,1,0,0,0,0,0,0,0,0
1399,2001,5,3,1,0,0,1,2,0,0,0
1406,1996,12,10,1,0,0,0,2,0,1,0
1406,1997,6,4,0,0,0,0,2,0,0,0
1406,1998,8,7,2,0,0,0,1,0,2,0
1406,1999,6,4,1,0,0,1,2,0,1,0
1406,2000,7,3,2,1,0,0,4,0,0,0
1406,2001,3,3,0,0,0,0,0,0,1,0
1406,2002,6,5,3,0,0,1,1,0,0,0
1406,2003,12,6,2,1,0,0,6,0,0,0
1407,1988,1,0,0,0,0,0,1,0,0,0
1407,1992,2,1,0,0,0,0,1,0,0,0
1416,1999,3,3,0,0,0,0,0,0,0,0
1426,1998,1,1,0,0,0,0,0,0,1,0
1429,1986,3,3,2,0,0,0,0,0,0,0
1429,1987,9,6,3,2,0,1,3,0,0,0
1429,1988,8,5,2,0,0,1,3,0,0,0
1429,1989,12,8,3,0,0,2,4,0,3,0
1429,1990,3,3,0,0,0,0,0,0,1,0
1429,1991,10,9,2,0,0,1,1,0,1,0
1429,1992,6,6,1,1,0,0,0,0,2,0
1429,1993,3,2,1,1,0,0,1,0,0,0
1433,2006,1,0,0,0,0,0,1,0,0,0
1433,2007,4,3,1,0,0,0,1,0,1,0
1454,2004,2,1,0,0,0,0,1,0,1,0
1454,2007,1,0,0,0,0,0,1,0,0,0
1461,1996,1,1,0,0,0,0,0,0,0,0
1461,1997,5,4,0,0,0,0,1,0,1,0
1482,2006,4,3,1,1,0,0,1,0,0,0
1482,2007,5,5,2,0,0,1,0,0,0,0
1495,2003,3,2,1,0,0,1,1,0,0,0
1510,1994,7,4,1,0,0,0,2,1,1,0
1510,1995,3,3,0,0,0,0,0,0,1,0
1510,1996,5,4,3,1,0,1,1,0,1,0
1510,1997,2,0,0,0,0,0,2,0,0,0
1511,1998,1,1,1,0,0,0,0,0,0,0
1516,2003,1,0,0,0,0,0,1,0,0,0
1516,2004,2,2,0,0,0,0,0,0,1,0
1523,1992,2,2,1,1,0,0,0,0,1,0
1523,1995,2,2,0,0,0,0,0,0,0,0
1523,1996,6,5,2,1,0,1,1,0,0,0
1523,1997,3,1,0,0,0,0,2,0,1,0
1546,1990,5,4,1,1,0,0,1,0,0,0
1546,1991,8,5,3,1,0,1,3,0,1,0
1546,1992,9,8,1,0,0,1,1,0,1,0
1546,1995,10,7,1,1,0,0,3,0,1,0
1546,1996,13,12,4,1,0,2,1,0,1,0
1546,1998,3,2,0,0,0,0,1,0,1,0
1546,2000,1,1,0,0,0,0,0,0,0,0
1546,2001,3,1,1,0,0,1,2,0,0,0
1547,1997,3,3,1,0,0,0,0,0,1,0
1553,1986,1,1,1,1,0,0,0,0,0,0
1553,1987,5,5,2,0,0,2,0,0,1,0
1553,1988,5,4,0,0,0,0,1,0,0,0
1553,1989,4,3,0,0,0,0,1,0,2,0
1553,1990,2,1,1,0,0,0,1,0,0,0
1553,1991,2,2,1,1,0,0,0,0,0,0
1556,2000,3,3,0,0,0,0,0,0,1,0
1556,2001,3,2,1,0,0,1,1,0,1,0
1556,2002,3,2,1,0,0,0,1,0,0,0
1556,2004,3,1,0,0,0,0,2,0,0,0
1556,2007,3,2,2,1,0,0,1,0,0,0
1567,2004,3,1,0,0,0,0,2,0,0,0
1577,1986,6,5,0,0,0,0,1,0,1,0
1587,1998,1,1,0,0,0,0,0,0,0,0
1596,2006,6,6,1,0,0,0,0,0,2,0
1596,2007,3,2,0,0,0,0,1,0,1,0
1631,2002,3,2,2,0,0,1,0,1,0,0
1631,2003,5,4,2,0,0,1,1,0,0,0
1634,1995,2,2,0,0,0,0,0,0,0,0
1634,1997,1,0,0,0,0,0,1,0,0,0
1634,2000,3,2,1,0,0,1,1,0,0,0
1634,2004,3,3,1,0,0,0,0,0,0,0
1652,1998,1,1,0,0,0,0,0,0,0,0
1652,2000,1,1,0,0,0,0,0,0,0,0
1652,2001,2,2,1,0,0,1,0,0,0,0
1663,1993,3,2,0,0,0,0,1,0,0,0
1663,1997,1,1,0,0,0,0,0,0,0,0
1663,1998,1,1,0,0,0,0,0,0,0,0
1675,2006,1,0,0,0,0,0,1,0,0,0
1676,1986,2,0,0,0,0,0,2,0,0,0
1676,1987,2,2,1,0,0,0,0,0,0,0
1676,1988,1,1,1,0,0,1,0,0,0,0
1699,2007,3,2,0,0,0,0,1,0,0,0
1741,1989,4,4,2,1,1,0,0,0,1,0
1741,1991,3,2,1,1,0,0,1,0,0,0
1741,1992,3,3,0,0,0,0,0,0,0,0
1741,1993,1,1,1,1,0,0,0,0,0,0
1743,1992,13,10,5,1,0,0,3,0,2,0
1743,1993,16,14,3,0,0,0,2,0,4,0
1743,1994,8,5,3,0,0,0,3,0,0,0
1743,1995,10,8,2,0,0,0,2,0,1,0
1743,1996,9,7,1,1,0,0,1,0,2,1
1743,1997,9,9,4,1,1,1,0,0,0,0
1743,1998,3,3,1,0,0,1,0,0,0,0
1765,1988,3,2,0,0,0,0,1,0,1,0
1765,1991,3,2,1,0,0,0,1,0,0,0
1773,2003,1,1,0,0,0,0,0,0,0,0
1773,2004,3,2,1,0,0,0,1,0,0,0
1773,2006,3,3,2,0,0,1,0,0,0,0
1773,2007,3,3,1,0,0,1,0,0,0,0
1790,2007,3,3,0,0,0,0,0,0,0,0
1799,1986,9,7,1,1,0,0,2,0,2,0
1799,1987,9,7,5,2,0,0,2,0,1,0
1799,1988,6,6,2,0,0,1,0,0,0,0
1799,1989,7,6,1,1,0,0,1,0,1,0
1799,1990,6,5,1,1,0,0,0,0,0,1
1799,1991,2,2,1,0,0,0,0,0,0,0
1802,1999,1,1,0,0,0,0,0,0,0,0
1805,1989,4,3,0,0,0,0,1,0,0,0
1805,1990,2,2,0,0,0,0,0,0,1,0
1805,1991,3,2,0,0,0,0,1,0,2,0
1805,1992,2,1,0,0,0,0,1,0,0,0
1805,1993,1,1,0,0,0,0,0,0,0,0
1806,2004,7,6,2,0,0,1,1,0,0,0
1806,2006,3,2,0,0,0,0,1,0,0,0
1825,2003,2,1,0,0,0,0,1,0,0,0
1828,1996,1,0,0,0,0,0,1,0,0,0
1828,1997,3,2,0,0,0,0,1,0,1,0
1828,2001,3,2,0,0,0,0,1,0,0,0
1828,2002,3,2,0,0,0,0,1,0,0,0
1828,2004,1,0,0,0,0,0,1,0,0,0
1828,2006,2,2,0,0,0,0,0,0,2,0
1829,1994,2,2,1,0,0,1,0,0,0,0
1829,1995,1,0,0,0,0,0,1,0,0,0
1829,1996,1,1,0,0,0,0,0,0,0,0
1829,1997,1,1,0,0,0,0,0,0,0,0
1838,1994,2,2,0,0,0,0,0,0,1,0
1846,2004,1,1,1,0,0,0,0,0,0,0
1851,1987,1,1,0,0,0,0,0,0,1,0
1865,1995,2,2,2,0,1,0,0,0,0,0
1865,1996,1,1,0,0,0,0,0,0,1,0
1870,2002,2,1,0,0,0,0,1,0,0,0
1888,1991,10,8,1,0,0,0,2,0,1,0
1888,1992,10,8,3,1,0,1,1,0,0,1
1888,1993,3,2,0,0,0,0,1,0,0,0
1888,1994,2,2,2,0,0,1,0,0,0,0
1888,1995,2,1,0,0,0,0,1,0,0,0
1888,1996,13,9,1,0,0,1,4,0,1,0
1889,2007,1,0,0,0,0,0,1,0,0,0
1921,1990,6,6,3,0,0,0,0,0,2,0
1921,1991,1,0,0,0,0,0,0,0,0,1
1929,2007,1,1,0,0,0,0,0,0,0,0
1930,1997,1,1,0,0,0,0,0,0,0,0
1930,1998,2,2,1,0,0,0,0,0,0,0
1957,2003,1,1,1,0,0,0,0,0,0,0
1972,2001,15,9,4,1,0,1,6,0,2,0
1972,2002,6,5,1,0,0,0,1,0,0,0
1972,2003,8,6,4,0,0,1,2,0,0,0
1972,2004,3,1,0,0,0,0,2,0,1,0
1972,2007,1,1,1,0,0,1,0,0,0,0
2004,1988,7,7,0,0,0,0,0,0,2,0
2004,1989,4,4,1,0,0,0,0,0,1,0
2004,1990,2,2,1,0,0,0,0,0,0,0
2004,1991,2,2,1,0,0,0,0,0,0,0
2004,1992,2,2,1,0,1,0,0,0,0,0
2004,1995,2,2,1,1,0,0,0,0,0,0
2004,1997,1,1,0,0,0,0,0,0,0,0
2004,1998,1,1,0,0,0,0,0,0,0,0
2017,1999,1,1,1,0,0,1,0,0,0,0
2018,1999,1,1,0,0,0,0,0,0,0,0
2018,2000,5,4,0,0,0,0,1,0,1,0
2018,2001,6,4,2,0,0,1,2,0,1,0
2046,2004,4,3,0,0,0,0,1,0,0,0
2046,2006,1,1,0,0,0,0,0,0,0,0
2051,1998,4,4,2,0,0,0,0,0,0,0
2058,1995,5,4,1,1,0,0,1,0,2,0
2058,1996,2,1,1,0,0,0,1,0,0,0
2058,1997,2,2,1,1,0,0,0,0,0,0
2058,1998,1,0,0,0,0,0,1,0,0,0
2058,2001,2,2,0,0,0,0,0,0,1,0
2096,1989,9,5,1,0,0,0,4,0,1,0
2096,1990,1,1,0,0,0,0,0,0,0,0
2096,1991,5,3,1,1,0,0,2,0,0,0
2115,1990,3,3,1,0,0,0,0,0,0,0
2116,1992,8,5,1,0,0,1,3,0,1,0
2116,1996,7,6,0,0,0,0,1,0,0,0
2116,1997,3,2,2,0,0,0,1,0,0,0
2116,1998,3,3,0,0,0,0,0,0,0,0
2121,1990,1,1,0,0,0,0,0,0,0,0
2131,1988,4,4,1,0,0,1,0,0,1,0
2144,1999,5,5,3,1,0,0,0,0,0,0
2144,2000,3,2,1,0,0,1,1,0,0,0
2144,2001,3,3,0,0,0,0,0,0,0,0
2144,2002,3,1,0,0,0,0,2,0,1,0
2144,2003,7,6,2,0,0,2,1,0,0,0
2144,2004,6,3,0,0,0,0,3,0,0,0
2145,1989,1,1,0,0,0,0,0,0,0,0
2145,1990,4,4,3,0,1,0,0,0,0,0
2145,1992,3,3,1,0,0,0,0,0,0,0
2147,2002,4,0,0,0,0,0,3,1,0,0
2147,2004,3,2,0,0,0,0,1,0,2,0
2147,2007,1,0,0,0,0,0,1,0,0,0
2162,1996,1,0,0,0,0,0,1,0,0,0
2162,1997,1,1,0,0,0,0,0,0,0,0
2162,1999,1,1,0,0,0,0,0,0,1,0
2166,1998,2,2,1,0,0,0,0,0,1,0
2166,1999,1,1,0,0,0,0,0,0,0,0
2184,1988,3,2,2,0,0,0,1,0,0,0
2184,1990,5,4,0,0,0,0,1,0,0,0
2237,2003,4,4,1,0,0,1,0,0,3,0
2242,2004,2,2,0,0,0,0,0,0,1,0
2248,2003,2,1,0,0,0,0,1,0,1,0
2250,1990,8,7,2,0,0,0,1,0,4,0
2250,1991,3,2,0,0,0,0,1,0,0,0
2255,1987,1,1,0,0,0,0,0,0,0,0
2259,2002,3,2,0,0,0,0,1,0,0,0
2259,2003,1,0,0,0,0,0,1,0,0,0
2259,2007,1,0,0,0,0,0,1,0,0,0
2261,1987,1,1,1,0,0,1,0,0,0,0
2261,1988,11,9,1,0,0,0,2,0,2,0
2261,1989,8,8,3,1,0,0,0,0,1,0
2261,1990,7,7,1,0,0,0,0,0,0,0
2261,1991,10,8,1,0,0,0,2,0,0,0
2261,1992,8,7,0,0,0,0,1,0,2,0
2276,1986,7,5,4,1,0,1,2,0,0,0
2276,1987,1,0,0,0,0,0,1,0,0,0
2291,2002,3,3,2,0,0,0,0,0,0,0
2291,2003,7,6,3,1,0,0,1,0,0,0
2291,2004,6,2,1,0,0,0,4,0,0,0
2291,2006,13,12,5,1,0,1,1,0,0,0
2291,2007,7,7,1,1,0,0,0,0,0,0
2295,1989,3,3,0,0,0,0,0,0,0,0
2295,1990,5,5,0,0,0,0,0,0,0,0
2295,1997,3,1,0,0,0,0,2,0,0,0
2295,1998,2,1,1,0,0,0,1,0,0,0
2295,1999,2,1,0,0,0,0,1,0,0,0
2295,2000,3,3,1,0,0,0,0,0,0,0
2300,1993,14,13,1,1,0,0,1,0,1,0
2300,1994,3,3,1,0,0,0,0,0,0,0
2300,1997,8,5,1,0,0,0,2,0,2,1
2330,2004,2,1,0,0,0,0,1,0,0,0
2330,2006,1,1,0,0,0,0,0,0,0,0
2330,2007,1,1,0,0,0,0,0,0,0,0
2332,1996,3,2,1,1,0,0,1,0,0,0
2332,1997,4,4,1,0,0,0,0,0,1,0
2332,1998,7,6,1,1,0,0,1,0,1,0
2332,1999,6,3,2,0,1,0,2,0,0,1
2332,2000,3,2,1,0,0,0,1,0,1,0
2333,2000,1,1,1,0,0,0,0,0,0,0
2333,2006,1,1,0,0,0,0,0,0,1,0
2339,2006,1,1,0,0,0,0,0,0,0,0
2340,2002,1,1,1,0,0,0,0,0,0,0
2343,2004,1,0,0,0,0,0,1,0,0,0
2343,2006,1,1,0,0,0,0,0,0,0,0
2344,1992,6,6,2,1,0,0,0,0,1,0
2344,1993,6,6,2,0,0,1,0,0,1,0
2344,1994,3,3,0,0,0,0,0,0,0,0
2344,1996,3,3,2,1,0,0,0,0,0,0
2344,2001,2,1,1,0,0,0,0,1,0,0
2344,2002,1,0,0,0,0,0,1,0,0,0
2344,2003,1,0,0,0,0,0,1,0,0,0
2344,2004,3,2,0,0,0,0,1,0,0,0
2344,2006,2,1,0,0,0,0,1,0,0,0
2351,1995,6,5,2,1,1,0,0,0,0,1
2355,2007,2,2,1,0,0,0,0,0,0,0
2362,1991,2,2,2,0,0,0,0,0,0,0
2375,1989,2,2,0,0,0,0,0,0,0,0
2395,2007,2,2,0,0,0,0,0,0,1,0
2407,1986,19,17,4,0,0,1,2,0,3,0
2407,1987,3,2,1,0,0,0,1,0,0,0
2407,1988,10,9,4,3,0,0,1,0,0,0
2407,1991,3,3,2,0,0,0,0,0,0,0
2418,1998,1,1,0,0,0,0,0,0,0,0
2442,1999,1,1,0,0,0,0,0,0,0,0
2448,1988,2,2,0,0,0,0,0,0,0,0
2448,1989,2,1,1,0,0,1,1,0,0,0
2448,1990,2,2,1,0,0,0,0,0,0,0
2448,1992,1,1,0,0,0,0,0,0,1,0
2453,1994,1,1,0,0,0,0,0,0,0,0
2480,1998,1,1,0,0,0,0,0,0,0,0
2480,1999,1,1,0,0,0,0,0,0,0,0
2493,2003,1,0,0,0,0,0,1,0,0,0
2505,2002,1,0,0,0,0,0,1,0,0,0
2505,2006,6,5,1,1,0,0,1,0,0,0
2508,2001,1,0,0,0,0,0,1,0,0,0
2508,2002,1,0,0,0,0,0,1,0,0,0
2508,2003,1,1,1,0,0,1,0,0,0,0
2535,1995,2,1,0,0,0,0,1,0,0,0
2543,1997,3,2,2,0,0,1,1,0,0,0
2543,2000,3,2,2,0,0,0,1,0,0,0
2543,2001,2,1,1,1,0,0,1,0,0,0
2559,2002,1,0,0,0,0,0,1,0,0,0
2561,1994,3,2,2,0,0,1,1,0,0,0
2562,1993,1,1,1,0,0,1,0,0,0,0
2562,1994,1,1,0,0,0,0,0,0,0,0
2562,1995,2,2,1,0,0,0,0,0,0,0
2562,1996,3,3,1,1,0,0,0,0,0,0
2562,1997,2,2,0,0,0,0,0,0,0,0
2562,1998,7,7,2,1,0,0,0,0,3,0
2562,1999,4,4,1,0,0,0,0,0,0,0
2562,2000,6,5,2,0,0,2,1,0,1,0
2562,2001,3,2,0,0,0,0,1,0,0,0
2562,2002,4,3,2,1,0,1,1,0,1,0
2567,2004,5,4,2,0,0,2,1,0,0,0
2567,2006,1,1,0,0,0,0,0,0,1,0
2581,2000,3,3,0,0,0,0,0,0,0,0
2581,2001,2,1,0,0,0,0,1,0,0,0
2595,1998,4,2,0,0,0,0,2,0,2,0
2595,2000,3,2,0,0,0,0,1,0,1,0
2595,2001,4,4,2,0,0,1,0,0,0,0
2595,2002,1,1,1,0,0,1,0,0,0,0
2597,1986,5,4,1,0,0,1,1,0,1,0
2597,1987,10,7,1,0,0,0,2,0,1,1
2597,1988,15,14,4,1,0,0,1,0,2,0
2597,1989,12,10,3,0,0,0,2,0,2,0
2597,1990,1,1,0,0,0,0,0,0,0,0
2597,1991,2,2,2,0,0,0,0,0,0,0
2608,1986,1,1,0,0,0,0,0,0,0,0
2608,1987,7,5,2,1,0,1,1,1,1,0
2608,1988,7,5,1,0,0,1,1,1,1,0
2608,1989,4,3,0,0,0,0,1,0,0,0
2608,1990,7,6,1,0,0,0,1,0,0,0
2610,1991,1,1,0,0,0,0,0,0,0,0
2622,2000,1,1,0,0,0,0,0,0,0,0
2622,2001,2,0,0,0,0,0,2,0,0,0
2640,2000,1,0,0,0,0,0,1,0,0,0
2640,2003,4,3,1,0,0,1,1,0,1,0
2640,2004,3,1,0,0,0,0,2,0,0,0
2640,2006,3,3,2,2,0,0,0,0,1,0
2640,2007,9,4,3,2,0,0,4,1,1,0
2660,2000,2,1,0,0,0,0,1,0,0,0
2660,2001,1,1,0,0,0,0,0,0,0,0
2660,2002,1,1,0,0,0,0,0,0,1,0
2663,2001,3,3,2,1,0,0,0,0,0,0
2665,1987,2,2,1,1,0,0,0,0,1,0
2665,1988,2,2,0,0,0,0,0,0,2,0
2665,1989,1,1,0,0,0,0,0,0,1,0
2665,1992,1,1,0,0,0,0,0,0,0,0
2665,1993,7,5,3,1,0,0,2,0,0,0
2673,1986,1,0,0,0,0,0,1,0,0,0
2673,1987,4,4,2,1,0,1,0,0,1,0
2679,1987,5,4,2,1,0,0,1,0,1,0
2694,1987,3,1,0,0,0,0,2,0,1,0
2695,2003,1,1,0,0,0,0,0,0,0,0
2700,2002,1,1,0,0,0,0,0,0,0,0
2700,2003,3,2,0,0,0,0,1,0,0,0
2702,1986,3,2,0,0,0,0,1,0,2,0
2702,1987,2,2,1,0,0,0,0,0,0,0
2702,1988,1,0,0,0,0,0,1,0,0,0
2702,1989,5,5,2,2,0,0,0,0,2,0
2702,1990,7,7,1,0,0,0,0,0,4,0
2720,1986,1,1,0,0,0,0,0,0,0,0
2720,1987,3,3,1,0,0,0,0,0,0,0
2733,1997,2,2,1,0,0,0,0,0,1,0
2741,1990,7,5,2,2,0,0,2,0,1,0
2741,1991,13,11,4,1,1,0,2,0,2,0
2742,1997,5,5,2,0,0,0,0,0,0,0
2742,2000,1,1,0,0,0,0,0,0,0,0
2742,2001,3,2,0,0,0,0,0,0,1,1
2742,2002,1,1,0,0,0,0,0,0,1,0
2742,2003,1,1,0,0,0,0,0,0,1,0
2742,2004,3,2,1,1,0,0,1,0,0,0
2742,2005,1,0,0,0,0,0,1,0,0,0
2754,2006,1,1,0,0,0,0,0,0,0,0
2767,1988,5,5,2,0,0,0,0,0,1,0
2767,1989,9,7,2,1,0,1,2,0,2,0
2767,1990,7,4,2,0,0,0,3,0,1,0
2767,1991,10,9,4,0,0,2,1,0,0,0
2767,1992,5,5,2,0,0,1,0,0,1,0
2767,1993,3,2,1,0,0,1,1,0,0,0
2767,1995,1,1,0,0,0,0,0,0,0,0
2789,2000,2,2,0,0,0,0,0,0,1,0
2798,1995,2,2,0,0,0,0,0,0,0,0
2810,2000,10,6,4,0,0,0,4,0,0,0
2810,2001,2,1,1,1,0,0,1,0,0,0
2810,2002,3,3,1,0,1,0,0,0,0,0
2837,1986,7,4,1,0,0,1,3,0,1,0
2837,1987,6,6,0,0,0,0,0,0,2,0
2837,1988,4,4,1,0,0,1,0,0,0,0
2837,1989,7,6,4,1,0,0,1,0,0,0
2837,1990,13,10,2,1,0,0,3,0,0,0
2837,1992,7,4,2,0,0,1,3,0,0,0
2841,1998,3,3,2,1,0,1,0,0,0,0
2841,2001,3,2,0,0,0,0,1,0,2,0
2841,2002,3,1,0,0,0,0,1,1,0,0
2841,2003,9,4,1,0,0,1,5,0,2,0
2841,2004,4,3,1,0,0,0,1,0,1,0
2841,2005,2,1,0,0,0,0,0,0,0,1
2855,2006,1,0,0,0,0,0,1,0,0,0
2858,1992,2,2,1,0,0,0,0,0,0,0
2870,1986,1,1,0,0,0,0,0,0,0,0
2901,1988,2,1,1,0,0,0,1,0,0,0
2901,1989,1,0,0,0,0,0,1,0,0,0
2901,1990,2,2,0,0,0,0,0,0,0,0
2901,1991,1,1,0,0,0,0,0,0,0,0
2901,1993,1,1,1,0,0,1,0,0,0,0
2906,1997,4,2,0,0,0,0,2,0,1,0
2921,2002,3,2,1,0,0,0,1,0,0,0
2933,2007,4,3,0,0,0,0,1,0,0,0
2940,1986,2,2,1,1,0,0,0,0,0,0
2940,1987,4,4,0,0,0,0,0,0,2,0
2940,1988,7,7,3,2,0,0,0,0,2,0
2940,1989,6,6,2,0,0,0,0,0,1,0
2940,1990,6,4,2,0,0,1,2,0,0,0
2942,1995,3,3,1,0,0,0,0,0,0,0
2942,1996,2,2,0,0,0,0,0,0,1,0
2942,1997,3,3,1,0,0,1,0,0,1,0
2942,1998,2,2,1,0,0,0,0,0,1,0
2942,1999,1,0,0,0,0,0,1,0,0,0
2945,1995,4,4,0,0,0,0,0,0,1,0
2966,2004,1,1,1,0,0,1,0,0,0,0
2988,1988,13,12,3,1,0,0,1,0,1,0
2996,1999,3,3,0,0,0,0,0,0,1,0
2996,2000,1,1,1,0,0,1,0,0,0,0
2996,2001,1,0,0,0,0,0,1,0,0,0
2996,2003,1,1,0,0,0,0,0,0,0,0
2996,2004,4,3,2,0,0,0,1,0,1,0
3001,1995,3,2,2,0,0,1,1,0,0,0
3014,1987,15,11,0,0,0,0,4,0,2,0
3014,1988,8,6,2,1,0,1,2,0,0,0
3014,1991,3,1,1,0,0,0,2,0,0,0
3014,1992,1,1,1,1,0,0,0,0,0,0
3016,2000,3,2,0,0,0,0,0,1,2,0
3016,2007,2,1,0,0,0,0,1,0,0,0
3028,1993,7,6,4,3,0,0,1,0,0,0
3028,1994,11,8,4,1,0,1,3,0,2,0
3028,1995,6,5,2,0,0,1,1,0,2,0
3028,1996,10,8,2,1,1,0,2,0,0,0
3036,1993,2,0,0,0,0,0,2,0,0,0
3037,1986,3,3,1,0,0,0,0,0,1,0
3037,1987,3,2,0,0,0,0,1,0,0,0
3037,1988,4,4,0,0,0,0,0,0,2,0
3039,1997,2,2,1,0,0,0,0,0,1,0
3039,1998,11,9,5,2,1,0,2,0,1,0
3039,2000,8,7,2,0,0,0,1,0,1,0
3039,2001,3,3,0,0,0,0,0,0,1,0
3039,2004,2,1,1,0,0,1,1,0,0,0
3052,2002,3,2,0,0,0,0,1,0,0,0
3066,2004,2,1,0,0,0,0,1,0,0,0
3067,2002,2,2,1,1,0,0,0,0,1,0
3067,2003,3,2,0,0,0,0,0,1,0,0
3067,2004,2,1,0,0,0,0,1,0,0,0
3086,2007,2,2,2,0,0,1,0,0,0,0
3092,1995,1,0,0,0,0,0,1,0,0,0
3107,1990,1,0,0,0,0,0,1,0,0,0
3131,2004,1,1,0,0,0,0,0,0,0,0
3149,1995,1,1,0,0,0,0,0,0,0,0
3166,2001,10,8,4,1,0,2,2,0,0,0
3166,2003,9,7,1,0,0,1,2,0,1,0
3166,2004,4,4,1,0,0,0,0,0,1,0
3166,2005,5,4,2,1,0,1,1,0,0,0
3166,2007,4,3,2,1,0,0,1,0,0,0
3171,1999,1,1,1,0,0,1,0,0,0,0
3173,1986,7,6,2,1,0,0,1,0,0,0
3173,1996,1,1,1,0,0,0,0,0,0,0
3173,1997,2,2,0,0,0,0,0,0,1,0
3183,1987,2,2,0,0,0,0,0,0,1,0
3183,1993,2,1,1,1,0,0,1,0,0,0
3191,1998,2,1,0,0,0,0,1,0,1,0
3191,1999,3,2,1,0,0,0,1,0,0,0
3213,1988,3,2,0,0,0,0,1,0,0,0
3214,1989,1,1,1,0,0,0,0,0,0,0
3219,1996,1,1,0,0,0,0,0,0,0,0
3219,2001,1,1,0,0,0,0,0,0,0,0
3219,2004,1,1,0,0,0,0,0,0,0,0
3223,1999,1,1,0,0,0,0,0,0,0,0
3223,2000,6,5,4,1,0,2,1,0,1,0
3223,2001,3,3,2,0,0,2,0,0,1,0
3229,1998,3,2,2,1,0,0,1,0,0,0
3229,1999,3,3,1,0,0,1,0,0,1,0
3239,1994,1,1,0,0,0,0,0,0,0,0
3248,2001,3,2,2,0,0,2,1,0,0,0
3262,1997,5,4,1,0,0,0,0,0,0,1
3262,1998,3,3,0,0,0,0,0,0,0,0
3262,2002,1,1,1,0,0,1,0,0,0,0
3262,2004,2,2,1,0,0,0,0,0,0,0
3262,2006,2,1,0,0,0,0,1,0,0,0
3262,2007,2,2,0,0,0,0,0,0,0,0
3292,1997,2,2,1,0,0,1,0,0,0,0
3292,2000,1,1,0,0,0,0,0,0,0,0
3296,2002,3,1,1,0,0,0,2,0,0,0
3313,2002,1,1,0,0,0,0,0,0,1,0
3313,2006,3,3,1,1,0,0,0,0,0,0
3339,2002,3,1,0,0,0,0,1,1,0,0
3339,2004,7,7,3,0,0,0,0,0,0,0
3339,2006,3,1,0,0,0,0,1,1,0,0
3342,2000,1,1,0,0,0,0,0,0,1,0
3351,2000,3,2,1,0,0,1,1,0,0,0
3368,1994,1,1,1,1,0,0,0,0,0,0
3368,1997,1,1,1,1,0,0,0,0,0,0
3374,2006,1,1,1,0,0,0,0,0,0,0
3374,2007,1,1,0,0,0,0,0,0,0,0
3406,1990,2,1,0,0,0,0,1,0,0,0
3410,1999,2,2,1,0,0,0,0,0,0,0
3410,2000,2,2,0,0,0,0,0,0,0,0
3410,2001,2,2,1,1,0,0,0,0,0,0
3410,2002,1,0,0,0,0,0,1,0,0,0
3410,2004,1,0,0,0,0,0,1,0,0,0
3420,1991,3,2,1,0,0,0,1,0,0,0
3420,1992,3,3,0,0,0,0,0,0,1,0
3420,1993,3,3,1,0,0,0,0,0,1,0
3420,1994,10,7,3,1,0,1,3,0,0,0
3420,1996,9,7,2,0,0,0,2,0,1,0
3420,1997,4,4,1,0,0,0,0,0,1,0
3420,2001,1,1,0,0,0,0,0,0,1,0
3420,2002,1,1,1,0,0,0,0,0,0,0
3420,2004,7,6,4,1,0,1,1,0,1,0
3442,2006,1,1,0,0,0,0,0,0,1,0
3442,2007,1,1,0,0,0,0,0,0,1,0
3455,1997,3,2,0,0,0,0,1,0,1,0
3455,1999,3,2,1,0,0,0,1,0,0,0
3455,2000,3,3,1,1,0,0,0,0,0,0
3460,2003,1,1,1,0,0,0,0,0,0,0
3466,2000,7,6,1,1,0,0,1,0,0,0
3466,2001,3,2,1,1,0,0,1,0,0,0
3468,1986,12,9,3,1,0,0,3,0,3,0
3468,1987,13,12,4,0,1,1,1,0,1,0
3468,1988,7,6,0,0,0,0,1,0,2,0
3468,1989,14,13,2,1,0,0,1,0,2,0
3468,1990,6,6,1,0,0,0,0,0,3,0
3468,1991,6,6,3,0,0,0,0,0,1,0
3468,1992,12,9,3,0,0,0,2,1,0,0
3468,1993,3,2,0,0,0,0,1,0,1,0
3468,1995,3,3,0,0,0,0,0,0,1,0
3468,1996,4,3,2,0,0,0,1,0,0,0
3482,1998,1,1,0,0,0,0,0,0,0,0
3482,2000,2,1,0,0,0,0,1,0,1,0
3482,2001,1,1,0,0,0,0,0,0,0,0
3482,2002,2,0,0,0,0,0,2,0,0,0
3482,2004,3,1,1,1,0,0,1,0,0,1
3494,2003,1,0,0,0,0,0,1,0,0,0
3509,2001,3,2,1,0,0,1,1,0,1,0
3509,2002,3,2,1,0,0,1,1,0,0,0
3511,2001,1,1,0,0,0,0,0,0,1,0
3511,2002,6,3,2,1,0,1,3,0,0,0
3511,2004,1,1,0,0,0,0,0,0,0,0
3512,2004,1,1,0,0,0,0,0,0,0,0
3519,1998,4,2,1,0,0,0,2,0,0,0
3531,1987,2,2,0,0,0,0,0,0,0,0
3571,1995,1,1,1,0,0,0,0,0,0,0
3577,1995,1,0,0,0,0,0,1,0,0,0
3577,1996,3,3,1,0,0,0,0,0,1,0
3579,1995,3,3,1,0,0,0,0,0,0,0
3588,2007,1,1,0,0,0,0,0,0,0,0
3589,2007,2,1,0,0,0,0,1,0,1,0
3596,2006,3,2,0,0,0,0,1,0,0,0
3600,2002,3,1,1,0,0,0,2,0,0,0
3600,2003,2,2,1,0,0,0,0,0,0,0
3600,2004,3,1,0,0,0,0,2,0,0,0
3600,2006,6,5,1,0,0,0,1,0,0,0
3600,2007,10,7,0,0,0,0,3,0,1,0
3611,1986,1,1,0,0,0,0,0,0,0,0
3619,2004,1,1,1,0,0,1,0,0,0,0
3634,1986,3,3,0,0,0,0,0,0,0,0
3634,1987,10,10,2,0,0,0,0,0,0,0
3634,1989,4,4,1,0,0,0,0,0,0,0
3641,1994,1,1,1,0,0,0,0,0,0,0
3644,2004,3,3,2,0,0,1,0,0,0,0
3647,1995,5,5,0,0,0,0,0,0,3,0
3647,1996,7,6,2,0,0,1,1,0,1,0
3647,1997,3,2,1,1,0,0,1,0,1,0
3650,2002,1,0,0,0,0,0,1,0,0,0
3651,1994,3,2,0,0,0,0,1,0,1,0
3651,1995,9,9,1,0,0,1,0,0,3,0
3651,1996,6,6,2,0,0,0,0,0,0,0
3651,1997,5,4,2,1,0,1,1,0,0,0
3651,2001,1,1,0,0,0,0,0,0,0,0
3657,1992,1,1,0,0,0,0,0,0,0,0
3659,2003,2,0,0,0,0,0,1,1,0,0
3659,2004,1,1,0,0,0,0,0,0,1,0
3665,2001,3,1,0,0,0,0,2,0,0,0
3681,1986,5,5,1,0,0,0,0,0,1,0
3681,1987,3,3,0,0,0,0,0,0,1,0
3681,1988,2,2,0,0,0,0,0,0,0,0
3681,1989,2,2,0,0,0,0,0,0,0,0
3681,1990,4,4,1,0,0,0,0,0,0,0
3681,1991,1,1,1,0,0,0,0,0,0,0
3681,1992,4,3,1,1,0,0,1,0,0,0
3681,1993,1,1,0,0,0,0,0,0,0,0
3681,1994,6,5,1,0,0,0,0,0,1,1
3681,1995,1,1,1,1,0,0,0,0,0,0
3681,1996,3,2,0,0,0,0,1,0,0,0
3681,1997,1,0,0,0,0,0,1,0,0,0
3681,1998,1,1,1,0,0,0,0,0,0,0
3681,1999,1,1,1,0,0,0,0,0,0,0
3681,2000,2,2,0,0,0,0,0,0,0,0
3681,2001,2,2,0,0,0,0,0,0,1,0
3683,2004,3,1,0,0,0,0,2,0,1,0
3683,2005,3,3,2,0,0,0,0,0,0,0
3683,2006,6,4,1,0,0,1,1,1,0,0
3683,2007,11,9,2,0,0,1,2,0,0,0
3694,2007,1,1,1,0,0,1,0,0,0,0
3699,2000,1,1,1,0,0,0,0,0,0,0
3702,1995,3,2,1,0,0,1,1,0,1,0
3702,1997,2,1,0,0,0,0,0,1,0,0
3702,1998,4,3,0,0,0,0,1,0,2,0
3703,2004,1,1,0,0,0,0,0,0,0,0
3704,1991,2,2,1,0,0,1,0,0,0,0
3707,1986,3,3,1,0,0,0,0,0,0,0
3712,1993,1,1,0,0,0,0,0,0,0,0
3726,1986,2,2,1,0,0,0,0,0,0,0
3726,1988,8,5,3,1,0,0,3,0,0,0
3726,1991,2,2,1,1,0,0,0,0,0,0
3726,1992,1,0,0,0,0,0,1,0,0,0
3726,1994,4,4,2,0,0,0,0,0,0,0
3726,1996,3,3,1,1,0,0,0,0,0,0
3741,1990,6,5,1,0,0,0,1,0,0,0
3741,1991,7,7,5,1,0,1,0,0,1,0
3754,1988,3,3,0,0,0,0,0,0,0,0
3754,1989,4,4,2,0,0,0,0,0,0,0
3765,2002,3,3,2,1,0,1,0,0,0,0
3765,2003,4,4,3,0,0,0,0,0,1,0
3765,2004,2,1,1,1,0,0,0,1,0,0
3765,2006,2,2,2,0,0,1,0,0,0,0
3765,2007,4,2,0,0,0,0,2,0,1,0
3786,2006,3,3,0,0,0,0,0,0,2,0
3798,2002,1,1,1,0,0,0,0,0,0,0
3809,1999,3,3,0,0,0,0,0,0,1,0
3809,2000,2,2,0,0,0,0,0,0,2,0
3809,2001,9,8,2,0,0,0,0,1,2,0
3809,2002,3,1,1,1,0,0,2,0,0,0
3809,2003,2,1,0,0,0,0,1,0,0,0
3809,2004,4,2,2,0,0,1,2,0,0,0
3832,2004,1,0,0,0,0,0,1,0,0,0
3832,2006,2,2,1,0,0,0,0,0,0,0
3834,2007,5,2,2,1,0,0,3,0,0,0
3870,1999,2,2,1,0,0,0,0,0,0,0
3870,2001,3,3,0,0,0,0,0,0,0,0
3916,1991,6,5,3,1,0,1,1,0,1,0
3916,1992,3,2,1,0,0,1,1,0,0,0
3916,1994,1,1,0,0,0,0,0,0,0,0
3916,1995,2,1,0,0,0,0,1,0,0,0
3917,1993,2,1,0,0,0,0,1,0,0,0
3923,2000,5,4,0,0,0,0,1,0,3,0
3925,2003,3,2,1,0,0,1,1,0,1,0
3940,1986,1,1,1,1,0,0,0,0,0,0
3940,1987,5,5,2,0,1,0,0,0,0,0
3940,1988,2,2,0,0,0,0,0,0,0,0
3940,1989,3,2,1,0,0,0,1,0,1,0
3940,1990,9,7,3,1,0,1,2,0,1,0
3966,2006,3,2,1,0,0,0,1,0,0,0
3966,2007,6,5,2,0,0,0,1,0,1,0
3989,2003,4,3,2,0,0,0,1,0,1,0
4003,2007,3,3,0,0,0,0,0,0,1,0
4030,1992,4,2,1,1,0,0,2,0,1,0
4057,2003,1,1,0,0,0,0,0,0,0,0
4076,2004,3,3,1,0,0,1,0,0,0,0
4095,1987,5,4,0,0,0,0,0,1,0,0
4095,1988,10,7,2,0,0,0,3,0,1,0
4095,1989,3,3,1,0,0,0,0,0,2,0
4095,1992,9,8,3,1,1,0,1,0,0,0
4095,1993,9,8,4,2,0,1,1,0,1,0
4095,1995,10,9,4,1,0,1,1,0,1,0
4095,1996,10,9,2,0,0,0,1,0,4,0
4095,1997,10,9,4,1,0,1,1,0,0,0
4095,1998,10,8,1,0,0,0,1,0,1,1
4095,1999,3,3,2,1,0,0,0,0,0,0
4095,2000,6,6,1,0,0,0,0,0,0,0
4095,2001,3,1,0,0,0,0,2,0,0,0
4095,2002,3,3,1,0,0,0,0,0,0,0
4095,2004,3,1,1,0,1,0,2,0,0,0
4095,2006,3,1,0,0,0,0,2,0,0,0
4095,2007,7,5,2,0,0,1,2,0,0,0
4105,1999,2,1,1,0,0,1,1,0,0,0
4105,2000,3,2,0,0,0,0,1,0,0,0
4142,1993,2,2,0,0,0,0,0,0,0,0
4146,1997,2,1,1,0,0,0,1,0,0,0
4146,1998,4,3,0,0,0,0,1,0,2,0
4146,1999,1,1,1,1,0,0,0,0,0,0
4146,2000,1,0,0,0,0,0,0,0,0,1
4146,2001,1,0,0,0,0,0,1,0,0,0
4161,2001,2,1,1,1,0,0,1,0,0,0
4163,2004,2,1,1,0,0,1,1,0,0,0
4163,2006,3,3,0,0,0,0,0,0,0,0
4163,2007,9,7,3,0,0,2,2,0,1,0
4164,2006,7,6,2,0,0,0,1,0,1,0
4173,1997,6,6,0,0,0,0,0,0,1,0
4180,2004,1,1,0,0,0,0,0,0,0,0
4199,2003,2,1,0,0,0,0,1,0,0,0
4199,2004,3,2,1,1,0,0,1,0,0,0
4203,1986,12,7,3,1,0,0,4,1,3,0
4203,1987,5,5,2,0,0,1,0,0,1,0
4203,1988,18,16,4,0,0,1,2,0,2,0
4203,1989,4,4,0,0,0,0,0,0,1,0
4203,1990,13,11,7,3,0,0,2,0,0,0
4203,1991,6,5,0,0,0,0,1,0,2,0
4203,1992,10,8,4,1,0,1,2,0,1,0
4203,1993,7,6,0,0,0,0,1,0,0,0
4219,2002,2,1,0,0,0,0,1,0,1,0
4219,2006,1,1,0,0,0,0,0,0,1,0
4231,2006,3,2,1,1,0,0,1,0,1,0
4231,2007,4,3,1,0,0,0,1,0,0,0
4239,1986,1,0,0,0,0,0,1,0,0,0
4239,1987,3,3,1,0,0,0,0,0,0,0
4239,1988,3,2,0,0,0,0,1,0,0,0
4239,1989,2,2,0,0,0,0,0,0,0,0
4242,1987,1,1,1,0,0,0,0,0,0,0
4242,1990,2,2,0,0,0,0,0,0,0,0
4242,1991,1,1,0,0,0,0,0,0,1,0
4242,1992,2,2,0,0,0,0,0,0,2,0
4242,1993,2,2,0,0,0,0,0,0,1,0
4242,1994,2,1,0,0,0,0,1,0,0,0
4242,1995,2,1,0,0,0,0,1,0,0,0
4246,1994,4,4,2,2,0,0,0,0,0,0
4249,2004,1,1,1,0,0,1,0,0,0,0
4249,2006,1,1,0,0,0,0,0,0,1,0
4249,2007,1,0,0,0,0,0,0,0,0,1
4253,1999,3,2,0,0,0,0,1,0,1,0
4259,1995,3,2,2,0,0,1,1,0,0,0
4259,1999,3,2,0,0,0,0,0,0,0,1
4271,1987,7,5,1,0,0,0,2,0,1,0
4271,1988,3,3,2,1,0,0,0,0,0,0
4271,1989,1,1,0,0,0,0,0,0,0,0
4271,1990,4,3,1,0,0,0,1,0,0,0
4271,1993,2,2,2,0,0,0,0,0,0,0
4282,1999,1,1,1,0,0,0,0,0,0,0
4282,2000,3,2,1,0,0,0,1,0,0,0
4282,2001,1,1,1,0,0,1,0,0,0,0
4282,2002,3,1,1,0,0,0,2,0,0,0
4282,2003,3,2,0,0,0,0,1,0,1,0
4282,2004,1,0,0,0,0,0,1,0,0,0
4328,1991,12,9,4,1,0,2,2,0,2,1
4328,1992,6,4,3,0,0,1,2,0,1,0
4328,1993,3,2,0,0,0,0,1,0,0,0
4328,1994,2,2,0,0,0,0,0,0,1,0
4329,1995,7,6,1,0,0,1,1,0,2,0
4329,1997,2,1,0,0,0,0,1,0,0,0
4329,1998,3,2,0,0,0,0,1,0,0,0
4364,1989,3,2,0,0,0,0,1,0,0,0
4364,1990,1,0,0,0,0,0,1,0,0,0
4364,1991,4,4,0,0,0,0,0,0,0,0
4364,2006,1,1,0,0,0,0,0,0,0,0
4372,1997,2,2,0,0,0,0,0,0,0,0
4372,1998,2,1,0,0,0,0,1,0,0,0
4372,1999,1,1,0,0,0,0,0,0,0,0
4372,2002,1,1,0,0,0,0,0,0,1,0
4372,2004,1,1,0,0,0,0,0,0,0,0
4374,1989,1,0,0,0,0,0,1,0,0,0
4377,1986,4,3,0,0,0,0,1,0,1,0
4377,1987,9,9,3,0,0,1,0,0,0,0
4377,1988,19,16,5,0,1,1,3,0,1,0
4377,1989,8,8,1,1,0,0,0,0,1,0
4377,1990,10,8,3,1,0,0,2,0,2,0
4377,1991,5,3,0,0,0,0,2,0,0,0
4377,1992,7,2,1,0,0,0,5,0,0,0
4377,1993,10,7,0,0,0,0,3,0,3,0
4378,1991,5,4,1,0,0,1,1,0,0,0
4393,2002,1,0,0,0,0,0,1,0,0,0
4393,2003,1,0,0,0,0,0,1,0,0,0
4393,2004,2,1,1,0,0,0,1,0,0,0
4399,2003,1,0,0,0,0,0,1,0,0,0
4399,2006,1,0,0,0,0,0,1,0,0,0
4420,1992,4,3,1,0,0,0,1,0,0,0
4420,1993,3,3,0,0,0,0,0,0,1,0
4435,1986,1,1,0,0,0,0,0,0,0,0
4435,1987,7,7,3,0,1,1,0,0,0,0
4435,1990,9,7,4,3,0,0,2,0,0,0
4438,1986,3,3,2,0,0,0,0,0,1,0
4439,1995,2,2,1,1,0,0,0,0,1,0
4439,1998,1,0,0,0,0,0,1,0,0,0
4450,1995,1,0,0,0,0,0,1,0,0,0
4450,1996,4,3,1,0,0,1,1,0,0,0
4450,1997,4,4,3,0,0,1,0,0,0,0
4450,1998,3,2,0,0,0,0,1,0,0,0
4450,2001,2,1,0,0,0,0,1,0,1,0
4450,2002,1,0,0,0,0,0,1,0,0,0
4450,2003,3,1,0,0,0,0,2,0,0,0
4459,2006,2,2,0,0,0,0,0,0,1,0
4465,2000,3,3,1,1,0,0,0,0,0,0
4465,2001,1,0,0,0,0,0,1,0,0,0
4466,1993,3,3,1,0,1,0,0,0,0,0
4485,1995,2,2,1,0,0,0,0,0,1,0
4487,2003,3,2,0,0,0,0,1,0,1,0
4510,1998,6,5,3,2,0,0,1,0,0,0
4510,2000,3,2,0,0,0,0,1,0,1,0
4520,1986,6,6,1,1,0,0,0,0,3,0
4520,1990,6,4,3,1,0,1,2,0,0,0
4526,2003,2,1,1,0,0,1,1,0,0,0
4530,2002,4,2,1,1,0,0,2,0,0,0
4536,2006,3,3,1,0,0,1,0,0,1,0
4543,2007,4,4,2,1,0,0,0,0,1,0
4552,1994,7,6,1,0,1,0,1,0,0,0
4552,1995,7,7,3,0,0,1,0,0,2,0
4552,1996,2,2,1,0,0,1,0,0,0,0
4552,1997,3,2,1,0,0,1,1,0,0,0
4552,1998,6,5,0,0,0,0,1,0,1,0
4558,1987,6,5,1,0,0,0,1,0,1,0
4558,1988,3,3,1,0,1,0,0,0,0,0
4558,1989,3,2,1,0,0,0,0,0,0,1
4558,1990,2,1,0,0,0,0,0,0,0,1
4559,1990,5,4,2,1,0,1,1,0,0,0
4559,1991,8,8,3,1,0,0,0,0,0,0
4559,1992,6,5,1,0,0,0,1,0,2,0
4559,1993,10,9,4,0,0,1,1,0,3,0
4559,1995,4,4,1,0,0,1,0,0,1,0
4559,1996,2,2,2,0,0,0,0,0,0,0
4559,2002,1,0,0,0,0,0,1,0,0,0
4569,2006,5,4,1,0,0,0,0,1,1,0
4569,2007,1,1,1,0,0,0,0,0,0,0
4570,1994,3,3,2,0,0,1,0,0,1,0
4570,1995,4,3,1,1,0,0,1,0,0,0
4570,1996,10,10,3,0,0,1,0,0,0,0
4570,1997,9,6,1,0,0,0,2,1,1,0
4570,1998,3,3,0,0,0,0,0,0,1,0
4570,1999,3,2,0,0,0,0,1,0,0,0
4570,2000,7,5,2,0,0,0,2,0,0,0
4570,2001,11,7,3,0,0,2,4,0,1,0
4570,2002,10,7,1,0,0,1,1,1,0,1
4572,2006,2,0,0,0,0,0,1,1,0,0
4577,1996,1,1,0,0,0,0,0,0,0,0
4585,1991,3,2,1,0,0,0,1,0,1,0
4585,1992,2,2,2,0,0,1,0,0,0,0
4598,2007,2,2,0,0,0,0,0,0,0,0
4604,1994,8,7,1,0,0,1,1,0,2,0
4605,1995,1,1,1,0,0,0,0,0,0,0
4611,2002,2,0,0,0,0,0,2,0,0,0
4611,2003,3,3,0,0,0,0,0,0,0,0
4611,2006,8,8,2,0,0,1,0,0,0,0
4611,2007,3,1,1,0,0,1,2,0,0,0
4619,2004,4,2,0,0,0,0,2,0,0,0
4620,2003,3,3,0,0,0,0,0,0,0,0
4620,2004,2,1,0,0,0,0,1,0,0,0
4620,2006,6,3,1,0,0,1,3,0,0,0
4620,2007,6,5,3,0,0,0,1,0,2,0
4625,2004,4,3,3,1,0,2,1,0,0,0
4626,1990,3,2,0,0,0,0,0,0,0,1
4626,1991,2,2,1,0,0,0,0,0,1,0
4626,1993,4,4,3,0,0,1,0,0,0,0
4626,1994,2,2,0,0,0,0,0,0,0,0
4631,1991,6,6,0,0,0,0,0,0,0,0
4631,1992,6,5,1,0,0,1,1,0,1,0
4631,1993,9,6,2,0,0,0,2,1,0,0
4631,1994,6,3,1,0,0,1,2,0,0,1
4631,1996,7,4,3,0,0,1,3,0,0,0
4631,1998,3,1,1,0,0,1,2,0,0,0
4631,1999,3,1,0,0,0,0,1,0,0,1
4631,2001,3,2,1,1,0,0,1,0,0,0
4637,2002,1,1,0,0,0,0,0,0,0,0
4651,1988,5,4,2,0,0,1,1,0,0,0
4651,1989,2,2,0,0,0,0,0,0,1,0
4651,1995,1,0,0,0,0,0,1,0,0,0
4652,1989,3,3,1,1,0,0,0,0,0,0
4652,1990,6,5,1,0,0,0,1,0,1,0
4652,1991,6,5,2,0,0,1,1,0,2,0
4652,1992,8,7,1,0,0,1,0,0,1,1
4652,1993,9,6,3,1,0,1,3,0,0,0
4652,1994,7,6,4,1,0,2,0,0,0,1
4653,1989,1,1,0,0,0,0,0,0,0,0
4653,1993,2,2,0,0,0,0,0,0,1,0
4670,1997,1,0,0,0,0,0,1,0,0,0
4671,1997,2,1,1,1,0,0,1,0,0,0
4684,1995,2,1,0,0,0,0,1,0,0,0
4684,1996,2,1,1,0,0,1,1,0,0,0
4696,1990,2,1,1,0,0,1,1,0,0,0
4696,1991,1,1,1,0,0,1,0,0,0,0
4696,1992,1,0,0,0,0,0,1,0,0,0
4700,1993,2,1,0,0,0,0,0,0,1,1
4700,1995,1,0,0,0,0,0,1,0,0,0
4708,1997,2,2,0,0,0,0,0,0,1,0
4708,2000,2,1,1,0,0,1,1,0,0,0
4727,1987,1,1,0,0,0,0,0,0,0,0
4727,1988,2,1,0,0,0,0,1,0,0,0
4729,1986,3,2,0,0,0,0,0,0,0,1
4729,1987,6,5,3,0,0,2,1,0,0,0
4729,1988,8,7,4,0,0,1,1,0,1,0
4731,2003,2,1,0,0,0,0,1,0,0,0
4731,2004,1,1,1,1,0,0,0,0,0,0
4744,1998,3,3,0,0,0,0,0,0,1,0
4744,2000,6,2,2,0,0,1,3,0,0,1
4744,2001,9,8,4,1,0,2,1,0,1,0
4744,2002,6,3,2,0,0,1,3,0,0,0
4744,2003,2,2,1,0,0,0,0,0,1,0
4768,1987,4,4,0,0,0,0,0,0,0,0
4768,1988,7,6,4,2,0,1,1,0,1,0
4785,2003,3,2,2,0,0,1,1,0,0,0
4785,2006,1,0,0,0,0,0,1,0,0,0
4789,1989,2,2,1,1,0,0,0,0,0,0
4803,1997,7,4,0,0,0,0,3,0,0,0
4803,1999,3,3,1,0,0,1,0,0,0,0
4803,2000,3,3,0,0,0,0,0,0,3,0
4803,2002,10,6,2,0,0,1,4,0,1,0
4825,2004,4,4,1,0,0,0,0,0,0,0
4825,2006,7,3,1,0,0,0,4,0,0,0
4825,2007,4,4,0,0,0,0,0,0,0,0
4827,1994,1,1,0,0,0,0,0,0,0,0
4831,1995,3,3,0,0,0,0,0,0,1,0
4840,1992,7,7,2,2,0,0,0,0,1,0
4840,1993,8,7,5,0,0,0,0,0,1,1
4840,1994,4,4,1,0,0,1,0,0,1,0
4840,1995,7,6,2,0,0,1,1,0,1,0
4844,1991,2,2,1,0,0,0,0,0,1,0
4844,1992,2,2,2,1,1,0,0,0,0,0
4845,1995,1,1,1,0,0,0,0,0,0,0
4845,1996,3,2,0,0,0,0,1,0,1,0
4845,1998,3,1,0,0,0,0,2,0,0,0
4845,1999,1,1,1,1,0,0,0,0,0,0
4853,2005,3,1,0,0,0,0,2,0,0,0
4853,2006,7,6,0,0,0,0,1,0,0,0
4853,2007,9,5,3,1,0,1,4,0,0,0
4857,2000,6,3,0,0,0,0,3,0,1,0
4857,2004,2,1,1,1,0,0,1,0,0,0
4862,1997,1,1,0,0,0,0,0,0,1,0
4862,1998,6,3,0,0,0,0,3,0,0,0
4862,1999,5,3,0,0,0,0,1,1,1,0
4862,2000,2,2,0,0,0,0,0,0,1,0
4862,2002,1,1,0,0,0,0,0,0,1,0
4862,2003,1,1,1,0,0,1,0,0,0,0
4863,1992,4,0,0,0,0,0,4,0,0,0
4863,1994,5,4,1,0,0,1,1,0,1,0
4863,1995,11,9,4,0,0,1,1,1,1,0
4863,1999,3,2,0,0,0,0,1,0,0,0
4863,2000,3,3,0,0,0,0,0,0,3,0
4863,2001,3,2,0,0,0,0,1,0,0,0
4869,1999,1,1,1,1,0,0,0,0,0,0
4869,2000,1,1,1,0,0,1,0,0,0,0
4869,2001,6,5,1,0,0,0,1,0,1,0
4869,2002,1,0,0,0,0,0,1,0,0,0
4869,2003,1,1,0,0,0,0,0,0,0,0
4869,2007,2,2,0,0,0,0,0,0,0,0
4871,1997,6,5,1,0,0,0,1,0,1,0
4871,1998,4,3,1,0,0,1,1,0,0,0
4871,1999,3,3,1,0,0,0,0,0,1,0
4871,2000,4,1,1,0,0,1,3,0,0,0
4871,2001,2,0,0,0,0,0,2,0,0,0
4882,2004,2,2,0,0,0,0,0,0,0,0
4896,2006,3,2,1,0,0,1,1,0,1,0
4901,1992,1,1,0,0,0,0,0,0,0,0
4901,1994,2,2,1,0,0,0,0,0,1,0
4902,2001,1,0,0,0,0,0,1,0,0,0
4910,1997,4,2,0,0,0,0,2,0,0,0
4910,1998,3,2,1,0,0,1,1,0,0,0
4910,2004,3,2,1,0,0,0,1,0,1,0
4910,2005,4,3,1,0,0,1,1,0,0,0
4910,2006,4,2,1,0,0,1,2,0,0,0
4910,2007,10,8,5,0,0,1,2,0,1,0
4912,1987,3,3,0,0,0,0,0,0,0,0
4916,2006,3,1,1,0,0,0,2,0,0,0
4916,2007,3,3,0,0,0,0,0,0,0,0
4929,1990,1,1,1,0,0,0,0,0,0,0
4929,1992,3,1,1,0,0,1,2,0,0,0
4929,1993,1,1,1,0,0,1,0,0,0,0
4929,1995,3,3,1,0,0,1,0,0,0,0
4929,1996,1,1,1,0,0,0,0,0,0,0
4929,1998,1,0,0,0,0,0,0,1,0,0
4930,2007,1,1,0,0,0,0,0,0,1,0
4956,1986,8,7,1,0,0,1,1,0,1,0
4956,1987,10,10,3,0,0,0,0,0,5,0
4956,1988,14,14,5,0,0,2,0,0,3,0
4956,1989,11,10,1,0,0,0,1,0,1,0
4956,1992,7,3,1,0,0,1,4,0,0,0
4956,1993,14,8,0,0,0,0,6,0,1,0
4956,1994,10,8,4,1,0,1,2,0,0,0
4956,1999,3,3,0,0,0,0,0,0,1,0
4960,1986,3,3,1,0,0,0,0,0,0,0
4960,1987,1,1,0,0,0,0,0,0,0,0
4960,1988,8,6,4,0,0,0,2,0,0,0
4960,1989,6,6,2,0,0,1,0,0,2,0
4960,1990,2,2,0,0,0,0,0,0,0,0
4972,1993,7,4,2,0,0,0,3,0,0,0
4975,1991,2,1,0,0,0,0,1,0,0,0
4975,1992,2,1,0,0,0,0,1,0,1,0
4975,1995,1,1,0,0,0,0,0,0,1,0
5004,1992,1,0,0,0,0,0,1,0,0,0
5004,1993,2,2,1,0,0,0,0,0,0,0
5004,1994,2,1,1,0,0,1,0,1,0,0
5012,1989,6,4,1,0,0,0,2,0,0,0
5012,1990,5,4,2,0,0,1,1,0,0,0
5012,1991,7,4,0,0,0,0,3,0,1,0
5012,1992,3,3,0,0,0,0,0,0,0,0
5012,1993,4,2,1,0,0,0,2,0,0,0
5012,1994,12,10,4,0,0,2,2,0,0,0
5012,1995,3,2,0,0,0,0,1,0,0,0
5012,1997,4,3,2,1,0,1,1,0,0,0
5015,1993,3,1,0,0,0,0,2,0,0,0
5016,2006,3,2,0,0,0,0,1,0,0,0
5016,2007,3,2,1,1,0,0,1,0,0,0
5017,1988,6,5,0,0,0,0,1,0,0,0
5042,2007,6,3,0,0,0,0,3,0,0,0
5045,1997,6,5,2,1,0,1,1,0,0,0
5045,1998,6,5,2,1,0,1,1,0,0,0
5045,1999,9,7,2,1,0,1,2,0,3,0
5063,2003,1,1,1,0,0,1,0,0,0,0
5072,1986,4,3,2,0,0,0,0,1,0,0
5072,1987,2,2,1,0,0,0,0,0,0,0
5079,1993,3,1,0,0,0,0,2,0,0,0
5079,1994,1,1,1,0,0,0,0,0,0,0
5079,1995,3,3,2,0,0,1,0,0,0,0
5079,1996,5,4,1,0,0,0,1,0,0,0
5079,1997,1,0,0,0,0,0,1,0,0,0
5079,1998,1,1,0,0,0,0,0,0,1,0
5079,2000,2,2,0,0,0,0,0,0,1,0
5079,2001,1,1,0,0,0,0,0,0,1,0
5079,2002,4,2,1,0,0,1,2,0,1,0
5079,2004,1,1,0,0,0,0,0,0,0,0
5079,2005,2,2,0,0,0,0,0,0,0,0
5105,1988,10,10,4,1,0,0,0,0,0,0
5105,1989,1,1,0,0,0,0,0,0,0,0
5108,1994,2,2,0,0,0,0,0,0,1,0
5108,1995,1,1,1,0,0,0,0,0,0,0
5108,1996,2,2,0,0,0,0,0,0,0,0
5108,1997,3,3,0,0,0,0,0,0,0,0
5108,2000,1,1,0,0,0,0,0,0,1,0
5116,1987,2,2,0,0,0,0,0,0,0,0
5116,1988,1,1,0,0,0,0,0,0,0,0
5118,1997,10,6,2,0,0,0,3,1,0,0
5121,1997,1,1,0,0,0,0,0,0,0,0
5121,1998,1,1,0,0,0,0,0,0,0,0
5121,2000,1,0,0,0,0,0,1,0,0,0
5121,2002,1,0,0,0,0,0,1,0,0,0
5128,1986,6,5,1,1,0,0,1,0,0,0
5128,1987,4,4,0,0,0,0,0,0,1,0
5128,1996,4,3,0,0,0,0,0,0,1,1
5139,1996,2,1,0,0,0,0,1,0,0,0
5144,2004,1,1,0,0,0,0,0,0,0,0
5152,1986,7,7,3,0,0,0,0,0,1,0
5152,1987,8,8,2,1,0,0,0,0,3,0
5152,1989,5,4,1,1,0,0,1,0,1,0
5152,1990,3,3,1,0,0,0,0,0,0,0
5166,1994,6,5,1,0,0,0,1,0,1,0
5167,2005,1,1,1,0,0,0,0,0,0,0
5181,2003,3,1,1,0,0,0,2,0,0,0
5201,1988,3,3,0,0,0,0,0,0,0,0
5201,1989,2,2,0,0,0,0,0,0,1,0
5201,1990,2,1,1,0,0,0,1,0,0,0
5201,1991,1,0,0,0,0,0,0,0,0,1
5201,1992,3,2,1,0,0,1,1,0,1,0
5201,1993,2,2,1,0,0,0,0,0,1,0
5204,1986,2,2,0,0,0,0,0,0,2,0
5204,1987,1,1,0,0,0,0,0,0,1,0
5204,1989,13,11,4,2,0,1,2,0,1,0
5204,1990,6,5,1,1,0,0,1,0,1,0
5228,1994,1,1,0,0,0,0,0,0,0,0
5228,1998,1,1,0,0,0,0,0,0,0,0
5228,1999,1,1,0,0,0,0,0,0,0,0
5232,1986,6,5,2,0,0,2,1,0,0,0
5243,1999,3,2,1,0,0,0,1,0,0,0
5243,2000,3,2,2,0,0,2,0,0,0,1
5243,2001,3,2,0,0,0,0,1,0,0,0
5243,2002,7,5,1,1,0,0,2,0,0,0
5243,2003,4,3,2,0,0,0,1,0,0,0
5243,2006,6,5,3,0,0,2,1,0,0,0
5243,2007,8,8,2,0,0,1,0,0,1,0
5271,1986,4,4,0,0,0,0,0,0,2,0
5271,1987,4,4,3,1,0,0,0,0,0,0
5289,1996,2,1,1,0,0,1,1,0,0,0
5298,1989,16,14,6,3,0,0,2,0,2,0
5298,1990,10,7,4,0,0,2,3,0,1,0
5298,1991,6,4,1,0,0,0,2,0,1,0
5298,1992,2,1,1,0,0,1,1,0,0,0
5315,1997,1,1,0,0,0,0,0,0,0,0
5327,2007,3,2,0,0,0,0,1,0,1,0
5346,1987,1,1,0,0,0,0,0,0,0,0
5346,1989,2,2,0,0,0,0,0,0,0,0
5346,1990,2,2,0,0,0,0,0,0,0,0
5346,1991,2,2,1,0,0,0,0,0,1,0
5346,1992,2,2,0,0,0,0,0,0,0,0
5346,1993,2,1,1,0,0,0,1,0,0,0
5349,2000,3,3,0,0,0,0,0,0,0,0
5359,2002,3,2,0,0,0,0,1,0,2,0
5359,2003,9,8,2,0,0,1,1,0,2,0
5359,2004,7,5,1,0,0,0,2,0,0,0
5361,1996,7,6,0,0,0,0,1,0,1,0
5361,1997,3,1,0,0,0,0,2,0,0,0
5361,2000,2,2,0,0,0,0,0,0,0,0
5361,2001,1,1,0,0,0,0,0,0,1,0
5361,2002,1,1,0,0,0,0,0,0,1,0
5361,2003,1,1,1,0,0,1,0,0,0,0
5366,2002,1,0,0,0,0,0,1,0,0,0
5379,1988,4,3,0,0,0,0,1,0,1,0
5379,1991,5,4,1,0,0,0,1,0,0,0
5379,1992,7,6,3,0,0,0,1,0,0,0
5379,1993,9,8,4,1,0,1,1,0,0,0
5379,1994,12,11,3,0,0,0,1,0,1,0
5379,1996,3,3,2,0,0,1,0,0,0,0
5379,1997,6,5,1,0,0,1,1,0,1,0
5384,2003,3,1,0,0,0,0,1,1,1,0
5392,1986,1,1,0,0,0,0,0,0,0,0
5392,1987,2,1,0,0,0,0,1,0,0,0
5392,1992,2,2,1,0,0,0,0,0,0,0
5392,1995,1,1,0,0,0,0,0,0,0,0
5392,2001,3,3,1,0,0,0,0,0,1,0
5402,2006,3,1,0,0,0,0,2,0,0,0
5407,1994,3,2,1,0,0,1,1,0,0,0
5420,2006,3,0,0,0,0,0,2,1,0,0
5430,2001,1,1,0,0,0,0,0,0,0,0
5444,1995,2,0,0,0,0,0,2,0,0,0
5444,1996,6,3,2,1,0,0,3,0,0,0
5444,2000,3,3,0,0,0,0,0,0,0,0
5444,2001,8,7,0,0,0,0,1,0,2,0
5444,2002,7,5,1,0,0,1,2,0,0,0
5444,2003,7,4,2,0,0,0,3,0,1,0
5480,2001,6,6,2,0,0,1,0,0,1,0
5480,2002,12,10,4,1,0,1,2,0,1,0
5480,2003,9,5,2,1,0,0,4,0,0,0
5480,2004,6,2,1,0,0,0,4,0,1,0
5480,2006,12,9,5,2,0,0,3,0,0,0
5503,1988,1,1,0,0,0,0,0,0,0,0
5505,1999,2,2,2,0,0,1,0,0,0,0
5505,2000,1,1,0,0,0,0,0,0,0,0
5505,2002,4,4,0,0,0,0,0,0,2,0
5505,2003,3,1,1,1,0,0,2,0,0,0
5515,2007,3,2,1,0,0,1,1,0,0,0
5518,2001,4,3,0,0,0,0,1,0,0,0
5538,1997,1,1,0,0,0,0,0,0,1,0
5556,1986,3,3,2,0,0,0,0,0,1,0
5560,2002,3,3,1,1,0,0,0,0,0,0
5561,2002,1,1,0,0,0,0,0,0,0,0
5562,2006,3,3,0,0,0,0,0,0,1,0
5576,1997,4,3,2,0,0,1,1,0,0,0
5576,2000,2,1,1,1,0,0,1,0,0,0
5588,1989,6,6,3,1,0,0,0,0,2,0
5588,1998,4,3,1,0,0,0,1,0,0,0
5588,1999,4,4,0,0,0,0,0,0,0,0
5588,2000,4,4,0,0,0,0,0,0,0,0
5588,2001,13,10,2,1,0,0,3,0,3,0
5588,2002,13,9,4,1,0,2,4,0,1,0
5588,2003,3,2,2,0,0,1,1,0,0,0
5588,2004,15,11,3,0,0,0,2,2,0,0
5601,2006,2,1,0,0,0,0,1,0,0,0
5601,2007,1,1,0,0,0,0,0,0,1,0
5612,1992,2,1,0,0,0,0,1,0,0,0
5613,1994,12,11,2,0,0,0,1,0,2,0
5613,1995,11,11,3,0,1,1,0,0,3,0
5613,1996,6,6,2,0,0,0,0,0,2,0
5613,1997,6,6,0,0,0,0,0,0,0,0
5613,1998,3,3,1,1,0,0,0,0,0,0
5613,2001,10,8,4,1,0,1,1,0,1,1
5613,2002,6,4,1,0,0,0,2,0,1,0
5614,1999,3,2,0,0,0,0,1,0,0,0
5622,1992,4,4,1,1,0,0,0,0,1,0
5622,1993,4,4,2,0,0,0,0,0,0,0
5622,1994,1,1,0,0,0,0,0,0,0,0
5622,1996,1,1,0,0,0,0,0,0,0,0
5622,2000,2,1,0,0,0,0,1,0,0,0
5636,1987,7,6,6,1,0,0,1,0,0,0
5636,1988,8,7,1,0,0,0,1,0,3,0
5636,1991,13,9,2,0,0,0,3,1,3,0
5636,1992,3,3,0,0,0,0,0,0,0,0
5636,1993,2,2,2,1,0,1,0,0,0,0
5665,1993,2,2,0,0,0,0,0,0,1,0
5665,1994,1,1,1,0,0,0,0,0,0,0
5665,1995,3,0,0,0,0,0,3,0,0,0
5665,1996,2,1,0,0,0,0,1,0,0,0
5665,2002,3,3,1,1,0,0,0,0,1,0
5665,2003,1,1,0,0,0,0,0,0,0,0
5665,2004,2,2,0,0,0,0,0,0,0,0
5674,1996,1,1,0,0,0,0,0,0,1,0
5696,1998,1,0,0,0,0,0,1,0,0,0
5697,1993,1,0,0,0,0,0,1,0,0,0
5697,1994,3,2,1,0,0,0,1,0,0,0
5697,1995,4,3,0,0,0,0,1,0,3,0
5697,1997,3,3,1,0,0,0,0,0,1,0
5697,1998,3,2,1,0,0,1,1,0,1,0
5701,2002,1,1,0,0,0,0,0,0,0,0
5701,2004,1,1,1,0,0,0,0,0,0,0
5701,2006,3,2,0,0,0,0,1,0,1,0
5701,2007,1,1,1,0,0,0,0,0,0,0
5727,2000,1,1,0,0,0,0,0,0,0,0
5737,1998,12,9,3,0,0,1,3,0,1,0
5737,1999,4,2,0,0,0,0,1,1,0,0
5737,2000,2,2,0,0,0,0,0,0,0,0
5744,2002,2,0,0,0,0,0,2,0,0,0
5770,2006,1,0,0,0,0,0,1,0,0,0
5770,2007,3,1,0,0,0,0,1,0,0,1
5820,2002,4,3,0,0,0,0,1,0,0,0
5820,2004,9,6,1,1,0,0,3,0,2,0
5820,2007,4,3,0,0,0,0,1,0,0,0
5826,2006,1,1,0,0,0,0,0,0,0,0
5828,2002,1,1,1,0,0,0,0,0,0,0
5832,1986,1,1,0,0,0,0,0,0,0,0
5838,1986,1,1,0,0,0,0,0,0,0,0
5838,1990,2,1,0,0,0,0,1,0,1,0
5846,2004,1,1,1,0,0,0,0,0,0,0
5867,2003,1,0,0,0,0,0,1,0,0,0
5871,1991,4,4,1,0,1,0,0,0,1,0
5871,1992,3,3,1,0,0,1,0,0,0,0
5871,1993,5,4,1,0,0,0,1,0,1,0
5871,1994,3,3,1,0,0,0,0,0,0,0
5871,1995,7,4,1,0,0,0,3,0,0,0
5871,1996,9,9,6,1,0,1,0,0,1,0
5871,1997,6,5,1,1,0,0,0,0,0,1
5871,1998,10,8,2,1,0,0,2,0,1,0
5871,1999,3,2,1,0,1,0,1,0,0,0
5871,2001,6,4,1,0,0,1,2,0,1,0
5872,1989,4,4,1,0,0,0,0,0,0,0
5872,1993,5,4,1,0,0,0,1,0,0,0
5877,2000,2,1,0,0,0,0,1,0,0,0
5877,2001,3,2,0,0,0,0,1,0,0,0
5877,2002,3,1,0,0,0,0,2,0,0,0
5877,2003,3,3,0,0,0,0,0,0,1,0
5877,2005,3,2,0,0,0,0,1,0,0,0
5877,2006,3,2,2,0,0,1,1,0,0,0
5882,2004,3,2,2,0,0,2,1,0,0,0
5882,2005,3,3,0,0,0,0,0,0,0,0
5882,2006,1,1,1,0,0,0,0,0,0,0
5890,1998,2,2,1,0,0,0,0,0,0,0
5902,2000,3,3,0,0,0,0,0,0,0,0
5902,2001,3,3,0,0,0,0,0,0,1,0
5902,2002,1,0,0,0,0,0,1,0,0,0
5902,2003,1,1,1,0,0,1,0,0,0,0
5902,2004,4,3,0,0,0,0,0,1,0,0
5902,2006,7,6,0,0,0,0,1,0,0,0
5902,2007,1,1,0,0,0,0,0,0,0,0
5909,2003,3,1,0,0,0,0,2,0,0,0
5909,2004,3,2,2,0,0,1,1,0,0,0
5945,1993,1,1,1,0,0,0,0,0,0,0
5948,1997,3,2,1,0,0,1,0,1,1,0
5948,1998,4,1,1,0,0,0,2,1,0,0
5948,1999,1,1,0,0,0,0,0,0,1,0
5948,2000,3,2,0,0,0,0,1,0,1,0
5948,2001,3,0,0,0,0,0,3,0,0,0
5948,2003,1,0,0,0,0,0,1,0,0,0
5948,2004,1,1,0,0,0,0,0,0,1,0
5963,1986,3,2,0,0,0,0,1,0,1,0
5963,1987,4,4,0,0,0,0,0,0,1,0
5980,1993,1,1,0,0,0,0,0,0,1,0
5985,2002,1,0,0,0,0,0,1,0,0,0
5999,2003,1,1,0,0,0,0,0,0,0,0
6019,2002,5,3,1,0,0,0,2,0,0,0
6019,2004,6,2,2,0,0,1,4,0,0,0
6039,1990,1,1,0,0,0,0,0,0,0,0
6042,1990,1,0,0,0,0,0,1,0,0,0
6073,1992,3,1,0,0,0,0,2,0,0,0
6073,1995,1,1,1,0,0,0,0,0,0,0
6077,1986,4,4,0,0,0,0,0,0,1,0
6077,1987,3,3,2,1,0,0,0,0,1,0
6077,1988,3,3,2,0,1,1,0,0,0,0
6077,1989,5,4,0,0,0,0,1,0,0,0
6079,1998,1,0,0,0,0,0,1,0,0,0
6098,2005,1,1,1,0,0,1,0,0,0,0
6098,2006,4,3,0,0,0,0,1,0,2,0
6118,2006,3,3,0,0,0,0,0,0,0,0
6120,1987,7,7,2,1,0,0,0,0,0,0
6120,1988,2,1,1,1,0,0,1,0,0,0
6120,1989,4,3,1,0,0,0,1,0,2,0
6120,1990,4,3,1,1,0,0,1,0,1,0
6120,1991,2,2,1,0,0,0,0,0,0,0
6163,1988,1,0,0,0,0,0,1,0,0,0
6163,1989,3,2,0,0,0,0,1,0,1,0
6163,1990,2,2,1,1,0,0,0,0,1,0
6163,1991,8,6,1,0,0,0,2,0,0,0
6165,1992,2,2,1,0,0,0,0,0,0,0
6180,1989,6,5,0,0,0,0,1,0,0,0
6180,1998,6,5,1,0,0,1,1,0,2,0
6190,2007,4,3,0,0,0,0,1,0,1,0
6201,1998,4,4,3,1,0,1,0,0,0,0
6243,1986,1,1,1,1,0,0,0,0,0,0
6248,2001,5,4,3,0,0,1,1,0,0,0
6248,2002,3,2,2,0,0,0,1,0,0,0
6248,2003,12,10,3,2,0,1,2,0,1,0
6248,2004,11,5,2,0,0,1,6,0,0,0
6248,2005,3,2,1,0,0,0,1,0,1,0
6254,1998,1,1,1,0,0,0,0,0,0,0
6260,1990,2,2,1,0,0,0,0,0,1,0
6260,1991,1,1,0,0,0,0,0,0,0,0
6270,1987,1,1,0,0,0,0,0,0,0,0
6270,1988,1,0,0,0,0,0,1,0,0,0
6275,1988,8,6,3,2,0,0,1,1,1,0
6275,1989,3,3,0,0,0,0,0,0,2,0
6285,2007,1,0,0,0,0,0,1,0,0,0
6297,2001,4,3,1,1,0,0,1,0,0,0
6319,1986,3,3,0,0,0,0,0,0,1,0
6319,1987,5,4,1,0,0,1,1,0,1,0
6319,1988,2,2,0,0,0,0,0,0,0,0
6319,1989,3,3,2,0,0,0,0,0,0,0
6319,1990,3,3,1,0,0,0,0,0,0,0
6319,1991,4,4,0,0,0,0,0,0,1,0
6319,1992,10,10,3,0,0,1,0,0,2,0
6326,2004,1,1,0,0,0,0,0,0,0,0
6328,1990,6,5,0,0,0,0,0,1,1,0
6328,1991,5,5,2,0,0,0,0,0,2,0
6328,1992,5,5,0,0,0,0,0,0,2,0
6330,1988,1,1,1,0,0,0,0,0,0,0
6330,1989,2,1,1,0,0,0,1,0,0,0
6330,1995,3,3,1,0,0,0,0,0,0,0
6330,1996,1,1,0,0,0,0,0,0,0,0
6332,1996,3,3,1,0,0,1,0,0,2,0
6332,1997,8,7,1,0,1,0,1,0,1,0
6332,1998,6,5,2,0,0,0,1,0,0,0
6332,2000,3,3,0,0,0,0,0,0,2,0
6332,2001,4,3,1,0,1,0,1,0,0,0
6332,2002,4,3,2,0,0,0,1,0,1,0
6332,2003,3,3,2,0,0,1,0,0,0,0
6332,2004,3,3,0,0,0,0,0,0,0,0
6334,1996,3,3,1,0,0,1,0,0,1,0
6334,1997,9,5,2,0,0,1,4,0,0,0
6334,1998,1,1,0,0,0,0,0,0,1,0
6334,2001,1,1,0,0,0,0,0,0,0,0
6376,1993,5,4,2,0,0,1,1,0,0,0
6376,1994,1,1,0,0,0,0,0,0,0,0
6376,1995,1,1,0,0,0,0,0,0,0,0
6376,1996,2,2,1,0,0,1,0,0,0,0
6376,1997,1,0,0,0,0,0,1,0,0,0
6376,1998,1,1,0,0,0,0,0,0,0,0
6376,1999,2,2,1,0,0,0,0,0,0,0
6376,2001,1,1,1,1,0,0,0,0,0,0
6380,2000,2,2,2,1,0,0,0,0,0,0
6380,2001,1,1,1,0,0,0,0,0,0,0
6382,2001,2,1,1,1,0,0,1,0,0,0
6395,1993,2,1,1,0,0,0,1,0,0,0
6395,1994,2,1,0,0,0,0,1,0,0,0
6395,1997,1,1,0,0,0,0,0,0,0,0
6412,2007,1,0,0,0,0,0,1,0,0,0
6413,1997,1,0,0,0,0,0,1,0,0,0
6413,2001,6,4,0,0,0,0,2,0,1,0
6413,2002,3,3,1,1,0,0,0,0,0,0
6413,2004,7,5,2,0,0,2,2,0,0,0
6413,2006,3,2,1,0,0,0,1,0,0,0
6414,1994,3,3,0,0,0,0,0,0,1,0
6414,1995,6,6,0,0,0,0,0,0,2,0
6414,1996,6,4,0,0,0,0,2,0,1,0
6414,1997,6,5,1,0,0,0,1,0,0,0
6414,1998,5,5,3,0,1,2,0,0,1,0
6414,1999,6,5,1,0,0,1,1,0,0,0
6414,2000,4,4,0,0,0,0,0,0,1,0
6414,2002,4,4,0,0,0,0,0,0,1,0
6414,2006,6,3,2,0,0,1,3,0,0,0
6414,2007,6,3,1,0,0,1,3,0,1,0
6422,1989,3,3,0,0,0,0,0,0,0,0
6422,1990,9,7,2,1,0,0,2,0,1,0
6422,1991,2,1,1,1,0,0,1,0,0,0
6423,2002,4,3,2,0,0,1,1,0,0,0
6423,2003,7,5,2,0,0,1,2,0,1,0
6423,2007,2,2,2,0,0,1,0,0,0,0
6425,1997,1,1,1,0,0,1,0,0,0,0
6425,1998,7,6,2,0,1,0,1,0,0,0
6425,1999,3,3,2,0,0,1,0,0,0,0
6425,2000,10,6,2,0,0,1,4,0,0,0
6425,2003,3,2,2,0,0,1,1,0,0,0
6425,2004,8,3,1,0,0,1,5,0,0,0
6430,2002,1,0,0,0,0,0,1,0,0,0
6450,2000,1,0,0,0,0,0,1,0,0,0
6450,2003,1,1,0,0,0,0,0,0,1,0
6450,2004,1,1,0,0,0,0,0,0,0,0
6450,2006,4,3,1,0,0,1,1,0,0,0
6450,2007,1,0,0,0,0,0,1,0,0,0
6453,1994,1,1,0,0,0,0,0,0,0,0
6460,2000,2,2,0,0,0,0,0,0,0,0
6463,2004,1,1,0,0,0,0,0,0,0,0
6489,2001,3,3,3,0,0,1,0,0,0,0
6492,1995,5,4,2,1,0,0,1,0,1,0
6492,1996,6,4,2,1,0,0,1,1,0,0
6492,1997,6,5,1,0,0,0,1,0,3,0
6492,1999,3,3,0,0,0,0,0,0,0,0
6492,2000,3,2,2,1,0,0,1,0,0,0
6492,2002,3,2,0,0,0,0,1,0,0,0
6492,2006,1,0,0,0,0,0,1,0,0,0
6514,1998,6,5,3,0,0,1,0,0,1,1
6522,2003,3,3,0,0,0,0,0,0,0,0
6522,2006,3,2,2,1,0,0,1,0,0,0
6524,1996,3,1,0,0,0,0,2,0,0,0
6524,1997,3,3,1,0,0,0,0,0,2,0
6524,1998,1,0,0,0,0,0,1,0,0,0
6540,1990,4,4,2,0,0,2,0,0,0,0
6554,1999,1,1,0,0,0,0,0,0,0,0
6554,2000,1,1,0,0,0,0,0,0,1,0
6554,2002,2,2,1,0,0,0,0,0,0,0
6554,2003,1,0,0,0,0,0,1,0,0,0
6554,2004,2,1,1,0,0,0,1,0,0,0
6554,2007,3,1,0,0,0,0,2,0,1,0
6556,1986,1,1,0,0,0,0,0,0,0,0
6556,1987,2,2,0,0,0,0,0,0,1,0
6557,2001,5,2,2,0,1,1,3,0,0,0
6557,2002,1,1,1,0,0,0,0,0,0,0
6569,2003,5,5,1,0,0,0,0,0,3,0
6569,2004,4,3,2,1,0,0,1,0,0,0
6569,2007,1,0,0,0,0,0,1,0,0,0
6586,2004,3,3,2,0,0,1,0,0,0,0
6596,1997,2,2,1,0,0,0,0,0,0,0
6596,1999,3,3,2,1,0,0,0,0,0,0
6596,2002,1,1,0,0,0,0,0,0,1,0
6612,1997,3,3,0,0,0,0,0,0,0,0
6612,2005,3,3,0,0,0,0,0,0,0,0
6612,2007,7,5,0,0,0,0,2,0,1,0
6619,1998,1,1,0,0,0,0,0,0,0,0
6619,2002,1,1,0,0,0,0,0,0,0,0
6638,1997,1,1,1,0,0,0,0,0,0,0
6644,1990,4,3,1,1,0,0,1,0,1,0
6661,2002,1,0,0,0,0,0,1,0,0,0
6679,1986,1,1,0,0,0,0,0,0,0,0
6679,1987,6,6,2,0,0,0,0,0,1,0
6685,2002,3,2,2,0,0,0,1,0,0,0
6685,2007,2,1,1,0,0,0,1,0,0,0
6697,2003,1,1,0,0,0,0,0,0,1,0
6698,1996,1,1,0,0,0,0,0,0,0,0
6706,1989,2,2,1,0,0,0,0,0,0,0
6706,1990,1,1,0,0,0,0,0,0,0,0
6730,2001,1,1,0,0,0,0,0,0,1,0
6735,1986,4,3,0,0,0,0,1,0,1,0
6735,1987,10,9,4,1,0,2,1,0,2,0
6735,1988,11,10,1,0,0,0,1,0,2,0
6735,1989,11,10,5,0,1,0,1,0,0,0
6735,1990,12,10,2,0,0,0,2,0,2,0
6735,1991,8,7,3,0,0,2,1,0,1,0
6735,1992,14,11,2,0,0,0,3,0,2,0
6735,1993,10,10,7,0,0,2,0,0,2,0
6735,1994,7,6,0,0,0,0,1,0,1,0
6735,1995,6,4,1,1,0,0,2,0,0,0
6735,1996,9,7,1,0,0,1,2,0,0,0
6735,1997,6,6,1,0,0,0,0,0,0,0
6735,1998,6,3,2,1,0,1,3,0,1,0
6735,1999,6,5,1,0,0,0,1,0,0,0
6735,2000,6,6,2,0,0,0,0,0,0,0
6735,2001,6,5,1,0,0,0,1,0,1,0
6735,2002,6,4,0,0,0,0,2,0,0,0
6735,2003,3,3,1,0,0,0,0,0,0,0
6735,2004,3,1,0,0,0,0,1,0,0,1
6735,2006,4,4,0,0,0,0,0,0,0,0
6735,2007,6,6,0,0,0,0,0,0,1,0
6738,1986,11,11,1,1,0,0,0,0,2,0
6738,1988,3,3,1,0,0,0,0,0,1,0
6738,1989,1,1,0,0,0,0,0,0,0,0
6738,1990,1,1,0,0,0,0,0,0,1,0
6738,1991,5,4,1,1,0,0,1,0,0,0
6738,1992,3,1,0,0,0,0,2,0,0,0
6738,1993,3,3,1,0,0,1,0,0,0,0
6738,1998,2,1,0,0,0,0,1,0,1,0
6738,1999,2,1,0,0,0,0,1,0,0,0
6738,2000,1,1,0,0,0,0,0,0,0,0
6744,1988,1,1,1,1,0,0,0,0,0,0
6749,2004,2,1,0,0,0,0,1,0,0,0
6749,2006,3,2,0,0,0,0,1,0,0,0
6749,2007,1,1,0,0,0,0,0,0,0,0
6750,1997,2,0,0,0,0,0,2,0,0,0
6760,1997,2,1,0,0,0,0,1,0,0,0
6760,1998,3,3,1,0,0,0,0,0,0,0
6763,1987,2,2,0,0,0,0,0,0,0,0
6763,1988,10,8,2,1,1,0,2,0,3,0
6763,1989,8,7,3,1,0,0,1,0,0,0
6763,1990,11,9,3,1,0,1,2,0,1,0
6763,1992,3,1,0,0,0,0,2,0,0,0
6768,2006,1,0,0,0,0,0,1,0,0,0
6772,1986,6,6,1,0,0,0,0,0,2,0
6772,1987,4,4,2,1,0,0,0,0,1,0
6772,1988,8,8,1,0,0,0,0,0,1,0
6772,1989,9,7,0,0,0,0,2,0,1,0
6772,1990,5,5,0,0,0,0,0,0,0,0
6772,1991,4,4,2,0,0,0,0,0,0,0
6777,1999,1,0,0,0,0,0,1,0,0,0
6777,2000,1,1,1,0,0,0,0,0,0,0
6777,2001,1,1,0,0,0,0,0,0,0,0
6778,2007,3,3,1,0,0,0,0,0,1,0
6782,2007,3,2,0,0,0,0,1,0,0,0
6784,2002,1,0,0,0,0,0,1,0,0,0
6803,1992,1,1,0,0,0,0,0,0,0,0
6834,1995,2,1,0,0,0,0,1,0,1,0
6834,1996,2,1,0,0,0,0,1,0,1,0
6834,2000,1,1,0,0,0,0,0,0,1,0
6834,2002,3,2,1,1,0,0,1,0,0,0
6836,1996,2,1,0,0,0,0,1,0,0,0
6836,1997,1,1,0,0,0,0,0,0,0,0
6843,1994,2,1,0,0,0,0,1,0,0,0
6867,2007,1,0,0,0,0,0,1,0,0,0
6870,2003,3,2,1,0,0,0,1,0,0,0
6870,2007,3,1,0,0,0,0,2,0,0,0
6876,2001,5,4,3,0,0,2,1,0,0,0
6876,2002,3,2,1,1,0,0,1,0,0,0
6876,2006,4,4,1,0,0,0,0,0,0,0
6876,2007,3,2,0,0,0,0,1,0,1,0
6887,2007,2,1,1,0,0,0,1,0,0,0
6895,2006,6,3,1,0,0,1,3,0,0,0
6912,2006,1,1,0,0,0,0,0,0,0,0
6918,1986,10,8,1,0,0,0,2,0,2,0
6918,1987,14,14,0,0,0,0,0,0,1,0
6918,1988,12,11,2,2,0,0,1,0,1,0
6918,1989,16,15,6,2,1,1,1,0,1,0
6918,1990,14,14,4,0,0,0,0,0,2,0
6918,1991,15,13,2,0,0,0,2,0,0,0
6918,1992,12,12,3,1,0,0,0,0,1,0
6918,1993,6,5,3,0,0,0,1,0,0,0
6918,1998,1,0,0,0,0,0,1,0,0,0
6921,2003,1,1,0,0,0,0,0,0,0,0
6921,2006,2,1,0,0,0,0,1,0,0,0
6935,1998,1,1,0,0,0,0,0,0,1,0
6966,1993,3,2,1,0,0,0,1,0,1,0
6966,1994,8,5,3,2,0,0,3,0,1,0
6966,1995,11,7,3,0,1,1,4,0,0,0
6966,1996,11,10,4,1,0,0,1,0,3,0
6966,1997,7,6,0,0,0,0,1,0,2,0
6966,2004,3,3,0,0,0,0,0,0,1,0
6967,1993,3,2,0,0,0,0,1,0,0,0
6967,1997,1,1,0,0,0,0,0,0,0,0
6970,1989,4,4,2,1,0,0,0,0,0,0
6970,1990,5,5,2,0,0,1,0,0,2,0
6970,1991,6,5,1,0,0,0,1,0,0,0
6970,1992,8,5,3,0,0,0,3,0,0,0
6970,1993,2,1,1,0,0,1,1,0,0,0
6970,1994,8,8,0,0,0,0,0,0,1,0
6970,1995,8,8,4,0,0,1,0,0,0,0
6970,1996,12,7,2,0,0,0,5,0,1,0
6970,1997,3,3,0,0,0,0,0,0,0,0
6970,2001,2,0,0,0,0,0,2,0,0,0
6982,1997,5,5,1,0,0,0,0,0,1,0
6982,2001,1,1,0,0,0,0,0,0,1,0
6982,2003,5,5,1,0,0,0,0,0,2,0
6982,2004,4,3,1,0,0,0,1,0,1,0
6982,2006,3,2,1,0,0,0,1,0,0,0
6991,1999,3,3,0,0,0,0,0,0,2,0
6991,2000,1,1,0,0,0,0,0,0,0,0
6998,1986,3,3,1,0,0,1,0,0,2,0
6998,1993,4,4,2,0,0,0,0,0,0,0
6998,1994,3,2,2,1,0,1,1,0,0,0
7018,1986,7,6,1,1,0,0,1,0,1,0
7018,1987,3,3,0,0,0,0,0,0,1,0
7018,1988,8,8,4,2,0,0,0,0,2,0
7018,1990,3,2,2,0,1,0,1,0,0,0
7018,1992,1,0,0,0,0,0,1,0,0,0
7026,1996,2,2,0,0,0,0,0,0,1,0
7027,1995,1,1,0,0,0,0,0,0,0,0
7027,1996,2,2,0,0,0,0,0,0,2,0
7027,1997,1,1,1,0,0,1,0,0,0,0
7027,2000,2,2,1,0,0,0,0,0,0,0
7027,2001,1,0,0,0,0,0,1,0,0,0
7027,2002,1,0,0,0,0,0,1,0,0,0
7041,2007,3,2,0,0,0,0,1,0,0,0
7051,2000,1,1,0,0,0,0,0,0,0,0
7051,2001,2,1,1,1,0,0,1,0,0,0
7051,2002,1,0,0,0,0,0,1,0,0,0
7051,2003,5,4,1,0,0,0,1,0,0,0
7062,2000,2,2,0,0,0,0,0,0,0,0
7062,2001,4,3,0,0,0,0,1,0,0,0
7065,1993,3,0,0,0,0,0,3,0,0,0
7065,1994,1,1,0,0,0,0,0,0,0,0
7065,1995,1,0,0,0,0,0,1,0,0,0
7076,1997,3,2,0,0,0,0,1,0,1,0
7098,2003,3,3,2,0,0,1,0,0,0,0
7123,2006,1,1,1,0,0,0,0,0,0,0
7131,1997,2,2,1,1,0,0,0,0,0,0
7131,1998,1,0,0,0,0,0,0,1,0,0
7142,1989,1,0,0,0,0,0,1,0,0,0
7145,1986,7,6,1,0,1,0,1,0,0,0
7145,1987,6,6,2,1,0,0,0,0,0,0
7145,1988,4,4,1,0,0,0,0,0,0,0
7145,1991,5,5,1,0,0,0,0,0,0,0
7145,1992,6,5,1,1,0,0,1,0,1,0
7150,1991,2,2,0,0,0,0,0,0,1,0
7155,2007,1,0,0,0,0,0,1,0,0,0
7174,1995,1,0,0,0,0,0,1,0,0,0
7174,1998,1,0,0,0,0,0,1,0,0,0
7175,1986,3,3,0,0,0,0,0,0,2,0
7175,1987,4,4,1,0,0,0,0,0,2,0
7175,1988,3,2,0,0,0,0,1,0,1,0
7199,1986,2,2,0,0,0,0,0,0,0,0
7199,1987,3,3,0,0,0,0,0,0,0,0
7199,1988,2,2,1,0,0,0,0,0,0,0
7199,1989,3,1,0,0,0,0,2,0,0,0
7199,1990,2,2,0,0,0,0,0,0,0,0
7199,1991,5,2,2,1,0,0,3,0,0,0
7199,1992,1,1,0,0,0,0,0,0,0,0
7199,1993,1,1,0,0,0,0,0,0,0,0
7202,1989,2,2,0,0,0,0,0,0,0,0
7202,1991,7,5,1,1,0,0,1,0,1,1
7202,1992,7,7,0,0,0,0,0,0,2,0
7202,1993,4,4,0,0,0,0,0,0,0,0
7202,1994,3,3,0,0,0,0,0,0,0,0
7202,1996,3,3,0,0,0,0,0,0,1,0
7202,1998,6,6,1,0,0,1,0,0,2,0
7202,1999,1,1,0,0,0,0,0,0,0,0
7202,2001,2,2,1,0,0,1,0,0,0,0
7208,1986,6,6,2,0,0,0,0,0,1,0
7208,1987,6,6,0,0,0,0,0,0,1,0
7208,1988,3,3,2,0,0,0,0,0,0,0
7208,1989,3,2,1,0,0,0,1,0,0,0
7218,1999,1,1,0,0,0,0,0,0,1,0
7275,1993,4,4,0,0,0,0,0,0,2,0
7275,1994,2,1,0,0,0,0,1,0,0,0
7275,1995,3,3,0,0,0,0,0,0,0,0
7275,1996,3,3,2,0,0,0,0,0,0,0
7275,1997,4,3,2,0,1,0,1,0,1,0
7275,1998,3,1,0,0,0,0,2,0,0,0
7279,1986,3,3,2,1,0,1,0,0,0,0
7297,1988,2,2,0,0,0,0,0,0,1,0
7297,1989,5,3,0,0,0,0,2,0,1,0
7301,1998,6,5,1,0,0,0,1,0,1,0
7301,2000,7,6,2,1,0,1,1,0,0,0
7303,1987,3,2,1,0,0,0,1,0,1,0
7303,1988,2,2,0,0,0,0,0,0,0,0
7310,2006,3,3,1,1,0,0,0,0,0,0
7311,2003,1,0,0,0,0,0,1,0,0,0
7313,2006,2,0,0,0,0,0,2,0,0,0
7319,1999,1,1,1,1,0,0,0,0,0,0
7385,2001,1,0,0,0,0,0,1,0,0,0
7386,1998,3,2,0,0,0,0,0,0,0,1
7388,1990,2,2,0,0,0,0,0,0,1,0
7388,1991,4,4,1,0,0,0,0,0,2,0
7388,1992,5,5,0,0,0,0,0,0,1,0
7388,1993,3,3,2,1,0,0,0,0,1,0
7388,1995,3,3,0,0,0,0,0,0,1,0
7388,1997,3,3,2,0,0,0,0,0,0,0
7388,1998,8,7,2,2,0,0,0,0,0,1
7388,2002,5,5,1,0,0,1,0,0,0,0
7388,2003,3,3,1,0,0,0,0,0,0,0
7388,2004,2,2,1,0,0,0,0,0,0,0
7397,2006,1,1,0,0,0,0,0,0,0,0
7397,2007,2,2,0,0,0,0,0,0,2,0
7408,2000,1,1,0,0,0,0,0,0,1,0
7408,2001,1,1,0,0,0,0,0,0,0,0
7408,2002,3,2,1,0,0,0,1,0,0,0
7408,2003,2,2,1,0,0,1,0,0,0,0
7408,2004,1,0,0,0,0,0,1,0,0,0
7408,2006,2,2,0,0,0,0,0,0,1,0
7423,1990,1,0,0,0,0,0,1,0,0,0
7436,1995,1,1,0,0,0,0,0,0,0,0
7436,1996,1,0,0,0,0,0,1,0,0,0
7436,1998,1,1,0,0,0,0,0,0,1,0
7436,2000,4,4,1,0,0,1,0,0,2,0
7436,2001,1,1,0,0,0,0,0,0,1,0
7436,2004,2,1,1,0,0,0,1,0,0,0
7441,2001,5,3,3,0,0,3,2,0,0,0
7441,2002,5,2,1,0,0,0,3,0,0,0
7441,2003,1,1,0,0,0,0,0,0,0,0
7490,1996,2,1,0,0,0,0,1,0,0,0
7491,1997,3,2,1,0,0,0,1,0,0,0
7491,1998,2,2,0,0,0,0,0,0,1,0
7491,1999,4,3,1,1,0,0,1,0,1,0
7491,2002,3,3,1,0,0,1,0,0,0,0
7491,2003,3,3,0,0,0,0,0,0,1,0
7491,2004,3,2,1,1,0,0,1,0,0,0
7491,2006,3,1,1,1,0,0,2,0,0,0
7513,1998,2,2,1,0,0,0,0,0,0,0
7513,2004,1,0,0,0,0,0,0,1,0,0
7513,2006,1,1,0,0,0,0,0,0,1,0
7513,2007,2,1,0,0,0,0,1,0,0,0
7515,2000,4,4,1,0,0,1,0,0,0,0
7515,2001,4,3,2,1,0,1,1,0,1,0
7515,2002,4,2,1,0,0,0,2,0,0,0
7515,2003,5,4,2,0,0,1,1,0,0,0
7522,2006,3,3,0,0,0,0,0,0,0,0
7523,1995,3,3,2,1,0,0,0,0,1,0
7523,1997,2,1,0,0,0,0,1,0,0,0
7530,1996,1,1,0,0,0,0,0,0,0,0
7539,1991,1,0,0,0,0,0,0,0,0,1
7559,1987,5,5,1,0,0,0,0,0,0,0
7562,1996,1,0,0,0,0,0,1,0,0,0
7565,2007,3,3,0,0,0,0,0,0,0,0
7824,1995,8,8,5,2,0,2,0,0,0,0
7824,1996,2,1,0,0,0,0,1,0,0,0
7824,1997,6,5,2,0,0,0,1,0,0,0
7824,1998,9,7,3,2,0,0,2,0,1,0
7824,2001,6,3,1,0,0,0,3,0,0,0
7824,2002,3,3,0,0,0,0,0,0,1,0
7829,2006,3,2,1,0,0,1,1,0,0,0
7831,1993,1,1,0,0,0,0,0,0,0,0
7836,1997,1,1,0,0,0,0,0,0,1,0
7836,1998,2,2,2,1,0,0,0,0,0,0
7836,2000,1,0,0,0,0,0,1,0,0,0
7836,2001,1,1,0,0,0,0,0,0,0,0
7837,1990,2,2,0,0,0,0,0,0,0,0
7896,1999,2,2,0,0,0,0,0,0,0,0
7925,1994,2,2,0,0,0,0,0,0,1,0
7925,1996,2,1,0,0,0,0,1,0,0,0
7930,1998,3,3,1,0,0,0,0,0,0,0
7930,2000,3,3,2,1,0,1,0,0,0,0
7941,2007,5,5,1,1,0,0,0,0,0,0
7965,2002,3,1,0,0,0,0,2,0,1,0
7980,1989,11,9,3,0,0,0,1,0,2,1
7980,1990,5,5,3,0,0,0,0,0,0,0
7980,1991,12,10,2,0,0,0,2,0,3,0
7980,1992,15,14,4,2,0,0,1,0,1,0
7980,1993,7,7,3,0,0,2,0,0,1,0
7980,1995,6,3,0,0,0,0,1,0,0,2
7980,1996,2,2,2,0,0,0,0,0,0,0
7980,1997,6,5,2,1,0,0,1,0,1,0
7980,1999,3,3,0,0,0,0,0,0,1,0
7980,2000,2,2,0,0,0,0,0,0,0,0
7980,2001,3,1,0,0,0,0,2,0,0,0
7990,1996,1,1,0,0,0,0,0,0,1,0
8010,1997,8,7,0,0,0,0,1,0,4,0
8010,1998,3,3,2,2,0,0,0,0,0,0
8010,2001,3,3,0,0,0,0,0,0,0,0
8010,2004,1,1,0,0,0,0,0,0,0,0
8010,2007,3,1,1,0,0,1,2,0,0,0
8032,2002,8,4,2,1,0,0,3,0,0,1
8036,2002,1,0,0,0,0,0,1,0,0,0
8036,2003,3,1,1,0,0,1,2,0,0,0
8036,2004,5,0,0,0,0,0,5,0,0,0
8051,1986,5,5,1,0,0,1,0,0,1,0
8051,1987,12,11,2,0,0,1,1,0,2,0
8051,1988,7,7,2,0,0,1,0,0,1,0
8051,1991,2,2,2,0,0,2,0,0,0,0
8051,1997,3,2,0,0,0,0,0,1,0,0
8051,1999,4,2,0,0,0,0,2,0,1,0
8051,2001,3,3,1,0,0,0,0,0,0,0
8051,2006,3,3,0,0,0,0,0,0,2,0
8051,2007,3,2,0,0,0,0,1,0,0,0
8060,2000,6,5,2,1,0,1,1,0,0,0
8060,2001,6,6,4,0,0,2,0,0,0,0
8060,2002,4,3,1,0,0,0,1,0,0,0
8060,2004,3,0,0,0,0,0,1,1,0,1
8060,2006,3,3,1,0,0,0,0,0,0,0
8061,1990,9,9,3,0,0,2,0,0,0,0
8061,1991,5,5,1,0,0,1,0,0,0,0
8061,1992,16,14,5,2,0,2,2,0,2,0
8061,1993,6,6,2,0,1,1,0,0,0,0
8061,1996,6,6,2,0,0,0,0,0,1,0
8061,1997,6,5,0,0,0,0,1,0,0,0
8061,1998,4,1,1,0,0,0,2,0,0,1
8061,1999,3,2,0,0,0,0,1,0,2,0
8061,2000,3,3,2,0,0,1,0,0,0,0
8061,2001,6,4,1,0,0,0,2,0,0,0
8061,2002,2,1,1,0,0,1,1,0,0,0
8079,1994,3,3,0,0,0,0,0,0,0,0
8079,1997,6,3,1,0,0,1,2,1,1,0
8082,1994,3,3,0,0,0,0,0,0,0,0
8082,1995,1,1,1,0,0,0,0,0,0,0
8082,1996,3,3,0,0,0,0,0,0,1,0
8082,1997,5,5,2,0,0,1,0,0,0,0
8082,1998,3,3,1,0,0,0,0,0,1,0
8089,2003,1,1,0,0,0,0,0,0,0,0
8099,2007,1,1,0,0,0,0,0,0,0,0
8111,1986,2,1,0,0,0,0,0,0,0,0
8111,1987,5,5,2,1,0,1,0,0,3,0
8111,1988,4,3,2,0,0,0,1,0,0,0
8111,1992,4,3,1,1,0,0,1,0,0,0
8111,1993,3,2,0,0,0,0,1,0,1,0
8111,1994,1,1,0,0,0,0,0,0,0,0
8111,1995,1,1,0,0,0,0,0,0,1,0
8123,1997,3,0,0,0,0,0,3,0,0,0
8136,1989,2,2,1,1,0,0,0,0,0,0
8136,1990,5,5,3,2,0,0,0,0,1,0
8137,2002,3,3,2,0,0,0,0,0,1,0
8137,2007,3,2,1,0,0,0,1,0,1,0
8140,1994,1,1,0,0,0,0,0,0,1,0
8142,2003,3,1,1,1,0,0,2,0,0,0
8142,2004,2,0,0,0,0,0,2,0,0,0
8142,2006,3,3,1,0,0,1,0,0,1,0
8146,1998,5,4,0,0,0,0,1,0,1,0
8146,1999,2,1,0,0,0,0,1,0,0,0
8146,2000,2,2,0,0,0,0,0,0,0,0
8146,2001,7,5,2,1,0,0,2,0,2,0
8146,2002,10,7,3,1,0,0,3,0,2,0
8146,2003,7,6,3,0,0,1,1,0,0,0
8147,1987,7,6,1,0,0,0,1,0,2,0
8147,1988,6,6,0,0,0,0,0,0,3,0
8147,1989,7,6,2,1,0,0,1,0,2,0
8147,1990,2,1,0,0,0,0,1,0,1,0
8147,1991,7,5,3,1,0,1,2,0,1,0
8147,1992,4,3,2,2,0,0,0,0,0,1
8147,1993,6,5,1,0,0,1,1,0,2,0
8147,1994,1,1,0,0,0,0,0,0,0,0
8147,1995,3,3,0,0,0,0,0,0,1,0
8147,1998,1,1,1,0,0,0,0,0,0,0
8148,1996,2,2,0,0,0,0,0,0,0,0
8148,1999,1,1,0,0,0,0,0,0,1,0
8148,2001,1,1,1,0,0,1,0,0,0,0
8148,2002,3,2,1,0,0,0,1,0,0,0
8148,2003,1,1,1,0,0,0,0,0,0,0
8155,1990,3,3,0,0,0,0,0,0,1,0
8155,1991,8,7,2,0,0,1,1,0,2,0
8155,1992,5,4,1,0,0,0,1,0,2,0
8155,1993,8,6,3,1,0,0,2,0,1,0
8166,2004,1,1,1,0,0,0,0,0,0,0
8193,1995,14,10,3,1,0,0,2,1,1,1
8193,1996,4,3,1,0,0,1,1,0,0,0
8201,1993,5,3,0,0,0,0,2,0,0,0
8201,1994,6,5,2,1,0,1,1,0,0,0
8201,1995,15,14,5,0,0,1,1,0,1,0
8201,1996,6,6,3,0,0,1,0,0,1,0
8201,1997,3,2,0,0,0,0,0,0,0,1
8201,1998,4,4,1,0,0,0,0,0,1,0
8201,1999,3,3,2,0,0,2,0,0,0,0
8201,2000,1,1,1,1,0,0,0,0,0,0
8201,2001,6,5,1,0,0,1,1,0,3,0
8201,2002,7,7,3,1,0,1,0,0,0,0
8202,2004,3,2,0,0,0,0,1,0,0,0
8235,1993,2,0,0,0,0,0,2,0,0,0
8235,1994,1,1,0,0,0,0,0,0,0,0
8235,1995,1,1,1,0,0,1,0,0,0,0
8235,1997,3,2,0,0,0,0,1,0,0,0
8244,2002,2,1,0,0,0,0,1,0,0,0
8271,2001,1,1,0,0,0,0,0,0,0,0
8271,2002,2,2,1,0,0,0,0,0,0,0
8277,2002,1,1,1,0,0,0,0,0,0,0
8283,1993,6,6,2,1,0,0,0,0,1,0
8283,1994,3,2,1,1,0,0,1,0,0,0
8283,1996,2,1,1,0,0,0,1,0,0,0
8284,1986,3,2,0,0,0,0,1,0,1,0
8284,1987,1,1,0,0,0,0,0,0,0,0
8292,1986,3,3,1,1,0,0,0,0,1,0
8306,1988,4,4,0,0,0,0,0,0,0,0
8307,2007,1,0,0,0,0,0,1,0,0,0
8311,1995,1,1,1,0,0,0,0,0,0,0
8311,1998,4,4,0,0,0,0,0,0,1,0
8311,2004,1,1,1,0,0,0,0,0,0,0
8336,1987,8,8,1,0,0,0,0,0,0,0
8340,1995,13,11,1,0,0,0,2,0,4,0
8340,1996,8,7,2,1,0,1,1,0,2,0
8340,1997,4,3,0,0,0,0,1,0,1,0
8340,1998,4,4,1,0,0,0,0,0,3,0
8340,2002,12,8,3,0,0,1,4,0,0,0
8340,2003,12,10,3,1,0,1,1,0,1,1
8340,2004,6,2,2,0,0,1,3,1,0,0
8341,2002,2,1,0,0,0,0,0,1,0,0
8363,2004,2,0,0,0,0,0,2,0,0,0
8374,2006,1,1,0,0,0,0,0,0,0,0
8380,1988,2,2,0,0,0,0,0,0,0,0
8384,1990,3,2,0,0,0,0,1,0,0,0
8385,2001,4,2,0,0,0,0,1,1,1,0
8390,1998,1,1,0,0,0,0,0,0,0,0
8390,1999,8,7,1,1,0,0,1,0,2,0
8390,2000,6,3,2,0,0,0,3,0,0,0
8390,2001,1,1,0,0,0,0,0,0,1,0
8390,2002,1,1,1,0,0,0,0,0,0,0
8390,2004,1,0,0,0,0,0,1,0,0,0
8409,2004,3,2,0,0,0,0,1,0,0,0
8449,2002,4,3,1,0,0,1,1,0,0,0
8449,2003,2,1,0,0,0,0,1,0,0,0
8449,2006,3,3,1,1,0,0,0,0,0,0
8453,2001,1,1,0,0,0,0,0,0,0,0
8453,2006,4,3,0,0,0,0,1,0,1,0
8453,2007,2,2,1,0,0,1,0,0,0,0
8457,1998,3,3,1,0,0,1,0,0,0,0
8459,1986,11,10,1,0,0,0,1,0,3,0
8459,1987,13,13,5,1,1,1,0,0,0,0
8459,1988,11,10,3,1,0,0,1,0,1,0
8459,1989,14,9,1,0,0,0,5,0,2,0
8459,1990,9,8,3,1,0,1,0,1,1,0
8459,1991,9,9,2,1,1,0,0,0,1,0
8459,1992,2,1,0,0,0,0,1,0,0,0
8461,2007,2,2,1,0,0,0,0,0,1,0
8474,1997,4,3,1,1,0,0,0,1,0,0
8474,1998,3,2,0,0,0,0,1,0,0,0
8474,2001,3,2,0,0,0,0,1,0,0,0
8474,2003,9,9,4,2,0,1,0,0,2,0
8474,2004,1,1,1,0,1,0,0,0,0,0
8474,2006,2,2,1,0,0,0,0,0,0,0
8479,1991,4,3,1,0,0,0,1,0,0,0
8479,1992,2,2,1,0,0,1,0,0,0,0
8488,1991,6,5,0,0,0,0,1,0,1,0
8488,1992,7,5,3,1,0,0,2,0,0,0
8488,1995,3,3,1,0,0,0,0,0,0,0
8488,2000,3,3,2,0,0,1,0,0,1,0
8488,2001,1,1,1,1,0,0,0,0,0,0
8497,2006,3,3,1,0,0,0,0,0,1,0
8497,2007,4,3,1,0,0,0,1,0,1,0
8498,1994,1,0,0,0,0,0,1,0,0,0
8498,1998,6,3,1,0,1,0,3,0,1,0
8498,1999,1,1,1,0,0,0,0,0,0,0
8506,1986,3,3,1,0,0,0,0,0,2,0
8506,1987,2,2,0,0,0,0,0,0,0,0
8513,1987,1,1,1,0,0,0,0,0,0,0
8513,1988,4,4,0,0,0,0,0,0,2,0
8513,1990,1,1,0,0,0,0,0,0,1,0
8516,1989,4,4,1,0,0,1,0,0,0,0
8519,1996,1,0,0,0,0,0,1,0,0,0
8519,1997,2,2,1,0,0,0,0,0,1,0
8529,2002,3,2,2,0,0,1,1,0,0,0
8529,2003,3,2,2,1,0,1,1,0,0,0
8529,2004,2,0,0,0,0,0,2,0,0,0
8530,1986,4,4,0,0,0,0,0,0,2,0
8530,1987,9,8,0,0,0,0,1,0,4,0
8530,1988,5,5,3,0,0,1,0,0,0,0
8530,2000,1,1,0,0,0,0,0,0,1,0
8530,2001,5,4,0,0,0,0,1,0,2,0
8530,2002,3,3,1,0,0,1,0,0,0,0
8530,2003,3,3,0,0,0,0,0,0,0,0
8556,2003,4,2,0,0,0,0,2,0,0,0
8556,2004,5,4,3,0,0,2,1,0,1,0
8556,2006,1,1,0,0,0,0,0,0,0,0
8557,2006,3,3,0,0,0,0,0,0,0,0
8563,1992,6,5,2,0,0,0,1,0,0,0
8563,1993,7,7,1,1,0,0,0,0,2,0
8563,1995,8,5,2,2,0,0,3,0,0,0
8563,1996,7,7,1,0,0,1,0,0,0,0
8563,2002,1,1,0,0,0,0,0,0,0,0
8575,1990,1,1,0,0,0,0,0,0,1,0
8575,1991,7,6,1,0,0,0,1,0,0,0
8575,1992,7,3,2,0,0,1,4,0,1,0
8575,1993,3,3,2,0,0,1,0,0,0,0
8575,1994,1,1,0,0,0,0,0,0,1,0
8576,1995,3,2,1,0,0,0,1,0,0,0
8576,1996,1,1,0,0,0,0,0,0,0,0
8576,1997,2,0,0,0,0,0,1,1,0,0
8576,1998,1,0,0,0,0,0,1,0,0,0
8576,2004,3,2,0,0,0,0,1,0,0,0
8581,2001,1,0,0,0,0,0,1,0,0,0
8581,2004,7,4,4,2,1,1,3,0,0,0
8581,2007,7,5,0,0,0,0,2,0,2,0
8589,2004,5,2,0,0,0,0,3,0,1,0
8589,2005,1,1,0,0,0,0,0,0,1,0
8594,1993,1,1,0,0,0,0,0,0,0,0
8594,1994,6,5,3,0,0,0,1,0,1,0
8605,1986,3,2,0,0,0,0,1,0,1,0
8619,2007,3,1,1,1,0,0,2,0,0,0
8631,1987,5,5,1,0,0,0,0,0,0,0
8631,1988,1,1,1,0,0,0,0,0,0,0
8638,2000,1,0,0,0,0,0,1,0,0,0
8638,2002,3,3,0,0,0,0,0,0,0,0
8638,2003,7,6,2,2,0,0,1,0,1,0
8638,2004,6,3,1,0,0,0,3,0,1,0
8655,1996,2,2,1,0,0,1,0,0,0,0
8655,1997,2,1,0,0,0,0,1,0,0,0
8655,1998,5,4,0,0,0,0,1,0,2,0
8655,1999,1,1,0,0,0,0,0,0,0,0
8660,1994,3,3,1,0,0,0,0,0,0,0
8660,1995,5,4,1,0,1,0,1,0,1,0
8665,1994,1,0,0,0,0,0,1,0,0,0
8665,1998,1,1,0,0,0,0,0,0,0,0
8667,1986,6,5,1,0,0,0,1,0,1,0
8667,1987,3,3,1,0,0,0,0,0,1,0
8667,1988,6,6,4,0,0,0,0,0,0,0
8676,1996,4,4,0,0,0,0,0,0,1,0
8676,1997,1,1,1,0,0,0,0,0,0,0
8676,1999,1,0,0,0,0,0,1,0,0,0
8676,2001,1,1,0,0,0,0,0,0,1,0
8704,1996,6,3,1,0,0,0,3,0,0,0
8704,1997,9,9,3,0,0,2,0,0,2,0
8704,1998,7,5,0,0,0,0,2,0,1,0
8704,1999,9,5,2,1,0,1,4,0,0,0
8704,2000,3,3,2,1,0,1,0,0,0,0
8704,2001,20,14,4,0,0,3,5,1,1,0
8704,2006,10,8,1,0,0,1,1,0,3,1
8719,2006,1,1,1,0,0,0,0,0,0,0
8723,1987,5,5,1,0,0,0,0,0,1,0
8723,1988,1,0,0,0,0,0,1,0,0,0
8723,1989,6,5,1,0,1,0,1,0,2,0
8723,1990,4,3,1,0,0,0,1,0,0,0
8723,1993,3,1,0,0,0,0,2,0,0,0
8723,1995,1,1,1,0,0,0,0,0,0,0
8723,1996,2,1,0,0,0,0,1,0,1,0
8725,2004,2,1,0,0,0,0,1,0,1,0
8729,2007,1,1,1,0,0,0,0,0,0,0
8731,1995,4,2,0,0,0,0,2,0,0,0
8731,1999,2,2,0,0,0,0,0,0,1,0
8731,2000,3,2,1,0,0,1,1,0,0,0
8752,1998,1,1,1,0,0,0,0,0,0,0
8754,1996,5,2,0,0,0,0,2,0,0,1
8754,1997,4,3,0,0,0,0,1,0,0,0
8754,1998,2,1,0,0,0,0,1,0,1,0
8756,1997,1,1,1,0,0,0,0,0,0,0
8765,2002,1,0,0,0,0,0,1,0,0,0
8765,2003,4,1,1,0,0,0,3,0,0,0
8765,2004,2,1,0,0,0,0,1,0,1,0
8765,2005,4,3,1,0,0,1,1,0,2,0
8767,1992,4,2,1,1,0,0,2,0,0,0
8784,2000,6,5,5,3,0,2,1,0,0,0
8784,2001,2,0,0,0,0,0,2,0,0,0
8784,2002,1,0,0,0,0,0,1,0,0,0
8784,2003,3,3,1,0,0,1,0,0,0,0
8784,2004,4,1,0,0,0,0,3,0,0,0
8785,1990,2,2,2,0,0,1,0,0,0,0
8807,2002,3,2,0,0,0,0,1,0,1,0
8807,2003,9,5,3,1,0,2,4,0,1,0
8807,2004,16,9,2,1,0,1,6,1,2,0
8807,2005,4,4,0,0,0,0,0,0,1,0
8807,2006,11,8,2,1,0,0,1,2,0,0
8807,2007,6,5,1,0,0,0,1,0,0,0
8828,2002,1,1,0,0,0,0,0,0,0,0
8830,1986,6,3,0,0,0,0,3,0,1,0
8830,1987,1,0,0,0,0,0,1,0,0,0
8830,1988,2,2,0,0,0,0,0,0,1,0
8830,1989,1,1,0,0,0,0,0,0,0,0
8830,1990,3,2,1,0,0,0,1,0,0,0
8830,1992,3,1,0,0,0,0,2,0,1,0
8830,1994,1,0,0,0,0,0,1,0,0,0
8841,1992,2,1,1,1,0,0,1,0,0,0
8852,2007,2,2,0,0,0,0,0,0,1,0
8859,2001,3,3,0,0,0,0,0,0,0,0
8859,2002,2,2,2,0,0,1,0,0,0,0
8859,2003,3,2,0,0,0,0,1,0,0,0
8859,2004,3,2,2,0,0,1,1,0,0,0
8859,2005,3,2,1,0,0,1,1,0,0,0
8859,2006,10,9,1,1,0,0,1,0,1,0
8859,2007,12,8,2,0,0,0,4,0,1,0
8883,1997,1,0,0,0,0,0,1,0,0,0
8883,1998,1,0,0,0,0,0,1,0,0,0
8883,1999,1,1,0,0,0,0,0,0,0,0
8883,2000,1,0,0,0,0,0,1,0,0,0
8883,2007,1,0,0,0,0,0,1,0,0,0
8891,1995,3,3,0,0,0,0,0,0,0,0
8891,1997,7,6,0,0,0,0,1,0,2,0
8891,1998,7,6,1,0,0,0,1,0,0,0
8891,1999,6,5,4,0,0,2,1,0,0,0
8891,2000,9,7,1,0,0,1,1,0,1,1
8912,1990,1,1,0,0,0,0,0,0,0,0
8912,1992,1,0,0,0,0,0,1,0,0,0
8912,1993,1,1,1,0,0,0,0,0,0,0
8912,1995,3,3,1,0,0,0,0,0,1,0
8912,1996,2,2,1,0,0,0,0,0,0,0
8918,2001,3,3,2,1,0,1,0,0,1,0
8918,2002,12,9,3,1,0,1,2,1,0,0
8918,2003,9,6,2,0,0,1,2,1,0,0
8918,2004,13,10,4,1,0,1,3,0,3,0
8918,2006,3,2,0,0,0,0,1,0,0,0
8919,2002,5,2,1,0,0,0,3,0,1,0
8919,2003,5,5,0,0,0,0,0,0,2,0
8919,2007,3,2,0,0,0,0,1,0,1,0
8920,1987,3,3,1,0,0,0,0,0,0,0
8920,1988,7,6,2,0,0,1,1,0,0,0
8920,1989,15,14,4,0,0,1,1,0,2,0
8932,1994,2,2,0,0,0,0,0,0,1,0
8932,1995,1,0,0,0,0,0,1,0,0,0
8932,1996,4,3,2,0,0,0,1,0,0,0
8932,1997,3,3,1,0,0,0,0,0,1,0
8932,1998,2,2,2,0,0,0,0,0,0,0
8932,2000,1,1,0,0,0,0,0,0,0,0
8934,2004,5,1,0,0,0,0,4,0,0,0
8951,1986,5,5,0,0,0,0,0,0,0,0
8951,1987,4,4,1,0,0,0,0,0,1,0
8951,1988,2,2,1,1,0,0,0,0,1,0
8951,1990,1,1,0,0,0,0,0,0,0,0
8954,1996,5,3,1,1,0,0,2,0,1,0
8954,1999,3,3,1,0,0,1,0,0,1,0
8954,2001,3,3,1,1,0,0,0,0,2,0
8954,2002,3,3,2,0,0,0,0,0,0,0
8958,1991,2,0,0,0,0,0,2,0,0,0
8962,1996,4,3,0,0,0,0,1,0,1,0
8962,1997,1,1,0,0,0,0,0,0,0,0
8962,1998,4,3,0,0,0,0,0,0,1,0
8962,1999,4,3,0,0,0,0,1,0,1,0
8962,2000,1,1,0,0,0,0,0,0,0,0
8973,1999,3,3,0,0,0,0,0,0,0,0
8977,1987,2,2,1,1,0,0,0,0,0,0
8977,1988,3,3,0,0,0,0,0,0,1,0
8982,2006,1,1,0,0,0,0,0,0,0,0
8982,2007,3,3,1,0,0,1,0,0,1,0
8983,1993,1,1,1,0,0,1,0,0,0,0
8983,1995,5,5,0,0,0,0,0,0,1,0
8983,1996,6,3,0,0,0,0,3,0,0,0
8983,1997,5,5,1,0,0,0,0,0,0,0
8983,1998,5,4,2,0,0,0,1,0,1,0
8985,2007,1,0,0,0,0,0,1,0,0,0
8986,1991,3,3,1,0,0,0,0,0,0,0
8990,2004,3,2,0,0,0,0,1,0,0,0
9009,2003,2,1,1,0,0,0,1,0,0,0
9009,2004,1,0,0,0,0,0,1,0,0,0
9035,1991,2,1,1,0,0,0,1,0,0,0
9041,2002,5,4,2,0,0,1,1,0,1,0
9043,1988,4,4,0,0,0,0,0,0,1,0
9043,1989,5,5,1,0,0,0,0,0,0,0
9043,1990,3,3,2,0,0,1,0,0,0,0
9069,2001,2,2,0,0,0,0,0,0,0,0
9077,2007,2,1,1,0,0,0,1,0,0,0
9095,1997,2,2,1,0,0,0,0,0,0,0
9102,1993,4,4,2,0,0,1,0,0,0,0
9102,1994,4,4,1,0,0,0,0,0,1,0
9102,1995,4,3,1,0,1,0,1,0,0,0
9102,1996,5,4,1,0,0,0,1,0,1,0
9102,1999,1,0,0,0,0,0,1,0,0,0
9102,2000,4,3,2,0,0,1,1,0,1,0
9108,1999,1,1,1,0,0,1,0,0,0,0
9123,1998,3,3,0,0,0,0,0,0,0,0
9123,2002,1,1,1,0,0,1,0,0,0,0
9136,2004,4,3,2,0,0,1,1,0,0,0
9137,2000,2,2,2,0,0,0,0,0,0,0
9152,1989,4,4,1,0,0,0,0,0,0,0
9152,1990,3,3,1,1,0,0,0,0,0,0
9152,1991,6,3,0,0,0,0,3,0,0,0
9152,1992,3,3,1,0,0,0,0,0,0,0
9152,1993,7,6,0,0,0,0,1,0,1,0
9152,1996,2,2,1,1,0,0,0,0,0,0
9152,1998,6,4,0,0,0,0,2,0,1,0
9160,2001,1,1,1,0,0,1,0,0,0,0
9169,2004,1,0,0,0,0,0,1,0,0,0
9172,1986,1,1,0,0,0,0,0,0,1,0
9176,1996,1,0,0,0,0,0,1,0,0,0
9176,1997,2,1,0,0,0,0,1,0,0,0
9176,1998,1,0,0,0,0,0,1,0,0,0
9176,1999,1,1,1,0,0,1,0,0,0,0
9176,2000,1,0,0,0,0,0,1,0,0,0
9176,2001,1,0,0,0,0,0,1,0,0,0
9181,1993,1,1,0,0,0,0,0,0,0,0
9181,1994,2,1,0,0,0,0,1,0,0,0
9181,1995,3,1,0,0,0,0,1,1,0,0
9182,1986,5,4,0,0,0,0,0,0,1,1
9182,1987,8,6,2,1,0,1,2,0,0,0
9182,1989,7,7,0,0,0,0,0,0,1,0
9182,1991,1,1,0,0,0,0,0,0,0,0
9199,1988,2,2,1,0,0,1,0,0,0,0
9208,1998,4,4,2,0,0,1,0,0,1,0
9210,2001,4,2,1,0,0,0,2,0,0,0
9214,2003,3,0,0,0,0,0,2,1,0,0
9217,2007,2,1,1,0,0,1,1,0,0,0
9219,2001,6,5,0,0,0,0,1,0,2,0
9228,2002,3,2,1,1,0,0,1,0,0,0
9229,1993,3,3,2,1,0,0,0,0,0,0
9229,1995,3,3,1,0,0,0,0,0,0,0
9236,1987,3,3,0,0,0,0,0,0,0,0
9236,1988,2,2,0,0,0,0,0,0,1,0
9236,1989,4,3,0,0,0,0,1,0,0,0
9240,1995,7,6,0,0,0,0,0,1,1,0
9240,1999,2,2,2,0,0,0,0,0,0,0
9240,2000,2,1,0,0,0,0,1,0,1,0
9251,2006,2,2,0,0,0,0,0,0,2,0
9255,2004,1,1,0,0,0,0,0,0,0,0
9258,1995,12,8,2,0,0,1,4,0,1,0
9258,2002,5,3,2,1,0,0,2,0,0,0
9263,2000,5,4,2,0,0,0,1,0,0,0
9263,2002,2,0,0,0,0,0,2,0,0,0
9283,1989,5,5,3,1,0,0,0,0,2,0
9293,1996,1,1,1,0,0,0,0,0,0,0
9293,1997,4,3,0,0,0,0,1,0,0,0
9293,1998,3,3,2,1,0,1,0,0,1,0
9293,1999,1,1,1,1,0,0,0,0,0,0
9294,2003,3,3,1,0,1,0,0,0,0,0
9305,1999,2,2,2,0,0,1,0,0,0,0
9330,2003,7,2,0,0,0,0,5,0,0,0
9330,2004,3,1,0,0,0,0,2,0,1,0
9346,1998,4,4,0,0,0,0,0,0,0,0
9347,2007,1,1,1,1,0,0,0,0,0,0
9379,2003,3,2,1,0,0,1,1,0,0,0
9379,2004,7,4,3,1,0,0,3,0,0,0
9387,1993,6,3,1,0,0,0,2,0,0,1
9387,1994,6,5,2,0,0,0,1,0,0,0
9387,1995,3,1,0,0,0,0,2,0,0,0
9387,1996,3,3,2,0,1,1,0,0,0,0
9387,1997,3,2,2,0,0,1,1,0,0,0
9387,2001,4,4,2,0,0,1,0,0,0,0
9392,1988,3,2,1,0,0,0,1,0,0,0
9392,1990,6,6,3,1,0,1,0,0,0,0
9392,1991,6,5,2,0,0,0,1,0,0,0
9406,2007,1,1,0,0,0,0,0,0,0,0
9412,1986,4,3,3,2,0,0,1,0,0,0
9412,1987,11,10,1,0,0,1,0,1,3,0
9412,1988,9,8,6,1,0,1,1,0,0,0
9417,2006,2,1,0,0,0,0,1,0,1,0
9432,1986,4,4,0,0,0,0,0,0,3,0
9432,1993,1,1,0,0,0,0,0,0,1,0
9437,2001,4,3,0,0,0,0,1,0,1,0
9437,2002,2,1,1,1,0,0,1,0,0,0
9437,2004,1,1,0,0,0,0,0,0,0,0
9437,2007,3,2,1,0,0,1,1,0,0,0
9442,2004,6,3,2,0,0,2,3,0,0,0
9467,1995,2,2,1,0,0,1,0,0,0,0
9467,1997,9,5,1,1,0,0,4,0,1,0
9467,1998,6,6,1,0,0,1,0,0,1,0
9467,1999,3,2,0,0,0,0,1,0,1,0
9467,2000,6,6,3,0,0,0,0,0,1,0
9468,1995,4,2,2,0,0,0,2,0,0,0
9468,2002,2,1,0,0,0,0,1,0,0,0
9468,2004,4,2,1,1,0,0,2,0,0,0
9489,2003,1,0,0,0,0,0,1,0,0,0
9490,2002,3,2,1,0,0,1,1,0,0,0
9490,2004,1,0,0,0,0,0,1,0,0,0
9492,1995,7,6,2,0,0,1,1,0,1,0
9492,1996,1,1,1,0,0,0,0,0,0,0
9492,1997,2,2,1,0,0,0,0,0,0,0
9496,1994,7,7,2,0,0,1,0,0,1,0
9496,1996,1,0,0,0,0,0,1,0,0,0
9496,1997,3,2,1,0,0,1,1,0,0,0
9496,1998,4,2,0,0,0,0,2,0,0,0
9496,1999,1,1,1,1,0,0,0,0,0,0
9496,2000,2,1,0,0,0,0,1,0,0,0
9496,2001,2,2,2,0,0,2,0,0,0,0
9496,2003,2,2,0,0,0,0,0,0,0,0
9496,2004,2,2,0,0,0,0,0,0,0,0
9496,2006,1,1,0,0,0,0,0,0,0,0
9502,1991,1,1,0,0,0,0,0,0,0,0
9517,1986,1,0,0,0,0,0,1,0,0,0
9517,1987,3,3,2,0,1,0,0,0,0,0
9519,1988,11,7,2,2,0,0,3,0,0,1
9519,1989,11,9,1,0,1,0,2,0,0,0
9519,1990,3,2,1,0,0,1,1,0,0,0
9523,1998,1,1,1,1,0,0,0,0,0,0
9523,2000,1,1,0,0,0,0,0,0,0,0
9527,1998,1,1,0,0,0,0,0,0,0,0
9527,1999,2,2,0,0,0,0,0,0,2,0
9528,1997,4,1,1,0,0,1,3,0,0,0
9528,1999,5,3,2,0,0,0,1,1,1,0
9528,2000,2,1,0,0,0,0,1,0,1,0
9528,2001,1,1,0,0,0,0,0,0,1,0
9540,1993,7,5,3,2,1,0,2,0,1,0
9540,1994,3,1,1,0,0,1,2,0,0,0
9540,1995,8,5,3,1,0,1,3,0,0,0
9540,1996,5,4,3,0,0,0,1,0,0,0
9540,1998,3,2,1,1,0,0,1,0,0,0
9540,1999,3,3,0,0,0,0,0,0,0,0
9540,2000,4,4,1,0,0,0,0,0,1,0
9540,2001,3,1,0,0,0,0,2,0,0,0
9544,1989,1,1,1,0,1,0,0,0,0,0
9554,1992,2,1,0,0,0,0,1,0,0,0
9554,1994,6,5,2,0,0,0,1,0,0,0
9554,1995,6,6,1,1,0,0,0,0,3,0
9554,1996,7,7,2,0,0,1,0,0,1,0
9554,1997,9,8,3,0,0,1,1,0,0,0
9554,1998,3,3,0,0,0,0,0,0,0,0
9554,2000,6,4,0,0,0,0,2,0,1,0
9554,2001,4,1,1,0,0,0,2,1,0,0
9554,2002,4,2,2,0,0,0,2,0,0,0
9554,2003,3,3,0,0,0,0,0,0,0,0
9558,2006,2,1,0,0,0,0,1,0,0,0
9559,2001,1,1,0,0,0,0,0,0,0,0
9559,2006,1,1,1,0,0,0,0,0,0,0
9561,1989,4,2,1,0,0,0,2,0,1,0
9603,2001,1,1,0,0,0,0,0,0,0,0
9603,2003,2,1,1,0,0,0,1,0,0,0
9603,2004,1,1,0,0,0,0,0,0,0,0
9607,1997,6,5,2,0,0,1,1,0,2,0
9607,1999,1,0,0,0,0,0,1,0,0,0
9608,2000,2,0,0,0,0,0,2,0,0,0
9608,2001,3,2,0,0,0,0,1,0,0,0
9610,2001,2,2,2,2,0,0,0,0,0,0
9612,1991,4,4,0,0,0,0,0,0,0,0
9612,1992,5,5,3,0,0,0,0,0,1,0
9614,1988,2,2,0,0,0,0,0,0,1,0
9614,1989,8,7,4,1,0,1,1,0,2,0
9614,1990,8,6,0,0,0,0,2,0,3,0
9614,1991,6,5,0,0,0,0,1,0,1,0
9614,1992,3,2,1,1,0,0,1,0,0,0
9614,1993,10,9,1,0,0,0,1,0,3,0
9614,1994,3,2,1,0,0,0,1,0,0,0
9614,1995,2,2,0,0,0,0,0,0,1,0
9614,2002,7,3,1,1,0,0,4,0,0,0
9620,2003,1,1,1,0,0,0,0,0,0,0
9621,1997,6,4,1,1,0,0,2,0,2,0
9621,1998,1,0,0,0,0,0,1,0,0,0
9621,2003,1,0,0,0,0,0,1,0,0,0
9621,2004,2,2,0,0,0,0,0,0,0,0
9623,2007,1,0,0,0,0,0,1,0,0,0
9637,2000,4,2,1,1,0,0,2,0,0,0
9637,2001,3,3,1,0,0,1,0,0,0,0
9637,2003,4,3,2,0,0,1,1,0,0,0
9638,1987,3,3,1,0,0,0,0,0,1,0
9638,1988,2,1,0,0,0,0,1,0,0,0
9638,1991,10,6,1,0,0,0,3,1,0,0
9638,1992,2,1,0,0,0,0,1,0,1,0
9642,1994,5,5,1,0,0,0,0,0,0,0
9642,1995,6,5,0,0,0,0,1,0,2,0
9642,1996,6,2,0,0,0,0,4,0,0,0
9642,1997,7,4,0,0,0,0,3,0,0,0
9647,1992,10,7,0,0,0,0,2,1,0,0
9647,1993,7,4,2,2,0,0,3,0,0,0
9647,1994,3,3,2,0,0,1,0,0,0,0
9657,2000,1,0,0,0,0,0,1,0,0,0
9659,2002,1,1,0,0,0,0,0,0,1,0
9661,1995,1,1,0,0,0,0,0,0,0,0
9661,1999,1,1,0,0,0,0,0,0,0,0
9664,2007,1,1,0,0,0,0,0,0,0,0
9672,2003,2,1,1,0,0,0,0,1,0,0
9698,2002,1,1,0,0,0,0,0,0,0,0
9698,2003,1,1,0,0,0,0,0,0,1,0
9699,2002,1,1,1,0,0,1,0,0,0,0
9699,2003,3,1,0,0,0,0,2,0,1,0
9725,1988,3,3,0,0,0,0,0,0,1,0
9725,1989,11,11,4,0,0,2,0,0,0,0
9725,1990,3,2,2,0,0,0,1,0,0,0
9734,1986,2,2,1,0,0,0,0,0,1,0
9734,1987,5,4,2,1,0,1,1,0,1,0
9738,1986,1,1,1,0,0,0,0,0,0,0
9738,1987,1,1,0,0,0,0,0,0,0,0
9738,1988,3,3,2,1,0,1,0,0,0,0
9738,1989,6,6,1,0,0,1,0,0,0,0
9751,1998,2,1,0,0,0,0,1,0,1,0
9779,1999,1,1,0,0,0,0,0,0,0,0
9779,2000,1,0,0,0,0,0,1,0,0,0
9780,1997,2,2,0,0,0,0,0,0,1,0
9780,2004,1,0,0,0,0,0,1,0,0,0
9808,1990,4,4,1,0,0,1,0,0,0,0
9809,1990,3,2,1,0,0,0,1,0,0,0
9809,1991,5,4,0,0,0,0,1,0,0,0
9809,1992,3,2,2,1,0,1,1,0,0,0
9809,1993,5,4,0,0,0,0,1,0,1,0
9809,1994,3,3,0,0,0,0,0,0,0,0
9809,2000,1,1,1,0,0,1,0,0,0,0
9821,2001,1,1,1,0,0,1,0,0,0,0
9822,2006,3,3,2,0,0,0,0,0,0,0
9840,1998,1,1,0,0,0,0,0,0,1,0
9840,1999,10,9,2,0,0,1,1,0,3,0
9840,2001,3,1,1,1,0,0,2,0,0,0
9859,1990,4,3,2,0,0,1,1,0,0,0
9859,1991,3,3,1,1,0,0,0,0,0,0
9859,1992,4,4,2,0,0,0,0,0,1,0
9859,1993,2,1,0,0,0,0,1,0,1,0
9859,1994,4,3,2,0,0,0,0,1,0,0
9859,1995,2,1,1,1,0,0,1,0,0,0
9859,1996,4,4,0,0,0,0,0,0,2,0
9859,1997,4,3,1,0,0,0,1,0,0,0
9859,1998,3,1,0,0,0,0,1,0,1,1
9887,2006,1,1,0,0,0,0,0,0,1,0
9919,1993,5,3,1,1,0,0,2,0,0,0
9919,1994,6,4,1,0,0,1,2,0,0,0
9921,1999,3,3,2,0,0,1,0,0,0,0
9921,2000,1,1,1,1,0,0,0,0,0,0
10001,1996,2,1,0,0,0,0,1,0,1,0
10001,1997,1,0,0,0,0,0,1,0,0,0
10002,1993,5,5,1,0,0,0,0,0,0,0
10002,1994,3,2,1,0,0,0,1,0,0,0
10002,1995,3,3,0,0,0,0,0,0,1,0
10004,1986,2,2,0,0,0,0,0,0,1,0
10004,1987,10,9,2,0,1,0,1,0,1,0
10004,1988,5,4,1,0,0,0,1,0,0,0
10004,1990,6,5,1,0,0,0,0,0,0,1
10004,1991,1,0,0,0,0,0,1,0,0,0
10004,1993,8,5,1,1,0,0,2,0,0,1
10004,1994,2,2,1,0,0,0,0,0,1,0
10004,1995,6,4,1,0,0,0,2,0,1,0
10004,1996,2,2,0,0,0,0,0,0,0,0
10006,1993,2,1,1,1,0,0,1,0,0,0
10006,1994,3,3,1,0,0,1,0,0,1,0
10006,1996,1,0,0,0,0,0,1,0,0,0
10007,1997,2,1,0,0,0,0,1,0,1,0
10027,2002,3,2,0,0,0,0,1,0,0,0
10029,2000,6,6,2,1,1,0,0,0,1,0
10034,1990,5,5,2,0,0,1,0,0,2,0
10034,1991,6,5,2,0,0,0,1,0,0,0
10034,1992,4,3,2,0,0,0,1,0,0,0
10050,2004,2,1,0,0,0,0,1,0,0,0
10055,1996,4,3,1,0,0,0,1,0,1,0
10055,1998,1,1,0,0,0,0,0,0,0,0
10059,1987,5,4,2,0,0,0,1,0,0,0
10059,1988,10,10,2,0,0,0,0,0,3,0
10068,2002,2,1,0,0,0,0,1,0,0,0
10070,1992,3,3,1,0,0,1,0,0,0,0
10070,1993,3,3,2,0,0,2,0,0,0,0
10070,1994,6,6,2,2,0,0,0,0,0,0
10070,1995,9,8,3,1,0,0,1,0,2,0
10071,2001,3,3,2,0,0,0,0,0,0,0
10093,1994,1,1,0,0,0,0,0,0,0,0
10093,1995,2,2,1,0,0,0,0,0,0,0
10097,2006,4,2,1,0,0,0,2,0,0,0
10097,2007,2,1,0,0,0,0,1,0,0,0
10112,1996,9,9,2,0,0,1,0,0,1,0
10124,1990,2,1,1,0,0,0,1,0,0,0
10124,1991,8,5,1,0,0,1,3,0,1,0
10124,1992,1,1,1,0,0,1,0,0,0,0
10126,2007,6,4,1,0,0,0,2,0,1,0
10146,2004,1,1,0,0,0,0,0,0,0,0
10146,2006,2,1,0,0,0,0,1,0,0,0
10155,1998,3,2,0,0,0,0,1,0,0,0
10155,1999,3,2,1,0,0,0,1,0,0,0
10155,2000,4,4,1,0,0,1,0,0,0,0
10155,2001,2,0,0,0,0,0,2,0,0,0
10155,2002,1,1,0,0,0,0,0,0,0,0
10187,1986,7,7,2,0,0,2,0,0,2,0
10187,1987,10,8,4,2,0,0,2,0,0,0
10187,1989,9,8,2,1,0,0,1,0,1,0
10188,1993,3,3,1,0,0,1,0,0,0,0
10188,1995,6,5,2,1,0,1,1,0,1,0
10188,1996,7,7,3,0,0,1,0,0,3,0
10188,1998,1,1,0,0,0,0,0,0,0,0
10188,1999,2,1,1,0,0,0,1,0,0,0
10215,2000,1,1,1,1,0,0,0,0,0,0
10216,2002,1,0,0,0,0,0,1,0,0,0
10229,2004,2,1,1,1,0,0,1,0,0,0
10234,2006,1,0,0,0,0,0,1,0,0,0
10236,2000,1,1,1,1,0,0,0,0,0,0
10236,2001,1,1,0,0,0,0,0,0,1,0
10246,1999,2,2,0,0,0,0,0,0,2,0
10246,2000,2,1,1,0,0,0,1,0,0,0
10246,2001,2,2,0,0,0,0,0,0,2,0
10246,2002,3,3,1,0,0,1,0,0,0,0
10246,2006,1,1,1,1,0,0,0,0,0,0
10251,1997,3,3,0,0,0,0,0,0,2,0
10267,1991,2,2,1,0,0,1,0,0,0,0
10267,1992,2,1,0,0,0,0,1,0,0,0
10273,1986,6,4,0,0,0,0,2,0,0,0
10273,1987,2,1,0,0,0,0,1,0,0,0
10273,1989,3,2,0,0,0,0,0,1,0,0
10273,1990,3,3,1,0,0,1,0,0,0,0
10285,1999,1,0,0,0,0,0,1,0,0,0
10293,1988,12,11,5,1,1,2,1,0,2,0
10293,1989,3,3,0,0,0,0,0,0,1,0
10293,1990,4,2,0,0,0,0,2,0,0,0
10294,1992,9,8,3,0,1,0,1,0,2,0
10294,1993,11,10,2,1,0,1,1,0,2,0
10294,1994,3,2,0,0,0,0,1,0,0,0
10294,1995,7,5,1,1,0,0,2,0,0,0
10294,1996,6,3,0,0,0,0,3,0,0,0
10294,1997,7,5,1,0,0,0,2,0,0,0
10294,1998,7,6,4,0,0,2,1,0,1,0
10294,2000,8,7,3,1,0,0,1,0,1,0
10294,2001,13,12,3,0,0,3,1,0,2,0
10294,2002,12,10,2,1,0,1,2,0,2,0
10294,2003,17,12,2,0,0,1,4,1,3,0
10308,1995,1,1,1,0,0,0,0,0,0,0
10311,1990,1,0,0,0,0,0,1,0,0,0
10313,1996,5,1,0,0,0,0,3,0,0,1
10313,1997,3,3,2,0,0,1,0,0,1,0
10313,1999,3,3,0,0,0,0,0,0,0,0
10330,1991,5,5,1,0,0,0,0,0,1,0
10330,1992,20,13,2,0,0,1,5,0,2,2
10330,1993,6,5,2,0,0,1,1,0,1,0
10330,1994,3,3,3,0,0,2,0,0,0,0
10330,1995,6,5,1,0,0,1,1,0,2,0
10330,1997,6,5,2,0,1,1,1,0,2,0
10330,1998,3,2,1,0,0,1,1,0,0,0
10330,1999,1,1,0,0,0,0,0,0,0,0
10332,2000,4,4,1,0,0,0,0,0,1,0
10332,2001,3,3,0,0,0,0,0,0,3,0
10332,2007,2,0,0,0,0,0,2,0,0,0
10383,1986,8,7,1,1,0,0,1,0,1,0
10383,1987,4,4,0,0,0,0,0,0,1,0
10383,1988,8,8,2,0,0,0,0,0,2,0
10383,1989,8,7,1,0,0,0,1,0,1,0
10383,1990,3,3,1,1,0,0,0,0,1,0
10388,1992,2,2,0,0,0,0,0,0,0,0
10388,1993,1,1,0,0,0,0,0,0,0,0
10388,1994,1,0,0,0,0,0,1,0,0,0
10388,1995,1,1,0,0,0,0,0,0,0,0
10388,1996,1,1,0,0,0,0,0,0,0,0
10399,1989,3,2,1,0,0,0,1,0,0,0
10399,1990,2,1,1,0,0,0,1,0,0,0
10399,1991,2,1,1,0,0,0,1,0,0,0
10409,1995,1,0,0,0,0,0,1,0,0,0
10409,1998,1,1,0,0,0,0,0,0,0,0
10409,2004,1,0,0,0,0,0,1,0,0,0
10409,2005,1,1,0,0,0,0,0,0,1,0
10409,2006,2,2,0,0,0,0,0,0,0,0
10411,1989,2,1,0,0,0,0,0,0,0,1
10411,1990,3,3,0,0,0,0,0,0,2,0
10412,1991,4,2,2,0,0,0,2,0,0,0
10412,1992,1,1,0,0,0,0,0,0,0,0
10416,1986,10,10,4,2,0,1,0,0,1,0
10416,1987,7,7,3,0,1,0,0,0,2,0
10416,1988,3,1,0,0,0,0,1,0,1,1
10416,1989,7,6,1,1,0,0,1,0,0,0
10431,1991,2,1,0,0,0,0,1,0,0,0
10440,1998,3,2,0,0,0,0,0,1,1,0
10440,2000,3,1,0,0,0,0,1,0,1,1
10440,2006,6,5,1,1,0,0,1,0,2,0
10440,2007,1,0,0,0,0,0,1,0,0,0
10450,1994,2,2,0,0,0,0,0,0,0,0
10458,2006,6,3,0,0,0,0,3,0,0,0
10461,1999,4,4,1,0,0,0,0,0,0,0
10461,2007,1,0,0,0,0,0,0,1,0,0
10465,2001,3,3,2,0,0,1,0,0,1,0
10468,1993,1,1,1,0,0,0,0,0,0,0
10468,1996,2,2,1,0,0,1,0,0,0,0
10468,2003,2,2,0,0,0,0,0,0,1,0
10468,2004,1,0,0,0,0,0,1,0,0,0
10507,1993,1,1,0,0,0,0,0,0,0,0
10507,1994,4,4,2,0,0,1,0,0,0,0
10507,1995,4,4,1,1,0,0,0,0,1,0
10507,1996,6,3,2,0,0,0,3,0,0,0
10507,1997,4,2,1,1,0,0,2,0,0,0
10507,1998,1,1,1,0,0,0,0,0,0,0
10507,1999,3,3,0,0,0,0,0,0,0,0
10507,2000,2,1,0,0,0,0,1,0,1,0
10507,2001,4,2,0,0,0,0,2,0,0,0
10516,2002,6,3,2,1,0,1,3,0,0,0
10516,2003,4,3,1,1,0,0,1,0,0,0
10516,2007,4,3,0,0,0,0,1,0,1,0
10533,1992,2,1,1,0,0,0,1,0,0,0
10543,1991,4,3,0,0,0,0,0,1,1,0
10549,2006,1,1,0,0,0,0,0,0,0,0
10572,1993,1,1,1,0,0,1,0,0,0,0
10572,2006,2,2,0,0,0,0,0,0,1,0
10572,2007,3,2,0,0,0,0,1,0,0,0
10573,1986,3,1,0,0,0,0,2,0,1,0
10573,1987,14,11,2,1,0,0,3,0,2,0
10573,1988,4,4,1,0,0,0,0,0,2,0
10573,1989,7,5,1,0,0,0,2,0,1,0
10573,1990,5,4,3,1,0,1,0,0,1,1
10576,2002,2,2,0,0,0,0,0,0,1,0
10576,2003,4,3,0,0,0,0,1,0,1,0
10588,1988,1,1,0,0,0,0,0,0,0,0
10595,2003,1,1,0,0,0,0,0,0,0,0
10597,1997,3,3,3,2,0,0,0,0,0,0
10597,1998,9,6,1,0,0,0,3,0,2,0
10597,1999,1,0,0,0,0,0,1,0,0,0
10610,1991,4,2,1,1,0,0,2,0,0,0
10610,1992,2,1,1,0,0,1,1,0,0,0
10611,2002,3,1,1,0,0,0,2,0,0,0
10614,2004,1,0,0,0,0,0,1,0,0,0
10640,1986,1,1,0,0,0,0,0,0,1,0
10640,1987,4,4,0,0,0,0,0,0,0,0
10668,2007,3,2,0,0,0,0,1,0,0,0
10677,1991,5,3,1,0,0,0,0,0,1,2
10677,1992,1,0,0,0,0,0,1,0,0,0
10677,1994,3,3,0,0,0,0,0,0,0,0
10677,1995,1,1,0,0,0,0,0,0,0,0
10677,1998,1,0,0,0,0,0,1,0,0,0
10677,1999,1,1,0,0,0,0,0,0,1,0
10677,2000,5,3,2,0,0,2,2,0,0,0
10680,2000,3,2,1,0,1,0,1,0,0,0
10682,1997,1,1,0,0,0,0,0,0,0,0
10682,1998,2,1,1,1,0,0,1,0,0,0
10685,1996,1,0,0,0,0,0,1,0,0,0
10689,1993,6,4,1,0,0,1,2,0,1,0
10689,1994,6,3,1,0,0,1,3,0,0,0
10689,1996,9,7,2,0,0,1,2,0,1,0
10689,1997,3,3,3,0,0,0,0,0,0,0
10692,1986,7,7,2,0,0,1,0,0,0,0
10692,1987,7,6,2,1,0,1,0,0,1,1
10692,1988,9,9,2,0,0,0,0,0,1,0
10692,1989,3,2,1,0,0,0,1,0,1,0
10692,1991,12,11,4,2,0,0,1,0,0,0
10692,1993,1,1,1,0,0,0,0,0,0,0
10703,2000,3,3,1,0,0,0,0,0,0,0
10703,2001,3,2,1,0,0,1,1,0,0,0
10715,1988,1,1,0,0,0,0,0,0,1,0
10715,1989,3,3,1,1,0,0,0,0,0,0
10715,1991,1,0,0,0,0,0,1,0,0,0
10720,1999,1,1,0,0,0,0,0,0,0,0
10720,2003,1,1,0,0,0,0,0,0,0,0
10746,1986,4,4,1,1,0,0,0,0,2,0
10746,1987,2,2,0,0,0,0,0,0,1,0
10746,1991,2,1,1,0,0,1,1,0,0,0
10746,1992,1,1,1,0,0,0,0,0,0,0
10746,1993,2,2,1,0,0,1,0,0,0,0
10746,1997,1,1,0,0,0,0,0,0,1,0
10759,1988,6,6,2,0,0,0,0,0,0,0
10759,1989,10,8,1,0,0,0,2,0,1,0
10759,1990,3,3,1,0,0,1,0,0,1,0
10759,1992,3,3,1,0,0,0,0,0,0,0
10759,1993,3,2,2,0,0,1,1,0,0,0
10759,1997,6,5,1,0,0,0,1,0,1,0
10779,1986,3,2,1,0,1,0,1,0,0,0
10779,1987,8,8,2,1,0,1,0,0,1,0
10779,1989,11,9,2,0,0,0,2,0,1,0
10779,1990,11,10,2,0,0,1,1,0,2,0
10779,1993,2,2,2,1,0,0,0,0,0,0
10779,1994,2,1,1,0,0,0,1,0,0,0
10779,1996,3,3,1,1,0,0,0,0,0,0
10782,1988,2,2,0,0,0,0,0,0,0,0
10782,1989,11,9,2,1,0,1,2,0,0,0
10782,1990,2,1,0,0,0,0,1,0,1,0
10782,1991,9,7,3,0,0,1,2,0,2,0
10782,1992,7,4,1,1,0,0,3,0,2,0
10782,1993,6,5,2,1,0,0,1,0,2,0
10782,1994,8,6,3,0,0,1,2,0,0,0
10782,1995,3,3,0,0,0,0,0,0,1,0
10782,1996,10,7,2,0,0,1,3,0,1,0
10782,1997,6,6,2,0,0,2,0,0,2,0
10782,1998,6,4,2,0,0,2,2,0,0,0
10782,1999,3,2,0,0,0,0,1,0,1,0
10782,2001,1,1,0,0,0,0,0,0,1,0
10782,2002,3,2,1,0,0,0,1,0,0,0
10782,2003,1,1,0,0,0,0,0,0,0,0
10782,2006,6,4,1,1,0,0,2,0,1,0
10782,2007,6,3,0,0,0,0,3,0,0,0
10785,2002,2,2,2,1,0,1,0,0,0,0
10809,2000,6,5,3,0,0,1,1,0,0,0
10820,1997,1,0,0,0,0,0,1,0,0,0
10820,1998,3,3,1,1,0,0,0,0,1,0
10821,1986,4,4,1,0,0,0,0,0,1,0
10842,1987,2,2,1,1,0,0,0,0,0,0
10848,2007,1,1,1,0,0,0,0,0,0,0
10856,2006,2,0,0,0,0,0,2,0,0,0
10866,1988,4,4,1,0,0,0,0,0,0,0
10881,1998,3,3,1,0,0,1,0,0,1,0
10881,2004,6,5,2,0,0,0,1,0,0,0
10885,1986,4,2,0,0,0,0,2,0,0,0
10890,1998,1,1,0,0,0,0,0,0,0,0
10890,2001,1,0,0,0,0,0,1,0,0,0
10890,2002,3,3,0,0,0,0,0,0,1,0
10890,2004,1,0,0,0,0,0,1,0,0,0
10900,1998,3,3,1,0,0,0,0,0,0,0
10900,1999,3,3,1,0,0,1,0,0,0,0
10920,1993,1,1,0,0,0,0,0,0,0,0
10920,1994,1,1,1,1,0,0,0,0,0,0
10920,1997,1,1,1,0,0,0,0,0,0,0
10920,1998,1,1,0,0,0,0,0,0,0,0
10921,1997,2,2,1,0,0,0,0,0,0,0
10921,1999,5,5,0,0,0,0,0,0,1,0
10921,2001,3,3,2,0,0,1,0,0,0,0
10926,1995,2,2,0,0,0,0,0,0,1,0
10926,1996,2,1,0,0,0,0,1,0,0,0
10926,1997,1,0,0,0,0,0,1,0,0,0
10926,1998,1,1,0,0,0,0,0,0,0,0
10926,2000,1,1,0,0,0,0,0,0,0,0
10926,2001,1,1,1,0,0,1,0,0,0,0
10926,2004,1,0,0,0,0,0,0,1,0,0
10926,2006,1,0,0,0,0,0,0,1,0,0
10932,2006,1,1,1,0,0,1,0,0,0,0
10963,1989,2,1,0,0,0,0,1,0,0,0
10963,1991,3,3,1,0,0,0,0,0,0,0
10963,1992,5,2,1,1,0,0,3,0,1,0
10963,1993,2,2,1,1,0,0,0,0,0,0
10963,1994,2,1,0,0,0,0,1,0,0,0
10963,1995,1,1,0,0,0,0,0,0,0,0
10963,2003,1,1,1,1,0,0,0,0,0,0
10963,2004,1,0,0,0,0,0,1,0,0,0
10973,2002,8,6,3,1,0,2,2,0,0,0
10973,2004,4,2,0,0,0,0,2,0,1,0
10986,1987,3,2,0,0,0,0,0,0,1,1
10989,2001,1,0,0,0,0,0,1,0,0,0
10999,1998,3,2,1,0,0,1,1,0,0,0
11012,2000,6,5,1,0,0,0,0,1,0,0
11012,2003,6,5,3,0,0,2,1,0,0,0
11047,2003,1,1,0,0,0,0,0,0,1,0
11047,2004,1,0,0,0,0,0,1,0,0,0
11069,1986,1,0,0,0,0,0,1,0,0,0
11079,2001,1,0,0,0,0,0,1,0,0,0
11079,2003,1,1,0,0,0,0,0,0,0,0
11079,2004,1,1,0,0,0,0,0,0,0,0
11083,1998,1,1,1,0,0,0,0,0,0,0
11090,1996,4,2,0,0,0,0,2,0,0,0
11090,1997,9,5,2,0,0,0,4,0,2,0
11090,1998,7,7,2,2,0,0,0,0,0,0
11090,1999,3,2,0,0,0,0,1,0,1,0
11090,2000,7,5,1,0,0,1,2,0,0,0
11109,2003,1,0,0,0,0,0,1,0,0,0
11112,2006,2,1,0,0,0,0,1,0,1,0
11119,2002,2,2,0,0,0,0,0,0,1,0
11137,2000,1,1,0,0,0,0,0,0,0,0
11138,2006,2,1,0,0,0,0,1,0,0,0
11167,1998,3,2,0,0,0,0,1,0,1,0
11167,1999,2,2,1,1,0,0,0,0,0,0
11167,2000,3,3,0,0,0,0,0,0,0,0
11167,2001,4,3,1,0,0,1,1,0,0,0
11167,2002,3,0,0,0,0,0,3,0,0,0
11167,2003,1,1,0,0,0,0,0,0,0,0
11172,1998,6,6,0,0,0,0,0,0,0,0
11172,2004,4,3,1,0,0,1,1,0,0,0
11172,2006,3,3,1,0,0,0,0,0,0,0
11172,2007,3,2,0,0,0,0,1,0,0,0
11178,1986,3,2,1,1,0,0,1,0,1,0
11178,1987,13,12,3,1,0,0,1,0,2,0
11178,1988,8,8,1,1,0,0,0,0,1,0
11178,1989,19,17,5,1,0,0,1,0,4,0
11178,1990,1,1,0,0,0,0,0,0,0,0
11178,1991,6,5,0,0,0,0,0,0,1,1
11178,1994,1,1,1,0,0,0,0,0,0,0
11184,1988,1,1,0,0,0,0,0,0,1,0
11185,1988,3,3,1,0,0,0,0,0,2,0
11192,1999,1,1,0,0,0,0,0,0,0,0
11205,1995,1,0,0,0,0,0,1,0,0,0
11207,2006,1,1,1,0,0,1,0,0,0,0
11215,1995,6,3,0,0,0,0,3,0,0,0
11215,1998,2,1,0,0,0,0,0,1,0,0
11217,1992,7,6,2,1,0,0,0,0,1,1
11217,1993,11,9,4,1,0,1,2,0,1,0
11217,1994,3,3,0,0,0,0,0,0,0,0
11217,1995,3,2,0,0,0,0,1,0,0,0
11217,1999,2,2,0,0,0,0,0,0,0,0
11217,2000,4,4,0,0,0,0,0,0,1,0
11217,2001,5,4,0,0,0,0,1,0,1,0
11217,2002,2,2,0,0,0,0,0,0,0,0
11229,2004,1,1,0,0,0,0,0,0,0,0
11230,1995,3,1,1,0,0,0,2,0,0,0
11230,1996,2,2,0,0,0,0,0,0,1,0
11230,1998,3,2,0,0,0,0,0,1,0,0
11245,2007,1,0,0,0,0,0,1,0,0,0
11247,2000,1,1,1,0,0,0,0,0,0,0
11247,2001,1,0,0,0,0,0,1,0,0,0
11249,1993,9,8,2,0,0,1,1,0,1,0
11252,2002,3,2,1,0,0,1,1,0,0,0
11252,2003,1,0,0,0,0,0,1,0,0,0
11253,2007,2,1,0,0,0,0,1,0,1,0
11256,1995,4,2,1,0,0,1,2,0,0,0
11256,1997,3,2,0,0,0,0,1,0,2,0
11256,1998,9,9,7,2,0,2,0,0,2,0
11256,1999,5,4,2,0,0,2,1,0,0,0
11256,2000,4,3,2,1,0,0,1,0,0,0
11256,2001,3,2,0,0,0,0,1,0,1,0
11276,1997,3,3,0,0,0,0,0,0,0,0
11285,2000,2,2,0,0,0,0,0,0,0,0
11285,2003,2,2,0,0,0,0,0,0,1,0
11285,2007,3,2,0,0,0,0,1,0,0,0
11295,1998,2,2,0,0,0,0,0,0,2,0
11295,1999,2,2,1,1,0,0,0,0,0,0
11311,1993,4,3,2,0,0,1,1,0,0,0
11336,2002,3,0,0,0,0,0,3,0,0,0
11339,1986,5,5,1,0,0,0,0,0,0,0
11339,1987,5,5,1,1,0,0,0,0,1,0
11339,1988,6,5,2,0,0,0,1,0,1,0
11339,1989,1,0,0,0,0,0,1,0,0,0
11340,1996,3,1,0,0,0,0,2,0,0,0
11340,1997,4,4,1,0,0,0,0,0,0,0
11340,1998,4,3,2,1,0,0,1,0,0,0
11340,1999,1,1,1,0,0,1,0,0,0,0
11340,2004,2,2,2,0,0,1,0,0,0,0
11341,1997,3,3,0,0,0,0,0,0,0,0
11341,1998,3,2,0,0,0,0,1,0,0,0
11341,1999,1,1,0,0,0,0,0,0,1,0
11341,2000,3,3,1,0,0,1,0,0,0,0
11341,2001,1,1,0,0,0,0,0,0,0,0
11342,1993,5,3,1,1,0,0,2,0,0,0
11342,1995,3,3,1,1,0,0,0,0,1,0
11363,1988,5,4,0,0,0,0,1,0,0,0
11363,1989,10,9,3,2,0,0,1,0,2,0
11363,1990,3,3,1,0,0,1,0,0,0,0
11363,1991,6,6,1,0,0,0,0,0,1,0
11371,1987,2,2,1,0,0,0,0,0,0,0
11371,1989,3,3,1,0,0,0,0,0,1,0
11371,1990,13,12,1,0,0,0,1,0,0,0
11371,1991,10,7,3,1,0,0,1,0,0,2
11371,1992,3,3,1,1,0,0,0,0,0,0
11371,1993,6,5,2,1,0,0,0,0,1,1
11371,1994,3,2,1,0,0,1,1,0,0,0
11371,1996,12,12,5,0,0,2,0,0,2,0
11391,1996,1,1,0,0,0,0,0,0,0,0
11426,1997,9,7,0,0,0,0,2,0,1,0
11426,1998,6,6,1,0,0,0,0,0,0,0
11426,2001,7,6,2,0,0,2,1,0,2,0
11426,2002,9,8,2,0,0,0,1,0,0,0
11435,1994,3,2,1,0,0,0,1,0,1,0
11435,1995,3,2,0,0,0,0,1,0,1,0
11435,1996,3,2,1,0,0,1,1,0,0,0
11437,2006,3,1,0,0,0,0,1,1,1,0
11441,1989,2,2,0,0,0,0,0,0,1,0
11473,1990,4,3,1,0,0,1,1,0,0,0
11474,1998,3,1,0,0,0,0,2,0,0,0
11474,2000,2,2,2,1,0,1,0,0,0,0
11474,2001,3,1,0,0,0,0,2,0,0,0
11476,1986,12,11,3,1,0,1,1,0,4,0
11489,2002,2,1,1,0,0,1,1,0,0,0
11489,2004,1,1,0,0,0,0,0,0,0,0
11511,1987,2,1,0,0,0,0,1,0,0,0
11511,1993,2,2,0,0,0,0,0,0,1,0
11513,2000,3,3,1,0,0,0,0,0,0,0
11513,2001,3,1,0,0,0,0,2,0,0,0
11522,1997,6,3,2,1,0,1,3,0,1,0
11522,1998,7,5,1,0,0,0,2,0,0,0
11522,1999,7,5,1,1,0,0,2,0,0,0
11522,2002,12,6,2,0,0,0,6,0,0,0
11522,2007,7,6,2,0,0,0,1,0,0,0
11526,1993,3,3,1,0,1,0,0,0,1,0
11526,1994,1,1,0,0,0,0,0,0,1,0
11558,1997,1,1,1,0,0,1,0,0,0,0
11568,2007,2,2,1,0,0,1,0,0,0,0
11577,1994,7,5,2,0,0,0,2,0,0,0
11577,1995,7,6,1,1,0,0,1,0,1,0
11577,1996,6,5,1,0,0,1,1,0,1,0
11577,1997,7,5,1,0,0,0,2,0,2,0
11577,1998,9,8,2,1,0,0,1,0,3,0
11577,2001,6,3,1,0,0,1,3,0,0,0
11577,2002,3,1,0,0,0,0,2,0,0,0
11577,2003,6,5,1,0,0,0,1,0,0,0
11577,2004,3,3,3,1,0,0,0,0,0,0
11577,2006,5,4,1,0,0,1,0,1,1,0
11610,1986,1,0,0,0,0,0,1,0,0,0
11610,1987,6,5,1,1,0,0,1,0,1,0
11628,2002,1,1,0,0,0,0,0,0,0,0
11628,2003,1,0,0,0,0,0,1,0,0,0
11628,2004,2,0,0,0,0,0,2,0,0,0
11629,1986,8,7,0,0,0,0,1,0,3,0
11629,1987,3,3,1,1,0,0,0,0,0,0
11629,1988,1,1,0,0,0,0,0,0,0,0
11629,1990,4,4,0,0,0,0,0,0,2,0
11635,1987,3,3,0,0,0,0,0,0,0,0
11642,2006,1,1,1,0,0,0,0,0,0,0
11642,2007,2,2,0,0,0,0,0,0,1,0
11647,1993,3,3,2,1,0,0,0,0,0,0
11683,1993,5,3,0,0,0,0,2,0,0,0
11683,1994,2,1,1,0,0,0,0,1,0,0
11683,1995,7,5,0,0,0,0,2,0,1,0
11684,1996,1,1,0,0,0,0,0,0,0,0
11684,1997,1,1,0,0,0,0,0,0,0,0
11684,1998,1,1,0,0,0,0,0,0,1,0
11684,2000,1,0,0,0,0,0,1,0,0,0
11710,1995,8,7,0,0,0,0,1,0,3,0
11710,1996,3,1,0,0,0,0,2,0,0,0
11710,1997,6,6,2,0,0,1,0,0,0,0
11710,1998,6,4,1,0,0,0,2,0,0,0
11710,1999,6,6,0,0,0,0,0,0,3,0
11710,2001,3,1,1,1,0,0,2,0,0,0
11710,2004,3,3,2,1,0,1,0,0,0,0
11717,1997,2,1,0,0,0,0,1,0,0,0
11717,1998,1,1,0,0,0,0,0,0,1,0
11717,2000,3,1,0,0,0,0,2,0,0,0
11722,1990,1,1,1,0,0,1,0,0,0,0
11732,1986,4,4,0,0,0,0,0,0,1,0
11732,1987,6,6,1,0,0,0,0,0,2,0
11732,1989,3,1,0,0,0,0,2,0,0,0
11732,1994,3,3,1,0,0,1,0,0,0,0
11732,1995,6,5,2,1,0,0,1,0,0,0
11732,1996,10,8,2,1,0,1,2,0,2,0
11735,1990,2,2,2,0,0,0,0,0,0,0
11746,2003,1,1,0,0,0,0,0,0,0,0
11746,2004,2,1,0,0,0,0,1,0,0,0
11746,2006,3,2,2,1,0,1,1,0,0,0
11746,2007,3,1,0,0,0,0,2,0,0,0
11754,1986,4,4,1,0,0,0,0,0,1,0
11756,2007,6,4,2,0,0,2,2,0,2,0
11763,2000,1,1,0,0,0,0,0,0,1,0
11763,2001,2,2,0,0,0,0,0,0,2,0
11763,2004,2,2,0,0,0,0,0,0,1,0
11768,2003,4,3,1,0,0,0,1,0,1,0
11768,2004,4,2,1,0,0,0,2,0,0,0
11768,2006,3,2,1,0,0,0,1,0,1,0
11768,2007,1,1,1,0,0,0,0,0,0,0
11801,1998,8,6,2,0,0,1,1,1,1,0
11801,1999,3,2,1,0,0,1,1,0,0,0
11801,2000,3,2,0,0,0,0,1,0,0,0
11801,2001,6,4,0,0,0,0,2,0,3,0
11801,2002,7,5,2,2,0,0,2,0,1,0
11822,1999,1,1,0,0,0,0,0,0,0,0
11822,2000,1,1,0,0,0,0,0,0,0,0
11822,2001,1,1,0,0,0,0,0,0,1,0
11822,2002,3,3,1,0,1,0,0,0,1,0
11822,2004,3,2,0,0,0,0,1,0,0,0
11822,2006,1,0,0,0,0,0,1,0,0,0
11830,1996,1,1,1,0,0,1,0,0,0,0
11837,1994,2,2,1,0,0,1,0,0,0,0
11837,1995,2,1,0,0,0,0,1,0,0,0
11837,1996,3,2,0,0,0,0,1,0,2,0
11837,1997,2,2,1,1,0,0,0,0,0,0
11837,1998,1,1,0,0,0,0,0,0,0,0
11837,2000,2,2,1,0,0,0,0,0,1,0
11837,2001,1,0,0,0,0,0,1,0,0,0
11861,2003,2,1,0,0,0,0,1,0,0,0
11863,2007,1,1,0,0,0,0,0,0,0,0
11873,2003,2,0,0,0,0,0,2,0,0,0
11873,2007,2,2,1,1,0,0,0,0,1,0
11875,1995,2,2,0,0,0,0,0,0,0,0
11875,1996,2,1,1,0,0,0,1,0,0,0
11875,1999,3,2,2,0,0,2,1,0,0,0
11875,2000,2,2,1,0,0,1,0,0,0,0
11875,2001,2,1,0,0,0,0,0,1,0,0
11875,2002,1,1,0,0,0,0,0,0,0,0
11875,2003,3,3,0,0,0,0,0,0,0,0
11875,2007,1,0,0,0,0,0,0,1,0,0
11884,1990,12,9,2,0,0,0,2,1,1,0
11884,1991,7,7,1,0,0,0,0,0,3,0
11895,2002,1,1,0,0,0,0,0,0,0,0
11895,2003,1,0,0,0,0,0,1,0,0,0
11895,2004,2,2,0,0,0,0,0,0,0,0
11895,2006,2,1,0,0,0,0,1,0,0,0
11899,2004,3,2,1,1,0,0,1,0,0,0
11908,1990,3,1,0,0,0,0,2,0,0,0
11908,2000,1,1,1,0,0,1,0,0,0,0
11925,1996,5,3,2,1,0,0,2,0,0,0
11925,1997,5,4,2,0,0,0,1,0,0,0
11927,2004,1,0,0,0,0,0,1,0,0,0
11929,1996,4,4,0,0,0,0,0,0,2,0
11929,1997,2,2,1,1,0,0,0,0,0,0
11929,1998,3,3,1,0,0,0,0,0,0,0
11929,2000,1,0,0,0,0,0,1,0,0,0
11929,2001,1,1,0,0,0,0,0,0,0,0
11929,2003,1,1,0,0,0,0,0,0,1,0
11929,2006,3,3,1,0,0,1,0,0,0,0
11936,1993,4,4,2,1,0,0,0,0,0,0
11936,1995,3,2,1,0,0,0,1,0,0,0
11936,1997,1,1,0,0,0,0,0,0,0,0
11936,1998,6,5,0,0,0,0,1,0,1,0
11937,2003,1,1,0,0,0,0,0,0,0,0
11937,2006,1,0,0,0,0,0,1,0,0,0
11943,1997,1,0,0,0,0,0,1,0,0,0
11949,1993,7,7,0,0,0,0,0,0,2,0
11949,2004,3,1,0,0,0,0,2,0,0,0
11949,2007,3,3,2,0,0,1,0,0,0,0
11960,1993,4,2,1,1,0,0,2,0,1,0
11965,2003,1,1,0,0,0,0,0,0,0,0
11970,2000,2,1,0,0,0,0,0,0,1,1
11970,2001,2,2,1,1,0,0,0,0,0,0
11970,2002,1,0,0,0,0,0,1,0,0,0
11973,1995,2,1,0,0,0,0,1,0,0,0
11976,1995,1,1,1,1,0,0,0,0,0,0
11987,1996,3,2,0,0,0,0,1,0,0,0
11987,1998,3,3,1,0,0,0,0,0,1,0
11987,1999,1,0,0,0,0,0,1,0,0,0
11987,2000,2,2,0,0,0,0,0,0,0,0
11987,2001,1,0,0,0,0,0,1,0,0,0
11988,1996,2,1,0,0,0,0,1,0,0,0
11992,1997,1,1,0,0,0,0,0,0,1,0
11992,1999,3,2,0,0,0,0,1,0,0,0
12002,2003,2,1,0,0,0,0,1,0,1,0
12002,2006,1,1,1,0,0,1,0,0,0,0
12015,1986,2,2,0,0,0,0,0,0,2,0
12015,1987,3,2,1,0,1,0,1,0,1,0
12015,1988,1,1,0,0,0,0,0,0,0,0
12023,2007,3,3,2,0,0,0,0,0,0,0
12028,2000,2,2,1,0,0,0,0,0,0,0
12033,1986,1,1,1,1,0,0,0,0,0,0
12080,1993,3,2,1,0,0,0,1,0,0,0
12080,1994,6,4,0,0,0,0,2,0,0,0
12080,1995,3,3,1,0,0,0,0,0,0,0
12080,1997,2,2,1,0,0,0,0,0,0,0
12087,1993,6,5,2,0,0,0,0,0,2,1
12089,1994,3,3,1,1,0,0,0,0,0,0
12089,1995,4,3,2,0,0,0,1,0,1,0
12089,1996,7,5,3,0,0,1,2,0,0,0
12089,1998,2,1,1,1,0,0,1,0,0,0
12089,1999,1,0,0,0,0,0,1,0,0,0
12089,2000,1,0,0,0,0,0,1,0,0,0
12089,2001,4,1,1,0,0,1,3,0,0,0
12089,2002,2,2,0,0,0,0,0,0,1,0
12089,2003,1,1,1,0,0,1,0,0,0,0
12089,2006,1,0,0,0,0,0,1,0,0,0
12089,2007,1,1,0,0,0,0,0,0,0,0
12094,2004,19,8,4,1,0,3,11,0,2,0
12099,2003,9,3,0,0,0,0,6,0,1,0
12099,2004,10,3,1,0,0,0,7,0,1,0
12099,2006,6,4,2,1,0,0,2,0,1,0
12107,2001,1,1,0,0,0,0,0,0,0,0
12133,1986,8,6,1,0,0,0,2,0,4,0
12133,1987,10,10,1,0,0,0,0,0,3,0
12135,1998,2,2,2,0,1,1,0,0,0,0
12143,2004,19,17,5,2,0,2,2,0,2,0
12143,2006,3,3,2,0,0,1,0,0,0,0
12143,2007,3,2,1,0,0,0,1,0,0,0
12146,2002,6,5,4,0,0,2,1,0,0,0
12146,2003,3,2,1,0,0,0,1,0,1,0
12146,2006,3,3,0,0,0,0,0,0,0,0
12148,1990,5,4,3,1,0,0,1,0,0,0
12149,2007,2,2,0,0,0,0,0,0,1,0
12152,1986,3,1,0,0,0,0,2,0,0,0
12156,1995,1,1,0,0,0,0,0,0,0,0
12156,1996,2,2,1,0,0,0,0,0,1,0
12156,1997,1,1,0,0,0,0,0,0,1,0
12156,1998,3,3,1,0,0,0,0,0,0,0
12156,2000,1,0,0,0,0,0,1,0,0,0
12156,2001,2,1,0,0,0,0,1,0,0,0
12156,2003,1,1,1,1,0,0,0,0,0,0
12157,1998,1,0,0,0,0,0,1,0,0,0
12171,1989,2,1,0,0,0,0,1,0,0,0
12171,1993,5,3,0,0,0,0,2,0,2,0
12171,1994,4,3,1,0,0,0,1,0,0,0
12175,1993,2,2,1,0,0,0,0,0,0,0
12179,1989,1,1,0,0,0,0,0,0,0,0
12179,1992,6,4,2,1,0,0,1,1,0,0
12179,1993,4,4,1,0,0,1,0,0,2,0
12179,1994,3,3,0,0,0,0,0,0,1,0
12179,1997,2,2,0,0,0,0,0,0,1,0
12179,1998,1,1,0,0,0,0,0,0,1,0
12179,2000,1,1,0,0,0,0,0,0,1,0
12182,2004,1,1,0,0,0,0,0,0,0,0
12182,2007,1,0,0,0,0,0,1,0,0,0
12192,1999,2,2,0,0,0,0,0,0,0,0
12206,1986,3,3,0,0,0,0,0,0,0,0
12206,1987,4,4,2,0,1,1,0,0,0,0
12206,1989,16,16,4,0,0,0,0,0,2,0
12206,1990,6,5,1,0,0,0,1,0,1,0
12216,1995,1,0,0,0,0,0,1,0,0,0
12216,1998,4,4,3,1,0,0,0,0,0,0
12216,1999,5,5,1,1,0,0,0,0,1,0
12216,2000,2,2,0,0,0,0,0,0,0,0
12216,2001,4,2,0,0,0,0,2,0,0,0
12216,2002,1,1,0,0,0,0,0,0,0,0
12216,2004,1,1,0,0,0,0,0,0,0,0
12232,1994,1,1,0,0,0,0,0,0,1,0
12232,1995,4,4,1,0,0,0,0,0,1,0
12232,2000,1,1,0,0,0,0,0,0,0,0
12232,2001,2,2,1,0,0,0,0,0,0,0
12232,2002,2,2,1,0,0,0,0,0,1,0
12232,2003,1,1,0,0,0,0,0,0,0,0
12232,2007,1,0,0,0,0,0,1,0,0,0
12241,1991,3,3,2,0,0,0,0,0,0,0
12241,1992,3,2,2,0,0,2,1,0,0,0
12241,1993,4,2,1,0,0,0,2,0,0,0
12241,1994,4,3,1,0,0,0,1,0,0,0
12242,1998,4,4,1,1,0,0,0,0,1,0
12242,1999,1,1,0,0,0,0,0,0,1,0
12246,1993,1,0,0,0,0,0,1,0,0,0
12278,1989,1,1,0,0,0,0,0,0,1,0
12278,1991,1,1,1,0,0,0,0,0,0,0
12280,1996,2,2,2,1,0,1,0,0,0,0
12280,1997,1,0,0,0,0,0,1,0,0,0
12280,2000,3,3,0,0,0,0,0,0,0,0
12280,2001,1,0,0,0,0,0,1,0,0,0
12288,1992,6,5,2,0,0,0,1,0,1,0
12288,1993,1,1,0,0,0,0,0,0,1,0
12288,1994,3,2,1,0,0,0,1,0,0,0
12288,1995,4,3,2,1,0,0,1,0,1,0
12302,2001,4,3,2,1,0,0,1,0,0,0
12302,2004,2,1,0,0,0,0,1,0,1,0
12303,2003,3,1,1,0,0,0,2,0,0,0
12303,2004,4,2,0,0,0,0,2,0,1,0
12303,2007,4,3,0,0,0,0,1,0,1,0
12312,1987,3,2,1,0,0,0,1,0,0,0
12320,1999,5,5,0,0,0,0,0,0,1,0
12320,2000,1,1,0,0,0,0,0,0,0,0
12320,2001,2,1,0,0,0,0,1,0,0,0
12332,1989,3,1,0,0,0,0,1,0,0,1
12332,1990,6,5,0,0,0,0,1,0,2,0
12332,1991,4,3,1,1,0,0,1,0,1,0
12332,1992,4,2,0,0,0,0,1,1,1,0
12332,1993,2,1,0,0,0,0,1,0,0,0
12332,1994,1,1,0,0,0,0,0,0,0,0
12335,1993,1,0,0,0,0,0,1,0,0,0
12335,1995,3,3,1,0,0,1,0,0,0,0
12335,1996,5,3,1,0,0,0,2,0,0,0
12335,1998,1,0,0,0,0,0,1,0,0,0
12335,1999,1,0,0,0,0,0,1,0,0,0
12335,2001,2,0,0,0,0,0,2,0,0,0
12335,2002,1,0,0,0,0,0,1,0,0,0
12346,2005,1,1,0,0,0,0,0,0,0,0
12351,1999,2,1,0,0,0,0,1,0,0,0
12351,2000,2,1,0,0,0,0,1,0,0,0
12353,1995,1,1,0,0,0,0,0,0,0,0
12358,1999,6,5,0,0,0,0,1,0,5,0
12358,2000,7,5,1,1,0,0,2,0,2,0
12358,2001,3,2,1,0,0,1,1,0,0,0
12358,2003,3,3,1,1,0,0,0,0,0,0
12358,2004,3,3,0,0,0,0,0,0,0,0
12358,2006,13,11,3,0,0,0,2,0,1,0
12358,2007,3,2,0,0,0,0,1,0,0,0
12377,1995,1,1,1,0,0,0,0,0,0,0
12391,1996,6,6,3,1,0,0,0,0,0,0
12391,2003,6,6,2,1,0,0,0,0,0,0
12391,2004,3,2,0,0,0,0,1,0,0,0
12394,1989,5,5,0,0,0,0,0,0,1,0
12394,1990,7,6,1,0,0,0,1,0,3,0
12394,1991,2,2,0,0,0,0,0,0,1,0
12394,1992,8,5,2,0,1,0,3,0,0,0
12394,1993,2,1,1,1,0,0,1,0,0,0
12397,1989,2,2,1,0,0,0,0,0,1,0
12397,1990,5,5,3,1,0,0,0,0,0,0
12397,1991,7,7,0,0,0,0,0,0,2,0
12397,1992,6,4,1,0,0,0,2,0,1,0
12408,1998,6,4,3,0,0,0,2,0,1,0
12408,2001,3,3,1,0,0,1,0,0,0,0
12433,2004,1,1,1,0,0,0,0,0,0,0
12437,2000,6,4,2,0,1,0,2,0,0,0
12437,2001,3,2,0,0,0,0,0,1,1,0
12437,2003,2,0,0,0,0,0,2,0,0,0
12442,1995,6,5,2,1,0,0,1,0,0,0
12442,1997,3,3,2,0,0,1,0,0,0,0
12442,1998,3,2,0,0,0,0,1,0,0,0
12442,2001,5,3,2,0,0,0,2,0,1,0
12450,1993,2,1,0,0,0,0,1,0,0,0
12450,1994,1,1,0,0,0,0,0,0,0,0
12450,1995,2,1,0,0,0,0,1,0,1,0
12450,1996,3,1,0,0,0,0,2,0,0,0
12450,1997,3,3,0,0,0,0,0,0,1,0
12450,2000,1,1,0,0,0,0,0,0,0,0
12455,1997,3,2,1,0,0,0,1,0,0,0
12460,1999,3,3,1,0,0,1,0,0,2,0
12460,2000,7,5,1,0,0,0,1,0,4,1
12460,2001,4,2,0,0,0,0,1,1,2,0
12460,2003,3,1,0,0,0,0,2,0,0,0
12460,2004,3,3,0,0,0,0,0,0,0,0
12460,2007,6,6,2,0,0,1,0,0,3,0
12474,1995,1,1,0,0,0,0,0,0,0,0
12474,1996,2,2,1,0,0,0,0,0,0,0
12492,1998,5,4,2,0,1,0,1,0,0,0
12492,2000,9,8,1,0,0,0,1,0,1,0
12492,2001,3,2,0,0,0,0,0,1,1,0
12492,2002,3,3,1,1,0,0,0,0,1,0
12492,2003,7,3,2,0,0,0,2,2,1,0
12492,2004,3,1,1,0,0,0,2,0,0,0
12497,1998,3,2,1,1,0,0,1,0,1,0
12497,1999,3,3,2,0,0,1,0,0,0,0
12512,1986,4,2,1,0,0,0,2,0,1,0
12512,1987,2,2,1,0,0,0,0,0,0,0
12512,1989,1,1,1,0,0,0,0,0,0,0
12512,1992,3,3,0,0,0,0,0,0,2,0
12512,1995,3,3,0,0,0,0,0,0,0,0
12512,1996,2,1,1,0,0,0,1,0,0,0
12512,1997,2,1,1,0,0,1,1,0,0,0
12513,1993,3,1,1,0,0,1,2,0,0,0
12513,1996,4,2,1,0,0,0,2,0,1,0
12513,1997,1,0,0,0,0,0,1,0,0,0
12513,2000,3,3,1,0,0,0,0,0,1,0
12526,1996,8,5,0,0,0,0,3,0,1,0
12526,1997,3,3,1,1,0,0,0,0,0,0
12526,1998,9,9,3,1,1,0,0,0,1,0
12526,2000,7,5,1,0,0,1,2,0,1,0
12526,2001,6,5,3,2,0,1,1,0,0,0
12526,2004,7,3,1,0,0,1,4,0,0,0
12527,2003,2,1,0,0,0,0,0,1,0,0
12527,2004,6,4,1,0,0,1,2,0,0,0
12541,2003,1,1,0,0,0,0,0,0,0,0
12557,2003,3,2,1,0,0,0,0,0,0,1
12584,1998,7,6,2,1,0,0,1,0,0,0
12584,1999,3,3,0,0,0,0,0,0,1,0
12584,2000,7,7,2,0,0,1,0,0,1,0
12584,2001,2,1,0,0,0,0,1,0,1,0
12589,1986,10,10,1,1,0,0,0,0,4,0
12589,1987,7,6,2,1,0,0,1,0,0,0
12589,1989,3,3,1,0,0,1,0,0,0,0
12591,1992,2,2,1,0,0,0,0,0,0,0
12591,1993,7,4,2,1,0,0,3,0,0,0
12591,1994,6,5,0,0,0,0,1,0,1,0
12591,1995,2,2,1,0,0,0,0,0,0,0
12591,1996,1,0,0,0,0,0,1,0,0,0
12597,2006,3,2,0,0,0,0,1,0,1,0
12597,2007,9,6,2,0,0,1,3,0,0,0
12617,1987,3,3,0,0,0,0,0,0,1,0
12622,1993,1,1,0,0,0,0,0,0,0,0
12630,2007,2,2,0,0,0,0,0,0,0,0
12633,2003,3,1,0,0,0,0,2,0,0,0
12633,2006,4,3,0,0,0,0,1,0,1,0
12661,1999,1,1,0,0,0,0,0,0,0,0
12662,1999,1,1,0,0,0,0,0,0,1,0
12671,2002,3,2,0,0,0,0,1,0,0,0
12671,2003,3,3,1,0,0,1,0,0,0,0
12671,2004,4,2,0,0,0,0,2,0,0,0
