0,2007,1,1,0,0,0,0,0,0,0,0
0,2008,2,1,0,0,0,0,1,0,0,0
0,2009,2,2,1,1,0,0,0,0,0,0
0,2013,1,1,1,0,0,0,0,0,0,0
5,2017,1,1,0,0,0,0,0,0,0,0
13,2004,2,2,1,1,0,0,0,0,0,0
21,2021,2,1,0,0,0,0,0,0,0,1
21,2023,2,2,0,0,0,0,0,0,0,0
28,2007,5,5,1,0,0,0,0,0,1,0
28,2009,1,1,1,0,0,0,0,0,0,0
30,2005,1,1,0,0,0,0,0,0,0,0
30,2008,1,1,0,0,0,0,0,0,0,0
30,2009,1,1,1,0,0,0,0,0,0,0
30,2011,2,2,0,0,0,0,0,0,0,0
30,2012,1,1,1,0,0,0,0,0,0,0
31,2009,1,1,0,0,0,0,0,0,1,0
31,2011,3,3,1,0,0,0,0,0,1,0
31,2012,4,4,1,0,0,1,0,0,0,0
32,2022,2,2,1,1,0,0,0,0,0,0
34,2005,1,1,1,0,0,0,0,0,0,0
35,2014,2,2,1,0,0,1,0,0,0,0
35,2015,1,1,0,0,0,0,0,0,0,0
41,2007,3,3,1,0,0,0,0,0,1,0
48,2014,1,1,0,0,0,0,0,0,1,0
48,2015,3,3,2,0,0,1,0,0,0,0
49,2023,1,1,0,0,0,0,0,0,0,0
60,2004,1,1,1,0,0,0,0,0,0,0
60,2008,1,1,1,0,0,0,0,0,0,0
60,2011,2,2,2,1,0,0,0,0,0,0
60,2012,1,1,0,0,0,0,0,0,0,0
68,2003,3,2,1,0,0,0,1,0,0,0
68,2005,1,1,1,0,0,1,0,0,0,0
73,2011,5,5,3,1,0,0,0,0,0,0
73,2012,2,1,0,0,0,0,0,0,0,1
73,2015,1,1,1,1,0,0,0,0,0,0
79,2004,1,1,1,0,0,0,0,0,0,0
107,2021,2,2,1,0,0,0,0,0,0,0
111,2007,2,2,1,0,0,0,0,0,1,0
111,2008,3,3,2,0,0,1,0,0,1,0
111,2009,1,0,0,0,0,0,1,0,0,0
112,2013,3,3,0,0,0,0,0,0,1,0
116,2007,2,1,0,0,0,0,0,1,0,0
116,2009,2,2,0,0,0,0,0,0,0,0
116,2010,2,2,1,0,0,0,0,0,1,0
116,2011,1,1,0,0,0,0,0,0,0,0
116,2012,2,2,1,1,0,0,0,0,0,0
116,2013,6,4,0,0,0,0,2,0,1,0
116,2015,1,1,0,0,0,0,0,0,1,0
116,2016,5,5,2,0,0,1,0,0,1,0
118,2017,2,2,0,0,0,0,0,0,1,0
122,2019,1,1,0,0,0,0,0,0,1,0
122,2020,2,2,0,0,0,0,0,0,1,0
122,2021,3,3,1,0,0,0,0,0,1,0
125,2017,2,2,0,0,0,0,0,0,0,0
144,2017,2,2,0,0,0,0,0,0,1,0
148,2003,2,2,1,0,0,0,0,0,1,0
148,2004,4,4,1,0,0,0,0,0,2,0
148,2007,5,4,0,0,0,0,1,0,1,0
155,2021,3,3,2,0,0,0,0,0,0,0
162,2012,4,3,0,0,0,0,0,0,2,1
162,2013,3,2,0,0,0,0,1,0,1,0
162,2014,4,4,4,1,0,0,0,0,0,0
162,2015,6,4,1,0,0,0,1,0,1,1
162,2016,3,2,0,0,0,0,0,0,1,1
162,2017,2,2,1,0,0,0,0,0,1,0
162,2018,1,1,1,0,0,0,0,0,0,0
162,2019,1,1,0,0,0,0,0,0,0,0
173,2020,3,2,1,0,0,0,1,0,0,0
173,2021,2,2,1,0,0,0,0,0,0,0
174,2023,3,3,0,0,0,0,0,0,1,0
185,2004,1,0,0,0,0,0,1,0,0,0
185,2005,1,0,0,0,0,0,1,0,0,0
192,2003,6,5,0,0,0,0,1,0,3,0
193,2015,1,1,0,0,0,0,0,0,0,0
207,2017,1,1,0,0,0,0,0,0,1,0
225,2012,3,2,1,0,0,0,1,0,0,0
228,2016,1,1,0,0,0,0,0,0,1,0
238,2003,1,1,0,0,0,0,0,0,0,0
239,2003,2,2,1,0,0,0,0,0,1,0
239,2004,3,3,0,0,0,0,0,0,0,0
239,2005,1,1,0,0,0,0,0,0,0,0
253,2010,5,3,1,0,0,0,2,0,1,0
253,2013,3,3,1,0,0,1,0,0,1,0
263,2009,6,5,3,1,0,0,1,0,0,0
263,2010,2,2,0,0,0,0,0,0,0,0
263,2012,2,0,0,0,0,0,2,0,0,0
263,2013,3,2,0,0,0,0,1,0,1,0
263,2017,3,3,1,0,0,1,0,0,1,0
268,2014,3,3,1,0,0,0,0,0,1,0
269,2015,6,5,0,0,0,0,1,0,0,0
269,2016,2,2,1,0,0,0,0,0,1,0
276,2023,2,2,1,0,0,0,0,0,0,0
281,2003,2,1,0,0,0,0,1,0,0,0
283,2019,1,1,0,0,0,0,0,0,0,0
293,2021,1,1,0,0,0,0,0,0,0,0
293,2023,1,1,0,0,0,0,0,0,0,0
297,2021,1,0,0,0,0,0,1,0,0,0
299,2022,2,2,0,0,0,0,0,0,0,0
299,2023,3,3,1,0,0,0,0,0,0,0
309,2016,5,4,1,0,0,1,1,0,0,0
309,2017,3,3,1,0,0,1,0,0,1,0
309,2021,1,1,0,0,0,0,0,0,1,0
335,2005,1,1,0,0,0,0,0,0,1,0
335,2007,2,2,0,0,0,0,0,0,1,0
342,2018,2,2,1,1,0,0,0,0,0,0
343,2013,3,2,1,0,0,0,1,0,0,0
343,2014,7,6,1,0,0,0,1,0,1,0
343,2016,5,4,2,0,0,1,1,0,1,0
343,2017,6,6,3,1,0,1,0,0,2,0
343,2021,2,2,1,0,0,0,0,0,0,0
343,2022,6,6,1,0,0,0,0,0,2,0
354,2009,1,1,0,0,0,0,0,0,0,0
364,2004,2,1,0,0,0,0,1,0,0,0
364,2005,3,1,1,0,0,0,2,0,0,0
364,2006,10,8,6,2,0,1,1,1,1,0
364,2007,3,3,1,1,0,0,0,0,0,0
369,2016,1,0,0,0,0,0,1,0,0,0
369,2017,2,2,0,0,0,0,0,0,0,0
369,2021,1,1,0,0,0,0,0,0,0,0
369,2023,1,1,0,0,0,0,0,0,0,0
380,2008,2,2,0,0,0,0,0,0,1,0
380,2009,2,2,1,1,0,0,0,0,0,0
380,2012,2,1,0,0,0,0,1,0,0,0
382,2010,3,3,1,0,0,0,0,0,1,0
382,2011,3,3,0,0,0,0,0,0,1,0
382,2013,3,3,2,0,0,1,0,0,1,0
382,2015,3,3,0,0,0,0,0,0,1,0
382,2021,2,2,0,0,0,0,0,0,0,0
384,2007,3,2,0,0,0,0,1,0,1,0
384,2012,3,3,0,0,0,0,0,0,0,0
393,2011,1,1,1,0,0,0,0,0,0,0
395,2006,1,1,1,0,0,0,0,0,0,0
402,2017,1,0,0,0,0,0,0,1,0,0
412,2006,5,5,3,0,0,0,0,0,0,0
417,2007,2,2,1,0,0,0,0,0,0,0
417,2011,1,1,1,1,0,0,0,0,0,0
417,2014,4,4,1,1,0,0,0,0,1,0
417,2015,2,2,2,0,0,1,0,0,0,0
419,2010,3,3,1,1,0,0,0,0,1,0
455,2011,3,3,2,1,0,0,0,0,1,0
455,2012,4,4,1,1,0,0,0,0,0,0
455,2013,6,6,3,0,0,0,0,0,0,0
456,2014,2,2,0,0,0,0,0,0,0,0
456,2016,1,1,0,0,0,0,0,0,1,0
459,2003,1,1,0,0,0,0,0,0,0,0
459,2004,6,5,4,0,0,1,1,0,0,0
459,2005,1,1,0,0,0,0,0,0,1,0
459,2007,2,2,1,0,0,0,0,0,0,0
459,2011,1,1,0,0,0,0,0,0,0,0
459,2012,2,2,2,0,0,1,0,0,0,0
472,2004,1,1,0,0,0,0,0,0,1,0
472,2005,6,6,1,0,0,1,0,0,1,0
475,2007,2,2,1,0,0,0,0,0,0,0
479,2012,1,0,0,0,0,0,1,0,0,0
479,2014,2,2,1,0,0,0,0,0,0,0
479,2015,2,2,1,0,0,0,0,0,0,0
482,2008,6,6,1,0,0,0,0,0,1,0
485,2004,3,3,1,0,0,0,0,0,1,0
490,2017,1,1,0,0,0,0,0,0,0,0
494,2009,2,2,0,0,0,0,0,0,1,0
494,2010,1,1,1,0,0,1,0,0,0,0
494,2011,1,1,0,0,0,0,0,0,1,0
494,2013,1,1,1,0,0,0,0,0,0,0
500,2012,3,2,1,0,0,0,1,0,0,0
500,2019,9,8,2,0,0,0,1,0,1,0
500,2020,2,2,1,0,0,0,0,0,0,0
513,2022,1,1,1,0,0,0,0,0,0,0
513,2023,2,2,0,0,0,0,0,0,0,0
528,2008,10,7,1,0,0,0,2,0,2,1
528,2009,15,14,6,2,0,2,1,0,3,0
528,2010,7,7,2,0,0,0,0,0,2,0
528,2011,8,7,3,1,0,1,1,0,2,0
528,2014,6,5,4,2,0,0,1,0,0,0
532,2023,4,2,1,0,0,0,1,0,0,1
546,2015,1,1,0,0,0,0,0,0,0,0
550,2008,2,2,0,0,0,0,0,0,2,0
550,2009,3,1,0,0,0,0,2,0,0,0
550,2010,1,0,0,0,0,0,1,0,0,0
550,2011,3,2,0,0,0,0,1,0,0,0
550,2012,1,1,0,0,0,0,0,0,1,0
550,2013,1,1,0,0,0,0,0,0,0,0
550,2014,1,0,0,0,0,0,1,0,0,0
570,2022,1,1,0,0,0,0,0,0,0,0
574,2007,3,3,0,0,0,0,0,0,0,0
574,2008,8,8,3,0,0,2,0,0,1,0
574,2010,9,9,2,0,0,0,0,0,1,0
592,2009,1,1,0,0,0,0,0,0,0,0
592,2010,1,1,0,0,0,0,0,0,1,0
592,2011,3,3,1,0,0,1,0,0,0,0
592,2012,3,3,0,0,0,0,0,0,1,0
594,2019,1,1,1,0,0,0,0,0,0,0
614,2018,1,1,1,0,0,0,0,0,0,0
614,2019,4,4,1,0,0,0,0,0,0,0
614,2021,6,6,1,0,0,0,0,0,2,0
614,2022,3,3,0,0,0,0,0,0,1,0
620,2021,4,4,0,0,0,0,0,0,0,0
622,2018,2,1,1,0,0,0,1,0,0,0
629,2016,1,1,0,0,0,0,0,0,0,0
629,2018,1,1,1,0,0,0,0,0,0,0
629,2019,1,1,1,0,0,0,0,0,0,0
629,2021,1,1,0,0,0,0,0,0,0,0
629,2022,1,1,1,1,0,0,0,0,0,0
633,2012,1,1,0,0,0,0,0,0,1,0
635,2016,2,2,2,1,0,0,0,0,0,0
635,2017,1,1,0,0,0,0,0,0,0,0
647,2019,2,2,1,0,0,1,0,0,0,0
651,2006,1,1,0,0,0,0,0,0,0,0
652,2023,1,1,0,0,0,0,0,0,1,0
667,2005,1,1,0,0,0,0,0,0,1,0
680,2014,2,2,0,0,0,0,0,0,0,0
680,2015,2,1,1,0,0,0,1,0,0,0
680,2019,2,2,0,0,0,0,0,0,1,0
681,2008,4,4,0,0,0,0,0,0,0,0
681,2009,3,2,0,0,0,0,1,0,1,0
683,2014,7,7,1,1,0,0,0,0,1,0
683,2016,3,3,2,0,0,0,0,0,0,0
683,2019,6,5,3,0,0,0,1,0,1,0
683,2023,2,2,1,0,0,0,0,0,0,0
687,2015,2,1,0,0,0,0,1,0,1,0
698,2003,3,3,2,1,0,1,0,0,1,0
698,2008,6,6,3,1,0,0,0,0,1,0
698,2009,1,1,1,0,0,0,0,0,0,0
706,2023,3,3,0,0,0,0,0,0,0,0
711,2014,15,14,4,2,0,0,0,1,1,0
711,2015,5,3,1,0,0,0,2,0,1,0
711,2016,7,3,1,0,0,0,3,1,0,0
711,2017,3,2,1,0,0,1,1,0,0,0
711,2018,8,7,3,0,0,0,1,0,2,0
711,2019,9,8,2,0,0,0,1,0,3,0
711,2020,6,5,0,0,0,0,1,0,1,0
716,2022,1,1,0,0,0,0,0,0,0,0
716,2023,2,2,0,0,0,0,0,0,0,0
721,2023,2,2,0,0,0,0,0,0,1,0
737,2006,1,1,0,0,0,0,0,0,0,0
754,2012,2,2,0,0,0,0,0,0,0,0
754,2013,1,1,1,0,0,0,0,0,0,0
758,2016,2,2,1,0,0,0,0,0,0,0
758,2017,4,3,1,1,0,0,0,1,0,0
762,2008,3,3,0,0,0,0,0,0,1,0
762,2009,3,3,0,0,0,0,0,0,1,0
762,2011,6,5,1,0,0,0,1,0,0,0
762,2012,9,8,3,0,0,2,1,0,1,0
762,2014,2,1,0,0,0,0,1,0,0,0
771,2006,3,3,0,0,0,0,0,0,3,0
771,2008,3,3,1,0,0,1,0,0,1,0
771,2009,3,3,1,0,0,0,0,0,2,0
771,2011,8,7,2,1,0,0,1,0,0,0
771,2013,1,1,1,0,0,0,0,0,0,0
771,2014,2,1,1,1,0,0,1,0,0,0
773,2021,1,1,1,1,0,0,0,0,0,0
773,2022,1,1,0,0,0,0,0,0,0,0
774,2015,2,0,0,0,0,0,2,0,0,0
777,2022,1,1,1,0,0,0,0,0,0,0
778,2018,3,1,0,0,0,0,2,0,1,0
778,2022,1,1,0,0,0,0,0,0,0,0
786,2006,1,1,0,0,0,0,0,0,0,0
786,2008,1,1,1,0,0,0,0,0,0,0
786,2014,1,1,0,0,0,0,0,0,0,0
794,2005,4,4,2,0,0,0,0,0,1,0
794,2006,2,1,0,0,0,0,1,0,0,0
794,2007,7,7,2,1,0,0,0,0,2,0
794,2012,2,2,0,0,0,0,0,0,0,0
794,2014,1,1,0,0,0,0,0,0,0,0
794,2017,1,1,0,0,0,0,0,0,0,0
795,2010,2,2,0,0,0,0,0,0,0,0
795,2014,7,7,1,0,0,0,0,0,2,0
799,2015,1,1,0,0,0,0,0,0,1,0
812,2004,2,2,1,0,0,0,0,0,1,0
812,2005,3,3,2,0,0,0,0,0,1,0
812,2006,3,3,1,0,0,0,0,0,1,0
812,2007,3,3,0,0,0,0,0,0,1,0
825,2003,2,2,0,0,0,0,0,0,1,0
825,2004,2,2,0,0,0,0,0,0,0,0
828,2010,3,3,0,0,0,0,0,0,0,0
837,2004,2,2,0,0,0,0,0,0,0,0
848,2003,1,1,0,0,0,0,0,0,0,0
848,2006,1,1,1,0,0,0,0,0,0,0
859,2004,1,1,0,0,0,0,0,0,0,0
861,2004,2,2,1,0,1,0,0,0,1,0
861,2008,1,1,0,0,0,0,0,0,1,0
861,2014,1,1,0,0,0,0,0,0,0,0
861,2016,1,1,1,0,0,0,0,0,0,0
863,2004,7,7,1,0,0,0,0,0,1,0
863,2005,12,11,2,1,0,0,1,0,3,0
863,2006,3,2,0,0,0,0,1,0,0,0
863,2009,3,3,2,0,0,1,0,0,0,0
875,2009,3,3,1,1,0,0,0,0,0,0
875,2010,4,3,2,0,0,0,1,0,0,0
875,2011,2,2,0,0,0,0,0,0,0,0
880,2005,2,2,2,0,0,1,0,0,0,0
880,2006,6,6,1,0,1,0,0,0,1,0
880,2007,6,5,1,0,0,0,1,0,0,0
887,2010,1,1,1,0,1,0,0,0,0,0
887,2011,1,1,0,0,0,0,0,0,0,0
890,2005,6,5,2,0,0,0,1,0,1,0
904,2016,4,2,0,0,0,0,2,0,0,0
904,2017,2,2,0,0,0,0,0,0,0,0
904,2019,6,6,3,0,0,0,0,0,2,0
904,2021,9,8,0,0,0,0,1,0,1,0
904,2022,6,6,1,0,0,0,0,0,1,0
919,2014,3,3,0,0,0,0,0,0,3,0
919,2016,1,1,0,0,0,0,0,0,1,0
919,2017,2,2,0,0,0,0,0,0,2,0
919,2018,1,1,1,0,0,0,0,0,0,0
920,2008,6,6,2,0,0,0,0,0,1,0
920,2009,2,1,1,0,0,0,1,0,0,0
934,2017,2,2,0,0,0,0,0,0,0,0
934,2018,1,1,1,0,0,0,0,0,0,0
934,2019,1,1,0,0,0,0,0,0,1,0
939,2017,2,2,0,0,0,0,0,0,1,0
940,2023,4,4,0,0,0,0,0,0,2,0
943,2020,1,1,1,0,0,0,0,0,0,0
943,2022,1,1,1,0,0,1,0,0,0,0
945,2003,5,2,0,0,0,0,1,1,0,0
945,2004,3,2,1,0,0,0,1,0,0,0
947,2019,6,6,2,0,0,0,0,0,2,0
947,2020,6,6,0,0,0,0,0,0,2,0
947,2021,3,3,1,0,0,1,0,0,0,0
947,2022,12,12,3,1,0,0,0,0,2,0
962,2006,6,6,0,0,0,0,0,0,3,0
962,2007,4,3,0,0,0,0,1,0,1,0
962,2010,3,3,0,0,0,0,0,0,0,0
968,2023,2,2,1,0,0,0,0,0,0,0
985,2008,6,6,2,1,0,0,0,0,0,0
985,2009,10,9,4,0,0,1,1,0,0,0
985,2010,9,9,5,0,0,1,0,0,2,0
985,2011,6,5,2,0,0,1,1,0,1,0
985,2012,5,5,1,0,0,0,0,0,0,0
986,2022,3,3,0,0,0,0,0,0,0,0
988,2013,1,1,0,0,0,0,0,0,0,0
989,2017,3,3,2,0,0,0,0,0,0,0
989,2022,1,1,1,0,0,0,0,0,0,0
989,2023,1,1,0,0,0,0,0,0,0,0
994,2016,3,3,1,0,0,0,0,0,1,0
1035,2008,1,1,1,0,0,0,0,0,0,0
1070,2012,1,1,0,0,0,0,0,0,0,0
1087,2017,2,2,2,0,0,1,0,0,0,0
1098,2003,1,1,1,1,0,0,0,0,0,0
1109,2007,3,3,1,1,0,0,0,0,1,0
1109,2008,6,6,2,0,0,0,0,0,0,0
1133,2007,2,2,0,0,0,0,0,0,1,0
1138,2007,1,1,1,1,0,0,0,0,0,0
1138,2008,1,1,0,0,0,0,0,0,1,0
1160,2004,5,5,0,0,0,0,0,0,4,0
1181,2012,1,1,0,0,0,0,0,0,0,0
1190,2006,2,1,0,0,0,0,1,0,0,0
1190,2007,2,1,1,0,0,0,1,0,0,0
1193,2023,1,1,1,0,0,1,0,0,0,0
1200,2014,1,1,0,0,0,0,0,0,0,0
1200,2019,2,2,0,0,0,0,0,0,1,0
1200,2021,1,1,0,0,0,0,0,0,1,0
1204,2022,1,1,0,0,0,0,0,0,0,0
1206,2005,5,4,1,0,0,0,1,0,3,0
1206,2015,4,3,0,0,0,0,1,0,1,0
1206,2017,1,1,1,0,0,0,0,0,0,0
1206,2018,1,1,0,0,0,0,0,0,0,0
1214,2016,1,1,0,0,0,0,0,0,0,0
1214,2017,1,1,1,0,0,0,0,0,0,0
1214,2018,1,0,0,0,0,0,1,0,0,0
1221,2006,3,3,1,0,0,0,0,0,0,0
1221,2008,3,2,0,0,0,0,0,0,0,1
1221,2009,1,1,0,0,0,0,0,0,1,0
1225,2008,3,2,0,0,0,0,1,0,0,0
1225,2009,6,5,2,1,0,0,1,0,0,0
1225,2010,6,5,2,1,0,0,1,0,1,0
1225,2011,2,1,1,1,0,0,1,0,0,0
1232,2017,1,1,1,1,0,0,0,0,0,0
1257,2022,1,1,0,0,0,0,0,0,0,0
1258,2019,1,1,1,0,0,0,0,0,0,0
1258,2022,1,1,1,0,0,0,0,0,0,0
1258,2023,1,1,0,0,0,0,0,0,0,0
1263,2018,1,1,0,0,0,0,0,0,0,0
1263,2020,1,1,0,0,0,0,0,0,1,0
1265,2006,1,1,1,0,0,0,0,0,0,0
1268,2004,4,4,0,0,0,0,0,0,2,0
1268,2005,1,1,1,0,0,0,0,0,0,0
1268,2006,3,2,0,0,0,0,1,0,0,0
1270,2005,1,1,1,1,0,0,0,0,0,0
1284,2021,1,1,0,0,0,0,0,0,1,0
1289,2008,2,2,0,0,0,0,0,0,0,0
1289,2009,2,2,1,0,0,0,0,0,1,0
1289,2010,1,1,0,0,0,0,0,0,1,0
1289,2011,1,0,0,0,0,0,1,0,0,0
1303,2019,2,2,0,0,0,0,0,0,0,0
1328,2008,1,1,0,0,0,0,0,0,0,0
1330,2005,2,2,0,0,0,0,0,0,1,0
1337,2011,3,1,0,0,0,0,2,0,0,0
1337,2012,3,2,2,0,0,0,1,0,0,0
1337,2013,3,3,2,0,0,0,0,0,0,0
1343,2004,1,1,1,0,0,0,0,0,0,0
1343,2005,1,1,1,0,0,0,0,0,0,0
1355,2014,1,1,1,0,0,0,0,0,0,0
1355,2019,3,2,0,0,0,0,1,0,0,0
1368,2011,1,0,0,0,0,0,1,0,0,0
1399,2003,1,1,0,0,0,0,0,0,0,0
1399,2004,3,3,0,0,0,0,0,0,2,0
1399,2005,2,1,1,0,0,1,1,0,0,0
1406,2003,3,3,2,0,0,1,0,0,0,0
1433,2005,1,1,0,0,0,0,0,0,1,0
1433,2007,2,2,1,0,0,0,0,0,0,0
1433,2010,1,1,0,0,0,0,0,0,0,0
1433,2012,1,1,0,0,0,0,0,0,1,0
1433,2015,2,1,0,0,0,0,1,0,0,0
1454,2004,2,1,0,0,0,0,1,0,0,0
1454,2005,1,1,0,0,0,0,0,0,0,0
1454,2008,1,1,0,0,0,0,0,0,0,0
1454,2011,2,1,0,0,0,0,1,0,0,0
1474,2020,3,3,2,0,0,1,0,0,0,0
1474,2021,11,9,2,0,0,0,2,0,1,0
1474,2022,8,4,1,0,0,0,3,0,0,1
1477,2008,3,2,0,0,0,0,1,0,1,0
1477,2009,3,3,1,0,0,0,0,0,1,0
1477,2010,6,5,0,0,0,0,1,0,1,0
1477,2011,6,5,2,2,0,0,1,0,0,0
1477,2012,7,6,2,0,0,0,0,0,0,1
1477,2016,4,3,1,0,0,0,0,1,0,0
1479,2014,1,1,0,0,0,0,0,0,0,0
1479,2015,1,0,0,0,0,0,1,0,0,0
1482,2007,1,1,0,0,0,0,0,0,0,0
1484,2013,2,2,1,0,0,1,0,0,0,0
1495,2008,6,6,0,0,0,0,0,0,1,0
1495,2009,6,6,0,0,0,0,0,0,0,0
1495,2010,6,6,1,0,0,0,0,0,0,0
1495,2011,12,8,5,1,0,0,4,0,0,0
1495,2013,3,3,2,1,0,0,0,0,0,0
1495,2014,2,2,2,0,0,0,0,0,0,0
1495,2015,3,3,0,0,0,0,0,0,0,0
1496,2022,3,3,0,0,0,0,0,0,3,0
1497,2014,1,1,1,1,0,0,0,0,0,0
1505,2007,1,1,0,0,0,0,0,0,0,0
1506,2009,4,4,2,2,0,0,0,0,0,0
1514,2011,3,3,1,0,0,0,0,0,0,0
1514,2014,3,3,1,0,0,1,0,0,0,0
1515,2021,1,1,0,0,0,0,0,0,0,0
1515,2022,1,1,1,0,0,0,0,0,0,0
1515,2023,1,1,0,0,0,0,0,0,0,0
1518,2019,3,3,1,0,0,0,0,0,0,0
1518,2021,4,4,0,0,0,0,0,0,1,0
1521,2015,1,0,0,0,0,0,1,0,0,0
1523,2003,1,1,0,0,0,0,0,0,0,0
1523,2004,1,1,0,0,0,0,0,0,0,0
1530,2020,3,3,1,0,0,0,0,0,0,0
1531,2007,2,2,0,0,0,0,0,0,0,0
1548,2008,1,1,1,1,0,0,0,0,0,0
1556,2008,6,6,1,1,0,0,0,0,1,0
1556,2009,3,3,1,0,0,0,0,0,0,0
1556,2011,5,5,1,1,0,0,0,0,0,0
1556,2012,6,6,1,0,0,0,0,0,1,0
1556,2013,3,3,1,0,0,1,0,0,1,0
1556,2015,6,6,1,0,0,0,0,0,2,0
1557,2010,2,2,1,0,0,0,0,0,0,0
1557,2011,6,5,2,0,0,0,1,0,0,0
1557,2012,2,2,2,1,0,0,0,0,0,0
1561,2013,2,2,0,0,0,0,0,0,1,0
1562,2020,2,2,0,0,0,0,0,0,0,0
1562,2021,3,3,0,0,0,0,0,0,0,0
1565,2005,2,2,0,0,0,0,0,0,0,0
1565,2006,3,3,3,0,0,0,0,0,0,0
1567,2009,1,0,0,0,0,0,1,0,0,0
1567,2010,1,1,0,0,0,0,0,0,1,0
1567,2013,1,1,1,0,0,0,0,0,0,0
1570,2008,3,1,0,0,0,0,2,0,0,0
1571,2021,1,1,0,0,0,0,0,0,0,0
1578,2021,2,2,0,0,0,0,0,0,1,0
1583,2007,2,2,1,0,0,0,0,0,0,0
1583,2012,4,4,0,0,0,0,0,0,0,0
1583,2013,5,4,2,1,0,0,1,0,0,0
1583,2014,4,3,0,0,0,0,1,0,0,0
1596,2006,3,3,1,1,0,0,0,0,0,0
1596,2007,3,3,1,0,0,1,0,0,0,0
1596,2009,2,2,1,0,0,1,0,0,0,0
1596,2011,4,4,1,0,0,0,0,0,0,0
1599,2017,1,1,0,0,0,0,0,0,1,0
1624,2019,1,1,1,0,0,0,0,0,0,0
1634,2004,4,4,1,0,0,0,0,0,1,0
1634,2008,9,9,2,1,0,0,0,0,1,0
1645,2006,3,3,1,0,0,0,0,0,0,0
1645,2008,3,3,1,0,0,1,0,0,0,0
1650,2008,2,2,0,0,0,0,0,0,2,0
1666,2009,5,4,1,0,0,0,1,0,0,0
1666,2010,3,3,0,0,0,0,0,0,1,0
1666,2011,7,4,1,0,0,0,3,0,1,0
1666,2014,2,2,1,0,0,0,0,0,0,0
1669,2007,6,6,1,0,0,1,0,0,2,0
1669,2017,3,3,1,0,0,0,0,0,1,0
1675,2008,1,1,0,0,0,0,0,0,1,0
1699,2007,2,1,0,0,0,0,1,0,0,0
1699,2009,1,1,1,1,0,0,0,0,0,0
1702,2015,2,1,0,0,0,0,1,0,0,0
1702,2016,1,1,1,1,0,0,0,0,0,0
1732,2007,2,2,2,0,0,1,0,0,0,0
1732,2008,1,1,0,0,0,0,0,0,1,0
1732,2009,1,1,1,1,0,0,0,0,0,0
1732,2010,3,3,2,1,0,0,0,0,0,0
1732,2011,1,1,0,0,0,0,0,0,0,0
1732,2012,1,1,0,0,0,0,0,0,0,0
1751,2019,6,6,3,1,0,0,0,0,2,0
1751,2023,3,3,1,0,0,0,0,0,0,0
1764,2005,1,1,0,0,0,0,0,0,1,0
1764,2006,1,1,0,0,0,0,0,0,0,0
1764,2007,1,1,0,0,0,0,0,0,0,0
1767,2013,3,2,0,0,0,0,0,1,0,0
1769,2006,2,1,0,0,0,0,1,0,0,0
1769,2007,3,3,1,1,0,0,0,0,1,0
1769,2010,1,1,0,0,0,0,0,0,0,0
1769,2011,1,1,1,0,0,0,0,0,0,0
1769,2012,2,2,2,0,0,1,0,0,0,0
1773,2004,3,3,1,0,0,0,0,0,1,0
1773,2005,7,7,3,0,0,0,0,0,3,0
1773,2006,6,6,1,0,0,1,0,0,3,0
1773,2007,3,3,2,1,0,1,0,0,1,0
1773,2011,3,3,2,0,0,2,0,0,0,0
1773,2014,4,2,0,0,0,0,1,0,2,1
1788,2012,1,1,1,0,0,0,0,0,0,0
1790,2007,7,5,0,0,0,0,1,0,1,1
1795,2010,3,2,2,1,0,0,1,0,0,0
1801,2007,3,3,1,0,0,0,0,0,2,0
1801,2008,12,11,3,0,0,2,0,0,3,1
1801,2009,9,8,3,0,0,0,1,0,0,0
1801,2010,7,6,2,0,0,1,1,0,1,0
1801,2011,8,8,3,2,0,0,0,0,1,0
1801,2013,3,3,2,0,0,0,0,0,1,0
1801,2015,3,3,1,1,0,0,0,0,0,0
1806,2004,4,4,1,0,0,0,0,0,1,0
1806,2005,8,7,1,0,0,0,1,0,3,0
1809,2012,1,0,0,0,0,0,1,0,0,0
1820,2009,5,5,1,0,0,0,0,0,0,0
1820,2010,3,2,0,0,0,0,1,0,1,0
1820,2013,6,4,2,0,0,1,2,0,0,0
1820,2014,7,7,3,1,0,0,0,0,3,0
1820,2015,6,6,3,0,0,0,0,0,2,0
1820,2016,7,7,1,0,0,0,0,0,2,0
1820,2017,18,17,2,0,0,0,1,0,6,0
1820,2018,4,4,0,0,0,0,0,0,0,0
1820,2019,1,0,0,0,0,0,1,0,0,0
1820,2020,5,4,0,0,0,0,0,0,2,1
1825,2008,1,1,0,0,0,0,0,0,1,0
1825,2009,4,4,3,0,0,0,0,0,0,0
1825,2011,2,2,0,0,0,0,0,0,1,0
1828,2004,1,1,1,0,0,0,0,0,0,0
1828,2005,1,1,0,0,0,0,0,0,0,0
1828,2006,3,3,1,0,0,1,0,0,0,0
1829,2005,3,3,1,0,0,0,0,0,1,0
1831,2012,1,1,0,0,0,0,0,0,0,0
1834,2014,6,6,1,1,0,0,0,0,1,0
1846,2004,1,1,0,0,0,0,0,0,1,0
1846,2005,2,2,0,0,0,0,0,0,0,0
1850,2005,2,2,0,0,0,0,0,0,2,0
1858,2014,4,4,0,0,0,0,0,0,1,0
1858,2018,6,5,3,1,0,1,1,0,1,0
1868,2011,1,1,0,0,0,0,0,0,0,0
1870,2006,2,2,1,0,0,0,0,0,0,0
1872,2008,2,2,1,0,0,0,0,0,1,0
1883,2019,1,1,0,0,0,0,0,0,0,0
1889,2006,1,1,0,0,0,0,0,0,1,0
1889,2007,1,1,1,0,0,1,0,0,0,0
1905,2020,6,6,0,0,0,0,0,0,5,0
1908,2017,2,2,0,0,0,0,0,0,0,0
1908,2018,1,0,0,0,0,0,1,0,0,0
1908,2019,1,1,0,0,0,0,0,0,0,0
1908,2022,1,1,1,0,0,0,0,0,0,0
1909,2023,1,1,0,0,0,0,0,0,0,0
1920,2013,1,1,0,0,0,0,0,0,0,0
1937,2019,2,2,1,0,0,0,0,0,0,0
1937,2020,6,5,1,0,0,0,1,0,1,0
1937,2021,6,6,1,0,0,0,0,0,3,0
1937,2022,2,2,0,0,0,0,0,0,2,0
1943,2010,3,2,0,0,0,0,1,0,2,0
1943,2012,3,2,0,0,0,0,1,0,1,0
1943,2013,1,0,0,0,0,0,1,0,0,0
1943,2014,2,2,0,0,0,0,0,0,1,0
1957,2003,1,1,0,0,0,0,0,0,0,0
1966,2016,1,1,1,0,0,1,0,0,0,0
1966,2019,1,1,0,0,0,0,0,0,0,0
1971,2016,5,5,1,0,0,0,0,0,1,0
1972,2005,3,2,2,0,0,0,1,0,0,0
1972,2006,3,2,2,0,0,1,1,0,0,0
1972,2007,4,4,0,0,0,0,0,0,2,0
1974,2017,1,1,1,1,0,0,0,0,0,0
1974,2021,1,1,0,0,0,0,0,0,1,0
1982,2009,6,6,2,0,0,0,0,0,2,0
1982,2010,2,2,1,0,0,1,0,0,0,0
1982,2011,2,2,2,0,0,0,0,0,0,0
1982,2012,1,1,0,0,0,0,0,0,0,0
1982,2013,2,2,1,0,0,0,0,0,0,0
1991,2012,1,1,0,0,0,0,0,0,0,0
1991,2015,1,1,0,0,0,0,0,0,0,0
1991,2016,1,1,0,0,0,0,0,0,0,0
1991,2018,1,1,0,0,0,0,0,0,1,0
1991,2021,2,2,0,0,0,0,0,0,1,0
1991,2023,1,0,0,0,0,0,1,0,0,0
2002,2016,3,3,2,1,0,0,0,0,0,0
2002,2021,2,2,0,0,0,0,0,0,0,0
2002,2023,2,2,1,0,0,0,0,0,0,0
2006,2011,6,5,0,0,0,0,1,0,1,0
2006,2017,1,1,0,0,0,0,0,0,0,0
2006,2020,2,1,1,0,0,0,1,0,0,0
2011,2009,1,1,1,0,0,0,0,0,0,0
2011,2010,4,3,1,1,0,0,1,0,0,0
2011,2012,1,1,1,0,0,1,0,0,0,0
2011,2014,6,2,0,0,0,0,3,0,0,1
2011,2015,3,3,0,0,0,0,0,0,0,0
2011,2016,1,1,0,0,0,0,0,0,1,0
2011,2017,3,3,1,0,0,0,0,0,0,0
2011,2019,5,5,2,0,0,0,0,0,1,0
2011,2023,1,1,1,0,0,0,0,0,0,0
2018,2006,1,1,1,0,0,0,0,0,0,0
2018,2009,8,4,3,1,0,2,4,0,0,0
2018,2010,12,9,4,1,0,1,3,0,1,0
2018,2011,4,4,1,0,0,0,0,0,1,0
2018,2012,15,14,4,1,0,1,1,0,4,0
2018,2013,9,7,3,1,0,1,2,0,0,0
2018,2014,3,2,0,0,0,0,0,0,0,1
2022,2012,6,4,1,0,0,0,2,0,1,0
2022,2016,3,3,1,0,0,0,0,0,0,0
2023,2008,1,1,1,0,0,0,0,0,0,0
2027,2007,7,5,3,0,0,2,2,0,1,0
2046,2010,2,0,0,0,0,0,2,0,0,0
2058,2004,1,1,0,0,0,0,0,0,1,0
2058,2005,1,1,0,0,0,0,0,0,1,0
2070,2006,1,1,0,0,0,0,0,0,0,0
2070,2007,1,1,0,0,0,0,0,0,1,0
2070,2009,2,2,0,0,0,0,0,0,1,0
2079,2019,2,2,1,0,0,0,0,0,0,0
2079,2020,2,2,0,0,0,0,0,0,0,0
2079,2021,3,3,1,0,0,0,0,0,2,0
2079,2022,2,1,0,0,0,0,1,0,0,0
2083,2017,1,1,1,1,0,0,0,0,0,0
2089,2016,1,1,0,0,0,0,0,0,0,0
2089,2017,2,2,0,0,0,0,0,0,0,0
2089,2020,2,2,0,0,0,0,0,0,1,0
2089,2021,1,0,0,0,0,0,1,0,0,0
2090,2013,2,2,2,0,0,1,0,0,0,0
2090,2014,1,1,1,0,0,0,0,0,0,0
2093,2019,6,4,1,0,0,0,2,0,0,0
2093,2020,3,3,0,0,0,0,0,0,1,0
2093,2021,7,6,1,0,0,0,1,0,0,0
2093,2022,5,5,0,0,0,0,0,0,3,0
2093,2023,2,2,1,0,0,0,0,0,0,0
2095,2013,1,1,1,0,0,0,0,0,0,0
2124,2022,1,1,0,0,0,0,0,0,0,0
2124,2023,1,1,0,0,0,0,0,0,0,0
2127,2021,1,1,0,0,0,0,0,0,0,0
2127,2022,3,3,0,0,0,0,0,0,0,0
2127,2023,1,1,0,0,0,0,0,0,0,0
2129,2016,2,2,1,0,0,1,0,0,0,0
2130,2006,3,3,1,1,0,0,0,0,1,0
2144,2003,6,6,2,0,0,0,0,0,1,0
2144,2004,2,2,1,1,0,0,0,0,1,0
2146,2013,1,1,0,0,0,0,0,0,1,0
2147,2004,3,2,0,0,0,0,1,0,2,0
2147,2005,6,5,1,0,0,0,1,0,1,0
2147,2006,3,3,0,0,0,0,0,0,1,0
2150,2014,2,2,2,0,0,0,0,0,0,0
2152,2016,2,2,2,1,0,1,0,0,0,0
2152,2017,12,11,0,0,0,0,1,0,3,0
2152,2018,3,2,0,0,0,0,1,0,0,0
2152,2019,6,6,3,1,0,0,0,0,1,0
2152,2022,3,3,1,1,0,0,0,0,1,0
2152,2023,8,8,3,1,0,0,0,0,0,0
2161,2010,1,1,0,0,0,0,0,0,0,0
2161,2013,1,1,0,0,0,0,0,0,0,0
2161,2015,1,1,1,0,0,0,0,0,0,0
2161,2018,1,1,0,0,0,0,0,0,0,0
2161,2019,2,2,0,0,0,0,0,0,1,0
2175,2011,3,1,1,1,0,0,2,0,0,0
2175,2012,3,3,1,0,0,0,0,0,0,0
2175,2013,4,2,0,0,0,0,2,0,0,0
2175,2014,6,5,0,0,0,0,1,0,0,0
2175,2017,4,4,1,1,0,0,0,0,0,0
2175,2018,3,3,2,0,0,0,0,0,0,0
2175,2021,3,3,2,1,0,0,0,0,1,0
2185,2007,1,1,0,0,0,0,0,0,1,0
2185,2009,1,1,1,0,0,0,0,0,0,0
2192,2008,1,1,0,0,0,0,0,0,1,0
2205,2014,2,2,0,0,0,0,0,0,1,0
2210,2023,1,0,0,0,0,0,1,0,0,0
2212,2015,6,6,2,0,0,0,0,0,1,0
2212,2016,3,3,0,0,0,0,0,0,2,0
2212,2017,3,3,1,0,0,0,0,0,1,0
2212,2019,3,3,0,0,0,0,0,0,0,0
2212,2021,5,4,0,0,0,0,1,0,3,0
2212,2022,4,4,2,0,0,0,0,0,0,0
2212,2023,3,3,1,0,0,0,0,0,0,0
2215,2011,5,5,1,1,0,0,0,0,3,0
2215,2012,2,2,2,0,0,0,0,0,0,0
2215,2013,2,2,0,0,0,0,0,0,1,0
2215,2014,5,2,1,1,0,0,3,0,0,0
2219,2019,1,1,1,0,0,0,0,0,0,0
2228,2011,3,3,2,0,0,0,0,0,0,0
2232,2013,1,0,0,0,0,0,1,0,0,0
2232,2014,1,1,0,0,0,0,0,0,0,0
2236,2013,3,3,3,0,0,2,0,0,0,0
2236,2015,1,1,0,0,0,0,0,0,0,0
2236,2016,1,1,1,0,0,0,0,0,0,0
2236,2017,1,1,0,0,0,0,0,0,1,0
2236,2019,3,2,0,0,0,0,1,0,0,0
2236,2021,3,3,0,0,0,0,0,0,0,0
2237,2009,3,3,1,1,0,0,0,0,0,0
2237,2011,5,5,2,0,0,0,0,0,1,0
2237,2012,2,2,2,1,0,0,0,0,0,0
2237,2013,6,6,3,0,0,0,0,0,1,0
2240,2003,2,2,0,0,0,0,0,0,1,0
2240,2004,1,1,1,0,0,0,0,0,0,0
2240,2007,4,4,0,0,0,0,0,0,0,0
2241,2016,2,1,1,0,0,1,1,0,0,0
2242,2004,2,2,0,0,0,0,0,0,0,0
2242,2005,4,4,3,1,0,2,0,0,1,0
2242,2009,5,5,1,0,0,0,0,0,2,0
2242,2010,1,1,1,0,0,0,0,0,0,0
2259,2006,2,1,0,0,0,0,1,0,0,0
2259,2007,4,4,0,0,0,0,0,0,0,0
2268,2016,3,3,1,0,0,1,0,0,2,0
2282,2007,4,3,2,0,0,0,1,0,0,0
2282,2008,9,7,5,1,0,0,2,0,0,0
2282,2009,9,9,2,1,0,1,0,0,0,0
2282,2013,1,0,0,0,0,0,1,0,0,0
2291,2003,1,1,1,0,0,0,0,0,0,0
2291,2007,3,3,1,0,0,0,0,0,0,0
2291,2011,3,3,1,1,0,0,0,0,0,0
2291,2012,3,3,2,0,0,1,0,0,0,0
2298,2012,2,2,0,0,0,0,0,0,1,0
2298,2013,1,1,0,0,0,0,0,0,0,0
2307,2005,1,1,0,0,0,0,0,0,0,0
2322,2023,2,2,0,0,0,0,0,0,0,0
2326,2008,2,2,0,0,0,0,0,0,0,0
2326,2009,1,1,0,0,0,0,0,0,0,0
2328,2007,2,2,0,0,0,0,0,0,0,0
2330,2003,1,1,0,0,0,0,0,0,0,0
2330,2004,5,5,2,0,0,1,0,0,1,0
2330,2005,3,3,0,0,0,0,0,0,2,0
2330,2006,4,2,0,0,0,0,2,0,1,0
2330,2007,2,1,0,0,0,0,1,0,1,0
2333,2004,1,1,0,0,0,0,0,0,0,0
2333,2006,2,2,1,0,0,0,0,0,0,0
2333,2007,1,1,0,0,0,0,0,0,1,0
2335,2019,1,1,1,0,0,0,0,0,0,0
2335,2020,3,3,0,0,0,0,0,0,0,0
2340,2003,1,1,0,0,0,0,0,0,0,0
2340,2004,1,1,1,1,0,0,0,0,0,0
2343,2004,2,2,1,0,0,1,0,0,0,0
2343,2005,1,1,1,0,0,0,0,0,0,0
2343,2006,5,5,3,2,0,0,0,0,1,0
2343,2007,4,4,0,0,0,0,0,0,0,0
2343,2008,2,2,1,0,0,0,0,0,0,0
2344,2003,3,3,1,0,0,0,0,0,0,0
2344,2004,2,1,1,1,0,0,1,0,0,0
2344,2005,2,1,1,0,0,0,0,0,0,1
2355,2007,2,2,0,0,0,0,0,0,0,0
2355,2009,2,2,0,0,0,0,0,0,0,0
2355,2012,1,1,0,0,0,0,0,0,0,0
2358,2003,1,1,1,0,0,0,0,0,0,0
2358,2004,4,2,0,0,0,0,0,0,0,2
2358,2005,3,3,2,0,0,1,0,0,0,0
2358,2006,3,3,1,1,0,0,0,0,0,0
2358,2007,2,1,1,0,0,0,1,0,0,0
2358,2011,3,3,2,1,0,0,0,0,0,0
2358,2012,6,6,2,0,0,0,0,0,1,0
2358,2013,10,9,2,0,0,0,1,0,1,0
2358,2014,2,2,1,0,0,0,0,0,0,0
2365,2006,2,2,1,0,0,0,0,0,1,0
2368,2019,2,1,1,0,0,0,1,0,0,0
2368,2021,2,2,0,0,0,0,0,0,1,0
2369,2014,3,3,0,0,0,0,0,0,1,0
2384,2014,1,1,0,0,0,0,0,0,1,0
2393,2023,1,0,0,0,0,0,1,0,0,0
2396,2019,2,2,1,0,0,0,0,0,0,0
2421,2008,3,3,1,0,0,1,0,0,1,0
2421,2009,3,3,0,0,0,0,0,0,0,0
2421,2010,2,2,1,1,0,0,0,0,0,0
2421,2011,5,4,2,0,0,2,1,0,1,0
2421,2012,2,2,0,0,0,0,0,0,0,0
2426,2011,1,1,0,0,0,0,0,0,0,0
2437,2023,4,4,0,0,0,0,0,0,1,0
2449,2017,1,1,0,0,0,0,0,0,1,0
2449,2019,1,1,1,0,0,0,0,0,0,0
2460,2021,3,3,0,0,0,0,0,0,1,0
2460,2023,1,0,0,0,0,0,1,0,0,0
2482,2011,2,2,0,0,0,0,0,0,0,0
2482,2012,3,3,0,0,0,0,0,0,1,0
2482,2013,4,3,1,0,0,1,0,1,1,0
2482,2014,3,3,0,0,0,0,0,0,0,0
2490,2022,1,1,1,0,0,0,0,0,0,0
2497,2023,2,1,0,0,0,0,1,0,1,0
2505,2004,1,1,1,0,0,0,0,0,0,0
2505,2006,2,2,0,0,0,0,0,0,1,0
2505,2007,1,1,0,0,0,0,0,0,1,0
2505,2008,1,1,0,0,0,0,0,0,1,0
2505,2009,2,1,0,0,0,0,1,0,1,0
2505,2010,1,0,0,0,0,0,1,0,0,0
2505,2011,1,0,0,0,0,0,1,0,0,0
2513,2023,1,0,0,0,0,0,1,0,0,0
2518,2022,3,3,1,1,0,0,0,0,0,0
2518,2023,2,2,1,0,0,0,0,0,0,0
2525,2015,9,8,4,1,0,1,1,0,1,0
2525,2022,3,3,0,0,0,0,0,0,1,0
2525,2023,2,2,1,1,0,0,0,0,0,0
2538,2014,1,1,1,1,0,0,0,0,0,0
2540,2016,1,1,0,0,0,0,0,0,0,0
2543,2003,2,2,1,0,0,1,0,0,1,0
2547,2023,2,2,1,0,0,0,0,0,0,0
2567,2004,2,1,0,0,0,0,0,1,0,0
2589,2016,1,0,0,0,0,0,1,0,0,0
2589,2017,3,3,0,0,0,0,0,0,0,0
2589,2022,1,0,0,0,0,0,0,1,0,0
2590,2007,2,1,0,0,0,0,1,0,1,0
2590,2008,9,9,3,0,0,0,0,0,1,0
2590,2009,6,5,1,0,0,0,1,0,0,0
2590,2010,6,4,0,0,0,0,2,0,1,0
2590,2011,12,9,3,1,0,0,3,0,1,0
2590,2012,3,3,2,0,0,0,0,0,0,0
2590,2013,4,4,1,0,0,1,0,0,1,0
2590,2014,9,9,1,1,0,0,0,0,0,0
2590,2015,3,2,1,0,0,1,1,0,0,0
2595,2003,1,1,1,1,0,0,0,0,0,0
2606,2012,10,8,2,1,0,0,1,1,2,0
2606,2013,4,4,1,1,0,0,0,0,0,0
2606,2014,3,3,2,1,0,0,0,0,0,0
2606,2016,3,3,1,0,0,0,0,0,0,0
2606,2017,3,3,2,0,0,0,0,0,0,0
2606,2022,3,2,1,0,0,0,1,0,1,0
2625,2021,1,1,0,0,0,0,0,0,0,0
2640,2004,3,3,1,0,0,0,0,0,1,0
2640,2005,3,2,0,0,0,0,1,0,1,0
2640,2006,2,2,1,1,0,0,0,0,0,0
2640,2007,6,5,1,0,0,0,1,0,2,0
2654,2004,4,4,0,0,0,0,0,0,2,0
2660,2005,1,1,0,0,0,0,0,0,0,0
2660,2007,2,2,0,0,0,0,0,0,0,0
2661,2005,4,3,1,0,0,0,1,0,0,0
2661,2006,5,5,4,0,0,1,0,0,0,0
2661,2007,3,2,0,0,0,0,1,0,1,0
2661,2008,8,8,1,0,0,1,0,0,3,0
2661,2009,9,8,2,0,0,1,1,0,0,0
2661,2010,13,11,2,1,0,0,1,0,1,1
2661,2011,5,3,1,1,0,0,1,1,1,0
2690,2009,3,3,0,0,0,0,0,0,1,0
2690,2011,7,6,1,0,0,1,1,0,1,0
2690,2012,1,1,1,0,0,1,0,0,0,0
2690,2013,10,7,4,2,0,0,2,0,0,1
2690,2014,3,2,0,0,0,0,1,0,1,0
2690,2015,1,0,0,0,0,0,0,0,0,1
2690,2016,4,3,1,0,0,0,1,0,0,0
2690,2021,1,1,0,0,0,0,0,0,0,0
2692,2022,3,3,0,0,0,0,0,0,1,0
2700,2003,3,3,0,0,0,0,0,0,0,0
2700,2004,3,3,2,0,0,0,0,0,1,0
2708,2016,6,6,2,0,0,0,0,0,0,0
2722,2012,6,5,1,0,0,0,1,0,1,0
2722,2013,6,5,1,0,0,0,0,1,0,0
2722,2014,6,5,3,0,0,0,0,0,1,1
2731,2016,3,3,0,0,0,0,0,0,0,0
2742,2003,1,1,0,0,0,0,0,0,0,0
2742,2005,2,2,1,1,0,0,0,0,1,0
2749,2013,3,3,2,0,0,0,0,0,1,0
2751,2014,2,1,0,0,0,0,1,0,0,0
2754,2004,3,2,1,0,0,0,0,0,0,1
2754,2005,1,1,1,1,0,0,0,0,0,0
2754,2007,3,3,1,0,0,1,0,0,1,0
2754,2014,3,2,2,0,0,0,1,0,0,0
2754,2017,1,0,0,0,0,0,1,0,0,0
2762,2014,3,2,1,0,0,0,1,0,0,0
2763,2013,2,2,0,0,0,0,0,0,1,0
2763,2014,1,0,0,0,0,0,1,0,0,0
2766,2008,3,3,0,0,0,0,0,0,2,0
2766,2009,3,2,0,0,0,0,1,0,0,0
2766,2010,1,1,0,0,0,0,0,0,0,0
2776,2014,1,1,1,0,0,0,0,0,0,0
2776,2017,2,2,1,0,0,0,0,0,0,0
2782,2022,1,1,0,0,0,0,0,0,0,0
2782,2023,2,1,1,0,0,0,1,0,0,0
2783,2011,1,1,0,0,0,0,0,0,1,0
2789,2003,2,0,0,0,0,0,1,0,0,0
2790,2022,1,1,0,0,0,0,0,0,0,0
2792,2020,1,1,1,0,0,0,0,0,0,0
2810,2004,2,2,1,0,0,0,0,0,0,0
2810,2005,1,1,0,0,0,0,0,0,1,0
2810,2006,1,0,0,0,0,0,1,0,0,0
2810,2007,1,1,0,0,0,0,0,0,1,0
2825,2015,1,1,0,0,0,0,0,0,0,0
2833,2020,2,2,0,0,0,0,0,0,0,0
2841,2004,2,1,1,1,0,0,1,0,0,0
2841,2005,1,1,1,0,0,0,0,0,0,0
2847,2019,5,5,2,0,0,1,0,0,0,0
2850,2016,1,1,0,0,0,0,0,0,0,0
2850,2017,2,1,0,0,0,0,1,0,0,0
2855,2005,2,1,0,0,0,0,1,0,0,0
2855,2008,1,1,0,0,0,0,0,0,1,0
2857,2012,4,4,3,0,0,2,0,0,0,0
2863,2011,6,5,3,1,0,0,1,0,0,0
2863,2012,9,9,4,1,0,0,0,0,2,0
2863,2013,12,10,3,1,0,1,1,1,2,0
2878,2016,3,3,0,0,0,0,0,0,2,0
2878,2017,1,1,0,0,0,0,0,0,0,0
2885,2017,2,1,0,0,0,0,1,0,1,0
2887,2023,1,1,1,0,0,0,0,0,0,0
2911,2004,1,1,1,0,0,0,0,0,0,0
2911,2008,6,6,2,0,0,1,0,0,0,0
2911,2009,4,3,1,1,0,0,1,0,0,0
2911,2010,3,3,0,0,0,0,0,0,0,0
2911,2011,3,2,1,0,0,0,1,0,0,0
2911,2013,3,3,0,0,0,0,0,0,1,0
2911,2014,6,6,1,0,0,1,0,0,1,0
2911,2015,3,3,1,0,0,0,0,0,2,0
2911,2016,6,6,2,0,0,0,0,0,1,0
2914,2019,3,3,1,0,0,0,0,0,1,0
2914,2021,1,1,1,0,0,0,0,0,0,0
2914,2022,1,1,0,0,0,0,0,0,1,0
2914,2023,1,1,0,0,0,0,0,0,1,0
2933,2008,1,1,0,0,0,0,0,0,0,0
2933,2009,6,5,2,0,0,0,1,0,1,0
2935,2004,2,2,1,0,0,0,0,0,1,0
2941,2021,1,1,0,0,0,0,0,0,0,0
2957,2019,4,4,1,0,0,0,0,0,1,0
2957,2020,5,5,1,0,0,0,0,0,0,0
2960,2023,2,1,0,0,0,0,1,0,1,0
2966,2005,1,0,0,0,0,0,1,0,0,0
2966,2006,1,1,0,0,0,0,0,0,0,0
2973,2005,2,2,1,0,0,0,0,0,0,0
2977,2019,2,2,0,0,0,0,0,0,1,0
2977,2023,1,1,0,0,0,0,0,0,0,0
2981,2005,1,1,0,0,0,0,0,0,0,0
2981,2008,1,1,0,0,0,0,0,0,0,0
2987,2013,1,1,0,0,0,0,0,0,0,0
2996,2003,1,1,0,0,0,0,0,0,1,0
2996,2004,1,1,0,0,0,0,0,0,0,0
2996,2008,7,6,2,0,0,1,1,0,3,0
2996,2009,4,3,0,0,0,0,1,0,3,0
2996,2010,1,1,1,0,0,1,0,0,0,0
2996,2011,1,1,0,0,0,0,0,0,1,0
3000,2012,3,3,0,0,0,0,0,0,2,0
3000,2013,3,3,1,1,0,0,0,0,0,0
3004,2022,1,1,0,0,0,0,0,0,1,0
3004,2023,1,1,0,0,0,0,0,0,0,0
3016,2004,2,2,1,0,0,1,0,0,0,0
3016,2006,1,1,0,0,0,0,0,0,0,0
3016,2008,2,2,0,0,0,0,0,0,1,0
3016,2009,1,1,0,0,0,0,0,0,0,0
3016,2010,1,1,0,0,0,0,0,0,0,0
3016,2014,1,1,0,0,0,0,0,0,0,0
3029,2011,3,0,0,0,0,0,2,0,0,1
3033,2019,2,2,0,0,0,0,0,0,1,0
3039,2004,3,2,1,0,0,0,1,0,1,0
3041,2006,3,2,1,0,0,0,1,0,0,0
3046,2003,1,1,0,0,0,0,0,0,0,0
3046,2004,1,1,0,0,0,0,0,0,1,0
3066,2008,3,3,0,0,0,0,0,0,0,0
3067,2003,4,3,2,0,0,0,1,0,1,0
3067,2004,1,1,0,0,0,0,0,0,1,0
3067,2008,6,5,2,1,0,0,1,0,0,0
3070,2009,9,8,2,0,0,1,1,0,1,0
3070,2010,10,9,2,0,0,1,1,0,1,0
3070,2011,10,8,2,1,0,0,2,0,3,0
3070,2012,7,6,2,1,0,0,1,0,2,0
3070,2015,1,1,1,0,0,1,0,0,0,0
3073,2011,9,8,3,2,0,0,1,0,2,0
3073,2012,3,2,0,0,0,0,1,0,1,0
3073,2013,5,3,1,0,0,0,2,0,0,0
3073,2014,8,5,1,1,0,0,2,0,2,1
3073,2015,4,2,1,0,0,0,2,0,0,0
3073,2016,13,12,1,0,0,0,1,0,4,0
3073,2017,6,6,2,0,0,0,0,0,1,0
3073,2018,3,2,1,0,0,0,1,0,0,0
3073,2019,5,4,1,0,0,0,0,0,1,1
3073,2020,3,3,0,0,0,0,0,0,1,0
3073,2021,5,5,2,0,0,0,0,0,2,0
3080,2015,6,5,2,0,0,0,1,0,0,0
3080,2016,7,7,3,2,0,1,0,0,0,0
3080,2017,2,2,0,0,0,0,0,0,0,0
3080,2019,3,2,1,0,0,0,1,0,0,0
3080,2020,4,4,1,0,0,1,0,0,1,0
3080,2021,5,5,2,0,0,0,0,0,2,0
3080,2022,1,1,0,0,0,0,0,0,0,0
3086,2005,1,1,0,0,0,0,0,0,0,0
3086,2006,3,3,2,2,0,0,0,0,0,0
3086,2007,6,5,3,2,0,0,1,0,1,0
3086,2009,3,3,0,0,0,0,0,0,0,0
3086,2011,2,1,1,0,0,0,1,0,0,0
3086,2015,2,2,0,0,0,0,0,0,0,0
3086,2016,2,2,0,0,0,0,0,0,0,0
3088,2016,2,1,1,1,0,0,1,0,0,0
3088,2017,1,1,0,0,0,0,0,0,0,0
3089,2011,2,0,0,0,0,0,2,0,0,0
3104,2020,2,2,0,0,0,0,0,0,0,0
3104,2021,4,3,0,0,0,0,1,0,0,0
3104,2023,2,2,0,0,0,0,0,0,1,0
3106,2021,3,3,0,0,0,0,0,0,1,0
3126,2022,2,2,1,0,0,0,0,0,1,0
3126,2023,2,2,0,0,0,0,0,0,1,0
3131,2011,5,5,3,0,0,1,0,0,1,0
3133,2007,5,4,2,0,0,0,1,0,0,0
3154,2015,2,2,0,0,0,0,0,0,0,0
3154,2016,2,2,1,0,0,0,0,0,0,0
3154,2017,1,1,1,1,0,0,0,0,0,0
3154,2019,1,0,0,0,0,0,1,0,0,0
3155,2019,1,1,1,0,0,0,0,0,0,0
3166,2003,2,1,0,0,0,0,1,0,0,0
3166,2004,6,6,5,1,0,1,0,0,1,0
3166,2005,3,3,2,0,0,1,0,0,0,0
3166,2007,6,5,5,0,0,1,1,0,0,0
3194,2023,1,0,0,0,0,0,1,0,0,0
3206,2023,2,2,1,0,0,0,0,0,0,0
3219,2004,1,1,0,0,0,0,0,0,0,0
3219,2005,2,1,0,0,0,0,1,0,1,0
3219,2006,1,1,1,1,0,0,0,0,0,0
3223,2004,3,3,1,0,0,1,0,0,0,0
3223,2008,1,1,0,0,0,0,0,0,0,0
3229,2003,1,1,0,0,0,0,0,0,1,0
3229,2004,1,1,0,0,0,0,0,0,0,0
3231,2014,4,4,0,0,0,0,0,0,1,0
3234,2020,1,1,0,0,0,0,0,0,0,0
3236,2016,1,1,0,0,0,0,0,0,0,0
3259,2010,3,3,2,1,0,0,0,0,0,0
3262,2006,1,1,0,0,0,0,0,0,0,0
3262,2008,3,2,2,0,0,1,1,0,0,0
3279,2007,2,2,0,0,0,0,0,0,0,0
3280,2021,2,2,0,0,0,0,0,0,1,0
3286,2013,3,3,2,0,0,0,0,0,1,0
3286,2015,5,5,1,0,0,0,0,0,0,0
3288,2012,3,3,2,1,0,1,0,0,0,0
3296,2004,3,3,0,0,0,0,0,0,1,0
3339,2004,6,4,2,1,0,1,2,0,1,0
3347,2017,2,1,1,0,0,0,0,0,0,1
3366,2005,1,1,0,0,0,0,0,0,0,0
3366,2008,5,3,1,0,0,0,2,0,0,0
3366,2010,1,1,0,0,0,0,0,0,1,0
3366,2016,1,0,0,0,0,0,0,1,0,0
3374,2003,1,1,0,0,0,0,0,0,0,0
3374,2004,1,1,0,0,0,0,0,0,0,0
3374,2005,1,1,0,0,0,0,0,0,0,0
3374,2006,1,0,0,0,0,0,1,0,0,0
3374,2007,2,2,2,1,0,0,0,0,0,0
3375,2011,3,3,1,0,0,0,0,0,0,0
3384,2021,1,1,1,0,0,0,0,0,0,0
3384,2023,1,1,0,0,0,0,0,0,0,0
3389,2004,1,1,0,0,0,0,0,0,0,0
3389,2006,1,1,0,0,0,0,0,0,0,0
3394,2019,1,0,0,0,0,0,1,0,0,0
3400,2017,3,2,0,0,0,0,1,0,1,0
3410,2005,1,1,0,0,0,0,0,0,0,0
3410,2006,2,1,1,0,0,0,1,0,0,0
3410,2008,2,2,1,0,0,0,0,0,0,0
3410,2009,1,1,0,0,0,0,0,0,0,0
3410,2010,3,3,2,0,0,0,0,0,1,0
3410,2011,2,2,0,0,0,0,0,0,1,0
3410,2012,1,1,1,0,0,0,0,0,0,0
3410,2013,3,3,2,1,0,0,0,0,0,0
3411,2014,1,0,0,0,0,0,1,0,0,0
3411,2016,2,1,0,0,0,0,1,0,0,0
3422,2023,1,0,0,0,0,0,1,0,0,0
3434,2008,3,3,0,0,0,0,0,0,0,0
3434,2009,2,2,2,0,0,0,0,0,0,0
3434,2010,6,5,5,2,0,2,1,0,0,0
3434,2012,3,3,2,0,0,0,0,0,0,0
3434,2014,3,3,0,0,0,0,0,0,0,0
3434,2015,3,3,2,0,0,0,0,0,0,0
3434,2016,1,1,1,0,0,1,0,0,0,0
3438,2016,1,1,0,0,0,0,0,0,0,0
3438,2017,2,2,0,0,0,0,0,0,1,0
3438,2018,2,2,1,1,0,0,0,0,0,0
3440,2010,3,3,1,0,0,1,0,0,0,0
3440,2011,1,0,0,0,0,0,1,0,0,0
3440,2012,4,4,0,0,0,0,0,0,2,0
3440,2017,1,1,0,0,0,0,0,0,0,0
3442,2003,2,2,1,1,0,0,0,0,1,0
3447,2023,1,1,0,0,0,0,0,0,1,0
3460,2003,2,2,1,0,0,0,0,0,1,0
3461,2016,3,3,1,0,0,0,0,0,2,0
3481,2022,1,1,0,0,0,0,0,0,1,0
3482,2004,1,1,0,0,0,0,0,0,0,0
3483,2020,1,0,0,0,0,0,1,0,0,0
3483,2021,3,3,0,0,0,0,0,0,2,0
3492,2014,1,1,1,1,0,0,0,0,0,0
3492,2015,2,2,1,0,0,0,0,0,1,0
3492,2016,1,1,1,0,0,0,0,0,0,0
3497,2012,3,3,2,0,0,1,0,0,0,0
3497,2013,3,2,1,0,0,0,1,0,1,0
3497,2014,5,5,2,0,0,1,0,0,0,0
3497,2015,4,3,1,0,0,1,1,0,1,0
3497,2016,1,1,0,0,0,0,0,0,0,0
3498,2015,6,5,2,1,1,0,1,0,1,0
3498,2016,6,6,0,0,0,0,0,0,1,0
3498,2017,3,3,2,1,0,0,0,0,0,0
3498,2019,3,3,1,0,0,0,0,0,0,0
3510,2012,2,2,1,0,0,0,0,0,1,0
3511,2004,2,2,0,0,0,0,0,0,1,0
3521,2015,1,1,0,0,0,0,0,0,1,0
3546,2011,7,6,1,0,0,0,1,0,0,0
3557,2020,2,2,1,0,0,0,0,0,1,0
3557,2021,2,2,1,0,0,1,0,0,0,0
3574,2021,3,3,0,0,0,0,0,0,2,0
3574,2022,3,2,0,0,0,0,1,0,0,0
3596,2004,3,2,1,0,0,0,0,1,0,0
3596,2005,1,1,1,1,0,0,0,0,0,0
3596,2008,14,14,3,2,0,0,0,0,3,0
3596,2009,9,9,1,0,0,0,0,0,3,0
3596,2010,3,3,0,0,0,0,0,0,0,0
3596,2011,9,7,4,2,0,1,2,0,0,0
3596,2012,8,8,1,0,0,0,0,0,2,0
3596,2015,2,2,0,0,0,0,0,0,0,0
3596,2016,1,1,1,0,0,0,0,0,0,0
3598,2018,1,1,0,0,0,0,0,0,0,0
3600,2003,6,6,0,0,0,0,0,0,0,0
3600,2004,3,3,2,0,0,0,0,0,0,0
3600,2005,6,5,1,0,0,0,1,0,0,0
3600,2006,6,4,2,0,0,0,1,1,0,0
3600,2007,6,4,3,1,0,1,1,1,0,0
3607,2019,3,3,0,0,0,0,0,0,1,0
3612,2019,2,2,0,0,0,0,0,0,0,0
3639,2004,3,2,0,0,0,0,1,0,1,0
3644,2004,3,2,1,0,0,0,1,0,1,0
3644,2005,6,6,0,0,0,0,0,0,3,0
3644,2006,5,4,1,1,0,0,1,0,0,0
3655,2020,2,2,0,0,0,0,0,0,0,0
3655,2021,1,1,0,0,0,0,0,0,1,0
3680,2004,2,2,1,0,0,0,0,0,1,0
3680,2008,3,3,0,0,0,0,0,0,1,0
3680,2010,2,2,0,0,0,0,0,0,0,0
3681,2004,2,1,0,0,0,0,0,0,0,1
3683,2005,3,2,0,0,0,0,1,0,2,0
3683,2006,3,2,0,0,0,0,1,0,0,0
3683,2008,3,3,1,0,0,0,0,0,0,0
3683,2011,10,9,2,0,0,0,1,0,1,0
3683,2012,3,2,1,1,0,0,1,0,0,0
3683,2014,2,2,0,0,0,0,0,0,1,0
3694,2005,3,3,0,0,0,0,0,0,1,0
3694,2006,4,3,1,0,0,0,1,0,0,0
3694,2007,1,1,1,0,0,1,0,0,0,0
3694,2008,1,1,0,0,0,0,0,0,0,0
3699,2004,1,0,0,0,0,0,1,0,0,0
3703,2008,3,2,1,0,0,0,1,0,0,0
3703,2009,3,3,1,0,0,0,0,0,0,0
3703,2010,1,1,1,1,0,0,0,0,0,0
3703,2011,3,3,2,1,0,0,0,0,0,0
3703,2013,2,0,0,0,0,0,2,0,0,0
3703,2014,3,3,1,0,0,0,0,0,1,0
3703,2015,3,2,0,0,0,0,1,0,2,0
3731,2012,1,1,1,0,0,0,0,0,0,0
3747,2012,3,3,2,0,0,1,0,0,0,0
3748,2012,1,0,0,0,0,0,1,0,0,0
3748,2013,1,0,0,0,0,0,1,0,0,0
3748,2014,1,1,0,0,0,0,0,0,1,0
3758,2019,1,1,0,0,0,0,0,0,1,0
3758,2021,1,1,1,0,0,0,0,0,0,0
3760,2019,1,1,0,0,0,0,0,0,1,0
3765,2004,1,1,0,0,0,0,0,0,1,0
3765,2005,1,1,0,0,0,0,0,0,0,0
3765,2006,3,1,1,0,0,0,1,1,0,0
3765,2008,1,1,1,1,0,0,0,0,0,0
3765,2010,2,2,1,0,0,1,0,0,0,0
3765,2011,2,1,1,0,0,1,1,0,0,0
3773,2023,1,1,0,0,0,0,0,0,1,0
3775,2008,1,1,1,0,0,0,0,0,0,0
3784,2016,1,1,0,0,0,0,0,0,0,0
3784,2017,3,3,1,0,0,0,0,0,0,0
3784,2019,3,2,1,0,0,0,0,0,1,1
3785,2022,1,1,1,0,0,0,0,0,0,0
3786,2005,3,3,0,0,0,0,0,0,2,0
3786,2006,1,1,0,0,0,0,0,0,0,0
3793,2012,1,1,0,0,0,0,0,0,0,0
3793,2013,1,1,0,0,0,0,0,0,1,0
3793,2014,1,1,0,0,0,0,0,0,0,0
3803,2023,2,2,0,0,0,0,0,0,0,0
3808,2019,1,0,0,0,0,0,1,0,0,0
3809,2003,3,3,0,0,0,0,0,0,2,0
3809,2004,1,1,1,1,0,0,0,0,0,0
3827,2023,1,1,0,0,0,0,0,0,0,0
3833,2008,2,2,0,0,0,0,0,0,1,0
3834,2009,3,3,2,0,0,0,0,0,0,0
3834,2015,3,3,2,1,0,0,0,0,0,0
3835,2023,3,3,1,0,0,0,0,0,2,0
3845,2016,1,1,0,0,0,0,0,0,0,0
3865,2021,2,2,0,0,0,0,0,0,1,0
3870,2007,6,5,2,0,0,1,1,0,2,0
3870,2009,6,6,3,0,0,1,0,0,1,0
3870,2010,13,9,3,0,0,1,4,0,1,0
3870,2011,4,3,1,1,0,0,1,0,2,0
3870,2012,2,2,1,0,0,0,0,0,1,0
3870,2013,1,1,1,0,0,0,0,0,0,0
3876,2008,2,1,0,0,0,0,1,0,1,0
3876,2009,1,1,0,0,0,0,0,0,0,0
3876,2011,1,1,0,0,0,0,0,0,0,0
3876,2017,1,1,0,0,0,0,0,0,1,0
3878,2017,2,2,0,0,0,0,0,0,0,0
3878,2018,1,1,0,0,0,0,0,0,0,0
3889,2022,2,2,1,0,0,0,0,0,0,0
3891,2022,3,3,0,0,0,0,0,0,1,0
3909,2022,2,2,0,0,0,0,0,0,0,0
3925,2004,3,2,2,1,0,1,1,0,0,0
3925,2007,3,3,0,0,0,0,0,0,1,0
3925,2008,6,3,1,0,0,0,2,0,0,1
3932,2016,1,0,0,0,0,0,1,0,0,0
3935,2023,3,2,0,0,0,0,0,1,0,0
3945,2016,1,1,1,0,0,0,0,0,0,0
3951,2008,3,3,1,0,0,1,0,0,0,0
3951,2009,3,3,0,0,0,0,0,0,1,0
3951,2010,6,4,1,1,0,0,2,0,1,0
3951,2012,3,3,0,0,0,0,0,0,1,0
3952,2021,1,1,0,0,0,0,0,0,0,0
3952,2022,2,2,0,0,0,0,0,0,1,0
3966,2004,3,2,1,0,0,0,0,0,0,1
3966,2008,1,1,0,0,0,0,0,0,1,0
3966,2010,1,0,0,0,0,0,0,1,0,0
3968,2013,3,3,0,0,0,0,0,0,1,0
3968,2014,2,2,1,0,0,0,0,0,0,0
3968,2016,6,5,1,0,0,0,1,0,2,0
3968,2017,3,3,0,0,0,0,0,0,1,0
3968,2018,5,5,2,1,0,1,0,0,0,0
3968,2022,3,3,0,0,0,0,0,0,1,0
3968,2023,3,3,1,1,0,0,0,0,1,0
3969,2017,2,2,0,0,0,0,0,0,0,0
3969,2019,1,1,0,0,0,0,0,0,0,0
3970,2013,2,2,2,0,0,1,0,0,0,0
3970,2019,2,2,1,1,0,0,0,0,0,0
3971,2004,3,3,0,0,0,0,0,0,1,0
3971,2005,3,3,2,0,0,0,0,0,0,0
3971,2006,6,5,1,0,0,0,1,0,1,0
3971,2007,3,3,0,0,0,0,0,0,1,0
3975,2013,3,2,1,0,0,1,1,0,0,0
3975,2016,3,3,2,0,0,1,0,0,0,0
3975,2017,2,2,2,0,0,0,0,0,0,0
3982,2016,1,1,0,0,0,0,0,0,0,0
3998,2018,4,4,1,1,0,0,0,0,0,0
3998,2019,3,2,0,0,0,0,1,0,1,0
4002,2013,1,1,0,0,0,0,0,0,0,0
4018,2023,2,2,1,0,0,0,0,0,1,0
4029,2014,11,11,5,1,0,1,0,0,2,0
4029,2015,6,4,0,0,0,0,2,0,1,0
4029,2016,7,7,2,0,0,0,0,0,2,0
4029,2017,7,7,0,0,0,0,0,0,0,0
4029,2019,6,6,2,1,0,0,0,0,2,0
4029,2021,3,3,1,1,0,0,0,0,0,0
4029,2023,2,2,0,0,0,0,0,0,0,0
4035,2009,1,1,1,0,0,0,0,0,0,0
4055,2016,3,3,0,0,0,0,0,0,2,0
4055,2017,1,1,0,0,0,0,0,0,1,0
4055,2019,1,1,0,0,0,0,0,0,1,0
4072,2023,1,1,0,0,0,0,0,0,0,0
4076,2004,3,3,1,0,0,0,0,0,0,0
4076,2008,2,2,1,0,0,1,0,0,0,0
4077,2017,3,3,0,0,0,0,0,0,0,0
4077,2018,3,3,1,0,0,0,0,0,1,0
4077,2019,3,3,0,0,0,0,0,0,0,0
4077,2020,6,5,1,0,0,0,1,0,1,0
4077,2021,14,14,4,0,0,2,0,0,2,0
4077,2022,8,8,1,0,0,0,0,0,4,0
4077,2023,5,4,0,0,0,0,1,0,2,0
4087,2016,3,3,0,0,0,0,0,0,1,0
4087,2017,2,1,0,0,0,0,1,0,1,0
4087,2018,1,1,0,0,0,0,0,0,1,0
4087,2019,2,2,0,0,0,0,0,0,0,0
4087,2021,1,1,0,0,0,0,0,0,0,0
4091,2018,1,0,0,0,0,0,1,0,0,0
4095,2003,3,3,1,1,0,0,0,0,0,0
4095,2004,12,10,3,0,0,1,1,0,1,1
4095,2005,9,8,3,2,0,0,1,0,0,0
4095,2006,16,14,2,0,0,0,2,0,4,0
4095,2007,7,5,3,1,0,1,2,0,0,0
4102,2007,3,3,1,0,0,0,0,0,0,0
4106,2008,2,2,2,0,0,0,0,0,0,0
4110,2017,3,2,0,0,0,0,1,0,2,0
4114,2016,1,1,1,0,0,0,0,0,0,0
4130,2020,2,2,0,0,0,0,0,0,2,0
4130,2022,3,3,1,0,0,0,0,0,1,0
4130,2023,3,3,1,0,0,0,0,0,1,0
4132,2015,1,0,0,0,0,0,1,0,0,0
4137,2010,6,4,1,0,0,0,1,0,1,1
4137,2011,6,6,2,1,0,1,0,0,1,0
4137,2012,3,3,2,1,0,1,0,0,0,0
4137,2013,3,3,1,0,0,0,0,0,0,0
4137,2016,1,1,0,0,0,0,0,0,0,0
4163,2006,3,3,1,0,0,1,0,0,1,0
4163,2007,3,3,1,0,0,1,0,0,0,0
4163,2009,1,1,0,0,0,0,0,0,0,0
4163,2013,2,2,0,0,0,0,0,0,1,0
4164,2006,6,4,2,0,0,0,2,0,2,0
4170,2008,2,1,0,0,0,0,0,1,0,0
4170,2009,6,5,1,1,0,0,1,0,2,0
4170,2011,6,4,0,0,0,0,2,0,1,0
4170,2020,5,4,1,0,0,0,1,0,0,0
4173,2003,2,2,1,0,1,0,0,0,0,0
4173,2006,3,3,2,2,0,0,0,0,0,0
4180,2005,1,1,0,0,0,0,0,0,0,0
4182,2012,3,3,0,0,0,0,0,0,1,0
4182,2013,3,3,2,0,0,1,0,0,0,0
4182,2014,3,3,1,0,0,0,0,0,0,0
4182,2016,7,7,4,2,0,0,0,0,1,0
4182,2017,9,9,2,0,0,0,0,0,0,0
4184,2019,3,3,1,1,0,0,0,0,0,0
4184,2021,2,2,1,0,0,0,0,0,0,0
4184,2022,3,3,0,0,0,0,0,0,1,0
4184,2023,2,1,0,0,0,0,1,0,1,0
4199,2004,1,1,0,0,0,0,0,0,1,0
4207,2017,3,2,0,0,0,0,1,0,0,0
4207,2019,4,4,0,0,0,0,0,0,1,0
4219,2006,5,5,2,1,0,0,0,0,1,0
4219,2007,2,2,1,0,0,0,0,0,0,0
4221,2022,1,0,0,0,0,0,1,0,0,0
4231,2006,3,2,0,0,0,0,1,0,1,0
4231,2007,3,3,0,0,0,0,0,0,2,0
4235,2005,3,3,1,0,0,0,0,0,0,0
4235,2009,2,2,0,0,0,0,0,0,0,0
4236,2017,3,3,1,0,0,0,0,0,1,0
4243,2023,1,0,0,0,0,0,1,0,0,0
4249,2005,1,1,0,0,0,0,0,0,0,0
4249,2006,1,1,0,0,0,0,0,0,1,0
4249,2009,1,1,0,0,0,0,0,0,0,0
4260,2015,2,2,1,0,0,1,0,0,0,0
4278,2022,1,0,0,0,0,0,1,0,0,0
4282,2005,1,1,1,0,0,0,0,0,0,0
4283,2015,3,3,1,0,0,0,0,0,0,0
4283,2016,3,3,3,1,0,2,0,0,0,0
4283,2022,4,4,0,0,0,0,0,0,1,0
4288,2011,1,1,1,1,0,0,0,0,0,0
4288,2012,1,1,1,1,0,0,0,0,0,0
4289,2022,3,3,1,0,0,0,0,0,1,0
4292,2014,3,3,2,0,0,1,0,0,1,0
4292,2015,3,3,1,0,0,0,0,0,1,0
4292,2016,2,1,0,0,0,0,1,0,1,0
4292,2017,3,3,1,0,0,0,0,0,0,0
4292,2020,3,2,0,0,0,0,1,0,0,0
4292,2022,6,4,1,0,0,0,2,0,1,0
4292,2023,5,5,2,0,0,0,0,0,0,0
4302,2019,2,2,0,0,0,0,0,0,0,0
4302,2021,1,1,0,0,0,0,0,0,0,0
4302,2022,1,1,1,0,0,0,0,0,0,0
4326,2008,4,3,2,0,0,0,0,0,0,1
4327,2014,3,3,1,1,0,0,0,0,0,0
4336,2010,1,1,1,0,0,0,0,0,0,0
4336,2011,1,1,1,0,0,0,0,0,0,0
4336,2012,1,1,0,0,0,0,0,0,0,0
4337,2014,1,1,0,0,0,0,0,0,0,0
4337,2015,1,1,1,0,0,1,0,0,0,0
4337,2016,1,1,0,0,0,0,0,0,0,0
4337,2017,2,1,0,0,0,0,1,0,0,0
4344,2007,1,1,0,0,0,0,0,0,1,0
4344,2008,9,8,4,0,0,0,1,0,3,0
4344,2009,14,14,2,0,0,0,0,0,5,0
4344,2010,6,5,2,0,0,0,1,0,0,0
4344,2012,7,7,2,1,0,1,0,0,2,0
4344,2017,3,3,1,1,0,0,0,0,1,0
4344,2022,5,5,2,0,0,0,0,0,2,0
4344,2023,2,2,0,0,0,0,0,0,0,0
4350,2012,3,2,2,1,0,1,0,0,0,1
4350,2013,3,3,1,0,0,1,0,0,1,0
4350,2016,6,6,2,0,0,0,0,0,2,0
4350,2017,4,3,1,0,0,1,1,0,1,0
4361,2008,2,2,0,0,0,0,0,0,0,0
4361,2009,1,1,0,0,0,0,0,0,1,0
4361,2012,2,2,1,0,0,0,0,0,0,0
4361,2013,2,2,0,0,0,0,0,0,1,0
4361,2014,2,2,0,0,0,0,0,0,0,0
4361,2016,2,2,0,0,0,0,0,0,0,0
4365,2012,2,2,2,1,0,0,0,0,0,0
4365,2013,6,4,2,0,0,0,1,0,0,1
4365,2015,1,1,0,0,0,0,0,0,1,0
4365,2018,1,1,1,0,0,0,0,0,0,0
4365,2022,1,1,1,0,0,0,0,0,0,0
4385,2019,1,0,0,0,0,0,1,0,0,0
4393,2003,2,1,0,0,0,0,1,0,0,0
4393,2004,3,3,0,0,0,0,0,0,0,0
4393,2005,1,1,0,0,0,0,0,0,1,0
4393,2006,1,1,1,0,0,0,0,0,0,0
4396,2019,1,1,0,0,0,0,0,0,0,0
4399,2009,1,1,1,0,0,1,0,0,0,0
4405,2015,1,1,1,0,0,0,0,0,0,0
4408,2014,3,2,0,0,0,0,0,0,0,1
4408,2019,2,2,1,0,0,0,0,0,0,0
4409,2021,1,1,0,0,0,0,0,0,0,0
4412,2008,7,5,0,0,0,0,2,0,3,0
4412,2009,7,7,1,0,0,1,0,0,1,0
4412,2010,4,2,0,0,0,0,2,0,2,0
4412,2014,1,1,0,0,0,0,0,0,0,0
4416,2019,1,1,0,0,0,0,0,0,0,0
4429,2013,2,1,1,0,0,0,1,0,0,0
4429,2014,1,1,0,0,0,0,0,0,0,0
4445,2021,1,1,0,0,0,0,0,0,0,0
4449,2008,3,3,1,0,0,0,0,0,0,0
4449,2009,6,4,0,0,0,0,2,0,4,0
4449,2010,3,3,1,0,0,0,0,0,0,0
4449,2011,6,4,3,0,0,2,1,0,1,1
4449,2012,13,12,4,0,0,0,1,0,0,0
4449,2013,15,14,5,0,0,1,1,0,2,0
4449,2014,11,10,2,1,0,0,1,0,1,0
4449,2015,8,8,3,0,0,1,0,0,0,0
4454,2010,1,1,0,0,0,0,0,0,1,0
4454,2013,1,1,0,0,0,0,0,0,0,0
4457,2021,2,1,0,0,0,0,1,0,0,0
4459,2006,3,2,2,0,1,0,1,0,0,0
4459,2007,1,1,1,0,0,0,0,0,0,0
4491,2021,1,0,0,0,0,0,1,0,0,0
4491,2023,1,1,0,0,0,0,0,0,1,0
4495,2011,1,1,0,0,0,0,0,0,1,0
4495,2015,1,1,0,0,0,0,0,0,1,0
4504,2015,3,3,1,0,0,0,0,0,0,0
4504,2016,3,2,0,0,0,0,1,0,0,0
4504,2017,3,2,1,0,0,0,1,0,0,0
4504,2020,1,1,0,0,0,0,0,0,0,0
4510,2004,3,3,3,1,0,1,0,0,0,0
4510,2005,3,1,0,0,0,0,2,0,0,0
4530,2006,3,2,0,0,0,0,1,0,1,0
4530,2009,3,3,1,0,0,0,0,0,0,0
4536,2005,3,3,1,0,0,1,0,0,0,0
4543,2006,9,5,4,2,0,0,4,0,0,0
4543,2007,3,3,2,0,1,0,0,0,0,0
4543,2015,6,5,2,0,0,0,1,0,1,0
4543,2016,7,5,2,0,0,0,2,0,1,0
4543,2017,3,1,1,1,0,0,2,0,0,0
4561,2008,1,1,0,0,0,0,0,0,0,0
4561,2009,3,3,1,0,0,0,0,0,0,0
4561,2011,4,4,2,1,0,0,0,0,0,0
4561,2012,2,2,1,0,0,0,0,0,0,0
4561,2013,2,1,0,0,0,0,1,0,0,0
4561,2015,2,2,1,1,0,0,0,0,0,0
4561,2017,9,7,2,0,0,0,2,0,1,0
4561,2018,7,4,1,0,0,0,3,0,1,0
4569,2007,1,1,0,0,0,0,0,0,1,0
4570,2003,12,12,5,1,1,1,0,0,1,0
4570,2004,16,14,4,0,0,1,2,0,3,0
4570,2005,6,5,1,0,0,0,1,0,1,0
4575,2006,2,2,1,0,0,0,0,0,0,0
4579,2017,1,1,0,0,0,0,0,0,0,0
4579,2019,4,4,1,1,0,0,0,0,2,0
4579,2020,1,1,0,0,0,0,0,0,0,0
4581,2015,1,0,0,0,0,0,1,0,0,0
4598,2007,2,2,2,0,0,0,0,0,0,0
4598,2010,1,1,0,0,0,0,0,0,0,0
4598,2012,2,1,0,0,0,0,1,0,0,0
4601,2008,1,0,0,0,0,0,1,0,0,0
4608,2010,2,1,0,0,0,0,1,0,1,0
4608,2013,3,2,1,0,0,0,1,0,0,0
4610,2012,2,2,0,0,0,0,0,0,0,0
4610,2014,3,3,0,0,0,0,0,0,0,0
4610,2016,6,6,2,0,0,0,0,0,2,0
4610,2017,3,3,1,0,0,0,0,0,1,0
4610,2018,3,2,0,0,0,0,1,0,2,0
4610,2019,3,2,1,0,0,0,1,0,1,0
4610,2021,9,8,3,0,0,0,1,0,3,0
4611,2004,6,6,1,1,0,0,0,0,1,0
4611,2005,3,3,0,0,0,0,0,0,0,0
4611,2006,3,3,1,0,0,1,0,0,1,0
4611,2007,3,3,0,0,0,0,0,0,0,0
4611,2013,3,3,2,0,0,1,0,0,0,0
4619,2008,3,1,0,0,0,0,2,0,1,0
4619,2009,3,3,1,0,0,1,0,0,0,0
4619,2010,3,3,1,0,0,0,0,0,1,0
4620,2003,3,3,0,0,0,0,0,0,1,0
4620,2008,3,3,1,0,0,1,0,0,0,0
4620,2011,7,7,2,0,0,0,0,0,1,0
4620,2012,3,3,0,0,0,0,0,0,1,0
4620,2013,3,3,1,0,0,0,0,0,0,0
4620,2014,3,3,0,0,0,0,0,0,0,0
4625,2004,1,1,0,0,0,0,0,0,1,0
4635,2019,3,3,0,0,0,0,0,0,1,0
4637,2003,1,1,0,0,0,0,0,0,0,0
4637,2004,1,1,0,0,0,0,0,0,0,0
4637,2005,1,1,1,0,0,0,0,0,0,0
4637,2006,2,2,1,0,0,0,0,0,1,0
4665,2010,5,4,0,0,0,0,1,0,0,0
4665,2013,6,4,3,1,0,1,2,0,0,0
4665,2017,1,0,0,0,0,0,1,0,0,0
4666,2009,6,6,2,0,0,0,0,0,1,0
4666,2010,6,4,2,0,0,0,1,0,2,1
4666,2011,5,5,2,1,0,0,0,0,1,0
4666,2012,3,3,2,0,0,0,0,0,0,0
4667,2015,1,1,1,0,0,1,0,0,0,0
4678,2015,2,1,0,0,0,0,1,0,1,0
4678,2017,1,0,0,0,0,0,1,0,0,0
4685,2017,1,1,1,0,0,0,0,0,0,0
4686,2020,2,2,0,0,0,0,0,0,2,0
4693,2007,2,2,1,1,0,0,0,0,0,0
4693,2009,1,1,0,0,0,0,0,0,0,0
4701,2006,1,1,0,0,0,0,0,0,0,0
4705,2013,4,4,2,0,0,0,0,0,1,0
4705,2020,1,1,1,1,0,0,0,0,0,0
4705,2021,6,6,5,1,0,1,0,0,0,0
4715,2017,1,1,1,0,0,0,0,0,0,0
4731,2006,1,1,1,0,0,0,0,0,0,0
4731,2007,1,1,1,0,0,0,0,0,0,0
4731,2008,1,1,0,0,0,0,0,0,0,0
4731,2009,1,1,1,0,0,0,0,0,0,0
4731,2012,1,1,0,0,0,0,0,0,0,0
4731,2013,1,1,1,0,0,0,0,0,0,0
4751,2023,1,1,1,1,0,0,0,0,0,0
4754,2021,2,2,0,0,0,0,0,0,2,0
4757,2023,3,2,2,0,0,0,1,0,0,0
4760,2021,1,1,0,0,0,0,0,0,1,0
4760,2022,3,3,1,0,0,0,0,0,1,0
4761,2021,2,2,1,0,0,0,0,0,0,0
4761,2023,1,1,0,0,0,0,0,0,1,0
4785,2003,6,6,2,1,0,0,0,0,0,0
4785,2005,11,11,3,1,0,0,0,0,2,0
4785,2006,2,2,2,2,0,0,0,0,0,0
4785,2007,6,5,2,1,0,0,1,0,0,0
4785,2009,1,1,1,0,0,0,0,0,0,0
4785,2010,1,1,0,0,0,0,0,0,1,0
4801,2010,3,3,0,0,0,0,0,0,1,0
4801,2011,3,3,1,0,0,0,0,0,1,0
4801,2012,2,2,2,0,0,0,0,0,0,0
4801,2013,3,3,1,0,0,1,0,0,0,0
4801,2016,3,3,1,1,0,0,0,0,1,0
4803,2006,1,1,0,0,0,0,0,0,1,0
4807,2020,1,0,0,0,0,0,1,0,0,0
4810,2016,1,1,0,0,0,0,0,0,0,0
4810,2017,2,2,0,0,0,0,0,0,1,0
4810,2019,1,1,0,0,0,0,0,0,1,0
4821,2021,4,4,2,0,0,0,0,0,0,0
4823,2012,6,4,2,1,0,0,1,0,0,1
4823,2015,1,1,0,0,0,0,0,0,1,0
4823,2016,2,2,2,0,0,0,0,0,0,0
4823,2017,2,2,0,0,0,0,0,0,1,0
4823,2021,3,3,1,0,0,0,0,0,0,0
4823,2022,2,2,1,0,0,0,0,0,0,0
4825,2004,2,2,0,0,0,0,0,0,1,0
4825,2005,3,2,1,0,0,0,1,0,0,0
4825,2006,5,5,2,0,0,0,0,0,0,0
4825,2007,3,3,1,0,0,1,0,0,0,0
4825,2010,2,2,1,1,0,0,0,0,0,0
4834,2005,6,6,3,2,0,1,0,0,0,0
4834,2006,1,1,0,0,0,0,0,0,0,0
4834,2007,1,1,0,0,0,0,0,0,0,0
4853,2005,1,1,0,0,0,0,0,0,1,0
4853,2006,4,3,1,1,0,0,1,0,0,0
4858,2021,4,4,1,0,0,0,0,0,2,0
4858,2022,1,0,0,0,0,0,1,0,0,0
4869,2004,1,1,0,0,0,0,0,0,1,0
4869,2007,2,1,1,0,0,0,1,0,0,0
4871,2003,2,2,1,0,0,0,0,0,0,0
4884,2020,2,2,1,0,0,0,0,0,1,0
4884,2021,4,3,1,0,0,0,0,0,0,1
4884,2022,2,2,1,0,0,0,0,0,0,0
4884,2023,1,1,1,0,0,0,0,0,0,0
4886,2009,5,5,0,0,0,0,0,0,2,0
4886,2010,3,2,1,1,0,0,1,0,0,0
4886,2011,1,1,1,0,0,0,0,0,0,0
4886,2016,2,2,1,0,0,0,0,0,0,0
4888,2019,1,0,0,0,0,0,1,0,0,0
4896,2008,3,2,0,0,0,0,0,1,0,0
4896,2009,9,9,6,1,0,0,0,0,2,0
4896,2010,3,3,1,1,0,0,0,0,1,0
4896,2011,7,4,2,0,0,0,3,0,0,0
4896,2012,3,3,0,0,0,0,0,0,0,0
4896,2013,3,3,1,0,0,0,0,0,1,0
4896,2014,3,2,1,0,0,0,0,1,0,0
4896,2016,3,2,0,0,0,0,1,0,1,0
4903,2022,1,1,0,0,0,0,0,0,0,0
4910,2003,8,7,1,1,0,0,1,0,3,0
4910,2004,14,14,2,0,0,0,0,0,4,0
4910,2005,18,18,5,0,0,1,0,0,3,0
4910,2006,8,6,4,3,0,0,2,0,0,0
4910,2007,6,5,1,0,0,0,0,0,1,1
4910,2008,3,3,1,1,0,0,0,0,1,0
4910,2010,4,3,1,0,0,0,1,0,1,0
4916,2006,2,1,0,0,0,0,1,0,0,0
4916,2007,4,2,0,0,0,0,1,0,1,0
4920,2003,6,5,2,0,0,1,1,0,1,0
4920,2004,5,5,5,0,0,2,0,0,0,0
4920,2005,5,4,0,0,0,0,1,0,1,0
4920,2006,1,1,0,0,0,0,0,0,1,0
4939,2010,2,2,0,0,0,0,0,0,1,0
4939,2011,4,4,0,0,0,0,0,0,0,0
4946,2011,1,1,1,1,0,0,0,0,0,0
4946,2012,4,4,1,0,0,0,0,0,0,0
4946,2013,2,1,0,0,0,0,1,0,0,0
4946,2014,4,4,0,0,0,0,0,0,0,0
4946,2015,2,2,0,0,0,0,0,0,1,0
4946,2016,4,4,0,0,0,0,0,0,2,0
4946,2017,1,1,0,0,0,0,0,0,1,0
4946,2018,2,2,1,0,0,0,0,0,0,0
4946,2019,3,3,1,0,0,0,0,0,0,0
4953,2023,1,1,0,0,0,0,0,0,0,0
4954,2014,1,1,1,1,0,0,0,0,0,0
4967,2021,3,3,0,0,0,0,0,0,2,0
4994,2017,2,2,0,0,0,0,0,0,1,0
4994,2019,1,1,1,0,0,0,0,0,0,0
4999,2020,1,1,1,0,0,1,0,0,0,0
5016,2005,1,1,1,1,0,0,0,0,0,0
5016,2012,1,1,1,0,0,0,0,0,0,0
5016,2013,1,1,1,0,0,1,0,0,0,0
5016,2016,6,6,1,0,0,0,0,0,4,0
5016,2017,3,3,1,1,0,0,0,0,2,0
5016,2020,2,2,0,0,0,0,0,0,1,0
5016,2022,5,5,3,0,0,0,0,0,1,0
5016,2023,2,2,0,0,0,0,0,0,0,0
5019,2007,11,10,3,0,0,0,1,0,1,0
5023,2018,1,0,0,0,0,0,1,0,0,0
5023,2019,1,1,0,0,0,0,0,0,0,0
5032,2008,1,0,0,0,0,0,1,0,0,0
5042,2007,3,3,0,0,0,0,0,0,3,0
5045,2004,2,2,0,0,0,0,0,0,1,0
5053,2008,6,6,5,1,0,0,0,0,1,0
5053,2009,3,3,3,0,0,0,0,0,0,0
5053,2010,9,8,1,0,0,1,1,0,2,0
5053,2011,13,12,6,2,0,1,1,0,2,0
5053,2012,7,7,2,1,0,0,0,0,2,0
5053,2013,3,3,1,0,0,0,0,0,0,0
5053,2015,2,1,0,0,0,0,0,1,0,0
5053,2016,1,1,1,0,0,1,0,0,0,0
5063,2003,3,3,2,1,0,0,0,0,1,0
5069,2011,2,2,1,0,0,0,0,0,0,0
5075,2021,2,2,1,0,0,0,0,0,0,0
5079,2005,2,2,0,0,0,0,0,0,1,0
5079,2006,1,1,0,0,0,0,0,0,0,0
5089,2017,1,1,1,0,0,0,0,0,0,0
5089,2019,1,1,0,0,0,0,0,0,0,0
5093,2010,3,3,0,0,0,0,0,0,2,0
5093,2012,3,2,0,0,0,0,1,0,1,0
5093,2013,6,5,4,0,0,2,1,0,0,0
5093,2017,5,3,2,2,0,0,2,0,0,0
5093,2020,3,3,2,0,0,1,0,0,0,0
5094,2010,2,2,1,0,0,0,0,0,1,0
5094,2011,4,4,0,0,0,0,0,0,0,0
5094,2012,3,3,1,0,0,0,0,0,1,0
5094,2013,3,3,0,0,0,0,0,0,2,0
5094,2014,1,1,1,0,0,0,0,0,0,0
5094,2015,1,1,1,0,0,0,0,0,0,0
5094,2020,3,3,0,0,0,0,0,0,2,0
5094,2021,2,1,1,0,0,1,1,0,0,0
5107,2022,2,2,0,0,0,0,0,0,1,0
5107,2023,1,1,0,0,0,0,0,0,1,0
5108,2003,1,1,0,0,0,0,0,0,1,0
5109,2017,2,2,0,0,0,0,0,0,1,0
5127,2023,1,1,0,0,0,0,0,0,0,0
5137,2015,1,1,0,0,0,0,0,0,0,0
5144,2004,1,1,0,0,0,0,0,0,1,0
5144,2005,1,1,1,0,0,0,0,0,0,0
5167,2005,4,4,1,0,0,0,0,0,0,0
5167,2007,2,0,0,0,0,0,1,0,0,1
5168,2020,6,5,1,1,0,0,1,0,0,0
5168,2021,2,2,1,0,0,0,0,0,0,0
5177,2015,4,2,2,0,0,1,2,0,0,0
5196,2020,1,1,1,1,0,0,0,0,0,0
5203,2007,3,2,0,0,0,0,1,0,0,0
5203,2008,1,0,0,0,0,0,1,0,0,0
5203,2012,1,0,0,0,0,0,1,0,0,0
5209,2006,2,2,1,0,0,0,0,0,0,0
5234,2009,4,3,0,0,0,0,1,0,1,0
5234,2019,1,1,0,0,0,0,0,0,0,0
5240,2005,3,3,1,0,0,0,0,0,1,0
5243,2005,6,5,3,1,0,0,1,0,1,0
5243,2006,12,11,3,0,0,0,0,1,1,0
5243,2007,13,12,6,0,1,0,0,0,2,1
5243,2014,3,3,1,0,0,1,0,0,0,0
5246,2010,5,2,0,0,0,0,2,0,0,1
5246,2011,2,1,1,0,0,0,1,0,0,0
5252,2010,2,2,1,0,0,0,0,0,0,0
5254,2012,1,1,0,0,0,0,0,0,0,0
5254,2014,1,1,0,0,0,0,0,0,0,0
5254,2015,2,2,0,0,0,0,0,0,0,0
5258,2008,2,2,0,0,0,0,0,0,0,0
5258,2009,5,4,3,0,0,0,0,1,0,0
5258,2010,6,6,2,1,0,1,0,0,1,0
5258,2011,2,2,2,0,0,2,0,0,0,0
5258,2012,7,6,2,1,0,1,1,0,2,0
5258,2013,5,5,5,1,0,1,0,0,0,0
5258,2014,6,6,2,1,0,0,0,0,1,0
5258,2015,7,7,1,1,0,0,0,0,0,0
5258,2016,6,6,2,0,1,1,0,0,0,0
5258,2017,3,2,1,0,0,1,1,0,0,0
5260,2005,2,1,1,0,0,0,1,0,0,0
5260,2006,1,0,0,0,0,0,0,1,0,0
5270,2010,2,1,0,0,0,0,1,0,0,0
5270,2011,3,3,0,0,0,0,0,0,0,0
5270,2012,2,2,2,0,0,2,0,0,0,0
5270,2013,3,2,0,0,0,0,1,0,0,0
5293,2009,3,3,0,0,0,0,0,0,2,0
5293,2010,3,3,1,1,0,0,0,0,0,0
5293,2012,3,3,2,0,0,1,0,0,1,0
5293,2014,1,1,1,0,0,1,0,0,0,0
5293,2017,2,2,1,0,0,1,0,0,0,0
5312,2014,3,3,0,0,0,0,0,0,2,0
5312,2015,5,5,2,0,0,0,0,0,1,0
5312,2016,3,3,0,0,0,0,0,0,1,0
5326,2010,1,1,0,0,0,0,0,0,0,0
5327,2008,2,2,0,0,0,0,0,0,0,0
5329,2020,1,1,0,0,0,0,0,0,1,0
5329,2021,3,3,1,0,0,0,0,0,1,0
5329,2023,1,1,1,1,0,0,0,0,0,0
5339,2010,1,1,0,0,0,0,0,0,0,0
5339,2017,2,1,0,0,0,0,0,0,1,1
5353,2021,3,1,0,0,0,0,2,0,0,0
5359,2004,3,3,0,0,0,0,0,0,0,0
5359,2005,3,2,0,0,0,0,1,0,0,0
5361,2003,1,1,0,0,0,0,0,0,0,0
5361,2004,3,3,0,0,0,0,0,0,1,0
5361,2006,1,1,1,0,0,0,0,0,0,0
5361,2007,1,1,0,0,0,0,0,0,0,0
5361,2008,2,2,1,0,0,0,0,0,0,0
5364,2012,1,1,0,0,0,0,0,0,0,0
5364,2013,6,6,1,0,0,0,0,0,2,0
5364,2014,3,2,2,0,0,1,1,0,0,0
5364,2016,6,4,2,0,0,1,2,0,1,0
5384,2005,3,3,0,0,0,0,0,0,1,0
5384,2007,2,2,1,0,0,0,0,0,1,0
5384,2008,1,1,0,0,0,0,0,0,0,0
5384,2010,18,15,5,0,0,0,3,0,2,0
5384,2011,11,9,2,2,0,0,2,0,1,0
5384,2015,1,1,1,0,0,0,0,0,0,0
5384,2016,1,0,0,0,0,0,1,0,0,0
5389,2015,1,1,0,0,0,0,0,0,0,0
5392,2004,1,1,0,0,0,0,0,0,1,0
5402,2008,3,3,1,0,0,0,0,0,1,0
5403,2022,1,1,0,0,0,0,0,0,0,0
5416,2009,1,1,1,0,0,0,0,0,0,0
5416,2011,1,1,0,0,0,0,0,0,1,0
5420,2005,2,2,1,0,0,0,0,0,0,0
5420,2006,6,6,2,1,0,0,0,0,2,0
5420,2007,6,6,1,0,0,0,0,0,1,0
5420,2011,2,1,0,0,0,0,1,0,0,0
5438,2006,3,2,2,0,0,0,1,0,0,0
5438,2010,1,1,0,0,0,0,0,0,0,0
5438,2011,1,0,0,0,0,0,1,0,0,0
5438,2012,1,1,0,0,0,0,0,0,0,0
5440,2011,1,0,0,0,0,0,1,0,0,0
5440,2014,1,1,0,0,0,0,0,0,1,0
5440,2017,1,1,1,0,0,0,0,0,0,0
5440,2023,2,2,1,1,0,0,0,0,0,0
5451,2022,1,1,0,0,0,0,0,0,1,0
5454,2022,3,3,0,0,0,0,0,0,1,0
5454,2023,2,2,0,0,0,0,0,0,0,0
5471,2007,1,1,0,0,0,0,0,0,0,0
5471,2008,3,2,0,0,0,0,1,0,0,0
5471,2009,2,2,0,0,0,0,0,0,0,0
5472,2014,5,5,1,0,0,0,0,0,0,0
5479,2015,1,0,0,0,0,0,1,0,0,0
5479,2016,3,3,1,0,0,0,0,0,2,0
5480,2004,6,6,4,0,0,1,0,0,1,0
5480,2006,4,4,2,0,0,0,0,0,0,0
5480,2007,4,4,2,0,0,1,0,0,0,0
5480,2008,3,3,0,0,0,0,0,0,0,0
5480,2009,4,4,0,0,0,0,0,0,1,0
5487,2009,1,1,0,0,0,0,0,0,1,0
5487,2010,3,3,0,0,0,0,0,0,0,0
5487,2012,1,1,1,0,0,0,0,0,0,0
5487,2014,1,1,0,0,0,0,0,0,0,0
5487,2016,1,1,0,0,0,0,0,0,0,0
5497,2008,1,1,0,0,0,0,0,0,0,0
5499,2022,1,1,0,0,0,0,0,0,1,0
5505,2003,3,3,0,0,0,0,0,0,0,0
5505,2004,1,1,1,0,0,1,0,0,0,0
5507,2023,1,1,0,0,0,0,0,0,1,0
5515,2007,2,2,1,0,0,0,0,0,1,0
5515,2008,3,3,2,0,0,0,0,0,1,0
5515,2009,3,3,0,0,0,0,0,0,1,0
5515,2011,15,11,4,1,0,0,4,0,1,0
5515,2012,18,16,5,2,0,1,2,0,2,0
5515,2013,8,6,2,1,0,0,2,0,2,0
5515,2014,3,2,1,0,0,0,1,0,0,0
5515,2016,6,4,0,0,0,0,2,0,0,0
5527,2017,3,3,0,0,0,0,0,0,2,0
5527,2018,1,1,0,0,0,0,0,0,0,0
5549,2013,3,3,0,0,0,0,0,0,1,0
5549,2015,6,6,3,0,0,1,0,0,1,0
5560,2004,2,1,1,0,0,0,1,0,0,0
5560,2006,3,2,1,0,0,0,0,0,0,1
5562,2013,5,3,1,0,1,0,2,0,1,0
5563,2008,1,1,0,0,0,0,0,0,0,0
5563,2009,3,3,0,0,0,0,0,0,1,0
5563,2011,3,1,1,0,0,0,2,0,0,0
5563,2012,1,1,1,0,0,0,0,0,0,0
5563,2013,2,2,1,0,0,0,0,0,0,0
5563,2014,2,2,2,1,0,0,0,0,0,0
5563,2016,1,1,1,0,0,0,0,0,0,0
5588,2003,3,3,0,0,0,0,0,0,2,0
5588,2004,6,6,3,1,0,0,0,0,0,0
5588,2008,3,3,1,1,0,0,0,0,2,0
5596,2012,1,1,1,0,0,1,0,0,0,0
5649,2012,8,7,1,0,0,0,1,0,1,0
5649,2013,2,2,1,0,0,0,0,0,0,0
5649,2015,1,1,0,0,0,0,0,0,1,0
5649,2016,6,5,1,0,0,0,1,0,2,0
5649,2019,2,2,1,0,0,0,0,0,1,0
5649,2020,1,1,0,0,0,0,0,0,0,0
5665,2004,5,4,1,1,0,0,1,0,0,0
5699,2011,2,2,1,0,0,0,0,0,0,0
5701,2006,2,2,0,0,0,0,0,0,2,0
5701,2007,2,2,2,0,0,0,0,0,0,0
5707,2017,3,3,2,0,0,0,0,0,0,0
5707,2018,3,3,0,0,0,0,0,0,1,0
5707,2019,12,11,2,0,0,0,1,0,2,0
5707,2020,3,2,1,0,0,1,1,0,0,0
5707,2021,2,2,0,0,0,0,0,0,1,0
5707,2023,2,2,1,0,0,0,0,0,1,0
5709,2019,3,2,0,0,0,0,1,0,1,0
5719,2016,4,4,2,1,0,0,0,0,1,0
5732,2021,2,2,1,0,0,1,0,0,0,0
5732,2022,2,2,0,0,0,0,0,0,0,0
5735,2020,3,3,0,0,0,0,0,0,2,0
5735,2021,1,1,0,0,0,0,0,0,0,0
5735,2022,3,1,0,0,0,0,1,0,1,1
5735,2023,3,2,0,0,0,0,0,0,0,1
5739,2015,1,0,0,0,0,0,1,0,0,0
5739,2016,3,3,1,0,0,1,0,0,1,0
5743,2010,3,3,0,0,0,0,0,0,0,0
5743,2011,2,2,0,0,0,0,0,0,0,0
5752,2010,3,3,0,0,0,0,0,0,2,0
5757,2006,6,6,2,1,0,1,0,0,1,0
5757,2008,6,5,1,0,1,0,1,0,2,0
5757,2010,8,6,2,0,0,0,2,0,2,0
5757,2013,3,2,0,0,0,0,1,0,0,0
5757,2014,7,7,3,1,0,1,0,0,1,0
5757,2015,2,2,0,0,0,0,0,0,2,0
5773,2015,1,1,0,0,0,0,0,0,1,0
5773,2016,1,1,0,0,0,0,0,0,1,0
5777,2019,12,9,4,1,0,0,3,0,2,0
5777,2020,3,3,0,0,0,0,0,0,3,0
5777,2021,6,5,3,0,0,0,1,0,0,0
5777,2022,9,9,2,1,0,0,0,0,3,0
5782,2017,1,1,0,0,0,0,0,0,1,0
5782,2022,1,1,0,0,0,0,0,0,0,0
5786,2023,2,2,0,0,0,0,0,0,1,0
5788,2022,3,3,0,0,0,0,0,0,2,0
5789,2019,3,3,1,0,0,0,0,0,1,0
5789,2021,3,3,3,1,0,0,0,0,0,0
5789,2022,3,3,0,0,0,0,0,0,2,0
5797,2009,4,4,2,0,0,1,0,0,1,0
5797,2010,1,1,1,1,0,0,0,0,0,0
5797,2012,1,1,0,0,0,0,0,0,1,0
5797,2013,2,0,0,0,0,0,2,0,0,0
5815,2007,6,6,2,1,0,0,0,0,2,0
5819,2008,2,1,1,0,1,0,1,0,0,0
5819,2010,3,3,1,0,0,0,0,0,0,0
5819,2014,3,3,1,1,0,0,0,0,0,0
5819,2016,8,6,2,1,0,0,2,0,0,0
5819,2017,7,6,1,0,0,1,1,0,1,0
5819,2019,5,5,0,0,0,0,0,0,1,0
5819,2020,1,1,1,0,0,1,0,0,0,0
5820,2004,3,3,2,1,0,0,0,0,0,0
5820,2005,3,2,1,0,0,0,1,0,1,0
5820,2007,1,0,0,0,0,0,1,0,0,0
5835,2009,4,3,1,1,0,0,1,0,0,0
5845,2008,2,2,0,0,0,0,0,0,1,0
5845,2011,3,3,0,0,0,0,0,0,2,0
5845,2022,3,3,0,0,0,0,0,0,0,0
5851,2013,6,4,1,0,0,0,2,0,0,0
5851,2014,3,3,0,0,0,0,0,0,1,0
5851,2015,3,2,0,0,0,0,1,0,2,0
5851,2016,6,6,3,0,0,1,0,0,1,0
5851,2017,2,2,0,0,0,0,0,0,1,0
5851,2020,3,1,0,0,0,0,2,0,0,0
5851,2021,8,7,2,0,0,0,1,0,0,0
5851,2022,3,2,0,0,0,0,1,0,1,0
5869,2019,5,5,2,1,0,0,0,0,2,0
5869,2021,3,2,0,0,0,0,1,0,1,0
5869,2022,2,2,0,0,0,0,0,0,0,0
5877,2003,3,3,0,0,0,0,0,0,2,0
5877,2005,4,2,0,0,0,0,2,0,0,0
5877,2006,6,5,1,1,0,0,1,0,1,0
5877,2007,1,1,1,1,0,0,0,0,0,0
5881,2021,1,0,0,0,0,0,1,0,0,0
5882,2004,6,4,2,0,0,1,1,1,0,0
5882,2005,4,4,0,0,0,0,0,0,2,0
5882,2006,1,0,0,0,0,0,1,0,0,0
5883,2016,1,1,0,0,0,0,0,0,0,0
5883,2017,2,2,0,0,0,0,0,0,2,0
5883,2021,2,2,0,0,0,0,0,0,1,0
5883,2022,1,1,0,0,0,0,0,0,1,0
5896,2021,1,0,0,0,0,0,1,0,0,0
5896,2022,1,1,0,0,0,0,0,0,0,0
5900,2021,2,1,0,0,0,0,0,1,0,0
5901,2019,1,1,0,0,0,0,0,0,0,0
5902,2004,1,1,1,0,0,0,0,0,0,0
5905,2019,1,1,1,0,0,0,0,0,0,0
5905,2022,1,1,0,0,0,0,0,0,1,0
5907,2011,2,2,1,0,0,0,0,0,0,0
5909,2003,3,3,1,0,0,0,0,0,1,0
5911,2017,1,1,0,0,0,0,0,0,1,0
5917,2022,4,3,3,1,0,0,1,0,0,0
5917,2023,2,2,2,0,0,0,0,0,0,0
5924,2011,1,0,0,0,0,0,1,0,0,0
5924,2012,3,3,1,1,0,0,0,0,0,0
5929,2021,1,1,0,0,0,0,0,0,0,0
5944,2019,2,2,0,0,0,0,0,0,0,0
5953,2011,1,1,0,0,0,0,0,0,0,0
5953,2012,6,5,3,0,0,0,1,0,2,0
5953,2013,12,11,5,0,0,3,1,0,1,0
5953,2014,13,13,9,2,0,1,0,0,3,0
5953,2015,5,5,3,0,0,1,0,0,0,0
5953,2016,13,12,1,0,0,0,1,0,3,0
5953,2017,11,10,2,1,0,1,1,0,3,0
5953,2018,6,6,0,0,0,0,0,0,1,0
5953,2019,3,3,2,1,0,0,0,0,1,0
5953,2021,3,3,0,0,0,0,0,0,1,0
5953,2022,3,3,1,0,0,0,0,0,1,0
5966,2021,1,0,0,0,0,0,0,0,0,1
5973,2003,3,3,0,0,0,0,0,0,2,0
5974,2004,3,3,2,0,0,1,0,0,0,0
5981,2008,3,3,1,0,0,0,0,0,0,0
5990,2013,3,3,2,0,0,0,0,0,0,0
5990,2016,2,1,1,0,0,0,0,1,0,0
5996,2011,2,1,1,0,0,1,1,0,0,0
5996,2013,2,2,0,0,0,0,0,0,1,0
5996,2014,1,1,0,0,0,0,0,0,0,0
5999,2003,1,1,0,0,0,0,0,0,1,0
5999,2004,2,2,1,0,0,0,0,0,1,0
5999,2005,5,5,1,0,0,0,0,0,0,0
5999,2006,1,1,0,0,0,0,0,0,1,0
6010,2014,2,2,1,0,0,0,0,0,0,0
6012,2005,1,1,0,0,0,0,0,0,1,0
6017,2022,6,4,0,0,0,0,2,0,1,0
6019,2004,1,1,0,0,0,0,0,0,0,0
6019,2005,1,1,0,0,0,0,0,0,1,0
6023,2005,3,3,2,0,0,0,0,0,0,0
6035,2023,2,1,0,0,0,0,1,0,0,0
6053,2021,1,1,0,0,0,0,0,0,1,0
6053,2022,1,1,0,0,0,0,0,0,1,0
6071,2023,1,1,0,0,0,0,0,0,1,0
6091,2017,3,2,0,0,0,0,0,0,1,1
6091,2018,3,3,2,1,0,1,0,0,1,0
6091,2020,2,2,0,0,0,0,0,0,1,0
6098,2010,1,1,0,0,0,0,0,0,0,0
6099,2010,3,3,1,0,0,1,0,0,1,0
6099,2012,6,6,3,1,0,1,0,0,0,0
6099,2014,6,6,1,0,0,0,0,0,0,0
6108,2007,1,1,0,0,0,0,0,0,0,0
6118,2005,3,3,1,0,0,0,0,0,0,0
6118,2009,3,3,2,0,0,1,0,0,0,0
6118,2010,4,3,0,0,0,0,1,0,1,0
6118,2013,3,3,1,1,0,0,0,0,2,0
6118,2014,6,6,4,1,0,1,0,0,0,0
6127,2008,3,3,0,0,0,0,0,0,0,0
6127,2009,8,5,1,0,0,0,2,0,0,1
6127,2011,2,2,1,0,0,0,0,0,0,0
6127,2012,3,1,0,0,0,0,2,0,0,0
6143,2019,1,1,0,0,0,0,0,0,0,0
6152,2022,2,1,0,0,0,0,1,0,0,0
6155,2023,1,1,0,0,0,0,0,0,1,0
6157,2017,3,3,0,0,0,0,0,0,1,0
6181,2013,1,1,0,0,0,0,0,0,1,0
6190,2010,3,1,1,1,0,0,2,0,0,0
6229,2012,3,3,1,0,0,0,0,0,0,0
6233,2021,2,2,1,1,0,0,0,0,0,0
6233,2023,2,2,1,0,0,0,0,0,1,0
6240,2021,1,1,1,0,0,0,0,0,0,0
6248,2003,3,2,1,0,0,0,1,0,0,0
6248,2004,4,4,0,0,0,0,0,0,2,0
6248,2005,6,5,3,0,0,0,1,0,0,0
6248,2007,3,3,0,0,0,0,0,0,0,0
6271,2008,1,1,0,0,0,0,0,0,0,0
6271,2009,3,3,1,0,0,0,0,0,0,0
6271,2011,1,1,0,0,0,0,0,0,1,0
6271,2012,2,2,0,0,0,0,0,0,0,0
6271,2014,1,1,1,0,0,0,0,0,0,0
6279,2016,3,2,2,0,0,1,1,0,0,0
6279,2019,3,3,0,0,0,0,0,0,0,0
6280,2019,1,0,0,0,0,0,1,0,0,0
6280,2022,1,1,1,1,0,0,0,0,0,0
6282,2012,1,1,0,0,0,0,0,0,1,0
6292,2004,3,2,0,0,0,0,1,0,0,0
6292,2007,3,1,1,1,0,0,1,1,0,0
6292,2008,10,9,2,0,0,1,0,0,1,1
6292,2009,11,11,5,0,0,0,0,0,0,0
6292,2010,3,2,1,0,0,0,1,0,0,0
6293,2014,3,3,0,0,0,0,0,0,2,0
6293,2015,1,1,1,1,0,0,0,0,0,0
6316,2013,1,1,0,0,0,0,0,0,0,0
6316,2014,2,2,2,1,0,1,0,0,0,0
6329,2004,3,3,0,0,0,0,0,0,1,0
6332,2003,3,3,1,0,0,0,0,0,1,0
6332,2004,8,7,2,1,0,1,1,0,2,0
6356,2014,1,0,0,0,0,0,1,0,0,0
6356,2020,2,2,2,0,0,0,0,0,0,0
6356,2022,1,1,0,0,0,0,0,0,0,0
6369,2005,1,1,1,1,0,0,0,0,0,0
6378,2006,3,3,1,0,0,0,0,0,0,0
6378,2008,3,2,1,0,0,0,1,0,0,0
6378,2010,6,5,3,0,0,0,1,0,0,0
6378,2012,6,4,3,2,0,0,2,0,0,0
6378,2013,6,5,2,0,0,1,1,0,1,0
6378,2014,6,4,2,2,0,0,2,0,1,0
6378,2015,5,3,2,0,0,0,2,0,0,0
6378,2020,3,2,1,0,0,0,1,0,0,0
6380,2003,1,1,1,0,0,1,0,0,0,0
6380,2004,2,2,0,0,0,0,0,0,1,0
6386,2010,10,6,2,1,0,0,2,0,0,2
6386,2011,6,6,3,1,0,0,0,0,0,0
6386,2012,3,3,1,0,0,0,0,0,0,0
6386,2014,6,5,0,0,0,0,1,0,1,0
6386,2015,6,5,2,2,0,0,1,0,1,0
6391,2008,4,4,1,0,0,1,0,0,1,0
6391,2009,4,4,1,0,0,1,0,0,2,0
6391,2010,2,1,0,0,0,0,1,0,0,0
6399,2008,3,3,0,0,0,0,0,0,1,0
6412,2004,1,1,0,0,0,0,0,0,1,0
6412,2005,1,1,0,0,0,0,0,0,1,0
6412,2006,3,3,1,0,0,0,0,0,2,0
6413,2004,9,9,2,0,0,0,0,0,1,0
6413,2005,11,10,4,2,0,0,0,0,2,1
6414,2005,11,10,3,0,0,1,1,0,2,0
6414,2006,15,13,6,1,0,2,1,1,1,0
6414,2007,3,1,0,0,0,0,2,0,0,0
6417,2016,2,2,0,0,0,0,0,0,0,0
6423,2007,6,5,1,0,0,1,1,0,1,0
6423,2009,3,3,2,1,0,0,0,0,1,0
6423,2011,2,2,1,0,0,1,0,0,1,0
6425,2006,2,1,0,0,0,0,1,0,1,0
6429,2012,4,3,1,0,0,1,0,0,1,1
6430,2003,2,2,1,0,0,0,0,0,0,0
6431,2008,3,3,0,0,0,0,0,0,1,0
6440,2020,3,3,0,0,0,0,0,0,1,0
6444,2012,2,1,1,0,0,0,1,0,0,0
6444,2013,3,3,0,0,0,0,0,0,1,0
6444,2014,1,1,0,0,0,0,0,0,1,0
6447,2011,2,2,1,0,0,1,0,0,0,0
6450,2003,1,0,0,0,0,0,1,0,0,0
6450,2004,1,1,1,0,0,0,0,0,0,0
6450,2005,2,2,1,0,0,0,0,0,0,0
6450,2006,1,1,0,0,0,0,0,0,0,0
6450,2008,2,2,0,0,0,0,0,0,1,0
6450,2009,5,4,2,0,0,1,1,0,0,0
6450,2010,1,1,0,0,0,0,0,0,0,0
6461,2008,3,3,0,0,0,0,0,0,1,0
6461,2009,7,6,3,1,0,1,1,0,0,0
6461,2010,13,11,4,2,0,1,1,0,4,1
6461,2011,7,4,1,0,0,0,3,0,1,0
6461,2012,5,2,1,0,0,0,3,0,0,0
6461,2013,3,3,0,0,0,0,0,0,2,0
6461,2014,3,3,0,0,0,0,0,0,0,0
6461,2015,6,4,0,0,0,0,2,0,0,0
6461,2017,2,1,0,0,0,0,1,0,0,0
6468,2008,3,3,1,0,0,0,0,0,0,0
6468,2009,3,3,2,0,0,2,0,0,0,0
6468,2010,3,3,1,0,0,0,0,0,1,0
6468,2011,3,2,0,0,0,0,1,0,1,0
6481,2008,3,2,1,0,0,0,1,0,0,0
6482,2019,1,1,0,0,0,0,0,0,0,0
6482,2023,2,2,1,1,0,0,0,0,0,0
6484,2007,3,3,1,0,0,0,0,0,0,0
6492,2004,4,3,0,0,0,0,1,0,2,0
6492,2005,3,2,2,0,0,0,1,0,0,0
6493,2019,3,2,0,0,0,0,0,0,2,1
6493,2023,1,1,0,0,0,0,0,0,0,0
6495,2016,2,2,0,0,0,0,0,0,0,0
6502,2013,3,3,2,2,0,0,0,0,0,0
6502,2014,3,3,2,0,0,0,0,0,0,0
6511,2008,1,1,0,0,0,0,0,0,1,0
6518,2010,1,0,0,0,0,0,1,0,0,0
6518,2011,1,1,0,0,0,0,0,0,1,0
6521,2022,3,3,2,0,0,0,0,0,1,0
6522,2006,3,2,1,0,0,0,1,0,0,0
6522,2007,6,5,2,0,0,2,1,0,1,0
6522,2008,3,3,1,1,0,0,0,0,0,0
6522,2012,3,3,0,0,0,0,0,0,1,0
6522,2015,3,2,1,0,0,0,1,0,1,0
6554,2004,4,4,2,0,0,0,0,0,0,0
6554,2005,1,1,1,0,0,0,0,0,0,0
6554,2007,6,6,0,0,0,0,0,0,2,0
6554,2008,3,3,1,0,0,1,0,0,0,0
6554,2009,2,2,1,0,0,1,0,0,1,0
6558,2005,2,2,0,0,0,0,0,0,2,0
6569,2004,1,1,0,0,0,0,0,0,1,0
6569,2008,1,1,0,0,0,0,0,0,1,0
6571,2019,8,8,4,0,0,0,0,0,0,0
6571,2022,1,1,0,0,0,0,0,0,0,0
6571,2023,1,1,0,0,0,0,0,0,0,0
6585,2023,6,5,0,0,0,0,1,0,2,0
6588,2017,2,2,0,0,0,0,0,0,0,0
6588,2018,3,2,0,0,0,0,0,0,1,1
6588,2019,12,12,3,1,0,1,0,0,4,0
6588,2020,2,2,0,0,0,0,0,0,0,0
6588,2022,2,1,0,0,0,0,1,0,0,0
6588,2023,2,1,0,0,0,0,1,0,0,0
6595,2015,3,1,1,0,0,0,2,0,0,0
6595,2020,2,1,1,0,0,1,1,0,0,0
6595,2021,1,1,0,0,0,0,0,0,0,0
6601,2013,1,1,0,0,0,0,0,0,0,0
6601,2014,2,1,0,0,0,0,1,0,1,0
6601,2017,1,1,1,0,0,0,0,0,0,0
6612,2003,3,3,0,0,0,0,0,0,1,0
6612,2005,5,4,0,0,0,0,1,0,0,0
6612,2006,6,6,0,0,0,0,0,0,1,0
6612,2007,8,7,3,0,0,1,1,0,0,0
6612,2008,3,3,1,1,0,0,0,0,1,0
6612,2012,7,6,2,0,0,1,1,0,0,0
6617,2008,2,2,0,0,0,0,0,0,1,0
6617,2009,4,4,1,0,0,0,0,0,2,0
6617,2010,1,1,0,0,0,0,0,0,0,0
6617,2011,2,2,1,0,0,0,0,0,0,0
6617,2012,1,0,0,0,0,0,1,0,0,0
6624,2004,3,2,0,0,0,0,1,0,0,0
6624,2005,3,3,0,0,0,0,0,0,0,0
6624,2006,5,5,1,0,0,1,0,0,0,0
6624,2007,3,3,2,1,0,0,0,0,0,0
6634,2019,1,1,0,0,0,0,0,0,0,0
6640,2016,2,0,0,0,0,0,2,0,0,0
6645,2011,1,1,1,0,0,0,0,0,0,0
6646,2012,1,1,0,0,0,0,0,0,0,0
6646,2022,1,0,0,0,0,0,1,0,0,0
6672,2023,2,2,1,1,0,0,0,0,0,0
6676,2013,3,3,2,0,0,0,0,0,0,0
6676,2021,3,3,0,0,0,0,0,0,0,0
6676,2022,6,6,2,1,0,1,0,0,1,0
6676,2023,3,3,2,0,0,0,0,0,1,0
6678,2021,5,5,1,0,0,0,0,0,1,0
6678,2022,8,8,1,0,0,1,0,0,2,0
6678,2023,4,3,0,0,0,0,1,0,1,0
6682,2012,3,2,1,1,0,0,1,0,1,0
6682,2015,4,3,1,1,0,0,1,0,1,0
6682,2019,3,3,0,0,0,0,0,0,3,0
6682,2021,8,8,0,0,0,0,0,0,4,0
6682,2022,3,3,1,0,0,0,0,0,1,0
6682,2023,6,5,1,0,0,0,1,0,3,0
6685,2007,2,1,1,0,0,0,1,0,0,0
6685,2008,1,1,0,0,0,0,0,0,1,0
6685,2012,1,1,0,0,0,0,0,0,0,0
6688,2015,2,2,1,0,0,1,0,0,0,0
6697,2008,1,1,0,0,0,0,0,0,0,0
6697,2009,1,1,1,0,0,0,0,0,0,0
6697,2011,2,2,1,0,0,0,0,0,0,0
6735,2003,4,4,0,0,0,0,0,0,0,0
6735,2005,10,9,4,2,0,1,0,0,1,1
6735,2006,3,1,1,1,0,0,2,0,0,0
6735,2007,6,5,3,1,0,0,1,0,0,0
6735,2008,3,3,0,0,0,0,0,0,0,0
6748,2008,1,1,0,0,0,0,0,0,0,0
6748,2009,1,1,0,0,0,0,0,0,0,0
6749,2004,4,4,0,0,0,0,0,0,3,0
6749,2005,9,9,2,0,0,0,0,0,3,0
6749,2006,11,9,2,0,0,0,2,0,3,0
6749,2007,4,4,0,0,0,0,0,0,1,0
6749,2015,1,1,0,0,0,0,0,0,0,0
6749,2016,2,2,0,0,0,0,0,0,0,0
6749,2017,1,1,0,0,0,0,0,0,1,0
6751,2017,3,3,1,0,0,0,0,0,1,0
6751,2020,9,9,4,0,0,1,0,0,1,0
6751,2021,10,9,2,1,0,0,1,0,3,0
6751,2023,4,4,2,1,0,0,0,0,1,0
6757,2019,1,1,0,0,0,0,0,0,0,0
6768,2008,1,1,0,0,0,0,0,0,1,0
6768,2009,2,2,1,0,0,1,0,0,1,0
6773,2021,3,1,0,0,0,0,2,0,0,0
6777,2003,2,2,0,0,0,0,0,0,0,0
6778,2006,3,3,1,0,0,0,0,0,1,0
6778,2007,3,2,0,0,0,0,0,0,0,1
6778,2010,3,2,1,0,0,0,1,0,1,0
6778,2011,3,3,1,1,0,0,0,0,0,0
6778,2012,3,3,1,0,0,0,0,0,1,0
6778,2013,3,2,1,0,0,0,1,0,0,0
6778,2014,2,2,1,0,1,0,0,0,0,0
6782,2006,3,3,1,0,0,1,0,0,1,0
6782,2007,11,10,1,0,0,0,1,0,3,0
6785,2004,3,2,1,0,0,0,1,0,0,0
6785,2005,6,6,4,1,0,0,0,0,0,0
6785,2006,3,3,2,0,0,0,0,0,0,0
6785,2007,1,1,0,0,0,0,0,0,0,0
6810,2016,3,2,0,0,0,0,1,0,0,0
6810,2022,2,1,0,0,0,0,1,0,1,0
6810,2023,1,1,0,0,0,0,0,0,1,0
6812,2015,1,1,1,0,0,0,0,0,0,0
6812,2017,2,2,1,1,0,0,0,0,0,0
6820,2003,2,2,1,1,0,0,0,0,0,0
6826,2021,3,3,0,0,0,0,0,0,3,0
6826,2023,2,2,0,0,0,0,0,0,1,0
6827,2003,1,1,0,0,0,0,0,0,0,0
6830,2010,3,3,1,0,0,0,0,0,1,0
6830,2012,1,1,0,0,0,0,0,0,0,0
6830,2015,3,3,0,0,0,0,0,0,0,0
6830,2016,2,2,1,1,0,0,0,0,0,0
6849,2008,6,5,1,0,0,1,1,0,0,0
6849,2010,6,5,3,2,0,1,1,0,0,0
6849,2015,2,1,1,1,0,0,1,0,0,0
6857,2014,1,1,0,0,0,0,0,0,1,0
6867,2007,2,2,1,0,0,1,0,0,1,0
6867,2009,2,1,0,0,0,0,1,0,1,0
6867,2012,1,1,1,0,0,0,0,0,0,0
6876,2003,2,2,1,1,0,0,0,0,1,0
6876,2004,3,3,1,1,0,0,0,0,0,0
6876,2005,3,3,1,0,0,0,0,0,1,0
6876,2006,2,1,0,0,0,0,0,1,0,0
6876,2007,6,6,3,0,0,0,0,0,3,0
6876,2009,3,2,1,0,0,1,1,0,1,0
6886,2020,3,3,0,0,0,0,0,0,1,0
6886,2021,2,2,1,0,0,0,0,0,1,0
6895,2006,6,4,0,0,0,0,2,0,2,0
6895,2007,3,2,1,0,0,0,1,0,1,0
6895,2012,1,0,0,0,0,0,1,0,0,0
6902,2022,2,2,0,0,0,0,0,0,0,0
6902,2023,1,1,0,0,0,0,0,0,0,0
6907,2019,1,1,0,0,0,0,0,0,0,0
6907,2021,2,2,1,0,0,0,0,0,0,0
6913,2010,2,2,2,0,0,0,0,0,0,0
6914,2015,3,3,1,0,0,0,0,0,1,0
6915,2015,1,1,0,0,0,0,0,0,1,0
6915,2019,1,0,0,0,0,0,0,0,0,1
6923,2022,5,5,1,0,0,0,0,0,1,0
6936,2013,2,2,0,0,0,0,0,0,0,0
6961,2014,5,4,1,0,0,0,1,0,0,0
6966,2005,8,7,1,0,0,0,1,0,4,0
6966,2006,6,6,2,0,0,0,0,0,1,0
6966,2007,3,3,3,2,0,0,0,0,0,0
6982,2005,1,1,0,0,0,0,0,0,0,0
6988,2022,1,1,0,0,0,0,0,0,0,0
7000,2007,1,1,0,0,0,0,0,0,1,0
7000,2008,3,3,1,0,0,0,0,0,1,0
7000,2014,1,0,0,0,0,0,1,0,0,0
7003,2009,4,3,3,0,0,1,1,0,0,0
7003,2010,6,5,1,0,0,0,1,0,2,0
7003,2011,12,7,3,0,0,0,3,1,1,1
7003,2012,13,13,4,0,0,1,0,0,2,0
7003,2013,11,10,3,1,0,0,1,0,2,0
7005,2007,1,0,0,0,0,0,1,0,0,0
7005,2008,1,1,0,0,0,0,0,0,1,0
7010,2005,1,1,0,0,0,0,0,0,0,0
7016,2009,2,2,2,0,0,0,0,0,0,0
7016,2010,3,3,1,0,0,0,0,0,0,0
7039,2017,1,1,1,0,0,0,0,0,0,0
7039,2020,2,1,0,0,0,0,1,0,1,0
7039,2023,1,1,1,0,0,1,0,0,0,0
7041,2008,6,4,1,0,0,0,2,0,0,0
7041,2009,2,2,1,0,0,0,0,0,0,0
7041,2010,3,3,2,0,0,1,0,0,0,0
7041,2013,3,3,2,0,0,1,0,0,1,0
7051,2005,1,0,0,0,0,0,1,0,0,0
7052,2013,1,1,0,0,0,0,0,0,1,0
7052,2015,1,1,0,0,0,0,0,0,0,0
7055,2009,3,2,1,1,0,0,1,0,1,0
7055,2011,3,2,2,0,0,1,1,0,0,0
7055,2014,2,2,0,0,0,0,0,0,2,0
7058,2021,5,5,2,0,0,1,0,0,0,0
7058,2023,2,2,1,0,0,0,0,0,0,0
7059,2014,3,2,1,0,0,1,1,0,0,0
7061,2013,3,2,1,0,0,1,1,0,0,0
7061,2014,1,1,1,1,0,0,0,0,0,0
7061,2017,1,1,0,0,0,0,0,0,0,0
7086,2014,6,6,1,0,0,1,0,0,0,0
7086,2015,1,1,0,0,0,0,0,0,1,0
7086,2016,3,3,1,0,0,0,0,0,1,0
7086,2019,2,1,1,0,0,0,1,0,0,0
7086,2020,4,4,2,0,0,0,0,0,1,0
7092,2021,1,1,0,0,0,0,0,0,1,0
7092,2023,2,2,0,0,0,0,0,0,1,0
7101,2021,1,1,0,0,0,0,0,0,0,0
7110,2010,4,4,3,0,0,2,0,0,0,0
7110,2012,1,1,1,0,0,0,0,0,0,0
7110,2013,1,1,0,0,0,0,0,0,0,0
7111,2011,2,2,0,0,0,0,0,0,0,0
7111,2012,6,6,2,1,0,0,0,0,1,0
7111,2013,6,5,2,0,0,0,1,0,1,0
7111,2014,10,9,2,1,0,0,0,0,3,1
7111,2015,4,3,3,0,0,0,1,0,0,0
7111,2016,3,1,1,0,0,0,2,0,0,0
7123,2005,1,1,0,0,0,0,0,0,1,0
7123,2006,1,0,0,0,0,0,1,0,0,0
7123,2007,1,1,1,0,0,0,0,0,0,0
7126,2009,4,3,2,1,0,0,1,0,0,0
7126,2011,9,7,2,1,0,0,2,0,1,0
7126,2012,3,3,0,0,0,0,0,0,2,0
7126,2014,6,5,1,1,0,0,1,0,1,0
7137,2017,4,4,1,0,0,0,0,0,0,0
7137,2019,4,3,3,0,0,0,1,0,0,0
7137,2020,1,0,0,0,0,0,1,0,0,0
7147,2008,1,1,0,0,0,0,0,0,0,0
7147,2009,1,1,1,1,0,0,0,0,0,0
7151,2019,1,1,0,0,0,0,0,0,0,0
7153,2005,4,3,1,0,0,0,1,0,1,0
7153,2009,1,1,1,1,0,0,0,0,0,0
7154,2021,2,2,0,0,0,0,0,0,1,0
7154,2022,6,6,0,0,0,0,0,0,1,0
7154,2023,2,2,0,0,0,0,0,0,0,0
7163,2004,2,0,0,0,0,0,1,1,0,0
7173,2011,2,2,1,0,0,0,0,0,1,0
7176,2015,3,2,1,0,0,0,1,0,1,0
7176,2017,5,5,3,1,0,0,0,0,0,0
7176,2021,3,3,0,0,0,0,0,0,3,0
7207,2013,3,3,1,0,0,1,0,0,0,0
7211,2012,3,2,1,1,0,0,1,0,0,0
7211,2013,1,1,1,0,0,0,0,0,0,0
7211,2014,2,1,1,0,0,0,1,0,0,0
7220,2008,3,3,1,0,0,0,0,0,0,0
7220,2013,1,1,0,0,0,0,0,0,1,0
7220,2014,1,1,0,0,0,0,0,0,0,0
7220,2016,2,2,1,0,0,1,0,0,0,0
7239,2015,6,5,2,1,0,0,1,0,2,0
7239,2016,5,4,3,1,0,0,0,0,0,1
7239,2017,3,3,1,0,0,0,0,0,0,0
7239,2019,1,1,1,0,0,0,0,0,0,0
7239,2023,1,1,0,0,0,0,0,0,0,0
7250,2020,2,2,0,0,0,0,0,0,2,0
7250,2021,5,5,0,0,0,0,0,0,2,0
7250,2022,3,3,2,0,0,0,0,0,0,0
7250,2023,2,2,1,1,0,0,0,0,0,0
7265,2004,1,0,0,0,0,0,0,0,0,1
7301,2003,1,1,0,0,0,0,0,0,0,0
7301,2005,4,3,2,1,0,0,0,0,0,1
7301,2006,1,1,0,0,0,0,0,0,0,0
7306,2019,5,5,0,0,0,0,0,0,0,0
7306,2021,3,3,1,0,0,0,0,0,0,0
7308,2020,1,0,0,0,0,0,0,0,0,1
7310,2005,3,2,0,0,0,0,1,0,0,0
7310,2007,3,3,1,1,0,0,0,0,1,0
7310,2008,10,9,2,0,0,2,1,0,2,0
7310,2009,5,5,3,1,0,0,0,0,0,0
7313,2005,1,1,0,0,0,0,0,0,1,0
7313,2006,1,0,0,0,0,0,1,0,0,0
7313,2008,1,1,1,1,0,0,0,0,0,0
7318,2023,2,2,0,0,0,0,0,0,1,0
7321,2013,2,1,0,0,0,0,1,0,1,0
7321,2014,1,1,1,0,0,0,0,0,0,0
7322,2010,3,3,2,0,0,0,0,0,0,0
7322,2013,3,3,1,0,0,0,0,0,0,0
7322,2015,3,3,1,0,0,0,0,0,0,0
7324,2010,1,1,0,0,0,0,0,0,0,0
7327,2022,2,2,0,0,0,0,0,0,1,0
7332,2017,4,3,0,0,0,0,1,0,1,0
7345,2012,2,2,1,0,0,0,0,0,0,0
7345,2013,1,1,0,0,0,0,0,0,1,0
7345,2015,2,1,1,1,0,0,1,0,0,0
7345,2022,1,1,1,0,0,0,0,0,0,0
7354,2008,1,1,0,0,0,0,0,0,0,0
7368,2008,2,1,0,0,0,0,1,0,0,0
7368,2010,1,1,1,0,0,1,0,0,0,0
7368,2011,3,3,1,0,0,0,0,0,0,0
7368,2012,8,8,2,0,0,0,0,0,1,0
7368,2013,3,1,0,0,0,0,2,0,0,0
7379,2017,3,3,1,0,0,0,0,0,0,0
7379,2019,3,2,0,0,0,0,1,0,0,0
7386,2003,1,1,0,0,0,0,0,0,0,0
7388,2004,1,1,0,0,0,0,0,0,0,0
7397,2007,4,3,1,0,0,0,1,0,0,0
7397,2008,2,2,0,0,0,0,0,0,0,0
7397,2009,2,2,1,0,0,0,0,0,0,0
7408,2003,2,2,0,0,0,0,0,0,0,0
7408,2004,1,0,0,0,0,0,1,0,0,0
7408,2006,1,1,0,0,0,0,0,0,0,0
7408,2007,2,2,1,0,0,0,0,0,0,0
7414,2007,2,2,1,0,0,0,0,0,0,0
7422,2016,1,1,0,0,0,0,0,0,0,0
7422,2017,6,5,0,0,0,0,1,0,2,0
7428,2008,2,2,1,0,0,1,0,0,0,0
7436,2003,1,1,0,0,0,0,0,0,0,0
7436,2004,3,2,0,0,0,0,1,0,1,0
7437,2006,2,1,1,0,0,0,1,0,0,0
7442,2017,3,2,1,0,0,0,1,0,0,0
7442,2023,1,1,0,0,0,0,0,0,0,0
7447,2009,4,4,0,0,0,0,0,0,1,0
7447,2011,2,1,0,0,0,0,1,0,0,0
7447,2012,3,3,2,0,0,0,0,0,0,0
7456,2017,5,2,1,0,0,0,3,0,1,0
7456,2019,6,5,2,0,0,0,1,0,0,0
7459,2012,1,1,1,1,0,0,0,0,0,0
7459,2013,1,1,1,0,0,0,0,0,0,0
7459,2015,1,1,0,0,0,0,0,0,1,0
7459,2016,3,2,1,0,0,0,1,0,1,0
7459,2017,2,2,1,0,0,0,0,0,1,0
7459,2018,1,1,0,0,0,0,0,0,0,0
7460,2020,3,2,1,0,0,0,1,0,0,0
7460,2021,1,1,0,0,0,0,0,0,0,0
7461,2014,3,2,0,0,0,0,1,0,0,0
7484,2012,4,4,2,0,0,1,0,0,0,0
7491,2003,10,9,3,1,0,1,1,0,3,0
7491,2004,9,8,2,0,0,1,1,0,1,0
7491,2008,7,7,2,1,0,0,0,0,0,0
7491,2009,7,7,3,0,0,0,0,0,0,0
7491,2010,4,4,3,2,0,1,0,0,0,0
7491,2012,3,3,0,0,0,0,0,0,0,0
7497,2004,1,0,0,0,0,0,1,0,0,0
7497,2007,1,1,0,0,0,0,0,0,0,0
7499,2023,1,1,0,0,0,0,0,0,0,0
7510,2021,1,1,1,0,0,0,0,0,0,0
7513,2005,1,0,0,0,0,0,1,0,0,0
7515,2004,6,5,1,0,0,0,1,0,1,0
7516,2022,1,1,0,0,0,0,0,0,0,0
7521,2012,6,5,2,0,0,0,1,0,1,0
7521,2013,3,2,0,0,0,0,1,0,0,0
7521,2014,6,6,3,1,0,0,0,0,1,0
7521,2015,2,2,1,0,0,0,0,0,0,0
7521,2016,5,5,1,0,0,0,0,0,0,0
7521,2019,3,3,2,1,0,1,0,0,0,0
7522,2004,12,11,2,1,0,1,1,0,5,0
7522,2005,3,2,1,0,0,1,1,0,1,0
7522,2006,3,2,1,1,0,0,1,0,0,0
7524,2017,2,2,1,0,0,0,0,0,0,0
7524,2018,1,0,0,0,0,0,1,0,0,0
7524,2019,2,2,1,0,0,1,0,0,0,0
7532,2013,3,3,1,1,0,0,0,0,1,0
7532,2017,1,1,0,0,0,0,0,0,0,0
7532,2019,4,3,0,0,0,0,1,0,0,0
7532,2021,6,6,4,1,0,1,0,0,0,0
7541,2017,3,2,0,0,0,0,1,0,0,0
7547,2021,1,1,0,0,0,0,0,0,0,0
7565,2004,2,2,1,0,0,0,0,0,1,0
7565,2005,3,3,0,0,0,0,0,0,1,0
7565,2010,4,4,1,0,0,0,0,0,1,0
7877,2019,4,4,2,2,0,0,0,0,1,0
7877,2022,1,1,0,0,0,0,0,0,1,0
7881,2018,3,3,1,0,0,0,0,0,1,0
7881,2022,6,5,2,0,0,0,1,0,2,0
7881,2023,3,3,0,0,0,0,0,0,1,0
7887,2016,1,1,0,0,0,0,0,0,0,0
7887,2019,6,5,2,0,0,0,1,0,2,0
7887,2020,2,2,1,0,0,0,0,0,0,0
7895,2019,1,1,1,0,0,0,0,0,0,0
7895,2022,1,1,0,0,0,0,0,0,0,0
7895,2023,1,1,0,0,0,0,0,0,1,0
7905,2017,3,3,1,0,0,0,0,0,0,0
7926,2012,3,1,0,0,0,0,2,0,0,0
7926,2013,2,1,1,0,0,0,1,0,0,0
7941,2007,2,2,0,0,0,0,0,0,1,0
7941,2013,1,1,1,0,0,0,0,0,0,0
7941,2014,3,3,1,0,0,0,0,0,1,0
7945,2022,2,2,1,0,0,0,0,0,0,0
7970,2003,1,1,0,0,0,0,0,0,0,0
7970,2004,2,1,1,0,0,0,1,0,0,0
7976,2021,5,4,2,1,0,1,1,0,0,0
7976,2022,1,1,0,0,0,0,0,0,0,0
7976,2023,3,3,1,0,0,0,0,0,0,0
7984,2007,1,1,1,0,0,1,0,0,0,0
7987,2014,1,1,0,0,0,0,0,0,1,0
7987,2016,1,1,0,0,0,0,0,0,1,0
7996,2022,1,1,0,0,0,0,0,0,0,0
7999,2008,1,1,0,0,0,0,0,0,1,0
7999,2010,3,3,1,0,0,1,0,0,0,0
7999,2011,2,1,0,0,0,0,1,0,1,0
7999,2013,3,3,3,0,0,1,0,0,0,0
7999,2017,1,1,1,0,0,0,0,0,0,0
8000,2013,1,1,0,0,0,0,0,0,0,0
8010,2004,3,3,0,0,0,0,0,0,0,0
8010,2005,8,8,3,0,0,1,0,0,1,0
8010,2006,3,2,1,1,0,0,1,0,0,0
8010,2007,4,4,3,1,0,1,0,0,1,0
8015,2012,3,3,1,1,0,0,0,0,1,0
8015,2017,3,3,1,0,0,0,0,0,0,0
8015,2019,6,6,0,0,0,0,0,0,4,0
8016,2011,2,2,2,0,0,1,0,0,0,0
8016,2012,1,1,0,0,0,0,0,0,0,0
8020,2009,2,2,1,1,0,0,0,0,0,0
8020,2011,6,6,1,0,0,1,0,0,1,0
8020,2012,1,1,0,0,0,0,0,0,0,0
8021,2015,1,1,0,0,0,0,0,0,0,0
8023,2008,2,1,0,0,0,0,1,0,0,0
8023,2010,2,2,2,0,0,2,0,0,0,0
8036,2003,2,2,0,0,0,0,0,0,2,0
8036,2006,2,1,0,0,0,0,1,0,1,0
8036,2007,4,3,0,0,0,0,1,0,0,0
8042,2009,1,1,0,0,0,0,0,0,0,0
8042,2015,2,2,1,0,0,0,0,0,0,0
8051,2006,9,7,1,0,0,0,0,1,0,1
8051,2007,12,11,3,1,0,0,1,0,4,0
8052,2006,1,1,1,1,0,0,0,0,0,0
8052,2007,7,7,3,0,0,0,0,0,1,0
8052,2010,1,1,0,0,0,0,0,0,0,0
8052,2016,5,4,2,0,0,1,1,0,0,0
8052,2017,1,1,0,0,0,0,0,0,0,0
8058,2008,3,3,2,2,0,0,0,0,1,0
8058,2014,2,2,1,0,0,0,0,0,1,0
8060,2006,5,4,2,1,0,0,1,0,1,0
8078,2022,1,1,0,0,0,0,0,0,0,0
8092,2005,1,0,0,0,0,0,1,0,0,0
8101,2023,1,1,0,0,0,0,0,0,1,0
8118,2016,1,1,1,1,0,0,0,0,0,0
8133,2017,1,1,0,0,0,0,0,0,0,0
8133,2019,3,3,1,1,0,0,0,0,0,0
8137,2006,3,3,2,1,0,0,0,0,0,0
8138,2007,1,1,0,0,0,0,0,0,0,0
8142,2003,7,7,3,0,0,0,0,0,1,0
8142,2004,12,9,2,0,0,0,2,1,3,0
8142,2005,12,11,3,0,0,1,1,0,5,0
8142,2006,11,11,1,1,0,0,0,0,3,0
8142,2007,5,4,2,1,0,0,1,0,1,0
8163,2023,1,1,1,0,0,0,0,0,0,0
8176,2009,2,2,1,0,0,0,0,0,0,0
8176,2016,1,1,1,0,0,0,0,0,0,0
8184,2003,1,1,0,0,0,0,0,0,0,0
8184,2008,4,3,0,0,0,0,1,0,3,0
8184,2009,4,4,0,0,0,0,0,0,1,0
8184,2011,2,2,1,0,0,0,0,0,0,0
8184,2012,1,1,1,0,0,0,0,0,0,0
8202,2004,1,1,1,0,0,0,0,0,0,0
8205,2023,2,2,0,0,0,0,0,0,1,0
8220,2005,1,1,0,0,0,0,0,0,1,0
8223,2015,4,4,1,0,0,0,0,0,0,0
8228,2021,1,1,0,0,0,0,0,0,0,0
8231,2023,2,2,1,1,0,0,0,0,1,0
8236,2022,1,1,0,0,0,0,0,0,1,0
8238,2007,1,1,1,0,0,1,0,0,0,0
8238,2010,2,1,1,0,0,0,0,1,0,0
8238,2013,1,1,0,0,0,0,0,0,0,0
8238,2015,3,2,0,0,0,0,1,0,0,0
8250,2019,1,1,0,0,0,0,0,0,0,0
8250,2020,1,1,1,0,0,0,0,0,0,0
8261,2007,1,1,1,0,0,0,0,0,0,0
8268,2016,2,1,1,0,0,0,1,0,0,0
8268,2017,1,1,0,0,0,0,0,0,0,0
8268,2019,1,1,0,0,0,0,0,0,0,0
8291,2008,1,1,1,1,0,0,0,0,0,0
8291,2009,7,7,2,0,0,1,0,0,1,0
8291,2010,3,2,1,0,0,1,1,0,0,0
8291,2011,4,3,1,0,0,0,1,0,0,0
8291,2012,3,3,0,0,0,0,0,0,2,0
8294,2010,3,3,1,1,0,0,0,0,1,0
8294,2016,5,5,1,0,0,0,0,0,1,0
8298,2010,2,1,1,0,0,0,1,0,0,0
8307,2007,2,2,0,0,0,0,0,0,0,0
8307,2008,3,3,2,1,0,0,0,0,0,0
8307,2010,1,1,0,0,0,0,0,0,0,0
8326,2012,3,3,1,0,0,1,0,0,1,0
8326,2014,8,7,5,0,0,1,1,0,0,0
8326,2015,1,1,0,0,0,0,0,0,0,0
8330,2016,3,3,0,0,0,0,0,0,1,0
8330,2019,6,5,1,0,0,0,0,1,1,0
8330,2023,2,2,0,0,0,0,0,0,1,0
8334,2014,9,9,2,0,0,0,0,0,5,0
8334,2015,5,2,1,1,0,0,3,0,1,0
8334,2016,12,9,2,0,0,0,2,0,1,1
8334,2017,3,3,0,0,0,0,0,0,1,0
8340,2003,2,2,1,0,0,0,0,0,1,0
8340,2005,3,3,1,0,0,0,0,0,0,0
8345,2012,1,1,1,0,0,0,0,0,0,0
8354,2013,6,6,1,1,0,0,0,0,2,0
8354,2014,6,6,2,1,0,0,0,0,1,0
8354,2017,1,1,0,0,0,0,0,0,1,0
8372,2010,1,1,0,0,0,0,0,0,0,0
8372,2012,7,5,2,0,0,1,2,0,1,0
8372,2013,7,6,1,0,0,0,0,1,1,0
8372,2017,4,3,2,1,0,0,0,1,0,0
8372,2018,6,5,1,0,0,0,1,0,1,0
8372,2019,7,7,1,1,0,0,0,0,0,0
8374,2005,2,2,0,0,0,0,0,0,1,0
8374,2006,3,2,1,0,0,1,0,0,0,1
8386,2009,1,1,0,0,0,0,0,0,0,0
8387,2008,5,5,1,1,0,0,0,0,3,0
8390,2004,2,2,1,0,0,1,0,0,1,0
8394,2014,3,3,1,0,0,0,0,0,1,0
8394,2016,3,3,1,0,0,0,0,0,1,0
8404,2014,6,6,2,0,0,1,0,0,1,0
8404,2016,2,1,0,0,0,0,1,0,1,0
8405,2021,3,3,0,0,0,0,0,0,2,0
8405,2022,3,3,1,0,0,0,0,0,0,0
8405,2023,5,4,3,0,0,1,1,0,0,0
8409,2004,4,2,0,0,0,0,2,0,0,0
8409,2005,1,0,0,0,0,0,1,0,0,0
8423,2006,4,4,4,0,0,1,0,0,0,0
8424,2008,2,1,1,0,0,0,1,0,0,0
8424,2009,1,1,0,0,0,0,0,0,0,0
8424,2010,1,1,0,0,0,0,0,0,0,0
8424,2011,1,1,1,0,0,0,0,0,0,0
8424,2012,2,1,0,0,0,0,1,0,1,0
8424,2013,2,2,0,0,0,0,0,0,0,0
8424,2016,3,3,1,0,0,1,0,0,0,0
8424,2017,2,1,0,0,0,0,1,0,0,0
8424,2018,1,1,0,0,0,0,0,0,1,0
8430,2014,3,2,1,0,0,0,1,0,0,0
8430,2015,3,2,1,1,0,0,1,0,1,0
8430,2016,2,2,0,0,0,0,0,0,1,0
8430,2018,1,0,0,0,0,0,1,0,0,0
8430,2019,8,7,1,0,0,1,0,1,2,0
8430,2022,2,1,0,0,0,0,1,0,1,0
8438,2011,10,9,5,1,0,0,1,0,1,0
8438,2012,2,1,0,0,0,0,1,0,1,0
8438,2014,1,1,0,0,0,0,0,0,0,0
8446,2018,1,1,1,0,0,0,0,0,0,0
8449,2003,5,4,2,2,0,0,0,1,1,0
8449,2004,11,10,4,1,0,0,1,0,1,0
8449,2005,14,13,7,4,1,1,1,0,0,0
8449,2006,3,3,1,0,0,0,0,0,0,0
8449,2009,6,5,2,0,0,0,0,1,0,0
8451,2008,2,2,1,0,0,0,0,0,0,0
8451,2009,3,3,0,0,0,0,0,0,1,0
8451,2010,3,3,0,0,0,0,0,0,0,0
8453,2011,2,2,1,0,0,1,0,0,0,0
8453,2012,1,1,0,0,0,0,0,0,0,0
8456,2021,6,5,1,0,0,0,0,1,3,0
8461,2008,1,1,1,0,0,0,0,0,0,0
8461,2010,1,0,0,0,0,0,1,0,0,0
8463,2023,1,1,0,0,0,0,0,0,1,0
8474,2006,2,1,0,0,0,0,1,0,0,0
8474,2008,1,1,0,0,0,0,0,0,0,0
8474,2009,1,1,0,0,0,0,0,0,0,0
8474,2010,1,1,0,0,0,0,0,0,0,0
8474,2012,1,1,1,1,0,0,0,0,0,0
8474,2013,2,2,1,0,0,0,0,0,0,0
8485,2011,1,0,0,0,0,0,1,0,0,0
8485,2014,1,1,0,0,0,0,0,0,0,0
8500,2008,4,3,1,1,0,0,1,0,0,0
8500,2009,2,0,0,0,0,0,2,0,0,0
8510,2012,3,3,3,2,0,0,0,0,0,0
8529,2004,1,0,0,0,0,0,1,0,0,0
8531,2016,1,1,1,0,0,0,0,0,0,0
8550,2013,1,1,0,0,0,0,0,0,1,0
8555,2023,2,1,0,0,0,0,1,0,1,0
8556,2003,8,8,3,1,0,2,0,0,3,0
8556,2004,14,13,2,1,0,0,1,0,4,0
8556,2009,3,3,0,0,0,0,0,0,1,0
8557,2005,3,3,0,0,0,0,0,0,1,0
8557,2006,9,8,4,0,0,0,1,0,0,0
8560,2005,1,1,0,0,0,0,0,0,0,0
8560,2006,1,1,0,0,0,0,0,0,0,0
8560,2007,1,1,1,0,0,0,0,0,0,0
8574,2010,3,3,0,0,0,0,0,0,0,0
8576,2005,2,2,2,0,0,1,0,0,0,0
8579,2016,1,1,1,1,0,0,0,0,0,0
8579,2017,1,1,0,0,0,0,0,0,1,0
8579,2019,1,1,0,0,0,0,0,0,0,0
8581,2004,3,3,1,0,0,0,0,0,1,0
8581,2006,6,6,1,1,0,0,0,0,1,0
8581,2007,6,6,1,0,0,0,0,0,2,0
8581,2012,4,4,1,0,0,0,0,0,0,0
8584,2013,1,0,0,0,0,0,1,0,0,0
8584,2014,2,2,0,0,0,0,0,0,0,0
8584,2015,2,1,0,0,0,0,1,0,1,0
8584,2016,2,2,1,0,0,0,0,0,0,0
8584,2017,1,1,0,0,0,0,0,0,0,0
8584,2018,2,1,0,0,0,0,1,0,0,0
8584,2019,1,1,0,0,0,0,0,0,0,0
8589,2004,1,1,1,0,0,0,0,0,0,0
8589,2005,1,1,0,0,0,0,0,0,0,0
8592,2012,1,0,0,0,0,0,1,0,0,0
8592,2014,1,1,0,0,0,0,0,0,0,0
8592,2019,3,2,0,0,0,0,1,0,2,0
8592,2021,2,2,0,0,0,0,0,0,0,0
8595,2022,3,3,0,0,0,0,0,0,0,0
8597,2008,1,1,1,0,0,1,0,0,0,0
8603,2021,2,2,1,0,0,0,0,0,0,0
8603,2023,3,3,1,0,0,0,0,0,0,0
8609,2016,3,2,1,0,0,0,1,0,1,0
8619,2007,2,2,0,0,0,0,0,0,1,0
8634,2022,2,2,0,0,0,0,0,0,2,0
8635,2005,1,1,0,0,0,0,0,0,0,0
8638,2003,5,5,3,1,0,1,0,0,2,0
8638,2004,5,4,1,0,0,1,1,0,2,0
8638,2005,8,7,0,0,0,0,1,0,3,0
8638,2008,5,5,1,0,0,1,0,0,0,0
8638,2012,2,1,0,0,0,0,1,0,0,0
8643,2019,1,1,0,0,0,0,0,0,1,0
8643,2022,3,3,0,0,0,0,0,0,1,0
8643,2023,4,4,0,0,0,0,0,0,0,0
8661,2023,1,1,0,0,0,0,0,0,0,0
8672,2009,4,4,1,0,0,0,0,0,0,0
8672,2010,4,4,1,1,0,0,0,0,0,0
8679,2019,1,1,0,0,0,0,0,0,0,0
8682,2006,1,1,0,0,0,0,0,0,0,0
8682,2008,2,2,0,0,0,0,0,0,1,0
8682,2009,2,2,1,0,0,0,0,0,0,0
8682,2010,2,2,1,1,0,0,0,0,0,0
8682,2011,1,1,0,0,0,0,0,0,1,0
8699,2008,1,0,0,0,0,0,1,0,0,0
8700,2017,1,0,0,0,0,0,1,0,0,0
8700,2019,2,2,0,0,0,0,0,0,1,0
8700,2021,3,0,0,0,0,0,1,1,0,1
8704,2005,3,2,1,1,0,0,1,0,1,0
8704,2007,2,2,1,0,0,0,0,0,1,0
8704,2008,1,1,1,0,0,0,0,0,0,0
8710,2012,3,3,2,0,0,0,0,0,0,0
8710,2013,3,2,1,0,0,0,1,0,0,0
8718,2010,1,1,0,0,0,0,0,0,1,0
8718,2011,1,0,0,0,0,0,1,0,0,0
8719,2006,5,4,2,1,0,0,1,0,1,0
8719,2007,1,0,0,0,0,0,1,0,0,0
8724,2004,1,0,0,0,0,0,1,0,0,0
8725,2010,1,1,0,0,0,0,0,0,0,0
8751,2021,5,5,2,0,0,0,0,0,1,0
8751,2023,2,2,2,0,0,0,0,0,0,0
8765,2004,9,8,3,1,0,1,1,0,1,0
8765,2005,12,10,2,0,0,0,1,1,2,0
8765,2006,5,5,1,0,0,0,0,0,3,0
8765,2007,3,2,2,1,0,1,1,0,0,0
8773,2021,1,1,0,0,0,0,0,0,1,0
8774,2011,1,1,0,0,0,0,0,0,0,0
8774,2013,3,2,1,0,0,0,1,0,1,0
8776,2011,3,3,0,0,0,0,0,0,0,0
8778,2009,3,3,1,0,0,0,0,0,0,0
8778,2011,3,3,1,0,0,0,0,0,1,0
8784,2009,19,18,5,0,0,0,0,1,2,0
8784,2010,10,9,2,1,0,1,1,0,2,0
8784,2011,10,9,4,1,0,1,1,0,0,0
8784,2012,3,3,2,1,0,0,0,0,0,0
8789,2013,3,2,1,0,0,0,1,0,0,0
8789,2014,3,3,2,2,0,0,0,0,1,0
8789,2016,4,3,0,0,0,0,1,0,1,0
8789,2017,3,2,1,0,0,0,1,0,1,0
8791,2022,1,1,0,0,0,0,0,0,0,0
8791,2023,1,1,1,0,0,0,0,0,0,0
8792,2019,3,1,1,0,0,0,2,0,0,0
8799,2014,6,5,1,0,0,1,1,0,1,0
8799,2017,4,3,1,0,0,1,1,0,1,0
8799,2019,3,3,0,0,0,0,0,0,0,0
8807,2004,3,3,0,0,0,0,0,0,1,0
8807,2005,6,6,1,0,0,0,0,0,2,0
8807,2006,3,2,1,0,0,0,1,0,1,0
8807,2007,6,6,0,0,0,0,0,0,4,0
8807,2009,6,5,0,0,0,0,1,0,2,0
8807,2011,5,4,2,0,0,0,1,0,1,0
8807,2012,20,19,9,1,0,3,1,0,3,0
8807,2014,6,5,4,1,0,0,0,0,1,1
8815,2023,1,1,0,0,0,0,0,0,0,0
8823,2006,6,4,1,0,0,0,2,0,0,0
8823,2007,3,2,1,0,0,0,1,0,0,0
8823,2011,3,2,0,0,0,0,1,0,0,0
8823,2013,15,12,3,0,0,0,3,0,1,0
8823,2015,8,8,1,0,0,0,0,0,3,0
8823,2017,1,1,1,0,0,0,0,0,0,0
8838,2019,2,2,0,0,0,0,0,0,1,0
8852,2006,1,1,1,0,0,1,0,0,0,0
8852,2007,2,2,1,1,0,0,0,0,0,0
8852,2008,1,1,0,0,0,0,0,0,0,0
8852,2009,4,4,0,0,0,0,0,0,1,0
8852,2010,2,2,0,0,0,0,0,0,0,0
8852,2011,1,1,0,0,0,0,0,0,1,0
8859,2005,6,6,2,0,0,2,0,0,0,0
8859,2007,3,3,1,0,0,0,0,0,0,0
8859,2008,2,2,1,0,0,1,0,0,0,0
8859,2009,3,1,0,0,0,0,1,1,1,0
8868,2023,3,3,1,0,0,0,0,0,0,0
8871,2021,2,2,0,0,0,0,0,0,1,0
8873,2005,1,1,0,0,0,0,0,0,1,0
8873,2007,1,1,1,0,0,1,0,0,0,0
8873,2008,4,4,1,0,0,0,0,0,1,0
8873,2011,1,1,0,0,0,0,0,0,1,0
8873,2014,1,1,0,0,0,0,0,0,0,0
8880,2019,1,1,1,0,0,0,0,0,0,0
8883,2007,1,1,1,0,0,0,0,0,0,0
8883,2008,2,2,1,0,0,1,0,0,1,0
8886,2012,1,1,0,0,0,0,0,0,0,0
8887,2017,3,2,0,0,0,0,1,0,0,0
8892,2009,3,3,2,1,0,0,0,0,0,0
8892,2010,1,0,0,0,0,0,1,0,0,0
8892,2011,2,2,1,0,0,0,0,0,0,0
8892,2012,3,3,1,0,0,1,0,0,1,0
8892,2013,1,1,0,0,0,0,0,0,0,0
8892,2014,1,1,0,0,0,0,0,0,0,0
8906,2013,1,1,0,0,0,0,0,0,0,0
8914,2012,1,0,0,0,0,0,1,0,0,0
8914,2013,3,1,0,0,0,0,2,0,0,0
8914,2015,3,2,2,0,0,0,1,0,0,0
8914,2016,3,3,1,1,0,0,0,0,1,0
8914,2019,4,2,1,1,0,0,2,0,0,0
8914,2021,4,3,0,0,0,0,1,0,1,0
8914,2022,3,3,2,0,0,0,0,0,0,0
8914,2023,5,3,3,1,0,0,1,0,0,1
8918,2003,3,3,1,0,0,0,0,0,0,0
8918,2004,6,5,0,0,0,0,1,0,0,0
8919,2003,2,1,1,0,0,1,1,0,0,0
8919,2004,3,2,0,0,0,0,1,0,1,0
8919,2005,3,3,1,0,0,1,0,0,0,0
8919,2006,3,3,1,0,0,0,0,0,1,0
8919,2007,12,8,2,0,0,0,3,0,3,1
8922,2008,3,3,0,0,0,0,0,0,2,0
8922,2009,1,0,0,0,0,0,1,0,0,0
8922,2010,2,2,1,0,0,0,0,0,0,0
8922,2011,3,3,0,0,0,0,0,0,1,0
8940,2008,10,10,4,1,0,1,0,0,3,0
8940,2009,3,2,0,0,0,0,1,0,1,0
8940,2010,1,0,0,0,0,0,1,0,0,0
8940,2011,4,4,0,0,0,0,0,0,3,0
8940,2012,4,3,1,0,0,0,1,0,0,0
8940,2013,4,2,1,0,0,0,2,0,1,0
8940,2014,1,1,1,0,0,0,0,0,0,0
8940,2015,4,3,0,0,0,0,1,0,0,0
8956,2011,5,3,0,0,0,0,2,0,1,0
8956,2012,3,3,0,0,0,0,0,0,2,0
8956,2013,2,2,1,0,0,0,0,0,0,0
8965,2021,2,2,1,0,0,0,0,0,0,0
8982,2017,2,2,0,0,0,0,0,0,0,0
8982,2021,1,1,0,0,0,0,0,0,0,0
8988,2013,1,1,0,0,0,0,0,0,0,0
8988,2014,5,5,3,0,0,0,0,0,2,0
8988,2015,6,6,2,1,0,0,0,0,0,0
8988,2017,2,1,0,0,0,0,1,0,0,0
8990,2005,3,3,1,0,0,1,0,0,0,0
8990,2006,6,6,2,1,0,1,0,0,2,0
8990,2008,3,3,1,0,0,0,0,0,1,0
8990,2013,3,2,1,1,0,0,1,0,0,0
8995,2013,1,0,0,0,0,0,1,0,0,0
9005,2012,2,2,0,0,0,0,0,0,0,0
9005,2013,1,0,0,0,0,0,1,0,0,0
9009,2005,1,1,0,0,0,0,0,0,1,0
9015,2023,2,2,0,0,0,0,0,0,0,0
9018,2022,1,1,0,0,0,0,0,0,1,0
9058,2022,5,4,3,0,0,0,1,0,1,0
9062,2014,1,0,0,0,0,0,1,0,0,0
9066,2015,1,1,1,0,0,0,0,0,0,0
9069,2009,3,3,0,0,0,0,0,0,0,0
9069,2010,6,6,3,2,0,0,0,0,0,0
9069,2011,5,5,2,1,0,1,0,0,0,0
9071,2011,6,4,1,0,0,0,1,1,1,0
9071,2016,6,6,5,2,0,0,0,0,1,0
9071,2019,12,12,4,1,0,0,0,0,2,0
9071,2020,3,3,0,0,0,0,0,0,1,0
9071,2021,6,5,1,0,0,1,0,1,2,0
9073,2014,3,3,1,0,0,0,0,0,1,0
9073,2015,1,1,0,0,0,0,0,0,0,0
9092,2019,2,2,0,0,0,0,0,0,1,0
9092,2021,3,3,0,0,0,0,0,0,1,0
9103,2019,4,3,1,0,0,0,1,0,0,0
9103,2020,3,2,0,0,0,0,1,0,2,0
9103,2021,9,9,1,0,0,0,0,0,2,0
9103,2022,5,5,1,0,0,0,0,0,0,0
9109,2016,1,1,1,0,0,0,0,0,0,0
9109,2019,11,11,1,0,0,1,0,0,5,0
9109,2020,4,3,1,0,0,0,1,0,0,0
9109,2021,2,1,1,0,0,1,1,0,0,0
9111,2023,1,1,1,1,0,0,0,0,0,0
9123,2004,1,1,0,0,0,0,0,0,0,0
9129,2016,5,3,1,0,0,0,2,0,0,0
9129,2017,3,2,1,0,0,0,1,0,0,0
9133,2021,1,1,1,0,0,0,0,0,0,0
9134,2021,2,2,1,0,0,0,0,0,0,0
9136,2003,3,2,1,0,0,0,1,0,1,0
9136,2006,1,1,0,0,0,0,0,0,0,0
9136,2008,2,2,0,0,0,0,0,0,0,0
9136,2009,5,5,2,0,0,0,0,0,0,0
9141,2020,1,1,1,0,0,0,0,0,0,0
9141,2022,1,1,1,0,0,0,0,0,0,0
9143,2016,3,3,0,0,0,0,0,0,1,0
9143,2017,4,4,2,0,0,0,0,0,1,0
9143,2019,6,6,0,0,0,0,0,0,3,0
9144,2014,1,1,0,0,0,0,0,0,1,0
9165,2016,1,1,1,0,0,0,0,0,0,0
9167,2017,1,1,1,0,0,1,0,0,0,0
9184,2019,1,1,1,0,0,0,0,0,0,0
9196,2013,3,3,0,0,0,0,0,0,1,0
9196,2014,3,2,1,1,0,0,1,0,0,0
9196,2016,3,3,2,0,0,1,0,0,0,0
9196,2017,2,2,0,0,0,0,0,0,1,0
9196,2019,1,1,0,0,0,0,0,0,0,0
9196,2022,1,1,1,0,0,0,0,0,0,0
9196,2023,1,1,1,0,0,0,0,0,0,0
9197,2014,1,1,1,0,0,1,0,0,0,0
9198,2008,1,1,0,0,0,0,0,0,0,0
9198,2009,3,3,0,0,0,0,0,0,1,0
9198,2010,6,5,0,0,0,0,1,0,4,0
9198,2011,3,2,1,0,0,0,1,0,0,0
9198,2012,3,3,0,0,0,0,0,0,1,0
9198,2014,4,3,0,0,0,0,0,0,1,1
9198,2019,1,1,0,0,0,0,0,0,1,0
9214,2004,7,7,3,0,0,0,0,0,3,0
9217,2008,2,1,0,0,0,0,1,0,1,0
9221,2017,2,2,1,0,0,0,0,0,1,0
9221,2022,1,0,0,0,0,0,1,0,0,0
9221,2023,1,1,0,0,0,0,0,0,0,0
9235,2019,1,1,0,0,0,0,0,0,0,0
9235,2022,1,1,0,0,0,0,0,0,0,0
9235,2023,1,0,0,0,0,0,1,0,0,0
9242,2008,5,4,1,1,0,0,0,0,1,1
9242,2009,6,4,1,0,0,0,2,0,1,0
9242,2013,1,1,0,0,0,0,0,0,0,0
9245,2016,1,0,0,0,0,0,1,0,0,0
9250,2011,2,2,1,1,0,0,0,0,0,0
9250,2014,1,1,0,0,0,0,0,0,1,0
9250,2015,3,3,0,0,0,0,0,0,2,0
9251,2008,2,1,1,1,0,0,1,0,0,0
9251,2010,3,2,0,0,0,0,1,0,1,0
9255,2005,1,0,0,0,0,0,0,0,0,1
9255,2006,2,2,1,1,0,0,0,0,0,0
9255,2007,2,2,0,0,0,0,0,0,0,0
9255,2010,2,2,0,0,0,0,0,0,1,0
9255,2014,2,2,0,0,0,0,0,0,0,0
9255,2015,2,2,2,0,0,1,0,0,0,0
9257,2021,6,6,3,0,0,0,0,0,1,0
9257,2022,6,6,4,0,0,0,0,0,0,0
9257,2023,3,2,2,2,0,0,0,1,0,0
9258,2003,1,1,0,0,0,0,0,0,0,0
9269,2012,6,5,1,1,0,0,1,0,2,0
9269,2013,7,6,2,0,0,1,1,0,1,0
9269,2014,9,9,4,0,0,0,0,0,0,0
9269,2015,15,13,5,3,0,0,1,1,1,0
9269,2016,13,10,3,1,0,1,3,0,4,0
9269,2017,3,2,0,0,0,0,1,0,0,0
9269,2020,1,1,0,0,0,0,0,0,0,0
9269,2021,1,1,1,0,0,0,0,0,0,0
9269,2022,5,4,0,0,0,0,1,0,2,0
9308,2019,2,2,1,0,0,0,0,0,0,0
9314,2020,1,1,0,0,0,0,0,0,1,0
9325,2008,1,1,1,0,0,1,0,0,0,0
9325,2009,1,1,0,0,0,0,0,0,0,0
9326,2015,3,3,2,0,0,0,0,0,1,0
9326,2016,1,1,1,0,0,1,0,0,0,0
9326,2017,5,4,1,1,0,0,1,0,1,0
9330,2003,5,4,1,0,0,0,1,0,0,0
9330,2004,1,0,0,0,0,0,1,0,0,0
9330,2005,7,5,1,1,0,0,2,0,1,0
9330,2008,1,1,1,0,0,0,0,0,0,0
9330,2011,1,0,0,0,0,0,1,0,0,0
9334,2016,1,1,1,0,0,0,0,0,0,0
9334,2017,7,7,1,0,0,0,0,0,1,0
9341,2018,1,1,0,0,0,0,0,0,0,0
9342,2017,1,1,0,0,0,0,0,0,1,0
9342,2019,1,1,0,0,0,0,0,0,1,0
9342,2022,2,2,1,0,0,0,0,0,0,0
9347,2006,1,1,0,0,0,0,0,0,0,0
9347,2008,2,1,1,1,0,0,1,0,0,0
9347,2010,1,1,0,0,0,0,0,0,1,0
9353,2023,1,1,0,0,0,0,0,0,1,0
9354,2013,1,1,0,0,0,0,0,0,0,0
9354,2016,1,1,0,0,0,0,0,0,0,0
9356,2014,2,2,2,1,0,0,0,0,0,0
9359,2019,2,2,0,0,0,0,0,0,0,0
9369,2023,1,1,1,0,0,0,0,0,0,0
9374,2016,4,4,2,0,0,0,0,0,0,0
9379,2004,3,2,1,0,0,0,1,0,1,0
9379,2007,1,0,0,0,0,0,1,0,0,0
9396,2005,2,2,0,0,0,0,0,0,0,0
9396,2008,2,2,0,0,0,0,0,0,0,0
9406,2004,2,2,0,0,0,0,0,0,1,0
9406,2005,3,2,1,0,0,1,1,0,1,0
9406,2006,4,3,1,0,0,0,1,0,0,0
9406,2007,2,2,0,0,0,0,0,0,1,0
9406,2009,1,1,1,0,0,0,0,0,0,0
9406,2010,4,3,0,0,0,0,1,0,1,0
9406,2011,2,2,0,0,0,0,0,0,0,0
9413,2006,1,1,0,0,0,0,0,0,0,0
9413,2009,1,1,0,0,0,0,0,0,0,0
9413,2010,1,1,0,0,0,0,0,0,0,0
9413,2011,1,1,0,0,0,0,0,0,0,0
9417,2006,3,2,0,0,0,0,1,0,0,0
9420,2017,3,3,1,1,0,0,0,0,2,0
9420,2021,3,3,0,0,0,0,0,0,1,0
9425,2020,1,1,1,0,0,0,0,0,0,0
9425,2023,2,2,0,0,0,0,0,0,0,0
9437,2003,3,2,0,0,0,0,1,0,2,0
9437,2004,6,6,2,1,0,0,0,0,0,0
9437,2007,2,2,1,0,0,0,0,0,0,0
9442,2005,3,2,1,1,0,0,0,0,0,1
9442,2007,4,3,1,0,0,0,1,0,0,0
9445,2013,1,1,0,0,0,0,0,0,0,0
9445,2014,1,1,0,0,0,0,0,0,1,0
9449,2011,2,2,0,0,0,0,0,0,2,0
9449,2012,2,2,1,0,0,0,0,0,1,0
9449,2013,2,1,0,0,0,0,1,0,0,0
9449,2014,1,0,0,0,0,0,1,0,0,0
9449,2016,1,1,0,0,0,0,0,0,1,0
9462,2022,1,1,0,0,0,0,0,0,0,0
9468,2003,2,2,0,0,0,0,0,0,0,0
9468,2004,3,3,1,0,0,0,0,0,0,0
9489,2004,3,2,0,0,0,0,1,0,1,0
9490,2004,4,4,1,1,0,0,0,0,0,0
9490,2005,3,3,2,0,0,0,0,0,0,0
9490,2006,4,4,1,1,0,0,0,0,0,0
9496,2005,2,2,0,0,0,0,0,0,0,0
9496,2006,1,0,0,0,0,0,1,0,0,0
9513,2012,2,2,0,0,0,0,0,0,1,0
9513,2013,1,1,0,0,0,0,0,0,0,0
9523,2005,1,1,0,0,0,0,0,0,0,0
9523,2007,1,1,0,0,0,0,0,0,1,0
9523,2008,1,1,1,1,0,0,0,0,0,0
9524,2007,3,2,0,0,0,0,1,0,0,0
9524,2009,3,3,0,0,0,0,0,0,1,0
9526,2020,1,1,0,0,0,0,0,0,1,0
9526,2021,1,1,1,1,0,0,0,0,0,0
9528,2008,1,1,0,0,0,0,0,0,0,0
9529,2022,1,1,0,0,0,0,0,0,0,0
9532,2023,1,1,0,0,0,0,0,0,0,0
9535,2007,2,1,0,0,0,0,1,0,0,0
9535,2011,6,6,1,0,0,0,0,0,1,0
9535,2016,1,1,1,0,0,0,0,0,0,0
9546,2008,3,3,2,0,0,0,0,0,0,0
9550,2011,1,0,0,0,0,0,1,0,0,0
9554,2003,3,3,2,0,0,0,0,0,0,0
9559,2006,1,1,0,0,0,0,0,0,0,0
9559,2011,2,2,0,0,0,0,0,0,0,0
9576,2009,6,5,2,0,0,0,1,0,1,0
9576,2015,2,2,1,0,0,0,0,0,0,0
9576,2017,3,3,0,0,0,0,0,0,1,0
9578,2010,1,0,0,0,0,0,1,0,0,0
9581,2012,4,4,1,0,0,0,0,0,0,0
9581,2013,4,4,1,1,0,0,0,0,2,0
9581,2014,3,3,1,0,0,0,0,0,2,0
9581,2021,2,2,2,0,0,1,0,0,0,0
9593,2009,3,3,1,0,0,1,0,0,0,0
9594,2019,3,2,1,0,0,0,1,0,0,0
9594,2021,1,1,0,0,0,0,0,0,0,0
9594,2022,1,1,0,0,0,0,0,0,0,0
9594,2023,1,1,0,0,0,0,0,0,0,0
9603,2004,3,3,1,1,0,0,0,0,0,0
9605,2014,4,4,1,0,0,0,0,0,0,0
9620,2007,1,1,1,0,0,0,0,0,0,0
9620,2008,3,3,1,0,0,0,0,0,0,0
9623,2005,1,0,0,0,0,0,1,0,0,0
9629,2020,1,0,0,0,0,0,0,1,0,0
9629,2021,3,2,0,0,0,0,0,1,1,0
9634,2004,1,1,0,0,0,0,0,0,0,0
9634,2007,1,1,1,0,0,0,0,0,0,0
9652,2017,1,1,0,0,0,0,0,0,0,0
9652,2018,4,4,2,1,0,0,0,0,1,0
9652,2019,2,2,0,0,0,0,0,0,1,0
9659,2008,1,1,0,0,0,0,0,0,0,0
9659,2009,1,1,0,0,0,0,0,0,0,0
9659,2010,1,1,0,0,0,0,0,0,0,0
9659,2011,1,1,0,0,0,0,0,0,0,0
9659,2013,2,2,2,0,0,2,0,0,0,0
9664,2006,4,4,1,0,0,0,0,0,0,0
9664,2007,3,3,0,0,0,0,0,0,1,0
9672,2003,3,3,1,1,0,0,0,0,1,0
9688,2010,2,2,1,1,0,0,0,0,0,0
9688,2011,1,0,0,0,0,0,1,0,0,0
9688,2012,2,2,0,0,0,0,0,0,0,0
9688,2013,1,1,0,0,0,0,0,0,1,0
9688,2014,1,1,0,0,0,0,0,0,0,0
9688,2015,1,0,0,0,0,0,1,0,0,0
9688,2017,2,2,0,0,0,0,0,0,0,0
9688,2021,1,1,1,0,0,0,0,0,0,0
9698,2003,1,0,0,0,0,0,0,0,0,0
9699,2003,2,2,0,0,0,0,0,0,0,0
9707,2004,3,3,0,0,0,0,0,0,2,0
9715,2004,1,1,1,0,0,0,0,0,0,0
9741,2019,1,1,0,0,0,0,0,0,0,0
9741,2021,6,4,1,1,0,0,2,0,0,0
9761,2010,2,2,0,0,0,0,0,0,0,0
9761,2011,1,1,0,0,0,0,0,0,0,0
9761,2012,2,2,0,0,0,0,0,0,0,0
9761,2013,1,1,0,0,0,0,0,0,1,0
9761,2017,1,1,0,0,0,0,0,0,0,0
9762,2015,3,3,1,0,0,0,0,0,2,0
9762,2016,3,2,0,0,0,0,1,0,1,0
9762,2017,3,2,2,0,0,1,1,0,0,0
9762,2019,6,5,4,1,0,1,1,0,1,0
9762,2021,8,7,0,0,0,0,0,0,5,1
9762,2022,6,6,2,0,0,0,0,0,1,0
9762,2023,2,2,0,0,0,0,0,0,1,0
9768,2021,1,1,1,0,0,0,0,0,0,0
9774,2016,3,2,2,0,0,0,1,0,0,0
9774,2017,2,1,0,0,0,0,1,0,1,0
9774,2018,3,3,1,0,0,0,0,0,1,0
9774,2019,5,5,0,0,0,0,0,0,2,0
9774,2021,2,2,0,0,0,0,0,0,1,0
9780,2004,2,2,1,0,0,0,0,0,0,0
9780,2006,1,0,0,0,0,0,1,0,0,0
9781,2005,1,1,0,0,0,0,0,0,0,0
9781,2010,1,1,1,0,0,0,0,0,0,0
9782,2014,1,1,0,0,0,0,0,0,0,0
9782,2015,2,2,1,1,0,0,0,0,1,0
9782,2016,1,1,0,0,0,0,0,0,0,0
9783,2010,1,1,1,0,0,0,0,0,0,0
9786,2023,2,2,1,0,0,0,0,0,0,0
9788,2010,1,1,0,0,0,0,0,0,1,0
9794,2021,1,1,1,0,0,0,0,0,0,0
9810,2005,3,2,1,0,0,0,0,1,1,0
9812,2017,1,1,1,0,0,0,0,0,0,0
9813,2019,2,2,0,0,0,0,0,0,1,0
9813,2020,1,1,1,0,0,0,0,0,0,0
9822,2005,3,1,0,0,0,0,2,0,0,0
9822,2006,4,3,1,0,0,0,1,0,0,0
9822,2007,3,3,0,0,0,0,0,0,0,0
9822,2009,3,2,1,0,0,1,1,0,1,0
9825,2023,1,1,0,0,0,0,0,0,0,0
9827,2016,1,1,0,0,0,0,0,0,1,0
9830,2009,1,0,0,0,0,0,1,0,0,0
9830,2012,2,2,2,1,0,0,0,0,0,0
9830,2013,5,4,0,0,0,0,1,0,3,0
9835,2012,3,3,0,0,0,0,0,0,1,0
9835,2013,2,2,0,0,0,0,0,0,1,0
9835,2014,2,2,0,0,0,0,0,0,2,0
9840,2004,3,3,0,0,0,0,0,0,0,0
9840,2005,3,2,0,0,0,0,1,0,1,0
9844,2016,2,2,2,0,0,1,0,0,0,0
9844,2019,2,2,1,0,0,0,0,0,1,0
9844,2020,1,1,1,0,0,0,0,0,0,0
9844,2021,2,2,1,0,0,0,0,0,0,0
9844,2023,1,1,1,0,0,0,0,0,0,0
9845,2023,1,1,0,0,0,0,0,0,1,0
9876,2021,3,3,1,0,0,0,0,0,2,0
9876,2022,1,1,0,0,0,0,0,0,1,0
9885,2016,1,1,1,0,0,0,0,0,0,0
9885,2018,2,2,2,2,0,0,0,0,0,0
9887,2007,2,0,0,0,0,0,2,0,0,0
9893,2009,7,5,3,0,0,0,2,0,0,0
9893,2010,6,6,2,1,0,0,0,0,1,0
9893,2011,2,2,0,0,0,0,0,0,0,0
9893,2012,3,3,0,0,0,0,0,0,0,0
9902,2014,1,1,1,0,0,1,0,0,0,0
9902,2019,3,3,1,0,0,0,0,0,1,0
9902,2020,1,1,1,0,0,1,0,0,0,0
9906,2018,1,1,0,0,0,0,0,0,1,0
9927,2009,1,1,0,0,0,0,0,0,0,0
9930,2007,3,3,2,1,0,0,0,0,0,0
9954,2015,1,1,0,0,0,0,0,0,1,0
9963,2016,1,1,1,0,0,0,0,0,0,0
9966,2012,1,1,1,0,0,0,0,0,0,0
9966,2014,1,1,1,0,0,0,0,0,0,0
9966,2016,1,1,0,0,0,0,0,0,0,0
9968,2010,2,2,1,0,0,0,0,0,1,0
9968,2011,2,1,0,0,0,0,1,0,1,0
9968,2014,3,3,0,0,0,0,0,0,1,0
9978,2014,1,0,0,0,0,0,1,0,0,0
9984,2008,4,3,0,0,0,0,1,0,0,0
9984,2009,3,3,1,1,0,0,0,0,0,0
9984,2010,3,3,0,0,0,0,0,0,0,0
9995,2015,1,1,0,0,0,0,0,0,1,0
10002,2003,2,2,2,0,0,1,0,0,0,0
10002,2004,3,1,0,0,0,0,2,0,0,0
10002,2005,1,0,0,0,0,0,1,0,0,0
10014,2022,1,1,0,0,0,0,0,0,0,0
10014,2023,1,1,1,1,0,0,0,0,0,0
10026,2008,5,5,2,1,0,0,0,0,0,0
10026,2009,1,1,1,1,0,0,0,0,0,0
10026,2011,2,1,1,0,0,1,1,0,0,0
10029,2004,2,0,0,0,0,0,1,1,0,0
10029,2005,4,4,1,0,0,0,0,0,1,0
10033,2017,1,1,0,0,0,0,0,0,1,0
10035,2011,1,1,0,0,0,0,0,0,0,0
10040,2012,1,1,0,0,0,0,0,0,0,0
10040,2015,2,2,1,1,0,0,0,0,0,0
10050,2006,1,1,0,0,0,0,0,0,1,0
10050,2008,1,1,0,0,0,0,0,0,1,0
10054,2022,9,9,1,0,0,0,0,0,5,0
10064,2014,2,2,1,0,0,0,0,0,1,0
10064,2017,2,2,0,0,0,0,0,0,1,0
10064,2021,3,2,0,0,0,0,1,0,0,0
10065,2007,1,1,0,0,0,0,0,0,0,0
10066,2010,3,2,1,1,0,0,1,0,0,0
10066,2011,1,1,0,0,0,0,0,0,0,0
10066,2014,1,0,0,0,0,0,1,0,0,0
10066,2016,1,1,0,0,0,0,0,0,0,0
10068,2003,1,0,0,0,0,0,1,0,0,0
10068,2007,2,2,2,0,0,0,0,0,0,0
10069,2008,3,3,3,0,0,1,0,0,0,0
10069,2009,6,5,2,0,0,0,1,0,2,0
10069,2010,6,5,2,1,0,1,1,0,1,0
10069,2011,7,3,2,0,0,0,2,0,0,2
10069,2012,11,10,1,1,0,0,1,0,1,0
10069,2013,3,3,0,0,0,0,0,0,0,0
10069,2015,3,3,0,0,0,0,0,0,0,0
10069,2016,6,5,0,0,0,0,1,0,0,0
10069,2017,3,3,1,0,0,0,0,0,1,0
10079,2008,2,2,0,0,0,0,0,0,0,0
10081,2020,1,1,1,0,0,0,0,0,0,0
10097,2007,1,1,1,1,0,0,0,0,0,0
10097,2008,1,1,1,0,0,0,0,0,0,0
10097,2010,1,1,1,0,0,1,0,0,0,0
10101,2013,4,4,1,0,0,1,0,0,3,0
10101,2014,9,9,4,1,0,0,0,0,3,0
10101,2015,15,13,4,0,0,1,2,0,4,0
10101,2016,6,6,1,0,0,0,0,0,0,0
10101,2017,1,1,0,0,0,0,0,0,0,0
10103,2012,1,1,0,0,0,0,0,0,0,0
10103,2015,2,2,1,0,0,0,0,0,0,0
10103,2016,1,1,0,0,0,0,0,0,0,0
10111,2010,1,1,0,0,0,0,0,0,1,0
10111,2011,3,3,0,0,0,0,0,0,2,0
10111,2012,10,7,1,0,0,0,3,0,0,0
10111,2013,13,10,5,0,0,2,3,0,1,0
10111,2014,9,9,0,0,0,0,0,0,7,0
10111,2015,6,3,2,0,0,0,3,0,1,0
10111,2016,14,13,6,1,0,2,1,0,4,0
10111,2017,7,7,1,0,0,0,0,0,2,0
10111,2019,3,2,1,1,0,0,1,0,0,0
10111,2023,4,4,1,0,0,0,0,0,1,0
10118,2015,15,13,2,1,0,0,2,0,4,0
10122,2019,3,3,2,0,0,1,0,0,0,0
10127,2015,3,3,2,1,0,0,0,0,0,0
10136,2019,3,2,2,0,0,0,1,0,0,0
10138,2014,1,1,0,0,0,0,0,0,0,0
10138,2015,2,1,0,0,0,0,1,0,0,0
10138,2016,6,6,0,0,0,0,0,0,3,0
10138,2017,3,3,0,0,0,0,0,0,0,0
10138,2018,3,3,0,0,0,0,0,0,1,0
10138,2019,5,3,2,0,0,0,1,1,1,0
10138,2022,3,2,0,0,0,0,1,0,0,0
10142,2006,2,2,2,1,0,0,0,0,0,0
10146,2004,1,1,0,0,0,0,0,0,1,0
10146,2005,2,2,0,0,0,0,0,0,1,0
10146,2006,3,2,1,0,0,0,0,1,0,0
10156,2007,1,1,0,0,0,0,0,0,0,0
10156,2008,3,3,1,1,0,0,0,0,1,0
10156,2012,8,7,2,0,0,0,0,1,0,0
10180,2021,1,1,0,0,0,0,0,0,1,0
10180,2023,4,4,0,0,0,0,0,0,2,0
10182,2021,3,2,0,0,0,0,1,0,2,0
10182,2022,3,3,1,0,0,0,0,0,2,0
10182,2023,2,2,1,0,0,0,0,0,1,0
10208,2021,2,2,0,0,0,0,0,0,0,0
10208,2022,1,1,0,0,0,0,0,0,1,0
10209,2005,2,2,1,0,0,0,0,0,1,0
10209,2008,9,9,3,0,0,1,0,0,1,0
10209,2009,1,0,0,0,0,0,1,0,0,0
10209,2012,6,5,0,0,0,0,1,0,3,0
10209,2013,6,5,1,0,0,0,1,0,0,0
10209,2015,3,1,1,0,0,0,2,0,0,0
10209,2016,9,8,2,1,0,0,1,0,1,0
10209,2017,3,3,1,0,0,0,0,0,2,0
10209,2021,5,5,3,0,0,0,0,0,1,0
10210,2018,1,1,0,0,0,0,0,0,1,0
10213,2023,1,1,0,0,0,0,0,0,1,0
10214,2012,3,3,1,0,0,0,0,0,1,0
10214,2013,3,2,0,0,0,0,1,0,0,0
10214,2014,5,4,0,0,0,0,1,0,2,0
10214,2015,6,4,2,0,0,1,2,0,0,0
10214,2016,9,9,2,1,0,1,0,0,0,0
10214,2017,6,6,4,0,0,0,0,0,1,0
10214,2018,1,1,0,0,0,0,0,0,0,0
10214,2019,4,4,3,1,0,0,0,0,0,0
10214,2021,2,1,0,0,0,0,1,0,0,0
10215,2005,1,1,0,0,0,0,0,0,0,0
10217,2007,3,3,1,0,0,0,0,0,2,0
10219,2017,1,1,0,0,0,0,0,0,0,0
10227,2010,5,5,1,0,0,1,0,0,1,0
10227,2011,4,4,1,0,0,1,0,0,3,0
10228,2021,1,1,0,0,0,0,0,0,0,0
10229,2005,3,3,1,0,0,0,0,0,1,0
10229,2006,3,3,1,0,0,0,0,0,1,0
10234,2008,4,4,2,0,0,1,0,0,1,0
10244,2023,2,2,0,0,0,0,0,0,0,0
10249,2008,6,5,2,1,0,0,1,0,2,0
10249,2009,8,5,1,0,0,0,3,0,2,0
10249,2010,2,2,1,1,0,0,0,0,0,0
10249,2011,3,3,1,0,0,0,0,0,0,0
10249,2013,3,2,1,0,0,0,1,0,0,0
10249,2014,3,2,1,1,0,0,0,0,0,1
10259,2021,2,2,1,0,0,0,0,0,0,0
10259,2022,1,1,0,0,0,0,0,0,0,0
10264,2021,1,1,0,0,0,0,0,0,1,0
10264,2023,1,1,0,0,0,0,0,0,0,0
10265,2015,1,1,0,0,0,0,0,0,1,0
10288,2008,2,1,1,0,0,0,1,0,0,0
10288,2016,4,4,0,0,0,0,0,0,3,0
10288,2019,1,1,0,0,0,0,0,0,1,0
10292,2012,1,1,0,0,0,0,0,0,0,0
10292,2013,2,2,1,0,0,1,0,0,0,0
10309,2022,2,1,0,0,0,0,0,1,1,0
10309,2023,2,2,0,0,0,0,0,0,1,0
10313,2004,3,3,0,0,0,0,0,0,2,0
10313,2006,7,7,2,0,0,0,0,0,3,0
10317,2005,2,1,1,1,0,0,1,0,0,0
10332,2004,3,3,0,0,0,0,0,0,0,0
10332,2006,1,1,1,0,0,0,0,0,0,0
10332,2007,2,2,1,0,0,0,0,0,0,0
10336,2006,3,2,1,0,0,1,1,0,0,0
10336,2007,3,2,0,0,0,0,1,0,2,0
10337,2022,1,1,0,0,0,0,0,0,0,0
10337,2023,1,0,0,0,0,0,1,0,0,0
10342,2016,1,1,0,0,0,0,0,0,1,0
10345,2016,1,1,0,0,0,0,0,0,0,0
10389,2019,1,0,0,0,0,0,1,0,0,0
10394,2012,2,2,0,0,0,0,0,0,0,0
10394,2013,2,2,0,0,0,0,0,0,0,0
10394,2015,2,2,0,0,0,0,0,0,1,0
10409,2006,1,1,1,0,0,0,0,0,0,0
10409,2007,1,1,0,0,0,0,0,0,0,0
10410,2023,6,5,2,0,0,0,1,0,1,0
10418,2012,4,3,0,0,0,0,1,0,1,0
10427,2007,3,3,2,1,0,0,0,0,0,0
10440,2005,3,3,1,0,0,0,0,0,0,0
10440,2006,2,2,1,0,0,1,0,0,0,0
10440,2007,1,1,0,0,0,0,0,0,1,0
10456,2017,2,0,0,0,0,0,2,0,0,0
10456,2022,3,3,1,0,0,0,0,0,0,0
10458,2003,6,6,1,0,0,0,0,0,2,0
10458,2004,12,11,3,0,0,0,1,0,2,0
10458,2005,4,3,0,0,0,0,1,0,1,0
10458,2006,1,1,0,0,0,0,0,0,0,0
10458,2007,3,3,2,0,0,0,0,0,1,0
10474,2016,3,3,1,0,0,0,0,0,1,0
10474,2017,6,4,0,0,0,0,2,0,1,0
10474,2018,4,4,1,1,0,0,0,0,2,0
10474,2022,5,5,3,0,0,0,0,0,2,0
10474,2023,3,3,1,0,0,0,0,0,1,0
10477,2021,1,1,1,0,0,0,0,0,0,0
10503,2011,1,1,0,0,0,0,0,0,1,0
10503,2013,4,3,1,1,0,0,1,0,0,0
10503,2014,5,3,1,0,0,0,2,0,1,0
10503,2015,5,5,2,0,0,0,0,0,1,0
10503,2016,2,2,1,0,0,0,0,0,0,0
10503,2017,6,5,2,0,0,0,1,0,1,0
10503,2021,5,4,1,0,0,0,1,0,1,0
10503,2022,3,3,0,0,0,0,0,0,1,0
10516,2003,3,3,0,0,0,0,0,0,3,0
10516,2004,3,3,2,0,0,0,0,0,1,0
10516,2005,3,3,0,0,0,0,0,0,1,0
10516,2006,6,6,0,0,0,0,0,0,3,0
10516,2007,3,3,1,0,0,0,0,0,2,0
10516,2010,3,3,2,0,0,2,0,0,0,0
10521,2021,3,3,1,1,0,0,0,0,1,0
10546,2003,1,1,0,0,0,0,0,0,0,0
10546,2006,3,3,2,2,0,0,0,0,0,0
10547,2006,3,1,1,1,0,0,2,0,0,0
10547,2007,6,6,3,1,0,1,0,0,2,0
10547,2008,3,3,0,0,0,0,0,0,1,0
10547,2009,6,6,2,0,0,0,0,0,1,0
10547,2010,3,3,2,2,0,0,0,0,0,0
10547,2012,7,7,5,1,0,0,0,0,0,0
10547,2013,16,14,4,1,0,1,2,0,2,0
10547,2014,16,15,2,2,0,0,1,0,5,0
10547,2016,12,9,5,2,0,1,2,0,0,1
10547,2017,6,6,2,0,0,1,0,0,1,0
10547,2018,1,1,1,0,0,0,0,0,0,0
10549,2005,1,1,0,0,0,0,0,0,0,0
10549,2008,4,4,1,0,0,1,0,0,3,0
10549,2009,1,0,0,0,0,0,1,0,0,0
10549,2010,1,1,1,0,0,0,0,0,0,0
10565,2014,3,3,0,0,0,0,0,0,0,0
10565,2015,6,6,1,0,0,0,0,0,3,0
10565,2016,4,4,1,0,0,0,0,0,1,0
10565,2017,3,3,1,0,0,0,0,0,0,0
10565,2019,3,2,0,0,0,0,1,0,1,0
10565,2021,5,5,2,0,0,0,0,0,0,0
10574,2016,1,1,0,0,0,0,0,0,0,0
10595,2003,5,5,1,0,0,0,0,0,0,0
10595,2007,3,3,0,0,0,0,0,0,2,0
10595,2008,6,6,4,1,0,0,0,0,0,0
10595,2009,2,1,0,0,0,0,1,0,0,0
10609,2010,1,1,1,0,0,1,0,0,0,0
10609,2011,6,5,3,0,0,1,1,0,0,0
10611,2004,1,1,0,0,0,0,0,0,0,0
10611,2007,6,3,2,0,0,2,3,0,1,0
10623,2020,1,1,1,0,0,0,0,0,0,0
10626,2020,5,5,1,0,0,1,0,0,1,0
10626,2021,5,5,1,0,0,0,0,0,2,0
10634,2009,2,0,0,0,0,0,2,0,0,0
10634,2010,1,1,1,0,0,1,0,0,0,0
10634,2011,1,1,1,1,0,0,0,0,0,0
10634,2012,2,1,1,0,0,1,1,0,0,0
10650,2014,3,3,2,0,0,1,0,0,0,0
10650,2016,3,3,2,1,0,0,0,0,0,0
10650,2019,3,2,1,0,0,0,1,0,1,0
10657,2017,3,2,0,0,0,0,1,0,1,0
10657,2018,6,5,1,0,0,0,1,0,1,0
10668,2010,1,1,1,0,0,0,0,0,0,0
10675,2021,2,2,1,1,0,0,0,0,0,0
10676,2008,1,1,1,0,0,1,0,0,0,0
10679,2008,5,5,1,1,0,0,0,0,1,0
10679,2009,5,5,0,0,0,0,0,0,1,0
10679,2010,6,6,4,1,0,2,0,0,0,0
10679,2011,2,2,1,0,0,0,0,0,0,0
10688,2019,3,3,1,0,0,0,0,0,1,0
10688,2020,1,1,1,0,0,0,0,0,0,0
10688,2022,3,3,1,0,0,0,0,0,0,0
10696,2018,1,1,0,0,0,0,0,0,0,0
10704,2009,1,1,0,0,0,0,0,0,0,0
10708,2019,2,2,1,0,0,0,0,0,0,0
10728,2008,3,1,1,1,0,0,2,0,0,0
10733,2007,3,2,0,0,0,0,1,0,1,0
10733,2009,1,1,0,0,0,0,0,0,0,0
10733,2010,6,5,1,0,0,0,1,0,1,0
10733,2011,6,6,3,0,0,0,0,0,0,0
10733,2012,5,5,3,0,0,2,0,0,0,0
10733,2013,5,4,1,0,0,0,1,0,0,0
10733,2014,2,2,0,0,0,0,0,0,0,0
10733,2017,1,1,0,0,0,0,0,0,0,0
10733,2019,1,1,1,0,0,0,0,0,0,0
10733,2022,2,2,1,0,0,0,0,0,0,0
10735,2017,1,1,1,1,0,0,0,0,0,0
10772,2004,1,1,1,0,0,1,0,0,0,0
10776,2013,1,1,0,0,0,0,0,0,0,0
10781,2018,1,1,0,0,0,0,0,0,0,0
10782,2003,1,1,0,0,0,0,0,0,0,0
10782,2004,3,3,0,0,0,0,0,0,1,0
10782,2005,9,8,5,1,0,0,1,0,0,0
10782,2006,15,13,0,0,0,0,2,0,6,0
10782,2007,8,8,2,0,0,1,0,0,3,0
10784,2015,3,3,0,0,0,0,0,0,0,0
10784,2016,7,4,0,0,0,0,3,0,1,0
10784,2023,2,2,0,0,0,0,0,0,0,0
10788,2021,1,1,0,0,0,0,0,0,1,0
10790,2019,3,3,2,1,0,1,0,0,1,0
10793,2006,5,5,2,1,0,1,0,0,0,0
10793,2009,7,6,2,0,0,0,1,0,0,0
10793,2010,3,3,1,0,0,1,0,0,1,0
10795,2022,2,2,1,0,0,0,0,0,0,0
10795,2023,1,1,0,0,0,0,0,0,0,0
10816,2012,1,1,0,0,0,0,0,0,0,0
10841,2007,3,3,1,0,0,0,0,0,0,0
10841,2008,6,4,2,0,0,0,2,0,0,0
10845,2023,1,1,0,0,0,0,0,0,0,0
10846,2009,2,2,2,0,0,0,0,0,0,0
10846,2010,2,2,1,0,0,1,0,0,1,0
10846,2011,3,3,0,0,0,0,0,0,2,0
10846,2013,1,1,0,0,0,0,0,0,1,0
10846,2016,5,4,2,0,0,0,1,0,1,0
10846,2017,3,3,1,0,0,0,0,0,1,0
10847,2023,1,1,1,0,0,0,0,0,0,0
10848,2007,5,5,1,0,0,0,0,0,1,0
10848,2010,1,1,0,0,0,0,0,0,0,0
10848,2011,1,1,0,0,0,0,0,0,1,0
10848,2012,1,1,0,0,0,0,0,0,0,0
10848,2013,1,1,1,0,0,0,0,0,0,0
10856,2004,3,3,0,0,0,0,0,0,3,0
10856,2005,10,9,4,0,0,2,1,0,1,0
10856,2006,8,6,2,1,0,0,2,0,3,0
10856,2007,7,7,3,1,0,0,0,0,1,0
10868,2022,1,1,1,0,0,0,0,0,0,0
10872,2008,8,8,5,0,0,1,0,0,1,0
10872,2009,3,3,1,0,0,0,0,0,0,0
10878,2020,1,1,0,0,0,0,0,0,0,0
10881,2004,2,2,1,0,0,0,0,0,0,0
10889,2020,1,0,0,0,0,0,1,0,0,0
10890,2003,1,1,0,0,0,0,0,0,0,0
10890,2008,2,0,0,0,0,0,0,1,0,1
10891,2007,3,1,0,0,0,0,2,0,0,0
10892,2005,1,1,1,0,0,0,0,0,0,0
10892,2008,1,1,0,0,0,0,0,0,0,0
10924,2022,3,3,0,0,0,0,0,0,1,0
10924,2023,2,2,0,0,0,0,0,0,2,0
10926,2005,3,3,1,0,0,0,0,0,0,0
10926,2006,1,1,0,0,0,0,0,0,0,0
10926,2007,3,2,0,0,0,0,1,0,1,0
10926,2009,1,1,1,0,0,0,0,0,0,0
10956,2003,2,2,0,0,0,0,0,0,1,0
10956,2005,2,2,0,0,0,0,0,0,0,0
10957,2007,3,3,0,0,0,0,0,0,1,0
10963,2004,3,3,0,0,0,0,0,0,0,0
10963,2005,2,2,1,0,0,0,0,0,0,0
10963,2006,3,3,0,0,0,0,0,0,3,0
10963,2007,1,1,1,1,0,0,0,0,0,0
10968,2022,1,1,0,0,0,0,0,0,0,0
10968,2023,1,1,0,0,0,0,0,0,0,0
10973,2003,3,3,1,0,1,0,0,0,1,0
10978,2019,2,2,0,0,0,0,0,0,0,0
10978,2020,1,1,0,0,0,0,0,0,1,0
10978,2021,2,0,0,0,0,0,2,0,0,0
10982,2019,1,1,0,0,0,0,0,0,0,0
10982,2020,3,3,1,0,0,0,0,0,0,0
10982,2021,4,3,0,0,0,0,1,0,1,0
10984,2014,1,0,0,0,0,0,1,0,0,0
10984,2015,5,4,2,0,0,1,1,0,0,0
10988,2021,1,1,1,0,0,0,0,0,0,0
11020,2023,1,1,0,0,0,0,0,0,0,0
11022,2021,2,2,0,0,0,0,0,0,1,0
11022,2022,3,2,1,0,0,0,1,0,1,0
11036,2023,1,1,0,0,0,0,0,0,0,0
11044,2019,1,1,0,0,0,0,0,0,0,0
11049,2011,3,3,2,0,0,0,0,0,0,0
11049,2012,2,2,1,0,0,0,0,0,0,0
11052,2020,2,2,1,0,0,0,0,0,0,0
11059,2014,2,2,2,0,0,0,0,0,0,0
11061,2014,1,1,1,0,0,1,0,0,0,0
11071,2007,1,1,1,1,0,0,0,0,0,0
11071,2010,3,2,1,0,0,0,1,0,0,0
11079,2004,2,2,0,0,0,0,0,0,1,0
11084,2016,2,2,0,0,0,0,0,0,0,0
11099,2017,3,3,1,0,0,0,0,0,0,0
11099,2020,1,1,0,0,0,0,0,0,0,0
11099,2022,1,1,1,0,0,0,0,0,0,0
11102,2013,3,3,1,0,0,0,0,0,1,0
11102,2019,2,2,0,0,0,0,0,0,0,0
11106,2016,2,2,0,0,0,0,0,0,1,0
11106,2017,4,4,2,0,0,1,0,0,1,0
11106,2022,1,1,0,0,0,0,0,0,0,0
11111,2013,4,4,1,0,0,0,0,0,0,0
11111,2016,4,3,1,0,0,0,1,0,0,0
11112,2008,4,4,0,0,0,0,0,0,1,0
11112,2009,1,1,0,0,0,0,0,0,0,0
11112,2011,1,1,0,0,0,0,0,0,0,0
11112,2014,1,1,0,0,0,0,0,0,1,0
11112,2015,2,2,1,0,0,0,0,0,0,0
11114,2017,1,1,0,0,0,0,0,0,0,0
11114,2019,1,1,0,0,0,0,0,0,0,0
11118,2017,1,1,0,0,0,0,0,0,1,0
11118,2022,4,4,0,0,0,0,0,0,0,0
11118,2023,3,3,1,0,0,0,0,0,0,0
11120,2023,2,2,1,0,0,1,0,0,0,0
11127,2014,4,3,0,0,0,0,1,0,1,0
11127,2019,6,6,0,0,0,0,0,0,1,0
11128,2011,3,3,2,1,0,0,0,0,0,0
11128,2012,1,0,0,0,0,0,0,1,0,0
11128,2015,1,0,0,0,0,0,1,0,0,0
11149,2021,1,1,0,0,0,0,0,0,0,0
11149,2023,1,1,0,0,0,0,0,0,0,0
11157,2019,1,1,0,0,0,0,0,0,0,0
11172,2004,3,3,0,0,0,0,0,0,0,0
11172,2005,6,6,4,1,0,1,0,0,0,0
11172,2006,4,4,1,0,0,0,0,0,0,0
11172,2007,7,4,1,0,0,1,1,1,0,1
11175,2014,1,1,0,0,0,0,0,0,1,0
11179,2021,1,1,0,0,0,0,0,0,1,0
11200,2019,1,1,0,0,0,0,0,0,0,0
11200,2022,1,1,1,0,0,0,0,0,0,0
11200,2023,1,1,0,0,0,0,0,0,0,0
11204,2009,1,1,1,0,0,1,0,0,0,0
11204,2011,7,6,2,1,0,0,1,0,1,0
11204,2012,5,4,1,0,0,1,1,0,0,0
11204,2013,4,4,0,0,0,0,0,0,1,0
11204,2014,10,10,6,3,0,0,0,0,0,0
11204,2015,2,1,0,0,0,0,1,0,0,0
11204,2016,1,1,0,0,0,0,0,0,1,0
11204,2017,2,1,0,0,0,0,1,0,1,0
11207,2006,2,2,1,0,0,1,0,0,0,0
11207,2010,1,1,0,0,0,0,0,0,0,0
11225,2016,3,3,1,0,0,0,0,0,0,0
11225,2019,3,2,2,0,0,1,0,0,0,1
11229,2004,1,1,1,0,0,0,0,0,0,0
11239,2018,3,3,2,1,0,0,0,0,0,0
11239,2021,3,3,0,0,0,0,0,0,2,0
11240,2010,3,2,1,0,0,0,0,0,0,1
11240,2012,1,1,0,0,0,0,0,0,1,0
11242,2005,1,1,1,1,0,0,0,0,0,0
11244,2008,2,2,1,0,0,0,0,0,0,0
11244,2010,9,7,3,0,0,0,2,0,3,0
11244,2011,3,2,2,0,0,0,1,0,0,0
11245,2006,1,0,0,0,0,0,1,0,0,0
11245,2008,2,2,1,1,0,0,0,0,0,0
11245,2009,3,3,0,0,0,0,0,0,2,0
11245,2010,2,2,0,0,0,0,0,0,0,0
11251,2015,6,4,2,0,0,0,2,0,0,0
11251,2016,3,3,0,0,0,0,0,0,0,0
11251,2017,5,5,0,0,0,0,0,0,2,0
11251,2019,3,3,1,0,0,0,0,0,1,0
11257,2021,2,2,2,1,0,0,0,0,0,0
11270,2021,3,2,0,0,0,0,0,0,0,1
11273,2011,2,2,0,0,0,0,0,0,1,0
11282,2006,3,3,2,0,0,1,0,0,0,0
11285,2003,2,2,0,0,0,0,0,0,1,0
11285,2004,2,2,1,0,0,0,0,0,0,0
11285,2006,2,2,1,0,0,1,0,0,0,0
11296,2017,1,1,0,0,0,0,0,0,1,0
11310,2019,1,1,1,0,0,0,0,0,0,0
11325,2009,1,0,0,0,0,0,0,1,0,0
11325,2012,1,1,0,0,0,0,0,0,1,0
11325,2013,1,1,1,0,0,0,0,0,0,0
11325,2014,2,2,1,0,0,0,0,0,0,0
11325,2016,3,3,1,0,0,0,0,0,1,0
11326,2011,1,1,0,0,0,0,0,0,0,0
11326,2012,3,3,1,1,0,0,0,0,1,0
11330,2016,3,3,1,0,0,0,0,0,1,0
11337,2005,3,3,2,1,0,0,0,0,0,0
11337,2008,3,3,0,0,0,0,0,0,2,0
11337,2009,6,5,0,0,0,0,1,0,2,0
11337,2010,3,3,2,0,0,0,0,0,0,0
11340,2004,1,1,1,0,0,0,0,0,0,0
11353,2013,3,3,3,1,0,0,0,0,0,0
11354,2017,2,2,1,0,0,0,0,0,0,0
11354,2020,2,2,1,0,0,0,0,0,0,0
11354,2021,2,2,1,0,0,0,0,0,0,0
11372,2010,1,1,1,0,0,0,0,0,0,0
11372,2011,1,1,1,0,0,0,0,0,0,0
11386,2014,3,3,0,0,0,0,0,0,0,0
11386,2020,2,2,1,0,0,0,0,0,0,0
11386,2021,1,1,0,0,0,0,0,0,1,0
11386,2022,1,1,0,0,0,0,0,0,1,0
11396,2015,1,1,0,0,0,0,0,0,0,0
11399,2005,3,3,2,0,0,0,0,0,0,0
11399,2006,1,1,1,0,0,0,0,0,0,0
11399,2007,5,4,1,0,0,0,0,1,1,0
11426,2004,11,9,2,0,0,0,2,0,4,0
11426,2005,6,6,2,1,0,0,0,0,0,0
11426,2006,6,6,1,0,0,0,0,0,2,0
11445,2011,2,2,0,0,0,0,0,0,1,0
11446,2023,1,1,0,0,0,0,0,0,0,0
11450,2014,1,1,1,0,0,0,0,0,0,0
11459,2020,1,1,1,1,0,0,0,0,0,0
11460,2007,1,1,1,0,0,0,0,0,0,0
11460,2008,1,1,0,0,0,0,0,0,0,0
11460,2009,2,2,0,0,0,0,0,0,2,0
11460,2010,5,3,0,0,0,0,2,0,1,0
11460,2011,1,1,0,0,0,0,0,0,0,0
11460,2012,2,2,1,0,0,0,0,0,0,0
11464,2019,1,1,0,0,0,0,0,0,0,0
11465,2019,4,4,0,0,0,0,0,0,2,0
11465,2022,1,1,0,0,0,0,0,0,1,0
11484,2009,3,3,2,1,0,1,0,0,0,0
11484,2010,3,3,0,0,0,0,0,0,2,0
11484,2011,2,1,1,0,0,0,1,0,0,0
11484,2013,3,2,1,0,0,0,1,0,0,0
11484,2014,4,4,1,0,0,0,0,0,1,0
11484,2016,6,5,0,0,0,0,1,0,2,0
11484,2017,2,2,1,1,0,0,0,0,1,0
11484,2018,3,2,0,0,0,0,1,0,0,0
11489,2003,2,2,0,0,0,0,0,0,1,0
11498,2011,1,1,0,0,0,0,0,0,0,0
11516,2015,1,1,1,1,0,0,0,0,0,0
11522,2004,4,3,0,0,0,0,1,0,1,0
11522,2005,6,6,3,1,0,1,0,0,1,0
11522,2006,1,1,1,0,0,0,0,0,0,0
11522,2007,3,3,1,0,0,0,0,0,1,0
11522,2008,1,1,0,0,0,0,0,0,1,0
11522,2009,2,2,1,0,0,0,0,0,1,0
11524,2010,3,1,1,1,0,0,2,0,0,0
11524,2011,3,3,1,0,0,0,0,0,0,0
11524,2012,1,0,0,0,0,0,1,0,0,0
11524,2014,5,5,2,0,0,1,0,0,0,0
11524,2015,4,4,1,0,0,0,0,0,1,0
11524,2016,13,12,4,0,0,0,1,0,0,0
11524,2017,3,2,1,0,0,1,1,0,0,0
11524,2018,4,4,1,0,0,0,0,0,1,0
11531,2013,2,2,1,1,0,0,0,0,0,0
11531,2014,2,1,0,0,0,0,0,1,0,0
11531,2015,1,1,1,0,0,0,0,0,0,0
11531,2016,5,4,2,1,0,1,1,0,1,0
11531,2017,1,0,0,0,0,0,1,0,0,0
11532,2020,1,1,0,0,0,0,0,0,0,0
11532,2023,1,1,0,0,0,0,0,0,1,0
11541,2013,2,2,0,0,0,0,0,0,1,0
11543,2010,5,3,0,0,0,0,2,0,1,0
11543,2013,1,1,0,0,0,0,0,0,0,0
11558,2003,2,2,0,0,0,0,0,0,1,0
11558,2004,1,1,1,0,0,0,0,0,0,0
11558,2005,1,1,1,0,0,0,0,0,0,0
11558,2006,3,3,0,0,0,0,0,0,1,0
11564,2023,3,3,1,0,0,0,0,0,0,0
11570,2006,3,2,1,0,0,0,1,0,0,0
11577,2003,6,6,2,1,0,0,0,0,0,0
11577,2004,11,7,7,4,0,2,4,0,0,0
11577,2006,9,8,3,0,0,1,1,0,1,0
11577,2007,2,1,0,0,0,0,1,0,0,0
11590,2017,1,1,0,0,0,0,0,0,0,0
11590,2019,1,1,1,0,0,0,0,0,0,0
11598,2016,1,1,0,0,0,0,0,0,0,0
11598,2017,3,3,1,0,0,0,0,0,1,0
11602,2022,2,1,1,0,0,0,0,1,0,0
11607,2013,4,4,2,0,0,0,0,0,0,0
11617,2005,1,1,0,0,0,0,0,0,0,0
11628,2003,2,2,0,0,0,0,0,0,1,0
11628,2004,2,2,0,0,0,0,0,0,0,0
11632,2019,1,1,0,0,0,0,0,0,0,0
11642,2005,1,1,0,0,0,0,0,0,0,0
11642,2006,2,1,0,0,0,0,0,1,0,0
11642,2007,2,1,0,0,0,0,1,0,1,0
11644,2016,4,3,1,1,0,0,1,0,0,0
11663,2010,1,1,0,0,0,0,0,0,0,0
11663,2012,1,1,1,0,0,1,0,0,0,0
11663,2013,1,1,0,0,0,0,0,0,1,0
11663,2014,1,1,1,1,0,0,0,0,0,0
11673,2022,1,1,0,0,0,0,0,0,0,0
11673,2023,1,1,1,0,0,0,0,0,0,0
11684,2005,2,2,0,0,0,0,0,0,0,0
11686,2019,3,2,0,0,0,0,1,0,0,0
11694,2022,3,3,2,0,0,0,0,0,0,0
11709,2021,3,3,2,0,0,0,0,0,1,0
11709,2022,3,3,1,1,0,0,0,0,1,0
11709,2023,6,5,0,0,0,0,1,0,2,0
11710,2004,3,2,2,0,0,1,1,0,0,0
11713,2016,1,1,0,0,0,0,0,0,0,0
11721,2021,1,1,0,0,0,0,0,0,1,0
11723,2013,3,3,2,0,0,1,0,0,0,0
11739,2005,1,1,0,0,0,0,0,0,0,0
11746,2003,2,2,1,0,0,0,0,0,1,0
11746,2004,1,1,1,0,0,1,0,0,0,0
11746,2005,1,1,0,0,0,0,0,0,1,0
11746,2006,1,1,0,0,0,0,0,0,1,0
11746,2007,1,1,0,0,0,0,0,0,1,0
11746,2009,1,1,0,0,0,0,0,0,0,0
11749,2007,2,2,0,0,0,0,0,0,1,0
11752,2003,2,2,2,0,0,0,0,0,0,0
11763,2004,6,6,1,0,0,0,0,0,3,0
11768,2003,2,2,1,1,0,0,0,0,0,0
11768,2004,7,7,3,0,0,2,0,0,2,0
11768,2006,3,2,0,0,0,0,1,0,1,0
11768,2007,6,6,1,1,0,0,0,0,2,0
11773,2010,3,1,1,1,0,0,2,0,0,0
11773,2011,3,2,1,0,0,0,1,0,0,0
11773,2012,6,5,1,0,0,1,1,0,1,0
11773,2014,14,11,3,3,0,0,3,0,1,0
11773,2017,2,1,0,0,0,0,1,0,0,0
11773,2019,3,2,0,0,0,0,1,0,0,0
11778,2023,2,1,0,0,0,0,1,0,0,0
11782,2013,2,2,1,1,0,0,0,0,0,0
11786,2011,2,1,0,0,0,0,1,0,0,0
11788,2023,1,1,0,0,0,0,0,0,1,0
11801,2003,6,4,1,0,0,0,1,0,2,1
11801,2005,6,4,2,0,0,2,2,0,1,0
11801,2008,17,15,6,0,0,1,2,0,2,0
11801,2010,5,4,1,0,0,0,1,0,1,0
11806,2013,1,1,0,0,0,0,0,0,0,0
11814,2018,1,1,0,0,0,0,0,0,0,0
11814,2019,2,2,1,0,0,0,0,0,0,0
11818,2016,3,2,2,0,0,2,1,0,0,0
11818,2019,2,2,1,0,0,0,0,0,1,0
11818,2022,2,2,0,0,0,0,0,0,0,0
11829,2014,3,2,0,0,0,0,1,0,1,0
11829,2015,5,5,2,0,0,0,0,0,1,0
11829,2016,18,16,4,1,0,0,2,0,6,0
11831,2009,2,2,0,0,0,0,0,0,2,0
11831,2011,1,1,0,0,0,0,0,0,1,0
11831,2013,1,1,0,0,0,0,0,0,0,0
11831,2014,2,2,0,0,0,0,0,0,0,0
11837,2003,2,2,1,1,0,0,0,0,1,0
11839,2023,1,1,0,0,0,0,0,0,1,0
11841,2019,3,3,0,0,0,0,0,0,1,0
11841,2023,2,2,0,0,0,0,0,0,1,0
11844,2016,2,2,1,1,0,0,0,0,0,0
11863,2007,1,1,0,0,0,0,0,0,0,0
11863,2009,1,1,0,0,0,0,0,0,0,0
11863,2011,2,1,0,0,0,0,1,0,0,0
11863,2012,3,3,1,0,0,1,0,0,0,0
11863,2015,2,2,0,0,0,0,0,0,1,0
11873,2003,1,1,0,0,0,0,0,0,1,0
11873,2006,5,5,2,1,0,0,0,0,2,0
11873,2007,4,4,2,0,0,0,0,0,1,0
11874,2015,1,1,0,0,0,0,0,0,0,0
11875,2008,1,1,0,0,0,0,0,0,1,0
11878,2014,1,1,0,0,0,0,0,0,1,0
11878,2016,3,3,0,0,0,0,0,0,2,0
11878,2017,1,1,0,0,0,0,0,0,0,0
11895,2003,1,1,0,0,0,0,0,0,0,0
11895,2004,2,2,1,1,0,0,0,0,0,0
11895,2006,1,1,1,1,0,0,0,0,0,0
11899,2005,2,1,0,0,0,0,1,0,0,0
11899,2006,1,1,0,0,0,0,0,0,1,0
11899,2011,3,3,1,0,0,0,0,0,1,0
11899,2016,2,2,0,0,0,0,0,0,0,0
11904,2014,3,1,1,0,0,0,2,0,0,0
11904,2015,8,7,4,1,0,0,1,0,0,0
11904,2016,11,9,1,0,0,0,1,0,0,1
11911,2019,2,2,1,0,0,0,0,0,0,0
11917,2021,2,2,2,0,0,0,0,0,0,0
11917,2022,5,4,1,0,0,0,0,0,3,1
11922,2008,1,1,0,0,0,0,0,0,0,0
11922,2012,1,1,1,0,0,1,0,0,0,0
11927,2005,4,4,1,1,0,0,0,0,2,0
11927,2006,3,3,0,0,0,0,0,0,0,0
11929,2003,1,1,0,0,0,0,0,0,1,0
11929,2004,4,4,0,0,0,0,0,0,2,0
11929,2005,1,1,1,0,0,0,0,0,0,0
11929,2006,4,4,0,0,0,0,0,0,2,0
11929,2007,4,3,1,0,0,1,1,0,0,0
11935,2013,1,1,0,0,0,0,0,0,1,0
11937,2006,1,1,0,0,0,0,0,0,0,0
11937,2007,2,1,1,1,0,0,1,0,0,0
11941,2017,2,2,0,0,0,0,0,0,1,0
11942,2006,1,1,0,0,0,0,0,0,0,0
11942,2007,3,2,1,0,0,1,1,0,0,0
11942,2009,3,2,1,0,0,0,1,0,1,0
11949,2003,3,2,0,0,0,0,1,0,0,0
11949,2006,3,3,1,0,0,0,0,0,1,0
11949,2008,6,6,1,1,0,0,0,0,2,0
11949,2009,1,1,1,0,0,0,0,0,0,0
11949,2010,1,0,0,0,0,0,0,1,0,0
11949,2011,3,3,1,0,0,0,0,0,0,0
11952,2011,1,1,0,0,0,0,0,0,1,0
11952,2013,1,1,0,0,0,0,0,0,0,0
11953,2011,2,1,0,0,0,0,1,0,0,0
11953,2012,2,2,1,0,0,1,0,0,0,0
11955,2023,5,4,2,2,0,0,1,0,0,0
11957,2019,1,0,0,0,0,0,1,0,0,0
11965,2004,1,1,1,0,0,0,0,0,0,0
11977,2023,1,1,0,0,0,0,0,0,1,0
11981,2004,3,2,0,0,0,0,1,0,1,0
11981,2006,2,2,0,0,0,0,0,0,0,0
11981,2010,1,1,0,0,0,0,0,0,0,0
11982,2017,3,3,1,1,0,0,0,0,1,0
11982,2023,3,2,1,1,0,0,1,0,0,0
11993,2014,1,1,0,0,0,0,0,0,0,0
12020,2009,1,1,1,0,0,1,0,0,0,0
12020,2012,12,12,2,1,0,0,0,0,3,0
12020,2013,6,5,2,0,0,0,1,0,2,0
12023,2006,3,3,0,0,0,0,0,0,0,0
12023,2013,2,1,1,0,0,1,1,0,0,0
12023,2016,1,1,0,0,0,0,0,0,0,0
12025,2021,1,1,0,0,0,0,0,0,0,0
12046,2013,1,1,0,0,0,0,0,0,0,0
12046,2014,3,2,0,0,0,0,1,0,0,0
12046,2015,6,5,2,0,0,0,1,0,2,0
12046,2017,2,2,0,0,0,0,0,0,1,0
12048,2021,2,1,0,0,0,0,1,0,0,0
12053,2004,3,3,0,0,0,0,0,0,1,0
12053,2005,1,1,0,0,0,0,0,0,0,0
12053,2007,1,1,1,1,0,0,0,0,0,0
12057,2005,3,3,2,0,0,1,0,0,0,0
12057,2008,2,2,1,0,0,0,0,0,1,0
12057,2009,3,2,0,0,0,0,1,0,1,0
12065,2008,2,1,0,0,0,0,1,0,0,0
12067,2008,3,3,0,0,0,0,0,0,1,0
12077,2004,1,1,0,0,0,0,0,0,0,0
12078,2021,3,1,0,0,0,0,1,0,0,1
12085,2013,1,1,0,0,0,0,0,0,1,0
12085,2014,2,2,1,0,0,0,0,0,1,0
12085,2016,2,0,0,0,0,0,2,0,0,0
12089,2003,1,1,0,0,0,0,0,0,1,0
12089,2004,3,3,0,0,0,0,0,0,2,0
12089,2005,2,2,0,0,0,0,0,0,1,0
12089,2006,3,2,0,0,0,0,1,0,1,0
12089,2007,1,1,0,0,0,0,0,0,0,0
12094,2004,3,2,1,0,0,1,1,0,0,0
12094,2005,3,3,1,0,0,1,0,0,0,0
12095,2008,3,2,1,0,0,0,1,0,0,0
12095,2009,6,6,2,1,0,1,0,0,1,0
12095,2010,9,7,2,1,0,0,2,0,1,0
12095,2011,3,3,0,0,0,0,0,0,1,0
12095,2013,3,3,1,1,0,0,0,0,0,0
12095,2014,3,2,0,0,0,0,1,0,0,0
12095,2015,6,6,3,2,0,0,0,0,0,0
12099,2003,3,3,1,0,0,0,0,0,0,0
12099,2004,3,3,0,0,0,0,0,0,3,0
12099,2005,7,7,3,0,0,0,0,0,1,0
12099,2006,3,2,1,0,0,0,1,0,1,0
12099,2007,4,3,1,1,0,0,1,0,0,0
12100,2014,3,3,1,0,0,0,0,0,2,0
12100,2015,1,1,0,0,0,0,0,0,0,0
12105,2014,2,2,1,0,0,1,0,0,0,0
12105,2015,3,3,2,0,0,0,0,0,0,0
12105,2016,1,1,1,0,0,0,0,0,0,0
12111,2013,3,2,0,0,0,0,1,0,1,0
12132,2023,1,1,0,0,0,0,0,0,1,0
12138,2021,3,2,2,0,0,1,1,0,0,0
12143,2007,6,2,1,0,0,0,4,0,0,0
12146,2003,5,5,0,0,0,0,0,0,4,0
12146,2004,7,5,1,0,0,0,2,0,3,0
12146,2005,3,3,1,0,0,0,0,0,0,0
12146,2006,4,4,2,0,0,0,0,0,0,0
12146,2007,3,2,1,1,0,0,1,0,1,0
12146,2008,2,2,0,0,0,0,0,0,1,0
12147,2012,1,1,0,0,0,0,0,0,0,0
12149,2008,2,2,0,0,0,0,0,0,1,0
12149,2009,3,3,1,0,0,0,0,0,1,0
12150,2022,4,3,3,0,0,1,0,0,0,1
12150,2023,2,2,0,0,0,0,0,0,0,0
12156,2003,5,3,1,0,0,0,2,0,1,0
12168,2023,1,1,0,0,0,0,0,0,1,0
12172,2004,3,3,1,0,0,1,0,0,0,0
12172,2010,8,7,5,1,0,0,1,0,0,0
12172,2012,4,4,0,0,0,0,0,0,1,0
12182,2003,2,2,0,0,0,0,0,0,0,0
12182,2004,4,4,1,0,0,0,0,0,0,0
12182,2008,1,1,0,0,0,0,0,0,1,0
12182,2009,1,1,0,0,0,0,0,0,0,0
12186,2019,1,1,0,0,0,0,0,0,1,0
12195,2011,3,1,1,0,0,1,2,0,0,0
12197,2008,1,1,1,0,0,1,0,0,0,0
12201,2017,1,1,0,0,0,0,0,0,0,0
12217,2021,1,1,0,0,0,0,0,0,0,0
12217,2022,2,2,0,0,0,0,0,0,1,0
12217,2023,1,1,0,0,0,0,0,0,0,0
12227,2023,1,0,0,0,0,0,1,0,0,0
12232,2005,2,2,0,0,0,0,0,0,0,0
12232,2006,3,3,2,0,0,0,0,0,1,0
12232,2007,1,1,0,0,0,0,0,0,0,0
12235,2009,1,1,1,1,0,0,0,0,0,0
12235,2010,2,1,0,0,0,0,1,0,0,0
12242,2006,3,3,1,0,0,0,0,0,0,0
12271,2011,1,1,0,0,0,0,0,0,1,0
12271,2012,2,2,1,0,0,0,0,0,0,0
12271,2013,4,4,0,0,0,0,0,0,0,0
12271,2016,2,2,0,0,0,0,0,0,0,0
12271,2017,1,1,0,0,0,0,0,0,0,0
12290,2023,2,2,1,0,0,0,0,0,1,0
12302,2005,3,3,2,0,1,0,0,0,0,0
12302,2006,3,2,2,1,0,0,1,0,0,0
12303,2010,2,1,0,0,0,0,1,0,0,0
12317,2023,2,2,1,1,0,0,0,0,1,0
12321,2004,3,3,0,0,0,0,0,0,0,0
12321,2007,4,4,1,0,0,1,0,0,0,0
12321,2012,3,3,1,0,0,1,0,0,1,0
12321,2013,1,1,1,0,0,0,0,0,0,0
12321,2014,1,1,0,0,0,0,0,0,0,0
12335,2003,2,1,1,1,0,0,0,0,0,0
12353,2006,1,1,1,0,0,0,0,0,0,0
12354,2017,3,3,0,0,0,0,0,0,1,0
12354,2018,2,2,0,0,0,0,0,0,0,0
12354,2019,3,3,1,0,0,0,0,0,0,0
12354,2021,2,2,0,0,0,0,0,0,2,0
12358,2003,3,3,1,0,0,0,0,0,2,0
12358,2004,4,4,1,1,0,0,0,0,1,0
12358,2006,3,2,1,1,0,0,1,0,0,0
12361,2013,2,0,0,0,0,0,2,0,0,0
12362,2006,1,1,0,0,0,0,0,0,0,0
12362,2007,1,1,0,0,0,0,0,0,0,0
12362,2008,1,1,1,0,0,0,0,0,0,0
12362,2011,1,1,0,0,0,0,0,0,0,0
12364,2021,1,0,0,0,0,0,0,0,0,1
12364,2023,1,1,0,0,0,0,0,0,0,0
12369,2008,1,1,0,0,0,0,0,0,0,0
12369,2009,1,0,0,0,0,0,1,0,0,0
12369,2011,3,3,1,1,0,0,0,0,0,0
12369,2012,6,5,1,0,0,0,1,0,1,0
12369,2013,6,5,2,0,0,1,1,0,3,0
12369,2014,3,2,0,0,0,0,1,0,1,0
12369,2015,3,2,0,0,0,0,0,1,0,0
12382,2013,1,1,0,0,0,0,0,0,0,0
12382,2015,1,1,0,0,0,0,0,0,0,0
12382,2021,1,1,0,0,0,0,0,0,0,0
12391,2004,3,3,2,0,0,0,0,0,0,0
12395,2022,1,1,1,0,0,1,0,0,0,0
12405,2016,2,2,0,0,0,0,0,0,1,0
12407,2022,3,3,0,0,0,0,0,0,0,0
12407,2023,1,1,0,0,0,0,0,0,0,0
12411,2023,1,1,1,0,0,0,0,0,0,0
12416,2020,1,1,0,0,0,0,0,0,0,0
12416,2021,1,1,0,0,0,0,0,0,0,0
12433,2004,3,3,1,0,0,1,0,0,0,0
12433,2005,2,2,0,0,0,0,0,0,0,0
12433,2007,1,1,0,0,0,0,0,0,0,0
12435,2016,3,3,3,0,0,2,0,0,0,0
12435,2019,2,2,0,0,0,0,0,0,0,0
12435,2020,2,2,0,0,0,0,0,0,1,0
12437,2004,1,0,0,0,0,0,1,0,0,0
12446,2016,1,1,0,0,0,0,0,0,0,0
12446,2019,2,2,1,0,0,0,0,0,1,0
12446,2020,2,1,0,0,0,0,1,0,1,0
12446,2021,4,3,1,0,0,1,1,0,0,0
12458,2023,2,2,1,0,0,0,0,0,0,0
12460,2003,4,4,1,0,0,0,0,0,1,0
12460,2004,5,5,3,1,0,0,0,0,0,0
12460,2005,9,8,5,3,0,1,1,0,0,0
12460,2006,4,2,1,0,0,1,2,0,0,0
12460,2008,3,2,0,0,0,0,1,0,1,0
12472,2022,3,2,1,0,0,0,0,0,1,1
12476,2010,1,1,1,0,0,0,0,0,0,0
12476,2011,3,3,0,0,0,0,0,0,0,0
12477,2021,3,3,1,1,0,0,0,0,0,0
12483,2019,1,1,1,0,0,0,0,0,0,0
12486,2005,2,2,0,0,0,0,0,0,0,0
12492,2003,6,5,0,0,0,0,1,0,3,0
12492,2004,4,4,3,0,0,0,0,0,0,0
12492,2005,3,3,1,0,0,0,0,0,0,0
12492,2006,3,2,1,0,0,1,0,0,0,1
12492,2007,1,0,0,0,0,0,1,0,0,0
12492,2009,4,4,2,0,0,1,0,0,2,0
12492,2010,3,3,1,0,0,0,0,0,0,0
12498,2022,2,2,1,0,0,0,0,0,0,0
12502,2012,3,3,0,0,0,0,0,0,0,0
12502,2017,3,3,2,0,0,0,0,0,0,0
12508,2013,1,1,0,0,0,0,0,0,0,0
12508,2018,1,1,0,0,0,0,0,0,0,0
12510,2013,6,6,1,0,0,1,0,0,0,0
12510,2014,3,2,0,0,0,0,0,0,0,1
12510,2015,1,1,1,0,0,0,0,0,0,0
12510,2016,1,1,1,0,0,0,0,0,0,0
12513,2003,1,1,0,0,0,0,0,0,1,0
12513,2004,6,5,0,0,0,0,0,0,3,1
12513,2005,4,3,2,2,0,0,1,0,1,0
12513,2006,1,1,0,0,0,0,0,0,0,0
12526,2005,3,3,2,2,0,0,0,0,0,0
12526,2006,2,1,0,0,0,0,1,0,0,0
12526,2008,3,3,2,0,0,1,0,0,0,0
12526,2009,6,4,1,1,0,0,2,0,0,0
12526,2010,1,1,0,0,0,0,0,0,0,0
12526,2011,1,1,0,0,0,0,0,0,0,0
12526,2013,1,1,0,0,0,0,0,0,0,0
12526,2014,2,2,1,0,0,0,0,0,1,0
12527,2003,3,3,2,0,0,0,0,0,1,0
12527,2004,9,8,1,1,0,0,1,0,3,0
12532,2016,3,2,1,0,0,1,1,0,0,0
12532,2018,1,1,0,0,0,0,0,0,0,0
12532,2021,1,1,1,1,0,0,0,0,0,0
12536,2016,3,2,1,0,0,1,1,0,0,0
12536,2017,3,2,0,0,0,0,1,0,0,0
12536,2018,3,2,0,0,0,0,1,0,0,0
12536,2019,1,1,1,0,0,0,0,0,0,0
12537,2009,1,1,0,0,0,0,0,0,1,0
12540,2005,1,1,1,1,0,0,0,0,0,0
12540,2007,1,1,0,0,0,0,0,0,1,0
12540,2009,3,3,2,1,0,1,0,0,1,0
12540,2010,2,2,0,0,0,0,0,0,1,0
12541,2005,1,0,0,0,0,0,1,0,0,0
12550,2008,1,1,0,0,0,0,0,0,0,0
12551,2009,1,1,0,0,0,0,0,0,0,0
12552,2022,1,1,1,0,0,0,0,0,0,0
12557,2005,2,2,0,0,0,0,0,0,1,0
12561,2019,3,3,0,0,0,0,0,0,2,0
12561,2021,3,3,0,0,0,0,0,0,0,0
12561,2023,2,2,0,0,0,0,0,0,0,0
12562,2020,1,1,0,0,0,0,0,0,1,0
12567,2014,2,1,0,0,0,0,1,0,0,0
12567,2016,1,1,0,0,0,0,0,0,0,0
12567,2017,1,1,0,0,0,0,0,0,0,0
12568,2006,4,2,0,0,0,0,2,0,0,0
12568,2007,4,4,0,0,0,0,0,0,2,0
12576,2019,4,4,0,0,0,0,0,0,0,0
12578,2016,1,1,0,0,0,0,0,0,0,0
12578,2017,2,2,0,0,0,0,0,0,1,0
12597,2006,6,6,1,0,0,0,0,0,2,0
12597,2007,3,3,0,0,0,0,0,0,1,0
12597,2014,6,6,1,0,0,1,0,0,2,0
12597,2015,7,5,0,0,0,0,2,0,0,0
12597,2016,5,4,1,0,0,0,1,0,2,0
12597,2017,1,1,0,0,0,0,0,0,0,0
12633,2003,6,4,1,0,0,0,2,0,0,0
12633,2004,3,3,0,0,0,0,0,0,1,0
12633,2005,8,8,1,0,0,1,0,0,3,0
12633,2006,4,3,2,1,0,1,1,0,1,0
12633,2009,3,2,0,0,0,0,1,0,1,0
12635,2004,3,2,0,0,0,0,1,0,1,0
12635,2005,8,8,1,0,0,0,0,0,2,0
12654,2022,1,1,0,0,0,0,0,0,0,0
12654,2023,1,1,1,0,0,0,0,0,0,0
12656,2008,2,1,0,0,0,0,0,0,0,1
12656,2009,3,3,2,0,0,0,0,0,0,0
12656,2010,1,1,1,0,0,0,0,0,0,0
12656,2011,2,2,1,0,0,0,0,0,0,0
12656,2014,1,1,1,0,0,0,0,0,0,0
12656,2016,1,1,1,0,0,1,0,0,0,0
12659,2022,3,2,2,0,0,0,1,0,0,0
12663,2013,3,3,1,0,0,0,0,0,0,0
12665,2019,3,1,1,0,0,1,2,0,0,0
12665,2020,2,1,0,0,0,0,1,0,0,0
12665,2021,1,1,0,0,0,0,0,0,1,0
12671,2007,6,4,1,0,0,0,2,0,1,0
12671,2008,2,2,1,0,0,0,0,0,0,0
12671,2011,2,2,0,0,0,0,0,0,0,0
12676,2020,3,2,0,0,0,0,1,0,0,0
12676,2021,2,0,0,0,0,0,1,0,0,1
12685,2017,1,1,0,0,0,0,0,0,1,0
