0,2013,2,2,1,0,0,0,0,0,1,0
5,2013,3,3,2,0,0,0,0,0,0,0
5,2014,1,0,0,0,0,0,1,0,0,0
6,2026,3,3,0,0,0,0,0,0,2,0
18,2025,1,1,0,0,0,0,0,0,1,0
21,2023,1,1,0,0,0,0,0,0,0,0
23,2023,1,0,0,0,0,0,1,0,0,0
41,2011,3,2,1,1,0,0,1,0,0,0
41,2012,3,3,0,0,0,0,0,0,1,0
48,2019,1,1,0,0,0,0,0,0,0,0
49,2021,1,1,1,0,0,0,0,0,0,0
57,2019,2,1,0,0,0,0,0,1,0,0
57,2023,2,2,0,0,0,0,0,0,2,0
57,2024,1,1,0,0,0,0,0,0,0,0
57,2025,2,2,0,0,0,0,0,0,0,0
57,2026,1,1,0,0,0,0,0,0,0,0
60,2011,1,1,1,0,0,0,0,0,0,0
69,2026,1,0,0,0,0,0,1,0,0,0
82,2017,2,2,1,0,0,0,0,0,0,0
83,2022,3,3,1,1,0,0,0,0,0,0
86,2011,1,1,0,0,0,0,0,0,0,0
86,2012,2,2,1,1,0,0,0,0,0,0
86,2014,2,1,0,0,0,0,1,0,1,0
89,2026,3,2,0,0,0,0,1,0,0,0
107,2020,2,1,0,0,0,0,1,0,0,0
107,2021,3,3,0,0,0,0,0,0,0,0
107,2025,1,1,0,0,0,0,0,0,0,0
111,2012,1,1,0,0,0,0,0,0,0,0
112,2017,3,3,1,1,0,0,0,0,1,0
116,2012,1,1,0,0,0,0,0,0,0,0
116,2013,1,1,0,0,0,0,0,0,0,0
116,2016,1,0,0,0,0,0,1,0,0,0
116,2019,1,1,0,0,0,0,0,0,0,0
118,2013,1,1,0,0,0,0,0,0,1,0
122,2024,1,1,0,0,0,0,0,0,1,0
126,2019,9,8,2,1,0,0,1,0,1,0
126,2021,13,11,4,0,0,0,2,0,1,0
126,2022,7,7,2,0,0,0,0,0,1,0
126,2023,2,2,0,0,0,0,0,0,1,0
126,2025,5,4,2,1,0,1,1,0,0,0
126,2026,3,3,0,0,0,0,0,0,0,0
129,2019,1,1,0,0,0,0,0,0,1,0
141,2022,3,3,1,1,0,0,0,0,0,0
141,2025,1,1,0,0,0,0,0,0,0,0
141,2026,2,1,1,1,0,0,1,0,0,0
144,2016,3,3,1,0,0,0,0,0,1,0
144,2018,1,1,1,0,0,0,0,0,0,0
144,2019,1,1,1,0,0,0,0,0,0,0
144,2022,1,1,0,0,0,0,0,0,1,0
144,2023,3,3,1,0,0,0,0,0,0,0
144,2025,1,1,0,0,0,0,0,0,0,0
145,2022,2,1,1,0,0,0,1,0,0,0
145,2024,2,2,0,0,0,0,0,0,1,0
145,2025,1,1,0,0,0,0,0,0,1,0
145,2026,1,1,0,0,0,0,0,0,0,0
155,2025,2,2,0,0,0,0,0,0,1,0
155,2026,1,1,0,0,0,0,0,0,0,0
162,2016,1,1,1,0,1,0,0,0,0,0
173,2024,2,2,0,0,0,0,0,0,0,0
194,2021,1,1,1,1,0,0,0,0,0,0
207,2017,1,1,1,0,0,0,0,0,0,0
217,2026,2,2,0,0,0,0,0,0,0,0
219,2015,2,1,0,0,0,0,1,0,0,0
222,2026,1,1,0,0,0,0,0,0,0,0
225,2013,10,9,5,3,0,1,1,0,1,0
225,2014,6,6,0,0,0,0,0,0,3,0
225,2015,6,6,2,0,0,0,0,0,1,0
228,2019,4,4,0,0,0,0,0,0,4,0
228,2021,1,1,1,0,0,0,0,0,0,0
228,2022,2,1,1,0,0,1,1,0,0,0
229,2018,1,1,0,0,0,0,0,0,0,0
229,2021,7,5,0,0,0,0,1,1,1,0
229,2022,1,1,1,0,0,0,0,0,0,0
229,2023,1,1,1,0,0,0,0,0,0,0
229,2024,1,1,0,0,0,0,0,0,0,0
243,2019,2,2,0,0,0,0,0,0,1,0
243,2021,3,3,0,0,0,0,0,0,1,0
243,2024,1,1,1,0,0,0,0,0,0,0
256,2013,1,0,0,0,0,0,1,0,0,0
263,2015,3,3,2,0,0,0,0,0,1,0
263,2021,6,5,3,0,0,1,1,0,0,0
268,2014,3,3,1,0,0,0,0,0,0,0
268,2016,3,2,2,0,0,1,1,0,0,0
268,2017,3,3,0,0,0,0,0,0,0,0
268,2018,2,2,1,1,0,0,0,0,0,0
268,2019,5,4,0,0,0,0,1,0,0,0
268,2023,6,5,2,0,0,0,0,1,2,0
269,2019,2,2,2,1,0,0,0,0,0,0
273,2018,1,1,1,1,0,0,0,0,0,0
273,2026,3,2,0,0,0,0,1,0,2,0
276,2023,2,2,0,0,0,0,0,0,2,0
276,2024,1,1,1,0,0,1,0,0,0,0
278,2022,3,1,0,0,0,0,2,0,1,0
283,2024,1,1,0,0,0,0,0,0,0,0
293,2019,5,4,1,0,0,0,1,0,0,0
293,2020,1,1,0,0,0,0,0,0,1,0
293,2025,2,2,0,0,0,0,0,0,0,0
297,2019,3,3,0,0,0,0,0,0,0,0
297,2025,1,1,0,0,0,0,0,0,1,0
299,2016,3,3,1,0,1,0,0,0,0,0
299,2019,3,2,1,0,0,1,1,0,1,0
299,2021,3,3,0,0,0,0,0,0,1,0
299,2023,2,2,0,0,0,0,0,0,1,0
299,2025,3,3,3,0,0,0,0,0,0,0
309,2019,1,1,1,0,0,1,0,0,0,0
326,2021,1,1,0,0,0,0,0,0,0,0
326,2026,1,1,0,0,0,0,0,0,0,0
339,2022,3,3,1,0,0,0,0,0,1,0
340,2015,2,2,1,0,0,0,0,0,0,0
343,2018,5,5,1,1,0,0,0,0,1,0
343,2019,6,5,1,0,0,1,1,0,1,0
343,2022,2,2,1,1,0,0,0,0,0,0
369,2026,1,1,0,0,0,0,0,0,0,0
380,2012,2,2,0,0,0,0,0,0,1,0
382,2011,3,2,0,0,0,0,0,1,2,0
382,2014,4,3,1,1,0,0,1,0,1,0
382,2015,3,3,1,0,0,0,0,0,1,0
382,2016,3,3,0,0,0,0,0,0,0,0
382,2018,5,5,2,0,0,0,0,0,2,0
382,2019,6,2,2,0,0,0,4,0,0,0
382,2020,5,5,1,0,0,0,0,0,0,0
384,2011,5,4,3,1,0,1,1,0,0,0
384,2012,3,3,0,0,0,0,0,0,0,0
384,2013,6,6,2,1,0,0,0,0,0,0
398,2025,1,1,0,0,0,0,0,0,0,0
398,2026,2,1,0,0,0,0,1,0,0,0
400,2025,2,1,1,0,0,0,1,0,0,0
401,2023,5,4,3,0,0,0,1,0,0,0
401,2024,6,5,1,0,0,0,1,0,1,0
401,2025,1,1,1,0,0,0,0,0,0,0
408,2023,2,2,0,0,0,0,0,0,0,0
408,2026,4,3,1,0,0,0,1,0,2,0
417,2012,1,1,0,0,0,0,0,0,0,0
432,2013,1,1,1,1,0,0,0,0,0,0
449,2017,2,1,0,0,0,0,1,0,1,0
449,2018,2,1,0,0,0,0,1,0,1,0
449,2019,5,5,1,0,0,0,0,0,1,0
452,2024,2,2,2,1,0,0,0,0,0,0
453,2022,1,1,0,0,0,0,0,0,0,0
453,2023,4,4,1,0,0,0,0,0,1,0
453,2024,1,1,0,0,0,0,0,0,1,0
456,2011,2,2,1,0,0,0,0,0,0,0
456,2012,1,1,0,0,0,0,0,0,0,0
456,2015,1,1,1,0,0,0,0,0,0,0
470,2025,1,1,1,0,1,0,0,0,0,0
470,2026,2,2,1,0,0,0,0,0,0,0
477,2020,3,2,0,0,0,0,1,0,0,0
479,2010,1,1,0,0,0,0,0,0,0,0
479,2012,1,1,0,0,0,0,0,0,0,0
485,2011,1,1,0,0,0,0,0,0,0,0
490,2017,1,1,0,0,0,0,0,0,0,0
490,2019,1,1,0,0,0,0,0,0,1,0
494,2016,1,1,0,0,0,0,0,0,0,0
500,2011,3,3,1,0,0,0,0,0,0,0
500,2012,3,3,0,0,0,0,0,0,0,0
500,2013,6,5,1,0,0,0,1,0,2,0
500,2014,3,3,2,0,0,0,0,0,1,0
500,2018,3,3,2,2,0,0,0,0,0,0
528,2013,2,2,1,0,0,1,0,0,0,0
535,2021,1,1,0,0,0,0,0,0,0,0
546,2010,1,1,0,0,0,0,0,0,1,0
557,2021,1,1,0,0,0,0,0,0,0,0
557,2022,2,2,0,0,0,0,0,0,0,0
557,2026,1,1,1,0,0,0,0,0,0,0
570,2024,2,2,0,0,0,0,0,0,1,0
570,2025,1,0,0,0,0,0,1,0,0,0
570,2026,1,1,0,0,0,0,0,0,1,0
592,2021,1,0,0,0,0,0,1,0,0,0
592,2022,2,2,0,0,0,0,0,0,1,0
592,2023,3,0,0,0,0,0,3,0,0,0
614,2023,3,1,0,0,0,0,1,1,0,0
614,2025,1,1,1,0,0,0,0,0,0,0
622,2018,1,1,0,0,0,0,0,0,0,0
626,2018,1,1,1,1,0,0,0,0,0,0
626,2019,1,1,0,0,0,0,0,0,0,0
629,2020,2,1,0,0,0,0,1,0,0,0
629,2021,2,2,0,0,0,0,0,0,1,0
629,2024,3,3,1,0,0,0,0,0,1,0
635,2019,1,1,1,0,0,0,0,0,0,0
640,2014,1,1,0,0,0,0,0,0,0,0
640,2015,1,1,1,0,0,0,0,0,0,0
646,2016,1,0,0,0,0,0,1,0,0,0
647,2022,1,1,0,0,0,0,0,0,1,0
652,2015,1,0,0,0,0,0,1,0,0,0
652,2016,2,2,1,0,0,0,0,0,1,0
652,2017,3,2,1,0,0,0,1,0,1,0
652,2018,1,1,0,0,0,0,0,0,0,0
652,2019,1,1,0,0,0,0,0,0,0,0
679,2018,1,1,0,0,0,0,0,0,1,0
680,2021,6,6,3,0,0,3,0,0,0,0
683,2022,6,6,1,0,0,0,0,0,2,0
683,2023,3,2,1,0,0,1,1,0,1,0
683,2024,2,1,1,0,0,0,1,0,0,0
683,2025,3,2,1,0,0,0,1,0,0,0
687,2011,4,4,0,0,0,0,0,0,3,0
687,2012,6,4,0,0,0,0,2,0,2,0
687,2013,5,5,0,0,0,0,0,0,2,0
687,2014,6,5,0,0,0,0,1,0,2,0
687,2015,1,1,0,0,0,0,0,0,0,0
687,2016,7,6,3,1,0,0,1,0,1,0
687,2017,1,1,1,0,0,1,0,0,0,0
698,2010,1,1,0,0,0,0,0,0,1,0
698,2012,2,2,0,0,0,0,0,0,1,0
711,2012,2,2,1,1,0,0,0,0,0,0
711,2016,3,3,2,1,0,0,0,0,1,0
711,2019,6,5,1,1,0,0,1,0,2,0
711,2021,3,2,0,0,0,0,1,0,0,0
716,2023,2,2,2,2,0,0,0,0,0,0
716,2024,1,1,0,0,0,0,0,0,1,0
730,2025,3,3,2,1,0,1,0,0,1,0
752,2011,1,0,0,0,0,0,1,0,0,0
757,2012,1,1,0,0,0,0,0,0,1,0
762,2014,3,3,2,0,0,1,0,0,1,0
769,2023,5,5,2,0,0,0,0,0,0,0
769,2025,2,2,0,0,0,0,0,0,0,0
769,2026,2,2,0,0,0,0,0,0,0,0
771,2011,3,3,1,0,0,1,0,0,0,0
771,2012,3,3,0,0,0,0,0,0,3,0
773,2021,2,2,1,0,0,0,0,0,1,0
773,2022,1,0,0,0,0,0,1,0,0,0
773,2023,1,1,0,0,0,0,0,0,0,0
773,2024,2,2,0,0,0,0,0,0,0,0
773,2026,1,0,0,0,0,0,1,0,0,0
774,2014,2,1,0,0,0,0,1,0,0,0
777,2019,3,2,0,0,0,0,0,0,0,1
778,2018,2,1,0,0,0,0,1,0,0,0
778,2020,2,2,1,0,0,0,0,0,0,0
778,2023,1,1,1,0,0,0,0,0,0,0
778,2024,4,4,0,0,0,0,0,0,2,0
778,2025,3,3,1,0,0,1,0,0,0,0
778,2026,1,1,0,0,0,0,0,0,0,0
783,2026,1,1,0,0,0,0,0,0,0,0
786,2011,3,3,1,0,0,0,0,0,1,0
794,2011,2,2,0,0,0,0,0,0,0,0
794,2013,1,1,0,0,0,0,0,0,1,0
794,2016,1,0,0,0,0,0,1,0,0,0
795,2012,1,1,0,0,0,0,0,0,1,0
799,2022,2,2,1,0,0,0,0,0,0,0
801,2024,3,2,1,0,0,0,1,0,0,0
801,2025,3,3,1,0,0,0,0,0,1,0
801,2026,1,1,1,0,0,0,0,0,0,0
812,2011,1,1,0,0,0,0,0,0,0,0
812,2013,2,2,1,1,0,0,0,0,0,0
828,2011,1,1,0,0,0,0,0,0,0,0
829,2025,2,2,1,0,0,0,0,0,0,0
844,2021,3,3,2,0,0,0,0,0,0,0
844,2024,2,1,1,0,0,0,1,0,0,0
861,2013,1,1,1,0,0,0,0,0,0,0
861,2014,1,1,1,0,0,0,0,0,0,0
861,2015,2,2,0,0,0,0,0,0,1,0
861,2017,1,1,0,0,0,0,0,0,0,0
876,2014,3,2,0,0,0,0,1,0,0,0
883,2025,2,2,0,0,0,0,0,0,0,0
885,2021,2,2,0,0,0,0,0,0,0,0
891,2023,1,1,0,0,0,0,0,0,1,0
891,2024,1,1,1,0,0,1,0,0,0,0
891,2026,4,4,2,1,0,0,0,0,0,0
904,2019,3,3,1,0,0,1,0,0,0,0
904,2023,3,3,1,0,0,0,0,0,0,0
919,2015,1,1,0,0,0,0,0,0,0,0
919,2018,1,1,0,0,0,0,0,0,0,0
919,2020,1,0,0,0,0,0,1,0,0,0
920,2011,2,2,2,0,0,0,0,0,0,0
920,2013,1,1,0,0,0,0,0,0,0,0
927,2013,3,2,0,0,0,0,1,0,0,0
927,2014,1,1,0,0,0,0,0,0,0,0
927,2015,3,3,0,0,0,0,0,0,1,0
927,2016,6,6,0,0,0,0,0,0,1,0
927,2017,6,5,1,0,0,0,1,0,1,0
927,2018,3,3,1,1,0,0,0,0,1,0
934,2017,2,1,0,0,0,0,1,0,0,0
934,2018,1,1,1,0,1,0,0,0,0,0
939,2017,1,1,0,0,0,0,0,0,0,0
940,2024,3,3,0,0,0,0,0,0,1,0
940,2025,3,3,1,0,0,0,0,0,1,0
940,2026,2,2,0,0,0,0,0,0,1,0
946,2023,2,2,1,1,0,0,0,0,1,0
946,2025,2,2,2,0,0,0,0,0,0,0
947,2019,2,1,0,0,0,0,1,0,0,0
947,2022,3,3,1,0,0,1,0,0,1,0
962,2011,2,2,2,1,0,0,0,0,0,0
962,2012,3,2,0,0,0,0,1,0,0,0
962,2015,3,3,3,0,0,1,0,0,0,0
968,2022,1,1,0,0,0,0,0,0,0,0
968,2023,4,3,1,0,0,0,0,0,0,1
968,2024,1,0,0,0,0,0,1,0,0,0
968,2025,2,0,0,0,0,0,2,0,0,0
978,2024,2,2,0,0,0,0,0,0,0,0
978,2025,4,4,1,0,0,0,0,0,2,0
984,2026,1,1,1,0,0,0,0,0,0,0
986,2025,2,2,1,0,0,0,0,0,0,0
986,2026,1,0,0,0,0,0,1,0,0,0
989,2018,5,5,0,0,0,0,0,0,1,0
989,2022,3,3,0,0,0,0,0,0,1,0
989,2023,3,2,1,1,0,0,1,0,0,0
989,2024,3,3,1,0,0,1,0,0,0,0
992,2013,1,1,1,0,0,1,0,0,0,0
992,2014,1,1,1,1,0,0,0,0,0,0
1009,2011,3,3,2,1,0,0,0,0,1,0
1009,2012,9,8,2,0,0,0,1,0,1,0
1009,2016,2,2,0,0,0,0,0,0,0,0
1009,2017,1,1,0,0,0,0,0,0,0,0
1018,2023,3,3,0,0,0,0,0,0,1,0
1027,2015,2,2,1,0,0,0,0,0,0,0
1027,2016,2,1,0,0,0,0,0,0,0,1
1032,2020,1,1,0,0,0,0,0,0,1,0
1032,2021,4,4,0,0,0,0,0,0,1,0
1032,2022,1,1,1,0,0,0,0,0,0,0
1035,2014,7,6,3,2,0,0,0,0,1,1
1035,2015,1,1,0,0,0,0,0,0,1,0
1035,2016,5,5,4,1,0,0,0,0,0,0
1035,2017,5,5,1,0,0,0,0,0,2,0
1035,2018,8,8,4,1,0,1,0,0,2,0
1036,2025,1,1,1,0,0,1,0,0,0,0
1070,2011,1,1,0,0,0,0,0,0,0,0
1070,2012,1,1,1,0,0,0,0,0,0,0
1087,2014,3,3,2,1,1,0,0,0,1,0
1087,2017,3,3,0,0,0,0,0,0,0,0
1106,2014,3,2,1,1,0,0,1,0,0,0
1140,2020,1,1,0,0,0,0,0,0,1,0
1140,2021,2,2,1,0,0,0,0,0,1,0
1140,2026,2,2,0,0,0,0,0,0,0,0
1143,2016,1,1,0,0,0,0,0,0,0,0
1145,2016,1,1,1,1,0,0,0,0,0,0
1145,2019,2,2,1,0,0,1,0,0,1,0
1181,2013,1,1,0,0,0,0,0,0,1,0
1193,2026,2,2,0,0,0,0,0,0,0,0
1200,2012,1,1,0,0,0,0,0,0,1,0
1200,2018,1,1,0,0,0,0,0,0,1,0
1200,2020,1,1,0,0,0,0,0,0,0,0
1200,2021,1,1,0,0,0,0,0,0,0,0
1200,2023,3,2,0,0,0,0,1,0,1,0
1204,2019,3,3,0,0,0,0,0,0,2,0
1204,2024,3,3,1,0,0,0,0,0,2,0
1204,2025,6,5,0,0,0,0,0,1,3,0
1204,2026,3,3,1,0,0,0,0,0,0,0
1206,2016,1,1,0,0,0,0,0,0,0,0
1210,2025,2,2,1,1,0,0,0,0,0,0
1214,2015,1,1,0,0,0,0,0,0,0,0
1214,2019,3,2,0,0,0,0,1,0,0,0
1214,2020,1,0,0,0,0,0,1,0,0,0
1214,2021,2,2,1,0,0,0,0,0,0,0
1215,2016,1,0,0,0,0,0,1,0,0,0
1216,2015,3,3,1,0,0,1,0,0,0,0
1216,2016,3,2,0,0,0,0,1,0,1,0
1216,2017,2,2,1,0,0,0,0,0,0,0
1216,2018,2,2,1,0,0,0,0,0,0,0
1216,2019,2,2,1,0,1,0,0,0,1,0
1216,2021,1,1,0,0,0,0,0,0,0,0
1222,2017,1,1,0,0,0,0,0,0,0,0
1238,2024,3,3,0,0,0,0,0,0,1,0
1240,2011,3,2,0,0,0,0,0,0,1,1
1257,2023,1,1,0,0,0,0,0,0,0,0
1258,2018,1,1,0,0,0,0,0,0,0,0
1263,2018,3,2,0,0,0,0,0,1,0,0
1263,2019,2,2,1,0,0,0,0,0,1,0
1265,2011,1,1,0,0,0,0,0,0,0,0
1269,2022,4,4,2,1,0,0,0,0,0,0
1269,2025,1,1,1,0,0,0,0,0,0,0
1274,2017,1,1,1,0,0,0,0,0,0,0
1274,2018,1,1,0,0,0,0,0,0,0,0
1274,2022,5,3,3,1,0,1,2,0,0,0
1274,2023,3,3,0,0,0,0,0,0,1,0
1289,2012,2,2,1,1,0,0,0,0,1,0
1289,2014,1,1,1,0,0,0,0,0,0,0
1289,2016,1,1,0,0,0,0,0,0,0,0
1296,2020,3,2,1,0,0,0,1,0,0,0
1303,2018,1,0,0,0,0,0,1,0,0,0
1303,2019,3,2,2,1,0,0,1,0,0,0
1311,2022,3,2,0,0,0,0,1,0,0,0
1311,2023,1,1,0,0,0,0,0,0,0,0
1311,2024,2,2,1,0,0,0,0,0,0,0
1311,2025,1,1,0,0,0,0,0,0,0,0
1315,2019,3,1,0,0,0,0,2,0,0,0
1333,2024,1,0,0,0,0,0,1,0,0,0
1337,2011,3,2,1,0,0,0,1,0,0,0
1337,2015,1,1,0,0,0,0,0,0,0,0
1337,2018,1,1,1,0,0,0,0,0,0,0
1337,2020,2,1,0,0,0,0,1,0,0,0
1347,2011,1,0,0,0,0,0,1,0,0,0
1348,2021,3,2,0,0,0,0,1,0,0,0
1348,2022,1,1,0,0,0,0,0,0,0,0
1348,2023,1,1,0,0,0,0,0,0,0,0
1368,2011,2,2,0,0,0,0,0,0,1,0
1368,2012,4,3,1,0,0,0,0,0,1,1
1368,2014,3,2,0,0,0,0,1,0,2,0
1368,2021,2,2,0,0,0,0,0,0,1,0
1379,2025,3,3,1,0,0,0,0,0,1,0
1394,2023,3,3,1,1,0,0,0,0,1,0
1433,2011,1,1,0,0,0,0,0,0,0,0
1433,2014,1,0,0,0,0,0,1,0,0,0
1433,2016,2,1,1,0,0,0,1,0,0,0
1433,2017,2,1,0,0,0,0,1,0,0,0
1436,2021,3,3,0,0,0,0,0,0,2,0
1436,2025,2,2,1,0,0,0,0,0,1,0
1443,2023,1,1,0,0,0,0,0,0,1,0
1443,2026,1,1,0,0,0,0,0,0,1,0
1477,2014,3,0,0,0,0,0,3,0,0,0
1477,2016,3,2,1,0,0,0,1,0,1,0
1477,2018,3,3,1,0,0,0,0,0,1,0
1478,2014,5,5,1,0,0,0,0,0,1,0
1478,2015,10,9,4,0,0,1,0,1,1,0
1481,2016,1,1,1,0,1,0,0,0,0,0
1481,2017,1,1,1,0,0,1,0,0,0,0
1495,2012,9,6,1,1,0,0,3,0,1,0
1495,2013,3,3,1,0,0,0,0,0,1,0
1495,2015,2,2,0,0,0,0,0,0,0,0
1496,2018,2,2,0,0,0,0,0,0,1,0
1496,2019,3,3,1,0,0,1,0,0,1,0
1496,2021,3,3,0,0,0,0,0,0,0,0
1496,2025,3,2,0,0,0,0,1,0,1,0
1496,2026,2,1,0,0,0,0,1,0,1,0
1514,2011,5,5,2,0,0,0,0,0,2,0
1514,2012,6,6,1,0,0,1,0,0,2,0
1514,2013,6,5,1,0,0,0,1,0,0,0
1514,2014,6,6,1,1,0,0,0,0,1,0
1514,2016,7,7,2,1,0,1,0,0,2,0
1514,2019,3,2,0,0,0,0,1,0,0,0
1514,2021,6,5,0,0,0,0,1,0,2,0
1514,2022,8,8,3,1,0,0,0,0,1,0
1514,2023,6,5,2,0,0,0,1,0,0,0
1515,2019,1,1,1,0,0,0,0,0,0,0
1515,2024,2,2,1,0,0,1,0,0,0,0
1515,2025,1,1,1,0,0,0,0,0,0,0
1515,2026,1,1,0,0,0,0,0,0,0,0
1518,2018,3,3,0,0,0,0,0,0,2,0
1533,2016,2,1,1,0,0,1,1,0,0,0
1541,2023,1,1,0,0,0,0,0,0,0,0
1541,2024,1,1,1,0,0,0,0,0,0,0
1541,2026,1,1,0,0,0,0,0,0,0,0
1551,2025,2,2,1,0,0,0,0,0,1,0
1551,2026,3,3,0,0,0,0,0,0,1,0
1556,2012,6,6,1,0,0,0,0,0,2,0
1556,2013,3,2,1,0,0,1,1,0,0,0
1556,2014,9,6,2,0,0,0,3,0,0,0
1561,2012,1,0,0,0,0,0,1,0,0,0
1562,2019,1,1,0,0,0,0,0,0,1,0
1562,2021,3,2,1,0,0,0,1,0,1,0
1562,2022,5,5,2,0,0,0,0,0,0,0
1562,2023,3,1,0,0,0,0,2,0,1,0
1562,2025,6,6,1,0,0,0,0,0,2,0
1563,2025,3,3,0,0,0,0,0,0,1,0
1563,2026,1,1,0,0,0,0,0,0,0,0
1567,2011,3,2,0,0,0,0,1,0,1,0
1567,2012,6,5,3,0,0,0,0,1,2,0
1567,2016,2,2,0,0,0,0,0,0,1,0
1575,2025,1,1,0,0,0,0,0,0,0,0
1583,2013,1,1,0,0,0,0,0,0,1,0
1616,2018,2,2,1,0,0,0,0,0,0,0
1623,2024,3,2,1,0,0,0,1,0,0,0
1623,2025,2,2,1,1,0,0,0,0,1,0
1635,2011,6,6,1,0,0,0,0,0,3,0
1635,2012,4,3,0,0,0,0,1,0,1,0
1635,2013,1,1,0,0,0,0,0,0,0,0
1648,2021,2,1,0,0,0,0,1,0,0,0
1648,2022,3,3,0,0,0,0,0,0,1,0
1648,2023,1,1,0,0,0,0,0,0,1,0
1648,2024,4,2,0,0,0,0,1,1,0,0
1648,2025,3,2,1,0,0,0,1,0,1,0
1651,2021,2,2,0,0,0,0,0,0,1,0
1651,2023,3,3,1,0,0,1,0,0,2,0
1651,2024,1,1,1,0,0,0,0,0,0,0
1666,2012,5,4,2,1,0,0,1,0,0,0
1666,2013,3,3,1,0,0,1,0,0,0,0
1666,2014,1,1,1,0,0,0,0,0,0,0
1666,2017,3,2,0,0,0,0,1,0,1,0
1669,2011,3,3,0,0,0,0,0,0,2,0
1669,2013,3,3,0,0,0,0,0,0,0,0
1669,2015,2,2,0,0,0,0,0,0,0,0
1693,2021,1,0,0,0,0,0,1,0,0,0
1701,2025,2,2,0,0,0,0,0,0,2,0
1701,2026,3,3,2,0,0,0,0,0,0,0
1702,2013,1,1,1,0,0,0,0,0,0,0
1702,2014,1,1,0,0,0,0,0,0,0,0
1702,2015,1,1,0,0,0,0,0,0,1,0
1702,2016,1,1,0,0,0,0,0,0,1,0
1725,2017,2,2,1,0,0,1,0,0,1,0
1728,2021,2,1,1,0,0,1,0,1,0,0
1751,2023,2,2,1,0,0,1,0,0,0,0
1751,2024,3,3,0,0,0,0,0,0,1,0
1751,2025,4,4,0,0,0,0,0,0,2,0
1751,2026,4,4,1,0,0,1,0,0,3,0
1760,2025,1,1,0,0,0,0,0,0,0,0
1773,2011,6,6,0,0,0,0,0,0,2,0
1773,2012,7,7,2,0,0,0,0,0,3,0
1773,2013,3,3,0,0,0,0,0,0,1,0
1773,2014,2,2,0,0,0,0,0,0,0,0
1776,2022,1,1,1,1,0,0,0,0,0,0
1790,2014,2,2,0,0,0,0,0,0,1,0
1801,2014,12,8,1,0,0,0,4,0,1,0
1806,2011,3,2,0,0,0,0,1,0,0,0
1808,2012,1,1,0,0,0,0,0,0,0,0
1820,2021,3,2,2,0,0,0,1,0,0,0
1825,2011,3,1,0,0,0,0,2,0,0,0
1837,2012,1,1,0,0,0,0,0,0,0,0
1837,2013,2,2,2,0,0,0,0,0,0,0
1858,2013,3,3,1,0,0,0,0,0,0,0
1858,2015,3,3,2,1,0,1,0,0,0,0
1858,2016,4,3,1,0,0,0,1,0,1,0
1858,2017,3,3,2,0,0,0,0,0,1,0
1875,2022,1,1,1,0,0,0,0,0,0,0
1883,2018,1,1,1,0,0,0,0,0,0,0
1884,2020,3,3,1,1,0,0,0,0,0,0
1892,2022,3,3,2,1,0,1,0,0,0,0
1900,2018,2,2,0,0,0,0,0,0,0,0
1900,2025,3,2,1,0,0,0,1,0,1,0
1905,2017,2,2,1,0,0,0,0,0,0,0
1905,2018,2,1,0,0,0,0,1,0,1,0
1905,2019,3,3,2,0,0,0,0,0,0,0
1905,2021,3,1,0,0,0,0,2,0,1,0
1905,2022,3,2,1,0,0,0,0,1,1,0
1905,2026,3,3,1,0,0,0,0,0,0,0
1908,2018,2,2,0,0,0,0,0,0,0,0
1908,2021,6,5,2,0,0,0,1,0,0,0
1908,2023,2,1,0,0,0,0,1,0,0,0
1935,2026,3,2,0,0,0,0,0,1,1,0
1937,2022,3,3,2,1,0,0,0,0,1,0
1937,2023,3,3,0,0,0,0,0,0,0,0
1937,2024,3,3,1,0,0,0,0,0,1,0
1937,2025,8,7,1,0,0,0,1,0,2,0
1937,2026,3,3,2,0,0,0,0,0,0,0
1941,2024,3,3,2,0,0,2,0,0,0,0
1943,2013,1,1,0,0,0,0,0,0,0,0
1943,2015,3,3,1,0,0,1,0,0,2,0
1943,2017,2,1,1,0,0,1,1,0,0,0
1943,2018,1,1,0,0,0,0,0,0,0,0
1952,2012,1,1,0,0,0,0,0,0,0,0
1952,2015,1,1,0,0,0,0,0,0,1,0
1963,2016,1,1,1,0,0,1,0,0,0,0
1966,2021,2,1,0,0,0,0,1,0,0,0
1966,2022,2,2,2,0,1,0,0,0,0,0
1971,2011,6,5,3,0,0,2,1,0,2,0
1971,2012,2,1,0,0,0,0,1,0,1,0
1971,2014,3,3,0,0,0,0,0,0,0,0
1971,2017,3,2,2,1,0,0,1,0,0,0
1971,2018,3,2,0,0,0,0,1,0,0,0
1971,2019,3,3,1,0,0,1,0,0,0,0
1971,2021,1,1,1,0,1,0,0,0,0,0
1971,2022,3,3,1,0,0,0,0,0,0,0
1974,2015,1,1,0,0,0,0,0,0,0,0
1974,2016,1,1,0,0,0,0,0,0,1,0
1974,2017,2,1,0,0,0,0,1,0,0,0
1974,2018,2,1,1,1,0,0,1,0,0,0
1974,2019,2,1,0,0,0,0,0,1,0,0
1974,2021,3,3,0,0,0,0,0,0,0,0
1974,2023,2,1,0,0,0,0,1,0,0,0
1974,2024,1,0,0,0,0,0,0,0,0,1
1974,2025,2,2,1,0,0,0,0,0,0,0
1985,2025,2,2,0,0,0,0,0,0,0,0
1985,2026,2,2,0,0,0,0,0,0,1,0
1991,2011,2,2,0,0,0,0,0,0,0,0
1991,2013,1,1,1,0,0,0,0,0,0,0
1991,2014,3,3,0,0,0,0,0,0,3,0
1991,2015,2,2,1,0,0,0,0,0,0,0
1991,2018,1,1,0,0,0,0,0,0,1,0
1991,2024,2,2,1,0,0,0,0,0,1,0
2002,2023,1,0,0,0,0,0,1,0,0,0
2002,2024,1,1,0,0,0,0,0,0,0,0
2006,2011,3,3,2,1,0,0,0,0,1,0
2006,2012,2,0,0,0,0,0,2,0,0,0
2006,2013,5,5,3,1,0,0,0,0,0,0
2006,2016,3,3,1,0,0,0,0,0,2,0
2006,2017,2,2,1,0,0,0,0,0,0,0
2006,2018,2,2,1,0,0,0,0,0,0,0
2006,2019,4,4,1,0,0,1,0,0,1,0
2006,2021,2,2,0,0,0,0,0,0,1,0
2011,2014,1,1,0,0,0,0,0,0,1,0
2011,2023,1,1,0,0,0,0,0,0,0,0
2022,2016,10,9,4,0,1,0,1,0,3,0
2022,2018,12,11,4,0,0,1,1,0,3,0
2022,2019,1,1,0,0,0,0,0,0,0,0
2035,2018,2,2,0,0,0,0,0,0,1,0
2035,2020,2,2,0,0,0,0,0,0,2,0
2042,2025,5,5,1,0,0,0,0,0,0,0
2042,2026,1,1,0,0,0,0,0,0,1,0
2046,2011,2,2,0,0,0,0,0,0,2,0
2046,2012,1,1,0,0,0,0,0,0,0,0
2046,2013,4,2,0,0,0,0,1,1,2,0
2046,2014,2,2,1,0,0,0,0,0,0,0
2046,2015,2,1,0,0,0,0,0,1,0,0
2079,2018,1,1,1,1,0,0,0,0,0,0
2083,2015,4,4,1,1,0,0,0,0,2,0
2083,2016,3,3,1,0,0,0,0,0,1,0
2089,2011,2,2,0,0,0,0,0,0,2,0
2089,2012,2,2,0,0,0,0,0,0,1,0
2089,2013,3,2,0,0,0,0,1,0,1,0
2089,2014,6,6,1,0,0,0,0,0,2,0
2089,2015,2,2,1,0,0,0,0,0,0,0
2089,2018,1,1,1,0,0,0,0,0,0,0
2089,2019,1,0,0,0,0,0,1,0,0,0
2090,2023,1,0,0,0,0,0,1,0,0,0
2093,2024,3,3,1,0,0,0,0,0,2,0
2093,2025,3,3,2,2,0,0,0,0,0,0
2124,2025,1,1,0,0,0,0,0,0,0,0
2124,2026,3,3,0,0,0,0,0,0,0,0
2129,2014,1,1,0,0,0,0,0,0,0,0
2134,2021,4,4,0,0,0,0,0,0,2,0
2135,2024,2,2,0,0,0,0,0,0,0,0
2135,2025,1,1,1,0,0,0,0,0,0,0
2146,2016,2,1,0,0,0,0,1,0,0,0
2152,2022,8,7,1,0,0,1,0,0,0,1
2152,2023,3,2,0,0,0,0,0,1,1,0
2161,2011,6,6,0,0,0,0,0,0,2,0
2161,2012,3,3,1,1,0,0,0,0,1,0
2161,2013,4,3,3,0,0,1,1,0,0,0
2161,2014,3,2,1,0,0,0,1,0,0,0
2161,2015,2,2,0,0,0,0,0,0,2,0
2161,2021,1,1,1,0,0,1,0,0,0,0
2167,2013,2,1,1,1,0,0,1,0,0,0
2167,2018,1,1,1,0,0,0,0,0,0,0
2175,2012,3,3,0,0,0,0,0,0,1,0
2175,2018,3,3,0,0,0,0,0,0,1,0
2175,2022,12,8,3,0,0,0,4,0,0,0
2175,2023,2,1,0,0,0,0,1,0,0,0
2185,2011,2,2,1,1,0,0,0,0,1,0
2204,2015,2,2,1,0,0,0,0,0,0,0
2204,2017,1,1,1,1,0,0,0,0,0,0
2204,2018,6,4,2,1,0,1,2,0,1,0
2210,2022,1,1,1,0,0,0,0,0,0,0
2212,2014,6,5,2,1,0,0,1,0,2,0
2212,2015,4,3,0,0,0,0,0,1,1,0
2212,2016,3,3,0,0,0,0,0,0,2,0
2212,2017,3,3,3,1,0,1,0,0,0,0
2212,2020,3,3,1,1,0,0,0,0,1,0
2212,2023,3,3,1,0,0,0,0,0,1,0
2212,2026,3,3,0,0,0,0,0,0,3,0
2228,2011,5,5,3,1,0,0,0,0,0,0
2228,2012,5,5,3,0,0,1,0,0,1,0
2228,2013,2,2,1,1,0,0,0,0,0,0
2228,2014,3,3,1,0,0,0,0,0,0,0
2228,2015,3,3,1,0,0,0,0,0,0,0
2232,2013,1,1,1,0,0,0,0,0,0,0
2232,2018,1,1,1,0,0,0,0,0,0,0
2236,2019,1,1,1,0,0,0,0,0,0,0
2236,2022,4,4,0,0,0,0,0,0,1,0
2237,2014,10,10,6,3,0,0,0,0,1,0
2237,2015,12,10,3,0,0,0,2,0,1,0
2237,2016,13,13,6,2,0,1,0,0,2,0
2268,2015,3,2,0,0,0,0,1,0,0,0
2268,2016,9,7,4,1,0,0,1,1,2,0
2268,2017,7,6,1,0,0,0,0,1,0,0
2268,2018,4,4,3,0,0,1,0,0,0,0
2268,2019,2,2,2,0,0,0,0,0,0,0
2270,2018,2,2,2,0,0,0,0,0,0,0
2286,2023,4,4,1,0,0,0,0,0,0,0
2286,2025,1,1,1,0,0,1,0,0,0,0
2291,2011,3,3,1,1,0,0,0,0,0,0
2291,2012,2,2,0,0,0,0,0,0,0,0
2305,2021,2,2,0,0,0,0,0,0,0,0
2322,2012,1,1,0,0,0,0,0,0,0,0
2322,2013,3,3,0,0,0,0,0,0,1,0
2322,2016,4,3,0,0,0,0,1,0,3,0
2322,2017,7,6,1,1,0,0,0,1,2,0
2322,2018,6,5,1,1,0,0,1,0,3,0
2322,2019,9,8,3,0,0,0,1,0,2,0
2322,2020,7,7,1,0,0,0,0,0,2,0
2322,2021,6,5,2,0,0,0,1,0,0,0
2322,2022,1,1,0,0,0,0,0,0,0,0
2322,2023,3,3,1,0,0,0,0,0,0,0
2322,2024,7,4,1,1,0,0,3,0,1,0
2325,2018,1,1,0,0,0,0,0,0,0,0
2331,2015,1,1,1,0,0,0,0,0,0,0
2335,2019,1,0,0,0,0,0,0,1,0,0
2355,2012,2,1,0,0,0,0,1,0,0,0
2355,2013,2,2,1,0,0,0,0,0,1,0
2358,2011,3,3,2,1,0,0,0,0,1,0
2358,2012,3,2,0,0,0,0,0,0,0,1
2358,2013,2,2,1,0,0,0,0,0,0,0
2358,2014,3,2,1,1,0,0,1,0,0,0
2368,2024,3,3,1,1,0,0,0,0,0,0
2368,2025,2,2,0,0,0,0,0,0,0,0
2369,2014,9,9,3,0,0,1,0,0,1,0
2369,2016,6,3,2,0,0,1,3,0,1,0
2372,2023,2,2,0,0,0,0,0,0,1,0
2372,2024,2,1,0,0,0,0,0,1,1,0
2388,2022,1,1,0,0,0,0,0,0,0,0
2388,2023,1,1,0,0,0,0,0,0,1,0
2388,2025,1,1,1,0,0,0,0,0,0,0
2393,2021,1,0,0,0,0,0,0,1,0,0
2437,2023,3,3,2,0,0,0,0,0,1,0
2437,2024,3,3,1,0,0,1,0,0,0,0
2449,2018,1,1,0,0,0,0,0,0,0,0
2449,2019,1,1,0,0,0,0,0,0,1,0
2449,2022,1,1,0,0,0,0,0,0,1,0
2456,2023,2,1,1,0,0,0,1,0,0,0
2458,2024,1,1,1,0,0,0,0,0,0,0
2459,2021,1,1,1,0,0,0,0,0,0,0
2459,2022,4,3,1,0,0,1,0,0,0,1
2459,2025,2,2,1,0,0,1,0,0,0,0
2460,2023,2,2,1,0,0,0,0,0,1,0
2460,2024,3,3,2,0,0,0,0,0,0,0
2460,2025,3,3,1,0,0,0,0,0,1,0
2461,2018,2,2,0,0,0,0,0,0,1,0
2479,2024,1,1,0,0,0,0,0,0,1,0
2482,2013,1,0,0,0,0,0,1,0,0,0
2490,2020,2,1,1,1,0,0,1,0,0,0
2490,2021,6,6,2,0,0,0,0,0,2,0
2490,2022,2,1,0,0,0,0,1,0,0,0
2497,2023,2,1,0,0,0,0,0,0,0,1
2497,2024,1,0,0,0,0,0,1,0,0,0
2497,2026,1,1,0,0,0,0,0,0,0,0
2505,2012,1,1,0,0,0,0,0,0,0,0
2512,2012,1,1,1,0,0,0,0,0,0,0
2513,2025,1,1,0,0,0,0,0,0,0,0
2513,2026,1,1,0,0,0,0,0,0,1,0
2518,2023,1,0,0,0,0,0,1,0,0,0
2518,2026,1,0,0,0,0,0,1,0,0,0
2525,2011,4,3,0,0,0,0,0,1,1,0
2525,2014,4,4,0,0,0,0,0,0,2,0
2525,2015,3,3,2,1,0,0,0,0,0,0
2525,2022,3,3,0,0,0,0,0,0,2,0
2538,2014,2,1,0,0,0,0,1,0,1,0
2547,2023,2,2,1,0,0,0,0,0,0,0
2552,2021,2,2,1,0,0,0,0,0,0,0
2552,2023,1,0,0,0,0,0,0,0,0,1
2554,2016,1,0,0,0,0,0,1,0,0,0
2599,2025,1,1,0,0,0,0,0,0,0,0
2606,2018,5,4,1,0,0,0,1,0,2,0
2606,2019,5,4,2,1,0,0,1,0,0,0
2606,2021,3,3,1,0,0,1,0,0,0,0
2606,2022,12,11,3,0,0,1,1,0,3,0
2606,2023,6,6,1,1,0,0,0,0,1,0
2606,2024,8,7,1,1,0,0,1,0,2,0
2606,2025,4,4,1,0,0,1,0,0,1,0
2625,2018,1,1,0,0,0,0,0,0,1,0
2625,2019,2,2,0,0,0,0,0,0,1,0
2625,2020,1,1,1,1,0,0,0,0,0,0
2671,2022,1,1,1,0,0,0,0,0,0,0
2671,2023,3,2,0,0,0,0,0,1,2,0
2676,2019,1,1,1,0,0,1,0,0,0,0
2690,2017,3,3,1,0,0,0,0,0,1,0
2690,2018,1,1,1,0,0,0,0,0,0,0
2690,2019,2,2,0,0,0,0,0,0,2,0
2692,2016,3,3,1,1,0,0,0,0,0,0
2692,2021,6,4,1,0,0,0,2,0,0,0
2692,2022,9,7,3,0,0,0,2,0,1,0
2692,2023,6,6,4,0,0,0,0,0,0,0
2703,2017,1,1,0,0,0,0,0,0,0,0
2727,2012,1,1,0,0,0,0,0,0,1,0
2727,2014,2,2,1,0,1,0,0,0,1,0
2727,2015,2,2,0,0,0,0,0,0,1,0
2728,2021,1,1,0,0,0,0,0,0,1,0
2731,2014,9,7,1,0,0,0,2,0,3,0
2731,2015,3,3,1,0,0,1,0,0,1,0
2731,2016,9,9,2,1,0,0,0,0,3,0
2731,2017,9,9,3,0,0,1,0,0,0,0
2731,2018,18,16,5,1,0,0,2,0,4,0
2731,2019,13,10,3,0,0,1,3,0,3,0
2731,2020,5,4,0,0,0,0,1,0,2,0
2731,2021,5,5,0,0,0,0,0,0,3,0
2731,2022,3,3,1,0,0,0,0,0,1,0
2731,2025,3,3,0,0,0,0,0,0,1,0
2731,2026,3,3,1,0,0,0,0,0,1,0
2743,2021,3,3,2,2,0,0,0,0,0,0
2751,2014,1,1,0,0,0,0,0,0,0,0
2754,2013,3,3,1,0,0,0,0,0,1,0
2754,2015,4,3,0,0,0,0,1,0,1,0
2754,2016,3,2,0,0,0,0,1,0,1,0
2754,2017,1,1,0,0,0,0,0,0,0,0
2754,2018,1,1,0,0,0,0,0,0,1,0
2762,2015,3,3,2,0,0,2,0,0,1,0
2762,2017,1,1,1,0,0,0,0,0,0,0
2763,2013,1,1,1,0,0,0,0,0,0,0
2769,2023,1,1,0,0,0,0,0,0,1,0
2776,2013,3,2,0,0,0,0,1,0,0,0
2776,2014,1,0,0,0,0,0,1,0,0,0
2776,2015,1,1,1,0,0,0,0,0,0,0
2782,2021,1,0,0,0,0,0,1,0,0,0
2790,2023,1,1,0,0,0,0,0,0,0,0
2790,2025,1,1,1,1,0,0,0,0,0,0
2793,2011,1,1,1,0,0,0,0,0,0,0
2810,2011,3,2,1,0,0,1,1,0,1,0
2810,2012,3,3,0,0,0,0,0,0,1,0
2833,2015,6,4,1,0,0,0,2,0,1,0
2833,2016,6,6,2,1,0,1,0,0,4,0
2833,2019,3,3,1,0,0,1,0,0,1,0
2833,2021,5,5,1,0,0,0,0,0,0,0
2840,2014,3,3,2,0,0,0,0,0,0,0
2840,2017,6,4,0,0,0,0,2,0,1,0
2844,2022,2,1,0,0,0,0,1,0,1,0
2844,2023,6,5,2,1,0,1,1,0,1,0
2844,2024,3,2,1,0,0,0,1,0,0,0
2844,2025,1,1,0,0,0,0,0,0,1,0
2844,2026,3,2,1,0,0,0,1,0,1,0
2847,2011,4,4,1,0,0,0,0,0,0,0
2847,2012,15,13,2,1,0,0,1,1,3,0
2847,2014,6,6,2,1,0,0,0,0,1,0
2847,2021,5,5,1,0,0,0,0,0,2,0
2847,2022,2,2,2,0,0,1,0,0,0,0
2850,2017,1,1,0,0,0,0,0,0,1,0
2850,2023,1,1,1,0,0,0,0,0,0,0
2868,2022,2,2,1,0,0,0,0,0,0,0
2868,2023,1,1,0,0,0,0,0,0,0,0
2868,2024,1,1,0,0,0,0,0,0,0,0
2872,2016,1,1,1,0,0,0,0,0,0,0
2878,2017,1,1,0,0,0,0,0,0,0,0
2878,2019,3,3,1,0,0,1,0,0,2,0
2878,2020,2,1,0,0,0,0,1,0,0,0
2878,2021,2,0,0,0,0,0,2,0,0,0
2878,2022,3,2,0,0,0,0,1,0,0,0
2878,2024,1,0,0,0,0,0,1,0,0,0
2878,2025,2,1,0,0,0,0,0,1,1,0
2885,2014,1,1,0,0,0,0,0,0,1,0
2893,2023,1,1,1,1,0,0,0,0,0,0
2897,2021,2,2,1,0,0,0,0,0,0,0
2911,2011,11,9,3,2,0,0,2,0,1,0
2911,2012,9,9,6,2,0,1,0,0,2,0
2911,2013,3,3,1,0,0,1,0,0,1,0
2911,2015,3,2,1,0,0,1,1,0,0,0
2914,2012,3,3,1,0,0,0,0,0,1,0
2914,2013,5,5,1,0,0,0,0,0,2,0
2914,2014,5,5,1,0,0,0,0,0,3,0
2914,2015,2,2,1,1,0,0,0,0,0,0
2914,2017,1,1,0,0,0,0,0,0,0,0
2914,2018,2,2,2,0,0,0,0,0,0,0
2914,2024,3,3,1,0,0,0,0,0,1,0
2920,2021,2,1,1,1,0,0,1,0,0,0
2941,2021,1,1,0,0,0,0,0,0,0,0
2968,2020,1,1,1,1,0,0,0,0,0,0
2968,2021,1,1,0,0,0,0,0,0,0,0
2969,2025,8,8,2,0,0,1,0,0,1,0
2974,2016,1,1,0,0,0,0,0,0,0,0
2977,2018,5,5,0,0,0,0,0,0,1,0
2977,2022,3,2,0,0,0,0,1,0,0,0
2977,2023,1,0,0,0,0,0,0,0,0,1
2977,2025,1,1,0,0,0,0,0,0,1,0
2977,2026,1,1,0,0,0,0,0,0,1,0
2987,2018,1,0,0,0,0,0,1,0,0,0
2987,2019,4,4,0,0,0,0,0,0,2,0
2987,2021,1,1,0,0,0,0,0,0,0,0
3004,2022,1,1,0,0,0,0,0,0,0,0
3004,2023,2,2,1,0,0,0,0,0,1,0
3004,2024,2,1,0,0,0,0,1,0,0,0
3004,2025,2,1,0,0,0,0,1,0,1,0
3004,2026,2,1,1,0,0,0,0,0,0,1
3011,2014,1,0,0,0,0,0,0,1,0,0
3016,2011,1,0,0,0,0,0,1,0,0,0
3033,2020,1,1,1,0,0,0,0,0,0,0
3059,2022,1,0,0,0,0,0,0,0,0,1
3059,2026,1,1,1,0,0,0,0,0,0,0
3070,2013,1,1,1,0,0,0,0,0,0,0
3070,2018,2,0,0,0,0,0,2,0,0,0
3073,2016,2,2,0,0,0,0,0,0,1,0
3073,2019,3,3,0,0,0,0,0,0,2,0
3080,2016,2,2,2,0,0,0,0,0,0,0
3086,2011,1,1,1,0,0,1,0,0,0,0
3086,2013,2,2,2,1,0,0,0,0,0,0
3086,2014,2,2,1,0,0,1,0,0,1,0
3086,2016,1,1,1,0,0,0,0,0,0,0
3086,2017,1,1,0,0,0,0,0,0,1,0
3086,2019,1,1,1,0,0,1,0,0,0,0
3104,2023,2,2,2,0,0,1,0,0,0,0
3104,2024,2,2,1,0,0,0,0,0,0,0
3108,2011,5,3,1,0,0,0,0,1,1,1
3108,2012,5,5,1,0,0,1,0,0,0,0
3108,2013,5,5,1,0,0,0,0,0,1,0
3108,2014,7,7,0,0,0,0,0,0,3,0
3108,2015,5,3,0,0,0,0,2,0,2,0
3108,2016,5,4,2,1,0,0,0,0,2,1
3108,2017,2,1,0,0,0,0,1,0,0,0
3126,2023,1,1,0,0,0,0,0,0,0,0
3129,2019,1,0,0,0,0,0,1,0,0,0
3154,2013,1,1,0,0,0,0,0,0,0,0
3154,2015,2,2,1,1,0,0,0,0,0,0
3154,2019,2,2,1,0,0,0,0,0,0,0
3187,2012,4,3,2,1,0,0,0,1,0,0
3187,2013,2,2,0,0,0,0,0,0,2,0
3187,2014,2,2,1,0,0,0,0,0,0,0
3187,2016,1,1,1,0,0,0,0,0,0,0
3187,2017,3,3,1,0,0,0,0,0,2,0
3194,2017,3,3,1,1,0,0,0,0,1,0
3194,2018,3,3,1,0,0,0,0,0,1,0
3194,2019,1,0,0,0,0,0,1,0,0,0
3194,2022,1,1,0,0,0,0,0,0,0,0
3194,2023,1,0,0,0,0,0,1,0,0,0
3205,2022,3,3,0,0,0,0,0,0,0,0
3206,2016,3,3,0,0,0,0,0,0,1,0
3206,2017,6,6,1,0,0,1,0,0,1,0
3206,2019,9,5,1,1,0,0,4,0,0,0
3206,2020,6,5,1,1,0,0,1,0,1,0
3206,2021,12,11,1,0,0,1,1,0,3,0
3206,2022,3,3,0,0,0,0,0,0,0,0
3212,2020,1,1,1,1,0,0,0,0,0,0
3215,2015,3,2,0,0,0,0,1,0,1,0
3215,2016,14,14,6,1,0,2,0,0,3,0
3215,2017,10,7,3,1,0,1,3,0,2,0
3215,2018,2,2,1,1,0,0,0,0,1,0
3215,2019,1,0,0,0,0,0,1,0,0,0
3215,2021,5,3,0,0,0,0,2,0,1,0
3220,2025,1,1,0,0,0,0,0,0,0,0
3220,2026,1,1,0,0,0,0,0,0,0,0
3224,2011,2,2,0,0,0,0,0,0,0,0
3224,2012,2,2,0,0,0,0,0,0,1,0
3225,2023,6,5,2,0,0,0,1,0,2,0
3225,2024,2,2,1,0,0,0,0,0,0,0
3225,2025,3,3,1,0,0,0,0,0,1,0
3225,2026,6,5,0,0,0,0,1,0,0,0
3231,2019,1,1,0,0,0,0,0,0,0,0
3236,2015,1,1,1,0,0,1,0,0,0,0
3236,2016,2,1,1,1,0,0,1,0,0,0
3236,2017,2,2,1,1,0,0,0,0,0,0
3276,2025,2,2,2,0,0,0,0,0,0,0
3280,2025,2,2,2,0,0,1,0,0,0,0
3283,2025,1,1,0,0,0,0,0,0,0,0
3286,2011,2,2,0,0,0,0,0,0,0,0
3286,2012,8,8,2,1,0,0,0,0,1,0
3286,2013,6,5,1,0,0,0,1,0,0,0
3286,2014,20,17,4,0,0,1,3,0,1,0
3286,2015,3,3,2,0,0,0,0,0,1,0
3286,2018,2,1,1,0,0,0,1,0,0,0
3286,2025,3,3,1,0,0,1,0,0,2,0
3291,2023,1,1,0,0,0,0,0,0,1,0
3291,2026,1,0,0,0,0,0,1,0,0,0
3297,2013,3,3,3,0,0,1,0,0,0,0
3297,2019,1,1,0,0,0,0,0,0,0,0
3302,2012,1,1,0,0,0,0,0,0,1,0
3302,2013,3,3,3,1,0,1,0,0,0,0
3305,2011,1,1,0,0,0,0,0,0,0,0
3306,2016,2,2,1,0,0,1,0,0,0,0
3311,2016,1,1,0,0,0,0,0,0,1,0
3316,2020,2,2,1,1,0,0,0,0,0,0
3320,2022,1,1,1,0,0,1,0,0,0,0
3325,2021,8,8,4,1,0,1,0,0,0,0
3325,2022,2,2,0,0,0,0,0,0,0,0
3336,2019,2,1,1,1,0,0,1,0,0,0
3336,2021,2,2,0,0,0,0,0,0,0,0
3336,2022,1,0,0,0,0,0,1,0,0,0
3344,2025,3,3,1,0,0,0,0,0,1,0
3344,2026,1,1,1,0,0,1,0,0,0,0
3347,2011,6,6,1,0,0,0,0,0,2,0
3347,2015,3,2,0,0,0,0,1,0,0,0
3347,2017,3,3,1,0,0,1,0,0,1,0
3361,2025,2,1,0,0,0,0,1,0,0,0
3366,2014,2,1,0,0,0,0,1,0,1,0
3379,2024,1,1,0,0,0,0,0,0,0,0
3384,2020,1,1,0,0,0,0,0,0,1,0
3384,2021,1,1,0,0,0,0,0,0,0,0
3384,2025,1,1,0,0,0,0,0,0,1,0
3384,2026,1,0,0,0,0,0,1,0,0,0
3391,2024,6,5,2,1,0,1,1,0,1,0
3391,2025,3,3,2,0,0,0,0,0,0,0
3394,2013,2,2,1,0,0,1,0,0,0,0
3394,2014,5,5,3,1,0,0,0,0,1,0
3394,2015,4,3,1,0,0,1,1,0,0,0
3394,2016,3,2,0,0,0,0,1,0,2,0
3394,2017,4,3,0,0,0,0,1,0,1,0
3394,2018,2,2,1,0,0,0,0,0,1,0
3394,2019,3,3,0,0,0,0,0,0,2,0
3394,2020,2,1,0,0,0,0,1,0,0,0
3394,2021,2,2,0,0,0,0,0,0,0,0
3394,2022,1,0,0,0,0,0,1,0,0,0
3404,2023,2,2,0,0,0,0,0,0,0,0
3404,2024,1,1,1,0,0,0,0,0,0,0
3410,2014,2,2,0,0,0,0,0,0,0,0
3416,2026,2,2,0,0,0,0,0,0,2,0
3422,2025,2,1,0,0,0,0,1,0,1,0
3422,2026,1,1,0,0,0,0,0,0,0,0
3428,2019,4,2,1,0,0,0,2,0,0,0
3428,2020,6,5,1,0,0,0,1,0,1,0
3428,2021,11,8,3,1,0,0,3,0,2,0
3428,2022,3,3,0,0,0,0,0,0,1,0
3428,2024,3,3,1,1,0,0,0,0,0,0
3428,2025,3,2,0,0,0,0,1,0,0,0
3428,2026,1,0,0,0,0,0,1,0,0,0
3434,2013,3,2,1,0,0,0,1,0,0,0
3434,2014,3,2,0,0,0,0,1,0,0,0
3438,2019,1,1,0,0,0,0,0,0,0,0
3440,2017,1,1,1,0,0,1,0,0,0,0
3442,2010,1,1,0,0,0,0,0,0,1,0
3442,2013,1,1,0,0,0,0,0,0,0,0
3444,2021,2,0,0,0,0,0,1,1,0,0
3444,2022,4,4,0,0,0,0,0,0,0,0
3444,2023,5,4,1,1,0,0,1,0,0,0
3444,2024,3,3,2,0,0,0,0,0,0,0
3444,2025,2,1,1,0,0,0,1,0,0,0
3444,2026,6,3,3,0,1,0,2,0,0,1
3447,2018,1,1,0,0,0,0,0,0,0,0
3447,2024,1,1,0,0,0,0,0,0,0,0
3447,2025,1,1,0,0,0,0,0,0,0,0
3449,2025,1,0,0,0,0,0,1,0,0,0
3453,2026,1,1,0,0,0,0,0,0,1,0
3461,2013,6,6,3,1,0,1,0,0,2,0
3461,2014,6,6,0,0,0,0,0,0,3,0
3461,2015,3,3,2,0,0,0,0,0,0,0
3461,2016,9,8,3,0,0,1,1,0,1,0
3464,2022,2,1,1,0,0,0,1,0,0,0
3465,2021,1,1,1,0,0,0,0,0,0,0
3467,2025,1,1,0,0,0,0,0,0,0,0
3467,2026,1,0,0,0,0,0,1,0,0,0
3476,2026,1,1,0,0,0,0,0,0,0,0
3480,2025,3,3,1,1,0,0,0,0,0,0
3481,2025,2,2,2,0,0,0,0,0,0,0
3481,2026,1,1,1,0,0,0,0,0,0,0
3483,2021,2,1,1,0,0,1,0,0,0,1
3492,2017,1,1,1,0,0,0,0,0,0,0
3498,2015,3,3,1,1,0,0,0,0,0,0
3500,2013,3,3,1,0,0,0,0,0,1,0
3501,2013,2,1,0,0,0,0,1,0,0,0
3521,2016,6,5,1,1,0,0,0,1,3,0
3521,2018,3,3,1,0,0,0,0,0,1,0
3523,2020,2,1,1,0,0,1,1,0,0,0
3523,2021,2,2,0,0,0,0,0,0,0,0
3523,2022,2,1,0,0,0,0,1,0,0,0
3523,2023,1,1,0,0,0,0,0,0,1,0
3536,2011,1,1,0,0,0,0,0,0,0,0
3546,2013,3,2,0,0,0,0,0,1,1,0
3546,2014,7,6,2,0,0,0,1,0,1,0
3546,2015,6,6,2,0,0,0,0,0,1,0
3557,2018,3,3,3,0,0,1,0,0,0,0
3557,2019,5,5,0,0,0,0,0,0,2,0
3557,2023,6,6,3,0,0,0,0,0,0,0
3557,2025,3,3,1,0,0,1,0,0,0,0
3562,2015,3,2,0,0,0,0,1,0,0,0
3565,2021,3,3,2,0,0,1,0,0,0,0
3565,2023,4,4,2,2,0,0,0,0,0,0
3565,2026,2,1,1,0,0,1,1,0,0,0
3574,2017,2,2,0,0,0,0,0,0,1,0
3574,2019,2,2,1,1,0,0,0,0,1,0
3574,2023,3,3,0,0,0,0,0,0,0,0
3574,2024,3,3,1,0,0,1,0,0,1,0
3580,2018,1,0,0,0,0,0,1,0,0,0
3580,2021,5,4,2,0,0,0,1,0,0,0
3580,2022,2,1,0,0,0,0,1,0,1,0
3587,2018,1,1,0,0,0,0,0,0,0,0
3598,2013,3,2,2,0,0,1,1,0,0,0
3602,2023,1,1,0,0,0,0,0,0,0,0
3602,2024,1,0,0,0,0,0,1,0,0,0
3612,2019,2,2,1,1,0,0,0,0,0,0
3612,2020,1,1,0,0,0,0,0,0,0,0
3655,2022,1,1,0,0,0,0,0,0,1,0
3680,2012,4,2,1,0,0,0,1,0,0,1
3683,2013,3,2,0,0,0,0,1,0,0,0
3683,2015,2,2,1,0,0,0,0,0,0,0
3686,2023,3,3,0,0,0,0,0,0,1,0
3694,2010,1,1,0,0,0,0,0,0,1,0
3703,2011,1,1,0,0,0,0,0,0,1,0
3724,2017,6,5,1,1,0,0,0,0,2,1
3724,2018,6,5,1,1,0,0,1,0,1,0
3724,2019,3,3,1,0,0,0,0,0,1,0
3724,2022,15,12,4,1,0,0,2,1,4,0
3724,2023,6,6,0,0,0,0,0,0,3,0
3724,2024,3,3,0,0,0,0,0,0,0,0
3724,2025,5,5,1,1,0,0,0,0,3,0
3724,2026,8,7,3,0,0,0,0,0,2,1
3742,2014,1,1,1,0,0,0,0,0,0,0
3744,2022,4,4,2,1,0,0,0,0,0,0
3744,2023,2,2,2,1,0,0,0,0,0,0
3747,2015,2,2,0,0,0,0,0,0,2,0
3747,2016,4,4,0,0,0,0,0,0,2,0
3748,2014,1,1,1,1,0,0,0,0,0,0
3749,2022,6,6,1,0,0,0,0,0,4,0
3749,2023,3,3,1,0,0,0,0,0,2,0
3749,2024,6,4,0,0,0,0,1,1,1,0
3749,2025,3,3,2,1,0,0,0,0,1,0
3760,2020,1,1,0,0,0,0,0,0,0,0
3760,2021,1,1,1,1,0,0,0,0,0,0
3766,2026,1,0,0,0,0,0,1,0,0,0
3772,2013,1,1,1,0,0,0,0,0,0,0
3776,2011,1,1,0,0,0,0,0,0,0,0
3784,2024,1,0,0,0,0,0,0,0,0,1
3785,2022,1,1,0,0,0,0,0,0,0,0
3785,2023,1,1,0,0,0,0,0,0,1,0
3788,2024,1,1,0,0,0,0,0,0,0,0
3803,2023,1,1,0,0,0,0,0,0,0,0
3803,2024,1,0,0,0,0,0,1,0,0,0
3806,2025,2,2,1,0,0,0,0,0,0,0
3806,2026,1,1,0,0,0,0,0,0,1,0
3808,2019,3,2,2,0,0,2,1,0,0,0
3818,2012,3,2,0,0,0,0,1,0,0,0
3827,2019,1,1,1,0,0,0,0,0,0,0
3827,2021,1,1,1,0,0,0,0,0,0,0
3827,2022,1,1,1,0,0,1,0,0,0,0
3834,2011,4,2,0,0,0,0,2,0,0,0
3834,2012,3,3,2,0,0,0,0,0,0,0
3834,2014,5,4,0,0,0,0,1,0,1,0
3835,2021,3,3,1,0,0,0,0,0,1,0
3835,2022,6,6,0,0,0,0,0,0,0,0
3835,2023,6,6,2,0,0,1,0,0,1,0
3835,2024,5,5,1,0,0,1,0,0,3,0
3835,2025,6,4,2,2,0,0,1,0,1,1
3835,2026,5,5,1,0,0,0,0,0,0,0
3845,2018,3,3,1,0,0,1,0,0,0,0
3845,2019,1,1,0,0,0,0,0,0,0,0
3845,2021,3,3,1,0,0,0,0,0,0,0
3860,2025,3,2,0,0,0,0,1,0,1,0
3860,2026,3,3,0,0,0,0,0,0,0,0
3868,2019,2,2,2,0,0,1,0,0,0,0
3871,2015,2,1,0,0,0,0,1,0,0,0
3876,2012,1,1,1,1,0,0,0,0,0,0
3876,2015,2,2,2,0,0,2,0,0,0,0
3876,2016,1,1,0,0,0,0,0,0,1,0
3878,2011,3,3,2,0,0,1,0,0,0,0
3878,2012,3,2,0,0,0,0,1,0,2,0
3878,2014,3,2,2,0,0,1,0,1,0,0
3878,2016,6,6,0,0,0,0,0,0,5,0
3878,2018,2,2,0,0,0,0,0,0,0,0
3880,2017,6,5,2,0,0,0,1,0,1,0
3880,2018,6,5,3,0,0,3,1,0,0,0
3880,2019,3,3,1,0,0,0,0,0,1,0
3880,2021,1,1,0,0,0,0,0,0,0,0
3880,2022,3,3,0,0,0,0,0,0,2,0
3889,2013,1,1,0,0,0,0,0,0,1,0
3889,2014,1,0,0,0,0,0,1,0,0,0
3889,2015,3,3,0,0,0,0,0,0,1,0
3889,2017,2,2,0,0,0,0,0,0,1,0
3889,2018,2,1,1,1,0,0,1,0,0,0
3889,2021,1,1,0,0,0,0,0,0,0,0
3889,2022,3,3,1,0,0,0,0,0,0,0
3889,2023,2,2,1,0,0,0,0,0,0,0
3889,2024,1,1,0,0,0,0,0,0,0,0
3889,2025,1,1,1,0,0,0,0,0,0,0
3904,2025,1,1,0,0,0,0,0,0,0,0
3906,2026,2,1,0,0,0,0,1,0,0,0
3909,2016,1,1,0,0,0,0,0,0,0,0
3909,2020,1,1,0,0,0,0,0,0,0,0
3909,2021,5,4,1,0,0,0,1,0,0,0
3909,2023,1,1,0,0,0,0,0,0,1,0
3909,2024,1,0,0,0,0,0,1,0,0,0
3918,2017,1,1,1,1,0,0,0,0,0,0
3925,2011,3,3,0,0,0,0,0,0,1,0
3925,2013,3,2,0,0,0,0,1,0,0,0
3933,2018,1,1,1,0,0,1,0,0,0,0
3933,2019,3,2,0,0,0,0,1,0,1,0
3933,2021,1,1,0,0,0,0,0,0,1,0
3933,2023,1,1,0,0,0,0,0,0,0,0
3935,2021,2,1,1,0,0,0,1,0,0,0
3935,2023,5,4,1,0,0,0,1,0,1,0
3938,2025,3,1,0,0,0,0,2,0,1,0
3951,2011,6,6,2,0,0,0,0,0,3,0
3951,2012,2,2,2,0,0,1,0,0,0,0
3951,2014,6,4,0,0,0,0,2,0,1,0
3951,2015,3,3,0,0,0,0,0,0,1,0
3951,2016,3,2,1,1,0,0,1,0,0,0
3951,2017,3,3,1,0,0,1,0,0,0,0
3956,2026,3,1,1,1,0,0,2,0,0,0
3966,2012,4,3,1,0,0,0,1,0,0,0
3966,2013,5,5,1,0,0,0,0,0,0,0
3968,2015,3,3,0,0,0,0,0,0,1,0
3968,2021,3,3,0,0,0,0,0,0,0,0
3968,2024,3,3,1,0,0,1,0,0,1,0
3968,2026,3,3,1,0,0,0,0,0,0,0
3969,2018,2,2,1,0,0,0,0,0,0,0
3969,2019,1,1,0,0,0,0,0,0,1,0
3975,2011,11,11,1,0,0,0,0,0,1,0
3975,2013,13,12,5,1,0,1,1,0,0,0
3975,2014,6,6,1,1,0,0,0,0,0,0
3975,2015,9,8,2,0,0,1,1,0,1,0
3975,2016,3,1,0,0,0,0,2,0,1,0
3993,2026,1,1,1,1,0,0,0,0,0,0
3998,2018,3,3,1,0,0,0,0,0,0,0
3998,2023,3,3,0,0,0,0,0,0,1,0
3998,2024,1,0,0,0,0,0,1,0,0,0
4002,2013,2,2,1,0,0,0,0,0,0,0
4002,2014,1,1,1,0,0,1,0,0,0,0
4002,2016,1,1,1,1,0,0,0,0,0,0
4018,2023,2,2,2,0,0,0,0,0,0,0
4026,2025,1,1,1,0,0,0,0,0,0,0
4026,2026,1,1,0,0,0,0,0,0,0,0
4029,2016,4,2,1,0,0,1,2,0,0,0
4029,2021,3,3,0,0,0,0,0,0,2,0
4029,2022,3,2,1,0,0,0,1,0,0,0
4042,2024,3,2,0,0,0,0,1,0,0,0
4046,2021,1,1,0,0,0,0,0,0,0,0
4046,2022,1,1,1,0,0,0,0,0,0,0
4047,2024,3,3,1,1,0,0,0,0,1,0
4047,2025,2,1,1,0,0,0,1,0,0,0
4051,2022,5,5,1,0,0,0,0,0,2,0
4051,2025,1,1,0,0,0,0,0,0,1,0
4055,2014,3,3,1,0,0,0,0,0,1,0
4055,2015,2,2,0,0,0,0,0,0,1,0
4055,2019,1,1,0,0,0,0,0,0,1,0
4066,2015,4,3,0,0,0,0,1,0,2,0
4072,2022,2,1,0,0,0,0,1,0,0,0
4072,2023,1,1,1,1,0,0,0,0,0,0
4072,2024,3,3,1,0,0,0,0,0,1,0
4072,2025,1,1,1,0,0,0,0,0,0,0
4072,2026,1,1,0,0,0,0,0,0,0,0
4073,2026,3,2,1,0,0,1,1,0,0,0
4077,2016,1,1,1,0,0,0,0,0,0,0
4077,2019,3,3,2,0,0,2,0,0,0,0
4087,2018,1,0,0,0,0,0,1,0,0,0
4087,2021,1,0,0,0,0,0,1,0,0,0
4087,2022,2,2,0,0,0,0,0,0,0,0
4091,2020,2,1,0,0,0,0,1,0,0,0
4091,2023,2,2,1,1,0,0,0,0,1,0
4103,2016,2,2,2,1,0,0,0,0,0,0
4110,2016,3,2,2,1,0,1,1,0,0,0
4110,2017,3,2,0,0,0,0,1,0,2,0
4110,2018,3,3,1,0,0,0,0,0,1,0
4110,2019,4,4,1,0,0,0,0,0,1,0
4114,2017,1,1,0,0,0,0,0,0,1,0
4114,2018,2,1,0,0,0,0,1,0,0,0
4130,2018,4,4,2,0,0,0,0,0,0,0
4130,2022,3,3,2,1,0,1,0,0,0,0
4130,2023,3,3,1,0,0,0,0,0,0,0
4130,2024,5,4,1,0,0,1,1,0,0,0
4130,2025,4,4,2,1,0,0,0,0,0,0
4137,2014,1,1,1,0,0,0,0,0,0,0
4137,2015,1,1,0,0,0,0,0,0,0,0
4137,2016,4,4,3,1,0,1,0,0,1,0
4137,2017,1,0,0,0,0,0,1,0,0,0
4151,2019,2,2,0,0,0,0,0,0,1,0
4159,2021,2,2,0,0,0,0,0,0,0,0
4170,2012,9,8,2,1,0,1,0,0,3,1
4170,2013,12,11,3,1,0,0,0,1,3,0
4170,2014,7,5,2,0,0,1,0,1,1,1
4170,2015,6,5,2,2,0,0,1,0,3,0
4170,2016,8,7,2,0,0,0,1,0,2,0
4170,2017,9,9,3,1,0,2,0,0,3,0
4170,2018,6,6,3,2,0,0,0,0,2,0
4180,2012,3,3,0,0,0,0,0,0,2,0
4180,2013,1,1,0,0,0,0,0,0,0,0
4182,2017,2,1,1,0,0,0,1,0,0,0
4184,2017,3,2,1,0,0,0,1,0,1,0
4185,2014,1,0,0,0,0,0,1,0,0,0
4186,2018,3,3,1,0,0,0,0,0,0,0
4194,2016,1,0,0,0,0,0,1,0,0,0
4196,2021,1,1,0,0,0,0,0,0,0,0
4196,2024,1,0,0,0,0,0,0,1,0,0
4220,2025,3,2,1,0,0,0,0,1,0,0
4220,2026,3,3,0,0,0,0,0,0,1,0
4221,2022,3,3,1,0,0,0,0,0,0,0
4221,2023,2,2,2,0,0,0,0,0,0,0
4221,2024,3,2,1,0,0,0,1,0,0,0
4231,2011,3,2,0,0,0,0,1,0,2,0
4231,2012,4,4,2,1,0,0,0,0,0,0
4231,2013,2,2,0,0,0,0,0,0,1,0
4232,2022,1,1,0,0,0,0,0,0,1,0
4232,2024,1,1,0,0,0,0,0,0,0,0
4243,2018,1,0,0,0,0,0,1,0,0,0
4243,2019,1,1,0,0,0,0,0,0,1,0
4243,2023,1,1,0,0,0,0,0,0,1,0
4244,2021,1,1,0,0,0,0,0,0,0,0
4244,2022,1,1,1,0,0,0,0,0,0,0
4249,2011,2,2,0,0,0,0,0,0,1,0
4251,2026,2,1,1,0,0,0,1,0,0,0
4254,2015,4,4,2,0,0,0,0,0,1,0
4254,2016,1,1,0,0,0,0,0,0,1,0
4254,2017,4,3,1,0,0,0,1,0,1,0
4254,2018,6,6,1,0,0,0,0,0,1,0
4267,2025,1,0,0,0,0,0,0,0,0,1
4267,2026,1,1,0,0,0,0,0,0,0,0
4281,2018,5,5,2,0,0,0,0,0,0,0
4283,2022,1,1,0,0,0,0,0,0,0,0
4283,2023,1,0,0,0,0,0,1,0,0,0
4289,2016,6,6,2,0,1,0,0,0,4,0
4289,2017,6,3,0,0,0,0,3,0,2,0
4289,2018,3,2,0,0,0,0,0,1,1,0
4289,2019,3,2,1,0,0,1,1,0,1,0
4289,2021,3,2,1,0,0,0,1,0,1,0
4289,2024,2,1,1,0,0,0,1,0,0,0
4290,2021,4,4,0,0,0,0,0,0,1,0
4290,2022,5,3,0,0,0,0,1,0,0,1
4292,2014,3,3,1,1,0,0,0,0,2,0
4292,2019,3,3,1,0,0,0,0,0,2,0
4292,2021,3,3,0,0,0,0,0,0,1,0
4292,2022,3,3,2,0,0,0,0,0,0,0
4292,2023,3,2,1,0,0,0,0,0,0,1
4292,2025,6,6,1,0,0,1,0,0,3,0
4302,2018,1,1,0,0,0,0,0,0,1,0
4302,2020,2,2,1,0,0,1,0,0,0,0
4302,2021,1,1,1,0,0,0,0,0,0,0
4311,2022,6,6,1,0,0,1,0,0,3,0
4311,2024,6,6,2,1,0,0,0,0,1,0
4311,2025,3,3,1,1,0,0,0,0,1,0
4326,2011,1,1,1,0,0,0,0,0,0,0
4336,2013,1,0,0,0,0,0,1,0,0,0
4336,2015,1,1,0,0,0,0,0,0,1,0
4337,2011,2,2,0,0,0,0,0,0,0,0
4337,2019,1,1,1,0,0,0,0,0,0,0
4344,2011,2,2,0,0,0,0,0,0,1,0
4344,2013,3,3,1,0,0,0,0,0,2,0
4344,2014,4,4,0,0,0,0,0,0,1,0
4344,2015,3,3,0,0,0,0,0,0,2,0
4344,2016,6,6,1,0,0,0,0,0,3,0
4344,2017,3,3,1,1,0,0,0,0,0,0
4344,2018,6,6,1,0,0,0,0,0,1,0
4344,2019,3,3,2,1,0,0,0,0,1,0
4353,2026,3,3,0,0,0,0,0,0,0,0
4361,2011,2,2,1,0,0,0,0,0,1,0
4361,2013,1,1,0,0,0,0,0,0,0,0
4365,2013,1,0,0,0,0,0,0,1,0,0
4365,2014,2,2,0,0,0,0,0,0,0,0
4365,2015,1,1,0,0,0,0,0,0,0,0
4365,2016,1,1,0,0,0,0,0,0,0,0
4396,2016,6,5,1,0,0,0,1,0,4,0
4396,2017,13,11,4,2,0,0,1,1,3,0
4396,2018,5,4,1,0,0,0,1,0,2,0
4396,2019,2,2,1,0,0,0,0,0,0,0
4396,2021,2,1,0,0,0,0,1,0,0,0
4396,2022,1,1,1,1,0,0,0,0,0,0
4403,2021,2,2,2,0,0,0,0,0,0,0
4405,2020,1,1,0,0,0,0,0,0,0,0
4408,2011,1,1,0,0,0,0,0,0,1,0
4408,2012,3,3,1,0,0,0,0,0,0,0
4408,2017,2,2,0,0,0,0,0,0,0,0
4408,2018,5,4,0,0,0,0,0,1,0,0
4408,2019,2,2,1,1,0,0,0,0,0,0
4408,2020,1,1,0,0,0,0,0,0,0,0
4408,2021,2,1,1,0,0,0,1,0,0,0
4409,2016,3,3,0,0,0,0,0,0,1,0
4409,2018,3,3,2,0,0,0,0,0,0,0
4409,2019,2,1,0,0,0,0,1,0,0,0
4412,2011,1,1,1,0,0,0,0,0,0,0
4412,2013,2,2,0,0,0,0,0,0,0,0
4415,2018,2,2,1,0,0,1,0,0,0,0
4415,2019,3,2,0,0,0,0,1,0,1,0
4415,2026,1,1,1,0,0,0,0,0,0,0
4429,2018,1,1,0,0,0,0,0,0,1,0
4446,2025,3,3,1,0,0,0,0,0,1,0
4449,2011,3,2,0,0,0,0,1,0,0,0
4457,2021,6,6,2,2,0,0,0,0,0,0
4457,2022,3,2,0,0,0,0,1,0,0,0
4471,2021,2,1,0,0,0,0,1,0,1,0
4486,2012,1,1,1,0,0,0,0,0,0,0
4491,2018,1,1,0,0,0,0,0,0,0,0
4491,2019,3,3,1,0,0,1,0,0,1,0
4491,2021,1,0,0,0,0,0,1,0,0,0
4491,2022,1,1,0,0,0,0,0,0,1,0
4491,2023,3,3,1,0,0,0,0,0,0,0
4491,2025,1,1,0,0,0,0,0,0,0,0
4504,2014,3,3,1,0,1,0,0,0,0,0
4513,2020,1,1,0,0,0,0,0,0,0,0
4513,2021,2,2,1,0,0,1,0,0,0,0
4523,2026,3,2,0,0,0,0,1,0,1,0
4530,2010,1,1,1,0,0,1,0,0,0,0
4530,2011,7,6,2,0,0,0,0,0,2,1
4530,2012,10,8,4,0,0,2,2,0,0,0
4530,2013,2,1,1,0,0,0,1,0,0,0
4539,2024,1,0,0,0,0,0,1,0,0,0
4539,2025,1,1,1,0,0,0,0,0,0,0
4543,2011,13,13,3,0,0,1,0,0,4,0
4543,2012,12,10,3,0,0,0,2,0,5,0
4543,2013,10,10,2,0,0,1,0,0,3,0
4543,2014,12,10,2,1,0,0,2,0,3,0
4543,2017,3,3,1,1,0,0,0,0,0,0
4550,2024,1,0,0,0,0,0,1,0,0,0
4550,2025,1,1,0,0,0,0,0,0,0,0
4561,2011,3,3,2,0,0,1,0,0,0,0
4561,2014,5,4,3,0,0,1,1,0,0,0
4561,2015,3,1,0,0,0,0,1,1,0,0
4561,2016,5,5,0,0,0,0,0,0,2,0
4569,2012,1,1,0,0,0,0,0,0,0,0
4573,2026,3,3,2,0,0,0,0,0,0,0
4579,2011,8,7,2,0,0,0,1,0,1,0
4579,2013,1,1,0,0,0,0,0,0,0,0
4579,2014,3,3,1,0,0,0,0,0,0,0
4579,2015,4,4,0,0,0,0,0,0,3,0
4579,2016,1,0,0,0,0,0,1,0,0,0
4579,2018,2,2,0,0,0,0,0,0,2,0
4579,2021,1,0,0,0,0,0,1,0,0,0
4579,2022,1,0,0,0,0,0,1,0,0,0
4581,2013,3,3,0,0,0,0,0,0,0,0
4598,2011,1,1,0,0,0,0,0,0,0,0
4610,2012,3,3,1,0,0,0,0,0,1,0
4610,2018,4,4,1,0,0,0,0,0,2,0
4610,2021,3,3,0,0,0,0,0,0,1,0
4611,2011,6,5,1,0,0,0,1,0,2,0
4611,2012,6,6,0,0,0,0,0,0,1,0
4611,2015,12,11,3,0,0,1,1,0,3,0
4620,2013,7,5,1,0,0,0,1,0,1,1
4620,2014,3,3,0,0,0,0,0,0,1,0
4620,2015,5,4,0,0,0,0,1,0,0,0
4635,2019,1,1,0,0,0,0,0,0,0,0
4635,2020,2,1,1,0,0,0,1,0,0,0
4656,2023,3,3,3,2,0,0,0,0,0,0
4662,2023,6,5,0,0,0,0,0,1,1,0
4662,2024,3,2,0,0,0,0,0,1,1,0
4665,2012,3,2,0,0,0,0,1,0,0,0
4666,2011,3,3,0,0,0,0,0,0,3,0
4678,2012,2,2,0,0,0,0,0,0,0,0
4678,2013,1,1,1,0,0,0,0,0,0,0
4678,2017,2,1,1,0,0,0,1,0,0,0
4678,2020,4,4,2,1,0,1,0,0,0,0
4685,2018,1,0,0,0,0,0,1,0,0,0
4686,2019,3,3,1,1,0,0,0,0,0,0
4686,2024,1,0,0,0,0,0,1,0,0,0
4686,2026,1,1,0,0,0,0,0,0,0,0
4687,2023,1,1,0,0,0,0,0,0,1,0
4694,2020,2,2,1,0,0,0,0,0,0,0
4694,2026,2,2,1,0,0,1,0,0,0,0
4702,2023,2,2,1,0,0,0,0,0,0,0
4702,2024,3,3,1,0,0,0,0,0,0,0
4705,2012,3,3,0,0,0,0,0,0,0,0
4705,2013,3,3,0,0,0,0,0,0,2,0
4705,2016,12,12,3,3,0,0,0,0,3,0
4705,2017,9,8,2,1,0,1,1,0,1,0
4705,2018,7,6,2,0,0,0,0,0,1,1
4705,2021,3,2,1,0,0,0,0,1,0,0
4715,2011,1,1,0,0,0,0,0,0,0,0
4715,2013,1,0,0,0,0,0,1,0,0,0
4715,2014,1,1,0,0,0,0,0,0,0,0
4715,2016,1,1,0,0,0,0,0,0,0,0
4719,2016,2,2,1,0,0,0,0,0,0,0
4730,2010,1,1,0,0,0,0,0,0,0,0
4731,2013,4,4,0,0,0,0,0,0,3,0
4751,2026,1,1,0,0,0,0,0,0,1,0
4757,2021,2,1,0,0,0,0,1,0,0,0
4757,2023,3,2,2,1,0,1,1,0,0,0
4781,2012,4,4,2,0,0,1,0,0,0,0
4781,2013,5,5,1,0,0,1,0,0,2,0
4800,2023,1,1,0,0,0,0,0,0,0,0
4800,2024,2,2,0,0,0,0,0,0,2,0
4801,2016,10,7,2,1,0,0,3,0,2,0
4801,2017,3,3,1,0,0,1,0,0,0,0
4801,2018,2,1,0,0,0,0,0,0,0,1
4807,2023,2,0,0,0,0,0,1,1,0,0
4807,2024,1,1,1,0,0,0,0,0,0,0
4807,2025,1,1,0,0,0,0,0,0,1,0
4807,2026,1,1,0,0,0,0,0,0,0,0
4810,2016,1,1,1,0,0,0,0,0,0,0
4810,2020,3,2,0,0,0,0,1,0,0,0
4819,2012,1,1,1,0,0,0,0,0,0,0
4819,2013,2,2,0,0,0,0,0,0,0,0
4821,2015,3,3,1,0,0,0,0,0,1,0
4821,2017,3,2,0,0,0,0,1,0,0,0
4821,2019,3,3,0,0,0,0,0,0,1,0
4821,2021,6,5,4,1,0,1,1,0,0,0
4821,2024,6,2,1,0,0,0,4,0,0,0
4821,2025,2,2,0,0,0,0,0,0,0,0
4824,2026,5,4,0,0,0,0,1,0,1,0
4828,2021,1,1,0,0,0,0,0,0,1,0
4828,2022,1,1,0,0,0,0,0,0,1,0
4843,2026,1,1,0,0,0,0,0,0,1,0
4851,2024,2,2,1,0,0,0,0,0,0,0
4853,2010,1,1,1,0,0,0,0,0,0,0
4853,2011,8,8,2,0,0,0,0,0,1,0
4853,2012,2,1,1,0,0,1,0,1,0,0
4858,2022,1,1,0,0,0,0,0,0,0,0
4858,2026,3,2,0,0,0,0,1,0,1,0
4867,2022,1,1,0,0,0,0,0,0,0,0
4867,2026,1,0,0,0,0,0,0,0,0,1
4884,2022,2,1,0,0,0,0,1,0,1,0
4884,2023,1,1,0,0,0,0,0,0,0,0
4886,2011,1,1,0,0,0,0,0,0,1,0
4886,2012,3,2,0,0,0,0,1,0,2,0
4886,2016,3,1,0,0,0,0,2,0,0,0
4886,2018,1,1,0,0,0,0,0,0,1,0
4886,2019,2,2,0,0,0,0,0,0,1,0
4887,2011,2,2,0,0,0,0,0,0,0,0
4888,2021,2,0,0,0,0,0,1,0,0,1
4889,2025,1,1,0,0,0,0,0,0,0,0
4892,2018,5,4,2,0,0,0,1,0,0,0
4892,2019,5,5,1,0,0,1,0,0,1,0
4892,2020,2,2,1,0,0,0,0,0,0,0
4892,2021,3,3,1,0,0,0,0,0,0,0
4896,2011,4,4,3,0,0,0,0,0,0,0
4896,2014,3,3,0,0,0,0,0,0,1,0
4903,2024,1,1,1,0,0,0,0,0,0,0
4904,2023,2,2,0,0,0,0,0,0,1,0
4910,2010,3,3,0,0,0,0,0,0,1,0
4910,2011,11,11,3,0,0,0,0,0,3,0
4915,2023,1,1,0,0,0,0,0,0,1,0
4935,2011,2,1,0,0,0,0,1,0,0,0
4946,2016,2,2,1,0,0,0,0,0,0,0
4946,2018,2,2,1,0,0,0,0,0,0,0
4946,2019,1,1,0,0,0,0,0,0,0,0
4953,2023,1,1,0,0,0,0,0,0,0,0
4953,2024,1,1,1,0,0,0,0,0,0,0
4953,2025,1,1,0,0,0,0,0,0,0,0
4961,2018,3,3,1,0,0,0,0,0,1,0
4961,2021,1,1,1,0,0,1,0,0,0,0
4962,2016,2,1,0,0,0,0,1,0,1,0
4964,2015,3,3,1,0,0,0,0,0,0,0
4979,2018,1,1,0,0,0,0,0,0,0,0
4979,2019,1,1,1,1,0,0,0,0,0,0
4979,2022,1,1,1,0,0,0,0,0,0,0
4979,2023,3,1,0,0,0,0,1,1,0,0
4979,2024,5,3,0,0,0,0,1,1,0,0
4979,2025,1,1,0,0,0,0,0,0,1,0
5010,2024,1,1,0,0,0,0,0,0,0,0
5010,2025,1,0,0,0,0,0,1,0,0,0
5010,2026,1,1,0,0,0,0,0,0,0,0
5016,2013,1,1,0,0,0,0,0,0,0,0
5016,2017,3,2,0,0,0,0,1,0,1,0
5016,2018,3,3,1,0,0,0,0,0,0,0
5016,2021,2,2,0,0,0,0,0,0,0,0
5016,2023,3,2,2,1,0,1,0,1,0,0
5023,2019,1,1,1,0,0,0,0,0,0,0
5023,2021,1,1,0,0,0,0,0,0,0,0
5023,2022,4,4,1,0,0,0,0,0,1,0
5023,2023,1,1,1,0,0,1,0,0,0,0
5023,2025,1,1,0,0,0,0,0,0,1,0
5023,2026,1,1,0,0,0,0,0,0,0,0
5031,2015,2,1,0,0,0,0,1,0,0,0
5040,2019,1,1,0,0,0,0,0,0,0,0
5047,2022,1,1,1,0,0,0,0,0,0,0
5047,2023,3,3,1,0,0,0,0,0,1,0
5047,2024,3,3,2,1,0,0,0,0,0,0
5047,2025,2,2,1,0,0,0,0,0,0,0
5053,2013,1,0,0,0,0,0,1,0,0,0
5053,2016,1,1,0,0,0,0,0,0,1,0
5065,2022,3,3,2,0,0,0,0,0,0,0
5070,2026,1,1,0,0,0,0,0,0,0,0
5075,2017,3,3,2,1,0,1,0,0,0,0
5075,2021,1,1,0,0,0,0,0,0,1,0
5075,2022,1,1,0,0,0,0,0,0,0,0
5075,2023,1,0,0,0,0,0,0,1,0,0
5075,2024,2,2,0,0,0,0,0,0,1,0
5075,2025,1,0,0,0,0,0,1,0,0,0
5075,2026,1,1,0,0,0,0,0,0,1,0
5078,2026,1,0,0,0,0,0,0,0,0,1
5080,2025,3,3,1,0,0,0,0,0,2,0
5085,2022,1,1,0,0,0,0,0,0,0,0
5085,2023,1,1,0,0,0,0,0,0,0,0
5088,2014,1,1,1,0,0,0,0,0,0,0
5089,2018,1,1,0,0,0,0,0,0,0,0
5093,2014,3,3,1,0,0,0,0,0,1,0
5093,2018,3,3,2,0,0,0,0,0,1,0
5093,2019,2,2,1,0,0,0,0,0,1,0
5094,2017,1,1,0,0,0,0,0,0,0,0
5094,2018,1,1,0,0,0,0,0,0,1,0
5094,2019,3,3,0,0,0,0,0,0,2,0
5095,2022,2,2,1,0,0,0,0,0,0,0
5095,2023,1,1,1,0,0,1,0,0,0,0
5095,2025,1,1,0,0,0,0,0,0,0,0
5103,2014,4,4,3,1,0,0,0,0,0,0
5107,2018,2,1,0,0,0,0,1,0,0,0
5107,2019,2,2,0,0,0,0,0,0,0,0
5107,2023,1,1,0,0,0,0,0,0,0,0
5107,2026,3,2,1,0,0,0,1,0,0,0
5109,2014,2,0,0,0,0,0,1,1,0,0
5110,2025,3,2,1,0,0,0,1,0,1,0
5111,2025,1,1,0,0,0,0,0,0,0,0
5124,2023,1,1,1,0,0,0,0,0,0,0
5124,2024,2,2,0,0,0,0,0,0,1,0
5124,2026,1,1,1,0,0,0,0,0,0,0
5127,2023,1,1,1,0,0,0,0,0,0,0
5137,2013,1,1,0,0,0,0,0,0,0,0
5137,2015,2,1,0,0,0,0,1,0,0,0
5137,2016,1,0,0,0,0,0,0,1,0,0
5149,2011,1,1,0,0,0,0,0,0,1,0
5149,2012,5,3,0,0,0,0,2,0,1,0
5149,2013,1,1,1,0,0,0,0,0,0,0
5165,2020,3,1,0,0,0,0,2,0,0,0
5165,2023,2,2,1,1,0,0,0,0,0,0
5168,2018,1,0,0,0,0,0,1,0,0,0
5168,2019,3,2,1,0,0,1,1,0,0,0
5168,2021,2,2,0,0,0,0,0,0,0,0
5168,2022,2,2,1,0,0,0,0,0,0,0
5168,2023,3,3,0,0,0,0,0,0,0,0
5168,2024,3,3,2,2,0,0,0,0,0,0
5168,2026,3,2,1,0,0,0,1,0,0,0
5196,2021,2,0,0,0,0,0,1,1,0,0
5197,2020,3,3,2,0,1,1,0,0,0,0
5197,2024,1,1,0,0,0,0,0,0,0,0
5203,2012,1,1,0,0,0,0,0,0,1,0
5203,2013,3,3,0,0,0,0,0,0,0,0
5203,2014,2,1,0,0,0,0,1,0,0,0
5203,2015,1,1,0,0,0,0,0,0,1,0
5231,2024,3,2,0,0,0,0,0,1,1,0
5231,2026,1,1,1,0,0,1,0,0,0,0
5234,2011,3,3,0,0,0,0,0,0,0,0
5234,2012,1,1,1,1,0,0,0,0,0,0
5234,2016,3,2,1,0,0,0,1,0,0,0
5234,2018,2,2,1,0,0,0,0,0,1,0
5234,2020,1,0,0,0,0,0,1,0,0,0
5234,2021,2,1,0,0,0,0,1,0,0,0
5235,2018,1,1,1,0,0,0,0,0,0,0
5235,2019,3,2,0,0,0,0,1,0,1,0
5235,2022,3,3,2,1,0,0,0,0,0,0
5235,2024,3,3,0,0,0,0,0,0,0,0
5243,2015,3,3,0,0,0,0,0,0,0,0
5246,2014,1,1,0,0,0,0,0,0,0,0
5251,2023,2,2,0,0,0,0,0,0,1,0
5251,2024,3,3,0,0,0,0,0,0,1,0
5254,2012,1,1,0,0,0,0,0,0,0,0
5254,2013,1,1,0,0,0,0,0,0,0,0
5254,2016,1,1,0,0,0,0,0,0,0,0
5254,2018,2,2,0,0,0,0,0,0,0,0
5254,2019,1,1,0,0,0,0,0,0,0,0
5254,2020,2,2,1,1,0,0,0,0,0,0
5258,2012,2,2,1,0,0,1,0,0,0,0
5258,2018,1,1,0,0,0,0,0,0,0,0
5293,2016,1,1,0,0,0,0,0,0,0,0
5293,2018,1,1,1,0,0,0,0,0,0,0
5293,2020,1,1,0,0,0,0,0,0,0,0
5305,2025,1,1,0,0,0,0,0,0,0,0
5312,2012,3,3,1,0,0,0,0,0,0,0
5312,2015,3,2,0,0,0,0,1,0,1,0
5312,2018,1,1,0,0,0,0,0,0,1,0
5312,2022,1,1,0,0,0,0,0,0,1,0
5320,2015,1,1,1,0,0,0,0,0,0,0
5326,2011,2,2,0,0,0,0,0,0,0,0
5329,2015,3,3,0,0,0,0,0,0,0,0
5329,2016,1,0,0,0,0,0,1,0,0,0
5329,2019,3,3,0,0,0,0,0,0,1,0
5329,2023,3,1,0,0,0,0,2,0,0,0
5329,2024,3,3,1,0,0,0,0,0,0,0
5329,2026,1,1,0,0,0,0,0,0,1,0
5334,2024,5,5,1,0,0,0,0,0,1,0
5334,2025,3,3,0,0,0,0,0,0,2,0
5334,2026,6,6,1,0,0,0,0,0,2,0
5353,2019,5,4,1,0,0,0,0,0,2,1
5353,2020,2,1,1,0,0,0,1,0,0,0
5353,2023,2,1,0,0,0,0,0,1,0,0
5355,2023,6,6,3,1,0,0,0,0,1,0
5355,2024,6,5,0,0,0,0,1,0,1,0
5355,2025,3,3,0,0,0,0,0,0,1,0
5355,2026,3,3,2,2,0,0,0,0,0,0
5364,2014,3,3,0,0,0,0,0,0,3,0
5384,2011,3,3,2,1,0,0,0,0,0,0
5384,2012,5,5,2,0,1,1,0,0,1,0
5384,2013,3,3,3,0,0,1,0,0,0,0
5384,2014,6,5,0,0,0,0,1,0,3,0
5384,2016,3,2,1,0,0,0,1,0,0,0
5386,2023,2,2,0,0,0,0,0,0,0,0
5386,2024,1,1,0,0,0,0,0,0,0,0
5389,2023,1,1,0,0,0,0,0,0,0,0
5389,2024,1,1,0,0,0,0,0,0,1,0
5425,2022,3,3,2,0,0,0,0,0,0,0
5425,2023,3,3,0,0,0,0,0,0,0,0
5438,2012,1,1,1,0,0,0,0,0,0,0
5438,2013,1,1,0,0,0,0,0,0,0,0
5440,2013,1,1,1,0,0,0,0,0,0,0
5440,2014,1,1,1,1,0,0,0,0,0,0
5440,2016,3,2,0,0,0,0,1,0,1,0
5440,2017,1,1,1,0,0,0,0,0,0,0
5440,2018,1,1,0,0,0,0,0,0,0,0
5440,2021,1,1,0,0,0,0,0,0,1,0
5440,2022,1,1,0,0,0,0,0,0,0,0
5440,2024,2,2,0,0,0,0,0,0,0,0
5440,2025,2,2,0,0,0,0,0,0,0,0
5443,2023,2,2,0,0,0,0,0,0,0,0
5443,2024,3,2,2,1,0,0,1,0,0,0
5454,2022,1,1,0,0,0,0,0,0,0,0
5454,2025,2,2,1,0,0,0,0,0,0,0
5462,2016,1,1,0,0,0,0,0,0,0,0
5462,2018,1,1,0,0,0,0,0,0,1,0
5462,2019,1,1,1,1,0,0,0,0,0,0
5479,2012,6,6,1,0,0,0,0,0,1,0
5479,2013,7,6,1,0,0,0,1,0,1,0
5479,2014,3,2,1,0,0,0,1,0,0,0
5479,2016,1,0,0,0,0,0,1,0,0,0
5479,2018,3,2,0,0,0,0,1,0,0,0
5487,2014,1,1,0,0,0,0,0,0,1,0
5497,2013,2,2,0,0,0,0,0,0,0,0
5497,2014,1,1,0,0,0,0,0,0,0,0
5507,2019,1,1,1,1,0,0,0,0,0,0
5507,2023,2,1,0,0,0,0,1,0,1,0
5507,2024,1,1,0,0,0,0,0,0,0,0
5515,2011,6,5,1,0,0,1,1,0,3,0
5515,2015,3,3,1,0,0,1,0,0,0,0
5527,2018,1,1,0,0,0,0,0,0,0,0
5541,2019,1,1,0,0,0,0,0,0,0,0
5562,2011,3,3,1,1,0,0,0,0,1,0
5562,2012,10,8,1,0,0,0,1,0,2,1
5583,2021,2,1,0,0,0,0,1,0,0,0
5583,2022,1,1,1,0,0,0,0,0,0,0
5583,2023,1,0,0,0,0,0,1,0,0,0
5583,2026,2,2,1,0,0,0,0,0,0,0
5593,2026,1,1,0,0,0,0,0,0,0,0
5642,2024,3,3,2,1,0,0,0,0,1,0
5642,2026,5,4,1,1,0,0,1,0,1,0
5676,2013,3,2,0,0,0,0,1,0,0,0
5676,2014,6,6,2,0,0,0,0,0,0,0
5691,2024,1,1,0,0,0,0,0,0,0,0
5707,2022,5,5,2,0,0,0,0,0,1,0
5707,2023,1,1,0,0,0,0,0,0,1,0
5707,2024,1,1,0,0,0,0,0,0,0,0
5708,2026,3,3,0,0,0,0,0,0,0,0
5719,2024,1,1,0,0,0,0,0,0,1,0
5735,2023,1,1,1,1,0,0,0,0,0,0
5739,2013,3,3,1,0,0,0,0,0,1,0
5743,2011,4,4,1,0,0,0,0,0,1,0
5754,2020,1,1,0,0,0,0,0,0,0,0
5754,2026,3,3,0,0,0,0,0,0,2,0
5757,2016,3,3,0,0,0,0,0,0,2,0
5773,2018,2,2,1,1,0,0,0,0,1,0
5777,2019,3,2,1,0,0,0,1,0,1,0
5777,2022,2,1,0,0,0,0,1,0,0,0
5777,2025,1,1,1,1,0,0,0,0,0,0
5778,2012,2,1,0,0,0,0,1,0,0,0
5782,2013,6,4,1,0,0,0,2,0,1,0
5782,2015,3,3,0,0,0,0,0,0,1,0
5782,2018,2,1,0,0,0,0,1,0,0,0
5782,2023,2,1,0,0,0,0,1,0,0,0
5785,2021,2,2,0,0,0,0,0,0,1,0
5786,2023,2,1,0,0,0,0,1,0,0,0
5786,2026,1,1,1,0,0,1,0,0,0,0
5788,2019,3,3,1,0,0,0,0,0,2,0
5788,2021,3,3,2,2,0,0,0,0,1,0
5788,2022,14,10,3,2,0,1,4,0,4,0
5788,2023,11,11,2,1,0,0,0,0,1,0
5788,2024,3,3,2,0,0,1,0,0,0,0
5788,2026,3,3,0,0,0,0,0,0,0,0
5789,2019,2,2,2,0,0,0,0,0,0,0
5789,2021,3,2,2,0,0,0,1,0,0,0
5789,2022,3,2,0,0,0,0,1,0,0,0
5789,2023,6,6,2,0,0,0,0,0,1,0
5789,2024,3,3,2,1,0,1,0,0,0,0
5789,2025,3,3,1,0,0,0,0,0,1,0
5789,2026,3,1,1,0,0,0,1,1,0,0
5797,2016,1,1,0,0,0,0,0,0,1,0
5797,2018,1,1,1,0,0,0,0,0,0,0
5799,2022,1,1,0,0,0,0,0,0,0,0
5799,2023,1,0,0,0,0,0,1,0,0,0
5815,2011,5,4,1,0,0,0,1,0,1,0
5815,2012,8,6,1,0,0,0,2,0,1,0
5815,2013,6,5,2,0,0,0,1,0,0,0
5815,2014,13,10,4,2,0,1,2,1,3,0
5819,2012,3,1,1,0,0,0,1,0,0,1
5819,2013,9,7,4,1,0,1,2,0,1,0
5819,2014,3,2,1,1,0,0,1,0,0,0
5819,2015,3,3,2,0,0,0,0,0,1,0
5819,2019,2,2,1,0,0,0,0,0,1,0
5819,2022,1,1,0,0,0,0,0,0,0,0
5839,2025,1,1,1,0,0,0,0,0,0,0
5839,2026,1,1,0,0,0,0,0,0,1,0
5844,2022,1,0,0,0,0,0,1,0,0,0
5844,2023,2,2,0,0,0,0,0,0,0,0
5845,2011,4,2,1,0,0,1,2,0,0,0
5845,2014,4,4,1,0,0,0,0,0,2,0
5845,2015,3,3,0,0,0,0,0,0,3,0
5845,2016,7,6,2,0,0,0,1,0,2,0
5845,2017,1,1,0,0,0,0,0,0,1,0
5845,2018,3,3,0,0,0,0,0,0,0,0
5845,2019,3,3,2,1,0,0,0,0,1,0
5845,2021,3,3,2,0,0,0,0,0,0,0
5851,2024,3,2,1,0,0,0,1,0,0,0
5855,2020,1,1,1,0,0,0,0,0,0,0
5869,2023,3,3,1,0,0,0,0,0,1,0
5869,2024,3,2,0,0,0,0,0,0,1,1
5869,2025,3,3,1,0,0,0,0,0,1,0
5876,2020,2,2,0,0,0,0,0,0,2,0
5881,2021,2,2,0,0,0,0,0,0,0,0
5883,2016,1,1,0,0,0,0,0,0,1,0
5883,2018,2,2,0,0,0,0,0,0,0,0
5883,2019,1,1,0,0,0,0,0,0,0,0
5883,2021,1,0,0,0,0,0,1,0,0,0
5883,2023,2,1,1,1,0,0,1,0,0,0
5888,2025,1,1,0,0,0,0,0,0,0,0
5888,2026,1,1,0,0,0,0,0,0,1,0
5896,2025,1,1,0,0,0,0,0,0,0,0
5896,2026,1,1,0,0,0,0,0,0,0,0
5900,2023,1,1,0,0,0,0,0,0,0,0
5900,2024,10,9,2,0,0,0,1,0,2,0
5900,2026,12,10,3,0,0,0,2,0,5,0
5901,2018,2,2,0,0,0,0,0,0,0,0
5905,2019,4,3,2,0,0,1,1,0,0,0
5905,2021,1,1,1,0,0,0,0,0,0,0
5905,2023,1,0,0,0,0,0,0,1,0,0
5905,2026,1,1,0,0,0,0,0,0,0,0
5911,2011,1,1,0,0,0,0,0,0,1,0
5911,2015,1,1,1,0,0,0,0,0,0,0
5911,2018,1,0,0,0,0,0,1,0,0,0
5911,2019,2,2,0,0,0,0,0,0,1,0
5911,2020,2,0,0,0,0,0,2,0,0,0
5911,2021,2,1,0,0,0,0,1,0,0,0
5917,2023,3,3,0,0,0,0,0,0,1,0
5924,2014,2,1,0,0,0,0,1,0,0,0
5929,2018,2,2,0,0,0,0,0,0,2,0
5929,2021,1,0,0,0,0,0,1,0,0,0
5929,2026,2,1,0,0,0,0,1,0,0,0
5938,2016,1,1,1,0,0,0,0,0,0,0
5951,2021,2,1,0,0,0,0,1,0,0,0
5953,2016,3,3,0,0,0,0,0,0,2,0
5953,2019,3,2,0,0,0,0,1,0,1,0
5953,2021,3,2,0,0,0,0,1,0,1,0
5961,2015,2,1,0,0,0,0,1,0,1,0
5961,2016,2,2,1,0,0,1,0,0,0,0
5961,2017,2,1,0,0,0,0,0,1,0,0
5961,2018,1,1,1,1,0,0,0,0,0,0
5961,2022,1,1,0,0,0,0,0,0,0,0
5962,2021,3,3,0,0,0,0,0,0,1,0
5962,2022,1,1,1,0,0,0,0,0,0,0
5987,2025,3,3,0,0,0,0,0,0,2,0
5987,2026,1,1,1,0,0,0,0,0,0,0
5988,2023,2,0,0,0,0,0,1,1,0,0
5990,2012,1,1,0,0,0,0,0,0,1,0
5990,2013,5,5,4,1,1,0,0,0,1,0
5990,2014,13,12,0,0,0,0,1,0,7,0
5990,2015,9,9,2,0,0,1,0,0,2,0
5990,2016,6,5,1,1,0,0,1,0,0,0
5990,2017,3,2,1,0,0,1,1,0,1,0
5992,2024,1,1,1,0,0,0,0,0,0,0
5997,2018,2,2,0,0,0,0,0,0,0,0
5997,2019,1,1,0,0,0,0,0,0,0,0
6001,2025,3,3,1,0,0,0,0,0,0,0
6010,2012,1,1,0,0,0,0,0,0,0,0
6010,2013,1,1,0,0,0,0,0,0,1,0
6010,2016,1,1,0,0,0,0,0,0,1,0
6017,2022,3,3,0,0,0,0,0,0,1,0
6045,2022,1,1,0,0,0,0,0,0,0,0
6045,2025,2,1,0,0,0,0,1,0,0,0
6055,2023,3,2,0,0,0,0,1,0,0,0
6055,2025,1,1,0,0,0,0,0,0,0,0
6062,2021,1,1,0,0,0,0,0,0,0,0
6062,2023,1,1,0,0,0,0,0,0,0,0
6069,2013,4,3,0,0,0,0,1,0,0,0
6091,2017,3,2,0,0,0,0,1,0,2,0
6091,2021,3,3,0,0,0,0,0,0,0,0
6091,2022,10,7,2,0,0,0,3,0,1,0
6092,2024,1,1,0,0,0,0,0,0,0,0
6092,2026,1,1,0,0,0,0,0,0,0,0
6098,2011,2,2,0,0,0,0,0,0,0,0
6099,2011,3,2,1,0,0,1,1,0,0,0
6099,2012,3,2,0,0,0,0,1,0,0,0
6118,2014,3,3,1,1,0,0,0,0,1,0
6118,2016,3,2,0,0,0,0,1,0,0,0
6118,2017,6,6,1,1,0,0,0,0,1,0
6129,2014,1,1,0,0,0,0,0,0,0,0
6155,2023,4,4,1,0,0,0,0,0,0,0
6155,2024,2,0,0,0,0,0,2,0,0,0
6155,2026,3,3,1,1,0,0,0,0,0,0
6157,2019,3,2,0,0,0,0,1,0,0,0
6157,2022,2,1,0,0,0,0,1,0,0,0
6175,2014,3,3,0,0,0,0,0,0,0,0
6177,2022,1,1,0,0,0,0,0,0,0,0
6177,2023,1,1,0,0,0,0,0,0,0,0
6177,2026,1,1,1,0,0,0,0,0,0,0
6190,2011,15,14,4,1,0,0,1,0,6,0
6190,2012,3,3,2,0,0,0,0,0,0,0
6190,2013,4,3,2,0,0,0,0,1,0,0
6190,2014,1,1,1,0,0,0,0,0,0,0
6224,2023,1,1,0,0,0,0,0,0,0,0
6229,2011,6,6,3,2,0,0,0,0,1,0
6229,2012,3,3,1,0,0,0,0,0,1,0
6229,2013,3,3,3,1,0,0,0,0,0,0
6229,2014,3,3,2,0,0,0,0,0,0,0
6229,2015,5,5,2,1,0,0,0,0,1,0
6230,2024,1,0,0,0,0,0,1,0,0,0
6230,2026,1,1,0,0,0,0,0,0,1,0
6233,2021,2,2,1,0,0,0,0,0,0,0
6233,2022,6,6,1,0,0,0,0,0,1,0
6233,2023,2,1,0,0,0,0,1,0,0,0
6233,2025,2,1,1,0,0,1,1,0,0,0
6240,2016,2,2,1,0,0,1,0,0,0,0
6240,2019,2,1,0,0,0,0,1,0,1,0
6240,2024,1,1,0,0,0,0,0,0,1,0
6253,2022,3,3,1,1,0,0,0,0,1,0
6253,2023,2,2,2,0,0,1,0,0,0,0
6253,2024,2,2,2,0,0,0,0,0,0,0
6261,2012,2,2,0,0,0,0,0,0,1,0
6261,2013,1,0,0,0,0,0,1,0,0,0
6261,2016,2,2,2,0,0,1,0,0,0,0
6271,2012,1,1,0,0,0,0,0,0,0,0
6272,2025,1,1,0,0,0,0,0,0,0,0
6273,2011,3,3,0,0,0,0,0,0,1,0
6273,2012,3,3,0,0,0,0,0,0,1,0
6273,2013,3,2,0,0,0,0,1,0,0,0
6273,2014,6,5,1,0,0,1,1,0,1,0
6273,2015,6,4,1,0,0,0,2,0,1,0
6273,2017,3,3,0,0,0,0,0,0,0,0
6277,2015,1,1,0,0,0,0,0,0,0,0
6279,2012,7,5,3,1,0,0,2,0,0,0
6279,2017,1,1,0,0,0,0,0,0,0,0
6279,2021,5,5,2,1,0,0,0,0,0,0
6292,2011,14,13,2,0,0,0,0,1,5,0
6292,2012,7,6,4,0,0,0,1,0,2,0
6292,2013,15,14,2,0,0,0,0,1,5,0
6292,2014,4,4,1,0,0,0,0,0,2,0
6299,2022,1,1,0,0,0,0,0,0,0,0
6299,2023,1,1,0,0,0,0,0,0,0,0
6299,2024,2,2,2,0,1,0,0,0,0,0
6299,2026,2,2,1,0,0,0,0,0,0,0
6313,2017,1,0,0,0,0,0,1,0,0,0
6323,2026,1,0,0,0,0,0,1,0,0,0
6333,2026,2,1,1,0,0,0,1,0,0,0
6335,2017,3,3,0,0,0,0,0,0,0,0
6335,2022,3,3,1,0,0,0,0,0,0,0
6335,2023,3,3,1,0,0,0,0,0,2,0
6335,2024,2,2,0,0,0,0,0,0,1,0
6335,2025,1,1,1,1,0,0,0,0,0,0
6356,2014,2,2,1,0,0,0,0,0,1,0
6356,2019,1,1,1,0,0,1,0,0,0,0
6356,2021,1,1,0,0,0,0,0,0,0,0
6356,2022,3,3,1,1,0,0,0,0,0,0
6365,2021,1,1,0,0,0,0,0,0,0,0
6370,2010,1,1,0,0,0,0,0,0,0,0
6370,2011,1,1,1,0,0,0,0,0,0,0
6378,2012,4,3,1,0,0,0,0,1,0,0
6378,2014,6,5,1,0,1,0,1,0,4,0
6378,2016,6,6,3,0,0,1,0,0,2,0
6378,2017,6,6,1,0,0,1,0,0,2,0
6378,2019,6,5,0,0,0,0,1,0,3,0
6378,2021,6,6,4,0,0,1,0,0,1,0
6386,2011,3,3,1,0,0,1,0,0,2,0
6386,2014,3,2,1,1,0,0,1,0,0,0
6402,2020,2,2,2,0,0,0,0,0,0,0
6406,2015,2,1,0,0,0,0,1,0,0,0
6406,2016,1,1,0,0,0,0,0,0,1,0
6406,2018,1,1,0,0,0,0,0,0,1,0
6408,2022,1,1,0,0,0,0,0,0,0,0
6408,2023,1,0,0,0,0,0,0,1,0,0
6408,2024,2,2,2,0,0,0,0,0,0,0
6408,2025,2,2,2,0,0,0,0,0,0,0
6408,2026,3,3,1,0,0,0,0,0,0,0
6412,2010,1,1,0,0,0,0,0,0,0,0
6412,2011,1,1,0,0,0,0,0,0,0,0
6423,2011,3,2,0,0,0,0,1,0,0,0
6423,2012,3,3,1,1,0,0,0,0,0,0
6429,2012,1,1,1,0,0,0,0,0,0,0
6429,2013,2,2,2,0,0,0,0,0,0,0
6431,2011,6,6,0,0,0,0,0,0,1,0
6431,2012,3,2,0,0,0,0,1,0,0,0
6431,2013,6,6,3,0,0,0,0,0,1,0
6431,2014,6,5,1,0,0,0,1,0,0,0
6431,2015,3,3,1,0,0,0,0,0,2,0
6440,2012,1,0,0,0,0,0,1,0,0,0
6440,2021,1,1,0,0,0,0,0,0,0,0
6461,2014,6,4,3,0,0,0,2,0,1,0
6461,2016,3,3,1,0,0,0,0,0,1,0
6461,2019,1,1,0,0,0,0,0,0,0,0
6470,2024,1,1,0,0,0,0,0,0,0,0
6470,2025,2,1,0,0,0,0,1,0,0,0
6476,2024,1,1,0,0,0,0,0,0,0,0
6482,2021,2,2,1,0,0,0,0,0,0,0
6482,2022,1,0,0,0,0,0,1,0,0,0
6483,2017,3,2,1,1,0,0,1,0,0,0
6488,2021,1,0,0,0,0,0,1,0,0,0
6493,2018,2,2,0,0,0,0,0,0,0,0
6493,2020,1,1,0,0,0,0,0,0,1,0
6493,2026,4,4,2,1,0,0,0,0,1,0
6502,2012,3,2,0,0,0,0,1,0,1,0
6502,2013,3,3,1,1,0,0,0,0,1,0
6502,2014,3,1,0,0,0,0,2,0,0,0
6502,2015,3,1,1,0,0,0,1,0,0,1
6502,2016,6,4,1,1,0,0,1,1,2,0
6509,2025,3,3,2,0,0,0,0,0,0,0
6509,2026,3,3,0,0,0,0,0,0,2,0
6511,2011,1,1,0,0,0,0,0,0,0,0
6511,2012,2,2,0,0,0,0,0,0,2,0
6513,2015,1,1,0,0,0,0,0,0,1,0
6518,2012,2,2,0,0,0,0,0,0,0,0
6518,2014,1,1,1,1,0,0,0,0,0,0
6518,2016,4,4,0,0,0,0,0,0,2,0
6522,2012,3,3,2,1,0,1,0,0,0,0
6522,2014,6,5,3,1,0,1,1,0,0,0
6547,2021,2,2,1,0,0,0,0,0,0,0
6547,2022,5,5,3,0,1,0,0,0,0,0
6547,2024,1,1,0,0,0,0,0,0,0,0
6547,2025,1,0,0,0,0,0,1,0,0,0
6569,2011,4,4,1,0,0,0,0,0,0,0
6569,2012,1,1,0,0,0,0,0,0,0,0
6569,2013,3,3,0,0,0,0,0,0,0,0
6569,2014,2,2,1,0,0,1,0,0,0,0
6569,2015,1,1,0,0,0,0,0,0,1,0
6569,2016,1,1,0,0,0,0,0,0,0,0
6571,2018,1,0,0,0,0,0,1,0,0,0
6571,2020,3,3,2,0,0,1,0,0,0,0
6571,2023,1,0,0,0,0,0,1,0,0,0
6571,2024,1,1,1,0,0,1,0,0,0,0
6574,2024,2,2,1,0,0,0,0,0,0,0
6585,2018,6,5,0,0,0,0,0,0,2,1
6585,2019,9,9,3,1,0,0,0,0,0,0
6585,2020,8,7,2,0,0,0,0,1,1,0
6585,2021,8,7,4,3,0,0,1,0,1,0
6585,2022,3,3,2,0,0,0,0,0,0,0
6585,2023,3,3,1,0,0,0,0,0,1,0
6588,2016,7,5,2,1,0,1,2,0,1,0
6588,2019,1,1,0,0,0,0,0,0,0,0
6591,2011,2,2,0,0,0,0,0,0,1,0
6591,2012,1,1,0,0,0,0,0,0,0,0
6591,2013,1,0,0,0,0,0,1,0,0,0
6592,2019,1,1,0,0,0,0,0,0,0,0
6592,2021,1,1,0,0,0,0,0,0,1,0
6593,2025,1,1,0,0,0,0,0,0,1,0
6593,2026,2,2,1,0,0,0,0,0,0,0
6595,2016,1,1,0,0,0,0,0,0,0,0
6595,2017,1,1,1,0,0,0,0,0,0,0
6595,2018,1,1,0,0,0,0,0,0,0,0
6595,2024,3,3,1,0,0,0,0,0,0,0
6595,2026,3,3,1,0,0,0,0,0,0,0
6601,2015,1,0,0,0,0,0,1,0,0,0
6601,2017,1,0,0,0,0,0,0,1,0,0
6601,2018,4,4,0,0,0,0,0,0,3,0
6601,2020,1,1,0,0,0,0,0,0,0,0
6601,2021,4,4,0,0,0,0,0,0,0,0
6601,2023,1,1,0,0,0,0,0,0,0,0
6602,2025,1,1,1,0,0,0,0,0,0,0
6604,2024,2,2,0,0,0,0,0,0,1,0
6610,2026,3,3,2,0,0,0,0,0,0,0
6617,2011,1,1,0,0,0,0,0,0,1,0
6633,2019,2,2,0,0,0,0,0,0,1,0
6633,2025,4,4,0,0,0,0,0,0,0,0
6640,2011,5,5,1,0,0,0,0,0,1,0
6640,2016,1,1,1,1,0,0,0,0,0,0
6645,2012,1,1,0,0,0,0,0,0,0,0
6646,2021,1,1,0,0,0,0,0,0,0,0
6646,2023,1,1,1,0,0,0,0,0,0,0
6652,2016,3,2,1,0,0,0,1,0,0,0
6652,2018,3,3,1,0,0,0,0,0,0,0
6652,2019,3,2,0,0,0,0,1,0,1,0
6652,2020,1,1,0,0,0,0,0,0,0,0
6652,2021,3,2,1,0,0,0,1,0,0,0
6652,2022,1,1,0,0,0,0,0,0,0,0
6652,2023,2,2,1,0,0,0,0,0,0,0
6652,2024,3,3,1,1,0,0,0,0,0,0
6652,2025,3,2,2,0,0,0,1,0,0,0
6672,2021,2,2,2,1,1,0,0,0,0,0
6672,2022,3,3,0,0,0,0,0,0,1,0
6672,2023,3,3,1,0,0,0,0,0,2,0
6672,2025,3,3,1,0,0,1,0,0,0,0
6672,2026,3,3,1,0,0,0,0,0,1,0
6676,2011,3,3,1,1,0,0,0,0,0,0
6676,2014,3,3,1,0,0,0,0,0,0,0
6676,2018,7,6,4,2,0,1,1,0,0,0
6678,2022,3,2,0,0,0,0,1,0,1,0
6678,2023,3,3,1,0,0,0,0,0,1,0
6678,2025,1,1,1,0,0,1,0,0,0,0
6678,2026,1,1,0,0,0,0,0,0,1,0
6682,2012,3,2,0,0,0,0,1,0,1,0
6682,2013,3,3,0,0,0,0,0,0,1,0
6682,2014,3,3,1,0,0,0,0,0,1,0
6682,2017,3,1,0,0,0,0,2,0,1,0
6682,2023,3,2,0,0,0,0,1,0,1,0
6682,2024,2,2,1,0,0,0,0,0,0,0
6685,2011,1,1,0,0,0,0,0,0,1,0
6685,2013,2,0,0,0,0,0,2,0,0,0
6688,2014,3,2,0,0,0,0,1,0,0,0
6688,2016,1,1,0,0,0,0,0,0,0,0
6688,2017,1,0,0,0,0,0,1,0,0,0
6697,2011,1,1,0,0,0,0,0,0,0,0
6702,2021,2,2,0,0,0,0,0,0,1,0
6702,2023,2,1,1,0,0,0,1,0,0,0
6707,2014,1,1,0,0,0,0,0,0,0,0
6707,2015,1,1,0,0,0,0,0,0,0,0
6741,2021,1,1,1,0,0,1,0,0,0,0
6749,2010,1,1,0,0,0,0,0,0,0,0
6749,2011,3,3,0,0,0,0,0,0,2,0
6749,2017,2,2,0,0,0,0,0,0,1,0
6749,2018,1,1,1,0,0,0,0,0,0,0
6751,2016,3,1,0,0,0,0,2,0,1,0
6751,2017,3,2,0,0,0,0,1,0,1,0
6751,2019,3,3,0,0,0,0,0,0,2,0
6751,2024,1,1,0,0,0,0,0,0,1,0
6751,2025,1,1,1,1,0,0,0,0,0,0
6757,2013,5,5,2,1,0,0,0,0,1,0
6773,2018,6,5,1,0,0,1,1,0,1,0
6773,2021,3,3,1,0,0,0,0,0,0,0
6773,2022,7,6,4,1,0,0,1,0,1,0
6773,2025,3,2,0,0,0,0,1,0,1,0
6773,2026,3,3,2,0,0,0,0,0,0,0
6778,2011,3,3,1,1,0,0,0,0,1,0
6778,2012,6,4,1,0,0,0,1,1,0,0
6783,2012,1,1,0,0,0,0,0,0,1,0
6810,2022,11,9,4,0,0,1,1,1,1,0
6810,2023,5,5,1,0,0,0,0,0,1,0
6810,2024,3,3,0,0,0,0,0,0,2,0
6810,2026,3,3,2,1,0,0,0,0,1,0
6812,2016,1,0,0,0,0,0,1,0,0,0
6826,2026,1,1,0,0,0,0,0,0,0,0
6833,2021,1,1,0,0,0,0,0,0,1,0
6833,2022,2,2,1,0,0,0,0,0,1,0
6833,2023,1,1,0,0,0,0,0,0,0,0
6833,2024,6,6,0,0,0,0,0,0,0,0
6833,2025,1,1,1,0,0,1,0,0,0,0
6833,2026,1,1,0,0,0,0,0,0,0,0
6849,2011,2,2,1,0,0,0,0,0,0,0
6849,2012,3,3,0,0,0,0,0,0,2,0
6849,2013,8,6,1,0,0,0,2,0,4,0
6853,2019,3,3,0,0,0,0,0,0,1,0
6854,2016,1,1,0,0,0,0,0,0,1,0
6854,2017,1,1,0,0,0,0,0,0,0,0
6857,2016,1,1,1,0,0,1,0,0,0,0
6858,2025,1,1,1,0,0,0,0,0,0,0
6858,2026,3,3,1,0,0,0,0,0,0,0
6867,2011,1,1,0,0,0,0,0,0,1,0
6867,2012,1,1,0,0,0,0,0,0,0,0
6867,2014,2,2,0,0,0,0,0,0,0,0
6873,2018,6,5,2,1,0,0,1,0,0,0
6873,2019,3,3,1,0,0,0,0,0,0,0
6873,2021,3,2,0,0,0,0,1,0,0,0
6873,2022,14,14,3,0,0,1,0,0,4,0
6873,2023,3,2,0,0,0,0,1,0,0,0
6873,2025,7,7,1,0,0,1,0,0,3,0
6873,2026,1,1,0,0,0,0,0,0,0,0
6876,2011,3,3,1,0,0,0,0,0,0,0
6876,2012,3,1,1,0,0,0,2,0,0,0
6876,2013,4,2,0,0,0,0,2,0,1,0
6876,2015,3,3,0,0,0,0,0,0,0,0
6882,2023,3,2,0,0,0,0,1,0,1,0
6895,2011,2,2,0,0,0,0,0,0,0,0
6895,2013,2,2,1,0,0,0,0,0,0,0
6895,2014,1,1,1,0,0,0,0,0,0,0
6914,2014,1,1,0,0,0,0,0,0,0,0
6914,2015,1,1,0,0,0,0,0,0,0,0
6914,2016,6,4,3,0,0,1,2,0,0,0
6914,2017,3,3,2,1,0,0,0,0,1,0
6914,2018,1,1,0,0,0,0,0,0,1,0
6914,2021,3,3,2,0,0,0,0,0,0,0
6915,2014,1,1,0,0,0,0,0,0,1,0
6915,2022,2,2,1,0,0,0,0,0,0,0
6915,2025,1,0,0,0,0,0,0,0,0,1
6925,2013,8,6,1,0,0,0,1,0,2,1
6943,2024,3,3,0,0,0,0,0,0,1,0
6961,2017,1,1,0,0,0,0,0,0,0,0
6961,2022,5,3,1,0,0,0,2,0,0,0
6961,2023,2,2,0,0,0,0,0,0,0,0
6961,2024,3,3,0,0,0,0,0,0,0,0
6961,2025,6,5,2,1,0,1,1,0,1,0
6961,2026,3,2,0,0,0,0,1,0,0,0
6986,2012,1,1,1,1,0,0,0,0,0,0
6988,2022,4,3,1,0,0,0,1,0,1,0
6988,2023,1,1,1,0,0,1,0,0,0,0
7000,2011,2,1,1,0,0,0,1,0,0,0
7000,2014,1,1,1,0,0,0,0,0,0,0
7000,2015,1,1,0,0,0,0,0,0,1,0
7003,2013,3,3,0,0,0,0,0,0,2,0
7025,2011,1,1,1,0,0,0,0,0,0,0
7041,2013,2,2,2,1,0,1,0,0,0,0
7041,2014,9,9,3,1,0,0,0,0,3,0
7044,2024,3,2,1,0,0,0,0,0,0,1
7044,2025,3,3,0,0,0,0,0,0,2,0
7044,2026,6,5,2,1,0,0,1,0,1,0
7049,2025,1,1,0,0,0,0,0,0,0,0
7052,2011,1,1,1,0,0,0,0,0,0,0
7052,2012,3,2,0,0,0,0,1,0,0,0
7052,2013,1,1,0,0,0,0,0,0,1,0
7054,2026,3,3,1,0,0,1,0,0,1,0
7055,2015,2,2,0,0,0,0,0,0,1,0
7058,2015,3,2,1,0,0,0,1,0,0,0
7058,2016,12,11,3,1,0,0,0,1,3,0
7058,2018,2,2,0,0,0,0,0,0,0,0
7058,2019,16,15,4,1,0,1,1,0,2,0
7058,2020,4,3,2,1,0,0,1,0,0,0
7058,2023,3,3,1,1,0,0,0,0,0,0
7058,2024,3,2,0,0,0,0,0,1,0,0
7058,2025,1,1,0,0,0,0,0,0,0,0
7058,2026,1,1,1,0,0,0,0,0,0,0
7059,2014,3,3,0,0,0,0,0,0,2,0
7061,2015,2,2,0,0,0,0,0,0,2,0
7061,2016,2,1,1,0,0,0,1,0,0,0
7073,2025,1,1,0,0,0,0,0,0,0,0
7077,2019,1,1,0,0,0,0,0,0,0,0
7077,2026,3,3,1,0,0,0,0,0,1,0
7086,2019,1,1,0,0,0,0,0,0,1,0
7086,2021,3,3,1,0,0,1,0,0,1,0
7087,2011,1,1,1,0,0,0,0,0,0,0
7092,2018,2,2,1,1,0,0,0,0,0,0
7101,2018,1,1,0,0,0,0,0,0,1,0
7101,2019,1,1,0,0,0,0,0,0,0,0
7101,2021,1,1,0,0,0,0,0,0,0,0
7101,2026,2,1,0,0,0,0,1,0,0,0
7108,2019,2,2,0,0,0,0,0,0,1,0
7110,2013,1,1,0,0,0,0,0,0,0,0
7126,2014,3,3,0,0,0,0,0,0,1,0
7126,2017,3,3,2,0,0,0,0,0,1,0
7130,2024,2,2,1,0,0,0,0,0,0,0
7147,2010,1,1,0,0,0,0,0,0,0,0
7147,2011,2,2,0,0,0,0,0,0,1,0
7147,2012,1,0,0,0,0,0,1,0,0,0
7151,2020,1,1,0,0,0,0,0,0,0,0
7154,2026,2,2,0,0,0,0,0,0,0,0
7173,2011,4,1,0,0,0,0,3,0,0,0
7176,2025,2,2,1,0,0,0,0,0,1,0
7176,2026,2,1,0,0,0,0,1,0,0,0
7194,2011,5,5,2,1,0,0,0,0,2,0
7194,2012,4,4,1,0,0,1,0,0,2,0
7201,2025,3,3,1,0,0,0,0,0,0,0
7201,2026,3,3,2,1,0,0,0,0,0,0
7207,2017,2,2,0,0,0,0,0,0,0,0
7207,2018,1,1,0,0,0,0,0,0,0,0
7207,2021,1,1,0,0,0,0,0,0,0,0
7211,2015,1,1,0,0,0,0,0,0,1,0
7211,2016,2,1,0,0,0,0,0,1,0,0
7211,2018,2,1,0,0,0,0,1,0,0,0
7211,2022,1,1,0,0,0,0,0,0,0,0
7220,2015,1,0,0,0,0,0,1,0,0,0
7220,2017,2,2,2,0,0,1,0,0,0,0
7222,2019,1,1,0,0,0,0,0,0,1,0
7222,2021,1,1,0,0,0,0,0,0,0,0
7223,2023,1,1,0,0,0,0,0,0,0,0
7223,2024,1,0,0,0,0,0,1,0,0,0
7226,2025,3,3,0,0,0,0,0,0,1,0
7226,2026,6,5,1,0,0,0,1,0,2,0
7239,2014,3,3,1,0,0,0,0,0,2,0
7239,2021,1,1,0,0,0,0,0,0,0,0
7239,2022,2,2,2,0,0,0,0,0,0,0
7239,2023,1,1,0,0,0,0,0,0,0,0
7267,2026,6,6,2,0,0,0,0,0,2,0
7292,2019,2,2,1,0,0,1,0,0,0,0
7306,2021,3,3,1,1,0,0,0,0,0,0
7308,2023,2,1,0,0,0,0,0,1,0,0
7308,2024,1,1,0,0,0,0,0,0,0,0
7308,2025,1,1,0,0,0,0,0,0,0,0
7314,2025,2,2,0,0,0,0,0,0,0,0
7315,2022,1,1,0,0,0,0,0,0,0,0
7324,2012,1,1,0,0,0,0,0,0,0,0
7327,2022,1,1,1,0,0,0,0,0,0,0
7327,2023,1,1,0,0,0,0,0,0,0,0
7327,2025,3,3,0,0,0,0,0,0,2,0
7328,2021,8,8,4,0,0,0,0,0,3,0
7328,2023,3,3,1,0,0,0,0,0,0,0
7328,2024,3,3,1,0,0,0,0,0,0,0
7328,2025,3,3,1,1,0,0,0,0,0,0
7336,2021,3,3,2,1,0,0,0,0,0,0
7337,2012,4,4,1,1,0,0,0,0,0,0
7337,2014,5,4,2,0,0,0,1,0,1,0
7339,2025,2,2,2,2,0,0,0,0,0,0
7339,2026,2,2,2,1,0,0,0,0,0,0
7345,2012,1,1,1,0,0,0,0,0,0,0
7345,2016,2,2,1,0,0,0,0,0,0,0
7345,2018,1,1,0,0,0,0,0,0,0,0
7345,2021,1,0,0,0,0,0,1,0,0,0
7345,2022,2,2,1,0,0,0,0,0,1,0
7360,2019,3,2,0,0,0,0,1,0,1,0
7361,2024,2,1,1,0,0,1,1,0,0,0
7361,2025,2,2,0,0,0,0,0,0,2,0
7368,2013,3,3,1,0,0,0,0,0,0,0
7401,2023,1,1,0,0,0,0,0,0,0,0
7413,2026,2,2,0,0,0,0,0,0,0,0
7421,2026,2,2,1,0,0,0,0,0,1,0
7424,2018,1,1,0,0,0,0,0,0,0,0
7442,2022,1,1,0,0,0,0,0,0,0,0
7442,2023,1,1,0,0,0,0,0,0,1,0
7447,2012,1,1,0,0,0,0,0,0,0,0
7447,2013,1,1,0,0,0,0,0,0,0,0
7449,2012,2,2,0,0,0,0,0,0,0,0
7449,2018,6,5,2,0,0,1,1,0,1,0
7449,2019,3,3,1,0,0,1,0,0,0,0
7449,2023,3,3,2,1,0,0,0,0,0,0
7449,2024,5,5,3,0,0,1,0,0,1,0
7449,2025,2,1,0,0,0,0,0,0,0,1
7449,2026,3,3,1,0,0,1,0,0,0,0
7456,2011,2,2,0,0,0,0,0,0,0,0
7456,2012,1,1,1,0,0,1,0,0,0,0
7456,2013,3,3,1,1,0,0,0,0,0,0
7456,2014,6,6,1,0,0,0,0,0,1,0
7456,2015,3,3,1,1,0,0,0,0,0,0
7456,2018,3,2,1,1,0,0,1,0,0,0
7456,2021,3,3,1,0,0,0,0,0,0,0
7456,2023,6,6,4,1,0,1,0,0,1,0
7459,2014,1,1,0,0,0,0,0,0,1,0
7459,2019,1,1,0,0,0,0,0,0,0,0
7460,2021,2,2,2,1,0,1,0,0,0,0
7464,2023,3,2,1,0,0,0,1,0,0,0
7464,2024,2,1,1,1,0,0,1,0,0,0
7464,2025,2,2,1,0,0,1,0,0,0,0
7477,2024,5,5,2,1,0,0,0,0,0,0
7477,2025,1,1,0,0,0,0,0,0,0,0
7477,2026,1,1,0,0,0,0,0,0,0,0
7485,2018,3,3,1,1,0,0,0,0,0,0
7485,2021,1,1,0,0,0,0,0,0,0,0
7499,2026,3,2,1,0,0,0,1,0,0,0
7510,2013,6,6,2,0,0,1,0,0,0,0
7510,2014,6,4,2,1,0,0,2,0,1,0
7510,2016,3,3,1,0,0,1,0,0,0,0
7510,2021,1,0,0,0,0,0,1,0,0,0
7510,2025,1,0,0,0,0,0,1,0,0,0
7514,2024,1,1,0,0,0,0,0,0,0,0
7519,2017,6,5,0,0,0,0,0,1,2,0
7519,2018,4,2,1,0,0,1,1,1,0,0
7519,2021,1,1,0,0,0,0,0,0,1,0
7519,2022,3,3,1,0,0,0,0,0,0,0
7519,2023,1,1,0,0,0,0,0,0,0,0
7519,2024,1,1,1,0,0,0,0,0,0,0
7519,2025,1,0,0,0,0,0,1,0,0,0
7519,2026,1,1,0,0,0,0,0,0,0,0
7521,2017,1,1,0,0,0,0,0,0,0,0
7521,2018,3,3,0,0,0,0,0,0,0,0
7521,2021,1,1,0,0,0,0,0,0,0,0
7528,2013,5,4,2,0,0,0,0,0,1,1
7536,2022,2,2,0,0,0,0,0,0,1,0
7536,2023,1,1,0,0,0,0,0,0,1,0
7536,2024,2,2,0,0,0,0,0,0,0,0
7536,2026,1,1,1,0,0,0,0,0,0,0
7546,2011,1,1,1,0,0,1,0,0,0,0
7547,2025,1,0,0,0,0,0,1,0,0,0
7548,2025,3,3,0,0,0,0,0,0,2,0
7548,2026,3,3,0,0,0,0,0,0,1,0
7551,2018,2,1,1,0,0,0,1,0,0,0
7565,2011,1,0,0,0,0,0,1,0,0,0
7579,2026,1,1,1,1,0,0,0,0,0,0
7592,2026,1,1,0,0,0,0,0,0,0,0
7596,2026,5,4,0,0,0,0,1,0,2,0
7608,2026,3,3,2,0,0,0,0,0,1,0
7609,2026,1,1,0,0,0,0,0,0,1,0
7630,2026,2,2,0,0,0,0,0,0,0,0
7631,2026,2,2,1,0,0,0,0,0,1,0
7635,2026,1,1,1,0,0,0,0,0,0,0
7644,2026,1,1,1,0,0,0,0,0,0,0
7647,2026,3,3,0,0,0,0,0,0,0,0
7650,2026,3,3,1,1,0,0,0,0,1,0
7653,2026,3,3,1,0,0,0,0,0,0,0
7670,2026,1,1,0,0,0,0,0,0,0,0
7678,2026,2,2,1,0,0,0,0,0,1,0
7686,2026,1,1,1,1,0,0,0,0,0,0
7695,2026,3,2,0,0,0,0,1,0,1,0
7706,2026,1,1,0,0,0,0,0,0,0,0
7707,2026,1,1,0,0,0,0,0,0,0,0
7708,2026,1,1,0,0,0,0,0,0,0,0
7712,2026,1,1,1,0,0,0,0,0,0,0
7720,2026,3,3,1,0,0,0,0,0,0,0
7724,2026,1,0,0,0,0,0,1,0,0,0
7725,2026,1,1,0,0,0,0,0,0,1,0
7741,2026,1,1,0,0,0,0,0,0,1,0
7747,2026,1,1,0,0,0,0,0,0,1,0
7755,2026,1,1,0,0,0,0,0,0,1,0
7766,2026,3,3,0,0,0,0,0,0,1,0
7774,2026,1,0,0,0,0,0,1,0,0,0
7782,2026,1,1,1,0,0,1,0,0,0,0
7788,2026,5,5,0,0,0,0,0,0,1,0
7790,2026,1,1,1,0,0,0,0,0,0,0
7807,2026,1,1,0,0,0,0,0,0,0,0
7818,2026,1,1,0,0,0,0,0,0,1,0
7825,2025,1,1,0,0,0,0,0,0,0,0
7825,2026,4,3,1,0,0,0,1,0,0,0
7839,2024,2,1,0,0,0,0,0,0,0,1
7839,2025,4,3,0,0,0,0,1,0,0,0
7849,2024,1,1,0,0,0,0,0,0,0,0
7849,2025,2,1,0,0,0,0,1,0,0,0
7877,2024,6,5,2,0,0,0,1,0,0,0
7881,2020,3,3,1,0,0,0,0,0,0,0
7881,2021,3,3,0,0,0,0,0,0,0,0
7881,2023,3,3,0,0,0,0,0,0,0,0
7881,2024,4,3,0,0,0,0,0,0,1,1
7883,2024,3,2,1,0,0,0,1,0,0,0
7883,2026,3,3,1,0,0,0,0,0,0,0
7887,2017,5,5,2,1,0,0,0,0,1,0
7887,2018,4,4,2,0,1,0,0,0,1,0
7887,2019,3,3,1,0,0,0,0,0,1,0
7888,2026,1,1,0,0,0,0,0,0,1,0
7895,2017,7,5,1,0,0,0,2,0,2,0
7895,2023,1,1,1,1,0,0,0,0,0,0
7895,2025,1,1,0,0,0,0,0,0,0,0
7926,2021,7,7,4,0,0,1,0,0,0,0
7936,2020,1,0,0,0,0,0,1,0,0,0
7941,2012,3,3,0,0,0,0,0,0,3,0
7941,2014,5,4,0,0,0,0,1,0,1,0
7942,2022,1,0,0,0,0,0,1,0,0,0
7945,2023,1,0,0,0,0,0,1,0,0,0
7945,2026,1,1,1,0,0,0,0,0,0,0
7956,2022,2,2,0,0,0,0,0,0,0,0
7956,2024,5,5,1,1,0,0,0,0,0,0
7956,2025,3,3,0,0,0,0,0,0,1,0
7956,2026,5,5,2,0,0,0,0,0,1,0
7961,2023,2,2,2,0,0,1,0,0,0,0
7961,2025,1,1,0,0,0,0,0,0,1,0
7974,2015,6,6,2,1,0,0,0,0,0,0
7974,2016,9,7,2,0,0,0,1,1,0,0
7974,2017,2,2,1,0,0,1,0,0,0,0
7974,2018,6,4,1,0,0,0,2,0,3,0
7974,2019,1,1,0,0,0,0,0,0,0,0
7974,2020,1,1,1,0,0,0,0,0,0,0
7975,2025,4,4,0,0,0,0,0,0,0,0
7976,2022,1,1,0,0,0,0,0,0,1,0
7976,2023,1,1,1,0,0,0,0,0,0,0
7985,2025,2,2,1,1,0,0,0,0,1,0
7985,2026,3,2,0,0,0,0,1,0,1,0
7987,2014,1,1,0,0,0,0,0,0,0,0
7987,2019,2,2,0,0,0,0,0,0,0,0
7988,2021,2,0,0,0,0,0,2,0,0,0
7996,2019,1,1,0,0,0,0,0,0,0,0
7996,2022,1,0,0,0,0,0,1,0,0,0
7998,2016,1,1,1,0,1,0,0,0,0,0
7999,2013,1,1,1,0,0,0,0,0,0,0
7999,2016,1,1,0,0,0,0,0,0,0,0
7999,2017,1,1,0,0,0,0,0,0,0,0
7999,2018,1,1,0,0,0,0,0,0,0,0
8000,2013,1,1,0,0,0,0,0,0,1,0
8000,2015,2,1,0,0,0,0,0,1,0,0
8015,2011,3,3,1,0,0,0,0,0,0,0
8015,2015,3,3,2,1,0,0,0,0,0,0
8015,2017,3,3,0,0,0,0,0,0,2,0
8015,2020,3,3,3,1,0,1,0,0,0,0
8015,2022,3,3,2,0,0,1,0,0,0,0
8015,2023,5,5,2,1,0,1,0,0,2,0
8015,2024,6,5,1,1,0,0,1,0,2,0
8020,2012,3,3,2,0,0,1,0,0,0,0
8023,2011,5,4,2,1,0,0,1,0,0,0
8036,2011,2,2,0,0,0,0,0,0,0,0
8042,2011,2,2,0,0,0,0,0,0,1,0
8042,2012,1,1,1,0,0,0,0,0,0,0
8042,2016,1,1,0,0,0,0,0,0,1,0
8051,2012,3,3,0,0,0,0,0,0,0,0
8052,2013,1,1,0,0,0,0,0,0,0,0
8058,2011,3,3,0,0,0,0,0,0,0,0
8078,2024,1,0,0,0,0,0,1,0,0,0
8078,2026,1,1,0,0,0,0,0,0,0,0
8086,2024,3,3,1,0,0,1,0,0,0,0
8101,2023,3,3,2,1,0,0,0,0,0,0
8101,2025,1,1,1,0,0,0,0,0,0,0
8110,2021,1,1,0,0,0,0,0,0,0,0
8118,2015,1,1,0,0,0,0,0,0,0,0
8118,2016,3,2,0,0,0,0,1,0,0,0
8133,2017,6,6,2,0,0,1,0,0,1,0
8133,2019,7,7,2,0,1,0,0,0,1,0
8133,2021,3,2,2,0,0,0,1,0,0,0
8133,2022,9,6,2,0,0,0,3,0,1,0
8133,2023,6,5,2,1,0,0,1,0,1,0
8133,2024,5,4,1,1,0,0,1,0,1,0
8134,2026,1,1,1,0,0,0,0,0,0,0
8142,2011,6,5,0,0,0,0,1,0,4,0
8150,2024,3,3,1,0,0,0,0,0,0,0
8150,2026,1,1,0,0,0,0,0,0,0,0
8167,2022,2,2,0,0,0,0,0,0,1,0
8167,2025,1,1,0,0,0,0,0,0,0,0
8167,2026,1,1,1,1,0,0,0,0,0,0
8172,2022,1,1,1,1,0,0,0,0,0,0
8172,2023,1,1,0,0,0,0,0,0,0,0
8172,2026,2,1,0,0,0,0,1,0,0,0
8176,2011,2,2,0,0,0,0,0,0,1,0
8176,2012,2,2,0,0,0,0,0,0,0,0
8176,2015,2,2,0,0,0,0,0,0,1,0
8176,2016,1,0,0,0,0,0,0,1,0,0
8205,2023,1,1,1,0,0,1,0,0,0,0
8212,2021,3,3,2,0,0,0,0,0,0,0
8223,2015,3,1,0,0,0,0,2,0,0,0
8223,2016,3,3,0,0,0,0,0,0,1,0
8223,2017,3,3,3,1,0,0,0,0,0,0
8226,2022,2,2,1,0,0,0,0,0,1,0
8226,2023,3,3,3,1,0,1,0,0,0,0
8228,2022,2,2,0,0,0,0,0,0,0,0
8231,2022,3,2,0,0,0,0,1,0,0,0
8231,2023,3,3,1,0,0,0,0,0,0,0
8231,2024,4,4,1,0,0,0,0,0,1,0
8231,2025,6,6,2,1,0,0,0,0,0,0
8231,2026,5,5,0,0,0,0,0,0,0,0
8236,2015,2,2,0,0,0,0,0,0,0,0
8236,2016,6,5,0,0,0,0,1,0,1,0
8236,2017,4,2,1,0,0,0,2,0,0,0
8236,2018,2,1,0,0,0,0,1,0,1,0
8236,2019,3,2,0,0,0,0,1,0,1,0
8236,2020,1,0,0,0,0,0,1,0,0,0
8236,2021,4,1,1,0,0,1,3,0,0,0
8238,2017,2,2,0,0,0,0,0,0,0,0
8238,2019,2,2,0,0,0,0,0,0,1,0
8247,2019,2,2,0,0,0,0,0,0,0,0
8252,2022,1,0,0,0,0,0,1,0,0,0
8252,2026,1,1,0,0,0,0,0,0,0,0
8268,2011,5,4,2,1,0,1,1,0,0,0
8268,2012,3,2,2,0,1,1,0,1,0,0
8268,2013,3,2,1,0,0,1,1,0,0,0
8268,2014,6,4,1,0,0,1,2,0,1,0
8268,2016,4,3,0,0,0,0,1,0,1,0
8268,2019,2,0,0,0,0,0,2,0,0,0
8279,2015,6,5,1,0,0,0,1,0,0,0
8279,2016,4,4,1,1,0,0,0,0,0,0
8279,2017,5,5,1,0,0,0,0,0,1,0
8280,2025,1,1,0,0,0,0,0,0,0,0
8294,2011,7,7,3,1,0,0,0,0,3,0
8294,2012,12,12,3,0,0,2,0,0,0,0
8294,2013,8,8,3,1,0,0,0,0,0,0
8294,2014,10,10,1,0,0,0,0,0,1,0
8294,2015,12,12,1,0,0,0,0,0,3,0
8294,2016,3,3,1,1,0,0,0,0,1,0
8326,2019,3,2,1,0,0,0,1,0,0,0
8328,2019,1,1,0,0,0,0,0,0,1,0
8330,2015,8,7,3,1,0,0,1,0,0,0
8330,2016,7,6,3,1,0,1,1,0,1,0
8330,2017,3,3,0,0,0,0,0,0,1,0
8330,2018,12,10,1,0,0,0,2,0,2,0
8330,2019,19,16,3,1,0,0,3,0,1,0
8330,2020,4,3,1,0,0,0,1,0,0,0
8330,2021,15,15,4,0,0,1,0,0,3,0
8330,2022,6,6,0,0,0,0,0,0,1,0
8330,2023,6,5,2,1,0,0,1,0,0,0
8330,2024,6,5,1,0,0,0,1,0,2,0
8330,2026,3,3,2,2,0,0,0,0,0,0
8334,2011,15,15,2,1,0,0,0,0,4,0
8334,2012,8,7,3,0,0,1,1,0,0,0
8334,2013,3,3,1,0,0,0,0,0,1,0
8337,2021,1,0,0,0,0,0,0,1,0,0
8354,2012,3,3,2,0,0,0,0,0,1,0
8356,2015,2,1,1,1,0,0,1,0,0,0
8356,2016,3,2,0,0,0,0,1,0,2,0
8356,2019,3,3,1,0,0,1,0,0,0,0
8356,2022,1,1,0,0,0,0,0,0,0,0
8366,2022,1,1,0,0,0,0,0,0,0,0
8372,2012,3,3,0,0,0,0,0,0,2,0
8372,2017,3,3,1,0,0,0,0,0,1,0
8372,2018,3,3,1,0,0,0,0,0,0,0
8372,2019,3,3,1,1,0,0,0,0,0,0
8379,2024,1,0,0,0,0,0,1,0,0,0
8387,2011,3,2,0,0,0,0,1,0,0,0
8404,2016,3,3,1,0,0,1,0,0,0,0
8405,2023,3,3,2,0,0,0,0,0,0,0
8405,2024,2,1,1,0,0,0,0,0,0,1
8408,2018,1,0,0,0,0,0,1,0,0,0
8416,2024,1,0,0,0,0,0,1,0,0,0
8416,2026,1,1,0,0,0,0,0,0,1,0
8430,2015,3,3,1,1,0,0,0,0,1,0
8430,2019,3,2,2,0,0,1,1,0,0,0
8437,2014,2,2,0,0,0,0,0,0,0,0
8438,2011,3,3,2,0,0,0,0,0,0,0
8440,2016,1,0,0,0,0,0,1,0,0,0
8445,2017,1,1,0,0,0,0,0,0,0,0
8446,2016,2,1,0,0,0,0,1,0,1,0
8446,2019,3,3,2,0,0,0,0,0,0,0
8451,2013,3,3,0,0,0,0,0,0,0,0
8451,2016,1,1,0,0,0,0,0,0,1,0
8453,2010,1,1,1,1,0,0,0,0,0,0
8456,2023,3,3,1,0,0,1,0,0,1,0
8463,2018,1,1,0,0,0,0,0,0,0,0
8463,2021,1,1,0,0,0,0,0,0,0,0
8463,2022,1,1,0,0,0,0,0,0,0,0
8463,2023,1,0,0,0,0,0,1,0,0,0
8463,2024,1,1,1,0,0,0,0,0,0,0
8463,2026,1,1,0,0,0,0,0,0,1,0
8474,2012,2,2,0,0,0,0,0,0,2,0
8502,2023,3,3,0,0,0,0,0,0,1,0
8502,2025,2,2,1,0,0,1,0,0,0,0
8504,2019,1,0,0,0,0,0,1,0,0,0
8512,2012,1,1,0,0,0,0,0,0,0,0
8512,2013,1,1,0,0,0,0,0,0,0,0
8555,2023,3,3,1,0,0,0,0,0,1,0
8557,2013,2,2,1,0,0,0,0,0,0,0
8566,2019,1,1,0,0,0,0,0,0,0,0
8566,2021,1,1,0,0,0,0,0,0,0,0
8574,2014,3,3,1,0,0,0,0,0,0,0
8579,2015,2,2,0,0,0,0,0,0,0,0
8580,2018,3,3,1,0,0,0,0,0,0,0
8580,2019,2,2,1,0,0,0,0,0,0,0
8580,2020,2,2,1,1,0,0,0,0,0,0
8580,2021,1,1,1,0,0,0,0,0,0,0
8581,2011,5,5,2,0,0,0,0,0,0,0
8582,2025,1,1,0,0,0,0,0,0,1,0
8584,2019,1,1,1,0,0,0,0,0,0,0
8592,2012,1,0,0,0,0,0,1,0,0,0
8592,2013,2,2,1,0,0,0,0,0,1,0
8592,2018,2,2,0,0,0,0,0,0,0,0
8592,2020,1,0,0,0,0,0,1,0,0,0
8592,2021,1,1,0,0,0,0,0,0,1,0
8592,2022,1,1,1,0,0,0,0,0,0,0
8595,2023,2,2,1,0,0,1,0,0,0,0
8597,2013,3,2,1,0,0,0,1,0,1,0
8603,2022,1,1,1,1,0,0,0,0,0,0
8603,2023,6,5,3,1,0,1,1,0,1,0
8634,2019,3,3,0,0,0,0,0,0,0,0
8634,2021,2,2,0,0,0,0,0,0,0,0
8634,2022,3,3,1,1,0,0,0,0,0,0
8634,2024,3,2,0,0,0,0,1,0,0,0
8634,2025,2,2,0,0,0,0,0,0,0,0
8634,2026,2,2,1,0,0,0,0,0,0,0
8638,2012,1,1,1,0,0,0,0,0,0,0
8643,2021,1,1,0,0,0,0,0,0,0,0
8643,2022,1,1,0,0,0,0,0,0,0,0
8643,2023,1,1,1,1,0,0,0,0,0,0
8643,2025,1,1,0,0,0,0,0,0,1,0
8643,2026,1,1,0,0,0,0,0,0,1,0
8661,2025,1,1,0,0,0,0,0,0,0,0
8664,2024,5,5,1,0,0,0,0,0,2,0
8682,2012,1,1,0,0,0,0,0,0,0,0
8682,2013,4,4,2,0,0,0,0,0,1,0
8682,2014,2,2,0,0,0,0,0,0,0,0
8682,2015,2,1,0,0,0,0,1,0,0,0
8682,2016,1,1,0,0,0,0,0,0,1,0
8704,2010,1,1,0,0,0,0,0,0,0,0
8713,2024,2,2,1,0,0,0,0,0,0,0
8718,2011,3,2,0,0,0,0,1,0,2,0
8718,2012,2,1,0,0,0,0,1,0,1,0
8718,2013,2,2,0,0,0,0,0,0,1,0
8729,2012,1,1,0,0,0,0,0,0,0,0
8729,2013,1,1,0,0,0,0,0,0,1,0
8729,2014,4,3,1,0,0,0,1,0,0,0
8750,2011,2,2,2,0,0,0,0,0,0,0
8750,2012,2,2,2,1,0,0,0,0,0,0
8773,2016,1,0,0,0,0,0,1,0,0,0
8776,2011,1,1,0,0,0,0,0,0,0,0
8789,2023,3,2,0,0,0,0,1,0,1,0
8791,2022,1,1,0,0,0,0,0,0,0,0
8791,2023,1,1,0,0,0,0,0,0,0,0
8799,2017,3,3,1,0,0,0,0,0,1,0
8804,2020,2,2,1,0,0,1,0,0,1,0
8804,2024,1,1,0,0,0,0,0,0,0,0
8807,2013,3,2,0,0,0,0,0,0,0,1
8807,2014,4,3,1,1,0,0,1,0,0,0
8807,2016,3,3,0,0,0,0,0,0,1,0
8815,2022,1,1,1,0,0,1,0,0,0,0
8815,2023,1,1,0,0,0,0,0,0,0,0
8815,2024,1,1,1,0,0,0,0,0,0,0
8819,2025,2,2,0,0,0,0,0,0,0,0
8823,2010,2,2,0,0,0,0,0,0,0,0
8823,2013,1,1,1,1,0,0,0,0,0,0
8871,2018,6,6,2,1,0,0,0,0,1,0
8871,2021,3,3,0,0,0,0,0,0,1,0
8871,2022,2,2,1,0,0,1,0,0,0,0
8871,2023,3,3,1,1,0,0,0,0,0,0
8871,2024,6,5,1,0,0,0,1,0,0,0
8871,2025,6,5,1,0,0,0,1,0,2,0
8871,2026,2,2,1,1,0,0,0,0,0,0
8873,2012,1,1,0,0,0,0,0,0,1,0
8875,2024,1,1,1,0,0,0,0,0,0,0
8875,2025,4,4,1,1,0,0,0,0,0,0
8880,2012,2,1,0,0,0,0,1,0,1,0
8880,2013,3,3,0,0,0,0,0,0,2,0
8880,2014,3,3,2,0,0,1,0,0,0,0
8880,2015,2,0,0,0,0,0,1,1,0,0
8880,2016,6,5,1,0,0,0,1,0,2,0
8880,2022,1,1,0,0,0,0,0,0,0,0
8881,2017,1,1,1,0,0,0,0,0,0,0
8881,2018,3,3,2,1,0,0,0,0,0,0
8881,2021,2,2,0,0,0,0,0,0,0,0
8881,2023,1,1,0,0,0,0,0,0,0,0
8881,2024,3,2,0,0,0,0,1,0,1,0
8881,2025,4,3,2,0,0,1,1,0,1,0
8881,2026,2,1,0,0,0,0,1,0,1,0
8884,2023,1,1,1,0,0,0,0,0,0,0
8887,2019,2,1,0,0,0,0,1,0,0,0
8894,2023,1,0,0,0,0,0,1,0,0,0
8894,2026,2,2,1,0,0,0,0,0,1,0
8900,2023,3,3,0,0,0,0,0,0,1,0
8900,2026,3,2,0,0,0,0,0,1,1,0
8906,2013,1,1,0,0,0,0,0,0,1,0
8910,2011,2,2,0,0,0,0,0,0,1,0
8910,2012,1,1,0,0,0,0,0,0,1,0
8914,2019,4,4,3,0,0,1,0,0,1,0
8914,2023,3,2,2,0,0,0,1,0,0,0
8919,2014,2,2,2,0,0,0,0,0,0,0
8919,2015,1,1,1,0,0,0,0,0,0,0
8919,2016,6,5,0,0,0,0,0,1,3,0
8919,2017,3,3,1,0,0,0,0,0,0,0
8919,2019,1,1,0,0,0,0,0,0,0,0
8965,2017,3,3,1,0,0,0,0,0,1,0
8965,2022,4,4,1,0,0,0,0,0,0,0
8967,2020,6,6,0,0,0,0,0,0,4,0
8967,2021,5,4,3,0,0,0,1,0,0,0
8967,2022,2,2,0,0,0,0,0,0,1,0
8967,2023,3,3,2,0,0,2,0,0,0,0
8967,2024,3,3,0,0,0,0,0,0,2,0
8967,2025,3,3,0,0,0,0,0,0,0,0
8967,2026,3,3,1,0,0,0,0,0,1,0
8974,2024,1,1,1,0,0,0,0,0,0,0
8974,2026,2,2,1,0,0,0,0,0,0,0
8979,2018,1,1,0,0,0,0,0,0,0,0
8982,2015,1,1,0,0,0,0,0,0,1,0
8995,2013,3,3,1,0,0,0,0,0,2,0
8999,2023,6,6,4,2,0,1,0,0,1,0
8999,2024,5,5,0,0,0,0,0,0,2,0
8999,2025,12,10,3,1,0,0,2,0,0,0
8999,2026,7,7,2,0,0,0,0,0,0,0
9005,2015,3,3,1,0,0,0,0,0,1,0
9005,2016,4,3,2,0,0,0,1,0,0,0
9005,2021,1,1,0,0,0,0,0,0,1,0
9028,2024,3,3,2,0,0,0,0,0,0,0
9028,2025,2,1,1,0,0,0,1,0,0,0
9028,2026,2,2,0,0,0,0,0,0,0,0
9030,2013,1,0,0,0,0,0,1,0,0,0
9062,2014,1,1,0,0,0,0,0,0,0,0
9066,2015,1,0,0,0,0,0,1,0,0,0
9069,2011,3,3,2,0,0,0,0,0,0,0
9071,2011,3,2,0,0,0,0,1,0,0,0
9078,2017,1,1,1,1,0,0,0,0,0,0
9092,2017,6,6,0,0,0,0,0,0,2,0
9092,2018,13,11,3,0,1,0,1,1,0,0
9092,2019,10,10,6,1,0,1,0,0,1,0
9092,2020,3,3,1,0,0,0,0,0,0,0
9092,2021,3,2,1,1,0,0,1,0,0,0
9092,2023,1,1,1,1,0,0,0,0,0,0
9092,2024,3,3,0,0,0,0,0,0,1,0
9092,2025,6,5,4,1,0,1,1,0,0,0
9092,2026,2,2,0,0,0,0,0,0,1,0
9103,2022,3,2,1,0,0,0,1,0,0,0
9103,2024,2,2,1,1,0,0,0,0,0,0
9111,2023,1,1,1,1,0,0,0,0,0,0
9129,2012,2,2,0,0,0,0,0,0,1,0
9129,2016,3,2,1,1,0,0,0,0,0,1
9129,2018,2,2,1,0,0,0,0,0,0,0
9129,2021,1,1,1,0,0,0,0,0,0,0
9129,2026,1,1,0,0,0,0,0,0,0,0
9138,2021,1,0,0,0,0,0,1,0,0,0
9139,2025,1,0,0,0,0,0,1,0,0,0
9141,2021,1,1,0,0,0,0,0,0,1,0
9141,2022,2,0,0,0,0,0,2,0,0,0
9143,2013,3,3,1,0,0,0,0,0,0,0
9143,2015,3,3,1,0,0,0,0,0,1,0
9143,2016,3,2,2,0,0,0,1,0,0,0
9143,2018,3,3,1,0,0,0,0,0,0,0
9143,2020,8,5,1,0,0,0,3,0,2,0
9159,2024,2,1,0,0,0,0,1,0,0,0
9165,2019,1,1,0,0,0,0,0,0,0,0
9196,2013,2,2,0,0,0,0,0,0,0,0
9196,2023,1,1,0,0,0,0,0,0,0,0
9196,2025,1,1,0,0,0,0,0,0,0,0
9198,2012,3,3,1,0,0,0,0,0,1,0
9198,2015,3,2,0,0,0,0,0,0,2,1
9198,2016,4,4,1,0,0,0,0,0,2,0
9209,2025,2,2,1,1,0,0,0,0,1,0
9251,2011,1,1,0,0,0,0,0,0,1,0
9254,2014,3,3,1,0,0,0,0,0,0,0
9255,2011,2,2,1,1,0,0,0,0,0,0
9255,2012,1,1,1,0,0,0,0,0,0,0
9255,2013,1,1,0,0,0,0,0,0,0,0
9257,2019,6,6,2,1,0,0,0,0,1,0
9257,2022,3,3,2,1,0,0,0,0,1,0
9257,2024,9,6,4,0,1,0,3,0,0,0
9257,2025,4,4,2,0,0,0,0,0,0,0
9265,2019,2,2,1,1,0,0,0,0,1,0
9265,2022,1,1,0,0,0,0,0,0,1,0
9265,2024,1,1,0,0,0,0,0,0,1,0
9269,2013,3,3,2,0,0,0,0,0,1,0
9269,2016,3,3,1,0,0,1,0,0,1,0
9269,2018,5,3,0,0,0,0,2,0,0,0
9269,2022,6,4,0,0,0,0,1,1,1,0
9269,2024,3,3,2,1,0,0,0,0,0,0
9269,2025,6,4,0,0,0,0,1,1,3,0
9299,2024,3,3,0,0,0,0,0,0,0,0
9308,2019,3,2,1,1,0,0,1,0,1,0
9308,2020,1,1,1,0,0,1,0,0,0,0
9308,2021,1,0,0,0,0,0,1,0,0,0
9308,2024,2,0,0,0,0,0,2,0,0,0
9308,2026,1,0,0,0,0,0,1,0,0,0
9314,2013,1,1,0,0,0,0,0,0,0,0
9314,2023,3,3,1,0,0,0,0,0,0,0
9314,2024,1,1,0,0,0,0,0,0,0,0
9314,2026,1,1,0,0,0,0,0,0,0,0
9326,2014,2,2,1,0,0,0,0,0,0,0
9326,2015,3,3,0,0,0,0,0,0,1,0
9326,2017,3,2,1,1,0,0,1,0,0,0
9326,2020,1,1,0,0,0,0,0,0,1,0
9326,2022,3,2,2,0,0,0,1,0,0,0
9334,2013,2,2,0,0,0,0,0,0,1,0
9334,2015,1,1,0,0,0,0,0,0,1,0
9334,2016,1,1,1,0,0,1,0,0,0,0
9342,2022,1,1,0,0,0,0,0,0,0,0
9347,2011,1,1,1,0,0,0,0,0,0,0
9347,2012,5,5,1,0,0,0,0,0,1,0
9353,2026,2,2,0,0,0,0,0,0,0,0
9354,2013,2,1,0,0,0,0,1,0,1,0
9354,2014,1,1,0,0,0,0,0,0,1,0
9354,2015,3,2,0,0,0,0,1,0,1,0
9354,2016,4,4,0,0,0,0,0,0,2,0
9354,2017,1,1,0,0,0,0,0,0,1,0
9359,2016,2,2,2,0,0,0,0,0,0,0
9359,2018,1,1,0,0,0,0,0,0,0,0
9386,2012,2,2,0,0,0,0,0,0,2,0
9391,2014,1,1,0,0,0,0,0,0,0,0
9393,2021,1,1,1,0,0,0,0,0,0,0
9393,2024,1,1,0,0,0,0,0,0,1,0
9393,2025,2,2,1,0,0,0,0,0,1,0
9393,2026,3,3,2,0,0,0,0,0,0,0
9413,2011,1,1,0,0,0,0,0,0,0,0
9420,2016,3,3,1,0,0,0,0,0,1,0
9420,2018,3,2,0,0,0,0,1,0,0,0
9420,2019,3,3,1,1,0,0,0,0,0,0
9420,2021,6,5,1,0,0,0,0,1,0,0
9420,2024,2,1,0,0,0,0,1,0,1,0
9420,2025,8,8,3,2,0,0,0,0,3,0
9420,2026,5,4,1,0,0,0,1,0,1,0
9425,2016,3,2,1,0,0,0,1,0,0,0
9425,2023,1,1,0,0,0,0,0,0,0,0
9425,2024,3,3,0,0,0,0,0,0,1,0
9425,2026,3,3,1,0,0,0,0,0,1,0
9445,2013,1,1,0,0,0,0,0,0,1,0
9449,2015,2,2,1,1,0,0,0,0,0,0
9449,2016,4,3,1,0,0,0,1,0,1,0
9449,2017,1,1,0,0,0,0,0,0,0,0
9453,2016,3,3,0,0,0,0,0,0,1,0
9481,2021,2,2,1,0,0,0,0,0,0,0
9513,2010,1,1,0,0,0,0,0,0,0,0
9513,2011,1,1,1,0,0,0,0,0,0,0
9513,2012,1,1,0,0,0,0,0,0,1,0
9529,2023,1,1,0,0,0,0,0,0,0,0
9535,2011,3,3,1,0,0,0,0,0,1,0
9550,2011,2,2,2,1,0,1,0,0,0,0
9550,2012,3,3,1,1,0,0,0,0,1,0
9555,2025,1,1,0,0,0,0,0,0,0,0
9557,2017,1,1,1,1,0,0,0,0,0,0
9557,2018,2,1,0,0,0,0,1,0,0,0
9559,2011,2,1,1,1,0,0,1,0,0,0
9572,2013,7,6,2,0,0,0,1,0,0,0
9572,2014,1,1,0,0,0,0,0,0,0,0
9576,2011,3,3,2,1,0,0,0,0,0,0
9576,2012,3,3,1,0,0,0,0,0,0,0
9576,2015,2,1,0,0,0,0,0,1,0,0
9576,2016,1,0,0,0,0,0,0,0,0,1
9576,2017,3,2,1,0,0,0,1,0,1,0
9576,2018,7,6,1,0,0,1,1,0,2,0
9581,2014,3,2,0,0,0,0,1,0,2,0
9581,2021,6,5,2,0,0,0,1,0,0,0
9594,2018,3,2,1,0,0,0,1,0,1,0
9594,2019,8,5,2,0,0,0,3,0,0,0
9594,2024,1,1,0,0,0,0,0,0,0,0
9629,2017,2,2,0,0,0,0,0,0,1,0
9629,2018,3,3,2,1,0,0,0,0,0,0
9652,2015,1,1,0,0,0,0,0,0,1,0
9652,2016,3,2,0,0,0,0,0,1,1,0
9652,2017,1,1,0,0,0,0,0,0,0,0
9652,2019,2,0,0,0,0,0,1,1,0,0
9668,2021,1,1,0,0,0,0,0,0,1,0
9677,2013,4,4,0,0,0,0,0,0,2,0
9677,2014,12,11,5,2,0,0,0,1,1,0
9677,2015,8,7,4,2,0,0,1,0,2,0
9677,2016,9,9,2,0,0,0,0,0,1,0
9677,2017,8,6,0,0,0,0,1,0,2,1
9677,2018,10,8,3,1,0,0,2,0,1,0
9677,2019,3,2,1,0,0,0,0,1,0,0
9688,2019,2,2,2,1,0,0,0,0,0,0
9688,2022,1,1,1,0,0,0,0,0,0,0
9688,2023,2,1,1,1,0,0,1,0,0,0
9688,2024,2,2,0,0,0,0,0,0,2,0
9688,2025,1,0,0,0,0,0,1,0,0,0
9697,2025,1,1,0,0,0,0,0,0,0,0
9702,2015,1,0,0,0,0,0,1,0,0,0
9741,2015,1,1,0,0,0,0,0,0,1,0
9741,2016,3,3,1,0,0,0,0,0,1,0
9741,2018,1,1,0,0,0,0,0,0,1,0
9742,2013,1,1,1,0,0,0,0,0,0,0
9752,2026,1,1,0,0,0,0,0,0,0,0
9753,2026,2,2,0,0,0,0,0,0,1,0
9761,2014,3,3,0,0,0,0,0,0,0,0
9761,2016,4,2,0,0,0,0,2,0,1,0
9761,2019,3,1,1,0,0,0,2,0,0,0
9762,2022,9,7,1,0,0,1,2,0,1,0
9764,2011,2,2,2,0,0,1,0,0,0,0
9766,2026,1,1,0,0,0,0,0,0,0,0
9769,2026,1,0,0,0,0,0,1,0,0,0
9770,2018,3,3,2,1,0,0,0,0,1,0
9770,2022,2,2,1,0,0,0,0,0,0,0
9774,2018,3,3,1,0,0,0,0,0,2,0
9774,2021,3,3,1,0,0,0,0,0,2,0
9774,2022,3,3,2,1,0,0,0,0,0,0
9774,2023,2,2,1,0,0,0,0,0,0,0
9774,2024,2,1,1,0,0,1,1,0,0,0
9774,2025,5,3,2,2,0,0,1,0,0,1
9774,2026,11,11,3,0,0,0,0,0,1,0
9781,2011,2,2,2,1,0,0,0,0,0,0
9781,2012,1,0,0,0,0,0,1,0,0,0
9781,2013,1,1,0,0,0,0,0,0,1,0
9781,2014,1,1,0,0,0,0,0,0,0,0
9782,2011,2,2,0,0,0,0,0,0,2,0
9782,2012,1,1,0,0,0,0,0,0,0,0
9786,2023,3,3,2,0,1,0,0,0,0,0
9786,2026,3,2,0,0,0,0,1,0,1,0
9788,2011,1,1,0,0,0,0,0,0,0,0
9788,2013,1,1,1,0,0,0,0,0,0,0
9794,2016,1,1,1,0,0,0,0,0,0,0
9794,2017,1,1,1,0,0,0,0,0,0,0
9794,2021,1,1,0,0,0,0,0,0,0,0
9794,2022,2,2,1,1,0,0,0,0,1,0
9795,2018,6,6,2,1,0,0,0,0,0,0
9795,2021,1,1,0,0,0,0,0,0,0,0
9805,2013,2,1,1,0,0,0,1,0,0,0
9813,2019,1,0,0,0,0,0,1,0,0,0
9813,2021,1,1,0,0,0,0,0,0,0,0
9815,2024,4,3,0,0,0,0,1,0,2,0
9815,2025,1,1,0,0,0,0,0,0,0,0
9822,2011,3,2,0,0,0,0,1,0,1,0
9822,2012,3,3,1,1,0,0,0,0,2,0
9822,2013,1,0,0,0,0,0,0,1,0,0
9825,2023,1,1,1,0,0,0,0,0,0,0
9827,2015,1,1,0,0,0,0,0,0,1,0
9830,2012,2,2,0,0,0,0,0,0,1,0
9835,2012,1,1,0,0,0,0,0,0,0,0
9835,2013,2,2,2,0,1,0,0,0,0,0
9838,2022,1,1,0,0,0,0,0,0,0,0
9838,2024,1,1,0,0,0,0,0,0,0,0
9844,2016,2,0,0,0,0,0,2,0,0,0
9844,2022,4,3,0,0,0,0,0,0,1,1
9844,2023,2,1,0,0,0,0,1,0,1,0
9844,2024,4,3,2,1,0,0,1,0,0,0
9844,2026,2,2,0,0,0,0,0,0,1,0
9845,2021,2,2,0,0,0,0,0,0,1,0
9845,2022,5,5,0,0,0,0,0,0,1,0
9845,2023,3,3,1,0,0,0,0,0,1,0
9845,2024,3,2,1,0,0,0,0,1,0,0
9845,2026,1,1,0,0,0,0,0,0,0,0
9846,2020,3,2,0,0,0,0,1,0,1,0
9846,2021,7,6,2,1,0,0,1,0,1,0
9846,2025,3,3,2,0,1,0,0,0,1,0
9846,2026,3,3,0,0,0,0,0,0,1,0
9865,2025,1,1,0,0,0,0,0,0,0,0
9865,2026,1,1,0,0,0,0,0,0,0,0
9876,2020,1,1,0,0,0,0,0,0,0,0
9876,2024,1,0,0,0,0,0,1,0,0,0
9876,2026,2,2,0,0,0,0,0,0,1,0
9880,2017,3,3,1,1,0,0,0,0,0,0
9880,2018,3,3,0,0,0,0,0,0,0,0
9885,2017,3,3,2,0,0,0,0,0,1,0
9885,2018,1,1,1,0,0,0,0,0,0,0
9887,2011,2,2,1,0,0,0,0,0,0,0
9887,2012,1,1,0,0,0,0,0,0,0,0
9888,2020,1,0,0,0,0,0,1,0,0,0
9888,2023,2,2,0,0,0,0,0,0,0,0
9888,2024,3,3,0,0,0,0,0,0,2,0
9888,2025,3,3,2,1,0,0,0,0,1,0
9889,2022,1,1,1,0,0,0,0,0,0,0
9893,2011,3,2,0,0,0,0,0,1,1,0
9893,2012,2,2,1,0,0,0,0,0,0,0
9895,2020,1,1,0,0,0,0,0,0,0,0
9902,2011,1,0,0,0,0,0,1,0,0,0
9902,2013,1,1,1,0,0,0,0,0,0,0
9902,2014,1,0,0,0,0,0,1,0,0,0
9902,2019,2,2,0,0,0,0,0,0,0,0
9906,2013,1,1,0,0,0,0,0,0,1,0
9906,2016,2,2,0,0,0,0,0,0,1,0
9908,2013,1,1,0,0,0,0,0,0,1,0
9908,2015,2,2,0,0,0,0,0,0,0,0
9908,2017,1,1,0,0,0,0,0,0,0,0
9937,2019,1,1,1,1,0,0,0,0,0,0
9938,2011,1,1,0,0,0,0,0,0,0,0
9944,2012,1,1,0,0,0,0,0,0,0,0
9944,2013,2,2,1,0,0,0,0,0,1,0
9944,2014,2,1,0,0,0,0,1,0,1,0
9954,2014,1,1,1,0,0,0,0,0,0,0
9954,2017,2,2,1,0,0,0,0,0,0,0
9963,2015,3,1,0,0,0,0,2,0,0,0
9963,2016,2,2,1,0,0,0,0,0,1,0
9963,2017,5,4,2,0,0,2,1,0,0,0
9963,2019,4,3,2,0,0,0,1,0,0,0
9963,2021,6,4,0,0,0,0,2,0,3,0
9963,2024,1,1,1,0,0,0,0,0,0,0
9966,2015,1,1,0,0,0,0,0,0,0,0
9968,2014,3,3,1,0,0,0,0,0,1,0
9968,2015,6,5,1,0,0,0,1,0,1,0
9968,2018,3,3,0,0,0,0,0,0,1,0
9969,2013,1,1,0,0,0,0,0,0,0,0
9969,2014,2,2,0,0,0,0,0,0,1,0
9974,2024,1,1,0,0,0,0,0,0,0,0
9974,2025,5,3,1,1,0,0,2,0,1,0
9974,2026,5,3,0,0,0,0,2,0,1,0
9995,2018,1,1,0,0,0,0,0,0,1,0
9997,2022,3,2,1,0,0,0,0,0,0,1
9997,2023,1,1,0,0,0,0,0,0,0,0
10025,2011,1,1,1,0,0,0,0,0,0,0
10033,2017,1,1,0,0,0,0,0,0,0,0
10033,2018,3,3,1,0,0,0,0,0,0,0
10040,2011,1,1,1,0,0,0,0,0,0,0
10040,2012,3,2,0,0,0,0,1,0,1,0
10040,2014,2,2,0,0,0,0,0,0,0,0
10046,2025,1,1,0,0,0,0,0,0,0,0
10054,2022,3,2,0,0,0,0,1,0,0,0
10054,2026,3,2,1,0,0,0,1,0,1,0
10056,2016,1,1,0,0,0,0,0,0,1,0
10064,2013,6,4,3,1,0,0,2,0,0,0
10064,2014,3,2,1,0,0,0,0,1,0,0
10064,2019,7,7,0,0,0,0,0,0,2,0
10064,2021,3,3,0,0,0,0,0,0,2,0
10066,2011,1,1,0,0,0,0,0,0,1,0
10066,2012,3,3,1,1,0,0,0,0,0,0
10066,2013,1,1,0,0,0,0,0,0,1,0
10066,2016,2,2,1,1,0,0,0,0,0,0
10066,2017,2,2,0,0,0,0,0,0,2,0
10067,2024,1,0,0,0,0,0,1,0,0,0
10067,2025,1,1,0,0,0,0,0,0,0,0
10069,2012,3,3,0,0,0,0,0,0,1,0
10069,2018,2,1,0,0,0,0,0,1,0,0
10074,2024,1,1,0,0,0,0,0,0,1,0
10101,2013,2,2,0,0,0,0,0,0,0,0
10101,2016,3,3,0,0,0,0,0,0,2,0
10102,2023,2,1,0,0,0,0,1,0,1,0
10103,2011,2,2,0,0,0,0,0,0,1,0
10103,2012,1,0,0,0,0,0,1,0,0,0
10103,2017,1,1,0,0,0,0,0,0,0,0
10111,2016,3,3,1,0,0,1,0,0,0,0
10111,2018,3,3,1,1,0,0,0,0,0,0
10111,2024,3,3,1,1,0,0,0,0,1,0
10111,2026,7,7,2,0,0,1,0,0,0,0
10118,2011,2,1,0,0,0,0,0,1,0,0
10118,2012,6,5,0,0,0,0,1,0,3,0
10118,2014,3,3,0,0,0,0,0,0,1,0
10118,2016,7,7,3,1,0,0,0,0,1,0
10118,2019,3,2,2,0,0,1,1,0,0,0
10122,2022,1,1,1,1,0,0,0,0,0,0
10136,2011,5,5,2,0,0,0,0,0,1,0
10136,2012,3,3,1,0,0,0,0,0,0,0
10136,2013,3,3,0,0,0,0,0,0,3,0
10136,2019,14,12,4,1,0,0,2,0,0,0
10136,2020,3,2,1,0,0,0,1,0,0,0
10138,2015,1,1,0,0,0,0,0,0,0,0
10142,2011,6,3,1,0,0,1,3,0,1,0
10142,2012,1,1,0,0,0,0,0,0,1,0
10144,2021,2,2,0,0,0,0,0,0,1,0
10144,2024,6,6,1,1,0,0,0,0,0,0
10144,2025,3,3,0,0,0,0,0,0,0,0
10144,2026,3,3,1,0,0,0,0,0,1,0
10156,2011,3,3,0,0,0,0,0,0,0,0
10159,2021,1,1,0,0,0,0,0,0,0,0
10165,2020,5,5,2,1,0,0,0,0,0,0
10168,2023,1,1,0,0,0,0,0,0,0,0
10168,2024,1,1,0,0,0,0,0,0,1,0
10168,2025,1,1,0,0,0,0,0,0,1,0
10180,2022,1,1,0,0,0,0,0,0,0,0
10182,2022,3,3,1,0,0,0,0,0,0,0
10182,2024,1,1,0,0,0,0,0,0,0,0
10195,2022,2,2,0,0,0,0,0,0,0,0
10208,2024,1,1,1,1,0,0,0,0,0,0
10208,2025,2,2,0,0,0,0,0,0,0,0
10208,2026,1,1,0,0,0,0,0,0,0,0
10209,2011,3,3,0,0,0,0,0,0,0,0
10209,2013,3,2,0,0,0,0,1,0,1,0
10209,2016,7,7,1,0,0,0,0,0,1,0
10210,2018,1,0,0,0,0,0,0,0,0,1
10214,2014,3,3,2,1,0,0,0,0,0,0
10217,2012,7,7,3,2,0,1,0,0,1,0
10219,2018,1,1,1,0,0,0,0,0,0,0
10228,2021,3,3,1,0,0,1,0,0,1,0
10244,2024,1,1,0,0,0,0,0,0,0,0
10249,2011,3,3,1,0,0,0,0,0,1,0
10249,2012,3,3,0,0,0,0,0,0,1,0
10257,2011,1,1,0,0,0,0,0,0,0,0
10257,2013,3,2,0,0,0,0,1,0,0,0
10259,2021,2,1,1,0,0,1,1,0,0,0
10265,2013,1,1,0,0,0,0,0,0,0,0
10265,2016,2,1,0,0,0,0,1,0,0,0
10288,2016,13,11,2,1,0,1,2,0,2,0
10288,2017,13,10,3,0,0,1,3,0,2,0
10288,2018,15,13,2,2,0,0,1,0,4,1
10288,2019,5,5,0,0,0,0,0,0,2,0
10288,2020,3,2,2,1,0,0,1,0,0,0
10288,2021,6,6,2,0,0,1,0,0,2,0
10288,2023,5,4,0,0,0,0,1,0,2,0
10288,2025,3,2,0,0,0,0,1,0,1,0
10288,2026,1,1,0,0,0,0,0,0,1,0
10298,2014,1,1,1,0,0,0,0,0,0,0
10299,2026,2,2,1,0,0,0,0,0,1,0
10337,2023,1,1,1,0,0,0,0,0,0,0
10362,2011,3,3,3,1,0,0,0,0,0,0
10368,2011,1,1,0,0,0,0,0,0,0,0
10368,2012,2,1,0,0,0,0,0,0,0,1
10370,2024,3,2,0,0,0,0,1,0,1,0
10370,2025,3,3,1,0,0,0,0,0,0,0
10389,2018,1,1,1,1,0,0,0,0,0,0
10389,2020,1,1,0,0,0,0,0,0,0,0
10389,2021,2,2,0,0,0,0,0,0,1,0
10389,2022,1,1,1,0,0,0,0,0,0,0
10389,2023,1,1,0,0,0,0,0,0,0,0
10389,2024,1,1,0,0,0,0,0,0,0,0
10394,2011,2,2,0,0,0,0,0,0,0,0
10402,2023,5,5,3,0,0,0,0,0,0,0
10410,2023,3,3,2,2,0,0,0,0,0,0
10410,2026,2,2,0,0,0,0,0,0,0,0
10454,2023,3,2,0,0,0,0,1,0,1,0
10454,2025,3,2,2,1,0,0,1,0,0,0
10456,2017,1,1,0,0,0,0,0,0,0,0
10456,2018,3,2,0,0,0,0,1,0,1,0
10456,2019,3,2,0,0,0,0,1,0,0,0
10456,2021,6,6,1,1,0,0,0,0,1,0
10456,2022,2,2,1,0,0,0,0,0,0,0
10456,2024,2,2,0,0,0,0,0,0,0,0
10456,2025,3,3,2,1,0,0,0,0,0,0
10456,2026,2,2,2,0,0,0,0,0,0,0
10471,2011,1,1,0,0,0,0,0,0,0,0
10474,2015,3,2,0,0,0,0,1,0,0,0
10474,2023,3,3,0,0,0,0,0,0,0,0
10477,2017,1,0,0,0,0,0,1,0,0,0
10477,2018,3,2,1,0,0,0,1,0,0,0
10477,2020,1,1,0,0,0,0,0,0,0,0
10477,2024,1,1,1,1,0,0,0,0,0,0
10477,2026,1,1,0,0,0,0,0,0,0,0
10483,2025,2,2,0,0,0,0,0,0,0,0
10483,2026,3,3,0,0,0,0,0,0,1,0
10484,2025,1,1,0,0,0,0,0,0,1,0
10487,2017,1,1,0,0,0,0,0,0,0,0
10487,2018,1,1,1,0,0,0,0,0,0,0
10503,2012,2,2,1,0,0,0,0,0,0,0
10503,2013,1,1,0,0,0,0,0,0,0,0
10503,2016,1,1,0,0,0,0,0,0,1,0
10503,2018,1,1,1,0,0,0,0,0,0,0
10503,2019,1,1,0,0,0,0,0,0,1,0
10522,2021,1,1,0,0,0,0,0,0,0,0
10522,2022,1,1,1,0,0,0,0,0,0,0
10538,2018,1,1,1,0,0,0,0,0,0,0
10547,2012,3,3,2,1,0,0,0,0,0,0
10547,2015,3,3,1,0,0,0,0,0,1,0
10547,2016,4,3,1,1,0,0,1,0,0,0
10565,2020,3,2,0,0,0,0,1,0,0,0
10574,2015,1,0,0,0,0,0,1,0,0,0
10574,2020,2,1,0,0,0,0,1,0,1,0
10574,2021,1,1,0,0,0,0,0,0,0,0
10577,2026,1,0,0,0,0,0,0,0,0,1
10580,2026,1,1,1,1,0,0,0,0,0,0
10587,2013,1,1,0,0,0,0,0,0,0,0
10587,2014,1,1,0,0,0,0,0,0,0,0
10587,2015,1,1,0,0,0,0,0,0,1,0
10587,2016,2,1,0,0,0,0,1,0,0,0
10587,2017,1,1,0,0,0,0,0,0,1,0
10609,2013,2,2,0,0,0,0,0,0,1,0
10609,2014,3,3,0,0,0,0,0,0,1,0
10609,2016,1,1,0,0,0,0,0,0,0,0
10623,2024,1,0,0,0,0,0,0,1,0,0
10626,2022,3,3,0,0,0,0,0,0,1,0
10626,2023,3,2,0,0,0,0,1,0,0,0
10626,2024,3,3,2,0,0,1,0,0,1,0
10626,2026,3,1,1,0,0,0,1,0,0,1
10634,2013,3,2,1,0,0,0,1,0,0,0
10634,2014,2,2,0,0,0,0,0,0,0,0
10634,2019,3,3,0,0,0,0,0,0,1,0
10641,2025,1,1,0,0,0,0,0,0,0,0
10641,2026,1,0,0,0,0,0,0,1,0,0
10652,2024,6,6,0,0,0,0,0,0,1,0
10652,2025,6,6,2,1,0,0,0,0,1,0
10652,2026,3,3,1,1,0,0,0,0,1,0
10663,2024,3,3,1,0,0,1,0,0,0,0
10663,2025,3,3,0,0,0,0,0,0,0,0
10667,2021,1,1,0,0,0,0,0,0,0,0
10668,2011,2,2,1,1,0,0,0,0,1,0
10679,2013,4,3,1,0,0,0,1,0,0,0
10679,2014,1,1,0,0,0,0,0,0,0,0
10688,2023,1,1,0,0,0,0,0,0,0,0
10690,2026,3,3,1,1,0,0,0,0,0,0
10696,2013,3,2,0,0,0,0,1,0,0,0
10696,2019,1,1,0,0,0,0,0,0,0,0
10708,2018,3,3,3,0,0,0,0,0,0,0
10708,2019,12,12,2,0,0,1,0,0,2,0
10708,2021,1,1,0,0,0,0,0,0,0,0
10708,2022,3,3,0,0,0,0,0,0,0,0
10711,2025,1,1,1,0,0,0,0,0,0,0
10711,2026,2,2,1,0,0,1,0,0,0,0
10723,2018,1,1,0,0,0,0,0,0,1,0
10723,2020,1,1,1,0,0,0,0,0,0,0
10723,2021,2,2,0,0,0,0,0,0,1,0
10723,2022,1,1,1,0,0,0,0,0,0,0
10723,2023,1,0,0,0,0,0,1,0,0,0
10723,2024,1,1,1,0,0,0,0,0,0,0
10733,2013,1,0,0,0,0,0,1,0,0,0
10733,2017,1,0,0,0,0,0,1,0,0,0
10735,2016,1,1,1,0,0,1,0,0,0,0
10735,2020,3,2,0,0,0,0,1,0,0,0
10771,2025,3,3,0,0,0,0,0,0,2,0
10776,2014,3,2,0,0,0,0,1,0,1,0
10776,2015,2,2,0,0,0,0,0,0,1,0
10776,2016,2,2,0,0,0,0,0,0,0,0
10776,2022,2,2,1,1,0,0,0,0,1,0
10776,2024,1,1,1,0,0,0,0,0,0,0
10781,2016,1,1,1,0,0,0,0,0,0,0
10781,2017,5,5,1,0,0,0,0,0,2,0
10784,2019,2,2,0,0,0,0,0,0,1,0
10784,2022,5,5,3,3,0,0,0,0,1,0
10784,2023,5,5,1,0,0,0,0,0,2,0
10784,2024,2,0,0,0,0,0,2,0,0,0
10788,2023,2,2,1,0,0,0,0,0,1,0
10790,2018,3,3,1,0,0,0,0,0,1,0
10790,2022,8,6,3,1,0,0,2,0,1,0
10790,2023,12,11,2,1,0,0,1,0,3,0
10790,2024,3,2,0,0,0,0,1,0,0,0
10795,2024,1,1,0,0,0,0,0,0,1,0
10835,2016,2,0,0,0,0,0,2,0,0,0
10835,2017,3,2,1,1,0,0,1,0,0,0
10835,2018,7,6,1,0,0,0,0,1,0,0
10845,2023,2,2,1,1,0,0,0,0,0,0
10845,2024,2,2,0,0,0,0,0,0,0,0
10845,2025,2,2,1,1,0,0,0,0,0,0
10845,2026,2,2,1,0,0,0,0,0,1,0
10847,2025,3,3,0,0,0,0,0,0,1,0
10847,2026,6,5,2,0,0,0,1,0,0,0
10848,2013,3,3,1,0,0,0,0,0,0,0
10848,2014,2,2,0,0,0,0,0,0,1,0
10849,2024,1,1,0,0,0,0,0,0,1,0
10849,2025,3,2,0,0,0,0,0,1,2,0
10849,2026,3,3,2,0,0,1,0,0,0,0
10856,2010,1,1,0,0,0,0,0,0,1,0
10863,2023,3,3,1,0,0,1,0,0,1,0
10863,2026,1,1,0,0,0,0,0,0,0,0
10868,2022,1,1,1,0,0,0,0,0,0,0
10868,2023,1,1,0,0,0,0,0,0,1,0
10868,2025,1,1,0,0,0,0,0,0,1,0
10883,2023,1,0,0,0,0,0,1,0,0,0
10889,2023,2,1,0,0,0,0,0,1,1,0
10896,2011,1,1,0,0,0,0,0,0,1,0
10905,2024,3,3,2,2,0,0,0,0,0,0
10924,2020,2,2,1,0,0,1,0,0,1,0
10924,2025,3,2,0,0,0,0,1,0,1,0
10924,2026,3,2,2,1,0,0,1,0,0,0
10928,2026,3,2,0,0,0,0,1,0,2,0
10946,2012,2,2,0,0,0,0,0,0,0,0
10946,2013,3,3,0,0,0,0,0,0,0,0
10946,2014,3,3,2,1,0,1,0,0,0,0
10946,2017,1,1,0,0,0,0,0,0,0,0
10946,2018,2,2,0,0,0,0,0,0,1,0
10946,2019,2,2,0,0,0,0,0,0,0,0
10946,2021,1,1,0,0,0,0,0,0,0,0
10946,2022,2,2,1,1,0,0,0,0,0,0
10968,2018,2,1,0,0,0,0,1,0,1,0
10968,2019,1,1,1,0,0,1,0,0,0,0
10968,2023,1,1,0,0,0,0,0,0,1,0
10968,2025,1,1,0,0,0,0,0,0,0,0
10978,2019,2,2,2,0,0,0,0,0,0,0
10982,2022,1,1,1,1,0,0,0,0,0,0
10984,2011,3,3,1,0,0,1,0,0,1,0
10984,2014,2,2,1,0,0,0,0,0,1,0
10984,2015,1,1,1,0,0,0,0,0,0,0
10988,2017,1,0,0,0,0,0,1,0,0,0
10988,2018,4,3,1,0,0,1,1,0,0,0
10988,2019,1,1,0,0,0,0,0,0,0,0
10991,2022,2,2,0,0,0,0,0,0,1,0
10991,2023,3,3,0,0,0,0,0,0,0,0
11015,2022,2,1,0,0,0,0,1,0,0,0
11015,2024,1,1,0,0,0,0,0,0,0,0
11020,2017,3,3,0,0,0,0,0,0,0,0
11020,2019,1,1,0,0,0,0,0,0,0,0
11020,2022,2,2,1,1,0,0,0,0,0,0
11022,2023,1,1,0,0,0,0,0,0,0,0
11024,2026,1,1,0,0,0,0,0,0,0,0
11026,2011,2,2,0,0,0,0,0,0,1,0
11036,2017,2,2,1,0,0,0,0,0,0,0
11036,2024,1,1,1,1,0,0,0,0,0,0
11036,2025,1,1,0,0,0,0,0,0,0,0
11044,2019,1,1,0,0,0,0,0,0,0,0
11049,2011,2,1,1,0,0,0,1,0,0,0
11061,2014,1,1,0,0,0,0,0,0,0,0
11084,2011,5,5,0,0,0,0,0,0,2,0
11084,2013,2,2,0,0,0,0,0,0,0,0
11084,2014,2,2,0,0,0,0,0,0,0,0
11084,2015,3,3,1,1,0,0,0,0,0,0
11084,2017,1,1,1,1,0,0,0,0,0,0
11099,2018,3,3,1,0,0,1,0,0,0,0
11099,2023,2,2,2,2,0,0,0,0,0,0
11102,2016,3,3,2,0,0,1,0,0,0,0
11102,2017,10,7,1,0,0,0,3,0,3,0
11102,2018,12,10,3,0,0,0,2,0,1,0
11106,2018,2,2,1,0,0,1,0,0,1,0
11106,2019,4,4,1,0,0,0,0,0,1,0
11106,2023,3,3,2,1,0,1,0,0,1,0
11106,2024,1,1,0,0,0,0,0,0,0,0
11106,2025,1,1,0,0,0,0,0,0,1,0
11111,2011,2,2,1,0,0,0,0,0,0,0
11111,2012,11,8,2,1,0,0,1,0,2,2
11111,2013,8,7,4,0,0,1,1,0,2,0
11111,2014,15,11,5,1,0,2,4,0,3,0
11111,2016,7,7,2,1,0,1,0,0,3,0
11111,2017,5,5,1,1,0,0,0,0,1,0
11111,2018,9,8,2,1,0,0,1,0,4,0
11111,2019,12,11,3,1,0,0,0,1,3,0
11111,2021,4,4,0,0,0,0,0,0,0,0
11112,2013,2,2,1,1,0,0,0,0,0,0
11114,2019,1,1,1,0,0,0,0,0,0,0
11114,2024,1,1,0,0,0,0,0,0,0,0
11118,2016,2,2,0,0,0,0,0,0,2,0
11118,2017,2,1,1,0,0,0,1,0,0,0
11118,2018,5,5,2,0,0,1,0,0,1,0
11118,2021,5,5,1,0,0,0,0,0,1,0
11118,2023,6,6,2,1,0,0,0,0,1,0
11120,2022,3,3,1,0,0,0,0,0,1,0
11120,2023,6,5,1,0,0,0,1,0,0,0
11120,2026,3,3,0,0,0,0,0,0,0,0
11127,2018,3,2,0,0,0,0,1,0,1,0
11127,2019,6,4,0,0,0,0,2,0,0,0
11127,2021,4,2,1,0,0,0,2,0,0,0
11127,2022,2,2,0,0,0,0,0,0,0,0
11127,2023,3,2,0,0,0,0,1,0,1,0
11128,2016,1,1,0,0,0,0,0,0,1,0
11128,2018,1,1,0,0,0,0,0,0,0,0
11128,2021,1,0,0,0,0,0,1,0,0,0
11130,2022,1,1,0,0,0,0,0,0,1,0
11138,2011,4,4,1,0,0,0,0,0,0,0
11138,2012,3,3,0,0,0,0,0,0,0,0
11138,2014,6,5,0,0,0,0,1,0,2,0
11144,2011,2,2,1,0,0,0,0,0,0,0
11146,2016,4,3,1,1,0,0,1,0,1,0
11146,2025,1,0,0,0,0,0,1,0,0,0
11147,2018,6,5,1,0,0,0,1,0,2,0
11147,2019,3,3,1,0,0,0,0,0,0,0
11149,2022,2,2,1,1,0,0,0,0,0,0
11151,2018,2,1,0,0,0,0,1,0,1,0
11151,2019,4,3,2,1,0,0,1,0,1,0
11151,2021,2,1,0,0,0,0,1,0,1,0
11151,2022,5,5,2,0,0,0,0,0,2,0
11151,2023,3,3,1,1,0,0,0,0,1,0
11151,2025,3,3,1,0,0,0,0,0,1,0
11151,2026,2,2,1,0,0,0,0,0,0,0
11152,2022,2,1,1,0,0,0,1,0,0,0
11152,2023,1,1,0,0,0,0,0,0,0,0
11152,2024,1,1,0,0,0,0,0,0,1,0
11152,2025,2,2,1,0,0,0,0,0,0,0
11157,2019,3,3,1,0,0,0,0,0,1,0
11157,2020,3,3,0,0,0,0,0,0,0,0
11157,2021,2,2,1,0,0,0,0,0,0,0
11158,2025,2,2,0,0,0,0,0,0,0,0
11158,2026,8,7,3,1,0,1,1,0,0,0
11168,2022,2,2,0,0,0,0,0,0,0,0
11169,2020,1,1,1,0,0,0,0,0,0,0
11169,2022,1,1,1,0,0,0,0,0,0,0
11169,2023,1,1,0,0,0,0,0,0,1,0
11169,2026,1,1,0,0,0,0,0,0,0,0
11179,2021,2,2,1,0,0,1,0,0,1,0
11179,2022,2,2,1,0,0,0,0,0,0,0
11179,2024,2,2,0,0,0,0,0,0,0,0
11179,2025,1,1,0,0,0,0,0,0,0,0
11179,2026,1,1,0,0,0,0,0,0,0,0
11194,2025,2,2,0,0,0,0,0,0,1,0
11200,2023,1,1,0,0,0,0,0,0,0,0
11204,2013,2,2,0,0,0,0,0,0,1,0
11225,2015,3,3,1,0,0,0,0,0,2,0
11225,2016,3,3,2,1,0,1,0,0,0,0
11225,2017,3,3,2,0,1,0,0,0,0,0
11225,2018,9,9,3,2,0,0,0,0,2,0
11225,2019,5,4,2,0,0,0,1,0,1,0
11225,2021,1,1,0,0,0,0,0,0,0,0
11225,2022,2,1,0,0,0,0,1,0,0,0
11225,2023,3,3,1,0,0,0,0,0,1,0
11226,2021,1,1,1,1,0,0,0,0,0,0
11226,2022,1,1,0,0,0,0,0,0,0,0
11239,2018,3,3,0,0,0,0,0,0,2,0
11239,2021,2,2,1,0,0,0,0,0,1,0
11239,2023,2,2,1,0,0,0,0,0,0,0
11239,2026,3,3,0,0,0,0,0,0,0,0
11240,2012,1,1,0,0,0,0,0,0,1,0
11251,2015,3,3,2,0,0,1,0,0,0,0
11251,2020,4,3,0,0,0,0,1,0,2,0
11261,2023,2,2,2,1,0,0,0,0,0,0
11262,2020,2,2,1,0,0,0,0,0,0,0
11270,2020,1,1,1,0,0,0,0,0,0,0
11307,2025,1,1,0,0,0,0,0,0,0,0
11307,2026,1,1,0,0,0,0,0,0,0,0
11310,2020,1,0,0,0,0,0,1,0,0,0
11310,2021,1,1,0,0,0,0,0,0,0,0
11325,2015,1,1,0,0,0,0,0,0,0,0
11325,2017,2,2,0,0,0,0,0,0,1,0
11350,2025,2,1,0,0,0,0,0,1,1,0
11350,2026,1,1,0,0,0,0,0,0,1,0
11354,2017,1,1,1,0,0,0,0,0,0,0
11377,2013,2,2,0,0,0,0,0,0,1,0
11377,2014,2,2,1,0,0,1,0,0,1,0
11378,2012,1,1,0,0,0,0,0,0,0,0
11378,2014,1,1,0,0,0,0,0,0,1,0
11378,2015,1,1,1,1,0,0,0,0,0,0
11384,2017,2,2,0,0,0,0,0,0,0,0
11386,2013,2,2,0,0,0,0,0,0,1,0
11386,2022,1,0,0,0,0,0,1,0,0,0
11428,2016,3,2,1,1,0,0,1,0,1,0
11428,2017,2,2,1,0,0,0,0,0,0,0
11428,2018,3,2,0,0,0,0,1,0,1,0
11430,2022,4,3,1,1,0,0,1,0,0,0
11430,2023,2,1,0,0,0,0,1,0,1,0
11438,2021,2,2,1,0,0,1,0,0,1,0
11438,2023,3,3,3,1,0,1,0,0,0,0
11445,2011,1,1,0,0,0,0,0,0,1,0
11446,2024,2,2,1,0,0,0,0,0,0,0
11446,2025,1,1,1,1,0,0,0,0,0,0
11446,2026,1,1,0,0,0,0,0,0,0,0
11453,2021,6,5,2,0,0,0,1,0,1,0
11453,2022,3,3,1,1,0,0,0,0,1,0
11454,2022,1,1,0,0,0,0,0,0,1,0
11454,2023,1,1,0,0,0,0,0,0,0,0
11454,2024,3,3,0,0,0,0,0,0,1,0
11460,2014,2,2,2,0,0,0,0,0,0,0
11464,2013,3,3,2,0,0,0,0,0,1,0
11464,2014,2,2,0,0,0,0,0,0,0,0
11464,2016,1,1,0,0,0,0,0,0,0,0
11465,2021,1,1,0,0,0,0,0,0,1,0
11465,2026,1,1,0,0,0,0,0,0,1,0
11484,2015,3,3,0,0,0,0,0,0,0,0
11494,2024,1,1,0,0,0,0,0,0,0,0
11494,2025,2,1,1,0,0,1,1,0,0,0
11512,2017,1,1,0,0,0,0,0,0,0,0
11514,2026,3,3,2,0,0,0,0,0,0,0
11531,2016,1,1,1,0,0,1,0,0,0,0
11531,2023,1,1,1,0,0,0,0,0,0,0
11541,2014,3,2,1,0,0,0,1,0,1,0
11541,2015,4,3,1,0,0,0,1,0,1,0
11543,2012,1,1,0,0,0,0,0,0,0,0
11543,2013,7,7,1,0,0,0,0,0,2,0
11543,2014,2,2,0,0,0,0,0,0,2,0
11543,2015,1,1,0,0,0,0,0,0,0,0
11543,2016,2,2,0,0,0,0,0,0,0,0
11550,2017,1,1,0,0,0,0,0,0,0,0
11590,2014,3,3,2,0,0,0,0,0,0,0
11590,2015,2,2,1,0,0,0,0,0,0,0
11590,2016,1,0,0,0,0,0,1,0,0,0
11590,2017,1,1,1,0,0,0,0,0,0,0
11590,2021,3,2,0,0,0,0,1,0,1,0
11598,2020,2,2,0,0,0,0,0,0,1,0
11607,2011,1,1,1,1,0,0,0,0,0,0
11632,2017,2,1,0,0,0,0,1,0,0,0
11644,2012,3,3,1,0,0,0,0,0,1,0
11644,2013,9,6,2,1,0,0,2,0,1,1
11644,2014,5,3,1,1,0,0,2,0,0,0
11650,2019,3,3,1,0,0,0,0,0,0,0
11661,2022,2,2,2,2,0,0,0,0,0,0
11663,2011,2,1,0,0,0,0,1,0,1,0
11663,2014,1,1,0,0,0,0,0,0,1,0
11663,2015,1,1,0,0,0,0,0,0,1,0
11673,2021,2,2,1,0,0,0,0,0,0,0
11673,2022,1,1,1,0,0,0,0,0,0,0
11673,2023,1,1,0,0,0,0,0,0,0,0
11686,2016,3,3,2,0,0,0,0,0,1,0
11686,2017,12,9,3,1,1,1,3,0,2,0
11686,2018,9,8,3,1,0,1,1,0,2,0
11686,2019,6,6,3,1,0,2,0,0,0,0
11686,2020,6,5,2,1,0,0,0,1,1,0
11686,2022,9,7,1,0,0,0,2,0,1,0
11688,2019,2,2,0,0,0,0,0,0,0,0
11688,2021,6,6,2,0,0,2,0,0,3,0
11691,2023,1,1,0,0,0,0,0,0,0,0
11691,2025,1,0,0,0,0,0,1,0,0,0
11709,2025,3,3,0,0,0,0,0,0,2,0
11709,2026,3,2,2,1,0,0,1,0,0,0
11716,2012,2,1,0,0,0,0,1,0,1,0
11721,2020,1,1,1,1,0,0,0,0,0,0
11723,2012,3,3,1,0,0,0,0,0,0,0
11723,2013,3,3,1,1,0,0,0,0,1,0
11746,2014,1,0,0,0,0,0,1,0,0,0
11770,2023,2,1,0,0,0,0,1,0,1,0
11773,2018,8,7,2,0,0,0,1,0,1,0
11773,2019,3,3,2,0,0,0,0,0,0,0
11777,2023,1,1,0,0,0,0,0,0,1,0
11778,2024,3,3,1,0,0,0,0,0,1,0
11778,2025,2,2,0,0,0,0,0,0,0,0
11778,2026,1,1,0,0,0,0,0,0,0,0
11785,2023,1,1,0,0,0,0,0,0,1,0
11788,2025,5,4,1,0,0,0,1,0,0,0
11788,2026,7,7,5,3,0,0,0,0,0,0
11801,2011,3,3,0,0,0,0,0,0,1,0
11806,2013,2,2,1,0,0,1,0,0,0,0
11814,2018,2,1,1,0,0,0,1,0,0,0
11818,2016,9,9,2,0,0,0,0,0,4,0
11818,2017,3,3,0,0,0,0,0,0,0,0
11818,2018,13,12,5,1,0,0,1,0,2,0
11818,2019,5,3,2,1,0,0,2,0,0,0
11818,2020,3,2,1,1,0,0,1,0,1,0
11818,2021,7,7,3,0,0,2,0,0,1,0
11818,2026,1,1,0,0,0,0,0,0,0,0
11824,2018,1,1,1,1,0,0,0,0,0,0
11824,2020,1,1,0,0,0,0,0,0,1,0
11825,2024,2,1,0,0,0,0,0,0,0,1
11825,2025,3,3,1,0,0,1,0,0,0,0
11831,2010,1,1,0,0,0,0,0,0,1,0
11831,2012,2,2,0,0,0,0,0,0,2,0
11839,2022,2,1,1,0,0,0,1,0,0,0
11841,2016,3,2,0,0,0,0,0,0,0,1
11841,2023,3,2,1,1,0,0,1,0,1,0
11841,2025,3,3,1,0,0,0,0,0,1,0
11844,2015,3,3,0,0,0,0,0,0,1,0
11844,2016,1,1,1,0,0,0,0,0,0,0
11848,2020,1,1,0,0,0,0,0,0,0,0
11848,2021,1,1,0,0,0,0,0,0,0,0
11849,2023,1,1,0,0,0,0,0,0,0,0
11850,2023,1,1,0,0,0,0,0,0,0,0
11850,2024,1,1,0,0,0,0,0,0,0,0
11850,2025,1,1,0,0,0,0,0,0,0,0
11863,2012,1,1,1,1,0,0,0,0,0,0
11863,2013,3,3,0,0,0,0,0,0,1,0
11863,2016,3,3,0,0,0,0,0,0,2,0
11868,2024,1,1,0,0,0,0,0,0,0,0
11874,2014,2,1,0,0,0,0,0,1,1,0
11878,2014,1,1,0,0,0,0,0,0,0,0
11878,2017,1,1,1,0,0,0,0,0,0,0
11878,2019,2,1,0,0,0,0,1,0,0,0
11878,2020,4,4,2,1,0,1,0,0,0,0
11885,2011,1,1,0,0,0,0,0,0,0,0
11897,2023,1,1,1,1,0,0,0,0,0,0
11897,2024,2,1,0,0,0,0,1,0,0,0
11897,2025,3,2,0,0,0,0,1,0,0,0
11899,2011,1,1,1,0,0,0,0,0,0,0
11899,2012,6,6,2,0,0,2,0,0,0,0
11899,2013,3,3,1,0,0,0,0,0,1,0
11899,2014,6,6,3,0,0,0,0,0,0,0
11899,2016,4,4,0,0,0,0,0,0,3,0
11904,2012,2,2,0,0,0,0,0,0,1,0
11904,2013,3,3,2,0,0,0,0,0,0,0
11904,2014,3,3,0,0,0,0,0,0,3,0
11904,2016,3,3,0,0,0,0,0,0,0,0
11904,2017,3,3,1,1,0,0,0,0,0,0
11905,2011,8,7,3,0,0,0,0,0,1,1
11905,2012,2,2,0,0,0,0,0,0,0,0
11911,2019,8,8,1,1,0,0,0,0,2,0
11911,2020,8,7,4,0,0,2,1,0,1,0
11911,2021,3,2,0,0,0,0,1,0,0,0
11911,2022,1,1,1,1,0,0,0,0,0,0
11911,2026,3,3,3,2,0,0,0,0,0,0
11917,2015,3,2,1,0,0,0,1,0,0,0
11917,2017,6,5,2,1,0,0,1,0,2,0
11917,2019,3,2,1,0,0,0,1,0,0,0
11917,2020,3,1,0,0,0,0,2,0,0,0
11917,2021,2,2,1,0,0,0,0,0,0,0
11917,2023,3,3,3,0,0,1,0,0,0,0
11917,2026,3,3,0,0,0,0,0,0,2,0
11940,2019,4,4,1,1,0,0,0,0,0,0
11940,2026,1,1,1,0,0,0,0,0,0,0
11942,2010,1,1,0,0,0,0,0,0,1,0
11942,2012,3,2,0,0,0,0,1,0,0,0
11942,2013,7,7,2,0,0,0,0,0,3,0
11942,2014,4,4,2,2,0,0,0,0,0,0
11942,2016,6,4,0,0,0,0,2,0,1,0
11942,2017,2,1,0,0,0,0,1,0,0,0
11942,2019,3,2,1,0,0,0,1,0,1,0
11942,2021,3,3,1,0,0,0,0,0,2,0
11942,2022,5,3,3,2,0,0,1,1,0,0
11942,2023,3,3,1,0,1,0,0,0,0,0
11944,2022,1,1,1,0,0,0,0,0,0,0
11952,2011,1,1,0,0,0,0,0,0,0,0
11955,2023,2,2,1,0,0,0,0,0,0,0
11955,2026,1,0,0,0,0,0,0,1,0,0
11958,2024,5,5,2,1,0,1,0,0,1,0
11968,2024,1,0,0,0,0,0,1,0,0,0
11977,2023,1,1,0,0,0,0,0,0,0,0
11977,2024,1,1,0,0,0,0,0,0,0,0
11977,2025,2,2,0,0,0,0,0,0,0,0
11977,2026,1,1,0,0,0,0,0,0,0,0
11982,2017,6,5,2,0,0,1,0,1,1,0
11982,2021,6,6,0,0,0,0,0,0,3,0
11982,2022,6,5,0,0,0,0,1,0,0,0
11982,2023,5,5,2,0,0,0,0,0,2,0
12003,2024,2,1,0,0,0,0,1,0,0,0
12023,2011,5,5,3,0,0,1,0,0,1,0
12023,2012,2,2,1,0,0,0,0,0,0,0
12024,2014,1,1,0,0,0,0,0,0,1,0
12025,2022,1,0,0,0,0,0,1,0,0,0
12042,2023,1,1,0,0,0,0,0,0,0,0
12046,2016,1,1,0,0,0,0,0,0,0,0
12046,2018,1,1,0,0,0,0,0,0,0,0
12047,2022,2,2,1,0,0,0,0,0,1,0
12048,2022,3,2,1,0,0,0,0,0,0,1
12048,2026,1,1,1,1,0,0,0,0,0,0
12050,2025,2,1,1,0,0,0,1,0,0,0
12085,2011,1,1,1,0,0,0,0,0,0,0
12085,2012,1,0,0,0,0,0,1,0,0,0
12085,2013,1,1,0,0,0,0,0,0,1,0
12085,2014,2,2,0,0,0,0,0,0,0,0
12085,2015,1,0,0,0,0,0,1,0,0,0
12085,2016,2,2,0,0,0,0,0,0,1,0
12085,2017,2,2,1,0,0,0,0,0,0,0
12085,2018,3,3,0,0,0,0,0,0,2,0
12085,2019,1,1,0,0,0,0,0,0,0,0
12085,2021,1,1,0,0,0,0,0,0,0,0
12090,2021,1,1,0,0,0,0,0,0,1,0
12090,2023,3,3,1,0,0,0,0,0,0,0
12090,2024,6,6,4,2,0,0,0,0,0,0
12095,2017,3,3,3,2,0,1,0,0,0,0
12097,2018,3,2,1,0,0,0,1,0,0,0
12097,2019,5,5,1,0,0,0,0,0,1,0
12097,2021,6,6,2,0,0,0,0,0,0,0
12097,2023,5,4,0,0,0,0,1,0,1,0
12097,2024,1,1,0,0,0,0,0,0,0,0
12097,2026,1,1,1,0,0,0,0,0,0,0
12103,2023,2,2,0,0,0,0,0,0,0,0
12103,2025,1,1,0,0,0,0,0,0,0,0
12103,2026,1,1,0,0,0,0,0,0,0,0
12104,2019,3,3,0,0,0,0,0,0,1,0
12104,2021,6,6,4,0,0,0,0,0,1,0
12104,2022,12,11,6,1,0,1,1,0,0,0
12104,2023,7,7,1,1,0,0,0,0,2,0
12104,2024,11,10,3,1,0,0,1,0,1,0
12104,2025,12,12,3,0,0,0,0,0,3,0
12104,2026,4,4,1,0,0,0,0,0,0,0
12105,2012,1,1,1,0,0,0,0,0,0,0
12105,2013,2,1,0,0,0,0,1,0,0,0
12106,2018,1,0,0,0,0,0,1,0,0,0
12106,2019,1,1,1,0,0,0,0,0,0,0
12109,2020,3,2,0,0,0,0,0,1,0,0
12109,2023,1,1,0,0,0,0,0,0,0,0
12120,2023,1,0,0,0,0,0,1,0,0,0
12120,2024,1,1,1,1,0,0,0,0,0,0
12126,2012,3,3,0,0,0,0,0,0,3,0
12147,2011,6,6,1,0,0,0,0,0,1,0
12150,2021,1,1,0,0,0,0,0,0,1,0
12150,2023,2,2,2,0,0,0,0,0,0,0
12154,2022,2,2,0,0,0,0,0,0,0,0
12158,2025,1,0,0,0,0,0,1,0,0,0
12161,2012,3,3,0,0,0,0,0,0,3,0
12168,2023,2,2,1,1,0,0,0,0,0,0
12172,2011,6,5,1,0,0,0,1,0,0,0
12186,2013,9,6,4,0,0,1,3,0,0,0
12186,2014,15,8,3,2,0,0,6,0,3,1
12186,2018,6,5,3,1,0,1,1,0,2,0
12186,2019,13,10,4,0,0,0,3,0,3,0
12186,2020,6,6,3,1,0,0,0,0,1,0
12186,2021,15,13,4,0,0,0,2,0,2,0
12186,2022,3,3,0,0,0,0,0,0,0,0
12186,2024,3,3,0,0,0,0,0,0,1,0
12186,2026,6,6,2,0,0,1,0,0,0,0
12195,2012,2,1,0,0,0,0,1,0,0,0
12217,2021,1,1,1,1,0,0,0,0,0,0
12217,2023,1,0,0,0,0,0,1,0,0,0
12217,2025,1,1,0,0,0,0,0,0,1,0
12227,2021,1,1,0,0,0,0,0,0,0,0
12245,2024,6,6,0,0,0,0,0,0,2,0
12247,2022,2,1,1,0,0,0,1,0,0,0
12248,2021,1,1,1,0,0,0,0,0,0,0
12248,2022,2,2,0,0,0,0,0,0,1,0
12262,2026,2,2,1,0,0,0,0,0,0,0
12271,2014,1,0,0,0,0,0,1,0,0,0
12274,2018,3,3,2,1,0,0,0,0,0,0
12285,2018,1,0,0,0,0,0,1,0,0,0
12286,2023,1,1,0,0,0,0,0,0,0,0
12290,2023,6,5,2,0,0,0,1,0,0,0
12290,2026,3,2,0,0,0,0,1,0,0,0
12303,2011,3,2,1,1,0,0,1,0,0,0
12304,2021,1,1,0,0,0,0,0,0,1,0
12304,2024,1,1,0,0,0,0,0,0,0,0
12317,2023,3,3,2,1,0,0,0,0,0,0
12317,2024,1,0,0,0,0,0,1,0,0,0
12317,2025,3,2,1,0,0,0,1,0,0,0
12317,2026,3,3,0,0,0,0,0,0,0,0
12321,2014,3,3,1,1,0,0,0,0,0,0
12321,2015,6,6,4,4,0,0,0,0,0,0
12321,2016,1,1,0,0,0,0,0,0,1,0
12354,2017,1,1,0,0,0,0,0,0,1,0
12354,2018,3,3,0,0,0,0,0,0,1,0
12354,2021,8,6,3,0,0,0,2,0,0,0
12354,2022,3,3,2,1,0,0,0,0,0,0
12354,2023,6,5,2,1,0,0,1,0,0,0
12355,2021,2,2,0,0,0,0,0,0,0,0
12361,2016,1,1,0,0,0,0,0,0,0,0
12362,2011,2,2,1,0,0,0,0,0,1,0
12362,2014,1,1,1,1,0,0,0,0,0,0
12364,2022,2,2,1,1,0,0,0,0,1,0
12364,2023,2,2,0,0,0,0,0,0,1,0
12364,2024,1,1,0,0,0,0,0,0,0,0
12369,2014,3,1,0,0,0,0,2,0,1,0
12382,2014,1,1,1,0,0,0,0,0,0,0
12382,2015,1,0,0,0,0,0,1,0,0,0
12382,2017,1,0,0,0,0,0,1,0,0,0
12382,2018,2,2,0,0,0,0,0,0,0,0
12382,2019,4,2,0,0,0,0,2,0,1,0
12382,2020,2,2,0,0,0,0,0,0,0,0
12382,2021,2,2,0,0,0,0,0,0,0,0
12382,2022,1,1,1,1,0,0,0,0,0,0
12382,2025,1,1,0,0,0,0,0,0,0,0
12395,2022,3,2,1,0,0,0,1,0,1,0
12395,2023,1,1,0,0,0,0,0,0,0,0
12395,2025,1,1,1,0,0,0,0,0,0,0
12407,2024,1,1,1,0,0,0,0,0,0,0
12415,2019,2,2,1,0,0,1,0,0,0,0
12415,2023,1,1,0,0,0,0,0,0,0,0
12415,2024,1,1,0,0,0,0,0,0,0,0
12420,2026,1,1,0,0,0,0,0,0,0,0
12423,2023,3,3,3,1,0,1,0,0,0,0
12423,2024,4,3,1,0,0,0,1,0,1,0
12423,2025,1,1,1,1,0,0,0,0,0,0
12435,2021,1,1,1,0,0,0,0,0,0,0
12446,2016,3,3,0,0,0,0,0,0,0,0
12446,2017,1,1,1,1,0,0,0,0,0,0
12446,2019,1,1,0,0,0,0,0,0,0,0
12446,2023,1,1,1,1,0,0,0,0,0,0
12451,2017,1,1,0,0,0,0,0,0,1,0
12451,2020,1,1,1,1,0,0,0,0,0,0
12457,2025,2,2,0,0,0,0,0,0,1,0
12460,2012,3,2,0,0,0,0,1,0,0,0
12470,2024,3,3,0,0,0,0,0,0,1,0
12470,2026,3,3,0,0,0,0,0,0,2,0
12472,2016,3,2,1,0,0,0,1,0,0,0
12472,2017,6,6,3,0,0,1,0,0,0,0
12472,2018,6,6,2,0,0,0,0,0,1,0
12472,2019,3,3,0,0,0,0,0,0,0,0
12472,2021,1,1,0,0,0,0,0,0,0,0
12472,2022,8,7,1,0,0,0,1,0,2,0
12472,2023,6,5,0,0,0,0,0,1,1,0
12476,2016,1,1,0,0,0,0,0,0,1,0
12477,2019,6,6,2,0,0,1,0,0,1,0
12477,2021,3,3,1,0,0,0,0,0,0,0
12477,2022,3,2,1,1,0,0,1,0,0,0
12487,2021,1,1,0,0,0,0,0,0,1,0
12487,2022,1,1,0,0,0,0,0,0,0,0
12487,2023,2,2,1,0,0,0,0,0,1,0
12487,2025,1,1,0,0,0,0,0,0,0,0
12487,2026,1,0,0,0,0,0,1,0,0,0
12492,2012,1,1,0,0,0,0,0,0,0,0
12498,2025,2,1,1,0,0,0,1,0,0,0
12502,2013,4,2,1,0,0,0,2,0,1,0
12502,2014,3,3,0,0,0,0,0,0,1,0
12502,2015,2,2,2,1,0,0,0,0,0,0
12502,2016,4,3,0,0,0,0,1,0,1,0
12508,2018,1,1,1,0,0,1,0,0,0,0
12508,2020,3,2,2,1,0,0,1,0,0,0
12508,2021,2,1,1,0,0,1,1,0,0,0
12510,2011,4,2,1,0,0,0,2,0,1,0
12510,2012,5,5,2,2,0,0,0,0,0,0
12510,2013,3,2,0,0,0,0,1,0,1,0
12510,2014,3,2,0,0,0,0,1,0,1,0
12524,2016,2,2,2,1,0,0,0,0,0,0
12526,2014,2,2,1,0,0,0,0,0,0,0
12532,2018,1,1,0,0,0,0,0,0,1,0
12536,2016,3,3,1,1,0,0,0,0,0,0
12536,2018,2,2,0,0,0,0,0,0,1,0
12537,2012,3,2,0,0,0,0,1,0,2,0
12537,2014,1,1,1,0,0,0,0,0,0,0
12552,2023,1,1,0,0,0,0,0,0,1,0
12554,2019,3,2,0,0,0,0,1,0,1,0
12554,2020,2,2,2,1,0,1,0,0,0,0
12561,2018,3,2,0,0,0,0,0,0,1,1
12561,2020,3,3,0,0,0,0,0,0,1,0
12561,2025,3,3,0,0,0,0,0,0,1,0
12561,2026,1,1,0,0,0,0,0,0,0,0
12567,2018,1,1,0,0,0,0,0,0,0,0
12567,2019,1,1,0,0,0,0,0,0,1,0
12567,2026,1,1,1,0,0,1,0,0,0,0
12577,2022,2,1,1,0,0,1,1,0,0,0
12592,2022,4,4,0,0,0,0,0,0,2,0
12592,2023,1,1,1,0,0,1,0,0,0,0
12594,2026,3,3,1,0,0,0,0,0,0,0
12597,2012,8,6,1,0,0,0,2,0,2,0
12597,2014,3,3,2,1,0,0,0,0,1,0
12630,2010,1,1,1,0,0,0,0,0,0,0
12630,2013,1,1,0,0,0,0,0,0,1,0
12630,2018,1,1,1,0,1,0,0,0,0,0
12633,2011,3,3,2,0,0,1,0,0,0,0
12633,2012,2,2,2,0,0,0,0,0,0,0
12641,2024,1,0,0,0,0,0,1,0,0,0
12649,2025,3,3,1,0,0,0,0,0,1,0
12654,2024,1,1,0,0,0,0,0,0,0,0
12655,2019,2,1,1,0,0,0,1,0,0,0
12656,2011,1,0,0,0,0,0,0,0,0,1
12656,2013,2,2,1,0,0,0,0,0,1,0
12656,2014,2,2,0,0,0,0,0,0,1,0
12656,2015,1,1,0,0,0,0,0,0,0,0
12656,2016,1,1,0,0,0,0,0,0,0,0
12656,2017,3,2,2,0,0,0,1,0,0,0
12656,2018,2,2,1,0,0,0,0,0,0,0
12663,2011,5,3,0,0,0,0,2,0,1,0
12663,2012,3,2,1,1,0,0,1,0,0,0
12663,2013,6,6,1,0,0,0,0,0,1,0
12663,2014,8,8,4,0,0,0,0,0,0,0
12663,2015,9,6,3,2,0,0,3,0,0,0
12663,2016,2,2,1,0,0,1,0,0,0,0
12671,2012,6,5,1,1,0,0,1,0,2,0
