0,2013,3,2,1,1,0,0,1,0,1,0
0,2015,1,1,0,0,0,0,0,0,0,0
5,2016,1,0,0,0,0,0,1,0,0,0
6,2023,5,2,1,0,0,0,3,0,1,0
6,2024,9,7,2,1,0,0,2,0,0,0
6,2026,3,3,1,0,0,1,0,0,1,0
7,2021,3,3,0,0,0,0,0,0,1,0
7,2022,3,3,1,0,0,1,0,0,1,0
7,2023,2,1,0,0,0,0,1,0,1,0
21,2022,1,0,0,0,0,0,1,0,0,0
23,2024,1,1,0,0,0,0,0,0,1,0
41,2012,1,1,0,0,0,0,0,0,1,0
49,2019,2,2,1,0,0,0,0,0,1,0
49,2021,3,3,1,1,0,0,0,0,0,0
49,2023,1,1,0,0,0,0,0,0,0,0
49,2024,1,1,0,0,0,0,0,0,1,0
52,2020,2,2,1,0,0,1,0,0,0,0
57,2020,2,1,0,0,0,0,1,0,0,0
57,2023,1,1,0,0,0,0,0,0,1,0
57,2024,1,1,1,0,0,0,0,0,0,0
69,2025,2,2,0,0,0,0,0,0,1,0
73,2012,2,2,1,1,0,0,0,0,0,0
82,2017,6,6,2,0,0,1,0,0,2,0
83,2023,1,0,0,0,0,0,1,0,0,0
83,2024,1,1,0,0,0,0,0,0,0,0
86,2011,1,1,0,0,0,0,0,0,0,0
86,2012,4,4,0,0,0,0,0,0,1,0
86,2013,1,1,1,0,0,1,0,0,0,0
89,2025,1,1,0,0,0,0,0,0,0,0
91,2019,3,3,0,0,0,0,0,0,0,0
107,2022,1,1,0,0,0,0,0,0,1,0
107,2024,2,2,0,0,0,0,0,0,0,0
109,2019,1,1,1,0,0,0,0,0,0,0
116,2018,2,2,0,0,0,0,0,0,1,0
116,2019,4,4,1,0,0,0,0,0,2,0
118,2014,2,1,0,0,0,0,1,0,0,0
122,2020,1,1,1,0,0,0,0,0,0,0
122,2021,1,1,0,0,0,0,0,0,0,0
122,2024,1,0,0,0,0,0,1,0,0,0
122,2025,1,1,1,1,0,0,0,0,0,0
126,2019,3,3,1,0,0,0,0,0,1,0
126,2021,7,7,1,0,0,0,0,0,3,0
126,2022,7,6,0,0,0,0,1,0,2,0
126,2023,3,3,1,0,0,0,0,0,1,0
141,2022,4,2,1,1,0,0,2,0,0,0
144,2018,1,1,1,0,0,0,0,0,0,0
145,2020,1,0,0,0,0,0,1,0,0,0
145,2023,1,1,1,0,0,0,0,0,0,0
145,2025,4,4,0,0,0,0,0,0,3,0
145,2026,1,1,1,0,0,1,0,0,0,0
155,2025,1,1,0,0,0,0,0,0,0,0
162,2017,1,1,1,1,0,0,0,0,0,0
173,2022,1,1,1,0,0,0,0,0,0,0
173,2024,1,1,0,0,0,0,0,0,0,0
194,2018,1,1,0,0,0,0,0,0,0,0
194,2019,3,3,2,1,0,1,0,0,0,0
194,2021,2,2,0,0,0,0,0,0,1,0
194,2022,1,1,0,0,0,0,0,0,0,0
194,2023,1,0,0,0,0,0,1,0,0,0
217,2026,1,1,0,0,0,0,0,0,0,0
222,2025,3,2,1,1,0,0,1,0,0,0
228,2018,1,1,0,0,0,0,0,0,0,0
228,2019,1,1,0,0,0,0,0,0,1,0
229,2021,1,1,0,0,0,0,0,0,0,0
229,2024,1,1,0,0,0,0,0,0,0,0
243,2020,4,3,0,0,0,0,1,0,1,0
243,2021,8,7,1,1,0,0,1,0,3,0
243,2023,2,2,0,0,0,0,0,0,0,0
263,2014,4,3,1,0,0,0,1,0,0,0
263,2015,14,12,7,0,0,2,2,0,1,0
263,2020,4,3,2,1,0,0,1,0,0,0
263,2021,5,5,2,1,0,0,0,0,0,0
268,2016,6,5,2,0,0,0,1,0,1,0
268,2017,6,6,1,1,0,0,0,0,3,0
268,2018,3,2,0,0,0,0,0,1,0,0
268,2019,4,2,0,0,0,0,2,0,1,0
268,2022,3,2,1,1,0,0,1,0,1,0
268,2024,2,1,1,0,0,0,1,0,0,0
273,2026,2,2,0,0,0,0,0,0,1,0
276,2023,1,0,0,0,0,0,0,0,0,1
278,2022,3,3,1,0,0,0,0,0,1,0
283,2018,2,2,0,0,0,0,0,0,1,0
283,2019,1,1,0,0,0,0,0,0,1,0
293,2019,1,1,1,1,0,0,0,0,0,0
293,2023,1,1,1,0,0,1,0,0,0,0
297,2019,1,0,0,0,0,0,1,0,0,0
299,2016,6,2,1,1,0,0,4,0,1,0
299,2017,8,6,2,0,0,0,2,0,2,0
299,2018,5,4,1,0,0,0,1,0,2,0
299,2022,3,3,1,0,0,0,0,0,1,0
299,2025,6,6,3,2,0,1,0,0,1,0
309,2019,2,1,0,0,0,0,0,0,1,0
326,2020,3,2,0,0,0,0,1,0,1,0
326,2021,3,3,0,0,0,0,0,0,0,0
326,2026,1,1,0,0,0,0,0,0,0,0
339,2018,3,3,2,1,0,0,0,0,1,0
339,2022,1,1,0,0,0,0,0,0,1,0
340,2016,1,1,1,0,0,1,0,0,0,0
343,2013,1,1,1,0,0,0,0,0,0,0
343,2016,3,2,1,1,0,0,1,0,1,0
343,2019,12,10,2,0,0,1,2,0,3,0
369,2017,1,1,0,0,0,0,0,0,0,0
369,2025,1,1,0,0,0,0,0,0,0,0
369,2026,1,1,0,0,0,0,0,0,0,0
380,2012,1,1,1,1,0,0,0,0,0,0
382,2014,3,3,0,0,0,0,0,0,2,0
382,2015,6,4,1,0,0,0,2,0,2,0
382,2016,6,6,3,1,0,1,0,0,2,0
382,2017,6,4,0,0,0,0,1,1,2,0
382,2018,6,6,0,0,0,0,0,0,0,0
382,2021,1,1,1,0,0,0,0,0,0,0
383,2024,2,1,0,0,0,0,1,0,1,0
383,2026,5,5,2,1,0,0,0,0,1,0
384,2012,3,3,0,0,0,0,0,0,1,0
384,2013,3,3,2,0,0,0,0,0,0,0
398,2021,4,2,1,0,0,1,2,0,1,0
398,2022,5,3,0,0,0,0,2,0,1,0
398,2024,1,1,0,0,0,0,0,0,0,0
398,2026,1,1,0,0,0,0,0,0,1,0
400,2026,2,2,1,0,0,0,0,0,0,0
401,2022,3,3,2,0,0,1,0,0,0,0
401,2023,3,3,2,0,0,2,0,0,1,0
408,2022,3,2,0,0,0,0,1,0,1,0
408,2023,3,2,0,0,0,0,1,0,0,0
408,2024,7,5,3,0,0,2,2,0,1,0
417,2013,1,1,1,0,0,1,0,0,0,0
432,2013,1,1,0,0,0,0,0,0,0,0
449,2017,1,0,0,0,0,0,1,0,0,0
449,2019,1,1,0,0,0,0,0,0,1,0
449,2021,1,1,1,0,0,0,0,0,0,0
450,2026,2,2,0,0,0,0,0,0,0,0
453,2023,1,1,0,0,0,0,0,0,0,0
453,2024,1,0,0,0,0,0,1,0,0,0
456,2012,2,2,0,0,0,0,0,0,2,0
456,2013,1,1,0,0,0,0,0,0,0,0
456,2014,1,1,0,0,0,0,0,0,1,0
456,2015,6,4,1,0,0,0,1,0,1,1
471,2025,1,1,0,0,0,0,0,0,1,0
479,2013,2,1,0,0,0,0,1,0,1,0
479,2015,2,2,0,0,0,0,0,0,1,0
490,2015,6,5,0,0,0,0,1,0,3,0
490,2016,6,6,1,1,0,0,0,0,3,0
490,2017,5,4,0,0,0,0,1,0,1,0
490,2018,7,6,0,0,0,0,1,0,2,0
490,2019,3,3,0,0,0,0,0,0,0,0
494,2016,1,0,0,0,0,0,1,0,0,0
500,2014,3,3,1,0,0,0,0,0,1,0
500,2017,3,3,1,0,0,0,0,0,0,0
500,2018,3,3,1,0,0,0,0,0,1,0
500,2019,2,2,1,0,0,0,0,0,0,0
500,2020,2,2,0,0,0,0,0,0,1,0
513,2022,1,1,0,0,0,0,0,0,0,0
513,2025,2,2,0,0,0,0,0,0,1,0
528,2015,2,2,1,0,0,1,0,0,1,0
550,2012,1,0,0,0,0,0,1,0,0,0
557,2021,2,1,1,1,0,0,1,0,0,0
557,2022,1,1,1,0,0,0,0,0,0,0
570,2025,2,2,1,0,0,0,0,0,0,0
585,2017,2,2,0,0,0,0,0,0,1,0
592,2022,1,1,0,0,0,0,0,0,0,0
594,2019,1,1,0,0,0,0,0,0,1,0
614,2019,2,2,0,0,0,0,0,0,1,0
614,2020,2,1,1,0,0,0,1,0,0,0
614,2021,2,2,1,0,0,0,0,0,0,0
614,2023,2,1,0,0,0,0,1,0,0,0
614,2026,1,1,0,0,0,0,0,0,0,0
626,2016,1,1,0,0,0,0,0,0,0,0
626,2017,2,2,0,0,0,0,0,0,0,0
626,2019,4,1,1,0,0,1,3,0,0,0
626,2021,1,1,0,0,0,0,0,0,0,0
626,2024,2,2,0,0,0,0,0,0,1,0
629,2016,1,0,0,0,0,0,1,0,0,0
640,2014,1,1,0,0,0,0,0,0,1,0
640,2015,2,2,0,0,0,0,0,0,1,0
647,2018,2,2,1,0,0,1,0,0,1,0
652,2016,1,1,1,0,0,0,0,0,0,0
652,2017,1,1,0,0,0,0,0,0,0,0
652,2019,1,1,0,0,0,0,0,0,1,0
680,2011,2,1,0,0,0,0,1,0,0,0
680,2013,2,2,1,1,0,0,0,0,0,0
680,2015,1,1,0,0,0,0,0,0,0,0
680,2022,2,2,0,0,0,0,0,0,1,0
683,2019,2,1,0,0,0,0,1,0,0,0
683,2022,6,6,3,1,0,1,0,0,1,0
683,2023,2,2,1,0,0,0,0,0,0,0
687,2013,1,1,1,0,0,0,0,0,0,0
687,2014,1,0,0,0,0,0,1,0,0,0
709,2025,1,1,1,0,0,0,0,0,0,0
711,2017,3,3,1,1,0,0,0,0,1,0
711,2019,3,2,1,0,0,0,1,0,0,0
711,2021,3,2,0,0,0,0,1,0,0,0
713,2017,1,1,0,0,0,0,0,0,0,0
721,2025,1,1,0,0,0,0,0,0,0,0
730,2024,2,2,1,0,0,0,0,0,0,0
730,2025,4,3,0,0,0,0,1,0,1,0
730,2026,3,3,1,0,0,0,0,0,1,0
731,2025,2,2,1,0,0,0,0,0,1,0
733,2011,3,3,0,0,0,0,0,0,1,0
733,2012,3,2,2,0,0,0,1,0,0,0
752,2011,1,1,0,0,0,0,0,0,1,0
758,2017,1,1,0,0,0,0,0,0,0,0
758,2018,1,1,0,0,0,0,0,0,0,0
762,2012,3,3,0,0,0,0,0,0,2,0
762,2013,7,6,2,0,0,0,1,0,3,0
762,2014,5,4,1,0,0,1,0,0,1,0
769,2023,1,1,0,0,0,0,0,0,0,0
769,2024,2,1,1,1,0,0,0,0,0,1
771,2012,5,4,2,1,0,0,1,0,0,0
773,2021,4,4,1,1,0,0,0,0,1,0
773,2022,4,3,1,0,0,0,1,0,1,0
773,2023,4,3,0,0,0,0,0,0,0,1
773,2024,2,2,1,0,0,0,0,0,0,0
774,2018,1,0,0,0,0,0,1,0,0,0
777,2018,2,1,1,0,0,0,1,0,0,0
777,2019,2,2,1,1,0,0,0,0,0,0
777,2022,1,1,0,0,0,0,0,0,0,0
778,2023,1,1,0,0,0,0,0,0,1,0
778,2024,1,1,0,0,0,0,0,0,1,0
778,2025,1,0,0,0,0,0,1,0,0,0
778,2026,1,0,0,0,0,0,1,0,0,0
783,2026,2,2,1,0,0,1,0,0,1,0
794,2011,1,1,0,0,0,0,0,0,0,0
794,2012,4,4,1,0,0,0,0,0,2,0
794,2013,5,4,1,0,0,0,1,0,1,0
794,2014,2,2,2,0,0,0,0,0,0,0
794,2015,2,0,0,0,0,0,2,0,0,0
794,2016,1,1,0,0,0,0,0,0,0,0
795,2012,6,5,0,0,0,0,1,0,4,0
795,2013,4,4,0,0,0,0,0,0,0,0
795,2014,1,1,0,0,0,0,0,0,0,0
799,2022,1,1,0,0,0,0,0,0,0,0
801,2024,3,3,1,0,0,0,0,0,1,0
804,2017,2,1,1,0,0,0,1,0,0,0
812,2011,2,2,1,0,0,0,0,0,0,0
812,2012,1,0,0,0,0,0,1,0,0,0
829,2025,2,1,0,0,0,0,0,0,1,0
844,2021,1,1,1,0,0,0,0,0,0,0
844,2022,1,1,0,0,0,0,0,0,1,0
861,2014,3,3,0,0,0,0,0,0,1,0
861,2015,3,2,1,1,0,0,1,0,1,0
861,2017,1,0,0,0,0,0,1,0,0,0
876,2015,6,5,1,0,0,0,1,0,1,0
876,2016,4,4,1,1,0,0,0,0,2,0
883,2025,1,1,0,0,0,0,0,0,0,0
891,2023,1,1,0,0,0,0,0,0,1,0
891,2025,2,1,1,0,0,0,1,0,0,0
904,2017,3,3,0,0,0,0,0,0,2,0
904,2020,3,3,2,0,0,0,0,0,1,0
904,2022,3,3,0,0,0,0,0,0,3,0
904,2024,3,3,0,0,0,0,0,0,0,0
904,2025,5,5,1,1,0,0,0,0,0,0
919,2016,1,0,0,0,0,0,1,0,0,0
920,2012,4,4,1,0,0,1,0,0,1,0
920,2013,2,2,1,0,0,0,0,0,1,0
920,2015,1,1,0,0,0,0,0,0,0,0
927,2014,1,1,1,0,0,0,0,0,0,0
927,2015,6,6,2,2,0,0,0,0,2,0
927,2016,13,12,4,1,1,1,1,0,5,0
927,2017,1,1,1,0,0,0,0,0,0,0
927,2018,3,3,2,0,0,2,0,0,1,0
940,2023,3,3,0,0,0,0,0,0,1,0
940,2025,6,5,1,0,0,0,1,0,2,0
943,2021,1,1,0,0,0,0,0,0,1,0
943,2022,1,1,0,0,0,0,0,0,1,0
943,2023,2,1,0,0,0,0,1,0,0,0
943,2024,1,1,1,1,0,0,0,0,0,0
944,2018,1,1,1,0,0,1,0,0,0,0
944,2019,1,0,0,0,0,0,1,0,0,0
946,2025,3,3,2,0,0,1,0,0,0,0
947,2021,3,3,1,0,0,0,0,0,0,0
947,2023,3,3,2,0,0,0,0,0,0,0
956,2024,1,1,1,0,0,0,0,0,0,0
956,2025,2,2,1,0,0,0,0,0,0,0
962,2011,6,5,1,0,0,0,1,0,1,0
962,2012,3,2,1,1,0,0,0,0,1,1
962,2015,3,3,0,0,0,0,0,0,0,0
967,2024,2,2,0,0,0,0,0,0,2,0
967,2025,1,1,0,0,0,0,0,0,1,0
968,2022,2,0,0,0,0,0,2,0,0,0
968,2023,1,1,0,0,0,0,0,0,0,0
968,2024,1,1,0,0,0,0,0,0,1,0
978,2024,1,1,0,0,0,0,0,0,0,0
978,2025,1,1,0,0,0,0,0,0,1,0
984,2026,2,2,0,0,0,0,0,0,1,0
986,2023,3,3,0,0,0,0,0,0,1,0
986,2024,3,2,0,0,0,0,1,0,0,0
987,2018,1,1,0,0,0,0,0,0,1,0
987,2020,1,1,0,0,0,0,0,0,0,0
988,2012,3,2,1,0,0,0,1,0,0,0
989,2017,4,4,2,0,0,1,0,0,0,0
989,2018,7,6,1,0,0,0,1,0,2,0
989,2023,3,3,2,0,0,0,0,0,0,0
989,2024,3,2,1,0,0,0,1,0,1,0
994,2016,3,2,1,0,0,0,1,0,0,0
994,2017,2,1,1,1,0,0,1,0,0,0
1009,2015,2,1,0,0,0,0,1,0,0,0
1009,2016,4,4,0,0,0,0,0,0,1,0
1009,2017,3,2,1,0,0,1,1,0,1,0
1018,2024,3,3,1,0,0,0,0,0,0,0
1027,2015,1,1,0,0,0,0,0,0,0,0
1027,2016,2,2,0,0,0,0,0,0,1,0
1032,2021,1,1,0,0,0,0,0,0,1,0
1032,2023,1,1,1,0,0,0,0,0,0,0
1035,2012,1,1,1,0,0,0,0,0,0,0
1036,2025,1,1,0,0,0,0,0,0,0,0
1046,2025,1,1,1,0,0,0,0,0,0,0
1070,2012,2,2,0,0,0,0,0,0,2,0
1070,2013,4,4,2,0,1,1,0,0,0,0
1081,2022,1,0,0,0,0,0,1,0,0,0
1087,2015,8,6,2,2,0,0,2,0,2,0
1087,2016,2,2,1,0,0,1,0,0,0,0
1088,2023,2,1,0,0,0,0,1,0,1,0
1106,2017,1,0,0,0,0,0,1,0,0,0
1119,2024,1,1,0,0,0,0,0,0,0,0
1119,2025,1,1,0,0,0,0,0,0,0,0
1119,2026,2,2,0,0,0,0,0,0,1,0
1140,2022,1,1,1,0,0,1,0,0,0,0
1140,2023,1,1,1,0,0,0,0,0,0,0
1140,2024,1,1,0,0,0,0,0,0,0,0
1140,2025,1,1,1,0,0,0,0,0,0,0
1176,2025,1,1,0,0,0,0,0,0,1,0
1181,2013,2,2,1,1,0,0,0,0,0,0
1193,2025,1,1,0,0,0,0,0,0,0,0
1193,2026,2,2,0,0,0,0,0,0,1,0
1197,2016,3,2,0,0,0,0,1,0,1,0
1197,2017,3,2,0,0,0,0,1,0,0,0
1197,2018,1,1,0,0,0,0,0,0,0,0
1197,2019,1,1,1,0,0,0,0,0,0,0
1197,2025,1,1,1,0,0,0,0,0,0,0
1200,2012,2,2,0,0,0,0,0,0,1,0
1200,2013,2,0,0,0,0,0,1,0,0,1
1200,2021,2,2,2,0,0,2,0,0,0,0
1200,2022,3,3,1,0,0,0,0,0,0,0
1204,2017,3,2,1,0,0,0,1,0,0,0
1204,2023,3,3,1,1,0,0,0,0,1,0
1204,2024,2,2,1,0,0,0,0,0,1,0
1204,2025,3,3,0,0,0,0,0,0,0,0
1206,2016,2,2,1,0,0,0,0,0,0,0
1210,2025,2,2,0,0,0,0,0,0,1,0
1214,2011,1,1,1,0,0,0,0,0,0,0
1214,2012,5,5,0,0,0,0,0,0,3,0
1214,2016,2,2,0,0,0,0,0,0,2,0
1214,2018,1,1,1,0,1,0,0,0,0,0
1214,2019,2,2,0,0,0,0,0,0,2,0
1214,2021,2,2,1,1,0,0,0,0,1,0
1215,2023,1,0,0,0,0,0,1,0,0,0
1216,2019,1,1,0,0,0,0,0,0,0,0
1216,2020,2,2,0,0,0,0,0,0,1,0
1222,2017,1,1,0,0,0,0,0,0,1,0
1223,2024,1,0,0,0,0,0,1,0,0,0
1229,2022,3,3,1,0,0,0,0,0,1,0
1229,2024,3,3,1,1,0,0,0,0,2,0
1238,2025,8,6,3,1,0,0,2,0,0,0
1257,2023,1,1,0,0,0,0,0,0,1,0
1258,2022,1,1,0,0,0,0,0,0,1,0
1258,2023,2,2,0,0,0,0,0,0,2,0
1258,2024,1,1,0,0,0,0,0,0,0,0
1263,2018,4,2,0,0,0,0,2,0,0,0
1263,2019,10,9,4,0,0,2,1,0,0,0
1263,2020,4,4,0,0,0,0,0,0,2,0
1263,2021,6,6,2,1,0,0,0,0,2,0
1269,2023,2,2,1,0,0,0,0,0,0,0
1269,2024,1,1,0,0,0,0,0,0,0,0
1269,2025,2,2,1,0,0,0,0,0,0,0
1269,2026,1,1,0,0,0,0,0,0,1,0
1274,2021,1,1,0,0,0,0,0,0,1,0
1274,2022,2,2,1,1,0,0,0,0,1,0
1274,2023,2,2,0,0,0,0,0,0,0,0
1274,2024,1,1,0,0,0,0,0,0,0,0
1274,2025,1,1,0,0,0,0,0,0,0,0
1284,2021,1,1,1,0,0,0,0,0,0,0
1296,2018,2,2,1,0,0,0,0,0,0,0
1303,2019,2,2,0,0,0,0,0,0,1,0
1311,2025,1,1,1,0,0,0,0,0,0,0
1314,2015,1,1,1,0,0,0,0,0,0,0
1315,2019,1,1,0,0,0,0,0,0,0,0
1315,2023,1,0,0,0,0,0,1,0,0,0
1329,2013,1,1,0,0,0,0,0,0,0,0
1333,2024,1,0,0,0,0,0,1,0,0,0
1340,2015,4,4,1,0,0,0,0,0,0,0
1348,2021,1,1,0,0,0,0,0,0,0,0
1355,2015,3,2,0,0,0,0,1,0,1,0
1368,2011,1,1,0,0,0,0,0,0,1,0
1368,2012,4,3,0,0,0,0,0,0,1,1
1368,2014,2,2,0,0,0,0,0,0,2,0
1368,2017,1,1,0,0,0,0,0,0,0,0
1368,2021,1,1,0,0,0,0,0,0,0,0
1378,2015,2,1,0,0,0,0,1,0,1,0
1433,2014,2,2,0,0,0,0,0,0,2,0
1433,2015,3,2,0,0,0,0,1,0,0,0
1433,2016,1,1,0,0,0,0,0,0,1,0
1436,2020,1,1,1,0,0,0,0,0,0,0
1436,2021,12,11,2,0,0,1,1,0,3,0
1436,2022,10,8,2,0,0,1,2,0,1,0
1443,2024,1,1,0,0,0,0,0,0,0,0
1443,2026,1,1,1,1,0,0,0,0,0,0
1474,2021,5,5,2,1,0,0,0,0,2,0
1474,2022,1,0,0,0,0,0,1,0,0,0
1474,2025,6,5,3,0,0,0,1,0,1,0
1477,2016,2,1,0,0,0,0,1,0,1,0
1478,2015,2,1,0,0,0,0,1,0,0,0
1481,2016,2,2,0,0,0,0,0,0,0,0
1481,2017,1,1,0,0,0,0,0,0,0,0
1481,2021,2,1,0,0,0,0,1,0,0,0
1495,2012,6,6,2,0,0,0,0,0,0,0
1495,2013,3,2,0,0,0,0,1,0,1,0
1496,2018,6,6,2,0,0,0,0,0,4,0
1496,2019,3,3,0,0,0,0,0,0,1,0
1496,2021,2,2,1,0,0,1,0,0,1,0
1496,2025,3,3,1,0,0,0,0,0,1,0
1514,2012,8,6,2,0,0,1,2,0,1,0
1514,2013,14,12,2,1,0,0,1,0,3,1
1514,2014,9,7,1,1,0,0,2,0,2,0
1514,2015,16,13,7,2,0,1,3,0,2,0
1514,2016,9,8,1,0,0,0,1,0,5,0
1514,2017,12,12,5,0,1,1,0,0,0,0
1514,2018,10,8,4,1,0,0,2,0,1,0
1514,2019,4,3,2,0,1,0,1,0,0,0
1514,2021,3,2,0,0,0,0,0,0,1,1
1514,2022,5,5,2,0,0,1,0,0,0,0
1514,2023,2,1,0,0,0,0,1,0,1,0
1518,2016,2,2,1,0,0,0,0,0,0,0
1528,2020,1,1,0,0,0,0,0,0,1,0
1530,2020,1,1,1,0,0,1,0,0,0,0
1536,2025,1,1,1,0,0,0,0,0,0,0
1541,2025,2,2,1,0,0,0,0,0,0,0
1551,2026,6,6,1,0,0,0,0,0,3,0
1556,2014,3,3,0,0,0,0,0,0,2,0
1556,2015,3,3,0,0,0,0,0,0,0,0
1561,2012,2,2,0,0,0,0,0,0,0,0
1562,2019,6,6,3,1,0,1,0,0,3,0
1562,2020,5,5,2,0,0,0,0,0,3,0
1562,2021,8,7,3,0,0,0,1,0,1,0
1562,2022,12,11,2,0,0,0,1,0,2,0
1562,2023,3,2,0,0,0,0,1,0,2,0
1562,2025,3,3,0,0,0,0,0,0,1,0
1563,2025,2,2,0,0,0,0,0,0,1,0
1571,2020,1,1,1,0,0,1,0,0,0,0
1571,2021,1,0,0,0,0,0,0,0,0,1
1594,2023,1,1,0,0,0,0,0,0,0,0
1599,2022,1,1,0,0,0,0,0,0,0,0
1599,2023,1,0,0,0,0,0,1,0,0,0
1607,2014,1,1,1,0,0,1,0,0,0,0
1616,2016,4,4,4,0,0,0,0,0,0,0
1616,2018,3,2,0,0,0,0,1,0,0,0
1619,2013,1,0,0,0,0,0,1,0,0,0
1623,2024,5,4,1,0,0,0,1,0,0,0
1623,2025,1,1,0,0,0,0,0,0,0,0
1647,2012,2,2,0,0,0,0,0,0,1,0
1648,2023,2,1,0,0,0,0,1,0,0,0
1651,2024,1,1,0,0,0,0,0,0,0,0
1651,2025,2,2,1,0,0,0,0,0,0,0
1666,2015,1,1,0,0,0,0,0,0,1,0
1666,2016,2,0,0,0,0,0,2,0,0,0
1666,2017,3,3,3,1,0,0,0,0,0,0
1666,2021,4,3,2,1,0,0,1,0,1,0
1669,2011,10,8,1,0,0,0,2,0,2,0
1669,2012,6,5,1,1,0,0,1,0,1,0
1669,2013,15,13,5,1,1,1,2,0,4,0
1669,2014,3,3,1,1,0,0,0,0,2,0
1669,2015,4,1,0,0,0,0,1,0,0,2
1669,2016,6,3,0,0,0,0,1,0,1,2
1669,2017,4,4,1,0,0,1,0,0,1,0
1701,2025,3,3,0,0,0,0,0,0,1,0
1701,2026,3,3,2,0,0,0,0,0,0,0
1702,2015,2,1,0,0,0,0,1,0,0,0
1702,2016,1,1,0,0,0,0,0,0,0,0
1732,2012,2,2,0,0,0,0,0,0,0,0
1751,2019,3,2,0,0,0,0,1,0,1,0
1751,2023,3,3,1,0,0,0,0,0,1,0
1751,2024,3,2,1,0,0,1,1,0,1,0
1751,2025,3,3,0,0,0,0,0,0,1,0
1751,2026,1,1,0,0,0,0,0,0,0,0
1752,2025,3,3,1,0,0,0,0,0,2,0
1756,2025,4,4,1,0,0,0,0,0,0,0
1760,2025,1,1,1,1,0,0,0,0,0,0
1760,2026,3,3,3,1,0,1,0,0,0,0
1767,2015,1,1,0,0,0,0,0,0,1,0
1773,2011,3,3,2,2,0,0,0,0,1,0
1773,2012,10,9,7,1,0,2,1,0,1,0
1773,2013,3,3,3,0,0,1,0,0,0,0
1774,2019,2,2,0,0,0,0,0,0,2,0
1776,2018,1,1,1,0,0,0,0,0,0,0
1798,2018,1,1,0,0,0,0,0,0,0,0
1801,2013,4,4,0,0,0,0,0,0,1,0
1801,2014,6,5,1,0,0,0,0,0,1,1
1803,2011,1,1,1,0,0,0,0,0,0,0
1808,2011,1,1,0,0,0,0,0,0,0,0
1808,2013,2,1,0,0,0,0,1,0,0,0
1809,2012,1,1,1,0,0,0,0,0,0,0
1820,2020,3,3,2,1,0,0,0,0,0,0
1820,2022,3,3,1,0,0,0,0,0,0,0
1820,2023,5,5,3,1,0,1,0,0,2,0
1858,2012,1,1,1,0,0,0,0,0,0,0
1858,2013,6,5,2,0,0,1,1,0,1,0
1858,2014,3,3,1,0,0,0,0,0,0,0
1858,2015,15,14,3,1,0,0,1,0,5,0
1858,2016,3,1,0,0,0,0,2,0,1,0
1867,2025,1,1,0,0,0,0,0,0,0,0
1883,2023,1,1,0,0,0,0,0,0,1,0
1892,2021,1,1,1,0,0,0,0,0,0,0
1892,2022,2,2,2,0,0,0,0,0,0,0
1900,2025,2,2,0,0,0,0,0,0,0,0
1902,2022,3,2,1,0,0,1,1,0,1,0
1905,2017,6,6,1,0,0,0,0,0,3,0
1905,2018,3,3,1,0,0,1,0,0,1,0
1905,2019,9,8,1,0,0,1,1,0,3,0
1905,2020,4,3,0,0,0,0,1,0,1,0
1905,2021,18,16,6,1,0,1,2,0,4,0
1905,2022,3,2,0,0,0,0,1,0,0,0
1905,2023,3,3,0,0,0,0,0,0,0,0
1905,2024,2,2,1,0,0,0,0,0,0,0
1908,2016,3,2,1,0,0,0,1,0,0,0
1908,2021,3,3,0,0,0,0,0,0,2,0
1908,2023,1,0,0,0,0,0,1,0,0,0
1937,2023,4,4,2,0,0,0,0,0,0,0
1937,2024,2,1,1,0,0,0,1,0,0,0
1937,2025,3,3,0,0,0,0,0,0,1,0
1941,2026,6,6,3,0,0,0,0,0,1,0
1943,2017,2,2,0,0,0,0,0,0,1,0
1963,2016,2,1,0,0,0,0,1,0,0,0
1966,2022,1,1,1,0,0,0,0,0,0,0
1971,2012,4,4,1,1,0,0,0,0,0,0
1971,2013,12,9,3,1,0,1,3,0,2,0
1971,2017,6,6,1,0,0,0,0,0,1,0
1971,2018,5,3,1,0,0,0,2,0,2,0
1971,2019,5,4,1,0,0,0,1,0,2,0
1971,2021,1,1,0,0,0,0,0,0,0,0
1974,2021,2,2,0,0,0,0,0,0,2,0
1974,2023,3,2,2,1,0,0,1,0,0,0
1982,2013,2,2,0,0,0,0,0,0,0,0
1982,2014,1,1,0,0,0,0,0,0,0,0
1985,2026,3,3,0,0,0,0,0,0,1,0
1991,2012,2,2,0,0,0,0,0,0,1,0
1991,2013,2,2,2,0,0,0,0,0,0,0
1991,2014,1,1,0,0,0,0,0,0,1,0
1991,2016,1,1,0,0,0,0,0,0,0,0
1991,2023,1,1,0,0,0,0,0,0,1,0
1991,2024,1,1,0,0,0,0,0,0,1,0
1991,2025,4,4,0,0,0,0,0,0,0,0
1991,2026,2,2,1,0,0,0,0,0,0,0
2002,2018,4,3,1,0,0,0,1,0,1,0
2002,2019,1,1,0,0,0,0,0,0,0,0
2002,2023,1,1,0,0,0,0,0,0,0,0
2006,2012,4,3,1,0,0,0,1,0,0,0
2006,2013,3,2,0,0,0,0,1,0,1,0
2006,2014,3,2,0,0,0,0,0,1,0,0
2006,2016,12,6,1,0,0,0,4,1,3,1
2006,2017,8,6,1,0,1,0,2,0,1,0
2006,2018,3,1,0,0,0,0,2,0,0,0
2006,2019,3,3,0,0,0,0,0,0,0,0
2011,2015,3,2,0,0,0,0,1,0,0,0
2011,2016,2,1,0,0,0,0,1,0,0,0
2011,2018,1,1,0,0,0,0,0,0,0,0
2011,2019,2,1,0,0,0,0,1,0,0,0
2011,2022,2,1,1,0,0,0,1,0,0,0
2011,2023,1,1,0,0,0,0,0,0,1,0
2011,2024,1,1,0,0,0,0,0,0,0,0
2018,2012,3,3,3,1,0,0,0,0,0,0
2022,2018,3,2,0,0,0,0,1,0,1,0
2022,2019,1,1,0,0,0,0,0,0,0,0
2035,2024,3,3,1,0,0,0,0,0,2,0
2042,2025,1,1,1,0,0,0,0,0,0,0
2079,2020,1,1,0,0,0,0,0,0,0,0
2079,2021,1,1,1,0,0,0,0,0,0,0
2079,2023,1,1,0,0,0,0,0,0,0,0
2079,2024,1,1,0,0,0,0,0,0,0,0
2083,2013,2,1,0,0,0,0,1,0,0,0
2083,2014,3,3,0,0,0,0,0,0,1,0
2083,2018,2,2,1,0,0,0,0,0,1,0
2089,2012,1,1,0,0,0,0,0,0,0,0
2089,2013,2,2,0,0,0,0,0,0,1,0
2089,2014,2,2,1,1,0,0,0,0,0,0
2089,2015,3,2,0,0,0,0,1,0,0,0
2089,2018,1,1,0,0,0,0,0,0,1,0
2089,2019,3,3,1,0,0,0,0,0,0,0
2089,2020,1,1,0,0,0,0,0,0,0,0
2090,2021,1,1,0,0,0,0,0,0,0,0
2090,2023,2,1,1,0,0,0,1,0,0,0
2093,2020,3,3,1,1,0,0,0,0,0,0
2093,2024,2,2,2,1,0,1,0,0,0,0
2093,2025,2,2,1,0,0,0,0,0,0,0
2124,2019,1,1,1,0,0,1,0,0,0,0
2124,2025,1,1,1,0,0,0,0,0,0,0
2127,2021,1,0,0,0,0,0,1,0,0,0
2127,2023,1,1,0,0,0,0,0,0,1,0
2127,2025,1,1,0,0,0,0,0,0,1,0
2129,2018,1,1,0,0,0,0,0,0,0,0
2129,2019,1,1,0,0,0,0,0,0,0,0
2135,2024,1,1,0,0,0,0,0,0,0,0
2146,2016,9,8,4,0,0,1,1,0,1,0
2150,2013,2,2,1,0,0,1,0,0,1,0
2152,2022,3,3,1,1,0,0,0,0,0,0
2161,2011,1,1,1,0,0,1,0,0,0,0
2161,2012,1,1,0,0,0,0,0,0,0,0
2161,2013,1,1,0,0,0,0,0,0,0,0
2161,2017,1,0,0,0,0,0,1,0,0,0
2161,2020,2,2,0,0,0,0,0,0,0,0
2167,2013,5,3,1,0,0,0,2,0,0,0
2167,2018,1,1,0,0,0,0,0,0,0,0
2175,2022,2,1,0,0,0,0,1,0,0,0
2175,2023,6,6,3,1,0,0,0,0,1,0
2185,2011,1,1,0,0,0,0,0,0,0,0
2192,2016,1,1,0,0,0,0,0,0,0,0
2210,2022,1,1,0,0,0,0,0,0,0,0
2210,2023,2,1,0,0,0,0,1,0,0,0
2212,2013,3,2,0,0,0,0,1,0,0,0
2212,2015,7,6,1,0,0,0,1,0,2,0
2212,2016,3,3,0,0,0,0,0,0,1,0
2212,2017,3,3,1,0,0,0,0,0,1,0
2212,2018,3,3,0,0,0,0,0,0,2,0
2212,2019,3,3,1,0,0,1,0,0,0,0
2212,2023,3,3,0,0,0,0,0,0,1,0
2215,2012,2,2,0,0,0,0,0,0,1,0
2215,2016,4,3,0,0,0,0,1,0,2,0
2236,2016,2,2,0,0,0,0,0,0,1,0
2236,2018,1,1,0,0,0,0,0,0,1,0
2236,2022,1,1,1,0,0,1,0,0,0,0
2237,2015,3,3,0,0,0,0,0,0,2,0
2237,2016,6,5,3,1,1,0,1,0,1,0
2237,2017,3,3,0,0,0,0,0,0,0,0
2237,2018,6,6,2,1,0,0,0,0,0,0
2268,2016,5,4,2,1,0,0,0,0,1,0
2268,2017,2,2,2,1,0,0,0,0,0,0
2268,2018,1,1,0,0,0,0,0,0,0,0
2268,2019,2,2,1,0,0,1,0,0,0,0
2286,2022,7,5,2,2,0,0,2,0,0,0
2286,2023,5,5,2,1,0,0,0,0,1,0
2305,2021,1,1,1,1,0,0,0,0,0,0
2322,2019,6,4,2,1,0,0,2,0,0,0
2322,2021,3,3,0,0,0,0,0,0,1,0
2322,2024,3,3,1,0,0,0,0,0,1,0
2322,2025,5,4,3,1,0,1,1,0,0,0
2322,2026,5,4,4,1,0,1,1,0,0,0
2333,2012,1,1,0,0,0,0,0,0,0,0
2335,2023,1,1,0,0,0,0,0,0,0,0
2355,2013,3,3,2,0,0,0,0,0,0,0
2358,2012,3,2,1,0,0,0,0,0,0,1
2368,2022,3,2,0,0,0,0,1,0,1,0
2368,2024,2,2,1,1,0,0,0,0,0,0
2368,2025,2,1,1,0,0,1,1,0,0,0
2369,2014,3,2,1,1,0,0,1,0,0,0
2369,2016,3,3,1,0,0,0,0,0,2,0
2369,2017,2,1,0,0,0,0,1,0,0,0
2384,2013,1,1,0,0,0,0,0,0,0,0
2388,2021,2,2,1,1,0,0,0,0,0,0
2388,2023,1,1,0,0,0,0,0,0,0,0
2393,2021,1,1,0,0,0,0,0,0,0,0
2393,2022,2,2,0,0,0,0,0,0,0,0
2393,2024,1,1,0,0,0,0,0,0,1,0
2396,2017,1,1,1,0,1,0,0,0,0,0
2396,2023,1,0,0,0,0,0,1,0,0,0
2437,2022,2,2,1,0,0,0,0,0,0,0
2437,2024,3,3,1,0,0,0,0,0,2,0
2449,2017,2,2,0,0,0,0,0,0,2,0
2449,2019,5,3,2,0,0,0,2,0,0,0
2449,2020,1,1,1,0,0,0,0,0,0,0
2449,2021,1,1,0,0,0,0,0,0,0,0
2450,2019,1,1,0,0,0,0,0,0,0,0
2456,2023,2,2,0,0,0,0,0,0,0,0
2456,2025,2,2,1,0,0,1,0,0,1,0
2456,2026,1,1,0,0,0,0,0,0,0,0
2458,2024,1,1,0,0,0,0,0,0,1,0
2459,2021,1,1,0,0,0,0,0,0,0,0
2460,2024,3,3,0,0,0,0,0,0,2,0
2460,2025,13,12,2,0,0,0,1,0,3,0
2461,2014,1,1,1,0,0,0,0,0,0,0
2467,2024,1,1,0,0,0,0,0,0,0,0
2490,2021,8,7,1,0,0,0,1,0,1,0
2490,2022,4,2,0,0,0,0,2,0,0,0
2497,2022,2,2,0,0,0,0,0,0,1,0
2497,2023,3,3,1,1,0,0,0,0,2,0
2497,2024,2,2,0,0,0,0,0,0,0,0
2512,2012,3,2,1,1,0,0,1,0,1,0
2513,2025,1,1,0,0,0,0,0,0,0,0
2513,2026,1,1,1,0,0,0,0,0,0,0
2525,2012,3,3,0,0,0,0,0,0,1,0
2525,2013,3,3,2,0,0,1,0,0,0,0
2525,2014,3,3,1,0,0,0,0,0,1,0
2525,2016,16,16,3,2,0,0,0,0,6,0
2525,2017,3,2,1,0,0,1,1,0,0,0
2525,2018,3,2,0,0,0,0,0,1,1,0
2525,2021,5,5,3,0,0,0,0,0,1,0
2540,2015,1,1,1,1,0,0,0,0,0,0
2547,2023,1,1,1,1,0,0,0,0,0,0
2552,2021,2,2,1,0,0,0,0,0,0,0
2552,2023,1,1,0,0,0,0,0,0,0,0
2606,2013,3,3,0,0,0,0,0,0,3,0
2606,2017,3,3,0,0,0,0,0,0,3,0
2606,2019,13,13,5,1,0,1,0,0,3,0
2606,2020,6,6,3,0,0,0,0,0,1,0
2606,2021,3,2,0,0,0,0,1,0,1,0
2606,2022,4,2,1,0,0,0,2,0,1,0
2606,2024,3,3,0,0,0,0,0,0,2,0
2625,2018,1,1,0,0,0,0,0,0,1,0
2625,2022,1,1,0,0,0,0,0,0,0,0
2671,2025,1,1,0,0,0,0,0,0,0,0
2687,2023,2,1,0,0,0,0,1,0,0,0
2690,2017,2,2,2,0,0,2,0,0,0,0
2690,2018,2,2,1,1,0,0,0,0,1,0
2690,2021,1,0,0,0,0,0,1,0,0,0
2692,2016,3,2,2,0,0,0,1,0,0,0
2692,2017,6,4,1,0,0,0,1,1,0,0
2692,2019,5,4,1,0,0,0,1,0,0,0
2692,2021,11,9,4,0,0,1,2,0,0,0
2727,2013,1,1,0,0,0,0,0,0,1,0
2727,2014,2,1,0,0,0,0,1,0,0,0
2727,2015,1,1,1,1,0,0,0,0,0,0
2731,2015,3,2,1,0,0,0,1,0,0,0
2731,2018,3,3,0,0,0,0,0,0,3,0
2731,2019,3,3,0,0,0,0,0,0,0,0
2731,2026,3,3,1,0,0,0,0,0,2,0
2743,2022,2,2,0,0,0,0,0,0,1,0
2754,2013,11,11,3,1,0,1,0,0,2,0
2754,2014,3,1,0,0,0,0,2,0,0,0
2754,2015,6,4,1,0,0,0,2,0,2,0
2754,2016,12,10,4,2,0,0,2,0,3,0
2763,2013,1,1,0,0,0,0,0,0,1,0
2769,2016,2,2,0,0,0,0,0,0,1,0
2769,2020,1,1,0,0,0,0,0,0,0,0
2769,2021,1,1,0,0,0,0,0,0,1,0
2776,2012,3,2,0,0,0,0,1,0,2,0
2782,2018,1,1,1,0,0,0,0,0,0,0
2782,2025,1,1,0,0,0,0,0,0,0,0
2782,2026,1,1,1,1,0,0,0,0,0,0
2790,2022,1,1,0,0,0,0,0,0,0,0
2793,2012,2,1,1,1,0,0,1,0,0,0
2810,2012,3,3,2,1,0,0,0,0,0,0
2827,2022,1,1,0,0,0,0,0,0,0,0
2833,2015,6,6,6,2,0,1,0,0,0,0
2833,2016,2,2,0,0,0,0,0,0,0,0
2833,2018,3,3,1,0,0,0,0,0,1,0
2833,2019,12,10,3,2,0,0,1,1,1,0
2833,2020,6,3,2,1,0,0,2,1,1,0
2833,2021,3,3,2,0,0,1,0,0,0,0
2833,2023,5,5,3,1,0,2,0,0,1,0
2840,2014,3,1,0,0,0,0,2,0,1,0
2840,2015,9,9,1,0,0,1,0,0,2,0
2840,2018,2,2,2,0,0,1,0,0,0,0
2844,2024,3,3,2,0,0,0,0,0,1,0
2844,2025,1,1,0,0,0,0,0,0,0,0
2844,2026,6,6,2,0,0,0,0,0,1,0
2847,2011,3,3,0,0,0,0,0,0,1,0
2847,2012,5,5,2,1,0,0,0,0,0,0
2847,2022,1,1,0,0,0,0,0,0,1,0
2850,2016,1,1,0,0,0,0,0,0,0,0
2850,2018,1,0,0,0,0,0,1,0,0,0
2850,2019,1,1,1,0,0,0,0,0,0,0
2850,2022,1,1,0,0,0,0,0,0,0,0
2850,2025,1,1,0,0,0,0,0,0,0,0
2868,2022,7,6,0,0,0,0,1,0,2,0
2868,2023,2,2,0,0,0,0,0,0,2,0
2868,2024,1,1,0,0,0,0,0,0,0,0
2878,2018,1,1,1,0,0,0,0,0,0,0
2878,2019,2,2,0,0,0,0,0,0,1,0
2878,2021,2,2,0,0,0,0,0,0,0,0
2878,2022,1,1,1,0,0,0,0,0,0,0
2878,2024,1,1,0,0,0,0,0,0,1,0
2885,2014,1,1,0,0,0,0,0,0,0,0
2885,2015,2,1,0,0,0,0,1,0,1,0
2885,2016,2,1,1,0,0,0,1,0,0,0
2886,2015,2,2,0,0,0,0,0,0,0,0
2886,2019,1,1,1,0,0,0,0,0,0,0
2893,2017,3,2,0,0,0,0,1,0,1,0
2893,2018,3,1,0,0,0,0,2,0,0,0
2893,2021,1,1,0,0,0,0,0,0,1,0
2897,2021,1,0,0,0,0,0,1,0,0,0
2911,2012,6,5,2,0,0,0,1,0,1,0
2911,2017,6,4,1,0,0,0,2,0,2,0
2914,2013,1,1,0,0,0,0,0,0,0,0
2914,2014,2,2,1,1,0,0,0,0,0,0
2914,2015,1,1,0,0,0,0,0,0,0,0
2914,2018,1,1,0,0,0,0,0,0,1,0
2914,2023,1,1,0,0,0,0,0,0,1,0
2929,2012,3,3,1,0,0,0,0,0,0,0
2956,2025,4,4,0,0,0,0,0,0,1,0
2957,2020,2,2,0,0,0,0,0,0,1,0
2960,2023,2,2,1,0,0,0,0,0,0,0
2974,2013,1,1,1,0,0,0,0,0,0,0
2974,2014,1,1,0,0,0,0,0,0,0,0
2974,2016,2,2,0,0,0,0,0,0,0,0
2977,2018,1,1,0,0,0,0,0,0,0,0
2977,2019,2,2,0,0,0,0,0,0,0,0
2977,2022,4,3,1,0,0,0,1,0,2,0
2977,2026,2,2,0,0,0,0,0,0,0,0
2987,2012,1,1,0,0,0,0,0,0,1,0
2987,2017,2,1,0,0,0,0,0,0,1,1
2987,2018,1,1,1,0,0,0,0,0,0,0
2987,2019,1,1,0,0,0,0,0,0,1,0
2987,2021,2,2,2,1,0,0,0,0,0,0
3000,2013,3,3,1,0,0,0,0,0,0,0
3004,2022,1,0,0,0,0,0,1,0,0,0
3004,2023,4,4,1,0,0,0,0,0,1,0
3006,2019,1,0,0,0,0,0,1,0,0,0
3006,2022,2,2,1,0,0,0,0,0,0,0
3022,2023,1,0,0,0,0,0,1,0,0,0
3033,2017,1,1,1,0,0,0,0,0,0,0
3047,2026,1,1,1,0,0,0,0,0,0,0
3060,2023,1,1,1,0,0,0,0,0,0,0
3060,2024,1,1,0,0,0,0,0,0,0,0
3070,2018,1,1,0,0,0,0,0,0,0,0
3073,2020,3,3,1,0,0,0,0,0,1,0
3080,2020,1,1,0,0,0,0,0,0,1,0
3080,2021,1,1,1,0,0,0,0,0,0,0
3088,2018,1,1,1,1,0,0,0,0,0,0
3104,2023,3,2,1,0,0,0,1,0,0,0
3104,2024,1,1,1,0,0,0,0,0,0,0
3104,2025,1,1,0,0,0,0,0,0,0,0
3106,2022,2,2,0,0,0,0,0,0,1,0
3108,2014,1,0,0,0,0,0,1,0,0,0
3108,2015,1,1,0,0,0,0,0,0,1,0
3118,2019,3,3,1,0,0,0,0,0,1,0
3118,2021,3,2,1,1,0,0,1,0,1,0
3129,2019,1,1,1,0,0,0,0,0,0,0
3154,2015,2,1,1,0,0,0,1,0,0,0
3154,2017,1,1,1,0,0,0,0,0,0,0
3154,2018,5,5,1,1,0,0,0,0,2,0
3154,2019,1,1,0,0,0,0,0,0,1,0
3158,2026,3,2,1,1,0,0,1,0,1,0
3184,2025,1,0,0,0,0,0,1,0,0,0
3187,2013,1,1,0,0,0,0,0,0,0,0
3187,2016,2,0,0,0,0,0,2,0,0,0
3187,2017,1,1,0,0,0,0,0,0,0,0
3189,2011,1,0,0,0,0,0,1,0,0,0
3189,2012,2,2,2,0,0,0,0,0,0,0
3194,2017,1,0,0,0,0,0,1,0,0,0
3194,2019,1,1,0,0,0,0,0,0,0,0
3194,2022,1,1,1,0,0,0,0,0,0,0
3194,2023,1,1,0,0,0,0,0,0,0,0
3205,2021,1,0,0,0,0,0,0,1,0,0
3205,2022,2,2,0,0,0,0,0,0,1,0
3205,2024,1,1,1,0,0,0,0,0,0,0
3206,2016,6,6,1,0,0,0,0,0,0,0
3206,2021,6,6,1,0,0,0,0,0,4,0
3206,2023,3,3,0,0,0,0,0,0,1,0
3215,2016,6,6,1,0,0,1,0,0,2,0
3215,2017,3,3,1,0,0,0,0,0,1,0
3215,2019,6,5,2,0,0,0,1,0,2,0
3222,2012,1,1,0,0,0,0,0,0,1,0
3224,2011,1,1,0,0,0,0,0,0,0,0
3225,2023,3,0,0,0,0,0,2,1,0,0
3225,2024,6,6,0,0,0,0,0,0,3,0
3231,2016,1,1,0,0,0,0,0,0,0,0
3231,2018,1,1,0,0,0,0,0,0,0,0
3236,2016,1,0,0,0,0,0,1,0,0,0
3236,2017,1,1,0,0,0,0,0,0,1,0
3260,2024,1,1,0,0,0,0,0,0,1,0
3276,2025,2,2,1,0,0,0,0,0,0,0
3280,2025,1,1,0,0,0,0,0,0,0,0
3280,2026,1,1,0,0,0,0,0,0,0,0
3286,2011,2,2,1,0,0,0,0,0,1,0
3286,2012,3,3,1,1,0,0,0,0,1,0
3286,2013,3,3,0,0,0,0,0,0,1,0
3286,2014,3,2,0,0,0,0,1,0,1,0
3286,2016,2,2,0,0,0,0,0,0,1,0
3286,2024,3,3,2,0,0,0,0,0,0,0
3286,2025,6,6,1,0,0,0,0,0,1,0
3286,2026,3,3,0,0,0,0,0,0,1,0
3291,2024,1,1,0,0,0,0,0,0,1,0
3291,2025,1,1,1,0,0,0,0,0,0,0
3291,2026,1,1,1,0,0,0,0,0,0,0
3297,2013,3,3,1,0,0,0,0,0,1,0
3297,2015,3,3,0,0,0,0,0,0,1,0
3297,2018,1,1,0,0,0,0,0,0,0,0
3297,2020,1,1,0,0,0,0,0,0,0,0
3302,2012,2,2,0,0,0,0,0,0,1,0
3302,2013,3,3,1,1,0,0,0,0,1,0
3314,2019,1,1,1,0,0,0,0,0,0,0
3318,2025,1,1,1,0,0,0,0,0,0,0
3320,2022,3,3,0,0,0,0,0,0,2,0
3325,2022,5,5,1,0,0,0,0,0,2,0
3325,2023,2,2,1,1,0,0,0,0,0,0
3326,2022,1,1,1,1,0,0,0,0,0,0
3336,2016,6,5,1,1,0,0,1,0,2,0
3336,2017,4,4,0,0,0,0,0,0,3,0
3336,2019,2,2,1,1,0,0,0,0,1,0
3336,2021,1,1,1,0,0,0,0,0,0,0
3336,2022,1,0,0,0,0,0,0,0,0,1
3336,2024,1,1,0,0,0,0,0,0,1,0
3344,2024,1,1,1,0,0,0,0,0,0,0
3344,2025,1,1,1,0,0,0,0,0,0,0
3347,2014,3,3,1,0,0,1,0,0,1,0
3347,2016,3,3,0,0,0,0,0,0,2,0
3361,2025,3,3,1,0,0,0,0,0,0,0
3366,2011,2,2,0,0,0,0,0,0,1,0
3379,2023,2,2,2,0,0,2,0,0,0,0
3379,2024,1,1,1,0,0,0,0,0,0,0
3384,2025,3,3,1,0,0,0,0,0,0,0
3391,2022,2,2,2,1,0,0,0,0,0,0
3391,2023,2,2,0,0,0,0,0,0,0,0
3391,2024,5,3,1,0,0,0,1,0,1,0
3391,2025,3,2,1,0,0,0,1,0,0,0
3391,2026,2,2,1,1,0,0,0,0,0,0
3394,2014,1,1,0,0,0,0,0,0,0,0
3394,2015,1,1,0,0,0,0,0,0,1,0
3394,2016,2,2,0,0,0,0,0,0,1,0
3394,2018,2,2,1,0,0,0,0,0,1,0
3394,2019,2,2,0,0,0,0,0,0,0,0
3394,2021,2,1,0,0,0,0,1,0,0,0
3400,2019,1,1,0,0,0,0,0,0,1,0
3400,2021,2,2,0,0,0,0,0,0,1,0
3404,2017,2,2,2,0,0,1,0,0,0,0
3404,2022,2,2,0,0,0,0,0,0,1,0
3404,2023,1,1,0,0,0,0,0,0,0,0
3404,2024,4,3,2,1,0,0,1,0,0,0
3410,2013,2,2,1,0,0,0,0,0,0,0
3410,2014,2,2,1,1,0,0,0,0,0,0
3415,2018,2,2,1,0,0,1,0,0,0,0
3415,2022,1,1,0,0,0,0,0,0,0,0
3422,2024,1,0,0,0,0,0,1,0,0,0
3428,2021,2,2,0,0,0,0,0,0,0,0
3428,2024,3,3,0,0,0,0,0,0,1,0
3434,2013,3,3,0,0,0,0,0,0,3,0
3434,2014,3,3,1,1,0,0,0,0,1,0
3434,2015,3,3,1,0,0,0,0,0,1,0
3434,2016,1,1,1,0,0,0,0,0,0,0
3435,2023,1,0,0,0,0,0,1,0,0,0
3438,2016,1,1,0,0,0,0,0,0,1,0
3438,2018,2,2,0,0,0,0,0,0,0,0
3438,2019,3,3,1,0,0,1,0,0,1,0
3438,2021,1,1,0,0,0,0,0,0,1,0
3440,2016,2,1,0,0,0,0,1,0,1,0
3440,2017,2,2,2,1,0,0,0,0,0,0
3440,2021,1,1,0,0,0,0,0,0,0,0
3444,2022,3,3,0,0,0,0,0,0,1,0
3444,2024,6,6,2,0,0,0,0,0,0,0
3447,2018,2,1,0,0,0,0,1,0,0,0
3447,2022,1,1,0,0,0,0,0,0,0,0
3447,2023,1,0,0,0,0,0,1,0,0,0
3447,2025,1,1,1,1,0,0,0,0,0,0
3447,2026,1,1,0,0,0,0,0,0,0,0
3449,2026,1,1,0,0,0,0,0,0,1,0
3461,2013,3,3,0,0,0,0,0,0,1,0
3461,2015,3,3,2,1,0,0,0,0,1,0
3461,2016,6,6,1,0,0,0,0,0,3,0
3476,2024,1,1,0,0,0,0,0,0,0,0
3480,2024,2,2,0,0,0,0,0,0,1,0
3481,2026,2,2,1,0,0,0,0,0,1,0
3483,2021,2,2,0,0,0,0,0,0,1,0
3485,2012,1,1,0,0,0,0,0,0,1,0
3492,2014,1,1,1,1,0,0,0,0,0,0
3492,2016,1,1,0,0,0,0,0,0,0,0
3492,2017,1,1,0,0,0,0,0,0,0,0
3492,2018,2,1,0,0,0,0,1,0,0,0
3497,2016,1,1,1,0,0,1,0,0,0,0
3497,2017,1,1,1,1,0,0,0,0,0,0
3498,2012,3,3,0,0,0,0,0,0,1,0
3498,2013,3,3,2,1,0,1,0,0,0,0
3498,2015,3,2,1,1,0,0,1,0,1,0
3498,2016,3,3,1,0,0,0,0,0,1,0
3498,2017,3,3,1,0,0,0,0,0,0,0
3498,2019,3,3,2,1,0,0,0,0,0,0
3500,2012,2,2,2,0,0,0,0,0,0,0
3500,2013,2,1,1,0,0,1,1,0,0,0
3501,2013,2,2,0,0,0,0,0,0,1,0
3521,2016,6,5,1,0,0,1,1,0,2,0
3523,2021,1,1,0,0,0,0,0,0,0,0
3523,2022,1,0,0,0,0,0,1,0,0,0
3523,2023,1,1,0,0,0,0,0,0,0,0
3523,2024,2,2,1,0,0,1,0,0,0,0
3523,2026,1,1,0,0,0,0,0,0,1,0
3535,2026,3,3,2,0,0,0,0,0,1,0
3546,2014,3,3,0,0,0,0,0,0,1,0
3546,2015,3,3,0,0,0,0,0,0,1,0
3557,2018,3,3,1,0,0,1,0,0,2,0
3557,2024,3,3,0,0,0,0,0,0,2,0
3557,2025,3,3,2,1,0,0,0,0,0,0
3562,2015,3,3,0,0,0,0,0,0,2,0
3567,2022,1,1,1,0,0,0,0,0,0,0
3574,2017,3,3,1,0,0,0,0,0,1,0
3574,2019,4,4,0,0,0,0,0,0,1,0
3574,2023,6,5,3,0,0,0,1,0,0,0
3574,2025,2,2,0,0,0,0,0,0,1,0
3580,2018,1,1,0,0,0,0,0,0,0,0
3580,2019,1,1,0,0,0,0,0,0,1,0
3580,2021,2,2,1,0,0,0,0,0,0,0
3580,2023,1,1,1,0,0,0,0,0,0,0
3580,2024,4,4,1,0,0,1,0,0,0,0
3597,2025,1,1,0,0,0,0,0,0,0,0
3597,2026,2,2,1,0,0,0,0,0,0,0
3607,2015,6,5,1,0,0,0,1,0,2,0
3607,2016,6,5,1,0,0,0,0,0,3,1
3607,2017,6,5,0,0,0,0,1,0,3,0
3607,2019,6,6,2,0,0,0,0,0,2,0
3612,2018,3,3,0,0,0,0,0,0,1,0
3612,2019,1,0,0,0,0,0,1,0,0,0
3655,2020,2,2,1,0,0,0,0,0,1,0
3680,2012,1,1,0,0,0,0,0,0,1,0
3680,2014,1,1,0,0,0,0,0,0,0,0
3683,2012,7,6,1,0,0,0,1,0,1,0
3683,2013,4,3,0,0,0,0,1,0,0,0
3686,2023,3,3,0,0,0,0,0,0,0,0
3695,2021,3,1,1,0,0,0,2,0,0,0
3724,2017,7,5,1,0,0,0,2,0,0,0
3724,2018,15,13,3,1,0,0,2,0,4,0
3724,2021,3,2,0,0,0,0,1,0,0,0
3724,2022,6,5,2,0,0,1,1,0,1,0
3724,2023,3,3,0,0,0,0,0,0,0,0
3724,2024,3,3,2,1,0,1,0,0,0,0
3724,2025,3,2,2,0,0,0,1,0,0,0
3731,2017,2,2,2,0,0,1,0,0,0,0
3742,2015,10,9,4,0,0,1,1,0,0,0
3744,2022,2,2,0,0,0,0,0,0,0,0
3744,2024,1,1,0,0,0,0,0,0,1,0
3747,2012,3,3,1,1,0,0,0,0,1,0
3747,2015,1,1,0,0,0,0,0,0,0,0
3747,2016,5,3,2,0,0,0,0,1,1,1
3748,2011,1,1,0,0,0,0,0,0,0,0
3748,2012,2,2,0,0,0,0,0,0,0,0
3748,2014,1,0,0,0,0,0,0,1,0,0
3749,2021,6,6,0,0,0,0,0,0,2,0
3749,2022,3,3,2,1,0,0,0,0,1,0
3749,2023,3,3,1,0,0,0,0,0,1,0
3765,2012,1,1,0,0,0,0,0,0,0,0
3784,2021,1,1,0,0,0,0,0,0,0,0
3784,2024,1,1,0,0,0,0,0,0,1,0
3785,2021,1,0,0,0,0,0,1,0,0,0
3785,2023,4,3,0,0,0,0,1,0,0,0
3788,2025,1,1,0,0,0,0,0,0,0,0
3788,2026,1,1,0,0,0,0,0,0,0,0
3791,2021,1,1,0,0,0,0,0,0,0,0
3793,2012,1,1,0,0,0,0,0,0,1,0
3803,2023,3,3,1,0,0,1,0,0,0,0
3803,2024,1,1,0,0,0,0,0,0,0,0
3803,2025,1,1,0,0,0,0,0,0,1,0
3803,2026,2,2,0,0,0,0,0,0,1,0
3806,2026,1,1,0,0,0,0,0,0,0,0
3818,2012,2,2,1,0,0,0,0,0,0,0
3834,2013,6,4,4,1,0,0,2,0,0,0
3834,2014,3,3,1,0,0,0,0,0,2,0
3834,2015,6,3,1,0,0,0,3,0,1,0
3834,2016,3,2,0,0,0,0,1,0,0,0
3834,2018,2,2,2,0,0,1,0,0,0,0
3835,2019,3,2,0,0,0,0,1,0,2,0
3835,2023,3,3,0,0,0,0,0,0,1,0
3835,2024,3,3,0,0,0,0,0,0,1,0
3835,2025,3,3,0,0,0,0,0,0,1,0
3835,2026,2,2,1,0,0,0,0,0,0,0
3845,2016,1,1,1,0,0,1,0,0,0,0
3845,2021,1,1,0,0,0,0,0,0,0,0
3848,2024,1,1,0,0,0,0,0,0,0,0
3859,2020,1,1,0,0,0,0,0,0,0,0
3859,2021,1,1,0,0,0,0,0,0,1,0
3868,2021,1,1,0,0,0,0,0,0,1,0
3871,2015,1,0,0,0,0,0,0,0,0,0
3876,2011,1,1,0,0,0,0,0,0,0,0
3876,2012,4,4,2,0,0,0,0,0,1,0
3876,2013,6,3,0,0,0,0,3,0,0,0
3876,2015,4,4,0,0,0,0,0,0,2,0
3876,2016,3,1,0,0,0,0,1,1,0,0
3878,2013,3,2,0,0,0,0,1,0,1,0
3878,2015,6,5,2,1,0,0,1,0,2,0
3878,2016,5,4,1,0,0,0,1,0,0,0
3878,2017,3,2,2,0,0,0,1,0,0,0
3880,2018,2,2,0,0,0,0,0,0,1,0
3889,2013,2,2,0,0,0,0,0,0,0,0
3889,2017,2,2,0,0,0,0,0,0,1,0
3889,2018,1,1,0,0,0,0,0,0,1,0
3889,2019,1,1,0,0,0,0,0,0,0,0
3889,2022,2,2,0,0,0,0,0,0,2,0
3889,2023,2,2,1,0,0,0,0,0,0,0
3889,2024,1,0,0,0,0,0,0,1,0,0
3904,2025,1,1,0,0,0,0,0,0,0,0
3904,2026,1,1,0,0,0,0,0,0,0,0
3906,2025,2,1,1,0,0,1,1,0,0,0
3909,2015,7,7,3,1,0,0,0,0,1,0
3909,2016,1,1,0,0,0,0,0,0,1,0
3909,2018,2,1,0,0,0,0,1,0,0,0
3909,2021,1,1,1,0,0,1,0,0,0,0
3909,2023,1,1,1,1,0,0,0,0,0,0
3909,2025,2,2,0,0,0,0,0,0,0,0
3925,2013,7,7,2,0,0,0,0,0,1,0
3933,2020,1,1,1,0,0,1,0,0,0,0
3933,2022,2,0,0,0,0,0,2,0,0,0
3935,2021,2,2,0,0,0,0,0,0,0,0
3935,2022,2,1,0,0,0,0,1,0,1,0
3935,2023,3,3,0,0,0,0,0,0,1,0
3935,2024,3,3,1,0,0,0,0,0,1,0
3938,2023,1,1,0,0,0,0,0,0,1,0
3938,2025,2,2,0,0,0,0,0,0,0,0
3945,2016,1,1,1,0,0,0,0,0,0,0
3951,2012,3,3,0,0,0,0,0,0,2,0
3951,2013,3,3,0,0,0,0,0,0,1,0
3951,2014,7,7,2,0,0,0,0,0,1,0
3951,2015,5,2,0,0,0,0,3,0,1,0
3951,2016,6,6,1,0,0,0,0,0,0,0
3956,2024,2,2,0,0,0,0,0,0,0,0
3966,2012,1,1,0,0,0,0,0,0,1,0
3966,2013,7,6,0,0,0,0,1,0,2,0
3968,2018,3,2,2,0,0,1,1,0,0,0
3968,2021,3,2,0,0,0,0,1,0,0,0
3968,2022,3,2,2,0,0,0,1,0,0,0
3968,2023,3,3,2,0,0,0,0,0,1,0
3968,2024,4,3,1,0,0,0,1,0,0,0
3968,2025,11,10,3,1,0,0,1,0,3,0
3968,2026,3,3,0,0,0,0,0,0,0,0
3970,2013,1,1,1,1,0,0,0,0,0,0
3970,2016,4,2,0,0,0,0,2,0,0,0
3970,2017,3,2,0,0,0,0,1,0,2,0
3970,2018,4,3,1,0,0,0,1,0,1,0
3970,2019,1,1,1,1,0,0,0,0,0,0
3975,2011,1,1,1,0,0,0,0,0,0,0
3975,2012,3,3,0,0,0,0,0,0,1,0
3975,2013,3,2,1,0,0,0,1,0,0,0
3975,2014,3,3,1,1,0,0,0,0,1,0
3998,2022,2,2,2,2,0,0,0,0,0,0
4002,2013,1,1,0,0,0,0,0,0,1,0
4002,2014,1,1,0,0,0,0,0,0,1,0
4002,2015,2,2,1,0,0,0,0,0,0,0
4002,2016,3,2,1,0,0,1,1,0,0,0
4018,2022,4,3,1,1,0,0,1,0,1,0
4018,2023,2,2,1,0,0,0,0,0,0,0
4018,2025,1,1,0,0,0,0,0,0,0,0
4029,2022,6,5,2,1,0,0,0,1,0,0
4029,2023,3,2,0,0,0,0,1,0,1,0
4029,2025,3,3,1,0,0,0,0,0,1,0
4047,2024,3,3,0,0,0,0,0,0,1,0
4047,2025,3,3,2,1,0,0,0,0,0,0
4051,2023,1,0,0,0,0,0,1,0,0,0
4055,2014,1,1,0,0,0,0,0,0,1,0
4055,2015,2,2,0,0,0,0,0,0,1,0
4072,2019,1,1,0,0,0,0,0,0,1,0
4072,2022,2,1,1,0,0,0,0,1,0,0
4072,2024,1,1,0,0,0,0,0,0,0,0
4073,2026,3,2,1,0,0,0,1,0,0,0
4077,2016,1,1,0,0,0,0,0,0,0,0
4077,2020,3,3,0,0,0,0,0,0,1,0
4077,2021,3,3,1,0,0,0,0,0,0,0
4077,2023,3,2,0,0,0,0,1,0,1,0
4077,2025,2,2,2,0,0,0,0,0,0,0
4080,2025,2,2,0,0,0,0,0,0,2,0
4087,2016,1,1,0,0,0,0,0,0,1,0
4087,2021,1,1,0,0,0,0,0,0,1,0
4087,2022,2,2,0,0,0,0,0,0,1,0
4091,2017,2,1,1,0,0,0,1,0,0,0
4091,2018,1,1,0,0,0,0,0,0,0,0
4091,2024,3,3,2,0,0,1,0,0,1,0
4110,2019,1,1,0,0,0,0,0,0,0,0
4114,2016,1,0,0,0,0,0,1,0,0,0
4114,2017,1,1,0,0,0,0,0,0,0,0
4118,2015,1,0,0,0,0,0,0,0,0,1
4118,2016,1,1,1,1,0,0,0,0,0,0
4130,2021,3,3,0,0,0,0,0,0,1,0
4130,2022,4,4,1,1,0,0,0,0,1,0
4130,2023,3,3,1,1,0,0,0,0,1,0
4130,2024,6,5,2,0,0,0,0,0,0,1
4137,2013,3,2,0,0,0,0,0,0,2,1
4137,2014,2,2,1,0,1,0,0,0,0,0
4137,2015,1,1,1,1,0,0,0,0,0,0
4137,2016,1,1,0,0,0,0,0,0,0,0
4137,2019,1,1,0,0,0,0,0,0,0,0
4144,2017,1,1,0,0,0,0,0,0,0,0
4148,2026,1,1,1,0,0,0,0,0,0,0
4151,2019,3,3,0,0,0,0,0,0,1,0
4151,2021,2,1,1,0,0,0,1,0,0,0
4151,2022,3,3,1,0,0,0,0,0,2,0
4151,2023,2,0,0,0,0,0,2,0,0,0
4151,2025,3,3,1,0,0,1,0,0,0,0
4159,2019,6,5,0,0,0,0,1,0,2,0
4159,2021,6,6,4,0,0,1,0,0,1,0
4170,2013,3,3,1,0,0,0,0,0,1,0
4170,2015,6,6,6,1,1,0,0,0,0,0
4170,2016,3,3,1,0,0,0,0,0,0,0
4170,2017,3,2,1,0,0,0,1,0,1,0
4170,2018,3,3,1,0,0,0,0,0,1,0
4170,2019,6,4,0,0,0,0,2,0,2,0
4182,2013,3,3,1,0,0,0,0,0,1,0
4182,2017,3,3,2,0,0,1,0,0,0,0
4194,2016,2,2,1,1,0,0,0,0,1,0
4196,2023,1,0,0,0,0,0,1,0,0,0
4198,2025,1,1,0,0,0,0,0,0,0,0
4220,2025,3,3,1,0,1,0,0,0,0,0
4221,2023,3,3,1,0,0,0,0,0,0,0
4221,2024,5,4,1,1,0,0,1,0,0,0
4221,2025,3,3,1,1,0,0,0,0,0,0
4221,2026,3,3,1,0,1,0,0,0,1,0
4231,2013,4,3,1,1,0,0,1,0,0,0
4243,2015,1,1,1,0,0,0,0,0,0,0
4243,2016,1,0,0,0,0,0,0,1,0,0
4243,2018,1,1,0,0,0,0,0,0,0,0
4243,2019,1,0,0,0,0,0,1,0,0,0
4243,2022,3,3,2,0,0,1,0,0,1,0
4243,2023,2,2,1,0,0,0,0,0,1,0
4254,2017,2,2,0,0,0,0,0,0,2,0
4254,2019,2,2,1,0,0,0,0,0,0,0
4278,2022,1,1,0,0,0,0,0,0,1,0
4278,2023,4,4,0,0,0,0,0,0,0,0
4281,2018,1,1,0,0,0,0,0,0,0,0
4283,2023,1,1,0,0,0,0,0,0,1,0
4289,2016,3,2,0,0,0,0,0,0,0,1
4289,2017,9,9,0,0,0,0,0,0,5,0
4289,2018,5,3,2,1,0,0,2,0,0,0
4289,2023,4,4,0,0,0,0,0,0,2,0
4289,2025,3,3,1,0,0,0,0,0,1,0
4290,2022,5,5,1,0,0,0,0,0,3,0
4290,2023,6,6,3,0,0,1,0,0,1,0
4292,2015,3,3,0,0,0,0,0,0,2,0
4292,2019,8,8,0,0,0,0,0,0,3,0
4292,2020,4,1,0,0,0,0,3,0,0,0
4292,2021,9,8,1,1,0,0,1,0,2,0
4292,2023,3,3,0,0,0,0,0,0,1,0
4292,2026,3,3,0,0,0,0,0,0,0,0
4302,2016,3,2,1,0,0,1,1,0,1,0
4302,2025,1,1,0,0,0,0,0,0,0,0
4311,2022,10,9,1,0,0,0,1,0,4,0
4311,2023,3,3,1,0,0,0,0,0,1,0
4311,2024,6,6,0,0,0,0,0,0,1,0
4327,2017,2,1,0,0,0,0,1,0,0,0
4336,2013,2,0,0,0,0,0,2,0,0,0
4337,2011,2,1,0,0,0,0,1,0,0,0
4337,2012,2,2,1,0,0,0,0,0,0,0
4337,2013,2,2,1,0,0,0,0,0,1,0
4337,2015,1,0,0,0,0,0,1,0,0,0
4337,2016,2,2,0,0,0,0,0,0,1,0
4337,2017,2,2,1,0,0,1,0,0,0,0
4344,2012,2,1,0,0,0,0,1,0,1,0
4344,2013,9,9,3,1,0,0,0,0,2,0
4344,2014,9,7,1,1,0,0,2,0,5,0
4344,2015,6,6,0,0,0,0,0,0,4,0
4344,2019,3,3,2,0,0,1,0,0,0,0
4344,2022,3,3,2,0,0,1,0,0,0,0
4344,2023,2,2,0,0,0,0,0,0,0,0
4361,2012,1,1,1,1,0,0,0,0,0,0
4361,2016,2,2,0,0,0,0,0,0,0,0
4365,2013,3,3,2,1,0,0,0,0,0,0
4365,2015,2,2,0,0,0,0,0,0,0,0
4365,2016,2,2,1,1,0,0,0,0,0,0
4386,2022,2,2,0,0,0,0,0,0,1,0
4386,2024,2,0,0,0,0,0,2,0,0,0
4396,2017,4,3,0,0,0,0,1,0,0,0
4396,2018,2,2,0,0,0,0,0,0,2,0
4396,2019,1,1,0,0,0,0,0,0,0,0
4396,2021,1,1,0,0,0,0,0,0,0,0
4408,2011,1,0,0,0,0,0,1,0,0,0
4408,2012,2,1,0,0,0,0,0,1,0,0
4408,2013,1,1,1,0,0,0,0,0,0,0
4408,2017,1,1,0,0,0,0,0,0,0,0
4409,2017,6,4,0,0,0,0,2,0,1,0
4409,2018,3,3,1,0,0,0,0,0,0,0
4409,2019,4,4,1,0,0,0,0,0,0,0
4411,2025,1,0,0,0,0,0,1,0,0,0
4412,2011,1,1,1,0,0,0,0,0,0,0
4412,2012,1,1,0,0,0,0,0,0,1,0
4412,2013,2,2,0,0,0,0,0,0,2,0
4415,2018,1,1,0,0,0,0,0,0,1,0
4415,2019,2,2,0,0,0,0,0,0,2,0
4415,2026,1,1,0,0,0,0,0,0,0,0
4441,2015,1,1,0,0,0,0,0,0,0,0
4441,2016,1,1,1,0,1,0,0,0,0,0
4445,2019,1,1,0,0,0,0,0,0,1,0
4445,2021,3,2,1,1,0,0,0,1,0,0
4445,2022,1,1,0,0,0,0,0,0,0,0
4454,2014,4,4,2,0,0,0,0,0,1,0
4491,2017,1,0,0,0,0,0,1,0,0,0
4491,2018,1,1,0,0,0,0,0,0,0,0
4491,2019,2,2,0,0,0,0,0,0,2,0
4491,2020,2,2,1,1,0,0,0,0,0,0
4491,2021,2,2,1,1,0,0,0,0,0,0
4491,2022,4,4,0,0,0,0,0,0,2,0
4491,2023,1,0,0,0,0,0,1,0,0,0
4491,2025,1,1,0,0,0,0,0,0,0,0
4498,2025,2,2,0,0,0,0,0,0,1,0
4504,2020,2,2,0,0,0,0,0,0,1,0
4513,2014,1,1,1,0,0,1,0,0,0,0
4513,2015,9,7,2,1,0,1,1,0,2,1
4513,2021,1,1,0,0,0,0,0,0,0,0
4519,2015,1,1,0,0,0,0,0,0,0,0
4523,2024,5,5,1,0,0,0,0,0,2,0
4530,2011,1,1,0,0,0,0,0,0,1,0
4530,2012,3,3,0,0,0,0,0,0,1,0
4530,2013,3,2,0,0,0,0,1,0,0,0
4539,2024,1,1,0,0,0,0,0,0,1,0
4539,2025,1,1,0,0,0,0,0,0,1,0
4543,2012,3,3,0,0,0,0,0,0,1,0
4543,2013,6,5,1,1,0,0,1,0,1,0
4543,2019,8,7,1,0,0,0,1,0,1,0
4550,2023,1,1,1,0,0,0,0,0,0,0
4561,2011,3,3,1,1,0,0,0,0,0,0
4561,2014,3,3,0,0,0,0,0,0,1,0
4561,2015,3,2,2,0,0,1,1,0,0,0
4561,2016,6,5,1,0,0,0,1,0,1,0
4562,2019,1,1,0,0,0,0,0,0,1,0
4571,2011,1,0,0,0,0,0,0,0,0,1
4573,2025,3,3,1,0,0,0,0,0,0,0
4579,2014,4,3,1,1,0,0,1,0,0,0
4579,2016,4,2,0,0,0,0,2,0,1,0
4579,2017,3,3,1,0,0,0,0,0,1,0
4579,2018,3,3,1,0,0,0,0,0,2,0
4581,2013,1,1,0,0,0,0,0,0,1,0
4598,2011,1,1,0,0,0,0,0,0,0,0
4598,2012,1,1,0,0,0,0,0,0,1,0
4608,2012,6,6,1,0,0,0,0,0,1,0
4610,2015,3,3,0,0,0,0,0,0,1,0
4610,2016,3,1,1,0,0,0,2,0,0,0
4611,2011,6,5,2,1,0,1,1,0,2,0
4611,2012,8,5,3,0,0,1,3,0,1,0
4611,2014,7,5,1,1,0,0,2,0,1,0
4611,2015,3,2,1,0,0,0,0,0,0,1
4620,2013,3,3,1,0,0,0,0,0,0,0
4620,2014,13,13,2,0,0,1,0,0,1,0
4620,2015,3,3,1,0,0,0,0,0,1,0
4635,2021,1,1,0,0,0,0,0,0,0,0
4656,2025,2,2,0,0,0,0,0,0,1,0
4656,2026,1,1,0,0,0,0,0,0,0,0
4662,2026,3,3,2,0,0,1,0,0,0,0
4666,2012,3,3,0,0,0,0,0,0,1,0
4666,2015,2,2,0,0,0,0,0,0,1,0
4667,2015,1,1,1,0,0,0,0,0,0,0
4678,2012,1,1,1,0,0,0,0,0,0,0
4678,2015,1,1,1,0,0,1,0,0,0,0
4678,2018,1,1,0,0,0,0,0,0,0,0
4686,2019,2,1,1,0,0,0,1,0,0,0
4686,2020,1,1,1,0,0,0,0,0,0,0
4686,2021,1,0,0,0,0,0,1,0,0,0
4686,2024,1,1,0,0,0,0,0,0,0,0
4702,2022,1,1,0,0,0,0,0,0,0,0
4702,2023,1,1,0,0,0,0,0,0,0,0
4702,2024,1,1,0,0,0,0,0,0,0,0
4705,2012,3,3,0,0,0,0,0,0,3,0
4705,2015,6,5,1,0,0,1,1,0,3,0
4705,2017,3,3,1,1,0,0,0,0,2,0
4705,2018,3,3,0,0,0,0,0,0,1,0
4705,2020,2,1,0,0,0,0,1,0,1,0
4715,2014,1,1,0,0,0,0,0,0,0,0
4715,2015,2,2,1,0,0,1,0,0,0,0
4715,2016,3,3,1,0,0,1,0,0,0,0
4715,2017,2,1,0,0,0,0,1,0,0,0
4717,2023,4,3,0,0,0,0,0,0,0,0
4717,2025,3,3,1,1,0,0,0,0,1,0
4730,2011,1,1,0,0,0,0,0,0,1,0
4731,2013,4,4,1,0,0,0,0,0,2,0
4731,2014,1,1,1,0,0,0,0,0,0,0
4731,2015,2,2,0,0,0,0,0,0,0,0
4754,2022,1,1,0,0,0,0,0,0,0,0
4757,2022,2,1,0,0,0,0,0,1,0,0
4757,2024,2,2,1,0,0,0,0,0,0,0
4757,2025,3,3,1,0,0,0,0,0,1,0
4781,2013,6,4,0,0,0,0,2,0,2,0
4800,2023,1,0,0,0,0,0,1,0,0,0
4801,2013,6,2,0,0,0,0,3,1,0,0
4801,2017,2,2,1,0,0,0,0,0,1,0
4801,2018,2,2,0,0,0,0,0,0,1,0
4810,2021,3,2,1,0,0,0,1,0,0,0
4810,2022,3,2,0,0,0,0,1,0,0,0
4819,2013,2,1,0,0,0,0,1,0,0,0
4821,2015,2,2,0,0,0,0,0,0,1,0
4821,2016,3,3,0,0,0,0,0,0,1,0
4821,2018,7,5,2,0,0,0,2,0,1,0
4821,2019,13,13,5,5,0,0,0,0,2,0
4821,2020,6,6,3,1,0,0,0,0,0,0
4821,2021,12,12,3,3,0,0,0,0,0,0
4821,2022,3,2,0,0,0,0,1,0,0,0
4821,2023,4,4,1,0,0,0,0,0,0,0
4821,2024,5,5,0,0,0,0,0,0,1,0
4821,2025,2,2,0,0,0,0,0,0,1,0
4823,2019,1,1,0,0,0,0,0,0,1,0
4828,2021,2,1,0,0,0,0,1,0,1,0
4828,2022,1,1,0,0,0,0,0,0,1,0
4843,2025,1,1,1,0,0,0,0,0,0,0
4849,2025,1,1,0,0,0,0,0,0,1,0
4851,2022,3,2,1,0,0,1,1,0,1,0
4851,2024,3,3,0,0,0,0,0,0,3,0
4853,2012,3,3,0,0,0,0,0,0,0,0
4858,2023,1,1,0,0,0,0,0,0,1,0
4867,2019,1,1,0,0,0,0,0,0,0,0
4867,2025,1,1,0,0,0,0,0,0,0,0
4868,2023,2,2,1,1,0,0,0,0,0,0
4868,2024,2,2,0,0,0,0,0,0,0,0
4878,2017,2,1,0,0,0,0,1,0,1,0
4884,2020,2,2,0,0,0,0,0,0,0,0
4884,2023,2,2,1,0,0,0,0,0,1,0
4886,2016,2,2,0,0,0,0,0,0,0,0
4886,2018,1,1,1,1,0,0,0,0,0,0
4886,2019,2,2,0,0,0,0,0,0,1,0
4887,2011,1,1,0,0,0,0,0,0,1,0
4892,2018,4,4,2,1,0,0,0,0,0,0
4892,2019,6,5,1,1,0,0,0,1,0,0
4896,2015,4,4,2,0,0,0,0,0,1,0
4904,2023,1,1,1,0,0,0,0,0,0,0
4946,2012,1,1,0,0,0,0,0,0,1,0
4953,2025,1,1,0,0,0,0,0,0,0,0
4953,2026,1,0,0,0,0,0,1,0,0,0
4958,2024,4,4,1,1,0,0,0,0,0,0
4964,2015,12,8,3,2,0,0,4,0,2,0
4964,2016,1,0,0,0,0,0,1,0,0,0
4967,2021,1,0,0,0,0,0,1,0,0,0
4979,2018,3,3,0,0,0,0,0,0,1,0
4979,2024,3,3,1,0,0,1,0,0,1,0
4979,2025,3,2,1,1,0,0,0,0,0,1
4999,2020,1,1,0,0,0,0,0,0,0,0
5016,2016,3,3,1,0,0,0,0,0,1,0
5016,2017,7,7,2,0,0,0,0,0,0,0
5016,2018,9,8,5,0,0,1,1,0,1,0
5016,2020,2,1,1,0,0,0,1,0,0,0
5016,2021,3,3,2,0,0,1,0,0,0,0
5016,2023,5,5,0,0,0,0,0,0,1,0
5041,2025,1,0,0,0,0,0,1,0,0,0
5047,2024,2,2,0,0,0,0,0,0,1,0
5060,2024,3,3,1,1,0,0,0,0,1,0
5065,2023,2,2,0,0,0,0,0,0,0,0
5065,2024,3,3,1,0,0,1,0,0,0,0
5075,2016,3,3,1,0,0,0,0,0,0,0
5075,2017,3,3,2,1,0,0,0,0,0,0
5075,2018,1,1,1,0,0,0,0,0,0,0
5075,2021,4,4,0,0,0,0,0,0,2,0
5075,2022,4,4,2,0,0,0,0,0,0,0
5075,2023,3,3,0,0,0,0,0,0,2,0
5075,2024,2,2,1,0,0,0,0,0,1,0
5075,2025,2,2,0,0,0,0,0,0,1,0
5075,2026,2,2,0,0,0,0,0,0,1,0
5085,2022,1,1,0,0,0,0,0,0,1,0
5085,2023,6,6,5,1,0,0,0,0,1,0
5085,2024,4,4,1,0,0,0,0,0,1,0
5093,2018,10,7,2,0,1,0,3,0,2,0
5093,2019,3,3,2,0,0,0,0,0,0,0
5094,2012,1,1,0,0,0,0,0,0,0,0
5094,2017,3,3,0,0,0,0,0,0,1,0
5094,2018,1,1,1,0,0,0,0,0,0,0
5094,2020,1,1,0,0,0,0,0,0,0,0
5094,2021,2,1,0,0,0,0,0,0,1,1
5098,2021,1,1,0,0,0,0,0,0,1,0
5107,2019,3,3,1,0,0,1,0,0,2,0
5107,2021,2,2,0,0,0,0,0,0,1,0
5107,2022,1,1,0,0,0,0,0,0,0,0
5107,2023,1,1,0,0,0,0,0,0,1,0
5107,2024,1,1,0,0,0,0,0,0,0,0
5109,2015,3,2,0,0,0,0,0,1,1,0
5109,2017,1,1,0,0,0,0,0,0,0,0
5110,2024,3,3,1,0,0,0,0,0,0,0
5110,2025,3,2,1,0,0,0,1,0,0,0
5111,2025,1,1,0,0,0,0,0,0,0,0
5124,2022,1,1,1,0,0,0,0,0,0,0
5124,2023,2,2,1,0,0,1,0,0,0,0
5124,2026,1,1,0,0,0,0,0,0,0,0
5127,2024,1,1,0,0,0,0,0,0,0,0
5137,2012,1,1,0,0,0,0,0,0,1,0
5137,2013,3,2,1,0,0,1,1,0,1,0
5137,2014,3,0,0,0,0,0,3,0,0,0
5137,2015,1,1,0,0,0,0,0,0,0,0
5147,2025,1,1,0,0,0,0,0,0,0,0
5165,2022,1,1,0,0,0,0,0,0,1,0
5168,2019,10,10,3,0,0,2,0,0,2,0
5168,2020,1,1,1,0,0,0,0,0,0,0
5168,2021,12,10,2,0,0,0,2,0,1,0
5168,2022,8,7,2,0,0,1,0,0,1,1
5168,2023,6,6,1,0,0,0,0,0,1,0
5168,2024,3,3,2,1,0,0,0,0,1,0
5196,2021,2,2,1,0,0,0,0,0,1,0
5203,2013,1,1,0,0,0,0,0,0,0,0
5203,2014,1,1,0,0,0,0,0,0,0,0
5203,2015,2,2,2,1,0,0,0,0,0,0
5231,2025,1,1,0,0,0,0,0,0,1,0
5231,2026,2,2,0,0,0,0,0,0,0,0
5234,2017,2,2,1,0,0,1,0,0,0,0
5234,2018,2,1,0,0,0,0,1,0,1,0
5234,2021,3,3,0,0,0,0,0,0,2,0
5234,2024,2,2,0,0,0,0,0,0,1,0
5243,2011,3,3,0,0,0,0,0,0,1,0
5243,2012,3,3,0,0,0,0,0,0,1,0
5243,2013,6,5,3,2,0,0,1,0,1,0
5243,2014,7,7,2,2,0,0,0,0,1,0
5243,2015,9,7,2,0,0,1,2,0,2,0
5246,2014,1,0,0,0,0,0,1,0,0,0
5254,2012,2,2,0,0,0,0,0,0,2,0
5254,2013,1,1,0,0,0,0,0,0,0,0
5254,2014,1,0,0,0,0,0,1,0,0,0
5254,2015,1,0,0,0,0,0,1,0,0,0
5254,2017,1,1,1,1,0,0,0,0,0,0
5254,2018,1,0,0,0,0,0,1,0,0,0
5254,2019,4,4,0,0,0,0,0,0,3,0
5258,2013,3,3,2,0,0,0,0,0,1,0
5258,2018,2,2,1,0,0,0,0,0,0,0
5269,2019,1,1,0,0,0,0,0,0,0,0
5293,2013,2,2,0,0,0,0,0,0,0,0
5293,2016,1,1,1,0,0,0,0,0,0,0
5293,2018,1,1,0,0,0,0,0,0,0,0
5305,2025,1,1,1,0,0,0,0,0,0,0
5308,2024,1,1,0,0,0,0,0,0,0,0
5308,2026,1,1,0,0,0,0,0,0,1,0
5312,2018,3,3,0,0,0,0,0,0,2,0
5320,2013,2,2,0,0,0,0,0,0,1,0
5326,2011,2,2,1,0,0,0,0,0,0,0
5329,2015,6,5,0,0,0,0,1,0,3,0
5329,2016,2,1,1,0,0,0,1,0,0,0
5329,2017,1,1,0,0,0,0,0,0,1,0
5329,2018,2,2,1,1,0,0,0,0,0,0
5329,2019,2,2,0,0,0,0,0,0,0,0
5329,2020,2,1,0,0,0,0,1,0,0,0
5329,2022,1,1,0,0,0,0,0,0,1,0
5329,2025,1,1,1,1,0,0,0,0,0,0
5334,2024,7,7,3,1,0,1,0,0,1,0
5334,2025,3,3,0,0,0,0,0,0,1,0
5334,2026,3,3,0,0,0,0,0,0,0,0
5339,2017,1,1,1,0,0,0,0,0,0,0
5353,2023,1,1,0,0,0,0,0,0,1,0
5353,2024,1,1,0,0,0,0,0,0,0,0
5355,2023,2,2,1,0,0,0,0,0,0,0
5355,2024,2,2,0,0,0,0,0,0,0,0
5364,2012,1,1,1,0,0,1,0,0,0,0
5364,2015,3,3,2,0,0,0,0,0,0,0
5373,2022,1,1,0,0,0,0,0,0,0,0
5373,2023,1,1,0,0,0,0,0,0,0,0
5384,2012,6,6,2,1,0,0,0,0,2,0
5384,2013,4,3,2,0,0,0,1,0,0,0
5384,2014,6,6,1,0,0,1,0,0,0,0
5384,2015,2,2,0,0,0,0,0,0,1,0
5384,2016,3,3,1,0,0,1,0,0,0,0
5386,2019,3,3,0,0,0,0,0,0,2,0
5386,2021,2,2,0,0,0,0,0,0,0,0
5389,2017,3,3,2,1,0,0,0,0,0,0
5389,2018,2,1,0,0,0,0,1,0,0,0
5389,2023,1,1,0,0,0,0,0,0,1,0
5425,2023,2,2,1,0,0,1,0,0,1,0
5438,2013,1,1,0,0,0,0,0,0,0,0
5440,2011,2,2,1,1,0,0,0,0,1,0
5440,2012,2,2,0,0,0,0,0,0,1,0
5440,2013,7,7,2,0,0,1,0,0,2,0
5440,2014,2,1,0,0,0,0,1,0,1,0
5440,2015,5,4,1,1,0,0,1,0,1,0
5440,2016,4,3,0,0,0,0,0,0,1,1
5440,2017,1,1,0,0,0,0,0,0,0,0
5440,2018,6,5,2,2,0,0,1,0,1,0
5440,2022,1,0,0,0,0,0,1,0,0,0
5440,2023,1,0,0,0,0,0,1,0,0,0
5440,2025,1,1,0,0,0,0,0,0,0,0
5443,2024,2,2,1,0,0,0,0,0,0,0
5451,2023,3,3,2,0,0,1,0,0,0,0
5454,2021,2,1,0,0,0,0,1,0,1,0
5454,2023,2,2,1,0,0,0,0,0,1,0
5454,2026,2,2,0,0,0,0,0,0,1,0
5462,2015,2,2,1,0,0,0,0,0,0,0
5462,2016,1,1,0,0,0,0,0,0,1,0
5462,2018,1,1,0,0,0,0,0,0,0,0
5462,2020,1,0,0,0,0,0,1,0,0,0
5479,2018,1,1,0,0,0,0,0,0,1,0
5488,2018,1,0,0,0,0,0,1,0,0,0
5494,2019,1,1,0,0,0,0,0,0,0,0
5497,2013,1,1,1,1,0,0,0,0,0,0
5507,2021,1,1,0,0,0,0,0,0,1,0
5507,2024,1,1,0,0,0,0,0,0,0,0
5516,2011,1,0,0,0,0,0,1,0,0,0
5563,2013,2,1,1,0,0,1,1,0,0,0
5563,2015,2,1,1,0,0,0,1,0,0,0
5563,2016,2,1,0,0,0,0,1,0,0,0
5563,2017,1,1,0,0,0,0,0,0,1,0
5563,2018,1,1,1,1,0,0,0,0,0,0
5569,2013,2,1,1,0,0,0,1,0,0,0
5583,2018,3,2,2,0,0,1,1,0,0,0
5583,2021,2,2,1,1,0,0,0,0,0,0
5583,2023,1,1,1,0,0,0,0,0,0,0
5583,2024,1,1,0,0,0,0,0,0,0,0
5598,2026,1,1,1,0,0,0,0,0,0,0
5642,2024,2,2,1,0,0,0,0,0,1,0
5649,2020,1,1,1,0,0,0,0,0,0,0
5649,2021,2,2,0,0,0,0,0,0,0,0
5706,2015,3,2,1,1,0,0,1,0,1,0
5707,2017,3,2,0,0,0,0,1,0,0,0
5707,2020,2,1,0,0,0,0,0,0,0,1
5707,2022,6,6,1,1,0,0,0,0,1,0
5707,2023,2,2,2,0,0,0,0,0,0,0
5707,2024,3,3,0,0,0,0,0,0,0,0
5708,2025,2,2,0,0,0,0,0,0,2,0
5709,2019,3,2,0,0,0,0,1,0,0,0
5712,2012,3,3,1,0,0,0,0,0,0,0
5719,2014,1,1,0,0,0,0,0,0,1,0
5719,2015,2,1,0,0,0,0,1,0,1,0
5719,2017,2,2,0,0,0,0,0,0,1,0
5719,2025,1,1,1,0,0,0,0,0,0,0
5719,2026,1,1,0,0,0,0,0,0,0,0
5735,2021,1,1,0,0,0,0,0,0,0,0
5743,2011,3,3,1,1,0,0,0,0,1,0
5743,2012,3,3,2,1,0,0,0,0,0,0
5754,2026,6,5,0,0,0,0,1,0,1,0
5757,2016,3,3,0,0,0,0,0,0,1,0
5773,2015,2,2,1,1,0,0,0,0,0,0
5773,2019,2,1,0,0,0,0,1,0,0,0
5777,2019,7,7,1,0,0,0,0,0,1,0
5777,2020,3,2,2,0,0,0,1,0,0,0
5777,2021,6,5,0,0,0,0,1,0,2,0
5777,2022,3,3,0,0,0,0,0,0,2,0
5777,2024,3,2,0,0,0,0,1,0,1,0
5777,2025,1,1,0,0,0,0,0,0,0,0
5778,2012,2,2,1,0,0,0,0,0,0,0
5778,2015,3,3,1,1,0,0,0,0,0,0
5782,2012,3,3,0,0,0,0,0,0,2,0
5782,2013,4,4,2,0,0,1,0,0,1,0
5782,2019,2,1,0,0,0,0,1,0,1,0
5782,2021,2,2,0,0,0,0,0,0,1,0
5782,2024,1,1,0,0,0,0,0,0,0,0
5785,2021,3,3,1,0,0,1,0,0,0,0
5786,2023,2,2,1,0,0,0,0,0,0,0
5788,2019,3,3,0,0,0,0,0,0,0,0
5788,2022,6,6,1,0,0,0,0,0,2,0
5788,2023,3,3,1,0,0,0,0,0,1,0
5789,2020,5,5,0,0,0,0,0,0,1,0
5789,2021,6,6,1,0,0,0,0,0,0,0
5789,2022,9,7,4,1,0,0,2,0,2,0
5789,2023,6,5,0,0,0,0,1,0,2,0
5789,2024,9,9,3,1,0,1,0,0,2,0
5789,2025,3,3,1,0,0,0,0,0,1,0
5790,2022,1,1,0,0,0,0,0,0,1,0
5790,2024,1,1,0,0,0,0,0,0,0,0
5790,2025,1,1,0,0,0,0,0,0,0,0
5790,2026,1,1,0,0,0,0,0,0,1,0
5797,2015,2,1,0,0,0,0,1,0,0,0
5797,2016,2,2,1,1,0,0,0,0,0,0
5797,2018,1,0,0,0,0,0,1,0,0,0
5799,2022,2,2,1,0,0,0,0,0,1,0
5803,2024,1,1,0,0,0,0,0,0,0,0
5803,2025,2,2,1,0,0,0,0,0,0,0
5815,2012,2,1,0,0,0,0,0,0,1,1
5815,2014,3,3,1,0,0,0,0,0,2,0
5815,2015,11,11,6,2,0,1,0,0,0,0
5817,2018,3,1,0,0,0,0,2,0,1,0
5819,2013,6,5,2,2,0,0,1,0,1,0
5819,2014,3,3,1,0,0,0,0,0,0,0
5819,2017,2,2,0,0,0,0,0,0,2,0
5819,2022,1,0,0,0,0,0,1,0,0,0
5829,2025,1,1,0,0,0,0,0,0,1,0
5839,2025,1,1,1,0,0,0,0,0,0,0
5845,2011,2,2,0,0,0,0,0,0,2,0
5845,2012,11,9,1,0,0,0,2,0,3,0
5845,2013,9,9,1,0,0,1,0,0,4,0
5845,2014,9,9,4,2,0,0,0,0,2,0
5845,2015,7,7,3,0,0,1,0,0,2,0
5845,2016,3,3,1,0,0,0,0,0,2,0
5845,2017,6,5,0,0,0,0,1,0,2,0
5845,2018,12,10,2,0,0,1,1,0,2,0
5845,2019,3,3,0,0,0,0,0,0,2,0
5845,2022,3,3,1,0,0,0,0,0,1,0
5845,2023,5,5,1,0,0,0,0,0,2,0
5845,2024,2,2,1,0,0,0,0,0,0,0
5851,2012,5,4,0,0,0,0,1,0,2,0
5851,2014,3,3,1,0,0,0,0,0,2,0
5851,2015,6,6,1,0,0,0,0,0,4,0
5851,2016,3,2,0,0,0,0,1,0,0,0
5851,2018,3,3,1,1,0,0,0,0,0,0
5851,2020,3,2,0,0,0,0,1,0,0,0
5862,2016,2,1,1,0,0,0,0,1,0,0
5869,2025,3,2,1,1,0,0,1,0,0,0
5869,2026,3,2,1,1,0,0,1,0,1,0
5873,2022,2,2,1,0,0,0,0,0,0,0
5883,2011,2,2,0,0,0,0,0,0,2,0
5883,2012,2,2,0,0,0,0,0,0,1,0
5883,2013,1,0,0,0,0,0,1,0,0,0
5883,2015,2,2,0,0,0,0,0,0,0,0
5883,2019,1,1,0,0,0,0,0,0,1,0
5883,2021,4,3,0,0,0,0,1,0,1,0
5883,2022,2,2,0,0,0,0,0,0,0,0
5883,2023,2,1,1,1,0,0,1,0,0,0
5900,2023,1,1,1,0,0,0,0,0,0,0
5900,2024,3,2,1,1,0,0,1,0,1,0
5905,2021,1,1,0,0,0,0,0,0,0,0
5905,2023,2,1,0,0,0,0,1,0,0,0
5905,2024,1,1,1,0,0,0,0,0,0,0
5911,2014,1,1,1,1,0,0,0,0,0,0
5911,2018,2,2,0,0,0,0,0,0,1,0
5911,2019,7,7,0,0,0,0,0,0,4,0
5911,2021,1,0,0,0,0,0,1,0,0,0
5917,2023,3,3,0,0,0,0,0,0,1,0
5917,2026,3,3,1,0,0,1,0,0,2,0
5924,2013,1,1,1,0,0,0,0,0,0,0
5929,2022,1,1,0,0,0,0,0,0,0,0
5929,2026,1,1,1,0,0,0,0,0,0,0
5939,2026,1,1,1,1,0,0,0,0,0,0
5953,2014,3,3,0,0,0,0,0,0,3,0
5953,2017,3,3,1,0,0,0,0,0,1,0
5953,2022,3,3,1,0,0,0,0,0,1,0
5953,2023,3,3,2,1,0,0,0,0,0,0
5958,2025,3,3,0,0,0,0,0,0,0,0
5961,2015,4,2,2,1,0,0,2,0,0,0
5961,2017,1,1,0,0,0,0,0,0,0,0
5961,2018,1,1,0,0,0,0,0,0,1,0
5961,2022,2,2,0,0,0,0,0,0,0,0
5987,2025,2,2,0,0,0,0,0,0,1,0
5990,2013,3,3,1,0,0,0,0,0,1,0
5990,2014,2,1,1,0,0,0,1,0,0,0
5990,2015,3,3,0,0,0,0,0,0,0,0
5992,2024,2,2,2,0,0,0,0,0,0,0
6001,2024,1,1,0,0,0,0,0,0,1,0
6010,2012,1,1,0,0,0,0,0,0,0,0
6010,2013,4,3,0,0,0,0,1,0,1,0
6010,2015,6,5,1,0,0,0,1,0,0,0
6010,2017,3,3,0,0,0,0,0,0,1,0
6017,2021,1,1,1,0,0,0,0,0,0,0
6017,2024,1,1,0,0,0,0,0,0,0,0
6045,2021,2,2,0,0,0,0,0,0,0,0
6045,2025,1,1,1,0,0,0,0,0,0,0
6053,2022,1,1,1,0,0,0,0,0,0,0
6055,2023,3,3,1,0,0,0,0,0,1,0
6055,2024,3,3,0,0,0,0,0,0,1,0
6062,2025,1,1,0,0,0,0,0,0,1,0
6069,2016,1,1,1,0,0,1,0,0,0,0
6069,2017,2,1,0,0,0,0,1,0,0,0
6071,2023,1,0,0,0,0,0,0,0,0,1
6091,2017,2,1,0,0,0,0,1,0,1,0
6091,2018,2,1,1,0,0,0,1,0,0,0
6091,2020,6,4,1,0,0,0,1,0,1,0
6091,2021,6,5,1,0,0,0,1,0,1,0
6091,2023,1,1,0,0,0,0,0,0,0,0
6092,2019,1,0,0,0,0,0,1,0,0,0
6092,2022,1,1,0,0,0,0,0,0,1,0
6092,2023,1,1,0,0,0,0,0,0,0,0
6092,2024,1,1,0,0,0,0,0,0,1,0
6092,2026,1,1,0,0,0,0,0,0,0,0
6118,2015,3,3,2,0,0,1,0,0,1,0
6118,2016,6,5,1,0,0,0,1,0,0,0
6118,2017,3,3,1,0,0,1,0,0,1,0
6151,2015,3,3,0,0,0,0,0,0,1,0
6155,2019,3,3,1,0,0,0,0,0,0,0
6157,2017,5,2,1,0,0,0,1,1,1,1
6157,2021,2,2,1,1,0,0,0,0,0,0
6157,2023,1,0,0,0,0,0,1,0,0,0
6177,2023,1,1,1,1,0,0,0,0,0,0
6177,2024,2,1,0,0,0,0,1,0,0,0
6190,2011,3,2,1,0,0,0,1,0,0,0
6229,2012,5,5,1,0,0,0,0,0,0,0
6229,2013,7,6,3,0,0,0,1,0,2,0
6229,2015,3,2,1,0,0,0,1,0,0,0
6233,2018,6,6,0,0,0,0,0,0,2,0
6233,2019,2,1,0,0,0,0,1,0,1,0
6233,2020,1,0,0,0,0,0,1,0,0,0
6233,2022,9,7,3,0,0,2,2,0,2,0
6233,2023,3,3,1,1,0,0,0,0,0,0
6240,2016,1,1,0,0,0,0,0,0,0,0
6240,2017,1,1,1,0,0,0,0,0,0,0
6240,2022,3,3,0,0,0,0,0,0,2,0
6240,2023,1,1,0,0,0,0,0,0,1,0
6240,2024,2,2,1,0,0,0,0,0,0,0
6253,2021,1,1,0,0,0,0,0,0,0,0
6253,2023,3,2,0,0,0,0,1,0,1,0
6253,2026,2,1,0,0,0,0,1,0,0,0
6261,2012,1,1,0,0,0,0,0,0,1,0
6271,2012,2,2,2,0,0,0,0,0,0,0
6271,2013,4,3,2,0,0,1,1,0,0,0
6271,2014,3,2,0,0,0,0,0,0,0,0
6272,2025,1,1,1,0,0,0,0,0,0,0
6273,2012,3,3,1,0,0,0,0,0,0,0
6273,2013,6,6,0,0,0,0,0,0,1,0
6273,2014,7,7,1,0,0,0,0,0,2,0
6273,2015,5,4,1,0,0,0,1,0,1,0
6273,2016,3,3,2,0,0,0,0,0,0,0
6273,2017,3,3,2,0,0,1,0,0,0,0
6273,2018,3,3,1,0,0,1,0,0,1,0
6273,2019,6,6,2,1,0,0,0,0,1,0
6279,2011,7,6,1,0,0,0,1,0,2,0
6279,2012,3,3,2,1,0,0,0,0,1,0
6279,2013,2,2,1,1,0,0,0,0,0,0
6279,2017,1,1,0,0,0,0,0,0,1,0
6279,2018,3,3,0,0,0,0,0,0,1,0
6279,2019,2,1,1,0,0,0,1,0,0,0
6280,2019,2,2,0,0,0,0,0,0,2,0
6280,2024,1,1,0,0,0,0,0,0,1,0
6282,2012,2,2,0,0,0,0,0,0,1,0
6282,2013,1,1,1,0,0,0,0,0,0,0
6282,2014,1,1,0,0,0,0,0,0,1,0
6282,2015,1,1,0,0,0,0,0,0,1,0
6292,2011,3,2,1,0,0,1,1,0,1,0
6292,2012,4,4,1,0,0,1,0,0,0,0
6292,2013,3,3,0,0,0,0,0,0,0,0
6292,2014,6,3,0,0,0,0,2,0,1,1
6294,2026,1,0,0,0,0,0,1,0,0,0
6299,2023,1,1,1,0,0,0,0,0,0,0
6299,2026,1,1,0,0,0,0,0,0,1,0
6313,2017,2,1,0,0,0,0,1,0,0,0
6335,2017,3,2,0,0,0,0,1,0,0,0
6335,2022,5,4,1,0,0,0,1,0,1,0
6335,2023,3,3,0,0,0,0,0,0,0,0
6335,2024,1,1,0,0,0,0,0,0,0,0
6356,2018,1,1,1,0,0,0,0,0,0,0
6356,2021,3,2,1,0,0,1,1,0,1,0
6356,2023,1,0,0,0,0,0,1,0,0,0
6370,2013,1,0,0,0,0,0,1,0,0,0
6378,2013,3,3,1,0,0,1,0,0,1,0
6378,2015,3,3,2,0,0,0,0,0,1,0
6378,2017,5,3,2,0,0,0,2,0,1,0
6378,2018,3,3,1,0,0,0,0,0,1,0
6378,2019,6,5,2,0,0,0,1,0,1,0
6378,2020,2,2,1,0,0,1,0,0,0,0
6386,2012,3,3,0,0,0,0,0,0,1,0
6406,2015,1,0,0,0,0,0,1,0,0,0
6406,2016,1,1,0,0,0,0,0,0,1,0
6423,2011,5,5,0,0,0,0,0,0,1,0
6423,2012,3,1,1,1,0,0,2,0,0,0
6431,2011,9,9,5,1,0,2,0,0,3,0
6431,2012,8,5,3,0,0,3,2,0,1,1
6431,2013,6,6,2,0,0,0,0,0,1,0
6431,2014,11,8,5,1,0,2,2,0,0,1
6440,2011,3,3,0,0,0,0,0,0,3,0
6440,2012,2,2,0,0,0,0,0,0,1,0
6440,2017,2,2,0,0,0,0,0,0,1,0
6440,2020,4,4,1,0,0,0,0,0,1,0
6440,2021,1,1,0,0,0,0,0,0,0,0
6450,2011,1,1,0,0,0,0,0,0,1,0
6461,2015,6,4,1,0,0,0,2,0,0,0
6461,2016,6,3,2,0,0,1,3,0,1,0
6461,2019,4,3,1,0,0,0,1,0,0,0
6470,2025,1,1,1,1,0,0,0,0,0,0
6470,2026,1,0,0,0,0,0,1,0,0,0
6482,2021,3,2,2,0,0,0,1,0,0,0
6482,2022,4,4,3,1,0,1,0,0,0,0
6482,2023,3,3,1,1,0,0,0,0,1,0
6482,2025,3,3,0,0,0,0,0,0,0,0
6482,2026,2,2,1,0,0,0,0,0,0,0
6483,2017,6,6,2,0,0,1,0,0,0,0
6483,2018,2,2,2,1,0,0,0,0,0,0
6483,2023,8,8,2,1,0,0,0,0,3,0
6483,2024,2,2,0,0,0,0,0,0,0,0
6488,2022,1,1,0,0,0,0,0,0,1,0
6495,2016,1,0,0,0,0,0,1,0,0,0
6502,2013,3,3,2,0,0,0,0,0,0,0
6502,2014,7,6,3,0,0,0,1,0,2,0
6502,2016,3,3,0,0,0,0,0,0,0,0
6502,2017,2,2,0,0,0,0,0,0,1,0
6509,2022,5,5,3,1,0,1,0,0,1,0
6509,2024,3,3,1,0,0,1,0,0,0,0
6509,2025,3,3,0,0,0,0,0,0,1,0
6513,2015,2,0,0,0,0,0,2,0,0,0
6518,2015,2,2,1,0,0,0,0,0,1,0
6518,2016,1,1,0,0,0,0,0,0,1,0
6522,2012,3,2,1,0,0,0,1,0,0,0
6522,2013,5,5,1,1,0,0,0,0,2,0
6522,2014,3,0,0,0,0,0,3,0,0,0
6522,2015,3,3,3,0,0,2,0,0,0,0
6547,2022,1,1,0,0,0,0,0,0,0,0
6547,2024,1,0,0,0,0,0,1,0,0,0
6569,2011,1,0,0,0,0,0,1,0,0,0
6569,2012,2,1,1,0,0,0,1,0,0,0
6571,2018,1,1,0,0,0,0,0,0,0,0
6571,2019,1,1,0,0,0,0,0,0,1,0
6571,2023,1,1,0,0,0,0,0,0,1,0
6571,2024,3,3,0,0,0,0,0,0,2,0
6574,2026,2,2,1,0,0,0,0,0,0,0
6585,2021,3,3,0,0,0,0,0,0,0,0
6585,2022,6,6,3,1,0,1,0,0,1,0
6585,2023,3,3,0,0,0,0,0,0,2,0
6585,2024,3,3,1,1,0,0,0,0,2,0
6588,2016,2,2,1,0,0,0,0,0,0,0
6588,2023,1,1,1,0,0,0,0,0,0,0
6588,2024,3,2,1,1,0,0,1,0,1,0
6591,2012,1,1,0,0,0,0,0,0,0,0
6591,2013,6,4,1,0,0,0,2,0,0,0
6592,2019,1,1,0,0,0,0,0,0,0,0
6592,2022,1,1,1,0,0,0,0,0,0,0
6593,2025,2,2,1,1,0,0,0,0,1,0
6595,2016,1,1,0,0,0,0,0,0,0,0
6595,2017,2,2,0,0,0,0,0,0,1,0
6595,2018,1,1,0,0,0,0,0,0,0,0
6595,2019,6,6,1,0,0,0,0,0,3,0
6595,2020,2,2,1,0,0,0,0,0,0,0
6595,2021,1,1,0,0,0,0,0,0,1,0
6595,2024,2,2,2,1,0,0,0,0,0,0
6601,2019,1,0,0,0,0,0,1,0,0,0
6601,2023,1,1,1,1,0,0,0,0,0,0
6603,2012,1,1,0,0,0,0,0,0,0,0
6610,2024,2,2,1,1,0,0,0,0,0,0
6610,2026,3,3,0,0,0,0,0,0,1,0
6617,2014,1,1,0,0,0,0,0,0,0,0
6633,2018,16,13,7,1,0,2,3,0,2,0
6633,2019,3,2,0,0,0,0,1,0,1,0
6633,2021,2,1,1,0,0,0,1,0,0,0
6633,2023,3,2,0,0,0,0,1,0,2,0
6640,2011,6,6,1,0,0,1,0,0,2,0
6640,2012,2,2,0,0,0,0,0,0,1,0
6646,2012,2,1,1,1,0,0,1,0,0,0
6652,2016,1,1,1,0,0,0,0,0,0,0
6652,2018,4,4,2,0,0,1,0,0,0,0
6652,2019,3,2,1,0,0,0,1,0,1,0
6652,2021,1,1,1,0,0,1,0,0,0,0
6652,2022,1,1,1,0,0,0,0,0,0,0
6652,2023,3,2,1,0,0,0,1,0,1,0
6652,2025,6,4,1,0,0,0,2,0,1,0
6672,2022,3,3,2,1,0,0,0,0,1,0
6672,2023,6,6,2,0,0,0,0,0,1,0
6672,2026,3,3,1,0,0,1,0,0,1,0
6676,2011,3,3,1,0,0,0,0,0,0,0
6676,2012,3,2,1,0,0,0,1,0,0,0
6676,2014,5,4,1,1,0,0,1,0,0,0
6676,2015,7,6,4,0,0,1,1,0,2,0
6676,2016,4,3,1,0,0,0,1,0,0,0
6676,2017,2,1,1,0,0,0,0,1,0,0
6676,2018,1,1,1,0,1,0,0,0,0,0
6676,2019,11,9,2,0,0,1,2,0,3,0
6678,2022,3,3,0,0,0,0,0,0,2,0
6678,2025,2,2,1,1,0,0,0,0,0,0
6682,2013,5,5,2,0,0,0,0,0,1,0
6682,2014,3,3,1,0,0,0,0,0,1,0
6682,2015,6,5,0,0,0,0,1,0,0,0
6682,2017,6,5,1,0,0,1,1,0,0,0
6682,2021,3,2,0,0,0,0,1,0,0,0
6685,2013,1,1,0,0,0,0,0,0,0,0
6688,2017,1,0,0,0,0,0,0,0,0,1
6697,2011,4,4,1,0,0,0,0,0,2,0
6702,2022,2,2,0,0,0,0,0,0,1,0
6707,2012,2,2,1,0,0,0,0,0,0,0
6707,2013,5,5,0,0,0,0,0,0,1,0
6707,2014,5,3,0,0,0,0,2,0,1,0
6707,2015,2,1,0,0,0,0,1,0,0,0
6749,2018,4,4,0,0,0,0,0,0,3,0
6751,2016,18,16,4,0,0,0,2,0,4,0
6751,2017,9,9,2,2,0,0,0,0,1,0
6751,2018,3,3,0,0,0,0,0,0,2,0
6751,2019,3,3,1,0,0,0,0,0,1,0
6751,2024,2,2,0,0,0,0,0,0,1,0
6773,2019,9,7,3,0,0,0,1,0,1,1
6773,2020,7,6,2,1,0,0,1,0,0,0
6773,2021,12,10,3,0,1,1,2,0,5,0
6773,2022,6,6,3,0,0,2,0,0,1,0
6778,2012,6,6,2,0,1,0,0,0,0,0
6778,2013,3,3,0,0,0,0,0,0,0,0
6783,2012,2,1,1,0,0,1,1,0,0,0
6787,2018,4,4,1,0,0,1,0,0,1,0
6810,2018,3,3,1,0,1,0,0,0,0,0
6810,2024,6,5,0,0,0,0,1,0,1,0
6810,2026,1,0,0,0,0,0,0,1,0,0
6812,2013,1,1,1,1,0,0,0,0,0,0
6812,2015,1,1,0,0,0,0,0,0,0,0
6812,2016,1,0,0,0,0,0,1,0,0,0
6824,2021,3,3,1,0,0,0,0,0,0,0
6824,2024,3,3,3,1,0,0,0,0,0,0
6826,2023,3,2,0,0,0,0,1,0,1,0
6830,2013,1,1,1,0,0,0,0,0,0,0
6830,2014,1,1,0,0,0,0,0,0,0,0
6833,2021,2,2,0,0,0,0,0,0,0,0
6833,2023,1,1,0,0,0,0,0,0,0,0
6833,2024,1,1,1,0,0,0,0,0,0,0
6849,2013,3,3,1,0,0,1,0,0,1,0
6853,2019,2,1,0,0,0,0,1,0,0,0
6854,2016,2,2,1,0,0,0,0,0,0,0
6854,2017,1,1,0,0,0,0,0,0,0,0
6858,2022,1,0,0,0,0,0,1,0,0,0
6858,2023,1,1,0,0,0,0,0,0,0,0
6867,2012,2,1,1,1,0,0,1,0,0,0
6867,2013,4,3,1,0,0,1,1,0,2,0
6873,2016,1,0,0,0,0,0,1,0,0,0
6873,2017,14,10,6,1,0,2,3,1,0,0
6873,2018,16,16,4,1,0,2,0,0,6,0
6873,2019,3,3,2,0,0,0,0,0,0,0
6873,2021,6,5,1,0,0,0,1,0,3,0
6873,2022,6,6,4,2,0,0,0,0,1,0
6873,2023,2,2,1,0,0,0,0,0,0,0
6876,2012,3,3,0,0,0,0,0,0,1,0
6876,2013,9,4,1,1,0,0,5,0,0,0
6882,2024,3,3,0,0,0,0,0,0,3,0
6886,2020,1,1,1,0,0,0,0,0,0,0
6886,2021,1,1,0,0,0,0,0,0,0,0
6913,2012,1,1,0,0,0,0,0,0,1,0
6914,2014,1,1,0,0,0,0,0,0,0,0
6914,2015,6,6,1,0,0,0,0,0,2,0
6914,2016,6,3,1,0,0,0,3,0,0,0
6914,2017,3,2,0,0,0,0,1,0,2,0
6914,2018,3,3,3,0,0,0,0,0,0,0
6915,2014,1,1,0,0,0,0,0,0,1,0
6915,2021,1,0,0,0,0,0,0,0,0,1
6916,2015,1,1,0,0,0,0,0,0,0,0
6917,2022,1,1,0,0,0,0,0,0,0,0
6923,2025,2,2,0,0,0,0,0,0,0,0
6923,2026,6,6,2,0,0,1,0,0,3,0
6925,2013,1,0,0,0,0,0,1,0,0,0
6928,2017,1,0,0,0,0,0,1,0,0,0
6961,2015,3,2,1,0,0,0,1,0,1,0
6961,2022,4,3,1,0,0,0,1,0,0,0
6961,2023,2,0,0,0,0,0,2,0,0,0
6961,2024,1,1,0,0,0,0,0,0,0,0
6961,2025,1,1,0,0,0,0,0,0,1,0
6961,2026,3,3,0,0,0,0,0,0,0,0
6978,2024,2,2,0,0,0,0,0,0,0,0
6986,2013,1,1,1,0,0,0,0,0,0,0
6988,2022,1,1,0,0,0,0,0,0,0,0
6989,2019,3,3,1,1,0,0,0,0,0,0
7000,2014,1,1,1,1,0,0,0,0,0,0
7000,2015,1,0,0,0,0,0,1,0,0,0
7003,2014,3,3,0,0,0,0,0,0,1,0
7013,2015,2,2,0,0,0,0,0,0,1,0
7039,2018,4,4,3,0,0,0,0,0,1,0
7039,2020,1,1,0,0,0,0,0,0,0,0
7039,2021,1,1,0,0,0,0,0,0,1,0
7041,2014,3,3,0,0,0,0,0,0,2,0
7044,2024,1,0,0,0,0,0,1,0,0,0
7052,2011,1,1,0,0,0,0,0,0,0,0
7052,2012,2,2,1,1,0,0,0,0,0,0
7052,2013,1,1,1,0,0,0,0,0,0,0
7052,2015,3,2,0,0,0,0,1,0,0,0
7054,2025,2,2,0,0,0,0,0,0,1,0
7058,2016,3,3,1,0,0,1,0,0,2,0
7058,2018,5,5,1,0,0,1,0,0,1,0
7058,2019,3,3,0,0,0,0,0,0,0,0
7058,2025,1,1,0,0,0,0,0,0,0,0
7058,2026,3,1,0,0,0,0,1,1,1,0
7059,2015,5,4,2,0,0,0,1,0,1,0
7059,2022,1,1,0,0,0,0,0,0,0,0
7061,2015,4,3,1,0,0,0,1,0,0,0
7061,2016,3,2,0,0,0,0,1,0,1,0
7061,2017,1,1,0,0,0,0,0,0,0,0
7073,2026,1,1,0,0,0,0,0,0,1,0
7077,2019,3,3,0,0,0,0,0,0,0,0
7077,2023,3,2,2,2,0,0,1,0,0,0
7086,2020,1,1,0,0,0,0,0,0,1,0
7086,2021,1,1,0,0,0,0,0,0,0,0
7086,2022,1,0,0,0,0,0,1,0,0,0
7092,2017,1,1,0,0,0,0,0,0,0,0
7092,2018,1,1,0,0,0,0,0,0,0,0
7092,2023,2,2,0,0,0,0,0,0,1,0
7101,2023,2,2,2,0,0,0,0,0,0,0
7101,2024,1,1,0,0,0,0,0,0,0,0
7101,2025,1,1,0,0,0,0,0,0,0,0
7101,2026,1,1,0,0,0,0,0,0,0,0
7107,2017,1,1,1,0,0,0,0,0,0,0
7110,2013,1,1,0,0,0,0,0,0,0,0
7111,2017,1,0,0,0,0,0,1,0,0,0
7117,2023,1,1,0,0,0,0,0,0,0,0
7117,2024,1,1,1,0,0,1,0,0,0,0
7126,2016,2,2,1,0,0,0,0,0,1,0
7126,2017,6,3,1,0,0,1,3,0,1,0
7137,2019,1,1,0,0,0,0,0,0,1,0
7147,2012,1,1,0,0,0,0,0,0,0,0
7149,2012,1,1,1,1,0,0,0,0,0,0
7154,2022,4,2,0,0,0,0,1,0,1,0
7154,2026,3,3,0,0,0,0,0,0,2,0
7176,2015,3,2,1,0,0,0,1,0,0,0
7176,2016,3,2,2,0,0,0,1,0,0,0
7181,2025,1,1,1,0,0,0,0,0,0,0
7194,2013,3,2,0,0,0,0,1,0,0,0
7207,2013,1,1,1,0,0,1,0,0,0,0
7211,2013,1,1,0,0,0,0,0,0,0,0
7211,2016,3,2,1,0,0,0,1,0,0,0
7211,2017,1,1,0,0,0,0,0,0,0,0
7211,2018,1,1,0,0,0,0,0,0,0,0
7211,2019,2,1,0,0,0,0,1,0,0,0
7211,2022,2,1,1,0,0,0,1,0,0,0
7220,2013,1,1,0,0,0,0,0,0,1,0
7220,2016,2,2,0,0,0,0,0,0,1,0
7220,2017,2,1,1,1,0,0,1,0,0,0
7221,2017,1,1,1,1,0,0,0,0,0,0
7222,2021,1,1,1,0,0,0,0,0,0,0
7223,2024,1,1,1,0,0,1,0,0,0,0
7239,2013,3,3,0,0,0,0,0,0,1,0
7239,2015,6,5,1,0,0,0,1,0,2,0
7239,2016,3,3,1,0,0,1,0,0,1,0
7239,2017,3,3,1,1,0,0,0,0,2,0
7239,2018,1,1,1,0,0,0,0,0,0,0
7239,2022,1,0,0,0,0,0,0,1,0,0
7239,2023,3,3,2,0,0,0,0,0,0,0
7250,2020,2,1,0,0,0,0,1,0,0,0
7292,2019,2,0,0,0,0,0,2,0,0,0
7306,2023,2,2,1,0,0,1,0,0,0,0
7306,2024,2,2,1,0,0,0,0,0,0,0
7308,2021,2,2,0,0,0,0,0,0,0,0
7308,2024,1,1,0,0,0,0,0,0,0,0
7308,2026,1,0,0,0,0,0,1,0,0,0
7314,2026,1,1,0,0,0,0,0,0,1,0
7315,2022,1,1,0,0,0,0,0,0,0,0
7318,2026,2,2,0,0,0,0,0,0,0,0
7322,2012,1,0,0,0,0,0,1,0,0,0
7324,2012,2,2,0,0,0,0,0,0,1,0
7327,2021,2,2,1,1,0,0,0,0,1,0
7327,2023,2,2,0,0,0,0,0,0,2,0
7327,2024,3,3,1,0,0,0,0,0,0,0
7328,2021,2,2,1,1,0,0,0,0,0,0
7328,2023,3,3,0,0,0,0,0,0,0,0
7328,2025,2,2,1,0,0,0,0,0,0,0
7337,2014,3,3,1,0,0,0,0,0,0,0
7338,2021,1,1,0,0,0,0,0,0,1,0
7345,2011,1,1,1,0,0,1,0,0,0,0
7345,2013,2,2,0,0,0,0,0,0,1,0
7345,2015,2,2,1,0,0,0,0,0,0,0
7345,2016,4,4,2,0,0,1,0,0,0,0
7345,2017,1,1,0,0,0,0,0,0,0,0
7345,2018,1,1,0,0,0,0,0,0,0,0
7345,2019,1,1,0,0,0,0,0,0,1,0
7345,2021,1,1,0,0,0,0,0,0,0,0
7345,2022,1,1,1,0,0,0,0,0,0,0
7352,2018,2,2,2,1,0,1,0,0,0,0
7368,2012,3,3,0,0,0,0,0,0,2,0
7379,2018,4,4,0,0,0,0,0,0,3,0
7379,2019,3,3,1,0,0,0,0,0,2,0
7401,2023,2,1,0,0,0,0,1,0,0,0
7401,2024,1,1,0,0,0,0,0,0,1,0
7413,2026,3,2,0,0,0,0,1,0,0,0
7424,2018,2,1,0,0,0,0,1,0,0,0
7433,2024,3,3,0,0,0,0,0,0,1,0
7442,2023,1,1,0,0,0,0,0,0,1,0
7447,2012,1,1,0,0,0,0,0,0,0,0
7447,2013,1,0,0,0,0,0,1,0,0,0
7449,2012,2,2,1,0,0,0,0,0,0,0
7449,2018,4,2,0,0,0,0,2,0,1,0
7449,2025,2,2,1,1,0,0,0,0,0,0
7449,2026,2,2,0,0,0,0,0,0,0,0
7456,2016,4,4,3,1,0,0,0,0,0,0
7456,2019,3,3,0,0,0,0,0,0,2,0
7456,2020,3,1,1,0,0,0,2,0,0,0
7456,2021,9,8,4,0,0,2,1,0,2,0
7456,2023,4,4,2,1,0,0,0,0,1,0
7460,2019,5,5,0,0,0,0,0,0,3,0
7460,2020,2,1,0,0,0,0,1,0,0,0
7460,2021,4,4,1,0,0,0,0,0,1,0
7460,2022,2,1,1,0,0,1,1,0,0,0
7464,2024,3,3,0,0,0,0,0,0,2,0
7465,2024,5,4,0,0,0,0,1,0,2,0
7477,2024,1,1,1,1,0,0,0,0,0,0
7477,2026,1,1,0,0,0,0,0,0,0,0
7484,2011,1,0,0,0,0,0,1,0,0,0
7484,2012,1,1,0,0,0,0,0,0,1,0
7485,2015,1,1,1,0,0,0,0,0,0,0
7485,2016,5,4,1,1,0,0,1,0,1,0
7485,2019,1,1,0,0,0,0,0,0,0,0
7491,2011,3,3,1,0,0,0,0,0,1,0
7499,2025,1,1,0,0,0,0,0,0,1,0
7510,2013,2,2,0,0,0,0,0,0,0,0
7510,2015,6,3,0,0,0,0,3,0,2,0
7510,2023,1,1,0,0,0,0,0,0,0,0
7510,2024,1,1,1,0,0,0,0,0,0,0
7510,2025,1,1,0,0,0,0,0,0,0,0
7514,2020,2,1,0,0,0,0,1,0,0,0
7514,2024,5,5,1,1,0,0,0,0,1,0
7519,2017,1,1,0,0,0,0,0,0,0,0
7519,2021,2,2,0,0,0,0,0,0,1,0
7519,2022,2,2,1,1,0,0,0,0,0,0
7519,2024,2,2,0,0,0,0,0,0,2,0
7521,2012,3,3,2,0,0,1,0,0,0,0
7521,2017,5,4,1,1,0,0,1,0,0,0
7521,2019,2,2,0,0,0,0,0,0,1,0
7524,2021,1,1,0,0,0,0,0,0,1,0
7528,2013,1,0,0,0,0,0,1,0,0,0
7532,2012,3,3,1,0,0,0,0,0,0,0
7532,2013,3,3,2,1,0,1,0,0,0,0
7532,2021,6,6,3,0,0,1,0,0,2,0
7532,2022,7,4,3,0,0,1,3,0,0,0
7536,2022,2,2,0,0,0,0,0,0,1,0
7536,2023,2,2,0,0,0,0,0,0,1,0
7536,2026,1,1,0,0,0,0,0,0,0,0
7551,2018,2,2,0,0,0,0,0,0,0,0
7567,2021,2,2,0,0,0,0,0,0,1,0
7567,2025,3,3,1,0,0,0,0,0,0,0
7567,2026,6,6,1,0,0,0,0,0,2,0
7574,2026,1,1,1,0,0,0,0,0,0,0
7588,2026,1,1,0,0,0,0,0,0,0,0
7596,2026,1,1,0,0,0,0,0,0,0,0
7621,2026,1,0,0,0,0,0,1,0,0,0
7653,2026,6,5,0,0,0,0,1,0,0,0
7663,2026,1,1,1,0,0,0,0,0,0,0
7688,2026,4,4,0,0,0,0,0,0,0,0
7695,2026,1,1,0,0,0,0,0,0,0,0
7700,2026,1,1,0,0,0,0,0,0,0,0
7716,2026,1,0,0,0,0,0,0,0,0,1
7724,2026,2,2,0,0,0,0,0,0,1,0
7728,2026,1,0,0,0,0,0,0,0,0,1
7739,2026,1,1,1,0,0,1,0,0,0,0
7745,2026,1,1,0,0,0,0,0,0,1,0
7755,2026,1,1,1,0,0,0,0,0,0,0
7760,2026,2,1,1,0,0,0,1,0,0,0
7764,2026,2,2,0,0,0,0,0,0,1,0
7784,2026,3,3,1,1,0,0,0,0,0,0
7789,2026,2,1,0,0,0,0,1,0,0,0
7810,2026,1,1,1,0,0,0,0,0,0,0
7825,2024,1,1,0,0,0,0,0,0,0,0
7839,2024,1,1,0,0,0,0,0,0,0,0
7849,2023,1,0,0,0,0,0,1,0,0,0
7849,2026,1,1,0,0,0,0,0,0,0,0
7851,2026,1,1,1,0,0,0,0,0,0,0
7877,2018,3,2,1,0,0,0,1,0,0,0
7877,2022,2,1,0,0,0,0,0,0,0,1
7877,2024,8,7,0,0,0,0,1,0,1,0
7881,2024,3,3,1,1,0,0,0,0,1,0
7883,2025,1,1,1,0,0,0,0,0,0,0
7887,2015,4,2,1,0,0,1,2,0,0,0
7887,2017,1,1,0,0,0,0,0,0,0,0
7887,2018,2,2,0,0,0,0,0,0,1,0
7888,2025,2,2,2,0,0,1,0,0,0,0
7888,2026,1,1,0,0,0,0,0,0,0,0
7895,2014,3,3,1,0,0,0,0,0,1,0
7895,2017,3,2,1,0,0,0,1,0,0,0
7895,2025,1,1,0,0,0,0,0,0,1,0
7926,2016,9,9,5,1,0,1,0,0,1,0
7926,2017,8,6,0,0,0,0,2,0,2,0
7926,2021,2,1,1,0,0,0,1,0,0,0
7926,2023,1,1,0,0,0,0,0,0,1,0
7926,2024,1,1,0,0,0,0,0,0,0,0
7931,2015,1,1,0,0,0,0,0,0,0,0
7941,2014,4,4,3,1,0,0,0,0,0,0
7945,2026,1,1,1,0,0,1,0,0,0,0
7956,2025,1,0,0,0,0,0,1,0,0,0
7956,2026,2,1,0,0,0,0,1,0,1,0
7961,2022,1,1,0,0,0,0,0,0,0,0
7961,2023,3,2,0,0,0,0,1,0,1,0
7974,2016,3,3,1,0,0,0,0,0,1,0
7974,2017,1,0,0,0,0,0,1,0,0,0
7974,2018,1,1,0,0,0,0,0,0,0,0
7974,2021,1,1,1,1,0,0,0,0,0,0
7975,2026,1,1,0,0,0,0,0,0,1,0
7976,2024,1,1,0,0,0,0,0,0,0,0
7996,2017,1,1,0,0,0,0,0,0,1,0
7996,2018,5,4,1,1,0,0,1,0,0,0
7996,2019,1,1,0,0,0,0,0,0,0,0
7997,2017,1,0,0,0,0,0,1,0,0,0
7997,2018,1,0,0,0,0,0,1,0,0,0
7999,2015,3,3,2,0,0,1,0,0,1,0
7999,2016,2,1,0,0,0,0,1,0,0,0
7999,2017,4,4,2,1,0,0,0,0,0,0
8000,2013,1,1,1,0,0,1,0,0,0,0
8000,2015,1,1,0,0,0,0,0,0,0,0
8000,2016,2,2,0,0,0,0,0,0,0,0
8015,2011,3,3,0,0,0,0,0,0,0,0
8015,2013,4,3,0,0,0,0,1,0,2,0
8015,2014,3,3,3,1,0,0,0,0,0,0
8015,2017,3,3,0,0,0,0,0,0,1,0
8015,2018,6,5,1,0,0,0,1,0,3,0
8015,2021,3,3,1,0,0,0,0,0,0,0
8015,2022,3,1,1,0,0,0,1,1,0,0
8015,2023,3,2,1,0,0,0,1,0,0,0
8015,2024,3,2,0,0,0,0,1,0,1,0
8015,2025,1,1,0,0,0,0,0,0,0,0
8020,2012,1,1,0,0,0,0,0,0,0,0
8036,2011,4,3,0,0,0,0,1,0,3,0
8036,2012,1,1,1,1,0,0,0,0,0,0
8042,2012,2,2,1,0,0,1,0,0,0,0
8042,2014,1,1,1,1,0,0,0,0,0,0
8051,2012,3,3,1,1,0,0,0,0,2,0
8052,2013,2,2,2,0,0,0,0,0,0,0
8052,2015,1,1,0,0,0,0,0,0,0,0
8052,2017,2,2,0,0,0,0,0,0,1,0
8058,2013,1,1,0,0,0,0,0,0,1,0
8062,2016,1,1,0,0,0,0,0,0,1,0
8078,2025,1,0,0,0,0,0,0,1,0,0
8086,2024,3,2,1,0,0,1,1,0,0,0
8101,2025,1,1,0,0,0,0,0,0,0,0
8132,2018,2,2,0,0,0,0,0,0,0,0
8133,2018,6,4,1,0,0,0,2,0,2,0
8133,2019,12,8,5,1,0,1,4,0,1,0
8133,2020,6,5,3,1,0,0,1,0,0,0
8133,2021,3,1,1,0,0,0,2,0,0,0
8133,2022,3,3,1,0,0,0,0,0,0,0
8133,2024,6,6,3,0,0,0,0,0,1,0
8150,2024,2,2,0,0,0,0,0,0,2,0
8150,2026,1,1,0,0,0,0,0,0,0,0
8167,2021,3,3,1,0,0,0,0,0,1,0
8167,2022,1,1,1,0,0,0,0,0,0,0
8167,2024,1,1,1,1,0,0,0,0,0,0
8172,2024,1,1,0,0,0,0,0,0,0,0
8172,2026,1,0,0,0,0,0,1,0,0,0
8184,2012,1,1,0,0,0,0,0,0,1,0
8205,2023,2,1,1,1,0,0,1,0,0,0
8223,2015,6,4,2,2,0,0,2,0,1,0
8223,2016,6,3,0,0,0,0,3,0,1,0
8223,2019,1,1,1,0,0,1,0,0,0,0
8226,2023,2,2,1,0,0,1,0,0,1,0
8226,2024,1,1,0,0,0,0,0,0,0,0
8228,2022,1,1,0,0,0,0,0,0,1,0
8231,2023,3,3,1,0,0,1,0,0,0,0
8231,2024,3,3,2,0,0,0,0,0,0,0
8236,2015,1,0,0,0,0,0,0,1,0,0
8236,2016,1,1,0,0,0,0,0,0,0,0
8236,2017,1,1,0,0,0,0,0,0,0,0
8236,2021,2,2,0,0,0,0,0,0,0,0
8236,2025,1,1,0,0,0,0,0,0,0,0
8238,2014,1,1,0,0,0,0,0,0,1,0
8238,2015,1,1,0,0,0,0,0,0,1,0
8238,2017,5,5,2,0,0,0,0,0,1,0
8247,2018,2,2,0,0,0,0,0,0,2,0
8247,2019,1,1,1,1,0,0,0,0,0,0
8252,2018,3,2,0,0,0,0,1,0,0,0
8252,2021,1,1,1,0,0,0,0,0,0,0
8252,2022,4,4,3,0,0,1,0,0,0,0
8252,2025,2,1,0,0,0,0,1,0,0,0
8252,2026,1,1,0,0,0,0,0,0,0,0
8268,2012,4,3,2,0,0,0,1,0,1,0
8268,2013,7,6,1,1,0,0,1,0,0,0
8268,2014,6,5,2,0,0,1,1,0,0,0
8268,2015,3,3,1,0,0,0,0,0,2,0
8268,2016,3,1,0,0,0,0,2,0,1,0
8268,2017,4,4,0,0,0,0,0,0,2,0
8268,2019,1,1,0,0,0,0,0,0,0,0
8279,2016,6,5,4,0,0,0,1,0,0,0
8280,2024,3,2,0,0,0,0,1,0,1,0
8294,2012,3,3,1,0,0,0,0,0,0,0
8294,2013,3,2,0,0,0,0,1,0,0,0
8294,2015,6,6,2,0,0,1,0,0,1,0
8294,2016,6,3,1,0,0,0,3,0,1,0
8315,2018,1,1,1,0,0,0,0,0,0,0
8326,2012,3,2,1,1,0,0,0,0,0,1
8326,2014,3,3,0,0,0,0,0,0,2,0
8330,2015,3,2,2,0,1,0,1,0,0,0
8330,2017,3,3,0,0,0,0,0,0,2,0
8330,2019,6,5,1,0,0,0,1,0,2,0
8330,2021,7,7,0,0,0,0,0,0,2,0
8330,2022,3,3,0,0,0,0,0,0,2,0
8330,2023,6,6,1,0,0,0,0,0,3,0
8330,2024,3,2,0,0,0,0,1,0,0,0
8334,2012,3,2,0,0,0,0,1,0,1,0
8334,2013,12,11,3,1,0,0,0,1,4,0
8354,2012,2,2,0,0,0,0,0,0,1,0
8354,2013,1,1,0,0,0,0,0,0,1,0
8354,2016,3,3,1,0,0,0,0,0,0,0
8354,2018,1,1,0,0,0,0,0,0,1,0
8356,2021,2,2,0,0,0,0,0,0,0,0
8356,2022,1,1,0,0,0,0,0,0,1,0
8366,2019,1,1,0,0,0,0,0,0,1,0
8372,2013,3,3,1,0,0,0,0,0,1,0
8372,2017,6,6,3,1,0,2,0,0,1,0
8372,2018,3,3,1,0,0,0,0,0,1,0
8379,2024,1,1,0,0,0,0,0,0,1,0
8394,2015,1,1,0,0,0,0,0,0,0,0
8404,2016,1,1,1,0,0,0,0,0,0,0
8405,2021,2,2,0,0,0,0,0,0,1,0
8408,2015,8,5,1,1,0,0,3,0,1,0
8408,2016,1,0,0,0,0,0,1,0,0,0
8408,2017,4,4,1,0,0,0,0,0,1,0
8408,2018,5,4,0,0,0,0,1,0,2,0
8416,2025,1,1,0,0,0,0,0,0,0,0
8416,2026,1,1,0,0,0,0,0,0,0,0
8424,2013,1,0,0,0,0,0,1,0,0,0
8424,2022,2,1,0,0,0,0,1,0,1,0
8430,2016,3,3,0,0,0,0,0,0,2,0
8430,2022,3,3,1,0,0,0,0,0,0,0
8437,2012,1,0,0,0,0,0,1,0,0,0
8437,2016,1,1,0,0,0,0,0,0,0,0
8438,2016,1,1,0,0,0,0,0,0,1,0
8446,2017,2,2,1,0,0,0,0,0,0,0
8450,2025,1,1,0,0,0,0,0,0,0,0
8451,2012,1,1,1,0,0,0,0,0,0,0
8451,2016,1,1,0,0,0,0,0,0,0,0
8456,2023,3,2,0,0,0,0,0,1,2,0
8463,2016,2,1,0,0,0,0,1,0,0,0
8463,2017,1,1,0,0,0,0,0,0,1,0
8463,2023,1,1,0,0,0,0,0,0,0,0
8463,2024,1,1,0,0,0,0,0,0,0,0
8535,2025,2,2,1,0,0,0,0,0,0,0
8555,2022,1,0,0,0,0,0,1,0,0,0
8555,2023,4,3,2,0,0,0,1,0,0,0
8555,2024,4,4,3,1,0,0,0,0,0,0
8555,2025,5,4,2,1,0,0,1,0,2,0
8561,2025,2,2,1,0,0,0,0,0,0,0
8561,2026,1,1,0,0,0,0,0,0,0,0
8566,2016,1,1,0,0,0,0,0,0,0,0
8566,2018,1,1,0,0,0,0,0,0,0,0
8574,2015,3,2,0,0,0,0,1,0,1,0
8578,2019,1,1,0,0,0,0,0,0,0,0
8581,2013,4,3,0,0,0,0,1,0,3,0
8584,2012,2,2,1,0,0,0,0,0,1,0
8592,2012,4,3,1,0,0,1,1,0,2,0
8592,2013,6,5,1,0,0,0,1,0,1,0
8592,2014,4,4,2,0,0,1,0,0,2,0
8592,2016,1,1,0,0,0,0,0,0,0,0
8592,2017,5,3,1,0,0,1,2,0,1,0
8592,2018,7,5,1,0,0,0,2,0,4,0
8592,2022,1,1,0,0,0,0,0,0,1,0
8592,2023,2,2,0,0,0,0,0,0,1,0
8592,2024,2,2,0,0,0,0,0,0,1,0
8597,2012,3,2,2,2,0,0,1,0,0,0
8597,2013,2,1,0,0,0,0,1,0,0,0
8603,2022,3,3,2,0,0,0,0,0,0,0
8603,2023,8,5,0,0,0,0,3,0,1,0
8604,2021,2,1,0,0,0,0,1,0,1,0
8619,2012,1,1,0,0,0,0,0,0,0,0
8634,2019,5,5,0,0,0,0,0,0,2,0
8634,2021,2,2,1,0,0,0,0,0,0,0
8637,2022,1,1,0,0,0,0,0,0,1,0
8643,2018,1,1,0,0,0,0,0,0,0,0
8643,2021,1,0,0,0,0,0,1,0,0,0
8643,2024,2,2,1,0,0,0,0,0,0,0
8643,2025,1,1,0,0,0,0,0,0,0,0
8661,2023,1,0,0,0,0,0,1,0,0,0
8661,2025,1,1,0,0,0,0,0,0,0,0
8666,2026,1,1,1,0,0,0,0,0,0,0
8682,2012,1,1,1,0,0,0,0,0,0,0
8682,2014,3,3,0,0,0,0,0,0,2,0
8700,2013,2,2,2,0,0,1,0,0,0,0
8700,2014,1,1,1,0,0,0,0,0,0,0
8700,2018,1,1,1,0,0,1,0,0,0,0
8710,2012,3,2,0,0,0,0,1,0,2,0
8713,2024,3,3,2,0,0,1,0,0,0,0
8718,2011,1,1,0,0,0,0,0,0,1,0
8718,2012,2,1,0,0,0,0,1,0,0,0
8718,2015,2,2,0,0,0,0,0,0,0,0
8729,2012,1,1,1,1,0,0,0,0,0,0
8736,2019,2,2,1,0,0,0,0,0,1,0
8737,2013,1,1,1,0,0,1,0,0,0,0
8737,2014,1,1,0,0,0,0,0,0,0,0
8753,2026,1,1,1,0,0,0,0,0,0,0
8774,2014,1,1,1,0,0,1,0,0,0,0
8789,2023,3,3,2,0,0,0,0,0,1,0
8791,2022,2,2,0,0,0,0,0,0,0,0
8791,2023,4,4,0,0,0,0,0,0,2,0
8791,2024,3,3,0,0,0,0,0,0,0,0
8791,2025,2,2,1,0,0,0,0,0,0,0
8799,2014,3,2,1,0,0,1,1,0,0,0
8799,2017,3,3,2,1,0,0,0,0,1,0
8800,2021,4,4,0,0,0,0,0,0,1,0
8804,2024,1,1,0,0,0,0,0,0,0,0
8807,2013,3,2,1,0,0,1,1,0,0,0
8807,2015,5,5,1,0,0,0,0,0,1,0
8807,2016,9,7,3,1,0,0,1,1,1,0
8815,2023,1,0,0,0,0,0,1,0,0,0
8815,2024,1,1,1,0,0,0,0,0,0,0
8815,2025,1,1,0,0,0,0,0,0,0,0
8823,2011,2,2,0,0,0,0,0,0,2,0
8838,2018,5,4,1,0,0,0,1,0,3,0
8838,2019,2,2,1,0,0,0,0,0,0,0
8859,2012,1,0,0,0,0,0,1,0,0,0
8868,2025,8,8,2,1,0,0,0,0,4,0
8871,2019,4,3,3,0,0,2,1,0,0,0
8871,2020,2,2,1,0,0,0,0,0,0,0
8871,2021,10,9,2,2,0,0,1,0,3,0
8871,2022,2,2,1,1,0,0,0,0,0,0
8871,2023,9,8,1,1,0,0,1,0,1,0
8871,2024,9,9,1,1,0,0,0,0,5,0
8871,2025,2,2,0,0,0,0,0,0,1,0
8873,2015,2,2,1,0,0,1,0,0,1,0
8880,2013,3,3,2,0,0,0,0,0,0,0
8880,2014,6,6,3,0,0,1,0,0,1,0
8880,2017,1,0,0,0,0,0,1,0,0,0
8880,2019,1,1,0,0,0,0,0,0,1,0
8881,2023,1,0,0,0,0,0,1,0,0,0
8881,2024,1,1,0,0,0,0,0,0,0,0
8881,2026,1,1,1,0,0,0,0,0,0,0
8884,2021,1,0,0,0,0,0,1,0,0,0
8884,2023,1,1,0,0,0,0,0,0,0,0
8887,2016,11,11,5,1,0,2,0,0,0,0
8887,2017,11,9,3,0,0,1,1,1,2,0
8887,2018,2,1,0,0,0,0,1,0,0,0
8887,2019,1,1,0,0,0,0,0,0,0,0
8887,2022,3,3,0,0,0,0,0,0,2,0
8892,2014,3,2,0,0,0,0,1,0,0,0
8894,2021,1,1,0,0,0,0,0,0,1,0
8894,2024,1,0,0,0,0,0,1,0,0,0
8900,2025,2,1,0,0,0,0,1,0,0,0
8906,2012,1,1,0,0,0,0,0,0,1,0
8914,2013,3,3,1,0,0,0,0,0,0,0
8914,2018,3,2,0,0,0,0,1,0,0,0
8914,2023,3,3,0,0,0,0,0,0,1,0
8914,2024,6,6,2,1,0,0,0,0,2,0
8914,2025,3,3,0,0,0,0,0,0,1,0
8919,2012,2,2,0,0,0,0,0,0,2,0
8941,2025,1,1,0,0,0,0,0,0,0,0
8941,2026,2,2,0,0,0,0,0,0,1,0
8965,2017,2,1,1,0,0,1,1,0,0,0
8965,2021,6,6,4,2,1,0,0,0,0,0
8967,2025,3,2,0,0,0,0,1,0,0,0
8967,2026,5,5,2,0,0,0,0,0,1,0
8982,2013,6,6,0,0,0,0,0,0,3,0
8982,2014,2,2,1,0,0,0,0,0,1,0
8982,2015,2,2,1,0,0,0,0,0,1,0
8982,2016,1,1,1,0,0,0,0,0,0,0
8982,2019,1,1,0,0,0,0,0,0,0,0
8988,2014,1,0,0,0,0,0,1,0,0,0
8988,2019,2,2,1,1,0,0,0,0,0,0
8993,2026,1,1,0,0,0,0,0,0,0,0
8999,2024,5,4,0,0,0,0,1,0,2,0
9005,2013,1,0,0,0,0,0,0,0,0,0
9005,2015,6,3,2,0,0,0,3,0,0,0
9005,2016,1,1,0,0,0,0,0,0,0,0
9005,2017,1,1,1,0,0,0,0,0,0,0
9005,2019,2,1,0,0,0,0,1,0,1,0
9015,2023,1,0,0,0,0,0,1,0,0,0
9015,2025,1,1,0,0,0,0,0,0,0,0
9018,2022,1,1,0,0,0,0,0,0,1,0
9018,2024,1,1,0,0,0,0,0,0,0,0
9028,2025,1,1,0,0,0,0,0,0,0,0
9058,2025,1,1,0,0,0,0,0,0,0,0
9071,2016,3,2,2,0,0,0,1,0,0,0
9071,2021,2,2,1,0,0,0,0,0,0,0
9078,2024,1,1,0,0,0,0,0,0,1,0
9092,2018,3,3,1,0,0,0,0,0,0,0
9092,2019,3,3,2,0,0,1,0,0,0,0
9092,2022,3,3,1,1,0,0,0,0,0,0
9092,2024,2,2,0,0,0,0,0,0,1,0
9092,2025,3,3,1,0,0,0,0,0,1,0
9103,2021,3,3,1,0,0,0,0,0,0,0
9111,2022,1,1,0,0,0,0,0,0,0,0
9129,2012,7,6,2,2,0,0,1,0,3,0
9129,2013,3,2,1,0,0,1,1,0,0,0
9129,2015,1,1,1,0,0,0,0,0,0,0
9129,2016,3,3,2,1,0,0,0,0,1,0
9129,2019,4,3,1,0,0,1,1,0,1,0
9129,2026,1,1,0,0,0,0,0,0,0,0
9133,2020,3,3,1,1,0,0,0,0,0,0
9133,2021,1,0,0,0,0,0,1,0,0,0
9138,2022,1,1,1,0,0,0,0,0,0,0
9138,2023,1,0,0,0,0,0,1,0,0,0
9138,2025,1,1,0,0,0,0,0,0,0,0
9141,2021,1,1,1,1,0,0,0,0,0,0
9143,2014,3,3,0,0,0,0,0,0,1,0
9143,2016,3,3,0,0,0,0,0,0,0,0
9164,2026,1,1,0,0,0,0,0,0,1,0
9165,2018,2,1,1,0,0,1,0,1,0,0
9166,2025,6,6,2,0,0,1,0,0,0,0
9166,2026,3,2,0,0,0,0,1,0,0,0
9196,2019,1,1,1,0,0,1,0,0,0,0
9196,2023,1,1,0,0,0,0,0,0,0,0
9198,2016,4,4,1,0,0,0,0,0,1,0
9198,2021,1,1,1,1,0,0,0,0,0,0
9198,2022,1,1,0,0,0,0,0,0,0,0
9221,2023,1,1,1,0,0,0,0,0,0,0
9235,2023,3,2,1,0,0,0,1,0,0,0
9235,2024,1,1,1,0,0,0,0,0,0,0
9250,2013,1,1,1,0,0,0,0,0,0,0
9250,2014,1,0,0,0,0,0,1,0,0,0
9254,2014,2,1,0,0,0,0,1,0,1,0
9254,2015,2,1,0,0,0,0,1,0,1,0
9254,2016,4,3,0,0,0,0,1,0,1,0
9254,2017,2,2,2,1,0,0,0,0,0,0
9255,2012,1,1,0,0,0,0,0,0,1,0
9255,2013,1,1,1,0,0,1,0,0,0,0
9255,2014,1,1,0,0,0,0,0,0,0,0
9255,2015,2,2,2,0,0,1,0,0,0,0
9255,2016,1,1,0,0,0,0,0,0,0,0
9257,2019,2,2,0,0,0,0,0,0,0,0
9257,2021,4,3,1,0,0,0,0,1,1,0
9257,2024,3,3,0,0,0,0,0,0,0,0
9269,2014,3,2,0,0,0,0,1,0,1,0
9269,2017,6,6,4,1,0,2,0,0,1,0
9269,2019,7,6,4,0,0,1,0,0,0,1
9269,2022,3,3,3,2,0,0,0,0,0,0
9269,2023,3,3,1,0,0,0,0,0,0,0
9269,2024,3,2,0,0,0,0,1,0,0,0
9299,2023,4,4,2,0,0,0,0,0,0,0
9299,2026,3,2,0,0,0,0,1,0,1,0
9302,2025,1,1,0,0,0,0,0,0,1,0
9308,2018,1,1,1,0,0,0,0,0,0,0
9308,2019,1,0,0,0,0,0,1,0,0,0
9308,2024,1,1,0,0,0,0,0,0,0,0
9314,2026,1,0,0,0,0,0,0,1,0,0
9326,2012,2,2,1,0,0,0,0,0,0,0
9326,2016,1,1,1,0,0,0,0,0,0,0
9326,2018,3,3,0,0,0,0,0,0,1,0
9326,2021,1,1,0,0,0,0,0,0,0,0
9326,2022,1,1,0,0,0,0,0,0,0,0
9326,2025,1,1,0,0,0,0,0,0,0,0
9327,2012,1,1,1,0,0,0,0,0,0,0
9334,2013,1,1,0,0,0,0,0,0,1,0
9336,2016,2,2,0,0,0,0,0,0,1,0
9336,2017,1,1,1,0,0,0,0,0,0,0
9341,2014,2,1,0,0,0,0,1,0,0,0
9342,2018,1,1,0,0,0,0,0,0,1,0
9342,2019,1,1,1,0,0,0,0,0,0,0
9342,2022,1,1,0,0,0,0,0,0,1,0
9347,2011,1,1,0,0,0,0,0,0,1,0
9347,2012,2,2,0,0,0,0,0,0,0,0
9347,2013,1,1,0,0,0,0,0,0,0,0
9353,2023,1,0,0,0,0,0,0,1,0,0
9354,2015,3,3,0,0,0,0,0,0,1,0
9354,2016,1,1,0,0,0,0,0,0,1,0
9354,2017,1,1,0,0,0,0,0,0,1,0
9354,2018,1,1,0,0,0,0,0,0,1,0
9356,2013,2,1,1,0,0,1,1,0,0,0
9359,2016,2,2,1,1,0,0,0,0,1,0
9359,2017,2,2,1,0,0,0,0,0,0,0
9359,2018,1,1,1,1,0,0,0,0,0,0
9383,2025,1,1,0,0,0,0,0,0,1,0
9393,2020,1,1,0,0,0,0,0,0,1,0
9393,2021,2,1,0,0,0,0,1,0,0,0
9393,2025,5,5,2,0,0,0,0,0,2,0
9393,2026,3,2,0,0,0,0,1,0,1,0
9406,2012,2,2,2,2,0,0,0,0,0,0
9406,2013,1,1,1,0,0,0,0,0,0,0
9411,2016,2,2,0,0,0,0,0,0,2,0
9411,2017,2,2,0,0,0,0,0,0,1,0
9420,2019,3,3,0,0,0,0,0,0,2,0
9420,2025,2,2,0,0,0,0,0,0,1,0
9420,2026,5,4,1,1,0,0,1,0,0,0
9425,2016,3,3,1,1,0,0,0,0,0,0
9425,2020,2,1,1,0,0,0,1,0,0,0
9425,2023,2,2,0,0,0,0,0,0,0,0
9425,2024,5,4,1,0,0,0,1,0,2,0
9445,2013,2,2,0,0,0,0,0,0,0,0
9449,2016,1,0,0,0,0,0,0,0,0,1
9449,2017,1,1,0,0,0,0,0,0,1,0
9453,2020,1,1,0,0,0,0,0,0,1,0
9462,2022,1,1,0,0,0,0,0,0,1,0
9481,2022,1,1,0,0,0,0,0,0,1,0
9481,2024,1,1,0,0,0,0,0,0,1,0
9513,2012,2,1,0,0,0,0,0,0,0,1
9530,2022,1,1,0,0,0,0,0,0,0,0
9546,2011,1,1,0,0,0,0,0,0,0,0
9550,2012,1,1,0,0,0,0,0,0,0,0
9565,2025,1,1,0,0,0,0,0,0,0,0
9576,2012,13,10,5,2,0,0,2,0,2,1
9576,2013,6,4,0,0,0,0,1,0,0,1
9576,2016,6,2,0,0,0,0,4,0,1,0
9576,2017,13,11,5,1,0,1,2,0,3,0
9576,2018,9,8,5,2,0,0,1,0,3,0
9581,2012,3,2,0,0,0,0,0,1,0,0
9581,2015,3,2,0,0,0,0,1,0,0,0
9587,2025,1,1,0,0,0,0,0,0,0,0
9594,2018,2,2,2,0,0,0,0,0,0,0
9594,2022,1,1,0,0,0,0,0,0,0,0
9594,2023,1,1,0,0,0,0,0,0,0,0
9594,2024,1,1,0,0,0,0,0,0,1,0
9594,2026,3,3,2,0,0,0,0,0,0,0
9605,2014,3,3,0,0,0,0,0,0,0,0
9629,2018,1,1,1,0,0,0,0,0,0,0
9652,2017,2,2,1,0,0,1,0,0,0,0
9652,2018,2,1,0,0,0,0,1,0,0,0
9652,2019,3,3,0,0,0,0,0,0,1,0
9673,2014,3,3,0,0,0,0,0,0,2,0
9677,2013,3,2,0,0,0,0,0,0,1,1
9677,2015,2,1,0,0,0,0,1,0,0,0
9677,2016,5,5,2,0,0,0,0,0,1,0
9677,2017,3,3,1,0,0,0,0,0,1,0
9677,2018,3,3,0,0,0,0,0,0,1,0
9677,2019,9,8,2,0,0,0,1,0,5,0
9688,2013,1,1,1,0,0,0,0,0,0,0
9688,2022,4,4,0,0,0,0,0,0,1,0
9691,2025,1,0,0,0,0,0,1,0,0,0
9702,2015,1,1,0,0,0,0,0,0,1,0
9741,2015,2,1,0,0,0,0,1,0,0,0
9741,2016,3,3,3,2,0,0,0,0,0,0
9741,2017,3,2,1,1,0,0,1,0,0,0
9741,2018,1,1,0,0,0,0,0,0,1,0
9752,2025,1,1,0,0,0,0,0,0,1,0
9752,2026,2,2,1,0,0,0,0,0,1,0
9761,2013,1,1,0,0,0,0,0,0,0,0
9761,2016,1,0,0,0,0,0,1,0,0,0
9761,2019,1,1,0,0,0,0,0,0,1,0
9762,2021,3,2,0,0,0,0,0,1,1,0
9762,2022,3,3,3,2,0,1,0,0,0,0
9764,2011,1,1,0,0,0,0,0,0,1,0
9770,2018,6,5,0,0,0,0,1,0,1,0
9770,2019,3,2,0,0,0,0,1,0,0,0
9774,2026,3,2,0,0,0,0,1,0,0,0
9781,2014,1,1,0,0,0,0,0,0,1,0
9781,2015,1,0,0,0,0,0,1,0,0,0
9781,2017,1,1,0,0,0,0,0,0,1,0
9782,2011,1,1,0,0,0,0,0,0,1,0
9782,2012,2,2,1,1,0,0,0,0,0,0
9782,2015,2,1,0,0,0,0,1,0,1,0
9788,2011,1,1,1,0,0,0,0,0,0,0
9788,2012,1,1,0,0,0,0,0,0,0,0
9794,2022,1,1,0,0,0,0,0,0,0,0
9802,2022,1,1,0,0,0,0,0,0,0,0
9802,2024,1,1,0,0,0,0,0,0,0,0
9802,2025,3,3,0,0,0,0,0,0,1,0
9813,2018,1,1,1,0,0,1,0,0,0,0
9813,2019,3,3,1,0,0,0,0,0,1,0
9813,2020,2,2,2,0,0,0,0,0,0,0
9813,2021,1,1,0,0,0,0,0,0,0,0
9815,2024,2,2,1,0,0,0,0,0,1,0
9822,2011,3,2,0,0,0,0,1,0,1,0
9822,2012,3,3,0,0,0,0,0,0,0,0
9822,2013,1,1,1,1,0,0,0,0,0,0
9826,2025,2,2,0,0,0,0,0,0,1,0
9830,2011,2,2,1,1,0,0,0,0,0,0
9830,2012,7,7,1,0,0,0,0,0,0,0
9835,2011,6,5,0,0,0,0,1,0,1,0
9835,2012,2,2,1,0,0,0,0,0,1,0
9835,2013,2,2,0,0,0,0,0,0,0,0
9844,2017,1,1,0,0,0,0,0,0,0,0
9844,2020,1,1,0,0,0,0,0,0,1,0
9844,2022,2,0,0,0,0,0,2,0,0,0
9844,2023,1,1,0,0,0,0,0,0,1,0
9844,2026,1,1,0,0,0,0,0,0,0,0
9845,2019,2,1,1,1,0,0,1,0,0,0
9845,2021,1,1,1,0,0,0,0,0,0,0
9845,2022,2,1,1,1,0,0,1,0,0,0
9845,2023,3,3,1,0,0,0,0,0,0,0
9846,2021,5,4,1,0,0,0,1,0,1,0
9846,2024,3,2,0,0,0,0,1,0,0,0
9846,2025,5,4,0,0,0,0,0,1,0,0
9846,2026,5,5,2,0,0,1,0,0,0,0
9865,2025,1,1,0,0,0,0,0,0,0,0
9865,2026,1,1,0,0,0,0,0,0,0,0
9868,2015,1,1,0,0,0,0,0,0,0,0
9880,2017,3,1,1,1,0,0,2,0,0,0
9880,2018,3,3,1,0,0,1,0,0,1,0
9880,2021,3,3,2,0,0,0,0,0,0,0
9885,2017,2,0,0,0,0,0,2,0,0,0
9888,2021,1,1,1,0,0,0,0,0,0,0
9902,2011,1,1,1,0,1,0,0,0,0,0
9902,2012,3,3,1,0,0,0,0,0,1,0
9902,2013,4,4,2,0,0,0,0,0,1,0
9902,2014,5,5,0,0,0,0,0,0,1,0
9902,2015,3,2,0,0,0,0,1,0,1,0
9902,2016,4,3,2,0,0,0,1,0,1,0
9902,2017,3,3,3,0,0,0,0,0,0,0
9902,2019,2,2,1,0,0,0,0,0,0,0
9908,2013,2,1,0,0,0,0,1,0,0,0
9908,2014,1,1,1,0,0,0,0,0,0,0
9908,2015,2,2,2,0,0,1,0,0,0,0
9908,2016,1,1,0,0,0,0,0,0,1,0
9908,2017,2,2,1,0,0,0,0,0,0,0
9908,2019,1,1,0,0,0,0,0,0,0,0
9909,2015,1,1,1,1,0,0,0,0,0,0
9937,2018,1,1,0,0,0,0,0,0,0,0
9937,2020,1,1,0,0,0,0,0,0,0,0
9938,2013,3,1,0,0,0,0,2,0,0,0
9944,2012,1,1,0,0,0,0,0,0,0,0
9944,2013,2,2,0,0,0,0,0,0,0,0
9954,2013,4,4,0,0,0,0,0,0,2,0
9954,2015,3,3,1,0,0,0,0,0,1,0
9954,2016,1,1,0,0,0,0,0,0,1,0
9954,2017,1,1,0,0,0,0,0,0,1,0
9954,2020,2,1,0,0,0,0,1,0,0,0
9963,2016,2,2,0,0,0,0,0,0,1,0
9963,2019,1,1,0,0,0,0,0,0,0,0
9963,2021,6,6,2,0,0,1,0,0,2,0
9963,2024,2,2,1,0,0,0,0,0,1,0
9966,2013,1,1,1,0,0,0,0,0,0,0
9966,2016,1,1,0,0,0,0,0,0,0,0
9968,2013,9,9,2,0,1,1,0,0,3,0
9968,2014,9,7,3,0,0,1,2,0,1,0
9968,2015,13,8,3,0,0,0,5,0,1,0
9968,2018,8,6,2,0,0,0,2,0,4,0
9969,2014,1,1,1,0,0,1,0,0,0,0
9969,2017,1,0,0,0,0,0,0,0,0,0
9985,2026,1,1,0,0,0,0,0,0,1,0
9995,2018,1,1,0,0,0,0,0,0,0,0
9997,2021,1,1,0,0,0,0,0,0,1,0
9997,2022,1,1,0,0,0,0,0,0,1,0
9997,2023,2,2,0,0,0,0,0,0,1,0
10014,2020,1,1,1,0,0,0,0,0,0,0
10014,2021,1,1,1,0,0,0,0,0,0,0
10025,2012,2,1,1,0,0,0,0,0,0,1
10033,2013,2,2,0,0,0,0,0,0,1,0
10033,2015,3,3,2,0,0,0,0,0,0,0
10033,2016,5,5,1,0,0,0,0,0,3,0
10033,2017,4,4,0,0,0,0,0,0,3,0
10033,2018,3,3,0,0,0,0,0,0,1,0
10046,2025,1,1,0,0,0,0,0,0,1,0
10054,2023,3,3,0,0,0,0,0,0,1,0
10056,2019,2,1,0,0,0,0,1,0,0,0
10056,2021,1,1,1,0,0,0,0,0,0,0
10064,2013,15,14,7,2,0,1,1,0,1,0
10064,2014,5,5,1,0,0,0,0,0,2,0
10064,2017,3,2,1,0,0,1,1,0,1,0
10064,2018,6,5,2,1,0,1,1,0,1,0
10064,2019,1,0,0,0,0,0,1,0,0,0
10066,2013,2,1,0,0,0,0,1,0,1,0
10066,2014,2,0,0,0,0,0,2,0,0,0
10069,2013,4,4,1,0,0,1,0,0,0,0
10074,2024,1,0,0,0,0,0,1,0,0,0
10081,2020,1,0,0,0,0,0,1,0,0,0
10103,2012,1,1,0,0,0,0,0,0,1,0
10103,2013,1,1,0,0,0,0,0,0,0,0
10103,2015,1,0,0,0,0,0,1,0,0,0
10103,2017,1,1,0,0,0,0,0,0,0,0
10111,2023,3,3,0,0,0,0,0,0,0,0
10111,2026,3,2,1,0,0,0,1,0,0,0
10118,2012,3,2,0,0,0,0,1,0,2,0
10118,2013,7,4,0,0,0,0,3,0,4,0
10118,2014,4,4,2,1,0,0,0,0,0,0
10118,2016,11,11,1,0,0,0,0,0,3,0
10118,2017,16,14,5,1,0,1,1,1,6,0
10118,2019,3,3,0,0,0,0,0,0,0,0
10122,2019,2,2,0,0,0,0,0,0,1,0
10122,2021,5,5,0,0,0,0,0,0,1,0
10122,2022,7,6,2,0,0,0,1,0,1,0
10127,2015,3,3,0,0,0,0,0,0,1,0
10127,2016,2,1,0,0,0,0,1,0,0,0
10136,2012,3,2,0,0,0,0,1,0,0,0
10136,2014,3,3,2,0,0,0,0,0,0,0
10136,2017,1,0,0,0,0,0,1,0,0,0
10136,2018,5,5,2,0,0,0,0,0,1,0
10136,2019,3,3,0,0,0,0,0,0,1,0
10136,2022,5,4,1,0,0,0,1,0,0,0
10138,2016,3,3,0,0,0,0,0,0,0,0
10144,2023,3,3,1,0,0,1,0,0,1,0
10144,2026,4,3,1,0,0,0,1,0,1,0
10156,2012,2,1,1,0,0,1,1,0,0,0
10156,2013,3,2,1,0,0,0,1,0,0,0
10159,2021,2,2,0,0,0,0,0,0,0,0
10165,2024,1,1,0,0,0,0,0,0,0,0
10168,2025,1,1,0,0,0,0,0,0,0,0
10180,2021,2,2,0,0,0,0,0,0,1,0
10180,2024,1,1,0,0,0,0,0,0,0,0
10180,2025,1,1,0,0,0,0,0,0,0,0
10182,2023,3,3,1,1,0,0,0,0,0,0
10182,2026,3,3,1,0,0,1,0,0,1,0
10195,2022,1,0,0,0,0,0,1,0,0,0
10208,2019,1,1,0,0,0,0,0,0,0,0
10208,2023,2,2,0,0,0,0,0,0,1,0
10208,2024,3,3,0,0,0,0,0,0,1,0
10208,2025,1,1,0,0,0,0,0,0,0,0
10209,2012,3,3,0,0,0,0,0,0,1,0
10209,2014,6,5,0,0,0,0,1,0,2,0
10209,2017,3,3,2,0,0,0,0,0,1,0
10209,2021,2,2,1,0,0,0,0,0,0,0
10210,2018,3,3,0,0,0,0,0,0,1,0
10210,2021,1,1,1,0,0,0,0,0,0,0
10213,2022,1,1,0,0,0,0,0,0,0,0
10213,2023,1,1,1,0,0,0,0,0,0,0
10214,2015,3,3,1,0,0,1,0,0,1,0
10214,2019,1,1,0,0,0,0,0,0,0,0
10217,2012,3,3,1,1,0,0,0,0,2,0
10227,2013,1,0,0,0,0,0,1,0,0,0
10227,2015,1,1,1,1,0,0,0,0,0,0
10228,2021,2,1,0,0,0,0,1,0,0,0
10237,2026,3,3,0,0,0,0,0,0,2,0
10259,2022,1,1,1,0,0,0,0,0,0,0
10265,2012,1,1,0,0,0,0,0,0,0,0
10265,2013,1,1,1,0,0,0,0,0,0,0
10265,2017,1,1,1,0,0,1,0,0,0,0
10288,2015,4,4,0,0,0,0,0,0,3,0
10288,2016,6,5,0,0,0,0,1,0,3,0
10288,2017,6,6,1,0,0,0,0,0,2,0
10288,2018,3,3,0,0,0,0,0,0,2,0
10288,2019,7,7,1,0,0,0,0,0,4,0
10288,2021,7,7,3,0,0,0,0,0,2,0
10288,2022,6,6,2,0,0,0,0,0,1,0
10288,2024,2,2,0,0,0,0,0,0,1,0
10292,2015,2,2,1,0,0,0,0,0,1,0
10337,2022,1,1,0,0,0,0,0,0,1,0
10337,2024,1,1,0,0,0,0,0,0,1,0
10337,2025,1,1,0,0,0,0,0,0,0,0
10337,2026,1,1,0,0,0,0,0,0,0,0
10342,2016,3,3,2,0,0,0,0,0,0,0
10353,2019,1,1,0,0,0,0,0,0,0,0
10357,2025,1,1,0,0,0,0,0,0,1,0
10370,2024,3,3,1,0,0,1,0,0,2,0
10389,2022,1,1,0,0,0,0,0,0,0,0
10389,2023,2,2,0,0,0,0,0,0,2,0
10389,2024,1,1,0,0,0,0,0,0,0,0
10390,2023,1,1,0,0,0,0,0,0,1,0
10390,2024,1,1,1,0,0,0,0,0,0,0
10402,2023,2,2,1,1,0,0,0,0,0,0
10410,2023,3,2,2,0,0,1,1,0,0,0
10410,2024,3,2,1,0,0,0,0,0,0,0
10410,2025,6,6,2,0,0,0,0,0,0,0
10439,2023,1,1,0,0,0,0,0,0,0,0
10439,2025,1,1,0,0,0,0,0,0,0,0
10454,2023,6,6,2,0,0,1,0,0,3,0
10456,2017,5,5,2,0,0,1,0,0,2,0
10456,2018,10,8,1,1,0,0,1,1,3,0
10456,2019,5,4,2,1,0,0,1,0,0,0
10456,2021,3,3,2,0,0,1,0,0,0,0
10456,2022,1,1,1,0,0,0,0,0,0,0
10456,2025,3,3,2,0,0,0,0,0,0,0
10474,2023,3,2,1,0,0,1,1,0,1,0
10474,2025,5,3,1,1,0,0,2,0,0,0
10474,2026,1,1,1,0,0,1,0,0,0,0
10477,2017,2,2,0,0,0,0,0,0,1,0
10477,2018,1,1,0,0,0,0,0,0,1,0
10477,2019,1,1,1,0,0,1,0,0,0,0
10477,2023,1,1,0,0,0,0,0,0,0,0
10477,2025,1,1,1,0,0,0,0,0,0,0
10477,2026,1,1,0,0,0,0,0,0,1,0
10484,2025,2,2,1,0,0,0,0,0,0,0
10484,2026,6,6,0,0,0,0,0,0,5,0
10503,2014,1,1,0,0,0,0,0,0,1,0
10503,2017,1,1,0,0,0,0,0,0,0,0
10503,2018,1,0,0,0,0,0,1,0,0,0
10522,2021,1,1,0,0,0,0,0,0,0,0
10538,2021,1,1,0,0,0,0,0,0,0,0
10547,2015,9,8,4,1,0,1,1,0,2,0
10547,2016,3,2,0,0,0,0,1,0,1,0
10574,2016,1,1,0,0,0,0,0,0,1,0
10577,2025,1,1,0,0,0,0,0,0,0,0
10577,2026,1,1,0,0,0,0,0,0,1,0
10580,2024,1,1,0,0,0,0,0,0,1,0
10587,2015,1,0,0,0,0,0,1,0,0,0
10587,2016,2,1,0,0,0,0,1,0,0,0
10587,2017,1,1,1,0,0,0,0,0,0,0
10607,2014,2,2,1,0,0,0,0,0,0,0
10609,2012,1,1,1,0,0,0,0,0,0,0
10609,2013,2,2,0,0,0,0,0,0,0,0
10609,2014,6,5,1,0,0,1,1,0,1,0
10623,2019,2,2,0,0,0,0,0,0,1,0
10623,2020,3,3,1,1,0,0,0,0,0,0
10623,2021,3,2,2,1,0,0,1,0,0,0
10623,2022,1,1,1,1,0,0,0,0,0,0
10623,2023,1,0,0,0,0,0,1,0,0,0
10623,2024,3,3,0,0,0,0,0,0,1,0
10626,2020,2,1,0,0,0,0,1,0,1,0
10634,2014,1,0,0,0,0,0,0,0,0,0
10650,2019,2,2,0,0,0,0,0,0,0,0
10652,2024,9,9,0,0,0,0,0,0,6,0
10663,2020,2,1,0,0,0,0,1,0,1,0
10663,2021,6,6,3,0,0,2,0,0,0,0
10663,2025,3,3,2,0,0,0,0,0,0,0
10663,2026,6,6,2,0,0,2,0,0,2,0
10670,2024,1,1,0,0,0,0,0,0,0,0
10670,2026,2,2,0,0,0,0,0,0,1,0
10679,2013,2,2,2,0,0,2,0,0,0,0
10696,2019,1,1,0,0,0,0,0,0,0,0
10706,2015,1,0,0,0,0,0,1,0,0,0
10708,2018,2,1,1,0,0,1,0,1,0,0
10708,2021,4,3,0,0,0,0,1,0,3,0
10711,2026,1,1,1,1,0,0,0,0,0,0
10723,2022,2,1,1,0,0,1,0,0,0,1
10723,2023,1,1,0,0,0,0,0,0,0,0
10733,2015,1,1,0,0,0,0,0,0,0,0
10733,2018,3,3,1,1,0,0,0,0,0,0
10733,2019,1,1,0,0,0,0,0,0,0,0
10735,2016,1,1,0,0,0,0,0,0,0,0
10766,2021,3,3,2,2,0,0,0,0,1,0
10776,2014,4,4,1,0,0,0,0,0,1,0
10776,2015,1,1,0,0,0,0,0,0,1,0
10776,2019,2,2,1,0,0,0,0,0,1,0
10776,2021,1,1,0,0,0,0,0,0,0,0
10776,2022,1,0,0,0,0,0,1,0,0,0
10776,2023,1,1,0,0,0,0,0,0,0,0
10776,2024,1,1,0,0,0,0,0,0,0,0
10784,2019,2,1,0,0,0,0,1,0,1,0
10784,2021,5,4,2,0,0,0,1,0,0,0
10784,2022,5,5,2,0,0,1,0,0,1,0
10784,2023,4,4,1,0,0,0,0,0,2,0
10784,2024,2,2,0,0,0,0,0,0,0,0
10790,2022,6,4,1,1,0,0,2,0,1,0
10790,2023,3,2,1,0,0,0,1,0,1,0
10795,2024,1,1,0,0,0,0,0,0,0,0
10795,2025,1,1,0,0,0,0,0,0,0,0
10815,2018,2,0,0,0,0,0,2,0,0,0
10835,2015,2,1,0,0,0,0,1,0,0,0
10838,2023,2,2,0,0,0,0,0,0,0,0
10845,2023,1,1,0,0,0,0,0,0,0,0
10845,2024,1,1,0,0,0,0,0,0,0,0
10846,2017,1,1,0,0,0,0,0,0,0,0
10846,2019,3,3,0,0,0,0,0,0,2,0
10846,2021,2,2,0,0,0,0,0,0,0,0
10847,2024,2,2,1,0,0,0,0,0,1,0
10848,2013,4,4,1,0,0,0,0,0,0,0
10848,2014,1,1,0,0,0,0,0,0,0,0
10849,2019,6,4,2,0,0,0,1,0,1,0
10849,2023,2,1,0,0,0,0,1,0,1,0
10854,2011,3,3,1,0,0,0,0,0,2,0
10863,2024,3,3,2,1,0,0,0,0,0,0
10863,2025,1,1,1,0,0,0,0,0,0,0
10878,2019,3,2,0,0,0,0,0,0,0,1
10889,2023,1,1,0,0,0,0,0,0,0,0
10889,2025,2,1,1,0,0,1,1,0,0,0
10898,2024,1,1,0,0,0,0,0,0,1,0
10898,2025,3,2,1,1,0,0,0,0,0,0
10905,2023,2,2,0,0,0,0,0,0,1,0
10905,2024,7,7,1,0,0,1,0,0,3,0
10924,2018,3,2,0,0,0,0,1,0,0,0
10924,2019,1,1,0,0,0,0,0,0,0,0
10924,2022,3,2,1,1,0,0,1,0,0,0
10924,2024,3,2,0,0,0,0,1,0,0,0
10946,2012,4,4,1,0,0,0,0,0,1,0
10946,2017,6,4,1,1,0,0,2,0,2,0
10946,2018,6,6,2,1,0,0,0,0,0,0
10946,2019,2,2,1,0,0,0,0,0,0,0
10946,2021,1,1,0,0,0,0,0,0,1,0
10968,2023,1,1,0,0,0,0,0,0,1,0
10968,2024,1,1,0,0,0,0,0,0,0,0
10968,2025,1,1,1,0,0,0,0,0,0,0
10982,2020,1,1,0,0,0,0,0,0,0,0
10982,2021,2,2,1,0,0,0,0,0,0,0
10982,2023,1,1,0,0,0,0,0,0,1,0
10984,2013,3,2,0,0,0,0,1,0,2,0
10984,2014,2,2,1,1,0,0,0,0,0,0
10988,2017,2,2,0,0,0,0,0,0,1,0
10988,2018,3,3,0,0,0,0,0,0,0,0
10991,2021,3,3,1,0,0,1,0,0,1,0
10991,2022,4,4,2,0,0,0,0,0,0,0
10991,2023,12,11,2,0,0,0,1,0,5,0
10991,2024,3,3,0,0,0,0,0,0,2,0
11020,2019,2,2,0,0,0,0,0,0,2,0
11020,2020,1,1,0,0,0,0,0,0,0,0
11020,2021,1,1,1,0,0,0,0,0,0,0
11020,2022,1,1,1,1,0,0,0,0,0,0
11020,2023,2,1,0,0,0,0,1,0,0,0
11022,2021,1,1,1,0,0,1,0,0,0,0
11022,2023,1,0,0,0,0,0,1,0,0,0
11036,2016,6,6,2,1,0,0,0,0,3,0
11036,2018,1,1,0,0,0,0,0,0,1,0
11044,2021,2,2,1,0,0,0,0,0,0,0
11067,2018,6,5,0,0,0,0,1,0,3,0
11067,2019,3,3,0,0,0,0,0,0,1,0
11067,2025,1,1,0,0,0,0,0,0,1,0
11075,2024,3,3,1,0,0,0,0,0,1,0
11084,2013,2,2,1,0,0,0,0,0,1,0
11084,2014,1,1,0,0,0,0,0,0,0,0
11084,2015,2,2,0,0,0,0,0,0,1,0
11084,2016,1,1,1,1,0,0,0,0,0,0
11084,2017,1,1,0,0,0,0,0,0,1,0
11085,2012,1,0,0,0,0,0,1,0,0,0
11099,2017,9,6,2,0,0,0,2,0,1,1
11099,2018,12,11,5,3,0,1,1,0,3,0
11099,2019,2,2,0,0,0,0,0,0,0,0
11099,2020,2,1,0,0,0,0,1,0,0,0
11099,2021,3,2,1,0,0,0,1,0,0,0
11099,2022,2,2,1,0,0,1,0,0,0,0
11099,2025,1,1,0,0,0,0,0,0,0,0
11102,2016,3,3,0,0,0,0,0,0,0,0
11102,2017,3,3,0,0,0,0,0,0,2,0
11102,2018,6,5,1,0,0,0,1,0,1,0
11106,2018,2,2,1,1,0,0,0,0,1,0
11106,2019,3,3,0,0,0,0,0,0,0,0
11106,2022,1,1,0,0,0,0,0,0,0,0
11111,2012,3,3,0,0,0,0,0,0,0,0
11111,2013,6,6,3,0,0,0,0,0,0,0
11111,2014,3,3,2,2,0,0,0,0,0,0
11111,2015,2,1,0,0,0,0,1,0,1,0
11111,2016,3,3,0,0,0,0,0,0,0,0
11111,2017,1,0,0,0,0,0,1,0,0,0
11111,2018,6,5,1,0,0,0,1,0,3,0
11111,2019,3,2,0,0,0,0,1,0,1,0
11111,2021,3,3,1,0,0,1,0,0,0,0
11112,2011,1,1,1,0,0,0,0,0,0,0
11112,2012,1,1,0,0,0,0,0,0,1,0
11112,2013,4,4,0,0,0,0,0,0,2,0
11114,2015,3,3,0,0,0,0,0,0,1,0
11114,2016,5,4,2,0,0,0,1,0,0,0
11114,2017,5,5,0,0,0,0,0,0,1,0
11114,2018,2,2,2,1,0,1,0,0,0,0
11114,2019,1,0,0,0,0,0,1,0,0,0
11114,2021,4,3,1,0,0,1,0,0,0,1
11114,2022,4,4,0,0,0,0,0,0,0,0
11114,2024,1,1,0,0,0,0,0,0,1,0
11114,2025,1,1,0,0,0,0,0,0,1,0
11118,2016,9,8,2,1,0,0,1,0,1,0
11118,2017,4,4,3,1,0,1,0,0,1,0
11118,2018,4,3,1,0,0,0,1,0,1,0
11118,2019,3,3,1,0,0,1,0,0,1,0
11118,2022,1,1,0,0,0,0,0,0,1,0
11118,2024,3,2,0,0,0,0,1,0,1,0
11120,2022,6,6,2,1,0,0,0,0,3,0
11120,2023,2,2,1,0,0,1,0,0,1,0
11126,2025,1,1,0,0,0,0,0,0,1,0
11127,2016,3,3,1,0,0,0,0,0,0,0
11127,2021,6,5,3,1,0,1,1,0,1,0
11127,2022,12,10,4,1,0,2,2,0,2,0
11127,2023,9,9,3,0,0,0,0,0,3,0
11127,2024,3,3,3,1,0,0,0,0,0,0
11128,2013,1,1,1,0,0,0,0,0,0,0
11128,2014,1,1,0,0,0,0,0,0,1,0
11128,2015,1,1,0,0,0,0,0,0,1,0
11128,2016,2,2,1,0,0,0,0,0,1,0
11128,2017,1,1,0,0,0,0,0,0,0,0
11128,2018,1,1,1,1,0,0,0,0,0,0
11128,2019,2,1,0,0,0,0,1,0,1,0
11130,2022,1,1,0,0,0,0,0,0,1,0
11130,2023,2,2,1,0,0,0,0,0,0,0
11138,2012,9,6,2,0,0,1,3,0,0,0
11138,2013,13,12,2,1,0,0,1,0,3,0
11138,2014,6,1,0,0,0,0,5,0,1,0
11142,2016,1,0,0,0,0,0,0,1,0,0
11144,2011,1,1,1,0,0,1,0,0,0,0
11146,2016,4,4,1,0,0,1,0,0,1,0
11146,2017,1,1,0,0,0,0,0,0,0,0
11146,2024,1,1,0,0,0,0,0,0,0,0
11146,2026,3,3,0,0,0,0,0,0,0,0
11147,2018,8,6,3,0,0,1,2,0,1,0
11149,2024,1,1,0,0,0,0,0,0,0,0
11151,2023,3,3,1,1,0,0,0,0,1,0
11151,2024,1,1,0,0,0,0,0,0,1,0
11151,2025,3,3,0,0,0,0,0,0,0,0
11151,2026,9,9,3,0,0,0,0,0,1,0
11152,2023,4,4,2,0,0,1,0,0,0,0
11152,2025,1,1,0,0,0,0,0,0,0,0
11157,2021,1,1,0,0,0,0,0,0,1,0
11157,2023,1,1,0,0,0,0,0,0,0,0
11157,2025,1,1,0,0,0,0,0,0,0,0
11158,2025,10,8,0,0,0,0,1,1,3,0
11169,2024,1,1,0,0,0,0,0,0,1,0
11169,2026,2,2,0,0,0,0,0,0,2,0
11175,2011,1,0,0,0,0,0,1,0,0,0
11179,2018,3,2,1,0,0,1,1,0,0,0
11179,2019,1,1,0,0,0,0,0,0,0,0
11179,2020,4,3,0,0,0,0,1,0,1,0
11179,2021,3,3,0,0,0,0,0,0,1,0
11179,2022,2,2,1,0,0,0,0,0,1,0
11179,2023,1,1,1,0,0,0,0,0,0,0
11179,2024,1,1,1,1,0,0,0,0,0,0
11204,2018,1,1,1,0,0,0,0,0,0,0
11204,2019,1,1,1,0,0,0,0,0,0,0
11206,2022,4,2,0,0,0,0,2,0,1,0
11225,2015,4,3,0,0,0,0,0,0,2,1
11225,2016,6,5,2,1,0,0,1,0,2,0
11225,2018,3,3,1,0,0,0,0,0,0,0
11225,2019,3,3,2,0,0,0,0,0,1,0
11225,2023,6,6,2,0,0,0,0,0,1,0
11239,2018,3,3,1,0,0,0,0,0,1,0
11239,2019,3,3,0,0,0,0,0,0,1,0
11239,2023,5,4,2,0,0,0,1,0,1,0
11239,2024,12,12,3,0,0,0,0,0,3,0
11257,2021,1,1,0,0,0,0,0,0,0,0
11270,2022,2,2,0,0,0,0,0,0,1,0
11270,2025,1,1,1,0,0,0,0,0,0,0
11307,2026,1,1,0,0,0,0,0,0,0,0
11325,2013,2,2,0,0,0,0,0,0,2,0
11325,2017,1,0,0,0,0,0,1,0,0,0
11330,2013,6,6,0,0,0,0,0,0,3,0
11330,2014,3,3,0,0,0,0,0,0,1,0
11330,2015,3,3,1,1,0,0,0,0,1,0
11330,2016,6,5,2,0,0,0,1,0,3,0
11330,2018,6,6,1,0,0,0,0,0,3,0
11330,2019,6,4,1,0,0,0,2,0,1,0
11354,2020,2,1,0,0,0,0,1,0,1,0
11354,2021,3,3,1,0,0,0,0,0,0,0
11354,2023,1,1,0,0,0,0,0,0,1,0
11377,2012,1,1,0,0,0,0,0,0,0,0
11377,2013,1,1,0,0,0,0,0,0,1,0
11378,2012,3,3,0,0,0,0,0,0,1,0
11378,2013,4,4,1,0,0,0,0,0,1,0
11378,2015,1,1,1,0,0,0,0,0,0,0
11406,2025,2,1,1,1,0,0,0,1,0,0
11421,2015,1,1,0,0,0,0,0,0,1,0
11430,2021,6,5,2,0,0,2,1,0,2,0
11430,2022,6,5,3,1,0,1,1,0,0,0
11438,2022,2,2,0,0,0,0,0,0,0,0
11438,2023,1,1,0,0,0,0,0,0,0,0
11446,2024,1,1,1,0,0,0,0,0,0,0
11446,2025,1,1,0,0,0,0,0,0,1,0
11453,2022,4,3,1,0,0,0,1,0,0,0
11460,2013,1,1,1,0,0,0,0,0,0,0
11460,2015,1,0,0,0,0,0,1,0,0,0
11460,2016,1,1,1,1,0,0,0,0,0,0
11464,2014,1,1,0,0,0,0,0,0,1,0
11464,2016,2,2,1,0,0,0,0,0,0,0
11464,2020,3,2,0,0,0,0,1,0,0,0
11465,2024,1,1,0,0,0,0,0,0,0,0
11465,2025,1,1,0,0,0,0,0,0,0,0
11465,2026,1,1,0,0,0,0,0,0,0,0
11484,2013,3,2,0,0,0,0,1,0,0,0
11494,2019,1,1,0,0,0,0,0,0,0,0
11508,2026,1,1,0,0,0,0,0,0,0,0
11514,2026,3,3,0,0,0,0,0,0,1,0
11516,2012,5,5,1,0,0,0,0,0,2,0
11516,2013,1,0,0,0,0,0,1,0,0,0
11516,2015,1,1,0,0,0,0,0,0,1,0
11524,2017,3,2,1,1,0,0,1,0,0,0
11524,2021,2,2,1,0,0,1,0,0,0,0
11531,2023,1,1,0,0,0,0,0,0,1,0
11532,2020,3,3,0,0,0,0,0,0,2,0
11532,2022,1,1,0,0,0,0,0,0,0,0
11541,2013,1,1,0,0,0,0,0,0,1,0
11541,2014,3,2,2,0,0,0,0,0,0,0
11543,2012,2,2,1,0,0,0,0,0,0,0
11543,2013,3,3,0,0,0,0,0,0,1,0
11543,2014,1,1,1,0,0,0,0,0,0,0
11543,2015,1,0,0,0,0,0,1,0,0,0
11543,2016,2,1,1,0,0,0,1,0,0,0
11550,2017,2,1,0,0,0,0,0,1,0,0
11564,2018,3,2,0,0,0,0,1,0,1,0
11564,2019,1,1,0,0,0,0,0,0,1,0
11564,2021,3,3,1,0,0,0,0,0,0,0
11564,2023,3,3,0,0,0,0,0,0,1,0
11590,2017,1,1,0,0,0,0,0,0,0,0
11590,2019,1,1,0,0,0,0,0,0,0,0
11590,2021,1,1,0,0,0,0,0,0,0,0
11602,2018,1,1,0,0,0,0,0,0,1,0
11602,2022,1,0,0,0,0,0,1,0,0,0
11602,2025,2,2,0,0,0,0,0,0,1,0
11602,2026,1,1,0,0,0,0,0,0,0,0
11607,2011,1,1,1,0,0,0,0,0,0,0
11632,2018,1,1,1,0,0,0,0,0,0,0
11640,2020,1,1,0,0,0,0,0,0,1,0
11644,2012,2,2,0,0,0,0,0,0,0,0
11644,2013,3,2,2,0,0,1,1,0,0,0
11644,2014,1,1,1,1,0,0,0,0,0,0
11644,2017,1,1,0,0,0,0,0,0,0,0
11650,2023,3,3,0,0,0,0,0,0,3,0
11650,2024,5,5,0,0,0,0,0,0,3,0
11661,2022,1,1,1,0,0,1,0,0,0,0
11661,2025,2,2,0,0,0,0,0,0,1,0
11664,2022,3,2,1,0,0,0,1,0,0,0
11673,2019,2,2,1,0,0,1,0,0,0,0
11673,2020,3,3,1,0,0,0,0,0,1,0
11673,2021,7,6,3,0,0,0,1,0,1,0
11673,2022,2,2,0,0,0,0,0,0,1,0
11673,2023,1,1,0,0,0,0,0,0,1,0
11686,2017,3,3,2,0,0,1,0,0,0,0
11686,2022,2,2,0,0,0,0,0,0,0,0
11686,2023,3,2,1,1,0,0,1,0,1,0
11688,2023,2,1,0,0,0,0,1,0,0,0
11691,2023,1,0,0,0,0,0,1,0,0,0
11691,2024,1,1,0,0,0,0,0,0,1,0
11694,2019,3,3,1,0,0,0,0,0,1,0
11709,2023,3,2,0,0,0,0,1,0,2,0
11709,2025,6,5,1,0,0,0,1,0,1,0
11709,2026,3,3,2,0,0,0,0,0,1,0
11713,2017,1,1,0,0,0,0,0,0,0,0
11746,2014,2,2,2,1,0,1,0,0,0,0
11769,2016,2,2,2,1,0,1,0,0,0,0
11773,2012,3,3,1,0,0,0,0,0,0,0
11773,2017,2,2,0,0,0,0,0,0,1,0
11773,2018,2,2,1,0,0,1,0,0,1,0
11773,2019,4,3,1,0,0,1,1,0,1,0
11777,2023,2,1,0,0,0,0,1,0,0,0
11778,2026,4,4,1,0,0,1,0,0,2,0
11782,2012,1,1,1,0,0,0,0,0,0,0
11782,2013,2,1,1,0,0,0,1,0,0,0
11782,2014,2,2,0,0,0,0,0,0,2,0
11783,2025,1,1,0,0,0,0,0,0,0,0
11788,2024,3,3,1,0,0,0,0,0,1,0
11791,2018,1,1,1,0,1,0,0,0,0,0
11818,2016,2,2,2,0,0,0,0,0,0,0
11818,2018,5,4,0,0,0,0,0,1,1,0
11818,2019,3,3,1,0,0,0,0,0,0,0
11818,2021,5,5,2,0,0,1,0,0,0,0
11818,2023,3,3,0,0,0,0,0,0,1,0
11824,2015,2,2,1,0,0,1,0,0,0,0
11826,2012,1,1,0,0,0,0,0,0,0,0
11831,2011,1,1,0,0,0,0,0,0,0,0
11831,2012,2,1,0,0,0,0,1,0,0,0
11831,2014,1,1,1,1,0,0,0,0,0,0
11841,2014,3,3,1,1,0,0,0,0,2,0
11841,2017,3,2,1,0,0,0,1,0,0,0
11841,2018,6,6,0,0,0,0,0,0,2,0
11841,2024,3,3,1,1,0,0,0,0,1,0
11844,2015,1,1,0,0,0,0,0,0,1,0
11848,2023,1,1,0,0,0,0,0,0,0,0
11848,2024,2,0,0,0,0,0,1,0,0,0
11848,2025,1,1,0,0,0,0,0,0,0,0
11848,2026,2,1,0,0,0,0,1,0,1,0
11850,2023,1,1,0,0,0,0,0,0,0,0
11850,2024,1,1,0,0,0,0,0,0,0,0
11850,2025,1,1,0,0,0,0,0,0,0,0
11856,2024,1,0,0,0,0,0,1,0,0,0
11863,2013,4,4,0,0,0,0,0,0,2,0
11863,2014,1,1,1,1,0,0,0,0,0,0
11863,2016,5,4,0,0,0,0,1,0,1,0
11874,2015,1,1,1,0,0,1,0,0,0,0
11878,2012,2,2,1,0,0,0,0,0,1,0
11878,2013,2,1,0,0,0,0,1,0,1,0
11878,2015,1,1,1,1,0,0,0,0,0,0
11880,2023,1,1,0,0,0,0,0,0,0,0
11893,2016,3,2,1,0,0,0,1,0,1,0
11897,2024,3,3,0,0,0,0,0,0,2,0
11899,2011,6,5,0,0,0,0,1,0,2,0
11899,2012,7,7,2,1,0,0,0,0,2,0
11899,2013,9,5,2,1,0,0,3,1,1,0
11899,2014,9,7,2,2,0,0,2,0,3,0
11899,2015,10,7,4,0,0,0,3,0,2,0
11899,2016,1,1,0,0,0,0,0,0,0,0
11904,2012,12,9,4,2,0,1,2,1,0,0
11904,2013,6,5,3,2,0,0,1,0,0,0
11904,2017,3,3,0,0,0,0,0,0,2,0
11917,2013,3,3,1,1,0,0,0,0,1,0
11917,2014,3,2,0,0,0,0,1,0,1,0
11917,2016,3,3,0,0,0,0,0,0,2,0
11917,2017,2,1,0,0,0,0,1,0,1,0
11917,2018,3,2,1,0,0,0,1,0,1,0
11917,2022,3,3,1,0,0,0,0,0,1,0
11917,2023,2,2,0,0,0,0,0,0,1,0
11917,2024,6,4,2,0,0,1,1,0,0,0
11917,2025,3,2,0,0,0,0,0,0,1,0
11917,2026,3,3,0,0,0,0,0,0,0,0
11919,2025,1,1,1,1,0,0,0,0,0,0
11935,2013,1,0,0,0,0,0,1,0,0,0
11938,2015,3,3,3,0,0,1,0,0,0,0
11940,2026,1,1,0,0,0,0,0,0,1,0
11942,2012,3,3,1,0,0,1,0,0,0,0
11942,2013,3,3,1,0,0,0,0,0,1,0
11942,2014,3,3,1,1,0,0,0,0,1,0
11942,2016,3,2,1,0,0,1,1,0,0,0
11942,2017,3,3,0,0,0,0,0,0,1,0
11942,2018,2,2,0,0,0,0,0,0,1,0
11952,2014,1,1,1,1,0,0,0,0,0,0
11958,2023,3,3,0,0,0,0,0,0,2,0
11958,2024,3,3,1,0,0,0,0,0,1,0
11968,2023,1,1,0,0,0,0,0,0,0,0
11968,2025,1,1,1,1,0,0,0,0,0,0
11968,2026,2,1,0,0,0,0,1,0,1,0
11977,2024,2,2,1,0,0,0,0,0,1,0
11982,2021,3,3,0,0,0,0,0,0,3,0
11982,2022,3,3,3,2,0,0,0,0,0,0
11982,2023,4,4,2,1,0,1,0,0,1,0
11982,2024,3,3,0,0,0,0,0,0,3,0
11982,2025,2,2,0,0,0,0,0,0,0,0
12024,2014,1,1,1,0,0,0,0,0,0,0
12042,2023,2,2,1,0,0,0,0,0,0,0
12046,2016,1,0,0,0,0,0,1,0,0,0
12046,2018,1,1,0,0,0,0,0,0,1,0
12047,2022,1,1,0,0,0,0,0,0,1,0
12048,2025,1,1,0,0,0,0,0,0,0,0
12050,2024,2,2,1,1,0,0,0,0,1,0
12078,2022,3,2,1,1,0,0,1,0,1,0
12078,2023,3,2,1,1,0,0,1,0,1,0
12085,2014,1,1,0,0,0,0,0,0,0,0
12085,2015,1,1,0,0,0,0,0,0,0,0
12085,2016,1,1,0,0,0,0,0,0,0,0
12085,2017,3,2,1,1,0,0,1,0,0,0
12085,2018,2,0,0,0,0,0,2,0,0,0
12085,2019,1,1,1,0,0,1,0,0,0,0
12090,2021,2,2,0,0,0,0,0,0,0,0
12090,2024,3,2,1,0,0,0,0,1,0,0
12095,2015,4,4,3,1,0,1,0,0,1,0
12095,2017,4,2,1,0,0,0,2,0,0,0
12097,2017,2,1,1,0,0,0,1,0,0,0
12097,2018,3,3,0,0,0,0,0,0,2,0
12100,2014,1,1,0,0,0,0,0,0,0,0
12103,2019,1,1,0,0,0,0,0,0,0,0
12103,2023,2,1,0,0,0,0,1,0,0,0
12104,2019,2,2,2,0,0,0,0,0,0,0
12104,2021,2,2,0,0,0,0,0,0,0,0
12104,2022,6,6,1,0,0,0,0,0,2,0
12104,2023,6,5,1,0,0,1,1,0,1,0
12104,2024,3,3,1,0,0,0,0,0,2,0
12104,2025,3,2,1,0,0,0,1,0,0,0
12105,2012,2,1,0,0,0,0,1,0,0,0
12105,2013,1,1,0,0,0,0,0,0,1,0
12109,2016,1,1,0,0,0,0,0,0,0,0
12120,2022,1,1,0,0,0,0,0,0,0,0
12120,2023,1,1,1,0,0,1,0,0,0,0
12120,2024,2,2,0,0,0,0,0,0,0,0
12129,2024,1,1,1,1,0,0,0,0,0,0
12129,2025,2,2,1,1,0,0,0,0,1,0
12129,2026,2,2,0,0,0,0,0,0,1,0
12142,2013,1,0,0,0,0,0,1,0,0,0
12150,2026,2,1,0,0,0,0,1,0,0,0
12158,2025,3,3,2,0,0,0,0,0,1,0
12161,2012,3,2,0,0,0,0,1,0,0,0
12168,2023,1,1,0,0,0,0,0,0,1,0
12168,2024,1,1,0,0,0,0,0,0,0,0
12172,2012,3,3,0,0,0,0,0,0,0,0
12181,2016,2,1,0,0,0,0,1,0,0,0
12186,2013,3,3,1,0,0,0,0,0,0,0
12186,2014,7,6,1,0,0,0,1,0,1,0
12186,2017,3,3,1,1,0,0,0,0,0,0
12186,2018,3,2,1,0,0,0,1,0,0,0
12186,2021,3,3,0,0,0,0,0,0,0,0
12186,2022,6,6,1,0,0,0,0,0,1,0
12186,2023,3,3,0,0,0,0,0,0,1,0
12186,2024,3,3,0,0,0,0,0,0,2,0
12195,2011,3,2,1,1,0,0,1,0,0,0
12195,2012,2,1,0,0,0,0,1,0,0,0
12217,2026,2,2,0,0,0,0,0,0,0,0
12227,2021,3,3,1,0,0,0,0,0,1,0
12227,2022,3,3,1,0,0,0,0,0,1,0
12245,2024,1,1,1,0,0,0,0,0,0,0
12245,2025,3,3,3,2,0,0,0,0,0,0
12247,2020,3,3,0,0,0,0,0,0,2,0
12247,2021,2,1,1,0,0,0,1,0,0,0
12247,2022,2,2,0,0,0,0,0,0,1,0
12248,2022,1,1,1,0,0,0,0,0,0,0
12251,2019,1,1,0,0,0,0,0,0,0,0
12271,2015,1,1,0,0,0,0,0,0,0,0
12274,2019,2,2,1,0,0,0,0,0,0,0
12286,2023,1,1,0,0,0,0,0,0,0,0
12290,2023,6,5,0,0,0,0,1,0,2,0
12290,2024,2,2,1,0,0,0,0,0,0,0
12304,2019,1,1,0,0,0,0,0,0,0,0
12304,2020,2,2,0,0,0,0,0,0,1,0
12304,2021,2,2,1,0,0,0,0,0,0,0
12304,2022,1,1,0,0,0,0,0,0,1,0
12304,2023,2,2,0,0,0,0,0,0,2,0
12304,2024,2,2,0,0,0,0,0,0,2,0
12304,2026,1,1,0,0,0,0,0,0,0,0
12317,2024,3,3,0,0,0,0,0,0,3,0
12317,2025,3,2,1,0,0,0,1,0,1,0
12317,2026,6,6,1,0,0,1,0,0,2,0
12321,2014,1,0,0,0,0,0,1,0,0,0
12321,2015,3,3,1,0,0,1,0,0,0,0
12354,2017,5,5,0,0,0,0,0,0,1,0
12354,2018,2,2,2,0,0,0,0,0,0,0
12354,2019,7,6,3,0,0,0,1,0,1,0
12354,2020,5,5,2,1,0,1,0,0,1,0
12354,2021,4,4,0,0,0,0,0,0,1,0
12354,2022,2,2,0,0,0,0,0,0,0,0
12354,2023,4,4,0,0,0,0,0,0,2,0
12355,2019,2,2,1,0,0,1,0,0,0,0
12361,2019,1,1,0,0,0,0,0,0,1,0
12362,2013,1,1,1,0,0,0,0,0,0,0
12362,2014,3,3,0,0,0,0,0,0,1,0
12364,2021,2,2,1,0,0,0,0,0,0,0
12364,2022,6,6,4,0,0,2,0,0,0,0
12364,2023,3,3,1,0,0,0,0,0,0,0
12364,2024,3,3,1,0,0,1,0,0,1,0
12369,2015,4,4,0,0,0,0,0,0,3,0
12382,2013,1,1,0,0,0,0,0,0,1,0
12382,2017,3,3,0,0,0,0,0,0,1,0
12382,2024,1,0,0,0,0,0,1,0,0,0
12382,2025,1,0,0,0,0,0,1,0,0,0
12395,2022,1,1,1,0,0,1,0,0,0,0
12395,2024,1,1,0,0,0,0,0,0,1,0
12395,2025,2,1,0,0,0,0,0,0,0,1
12411,2023,1,1,0,0,0,0,0,0,0,0
12415,2018,1,1,0,0,0,0,0,0,1,0
12415,2019,1,1,1,0,0,1,0,0,0,0
12416,2018,4,4,1,1,0,0,0,0,0,0
12416,2019,2,1,1,0,0,0,1,0,0,0
12416,2020,1,1,0,0,0,0,0,0,0,0
12416,2021,2,1,0,0,0,0,1,0,0,0
12420,2025,1,1,0,0,0,0,0,0,0,0
12423,2023,1,0,0,0,0,0,1,0,0,0
12423,2024,2,2,0,0,0,0,0,0,1,0
12435,2016,3,3,1,0,0,0,0,0,0,0
12435,2017,1,1,1,1,0,0,0,0,0,0
12435,2019,1,1,0,0,0,0,0,0,0,0
12438,2013,3,3,1,0,0,0,0,0,2,0
12438,2014,5,5,3,1,0,1,0,0,2,0
12446,2016,1,1,0,0,0,0,0,0,1,0
12446,2017,1,1,0,0,0,0,0,0,0,0
12446,2018,2,2,1,1,0,0,0,0,0,0
12446,2020,1,1,0,0,0,0,0,0,0,0
12446,2021,1,1,0,0,0,0,0,0,1,0
12457,2025,1,1,0,0,0,0,0,0,0,0
12460,2012,4,4,3,1,0,2,0,0,0,0
12461,2013,1,1,1,0,0,0,0,0,0,0
12470,2025,3,3,0,0,0,0,0,0,0,0
12472,2014,3,2,2,0,0,1,1,0,0,0
12472,2015,8,7,2,0,0,1,1,0,2,0
12472,2016,3,2,0,0,0,0,1,0,0,0
12472,2017,10,9,2,0,0,1,1,0,1,0
12472,2018,8,7,0,0,0,0,1,0,2,0
12472,2019,3,3,2,1,0,1,0,0,1,0
12472,2021,3,2,0,0,0,0,1,0,1,0
12476,2017,2,1,0,0,0,0,1,0,1,0
12477,2018,3,3,0,0,0,0,0,0,1,0
12477,2019,6,6,2,0,0,0,0,0,3,0
12477,2020,6,6,1,0,0,0,0,0,2,0
12477,2021,11,11,3,1,0,0,0,0,3,0
12477,2022,7,6,2,0,0,1,0,0,2,0
12477,2023,2,2,0,0,0,0,0,0,1,0
12487,2024,3,3,1,0,1,0,0,0,0,0
12487,2026,1,1,1,1,0,0,0,0,0,0
12498,2025,2,2,1,0,0,0,0,0,1,0
12502,2013,3,2,1,0,0,0,1,0,0,0
12502,2014,6,4,3,0,0,0,2,0,0,0
12502,2015,1,0,0,0,0,0,1,0,0,0
12502,2017,3,3,0,0,0,0,0,0,0,0
12506,2014,2,2,1,0,0,0,0,0,1,0
12510,2011,1,1,1,0,0,0,0,0,0,0
12510,2012,3,3,0,0,0,0,0,0,1,0
12510,2014,3,3,1,1,0,0,0,0,1,0
12510,2017,2,1,1,0,0,0,1,0,0,0
12526,2012,4,3,0,0,0,0,0,1,1,0
12526,2014,5,4,2,0,0,0,1,0,0,0
12530,2018,1,0,0,0,0,0,1,0,0,0
12530,2022,2,2,0,0,0,0,0,0,1,0
12537,2011,1,1,0,0,0,0,0,0,0,0
12537,2012,1,0,0,0,0,0,1,0,0,0
12538,2024,2,2,1,0,0,1,0,0,0,0
12553,2022,1,1,0,0,0,0,0,0,0,0
12554,2019,6,6,1,0,0,0,0,0,2,0
12554,2021,1,1,1,0,0,0,0,0,0,0
12556,2024,2,2,0,0,0,0,0,0,1,0
12556,2025,3,3,1,0,0,0,0,0,0,0
12561,2024,1,1,1,0,0,0,0,0,0,0
12562,2020,2,1,1,1,0,0,1,0,0,0
12567,2017,2,2,0,0,0,0,0,0,1,0
12567,2018,2,2,2,0,0,0,0,0,0,0
12567,2019,1,1,0,0,0,0,0,0,1,0
12567,2023,1,0,0,0,0,0,1,0,0,0
12567,2024,1,1,0,0,0,0,0,0,1,0
12574,2026,5,4,0,0,0,0,0,0,0,1
12576,2016,1,1,1,0,0,0,0,0,0,0
12592,2019,3,2,1,0,0,1,1,0,0,0
12592,2021,3,3,1,0,0,0,0,0,0,0
12597,2012,2,2,0,0,0,0,0,0,1,0
12633,2012,2,2,0,0,0,0,0,0,0,0
12641,2023,2,2,1,0,0,0,0,0,0,0
12649,2025,3,3,0,0,0,0,0,0,1,0
12654,2023,2,2,0,0,0,0,0,0,0,0
12654,2024,1,1,0,0,0,0,0,0,1,0
12654,2025,1,1,0,0,0,0,0,0,0,0
12656,2017,2,1,1,0,0,0,1,0,0,0
12663,2012,3,3,2,0,0,0,0,0,0,0
12663,2013,3,3,1,1,0,0,0,0,0,0
12663,2014,3,3,1,1,0,0,0,0,1,0
12663,2017,3,3,1,0,0,0,0,0,2,0
12663,2020,2,2,0,0,0,0,0,0,0,0
12665,2020,1,1,1,1,0,0,0,0,0,0
12671,2012,14,13,3,2,0,0,1,0,2,0
12672,2019,1,0,0,0,0,0,1,0,0,0
12676,2020,1,1,0,0,0,0,0,0,1,0
