3,1979,2,2,0,0,0,0,0,0,0,0
3,1980,10,7,2,0,0,0,3,0,0,0
3,1981,4,4,1,0,0,0,0,0,2,0
3,1982,4,3,0,0,0,0,1,0,1,0
3,1984,2,2,0,0,0,0,0,0,1,0
3,1985,4,3,2,0,0,0,1,0,1,0
3,1986,2,2,0,0,0,0,0,0,0,0
3,1988,3,2,0,0,0,0,1,0,0,0
8,1979,2,2,2,2,0,0,0,0,0,0
8,1980,13,12,6,1,0,0,1,0,1,0
8,1981,6,6,4,2,1,0,0,0,0,0
9,1989,8,6,2,1,0,0,2,0,1,0
9,1990,9,6,0,0,0,0,3,0,1,0
9,1991,3,3,2,0,0,0,0,0,1,0
9,1992,7,7,0,0,0,0,0,0,2,0
9,1993,9,7,2,0,0,1,2,0,1,0
9,1994,12,11,2,0,0,0,1,0,1,0
9,1995,4,3,0,0,0,0,1,0,1,0
13,1990,3,2,0,0,0,0,1,0,0,0
13,1993,3,2,2,0,0,1,1,0,0,0
33,1997,1,1,0,0,0,0,0,0,1,0
33,1999,4,4,2,0,0,0,0,0,0,0
33,2001,1,0,0,0,0,0,1,0,0,0
36,1983,6,4,0,0,0,0,2,0,1,0
36,1985,4,4,1,0,0,0,0,0,0,0
36,1986,2,2,0,0,0,0,0,0,1,0
36,1990,2,1,1,0,0,0,1,0,0,0
36,1991,6,5,2,0,0,0,1,0,0,0
56,1996,2,2,1,0,0,0,0,0,0,0
68,1996,3,3,1,0,0,0,0,0,0,0
68,1997,1,0,0,0,0,0,1,0,0,0
68,1999,1,0,0,0,0,0,1,0,0,0
68,2000,2,2,0,0,0,0,0,0,0,0
68,2001,5,5,1,1,0,0,0,0,0,0
86,2002,2,1,0,0,0,0,0,1,0,0
90,1983,2,2,0,0,0,0,0,0,0,0
90,1984,2,1,0,0,0,0,1,0,0,0
90,1985,1,1,0,0,0,0,0,0,0,0
90,1986,4,3,1,0,0,0,1,0,0,0
90,1992,1,1,0,0,0,0,0,0,0,0
98,1989,7,7,2,0,0,1,0,0,0,0
98,1990,1,1,1,0,0,1,0,0,0,0
98,1991,3,3,0,0,0,0,0,0,0,0
98,1992,3,3,0,0,0,0,0,0,0,0
98,1995,1,1,0,0,0,0,0,0,0,0
98,1998,7,7,1,0,0,0,0,0,1,0
98,2000,1,1,0,0,0,0,0,0,1,0
105,1989,1,1,0,0,0,0,0,0,0,0
132,1987,1,1,0,0,0,0,0,0,0,0
132,1989,1,1,0,0,0,0,0,0,1,0
134,1992,3,3,1,0,0,0,0,0,1,0
138,1979,4,3,1,0,0,0,1,0,0,0
138,1982,2,1,0,0,0,0,1,0,0,0
138,1983,4,4,2,1,0,0,0,0,1,0
138,1984,7,7,2,0,0,0,0,0,0,0
138,1985,16,15,2,0,0,0,1,0,1,0
138,1986,7,7,2,0,0,1,0,0,2,0
138,1988,7,7,1,0,0,0,0,0,0,0
139,1991,8,8,4,0,0,2,0,0,2,0
148,1999,3,3,1,0,0,1,0,0,0,0
176,1986,7,7,1,1,0,0,0,0,0,0
176,1987,3,2,1,0,0,0,0,1,0,0
185,2000,1,1,0,0,0,0,0,0,1,0
185,2001,1,0,0,0,0,0,1,0,0,0
185,2003,1,0,0,0,0,0,1,0,0,0
186,1998,2,1,0,0,0,0,1,0,0,0
186,1999,3,2,1,0,0,0,1,0,0,0
186,2000,1,1,0,0,0,0,0,0,1,0
239,1992,1,1,1,0,0,0,0,0,0,0
239,1993,8,5,1,0,0,0,3,0,1,0
239,1994,4,3,0,0,0,0,1,0,0,0
239,1995,6,3,0,0,0,0,2,0,2,0
239,1997,3,1,0,0,0,0,2,0,0,0
239,1998,3,0,0,0,0,0,3,0,0,0
239,1999,3,3,2,0,0,0,0,0,1,0
259,1986,4,2,0,0,0,0,2,0,0,0
259,1989,13,10,3,0,0,0,3,0,0,0
259,1990,10,10,5,3,0,0,0,0,0,0
259,1991,3,2,0,0,0,0,1,0,0,0
261,1993,1,1,0,0,0,0,0,0,0,0
261,1994,3,3,2,1,0,0,0,0,0,0
261,1995,4,3,1,0,0,0,1,0,0,0
261,1998,3,3,1,1,0,0,0,0,1,0
261,1999,1,1,0,0,0,0,0,0,0,0
261,2000,4,4,0,0,0,0,0,0,1,0
261,2001,12,9,2,1,0,0,3,0,1,0
266,1982,2,2,0,0,0,0,0,0,1,0
266,1983,2,2,1,0,0,1,0,0,0,0
280,2000,7,6,1,0,0,0,1,0,0,0
280,2001,3,3,0,0,0,0,0,0,0,0
286,1981,4,4,2,1,0,0,0,0,1,0
286,1982,3,2,1,0,0,0,1,0,0,0
286,1990,2,2,1,0,0,0,0,0,1,0
290,2000,1,0,0,0,0,0,1,0,0,0
294,1987,1,1,0,0,0,0,0,0,1,0
294,1988,3,3,0,0,0,0,0,0,1,0
296,1987,1,1,0,0,0,0,0,0,0,0
314,1986,7,6,1,0,0,0,1,0,2,0
315,1995,3,3,0,0,0,0,0,0,1,0
330,1982,1,1,1,0,0,0,0,0,0,0
330,1983,3,3,0,0,0,0,0,0,2,0
333,1990,15,12,6,1,0,0,2,1,0,0
333,1991,8,7,2,0,0,0,1,0,0,0
333,1992,6,5,1,0,0,0,1,0,2,0
333,1993,4,4,0,0,0,0,0,0,0,0
333,1994,4,3,0,0,0,0,1,0,0,0
333,1997,3,3,0,0,0,0,0,0,1,0
333,2000,11,7,2,1,0,0,4,0,0,0
333,2001,3,3,0,0,0,0,0,0,1,0
337,1989,5,5,2,0,0,0,0,0,0,0
337,1991,6,5,3,1,0,0,1,0,0,0
337,1992,1,0,0,0,0,0,1,0,0,0
364,2001,4,3,0,0,0,0,1,0,2,0
367,1992,3,3,0,0,0,0,0,0,0,0
368,1982,4,4,1,0,0,0,0,0,3,0
368,1983,1,1,0,0,0,0,0,0,1,0
368,1984,4,3,0,0,0,0,1,0,2,0
372,1999,1,1,0,0,0,0,0,0,0,0
372,2000,2,2,0,0,0,0,0,0,0,0
374,1986,1,1,1,0,0,0,0,0,0,0
375,1989,2,2,1,0,0,0,0,0,0,0
375,1990,3,2,0,0,0,0,1,0,1,0
384,2001,2,2,1,0,0,0,0,0,0,0
386,1980,3,3,1,0,0,0,0,0,0,0
386,1981,1,1,0,0,0,0,0,0,0,0
386,1982,3,3,0,0,0,0,0,0,1,0
388,1998,7,7,1,0,0,0,0,0,3,0
388,1999,3,2,0,0,0,0,1,0,0,0
388,2000,3,3,1,0,0,0,0,0,0,0
397,1998,3,2,0,0,0,0,1,0,0,0
397,1999,7,6,3,0,0,0,1,0,0,0
397,2002,3,3,1,0,0,0,0,0,0,0
410,1995,1,1,1,1,0,0,0,0,0,0
410,1998,1,1,1,0,0,0,0,0,0,0
412,1996,8,8,0,0,0,0,0,0,2,0
412,1997,12,12,3,0,0,0,0,0,1,0
412,2000,4,4,0,0,0,0,0,0,0,0
418,1985,3,3,1,0,0,0,0,0,0,0
418,1986,3,1,1,1,0,0,2,0,0,0
418,1987,3,2,2,1,0,0,1,0,0,0
418,1988,2,2,0,0,0,0,0,0,0,0
418,1989,4,4,1,1,0,0,0,0,0,0
428,1988,3,1,0,0,0,0,1,0,0,0
428,1989,3,2,0,0,0,0,1,0,0,0
428,1991,6,5,3,0,0,0,1,0,1,0
430,1982,1,1,0,0,0,0,0,0,1,0
430,1983,1,1,0,0,0,0,0,0,1,0
434,1995,1,1,1,1,0,0,0,0,0,0
437,1992,2,0,0,0,0,0,2,0,0,0
437,1993,1,1,0,0,0,0,0,0,0,0
446,1998,2,1,0,0,0,0,1,0,0,0
446,1999,3,2,0,0,0,0,1,0,0,0
458,1995,1,1,1,0,0,0,0,0,0,0
458,1997,2,2,0,0,0,0,0,0,2,0
458,1998,1,1,0,0,0,0,0,0,0,0
458,1999,1,1,1,0,0,0,0,0,0,0
461,1999,3,3,3,1,0,0,0,0,0,0
461,2001,1,0,0,0,0,0,1,0,0,0
463,1993,1,1,0,0,0,0,0,0,0,0
468,1980,1,1,0,0,0,0,0,0,0,0
476,1979,1,1,0,0,0,0,0,0,0,0
476,1980,2,2,0,0,0,0,0,0,0,0
484,2001,1,0,0,0,0,0,1,0,0,0
498,1993,1,1,0,0,0,0,0,0,0,0
498,1996,1,0,0,0,0,0,0,0,0,1
501,1981,1,1,0,0,0,0,0,0,0,0
501,1983,2,2,0,0,0,0,0,0,0,0
505,1996,3,3,1,1,0,0,0,0,0,0
505,1997,4,2,1,0,0,0,2,0,0,0
506,1986,2,2,1,1,0,0,0,0,1,0
506,1987,8,6,3,0,1,0,2,0,1,0
506,1988,4,1,1,0,0,0,3,0,0,0
506,1989,2,1,0,0,0,0,1,0,0,0
506,1992,1,0,0,0,0,0,1,0,0,0
510,1983,3,2,1,0,0,0,1,0,0,0
510,1984,3,3,0,0,0,0,0,0,1,0
510,1986,1,1,1,0,0,0,0,0,0,0
541,1998,2,2,1,0,0,0,0,0,0,0
541,2000,3,2,0,0,0,0,1,0,1,0
541,2002,3,3,1,0,0,0,0,0,0,0
552,1987,4,4,2,0,0,1,0,0,0,0
552,1988,5,4,0,0,0,0,1,0,0,0
552,1989,12,10,3,1,0,0,2,0,1,0
552,1991,4,3,0,0,0,0,0,1,0,0
569,1986,6,6,2,1,0,0,0,0,0,0
569,1987,7,5,2,2,0,0,2,0,0,0
569,1988,7,7,1,0,0,0,0,0,0,0
569,1990,2,2,1,0,0,1,0,0,0,0
569,1993,1,0,0,0,0,0,1,0,0,0
569,1994,2,2,1,0,0,0,0,0,0,0
569,1995,2,2,0,0,0,0,0,0,1,0
571,1991,2,1,1,0,0,0,1,0,0,0
571,1992,3,3,0,0,0,0,0,0,0,0
575,1979,8,8,2,0,1,0,0,0,0,0
575,1980,3,2,1,0,0,0,1,0,0,0
575,1981,3,3,2,0,0,1,0,0,1,0
575,1982,12,11,2,1,0,0,1,0,4,0
575,1983,15,14,4,1,0,0,1,0,3,0
575,1984,10,6,4,2,0,0,4,0,2,0
575,1985,3,2,1,0,0,1,1,0,0,0
575,1986,9,9,2,1,0,0,0,0,2,0
575,1987,13,12,4,2,0,0,1,0,1,0
575,1988,9,9,3,1,0,0,0,0,3,0
575,1989,3,3,0,0,0,0,0,0,0,0
575,1992,2,1,0,0,0,0,1,0,1,0
590,2000,4,3,1,0,0,0,1,0,0,0
597,1991,4,4,0,0,0,0,0,0,0,0
607,1979,4,3,1,0,0,0,1,0,1,0
607,1980,12,10,2,0,0,0,2,0,0,0
607,1981,4,4,0,0,0,0,0,0,1,0
607,1982,7,4,1,0,0,0,3,0,0,0
607,1983,6,6,2,0,0,0,0,0,1,0
607,1987,3,2,1,0,0,0,1,0,0,0
609,1999,1,1,0,0,0,0,0,0,0,0
613,1979,1,1,0,0,0,0,0,0,0,0
613,1980,2,1,0,0,0,0,1,0,0,0
613,1981,1,1,0,0,0,0,0,0,0,0
638,1982,2,1,0,0,0,0,1,0,0,0
638,1983,4,4,0,0,0,0,0,0,0,0
638,1984,1,0,0,0,0,0,1,0,0,0
638,1985,4,4,1,0,0,0,0,0,0,0
643,1981,3,2,1,0,0,0,1,0,0,0
649,1979,8,8,2,0,0,0,0,0,1,0
649,1980,6,6,1,0,0,0,0,0,1,0
673,1996,1,1,1,0,0,0,0,0,0,0
688,1997,1,1,1,0,0,0,0,0,0,0
698,1999,5,4,1,1,0,0,1,0,1,0
698,2000,3,3,1,0,0,0,0,0,1,0
698,2001,7,6,3,1,0,0,1,0,1,0
698,2003,1,1,0,0,0,0,0,0,1,0
710,2002,1,0,0,0,0,0,1,0,0,0
717,1979,8,7,4,1,0,0,1,0,0,0
717,1980,9,7,2,0,0,0,1,0,0,1
717,1981,5,5,2,0,0,0,0,0,0,0
723,1988,7,5,2,1,0,0,2,0,0,0
723,1996,5,4,3,1,0,0,1,0,0,0
741,1984,2,2,0,0,0,0,0,0,0,0
741,1989,3,3,1,0,0,0,0,0,1,0
750,1980,9,6,3,0,0,0,3,0,0,0
750,1981,3,3,1,0,0,0,0,0,0,0
750,1982,4,3,0,0,0,0,1,0,0,0
750,1983,5,5,2,0,0,0,0,0,0,0
750,1985,4,4,1,0,0,0,0,0,0,0
761,1984,3,3,1,0,0,1,0,0,0,0
761,1985,3,3,1,0,0,0,0,0,0,0
764,1996,1,1,0,0,0,0,0,0,1,0
764,1999,3,2,1,1,0,0,1,0,0,0
764,2000,3,2,0,0,0,0,0,0,1,0
775,1991,3,3,0,0,0,0,0,0,2,0
776,1996,7,7,2,1,0,1,0,0,1,0
786,2001,5,4,2,0,0,0,0,1,0,0
790,1994,4,3,1,1,0,0,1,0,0,0
790,1995,8,8,3,2,0,0,0,0,0,0
790,1997,3,2,0,0,0,0,1,0,0,0
790,1998,4,4,0,0,0,0,0,0,0,0
790,2000,2,2,0,0,0,0,0,0,0,0
796,1994,2,2,0,0,0,0,0,0,0,0
796,1995,2,2,0,0,0,0,0,0,1,0
796,2000,1,1,0,0,0,0,0,0,1,0
797,2001,2,2,1,0,0,0,0,0,0,0
807,1986,6,5,1,0,0,0,1,0,0,0
825,2000,3,2,0,0,0,0,1,0,0,0
825,2001,3,3,2,0,0,0,0,0,0,0
825,2002,2,2,0,0,0,0,0,0,0,0
845,1996,4,3,0,0,0,0,1,0,0,0
845,1997,8,7,1,0,0,0,0,0,2,1
845,1999,3,3,3,0,0,0,0,0,0,0
845,2001,1,1,1,0,0,1,0,0,0,0
846,1996,9,5,2,0,0,0,4,0,1,0
846,1997,5,5,0,0,0,0,0,0,2,0
848,1995,2,2,0,0,0,0,0,0,2,0
848,1998,2,2,0,0,0,0,0,0,1,0
848,2001,1,1,0,0,0,0,0,0,0,0
863,1999,7,7,1,0,0,0,0,0,0,0
863,2000,5,4,1,0,0,0,0,1,0,0
871,1981,3,3,1,0,1,0,0,0,2,0
871,1983,7,6,3,1,1,0,1,0,1,0
871,1984,8,5,1,0,0,0,2,1,0,0
871,1985,1,1,1,0,1,0,0,0,0,0
871,1987,4,3,2,1,0,0,1,0,1,0
871,1988,3,3,1,1,0,0,0,0,0,0
871,1989,4,3,2,0,0,0,1,0,0,0
871,1990,3,2,0,0,0,0,1,0,0,0
871,1992,1,1,0,0,0,0,0,0,0,0
872,1994,7,4,1,0,0,0,3,0,1,0
872,1995,10,8,4,2,0,0,2,0,1,0
872,1998,3,3,1,0,0,0,0,0,0,0
872,1999,2,1,1,0,0,1,1,0,0,0
872,2000,4,2,2,0,0,0,2,0,0,0
872,2001,5,4,0,0,0,0,1,0,1,0
884,1994,2,1,1,1,0,0,1,0,0,0
884,1999,1,1,0,0,0,0,0,0,0,0
890,2003,2,1,0,0,0,0,1,0,1,0
893,1982,2,1,0,0,0,0,1,0,0,0
917,1985,2,2,1,0,0,0,0,0,1,0
917,1986,2,2,1,0,0,0,0,0,0,0
933,1997,1,1,0,0,0,0,0,0,0,0
933,1998,3,2,0,0,0,0,1,0,1,0
945,2000,3,2,1,0,0,0,1,0,0,0
949,1993,6,4,1,1,0,0,2,0,0,0
949,1995,5,5,1,0,0,0,0,0,1,0
949,1996,1,1,1,0,0,0,0,0,0,0
950,2001,3,1,0,0,0,0,2,0,0,0
964,1979,3,2,0,0,0,0,0,0,1,0
964,1980,2,1,1,0,0,0,0,1,0,0
965,1981,3,3,0,0,0,0,0,0,0,0
965,1983,1,0,0,0,0,0,1,0,0,0
971,1988,9,8,5,0,0,0,1,0,0,0
972,1985,4,3,1,0,0,0,1,0,0,0
977,1988,1,1,0,0,0,0,0,0,0,0
981,1982,3,3,0,0,0,0,0,0,1,0
981,1984,7,7,3,0,0,1,0,0,1,0
981,1985,10,9,4,2,0,1,1,0,2,0
981,1986,5,4,0,0,0,0,1,0,1,0
981,1988,1,1,0,0,0,0,0,0,0,0
981,1989,6,5,2,0,0,0,1,0,0,0
981,1990,4,4,1,0,0,0,0,0,0,0
998,1990,4,3,0,0,0,0,0,0,0,1
1028,1996,1,1,0,0,0,0,0,0,1,0
1028,1997,1,1,1,1,0,0,0,0,0,0
1047,1982,7,4,0,0,0,0,3,0,3,0
1047,1983,2,2,1,0,0,0,0,0,0,0
1050,1981,5,5,2,0,0,0,0,0,0,0
1050,1982,2,1,0,0,0,0,1,0,0,0
1050,1983,3,1,1,0,1,0,2,0,0,0
1050,1984,7,6,1,0,0,0,1,0,1,0
1050,1985,5,4,1,1,0,0,1,0,0,0
1050,1986,12,11,5,1,0,1,1,0,2,0
1050,1987,8,7,1,0,0,0,1,0,2,0
1050,1988,3,2,0,0,0,0,1,0,2,0
1050,1989,8,7,2,1,0,0,1,0,3,0
1050,1990,3,3,1,0,0,0,0,0,1,0
1050,1992,3,2,1,0,0,0,0,1,0,0
1058,1998,1,1,0,0,0,0,0,0,0,0
1061,1983,1,1,0,0,0,0,0,0,1,0
1061,1984,12,8,2,1,0,0,4,0,2,0
1061,1985,2,2,1,0,0,0,0,0,0,0
1061,1986,11,11,5,1,0,1,0,0,3,0
1061,1987,4,4,0,0,0,0,0,0,1,0
1061,1988,8,8,3,0,0,0,0,0,1,0
1061,1990,4,4,3,0,0,1,0,0,0,0
1061,1991,8,8,3,0,0,0,0,0,2,0
1062,1998,1,1,0,0,0,0,0,0,0,0
1062,1999,1,1,0,0,0,0,0,0,0,0
1065,1993,2,1,0,0,0,0,0,0,0,1
1065,1994,1,1,0,0,0,0,0,0,0,0
1065,1996,2,2,1,0,0,0,0,0,0,0
1075,1990,2,2,0,0,0,0,0,0,1,0
1075,1992,2,2,0,0,0,0,0,0,1,0
1075,1995,2,2,0,0,0,0,0,0,1,0
1075,1999,7,6,1,1,0,0,1,0,1,0
1075,2000,2,2,1,0,0,0,0,0,0,0
1075,2001,3,2,1,0,0,0,1,0,0,0
1091,1987,3,3,2,0,0,0,0,0,0,0
1091,1991,6,6,5,0,0,0,0,0,0,0
1091,1992,1,1,0,0,0,0,0,0,0,0
1092,1981,8,7,4,0,0,0,1,0,2,0
1092,1982,3,3,2,0,0,1,0,0,0,0
1097,1992,1,0,0,0,0,0,1,0,0,0
1097,1993,8,8,3,0,0,0,0,0,1,0
1097,1994,4,4,1,0,0,1,0,0,1,0
1097,1995,4,3,1,0,0,0,1,0,1,0
1097,1997,1,1,0,0,0,0,0,0,0,0
1097,1998,3,3,1,0,0,0,0,0,1,0
1097,1999,1,1,1,0,0,0,0,0,0,0
1097,2000,1,0,0,0,0,0,1,0,0,0
1097,2001,1,1,0,0,0,0,0,0,0,0
1124,2002,1,1,0,0,0,0,0,0,0,0
1130,1982,1,1,1,0,0,0,0,0,0,0
1130,1986,2,1,1,1,0,0,1,0,0,0
1132,1982,1,1,0,0,0,0,0,0,0,0
1135,1996,6,3,0,0,0,0,3,0,0,0
1138,1995,1,1,0,0,0,0,0,0,0,0
1146,1986,2,2,0,0,0,0,0,0,1,0
1146,1988,7,7,2,0,0,0,0,0,0,0
1146,1989,10,8,1,0,0,0,1,0,1,1
1146,1991,7,6,3,1,0,0,1,0,1,0
1146,1993,8,4,0,0,0,0,3,0,1,0
1146,1994,4,4,1,1,0,0,0,0,1,0
1146,1995,6,5,4,1,0,0,1,0,0,0
1147,1995,6,6,2,0,0,0,0,0,0,0
1159,1996,1,1,0,0,0,0,0,0,1,0
1159,1997,1,0,0,0,0,0,1,0,0,0
1159,2000,2,2,0,0,0,0,0,0,2,0
1159,2001,3,3,0,0,0,0,0,0,1,0
1160,1996,3,2,1,0,0,0,1,0,0,0
1160,1997,2,2,0,0,0,0,0,0,1,0
1160,1999,1,1,1,1,0,0,0,0,0,0
1160,2001,1,1,0,0,0,0,0,0,0,0
1161,1979,4,3,0,0,0,0,1,0,0,0
1163,1991,3,3,1,0,0,0,0,0,1,0
1175,1996,4,3,1,0,0,0,1,0,0,0
1190,2002,1,1,0,0,0,0,0,0,0,0
1205,1984,5,3,2,1,0,0,2,0,0,0
1205,1985,12,11,3,0,0,0,1,0,2,0
1205,1986,10,9,5,1,0,0,1,0,1,0
1205,1988,4,3,1,0,0,0,1,0,0,0
1205,1991,3,3,1,0,0,1,0,0,0,0
1221,1998,3,3,0,0,0,0,0,0,0,0
1221,2002,1,1,0,0,0,0,0,0,1,0
1246,1999,1,1,0,0,0,0,0,0,0,0
1250,1995,1,1,0,0,0,0,0,0,0,0
1272,2000,1,0,0,0,0,0,1,0,0,0
1286,1982,2,2,0,0,0,0,0,0,0,0
1292,1980,1,1,0,0,0,0,0,0,0,0
1292,1981,1,1,0,0,0,0,0,0,0,0
1294,1997,1,1,0,0,0,0,0,0,0,0
1297,2000,1,1,0,0,0,0,0,0,0,0
1326,1993,1,0,0,0,0,0,1,0,0,0
1342,2001,2,1,0,0,0,0,1,0,1,0
1343,1996,5,3,2,0,0,0,2,0,0,0
1343,1997,1,1,0,0,0,0,0,0,0,0
1343,1998,2,1,1,0,0,0,0,1,0,0
1352,2001,4,4,1,0,0,0,0,0,1,0
1353,1993,1,1,0,0,0,0,0,0,0,0
1399,2001,2,1,0,0,0,0,1,0,1,0
1406,1989,17,16,7,2,0,0,1,0,1,0
1406,1991,10,9,4,0,0,1,1,0,0,0
1406,1992,6,6,2,0,0,0,0,0,3,0
1406,1993,8,6,1,1,0,0,2,0,0,0
1406,1994,4,4,1,0,0,0,0,0,0,0
1406,1995,3,2,1,0,0,0,0,0,1,1
1406,1996,3,3,2,0,0,0,0,0,1,0
1406,1997,12,11,3,0,0,0,1,0,1,0
1406,1998,3,3,0,0,0,0,0,0,2,0
1406,1999,4,3,0,0,0,0,1,0,0,0
1406,2000,3,3,0,0,0,0,0,0,2,0
1406,2001,9,9,2,1,0,0,0,0,2,0
1408,1991,4,3,1,0,0,1,1,0,1,0
1412,1984,1,1,0,0,0,0,0,0,0,0
1412,1985,2,2,1,0,0,0,0,0,0,0
1414,1983,6,6,1,0,0,0,0,0,2,0
1414,1984,5,5,1,0,0,0,0,0,1,0
1414,1986,3,2,0,0,0,0,1,0,1,0
1425,1984,3,2,1,0,0,0,1,0,0,0
1426,1994,2,0,0,0,0,0,1,1,0,0
1429,1995,3,1,0,0,0,0,2,0,0,0
1470,1986,2,2,1,0,0,0,0,0,1,0
1491,1998,2,2,0,0,0,0,0,0,0,0
1491,2001,1,1,1,0,0,0,0,0,0,0
1495,2000,1,0,0,0,0,0,1,0,0,0
1503,1987,3,3,1,1,0,0,0,0,0,0
1503,1988,1,1,0,0,0,0,0,0,0,0
1503,1989,2,2,0,0,0,0,0,0,0,0
1510,1996,3,1,0,0,0,0,2,0,0,0
1510,1997,9,8,2,0,0,0,1,0,2,0
1511,1999,1,1,0,0,0,0,0,0,0,0
1511,2000,1,1,0,0,0,0,0,0,1,0
1517,1995,1,1,1,1,0,0,0,0,0,0
1523,1996,1,1,0,0,0,0,0,0,0,0
1523,1998,11,8,3,0,0,1,3,0,0,0
1523,2000,4,3,1,0,0,0,1,0,2,0
1539,1980,1,1,1,0,0,0,0,0,0,0
1539,1982,4,4,0,0,0,0,0,0,1,0
1546,1996,8,6,1,0,0,0,2,0,1,0
1546,1998,11,11,4,1,0,0,0,0,2,0
1546,2001,3,3,2,1,0,0,0,0,1,0
1547,1997,6,5,1,0,0,0,1,0,0,0
1553,1992,1,1,1,0,0,0,0,0,0,0
1556,2001,4,3,0,0,0,0,1,0,2,0
1559,1980,10,9,3,1,0,0,1,0,1,0
1559,1981,9,5,3,1,0,0,4,0,0,0
1559,1982,3,2,1,0,0,0,1,0,0,0
1559,1983,8,6,2,1,0,0,2,0,0,0
1559,1985,8,7,3,0,0,0,1,0,1,0
1569,1988,1,1,0,0,0,0,0,0,1,0
1569,1989,4,4,1,0,0,0,0,0,0,0
1569,1992,1,1,0,0,0,0,0,0,0,0
1569,1993,2,1,0,0,0,0,1,0,1,0
1577,1985,10,8,2,0,0,0,2,0,0,0
1580,1995,2,1,0,0,0,0,1,0,0,0
1588,1979,4,3,1,0,0,0,1,0,0,0
1602,1979,2,1,0,0,0,0,1,0,1,0
1602,1980,3,3,0,0,0,0,0,0,1,0
1605,1980,7,6,0,0,0,0,1,0,0,0
1605,1984,1,0,0,0,0,0,1,0,0,0
1605,1985,7,6,2,0,0,0,1,0,0,0
1605,1986,3,3,1,1,0,0,0,0,0,0
1606,1992,2,1,0,0,0,0,1,0,0,0
1606,1993,2,1,1,0,0,0,1,0,0,0
1606,1994,1,1,0,0,0,0,0,0,0,0
1606,1995,1,1,0,0,0,0,0,0,0,0
1634,1996,2,2,1,0,0,0,0,0,0,0
1634,1999,8,7,1,0,0,0,1,0,1,0
1634,2000,3,3,2,1,0,0,0,0,0,0
1652,1999,1,1,0,0,0,0,0,0,0,0
1663,1988,1,1,0,0,0,0,0,0,0,0
1663,1989,1,0,0,0,0,0,1,0,0,0
1663,1990,4,2,0,0,0,0,1,0,0,0
1663,1991,1,0,0,0,0,0,1,0,0,0
1663,1992,4,3,1,0,0,0,1,0,0,0
1663,1994,4,4,1,0,0,1,0,0,1,0
1663,1998,1,1,0,0,0,0,0,0,0,0
1674,1979,8,7,1,0,0,0,0,0,1,0
1674,1980,8,7,2,0,0,0,1,0,1,0
1674,1981,1,1,0,0,0,0,0,0,0,0
1674,1982,4,4,1,0,0,0,0,0,0,0
1674,1983,7,7,2,0,0,1,0,0,0,0
1674,1984,8,8,2,0,0,0,0,0,1,0
1694,1984,5,4,0,0,0,0,1,0,3,0
1694,1986,3,3,2,0,0,0,0,0,0,0
1694,1987,1,1,1,0,0,0,0,0,0,0
1708,1980,1,1,0,0,0,0,0,0,1,0
1708,1981,2,1,0,0,0,0,1,0,0,0
1708,1986,3,2,1,0,0,0,1,0,0,0
1723,1995,1,1,0,0,0,0,0,0,1,0
1727,1988,11,10,1,0,0,0,1,0,0,0
1727,1996,3,3,1,0,0,0,0,0,0,0
1741,1985,5,3,1,0,0,1,2,0,1,0
1741,1986,3,3,0,0,0,0,0,0,0,0
1741,1987,3,3,2,1,0,0,0,0,0,0
1741,1990,1,1,0,0,0,0,0,0,1,0
1743,1986,16,14,1,0,0,0,1,1,4,0
1743,1987,1,1,1,0,0,1,0,0,0,0
1743,1988,3,3,0,0,0,0,0,0,2,0
1743,1989,11,9,5,1,0,0,2,0,0,0
1743,1990,2,2,0,0,0,0,0,0,0,0
1743,1991,4,4,2,0,0,0,0,0,0,0
1743,1996,5,3,1,0,0,0,2,0,0,0
1743,1997,7,6,2,0,0,0,1,0,1,0
1797,1987,2,2,1,0,0,1,0,0,1,0
1797,1988,1,1,1,0,0,0,0,0,0,0
1805,1994,2,2,1,0,0,0,0,0,0,0
1806,1998,2,1,0,0,0,0,1,0,0,0
1806,2000,7,6,1,0,0,0,1,0,0,0
1806,2002,4,4,0,0,0,0,0,0,2,0
1828,1995,2,1,0,0,0,0,1,0,0,0
1828,2001,1,0,0,0,0,0,1,0,0,0
1829,1996,2,0,0,0,0,0,2,0,0,0
1829,1998,3,1,0,0,0,0,2,0,0,0
1829,2000,2,1,1,0,0,0,0,0,0,0
1851,1986,1,1,0,0,0,0,0,0,0,0
1851,1989,3,3,1,0,0,0,0,0,0,0
1851,1991,3,2,0,0,0,0,1,0,1,0
1865,1991,1,1,0,0,0,0,0,0,0,0
1865,1993,2,2,0,0,0,0,0,0,0,0
1865,1998,1,1,1,0,0,0,0,0,0,0
1870,2002,1,0,0,0,0,0,0,1,0,0
1879,1979,1,1,0,0,0,0,0,0,0,0
1879,1981,1,1,1,0,1,0,0,0,0,0
1879,1982,6,6,1,0,0,0,0,0,2,0
1881,1998,4,4,1,0,0,0,0,0,0,0
1888,1996,7,5,0,0,0,0,2,0,2,0
1888,1998,3,3,1,0,0,0,0,0,1,0
1913,1982,7,7,1,0,0,0,0,0,0,0
1913,1983,5,4,1,0,0,0,1,0,0,0
1921,1989,1,1,1,0,0,0,0,0,0,0
1921,1993,1,0,0,0,0,0,1,0,0,0
1921,1994,3,2,0,0,0,0,1,0,1,0
1921,1995,2,2,1,0,0,0,0,0,0,0
1921,1998,1,1,1,0,0,0,0,0,0,0
1932,1982,1,1,0,0,0,0,0,0,0,0
1932,1983,1,1,0,0,0,0,0,0,1,0
1932,1985,1,1,0,0,0,0,0,0,0,0
1960,1985,3,3,0,0,0,0,0,0,1,0
1960,1986,12,10,3,1,0,1,2,0,3,0
1960,1987,5,4,1,0,0,0,1,0,0,0
1960,1988,10,8,2,1,0,0,2,0,0,0
1960,1989,8,7,1,0,0,0,1,0,1,0
1960,1990,3,2,1,0,0,1,1,0,0,0
1960,1991,1,0,0,0,0,0,1,0,0,0
1972,2001,6,4,1,0,1,0,2,0,0,0
1980,1980,3,2,0,0,0,0,1,0,0,0
2004,1995,2,1,0,0,0,0,1,0,0,0
2004,1997,1,1,0,0,0,0,0,0,1,0
2004,1998,1,1,0,0,0,0,0,0,0,0
2004,1999,1,1,0,0,0,0,0,0,1,0
2004,2001,1,1,1,0,0,0,0,0,0,0
2018,1999,1,1,1,1,0,0,0,0,0,0
2018,2001,3,2,0,0,0,0,1,0,0,0
2025,1990,4,4,2,1,0,1,0,0,0,0
2046,2002,1,0,0,0,0,0,1,0,0,0
2055,1984,2,2,1,0,0,0,0,0,0,0
2058,1999,1,0,0,0,0,0,1,0,0,0
2058,2001,1,0,0,0,0,0,0,0,0,1
2058,2003,1,0,0,0,0,0,0,1,0,0
2064,1979,3,2,1,0,0,0,1,0,0,0
2091,1987,2,2,0,0,0,0,0,0,1,0
2096,1980,8,7,0,0,0,0,1,0,0,0
2096,1981,13,10,3,0,0,0,3,0,5,0
2096,1982,9,9,1,0,0,0,0,0,4,0
2096,1983,13,12,4,0,0,1,1,0,1,0
2096,1984,4,4,1,1,0,0,0,0,0,0
2096,1985,3,3,1,0,0,0,0,0,1,0
2096,1987,3,3,1,0,0,0,0,0,1,0
2096,1988,5,5,0,0,0,0,0,0,0,0
2099,1981,4,3,1,0,0,0,1,0,1,0
2099,1982,5,5,0,0,0,0,0,0,2,0
2099,1983,3,3,2,0,1,0,0,0,0,0
2116,1993,4,4,2,0,0,1,0,0,2,0
2116,1994,7,7,0,0,0,0,0,0,2,0
2116,1995,4,2,1,0,0,0,2,0,1,0
2116,1996,4,4,1,0,0,0,0,0,0,0
2116,1997,4,2,1,1,0,0,2,0,0,0
2122,1988,6,6,4,2,0,0,0,0,1,0
2122,1995,2,2,0,0,0,0,0,0,0,0
2122,1996,1,1,1,0,0,0,0,0,0,0
2132,1979,2,2,0,0,0,0,0,0,0,0
2132,1980,2,2,0,0,0,0,0,0,0,0
2132,1981,3,2,1,0,0,0,1,0,1,0
2136,1979,1,1,0,0,0,0,0,0,0,0
2136,1980,5,5,2,0,0,0,0,0,1,0
2136,1981,4,3,0,0,0,0,1,0,1,0
2136,1982,3,3,1,1,0,0,0,0,0,0
2136,1983,4,2,1,0,0,0,2,0,1,0
2136,1984,5,1,1,1,0,0,3,1,0,0
2136,1985,2,2,0,0,0,0,0,0,2,0
2136,1986,4,4,0,0,0,0,0,0,1,0
2136,1987,1,1,0,0,0,0,0,0,1,0
2144,2000,6,4,1,0,0,0,2,0,0,0
2144,2001,3,2,0,0,0,0,1,0,0,0
2145,1992,1,0,0,0,0,0,1,0,0,0
2147,1984,5,5,3,1,0,0,0,0,0,0
2147,1985,2,2,1,0,0,0,0,0,0,0
2147,1986,3,3,0,0,0,0,0,0,1,0
2147,1987,9,8,0,0,0,0,1,0,5,0
2147,1988,9,9,3,0,0,0,0,0,4,0
2147,1989,8,6,0,0,0,0,2,0,1,0
2147,1990,11,7,1,0,0,0,4,0,2,0
2147,1991,8,8,0,0,0,0,0,0,0,0
2147,1994,4,3,0,0,0,0,1,0,0,0
2147,1995,6,4,2,1,0,0,2,0,1,0
2147,1998,7,6,0,0,0,0,1,0,4,0
2147,1999,3,3,1,0,0,0,0,0,1,0
2147,2000,4,2,0,0,0,0,2,0,0,0
2153,1980,9,9,3,0,0,0,0,0,0,0
2153,1981,2,2,0,0,0,0,0,0,0,0
2156,1985,3,3,1,0,0,0,0,0,1,0
2156,1988,3,3,1,0,0,0,0,0,1,0
2162,1999,1,1,1,0,0,0,0,0,0,0
2166,1998,6,6,0,0,0,0,0,0,1,0
2168,1986,1,1,0,0,0,0,0,0,0,0
2176,1984,4,2,0,0,0,0,1,1,0,0
2176,1985,4,3,0,0,0,0,0,1,0,0
2176,1986,4,2,0,0,0,0,2,0,0,0
2180,1985,14,11,3,0,0,1,3,0,2,0
2237,1998,8,4,1,1,0,0,4,0,0,0
2237,2000,3,3,0,0,0,0,0,0,1,0
2240,2002,2,2,0,0,0,0,0,0,0,0
2251,1979,7,7,3,0,0,1,0,0,0,0
2251,1980,1,1,0,0,0,0,0,0,0,0
2251,1981,3,3,1,0,0,0,0,0,0,0
2251,1982,2,2,1,0,0,0,0,0,1,0
2251,1984,7,7,2,0,0,0,0,0,2,0
2255,1990,1,0,0,0,0,0,1,0,0,0
2261,1994,3,2,0,0,0,0,0,1,1,0
2261,1995,11,10,3,1,1,0,1,0,1,0
2261,1998,6,6,1,0,0,0,0,0,1,0
2261,1999,3,2,1,0,0,0,1,0,1,0
2261,2000,5,5,0,0,0,0,0,0,1,0
2289,1993,2,2,2,0,0,0,0,0,0,0
2291,2003,1,1,0,0,0,0,0,0,0,0
2295,1997,2,1,0,0,0,0,1,0,1,0
2295,2001,1,1,0,0,0,0,0,0,1,0
2296,1985,6,5,1,0,0,1,1,0,0,0
2297,1987,4,4,1,0,0,0,0,0,0,0
2297,1989,1,0,0,0,0,0,1,0,0,0
2300,1997,5,2,1,1,0,0,2,1,0,0
2307,2000,3,3,1,0,0,0,0,0,0,0
2309,1981,1,0,0,0,0,0,1,0,0,0
2321,1980,7,7,0,0,0,0,0,0,0,0
2321,1981,4,4,1,0,0,0,0,0,0,0
2321,1982,4,3,0,0,0,0,1,0,1,0
2321,1984,4,4,1,0,0,0,0,0,2,0
2321,1985,3,2,1,0,0,0,1,0,0,0
2321,1986,2,2,1,1,0,0,0,0,0,0
2332,1996,2,2,0,0,0,0,0,0,1,0
2332,1997,3,3,0,0,0,0,0,0,0,0
2332,1999,6,5,0,0,0,0,1,0,2,0
2333,2000,1,1,0,0,0,0,0,0,0,0
2344,1995,5,4,1,0,0,1,1,0,0,0
2344,1996,3,3,0,0,0,0,0,0,1,0
2344,2000,2,1,0,0,0,0,0,0,0,0
2344,2001,1,0,0,0,0,0,1,0,0,0
2357,1986,6,6,2,0,0,0,0,0,1,0
2357,1987,9,5,1,0,0,1,3,1,0,0
2362,1988,2,2,0,0,0,0,0,0,0,0
2362,1998,1,1,1,0,0,0,0,0,0,0
2402,1984,3,3,1,0,0,0,0,0,2,0
2402,1986,3,1,0,0,0,0,2,0,0,0
2407,1993,1,1,0,0,0,0,0,0,0,0
2418,1995,1,1,0,0,0,0,0,0,1,0
2418,1998,3,3,2,0,0,0,0,0,0,0
2418,2000,1,1,0,0,0,0,0,0,0,0
2439,1981,5,4,2,1,0,0,1,0,0,0
2439,1984,2,2,0,0,0,0,0,0,0,0
2439,1985,5,5,0,0,0,0,0,0,2,0
2439,1986,7,6,1,0,0,0,1,0,0,0
2439,1987,2,2,1,0,0,0,0,0,0,0
2439,1989,1,1,0,0,0,0,0,0,1,0
2439,1990,5,5,2,1,0,1,0,0,0,0
2439,1991,1,1,0,0,0,0,0,0,0,0
2442,1996,3,3,1,1,0,0,0,0,0,0
2442,1997,2,1,0,0,0,0,1,0,0,0
2442,2000,2,2,0,0,0,0,0,0,2,0
2442,2002,2,1,0,0,0,0,1,0,0,0
2443,1982,1,1,0,0,0,0,0,0,0,0
2443,1983,4,4,3,1,0,1,0,0,0,0
2446,2000,1,1,0,0,0,0,0,0,0,0
2453,1987,2,2,1,0,0,0,0,0,0,0
2453,1988,5,4,1,1,0,0,0,0,0,1
2453,1989,3,3,1,0,0,0,0,0,2,0
2453,1990,2,2,1,0,0,0,0,0,0,0
2453,1991,2,2,1,0,0,0,0,0,0,0
2453,1992,4,2,1,0,0,1,2,0,0,0
2480,1999,1,0,0,0,0,0,1,0,0,0
2480,2000,1,1,1,0,0,0,0,0,0,0
2483,1998,1,0,0,0,0,0,0,0,0,0
2508,2001,2,2,0,0,0,0,0,0,2,0
2517,1980,6,5,1,0,0,0,0,1,1,0
2535,1994,1,0,0,0,0,0,1,0,0,0
2535,1995,2,1,0,0,0,0,1,0,1,0
2537,1989,4,2,0,0,0,0,2,0,0,0
2537,1990,1,1,0,0,0,0,0,0,0,0
2543,1999,2,1,0,0,0,0,1,0,1,0
2550,1983,2,1,0,0,0,0,1,0,0,0
2562,1996,5,3,1,0,0,1,2,0,1,0
2562,1997,1,1,1,0,0,0,0,0,0,0
2562,1999,7,6,2,1,0,0,1,0,1,0
2562,2001,7,7,1,0,0,0,0,0,0,0
2562,2002,3,3,1,0,0,1,0,0,2,0
2563,1981,1,1,0,0,0,0,0,0,1,0
2597,1993,8,6,3,0,0,1,2,0,2,0
2608,1979,4,4,2,0,0,0,0,0,1,0
2608,1980,9,7,3,0,0,0,1,1,0,0
2608,1981,4,3,1,0,0,0,1,0,0,0
2608,1983,4,3,0,0,0,0,1,0,0,0
2608,1984,3,2,0,0,0,0,1,0,0,0
2608,1985,9,8,1,1,0,0,1,0,1,0
2608,1986,5,4,0,0,0,0,0,0,1,1
2608,1992,8,6,3,1,0,1,1,1,0,0
2608,1993,10,9,4,0,0,2,0,1,1,0
2608,1996,5,4,1,0,0,0,1,0,1,0
2608,1998,4,3,0,0,0,0,1,0,0,0
2619,2001,1,1,1,0,0,0,0,0,0,0
2622,1999,1,1,0,0,0,0,0,0,1,0
2640,2000,6,4,0,0,0,0,2,0,0,0
2640,2001,4,3,1,0,0,0,1,0,1,0
2651,1986,4,4,1,1,0,0,0,0,0,0
2652,1988,4,3,0,0,0,0,1,0,0,0
2652,1989,2,2,1,0,0,0,0,0,0,0
2660,2001,4,4,1,0,0,0,0,0,1,0
2665,1991,5,4,1,0,0,1,0,0,0,1
2665,1992,3,2,2,0,0,1,1,0,0,0
2665,1997,1,0,0,0,0,0,1,0,0,0
2673,1979,3,3,1,0,0,0,0,0,0,0
2673,1980,2,2,0,0,0,0,0,0,0,0
2673,1981,2,2,1,0,0,0,0,0,1,0
2673,1982,8,6,2,1,0,1,2,0,2,0
2673,1983,1,1,0,0,0,0,0,0,0,0
2673,1984,1,1,0,0,0,0,0,0,1,0
2673,1986,2,2,0,0,0,0,0,0,0,0
2679,1982,3,3,1,0,0,0,0,0,1,0
2679,1983,12,9,2,0,0,0,3,0,3,0
2679,1984,6,6,4,0,0,0,0,0,1,0
2679,1985,6,6,3,1,0,0,0,0,0,0
2679,1986,4,2,1,0,0,0,2,0,0,0
2679,1988,4,4,0,0,0,0,0,0,1,0
2679,1989,3,3,2,1,0,0,0,0,0,0
2679,1991,1,1,1,0,0,0,0,0,0,0
2679,1992,2,1,0,0,0,0,1,0,1,0
2679,1993,1,1,0,0,0,0,0,0,0,0
2679,1994,2,2,1,0,0,0,0,0,0,0
2680,1989,3,2,0,0,0,0,1,0,0,0
2694,1986,5,5,0,0,0,0,0,0,0,0
2700,2003,1,1,0,0,0,0,0,0,0,0
2720,1988,1,0,0,0,0,0,1,0,0,0
2721,1995,2,1,0,0,0,0,0,0,1,1
2733,1997,2,2,1,0,0,1,0,0,0,0
2741,1989,3,2,0,0,0,0,1,0,0,0
2741,1994,3,3,1,0,0,0,0,0,1,0
2742,1997,3,1,1,0,0,0,2,0,0,0
2742,1998,1,1,1,0,0,0,0,0,0,0
2767,1987,4,3,0,0,0,0,1,0,0,0
2767,1994,2,2,1,0,0,0,0,0,0,0
2767,1995,2,2,2,0,0,1,0,0,0,0
2798,1991,3,3,1,0,0,0,0,0,1,0
2798,1992,2,2,0,0,0,0,0,0,1,0
2798,1993,3,1,0,0,0,0,2,0,1,0
2798,1996,3,2,0,0,0,0,1,0,1,0
2798,1997,2,1,0,0,0,0,1,0,0,0
2798,1998,1,1,0,0,0,0,0,0,1,0
2810,1999,2,2,1,0,0,0,0,0,0,0
2810,2000,4,2,1,0,0,0,2,0,0,0
2814,1982,3,3,1,0,0,0,0,0,0,0
2816,1980,4,4,1,0,0,0,0,0,0,0
2816,1981,4,2,0,0,0,0,2,0,0,0
2816,1982,11,11,3,0,0,0,0,0,2,0
2837,1993,10,6,3,0,0,2,4,0,2,0
2837,1994,3,3,1,0,0,0,0,0,0,0
2841,2001,3,3,1,1,0,0,0,0,1,0
2845,1994,5,4,1,0,0,0,1,0,0,0
2854,1980,1,1,1,0,0,0,0,0,0,0
2858,1996,3,2,0,0,0,0,1,0,1,0
2901,1995,1,0,0,0,0,0,1,0,0,0
2906,1998,2,2,1,0,0,0,0,0,0,0
2942,1993,4,4,1,0,0,0,0,0,0,0
2942,1996,3,1,1,0,0,0,2,0,0,0
2942,1997,2,2,0,0,0,0,0,0,1,0
2942,1998,1,1,0,0,0,0,0,0,1,0
2942,1999,2,1,0,0,0,0,1,0,0,0
2945,1997,1,1,0,0,0,0,0,0,0,0
2950,1985,10,7,2,0,0,1,2,0,1,1
2950,1986,4,3,1,0,0,0,1,0,1,0
2964,1992,3,2,1,0,0,0,1,0,0,0
2964,1993,8,7,2,0,0,0,1,0,0,0
2964,1995,3,3,1,0,0,0,0,0,0,0
2981,2002,1,0,0,0,0,0,1,0,0,0
2988,1989,7,5,1,0,0,0,2,0,0,0
2988,1992,9,8,3,3,0,0,1,0,0,0
2988,1993,6,6,2,1,0,0,0,0,1,0
2996,2001,1,1,0,0,0,0,0,0,1,0
2997,1979,8,7,2,0,0,0,1,0,1,0
2997,1980,8,7,4,0,0,2,1,0,0,0
2997,1981,13,11,4,0,1,0,2,0,0,0
2997,1983,3,3,0,0,0,0,0,0,0,0
2997,1984,14,13,3,1,1,0,1,0,3,0
2997,1985,4,3,0,0,0,0,0,0,0,1
2997,1986,11,11,3,0,0,1,0,0,0,0
2997,1987,8,5,1,0,0,0,3,0,1,0
2997,1989,7,5,1,0,0,0,2,0,1,0
2997,1990,1,1,1,1,0,0,0,0,0,0
3014,1993,2,2,0,0,0,0,0,0,0,0
3027,1986,3,1,0,0,0,0,2,0,1,0
3028,1998,7,5,1,0,0,0,0,0,0,2
3031,1979,1,1,0,0,0,0,0,0,0,0
3031,1980,3,2,0,0,0,0,0,0,0,0
3031,1981,2,2,0,0,0,0,0,0,0,0
3032,1991,1,0,0,0,0,0,1,0,0,0
3039,1996,1,0,0,0,0,0,1,0,0,0
3039,1997,1,1,0,0,0,0,0,0,1,0
3039,1999,4,4,0,0,0,0,0,0,2,0
3039,2000,3,3,1,0,0,0,0,0,0,0
3042,1979,2,2,0,0,0,0,0,0,1,0
3042,1980,6,4,1,1,0,0,2,0,0,0
3056,1989,1,1,0,0,0,0,0,0,0,0
3056,1990,1,1,0,0,0,0,0,0,0,0
3061,1990,1,0,0,0,0,0,1,0,0,0
3094,2001,1,1,0,0,0,0,0,0,1,0
3107,1989,7,5,3,0,0,0,2,0,0,0
3130,1998,1,1,0,0,0,0,0,0,1,0
3149,1989,3,3,1,0,0,0,0,0,0,0
3149,1996,2,2,0,0,0,0,0,0,0,0
3164,1981,1,1,0,0,0,0,0,0,0,0
3164,1982,1,0,0,0,0,0,0,0,0,1
3164,1983,1,1,0,0,0,0,0,0,1,0
3164,1984,1,1,0,0,0,0,0,0,0,0
3164,1985,5,3,1,0,0,0,1,0,0,1
3168,1979,2,2,0,0,0,0,0,0,0,0
3170,1990,3,2,1,0,0,0,1,0,1,0
3173,1979,5,5,1,0,0,0,0,0,1,0
3173,1980,10,9,0,0,0,0,1,0,1,0
3173,1981,12,9,1,0,0,0,3,0,2,0
3173,1982,7,5,1,0,0,0,2,0,2,0
3173,1983,4,4,1,1,0,0,0,0,1,0
3173,1984,3,3,1,0,0,0,0,0,2,0
3173,1987,2,2,0,0,0,0,0,0,1,0
3173,1988,2,2,0,0,0,0,0,0,1,0
3173,1993,1,1,0,0,0,0,0,0,0,0
3173,1996,1,1,0,0,0,0,0,0,0,0
3173,1997,1,1,0,0,0,0,0,0,0,0
3173,1998,5,5,1,0,0,0,0,0,0,0
3183,1990,1,1,0,0,0,0,0,0,0,0
3183,1992,2,2,1,0,0,0,0,0,1,0
3186,1979,4,3,1,0,0,0,1,0,0,0
3191,1999,8,6,3,2,0,0,2,0,0,0
3202,1991,1,1,0,0,0,0,0,0,0,0
3213,1983,6,4,1,0,0,0,2,0,1,0
3214,1986,4,3,1,1,0,0,1,0,0,0
3214,1987,4,3,0,0,0,0,1,0,1,0
3214,1988,3,3,2,0,0,0,0,0,0,0
3214,1990,6,5,2,0,0,0,1,0,1,0
3214,1992,1,1,0,0,0,0,0,0,0,0
3214,1993,2,2,2,1,0,0,0,0,0,0
3214,1994,5,4,1,0,0,0,1,0,0,0
3216,1991,5,4,1,0,0,0,1,0,0,0
3216,1995,1,0,0,0,0,0,1,0,0,0
3216,1999,1,1,1,0,0,0,0,0,0,0
3223,1999,4,4,0,0,0,0,0,0,0,0
3223,2001,6,5,2,1,0,0,1,0,0,0
3226,2002,1,1,0,0,0,0,0,0,1,0
3229,1992,2,2,1,0,0,0,0,0,0,0
3229,1993,7,7,0,0,0,0,0,0,1,0
3229,1994,7,5,2,2,0,0,2,0,0,0
3229,2000,4,3,1,0,0,0,1,0,1,0
3229,2003,1,1,0,0,0,0,0,0,1,0
3248,2001,1,1,0,0,0,0,0,0,1,0
3262,1995,1,1,1,1,0,0,0,0,0,0
3262,2001,1,1,1,1,0,0,0,0,0,0
3262,2002,1,1,0,0,0,0,0,0,0,0
3293,1996,1,1,0,0,0,0,0,0,0,0
3295,1980,9,8,2,0,0,0,1,0,1,0
3295,1981,11,9,4,0,1,0,2,0,0,0
3295,1982,11,7,4,0,1,0,4,0,0,0
3296,1990,4,4,3,0,1,1,0,0,0,0
3296,1991,7,7,1,0,0,0,0,0,1,0
3296,1992,2,2,1,0,0,0,0,0,0,0
3296,1993,10,7,3,1,0,0,3,0,2,0
3296,1994,4,1,0,0,0,0,3,0,0,0
3296,1995,2,2,1,0,0,0,0,0,0,0
3296,1997,4,4,2,0,0,0,0,0,0,0
3296,1998,4,4,1,0,0,0,0,0,0,0
3296,2000,3,2,0,0,0,0,1,0,0,0
3296,2002,4,4,1,0,0,0,0,0,2,0
3301,1982,3,2,0,0,0,0,1,0,0,0
3313,1998,4,2,0,0,0,0,2,0,0,0
3313,2000,5,1,0,0,0,0,4,0,0,0
3313,2002,1,1,0,0,0,0,0,0,0,0
3324,1981,1,1,1,0,0,0,0,0,0,0
3339,1997,7,6,1,0,0,1,1,0,0,0
3339,1998,4,4,2,0,0,0,0,0,1,0
3339,1999,7,6,1,0,0,0,1,0,1,0
3339,2000,8,5,1,0,0,0,3,0,2,0
3339,2001,13,10,2,1,0,0,3,0,1,0
3339,2003,4,3,1,0,0,0,1,0,1,0
3354,1985,3,2,2,0,0,0,1,0,0,0
3374,1998,5,4,1,1,0,0,1,0,1,0
3374,2002,3,2,1,1,0,0,1,0,1,0
3387,1991,6,5,2,1,0,0,1,0,0,0
3387,1994,3,2,0,0,0,0,1,0,0,0
3392,1997,2,1,1,1,0,0,1,0,0,0
3405,1980,3,1,0,0,0,0,2,0,0,0
3405,1981,5,4,0,0,0,0,0,0,1,1
3410,1999,4,4,1,0,0,1,0,0,1,0
3410,2000,3,2,0,0,0,0,0,0,0,1
3413,1988,4,4,0,0,0,0,0,0,0,0
3413,1989,6,5,3,0,0,1,1,0,1,0
3413,1993,2,2,0,0,0,0,0,0,0,0
3414,1982,3,2,0,0,0,0,1,0,0,0
3417,1984,6,5,2,0,0,0,1,0,1,0
3417,1986,4,3,0,0,0,0,1,0,2,0
3417,1987,2,2,1,0,0,0,0,0,0,0
3417,1988,4,2,0,0,0,0,1,1,0,0
3417,1989,3,2,1,0,0,0,1,0,0,0
3417,1990,5,4,3,0,0,0,1,0,0,0
3417,1991,5,4,1,0,0,0,1,0,1,0
3417,1992,1,0,0,0,0,0,1,0,0,0
3417,1993,3,2,1,0,0,0,0,0,0,1
3417,1994,1,1,0,0,0,0,0,0,0,0
3420,1996,8,7,2,0,0,1,1,0,3,0
3420,1997,3,3,1,0,0,1,0,0,2,0
3420,1998,11,9,3,1,0,0,2,0,1,0
3420,2001,1,1,0,0,0,0,0,0,1,0
3420,2003,1,1,0,0,0,0,0,0,1,0
3445,1982,7,5,1,0,0,0,2,0,2,0
3455,1990,4,3,1,0,0,0,1,0,1,0
3455,1991,8,5,0,0,0,0,2,0,1,1
3455,1992,6,5,3,0,0,1,1,0,0,0
3455,1993,8,3,0,0,0,0,5,0,1,0
3455,1995,11,9,2,1,0,0,2,0,2,0
3455,1997,3,3,1,0,0,0,0,0,0,0
3455,1999,6,5,1,0,0,0,1,0,2,0
3455,2000,3,3,0,0,0,0,0,0,1,0
3466,1996,5,5,1,0,0,1,0,0,0,0
3466,1997,2,2,1,0,0,0,0,0,0,0
3466,2001,3,2,1,1,0,0,1,0,0,0
3468,1994,8,6,1,0,0,0,1,0,3,0
3482,1990,6,6,3,0,0,0,0,0,2,0
3482,1992,1,1,0,0,0,0,0,0,0,0
3482,1993,1,1,0,0,0,0,0,0,0,0
3482,1994,1,1,0,0,0,0,0,0,0,0
3482,1997,1,1,0,0,0,0,0,0,0,0
3482,2001,2,2,0,0,0,0,0,0,1,0
3506,1980,6,4,1,0,0,0,2,0,1,0
3509,2000,3,3,1,1,0,0,0,0,0,0
3513,1989,4,4,0,0,0,0,0,0,0,0
3513,1990,5,5,1,0,0,0,0,0,1,0
3515,1983,1,1,1,0,0,0,0,0,0,0
3515,1984,3,2,0,0,0,0,1,0,0,0
3515,1985,4,2,0,0,0,0,2,0,1,0
3518,1981,1,1,0,0,0,0,0,0,1,0
3518,1982,1,1,0,0,0,0,0,0,0,0
3518,1984,2,2,1,0,0,0,0,0,0,0
3518,1985,3,3,2,0,0,0,0,0,0,0
3519,1986,1,1,0,0,0,0,0,0,0,0
3519,1987,1,1,0,0,0,0,0,0,0,0
3519,1988,6,6,1,0,0,0,0,0,0,0
3519,1989,7,7,1,0,0,0,0,0,3,0
3519,1990,9,8,3,1,0,1,1,0,1,0
3519,1992,12,9,3,0,1,1,3,0,2,0
3519,1993,9,7,2,0,0,0,2,0,2,0
3519,1994,11,11,1,0,0,0,0,0,2,0
3519,1995,8,8,1,0,0,0,0,0,1,0
3519,1998,8,7,1,0,0,0,1,0,3,0
3519,2000,3,1,0,0,0,0,2,0,0,0
3526,2000,1,1,0,0,0,0,0,0,1,0
3533,1986,2,2,0,0,0,0,0,0,0,0
3534,1992,7,5,0,0,0,0,2,0,1,0
3560,1979,5,5,2,1,0,0,0,0,1,0
3560,1980,15,13,4,1,0,0,2,0,1,0
3560,1981,10,9,2,0,0,0,1,0,0,0
3560,1982,7,5,0,0,0,0,2,0,1,0
3560,1983,7,7,3,2,0,0,0,0,1,0
3560,1984,7,7,1,0,0,1,0,0,1,0
3560,1985,8,7,2,2,0,0,1,0,3,0
3560,1986,3,2,0,0,0,0,1,0,0,0
3560,1987,6,5,3,2,0,1,1,0,0,0
3560,1988,14,9,4,0,0,0,4,1,0,0
3560,1989,10,10,2,1,0,0,0,0,2,0
3560,1991,3,3,2,1,0,1,0,0,0,0
3564,1992,4,4,2,2,0,0,0,0,0,0
3564,1993,12,11,5,0,0,1,1,0,1,0
3564,1994,3,2,2,0,0,0,1,0,0,0
3564,1995,3,3,1,1,0,0,0,0,0,0
3577,1997,3,1,1,0,0,0,2,0,0,0
3577,1998,10,8,1,0,0,0,2,0,1,0
3577,2000,2,2,1,0,0,0,0,0,0,0
3611,1983,4,4,2,0,0,0,0,0,0,0
3611,1984,12,10,2,0,0,0,2,0,2,0
3623,1981,2,2,2,1,0,0,0,0,0,0
3628,1998,4,4,1,0,0,0,0,0,0,0
3635,1981,8,7,2,0,0,0,0,1,0,0
3635,1982,14,10,4,1,0,1,4,0,1,0
3635,1983,10,7,2,1,0,0,3,0,2,0
3635,1986,2,2,1,0,1,0,0,0,0,0
3641,1992,1,1,0,0,0,0,0,0,0,0
3647,1989,1,1,1,0,1,0,0,0,0,0
3647,1990,2,2,1,0,0,0,0,0,0,0
3647,1994,1,1,0,0,0,0,0,0,1,0
3647,1996,1,1,0,0,0,0,0,0,0,0
3647,1997,1,1,0,0,0,0,0,0,0,0
3651,1997,4,2,1,0,0,0,1,0,0,1
3659,1998,3,3,1,0,1,0,0,0,0,0
3659,2000,1,1,1,0,0,0,0,0,0,0
3665,2003,1,0,0,0,0,0,1,0,0,0
3681,1996,2,2,0,0,0,0,0,0,0,0
3681,1997,1,0,0,0,0,0,1,0,0,0
3694,2002,2,2,0,0,0,0,0,0,0,0
3702,1997,1,1,0,0,0,0,0,0,1,0
3702,1999,2,2,1,1,0,0,0,0,0,0
3702,2000,1,0,0,0,0,0,1,0,0,0
3704,1987,6,4,2,0,0,0,2,0,1,0
3704,1988,6,5,2,1,0,0,1,0,0,0
3704,1989,5,4,1,0,0,0,0,1,0,0
3704,1990,5,5,1,0,0,0,0,0,1,0
3704,1991,1,1,1,0,0,0,0,0,0,0
3707,1982,2,2,2,0,0,0,0,0,0,0
3707,1983,3,2,1,0,0,0,1,0,0,0
3707,1984,2,2,0,0,0,0,0,0,0,0
3707,1987,4,4,2,0,0,0,0,0,1,0
3726,1996,8,6,0,0,0,0,1,1,1,0
3736,1979,1,1,0,0,0,0,0,0,0,0
3741,1993,1,1,0,0,0,0,0,0,0,0
3754,1991,4,4,1,1,0,0,0,0,1,0
3754,1992,6,6,2,0,0,0,0,0,1,0
3754,1993,2,1,0,0,0,0,1,0,0,0
3755,1979,8,8,1,0,0,0,0,0,0,0
3765,2001,1,0,0,0,0,0,1,0,0,0
3765,2003,2,2,1,0,0,0,0,0,0,0
3786,2001,1,1,0,0,0,0,0,0,1,0
3798,2000,2,2,0,0,0,0,0,0,1,0
3798,2001,1,1,1,0,0,0,0,0,0,0
3798,2002,3,2,0,0,0,0,1,0,0,0
3809,2000,3,2,1,0,0,0,1,0,0,0
3809,2001,3,2,0,0,0,0,1,0,0,0
3811,1998,1,1,0,0,0,0,0,0,0,0
3815,1998,1,0,0,0,0,0,0,1,0,0
3816,1991,3,3,0,0,0,0,0,0,0,0
3820,1979,2,1,0,0,0,0,1,0,1,0
3820,1980,7,6,2,1,0,0,1,0,0,0
3820,1984,3,2,2,0,0,0,1,0,0,0
3849,1994,2,2,0,0,0,0,0,0,1,0
3870,2001,8,8,2,0,0,0,0,0,3,0
3893,1999,1,1,0,0,0,0,0,0,0,0
3893,2000,1,1,0,0,0,0,0,0,0,0
3899,1998,1,0,0,0,0,0,0,1,0,0
3899,2000,1,1,1,0,0,0,0,0,0,0
3900,1991,3,3,0,0,0,0,0,0,0,0
3900,1997,3,3,0,0,0,0,0,0,0,0
3916,1993,6,4,1,0,0,1,2,0,1,0
3916,1996,6,5,3,0,0,2,1,0,1,0
3916,1997,4,3,1,0,0,0,1,0,1,0
3916,1998,4,4,0,0,0,0,0,0,0,0
3916,1999,2,2,1,1,0,0,0,0,0,0
3916,2000,1,0,0,0,0,0,1,0,0,0
3916,2001,4,4,1,0,0,0,0,0,2,0
3917,1991,10,7,1,0,1,0,3,0,2,0
3917,1992,4,3,0,0,0,0,1,0,1,0
3917,1993,1,1,0,0,0,0,0,0,0,0
3917,1994,1,1,0,0,0,0,0,0,0,0
3921,1988,4,4,2,0,0,0,0,0,2,0
3921,1990,1,1,1,0,0,1,0,0,0,0
3925,2002,6,5,0,0,0,0,1,0,0,0
3927,1979,2,2,0,0,0,0,0,0,1,0
3927,1980,7,4,3,0,0,0,2,0,0,0
3927,1981,2,2,2,1,0,0,0,0,0,0
3946,1980,2,2,1,1,0,0,0,0,0,0
3946,1981,3,2,1,0,0,0,1,0,0,0
3946,1982,5,4,2,1,0,0,1,0,0,0
3989,2002,3,3,1,0,0,0,0,0,0,0
4024,1983,1,0,0,0,0,0,1,0,0,0
4024,1984,1,0,0,0,0,0,1,0,0,0
4024,1985,3,2,0,0,0,0,1,0,1,0
4030,1989,4,4,1,0,0,0,0,0,0,0
4030,1990,2,2,0,0,0,0,0,0,0,0
4030,1991,1,0,0,0,0,0,1,0,0,0
4030,1993,1,1,0,0,0,0,0,0,0,0
4086,1995,3,2,0,0,0,0,1,0,0,0
4095,1996,3,3,0,0,0,0,0,0,1,0
4095,1999,11,10,3,1,0,0,1,0,0,0
4095,2001,3,2,0,0,0,0,1,0,1,0
4095,2002,3,3,0,0,0,0,0,0,1,0
4095,2003,3,3,0,0,0,0,0,0,0,0
4096,1980,1,0,0,0,0,0,1,0,0,0
4096,1981,2,1,1,0,0,1,1,0,0,0
4096,1985,2,1,0,0,0,0,1,0,0,0
4096,1990,2,2,1,0,0,1,0,0,1,0
4096,1991,3,2,0,0,0,0,1,0,0,0
4102,2002,1,1,0,0,0,0,0,0,0,0
4105,2000,3,2,1,0,0,0,0,1,0,0
4122,1993,1,0,0,0,0,0,1,0,0,0
4122,1994,3,3,0,0,0,0,0,0,0,0
4129,1979,4,4,1,1,0,0,0,0,0,0
4129,1982,3,3,0,0,0,0,0,0,1,0
4129,1983,4,4,0,0,0,0,0,0,1,0
4146,2000,1,0,0,0,0,0,1,0,0,0
4161,2001,2,2,0,0,0,0,0,0,1,0
4168,1988,2,2,0,0,0,0,0,0,0,0
4168,1989,1,1,1,0,1,0,0,0,0,0
4203,1997,3,2,0,0,0,0,1,0,1,0
4203,1998,3,2,0,0,0,0,1,0,1,0
4203,2000,2,2,1,0,0,0,0,0,0,0
4214,1986,2,2,2,1,0,0,0,0,0,0
4214,1988,3,3,0,0,0,0,0,0,0,0
4219,1989,7,5,1,0,0,1,2,0,1,0
4219,1990,11,9,3,1,0,0,2,0,0,0
4219,1991,9,5,1,0,0,0,4,0,0,0
4219,1992,11,8,0,0,0,0,3,0,3,0
4219,1993,1,1,0,0,0,0,0,0,0,0
4219,1995,8,7,0,0,0,0,1,0,0,0
4219,1997,1,1,1,0,0,0,0,0,0,0
4219,1998,4,3,0,0,0,0,1,0,1,0
4239,1980,2,2,0,0,0,0,0,0,2,0
4239,1981,1,1,0,0,0,0,0,0,1,0
4239,1982,3,3,0,0,0,0,0,0,3,0
4239,1983,3,2,0,0,0,0,1,0,2,0
4239,1989,1,1,0,0,0,0,0,0,1,0
4239,1994,1,0,0,0,0,0,1,0,0,0
4242,1982,2,2,1,1,0,0,0,0,0,0
4242,1983,6,3,0,0,0,0,3,0,0,0
4242,1984,8,5,3,1,1,0,2,1,0,0
4253,1996,6,3,0,0,0,0,3,0,0,0
4253,1999,3,2,0,0,0,0,0,1,0,0
4259,1990,7,6,2,1,0,0,1,0,1,0
4259,1992,7,4,0,0,0,0,3,0,1,0
4259,1993,4,4,0,0,0,0,0,0,1,0
4259,1999,4,4,2,0,0,0,0,0,0,0
4269,1997,1,0,0,0,0,0,1,0,0,0
4271,1992,4,4,0,0,0,0,0,0,1,0
4282,1999,5,4,1,1,0,0,1,0,0,0
4282,2001,1,1,1,0,0,0,0,0,0,0
4287,1991,2,2,0,0,0,0,0,0,0,0
4329,1997,3,2,0,0,0,0,1,0,1,0
4343,1998,3,3,2,0,0,0,0,0,0,0
4358,1980,1,1,0,0,0,0,0,0,0,0
4358,1987,2,2,0,0,0,0,0,0,1,0
4364,1993,2,2,0,0,0,0,0,0,0,0
4364,1999,2,2,0,0,0,0,0,0,0,0
4364,2000,1,0,0,0,0,0,0,0,0,1
4366,1980,3,3,2,0,0,1,0,0,0,0
4366,1982,3,2,1,0,0,0,1,0,1,0
4372,1997,1,1,1,0,0,0,0,0,0,0
4372,2000,1,0,0,0,0,0,1,0,0,0
4372,2002,1,1,0,0,0,0,0,0,1,0
4377,1995,4,2,2,1,0,0,2,0,0,0
4393,2003,1,1,1,0,0,0,0,0,0,0
4398,1989,4,3,1,0,0,0,1,0,0,0
4398,1990,3,2,1,0,0,1,1,0,0,0
4399,1993,2,1,0,0,0,0,1,0,0,0
4399,1998,1,1,0,0,0,0,0,0,0,0
4401,1984,8,8,2,1,0,0,0,0,2,0
4401,1985,7,5,2,0,0,0,2,0,0,0
4401,1986,5,5,2,0,1,0,0,0,0,0
4401,1988,16,15,4,1,0,1,1,0,0,0
4401,1989,16,14,2,1,0,0,2,0,3,0
4401,1990,4,4,2,0,0,0,0,0,0,0
4401,1991,3,2,1,1,0,0,1,0,0,0
4401,1992,7,5,0,0,0,0,2,0,1,0
4401,1993,3,2,1,0,0,0,1,0,0,0
4401,1995,11,10,0,0,0,0,1,0,0,0
4420,1986,2,1,0,0,0,0,1,0,0,0
4420,1987,1,1,0,0,0,0,0,0,0,0
4420,1990,1,1,1,0,0,1,0,0,0,0
4420,1991,2,2,0,0,0,0,0,0,1,0
4423,1979,3,3,1,0,0,0,0,0,1,0
4423,1980,4,2,0,0,0,0,2,0,0,0
4423,1981,6,6,2,0,0,1,0,0,2,0
4423,1982,7,5,1,0,0,0,2,0,2,0
4423,1983,13,10,3,1,0,1,3,0,2,0
4423,1984,8,8,2,0,0,0,0,0,2,0
4435,1991,7,6,1,0,0,0,1,0,1,0
4435,1992,3,3,1,0,0,0,0,0,0,0
4435,1993,2,2,1,0,0,0,0,0,0,0
4435,1994,4,4,1,0,0,0,0,0,1,0
4438,1983,1,1,1,0,0,1,0,0,0,0
4438,1987,3,3,1,0,0,0,0,0,0,0
4439,1995,1,1,1,0,0,0,0,0,0,0
4440,1979,7,6,1,0,0,0,1,0,0,0
4440,1980,11,8,5,0,0,0,2,0,0,0
4440,1981,4,4,2,0,1,0,0,0,1,0
4440,1982,10,10,3,0,0,1,0,0,1,0
4440,1983,4,1,0,0,0,0,2,1,0,0
4440,1984,8,7,2,1,0,0,1,0,1,0
4440,1985,1,1,0,0,0,0,0,0,0,0
4450,1990,8,8,3,1,0,0,0,0,1,0
4450,1992,1,1,0,0,0,0,0,0,1,0
4450,1993,1,1,0,0,0,0,0,0,0,0
4450,1994,1,1,0,0,0,0,0,0,0,0
4450,1995,1,1,0,0,0,0,0,0,1,0
4450,1996,1,1,0,0,0,0,0,0,1,0
4450,1997,2,2,2,0,0,0,0,0,0,0
4450,2000,2,2,0,0,0,0,0,0,0,0
4450,2001,1,1,0,0,0,0,0,0,0,0
4465,2000,4,3,0,0,0,0,1,0,1,0
4465,2001,1,1,0,0,0,0,0,0,0,0
4466,1986,8,7,0,0,0,0,1,0,1,0
4466,1987,13,11,2,0,0,0,2,0,0,0
4466,1988,4,2,1,1,0,0,2,0,1,0
4466,1991,8,7,2,1,0,0,1,0,0,0
4466,1992,8,8,3,0,0,1,0,0,0,0
4468,1991,4,4,0,0,0,0,0,0,1,0
4468,1992,4,4,2,1,0,0,0,0,0,0
4468,1993,6,6,0,0,0,0,0,0,1,0
4468,1995,4,4,1,0,0,0,0,0,2,0
4468,1999,3,2,2,0,0,1,1,0,0,0
4481,1991,2,2,1,0,0,0,0,0,0,0
4481,1993,1,1,0,0,0,0,0,0,1,0
4484,1980,12,12,4,0,0,0,0,0,4,0
4484,1981,3,3,1,1,0,0,0,0,1,0
4484,1982,8,5,2,0,0,0,3,0,2,0
4484,1983,11,8,2,1,0,0,2,0,0,0
4484,1984,8,7,3,1,0,0,1,0,1,0
4484,1985,8,7,1,0,0,0,1,0,2,0
4484,1986,1,1,0,0,0,0,0,0,0,0
4485,1991,4,3,0,0,0,0,1,0,1,0
4485,1992,3,2,1,0,1,0,1,0,0,0
4485,1993,2,2,2,0,0,1,0,0,0,0
4487,2001,1,0,0,0,0,0,1,0,0,0
4510,2001,7,7,1,0,0,0,0,0,1,0
4510,2002,6,6,0,0,0,0,0,0,1,0
4516,1980,3,3,1,0,0,0,0,0,0,0
4520,1989,1,0,0,0,0,0,1,0,0,0
4521,1995,1,1,1,0,0,0,0,0,0,0
4521,1997,2,2,2,0,0,1,0,0,0,0
4530,2000,2,2,1,0,0,0,0,0,0,0
4530,2002,4,4,1,0,1,0,0,0,3,0
4558,1981,3,3,1,0,0,0,0,0,1,0
4559,1996,7,4,1,0,0,0,3,0,1,0
4570,1996,10,9,1,1,0,0,1,0,1,0
4570,1997,5,4,1,0,0,0,1,0,0,0
4570,1999,4,3,0,0,0,0,1,0,1,0
4570,2001,9,8,3,2,0,0,1,0,1,0
4570,2003,3,3,1,1,0,0,0,0,0,0
4577,1996,1,1,1,0,0,0,0,0,0,0
4585,1993,3,2,0,0,0,0,1,0,0,0
4585,1995,8,7,0,0,0,0,1,0,0,0
4585,1997,2,1,0,0,0,0,1,0,0,0
4604,1989,3,1,0,0,0,0,2,0,0,0
4604,1990,8,8,2,2,0,0,0,0,3,0
4604,1991,3,1,1,0,0,1,1,0,0,1
4604,1992,9,8,4,0,0,1,1,0,1,0
4604,1993,7,5,2,0,0,0,2,0,1,0
4604,1995,11,10,3,2,0,1,1,0,4,0
4604,1998,7,6,1,0,0,0,1,0,2,0
4605,1999,1,1,0,0,0,0,0,0,1,0
4626,1997,1,1,1,1,0,0,0,0,0,0
4631,1988,4,3,1,0,0,0,1,0,0,0
4631,1989,4,2,0,0,0,0,1,0,1,1
4631,1996,3,3,0,0,0,0,0,0,2,0
4631,1997,1,1,1,0,0,1,0,0,0,0
4631,1999,4,3,1,0,0,0,1,0,1,0
4637,2000,3,2,0,0,0,0,1,0,0,0
4637,2002,1,1,0,0,0,0,0,0,1,0
4651,1985,2,1,0,0,0,0,1,0,0,0
4651,1986,3,3,1,0,0,0,0,0,0,0
4651,1987,3,3,0,0,0,0,0,0,0,0
4651,1989,1,0,0,0,0,0,1,0,0,0
4651,1990,7,5,3,2,0,0,2,0,0,0
4651,1991,8,8,0,0,0,0,0,0,2,0
4651,1992,2,2,2,0,0,0,0,0,0,0
4651,1993,3,3,0,0,0,0,0,0,1,0
4651,1994,1,1,0,0,0,0,0,0,1,0
4653,1989,1,0,0,0,0,0,1,0,0,0
4653,1994,1,1,0,0,0,0,0,0,1,0
4670,1998,1,1,0,0,0,0,0,0,1,0
4671,1997,2,1,1,0,0,0,1,0,0,0
4684,1996,1,0,0,0,0,0,0,1,0,0
4696,1993,3,3,1,1,0,0,0,0,1,0
4698,1979,1,1,1,1,0,0,0,0,0,0
4698,1980,1,1,1,0,1,0,0,0,0,0
4700,1989,2,2,0,0,0,0,0,0,1,0
4700,1990,1,1,1,0,0,0,0,0,0,0
4708,1998,1,1,1,0,0,1,0,0,0,0
4708,2000,3,3,0,0,0,0,0,0,1,0
4708,2001,1,1,0,0,0,0,0,0,1,0
4708,2002,1,1,0,0,0,0,0,0,0,0
4709,1980,2,1,0,0,0,0,1,0,0,0
4709,1981,3,3,0,0,0,0,0,0,0,0
4709,1982,2,2,2,1,0,0,0,0,0,0
4718,1992,1,1,0,0,0,0,0,0,0,0
4718,1993,1,0,0,0,0,0,1,0,0,0
4727,1981,3,3,1,0,0,0,0,0,1,0
4727,1982,10,7,2,0,0,0,3,0,0,0
4727,1983,3,3,1,1,0,0,0,0,0,0
4727,1985,4,2,0,0,0,0,2,0,1,0
4727,1986,1,1,0,0,0,0,0,0,0,0
4727,1988,3,1,1,1,0,0,2,0,0,0
4727,1989,3,3,1,0,0,0,0,0,0,0
4729,1989,4,4,1,0,0,0,0,0,0,0
4729,1990,6,5,2,1,0,0,1,0,0,0
4731,1997,3,3,1,0,0,0,0,0,2,0
4731,1998,3,3,1,0,0,1,0,0,0,0
4731,2000,1,1,0,0,0,0,0,0,0,0
4744,2001,4,3,0,0,0,0,1,0,0,0
4748,1988,1,1,1,0,0,0,0,0,0,0
4768,1983,8,6,1,0,0,0,2,0,1,0
4768,1984,8,7,1,0,0,0,1,0,1,0
4768,1985,4,4,0,0,0,0,0,0,1,0
4768,1986,11,10,4,1,0,0,1,0,1,0
4768,1992,4,2,1,0,0,1,2,0,0,0
4771,1980,2,1,0,0,0,0,1,0,0,0
4803,1997,2,2,0,0,0,0,0,0,1,0
4803,1998,8,6,2,0,0,1,2,0,1,0
4803,2000,4,4,0,0,0,0,0,0,0,0
4803,2001,3,3,1,0,0,0,0,0,1,0
4831,1982,2,2,0,0,0,0,0,0,1,0
4831,1985,1,0,0,0,0,0,1,0,0,0
4831,1986,5,4,1,0,0,1,1,0,0,0
4831,1987,3,3,1,0,0,0,0,0,2,0
4831,1988,2,2,1,0,0,0,0,0,0,0
4831,1989,2,1,0,0,0,0,1,0,0,0
4831,1990,1,1,0,0,0,0,0,0,0,0
4831,1991,1,1,0,0,0,0,0,0,0,0
4831,1992,1,1,0,0,0,0,0,0,1,0
4831,1993,2,2,0,0,0,0,0,0,1,0
4831,1994,1,1,0,0,0,0,0,0,0,0
4835,1988,6,6,1,0,0,0,0,0,1,0
4835,1989,1,1,0,0,0,0,0,0,0,0
4835,1990,4,3,1,0,0,0,1,0,0,0
4835,1991,1,1,1,0,0,0,0,0,0,0
4835,1992,2,2,0,0,0,0,0,0,0,0
4835,1993,1,0,0,0,0,0,1,0,0,0
4840,1997,1,0,0,0,0,0,1,0,0,0
4840,1998,3,3,0,0,0,0,0,0,1,0
4844,1984,1,1,1,0,0,0,0,0,0,0
4844,1986,1,1,0,0,0,0,0,0,1,0
4844,1993,3,3,1,0,0,0,0,0,0,0
4845,1993,1,1,1,0,1,0,0,0,0,0
4845,1996,4,4,1,0,0,0,0,0,2,0
4845,1997,1,1,0,0,0,0,0,0,0,0
4857,1993,4,3,1,0,0,0,1,0,1,0
4857,1994,7,7,2,1,0,0,0,0,1,0
4857,1995,8,8,2,0,0,1,0,0,1,0
4857,1998,6,2,1,0,0,0,4,0,0,0
4857,1999,3,2,0,0,0,0,0,0,0,1
4862,1999,1,1,0,0,0,0,0,0,0,0
4862,2000,2,2,0,0,0,0,0,0,0,0
4862,2002,1,1,0,0,0,0,0,0,1,0
4863,2000,7,7,2,0,0,0,0,0,1,0
4869,1999,2,1,0,0,0,0,1,0,1,0
4871,1997,6,5,1,0,0,0,1,0,1,0
4871,1999,5,5,2,1,0,0,0,0,3,0
4876,2002,2,2,1,0,0,0,0,0,1,0
4901,1993,3,3,1,0,0,0,0,0,0,0
4910,1997,3,1,0,0,0,0,2,0,1,0
4910,1999,15,13,4,1,0,0,1,0,3,1
4910,2000,8,8,3,0,0,0,0,0,2,0
4910,2001,7,6,1,0,0,0,1,0,2,0
4910,2003,1,1,0,0,0,0,0,0,1,0
4916,1998,2,2,0,0,0,0,0,0,0,0
4916,1999,4,3,0,0,0,0,1,0,1,0
4920,1992,1,1,1,0,0,0,0,0,0,0
4920,1993,2,2,2,1,1,0,0,0,0,0
4920,1994,2,1,1,0,0,0,1,0,0,0
4920,1995,1,1,1,1,0,0,0,0,0,0
4920,1998,3,2,0,0,0,0,1,0,1,0
4920,2000,2,1,0,0,0,0,1,0,0,0
4928,1984,5,4,1,1,0,0,1,0,2,0
4928,1985,3,3,1,0,1,0,0,0,1,0
4928,1986,1,1,0,0,0,0,0,0,0,0
4928,1987,1,0,0,0,0,0,1,0,0,0
4928,1988,2,1,0,0,0,0,1,0,0,0
4929,1989,2,1,1,0,0,0,1,0,0,0
4929,1994,4,3,1,0,0,0,1,0,1,0
4929,1996,2,1,0,0,0,0,1,0,0,0
4929,1998,3,3,1,0,0,0,0,0,1,0
4956,1995,3,2,0,0,0,0,1,0,0,0
4960,1990,1,1,0,0,0,0,0,0,1,0
4960,1991,1,0,0,0,0,0,1,0,0,0
4960,1994,6,3,1,0,0,0,3,0,0,0
4966,1989,3,3,1,0,0,0,0,0,0,0
4966,1990,2,2,2,0,0,1,0,0,0,0
4972,1989,4,4,1,0,0,0,0,0,0,0
4972,1990,3,3,0,0,0,0,0,0,0,0
4972,1991,4,3,0,0,0,0,1,0,1,0
4984,1981,2,2,0,0,0,0,0,0,0,0
4993,1985,9,9,0,0,0,0,0,0,1,0
4993,1986,17,14,3,0,1,1,2,0,3,1
4993,1987,12,9,2,1,1,0,3,0,1,0
4993,1988,15,13,5,0,0,0,2,0,1,0
4993,1989,3,3,0,0,0,0,0,0,0,0
4993,1990,6,5,2,0,0,1,1,0,2,0
4993,1994,3,1,1,0,0,0,2,0,0,0
4996,2002,5,4,2,1,0,0,1,0,0,0
5011,1980,2,1,0,0,0,0,1,0,0,0
5012,1998,5,5,0,0,0,0,0,0,2,0
5012,2000,6,3,1,0,0,0,2,0,0,1
5015,1994,1,1,0,0,0,0,0,0,0,0
5017,1989,3,3,1,0,0,1,0,0,0,0
5017,1991,3,1,1,0,0,1,2,0,0,0
5017,1992,4,3,0,0,0,0,1,0,0,0
5045,1994,2,1,1,0,0,0,1,0,0,0
5045,1995,7,5,1,0,0,0,2,0,2,0
5045,1998,4,4,1,0,0,0,0,0,2,0
5045,1999,11,10,3,0,0,1,1,0,2,0
5045,2000,3,3,0,0,0,0,0,0,1,0
5056,1984,3,3,2,1,0,0,0,0,0,0
5072,1980,2,2,0,0,0,0,0,0,0,0
5072,1988,3,3,0,0,0,0,0,0,0,0
5079,1999,1,1,1,1,0,0,0,0,0,0
5079,2000,1,1,0,0,0,0,0,0,0,0
5090,1985,3,2,0,0,0,0,1,0,1,0
5105,1989,10,3,3,0,1,0,6,1,0,0
5105,1990,8,7,1,0,0,0,0,0,1,1
5105,1991,3,3,1,0,0,1,0,0,2,0
5108,1991,1,1,1,0,0,0,0,0,0,0
5108,1996,2,2,0,0,0,0,0,0,1,0
5108,1998,2,1,1,0,0,0,1,0,0,0
5108,1999,1,1,0,0,0,0,0,0,0,0
5108,2002,1,1,0,0,0,0,0,0,0,0
5118,1999,3,3,0,0,0,0,0,0,2,0
5121,1997,1,0,0,0,0,0,0,1,0,0
5121,2002,1,1,1,1,0,0,0,0,0,0
5128,1979,4,4,0,0,0,0,0,0,0,0
5128,1980,9,6,3,0,0,0,3,0,0,0
5128,1981,4,4,2,0,0,0,0,0,0,0
5128,1982,10,10,4,2,0,0,0,0,0,0
5128,1983,4,4,0,0,0,0,0,0,1,0
5128,1989,2,1,0,0,0,0,1,0,0,0
5128,1996,1,0,0,0,0,0,1,0,0,0
5130,1979,3,3,1,0,0,0,0,0,0,0
5130,1982,5,4,2,1,0,0,1,0,0,0
5130,1983,5,4,1,1,0,0,1,0,1,0
5134,1985,2,2,0,0,0,0,0,0,0,0
5150,1995,1,1,1,0,0,0,0,0,0,0
5152,1988,2,0,0,0,0,0,1,1,0,0
5166,1981,7,7,2,0,0,1,0,0,3,0
5166,1982,7,6,1,0,0,0,1,0,0,0
5166,1983,16,14,2,0,0,0,2,0,1,0
5166,1984,9,8,1,1,0,0,1,0,2,0
5166,1985,4,3,1,1,0,0,1,0,0,0
5166,1986,4,3,1,0,0,0,1,0,0,0
5166,1987,4,4,1,0,0,0,0,0,0,0
5166,1988,10,5,1,1,0,0,5,0,1,0
5166,1989,16,11,2,1,0,0,5,0,3,0
5166,1990,9,8,2,0,0,0,0,1,0,0
5166,1991,4,2,0,0,0,0,1,1,0,0
5166,1992,11,9,2,0,0,0,2,0,2,0
5184,1994,1,1,0,0,0,0,0,0,0,0
5201,1983,3,3,0,0,0,0,0,0,2,0
5201,1984,3,2,1,0,0,0,0,0,0,1
5201,1985,4,3,0,0,0,0,1,0,0,0
5201,1986,2,2,1,0,0,0,0,0,1,0
5201,1987,3,3,1,0,0,0,0,0,0,0
5207,1991,2,2,0,0,0,0,0,0,0,0
5207,1993,1,1,1,0,0,0,0,0,0,0
5207,1994,2,1,0,0,0,0,1,0,1,0
5207,1995,1,1,0,0,0,0,0,0,0,0
5209,1998,2,2,0,0,0,0,0,0,1,0
5209,2000,3,3,0,0,0,0,0,0,0,0
5214,1979,1,1,0,0,0,0,0,0,0,0
5214,1981,6,4,1,0,0,0,1,1,0,0
5214,1982,8,8,2,1,0,0,0,0,1,0
5214,1983,8,7,2,1,1,0,0,0,0,1
5214,1984,8,7,0,0,0,0,1,0,1,0
5215,1979,1,1,0,0,0,0,0,0,0,0
5228,1996,1,0,0,0,0,0,1,0,0,0
5236,1995,2,1,0,0,0,0,1,0,0,0
5236,1997,1,1,0,0,0,0,0,0,0,0
5243,2000,3,3,0,0,0,0,0,0,0,0
5243,2001,3,3,0,0,0,0,0,0,2,0
5243,2002,3,3,1,0,0,0,0,0,1,0
5248,1979,8,7,0,0,0,0,1,0,1,0
5263,1986,6,5,0,0,0,0,1,0,0,0
5263,1988,1,1,1,0,0,0,0,0,0,0
5264,1995,1,1,1,1,0,0,0,0,0,0
5285,1979,3,3,1,0,0,0,0,0,0,0
5289,1996,5,4,1,0,0,0,1,0,0,0
5298,1982,3,3,1,0,0,0,0,0,0,0
5298,1983,16,13,5,2,0,0,3,0,2,0
5298,1984,13,12,1,0,0,0,1,0,1,0
5298,1985,11,9,4,1,0,1,2,0,0,0
5298,1986,8,7,1,0,0,0,1,0,2,0
5298,1987,5,4,1,0,0,0,1,0,0,0
5298,1988,14,12,5,3,0,0,2,0,0,0
5298,1994,2,1,0,0,0,0,1,0,1,0
5306,1995,2,2,2,2,0,0,0,0,0,0
5315,1993,3,2,0,0,0,0,1,0,0,0
5315,1996,1,1,0,0,0,0,0,0,0,0
5315,1997,2,1,0,0,0,0,1,0,0,0
5331,1995,2,1,0,0,0,0,1,0,1,0
5349,1997,3,3,0,0,0,0,0,0,3,0
5349,1998,4,4,1,0,0,1,0,0,1,0
5349,1999,4,4,0,0,0,0,0,0,2,0
5354,1990,2,1,1,0,0,0,1,0,0,0
5354,1991,2,1,0,0,0,0,1,0,0,0
5361,1996,7,5,1,0,0,0,2,0,1,0
5361,2000,2,2,1,1,0,0,0,0,0,0
5361,2003,1,1,1,0,0,0,0,0,0,0
5379,1985,3,1,1,0,0,0,2,0,0,0
5379,1986,6,2,0,0,0,0,4,0,1,0
5379,1987,7,5,1,0,0,0,2,0,1,0
5379,1996,2,1,0,0,0,0,1,0,0,0
5383,1979,3,3,0,0,0,0,0,0,2,0
5383,1980,7,7,0,0,0,0,0,0,0,0
5383,1981,1,1,0,0,0,0,0,0,1,0
5383,1982,3,2,0,0,0,0,1,0,1,0
5385,1982,1,1,1,1,0,0,0,0,0,0
5392,1988,2,2,0,0,0,0,0,0,1,0
5392,1989,3,2,1,0,0,0,1,0,0,0
5392,1990,2,2,2,0,0,0,0,0,0,0
5392,1991,2,1,0,0,0,0,0,1,0,0
5392,1998,2,2,0,0,0,0,0,0,0,0
5392,2002,1,1,1,0,0,1,0,0,0,0
5396,1981,3,3,0,0,0,0,0,0,0,0
5396,1982,2,2,2,0,0,0,0,0,0,0
5396,1983,3,3,0,0,0,0,0,0,1,0
5396,1984,3,2,0,0,0,0,1,0,0,0
5407,1995,3,2,0,0,0,0,1,0,0,0
5407,1997,1,1,0,0,0,0,0,0,1,0
5418,1985,3,2,1,0,0,0,1,0,0,0
5418,1986,3,3,1,0,0,1,0,0,2,0
5418,1987,3,3,1,0,0,0,0,0,2,0
5424,2002,2,2,2,0,0,1,0,0,0,0
5430,1995,1,1,0,0,0,0,0,0,0,0
5430,1997,1,1,1,0,0,0,0,0,0,0
5444,1996,10,8,3,0,0,0,2,0,1,0
5463,1979,3,2,1,0,0,0,1,0,0,0
5463,1980,9,6,1,0,0,0,3,0,1,0
5463,1981,5,2,0,0,0,0,3,0,0,0
5464,1984,1,1,1,0,0,0,0,0,0,0
5464,1989,9,8,1,0,0,0,1,0,0,0
5464,1991,3,3,2,0,0,1,0,0,0,0
5473,1979,5,5,2,0,1,0,0,0,0,0
5473,1980,4,4,0,0,0,0,0,0,1,0
5480,2001,3,3,0,0,0,0,0,0,1,0
5480,2003,3,3,0,0,0,0,0,0,0,0
5505,2001,1,0,0,0,0,0,1,0,0,0
5537,1990,5,5,1,0,0,0,0,0,1,0
5537,1991,5,5,2,0,0,0,0,0,0,0
5537,1993,1,1,0,0,0,0,0,0,0,0
5538,1997,2,1,0,0,0,0,1,0,1,0
5539,1998,9,7,1,0,0,0,2,0,0,0
5539,1999,1,1,0,0,0,0,0,0,0,0
5554,1979,8,7,2,1,0,0,0,0,1,0
5554,1980,1,1,0,0,0,0,0,0,1,0
5554,1983,1,1,0,0,0,0,0,0,0,0
5554,1984,2,2,0,0,0,0,0,0,0,0
5557,1991,6,5,1,0,0,0,1,0,0,0
5557,1992,1,1,0,0,0,0,0,0,0,0
5558,1991,2,2,0,0,0,0,0,0,0,0
5558,1992,2,1,0,0,0,0,1,0,0,0
5559,1997,1,1,0,0,0,0,0,0,0,0
5559,1998,1,0,0,0,0,0,1,0,0,0
5559,1999,1,1,0,0,0,0,0,0,0,0
5559,2000,1,1,1,0,0,1,0,0,0,0
5560,1998,3,2,1,0,0,1,1,0,1,0
5560,1999,3,2,1,0,0,0,1,0,0,0
5560,2000,3,3,1,0,0,0,0,0,0,0
5561,2000,1,1,1,0,0,0,0,0,0,0
5588,1989,7,2,1,0,0,0,5,0,1,0
5588,1990,10,7,2,1,0,0,3,0,3,0
5588,1991,4,3,0,0,0,0,1,0,1,0
5588,1992,4,2,0,0,0,0,2,0,1,0
5588,1993,17,13,1,0,0,0,4,0,9,0
5588,1994,8,6,1,1,0,0,2,0,3,0
5588,1995,3,3,0,0,0,0,0,0,0,0
5588,1997,3,3,0,0,0,0,0,0,3,0
5588,1998,8,4,1,1,0,0,4,0,2,0
5588,1999,4,3,1,0,0,0,1,0,1,0
5588,2001,13,10,0,0,0,0,3,0,4,0
5588,2003,4,3,0,0,0,0,1,0,2,0
5600,1979,9,7,4,0,0,0,1,0,0,1
5600,1980,11,9,6,1,0,0,1,0,0,1
5600,1981,7,6,0,0,0,0,1,0,1,0
5600,1982,6,5,3,0,1,0,1,0,0,0
5600,1983,6,4,1,0,0,0,2,0,0,0
5600,1984,10,9,4,1,0,1,1,0,0,0
5600,1985,9,7,1,0,0,0,2,0,3,0
5612,1989,2,2,0,0,0,0,0,0,0,0
5612,1990,3,2,1,0,0,0,1,0,1,0
5612,1993,1,0,0,0,0,0,1,0,0,0
5613,1996,8,8,1,0,0,0,0,0,1,0
5613,1997,4,4,1,0,0,0,0,0,1,0
5614,1998,3,1,1,0,0,0,2,0,0,0
5618,1991,1,1,0,0,0,0,0,0,0,0
5618,1992,2,2,0,0,0,0,0,0,0,0
5622,1987,2,2,0,0,0,0,0,0,0,0
5622,1988,2,2,1,0,0,0,0,0,0,0
5622,1989,4,4,2,1,0,0,0,0,1,0
5622,1990,2,2,0,0,0,0,0,0,0,0
5622,1991,2,1,0,0,0,0,1,0,1,0
5622,1995,1,1,1,0,0,0,0,0,0,0
5622,1996,2,1,1,0,0,0,1,0,0,0
5622,1998,1,1,1,0,0,0,0,0,0,0
5636,1989,1,1,1,0,0,1,0,0,0,0
5636,1990,1,1,0,0,0,0,0,0,0,0
5645,1980,2,1,1,0,0,0,1,0,0,0
5645,1981,6,6,1,0,0,0,0,0,2,0
5645,1984,6,4,2,1,0,1,2,0,0,0
5645,1985,1,1,1,0,0,0,0,0,0,0
5651,1979,3,3,0,0,0,0,0,0,1,0
5651,1983,3,3,0,0,0,0,0,0,0,0
5651,1984,2,1,0,0,0,0,1,0,0,0
5651,1986,1,1,0,0,0,0,0,0,0,0
5651,1988,3,3,1,1,0,0,0,0,0,0
5665,1996,2,1,0,0,0,0,1,0,0,0
5665,1997,2,2,0,0,0,0,0,0,0,0
5665,1998,1,1,1,0,0,0,0,0,0,0
5665,2000,1,1,0,0,0,0,0,0,0,0
5674,1996,2,2,0,0,0,0,0,0,0,0
5697,1996,6,3,0,0,0,0,3,0,0,0
5723,1985,1,1,0,0,0,0,0,0,0,0
5723,1990,1,1,0,0,0,0,0,0,1,0
5727,1991,3,2,0,0,0,0,1,0,1,0
5727,1992,9,7,0,0,0,0,2,0,1,0
5727,1993,7,6,2,0,0,0,1,0,0,0
5727,1994,6,4,3,0,0,0,1,0,0,1
5727,1995,6,5,2,0,0,0,1,0,0,0
5727,1998,4,2,1,0,0,0,2,0,0,0
5727,1999,1,1,0,0,0,0,0,0,0,0
5733,1995,1,0,0,0,0,0,1,0,0,0
5733,1999,1,1,0,0,0,0,0,0,0,0
5733,2000,1,0,0,0,0,0,1,0,0,0
5737,1995,4,4,2,0,0,0,0,0,0,0
5737,2000,2,2,0,0,0,0,0,0,0,0
5744,1993,3,3,0,0,0,0,0,0,0,0
5744,2000,1,1,0,0,0,0,0,0,0,0
5744,2002,4,4,2,0,0,0,0,0,0,0
5749,1984,2,2,0,0,0,0,0,0,0,0
5755,2002,1,0,0,0,0,0,1,0,0,0
5759,1997,3,1,0,0,0,0,1,1,1,0
5759,1998,5,3,1,0,0,0,2,0,1,0
5820,2002,6,4,0,0,0,0,1,1,2,0
5832,1983,1,0,0,0,0,0,1,0,0,0
5842,1979,6,4,0,0,0,0,1,0,0,0
5842,1980,2,2,1,0,0,0,0,0,0,0
5842,1981,1,1,0,0,0,0,0,0,1,0
5842,1982,1,0,0,0,0,0,1,0,0,0
5842,1986,3,2,0,0,0,0,1,0,0,0
5852,1984,1,1,1,0,0,1,0,0,0,0
5852,1985,15,12,5,0,0,2,3,0,1,0
5852,1986,16,13,5,1,1,0,3,0,1,0
5852,1987,11,11,1,0,0,0,0,0,2,0
5852,1988,10,9,5,0,0,1,0,0,0,1
5852,1989,10,9,4,0,0,0,1,0,0,0
5852,1990,9,8,3,1,0,1,1,0,1,0
5852,1991,8,6,2,1,0,0,2,0,3,0
5852,1992,3,2,1,0,0,0,1,0,0,0
5852,1993,16,14,8,1,0,4,2,0,0,0
5852,1998,3,3,1,0,0,0,0,0,0,0
5853,1995,2,2,1,0,0,0,0,0,0,0
5859,1990,4,4,2,1,0,0,0,0,0,0
5859,1991,3,3,1,0,0,1,0,0,0,0
5860,1994,1,1,0,0,0,0,0,0,1,0
5860,1995,1,1,0,0,0,0,0,0,0,0
5864,1992,1,0,0,0,0,0,1,0,0,0
5864,1993,1,0,0,0,0,0,1,0,0,0
5871,1996,11,10,2,1,0,0,1,0,4,0
5871,1997,4,3,1,0,0,0,1,0,0,0
5871,1999,4,4,2,0,0,0,0,0,0,0
5872,1987,3,3,0,0,0,0,0,0,0,0
5872,1988,8,8,3,1,0,0,0,0,0,0
5872,1991,4,4,1,0,0,0,0,0,1,0
5877,2001,3,1,0,0,0,0,2,0,0,0
5890,1999,1,1,1,0,0,0,0,0,0,0
5892,1986,3,3,1,1,0,0,0,0,0,0
5892,1987,3,2,1,1,0,0,1,0,0,0
5892,1988,2,2,1,0,0,0,0,0,0,0
5892,1989,6,4,0,0,0,0,2,0,0,0
5892,1990,8,7,1,0,0,0,1,0,0,0
5892,1991,3,2,0,0,0,0,1,0,0,0
5908,1986,1,1,0,0,0,0,0,0,0,0
5908,1987,1,0,0,0,0,0,1,0,0,0
5914,1992,2,2,0,0,0,0,0,0,1,0
5927,1980,9,6,2,1,0,1,3,0,1,0
5927,1982,2,2,2,0,0,0,0,0,0,0
5927,1983,3,3,3,2,0,0,0,0,0,0
5927,1984,1,0,0,0,0,0,1,0,0,0
5945,1987,1,1,0,0,0,0,0,0,0,0
5947,1995,1,1,1,0,0,0,0,0,0,0
5948,1999,2,1,1,0,0,0,1,0,0,0
5957,1990,2,1,0,0,0,0,1,0,0,0
5960,1980,4,1,0,0,0,0,3,0,0,0
5980,1987,2,2,0,0,0,0,0,0,0,0
5980,1989,1,1,0,0,0,0,0,0,1,0
5980,1990,4,4,1,0,0,0,0,0,0,0
5985,1999,1,0,0,0,0,0,1,0,0,0
5985,2000,1,0,0,0,0,0,1,0,0,0
5998,2000,1,1,0,0,0,0,0,0,1,0
6015,1979,4,4,2,0,0,0,0,0,0,0
6015,1980,11,10,1,0,0,0,0,1,1,0
6015,1981,14,12,3,1,0,0,2,0,2,0
6015,1982,4,4,0,0,0,0,0,0,2,0
6015,1983,11,7,1,0,0,0,3,1,1,0
6019,2001,1,0,0,0,0,0,1,0,0,0
6042,1992,2,2,2,0,0,0,0,0,0,0
6043,1993,5,4,2,1,0,0,1,0,0,0
6051,1979,4,4,2,2,0,0,0,0,0,0
6051,1980,4,3,1,0,0,1,1,0,0,0
6064,1995,7,5,1,1,0,0,2,0,0,0
6064,1997,2,1,1,0,0,0,1,0,0,0
6064,1998,2,2,0,0,0,0,0,0,0,0
6073,1985,5,4,3,1,0,0,1,0,0,0
6073,1986,3,2,1,0,0,0,1,0,0,0
6073,1989,5,3,0,0,0,0,2,0,1,0
6073,1990,11,7,1,0,0,0,4,0,1,0
6073,1991,4,4,1,0,0,0,0,0,0,0
6073,1992,4,3,2,0,0,0,1,0,0,0
6073,1993,4,3,1,1,0,0,1,0,0,0
6073,1995,3,3,2,0,0,0,0,0,0,0
6087,1980,3,2,1,0,0,0,1,0,0,0
6114,1981,1,0,0,0,0,0,0,0,0,1
6115,1983,1,1,1,0,0,0,0,0,0,0
6118,2002,3,2,2,0,0,0,1,0,0,0
6120,1985,3,3,0,0,0,0,0,0,0,0
6124,1983,1,1,1,0,0,0,0,0,0,0
6124,1984,2,2,2,1,0,1,0,0,0,0
6124,1985,1,1,0,0,0,0,0,0,0,0
6124,1986,2,2,0,0,0,0,0,0,0,0
6159,1981,6,4,2,0,0,0,2,0,0,0
6159,1982,7,6,1,0,0,0,0,1,2,0
6159,1983,1,1,0,0,0,0,0,0,0,0
6159,1984,1,0,0,0,0,0,1,0,0,0
6159,1985,1,1,0,0,0,0,0,0,0,0
6159,1986,2,1,0,0,0,0,1,0,1,0
6159,1987,1,0,0,0,0,0,1,0,0,0
6159,1988,2,1,0,0,0,0,1,0,0,0
6159,1989,4,2,0,0,0,0,2,0,0,0
6159,1990,3,2,1,0,0,0,1,0,1,0
6159,1991,5,5,1,1,0,0,0,0,1,0
6163,1992,2,2,1,1,0,0,0,0,0,0
6180,1984,4,4,1,1,0,0,0,0,1,0
6180,1985,10,7,1,0,0,0,3,0,2,0
6180,1986,12,11,4,0,0,2,1,0,1,0
6180,1988,4,2,0,0,0,0,2,0,0,0
6180,1989,4,4,2,0,0,0,0,0,0,0
6180,1990,3,2,1,1,0,0,1,0,1,0
6180,1991,8,7,1,0,0,0,1,0,1,0
6180,1992,4,4,1,0,0,0,0,0,1,0
6180,1993,11,9,3,0,0,1,2,0,0,0
6180,1995,3,1,0,0,0,0,2,0,1,0
6182,1985,2,2,1,0,0,0,0,0,0,0
6195,1980,3,2,1,0,0,0,1,0,0,0
6195,1986,3,2,1,1,0,0,1,0,0,0
6195,1988,7,7,3,1,0,1,0,0,0,0
6195,1990,3,3,0,0,0,0,0,0,0,0
6210,1979,1,1,0,0,0,0,0,0,0,0
6210,1980,3,2,2,0,0,0,1,0,0,0
6210,1981,2,2,1,0,0,0,0,0,0,0
6210,1982,1,1,1,0,1,0,0,0,0,0
6210,1983,1,1,1,0,0,0,0,0,0,0
6239,1985,2,1,1,0,0,0,1,0,0,0
6239,1987,1,1,0,0,0,0,0,0,0,0
6258,2000,2,2,1,0,0,0,0,0,1,0
6264,1985,2,2,2,1,0,0,0,0,0,0
6264,1987,5,4,1,0,0,1,1,0,1,0
6264,1988,2,2,0,0,0,0,0,0,1,0
6266,1988,4,4,2,0,0,0,0,0,1,0
6270,1989,1,0,0,0,0,0,1,0,0,0
6270,1990,3,2,0,0,0,0,0,0,0,0
6270,1991,1,0,0,0,0,0,1,0,0,0
6270,1992,2,2,1,0,0,0,0,0,0,0
6270,1993,1,0,0,0,0,0,1,0,0,0
6274,1981,6,4,0,0,0,0,1,0,1,1
6274,1982,3,2,0,0,0,0,1,0,1,0
6274,1983,7,5,1,0,0,0,2,0,2,0
6274,1984,10,9,1,0,0,0,1,0,4,0
6275,1985,4,3,1,0,0,1,1,0,1,0
6275,1986,4,3,1,0,0,0,1,0,1,0
6275,1990,12,10,2,0,0,0,2,0,0,0
6275,1991,6,5,0,0,0,0,1,0,1,0
6275,1992,6,4,2,0,0,0,2,0,0,0
6275,1993,3,2,1,0,0,0,1,0,0,0
6307,1995,1,1,1,0,0,0,0,0,0,0
6319,1993,3,2,1,0,0,0,1,0,1,0
6319,1994,1,1,1,0,0,1,0,0,0,0
6321,1993,9,9,1,0,0,0,0,0,1,0
6321,1994,7,7,2,0,0,1,0,0,2,0
6328,1984,9,7,4,1,0,0,1,0,1,1
6328,1985,12,9,4,1,0,0,3,0,0,0
6328,1986,9,7,1,0,0,0,2,0,0,0
6328,1987,6,5,2,1,0,0,1,0,0,0
6328,1988,8,7,3,0,0,0,1,0,2,0
6328,1989,4,3,1,1,0,0,1,0,1,0
6328,1993,6,4,2,1,0,1,2,0,1,0
6330,1996,1,1,0,0,0,0,0,0,0,0
6332,1994,7,5,2,0,0,0,1,0,1,1
6332,1995,6,5,1,0,0,0,1,0,0,0
6332,1996,11,9,1,0,0,0,2,0,5,0
6332,2001,4,3,1,1,0,0,1,0,2,0
6332,2003,3,2,1,0,0,0,1,0,1,0
6334,1991,4,4,0,0,0,0,0,0,2,0
6334,1992,5,4,3,0,0,0,1,0,0,0
6334,1993,2,1,0,0,0,0,1,0,0,0
6334,1996,8,4,1,0,0,0,2,2,2,0
6334,1997,3,2,1,0,0,0,1,0,0,0
6340,1980,6,3,2,0,0,0,3,0,0,0
6354,1979,9,9,5,0,0,0,0,0,0,0
6354,1980,12,10,5,0,0,0,2,0,2,0
6354,1981,8,8,2,0,0,0,0,0,1,0
6354,1982,3,2,2,1,0,0,1,0,0,0
6354,1986,5,5,1,0,0,0,0,0,0,0
6355,1992,1,1,1,1,0,0,0,0,0,0
6368,1981,3,1,0,0,0,0,2,0,0,0
6376,1996,5,4,2,1,0,0,1,0,0,0
6376,1997,3,3,0,0,0,0,0,0,2,0
6376,1998,1,1,1,0,0,0,0,0,0,0
6376,1999,1,1,0,0,0,0,0,0,1,0
6380,1998,3,2,0,0,0,0,1,0,0,0
6380,2000,3,3,0,0,0,0,0,0,0,0
6380,2002,1,0,0,0,0,0,1,0,0,0
6383,1980,1,0,0,0,0,0,1,0,0,0
6395,1992,2,1,1,0,0,0,1,0,0,0
6398,1992,1,1,0,0,0,0,0,0,0,0
6398,1994,2,2,0,0,0,0,0,0,0,0
6413,1997,2,1,0,0,0,0,1,0,0,0
6413,2000,3,3,1,0,0,0,0,0,1,0
6414,1999,3,3,1,0,0,0,0,0,1,0
6414,2000,8,6,1,0,0,0,1,1,1,0
6414,2001,4,4,1,0,0,0,0,0,3,0
6422,1993,2,1,0,0,0,0,1,0,0,0
6423,2002,5,4,2,0,0,1,1,0,1,0
6425,1997,1,1,1,0,0,0,0,0,0,0
6425,1999,4,4,1,1,0,0,0,0,1,0
6453,1993,5,4,3,1,0,0,1,0,0,0
6453,1995,1,1,1,1,0,0,0,0,0,0
6460,1995,6,5,2,1,0,0,1,0,1,0
6460,2001,1,1,0,0,0,0,0,0,1,0
6474,1982,1,1,0,0,0,0,0,0,0,0
6489,1993,1,1,1,0,0,1,0,0,0,0
6489,1997,2,1,0,0,0,0,0,1,0,0
6489,1999,1,1,1,0,0,0,0,0,0,0
6492,1997,4,4,0,0,0,0,0,0,0,0
6492,2000,4,4,2,1,0,0,0,0,2,0
6505,1980,1,1,1,0,0,0,0,0,0,0
6514,1999,1,1,0,0,0,0,0,0,0,0
6524,1996,2,2,0,0,0,0,0,0,0,0
6524,1997,1,1,0,0,0,0,0,0,0,0
6529,1985,3,2,1,0,0,1,1,0,1,0
6529,1986,1,0,0,0,0,0,1,0,0,0
6540,1985,4,4,2,1,0,0,0,0,0,0
6540,1987,10,10,1,1,0,0,0,0,1,0
6540,1988,6,4,1,0,0,0,1,0,0,0
6540,1989,3,3,1,1,0,0,0,0,1,0
6554,1999,4,3,0,0,0,0,1,0,1,0
6554,2000,1,0,0,0,0,0,1,0,0,0
6554,2001,2,2,0,0,0,0,0,0,0,0
6556,1979,3,3,1,0,0,0,0,0,1,0
6556,1980,2,2,2,1,0,0,0,0,0,0
6556,1981,1,1,0,0,0,0,0,0,1,0
6556,1982,2,2,1,0,0,0,0,0,1,0
6556,1983,3,3,0,0,0,0,0,0,1,0
6556,1984,6,4,2,0,1,0,2,0,0,0
6556,1985,2,1,1,0,0,1,1,0,0,0
6557,1993,6,3,0,0,0,0,3,0,0,0
6557,1995,3,3,1,0,0,0,0,0,1,0
6557,1998,3,3,0,0,0,0,0,0,2,0
6557,1999,1,0,0,0,0,0,1,0,0,0
6557,2000,7,7,1,0,0,0,0,0,1,0
6557,2001,3,3,1,0,0,0,0,0,1,0
6586,2002,3,2,0,0,0,0,1,0,0,0
6596,1995,1,1,0,0,0,0,0,0,0,0
6612,1997,1,1,0,0,0,0,0,0,1,0
6612,1998,4,4,1,0,0,0,0,0,1,0
6612,1999,1,1,0,0,0,0,0,0,0,0
6612,2000,1,1,0,0,0,0,0,0,1,0
6619,2000,3,2,0,0,0,0,1,0,0,0
6644,1989,1,1,0,0,0,0,0,0,1,0
6650,1985,2,1,0,0,0,0,1,0,0,0
6650,1987,2,1,0,0,0,0,1,0,0,0
6677,1979,3,3,1,0,0,0,0,0,0,0
6677,1980,4,3,1,0,0,0,1,0,0,0
6689,1983,2,1,1,0,0,0,1,0,0,0
6689,1985,4,3,1,0,0,0,1,0,0,0
6698,1995,2,2,2,0,0,0,0,0,0,0
6706,1991,1,1,0,0,0,0,0,0,0,0
6731,1980,2,0,0,0,0,0,2,0,0,0
6735,1996,11,10,2,1,0,0,0,1,0,0
6735,1997,2,2,0,0,0,0,0,0,1,0
6735,1999,12,11,3,1,0,0,1,0,2,0
6735,2001,4,4,2,0,1,0,0,0,0,0
6738,1995,4,4,2,0,0,0,0,0,1,0
6738,1999,2,1,1,0,0,0,1,0,0,0
6760,1991,1,0,0,0,0,0,1,0,0,0
6760,1992,4,3,0,0,0,0,1,0,1,0
6760,2001,1,1,0,0,0,0,0,0,0,0
6760,2002,1,1,1,1,0,0,0,0,0,0
6763,1993,3,3,1,0,0,0,0,0,0,0
6771,1985,3,3,0,0,0,0,0,0,0,0
6771,1986,4,1,0,0,0,0,3,0,0,0
6777,1992,7,5,1,0,0,1,2,0,2,0
6777,1994,3,2,1,0,0,0,1,0,0,0
6777,1995,5,5,2,0,0,1,0,0,1,0
6794,1991,2,0,0,0,0,0,2,0,0,0
6794,1993,1,1,0,0,0,0,0,0,0,0
6834,1996,2,0,0,0,0,0,2,0,0,0
6834,1999,2,2,0,0,0,0,0,0,2,0
6834,2000,1,1,1,0,0,0,0,0,0,0
6834,2003,1,1,0,0,0,0,0,0,0,0
6836,1996,2,2,0,0,0,0,0,0,0,0
6836,1997,1,0,0,0,0,0,0,1,0,0
6841,1993,1,1,0,0,0,0,0,0,0,0
6841,1995,1,1,0,0,0,0,0,0,0,0
6841,1997,1,1,0,0,0,0,0,0,1,0
6841,2001,3,3,1,0,1,0,0,0,0,0
6893,1979,3,2,0,0,0,0,1,0,0,0
6893,1980,1,1,1,0,0,1,0,0,0,0
6905,1980,3,1,0,0,0,0,2,0,0,0
6918,1979,5,4,2,0,0,0,1,0,0,0
6918,1981,5,5,3,0,0,0,0,0,0,0
6918,1982,10,8,4,0,0,0,2,0,0,0
6918,1983,10,9,4,1,0,0,1,0,2,0
6918,1984,8,7,2,1,0,0,1,0,0,0
6918,1985,8,6,3,1,0,0,2,0,0,0
6918,1994,3,3,2,1,0,0,0,0,0,0
6918,1995,4,3,1,0,0,1,0,1,1,0
6921,2001,1,1,0,0,0,0,0,0,0,0
6921,2002,1,1,0,0,0,0,0,0,1,0
6966,1996,6,5,2,0,0,0,1,0,2,0
6966,1997,4,3,0,0,0,0,1,0,1,0
6966,1998,3,2,0,0,0,0,1,0,0,0
6969,1979,2,2,0,0,0,0,0,0,1,0
6969,1980,7,7,0,0,0,0,0,0,2,0
6969,1981,2,1,1,0,0,0,1,0,0,0
6970,1996,9,5,0,0,0,0,4,0,2,0
6970,1998,4,3,1,0,0,0,1,0,1,0
6970,2000,1,0,0,0,0,0,1,0,0,0
6980,1979,3,2,0,0,0,0,0,0,0,1
6980,1980,1,0,0,0,0,0,1,0,0,0
6980,1981,2,2,0,0,0,0,0,0,1,0
6980,1982,2,2,0,0,0,0,0,0,2,0
6980,1983,1,1,1,0,0,0,0,0,0,0
6980,1984,3,3,0,0,0,0,0,0,0,0
6980,1985,2,1,1,0,0,0,1,0,0,0
6980,1986,5,5,2,1,0,0,0,0,0,0
6980,1988,1,0,0,0,0,0,0,0,0,1
6982,1997,1,0,0,0,0,0,1,0,0,0
6982,1998,1,1,1,0,0,0,0,0,0,0
6997,1982,3,2,1,1,0,0,1,0,0,0
6997,1983,1,0,0,0,0,0,1,0,0,0
6997,1984,11,10,2,0,0,0,1,0,1,0
6997,1985,7,7,5,1,0,0,0,0,0,0
6997,1986,11,10,1,0,1,0,1,0,1,0
6997,1987,4,3,1,0,0,0,1,0,1,0
7010,2002,2,2,1,0,0,0,0,0,0,0
7026,1991,6,5,1,1,0,0,1,0,1,0
7026,1996,2,1,1,0,0,0,1,0,0,0
7026,1998,1,0,0,0,0,0,1,0,0,0
7027,1996,3,3,0,0,0,0,0,0,2,0
7027,1997,3,3,1,0,0,0,0,0,1,0
7027,2000,1,1,0,0,0,0,0,0,1,0
7031,1979,3,3,2,0,0,0,0,0,0,0
7031,1980,8,8,3,1,0,0,0,0,1,0
7031,1982,4,4,1,0,0,0,0,0,0,0
7031,1983,1,1,0,0,0,0,0,0,0,0
7076,1996,3,2,0,0,0,0,1,0,1,0
7084,1980,5,3,1,0,0,0,2,0,2,0
7084,1981,7,7,3,0,0,0,0,0,1,0
7084,1982,9,9,3,1,0,0,0,0,3,0
7084,1983,1,1,0,0,0,0,0,0,1,0
7131,1998,1,1,0,0,0,0,0,0,0,0
7136,1985,4,3,2,0,0,0,1,0,0,0
7136,1986,4,4,2,0,0,1,0,0,2,0
7136,1987,2,2,1,0,0,1,0,0,0,0
7136,1988,7,6,2,0,0,0,1,0,0,0
7136,1989,3,1,1,0,0,0,1,0,0,1
7136,1990,9,6,0,0,0,0,3,0,1,0
7136,1991,2,2,0,0,0,0,0,0,0,0
7136,1992,6,5,3,1,0,0,1,0,0,0
7136,1993,3,3,2,1,0,0,0,0,0,0
7136,1994,1,0,0,0,0,0,1,0,0,0
7136,1995,1,1,0,0,0,0,0,0,0,0
7140,1979,4,4,1,0,0,0,0,0,0,0
7141,1989,2,2,0,0,0,0,0,0,1,0
7143,1985,1,1,1,0,0,0,0,0,0,0
7145,1982,13,10,1,0,0,0,3,0,2,0
7145,1983,4,4,1,1,0,0,0,0,0,0
7145,1984,3,2,0,0,0,0,1,0,0,0
7145,1985,5,5,2,1,0,0,0,0,0,0
7145,1986,1,1,0,0,0,0,0,0,0,0
7145,1989,1,1,0,0,0,0,0,0,0,0
7174,1997,2,1,0,0,0,0,1,0,0,0
7175,1989,2,2,0,0,0,0,0,0,0,0
7175,1990,1,1,0,0,0,0,0,0,0,0
7186,1990,4,4,2,0,0,1,0,0,0,0
7186,1991,10,8,4,1,0,1,2,0,1,0
7186,1992,7,4,2,1,0,0,3,0,0,0
7186,1993,8,5,1,0,0,0,3,0,0,0
7186,1994,10,8,1,0,0,0,2,0,2,0
7191,1988,5,5,1,0,0,0,0,0,1,0
7191,1990,10,7,2,0,0,0,3,0,2,0
7191,1991,4,3,3,1,0,0,1,0,0,0
7191,1992,13,10,5,1,1,1,2,0,0,1
7191,1993,4,3,2,0,0,0,1,0,0,0
7191,1994,8,8,5,1,0,0,0,0,1,0
7191,1995,12,9,1,0,0,0,3,0,4,0
7191,1998,6,6,1,1,0,0,0,0,2,0
7199,1995,4,3,2,0,0,0,1,0,0,0
7202,2000,2,2,0,0,0,0,0,0,0,0
7208,1990,3,3,1,0,0,1,0,0,1,0
7208,1991,2,2,0,0,0,0,0,0,0,0
7218,1999,2,2,0,0,0,0,0,0,1,0
7219,1981,3,2,0,0,0,0,1,0,1,0
7227,1980,11,10,4,0,0,1,1,0,0,0
7227,1981,15,14,6,4,0,0,1,0,2,0
7227,1982,15,13,3,0,0,0,2,0,1,0
7227,1983,4,4,1,0,0,0,0,0,0,0
7227,1984,1,1,0,0,0,0,0,0,0,0
7227,1985,10,8,4,0,0,0,2,0,0,0
7227,1986,16,13,2,0,0,1,3,0,0,0
7246,1986,1,1,0,0,0,0,0,0,1,0
7246,1987,1,1,0,0,0,0,0,0,0,0
7260,1979,2,2,0,0,0,0,0,0,0,0
7260,1980,11,8,1,0,0,0,3,0,0,0
7262,1980,4,4,0,0,0,0,0,0,1,0
7262,1981,6,6,3,0,0,0,0,0,0,0
7262,1982,2,2,0,0,0,0,0,0,1,0
7262,1983,1,1,0,0,0,0,0,0,1,0
7262,1984,2,2,0,0,0,0,0,0,0,0
7275,1996,2,1,1,1,0,0,1,0,0,0
7275,1997,2,2,0,0,0,0,0,0,0,0
7275,1998,1,1,0,0,0,0,0,0,0,0
7279,1988,4,4,0,0,0,0,0,0,2,0
7279,1989,2,1,0,0,0,0,1,0,0,0
7279,1990,4,3,1,0,0,0,1,0,0,0
7299,1992,3,1,0,0,0,0,1,0,0,1
7299,1994,1,1,0,0,0,0,0,0,1,0
7299,1995,1,1,0,0,0,0,0,0,0,0
7301,1999,6,5,1,0,0,0,1,0,0,0
7301,2000,7,5,0,0,0,0,2,0,1,0
7311,1998,3,3,0,0,0,0,0,0,0,0
7311,2000,2,2,0,0,0,0,0,0,1,0
7311,2002,1,1,0,0,0,0,0,0,0,0
7316,1979,10,9,2,0,0,0,0,0,1,0
7316,1980,12,11,5,1,0,0,1,0,1,0
7316,1981,8,7,2,2,0,0,1,0,1,0
7316,1982,7,4,3,0,1,1,3,0,0,0
7319,1999,1,0,0,0,0,0,1,0,0,0
7347,1994,1,0,0,0,0,0,0,1,0,0
7372,1997,2,2,1,0,0,1,0,0,0,0
7372,1998,11,9,3,2,0,0,1,0,1,0
7372,1999,1,1,1,1,0,0,0,0,0,0
7372,2002,3,3,0,0,0,0,0,0,3,0
7380,1995,1,1,1,0,0,0,0,0,0,0
7380,1997,1,1,0,0,0,0,0,0,0,0
7385,2001,2,1,0,0,0,0,1,0,0,0
7386,1995,3,3,0,0,0,0,0,0,2,0
7386,1997,4,4,0,0,0,0,0,0,1,0
7386,2000,3,2,1,0,1,0,1,0,0,0
7388,1999,6,3,1,0,0,0,3,0,1,0
7388,2003,1,1,0,0,0,0,0,0,0,0
7408,1987,2,0,0,0,0,0,2,0,0,0
7408,1991,2,0,0,0,0,0,2,0,0,0
7408,1992,7,5,3,0,0,0,2,0,0,0
7408,1993,16,13,5,3,0,0,3,0,0,0
7408,1994,1,1,0,0,0,0,0,0,0,0
7408,1995,3,3,1,0,0,0,0,0,2,0
7408,1998,2,2,1,1,0,0,0,0,0,0
7408,2001,1,0,0,0,0,0,1,0,0,0
7436,1996,1,1,0,0,0,0,0,0,0,0
7436,1997,1,1,0,0,0,0,0,0,1,0
7436,1998,1,0,0,0,0,0,1,0,0,0
7436,1999,1,0,0,0,0,0,1,0,0,0
7436,2000,1,1,1,0,0,0,0,0,0,0
7444,1989,3,2,0,0,0,0,1,0,0,0
7450,1988,4,3,0,0,0,0,1,0,0,0
7450,1989,8,8,1,1,0,0,0,0,0,0
7450,1990,7,5,1,0,0,0,2,0,0,0
7450,1991,2,2,1,0,0,0,0,0,1,0
7450,1992,4,3,1,0,0,0,0,1,0,0
7457,1992,4,4,1,0,0,0,0,0,1,0
7457,1993,3,1,0,0,0,0,2,0,1,0
7458,1992,3,2,0,0,0,0,1,0,0,0
7458,1993,2,2,0,0,0,0,0,0,0,0
7458,1994,4,3,1,0,0,0,1,0,0,0
7458,1998,3,2,1,0,0,1,1,0,1,0
7458,2000,2,2,0,0,0,0,0,0,1,0
7481,2002,4,3,1,0,0,0,1,0,1,0
7491,1999,6,6,0,0,0,0,0,0,2,0
7491,2001,1,1,0,0,0,0,0,0,0,0
7491,2002,3,3,0,0,0,0,0,0,2,0
7512,1998,1,1,0,0,0,0,0,0,1,0
7512,2000,2,2,1,0,0,0,0,0,0,0
7513,1999,1,0,0,0,0,0,1,0,0,0
7515,2003,1,1,1,0,0,0,0,0,0,0
7522,1998,10,9,2,1,0,0,1,0,2,0
7522,2000,3,3,0,0,0,0,0,0,2,0
7523,1996,9,6,2,0,0,0,3,0,1,0
7523,1997,4,3,1,0,0,0,1,0,0,0
7526,1993,3,3,1,0,0,0,0,0,0,0
7526,1994,2,2,1,0,0,0,0,0,0,0
7529,1979,1,0,0,0,0,0,1,0,0,0
7530,1997,1,1,1,1,0,0,0,0,0,0
7537,1988,7,6,1,0,0,0,1,0,0,0
7537,1989,3,2,0,0,0,0,1,0,0,0
7537,1990,1,1,0,0,0,0,0,0,0,0
7540,1993,4,4,0,0,0,0,0,0,1,0
7540,1995,2,1,0,0,0,0,1,0,0,0
7545,1980,10,8,3,1,0,0,1,0,0,0
7545,1983,2,1,0,0,0,0,1,0,0,0
7545,1984,2,2,1,0,0,0,0,0,0,0
7545,1985,1,1,0,0,0,0,0,0,0,0
7545,1987,1,1,0,0,0,0,0,0,0,0
7545,1988,1,1,1,0,0,0,0,0,0,0
7545,1990,3,3,0,0,0,0,0,0,1,0
7559,1990,8,7,0,0,0,0,1,0,1,0
7562,1996,1,1,0,0,0,0,0,0,0,0
7824,1996,3,2,0,0,0,0,1,0,1,0
7824,1997,3,2,1,0,0,0,1,0,1,0
7829,1997,3,2,1,0,0,0,1,0,0,0
7829,1998,4,2,1,0,0,0,2,0,1,0
7831,1992,6,5,2,1,0,0,1,0,1,0
7834,1983,2,2,0,0,0,0,0,0,1,0
7836,1993,3,1,1,0,0,1,1,1,0,0
7836,1997,1,0,0,0,0,0,1,0,0,0
7837,1987,2,2,0,0,0,0,0,0,0,0
7837,1988,4,3,0,0,0,0,1,0,0,0
7837,1989,2,2,0,0,0,0,0,0,0,0
7842,2000,1,1,1,0,0,0,0,0,0,0
7863,1979,4,3,2,0,0,0,1,0,0,0
7863,1984,1,0,0,0,0,0,1,0,0,0
7878,1984,6,6,2,1,0,0,0,0,0,0
7879,1988,3,3,2,0,0,0,0,0,1,0
7879,1989,1,1,1,0,0,0,0,0,0,0
7879,1990,2,2,1,0,0,0,0,0,1,0
7879,1991,1,1,0,0,0,0,0,0,0,0
7879,1992,6,5,0,0,0,0,1,0,1,0
7879,1993,1,1,0,0,0,0,0,0,0,0
7879,1994,1,1,0,0,0,0,0,0,1,0
7879,1997,1,0,0,0,0,0,0,0,0,0
7879,1998,2,1,0,0,0,0,1,0,0,0
7882,1979,2,1,0,0,0,0,0,0,0,0
7882,1980,2,2,1,0,0,0,0,0,0,0
7893,1989,1,1,1,0,0,0,0,0,0,0
7893,1991,3,3,1,1,0,0,0,0,0,0
7893,1992,4,3,1,0,0,0,1,0,0,0
7893,1993,2,2,1,1,0,0,0,0,0,0
7896,1999,3,3,1,0,0,0,0,0,0,0
7902,1986,2,2,1,1,0,0,0,0,0,0
7916,1985,3,3,0,0,0,0,0,0,0,0
7916,1986,1,1,0,0,0,0,0,0,0,0
7916,1987,1,1,0,0,0,0,0,0,0,0
7924,1982,9,8,4,1,0,0,1,0,1,0
7924,1983,4,3,1,0,0,0,1,0,1,0
7924,1984,4,4,1,0,0,0,0,0,2,0
7924,1985,4,4,2,0,0,0,0,0,0,0
7924,1986,8,7,1,1,0,0,1,0,2,0
7924,1987,4,4,2,0,0,1,0,0,0,0
7924,1988,4,3,1,0,0,0,1,0,0,0
7924,1989,3,2,1,0,0,0,1,0,1,0
7924,1993,8,6,1,1,0,0,2,0,0,0
7924,1994,1,0,0,0,0,0,1,0,0,0
7924,1995,2,2,2,2,0,0,0,0,0,0
7925,1996,1,0,0,0,0,0,1,0,0,0
7971,1996,1,1,0,0,0,0,0,0,0,0
7980,1982,5,5,2,0,0,0,0,0,1,0
7980,1986,7,7,3,0,0,2,0,0,2,0
7980,1987,4,3,1,0,0,0,1,0,0,0
7980,1996,3,2,2,0,0,1,1,0,0,0
7980,1998,3,3,0,0,0,0,0,0,0,0
7980,2001,3,2,1,1,0,0,1,0,0,0
7990,1996,2,2,1,0,0,0,0,0,0,0
7993,1983,2,2,2,0,1,0,0,0,0,0
8004,1980,15,15,4,0,0,0,0,0,0,0
8004,1982,8,8,3,0,0,1,0,0,0,0
8004,1983,12,10,2,0,0,0,2,0,3,0
8004,1984,8,7,1,0,0,0,1,0,1,0
8004,1985,11,9,5,3,0,0,1,0,1,1
8004,1986,9,8,0,0,0,0,1,0,1,0
8004,1987,5,4,2,1,0,0,1,0,1,0
8004,1988,10,9,3,1,0,0,1,0,1,0
8004,1990,7,5,0,0,0,0,2,0,1,0
8004,1991,12,10,4,0,0,0,2,0,1,0
8004,1992,4,3,0,0,0,0,0,1,1,0
8004,1993,2,2,1,0,0,0,0,0,0,0
8004,1994,6,6,1,0,0,0,0,0,1,0
8010,1997,5,3,0,0,0,0,1,1,0,0
8010,2001,1,1,0,0,0,0,0,0,1,0
8036,1999,1,1,0,0,0,0,0,0,0,0
8036,2001,1,1,1,0,0,0,0,0,0,0
8036,2002,1,1,0,0,0,0,0,0,0,0
8051,1989,2,2,1,1,0,0,0,0,0,0
8051,1990,4,3,3,2,0,0,1,0,0,0
8051,1994,6,6,0,0,0,0,0,0,0,0
8051,1995,5,4,1,0,0,0,1,0,1,0
8051,1998,12,12,1,1,0,0,0,0,5,0
8060,2002,4,2,0,0,0,0,2,0,0,0
8061,1994,7,7,2,0,0,0,0,0,1,0
8061,1996,7,5,2,0,0,0,1,1,1,0
8061,1997,2,2,0,0,0,0,0,0,0,0
8061,1999,4,3,2,1,0,0,1,0,0,0
8061,2001,4,2,0,0,0,0,2,0,0,0
8061,2002,1,0,0,0,0,0,1,0,0,0
8079,1993,5,3,1,0,0,0,2,0,0,0
8079,1997,3,2,0,0,0,0,1,0,1,0
8082,1991,1,1,0,0,0,0,0,0,0,0
8082,1996,1,1,1,0,0,0,0,0,0,0
8082,1998,1,1,0,0,0,0,0,0,0,0
8094,1985,4,4,0,0,0,0,0,0,0,0
8111,1989,1,1,1,0,0,0,0,0,0,0
8119,1981,2,1,1,0,0,0,1,0,0,0
8119,1982,1,1,0,0,0,0,0,0,0,0
8119,1983,2,2,0,0,0,0,0,0,0,0
8119,1984,1,1,1,1,0,0,0,0,0,0
8120,2000,2,2,0,0,0,0,0,0,0,0
8136,1987,3,2,1,0,0,0,1,0,1,0
8136,1988,4,3,0,0,0,0,1,0,0,0
8136,1989,4,3,1,0,0,0,1,0,0,0
8137,1992,11,11,2,1,0,0,0,0,2,0
8137,1993,4,4,2,0,0,0,0,0,0,0
8137,1994,4,2,0,0,0,0,2,0,0,0
8137,1995,4,4,1,1,0,0,0,0,1,0
8137,1997,4,4,1,1,0,0,0,0,1,0
8137,2000,7,7,2,1,0,0,0,0,1,0
8140,1993,2,2,1,0,0,0,0,0,0,0
8142,2003,3,3,1,0,0,0,0,0,2,0
8146,2001,1,0,0,0,0,0,1,0,0,0
8147,1997,1,1,1,0,0,0,0,0,0,0
8148,1996,3,3,1,1,0,0,0,0,1,0
8148,2002,1,0,0,0,0,0,1,0,0,0
8152,2000,1,1,0,0,0,0,0,0,0,0
8152,2001,1,1,0,0,0,0,0,0,1,0
8155,1994,6,4,1,0,0,0,2,0,0,0
8160,1991,11,9,0,0,0,0,2,0,1,0
8160,1993,4,3,2,0,0,0,0,1,0,0
8160,1994,4,4,1,0,0,0,0,0,0,0
8160,1997,3,3,1,0,0,0,0,0,0,0
8160,1998,4,4,0,0,0,0,0,0,3,0
8184,1999,3,1,0,0,0,0,2,0,0,0
8193,1991,11,7,3,0,0,0,4,0,1,0
8193,1992,4,3,0,0,0,0,1,0,1,0
8193,1993,7,6,1,0,0,0,0,0,0,1
8193,1994,1,1,0,0,0,0,0,0,0,0
8193,1996,12,11,1,0,0,0,1,0,1,0
8193,1998,5,3,2,0,0,0,2,0,0,0
8201,1996,3,3,2,0,0,0,0,0,0,0
8201,1997,4,4,1,1,0,0,0,0,1,0
8201,1999,1,1,1,0,0,1,0,0,0,0
8201,2000,7,4,0,0,0,0,3,0,1,0
8201,2001,3,3,0,0,0,0,0,0,1,0
8219,1985,5,4,1,1,0,0,1,0,0,0
8219,1986,3,3,0,0,0,0,0,0,0,0
8219,1987,2,1,0,0,0,0,1,0,0,0
8219,1988,4,4,1,0,0,0,0,0,0,0
8219,1989,2,1,0,0,0,0,1,0,0,0
8219,1993,3,3,2,1,0,0,0,0,1,0
8220,1992,1,0,0,0,0,0,0,0,0,1
8220,1993,6,4,1,0,0,0,1,1,1,0
8220,1995,2,0,0,0,0,0,1,0,0,1
8220,1997,1,1,0,0,0,0,0,0,1,0
8220,1998,4,3,0,0,0,0,1,0,1,0
8220,2000,1,1,1,0,0,0,0,0,0,0
8235,1996,2,1,0,0,0,0,1,0,1,0
8235,1997,1,0,0,0,0,0,1,0,0,0
8235,1999,2,2,1,0,0,0,0,0,1,0
8235,2000,1,1,0,0,0,0,0,0,1,0
8235,2001,2,2,0,0,0,0,0,0,1,0
8271,2001,2,2,1,0,0,0,0,0,1,0
8276,1988,6,5,2,0,0,0,1,0,1,0
8276,1989,5,4,1,0,0,1,1,0,2,0
8276,1991,7,7,2,0,0,0,0,0,2,0
8284,1987,1,0,0,0,0,0,1,0,0,0
8284,1988,1,1,1,0,0,0,0,0,0,0
8284,1989,1,0,0,0,0,0,1,0,0,0
8285,1987,3,2,0,0,0,0,1,0,0,0
8285,1988,2,2,2,0,0,0,0,0,0,0
8287,1984,4,4,2,0,0,1,0,0,0,0
8287,1986,15,13,1,0,0,0,2,0,1,0
8287,1987,6,4,2,0,0,2,2,0,0,0
8289,1987,2,2,1,0,0,0,0,0,0,0
8299,1986,6,5,1,0,0,0,1,0,0,0
8299,1987,2,1,1,0,0,1,1,0,0,0
8299,1988,3,3,2,1,0,0,0,0,0,0
8306,1984,2,2,1,0,0,1,0,0,0,0
8306,1985,2,1,0,0,0,0,1,0,0,0
8306,1986,6,6,2,0,0,0,0,0,0,0
8306,1987,7,4,0,0,0,0,3,0,1,0
8306,1990,2,1,1,0,0,0,1,0,0,0
8311,2002,1,1,0,0,0,0,0,0,0,0
8336,1984,3,1,0,0,0,0,2,0,0,0
8336,1985,5,5,1,0,0,0,0,0,0,0
8336,1986,1,1,0,0,0,0,0,0,1,0
8340,1996,7,6,2,1,0,0,1,0,1,0
8340,1997,3,2,0,0,0,0,1,0,1,0
8340,1999,2,2,2,1,0,0,0,0,0,0
8340,2000,4,4,3,1,0,0,0,0,0,0
8380,1982,3,0,0,0,0,0,3,0,0,0
8380,1983,1,0,0,0,0,0,1,0,0,0
8380,1985,6,6,2,1,0,0,0,0,2,0
8380,1986,1,1,0,0,0,0,0,0,0,0
8380,1987,1,1,0,0,0,0,0,0,0,0
8380,1990,2,2,1,0,0,0,0,0,0,0
8380,1991,2,1,0,0,0,0,1,0,0,0
8380,1992,1,1,0,0,0,0,0,0,0,0
8380,1993,2,2,0,0,0,0,0,0,0,0
8384,1987,5,4,2,0,0,1,1,0,1,0
8390,1999,1,1,1,0,0,0,0,0,0,0
8390,2001,4,3,1,0,0,0,1,0,0,0
8422,1982,3,3,0,0,0,0,0,0,0,0
8422,1983,7,6,0,0,0,0,1,0,2,0
8432,1986,5,5,5,1,0,0,0,0,0,0
8449,2000,3,3,0,0,0,0,0,0,1,0
8457,1999,2,1,0,0,0,0,1,0,0,0
8459,1981,2,2,0,0,0,0,0,0,0,0
8459,1982,4,3,2,0,0,1,1,0,0,0
8459,1983,6,6,1,0,0,0,0,0,0,0
8459,1984,8,6,2,1,0,0,2,0,0,0
8459,1985,1,1,0,0,0,0,0,0,0,0
8459,1994,2,1,0,0,0,0,1,0,0,0
8469,1989,3,1,0,0,0,0,2,0,1,0
8469,1990,2,0,0,0,0,0,1,1,0,0
8469,1991,4,4,0,0,0,0,0,0,1,0
8474,1994,1,1,1,0,0,0,0,0,0,0
8474,1995,1,1,0,0,0,0,0,0,1,0
8474,1998,3,2,0,0,0,0,1,0,1,0
8474,1999,7,6,4,0,0,1,1,0,0,0
8474,2001,3,2,1,0,0,0,1,0,0,0
8474,2003,6,6,0,0,0,0,0,0,2,0
8488,1998,6,3,1,0,0,0,3,0,0,0
8488,2001,4,4,2,0,0,0,0,0,0,0
8498,1988,3,2,2,0,0,0,1,0,0,0
8498,1989,1,1,0,0,0,0,0,0,1,0
8498,1990,2,2,0,0,0,0,0,0,1,0
8498,1991,2,2,1,0,0,0,0,0,0,0
8498,1993,1,1,0,0,0,0,0,0,0,0
8498,1997,2,2,0,0,0,0,0,0,0,0
8498,1998,1,0,0,0,0,0,1,0,0,0
8498,1999,1,1,0,0,0,0,0,0,0,0
8513,1985,9,8,3,0,0,2,1,0,1,0
8513,1986,4,4,1,0,0,0,0,0,0,0
8516,1985,2,2,0,0,0,0,0,0,0,0
8516,1986,2,2,1,0,0,0,0,0,0,0
8516,1987,5,5,0,0,0,0,0,0,1,0
8516,1988,4,4,0,0,0,0,0,0,0,0
8519,1995,1,1,0,0,0,0,0,0,0,0
8519,1997,3,3,1,0,0,0,0,0,0,0
8529,2003,1,0,0,0,0,0,1,0,0,0
8530,1989,1,1,0,0,0,0,0,0,1,0
8530,1991,1,1,1,0,0,0,0,0,0,0
8530,1993,1,1,0,0,0,0,0,0,0,0
8530,1994,1,0,0,0,0,0,1,0,0,0
8530,1997,1,1,0,0,0,0,0,0,1,0
8556,1999,4,4,0,0,0,0,0,0,2,0
8556,2001,4,4,0,0,0,0,0,0,1,0
8557,2000,3,3,0,0,0,0,0,0,0,0
8563,1996,12,7,2,0,0,0,5,0,0,0
8576,1996,3,2,0,0,0,0,1,0,1,0
8576,1997,1,0,0,0,0,0,1,0,0,0
8581,2001,5,5,0,0,0,0,0,0,2,0
8594,1991,3,2,0,0,0,0,1,0,0,0
8594,1992,3,3,1,0,0,0,0,0,0,0
8605,1980,1,1,0,0,0,0,0,0,0,0
8625,1982,1,0,0,0,0,0,1,0,0,0
8625,1986,3,1,0,0,0,0,2,0,0,0
8638,2000,1,1,1,0,0,0,0,0,0,0
8638,2001,1,1,0,0,0,0,0,0,0,0
8655,2000,1,1,0,0,0,0,0,0,1,0
8655,2003,1,1,0,0,0,0,0,0,0,0
8665,1989,5,5,3,1,0,0,0,0,0,0
8665,1990,2,1,0,0,0,0,1,0,0,0
8665,1991,1,1,1,0,0,0,0,0,0,0
8665,1992,3,3,0,0,0,0,0,0,0,0
8665,1993,1,1,1,0,0,1,0,0,0,0
8665,1994,1,1,1,0,0,0,0,0,0,0
8665,1996,2,1,0,0,0,0,1,0,0,0
8670,1980,11,7,4,0,0,0,4,0,0,0
8670,1981,9,8,4,0,0,0,1,0,0,0
8670,1982,6,4,1,0,0,0,2,0,1,0
8670,1983,3,1,1,0,0,0,2,0,0,0
8670,1984,1,1,0,0,0,0,0,0,0,0
8676,1996,2,2,1,0,0,0,0,0,0,0
8676,1998,1,1,0,0,0,0,0,0,0,0
8676,2001,1,1,0,0,0,0,0,0,1,0
8703,1989,5,5,0,0,0,0,0,0,0,0
8703,1990,6,5,1,0,0,1,1,0,0,0
8704,1996,2,1,0,0,0,0,1,0,0,0
8704,1997,3,3,2,0,0,0,0,0,0,0
8704,1998,4,4,0,0,0,0,0,0,0,0
8704,2001,5,3,0,0,0,0,2,0,1,0
8720,1998,3,2,1,0,0,0,1,0,0,0
8723,1996,2,1,1,1,0,0,1,0,0,0
8724,1995,3,3,2,1,0,0,0,0,0,0
8724,2000,1,0,0,0,0,0,1,0,0,0
8730,1979,3,2,0,0,0,0,1,0,1,0
8730,1980,3,3,1,1,0,0,0,0,0,0
8730,1981,7,7,2,0,0,0,0,0,0,0
8731,1999,6,5,3,2,0,0,1,0,0,0
8738,1979,1,1,0,0,0,0,0,0,0,0
8741,1984,5,4,1,0,0,0,1,0,0,0
8746,1986,2,2,2,0,0,1,0,0,0,0
8754,1993,1,0,0,0,0,0,1,0,0,0
8754,1994,1,0,0,0,0,0,1,0,0,0
8754,1996,1,0,0,0,0,0,1,0,0,0
8754,1997,1,1,0,0,0,0,0,0,1,0
8756,1998,2,2,0,0,0,0,0,0,1,0
8767,1989,1,1,0,0,0,0,0,0,0,0
8767,1990,3,2,1,0,0,1,0,1,0,0
8767,1993,2,2,1,0,0,0,0,0,1,0
8768,1979,4,2,0,0,0,0,2,0,1,0
8768,1980,6,5,0,0,0,0,1,0,1,0
8784,1999,6,4,0,0,0,0,2,0,0,0
8787,1994,3,1,0,0,0,0,1,1,0,0
8787,1995,7,7,4,1,0,1,0,0,0,0
8788,1988,3,3,2,0,0,0,0,0,1,0
8858,1993,1,1,0,0,0,0,0,0,0,0
8883,1995,3,1,1,0,0,0,2,0,0,0
8883,1997,1,1,0,0,0,0,0,0,0,0
8883,1998,3,1,1,0,0,0,1,0,0,1
8883,2001,1,1,1,0,0,0,0,0,0,0
8891,1997,3,2,1,0,0,0,1,0,0,0
8891,2000,4,3,1,1,0,0,1,0,0,0
8911,1988,3,3,1,0,0,0,0,0,1,0
8911,1989,15,12,4,0,0,0,3,0,1,0
8911,1990,10,8,3,2,0,0,2,0,1,0
8911,1991,4,4,0,0,0,0,0,0,1,0
8911,1992,8,4,1,0,0,0,4,0,0,0
8911,1993,4,4,3,0,0,0,0,0,0,0
8911,1994,3,3,0,0,0,0,0,0,1,0
8918,1999,3,3,0,0,0,0,0,0,2,0
8932,1997,1,0,0,0,0,0,1,0,0,0
8934,1997,4,4,2,0,0,1,0,0,2,0
8934,1998,2,1,1,1,0,0,1,0,0,0
8934,2000,4,3,2,0,0,0,1,0,0,0
8942,1988,1,1,0,0,0,0,0,0,0,0
8947,1980,8,5,1,0,0,0,3,0,1,0
8947,1982,7,7,0,0,0,0,0,0,0,0
8947,1983,4,4,1,0,0,0,0,0,0,0
8954,1997,3,3,0,0,0,0,0,0,0,0
8954,1999,3,3,0,0,0,0,0,0,0,0
8954,2000,3,2,0,0,0,0,1,0,0,0
8954,2001,4,4,1,0,0,1,0,0,0,0
8958,1990,7,6,1,0,0,0,1,0,1,0
8962,1996,2,2,1,0,0,0,0,0,1,0
8971,1989,1,1,1,1,0,0,0,0,0,0
8983,1996,2,2,0,0,0,0,0,0,1,0
8983,1997,3,1,0,0,0,0,2,0,1,0
8983,2000,1,1,1,1,0,0,0,0,0,0
8983,2001,3,2,0,0,0,0,1,0,1,0
8986,1979,6,6,1,0,0,0,0,0,0,0
8986,1980,1,1,0,0,0,0,0,0,0,0
8986,1981,3,3,1,0,0,0,0,0,0,0
8986,1982,13,8,3,0,0,1,5,0,0,0
8986,1983,10,7,2,0,0,0,2,1,1,0
8986,1984,6,5,2,0,0,1,1,0,1,0
8986,1985,8,8,0,0,0,0,0,0,1,0
8986,1986,4,4,2,0,0,0,0,0,0,0
8986,1987,3,2,0,0,0,0,1,0,0,0
8986,1988,7,7,2,0,0,0,0,0,0,0
8986,1989,5,4,1,0,0,0,0,0,0,1
8986,1990,5,4,3,0,1,1,1,0,0,0
8986,1991,3,2,1,0,0,0,1,0,1,0
8990,1995,8,7,2,0,0,0,1,0,1,0
8990,1997,4,3,1,1,0,0,1,0,0,0
8990,1998,3,3,1,0,0,0,0,0,0,0
8990,1999,3,2,2,0,0,0,1,0,0,0
8990,2000,8,6,2,1,0,0,2,0,2,0
8990,2002,6,6,1,0,0,0,0,0,0,0
9038,1992,1,0,0,0,0,0,0,1,0,0
9038,1994,1,0,0,0,0,0,1,0,0,0
9038,1995,3,2,0,0,0,0,1,0,1,0
9038,1998,4,2,0,0,0,0,2,0,2,0
9041,2002,3,3,1,0,0,0,0,0,1,0
9084,1997,1,1,0,0,0,0,0,0,1,0
9091,1997,2,1,0,0,0,0,1,0,0,0
9102,1986,4,4,0,0,0,0,0,0,1,0
9102,1987,1,0,0,0,0,0,1,0,0,0
9102,1988,1,1,1,0,0,0,0,0,0,0
9102,1989,1,0,0,0,0,0,1,0,0,0
9102,1991,3,3,1,0,0,0,0,0,1,0
9102,1992,1,1,0,0,0,0,0,0,1,0
9102,1996,2,2,1,0,0,0,0,0,0,0
9102,1999,1,1,0,0,0,0,0,0,0,0
9108,1986,6,4,0,0,0,0,2,0,2,0
9108,1987,3,0,0,0,0,0,3,0,0,0
9108,1988,4,3,0,0,0,0,1,0,0,0
9108,1989,9,5,2,0,0,0,4,0,1,0
9108,1990,3,2,1,0,0,1,1,0,0,0
9108,1991,2,1,1,0,0,0,1,0,0,0
9108,1992,2,1,0,0,0,0,1,0,0,0
9108,1993,4,3,0,0,0,0,1,0,0,0
9108,1994,2,2,1,0,0,0,0,0,0,0
9108,1997,1,0,0,0,0,0,1,0,0,0
9108,1998,2,2,0,0,0,0,0,0,1,0
9123,2001,1,1,0,0,0,0,0,0,1,0
9123,2002,1,1,0,0,0,0,0,0,0,0
9136,1998,6,5,1,0,0,0,1,0,1,0
9136,1999,4,4,1,1,0,0,0,0,1,0
9136,2000,8,7,1,0,0,0,1,0,1,0
9148,1983,5,5,3,0,0,0,0,0,1,0
9148,1984,3,2,0,0,0,0,1,0,0,0
9148,1985,1,1,1,1,0,0,0,0,0,0
9152,1986,4,4,3,1,0,1,0,0,0,0
9152,1987,6,4,1,0,0,0,2,0,0,0
9152,1988,1,0,0,0,0,0,0,0,0,1
9152,1996,4,4,0,0,0,0,0,0,0,0
9152,1999,3,3,1,0,0,0,0,0,1,0
9160,2000,2,1,1,0,0,0,1,0,0,0
9160,2001,1,1,0,0,0,0,0,0,0,0
9169,1998,4,3,3,0,0,0,1,0,0,0
9172,1989,3,2,1,0,0,0,1,0,0,0
9172,1990,1,1,1,0,0,0,0,0,0,0
9172,1992,2,0,0,0,0,0,2,0,0,0
9172,1993,1,0,0,0,0,0,1,0,0,0
9176,1996,1,0,0,0,0,0,1,0,0,0
9176,1997,1,1,0,0,0,0,0,0,1,0
9176,2001,2,2,0,0,0,0,0,0,1,0
9182,1988,9,7,3,2,0,0,1,0,0,1
9182,1993,3,3,0,0,0,0,0,0,0,0
9199,1989,3,1,0,0,0,0,2,0,1,0
9199,1990,1,1,1,0,0,0,0,0,0,0
9204,1997,4,3,0,0,0,0,1,0,2,0
9204,2000,4,3,0,0,0,0,1,0,0,0
9210,2001,1,1,0,0,0,0,0,0,1,0
9219,2001,10,9,2,1,0,1,0,1,1,0
9220,1979,2,1,1,0,1,0,1,0,0,0
9220,1980,4,3,0,0,0,0,0,0,0,1
9238,1994,6,3,2,2,0,0,3,0,0,0
9258,1992,1,1,0,0,0,0,0,0,1,0
9258,1993,4,4,0,0,0,0,0,0,2,0
9258,1994,1,1,0,0,0,0,0,0,1,0
9258,1997,1,1,0,0,0,0,0,0,0,0
9258,1998,3,3,1,0,0,0,0,0,0,0
9258,2000,1,1,0,0,0,0,0,0,0,0
9258,2002,1,1,0,0,0,0,0,0,0,0
9263,2000,1,1,1,0,0,0,0,0,0,0
9283,1980,6,4,1,0,0,0,2,0,1,0
9283,1981,3,1,0,0,0,0,1,0,0,1
9283,1982,4,4,2,0,0,0,0,0,1,0
9283,1983,3,3,0,0,0,0,0,0,1,0
9283,1984,3,3,1,0,0,1,0,0,0,0
9283,1985,5,5,1,0,0,0,0,0,1,0
9283,1986,2,2,1,0,0,0,0,0,0,0
9283,1987,1,1,1,0,0,0,0,0,0,0
9283,1988,1,1,0,0,0,0,0,0,0,0
9293,1990,1,1,0,0,0,0,0,0,0,0
9293,1991,2,1,0,0,0,0,1,0,1,0
9293,1992,1,1,0,0,0,0,0,0,0,0
9294,1995,10,9,1,0,0,0,1,0,1,0
9294,1997,3,2,0,0,0,0,1,0,0,0
9294,1998,4,4,1,1,0,0,0,0,1,0
9294,2000,4,4,0,0,0,0,0,0,0,0
9300,1997,3,2,2,0,0,0,1,0,0,0
9304,1980,7,5,2,0,1,0,2,0,1,0
9304,1981,2,2,1,0,0,0,0,0,1,0
9304,1982,9,7,2,0,0,1,2,0,1,0
9309,1980,1,0,0,0,0,0,1,0,0,0
9321,1983,7,6,3,0,0,1,1,0,0,0
9387,1996,7,4,2,0,0,0,2,1,1,0
9387,1998,9,7,2,0,0,0,1,1,2,0
9387,2000,4,4,0,0,0,0,0,0,1,0
9387,2001,3,3,1,0,0,0,0,0,0,0
9392,1984,3,3,0,0,0,0,0,0,1,0
9392,1995,3,2,0,0,0,0,1,0,0,0
9394,1983,5,2,0,0,0,0,3,0,0,0
9412,1980,4,2,0,0,0,0,2,0,0,0
9412,1982,1,1,1,0,0,0,0,0,0,0
9412,1983,8,8,0,0,0,0,0,0,0,0
9412,1989,7,6,3,2,0,0,1,0,1,0
9432,1987,3,3,2,0,0,1,0,0,0,0
9432,1988,4,4,1,0,0,0,0,0,0,0
9432,1989,3,2,0,0,0,0,1,0,0,0
9432,1990,2,2,1,0,0,0,0,0,1,0
9432,1991,3,3,1,0,0,0,0,0,0,0
9439,1979,3,3,0,0,0,0,0,0,1,0
9439,1980,7,7,2,0,1,0,0,0,1,0
9439,1981,7,7,3,1,0,0,0,0,0,0
9439,1982,1,1,0,0,0,0,0,0,0,0
9442,2000,6,4,3,1,0,0,2,0,1,0
9442,2002,4,4,1,1,0,0,0,0,2,0
9442,2003,3,2,0,0,0,0,1,0,0,0
9459,1988,2,2,1,0,0,0,0,0,0,0
9459,1989,4,3,0,0,0,0,1,0,1,0
9459,1990,2,2,2,1,0,0,0,0,0,0
9467,1992,3,3,0,0,0,0,0,0,0,0
9467,2001,3,3,0,0,0,0,0,0,0,0
9468,1996,1,1,0,0,0,0,0,0,0,0
9468,1997,4,2,1,1,0,0,2,0,0,0
9468,1998,3,3,2,0,0,0,0,0,0,0
9468,2000,3,3,2,0,0,0,0,0,1,0
9492,1997,3,2,0,0,0,0,1,0,0,0
9492,2000,4,4,0,0,0,0,0,0,2,0
9492,2002,3,2,0,0,0,0,1,0,1,0
9496,1996,1,0,0,0,0,0,1,0,0,0
9496,1997,3,3,0,0,0,0,0,0,2,0
9496,1999,2,2,1,1,0,0,0,0,0,0
9496,2001,3,3,0,0,0,0,0,0,1,0
9496,2002,2,1,0,0,0,0,1,0,0,0
9506,1979,7,6,1,0,0,0,1,0,1,0
9506,1980,4,4,2,1,0,0,0,0,1,0
9506,1981,8,7,2,0,0,1,1,0,1,0
9506,1982,4,2,0,0,0,0,2,0,0,0
9506,1983,3,3,2,0,0,0,0,0,1,0
9510,1979,3,3,1,0,0,0,0,0,0,0
9517,1988,10,9,3,0,0,0,1,0,0,0
9517,1989,6,5,0,0,0,0,1,0,0,0
9518,1979,2,2,1,1,0,0,0,0,0,0
9523,1995,2,1,1,0,0,0,0,1,0,0
9523,2001,2,2,0,0,0,0,0,0,0,0
9527,1997,2,2,0,0,0,0,0,0,0,0
9527,1998,3,2,0,0,0,0,1,0,0,0
9528,2002,1,0,0,0,0,0,1,0,0,0
9540,1996,6,6,0,0,0,0,0,0,0,0
9540,1999,4,4,2,0,0,0,0,0,0,0
9554,1996,12,10,2,1,1,0,2,0,2,0
9554,1997,4,4,0,0,0,0,0,0,1,0
9554,1999,6,6,3,0,0,0,0,0,1,0
9554,2001,8,7,1,0,0,0,1,0,2,0
9559,1994,3,2,0,0,0,0,1,0,0,0
9559,1995,5,3,0,0,0,0,2,0,3,0
9559,1997,2,1,0,0,0,0,1,0,0,0
9559,1998,2,2,1,0,0,0,0,0,1,0
9559,1999,1,1,0,0,0,0,0,0,1,0
9559,2002,1,1,0,0,0,0,0,0,1,0
9603,2001,1,1,0,0,0,0,0,0,0,0
9610,2001,3,1,0,0,0,0,2,0,1,0
9612,1982,5,3,0,0,0,0,1,0,1,1
9612,1983,8,6,1,0,0,0,2,0,2,0
9612,1984,2,2,0,0,0,0,0,0,0,0
9612,1989,1,1,1,1,0,0,0,0,0,0
9613,1995,2,0,0,0,0,0,2,0,0,0
9614,1984,4,2,2,0,0,0,2,0,0,0
9614,1985,2,1,1,0,0,0,1,0,0,0
9620,2002,1,1,1,1,0,0,0,0,0,0
9621,1997,1,1,1,0,0,0,0,0,0,0
9621,2002,1,1,0,0,0,0,0,0,1,0
9632,1979,3,3,1,0,0,0,0,0,2,0
9635,1995,2,2,1,0,0,0,0,0,0,0
9635,1998,4,2,1,0,0,0,2,0,0,0
9637,1998,1,1,0,0,0,0,0,0,0,0
9637,2000,2,1,1,0,0,0,1,0,0,0
9637,2002,1,0,0,0,0,0,1,0,0,0
9642,1991,3,0,0,0,0,0,3,0,0,0
9642,1992,1,1,0,0,0,0,0,0,0,0
9642,1996,10,9,1,0,0,0,1,0,3,0
9642,1997,4,3,3,1,0,0,1,0,0,0
9659,1995,4,2,0,0,0,0,1,1,0,0
9659,1998,1,1,0,0,0,0,0,0,1,0
9659,1999,4,2,0,0,0,0,1,1,0,0
9661,1999,1,0,0,0,0,0,1,0,0,0
9672,1997,5,5,3,0,0,0,0,0,1,0
9678,1979,3,2,1,0,0,0,1,0,0,0
9678,1980,3,3,2,1,0,0,0,0,0,0
9692,1980,1,1,0,0,0,0,0,0,0,0
9698,2003,1,1,0,0,0,0,0,0,0,0
9699,2003,3,3,0,0,0,0,0,0,0,0
9713,1995,6,6,3,1,0,0,0,0,2,0
9725,1992,2,2,0,0,0,0,0,0,1,0
9728,1980,3,3,1,1,0,0,0,0,0,0
9734,1990,4,4,1,1,0,0,0,0,0,0
9734,1991,1,0,0,0,0,0,0,1,0,0
9735,1990,7,5,1,0,0,1,2,0,0,0
9735,1991,8,7,1,0,0,0,1,0,1,0
9735,1992,3,2,1,0,0,0,1,0,0,0
9738,1990,2,2,0,0,0,0,0,0,1,0
9751,1999,2,1,0,0,0,0,1,0,1,0
9779,1995,7,6,2,0,0,0,1,0,0,0
9780,1999,3,3,1,0,0,0,0,0,0,0
9780,2000,1,0,0,0,0,0,1,0,0,0
9780,2001,2,1,1,0,0,0,0,1,0,0
9803,1998,1,1,0,0,0,0,0,0,0,0
9809,1997,2,2,0,0,0,0,0,0,0,0
9809,1998,1,1,1,0,0,1,0,0,0,0
9840,1989,2,2,0,0,0,0,0,0,0,0
9840,1990,2,1,1,0,0,0,1,0,0,0
9840,1992,2,1,0,0,0,0,1,0,1,0
9840,1993,3,2,1,0,0,0,1,0,1,0
9840,1994,3,3,1,0,0,1,0,0,0,0
9840,1995,3,2,0,0,0,0,1,0,0,0
9840,2000,4,4,1,1,0,0,0,0,2,0
9840,2002,8,7,0,0,0,0,1,0,1,0
9859,1996,2,1,0,0,0,0,1,0,1,0
9859,1997,1,0,0,0,0,0,1,0,0,0
9879,1984,9,8,4,1,0,0,1,0,0,0
9879,1985,7,6,0,0,0,0,0,0,0,1
9879,1986,6,6,1,0,0,0,0,0,0,0
9887,2000,2,1,0,0,0,0,1,0,0,0
9892,1985,4,4,3,1,0,2,0,0,1,0
9931,1997,3,2,0,0,0,0,1,0,0,0
9931,1998,7,6,4,1,0,1,1,0,0,0
9943,1998,3,2,0,0,0,0,1,0,1,0
9943,1999,3,3,1,0,0,0,0,0,1,0
9953,1988,2,2,1,0,0,0,0,0,0,0
9953,1989,5,5,0,0,0,0,0,0,0,0
9953,1990,1,1,0,0,0,0,0,0,0,0
9955,1991,3,1,1,0,0,0,2,0,0,0
9989,1980,4,4,2,0,0,0,0,0,1,0
9989,1981,3,3,0,0,0,0,0,0,1,0
9989,1984,1,1,1,0,0,0,0,0,0,0
9989,1985,4,4,0,0,0,0,0,0,1,0
9996,1983,3,3,1,0,0,0,0,0,0,0
10001,1996,6,3,2,1,0,0,2,0,0,1
10001,1998,3,3,2,0,0,0,0,0,0,0
10002,1997,3,2,0,0,0,0,1,0,1,0
10002,1998,3,2,0,0,0,0,1,0,1,0
10002,1999,6,6,3,0,0,0,0,0,1,0
10002,2000,8,5,2,0,0,0,3,0,0,0
10002,2001,4,4,0,0,0,0,0,0,0,0
10004,1996,2,2,0,0,0,0,0,0,0,0
10006,1996,2,2,1,0,0,0,0,0,0,0
10007,1997,1,0,0,0,0,0,1,0,0,0
10009,1985,1,1,0,0,0,0,0,0,0,0
10009,1986,1,1,0,0,0,0,0,0,0,0
10029,1998,6,6,1,0,0,0,0,0,0,0
10029,2001,2,2,1,0,0,1,0,0,0,0
10038,1986,4,3,1,0,0,1,1,0,0,0
10038,1987,4,3,1,0,0,0,1,0,0,0
10038,1988,5,3,1,0,0,0,2,0,1,0
10038,1989,3,3,1,0,0,1,0,0,2,0
10038,1991,4,4,1,1,0,0,0,0,1,0
10038,1992,1,0,0,0,0,0,1,0,0,0
10038,1993,3,2,0,0,0,0,1,0,2,0
10038,1994,1,1,1,0,0,0,0,0,0,0
10055,1993,2,2,0,0,0,0,0,0,0,0
10055,1994,2,2,0,0,0,0,0,0,1,0
10055,1995,3,2,0,0,0,0,1,0,0,0
10055,1996,2,2,0,0,0,0,0,0,0,0
10059,1979,4,4,1,0,0,0,0,0,1,0
10059,1989,4,4,1,1,0,0,0,0,2,0
10059,1990,7,6,0,0,0,0,1,0,2,0
10059,1991,7,3,0,0,0,0,4,0,0,0
10070,1984,5,4,3,0,0,0,1,0,0,0
10070,1985,11,11,4,1,0,0,0,0,2,0
10070,1986,7,6,3,1,0,0,1,0,0,0
10070,1987,4,3,0,0,0,0,1,0,1,0
10070,1988,4,4,1,0,0,0,0,0,1,0
10070,1989,11,11,4,0,0,0,0,0,2,0
10070,1990,3,3,2,1,0,0,0,0,0,0
10070,1991,2,0,0,0,0,0,1,1,0,0
10070,1997,3,2,0,0,0,0,1,0,1,0
10070,1998,6,4,1,0,0,0,1,1,2,0
10071,2001,2,1,0,0,0,0,1,0,1,0
10093,1997,2,2,1,0,0,0,0,0,0,0
10093,1998,2,2,0,0,0,0,0,0,0,0
10112,1996,3,2,0,0,0,0,1,0,1,0
10119,1986,3,2,0,0,0,0,1,0,1,0
10124,1993,1,1,0,0,0,0,0,0,0,0
10124,1994,1,0,0,0,0,0,1,0,0,0
10154,1988,3,2,0,0,0,0,1,0,0,0
10155,1999,5,3,2,1,0,1,2,0,0,0
10155,2000,3,2,0,0,0,0,1,0,2,0
10155,2001,4,3,1,0,0,0,1,0,1,0
10158,1981,1,0,0,0,0,0,1,0,0,0
10158,1982,3,2,2,1,0,0,1,0,0,0
10158,1983,5,3,1,0,0,0,2,0,0,0
10158,1984,4,4,0,0,0,0,0,0,0,0
10158,1985,4,4,2,0,0,1,0,0,0,0
10187,1991,3,2,0,0,0,0,1,0,1,0
10187,1992,7,5,1,0,0,1,2,0,1,0
10187,1994,3,3,3,0,0,0,0,0,0,0
10188,1997,5,5,1,1,0,0,0,0,0,0
10188,1999,1,1,0,0,0,0,0,0,0,0
10192,1995,2,1,0,0,0,0,1,0,0,0
10215,1997,3,2,2,0,0,0,1,0,0,0
10215,1998,6,5,2,0,0,0,1,0,0,0
10216,2000,2,1,0,0,0,0,0,0,0,1
10217,2000,2,2,1,0,0,0,0,0,0,0
10217,2002,6,4,1,0,0,0,2,0,2,0
10243,1982,1,1,0,0,0,0,0,0,0,0
10246,2000,1,0,0,0,0,0,1,0,0,0
10251,1997,6,5,1,0,0,0,1,0,1,0
10251,1998,11,6,1,0,0,1,5,0,1,0
10254,1990,4,2,1,0,0,0,2,0,0,0
10267,1995,2,1,0,0,0,0,1,0,0,0
10273,1980,8,8,0,0,0,0,0,0,1,0
10273,1987,1,1,1,0,0,1,0,0,0,0
10286,1984,2,1,0,0,0,0,1,0,0,0
10286,1985,1,1,0,0,0,0,0,0,0,0
10286,1986,1,1,0,0,0,0,0,0,0,0
10294,1988,3,3,2,1,0,0,0,0,0,0
10294,1990,2,1,0,0,0,0,1,0,0,0
10294,1997,1,1,0,0,0,0,0,0,1,0
10294,2001,9,9,1,0,0,0,0,0,1,0
10311,1982,4,4,0,0,0,0,0,0,2,0
10311,1983,2,1,1,0,0,0,1,0,0,0
10311,1984,2,2,0,0,0,0,0,0,0,0
10311,1985,1,1,1,0,0,0,0,0,0,0
10311,1986,2,2,1,0,0,0,0,0,0,0
10311,1988,2,1,1,0,0,0,1,0,0,0
10311,1989,11,9,2,0,0,0,2,0,0,0
10313,1996,4,3,0,0,0,0,1,0,3,0
10313,1999,4,4,0,0,0,0,0,0,1,0
10313,2000,4,4,1,0,0,0,0,0,0,0
10313,2001,3,2,1,0,0,0,1,0,0,0
10323,1981,1,1,0,0,0,0,0,0,0,0
10329,1988,3,3,0,0,0,0,0,0,0,0
10329,1989,2,2,0,0,0,0,0,0,0,0
10329,1990,2,2,1,0,0,0,0,0,0,0
10329,1991,1,0,0,0,0,0,1,0,0,0
10329,1992,2,2,0,0,0,0,0,0,0,0
10330,1998,2,2,1,0,0,0,0,0,1,0
10330,1999,3,3,0,0,0,0,0,0,0,0
10332,2001,3,3,1,0,0,0,0,0,0,0
10338,1983,1,1,0,0,0,0,0,0,0,0
10338,1985,3,3,3,1,0,2,0,0,0,0
10338,1986,6,6,2,0,0,1,0,0,0,0
10340,1999,1,1,1,0,0,0,0,0,0,0
10340,2000,1,1,0,0,0,0,0,0,0,0
10349,1984,3,3,2,0,0,0,0,0,1,0
10349,1986,3,2,0,0,0,0,1,0,1,0
10365,1993,2,1,0,0,0,0,1,0,1,0
10388,1996,1,1,0,0,0,0,0,0,0,0
10399,1992,2,1,1,1,0,0,1,0,0,0
10409,1989,2,1,0,0,0,0,1,0,1,0
10409,1990,1,0,0,0,0,0,1,0,0,0
10409,1991,1,0,0,0,0,0,1,0,0,0
10411,1985,3,2,0,0,0,0,1,0,1,0
10412,1990,3,2,0,0,0,0,1,0,2,0
10414,1984,10,8,2,0,0,0,1,0,2,1
10414,1985,8,6,0,0,0,0,2,0,1,0
10414,1986,6,5,2,0,0,0,1,0,0,0
10416,1985,2,2,1,0,0,0,0,0,0,0
10431,1988,1,1,0,0,0,0,0,0,0,0
10440,1993,7,7,1,0,0,1,0,0,1,0
10440,1994,9,7,1,0,0,1,1,1,0,0
10440,1997,3,2,0,0,0,0,1,0,0,0
10440,1998,11,8,3,0,0,1,3,0,1,0
10443,1987,2,0,0,0,0,0,2,0,0,0
10455,1982,1,1,0,0,0,0,0,0,0,0
10461,1998,4,3,1,0,0,1,1,0,0,0
10461,1999,4,3,2,0,0,1,1,0,0,0
10466,1979,3,2,1,0,0,0,1,0,1,0
10468,1997,1,1,1,0,0,0,0,0,0,0
10468,1998,4,3,0,0,0,0,1,0,1,0
10468,2000,1,1,0,0,0,0,0,0,1,0
10507,1990,2,2,0,0,0,0,0,0,0,0
10507,1991,2,1,0,0,0,0,0,1,0,0
10507,1995,1,1,1,0,0,0,0,0,0,0
10507,1996,3,3,0,0,0,0,0,0,1,0
10507,1997,1,1,0,0,0,0,0,0,0,0
10516,2001,3,2,1,0,0,0,1,0,0,0
10548,1987,2,2,0,0,0,0,0,0,0,0
10552,1992,3,2,0,0,0,0,0,1,0,0
10560,1983,5,3,3,0,0,1,2,0,0,0
10576,1994,1,1,1,1,0,0,0,0,0,0
10597,1999,1,1,0,0,0,0,0,0,0,0
10601,1995,1,1,1,0,0,0,0,0,0,0
10601,2000,2,2,0,0,0,0,0,0,1,0
10625,1998,1,1,1,0,0,0,0,0,0,0
10636,1998,11,10,3,1,0,1,1,0,1,0
10636,2000,10,10,1,0,0,0,0,0,1,0
10640,1988,3,3,0,0,0,0,0,0,0,0
10669,1979,8,8,0,0,0,0,0,0,1,0
10669,1982,5,2,0,0,0,0,3,0,1,0
10669,1983,5,3,1,0,0,0,2,0,1,0
10669,1984,3,2,0,0,0,0,1,0,0,0
10669,1985,7,5,0,0,0,0,2,0,1,0
10669,1986,4,4,2,1,0,0,0,0,1,0
10677,1998,1,1,0,0,0,0,0,0,1,0
10677,1999,2,2,1,0,0,0,0,0,1,0
10682,1997,3,3,0,0,0,0,0,0,0,0
10685,1996,3,3,1,0,1,0,0,0,0,0
10687,1999,3,3,1,1,0,0,0,0,0,0
10689,1992,11,10,1,0,0,0,1,0,1,0
10689,1996,7,6,0,0,0,0,1,0,1,0
10695,2001,7,3,0,0,0,0,4,0,1,0
10703,2001,3,2,0,0,0,0,1,0,0,0
10719,1994,2,2,0,0,0,0,0,0,1,0
10720,1999,4,4,2,0,0,0,0,0,2,0
10746,1988,5,4,0,0,0,0,1,0,3,0
10746,1989,4,3,0,0,0,0,1,0,2,0
10746,1994,3,2,0,0,0,0,1,0,0,0
10746,1995,1,1,1,0,0,0,0,0,0,0
10746,1996,1,1,0,0,0,0,0,0,0,0
10749,1982,5,5,1,1,0,0,0,0,2,0
10749,1983,10,8,2,1,0,0,2,0,0,0
10749,1985,13,11,3,0,0,0,1,1,1,0
10749,1986,3,3,1,0,0,0,0,0,0,0
10749,1987,5,5,3,0,0,0,0,0,0,0
10749,1988,3,3,1,0,0,0,0,0,0,0
10749,1989,2,1,0,0,0,0,0,1,0,0
10752,2002,3,2,1,0,0,0,1,0,1,0
10759,1998,1,1,1,0,0,0,0,0,0,0
10762,1985,3,3,1,0,0,0,0,0,0,0
10762,1988,7,4,0,0,0,0,2,0,0,1
10762,1989,8,7,3,0,0,0,1,0,1,0
10762,1990,6,4,1,0,0,0,2,0,0,0
10762,1991,4,4,2,1,0,0,0,0,1,0
10763,1993,3,3,0,0,0,0,0,0,0,0
10779,1995,8,8,2,0,0,0,0,0,0,0
10779,1996,4,3,0,0,0,0,1,0,0,0
10782,1997,4,3,0,0,0,0,1,0,2,0
10782,1999,8,7,4,1,0,0,0,0,3,0
10782,2001,1,0,0,0,0,0,1,0,0,0
10782,2003,1,1,0,0,0,0,0,0,0,0
10794,1985,2,2,0,0,0,0,0,0,1,0
10794,1986,1,1,1,0,0,0,0,0,0,0
10803,1985,3,3,2,0,0,0,0,0,0,0
10809,1998,3,2,1,0,0,0,1,0,0,0
10820,1997,1,1,0,0,0,0,0,0,1,0
10827,1988,1,1,0,0,0,0,0,0,0,0
10842,1980,1,1,0,0,0,0,0,0,0,0
10842,1982,9,6,0,0,0,0,3,0,0,0
10842,1983,12,10,5,0,0,0,2,0,0,0
10853,1982,2,2,0,0,0,0,0,0,0,0
10856,2002,1,1,0,0,0,0,0,0,0,0
10881,1995,5,4,0,0,0,0,1,0,2,0
10881,1998,6,4,3,0,0,0,2,0,0,0
10890,1999,2,1,1,1,0,0,1,0,0,0
10890,2000,2,1,0,0,0,0,1,0,0,0
10890,2001,2,2,1,1,0,0,0,0,0,0
10900,1999,2,2,1,0,0,0,0,0,0,0
10909,1979,3,3,1,0,0,0,0,0,0,0
10909,1980,7,6,0,0,0,0,1,0,1,0
10909,1981,2,1,0,0,0,0,1,0,1,0
10909,1982,3,2,0,0,0,0,1,0,0,0
10909,1983,3,3,1,0,0,0,0,0,0,0
10909,1984,2,1,0,0,0,0,1,0,1,0
10909,1985,3,3,1,0,0,0,0,0,0,0
10915,1979,9,7,1,0,0,0,2,0,1,0
10915,1980,7,6,3,0,0,0,1,0,0,0
10915,1981,1,0,0,0,0,0,1,0,0,0
10915,1982,7,7,2,0,0,0,0,0,2,0
10915,1983,8,8,3,0,0,0,0,0,0,0
10915,1984,4,4,2,0,0,1,0,0,0,0
10916,1994,2,0,0,0,0,0,2,0,0,0
10920,1997,2,2,0,0,0,0,0,0,0,0
10920,1999,2,2,2,1,0,0,0,0,0,0
10921,1997,3,3,0,0,0,0,0,0,0,0
10921,1999,3,3,1,0,0,0,0,0,1,0
10921,2001,1,1,0,0,0,0,0,0,0,0
10926,1993,7,5,1,0,0,0,2,0,1,0
10926,1994,1,0,0,0,0,0,1,0,0,0
10926,1996,2,0,0,0,0,0,2,0,0,0
10926,1997,1,1,1,0,0,0,0,0,0,0
10926,1998,2,2,0,0,0,0,0,0,1,0
10926,1999,1,1,0,0,0,0,0,0,1,0
10926,2000,1,1,1,0,1,0,0,0,0,0
10950,1979,4,3,0,0,0,0,0,0,0,0
10950,1980,1,0,0,0,0,0,1,0,0,0
10950,1981,6,6,2,1,0,0,0,0,1,0
10950,1982,7,7,1,0,0,0,0,0,0,0
10950,1983,5,4,3,1,0,0,1,0,0,0
10950,1984,5,5,0,0,0,0,0,0,1,0
10950,1985,6,5,1,0,0,0,1,0,0,0
10950,1986,3,2,0,0,0,0,1,0,0,0
10950,1988,3,3,2,1,0,0,0,0,0,0
10954,1982,2,1,0,0,0,0,1,0,0,0
10961,1980,3,3,2,1,0,0,0,0,0,0
10961,1982,5,3,3,0,0,0,2,0,0,0
10961,1983,2,1,0,0,0,0,1,0,0,0
10961,1985,1,1,1,0,0,1,0,0,0,0
10963,1998,2,2,0,0,0,0,0,0,1,0
10963,2002,1,0,0,0,0,0,1,0,0,0
10971,1987,1,1,0,0,0,0,0,0,0,0
10971,1988,2,2,0,0,0,0,0,0,0,0
10973,2003,3,3,0,0,0,0,0,0,0,0
10999,2002,1,1,0,0,0,0,0,0,0,0
11000,1982,1,1,0,0,0,0,0,0,1,0
11000,1983,5,5,3,0,0,0,0,0,0,0
11001,1979,2,2,0,0,0,0,0,0,1,0
11012,2003,3,3,1,0,0,0,0,0,1,0
11030,1995,2,1,0,0,0,0,1,0,1,0
11039,1984,5,5,1,0,0,0,0,0,1,0
11039,1986,12,12,3,1,0,0,0,0,2,0
11039,1987,5,3,1,0,0,0,2,0,1,0
11039,1988,7,6,1,0,0,0,1,0,1,0
11039,1993,7,5,2,0,0,0,2,0,2,0
11039,1994,4,2,0,0,0,0,2,0,0,0
11045,1979,1,1,0,0,0,0,0,0,0,0
11045,1980,5,2,0,0,0,0,2,0,1,0
11045,1981,5,4,1,0,0,0,1,0,0,0
11045,1982,5,5,2,1,0,0,0,0,2,0
11045,1983,2,2,0,0,0,0,0,0,0,0
11045,1984,3,3,1,0,0,0,0,0,1,0
11045,1985,7,6,5,0,0,0,1,0,0,0
11045,1986,3,3,1,0,0,1,0,0,1,0
11051,1979,4,3,0,0,0,0,0,1,1,0
11051,1980,12,11,4,0,0,0,1,0,1,0
11051,1981,9,5,1,0,0,0,4,0,0,0
11051,1982,10,10,1,1,0,0,0,0,1,0
11051,1983,10,9,3,0,1,0,0,1,0,0
11051,1984,4,4,2,0,0,0,0,0,0,0
11051,1985,8,6,2,0,1,0,2,0,1,0
11051,1986,11,9,4,0,0,1,1,1,0,0
11051,1987,2,2,0,0,0,0,0,0,1,0
11051,1988,6,4,2,0,0,0,2,0,1,0
11051,1989,10,8,1,0,0,1,2,0,0,0
11051,1990,6,5,0,0,0,0,1,0,1,0
11051,1991,4,3,2,0,0,0,1,0,1,0
11051,1993,3,3,1,0,0,0,0,0,0,0
11051,1998,1,1,0,0,0,0,0,0,0,0
11069,1983,7,6,1,0,0,0,1,0,2,0
11069,1984,4,4,0,0,0,0,0,0,2,0
11069,1985,1,0,0,0,0,0,1,0,0,0
11070,1980,3,2,1,0,0,0,1,0,1,0
11070,1981,2,2,0,0,0,0,0,0,1,0
11070,1982,3,1,0,0,0,0,2,0,0,0
11070,1983,2,1,1,0,0,0,1,0,0,0
11070,1989,1,1,0,0,0,0,0,0,0,0
11081,1979,7,7,1,0,0,0,0,0,2,0
11081,1980,7,5,0,0,0,0,2,0,2,0
11081,1981,3,3,2,0,0,0,0,0,0,0
11090,1989,4,2,0,0,0,0,2,0,0,0
11090,1990,4,3,2,0,0,0,1,0,0,0
11090,1991,6,3,1,0,0,1,3,0,1,0
11090,1992,4,3,1,0,0,1,1,0,1,0
11090,1994,2,1,0,0,0,0,1,0,0,0
11090,1996,8,7,1,0,0,0,1,0,4,0
11090,1997,3,2,1,0,0,0,1,0,0,0
11105,1987,7,5,1,0,0,0,2,0,0,0
11105,1988,3,3,0,0,0,0,0,0,0,0
11119,2001,1,1,1,0,0,1,0,0,0,0
11141,2002,4,2,1,0,0,1,2,0,0,0
11167,1996,1,0,0,0,0,0,1,0,0,0
11167,1997,3,3,0,0,0,0,0,0,1,0
11167,1999,1,0,0,0,0,0,1,0,0,0
11167,2000,1,1,0,0,0,0,0,0,1,0
11178,1982,6,4,1,0,0,0,2,0,0,0
11178,1983,4,3,1,0,0,0,1,0,0,0
11178,1984,7,3,2,0,0,0,4,0,1,0
11178,1992,4,3,2,0,0,1,1,0,1,0
11178,1993,8,6,3,0,0,0,2,0,0,0
11185,1983,7,7,2,1,0,0,0,0,1,0
11185,1984,5,5,1,0,0,1,0,0,0,0
11185,1985,3,3,1,0,0,0,0,0,0,0
11185,1986,6,6,4,1,0,0,0,0,1,0
11185,1987,4,4,2,0,0,0,0,0,1,0
11192,2001,1,0,0,0,0,0,1,0,0,0
11202,1992,2,1,1,0,0,0,1,0,0,0
11215,1985,7,5,0,0,0,0,2,0,0,0
11215,1986,8,8,1,0,0,0,0,0,1,0
11215,1988,5,5,0,0,0,0,0,0,1,0
11215,1989,1,1,0,0,0,0,0,0,0,0
11215,1990,3,3,3,1,0,0,0,0,0,0
11215,1991,2,1,0,0,0,0,1,0,0,0
11215,1996,1,1,0,0,0,0,0,0,0,0
11215,1998,4,3,1,0,0,0,1,0,0,0
11217,1987,6,4,1,0,0,1,2,0,0,0
11217,1988,8,7,2,0,0,0,1,0,1,0
11217,1989,14,10,3,0,0,1,4,0,0,0
11217,1990,10,9,3,1,0,0,1,0,0,0
11217,1991,8,7,3,0,0,1,1,0,1,0
11217,1996,3,1,0,0,0,0,2,0,1,0
11217,1997,1,1,0,0,0,0,0,0,0,0
11217,2001,4,4,1,0,0,0,0,0,1,0
11218,1993,1,1,0,0,0,0,0,0,0,0
11230,1996,1,1,0,0,0,0,0,0,1,0
11245,2002,3,1,0,0,0,0,2,0,0,0
11247,2000,2,1,0,0,0,0,1,0,0,0
11247,2002,2,2,1,0,0,0,0,0,0,0
11249,1980,9,8,3,0,1,0,1,0,1,0
11249,1981,11,11,2,0,1,0,0,0,3,0
11249,1982,7,6,3,0,0,1,0,1,2,0
11249,1983,5,5,2,0,0,0,0,0,0,0
11249,1984,16,14,5,2,0,1,2,0,1,0
11249,1985,12,10,4,1,0,1,2,0,0,0
11249,1986,9,7,2,1,0,1,2,0,1,0
11249,1987,3,3,1,0,0,1,0,0,0,0
11249,1988,4,4,2,0,0,1,0,0,1,0
11249,1989,3,2,2,1,0,0,1,0,0,0
11249,1990,9,8,3,0,0,1,1,0,2,0
11249,1991,14,12,4,0,0,2,2,0,0,0
11249,1992,12,11,2,0,0,2,1,0,0,0
11249,1993,3,2,1,1,0,0,1,0,0,0
11256,1989,4,3,0,0,0,0,1,0,1,0
11256,1990,3,3,0,0,0,0,0,0,0,0
11256,1991,4,4,0,0,0,0,0,0,1,0
11256,1992,7,6,4,0,0,0,1,0,0,0
11256,1993,12,9,1,0,0,0,3,0,1,0
11256,1995,4,4,3,1,0,0,0,0,0,0
11256,1997,4,4,2,0,0,0,0,0,0,0
11256,1999,1,1,0,0,0,0,0,0,0,0
11256,2000,3,3,1,0,0,0,0,0,1,0
11256,2001,3,3,0,0,0,0,0,0,1,0
11276,1997,1,0,0,0,0,0,1,0,0,0
11285,1995,2,2,2,1,0,0,0,0,0,0
11285,1997,2,1,1,0,0,0,1,0,0,0
11285,1998,2,1,0,0,0,0,1,0,0,0
11285,1999,2,2,1,0,0,0,0,0,1,0
11285,2000,1,1,0,0,0,0,0,0,0,0
11295,1997,2,1,0,0,0,0,1,0,0,0
11295,2000,2,1,0,0,0,0,1,0,1,0
11317,1995,3,3,1,0,0,0,0,0,1,0
11320,1988,4,4,1,0,0,0,0,0,0,0
11324,1991,8,7,0,0,0,0,0,1,2,0
11336,2003,3,3,1,0,0,0,0,0,1,0
11340,1996,6,6,2,0,0,1,0,0,1,0
11340,1998,1,1,0,0,0,0,0,0,0,0
11340,1999,1,0,0,0,0,0,0,0,0,1
11341,1990,3,2,0,0,0,0,1,0,0,0
11341,1997,1,1,0,0,0,0,0,0,1,0
11342,1997,6,5,1,0,0,1,1,0,1,0
11345,1983,5,4,1,0,0,0,1,0,0,0
11345,1984,1,1,1,0,0,0,0,0,0,0
11345,1985,1,0,0,0,0,0,0,1,0,0
11364,1985,4,4,1,0,0,0,0,0,2,0
11364,1986,15,14,2,0,0,1,1,0,0,0
11364,1987,4,4,3,0,0,0,0,0,0,0
11364,1988,4,3,1,0,1,0,1,0,0,0
11364,1990,3,1,0,0,0,0,2,0,0,0
11364,1991,9,8,1,1,0,0,1,0,2,0
11364,1992,6,5,3,1,0,0,1,0,0,0
11371,1998,4,4,1,0,0,0,0,0,0,0
11388,1987,4,4,1,0,0,0,0,0,0,0
11388,1988,4,3,2,1,0,0,1,0,1,0
11388,1989,3,3,1,0,0,1,0,0,0,0
11388,1990,1,0,0,0,0,0,1,0,0,0
11388,1991,1,0,0,0,0,0,1,0,0,0
11388,1992,1,0,0,0,0,0,1,0,0,0
11388,1993,1,1,0,0,0,0,0,0,0,0
11391,1996,1,1,1,0,0,0,0,0,0,0
11424,1997,4,2,1,0,0,0,2,0,0,0
11424,1998,7,3,0,0,0,0,4,0,1,0
11426,1997,9,7,1,0,0,0,2,0,2,0
11426,1999,4,3,1,0,0,1,1,0,1,0
11426,2001,4,4,3,1,0,0,0,0,1,0
11435,1996,2,2,1,0,0,0,0,0,0,0
11440,1983,4,4,1,0,0,0,0,0,1,0
11440,1984,1,1,0,0,0,0,0,0,1,0
11440,1985,2,2,0,0,0,0,0,0,2,0
11441,1985,1,1,1,0,0,0,0,0,0,0
11470,2002,2,1,1,0,0,0,1,0,0,0
11473,1989,2,2,1,0,0,0,0,0,0,0
11474,1999,3,1,0,0,0,0,2,0,1,0
11474,2001,4,3,1,0,0,0,1,0,0,0
11475,1979,8,6,2,0,0,0,2,0,1,0
11475,1980,10,8,1,1,0,0,2,0,0,0
11476,1988,4,3,0,0,0,0,1,0,3,0
11476,1990,3,3,1,0,0,1,0,0,0,0
11478,1983,4,4,0,0,0,0,0,0,0,0
11489,1991,5,4,1,0,0,0,1,0,2,0
11489,1993,1,1,1,0,0,0,0,0,0,0
11489,1994,1,1,0,0,0,0,0,0,0,0
11489,1998,2,2,2,0,0,0,0,0,0,0
11489,2000,2,1,0,0,0,0,1,0,0,0
11489,2001,1,1,0,0,0,0,0,0,1,0
11497,1979,3,2,0,0,0,0,1,0,0,0
11497,1980,1,1,1,0,0,0,0,0,0,0
11497,1982,1,1,0,0,0,0,0,0,0,0
11497,1983,2,2,0,0,0,0,0,0,0,0
11497,1984,2,2,1,0,0,1,0,0,0,0
11502,1979,1,1,1,0,0,0,0,0,0,0
11502,1981,4,3,0,0,0,0,1,0,2,0
11511,1988,8,6,2,1,0,0,2,0,0,0
11513,2000,2,1,1,0,0,0,0,1,0,0
11522,1997,3,3,2,0,0,0,0,0,0,0
11522,1999,9,7,1,0,0,1,2,0,2,0
11522,2002,3,2,0,0,0,0,0,0,1,1
11522,2003,3,3,2,0,0,1,0,0,0,0
11544,1995,2,1,1,0,0,0,1,0,0,0
11553,1979,7,6,2,0,0,0,1,0,0,0
11553,1980,13,11,4,0,0,0,2,0,2,0
11553,1981,7,5,2,0,0,0,2,0,0,0
11553,1982,6,5,2,1,0,0,1,0,0,0
11558,1995,3,3,1,0,0,0,0,0,0,0
11577,1996,4,3,0,0,0,0,1,0,0,0
11577,1997,3,2,0,0,0,0,1,0,0,0
11577,1999,6,6,2,0,0,0,0,0,1,0
11577,2000,12,12,5,1,0,2,0,0,0,0
11577,2001,2,1,1,0,0,1,1,0,0,0
11577,2003,1,1,0,0,0,0,0,0,0,0
11584,1979,2,2,2,1,0,0,0,0,0,0
11584,1980,5,4,1,0,0,1,1,0,0,0
11584,1981,3,3,1,1,0,0,0,0,1,0
11603,1994,2,2,0,0,0,0,0,0,0,0
11606,1993,2,1,0,0,0,0,1,0,0,0
11606,1994,4,2,2,0,0,0,2,0,0,0
11606,1995,4,4,2,0,0,0,0,0,0,0
11606,1997,1,1,0,0,0,0,0,0,0,0
11606,1998,5,4,1,0,0,0,1,0,1,0
11606,2000,1,1,0,0,0,0,0,0,1,0
11606,2001,1,0,0,0,0,0,1,0,0,0
11610,1979,5,4,1,0,0,0,0,1,1,0
11610,1980,10,9,2,0,0,0,0,1,2,0
11610,1981,2,2,1,0,0,0,0,0,0,0
11610,1982,6,6,2,0,0,0,0,0,1,0
11613,2002,1,0,0,0,0,0,0,1,0,0
11614,1986,1,1,1,0,0,0,0,0,0,0
11616,1993,3,3,0,0,0,0,0,0,0,0
11629,1980,8,6,2,0,0,0,2,0,0,0
11629,1981,2,2,1,0,0,0,0,0,1,0
11629,1983,8,5,4,1,1,0,3,0,1,0
11630,1982,3,3,1,0,0,0,0,0,0,0
11653,1980,1,0,0,0,0,0,1,0,0,0
11668,1982,7,5,1,0,0,0,2,0,1,0
11668,1983,3,3,0,0,0,0,0,0,1,0
11668,1984,1,1,0,0,0,0,0,0,0,0
11674,1979,5,5,2,0,0,0,0,0,0,0
11674,1980,2,2,0,0,0,0,0,0,0,0
11674,1982,4,3,2,0,0,0,1,0,0,0
11675,1979,4,2,2,1,0,0,0,0,0,1
11675,1980,11,8,3,3,0,0,3,0,0,0
11675,1981,3,3,0,0,0,0,0,0,1,0
11675,1984,5,3,1,0,0,0,2,0,1,0
11684,1996,7,6,1,0,0,0,1,0,1,0
11684,1999,5,4,2,0,0,0,1,0,1,0
11684,2003,1,0,0,0,0,0,1,0,0,0
11710,1996,8,8,2,0,0,0,0,0,1,0
11710,1997,2,2,0,0,0,0,0,0,1,0
11710,1998,4,4,0,0,0,0,0,0,2,0
11710,1999,3,2,1,0,0,0,1,0,0,0
11717,1996,3,3,2,0,0,0,0,0,0,0
11724,1990,6,5,2,0,0,1,1,0,0,0
11724,1994,1,1,1,0,0,0,0,0,0,0
11732,1993,9,9,2,0,0,0,0,0,1,0
11735,1992,12,11,1,0,0,0,1,0,3,0
11752,2003,3,3,1,0,0,0,0,0,0,0
11754,1982,2,2,0,0,0,0,0,0,1,0
11754,1984,5,5,0,0,0,0,0,0,2,0
11754,1985,1,0,0,0,0,0,1,0,0,0
11754,1987,2,2,0,0,0,0,0,0,0,0
11754,1988,1,1,0,0,0,0,0,0,0,0
11758,1994,1,0,0,0,0,0,1,0,0,0
11761,1996,6,4,1,0,0,0,1,1,3,0
11763,2001,1,0,0,0,0,0,1,0,0,0
11795,1988,1,1,0,0,0,0,0,0,0,0
11801,2001,4,2,1,0,0,0,2,0,0,0
11822,2001,1,1,1,0,0,0,0,0,0,0
11837,1996,2,1,1,0,0,0,0,1,0,0
11837,1997,1,1,1,0,0,0,0,0,0,0
11837,2001,1,1,0,0,0,0,0,0,1,0
11837,2003,1,1,1,0,0,0,0,0,0,0
11838,1990,1,1,0,0,0,0,0,0,0,0
11840,1980,3,2,1,0,0,0,1,0,1,0
11873,2003,1,1,0,0,0,0,0,0,1,0
11875,1995,1,1,1,0,0,1,0,0,0,0
11875,1998,1,0,0,0,0,0,1,0,0,0
11875,1999,4,2,0,0,0,0,2,0,0,0
11875,2001,1,0,0,0,0,0,1,0,0,0
11884,1982,6,6,2,0,0,0,0,0,1,0
11884,1983,3,3,0,0,0,0,0,0,1,0
11884,1984,8,7,2,0,0,0,1,0,1,0
11884,1985,8,5,2,1,0,0,3,0,1,0
11884,1986,7,6,1,0,0,1,1,0,4,0
11884,1987,11,9,3,0,0,0,2,0,1,0
11884,1988,11,10,4,0,1,1,1,0,0,0
11884,1989,11,9,3,0,0,0,2,0,0,0
11884,1992,13,12,4,0,0,0,1,0,0,0
11884,1993,4,4,1,0,0,0,0,0,1,0
11908,1995,1,1,0,0,0,0,0,0,0,0
11914,1981,4,4,2,0,0,0,0,0,1,0
11914,1982,7,6,2,2,0,0,1,0,0,0
11914,1985,3,3,2,0,0,1,0,0,0,0
11921,1984,4,2,1,0,0,0,1,0,0,0
11921,1985,3,3,0,0,0,0,0,0,1,0
11921,1987,2,1,1,0,0,0,1,0,0,0
11925,1996,3,2,0,0,0,0,1,0,0,0
11929,2001,1,1,0,0,0,0,0,0,0,0
11936,1996,3,2,0,0,0,0,1,0,0,0
11936,1997,1,1,0,0,0,0,0,0,0,0
11943,1996,1,1,0,0,0,0,0,0,0,0
11945,1979,8,7,1,1,0,0,1,0,1,0
11945,1980,12,11,5,1,0,0,0,0,1,0
11945,1981,5,4,2,0,0,1,1,0,0,0
11945,1982,9,8,1,1,0,0,1,0,0,0
11945,1983,1,1,1,1,0,0,0,0,0,0
11945,1984,2,2,0,0,0,0,0,0,0,0
11949,1995,4,3,1,0,0,0,0,1,0,0
11949,1997,4,4,1,0,0,0,0,0,0,0
11949,1998,10,8,2,0,0,0,2,0,2,0
11949,2000,4,4,1,0,0,0,0,0,1,0
11987,1996,4,4,2,1,0,0,0,0,0,0
11987,1997,3,2,1,0,0,0,1,0,0,0
11987,1998,1,0,0,0,0,0,1,0,0,0
11987,1999,1,0,0,0,0,0,1,0,0,0
11987,2000,1,1,0,0,0,0,0,0,1,0
11988,1996,1,1,0,0,0,0,0,0,0,0
11992,1999,1,0,0,0,0,0,1,0,0,0
11992,2000,1,1,1,0,0,0,0,0,0,0
12018,1983,2,1,0,0,0,0,1,0,0,0
12028,1998,1,1,0,0,0,0,0,0,1,0
12029,1985,3,2,1,0,0,0,1,0,0,0
12033,1988,6,6,5,1,0,0,0,0,0,0
12033,1989,8,6,1,0,0,0,2,0,1,0
12033,1990,2,2,1,0,1,0,0,0,0,0
12033,1991,6,5,2,0,0,0,1,0,1,0
12033,1992,4,4,2,0,0,0,0,0,1,0
12033,1993,1,1,0,0,0,0,0,0,0,0
12049,1985,3,3,1,0,1,0,0,0,0,0
12053,1997,1,1,0,0,0,0,0,0,0,0
12053,1998,5,5,1,0,0,0,0,0,0,0
12057,1998,9,7,0,0,0,0,2,0,2,0
12057,2000,3,2,0,0,0,0,1,0,0,0
12057,2002,4,4,3,0,0,0,0,0,0,0
12080,1996,6,4,2,0,0,1,2,0,0,0
12087,1989,2,1,0,0,0,0,1,0,0,0
12087,1992,1,1,1,1,0,0,0,0,0,0
12089,1996,3,3,1,0,0,0,0,0,0,0
12089,2000,1,1,0,0,0,0,0,0,0,0
12089,2001,1,1,0,0,0,0,0,0,0,0
12094,2000,4,3,0,0,0,0,1,0,0,0
12098,1980,2,2,1,0,0,0,0,0,0,0
12107,2001,2,1,0,0,0,0,1,0,0,0
12107,2002,1,1,0,0,0,0,0,0,0,0
12122,1986,9,9,2,1,0,0,0,0,0,0
12122,1987,3,3,0,0,0,0,0,0,0,0
12122,1988,7,7,4,0,0,1,0,0,0,0
12122,1990,6,5,4,2,0,1,1,0,1,0
12122,1991,9,8,3,0,0,0,1,0,0,0
12122,1993,8,7,2,1,0,0,1,0,0,0
12122,1994,4,3,0,0,0,0,1,0,0,0
12122,1995,4,4,1,0,0,0,0,0,2,0
12124,1985,3,3,1,0,0,0,0,0,0,0
12133,1988,15,13,3,0,0,0,2,0,1,0
12133,1989,3,3,1,0,0,1,0,0,2,0
12141,1995,6,5,0,0,0,0,1,0,0,0
12141,1997,1,1,1,1,0,0,0,0,0,0
12141,2002,1,1,0,0,0,0,0,0,0,0
12143,1987,6,3,1,0,0,0,3,0,2,0
12143,1988,3,2,1,1,0,0,1,0,1,0
12143,1989,1,1,0,0,0,0,0,0,0,0
12143,1990,7,7,2,1,0,0,0,0,0,0
12143,1991,3,3,0,0,0,0,0,0,2,0
12143,1994,8,7,2,0,0,0,1,0,2,0
12143,1995,4,4,0,0,0,0,0,0,0,0
12143,1997,3,2,1,0,0,0,1,0,0,0
12143,1998,4,4,0,0,0,0,0,0,2,0
12143,1999,4,3,0,0,0,0,1,0,1,0
12143,2002,15,11,3,0,0,0,4,0,4,0
12152,1985,5,4,2,1,0,1,1,0,1,0
12156,1996,2,2,1,1,0,0,0,0,1,0
12156,2003,1,1,0,0,0,0,0,0,0,0
12157,1997,2,1,0,0,0,0,1,0,0,0
12163,1993,3,3,0,0,0,0,0,0,1,0
12171,1989,1,1,0,0,0,0,0,0,0,0
12171,1990,2,2,0,0,0,0,0,0,0,0
12171,1991,6,5,1,0,0,1,1,0,2,0
12171,1996,2,1,1,0,0,0,1,0,0,0
12179,1995,2,2,1,0,0,1,0,0,0,0
12179,1997,1,1,0,0,0,0,0,0,1,0
12179,1998,3,3,0,0,0,0,0,0,3,0
12182,2003,1,1,0,0,0,0,0,0,0,0
12192,1998,1,1,0,0,0,0,0,0,1,0
12206,1982,3,2,1,0,0,0,1,0,0,0
12216,2001,2,2,0,0,0,0,0,0,0,0
12223,1983,4,2,1,0,0,0,2,0,0,0
12223,1984,1,1,0,0,0,0,0,0,0,0
12225,1993,4,2,1,0,0,0,2,0,1,0
12225,1994,2,2,0,0,0,0,0,0,0,0
12225,1995,4,4,0,0,0,0,0,0,1,0
12225,1997,1,1,0,0,0,0,0,0,0,0
12225,2000,1,1,0,0,0,0,0,0,1,0
12225,2001,1,1,1,0,0,0,0,0,0,0
12232,1999,2,1,1,0,0,0,1,0,0,0
12232,2000,2,2,1,0,0,0,0,0,0,0
12232,2001,1,1,0,0,0,0,0,0,0,0
12242,1993,13,7,1,0,0,0,6,0,1,0
12242,1994,1,1,1,0,0,0,0,0,0,0
12242,1995,2,2,0,0,0,0,0,0,0,0
12242,1997,1,1,0,0,0,0,0,0,1,0
12242,2000,1,1,0,0,0,0,0,0,0,0
12263,1979,7,7,3,0,0,0,0,0,1,0
12263,1980,12,10,0,0,0,0,2,0,1,0
12263,1981,4,4,2,0,0,0,0,0,1,0
12263,1982,8,7,0,0,0,0,1,0,2,0
12263,1983,4,4,1,0,0,0,0,0,2,0
12263,1984,12,10,4,0,1,1,2,0,2,0
12263,1986,4,3,0,0,0,0,1,0,0,0
12275,1988,1,0,0,0,0,0,1,0,0,0
12280,1996,2,1,1,0,0,0,1,0,0,0
12280,1997,2,2,0,0,0,0,0,0,0,0
12280,2000,1,0,0,0,0,0,1,0,0,0
12283,1981,9,7,1,0,0,0,2,0,2,0
12283,1982,10,6,2,0,0,0,4,0,0,0
12283,1983,6,4,0,0,0,0,2,0,3,0
12283,1984,4,3,1,0,0,0,0,1,0,0
12288,1999,3,2,1,0,0,0,1,0,0,0
12297,1991,2,2,0,0,0,0,0,0,0,0
12297,1992,1,0,0,0,0,0,1,0,0,0
12297,1993,2,2,1,1,0,0,0,0,0,0
12297,1994,3,3,1,0,0,0,0,0,0,0
12302,2001,3,3,2,0,0,1,0,0,0,0
12303,2003,2,0,0,0,0,0,2,0,0,0
12312,1989,1,1,1,0,0,0,0,0,0,0
12313,1984,4,3,1,0,0,0,1,0,1,0
12313,1985,2,0,0,0,0,0,2,0,0,0
12313,1986,3,2,2,0,0,1,1,0,0,0
12313,1987,1,1,0,0,0,0,0,0,1,0
12313,1988,1,1,0,0,0,0,0,0,0,0
12313,1989,1,1,1,0,0,0,0,0,0,0
12313,1990,3,1,0,0,0,0,2,0,0,0
12332,1986,3,2,0,0,0,0,1,0,2,0
12332,1987,3,1,0,0,0,0,2,0,1,0
12332,1988,2,1,0,0,0,0,1,0,0,0
12332,1995,1,1,0,0,0,0,0,0,0,0
12334,1988,6,5,2,1,0,0,1,0,0,0
12334,1989,2,2,1,0,0,0,0,0,0,0
12334,1990,1,0,0,0,0,0,1,0,0,0
12334,1991,4,4,0,0,0,0,0,0,1,0
12334,1993,1,1,0,0,0,0,0,0,0,0
12334,1994,2,1,0,0,0,0,1,0,1,0
12335,2000,1,1,0,0,0,0,0,0,0,0
12335,2001,1,1,1,0,0,0,0,0,0,0
12339,1981,1,1,1,0,0,0,0,0,0,0
12351,1999,3,2,0,0,0,0,1,0,1,0
12351,2000,1,0,0,0,0,0,1,0,0,0
12358,1993,2,2,0,0,0,0,0,0,1,0
12358,1994,2,1,0,0,0,0,1,0,0,0
12358,1995,3,3,0,0,0,0,0,0,0,0
12358,1998,9,8,1,0,0,1,1,0,2,0
12358,1999,6,6,0,0,0,0,0,0,1,0
12358,2000,3,3,1,0,0,0,0,0,0,0
12358,2003,4,4,1,0,0,1,0,0,0,0
12391,1996,13,9,3,0,0,0,3,1,1,0
12391,2002,5,4,1,0,0,0,1,0,1,0
12422,1987,3,3,0,0,0,0,0,0,2,0
12434,1979,7,6,2,0,0,0,1,0,0,0
12442,1986,7,6,2,0,0,1,1,0,1,0
12442,1987,5,4,2,1,0,0,1,0,1,0
12442,1988,3,3,1,0,0,0,0,0,0,0
12442,1989,8,4,2,2,0,0,4,0,0,0
12442,1990,12,10,3,1,0,0,2,0,1,0
12442,1992,4,2,0,0,0,0,2,0,0,0
12442,1993,8,5,3,0,0,0,3,0,1,0
12442,1997,4,4,1,0,0,0,0,0,0,0
12442,1999,3,1,1,0,0,0,2,0,0,0
12445,1981,5,5,1,0,0,0,0,0,1,0
12445,1982,14,8,1,0,0,0,6,0,3,0
12445,1983,6,4,1,0,0,0,2,0,0,0
12445,1984,4,3,0,0,0,0,1,0,2,0
12445,1985,8,5,0,0,0,0,3,0,0,0
12445,1986,2,2,1,0,0,0,0,0,1,0
12445,1987,2,2,1,1,0,0,0,0,1,0
12445,1988,4,3,1,0,0,0,1,0,0,0
12445,1989,14,13,2,0,0,1,1,0,2,0
12445,1990,5,4,1,0,0,1,1,0,1,0
12450,1996,2,0,0,0,0,0,2,0,0,0
12450,1997,1,0,0,0,0,0,1,0,0,0
12455,1998,3,2,0,0,0,0,1,0,1,0
12460,1999,3,2,1,0,0,0,1,0,1,0
12473,1986,6,5,1,0,0,1,1,0,1,0
12473,1987,3,3,1,0,0,1,0,0,0,0
12474,1999,3,3,1,0,0,1,0,0,0,0
12492,2001,3,2,1,0,0,1,1,0,1,0
12497,2000,6,6,1,1,0,0,0,0,1,0
12512,1997,2,1,1,0,0,0,1,0,0,0
12513,2001,5,3,0,0,0,0,2,0,0,0
12517,1980,4,4,1,0,0,0,0,0,0,0
12526,1996,4,4,2,1,0,0,0,0,1,0
12526,1997,3,2,1,0,0,0,1,0,1,0
12526,1998,4,3,0,0,0,0,1,0,1,0
12526,1999,8,7,2,0,0,0,1,0,2,0
12526,2001,4,4,1,0,0,0,0,0,0,0
12527,1997,4,4,1,1,0,0,0,0,2,0
12527,1998,5,4,0,0,0,0,1,0,3,0
12534,1986,1,0,0,0,0,0,1,0,0,0
12557,1998,2,2,0,0,0,0,0,0,0,0
12557,2000,5,4,2,0,0,1,1,0,1,0
12557,2002,1,1,0,0,0,0,0,0,1,0
12575,1986,4,4,1,0,0,1,0,0,0,0
12575,1987,3,3,2,0,1,0,0,0,0,0
12575,1988,2,2,0,0,0,0,0,0,1,0
12575,1989,5,5,1,0,0,0,0,0,1,0
12582,1991,1,1,0,0,0,0,0,0,0,0
12584,2000,6,4,3,0,0,0,2,0,1,0
12584,2001,3,1,0,0,0,0,1,0,0,1
12595,1985,1,0,0,0,0,0,1,0,0,0
12595,1986,15,14,3,1,0,1,1,0,0,0
12595,1987,7,6,2,0,0,0,1,0,1,0
12595,1988,13,11,5,1,0,0,2,0,0,0
12595,1989,7,6,2,0,0,0,1,0,0,0
12596,1990,4,4,2,0,0,1,0,0,1,0
12596,1993,4,3,1,0,0,0,0,0,0,1
12617,1983,7,4,2,0,0,0,3,0,1,0
12617,1984,3,3,0,0,0,0,0,0,2,0
12617,1985,7,7,3,0,1,1,0,0,2,0
12617,1986,2,1,0,0,0,0,1,0,0,0
12617,1990,3,2,0,0,0,0,1,0,0,0
12617,1991,3,3,3,1,0,0,0,0,0,0
12617,1992,2,2,1,1,0,0,0,0,0,0
12617,1993,1,0,0,0,0,0,1,0,0,0
12632,1979,4,4,3,0,0,0,0,0,0,0
12632,1980,9,9,5,0,0,1,0,0,0,0
12632,1981,12,10,5,0,0,0,2,0,0,0
12632,1982,15,12,2,0,0,0,3,0,1,0
12632,1983,16,15,4,0,0,1,1,0,5,0
12632,1984,6,5,4,0,0,0,1,0,1,0
12643,1989,3,3,1,1,0,0,0,0,1,0
12671,2001,3,2,0,0,0,0,1,0,0,0
12671,2002,4,4,0,0,0,0,0,0,1,0
