0,2015,2,2,0,0,0,0,0,0,0,0
5,2014,2,1,0,0,0,0,0,0,0,0
5,2016,2,2,0,0,0,0,0,0,1,0
5,2017,2,2,0,0,0,0,0,0,0,0
5,2019,1,1,0,0,0,0,0,0,0,0
6,2023,3,3,0,0,0,0,0,0,2,0
6,2024,3,3,0,0,0,0,0,0,1,0
6,2025,7,7,1,0,0,0,0,0,1,0
6,2026,3,3,0,0,0,0,0,0,0,0
7,2021,1,1,1,0,0,1,0,0,0,0
7,2022,2,2,0,0,0,0,0,0,2,0
14,2025,4,3,3,1,0,0,1,0,0,0
18,2026,1,0,0,0,0,0,1,0,0,0
23,2025,1,1,0,0,0,0,0,0,0,0
23,2026,1,0,0,0,0,0,1,0,0,0
31,2012,3,3,1,1,0,0,0,0,2,0
31,2013,3,3,2,1,0,0,0,0,0,0
35,2016,1,1,0,0,0,0,0,0,0,0
48,2015,2,1,0,0,0,0,1,0,1,0
49,2024,1,1,1,0,0,0,0,0,0,0
57,2018,1,1,1,0,0,0,0,0,0,0
69,2026,1,1,0,0,0,0,0,0,0,0
89,2026,6,6,0,0,0,0,0,0,0,0
107,2025,1,1,0,0,0,0,0,0,0,0
107,2026,1,1,1,1,0,0,0,0,0,0
112,2017,3,3,1,1,0,0,0,0,0,0
116,2016,3,3,1,0,0,1,0,0,0,0
116,2017,1,1,0,0,0,0,0,0,0,0
118,2014,2,2,0,0,0,0,0,0,1,0
118,2015,2,1,0,0,0,0,1,0,0,0
118,2017,1,0,0,0,0,0,1,0,0,0
122,2023,1,1,1,0,0,1,0,0,0,0
126,2021,3,3,1,0,0,0,0,0,1,0
126,2022,6,5,4,0,0,0,1,0,0,0
126,2023,3,1,1,0,0,0,2,0,0,0
126,2025,6,6,3,1,0,0,0,0,1,0
126,2026,3,3,0,0,0,0,0,0,1,0
144,2017,1,1,1,0,0,0,0,0,0,0
162,2013,2,2,0,0,0,0,0,0,0,0
162,2014,1,1,0,0,0,0,0,0,0,0
162,2018,1,1,0,0,0,0,0,0,0,0
174,2023,2,2,1,0,0,1,0,0,1,0
174,2025,3,3,2,0,0,0,0,0,0,0
174,2026,1,1,0,0,0,0,0,0,0,0
194,2018,2,2,0,0,0,0,0,0,0,0
194,2019,1,1,0,0,0,0,0,0,0,0
194,2020,1,1,0,0,0,0,0,0,0,0
194,2021,2,1,0,0,0,0,1,0,0,0
194,2022,1,1,0,0,0,0,0,0,1,0
194,2023,2,1,0,0,0,0,1,0,0,0
194,2024,2,2,0,0,0,0,0,0,1,0
207,2020,1,1,1,0,0,0,0,0,0,0
217,2026,1,1,1,0,0,0,0,0,0,0
219,2016,1,1,1,0,0,0,0,0,0,0
225,2012,2,2,0,0,0,0,0,0,0,0
225,2015,3,3,1,0,0,0,0,0,0,0
228,2015,1,1,1,0,0,0,0,0,0,0
228,2016,1,1,0,0,0,0,0,0,0,0
228,2019,2,2,1,1,0,0,0,0,0,0
228,2021,3,3,1,0,0,0,0,0,0,0
228,2022,1,0,0,0,0,0,1,0,0,0
229,2021,1,1,0,0,0,0,0,0,1,0
229,2026,2,2,0,0,0,0,0,0,1,0
243,2021,4,3,2,0,0,0,0,0,0,1
243,2023,2,2,1,1,0,0,0,0,1,0
243,2024,2,2,0,0,0,0,0,0,0,0
253,2013,1,1,1,0,0,0,0,0,0,0
263,2017,3,3,1,0,0,0,0,0,0,0
268,2018,6,5,1,0,0,0,1,0,0,0
268,2023,3,3,0,0,0,0,0,0,0,0
268,2024,2,2,0,0,0,0,0,0,0,0
269,2016,1,1,1,0,0,0,0,0,0,0
273,2026,1,0,0,0,0,0,1,0,0,0
276,2023,1,1,0,0,0,0,0,0,0,0
276,2025,1,1,1,0,0,1,0,0,0,0
278,2022,2,2,0,0,0,0,0,0,0,0
283,2018,1,1,0,0,0,0,0,0,0,0
293,2019,2,2,0,0,0,0,0,0,2,0
293,2023,2,2,1,0,0,0,0,0,0,0
297,2019,9,8,3,0,0,0,1,0,1,0
297,2020,2,1,0,0,0,0,1,0,0,0
299,2018,8,8,3,1,0,0,0,0,1,0
299,2020,4,3,0,0,0,0,1,0,1,0
299,2021,6,4,0,0,0,0,2,0,0,0
299,2022,11,9,0,0,0,0,2,0,3,0
299,2024,3,2,1,0,0,1,1,0,0,0
309,2015,2,2,0,0,0,0,0,0,0,0
309,2016,8,7,2,0,0,0,0,0,2,1
309,2017,3,3,1,0,0,1,0,0,1,0
309,2018,2,2,0,0,0,0,0,0,0,0
309,2019,3,3,2,0,0,2,0,0,0,0
309,2020,1,1,0,0,0,0,0,0,0,0
326,2026,1,1,1,0,0,0,0,0,0,0
339,2018,1,1,0,0,0,0,0,0,0,0
339,2022,3,3,2,2,0,0,0,0,0,0
340,2015,1,1,1,0,0,0,0,0,0,0
343,2012,2,1,1,0,0,0,0,0,0,0
343,2013,6,6,2,0,0,0,0,0,1,0
343,2014,3,3,1,0,0,0,0,0,0,0
343,2015,12,9,4,0,0,0,3,0,0,0
343,2016,13,13,2,1,0,1,0,0,5,0
343,2017,12,11,2,0,0,0,1,0,1,0
343,2018,7,7,3,0,0,1,0,0,0,0
343,2019,2,2,1,0,0,1,0,0,0,0
359,2021,2,2,1,1,0,0,0,0,0,0
369,2019,2,2,0,0,0,0,0,0,0,0
369,2024,1,1,0,0,0,0,0,0,0,0
376,2015,2,2,2,0,0,0,0,0,0,0
382,2017,3,2,0,0,0,0,1,0,0,0
382,2018,3,2,0,0,0,0,1,0,2,0
382,2019,3,3,2,1,0,0,0,0,0,0
382,2021,3,3,1,0,0,0,0,0,1,0
383,2024,3,3,1,1,0,0,0,0,1,0
384,2017,3,3,0,0,0,0,0,0,1,0
398,2022,6,5,1,1,0,0,1,0,0,0
398,2025,1,1,0,0,0,0,0,0,0,0
398,2026,1,1,0,0,0,0,0,0,0,0
400,2026,3,3,0,0,0,0,0,0,0,0
401,2023,6,6,1,0,0,0,0,0,1,0
401,2024,3,3,1,0,0,0,0,0,0,0
408,2023,1,1,1,0,0,0,0,0,0,0
408,2024,2,2,0,0,0,0,0,0,2,0
408,2026,1,1,1,0,0,0,0,0,0,0
449,2016,2,2,0,0,0,0,0,0,2,0
452,2024,1,1,0,0,0,0,0,0,0,0
453,2024,1,1,0,0,0,0,0,0,1,0
455,2012,3,3,0,0,0,0,0,0,1,0
456,2016,1,1,1,0,0,0,0,0,0,0
456,2018,4,3,0,0,0,0,1,0,0,0
470,2026,1,1,1,0,0,1,0,0,0,0
471,2023,2,2,0,0,0,0,0,0,0,0
471,2026,1,1,0,0,0,0,0,0,0,0
473,2025,2,2,1,0,0,1,0,0,1,0
479,2012,1,1,0,0,0,0,0,0,0,0
490,2016,1,1,0,0,0,0,0,0,0,0
490,2019,6,6,0,0,0,0,0,0,1,0
494,2012,2,2,0,0,0,0,0,0,0,0
494,2013,2,2,0,0,0,0,0,0,1,0
494,2015,1,1,0,0,0,0,0,0,0,0
513,2024,1,1,1,0,0,0,0,0,0,0
513,2026,2,1,0,0,0,0,1,0,1,0
550,2012,1,1,0,0,0,0,0,0,0,0
550,2013,1,1,1,1,0,0,0,0,0,0
550,2014,2,2,2,0,0,0,0,0,0,0
557,2018,2,2,1,1,0,0,0,0,0,0
557,2025,3,3,0,0,0,0,0,0,1,0
581,2020,1,1,0,0,0,0,0,0,1,0
585,2018,1,1,1,0,0,0,0,0,0,0
592,2021,5,5,0,0,0,0,0,0,0,0
592,2022,5,5,1,0,0,0,0,0,2,0
592,2023,3,2,1,1,0,0,1,0,0,0
608,2022,1,1,0,0,0,0,0,0,0,0
614,2024,1,1,0,0,0,0,0,0,0,0
614,2025,3,3,0,0,0,0,0,0,1,0
622,2017,4,2,0,0,0,0,2,0,1,0
622,2018,3,3,1,0,0,0,0,0,2,0
626,2018,1,1,0,0,0,0,0,0,0,0
626,2021,2,2,1,0,0,1,0,0,0,0
626,2023,1,1,0,0,0,0,0,0,0,0
626,2024,3,3,2,1,0,0,0,0,0,0
629,2015,4,4,1,0,0,0,0,0,0,0
629,2016,5,5,1,1,0,0,0,0,1,0
629,2017,3,3,0,0,0,0,0,0,0,0
629,2018,1,1,0,0,0,0,0,0,0,0
629,2019,1,1,0,0,0,0,0,0,0,0
635,2017,2,2,1,0,0,0,0,0,0,0
640,2014,1,1,1,0,0,1,0,0,0,0
640,2015,1,1,0,0,0,0,0,0,0,0
647,2018,3,3,1,0,0,0,0,0,0,0
647,2020,1,1,1,1,0,0,0,0,0,0
647,2023,2,2,1,0,0,0,0,0,0,0
652,2018,1,1,0,0,0,0,0,0,1,0
652,2019,1,1,0,0,0,0,0,0,1,0
680,2013,1,1,1,1,0,0,0,0,0,0
680,2014,1,0,0,0,0,0,1,0,0,0
680,2021,1,1,1,0,0,0,0,0,0,0
680,2022,1,1,0,0,0,0,0,0,1,0
683,2015,7,7,1,0,0,0,0,0,1,0
683,2022,5,5,2,1,0,1,0,0,2,0
683,2023,3,3,0,0,0,0,0,0,1,0
683,2024,3,3,2,0,0,0,0,0,0,0
683,2025,3,3,0,0,0,0,0,0,1,0
711,2014,3,2,1,0,0,1,1,0,1,0
711,2015,3,3,1,0,0,1,0,0,0,0
711,2016,6,4,4,1,0,1,2,0,0,0
711,2017,3,3,2,1,0,0,0,0,1,0
711,2018,3,2,1,0,0,1,1,0,0,0
711,2019,3,3,1,0,0,0,0,0,1,0
711,2021,8,8,3,0,0,1,0,0,3,0
721,2023,1,1,0,0,0,0,0,0,0,0
730,2024,2,1,0,0,0,0,1,0,0,0
730,2025,3,3,1,0,0,0,0,0,0,0
730,2026,3,3,1,1,0,0,0,0,0,0
731,2024,1,1,0,0,0,0,0,0,0,0
731,2025,2,1,0,0,0,0,1,0,0,0
752,2012,1,1,0,0,0,0,0,0,1,0
754,2013,2,2,0,0,0,0,0,0,1,0
757,2012,1,1,1,0,0,0,0,0,0,0
758,2015,4,3,1,0,1,0,1,0,1,0
758,2017,1,0,0,0,0,0,1,0,0,0
758,2018,2,2,1,0,0,0,0,0,1,0
762,2012,2,2,0,0,0,0,0,0,0,0
762,2013,4,4,3,1,0,1,0,0,0,0
769,2023,3,3,2,0,0,0,0,0,0,0
769,2024,2,2,0,0,0,0,0,0,0,0
769,2025,3,3,0,0,0,0,0,0,0,0
771,2014,5,5,1,0,0,1,0,0,1,0
773,2021,2,2,0,0,0,0,0,0,1,0
773,2022,1,1,1,0,0,1,0,0,0,0
773,2023,2,2,0,0,0,0,0,0,1,0
773,2025,2,2,0,0,0,0,0,0,2,0
773,2026,1,1,0,0,0,0,0,0,0,0
774,2015,1,1,1,0,0,0,0,0,0,0
774,2016,2,2,0,0,0,0,0,0,0,0
774,2017,1,1,1,0,0,0,0,0,0,0
774,2018,2,2,1,1,0,0,0,0,0,0
777,2019,3,2,0,0,0,0,1,0,1,0
778,2019,3,3,0,0,0,0,0,0,1,0
778,2024,1,1,0,0,0,0,0,0,0,0
778,2025,1,1,0,0,0,0,0,0,0,0
783,2026,1,1,1,0,0,0,0,0,0,0
794,2013,1,1,0,0,0,0,0,0,0,0
794,2016,2,2,1,0,0,0,0,0,0,0
794,2017,2,1,1,0,0,0,1,0,0,0
795,2014,1,1,1,0,0,0,0,0,0,0
799,2015,2,2,0,0,0,0,0,0,0,0
799,2021,1,1,0,0,0,0,0,0,0,0
799,2023,1,1,0,0,0,0,0,0,0,0
801,2025,3,3,1,0,0,0,0,0,1,0
804,2017,3,3,0,0,0,0,0,0,0,0
804,2018,1,1,0,0,0,0,0,0,0,0
812,2013,1,1,0,0,0,0,0,0,0,0
829,2025,1,1,0,0,0,0,0,0,1,0
829,2026,4,1,1,0,0,0,3,0,0,0
844,2021,3,3,1,0,0,1,0,0,1,0
844,2022,1,1,0,0,0,0,0,0,0,0
844,2024,3,3,0,0,0,0,0,0,1,0
844,2025,2,2,0,0,0,0,0,0,0,0
853,2021,1,0,0,0,0,0,1,0,0,0
861,2016,4,3,0,0,0,0,1,0,1,0
876,2017,3,2,1,0,0,0,1,0,0,0
876,2018,1,1,1,0,0,1,0,0,0,0
891,2026,1,1,0,0,0,0,0,0,0,0
904,2016,3,2,2,0,0,1,1,0,0,0
904,2017,6,6,2,0,0,0,0,0,0,0
904,2018,4,4,1,0,0,0,0,0,1,0
904,2023,3,3,1,0,0,0,0,0,1,0
904,2024,3,3,1,0,0,0,0,0,0,0
906,2024,1,0,0,0,0,0,1,0,0,0
919,2013,1,1,1,0,0,0,0,0,0,0
919,2014,1,1,0,0,0,0,0,0,0,0
919,2015,6,5,0,0,0,0,1,0,4,0
919,2016,2,2,0,0,0,0,0,0,1,0
919,2017,1,1,1,0,0,1,0,0,0,0
919,2018,4,2,1,0,0,0,2,0,0,0
927,2013,3,3,2,1,0,0,0,0,0,0
927,2016,3,3,0,0,0,0,0,0,1,0
927,2018,5,5,1,0,0,0,0,0,0,0
927,2019,2,2,1,0,0,0,0,0,0,0
934,2016,6,5,1,0,0,0,1,0,0,0
934,2017,14,13,4,0,0,0,1,0,1,0
934,2019,1,1,0,0,0,0,0,0,0,0
934,2020,1,1,0,0,0,0,0,0,0,0
939,2017,4,4,1,0,0,0,0,0,0,0
940,2023,3,3,2,0,0,0,0,0,0,0
940,2024,2,2,0,0,0,0,0,0,0,0
940,2026,3,2,0,0,0,0,1,0,1,0
943,2021,3,2,1,0,0,0,1,0,1,0
943,2022,5,5,0,0,0,0,0,0,3,0
943,2023,1,1,0,0,0,0,0,0,0,0
944,2018,1,1,0,0,0,0,0,0,0,0
946,2025,3,3,2,0,0,0,0,0,0,0
946,2026,1,1,1,0,0,0,0,0,0,0
947,2026,3,3,2,0,0,0,0,0,1,0
948,2020,1,1,1,0,0,1,0,0,0,0
948,2021,1,1,0,0,0,0,0,0,0,0
956,2024,1,1,0,0,0,0,0,0,0,0
968,2022,5,3,1,0,0,0,1,0,1,1
968,2023,2,2,1,0,0,0,0,0,0,0
968,2025,1,1,1,1,0,0,0,0,0,0
978,2024,3,1,0,0,0,0,1,0,0,1
978,2025,3,3,1,1,0,0,0,0,0,0
984,2024,4,4,2,1,0,1,0,0,1,0
986,2017,5,5,2,1,0,0,0,0,0,0
986,2024,2,2,2,0,0,0,0,0,0,0
987,2018,1,1,1,1,0,0,0,0,0,0
988,2012,1,1,0,0,0,0,0,0,0,0
988,2013,1,1,0,0,0,0,0,0,0,0
989,2018,2,2,0,0,0,0,0,0,0,0
989,2022,4,3,0,0,0,0,1,0,1,0
989,2023,3,3,1,0,0,0,0,0,1,0
1000,2024,3,3,0,0,0,0,0,0,1,0
1000,2025,5,3,2,1,0,1,2,0,0,0
1000,2026,1,1,0,0,0,0,0,0,1,0
1009,2013,4,3,2,0,0,0,1,0,0,0
1009,2016,1,1,0,0,0,0,0,0,0,0
1018,2026,2,2,1,0,0,0,0,0,0,0
1027,2017,1,1,0,0,0,0,0,0,1,0
1032,2019,1,1,0,0,0,0,0,0,1,0
1032,2021,1,1,0,0,0,0,0,0,0,0
1032,2022,1,0,0,0,0,0,1,0,0,0
1035,2013,2,2,1,1,0,0,0,0,1,0
1035,2014,1,1,0,0,0,0,0,0,0,0
1046,2026,2,1,0,0,0,0,1,0,0,0
1087,2017,3,2,2,0,0,1,1,0,0,0
1140,2026,1,1,0,0,0,0,0,0,0,0
1197,2024,1,1,1,0,0,1,0,0,0,0
1200,2014,4,2,1,0,0,1,2,0,1,0
1200,2015,1,1,0,0,0,0,0,0,1,0
1200,2017,2,2,0,0,0,0,0,0,1,0
1200,2021,1,0,0,0,0,0,1,0,0,0
1200,2022,2,2,0,0,0,0,0,0,0,0
1204,2017,5,4,2,1,0,0,0,0,1,1
1204,2018,3,3,1,1,0,0,0,0,1,0
1204,2025,6,6,2,0,0,0,0,0,1,0
1204,2026,6,6,4,2,0,1,0,0,0,0
1206,2017,2,2,1,1,0,0,0,0,0,0
1210,2023,1,1,0,0,0,0,0,0,0,0
1214,2019,1,1,0,0,0,0,0,0,0,0
1214,2021,3,3,0,0,0,0,0,0,0,0
1215,2016,1,1,0,0,0,0,0,0,0,0
1216,2018,1,0,0,0,0,0,1,0,0,0
1216,2019,3,1,0,0,0,0,2,0,1,0
1216,2020,4,3,1,1,0,0,1,0,1,0
1216,2021,1,1,0,0,0,0,0,0,1,0
1222,2018,3,3,0,0,0,0,0,0,0,0
1223,2023,2,2,1,0,0,0,0,0,1,0
1229,2025,2,2,0,0,0,0,0,0,1,0
1232,2017,4,4,0,0,0,0,0,0,1,0
1238,2024,2,2,2,0,0,1,0,0,0,0
1238,2025,2,1,0,0,0,0,1,0,1,0
1257,2022,2,2,0,0,0,0,0,0,2,0
1257,2023,1,1,0,0,0,0,0,0,0,0
1257,2025,2,2,0,0,0,0,0,0,1,0
1258,2013,2,2,0,0,0,0,0,0,1,0
1258,2023,2,2,0,0,0,0,0,0,1,0
1258,2024,1,1,0,0,0,0,0,0,0,0
1263,2017,1,1,0,0,0,0,0,0,0,0
1263,2019,5,4,2,1,0,0,1,0,0,0
1269,2022,2,1,0,0,0,0,1,0,0,0
1269,2026,1,1,0,0,0,0,0,0,0,0
1274,2017,1,1,0,0,0,0,0,0,0,0
1274,2018,1,1,1,0,0,1,0,0,0,0
1274,2019,1,1,0,0,0,0,0,0,0,0
1274,2022,4,4,2,2,0,0,0,0,0,0
1274,2023,2,1,1,0,0,0,1,0,0,0
1283,2020,1,1,0,0,0,0,0,0,0,0
1289,2013,2,2,0,0,0,0,0,0,0,0
1289,2014,1,1,1,1,0,0,0,0,0,0
1289,2015,5,4,1,0,0,1,1,0,1,0
1296,2018,1,0,0,0,0,0,1,0,0,0
1303,2019,1,1,0,0,0,0,0,0,1,0
1309,2017,6,6,1,0,0,0,0,0,0,0
1311,2023,1,1,0,0,0,0,0,0,0,0
1311,2024,1,1,0,0,0,0,0,0,0,0
1315,2019,1,1,0,0,0,0,0,0,1,0
1329,2013,1,1,0,0,0,0,0,0,0,0
1348,2022,1,1,0,0,0,0,0,0,1,0
1355,2015,1,1,1,0,0,1,0,0,0,0
1368,2021,2,2,0,0,0,0,0,0,1,0
1379,2024,2,2,2,1,0,0,0,0,0,0
1379,2025,3,2,1,0,0,0,1,0,0,0
1379,2026,2,2,0,0,0,0,0,0,0,0
1394,2023,2,2,1,0,0,0,0,0,0,0
1394,2024,3,3,2,0,0,1,0,0,0,0
1418,2025,4,4,0,0,0,0,0,0,0,0
1436,2022,3,2,0,0,0,0,1,0,0,0
1436,2026,1,1,1,0,0,0,0,0,0,0
1443,2022,1,1,0,0,0,0,0,0,0,0
1443,2026,1,1,0,0,0,0,0,0,0,0
1474,2022,3,2,1,0,0,0,1,0,1,0
1474,2026,1,1,0,0,0,0,0,0,0,0
1477,2012,3,2,1,1,0,0,1,0,0,0
1477,2013,3,3,1,0,0,0,0,0,0,0
1477,2015,7,7,1,0,0,0,0,0,0,0
1477,2016,9,9,1,0,0,0,0,0,0,0
1477,2018,3,2,0,0,0,0,1,0,0,0
1481,2016,1,1,1,1,0,0,0,0,0,0
1481,2017,1,1,0,0,0,0,0,0,0,0
1495,2013,6,6,1,0,0,0,0,0,2,0
1495,2014,6,6,2,1,0,0,0,0,0,0
1495,2015,12,10,5,3,0,0,1,0,1,1
1496,2019,7,7,2,1,0,0,0,0,3,0
1496,2020,2,1,0,0,0,0,1,0,0,0
1496,2021,15,15,4,1,0,0,0,0,1,0
1496,2024,4,3,2,0,0,0,1,0,0,0
1496,2025,3,2,1,0,0,0,1,0,0,0
1504,2021,1,1,1,0,1,0,0,0,0,0
1514,2016,3,3,1,1,0,0,0,0,0,0
1514,2018,6,5,1,0,0,0,1,0,0,0
1514,2019,12,11,1,0,0,1,1,0,3,0
1514,2020,5,5,3,0,0,2,0,0,1,0
1514,2021,9,9,1,0,0,0,0,0,1,0
1514,2022,8,7,2,0,0,0,1,0,0,0
1515,2025,1,1,1,1,0,0,0,0,0,0
1518,2019,3,2,1,0,0,0,1,0,0,0
1518,2022,2,2,0,0,0,0,0,0,0,0
1541,2023,1,1,1,0,0,0,0,0,0,0
1541,2026,1,1,0,0,0,0,0,0,1,0
1551,2024,2,2,0,0,0,0,0,0,1,0
1551,2025,2,2,0,0,0,0,0,0,0,0
1551,2026,3,3,0,0,0,0,0,0,2,0
1561,2013,3,3,0,0,0,0,0,0,0,0
1562,2019,1,1,0,0,0,0,0,0,1,0
1562,2022,6,5,3,0,0,1,1,0,0,0
1563,2026,3,3,1,0,0,0,0,0,0,0
1583,2013,1,1,0,0,0,0,0,0,0,0
1599,2016,2,2,0,0,0,0,0,0,0,0
1599,2017,2,2,1,0,0,0,0,0,0,0
1599,2023,1,1,0,0,0,0,0,0,1,0
1616,2018,2,1,1,0,0,0,0,0,0,1
1623,2025,2,1,0,0,0,0,1,0,0,0
1623,2026,1,1,1,1,0,0,0,0,0,0
1648,2022,2,1,0,0,0,0,1,0,1,0
1648,2024,3,3,0,0,0,0,0,0,0,0
1648,2025,3,3,0,0,0,0,0,0,1,0
1651,2021,1,1,0,0,0,0,0,0,1,0
1666,2018,3,3,1,0,0,0,0,0,2,0
1666,2020,2,2,1,0,0,1,0,0,0,0
1666,2021,2,2,0,0,0,0,0,0,1,0
1669,2013,3,3,0,0,0,0,0,0,2,0
1669,2016,3,3,1,0,0,0,0,0,0,0
1701,2025,3,2,0,0,0,0,1,0,1,0
1701,2026,3,1,0,0,0,0,1,0,0,1
1751,2020,3,2,0,0,0,0,1,0,0,0
1756,2026,1,1,0,0,0,0,0,0,1,0
1760,2025,1,0,0,0,0,0,1,0,0,0
1760,2026,2,2,0,0,0,0,0,0,0,0
1767,2012,1,1,1,0,0,0,0,0,0,0
1767,2013,1,1,1,0,0,1,0,0,0,0
1767,2015,1,1,0,0,0,0,0,0,1,0
1773,2014,3,2,1,1,0,0,1,0,0,0
1774,2023,1,1,0,0,0,0,0,0,0,0
1798,2018,3,2,0,0,0,0,1,0,1,0
1798,2019,1,1,1,1,0,0,0,0,0,0
1801,2013,9,9,1,1,0,0,0,0,3,0
1807,2012,1,1,1,0,0,0,0,0,0,0
1808,2012,1,1,1,0,0,1,0,0,0,0
1808,2015,1,1,0,0,0,0,0,0,0,0
1820,2015,3,3,2,0,0,0,0,0,0,0
1820,2017,3,3,0,0,0,0,0,0,2,0
1820,2018,3,1,0,0,0,0,2,0,0,0
1820,2022,5,5,2,0,0,0,0,0,0,0
1820,2026,1,1,0,0,0,0,0,0,0,0
1831,2012,1,1,0,0,0,0,0,0,0,0
1834,2015,1,1,0,0,0,0,0,0,0,0
1858,2013,3,3,1,0,0,0,0,0,0,0
1858,2017,6,5,2,0,0,0,1,0,0,0
1858,2019,1,0,0,0,0,0,1,0,0,0
1867,2025,6,6,1,0,0,1,0,0,1,0
1883,2019,1,1,0,0,0,0,0,0,0,0
1892,2020,2,2,1,0,0,0,0,0,0,0
1892,2022,2,2,1,1,0,0,0,0,0,0
1892,2024,1,1,1,0,0,0,0,0,0,0
1902,2021,3,2,0,0,0,0,1,0,1,0
1905,2018,3,3,1,0,0,0,0,0,0,0
1905,2019,3,3,0,0,0,0,0,0,2,0
1905,2021,6,5,2,0,0,0,1,0,1,0
1905,2022,3,3,0,0,0,0,0,0,2,0
1905,2025,3,3,1,0,0,0,0,0,2,0
1905,2026,3,3,1,0,0,0,0,0,1,0
1908,2015,2,2,2,1,0,1,0,0,0,0
1908,2019,2,1,0,0,0,0,1,0,1,0
1908,2021,1,0,0,0,0,0,1,0,0,0
1908,2023,1,1,0,0,0,0,0,0,0,0
1917,2020,2,2,0,0,0,0,0,0,1,0
1920,2017,3,3,2,0,0,2,0,0,0,0
1937,2022,3,3,1,0,0,0,0,0,2,0
1937,2023,3,3,1,0,0,0,0,0,2,0
1941,2023,1,1,0,0,0,0,0,0,0,0
1941,2024,5,4,2,1,0,0,1,0,0,0
1943,2012,2,2,0,0,0,0,0,0,0,0
1943,2013,3,2,0,0,0,0,1,0,1,0
1943,2015,4,4,1,0,0,0,0,0,1,0
1943,2016,3,3,2,2,0,0,0,0,0,0
1943,2018,2,1,0,0,0,0,1,0,0,0
1952,2015,1,1,1,0,0,1,0,0,0,0
1966,2016,6,6,3,0,0,2,0,0,1,0
1966,2018,3,2,0,0,0,0,1,0,0,0
1966,2019,1,1,0,0,0,0,0,0,1,0
1971,2013,3,3,0,0,0,0,0,0,1,0
1971,2016,1,1,0,0,0,0,0,0,0,0
1971,2018,3,3,1,0,0,0,0,0,1,0
1971,2019,3,3,2,1,0,1,0,0,1,0
1971,2021,1,1,0,0,0,0,0,0,0,0
1971,2022,2,2,0,0,0,0,0,0,0,0
1974,2019,1,1,0,0,0,0,0,0,0,0
1974,2022,1,0,0,0,0,0,1,0,0,0
1982,2012,2,2,0,0,0,0,0,0,0,0
1982,2013,2,2,0,0,0,0,0,0,0,0
1985,2026,5,4,0,0,0,0,1,0,2,0
1991,2017,1,1,0,0,0,0,0,0,0,0
1991,2019,1,1,1,1,0,0,0,0,0,0
1991,2024,2,2,0,0,0,0,0,0,2,0
1991,2025,1,1,0,0,0,0,0,0,0,0
1991,2026,1,0,0,0,0,0,1,0,0,0
2002,2019,2,2,0,0,0,0,0,0,1,0
2006,2019,1,1,0,0,0,0,0,0,0,0
2011,2013,3,2,1,0,0,0,1,0,0,0
2011,2015,3,2,0,0,0,0,1,0,0,0
2011,2016,3,3,0,0,0,0,0,0,2,0
2011,2018,1,0,0,0,0,0,1,0,0,0
2011,2020,1,1,0,0,0,0,0,0,0,0
2011,2021,2,1,0,0,0,0,1,0,0,0
2011,2023,1,1,0,0,0,0,0,0,0,0
2011,2024,1,1,1,0,0,1,0,0,0,0
2018,2012,2,2,1,0,0,1,0,0,0,0
2018,2013,4,4,1,0,0,1,0,0,0,0
2022,2018,3,3,1,0,0,0,0,0,0,0
2022,2019,1,1,0,0,0,0,0,0,1,0
2035,2023,3,2,1,0,0,0,0,0,1,1
2042,2025,3,3,1,0,0,0,0,0,0,0
2083,2017,1,1,0,0,0,0,0,0,0,0
2089,2015,1,1,0,0,0,0,0,0,1,0
2089,2016,1,1,1,0,0,0,0,0,0,0
2089,2017,3,3,0,0,0,0,0,0,3,0
2089,2019,1,1,0,0,0,0,0,0,0,0
2089,2021,1,1,1,0,0,0,0,0,0,0
2089,2022,1,1,0,0,0,0,0,0,0,0
2090,2013,1,1,0,0,0,0,0,0,1,0
2090,2022,1,1,0,0,0,0,0,0,0,0
2090,2023,1,1,1,0,0,0,0,0,0,0
2093,2022,3,2,0,0,0,0,1,0,0,0
2093,2023,2,2,1,0,0,1,0,0,0,0
2095,2013,1,1,0,0,0,0,0,0,0,0
2124,2019,3,3,1,0,0,0,0,0,0,0
2124,2020,4,2,0,0,0,0,2,0,1,0
2124,2021,6,6,1,0,0,0,0,0,2,0
2124,2026,1,1,1,0,0,0,0,0,0,0
2127,2022,1,1,0,0,0,0,0,0,1,0
2127,2023,1,1,0,0,0,0,0,0,0,0
2129,2016,1,1,0,0,0,0,0,0,0,0
2134,2021,2,1,0,0,0,0,1,0,0,0
2135,2021,1,1,0,0,0,0,0,0,0,0
2135,2025,1,1,0,0,0,0,0,0,1,0
2146,2013,1,1,0,0,0,0,0,0,1,0
2152,2016,2,2,1,0,0,0,0,0,1,0
2152,2017,6,4,1,0,0,0,2,0,1,0
2152,2018,4,3,1,0,0,0,1,0,1,0
2161,2013,1,1,1,0,0,0,0,0,0,0
2161,2014,1,1,0,0,0,0,0,0,0,0
2161,2017,4,4,0,0,0,0,0,0,1,0
2161,2018,1,1,0,0,0,0,0,0,1,0
2161,2022,2,2,2,1,0,0,0,0,0,0
2175,2012,4,4,0,0,0,0,0,0,0,0
2175,2013,7,6,0,0,0,0,1,0,1,0
2175,2014,5,5,1,0,0,1,0,0,1,0
2175,2017,12,11,4,0,0,1,1,0,1,0
2175,2022,8,7,2,0,0,0,1,0,2,0
2175,2023,5,5,2,0,0,1,0,0,3,0
2181,2021,1,1,0,0,0,0,0,0,1,0
2192,2013,2,2,0,0,0,0,0,0,0,0
2204,2016,3,3,1,1,0,0,0,0,0,0
2204,2018,2,2,0,0,0,0,0,0,1,0
2212,2018,3,3,3,1,0,0,0,0,0,0
2212,2026,3,3,1,0,0,1,0,0,0,0
2215,2012,1,1,0,0,0,0,0,0,0,0
2215,2013,1,1,0,0,0,0,0,0,0,0
2215,2014,1,1,1,0,0,0,0,0,0,0
2219,2018,1,1,1,0,0,0,0,0,0,0
2228,2013,1,1,0,0,0,0,0,0,1,0
2232,2012,1,1,0,0,0,0,0,0,1,0
2232,2013,2,2,0,0,0,0,0,0,1,0
2236,2014,2,2,1,0,0,0,0,0,0,0
2236,2015,8,7,2,0,0,0,0,1,2,0
2236,2016,3,3,2,0,0,0,0,0,1,0
2236,2017,4,3,1,0,0,0,1,0,1,0
2236,2018,5,5,1,0,0,0,0,0,1,0
2236,2022,3,3,1,0,0,1,0,0,0,0
2237,2013,3,3,2,0,0,0,0,0,0,0
2237,2015,4,4,1,0,0,1,0,0,1,0
2268,2019,1,1,1,1,0,0,0,0,0,0
2286,2023,1,1,0,0,0,0,0,0,1,0
2291,2012,6,6,3,1,0,0,0,0,0,0
2298,2013,2,2,2,0,0,0,0,0,0,0
2298,2014,2,2,0,0,0,0,0,0,1,0
2305,2020,2,2,0,0,0,0,0,0,0,0
2315,2015,2,2,1,0,0,0,0,0,0,0
2322,2013,4,4,2,0,0,1,0,0,0,0
2322,2016,1,1,1,0,0,0,0,0,0,0
2322,2018,3,3,0,0,0,0,0,0,2,0
2322,2019,3,3,0,0,0,0,0,0,0,0
2322,2021,6,4,3,1,0,0,1,0,0,1
2322,2022,3,3,1,0,0,0,0,0,0,0
2322,2023,3,3,0,0,0,0,0,0,0,0
2322,2024,6,6,1,0,0,0,0,0,0,0
2322,2025,3,3,1,0,0,0,0,0,0,0
2358,2014,3,3,0,0,0,0,0,0,0,0
2358,2015,3,3,0,0,0,0,0,0,0,0
2368,2019,1,0,0,0,0,0,1,0,0,0
2369,2014,3,3,2,0,0,0,0,0,1,0
2383,2022,1,1,1,0,0,0,0,0,0,0
2384,2014,2,2,1,0,0,0,0,0,1,0
2384,2015,1,0,0,0,0,0,1,0,0,0
2388,2016,1,0,0,0,0,0,1,0,0,0
2388,2017,1,1,1,0,0,0,0,0,0,0
2396,2017,3,3,2,0,0,1,0,0,0,0
2396,2018,3,3,0,0,0,0,0,0,0,0
2396,2023,3,2,0,0,0,0,1,0,0,0
2421,2012,1,1,0,0,0,0,0,0,0,0
2449,2019,2,0,0,0,0,0,2,0,0,0
2449,2021,2,2,0,0,0,0,0,0,1,0
2450,2019,2,2,1,0,0,0,0,0,0,0
2450,2020,2,2,0,0,0,0,0,0,1,0
2450,2021,1,1,0,0,0,0,0,0,0,0
2456,2021,1,1,0,0,0,0,0,0,0,0
2459,2024,1,1,0,0,0,0,0,0,1,0
2460,2024,2,2,0,0,0,0,0,0,2,0
2482,2012,1,1,0,0,0,0,0,0,1,0
2482,2013,2,2,0,0,0,0,0,0,2,0
2482,2014,1,1,1,0,0,0,0,0,0,0
2497,2024,1,1,0,0,0,0,0,0,1,0
2497,2025,1,1,0,0,0,0,0,0,1,0
2513,2026,1,1,0,0,0,0,0,0,0,0
2518,2022,1,1,0,0,0,0,0,0,1,0
2518,2024,2,2,1,0,0,0,0,0,1,0
2525,2015,7,6,1,0,0,1,1,0,0,0
2525,2016,3,3,1,0,0,0,0,0,0,0
2525,2020,8,8,4,0,0,1,0,0,1,0
2525,2021,2,2,1,0,0,0,0,0,1,0
2538,2014,3,3,0,0,0,0,0,0,0,0
2552,2023,1,1,0,0,0,0,0,0,0,0
2552,2025,1,1,0,0,0,0,0,0,0,0
2590,2013,6,6,1,0,0,0,0,0,1,0
2590,2015,3,3,1,0,0,0,0,0,0,0
2590,2016,3,2,1,1,0,0,1,0,0,0
2606,2016,3,3,1,0,0,0,0,0,1,0
2625,2018,1,0,0,0,0,0,1,0,0,0
2671,2024,1,1,1,0,0,0,0,0,0,0
2690,2012,2,1,0,0,0,0,1,0,0,0
2690,2013,2,2,0,0,0,0,0,0,1,0
2690,2015,1,1,0,0,0,0,0,0,1,0
2690,2016,1,1,0,0,0,0,0,0,0,0
2690,2019,3,2,1,0,0,1,1,0,0,0
2690,2020,1,0,0,0,0,0,1,0,0,0
2692,2019,4,3,1,0,0,0,1,0,0,0
2692,2021,3,3,0,0,0,0,0,0,0,0
2692,2022,3,2,1,1,0,0,1,0,0,0
2703,2019,1,1,1,0,0,0,0,0,0,0
2708,2016,2,2,0,0,0,0,0,0,0,0
2727,2015,1,0,0,0,0,0,1,0,0,0
2728,2021,2,2,1,0,0,0,0,0,1,0
2728,2024,1,1,1,1,0,0,0,0,0,0
2731,2015,7,6,3,0,0,0,1,0,0,0
2731,2018,3,3,1,0,0,0,0,0,1,0
2731,2019,6,6,2,0,0,0,0,0,2,0
2731,2021,5,5,0,0,0,0,0,0,3,0
2731,2026,3,3,0,0,0,0,0,0,3,0
2743,2022,1,1,0,0,0,0,0,0,0,0
2749,2012,1,1,0,0,0,0,0,0,0,0
2749,2013,2,1,0,0,0,0,1,0,1,0
2751,2013,1,1,0,0,0,0,0,0,0,0
2754,2016,3,3,1,0,0,0,0,0,0,0
2762,2014,3,3,0,0,0,0,0,0,1,0
2763,2012,4,3,1,0,0,0,1,0,0,0
2763,2013,2,1,0,0,0,0,1,0,0,0
2763,2015,2,2,1,0,0,0,0,0,0,0
2769,2019,1,1,1,0,0,0,0,0,0,0
2776,2013,3,3,0,0,0,0,0,0,0,0
2776,2016,1,1,0,0,0,0,0,0,1,0
2782,2021,1,0,0,0,0,0,1,0,0,0
2782,2022,1,1,0,0,0,0,0,0,1,0
2782,2023,1,1,0,0,0,0,0,0,1,0
2782,2025,1,0,0,0,0,0,1,0,0,0
2790,2023,1,1,0,0,0,0,0,0,0,0
2810,2012,3,3,0,0,0,0,0,0,1,0
2810,2013,13,12,4,2,0,0,1,0,2,0
2827,2017,2,2,1,0,0,1,0,0,0,0
2833,2018,3,3,0,0,0,0,0,0,0,0
2833,2019,3,3,1,0,0,0,0,0,0,0
2833,2021,12,12,3,1,0,1,0,0,0,0
2833,2023,3,3,0,0,0,0,0,0,0,0
2833,2025,3,3,1,0,0,0,0,0,1,0
2847,2014,1,1,0,0,0,0,0,0,0,0
2847,2015,1,1,0,0,0,0,0,0,0,0
2847,2016,3,3,0,0,0,0,0,0,0,0
2847,2021,2,2,1,1,0,0,0,0,0,0
2850,2016,2,2,0,0,0,0,0,0,1,0
2850,2017,2,2,0,0,0,0,0,0,0,0
2850,2023,1,0,0,0,0,0,1,0,0,0
2850,2025,1,1,1,0,0,1,0,0,0,0
2863,2013,3,3,2,1,0,0,0,0,0,0
2868,2023,2,2,0,0,0,0,0,0,0,0
2868,2024,2,2,1,0,0,0,0,0,1,0
2878,2016,2,2,0,0,0,0,0,0,2,0
2878,2017,1,0,0,0,0,0,0,0,0,1
2878,2018,1,1,0,0,0,0,0,0,0,0
2878,2019,2,1,1,0,0,0,1,0,0,0
2878,2021,1,1,1,0,0,0,0,0,0,0
2878,2024,1,1,0,0,0,0,0,0,1,0
2878,2025,1,1,0,0,0,0,0,0,1,0
2878,2026,1,1,0,0,0,0,0,0,0,0
2885,2017,3,2,1,0,0,0,0,0,0,1
2886,2019,4,4,1,1,0,0,0,0,1,0
2886,2020,3,3,1,0,0,0,0,0,1,0
2893,2018,1,1,0,0,0,0,0,0,0,0
2911,2013,10,10,3,1,0,0,0,0,4,0
2911,2014,4,4,2,1,0,0,0,0,0,0
2911,2015,2,2,0,0,0,0,0,0,0,0
2911,2016,6,6,4,2,0,0,0,0,0,0
2913,2022,1,1,0,0,0,0,0,0,0,0
2914,2021,1,1,0,0,0,0,0,0,1,0
2914,2022,1,1,1,0,0,1,0,0,0,0
2957,2026,2,1,0,0,0,0,1,0,0,0
2960,2023,3,3,2,0,0,0,0,0,0,0
2960,2026,1,1,1,1,0,0,0,0,0,0
2969,2025,3,3,0,0,0,0,0,0,1,0
2969,2026,6,5,0,0,0,0,1,0,2,0
2977,2018,2,1,0,0,0,0,1,0,1,0
2977,2022,1,1,0,0,0,0,0,0,0,0
2977,2023,1,1,0,0,0,0,0,0,0,0
2977,2024,3,3,1,0,0,0,0,0,1,0
2987,2013,1,1,0,0,0,0,0,0,0,0
2987,2018,1,1,0,0,0,0,0,0,0,0
2987,2019,2,2,0,0,0,0,0,0,2,0
2987,2021,2,1,1,0,0,0,1,0,0,0
3000,2012,6,5,3,0,0,1,1,0,1,0
3000,2013,6,5,1,0,0,0,0,0,0,1
3000,2015,2,2,1,0,0,0,0,0,0,0
3004,2021,5,5,1,0,0,0,0,0,2,0
3004,2022,3,3,1,1,0,0,0,0,0,0
3004,2023,1,1,0,0,0,0,0,0,1,0
3004,2024,4,3,1,1,0,0,1,0,1,0
3004,2025,2,2,2,0,0,0,0,0,0,0
3011,2013,2,1,1,0,0,0,1,0,0,0
3011,2014,1,1,0,0,0,0,0,0,1,0
3022,2023,1,1,0,0,0,0,0,0,0,0
3029,2013,1,1,0,0,0,0,0,0,1,0
3033,2019,1,1,0,0,0,0,0,0,0,0
3047,2025,2,2,0,0,0,0,0,0,0,0
3047,2026,2,0,0,0,0,0,2,0,0,0
3059,2026,1,1,0,0,0,0,0,0,1,0
3060,2025,1,1,1,0,0,0,0,0,0,0
3070,2013,1,1,0,0,0,0,0,0,0,0
3070,2017,1,1,0,0,0,0,0,0,1,0
3073,2014,3,3,0,0,0,0,0,0,1,0
3073,2015,6,5,0,0,0,0,1,0,3,0
3073,2016,3,3,0,0,0,0,0,0,3,0
3073,2017,6,6,3,2,0,0,0,0,1,0
3073,2018,3,2,0,0,0,0,1,0,0,0
3080,2015,3,3,0,0,0,0,0,0,0,0
3080,2017,3,3,0,0,0,0,0,0,2,0
3080,2022,1,1,0,0,0,0,0,0,1,0
3086,2014,1,1,0,0,0,0,0,0,0,0
3086,2015,1,1,0,0,0,0,0,0,1,0
3088,2016,3,3,1,0,0,1,0,0,1,0
3088,2017,2,2,1,0,0,1,0,0,0,0
3104,2023,3,2,0,0,0,0,0,0,1,1
3104,2024,2,2,0,0,0,0,0,0,0,0
3106,2020,3,3,0,0,0,0,0,0,1,0
3108,2019,1,1,1,0,0,0,0,0,0,0
3118,2019,3,3,2,1,0,0,0,0,0,0
3129,2019,1,1,0,0,0,0,0,0,1,0
3154,2015,2,2,1,1,0,0,0,0,0,0
3154,2018,3,3,1,0,0,0,0,0,0,0
3154,2019,4,4,0,0,0,0,0,0,0,0
3158,2026,2,0,0,0,0,0,2,0,0,0
3194,2022,2,2,0,0,0,0,0,0,0,0
3205,2022,2,2,1,0,0,0,0,0,0,0
3206,2018,5,5,1,1,0,0,0,0,1,0
3206,2019,2,2,0,0,0,0,0,0,0,0
3206,2021,3,3,1,0,0,1,0,0,0,0
3206,2022,3,3,1,0,0,0,0,0,2,0
3206,2023,3,3,1,0,0,0,0,0,0,0
3215,2019,3,3,0,0,0,0,0,0,1,0
3225,2022,3,3,0,0,0,0,0,0,0,0
3225,2024,2,2,1,0,0,0,0,0,0,0
3225,2026,3,3,2,0,0,1,0,0,0,0
3231,2014,5,5,3,1,0,0,0,0,1,0
3231,2015,4,4,2,0,0,0,0,0,0,0
3231,2018,2,2,1,0,0,0,0,0,0,0
3234,2021,1,1,1,0,0,0,0,0,0,0
3276,2023,2,2,1,0,0,1,0,0,0,0
3280,2025,1,1,0,0,0,0,0,0,0,0
3286,2015,9,5,1,0,0,1,3,0,1,0
3286,2016,6,5,0,0,0,0,1,0,1,0
3286,2019,2,2,1,0,0,0,0,0,0,0
3286,2024,3,3,0,0,0,0,0,0,3,0
3286,2026,3,3,1,0,0,0,0,0,2,0
3288,2012,3,3,0,0,0,0,0,0,0,0
3291,2024,1,1,0,0,0,0,0,0,1,0
3291,2025,2,2,1,1,0,0,0,0,0,0
3291,2026,1,1,0,0,0,0,0,0,0,0
3297,2018,3,3,1,0,0,1,0,0,0,0
3302,2013,2,2,1,0,0,0,0,0,0,0
3316,2019,2,2,2,0,0,1,0,0,0,0
3325,2021,1,1,0,0,0,0,0,0,0,0
3325,2022,5,5,1,0,0,0,0,0,2,0
3336,2019,4,4,0,0,0,0,0,0,3,0
3336,2020,1,1,1,0,0,0,0,0,0,0
3336,2021,3,3,0,0,0,0,0,0,0,0
3336,2022,4,4,0,0,0,0,0,0,0,0
3336,2025,1,1,1,0,0,1,0,0,0,0
3338,2024,3,3,1,0,0,0,0,0,1,0
3347,2015,12,9,1,0,0,1,3,0,0,0
3347,2016,12,9,1,0,0,0,3,0,2,0
3347,2017,14,10,2,1,0,0,4,0,4,0
3347,2018,6,6,3,1,0,0,0,0,2,0
3361,2025,3,3,0,0,0,0,0,0,0,0
3379,2023,2,1,0,0,0,0,1,0,0,0
3384,2025,1,1,1,1,0,0,0,0,0,0
3384,2026,1,1,0,0,0,0,0,0,0,0
3391,2024,1,1,0,0,0,0,0,0,0,0
3391,2025,5,4,1,0,0,1,1,0,0,0
3394,2015,1,1,0,0,0,0,0,0,0,0
3394,2018,2,1,0,0,0,0,0,0,0,1
3394,2021,2,1,0,0,0,0,1,0,0,0
3400,2017,11,10,2,1,0,0,0,0,1,1
3400,2018,5,5,1,0,0,1,0,0,0,0
3404,2015,3,1,1,0,0,0,1,1,0,0
3404,2016,2,2,1,0,0,0,0,0,0,0
3404,2022,2,2,1,0,0,0,0,0,0,0
3404,2023,1,1,1,0,0,1,0,0,0,0
3404,2024,2,2,0,0,0,0,0,0,0,0
3410,2012,1,1,1,0,0,0,0,0,0,0
3410,2013,2,2,0,0,0,0,0,0,0,0
3410,2014,1,1,0,0,0,0,0,0,0,0
3411,2015,1,1,0,0,0,0,0,0,0,0
3411,2016,1,1,0,0,0,0,0,0,1,0
3422,2024,2,2,1,0,0,0,0,0,0,0
3422,2025,3,3,1,0,0,1,0,0,0,0
3422,2026,1,1,0,0,0,0,0,0,0,0
3428,2019,4,4,0,0,0,0,0,0,1,0
3428,2021,4,4,3,1,0,0,0,0,0,0
3428,2025,1,1,0,0,0,0,0,0,1,0
3434,2012,2,2,2,0,1,0,0,0,0,0
3434,2014,7,6,3,1,0,2,0,1,0,0
3434,2015,3,3,0,0,0,0,0,0,0,0
3434,2016,1,0,0,0,0,0,1,0,0,0
3434,2017,3,3,1,0,0,0,0,0,1,0
3438,2016,1,1,0,0,0,0,0,0,1,0
3438,2017,1,1,1,0,0,0,0,0,0,0
3438,2019,2,2,1,0,0,0,0,0,1,0
3444,2022,8,8,1,0,0,0,0,0,4,0
3444,2026,5,4,2,0,0,1,1,0,0,0
3447,2022,1,1,0,0,0,0,0,0,1,0
3447,2023,1,1,1,0,0,0,0,0,0,0
3447,2024,1,1,1,1,0,0,0,0,0,0
3447,2025,2,1,0,0,0,0,0,0,1,1
3447,2026,2,2,1,1,0,0,0,0,0,0
3449,2025,1,1,0,0,0,0,0,0,1,0
3449,2026,1,1,0,0,0,0,0,0,1,0
3453,2025,2,1,0,0,0,0,1,0,0,0
3464,2021,1,1,1,0,0,0,0,0,0,0
3467,2024,1,1,0,0,0,0,0,0,0,0
3476,2024,1,1,0,0,0,0,0,0,0,0
3476,2025,2,2,0,0,0,0,0,0,2,0
3476,2026,1,1,0,0,0,0,0,0,1,0
3481,2018,1,1,0,0,0,0,0,0,0,0
3481,2023,1,1,0,0,0,0,0,0,0,0
3481,2026,2,1,1,0,0,0,0,1,0,0
3483,2024,3,3,1,0,0,1,0,0,0,0
3492,2014,1,1,0,0,0,0,0,0,0,0
3492,2015,1,1,0,0,0,0,0,0,1,0
3497,2013,2,1,0,0,0,0,0,0,1,0
3497,2014,2,2,1,0,0,0,0,0,0,0
3497,2015,2,2,1,0,0,1,0,0,1,0
3497,2016,1,1,1,0,0,0,0,0,0,0
3498,2016,3,3,1,1,0,0,0,0,0,0
3498,2017,3,3,0,0,0,0,0,0,0,0
3498,2018,6,5,2,1,0,1,1,0,1,0
3498,2020,3,1,0,0,0,0,1,0,0,1
3500,2013,3,3,0,0,0,0,0,0,2,0
3523,2021,2,2,1,0,0,0,0,0,0,0
3523,2022,1,1,1,1,0,0,0,0,0,0
3523,2023,1,1,0,0,0,0,0,0,0,0
3523,2025,2,2,1,0,0,1,0,0,0,0
3523,2026,1,0,0,0,0,0,1,0,0,0
3535,2026,1,1,0,0,0,0,0,0,0,0
3546,2012,2,2,0,0,0,0,0,0,1,0
3546,2014,3,3,3,0,0,1,0,0,0,0
3546,2015,1,1,0,0,0,0,0,0,1,0
3546,2016,3,2,1,0,0,1,1,0,0,0
3546,2017,5,4,1,0,0,0,0,0,2,1
3557,2018,6,5,0,0,0,0,1,0,3,0
3557,2019,3,1,1,0,0,0,2,0,0,0
3557,2022,3,1,0,0,0,0,2,0,0,0
3557,2023,2,1,1,1,0,0,1,0,0,0
3557,2024,2,0,0,0,0,0,2,0,0,0
3557,2025,3,3,0,0,0,0,0,0,1,0
3557,2026,3,1,0,0,0,0,2,0,1,0
3567,2022,1,0,0,0,0,0,0,0,0,1
3574,2022,2,1,0,0,0,0,1,0,0,0
3574,2023,1,1,0,0,0,0,0,0,0,0
3574,2024,3,3,0,0,0,0,0,0,2,0
3580,2016,1,1,0,0,0,0,0,0,0,0
3580,2019,2,2,1,0,0,0,0,0,0,0
3580,2020,1,1,0,0,0,0,0,0,0,0
3580,2022,1,1,1,0,0,0,0,0,0,0
3596,2016,1,0,0,0,0,0,1,0,0,0
3597,2026,1,1,0,0,0,0,0,0,1,0
3598,2018,1,0,0,0,0,0,1,0,0,0
3602,2024,1,1,1,0,0,0,0,0,0,0
3607,2015,3,3,2,0,0,0,0,0,1,0
3607,2018,3,3,2,0,0,0,0,0,1,0
3607,2019,3,3,0,0,0,0,0,0,0,0
3607,2021,3,3,0,0,0,0,0,0,2,0
3612,2019,2,2,0,0,0,0,0,0,0,0
3677,2024,1,1,0,0,0,0,0,0,0,0
3677,2025,2,2,0,0,0,0,0,0,1,0
3683,2015,2,1,1,0,0,0,1,0,0,0
3703,2013,2,2,0,0,0,0,0,0,1,0
3703,2014,1,1,0,0,0,0,0,0,1,0
3703,2015,1,1,0,0,0,0,0,0,1,0
3724,2018,9,8,3,2,0,0,1,0,1,0
3724,2019,3,3,0,0,0,0,0,0,0,0
3724,2020,9,8,2,0,0,0,1,0,1,0
3724,2021,9,7,4,3,0,0,2,0,0,0
3724,2022,13,12,3,1,0,0,1,0,4,0
3724,2023,9,9,3,0,0,0,0,0,1,0
3724,2024,3,2,2,1,0,0,1,0,0,0
3724,2025,6,5,0,0,0,0,1,0,1,0
3724,2026,2,2,1,0,0,0,0,0,0,0
3731,2014,1,1,1,0,0,0,0,0,0,0
3731,2018,1,0,0,0,0,0,1,0,0,0
3744,2023,1,1,0,0,0,0,0,0,0,0
3747,2016,3,2,1,0,0,0,1,0,1,0
3748,2013,2,2,0,0,0,0,0,0,1,0
3748,2015,2,2,0,0,0,0,0,0,1,0
3749,2018,3,1,0,0,0,0,2,0,1,0
3749,2019,3,3,1,0,0,1,0,0,1,0
3749,2021,3,3,0,0,0,0,0,0,0,0
3749,2022,4,3,0,0,0,0,1,0,0,0
3749,2023,2,2,0,0,0,0,0,0,0,0
3749,2024,3,2,0,0,0,0,1,0,0,0
3749,2025,3,3,2,0,0,0,0,0,0,0
3749,2026,3,3,1,0,0,0,0,0,1,0
3766,2026,2,1,0,0,0,0,1,0,0,0
3773,2023,1,1,0,0,0,0,0,0,0,0
3784,2016,1,1,0,0,0,0,0,0,0,0
3785,2016,6,6,1,0,0,1,0,0,1,0
3785,2017,4,4,0,0,0,0,0,0,0,0
3785,2023,3,2,0,0,0,0,1,0,1,0
3785,2026,1,0,0,0,0,0,1,0,0,0
3793,2013,1,1,1,1,0,0,0,0,0,0
3793,2015,1,1,0,0,0,0,0,0,0,0
3808,2019,1,1,0,0,0,0,0,0,1,0
3827,2017,1,1,0,0,0,0,0,0,0,0
3827,2018,1,1,0,0,0,0,0,0,0,0
3827,2019,1,1,0,0,0,0,0,0,1,0
3827,2022,1,1,0,0,0,0,0,0,1,0
3834,2014,3,3,0,0,0,0,0,0,1,0
3834,2015,3,3,1,0,0,0,0,0,0,0
3834,2017,3,3,1,0,0,1,0,0,0,0
3835,2019,3,3,1,0,0,0,0,0,0,0
3835,2020,2,2,0,0,0,0,0,0,1,0
3835,2021,6,5,1,0,0,1,1,0,1,0
3835,2022,3,3,1,0,0,0,0,0,0,0
3835,2023,10,10,3,2,0,0,0,0,3,0
3835,2025,9,7,2,0,0,0,2,0,0,0
3835,2026,4,3,0,0,0,0,1,0,2,0
3838,2016,1,1,0,0,0,0,0,0,0,0
3845,2018,3,3,1,0,0,1,0,0,0,0
3845,2019,2,2,0,0,0,0,0,0,2,0
3865,2023,1,1,0,0,0,0,0,0,1,0
3868,2019,1,0,0,0,0,0,1,0,0,0
3870,2012,1,1,0,0,0,0,0,0,0,0
3876,2016,1,1,1,0,0,0,0,0,0,0
3876,2017,1,1,0,0,0,0,0,0,0,0
3876,2018,1,1,0,0,0,0,0,0,0,0
3878,2018,3,2,1,0,0,0,0,0,0,1
3880,2019,1,0,0,0,0,0,1,0,0,0
3880,2021,4,3,1,0,0,0,1,0,1,0
3880,2022,3,3,0,0,0,0,0,0,1,0
3889,2015,1,1,0,0,0,0,0,0,1,0
3889,2018,2,2,0,0,0,0,0,0,0,0
3889,2020,1,1,0,0,0,0,0,0,1,0
3889,2021,1,1,1,0,0,0,0,0,0,0
3889,2024,1,1,1,0,0,0,0,0,0,0
3891,2021,3,3,1,0,0,0,0,0,0,0
3904,2020,1,1,0,0,0,0,0,0,1,0
3904,2025,4,4,1,0,0,0,0,0,1,0
3906,2025,2,1,0,0,0,0,1,0,1,0
3909,2019,4,3,0,0,0,0,1,0,2,0
3909,2021,2,2,0,0,0,0,0,0,1,0
3909,2023,1,1,0,0,0,0,0,0,0,0
3909,2025,1,1,0,0,0,0,0,0,0,0
3933,2017,3,2,1,0,0,0,0,0,0,1
3933,2018,1,0,0,0,0,0,1,0,0,0
3935,2021,5,5,1,0,0,0,0,0,0,0
3935,2024,2,2,0,0,0,0,0,0,1,0
3938,2024,1,1,0,0,0,0,0,0,0,0
3945,2016,2,2,0,0,0,0,0,0,0,0
3951,2014,3,2,0,0,0,0,0,0,0,0
3951,2017,3,3,1,1,0,0,0,0,0,0
3966,2013,3,3,0,0,0,0,0,0,2,0
3968,2020,2,2,1,0,0,0,0,0,0,0
3968,2021,17,17,5,0,0,2,0,0,3,0
3968,2025,3,3,1,1,0,0,0,0,0,0
3968,2026,3,3,2,0,0,0,0,0,0,0
3970,2018,2,2,0,0,0,0,0,0,1,0
3970,2019,1,1,0,0,0,0,0,0,1,0
3975,2016,2,2,0,0,0,0,0,0,1,0
3982,2015,4,3,0,0,0,0,1,0,1,0
3982,2016,2,2,2,0,0,1,0,0,0,0
3993,2020,1,1,1,0,1,0,0,0,0,0
3998,2018,1,1,1,0,0,0,0,0,0,0
3998,2024,1,1,0,0,0,0,0,0,1,0
4007,2026,2,0,0,0,0,0,2,0,0,0
4018,2020,1,1,0,0,0,0,0,0,0,0
4018,2023,2,2,0,0,0,0,0,0,0,0
4029,2015,6,6,2,0,0,0,0,0,0,0
4029,2016,6,5,1,0,0,0,1,0,2,0
4029,2017,6,5,2,1,0,0,1,0,1,0
4029,2018,6,4,1,0,0,0,2,0,0,0
4029,2020,3,1,1,1,0,0,2,0,0,0
4029,2021,4,3,0,0,0,0,0,0,0,1
4029,2022,3,3,2,0,0,0,0,0,0,0
4029,2024,6,5,3,1,0,1,1,0,1,0
4046,2021,4,2,0,0,0,0,2,0,0,0
4046,2022,3,3,1,0,0,1,0,0,1,0
4047,2022,6,5,2,1,0,0,1,0,0,0
4047,2023,6,5,0,0,0,0,1,0,2,0
4047,2024,3,3,0,0,0,0,0,0,2,0
4047,2026,3,2,0,0,0,0,1,0,0,0
4051,2021,6,6,1,0,0,0,0,0,2,0
4051,2022,3,2,1,0,0,0,1,0,0,0
4055,2016,3,3,1,0,0,0,0,0,1,0
4072,2019,2,1,0,0,0,0,1,0,1,0
4072,2020,3,1,0,0,0,0,2,0,1,0
4072,2023,3,2,1,0,0,1,1,0,0,0
4072,2024,3,3,0,0,0,0,0,0,1,0
4072,2025,3,3,0,0,0,0,0,0,1,0
4073,2026,2,1,0,0,0,0,1,0,1,0
4077,2018,2,2,1,0,0,0,0,0,0,0
4077,2025,3,2,0,0,0,0,1,0,0,0
4082,2016,1,1,0,0,0,0,0,0,0,0
4087,2021,3,3,1,0,0,0,0,0,2,0
4087,2022,3,2,1,0,0,0,1,0,1,0
4091,2024,8,7,1,0,0,1,1,0,2,0
4091,2025,5,4,0,0,0,0,1,0,1,0
4091,2026,3,3,0,0,0,0,0,0,2,0
4103,2016,2,2,1,0,0,0,0,0,0,0
4110,2016,1,1,0,0,0,0,0,0,0,0
4110,2019,3,3,1,0,0,0,0,0,0,0
4130,2018,5,4,3,1,0,0,0,1,0,0
4130,2021,10,9,1,0,0,0,1,0,1,0
4130,2022,5,4,0,0,0,0,1,0,0,0
4130,2023,9,8,1,0,0,1,1,0,0,0
4130,2024,5,5,2,1,0,1,0,0,3,0
4132,2013,2,2,1,0,0,0,0,0,1,0
4132,2015,2,2,2,0,0,0,0,0,0,0
4137,2014,1,1,0,0,0,0,0,0,0,0
4137,2015,2,2,0,0,0,0,0,0,0,0
4148,2025,3,3,1,0,0,0,0,0,1,0
4151,2019,1,1,0,0,0,0,0,0,1,0
4151,2020,5,5,1,0,0,0,0,0,1,0
4151,2021,2,2,1,0,0,0,0,0,0,0
4151,2022,3,3,1,1,0,0,0,0,2,0
4151,2023,5,4,0,0,0,0,0,0,1,1
4159,2019,6,5,1,1,0,0,1,0,1,0
4159,2020,2,1,0,0,0,0,1,0,0,0
4159,2021,8,8,2,1,0,0,0,0,1,0
4170,2013,4,3,2,1,0,0,1,0,0,0
4170,2014,3,2,0,0,0,0,1,0,1,0
4170,2015,6,5,2,0,0,0,1,0,0,0
4170,2017,3,3,0,0,0,0,0,0,1,0
4170,2018,5,5,2,0,0,0,0,0,0,0
4170,2019,1,1,1,0,0,0,0,0,0,0
4182,2016,3,3,2,1,0,0,0,0,0,0
4182,2017,6,6,1,0,0,0,0,0,0,0
4184,2017,5,5,2,1,0,0,0,0,0,0
4184,2020,3,3,2,1,0,0,0,0,0,0
4184,2024,3,3,2,0,0,0,0,0,0,0
4186,2018,3,3,1,0,0,0,0,0,2,0
4198,2025,1,1,0,0,0,0,0,0,1,0
4207,2015,1,1,0,0,0,0,0,0,0,0
4207,2016,1,1,0,0,0,0,0,0,1,0
4207,2017,2,2,1,0,0,0,0,0,1,0
4220,2024,2,1,0,0,0,0,1,0,0,0
4220,2025,5,4,2,0,0,2,1,0,2,0
4220,2026,2,1,0,0,0,0,0,0,0,1
4221,2023,2,2,1,0,0,0,0,0,1,0
4221,2024,3,2,1,0,0,1,1,0,1,0
4221,2025,5,3,0,0,0,0,2,0,0,0
4221,2026,3,3,1,1,0,0,0,0,0,0
4236,2017,3,3,1,0,0,0,0,0,0,0
4243,2015,1,1,1,0,0,0,0,0,0,0
4243,2019,3,3,1,0,0,0,0,0,0,0
4243,2022,2,2,0,0,0,0,0,0,0,0
4243,2023,1,1,0,0,0,0,0,0,0,0
4244,2020,1,1,1,0,0,0,0,0,0,0
4244,2021,2,2,0,0,0,0,0,0,1,0
4251,2025,2,1,1,0,0,0,1,0,0,0
4251,2026,1,0,0,0,0,0,0,0,0,1
4254,2018,1,1,0,0,0,0,0,0,0,0
4260,2015,1,0,0,0,0,0,1,0,0,0
4267,2025,2,1,0,0,0,0,0,1,0,0
4278,2020,3,3,1,0,0,0,0,0,2,0
4278,2021,5,3,2,0,0,0,2,0,0,0
4278,2022,3,2,0,0,0,0,1,0,1,0
4278,2023,5,5,0,0,0,0,0,0,1,0
4283,2015,5,5,1,1,0,0,0,0,0,0
4283,2016,5,4,1,0,0,1,0,0,0,1
4283,2017,3,3,2,0,1,0,0,0,0,0
4283,2020,1,1,0,0,0,0,0,0,0,0
4283,2021,1,0,0,0,0,0,1,0,0,0
4283,2025,1,1,1,1,0,0,0,0,0,0
4289,2016,3,3,1,0,0,1,0,0,0,0
4289,2018,4,4,2,0,0,0,0,0,1,0
4289,2019,12,11,3,0,0,1,0,1,3,0
4289,2020,3,3,1,0,0,0,0,0,0,0
4289,2021,12,12,5,1,0,2,0,0,2,0
4289,2024,2,2,1,0,0,1,0,0,0,0
4290,2022,3,2,0,0,0,0,1,0,1,0
4290,2023,3,3,1,0,0,0,0,0,0,0
4292,2013,3,1,1,0,0,0,0,0,0,2
4292,2014,6,5,1,0,0,0,1,0,3,0
4292,2015,4,3,1,0,0,0,1,0,0,0
4292,2017,6,6,1,0,0,0,0,0,0,0
4292,2018,9,9,4,2,0,1,0,0,1,0
4292,2019,3,3,2,0,0,0,0,0,0,0
4292,2022,3,3,1,0,0,1,0,0,1,0
4292,2024,2,2,0,0,0,0,0,0,0,0
4292,2025,3,3,1,0,0,1,0,0,1,0
4292,2026,3,3,0,0,0,0,0,0,1,0
4302,2016,6,4,1,0,0,0,2,0,1,0
4302,2017,1,1,0,0,0,0,0,0,0,0
4302,2018,4,2,1,0,0,1,2,0,1,0
4302,2019,1,1,0,0,0,0,0,0,1,0
4318,2014,2,2,0,0,0,0,0,0,1,0
4327,2014,3,2,1,0,0,0,1,0,0,0
4327,2015,1,1,1,0,0,0,0,0,0,0
4327,2016,1,1,0,0,0,0,0,0,0,0
4327,2017,2,2,1,0,0,0,0,0,0,0
4327,2018,1,1,0,0,0,0,0,0,0,0
4327,2021,1,1,1,1,0,0,0,0,0,0
4337,2013,3,3,1,0,0,0,0,0,1,0
4337,2017,2,1,1,1,0,0,0,0,0,1
4344,2018,7,7,1,0,0,0,0,0,2,0
4344,2019,6,5,2,0,0,0,1,0,0,0
4344,2020,3,3,0,0,0,0,0,0,0,0
4350,2013,3,2,1,0,0,0,1,0,0,0
4350,2016,3,3,0,0,0,0,0,0,1,0
4353,2026,2,2,1,0,0,1,0,0,1,0
4361,2014,2,2,0,0,0,0,0,0,2,0
4361,2016,5,5,3,0,0,1,0,0,1,0
4361,2017,4,4,1,1,0,0,0,0,1,0
4385,2019,1,1,0,0,0,0,0,0,0,0
4386,2023,1,1,0,0,0,0,0,0,1,0
4386,2024,2,2,0,0,0,0,0,0,1,0
4396,2019,2,2,1,0,0,0,0,0,0,0
4396,2022,1,1,0,0,0,0,0,0,0,0
4397,2015,1,1,0,0,0,0,0,0,0,0
4405,2016,1,1,0,0,0,0,0,0,0,0
4408,2014,1,1,0,0,0,0,0,0,0,0
4408,2019,1,1,0,0,0,0,0,0,1,0
4409,2019,2,2,0,0,0,0,0,0,0,0
4409,2021,1,1,0,0,0,0,0,0,0,0
4415,2018,1,1,1,0,0,0,0,0,0,0
4415,2019,1,1,0,0,0,0,0,0,0,0
4429,2013,1,1,0,0,0,0,0,0,0,0
4446,2025,3,3,0,0,0,0,0,0,1,0
4446,2026,2,2,1,0,0,0,0,0,0,0
4449,2013,6,5,0,0,0,0,1,0,0,0
4449,2014,4,4,1,0,0,0,0,0,0,0
4449,2015,3,3,1,0,0,0,0,0,1,0
4457,2021,6,4,1,1,0,0,2,0,0,0
4457,2022,6,3,2,0,0,0,2,1,0,0
4491,2018,1,1,0,0,0,0,0,0,0,0
4491,2021,2,1,0,0,0,0,1,0,1,0
4495,2013,1,1,0,0,0,0,0,0,0,0
4495,2015,1,1,1,1,0,0,0,0,0,0
4504,2016,3,3,1,1,0,0,0,0,0,0
4513,2019,1,1,0,0,0,0,0,0,0,0
4514,2018,1,0,0,0,0,0,1,0,0,0
4523,2026,1,1,0,0,0,0,0,0,0,0
4543,2015,4,2,0,0,0,0,2,0,1,0
4543,2016,6,6,1,1,0,0,0,0,0,0
4543,2017,3,3,0,0,0,0,0,0,0,0
4543,2018,3,3,0,0,0,0,0,0,0,0
4543,2019,3,2,0,0,0,0,1,0,0,0
4544,2025,1,1,1,0,0,0,0,0,0,0
4550,2025,1,0,0,0,0,0,1,0,0,0
4561,2014,1,1,0,0,0,0,0,0,0,0
4562,2019,1,1,1,0,0,1,0,0,0,0
4573,2023,2,1,0,0,0,0,1,0,0,0
4573,2025,3,3,0,0,0,0,0,0,1,0
4573,2026,6,6,0,0,0,0,0,0,1,0
4579,2016,1,1,0,0,0,0,0,0,0,0
4579,2021,2,2,0,0,0,0,0,0,1,0
4579,2022,1,1,0,0,0,0,0,0,0,0
4588,2018,1,1,0,0,0,0,0,0,0,0
4589,2025,1,1,0,0,0,0,0,0,0,0
4598,2013,1,1,1,0,0,1,0,0,0,0
4608,2013,3,3,2,0,0,1,0,0,0,0
4610,2012,3,3,1,0,1,0,0,0,1,0
4610,2013,3,3,1,0,0,0,0,0,2,0
4610,2014,7,6,0,0,0,0,0,1,3,0
4610,2015,2,2,1,0,0,0,0,0,1,0
4610,2016,9,7,3,1,0,2,2,0,1,0
4610,2017,8,8,1,0,0,0,0,0,2,0
4610,2018,6,5,1,0,0,1,1,0,0,0
4610,2021,2,2,1,0,0,0,0,0,0,0
4611,2013,6,5,2,1,0,0,1,0,1,0
4611,2015,3,2,0,0,0,0,1,0,0,0
4612,2016,1,0,0,0,0,0,1,0,0,0
4612,2017,1,1,0,0,0,0,0,0,0,0
4620,2013,4,3,2,1,0,0,0,0,0,0
4620,2015,3,3,2,1,0,0,0,0,0,0
4656,2024,2,2,0,0,0,0,0,0,1,0
4662,2023,3,3,0,0,0,0,0,0,0,0
4662,2024,3,3,1,0,0,1,0,0,1,0
4662,2025,3,2,0,0,0,0,1,0,1,0
4662,2026,5,5,3,0,0,0,0,0,0,0
4665,2013,6,5,1,1,0,0,1,0,0,0
4678,2015,1,1,0,0,0,0,0,0,0,0
4678,2016,2,1,0,0,0,0,1,0,0,0
4678,2018,1,1,0,0,0,0,0,0,0,0
4686,2019,2,2,1,0,0,0,0,0,0,0
4687,2023,1,1,0,0,0,0,0,0,0,0
4702,2022,1,1,0,0,0,0,0,0,0,0
4702,2023,1,1,0,0,0,0,0,0,0,0
4703,2019,4,2,0,0,0,0,1,1,0,0
4715,2016,2,2,1,0,0,0,0,0,0,0
4715,2017,2,1,0,0,0,0,1,0,1,0
4757,2015,3,3,1,0,0,0,0,0,0,0
4757,2017,3,3,2,0,0,2,0,0,0,0
4757,2018,3,2,0,0,0,0,0,0,0,1
4757,2020,3,3,0,0,0,0,0,0,1,0
4757,2022,7,7,1,1,0,0,0,0,3,0
4757,2025,6,6,3,1,0,1,0,0,2,0
4760,2020,1,1,1,0,0,0,0,0,0,0
4761,2022,3,3,3,0,0,2,0,0,0,0
4800,2016,2,2,1,0,0,0,0,0,0,0
4800,2024,1,1,0,0,0,0,0,0,0,0
4801,2012,4,3,0,0,0,0,1,0,1,0
4801,2013,14,13,4,2,0,0,1,0,4,0
4801,2018,2,2,2,0,0,1,0,0,0,0
4801,2019,2,2,1,0,0,0,0,0,0,0
4807,2021,1,0,0,0,0,0,1,0,0,0
4807,2022,2,2,2,0,0,1,0,0,0,0
4807,2024,3,3,1,0,0,0,0,0,1,0
4807,2025,1,1,1,0,0,0,0,0,0,0
4810,2015,1,1,0,0,0,0,0,0,1,0
4810,2017,5,5,0,0,0,0,0,0,2,0
4810,2018,3,3,2,1,0,0,0,0,0,0
4810,2022,2,1,0,0,0,0,1,0,0,0
4821,2019,6,6,2,0,0,0,0,0,0,0
4821,2021,3,3,2,0,0,0,0,0,0,0
4821,2022,5,5,1,0,0,0,0,0,1,0
4821,2023,3,3,2,1,0,0,0,0,0,0
4821,2024,3,3,2,0,0,0,0,0,1,0
4821,2025,3,2,2,0,0,0,1,0,0,0
4823,2013,3,3,1,0,0,0,0,0,0,0
4823,2015,3,1,0,0,0,0,1,0,0,1
4823,2016,1,1,0,0,0,0,0,0,1,0
4823,2017,2,2,0,0,0,0,0,0,0,0
4823,2020,1,0,0,0,0,0,0,0,0,1
4824,2026,3,3,0,0,0,0,0,0,1,0
4828,2021,3,2,1,0,0,0,1,0,0,0
4843,2025,1,1,0,0,0,0,0,0,0,0
4843,2026,1,0,0,0,0,0,1,0,0,0
4846,2025,1,1,0,0,0,0,0,0,0,0
4846,2026,2,2,0,0,0,0,0,0,0,0
4849,2025,1,1,0,0,0,0,0,0,0,0
4851,2022,3,3,0,0,0,0,0,0,1,0
4867,2020,2,2,1,1,0,0,0,0,0,0
4867,2021,1,1,1,0,0,0,0,0,0,0
4867,2025,1,1,1,1,0,0,0,0,0,0
4867,2026,3,2,0,0,0,0,0,0,0,1
4884,2022,1,1,0,0,0,0,0,0,0,0
4886,2018,1,1,0,0,0,0,0,0,0,0
4888,2019,1,1,0,0,0,0,0,0,1,0
4891,2025,1,1,1,0,0,0,0,0,0,0
4892,2022,1,1,1,1,0,0,0,0,0,0
4896,2012,3,3,1,0,0,0,0,0,1,0
4896,2018,3,2,2,0,0,0,1,0,0,0
4896,2019,3,3,1,0,0,0,0,0,0,0
4903,2020,1,1,0,0,0,0,0,0,1,0
4903,2026,1,1,0,0,0,0,0,0,0,0
4918,2013,3,3,0,0,0,0,0,0,0,0
4946,2013,1,1,0,0,0,0,0,0,0,0
4946,2015,1,1,0,0,0,0,0,0,0,0
4946,2016,3,3,1,0,0,1,0,0,1,0
4946,2018,1,1,0,0,0,0,0,0,0,0
4953,2025,1,1,0,0,0,0,0,0,1,0
4958,2024,4,3,1,0,0,0,1,0,1,0
4961,2019,3,3,2,0,1,0,0,0,0,0
4961,2021,2,2,1,1,0,0,0,0,0,0
4979,2018,1,1,0,0,0,0,0,0,1,0
4979,2019,1,1,0,0,0,0,0,0,1,0
4979,2024,6,6,1,0,0,0,0,0,1,0
4994,2017,2,2,2,0,0,0,0,0,0,0
4994,2018,2,1,0,0,0,0,1,0,0,0
5006,2022,3,3,2,0,0,0,0,0,0,0
5010,2025,2,2,0,0,0,0,0,0,1,0
5016,2015,4,4,0,0,0,0,0,0,1,0
5016,2016,3,3,2,1,0,0,0,0,0,0
5016,2019,3,2,2,0,0,2,1,0,0,0
5016,2023,6,5,2,1,0,1,1,0,0,0
5040,2018,3,3,2,1,0,0,0,0,0,0
5040,2020,2,2,0,0,0,0,0,0,0,0
5047,2023,1,1,1,1,0,0,0,0,0,0
5047,2024,3,3,2,0,0,0,0,0,1,0
5047,2025,1,1,0,0,0,0,0,0,0,0
5053,2012,3,3,2,0,0,2,0,0,0,0
5053,2015,3,2,0,0,0,0,1,0,1,0
5053,2016,1,1,0,0,0,0,0,0,0,0
5060,2025,1,1,0,0,0,0,0,0,1,0
5065,2023,2,2,1,0,0,1,0,0,0,0
5070,2025,1,1,0,0,0,0,0,0,1,0
5075,2019,8,7,1,0,0,1,1,0,1,0
5075,2020,2,1,0,0,0,0,0,0,0,1
5075,2022,2,2,0,0,0,0,0,0,0,0
5075,2023,1,1,1,0,0,1,0,0,0,0
5075,2024,1,1,0,0,0,0,0,0,1,0
5075,2025,1,1,0,0,0,0,0,0,0,0
5075,2026,2,2,1,0,0,0,0,0,0,0
5085,2022,1,1,1,0,0,0,0,0,0,0
5085,2024,1,0,0,0,0,0,0,0,0,1
5085,2025,2,1,1,0,0,0,1,0,0,0
5085,2026,1,1,0,0,0,0,0,0,0,0
5089,2016,2,2,0,0,0,0,0,0,0,0
5089,2017,2,2,0,0,0,0,0,0,0,0
5089,2018,1,1,1,0,0,0,0,0,0,0
5093,2012,3,3,0,0,0,0,0,0,1,0
5093,2013,8,8,4,0,0,0,0,0,1,0
5093,2015,4,4,0,0,0,0,0,0,1,0
5093,2017,3,3,1,0,0,0,0,0,1,0
5093,2018,4,3,2,0,0,0,1,0,0,0
5093,2019,5,3,0,0,0,0,2,0,2,0
5094,2014,1,1,1,0,0,0,0,0,0,0
5094,2015,1,1,1,0,0,0,0,0,0,0
5094,2019,1,1,0,0,0,0,0,0,1,0
5095,2022,1,0,0,0,0,0,1,0,0,0
5095,2026,1,0,0,0,0,0,1,0,0,0
5098,2021,2,1,0,0,0,0,0,0,0,1
5107,2021,2,2,1,0,0,0,0,0,0,0
5107,2025,5,5,2,0,0,0,0,0,0,0
5109,2017,2,2,0,0,0,0,0,0,1,0
5110,2025,3,2,2,0,0,0,1,0,0,0
5110,2026,3,2,1,0,0,1,1,0,0,0
5124,2024,2,2,0,0,0,0,0,0,1,0
5127,2024,3,3,2,1,0,0,0,0,0,0
5147,2024,1,1,0,0,0,0,0,0,0,0
5165,2024,3,3,2,0,0,2,0,0,0,0
5168,2019,3,3,0,0,0,0,0,0,0,0
5168,2021,3,3,0,0,0,0,0,0,0,0
5168,2022,6,5,1,0,0,0,1,0,0,0
5168,2023,1,1,0,0,0,0,0,0,0,0
5168,2024,1,1,0,0,0,0,0,0,1,0
5168,2026,9,8,1,1,0,0,0,0,2,0
5196,2019,1,1,0,0,0,0,0,0,0,0
5196,2021,2,1,0,0,0,0,1,0,0,0
5196,2022,1,1,0,0,0,0,0,0,0,0
5197,2024,1,1,0,0,0,0,0,0,0,0
5203,2016,1,0,0,0,0,0,1,0,0,0
5213,2016,1,1,1,0,0,1,0,0,0,0
5213,2017,2,2,1,0,0,0,0,0,1,0
5231,2023,1,1,0,0,0,0,0,0,1,0
5231,2024,1,1,0,0,0,0,0,0,0,0
5231,2026,1,1,0,0,0,0,0,0,1,0
5234,2016,1,0,0,0,0,0,1,0,0,0
5234,2019,2,1,1,0,0,0,1,0,0,0
5234,2021,1,1,1,0,0,1,0,0,0,0
5234,2024,2,2,0,0,0,0,0,0,0,0
5235,2018,2,2,0,0,0,0,0,0,0,0
5235,2019,2,2,1,0,0,1,0,0,0,0
5235,2022,3,3,1,0,0,0,0,0,0,0
5235,2023,3,3,3,0,0,1,0,0,0,0
5235,2024,3,2,0,0,0,0,1,0,0,0
5246,2013,1,1,0,0,0,0,0,0,0,0
5251,2022,1,1,0,0,0,0,0,0,1,0
5251,2023,1,1,0,0,0,0,0,0,0,0
5251,2024,1,1,1,1,0,0,0,0,0,0
5254,2014,1,1,0,0,0,0,0,0,0,0
5254,2017,1,1,0,0,0,0,0,0,0,0
5258,2012,4,4,2,0,0,0,0,0,0,0
5258,2013,7,6,3,0,0,0,0,0,0,0
5258,2014,3,3,1,0,0,0,0,0,0,0
5258,2015,4,3,2,0,0,1,1,0,0,0
5258,2016,5,5,2,0,0,1,0,0,1,0
5258,2017,1,1,0,0,0,0,0,0,0,0
5270,2012,2,1,0,0,0,0,0,0,0,1
5293,2016,2,2,0,0,0,0,0,0,1,0
5293,2017,3,3,1,0,0,0,0,0,0,0
5293,2018,2,2,1,0,1,0,0,0,0,0
5308,2023,1,1,0,0,0,0,0,0,0,0
5308,2024,1,1,0,0,0,0,0,0,0,0
5308,2026,2,1,1,0,0,1,1,0,0,0
5312,2014,6,6,2,1,0,0,0,0,1,0
5312,2015,9,9,3,0,0,2,0,0,1,0
5312,2022,2,2,0,0,0,0,0,0,1,0
5320,2015,1,1,0,0,0,0,0,0,0,0
5329,2017,1,1,0,0,0,0,0,0,1,0
5329,2018,1,1,0,0,0,0,0,0,0,0
5329,2019,2,2,0,0,0,0,0,0,2,0
5329,2021,1,1,0,0,0,0,0,0,1,0
5329,2024,2,2,0,0,0,0,0,0,0,0
5329,2025,1,1,1,0,0,1,0,0,0,0
5329,2026,2,2,1,0,0,0,0,0,1,0
5334,2024,3,3,0,0,0,0,0,0,3,0
5334,2025,6,6,1,0,0,1,0,0,3,0
5334,2026,3,3,0,0,0,0,0,0,0,0
5339,2017,1,1,0,0,0,0,0,0,0,0
5351,2024,1,1,0,0,0,0,0,0,0,0
5353,2024,1,1,1,0,0,1,0,0,0,0
5355,2026,3,3,2,1,0,0,0,0,0,0
5364,2014,4,3,1,0,0,0,1,0,1,0
5364,2015,4,3,0,0,0,0,1,0,1,0
5364,2016,3,3,1,0,0,0,0,0,0,0
5384,2019,2,2,0,0,0,0,0,0,0,0
5386,2019,1,1,0,0,0,0,0,0,1,0
5386,2021,1,1,0,0,0,0,0,0,0,0
5386,2023,1,1,0,0,0,0,0,0,0,0
5389,2018,1,1,1,0,1,0,0,0,0,0
5389,2019,3,3,1,0,0,1,0,0,0,0
5389,2021,1,1,0,0,0,0,0,0,0,0
5389,2023,1,1,0,0,0,0,0,0,0,0
5425,2022,3,3,0,0,0,0,0,0,0,0
5425,2023,1,1,0,0,0,0,0,0,0,0
5425,2026,1,1,1,0,0,0,0,0,0,0
5427,2021,1,1,1,1,0,0,0,0,0,0
5438,2012,2,1,0,0,0,0,1,0,1,0
5438,2013,2,2,0,0,0,0,0,0,1,0
5438,2014,1,1,0,0,0,0,0,0,0,0
5440,2013,1,1,0,0,0,0,0,0,0,0
5440,2019,3,2,1,1,0,0,1,0,0,0
5440,2020,2,2,1,0,0,0,0,0,0,0
5440,2021,2,1,0,0,0,0,1,0,0,0
5440,2022,2,2,0,0,0,0,0,0,1,0
5443,2023,1,1,0,0,0,0,0,0,0,0
5443,2024,2,2,0,0,0,0,0,0,1,0
5451,2021,3,3,1,0,0,1,0,0,2,0
5451,2023,2,2,0,0,0,0,0,0,0,0
5451,2026,3,3,1,0,0,0,0,0,1,0
5454,2022,1,1,0,0,0,0,0,0,1,0
5454,2023,1,1,0,0,0,0,0,0,0,0
5460,2024,2,2,1,1,0,0,0,0,0,0
5462,2012,1,1,0,0,0,0,0,0,0,0
5462,2013,1,1,0,0,0,0,0,0,0,0
5462,2017,3,2,1,0,0,0,1,0,0,0
5462,2018,2,2,0,0,0,0,0,0,1,0
5462,2019,1,1,1,0,0,0,0,0,0,0
5472,2012,2,2,2,0,0,0,0,0,0,0
5472,2013,4,4,2,1,0,0,0,0,0,0
5472,2014,1,1,0,0,0,0,0,0,0,0
5472,2015,1,1,1,0,0,1,0,0,0,0
5479,2015,1,1,0,0,0,0,0,0,1,0
5479,2016,1,1,1,0,0,0,0,0,0,0
5479,2017,1,1,0,0,0,0,0,0,0,0
5487,2015,3,3,0,0,0,0,0,0,1,0
5487,2016,3,2,0,0,0,0,1,0,0,0
5499,2024,1,1,0,0,0,0,0,0,1,0
5507,2017,2,2,2,0,0,0,0,0,0,0
5507,2018,2,2,1,0,0,0,0,0,0,0
5507,2022,1,1,0,0,0,0,0,0,0,0
5507,2024,3,3,1,1,0,0,0,0,1,0
5515,2013,6,6,1,0,0,0,0,0,0,0
5527,2018,1,1,0,0,0,0,0,0,0,0
5527,2019,2,2,1,0,0,1,0,0,1,0
5541,2018,1,1,0,0,0,0,0,0,1,0
5541,2019,1,0,0,0,0,0,1,0,0,0
5549,2016,3,3,1,0,0,0,0,0,1,0
5562,2013,6,6,2,1,0,0,0,0,2,0
5563,2014,2,2,0,0,0,0,0,0,0,0
5563,2018,1,1,0,0,0,0,0,0,1,0
5583,2023,1,1,1,0,0,0,0,0,0,0
5583,2024,1,1,0,0,0,0,0,0,1,0
5583,2026,1,1,0,0,0,0,0,0,0,0
5649,2012,1,1,0,0,0,0,0,0,0,0
5649,2013,3,2,0,0,0,0,1,0,1,0
5649,2016,1,1,0,0,0,0,0,0,0,0
5677,2017,2,2,2,0,0,2,0,0,0,0
5707,2022,5,5,4,2,0,0,0,0,1,0
5707,2023,7,7,3,1,0,1,0,0,1,0
5707,2024,1,1,0,0,0,0,0,0,0,0
5707,2025,1,1,1,0,0,0,0,0,0,0
5707,2026,1,1,0,0,0,0,0,0,0,0
5708,2026,3,3,1,1,0,0,0,0,0,0
5709,2018,2,2,1,0,0,0,0,0,0,0
5719,2016,1,1,0,0,0,0,0,0,0,0
5719,2017,3,3,0,0,0,0,0,0,1,0
5719,2018,1,0,0,0,0,0,1,0,0,0
5732,2021,2,2,0,0,0,0,0,0,1,0
5735,2022,1,1,0,0,0,0,0,0,0,0
5735,2026,1,1,0,0,0,0,0,0,1,0
5739,2013,3,2,0,0,0,0,1,0,0,0
5739,2015,8,7,0,0,0,0,0,0,0,1
5739,2016,4,4,1,1,0,0,0,0,0,0
5739,2017,3,3,1,0,0,0,0,0,1,0
5754,2026,2,2,2,0,0,1,0,0,0,0
5757,2013,3,3,1,1,0,0,0,0,0,0
5757,2014,3,3,0,0,0,0,0,0,2,0
5757,2021,2,2,1,0,0,0,0,0,0,0
5773,2015,4,4,1,1,0,0,0,0,1,0
5773,2016,1,1,1,0,0,0,0,0,0,0
5777,2023,2,1,0,0,0,0,0,1,0,0
5777,2025,2,2,0,0,0,0,0,0,1,0
5777,2026,4,4,0,0,0,0,0,0,2,0
5782,2015,7,6,1,0,0,0,1,0,0,0
5782,2016,6,5,2,1,0,0,0,0,1,1
5782,2017,4,4,3,1,0,0,0,0,0,0
5782,2018,1,1,0,0,0,0,0,0,1,0
5782,2019,3,3,0,0,0,0,0,0,0,0
5782,2020,1,1,0,0,0,0,0,0,0,0
5782,2021,2,2,1,0,0,0,0,0,1,0
5782,2023,1,1,1,0,0,0,0,0,0,0
5782,2024,3,3,1,0,0,0,0,0,0,0
5786,2024,1,1,1,0,0,0,0,0,0,0
5786,2026,1,1,1,0,0,0,0,0,0,0
5788,2019,14,12,2,0,0,0,1,0,4,1
5788,2020,6,5,1,1,0,0,1,0,0,0
5788,2021,8,7,1,0,0,0,1,0,0,0
5788,2022,8,8,1,0,0,0,0,0,3,0
5788,2023,3,3,1,0,0,1,0,0,0,0
5788,2024,3,3,1,0,0,0,0,0,1,0
5788,2025,6,6,0,0,0,0,0,0,4,0
5788,2026,3,3,2,0,0,1,0,0,0,0
5789,2021,5,3,1,0,0,1,2,0,2,0
5789,2022,3,3,1,0,0,0,0,0,1,0
5789,2023,3,3,1,0,0,0,0,0,1,0
5789,2024,3,2,0,0,0,0,1,0,0,0
5789,2025,6,6,2,1,0,0,0,0,1,0
5797,2013,3,3,1,0,0,0,0,0,1,0
5797,2014,1,1,1,0,0,0,0,0,0,0
5797,2018,3,3,0,0,0,0,0,0,0,0
5799,2022,1,1,0,0,0,0,0,0,1,0
5803,2024,1,1,0,0,0,0,0,0,1,0
5815,2017,3,3,2,0,0,1,0,0,0,0
5817,2018,3,3,1,0,0,1,0,0,0,0
5819,2017,3,3,2,1,0,0,0,0,0,0
5819,2018,3,2,1,0,0,1,1,0,1,0
5819,2021,2,2,1,0,0,1,0,0,1,0
5819,2022,2,2,1,0,0,0,0,0,0,0
5829,2026,1,0,0,0,0,0,1,0,0,0
5839,2025,2,2,1,0,0,0,0,0,1,0
5839,2026,2,1,0,0,0,0,1,0,0,0
5844,2024,2,2,1,0,0,0,0,0,0,0
5845,2019,15,15,5,0,0,2,0,0,2,0
5845,2020,3,3,0,0,0,0,0,0,0,0
5845,2021,9,9,2,0,0,0,0,0,4,0
5845,2022,5,5,1,0,0,0,0,0,1,0
5845,2023,3,2,2,0,0,0,1,0,0,0
5845,2024,2,2,0,0,0,0,0,0,0,0
5845,2025,2,2,0,0,0,0,0,0,1,0
5851,2013,3,3,0,0,0,0,0,0,0,0
5851,2014,3,3,2,0,0,0,0,0,0,0
5851,2015,7,6,2,0,0,0,1,0,0,0
5851,2016,3,3,1,0,0,0,0,0,1,0
5851,2017,3,3,0,0,0,0,0,0,0,0
5851,2018,3,3,0,0,0,0,0,0,0,0
5851,2019,3,3,2,0,0,1,0,0,0,0
5869,2019,3,3,0,0,0,0,0,0,1,0
5869,2020,6,5,2,0,0,2,1,0,0,0
5869,2025,3,2,2,0,0,0,1,0,0,0
5869,2026,3,3,0,0,0,0,0,0,0,0
5873,2022,3,1,1,0,0,0,2,0,0,0
5873,2026,1,1,0,0,0,0,0,0,1,0
5881,2021,2,2,0,0,0,0,0,0,0,0
5883,2016,3,2,0,0,0,0,1,0,2,0
5883,2017,4,4,0,0,0,0,0,0,1,0
5883,2018,1,1,0,0,0,0,0,0,0,0
5883,2019,1,1,0,0,0,0,0,0,0,0
5883,2022,3,3,0,0,0,0,0,0,2,0
5883,2023,2,2,0,0,0,0,0,0,1,0
5888,2025,1,1,0,0,0,0,0,0,0,0
5888,2026,1,1,0,0,0,0,0,0,0,0
5896,2025,1,1,1,0,0,0,0,0,0,0
5905,2020,2,1,0,0,0,0,1,0,0,0
5905,2021,4,4,2,0,1,1,0,0,0,0
5905,2023,1,1,0,0,0,0,0,0,0,0
5905,2024,2,2,1,0,0,1,0,0,0,0
5905,2026,1,1,1,0,0,0,0,0,0,0
5907,2012,1,1,0,0,0,0,0,0,0,0
5911,2014,2,2,1,0,0,0,0,0,0,0
5911,2016,1,1,1,0,0,0,0,0,0,0
5911,2017,2,2,0,0,0,0,0,0,0,0
5911,2018,1,1,0,0,0,0,0,0,0,0
5911,2019,1,1,0,0,0,0,0,0,0,0
5917,2023,3,3,2,0,0,0,0,0,0,0
5917,2024,3,3,1,0,0,1,0,0,1,0
5917,2026,3,3,1,1,0,0,0,0,1,0
5924,2012,1,1,0,0,0,0,0,0,0,0
5929,2018,2,2,1,1,0,0,0,0,0,0
5929,2024,3,3,0,0,0,0,0,0,1,0
5939,2024,1,1,0,0,0,0,0,0,0,0
5939,2026,3,3,0,0,0,0,0,0,2,0
5944,2019,1,1,0,0,0,0,0,0,0,0
5953,2013,3,3,1,0,0,0,0,0,2,0
5953,2015,4,4,1,0,0,0,0,0,1,0
5953,2016,3,3,1,0,0,0,0,0,0,0
5953,2017,3,3,0,0,0,0,0,0,0,0
5953,2018,3,3,3,0,0,2,0,0,0,0
5958,2024,2,2,0,0,0,0,0,0,1,0
5961,2018,3,3,1,0,0,1,0,0,1,0
5961,2021,2,2,1,0,0,0,0,0,0,0
5961,2022,1,1,0,0,0,0,0,0,0,0
5988,2018,2,2,0,0,0,0,0,0,0,0
5988,2023,2,2,1,0,0,0,0,0,0,0
5990,2015,3,2,0,0,0,0,1,0,0,0
5990,2017,2,2,1,0,0,0,0,0,0,0
5992,2024,1,1,0,0,0,0,0,0,0,0
5992,2025,1,1,0,0,0,0,0,0,1,0
5996,2013,2,2,0,0,0,0,0,0,1,0
6010,2016,1,1,0,0,0,0,0,0,0,0
6017,2025,1,0,0,0,0,0,1,0,0,0
6055,2023,3,3,0,0,0,0,0,0,1,0
6055,2024,3,3,1,0,0,0,0,0,0,0
6055,2026,3,1,0,0,0,0,2,0,0,0
6062,2025,1,1,0,0,0,0,0,0,0,0
6091,2017,4,4,0,0,0,0,0,0,2,0
6091,2021,3,2,1,0,0,0,1,0,1,0
6091,2022,12,11,8,2,0,2,1,0,0,0
6091,2023,1,1,0,0,0,0,0,0,0,0
6092,2026,2,1,0,0,0,0,1,0,0,0
6099,2012,3,3,1,0,0,0,0,0,1,0
6099,2013,12,12,3,1,0,1,0,0,2,0
6099,2014,5,5,0,0,0,0,0,0,2,0
6118,2013,15,15,6,1,0,2,0,0,0,0
6118,2014,7,7,3,0,0,0,0,0,3,0
6127,2012,2,2,0,0,0,0,0,0,0,0
6152,2022,1,1,0,0,0,0,0,0,0,0
6155,2019,8,7,1,0,0,0,1,0,0,0
6155,2023,3,3,1,0,0,0,0,0,0,0
6155,2024,3,3,2,1,0,0,0,0,0,0
6155,2026,3,3,1,0,0,0,0,0,1,0
6157,2023,4,4,0,0,0,0,0,0,2,0
6177,2023,1,1,0,0,0,0,0,0,1,0
6177,2026,1,1,0,0,0,0,0,0,0,0
6197,2025,1,1,0,0,0,0,0,0,0,0
6229,2016,3,3,2,0,0,0,0,0,0,0
6230,2025,2,2,0,0,0,0,0,0,0,0
6230,2026,1,1,0,0,0,0,0,0,0,0
6233,2018,3,3,0,0,0,0,0,0,1,0
6233,2022,3,3,0,0,0,0,0,0,0,0
6233,2023,3,2,1,0,0,0,1,0,0,0
6240,2016,1,1,0,0,0,0,0,0,0,0
6240,2019,1,1,0,0,0,0,0,0,0,0
6240,2024,3,3,1,1,0,0,0,0,1,0
6251,2017,3,3,2,0,0,1,0,0,0,0
6251,2023,2,1,0,0,0,0,1,0,0,0
6253,2022,1,0,0,0,0,0,1,0,0,0
6253,2023,2,2,0,0,0,0,0,0,2,0
6253,2024,4,4,1,0,0,0,0,0,1,0
6261,2014,1,1,0,0,0,0,0,0,0,0
6261,2016,1,1,1,0,0,0,0,0,0,0
6261,2017,1,0,0,0,0,0,1,0,0,0
6263,2025,2,2,1,0,0,1,0,0,1,0
6271,2013,1,1,0,0,0,0,0,0,0,0
6272,2024,1,1,0,0,0,0,0,0,0,0
6272,2025,2,2,1,1,0,0,0,0,1,0
6272,2026,6,5,1,1,0,0,0,0,1,1
6273,2018,3,3,1,0,0,1,0,0,1,0
6273,2019,3,2,0,0,0,0,1,0,0,0
6276,2025,1,1,0,0,0,0,0,0,0,0
6276,2026,1,1,0,0,0,0,0,0,0,0
6279,2016,3,3,0,0,0,0,0,0,1,0
6279,2017,1,1,0,0,0,0,0,0,0,0
6279,2018,6,6,2,0,0,1,0,0,0,0
6279,2019,2,2,0,0,0,0,0,0,0,0
6280,2017,2,1,0,0,0,0,1,0,0,0
6280,2023,1,1,0,0,0,0,0,0,0,0
6280,2024,1,1,0,0,0,0,0,0,0,0
6280,2025,1,1,0,0,0,0,0,0,0,0
6294,2025,1,1,0,0,0,0,0,0,0,0
6299,2023,3,3,0,0,0,0,0,0,0,0
6299,2024,1,1,0,0,0,0,0,0,0,0
6299,2025,2,2,1,0,0,1,0,0,0,0
6299,2026,1,1,0,0,0,0,0,0,1,0
6323,2023,1,1,0,0,0,0,0,0,1,0
6323,2025,2,2,0,0,0,0,0,0,1,0
6323,2026,2,2,1,0,0,0,0,0,0,0
6333,2025,2,2,0,0,0,0,0,0,2,0
6335,2023,1,1,0,0,0,0,0,0,1,0
6335,2026,1,0,0,0,0,0,1,0,0,0
6352,2015,1,1,1,0,0,0,0,0,0,0
6356,2014,1,1,0,0,0,0,0,0,0,0
6356,2016,1,1,1,0,0,0,0,0,0,0
6356,2017,6,5,0,0,0,0,1,0,2,0
6356,2018,2,2,0,0,0,0,0,0,0,0
6356,2019,1,1,0,0,0,0,0,0,0,0
6356,2021,3,3,0,0,0,0,0,0,1,0
6356,2022,2,2,0,0,0,0,0,0,0,0
6378,2012,3,3,0,0,0,0,0,0,0,0
6378,2013,9,8,3,2,0,0,1,0,0,0
6378,2019,4,4,2,0,0,1,0,0,1,0
6378,2021,2,0,0,0,0,0,2,0,0,0
6386,2014,3,2,1,0,0,0,1,0,1,0
6386,2015,3,3,1,0,0,1,0,0,0,0
6386,2016,4,4,1,0,0,1,0,0,2,0
6406,2016,1,1,0,0,0,0,0,0,1,0
6408,2023,1,1,1,0,0,1,0,0,0,0
6408,2025,5,4,1,0,0,0,0,1,0,0
6408,2026,3,2,0,0,0,0,1,0,0,0
6429,2012,2,2,0,0,0,0,0,0,0,0
6429,2013,1,1,1,0,0,0,0,0,0,0
6431,2016,3,3,0,0,0,0,0,0,0,0
6440,2013,3,3,3,0,1,0,0,0,0,0
6444,2013,3,3,0,0,0,0,0,0,1,0
6461,2012,2,2,1,0,0,0,0,0,1,0
6461,2014,3,3,1,0,0,0,0,0,1,0
6461,2016,3,3,0,0,0,0,0,0,2,0
6461,2017,3,2,0,0,0,0,1,0,0,0
6461,2018,6,5,2,0,0,0,1,0,0,0
6461,2019,2,2,1,1,0,0,0,0,0,0
6470,2025,1,1,0,0,0,0,0,0,0,0
6473,2025,2,2,0,0,0,0,0,0,0,0
6476,2024,1,1,0,0,0,0,0,0,0,0
6482,2021,3,2,1,1,0,0,0,0,0,1
6482,2022,5,4,3,1,1,0,1,0,1,0
6482,2023,2,2,0,0,0,0,0,0,0,0
6482,2025,5,4,0,0,0,0,0,0,1,1
6482,2026,3,3,0,0,0,0,0,0,0,0
6483,2024,3,3,0,0,0,0,0,0,0,0
6483,2025,3,3,2,0,0,0,0,0,0,0
6488,2022,3,3,1,1,0,0,0,0,1,0
6493,2026,5,5,0,0,0,0,0,0,1,0
6507,2020,1,1,1,0,0,1,0,0,0,0
6509,2022,3,3,2,0,0,1,0,0,0,0
6509,2024,3,3,0,0,0,0,0,0,1,0
6509,2025,5,4,0,0,0,0,1,0,1,0
6509,2026,3,1,0,0,0,0,1,0,0,1
6518,2012,1,1,1,0,0,0,0,0,0,0
6522,2014,3,3,1,0,0,0,0,0,0,0
6547,2022,1,1,1,0,0,1,0,0,0,0
6547,2025,1,0,0,0,0,0,1,0,0,0
6569,2013,1,1,1,1,0,0,0,0,0,0
6571,2023,1,0,0,0,0,0,0,0,0,1
6574,2026,2,1,0,0,0,0,0,0,0,1
6585,2022,7,6,3,1,0,0,1,0,1,0
6585,2023,3,3,0,0,0,0,0,0,0,0
6588,2016,2,2,0,0,0,0,0,0,2,0
6588,2022,1,1,0,0,0,0,0,0,0,0
6588,2024,6,6,3,1,0,0,0,0,2,0
6588,2025,3,3,0,0,0,0,0,0,1,0
6588,2026,3,3,1,0,0,1,0,0,1,0
6592,2018,1,1,1,1,0,0,0,0,0,0
6592,2019,2,2,0,0,0,0,0,0,1,0
6592,2021,2,1,0,0,0,0,1,0,0,0
6593,2025,2,2,0,0,0,0,0,0,0,0
6593,2026,2,2,0,0,0,0,0,0,0,0
6595,2017,1,1,0,0,0,0,0,0,1,0
6595,2018,1,1,1,1,0,0,0,0,0,0
6595,2019,3,3,1,0,0,0,0,0,0,0
6595,2023,3,2,1,0,0,0,1,0,0,0
6595,2025,3,3,0,0,0,0,0,0,1,0
6595,2026,2,2,1,0,0,0,0,0,0,0
6601,2013,4,4,2,0,1,0,0,0,0,0
6601,2014,1,0,0,0,0,0,1,0,0,0
6601,2015,4,4,1,0,0,0,0,0,1,0
6601,2017,1,1,1,0,0,0,0,0,0,0
6604,2024,2,2,1,0,0,0,0,0,0,0
6612,2012,3,3,2,0,0,0,0,0,1,0
6617,2014,2,1,0,0,0,0,1,0,0,0
6617,2015,1,1,1,0,0,0,0,0,0,0
6633,2018,2,2,1,0,0,1,0,0,0,0
6633,2021,4,4,2,0,0,1,0,0,0,0
6633,2025,1,1,1,0,0,0,0,0,0,0
6646,2012,2,2,1,0,0,0,0,0,1,0
6646,2023,2,2,1,0,0,0,0,0,1,0
6652,2018,1,1,0,0,0,0,0,0,0,0
6652,2019,1,1,0,0,0,0,0,0,0,0
6652,2021,2,2,0,0,0,0,0,0,1,0
6652,2022,2,1,0,0,0,0,1,0,0,0
6652,2025,3,3,0,0,0,0,0,0,1,0
6652,2026,3,2,0,0,0,0,1,0,0,0
6672,2020,3,3,1,0,0,0,0,0,1,0
6672,2022,3,2,2,0,0,2,1,0,0,0
6672,2023,2,2,0,0,0,0,0,0,2,0
6672,2024,3,2,0,0,0,0,1,0,1,0
6672,2026,3,3,0,0,0,0,0,0,1,0
6676,2013,3,3,2,0,0,0,0,0,0,0
6676,2016,1,1,0,0,0,0,0,0,0,0
6676,2019,3,3,1,0,0,0,0,0,1,0
6676,2020,2,2,0,0,0,0,0,0,0,0
6676,2021,2,2,0,0,0,0,0,0,1,0
6678,2022,3,3,2,0,0,0,0,0,0,0
6682,2014,3,3,2,0,0,0,0,0,1,0
6682,2017,3,2,0,0,0,0,1,0,1,0
6682,2018,3,2,1,0,0,0,1,0,0,0
6682,2020,3,3,1,1,0,0,0,0,1,0
6682,2022,3,3,0,0,0,0,0,0,1,0
6682,2023,6,5,1,0,0,0,1,0,2,0
6685,2012,1,1,1,0,0,0,0,0,0,0
6688,2017,2,2,1,1,0,0,0,0,0,0
6702,2021,3,2,2,1,0,0,1,0,0,0
6707,2015,1,1,0,0,0,0,0,0,0,0
6740,2024,2,2,0,0,0,0,0,0,0,0
6749,2016,1,0,0,0,0,0,1,0,0,0
6751,2016,3,2,1,0,0,1,1,0,0,0
6751,2019,14,12,1,1,0,0,2,0,2,0
6757,2020,1,1,1,0,0,1,0,0,0,0
6773,2019,3,3,1,0,0,0,0,0,1,0
6773,2022,3,3,2,1,0,0,0,0,0,0
6773,2026,3,2,0,0,0,0,1,0,1,0
6810,2017,1,1,1,1,0,0,0,0,0,0
6810,2018,2,2,0,0,0,0,0,0,0,0
6810,2020,3,3,2,0,0,0,0,0,0,0
6810,2021,5,5,1,1,0,0,0,0,1,0
6810,2023,7,6,3,1,0,0,1,0,1,0
6810,2024,2,2,0,0,0,0,0,0,2,0
6810,2025,4,4,1,0,0,0,0,0,1,0
6810,2026,1,1,0,0,0,0,0,0,1,0
6824,2023,1,1,0,0,0,0,0,0,1,0
6826,2023,2,1,0,0,0,0,1,0,0,0
6830,2016,2,2,0,0,0,0,0,0,1,0
6833,2021,1,1,0,0,0,0,0,0,0,0
6833,2023,1,0,0,0,0,0,1,0,0,0
6833,2024,1,1,0,0,0,0,0,0,0,0
6849,2015,3,3,0,0,0,0,0,0,1,0
6873,2018,3,3,1,0,0,0,0,0,1,0
6873,2019,10,9,5,1,0,0,1,0,3,0
6873,2020,3,2,0,0,0,0,0,0,0,1
6873,2021,9,8,1,0,0,0,1,0,2,0
6873,2022,6,5,4,0,0,1,1,0,1,0
6873,2023,3,2,1,0,0,0,0,0,1,1
6873,2025,6,6,1,1,0,0,0,0,0,0
6876,2013,3,3,2,1,0,0,0,0,0,0
6882,2024,3,0,0,0,0,0,3,0,0,0
6902,2023,2,2,0,0,0,0,0,0,1,0
6907,2021,1,1,0,0,0,0,0,0,1,0
6914,2017,3,2,0,0,0,0,0,0,1,1
6914,2019,1,1,0,0,0,0,0,0,0,0
6915,2015,3,2,1,0,0,0,1,0,0,0
6915,2021,1,1,0,0,0,0,0,0,0,0
6915,2022,8,8,3,1,0,0,0,0,4,0
6915,2024,1,1,0,0,0,0,0,0,0,0
6915,2025,1,1,1,0,0,0,0,0,0,0
6917,2021,1,1,1,0,0,0,0,0,0,0
6917,2022,2,2,0,0,0,0,0,0,2,0
6923,2022,3,3,0,0,0,0,0,0,2,0
6923,2025,3,3,0,0,0,0,0,0,1,0
6928,2017,1,1,0,0,0,0,0,0,0,0
6943,2023,2,2,0,0,0,0,0,0,1,0
6943,2024,2,2,0,0,0,0,0,0,2,0
6961,2014,3,3,1,1,0,0,0,0,0,0
6961,2015,3,3,0,0,0,0,0,0,1,0
6961,2024,5,5,3,3,0,0,0,0,1,0
6961,2025,3,3,0,0,0,0,0,0,1,0
6961,2026,3,3,1,0,0,0,0,0,0,0
6988,2022,1,1,1,0,0,0,0,0,0,0
6988,2024,1,1,0,0,0,0,0,0,0,0
7003,2013,4,4,1,1,0,0,0,0,1,0
7003,2014,5,4,2,0,0,1,0,1,0,0
7003,2015,5,4,1,1,0,0,1,0,0,0
7039,2018,2,2,0,0,0,0,0,0,2,0
7039,2023,2,2,0,0,0,0,0,0,1,0
7039,2024,2,2,0,0,0,0,0,0,0,0
7049,2026,1,1,1,0,0,0,0,0,0,0
7054,2024,3,3,0,0,0,0,0,0,0,0
7054,2025,3,3,0,0,0,0,0,0,2,0
7058,2025,1,1,0,0,0,0,0,0,0,0
7058,2026,1,1,0,0,0,0,0,0,0,0
7059,2021,1,0,0,0,0,0,1,0,0,0
7059,2022,1,1,1,0,0,0,0,0,0,0
7061,2013,4,4,1,1,0,0,0,0,1,0
7061,2014,1,1,1,0,0,0,0,0,0,0
7061,2017,1,1,0,0,0,0,0,0,0,0
7077,2019,6,6,1,0,0,0,0,0,0,0
7077,2020,9,9,3,1,0,1,0,0,2,0
7077,2021,3,3,0,0,0,0,0,0,1,0
7077,2022,6,4,3,0,0,1,2,0,1,0
7077,2023,6,6,0,0,0,0,0,0,2,0
7077,2025,3,3,2,1,0,0,0,0,0,0
7077,2026,9,9,1,0,0,0,0,0,2,0
7086,2015,3,3,0,0,0,0,0,0,0,0
7086,2016,1,1,0,0,0,0,0,0,1,0
7092,2020,1,1,0,0,0,0,0,0,0,0
7092,2021,2,2,1,0,0,0,0,0,0,0
7101,2023,1,1,0,0,0,0,0,0,0,0
7110,2014,1,1,0,0,0,0,0,0,0,0
7111,2013,3,3,1,0,0,1,0,0,1,0
7111,2015,2,2,0,0,0,0,0,0,1,0
7111,2016,1,1,1,1,0,0,0,0,0,0
7111,2018,1,1,0,0,0,0,0,0,0,0
7117,2024,1,1,1,0,0,0,0,0,0,0
7126,2018,2,2,0,0,0,0,0,0,0,0
7132,2023,1,1,0,0,0,0,0,0,0,0
7137,2018,1,1,1,0,0,0,0,0,0,0
7154,2023,3,3,0,0,0,0,0,0,0,0
7154,2026,3,3,0,0,0,0,0,0,2,0
7176,2015,4,4,0,0,0,0,0,0,1,0
7176,2016,3,0,0,0,0,0,3,0,0,0
7176,2017,6,5,0,0,0,0,1,0,3,0
7176,2018,2,2,0,0,0,0,0,0,1,0
7176,2020,3,3,2,0,0,0,0,0,0,0
7201,2026,3,3,0,0,0,0,0,0,0,0
7207,2019,1,1,1,0,0,0,0,0,0,0
7211,2012,2,2,0,0,0,0,0,0,2,0
7211,2013,5,4,1,0,0,0,0,1,2,0
7211,2014,2,2,0,0,0,0,0,0,1,0
7211,2015,1,1,0,0,0,0,0,0,1,0
7211,2019,1,1,1,0,0,1,0,0,0,0
7211,2021,1,0,0,0,0,0,1,0,0,0
7211,2022,2,1,0,0,0,0,1,0,0,0
7220,2013,1,1,0,0,0,0,0,0,1,0
7220,2014,3,2,1,0,0,0,1,0,0,0
7220,2015,2,2,1,0,0,1,0,0,0,0
7222,2021,1,1,0,0,0,0,0,0,1,0
7223,2023,3,3,0,0,0,0,0,0,1,0
7223,2024,2,2,0,0,0,0,0,0,0,0
7226,2025,6,6,4,2,0,0,0,0,0,0
7226,2026,3,3,0,0,0,0,0,0,1,0
7233,2018,2,2,1,0,0,1,0,0,0,0
7239,2014,3,3,0,0,0,0,0,0,0,0
7239,2015,6,6,3,0,0,0,0,0,1,0
7239,2016,5,5,2,1,0,1,0,0,3,0
7239,2017,3,2,1,0,0,0,1,0,0,0
7239,2022,1,1,0,0,0,0,0,0,1,0
7242,2019,3,2,0,0,0,0,1,0,0,0
7250,2025,1,1,0,0,0,0,0,0,0,0
7267,2026,6,5,1,0,0,0,1,0,1,0
7308,2023,1,1,0,0,0,0,0,0,0,0
7308,2024,1,1,0,0,0,0,0,0,0,0
7308,2025,1,1,0,0,0,0,0,0,0,0
7314,2023,1,1,1,0,0,0,0,0,0,0
7314,2026,1,1,0,0,0,0,0,0,0,0
7318,2026,1,1,0,0,0,0,0,0,0,0
7321,2013,1,1,0,0,0,0,0,0,1,0
7321,2014,3,2,1,0,0,0,0,0,0,1
7322,2015,3,3,1,1,0,0,0,0,0,0
7322,2016,3,3,2,1,0,0,0,0,0,0
7327,2022,1,1,0,0,0,0,0,0,0,0
7327,2023,2,2,0,0,0,0,0,0,1,0
7327,2025,1,1,0,0,0,0,0,0,0,0
7327,2026,1,1,0,0,0,0,0,0,1,0
7328,2023,3,2,0,0,0,0,1,0,1,0
7328,2024,2,2,1,0,0,0,0,0,1,0
7332,2017,3,3,2,1,0,0,0,0,1,0
7339,2025,1,1,1,0,0,0,0,0,0,0
7339,2026,6,5,2,0,0,0,1,0,1,0
7345,2012,2,2,0,0,0,0,0,0,0,0
7345,2016,1,1,0,0,0,0,0,0,0,0
7345,2018,2,2,1,0,1,0,0,0,1,0
7345,2019,2,2,1,0,0,0,0,0,0,0
7345,2022,4,4,0,0,0,0,0,0,0,0
7360,2019,3,3,0,0,0,0,0,0,2,0
7368,2012,3,3,1,1,0,0,0,0,0,0
7368,2013,5,5,1,0,0,0,0,0,0,0
7375,2019,1,1,1,1,0,0,0,0,0,0
7375,2020,1,1,0,0,0,0,0,0,0,0
7379,2018,2,2,0,0,0,0,0,0,1,0
7401,2025,1,1,0,0,0,0,0,0,0,0
7433,2024,3,3,0,0,0,0,0,0,0,0
7433,2025,3,3,1,0,0,0,0,0,0,0
7442,2017,1,1,1,0,0,1,0,0,0,0
7442,2022,1,1,0,0,0,0,0,0,0,0
7447,2013,2,2,1,0,0,0,0,0,0,0
7449,2019,3,3,1,0,0,1,0,0,0,0
7449,2021,3,3,1,1,0,0,0,0,0,0
7449,2022,3,2,0,0,0,0,1,0,2,0
7449,2023,3,3,1,0,0,0,0,0,0,0
7449,2024,6,6,1,0,0,1,0,0,1,0
7449,2025,3,3,2,0,0,0,0,0,0,0
7456,2013,3,3,1,0,0,0,0,0,0,0
7456,2015,5,4,2,0,0,1,1,0,0,0
7456,2016,3,2,0,0,0,0,1,0,0,0
7456,2018,6,3,1,0,0,0,3,0,0,0
7456,2021,3,3,1,0,0,1,0,0,0,0
7456,2022,2,1,0,0,0,0,1,0,0,0
7456,2023,3,3,1,0,0,0,0,0,2,0
7456,2024,2,1,0,0,0,0,1,0,0,0
7459,2013,2,2,0,0,0,0,0,0,0,0
7459,2015,3,3,0,0,0,0,0,0,2,0
7459,2016,2,2,0,0,0,0,0,0,0,0
7459,2017,2,2,1,1,0,0,0,0,0,0
7459,2018,1,1,1,0,0,0,0,0,0,0
7459,2019,1,1,1,0,0,1,0,0,0,0
7460,2022,1,1,1,0,0,0,0,0,0,0
7460,2023,1,1,1,0,0,1,0,0,0,0
7461,2015,3,2,0,0,0,0,1,0,0,0
7464,2024,2,2,0,0,0,0,0,0,0,0
7464,2025,3,3,0,0,0,0,0,0,0,0
7465,2023,2,2,0,0,0,0,0,0,0,0
7477,2024,2,0,0,0,0,0,2,0,0,0
7484,2012,1,1,0,0,0,0,0,0,0,0
7485,2014,1,1,0,0,0,0,0,0,0,0
7485,2018,2,2,0,0,0,0,0,0,1,0
7485,2019,1,0,0,0,0,0,0,1,0,0
7485,2021,1,1,0,0,0,0,0,0,0,0
7510,2016,3,3,1,0,0,0,0,0,0,0
7519,2023,1,1,0,0,0,0,0,0,0,0
7519,2024,1,0,0,0,0,0,1,0,0,0
7519,2025,1,0,0,0,0,0,0,0,0,1
7521,2012,2,2,2,0,0,0,0,0,0,0
7521,2013,3,3,1,1,0,0,0,0,0,0
7521,2014,3,3,2,0,0,1,0,0,1,0
7521,2015,6,6,1,0,0,0,0,0,0,0
7524,2017,1,1,1,0,0,0,0,0,0,0
7532,2017,1,1,0,0,0,0,0,0,0,0
7532,2018,5,4,2,0,0,2,1,0,1,0
7532,2020,4,3,2,0,0,1,1,0,0,0
7536,2018,1,1,0,0,0,0,0,0,1,0
7536,2023,2,2,1,0,0,0,0,0,1,0
7536,2026,1,1,0,0,0,0,0,0,0,0
7541,2017,3,3,0,0,0,0,0,0,1,0
7547,2022,2,2,0,0,0,0,0,0,0,0
7547,2023,1,1,1,0,0,0,0,0,0,0
7548,2026,3,3,0,0,0,0,0,0,0,0
7551,2015,2,0,0,0,0,0,2,0,0,0
7551,2017,4,2,0,0,0,0,2,0,1,0
7567,2024,3,3,0,0,0,0,0,0,1,0
7585,2026,1,0,0,0,0,0,1,0,0,0
7592,2026,1,1,0,0,0,0,0,0,1,0
7594,2026,1,0,0,0,0,0,1,0,0,0
7606,2026,1,1,0,0,0,0,0,0,1,0
7609,2026,1,1,1,0,0,0,0,0,0,0
7610,2026,1,1,0,0,0,0,0,0,0,0
7620,2026,1,1,0,0,0,0,0,0,0,0
7628,2026,1,1,0,0,0,0,0,0,1,0
7630,2026,3,2,0,0,0,0,1,0,1,0
7631,2026,1,1,0,0,0,0,0,0,0,0
7636,2026,2,2,0,0,0,0,0,0,0,0
7639,2026,1,1,0,0,0,0,0,0,0,0
7650,2026,3,3,1,0,0,0,0,0,1,0
7654,2026,3,3,2,0,0,0,0,0,0,0
7663,2026,1,0,0,0,0,0,1,0,0,0
7665,2026,1,1,0,0,0,0,0,0,0,0
7668,2026,3,3,1,0,0,0,0,0,0,0
7670,2026,3,3,0,0,0,0,0,0,2,0
7675,2026,1,1,0,0,0,0,0,0,1,0
7686,2026,1,1,0,0,0,0,0,0,1,0
7688,2026,1,1,0,0,0,0,0,0,0,0
7695,2026,3,3,0,0,0,0,0,0,0,0
7697,2026,2,1,0,0,0,0,1,0,1,0
7707,2026,1,1,0,0,0,0,0,0,1,0
7714,2026,1,0,0,0,0,0,1,0,0,0
7715,2026,1,1,0,0,0,0,0,0,0,0
7716,2026,1,1,0,0,0,0,0,0,0,0
7742,2026,1,1,0,0,0,0,0,0,1,0
7744,2026,3,3,0,0,0,0,0,0,1,0
7758,2026,1,1,0,0,0,0,0,0,0,0
7760,2026,3,2,0,0,0,0,1,0,0,0
7761,2026,5,5,1,0,0,1,0,0,1,0
7766,2026,3,3,0,0,0,0,0,0,0,0
7773,2026,1,1,1,0,0,1,0,0,0,0
7777,2026,2,1,0,0,0,0,1,0,0,0
7784,2026,3,3,2,0,0,0,0,0,1,0
7788,2026,3,3,0,0,0,0,0,0,1,0
7818,2026,1,1,0,0,0,0,0,0,0,0
7825,2023,1,1,0,0,0,0,0,0,0,0
7839,2024,1,1,1,1,0,0,0,0,0,0
7839,2025,1,1,0,0,0,0,0,0,1,0
7839,2026,2,2,0,0,0,0,0,0,0,0
7849,2024,1,1,0,0,0,0,0,0,0,0
7849,2026,1,1,0,0,0,0,0,0,1,0
7877,2021,3,3,0,0,0,0,0,0,3,0
7877,2024,3,3,1,1,0,0,0,0,1,0
7877,2025,3,2,1,0,0,0,0,1,0,0
7881,2017,12,9,1,0,0,0,3,0,2,0
7881,2018,3,3,0,0,0,0,0,0,1,0
7883,2024,3,3,1,0,0,0,0,0,0,0
7883,2025,3,2,1,0,0,0,1,0,0,0
7887,2016,1,1,0,0,0,0,0,0,0,0
7887,2017,3,3,2,1,0,0,0,0,0,0
7888,2026,1,1,0,0,0,0,0,0,1,0
7895,2020,1,1,1,0,0,1,0,0,0,0
7895,2023,1,1,0,0,0,0,0,0,0,0
7926,2012,2,2,1,0,0,0,0,0,0,0
7926,2013,10,8,2,1,1,0,1,1,0,0
7926,2015,6,6,0,0,0,0,0,0,1,0
7926,2016,9,9,1,0,0,0,0,0,1,0
7926,2021,2,2,1,0,0,1,0,0,0,0
7941,2013,2,2,1,0,0,0,0,0,0,0
7941,2015,1,1,1,0,0,1,0,0,0,0
7945,2022,1,1,0,0,0,0,0,0,1,0
7961,2022,1,1,1,1,0,0,0,0,0,0
7961,2023,1,1,0,0,0,0,0,0,0,0
7974,2018,1,1,1,0,0,0,0,0,0,0
7976,2025,1,1,1,0,0,0,0,0,0,0
7985,2025,1,1,0,0,0,0,0,0,1,0
7985,2026,2,2,0,0,0,0,0,0,0,0
7987,2014,2,2,0,0,0,0,0,0,1,0
7987,2016,1,1,1,0,0,0,0,0,0,0
7987,2019,1,1,1,0,0,0,0,0,0,0
7988,2021,1,1,1,1,0,0,0,0,0,0
7996,2019,3,3,0,0,0,0,0,0,1,0
7996,2021,2,2,0,0,0,0,0,0,0,0
7996,2022,2,2,0,0,0,0,0,0,0,0
7997,2018,2,2,1,0,0,0,0,0,0,0
7999,2012,4,4,1,1,0,0,0,0,1,0
7999,2013,7,7,3,3,0,0,0,0,0,0
8000,2014,2,2,0,0,0,0,0,0,1,0
8000,2015,2,2,1,1,0,0,0,0,1,0
8001,2023,2,2,0,0,0,0,0,0,1,0
8015,2018,3,3,0,0,0,0,0,0,1,0
8015,2022,6,6,3,0,0,0,0,0,1,0
8015,2023,6,6,1,0,0,0,0,0,1,0
8016,2012,4,4,0,0,0,0,0,0,2,0
8016,2013,1,1,1,0,0,0,0,0,0,0
8020,2013,1,1,0,0,0,0,0,0,0,0
8052,2017,1,1,0,0,0,0,0,0,1,0
8052,2018,2,2,2,0,0,1,0,0,0,0
8058,2014,1,1,0,0,0,0,0,0,0,0
8058,2015,5,5,2,0,0,0,0,0,1,0
8058,2017,1,1,0,0,0,0,0,0,0,0
8059,2020,2,2,2,1,0,0,0,0,0,0
8066,2021,2,1,0,0,0,0,1,0,0,0
8078,2022,1,1,0,0,0,0,0,0,1,0
8078,2023,1,1,0,0,0,0,0,0,0,0
8078,2024,2,1,0,0,0,0,1,0,1,0
8078,2025,1,1,0,0,0,0,0,0,1,0
8078,2026,1,0,0,0,0,0,1,0,0,0
8086,2024,2,2,1,0,0,0,0,0,0,0
8095,2015,2,2,0,0,0,0,0,0,1,0
8097,2025,1,0,0,0,0,0,1,0,0,0
8132,2018,1,1,0,0,0,0,0,0,0,0
8133,2016,3,3,1,1,0,0,0,0,1,0
8133,2017,3,3,2,2,0,0,0,0,0,0
8133,2019,6,6,1,0,0,1,0,0,3,0
8142,2012,1,1,0,0,0,0,0,0,0,0
8150,2024,2,2,1,0,0,0,0,0,0,0
8167,2026,1,1,0,0,0,0,0,0,1,0
8172,2023,1,1,0,0,0,0,0,0,1,0
8172,2024,1,1,0,0,0,0,0,0,1,0
8184,2014,1,1,0,0,0,0,0,0,0,0
8186,2021,4,3,1,0,0,0,1,0,0,0
8186,2022,2,2,0,0,0,0,0,0,1,0
8205,2016,2,2,0,0,0,0,0,0,1,0
8223,2017,3,3,1,0,0,0,0,0,0,0
8223,2021,3,3,1,0,0,0,0,0,1,0
8231,2022,6,5,1,0,0,1,1,0,2,0
8231,2023,8,7,2,0,0,0,1,0,1,0
8231,2024,6,6,1,0,0,0,0,0,0,0
8231,2025,6,5,2,0,0,0,1,0,1,0
8231,2026,3,3,2,0,0,2,0,0,1,0
8236,2019,2,2,0,0,0,0,0,0,0,0
8236,2021,2,1,0,0,0,0,1,0,0,0
8236,2024,1,1,0,0,0,0,0,0,0,0
8238,2012,1,0,0,0,0,0,1,0,0,0
8238,2013,3,3,1,0,0,0,0,0,0,0
8238,2015,1,1,0,0,0,0,0,0,0,0
8238,2016,1,0,0,0,0,0,1,0,0,0
8247,2017,1,1,0,0,0,0,0,0,0,0
8252,2018,6,6,1,0,0,0,0,0,1,0
8252,2022,1,1,1,0,0,0,0,0,0,0
8252,2023,2,1,0,0,0,0,1,0,1,0
8252,2024,1,1,1,0,0,0,0,0,0,0
8264,2020,2,2,1,0,0,1,0,0,0,0
8268,2013,3,3,2,0,0,0,0,0,0,0
8280,2024,3,3,1,0,0,0,0,0,0,0
8315,2018,2,2,1,0,0,1,0,0,0,0
8326,2012,1,1,1,0,0,0,0,0,0,0
8326,2014,3,3,1,0,0,0,0,0,0,0
8328,2019,1,1,1,0,0,0,0,0,0,0
8328,2022,2,2,1,1,0,0,0,0,0,0
8330,2018,7,6,0,0,0,0,1,0,2,0
8330,2019,3,3,0,0,0,0,0,0,1,0
8330,2021,4,4,1,0,0,0,0,0,0,0
8330,2024,7,7,1,0,0,0,0,0,3,0
8330,2026,4,4,1,0,0,1,0,0,1,0
8334,2014,4,4,1,0,0,0,0,0,0,0
8337,2013,2,2,1,0,0,0,0,0,0,0
8354,2013,4,4,1,0,0,0,0,0,1,0
8354,2016,3,3,0,0,0,0,0,0,0,0
8354,2017,1,1,1,0,0,0,0,0,0,0
8354,2018,1,1,0,0,0,0,0,0,0,0
8356,2015,3,3,0,0,0,0,0,0,1,0
8356,2016,1,1,0,0,0,0,0,0,0,0
8356,2018,2,1,0,0,0,0,1,0,0,0
8372,2013,14,14,1,0,0,0,0,0,3,0
8372,2015,6,5,2,1,0,1,1,0,0,0
8372,2016,6,6,2,0,0,0,0,0,1,0
8372,2017,3,3,0,0,0,0,0,0,1,0
8379,2024,2,2,0,0,0,0,0,0,1,0
8379,2026,1,1,1,0,0,1,0,0,0,0
8387,2014,3,1,0,0,0,0,2,0,0,0
8394,2014,3,3,0,0,0,0,0,0,0,0
8394,2015,3,3,1,1,0,0,0,0,1,0
8394,2016,2,2,0,0,0,0,0,0,1,0
8394,2018,1,1,0,0,0,0,0,0,0,0
8404,2013,3,3,0,0,0,0,0,0,0,0
8404,2014,2,2,0,0,0,0,0,0,0,0
8404,2015,3,3,0,0,0,0,0,0,0,0
8405,2023,3,3,1,1,0,0,0,0,0,0
8405,2024,3,3,1,0,0,1,0,0,0,0
8405,2026,3,2,1,0,0,0,1,0,1,0
8408,2016,1,1,1,0,0,0,0,0,0,0
8408,2018,3,3,0,0,0,0,0,0,2,0
8408,2019,2,1,0,0,0,0,1,0,0,0
8416,2025,1,1,1,0,0,0,0,0,0,0
8416,2026,2,1,0,0,0,0,1,0,0,0
8430,2013,2,2,0,0,0,0,0,0,0,0
8430,2014,6,5,0,0,0,0,1,0,2,0
8430,2015,9,9,4,0,0,1,0,0,0,0
8430,2016,18,16,5,0,0,3,1,0,0,1
8430,2017,11,11,3,1,0,0,0,0,1,0
8430,2018,6,5,3,2,0,0,1,0,0,0
8430,2021,3,3,0,0,0,0,0,0,1,0
8437,2014,1,1,0,0,0,0,0,0,0,0
8438,2015,5,4,1,1,0,0,1,0,1,0
8446,2018,4,4,0,0,0,0,0,0,2,0
8456,2023,3,2,2,0,0,0,1,0,0,0
8456,2025,1,0,0,0,0,0,0,0,0,1
8456,2026,5,5,0,0,0,0,0,0,1,0
8463,2021,1,1,0,0,0,0,0,0,0,0
8463,2022,1,1,0,0,0,0,0,0,0,0
8463,2024,1,1,0,0,0,0,0,0,0,0
8463,2025,1,1,0,0,0,0,0,0,0,0
8474,2013,3,3,0,0,0,0,0,0,1,0
8502,2023,3,2,1,0,0,0,1,0,0,0
8502,2025,3,3,0,0,0,0,0,0,1,0
8535,2024,1,1,1,0,0,1,0,0,0,0
8550,2013,1,1,1,0,0,0,0,0,0,0
8554,2022,1,1,0,0,0,0,0,0,0,0
8554,2023,1,0,0,0,0,0,1,0,0,0
8555,2023,3,3,0,0,0,0,0,0,0,0
8555,2024,5,3,1,0,0,1,1,0,0,1
8555,2025,3,3,2,0,0,0,0,0,0,0
8557,2013,1,1,0,0,0,0,0,0,0,0
8574,2013,1,1,0,0,0,0,0,0,0,0
8574,2015,3,3,2,0,0,1,0,0,0,0
8579,2015,4,4,2,0,0,0,0,0,1,0
8579,2016,2,2,0,0,0,0,0,0,0,0
8579,2017,1,0,0,0,0,0,1,0,0,0
8580,2018,1,1,1,1,0,0,0,0,0,0
8584,2014,1,0,0,0,0,0,1,0,0,0
8584,2015,2,2,1,1,0,0,0,0,0,0
8584,2016,2,2,0,0,0,0,0,0,0,0
8592,2013,1,1,0,0,0,0,0,0,0,0
8592,2016,2,2,0,0,0,0,0,0,1,0
8592,2018,2,2,0,0,0,0,0,0,1,0
8592,2019,2,2,0,0,0,0,0,0,0,0
8592,2022,1,1,0,0,0,0,0,0,1,0
8592,2023,2,2,0,0,0,0,0,0,0,0
8592,2024,3,3,1,0,0,0,0,0,0,0
8597,2013,1,1,0,0,0,0,0,0,0,0
8597,2014,1,1,0,0,0,0,0,0,1,0
8603,2021,2,1,1,1,0,0,1,0,0,0
8603,2023,3,3,1,1,0,0,0,0,0,0
8604,2021,3,1,1,0,0,0,1,0,0,1
8609,2015,6,6,2,0,0,0,0,0,2,0
8643,2017,2,2,1,0,0,0,0,0,0,0
8643,2018,1,1,0,0,0,0,0,0,1,0
8643,2019,1,1,0,0,0,0,0,0,1,0
8643,2022,1,1,0,0,0,0,0,0,0,0
8643,2023,1,1,0,0,0,0,0,0,0,0
8661,2024,1,1,0,0,0,0,0,0,1,0
8661,2025,1,1,1,1,0,0,0,0,0,0
8664,2022,2,2,0,0,0,0,0,0,1,0
8664,2023,2,2,1,0,0,0,0,0,0,0
8664,2024,4,4,2,1,0,0,0,0,0,0
8664,2025,3,3,0,0,0,0,0,0,2,0
8664,2026,3,3,0,0,0,0,0,0,2,0
8679,2019,1,1,1,0,0,0,0,0,0,0
8682,2015,1,0,0,0,0,0,0,1,0,0
8690,2018,2,2,0,0,0,0,0,0,0,0
8692,2020,1,1,1,0,0,1,0,0,0,0
8692,2024,2,2,1,0,0,0,0,0,0,0
8700,2016,1,1,0,0,0,0,0,0,0,0
8700,2017,2,2,0,0,0,0,0,0,0,0
8710,2012,3,3,0,0,0,0,0,0,1,0
8710,2013,7,5,1,1,0,0,0,0,1,0
8713,2024,2,2,0,0,0,0,0,0,1,0
8713,2025,6,6,1,0,0,1,0,0,2,0
8713,2026,1,1,0,0,0,0,0,0,0,0
8753,2025,5,5,0,0,0,0,0,0,3,0
8773,2015,1,1,0,0,0,0,0,0,0,0
8789,2014,2,2,2,1,0,0,0,0,0,0
8789,2016,3,3,2,0,0,0,0,0,0,0
8789,2018,3,3,0,0,0,0,0,0,1,0
8789,2019,2,1,0,0,0,0,1,0,0,0
8789,2024,6,5,1,0,0,1,1,0,1,0
8791,2023,2,2,0,0,0,0,0,0,0,0
8791,2024,3,2,0,0,0,0,0,0,1,1
8798,2020,2,2,2,0,0,0,0,0,0,0
8799,2014,2,2,0,0,0,0,0,0,2,0
8799,2016,1,1,0,0,0,0,0,0,0,0
8799,2018,3,3,1,0,0,0,0,0,1,0
8800,2021,7,7,1,0,0,0,0,0,1,0
8804,2023,1,1,1,0,0,1,0,0,0,0
8804,2025,1,0,0,0,0,0,1,0,0,0
8807,2013,4,4,0,0,0,0,0,0,1,0
8807,2014,7,7,1,0,0,0,0,0,2,0
8807,2016,1,1,0,0,0,0,0,0,1,0
8815,2023,1,1,1,0,0,0,0,0,0,0
8815,2024,3,3,3,0,0,0,0,0,0,0
8819,2025,1,1,0,0,0,0,0,0,0,0
8819,2026,1,1,0,0,0,0,0,0,1,0
8823,2013,3,3,1,0,0,0,0,0,0,0
8823,2015,3,3,1,0,0,0,0,0,0,0
8823,2016,3,3,1,0,0,0,0,0,0,0
8823,2017,2,1,1,0,0,0,1,0,0,0
8838,2018,2,2,2,0,0,0,0,0,0,0
8838,2020,3,3,1,1,0,0,0,0,0,0
8868,2022,1,1,1,0,0,0,0,0,0,0
8868,2024,2,2,0,0,0,0,0,0,1,0
8868,2025,2,2,0,0,0,0,0,0,0,0
8871,2018,3,2,0,0,0,0,1,0,2,0
8871,2019,2,2,0,0,0,0,0,0,2,0
8871,2023,5,5,1,0,0,0,0,0,2,0
8871,2025,5,4,1,0,0,0,1,0,1,0
8873,2012,1,1,0,0,0,0,0,0,1,0
8873,2013,5,5,0,0,0,0,0,0,2,0
8875,2025,1,0,0,0,0,0,1,0,0,0
8884,2023,1,0,0,0,0,0,0,1,0,0
8884,2025,1,1,0,0,0,0,0,0,0,0
8887,2022,1,1,0,0,0,0,0,0,0,0
8892,2013,1,1,0,0,0,0,0,0,1,0
8900,2025,3,3,0,0,0,0,0,0,1,0
8900,2026,6,6,3,1,0,0,0,0,0,0
8903,2023,1,1,0,0,0,0,0,0,1,0
8904,2018,1,1,0,0,0,0,0,0,0,0
8906,2013,1,1,0,0,0,0,0,0,0,0
8914,2013,7,6,2,0,0,1,1,0,1,0
8914,2015,3,3,1,0,0,0,0,0,0,0
8914,2016,3,2,0,0,0,0,1,0,0,0
8914,2017,6,5,2,1,0,0,1,0,0,0
8914,2018,3,2,1,0,0,0,1,0,0,0
8914,2023,3,2,1,0,0,0,1,0,0,0
8914,2026,4,2,0,0,0,0,2,0,0,0
8919,2012,3,3,0,0,0,0,0,0,0,0
8919,2013,1,1,1,1,0,0,0,0,0,0
8940,2013,1,1,0,0,0,0,0,0,0,0
8940,2015,1,1,0,0,0,0,0,0,0,0
8941,2026,1,1,0,0,0,0,0,0,1,0
8956,2013,1,1,0,0,0,0,0,0,0,0
8967,2023,6,5,1,1,0,0,1,0,1,0
8967,2024,3,3,0,0,0,0,0,0,0,0
8967,2025,3,3,2,0,0,1,0,0,0,0
8974,2026,2,2,1,0,0,0,0,0,1,0
8982,2016,2,2,0,0,0,0,0,0,0,0
8982,2017,2,2,0,0,0,0,0,0,2,0
8982,2018,3,2,2,1,0,0,1,0,0,0
8982,2020,1,1,0,0,0,0,0,0,0,0
8982,2021,1,1,1,0,0,1,0,0,0,0
8988,2014,1,1,0,0,0,0,0,0,1,0
8988,2015,1,1,0,0,0,0,0,0,1,0
8988,2016,1,1,1,0,0,1,0,0,0,0
8988,2017,1,1,0,0,0,0,0,0,1,0
8990,2013,9,9,2,1,0,0,0,0,1,0
8999,2023,6,4,1,1,0,0,2,0,3,0
8999,2024,5,5,2,0,0,0,0,0,1,0
8999,2025,8,8,3,1,0,1,0,0,2,0
8999,2026,11,11,1,0,0,0,0,0,4,0
9005,2012,4,4,1,0,0,0,0,0,0,0
9005,2013,4,4,1,0,0,0,0,0,1,0
9005,2017,1,0,0,0,0,0,0,0,0,1
9015,2025,1,1,0,0,0,0,0,0,0,0
9018,2018,1,1,0,0,0,0,0,0,0,0
9018,2022,2,2,1,0,0,0,0,0,1,0
9018,2023,4,4,0,0,0,0,0,0,1,0
9018,2024,2,2,2,0,0,0,0,0,0,0
9018,2026,1,1,0,0,0,0,0,0,0,0
9028,2025,2,2,0,0,0,0,0,0,1,0
9028,2026,2,1,0,0,0,0,1,0,0,0
9071,2015,14,13,5,1,0,0,1,0,4,0
9071,2016,5,5,1,0,0,0,0,0,1,0
9071,2017,3,3,1,1,0,0,0,0,1,0
9076,2026,2,2,0,0,0,0,0,0,0,0
9092,2018,6,6,1,0,0,0,0,0,0,0
9092,2019,1,1,0,0,0,0,0,0,0,0
9092,2024,2,2,1,0,0,0,0,0,1,0
9103,2022,3,2,2,0,0,1,1,0,0,0
9111,2019,1,1,0,0,0,0,0,0,1,0
9129,2015,1,1,0,0,0,0,0,0,1,0
9129,2016,2,2,1,0,0,0,0,0,0,0
9129,2017,12,11,2,1,0,1,1,0,1,0
9129,2018,3,3,3,2,0,0,0,0,0,0
9129,2019,2,1,0,0,0,0,1,0,0,0
9134,2018,2,2,1,0,0,0,0,0,1,0
9134,2019,2,2,1,0,0,1,0,0,0,0
9138,2021,1,1,0,0,0,0,0,0,0,0
9141,2021,2,1,0,0,0,0,1,0,0,0
9141,2022,2,2,0,0,0,0,0,0,1,0
9143,2012,2,2,0,0,0,0,0,0,0,0
9143,2013,6,5,2,0,0,0,1,0,1,0
9143,2014,3,3,1,0,0,0,0,0,1,0
9143,2015,9,8,4,1,0,0,0,0,3,1
9143,2016,10,9,1,0,0,0,0,1,3,0
9143,2017,9,9,4,0,0,2,0,0,0,0
9143,2018,3,2,1,0,0,0,1,0,0,0
9144,2014,1,1,1,0,0,0,0,0,0,0
9166,2025,3,3,1,0,0,1,0,0,1,0
9196,2013,2,2,0,0,0,0,0,0,0,0
9196,2016,3,3,1,0,0,0,0,0,1,0
9196,2018,3,2,1,0,0,0,1,0,1,0
9196,2021,2,1,0,0,0,0,1,0,0,0
9196,2023,1,1,0,0,0,0,0,0,1,0
9196,2024,1,1,0,0,0,0,0,0,1,0
9196,2025,2,2,0,0,0,0,0,0,0,0
9198,2013,12,12,4,1,0,0,0,0,2,0
9198,2014,3,3,0,0,0,0,0,0,1,0
9198,2015,7,5,1,0,0,1,2,0,0,0
9198,2016,15,14,5,0,0,2,0,1,3,0
9198,2017,3,3,1,0,0,1,0,0,1,0
9198,2018,4,4,1,0,0,1,0,0,1,0
9198,2021,3,2,1,0,0,0,1,0,0,0
9198,2022,2,2,0,0,0,0,0,0,1,0
9209,2023,3,3,1,0,0,0,0,0,1,0
9221,2017,4,3,0,0,0,0,1,0,0,0
9221,2018,5,5,1,1,0,0,0,0,0,0
9221,2019,2,2,1,0,0,0,0,0,0,0
9224,2012,1,1,0,0,0,0,0,0,1,0
9235,2023,1,1,0,0,0,0,0,0,1,0
9246,2012,1,1,0,0,0,0,0,0,0,0
9250,2014,1,1,0,0,0,0,0,0,0,0
9250,2015,1,1,1,0,0,1,0,0,0,0
9250,2016,1,1,0,0,0,0,0,0,0,0
9251,2013,2,2,1,0,0,0,0,0,0,0
9255,2014,1,1,0,0,0,0,0,0,0,0
9255,2015,2,2,0,0,0,0,0,0,0,0
9257,2022,6,5,0,0,0,0,1,0,1,0
9257,2024,8,7,1,0,0,0,1,0,1,0
9265,2020,1,1,1,0,0,0,0,0,0,0
9265,2021,1,1,1,0,0,0,0,0,0,0
9269,2012,2,2,0,0,0,0,0,0,1,0
9269,2013,6,6,1,0,0,0,0,0,1,0
9269,2014,3,2,1,0,0,0,1,0,0,0
9269,2017,6,5,1,0,0,0,1,0,1,0
9269,2019,5,5,1,0,0,1,0,0,3,0
9269,2021,1,1,1,1,0,0,0,0,0,0
9269,2022,3,2,0,0,0,0,1,0,0,0
9269,2024,5,4,2,1,0,0,1,0,0,0
9269,2025,3,3,1,0,0,0,0,0,0,0
9299,2024,3,3,0,0,0,0,0,0,1,0
9308,2019,1,1,0,0,0,0,0,0,0,0
9308,2024,2,1,1,0,0,0,1,0,0,0
9314,2026,1,1,0,0,0,0,0,0,0,0
9322,2017,4,3,0,0,0,0,1,0,2,0
9326,2012,3,3,0,0,0,0,0,0,1,0
9326,2013,3,3,1,0,0,1,0,0,1,0
9326,2015,11,10,2,0,0,0,1,0,1,0
9326,2016,7,7,2,1,0,0,0,0,1,0
9326,2017,5,5,2,0,0,1,0,0,0,0
9326,2018,3,3,0,0,0,0,0,0,0,0
9326,2022,2,2,0,0,0,0,0,0,1,0
9326,2024,1,1,0,0,0,0,0,0,0,0
9328,2024,1,1,1,0,0,0,0,0,0,0
9334,2016,1,0,0,0,0,0,1,0,0,0
9334,2017,7,7,2,0,0,1,0,0,0,0
9336,2014,1,1,0,0,0,0,0,0,1,0
9342,2015,2,2,1,1,0,0,0,0,1,0
9342,2016,2,2,1,0,0,0,0,0,0,0
9342,2020,1,1,1,0,0,0,0,0,0,0
9342,2022,1,1,0,0,0,0,0,0,0,0
9343,2024,1,1,1,0,0,0,0,0,0,0
9353,2020,1,1,0,0,0,0,0,0,0,0
9353,2026,2,2,0,0,0,0,0,0,1,0
9354,2015,1,1,0,0,0,0,0,0,0,0
9356,2012,1,1,0,0,0,0,0,0,0,0
9356,2013,3,3,0,0,0,0,0,0,1,0
9356,2014,5,5,0,0,0,0,0,0,1,0
9356,2015,1,1,1,0,0,0,0,0,0,0
9359,2018,1,1,1,0,0,0,0,0,0,0
9391,2014,1,1,1,0,0,1,0,0,0,0
9391,2015,1,1,1,1,0,0,0,0,0,0
9393,2024,1,1,0,0,0,0,0,0,0,0
9393,2026,3,2,0,0,0,0,1,0,1,0
9420,2016,2,2,1,0,0,0,0,0,0,0
9420,2018,6,4,1,0,0,1,2,0,1,0
9420,2019,6,3,1,0,0,1,3,0,1,0
9420,2020,5,4,0,0,0,0,1,0,2,0
9420,2025,9,9,3,0,0,1,0,0,3,0
9420,2026,3,3,0,0,0,0,0,0,2,0
9425,2023,2,2,1,0,0,1,0,0,0,0
9425,2024,3,3,2,1,0,0,0,0,0,0
9425,2026,3,3,1,1,0,0,0,0,1,0
9445,2013,5,5,0,0,0,0,0,0,3,0
9445,2015,2,1,0,0,0,0,1,0,0,0
9449,2013,1,1,0,0,0,0,0,0,1,0
9449,2017,3,2,0,0,0,0,1,0,1,0
9449,2018,1,1,0,0,0,0,0,0,1,0
9453,2018,3,3,1,0,0,0,0,0,0,0
9513,2013,2,2,0,0,0,0,0,0,0,0
9526,2019,1,0,0,0,0,0,1,0,0,0
9526,2021,3,3,0,0,0,0,0,0,1,0
9529,2023,1,1,0,0,0,0,0,0,0,0
9532,2023,1,1,1,0,0,0,0,0,0,0
9536,2018,1,1,0,0,0,0,0,0,0,0
9565,2026,2,2,0,0,0,0,0,0,0,0
9576,2018,3,3,0,0,0,0,0,0,1,0
9581,2013,1,1,0,0,0,0,0,0,0,0
9581,2014,3,3,1,0,0,0,0,0,1,0
9581,2015,7,6,3,0,0,1,1,0,1,0
9587,2026,1,1,0,0,0,0,0,0,0,0
9594,2018,2,2,1,0,0,0,0,0,0,0
9594,2019,5,5,2,0,0,0,0,0,2,0
9594,2024,2,2,0,0,0,0,0,0,2,0
9605,2013,3,2,1,1,0,0,1,0,0,0
9629,2018,1,1,0,0,0,0,0,0,1,0
9629,2019,1,0,0,0,0,0,1,0,0,0
9652,2015,1,1,0,0,0,0,0,0,0,0
9652,2017,1,1,0,0,0,0,0,0,1,0
9652,2019,2,1,0,0,0,0,0,1,1,0
9659,2013,3,3,0,0,0,0,0,0,1,0
9677,2014,3,3,0,0,0,0,0,0,0,0
9677,2015,3,2,1,0,0,0,1,0,0,0
9677,2016,3,3,2,0,0,1,0,0,0,0
9677,2019,2,2,0,0,0,0,0,0,0,0
9688,2013,5,5,1,0,0,0,0,0,0,0
9688,2016,1,1,0,0,0,0,0,0,1,0
9688,2017,3,1,0,0,0,0,2,0,1,0
9688,2018,3,3,0,0,0,0,0,0,1,0
9688,2022,1,1,0,0,0,0,0,0,0,0
9688,2023,3,3,1,0,0,1,0,0,0,0
9691,2025,1,1,0,0,0,0,0,0,0,0
9741,2015,1,1,0,0,0,0,0,0,1,0
9753,2025,3,2,1,0,0,1,1,0,0,0
9761,2013,2,2,0,0,0,0,0,0,0,0
9761,2014,1,1,0,0,0,0,0,0,0,0
9761,2018,2,2,1,0,0,0,0,0,0,0
9762,2015,3,1,0,0,0,0,1,0,1,0
9762,2016,7,7,3,1,0,0,0,0,2,0
9762,2022,9,9,1,0,0,1,0,0,4,0
9762,2024,3,2,1,0,0,0,1,0,0,0
9762,2025,3,3,0,0,0,0,0,0,1,0
9762,2026,2,1,1,0,0,1,1,0,0,0
9769,2024,2,2,0,0,0,0,0,0,0,0
9770,2018,2,2,1,0,0,0,0,0,0,0
9770,2019,8,8,1,0,0,1,0,0,1,0
9774,2015,8,7,1,0,0,0,1,0,2,0
9774,2016,11,10,3,2,0,0,1,0,1,0
9774,2017,9,8,2,0,0,0,1,0,1,0
9774,2018,9,8,0,0,0,0,1,0,2,0
9774,2019,2,2,0,0,0,0,0,0,0,0
9774,2024,2,2,0,0,0,0,0,0,0,0
9774,2025,3,3,2,1,0,1,0,0,0,0
9774,2026,3,3,2,1,0,0,0,0,0,0
9781,2014,2,1,0,0,0,0,1,0,0,0
9781,2016,1,1,0,0,0,0,0,0,0,0
9782,2015,2,2,0,0,0,0,0,0,0,0
9782,2016,1,1,0,0,0,0,0,0,0,0
9786,2023,3,3,0,0,0,0,0,0,1,0
9786,2024,2,2,0,0,0,0,0,0,0,0
9788,2013,2,2,1,0,0,0,0,0,0,0
9794,2020,1,1,0,0,0,0,0,0,0,0
9794,2022,1,1,1,1,0,0,0,0,0,0
9795,2018,3,3,0,0,0,0,0,0,0,0
9802,2024,2,2,1,0,0,0,0,0,0,0
9802,2025,1,1,0,0,0,0,0,0,0,0
9805,2013,1,1,0,0,0,0,0,0,0,0
9813,2019,3,3,0,0,0,0,0,0,1,0
9813,2021,1,1,0,0,0,0,0,0,0,0
9815,2025,1,1,0,0,0,0,0,0,0,0
9822,2014,2,2,1,1,0,0,0,0,0,0
9822,2015,3,3,1,0,0,0,0,0,1,0
9825,2023,1,1,1,0,0,0,0,0,0,0
9826,2024,2,2,0,0,0,0,0,0,1,0
9826,2025,1,1,0,0,0,0,0,0,0,0
9827,2017,1,1,1,0,0,0,0,0,0,0
9827,2018,3,3,0,0,0,0,0,0,2,0
9827,2019,1,0,0,0,0,0,1,0,0,0
9830,2013,2,2,1,0,0,0,0,0,0,0
9835,2013,6,6,4,1,0,1,0,0,1,0
9835,2015,3,3,1,0,0,0,0,0,1,0
9838,2019,1,1,1,0,0,0,0,0,0,0
9844,2017,1,1,0,0,0,0,0,0,0,0
9844,2023,2,1,0,0,0,0,1,0,0,0
9844,2024,1,1,0,0,0,0,0,0,1,0
9844,2025,1,1,0,0,0,0,0,0,0,0
9844,2026,1,1,0,0,0,0,0,0,0,0
9845,2019,1,1,1,1,0,0,0,0,0,0
9845,2020,3,1,1,0,0,0,2,0,0,0
9845,2021,5,4,0,0,0,0,1,0,1,0
9845,2022,5,5,2,1,0,1,0,0,0,0
9845,2023,5,5,2,0,0,1,0,0,1,0
9845,2024,2,2,0,0,0,0,0,0,0,0
9845,2025,2,2,1,0,0,0,0,0,0,0
9845,2026,1,1,0,0,0,0,0,0,0,0
9846,2022,3,3,2,0,0,0,0,0,1,0
9846,2024,3,3,1,0,0,0,0,0,0,0
9846,2026,3,3,0,0,0,0,0,0,1,0
9876,2024,1,1,0,0,0,0,0,0,0,0
9876,2025,1,0,0,0,0,0,0,0,0,1
9876,2026,1,1,0,0,0,0,0,0,1,0
9885,2013,2,1,1,0,0,0,1,0,0,0
9885,2016,3,3,1,0,0,0,0,0,0,0
9888,2022,1,1,0,0,0,0,0,0,1,0
9888,2023,1,1,0,0,0,0,0,0,1,0
9888,2025,1,1,0,0,0,0,0,0,0,0
9893,2012,3,2,1,0,0,0,1,0,0,0
9897,2018,2,1,0,0,0,0,0,1,0,0
9902,2013,1,1,0,0,0,0,0,0,0,0
9902,2017,3,3,1,0,0,0,0,0,0,0
9902,2018,3,3,1,0,0,0,0,0,1,0
9906,2015,3,3,1,1,0,0,0,0,0,0
9906,2018,2,2,0,0,0,0,0,0,2,0
9908,2017,1,1,1,0,0,0,0,0,0,0
9908,2018,2,2,1,0,0,0,0,0,0,0
9908,2020,2,2,1,0,0,1,0,0,1,0
9954,2014,1,1,0,0,0,0,0,0,0,0
9963,2019,2,2,0,0,0,0,0,0,0,0
9963,2024,3,3,2,0,0,0,0,0,1,0
9963,2026,1,1,1,0,0,1,0,0,0,0
9966,2013,2,2,0,0,0,0,0,0,0,0
9966,2014,1,1,0,0,0,0,0,0,0,0
9966,2015,2,1,0,0,0,0,1,0,0,0
9966,2016,1,1,0,0,0,0,0,0,0,0
9968,2012,1,1,1,1,0,0,0,0,0,0
9968,2017,3,2,0,0,0,0,1,0,2,0
9968,2018,1,0,0,0,0,0,0,0,0,1
9969,2019,1,1,0,0,0,0,0,0,1,0
9974,2024,3,3,0,0,0,0,0,0,2,0
9974,2025,8,7,4,0,0,1,1,0,2,0
9974,2026,6,6,0,0,0,0,0,0,2,0
9985,2026,1,0,0,0,0,0,1,0,0,0
9997,2023,1,1,0,0,0,0,0,0,0,0
10014,2024,2,2,0,0,0,0,0,0,0,0
10033,2018,1,0,0,0,0,0,1,0,0,0
10046,2025,2,1,1,1,0,0,1,0,0,0
10054,2022,3,3,1,0,0,1,0,0,2,0
10054,2025,3,2,0,0,0,0,1,0,1,0
10056,2016,1,1,0,0,0,0,0,0,0,0
10064,2013,3,3,0,0,0,0,0,0,1,0
10064,2019,3,2,1,0,0,0,1,0,0,0
10066,2013,1,1,1,0,0,0,0,0,0,0
10066,2016,2,1,1,1,0,0,1,0,0,0
10069,2012,3,3,0,0,0,0,0,0,1,0
10069,2013,18,17,6,3,0,0,0,0,2,0
10069,2015,10,10,3,0,0,1,0,0,1,0
10069,2016,15,13,5,2,0,0,2,0,1,0
10069,2017,9,8,4,1,0,2,1,0,0,0
10069,2018,5,5,3,1,0,2,0,0,0,0
10074,2026,1,1,0,0,0,0,0,0,1,0
10081,2019,1,1,1,0,0,0,0,0,0,0
10101,2015,3,3,2,0,0,1,0,0,0,0
10101,2016,3,2,1,1,0,0,1,0,1,0
10102,2023,1,1,0,0,0,0,0,0,0,0
10103,2015,2,2,0,0,0,0,0,0,1,0
10111,2012,2,1,0,0,0,0,1,0,1,0
10111,2014,3,3,1,0,0,0,0,0,0,0
10111,2015,3,3,0,0,0,0,0,0,2,0
10111,2016,3,2,2,0,0,0,1,0,0,0
10111,2017,6,5,2,1,0,1,1,0,2,0
10111,2018,5,5,1,1,0,0,0,0,0,0
10111,2024,5,4,2,0,0,0,1,0,1,0
10111,2025,6,5,2,1,0,0,1,0,1,0
10111,2026,3,3,1,0,0,0,0,0,2,0
10118,2014,3,3,2,0,0,1,0,0,0,0
10118,2015,6,5,3,1,0,1,1,0,0,0
10118,2019,12,11,0,0,0,0,0,0,3,1
10118,2020,4,4,0,0,0,0,0,0,1,0
10136,2015,7,6,3,0,0,1,1,0,0,0
10136,2016,3,3,0,0,0,0,0,0,2,0
10136,2017,3,3,3,1,0,1,0,0,0,0
10136,2018,3,3,1,0,0,1,0,0,1,0
10136,2022,5,4,2,0,0,2,1,0,0,0
10138,2014,1,1,0,0,0,0,0,0,0,0
10138,2015,9,8,2,1,0,0,1,0,0,0
10138,2016,15,15,4,1,0,0,0,0,2,0
10138,2017,6,6,0,0,0,0,0,0,1,0
10138,2018,7,5,0,0,0,0,2,0,1,0
10138,2021,2,2,1,0,0,0,0,0,1,0
10144,2023,2,2,0,0,0,0,0,0,0,0
10144,2024,3,3,2,0,0,0,0,0,1,0
10144,2025,6,6,1,0,0,0,0,0,0,0
10144,2026,6,6,1,0,0,0,0,0,1,0
10159,2022,1,1,0,0,0,0,0,0,0,0
10168,2025,1,1,0,0,0,0,0,0,1,0
10180,2023,2,2,1,0,0,0,0,0,0,0
10180,2024,1,1,0,0,0,0,0,0,0,0
10180,2026,1,1,0,0,0,0,0,0,1,0
10182,2020,1,1,0,0,0,0,0,0,1,0
10182,2023,2,2,1,0,0,0,0,0,0,0
10182,2024,3,3,2,0,0,0,0,0,0,0
10195,2022,5,5,3,0,0,1,0,0,0,0
10195,2023,1,1,1,0,0,0,0,0,0,0
10201,2020,1,1,1,0,0,0,0,0,0,0
10201,2021,1,1,0,0,0,0,0,0,1,0
10208,2021,1,1,0,0,0,0,0,0,0,0
10208,2023,1,1,0,0,0,0,0,0,0,0
10208,2024,1,1,0,0,0,0,0,0,0,0
10208,2026,2,2,0,0,0,0,0,0,0,0
10209,2013,7,5,2,0,0,0,0,0,0,0
10209,2016,2,2,0,0,0,0,0,0,1,0
10209,2017,4,4,0,0,0,0,0,0,1,0
10210,2021,1,1,0,0,0,0,0,0,1,0
10213,2024,1,1,0,0,0,0,0,0,0,0
10213,2026,1,1,0,0,0,0,0,0,0,0
10214,2013,6,6,3,1,0,0,0,0,2,0
10214,2014,1,1,0,0,0,0,0,0,0,0
10214,2016,2,1,1,0,0,1,1,0,0,0
10214,2018,3,2,1,0,0,1,1,0,0,0
10219,2017,1,1,0,0,0,0,0,0,0,0
10227,2013,1,1,0,0,0,0,0,0,1,0
10227,2015,1,1,0,0,0,0,0,0,0,0
10228,2021,4,2,1,1,0,0,0,0,0,2
10228,2022,1,1,1,1,0,0,0,0,0,0
10228,2025,1,1,0,0,0,0,0,0,0,0
10237,2026,4,2,2,1,0,1,2,0,0,0
10245,2025,4,4,3,0,0,0,0,0,0,0
10249,2013,7,7,2,0,0,0,0,0,1,0
10249,2014,3,3,0,0,0,0,0,0,0,0
10252,2016,2,2,0,0,0,0,0,0,0,0
10264,2021,2,2,1,1,0,0,0,0,1,0
10288,2013,7,7,0,0,0,0,0,0,4,0
10288,2015,8,8,1,0,0,1,0,0,3,0
10288,2016,3,3,0,0,0,0,0,0,2,0
10288,2017,4,4,0,0,0,0,0,0,2,0
10288,2018,6,6,2,2,0,0,0,0,2,0
10288,2019,6,6,2,0,0,0,0,0,2,0
10288,2021,14,13,3,0,0,1,0,1,4,0
10288,2022,3,3,0,0,0,0,0,0,1,0
10288,2023,5,5,2,0,0,2,0,0,1,0
10288,2024,3,2,0,0,0,0,1,0,0,0
10309,2024,3,2,0,0,0,0,1,0,1,0
10309,2025,3,3,2,0,0,0,0,0,0,0
10337,2026,2,1,0,0,0,0,1,0,0,0
10345,2015,2,2,1,1,0,0,0,0,0,0
10357,2026,1,1,0,0,0,0,0,0,1,0
10364,2022,1,1,0,0,0,0,0,0,0,0
10370,2024,3,3,1,1,0,0,0,0,1,0
10370,2025,5,5,1,1,0,0,0,0,2,0
10374,2026,3,3,1,0,0,0,0,0,0,0
10385,2019,1,1,1,0,0,0,0,0,0,0
10389,2022,1,1,0,0,0,0,0,0,0,0
10389,2025,4,4,0,0,0,0,0,0,1,0
10389,2026,2,2,1,1,0,0,0,0,1,0
10390,2024,1,1,1,0,0,0,0,0,0,0
10390,2025,1,1,0,0,0,0,0,0,0,0
10394,2015,1,1,1,0,0,0,0,0,0,0
10395,2017,2,2,0,0,0,0,0,0,0,0
10396,2020,1,0,0,0,0,0,1,0,0,0
10402,2023,1,0,0,0,0,0,1,0,0,0
10402,2026,1,1,0,0,0,0,0,0,0,0
10410,2024,3,3,1,1,0,0,0,0,0,0
10446,2021,2,1,0,0,0,0,1,0,0,0
10456,2019,6,4,3,1,0,0,0,1,0,1
10456,2020,9,9,2,2,0,0,0,0,1,0
10456,2021,6,6,3,0,0,1,0,0,0,0
10456,2022,4,4,1,1,0,0,0,0,0,0
10456,2025,7,7,4,1,0,0,0,0,1,0
10456,2026,3,2,0,0,0,0,1,0,0,0
10474,2015,3,3,1,0,0,1,0,0,2,0
10474,2016,6,5,2,1,0,1,1,0,2,0
10474,2017,9,9,1,0,0,1,0,0,6,0
10474,2024,3,2,0,0,0,0,1,0,1,0
10474,2025,3,3,2,2,0,0,0,0,0,0
10477,2022,2,1,0,0,0,0,1,0,1,0
10477,2023,3,3,0,0,0,0,0,0,2,0
10477,2024,1,1,1,0,0,1,0,0,0,0
10483,2025,2,2,1,0,0,0,0,0,0,0
10503,2013,2,2,0,0,0,0,0,0,1,0
10503,2015,1,1,0,0,0,0,0,0,0,0
10503,2016,1,0,0,0,0,0,1,0,0,0
10503,2017,3,3,1,1,0,0,0,0,1,0
10503,2018,2,2,0,0,0,0,0,0,1,0
10503,2019,5,3,1,0,0,1,2,0,0,0
10503,2022,2,2,0,0,0,0,0,0,1,0
10503,2023,1,1,0,0,0,0,0,0,0,0
10517,2025,2,2,0,0,0,0,0,0,1,0
10517,2026,6,5,2,0,0,2,1,0,0,0
10521,2020,3,3,2,0,0,0,0,0,0,0
10538,2018,1,1,0,0,0,0,0,0,0,0
10538,2019,3,3,0,0,0,0,0,0,0,0
10547,2012,3,3,0,0,0,0,0,0,1,0
10547,2014,4,3,2,0,0,0,0,0,0,1
10547,2016,2,2,2,0,0,2,0,0,0,0
10547,2018,3,3,0,0,0,0,0,0,0,0
10556,2016,3,3,1,1,0,0,0,0,0,0
10565,2014,2,2,0,0,0,0,0,0,0,0
10565,2015,3,3,0,0,0,0,0,0,2,0
10565,2016,6,6,2,0,0,0,0,0,3,0
10574,2015,3,2,1,0,0,0,1,0,1,0
10574,2016,1,1,0,0,0,0,0,0,1,0
10574,2017,1,1,0,0,0,0,0,0,0,0
10574,2018,1,1,1,0,0,0,0,0,0,0
10577,2025,1,1,0,0,0,0,0,0,0,0
10580,2023,3,2,2,1,0,0,1,0,0,0
10587,2014,2,2,1,0,0,0,0,0,0,0
10587,2017,1,1,1,0,0,0,0,0,0,0
10609,2015,3,3,0,0,0,0,0,0,0,0
10623,2019,1,1,0,0,0,0,0,0,0,0
10623,2023,1,1,0,0,0,0,0,0,0,0
10623,2024,1,1,0,0,0,0,0,0,0,0
10626,2026,6,6,4,2,0,0,0,0,0,0
10634,2014,1,1,0,0,0,0,0,0,1,0
10650,2014,2,2,0,0,0,0,0,0,2,0
10650,2018,3,3,2,0,0,0,0,0,1,0
10652,2026,6,5,0,0,0,0,1,0,1,0
10657,2018,3,3,0,0,0,0,0,0,0,0
10663,2022,3,2,0,0,0,0,1,0,0,0
10663,2026,3,3,1,0,0,0,0,0,1,0
10670,2024,1,1,0,0,0,0,0,0,0,0
10670,2026,1,1,0,0,0,0,0,0,0,0
10675,2018,3,3,1,1,0,0,0,0,0,0
10690,2025,3,3,1,1,0,0,0,0,0,0
10696,2018,1,1,1,0,0,0,0,0,0,0
10696,2021,3,3,2,0,0,0,0,0,0,0
10696,2024,1,1,0,0,0,0,0,0,0,0
10704,2016,1,1,0,0,0,0,0,0,0,0
10704,2017,6,6,0,0,0,0,0,0,1,0
10706,2015,1,1,0,0,0,0,0,0,1,0
10706,2017,1,1,0,0,0,0,0,0,0,0
10707,2017,1,1,0,0,0,0,0,0,0,0
10708,2019,5,5,0,0,0,0,0,0,0,0
10708,2021,7,6,1,0,0,1,1,0,1,0
10708,2022,3,3,0,0,0,0,0,0,0,0
10709,2022,2,2,0,0,0,0,0,0,0,0
10711,2024,2,1,0,0,0,0,0,1,1,0
10723,2018,1,1,1,1,0,0,0,0,0,0
10723,2021,1,1,0,0,0,0,0,0,1,0
10723,2022,2,2,0,0,0,0,0,0,1,0
10723,2023,1,1,0,0,0,0,0,0,0,0
10724,2026,3,3,0,0,0,0,0,0,2,0
10733,2013,1,1,1,0,0,0,0,0,0,0
10733,2014,2,2,0,0,0,0,0,0,1,0
10733,2015,1,1,1,0,0,0,0,0,0,0
10733,2016,2,2,1,0,0,0,0,0,0,0
10733,2017,2,1,0,0,0,0,0,1,0,0
10733,2018,2,2,2,0,0,0,0,0,0,0
10733,2021,1,1,1,1,0,0,0,0,0,0
10735,2017,1,1,0,0,0,0,0,0,0,0
10766,2021,6,6,3,0,0,0,0,0,0,0
10776,2012,3,3,2,0,1,0,0,0,0,0
10776,2014,1,1,0,0,0,0,0,0,0,0
10776,2018,1,0,0,0,0,0,1,0,0,0
10776,2019,2,2,1,0,0,0,0,0,0,0
10776,2021,2,1,0,0,0,0,1,0,1,0
10776,2022,1,1,1,0,0,1,0,0,0,0
10776,2023,1,1,0,0,0,0,0,0,0,0
10784,2013,1,1,0,0,0,0,0,0,0,0
10784,2014,3,3,1,0,0,0,0,0,0,0
10784,2015,6,5,1,1,0,0,1,0,1,0
10784,2016,6,6,4,1,0,0,0,0,1,0
10784,2020,4,3,0,0,0,0,1,0,1,0
10784,2021,1,0,0,0,0,0,1,0,0,0
10784,2023,5,5,1,0,0,0,0,0,1,0
10790,2016,3,3,1,0,0,0,0,0,1,0
10790,2017,6,6,0,0,0,0,0,0,4,0
10790,2018,2,2,1,0,0,0,0,0,0,0
10790,2025,6,5,2,0,0,0,1,0,0,0
10815,2019,1,1,1,0,0,0,0,0,0,0
10838,2023,2,2,0,0,0,0,0,0,0,0
10845,2024,1,1,1,1,0,0,0,0,0,0
10845,2026,1,1,0,0,0,0,0,0,1,0
10846,2013,1,1,0,0,0,0,0,0,1,0
10846,2015,1,0,0,0,0,0,1,0,0,0
10846,2017,2,2,0,0,0,0,0,0,0,0
10846,2018,2,1,1,0,0,0,1,0,0,0
10846,2020,1,1,0,0,0,0,0,0,1,0
10846,2021,1,1,0,0,0,0,0,0,0,0
10847,2023,1,1,1,0,0,1,0,0,0,0
10847,2024,2,2,0,0,0,0,0,0,0,0
10847,2025,3,3,1,0,0,0,0,0,0,0
10847,2026,3,3,1,0,0,0,0,0,1,0
10848,2012,2,2,1,0,0,1,0,0,0,0
10849,2019,6,5,0,0,0,0,1,0,2,0
10849,2024,1,1,0,0,0,0,0,0,1,0
10849,2025,2,2,0,0,0,0,0,0,0,0
10849,2026,2,2,1,0,0,0,0,0,1,0
10863,2022,1,1,0,0,0,0,0,0,0,0
10863,2023,2,0,0,0,0,0,2,0,0,0
10863,2026,1,1,0,0,0,0,0,0,1,0
10905,2024,1,1,0,0,0,0,0,0,0,0
10924,2018,1,1,0,0,0,0,0,0,0,0
10924,2025,3,3,1,0,0,1,0,0,2,0
10924,2026,3,3,1,0,0,1,0,0,1,0
10928,2026,3,3,1,0,0,0,0,0,1,0
10946,2014,1,1,1,0,0,0,0,0,0,0
10946,2018,2,2,0,0,0,0,0,0,0,0
10968,2017,2,2,0,0,0,0,0,0,0,0
10968,2018,2,2,1,0,0,1,0,0,1,0
10968,2021,3,3,2,1,0,0,0,0,0,0
10968,2024,1,1,0,0,0,0,0,0,0,0
10968,2025,3,3,0,0,0,0,0,0,1,0
10968,2026,1,1,0,0,0,0,0,0,0,0
10984,2013,1,1,1,0,0,0,0,0,0,0
10988,2018,1,1,0,0,0,0,0,0,0,0
10991,2022,3,3,0,0,0,0,0,0,0,0
10991,2023,2,2,0,0,0,0,0,0,0,0
11015,2022,1,0,0,0,0,0,1,0,0,0
11020,2019,2,1,1,1,0,0,1,0,0,0
11020,2021,1,1,0,0,0,0,0,0,0,0
11020,2022,1,1,0,0,0,0,0,0,1,0
11020,2023,1,1,0,0,0,0,0,0,1,0
11022,2022,1,1,0,0,0,0,0,0,0,0
11024,2025,1,0,0,0,0,0,1,0,0,0
11036,2023,1,1,0,0,0,0,0,0,0,0
11036,2026,1,1,0,0,0,0,0,0,0,0
11044,2021,2,2,1,0,0,0,0,0,1,0
11049,2012,1,1,0,0,0,0,0,0,0,0
11067,2018,2,2,0,0,0,0,0,0,0,0
11067,2026,2,2,0,0,0,0,0,0,2,0
11075,2023,3,3,2,0,0,2,0,0,1,0
11075,2024,3,3,0,0,0,0,0,0,2,0
11084,2013,1,1,0,0,0,0,0,0,1,0
11084,2014,1,1,1,0,0,0,0,0,0,0
11084,2015,1,0,0,0,0,0,1,0,0,0
11084,2016,1,1,0,0,0,0,0,0,0,0
11091,2022,1,1,0,0,0,0,0,0,0,0
11099,2018,1,1,1,0,0,0,0,0,0,0
11099,2024,1,1,0,0,0,0,0,0,0,0
11102,2012,2,2,0,0,0,0,0,0,0,0
11102,2013,2,2,0,0,0,0,0,0,0,0
11103,2024,1,1,0,0,0,0,0,0,0,0
11106,2017,1,1,0,0,0,0,0,0,1,0
11106,2018,1,1,1,0,0,0,0,0,0,0
11106,2023,3,2,1,0,0,1,1,0,0,0
11106,2026,1,1,0,0,0,0,0,0,0,0
11111,2014,3,3,3,1,0,0,0,0,0,0
11111,2017,3,3,0,0,0,0,0,0,2,0
11111,2019,3,3,1,0,0,0,0,0,1,0
11112,2014,1,1,0,0,0,0,0,0,1,0
11114,2016,1,1,0,0,0,0,0,0,1,0
11114,2022,2,1,1,0,0,0,1,0,0,0
11114,2024,1,0,0,0,0,0,1,0,0,0
11118,2019,2,2,0,0,0,0,0,0,0,0
11118,2020,6,5,2,0,0,1,1,0,1,0
11120,2022,2,2,0,0,0,0,0,0,1,0
11120,2023,6,6,1,1,0,0,0,0,3,0
11127,2015,3,3,0,0,0,0,0,0,1,0
11127,2016,10,9,3,1,0,1,0,0,1,1
11127,2017,7,7,0,0,0,0,0,0,3,0
11127,2019,2,2,0,0,0,0,0,0,0,0
11127,2021,3,3,1,0,0,0,0,0,0,0
11127,2023,3,3,0,0,0,0,0,0,1,0
11127,2024,3,3,1,0,0,0,0,0,0,0
11128,2017,1,0,0,0,0,0,1,0,0,0
11128,2019,1,1,0,0,0,0,0,0,1,0
11130,2022,1,1,1,1,0,0,0,0,0,0
11130,2023,3,3,0,0,0,0,0,0,1,0
11138,2013,3,2,1,0,0,0,1,0,0,0
11139,2018,1,0,0,0,0,0,1,0,0,0
11142,2016,2,2,1,0,0,0,0,0,0,0
11146,2024,2,2,0,0,0,0,0,0,2,0
11146,2026,2,2,1,0,0,1,0,0,0,0
11147,2018,5,4,1,0,0,0,1,0,0,0
11149,2021,2,2,1,1,0,0,0,0,0,0
11149,2025,1,1,0,0,0,0,0,0,0,0
11149,2026,1,1,0,0,0,0,0,0,1,0
11151,2019,1,1,1,0,0,0,0,0,0,0
11151,2021,1,1,0,0,0,0,0,0,0,0
11151,2023,3,3,0,0,0,0,0,0,1,0
11151,2024,6,6,1,0,0,0,0,0,1,0
11151,2025,3,2,0,0,0,0,1,0,1,0
11151,2026,2,2,1,0,0,0,0,0,0,0
11157,2021,1,1,0,0,0,0,0,0,0,0
11157,2023,1,0,0,0,0,0,1,0,0,0
11158,2026,9,9,2,0,0,1,0,0,1,0
11168,2022,1,1,0,0,0,0,0,0,1,0
11169,2024,1,0,0,0,0,0,1,0,0,0
11179,2017,3,3,0,0,0,0,0,0,1,0
11179,2018,2,2,2,1,0,0,0,0,0,0
11179,2019,1,1,0,0,0,0,0,0,0,0
11179,2021,1,1,0,0,0,0,0,0,0,0
11179,2022,1,1,0,0,0,0,0,0,0,0
11179,2023,2,2,0,0,0,0,0,0,1,0
11179,2024,1,1,0,0,0,0,0,0,0,0
11179,2025,1,1,1,0,0,0,0,0,0,0
11194,2025,1,1,0,0,0,0,0,0,1,0
11194,2026,1,1,1,0,0,1,0,0,0,0
11200,2019,4,4,0,0,0,0,0,0,1,0
11200,2023,1,1,0,0,0,0,0,0,1,0
11200,2024,1,1,0,0,0,0,0,0,0,0
11204,2013,2,2,2,0,0,0,0,0,0,0
11204,2016,1,1,0,0,0,0,0,0,0,0
11204,2017,3,3,1,0,0,0,0,0,0,0
11204,2019,1,1,0,0,0,0,0,0,0,0
11206,2022,2,2,1,0,0,0,0,0,0,0
11209,2023,1,1,1,0,0,0,0,0,0,0
11225,2015,3,3,2,1,0,0,0,0,1,0
11225,2019,7,6,2,0,0,0,1,0,1,0
11239,2023,2,2,0,0,0,0,0,0,1,0
11239,2025,3,2,0,0,0,0,1,0,0,0
11239,2026,3,3,0,0,0,0,0,0,2,0
11251,2014,3,3,1,1,0,0,0,0,0,0
11251,2015,8,8,2,0,0,1,0,0,0,0
11251,2016,4,4,0,0,0,0,0,0,0,0
11251,2017,9,8,1,1,0,0,1,0,2,0
11251,2018,9,9,3,0,0,2,0,0,3,0
11251,2019,3,3,1,0,0,0,0,0,0,0
11270,2019,1,1,1,0,0,0,0,0,0,0
11296,2017,2,2,0,0,0,0,0,0,1,0
11307,2025,1,1,0,0,0,0,0,0,1,0
11307,2026,1,0,0,0,0,0,1,0,0,0
11310,2019,1,0,0,0,0,0,1,0,0,0
11325,2012,1,1,1,0,0,0,0,0,0,0
11325,2013,1,0,0,0,0,0,0,0,0,0
11325,2014,1,1,1,0,0,0,0,0,0,0
11325,2015,1,1,0,0,0,0,0,0,1,0
11325,2016,3,3,2,0,0,1,0,0,0,0
11326,2012,1,1,0,0,0,0,0,0,0,0
11330,2015,3,3,1,0,0,0,0,0,1,0
11330,2018,3,2,0,0,0,0,1,0,0,0
11330,2019,6,6,1,0,0,1,0,0,1,0
11330,2020,2,2,0,0,0,0,0,0,0,0
11350,2024,2,2,1,1,0,0,0,0,0,0
11350,2025,4,4,1,1,0,0,0,0,0,0
11354,2015,4,4,3,1,0,1,0,0,0,0
11354,2017,1,1,1,0,0,0,0,0,0,0
11354,2018,1,1,0,0,0,0,0,0,0,0
11354,2021,2,2,0,0,0,0,0,0,0,0
11377,2013,1,1,1,1,0,0,0,0,0,0
11430,2021,3,2,0,0,0,0,0,0,1,1
11430,2022,2,1,1,0,0,0,1,0,0,0
11430,2023,2,1,0,0,0,0,1,0,0,0
11438,2023,1,0,0,0,0,0,1,0,0,0
11438,2025,1,1,0,0,0,0,0,0,0,0
11446,2024,2,2,0,0,0,0,0,0,0,0
11446,2025,3,3,2,1,0,0,0,0,1,0
11446,2026,3,3,1,0,0,0,0,0,0,0
11453,2021,5,5,1,0,0,0,0,0,0,0
11453,2022,2,2,1,0,0,0,0,0,1,0
11454,2023,3,3,1,0,0,0,0,0,1,0
11454,2024,3,3,0,0,0,0,0,0,0,0
11460,2013,2,2,1,0,0,0,0,0,0,0
11460,2015,1,0,0,0,0,0,1,0,0,0
11460,2016,1,1,1,0,0,0,0,0,0,0
11464,2022,1,1,0,0,0,0,0,0,0,0
11465,2019,3,2,1,0,0,0,1,0,1,0
11494,2019,2,1,0,0,0,0,1,0,0,0
11494,2024,1,1,0,0,0,0,0,0,0,0
11516,2015,1,1,0,0,0,0,0,0,1,0
11516,2016,1,1,0,0,0,0,0,0,0,0
11524,2016,3,3,1,0,0,0,0,0,0,0
11524,2017,5,5,4,0,0,2,0,0,0,0
11524,2019,2,2,0,0,0,0,0,0,1,0
11529,2025,2,2,1,0,0,0,0,0,1,0
11531,2023,1,1,0,0,0,0,0,0,0,0
11532,2023,1,0,0,0,0,0,1,0,0,0
11541,2013,2,2,0,0,0,0,0,0,0,0
11543,2015,1,1,0,0,0,0,0,0,0,0
11543,2017,1,1,0,0,0,0,0,0,0,0
11564,2019,1,1,0,0,0,0,0,0,0,0
11564,2021,3,3,1,1,0,0,0,0,1,0
11590,2015,1,0,0,0,0,0,1,0,0,0
11590,2016,1,1,1,0,0,0,0,0,0,0
11590,2017,2,2,1,0,0,1,0,0,0,0
11590,2018,1,0,0,0,0,0,1,0,0,0
11590,2020,5,5,1,0,0,0,0,0,1,0
11590,2021,8,7,2,0,0,0,1,0,2,0
11590,2024,3,3,1,0,0,1,0,0,1,0
11590,2025,2,2,0,0,0,0,0,0,0,0
11590,2026,2,1,0,0,0,0,1,0,0,0
11598,2016,2,2,1,0,0,0,0,0,0,0
11598,2018,3,3,0,0,0,0,0,0,0,0
11602,2018,1,0,0,0,0,0,1,0,0,0
11602,2021,1,1,1,0,0,0,0,0,0,0
11602,2025,2,1,0,0,0,0,1,0,0,0
11607,2013,1,1,0,0,0,0,0,0,0,0
11608,2016,3,3,0,0,0,0,0,0,1,0
11608,2018,3,3,1,1,0,0,0,0,0,0
11632,2017,1,1,0,0,0,0,0,0,1,0
11632,2019,1,1,0,0,0,0,0,0,1,0
11644,2017,1,1,1,0,0,0,0,0,0,0
11661,2025,2,2,0,0,0,0,0,0,0,0
11663,2013,3,3,0,0,0,0,0,0,3,0
11663,2014,2,2,0,0,0,0,0,0,1,0
11663,2015,2,2,0,0,0,0,0,0,1,0
11663,2016,4,4,2,0,0,0,0,0,0,0
11663,2017,1,1,0,0,0,0,0,0,0,0
11673,2019,1,1,0,0,0,0,0,0,0,0
11673,2022,1,0,0,0,0,0,1,0,0,0
11686,2018,3,3,1,0,0,0,0,0,0,0
11686,2019,3,2,0,0,0,0,1,0,0,0
11686,2022,5,4,1,0,0,0,1,0,1,0
11686,2023,2,1,0,0,0,0,1,0,0,0
11686,2024,1,1,0,0,0,0,0,0,0,0
11686,2025,1,1,1,0,0,0,0,0,0,0
11688,2016,2,2,0,0,0,0,0,0,0,0
11688,2019,3,3,2,0,0,0,0,0,1,0
11688,2020,3,3,0,0,0,0,0,0,0,0
11688,2021,7,6,1,0,0,1,1,0,0,0
11688,2022,12,11,6,0,0,3,1,0,2,0
11688,2023,6,6,3,1,0,0,0,0,0,0
11691,2024,1,1,0,0,0,0,0,0,1,0
11691,2025,1,1,1,0,0,0,0,0,0,0
11691,2026,1,1,0,0,0,0,0,0,0,0
11694,2021,2,2,1,0,0,0,0,0,1,0
11694,2023,2,2,1,1,0,0,0,0,0,0
11706,2017,1,1,0,0,0,0,0,0,0,0
11709,2021,5,3,0,0,0,0,1,1,1,0
11709,2024,3,3,1,0,0,1,0,0,1,0
11709,2025,3,2,1,0,0,0,1,0,0,0
11709,2026,3,3,1,1,0,0,0,0,0,0
11713,2015,1,1,1,0,0,1,0,0,0,0
11746,2012,1,1,1,1,0,0,0,0,0,0
11746,2013,1,1,1,0,0,0,0,0,0,0
11770,2025,1,1,1,0,0,0,0,0,0,0
11772,2024,1,1,1,0,0,0,0,0,0,0
11773,2013,7,7,1,0,0,0,0,0,1,0
11773,2017,3,3,1,0,0,0,0,0,0,0
11773,2018,5,5,2,0,0,0,0,0,0,0
11773,2019,6,4,0,0,0,0,2,0,1,0
11777,2023,1,1,0,0,0,0,0,0,0,0
11777,2024,3,3,1,0,0,0,0,0,0,0
11777,2026,1,1,1,1,0,0,0,0,0,0
11778,2023,3,3,1,0,0,0,0,0,2,0
11782,2015,2,0,0,0,0,0,2,0,0,0
11783,2025,1,1,0,0,0,0,0,0,0,0
11785,2022,1,1,0,0,0,0,0,0,0,0
11814,2018,4,4,1,0,0,0,0,0,1,0
11818,2019,4,4,1,0,0,0,0,0,1,0
11818,2021,3,2,2,0,0,2,1,0,0,0
11824,2016,1,1,0,0,0,0,0,0,0,0
11826,2018,1,1,1,0,0,0,0,0,0,0
11829,2014,3,3,1,0,0,0,0,0,1,0
11829,2015,7,4,2,0,0,0,2,1,1,0
11829,2016,6,4,1,1,0,0,1,1,1,0
11839,2016,1,1,0,0,0,0,0,0,0,0
11839,2017,3,3,0,0,0,0,0,0,0,0
11839,2018,2,2,2,1,0,0,0,0,0,0
11839,2022,1,1,0,0,0,0,0,0,0,0
11839,2023,2,2,0,0,0,0,0,0,1,0
11841,2012,3,3,1,0,0,0,0,0,1,0
11841,2013,7,6,1,1,0,0,1,0,2,0
11841,2014,3,2,0,0,0,0,1,0,1,0
11841,2015,3,3,1,0,0,0,0,0,1,0
11841,2016,7,7,2,0,1,0,0,0,2,0
11841,2017,3,3,2,0,0,1,0,0,0,0
11841,2018,6,6,0,0,0,0,0,0,2,0
11841,2023,3,3,1,1,0,0,0,0,0,0
11841,2025,3,3,2,1,0,0,0,0,0,0
11848,2022,1,1,1,0,0,0,0,0,0,0
11848,2024,1,1,0,0,0,0,0,0,0,0
11848,2025,1,1,0,0,0,0,0,0,1,0
11848,2026,4,4,0,0,0,0,0,0,2,0
11849,2023,1,1,0,0,0,0,0,0,0,0
11850,2022,1,1,0,0,0,0,0,0,1,0
11850,2024,1,1,0,0,0,0,0,0,0,0
11856,2024,2,1,0,0,0,0,1,0,1,0
11862,2012,2,2,0,0,0,0,0,0,1,0
11863,2012,7,7,2,1,0,1,0,0,3,0
11863,2016,1,1,1,0,0,0,0,0,0,0
11878,2016,1,1,0,0,0,0,0,0,0,0
11878,2017,1,1,0,0,0,0,0,0,0,0
11878,2018,1,0,0,0,0,0,1,0,0,0
11893,2015,1,1,0,0,0,0,0,0,1,0
11897,2023,1,0,0,0,0,0,1,0,0,0
11897,2024,2,2,0,0,0,0,0,0,0,0
11897,2025,3,3,1,0,0,0,0,0,0,0
11897,2026,4,3,2,0,0,0,0,0,0,1
11899,2013,3,3,1,1,0,0,0,0,0,0
11904,2013,3,3,0,0,0,0,0,0,0,0
11904,2016,2,2,0,0,0,0,0,0,2,0
11905,2018,1,1,0,0,0,0,0,0,0,0
11911,2021,1,1,0,0,0,0,0,0,0,0
11911,2024,2,2,1,0,0,0,0,0,0,0
11917,2019,6,5,1,0,0,0,1,0,2,0
11917,2024,2,2,1,0,0,0,0,0,0,0
11922,2012,1,1,0,0,0,0,0,0,1,0
11942,2017,2,2,1,0,0,1,0,0,1,0
11942,2018,3,3,0,0,0,0,0,0,1,0
11942,2019,3,3,1,1,0,0,0,0,1,0
11942,2021,6,6,2,0,0,0,0,0,0,0
11942,2022,6,6,2,0,0,0,0,0,2,0
11942,2023,3,3,0,0,0,0,0,0,0,0
11955,2023,3,3,1,1,0,0,0,0,0,0
11957,2018,1,1,1,0,0,0,0,0,0,0
11977,2023,2,1,0,0,0,0,1,0,0,0
11977,2024,3,3,0,0,0,0,0,0,1,0
11977,2025,2,2,1,0,0,0,0,0,1,0
11977,2026,2,1,0,0,0,0,1,0,0,0
11982,2015,6,5,1,0,0,0,1,0,1,0
11982,2016,6,6,1,0,0,0,0,0,1,0
11982,2019,1,1,0,0,0,0,0,0,0,0
11982,2021,3,2,0,0,0,0,1,0,0,0
11982,2022,3,3,0,0,0,0,0,0,1,0
11982,2023,5,4,2,0,0,0,1,0,0,0
11982,2024,3,3,1,0,0,0,0,0,0,0
11982,2025,1,1,0,0,0,0,0,0,0,0
12023,2013,3,3,0,0,0,0,0,0,0,0
12025,2021,2,2,0,0,0,0,0,0,2,0
12046,2013,2,2,1,0,0,0,0,0,0,0
12046,2014,2,2,2,1,0,0,0,0,0,0
12046,2015,7,7,5,1,0,0,0,0,0,0
12046,2016,4,4,1,0,0,0,0,0,1,0
12046,2017,3,3,0,0,0,0,0,0,1,0
12046,2018,1,1,0,0,0,0,0,0,0,0
12047,2021,1,1,0,0,0,0,0,0,0,0
12047,2022,1,1,1,0,0,0,0,0,0,0
12048,2024,1,1,1,0,0,1,0,0,0,0
12048,2026,1,1,0,0,0,0,0,0,0,0
12085,2019,3,3,2,0,1,0,0,0,0,0
12085,2020,1,1,0,0,0,0,0,0,0,0
12085,2021,2,2,1,0,0,0,0,0,0,0
12090,2023,2,1,1,0,0,0,0,0,0,1
12090,2025,3,2,0,0,0,0,1,0,1,0
12095,2013,3,3,1,0,0,0,0,0,0,0
12095,2014,3,3,1,1,0,0,0,0,1,0
12095,2015,6,6,1,0,0,0,0,0,1,0
12095,2016,3,3,0,0,0,0,0,0,3,0
12097,2018,3,3,2,0,0,1,0,0,0,0
12097,2019,7,7,2,0,0,1,0,0,2,0
12097,2020,3,3,1,0,0,0,0,0,0,0
12097,2021,3,3,1,1,0,0,0,0,0,0
12097,2022,2,2,1,1,0,0,0,0,0,0
12097,2023,3,2,0,0,0,0,1,0,1,0
12097,2024,1,1,0,0,0,0,0,0,0,0
12097,2025,1,1,1,1,0,0,0,0,0,0
12097,2026,2,1,0,0,0,0,1,0,0,0
12100,2013,1,1,0,0,0,0,0,0,0,0
12100,2015,2,2,0,0,0,0,0,0,0,0
12100,2016,1,1,0,0,0,0,0,0,1,0
12103,2021,1,1,1,0,0,0,0,0,0,0
12103,2023,2,1,0,0,0,0,1,0,0,0
12103,2024,1,1,1,0,0,0,0,0,0,0
12104,2019,3,2,1,0,0,0,1,0,1,0
12104,2020,2,2,1,0,0,0,0,0,1,0
12104,2021,6,5,0,0,0,0,0,0,2,1
12104,2022,9,9,3,1,0,1,0,0,0,0
12104,2023,4,4,2,0,0,0,0,0,0,0
12104,2024,11,10,4,0,0,0,1,0,1,0
12104,2025,10,9,2,0,0,0,1,0,3,0
12104,2026,9,7,1,0,0,1,2,0,4,0
12105,2015,2,2,1,1,0,0,0,0,1,0
12105,2016,2,2,1,0,0,0,0,0,0,0
12110,2013,1,1,0,0,0,0,0,0,0,0
12120,2020,1,1,0,0,0,0,0,0,0,0
12120,2023,1,1,0,0,0,0,0,0,0,0
12120,2024,1,1,0,0,0,0,0,0,0,0
12129,2024,1,1,1,0,0,0,0,0,0,0
12129,2025,2,2,0,0,0,0,0,0,0,0
12129,2026,1,1,1,0,0,1,0,0,0,0
12150,2025,2,2,0,0,0,0,0,0,0,0
12154,2016,1,1,1,0,0,1,0,0,0,0
12154,2020,1,1,0,0,0,0,0,0,1,0
12154,2021,4,4,2,1,0,0,0,0,0,0
12154,2022,1,1,0,0,0,0,0,0,0,0
12158,2025,1,0,0,0,0,0,1,0,0,0
12168,2023,2,2,2,0,0,1,0,0,0,0
12168,2024,3,3,1,0,0,0,0,0,0,0
12168,2025,3,3,1,1,0,0,0,0,0,0
12186,2018,3,2,0,0,0,0,1,0,0,0
12186,2021,3,3,1,0,0,0,0,0,0,0
12186,2022,3,3,1,0,0,0,0,0,0,0
12186,2023,5,5,1,0,0,0,0,0,1,0
12186,2025,7,7,1,0,0,0,0,0,2,0
12186,2026,3,3,1,0,0,1,0,0,2,0
12190,2026,2,1,0,0,0,0,0,0,0,1
12198,2023,2,2,0,0,0,0,0,0,0,0
12201,2014,2,2,1,0,0,0,0,0,0,0
12201,2015,3,3,1,1,0,0,0,0,2,0
12201,2017,2,2,0,0,0,0,0,0,1,0
12220,2021,1,0,0,0,0,0,1,0,0,0
12227,2022,3,3,1,1,0,0,0,0,2,0
12227,2023,1,1,1,0,0,0,0,0,0,0
12240,2016,1,1,0,0,0,0,0,0,0,0
12245,2026,1,1,0,0,0,0,0,0,1,0
12247,2019,2,1,0,0,0,0,0,1,0,0
12247,2022,3,3,2,0,0,1,0,0,1,0
12248,2020,2,2,0,0,0,0,0,0,0,0
12248,2021,6,5,1,0,0,1,1,0,2,0
12248,2022,1,1,0,0,0,0,0,0,0,0
12251,2018,1,1,0,0,0,0,0,0,0,0
12262,2026,1,1,1,0,0,0,0,0,0,0
12271,2012,2,2,0,0,0,0,0,0,1,0
12271,2014,2,2,1,0,0,0,0,0,1,0
12271,2015,2,2,0,0,0,0,0,0,2,0
12271,2016,1,1,1,1,0,0,0,0,0,0
12290,2023,2,2,0,0,0,0,0,0,1,0
12304,2019,1,1,0,0,0,0,0,0,1,0
12304,2021,1,1,1,1,0,0,0,0,0,0
12304,2022,1,1,0,0,0,0,0,0,1,0
12304,2025,1,1,0,0,0,0,0,0,1,0
12317,2024,2,2,0,0,0,0,0,0,1,0
12317,2026,3,3,1,0,0,0,0,0,0,0
12321,2013,6,6,3,1,0,1,0,0,0,0
12321,2014,2,2,0,0,0,0,0,0,1,0
12321,2015,1,1,1,0,0,1,0,0,0,0
12354,2017,3,3,0,0,0,0,0,0,0,0
12354,2019,2,2,1,0,0,0,0,0,0,0
12354,2022,1,1,0,0,0,0,0,0,0,0
12354,2025,3,3,1,0,0,0,0,0,1,0
12355,2018,2,2,1,0,0,0,0,0,1,0
12355,2020,1,1,1,0,0,0,0,0,0,0
12361,2013,2,1,0,0,0,0,1,0,0,0
12361,2015,2,2,0,0,0,0,0,0,0,0
12361,2016,2,2,1,0,0,0,0,0,1,0
12361,2017,1,1,0,0,0,0,0,0,0,0
12361,2018,1,1,1,0,0,0,0,0,0,0
12364,2023,2,2,1,1,0,0,0,0,1,0
12364,2024,5,5,2,0,0,1,0,0,0,0
12364,2026,1,1,1,0,0,0,0,0,0,0
12382,2014,2,2,0,0,0,0,0,0,1,0
12382,2015,2,2,1,0,0,1,0,0,0,0
12382,2017,2,2,0,0,0,0,0,0,2,0
12382,2019,1,1,1,0,0,0,0,0,0,0
12395,2025,1,1,0,0,0,0,0,0,0,0
12407,2024,2,2,1,0,0,0,0,0,0,0
12415,2018,1,1,1,0,0,0,0,0,0,0
12416,2018,3,2,1,0,0,0,1,0,0,0
12416,2021,1,1,0,0,0,0,0,0,0,0
12420,2026,1,1,0,0,0,0,0,0,0,0
12423,2023,4,4,1,0,0,0,0,0,0,0
12423,2024,3,3,1,0,0,0,0,0,0,0
12423,2026,1,1,0,0,0,0,0,0,1,0
12435,2019,1,1,0,0,0,0,0,0,0,0
12435,2021,1,1,0,0,0,0,0,0,0,0
12461,2013,5,5,1,0,0,0,0,0,0,0
12470,2024,3,3,0,0,0,0,0,0,1,0
12470,2025,6,6,0,0,0,0,0,0,3,0
12470,2026,3,3,0,0,0,0,0,0,0,0
12472,2015,3,3,0,0,0,0,0,0,0,0
12472,2022,12,10,4,1,0,0,2,0,4,0
12472,2023,3,3,1,0,0,1,0,0,0,0
12476,2013,1,1,0,0,0,0,0,0,0,0
12477,2018,1,1,0,0,0,0,0,0,0,0
12477,2019,4,3,2,1,0,0,1,0,0,0
12477,2021,3,3,0,0,0,0,0,0,0,0
12477,2023,3,2,1,0,0,1,1,0,1,0
12487,2021,2,1,0,0,0,0,0,0,0,1
12487,2023,2,2,1,0,0,0,0,0,0,0
12487,2024,1,1,0,0,0,0,0,0,0,0
12487,2025,3,3,2,0,0,0,0,0,0,0
12498,2024,2,1,0,0,0,0,1,0,1,0
12508,2013,2,1,1,1,0,0,1,0,0,0
12508,2014,3,3,0,0,0,0,0,0,0,0
12508,2017,3,3,0,0,0,0,0,0,0,0
12508,2019,1,0,0,0,0,0,1,0,0,0
12510,2013,7,6,5,1,0,0,1,0,0,0
12526,2013,5,3,0,0,0,0,2,0,0,0
12530,2022,3,3,2,1,0,0,0,0,1,0
12536,2015,1,1,0,0,0,0,0,0,0,0
12536,2016,8,8,0,0,0,0,0,0,0,0
12536,2017,4,4,2,1,0,0,0,0,0,0
12536,2018,2,2,0,0,0,0,0,0,2,0
12537,2013,2,2,0,0,0,0,0,0,1,0
12538,2025,3,2,0,0,0,0,1,0,0,0
12552,2019,2,2,1,0,0,1,0,0,1,0
12553,2022,1,1,0,0,0,0,0,0,0,0
12554,2019,3,2,0,0,0,0,1,0,1,0
12556,2024,3,2,1,0,0,1,1,0,1,0
12556,2025,6,6,2,0,0,0,0,0,1,0
12556,2026,12,10,1,0,0,1,1,0,6,1
12561,2018,3,3,0,0,0,0,0,0,0,0
12561,2023,1,1,1,0,0,1,0,0,0,0
12561,2024,2,0,0,0,0,0,2,0,0,0
12567,2014,2,2,0,0,0,0,0,0,0,0
12567,2016,5,4,3,2,0,1,1,0,0,0
12567,2018,1,1,1,0,0,0,0,0,0,0
12567,2023,1,1,0,0,0,0,0,0,1,0
12567,2026,2,1,1,0,0,0,1,0,0,0
12574,2026,2,2,1,0,0,0,0,0,0,0
12576,2019,1,1,0,0,0,0,0,0,0,0
12577,2021,3,3,1,0,0,1,0,0,0,0
12578,2016,2,2,0,0,0,0,0,0,0,0
12578,2017,1,1,0,0,0,0,0,0,0,0
12592,2019,1,1,0,0,0,0,0,0,0,0
12592,2020,4,3,0,0,0,0,1,0,1,0
12592,2022,3,3,1,0,0,0,0,0,0,0
12597,2014,3,3,0,0,0,0,0,0,2,0
12597,2015,1,0,0,0,0,0,1,0,0,0
12597,2016,3,3,1,0,0,1,0,0,1,0
12597,2017,2,2,0,0,0,0,0,0,1,0
12641,2025,2,1,1,0,0,1,1,0,0,0
12649,2025,1,0,0,0,0,0,1,0,0,0
12650,2014,1,1,0,0,0,0,0,0,1,0
12654,2024,2,2,1,0,0,0,0,0,1,0
12656,2013,1,1,0,0,0,0,0,0,0,0
12656,2016,2,2,1,0,0,0,0,0,1,0
12656,2018,2,2,0,0,0,0,0,0,0,0
12663,2013,4,4,1,1,0,0,0,0,1,0
12663,2015,3,3,1,0,0,0,0,0,1,0
12663,2016,1,0,0,0,0,0,1,0,0,0
12663,2018,3,3,2,0,0,2,0,0,0,0
12671,2013,1,1,1,0,0,0,0,0,0,0
12676,2026,2,2,0,0,0,0,0,0,1,0
