0,2013,2,1,1,0,0,1,1,0,0,0
5,2012,4,3,1,0,0,0,1,0,0,0
5,2013,1,1,0,0,0,0,0,0,0,0
6,2023,3,3,1,0,0,0,0,0,1,0
6,2025,2,2,0,0,0,0,0,0,0,0
14,2025,3,3,1,0,0,0,0,0,1,0
21,2021,1,1,0,0,0,0,0,0,1,0
23,2023,1,1,0,0,0,0,0,0,1,0
23,2024,1,1,0,0,0,0,0,0,0,0
23,2025,2,2,0,0,0,0,0,0,1,0
23,2026,1,1,1,0,0,0,0,0,0,0
30,2012,1,1,0,0,0,0,0,0,0,0
31,2011,1,1,0,0,0,0,0,0,0,0
31,2014,1,1,0,0,0,0,0,0,0,0
41,2009,1,1,1,1,0,0,0,0,0,0
41,2011,1,1,1,0,0,0,0,0,0,0
41,2012,1,1,0,0,0,0,0,0,0,0
49,2021,2,2,0,0,0,0,0,0,1,0
49,2023,1,1,0,0,0,0,0,0,0,0
57,2023,2,2,0,0,0,0,0,0,2,0
57,2024,1,0,0,0,0,0,1,0,0,0
57,2025,2,2,1,1,0,0,0,0,1,0
60,2010,1,1,0,0,0,0,0,0,0,0
60,2013,1,0,0,0,0,0,1,0,0,0
69,2025,2,1,0,0,0,0,1,0,0,0
73,2012,1,1,0,0,0,0,0,0,0,0
73,2015,1,1,1,1,0,0,0,0,0,0
82,2016,6,5,0,0,0,0,1,0,1,0
82,2017,4,3,1,0,0,0,1,0,1,0
86,2010,1,0,0,0,0,0,1,0,0,0
86,2011,1,0,0,0,0,0,1,0,0,0
86,2013,1,1,0,0,0,0,0,0,1,0
86,2014,1,1,1,0,1,0,0,0,0,0
86,2015,2,2,1,0,0,1,0,0,0,0
97,2021,1,1,0,0,0,0,0,0,0,0
107,2021,2,2,0,0,0,0,0,0,1,0
107,2022,1,1,0,0,0,0,0,0,0,0
114,2022,1,1,0,0,0,0,0,0,0,0
116,2011,2,2,0,0,0,0,0,0,0,0
116,2017,1,1,1,0,0,0,0,0,0,0
116,2019,4,4,0,0,0,0,0,0,2,0
118,2015,1,0,0,0,0,0,0,0,0,1
122,2024,1,1,1,0,0,0,0,0,0,0
126,2017,1,0,0,0,0,0,1,0,0,0
126,2019,3,2,1,0,0,0,1,0,1,0
126,2020,6,6,0,0,0,0,0,0,2,0
126,2021,3,3,0,0,0,0,0,0,2,0
126,2025,5,5,1,1,0,0,0,0,1,0
129,2018,1,1,0,0,0,0,0,0,0,0
129,2019,2,2,1,0,0,0,0,0,0,0
144,2018,2,1,0,0,0,0,1,0,0,0
145,2023,1,1,0,0,0,0,0,0,0,0
162,2015,1,0,0,0,0,0,1,0,0,0
174,2023,2,2,0,0,0,0,0,0,1,0
174,2025,3,3,1,1,0,0,0,0,1,0
194,2019,1,1,0,0,0,0,0,0,0,0
194,2021,1,0,0,0,0,0,0,0,0,1
194,2023,2,2,0,0,0,0,0,0,1,0
207,2025,1,0,0,0,0,0,1,0,0,0
217,2025,3,3,0,0,0,0,0,0,1,0
225,2013,5,5,2,1,0,0,0,0,1,0
225,2014,4,3,1,0,0,0,1,0,1,0
228,2021,1,1,1,0,0,0,0,0,0,0
229,2018,1,1,0,0,0,0,0,0,1,0
229,2022,1,0,0,0,0,0,0,0,0,1
229,2024,2,1,0,0,0,0,1,0,0,0
229,2025,1,1,0,0,0,0,0,0,0,0
243,2021,1,1,0,0,0,0,0,0,0,0
243,2023,1,0,0,0,0,0,1,0,0,0
243,2024,1,1,0,0,0,0,0,0,0,0
253,2012,1,1,0,0,0,0,0,0,1,0
263,2014,6,6,2,0,0,0,0,0,1,0
263,2016,1,1,0,0,0,0,0,0,0,0
263,2017,2,1,0,0,0,0,1,0,0,0
263,2018,2,2,0,0,0,0,0,0,0,0
268,2014,6,4,2,0,0,0,2,0,1,0
268,2015,3,2,0,0,0,0,0,0,1,1
268,2016,12,12,4,1,0,0,0,0,2,0
268,2017,8,7,1,0,0,1,1,0,2,0
268,2018,3,3,0,0,0,0,0,0,0,0
268,2019,2,2,1,1,0,0,0,0,0,0
268,2020,2,2,1,0,0,0,0,0,1,0
268,2022,2,2,0,0,0,0,0,0,1,0
268,2023,1,1,0,0,0,0,0,0,0,0
268,2024,2,2,0,0,0,0,0,0,0,0
269,2015,3,3,1,0,0,0,0,0,1,0
276,2025,4,4,0,0,0,0,0,0,1,0
278,2021,15,12,5,1,0,2,3,0,1,0
278,2025,1,1,0,0,0,0,0,0,0,0
299,2018,3,2,0,0,0,0,1,0,2,0
299,2023,3,3,1,0,0,0,0,0,1,0
299,2024,4,3,1,1,0,0,1,0,1,0
299,2025,3,3,1,1,0,0,0,0,0,0
303,2023,1,1,0,0,0,0,0,0,0,0
309,2021,2,2,0,0,0,0,0,0,1,0
343,2014,3,3,1,0,0,0,0,0,1,0
343,2017,3,3,3,1,0,0,0,0,0,0
343,2022,2,1,1,0,0,0,1,0,0,0
354,2009,1,1,0,0,0,0,0,0,0,0
369,2021,1,1,0,0,0,0,0,0,0,0
369,2022,2,1,0,0,0,0,1,0,0,0
380,2011,2,1,0,0,0,0,1,0,0,0
380,2012,3,3,1,0,0,0,0,0,0,0
382,2011,2,2,1,0,0,0,0,0,0,0
382,2012,4,4,1,0,0,0,0,0,1,0
382,2013,6,5,2,1,0,0,1,0,0,0
382,2015,15,12,4,1,0,0,2,1,6,0
382,2016,19,17,3,2,0,0,2,0,3,0
382,2017,13,13,1,0,0,0,0,0,1,0
382,2018,3,3,1,0,0,1,0,0,0,0
382,2021,2,2,1,0,0,1,0,0,1,0
384,2009,3,2,0,0,0,0,1,0,0,0
384,2010,9,7,0,0,0,0,2,0,0,0
384,2011,7,7,1,0,0,1,0,0,3,0
384,2012,3,3,0,0,0,0,0,0,0,0
384,2013,10,10,2,0,0,1,0,0,0,0
398,2024,1,1,0,0,0,0,0,0,1,0
398,2025,1,1,0,0,0,0,0,0,1,0
401,2022,2,2,1,1,0,0,0,0,1,0
401,2023,6,5,1,1,0,0,1,0,1,0
401,2024,3,3,1,0,0,1,0,0,0,0
401,2025,1,1,0,0,0,0,0,0,0,0
402,2016,3,3,0,0,0,0,0,0,1,0
408,2024,3,3,0,0,0,0,0,0,0,0
408,2026,1,1,0,0,0,0,0,0,0,0
417,2013,1,1,0,0,0,0,0,0,0,0
427,2011,1,1,0,0,0,0,0,0,0,0
432,2013,1,1,1,0,1,0,0,0,0,0
449,2013,1,1,0,0,0,0,0,0,0,0
449,2014,1,0,0,0,0,0,1,0,0,0
449,2015,2,1,0,0,0,0,1,0,0,0
449,2019,1,1,1,0,0,0,0,0,0,0
453,2023,1,1,0,0,0,0,0,0,1,0
453,2024,1,1,0,0,0,0,0,0,0,0
456,2010,2,1,0,0,0,0,0,0,0,1
456,2011,4,2,0,0,0,0,2,0,0,0
456,2012,6,5,3,0,0,2,1,0,1,0
456,2013,2,2,1,0,0,0,0,0,1,0
456,2015,1,0,0,0,0,0,1,0,0,0
459,2009,1,1,0,0,0,0,0,0,0,0
459,2012,1,0,0,0,0,0,0,0,0,1
459,2013,1,1,0,0,0,0,0,0,1,0
470,2025,2,2,0,0,0,0,0,0,1,0
479,2010,1,1,1,0,0,0,0,0,0,0
479,2013,5,5,2,1,0,0,0,0,1,0
490,2015,1,1,1,0,0,0,0,0,0,0
490,2016,1,1,0,0,0,0,0,0,0,0
490,2017,2,1,0,0,0,0,1,0,1,0
490,2018,2,1,1,0,0,0,1,0,0,0
490,2019,2,2,0,0,0,0,0,0,1,0
494,2010,1,1,0,0,0,0,0,0,0,0
500,2009,14,9,4,2,0,0,5,0,2,0
500,2010,6,6,1,0,0,0,0,0,1,0
500,2011,3,2,1,0,0,0,1,0,1,0
500,2012,14,12,4,0,1,0,2,0,3,0
500,2013,12,8,1,0,0,0,3,1,2,0
500,2014,6,6,2,0,0,0,0,0,2,0
500,2016,2,2,1,0,0,0,0,0,0,0
500,2017,6,6,2,0,0,0,0,0,2,0
500,2019,3,3,0,0,0,0,0,0,1,0
528,2013,3,3,0,0,0,0,0,0,2,0
532,2023,1,1,1,0,0,1,0,0,0,0
546,2009,3,3,1,0,0,0,0,0,1,0
546,2011,2,2,1,0,0,0,0,0,0,0
550,2013,1,1,0,0,0,0,0,0,1,0
557,2021,1,1,0,0,0,0,0,0,0,0
557,2024,2,2,1,0,0,1,0,0,0,0
570,2024,1,1,1,0,0,0,0,0,0,0
570,2025,1,0,0,0,0,0,1,0,0,0
570,2026,1,1,0,0,0,0,0,0,0,0
579,2022,1,1,0,0,0,0,0,0,0,0
592,2021,1,1,0,0,0,0,0,0,1,0
592,2022,1,1,0,0,0,0,0,0,0,0
592,2023,2,2,1,0,0,0,0,0,1,0
614,2019,1,1,0,0,0,0,0,0,1,0
614,2025,1,1,0,0,0,0,0,0,1,0
626,2016,1,1,1,0,0,0,0,0,0,0
626,2017,6,6,0,0,0,0,0,0,2,0
626,2019,1,1,0,0,0,0,0,0,0,0
626,2021,1,1,0,0,0,0,0,0,0,0
626,2023,1,1,0,0,0,0,0,0,0,0
629,2014,1,1,1,1,0,0,0,0,0,0
629,2017,1,1,0,0,0,0,0,0,1,0
629,2021,1,1,0,0,0,0,0,0,1,0
629,2024,1,1,1,0,0,0,0,0,0,0
635,2016,1,1,0,0,0,0,0,0,0,0
640,2014,2,1,0,0,0,0,1,0,1,0
640,2015,1,1,1,0,0,0,0,0,0,0
646,2016,1,1,0,0,0,0,0,0,1,0
646,2018,1,1,0,0,0,0,0,0,0,0
647,2018,2,1,1,0,0,0,1,0,0,0
652,2015,1,1,0,0,0,0,0,0,0,0
652,2016,1,0,0,0,0,0,1,0,0,0
652,2017,2,1,1,0,0,0,1,0,0,0
652,2018,2,2,0,0,0,0,0,0,1,0
652,2019,3,3,2,1,0,0,0,0,1,0
679,2018,2,1,0,0,0,0,1,0,0,0
680,2013,1,1,0,0,0,0,0,0,1,0
680,2020,1,1,0,0,0,0,0,0,0,0
680,2021,6,5,1,0,0,0,0,0,2,1
682,2025,1,1,1,0,0,0,0,0,0,0
683,2022,3,3,0,0,0,0,0,0,1,0
683,2024,3,2,0,0,0,0,0,1,2,0
687,2011,1,1,0,0,0,0,0,0,0,0
687,2012,1,1,1,1,0,0,0,0,0,0
687,2016,1,1,0,0,0,0,0,0,1,0
698,2011,1,1,1,0,0,0,0,0,0,0
711,2015,3,2,1,0,0,1,1,0,0,0
716,2022,1,1,0,0,0,0,0,0,1,0
716,2023,1,1,0,0,0,0,0,0,1,0
716,2024,1,1,1,0,0,0,0,0,0,0
721,2022,1,0,0,0,0,0,1,0,0,0
730,2022,2,2,0,0,0,0,0,0,0,0
747,2021,1,0,0,0,0,0,1,0,0,0
747,2022,2,1,0,0,0,0,0,1,0,0
752,2011,1,1,0,0,0,0,0,0,1,0
754,2013,2,2,1,0,0,0,0,0,0,0
762,2014,4,4,0,0,0,0,0,0,2,0
769,2023,1,1,0,0,0,0,0,0,1,0
769,2025,1,1,0,0,0,0,0,0,1,0
771,2013,3,3,2,2,0,0,0,0,0,0
773,2022,3,2,1,0,0,1,1,0,0,0
773,2026,1,1,0,0,0,0,0,0,0,0
774,2016,1,1,0,0,0,0,0,0,1,0
777,2022,1,1,0,0,0,0,0,0,1,0
778,2018,2,1,0,0,0,0,0,1,0,0
778,2022,1,1,0,0,0,0,0,0,0,0
778,2023,1,1,0,0,0,0,0,0,0,0
783,2025,1,1,0,0,0,0,0,0,0,0
786,2009,1,1,1,1,0,0,0,0,0,0
793,2012,2,1,1,0,0,0,1,0,0,0
794,2010,2,2,1,1,0,0,0,0,0,0
794,2011,1,1,0,0,0,0,0,0,0,0
794,2012,1,1,0,0,0,0,0,0,0,0
794,2013,1,1,0,0,0,0,0,0,1,0
794,2014,1,1,1,0,0,0,0,0,0,0
794,2015,2,2,0,0,0,0,0,0,1,0
794,2016,2,2,1,1,0,0,0,0,0,0
795,2009,3,3,1,0,1,0,0,0,0,0
795,2010,1,1,0,0,0,0,0,0,0,0
795,2012,1,1,1,0,0,0,0,0,0,0
795,2013,1,1,0,0,0,0,0,0,0,0
801,2022,2,2,0,0,0,0,0,0,1,0
801,2024,2,2,0,0,0,0,0,0,1,0
812,2012,1,1,0,0,0,0,0,0,1,0
812,2013,1,1,0,0,0,0,0,0,0,0
829,2024,3,3,1,1,0,0,0,0,0,0
844,2021,3,2,0,0,0,0,1,0,1,0
844,2024,1,1,0,0,0,0,0,0,0,0
859,2009,1,1,0,0,0,0,0,0,0,0
861,2013,2,2,0,0,0,0,0,0,1,0
861,2014,1,1,0,0,0,0,0,0,0,0
861,2017,2,2,1,1,0,0,0,0,0,0
875,2011,1,0,0,0,0,0,1,0,0,0
876,2015,3,2,1,0,0,0,1,0,0,0
876,2016,2,2,1,0,0,1,0,0,0,0
880,2009,1,1,0,0,0,0,0,0,0,0
883,2025,1,0,0,0,0,0,0,1,0,0
885,2021,1,1,0,0,0,0,0,0,0,0
887,2012,3,2,2,0,0,1,1,0,0,0
891,2025,1,1,0,0,0,0,0,0,1,0
904,2019,3,2,0,0,0,0,1,0,2,0
904,2022,2,2,0,0,0,0,0,0,0,0
904,2024,3,3,2,0,0,0,0,0,0,0
919,2020,1,1,0,0,0,0,0,0,0,0
919,2021,1,0,0,0,0,0,1,0,0,0
920,2009,1,1,0,0,0,0,0,0,1,0
920,2010,1,1,0,0,0,0,0,0,0,0
920,2011,3,3,0,0,0,0,0,0,0,0
920,2012,2,2,1,0,0,0,0,0,0,0
927,2013,3,3,2,0,0,0,0,0,1,0
927,2015,3,3,1,0,0,0,0,0,0,0
927,2016,2,2,1,0,0,0,0,0,0,0
927,2018,9,9,1,0,0,0,0,0,4,0
927,2019,1,1,1,0,0,0,0,0,0,0
934,2018,1,1,1,0,0,0,0,0,0,0
943,2021,4,4,0,0,0,0,0,0,2,0
943,2022,1,1,0,0,0,0,0,0,0,0
943,2023,4,3,1,0,0,0,1,0,0,0
944,2019,1,1,0,0,0,0,0,0,0,0
944,2021,2,2,1,0,0,0,0,0,0,0
946,2025,2,1,0,0,0,0,1,0,0,0
962,2010,6,6,2,1,0,0,0,0,0,0
962,2011,7,6,2,1,0,0,1,0,0,0
962,2012,7,7,1,0,0,0,0,0,3,0
968,2022,3,3,1,0,0,1,0,0,0,0
968,2023,2,2,0,0,0,0,0,0,1,0
968,2024,1,1,0,0,0,0,0,0,1,0
968,2026,1,0,0,0,0,0,1,0,0,0
984,2024,2,2,1,0,0,0,0,0,0,0
985,2009,4,4,1,0,0,0,0,0,0,0
986,2025,1,1,1,0,0,0,0,0,0,0
989,2023,4,4,0,0,0,0,0,0,1,0
989,2024,3,3,0,0,0,0,0,0,1,0
992,2014,1,1,1,0,0,0,0,0,0,0
994,2016,2,2,1,0,0,0,0,0,0,0
1009,2009,7,6,1,0,0,0,1,0,2,0
1009,2010,3,3,0,0,0,0,0,0,1,0
1009,2012,7,4,1,0,0,0,3,0,1,0
1009,2015,1,1,0,0,0,0,0,0,0,0
1009,2016,2,2,0,0,0,0,0,0,0,0
1027,2013,1,1,0,0,0,0,0,0,1,0
1027,2015,1,1,0,0,0,0,0,0,0,0
1027,2016,1,1,0,0,0,0,0,0,0,0
1027,2017,1,1,0,0,0,0,0,0,0,0
1032,2023,1,1,0,0,0,0,0,0,1,0
1035,2010,1,1,0,0,0,0,0,0,0,0
1070,2009,3,3,0,0,0,0,0,0,0,0
1070,2010,4,4,0,0,0,0,0,0,0,0
1070,2011,4,3,1,0,0,0,0,1,1,0
1070,2012,1,1,1,0,0,0,0,0,0,0
1070,2013,1,1,0,0,0,0,0,0,0,0
1087,2015,3,0,0,0,0,0,3,0,0,0
1088,2026,1,1,0,0,0,0,0,0,0,0
1095,2010,3,3,0,0,0,0,0,0,1,0
1119,2024,2,2,0,0,0,0,0,0,1,0
1176,2025,3,3,1,0,0,0,0,0,0,0
1181,2012,2,2,1,0,0,0,0,0,1,0
1197,2016,4,4,2,0,0,0,0,0,0,0
1197,2017,1,1,0,0,0,0,0,0,0,0
1200,2012,1,1,1,0,0,0,0,0,0,0
1200,2013,2,0,0,0,0,0,2,0,0,0
1200,2014,1,1,0,0,0,0,0,0,1,0
1200,2018,4,4,2,0,0,0,0,0,1,0
1200,2019,1,1,0,0,0,0,0,0,0,0
1200,2020,2,2,1,0,0,0,0,0,1,0
1200,2021,4,4,1,0,0,1,0,0,0,0
1204,2017,3,3,2,0,0,1,0,0,0,0
1204,2018,3,3,0,0,0,0,0,0,0,0
1204,2024,2,2,1,0,0,0,0,0,0,0
1204,2025,7,5,2,0,0,1,2,0,2,0
1206,2009,2,2,0,0,0,0,0,0,0,0
1206,2015,1,1,1,0,0,1,0,0,0,0
1206,2016,4,3,1,1,0,0,1,0,0,0
1210,2024,2,1,0,0,0,0,1,0,0,0
1214,2012,3,3,0,0,0,0,0,0,3,0
1214,2013,1,0,0,0,0,0,1,0,0,0
1214,2014,1,1,0,0,0,0,0,0,1,0
1214,2017,1,1,0,0,0,0,0,0,0,0
1214,2019,1,0,0,0,0,0,1,0,0,0
1214,2020,3,3,0,0,0,0,0,0,2,0
1214,2021,1,0,0,0,0,0,1,0,0,0
1215,2016,1,1,1,0,0,0,0,0,0,0
1215,2018,1,1,0,0,0,0,0,0,1,0
1216,2017,1,1,1,0,0,1,0,0,0,0
1216,2018,6,6,1,0,0,0,0,0,3,0
1222,2018,1,1,0,0,0,0,0,0,0,0
1229,2023,3,3,0,0,0,0,0,0,3,0
1229,2025,3,3,1,0,0,0,0,0,0,0
1257,2023,1,1,0,0,0,0,0,0,1,0
1258,2018,1,1,0,0,0,0,0,0,0,0
1258,2020,1,1,1,0,0,0,0,0,0,0
1258,2022,2,2,0,0,0,0,0,0,1,0
1265,2010,1,1,0,0,0,0,0,0,0,0
1265,2011,1,1,0,0,0,0,0,0,0,0
1269,2022,2,0,0,0,0,0,2,0,0,0
1269,2023,1,0,0,0,0,0,1,0,0,0
1274,2017,4,3,0,0,0,0,1,0,1,0
1274,2018,2,2,1,0,0,0,0,0,0,0
1274,2019,1,1,1,0,0,0,0,0,0,0
1274,2022,2,2,1,0,0,0,0,0,0,0
1274,2023,1,1,0,0,0,0,0,0,1,0
1274,2024,1,1,0,0,0,0,0,0,0,0
1289,2010,1,1,0,0,0,0,0,0,1,0
1296,2018,1,1,0,0,0,0,0,0,0,0
1296,2020,1,1,0,0,0,0,0,0,0,0
1296,2024,1,1,0,0,0,0,0,0,1,0
1303,2019,2,2,2,0,0,1,0,0,0,0
1303,2020,2,1,0,0,0,0,1,0,0,0
1303,2021,1,0,0,0,0,0,1,0,0,0
1303,2022,2,2,0,0,0,0,0,0,0,0
1337,2011,3,3,2,1,0,0,0,0,1,0
1337,2014,2,0,0,0,0,0,1,1,0,0
1337,2020,2,2,0,0,0,0,0,0,0,0
1368,2012,3,3,1,1,0,0,0,0,1,0
1368,2013,2,2,1,1,0,0,0,0,1,0
1368,2014,1,1,0,0,0,0,0,0,0,0
1368,2021,1,1,1,1,0,0,0,0,0,0
1377,2012,2,2,1,0,0,0,0,0,0,0
1378,2014,3,2,0,0,0,0,1,0,0,0
1378,2015,1,0,0,0,0,0,1,0,0,0
1379,2024,2,2,0,0,0,0,0,0,1,0
1394,2024,3,3,1,0,0,0,0,0,1,0
1418,2025,2,2,1,0,0,0,0,0,0,0
1433,2009,1,1,0,0,0,0,0,0,0,0
1433,2012,2,2,1,0,0,1,0,0,0,0
1433,2013,3,3,2,0,0,0,0,0,0,0
1433,2014,5,5,1,0,0,1,0,0,1,0
1433,2015,1,1,0,0,0,0,0,0,0,0
1433,2016,6,5,1,0,0,0,1,0,1,0
1436,2021,3,3,0,0,0,0,0,0,1,0
1436,2022,8,6,3,2,0,0,2,0,1,0
1472,2024,1,1,1,0,0,0,0,0,0,0
1474,2025,3,2,1,0,0,0,1,0,1,0
1477,2014,2,1,0,0,0,0,1,0,1,0
1477,2018,9,7,5,1,0,1,2,0,1,0
1478,2014,6,5,1,0,0,1,0,1,1,0
1482,2010,2,2,1,0,0,0,0,0,0,0
1484,2013,1,1,0,0,0,0,0,0,0,0
1495,2010,3,3,1,0,0,0,0,0,0,0
1496,2018,3,2,1,0,0,0,1,0,1,0
1496,2024,3,3,0,0,0,0,0,0,1,0
1514,2011,6,6,0,0,0,0,0,0,2,0
1514,2013,4,3,2,0,0,0,1,0,0,0
1514,2014,2,1,0,0,0,0,1,0,0,0
1514,2015,3,3,1,0,0,0,0,0,0,0
1514,2016,3,3,0,0,0,0,0,0,0,0
1514,2017,3,3,0,0,0,0,0,0,1,0
1514,2021,6,4,1,0,0,0,2,0,0,0
1514,2022,3,3,1,0,0,0,0,0,1,0
1515,2023,1,1,0,0,0,0,0,0,0,0
1518,2022,2,2,1,0,0,0,0,0,0,0
1534,2013,6,6,1,0,0,0,0,0,1,0
1541,2025,1,0,0,0,0,0,1,0,0,0
1544,2009,1,1,0,0,0,0,0,0,1,0
1544,2013,1,1,1,0,0,0,0,0,0,0
1556,2014,6,6,2,1,0,0,0,0,0,0
1561,2012,1,1,1,1,0,0,0,0,0,0
1562,2018,1,1,0,0,0,0,0,0,1,0
1562,2019,2,2,0,0,0,0,0,0,0,0
1562,2023,9,8,2,2,0,0,0,1,0,0
1565,2009,2,2,1,1,0,0,0,0,0,0
1567,2010,2,2,0,0,0,0,0,0,0,0
1567,2011,1,1,1,0,0,1,0,0,0,0
1578,2024,1,1,0,0,0,0,0,0,0,0
1583,2009,4,3,1,0,0,0,1,0,1,0
1583,2012,1,1,1,0,0,0,0,0,0,0
1594,2018,1,0,0,0,0,0,1,0,0,0
1594,2024,1,1,1,0,0,0,0,0,0,0
1596,2010,6,6,2,1,0,0,0,0,0,0
1599,2016,2,2,1,0,0,0,0,0,0,0
1599,2023,1,1,1,1,0,0,0,0,0,0
1616,2016,4,4,1,1,0,0,0,0,0,0
1616,2017,4,3,2,1,0,0,1,0,0,0
1616,2018,1,0,0,0,0,0,1,0,0,0
1619,2013,2,2,1,0,0,0,0,0,0,0
1619,2014,1,1,1,0,1,0,0,0,0,0
1623,2023,2,1,0,0,0,0,1,0,1,0
1623,2025,2,1,0,0,0,0,0,0,0,0
1643,2012,1,1,0,0,0,0,0,0,1,0
1643,2013,1,1,1,0,0,0,0,0,0,0
1648,2022,1,1,0,0,0,0,0,0,1,0
1651,2019,2,0,0,0,0,0,2,0,0,0
1651,2021,1,1,1,0,0,0,0,0,0,0
1651,2022,1,1,0,0,0,0,0,0,0,0
1651,2023,1,1,1,0,0,0,0,0,0,0
1651,2024,1,1,0,0,0,0,0,0,0,0
1651,2025,1,0,0,0,0,0,1,0,0,0
1666,2010,3,2,0,0,0,0,1,0,0,0
1666,2013,6,3,3,1,0,0,2,0,0,1
1666,2014,3,2,1,1,0,0,1,0,0,0
1666,2015,3,3,1,1,0,0,0,0,0,0
1666,2016,3,2,1,0,0,1,0,1,1,0
1666,2018,6,5,1,0,0,0,1,0,0,0
1669,2009,7,5,0,0,0,0,2,0,2,0
1669,2010,3,2,1,0,0,0,1,0,0,0
1669,2011,3,3,0,0,0,0,0,0,1,0
1669,2012,3,3,0,0,0,0,0,0,0,0
1669,2013,5,5,3,1,0,0,0,0,0,0
1669,2016,3,3,1,0,0,1,0,0,0,0
1669,2017,2,2,1,0,0,1,0,0,0,0
1701,2025,3,3,0,0,0,0,0,0,1,0
1725,2016,3,1,0,0,0,0,2,0,0,0
1725,2017,1,0,0,0,0,0,1,0,0,0
1732,2011,1,1,0,0,0,0,0,0,0,0
1732,2012,3,3,2,1,0,0,0,0,1,0
1732,2013,3,3,0,0,0,0,0,0,0,0
1752,2024,3,3,1,1,0,0,0,0,0,0
1752,2025,3,3,0,0,0,0,0,0,0,0
1756,2022,1,1,0,0,0,0,0,0,0,0
1756,2024,1,1,0,0,0,0,0,0,1,0
1756,2025,2,2,1,0,0,0,0,0,0,0
1767,2013,2,2,1,0,0,0,0,0,1,0
1769,2010,1,1,0,0,0,0,0,0,0,0
1773,2010,2,1,0,0,0,0,1,0,1,0
1773,2011,6,5,4,0,0,0,1,0,1,0
1773,2012,3,3,3,1,0,0,0,0,0,0
1773,2016,1,1,1,0,0,1,0,0,0,0
1789,2009,2,2,0,0,0,0,0,0,2,0
1789,2010,1,0,0,0,0,0,1,0,0,0
1794,2023,1,1,1,0,0,0,0,0,0,0
1798,2018,1,1,0,0,0,0,0,0,0,0
1798,2019,1,0,0,0,0,0,1,0,0,0
1801,2010,3,2,0,0,0,0,1,0,1,0
1801,2014,3,3,3,1,1,0,0,0,0,0
1806,2009,4,4,0,0,0,0,0,0,0,0
1806,2010,7,7,2,1,0,0,0,0,0,0
1806,2011,17,17,7,1,0,2,0,0,1,0
1807,2011,1,0,0,0,0,0,0,0,0,1
1808,2011,1,1,0,0,0,0,0,0,0,0
1808,2012,2,2,2,0,0,0,0,0,0,0
1808,2013,1,1,0,0,0,0,0,0,1,0
1808,2014,2,1,0,0,0,0,1,0,0,0
1820,2011,3,3,0,0,0,0,0,0,2,0
1820,2021,3,3,1,1,0,0,0,0,0,0
1820,2022,2,1,1,1,0,0,1,0,0,0
1820,2023,3,2,1,0,0,0,1,0,0,0
1821,2018,1,1,1,0,0,0,0,0,0,0
1858,2010,3,3,1,0,0,0,0,0,0,0
1858,2013,6,6,2,0,0,0,0,0,1,0
1858,2015,3,2,0,0,0,0,1,0,0,0
1867,2025,2,2,1,0,0,0,0,0,0,0
1883,2018,1,1,0,0,0,0,0,0,1,0
1883,2021,1,1,0,0,0,0,0,0,0,0
1883,2024,1,1,0,0,0,0,0,0,0,0
1884,2020,2,2,1,0,0,0,0,0,0,0
1892,2021,2,2,1,0,0,0,0,0,0,0
1900,2018,1,1,0,0,0,0,0,0,0,0
1902,2022,1,1,0,0,0,0,0,0,0,0
1905,2017,5,5,0,0,0,0,0,0,2,0
1905,2018,3,3,1,1,0,0,0,0,1,0
1905,2021,3,3,0,0,0,0,0,0,2,0
1905,2025,3,3,0,0,0,0,0,0,1,0
1908,2016,1,1,0,0,0,0,0,0,0,0
1908,2018,1,1,0,0,0,0,0,0,0,0
1908,2020,1,1,0,0,0,0,0,0,0,0
1908,2021,2,1,0,0,0,0,1,0,1,0
1909,2022,1,0,0,0,0,0,1,0,0,0
1937,2024,1,1,0,0,0,0,0,0,0,0
1937,2025,5,4,2,0,0,1,1,0,0,0
1941,2024,1,1,1,0,0,0,0,0,0,0
1943,2011,4,3,1,1,0,0,1,0,0,0
1943,2017,2,2,0,0,0,0,0,0,1,0
1943,2018,1,1,1,0,0,0,0,0,0,0
1966,2020,1,1,0,0,0,0,0,0,0,0
1966,2021,3,3,1,0,0,0,0,0,1,0
1966,2022,3,2,0,0,0,0,1,0,0,0
1968,2017,1,1,0,0,0,0,0,0,1,0
1970,2010,1,1,0,0,0,0,0,0,0,0
1971,2009,2,0,0,0,0,0,2,0,0,0
1971,2011,6,6,2,0,0,1,0,0,1,0
1971,2012,3,3,1,0,0,0,0,0,0,0
1971,2013,3,3,1,0,0,0,0,0,0,0
1971,2016,3,2,0,0,0,0,1,0,1,0
1971,2018,3,2,0,0,0,0,0,1,1,0
1971,2019,3,2,1,0,0,1,1,0,1,0
1971,2021,1,0,0,0,0,0,1,0,0,0
1971,2022,1,1,0,0,0,0,0,0,0,0
1974,2015,1,1,0,0,0,0,0,0,0,0
1974,2016,2,1,0,0,0,0,1,0,0,0
1974,2017,1,1,0,0,0,0,0,0,1,0
1974,2018,3,2,2,2,0,0,1,0,0,0
1974,2021,1,1,0,0,0,0,0,0,0,0
1974,2023,1,0,0,0,0,0,1,0,0,0
1974,2024,1,1,1,0,0,0,0,0,0,0
1982,2015,2,2,1,0,0,0,0,0,0,0
1991,2011,2,2,1,0,0,0,0,0,1,0
1991,2012,2,0,0,0,0,0,1,1,0,0
1991,2013,3,3,1,0,0,0,0,0,1,0
1991,2014,2,2,0,0,0,0,0,0,2,0
1991,2015,2,2,0,0,0,0,0,0,1,0
1991,2016,4,4,0,0,0,0,0,0,2,0
1991,2017,1,0,0,0,0,0,1,0,0,0
1991,2021,1,1,1,0,0,1,0,0,0,0
1995,2012,2,2,0,0,0,0,0,0,1,0
2002,2018,2,2,0,0,0,0,0,0,1,0
2002,2021,1,1,0,0,0,0,0,0,1,0
2006,2017,3,3,1,0,0,1,0,0,0,0
2006,2018,2,0,0,0,0,0,2,0,0,0
2006,2019,2,2,1,0,0,1,0,0,0,0
2006,2021,1,0,0,0,0,0,1,0,0,0
2011,2010,1,0,0,0,0,0,1,0,0,0
2011,2016,2,2,0,0,0,0,0,0,1,0
2011,2022,2,2,1,0,0,0,0,0,0,0
2011,2024,1,1,0,0,0,0,0,0,1,0
2018,2009,3,3,0,0,0,0,0,0,0,0
2018,2012,3,2,2,1,0,1,1,0,0,0
2022,2012,3,3,1,0,0,0,0,0,0,0
2022,2016,3,3,0,0,0,0,0,0,0,0
2022,2018,3,3,2,1,0,0,0,0,0,0
2022,2019,2,2,1,0,1,0,0,0,1,0
2035,2018,2,1,0,0,0,0,1,0,0,0
2035,2023,3,2,0,0,0,0,1,0,1,0
2042,2025,3,3,1,0,0,0,0,0,0,0
2065,2014,1,1,1,0,0,0,0,0,0,0
2079,2018,2,2,0,0,0,0,0,0,0,0
2083,2014,4,3,1,0,0,0,1,0,0,0
2083,2015,2,1,0,0,0,0,1,0,0,0
2083,2016,2,1,0,0,0,0,1,0,1,0
2083,2017,2,1,0,0,0,0,1,0,0,0
2089,2010,1,1,1,1,0,0,0,0,0,0
2089,2012,2,2,0,0,0,0,0,0,1,0
2089,2013,1,1,1,0,0,0,0,0,0,0
2089,2015,2,2,0,0,0,0,0,0,1,0
2089,2016,2,2,1,0,0,0,0,0,0,0
2089,2018,3,3,1,0,0,0,0,0,0,0
2089,2022,2,2,0,0,0,0,0,0,2,0
2090,2013,2,1,0,0,0,0,1,0,1,0
2093,2024,7,5,1,0,0,0,2,0,0,0
2093,2025,6,5,1,0,0,0,1,0,1,0
2124,2021,1,1,0,0,0,0,0,0,1,0
2124,2023,1,1,0,0,0,0,0,0,0,0
2127,2024,1,1,1,0,0,1,0,0,0,0
2127,2025,1,1,0,0,0,0,0,0,0,0
2129,2016,1,1,0,0,0,0,0,0,1,0
2134,2021,1,1,0,0,0,0,0,0,0,0
2135,2024,1,1,0,0,0,0,0,0,1,0
2146,2013,1,1,1,1,0,0,0,0,0,0
2152,2022,1,1,0,0,0,0,0,0,0,0
2152,2023,3,2,2,1,0,0,0,0,0,1
2161,2009,2,2,1,0,0,1,0,0,0,0
2161,2010,3,3,1,0,0,0,0,0,1,0
2161,2011,1,1,0,0,0,0,0,0,0,0
2161,2012,3,2,1,0,0,0,1,0,0,0
2161,2013,2,2,1,0,0,0,0,0,0,0
2161,2015,2,1,0,0,0,0,0,1,1,0
2161,2016,1,0,0,0,0,0,1,0,0,0
2161,2017,1,0,0,0,0,0,1,0,0,0
2161,2018,1,1,0,0,0,0,0,0,1,0
2161,2021,2,2,0,0,0,0,0,0,1,0
2175,2014,3,3,2,0,0,0,0,0,0,0
2175,2017,3,3,1,0,0,0,0,0,0,0
2175,2020,3,3,1,0,0,0,0,0,0,0
2175,2022,3,3,1,0,0,0,0,0,1,0
2185,2009,2,2,0,0,0,0,0,0,2,0
2185,2010,4,4,0,0,0,0,0,0,1,0
2185,2011,2,1,0,0,0,0,1,0,0,0
2192,2010,1,1,0,0,0,0,0,0,0,0
2204,2016,2,1,0,0,0,0,1,0,1,0
2204,2020,2,2,0,0,0,0,0,0,2,0
2205,2011,3,2,0,0,0,0,1,0,1,0
2205,2012,3,3,2,0,0,0,0,0,0,0
2212,2018,3,3,0,0,0,0,0,0,2,0
2212,2020,3,3,1,0,0,0,0,0,0,0
2215,2012,1,1,0,0,0,0,0,0,1,0
2215,2016,1,1,0,0,0,0,0,0,1,0
2215,2018,1,0,0,0,0,0,0,1,0,0
2228,2011,3,2,1,0,0,0,1,0,0,0
2228,2012,1,1,0,0,0,0,0,0,1,0
2228,2013,2,1,0,0,0,0,1,0,0,0
2228,2014,3,3,0,0,0,0,0,0,0,0
2228,2015,4,4,0,0,0,0,0,0,1,0
2228,2017,3,3,1,0,0,0,0,0,1,0
2236,2017,1,1,1,1,0,0,0,0,0,0
2236,2018,1,1,0,0,0,0,0,0,0,0
2236,2022,2,1,1,1,0,0,1,0,0,0
2237,2013,4,4,1,0,0,0,0,0,1,0
2237,2014,4,4,2,0,0,0,0,0,0,0
2237,2015,3,1,0,0,0,0,2,0,1,0
2237,2016,3,3,2,1,0,0,0,0,0,0
2240,2009,2,2,0,0,0,0,0,0,0,0
2242,2009,1,1,0,0,0,0,0,0,0,0
2268,2016,3,3,1,0,0,0,0,0,0,0
2268,2017,2,2,1,0,0,0,0,0,0,0
2280,2014,1,1,1,1,0,0,0,0,0,0
2280,2015,2,2,1,0,0,0,0,0,0,0
2282,2010,2,2,0,0,0,0,0,0,0,0
2282,2011,2,2,2,0,0,0,0,0,0,0
2286,2022,2,2,1,0,0,0,0,0,1,0
2291,2010,2,2,1,0,0,0,0,0,0,0
2306,2015,3,3,0,0,0,0,0,0,2,0
2322,2012,3,1,1,0,0,0,1,0,0,1
2322,2016,6,5,0,0,0,0,1,0,1,0
2322,2017,3,3,1,0,0,0,0,0,0,0
2322,2018,18,16,2,1,0,0,2,0,6,0
2322,2019,4,3,1,0,0,0,1,0,1,0
2322,2020,6,5,1,0,0,0,1,0,0,0
2322,2021,9,8,4,1,0,2,1,0,0,0
2322,2022,6,6,1,0,0,1,0,0,1,0
2322,2023,3,3,1,1,0,0,0,0,0,0
2322,2024,3,3,1,0,0,1,0,0,1,0
2331,2015,1,1,0,0,0,0,0,0,1,0
2333,2009,2,2,0,0,0,0,0,0,2,0
2333,2010,4,4,2,1,0,0,0,0,1,0
2333,2011,1,0,0,0,0,0,1,0,0,0
2343,2011,1,1,1,0,0,1,0,0,0,0
2355,2010,3,1,1,0,0,0,2,0,0,0
2355,2012,3,2,1,0,0,1,1,0,0,0
2358,2009,3,3,0,0,0,0,0,0,2,0
2358,2010,3,2,0,0,0,0,0,1,0,0
2358,2015,3,3,0,0,0,0,0,0,0,0
2368,2021,1,1,0,0,0,0,0,0,1,0
2372,2025,1,1,0,0,0,0,0,0,1,0
2380,2016,2,2,1,0,0,0,0,0,0,0
2383,2022,1,1,0,0,0,0,0,0,0,0
2384,2013,1,1,1,0,1,0,0,0,0,0
2384,2015,1,1,0,0,0,0,0,0,0,0
2388,2016,1,0,0,0,0,0,1,0,0,0
2429,2016,3,3,0,0,0,0,0,0,0,0
2449,2017,1,1,0,0,0,0,0,0,1,0
2449,2018,1,1,0,0,0,0,0,0,0,0
2459,2022,1,1,1,0,0,0,0,0,0,0
2460,2024,1,1,0,0,0,0,0,0,1,0
2467,2024,1,1,0,0,0,0,0,0,1,0
2482,2012,1,1,0,0,0,0,0,0,1,0
2490,2021,6,4,0,0,0,0,2,0,1,0
2490,2022,1,1,0,0,0,0,0,0,0,0
2497,2022,1,1,0,0,0,0,0,0,1,0
2497,2023,2,1,0,0,0,0,1,0,1,0
2497,2024,3,1,1,0,0,0,2,0,0,0
2497,2026,1,1,1,0,0,0,0,0,0,0
2505,2009,1,1,0,0,0,0,0,0,1,0
2512,2012,3,3,1,0,0,0,0,0,1,0
2513,2023,1,0,0,0,0,0,1,0,0,0
2513,2025,1,1,0,0,0,0,0,0,0,0
2518,2023,1,1,0,0,0,0,0,0,0,0
2518,2024,2,1,0,0,0,0,1,0,1,0
2525,2009,9,8,4,0,0,2,1,0,1,0
2525,2010,15,14,2,0,0,1,1,0,1,0
2525,2011,6,6,2,2,0,0,0,0,1,0
2525,2012,10,8,1,0,0,0,2,0,2,0
2525,2013,5,3,0,0,0,0,1,1,1,0
2525,2014,22,20,8,2,1,1,1,1,6,0
2525,2015,3,3,1,0,0,0,0,0,0,0
2525,2016,3,3,0,0,0,0,0,0,3,0
2525,2017,3,1,1,0,0,0,1,1,0,0
2525,2021,3,3,1,0,0,1,0,0,1,0
2527,2018,2,2,1,0,0,0,0,0,0,0
2540,2015,1,1,0,0,0,0,0,0,0,0
2547,2023,1,1,1,1,0,0,0,0,0,0
2552,2020,1,1,1,0,0,0,0,0,0,0
2552,2021,2,0,0,0,0,0,2,0,0,0
2554,2018,1,1,0,0,0,0,0,0,1,0
2567,2010,2,2,2,0,0,0,0,0,0,0
2574,2009,2,2,1,0,1,0,0,0,1,0
2590,2010,3,2,0,0,0,0,1,0,1,0
2590,2015,3,3,2,0,0,0,0,0,0,0
2599,2025,1,1,0,0,0,0,0,0,0,0
2604,2025,1,1,1,0,0,0,0,0,0,0
2606,2013,3,3,1,0,0,0,0,0,1,0
2606,2016,2,2,0,0,0,0,0,0,1,0
2606,2019,3,2,0,0,0,0,1,0,1,0
2606,2021,3,2,1,0,0,0,1,0,0,0
2606,2022,3,2,1,0,0,0,1,0,1,0
2606,2023,3,1,1,0,0,0,2,0,0,0
2625,2022,2,2,0,0,0,0,0,0,1,0
2640,2009,3,2,1,1,0,0,1,0,0,0
2640,2010,3,3,2,0,0,1,0,0,0,0
2640,2011,3,2,1,0,0,0,1,0,0,0
2676,2017,5,5,1,0,0,0,0,0,1,0
2687,2021,3,3,0,0,0,0,0,0,0,0
2687,2023,1,1,0,0,0,0,0,0,0,0
2690,2015,1,1,0,0,0,0,0,0,1,0
2690,2017,3,2,1,1,0,0,1,0,0,0
2690,2018,3,2,1,0,0,0,1,0,0,0
2690,2019,1,1,1,0,0,0,0,0,0,0
2692,2015,5,3,1,0,0,0,2,0,0,0
2692,2016,2,2,0,0,0,0,0,0,0,0
2692,2017,9,7,3,0,0,1,1,0,1,1
2692,2019,3,2,1,1,0,0,1,0,1,0
2692,2021,2,2,1,1,0,0,0,0,1,0
2692,2022,2,2,0,0,0,0,0,0,0,0
2703,2016,1,1,0,0,0,0,0,0,1,0
2703,2020,2,2,1,0,0,1,0,0,1,0
2703,2021,1,1,0,0,0,0,0,0,0,0
2727,2013,1,1,0,0,0,0,0,0,0,0
2727,2014,4,4,2,0,1,0,0,0,1,0
2727,2015,2,2,0,0,0,0,0,0,1,0
2728,2021,1,1,0,0,0,0,0,0,0,0
2731,2014,6,5,3,0,0,0,1,0,0,0
2731,2016,6,6,0,0,0,0,0,0,2,0
2731,2017,3,3,1,0,0,0,0,0,1,0
2731,2018,3,3,0,0,0,0,0,0,3,0
2731,2020,5,5,1,0,0,0,0,0,1,0
2731,2021,6,5,2,0,0,0,0,0,1,1
2731,2025,3,3,0,0,0,0,0,0,1,0
2743,2022,3,3,0,0,0,0,0,0,1,0
2749,2013,2,2,1,0,0,0,0,0,1,0
2750,2011,1,1,0,0,0,0,0,0,0,0
2751,2013,1,1,1,0,0,0,0,0,0,0
2754,2009,3,3,2,0,1,0,0,0,0,0
2754,2010,7,7,1,1,0,0,0,0,1,0
2754,2011,2,1,0,0,0,0,1,0,0,0
2754,2013,5,3,2,1,0,0,2,0,0,0
2754,2014,3,2,0,0,0,0,1,0,0,0
2754,2015,3,3,1,0,0,0,0,0,1,0
2754,2016,4,4,2,0,0,2,0,0,1,0
2754,2017,1,1,0,0,0,0,0,0,1,0
2754,2018,2,2,1,0,0,0,0,0,0,0
2762,2015,3,3,0,0,0,0,0,0,1,0
2762,2016,6,5,2,0,0,0,0,1,2,0
2763,2014,1,1,0,0,0,0,0,0,0,0
2776,2012,3,2,0,0,0,0,1,0,1,0
2776,2014,3,2,1,1,0,0,0,1,1,0
2776,2016,2,2,0,0,0,0,0,0,1,0
2776,2017,3,3,0,0,0,0,0,0,1,0
2781,2016,1,0,0,0,0,0,0,0,0,1
2782,2021,1,1,0,0,0,0,0,0,0,0
2782,2025,1,1,0,0,0,0,0,0,1,0
2790,2022,1,1,1,0,0,0,0,0,0,0
2790,2026,1,1,1,0,0,0,0,0,0,0
2793,2010,1,1,0,0,0,0,0,0,1,0
2793,2011,3,2,0,0,0,0,1,0,1,0
2793,2012,2,2,0,0,0,0,0,0,2,0
2804,2010,1,1,0,0,0,0,0,0,1,0
2810,2009,8,8,1,0,0,0,0,0,2,0
2810,2010,6,4,2,0,0,0,2,0,0,0
2810,2011,11,8,3,1,0,1,2,1,0,0
2810,2012,7,6,1,0,0,0,1,0,3,0
2833,2015,12,9,2,1,0,0,3,0,1,0
2833,2016,6,4,1,0,0,0,2,0,1,0
2833,2018,4,4,2,0,0,0,0,0,0,0
2833,2021,3,2,0,0,0,0,1,0,2,0
2833,2023,3,3,0,0,0,0,0,0,1,0
2833,2025,1,1,0,0,0,0,0,0,0,0
2840,2015,3,3,1,0,0,0,0,0,1,0
2841,2009,1,1,0,0,0,0,0,0,0,0
2841,2010,2,2,0,0,0,0,0,0,1,0
2844,2023,3,3,1,0,0,0,0,0,1,0
2844,2025,1,1,0,0,0,0,0,0,1,0
2844,2026,3,3,0,0,0,0,0,0,1,0
2847,2012,3,3,3,0,0,0,0,0,0,0
2847,2013,3,3,3,0,0,1,0,0,0,0
2847,2021,3,2,0,0,0,0,1,0,2,0
2847,2022,2,2,0,0,0,0,0,0,1,0
2863,2012,3,2,1,0,0,0,1,0,0,0
2864,2010,2,2,1,1,0,0,0,0,1,0
2868,2022,1,1,0,0,0,0,0,0,0,0
2868,2023,1,1,0,0,0,0,0,0,0,0
2868,2024,2,2,0,0,0,0,0,0,1,0
2878,2018,1,0,0,0,0,0,0,1,0,0
2878,2020,4,3,0,0,0,0,1,0,1,0
2878,2021,2,1,0,0,0,0,0,1,0,0
2878,2022,1,1,0,0,0,0,0,0,1,0
2878,2024,1,1,0,0,0,0,0,0,0,0
2885,2014,1,1,0,0,0,0,0,0,0,0
2885,2015,5,4,0,0,0,0,1,0,3,0
2885,2016,2,2,0,0,0,0,0,0,0,0
2885,2017,1,1,0,0,0,0,0,0,0,0
2886,2015,4,3,0,0,0,0,1,0,0,0
2886,2017,1,1,0,0,0,0,0,0,0,0
2900,2024,3,2,1,0,0,0,1,0,1,0
2903,2012,1,1,0,0,0,0,0,0,0,0
2911,2009,1,1,1,0,0,0,0,0,0,0
2911,2010,3,2,1,0,0,0,1,0,0,0
2911,2011,8,6,0,0,0,0,1,1,4,0
2911,2012,7,6,0,0,0,0,0,0,3,1
2911,2014,3,3,1,0,0,0,0,0,1,0
2911,2017,8,7,0,0,0,0,1,0,2,0
2913,2022,1,1,0,0,0,0,0,0,0,0
2919,2009,2,2,0,0,0,0,0,0,0,0
2929,2011,1,1,0,0,0,0,0,0,1,0
2929,2012,1,1,1,1,0,0,0,0,0,0
2941,2021,1,1,0,0,0,0,0,0,0,0
2968,2012,1,1,0,0,0,0,0,0,1,0
2968,2020,1,1,0,0,0,0,0,0,1,0
2977,2022,1,1,0,0,0,0,0,0,1,0
2977,2023,1,1,0,0,0,0,0,0,0,0
2977,2024,1,1,0,0,0,0,0,0,0,0
2977,2025,1,1,0,0,0,0,0,0,0,0
2987,2017,1,1,1,0,0,0,0,0,0,0
2987,2018,1,1,0,0,0,0,0,0,0,0
2987,2021,1,1,1,0,0,1,0,0,0,0
2996,2011,4,4,0,0,0,0,0,0,2,0
2996,2012,2,1,0,0,0,0,1,0,0,0
3000,2014,6,6,2,0,0,0,0,0,1,0
3004,2021,1,1,0,0,0,0,0,0,0,0
3004,2022,1,1,0,0,0,0,0,0,1,0
3004,2024,2,1,0,0,0,0,1,0,0,0
3004,2025,2,2,0,0,0,0,0,0,1,0
3033,2017,2,1,0,0,0,0,1,0,1,0
3033,2018,1,1,0,0,0,0,0,0,0,0
3047,2026,1,1,0,0,0,0,0,0,1,0
3070,2012,1,1,1,1,0,0,0,0,0,0
3070,2017,1,1,0,0,0,0,0,0,0,0
3070,2018,1,1,0,0,0,0,0,0,1,0
3080,2018,1,1,1,0,0,0,0,0,0,0
3080,2022,1,1,1,0,0,0,0,0,0,0
3081,2020,1,1,0,0,0,0,0,0,0,0
3081,2022,2,2,0,0,0,0,0,0,0,0
3086,2011,3,2,1,0,0,0,0,0,0,1
3086,2013,1,1,0,0,0,0,0,0,0,0
3086,2014,2,2,0,0,0,0,0,0,1,0
3086,2016,1,1,1,0,0,0,0,0,0,0
3088,2016,1,1,0,0,0,0,0,0,0,0
3104,2023,3,3,1,0,0,0,0,0,0,0
3106,2022,2,1,0,0,0,0,0,1,0,0
3108,2012,1,0,0,0,0,0,1,0,0,0
3108,2014,1,1,0,0,0,0,0,0,0,0
3108,2018,2,2,0,0,0,0,0,0,1,0
3126,2022,1,1,0,0,0,0,0,0,0,0
3126,2023,1,1,0,0,0,0,0,0,0,0
3126,2024,1,1,0,0,0,0,0,0,1,0
3126,2025,1,1,0,0,0,0,0,0,1,0
3126,2026,1,1,1,0,0,0,0,0,0,0
3131,2009,1,1,0,0,0,0,0,0,0,0
3131,2011,1,1,0,0,0,0,0,0,1,0
3131,2012,1,1,1,0,0,0,0,0,0,0
3131,2013,1,0,0,0,0,0,1,0,0,0
3154,2015,1,0,0,0,0,0,1,0,0,0
3154,2017,1,1,0,0,0,0,0,0,0,0
3194,2015,1,1,0,0,0,0,0,0,1,0
3194,2016,2,2,1,0,0,0,0,0,0,0
3194,2017,3,3,0,0,0,0,0,0,2,0
3194,2018,1,0,0,0,0,0,1,0,0,0
3194,2022,1,1,1,0,0,1,0,0,0,0
3205,2021,1,1,0,0,0,0,0,0,0,0
3205,2022,2,2,0,0,0,0,0,0,0,0
3205,2024,1,1,0,0,0,0,0,0,0,0
3206,2016,3,2,0,0,0,0,0,1,0,0
3206,2018,3,3,1,0,0,0,0,0,1,0
3206,2022,2,1,0,0,0,0,1,0,1,0
3206,2023,3,3,0,0,0,0,0,0,2,0
3206,2024,3,3,1,0,1,0,0,0,0,0
3215,2016,3,3,1,0,0,1,0,0,0,0
3225,2025,3,3,1,1,0,0,0,0,0,0
3231,2018,2,1,1,0,0,0,1,0,0,0
3236,2015,1,1,0,0,0,0,0,0,0,0
3236,2017,1,1,1,0,0,0,0,0,0,0
3276,2024,1,1,0,0,0,0,0,0,0,0
3280,2025,2,2,1,0,0,0,0,0,0,0
3280,2026,1,1,0,0,0,0,0,0,1,0
3281,2010,2,1,1,0,0,1,1,0,0,0
3286,2011,1,1,1,0,0,0,0,0,0,0
3286,2014,3,3,2,0,0,0,0,0,0,0
3286,2018,4,3,0,0,0,0,1,0,2,0
3286,2021,3,3,1,0,0,0,0,0,0,0
3286,2023,4,3,2,1,0,0,1,0,0,0
3291,2024,2,2,1,1,0,0,0,0,1,0
3297,2018,1,1,0,0,0,0,0,0,1,0
3297,2020,4,4,1,0,0,1,0,0,0,0
3305,2011,1,1,0,0,0,0,0,0,1,0
3316,2020,3,3,0,0,0,0,0,0,0,0
3316,2021,1,1,1,0,0,0,0,0,0,0
3320,2022,2,2,0,0,0,0,0,0,0,0
3325,2017,1,1,0,0,0,0,0,0,0,0
3325,2020,2,2,1,0,0,0,0,0,0,0
3325,2021,3,3,1,1,0,0,0,0,0,0
3325,2022,2,2,0,0,0,0,0,0,0,0
3336,2016,1,1,0,0,0,0,0,0,0,0
3336,2019,1,1,1,0,0,0,0,0,0,0
3336,2021,3,3,1,1,0,0,0,0,1,0
3336,2023,2,1,0,0,0,0,1,0,1,0
3344,2024,2,1,1,0,0,0,1,0,0,0
3347,2011,7,7,1,0,0,0,0,0,1,0
3347,2012,9,9,3,1,0,1,0,0,3,0
3347,2013,9,9,3,0,0,1,0,0,0,0
3347,2014,8,7,0,0,0,0,1,0,3,0
3347,2018,2,1,1,1,0,0,1,0,0,0
3366,2011,6,6,1,0,0,0,0,0,1,0
3366,2012,1,1,1,0,0,0,0,0,0,0
3384,2020,1,1,1,0,0,1,0,0,0,0
3394,2012,2,2,1,0,1,0,0,0,0,0
3394,2014,3,3,0,0,0,0,0,0,1,0
3394,2018,3,2,0,0,0,0,1,0,0,0
3394,2019,2,1,0,0,0,0,1,0,0,0
3394,2020,1,0,0,0,0,0,1,0,0,0
3394,2021,2,2,0,0,0,0,0,0,2,0
3400,2018,2,1,1,0,0,0,1,0,0,0
3400,2021,1,1,0,0,0,0,0,0,0,0
3404,2016,1,1,0,0,0,0,0,0,1,0
3404,2019,1,1,1,0,0,0,0,0,0,0
3404,2022,2,2,1,1,0,0,0,0,0,0
3404,2023,2,2,0,0,0,0,0,0,0,0
3415,2017,1,1,0,0,0,0,0,0,0,0
3415,2018,1,1,0,0,0,0,0,0,0,0
3415,2022,2,2,0,0,0,0,0,0,2,0
3416,2026,1,1,0,0,0,0,0,0,0,0
3422,2025,2,1,0,0,0,0,1,0,1,0
3428,2020,9,9,2,1,0,0,0,0,0,0
3428,2021,6,5,1,0,0,1,0,0,2,1
3428,2022,5,5,2,0,0,0,0,0,1,0
3428,2025,5,4,1,1,0,0,1,0,0,0
3434,2010,3,2,0,0,0,0,1,0,2,0
3434,2017,2,1,0,0,0,0,1,0,0,0
3438,2018,2,2,2,2,0,0,0,0,0,0
3440,2017,1,1,0,0,0,0,0,0,0,0
3444,2022,2,2,1,0,0,0,0,0,0,0
3444,2024,3,3,1,0,0,1,0,0,1,0
3447,2018,3,3,1,0,0,1,0,0,2,0
3447,2023,1,1,0,0,0,0,0,0,0,0
3461,2013,1,1,0,0,0,0,0,0,0,0
3461,2016,3,3,1,0,0,0,0,0,1,0
3464,2022,1,1,0,0,0,0,0,0,1,0
3467,2025,1,1,0,0,0,0,0,0,1,0
3476,2025,1,1,0,0,0,0,0,0,0,0
3476,2026,1,1,0,0,0,0,0,0,0,0
3485,2012,1,0,0,0,0,0,1,0,0,0
3492,2017,1,1,0,0,0,0,0,0,0,0
3492,2018,3,3,0,0,0,0,0,0,1,0
3497,2015,1,1,0,0,0,0,0,0,1,0
3497,2016,1,1,0,0,0,0,0,0,1,0
3498,2012,8,8,4,0,0,2,0,0,1,0
3498,2013,3,3,2,0,0,2,0,0,1,0
3498,2014,3,3,0,0,0,0,0,0,0,0
3498,2015,6,5,0,0,0,0,1,0,2,0
3498,2018,3,3,0,0,0,0,0,0,2,0
3500,2013,3,3,1,1,0,0,0,0,1,0
3501,2013,4,3,2,0,0,0,1,0,0,0
3521,2015,3,3,0,0,0,0,0,0,1,0
3521,2016,5,3,1,0,0,0,2,0,0,0
3521,2017,2,2,1,0,0,0,0,0,0,0
3523,2020,2,1,1,0,0,1,1,0,0,0
3523,2021,3,2,1,0,0,0,1,0,1,0
3523,2023,1,1,0,0,0,0,0,0,1,0
3523,2024,1,1,0,0,0,0,0,0,0,0
3536,2009,3,1,0,0,0,0,2,0,1,0
3536,2010,1,1,0,0,0,0,0,0,0,0
3536,2011,1,0,0,0,0,0,1,0,0,0
3546,2012,3,3,3,0,0,0,0,0,0,0
3546,2013,3,2,1,0,0,0,1,0,1,0
3546,2014,3,3,0,0,0,0,0,0,1,0
3546,2015,3,3,1,0,0,0,0,0,0,0
3546,2016,3,3,0,0,0,0,0,0,1,0
3557,2018,2,2,2,0,0,0,0,0,0,0
3557,2022,2,1,0,0,0,0,1,0,0,0
3557,2023,3,3,1,0,0,0,0,0,1,0
3557,2025,2,1,0,0,0,0,1,0,1,0
3565,2020,3,3,0,0,0,0,0,0,1,0
3565,2021,2,2,1,0,0,0,0,0,0,0
3565,2023,1,0,0,0,0,0,1,0,0,0
3567,2022,2,2,0,0,0,0,0,0,1,0
3574,2023,1,1,0,0,0,0,0,0,0,0
3574,2024,3,3,1,1,0,0,0,0,1,0
3580,2017,2,2,0,0,0,0,0,0,0,0
3580,2018,3,3,0,0,0,0,0,0,0,0
3580,2021,2,2,1,0,0,0,0,0,1,0
3580,2022,2,1,0,0,0,0,1,0,1,0
3580,2023,2,2,1,1,0,0,0,0,1,0
3600,2009,3,2,0,0,0,0,1,0,0,0
3602,2023,1,1,1,0,0,0,0,0,0,0
3607,2016,2,2,1,0,0,0,0,0,0,0
3607,2017,6,5,2,0,0,0,1,0,1,0
3607,2018,3,2,1,0,0,0,1,0,0,0
3612,2018,1,1,1,0,0,1,0,0,0,0
3612,2020,1,0,0,0,0,0,1,0,0,0
3680,2011,1,1,0,0,0,0,0,0,0,0
3683,2010,3,3,1,1,0,0,0,0,0,0
3683,2012,2,2,1,0,0,0,0,0,0,0
3694,2009,3,2,1,0,0,0,1,0,0,0
3694,2010,1,1,1,1,0,0,0,0,0,0
3724,2017,6,5,1,0,0,0,1,0,2,0
3724,2018,12,12,3,0,0,0,0,0,3,0
3724,2019,5,4,1,0,0,0,1,0,0,0
3724,2021,3,2,2,1,0,0,1,0,0,0
3724,2022,5,5,1,0,0,0,0,0,2,0
3724,2023,5,4,1,0,0,1,1,0,1,0
3724,2025,3,2,1,0,0,1,1,0,0,0
3724,2026,3,2,0,0,0,0,1,0,0,0
3731,2013,1,1,0,0,0,0,0,0,1,0
3731,2016,1,1,0,0,0,0,0,0,0,0
3731,2018,1,1,1,0,0,0,0,0,0,0
3742,2015,1,1,1,0,0,0,0,0,0,0
3744,2022,1,1,0,0,0,0,0,0,0,0
3744,2023,1,1,0,0,0,0,0,0,1,0
3747,2012,3,3,2,0,0,1,0,0,0,0
3747,2016,3,2,0,0,0,0,1,0,0,0
3748,2011,2,1,0,0,0,0,1,0,1,0
3748,2013,1,1,0,0,0,0,0,0,0,0
3749,2018,1,1,0,0,0,0,0,0,0,0
3749,2019,1,1,0,0,0,0,0,0,0,0
3749,2020,6,4,0,0,0,0,2,0,3,0
3749,2021,9,9,2,0,0,0,0,0,3,0
3749,2023,2,2,0,0,0,0,0,0,1,0
3749,2024,3,2,0,0,0,0,1,0,1,0
3749,2025,3,3,3,0,0,0,0,0,0,0
3749,2026,2,2,0,0,0,0,0,0,0,0
3760,2018,1,1,0,0,0,0,0,0,0,0
3760,2022,1,1,0,0,0,0,0,0,0,0
3772,2014,1,1,0,0,0,0,0,0,0,0
3773,2023,1,0,0,0,0,0,1,0,0,0
3776,2009,3,3,0,0,0,0,0,0,0,0
3776,2010,2,2,0,0,0,0,0,0,0,0
3776,2011,1,1,0,0,0,0,0,0,0,0
3785,2023,1,1,0,0,0,0,0,0,1,0
3806,2022,1,1,0,0,0,0,0,0,0,0
3806,2025,2,1,0,0,0,0,1,0,0,0
3808,2019,3,3,1,1,0,0,0,0,1,0
3818,2009,2,2,0,0,0,0,0,0,0,0
3818,2010,4,4,2,0,0,0,0,0,0,0
3818,2012,3,3,1,0,0,0,0,0,0,0
3827,2019,1,1,0,0,0,0,0,0,1,0
3827,2021,1,1,0,0,0,0,0,0,0,0
3827,2022,2,2,0,0,0,0,0,0,1,0
3827,2023,2,2,0,0,0,0,0,0,1,0
3833,2009,1,0,0,0,0,0,1,0,0,0
3834,2009,6,6,2,1,0,0,0,0,0,0
3834,2010,7,6,2,1,0,0,1,0,1,0
3834,2011,3,3,0,0,0,0,0,0,1,0
3834,2012,9,9,3,0,0,1,0,0,0,0
3834,2013,14,13,4,0,1,1,1,0,0,0
3834,2014,18,18,8,1,1,2,0,0,4,0
3834,2018,3,1,0,0,0,0,2,0,0,0
3835,2023,3,2,2,0,0,0,1,0,0,0
3835,2024,3,2,1,1,0,0,1,0,0,0
3835,2025,3,3,0,0,0,0,0,0,1,0
3845,2016,1,0,0,0,0,0,1,0,0,0
3845,2017,3,3,2,1,0,0,0,0,0,0
3845,2018,3,2,0,0,0,0,1,0,1,0
3845,2021,3,2,0,0,0,0,1,0,1,0
3860,2026,1,1,0,0,0,0,0,0,0,0
3870,2010,3,2,1,0,0,0,1,0,0,0
3871,2015,1,1,1,1,0,0,0,0,0,0
3876,2010,1,1,0,0,0,0,0,0,0,0
3876,2011,1,1,0,0,0,0,0,0,1,0
3876,2018,1,0,0,0,0,0,0,0,0,1
3878,2010,3,3,2,2,0,0,0,0,0,0
3878,2011,3,2,0,0,0,0,1,0,1,0
3878,2012,3,3,1,0,0,0,0,0,2,0
3878,2015,3,3,1,0,0,0,0,0,1,0
3878,2016,3,1,0,0,0,0,2,0,1,0
3880,2019,1,0,0,0,0,0,1,0,0,0
3889,2014,2,1,0,0,0,0,1,0,0,0
3889,2015,2,1,1,0,0,1,0,0,0,1
3889,2016,1,1,0,0,0,0,0,0,0,0
3889,2017,1,1,0,0,0,0,0,0,0,0
3889,2022,3,3,1,0,0,0,0,0,0,0
3889,2023,1,1,0,0,0,0,0,0,0,0
3889,2024,1,1,0,0,0,0,0,0,0,0
3889,2025,1,1,0,0,0,0,0,0,0,0
3906,2024,2,2,0,0,0,0,0,0,1,0
3909,2020,4,4,0,0,0,0,0,0,2,0
3909,2021,2,2,0,0,0,0,0,0,1,0
3909,2023,1,0,0,0,0,0,1,0,0,0
3925,2009,6,5,2,0,0,0,1,0,0,0
3925,2010,3,2,0,0,0,0,1,0,1,0
3933,2017,6,5,3,1,0,1,1,0,0,0
3933,2018,1,1,0,0,0,0,0,0,0,0
3935,2020,2,2,1,0,0,0,0,0,1,0
3935,2021,3,2,1,0,0,1,1,0,0,0
3935,2022,2,2,1,0,0,0,0,0,1,0
3935,2023,3,3,0,0,0,0,0,0,2,0
3938,2024,2,1,0,0,0,0,1,0,1,0
3938,2025,1,1,0,0,0,0,0,0,0,0
3951,2011,3,3,1,0,0,0,0,0,0,0
3951,2012,3,3,1,0,0,1,0,0,0,0
3951,2013,2,2,0,0,0,0,0,0,0,0
3951,2014,9,4,1,0,0,0,3,2,0,0
3951,2015,3,3,1,0,0,0,0,0,0,0
3951,2016,10,8,2,1,0,0,2,0,3,0
3951,2017,6,6,1,0,0,1,0,0,0,0
3952,2022,2,2,0,0,0,0,0,0,0,0
3956,2024,3,3,2,0,0,0,0,0,0,0
3966,2012,1,1,0,0,0,0,0,0,1,0
3968,2017,5,5,3,1,0,1,0,0,1,0
3968,2021,4,3,0,0,0,0,1,0,0,0
3968,2025,2,1,0,0,0,0,1,0,0,0
3970,2017,1,1,1,0,0,0,0,0,0,0
3970,2018,1,1,0,0,0,0,0,0,1,0
3975,2010,3,3,0,0,0,0,0,0,1,0
3975,2011,6,6,1,0,0,0,0,0,2,0
3975,2013,6,6,2,0,0,0,0,0,2,0
3998,2021,4,4,1,1,0,0,0,0,1,0
3998,2022,1,1,0,0,0,0,0,0,1,0
4002,2013,1,0,0,0,0,0,1,0,0,0
4002,2015,4,3,1,0,1,0,1,0,0,0
4003,2012,2,1,0,0,0,0,1,0,0,0
4008,2009,1,1,0,0,0,0,0,0,1,0
4018,2022,1,1,0,0,0,0,0,0,1,0
4018,2023,3,2,0,0,0,0,1,0,0,0
4018,2025,1,1,1,0,0,0,0,0,0,0
4029,2018,3,1,1,0,0,0,2,0,0,0
4029,2023,3,3,1,0,0,0,0,0,1,0
4029,2024,3,3,1,0,0,1,0,0,1,0
4046,2022,1,1,1,1,0,0,0,0,0,0
4046,2025,1,1,0,0,0,0,0,0,0,0
4047,2024,3,2,0,0,0,0,0,0,1,1
4055,2014,1,1,0,0,0,0,0,0,1,0
4055,2015,3,3,0,0,0,0,0,0,2,0
4055,2016,1,1,0,0,0,0,0,0,1,0
4061,2025,3,2,1,1,0,0,1,0,0,0
4066,2015,2,2,0,0,0,0,0,0,1,0
4072,2022,1,1,0,0,0,0,0,0,1,0
4072,2023,1,1,0,0,0,0,0,0,0,0
4072,2024,1,1,0,0,0,0,0,0,1,0
4072,2025,1,1,0,0,0,0,0,0,0,0
4077,2023,3,3,2,0,0,0,0,0,0,0
4077,2025,3,1,0,0,0,0,2,0,1,0
4087,2017,2,2,0,0,0,0,0,0,2,0
4087,2018,1,1,0,0,0,0,0,0,0,0
4087,2020,2,1,0,0,0,0,1,0,1,0
4087,2021,1,1,0,0,0,0,0,0,0,0
4087,2022,2,2,0,0,0,0,0,0,1,0
4091,2018,1,0,0,0,0,0,1,0,0,0
4091,2024,6,6,1,0,0,1,0,0,2,0
4091,2025,1,1,1,0,0,1,0,0,0,0
4091,2026,3,3,0,0,0,0,0,0,3,0
4103,2016,1,1,0,0,0,0,0,0,0,0
4110,2015,1,1,1,0,0,0,0,0,0,0
4110,2017,3,3,2,1,0,0,0,0,1,0
4110,2018,11,11,2,0,0,1,0,0,6,0
4110,2020,2,2,1,0,0,0,0,0,1,0
4114,2015,2,0,0,0,0,0,1,1,0,0
4114,2018,1,1,1,0,0,0,0,0,0,0
4118,2015,2,2,1,0,0,0,0,0,1,0
4130,2022,1,1,0,0,0,0,0,0,0,0
4130,2023,2,2,2,1,0,1,0,0,0,0
4130,2024,3,3,1,0,0,0,0,0,0,0
4130,2025,3,3,0,0,0,0,0,0,1,0
4137,2012,3,3,2,1,0,0,0,0,0,0
4137,2015,1,1,0,0,0,0,0,0,0,0
4148,2025,2,2,1,0,0,0,0,0,1,0
4151,2021,2,0,0,0,0,0,2,0,0,0
4151,2022,2,2,0,0,0,0,0,0,0,0
4151,2023,2,2,0,0,0,0,0,0,0,0
4163,2012,4,4,0,0,0,0,0,0,0,0
4163,2013,1,1,1,0,0,0,0,0,0,0
4170,2010,3,2,1,0,0,0,1,0,0,0
4170,2012,3,3,1,0,0,0,0,0,0,0
4170,2013,6,5,0,0,0,0,1,0,1,0
4170,2015,6,5,2,1,0,0,1,0,3,0
4170,2016,3,2,1,0,1,0,1,0,0,0
4170,2017,3,3,1,1,0,0,0,0,1,0
4170,2018,5,5,2,1,0,0,0,0,1,0
4170,2019,3,3,0,0,0,0,0,0,1,0
4180,2011,1,1,1,1,0,0,0,0,0,0
4180,2013,2,1,1,0,0,1,1,0,0,0
4182,2014,3,3,2,0,0,0,0,0,1,0
4184,2018,3,3,1,0,0,0,0,0,1,0
4184,2023,3,2,0,0,0,0,1,0,0,0
4185,2014,1,1,0,0,0,0,0,0,0,0
4194,2016,1,1,0,0,0,0,0,0,0,0
4198,2025,1,1,0,0,0,0,0,0,0,0
4221,2022,3,2,0,0,0,0,1,0,1,0
4221,2024,3,2,0,0,0,0,0,1,2,0
4231,2009,3,2,0,0,0,0,0,0,1,1
4231,2010,7,7,4,0,0,0,0,0,1,0
4231,2011,3,2,1,1,0,0,1,0,0,0
4231,2013,5,5,2,0,0,0,0,0,0,0
4231,2014,1,1,0,0,0,0,0,0,0,0
4231,2015,1,1,0,0,0,0,0,0,1,0
4243,2018,2,2,0,0,0,0,0,0,0,0
4243,2023,1,1,0,0,0,0,0,0,0,0
4249,2009,1,1,0,0,0,0,0,0,0,0
4249,2010,1,1,1,0,0,0,0,0,0,0
4249,2011,2,2,0,0,0,0,0,0,1,0
4251,2025,1,0,0,0,0,0,1,0,0,0
4254,2017,1,1,1,1,0,0,0,0,0,0
4254,2018,1,1,0,0,0,0,0,0,0,0
4254,2019,2,0,0,0,0,0,2,0,0,0
4260,2015,2,2,1,0,0,0,0,0,0,0
4278,2022,1,1,0,0,0,0,0,0,0,0
4283,2025,1,1,0,0,0,0,0,0,0,0
4288,2010,1,1,1,0,0,0,0,0,0,0
4289,2015,6,4,2,0,0,0,2,0,1,0
4289,2016,3,3,2,1,0,0,0,0,1,0
4289,2018,8,7,4,1,0,0,1,0,1,0
4289,2019,6,4,1,0,0,1,2,0,0,0
4289,2021,3,3,0,0,0,0,0,0,1,0
4290,2021,2,1,0,0,0,0,1,0,0,0
4292,2013,1,1,0,0,0,0,0,0,1,0
4292,2016,3,3,1,1,0,0,0,0,1,0
4292,2021,4,3,0,0,0,0,1,0,1,0
4292,2023,3,3,1,0,0,0,0,0,1,0
4292,2024,6,5,1,1,0,0,1,0,3,0
4292,2025,9,7,2,0,0,0,1,0,0,0
4302,2020,1,1,0,0,0,0,0,0,1,0
4302,2021,2,0,0,0,0,0,2,0,0,0
4302,2024,2,1,0,0,0,0,1,0,0,0
4311,2022,4,3,1,0,0,0,1,0,1,0
4311,2023,5,3,1,0,0,0,2,0,0,0
4311,2024,7,6,0,0,0,0,1,0,2,0
4311,2025,3,3,1,0,0,0,0,0,0,0
4318,2015,1,1,1,0,0,1,0,0,0,0
4326,2009,2,2,0,0,0,0,0,0,0,0
4327,2015,3,3,0,0,0,0,0,0,0,0
4327,2016,3,3,0,0,0,0,0,0,3,0
4327,2017,1,1,0,0,0,0,0,0,1,0
4327,2018,1,1,0,0,0,0,0,0,0,0
4327,2020,1,1,0,0,0,0,0,0,0,0
4327,2021,2,2,1,0,0,0,0,0,0,0
4336,2011,1,1,1,0,0,0,0,0,0,0
4336,2013,3,3,2,0,0,0,0,0,0,0
4336,2015,2,2,2,0,0,1,0,0,0,0
4337,2009,3,3,2,1,0,0,0,0,0,0
4337,2010,2,2,0,0,0,0,0,0,0,0
4337,2011,2,2,1,0,0,0,0,0,0,0
4337,2012,2,2,0,0,0,0,0,0,0,0
4337,2013,1,0,0,0,0,0,0,0,0,1
4337,2019,1,1,0,0,0,0,0,0,0,0
4344,2009,3,3,0,0,0,0,0,0,1,0
4344,2011,11,10,2,1,1,0,1,0,2,0
4344,2012,3,2,1,0,0,0,1,0,0,0
4344,2013,6,6,1,0,0,0,0,0,2,0
4344,2014,3,3,3,2,0,1,0,0,0,0
4344,2015,3,3,1,1,0,0,0,0,1,0
4344,2017,3,3,0,0,0,0,0,0,1,0
4344,2018,6,6,1,1,0,0,0,0,0,0
4344,2023,2,2,0,0,0,0,0,0,0,0
4361,2015,3,3,1,1,0,0,0,0,0,0
4361,2016,2,2,1,0,1,0,0,0,0,0
4365,2013,1,1,0,0,0,0,0,0,0,0
4365,2014,4,3,0,0,0,0,1,0,1,0
4365,2015,2,1,0,0,0,0,1,0,0,0
4365,2016,6,5,2,0,0,0,1,0,2,0
4365,2017,1,1,1,0,0,1,0,0,0,0
4396,2017,3,1,0,0,0,0,2,0,0,0
4396,2018,1,1,0,0,0,0,0,0,0,0
4396,2019,1,1,0,0,0,0,0,0,0,0
4396,2022,1,1,0,0,0,0,0,0,0,0
4408,2012,2,2,0,0,0,0,0,0,0,0
4408,2020,1,1,0,0,0,0,0,0,0,0
4409,2016,9,9,3,1,0,0,0,0,2,0
4409,2017,6,3,1,0,0,0,3,0,0,0
4409,2018,3,2,1,0,0,0,1,0,1,0
4409,2019,1,1,0,0,0,0,0,0,0,0
4410,2023,1,0,0,0,0,0,1,0,0,0
4412,2011,1,1,0,0,0,0,0,0,1,0
4412,2013,2,2,1,0,0,0,0,0,0,0
4415,2018,2,2,0,0,0,0,0,0,1,0
4415,2019,3,1,0,0,0,0,2,0,0,0
4416,2018,1,0,0,0,0,0,1,0,0,0
4441,2015,1,0,0,0,0,0,1,0,0,0
4446,2025,3,2,0,0,0,0,0,0,2,1
4449,2011,4,1,1,0,0,0,2,0,0,0
4449,2012,2,1,0,0,0,0,1,0,0,0
4454,2009,2,2,0,0,0,0,0,0,1,0
4454,2010,1,1,0,0,0,0,0,0,0,0
4454,2014,4,4,0,0,0,0,0,0,0,0
4457,2022,3,3,2,0,0,0,0,0,0,0
4459,2009,2,2,0,0,0,0,0,0,0,0
4491,2017,1,0,0,0,0,0,1,0,0,0
4491,2021,1,1,0,0,0,0,0,0,0,0
4491,2024,1,1,0,0,0,0,0,0,0,0
4495,2012,1,1,0,0,0,0,0,0,1,0
4504,2014,2,1,0,0,0,0,1,0,1,0
4513,2014,3,1,0,0,0,0,1,0,1,1
4513,2020,1,1,1,1,0,0,0,0,0,0
4530,2010,4,4,1,0,0,0,0,0,2,0
4530,2011,5,4,0,0,0,0,1,0,1,0
4530,2012,3,2,0,0,0,0,0,1,1,0
4530,2013,3,3,0,0,0,0,0,0,1,0
4543,2009,7,6,3,1,0,1,1,0,0,0
4543,2010,3,3,0,0,0,0,0,0,2,0
4543,2011,3,3,1,0,0,0,0,0,0,0
4543,2013,7,7,1,0,0,0,0,0,0,0
4543,2015,6,5,2,0,0,0,0,1,0,0
4543,2016,3,3,1,0,0,0,0,0,2,0
4543,2019,3,3,2,1,0,0,0,0,1,0
4550,2024,1,1,0,0,0,0,0,0,0,0
4561,2009,3,3,0,0,0,0,0,0,1,0
4561,2010,3,3,1,0,0,0,0,0,0,0
4561,2011,3,3,2,0,0,1,0,0,0,0
4561,2014,12,11,3,1,0,1,1,0,3,0
4561,2015,10,10,3,1,0,0,0,0,1,0
4561,2016,9,9,3,1,0,1,0,0,1,0
4570,2009,6,4,0,0,0,0,2,0,0,0
4571,2011,2,1,0,0,0,0,1,0,0,0
4579,2015,6,5,3,1,0,0,0,1,0,0
4579,2017,1,1,1,0,0,0,0,0,0,0
4579,2018,3,3,1,1,0,0,0,0,1,0
4579,2021,4,3,1,0,0,1,0,1,2,0
4579,2023,1,1,0,0,0,0,0,0,0,0
4581,2013,4,4,1,0,0,0,0,0,0,0
4588,2021,2,2,1,0,0,1,0,0,0,0
4608,2010,3,2,0,0,0,0,1,0,0,0
4608,2011,3,2,0,0,0,0,1,0,0,0
4608,2012,6,6,1,0,0,0,0,0,2,0
4610,2009,7,7,3,0,0,1,0,0,2,0
4610,2010,6,4,1,0,0,0,1,1,1,0
4610,2011,12,11,4,1,0,2,1,0,1,0
4610,2012,3,3,3,0,0,1,0,0,0,0
4610,2017,3,3,1,0,0,0,0,0,0,0
4610,2020,2,1,0,0,0,0,1,0,0,0
4611,2010,3,3,1,0,0,0,0,0,0,0
4611,2011,7,6,1,0,0,0,1,0,1,0
4611,2012,3,2,0,0,0,0,1,0,0,0
4611,2013,3,3,3,1,0,0,0,0,0,0
4611,2014,7,6,1,0,0,1,1,0,1,0
4612,2015,1,1,0,0,0,0,0,0,0,0
4619,2009,4,4,1,0,0,0,0,0,1,0
4620,2009,3,2,1,1,0,0,1,0,0,0
4620,2010,4,4,1,0,0,0,0,0,1,0
4620,2013,3,3,2,0,0,2,0,0,1,0
4620,2014,6,6,0,0,0,0,0,0,1,0
4620,2015,3,2,1,0,0,1,1,0,0,0
4635,2019,1,1,0,0,0,0,0,0,1,0
4635,2020,1,1,1,1,0,0,0,0,0,0
4635,2021,1,1,0,0,0,0,0,0,0,0
4655,2023,2,2,0,0,0,0,0,0,1,0
4656,2023,3,1,0,0,0,0,2,0,0,0
4656,2026,2,1,1,0,0,0,1,0,0,0
4662,2024,3,3,0,0,0,0,0,0,0,0
4665,2012,3,3,2,0,0,1,0,0,0,0
4667,2015,4,2,0,0,0,0,2,0,0,0
4678,2013,1,1,0,0,0,0,0,0,0,0
4678,2016,1,1,1,0,0,0,0,0,0,0
4678,2020,1,1,0,0,0,0,0,0,0,0
4678,2021,1,1,0,0,0,0,0,0,1,0
4686,2024,1,1,1,0,0,1,0,0,0,0
4694,2020,2,2,1,1,0,0,0,0,0,0
4702,2024,1,1,0,0,0,0,0,0,1,0
4705,2013,3,2,1,0,0,0,1,0,0,0
4705,2015,2,2,1,0,0,1,0,0,0,0
4705,2017,6,5,2,0,0,0,1,0,2,0
4705,2018,5,5,1,1,0,0,0,0,0,0
4715,2014,1,1,0,0,0,0,0,0,1,0
4715,2015,2,1,0,0,0,0,1,0,0,0
4717,2020,2,1,0,0,0,0,1,0,0,0
4730,2010,2,2,0,0,0,0,0,0,1,0
4730,2011,1,1,0,0,0,0,0,0,0,0
4731,2009,3,3,1,0,0,0,0,0,0,0
4731,2011,3,3,1,1,0,0,0,0,1,0
4731,2013,1,1,1,1,0,0,0,0,0,0
4751,2025,2,1,0,0,0,0,1,0,0,0
4751,2026,2,2,0,0,0,0,0,0,0,0
4757,2018,3,3,1,0,0,1,0,0,1,0
4757,2022,6,6,2,0,0,2,0,0,3,0
4760,2023,1,1,1,0,0,0,0,0,0,0
4781,2012,3,3,0,0,0,0,0,0,1,0
4781,2013,3,3,0,0,0,0,0,0,0,0
4785,2010,1,1,1,0,0,0,0,0,0,0
4785,2011,1,1,0,0,0,0,0,0,0,0
4801,2015,6,3,1,0,0,0,3,0,1,0
4801,2016,3,2,0,0,0,0,1,0,0,0
4801,2017,6,5,2,1,0,0,1,0,0,0
4801,2019,7,5,1,0,0,0,2,0,1,0
4802,2013,2,2,1,0,0,0,0,0,0,0
4807,2021,2,2,1,0,0,0,0,0,1,0
4807,2022,3,3,1,0,0,0,0,0,1,0
4807,2024,1,1,1,0,0,0,0,0,0,0
4807,2025,1,1,0,0,0,0,0,0,1,0
4810,2017,1,1,0,0,0,0,0,0,0,0
4810,2018,1,1,0,0,0,0,0,0,0,0
4810,2020,1,1,1,0,0,0,0,0,0,0
4810,2021,2,2,1,0,0,1,0,0,1,0
4810,2022,1,0,0,0,0,0,1,0,0,0
4819,2012,1,1,1,0,0,0,0,0,0,0
4819,2013,6,6,3,1,0,0,0,0,0,0
4819,2014,3,3,0,0,0,0,0,0,0,0
4819,2016,3,2,0,0,0,0,1,0,0,0
4821,2015,6,5,1,0,0,0,1,0,2,0
4821,2016,8,8,1,0,0,0,0,0,4,0
4821,2017,9,9,3,0,0,0,0,0,1,0
4821,2018,7,6,0,0,0,0,1,0,0,0
4821,2021,2,2,1,1,0,0,0,0,0,0
4821,2022,8,8,3,1,0,1,0,0,1,0
4821,2023,3,3,0,0,0,0,0,0,1,0
4821,2024,8,6,1,0,0,0,1,0,2,1
4823,2012,3,3,2,1,1,0,0,0,1,0
4823,2016,1,1,0,0,0,0,0,0,0,0
4823,2018,1,1,0,0,0,0,0,0,0,0
4824,2025,3,3,1,0,0,0,0,0,1,0
4846,2025,1,0,0,0,0,0,1,0,0,0
4849,2025,1,1,0,0,0,0,0,0,0,0
4851,2022,2,1,0,0,0,0,1,0,0,0
4853,2012,2,2,0,0,0,0,0,0,1,0
4858,2023,1,1,0,0,0,0,0,0,0,0
4867,2025,3,2,0,0,0,0,1,0,2,0
4869,2009,1,1,1,0,0,0,0,0,0,0
4884,2023,2,2,0,0,0,0,0,0,0,0
4884,2025,1,1,0,0,0,0,0,0,1,0
4886,2011,2,1,0,0,0,0,1,0,1,0
4886,2012,2,2,0,0,0,0,0,0,1,0
4886,2013,1,1,0,0,0,0,0,0,0,0
4886,2015,1,1,1,0,0,0,0,0,0,0
4886,2018,1,1,0,0,0,0,0,0,0,0
4887,2012,1,1,1,0,0,0,0,0,0,0
4888,2021,1,1,0,0,0,0,0,0,1,0
4889,2025,1,1,0,0,0,0,0,0,0,0
4892,2018,4,4,2,0,0,0,0,0,1,0
4892,2021,2,2,0,0,0,0,0,0,0,0
4896,2013,6,6,1,0,0,0,0,0,3,0
4896,2016,3,2,0,0,0,0,0,1,1,0
4896,2018,6,4,1,0,0,1,2,0,0,0
4903,2023,1,1,1,0,0,0,0,0,0,0
4910,2010,6,3,1,0,0,0,1,0,0,2
4910,2011,7,5,2,1,0,0,2,0,0,0
4910,2012,3,3,0,0,0,0,0,0,1,0
4935,2009,1,0,0,0,0,0,1,0,0,0
4939,2010,1,1,1,0,1,0,0,0,0,0
4939,2016,1,1,1,0,0,1,0,0,0,0
4946,2012,1,0,0,0,0,0,1,0,0,0
4953,2023,1,1,1,0,0,0,0,0,0,0
4958,2024,2,2,0,0,0,0,0,0,1,0
4961,2018,3,2,0,0,0,0,1,0,1,0
4961,2020,1,1,0,0,0,0,0,0,0,0
4962,2015,1,1,0,0,0,0,0,0,0,0
4964,2015,3,3,3,0,1,0,0,0,0,0
4967,2021,1,1,0,0,0,0,0,0,0,0
4979,2018,1,1,0,0,0,0,0,0,1,0
4979,2019,1,1,0,0,0,0,0,0,0,0
4979,2021,1,0,0,0,0,0,1,0,0,0
4979,2022,2,2,1,0,0,0,0,0,1,0
4979,2023,2,1,1,0,0,1,0,0,0,1
4979,2024,3,3,1,0,0,0,0,0,1,0
4979,2025,2,2,2,0,0,0,0,0,0,0
4994,2018,1,1,0,0,0,0,0,0,1,0
4994,2019,1,1,0,0,0,0,0,0,1,0
5016,2016,3,3,1,0,0,0,0,0,1,0
5016,2017,3,3,0,0,0,0,0,0,0,0
5016,2018,5,5,2,1,0,0,0,0,0,0
5016,2019,3,3,1,0,0,0,0,0,1,0
5016,2021,2,2,0,0,0,0,0,0,1,0
5023,2026,1,1,0,0,0,0,0,0,1,0
5032,2012,1,1,0,0,0,0,0,0,0,0
5040,2018,3,3,0,0,0,0,0,0,0,0
5053,2012,3,3,0,0,0,0,0,0,0,0
5053,2015,1,1,0,0,0,0,0,0,1,0
5060,2025,3,3,0,0,0,0,0,0,1,0
5065,2022,1,1,0,0,0,0,0,0,0,0
5065,2023,2,0,0,0,0,0,2,0,0,0
5065,2024,3,3,0,0,0,0,0,0,0,0
5075,2017,3,1,1,0,0,0,2,0,0,0
5075,2022,1,0,0,0,0,0,1,0,0,0
5079,2010,1,1,0,0,0,0,0,0,1,0
5085,2022,1,1,0,0,0,0,0,0,0,0
5089,2020,1,1,0,0,0,0,0,0,0,0
5094,2018,1,1,0,0,0,0,0,0,0,0
5098,2021,4,2,0,0,0,0,2,0,0,0
5107,2018,3,2,1,0,0,1,1,0,0,0
5107,2022,1,0,0,0,0,0,1,0,0,0
5107,2025,3,3,1,0,0,0,0,0,1,0
5109,2015,3,3,1,0,0,0,0,0,1,0
5124,2023,1,1,0,0,0,0,0,0,0,0
5124,2025,1,1,1,0,0,0,0,0,0,0
5124,2026,1,1,0,0,0,0,0,0,0,0
5137,2012,2,2,0,0,0,0,0,0,0,0
5137,2013,5,5,1,0,0,1,0,0,2,0
5137,2014,2,1,1,0,0,1,1,0,0,0
5137,2015,4,3,0,0,0,0,1,0,2,0
5137,2017,2,1,0,0,0,0,1,0,1,0
5149,2012,1,1,0,0,0,0,0,0,1,0
5151,2025,3,3,0,0,0,0,0,0,1,0
5168,2019,1,1,0,0,0,0,0,0,0,0
5168,2023,3,3,1,0,0,0,0,0,0,0
5168,2024,4,3,1,0,0,0,1,0,0,0
5168,2025,3,3,1,0,0,0,0,0,0,0
5196,2022,1,1,0,0,0,0,0,0,1,0
5203,2016,2,1,0,0,0,0,1,0,0,0
5209,2009,1,1,0,0,0,0,0,0,0,0
5209,2010,2,2,0,0,0,0,0,0,1,0
5219,2018,1,0,0,0,0,0,1,0,0,0
5234,2010,3,3,1,0,0,1,0,0,1,0
5234,2011,6,4,1,1,0,0,2,0,0,0
5234,2012,4,3,2,0,0,0,1,0,1,0
5234,2015,2,1,0,0,0,0,0,0,0,1
5234,2016,1,1,0,0,0,0,0,0,1,0
5234,2018,2,1,0,0,0,0,1,0,1,0
5234,2020,3,3,1,0,0,0,0,0,0,0
5234,2023,1,0,0,0,0,0,1,0,0,0
5234,2024,1,1,0,0,0,0,0,0,0,0
5235,2019,6,5,1,0,0,0,1,0,0,0
5235,2022,6,5,1,0,0,0,0,0,0,1
5235,2024,3,3,1,0,0,0,0,0,1,0
5243,2010,7,6,1,1,0,0,1,0,0,0
5243,2011,3,2,1,0,0,0,1,0,0,0
5243,2012,3,2,0,0,0,0,0,1,2,0
5243,2013,3,2,0,0,0,0,1,0,0,0
5243,2014,7,7,1,0,0,0,0,0,0,0
5243,2015,3,2,1,0,0,0,1,0,0,0
5246,2009,4,4,0,0,0,0,0,0,1,0
5246,2010,3,1,1,0,0,0,2,0,0,0
5251,2022,2,1,0,0,0,0,1,0,0,0
5254,2017,4,2,1,0,0,0,2,0,0,0
5254,2018,1,1,0,0,0,0,0,0,1,0
5254,2020,1,1,0,0,0,0,0,0,1,0
5293,2010,3,3,0,0,0,0,0,0,1,0
5293,2012,3,3,1,0,0,0,0,0,1,0
5293,2023,1,1,0,0,0,0,0,0,1,0
5305,2026,2,2,1,0,0,0,0,0,0,0
5312,2018,3,2,2,0,0,1,1,0,0,0
5329,2015,5,4,1,0,0,1,1,0,1,0
5329,2016,5,4,2,0,0,0,0,0,0,1
5329,2017,5,5,2,0,0,0,0,0,1,0
5329,2018,2,2,1,0,0,0,0,0,1,0
5329,2023,2,1,1,0,0,0,1,0,0,0
5329,2024,1,1,0,0,0,0,0,0,1,0
5329,2025,1,0,0,0,0,0,1,0,0,0
5334,2024,3,2,0,0,0,0,1,0,0,0
5334,2025,6,6,1,1,0,0,0,0,1,0
5364,2016,3,3,0,0,0,0,0,0,0,0
5384,2010,4,4,2,0,0,1,0,0,0,0
5384,2011,6,5,0,0,0,0,1,0,2,0
5384,2012,3,2,1,0,0,1,1,0,0,0
5384,2013,10,9,5,2,0,0,1,0,1,0
5384,2014,11,8,4,1,0,1,3,0,2,0
5384,2015,2,1,1,0,0,0,1,0,0,0
5384,2016,5,5,1,0,0,0,0,0,2,0
5384,2017,5,5,1,0,0,0,0,0,0,0
5384,2018,6,5,2,1,0,0,1,0,1,0
5389,2016,1,1,1,0,0,1,0,0,0,0
5389,2019,2,1,0,0,0,0,1,0,1,0
5389,2020,3,2,1,0,0,0,0,0,0,1
5389,2021,3,2,1,0,0,0,1,0,0,0
5389,2024,1,1,0,0,0,0,0,0,1,0
5404,2024,1,1,0,0,0,0,0,0,1,0
5404,2025,1,0,0,0,0,0,1,0,0,0
5415,2014,1,1,0,0,0,0,0,0,0,0
5436,2025,1,1,1,0,0,0,0,0,0,0
5438,2015,1,1,0,0,0,0,0,0,0,0
5440,2011,1,0,0,0,0,0,1,0,0,0
5440,2017,1,1,0,0,0,0,0,0,0,0
5440,2018,3,3,1,0,0,0,0,0,1,0
5440,2021,1,1,0,0,0,0,0,0,0,0
5454,2022,1,1,0,0,0,0,0,0,0,0
5454,2023,1,1,0,0,0,0,0,0,1,0
5454,2024,1,1,0,0,0,0,0,0,1,0
5462,2015,6,5,1,0,0,0,1,0,1,0
5462,2016,4,3,1,0,0,0,1,0,1,0
5462,2017,3,3,1,0,0,0,0,0,1,0
5462,2018,2,0,0,0,0,0,2,0,0,0
5462,2019,1,1,1,0,0,0,0,0,0,0
5471,2010,1,1,1,0,0,0,0,0,0,0
5479,2013,1,1,1,0,1,0,0,0,0,0
5479,2014,1,1,0,0,0,0,0,0,1,0
5479,2018,2,2,0,0,0,0,0,0,0,0
5497,2015,1,1,0,0,0,0,0,0,1,0
5499,2024,2,1,0,0,0,0,1,0,1,0
5507,2024,1,1,0,0,0,0,0,0,1,0
5515,2009,4,3,0,0,0,0,1,0,0,0
5515,2011,3,3,1,0,0,0,0,0,1,0
5515,2012,3,3,2,0,0,0,0,0,0,0
5527,2018,2,2,0,0,0,0,0,0,1,0
5562,2010,4,4,1,0,0,1,0,0,0,0
5562,2011,3,3,0,0,0,0,0,0,2,0
5562,2012,3,2,1,0,0,0,1,0,1,0
5563,2012,1,1,0,0,0,0,0,0,1,0
5563,2015,2,1,1,0,0,0,1,0,0,0
5563,2017,1,1,0,0,0,0,0,0,0,0
5563,2018,1,0,0,0,0,0,1,0,0,0
5583,2021,2,1,0,0,0,0,1,0,0,0
5583,2023,2,2,1,0,0,0,0,0,1,0
5583,2024,2,2,1,0,0,0,0,0,0,0
5583,2025,1,1,1,0,0,0,0,0,0,0
5583,2026,1,1,0,0,0,0,0,0,1,0
5607,2014,3,3,1,0,0,0,0,0,1,0
5649,2021,1,1,0,0,0,0,0,0,0,0
5676,2013,4,4,1,0,0,0,0,0,1,0
5706,2015,6,6,1,1,0,0,0,0,3,0
5706,2016,4,4,1,0,0,1,0,0,1,0
5707,2019,3,1,0,0,0,0,2,0,0,0
5707,2022,4,3,0,0,0,0,1,0,1,0
5707,2023,1,1,0,0,0,0,0,0,0,0
5707,2025,2,2,1,0,0,0,0,0,0,0
5708,2025,2,2,1,0,0,0,0,0,0,0
5712,2009,3,3,0,0,0,0,0,0,2,0
5712,2011,7,6,0,0,0,0,1,0,0,0
5719,2014,1,1,0,0,0,0,0,0,1,0
5719,2025,1,1,0,0,0,0,0,0,0,0
5732,2023,3,1,0,0,0,0,2,0,0,0
5739,2016,1,1,0,0,0,0,0,0,1,0
5752,2009,3,3,2,0,1,0,0,0,1,0
5752,2010,3,3,1,0,0,0,0,0,1,0
5754,2020,1,1,0,0,0,0,0,0,0,0
5754,2021,2,1,0,0,0,0,1,0,0,0
5757,2016,3,3,2,1,0,0,0,0,0,0
5773,2018,1,1,0,0,0,0,0,0,0,0
5777,2019,3,3,1,0,0,0,0,0,0,0
5777,2025,2,2,0,0,0,0,0,0,2,0
5777,2026,1,1,0,0,0,0,0,0,0,0
5782,2012,5,5,1,0,0,0,0,0,0,0
5782,2013,10,6,2,0,0,0,3,1,0,0
5782,2014,3,3,1,0,0,0,0,0,1,0
5782,2017,1,1,0,0,0,0,0,0,0,0
5782,2018,2,2,1,0,0,0,0,0,0,0
5782,2021,1,1,0,0,0,0,0,0,0,0
5788,2023,3,2,0,0,0,0,1,0,1,0
5788,2025,3,3,0,0,0,0,0,0,1,0
5789,2022,5,4,1,0,0,0,1,0,2,0
5790,2023,1,1,0,0,0,0,0,0,0,0
5790,2024,1,1,0,0,0,0,0,0,0,0
5790,2025,1,0,0,0,0,0,1,0,0,0
5797,2015,1,1,1,0,0,0,0,0,0,0
5797,2016,2,2,0,0,0,0,0,0,1,0
5797,2017,1,1,0,0,0,0,0,0,0,0
5797,2018,1,1,0,0,0,0,0,0,0,0
5803,2023,1,0,0,0,0,0,0,1,0,0
5815,2010,7,6,0,0,0,0,1,0,0,0
5815,2011,3,3,2,1,0,0,0,0,0,0
5815,2012,4,4,1,0,0,0,0,0,1,0
5815,2014,4,3,2,0,0,0,1,0,0,0
5817,2023,1,1,0,0,0,0,0,0,0,0
5819,2011,3,2,0,0,0,0,1,0,2,0
5819,2012,6,6,3,0,0,0,0,0,0,0
5819,2013,5,4,2,0,0,0,1,0,0,0
5819,2014,3,3,1,0,0,1,0,0,1,0
5819,2015,3,3,2,1,0,0,0,0,1,0
5826,2009,2,2,2,0,0,1,0,0,0,0
5826,2016,1,1,1,0,0,0,0,0,0,0
5839,2024,2,2,1,0,0,0,0,0,0,0
5839,2025,1,1,1,0,0,0,0,0,0,0
5844,2023,1,1,0,0,0,0,0,0,0,0
5844,2024,3,2,1,0,0,0,0,1,0,0
5845,2009,2,2,1,0,0,0,0,0,0,0
5845,2010,6,6,2,0,0,0,0,0,1,0
5845,2012,6,6,2,0,0,1,0,0,0,0
5845,2013,6,5,1,0,0,0,1,0,1,0
5845,2015,6,5,3,2,0,0,1,0,1,0
5845,2016,3,3,0,0,0,0,0,0,1,0
5845,2018,9,9,2,1,0,0,0,0,2,0
5845,2019,3,3,0,0,0,0,0,0,0,0
5845,2021,3,2,0,0,0,0,1,0,1,0
5845,2025,2,2,1,0,0,0,0,0,1,0
5851,2012,9,8,1,0,0,0,1,0,0,0
5851,2018,3,2,0,0,0,0,1,0,0,0
5851,2023,2,2,0,0,0,0,0,0,0,0
5862,2016,1,1,0,0,0,0,0,0,0,0
5869,2022,2,2,1,0,0,1,0,0,1,0
5869,2024,3,2,1,0,0,0,1,0,0,0
5881,2021,5,5,1,0,0,0,0,0,2,0
5883,2011,1,1,0,0,0,0,0,0,0,0
5883,2012,1,1,0,0,0,0,0,0,0,0
5883,2013,1,1,1,0,0,0,0,0,0,0
5883,2014,1,1,0,0,0,0,0,0,1,0
5883,2017,1,1,0,0,0,0,0,0,0,0
5883,2018,1,1,1,0,1,0,0,0,0,0
5883,2023,2,2,0,0,0,0,0,0,0,0
5884,2011,1,1,1,0,1,0,0,0,0,0
5888,2024,1,1,0,0,0,0,0,0,1,0
5888,2025,1,1,0,0,0,0,0,0,0,0
5888,2026,2,2,0,0,0,0,0,0,0,0
5896,2024,1,1,0,0,0,0,0,0,0,0
5896,2025,1,1,0,0,0,0,0,0,1,0
5900,2024,6,6,2,0,0,1,0,0,3,0
5905,2019,2,2,0,0,0,0,0,0,0,0
5905,2021,2,2,0,0,0,0,0,0,2,0
5905,2024,1,1,1,0,0,0,0,0,0,0
5911,2012,1,1,0,0,0,0,0,0,0,0
5911,2013,5,3,1,0,0,0,2,0,1,0
5911,2014,1,0,0,0,0,0,1,0,0,0
5911,2018,2,1,0,0,0,0,1,0,0,0
5911,2019,2,2,2,1,0,0,0,0,0,0
5917,2023,3,3,2,0,0,1,0,0,1,0
5917,2025,3,3,1,0,0,0,0,0,1,0
5929,2021,1,1,0,0,0,0,0,0,0,0
5929,2024,4,3,0,0,0,0,1,0,3,0
5929,2025,1,1,0,0,0,0,0,0,1,0
5953,2023,2,2,1,0,0,0,0,0,0,0
5961,2015,3,2,1,0,0,1,1,0,1,0
5961,2016,3,3,1,0,0,0,0,0,1,0
5961,2017,1,1,0,0,0,0,0,0,0,0
5961,2018,1,1,1,1,0,0,0,0,0,0
5961,2022,3,2,1,0,0,0,1,0,1,0
5962,2023,2,2,1,0,0,0,0,0,0,0
5987,2025,3,2,1,0,0,0,1,0,0,0
5990,2013,5,4,2,0,0,1,1,0,1,0
5990,2015,3,3,2,1,0,0,0,0,1,0
5990,2016,3,3,0,0,0,0,0,0,0,0
5990,2017,2,2,0,0,0,0,0,0,0,0
5992,2024,3,3,1,0,0,1,0,0,0,0
5992,2025,2,2,2,1,0,0,0,0,0,0
5996,2013,2,2,1,1,0,0,0,0,0,0
6010,2012,1,1,1,0,0,1,0,0,0,0
6010,2013,2,1,1,0,0,0,0,1,0,0
6010,2017,2,2,0,0,0,0,0,0,1,0
6010,2018,1,1,0,0,0,0,0,0,0,0
6017,2025,1,0,0,0,0,0,1,0,0,0
6045,2021,2,2,0,0,0,0,0,0,1,0
6062,2021,1,1,0,0,0,0,0,0,0,0
6067,2010,1,0,0,0,0,0,1,0,0,0
6067,2011,1,1,1,0,0,1,0,0,0,0
6069,2015,1,1,1,0,0,0,0,0,0,0
6069,2016,1,1,1,0,0,0,0,0,0,0
6091,2018,3,3,1,1,0,0,0,0,2,0
6091,2021,1,0,0,0,0,0,1,0,0,0
6091,2022,2,2,0,0,0,0,0,0,1,0
6091,2023,3,2,0,0,0,0,0,0,1,1
6091,2024,2,2,0,0,0,0,0,0,2,0
6092,2022,5,5,3,0,0,1,0,0,0,0
6092,2026,1,1,0,0,0,0,0,0,1,0
6098,2009,1,1,0,0,0,0,0,0,0,0
6098,2010,2,2,0,0,0,0,0,0,0,0
6099,2009,6,5,3,0,0,0,1,0,1,0
6099,2010,3,3,0,0,0,0,0,0,1,0
6099,2011,3,3,0,0,0,0,0,0,1,0
6099,2014,3,2,0,0,0,0,1,0,0,0
6118,2014,3,3,2,0,0,0,0,0,0,0
6118,2015,10,9,1,0,0,0,1,0,1,0
6118,2016,6,5,1,0,0,1,1,0,2,0
6118,2017,2,2,0,0,0,0,0,0,1,0
6152,2023,1,1,0,0,0,0,0,0,0,0
6157,2017,6,3,0,0,0,0,2,1,1,0
6175,2014,1,1,0,0,0,0,0,0,0,0
6177,2023,1,0,0,0,0,0,1,0,0,0
6190,2009,4,3,2,1,0,0,1,0,0,0
6190,2010,7,5,1,0,0,1,2,0,1,0
6190,2011,9,8,4,1,1,0,1,0,2,0
6190,2013,3,2,2,0,0,0,1,0,0,0
6229,2011,3,1,0,0,0,0,2,0,0,0
6229,2012,6,5,2,0,0,1,1,0,1,0
6229,2013,15,14,3,0,0,1,1,0,4,0
6229,2014,2,2,1,0,0,1,0,0,0,0
6229,2015,2,2,2,1,0,0,0,0,0,0
6233,2018,9,8,5,0,1,0,1,0,0,0
6233,2019,1,0,0,0,0,0,1,0,0,0
6233,2021,6,6,2,0,0,2,0,0,1,0
6240,2016,2,1,1,0,0,0,1,0,0,0
6240,2022,1,1,0,0,0,0,0,0,0,0
6240,2023,3,3,1,0,0,0,0,0,0,0
6240,2024,1,1,1,1,0,0,0,0,0,0
6251,2023,2,2,1,0,0,0,0,0,0,0
6253,2022,2,2,2,0,0,0,0,0,0,0
6253,2023,1,0,0,0,0,0,1,0,0,0
6261,2014,1,1,0,0,0,0,0,0,1,0
6271,2012,1,0,0,0,0,0,1,0,0,0
6271,2013,2,2,0,0,0,0,0,0,0,0
6271,2014,1,0,0,0,0,0,1,0,0,0
6272,2025,1,1,0,0,0,0,0,0,0,0
6273,2010,10,8,3,0,0,0,1,1,1,0
6273,2011,8,8,2,0,0,1,0,0,1,0
6273,2012,15,14,1,0,0,0,1,0,6,0
6273,2013,12,10,3,0,0,1,1,1,1,0
6273,2014,16,14,5,1,0,0,1,1,3,0
6273,2015,12,11,2,0,0,0,1,0,2,0
6273,2016,12,12,3,0,0,0,0,0,3,0
6273,2017,11,10,5,1,0,0,1,0,2,0
6273,2018,3,3,0,0,0,0,0,0,1,0
6276,2024,1,1,0,0,0,0,0,0,0,0
6279,2009,3,3,1,0,0,0,0,0,0,0
6279,2010,6,6,1,0,0,0,0,0,0,0
6279,2018,1,1,0,0,0,0,0,0,0,0
6279,2020,3,3,2,0,0,0,0,0,0,0
6280,2018,1,1,0,0,0,0,0,0,1,0
6282,2011,4,4,0,0,0,0,0,0,1,0
6282,2012,2,2,0,0,0,0,0,0,1,0
6282,2013,5,4,2,1,0,0,0,1,0,0
6282,2014,3,2,2,1,0,0,1,0,0,0
6282,2015,2,2,1,0,0,0,0,0,0,0
6292,2009,4,3,1,1,0,0,1,0,0,0
6292,2011,4,3,0,0,0,0,1,0,2,0
6292,2012,3,3,0,0,0,0,0,0,1,0
6292,2013,4,4,1,0,0,0,0,0,0,0
6294,2025,2,2,0,0,0,0,0,0,0,0
6301,2022,1,1,0,0,0,0,0,0,0,0
6323,2026,2,1,0,0,0,0,0,0,1,1
6326,2009,9,5,2,1,0,0,4,0,1,0
6333,2025,2,2,0,0,0,0,0,0,0,0
6335,2017,4,4,2,0,0,1,0,0,2,0
6335,2018,1,1,0,0,0,0,0,0,0,0
6335,2022,1,1,1,0,0,0,0,0,0,0
6335,2023,1,1,0,0,0,0,0,0,1,0
6335,2024,2,2,1,0,0,1,0,0,1,0
6356,2022,2,2,0,0,0,0,0,0,1,0
6370,2009,1,1,1,1,0,0,0,0,0,0
6378,2011,3,2,0,0,0,0,0,1,2,0
6378,2015,11,11,1,0,0,0,0,0,2,0
6378,2016,11,10,3,0,0,1,1,0,1,0
6378,2017,11,9,3,1,1,1,2,0,1,0
6378,2019,3,3,1,1,0,0,0,0,1,0
6378,2021,3,2,1,0,0,0,1,0,0,0
6391,2009,1,0,0,0,0,0,1,0,0,0
6391,2010,2,0,0,0,0,0,2,0,0,0
6408,2022,3,3,0,0,0,0,0,0,1,0
6408,2024,4,3,0,0,0,0,1,0,2,0
6408,2025,6,5,1,0,0,0,1,0,0,0
6412,2009,1,1,1,0,0,1,0,0,0,0
6412,2011,1,1,0,0,0,0,0,0,1,0
6423,2009,11,9,0,0,0,0,2,0,4,0
6423,2010,13,11,4,1,0,0,2,0,0,0
6423,2011,6,6,2,0,0,1,0,0,2,0
6424,2013,1,1,1,0,0,0,0,0,0,0
6430,2010,1,1,0,0,0,0,0,0,1,0
6431,2009,7,6,0,0,0,0,1,0,2,0
6431,2010,4,4,0,0,0,0,0,0,1,0
6431,2012,2,2,1,0,0,1,0,0,1,0
6431,2013,6,4,1,1,0,0,2,0,0,0
6431,2014,5,5,2,0,0,0,0,0,1,0
6440,2012,1,0,0,0,0,0,1,0,0,0
6444,2010,1,1,0,0,0,0,0,0,0,0
6444,2011,2,2,0,0,0,0,0,0,1,0
6450,2011,1,0,0,0,0,0,1,0,0,0
6461,2009,4,4,2,0,0,1,0,0,1,0
6461,2012,3,2,0,0,0,0,1,0,1,0
6470,2024,1,1,0,0,0,0,0,0,0,0
6482,2021,1,1,0,0,0,0,0,0,0,0
6482,2022,1,1,0,0,0,0,0,0,1,0
6483,2017,2,2,0,0,0,0,0,0,0,0
6483,2024,3,3,1,1,0,0,0,0,0,0
6488,2022,1,1,0,0,0,0,0,0,0,0
6502,2017,3,3,2,0,1,0,0,0,0,0
6507,2020,3,3,1,0,0,0,0,0,0,0
6509,2022,9,7,1,0,0,1,2,0,3,0
6509,2023,3,2,0,0,0,0,1,0,1,0
6509,2024,3,3,1,0,0,0,0,0,1,0
6509,2025,6,6,0,0,0,0,0,0,2,0
6511,2010,4,2,0,0,0,0,1,0,0,1
6511,2011,2,2,0,0,0,0,0,0,0,0
6511,2012,5,4,0,0,0,0,1,0,2,0
6522,2010,9,9,4,2,0,0,0,0,0,0
6522,2011,14,13,4,0,0,1,0,0,2,1
6522,2012,5,5,1,0,0,0,0,0,0,0
6522,2013,7,7,1,0,0,0,0,0,0,0
6522,2014,10,7,3,1,0,1,2,0,0,1
6522,2015,10,8,3,0,0,1,2,0,0,0
6547,2021,3,3,0,0,0,0,0,0,0,0
6547,2022,1,1,0,0,0,0,0,0,0,0
6547,2023,1,1,0,0,0,0,0,0,0,0
6547,2024,1,1,0,0,0,0,0,0,0,0
6554,2009,3,2,0,0,0,0,1,0,0,0
6560,2022,1,1,0,0,0,0,0,0,0,0
6571,2024,2,2,1,0,0,1,0,0,0,0
6574,2026,2,1,0,0,0,0,1,0,1,0
6585,2019,3,2,0,0,0,0,1,0,1,0
6585,2020,3,3,1,0,0,1,0,0,1,0
6585,2021,1,1,0,0,0,0,0,0,1,0
6585,2022,3,3,1,0,0,0,0,0,2,0
6586,2010,3,3,0,0,0,0,0,0,1,0
6586,2011,6,4,2,1,0,1,1,1,0,0
6588,2016,2,2,0,0,0,0,0,0,0,0
6588,2023,1,1,1,0,0,1,0,0,0,0
6588,2024,3,3,0,0,0,0,0,0,1,0
6591,2010,3,3,1,0,0,0,0,0,1,0
6591,2011,5,3,0,0,0,0,0,1,2,0
6591,2012,3,3,1,1,0,0,0,0,1,0
6593,2025,5,5,1,0,0,0,0,0,1,0
6595,2015,6,6,1,0,0,1,0,0,1,0
6595,2016,2,2,1,0,0,0,0,0,0,0
6595,2017,7,6,0,0,0,0,1,0,1,0
6595,2023,3,3,1,0,0,0,0,0,1,0
6601,2014,1,0,0,0,0,0,1,0,0,0
6601,2020,1,1,0,0,0,0,0,0,0,0
6601,2021,3,2,0,0,0,0,1,0,1,0
6604,2019,1,1,1,0,0,0,0,0,0,0
6604,2024,1,1,1,0,0,1,0,0,0,0
6604,2025,1,1,0,0,0,0,0,0,1,0
6612,2009,4,4,1,0,0,0,0,0,1,0
6612,2010,9,8,4,0,0,0,1,0,1,0
6612,2011,3,3,2,1,0,0,0,0,1,0
6617,2016,2,2,2,2,0,0,0,0,0,0
6632,2017,2,2,0,0,0,0,0,0,1,0
6633,2018,3,3,0,0,0,0,0,0,2,0
6633,2021,1,1,1,0,1,0,0,0,0,0
6640,2011,4,4,1,0,0,0,0,0,1,0
6646,2021,1,0,0,0,0,0,0,1,0,0
6652,2019,2,1,0,0,0,0,1,0,0,0
6652,2020,7,7,1,0,0,0,0,0,3,0
6652,2021,1,1,0,0,0,0,0,0,1,0
6652,2022,2,2,1,0,0,0,0,0,0,0
6672,2021,5,3,0,0,0,0,1,1,1,0
6672,2023,3,3,0,0,0,0,0,0,1,0
6672,2024,2,1,0,0,0,0,1,0,1,0
6672,2026,3,3,2,1,0,1,0,0,1,0
6676,2011,3,2,1,0,0,0,1,0,0,0
6676,2012,12,11,7,3,0,0,1,0,0,0
6676,2013,3,3,1,0,0,1,0,0,0,0
6676,2016,2,2,1,0,0,0,0,0,1,0
6676,2017,2,2,2,0,0,1,0,0,0,0
6676,2018,2,2,0,0,0,0,0,0,1,0
6678,2024,2,1,0,0,0,0,1,0,1,0
6682,2011,1,1,0,0,0,0,0,0,1,0
6682,2012,10,10,2,0,0,0,0,0,2,0
6682,2013,15,15,2,2,0,0,0,0,7,0
6682,2014,9,9,1,1,0,0,0,0,3,0
6682,2015,10,9,2,1,0,0,1,0,4,0
6682,2017,10,10,5,0,0,0,0,0,3,0
6682,2024,6,6,0,0,0,0,0,0,1,0
6685,2009,1,1,0,0,0,0,0,0,0,0
6685,2010,3,3,0,0,0,0,0,0,1,0
6685,2012,1,1,1,0,0,0,0,0,0,0
6688,2013,3,3,1,0,0,1,0,0,0,0
6688,2014,5,4,1,0,0,0,0,0,1,1
6688,2015,8,8,2,1,0,0,0,0,1,0
6688,2016,3,3,1,0,0,0,0,0,0,0
6697,2010,2,2,0,0,0,0,0,0,0,0
6697,2011,1,1,0,0,0,0,0,0,0,0
6702,2021,1,1,1,1,0,0,0,0,0,0
6702,2022,1,1,1,0,0,0,0,0,0,0
6707,2013,1,1,0,0,0,0,0,0,0,0
6707,2014,2,2,2,1,0,0,0,0,0,0
6707,2015,1,1,0,0,0,0,0,0,0,0
6749,2009,2,2,1,0,0,0,0,0,1,0
6749,2015,1,1,0,0,0,0,0,0,0,0
6749,2018,1,1,1,0,0,0,0,0,0,0
6751,2016,3,3,2,0,0,2,0,0,1,0
6751,2017,4,4,0,0,0,0,0,0,2,0
6751,2018,4,4,1,0,0,0,0,0,2,0
6751,2019,3,3,1,0,0,1,0,0,1,0
6757,2018,1,0,0,0,0,0,0,0,0,1
6769,2016,1,1,0,0,0,0,0,0,0,0
6773,2017,6,6,1,0,0,0,0,0,0,0
6773,2018,2,2,0,0,0,0,0,0,0,0
6773,2021,3,3,0,0,0,0,0,0,1,0
6773,2022,2,2,0,0,0,0,0,0,0,0
6778,2012,9,6,2,1,0,0,3,0,2,0
6778,2013,3,3,2,2,0,0,0,0,0,0
6778,2014,3,3,1,1,0,0,0,0,0,0
6783,2010,1,1,0,0,0,0,0,0,1,0
6783,2011,2,2,1,0,0,1,0,0,1,0
6783,2012,1,1,1,1,0,0,0,0,0,0
6807,2011,4,3,0,0,0,0,1,0,1,0
6810,2018,6,5,0,0,0,0,1,0,2,0
6810,2022,3,3,0,0,0,0,0,0,1,0
6810,2023,1,1,1,0,0,0,0,0,0,0
6810,2024,3,2,0,0,0,0,1,0,2,0
6812,2013,5,3,1,0,0,0,2,0,1,0
6812,2014,5,5,0,0,0,0,0,0,1,0
6812,2015,4,3,1,0,0,1,1,0,1,0
6812,2016,3,3,0,0,0,0,0,0,1,0
6824,2023,3,3,1,0,0,0,0,0,1,0
6826,2022,3,3,1,0,0,0,0,0,0,0
6830,2012,2,2,2,0,0,1,0,0,0,0
6833,2021,1,1,0,0,0,0,0,0,0,0
6833,2022,1,1,0,0,0,0,0,0,0,0
6845,2021,1,1,1,1,0,0,0,0,0,0
6849,2011,10,8,1,1,0,0,1,0,2,1
6849,2012,6,6,1,0,0,0,0,0,2,0
6849,2013,3,3,0,0,0,0,0,0,0,0
6854,2016,3,3,1,0,0,0,0,0,0,0
6858,2022,1,1,0,0,0,0,0,0,1,0
6867,2009,2,2,0,0,0,0,0,0,1,0
6867,2010,4,3,1,1,0,0,1,0,2,0
6867,2011,3,2,0,0,0,0,1,0,2,0
6867,2012,3,2,1,0,0,0,1,0,0,0
6867,2013,3,2,2,0,0,0,0,1,0,0
6873,2017,5,4,2,1,0,0,0,1,0,0
6873,2019,3,2,1,0,0,0,1,0,1,0
6873,2021,6,6,0,0,0,0,0,0,2,0
6876,2009,8,6,2,1,1,0,1,0,2,1
6876,2010,3,3,0,0,0,0,0,0,0,0
6876,2011,6,6,3,2,0,0,0,0,1,0
6876,2012,6,6,0,0,0,0,0,0,0,0
6882,2024,3,2,0,0,0,0,1,0,1,0
6886,2014,1,1,1,0,0,0,0,0,0,0
6886,2015,1,0,0,0,0,0,1,0,0,0
6886,2016,2,2,1,0,0,0,0,0,0,0
6895,2010,2,2,0,0,0,0,0,0,1,0
6895,2011,4,4,0,0,0,0,0,0,0,0
6895,2012,2,2,0,0,0,0,0,0,1,0
6913,2011,2,2,0,0,0,0,0,0,1,0
6913,2012,2,2,1,1,0,0,0,0,1,0
6914,2014,9,6,2,0,0,1,3,0,3,0
6914,2015,13,12,2,1,0,0,1,0,3,0
6914,2016,12,12,1,0,0,0,0,0,3,0
6914,2017,9,8,1,0,0,0,1,0,2,0
6914,2018,3,3,1,0,0,0,0,0,0,0
6914,2019,1,0,0,0,0,0,1,0,0,0
6914,2021,3,3,1,0,0,0,0,0,0,0
6915,2020,2,2,0,0,0,0,0,0,1,0
6915,2021,2,2,0,0,0,0,0,0,1,0
6915,2022,2,2,0,0,0,0,0,0,1,0
6915,2025,1,1,0,0,0,0,0,0,0,0
6943,2024,2,1,0,0,0,0,1,0,0,0
6953,2012,1,1,0,0,0,0,0,0,0,0
6954,2017,1,1,1,0,0,0,0,0,0,0
6961,2022,5,5,2,0,0,0,0,0,1,0
6961,2023,2,2,1,0,0,0,0,0,1,0
6961,2024,3,3,0,0,0,0,0,0,0,0
6961,2025,7,5,0,0,0,0,1,1,1,0
6978,2024,1,0,0,0,0,0,1,0,0,0
6988,2022,1,1,0,0,0,0,0,0,0,0
6988,2024,2,1,0,0,0,0,1,0,1,0
7000,2009,2,2,0,0,0,0,0,0,2,0
7000,2010,3,1,1,0,0,0,2,0,0,0
7000,2011,4,2,2,1,0,0,2,0,0,0
7000,2014,1,1,0,0,0,0,0,0,1,0
7000,2015,1,1,1,0,0,0,0,0,0,0
7003,2010,3,3,0,0,0,0,0,0,1,0
7003,2011,3,3,0,0,0,0,0,0,1,0
7003,2012,3,2,0,0,0,0,1,0,1,0
7013,2010,1,1,0,0,0,0,0,0,0,0
7013,2015,1,1,0,0,0,0,0,0,0,0
7039,2017,1,1,0,0,0,0,0,0,1,0
7039,2018,2,0,0,0,0,0,1,1,0,0
7039,2023,1,1,0,0,0,0,0,0,1,0
7039,2024,1,1,0,0,0,0,0,0,0,0
7039,2025,3,3,0,0,0,0,0,0,2,0
7041,2014,3,3,1,1,0,0,0,0,1,0
7044,2025,2,2,1,0,0,0,0,0,0,0
7052,2011,1,1,1,0,0,0,0,0,0,0
7052,2015,4,2,1,0,0,0,2,0,0,0
7055,2014,3,2,1,1,0,0,1,0,0,0
7058,2016,3,3,2,0,0,0,0,0,1,0
7058,2018,2,1,0,0,0,0,1,0,1,0
7058,2019,4,4,0,0,0,0,0,0,2,0
7058,2020,3,2,0,0,0,0,1,0,2,0
7058,2021,3,2,1,0,0,0,1,0,1,0
7058,2022,4,4,2,0,0,0,0,0,0,0
7058,2023,4,3,0,0,0,0,1,0,1,0
7058,2025,1,1,1,0,0,0,0,0,0,0
7059,2014,6,6,0,0,0,0,0,0,1,0
7059,2020,3,3,0,0,0,0,0,0,0,0
7059,2021,1,0,0,0,0,0,1,0,0,0
7061,2015,2,1,1,0,0,0,1,0,0,0
7061,2016,2,2,0,0,0,0,0,0,0,0
7077,2025,3,3,1,0,0,0,0,0,0,0
7086,2015,1,1,0,0,0,0,0,0,0,0
7086,2021,2,1,0,0,0,0,1,0,1,0
7086,2022,1,1,1,0,0,0,0,0,0,0
7101,2022,1,1,1,0,0,0,0,0,0,0
7101,2026,1,1,0,0,0,0,0,0,0,0
7107,2015,1,1,1,1,0,0,0,0,0,0
7110,2012,2,2,0,0,0,0,0,0,1,0
7110,2015,1,1,0,0,0,0,0,0,0,0
7126,2013,7,7,3,1,0,0,0,0,0,0
7126,2014,3,3,1,0,0,0,0,0,2,0
7126,2016,2,0,0,0,0,0,2,0,0,0
7126,2018,3,3,3,1,0,0,0,0,0,0
7147,2009,1,1,0,0,0,0,0,0,0,0
7147,2010,2,0,0,0,0,0,2,0,0,0
7147,2011,4,3,1,0,0,0,1,0,1,0
7147,2012,1,1,0,0,0,0,0,0,0,0
7149,2010,1,0,0,0,0,0,1,0,0,0
7154,2023,3,3,1,0,0,1,0,0,1,0
7176,2025,3,3,0,0,0,0,0,0,0,0
7194,2009,3,3,1,0,0,0,0,0,1,0
7207,2017,1,0,0,0,0,0,1,0,0,0
7207,2018,2,2,2,0,0,0,0,0,0,0
7207,2022,2,2,0,0,0,0,0,0,1,0
7207,2024,1,1,0,0,0,0,0,0,0,0
7211,2016,1,0,0,0,0,0,1,0,0,0
7211,2017,2,1,0,0,0,0,1,0,0,0
7211,2018,3,3,1,1,0,0,0,0,1,0
7211,2021,1,1,1,0,0,0,0,0,0,0
7211,2022,1,1,0,0,0,0,0,0,0,0
7220,2014,3,2,0,0,0,0,1,0,0,0
7220,2017,2,1,0,0,0,0,1,0,1,0
7222,2020,2,1,1,0,0,1,1,0,0,0
7222,2021,2,2,1,0,0,1,0,0,0,0
7223,2015,1,1,0,0,0,0,0,0,0,0
7223,2025,3,2,0,0,0,0,1,0,1,0
7225,2017,1,1,0,0,0,0,0,0,1,0
7225,2018,1,0,0,0,0,0,1,0,0,0
7226,2024,1,1,1,0,0,0,0,0,0,0
7239,2012,2,1,1,1,0,0,1,0,0,0
7239,2021,1,1,1,0,0,0,0,0,0,0
7239,2023,1,1,0,0,0,0,0,0,1,0
7306,2021,3,3,1,0,0,0,0,0,0,0
7306,2022,2,2,0,0,0,0,0,0,0,0
7308,2021,1,1,0,0,0,0,0,0,1,0
7308,2025,1,1,0,0,0,0,0,0,0,0
7310,2009,3,1,0,0,0,0,1,1,0,0
7313,2009,1,1,0,0,0,0,0,0,0,0
7313,2010,1,1,0,0,0,0,0,0,0,0
7322,2009,1,1,0,0,0,0,0,0,0,0
7322,2010,6,5,2,0,1,1,1,0,0,0
7322,2012,1,1,0,0,0,0,0,0,0,0
7322,2013,3,3,1,0,0,0,0,0,1,0
7322,2015,1,1,0,0,0,0,0,0,1,0
7324,2014,1,1,0,0,0,0,0,0,1,0
7327,2022,1,1,1,0,0,0,0,0,0,0
7328,2022,2,1,0,0,0,0,1,0,1,0
7328,2023,6,4,1,0,0,0,2,0,2,0
7331,2018,2,2,0,0,0,0,0,0,0,0
7332,2019,1,0,0,0,0,0,1,0,0,0
7336,2021,3,3,0,0,0,0,0,0,0,0
7337,2010,1,1,0,0,0,0,0,0,0,0
7337,2012,2,1,0,0,0,0,1,0,1,0
7337,2014,2,0,0,0,0,0,2,0,0,0
7339,2025,1,1,0,0,0,0,0,0,1,0
7345,2010,2,1,1,0,0,0,0,1,0,0
7345,2011,4,3,0,0,0,0,0,1,0,0
7345,2016,1,1,1,0,0,0,0,0,0,0
7345,2020,2,2,1,0,0,0,0,0,0,0
7345,2021,1,1,0,0,0,0,0,0,1,0
7357,2025,3,3,1,0,0,1,0,0,2,0
7360,2016,3,1,1,1,0,0,2,0,0,0
7363,2010,3,3,0,0,0,0,0,0,0,0
7375,2021,1,1,1,0,0,0,0,0,0,0
7379,2018,1,1,0,0,0,0,0,0,1,0
7401,2020,1,1,1,0,0,0,0,0,0,0
7401,2023,2,2,1,0,0,0,0,0,1,0
7421,2025,1,0,0,0,0,0,1,0,0,0
7424,2018,1,1,1,0,0,0,0,0,0,0
7433,2025,3,3,1,0,0,1,0,0,2,0
7442,2018,1,1,0,0,0,0,0,0,0,0
7442,2022,1,1,0,0,0,0,0,0,1,0
7447,2009,1,1,0,0,0,0,0,0,0,0
7447,2013,1,0,0,0,0,0,1,0,0,0
7449,2012,1,1,0,0,0,0,0,0,0,0
7449,2019,3,3,0,0,0,0,0,0,1,0
7449,2022,12,12,2,0,0,0,0,0,2,0
7449,2023,3,3,0,0,0,0,0,0,0,0
7449,2024,6,6,1,1,0,0,0,0,1,0
7449,2025,3,3,0,0,0,0,0,0,0,0
7456,2011,3,2,1,1,0,0,1,0,0,0
7456,2012,3,3,1,0,0,0,0,0,0,0
7456,2013,7,4,0,0,0,0,3,0,0,0
7456,2014,3,3,0,0,0,0,0,0,1,0
7456,2016,2,2,0,0,0,0,0,0,0,0
7456,2017,2,2,1,0,0,0,0,0,0,0
7456,2018,2,2,0,0,0,0,0,0,0,0
7456,2021,6,4,1,0,0,0,2,0,1,0
7456,2023,2,2,0,0,0,0,0,0,1,0
7459,2009,3,2,1,0,0,0,1,0,0,0
7459,2011,3,3,1,0,0,0,0,0,1,0
7459,2021,2,2,2,1,0,0,0,0,0,0
7460,2021,5,4,1,0,0,1,1,0,1,0
7465,2023,3,3,0,0,0,0,0,0,2,0
7477,2024,1,1,1,0,0,1,0,0,0,0
7485,2015,2,2,0,0,0,0,0,0,1,0
7485,2018,1,0,0,0,0,0,0,0,0,1
7485,2019,3,3,0,0,0,0,0,0,1,0
7510,2013,9,9,3,0,0,0,0,0,2,0
7510,2014,15,13,4,1,0,0,2,0,0,0
7510,2016,3,3,1,0,0,0,0,0,0,0
7510,2018,3,3,2,0,0,1,0,0,1,0
7510,2021,1,0,0,0,0,0,1,0,0,0
7513,2009,1,1,0,0,0,0,0,0,0,0
7519,2025,1,1,0,0,0,0,0,0,1,0
7521,2013,2,1,1,0,0,0,1,0,0,0
7521,2020,2,2,1,1,0,0,0,0,0,0
7528,2009,2,2,1,0,0,0,0,0,1,0
7532,2011,3,2,0,0,0,0,1,0,0,0
7532,2012,3,2,0,0,0,0,0,0,2,1
7532,2013,3,3,1,1,0,0,0,0,0,0
7532,2022,3,2,1,1,0,0,1,0,0,0
7536,2020,1,1,0,0,0,0,0,0,1,0
7536,2021,1,1,0,0,0,0,0,0,0,0
7547,2023,1,1,1,0,0,0,0,0,0,0
7547,2025,1,1,0,0,0,0,0,0,1,0
7548,2025,3,3,1,1,0,0,0,0,1,0
7551,2017,1,1,0,0,0,0,0,0,1,0
7551,2018,2,1,1,0,0,0,1,0,0,0
7567,2025,3,3,1,1,0,0,0,0,1,0
7710,2026,1,1,0,0,0,0,0,0,0,0
7721,2026,2,2,1,0,0,0,0,0,0,0
7823,2026,2,2,0,0,0,0,0,0,1,0
7828,2009,3,2,1,0,0,1,1,0,0,0
7829,2009,6,6,1,1,0,0,0,0,1,0
7829,2010,2,2,0,0,0,0,0,0,0,0
7849,2023,2,1,0,0,0,0,0,0,0,1
7849,2025,1,0,0,0,0,0,1,0,0,0
7849,2026,1,1,0,0,0,0,0,0,0,0
7852,2010,3,3,1,0,0,1,0,0,0,0
7877,2022,2,1,0,0,0,0,1,0,0,0
7877,2025,3,1,0,0,0,0,1,0,1,1
7881,2017,3,2,1,0,0,0,1,0,0,0
7881,2020,3,3,1,0,0,0,0,0,0,0
7881,2022,6,6,2,1,0,1,0,0,0,0
7881,2023,6,6,1,1,0,0,0,0,2,0
7881,2024,2,2,0,0,0,0,0,0,1,0
7883,2024,3,2,1,0,0,1,1,0,0,0
7883,2025,2,2,1,0,0,1,0,0,0,0
7887,2016,1,1,0,0,0,0,0,0,0,0
7887,2017,4,4,1,0,0,0,0,0,1,0
7887,2018,3,2,1,0,0,0,1,0,0,0
7887,2019,2,1,1,0,0,0,1,0,0,0
7888,2025,1,1,1,0,0,0,0,0,0,0
7895,2025,1,1,0,0,0,0,0,0,0,0
7926,2016,3,3,0,0,0,0,0,0,1,0
7926,2017,3,2,1,1,0,0,1,0,1,0
7926,2018,1,1,0,0,0,0,0,0,1,0
7926,2024,1,1,0,0,0,0,0,0,1,0
7941,2014,3,1,0,0,0,0,2,0,1,0
7945,2022,2,1,0,0,0,0,1,0,1,0
7948,2025,3,3,0,0,0,0,0,0,0,0
7956,2023,2,2,1,0,0,0,0,0,1,0
7956,2024,1,0,0,0,0,0,0,1,0,0
7961,2022,3,2,0,0,0,0,1,0,0,0
7974,2017,2,2,0,0,0,0,0,0,0,0
7974,2021,1,1,1,0,0,0,0,0,0,0
7975,2025,1,1,0,0,0,0,0,0,1,0
7976,2023,1,1,0,0,0,0,0,0,0,0
7985,2025,1,1,0,0,0,0,0,0,0,0
7988,2021,1,1,1,1,0,0,0,0,0,0
7996,2022,1,1,1,0,0,0,0,0,0,0
7999,2011,3,2,0,0,0,0,1,0,1,0
7999,2014,3,3,3,1,0,0,0,0,0,0
7999,2018,1,1,0,0,0,0,0,0,1,0
8000,2014,1,1,0,0,0,0,0,0,1,0
8000,2015,2,2,1,1,0,0,0,0,0,0
8001,2023,1,1,0,0,0,0,0,0,0,0
8015,2018,3,2,0,0,0,0,1,0,1,0
8015,2020,3,3,0,0,0,0,0,0,1,0
8015,2021,10,8,1,0,0,0,2,0,2,0
8015,2024,3,3,1,0,0,0,0,0,1,0
8015,2025,1,1,1,0,0,0,0,0,0,0
8020,2013,1,0,0,0,0,0,1,0,0,0
8036,2009,1,1,1,0,0,0,0,0,0,0
8036,2011,3,2,0,0,0,0,0,1,2,0
8036,2012,1,1,0,0,0,0,0,0,0,0
8042,2009,1,1,0,0,0,0,0,0,1,0
8042,2010,3,2,1,0,0,0,0,0,1,1
8042,2011,2,1,1,1,0,0,1,0,0,0
8042,2012,3,3,0,0,0,0,0,0,1,0
8042,2015,2,1,0,0,0,0,0,1,0,0
8051,2010,3,2,2,0,0,0,1,0,0,0
8051,2012,3,3,0,0,0,0,0,0,0,0
8052,2009,1,1,1,0,1,0,0,0,0,0
8052,2010,3,3,0,0,0,0,0,0,1,0
8052,2012,1,1,0,0,0,0,0,0,0,0
8052,2013,1,1,0,0,0,0,0,0,1,0
8052,2018,1,0,0,0,0,0,1,0,0,0
8053,2023,1,1,0,0,0,0,0,0,0,0
8058,2011,1,1,0,0,0,0,0,0,1,0
8058,2012,3,2,0,0,0,0,1,0,0,0
8058,2013,1,1,0,0,0,0,0,0,0,0
8078,2025,1,1,0,0,0,0,0,0,1,0
8110,2021,2,2,1,0,0,0,0,0,0,0
8118,2016,1,1,1,0,0,0,0,0,0,0
8132,2018,2,2,0,0,0,0,0,0,1,0
8133,2016,2,2,1,1,0,0,0,0,0,0
8133,2018,3,3,0,0,0,0,0,0,1,0
8133,2021,3,3,0,0,0,0,0,0,3,0
8133,2022,3,3,0,0,0,0,0,0,1,0
8133,2023,3,3,2,1,0,0,0,0,1,0
8133,2024,2,1,0,0,0,0,0,1,0,0
8142,2010,14,13,8,1,0,0,1,0,1,0
8142,2011,10,9,3,1,1,1,1,0,3,0
8142,2012,3,2,0,0,0,0,1,0,0,0
8150,2024,9,9,2,0,0,1,0,0,3,0
8167,2021,1,1,0,0,0,0,0,0,0,0
8167,2022,2,2,0,0,0,0,0,0,2,0
8167,2025,1,1,0,0,0,0,0,0,1,0
8172,2022,1,0,0,0,0,0,1,0,0,0
8172,2023,2,1,1,0,0,0,1,0,0,0
8176,2010,10,10,4,1,0,1,0,0,2,0
8176,2011,6,6,1,0,0,0,0,0,0,0
8176,2015,3,3,2,1,0,1,0,0,1,0
8186,2022,1,1,0,0,0,0,0,0,0,0
8212,2020,1,1,0,0,0,0,0,0,0,0
8212,2021,3,3,0,0,0,0,0,0,1,0
8223,2015,11,7,3,2,0,0,4,0,1,0
8223,2016,12,11,3,0,0,1,1,0,1,0
8223,2017,7,7,2,0,0,0,0,0,1,0
8223,2021,1,1,0,0,0,0,0,0,0,0
8226,2022,2,1,0,0,0,0,1,0,0,0
8228,2020,1,0,0,0,0,0,1,0,0,0
8228,2021,1,1,0,0,0,0,0,0,0,0
8228,2022,1,1,0,0,0,0,0,0,1,0
8228,2024,1,1,0,0,0,0,0,0,0,0
8231,2025,6,6,1,0,0,0,0,0,0,0
8236,2016,2,2,1,0,0,0,0,0,1,0
8236,2017,1,1,0,0,0,0,0,0,1,0
8236,2018,2,2,2,1,1,0,0,0,0,0
8236,2024,1,0,0,0,0,0,1,0,0,0
8238,2013,1,1,1,0,0,0,0,0,0,0
8238,2014,3,3,0,0,0,0,0,0,0,0
8247,2018,1,1,0,0,0,0,0,0,1,0
8250,2019,1,0,0,0,0,0,1,0,0,0
8252,2021,3,3,1,0,0,0,0,0,1,0
8252,2022,1,1,0,0,0,0,0,0,0,0
8268,2012,3,3,1,1,0,0,0,0,1,0
8268,2013,6,4,2,0,0,0,2,0,1,0
8268,2015,3,2,0,0,0,0,1,0,1,0
8268,2017,1,1,0,0,0,0,0,0,0,0
8268,2018,2,2,0,0,0,0,0,0,0,0
8279,2015,3,1,1,0,0,0,2,0,0,0
8279,2016,3,3,1,0,0,0,0,0,0,0
8294,2010,3,3,2,2,0,0,0,0,0,0
8294,2012,3,3,1,0,0,0,0,0,0,0
8294,2013,3,2,1,0,0,0,1,0,0,0
8294,2014,6,5,1,1,0,0,1,0,0,0
8294,2015,6,4,2,0,0,1,2,0,1,0
8307,2010,2,1,0,0,0,0,1,0,1,0
8326,2015,1,1,1,1,0,0,0,0,0,0
8330,2016,2,2,1,1,0,0,0,0,0,0
8330,2017,6,6,1,1,0,0,0,0,1,0
8330,2018,3,3,1,0,0,0,0,0,1,0
8330,2022,6,6,0,0,0,0,0,0,1,0
8330,2023,3,2,0,0,0,0,1,0,1,0
8330,2024,3,2,1,0,0,0,1,0,0,0
8334,2009,4,4,2,0,0,0,0,0,1,0
8334,2010,3,2,0,0,0,0,1,0,1,0
8334,2011,3,3,1,1,0,0,0,0,0,0
8334,2012,3,3,2,0,0,0,0,0,1,0
8334,2015,3,3,0,0,0,0,0,0,1,0
8354,2009,3,3,0,0,0,0,0,0,2,0
8354,2010,10,9,3,1,1,0,1,0,1,0
8354,2011,13,13,4,1,0,0,0,0,3,0
8354,2012,6,5,0,0,0,0,1,0,3,0
8354,2014,3,3,2,0,0,0,0,0,1,0
8354,2016,1,1,0,0,0,0,0,0,1,0
8356,2018,2,2,0,0,0,0,0,0,2,0
8356,2019,2,2,1,0,0,0,0,0,0,0
8356,2021,1,1,0,0,0,0,0,0,0,0
8356,2022,1,1,0,0,0,0,0,0,0,0
8366,2018,1,1,1,0,0,0,0,0,0,0
8366,2022,2,2,1,0,0,0,0,0,0,0
8372,2018,6,6,0,0,0,0,0,0,1,0
8379,2024,1,1,1,0,0,0,0,0,0,0
8387,2010,3,3,1,0,0,1,0,0,0,0
8387,2011,1,1,0,0,0,0,0,0,0,0
8394,2014,6,5,2,0,0,0,1,0,0,0
8405,2024,3,2,1,0,0,0,1,0,1,0
8408,2015,1,0,0,0,0,0,1,0,0,0
8408,2016,1,1,0,0,0,0,0,0,0,0
8408,2017,2,2,1,0,0,0,0,0,0,0
8408,2018,2,1,0,0,0,0,1,0,0,0
8408,2019,1,1,0,0,0,0,0,0,1,0
8416,2025,2,1,0,0,0,0,1,0,0,0
8424,2014,1,0,0,0,0,0,1,0,0,0
8424,2020,1,1,0,0,0,0,0,0,0,0
8430,2018,3,3,0,0,0,0,0,0,1,0
8430,2019,1,0,0,0,0,0,1,0,0,0
8437,2009,1,1,0,0,0,0,0,0,0,0
8437,2010,3,2,1,0,0,0,1,0,0,0
8437,2011,1,1,0,0,0,0,0,0,0,0
8437,2012,2,2,0,0,0,0,0,0,0,0
8437,2016,2,2,0,0,0,0,0,0,1,0
8438,2010,1,1,0,0,0,0,0,0,1,0
8438,2013,1,1,0,0,0,0,0,0,1,0
8441,2025,1,1,0,0,0,0,0,0,0,0
8446,2016,5,3,1,1,0,0,2,0,1,0
8446,2017,6,5,1,0,0,0,1,0,0,0
8446,2019,2,2,1,0,0,1,0,0,0,0
8451,2012,2,2,0,0,0,0,0,0,0,0
8451,2016,5,3,0,0,0,0,2,0,0,0
8463,2021,1,1,1,0,0,1,0,0,0,0
8463,2023,1,1,1,1,0,0,0,0,0,0
8474,2010,2,2,0,0,0,0,0,0,0,0
8490,2024,3,2,1,0,0,1,1,0,0,0
8502,2024,3,3,2,1,0,0,0,0,0,0
8512,2010,3,2,0,0,0,0,1,0,0,0
8512,2011,2,2,1,0,0,0,0,0,0,0
8512,2012,3,3,2,0,0,2,0,0,0,0
8512,2013,1,1,1,1,0,0,0,0,0,0
8512,2014,3,3,0,0,0,0,0,0,1,0
8535,2022,1,1,1,1,0,0,0,0,0,0
8535,2023,1,1,0,0,0,0,0,0,0,0
8540,2013,1,1,0,0,0,0,0,0,0,0
8555,2025,3,2,0,0,0,0,1,0,1,0
8556,2009,2,2,1,0,0,0,0,0,0,0
8556,2010,1,1,0,0,0,0,0,0,1,0
8557,2010,1,1,0,0,0,0,0,0,1,0
8557,2011,2,1,1,0,0,1,0,0,0,1
8566,2016,1,1,0,0,0,0,0,0,0,0
8566,2021,1,1,0,0,0,0,0,0,0,0
8574,2015,6,5,2,0,0,0,1,0,0,0
8579,2018,1,1,0,0,0,0,0,0,0,0
8580,2018,2,2,0,0,0,0,0,0,0,0
8580,2021,2,2,1,0,0,0,0,0,0,0
8581,2009,4,4,1,0,0,0,0,0,1,0
8581,2010,9,8,0,0,0,0,1,0,3,0
8584,2012,1,1,1,0,0,0,0,0,0,0
8592,2012,1,0,0,0,0,0,1,0,0,0
8592,2013,2,2,1,0,0,0,0,0,1,0
8592,2014,2,1,0,0,0,0,1,0,1,0
8592,2017,1,1,0,0,0,0,0,0,1,0
8592,2018,3,2,0,0,0,0,0,0,2,1
8592,2021,1,1,0,0,0,0,0,0,0,0
8592,2022,1,1,0,0,0,0,0,0,0,0
8592,2024,1,1,0,0,0,0,0,0,1,0
8597,2013,2,2,0,0,0,0,0,0,0,0
8599,2021,1,1,0,0,0,0,0,0,1,0
8599,2022,2,2,0,0,0,0,0,0,1,0
8603,2021,2,1,0,0,0,0,1,0,1,0
8603,2022,1,1,0,0,0,0,0,0,0,0
8619,2009,5,4,1,0,1,0,1,0,1,0
8619,2011,2,1,0,0,0,0,1,0,1,0
8634,2021,3,3,0,0,0,0,0,0,1,0
8638,2010,3,2,0,0,0,0,0,1,0,0
8643,2021,2,2,1,1,0,0,0,0,0,0
8643,2025,3,3,0,0,0,0,0,0,1,0
8661,2023,1,1,0,0,0,0,0,0,0,0
8661,2025,3,3,0,0,0,0,0,0,0,0
8664,2022,2,2,0,0,0,0,0,0,0,0
8664,2023,3,1,1,0,0,0,2,0,0,0
8664,2024,6,5,1,1,0,0,1,0,2,0
8664,2025,6,4,2,0,0,0,2,0,1,0
8666,2025,2,2,1,0,0,1,0,0,0,0
8679,2018,3,3,1,0,0,1,0,0,2,0
8679,2023,1,1,1,0,0,0,0,0,0,0
8682,2012,1,1,0,0,0,0,0,0,0,0
8682,2013,1,1,0,0,0,0,0,0,0,0
8682,2015,2,1,0,0,0,0,1,0,0,0
8700,2013,3,2,0,0,0,0,1,0,1,0
8700,2014,1,1,0,0,0,0,0,0,0,0
8700,2018,2,2,0,0,0,0,0,0,1,0
8713,2025,3,3,0,0,0,0,0,0,1,0
8718,2011,2,2,1,0,0,0,0,0,0,0
8718,2012,2,2,0,0,0,0,0,0,2,0
8718,2013,2,2,0,0,0,0,0,0,0,0
8729,2009,8,8,4,1,0,1,0,0,1,0
8729,2010,4,4,1,0,0,0,0,0,1,0
8729,2012,2,2,1,0,0,0,0,0,0,0
8729,2014,2,1,1,0,0,1,1,0,0,0
8736,2019,1,1,0,0,0,0,0,0,1,0
8737,2013,1,1,0,0,0,0,0,0,1,0
8737,2014,1,0,0,0,0,0,1,0,0,0
8750,2012,1,1,1,0,0,0,0,0,0,0
8753,2025,3,3,0,0,0,0,0,0,1,0
8773,2016,1,1,1,0,0,0,0,0,0,0
8778,2009,4,4,2,1,0,0,0,0,0,0
8778,2010,1,1,0,0,0,0,0,0,0,0
8778,2011,4,3,0,0,0,0,1,0,1,0
8784,2009,3,3,1,0,0,0,0,0,0,0
8789,2016,3,3,1,1,0,0,0,0,1,0
8789,2018,3,2,1,0,0,1,1,0,0,0
8789,2024,2,1,0,0,0,0,1,0,1,0
8791,2021,1,1,0,0,0,0,0,0,0,0
8791,2023,2,2,0,0,0,0,0,0,1,0
8791,2024,3,2,1,0,0,0,1,0,1,0
8791,2025,1,1,0,0,0,0,0,0,0,0
8798,2018,1,1,0,0,0,0,0,0,0,0
8799,2016,1,0,0,0,0,0,1,0,0,0
8799,2018,2,2,0,0,0,0,0,0,0,0
8800,2021,1,0,0,0,0,0,1,0,0,0
8804,2024,2,2,1,0,0,0,0,0,0,0
8807,2015,3,3,0,0,0,0,0,0,0,0
8815,2023,3,2,1,0,0,0,1,0,0,0
8815,2024,1,1,0,0,0,0,0,0,0,0
8823,2009,3,2,1,0,0,0,1,0,0,0
8823,2010,8,7,3,0,0,0,1,0,0,0
8823,2011,3,3,2,0,0,0,0,0,0,0
8823,2015,6,5,0,0,0,0,0,1,2,0
8838,2017,1,1,0,0,0,0,0,0,1,0
8852,2010,1,1,1,0,0,0,0,0,0,0
8859,2011,4,3,1,0,0,0,1,0,1,0
8859,2012,2,2,2,0,0,0,0,0,0,0
8868,2022,3,2,0,0,0,0,1,0,0,0
8868,2024,2,2,1,0,0,0,0,0,1,0
8871,2019,4,4,3,1,0,0,0,0,0,0
8871,2021,2,2,1,1,0,0,0,0,1,0
8871,2023,3,3,1,0,0,1,0,0,1,0
8871,2024,5,5,0,0,0,0,0,0,4,0
8871,2025,8,6,1,0,0,0,2,0,2,0
8873,2010,1,1,0,0,0,0,0,0,1,0
8873,2015,1,1,0,0,0,0,0,0,1,0
8875,2025,1,1,0,0,0,0,0,0,1,0
8879,2026,1,0,0,0,0,0,1,0,0,0
8880,2013,3,3,1,0,0,1,0,0,0,0
8880,2014,12,9,2,0,0,0,3,0,1,0
8880,2015,3,3,0,0,0,0,0,0,1,0
8880,2016,3,3,2,0,0,1,0,0,0,0
8880,2017,1,1,1,0,0,0,0,0,0,0
8881,2017,1,1,0,0,0,0,0,0,0,0
8881,2018,1,0,0,0,0,0,1,0,0,0
8881,2021,3,3,1,1,0,0,0,0,0,0
8881,2025,3,3,0,0,0,0,0,0,2,0
8884,2021,1,1,1,0,0,0,0,0,0,0
8886,2009,1,0,0,0,0,0,0,0,0,1
8887,2016,3,2,1,0,0,0,1,0,1,0
8892,2010,1,1,0,0,0,0,0,0,0,0
8892,2011,1,0,0,0,0,0,1,0,0,0
8892,2014,2,1,0,0,0,0,1,0,1,0
8894,2021,2,1,1,0,0,1,1,0,0,0
8894,2022,1,1,1,0,0,0,0,0,0,0
8900,2023,3,3,1,0,0,0,0,0,1,0
8900,2025,2,2,1,0,0,0,0,0,0,0
8906,2012,1,1,0,0,0,0,0,0,1,0
8910,2011,2,2,1,0,0,1,0,0,0,0
8914,2013,3,3,2,0,0,0,0,0,0,0
8914,2016,3,3,1,1,0,0,0,0,0,0
8914,2018,3,3,1,1,0,0,0,0,0,0
8914,2019,1,1,1,0,0,0,0,0,0,0
8914,2020,3,2,0,0,0,0,1,0,2,0
8914,2021,5,5,1,1,0,0,0,0,1,0
8914,2023,4,4,0,0,0,0,0,0,2,0
8919,2016,1,1,0,0,0,0,0,0,0,0
8930,2015,6,5,1,0,0,0,0,1,1,0
8930,2016,4,4,0,0,0,0,0,0,1,0
8940,2009,3,3,1,1,0,0,0,0,1,0
8940,2015,2,2,1,0,0,0,0,0,0,0
8941,2026,1,1,0,0,0,0,0,0,1,0
8952,2009,1,1,1,0,0,0,0,0,0,0
8952,2011,1,1,1,0,0,0,0,0,0,0
8956,2012,1,1,0,0,0,0,0,0,0,0
8965,2022,4,4,2,2,0,0,0,0,1,0
8967,2020,2,0,0,0,0,0,1,1,0,0
8967,2021,12,11,1,0,0,1,1,0,3,0
8967,2022,2,0,0,0,0,0,1,1,0,0
8967,2023,2,0,0,0,0,0,1,1,0,0
8967,2024,3,3,0,0,0,0,0,0,2,0
8967,2025,6,5,2,0,0,0,1,0,1,0
8982,2009,7,6,1,0,0,0,1,0,1,0
8982,2014,4,4,2,1,0,0,0,0,1,0
8982,2015,2,2,1,1,0,0,0,0,1,0
8982,2016,1,0,0,0,0,0,1,0,0,0
8982,2018,3,2,2,0,0,1,0,0,0,1
8988,2015,1,1,0,0,0,0,0,0,0,0
8995,2013,6,5,1,0,0,0,1,0,1,0
8999,2023,3,3,1,0,0,0,0,0,0,0
8999,2024,6,6,1,1,0,0,0,0,2,0
9005,2014,3,2,0,0,0,0,1,0,0,0
9005,2015,3,3,0,0,0,0,0,0,1,0
9005,2016,4,4,0,0,0,0,0,0,2,0
9005,2017,1,1,1,0,0,0,0,0,0,0
9018,2022,3,3,0,0,0,0,0,0,2,0
9018,2023,1,1,0,0,0,0,0,0,1,0
9018,2024,2,2,1,0,0,0,0,0,1,0
9018,2025,1,1,0,0,0,0,0,0,1,0
9028,2024,3,3,1,0,0,0,0,0,0,0
9028,2025,2,2,1,1,0,0,0,0,0,0
9061,2017,3,2,1,0,0,0,0,1,0,0
9069,2009,7,7,2,1,0,0,0,0,0,0
9071,2017,3,2,1,0,0,1,0,0,1,1
9071,2019,3,2,1,1,0,0,1,0,0,0
9077,2009,1,1,0,0,0,0,0,0,0,0
9078,2017,2,1,1,0,0,1,1,0,0,0
9078,2024,2,2,1,0,0,1,0,0,0,0
9092,2018,5,5,1,0,0,0,0,0,0,0
9092,2021,2,2,0,0,0,0,0,0,2,0
9092,2022,3,2,1,1,0,0,1,0,0,0
9092,2023,3,2,0,0,0,0,1,0,1,0
9092,2025,3,3,1,0,0,0,0,0,0,0
9111,2023,1,1,0,0,0,0,0,0,1,0
9111,2024,1,1,0,0,0,0,0,0,0,0
9111,2025,2,1,1,0,0,0,1,0,0,0
9129,2016,3,3,0,0,0,0,0,0,2,0
9129,2018,1,1,0,0,0,0,0,0,0,0
9133,2021,1,1,1,1,0,0,0,0,0,0
9138,2021,3,2,0,0,0,0,1,0,1,0
9141,2022,1,0,0,0,0,0,1,0,0,0
9143,2009,3,3,0,0,0,0,0,0,0,0
9143,2011,3,1,0,0,0,0,2,0,0,0
9143,2013,3,3,1,0,0,0,0,0,2,0
9143,2017,3,3,0,0,0,0,0,0,2,0
9143,2020,7,7,2,0,0,1,0,0,2,0
9159,2021,3,2,0,0,0,0,1,0,0,0
9164,2025,1,1,1,0,0,0,0,0,0,0
9165,2018,1,1,1,1,0,0,0,0,0,0
9166,2025,2,2,0,0,0,0,0,0,0,0
9196,2015,1,1,0,0,0,0,0,0,0,0
9196,2023,1,1,1,0,0,0,0,0,0,0
9196,2025,1,1,1,0,0,0,0,0,0,0
9198,2014,4,4,1,0,0,1,0,0,1,0
9198,2018,3,1,0,0,0,0,2,0,0,0
9198,2021,2,1,1,0,0,0,1,0,0,0
9209,2025,6,6,1,0,0,0,0,0,3,0
9217,2011,2,2,0,0,0,0,0,0,0,0
9235,2023,1,1,1,0,0,0,0,0,0,0
9235,2024,4,3,1,0,0,0,1,0,1,0
9246,2013,1,0,0,0,0,0,1,0,0,0
9250,2015,1,1,0,0,0,0,0,0,0,0
9251,2009,1,1,1,0,0,0,0,0,0,0
9251,2011,3,3,1,1,0,0,0,0,2,0
9251,2012,1,1,0,0,0,0,0,0,1,0
9251,2013,1,1,0,0,0,0,0,0,0,0
9254,2014,1,1,0,0,0,0,0,0,0,0
9254,2015,2,2,1,1,0,0,0,0,0,0
9255,2009,1,1,0,0,0,0,0,0,0,0
9255,2011,1,1,0,0,0,0,0,0,0,0
9255,2012,1,1,1,0,0,1,0,0,0,0
9255,2013,2,1,1,0,0,0,1,0,0,0
9257,2024,3,3,0,0,0,0,0,0,0,0
9257,2025,3,3,1,0,0,1,0,0,0,0
9269,2015,3,3,2,0,0,0,0,0,0,0
9269,2017,6,6,2,0,0,0,0,0,3,0
9269,2018,6,4,1,1,0,0,2,0,0,0
9269,2019,3,3,0,0,0,0,0,0,1,0
9269,2022,9,8,2,0,0,1,1,0,4,0
9269,2024,2,2,1,0,0,0,0,0,0,0
9269,2025,2,1,0,0,0,0,1,0,0,0
9269,2026,3,3,1,0,0,0,0,0,0,0
9299,2023,3,3,0,0,0,0,0,0,0,0
9308,2021,2,1,0,0,0,0,1,0,0,0
9308,2022,1,0,0,0,0,0,1,0,0,0
9308,2024,1,0,0,0,0,0,1,0,0,0
9314,2022,2,2,0,0,0,0,0,0,1,0
9314,2023,1,1,0,0,0,0,0,0,0,0
9326,2018,3,2,0,0,0,0,1,0,1,0
9326,2020,3,3,0,0,0,0,0,0,0,0
9326,2022,2,2,2,0,0,0,0,0,0,0
9326,2023,1,1,0,0,0,0,0,0,0,0
9327,2012,2,1,0,0,0,0,1,0,0,0
9334,2013,1,1,0,0,0,0,0,0,0,0
9334,2016,3,3,0,0,0,0,0,0,0,0
9336,2017,1,1,0,0,0,0,0,0,0,0
9341,2014,4,4,0,0,0,0,0,0,1,0
9341,2015,1,1,0,0,0,0,0,0,0,0
9341,2017,2,1,1,0,0,0,0,0,0,1
9347,2011,3,3,1,1,0,0,0,0,0,0
9347,2013,1,1,0,0,0,0,0,0,0,0
9348,2009,2,2,0,0,0,0,0,0,0,0
9352,2018,2,2,0,0,0,0,0,0,0,0
9353,2026,1,1,0,0,0,0,0,0,1,0
9354,2013,2,2,1,0,0,0,0,0,1,0
9354,2014,2,2,1,0,0,0,0,0,1,0
9354,2016,2,1,0,0,0,0,1,0,0,0
9356,2014,1,1,0,0,0,0,0,0,0,0
9359,2016,2,2,1,0,0,0,0,0,0,0
9359,2017,2,1,0,0,0,0,1,0,1,0
9359,2018,2,0,0,0,0,0,1,0,0,1
9374,2014,3,3,0,0,0,0,0,0,1,0
9393,2021,2,2,0,0,0,0,0,0,0,0
9406,2009,2,2,1,0,0,0,0,0,0,0
9406,2011,1,1,0,0,0,0,0,0,1,0
9406,2012,2,2,1,0,0,0,0,0,1,0
9411,2017,1,1,0,0,0,0,0,0,1,0
9420,2015,3,2,1,0,0,0,1,0,0,0
9420,2016,3,3,1,0,0,0,0,0,2,0
9420,2017,6,5,2,0,0,1,1,0,1,0
9420,2018,9,7,2,0,0,0,2,0,1,0
9420,2020,3,1,0,0,0,0,2,0,0,0
9420,2021,3,3,1,0,0,1,0,0,1,0
9420,2025,3,3,1,0,0,0,0,0,1,0
9425,2016,3,2,1,0,0,0,1,0,1,0
9425,2023,3,3,0,0,0,0,0,0,1,0
9425,2024,4,4,1,0,0,0,0,0,0,0
9425,2025,5,5,1,1,0,0,0,0,0,0
9437,2009,2,1,1,1,0,0,0,1,0,0
9445,2014,1,1,0,0,0,0,0,0,0,0
9449,2014,1,0,0,0,0,0,1,0,0,0
9449,2015,2,2,1,0,0,0,0,0,0,0
9449,2016,2,2,2,0,0,1,0,0,0,0
9449,2017,1,1,0,0,0,0,0,0,0,0
9453,2017,2,2,1,0,0,1,0,0,0,0
9453,2018,1,1,1,0,0,0,0,0,0,0
9462,2022,1,1,0,0,0,0,0,0,0,0
9481,2018,3,3,1,0,0,0,0,0,2,0
9488,2019,1,1,0,0,0,0,0,0,1,0
9526,2016,1,1,0,0,0,0,0,0,1,0
9526,2021,2,1,0,0,0,0,1,0,1,0
9528,2009,2,1,0,0,0,0,1,0,0,0
9532,2023,1,0,0,0,0,0,1,0,0,0
9535,2011,2,2,0,0,0,0,0,0,0,0
9546,2011,3,3,1,0,0,0,0,0,0,0
9550,2012,1,1,0,0,0,0,0,0,0,0
9551,2022,1,1,1,0,0,0,0,0,0,0
9559,2010,1,1,0,0,0,0,0,0,1,0
9572,2013,3,1,0,0,0,0,2,0,0,0
9576,2009,3,3,1,0,0,0,0,0,0,0
9576,2011,3,3,1,0,0,0,0,0,0,0
9576,2016,1,0,0,0,0,0,1,0,0,0
9576,2017,6,4,2,0,0,1,2,0,1,0
9576,2018,11,7,4,0,0,2,3,1,0,0
9581,2018,3,2,0,0,0,0,1,0,2,0
9581,2021,3,3,1,0,0,0,0,0,1,0
9587,2025,1,1,1,0,0,0,0,0,0,0
9594,2018,3,3,0,0,0,0,0,0,1,0
9594,2019,3,2,1,0,0,1,1,0,0,0
9629,2018,1,1,0,0,0,0,0,0,0,0
9629,2021,1,1,0,0,0,0,0,0,0,0
9652,2016,1,1,0,0,0,0,0,0,0,0
9652,2018,1,1,0,0,0,0,0,0,0,0
9673,2014,2,2,1,1,0,0,0,0,0,0
9673,2016,1,1,0,0,0,0,0,0,0,0
9677,2015,2,2,1,0,0,1,0,0,1,0
9677,2016,3,3,1,0,0,0,0,0,1,0
9677,2017,3,3,1,0,0,0,0,0,0,0
9677,2018,3,2,0,0,0,0,1,0,0,0
9688,2015,1,1,0,0,0,0,0,0,0,0
9688,2022,3,3,0,0,0,0,0,0,1,0
9697,2022,1,1,0,0,0,0,0,0,0,0
9697,2024,1,1,0,0,0,0,0,0,1,0
9697,2026,1,1,0,0,0,0,0,0,0,0
9707,2009,2,1,1,0,0,0,1,0,0,0
9741,2015,2,2,1,1,0,0,0,0,1,0
9753,2025,3,3,1,0,0,0,0,0,1,0
9761,2016,2,2,0,0,0,0,0,0,1,0
9761,2017,2,1,0,0,0,0,1,0,0,0
9761,2018,1,0,0,0,0,0,1,0,0,0
9762,2015,2,2,1,0,0,0,0,0,0,0
9762,2022,3,2,1,0,0,0,0,0,1,1
9762,2024,2,2,0,0,0,0,0,0,1,0
9764,2011,2,1,1,0,0,0,1,0,0,0
9769,2025,2,0,0,0,0,0,2,0,0,0
9774,2017,3,3,1,0,0,1,0,0,2,0
9774,2018,5,3,2,0,0,0,2,0,1,0
9774,2021,3,3,0,0,0,0,0,0,2,0
9774,2023,6,6,4,1,0,0,0,0,0,0
9781,2009,1,1,0,0,0,0,0,0,0,0
9781,2011,2,1,0,0,0,0,1,0,1,0
9781,2013,3,2,0,0,0,0,1,0,0,0
9781,2014,3,3,1,0,0,1,0,0,1,0
9781,2015,3,3,0,0,0,0,0,0,1,0
9782,2011,4,2,0,0,0,0,2,0,1,0
9782,2012,3,3,1,0,0,0,0,0,1,0
9786,2024,3,3,0,0,0,0,0,0,1,0
9794,2024,1,1,0,0,0,0,0,0,0,0
9802,2021,1,1,0,0,0,0,0,0,0,0
9802,2022,1,1,1,0,0,0,0,0,0,0
9813,2018,2,1,1,0,0,0,1,0,0,0
9813,2021,1,1,0,0,0,0,0,0,0,0
9815,2024,1,1,0,0,0,0,0,0,0,0
9815,2025,1,0,0,0,0,0,1,0,0,0
9822,2009,4,4,0,0,0,0,0,0,2,0
9822,2010,6,5,2,0,0,0,1,0,1,0
9822,2011,12,9,1,0,0,1,3,0,3,0
9822,2012,3,3,1,1,0,0,0,0,0,0
9826,2025,1,1,0,0,0,0,0,0,0,0
9830,2012,1,1,0,0,0,0,0,0,0,0
9835,2010,4,4,1,0,0,0,0,0,1,0
9835,2011,4,4,1,0,0,0,0,0,0,0
9835,2012,2,2,0,0,0,0,0,0,1,0
9838,2022,1,1,1,1,0,0,0,0,0,0
9842,2012,3,2,0,0,0,0,1,0,1,0
9844,2018,1,1,0,0,0,0,0,0,0,0
9844,2019,2,2,0,0,0,0,0,0,0,0
9844,2022,1,1,1,0,0,0,0,0,0,0
9844,2023,1,1,0,0,0,0,0,0,1,0
9844,2024,1,1,0,0,0,0,0,0,0,0
9844,2025,1,1,0,0,0,0,0,0,0,0
9845,2022,1,1,1,1,0,0,0,0,0,0
9845,2023,2,2,2,0,0,0,0,0,0,0
9845,2024,3,3,1,0,0,0,0,0,1,0
9846,2020,3,3,3,1,0,1,0,0,0,0
9846,2021,11,9,3,0,0,2,2,0,4,0
9846,2026,3,2,1,0,0,0,1,0,0,0
9865,2026,1,0,0,0,0,0,1,0,0,0
9868,2016,2,2,1,0,0,1,0,0,0,0
9871,2023,6,4,2,0,0,0,2,0,1,0
9876,2020,1,1,0,0,0,0,0,0,1,0
9876,2021,2,2,0,0,0,0,0,0,2,0
9876,2025,1,0,0,0,0,0,1,0,0,0
9880,2017,9,9,2,0,0,0,0,0,1,0
9880,2018,2,2,2,2,0,0,0,0,0,0
9887,2010,1,1,0,0,0,0,0,0,0,0
9887,2011,1,1,1,1,0,0,0,0,0,0
9888,2023,2,2,1,0,0,0,0,0,1,0
9888,2024,1,1,0,0,0,0,0,0,0,0
9888,2025,1,1,0,0,0,0,0,0,0,0
9902,2009,3,3,1,0,0,0,0,0,1,0
9902,2010,2,2,0,0,0,0,0,0,2,0
9902,2011,1,1,1,1,0,0,0,0,0,0
9902,2012,1,1,0,0,0,0,0,0,0,0
9902,2014,2,2,0,0,0,0,0,0,1,0
9902,2015,1,1,1,1,0,0,0,0,0,0
9902,2016,1,1,1,0,0,0,0,0,0,0
9902,2018,1,1,1,0,0,0,0,0,0,0
9906,2015,2,1,1,1,0,0,1,0,0,0
9906,2017,1,1,0,0,0,0,0,0,0,0
9908,2013,5,2,0,0,0,0,3,0,0,0
9908,2014,1,1,0,0,0,0,0,0,1,0
9908,2015,2,2,0,0,0,0,0,0,2,0
9908,2016,2,2,0,0,0,0,0,0,2,0
9908,2017,3,2,0,0,0,0,1,0,0,0
9933,2009,1,0,0,0,0,0,0,0,0,1
9933,2010,2,2,0,0,0,0,0,0,1,0
9937,2018,1,1,0,0,0,0,0,0,0,0
9938,2013,3,3,1,0,0,0,0,0,0,0
9944,2014,1,1,1,1,0,0,0,0,0,0
9954,2012,1,1,0,0,0,0,0,0,0,0
9954,2013,6,5,1,0,0,0,1,0,2,0
9954,2014,3,3,2,0,0,1,0,0,0,0
9954,2015,6,4,1,0,0,0,2,0,0,0
9954,2016,3,3,0,0,0,0,0,0,2,0
9954,2017,3,3,0,0,0,0,0,0,1,0
9963,2015,6,5,1,0,0,0,1,0,2,0
9963,2016,2,2,1,0,0,0,0,0,1,0
9963,2019,1,1,0,0,0,0,0,0,0,0
9963,2021,5,4,1,0,0,1,1,0,1,0
9963,2024,6,6,2,0,0,1,0,0,1,0
9968,2013,6,5,1,0,0,1,0,1,1,0
9968,2015,4,3,1,0,0,0,1,0,1,0
9968,2018,9,8,1,0,0,0,1,0,0,0
9969,2015,3,2,0,0,0,0,1,0,1,0
9978,2016,2,2,1,0,0,0,0,0,0,0
9985,2024,3,3,0,0,0,0,0,0,1,0
9985,2025,2,2,1,1,0,0,0,0,0,0
9995,2018,2,1,0,0,0,0,0,1,0,0
9997,2021,1,1,0,0,0,0,0,0,0,0
9997,2022,4,4,0,0,0,0,0,0,2,0
10025,2010,1,1,1,0,0,0,0,0,0,0
10033,2012,5,4,1,0,0,1,1,0,2,0
10033,2013,5,5,1,1,0,0,0,0,1,0
10033,2015,6,5,2,0,0,0,1,0,0,0
10033,2016,2,2,0,0,0,0,0,0,1,0
10033,2017,1,1,0,0,0,0,0,0,0,0
10033,2018,1,1,1,1,0,0,0,0,0,0
10040,2010,2,2,2,0,0,1,0,0,0,0
10040,2011,1,1,0,0,0,0,0,0,0,0
10040,2015,1,0,0,0,0,0,1,0,0,0
10046,2025,1,0,0,0,0,0,1,0,0,0
10054,2022,2,2,0,0,0,0,0,0,1,0
10054,2025,3,3,1,0,0,0,0,0,0,0
10056,2015,2,1,0,0,0,0,1,0,0,0
10056,2016,1,1,0,0,0,0,0,0,0,0
10064,2013,3,3,1,0,0,1,0,0,0,0
10064,2014,6,6,1,0,0,0,0,0,1,0
10064,2017,3,2,0,0,0,0,1,0,0,0
10064,2018,6,6,0,0,0,0,0,0,3,0
10064,2020,3,2,1,0,0,0,1,0,1,0
10066,2011,1,1,0,0,0,0,0,0,0,0
10066,2012,1,1,1,0,0,1,0,0,0,0
10066,2013,2,2,1,0,0,0,0,0,0,0
10069,2017,3,3,1,0,0,0,0,0,0,0
10081,2018,2,0,0,0,0,0,2,0,0,0
10097,2010,2,2,0,0,0,0,0,0,2,0
10097,2011,2,2,0,0,0,0,0,0,1,0
10097,2012,1,1,1,1,0,0,0,0,0,0
10101,2015,3,3,1,1,0,0,0,0,1,0
10102,2025,1,0,0,0,0,0,1,0,0,0
10103,2010,1,0,0,0,0,0,1,0,0,0
10103,2011,1,0,0,0,0,0,1,0,0,0
10103,2012,4,2,0,0,0,0,2,0,1,0
10103,2013,2,2,0,0,0,0,0,0,0,0
10103,2017,2,2,0,0,0,0,0,0,1,0
10103,2018,3,3,0,0,0,0,0,0,1,0
10111,2017,3,3,0,0,0,0,0,0,0,0
10111,2024,3,3,0,0,0,0,0,0,2,0
10111,2025,4,3,1,0,0,0,0,0,0,1
10118,2011,6,5,2,0,0,0,1,0,1,0
10118,2012,7,5,1,0,0,0,1,1,4,0
10118,2013,16,14,6,3,0,0,2,0,4,0
10118,2014,6,5,3,2,0,0,1,0,1,0
10118,2015,3,3,1,0,0,0,0,0,1,0
10118,2016,5,5,2,0,1,0,0,0,1,0
10118,2017,3,3,0,0,0,0,0,0,1,0
10122,2021,2,2,0,0,0,0,0,0,0,0
10126,2009,2,2,1,0,0,0,0,0,0,0
10126,2010,3,3,1,0,0,0,0,0,0,0
10127,2015,8,6,2,0,0,1,1,0,3,1
10127,2016,3,2,1,0,0,0,1,0,0,0
10131,2010,3,3,0,0,0,0,0,0,0,0
10136,2010,3,3,1,0,0,0,0,0,1,0
10136,2011,4,3,0,0,0,0,1,0,2,0
10136,2012,6,5,3,0,0,0,0,0,2,1
10136,2013,3,3,0,0,0,0,0,0,0,0
10136,2015,3,2,0,0,0,0,0,0,2,1
10136,2016,3,3,0,0,0,0,0,0,1,0
10136,2019,9,9,1,0,0,0,0,0,5,0
10138,2022,3,3,1,0,0,0,0,0,0,0
10142,2009,1,1,0,0,0,0,0,0,1,0
10142,2010,3,3,1,0,0,1,0,0,1,0
10142,2011,1,1,0,0,0,0,0,0,0,0
10142,2012,1,1,0,0,0,0,0,0,0,0
10144,2023,2,0,0,0,0,0,2,0,0,0
10144,2024,6,5,1,0,0,1,1,0,1,0
10144,2025,3,3,1,0,0,0,0,0,1,0
10144,2026,2,2,1,1,0,0,0,0,1,0
10147,2012,1,1,1,0,0,0,0,0,0,0
10156,2010,7,6,1,1,0,0,1,0,0,0
10156,2011,3,1,1,0,0,1,2,0,0,0
10159,2021,1,1,0,0,0,0,0,0,0,0
10165,2020,3,2,0,0,0,0,1,0,1,0
10168,2025,1,1,0,0,0,0,0,0,0,0
10180,2024,1,0,0,0,0,0,1,0,0,0
10182,2024,3,3,1,0,0,0,0,0,1,0
10209,2015,4,3,2,0,0,1,1,0,1,0
10210,2018,1,1,0,0,0,0,0,0,1,0
10217,2010,4,4,0,0,0,0,0,0,3,0
10217,2012,3,3,2,1,0,0,0,0,0,0
10227,2010,2,2,2,0,0,0,0,0,0,0
10227,2014,1,1,0,0,0,0,0,0,1,0
10228,2024,1,1,0,0,0,0,0,0,0,0
10228,2025,1,1,0,0,0,0,0,0,0,0
10228,2026,1,1,0,0,0,0,0,0,0,0
10237,2025,3,3,0,0,0,0,0,0,0,0
10244,2023,1,1,0,0,0,0,0,0,0,0
10249,2012,6,6,2,0,0,0,0,0,1,0
10249,2013,2,2,1,1,0,0,0,0,0,0
10252,2017,3,3,0,0,0,0,0,0,2,0
10257,2012,2,2,1,0,0,0,0,0,0,0
10257,2013,1,0,0,0,0,0,1,0,0,0
10259,2021,1,1,0,0,0,0,0,0,0,0
10259,2022,1,1,0,0,0,0,0,0,0,0
10264,2023,1,1,0,0,0,0,0,0,0,0
10265,2016,1,1,0,0,0,0,0,0,1,0
10265,2017,2,2,0,0,0,0,0,0,1,0
10288,2009,6,5,1,1,0,0,1,0,2,0
10288,2011,3,3,2,0,0,0,0,0,0,0
10288,2012,6,6,1,0,0,1,0,0,5,0
10288,2015,6,6,0,0,0,0,0,0,3,0
10288,2016,3,3,0,0,0,0,0,0,2,0
10288,2018,3,2,0,0,0,0,1,0,2,0
10288,2019,3,3,1,0,0,0,0,0,1,0
10288,2020,4,4,1,1,0,0,0,0,0,0
10288,2021,8,7,2,1,0,0,1,0,1,0
10288,2022,2,2,0,0,0,0,0,0,1,0
10288,2025,3,1,0,0,0,0,2,0,0,0
10298,2010,1,1,0,0,0,0,0,0,0,0
10298,2014,8,6,1,1,0,0,2,0,1,0
10298,2015,2,1,0,0,0,0,1,0,1,0
10301,2014,1,1,1,0,0,0,0,0,0,0
10328,2023,1,1,0,0,0,0,0,0,1,0
10337,2023,1,1,1,0,0,0,0,0,0,0
10337,2025,1,1,0,0,0,0,0,0,0,0
10345,2014,1,0,0,0,0,0,1,0,0,0
10353,2018,1,1,0,0,0,0,0,0,0,0
10368,2012,1,1,0,0,0,0,0,0,1,0
10370,2024,3,3,0,0,0,0,0,0,2,0
10374,2024,3,2,0,0,0,0,1,0,1,0
10389,2018,1,1,0,0,0,0,0,0,1,0
10389,2024,4,3,1,0,0,0,1,0,2,0
10389,2025,1,1,0,0,0,0,0,0,0,0
10394,2011,1,1,0,0,0,0,0,0,0,0
10402,2023,4,3,2,0,0,0,1,0,0,0
10410,2023,3,1,0,0,0,0,2,0,0,0
10454,2023,4,3,0,0,0,0,1,0,1,0
10456,2019,6,6,0,0,0,0,0,0,2,0
10456,2021,6,5,1,0,0,0,1,0,1,0
10456,2022,3,2,1,0,0,1,1,0,0,0
10456,2023,2,2,2,0,0,1,0,0,0,0
10456,2025,4,3,3,2,0,0,1,0,0,0
10474,2025,3,3,1,0,0,0,0,0,1,0
10477,2017,2,2,0,0,0,0,0,0,0,0
10477,2018,1,1,1,0,0,0,0,0,0,0
10477,2019,1,1,1,0,0,0,0,0,0,0
10477,2024,1,1,0,0,0,0,0,0,0,0
10477,2025,1,1,0,0,0,0,0,0,0,0
10483,2025,2,2,1,0,0,1,0,0,1,0
10487,2017,2,2,1,0,0,1,0,0,1,0
10488,2018,1,1,1,0,0,1,0,0,0,0
10503,2011,1,1,0,0,0,0,0,0,0,0
10503,2012,1,1,1,0,0,0,0,0,0,0
10503,2019,4,3,1,0,0,0,1,0,1,0
10516,2010,3,3,1,1,0,0,0,0,0,0
10516,2012,1,1,0,0,0,0,0,0,1,0
10517,2023,3,3,0,0,0,0,0,0,1,0
10517,2025,2,2,1,0,0,1,0,0,0,0
10537,2009,2,2,1,0,0,0,0,0,0,0
10537,2010,1,1,1,1,0,0,0,0,0,0
10537,2011,3,2,1,0,0,1,1,0,0,0
10538,2018,1,1,0,0,0,0,0,0,0,0
10538,2021,1,1,0,0,0,0,0,0,0,0
10547,2015,6,4,1,1,0,0,2,0,1,0
10547,2016,3,2,0,0,0,0,1,0,0,0
10574,2020,1,1,0,0,0,0,0,0,1,0
10574,2021,2,2,1,0,0,0,0,0,0,0
10580,2024,2,2,1,1,0,0,0,0,0,0
10587,2013,2,2,0,0,0,0,0,0,1,0
10587,2014,2,1,1,0,0,1,1,0,0,0
10587,2015,5,4,1,0,0,0,1,0,1,0
10587,2016,1,1,0,0,0,0,0,0,1,0
10587,2017,1,0,0,0,0,0,1,0,0,0
10594,2026,1,1,0,0,0,0,0,0,1,0
10595,2010,3,3,0,0,0,0,0,0,1,0
10609,2012,4,4,2,0,0,0,0,0,1,0
10609,2013,7,6,0,0,0,0,1,0,1,0
10609,2014,13,9,2,0,0,1,4,0,3,0
10609,2015,7,6,2,0,0,0,0,1,1,0
10609,2016,9,7,1,0,0,1,2,0,2,0
10623,2018,1,0,0,0,0,0,0,1,0,0
10623,2021,1,1,0,0,0,0,0,0,1,0
10626,2024,3,3,0,0,0,0,0,0,3,0
10626,2025,2,1,0,0,0,0,1,0,1,0
10634,2011,1,1,0,0,0,0,0,0,0,0
10634,2016,1,1,0,0,0,0,0,0,1,0
10634,2019,1,1,0,0,0,0,0,0,0,0
10641,2026,1,1,0,0,0,0,0,0,0,0
10663,2024,3,3,0,0,0,0,0,0,2,0
10663,2025,3,3,2,1,0,0,0,0,0,0
10670,2024,1,1,0,0,0,0,0,0,0,0
10675,2020,2,2,1,0,0,0,0,0,0,0
10679,2014,1,0,0,0,0,0,1,0,0,0
10690,2025,3,2,0,0,0,0,1,0,0,0
10696,2024,2,2,0,0,0,0,0,0,1,0
10704,2009,1,1,1,0,0,0,0,0,0,0
10708,2018,6,5,2,1,0,1,1,0,0,0
10708,2019,6,5,2,2,0,0,1,0,1,0
10708,2020,2,2,0,0,0,0,0,0,1,0
10708,2021,1,1,0,0,0,0,0,0,0,0
10711,2024,1,1,0,0,0,0,0,0,0,0
10723,2021,1,1,0,0,0,0,0,0,0,0
10723,2022,1,1,1,0,0,0,0,0,0,0
10723,2023,2,2,0,0,0,0,0,0,2,0
10733,2009,1,1,0,0,0,0,0,0,0,0
10733,2011,2,2,0,0,0,0,0,0,0,0
10733,2012,1,1,0,0,0,0,0,0,0,0
10733,2016,1,0,0,0,0,0,1,0,0,0
10733,2018,1,1,0,0,0,0,0,0,1,0
10733,2022,1,1,0,0,0,0,0,0,0,0
10734,2011,3,0,0,0,0,0,3,0,0,0
10735,2015,5,4,0,0,0,0,1,0,1,0
10735,2016,5,4,0,0,0,0,1,0,0,0
10735,2020,2,2,0,0,0,0,0,0,1,0
10776,2014,2,2,1,0,0,0,0,0,0,0
10776,2015,1,1,1,0,0,0,0,0,0,0
10776,2016,2,2,1,0,0,0,0,0,0,0
10776,2020,2,2,1,0,0,1,0,0,0,0
10776,2021,6,3,0,0,0,0,3,0,2,0
10776,2023,1,1,0,0,0,0,0,0,0,0
10781,2017,2,2,1,0,0,1,0,0,0,0
10784,2012,3,3,2,0,0,2,0,0,0,0
10784,2013,1,1,1,0,0,0,0,0,0,0
10784,2021,7,6,0,0,0,0,1,0,0,0
10784,2022,5,5,1,0,0,0,0,0,1,0
10784,2023,6,4,2,0,0,1,2,0,0,0
10784,2024,1,1,0,0,0,0,0,0,0,0
10790,2017,3,1,0,0,0,0,2,0,0,0
10790,2021,4,3,0,0,0,0,1,0,1,0
10790,2022,3,2,0,0,0,0,1,0,0,0
10790,2023,6,5,0,0,0,0,1,0,1,0
10790,2024,3,1,0,0,0,0,1,1,1,0
10790,2025,3,2,0,0,0,0,1,0,1,0
10816,2012,1,0,0,0,0,0,1,0,0,0
10816,2015,5,4,0,0,0,0,1,0,1,0
10823,2021,1,1,0,0,0,0,0,0,0,0
10845,2024,2,1,0,0,0,0,1,0,1,0
10845,2025,1,1,0,0,0,0,0,0,0,0
10846,2013,1,1,1,0,0,0,0,0,0,0
10847,2024,3,2,0,0,0,0,1,0,0,0
10847,2025,3,3,1,0,0,1,0,0,0,0
10848,2009,2,2,1,0,0,0,0,0,1,0
10848,2013,1,1,0,0,0,0,0,0,1,0
10849,2018,3,1,0,0,0,0,1,0,0,1
10849,2025,1,0,0,0,0,0,1,0,0,0
10854,2011,5,5,1,0,0,0,0,0,2,0
10856,2010,2,2,1,0,0,0,0,0,0,0
10863,2023,1,1,0,0,0,0,0,0,1,0
10863,2026,1,1,1,0,0,0,0,0,0,0
10878,2019,1,1,0,0,0,0,0,0,0,0
10889,2025,1,1,0,0,0,0,0,0,1,0
10898,2024,1,1,0,0,0,0,0,0,1,0
10898,2025,2,2,1,0,0,0,0,0,0,0
10905,2024,6,5,2,1,0,0,1,0,0,0
10924,2018,1,1,0,0,0,0,0,0,1,0
10924,2021,1,1,0,0,0,0,0,0,0,0
10924,2022,3,2,1,1,0,0,1,0,0,0
10924,2026,5,5,0,0,0,0,0,0,1,0
10926,2010,1,1,0,0,0,0,0,0,1,0
10946,2009,2,2,2,0,0,1,0,0,0,0
10946,2012,2,2,1,0,0,1,0,0,0,0
10946,2013,3,3,0,0,0,0,0,0,0,0
10946,2017,2,1,0,0,0,0,1,0,0,0
10946,2018,2,1,0,0,0,0,1,0,0,0
10946,2021,1,1,0,0,0,0,0,0,0,0
10946,2022,2,2,0,0,0,0,0,0,0,0
10968,2018,1,1,1,0,0,0,0,0,0,0
10968,2020,2,1,0,0,0,0,1,0,0,0
10968,2025,1,1,0,0,0,0,0,0,0,0
10984,2009,2,2,1,0,1,0,0,0,0,0
10984,2013,1,1,0,0,0,0,0,0,1,0
10984,2014,2,1,0,0,0,0,1,0,0,0
10988,2017,1,1,0,0,0,0,0,0,0,0
10988,2018,3,3,1,0,0,0,0,0,1,0
10988,2019,2,2,0,0,0,0,0,0,0,0
10991,2022,15,15,1,0,0,0,0,0,4,0
10991,2024,3,2,1,0,0,0,1,0,0,0
11015,2018,1,1,0,0,0,0,0,0,0,0
11015,2022,1,1,0,0,0,0,0,0,1,0
11020,2016,5,2,1,1,0,0,3,0,0,0
11020,2017,9,9,1,0,0,0,0,0,2,0
11020,2022,1,1,0,0,0,0,0,0,0,0
11024,2026,1,1,0,0,0,0,0,0,1,0
11031,2010,1,1,1,0,1,0,0,0,0,0
11036,2016,2,1,1,0,0,0,1,0,0,0
11036,2017,2,2,1,0,0,0,0,0,0,0
11036,2025,1,1,0,0,0,0,0,0,1,0
11044,2018,2,0,0,0,0,0,2,0,0,0
11061,2014,1,1,1,0,0,0,0,0,0,0
11062,2022,1,1,0,0,0,0,0,0,1,0
11071,2009,1,1,0,0,0,0,0,0,1,0
11075,2023,1,1,0,0,0,0,0,0,0,0
11084,2010,1,1,1,0,0,0,0,0,0,0
11084,2011,2,2,1,0,0,0,0,0,0,0
11084,2013,1,1,0,0,0,0,0,0,0,0
11084,2014,2,2,0,0,0,0,0,0,1,0
11084,2015,1,1,0,0,0,0,0,0,1,0
11084,2016,1,1,1,0,0,0,0,0,0,0
11084,2017,1,1,0,0,0,0,0,0,0,0
11085,2012,1,1,1,1,0,0,0,0,0,0
11091,2022,2,0,0,0,0,0,2,0,0,0
11099,2022,3,3,2,0,0,0,0,0,0,0
11099,2023,2,1,0,0,0,0,1,0,0,0
11099,2024,1,1,0,0,0,0,0,0,0,0
11102,2013,3,2,0,0,0,0,1,0,0,0
11102,2014,2,2,1,0,0,0,0,0,0,0
11102,2016,16,15,3,1,0,0,1,0,4,0
11102,2017,5,4,2,2,0,0,1,0,0,0
11102,2018,3,3,1,0,0,1,0,0,1,0
11106,2018,3,2,1,0,0,0,1,0,1,0
11106,2023,1,1,0,0,0,0,0,0,0,0
11106,2025,1,1,0,0,0,0,0,0,0,0
11111,2010,3,3,0,0,0,0,0,0,1,0
11111,2012,3,2,1,0,0,0,1,0,1,0
11111,2013,6,5,0,0,0,0,1,0,2,0
11111,2014,3,3,1,0,0,0,0,0,0,0
11111,2016,3,3,1,0,0,0,0,0,0,0
11111,2017,6,6,0,0,0,0,0,0,1,0
11111,2018,1,1,1,0,0,1,0,0,0,0
11111,2019,3,2,0,0,0,0,1,0,0,0
11112,2009,2,2,0,0,0,0,0,0,0,0
11112,2010,1,1,1,1,0,0,0,0,0,0
11112,2011,1,1,0,0,0,0,0,0,0,0
11114,2015,3,3,0,0,0,0,0,0,1,0
11114,2016,1,1,1,0,0,0,0,0,0,0
11114,2017,2,1,0,0,0,0,1,0,0,0
11114,2022,3,2,1,1,0,0,0,0,0,1
11118,2016,3,3,2,0,0,1,0,0,0,0
11118,2017,3,2,2,1,0,0,1,0,0,0
11118,2018,4,4,1,0,0,0,0,0,0,0
11118,2020,2,2,1,0,0,1,0,0,0,0
11120,2022,2,2,0,0,0,0,0,0,1,0
11120,2023,2,2,1,1,0,0,0,0,1,0
11126,2025,1,0,0,0,0,0,1,0,0,0
11127,2014,1,0,0,0,0,0,0,0,0,1
11127,2017,2,2,1,1,0,0,0,0,0,0
11127,2021,5,5,2,0,0,0,0,0,1,0
11127,2022,8,8,0,0,0,0,0,0,1,0
11127,2023,3,2,0,0,0,0,1,0,0,0
11128,2013,3,2,0,0,0,0,0,1,1,0
11128,2014,3,2,0,0,0,0,1,0,0,0
11128,2015,6,5,1,0,0,1,0,0,2,1
11128,2016,3,2,0,0,0,0,0,0,0,1
11128,2017,7,7,3,0,0,1,0,0,1,0
11128,2018,3,2,1,0,0,0,0,1,1,0
11130,2023,1,1,0,0,0,0,0,0,0,0
11138,2013,3,2,2,1,0,0,1,0,0,0
11144,2011,1,1,0,0,0,0,0,0,0,0
11144,2012,1,1,1,0,0,0,0,0,0,0
11146,2017,1,1,0,0,0,0,0,0,0,0
11146,2026,1,1,0,0,0,0,0,0,1,0
11151,2022,6,5,3,2,0,0,1,0,2,0
11151,2024,2,2,0,0,0,0,0,0,2,0
11151,2025,6,6,2,0,0,0,0,0,2,0
11152,2022,3,3,1,0,0,0,0,0,1,0
11152,2024,1,1,1,0,0,0,0,0,0,0
11157,2018,1,1,1,0,0,0,0,0,0,0
11157,2020,3,3,0,0,0,0,0,0,1,0
11157,2021,3,1,0,0,0,0,2,0,1,0
11168,2022,2,2,1,0,0,0,0,0,1,0
11172,2009,6,6,3,0,0,1,0,0,0,0
11172,2010,9,7,3,1,0,0,2,0,0,0
11179,2016,1,1,1,0,0,0,0,0,0,0
11179,2017,7,6,3,1,0,0,1,0,2,0
11179,2024,2,1,0,0,0,0,1,0,0,0
11179,2025,1,0,0,0,0,0,1,0,0,0
11179,2026,1,0,0,0,0,0,1,0,0,0
11194,2025,1,1,0,0,0,0,0,0,1,0
11204,2017,4,4,1,1,0,0,0,0,0,0
11206,2022,1,0,0,0,0,0,1,0,0,0
11225,2015,3,3,1,1,0,0,0,0,1,0
11225,2016,6,5,0,0,0,0,1,0,2,0
11225,2019,3,3,1,1,0,0,0,0,2,0
11225,2023,3,3,1,0,0,1,0,0,1,0
11239,2018,2,2,0,0,0,0,0,0,2,0
11239,2021,1,0,0,0,0,0,0,0,0,1
11239,2022,2,2,0,0,0,0,0,0,1,0
11239,2024,6,5,2,0,0,0,1,0,1,0
11239,2025,5,5,1,0,0,0,0,0,0,0
11240,2010,2,2,2,1,0,1,0,0,0,0
11262,2020,1,1,0,0,0,0,0,0,0,0
11270,2021,1,1,1,1,0,0,0,0,0,0
11270,2022,2,2,0,0,0,0,0,0,0,0
11310,2021,1,0,0,0,0,0,1,0,0,0
11325,2014,1,1,0,0,0,0,0,0,1,0
11325,2017,1,1,0,0,0,0,0,0,0,0
11330,2012,1,1,1,0,0,0,0,0,0,0
11330,2013,6,5,1,1,0,0,1,0,1,0
11330,2014,3,3,2,0,0,1,0,0,1,0
11330,2015,4,3,1,0,0,1,0,1,0,0
11330,2016,3,3,0,0,0,0,0,0,1,0
11330,2017,3,3,0,0,0,0,0,0,2,0
11330,2019,3,3,1,0,0,1,0,0,1,0
11330,2023,2,2,0,0,0,0,0,0,0,0
11353,2016,2,2,1,0,0,0,0,0,0,0
11354,2018,1,1,0,0,0,0,0,0,1,0
11378,2011,2,2,0,0,0,0,0,0,0,0
11378,2012,2,2,1,0,0,0,0,0,1,0
11378,2013,1,1,1,0,1,0,0,0,0,0
11378,2014,1,1,0,0,0,0,0,0,0,0
11378,2015,2,1,0,0,0,0,1,0,0,0
11386,2022,1,1,1,0,0,0,0,0,0,0
11386,2025,1,1,1,1,0,0,0,0,0,0
11428,2016,3,3,1,0,0,1,0,0,1,0
11430,2022,4,2,1,0,0,1,1,1,1,0
11438,2021,1,1,1,1,0,0,0,0,0,0
11446,2020,1,1,0,0,0,0,0,0,0,0
11446,2021,1,1,0,0,0,0,0,0,0,0
11446,2022,2,2,1,0,0,0,0,0,0,0
11446,2024,2,1,0,0,0,0,1,0,0,0
11453,2021,4,3,1,0,0,0,0,0,0,1
11453,2022,10,9,1,0,0,0,1,0,1,0
11454,2022,1,0,0,0,0,0,1,0,0,0
11454,2023,6,5,4,2,0,0,1,0,0,0
11464,2012,1,1,0,0,0,0,0,0,0,0
11464,2013,5,3,1,0,0,0,2,0,0,0
11464,2014,3,2,1,1,0,0,1,0,1,0
11464,2015,4,3,1,0,0,0,0,1,0,0
11464,2016,3,3,0,0,0,0,0,0,1,0
11464,2022,1,1,0,0,0,0,0,0,0,0
11465,2020,1,1,1,0,0,0,0,0,0,0
11465,2021,1,1,0,0,0,0,0,0,1,0
11465,2022,1,1,0,0,0,0,0,0,0,0
11465,2025,1,1,0,0,0,0,0,0,0,0
11479,2025,2,2,1,0,0,0,0,0,0,0
11484,2014,5,4,3,2,0,0,1,0,1,0
11514,2025,2,1,1,1,0,0,1,0,0,0
11516,2012,1,1,0,0,0,0,0,0,0,0
11524,2011,3,3,0,0,0,0,0,0,1,0
11524,2020,5,5,3,0,0,0,0,0,1,0
11524,2021,4,4,2,0,0,0,0,0,0,0
11531,2023,1,1,0,0,0,0,0,0,0,0
11532,2023,1,1,1,0,0,0,0,0,0,0
11541,2014,1,1,0,0,0,0,0,0,0,0
11543,2012,1,1,0,0,0,0,0,0,0,0
11543,2013,2,2,0,0,0,0,0,0,1,0
11543,2014,1,0,0,0,0,0,1,0,0,0
11543,2015,3,1,1,0,0,0,2,0,0,0
11543,2016,5,4,2,0,0,1,1,0,0,0
11543,2017,2,2,0,0,0,0,0,0,0,0
11550,2017,3,2,2,0,0,2,1,0,0,0
11564,2020,1,1,1,0,0,0,0,0,0,0
11564,2021,3,3,0,0,0,0,0,0,2,0
11590,2014,3,2,1,0,0,0,0,1,0,0
11590,2016,4,4,1,0,0,0,0,0,0,0
11590,2017,2,2,1,1,0,0,0,0,1,0
11590,2018,3,0,0,0,0,0,3,0,0,0
11590,2021,1,1,0,0,0,0,0,0,1,0
11590,2026,1,1,0,0,0,0,0,0,1,0
11591,2023,1,1,0,0,0,0,0,0,0,0
11602,2018,2,1,0,0,0,0,1,0,1,0
11602,2022,1,1,0,0,0,0,0,0,1,0
11607,2009,1,1,0,0,0,0,0,0,0,0
11607,2010,2,2,1,0,0,0,0,0,0,0
11607,2011,1,1,1,0,0,0,0,0,0,0
11632,2015,1,1,0,0,0,0,0,0,0,0
11632,2016,1,1,0,0,0,0,0,0,1,0
11632,2017,2,2,2,2,0,0,0,0,0,0
11632,2018,1,1,0,0,0,0,0,0,1,0
11644,2014,3,3,1,0,0,0,0,0,0,0
11644,2017,3,3,1,0,0,0,0,0,0,0
11650,2019,3,2,1,0,0,0,1,0,0,0
11663,2011,1,1,0,0,0,0,0,0,1,0
11664,2022,1,1,0,0,0,0,0,0,0,0
11673,2021,1,0,0,0,0,0,1,0,0,0
11673,2022,6,5,0,0,0,0,1,0,3,0
11686,2015,3,3,1,0,0,0,0,0,0,0
11686,2016,3,3,2,0,0,0,0,0,0,0
11686,2017,2,2,1,0,0,0,0,0,0,0
11686,2019,6,6,0,0,0,0,0,0,3,0
11686,2020,3,2,1,0,0,0,1,0,1,0
11686,2022,3,2,0,0,0,0,1,0,0,0
11688,2016,2,1,0,0,0,0,1,0,0,0
11688,2017,3,3,1,1,0,0,0,0,0,0
11688,2019,1,1,0,0,0,0,0,0,0,0
11688,2021,3,2,1,0,0,1,1,0,0,0
11688,2022,5,5,0,0,0,0,0,0,2,0
11688,2023,3,2,1,0,0,0,1,0,0,0
11691,2024,1,1,0,0,0,0,0,0,1,0
11691,2025,3,3,1,0,0,0,0,0,1,0
11694,2023,3,2,0,0,0,0,1,0,0,0
11709,2023,3,2,0,0,0,0,1,0,0,0
11709,2024,3,3,1,0,0,0,0,0,2,0
11709,2025,3,3,0,0,0,0,0,0,3,0
11711,2012,1,1,1,0,0,0,0,0,0,0
11719,2009,1,1,0,0,0,0,0,0,1,0
11721,2020,1,1,0,0,0,0,0,0,0,0
11721,2021,2,1,0,0,0,0,0,0,1,1
11723,2010,2,1,1,0,0,0,1,0,0,0
11723,2012,1,1,0,0,0,0,0,0,0,0
11746,2009,1,1,0,0,0,0,0,0,0,0
11746,2011,2,1,0,0,0,0,0,1,0,0
11746,2013,1,1,0,0,0,0,0,0,1,0
11746,2014,1,0,0,0,0,0,1,0,0,0
11762,2022,1,1,1,1,0,0,0,0,0,0
11768,2010,2,2,1,0,0,1,0,0,0,0
11773,2015,1,1,0,0,0,0,0,0,0,0
11773,2019,3,3,1,0,0,0,0,0,1,0
11778,2025,1,1,0,0,0,0,0,0,0,0
11782,2011,1,1,0,0,0,0,0,0,0,0
11782,2013,1,1,0,0,0,0,0,0,0,0
11783,2025,1,1,1,1,0,0,0,0,0,0
11786,2009,2,1,0,0,0,0,1,0,1,0
11786,2010,1,0,0,0,0,0,1,0,0,0
11788,2025,5,5,2,0,0,1,0,0,2,0
11801,2009,3,3,0,0,0,0,0,0,2,0
11801,2011,3,3,0,0,0,0,0,0,1,0
11814,2018,1,1,1,0,0,0,0,0,0,0
11818,2017,3,3,1,0,0,0,0,0,1,0
11818,2018,3,3,0,0,0,0,0,0,0,0
11826,2011,1,0,0,0,0,0,1,0,0,0
11829,2015,3,3,2,1,0,0,0,0,1,0
11831,2010,1,1,0,0,0,0,0,0,0,0
11831,2012,3,2,0,0,0,0,1,0,0,0
11831,2014,1,1,0,0,0,0,0,0,1,0
11839,2016,1,0,0,0,0,0,1,0,0,0
11839,2017,2,1,0,0,0,0,1,0,0,0
11839,2018,1,0,0,0,0,0,0,1,0,0
11839,2022,4,4,2,0,0,0,0,0,0,0
11839,2023,3,2,1,1,0,0,0,1,0,0
11841,2010,4,4,2,2,0,0,0,0,0,0
11841,2012,8,7,0,0,0,0,1,0,2,0
11841,2013,4,2,0,0,0,0,1,0,1,1
11841,2015,4,2,1,0,0,0,2,0,0,0
11841,2016,3,3,0,0,0,0,0,0,0,0
11841,2017,3,3,0,0,0,0,0,0,0,0
11841,2018,3,3,0,0,0,0,0,0,3,0
11841,2025,5,5,2,1,0,0,0,0,1,0
11848,2022,1,1,0,0,0,0,0,0,0,0
11848,2024,1,1,0,0,0,0,0,0,1,0
11848,2025,1,1,1,0,0,0,0,0,0,0
11850,2023,1,1,0,0,0,0,0,0,0,0
11850,2024,1,1,0,0,0,0,0,0,0,0
11850,2025,1,1,0,0,0,0,0,0,1,0
11855,2022,1,1,1,0,0,0,0,0,0,0
11856,2024,2,2,2,0,0,0,0,0,0,0
11862,2012,1,1,0,0,0,0,0,0,0,0
11863,2009,6,6,2,1,0,0,0,0,2,0
11863,2010,2,2,0,0,0,0,0,0,1,0
11863,2013,6,6,2,1,0,0,0,0,1,0
11863,2014,3,2,1,0,0,0,1,0,1,0
11863,2015,2,2,1,0,0,0,0,0,0,0
11863,2016,1,1,0,0,0,0,0,0,1,0
11874,2014,1,1,1,1,0,0,0,0,0,0
11874,2015,5,4,3,1,0,1,0,1,1,0
11875,2009,1,1,0,0,0,0,0,0,0,0
11878,2013,1,1,0,0,0,0,0,0,0,0
11878,2018,2,2,0,0,0,0,0,0,0,0
11878,2020,1,1,1,0,0,0,0,0,0,0
11880,2024,2,2,1,1,0,0,0,0,0,0
11893,2014,2,2,1,0,0,0,0,0,0,0
11893,2016,1,1,0,0,0,0,0,0,0,0
11893,2017,2,2,1,0,0,0,0,0,0,0
11897,2024,3,3,1,1,0,0,0,0,0,0
11899,2011,6,6,1,0,0,0,0,0,3,0
11899,2012,6,5,1,0,0,0,1,0,1,0
11899,2013,3,3,1,0,0,0,0,0,0,0
11899,2015,6,3,2,0,0,0,1,0,0,2
11904,2010,3,3,0,0,0,0,0,0,1,0
11904,2011,6,5,4,1,1,1,1,0,1,0
11904,2012,6,5,1,0,0,0,1,0,1,0
11904,2015,4,4,1,0,0,0,0,0,2,0
11904,2017,3,3,0,0,0,0,0,0,2,0
11905,2009,2,2,1,0,0,0,0,0,0,0
11905,2010,6,6,1,0,0,0,0,0,0,0
11905,2011,3,3,0,0,0,0,0,0,2,0
11905,2012,3,2,2,0,0,0,1,0,0,0
11911,2020,3,3,1,0,0,0,0,0,1,0
11911,2021,4,4,1,1,0,0,0,0,1,0
11911,2022,1,0,0,0,0,0,1,0,0,0
11911,2023,2,1,0,0,0,0,1,0,0,0
11911,2024,1,1,1,0,0,0,0,0,0,0
11917,2013,4,3,1,0,0,0,1,0,0,0
11917,2014,3,3,1,0,0,0,0,0,2,0
11917,2015,11,10,6,1,1,1,1,0,1,0
11917,2016,9,9,4,1,0,0,0,0,2,0
11917,2017,11,11,1,0,0,0,0,0,2,0
11917,2019,2,1,1,0,0,1,1,0,0,0
11917,2020,2,2,0,0,0,0,0,0,0,0
11917,2024,3,2,0,0,0,0,1,0,0,0
11918,2014,5,4,1,0,0,0,0,1,0,0
11919,2025,1,1,0,0,0,0,0,0,0,0
11938,2016,1,1,0,0,0,0,0,0,1,0
11940,2020,1,1,1,1,0,0,0,0,0,0
11942,2009,6,6,3,0,0,0,0,0,1,0
11942,2010,10,9,3,2,0,0,1,0,1,0
11942,2012,6,6,3,1,1,0,0,0,0,0
11942,2013,9,7,3,1,0,1,1,0,2,1
11942,2014,16,15,1,1,0,0,0,0,4,1
11942,2016,15,14,4,1,0,1,0,1,5,0
11942,2017,6,4,1,0,0,0,2,0,0,0
11942,2019,3,3,1,0,0,0,0,0,0,0
11942,2022,16,16,6,1,0,1,0,0,4,0
11942,2023,3,3,1,0,0,1,0,0,1,0
11949,2011,3,3,1,0,0,0,0,0,0,0
11952,2013,1,1,0,0,0,0,0,0,0,0
11952,2014,1,1,0,0,0,0,0,0,1,0
11955,2023,2,2,1,0,0,0,0,0,0,0
11977,2023,3,2,1,0,0,0,1,0,0,0
11977,2024,2,1,0,0,0,0,0,1,1,0
11977,2025,2,2,1,0,0,0,0,0,1,0
11981,2009,2,2,0,0,0,0,0,0,1,0
11981,2010,1,1,0,0,0,0,0,0,0,0
11982,2017,3,3,1,1,0,0,0,0,0,0
11982,2020,3,3,0,0,0,0,0,0,2,0
11982,2021,5,5,1,0,0,0,0,0,3,0
11982,2025,1,0,0,0,0,0,1,0,0,0
12020,2010,5,3,1,0,0,0,1,0,0,1
12020,2011,1,1,0,0,0,0,0,0,1,0
12024,2014,2,2,0,0,0,0,0,0,0,0
12042,2023,1,0,0,0,0,0,1,0,0,0
12046,2014,2,2,1,0,0,0,0,0,0,0
12046,2016,6,6,3,1,0,0,0,0,0,0
12046,2017,1,1,0,0,0,0,0,0,0,0
12046,2018,1,1,0,0,0,0,0,0,0,0
12050,2025,2,2,0,0,0,0,0,0,0,0
12050,2026,2,1,0,0,0,0,1,0,1,0
12078,2022,2,2,1,1,0,0,0,0,0,0
12089,2009,3,3,0,0,0,0,0,0,1,0
12094,2009,1,1,1,0,0,0,0,0,0,0
12095,2013,3,3,1,1,0,0,0,0,0,0
12095,2016,3,3,1,0,0,0,0,0,2,0
12097,2016,2,2,0,0,0,0,0,0,2,0
12097,2017,1,1,0,0,0,0,0,0,0,0
12097,2018,2,2,0,0,0,0,0,0,0,0
12097,2023,5,4,0,0,0,0,1,0,3,0
12100,2015,2,1,0,0,0,0,1,0,1,0
12103,2021,2,2,1,0,0,0,0,0,1,0
12103,2023,1,0,0,0,0,0,1,0,0,0
12104,2022,3,2,0,0,0,0,1,0,0,0
12104,2024,3,3,1,0,0,0,0,0,1,0
12104,2025,3,2,0,0,0,0,1,0,1,0
12105,2009,2,1,1,0,0,0,1,0,0,0
12105,2010,1,1,0,0,0,0,0,0,0,0
12105,2011,1,1,0,0,0,0,0,0,0,0
12105,2013,2,1,0,0,0,0,1,0,0,0
12105,2014,1,1,0,0,0,0,0,0,1,0
12105,2015,1,0,0,0,0,0,1,0,0,0
12106,2019,1,0,0,0,0,0,1,0,0,0
12109,2020,1,1,0,0,0,0,0,0,0,0
12129,2022,1,1,0,0,0,0,0,0,0,0
12129,2025,1,1,1,1,0,0,0,0,0,0
12146,2009,4,4,0,0,0,0,0,0,0,0
12147,2009,5,5,3,1,0,0,0,0,0,0
12147,2010,8,6,3,0,1,0,1,0,2,0
12147,2011,8,7,2,0,0,0,1,0,0,0
12149,2010,3,3,3,2,0,1,0,0,0,0
12150,2021,1,1,0,0,0,0,0,0,0,0
12150,2026,1,1,1,0,0,0,0,0,0,0
12158,2024,1,1,1,1,0,0,0,0,0,0
12158,2025,3,2,0,0,0,0,1,0,1,0
12161,2012,3,3,1,0,0,0,0,0,1,0
12168,2023,1,1,0,0,0,0,0,0,1,0
12168,2024,1,1,0,0,0,0,0,0,1,0
12172,2010,6,4,1,0,0,0,2,0,1,0
12172,2011,7,7,3,0,0,0,0,0,2,0
12172,2012,13,11,5,2,0,0,2,0,2,0
12172,2013,6,6,1,0,0,0,0,0,0,0
12186,2017,3,2,2,1,0,1,1,0,0,0
12186,2018,3,3,0,0,0,0,0,0,1,0
12186,2019,7,7,0,0,0,0,0,0,1,0
12186,2022,3,3,1,0,0,0,0,0,2,0
12186,2023,3,2,0,0,0,0,1,0,2,0
12186,2024,3,3,1,0,0,0,0,0,1,0
12186,2025,3,3,0,0,0,0,0,0,3,0
12190,2025,3,3,0,0,0,0,0,0,1,0
12201,2017,1,0,0,0,0,0,1,0,0,0
12217,2021,1,1,0,0,0,0,0,0,0,0
12217,2022,1,1,0,0,0,0,0,0,0,0
12217,2025,1,1,0,0,0,0,0,0,0,0
12220,2021,1,1,0,0,0,0,0,0,0,0
12220,2022,1,1,0,0,0,0,0,0,1,0
12227,2021,2,2,0,0,0,0,0,0,1,0
12227,2024,1,1,0,0,0,0,0,0,0,0
12245,2023,2,1,0,0,0,0,1,0,1,0
12247,2022,4,4,1,0,0,0,0,0,1,0
12248,2021,2,1,0,0,0,0,1,0,0,0
12271,2013,2,2,0,0,0,0,0,0,0,0
12271,2016,1,1,0,0,0,0,0,0,1,0
12271,2017,1,1,0,0,0,0,0,0,1,0
12274,2017,1,1,0,0,0,0,0,0,0,0
12290,2023,3,2,0,0,0,0,1,0,1,0
12303,2009,3,1,1,0,0,0,2,0,0,0
12303,2011,8,7,1,0,0,0,1,0,1,0
12304,2023,1,1,0,0,0,0,0,0,1,0
12321,2013,3,3,1,0,0,1,0,0,1,0
12321,2014,3,3,2,0,0,1,0,0,0,0
12321,2015,3,2,0,0,0,0,1,0,2,0
12354,2018,3,2,0,0,0,0,1,0,2,0
12354,2021,2,2,0,0,0,0,0,0,1,0
12354,2022,2,1,1,0,0,0,1,0,0,0
12354,2024,2,1,1,0,0,0,1,0,0,0
12354,2025,3,2,0,0,0,0,1,0,0,0
12361,2015,1,1,0,0,0,0,0,0,1,0
12361,2017,1,1,0,0,0,0,0,0,0,0
12362,2009,1,1,0,0,0,0,0,0,1,0
12362,2010,1,1,0,0,0,0,0,0,0,0
12362,2011,1,1,0,0,0,0,0,0,0,0
12362,2014,2,1,1,0,0,0,1,0,0,0
12364,2019,2,2,0,0,0,0,0,0,0,0
12364,2022,10,9,2,0,0,0,1,0,2,0
12382,2017,1,1,1,0,0,0,0,0,0,0
12382,2020,2,2,1,0,0,0,0,0,0,0
12382,2021,1,1,0,0,0,0,0,0,0,0
12382,2024,2,2,0,0,0,0,0,0,0,0
12395,2023,1,1,0,0,0,0,0,0,0,0
12395,2025,1,1,1,0,0,0,0,0,0,0
12407,2022,2,2,1,0,0,0,0,0,0,0
12407,2023,1,0,0,0,0,0,1,0,0,0
12407,2024,1,1,0,0,0,0,0,0,0,0
12411,2022,2,2,1,0,0,1,0,0,0,0
12415,2023,1,1,0,0,0,0,0,0,0,0
12416,2018,1,1,0,0,0,0,0,0,1,0
12416,2021,1,1,0,0,0,0,0,0,0,0
12435,2022,1,1,1,0,0,1,0,0,0,0
12438,2013,1,0,0,0,0,0,1,0,0,0
12446,2017,1,1,0,0,0,0,0,0,1,0
12446,2022,1,1,0,0,0,0,0,0,0,0
12451,2017,1,1,1,0,0,0,0,0,0,0
12451,2021,2,1,1,1,0,0,1,0,0,0
12460,2009,6,6,1,0,0,0,0,0,0,0
12460,2010,14,12,3,0,0,0,1,0,2,1
12460,2011,6,5,0,0,0,0,1,0,1,0
12460,2012,3,2,1,0,1,0,1,0,0,0
12460,2014,3,3,2,0,0,1,0,0,0,0
12470,2025,3,3,0,0,0,0,0,0,2,0
12472,2014,6,5,2,1,0,0,1,0,1,0
12472,2015,9,9,2,0,0,1,0,0,3,0
12472,2017,5,5,0,0,0,0,0,0,2,0
12472,2018,12,11,1,0,0,0,1,0,3,0
12472,2021,2,1,1,0,0,0,1,0,0,0
12472,2022,2,2,0,0,0,0,0,0,1,0
12472,2023,5,4,1,1,0,0,1,0,0,0
12472,2024,2,1,0,0,0,0,1,0,0,0
12476,2016,5,3,0,0,0,0,2,0,2,0
12476,2017,1,1,0,0,0,0,0,0,0,0
12476,2018,1,0,0,0,0,0,1,0,0,0
12477,2017,3,3,1,0,0,1,0,0,1,0
12477,2019,6,6,0,0,0,0,0,0,1,0
12477,2021,6,5,0,0,0,0,1,0,4,0
12483,2018,1,1,1,0,0,1,0,0,0,0
12487,2022,2,2,0,0,0,0,0,0,0,0
12487,2023,3,3,1,0,0,0,0,0,0,0
12492,2009,1,1,1,0,0,0,0,0,0,0
12492,2011,1,1,1,0,0,0,0,0,0,0
12498,2024,3,3,2,0,0,0,0,0,1,0
12498,2025,3,3,1,0,0,0,0,0,0,0
12501,2009,1,1,0,0,0,0,0,0,1,0
12502,2010,3,3,0,0,0,0,0,0,0,0
12502,2011,5,3,1,1,0,0,1,0,1,1
12502,2012,9,5,0,0,0,0,3,1,2,0
12502,2013,8,7,1,0,0,0,1,0,2,0
12502,2014,11,9,5,0,0,2,2,0,2,0
12502,2015,5,5,1,0,0,0,0,0,1,0
12502,2017,6,5,1,0,0,1,1,0,1,0
12506,2013,2,2,1,1,0,0,0,0,0,0
12506,2014,5,5,2,2,0,0,0,0,0,0
12508,2014,3,2,0,0,0,0,1,0,0,0
12508,2020,1,1,0,0,0,0,0,0,0,0
12510,2011,3,3,1,1,0,0,0,0,0,0
12510,2012,6,5,2,2,0,0,1,0,1,0
12510,2017,2,1,0,0,0,0,1,0,0,0
12526,2009,1,1,0,0,0,0,0,0,0,0
12526,2012,1,1,1,0,0,0,0,0,0,0
12526,2014,2,1,0,0,0,0,0,1,0,0
12530,2019,3,2,1,0,0,1,1,0,1,0
12530,2020,3,3,0,0,0,0,0,0,0,0
12532,2017,2,1,0,0,0,0,1,0,1,0
12532,2018,2,1,0,0,0,0,1,0,0,0
12536,2014,1,1,1,0,0,0,0,0,0,0
12536,2018,1,1,0,0,0,0,0,0,0,0
12537,2011,1,1,0,0,0,0,0,0,0,0
12537,2012,1,1,0,0,0,0,0,0,0,0
12537,2014,1,0,0,0,0,0,1,0,0,0
12538,2025,1,1,0,0,0,0,0,0,1,0
12552,2017,2,2,2,0,0,1,0,0,0,0
12552,2022,1,1,1,1,0,0,0,0,0,0
12553,2021,2,2,0,0,0,0,0,0,0,0
12555,2020,1,1,0,0,0,0,0,0,0,0
12556,2025,3,2,1,0,0,0,1,0,1,0
12561,2018,2,2,1,1,0,0,0,0,0,0
12561,2020,1,1,1,1,0,0,0,0,0,0
12561,2021,4,4,1,0,0,0,0,0,2,0
12561,2022,1,1,0,0,0,0,0,0,0,0
12561,2024,2,2,0,0,0,0,0,0,0,0
12561,2026,1,1,0,0,0,0,0,0,0,0
12567,2014,1,1,1,0,0,0,0,0,0,0
12567,2017,1,1,1,0,0,0,0,0,0,0
12567,2018,5,4,0,0,0,0,0,1,1,0
12567,2025,1,1,0,0,0,0,0,0,1,0
12567,2026,1,1,0,0,0,0,0,0,0,0
12576,2017,2,1,1,0,0,0,1,0,0,0
12577,2020,1,1,0,0,0,0,0,0,0,0
12577,2021,3,2,1,0,0,1,1,0,1,0
12633,2009,7,5,3,1,1,0,2,0,0,0
12633,2010,4,2,2,0,0,0,2,0,0,0
12633,2011,6,4,0,0,0,0,2,0,1,0
12633,2012,3,2,1,0,0,0,1,0,1,0
12641,2016,2,1,0,0,0,0,1,0,0,0
12641,2017,2,2,1,1,0,0,0,0,1,0
12641,2025,1,1,0,0,0,0,0,0,0,0
12649,2025,1,1,0,0,0,0,0,0,1,0
12654,2023,3,2,0,0,0,0,1,0,0,0
12656,2012,1,1,1,0,0,0,0,0,0,0
12656,2013,1,1,0,0,0,0,0,0,1,0
12656,2014,3,2,2,0,0,0,0,0,0,1
12656,2016,1,1,0,0,0,0,0,0,0,0
12656,2018,5,5,1,0,0,0,0,0,2,0
12659,2022,2,2,1,1,0,0,0,0,0,0
12663,2012,3,3,2,0,0,2,0,0,0,0
12663,2014,3,3,0,0,0,0,0,0,0,0
12663,2016,3,2,0,0,0,0,1,0,1,0
12663,2017,3,3,1,0,0,0,0,0,1,0
12671,2009,6,6,3,1,0,0,0,0,0,0
12671,2010,3,3,1,0,0,0,0,0,0,0
12671,2012,7,7,3,0,1,0,0,0,0,0
12671,2013,3,3,2,1,0,0,0,0,1,0
12678,2024,2,1,0,0,0,0,1,0,0,0
12678,2025,1,0,0,0,0,0,1,0,0,0
12679,2010,1,1,1,0,0,0,0,0,0,0
