0,2015,1,0,0,0,0,0,1,0,0,0
5,2011,1,1,0,0,0,0,0,0,1,0
5,2014,2,2,1,0,0,1,0,0,1,0
5,2015,2,2,0,0,0,0,0,0,0,0
5,2016,2,2,1,1,0,0,0,0,0,0
13,1998,3,3,0,0,0,0,0,0,0,0
13,2000,5,3,1,1,0,0,2,0,1,0
13,2001,7,5,2,0,0,0,2,0,1,0
13,2004,7,6,3,2,0,1,1,0,1,0
30,2007,2,2,0,0,0,0,0,0,0,0
30,2008,1,1,0,0,0,0,0,0,0,0
30,2009,1,1,0,0,0,0,0,0,1,0
31,2009,4,3,0,0,0,0,1,0,1,0
33,2003,1,1,0,0,0,0,0,0,0,0
48,2015,1,0,0,0,0,0,1,0,0,0
48,2016,1,1,1,1,0,0,0,0,0,0
60,2013,1,0,0,0,0,0,1,0,0,0
68,2004,5,4,2,0,0,0,1,0,2,0
73,2011,2,1,0,0,0,0,1,0,0,0
73,2012,2,1,1,0,0,0,1,0,0,0
79,2004,2,2,1,0,0,1,0,0,1,0
79,2005,1,1,1,1,0,0,0,0,0,0
86,2002,6,6,0,0,0,0,0,0,2,0
86,2004,4,4,0,0,0,0,0,0,2,0
86,2005,2,2,0,0,0,0,0,0,0,0
86,2007,1,1,1,1,0,0,0,0,0,0
86,2010,1,1,0,0,0,0,0,0,0,0
104,2003,1,1,1,0,0,1,0,0,0,0
104,2004,2,1,0,0,0,0,1,0,0,0
111,2008,2,2,0,0,0,0,0,0,0,0
111,2010,2,1,0,0,0,0,1,0,0,0
116,2008,2,2,0,0,0,0,0,0,0,0
116,2009,3,3,1,0,0,0,0,0,2,0
116,2010,3,3,0,0,0,0,0,0,1,0
116,2013,1,0,0,0,0,0,1,0,0,0
116,2015,2,0,0,0,0,0,2,0,0,0
118,2011,1,1,1,0,0,0,0,0,0,0
118,2013,2,1,1,1,0,0,1,0,0,0
118,2014,1,1,0,0,0,0,0,0,0,0
118,2015,2,2,0,0,0,0,0,0,0,0
144,2016,1,1,0,0,0,0,0,0,1,0
148,2006,1,1,0,0,0,0,0,0,0,0
162,2014,3,3,0,0,0,0,0,0,2,0
162,2015,1,1,1,0,0,0,0,0,0,0
162,2016,1,1,0,0,0,0,0,0,0,0
185,2002,1,1,0,0,0,0,0,0,0,0
185,2003,1,1,0,0,0,0,0,0,1,0
186,2004,1,1,0,0,0,0,0,0,0,0
225,2011,3,3,1,0,0,0,0,0,0,0
225,2012,8,6,3,0,0,2,2,0,0,0
227,2000,1,1,0,0,0,0,0,0,0,0
227,2002,1,1,0,0,0,0,0,0,0,0
228,2013,3,3,1,0,0,1,0,0,1,0
228,2015,1,1,0,0,0,0,0,0,1,0
228,2016,1,1,0,0,0,0,0,0,0,0
239,1998,3,2,0,0,0,0,0,0,0,1
239,2004,2,2,0,0,0,0,0,0,0,0
253,2013,1,1,0,0,0,0,0,0,0,0
261,2003,3,3,2,1,0,1,0,0,1,0
261,2004,2,2,0,0,0,0,0,0,0,0
263,2009,7,7,0,0,0,0,0,0,2,0
263,2011,6,6,4,1,0,0,0,0,0,0
263,2013,3,3,2,1,0,0,0,0,1,0
281,2003,2,2,2,0,0,2,0,0,0,0
281,2005,1,1,0,0,0,0,0,0,0,0
290,1998,1,1,0,0,0,0,0,0,0,0
290,2000,4,3,0,0,0,0,1,0,1,0
290,2001,2,2,1,0,0,0,0,0,1,0
290,2002,1,1,1,0,1,0,0,0,0,0
309,2015,2,2,0,0,0,0,0,0,1,0
309,2016,10,10,3,1,0,1,0,0,1,0
319,2000,3,2,1,0,0,0,1,0,0,0
333,2000,2,2,0,0,0,0,0,0,0,0
333,2002,6,6,1,1,0,0,0,0,1,0
343,2013,5,4,2,0,0,0,1,0,0,0
343,2014,12,11,4,0,0,1,1,0,2,0
343,2015,12,11,3,1,0,1,1,0,1,0
343,2016,15,14,6,3,0,2,1,0,1,0
364,2006,2,1,0,0,0,0,1,0,0,0
380,2008,1,1,1,0,0,0,0,0,0,0
380,2009,2,2,1,0,0,1,0,0,0,0
382,2010,2,2,1,1,0,0,0,0,0,0
382,2011,3,2,1,1,0,0,1,0,0,0
382,2012,3,3,0,0,0,0,0,0,1,0
382,2014,3,3,0,0,0,0,0,0,1,0
388,1998,8,7,4,1,0,2,1,0,2,0
395,2002,9,7,2,1,0,0,2,0,0,0
402,2015,2,2,1,0,0,0,0,0,1,0
410,1997,1,1,1,0,0,0,0,0,0,0
410,1998,1,1,0,0,0,0,0,0,1,0
412,2005,3,2,0,0,0,0,1,0,0,0
417,2014,2,0,0,0,0,0,2,0,0,0
422,2011,1,1,1,0,0,0,0,0,0,0
438,2001,1,1,0,0,0,0,0,0,0,0
446,1998,3,2,0,0,0,0,1,0,1,0
449,2014,2,1,1,0,0,0,1,0,0,0
449,2015,1,1,1,0,0,0,0,0,0,0
455,2012,3,3,1,0,0,0,0,0,1,0
455,2013,2,2,0,0,0,0,0,0,0,0
456,2016,2,2,1,1,0,0,0,0,0,0
458,1998,2,2,0,0,0,0,0,0,1,0
459,2009,2,2,0,0,0,0,0,0,0,0
459,2011,3,3,0,0,0,0,0,0,0,0
459,2012,3,3,0,0,0,0,0,0,1,0
472,2003,1,1,0,0,0,0,0,0,0,0
479,2009,2,1,1,0,0,0,1,0,0,0
482,2006,3,2,1,0,0,1,1,0,0,0
485,2001,2,1,0,0,0,0,1,0,1,0
485,2002,6,5,1,0,0,1,1,0,1,0
485,2003,1,1,0,0,0,0,0,0,1,0
485,2004,4,4,1,1,0,0,0,0,1,0
485,2005,3,3,1,0,0,1,0,0,0,0
485,2007,3,2,1,1,0,0,1,0,1,0
485,2009,2,2,0,0,0,0,0,0,1,0
494,2009,1,0,0,0,0,0,1,0,0,0
494,2010,2,2,0,0,0,0,0,0,2,0
498,2001,2,2,0,0,0,0,0,0,1,0
498,2002,2,2,1,1,0,0,0,0,0,0
500,2014,3,2,1,1,0,0,1,0,0,0
506,1998,1,0,0,0,0,0,1,0,0,0
528,2009,3,3,1,0,0,0,0,0,0,0
528,2010,3,3,1,0,0,1,0,0,0,0
528,2011,6,6,2,0,0,1,0,0,0,0
541,1997,3,3,2,0,0,0,0,0,1,0
541,1998,3,3,2,0,0,0,0,0,0,0
541,1999,3,3,0,0,0,0,0,0,3,0
541,2000,6,6,0,0,0,0,0,0,2,0
541,2001,3,3,0,0,0,0,0,0,0,0
541,2005,6,3,0,0,0,0,3,0,2,0
546,2012,1,1,1,0,0,0,0,0,0,0
547,2009,1,1,0,0,0,0,0,0,0,0
550,2007,2,2,1,0,0,0,0,0,0,0
550,2008,2,2,0,0,0,0,0,0,0,0
550,2009,4,3,0,0,0,0,1,0,0,0
550,2010,2,1,1,1,0,0,1,0,0,0
550,2014,4,4,0,0,0,0,0,0,1,0
571,1998,1,1,1,1,0,0,0,0,0,0
574,2007,3,3,1,0,0,1,0,0,0,0
574,2008,5,5,2,0,0,0,0,0,0,0
574,2009,3,3,0,0,0,0,0,0,3,0
574,2010,3,3,1,0,0,0,0,0,1,0
585,2016,1,1,1,0,0,1,0,0,0,0
590,2001,1,1,0,0,0,0,0,0,0,0
622,2016,1,1,0,0,0,0,0,0,0,0
635,2016,2,2,0,0,0,0,0,0,0,0
652,2015,1,0,0,0,0,0,1,0,0,0
667,2005,1,1,1,0,0,1,0,0,0,0
680,2014,1,1,0,0,0,0,0,0,0,0
681,2008,1,0,0,0,0,0,1,0,0,0
681,2009,5,4,1,0,0,0,1,0,0,0
687,2010,1,1,0,0,0,0,0,0,1,0
687,2011,1,1,0,0,0,0,0,0,0,0
687,2012,1,1,0,0,0,0,0,0,0,0
698,2004,17,13,5,2,0,2,4,0,1,0
698,2005,3,3,1,0,0,0,0,0,0,0
698,2007,3,1,0,0,0,0,2,0,0,0
698,2008,3,3,1,0,0,0,0,0,1,0
698,2009,1,1,1,0,0,0,0,0,0,0
710,2003,2,2,2,1,0,0,0,0,0,0
710,2004,4,2,1,0,0,1,2,0,0,0
710,2006,1,1,1,0,0,0,0,0,0,0
711,2015,1,1,1,1,0,0,0,0,0,0
711,2016,4,4,3,1,0,1,0,0,0,0
719,2008,1,1,0,0,0,0,0,0,0,0
732,2008,1,0,0,0,0,0,1,0,0,0
737,2006,1,0,0,0,0,0,1,0,0,0
740,2007,1,1,1,1,0,0,0,0,0,0
754,2011,7,7,3,1,0,1,0,0,0,0
754,2012,2,2,1,0,0,1,0,0,0,0
754,2013,1,1,0,0,0,0,0,0,0,0
758,2016,1,0,0,0,0,0,1,0,0,0
764,2000,1,1,0,0,0,0,0,0,0,0
764,2004,1,1,0,0,0,0,0,0,0,0
771,2004,6,2,0,0,0,0,2,1,1,1
771,2005,6,5,2,0,0,0,1,0,1,0
771,2006,11,9,1,1,0,0,2,0,2,0
771,2007,6,6,2,0,0,1,0,0,1,0
771,2008,3,2,0,0,0,0,1,0,0,0
771,2013,2,2,0,0,0,0,0,0,2,0
771,2014,6,5,0,0,0,0,1,0,3,0
774,2015,1,1,0,0,0,0,0,0,0,0
774,2016,2,1,0,0,0,0,1,0,0,0
786,2005,1,1,1,0,0,0,0,0,0,0
786,2010,2,2,0,0,0,0,0,0,0,0
786,2014,1,1,1,0,0,0,0,0,0,0
786,2015,1,1,0,0,0,0,0,0,1,0
787,2000,1,1,0,0,0,0,0,0,1,0
790,1998,6,4,1,0,0,0,2,0,2,0
790,2000,3,3,0,0,0,0,0,0,1,0
791,2013,1,1,1,0,0,1,0,0,0,0
793,2014,1,1,0,0,0,0,0,0,0,0
794,2005,1,1,0,0,0,0,0,0,1,0
795,2014,2,2,0,0,0,0,0,0,0,0
795,2015,1,1,0,0,0,0,0,0,0,0
812,2006,1,1,0,0,0,0,0,0,1,0
812,2011,1,1,0,0,0,0,0,0,0,0
812,2012,1,1,0,0,0,0,0,0,1,0
812,2013,1,1,0,0,0,0,0,0,0,0
825,2000,1,1,0,0,0,0,0,0,0,0
825,2001,6,5,1,0,0,1,1,0,0,0
825,2002,3,2,1,0,0,0,1,0,0,0
825,2003,7,5,1,1,0,0,2,0,0,0
825,2004,3,2,2,1,0,0,0,0,0,1
825,2005,1,1,1,0,0,1,0,0,0,0
825,2007,1,1,1,0,0,1,0,0,0,0
828,2010,1,1,0,0,0,0,0,0,0,0
828,2011,1,0,0,0,0,0,1,0,0,0
831,2012,2,2,1,0,0,1,0,0,0,0
845,2000,3,3,2,1,0,0,0,0,0,0
846,2003,2,2,2,0,0,0,0,0,0,0
848,1998,2,2,0,0,0,0,0,0,0,0
848,2003,4,2,2,0,0,0,2,0,0,0
861,2003,2,1,0,0,0,0,1,0,0,0
861,2004,6,6,3,0,0,0,0,0,1,0
861,2005,4,2,0,0,0,0,2,0,1,0
861,2006,1,1,0,0,0,0,0,0,1,0
861,2007,5,5,1,0,0,0,0,0,1,0
861,2008,3,2,1,0,0,0,1,0,0,0
861,2010,3,3,1,0,0,0,0,0,0,0
861,2012,1,1,0,0,0,0,0,0,0,0
861,2013,1,1,0,0,0,0,0,0,1,0
861,2016,1,1,1,0,0,1,0,0,0,0
863,2000,3,2,1,1,0,0,1,0,0,0
863,2003,4,4,1,1,0,0,0,0,0,0
863,2006,5,4,0,0,0,0,1,0,1,0
863,2009,2,2,1,0,0,1,0,0,1,0
872,2000,3,3,0,0,0,0,0,0,1,0
875,2009,6,6,2,0,0,0,0,0,2,0
875,2010,11,11,2,0,0,1,0,0,1,0
875,2011,5,5,1,0,0,0,0,0,2,0
880,2006,1,1,0,0,0,0,0,0,0,0
887,2009,7,5,2,0,0,0,2,0,0,0
887,2010,2,1,0,0,0,0,1,0,0,0
887,2011,2,2,1,0,0,0,0,0,1,0
890,2000,2,1,0,0,0,0,1,0,1,0
890,2002,4,4,3,1,0,1,0,0,0,0
919,2013,1,1,0,0,0,0,0,0,1,0
919,2014,3,2,0,0,0,0,0,0,1,1
919,2015,4,4,0,0,0,0,0,0,2,0
919,2016,3,3,2,0,0,1,0,0,0,0
920,2003,1,1,0,0,0,0,0,0,1,0
920,2004,2,2,0,0,0,0,0,0,1,0
920,2005,2,2,0,0,0,0,0,0,0,0
920,2006,1,1,0,0,0,0,0,0,1,0
920,2008,1,1,0,0,0,0,0,0,1,0
920,2010,1,1,0,0,0,0,0,0,0,0
927,2016,3,1,0,0,0,0,2,0,0,0
933,1998,2,2,0,0,0,0,0,0,1,0
934,2016,3,2,1,1,0,0,1,0,1,0
945,2001,3,1,1,0,0,0,2,0,0,0
950,2001,6,5,0,0,0,0,1,0,1,0
970,2006,2,2,1,1,0,0,0,0,1,0
970,2007,3,2,0,0,0,0,0,1,0,0
970,2008,1,1,0,0,0,0,0,0,0,0
985,2008,4,3,2,0,0,0,1,0,1,0
985,2009,3,2,1,1,0,0,1,0,1,0
985,2011,6,5,1,0,0,0,1,0,1,0
985,2012,2,2,2,0,0,1,0,0,0,0
988,2013,2,1,0,0,0,0,0,0,0,1
998,2000,6,4,0,0,0,0,1,0,0,1
1009,2005,3,2,1,0,0,0,0,0,0,1
1009,2006,3,3,0,0,0,0,0,0,1,0
1009,2007,9,7,4,0,0,1,2,0,1,0
1009,2008,9,8,1,0,0,1,1,0,0,0
1009,2009,3,3,1,0,0,0,0,0,1,0
1009,2010,3,3,1,1,0,0,0,0,2,0
1009,2012,3,3,2,0,0,1,0,0,0,0
1009,2013,3,3,2,0,0,1,0,0,1,0
1009,2016,1,0,0,0,0,0,1,0,0,0
1016,2003,2,2,0,0,0,0,0,0,0,0
1032,2016,1,1,1,0,0,0,0,0,0,0
1035,2007,1,1,1,1,0,0,0,0,0,0
1035,2009,1,1,1,1,0,0,0,0,0,0
1035,2010,3,3,0,0,0,0,0,0,1,0
1035,2011,1,1,0,0,0,0,0,0,0,0
1035,2012,1,1,0,0,0,0,0,0,1,0
1035,2013,2,2,0,0,0,0,0,0,1,0
1062,2001,1,1,0,0,0,0,0,0,0,0
1062,2003,1,1,0,0,0,0,0,0,0,0
1095,2003,3,3,1,0,0,0,0,0,0,0
1095,2004,6,6,0,0,0,0,0,0,1,0
1095,2005,7,6,1,0,0,0,1,0,1,0
1095,2006,6,4,0,0,0,0,2,0,2,0
1095,2007,4,2,2,1,0,1,2,0,0,0
1095,2008,6,5,0,0,0,0,1,0,1,0
1095,2013,1,1,1,0,0,1,0,0,0,0
1097,1998,1,1,0,0,0,0,0,0,0,0
1102,2010,2,2,1,0,0,0,0,0,0,0
1109,2006,3,3,2,0,0,1,0,0,0,0
1109,2007,3,3,3,1,0,1,0,0,0,0
1109,2008,3,2,1,1,0,0,1,0,0,0
1120,2007,4,4,1,0,0,0,0,0,1,0
1124,2000,1,0,0,0,0,0,1,0,0,0
1124,2001,2,2,0,0,0,0,0,0,1,0
1124,2002,3,3,1,0,0,1,0,0,0,0
1133,2004,6,5,0,0,0,0,1,0,3,0
1138,1998,1,1,1,0,0,0,0,0,0,0
1138,2005,2,1,0,0,0,0,1,0,0,0
1138,2006,1,1,0,0,0,0,0,0,0,0
1138,2007,1,1,0,0,0,0,0,0,0,0
1138,2008,1,1,1,0,0,0,0,0,0,0
1145,2016,2,2,2,0,0,0,0,0,0,0
1159,2000,3,1,0,0,0,0,2,0,1,0
1160,2000,2,2,0,0,0,0,0,0,0,0
1190,2002,1,1,0,0,0,0,0,0,1,0
1200,2014,3,1,0,0,0,0,2,0,0,0
1200,2015,4,4,0,0,0,0,0,0,2,0
1200,2016,4,4,0,0,0,0,0,0,2,0
1204,2015,1,1,1,0,0,1,0,0,0,0
1214,2014,3,2,1,1,0,0,1,0,0,0
1214,2015,1,0,0,0,0,0,1,0,0,0
1214,2016,4,4,2,0,0,1,0,0,0,0
1216,2016,3,2,0,0,0,0,1,0,1,0
1221,2003,1,1,0,0,0,0,0,0,1,0
1221,2007,1,1,0,0,0,0,0,0,0,0
1221,2008,1,0,0,0,0,0,1,0,0,0
1221,2009,1,0,0,0,0,0,1,0,0,0
1225,2008,2,2,0,0,0,0,0,0,1,0
1225,2009,3,3,1,0,0,0,0,0,0,0
1225,2010,6,6,3,0,0,0,0,0,1,0
1260,2006,1,1,0,0,0,0,0,0,1,0
1260,2007,1,1,0,0,0,0,0,0,1,0
1265,2006,1,1,0,0,0,0,0,0,1,0
1268,2004,5,4,1,1,0,0,0,0,1,1
1268,2005,7,6,2,1,0,0,1,0,0,0
1289,2009,3,3,1,0,0,1,0,0,0,0
1289,2010,2,2,0,0,0,0,0,0,1,0
1289,2011,2,2,2,2,0,0,0,0,0,0
1328,2006,3,2,0,0,0,0,1,0,1,0
1337,2011,7,5,3,0,0,1,2,0,0,0
1337,2013,2,2,0,0,0,0,0,0,0,0
1337,2014,5,5,2,0,0,0,0,0,0,0
1337,2015,4,4,0,0,0,0,0,0,3,0
1337,2016,6,5,1,0,0,0,1,0,1,0
1339,2008,1,1,1,0,0,0,0,0,0,0
1343,1998,1,1,0,0,0,0,0,0,1,0
1343,2000,1,1,0,0,0,0,0,0,1,0
1343,2005,4,4,0,0,0,0,0,0,2,0
1355,2015,1,1,0,0,0,0,0,0,0,0
1372,2007,1,1,1,1,0,0,0,0,0,0
1399,2000,2,2,1,0,0,0,0,0,0,0
1399,2004,1,1,1,0,0,0,0,0,0,0
1399,2006,2,2,0,0,0,0,0,0,0,0
1406,2004,8,8,4,3,0,0,0,0,2,0
1433,2012,1,1,0,0,0,0,0,0,0,0
1433,2014,1,1,0,0,0,0,0,0,0,0
1454,2006,1,0,0,0,0,0,1,0,0,0
1454,2008,1,0,0,0,0,0,1,0,0,0
1454,2009,1,1,0,0,0,0,0,0,0,0
1454,2011,1,1,0,0,0,0,0,0,0,0
1478,2015,2,1,1,0,0,0,1,0,0,0
1482,2007,1,1,0,0,0,0,0,0,0,0
1491,1998,2,2,0,0,0,0,0,0,1,0
1495,2000,5,5,4,2,0,0,0,0,0,0
1495,2001,3,2,1,1,0,0,1,0,0,0
1495,2002,9,8,3,1,0,0,1,0,2,0
1495,2003,9,9,1,0,0,0,0,0,0,0
1495,2004,6,5,0,0,0,0,1,0,2,0
1495,2005,8,8,4,1,0,1,0,0,0,0
1495,2006,3,3,2,0,0,1,0,0,0,0
1495,2007,3,3,1,1,0,0,0,0,0,0
1495,2008,6,5,1,0,0,0,1,0,2,0
1495,2010,7,7,2,2,0,0,0,0,1,0
1495,2011,3,3,1,0,0,0,0,0,0,0
1495,2012,3,3,2,0,0,1,0,0,0,0
1495,2013,13,12,2,1,0,0,1,0,1,0
1495,2014,6,6,1,0,0,1,0,0,1,0
1495,2015,8,7,3,2,0,0,1,0,1,0
1497,2013,1,1,0,0,0,0,0,0,0,0
1497,2014,2,2,0,0,0,0,0,0,0,0
1505,2007,2,2,1,0,0,0,0,0,0,0
1506,2009,1,1,0,0,0,0,0,0,0,0
1506,2011,1,1,0,0,0,0,0,0,0,0
1507,2008,2,2,0,0,0,0,0,0,0,0
1516,2003,2,1,0,0,0,0,1,0,0,0
1518,2016,11,11,3,1,0,1,0,0,0,0
1523,1998,7,6,1,0,0,0,1,0,2,0
1523,2000,3,3,1,0,0,0,0,0,0,0
1523,2001,2,2,1,0,0,1,0,0,0,0
1523,2002,4,4,1,1,0,0,0,0,0,0
1531,2005,2,2,1,0,0,0,0,0,0,0
1531,2006,3,1,1,0,0,0,2,0,0,0
1546,1997,3,3,1,0,0,0,0,0,2,0
1546,1998,3,1,0,0,0,0,2,0,1,0
1546,2002,4,3,1,0,0,0,0,0,2,1
1556,2006,5,5,1,0,0,1,0,0,2,0
1556,2007,4,4,1,1,0,0,0,0,3,0
1556,2008,14,13,3,1,0,0,1,0,5,0
1556,2009,11,11,4,2,0,2,0,0,1,0
1556,2010,6,6,1,1,0,0,0,0,1,0
1556,2011,9,5,3,0,0,1,4,0,0,0
1557,2010,1,1,1,1,0,0,0,0,0,0
1557,2012,1,0,0,0,0,0,1,0,0,0
1567,2012,1,1,0,0,0,0,0,0,0,0
1570,2006,1,1,0,0,0,0,0,0,0,0
1570,2007,8,4,1,0,0,0,4,0,1,0
1583,2013,2,2,1,0,0,0,0,0,0,0
1583,2014,1,0,0,0,0,0,1,0,0,0
1596,2005,9,8,3,1,0,0,1,0,1,0
1596,2008,3,2,0,0,0,0,1,0,0,0
1599,2016,1,1,0,0,0,0,0,0,0,0
1616,2016,1,1,0,0,0,0,0,0,0,0
1634,2001,3,3,0,0,0,0,0,0,0,0
1634,2002,9,9,4,0,0,1,0,0,1,0
1634,2005,7,6,1,0,0,0,1,0,0,0
1634,2006,5,5,2,0,0,1,0,0,1,0
1634,2007,3,3,1,0,0,0,0,0,0,0
1634,2008,3,3,1,0,0,0,0,0,0,0
1635,2005,2,2,1,1,0,0,0,0,0,0
1635,2006,2,2,0,0,0,0,0,0,0,0
1635,2007,2,2,0,0,0,0,0,0,1,0
1644,2013,2,1,1,0,0,0,0,1,0,0
1644,2014,1,0,0,0,0,0,1,0,0,0
1645,2004,3,2,1,0,0,0,1,0,1,0
1645,2005,9,8,2,0,0,0,1,0,2,0
1645,2006,5,3,0,0,0,0,2,0,0,0
1645,2007,8,4,1,0,0,0,4,0,0,0
1645,2008,10,9,3,1,0,0,1,0,1,0
1652,2002,2,2,0,0,0,0,0,0,0,0
1666,2009,6,6,2,0,0,1,0,0,2,0
1666,2010,3,3,0,0,0,0,0,0,1,0
1666,2011,3,3,0,0,0,0,0,0,1,0
1669,2007,3,2,0,0,0,0,1,0,1,0
1669,2016,2,1,0,0,0,0,1,0,0,0
1670,2000,1,1,0,0,0,0,0,0,1,0
1675,2003,2,1,0,0,0,0,1,0,0,0
1675,2006,1,1,1,0,0,0,0,0,0,0
1675,2009,1,0,0,0,0,0,1,0,0,0
1686,2003,1,1,1,0,0,1,0,0,0,0
1732,2005,2,1,0,0,0,0,1,0,0,0
1732,2006,3,2,2,0,0,1,1,0,0,0
1732,2007,1,1,0,0,0,0,0,0,0,0
1732,2008,2,2,1,1,0,0,0,0,0,0
1732,2009,5,4,1,1,0,0,1,0,1,0
1732,2010,2,2,1,0,0,0,0,0,0,0
1732,2011,1,0,0,0,0,0,1,0,0,0
1743,1998,1,0,0,0,0,0,0,0,0,1
1767,2015,1,0,0,0,0,0,1,0,0,0
1773,2014,5,5,3,0,0,2,0,0,0,0
1790,2007,3,2,1,0,0,1,1,0,1,0
1792,1998,2,2,0,0,0,0,0,0,0,0
1795,2008,2,2,0,0,0,0,0,0,0,0
1795,2009,1,1,0,0,0,0,0,0,0,0
1795,2010,2,2,0,0,0,0,0,0,0,0
1801,2006,1,1,1,0,0,1,0,0,0,0
1801,2007,3,3,1,0,0,0,0,0,2,0
1801,2008,1,1,1,1,0,0,0,0,0,0
1801,2009,3,3,1,0,0,0,0,0,0,0
1801,2010,6,5,1,0,0,0,1,0,0,0
1801,2011,6,6,2,2,0,0,0,0,1,0
1801,2013,7,6,4,0,0,0,1,0,1,0
1801,2015,2,1,0,0,0,0,1,0,0,0
1806,2000,2,2,1,1,0,0,0,0,1,0
1806,2001,2,1,0,0,0,0,1,0,0,0
1806,2005,3,3,2,0,0,1,0,0,1,0
1808,2015,1,0,0,0,0,0,1,0,0,0
1820,2009,2,2,1,0,0,0,0,0,0,0
1820,2011,3,2,1,0,0,0,1,0,0,0
1820,2014,1,1,0,0,0,0,0,0,0,0
1820,2016,3,3,1,0,0,1,0,0,0,0
1825,2005,5,2,0,0,0,0,3,0,0,0
1825,2008,2,2,1,0,0,0,0,0,1,0
1825,2009,1,1,0,0,0,0,0,0,0,0
1829,2003,3,3,0,0,0,0,0,0,1,0
1829,2007,2,1,0,0,0,0,1,0,1,0
1831,2011,1,1,0,0,0,0,0,0,1,0
1834,2014,3,3,0,0,0,0,0,0,0,0
1846,2003,4,4,1,0,0,0,0,0,2,0
1846,2004,2,2,1,0,0,0,0,0,0,0
1846,2005,1,1,0,0,0,0,0,0,0,0
1870,2002,1,1,0,0,0,0,0,0,1,0
1872,2008,2,1,1,0,0,0,1,0,0,0
1872,2009,1,1,1,1,0,0,0,0,0,0
1872,2010,2,2,1,0,0,1,0,0,1,0
1881,1999,2,1,0,0,0,0,1,0,1,0
1888,2000,1,1,0,0,0,0,0,0,0,0
1888,2002,1,1,0,0,0,0,0,0,1,0
1943,2009,5,5,1,0,0,1,0,0,1,0
1943,2010,6,5,1,1,0,0,1,0,1,0
1943,2011,7,5,1,1,0,0,2,0,1,0
1943,2013,5,5,1,0,0,0,0,0,3,0
1943,2014,4,3,0,0,0,0,1,0,1,0
1943,2015,6,5,0,0,0,0,1,0,3,0
1943,2016,4,4,3,0,0,1,0,0,0,0
1952,2015,3,3,0,0,0,0,0,0,1,0
1952,2016,4,3,2,1,0,0,1,0,0,0
1957,2004,2,2,0,0,0,0,0,0,1,0
1963,2016,1,1,0,0,0,0,0,0,0,0
1966,2016,6,6,1,0,0,0,0,0,3,0
1970,2005,9,8,2,0,0,0,1,0,2,0
1970,2006,9,8,3,1,0,2,1,0,0,0
1970,2007,3,3,0,0,0,0,0,0,0,0
1971,2013,3,2,1,1,0,0,1,0,1,0
1971,2016,7,7,3,0,0,1,0,0,3,0
1972,2004,2,2,0,0,0,0,0,0,1,0
1972,2005,2,1,0,0,0,0,1,0,0,0
1972,2006,3,3,0,0,0,0,0,0,0,0
1982,2007,3,3,0,0,0,0,0,0,0,0
1982,2008,3,3,1,0,0,0,0,0,1,0
1982,2009,12,11,3,0,0,1,1,0,3,0
1982,2010,1,1,1,0,0,0,0,0,0,0
1982,2011,3,2,1,0,0,0,1,0,1,0
1982,2013,1,0,0,0,0,0,1,0,0,0
1982,2014,2,2,1,0,0,1,0,0,0,0
1991,2016,1,0,0,0,0,0,1,0,0,0
1997,2014,2,2,1,1,0,0,0,0,0,0
2002,2016,1,1,1,0,0,0,0,0,0,0
2004,2001,1,1,0,0,0,0,0,0,0,0
2006,2011,3,2,1,1,0,0,1,0,0,0
2006,2013,3,2,0,0,0,0,1,0,0,0
2011,2012,1,1,1,0,0,1,0,0,0,0
2011,2013,1,1,0,0,0,0,0,0,0,0
2011,2014,3,2,0,0,0,0,1,0,1,0
2011,2015,3,3,1,1,0,0,0,0,2,0
2011,2016,2,2,0,0,0,0,0,0,0,0
2017,1998,1,1,0,0,0,0,0,0,0,0
2018,2005,9,8,2,0,0,0,1,0,1,0
2018,2006,8,5,1,0,0,0,2,0,1,1
2018,2009,2,2,0,0,0,0,0,0,2,0
2018,2010,2,0,0,0,0,0,1,0,0,1
2018,2011,3,3,1,0,0,1,0,0,1,0
2018,2012,6,6,2,1,0,0,0,0,3,0
2018,2013,1,1,1,0,0,0,0,0,0,0
2022,2012,6,6,0,0,0,0,0,0,2,0
2022,2013,6,4,2,0,0,1,1,0,1,1
2022,2014,12,11,6,1,0,0,1,0,1,0
2022,2015,6,5,0,0,0,0,0,0,1,1
2023,2007,2,1,1,0,0,1,1,0,0,0
2023,2008,2,1,0,0,0,0,1,0,0,0
2030,2006,2,2,0,0,0,0,0,0,1,0
2046,2009,1,0,0,0,0,0,1,0,0,0
2046,2010,6,6,2,1,0,0,0,0,0,0
2046,2012,3,3,1,0,0,0,0,0,1,0
2058,2004,1,1,1,0,0,0,0,0,0,0
2058,2005,1,1,0,0,0,0,0,0,0,0
2070,2004,1,1,0,0,0,0,0,0,1,0
2070,2005,4,3,1,0,0,1,1,0,0,0
2070,2006,1,1,1,0,0,1,0,0,0,0
2070,2009,1,0,0,0,0,0,1,0,0,0
2089,2012,1,1,0,0,0,0,0,0,0,0
2090,2013,2,1,1,1,0,0,1,0,0,0
2095,2013,3,2,2,1,0,0,1,0,0,0
2095,2014,1,1,0,0,0,0,0,0,0,0
2116,1997,1,1,0,0,0,0,0,0,0,0
2122,1997,2,1,1,0,0,0,1,0,0,0
2146,2013,1,1,1,0,0,1,0,0,0,0
2147,1998,4,4,0,0,0,0,0,0,3,0
2147,2000,6,5,1,0,0,0,1,0,1,0
2147,2002,3,3,1,0,0,0,0,0,0,0
2147,2003,8,7,2,0,0,1,1,0,1,0
2147,2007,6,4,1,0,0,1,2,0,1,0
2161,2009,1,1,0,0,0,0,0,0,0,0
2161,2015,2,2,0,0,0,0,0,0,0,0
2161,2016,2,1,0,0,0,0,1,0,1,0
2166,1998,6,6,2,0,0,2,0,0,3,0
2167,2013,2,2,1,1,0,0,0,0,1,0
2175,2012,3,1,0,0,0,0,2,0,0,0
2175,2013,8,5,1,0,0,0,3,0,0,0
2175,2014,6,5,0,0,0,0,1,0,1,0
2182,2013,1,0,0,0,0,0,1,0,0,0
2186,2001,4,3,0,0,0,0,1,0,2,0
2192,2008,1,1,0,0,0,0,0,0,0,0
2192,2009,7,5,0,0,0,0,1,0,1,1
2192,2010,3,3,1,1,0,0,0,0,2,0
2192,2011,3,3,0,0,0,0,0,0,0,0
2192,2012,3,3,0,0,0,0,0,0,1,0
2192,2013,3,3,1,0,0,0,0,0,0,0
2192,2014,1,1,0,0,0,0,0,0,0,0
2205,2014,1,1,1,0,0,0,0,0,0,0
2212,2014,3,3,0,0,0,0,0,0,1,0
2215,2011,1,1,0,0,0,0,0,0,0,0
2232,2012,2,1,0,0,0,0,1,0,1,0
2232,2013,3,3,0,0,0,0,0,0,0,0
2236,2015,7,6,2,0,0,0,1,0,0,0
2236,2016,1,1,0,0,0,0,0,0,0,0
2237,1997,2,2,0,0,0,0,0,0,1,0
2237,2000,4,4,2,0,0,0,0,0,0,0
2237,2001,10,8,1,1,0,0,2,0,4,0
2237,2002,6,6,1,0,0,0,0,0,3,0
2237,2003,7,7,0,0,0,0,0,0,0,0
2237,2004,6,5,0,0,0,0,1,0,3,0
2237,2005,6,6,0,0,0,0,0,0,4,0
2237,2011,6,5,1,0,0,1,1,0,0,0
2237,2012,3,3,1,0,0,0,0,0,0,0
2237,2013,3,3,0,0,0,0,0,0,1,0
2237,2015,1,1,1,1,0,0,0,0,0,0
2240,2001,1,0,0,0,0,0,1,0,0,0
2240,2003,5,4,1,1,0,0,1,0,1,0
2240,2005,1,0,0,0,0,0,1,0,0,0
2242,2005,5,5,3,1,0,1,0,0,2,0
2242,2006,1,1,0,0,0,0,0,0,0,0
2242,2009,1,1,0,0,0,0,0,0,0,0
2242,2010,1,1,0,0,0,0,0,0,1,0
2259,2006,1,1,1,0,0,0,0,0,0,0
2261,2000,3,1,0,0,0,0,2,0,0,0
2268,2015,2,2,2,0,0,1,0,0,0,0
2282,2003,3,3,2,1,0,0,0,0,0,0
2282,2004,10,8,0,0,0,0,2,0,2,0
2282,2005,3,3,1,0,0,1,0,0,0,0
2282,2006,6,5,1,0,0,0,1,0,1,0
2282,2007,3,2,1,0,0,0,1,0,0,0
2282,2008,1,1,1,0,0,0,0,0,0,0
2282,2009,2,2,0,0,0,0,0,0,0,0
2282,2012,1,1,0,0,0,0,0,0,0,0
2291,2004,3,2,1,0,0,0,1,0,1,0
2291,2007,3,2,2,0,0,0,1,0,0,0
2295,2002,3,3,1,1,0,0,0,0,0,0
2298,2012,2,2,1,1,0,0,0,0,1,0
2298,2013,2,1,0,0,0,0,1,0,1,0
2298,2014,3,3,1,1,0,0,0,0,0,0
2307,2000,6,4,1,1,0,0,2,0,1,0
2307,2002,3,1,0,0,0,0,2,0,0,0
2322,2013,3,3,1,0,0,0,0,0,1,0
2322,2016,2,2,2,0,0,0,0,0,0,0
2326,2009,1,1,0,0,0,0,0,0,0,0
2328,2005,2,2,0,0,0,0,0,0,0,0
2328,2006,6,2,1,0,0,0,4,0,1,0
2333,1999,1,0,0,0,0,0,1,0,0,0
2333,2003,2,2,0,0,0,0,0,0,0,0
2333,2004,1,1,0,0,0,0,0,0,1,0
2333,2005,2,2,0,0,0,0,0,0,2,0
2333,2006,1,1,0,0,0,0,0,0,0,0
2339,2006,1,1,0,0,0,0,0,0,1,0
2343,2006,2,1,1,1,0,0,1,0,0,0
2343,2008,2,1,0,0,0,0,1,0,1,0
2343,2009,6,5,0,0,0,0,1,0,0,0
2343,2010,7,5,1,0,0,0,2,0,0,0
2344,2003,2,2,1,1,0,0,0,0,1,0
2344,2004,1,1,0,0,0,0,0,0,0,0
2344,2005,1,1,1,0,0,0,0,0,0,0
2344,2006,2,2,0,0,0,0,0,0,0,0
2350,2001,3,2,0,0,0,0,1,0,0,0
2350,2003,3,1,1,1,0,0,1,0,0,1
2355,2013,1,0,0,0,0,0,1,0,0,0
2358,2013,3,3,0,0,0,0,0,0,0,0
2358,2014,5,5,2,1,0,1,0,0,0,0
2362,1998,1,1,0,0,0,0,0,0,0,0
2366,2011,1,1,0,0,0,0,0,0,0,0
2369,2013,3,3,3,0,0,0,0,0,0,0
2384,2004,1,1,0,0,0,0,0,0,1,0
2384,2005,1,1,0,0,0,0,0,0,1,0
2384,2006,2,2,0,0,0,0,0,0,2,0
2384,2013,1,0,0,0,0,0,1,0,0,0
2384,2014,2,2,1,0,0,1,0,0,1,0
2388,2016,1,0,0,0,0,0,0,0,0,1
2418,1998,1,1,1,0,0,0,0,0,0,0
2418,1999,1,1,0,0,0,0,0,0,1,0
2418,2000,1,1,0,0,0,0,0,0,0,0
2421,2005,2,0,0,0,0,0,2,0,0,0
2421,2007,1,1,0,0,0,0,0,0,1,0
2421,2008,1,1,0,0,0,0,0,0,0,0
2421,2010,1,1,0,0,0,0,0,0,1,0
2421,2013,1,1,0,0,0,0,0,0,0,0
2438,2000,3,3,1,0,0,0,0,0,0,0
2438,2001,3,3,1,0,0,0,0,0,1,0
2442,2000,2,1,0,0,0,0,0,0,1,1
2442,2001,3,3,0,0,0,0,0,0,0,0
2442,2002,1,1,1,0,0,0,0,0,0,0
2446,2004,1,1,0,0,0,0,0,0,0,0
2461,2014,1,1,0,0,0,0,0,0,0,0
2461,2015,3,2,1,0,0,0,1,0,0,0
2461,2016,2,2,1,0,0,0,0,0,0,0
2482,2011,1,1,1,0,0,0,0,0,0,0
2482,2012,2,2,0,0,0,0,0,0,1,0
2492,2008,1,1,0,0,0,0,0,0,0,0
2505,2005,4,2,0,0,0,0,2,0,1,0
2505,2007,1,0,0,0,0,0,1,0,0,0
2505,2009,1,0,0,0,0,0,1,0,0,0
2505,2010,1,1,0,0,0,0,0,0,1,0
2508,2000,2,1,0,0,0,0,1,0,1,0
2525,2015,3,3,0,0,0,0,0,0,1,0
2562,2003,2,1,0,0,0,0,1,0,0,0
2574,2013,2,2,1,1,0,0,0,0,0,0
2581,1997,3,3,1,1,0,0,0,0,2,0
2581,2004,5,5,3,0,0,2,0,0,1,0
2590,2007,2,2,1,0,0,1,0,0,0,0
2590,2009,6,6,1,0,0,0,0,0,1,0
2590,2010,3,3,0,0,0,0,0,0,2,0
2590,2012,3,3,2,0,0,1,0,0,0,0
2590,2013,3,3,1,0,0,0,0,0,0,0
2590,2014,6,5,1,0,0,0,1,0,0,0
2590,2015,3,3,1,0,0,1,0,0,0,0
2595,2002,1,1,0,0,0,0,0,0,0,0
2595,2005,1,1,1,0,0,0,0,0,0,0
2606,2013,3,3,1,0,0,1,0,0,1,0
2606,2014,4,4,2,0,0,0,0,0,0,0
2640,2003,3,3,1,1,0,0,0,0,0,0
2640,2007,3,2,1,0,0,0,1,0,0,0
2640,2011,2,2,1,1,0,0,0,0,0,0
2654,2002,3,3,1,1,0,0,0,0,0,0
2654,2003,3,3,0,0,0,0,0,0,0,0
2654,2004,3,3,0,0,0,0,0,0,1,0
2654,2006,4,3,1,1,0,0,1,0,0,0
2660,2000,1,1,1,1,0,0,0,0,0,0
2661,2005,3,3,1,0,0,0,0,0,1,0
2661,2010,6,6,2,1,0,0,0,0,3,0
2661,2011,3,2,1,0,0,0,1,0,0,0
2661,2015,1,1,0,0,0,0,0,0,0,0
2690,2009,2,1,1,0,0,0,1,0,0,0
2690,2010,4,4,1,0,0,1,0,0,2,0
2690,2011,4,4,0,0,0,0,0,0,2,0
2690,2012,3,3,0,0,0,0,0,0,1,0
2690,2014,1,1,0,0,0,0,0,0,0,0
2690,2015,1,0,0,0,0,0,1,0,0,0
2703,2016,1,1,0,0,0,0,0,0,1,0
2708,2016,3,2,0,0,0,0,1,0,1,0
2727,2015,1,1,0,0,0,0,0,0,1,0
2742,2002,1,1,0,0,0,0,0,0,0,0
2742,2003,1,1,0,0,0,0,0,0,1,0
2742,2004,1,1,0,0,0,0,0,0,0,0
2749,2012,1,1,1,1,0,0,0,0,0,0
2749,2013,1,1,1,0,0,1,0,0,0,0
2754,2016,3,3,2,1,0,0,0,0,0,0
2763,2012,1,0,0,0,0,0,1,0,0,0
2763,2013,2,2,1,1,0,0,0,0,1,0
2763,2015,2,1,0,0,0,0,1,0,0,0
2776,2012,2,1,0,0,0,0,1,0,0,0
2776,2013,3,3,1,0,0,1,0,0,2,0
2783,2011,1,1,0,0,0,0,0,0,0,0
2789,2004,6,6,3,2,0,0,0,0,2,0
2810,2002,3,2,1,0,0,0,0,0,0,1
2810,2005,1,1,0,0,0,0,0,0,0,0
2810,2012,3,3,1,0,0,0,0,0,0,0
2823,2003,1,1,0,0,0,0,0,0,0,0
2826,2000,1,1,1,0,0,0,0,0,0,0
2827,2016,1,1,0,0,0,0,0,0,1,0
2840,2016,1,1,1,0,0,0,0,0,0,0
2847,2012,1,1,0,0,0,0,0,0,0,0
2850,2016,1,1,0,0,0,0,0,0,0,0
2855,2008,1,1,0,0,0,0,0,0,1,0
2855,2011,1,0,0,0,0,0,1,0,0,0
2863,2013,6,6,3,0,0,1,0,0,0,0
2878,2016,2,1,0,0,0,0,1,0,1,0
2882,2006,1,0,0,0,0,0,1,0,0,0
2906,1998,4,3,0,0,0,0,1,0,1,0
2911,2003,5,4,2,1,0,0,1,0,1,0
2911,2004,5,4,0,0,0,0,1,0,2,0
2911,2013,4,4,2,1,0,1,0,0,1,0
2911,2014,6,6,2,0,0,1,0,0,3,0
2911,2015,18,16,3,0,0,1,2,0,1,0
2911,2016,6,3,2,2,0,0,2,1,0,0
2914,2016,2,2,1,0,0,0,0,0,0,0
2919,2008,1,1,1,0,0,1,0,0,0,0
2929,2011,1,1,0,0,0,0,0,0,1,0
2933,2007,4,4,1,0,0,0,0,0,0,0
2933,2008,2,1,0,0,0,0,1,0,0,0
2933,2009,3,2,0,0,0,0,1,0,0,0
2935,2004,1,0,0,0,0,0,1,0,0,0
2966,2006,2,2,0,0,0,0,0,0,1,0
2966,2007,4,4,0,0,0,0,0,0,1,0
2966,2008,1,1,0,0,0,0,0,0,0,0
2970,2008,1,1,1,1,0,0,0,0,0,0
2970,2009,1,0,0,0,0,0,1,0,0,0
2981,2003,1,1,0,0,0,0,0,0,0,0
2981,2005,3,3,0,0,0,0,0,0,2,0
2981,2006,2,2,0,0,0,0,0,0,1,0
2987,2012,1,1,0,0,0,0,0,0,0,0
2987,2013,1,1,0,0,0,0,0,0,0,0
2996,2003,1,0,0,0,0,0,1,0,0,0
2996,2004,1,1,0,0,0,0,0,0,0,0
2996,2005,2,0,0,0,0,0,2,0,0,0
2996,2007,1,1,1,0,0,0,0,0,0,0
2996,2008,1,1,0,0,0,0,0,0,0,0
2996,2009,1,1,1,1,0,0,0,0,0,0
2996,2011,1,0,0,0,0,0,1,0,0,0
3002,2003,3,2,1,0,0,0,1,0,0,0
3002,2004,3,1,0,0,0,0,2,0,0,0
3002,2005,5,5,2,1,0,1,0,0,0,0
3011,2013,1,1,0,0,0,0,0,0,0,0
3011,2014,2,2,1,1,0,0,0,0,0,0
3016,2005,7,6,2,0,0,1,1,0,2,0
3016,2006,4,1,0,0,0,0,3,0,0,0
3016,2007,8,7,2,0,0,0,1,0,3,0
3016,2008,2,1,1,0,0,0,1,0,0,0
3016,2009,1,1,0,0,0,0,0,0,0,0
3016,2010,1,1,0,0,0,0,0,0,1,0
3016,2011,1,1,0,0,0,0,0,0,1,0
3016,2013,1,1,0,0,0,0,0,0,0,0
3016,2014,2,1,0,0,0,0,1,0,0,0
3023,2007,1,1,0,0,0,0,0,0,0,0
3028,1998,3,2,1,0,0,0,1,0,0,0
3029,2011,6,6,4,1,0,2,0,0,1,0
3029,2012,6,5,0,0,0,0,1,0,2,0
3033,2016,2,2,1,0,0,1,0,0,1,0
3041,2002,10,9,2,1,0,0,1,0,3,0
3041,2003,2,1,0,0,0,0,1,0,0,0
3041,2004,9,8,5,2,0,1,1,0,2,0
3041,2005,3,3,2,1,0,0,0,0,0,0
3046,2000,2,2,2,0,0,0,0,0,0,0
3052,2002,6,6,1,1,0,0,0,0,2,0
3052,2003,1,1,1,0,0,0,0,0,0,0
3062,2003,6,5,0,0,0,0,1,0,2,0
3062,2004,3,3,1,0,0,0,0,0,0,0
3062,2005,1,1,0,0,0,0,0,0,0,0
3062,2006,2,1,0,0,0,0,1,0,1,0
3066,2001,1,1,0,0,0,0,0,0,0,0
3066,2004,6,6,1,0,0,0,0,0,2,0
3066,2005,3,3,0,0,0,0,0,0,0,0
3066,2006,2,2,1,0,0,0,0,0,0,0
3066,2008,6,5,1,0,0,0,1,0,0,0
3067,2002,3,3,0,0,0,0,0,0,1,0
3067,2006,3,3,0,0,0,0,0,0,2,0
3070,2010,2,2,0,0,0,0,0,0,1,0
3070,2012,1,1,0,0,0,0,0,0,1,0
3070,2013,2,2,0,0,0,0,0,0,0,0
3070,2014,1,1,1,0,0,0,0,0,0,0
3070,2015,1,1,0,0,0,0,0,0,0,0
3070,2016,2,2,0,0,0,0,0,0,0,0
3073,2011,2,2,2,2,0,0,0,0,0,0
3073,2012,3,3,1,1,0,0,0,0,0,0
3073,2014,3,3,0,0,0,0,0,0,0,0
3073,2015,3,2,0,0,0,0,1,0,1,0
3073,2016,3,3,1,0,0,0,0,0,0,0
3080,2016,5,5,2,1,0,0,0,0,0,0
3086,2015,2,2,0,0,0,0,0,0,1,0
3086,2016,1,1,1,0,0,0,0,0,0,0
3088,2016,2,1,1,0,0,0,1,0,0,0
3089,2011,1,1,1,0,0,0,0,0,0,0
3108,2015,1,1,0,0,0,0,0,0,1,0
3112,2006,1,1,1,1,0,0,0,0,0,0
3131,2001,5,2,0,0,0,0,2,1,0,0
3131,2004,1,1,0,0,0,0,0,0,1,0
3131,2010,1,1,0,0,0,0,0,0,1,0
3138,2003,1,1,1,0,0,0,0,0,0,0
3154,2016,1,1,1,0,0,0,0,0,0,0
3166,2009,3,3,2,0,0,0,0,0,1,0
3174,2002,2,2,0,0,0,0,0,0,1,0
3215,2015,2,1,1,0,0,1,0,0,0,1
3216,2000,3,3,1,1,0,0,0,0,0,0
3218,2000,1,1,0,0,0,0,0,0,1,0
3223,2000,1,1,0,0,0,0,0,0,1,0
3223,2005,3,3,0,0,0,0,0,0,0,0
3231,2015,3,3,0,0,0,0,0,0,0,0
3248,2003,3,2,0,0,0,0,1,0,0,0
3262,2001,2,2,0,0,0,0,0,0,2,0
3262,2002,1,1,0,0,0,0,0,0,1,0
3262,2007,3,3,2,1,0,0,0,0,0,0
3262,2008,2,2,1,0,0,1,0,0,1,0
3279,2004,1,1,0,0,0,0,0,0,0,0
3286,2015,6,6,3,0,0,0,0,0,1,0
3286,2016,7,6,1,0,0,0,1,0,2,0
3288,2012,1,0,0,0,0,0,1,0,0,0
3296,1998,9,8,2,0,0,0,0,1,3,0
3296,2002,6,6,2,1,0,1,0,0,0,0
3297,2013,2,2,2,1,0,0,0,0,0,0
3313,1998,1,0,0,0,0,0,1,0,0,0
3313,2000,2,2,0,0,0,0,0,0,2,0
3313,2001,3,3,0,0,0,0,0,0,0,0
3313,2002,1,1,0,0,0,0,0,0,1,0
3313,2003,7,7,1,0,0,0,0,0,2,0
3313,2004,3,2,1,0,0,0,1,0,0,0
3313,2005,3,3,0,0,0,0,0,0,3,0
3313,2006,7,6,2,0,0,1,1,0,1,0
3336,2016,1,1,0,0,0,0,0,0,0,0
3347,2011,2,2,1,0,0,0,0,0,1,0
3347,2014,3,3,0,0,0,0,0,0,1,0
3347,2015,6,4,2,0,0,2,2,0,0,0
3347,2016,14,13,1,0,0,0,1,0,1,0
3351,2000,3,2,1,0,0,1,1,0,1,0
3351,2005,3,3,0,0,0,0,0,0,2,0
3366,2008,2,2,1,0,0,0,0,0,0,0
3366,2009,5,4,1,1,0,0,1,0,0,0
3366,2015,1,1,0,0,0,0,0,0,1,0
3366,2016,2,2,1,0,0,0,0,0,0,0
3368,1997,1,1,1,1,0,0,0,0,0,0
3374,2001,1,1,0,0,0,0,0,0,1,0
3374,2002,4,3,0,0,0,0,0,0,2,1
3374,2004,1,1,0,0,0,0,0,0,0,0
3375,2006,1,0,0,0,0,0,1,0,0,0
3375,2007,2,2,0,0,0,0,0,0,0,0
3404,2015,2,1,0,0,0,0,1,0,0,0
3409,2002,2,2,1,1,0,0,0,0,0,0
3410,2006,4,4,0,0,0,0,0,0,4,0
3410,2007,6,3,0,0,0,0,3,0,0,0
3410,2009,1,0,0,0,0,0,1,0,0,0
3410,2010,1,1,0,0,0,0,0,0,1,0
3410,2011,3,2,0,0,0,0,0,0,1,1
3410,2013,1,1,0,0,0,0,0,0,0,0
3411,2013,2,2,1,1,0,0,0,0,0,0
3411,2014,1,1,0,0,0,0,0,0,0,0
3411,2015,3,2,1,1,0,0,0,0,0,1
3411,2016,3,3,0,0,0,0,0,0,0,0
3420,1997,1,1,0,0,0,0,0,0,1,0
3420,1998,3,3,1,1,0,0,0,0,0,0
3420,2003,2,2,2,1,0,0,0,0,0,0
3431,2007,3,3,0,0,0,0,0,0,0,0
3434,2007,1,1,0,0,0,0,0,0,0,0
3434,2008,3,3,2,0,0,2,0,0,0,0
3434,2010,1,1,0,0,0,0,0,0,0,0
3434,2011,2,1,0,0,0,0,1,0,0,0
3434,2013,8,6,1,0,0,0,2,0,1,0
3434,2014,6,6,2,0,0,0,0,0,0,0
3434,2016,4,3,2,1,0,0,1,0,0,0
3438,2016,1,1,1,1,0,0,0,0,0,0
3440,2009,1,1,0,0,0,0,0,0,1,0
3440,2011,1,1,0,0,0,0,0,0,0,0
3440,2015,2,1,1,0,0,1,1,0,0,0
3442,2009,1,1,0,0,0,0,0,0,1,0
3492,2013,1,1,1,0,0,0,0,0,0,0
3492,2014,1,0,0,0,0,0,1,0,0,0
3492,2015,3,2,0,0,0,0,1,0,0,0
3492,2016,2,1,0,0,0,0,0,0,0,1
3494,2002,1,1,0,0,0,0,0,0,0,0
3497,2013,1,1,0,0,0,0,0,0,0,0
3497,2014,1,1,1,0,0,1,0,0,0,0
3497,2015,1,1,1,0,0,0,0,0,0,0
3498,2016,3,3,1,0,0,0,0,0,1,0
3509,2002,1,0,0,0,0,0,1,0,0,0
3509,2010,1,1,0,0,0,0,0,0,1,0
3519,2001,3,3,1,0,0,0,0,0,1,0
3521,2014,2,2,0,0,0,0,0,0,1,0
3521,2015,1,1,0,0,0,0,0,0,0,0
3526,2003,1,0,0,0,0,0,1,0,0,0
3546,2010,9,8,2,1,0,0,1,0,3,0
3546,2011,3,3,0,0,0,0,0,0,2,0
3546,2012,5,5,3,1,0,0,0,0,0,0
3546,2013,5,4,0,0,0,0,1,0,0,0
3577,2000,2,2,1,1,0,0,0,0,1,0
3580,2016,1,1,0,0,0,0,0,0,0,0
3588,2002,1,1,1,1,0,0,0,0,0,0
3589,2006,1,1,0,0,0,0,0,0,0,0
3589,2007,2,2,1,1,0,0,0,0,0,0
3596,2007,2,2,2,0,0,1,0,0,0,0
3596,2008,6,6,1,0,0,0,0,0,3,0
3596,2009,6,6,1,0,0,1,0,0,5,0
3596,2010,3,3,1,0,0,0,0,0,0,0
3596,2011,6,5,2,1,0,1,1,0,0,0
3596,2012,3,3,1,1,0,0,0,0,0,0
3596,2014,3,2,1,0,0,0,1,0,0,0
3596,2016,1,1,1,0,0,1,0,0,0,0
3600,2005,3,3,2,0,0,0,0,0,0,0
3600,2007,3,3,1,0,0,0,0,0,0,0
3607,2014,2,2,0,0,0,0,0,0,0,0
3626,2003,1,1,1,0,0,0,0,0,0,0
3628,1997,1,1,0,0,0,0,0,0,1,0
3644,2002,3,3,0,0,0,0,0,0,1,0
3644,2005,10,9,3,1,0,1,1,0,1,0
3644,2006,12,10,2,1,0,0,1,1,3,0
3644,2007,2,0,0,0,0,0,2,0,0,0
3650,2005,1,1,0,0,0,0,0,0,0,0
3659,1999,1,1,0,0,0,0,0,0,0,0
3659,2000,4,4,1,0,0,0,0,0,2,0
3659,2001,2,1,1,0,0,1,1,0,0,0
3659,2002,3,3,2,2,0,0,0,0,0,0
3659,2003,3,3,0,0,0,0,0,0,1,0
3659,2008,3,3,0,0,0,0,0,0,1,0
3680,2007,2,1,0,0,0,0,1,0,1,0
3680,2008,1,0,0,0,0,0,1,0,0,0
3680,2009,1,1,1,1,0,0,0,0,0,0
3680,2010,2,2,1,0,0,0,0,0,1,0
3680,2011,6,5,1,0,0,0,1,0,0,0
3683,2007,3,1,0,0,0,0,1,1,1,0
3683,2015,3,2,0,0,0,0,1,0,0,0
3694,2003,3,3,1,0,0,1,0,0,0,0
3694,2004,6,4,1,0,0,1,2,0,0,0
3694,2005,6,5,2,1,0,1,1,0,1,0
3694,2006,1,0,0,0,0,0,1,0,0,0
3699,2005,1,0,0,0,0,0,1,0,0,0
3702,2000,1,1,0,0,0,0,0,0,0,0
3703,2004,4,4,1,1,0,0,0,0,0,0
3703,2005,4,4,1,0,0,0,0,0,2,0
3703,2006,1,1,0,0,0,0,0,0,1,0
3703,2007,5,4,0,0,0,0,1,0,1,0
3703,2008,1,0,0,0,0,0,1,0,0,0
3703,2009,3,2,0,0,0,0,1,0,0,0
3703,2010,3,3,1,0,0,0,0,0,0,0
3703,2011,3,3,2,1,0,1,0,0,0,0
3703,2014,1,1,1,0,0,0,0,0,0,0
3703,2015,1,1,1,0,0,0,0,0,0,0
3731,2015,3,3,1,0,0,0,0,0,0,0
3740,2010,3,3,1,0,0,0,0,0,0,0
3748,2011,1,0,0,0,0,0,1,0,0,0
3748,2013,2,2,0,0,0,0,0,0,1,0
3748,2015,3,2,0,0,0,0,1,0,0,0
3756,2006,1,1,0,0,0,0,0,0,1,0
3765,2007,1,1,0,0,0,0,0,0,0,0
3765,2009,3,2,1,0,0,0,1,0,1,0
3765,2010,2,2,1,0,0,0,0,0,0,0
3765,2011,1,1,1,1,0,0,0,0,0,0
3765,2012,1,1,0,0,0,0,0,0,0,0
3785,2016,6,5,1,0,0,1,1,0,1,0
3786,2003,1,1,0,0,0,0,0,0,1,0
3786,2004,3,3,2,1,0,0,0,0,0,0
3786,2005,2,2,1,0,0,1,0,0,0,0
3786,2006,2,2,0,0,0,0,0,0,0,0
3786,2007,1,1,0,0,0,0,0,0,0,0
3793,2011,5,5,1,0,0,0,0,0,2,0
3793,2012,2,2,1,0,0,0,0,0,0,0
3793,2013,4,4,1,0,0,0,0,0,0,0
3793,2014,1,0,0,0,0,0,0,1,0,0
3793,2015,1,1,0,0,0,0,0,0,0,0
3797,2000,2,1,0,0,0,0,1,0,0,0
3799,2008,1,1,0,0,0,0,0,0,0,0
3809,2004,1,1,0,0,0,0,0,0,1,0
3809,2007,2,2,0,0,0,0,0,0,1,0
3818,2008,3,3,2,1,0,0,0,0,1,0
3818,2009,3,3,0,0,0,0,0,0,0,0
3818,2010,5,4,0,0,0,0,1,0,3,0
3833,2009,1,1,0,0,0,0,0,0,0,0
3834,2011,2,1,1,0,0,0,1,0,0,0
3834,2014,3,3,1,0,0,0,0,0,0,0
3834,2015,3,3,2,0,0,1,0,0,0,0
3834,2016,6,4,1,0,0,0,2,0,2,0
3838,2016,2,2,2,1,0,0,0,0,0,0
3845,2016,2,2,1,1,0,0,0,0,0,0
3870,2001,4,4,1,0,0,0,0,0,1,0
3870,2002,3,3,0,0,0,0,0,0,0,0
3870,2003,6,5,0,0,0,0,1,0,2,0
3870,2004,6,5,2,2,0,0,1,0,2,0
3870,2006,3,3,1,0,0,1,0,0,1,0
3870,2009,6,6,1,0,0,0,0,0,1,0
3870,2010,3,3,1,0,0,0,0,0,0,0
3870,2011,10,10,5,2,0,1,0,0,0,0
3870,2012,4,2,2,1,0,0,2,0,0,0
3870,2013,3,3,1,0,1,0,0,0,1,0
3876,2008,3,2,0,0,0,0,1,0,1,0
3876,2009,1,1,0,0,0,0,0,0,1,0
3879,2015,3,2,0,0,0,0,1,0,1,0
3899,2000,1,1,1,0,0,1,0,0,0,0
3899,2001,1,1,0,0,0,0,0,0,1,0
3902,2003,1,1,1,1,0,0,0,0,0,0
3925,2002,12,10,3,0,0,1,2,0,1,0
3925,2004,3,2,1,0,0,1,1,0,0,0
3925,2005,6,5,2,0,0,0,1,0,1,0
3925,2007,4,3,0,0,0,0,1,0,0,0
3925,2008,3,2,1,0,0,1,1,0,0,0
3951,2006,3,3,0,0,0,0,0,0,2,0
3951,2007,3,2,0,0,0,0,1,0,2,0
3951,2008,5,5,2,0,0,2,0,0,1,0
3951,2009,16,12,1,1,0,0,4,0,4,0
3951,2010,15,7,5,2,0,2,8,0,0,0
3966,2003,4,4,1,0,0,0,0,0,1,0
3966,2006,2,0,0,0,0,0,2,0,0,0
3966,2007,6,4,1,1,0,0,2,0,0,0
3966,2010,2,2,1,0,0,0,0,0,0,0
3968,2013,3,3,1,0,0,1,0,0,2,0
3968,2014,5,5,3,1,0,1,0,0,0,0
3968,2015,7,5,2,2,0,0,2,0,1,0
3968,2016,12,12,4,0,0,1,0,0,1,0
3971,2005,2,2,0,0,0,0,0,0,0,0
3982,2015,4,2,1,0,0,0,2,0,0,0
3989,2002,2,2,0,0,0,0,0,0,0,0
4000,2003,1,0,0,0,0,0,1,0,0,0
4000,2005,2,2,1,0,0,0,0,0,0,0
4000,2008,2,1,1,1,0,0,1,0,0,0
4003,2010,1,1,0,0,0,0,0,0,0,0
4003,2014,1,0,0,0,0,0,1,0,0,0
4029,2014,3,3,1,0,0,0,0,0,0,0
4029,2016,6,6,1,0,0,0,0,0,0,0
4035,2008,2,1,0,0,0,0,0,0,0,1
4055,2015,2,2,0,0,0,0,0,0,1,0
4055,2016,1,1,1,0,0,0,0,0,0,0
4076,2001,1,0,0,0,0,0,1,0,0,0
4076,2002,2,1,1,0,0,0,0,0,0,1
4087,2015,1,1,0,0,0,0,0,0,0,0
4087,2016,2,2,1,1,0,0,0,0,1,0
4095,2006,3,3,2,1,0,0,0,0,0,0
4102,2001,5,4,2,0,0,2,1,0,0,0
4102,2002,6,6,3,1,0,1,0,0,0,0
4102,2003,1,0,0,0,0,0,1,0,0,0
4102,2007,3,2,0,0,0,0,1,0,1,0
4105,2000,3,3,0,0,0,0,0,0,1,0
4106,2004,3,3,1,1,0,0,0,0,0,0
4106,2005,1,1,0,0,0,0,0,0,0,0
4106,2006,2,2,2,0,0,1,0,0,0,0
4106,2007,2,2,0,0,0,0,0,0,2,0
4106,2008,2,2,0,0,0,0,0,0,0,0
4109,2011,2,2,2,0,0,1,0,0,0,0
4110,2016,2,2,1,0,0,1,0,0,1,0
4132,2011,1,1,0,0,0,0,0,0,0,0
4132,2015,1,1,0,0,0,0,0,0,0,0
4137,2015,2,2,1,1,0,0,0,0,1,0
4159,2015,3,3,1,1,0,0,0,0,0,0
4163,2007,1,1,1,1,0,0,0,0,0,0
4163,2009,3,3,0,0,0,0,0,0,0,0
4164,2010,1,0,0,0,0,0,1,0,0,0
4164,2011,1,1,0,0,0,0,0,0,0,0
4170,2009,3,2,1,1,0,0,1,0,0,0
4170,2010,6,5,0,0,0,0,1,0,3,0
4170,2011,3,3,2,0,0,1,0,0,1,0
4170,2012,3,3,1,1,0,0,0,0,0,0
4173,2003,9,9,2,1,0,1,0,0,2,0
4173,2004,4,3,1,1,0,0,1,0,0,0
4180,2009,3,3,0,0,0,0,0,0,2,0
4180,2010,2,2,0,0,0,0,0,0,1,0
4180,2011,3,2,2,0,0,0,1,0,0,0
4182,2012,2,1,0,0,0,0,1,0,0,0
4182,2013,3,3,0,0,0,0,0,0,0,0
4182,2014,3,2,0,0,0,0,1,0,2,0
4182,2015,10,9,3,0,0,1,1,0,1,0
4182,2016,3,3,0,0,0,0,0,0,0,0
4203,1998,3,3,2,0,0,1,0,0,0,0
4207,2016,2,1,0,0,0,0,1,0,0,0
4219,2003,2,2,1,0,0,1,0,0,1,0
4219,2004,3,3,0,0,0,0,0,0,3,0
4219,2005,4,3,0,0,0,0,1,0,1,0
4219,2006,3,2,2,0,0,1,1,0,0,0
4231,2012,1,1,1,0,0,0,0,0,0,0
4235,2009,1,1,0,0,0,0,0,0,0,0
4243,2015,1,1,1,0,0,0,0,0,0,0
4249,2005,1,1,0,0,0,0,0,0,0,0
4249,2011,1,1,1,1,0,0,0,0,0,0
4283,2015,3,2,0,0,0,0,1,0,1,0
4283,2016,3,2,0,0,0,0,1,0,2,0
4288,2011,2,2,1,0,0,0,0,0,0,0
4288,2012,1,1,0,0,0,0,0,0,1,0
4289,2016,3,3,2,1,0,1,0,0,0,0
4292,2014,3,3,0,0,0,0,0,0,1,0
4292,2015,3,3,0,0,0,0,0,0,1,0
4292,2016,2,2,1,1,0,0,0,0,0,0
4326,2007,1,1,1,0,0,0,0,0,0,0
4327,2014,5,4,1,0,0,0,1,0,1,0
4327,2015,3,3,2,0,0,1,0,0,0,0
4336,2004,2,2,0,0,0,0,0,0,0,0
4336,2005,2,2,1,0,0,0,0,0,1,0
4336,2006,1,1,0,0,0,0,0,0,1,0
4336,2010,2,2,0,0,0,0,0,0,1,0
4336,2011,3,2,0,0,0,0,1,0,1,0
4336,2012,1,0,0,0,0,0,1,0,0,0
4337,2014,4,4,1,0,0,0,0,0,1,0
4337,2016,4,4,1,0,1,0,0,0,0,0
4344,2005,4,4,1,1,0,0,0,0,0,0
4344,2007,3,3,0,0,0,0,0,0,3,0
4344,2009,3,3,0,0,0,0,0,0,1,0
4344,2010,3,3,1,1,0,0,0,0,1,0
4344,2016,2,2,0,0,0,0,0,0,2,0
4350,2012,3,2,1,0,0,1,1,0,1,0
4350,2013,7,6,2,1,0,0,1,0,1,0
4350,2016,5,5,0,0,0,0,0,0,0,0
4361,2006,2,0,0,0,0,0,2,0,0,0
4361,2008,1,0,0,0,0,0,1,0,0,0
4361,2014,2,2,0,0,0,0,0,0,1,0
4361,2015,2,2,0,0,0,0,0,0,0,0
4361,2016,2,2,0,0,0,0,0,0,0,0
4364,2000,3,3,0,0,0,0,0,0,0,0
4364,2001,3,3,0,0,0,0,0,0,0,0
4364,2002,3,2,2,1,0,0,1,0,0,0
4364,2003,1,1,0,0,0,0,0,0,0,0
4364,2004,5,4,2,0,0,0,1,0,0,0
4365,2013,2,2,2,1,1,0,0,0,0,0
4372,2000,2,2,0,0,0,0,0,0,0,0
4372,2002,3,2,0,0,0,0,0,1,0,0
4372,2004,3,3,0,0,0,0,0,0,1,0
4372,2005,3,3,2,0,0,1,0,0,0,0
4397,2015,2,1,0,0,0,0,1,0,0,0
4399,2004,2,2,0,0,0,0,0,0,1,0
4399,2005,1,1,0,0,0,0,0,0,0,0
4399,2009,1,1,1,0,0,1,0,0,0,0
4412,2004,1,1,1,0,0,0,0,0,0,0
4412,2005,1,0,0,0,0,0,1,0,0,0
4412,2006,1,1,1,0,0,1,0,0,0,0
4412,2007,1,1,1,0,0,1,0,0,0,0
4412,2009,1,1,0,0,0,0,0,0,0,0
4439,1997,1,1,0,0,0,0,0,0,0,0
4439,1998,2,2,1,1,0,0,0,0,0,0
4449,2006,1,1,1,0,0,0,0,0,0,0
4449,2007,9,8,2,2,0,0,1,0,2,0
4449,2008,6,6,2,2,0,0,0,0,1,0
4449,2009,12,8,2,0,0,2,2,1,2,1
4449,2010,9,8,3,1,0,1,1,0,1,0
4449,2011,8,7,3,0,0,0,1,0,0,0
4449,2013,3,3,0,0,0,0,0,0,1,0
4449,2014,3,3,2,0,0,0,0,0,0,0
4450,2000,1,1,1,0,0,0,0,0,0,0
4454,2010,1,1,1,0,0,0,0,0,0,0
4468,1998,4,3,2,1,0,0,1,0,0,0
4495,2012,1,1,0,0,0,0,0,0,0,0
4495,2014,1,1,0,0,0,0,0,0,0,0
4510,2001,2,2,0,0,0,0,0,0,0,0
4510,2003,1,1,0,0,0,0,0,0,0,0
4510,2004,10,10,3,1,0,0,0,0,3,0
4510,2006,2,2,0,0,0,0,0,0,0,0
4513,2014,2,2,0,0,0,0,0,0,0,0
4530,2001,6,6,1,1,0,0,0,0,1,0
4530,2002,6,6,1,0,0,0,0,0,0,0
4530,2003,18,18,7,2,0,2,0,0,4,0
4530,2004,12,11,3,1,0,1,1,0,3,0
4530,2005,10,9,4,0,0,2,1,0,0,0
4530,2006,9,8,0,0,0,0,0,1,1,0
4530,2007,16,14,5,2,0,0,2,0,1,0
4530,2008,18,16,3,0,0,0,2,0,2,0
4530,2009,14,11,3,0,0,1,1,1,4,1
4536,2004,3,3,2,2,0,0,0,0,0,0
4536,2006,1,1,0,0,0,0,0,0,1,0
4540,2011,1,1,0,0,0,0,0,0,0,0
4543,2010,3,3,0,0,0,0,0,0,1,0
4543,2015,3,3,0,0,0,0,0,0,2,0
4552,2000,3,1,1,0,0,0,2,0,0,0
4559,2003,1,1,0,0,0,0,0,0,0,0
4559,2004,2,2,1,0,0,0,0,0,1,0
4561,2006,3,3,3,0,0,1,0,0,0,0
4561,2007,4,4,2,0,0,0,0,0,2,0
4561,2008,1,1,0,0,0,0,0,0,0,0
4561,2010,2,2,1,0,0,0,0,0,0,0
4561,2012,6,4,0,0,0,0,2,0,2,0
4561,2013,3,3,3,0,0,1,0,0,0,0
4585,1998,7,6,3,0,0,1,1,0,2,0
4598,2011,1,1,0,0,0,0,0,0,0,0
4608,2009,2,2,1,0,0,0,0,0,1,0
4608,2013,3,3,0,0,0,0,0,0,2,0
4610,2011,3,2,0,0,0,0,1,0,0,0
4610,2014,9,8,2,1,0,0,1,0,2,0
4610,2015,3,3,1,0,0,0,0,0,0,0
4610,2016,6,5,1,0,0,0,1,0,0,0
4611,2002,3,3,1,0,0,0,0,0,0,0
4611,2005,3,3,2,2,0,0,0,0,1,0
4611,2013,3,3,2,1,0,1,0,0,0,0
4611,2014,3,2,0,0,0,0,1,0,1,0
4612,2015,1,1,1,0,0,0,0,0,0,0
4619,2003,2,1,1,0,0,1,1,0,0,0
4619,2004,3,3,3,1,0,1,0,0,0,0
4619,2008,9,5,1,0,0,0,4,0,3,0
4620,2005,5,5,2,0,0,0,0,0,0,0
4620,2006,6,6,1,0,1,0,0,0,0,0
4620,2007,3,2,1,0,0,1,1,0,0,0
4620,2010,5,4,3,0,0,2,1,0,1,0
4620,2011,6,6,1,0,0,0,0,0,0,0
4620,2015,3,2,0,0,0,0,1,0,1,0
4625,2005,1,1,0,0,0,0,0,0,0,0
4637,2003,2,2,1,0,0,0,0,0,1,0
4637,2004,3,2,1,0,0,0,1,0,0,0
4637,2005,5,5,1,0,0,1,0,0,3,0
4637,2006,1,1,0,0,0,0,0,0,0,0
4665,2010,1,1,0,0,0,0,0,0,1,0
4666,2008,3,3,1,0,0,0,0,0,1,0
4666,2010,2,1,0,0,0,0,1,0,0,0
4666,2011,9,8,5,1,0,0,1,0,2,0
4678,2015,1,1,1,0,0,1,0,0,0,0
4685,2016,3,3,0,0,0,0,0,0,0,0
4701,2003,1,0,0,0,0,0,1,0,0,0
4701,2006,3,3,1,0,0,1,0,0,0,0
4705,2015,2,2,1,0,0,0,0,0,0,0
4708,1997,2,2,1,0,0,0,0,0,0,0
4708,2000,1,1,0,0,0,0,0,0,0,0
4708,2001,1,1,1,1,0,0,0,0,0,0
4708,2003,2,2,0,0,0,0,0,0,2,0
4708,2004,1,0,0,0,0,0,0,0,0,1
4708,2005,1,1,0,0,0,0,0,0,1,0
4715,2012,2,2,1,0,0,1,0,0,1,0
4731,2006,2,1,0,0,0,0,1,0,0,0
4731,2008,1,1,0,0,0,0,0,0,0,0
4731,2011,1,1,0,0,0,0,0,0,0,0
4731,2015,1,1,0,0,0,0,0,0,0,0
4744,1998,7,5,1,0,0,0,2,0,0,0
4744,2000,3,3,0,0,0,0,0,0,0,0
4757,2015,3,3,1,0,0,1,0,0,1,0
4785,2010,1,1,0,0,0,0,0,0,0,0
4801,2011,12,10,4,0,1,0,2,0,0,0
4801,2012,13,9,3,0,0,2,4,0,0,0
4801,2013,6,5,2,1,0,1,1,0,1,0
4801,2014,2,2,1,1,0,0,0,0,0,0
4803,1998,7,6,2,1,0,0,1,0,3,0
4803,2000,3,3,0,0,0,0,0,0,0,0
4803,2001,3,3,1,1,0,0,0,0,0,0
4803,2003,6,6,3,1,0,1,0,0,1,0
4823,2012,2,1,0,0,0,0,1,0,0,0
4823,2014,2,2,1,0,0,0,0,0,0,0
4823,2015,4,4,0,0,0,0,0,0,2,0
4825,2003,6,5,0,0,0,0,1,0,0,0
4825,2004,10,9,3,0,0,0,1,0,2,0
4825,2005,4,3,1,0,0,0,0,0,2,1
4825,2006,3,2,0,0,0,0,1,0,0,0
4825,2009,10,9,1,1,0,0,1,0,3,0
4825,2010,7,6,1,0,0,0,0,1,1,0
4825,2011,1,1,1,0,0,0,0,0,0,0
4839,2007,5,3,1,0,0,0,2,0,1,0
4839,2009,1,1,1,0,0,0,0,0,0,0
4845,2000,1,1,0,0,0,0,0,0,1,0
4845,2001,5,5,1,1,0,0,0,0,2,0
4857,1998,9,7,1,0,0,0,2,0,0,0
4857,2000,3,3,0,0,0,0,0,0,0,0
4857,2001,3,3,0,0,0,0,0,0,1,0
4857,2003,6,6,2,0,0,2,0,0,0,0
4857,2004,3,2,1,0,0,1,1,0,0,0
4862,2000,1,1,0,0,0,0,0,0,1,0
4862,2002,1,1,0,0,0,0,0,0,1,0
4862,2003,1,1,0,0,0,0,0,0,0,0
4862,2004,5,3,1,1,0,0,2,0,1,0
4863,2000,4,4,3,1,0,0,0,0,0,0
4863,2001,3,3,0,0,0,0,0,0,1,0
4869,2004,1,1,1,0,0,0,0,0,0,0
4871,2003,1,0,0,0,0,0,1,0,0,0
4871,2005,1,0,0,0,0,0,1,0,0,0
4871,2006,1,1,0,0,0,0,0,0,0,0
4886,2009,11,10,2,2,0,0,1,0,1,0
4886,2010,5,4,0,0,0,0,1,0,1,0
4887,2010,1,1,1,0,0,0,0,0,0,0
4896,2006,3,3,1,0,0,0,0,0,1,0
4896,2007,6,5,2,0,0,0,1,0,0,0
4896,2008,4,3,1,0,0,1,1,0,2,0
4896,2009,3,2,0,0,0,0,1,0,0,0
4896,2010,3,3,0,0,0,0,0,0,1,0
4896,2011,9,7,2,1,0,0,2,0,1,0
4896,2012,4,4,1,0,0,0,0,0,1,0
4896,2013,6,4,3,0,0,0,1,0,1,1
4896,2014,6,5,3,1,0,0,1,0,0,0
4896,2015,5,3,3,0,0,1,1,0,0,1
4910,2006,2,2,1,0,0,0,0,0,0,0
4910,2008,3,3,1,0,0,0,0,0,0,0
4916,2000,3,3,2,1,0,1,0,0,0,0
4916,2001,3,2,0,0,0,0,1,0,0,0
4916,2004,2,2,1,0,0,0,0,0,0,0
4916,2005,3,2,0,0,0,0,1,0,1,0
4918,2013,5,5,1,0,0,0,0,0,2,0
4920,1998,1,0,0,0,0,0,1,0,0,0
4920,2000,4,4,1,0,0,0,0,0,1,0
4920,2001,1,1,1,1,0,0,0,0,0,0
4922,2002,3,2,1,1,0,0,1,0,0,0
4922,2005,3,2,1,1,0,0,1,0,0,0
4922,2006,3,2,0,0,0,0,1,0,0,0
4929,1998,1,1,0,0,0,0,0,0,0,0
4933,2002,2,2,0,0,0,0,0,0,1,0
4935,2011,1,1,1,0,0,0,0,0,0,0
4939,2010,2,1,0,0,0,0,1,0,1,0
4939,2011,1,1,1,0,0,1,0,0,0,0
4946,2014,1,1,1,1,0,0,0,0,0,0
4946,2015,1,1,1,0,0,0,0,0,0,0
4946,2016,3,3,1,0,0,0,0,0,0,0
4956,1997,3,3,0,0,0,0,0,0,1,0
4996,2001,2,1,0,0,0,0,1,0,1,0
5012,1998,1,0,0,0,0,0,0,0,0,1
5012,1999,1,0,0,0,0,0,1,0,0,0
5016,2009,3,3,2,1,0,0,0,0,1,0
5016,2014,2,2,0,0,0,0,0,0,2,0
5019,2006,4,3,2,0,0,1,1,0,1,0
5045,2003,1,1,0,0,0,0,0,0,0,0
5053,2008,6,4,1,0,0,0,2,0,0,0
5053,2009,6,5,2,0,0,1,1,0,1,0
5053,2011,3,3,0,0,0,0,0,0,1,0
5053,2013,1,1,0,0,0,0,0,0,0,0
5053,2015,1,1,1,0,0,0,0,0,0,0
5069,2006,1,0,0,0,0,0,1,0,0,0
5069,2007,1,0,0,0,0,0,1,0,0,0
5079,2007,1,1,0,0,0,0,0,0,1,0
5093,2009,5,3,1,0,0,0,2,0,0,0
5093,2011,2,2,0,0,0,0,0,0,1,0
5093,2012,3,3,1,1,0,0,0,0,1,0
5093,2013,6,6,1,0,0,0,0,0,0,0
5094,2011,2,1,0,0,0,0,1,0,0,0
5094,2015,1,0,0,0,0,0,1,0,0,0
5108,2002,1,1,0,0,0,0,0,0,1,0
5121,1998,1,1,0,0,0,0,0,0,0,0
5121,2000,2,2,1,1,0,0,0,0,1,0
5121,2001,1,1,0,0,0,0,0,0,0,0
5137,2014,1,1,0,0,0,0,0,0,0,0
5149,2013,2,2,2,0,0,1,0,0,0,0
5177,2014,6,6,1,1,0,0,0,0,0,0
5203,2006,3,3,1,0,0,1,0,0,0,0
5203,2007,1,1,0,0,0,0,0,0,0,0
5203,2008,6,5,0,0,0,0,0,0,1,0
5203,2009,4,4,1,0,0,0,0,0,0,0
5203,2011,4,3,1,0,0,0,1,0,1,0
5203,2012,3,1,1,0,0,0,2,0,0,0
5209,1998,1,1,1,1,0,0,0,0,0,0
5209,1999,1,1,0,0,0,0,0,0,1,0
5209,2000,1,1,0,0,0,0,0,0,0,0
5209,2002,1,1,0,0,0,0,0,0,0,0
5234,2016,1,1,0,0,0,0,0,0,0,0
5240,2005,2,2,0,0,0,0,0,0,1,0
5240,2006,9,7,1,0,0,0,2,0,0,0
5243,1999,3,3,0,0,0,0,0,0,2,0
5243,2000,9,9,3,1,0,1,0,0,0,0
5243,2002,3,3,1,0,0,0,0,0,2,0
5243,2003,3,3,0,0,0,0,0,0,2,0
5243,2004,5,5,3,2,0,0,0,0,1,0
5243,2005,3,2,1,0,0,0,1,0,0,0
5243,2006,3,3,0,0,0,0,0,0,2,0
5243,2007,6,6,2,1,0,1,0,0,0,0
5246,2010,6,6,2,0,0,0,0,0,2,0
5246,2011,2,1,0,0,0,0,1,0,0,0
5246,2013,2,2,1,1,0,0,0,0,0,0
5246,2014,2,2,0,0,0,0,0,0,1,0
5258,2009,4,2,2,2,0,0,2,0,0,0
5258,2010,11,10,3,0,0,1,0,0,2,1
5258,2011,6,5,3,1,0,1,1,0,1,0
5258,2012,3,3,1,0,0,0,0,0,0,0
5258,2013,3,2,0,0,0,0,1,0,2,0
5258,2014,7,7,1,0,0,0,0,0,1,0
5258,2015,6,6,2,2,0,0,0,0,0,0
5270,2011,5,5,1,0,0,0,0,0,1,0
5270,2012,3,2,1,0,0,0,1,0,0,0
5270,2013,3,3,3,0,0,1,0,0,0,0
5293,2008,2,2,1,0,0,1,0,0,1,0
5293,2009,3,3,1,0,0,0,0,0,0,0
5293,2010,5,5,1,0,0,1,0,0,1,0
5293,2011,6,6,2,1,0,0,0,0,2,0
5293,2012,5,5,2,0,0,1,0,0,1,0
5293,2013,3,3,0,0,0,0,0,0,0,0
5293,2014,3,2,0,0,0,0,1,0,0,0
5293,2015,1,1,0,0,0,0,0,0,1,0
5312,2012,3,3,0,0,0,0,0,0,1,0
5312,2014,8,7,0,0,0,0,1,0,2,0
5312,2015,10,9,5,0,0,1,0,0,1,1
5327,2007,3,3,0,0,0,0,0,0,0,0
5349,1998,6,6,1,0,0,0,0,0,1,0
5361,2000,2,2,0,0,0,0,0,0,0,0
5361,2001,1,0,0,0,0,0,1,0,0,0
5364,2013,5,5,2,1,0,1,0,0,2,0
5364,2014,4,3,2,0,0,1,1,0,1,0
5364,2016,6,5,1,0,0,1,1,0,1,0
5384,2006,2,0,0,0,0,0,2,0,0,0
5384,2007,12,9,4,1,0,1,3,0,1,0
5384,2008,6,5,2,1,0,0,1,0,0,0
5384,2009,3,3,1,0,0,0,0,0,0,0
5384,2010,3,3,2,0,0,1,0,0,1,0
5384,2014,3,2,0,0,0,0,1,0,0,0
5389,2016,1,0,0,0,0,0,1,0,0,0
5392,1997,1,1,1,0,0,0,0,0,0,0
5402,2008,4,3,2,1,0,1,1,0,0,0
5407,1997,1,1,0,0,0,0,0,0,0,0
5416,2009,1,1,0,0,0,0,0,0,0,0
5416,2011,2,2,0,0,0,0,0,0,0,0
5438,2007,1,1,0,0,0,0,0,0,0,0
5438,2009,4,3,0,0,0,0,1,0,0,0
5438,2010,2,2,0,0,0,0,0,0,1,0
5438,2011,3,2,0,0,0,0,1,0,1,0
5438,2012,1,1,0,0,0,0,0,0,1,0
5438,2013,4,4,1,1,0,0,0,0,0,0
5438,2014,3,3,0,0,0,0,0,0,1,0
5444,2004,2,2,2,1,0,1,0,0,0,0
5471,2005,1,1,1,0,0,1,0,0,0,0
5471,2006,1,1,0,0,0,0,0,0,0,0
5471,2008,1,0,0,0,0,0,1,0,0,0
5472,2013,1,1,0,0,0,0,0,0,0,0
5472,2014,1,1,0,0,0,0,0,0,1,0
5479,2015,1,1,0,0,0,0,0,0,1,0
5479,2016,4,3,1,1,0,0,1,0,1,0
5480,2004,4,4,1,1,0,0,0,0,0,0
5480,2008,3,3,0,0,0,0,0,0,1,0
5480,2009,1,1,0,0,0,0,0,0,0,0
5487,2009,3,3,1,0,0,0,0,0,1,0
5487,2010,3,2,1,1,0,0,1,0,0,0
5487,2013,2,2,0,0,0,0,0,0,0,0
5487,2014,2,2,1,0,0,0,0,0,1,0
5487,2015,2,1,0,0,0,0,1,0,0,0
5487,2016,2,2,1,0,0,0,0,0,0,0
5505,2004,1,1,1,1,0,0,0,0,0,0
5515,2010,3,3,0,0,0,0,0,0,1,0
5515,2012,3,2,0,0,0,0,1,0,0,0
5515,2014,8,6,2,0,0,1,2,0,1,0
5515,2015,11,8,0,0,0,0,2,0,2,1
5515,2016,9,6,2,0,0,1,3,0,1,0
5539,1998,1,1,0,0,0,0,0,0,0,0
5549,2014,3,3,0,0,0,0,0,0,1,0
5549,2016,3,3,1,0,0,0,0,0,0,0
5560,2002,3,3,0,0,0,0,0,0,2,0
5560,2003,15,14,1,0,0,0,1,0,2,0
5560,2004,3,3,2,1,0,0,0,0,0,0
5560,2005,8,6,1,1,0,0,2,0,1,0
5561,2003,2,2,1,0,0,0,0,0,0,0
5562,2006,3,3,1,0,0,1,0,0,0,0
5562,2012,3,3,0,0,0,0,0,0,0,0
5562,2013,2,1,0,0,0,0,1,0,0,0
5563,2007,1,1,1,0,0,0,0,0,0,0
5563,2008,2,2,1,1,0,0,0,0,0,0
5563,2009,2,2,0,0,0,0,0,0,0,0
5563,2010,2,2,0,0,0,0,0,0,0,0
5563,2011,3,3,1,0,0,0,0,0,1,0
5563,2012,2,2,1,0,0,0,0,0,0,0
5563,2013,3,3,2,0,0,0,0,0,0,0
5563,2014,1,1,1,0,0,0,0,0,0,0
5588,2005,18,18,3,2,0,0,0,0,4,0
5588,2006,10,7,1,1,0,0,2,0,3,1
5622,2000,1,1,1,1,0,0,0,0,0,0
5628,2003,1,1,0,0,0,0,0,0,0,0
5628,2007,2,2,1,0,0,1,0,0,0,0
5649,2012,1,1,0,0,0,0,0,0,0,0
5649,2016,1,1,0,0,0,0,0,0,0,0
5665,1999,2,2,0,0,0,0,0,0,0,0
5665,2000,1,1,0,0,0,0,0,0,0,0
5665,2001,1,1,1,0,0,0,0,0,0,0
5665,2007,2,1,0,0,0,0,1,0,1,0
5665,2008,1,1,1,0,0,1,0,0,0,0
5683,2013,1,0,0,0,0,0,1,0,0,0
5697,1997,3,3,0,0,0,0,0,0,3,0
5701,2002,1,0,0,0,0,0,1,0,0,0
5701,2003,2,1,0,0,0,0,1,0,0,0
5701,2004,4,3,0,0,0,0,1,0,1,0
5701,2005,4,4,1,0,0,1,0,0,0,0
5712,2009,6,6,3,0,0,2,0,0,1,0
5712,2012,3,3,0,0,0,0,0,0,0,0
5733,1998,1,0,0,0,0,0,1,0,0,0
5737,2000,1,1,0,0,0,0,0,0,0,0
5739,2015,3,2,1,0,0,1,1,0,0,0
5743,2007,3,3,2,1,0,1,0,0,0,0
5744,1998,1,1,0,0,0,0,0,0,0,0
5744,2000,4,3,0,0,0,0,1,0,1,0
5744,2005,1,1,0,0,0,0,0,0,0,0
5752,2009,3,3,0,0,0,0,0,0,2,0
5757,2004,2,2,1,0,0,0,0,0,1,0
5757,2005,15,12,2,0,0,0,3,0,4,0
5757,2006,13,12,2,1,0,1,1,0,4,0
5757,2007,12,11,2,0,0,0,1,0,1,0
5757,2008,2,2,1,0,0,1,0,0,0,0
5757,2009,6,5,1,0,0,0,1,0,1,0
5757,2010,3,2,1,0,0,0,1,0,0,0
5757,2013,3,2,0,0,0,0,1,0,1,0
5757,2015,3,3,2,1,0,0,0,0,0,0
5770,2005,2,1,0,0,0,0,1,0,0,0
5797,2012,1,1,0,0,0,0,0,0,0,0
5797,2014,1,1,0,0,0,0,0,0,0,0
5815,2010,4,3,1,1,0,0,1,0,0,0
5819,2010,3,3,1,0,0,1,0,0,0,0
5819,2016,6,6,3,1,0,0,0,0,0,0
5820,2001,3,3,0,0,0,0,0,0,0,0
5820,2003,2,1,1,0,0,0,1,0,0,0
5820,2005,3,3,1,0,0,1,0,0,0,0
5820,2007,4,3,1,0,0,0,1,0,2,0
5846,2003,1,1,0,0,0,0,0,0,0,0
5846,2004,4,4,1,0,0,0,0,0,1,0
5851,2013,1,1,1,0,0,0,0,0,0,0
5851,2014,3,2,1,0,0,0,1,0,1,0
5851,2016,3,3,1,1,0,0,0,0,1,0
5852,1998,1,1,0,0,0,0,0,0,0,0
5856,2004,2,2,0,0,0,0,0,0,0,0
5867,2003,1,1,0,0,0,0,0,0,1,0
5883,2012,1,1,0,0,0,0,0,0,0,0
5911,2014,1,1,1,0,0,0,0,0,0,0
5911,2016,1,1,0,0,0,0,0,0,0,0
5924,2013,3,2,1,0,0,1,1,0,1,0
5938,2015,3,2,0,0,0,0,1,0,1,0
5948,2003,1,1,0,0,0,0,0,0,0,0
5948,2005,4,3,1,0,0,0,1,0,0,0
5953,2013,3,3,0,0,0,0,0,0,0,0
5953,2014,6,5,2,0,0,1,1,0,0,0
5953,2015,3,3,1,0,0,1,0,0,2,0
5953,2016,6,5,1,1,0,0,1,0,2,0
5974,2004,1,0,0,0,0,0,1,0,0,0
5985,2000,3,3,0,0,0,0,0,0,2,0
5985,2001,4,2,0,0,0,0,2,0,0,0
5985,2002,1,1,0,0,0,0,0,0,0,0
5985,2003,2,0,0,0,0,0,2,0,0,0
5990,2015,3,3,2,1,0,1,0,0,1,0
5994,2000,1,1,1,1,0,0,0,0,0,0
5996,2010,2,1,0,0,0,0,1,0,1,0
5996,2013,1,1,0,0,0,0,0,0,0,0
5999,2005,1,1,0,0,0,0,0,0,1,0
6005,2002,1,1,0,0,0,0,0,0,0,0
6069,2015,1,1,1,0,0,0,0,0,0,0
6084,1997,2,2,0,0,0,0,0,0,1,0
6098,2010,1,1,0,0,0,0,0,0,1,0
6099,2010,3,1,0,0,0,0,1,0,1,1
6099,2012,3,2,2,0,0,0,1,0,0,0
6099,2013,15,14,8,4,0,1,1,0,2,0
6099,2014,6,6,1,0,0,0,0,0,0,0
6118,2002,3,3,0,0,0,0,0,0,2,0
6118,2003,6,6,3,2,0,0,0,0,1,0
6118,2004,5,4,2,0,1,1,1,0,0,0
6118,2005,7,5,1,0,0,0,2,0,0,0
6118,2006,3,2,1,1,0,0,1,0,1,0
6118,2007,6,6,3,0,0,1,0,0,2,0
6118,2008,4,4,0,0,0,0,0,0,0,0
6118,2009,3,3,1,0,0,0,0,0,1,0
6127,2009,3,3,1,1,0,0,0,0,0,0
6127,2011,4,4,1,0,0,0,0,0,0,0
6127,2012,3,3,1,1,0,0,0,0,0,0
6148,2009,3,3,1,0,0,0,0,0,0,0
6201,2000,1,1,0,0,0,0,0,0,0,0
6229,2011,3,3,0,0,0,0,0,0,1,0
6229,2014,3,3,1,0,0,0,0,0,1,0
6240,2016,1,1,0,0,0,0,0,0,0,0
6248,2004,2,2,0,0,0,0,0,0,0,0
6261,2016,2,2,1,0,0,0,0,0,0,0
6271,2005,3,3,2,1,0,0,0,0,0,0
6271,2006,1,1,0,0,0,0,0,0,0,0
6271,2008,1,1,0,0,0,0,0,0,1,0
6271,2009,4,4,1,0,0,0,0,0,0,0
6271,2010,3,3,1,0,0,1,0,0,1,0
6271,2011,1,1,0,0,0,0,0,0,0,0
6273,2014,3,3,2,0,0,0,0,0,1,0
6279,2011,2,2,2,1,0,0,0,0,0,0
6279,2016,3,3,1,1,0,0,0,0,1,0
6280,2016,1,0,0,0,0,0,1,0,0,0
6282,2014,1,0,0,0,0,0,1,0,0,0
6285,2003,4,4,1,0,0,0,0,0,0,0
6285,2004,3,3,1,0,0,0,0,0,0,0
6285,2006,1,1,1,0,0,0,0,0,0,0
6292,2004,3,3,0,0,0,0,0,0,1,0
6292,2005,6,6,3,2,0,0,0,0,0,0
6292,2006,3,3,0,0,0,0,0,0,2,0
6292,2007,3,2,0,0,0,0,1,0,0,0
6292,2008,4,4,1,1,0,0,0,0,2,0
6292,2009,3,3,1,0,0,0,0,0,0,0
6292,2010,4,4,1,0,0,0,0,0,1,0
6292,2012,4,4,0,0,0,0,0,0,1,0
6292,2013,3,3,0,0,0,0,0,0,0,0
6316,2013,2,2,1,0,0,0,0,0,0,0
6326,2004,3,3,0,0,0,0,0,0,1,0
6329,2007,6,5,3,2,0,1,1,0,0,0
6332,2002,1,1,0,0,0,0,0,0,0,0
6332,2005,7,5,2,1,0,0,1,0,1,1
6356,2014,2,1,0,0,0,0,1,0,1,0
6356,2016,1,1,1,0,0,0,0,0,0,0
6369,2007,2,1,1,0,0,0,1,0,0,0
6369,2009,3,3,2,0,0,1,0,0,0,0
6380,2000,4,3,0,0,0,0,1,0,2,0
6380,2002,2,2,0,0,0,0,0,0,0,0
6380,2003,2,2,1,1,0,0,0,0,0,0
6382,2003,2,1,1,0,0,1,1,0,0,0
6386,2002,2,2,1,0,0,1,0,0,0,0
6386,2003,3,2,1,0,0,1,1,0,0,0
6386,2010,7,7,1,0,0,0,0,0,3,0
6386,2011,5,4,2,0,0,1,1,0,1,0
6386,2012,3,3,1,0,0,0,0,0,0,0
6391,2008,2,2,0,0,0,0,0,0,0,0
6391,2009,3,3,0,0,0,0,0,0,1,0
6391,2010,2,1,0,0,0,0,1,0,0,0
6396,2010,1,1,0,0,0,0,0,0,1,0
6396,2011,1,1,1,1,0,0,0,0,0,0
6412,2003,1,0,0,0,0,0,1,0,0,0
6413,2001,3,3,1,0,0,0,0,0,1,0
6413,2002,6,6,1,1,0,0,0,0,2,0
6413,2003,8,8,3,1,0,1,0,0,1,0
6413,2006,6,4,1,0,0,0,2,0,1,0
6414,2000,3,2,0,0,0,0,1,0,0,0
6414,2004,9,8,4,0,0,2,1,0,0,0
6414,2005,3,3,0,0,0,0,0,0,1,0
6414,2006,3,3,1,0,0,1,0,0,0,0
6418,2003,5,5,2,0,0,2,0,0,3,0
6418,2004,3,2,1,1,0,0,1,0,1,0
6423,2003,3,2,0,0,0,0,1,0,1,0
6423,2004,14,12,1,1,0,0,1,1,4,0
6423,2005,13,12,4,1,0,1,1,0,2,0
6423,2006,8,7,2,0,0,1,1,0,3,0
6425,2000,3,3,1,1,0,0,0,0,0,0
6425,2001,3,3,0,0,0,0,0,0,1,0
6425,2002,1,1,0,0,0,0,0,0,0,0
6429,2013,1,1,0,0,0,0,0,0,0,0
6431,2010,2,2,1,0,0,1,0,0,1,0
6431,2013,3,3,0,0,0,0,0,0,0,0
6431,2016,3,3,1,0,0,0,0,0,0,0
6444,2013,1,1,0,0,0,0,0,0,0,0
6444,2014,1,1,0,0,0,0,0,0,0,0
6450,2004,1,1,0,0,0,0,0,0,1,0
6450,2007,1,1,0,0,0,0,0,0,0,0
6450,2009,1,1,0,0,0,0,0,0,0,0
6450,2010,1,1,1,0,0,0,0,0,0,0
6461,2009,3,3,1,1,0,0,0,0,1,0
6461,2011,3,2,0,0,0,0,1,0,0,0
6468,2007,8,6,2,1,0,0,1,0,1,1
6468,2008,9,8,0,0,0,0,1,0,2,0
6468,2010,3,2,1,0,0,1,1,0,0,0
6468,2011,7,6,2,0,0,1,1,0,0,0
6481,2007,2,2,2,1,0,0,0,0,0,0
6486,2007,2,2,1,0,0,1,0,0,0,0
6486,2008,3,3,3,2,0,0,0,0,0,0
6486,2009,1,0,0,0,0,0,0,1,0,0
6489,1998,2,1,1,0,0,0,1,0,0,0
6492,1998,3,3,1,0,0,0,0,0,1,0
6492,2000,13,11,4,2,0,0,2,0,2,0
6492,2001,6,6,4,0,0,0,0,0,0,0
6492,2002,3,3,2,0,0,0,0,0,1,0
6492,2003,3,2,0,0,0,0,1,0,1,0
6492,2004,3,1,0,0,0,0,2,0,0,0
6492,2006,3,2,1,1,0,0,1,0,1,0
6511,2005,2,2,1,0,0,0,0,0,0,0
6511,2006,5,4,0,0,0,0,1,0,0,0
6511,2007,4,2,0,0,0,0,2,0,0,0
6511,2011,1,1,0,0,0,0,0,0,0,0
6513,2006,5,2,0,0,0,0,3,0,1,0
6513,2007,3,2,0,0,0,0,1,0,1,0
6513,2016,1,0,0,0,0,0,1,0,0,0
6518,2007,1,1,0,0,0,0,0,0,0,0
6518,2008,1,1,1,1,0,0,0,0,0,0
6518,2010,6,6,1,0,0,0,0,0,0,0
6518,2011,6,5,1,1,0,0,1,0,2,0
6518,2012,3,2,1,0,0,0,1,0,0,0
6518,2013,3,2,0,0,0,0,1,0,2,0
6522,2004,6,6,3,1,0,1,0,0,1,0
6522,2005,3,1,0,0,0,0,2,0,0,0
6554,2002,1,0,0,0,0,0,1,0,0,0
6557,1997,1,1,0,0,0,0,0,0,0,0
6557,2000,6,6,0,0,0,0,0,0,2,0
6557,2003,2,1,1,0,0,0,1,0,0,0
6558,2003,3,3,1,0,0,0,0,0,0,0
6558,2004,2,2,1,0,0,1,0,0,0,0
6558,2008,2,2,0,0,0,0,0,0,0,0
6569,2016,2,1,0,0,0,0,1,0,0,0
6586,2003,6,6,3,1,0,0,0,0,0,0
6586,2004,15,11,4,0,2,0,4,0,4,0
6586,2005,17,15,3,1,0,0,2,0,2,0
6586,2006,12,11,4,2,0,0,1,0,2,0
6586,2010,4,2,1,0,0,0,2,0,0,0
6591,2011,1,1,0,0,0,0,0,0,0,0
6591,2013,1,0,0,0,0,0,1,0,0,0
6601,2013,2,2,2,0,0,0,0,0,0,0
6601,2014,1,1,0,0,0,0,0,0,0,0
6601,2015,3,3,1,1,0,0,0,0,1,0
6603,2002,5,5,0,0,0,0,0,0,2,0
6612,1998,2,2,1,0,0,0,0,0,0,0
6612,2000,1,1,0,0,0,0,0,0,0,0
6612,2001,1,1,0,0,0,0,0,0,0,0
6612,2009,3,3,1,1,0,0,0,0,0,0
6612,2012,3,3,1,0,0,0,0,0,0,0
6612,2013,1,1,0,0,0,0,0,0,0,0
6617,2006,1,1,0,0,0,0,0,0,0,0
6617,2007,1,0,0,0,0,0,1,0,0,0
6617,2011,1,1,0,0,0,0,0,0,0,0
6619,1999,1,0,0,0,0,0,1,0,0,0
6619,2000,5,3,1,0,0,0,2,0,1,0
6619,2001,2,2,0,0,0,0,0,0,0,0
6624,2004,3,3,0,0,0,0,0,0,0,0
6640,2011,1,1,0,0,0,0,0,0,1,0
6645,2012,1,1,1,1,0,0,0,0,0,0
6646,2012,2,1,0,0,0,0,0,0,0,1
6646,2013,2,1,0,0,0,0,0,0,0,1
6651,2006,2,2,0,0,0,0,0,0,0,0
6676,2013,3,3,3,0,0,0,0,0,0,0
6682,2014,3,3,0,0,0,0,0,0,0,0
6685,2001,2,2,0,0,0,0,0,0,0,0
6685,2002,2,2,1,0,0,1,0,0,0,0
6685,2009,1,1,0,0,0,0,0,0,1,0
6697,2004,1,1,0,0,0,0,0,0,1,0
6707,2013,1,1,0,0,0,0,0,0,1,0
6735,2005,3,3,1,0,0,1,0,0,0,0
6735,2007,3,3,0,0,0,0,0,0,0,0
6745,2004,4,3,0,0,0,0,1,0,2,0
6748,2008,1,0,0,0,0,0,1,0,0,0
6749,2004,1,1,0,0,0,0,0,0,1,0
6749,2005,1,1,0,0,0,0,0,0,1,0
6749,2006,3,2,1,1,0,0,1,0,0,0
6760,2000,2,1,0,0,0,0,1,0,0,0
6760,2001,1,1,0,0,0,0,0,0,0,0
6768,2004,2,2,1,0,0,1,0,0,0,0
6768,2005,2,2,0,0,0,0,0,0,0,0
6768,2006,2,2,0,0,0,0,0,0,0,0
6768,2007,1,1,0,0,0,0,0,0,1,0
6768,2008,2,1,0,0,0,0,0,0,0,1
6768,2009,1,1,1,0,0,1,0,0,0,0
6777,2001,1,1,1,1,0,0,0,0,0,0
6778,2012,3,3,2,0,0,1,0,0,0,0
6780,2011,1,1,1,1,0,0,0,0,0,0
6782,2005,5,2,0,0,0,0,3,0,1,0
6783,2011,1,1,0,0,0,0,0,0,0,0
6785,2006,1,1,0,0,0,0,0,0,1,0
6807,2012,1,1,0,0,0,0,0,0,0,0
6827,2006,2,1,0,0,0,0,1,0,0,0
6830,2015,1,1,0,0,0,0,0,0,0,0
6830,2016,1,0,0,0,0,0,1,0,0,0
6849,2006,3,3,0,0,0,0,0,0,2,0
6849,2007,8,5,2,0,0,0,3,0,1,0
6849,2008,8,6,0,0,0,0,2,0,2,0
6849,2010,15,13,4,0,1,0,2,0,3,0
6849,2011,1,1,1,1,0,0,0,0,0,0
6862,2016,1,1,1,0,0,0,0,0,0,0
6867,2011,1,1,0,0,0,0,0,0,0,0
6870,2002,3,3,1,0,0,0,0,0,0,0
6870,2003,3,3,0,0,0,0,0,0,1,0
6870,2004,3,3,0,0,0,0,0,0,2,0
6876,2012,3,3,2,0,0,0,0,0,0,0
6877,2011,1,1,0,0,0,0,0,0,0,0
6883,2013,2,2,0,0,0,0,0,0,1,0
6887,2007,3,2,1,0,0,0,1,0,0,0
6895,2011,1,1,0,0,0,0,0,0,0,0
6913,2012,1,1,0,0,0,0,0,0,0,0
6915,2015,1,1,0,0,0,0,0,0,0,0
6921,2002,3,2,0,0,0,0,1,0,1,0
6921,2003,1,1,1,0,0,0,0,0,0,0
6921,2004,3,2,1,0,0,1,0,0,0,1
6921,2005,3,2,0,0,0,0,1,0,1,0
6921,2008,3,3,0,0,0,0,0,0,1,0
6921,2009,4,4,0,0,0,0,0,0,1,0
6921,2010,3,2,0,0,0,0,1,0,0,0
6922,2014,2,2,0,0,0,0,0,0,0,0
6953,2012,1,1,0,0,0,0,0,0,0,0
6961,2016,6,5,3,2,0,0,1,0,0,0
6966,1998,6,6,2,1,0,0,0,0,1,0
6966,2001,3,3,0,0,0,0,0,0,3,0
6966,2002,7,6,1,0,0,1,1,0,2,0
6966,2006,2,2,0,0,0,0,0,0,0,0
6970,2000,11,8,3,1,0,1,2,0,1,1
6982,2004,1,1,1,0,0,0,0,0,0,0
6982,2007,1,1,0,0,0,0,0,0,1,0
6986,2009,1,1,0,0,0,0,0,0,0,0
6986,2010,1,0,0,0,0,0,1,0,0,0
7003,2010,6,6,1,0,0,1,0,0,3,0
7003,2011,6,5,2,0,0,0,1,0,1,0
7003,2012,3,2,0,0,0,0,1,0,1,0
7003,2013,3,2,1,0,0,0,1,0,0,0
7003,2014,4,2,1,0,0,0,2,0,0,0
7005,2007,1,0,0,0,0,0,1,0,0,0
7006,2010,2,2,1,1,0,0,0,0,0,0
7010,2003,2,2,0,0,0,0,0,0,1,0
7010,2004,1,1,0,0,0,0,0,0,1,0
7010,2005,1,1,0,0,0,0,0,0,0,0
7010,2006,1,1,1,0,0,0,0,0,0,0
7010,2007,1,0,0,0,0,0,1,0,0,0
7016,2009,1,1,0,0,0,0,0,0,0,0
7025,2006,2,2,0,0,0,0,0,0,1,0
7025,2011,1,1,0,0,0,0,0,0,0,0
7027,1998,1,1,0,0,0,0,0,0,0,0
7027,1999,1,1,0,0,0,0,0,0,1,0
7027,2000,2,2,2,0,0,0,0,0,0,0
7055,2010,9,9,0,0,0,0,0,0,8,0
7055,2011,1,1,1,1,0,0,0,0,0,0
7055,2012,5,5,0,0,0,0,0,0,2,0
7055,2013,5,5,0,0,0,0,0,0,2,0
7055,2014,5,4,2,1,0,0,1,0,1,0
7055,2015,5,5,1,1,0,0,0,0,0,0
7061,2013,1,1,0,0,0,0,0,0,0,0
7061,2014,1,1,0,0,0,0,0,0,1,0
7061,2016,1,1,0,0,0,0,0,0,0,0
7062,2002,2,2,1,0,0,1,0,0,0,0
7062,2004,1,1,1,0,0,1,0,0,0,0
7076,2002,1,1,0,0,0,0,0,0,0,0
7076,2003,2,2,0,0,0,0,0,0,2,0
7076,2004,6,6,2,1,0,1,0,0,2,0
7076,2005,2,2,0,0,0,0,0,0,0,0
7086,2015,3,3,0,0,0,0,0,0,0,0
7086,2016,1,1,1,0,0,1,0,0,0,0
7098,2005,3,2,1,1,0,0,1,0,0,0
7110,2009,3,3,0,0,0,0,0,0,2,0
7111,2012,3,3,1,1,0,0,0,0,0,0
7111,2013,3,3,1,0,0,1,0,0,0,0
7111,2016,2,1,0,0,0,0,1,0,0,0
7123,2006,3,3,0,0,0,0,0,0,1,0
7123,2007,1,0,0,0,0,0,1,0,0,0
7126,2005,3,2,0,0,0,0,1,0,0,0
7126,2006,3,2,0,0,0,0,1,0,0,0
7126,2007,3,3,1,0,0,0,0,0,0,0
7126,2008,3,3,2,0,0,1,0,0,0,0
7126,2012,3,3,1,1,0,0,0,0,0,0
7126,2013,3,2,0,0,0,0,1,0,0,0
7153,2005,7,6,3,0,0,3,1,0,2,0
7153,2006,5,2,1,0,0,1,2,0,0,1
7153,2008,1,0,0,0,0,0,1,0,0,0
7163,2004,2,1,0,0,0,0,1,0,0,0
7166,2009,2,1,1,0,0,1,0,0,0,1
7176,2015,6,6,1,1,0,0,0,0,3,0
7176,2016,3,2,0,0,0,0,1,0,1,0
7202,2000,3,2,2,2,0,0,1,0,0,0
7202,2001,3,3,0,0,0,0,0,0,0,0
7207,2013,3,3,1,0,0,0,0,0,0,0
7207,2014,1,1,1,0,0,0,0,0,0,0
7207,2015,2,2,0,0,0,0,0,0,0,0
7211,2011,1,1,0,0,0,0,0,0,1,0
7211,2012,2,2,1,0,0,0,0,0,0,0
7211,2013,2,2,0,0,0,0,0,0,0,0
7211,2014,1,1,1,1,0,0,0,0,0,0
7211,2015,4,3,0,0,0,0,1,0,1,0
7220,2005,1,1,0,0,0,0,0,0,1,0
7220,2007,7,7,2,1,0,1,0,0,3,0
7220,2008,3,3,1,0,0,1,0,0,1,0
7220,2011,2,2,2,1,0,0,0,0,0,0
7220,2014,3,2,1,0,0,1,1,0,0,0
7220,2015,1,0,0,0,0,0,1,0,0,0
7239,2014,3,2,0,0,0,0,1,0,0,0
7239,2015,6,5,0,0,0,0,1,0,0,0
7239,2016,6,4,1,0,0,1,2,0,1,0
7301,2000,4,4,0,0,0,0,0,0,1,0
7301,2001,8,8,5,1,0,1,0,0,0,0
7301,2003,1,1,1,0,0,0,0,0,0,0
7301,2006,3,2,1,0,0,0,1,0,0,0
7307,2003,1,1,0,0,0,0,0,0,0,0
7310,2000,2,2,0,0,0,0,0,0,2,0
7310,2003,3,3,2,0,0,1,0,0,0,0
7310,2004,1,1,0,0,0,0,0,0,0,0
7310,2005,3,3,2,0,0,1,0,0,0,0
7310,2006,6,6,2,0,0,2,0,0,2,0
7310,2007,3,2,1,1,0,0,0,1,0,0
7310,2008,6,6,2,0,0,0,0,0,1,0
7310,2009,2,1,0,0,0,0,1,0,1,0
7310,2010,2,1,0,0,0,0,1,0,1,0
7311,1998,2,1,1,0,0,0,1,0,0,0
7311,2000,3,2,0,0,0,0,1,0,1,0
7321,2014,1,1,0,0,0,0,0,0,1,0
7322,2012,1,1,0,0,0,0,0,0,0,0
7322,2015,1,1,0,0,0,0,0,0,0,0
7324,2014,1,1,0,0,0,0,0,0,0,0
7345,2009,3,2,0,0,0,0,1,0,0,0
7368,2008,6,5,2,0,0,1,1,0,0,0
7372,2000,3,3,0,0,0,0,0,0,0,0
7372,2002,1,1,0,0,0,0,0,0,1,0
7379,2016,2,2,1,1,0,0,0,0,0,0
7386,1997,3,3,1,0,0,0,0,0,1,0
7386,2000,6,5,3,0,0,1,1,0,0,0
7386,2001,4,4,1,0,0,0,0,0,1,0
7388,2005,1,1,0,0,0,0,0,0,0,0
7397,2009,1,1,0,0,0,0,0,0,0,0
7408,1997,2,2,0,0,0,0,0,0,0,0
7408,1998,2,2,1,1,0,0,0,0,1,0
7408,1999,1,1,0,0,0,0,0,0,0,0
7408,2000,3,3,0,0,0,0,0,0,1,0
7408,2002,2,2,0,0,0,0,0,0,1,0
7428,2007,1,1,1,0,0,1,0,0,0,0
7435,2001,2,2,0,0,0,0,0,0,0,0
7436,2006,3,2,0,0,0,0,1,0,0,0
7437,2001,3,2,1,0,0,1,1,0,0,0
7437,2002,1,1,1,0,0,0,0,0,0,0
7440,2009,1,1,0,0,0,0,0,0,0,0
7447,2011,2,2,0,0,0,0,0,0,0,0
7447,2012,1,1,0,0,0,0,0,0,0,0
7447,2013,1,1,0,0,0,0,0,0,1,0
7456,2016,2,1,1,0,0,0,1,0,0,0
7459,2009,3,2,1,1,0,0,1,0,0,0
7459,2014,2,2,0,0,0,0,0,0,1,0
7459,2015,1,1,0,0,0,0,0,0,0,0
7459,2016,2,2,0,0,0,0,0,0,2,0
7461,2010,4,4,2,0,0,1,0,0,0,0
7461,2014,4,4,3,0,0,2,0,0,1,0
7481,2004,6,5,1,1,0,0,1,0,1,0
7484,2008,1,0,0,0,0,0,1,0,0,0
7484,2012,1,0,0,0,0,0,1,0,0,0
7484,2013,1,0,0,0,0,0,0,0,0,1
7491,2005,6,4,2,0,0,2,1,0,0,1
7491,2006,6,5,3,0,0,1,1,0,0,0
7491,2007,3,3,1,0,0,0,0,0,0,0
7491,2008,7,6,1,0,0,0,1,0,1,0
7491,2009,9,7,2,1,0,0,2,0,1,0
7491,2010,6,4,2,0,0,1,2,0,0,0
7497,2005,1,1,1,0,0,0,0,0,0,0
7510,2015,3,3,1,0,0,0,0,0,0,0
7513,2003,1,1,0,0,0,0,0,0,1,0
7513,2004,4,4,0,0,0,0,0,0,1,0
7513,2005,5,5,1,1,0,0,0,0,1,0
7513,2008,1,1,0,0,0,0,0,0,1,0
7515,2003,3,3,0,0,0,0,0,0,1,0
7521,2012,3,2,2,0,0,2,1,0,0,0
7521,2014,6,5,1,0,0,1,1,0,1,0
7521,2015,3,3,0,0,0,0,0,0,0,0
7522,2005,4,4,1,0,0,0,0,0,1,0
7528,2006,2,0,0,0,0,0,2,0,0,0
7528,2007,4,2,0,0,0,0,2,0,0,0
7528,2008,2,1,0,0,0,0,1,0,0,0
7528,2009,3,3,1,0,0,0,0,0,1,0
7541,2016,3,3,1,0,0,0,0,0,0,0
7551,2016,5,5,0,0,0,0,0,0,2,0
7565,2009,1,1,1,1,0,0,0,0,0,0
7565,2010,1,1,0,0,0,0,0,0,0,0
7565,2011,2,1,0,0,0,0,1,0,0,0
7824,2000,3,3,1,0,0,0,0,0,0,0
7824,2001,3,2,1,1,0,0,1,0,0,0
7829,2000,3,3,0,0,0,0,0,0,1,0
7829,2001,3,2,1,0,0,0,1,0,1,0
7829,2002,3,3,2,0,0,1,0,0,1,0
7829,2006,1,1,0,0,0,0,0,0,0,0
7852,2010,3,1,1,0,0,1,2,0,0,0
7879,1998,1,1,1,0,0,0,0,0,0,0
7887,2015,2,2,2,1,0,0,0,0,0,0
7887,2016,2,2,0,0,0,0,0,0,0,0
7926,2011,2,1,0,0,0,0,1,0,0,0
7926,2012,6,6,4,2,0,0,0,0,0,0
7926,2013,6,6,2,0,0,1,0,0,0,0
7926,2015,8,7,2,0,0,2,1,0,1,0
7926,2016,6,5,0,0,0,0,1,0,1,0
7941,2010,1,1,0,0,0,0,0,0,0,0
7941,2015,2,2,0,0,0,0,0,0,0,0
7965,2001,1,1,0,0,0,0,0,0,0,0
7974,2015,3,3,0,0,0,0,0,0,2,0
7984,2009,1,1,1,1,0,0,0,0,0,0
7987,2014,1,1,1,0,0,0,0,0,0,0
7987,2015,1,1,0,0,0,0,0,0,1,0
7990,1997,1,1,0,0,0,0,0,0,0,0
7999,2007,1,0,0,0,0,0,1,0,0,0
7999,2009,3,3,1,0,0,1,0,0,1,0
7999,2010,5,4,3,1,0,0,1,0,1,0
7999,2011,9,7,2,0,0,1,2,0,3,0
7999,2013,3,3,1,0,0,1,0,0,2,0
7999,2014,2,0,0,0,0,0,2,0,0,0
8010,2000,1,1,0,0,0,0,0,0,1,0
8010,2005,4,4,1,0,0,0,0,0,0,0
8010,2007,3,2,2,2,0,0,1,0,0,0
8020,2011,3,3,1,1,0,0,0,0,1,0
8020,2013,1,1,0,0,0,0,0,0,1,0
8023,2009,3,3,1,0,0,0,0,0,0,0
8023,2010,5,5,3,0,0,0,0,0,1,0
8028,2011,1,0,0,0,0,0,1,0,0,0
8032,2003,5,5,1,0,0,1,0,0,1,0
8032,2004,1,1,1,0,0,0,0,0,0,0
8036,2004,1,1,0,0,0,0,0,0,1,0
8036,2006,1,0,0,0,0,0,1,0,0,0
8042,2016,1,1,0,0,0,0,0,0,1,0
8051,1998,10,6,2,1,0,0,1,3,1,0
8051,2000,6,6,2,1,1,0,0,0,0,0
8051,2001,5,4,1,0,0,1,1,0,0,0
8051,2002,8,7,4,2,0,2,0,1,0,0
8051,2003,3,3,1,1,0,0,0,0,0,0
8051,2004,3,3,0,0,0,0,0,0,0,0
8051,2005,2,2,2,1,0,1,0,0,0,0
8051,2006,6,5,1,0,0,1,1,0,1,0
8051,2010,2,2,2,2,0,0,0,0,0,0
8052,2007,1,1,0,0,0,0,0,0,0,0
8052,2016,1,1,0,0,0,0,0,0,1,0
8058,2012,1,1,0,0,0,0,0,0,0,0
8060,2000,3,3,1,1,0,0,0,0,0,0
8060,2003,1,1,0,0,0,0,0,0,0,0
8060,2004,3,2,2,0,0,0,1,0,0,0
8061,2002,3,2,0,0,0,0,1,0,0,0
8061,2003,3,3,1,0,0,0,0,0,0,0
8061,2005,2,1,0,0,0,0,1,0,1,0
8069,2001,1,1,0,0,0,0,0,0,0,0
8069,2002,5,5,1,0,0,0,0,0,1,0
8106,2013,1,1,0,0,0,0,0,0,0,0
8123,2001,3,2,0,0,0,0,1,0,1,0
8123,2002,2,2,0,0,0,0,0,0,1,0
8137,1998,7,7,0,0,0,0,0,0,5,0
8137,2000,7,6,0,0,0,0,1,0,4,0
8137,2001,3,3,0,0,0,0,0,0,2,0
8137,2002,3,1,0,0,0,0,2,0,1,0
8137,2003,3,3,0,0,0,0,0,0,1,0
8137,2004,9,9,2,0,0,0,0,0,1,0
8137,2005,11,10,5,0,0,2,1,0,2,0
8137,2006,11,10,4,0,0,1,1,0,3,0
8137,2007,6,5,3,0,0,0,1,0,0,0
8137,2008,10,8,1,0,0,0,2,0,2,0
8138,2007,1,1,0,0,0,0,0,0,0,0
8142,2003,4,2,1,0,0,0,2,0,0,0
8142,2004,4,4,2,1,0,1,0,0,1,0
8142,2005,3,1,1,0,0,0,2,0,0,0
8142,2006,6,4,1,0,0,0,1,0,1,1
8146,2004,2,2,0,0,0,0,0,0,1,0
8146,2006,10,9,2,0,0,1,1,0,2,0
8146,2007,8,6,3,1,0,0,1,0,1,1
8147,1998,1,1,0,0,0,0,0,0,0,0
8152,1999,2,1,0,0,0,0,1,0,1,0
8152,2001,5,5,2,0,0,1,0,0,1,0
8160,1998,8,8,5,0,0,1,0,0,1,0
8160,2000,3,3,2,0,0,0,0,0,1,0
8160,2002,2,1,1,0,0,0,1,0,0,0
8164,2004,1,1,0,0,0,0,0,0,0,0
8176,2015,1,1,1,0,0,1,0,0,0,0
8184,2004,1,1,0,0,0,0,0,0,0,0
8184,2006,3,3,1,0,0,0,0,0,1,0
8184,2007,2,1,0,0,0,0,1,0,0,0
8184,2008,1,1,0,0,0,0,0,0,0,0
8184,2009,1,1,0,0,0,0,0,0,0,0
8184,2011,2,2,1,0,0,0,0,0,0,0
8184,2012,1,1,0,0,0,0,0,0,1,0
8184,2014,2,2,0,0,0,0,0,0,1,0
8193,2000,1,1,0,0,0,0,0,0,1,0
8201,2000,6,6,2,1,0,0,0,0,0,0
8202,2002,1,1,0,0,0,0,0,0,0,0
8202,2003,2,1,0,0,0,0,0,1,0,0
8205,2016,3,2,1,0,0,0,1,0,0,0
8220,1998,1,1,0,0,0,0,0,0,1,0
8220,2002,1,0,0,0,0,0,1,0,0,0
8220,2003,1,0,0,0,0,0,1,0,0,0
8220,2005,1,0,0,0,0,0,1,0,0,0
8221,2009,2,1,0,0,0,0,1,0,1,0
8238,2007,1,1,0,0,0,0,0,0,1,0
8238,2011,1,1,0,0,0,0,0,0,1,0
8238,2014,1,1,0,0,0,0,0,0,1,0
8238,2015,2,1,1,1,0,0,1,0,0,0
8238,2016,1,1,0,0,0,0,0,0,1,0
8243,2003,1,1,0,0,0,0,0,0,0,0
8267,2009,1,1,0,0,0,0,0,0,0,0
8268,2013,2,1,1,1,0,0,1,0,0,0
8279,2015,3,3,1,0,0,0,0,0,0,0
8291,2009,2,1,0,0,0,0,1,0,0,0
8291,2010,7,5,2,1,0,1,2,0,0,0
8291,2011,5,5,0,0,0,0,0,0,1,0
8307,2008,5,5,2,1,0,0,0,0,1,0
8307,2009,6,4,3,0,0,1,2,0,0,0
8311,2000,3,3,1,1,0,0,0,0,0,0
8311,2001,1,1,0,0,0,0,0,0,0,0
8326,2011,2,2,1,0,0,1,0,0,0,0
8326,2012,3,3,1,1,0,0,0,0,0,0
8334,2009,2,2,0,0,0,0,0,0,0,0
8334,2012,5,2,1,0,0,1,2,0,1,1
8334,2013,3,3,0,0,0,0,0,0,0,0
8334,2014,3,3,3,0,0,2,0,0,0,0
8334,2015,3,3,0,0,0,0,0,0,0,0
8334,2016,2,0,0,0,0,0,1,0,0,1
8340,2001,3,2,0,0,0,0,1,0,0,0
8340,2004,2,2,1,0,0,0,0,0,0,0
8340,2005,5,5,1,0,0,1,0,0,2,0
8354,2013,6,6,1,0,0,0,0,0,1,0
8354,2014,6,6,2,0,0,1,0,0,1,0
8354,2015,3,3,1,0,0,1,0,0,1,0
8354,2016,2,2,2,2,0,0,0,0,0,0
8356,2014,1,1,0,0,0,0,0,0,1,0
8356,2015,2,2,1,0,0,1,0,0,0,0
8356,2016,3,3,3,0,0,1,0,0,0,0
8372,2010,3,2,1,0,0,0,1,0,0,0
8372,2011,6,6,0,0,0,0,0,0,0,0
8372,2012,6,5,3,1,0,1,1,0,0,0
8372,2013,5,3,2,0,0,0,2,0,0,0
8372,2014,3,3,0,0,0,0,0,0,1,0
8372,2015,6,6,4,2,0,1,0,0,0,0
8372,2016,1,1,0,0,0,0,0,0,0,0
8374,2004,1,1,1,0,0,1,0,0,0,0
8387,2005,1,0,0,0,0,0,1,0,0,0
8387,2007,2,2,1,0,0,0,0,0,0,0
8387,2008,2,2,0,0,0,0,0,0,1,0
8387,2014,4,3,0,0,0,0,1,0,2,0
8394,2014,3,2,0,0,0,0,1,0,0,0
8394,2015,3,2,1,0,0,0,0,0,0,1
8394,2016,3,3,1,0,0,0,0,0,0,0
8404,2013,3,2,0,0,0,0,1,0,0,0
8404,2014,3,3,1,0,0,1,0,0,0,0
8424,2008,1,1,0,0,0,0,0,0,0,0
8424,2010,1,1,0,0,0,0,0,0,0,0
8424,2011,2,2,0,0,0,0,0,0,1,0
8424,2012,1,1,0,0,0,0,0,0,1,0
8424,2014,1,1,1,0,0,1,0,0,0,0
8424,2015,1,0,0,0,0,0,1,0,0,0
8430,2013,2,2,1,0,0,0,0,0,0,0
8430,2014,8,8,0,0,0,0,0,0,2,0
8430,2015,9,8,2,1,0,0,1,0,3,0
8430,2016,10,8,2,0,0,1,1,0,2,1
8437,2006,1,1,0,0,0,0,0,0,0,0
8437,2007,3,3,2,0,0,0,0,0,0,0
8437,2009,3,2,0,0,0,0,1,0,0,0
8438,2010,3,2,0,0,0,0,1,0,0,0
8438,2011,2,2,1,0,0,1,0,0,0,0
8438,2013,5,5,1,1,0,0,0,0,1,0
8449,2000,3,3,1,0,0,0,0,0,0,0
8449,2007,9,9,4,1,0,1,0,0,1,0
8449,2009,3,2,1,0,0,0,1,0,0,0
8451,2008,1,1,0,0,0,0,0,0,1,0
8451,2015,1,0,0,0,0,0,1,0,0,0
8453,2005,1,1,0,0,0,0,0,0,0,0
8453,2010,5,4,0,0,0,0,1,0,1,0
8453,2011,3,3,1,0,0,1,0,0,1,0
8453,2012,1,1,0,0,0,0,0,0,0,0
8474,1998,3,2,0,0,0,0,1,0,0,0
8474,2001,3,3,1,0,0,0,0,0,0,0
8474,2006,2,1,0,0,0,0,0,0,1,1
8474,2007,3,3,1,1,0,0,0,0,1,0
8474,2009,2,1,0,0,0,0,0,1,1,0
8474,2010,2,2,0,0,0,0,0,0,1,0
8474,2011,1,1,1,0,0,1,0,0,0,0
8474,2012,4,4,3,0,0,1,0,0,1,0
8474,2013,1,1,0,0,0,0,0,0,1,0
8488,1998,2,2,1,0,0,1,0,0,1,0
8496,2002,2,2,0,0,0,0,0,0,0,0
8496,2003,2,2,1,0,0,0,0,0,0,0
8500,2007,9,7,2,1,0,0,2,0,2,0
8500,2008,6,6,1,0,0,1,0,0,1,0
8500,2010,3,3,0,0,0,0,0,0,1,0
8510,2013,1,1,1,0,0,0,0,0,0,0
8512,2014,1,1,1,0,0,0,0,0,0,0
8519,1998,10,9,1,0,0,0,1,0,2,0
8530,2003,1,1,1,0,1,0,0,0,0,0
8550,2013,1,1,0,0,0,0,0,0,0,0
8556,2006,1,1,0,0,0,0,0,0,0,0
8557,2001,6,5,1,0,0,1,1,0,2,0
8557,2002,4,3,0,0,0,0,1,0,1,0
8557,2003,2,2,2,0,0,2,0,0,0,0
8557,2004,5,5,2,0,0,1,0,0,1,0
8557,2013,3,2,0,0,0,0,1,0,0,0
8560,2005,2,2,0,0,0,0,0,0,1,0
8560,2006,5,5,1,0,0,0,0,0,1,0
8563,2004,3,3,1,1,0,0,0,0,1,0
8576,2002,1,1,1,0,0,0,0,0,0,0
8576,2003,1,1,0,0,0,0,0,0,0,0
8576,2004,1,1,1,0,0,0,0,0,0,0
8579,2015,1,0,0,0,0,0,1,0,0,0
8579,2016,3,3,1,1,0,0,0,0,1,0
8581,2013,3,2,1,1,0,0,1,0,0,0
8584,2014,1,1,0,0,0,0,0,0,1,0
8584,2015,1,1,0,0,0,0,0,0,1,0
8589,2006,2,2,1,0,0,1,0,0,0,0
8589,2007,1,1,0,0,0,0,0,0,0,0
8592,2013,2,1,0,0,0,0,1,0,1,0
8597,2011,4,4,3,1,0,0,0,0,0,0
8597,2013,1,1,1,0,0,0,0,0,0,0
8619,2007,3,3,0,0,0,0,0,0,0,0
8635,2004,2,1,0,0,0,0,1,0,0,0
8638,2005,2,2,1,1,0,0,0,0,0,0
8638,2006,7,5,1,1,0,0,2,0,0,0
8638,2007,6,5,2,0,0,2,1,0,0,0
8638,2009,3,3,1,0,0,0,0,0,1,0
8638,2010,3,3,0,0,0,0,0,0,1,0
8655,2000,1,1,0,0,0,0,0,0,0,0
8672,2009,4,4,1,0,0,0,0,0,0,0
8672,2011,2,2,1,0,0,0,0,0,0,0
8676,1998,1,1,0,0,0,0,0,0,0,0
8676,2000,3,3,0,0,0,0,0,0,1,0
8682,2013,2,2,0,0,0,0,0,0,0,0
8700,2016,4,4,0,0,0,0,0,0,1,0
8704,2002,5,4,0,0,0,0,1,0,0,0
8704,2005,6,5,1,0,0,1,1,0,2,0
8704,2009,1,0,0,0,0,0,1,0,0,0
8704,2010,1,1,0,0,0,0,0,0,1,0
8710,2012,6,6,1,0,0,0,0,0,0,0
8710,2013,3,3,0,0,0,0,0,0,0,0
8719,2002,1,1,1,0,0,0,0,0,0,0
8719,2007,2,2,1,1,0,0,0,0,0,0
8720,2000,6,6,4,0,0,0,0,0,0,0
8720,2001,8,7,5,2,1,1,1,0,2,0
8720,2002,3,3,1,0,0,0,0,0,1,0
8720,2003,3,2,1,1,0,0,1,0,0,0
8725,2003,2,2,0,0,0,0,0,0,0,0
8725,2004,3,3,1,0,0,1,0,0,1,0
8725,2005,2,2,1,0,0,0,0,0,0,0
8725,2007,3,3,1,1,0,0,0,0,1,0
8725,2008,2,2,0,0,0,0,0,0,0,0
8729,2014,1,1,0,0,0,0,0,0,1,0
8731,2002,3,3,1,1,0,0,0,0,0,0
8731,2003,3,3,2,1,0,0,0,0,0,0
8756,2000,1,1,0,0,0,0,0,0,0,0
8774,2010,1,1,0,0,0,0,0,0,1,0
8774,2011,1,1,1,0,0,0,0,0,0,0
8774,2012,6,6,1,1,0,0,0,0,1,0
8774,2013,2,2,0,0,0,0,0,0,1,0
8776,2010,9,8,2,1,0,1,1,0,2,0
8776,2012,1,1,1,1,0,0,0,0,0,0
8784,2003,1,1,1,1,0,0,0,0,0,0
8784,2005,6,4,2,0,0,1,1,0,2,1
8784,2009,3,2,1,0,0,0,1,0,0,0
8784,2010,2,2,1,1,0,0,0,0,1,0
8784,2011,3,3,2,0,0,0,0,0,0,0
8789,2016,3,3,0,0,0,0,0,0,0,0
8798,2016,2,2,1,1,0,0,0,0,0,0
8799,2013,2,2,2,1,0,0,0,0,0,0
8799,2014,4,3,2,0,0,2,1,0,1,0
8807,2007,3,3,1,0,0,0,0,0,1,0
8807,2011,3,3,2,0,0,0,0,0,0,0
8807,2012,4,4,0,0,0,0,0,0,1,0
8807,2016,3,3,1,0,0,1,0,0,0,0
8823,2009,3,2,0,0,0,0,1,0,1,0
8823,2015,6,6,1,1,0,0,0,0,0,0
8823,2016,3,3,1,0,0,1,0,0,1,0
8843,1999,1,1,0,0,0,0,0,0,0,0
8843,2000,2,2,1,0,0,0,0,0,0,0
8852,2009,3,3,1,0,0,1,0,0,0,0
8856,2011,1,1,0,0,0,0,0,0,0,0
8859,2003,3,3,1,0,0,0,0,0,1,0
8861,2005,3,2,0,0,0,0,1,0,0,0
8861,2006,2,1,0,0,0,0,1,0,0,0
8873,2005,2,2,1,1,0,0,0,0,0,0
8873,2007,3,3,1,1,0,0,0,0,1,0
8873,2008,2,2,0,0,0,0,0,0,1,0
8873,2012,2,2,0,0,0,0,0,0,0,0
8873,2013,6,5,0,0,0,0,1,0,0,0
8873,2014,3,3,2,0,0,0,0,0,0,0
8883,1998,3,3,0,0,0,0,0,0,1,0
8883,2000,3,1,0,0,0,0,2,0,0,0
8883,2001,1,1,0,0,0,0,0,0,1,0
8883,2002,1,1,0,0,0,0,0,0,0,0
8883,2003,2,2,0,0,0,0,0,0,1,0
8883,2004,2,2,1,1,0,0,0,0,1,0
8883,2005,1,1,0,0,0,0,0,0,1,0
8883,2008,2,1,0,0,0,0,1,0,0,0
8883,2009,1,0,0,0,0,0,1,0,0,0
8892,2009,1,1,0,0,0,0,0,0,1,0
8892,2010,1,1,0,0,0,0,0,0,0,0
8892,2011,3,2,0,0,0,0,1,0,0,0
8892,2013,1,1,1,1,0,0,0,0,0,0
8906,2013,1,1,0,0,0,0,0,0,1,0
8910,2011,5,5,2,1,0,0,0,0,0,0
8910,2012,3,3,1,0,0,0,0,0,1,0
8914,2014,6,6,2,1,0,1,0,0,1,0
8914,2016,3,2,1,0,0,1,0,0,0,1
8918,2004,3,3,2,0,0,1,0,0,0,0
8918,2006,3,3,2,1,1,0,0,0,0,0
8918,2007,6,5,1,0,0,0,1,0,0,0
8919,2012,2,2,0,0,0,0,0,0,0,0
8919,2013,3,3,1,0,0,0,0,0,1,0
8922,2008,2,2,0,0,0,0,0,0,0,0
8922,2009,3,3,0,0,0,0,0,0,1,0
8922,2010,2,2,1,0,0,0,0,0,0,0
8922,2011,3,3,0,0,0,0,0,0,0,0
8930,2015,2,2,1,0,0,0,0,0,0,0
8932,2000,1,1,1,0,0,0,0,0,0,0
8932,2002,2,1,0,0,0,0,1,0,0,0
8934,2000,3,3,1,0,0,0,0,0,0,0
8934,2001,4,4,3,1,0,1,0,0,0,0
8934,2002,1,1,0,0,0,0,0,0,1,0
8940,2007,2,2,1,0,0,0,0,0,0,0
8940,2008,3,3,0,0,0,0,0,0,1,0
8940,2011,3,3,2,1,0,1,0,0,0,0
8940,2012,1,1,0,0,0,0,0,0,1,0
8940,2013,2,2,0,0,0,0,0,0,1,0
8940,2014,2,2,1,0,0,0,0,0,1,0
8940,2015,2,2,0,0,0,0,0,0,0,0
8952,2009,2,2,0,0,0,0,0,0,1,0
8952,2010,2,2,0,0,0,0,0,0,2,0
8952,2011,1,1,1,1,0,0,0,0,0,0
8954,1998,2,2,1,0,0,0,0,0,0,0
8956,2011,2,2,0,0,0,0,0,0,0,0
8956,2013,1,0,0,0,0,0,1,0,0,0
8983,2000,1,0,0,0,0,0,1,0,0,0
8988,2013,1,1,1,0,0,0,0,0,0,0
8988,2014,2,2,1,1,0,0,0,0,0,0
8990,1998,7,6,3,1,0,0,1,0,2,0
8990,2000,3,2,1,0,0,0,1,0,0,0
8990,2001,3,3,1,1,0,0,0,0,0,0
8990,2003,11,11,4,1,0,1,0,0,4,0
8990,2007,19,17,4,1,0,0,1,0,4,1
8990,2008,6,5,3,1,0,0,1,0,1,0
8990,2009,9,5,2,1,0,0,3,0,0,1
8990,2010,8,7,3,1,0,0,1,0,2,0
8990,2013,9,9,2,1,0,0,0,0,3,0
8995,2013,3,1,0,0,0,0,2,0,0,0
9005,2012,2,1,1,0,0,0,1,0,0,0
9005,2014,5,2,1,0,0,0,2,0,1,1
9008,2001,3,3,0,0,0,0,0,0,0,0
9009,2003,3,3,1,1,0,0,0,0,0,0
9022,2003,1,1,1,0,0,0,0,0,0,0
9030,2011,2,2,0,0,0,0,0,0,0,0
9038,1998,13,13,3,1,0,0,0,0,2,0
9038,2000,2,1,1,0,0,0,0,0,0,1
9066,2015,1,1,0,0,0,0,0,0,0,0
9069,2001,1,1,0,0,0,0,0,0,0,0
9069,2002,6,5,1,0,0,0,0,0,1,1
9069,2003,6,5,3,2,0,0,1,0,1,0
9069,2004,6,5,2,0,0,2,1,0,1,0
9069,2005,7,4,2,1,0,0,3,0,0,0
9069,2006,3,3,1,0,0,0,0,0,0,0
9069,2010,3,2,2,0,0,1,1,0,0,0
9069,2011,2,1,1,0,0,0,1,0,0,0
9070,2001,1,1,0,0,0,0,0,0,1,0
9071,2011,2,2,1,0,0,0,0,0,1,0
9071,2014,4,4,1,1,0,0,0,0,0,0
9071,2015,9,9,1,1,0,0,0,0,4,0
9071,2016,11,9,3,1,0,1,2,0,1,0
9073,2015,3,3,0,0,0,0,0,0,0,0
9084,1997,1,1,1,1,0,0,0,0,0,0
9091,1998,1,1,0,0,0,0,0,0,0,0
9102,1998,1,1,1,1,0,0,0,0,0,0
9108,1998,1,1,0,0,0,0,0,0,0,0
9123,2002,1,1,0,0,0,0,0,0,0,0
9123,2003,2,2,1,0,0,0,0,0,0,0
9123,2004,3,3,1,0,0,0,0,0,2,0
9123,2005,1,1,0,0,0,0,0,0,1,0
9123,2006,1,0,0,0,0,0,1,0,0,0
9129,2013,1,1,0,0,0,0,0,0,1,0
9129,2014,1,1,0,0,0,0,0,0,1,0
9129,2015,5,4,0,0,0,0,0,0,3,1
9136,1998,6,6,2,1,0,0,0,0,1,0
9136,2000,11,11,4,1,0,0,0,0,1,0
9136,2002,3,3,2,0,0,1,0,0,0,0
9136,2003,2,1,0,0,0,0,1,0,0,0
9136,2004,13,10,4,1,0,1,2,1,1,0
9136,2005,8,3,3,0,0,0,4,0,0,1
9136,2006,2,2,1,1,0,0,0,0,1,0
9136,2007,3,0,0,0,0,0,3,0,0,0
9136,2008,6,4,3,1,0,1,2,0,0,0
9137,1998,1,1,0,0,0,0,0,0,1,0
9143,2009,2,2,1,0,0,0,0,0,0,0
9143,2011,2,2,0,0,0,0,0,0,1,0
9143,2013,3,3,1,0,0,1,0,0,0,0
9143,2014,4,4,1,0,0,0,0,0,1,0
9144,2014,1,1,0,0,0,0,0,0,0,0
9153,2002,3,3,1,0,0,0,0,0,0,0
9160,2001,1,1,0,0,0,0,0,0,0,0
9160,2002,1,0,0,0,0,0,0,0,0,1
9169,2004,2,1,0,0,0,0,1,0,0,0
9196,2013,2,1,0,0,0,0,1,0,0,0
9196,2015,1,1,0,0,0,0,0,0,0,0
9196,2016,1,1,1,0,0,0,0,0,0,0
9198,2009,3,3,0,0,0,0,0,0,1,0
9198,2010,9,9,2,2,0,0,0,0,3,0
9198,2011,8,5,0,0,0,0,3,0,2,0
9198,2012,10,8,3,0,0,0,2,0,1,0
9198,2013,12,12,3,1,0,0,0,0,0,0
9198,2014,8,7,2,0,0,0,0,1,1,0
9210,2004,1,1,1,0,0,0,0,0,0,0
9217,2004,2,2,1,0,0,0,0,0,1,0
9217,2005,2,2,1,0,0,0,0,0,0,0
9217,2006,3,3,1,1,0,0,0,0,0,0
9217,2007,1,1,1,1,0,0,0,0,0,0
9228,2004,2,2,1,0,0,0,0,0,1,0
9240,2001,2,1,0,0,0,0,0,0,0,1
9242,2008,4,4,1,1,0,0,0,0,0,0
9242,2010,3,2,0,0,0,0,1,0,2,0
9242,2013,2,0,0,0,0,0,2,0,0,0
9246,2013,1,1,1,0,0,0,0,0,0,0
9250,2014,1,0,0,0,0,0,1,0,0,0
9251,2004,1,1,0,0,0,0,0,0,1,0
9251,2005,1,1,0,0,0,0,0,0,1,0
9251,2006,2,2,0,0,0,0,0,0,2,0
9251,2007,2,2,0,0,0,0,0,0,1,0
9251,2008,1,1,0,0,0,0,0,0,0,0
9255,2011,1,1,0,0,0,0,0,0,0,0
9255,2016,2,1,1,1,0,0,1,0,0,0
9258,1998,1,1,0,0,0,0,0,0,1,0
9258,2000,2,1,1,0,0,0,1,0,0,0
9258,2001,1,1,0,0,0,0,0,0,0,0
9258,2004,4,3,0,0,0,0,1,0,0,0
9258,2005,2,1,1,0,0,0,1,0,0,0
9263,2002,3,3,1,1,0,0,0,0,1,0
9263,2003,2,2,1,0,0,1,0,0,0,0
9269,2013,3,3,1,0,0,0,0,0,0,0
9269,2014,3,3,1,1,0,0,0,0,0,0
9269,2015,6,6,0,0,0,0,0,0,3,0
9269,2016,6,5,1,0,0,0,1,0,2,0
9294,2004,6,5,1,0,0,1,1,0,1,0
9294,2005,6,5,1,0,0,1,1,0,1,0
9294,2006,3,3,1,0,0,0,0,0,0,0
9305,2000,1,1,0,0,0,0,0,0,0,0
9323,2004,1,1,0,0,0,0,0,0,0,0
9323,2005,1,1,0,0,0,0,0,0,0,0
9325,2008,1,1,1,1,0,0,0,0,0,0
9326,2012,1,1,0,0,0,0,0,0,1,0
9326,2013,3,1,0,0,0,0,2,0,0,0
9326,2014,3,1,0,0,0,0,2,0,0,0
9326,2015,6,6,2,0,0,1,0,0,2,0
9326,2016,5,3,0,0,0,0,2,0,1,0
9330,2007,6,6,4,1,0,1,0,0,0,0
9330,2008,2,1,0,0,0,0,1,0,0,0
9334,2016,2,2,0,0,0,0,0,0,1,0
9336,2014,1,1,0,0,0,0,0,0,1,0
9341,2014,1,0,0,0,0,0,1,0,0,0
9347,2008,2,2,0,0,0,0,0,0,0,0
9354,2015,1,1,0,0,0,0,0,0,0,0
9356,2011,4,4,1,0,0,0,0,0,1,0
9356,2013,5,4,0,0,0,0,1,0,1,0
9356,2014,7,5,0,0,0,0,2,0,1,0
9356,2015,2,2,0,0,0,0,0,0,1,0
9356,2016,1,1,0,0,0,0,0,0,0,0
9373,2000,3,1,0,0,0,0,2,0,0,0
9386,2008,2,2,1,0,0,0,0,0,0,0
9386,2011,6,4,0,0,0,0,2,0,1,0
9386,2012,3,3,2,0,0,0,0,0,1,0
9387,2000,3,3,1,0,0,0,0,0,0,0
9387,2001,2,2,0,0,0,0,0,0,1,0
9391,2014,2,1,1,0,0,1,0,0,0,1
9395,2014,2,2,0,0,0,0,0,0,0,0
9395,2015,2,2,1,0,0,0,0,0,1,0
9406,2002,5,5,1,0,0,1,0,0,0,0
9406,2006,1,1,0,0,0,0,0,0,0,0
9406,2010,1,1,0,0,0,0,0,0,0,0
9406,2011,2,1,0,0,0,0,1,0,0,0
9413,2005,1,0,0,0,0,0,1,0,0,0
9413,2006,5,4,1,0,0,1,1,0,1,0
9413,2009,1,1,0,0,0,0,0,0,0,0
9413,2010,1,1,0,0,0,0,0,0,0,0
9419,2009,3,3,1,0,0,0,0,0,0,0
9437,2003,3,3,1,1,0,0,0,0,0,0
9437,2005,1,1,0,0,0,0,0,0,1,0
9437,2009,3,3,0,0,0,0,0,0,1,0
9442,2002,4,4,0,0,0,0,0,0,2,0
9442,2004,9,9,1,0,0,0,0,0,4,0
9442,2006,9,7,2,0,0,0,2,0,0,0
9442,2007,1,1,1,0,0,0,0,0,0,0
9445,2013,2,1,0,0,0,0,1,0,1,0
9445,2014,1,1,0,0,0,0,0,0,1,0
9445,2015,2,2,0,0,0,0,0,0,0,0
9467,2003,2,2,1,1,0,0,0,0,0,0
9468,2004,1,1,0,0,0,0,0,0,0,0
9468,2005,1,1,0,0,0,0,0,0,0,0
9475,2004,1,1,0,0,0,0,0,0,0,0
9475,2005,1,1,0,0,0,0,0,0,0,0
9477,2000,3,3,1,0,0,1,0,0,1,0
9477,2001,3,2,0,0,0,0,1,0,2,0
9477,2002,7,6,2,0,0,0,1,0,0,0
9490,2004,1,1,0,0,0,0,0,0,0,0
9490,2005,1,0,0,0,0,0,1,0,0,0
9490,2007,1,1,0,0,0,0,0,0,1,0
9492,1998,3,3,2,0,0,0,0,0,0,0
9492,2000,7,6,3,0,0,0,1,0,0,0
9496,2005,1,1,0,0,0,0,0,0,1,0
9496,2006,2,1,1,0,0,1,0,1,0,0
9523,1997,1,1,0,0,0,0,0,0,1,0
9523,2003,1,1,0,0,0,0,0,0,0,0
9523,2007,6,3,1,0,0,1,3,0,1,0
9524,2009,2,2,1,1,0,0,0,0,0,0
9528,2006,3,2,0,0,0,0,1,0,0,0
9528,2007,1,1,0,0,0,0,0,0,0,0
9528,2008,2,2,0,0,0,0,0,0,0,0
9535,2011,6,5,0,0,0,0,1,0,2,0
9554,2000,3,3,1,0,0,0,0,0,0,0
9558,2006,3,3,1,0,0,0,0,0,0,0
9559,1998,1,1,0,0,0,0,0,0,0,0
9559,2001,3,3,0,0,0,0,0,0,3,0
9559,2002,2,2,0,0,0,0,0,0,2,0
9559,2003,1,1,0,0,0,0,0,0,0,0
9559,2004,1,1,1,1,0,0,0,0,0,0
9559,2005,2,2,1,0,0,0,0,0,0,0
9576,2008,1,1,0,0,0,0,0,0,0,0
9576,2011,3,3,0,0,0,0,0,0,0,0
9581,2013,2,2,0,0,0,0,0,0,1,0
9581,2014,4,3,2,1,0,0,1,0,0,0
9581,2015,6,6,1,0,0,0,0,0,0,0
9593,2008,2,2,1,0,0,1,0,0,0,0
9593,2009,7,7,3,0,0,1,0,0,1,0
9600,2007,1,1,1,0,0,1,0,0,0,0
9604,2015,1,1,1,0,0,0,0,0,0,0
9605,2013,2,1,1,1,0,0,1,0,0,0
9610,2002,1,0,0,0,0,0,1,0,0,0
9618,2004,3,3,1,0,0,1,0,0,0,0
9618,2005,1,1,0,0,0,0,0,0,0,0
9620,2003,2,2,1,1,0,0,0,0,0,0
9620,2004,1,1,0,0,0,0,0,0,0,0
9620,2005,1,0,0,0,0,0,1,0,0,0
9620,2006,1,1,0,0,0,0,0,0,1,0
9620,2008,2,1,0,0,0,0,1,0,0,0
9621,2000,2,2,0,0,0,0,0,0,2,0
9621,2001,4,4,0,0,0,0,0,0,3,0
9621,2002,5,5,1,0,0,0,0,0,3,0
9621,2003,1,1,0,0,0,0,0,0,0,0
9621,2004,4,4,0,0,0,0,0,0,2,0
9621,2005,1,1,0,0,0,0,0,0,0,0
9623,2007,1,1,0,0,0,0,0,0,1,0
9623,2010,2,2,2,0,0,0,0,0,0,0
9634,2002,1,1,0,0,0,0,0,0,1,0
9634,2004,1,1,0,0,0,0,0,0,0,0
9634,2005,1,1,1,0,0,0,0,0,0,0
9634,2007,1,1,0,0,0,0,0,0,1,0
9635,1998,2,2,1,1,0,0,0,0,1,0
9637,2002,6,5,3,2,0,0,1,0,0,0
9659,2000,3,3,2,0,0,0,0,0,0,0
9659,2002,1,1,0,0,0,0,0,0,0,0
9659,2003,3,3,2,0,0,0,0,0,0,0
9659,2004,3,3,1,0,0,0,0,0,1,0
9659,2005,5,4,0,0,0,0,1,0,1,0
9659,2006,4,4,2,1,0,1,0,0,0,0
9659,2007,2,2,0,0,0,0,0,0,0,0
9659,2008,2,2,0,0,0,0,0,0,0,0
9659,2009,3,2,1,0,0,0,1,0,1,0
9659,2011,3,3,1,1,0,0,0,0,0,0
9659,2013,5,5,2,0,0,0,0,0,1,0
9664,2006,2,2,1,0,0,0,0,0,0,0
9670,2006,1,1,0,0,0,0,0,0,0,0
9672,2004,1,1,1,0,0,0,0,0,0,0
9673,2016,1,0,0,0,0,0,0,0,0,1
9677,2015,2,2,1,0,0,1,0,0,0,0
9688,2008,1,1,1,0,0,0,0,0,0,0
9688,2009,1,1,0,0,0,0,0,0,1,0
9688,2010,1,1,0,0,0,0,0,0,1,0
9688,2011,6,6,1,1,0,0,0,0,4,0
9688,2012,2,2,1,0,0,0,0,0,0,0
9688,2013,2,1,0,0,0,0,1,0,0,0
9688,2014,1,1,0,0,0,0,0,0,0,0
9688,2015,1,1,0,0,0,0,0,0,0,0
9688,2016,3,2,2,1,0,0,1,0,0,0
9707,2004,2,2,0,0,0,0,0,0,0,0
9707,2005,10,9,1,0,0,0,1,0,3,0
9707,2006,3,3,0,0,0,0,0,0,2,0
9707,2007,6,5,2,1,0,0,0,1,0,0
9707,2008,7,6,1,0,0,1,1,0,2,0
9707,2009,2,2,1,1,0,0,0,0,1,0
9715,2002,1,1,1,0,0,0,0,0,0,0
9751,2001,1,0,0,0,0,0,1,0,0,0
9761,2002,2,2,0,0,0,0,0,0,1,0
9761,2003,1,1,1,0,0,0,0,0,0,0
9761,2005,3,3,1,0,0,1,0,0,1,0
9761,2006,1,1,0,0,0,0,0,0,0,0
9761,2007,1,1,0,0,0,0,0,0,0,0
9761,2009,1,1,0,0,0,0,0,0,1,0
9761,2010,1,1,1,0,0,1,0,0,0,0
9761,2011,1,1,0,0,0,0,0,0,0,0
9761,2012,2,1,0,0,0,0,1,0,0,0
9761,2013,3,1,0,0,0,0,2,0,0,0
9761,2015,2,1,0,0,0,0,1,0,0,0
9762,2016,3,3,1,0,0,1,0,0,0,0
9772,2004,2,1,0,0,0,0,1,0,1,0
9779,2000,2,2,1,1,0,0,0,0,0,0
9780,2004,1,1,0,0,0,0,0,0,0,0
9780,2005,1,1,0,0,0,0,0,0,0,0
9781,2004,1,1,0,0,0,0,0,0,0,0
9781,2006,2,0,0,0,0,0,2,0,0,0
9781,2007,2,1,1,1,0,0,1,0,0,0
9781,2008,1,1,0,0,0,0,0,0,1,0
9781,2013,1,1,0,0,0,0,0,0,0,0
9781,2016,3,3,1,0,0,0,0,0,0,0
9782,2016,1,1,1,1,0,0,0,0,0,0
9783,2010,2,2,1,0,0,0,0,0,0,0
9783,2011,4,4,2,0,0,1,0,0,0,0
9788,2010,2,1,0,0,0,0,1,0,0,0
9809,2001,1,1,0,0,0,0,0,0,0,0
9810,2002,3,2,1,0,0,0,1,0,0,0
9810,2005,4,3,2,1,0,1,1,0,0,0
9822,2015,6,6,1,0,0,0,0,0,0,0
9827,2015,2,2,1,0,0,1,0,0,1,0
9830,2009,1,1,0,0,0,0,0,0,0,0
9830,2010,1,1,0,0,0,0,0,0,0,0
9830,2013,3,2,0,0,0,0,1,0,0,0
9835,2013,9,6,2,0,0,1,3,0,1,0
9835,2014,2,2,0,0,0,0,0,0,0,0
9835,2015,3,3,1,0,0,1,0,0,0,0
9840,1998,4,2,0,0,0,0,2,0,0,0
9840,2000,3,3,1,1,0,0,0,0,0,0
9840,2002,3,3,0,0,0,0,0,0,1,0
9840,2003,6,6,2,1,0,0,0,0,3,0
9840,2005,3,3,1,0,0,0,0,0,1,0
9840,2006,3,2,0,0,0,0,1,0,1,0
9840,2008,3,2,0,0,0,0,1,0,0,0
9844,2016,1,1,1,0,0,0,0,0,0,0
9868,2015,1,1,0,0,0,0,0,0,0,0
9868,2016,1,1,0,0,0,0,0,0,0,0
9885,2015,1,1,0,0,0,0,0,0,0,0
9885,2016,3,3,1,0,0,0,0,0,1,0
9887,2003,1,1,0,0,0,0,0,0,1,0
9887,2004,1,1,0,0,0,0,0,0,0,0
9887,2005,1,0,0,0,0,0,1,0,0,0
9887,2006,3,3,1,0,0,0,0,0,0,0
9887,2010,3,3,2,1,0,0,0,0,0,0
9893,2009,12,12,6,3,0,1,0,0,4,0
9893,2010,12,10,3,2,0,0,2,0,2,0
9893,2011,9,7,1,0,0,0,2,0,1,0
9893,2012,6,3,0,0,0,0,3,0,0,0
9906,2013,1,1,0,0,0,0,0,0,1,0
9906,2015,1,0,0,0,0,0,1,0,0,0
9906,2016,1,1,1,0,0,0,0,0,0,0
9909,2015,1,1,0,0,0,0,0,0,0,0
9911,2003,5,3,0,0,0,0,2,0,0,0
9927,2009,1,1,1,0,0,1,0,0,0,0
9930,2006,1,0,0,0,0,0,1,0,0,0
9931,2000,2,2,2,2,0,0,0,0,0,0
9954,2014,1,0,0,0,0,0,1,0,0,0
9956,2014,1,1,0,0,0,0,0,0,0,0
9966,2013,1,0,0,0,0,0,1,0,0,0
9966,2014,6,5,1,1,0,0,1,0,0,0
9968,2013,1,1,1,0,0,0,0,0,0,0
9971,2016,2,2,0,0,0,0,0,0,1,0
9984,2007,2,2,0,0,0,0,0,0,2,0
9984,2008,2,2,1,0,0,0,0,0,0,0
9984,2010,4,4,1,0,0,0,0,0,1,0
10020,2008,1,1,0,0,0,0,0,0,1,0
10025,2010,1,1,0,0,0,0,0,0,1,0
10026,2008,5,4,1,1,0,0,0,1,0,0
10026,2011,1,1,1,0,0,0,0,0,0,0
10027,2000,6,5,2,1,0,1,1,0,1,0
10027,2001,3,3,1,0,0,1,0,0,0,0
10035,2008,1,1,0,0,0,0,0,0,0,0
10035,2011,1,1,0,0,0,0,0,0,0,0
10040,2011,3,3,1,0,0,0,0,0,0,0
10040,2012,1,1,0,0,0,0,0,0,0,0
10040,2014,1,1,1,1,0,0,0,0,0,0
10050,2000,1,1,0,0,0,0,0,0,1,0
10050,2001,1,1,1,0,0,0,0,0,0,0
10050,2003,4,4,0,0,0,0,0,0,3,0
10050,2004,4,4,1,0,0,1,0,0,0,0
10050,2005,3,3,1,0,0,1,0,0,0,0
10050,2006,5,5,1,0,0,0,0,0,1,0
10050,2008,2,2,1,0,1,0,0,0,0,0
10050,2009,3,3,1,1,0,0,0,0,1,0
10056,2015,1,1,1,0,0,0,0,0,0,0
10065,2007,1,0,0,0,0,0,1,0,0,0
10066,2009,3,3,0,0,0,0,0,0,0,0
10066,2010,1,1,0,0,0,0,0,0,1,0
10066,2011,2,1,0,0,0,0,1,0,0,0
10066,2014,1,1,0,0,0,0,0,0,0,0
10068,2003,1,0,0,0,0,0,1,0,0,0
10068,2005,8,8,1,1,0,0,0,0,2,0
10068,2006,3,3,0,0,0,0,0,0,0,0
10069,2001,3,3,0,0,0,0,0,0,1,0
10069,2002,3,3,0,0,0,0,0,0,1,0
10069,2004,6,6,2,0,0,1,0,0,0,0
10069,2005,3,3,1,0,0,0,0,0,1,0
10069,2006,4,3,2,1,0,0,1,0,0,0
10069,2009,9,8,2,0,0,1,1,0,2,0
10069,2010,10,9,1,0,0,0,1,0,3,0
10069,2011,15,14,3,0,0,0,0,1,7,0
10069,2013,13,12,3,2,0,0,1,0,0,0
10069,2014,6,3,1,0,0,0,1,1,1,1
10069,2015,6,6,1,0,0,0,0,0,1,0
10069,2016,5,4,0,0,0,0,1,0,1,0
10080,2002,1,1,0,0,0,0,0,0,0,0
10101,2015,5,5,1,1,0,0,0,0,0,0
10101,2016,3,3,3,1,0,1,0,0,0,0
10103,2014,3,3,1,0,0,0,0,0,0,0
10104,2007,2,2,1,0,0,1,0,0,1,0
10111,2010,2,2,1,0,0,0,0,0,0,0
10111,2011,2,2,0,0,0,0,0,0,1,0
10111,2014,6,6,1,0,0,0,0,0,1,0
10111,2015,3,3,3,1,0,0,0,0,0,0
10118,2011,1,1,1,1,0,0,0,0,0,0
10118,2012,3,1,1,1,0,0,2,0,0,0
10118,2015,7,7,1,0,0,0,0,0,0,0
10122,2016,2,2,1,0,0,0,0,0,0,0
10136,2006,3,3,3,1,0,2,0,0,0,0
10136,2014,6,4,0,0,0,0,2,0,1,0
10138,2014,2,2,1,0,0,0,0,0,0,0
10138,2015,6,5,3,1,0,0,1,0,0,0
10138,2016,8,5,0,0,0,0,3,0,2,0
10146,2006,2,2,2,0,0,1,0,0,0,0
10156,2007,1,1,0,0,0,0,0,0,1,0
10156,2012,2,2,2,0,0,1,0,0,0,0
10162,2010,1,1,0,0,0,0,0,0,1,0
10209,2005,5,4,2,1,0,0,1,0,1,0
10209,2007,6,5,3,1,0,1,1,0,2,0
10209,2009,6,6,0,0,0,0,0,0,4,0
10209,2010,7,4,1,0,0,1,2,1,2,0
10209,2011,5,5,1,0,0,0,0,0,3,0
10209,2013,6,6,4,1,0,1,0,0,0,0
10209,2014,3,2,1,0,0,1,1,0,0,0
10214,2013,6,5,2,0,0,0,1,0,0,0
10214,2015,6,6,1,0,0,0,0,0,2,0
10214,2016,3,3,0,0,0,0,0,0,0,0
10215,1997,2,2,1,0,0,1,0,0,0,0
10215,1998,8,5,1,0,0,0,3,0,1,0
10215,2002,1,1,1,0,0,0,0,0,0,0
10216,2001,1,1,0,0,0,0,0,0,1,0
10217,2005,3,3,0,0,0,0,0,0,1,0
10217,2006,6,5,2,0,0,1,1,0,2,0
10217,2007,3,3,0,0,0,0,0,0,1,0
10217,2009,4,4,0,0,0,0,0,0,3,0
10227,2010,1,1,0,0,0,0,0,0,1,0
10227,2011,1,1,0,0,0,0,0,0,0,0
10227,2012,2,1,0,0,0,0,1,0,0,0
10227,2013,2,1,0,0,0,0,1,0,0,0
10229,2001,2,2,1,0,0,0,0,0,0,0
10234,2008,3,1,0,0,0,0,2,0,0,0
10234,2009,1,1,1,0,1,0,0,0,0,0
10236,2002,1,1,0,0,0,0,0,0,1,0
10236,2003,1,1,0,0,0,0,0,0,1,0
10246,2000,1,0,0,0,0,0,1,0,0,0
10246,2005,3,3,0,0,0,0,0,0,1,0
10246,2006,4,4,2,0,0,2,0,0,1,0
10249,2006,3,3,0,0,0,0,0,0,0,0
10249,2007,7,7,2,0,0,0,0,0,0,0
10249,2008,6,5,1,0,0,0,1,0,0,0
10249,2009,6,5,0,0,0,0,1,0,2,0
10249,2013,3,3,1,0,0,0,0,0,1,0
10257,2012,1,1,0,0,0,0,0,0,0,0
10288,2010,5,5,3,0,0,2,0,0,1,0
10288,2011,2,1,1,0,0,0,1,0,0,0
10288,2012,5,4,2,1,0,0,1,0,0,0
10288,2013,6,5,1,0,0,1,1,0,1,0
10288,2014,7,6,2,1,0,0,1,0,1,0
10292,2013,2,2,0,0,0,0,0,0,0,0
10292,2014,3,3,0,0,0,0,0,0,1,0
10292,2015,1,0,0,0,0,0,1,0,0,0
10300,2012,1,1,0,0,0,0,0,0,1,0
10304,2010,1,0,0,0,0,0,1,0,0,0
10313,2004,4,4,0,0,0,0,0,0,0,0
10330,2001,1,1,0,0,0,0,0,0,0,0
10332,2000,3,2,2,0,0,0,1,0,0,0
10332,2001,3,3,1,0,0,0,0,0,1,0
10332,2002,4,4,0,0,0,0,0,0,1,0
10332,2003,1,1,0,0,0,0,0,0,0,0
10332,2005,3,3,2,0,0,0,0,0,0,0
10332,2006,5,4,3,0,0,0,1,0,0,0
10345,2015,3,2,0,0,0,0,1,0,0,0
10409,2002,2,1,0,0,0,0,1,0,0,0
10415,2004,1,0,0,0,0,0,0,1,0,0
10415,2007,1,1,0,0,0,0,0,0,0,0
10415,2009,1,1,0,0,0,0,0,0,1,0
10418,2010,1,1,0,0,0,0,0,0,1,0
10420,2002,3,1,1,0,0,0,2,0,0,0
10440,1998,4,3,0,0,0,0,1,0,3,0
10440,2000,9,7,1,0,0,0,2,0,2,0
10440,2002,3,3,0,0,0,0,0,0,0,0
10440,2003,3,3,1,0,1,0,0,0,0,0
10440,2004,2,2,1,0,0,0,0,0,1,0
10460,2012,1,0,0,0,0,0,1,0,0,0
10468,1998,1,0,0,0,0,0,1,0,0,0
10468,2000,1,1,0,0,0,0,0,0,0,0
10468,2003,1,1,0,0,0,0,0,0,0,0
10474,2015,2,2,1,0,0,1,0,0,0,0
10474,2016,6,5,2,0,0,2,1,0,0,0
10503,2014,4,3,1,0,0,0,1,0,1,0
10503,2016,1,1,0,0,0,0,0,0,0,0
10516,2002,3,2,0,0,0,0,1,0,0,0
10516,2010,6,4,2,1,0,1,1,0,0,1
10537,2004,2,2,0,0,0,0,0,0,1,0
10537,2006,3,3,1,1,0,0,0,0,1,0
10537,2007,2,2,0,0,0,0,0,0,1,0
10537,2008,1,1,0,0,0,0,0,0,1,0
10537,2009,2,2,0,0,0,0,0,0,1,0
10537,2010,2,2,0,0,0,0,0,0,0,0
10547,2006,6,5,2,0,0,2,1,0,0,0
10547,2007,6,6,2,2,0,0,0,0,2,0
10547,2008,3,3,3,2,0,0,0,0,0,0
10547,2009,12,9,2,1,0,0,3,0,2,0
10547,2010,12,10,3,2,0,1,2,0,2,0
10547,2011,14,13,3,2,0,0,1,0,1,0
10547,2012,6,5,1,0,0,0,1,0,0,0
10547,2013,6,6,2,0,0,0,0,0,1,0
10547,2014,3,3,0,0,0,0,0,0,0,0
10547,2016,3,1,0,0,0,0,2,0,1,0
10549,2003,2,2,0,0,0,0,0,0,1,0
10549,2004,5,4,1,0,0,0,0,0,3,1
10549,2005,4,3,1,0,0,1,0,0,2,1
10549,2006,2,1,1,0,0,1,1,0,0,0
10549,2007,1,1,0,0,0,0,0,0,1,0
10549,2008,2,1,1,0,0,1,1,0,0,0
10549,2009,2,1,0,0,0,0,1,0,0,0
10549,2010,1,1,0,0,0,0,0,0,1,0
10565,2014,1,1,0,0,0,0,0,0,0,0
10565,2016,3,2,1,1,0,0,1,0,0,0
10572,1998,2,2,1,0,0,0,0,0,1,0
10572,2002,3,3,1,0,0,0,0,0,1,0
10572,2003,3,3,1,0,0,0,0,0,0,0
10572,2004,2,2,0,0,0,0,0,0,0,0
10572,2005,3,2,2,0,0,0,0,0,0,1
10572,2006,1,1,1,1,0,0,0,0,0,0
10572,2008,1,1,0,0,0,0,0,0,1,0
10572,2009,3,2,1,1,0,0,0,1,0,0
10574,2015,4,2,0,0,0,0,2,0,0,0
10574,2016,3,2,1,0,0,0,1,0,0,0
10576,1998,2,1,0,0,0,0,0,1,1,0
10576,2000,2,2,0,0,0,0,0,0,0,0
10576,2002,1,1,0,0,0,0,0,0,1,0
10587,2014,1,1,0,0,0,0,0,0,0,0
10595,2002,1,1,0,0,0,0,0,0,0,0
10595,2004,3,2,1,0,0,0,1,0,0,0
10595,2005,3,3,2,1,0,0,0,0,1,0
10595,2006,3,3,1,0,0,0,0,0,0,0
10595,2007,3,2,1,0,0,1,1,0,0,0
10597,2000,3,2,0,0,0,0,1,0,0,0
10601,1998,2,1,0,0,0,0,1,0,0,0
10601,1999,1,1,0,0,0,0,0,0,1,0
10601,2000,1,1,1,0,0,0,0,0,0,0
10609,2010,3,2,0,0,0,0,1,0,2,0
10609,2011,6,4,1,0,0,0,2,0,0,0
10609,2015,6,5,3,2,0,1,1,0,0,0
10634,2009,1,1,0,0,0,0,0,0,0,0
10634,2010,1,0,0,0,0,0,1,0,0,0
10634,2011,5,4,0,0,0,0,1,0,0,0
10634,2012,1,1,0,0,0,0,0,0,0,0
10634,2014,1,1,0,0,0,0,0,0,0,0
10634,2015,1,0,0,0,0,0,1,0,0,0
10634,2016,3,3,1,0,0,0,0,0,0,0
10636,1999,1,1,0,0,0,0,0,0,1,0
10636,2000,3,3,1,0,0,0,0,0,1,0
10637,2005,2,2,0,0,0,0,0,0,1,0
10637,2006,4,4,3,0,0,1,0,0,0,0
10650,2016,3,3,0,0,0,0,0,0,1,0
10668,2007,1,1,0,0,0,0,0,0,0,0
10677,1998,2,2,1,1,0,0,0,0,0,0
10677,2000,1,1,0,0,0,0,0,0,0,0
10679,2007,3,3,2,1,0,0,0,0,0,0
10679,2009,3,3,0,0,0,0,0,0,1,0
10679,2010,3,2,0,0,0,0,1,0,1,0
10682,1997,1,1,0,0,0,0,0,0,1,0
10682,2005,4,3,0,0,0,0,1,0,1,0
10682,2006,2,2,0,0,0,0,0,0,0,0
10696,2013,1,1,1,1,0,0,0,0,0,0
10704,2016,1,1,1,0,0,0,0,0,0,0
10706,2015,1,0,0,0,0,0,1,0,0,0
10733,2013,1,1,0,0,0,0,0,0,1,0
10733,2014,1,1,0,0,0,0,0,0,1,0
10753,2006,1,1,0,0,0,0,0,0,0,0
10776,2014,1,1,0,0,0,0,0,0,0,0
10782,2005,3,2,1,0,0,0,1,0,0,0
10782,2006,3,2,1,0,0,1,1,0,0,0
10782,2007,3,2,0,0,0,0,1,0,1,0
10784,2012,3,3,2,0,0,1,0,0,1,0
10784,2013,1,1,1,0,0,0,0,0,0,0
10784,2014,3,3,1,0,0,0,0,0,0,0
10784,2015,6,4,1,1,0,0,2,0,2,0
10784,2016,6,6,0,0,0,0,0,0,3,0
10790,2016,5,3,1,1,0,0,2,0,0,0
10809,1998,3,3,1,0,0,0,0,0,0,0
10809,2000,3,3,0,0,0,0,0,0,0,0
10811,2003,6,5,0,0,0,0,1,0,0,0
10811,2005,2,2,1,0,0,0,0,0,1,0
10832,2006,3,1,0,0,0,0,2,0,0,0
10841,2007,11,10,3,1,1,0,1,0,1,0
10841,2008,6,6,0,0,0,0,0,0,1,0
10841,2009,6,5,1,0,0,0,1,0,1,0
10841,2010,8,6,1,1,0,0,2,0,2,0
10846,2007,1,1,0,0,0,0,0,0,0,0
10846,2008,1,1,0,0,0,0,0,0,0,0
10846,2009,1,1,1,1,0,0,0,0,0,0
10846,2014,1,1,1,1,0,0,0,0,0,0
10846,2015,1,1,0,0,0,0,0,0,0,0
10848,2003,1,1,1,0,0,1,0,0,0,0
10848,2006,1,1,0,0,0,0,0,0,0,0
10848,2010,2,1,1,0,0,0,1,0,0,0
10848,2011,2,1,0,0,0,0,1,0,0,0
10848,2012,1,1,0,0,0,0,0,0,1,0
10856,2003,5,5,2,1,0,1,0,0,1,0
10856,2004,4,4,2,0,0,0,0,0,2,0
10872,2006,3,3,0,0,0,0,0,0,3,0
10881,1998,6,5,1,0,0,0,1,0,0,0
10881,2000,6,6,1,0,0,0,0,0,1,0
10881,2001,10,8,1,1,0,0,1,0,1,1
10881,2002,3,2,1,0,0,1,1,0,0,0
10881,2003,2,2,0,0,0,0,0,0,0,0
10890,2000,1,1,0,0,0,0,0,0,0,0
10890,2004,2,2,0,0,0,0,0,0,1,0
10890,2005,1,0,0,0,0,0,1,0,0,0
10890,2006,3,3,1,0,0,0,0,0,1,0
10890,2007,2,1,0,0,0,0,1,0,0,0
10890,2008,3,2,1,1,0,0,1,0,0,0
10916,1998,2,2,0,0,0,0,0,0,2,0
10920,2000,1,1,0,0,0,0,0,0,0,0
10926,2009,1,1,0,0,0,0,0,0,1,0
10932,2003,1,1,0,0,0,0,0,0,0,0
10932,2005,1,1,1,0,0,1,0,0,0,0
10946,2009,3,3,2,0,0,1,0,0,0,0
10956,2003,3,3,1,0,0,0,0,0,0,0
10956,2004,1,1,0,0,0,0,0,0,0,0
10957,2003,3,3,0,0,0,0,0,0,1,0
10957,2007,1,1,1,0,0,0,0,0,0,0
10963,1998,1,1,0,0,0,0,0,0,0,0
10963,2000,2,2,1,1,0,0,0,0,0,0
10963,2002,1,0,0,0,0,0,0,0,0,1
10963,2005,1,1,1,0,0,0,0,0,0,0
10963,2006,1,1,0,0,0,0,0,0,0,0
10984,2013,1,1,0,0,0,0,0,0,0,0
10999,2000,3,3,0,0,0,0,0,0,1,0
10999,2001,2,1,0,0,0,0,1,0,1,0
10999,2002,3,3,1,0,0,0,0,0,1,0
11042,2004,2,2,0,0,0,0,0,0,1,0
11047,2004,2,2,0,0,0,0,0,0,1,0
11051,1998,1,1,0,0,0,0,0,0,1,0
11059,2014,1,1,0,0,0,0,0,0,0,0
11071,2007,2,2,1,1,0,0,0,0,0,0
11071,2009,1,1,0,0,0,0,0,0,0,0
11079,2003,1,1,1,0,0,0,0,0,0,0
11084,2016,2,2,0,0,0,0,0,0,1,0
11102,2014,2,2,0,0,0,0,0,0,0,0
11102,2015,3,2,1,0,0,0,1,0,1,0
11106,2016,1,1,0,0,0,0,0,0,0,0
11111,2012,3,1,0,0,0,0,2,0,1,0
11111,2015,3,3,1,0,0,0,0,0,1,0
11112,2005,2,2,0,0,0,0,0,0,2,0
11112,2006,2,2,0,0,0,0,0,0,2,0
11112,2007,1,1,0,0,0,0,0,0,0,0
11112,2008,3,1,0,0,0,0,2,0,0,0
11112,2010,1,1,0,0,0,0,0,0,1,0
11112,2014,1,0,0,0,0,0,1,0,0,0
11112,2016,1,1,0,0,0,0,0,0,0,0
11118,2016,2,2,0,0,0,0,0,0,0,0
11127,2014,9,8,2,0,0,0,1,0,1,0
11127,2015,3,3,0,0,0,0,0,0,0,0
11127,2016,9,7,3,2,0,0,2,0,2,0
11128,2011,1,1,0,0,0,0,0,0,0,0
11128,2012,2,0,0,0,0,0,2,0,0,0
11138,2013,3,3,0,0,0,0,0,0,0,0
11141,2000,3,3,1,0,0,0,0,0,2,0
11141,2001,6,5,0,0,0,0,1,0,2,0
11141,2003,2,1,0,0,0,0,1,0,0,0
11141,2004,3,2,1,1,0,0,1,0,0,0
11141,2005,4,4,2,1,0,1,0,0,1,0
11144,2013,1,1,0,0,0,0,0,0,0,0
11146,2016,2,2,1,0,0,0,0,0,0,0
11167,2000,1,1,0,0,0,0,0,0,1,0
11167,2003,1,1,1,0,0,1,0,0,0,0
11167,2004,1,1,0,0,0,0,0,0,0,0
11172,2000,9,6,1,1,0,0,2,0,1,1
11172,2002,16,15,7,1,0,1,0,0,2,1
11172,2003,3,3,0,0,0,0,0,0,2,0
11172,2005,3,3,1,0,0,0,0,0,0,0
11172,2008,3,2,2,0,0,1,1,0,0,0
11175,2014,2,2,0,0,0,0,0,0,0,0
11175,2016,2,1,0,0,0,0,1,0,0,0
11192,1998,3,2,1,0,0,0,1,0,0,0
11192,2000,3,3,1,0,0,0,0,0,1,0
11192,2001,2,2,1,0,0,1,0,0,0,0
11204,2009,3,3,1,0,0,0,0,0,2,0
11204,2012,1,1,0,0,0,0,0,0,0,0
11204,2013,2,2,2,1,0,1,0,0,0,0
11204,2014,1,1,0,0,0,0,0,0,1,0
11204,2016,2,0,0,0,0,0,2,0,0,0
11207,2003,1,1,0,0,0,0,0,0,0,0
11207,2010,1,1,1,0,0,0,0,0,0,0
11215,1998,3,2,0,0,0,0,1,0,0,0
11217,1998,2,2,0,0,0,0,0,0,0,0
11222,2006,2,2,1,0,0,0,0,0,1,0
11222,2007,2,2,2,0,0,0,0,0,0,0
11225,2015,3,3,1,0,0,1,0,0,1,0
11236,2004,1,1,0,0,0,0,0,0,0,0
11240,2011,3,2,1,0,0,1,1,0,1,0
11241,2009,1,1,0,0,0,0,0,0,1,0
11242,2004,2,1,0,0,0,0,1,0,1,0
11244,2008,2,2,1,1,0,0,0,0,0,0
11244,2010,3,2,0,0,0,0,1,0,0,0
11244,2011,5,5,2,0,0,0,0,0,0,0
11245,2002,3,1,0,0,0,0,1,1,1,0
11245,2006,2,2,1,0,0,1,0,0,0,0
11245,2007,2,1,1,1,0,0,1,0,0,0
11245,2008,1,1,0,0,0,0,0,0,0,0
11245,2009,8,6,0,0,0,0,2,0,3,0
11245,2010,2,2,0,0,0,0,0,0,0,0
11247,2000,1,1,0,0,0,0,0,0,0,0
11247,2003,2,2,1,1,0,0,0,0,0,0
11251,2014,7,7,2,1,0,1,0,0,2,0
11251,2015,11,8,2,1,0,0,3,0,1,0
11251,2016,9,8,2,1,0,0,0,0,1,1
11253,2006,1,1,0,0,0,0,0,0,0,0
11256,2000,1,1,0,0,0,0,0,0,0,0
11268,2009,1,1,0,0,0,0,0,0,1,0
11273,2011,1,0,0,0,0,0,1,0,0,0
11282,2006,1,1,0,0,0,0,0,0,0,0
11285,2002,3,2,0,0,0,0,1,0,0,0
11293,2004,1,1,0,0,0,0,0,0,1,0
11295,1998,1,1,1,0,0,0,0,0,0,0
11330,2015,3,2,0,0,0,0,1,0,0,0
11336,2002,1,1,0,0,0,0,0,0,1,0
11337,2007,6,5,1,0,0,0,1,0,1,0
11337,2008,1,1,0,0,0,0,0,0,1,0
11337,2009,1,1,0,0,0,0,0,0,0,0
11337,2010,3,2,0,0,0,0,1,0,1,0
11340,2005,1,1,0,0,0,0,0,0,0,0
11341,2002,1,1,0,0,0,0,0,0,0,0
11342,1997,2,2,2,0,0,0,0,0,0,0
11354,2015,3,2,0,0,0,0,1,0,0,0
11354,2016,1,1,1,0,0,0,0,0,0,0
11377,2013,4,4,0,0,0,0,0,0,1,0
11378,2009,1,1,0,0,0,0,0,0,1,0
11386,2014,1,1,1,0,0,1,0,0,0,0
11396,2015,1,1,0,0,0,0,0,0,0,0
11398,2010,3,3,1,0,0,0,0,0,2,0
11399,2005,1,1,0,0,0,0,0,0,0,0
11399,2010,1,1,1,0,0,1,0,0,0,0
11421,2014,1,0,0,0,0,0,0,0,0,1
11426,2003,5,4,1,0,0,0,0,0,0,1
11426,2004,3,3,0,0,0,0,0,0,0,0
11445,2010,2,2,0,0,0,0,0,0,2,0
11445,2011,1,1,1,0,0,0,0,0,0,0
11460,2005,2,2,0,0,0,0,0,0,1,0
11460,2006,3,3,1,0,0,0,0,0,1,0
11460,2007,2,2,2,0,0,0,0,0,0,0
11460,2008,3,2,0,0,0,0,1,0,1,0
11460,2010,1,1,0,0,0,0,0,0,0,0
11460,2011,1,0,0,0,0,0,1,0,0,0
11460,2012,1,1,0,0,0,0,0,0,0,0
11460,2013,1,0,0,0,0,0,1,0,0,0
11460,2014,3,3,0,0,0,0,0,0,1,0
11460,2015,1,1,0,0,0,0,0,0,0,0
11464,2014,1,1,0,0,0,0,0,0,0,0
11470,2002,2,2,1,1,0,0,0,0,0,0
11470,2003,2,2,0,0,0,0,0,0,1,0
11484,2010,1,0,0,0,0,0,1,0,0,0
11484,2011,3,3,0,0,0,0,0,0,1,0
11484,2013,16,13,1,0,0,0,3,0,3,0
11484,2014,12,11,2,0,0,1,1,0,2,0
11484,2015,6,6,3,1,0,0,0,0,1,0
11484,2016,5,3,1,1,0,0,2,0,2,0
11489,1998,3,3,1,0,0,0,0,0,2,0
11501,2009,1,1,0,0,0,0,0,0,1,0
11512,2016,1,1,1,0,0,1,0,0,0,0
11516,2014,1,1,0,0,0,0,0,0,0,0
11516,2015,2,1,1,1,0,0,1,0,0,0
11522,2000,3,3,0,0,0,0,0,0,1,0
11522,2003,2,2,1,0,0,0,0,0,0,0
11522,2008,2,2,0,0,0,0,0,0,1,0
11522,2009,1,1,0,0,0,0,0,0,0,0
11524,2010,3,3,0,0,0,0,0,0,1,0
11524,2011,6,5,0,0,0,0,1,0,0,0
11524,2014,3,3,1,0,0,1,0,0,0,0
11524,2015,3,3,1,0,0,1,0,0,0,0
11524,2016,3,3,1,0,0,1,0,0,0,0
11531,2014,1,1,0,0,0,0,0,0,0,0
11531,2015,1,1,0,0,0,0,0,0,0,0
11531,2016,3,3,1,0,0,0,0,0,1,0
11541,2013,3,3,1,1,0,0,0,0,1,0
11558,2008,1,1,0,0,0,0,0,0,0,0
11568,2004,2,2,1,0,0,1,0,0,0,0
11568,2005,4,4,1,0,0,1,0,0,1,0
11568,2006,10,7,2,0,0,1,3,0,1,0
11568,2007,2,2,1,0,0,1,0,0,0,0
11570,2008,2,2,0,0,0,0,0,0,0,0
11576,2015,1,1,0,0,0,0,0,0,0,0
11577,2002,1,1,1,0,0,0,0,0,0,0
11577,2007,10,6,2,2,0,0,4,0,0,0
11590,2015,1,1,0,0,0,0,0,0,0,0
11598,2016,2,1,1,0,0,0,1,0,0,0
11606,2001,1,1,0,0,0,0,0,0,0,0
11642,2000,1,1,1,0,0,0,0,0,0,0
11663,2009,3,3,0,0,0,0,0,0,2,0
11663,2011,3,3,0,0,0,0,0,0,0,0
11663,2012,1,1,0,0,0,0,0,0,0,0
11684,2002,1,1,0,0,0,0,0,0,1,0
11684,2003,1,1,0,0,0,0,0,0,1,0
11684,2005,2,2,1,1,0,0,0,0,1,0
11710,2000,3,2,1,0,0,0,1,0,0,0
11710,2001,3,3,1,0,0,0,0,0,0,0
11710,2002,9,8,3,1,0,0,1,0,1,0
11710,2004,2,2,2,0,0,0,0,0,0,0
11716,2012,3,2,0,0,0,0,1,0,0,0
11716,2013,1,1,0,0,0,0,0,0,1,0
11719,2011,1,1,0,0,0,0,0,0,0,0
11746,2010,1,1,1,0,0,1,0,0,0,0
11746,2011,2,2,1,0,0,1,0,0,0,0
11746,2012,1,0,0,0,0,0,0,0,0,1
11756,2010,1,0,0,0,0,0,1,0,0,0
11756,2011,2,1,0,0,0,0,1,0,1,0
11763,2002,2,1,1,1,0,0,1,0,0,0
11763,2003,1,1,0,0,0,0,0,0,0,0
11773,2010,3,3,1,0,0,0,0,0,0,0
11773,2011,3,3,1,0,0,0,0,0,0,0
11773,2012,7,6,1,1,0,0,1,0,2,0
11773,2014,3,3,0,0,0,0,0,0,2,0
11782,2012,1,1,0,0,0,0,0,0,0,0
11786,2010,1,0,0,0,0,0,1,0,0,0
11801,2004,12,12,4,1,0,1,0,0,3,0
11801,2006,5,3,0,0,0,0,2,0,2,0
11801,2007,6,5,1,0,0,1,1,0,2,0
11801,2008,3,3,2,1,0,0,0,0,1,0
11801,2009,3,2,1,0,0,0,1,0,1,0
11801,2010,3,2,1,0,0,1,1,0,1,0
11806,2013,1,1,0,0,0,0,0,0,0,0
11818,2015,3,3,0,0,0,0,0,0,1,0
11822,2000,3,3,1,0,0,0,0,0,1,0
11822,2001,3,3,0,0,0,0,0,0,1,0
11829,2014,3,3,0,0,0,0,0,0,0,0
11829,2015,3,2,2,0,0,0,1,0,0,0
11829,2016,5,5,1,0,0,1,0,0,0,0
11831,2007,1,0,0,0,0,0,1,0,0,0
11831,2009,1,1,0,0,0,0,0,0,0,0
11831,2011,1,1,0,0,0,0,0,0,0,0
11831,2014,2,1,0,0,0,0,1,0,0,0
11837,2000,1,1,0,0,0,0,0,0,0,0
11841,2006,3,1,1,0,0,1,2,0,0,0
11841,2007,3,3,1,1,0,0,0,0,1,0
11841,2008,3,3,1,0,0,0,0,0,1,0
11841,2009,3,3,0,0,0,0,0,0,2,0
11841,2010,3,2,0,0,0,0,1,0,2,0
11841,2011,6,6,2,0,0,1,0,0,0,0
11841,2012,6,6,3,3,0,0,0,0,1,0
11841,2013,3,3,2,0,0,0,0,0,1,0
11841,2015,3,2,1,0,0,0,1,0,1,0
11841,2016,6,6,1,1,0,0,0,0,2,0
11842,2007,1,1,0,0,0,0,0,0,0,0
11844,2015,1,1,1,0,0,1,0,0,0,0
11863,2008,2,2,2,1,0,1,0,0,0,0
11863,2011,1,0,0,0,0,0,1,0,0,0
11863,2012,1,0,0,0,0,0,1,0,0,0
11863,2014,1,1,0,0,0,0,0,0,0,0
11873,2007,2,1,0,0,0,0,1,0,0,0
11875,2004,4,2,0,0,0,0,2,0,1,0
11875,2005,3,1,1,1,0,0,1,1,0,0
11875,2006,6,4,2,0,0,1,2,0,1,0
11875,2007,1,1,1,0,0,0,0,0,0,0
11878,2013,1,0,0,0,0,0,1,0,0,0
11885,2011,1,1,1,0,0,1,0,0,0,0
11893,2016,1,1,0,0,0,0,0,0,1,0
11895,2000,1,1,0,0,0,0,0,0,1,0
11895,2001,1,1,0,0,0,0,0,0,0,0
11895,2005,2,2,0,0,0,0,0,0,1,0
11895,2007,2,1,0,0,0,0,1,0,0,0
11899,2005,2,2,0,0,0,0,0,0,1,0
11904,2013,3,2,0,0,0,0,1,0,0,0
11904,2015,6,4,0,0,0,0,1,0,1,1
11904,2016,3,3,0,0,0,0,0,0,0,0
11905,2009,2,2,1,0,0,1,0,0,0,0
11922,2011,2,1,0,0,0,0,1,0,0,0
11927,2004,3,3,1,0,0,0,0,0,0,0
11927,2005,10,10,3,1,0,2,0,0,1,0
11927,2006,8,7,2,0,0,0,1,0,2,0
11935,2013,1,1,1,0,0,0,0,0,0,0
11935,2014,1,0,0,0,0,0,1,0,0,0
11937,2005,1,0,0,0,0,0,1,0,0,0
11949,1998,3,3,1,0,0,0,0,0,2,0
11949,2000,3,2,1,1,0,0,1,0,0,0
11949,2001,1,1,0,0,0,0,0,0,0,0
11949,2002,6,5,1,1,0,0,1,0,4,0
11952,2011,1,0,0,0,0,0,1,0,0,0
11965,2002,1,1,1,0,0,1,0,0,0,0
11965,2004,4,4,2,0,0,0,0,0,0,0
11965,2005,3,3,1,0,0,1,0,0,2,0
11965,2006,1,1,1,0,0,1,0,0,0,0
11965,2007,7,7,2,0,0,0,0,0,1,0
11965,2008,4,2,0,0,0,0,1,0,0,1
11976,2002,1,1,1,0,0,0,0,0,0,0
11976,2005,3,3,2,0,0,1,0,0,0,0
11976,2006,1,1,0,0,0,0,0,0,0,0
11981,2006,2,1,0,0,0,0,1,0,0,0
11982,2016,2,2,0,0,0,0,0,0,1,0
11987,2002,2,2,0,0,0,0,0,0,2,0
11992,2000,1,1,0,0,0,0,0,0,0,0
12023,2005,5,4,2,0,0,0,1,0,0,0
12023,2006,15,13,6,2,0,1,2,0,2,0
12023,2007,16,13,7,2,0,1,3,0,2,0
12023,2008,6,6,1,0,0,0,0,0,1,0
12023,2009,2,1,0,0,0,0,1,0,0,0
12023,2013,1,0,0,0,0,0,1,0,0,0
12023,2016,2,2,0,0,0,0,0,0,0,0
12046,2013,6,4,1,0,0,1,2,0,2,0
12046,2014,1,1,0,0,0,0,0,0,1,0
12046,2015,7,6,1,1,0,0,1,0,1,0
12046,2016,2,1,1,0,0,1,1,0,0,0
12053,1998,5,4,1,1,0,0,0,0,1,1
12053,2000,1,1,0,0,0,0,0,0,0,0
12053,2003,2,1,0,0,0,0,1,0,1,0
12053,2006,3,1,1,0,0,0,2,0,0,0
12057,2002,4,4,1,0,0,0,0,0,0,0
12057,2004,6,3,1,1,0,0,2,0,0,1
12057,2005,3,2,0,0,0,0,1,0,1,0
12057,2006,6,5,2,2,0,0,1,0,2,0
12057,2007,3,3,2,0,0,0,0,0,1,0
12067,2008,3,2,1,0,0,0,1,0,0,0
12067,2009,1,1,0,0,0,0,0,0,0,0
12080,1998,3,3,0,0,0,0,0,0,0,0
12085,2014,1,1,0,0,0,0,0,0,1,0
12089,2000,1,1,0,0,0,0,0,0,0,0
12094,2000,3,2,1,0,0,0,1,0,1,0
12094,2001,7,6,3,0,0,1,1,0,0,0
12094,2002,3,3,0,0,0,0,0,0,0,0
12094,2003,10,8,2,1,0,1,2,0,0,0
12094,2004,3,2,0,0,0,0,0,0,0,1
12094,2007,5,5,2,0,0,0,0,0,1,0
12095,2006,6,5,4,0,0,1,1,0,0,0
12095,2007,6,5,1,0,0,1,1,0,1,0
12095,2008,6,5,2,1,0,0,1,0,1,0
12095,2009,6,5,0,0,0,0,0,0,2,1
12095,2010,6,6,2,1,0,0,0,0,2,0
12095,2011,3,3,1,0,0,0,0,0,0,0
12095,2013,3,3,0,0,0,0,0,0,1,0
12095,2014,6,5,2,0,0,1,1,0,1,0
12095,2016,3,1,1,0,0,0,2,0,0,0
12100,2014,2,1,0,0,0,0,1,0,0,0
12100,2015,1,0,0,0,0,0,1,0,0,0
12102,2004,1,1,1,0,0,0,0,0,0,0
12105,2014,2,1,0,0,0,0,1,0,0,0
12105,2015,1,1,1,1,0,0,0,0,0,0
12105,2016,1,1,0,0,0,0,0,0,0,0
12107,2001,1,1,0,0,0,0,0,0,0,0
12107,2002,1,0,0,0,0,0,1,0,0,0
12107,2003,3,2,0,0,0,0,1,0,1,0
12143,2000,4,4,1,0,0,0,0,0,2,0
12143,2001,3,3,1,0,0,0,0,0,1,0
12143,2003,9,9,1,0,0,1,0,0,2,0
12143,2004,3,3,2,0,0,0,0,0,0,0
12146,1999,2,2,0,0,0,0,0,0,0,0
12146,2000,5,4,1,0,0,0,0,0,1,1
12146,2001,6,6,2,0,0,0,0,0,1,0
12146,2005,2,2,1,0,1,0,0,0,1,0
12147,2008,1,1,0,0,0,0,0,0,0,0
12147,2012,1,1,0,0,0,0,0,0,0,0
12149,2006,1,0,0,0,0,0,1,0,0,0
12149,2007,1,0,0,0,0,0,1,0,0,0
12154,2016,1,1,1,0,0,0,0,0,0,0
12172,2004,3,3,0,0,0,0,0,0,1,0
12172,2006,7,4,0,0,0,0,3,0,0,0
12172,2008,3,3,1,0,0,0,0,0,1,0
12179,1997,1,1,0,0,0,0,0,0,1,0
12179,1998,1,1,0,0,0,0,0,0,1,0
12179,2000,2,2,0,0,0,0,0,0,2,0
12182,2000,3,3,1,1,0,0,0,0,1,0
12182,2007,5,4,1,0,0,0,1,0,1,0
12182,2008,2,2,0,0,0,0,0,0,0,0
12182,2009,1,1,0,0,0,0,0,0,1,0
12182,2012,2,2,2,0,0,0,0,0,0,0
12192,1998,3,3,0,0,0,0,0,0,1,0
12201,2014,3,3,2,0,0,2,0,0,0,0
12216,2003,1,0,0,0,0,0,1,0,0,0
12216,2004,4,4,1,0,0,0,0,0,0,0
12216,2005,1,1,1,0,0,0,0,0,0,0
12232,1998,1,1,1,1,0,0,0,0,0,0
12232,2004,3,2,1,1,0,0,1,0,0,0
12232,2005,1,1,0,0,0,0,0,0,0,0
12235,2009,1,1,0,0,0,0,0,0,0,0
12235,2010,1,1,1,0,0,0,0,0,0,0
12242,2000,4,3,1,0,0,0,1,0,0,0
12242,2001,2,2,0,0,0,0,0,0,0,0
12242,2002,1,1,0,0,0,0,0,0,0,0
12242,2005,1,0,0,0,0,0,1,0,0,0
12271,2012,1,1,1,0,0,0,0,0,0,0
12271,2014,2,2,1,0,0,0,0,0,0,0
12271,2015,1,1,1,0,0,0,0,0,0,0
12272,2011,1,0,0,0,0,0,1,0,0,0
12288,2000,2,2,0,0,0,0,0,0,0,0
12302,2005,3,2,1,0,0,0,1,0,0,0
12303,2010,2,2,1,0,0,0,0,0,1,0
12321,2004,3,3,2,0,0,1,0,0,0,0
12321,2013,4,4,2,0,0,1,0,0,0,0
12321,2015,2,2,1,0,0,1,0,0,0,0
12335,2003,1,1,0,0,0,0,0,0,0,0
12346,2004,1,0,0,0,0,0,1,0,0,0
12346,2009,1,1,0,0,0,0,0,0,1,0
12353,2004,1,1,1,0,0,0,0,0,0,0
12353,2005,1,1,1,0,0,0,0,0,0,0
12353,2006,2,2,2,1,0,0,0,0,0,0
12353,2007,1,1,1,0,0,0,0,0,0,0
12358,1998,6,5,1,1,0,0,1,0,2,0
12358,2003,3,3,2,2,0,0,0,0,0,0
12361,2016,2,2,0,0,0,0,0,0,0,0
12362,2010,1,0,0,0,0,0,1,0,0,0
12369,2005,1,1,0,0,0,0,0,0,0,0
12369,2007,1,1,0,0,0,0,0,0,0,0
12369,2008,1,1,1,0,0,0,0,0,0,0
12369,2009,4,4,0,0,0,0,0,0,2,0
12369,2010,3,3,0,0,0,0,0,0,2,0
12369,2011,3,3,0,0,0,0,0,0,1,0
12369,2013,3,3,1,1,0,0,0,0,0,0
12369,2014,3,1,1,1,0,0,2,0,0,0
12369,2015,7,7,2,0,0,0,0,0,1,0
12382,2015,4,4,1,1,0,0,0,0,1,0
12382,2016,3,3,1,0,0,0,0,0,0,0
12385,2000,2,2,1,0,0,0,0,0,1,0
12385,2001,7,6,4,1,0,1,1,0,1,0
12391,2001,2,1,0,0,0,0,1,0,1,0
12397,1998,1,0,0,0,0,0,1,0,0,0
12399,2016,9,7,2,2,0,0,1,1,0,0
12410,2006,2,2,0,0,0,0,0,0,0,0
12433,2001,1,1,0,0,0,0,0,0,0,0
12437,1998,2,2,1,0,0,0,0,0,1,0
12437,2004,1,1,0,0,0,0,0,0,1,0
12442,1997,1,0,0,0,0,0,1,0,0,0
12450,2002,5,5,3,1,0,1,0,0,2,0
12456,2007,1,1,0,0,0,0,0,0,1,0
12456,2008,2,2,0,0,0,0,0,0,1,0
12456,2009,1,1,0,0,0,0,0,0,1,0
12460,2004,2,1,1,0,0,0,1,0,0,0
12460,2011,3,2,1,0,0,0,1,0,0,0
12461,2010,1,0,0,0,0,0,1,0,0,0
12461,2013,1,1,0,0,0,0,0,0,0,0
12472,2014,1,1,0,0,0,0,0,0,0,0
12476,2011,2,2,1,0,0,0,0,0,1,0
12486,2006,5,5,1,0,0,0,0,0,1,0
12486,2007,1,1,0,0,0,0,0,0,0,0
12492,2009,1,1,1,0,0,0,0,0,0,0
12492,2010,3,1,0,0,0,0,2,0,0,0
12492,2011,1,1,0,0,0,0,0,0,0,0
12494,2003,2,1,0,0,0,0,1,0,0,0
12497,2000,3,2,0,0,0,0,1,0,0,0
12497,2001,5,5,1,0,0,0,0,0,2,0
12502,2014,3,2,1,1,0,0,0,0,0,1
12510,2011,3,3,0,0,0,0,0,0,1,0
12510,2013,5,5,3,0,0,0,0,0,0,0
12510,2016,3,3,1,0,0,0,0,0,1,0
12513,1998,1,1,1,0,0,1,0,0,0,0
12513,2004,1,1,0,0,0,0,0,0,0,0
12520,2007,2,2,0,0,0,0,0,0,0,0
12522,2001,3,3,0,0,0,0,0,0,2,0
12522,2002,6,4,1,0,0,0,2,0,1,0
12522,2003,1,0,0,0,0,0,1,0,0,0
12526,2000,3,2,1,0,0,1,1,0,0,0
12526,2007,3,2,0,0,0,0,1,0,0,0
12526,2008,1,0,0,0,0,0,1,0,0,0
12526,2009,5,3,1,1,0,0,2,0,1,0
12526,2010,2,2,0,0,0,0,0,0,0,0
12526,2011,4,3,0,0,0,0,1,0,1,0
12526,2013,1,1,0,0,0,0,0,0,0,0
12527,1997,4,4,2,0,0,0,0,0,2,0
12527,1998,3,3,2,1,0,0,0,0,0,0
12527,2004,3,3,1,0,0,1,0,0,0,0
12527,2005,5,3,0,0,0,0,1,0,1,1
12527,2006,9,7,2,0,0,1,2,0,1,0
12532,2015,2,2,2,0,0,1,0,0,0,0
12532,2016,5,5,2,0,0,2,0,0,1,0
12537,2013,3,2,1,0,0,0,1,0,0,0
12540,2009,1,1,0,0,0,0,0,0,0,0
12541,2000,1,0,0,0,0,0,1,0,0,0
12541,2001,2,1,0,0,0,0,0,0,1,0
12541,2002,5,4,1,1,0,0,1,0,0,0
12541,2003,1,1,0,0,0,0,0,0,0,0
12550,2005,3,2,1,1,0,0,1,0,0,0
12551,2009,2,2,1,0,0,0,0,0,0,0
12557,1998,2,2,0,0,0,0,0,0,1,0
12557,2000,1,1,1,0,0,0,0,0,0,0
12557,2001,2,2,1,0,0,1,0,0,0,0
12557,2003,1,1,1,1,0,0,0,0,0,0
12567,2014,1,0,0,0,0,0,1,0,0,0
12567,2016,1,0,0,0,0,0,1,0,0,0
12568,2007,1,1,0,0,0,0,0,0,1,0
12578,2016,1,0,0,0,0,0,1,0,0,0
12597,2004,3,2,0,0,0,0,1,0,1,0
12597,2005,2,1,1,0,0,1,1,0,0,0
12597,2007,3,2,0,0,0,0,1,0,2,0
12597,2014,3,2,0,0,0,0,1,0,0,0
12597,2015,3,2,1,0,0,1,1,0,0,0
12597,2016,1,1,0,0,0,0,0,0,1,0
12624,2000,1,1,1,0,0,1,0,0,0,0
12633,2005,3,2,0,0,0,0,1,0,1,0
12633,2011,3,3,1,0,0,1,0,0,0,0
12633,2012,3,2,0,0,0,0,1,0,0,0
12635,2001,1,1,1,0,0,1,0,0,0,0
12635,2003,12,8,2,0,0,0,4,0,4,0
12635,2004,6,3,2,1,0,1,3,0,0,0
12635,2007,2,2,0,0,0,0,0,0,0,0
12650,2013,1,1,0,0,0,0,0,0,0,0
12650,2014,1,1,0,0,0,0,0,0,1,0
12656,2008,1,1,0,0,0,0,0,0,0,0
12656,2009,1,1,0,0,0,0,0,0,0,0
12656,2010,2,0,0,0,0,0,2,0,0,0
12661,2001,1,1,0,0,0,0,0,0,0,0
12663,2009,3,2,0,0,0,0,0,0,1,1
12663,2012,3,3,2,1,0,1,0,0,0,0
12663,2015,2,2,1,0,0,0,0,0,0,0
12671,2001,2,2,2,1,0,0,0,0,0,0
12671,2002,6,6,2,0,0,0,0,0,0,0
12671,2004,6,5,1,0,0,1,1,0,1,0
12671,2005,6,6,3,2,0,0,0,0,0,0
12671,2006,6,5,2,0,0,1,0,1,1,0
12671,2007,1,1,0,0,0,0,0,0,1,0
12671,2013,2,2,0,0,0,0,0,0,1,0
12679,2006,2,2,0,0,0,0,0,0,0,0
12679,2010,1,1,1,0,0,0,0,0,0,0
