0,2006,5,5,1,0,0,1,0,0,2,0
0,2010,1,1,0,0,0,0,0,0,0,0
5,2015,1,1,0,0,0,0,0,0,0,0
23,2019,1,0,0,0,0,0,1,0,0,0
23,2021,2,2,1,0,0,1,0,0,1,0
25,2011,1,1,0,0,0,0,0,0,0,0
28,2007,1,1,1,0,0,0,0,0,0,0
30,2005,1,1,0,0,0,0,0,0,0,0
30,2006,1,1,1,0,0,0,0,0,0,0
31,2013,1,1,0,0,0,0,0,0,0,0
33,2001,2,1,0,0,0,0,1,0,0,0
34,2001,5,4,2,1,0,0,1,0,0,0
34,2002,3,3,0,0,0,0,0,0,0,0
34,2004,12,9,2,1,0,1,3,0,1,0
35,2014,1,1,1,0,0,0,0,0,0,0
35,2015,1,1,0,0,0,0,0,0,0,0
41,2008,1,0,0,0,0,0,1,0,0,0
41,2010,1,1,0,0,0,0,0,0,0,0
41,2011,1,1,0,0,0,0,0,0,0,0
49,2020,1,1,0,0,0,0,0,0,0,0
60,2004,2,1,1,1,0,0,1,0,0,0
60,2005,1,1,0,0,0,0,0,0,0,0
60,2008,3,1,0,0,0,0,1,0,0,1
60,2009,2,1,0,0,0,0,1,0,1,0
60,2010,2,2,0,0,0,0,0,0,1,0
60,2011,2,2,0,0,0,0,0,0,1,0
60,2012,3,3,1,0,0,0,0,0,0,0
60,2014,1,1,0,0,0,0,0,0,1,0
68,2001,3,3,0,0,0,0,0,0,0,0
68,2002,2,2,0,0,0,0,0,0,1,0
68,2003,1,1,1,0,1,0,0,0,0,0
73,2011,2,1,0,0,0,0,0,1,0,0
79,2006,2,1,0,0,0,0,1,0,0,0
79,2008,1,1,1,0,0,1,0,0,0,0
82,2016,3,3,0,0,0,0,0,0,0,0
86,2002,2,2,1,0,0,0,0,0,0,0
86,2003,5,5,2,0,0,0,0,0,0,0
86,2006,1,1,0,0,0,0,0,0,0,0
86,2008,2,1,1,0,0,0,0,1,0,0
86,2010,1,1,0,0,0,0,0,0,0,0
86,2011,1,1,0,0,0,0,0,0,0,0
107,2022,1,0,0,0,0,0,1,0,0,0
109,2019,1,1,1,1,0,0,0,0,0,0
112,2017,5,5,2,0,0,0,0,0,0,0
116,2007,6,5,0,0,0,0,1,0,2,0
116,2014,1,0,0,0,0,0,0,1,0,0
116,2015,2,2,0,0,0,0,0,0,1,0
116,2017,1,1,0,0,0,0,0,0,0,0
116,2019,1,1,0,0,0,0,0,0,0,0
118,2013,1,0,0,0,0,0,1,0,0,0
118,2015,1,1,0,0,0,0,0,0,0,0
118,2017,1,1,1,1,0,0,0,0,0,0
125,2016,2,2,1,0,0,0,0,0,0,0
129,2018,1,1,0,0,0,0,0,0,0,0
129,2019,1,1,0,0,0,0,0,0,0,0
141,2022,1,1,1,0,0,0,0,0,0,0
144,2017,1,1,0,0,0,0,0,0,0,0
144,2018,2,2,0,0,0,0,0,0,1,0
148,2001,3,3,0,0,0,0,0,0,0,0
148,2002,2,1,0,0,0,0,1,0,0,0
148,2003,4,4,2,0,0,0,0,0,0,0
148,2004,1,1,0,0,0,0,0,0,0,0
148,2005,1,0,0,0,0,0,1,0,0,0
155,2019,3,3,1,0,0,1,0,0,0,0
155,2020,2,2,1,0,0,0,0,0,0,0
155,2021,2,2,0,0,0,0,0,0,0,0
162,2015,2,2,1,0,0,0,0,0,0,0
162,2017,2,2,0,0,0,0,0,0,1,0
162,2018,1,1,1,0,0,0,0,0,0,0
173,2022,1,1,0,0,0,0,0,0,0,0
185,2001,1,1,0,0,0,0,0,0,0,0
185,2002,1,1,0,0,0,0,0,0,0,0
185,2005,1,1,0,0,0,0,0,0,0,0
186,2002,1,1,0,0,0,0,0,0,1,0
186,2004,1,1,0,0,0,0,0,0,0,0
191,2003,2,1,0,0,0,0,1,0,0,0
192,2003,2,1,0,0,0,0,1,0,0,0
194,2022,2,2,0,0,0,0,0,0,1,0
207,2016,1,1,1,0,0,0,0,0,0,0
207,2017,2,2,1,0,0,0,0,0,0,0
207,2020,1,1,0,0,0,0,0,0,0,0
225,2012,7,7,0,0,0,0,0,0,1,0
225,2014,3,3,0,0,0,0,0,0,0,0
228,2013,3,2,0,0,0,0,0,1,1,0
228,2021,3,3,2,0,0,1,0,0,0,0
229,2021,1,1,0,0,0,0,0,0,0,0
229,2022,3,2,0,0,0,0,1,0,1,0
234,2015,2,2,0,0,0,0,0,0,1,0
239,2004,2,1,0,0,0,0,1,0,0,0
239,2005,1,1,0,0,0,0,0,0,0,0
253,2013,4,3,1,0,0,0,1,0,1,0
261,2002,1,1,0,0,0,0,0,0,0,0
263,2012,3,3,0,0,0,0,0,0,1,0
263,2013,2,2,0,0,0,0,0,0,0,0
263,2018,2,2,0,0,0,0,0,0,0,0
263,2019,9,9,1,0,0,0,0,0,2,0
268,2015,3,3,1,0,0,0,0,0,0,0
268,2022,4,3,1,0,0,0,0,0,0,1
280,2001,11,8,2,1,0,0,2,1,1,0
280,2002,5,5,4,0,0,1,0,0,0,0
280,2003,4,4,3,0,0,0,0,0,0,0
290,2001,1,1,0,0,0,0,0,0,0,0
290,2005,1,1,1,0,0,0,0,0,0,0
299,2018,2,2,0,0,0,0,0,0,1,0
299,2020,3,3,2,1,0,0,0,0,0,0
299,2021,3,3,2,0,0,0,0,0,0,0
299,2022,2,2,0,0,0,0,0,0,1,0
300,2019,2,2,1,0,0,0,0,0,0,0
309,2016,4,3,0,0,0,0,0,0,0,1
333,2001,6,5,2,2,0,0,1,0,1,0
333,2002,2,1,0,0,0,0,0,1,0,0
335,2005,2,1,1,0,0,1,1,0,0,0
335,2006,2,2,1,0,0,0,0,0,0,0
335,2007,1,1,1,0,0,0,0,0,0,0
339,2022,1,1,0,0,0,0,0,0,0,0
343,2014,6,6,3,0,0,0,0,0,1,0
343,2015,4,4,1,0,0,1,0,0,0,0
343,2016,3,2,1,0,0,0,1,0,1,0
343,2017,3,3,1,0,0,0,0,0,1,0
343,2018,3,3,0,0,0,0,0,0,0,0
343,2019,2,2,1,0,0,0,0,0,0,0
354,2007,1,1,0,0,0,0,0,0,0,0
354,2008,1,1,1,0,0,0,0,0,0,0
354,2009,1,0,0,0,0,0,0,1,0,0
359,2021,2,2,0,0,0,0,0,0,0,0
364,2001,6,5,3,0,1,0,1,0,1,0
364,2005,3,2,0,0,0,0,1,0,0,0
364,2006,3,3,1,0,0,0,0,0,0,0
364,2007,7,5,1,1,0,0,2,0,0,0
364,2008,3,3,0,0,0,0,0,0,0,0
366,2019,1,1,0,0,0,0,0,0,0,0
369,2019,1,1,0,0,0,0,0,0,0,0
369,2022,1,1,0,0,0,0,0,0,0,0
380,2011,2,2,0,0,0,0,0,0,0,0
382,2012,5,4,0,0,0,0,1,0,1,0
382,2016,3,3,0,0,0,0,0,0,1,0
384,2001,5,5,2,1,0,0,0,0,0,0
384,2002,2,1,0,0,0,0,1,0,0,0
384,2006,14,12,2,0,0,1,2,0,0,0
384,2007,13,12,3,1,0,1,1,0,1,0
384,2008,14,12,6,2,0,1,2,0,1,0
384,2009,9,7,3,1,0,0,2,0,0,0
384,2010,17,11,1,0,0,0,5,0,1,1
384,2011,13,13,3,1,0,1,0,0,2,0
384,2013,3,2,1,1,0,0,0,0,0,1
393,2009,2,2,0,0,0,0,0,0,1,0
395,2002,6,5,1,1,0,0,0,1,0,0
398,2021,1,1,0,0,0,0,0,0,1,0
398,2022,4,4,2,0,0,2,0,0,1,0
401,2022,3,3,1,1,0,0,0,0,0,0
408,2022,2,2,1,1,0,0,0,0,1,0
411,2005,3,3,2,0,0,0,0,0,0,0
412,2001,5,4,2,0,0,1,0,0,0,1
412,2002,4,4,0,0,0,0,0,0,2,0
412,2003,3,3,2,0,0,2,0,0,0,0
412,2006,3,3,1,0,0,1,0,0,0,0
417,2007,2,2,0,0,0,0,0,0,0,0
417,2014,1,1,1,0,0,0,0,0,0,0
438,2003,3,3,0,0,0,0,0,0,0,0
449,2017,1,1,1,0,0,0,0,0,0,0
455,2013,3,3,1,1,0,0,0,0,1,0
456,2009,1,1,0,0,0,0,0,0,0,0
456,2010,3,2,0,0,0,0,1,0,1,0
456,2011,4,4,0,0,0,0,0,0,2,0
456,2015,1,1,0,0,0,0,0,0,0,0
456,2016,3,3,0,0,0,0,0,0,0,0
456,2018,3,3,0,0,0,0,0,0,2,0
459,2003,1,1,1,0,0,0,0,0,0,0
459,2004,2,2,0,0,0,0,0,0,0,0
459,2007,1,1,0,0,0,0,0,0,1,0
459,2012,5,5,1,0,0,0,0,0,0,0
461,2001,1,1,0,0,0,0,0,0,0,0
472,2004,6,5,2,0,0,2,1,0,1,0
472,2005,7,5,1,0,0,1,2,0,0,0
472,2008,3,1,0,0,0,0,2,0,0,0
479,2010,1,1,0,0,0,0,0,0,0,0
479,2011,3,3,2,1,0,1,0,0,1,0
479,2012,2,2,0,0,0,0,0,0,0,0
479,2014,2,1,0,0,0,0,1,0,0,0
485,2006,1,0,0,0,0,0,1,0,0,0
485,2010,2,1,0,0,0,0,1,0,0,0
485,2011,1,1,1,0,0,0,0,0,0,0
490,2014,1,1,0,0,0,0,0,0,0,0
490,2015,1,1,1,0,0,0,0,0,0,0
490,2016,2,1,1,0,0,0,1,0,0,0
490,2020,1,1,1,0,0,0,0,0,0,0
494,2010,1,1,0,0,0,0,0,0,0,0
494,2013,2,2,1,0,0,0,0,0,0,0
498,2001,1,1,0,0,0,0,0,0,0,0
498,2002,2,1,1,0,0,0,1,0,0,0
500,2007,3,0,0,0,0,0,2,0,0,1
500,2008,3,2,1,0,0,1,1,0,0,0
500,2009,7,6,2,0,0,0,0,0,1,1
500,2010,7,5,1,1,0,0,2,0,1,0
500,2011,5,5,1,0,0,0,0,0,0,0
500,2019,6,5,2,1,0,0,0,0,1,1
513,2022,1,1,0,0,0,0,0,0,0,0
528,2014,3,3,1,0,0,0,0,0,0,0
541,2001,3,3,1,0,0,0,0,0,0,0
541,2002,3,3,1,0,0,1,0,0,0,0
546,2011,2,2,1,0,0,1,0,0,0,0
547,2003,3,3,0,0,0,0,0,0,0,0
550,2012,3,3,1,0,0,0,0,0,1,0
550,2013,3,2,1,0,0,0,1,0,0,0
550,2014,2,2,0,0,0,0,0,0,0,0
557,2019,1,1,0,0,0,0,0,0,0,0
557,2022,1,1,0,0,0,0,0,0,1,0
574,2007,4,4,1,0,0,0,0,0,0,0
574,2008,3,2,1,1,0,0,1,0,1,0
574,2009,6,5,1,0,0,1,1,0,0,0
579,2022,1,1,0,0,0,0,0,0,0,0
581,2021,2,2,1,0,0,0,0,0,0,0
592,2021,1,1,0,0,0,0,0,0,0,0
614,2019,3,3,2,0,0,0,0,0,0,0
614,2021,1,1,0,0,0,0,0,0,1,0
622,2017,1,1,0,0,0,0,0,0,0,0
622,2018,1,1,0,0,0,0,0,0,0,0
629,2016,1,1,1,1,0,0,0,0,0,0
629,2017,1,1,0,0,0,0,0,0,0,0
629,2019,2,2,0,0,0,0,0,0,0,0
635,2016,4,3,0,0,0,0,0,1,1,0
635,2017,6,6,0,0,0,0,0,0,0,0
635,2018,1,1,0,0,0,0,0,0,0,0
636,2007,3,3,1,0,0,1,0,0,0,0
651,2006,1,1,1,0,0,0,0,0,0,0
652,2017,1,1,0,0,0,0,0,0,0,0
680,2012,3,2,0,0,0,0,1,0,0,0
680,2014,3,3,2,0,0,1,0,0,0,0
680,2015,6,5,2,0,0,0,1,0,1,0
680,2019,1,1,0,0,0,0,0,0,0,0
681,2010,2,0,0,0,0,0,2,0,0,0
683,2015,2,2,2,1,0,0,0,0,0,0
683,2018,3,3,0,0,0,0,0,0,0,0
683,2019,3,3,2,0,0,1,0,0,0,0
683,2020,4,4,1,0,0,0,0,0,0,0
683,2022,3,3,0,0,0,0,0,0,0,0
687,2014,1,1,0,0,0,0,0,0,0,0
698,2001,3,3,0,0,0,0,0,0,1,0
698,2005,1,1,1,0,0,1,0,0,0,0
698,2006,6,4,0,0,0,0,2,0,0,0
698,2010,2,1,0,0,0,0,1,0,0,0
698,2011,1,1,1,0,0,0,0,0,0,0
711,2014,4,4,1,0,0,0,0,0,1,0
711,2015,3,3,1,1,0,0,0,0,1,0
711,2016,7,7,2,0,0,0,0,0,0,0
711,2017,4,4,0,0,0,0,0,0,0,0
719,2006,3,3,0,0,0,0,0,0,0,0
719,2008,3,2,0,0,0,0,1,0,0,0
719,2009,1,1,1,0,0,1,0,0,0,0
722,2019,1,1,0,0,0,0,0,0,0,0
729,2007,2,2,0,0,0,0,0,0,0,0
732,2009,2,2,1,0,0,0,0,0,1,0
733,2011,3,3,0,0,0,0,0,0,1,0
737,2008,3,3,1,1,0,0,0,0,0,0
747,2022,1,1,0,0,0,0,0,0,0,0
752,2011,1,1,0,0,0,0,0,0,0,0
754,2012,9,9,3,1,0,1,0,0,0,0
758,2017,1,1,0,0,0,0,0,0,0,0
762,2002,3,3,1,0,0,0,0,0,1,0
762,2003,6,4,2,1,0,0,2,0,0,0
762,2004,6,4,1,0,0,1,2,0,1,0
762,2005,3,2,0,0,0,0,1,0,0,0
771,2013,3,3,0,0,0,0,0,0,0,0
771,2014,3,3,0,0,0,0,0,0,1,0
773,2022,1,1,0,0,0,0,0,0,0,0
777,2022,1,0,0,0,0,0,0,1,0,0
778,2018,2,2,1,1,0,0,0,0,1,0
778,2019,1,1,1,0,0,0,0,0,0,0
786,2001,5,3,1,0,0,0,2,0,0,0
786,2002,8,8,2,1,0,0,0,0,0,0
786,2003,3,2,2,1,0,0,1,0,0,0
786,2006,1,0,0,0,0,0,1,0,0,0
786,2007,1,0,0,0,0,0,1,0,0,0
793,2014,2,2,0,0,0,0,0,0,0,0
794,2003,1,1,0,0,0,0,0,0,0,0
794,2005,7,7,2,0,0,1,0,0,0,0
794,2006,2,2,1,1,0,0,0,0,1,0
794,2007,3,2,0,0,0,0,1,0,0,0
794,2010,1,1,0,0,0,0,0,0,0,0
794,2011,1,1,0,0,0,0,0,0,0,0
794,2012,2,2,1,1,0,0,0,0,0,0
794,2017,1,1,0,0,0,0,0,0,0,0
794,2018,1,1,0,0,0,0,0,0,0,0
795,2012,2,2,0,0,0,0,0,0,0,0
795,2013,1,1,0,0,0,0,0,0,0,0
795,2014,1,1,0,0,0,0,0,0,0,0
799,2015,1,1,1,0,0,1,0,0,0,0
804,2017,1,1,0,0,0,0,0,0,0,0
812,2005,1,1,0,0,0,0,0,0,1,0
812,2007,1,0,0,0,0,0,1,0,0,0
812,2008,1,1,1,0,0,0,0,0,0,0
812,2010,1,1,1,0,0,0,0,0,0,0
812,2011,1,1,0,0,0,0,0,0,0,0
825,2001,3,3,0,0,0,0,0,0,1,0
828,2010,2,2,0,0,0,0,0,0,0,0
831,2012,2,1,1,0,0,0,1,0,0,0
837,2004,2,2,0,0,0,0,0,0,0,0
846,2002,5,5,2,0,0,0,0,0,0,0
848,2001,2,2,0,0,0,0,0,0,0,0
848,2002,1,1,0,0,0,0,0,0,1,0
848,2004,1,1,0,0,0,0,0,0,0,0
848,2005,1,1,1,0,0,0,0,0,0,0
848,2007,3,3,1,0,0,0,0,0,0,0
853,2020,2,2,2,0,0,1,0,0,0,0
859,2004,2,2,1,1,0,0,0,0,0,0
859,2008,2,2,0,0,0,0,0,0,0,0
861,2004,1,1,0,0,0,0,0,0,0,0
861,2012,2,2,0,0,0,0,0,0,0,0
861,2013,1,1,0,0,0,0,0,0,0,0
861,2015,1,1,0,0,0,0,0,0,0,0
861,2016,2,2,0,0,0,0,0,0,1,0
863,2002,12,12,3,0,0,2,0,0,2,0
863,2004,15,14,4,2,0,0,1,0,2,0
863,2005,4,4,2,0,0,2,0,0,0,0
872,2001,12,10,1,0,0,0,1,0,3,1
872,2002,3,3,0,0,0,0,0,0,0,0
876,2015,2,2,1,1,0,0,0,0,0,0
876,2017,2,2,0,0,0,0,0,0,0,0
880,2009,2,1,1,0,0,1,1,0,0,0
881,2010,3,3,1,0,0,0,0,0,0,0
881,2011,1,1,1,0,0,0,0,0,0,0
890,2003,1,1,1,0,0,1,0,0,0,0
890,2004,1,1,0,0,0,0,0,0,0,0
890,2005,1,0,0,0,0,0,1,0,0,0
904,2018,3,3,1,1,0,0,0,0,0,0
904,2019,3,3,2,0,0,0,0,0,1,0
904,2022,3,2,1,0,0,0,1,0,0,0
919,2014,2,2,0,0,0,0,0,0,1,0
919,2015,1,1,0,0,0,0,0,0,0,0
919,2016,1,1,1,0,0,1,0,0,0,0
919,2017,2,2,1,0,0,0,0,0,1,0
920,2009,1,1,1,0,0,0,0,0,0,0
920,2010,1,1,0,0,0,0,0,0,0,0
920,2015,1,1,1,0,0,0,0,0,0,0
927,2015,2,2,1,0,0,1,0,0,0,0
934,2016,2,2,1,0,0,0,0,0,0,0
934,2017,1,1,0,0,0,0,0,0,1,0
934,2018,2,2,0,0,0,0,0,0,0,0
934,2019,2,2,1,0,0,0,0,0,0,0
943,2022,1,1,1,0,0,1,0,0,0,0
944,2019,2,1,0,0,0,0,1,0,1,0
945,2004,1,1,0,0,0,0,0,0,0,0
947,2019,7,7,3,0,0,1,0,0,0,0
961,2011,1,1,0,0,0,0,0,0,0,0
961,2014,1,1,0,0,0,0,0,0,0,0
962,2006,6,3,1,1,0,0,2,1,0,0
962,2007,1,1,0,0,0,0,0,0,0,0
962,2008,3,3,1,0,0,0,0,0,1,0
962,2009,6,5,0,0,0,0,1,0,0,0
962,2010,3,3,1,0,0,0,0,0,0,0
962,2011,3,3,0,0,0,0,0,0,0,0
962,2012,3,3,1,0,0,0,0,0,0,0
968,2022,1,1,1,0,0,0,0,0,0,0
969,2019,3,3,0,0,0,0,0,0,0,0
985,2012,6,6,1,1,0,0,0,0,1,0
986,2017,3,3,1,0,0,0,0,0,0,0
988,2012,3,3,0,0,0,0,0,0,1,0
1009,2008,3,2,0,0,0,0,1,0,1,0
1009,2009,7,6,1,0,0,0,1,0,1,0
1009,2010,7,7,2,0,0,0,0,0,1,0
1009,2011,1,1,0,0,0,0,0,0,1,0
1009,2016,2,2,1,0,0,0,0,0,0,0
1016,2003,1,1,0,0,0,0,0,0,0,0
1027,2013,1,1,0,0,0,0,0,0,0,0
1027,2016,1,1,1,1,0,0,0,0,0,0
1032,2021,1,0,0,0,0,0,1,0,0,0
1035,2012,1,1,0,0,0,0,0,0,0,0
1035,2013,2,2,1,0,0,0,0,0,0,0
1062,2002,4,3,1,0,0,1,1,0,0,0
1062,2003,6,6,3,2,0,0,0,0,0,0
1062,2004,2,1,1,0,0,1,1,0,0,0
1081,2022,1,1,0,0,0,0,0,0,0,0
1087,2016,2,2,1,0,0,0,0,0,0,0
1087,2017,1,1,1,0,0,1,0,0,0,0
1095,2006,3,3,1,0,0,0,0,0,1,0
1095,2013,3,2,0,0,0,0,1,0,0,0
1098,2004,3,2,0,0,0,0,1,0,0,0
1106,2014,3,2,0,0,0,0,1,0,0,0
1120,2007,1,1,1,0,0,1,0,0,0,0
1120,2009,1,1,1,1,0,0,0,0,0,0
1120,2013,1,1,0,0,0,0,0,0,0,0
1124,2002,4,3,1,1,0,0,0,1,1,0
1133,2006,3,2,0,0,0,0,1,0,1,0
1133,2007,1,1,0,0,0,0,0,0,0,0
1133,2008,1,1,1,0,0,1,0,0,0,0
1138,2002,1,1,0,0,0,0,0,0,0,0
1138,2004,2,2,1,0,0,0,0,0,0,0
1138,2006,1,1,0,0,0,0,0,0,0,0
1143,2016,1,1,0,0,0,0,0,0,0,0
1145,2016,1,1,0,0,0,0,0,0,0,0
1145,2017,1,1,0,0,0,0,0,0,0,0
1159,2001,4,4,2,0,0,0,0,0,1,0
1160,2001,1,1,1,1,0,0,0,0,0,0
1160,2004,2,2,0,0,0,0,0,0,1,0
1160,2005,3,3,0,0,0,0,0,0,2,0
1190,2007,2,2,1,0,0,1,0,0,0,0
1197,2019,1,1,0,0,0,0,0,0,0,0
1200,2014,1,1,0,0,0,0,0,0,0,0
1200,2015,2,2,0,0,0,0,0,0,0,0
1200,2017,1,1,0,0,0,0,0,0,0,0
1200,2022,2,2,1,1,0,0,0,0,0,0
1204,2018,5,5,1,0,0,0,0,0,0,0
1204,2019,3,3,0,0,0,0,0,0,0,0
1206,2017,1,1,0,0,0,0,0,0,0,0
1206,2018,1,1,0,0,0,0,0,0,0,0
1214,2012,2,1,1,0,0,0,1,0,0,0
1214,2014,2,2,1,0,0,0,0,0,0,0
1214,2015,1,0,0,0,0,0,1,0,0,0
1214,2016,3,2,0,0,0,0,0,0,0,1
1214,2017,2,2,0,0,0,0,0,0,0,0
1214,2019,1,0,0,0,0,0,1,0,0,0
1216,2018,2,2,0,0,0,0,0,0,0,0
1216,2021,1,1,1,0,0,0,0,0,0,0
1221,2004,1,1,0,0,0,0,0,0,0,0
1221,2006,2,2,0,0,0,0,0,0,0,0
1222,2018,5,4,0,0,0,0,1,0,1,0
1222,2019,2,2,0,0,0,0,0,0,0,0
1240,2010,2,1,0,0,0,0,1,0,0,0
1258,2019,1,1,0,0,0,0,0,0,1,0
1263,2021,3,3,0,0,0,0,0,0,1,0
1265,2008,1,1,0,0,0,0,0,0,0,0
1270,2004,1,1,0,0,0,0,0,0,0,0
1270,2005,1,1,0,0,0,0,0,0,0,0
1270,2011,3,3,2,0,0,1,0,0,0,0
1283,2019,4,4,0,0,0,0,0,0,0,0
1289,2013,2,2,0,0,0,0,0,0,0,0
1289,2014,1,1,1,0,0,0,0,0,0,0
1289,2015,2,2,1,1,0,0,0,0,0,0
1337,2014,2,2,0,0,0,0,0,0,0,0
1337,2015,2,2,1,0,0,0,0,0,0,0
1337,2017,1,0,0,0,0,0,1,0,0,0
1337,2018,1,1,0,0,0,0,0,0,0,0
1337,2019,1,1,0,0,0,0,0,0,0,0
1343,2004,1,1,0,0,0,0,0,0,0,0
1343,2007,2,2,2,0,0,0,0,0,0,0
1343,2008,4,3,2,0,0,1,1,0,0,0
1343,2009,1,1,0,0,0,0,0,0,0,0
1347,2011,1,1,0,0,0,0,0,0,0,0
1352,2002,1,1,1,0,0,0,0,0,0,0
1355,2019,3,3,0,0,0,0,0,0,1,0
1357,2004,1,1,0,0,0,0,0,0,0,0
1368,2021,1,1,0,0,0,0,0,0,0,0
1399,2001,3,3,1,1,0,0,0,0,0,0
1399,2002,4,4,1,0,0,0,0,0,1,0
1399,2003,5,5,1,0,0,0,0,0,0,0
1399,2004,3,3,1,0,0,0,0,0,0,0
1399,2006,1,1,0,0,0,0,0,0,0,0
1406,2001,5,3,1,0,0,0,2,0,0,0
1406,2003,3,3,1,0,0,0,0,0,1,0
1433,2005,2,2,0,0,0,0,0,0,2,0
1433,2006,4,3,1,0,0,0,1,0,0,0
1433,2007,1,1,0,0,0,0,0,0,0,0
1433,2008,1,1,0,0,0,0,0,0,0,0
1433,2009,4,3,0,0,0,0,1,0,0,0
1433,2010,3,3,1,0,0,0,0,0,1,0
1433,2011,2,2,0,0,0,0,0,0,0,0
1433,2012,1,1,0,0,0,0,0,0,0,0
1433,2013,2,2,0,0,0,0,0,0,1,0
1436,2022,10,10,4,1,0,1,0,0,1,0
1474,2022,1,1,0,0,0,0,0,0,0,0
1477,2012,6,6,4,1,0,1,0,0,0,0
1477,2013,3,2,0,0,0,0,1,0,0,0
1477,2014,7,7,2,1,0,0,0,0,1,0
1477,2016,3,3,1,0,0,1,0,0,0,0
1477,2018,3,3,0,0,0,0,0,0,0,0
1477,2019,2,2,0,0,0,0,0,0,0,0
1481,2019,1,1,0,0,0,0,0,0,0,0
1481,2021,2,2,1,0,0,0,0,0,1,0
1482,2006,9,6,3,0,0,0,3,0,1,0
1482,2007,3,2,0,0,0,0,1,0,0,0
1491,2001,2,2,0,0,0,0,0,0,0,0
1491,2002,2,2,1,0,0,0,0,0,0,0
1495,2014,3,3,0,0,0,0,0,0,0,0
1504,2021,1,1,1,0,0,0,0,0,0,0
1505,2003,1,1,1,0,0,1,0,0,0,0
1507,2007,5,4,0,0,0,0,1,0,1,0
1514,2010,4,3,1,0,0,1,1,0,0,0
1514,2011,3,3,1,0,0,0,0,0,0,0
1514,2020,3,2,0,0,0,0,1,0,0,0
1514,2021,2,2,1,0,0,0,0,0,0,0
1514,2022,5,5,4,0,0,2,0,0,0,0
1515,2019,2,1,0,0,0,0,1,0,0,0
1515,2021,1,1,0,0,0,0,0,0,0,0
1516,2004,3,2,1,1,0,0,1,0,0,0
1518,2016,1,1,1,0,0,0,0,0,0,0
1518,2017,3,3,0,0,0,0,0,0,1,0
1518,2018,3,3,2,1,0,1,0,0,0,0
1518,2019,5,5,3,0,0,3,0,0,0,0
1523,2003,1,0,0,0,0,0,1,0,0,0
1523,2004,2,1,1,0,0,1,1,0,0,0
1531,2005,1,1,1,0,0,0,0,0,0,0
1531,2006,3,3,1,0,0,1,0,0,1,0
1541,2019,3,3,2,1,0,0,0,0,0,0
1544,2009,3,3,0,0,0,0,0,0,1,0
1546,2003,3,3,2,1,0,0,0,0,0,0
1556,2001,3,3,1,0,0,1,0,0,0,0
1556,2002,3,2,0,0,0,0,1,0,0,0
1556,2003,3,3,1,0,0,1,0,0,0,0
1556,2004,3,3,0,0,0,0,0,0,1,0
1556,2005,7,7,2,1,0,0,0,0,2,0
1556,2014,6,5,3,2,0,0,1,0,0,0
1557,2012,3,3,2,0,0,0,0,0,0,0
1562,2022,3,2,0,0,0,0,0,1,1,0
1565,2005,1,0,0,0,0,0,1,0,0,0
1567,2004,6,4,1,0,0,1,2,0,0,0
1567,2008,4,3,1,0,0,0,1,0,1,0
1567,2010,1,1,0,0,0,0,0,0,0,0
1567,2011,2,2,1,0,0,0,0,0,0,0
1570,2010,5,4,3,0,0,1,1,0,0,0
1583,2007,2,2,1,0,0,0,0,0,0,0
1583,2008,1,1,0,0,0,0,0,0,0,0
1583,2009,4,3,0,0,0,0,1,0,0,0
1583,2012,1,1,0,0,0,0,0,0,0,0
1583,2013,1,1,1,0,0,0,0,0,0,0
1583,2014,2,1,1,1,0,0,1,0,0,0
1596,2006,3,2,1,0,0,0,1,0,1,0
1596,2007,7,6,0,0,0,0,1,0,0,0
1596,2008,3,3,1,0,0,0,0,0,0,0
1596,2009,6,6,4,2,0,0,0,0,0,0
1596,2010,6,6,1,0,0,1,0,0,1,0
1599,2016,3,3,0,0,0,0,0,0,1,0
1599,2017,2,2,1,0,0,0,0,0,0,0
1599,2018,2,2,0,0,0,0,0,0,0,0
1599,2022,1,1,0,0,0,0,0,0,1,0
1616,2018,2,2,1,0,0,0,0,0,0,0
1619,2013,1,1,0,0,0,0,0,0,0,0
1634,2002,3,3,1,1,0,0,0,0,0,0
1634,2004,3,3,2,0,0,1,0,0,0,0
1635,2007,1,1,0,0,0,0,0,0,1,0
1635,2008,1,1,1,1,0,0,0,0,0,0
1635,2009,1,0,0,0,0,0,1,0,0,0
1645,2009,3,2,1,0,0,1,1,0,0,0
1650,2006,1,1,0,0,0,0,0,0,0,0
1652,2001,2,1,0,0,0,0,0,0,0,1
1652,2002,2,2,1,1,0,0,0,0,0,0
1666,2010,3,3,1,0,0,0,0,0,2,0
1666,2012,3,3,0,0,0,0,0,0,1,0
1666,2018,3,3,1,0,0,0,0,0,0,0
1669,2008,6,5,2,1,0,1,1,0,0,0
1669,2009,6,4,3,0,0,0,2,0,0,0
1669,2010,3,3,3,0,0,1,0,0,0,0
1669,2011,3,2,0,0,0,0,1,0,0,0
1669,2012,3,1,0,0,0,0,0,1,0,1
1675,2007,1,0,0,0,0,0,1,0,0,0
1675,2009,1,1,0,0,0,0,0,0,0,0
1693,2021,1,1,0,0,0,0,0,0,0,0
1699,2007,2,2,0,0,0,0,0,0,0,0
1702,2016,2,2,1,0,0,0,0,0,0,0
1718,2008,6,6,4,2,0,2,0,0,0,0
1732,2004,2,1,0,0,0,0,1,0,0,0
1732,2010,1,1,0,0,0,0,0,0,0,0
1764,2006,3,3,1,0,0,0,0,0,0,0
1767,2012,3,3,1,1,0,0,0,0,0,0
1767,2013,1,1,1,1,0,0,0,0,0,0
1769,2006,1,1,0,0,0,0,0,0,1,0
1769,2007,3,3,0,0,0,0,0,0,1,0
1769,2008,2,2,0,0,0,0,0,0,0,0
1769,2009,4,3,3,0,0,1,0,1,0,0
1769,2010,1,1,1,0,0,0,0,0,0,0
1769,2012,3,3,1,0,0,0,0,0,0,0
1773,2003,3,1,0,0,0,0,2,0,0,0
1773,2004,3,2,1,0,0,1,1,0,0,0
1773,2005,10,9,5,1,0,0,1,0,1,0
1773,2006,10,9,6,1,0,2,1,0,1,0
1773,2007,7,6,3,1,0,0,0,1,1,0
1773,2010,3,3,2,1,0,1,0,0,0,0
1773,2011,3,3,1,0,0,1,0,0,0,0
1773,2012,6,5,3,0,0,0,0,1,0,0
1773,2013,3,2,0,0,0,0,1,0,0,0
1774,2019,2,2,0,0,0,0,0,0,0,0
1790,2007,3,3,1,0,0,0,0,0,0,0
1790,2008,1,1,0,0,0,0,0,0,0,0
1790,2009,1,1,0,0,0,0,0,0,0,0
1801,2006,2,1,0,0,0,0,1,0,0,0
1801,2015,6,5,1,0,0,0,1,0,0,0
1803,2009,1,1,0,0,0,0,0,0,0,0
1803,2010,1,1,0,0,0,0,0,0,0,0
1808,2011,1,1,0,0,0,0,0,0,0,0
1808,2014,1,0,0,0,0,0,0,1,0,0
1814,2018,2,2,0,0,0,0,0,0,0,0
1814,2019,2,2,1,0,0,1,0,0,1,0
1819,2009,2,0,0,0,0,0,2,0,0,0
1820,2014,2,2,0,0,0,0,0,0,0,0
1820,2015,3,3,0,0,0,0,0,0,1,0
1820,2016,3,3,1,0,0,0,0,0,1,0
1820,2017,3,3,0,0,0,0,0,0,0,0
1820,2019,1,0,0,0,0,0,1,0,0,0
1825,2010,1,0,0,0,0,0,1,0,0,0
1825,2011,1,1,0,0,0,0,0,0,0,0
1828,2001,2,2,0,0,0,0,0,0,0,0
1828,2002,4,3,1,0,0,1,1,0,0,0
1828,2004,1,1,0,0,0,0,0,0,0,0
1828,2005,3,3,1,0,0,0,0,0,1,0
1828,2006,3,3,0,0,0,0,0,0,1,0
1829,2001,1,1,1,0,0,0,0,0,0,0
1829,2005,1,1,0,0,0,0,0,0,0,0
1829,2007,1,1,0,0,0,0,0,0,1,0
1834,2014,5,4,1,0,0,1,1,0,0,0
1846,2005,1,1,0,0,0,0,0,0,1,0
1858,2010,2,1,0,0,0,0,0,0,1,1
1858,2012,2,2,1,0,0,0,0,0,0,0
1858,2015,3,3,1,0,0,0,0,0,1,0
1858,2017,3,3,1,0,0,0,0,0,0,0
1858,2018,3,3,0,0,0,0,0,0,0,0
1858,2019,4,3,0,0,0,0,1,0,0,0
1868,2010,1,1,0,0,0,0,0,0,0,0
1869,2008,1,1,0,0,0,0,0,0,0,0
1870,2006,1,0,0,0,0,0,1,0,0,0
1883,2018,1,1,0,0,0,0,0,0,0,0
1883,2019,1,1,0,0,0,0,0,0,0,0
1883,2021,1,1,0,0,0,0,0,0,0,0
1892,2020,1,1,0,0,0,0,0,0,0,0
1902,2022,2,2,0,0,0,0,0,0,0,0
1908,2017,2,2,0,0,0,0,0,0,0,0
1908,2018,4,2,1,1,0,0,0,2,0,0
1908,2019,1,1,1,0,0,1,0,0,0,0
1909,2022,1,1,0,0,0,0,0,0,0,0
1917,2020,3,1,0,0,0,0,2,0,0,0
1920,2017,3,3,1,0,0,0,0,0,0,0
1937,2019,2,2,0,0,0,0,0,0,1,0
1943,2010,3,2,0,0,0,0,1,0,1,0
1943,2012,3,3,2,2,0,0,0,0,1,0
1943,2014,1,0,0,0,0,0,1,0,0,0
1943,2015,2,2,1,0,0,0,0,0,1,0
1952,2014,1,1,0,0,0,0,0,0,0,0
1957,2002,1,0,0,0,0,0,1,0,0,0
1957,2003,2,1,0,0,0,0,1,0,0,0
1966,2016,3,3,0,0,0,0,0,0,1,0
1966,2019,2,1,0,0,0,0,1,0,0,0
1966,2022,2,2,0,0,0,0,0,0,0,0
1970,2010,2,2,0,0,0,0,0,0,0,0
1971,2010,2,1,1,0,0,0,1,0,0,0
1971,2011,3,3,0,0,0,0,0,0,1,0
1971,2019,3,2,0,0,0,0,1,0,0,0
1971,2021,1,1,1,0,0,0,0,0,0,0
1972,2003,3,3,0,0,0,0,0,0,0,0
1972,2004,1,1,0,0,0,0,0,0,0,0
1972,2005,3,2,1,0,0,0,1,0,0,0
1972,2006,3,1,0,0,0,0,2,0,0,0
1972,2007,3,3,1,0,0,1,0,0,0,0
1972,2008,13,10,4,0,0,1,3,0,1,0
1974,2018,1,1,0,0,0,0,0,0,1,0
1982,2013,1,1,1,0,0,0,0,0,0,0
1982,2014,1,1,1,0,0,0,0,0,0,0
1991,2010,1,1,0,0,0,0,0,0,0,0
1991,2011,1,1,1,0,0,1,0,0,0,0
1991,2013,1,1,0,0,0,0,0,0,0,0
1991,2019,1,1,0,0,0,0,0,0,1,0
1991,2022,1,0,0,0,0,0,1,0,0,0
2002,2019,1,1,0,0,0,0,0,0,1,0
2011,2009,2,2,2,0,0,0,0,0,0,0
2011,2010,1,1,0,0,0,0,0,0,0,0
2011,2012,2,1,1,0,0,0,1,0,0,0
2011,2014,10,10,4,0,0,1,0,0,0,0
2011,2015,6,5,1,1,0,0,1,0,0,0
2011,2018,4,4,1,0,0,0,0,0,1,0
2011,2019,3,3,0,0,0,0,0,0,1,0
2011,2020,2,2,1,0,0,0,0,0,0,0
2018,2001,3,2,1,0,0,1,1,0,1,0
2018,2002,4,3,1,1,0,0,1,0,1,0
2018,2003,1,1,0,0,0,0,0,0,0,0
2018,2010,3,2,1,0,0,1,1,0,0,0
2018,2012,8,8,1,0,0,0,0,0,0,0
2018,2014,3,3,1,0,0,0,0,0,0,0
2022,2012,5,5,1,0,0,1,0,0,2,0
2022,2015,3,3,1,0,0,1,0,0,0,0
2023,2007,1,1,0,0,0,0,0,0,0,0
2026,2002,1,1,1,0,0,0,0,0,0,0
2027,2007,5,5,3,0,0,0,0,0,0,0
2027,2008,3,2,0,0,0,0,1,0,0,0
2046,2004,2,0,0,0,0,0,2,0,0,0
2058,2004,1,1,0,0,0,0,0,0,0,0
2070,2005,1,1,1,0,0,0,0,0,0,0
2070,2008,1,1,0,0,0,0,0,0,0,0
2079,2018,1,0,0,0,0,0,1,0,0,0
2079,2019,2,2,0,0,0,0,0,0,2,0
2089,2011,1,1,1,0,0,0,0,0,0,0
2089,2016,4,4,2,0,0,1,0,0,0,0
2090,2013,2,2,0,0,0,0,0,0,1,0
2124,2020,3,3,0,0,0,0,0,0,0,0
2124,2021,1,1,0,0,0,0,0,0,0,0
2127,2019,1,1,0,0,0,0,0,0,0,0
2129,2016,2,2,0,0,0,0,0,0,1,0
2129,2017,1,1,0,0,0,0,0,0,0,0
2130,2004,3,2,0,0,0,0,0,0,0,1
2130,2005,14,13,4,1,0,0,1,0,0,0
2134,2021,1,1,1,0,0,0,0,0,0,0
2144,2002,3,3,0,0,0,0,0,0,1,0
2144,2003,7,7,2,0,0,0,0,0,1,0
2144,2004,12,10,2,0,0,1,1,1,1,0
2144,2005,2,2,1,1,0,0,0,0,0,0
2146,2013,2,2,0,0,0,0,0,0,1,0
2146,2014,1,1,0,0,0,0,0,0,0,0
2147,2003,3,2,1,0,0,0,1,0,1,0
2147,2004,10,7,1,0,0,0,3,0,0,0
2147,2005,12,12,4,0,0,0,0,0,0,0
2147,2006,5,5,2,0,0,0,0,0,1,0
2152,2017,5,5,0,0,0,0,0,0,1,0
2152,2018,6,6,0,0,0,0,0,0,2,0
2152,2019,3,3,1,0,0,0,0,0,0,0
2152,2022,2,1,1,0,0,0,1,0,0,0
2161,2010,2,1,1,1,0,0,1,0,0,0
2161,2011,2,2,1,0,0,1,0,0,0,0
2161,2014,1,1,0,0,0,0,0,0,0,0
2161,2015,2,2,1,0,0,1,0,0,0,0
2161,2017,4,4,0,0,0,0,0,0,0,0
2161,2018,3,2,0,0,0,0,1,0,0,0
2161,2019,2,2,0,0,0,0,0,0,1,0
2161,2021,1,1,1,0,0,0,0,0,0,0
2175,2012,5,5,5,1,0,1,0,0,0,0
2175,2017,7,7,2,0,0,0,0,0,0,0
2175,2018,3,3,0,0,0,0,0,0,0,0
2181,2020,1,1,0,0,0,0,0,0,0,0
2181,2021,1,1,1,0,0,0,0,0,0,0
2185,2005,2,2,1,1,0,0,0,0,0,0
2185,2006,4,4,1,0,0,0,0,0,0,0
2185,2007,3,2,0,0,0,0,1,0,0,0
2185,2009,6,6,4,1,0,0,0,0,0,0
2185,2010,1,1,0,0,0,0,0,0,0,0
2187,2001,3,3,0,0,0,0,0,0,1,0
2187,2002,2,2,1,0,0,0,0,0,0,0
2192,2013,2,1,1,1,0,0,1,0,0,0
2204,2018,1,1,0,0,0,0,0,0,0,0
2205,2010,3,2,1,1,0,0,1,0,1,0
2205,2011,3,3,0,0,0,0,0,0,0,0
2210,2022,1,1,0,0,0,0,0,0,0,0
2212,2013,3,3,1,0,0,1,0,0,2,0
2212,2016,3,2,0,0,0,0,0,0,0,1
2212,2018,5,4,0,0,0,0,1,0,1,0
2212,2019,2,2,1,0,0,0,0,0,0,0
2215,2011,3,3,1,0,0,1,0,0,0,0
2215,2012,1,0,0,0,0,0,1,0,0,0
2215,2014,1,1,0,0,0,0,0,0,1,0
2215,2016,1,0,0,0,0,0,1,0,0,0
2215,2018,1,1,0,0,0,0,0,0,0,0
2228,2015,1,0,0,0,0,0,1,0,0,0
2232,2011,1,1,1,0,0,0,0,0,0,0
2232,2012,1,0,0,0,0,0,0,1,0,0
2236,2015,6,6,2,0,0,1,0,0,0,0
2236,2016,1,1,0,0,0,0,0,0,0,0
2236,2018,3,3,1,0,0,0,0,0,1,0
2237,2007,2,2,1,0,0,1,0,0,1,0
2237,2012,10,10,4,0,0,0,0,0,1,0
2237,2013,7,7,0,0,0,0,0,0,2,0
2237,2014,3,3,1,0,0,1,0,0,0,0
2237,2017,2,2,2,0,0,1,0,0,0,0
2237,2018,3,3,2,0,0,1,0,0,0,0
2240,2007,1,1,1,0,0,0,0,0,0,0
2240,2008,2,1,0,0,0,0,0,1,0,0
2242,2006,1,1,0,0,0,0,0,0,0,0
2242,2009,1,1,0,0,0,0,0,0,0,0
2259,2007,1,1,0,0,0,0,0,0,0,0
2259,2009,1,1,0,0,0,0,0,0,1,0
2282,2009,2,2,0,0,0,0,0,0,1,0
2282,2010,1,1,1,1,0,0,0,0,0,0
2286,2022,2,2,2,1,0,1,0,0,0,0
2291,2002,3,3,1,1,0,0,0,0,0,0
2291,2003,4,2,1,1,0,0,2,0,0,0
2291,2008,3,1,1,0,0,0,2,0,0,0
2291,2009,5,5,1,0,0,0,0,0,0,0
2291,2010,3,3,0,0,0,0,0,0,0,0
2291,2011,3,3,2,0,0,0,0,0,1,0
2291,2012,3,3,2,1,0,0,0,0,0,0
2295,2001,2,1,1,0,0,0,1,0,0,0
2295,2002,1,0,0,0,0,0,1,0,0,0
2298,2012,7,6,2,1,0,0,1,0,1,0
2298,2013,1,1,0,0,0,0,0,0,0,0
2298,2014,4,3,0,0,0,0,1,0,0,0
2298,2018,1,1,0,0,0,0,0,0,0,0
2305,2021,1,1,1,0,0,0,0,0,0,0
2316,2001,2,2,0,0,0,0,0,0,0,0
2322,2018,3,1,0,0,0,0,2,0,0,0
2322,2021,3,3,1,0,0,0,0,0,0,0
2326,2003,2,2,0,0,0,0,0,0,0,0
2326,2004,1,1,0,0,0,0,0,0,0,0
2328,2005,1,1,1,0,0,0,0,0,0,0
2330,2004,3,3,2,0,0,1,0,0,0,0
2330,2005,1,1,0,0,0,0,0,0,0,0
2330,2006,1,1,0,0,0,0,0,0,0,0
2330,2007,1,1,0,0,0,0,0,0,0,0
2333,2006,2,2,0,0,0,0,0,0,1,0
2333,2007,2,2,2,0,0,0,0,0,0,0
2333,2008,3,3,1,0,0,0,0,0,0,0
2333,2009,2,2,0,0,0,0,0,0,0,0
2333,2010,1,1,0,0,0,0,0,0,0,0
2333,2011,5,4,0,0,0,0,0,1,0,0
2333,2012,2,2,2,0,0,0,0,0,0,0
2335,2019,1,1,0,0,0,0,0,0,0,0
2339,2008,2,1,0,0,0,0,1,0,0,0
2340,2003,1,1,0,0,0,0,0,0,0,0
2340,2004,5,4,1,0,0,0,1,0,0,0
2343,2004,2,1,0,0,0,0,1,0,0,0
2343,2011,2,2,0,0,0,0,0,0,0,0
2344,2002,2,1,0,0,0,0,1,0,0,0
2344,2003,2,2,0,0,0,0,0,0,1,0
2344,2006,1,1,0,0,0,0,0,0,0,0
2355,2007,1,1,0,0,0,0,0,0,0,0
2355,2008,1,1,0,0,0,0,0,0,1,0
2355,2009,2,2,0,0,0,0,0,0,0,0
2355,2010,1,1,0,0,0,0,0,0,0,0
2358,2004,2,1,1,0,0,0,1,0,0,0
2358,2005,3,3,1,0,0,0,0,0,1,0
2358,2006,1,1,1,1,0,0,0,0,0,0
2358,2007,1,1,0,0,0,0,0,0,0,0
2358,2008,3,2,0,0,0,0,1,0,1,0
2358,2009,3,2,1,0,0,0,1,0,1,0
2358,2010,4,2,0,0,0,0,2,0,0,0
2358,2011,6,6,2,0,0,0,0,0,1,0
2358,2013,3,3,0,0,0,0,0,0,0,0
2365,2005,1,0,0,0,0,0,1,0,0,0
2365,2006,1,1,0,0,0,0,0,0,0,0
2368,2020,1,1,1,0,0,1,0,0,0,0
2368,2022,2,2,0,0,0,0,0,0,0,0
2369,2014,10,9,2,0,0,0,1,0,0,0
2383,2017,9,9,2,0,0,1,0,0,0,0
2384,2014,1,1,0,0,0,0,0,0,0,0
2384,2015,1,1,0,0,0,0,0,0,0,0
2388,2016,1,1,1,0,0,0,0,0,0,0
2388,2017,1,1,0,0,0,0,0,0,0,0
2388,2018,1,1,0,0,0,0,0,0,0,0
2393,2022,1,1,0,0,0,0,0,0,0,0
2396,2017,3,3,0,0,0,0,0,0,0,0
2396,2018,3,3,1,0,0,0,0,0,0,0
2396,2019,2,2,1,0,0,0,0,0,1,0
2421,2012,2,2,0,0,0,0,0,0,0,0
2421,2013,2,2,0,0,0,0,0,0,0,0
2446,2001,2,2,1,0,0,0,0,0,0,0
2450,2020,1,1,0,0,0,0,0,0,0,0
2450,2021,2,1,0,0,0,0,0,1,0,0
2459,2021,1,1,1,0,0,0,0,0,0,0
2461,2016,1,1,1,1,0,0,0,0,0,0
2482,2011,2,1,1,0,0,0,1,0,0,0
2482,2012,3,2,0,0,0,0,1,0,1,0
2482,2013,2,1,0,0,0,0,1,0,0,0
2482,2014,1,1,0,0,0,0,0,0,1,0
2490,2022,2,2,0,0,0,0,0,0,1,0
2493,2003,1,0,0,0,0,0,1,0,0,0
2497,2022,1,0,0,0,0,0,0,1,0,0
2505,2001,3,3,2,1,0,0,0,0,1,0
2505,2002,7,4,0,0,0,0,2,1,1,0
2505,2004,2,2,0,0,0,0,0,0,1,0
2505,2006,4,2,1,0,0,0,1,1,1,0
2505,2007,1,1,0,0,0,0,0,0,0,0
2505,2008,1,0,0,0,0,0,1,0,0,0
2505,2009,2,1,1,1,0,0,1,0,0,0
2508,2001,2,2,0,0,0,0,0,0,0,0
2508,2002,5,4,1,1,0,0,0,0,0,1
2508,2003,3,3,0,0,0,0,0,0,0,0
2512,2013,2,2,1,0,0,0,0,0,0,0
2525,2008,2,2,0,0,0,0,0,0,0,0
2525,2009,7,6,2,1,0,0,1,0,1,0
2525,2010,11,9,2,0,0,0,2,0,1,0
2525,2011,9,9,3,0,0,0,0,0,2,0
2525,2013,3,3,0,0,0,0,0,0,0,0
2525,2015,3,3,1,0,0,1,0,0,1,0
2525,2020,2,2,0,0,0,0,0,0,2,0
2525,2021,2,2,0,0,0,0,0,0,1,0
2543,2001,1,1,0,0,0,0,0,0,0,0
2543,2002,1,1,0,0,0,0,0,0,0,0
2559,2002,1,1,0,0,0,0,0,0,0,0
2562,2001,3,3,0,0,0,0,0,0,0,0
2562,2002,5,4,2,1,0,0,1,0,1,0
2567,2004,2,2,1,0,0,1,0,0,0,0
2567,2010,1,1,1,0,0,1,0,0,0,0
2574,2009,2,2,0,0,0,0,0,0,0,0
2574,2011,1,1,0,0,0,0,0,0,1,0
2581,2001,2,2,1,1,0,0,0,0,0,0
2581,2002,3,3,1,0,0,1,0,0,1,0
2581,2003,3,3,1,0,0,0,0,0,2,0
2590,2014,4,4,0,0,0,0,0,0,1,0
2590,2015,6,6,3,0,0,1,0,0,0,0
2590,2016,3,3,0,0,0,0,0,0,0,0
2595,2002,2,2,2,0,1,0,0,0,0,0
2601,2014,2,2,0,0,0,0,0,0,1,0
2606,2012,19,17,4,0,0,1,2,0,4,0
2606,2013,6,4,1,0,0,0,2,0,1,0
2606,2014,6,5,2,0,0,1,0,1,1,0
2606,2016,3,3,0,0,0,0,0,0,2,0
2606,2017,9,7,1,0,0,1,1,0,2,1
2625,2022,1,1,0,0,0,0,0,0,1,0
2640,2003,1,1,1,0,0,0,0,0,0,0
2640,2004,6,6,2,1,0,0,0,0,0,0
2640,2005,14,9,4,2,0,2,5,0,2,0
2640,2006,9,7,1,1,0,0,2,0,0,0
2640,2007,6,5,1,1,0,0,1,0,1,0
2640,2008,6,5,3,1,0,0,1,0,0,0
2640,2009,4,4,1,0,0,1,0,0,0,0
2641,2007,1,1,0,0,0,0,0,0,0,0
2654,2008,5,5,2,1,0,0,0,0,0,0
2660,2001,1,1,0,0,0,0,0,0,0,0
2660,2005,1,1,0,0,0,0,0,0,0,0
2660,2007,1,0,0,0,0,0,1,0,0,0
2661,2008,3,3,1,0,0,0,0,0,0,0
2661,2009,5,3,2,0,0,0,2,0,0,0
2661,2010,3,3,0,0,0,0,0,0,0,0
2663,2001,6,5,2,1,0,0,1,0,0,0
2690,2012,2,2,0,0,0,0,0,0,0,0
2690,2013,6,6,2,0,0,0,0,0,0,0
2690,2014,1,1,0,0,0,0,0,0,0,0
2690,2015,3,3,0,0,0,0,0,0,0,0
2690,2016,1,0,0,0,0,0,1,0,0,0
2690,2021,1,1,1,0,0,0,0,0,0,0
2692,2016,3,1,0,0,0,0,2,0,0,0
2692,2020,3,3,0,0,0,0,0,0,1,0
2692,2021,2,2,0,0,0,0,0,0,0,0
2692,2022,2,2,0,0,0,0,0,0,0,0
2700,2002,1,1,1,0,0,0,0,0,0,0
2700,2003,3,3,0,0,0,0,0,0,0,0
2700,2006,3,1,0,0,0,0,2,0,0,0
2703,2021,1,1,0,0,0,0,0,0,1,0
2722,2013,3,2,0,0,0,0,1,0,0,0
2722,2014,2,1,0,0,0,0,1,0,0,0
2728,2021,4,4,2,0,0,0,0,0,0,0
2742,2001,2,2,0,0,0,0,0,0,0,0
2742,2003,3,1,1,0,0,0,2,0,0,0
2742,2004,2,2,0,0,0,0,0,0,0,0
2742,2005,1,1,0,0,0,0,0,0,1,0
2743,2022,4,4,2,0,0,2,0,0,0,0
2750,2011,2,2,1,0,0,0,0,0,0,0
2754,2004,6,4,1,1,0,0,1,0,0,1
2754,2005,3,1,0,0,0,0,2,0,0,0
2754,2008,3,3,1,0,0,0,0,0,0,0
2754,2009,6,6,2,1,0,1,0,0,2,0
2754,2010,3,3,0,0,0,0,0,0,0,0
2762,2014,6,5,0,0,0,0,1,0,3,0
2763,2012,2,2,0,0,0,0,0,0,1,0
2763,2014,2,2,0,0,0,0,0,0,1,0
2768,2014,1,0,0,0,0,0,0,0,0,1
2776,2011,2,2,1,0,0,0,0,0,0,0
2776,2015,1,0,0,0,0,0,1,0,0,0
2782,2021,1,1,0,0,0,0,0,0,0,0
2783,2012,1,1,0,0,0,0,0,0,0,0
2789,2003,2,2,0,0,0,0,0,0,0,0
2789,2005,1,1,0,0,0,0,0,0,0,0
2793,2010,1,1,0,0,0,0,0,0,0,0
2793,2011,4,4,1,0,0,1,0,0,0,0
2804,2010,1,1,1,1,0,0,0,0,0,0
2804,2011,1,1,0,0,0,0,0,0,1,0
2810,2001,3,2,1,1,0,0,1,0,0,0
2810,2002,6,5,2,0,0,0,1,0,0,0
2810,2003,1,1,0,0,0,0,0,0,0,0
2810,2005,7,7,1,0,0,0,0,0,0,0
2810,2006,5,5,1,0,0,0,0,0,0,0
2810,2007,4,4,2,0,0,1,0,0,0,0
2810,2008,8,6,1,0,0,1,1,0,0,1
2810,2009,13,10,3,1,0,0,3,0,1,0
2810,2010,11,7,4,0,0,4,4,0,0,0
2810,2011,9,8,3,2,0,1,1,0,1,0
2810,2012,6,3,2,1,0,0,2,0,0,1
2810,2013,6,4,1,0,0,1,1,1,0,0
2827,2017,1,1,0,0,0,0,0,0,0,0
2832,2008,1,0,0,0,0,0,1,0,0,0
2833,2019,3,3,1,0,0,0,0,0,0,0
2840,2015,3,3,2,0,0,0,0,0,0,0
2841,2001,12,10,3,0,0,1,1,0,2,1
2841,2002,12,12,5,2,0,1,0,0,1,0
2841,2003,3,3,0,0,0,0,0,0,0,0
2841,2006,1,1,1,0,0,0,0,0,0,0
2841,2007,1,1,1,0,0,1,0,0,0,0
2844,2021,2,2,1,0,0,1,0,0,0,0
2847,2014,1,1,0,0,0,0,0,0,0,0
2847,2015,4,4,0,0,0,0,0,0,0,0
2847,2016,2,2,1,1,0,0,0,0,0,0
2847,2021,2,2,1,0,0,0,0,0,0,0
2847,2022,1,1,1,0,0,1,0,0,0,0
2850,2016,3,3,0,0,0,0,0,0,0,0
2850,2017,4,4,3,0,0,1,0,0,0,0
2850,2019,3,3,0,0,0,0,0,0,1,0
2850,2022,1,1,1,0,0,0,0,0,0,0
2855,2007,1,0,0,0,0,0,1,0,0,0
2863,2012,3,3,0,0,0,0,0,0,0,0
2864,2010,4,3,2,0,0,1,1,0,0,0
2868,2022,2,1,0,0,0,0,0,0,1,1
2872,2017,1,1,0,0,0,0,0,0,0,0
2878,2016,2,1,0,0,0,0,1,0,1,0
2878,2017,6,6,2,0,0,0,0,0,2,0
2878,2018,3,3,0,0,0,0,0,0,2,0
2911,2004,2,2,0,0,0,0,0,0,0,0
2911,2010,3,3,0,0,0,0,0,0,1,0
2911,2014,3,3,0,0,0,0,0,0,0,0
2911,2015,3,2,0,0,0,0,0,0,0,1
2911,2016,6,6,2,1,0,0,0,0,2,0
2914,2014,1,1,0,0,0,0,0,0,0,0
2914,2019,1,1,0,0,0,0,0,0,0,0
2914,2020,2,2,0,0,0,0,0,0,2,0
2919,2009,3,2,1,1,0,0,1,0,0,0
2921,2002,3,3,1,1,0,0,0,0,0,0
2933,2007,2,2,1,1,0,0,0,0,0,0
2957,2021,1,1,0,0,0,0,0,0,0,0
2973,2004,2,2,1,0,0,0,0,0,0,0
2977,2022,1,1,1,0,0,0,0,0,0,0
2981,2009,1,0,0,0,0,0,0,1,0,0
2987,2012,2,2,2,0,0,1,0,0,0,0
2987,2013,2,2,0,0,0,0,0,0,0,0
2987,2014,1,1,0,0,0,0,0,0,0,0
2987,2015,1,1,0,0,0,0,0,0,0,0
2987,2016,1,1,1,0,0,0,0,0,0,0
2987,2017,2,2,0,0,0,0,0,0,0,0
2996,2001,3,3,0,0,0,0,0,0,2,0
2996,2002,3,2,1,0,0,0,1,0,0,0
2996,2003,4,3,2,0,0,0,1,0,0,0
2996,2004,4,3,0,0,0,0,1,0,0,0
2996,2007,1,1,1,1,0,0,0,0,0,0
2996,2010,2,0,0,0,0,0,2,0,0,0
2996,2012,2,2,1,0,0,0,0,0,0,0
3000,2013,6,5,1,0,0,0,0,0,0,1
3000,2015,6,5,2,0,0,1,1,0,0,0
3006,2019,2,2,0,0,0,0,0,0,0,0
3006,2022,2,2,0,0,0,0,0,0,0,0
3011,2013,1,1,1,0,0,0,0,0,0,0
3011,2014,1,1,1,1,0,0,0,0,0,0
3016,2005,1,1,0,0,0,0,0,0,0,0
3033,2019,2,2,0,0,0,0,0,0,2,0
3041,2004,3,3,0,0,0,0,0,0,0,0
3052,2003,3,3,2,1,0,0,0,0,0,0
3052,2005,1,1,0,0,0,0,0,0,0,0
3052,2007,2,2,1,0,0,0,0,0,0,0
3066,2004,1,1,0,0,0,0,0,0,0,0
3067,2001,3,3,1,1,0,0,0,0,0,0
3067,2002,3,2,1,1,0,0,1,0,0,0
3067,2004,2,2,1,0,0,0,0,0,0,0
3067,2005,4,2,1,0,0,0,1,1,0,0
3067,2006,3,2,0,0,0,0,0,1,0,0
3070,2012,3,3,0,0,0,0,0,0,0,0
3070,2014,1,1,1,0,0,0,0,0,0,0
3073,2011,2,2,2,0,0,0,0,0,0,0
3073,2014,3,1,0,0,0,0,2,0,0,0
3073,2015,3,3,0,0,0,0,0,0,0,0
3073,2016,4,4,0,0,0,0,0,0,1,0
3073,2017,3,3,0,0,0,0,0,0,0,0
3073,2018,3,2,0,0,0,0,1,0,0,0
3073,2019,6,6,1,0,0,1,0,0,1,0
3073,2021,3,3,1,0,0,0,0,0,0,0
3080,2015,3,3,0,0,0,0,0,0,1,0
3080,2016,3,3,1,0,0,0,0,0,1,0
3080,2017,1,1,0,0,0,0,0,0,0,0
3080,2019,1,1,0,0,0,0,0,0,0,0
3081,2021,2,2,0,0,0,0,0,0,1,0
3086,2005,1,1,0,0,0,0,0,0,0,0
3086,2006,11,9,4,3,0,0,2,0,0,0
3086,2007,6,6,2,0,0,0,0,0,0,0
3086,2008,6,6,4,0,0,1,0,0,0,0
3086,2009,13,12,6,1,0,2,1,0,1,0
3086,2010,7,7,1,0,0,1,0,0,1,0
3086,2011,3,3,2,1,0,0,0,0,0,0
3086,2016,1,1,0,0,0,0,0,0,0,0
3088,2015,2,2,0,0,0,0,0,0,0,0
3088,2016,4,4,1,0,0,1,0,0,0,0
3088,2017,4,3,0,0,0,0,0,1,1,0
3089,2007,3,2,1,0,0,0,1,0,0,0
3089,2008,4,3,1,0,0,0,1,0,1,0
3089,2009,1,0,0,0,0,0,1,0,0,0
3094,2001,2,2,0,0,0,0,0,0,0,0
3106,2020,4,4,1,0,0,1,0,0,0,0
3106,2022,2,1,0,0,0,0,0,1,0,0
3108,2011,1,1,0,0,0,0,0,0,0,0
3131,2001,4,4,3,0,0,1,0,0,0,0
3131,2004,1,1,0,0,0,0,0,0,0,0
3131,2008,1,0,0,0,0,0,0,0,0,1
3131,2010,2,2,0,0,0,0,0,0,1,0
3133,2007,1,1,0,0,0,0,0,0,0,0
3138,2002,1,1,0,0,0,0,0,0,0,0
3154,2014,2,2,1,0,0,0,0,0,0,0
3154,2015,1,1,0,0,0,0,0,0,0,0
3154,2016,6,6,1,0,0,0,0,0,1,0
3154,2017,3,3,1,0,0,0,0,0,0,0
3154,2018,1,1,0,0,0,0,0,0,0,0
3166,2003,1,0,0,0,0,0,0,1,0,0
3166,2004,6,4,0,0,0,0,2,0,0,0
3166,2005,3,3,2,0,0,1,0,0,0,0
3166,2007,6,4,3,0,0,1,1,1,0,0
3194,2016,1,1,0,0,0,0,0,0,0,0
3194,2020,2,2,0,0,0,0,0,0,1,0
3194,2022,1,1,0,0,0,0,0,0,0,0
3197,2014,1,1,0,0,0,0,0,0,0,0
3205,2022,2,1,0,0,0,0,1,0,1,0
3206,2021,2,2,0,0,0,0,0,0,0,0
3215,2017,3,3,0,0,0,0,0,0,2,0
3219,2006,1,0,0,0,0,0,1,0,0,0
3223,2001,6,3,2,0,0,1,2,1,1,0
3223,2003,3,2,1,0,0,1,0,1,0,0
3223,2006,3,3,1,0,0,1,0,0,0,0
3223,2007,4,3,1,0,0,0,0,0,0,1
3231,2014,8,8,3,0,0,1,0,0,0,0
3231,2015,3,3,1,0,0,0,0,0,0,0
3231,2018,2,2,2,1,0,0,0,0,0,0
3231,2019,2,2,0,0,0,0,0,0,0,0
3236,2017,1,1,1,0,0,0,0,0,0,0
3248,2001,3,3,1,0,0,0,0,0,1,0
3260,2021,3,3,1,0,0,1,0,0,0,0
3262,2001,1,0,0,0,0,0,1,0,0,0
3262,2003,1,1,0,0,0,0,0,0,0,0
3281,2010,3,3,1,0,0,0,0,0,0,0
3281,2011,3,3,0,0,0,0,0,0,0,0
3286,2011,2,2,1,0,0,0,0,0,0,0
3286,2012,3,2,1,0,0,0,1,0,0,0
3286,2014,2,2,2,0,0,0,0,0,0,0
3286,2015,6,4,0,0,0,0,2,0,1,0
3286,2016,3,3,1,1,0,0,0,0,1,0
3286,2019,3,3,1,0,0,0,0,0,0,0
3288,2012,2,1,0,0,0,0,1,0,0,0
3296,2005,3,2,1,0,0,0,1,0,0,0
3297,2018,3,2,1,0,0,0,0,0,0,1
3302,2010,1,1,0,0,0,0,0,0,0,0
3302,2011,1,1,0,0,0,0,0,0,0,0
3313,2003,3,3,1,0,0,0,0,0,0,0
3316,2019,2,2,0,0,0,0,0,0,1,0
3325,2021,2,1,0,0,0,0,0,0,0,1
3326,2022,2,2,1,0,0,1,0,0,1,0
3336,2020,2,2,1,0,0,1,0,0,0,0
3336,2021,3,3,0,0,0,0,0,0,1,0
3339,2002,8,6,1,0,0,1,1,0,1,1
3339,2003,10,8,4,1,0,1,2,0,0,0
3339,2004,3,3,2,1,0,1,0,0,0,0
3339,2005,3,3,2,1,0,0,0,0,0,0
3345,2003,1,1,1,0,0,0,0,0,0,0
3347,2011,2,2,0,0,0,0,0,0,1,0
3347,2015,3,3,1,0,0,0,0,0,1,0
3347,2016,3,2,2,0,0,1,0,0,0,1
3347,2018,6,6,3,1,0,0,0,0,0,0
3347,2019,2,1,0,0,0,0,1,0,0,0
3351,2003,3,1,1,0,0,0,1,1,0,0
3360,2020,1,1,1,0,0,1,0,0,0,0
3360,2021,1,1,0,0,0,0,0,0,1,0
3366,2005,3,1,0,0,0,0,2,0,0,0
3366,2016,1,1,0,0,0,0,0,0,0,0
3374,2003,1,1,0,0,0,0,0,0,0,0
3374,2006,2,2,0,0,0,0,0,0,1,0
3374,2009,1,1,0,0,0,0,0,0,0,0
3384,2019,1,1,1,0,0,0,0,0,0,0
3391,2021,1,1,1,0,0,0,0,0,0,0
3391,2022,2,2,0,0,0,0,0,0,1,0
3394,2014,2,2,0,0,0,0,0,0,0,0
3394,2018,1,1,0,0,0,0,0,0,0,0
3394,2022,1,1,0,0,0,0,0,0,0,0
3400,2017,3,3,1,0,0,1,0,0,0,0
3400,2018,2,2,1,0,0,0,0,0,0,0
3400,2021,1,1,1,0,0,0,0,0,0,0
3404,2015,3,2,1,0,0,1,1,0,0,0
3404,2016,1,1,1,0,0,0,0,0,0,0
3404,2017,3,3,1,0,0,0,0,0,0,0
3404,2018,2,2,2,1,0,0,0,0,0,0
3404,2019,2,2,0,0,0,0,0,0,0,0
3404,2022,3,3,0,0,0,0,0,0,1,0
3410,2001,4,4,2,0,0,1,0,0,1,0
3410,2002,1,1,0,0,0,0,0,0,0,0
3410,2003,8,7,1,0,0,1,1,0,1,0
3410,2004,6,4,2,0,0,1,2,0,1,0
3410,2005,2,2,2,0,0,1,0,0,0,0
3410,2009,1,1,0,0,0,0,0,0,1,0
3410,2010,2,2,1,0,0,0,0,0,0,0
3410,2012,3,3,0,0,0,0,0,0,1,0
3410,2014,3,3,0,0,0,0,0,0,1,0
3411,2013,4,4,2,0,0,0,0,0,1,0
3411,2015,4,4,1,0,0,0,0,0,1,0
3415,2022,3,2,1,1,0,0,1,0,0,0
3420,2001,5,3,1,1,0,0,2,0,0,0
3420,2002,2,2,0,0,0,0,0,0,0,0
3420,2004,2,1,1,0,0,0,1,0,0,0
3420,2005,1,1,0,0,0,0,0,0,1,0
3431,2014,1,1,1,1,0,0,0,0,0,0
3434,2013,3,2,0,0,0,0,0,0,1,1
3434,2014,12,12,3,1,0,0,0,0,0,0
3434,2015,6,6,1,0,0,0,0,0,1,0
3434,2016,4,4,3,0,0,0,0,0,0,0
3438,2016,2,2,0,0,0,0,0,0,1,0
3438,2017,1,1,0,0,0,0,0,0,1,0
3440,2012,3,3,0,0,0,0,0,0,0,0
3440,2014,3,2,1,0,0,0,1,0,1,0
3440,2015,2,2,1,1,0,0,0,0,0,0
3442,2010,1,1,1,0,0,0,0,0,0,0
3460,2003,1,0,0,0,0,0,1,0,0,0
3460,2004,1,1,1,0,0,0,0,0,0,0
3481,2019,1,1,0,0,0,0,0,0,1,0
3482,2001,1,0,0,0,0,0,1,0,0,0
3482,2002,2,1,0,0,0,0,1,0,1,0
3492,2013,2,2,0,0,0,0,0,0,0,0
3492,2014,2,2,0,0,0,0,0,0,0,0
3492,2015,6,5,1,0,0,1,1,0,1,0
3494,2004,1,0,0,0,0,0,1,0,0,0
3497,2013,2,2,1,0,0,0,0,0,0,0
3497,2014,2,2,2,0,0,0,0,0,0,0
3497,2015,1,1,0,0,0,0,0,0,0,0
3497,2016,1,1,0,0,0,0,0,0,0,0
3497,2017,2,2,1,0,0,1,0,0,0,0
3498,2015,6,5,0,0,0,0,1,0,0,0
3498,2016,8,8,3,0,0,2,0,0,0,0
3498,2017,9,8,2,0,0,0,1,0,1,0
3498,2018,3,3,1,0,0,0,0,0,0,0
3498,2019,8,7,2,0,0,1,0,1,0,0
3498,2020,5,5,2,1,0,0,0,0,1,0
3509,2002,7,5,0,0,0,0,2,0,0,0
3509,2004,3,3,0,0,0,0,0,0,0,0
3509,2009,2,1,1,1,0,0,0,1,0,0
3509,2010,4,4,1,0,0,0,0,0,0,0
3509,2011,3,3,1,0,0,0,0,0,0,0
3510,2012,1,0,0,0,0,0,1,0,0,0
3511,2001,1,1,0,0,0,0,0,0,0,0
3511,2004,1,1,0,0,0,0,0,0,0,0
3514,2019,1,1,0,0,0,0,0,0,0,0
3536,2009,5,4,2,1,0,1,1,0,0,0
3536,2010,3,2,1,0,0,0,1,0,0,0
3546,2012,3,2,1,0,0,1,1,0,1,0
3546,2013,7,6,0,0,0,0,1,0,3,0
3546,2016,8,7,2,2,0,0,1,0,2,0
3546,2017,3,3,0,0,0,0,0,0,1,0
3546,2018,6,6,1,0,0,1,0,0,3,0
3562,2015,2,2,0,0,0,0,0,0,0,0
3567,2022,1,1,0,0,0,0,0,0,0,0
3574,2021,2,2,0,0,0,0,0,0,0,0
3580,2016,1,1,1,0,0,0,0,0,0,0
3580,2019,1,1,0,0,0,0,0,0,0,0
3589,2007,1,1,0,0,0,0,0,0,0,0
3596,2005,3,3,1,0,0,0,0,0,0,0
3596,2012,10,10,6,1,0,2,0,0,1,0
3596,2014,3,2,1,0,0,1,0,0,0,1
3598,2016,1,1,1,0,0,0,0,0,0,0
3598,2018,1,1,0,0,0,0,0,0,0,0
3600,2002,12,12,4,0,0,2,0,0,4,0
3600,2003,7,7,5,1,0,1,0,0,0,0
3600,2004,3,1,0,0,0,0,2,0,0,0
3600,2005,7,7,2,2,0,0,0,0,1,0
3600,2006,3,3,1,1,0,0,0,0,0,0
3600,2008,3,2,1,0,0,0,1,0,0,0
3600,2009,1,1,0,0,0,0,0,0,0,0
3607,2021,3,3,1,0,0,0,0,0,0,0
3612,2012,1,1,0,0,0,0,0,0,0,0
3619,2004,1,1,1,1,0,0,0,0,0,0
3626,2003,3,3,0,0,0,0,0,0,0,0
3644,2004,3,2,1,0,0,0,0,0,0,1
3644,2009,1,1,1,0,0,0,0,0,0,0
3650,2003,3,2,1,0,0,0,0,0,0,1
3650,2005,1,1,0,0,0,0,0,0,0,0
3659,2005,1,1,1,0,0,0,0,0,0,0
3665,2001,3,3,1,0,0,0,0,0,1,0
3665,2005,1,1,1,1,0,0,0,0,0,0
3680,2004,1,1,0,0,0,0,0,0,1,0
3681,2001,1,1,1,0,0,1,0,0,0,0
3683,2005,3,1,1,0,0,0,2,0,0,0
3683,2006,6,5,2,1,0,0,1,0,1,0
3683,2007,6,3,0,0,0,0,3,0,0,0
3683,2008,3,3,0,0,0,0,0,0,0,0
3683,2010,2,2,1,1,0,0,0,0,0,0
3683,2011,3,3,1,1,0,0,0,0,1,0
3683,2012,3,1,1,0,0,0,1,0,0,1
3694,2004,3,3,1,0,0,1,0,0,0,0
3694,2006,5,4,1,0,0,0,1,0,1,0
3699,2002,6,6,2,0,0,0,0,0,1,0
3699,2003,7,6,4,2,0,0,1,0,1,0
3703,2010,1,1,0,0,0,0,0,0,0,0
3703,2012,1,1,1,0,0,0,0,0,0,0
3703,2013,1,1,1,0,0,1,0,0,0,0
3703,2014,1,1,0,0,0,0,0,0,1,0
3724,2018,3,2,0,0,0,0,1,0,0,0
3724,2020,3,3,2,1,0,0,0,0,0,0
3724,2021,9,9,1,0,0,0,0,0,1,0
3724,2022,6,5,3,1,0,0,1,0,0,0
3740,2010,2,2,2,0,0,0,0,0,0,0
3742,2014,1,1,1,0,0,0,0,0,0,0
3744,2022,1,1,0,0,0,0,0,0,0,0
3747,2012,3,3,1,0,0,0,0,0,0,0
3747,2015,2,1,0,0,0,0,0,0,0,1
3748,2010,1,1,0,0,0,0,0,0,1,0
3748,2011,1,1,1,0,0,0,0,0,0,0
3749,2021,3,3,1,0,0,0,0,0,0,0
3749,2022,2,2,2,1,0,0,0,0,0,0
3760,2018,1,1,0,0,0,0,0,0,0,0
3760,2019,2,2,1,0,0,0,0,0,0,0
3765,2002,1,0,0,0,0,0,1,0,0,0
3765,2003,1,1,0,0,0,0,0,0,0,0
3765,2004,1,1,1,1,0,0,0,0,0,0
3765,2005,2,1,0,0,0,0,1,0,0,0
3765,2007,1,1,0,0,0,0,0,0,0,0
3765,2008,3,3,1,1,0,0,0,0,0,0
3776,2009,1,1,0,0,0,0,0,0,0,0
3776,2010,1,1,1,0,0,0,0,0,0,0
3776,2011,3,2,2,1,0,0,1,0,0,0
3784,2016,1,1,0,0,0,0,0,0,1,0
3784,2019,1,1,0,0,0,0,0,0,0,0
3785,2016,4,4,1,0,0,0,0,0,1,0
3785,2017,6,5,1,0,0,0,0,0,0,1
3785,2018,2,2,2,0,0,0,0,0,0,0
3786,2005,1,0,0,0,0,0,1,0,0,0
3786,2006,2,2,1,0,0,1,0,0,0,0
3793,2013,2,2,1,1,0,0,0,0,0,0
3809,2001,3,3,1,0,0,0,0,0,0,0
3809,2003,1,0,0,0,0,0,1,0,0,0
3809,2004,1,0,0,0,0,0,1,0,0,0
3809,2008,3,1,0,0,0,0,2,0,0,0
3818,2011,3,3,2,0,0,0,0,0,0,0
3827,2017,1,1,0,0,0,0,0,0,0,0
3827,2019,1,1,1,0,0,0,0,0,0,0
3827,2021,1,0,0,0,0,0,1,0,0,0
3833,2010,5,4,2,1,0,1,1,0,1,0
3834,2007,6,6,2,0,0,1,0,0,1,0
3834,2009,7,4,1,0,0,0,3,0,2,0
3834,2010,8,6,3,1,0,0,1,0,0,1
3834,2011,12,11,6,0,0,3,1,0,0,0
3834,2015,3,3,1,1,0,0,0,0,0,0
3834,2016,3,2,1,0,0,0,1,0,0,0
3834,2017,3,3,0,0,0,0,0,0,0,0
3834,2018,3,3,0,0,0,0,0,0,0,0
3843,2001,2,2,1,0,0,0,0,0,0,0
3845,2019,1,1,0,0,0,0,0,0,0,0
3845,2021,2,2,0,0,0,0,0,0,0,0
3870,2006,3,3,0,0,0,0,0,0,0,0
3870,2012,3,2,0,0,0,0,1,0,0,0
3870,2013,6,6,1,0,0,0,0,0,1,0
3876,2011,1,0,0,0,0,0,1,0,0,0
3876,2017,5,5,2,0,0,0,0,0,1,0
3876,2018,2,2,0,0,0,0,0,0,0,0
3878,2016,3,3,1,0,0,0,0,0,1,0
3878,2017,3,3,1,0,0,0,0,0,0,0
3879,2015,1,1,0,0,0,0,0,0,0,0
3880,2021,2,2,0,0,0,0,0,0,0,0
3889,2020,1,1,1,1,0,0,0,0,0,0
3889,2022,2,2,2,0,0,0,0,0,0,0
3891,2021,3,3,0,0,0,0,0,0,0,0
3909,2015,1,1,0,0,0,0,0,0,0,0
3909,2019,1,1,0,0,0,0,0,0,0,0
3915,2007,2,2,0,0,0,0,0,0,0,0
3918,2017,2,2,1,0,0,1,0,0,0,0
3925,2001,3,3,0,0,0,0,0,0,0,0
3925,2009,6,5,2,0,0,2,1,0,1,0
3925,2010,6,5,3,0,0,0,1,0,0,0
3925,2011,2,2,0,0,0,0,0,0,0,0
3933,2021,1,1,1,0,0,0,0,0,0,0
3933,2022,1,1,0,0,0,0,0,0,0,0
3935,2022,2,2,0,0,0,0,0,0,0,0
3938,2019,1,1,0,0,0,0,0,0,0,0
3945,2016,2,2,1,0,0,0,0,0,0,0
3945,2017,1,1,0,0,0,0,0,0,0,0
3951,2008,3,3,1,0,0,0,0,0,0,0
3951,2011,8,6,1,1,0,0,2,0,0,0
3951,2013,3,3,1,1,0,0,0,0,1,0
3966,2005,3,2,2,0,0,0,0,1,0,0
3966,2008,1,1,1,0,0,0,0,0,0,0
3968,2014,3,3,0,0,0,0,0,0,0,0
3968,2015,3,2,1,0,0,0,1,0,0,0
3968,2016,3,3,0,0,0,0,0,0,0,0
3968,2017,3,2,1,0,0,0,1,0,0,0
3968,2018,3,3,2,0,0,0,0,0,0,0
3968,2021,2,2,0,0,0,0,0,0,1,0
3968,2022,2,2,2,1,0,0,0,0,0,0
3969,2017,3,3,0,0,0,0,0,0,0,0
3969,2018,2,2,0,0,0,0,0,0,0,0
3969,2019,2,2,0,0,0,0,0,0,0,0
3970,2011,1,1,0,0,0,0,0,0,0,0
3970,2019,3,2,0,0,0,0,0,1,0,0
3971,2005,1,1,0,0,0,0,0,0,0,0
3971,2006,2,1,0,0,0,0,1,0,0,0
3971,2007,1,1,0,0,0,0,0,0,0,0
3971,2008,2,2,1,0,0,0,0,0,0,0
3975,2011,3,3,0,0,0,0,0,0,0,0
3975,2014,3,2,0,0,0,0,1,0,0,0
3975,2016,3,3,1,0,0,0,0,0,0,0
3982,2015,1,1,0,0,0,0,0,0,0,0
3989,2003,4,4,4,0,0,2,0,0,0,0
3993,2020,2,2,1,0,0,0,0,0,0,0
3998,2017,1,1,0,0,0,0,0,0,0,0
3998,2019,4,4,1,0,0,0,0,0,1,0
4000,2006,1,1,0,0,0,0,0,0,0,0
4002,2014,1,1,0,0,0,0,0,0,0,0
4003,2007,3,3,0,0,0,0,0,0,1,0
4003,2008,3,3,1,0,0,1,0,0,0,0
4008,2009,1,1,1,1,0,0,0,0,0,0
4018,2019,1,1,1,0,0,0,0,0,0,0
4018,2022,2,2,0,0,0,0,0,0,0,0
4029,2013,3,3,2,0,0,1,0,0,1,0
4029,2014,5,5,0,0,0,0,0,0,1,0
4029,2015,6,5,1,0,0,0,1,0,1,0
4029,2016,3,3,1,0,0,1,0,0,1,0
4029,2017,6,6,0,0,0,0,0,0,2,0
4029,2018,6,6,2,0,0,1,0,0,1,0
4029,2019,2,2,0,0,0,0,0,0,2,0
4046,2021,2,2,1,0,0,0,0,0,0,0
4055,2014,1,1,0,0,0,0,0,0,0,0
4055,2016,4,2,1,0,0,0,2,0,1,0
4055,2017,4,3,0,0,0,0,1,0,1,0
4055,2018,2,2,1,0,0,0,0,0,0,0
4055,2019,1,1,0,0,0,0,0,0,0,0
4057,2003,2,2,1,1,0,0,0,0,0,0
4072,2021,1,0,0,0,0,0,0,1,0,0
4072,2022,1,1,0,0,0,0,0,0,1,0
4076,2001,1,1,0,0,0,0,0,0,0,0
4077,2018,3,3,0,0,0,0,0,0,1,0
4077,2019,3,3,2,0,0,0,0,0,0,0
4077,2021,2,2,0,0,0,0,0,0,0,0
4083,2004,3,3,3,0,0,1,0,0,0,0
4087,2016,1,1,1,0,0,0,0,0,0,0
4087,2017,1,1,0,0,0,0,0,0,1,0
4087,2018,2,2,1,1,0,0,0,0,0,0
4087,2019,2,2,0,0,0,0,0,0,0,0
4091,2018,1,1,0,0,0,0,0,0,1,0
4091,2019,1,1,0,0,0,0,0,0,0,0
4091,2021,2,2,0,0,0,0,0,0,1,0
4095,2001,6,4,1,0,0,0,1,0,0,1
4095,2002,3,3,2,0,0,0,0,0,0,0
4095,2004,7,7,5,0,0,0,0,0,1,0
4095,2005,3,3,1,0,0,0,0,0,0,0
4095,2006,3,3,0,0,0,0,0,0,0,0
4095,2007,5,3,0,0,0,0,2,0,0,0
4102,2005,3,2,1,1,0,0,1,0,1,0
4106,2004,3,3,0,0,0,0,0,0,1,0
4106,2006,1,0,0,0,0,0,1,0,0,0
4106,2007,1,1,1,0,0,1,0,0,0,0
4109,2012,2,1,1,0,0,1,0,0,0,1
4114,2018,2,2,0,0,0,0,0,0,0,0
4118,2016,1,1,0,0,0,0,0,0,0,0
4130,2022,3,3,3,0,0,2,0,0,0,0
4132,2014,2,2,1,1,0,0,0,0,0,0
4132,2015,1,1,1,0,0,0,0,0,0,0
4137,2012,3,3,1,0,0,0,0,0,1,0
4137,2019,2,2,1,0,0,0,0,0,1,0
4146,2001,1,0,0,0,0,0,1,0,0,0
4151,2020,3,2,0,0,0,0,0,0,0,1
4151,2022,2,2,0,0,0,0,0,0,0,0
4159,2015,2,1,0,0,0,0,1,0,0,0
4163,2011,2,2,2,0,0,0,0,0,0,0
4164,2006,3,3,3,0,0,1,0,0,0,0
4170,2014,3,3,2,1,0,0,0,0,0,0
4170,2017,6,3,1,0,0,0,3,0,1,0
4173,2006,1,1,1,0,0,1,0,0,0,0
4180,2003,1,1,1,0,0,0,0,0,0,0
4180,2004,1,1,0,0,0,0,0,0,0,0
4180,2005,3,3,0,0,0,0,0,0,2,0
4180,2008,2,1,0,0,0,0,1,0,0,0
4180,2009,2,1,0,0,0,0,1,0,1,0
4182,2012,3,3,0,0,0,0,0,0,0,0
4182,2013,6,5,1,0,0,0,1,0,0,0
4182,2014,3,3,0,0,0,0,0,0,0,0
4182,2015,3,3,0,0,0,0,0,0,1,0
4182,2016,3,3,0,0,0,0,0,0,0,0
4182,2017,6,5,2,0,0,0,1,0,0,0
4184,2017,4,4,1,0,0,0,0,0,0,0
4184,2018,15,13,1,0,0,0,1,0,2,1
4184,2019,12,12,2,0,0,1,0,0,2,0
4184,2020,9,9,0,0,0,0,0,0,1,0
4196,2020,1,1,0,0,0,0,0,0,1,0
4199,2004,2,1,0,0,0,0,1,0,0,0
4207,2016,1,1,0,0,0,0,0,0,0,0
4207,2017,1,1,0,0,0,0,0,0,0,0
4207,2018,1,1,0,0,0,0,0,0,0,0
4219,2001,3,3,0,0,0,0,0,0,1,0
4219,2002,3,3,1,1,0,0,0,0,1,0
4219,2006,1,0,0,0,0,0,1,0,0,0
4231,2007,14,13,3,2,0,0,1,0,2,0
4231,2008,6,4,3,1,0,0,2,0,0,0
4231,2010,6,2,0,0,0,0,4,0,0,0
4231,2011,2,1,0,0,0,0,1,0,0,0
4235,2004,3,3,2,2,0,0,0,0,0,0
4235,2007,2,1,0,0,0,0,1,0,0,0
4236,2017,3,3,0,0,0,0,0,0,1,0
4236,2018,4,3,1,0,0,0,1,0,0,0
4243,2022,3,2,0,0,0,0,0,1,0,0
4249,2004,2,1,1,1,0,0,1,0,0,0
4249,2005,2,2,0,0,0,0,0,0,0,0
4249,2006,1,1,0,0,0,0,0,0,0,0
4249,2007,3,2,1,1,0,0,1,0,0,0
4249,2008,2,2,1,0,0,1,0,0,0,0
4249,2009,1,0,0,0,0,0,1,0,0,0
4249,2010,2,2,1,0,0,1,0,0,0,0
4249,2011,2,2,0,0,0,0,0,0,0,0
4260,2015,1,1,0,0,0,0,0,0,0,0
4278,2020,1,1,0,0,0,0,0,0,0,0
4282,2001,3,3,0,0,0,0,0,0,1,0
4282,2002,1,1,1,0,0,0,0,0,0,0
4282,2003,10,9,2,0,0,1,1,0,0,0
4282,2004,6,6,3,0,0,0,0,0,0,0
4282,2005,3,3,0,0,0,0,0,0,0,0
4283,2015,6,6,4,0,0,1,0,0,1,0
4283,2016,12,10,3,1,0,0,2,0,1,0
4283,2017,15,14,6,0,0,2,0,0,2,1
4283,2018,5,5,2,1,0,1,0,0,1,0
4288,2012,1,1,0,0,0,0,0,0,0,0
4289,2018,6,6,1,0,0,0,0,0,2,0
4290,2022,2,2,0,0,0,0,0,0,0,0
4292,2013,1,1,1,0,0,0,0,0,0,0
4292,2014,13,12,0,0,0,0,0,0,3,1
4292,2015,15,15,5,0,0,1,0,0,1,0
4292,2016,6,5,2,0,0,0,1,0,1,0
4292,2018,2,2,0,0,0,0,0,0,1,0
4302,2016,3,3,2,0,0,0,0,0,0,0
4302,2018,1,1,0,0,0,0,0,0,0,0
4326,2009,3,2,1,0,0,1,1,0,1,0
4327,2015,2,2,1,0,0,1,0,0,0,0
4327,2017,2,2,0,0,0,0,0,0,1,0
4327,2018,1,1,0,0,0,0,0,0,0,0
4327,2019,1,1,0,0,0,0,0,0,0,0
4336,2009,5,5,1,1,0,0,0,0,0,0
4336,2010,1,1,0,0,0,0,0,0,0,0
4336,2012,2,0,0,0,0,0,2,0,0,0
4336,2013,1,1,0,0,0,0,0,0,0,0
4337,2009,1,1,0,0,0,0,0,0,0,0
4337,2010,1,0,0,0,0,0,1,0,0,0
4337,2011,2,2,0,0,0,0,0,0,0,0
4337,2014,6,5,3,0,0,0,1,0,0,0
4337,2015,3,3,1,0,0,1,0,0,1,0
4337,2016,4,4,3,1,0,0,0,0,0,0
4337,2017,1,1,0,0,0,0,0,0,0,0
4344,2004,3,2,1,0,0,0,1,0,0,0
4344,2005,3,3,2,1,0,0,0,0,1,0
4344,2007,2,1,0,0,0,0,1,0,0,0
4344,2010,4,3,0,0,0,0,1,0,0,0
4344,2011,9,9,2,1,0,0,0,0,1,0
4344,2013,3,2,2,2,0,0,0,0,0,1
4344,2014,3,3,1,1,0,0,0,0,0,0
4344,2015,6,6,2,1,0,0,0,0,2,0
4344,2018,3,3,1,0,0,1,0,0,0,0
4344,2019,6,6,3,0,0,0,0,0,0,0
4344,2020,2,2,0,0,0,0,0,0,0,0
4344,2021,9,9,0,0,0,0,0,0,2,0
4350,2012,3,3,1,0,0,0,0,0,0,0
4350,2013,6,6,1,0,0,1,0,0,0,0
4350,2016,7,5,0,0,0,0,2,0,1,0
4350,2017,6,6,2,0,0,0,0,0,1,0
4354,2003,3,2,0,0,0,0,1,0,0,0
4361,2001,2,2,1,0,0,0,0,0,0,0
4361,2006,1,1,0,0,0,0,0,0,0,0
4361,2007,1,1,1,0,0,0,0,0,0,0
4361,2008,1,1,0,0,0,0,0,0,0,0
4361,2011,4,3,1,1,0,0,1,0,0,0
4361,2013,1,1,0,0,0,0,0,0,0,0
4361,2016,1,1,1,0,0,0,0,0,0,0
4361,2017,3,3,1,0,0,0,0,0,0,0
4364,2003,2,2,2,0,0,0,0,0,0,0
4364,2006,1,1,0,0,0,0,0,0,0,0
4372,2005,1,0,0,0,0,0,1,0,0,0
4385,2020,4,2,0,0,0,0,2,0,0,0
4393,2004,3,2,0,0,0,0,1,0,2,0
4393,2005,1,0,0,0,0,0,0,1,0,0
4399,2007,1,1,0,0,0,0,0,0,0,0
4408,2011,1,1,0,0,0,0,0,0,0,0
4408,2013,2,2,1,0,0,0,0,0,0,0
4408,2014,2,1,0,0,0,0,1,0,0,0
4409,2016,3,3,1,0,0,0,0,0,0,0
4412,2009,1,1,1,1,0,0,0,0,0,0
4412,2014,2,2,1,0,0,0,0,0,0,0
4429,2015,2,2,1,0,0,1,0,0,0,0
4429,2018,1,1,0,0,0,0,0,0,0,0
4445,2016,1,1,0,0,0,0,0,0,1,0
4445,2017,1,1,0,0,0,0,0,0,0,0
4445,2022,1,1,0,0,0,0,0,0,0,0
4449,2012,4,4,0,0,0,0,0,0,0,0
4449,2013,8,7,2,0,0,1,0,1,0,0
4449,2014,3,3,1,0,0,0,0,0,0,0
4449,2015,6,6,0,0,0,0,0,0,0,0
4450,2002,3,2,1,1,0,0,1,0,0,0
4450,2003,3,1,0,0,0,0,2,0,0,0
4454,2010,2,2,0,0,0,0,0,0,0,0
4454,2011,1,1,1,0,0,0,0,0,0,0
4454,2013,2,2,0,0,0,0,0,0,0,0
4459,2008,1,1,0,0,0,0,0,0,1,0
4459,2009,2,2,0,0,0,0,0,0,0,0
4487,2003,2,2,2,0,0,0,0,0,0,0
4491,2021,1,1,0,0,0,0,0,0,1,0
4491,2022,2,2,0,0,0,0,0,0,0,0
4493,2009,3,3,1,0,0,1,0,0,0,0
4504,2015,5,4,0,0,0,0,1,0,0,0
4504,2016,2,2,1,0,0,0,0,0,0,0
4504,2017,3,3,0,0,0,0,0,0,2,0
4510,2005,2,2,1,0,0,0,0,0,0,0
4513,2014,1,1,0,0,0,0,0,0,0,0
4526,2003,1,0,0,0,0,0,1,0,0,0
4530,2005,4,4,0,0,0,0,0,0,0,0
4530,2010,4,3,1,0,0,0,1,0,0,0
4530,2011,4,4,1,1,0,0,0,0,1,0
4536,2005,3,3,2,1,0,0,0,0,0,0
4543,2006,3,3,1,0,0,0,0,0,1,0
4543,2007,5,4,2,1,0,1,0,0,0,1
4543,2008,6,6,0,0,0,0,0,0,0,0
4543,2010,7,7,0,0,0,0,0,0,2,0
4543,2011,3,3,1,0,0,1,0,0,0,0
4543,2015,4,4,1,0,0,1,0,0,0,0
4543,2016,9,8,1,0,0,0,1,0,1,0
4543,2017,15,13,5,1,0,0,2,0,3,0
4543,2018,3,3,0,0,0,0,0,0,1,0
4543,2019,3,3,2,0,0,1,0,0,0,0
4552,2002,6,6,3,0,0,1,0,0,0,0
4559,2003,1,1,1,0,0,0,0,0,0,0
4559,2005,1,1,0,0,0,0,0,0,1,0
4559,2006,1,1,0,0,0,0,0,0,0,0
4561,2010,2,2,2,1,0,0,0,0,0,0
4561,2011,3,2,0,0,0,0,1,0,0,0
4561,2012,6,4,0,0,0,0,2,0,1,0
4561,2013,3,3,1,0,0,0,0,0,0,0
4561,2016,3,3,0,0,0,0,0,0,1,0
4561,2018,3,3,1,0,0,1,0,0,0,0
4569,2007,1,1,0,0,0,0,0,0,0,0
4570,2001,10,9,3,0,0,2,1,0,1,0
4570,2002,3,3,1,1,0,0,0,0,0,0
4570,2003,3,3,1,1,0,0,0,0,0,0
4570,2004,3,3,1,0,0,0,0,0,0,0
4570,2008,3,3,1,1,0,0,0,0,0,0
4570,2009,3,2,0,0,0,0,1,0,0,0
4575,2004,6,6,3,2,0,0,0,0,0,0
4575,2005,1,1,0,0,0,0,0,0,0,0
4579,2019,1,1,1,0,0,0,0,0,0,0
4579,2022,1,1,0,0,0,0,0,0,0,0
4598,2008,3,2,1,0,0,1,1,0,0,0
4598,2009,2,2,0,0,0,0,0,0,1,0
4598,2010,4,4,1,0,0,0,0,0,2,0
4598,2011,3,1,0,0,0,0,1,0,0,1
4601,2008,2,2,1,1,0,0,0,0,0,0
4601,2009,1,1,1,0,0,0,0,0,0,0
4608,2010,3,3,1,1,0,0,0,0,0,0
4610,2008,3,2,1,0,0,0,1,0,0,0
4610,2009,3,3,1,0,0,0,0,0,0,0
4610,2010,5,5,2,1,0,1,0,0,0,0
4610,2011,11,9,1,0,0,0,2,0,0,0
4610,2014,5,5,1,0,0,0,0,0,0,0
4610,2015,3,2,0,0,0,0,1,0,0,0
4610,2016,6,6,3,0,0,0,0,0,0,0
4610,2017,3,3,0,0,0,0,0,0,2,0
4610,2018,3,3,1,0,0,0,0,0,0,0
4610,2019,3,3,0,0,0,0,0,0,2,0
4610,2021,3,3,1,0,0,1,0,0,0,0
4611,2003,4,4,3,0,0,1,0,0,0,0
4611,2004,7,7,1,1,0,0,0,0,0,0
4611,2005,9,7,4,1,0,0,2,0,0,0
4611,2006,10,9,3,2,0,0,1,0,1,0
4611,2007,9,7,1,0,0,0,0,0,0,2
4611,2008,12,12,2,0,0,1,0,0,1,0
4611,2009,8,8,2,1,0,1,0,0,1,0
4611,2010,9,9,3,0,0,2,0,0,2,0
4611,2011,3,3,1,0,0,0,0,0,0,0
4611,2012,7,7,3,1,0,0,0,0,1,0
4611,2013,7,6,4,0,0,0,0,0,1,1
4611,2014,3,3,0,0,0,0,0,0,0,0
4612,2014,1,1,1,0,0,0,0,0,0,0
4612,2018,3,3,1,0,0,1,0,0,0,0
4619,2004,3,3,0,0,0,0,0,0,0,0
4619,2008,3,3,1,1,0,0,0,0,1,0
4619,2009,6,2,2,0,1,1,3,1,0,0
4620,2007,3,3,1,0,0,0,0,0,1,0
4620,2009,4,3,1,0,0,0,1,0,1,0
4620,2010,10,9,2,1,0,1,1,0,2,0
4620,2014,3,3,0,0,0,0,0,0,1,0
4625,2004,1,1,0,0,0,0,0,0,0,0
4635,2019,1,1,0,0,0,0,0,0,0,0
4637,2005,2,2,0,0,0,0,0,0,0,0
4665,2013,9,9,2,0,0,0,0,0,1,0
4665,2014,2,2,0,0,0,0,0,0,0,0
4666,2012,9,8,2,1,0,0,1,0,0,0
4666,2013,3,1,1,0,0,1,2,0,0,0
4666,2014,3,3,1,0,0,0,0,0,0,0
4678,2015,4,4,0,0,0,0,0,0,1,0
4678,2016,4,4,2,0,0,0,0,0,0,0
4678,2017,2,2,0,0,0,0,0,0,1,0
4678,2019,3,3,1,0,0,0,0,0,0,0
4686,2019,1,1,1,0,0,0,0,0,0,0
4693,2007,1,1,0,0,0,0,0,0,0,0
4693,2009,3,3,1,0,0,0,0,0,0,0
4701,2004,4,4,1,0,0,0,0,0,0,0
4701,2005,4,3,1,0,0,1,1,0,0,0
4708,2004,1,1,0,0,0,0,0,0,0,0
4715,2016,1,0,0,0,0,0,1,0,0,0
4715,2017,2,2,1,0,0,0,0,0,0,0
4715,2018,1,1,0,0,0,0,0,0,0,0
4725,2017,1,1,1,0,0,0,0,0,0,0
4730,2011,1,1,1,0,0,1,0,0,0,0
4731,2004,3,3,2,0,0,1,0,0,0,0
4731,2005,1,1,1,0,0,0,0,0,0,0
4731,2008,1,1,0,0,0,0,0,0,1,0
4731,2009,4,4,1,0,0,0,0,0,0,0
4731,2010,1,0,0,0,0,0,1,0,0,0
4731,2011,4,4,2,1,0,0,0,0,0,0
4744,2001,7,6,1,1,0,0,0,1,1,0
4744,2002,15,12,8,0,0,1,2,1,1,0
4744,2003,3,2,2,1,0,0,1,0,0,0
4757,2022,2,2,1,0,0,1,0,0,1,0
4760,2021,1,1,1,0,0,1,0,0,0,0
4785,2005,1,1,1,0,0,0,0,0,0,0
4785,2007,2,2,0,0,0,0,0,0,0,0
4785,2008,6,6,3,1,0,1,0,0,0,0
4785,2009,3,0,0,0,0,0,3,0,0,0
4785,2010,2,2,1,1,0,0,0,0,0,0
4785,2011,4,4,1,0,0,0,0,0,1,0
4801,2012,5,5,0,0,0,0,0,0,3,0
4801,2014,3,3,1,1,0,0,0,0,1,0
4801,2015,3,3,1,0,0,1,0,0,0,0
4801,2017,6,6,1,0,0,1,0,0,2,0
4803,2002,6,6,1,1,0,0,0,0,0,0
4803,2003,3,2,2,0,0,0,1,0,0,0
4803,2006,2,2,0,0,0,0,0,0,0,0
4810,2014,1,1,0,0,0,0,0,0,0,0
4810,2016,2,2,0,0,0,0,0,0,1,0
4810,2017,2,2,0,0,0,0,0,0,1,0
4810,2022,1,1,0,0,0,0,0,0,0,0
4813,2004,4,4,2,1,0,0,0,0,0,0
4823,2012,2,2,0,0,0,0,0,0,0,0
4823,2016,5,5,3,0,0,0,0,0,0,0
4823,2017,3,3,0,0,0,0,0,0,0,0
4823,2018,1,1,0,0,0,0,0,0,0,0
4823,2019,2,2,0,0,0,0,0,0,0,0
4823,2020,3,3,0,0,0,0,0,0,1,0
4825,2003,2,1,1,1,0,0,0,0,0,1
4825,2005,4,3,1,0,0,1,1,0,0,0
4825,2006,3,3,2,1,0,1,0,0,0,0
4825,2007,2,2,2,0,0,0,0,0,0,0
4834,2005,6,5,1,0,0,0,1,0,1,0
4834,2006,3,1,0,0,0,0,2,0,0,0
4834,2007,2,2,0,0,0,0,0,0,0,0
4834,2008,2,1,1,0,0,0,1,0,0,0
4839,2008,1,1,1,0,0,1,0,0,0,0
4851,2022,2,1,0,0,0,0,0,1,1,0
4853,2005,2,2,2,0,1,0,0,0,0,0
4853,2006,4,2,1,0,0,0,1,1,0,0
4853,2010,1,1,0,0,0,0,0,0,0,0
4853,2011,4,3,1,0,0,0,1,0,0,0
4853,2012,1,0,0,0,0,0,1,0,0,0
4862,2001,1,1,1,0,0,1,0,0,0,0
4862,2003,3,3,1,0,0,0,0,0,0,0
4867,2020,1,1,0,0,0,0,0,0,0,0
4869,2001,2,2,1,1,0,0,0,0,0,0
4869,2002,1,1,0,0,0,0,0,0,0,0
4869,2003,1,1,1,0,0,1,0,0,0,0
4869,2004,1,1,0,0,0,0,0,0,0,0
4869,2008,2,0,0,0,0,0,2,0,0,0
4871,2004,3,2,1,0,0,1,1,0,1,0
4876,2004,1,0,0,0,0,0,0,0,0,1
4882,2002,9,9,2,0,0,1,0,0,0,0
4882,2004,3,3,1,0,0,0,0,0,0,0
4886,2011,2,1,1,0,0,0,1,0,0,0
4886,2012,1,1,0,0,0,0,0,0,0,0
4886,2019,1,1,0,0,0,0,0,0,1,0
4887,2010,1,1,0,0,0,0,0,0,1,0
4887,2011,2,1,0,0,0,0,1,0,1,0
4888,2019,1,1,1,0,0,0,0,0,0,0
4896,2012,16,16,4,3,0,1,0,0,5,0
4896,2013,10,10,1,0,0,0,0,0,3,0
4896,2014,12,11,3,2,0,0,1,0,2,0
4896,2015,18,16,3,0,0,0,2,0,3,0
4896,2016,12,9,0,0,0,0,3,0,2,0
4896,2017,3,3,2,1,0,0,0,0,0,0
4896,2018,2,2,0,0,0,0,0,0,0,0
4896,2019,6,6,3,1,0,0,0,0,1,0
4902,2001,5,4,3,1,0,0,1,0,0,0
4903,2019,1,1,0,0,0,0,0,0,0,0
4903,2020,2,2,0,0,0,0,0,0,1,0
4910,2001,4,4,1,0,0,0,0,0,0,0
4910,2002,8,7,4,0,0,1,1,0,1,0
4910,2003,4,4,1,0,0,0,0,0,2,0
4910,2004,4,2,1,0,0,0,2,0,1,0
4910,2005,4,4,1,0,0,0,0,0,1,0
4910,2006,6,5,0,0,0,0,1,0,0,0
4910,2007,3,3,0,0,0,0,0,0,0,0
4910,2009,7,6,4,0,0,2,1,0,1,0
4910,2010,3,2,1,1,0,0,1,0,1,0
4910,2011,3,3,0,0,0,0,0,0,0,0
4916,2007,3,3,1,1,0,0,0,0,0,0
4920,2001,2,2,1,1,0,0,0,0,0,0
4920,2003,1,1,0,0,0,0,0,0,0,0
4920,2004,1,1,0,0,0,0,0,0,0,0
4920,2005,1,1,1,0,0,0,0,0,0,0
4920,2006,3,2,1,0,0,0,1,0,0,0
4920,2007,1,0,0,0,0,0,1,0,0,0
4935,2009,2,2,1,0,0,0,0,0,0,0
4939,2012,1,1,0,0,0,0,0,0,1,0
4946,2012,2,2,1,1,0,0,0,0,0,0
4946,2013,1,0,0,0,0,0,1,0,0,0
4946,2014,4,3,0,0,0,0,0,1,0,0
4946,2015,1,1,0,0,0,0,0,0,0,0
4946,2017,2,2,0,0,0,0,0,0,0,0
4949,2017,2,2,0,0,0,0,0,0,1,0
4954,2008,3,2,1,1,0,0,0,0,1,1
4961,2018,3,3,0,0,0,0,0,0,0,0
4961,2021,1,1,0,0,0,0,0,0,0,0
4967,2021,2,2,0,0,0,0,0,0,0,0
4979,2019,1,1,0,0,0,0,0,0,0,0
4994,2018,3,2,1,0,0,0,1,0,0,0
5016,2006,5,5,0,0,0,0,0,0,1,0
5016,2007,3,3,2,0,0,1,0,0,0,0
5016,2008,1,0,0,0,0,0,1,0,0,0
5016,2017,3,3,0,0,0,0,0,0,0,0
5016,2021,2,2,1,0,0,1,0,0,0,0
5023,2021,1,1,0,0,0,0,0,0,0,0
5040,2018,2,1,0,0,0,0,1,0,0,0
5042,2006,3,3,1,0,0,0,0,0,0,0
5042,2007,6,5,3,0,0,1,1,0,0,0
5053,2009,3,2,1,0,0,0,1,0,0,0
5053,2012,3,3,1,1,0,0,0,0,0,0
5053,2013,2,2,0,0,0,0,0,0,0,0
5053,2016,1,1,0,0,0,0,0,0,0,0
5075,2020,1,1,0,0,0,0,0,0,1,0
5075,2022,1,1,0,0,0,0,0,0,0,0
5079,2002,1,1,0,0,0,0,0,0,0,0
5079,2004,1,1,0,0,0,0,0,0,1,0
5079,2005,1,1,0,0,0,0,0,0,0,0
5079,2006,1,1,0,0,0,0,0,0,0,0
5079,2008,1,1,0,0,0,0,0,0,0,0
5079,2009,3,1,0,0,0,0,2,0,1,0
5079,2010,2,2,1,0,0,1,0,0,0,0
5082,2021,1,0,0,0,0,0,1,0,0,0
5085,2022,1,1,0,0,0,0,0,0,0,0
5089,2017,1,1,0,0,0,0,0,0,0,0
5089,2018,1,1,0,0,0,0,0,0,1,0
5089,2019,1,1,0,0,0,0,0,0,0,0
5093,2012,13,13,6,2,0,2,0,0,0,0
5093,2013,6,5,0,0,0,0,1,0,3,0
5093,2015,6,5,2,1,0,1,1,0,0,0
5093,2016,11,11,2,0,0,1,0,0,0,0
5093,2017,3,3,1,0,0,0,0,0,0,0
5093,2018,3,3,1,0,0,1,0,0,1,0
5094,2011,2,2,0,0,0,0,0,0,0,0
5094,2012,2,1,0,0,0,0,1,0,1,0
5094,2021,1,0,0,0,0,0,1,0,0,0
5103,2014,1,1,0,0,0,0,0,0,0,0
5107,2021,1,1,0,0,0,0,0,0,0,0
5121,2002,2,1,0,0,0,0,1,0,0,0
5149,2011,1,1,1,1,0,0,0,0,0,0
5167,2005,2,2,0,0,0,0,0,0,2,0
5168,2022,1,1,0,0,0,0,0,0,1,0
5203,2008,2,2,1,0,0,1,0,0,0,0
5209,2006,6,4,1,0,0,0,2,0,0,0
5209,2007,3,3,2,0,0,1,0,0,0,0
5209,2008,2,2,2,0,0,1,0,0,0,0
5209,2009,1,1,0,0,0,0,0,0,0,0
5209,2010,1,1,0,0,0,0,0,0,0,0
5213,2016,1,1,1,0,0,0,0,0,0,0
5213,2017,2,2,0,0,0,0,0,0,1,0
5234,2011,3,2,1,0,0,0,1,0,1,0
5234,2015,1,1,0,0,0,0,0,0,0,0
5234,2019,2,1,0,0,0,0,0,0,0,1
5234,2021,1,1,0,0,0,0,0,0,1,0
5235,2019,3,3,1,0,0,1,0,0,0,0
5240,2004,3,3,2,1,0,1,0,0,0,0
5240,2005,1,0,0,0,0,0,1,0,0,0
5240,2006,1,1,1,0,0,0,0,0,0,0
5243,2004,4,4,2,0,0,0,0,0,0,0
5243,2005,6,5,2,0,0,1,1,0,1,0
5243,2006,3,3,1,0,0,0,0,0,0,0
5243,2007,6,5,2,0,0,0,1,0,1,0
5243,2009,3,3,1,0,0,0,0,0,0,0
5243,2010,6,6,4,0,0,2,0,0,0,0
5243,2011,6,6,2,0,0,0,0,0,1,0
5243,2015,3,3,1,0,0,1,0,0,0,0
5246,2009,3,3,1,0,0,1,0,0,0,0
5251,2022,2,1,1,0,0,1,0,1,0,0
5254,2011,1,1,0,0,0,0,0,0,0,0
5254,2019,1,1,0,0,0,0,0,0,0,0
5258,2012,5,5,4,1,0,0,0,0,1,0
5258,2014,3,3,1,0,0,1,0,0,0,0
5258,2015,1,1,0,0,0,0,0,0,0,0
5262,2004,1,1,0,0,0,0,0,0,0,0
5270,2012,4,4,2,1,0,1,0,0,1,0
5270,2013,4,4,0,0,0,0,0,0,0,0
5293,2012,1,1,0,0,0,0,0,0,0,0
5293,2013,1,1,0,0,0,0,0,0,1,0
5293,2014,3,3,0,0,0,0,0,0,0,0
5293,2015,1,1,0,0,0,0,0,0,0,0
5293,2016,1,1,0,0,0,0,0,0,1,0
5293,2017,2,2,0,0,0,0,0,0,1,0
5312,2012,3,3,1,0,0,1,0,0,1,0
5312,2014,2,2,0,0,0,0,0,0,0,0
5312,2015,2,1,0,0,0,0,0,1,0,0
5312,2018,2,2,1,1,0,0,0,0,1,0
5326,2010,2,1,0,0,0,0,1,0,0,0
5326,2011,1,1,0,0,0,0,0,0,0,0
5329,2021,1,1,0,0,0,0,0,0,1,0
5339,2017,2,1,0,0,0,0,1,0,0,0
5359,2002,3,2,1,0,0,1,1,0,0,0
5359,2003,6,6,2,0,0,1,0,0,1,0
5359,2004,5,3,0,0,0,0,2,0,0,0
5361,2011,1,1,0,0,0,0,0,0,1,0
5364,2012,13,13,2,2,0,0,0,0,4,0
5364,2013,6,6,0,0,0,0,0,0,1,0
5364,2014,8,8,3,1,0,0,0,0,2,0
5364,2015,12,12,1,0,0,1,0,0,2,0
5364,2016,15,15,2,0,0,1,0,0,1,0
5364,2017,6,6,1,0,0,0,0,0,0,0
5366,2002,1,1,0,0,0,0,0,0,1,0
5373,2022,1,1,0,0,0,0,0,0,1,0
5384,2004,1,1,0,0,0,0,0,0,0,0
5384,2008,3,3,3,0,0,0,0,0,0,0
5384,2009,3,1,0,0,0,0,2,0,0,0
5384,2010,7,6,0,0,0,0,1,0,2,0
5384,2017,3,3,0,0,0,0,0,0,0,0
5384,2018,3,3,1,0,0,0,0,0,0,0
5389,2015,1,1,0,0,0,0,0,0,0,0
5389,2017,2,1,0,0,0,0,1,0,0,0
5392,2001,3,3,0,0,0,0,0,0,1,0
5400,2010,1,1,1,0,0,0,0,0,0,0
5420,2006,3,3,0,0,0,0,0,0,0,0
5420,2007,3,2,1,0,0,1,1,0,0,0
5427,2019,3,3,0,0,0,0,0,0,1,0
5427,2020,2,2,1,0,0,1,0,0,0,0
5438,2012,2,2,1,0,0,0,0,0,0,0
5440,2011,2,2,1,0,0,1,0,0,0,0
5440,2012,2,2,1,0,0,0,0,0,0,0
5440,2014,1,1,0,0,0,0,0,0,0,0
5440,2015,3,3,1,0,0,0,0,0,2,0
5440,2016,1,1,0,0,0,0,0,0,0,0
5440,2018,1,1,0,0,0,0,0,0,1,0
5440,2019,1,1,0,0,0,0,0,0,0,0
5444,2001,3,3,2,0,0,1,0,0,1,0
5444,2002,2,2,2,0,0,1,0,0,0,0
5451,2020,2,2,0,0,0,0,0,0,1,0
5451,2021,2,2,0,0,0,0,0,0,1,0
5462,2010,1,1,0,0,0,0,0,0,0,0
5462,2016,1,1,1,0,0,0,0,0,0,0
5462,2017,2,2,1,0,0,1,0,0,1,0
5471,2006,1,1,0,0,0,0,0,0,0,0
5472,2014,1,1,1,0,0,0,0,0,0,0
5479,2016,2,2,0,0,0,0,0,0,1,0
5480,2002,3,3,0,0,0,0,0,0,0,0
5480,2003,3,3,1,0,0,0,0,0,0,0
5480,2004,7,6,3,0,0,1,0,1,0,0
5480,2005,6,5,2,0,0,0,1,0,0,0
5480,2006,4,4,1,0,0,1,0,0,0,0
5480,2007,6,6,1,0,0,1,0,0,1,0
5486,2002,3,3,1,0,0,0,0,0,0,0
5486,2005,3,2,1,0,0,0,0,1,0,0
5487,2015,2,2,1,0,0,0,0,0,0,0
5487,2016,1,1,0,0,0,0,0,0,0,0
5487,2018,1,1,1,0,0,0,0,0,0,0
5501,2019,1,1,0,0,0,0,0,0,0,0
5505,2001,2,1,0,0,0,0,1,0,0,0
5505,2002,2,1,0,0,0,0,1,0,0,0
5507,2018,2,2,0,0,0,0,0,0,0,0
5515,2008,6,6,2,1,0,0,0,0,1,0
5515,2009,6,3,0,0,0,0,2,0,1,1
5515,2010,3,3,0,0,0,0,0,0,1,0
5515,2011,3,3,2,0,0,0,0,0,0,0
5515,2012,7,4,2,0,0,1,3,0,0,0
5515,2015,6,6,1,0,0,0,0,0,2,0
5515,2016,4,4,2,1,0,0,0,0,0,0
5518,2001,2,2,1,0,0,1,0,0,0,0
5521,2001,3,3,1,0,0,0,0,0,0,0
5527,2018,2,2,0,0,0,0,0,0,0,0
5527,2019,3,3,2,1,0,1,0,0,0,0
5560,2003,2,2,0,0,0,0,0,0,1,0
5560,2008,1,1,0,0,0,0,0,0,0,0
5561,2003,3,2,0,0,0,0,1,0,0,0
5562,2008,3,3,1,0,0,1,0,0,1,0
5562,2009,6,6,2,0,0,0,0,0,1,0
5562,2010,3,3,1,0,0,0,0,0,0,0
5562,2011,4,3,3,0,0,0,1,0,0,0
5563,2013,2,2,2,0,0,1,0,0,0,0
5563,2014,2,1,0,0,0,0,1,0,0,0
5563,2015,1,1,0,0,0,0,0,0,0,0
5576,2001,1,1,0,0,0,0,0,0,0,0
5579,2004,1,1,0,0,0,0,0,0,1,0
5579,2005,1,1,1,0,0,0,0,0,0,0
5583,2018,1,1,1,1,0,0,0,0,0,0
5583,2022,1,1,0,0,0,0,0,0,0,0
5588,2001,7,7,3,1,0,0,0,0,3,0
5588,2002,3,3,2,1,0,1,0,0,0,0
5588,2004,4,4,2,1,0,1,0,0,0,0
5588,2005,3,3,0,0,0,0,0,0,0,0
5588,2008,6,4,2,0,0,1,2,0,0,0
5588,2009,3,3,2,0,0,2,0,0,1,0
5613,2001,5,4,2,0,0,1,1,0,1,0
5613,2002,4,4,2,0,0,0,0,0,0,0
5649,2012,2,2,0,0,0,0,0,0,0,0
5649,2013,3,3,1,1,0,0,0,0,2,0
5649,2015,2,2,0,0,0,0,0,0,0,0
5649,2016,1,1,0,0,0,0,0,0,0,0
5665,2001,1,0,0,0,0,0,1,0,0,0
5665,2002,2,1,1,0,0,1,1,0,0,0
5665,2003,1,1,0,0,0,0,0,0,0,0
5665,2004,3,3,3,1,0,1,0,0,0,0
5665,2006,1,1,1,0,0,1,0,0,0,0
5665,2007,1,0,0,0,0,0,1,0,0,0
5665,2008,1,1,1,0,0,0,0,0,0,0
5676,2014,3,3,2,0,0,2,0,0,1,0
5701,2003,1,1,1,1,0,0,0,0,0,0
5701,2006,1,1,1,0,0,0,0,0,0,0
5707,2017,3,3,2,0,0,1,0,0,0,0
5707,2018,3,3,1,1,0,0,0,0,1,0
5707,2022,2,0,0,0,0,0,1,1,0,0
5709,2018,3,3,1,0,0,0,0,0,0,0
5709,2019,3,2,0,0,0,0,1,0,0,0
5712,2008,4,3,1,1,0,0,1,0,0,0
5712,2009,7,7,1,0,0,0,0,0,3,0
5712,2010,3,3,2,0,0,1,0,0,0,0
5719,2015,1,1,0,0,0,0,0,0,0,0
5719,2017,2,2,0,0,0,0,0,0,0,0
5719,2018,1,1,1,0,0,0,0,0,0,0
5739,2015,7,6,3,1,0,1,1,0,0,0
5739,2016,3,3,1,0,0,0,0,0,0,0
5739,2017,3,3,1,0,0,0,0,0,0,0
5743,2009,3,3,0,0,0,0,0,0,0,0
5743,2010,6,5,2,1,0,0,1,0,0,0
5743,2011,6,6,2,0,0,1,0,0,0,0
5744,2001,1,1,0,0,0,0,0,0,1,0
5752,2010,3,2,2,1,0,0,1,0,0,0
5757,2005,2,1,0,0,0,0,1,0,1,0
5757,2010,3,3,0,0,0,0,0,0,0,0
5757,2014,3,3,1,0,0,0,0,0,0,0
5757,2015,6,5,0,0,0,0,1,0,0,0
5757,2021,3,3,1,1,0,0,0,0,0,0
5770,2005,6,5,1,0,0,0,1,0,0,0
5773,2015,4,4,2,0,0,0,0,0,1,0
5773,2016,2,2,0,0,0,0,0,0,0,0
5773,2017,1,1,0,0,0,0,0,0,0,0
5773,2019,1,1,0,0,0,0,0,0,0,0
5777,2018,4,3,1,0,0,0,1,0,0,0
5777,2019,3,2,1,0,0,0,1,0,0,0
5777,2021,3,2,0,0,0,0,0,1,0,0
5777,2022,3,2,0,0,0,0,1,0,0,0
5782,2016,1,1,0,0,0,0,0,0,0,0
5782,2017,1,1,0,0,0,0,0,0,0,0
5782,2018,2,2,2,0,0,0,0,0,0,0
5788,2021,3,3,1,0,0,1,0,0,1,0
5789,2019,3,3,0,0,0,0,0,0,1,0
5789,2022,6,6,1,0,0,1,0,0,1,0
5790,2022,1,1,0,0,0,0,0,0,0,0
5797,2010,1,1,1,0,0,1,0,0,0,0
5797,2012,3,3,0,0,0,0,0,0,0,0
5797,2013,1,0,0,0,0,0,1,0,0,0
5797,2014,3,2,1,0,0,0,1,0,0,0
5815,2007,6,6,1,0,0,0,0,0,1,0
5815,2010,6,5,3,1,0,1,1,0,0,0
5815,2011,1,1,1,0,0,0,0,0,0,0
5815,2015,3,3,0,0,0,0,0,0,0,0
5819,2011,5,3,1,1,0,0,1,0,0,1
5819,2012,4,4,1,0,0,1,0,0,1,0
5819,2016,6,6,3,0,0,2,0,0,0,0
5819,2017,6,5,0,0,0,0,1,0,1,0
5819,2018,3,3,1,1,0,0,0,0,0,0
5819,2021,2,2,0,0,0,0,0,0,0,0
5820,2004,3,2,1,0,0,0,1,0,0,0
5820,2005,7,5,1,0,0,1,2,0,0,0
5820,2007,3,2,0,0,0,0,1,0,1,0
5826,2008,1,1,0,0,0,0,0,0,0,0
5826,2009,2,2,1,0,0,0,0,0,1,0
5826,2015,1,1,1,0,0,0,0,0,0,0
5835,2009,2,0,0,0,0,0,2,0,0,0
5845,2008,6,4,2,1,0,0,2,0,0,0
5845,2009,5,3,2,1,0,0,2,0,0,0
5845,2010,6,5,2,1,0,0,1,0,0,0
5845,2011,6,6,2,0,0,0,0,0,3,0
5845,2014,3,2,1,1,0,0,1,0,0,0
5845,2015,6,6,1,0,0,0,0,0,2,0
5845,2016,3,3,1,0,0,0,0,0,0,0
5845,2017,3,3,1,1,0,0,0,0,1,0
5845,2020,4,4,1,0,0,0,0,0,1,0
5845,2022,3,3,1,0,0,0,0,0,1,0
5851,2014,13,13,5,1,0,1,0,0,2,0
5851,2015,12,12,0,0,0,0,0,0,4,0
5851,2016,6,6,2,1,0,1,0,0,0,0
5851,2017,6,6,1,0,0,1,0,0,2,0
5851,2018,3,2,0,0,0,0,1,0,1,0
5851,2021,2,2,1,0,0,1,0,0,0,0
5867,2003,2,2,1,1,0,0,0,0,1,0
5867,2004,2,1,0,0,0,0,1,0,1,0
5869,2019,13,11,5,2,0,1,1,0,0,1
5877,2001,2,2,0,0,0,0,0,0,1,0
5877,2003,3,3,1,0,0,0,0,0,0,0
5877,2005,1,1,1,0,0,0,0,0,0,0
5877,2006,3,3,2,1,0,1,0,0,1,0
5877,2007,4,3,1,0,0,0,1,0,1,0
5882,2004,5,5,2,0,0,1,0,0,0,0
5883,2010,2,2,0,0,0,0,0,0,1,0
5883,2011,1,1,1,0,0,0,0,0,0,0
5883,2014,1,1,1,1,0,0,0,0,0,0
5883,2015,1,1,1,0,0,0,0,0,0,0
5883,2016,1,1,0,0,0,0,0,0,0,0
5883,2018,1,0,0,0,0,0,1,0,0,0
5883,2021,1,1,0,0,0,0,0,0,1,0
5883,2022,3,3,0,0,0,0,0,0,0,0
5896,2021,2,2,0,0,0,0,0,0,1,0
5902,2001,3,2,1,0,0,1,1,0,0,0
5902,2002,2,1,0,0,0,0,1,0,1,0
5902,2003,1,1,0,0,0,0,0,0,0,0
5902,2007,2,1,0,0,0,0,1,0,0,0
5905,2020,1,1,0,0,0,0,0,0,0,0
5905,2021,1,1,0,0,0,0,0,0,1,0
5907,2012,4,4,2,0,0,0,0,0,1,0
5909,2003,12,12,4,0,0,2,0,0,2,0
5909,2004,7,7,1,1,0,0,0,0,2,0
5911,2019,1,1,0,0,0,0,0,0,0,0
5924,2012,1,1,1,0,0,0,0,0,0,0
5929,2019,1,1,0,0,0,0,0,0,0,0
5938,2014,3,3,0,0,0,0,0,0,0,0
5938,2016,1,1,1,0,0,1,0,0,0,0
5944,2019,1,1,0,0,0,0,0,0,0,0
5953,2014,3,3,0,0,0,0,0,0,0,0
5953,2015,3,3,0,0,0,0,0,0,1,0
5953,2016,7,7,0,0,0,0,0,0,1,0
5953,2018,7,7,1,0,0,0,0,0,1,0
5965,2008,3,3,2,0,0,0,0,0,1,0
5974,2002,1,0,0,0,0,0,1,0,0,0
5988,2018,3,3,1,0,0,0,0,0,0,0
5997,2020,1,1,0,0,0,0,0,0,0,0
5999,2003,2,1,0,0,0,0,1,0,0,0
5999,2004,3,2,1,0,0,0,1,0,0,0
5999,2005,3,2,0,0,0,0,1,0,0,0
5999,2006,4,4,1,0,0,0,0,0,0,0
6010,2012,1,1,0,0,0,0,0,0,0,0
6017,2021,1,1,0,0,0,0,0,0,0,0
6019,2002,1,1,1,0,0,0,0,0,0,0
6019,2004,1,1,0,0,0,0,0,0,0,0
6021,2009,1,1,0,0,0,0,0,0,0,0
6069,2017,1,1,0,0,0,0,0,0,1,0
6092,2022,2,2,0,0,0,0,0,0,0,0
6098,2007,1,1,1,1,0,0,0,0,0,0
6098,2008,1,1,0,0,0,0,0,0,1,0
6098,2009,3,2,0,0,0,0,1,0,1,0
6099,2009,3,3,1,1,0,0,0,0,0,0
6099,2010,6,6,0,0,0,0,0,0,3,0
6099,2011,6,6,2,0,0,1,0,0,1,0
6099,2012,7,7,3,1,0,0,0,0,2,0
6099,2014,6,6,3,0,0,1,0,0,0,0
6118,2013,3,3,1,0,0,0,0,0,1,0
6118,2016,3,3,0,0,0,0,0,0,0,0
6127,2012,3,3,0,0,0,0,0,0,2,0
6137,2020,1,0,0,0,0,0,0,1,0,0
6143,2019,1,1,1,1,0,0,0,0,0,0
6143,2022,1,0,0,0,0,0,1,0,0,0
6157,2020,3,3,1,1,0,0,0,0,1,0
6190,2008,3,2,0,0,0,0,1,0,0,0
6190,2009,3,3,0,0,0,0,0,0,0,0
6190,2010,6,6,2,0,0,0,0,0,1,0
6190,2011,6,4,2,0,0,1,2,0,0,0
6229,2009,3,1,0,0,0,0,2,0,0,0
6229,2010,2,2,2,1,0,0,0,0,0,0
6229,2011,3,3,0,0,0,0,0,0,0,0
6229,2013,3,2,0,0,0,0,1,0,1,0
6229,2015,3,3,1,0,0,0,0,0,0,0
6229,2016,3,2,0,0,0,0,1,0,0,0
6229,2017,3,3,2,1,0,0,0,0,0,0
6233,2021,1,1,1,0,0,0,0,0,0,0
6233,2022,9,7,1,0,0,0,1,0,0,1
6240,2019,1,1,0,0,0,0,0,0,0,0
6240,2022,1,1,0,0,0,0,0,0,0,0
6248,2001,4,4,1,0,0,0,0,0,0,0
6248,2002,6,4,0,0,0,0,1,1,1,0
6248,2003,3,2,0,0,0,0,1,0,1,0
6248,2004,3,3,2,1,0,0,0,0,0,0
6248,2005,4,2,1,1,0,0,2,0,0,0
6251,2017,6,5,2,0,0,0,1,0,0,0
6251,2018,3,3,2,1,0,0,0,0,0,0
6261,2014,1,1,0,0,0,0,0,0,0,0
6267,2009,1,0,0,0,0,0,1,0,0,0
6271,2012,1,0,0,0,0,0,1,0,0,0
6271,2013,1,1,1,0,0,0,0,0,0,0
6273,2010,5,3,2,0,0,0,2,0,0,0
6273,2011,1,1,1,0,0,0,0,0,0,0
6273,2016,4,4,0,0,0,0,0,0,0,0
6273,2017,3,3,1,0,0,0,0,0,0,0
6273,2018,12,11,4,1,0,1,1,0,1,0
6279,2010,4,4,1,0,0,1,0,0,0,0
6279,2018,8,7,2,1,0,1,1,0,1,0
6279,2019,8,7,3,1,0,0,1,0,0,0
6280,2017,5,3,0,0,0,0,2,0,0,0
6280,2018,2,2,0,0,0,0,0,0,1,0
6280,2019,3,1,0,0,0,0,2,0,1,0
6282,2010,3,2,1,0,0,0,0,1,0,0
6282,2011,1,0,0,0,0,0,1,0,0,0
6282,2013,1,0,0,0,0,0,1,0,0,0
6285,2008,2,2,1,0,0,0,0,0,0,0
6285,2010,2,2,1,0,0,1,0,0,0,0
6292,2006,3,2,1,0,0,0,1,0,0,0
6292,2009,4,3,0,0,0,0,1,0,0,0
6292,2011,3,3,0,0,0,0,0,0,0,0
6292,2014,4,4,0,0,0,0,0,0,1,0
6293,2014,1,1,1,0,0,0,0,0,0,0
6297,2001,1,1,0,0,0,0,0,0,0,0
6299,2022,2,2,0,0,0,0,0,0,0,0
6326,2005,2,2,0,0,0,0,0,0,0,0
6326,2009,3,3,0,0,0,0,0,0,0,0
6329,2004,2,2,0,0,0,0,0,0,0,0
6332,2002,6,5,0,0,0,0,1,0,1,0
6332,2003,3,3,1,1,0,0,0,0,0,0
6332,2004,3,3,0,0,0,0,0,0,1,0
6334,2001,3,3,1,1,0,0,0,0,1,0
6335,2017,1,1,1,0,0,1,0,0,0,0
6335,2022,3,3,1,0,0,0,0,0,0,0
6352,2015,2,2,1,0,0,0,0,0,0,0
6353,2017,2,2,0,0,0,0,0,0,0,0
6356,2014,4,3,0,0,0,0,1,0,1,0
6356,2017,1,1,0,0,0,0,0,0,0,0
6356,2021,1,1,0,0,0,0,0,0,1,0
6356,2022,1,1,0,0,0,0,0,0,1,0
6370,2011,1,0,0,0,0,0,1,0,0,0
6376,2001,2,1,0,0,0,0,1,0,0,0
6376,2003,3,2,1,1,0,0,0,1,0,0
6378,2012,4,4,2,1,0,0,0,0,0,0
6378,2014,9,8,3,1,0,0,0,0,0,1
6378,2016,3,3,0,0,0,0,0,0,1,0
6378,2019,3,3,0,0,0,0,0,0,0,0
6380,2002,1,1,0,0,0,0,0,0,0,0
6382,2001,3,3,1,0,0,0,0,0,1,0
6384,2018,3,3,1,0,0,0,0,0,2,0
6386,2007,1,1,1,0,0,0,0,0,0,0
6386,2012,3,1,0,0,0,0,1,0,0,1
6386,2014,14,13,6,1,0,2,0,0,1,1
6386,2015,13,11,2,0,0,1,1,1,3,0
6386,2016,9,9,1,0,0,0,0,0,2,0
6406,2016,1,1,1,0,0,0,0,0,0,0
6412,2003,5,4,1,0,0,0,0,0,2,1
6412,2004,3,2,0,0,0,0,1,0,0,0
6412,2005,2,2,0,0,0,0,0,0,0,0
6412,2006,5,5,2,1,0,0,0,0,1,0
6412,2007,4,2,1,0,0,0,2,0,0,0
6412,2008,3,2,0,0,0,0,1,0,0,0
6412,2009,1,1,1,0,0,1,0,0,0,0
6412,2010,1,1,0,0,0,0,0,0,0,0
6412,2011,1,1,1,0,0,0,0,0,0,0
6413,2003,3,3,1,0,0,0,0,0,1,0
6413,2004,12,11,3,1,0,0,0,0,2,1
6413,2005,6,6,2,1,0,0,0,0,0,0
6413,2006,3,2,1,0,0,0,1,0,0,0
6414,2001,13,12,6,0,0,0,0,0,1,1
6414,2002,11,10,2,1,0,0,0,0,1,1
6414,2005,7,6,2,0,0,2,1,0,0,0
6414,2006,2,1,1,0,0,1,1,0,0,0
6414,2008,1,1,0,0,0,0,0,0,0,0
6417,2016,1,1,1,1,0,0,0,0,0,0
6418,2002,1,1,1,0,1,0,0,0,0,0
6423,2005,3,3,1,0,0,0,0,0,1,0
6423,2007,15,13,4,1,0,1,2,0,1,0
6423,2008,15,12,4,1,0,1,3,0,1,0
6423,2009,9,9,1,0,0,0,0,0,0,0
6423,2013,3,3,0,0,0,0,0,0,0,0
6425,2001,8,7,3,0,0,1,1,0,0,0
6425,2003,3,3,0,0,0,0,0,0,0,0
6425,2004,3,3,2,0,0,0,0,0,0,0
6425,2005,3,3,1,0,0,0,0,0,0,0
6429,2011,7,5,2,0,0,1,1,0,0,1
6430,2002,3,3,2,0,0,0,0,0,0,0
6430,2003,1,1,1,0,0,0,0,0,0,0
6430,2008,1,0,0,0,0,0,1,0,0,0
6430,2009,1,0,0,0,0,0,1,0,0,0
6430,2010,5,4,3,0,0,1,1,0,1,0
6431,2007,3,3,2,0,0,0,0,0,1,0
6431,2008,3,2,0,0,0,0,1,0,1,0
6431,2009,3,3,1,1,0,0,0,0,1,0
6431,2010,6,6,2,1,0,0,0,0,1,0
6431,2011,3,3,0,0,0,0,0,0,0,0
6431,2015,3,3,1,0,0,0,0,0,0,0
6440,2011,1,1,0,0,0,0,0,0,0,0
6440,2012,2,0,0,0,0,0,2,0,0,0
6444,2007,1,1,0,0,0,0,0,0,0,0
6444,2008,3,3,0,0,0,0,0,0,1,0
6444,2009,1,0,0,0,0,0,1,0,0,0
6444,2010,4,4,1,1,0,0,0,0,1,0
6444,2011,1,1,0,0,0,0,0,0,0,0
6444,2012,2,1,0,0,0,0,1,0,0,0
6444,2013,2,1,1,0,0,0,1,0,0,0
6450,2002,2,2,1,1,0,0,0,0,0,0
6450,2003,4,4,3,1,0,0,0,0,0,0
6450,2004,2,2,1,0,0,1,0,0,0,0
6450,2005,1,1,0,0,0,0,0,0,0,0
6450,2006,2,1,0,0,0,0,1,0,0,0
6450,2007,2,1,0,0,0,0,1,0,0,0
6452,2010,3,3,1,0,0,0,0,0,0,0
6461,2009,3,2,0,0,0,0,1,0,1,0
6461,2012,11,11,1,1,0,0,0,0,0,0
6461,2013,3,2,0,0,0,0,1,0,0,0
6461,2016,6,5,2,0,0,1,1,0,1,0
6461,2017,6,5,1,0,0,0,1,0,0,0
6461,2019,1,1,0,0,0,0,0,0,0,0
6463,2004,2,2,0,0,0,0,0,0,0,0
6463,2005,1,0,0,0,0,0,1,0,0,0
6482,2021,1,1,0,0,0,0,0,0,0,0
6482,2022,1,0,0,0,0,0,1,0,0,0
6483,2019,1,1,1,0,0,0,0,0,0,0
6488,2021,2,2,1,0,0,0,0,0,1,0
6489,2001,1,1,0,0,0,0,0,0,0,0
6492,2005,6,6,1,0,0,0,0,0,0,0
6493,2019,2,2,0,0,0,0,0,0,0,0
6495,2021,1,1,0,0,0,0,0,0,0,0
6502,2016,3,3,1,0,0,0,0,0,0,0
6509,2022,4,3,1,0,0,0,1,0,1,0
6511,2010,3,2,0,0,0,0,1,0,1,0
6511,2011,6,6,1,0,0,0,0,0,1,0
6518,2012,2,1,0,0,0,0,1,0,1,0
6522,2001,2,0,0,0,0,0,2,0,0,0
6522,2006,3,3,0,0,0,0,0,0,0,0
6522,2007,11,9,5,2,0,0,2,0,0,0
6522,2016,3,3,3,0,0,2,0,0,0,0
6524,2001,1,0,0,0,0,0,0,1,0,0
6547,2021,1,0,0,0,0,0,0,0,0,1
6554,2003,1,1,0,0,0,0,0,0,0,0
6554,2004,1,1,0,0,0,0,0,0,0,0
6554,2005,1,1,1,0,0,0,0,0,0,0
6554,2009,9,9,3,2,0,1,0,0,0,0
6569,2003,2,2,1,1,0,0,0,0,0,0
6569,2005,1,0,0,0,0,0,1,0,0,0
6569,2010,2,2,0,0,0,0,0,0,0,0
6571,2019,2,2,0,0,0,0,0,0,1,0
6585,2022,3,3,0,0,0,0,0,0,3,0
6586,2007,3,2,0,0,0,0,0,0,1,1
6586,2009,3,3,0,0,0,0,0,0,0,0
6586,2010,7,6,0,0,0,0,1,0,2,0
6586,2011,11,9,6,0,0,3,2,0,0,0
6588,2017,3,3,1,0,0,0,0,0,0,0
6591,2010,2,2,0,0,0,0,0,0,0,0
6591,2011,2,2,0,0,0,0,0,0,0,0
6595,2016,1,1,1,0,0,0,0,0,0,0
6595,2021,1,1,0,0,0,0,0,0,0,0
6596,2002,1,1,1,0,0,0,0,0,0,0
6601,2014,2,2,1,0,0,1,0,0,0,0
6601,2016,1,1,1,1,0,0,0,0,0,0
6601,2017,1,1,0,0,0,0,0,0,1,0
6612,2005,6,6,2,1,0,0,0,0,2,0
6612,2006,3,3,1,0,0,0,0,0,0,0
6612,2007,6,6,1,0,0,0,0,0,0,0
6612,2008,6,5,3,1,0,1,1,0,0,0
6612,2010,3,2,1,0,0,0,1,0,0,0
6612,2011,6,6,2,0,0,0,0,0,1,0
6612,2012,6,6,1,0,0,0,0,0,0,0
6617,2012,1,1,1,0,0,0,0,0,0,0
6617,2014,1,1,0,0,0,0,0,0,0,0
6617,2015,3,3,1,0,0,0,0,0,1,0
6617,2016,1,0,0,0,0,0,1,0,0,0
6619,2001,1,0,0,0,0,0,0,0,0,0
6619,2002,3,2,1,0,0,0,0,1,0,0
6619,2003,3,3,0,0,0,0,0,0,0,0
6624,2005,3,3,1,0,0,0,0,0,1,0
6624,2006,3,3,2,0,0,0,0,0,0,0
6624,2007,6,5,0,0,0,0,0,1,2,0
6634,2019,1,1,0,0,0,0,0,0,0,0
6645,2014,1,1,0,0,0,0,0,0,0,0
6646,2013,1,1,1,0,0,0,0,0,0,0
6651,2007,2,2,0,0,0,0,0,0,2,0
6652,2022,1,1,0,0,0,0,0,0,0,0
6661,2001,2,1,1,0,0,1,1,0,0,0
6672,2020,1,1,0,0,0,0,0,0,0,0
6672,2022,2,2,2,1,0,0,0,0,0,0
6676,2013,8,6,1,0,0,0,2,0,2,0
6676,2015,1,1,0,0,0,0,0,0,0,0
6676,2020,3,2,1,1,0,0,1,0,0,0
6676,2021,4,4,1,0,0,1,0,0,0,0
6678,2022,3,3,3,0,0,1,0,0,0,0
6682,2013,3,2,0,0,0,0,1,0,2,0
6682,2018,3,3,0,0,0,0,0,0,1,0
6682,2019,3,3,1,0,0,0,0,0,0,0
6682,2020,3,3,0,0,0,0,0,0,0,0
6685,2003,2,2,0,0,0,0,0,0,0,0
6685,2005,1,1,0,0,0,0,0,0,0,0
6685,2006,2,1,0,0,0,0,0,0,0,1
6685,2007,2,2,2,1,0,0,0,0,0,0
6685,2010,4,3,2,1,0,0,1,0,0,0
6697,2003,1,1,0,0,0,0,0,0,1,0
6697,2009,1,1,0,0,0,0,0,0,0,0
6697,2011,1,1,0,0,0,0,0,0,1,0
6702,2022,1,1,0,0,0,0,0,0,0,0
6707,2015,1,1,0,0,0,0,0,0,1,0
6730,2001,1,1,0,0,0,0,0,0,0,0
6735,2001,3,3,2,1,0,0,0,0,0,0
6735,2002,3,3,1,0,0,0,0,0,1,0
6735,2004,9,8,3,0,0,2,0,0,0,1
6735,2005,10,10,4,0,0,1,0,0,2,0
6735,2006,9,9,1,0,0,0,0,0,0,0
6735,2007,3,3,1,0,0,0,0,0,1,0
6735,2008,5,5,2,0,0,0,0,0,0,0
6749,2004,2,2,0,0,0,0,0,0,0,0
6749,2005,3,3,0,0,0,0,0,0,0,0
6749,2006,1,1,0,0,0,0,0,0,0,0
6749,2007,3,2,0,0,0,0,1,0,0,0
6749,2008,3,2,0,0,0,0,1,0,0,0
6749,2010,1,1,0,0,0,0,0,0,0,0
6749,2015,1,1,0,0,0,0,0,0,0,0
6749,2016,7,7,1,1,0,0,0,0,1,0
6749,2017,3,2,0,0,0,0,1,0,1,0
6751,2016,2,2,1,0,0,0,0,0,0,0
6751,2018,2,2,0,0,0,0,0,0,1,0
6751,2019,2,2,0,0,0,0,0,0,2,0
6757,2020,1,1,0,0,0,0,0,0,1,0
6768,2001,1,1,0,0,0,0,0,0,0,0
6768,2002,1,1,1,1,0,0,0,0,0,0
6768,2004,2,2,0,0,0,0,0,0,0,0
6768,2008,1,0,0,0,0,0,1,0,0,0
6768,2009,1,0,0,0,0,0,1,0,0,0
6773,2019,2,2,1,0,0,0,0,0,0,0
6777,2003,4,4,1,0,0,0,0,0,0,0
6778,2006,6,5,3,1,0,1,1,0,0,0
6778,2007,6,4,0,0,0,0,2,0,0,0
6778,2008,10,7,5,2,0,0,2,0,0,1
6778,2009,10,9,7,1,0,0,1,0,0,0
6778,2010,8,8,4,2,0,0,0,0,1,0
6778,2011,6,6,3,1,0,1,0,0,0,0
6782,2006,3,3,2,0,0,2,0,0,1,0
6782,2007,3,3,0,0,0,0,0,0,0,0
6782,2008,3,3,2,0,0,0,0,0,0,0
6782,2009,3,2,1,0,0,0,0,0,0,1
6782,2010,3,3,0,0,0,0,0,0,0,0
6783,2010,1,1,0,0,0,0,0,0,1,0
6785,2005,3,2,0,0,0,0,1,0,0,0
6785,2006,1,0,0,0,0,0,1,0,0,0
6785,2008,2,2,2,1,0,1,0,0,0,0
6807,2011,2,1,1,0,0,0,0,0,0,1
6810,2016,6,6,0,0,0,0,0,0,0,0
6810,2017,6,6,0,0,0,0,0,0,2,0
6810,2018,6,6,1,0,0,0,0,0,2,0
6810,2020,4,4,0,0,0,0,0,0,0,0
6812,2016,1,1,1,0,0,1,0,0,0,0
6821,2001,1,1,0,0,0,0,0,0,0,0
6827,2003,1,1,1,0,0,0,0,0,0,0
6833,2021,5,5,1,0,0,0,0,0,2,0
6833,2022,1,1,1,0,0,0,0,0,0,0
6834,2001,1,1,0,0,0,0,0,0,0,0
6834,2002,1,1,0,0,0,0,0,0,1,0
6834,2003,3,3,0,0,0,0,0,0,2,0
6834,2004,1,1,0,0,0,0,0,0,0,0
6834,2005,2,2,0,0,0,0,0,0,1,0
6841,2001,4,4,1,0,0,1,0,0,0,0
6841,2002,3,3,2,0,0,0,0,0,0,0
6845,2019,1,1,0,0,0,0,0,0,0,0
6849,2011,12,9,1,0,0,0,3,0,1,0
6853,2020,3,3,1,1,0,0,0,0,1,0
6857,2014,1,0,0,0,0,0,0,0,0,1
6867,2006,5,5,2,1,0,0,0,0,1,0
6867,2007,3,2,0,0,0,0,1,0,0,0
6867,2008,7,7,1,0,0,0,0,0,1,0
6867,2009,6,5,2,0,0,0,0,1,0,0
6867,2010,3,1,0,0,0,0,1,1,0,0
6867,2011,2,2,1,1,0,0,0,0,0,0
6876,2001,1,1,1,0,0,0,0,0,0,0
6876,2002,3,2,2,0,0,0,1,0,0,0
6876,2007,13,11,1,0,0,0,0,2,0,0
6876,2008,3,3,1,1,0,0,0,0,1,0
6876,2009,3,3,0,0,0,0,0,0,1,0
6886,2019,2,2,0,0,0,0,0,0,1,0
6886,2021,1,0,0,0,0,0,1,0,0,0
6887,2007,2,1,1,0,0,0,1,0,0,0
6895,2006,5,4,1,0,0,0,1,0,1,0
6895,2007,5,4,2,0,0,0,1,0,0,0
6895,2008,6,5,1,0,0,0,1,0,0,0
6895,2009,9,7,1,0,0,1,2,0,0,0
6895,2010,4,4,1,0,0,0,0,0,2,0
6895,2011,3,3,1,0,0,0,0,0,1,0
6907,2019,1,1,1,0,0,0,0,0,0,0
6907,2020,1,1,0,0,0,0,0,0,0,0
6913,2009,2,2,0,0,0,0,0,0,0,0
6913,2011,1,1,0,0,0,0,0,0,0,0
6915,2018,1,1,0,0,0,0,0,0,1,0
6915,2021,1,1,0,0,0,0,0,0,0,0
6915,2022,1,1,0,0,0,0,0,0,1,0
6916,2015,3,2,0,0,0,0,0,1,0,0
6916,2016,3,3,1,0,0,0,0,0,1,0
6917,2021,4,4,0,0,0,0,0,0,0,0
6921,2001,1,1,0,0,0,0,0,0,1,0
6921,2006,1,0,0,0,0,0,1,0,0,0
6921,2007,2,1,0,0,0,0,1,0,0,0
6921,2008,2,2,2,0,0,0,0,0,0,0
6922,2014,1,1,0,0,0,0,0,0,1,0
6928,2017,4,2,1,0,0,0,1,0,0,1
6936,2010,1,1,0,0,0,0,0,0,0,0
6950,2017,1,0,0,0,0,0,1,0,0,0
6951,2003,3,3,3,1,0,0,0,0,0,0
6961,2014,7,6,0,0,0,0,1,0,2,0
6961,2015,9,6,1,0,0,0,2,1,0,0
6961,2016,1,1,0,0,0,0,0,0,0,0
6961,2017,6,5,0,0,0,0,1,0,2,0
6961,2022,4,3,0,0,0,0,1,0,0,0
6966,2003,1,1,0,0,0,0,0,0,1,0
6966,2005,6,5,0,0,0,0,1,0,0,0
6966,2007,4,4,2,2,0,0,0,0,0,0
6966,2008,3,3,0,0,0,0,0,0,1,0
6982,2004,1,1,1,0,0,1,0,0,0,0
6982,2007,3,2,0,0,0,0,1,0,0,0
6988,2022,2,1,0,0,0,0,1,0,0,0
7000,2009,4,4,2,0,0,1,0,0,1,0
7000,2010,7,7,4,1,0,0,0,0,2,0
7000,2011,3,2,0,0,0,0,1,0,0,0
7003,2012,7,7,2,0,0,0,0,0,0,0
7003,2014,7,5,0,0,0,0,2,0,0,0
7003,2015,1,1,0,0,0,0,0,0,0,0
7011,2006,6,6,1,0,0,0,0,0,1,0
7013,2010,2,1,0,0,0,0,1,0,0,0
7013,2011,1,1,1,0,0,0,0,0,0,0
7025,2006,3,3,1,0,0,0,0,0,0,0
7027,2002,1,1,0,0,0,0,0,0,1,0
7051,2004,1,1,1,0,0,1,0,0,0,0
7055,2012,6,5,2,1,0,1,1,0,0,0
7055,2013,1,1,1,1,0,0,0,0,0,0
7055,2015,1,0,0,0,0,0,1,0,0,0
7058,2021,3,3,1,0,0,0,0,0,0,0
7059,2021,1,1,0,0,0,0,0,0,0,0
7061,2013,5,5,3,0,0,0,0,0,0,0
7061,2014,1,1,0,0,0,0,0,0,0,0
7061,2015,2,2,0,0,0,0,0,0,0,0
7061,2018,1,1,1,0,0,0,0,0,0,0
7076,2002,3,3,0,0,0,0,0,0,0,0
7076,2003,6,6,1,1,0,0,0,0,0,0
7076,2005,2,1,0,0,0,0,1,0,0,0
7086,2015,2,2,1,1,0,0,0,0,0,0
7086,2016,1,0,0,0,0,0,1,0,0,0
7086,2019,2,2,0,0,0,0,0,0,1,0
7087,2011,3,2,1,0,0,1,1,0,0,0
7098,2001,3,3,1,1,0,0,0,0,1,0
7110,2010,3,2,1,0,0,0,1,0,0,0
7110,2011,3,3,1,1,0,0,0,0,0,0
7111,2012,3,3,1,0,0,1,0,0,0,0
7111,2014,4,3,2,1,0,0,0,0,0,1
7111,2015,1,1,0,0,0,0,0,0,0,0
7111,2016,1,1,0,0,0,0,0,0,0,0
7111,2017,1,1,0,0,0,0,0,0,0,0
7120,2007,1,1,1,0,0,0,0,0,0,0
7123,2005,1,0,0,0,0,0,1,0,0,0
7123,2006,2,2,0,0,0,0,0,0,0,0
7126,2012,6,6,3,2,0,0,0,0,0,0
7137,2018,2,2,1,0,0,0,0,0,0,0
7149,2010,1,1,0,0,0,0,0,0,1,0
7149,2011,1,1,0,0,0,0,0,0,1,0
7153,2007,1,0,0,0,0,0,0,1,0,0
7153,2008,5,4,1,0,0,0,1,0,0,0
7153,2009,2,1,0,0,0,0,1,0,0,0
7154,2021,2,2,0,0,0,0,0,0,1,0
7154,2022,3,3,1,1,0,0,0,0,0,0
7155,2007,1,1,1,0,0,0,0,0,0,0
7173,2010,6,6,2,0,0,1,0,0,1,0
7173,2011,3,2,1,0,0,0,1,0,0,0
7176,2015,12,11,4,1,0,1,1,0,0,0
7176,2016,3,3,0,0,0,0,0,0,1,0
7176,2017,8,8,0,0,0,0,0,0,3,0
7176,2018,3,3,0,0,0,0,0,0,1,0
7176,2021,3,1,0,0,0,0,1,1,0,0
7194,2009,3,2,1,0,0,0,0,1,1,0
7194,2011,9,6,1,0,0,0,2,0,1,1
7202,2001,2,2,0,0,0,0,0,0,0,0
7207,2015,1,1,0,0,0,0,0,0,0,0
7207,2020,3,3,0,0,0,0,0,0,0,0
7207,2021,1,0,0,0,0,0,1,0,0,0
7211,2014,2,2,0,0,0,0,0,0,0,0
7211,2021,5,4,2,0,0,2,1,0,0,0
7211,2022,1,1,0,0,0,0,0,0,0,0
7220,2014,3,3,0,0,0,0,0,0,0,0
7233,2018,1,1,1,0,0,1,0,0,0,0
7239,2014,11,10,3,0,0,1,1,0,3,0
7239,2015,9,7,3,0,0,0,2,0,0,0
7239,2016,6,5,1,0,0,0,1,0,1,0
7239,2017,3,3,0,0,0,0,0,0,2,0
7239,2018,3,3,0,0,0,0,0,0,0,0
7239,2019,3,2,1,0,0,0,1,0,0,0
7244,2019,2,1,1,0,0,1,1,0,0,0
7258,2001,2,2,2,0,0,1,0,0,0,0
7301,2002,5,5,0,0,0,0,0,0,1,0
7301,2003,8,8,3,1,0,1,0,0,0,0
7301,2004,4,4,3,0,0,1,0,0,0,0
7301,2005,3,1,0,0,0,0,2,0,0,0
7306,2019,3,3,0,0,0,0,0,0,0,0
7310,2007,3,2,1,0,0,0,1,0,0,0
7310,2008,3,2,0,0,0,0,1,0,1,0
7310,2009,3,3,2,0,0,1,0,0,0,0
7313,2006,1,1,0,0,0,0,0,0,1,0
7313,2009,1,1,0,0,0,0,0,0,1,0
7321,2013,4,4,0,0,0,0,0,0,2,0
7321,2014,5,2,0,0,0,0,2,1,0,0
7321,2015,1,1,0,0,0,0,0,0,0,0
7324,2009,2,2,1,0,0,0,0,0,0,0
7324,2010,4,4,1,0,0,0,0,0,1,0
7324,2011,2,1,0,0,0,0,1,0,0,0
7331,2018,1,1,1,1,0,0,0,0,0,0
7332,2017,6,6,3,0,0,0,0,0,1,0
7337,2010,1,1,1,0,0,0,0,0,0,0
7345,2011,6,5,1,1,0,0,1,0,1,0
7345,2013,1,1,0,0,0,0,0,0,0,0
7345,2021,1,1,0,0,0,0,0,0,0,0
7352,2020,1,1,0,0,0,0,0,0,0,0
7368,2013,6,5,2,1,0,0,1,0,0,0
7372,2003,1,0,0,0,0,0,1,0,0,0
7373,2014,4,4,0,0,0,0,0,0,0,0
7373,2015,1,1,1,0,0,0,0,0,0,0
7379,2018,6,6,4,1,0,1,0,0,0,0
7379,2019,1,1,1,1,0,0,0,0,0,0
7379,2020,2,2,1,0,0,0,0,0,0,0
7385,2001,2,2,1,0,0,0,0,0,0,0
7388,2002,1,0,0,0,0,0,1,0,0,0
7388,2003,1,1,0,0,0,0,0,0,0,0
7388,2004,1,0,0,0,0,0,1,0,0,0
7388,2008,1,0,0,0,0,0,1,0,0,0
7397,2006,2,2,1,0,0,1,0,0,1,0
7397,2008,2,2,1,0,0,0,0,0,1,0
7408,2001,2,2,1,0,0,0,0,0,1,0
7408,2002,2,1,0,0,0,0,1,0,0,0
7408,2003,2,1,0,0,0,0,1,0,0,0
7408,2004,2,2,2,2,0,0,0,0,0,0
7408,2005,4,4,3,0,0,1,0,0,0,0
7408,2006,2,2,1,0,0,1,0,0,0,0
7408,2007,3,2,1,1,0,0,1,0,0,0
7414,2005,2,2,0,0,0,0,0,0,1,0
7414,2006,2,2,1,1,0,0,0,0,0,0
7428,2009,1,1,0,0,0,0,0,0,0,0
7436,2001,1,0,0,0,0,0,1,0,0,0
7436,2003,1,1,1,0,0,1,0,0,0,0
7436,2004,4,3,0,0,0,0,1,0,1,0
7436,2005,1,1,0,0,0,0,0,0,0,0
7440,2011,1,1,0,0,0,0,0,0,1,0
7441,2003,1,1,1,0,0,0,0,0,0,0
7442,2021,1,1,0,0,0,0,0,0,0,0
7442,2022,1,1,0,0,0,0,0,0,1,0
7449,2012,2,2,0,0,0,0,0,0,1,0
7449,2014,3,2,1,0,0,0,0,0,0,1
7449,2019,3,3,1,0,0,0,0,0,0,0
7456,2015,6,6,0,0,0,0,0,0,1,0
7456,2016,3,3,2,0,0,1,0,0,0,0
7456,2019,10,9,2,0,0,1,1,0,2,0
7456,2021,2,1,0,0,0,0,1,0,0,0
7459,2007,3,2,2,0,0,0,1,0,0,0
7459,2009,3,3,1,0,0,1,0,0,1,0
7459,2012,1,0,0,0,0,0,1,0,0,0
7459,2013,1,1,0,0,0,0,0,0,0,0
7459,2015,1,1,0,0,0,0,0,0,1,0
7459,2016,4,4,0,0,0,0,0,0,3,0
7459,2017,2,2,0,0,0,0,0,0,1,0
7481,2008,1,1,0,0,0,0,0,0,1,0
7481,2009,1,1,1,0,0,1,0,0,0,0
7484,2012,2,2,0,0,0,0,0,0,1,0
7491,2001,4,4,1,0,0,1,0,0,2,0
7491,2003,3,3,0,0,0,0,0,0,0,0
7491,2004,7,7,1,1,0,0,0,0,0,0
7491,2012,3,2,2,0,0,0,1,0,0,0
7510,2013,3,3,0,0,0,0,0,0,1,0
7510,2019,5,2,1,0,0,0,2,0,0,1
7512,2001,1,1,1,0,0,0,0,0,0,0
7513,2003,1,0,0,0,0,0,1,0,0,0
7513,2006,2,0,0,0,0,0,2,0,0,0
7513,2007,3,2,0,0,0,0,1,0,0,0
7513,2008,1,1,0,0,0,0,0,0,1,0
7515,2001,16,12,2,0,0,2,4,0,5,0
7515,2002,14,14,4,0,0,0,0,0,1,0
7515,2003,6,6,2,1,0,1,0,0,2,0
7515,2004,12,9,4,0,0,3,3,0,1,0
7515,2007,3,3,1,0,0,0,0,0,0,0
7519,2022,1,1,0,0,0,0,0,0,0,0
7521,2012,8,8,4,4,0,0,0,0,0,0
7521,2013,6,6,3,2,0,0,0,0,0,0
7521,2014,9,8,2,1,0,0,1,0,0,0
7521,2015,1,0,0,0,0,0,1,0,0,0
7521,2016,3,3,2,0,0,1,0,0,0,0
7521,2019,2,1,1,0,0,1,1,0,0,0
7521,2021,1,1,0,0,0,0,0,0,1,0
7522,2004,3,2,1,0,0,0,1,0,0,0
7522,2005,3,3,2,1,0,0,0,0,0,0
7522,2006,3,1,0,0,0,0,2,0,0,0
7524,2017,1,1,0,0,0,0,0,0,0,0
7524,2018,2,2,1,0,0,0,0,0,0,0
7532,2010,3,3,0,0,0,0,0,0,1,0
7532,2014,3,3,2,0,0,0,0,0,0,0
7532,2019,14,12,2,1,0,0,2,0,2,0
7532,2022,7,5,2,1,0,0,2,0,1,0
7536,2021,1,1,0,0,0,0,0,0,1,0
7536,2022,2,2,0,0,0,0,0,0,0,0
7541,2016,8,8,0,0,0,0,0,0,0,0
7541,2017,9,9,1,0,0,0,0,0,1,0
7546,2009,1,1,0,0,0,0,0,0,0,0
7547,2020,1,1,1,1,0,0,0,0,0,0
7565,2004,3,3,1,0,0,1,0,0,0,0
7565,2005,2,1,0,0,0,0,1,0,0,0
7565,2006,4,3,2,0,0,1,1,0,0,0
7824,2001,3,2,0,0,0,0,1,0,0,0
7824,2002,3,3,1,0,0,0,0,0,0,0
7828,2009,3,3,2,0,0,0,0,0,0,0
7829,2002,2,1,1,0,0,1,1,0,0,0
7829,2003,5,5,2,0,0,1,0,0,0,0
7829,2005,1,1,1,1,0,0,0,0,0,0
7829,2007,1,1,1,0,0,0,0,0,0,0
7829,2008,8,7,4,1,0,1,1,0,1,0
7829,2009,9,6,0,0,0,0,3,0,0,0
7852,2010,4,4,0,0,0,0,0,0,0,0
7877,2017,3,3,2,0,0,0,0,0,0,0
7877,2019,5,4,1,0,0,0,1,0,0,0
7877,2020,2,1,0,0,0,0,1,0,1,0
7881,2017,3,3,0,0,0,0,0,0,0,0
7887,2015,3,3,1,0,0,0,0,0,0,0
7895,2019,1,0,0,0,0,0,1,0,0,0
7895,2020,2,2,0,0,0,0,0,0,0,0
7895,2021,2,2,0,0,0,0,0,0,1,0
7905,2017,2,2,2,0,0,0,0,0,0,0
7926,2012,9,8,2,0,0,1,0,1,1,0
7926,2016,4,4,0,0,0,0,0,0,0,0
7926,2018,4,4,0,0,0,0,0,0,1,0
7941,2013,1,0,0,0,0,0,1,0,0,0
7941,2015,1,1,0,0,0,0,0,0,1,0
7956,2022,1,1,0,0,0,0,0,0,0,0
7961,2022,3,3,0,0,0,0,0,0,0,0
7970,2004,1,1,0,0,0,0,0,0,0,0
7974,2017,1,1,0,0,0,0,0,0,0,0
7980,2001,2,2,1,1,0,0,0,0,0,0
7996,2018,1,1,0,0,0,0,0,0,0,0
7999,2010,3,3,1,0,0,0,0,0,0,0
7999,2012,3,3,0,0,0,0,0,0,0,0
7999,2017,1,1,0,0,0,0,0,0,1,0
8000,2013,1,0,0,0,0,0,1,0,0,0
8010,2006,6,6,4,0,0,1,0,0,0,0
8010,2007,7,6,2,0,0,1,1,0,1,0
8015,2008,5,2,2,1,0,0,2,0,0,1
8015,2009,3,3,0,0,0,0,0,0,0,0
8015,2010,6,5,2,0,0,0,1,0,1,0
8015,2011,13,11,1,1,0,0,2,0,1,0
8015,2013,3,3,0,0,0,0,0,0,0,0
8015,2017,5,4,2,0,0,0,0,1,0,0
8015,2018,2,2,0,0,0,0,0,0,0,0
8015,2019,3,3,1,1,0,0,0,0,0,0
8016,2012,1,1,0,0,0,0,0,0,1,0
8016,2013,1,1,0,0,0,0,0,0,0,0
8020,2012,1,1,1,0,0,1,0,0,0,0
8023,2007,1,1,1,0,0,0,0,0,0,0
8023,2011,6,6,1,0,0,1,0,0,0,0
8032,2001,2,1,0,0,0,0,1,0,0,0
8032,2002,6,5,0,0,0,0,1,0,0,0
8036,2001,1,1,0,0,0,0,0,0,0,0
8036,2002,1,0,0,0,0,0,1,0,0,0
8036,2003,3,3,2,1,0,0,0,0,0,0
8036,2005,2,1,0,0,0,0,1,0,0,0
8036,2007,1,1,0,0,0,0,0,0,1,0
8036,2008,2,1,0,0,0,0,1,0,1,0
8036,2010,2,1,0,0,0,0,1,0,0,0
8036,2011,3,3,1,0,0,0,0,0,0,0
8051,2002,4,4,0,0,0,0,0,0,1,0
8051,2004,1,1,0,0,0,0,0,0,0,0
8051,2007,3,2,0,0,0,0,1,0,0,0
8051,2008,3,3,2,0,0,0,0,0,1,0
8051,2010,1,1,1,0,0,0,0,0,0,0
8052,2007,1,0,0,0,0,0,1,0,0,0
8052,2009,2,2,0,0,0,0,0,0,1,0
8052,2010,2,2,0,0,0,0,0,0,1,0
8052,2011,1,1,1,0,0,0,0,0,0,0
8052,2017,2,2,1,0,0,0,0,0,0,0
8058,2009,4,4,1,0,0,1,0,0,0,0
8058,2010,2,2,1,0,0,0,0,0,0,0
8058,2011,1,1,0,0,0,0,0,0,0,0
8058,2014,1,1,0,0,0,0,0,0,0,0
8058,2015,3,3,2,0,0,1,0,0,0,0
8061,2001,5,5,0,0,0,0,0,0,1,0
8061,2002,2,2,1,1,0,0,0,0,1,0
8069,2002,1,1,1,0,0,0,0,0,0,0
8074,2008,3,3,1,0,0,0,0,0,0,0
8089,2002,6,5,2,0,0,0,1,0,2,0
8089,2003,6,4,2,0,0,1,1,1,0,0
8092,2005,1,1,0,0,0,0,0,0,0,0
8092,2006,2,2,1,0,0,0,0,0,0,0
8123,2001,1,1,0,0,0,0,0,0,0,0
8133,2016,3,3,1,0,0,0,0,0,0,0
8133,2017,6,6,2,0,0,1,0,0,0,0
8133,2022,2,2,1,0,0,0,0,0,0,0
8137,2003,3,3,1,0,0,1,0,0,1,0
8138,2007,2,2,1,0,0,0,0,0,0,0
8142,2002,3,3,2,0,0,0,0,0,0,0
8142,2003,7,5,1,0,0,0,2,0,1,0
8142,2004,6,6,3,1,0,0,0,0,0,0
8142,2005,3,3,1,0,0,1,0,0,0,0
8142,2006,6,6,2,0,0,1,0,0,2,0
8142,2008,3,3,0,0,0,0,0,0,0,0
8142,2009,3,3,0,0,0,0,0,0,0,0
8142,2010,12,12,6,0,1,1,0,0,1,0
8142,2011,10,10,3,0,0,1,0,0,0,0
8142,2012,2,1,0,0,0,0,1,0,1,0
8146,2001,2,2,0,0,0,0,0,0,1,0
8146,2004,1,1,1,1,0,0,0,0,0,0
8148,2002,1,0,0,0,0,0,1,0,0,0
8160,2001,3,3,0,0,0,0,0,0,0,0
8166,2003,1,0,0,0,0,0,1,0,0,0
8166,2004,1,0,0,0,0,0,0,1,0,0
8176,2009,7,4,2,0,0,1,3,0,0,0
8176,2010,8,6,2,0,0,1,1,0,1,1
8176,2011,6,5,1,0,0,0,1,0,0,0
8184,2003,1,1,0,0,0,0,0,0,0,0
8184,2009,1,1,0,0,0,0,0,0,1,0
8184,2012,5,4,2,1,0,1,1,0,0,0
8184,2013,3,3,1,0,0,0,0,0,0,0
8184,2014,2,2,1,0,0,1,0,0,0,0
8186,2021,1,0,0,0,0,0,1,0,0,0
8201,2001,7,7,2,0,0,2,0,0,1,0
8201,2002,3,3,1,0,0,0,0,0,1,0
8202,2004,2,2,1,0,1,0,0,0,0,0
8202,2005,1,1,1,0,0,0,0,0,0,0
8205,2016,4,4,2,0,0,0,0,0,1,0
8221,2006,1,1,0,0,0,0,0,0,0,0
8221,2008,1,1,0,0,0,0,0,0,0,0
8223,2016,3,2,0,0,0,0,1,0,0,0
8228,2022,1,1,1,0,0,0,0,0,0,0
8235,2001,1,1,0,0,0,0,0,0,1,0
8235,2002,1,0,0,0,0,0,1,0,0,0
8237,2015,2,1,1,0,0,0,1,0,0,0
8238,2011,1,1,0,0,0,0,0,0,0,0
8238,2012,3,2,0,0,0,0,0,1,0,0
8238,2013,4,3,1,0,0,1,0,0,0,1
8238,2015,6,6,2,0,0,1,0,0,1,0
8238,2016,3,1,1,0,0,0,2,0,0,0
8244,2002,5,2,0,0,0,0,3,0,0,0
8250,2021,1,1,1,0,0,0,0,0,0,0
8252,2021,1,0,0,0,0,0,1,0,0,0
8252,2022,3,2,0,0,0,0,1,0,0,0
8264,2021,1,1,0,0,0,0,0,0,0,0
8268,2011,3,2,0,0,0,0,1,0,0,0
8268,2015,2,2,1,0,0,0,0,0,0,0
8268,2018,1,1,1,0,0,0,0,0,0,0
8271,2001,4,4,2,0,0,1,0,0,0,0
8294,2009,1,1,1,1,0,0,0,0,0,0
8294,2010,3,3,0,0,0,0,0,0,0,0
8294,2011,3,3,1,0,0,1,0,0,0,0
8294,2014,3,3,1,0,0,0,0,0,0,0
8298,2006,2,1,0,0,0,0,1,0,0,0
8298,2009,3,1,0,0,0,0,2,0,0,0
8298,2010,2,0,0,0,0,0,2,0,0,0
8307,2007,1,0,0,0,0,0,1,0,0,0
8326,2012,7,7,0,0,0,0,0,0,0,0
8326,2013,2,1,1,0,0,0,0,0,0,1
8326,2014,4,4,1,0,0,1,0,0,1,0
8330,2017,3,3,2,1,0,0,0,0,1,0
8330,2022,3,3,1,1,0,0,0,0,1,0
8334,2006,4,4,1,0,0,1,0,0,0,0
8334,2008,6,6,3,2,0,0,0,0,0,0
8334,2009,3,2,2,1,0,0,0,0,0,1
8334,2010,3,3,2,1,0,1,0,0,0,0
8334,2011,4,4,2,0,0,1,0,0,0,0
8334,2014,6,6,3,1,0,0,0,0,1,0
8334,2016,6,6,0,0,0,0,0,0,0,0
8340,2002,6,5,0,0,0,0,1,0,0,0
8340,2003,3,2,0,0,0,0,1,0,0,0
8340,2004,3,3,2,0,0,0,0,0,0,0
8341,2002,2,1,0,0,0,0,1,0,0,0
8345,2012,2,2,1,0,0,0,0,0,0,0
8354,2009,6,5,1,0,0,0,1,0,0,0
8354,2010,13,12,3,2,0,0,1,0,3,0
8354,2011,9,9,1,0,0,0,0,0,0,0
8354,2013,13,10,2,1,0,0,3,0,1,0
8354,2014,7,6,1,1,0,0,1,0,1,0
8356,2017,6,6,1,0,0,0,0,0,0,0
8356,2019,4,4,0,0,0,0,0,0,1,0
8363,2004,2,1,1,0,0,0,1,0,0,0
8372,2012,10,9,3,0,0,1,1,0,1,0
8372,2015,3,3,1,0,0,1,0,0,2,0
8372,2016,3,2,0,0,0,0,1,0,0,0
8374,2005,2,1,1,0,0,1,1,0,0,0
8374,2006,5,4,0,0,0,0,1,0,1,0
8383,2005,1,1,0,0,0,0,0,0,1,0
8385,2001,1,1,0,0,0,0,0,0,0,0
8387,2005,1,1,0,0,0,0,0,0,0,0
8387,2009,2,0,0,0,0,0,1,1,0,0
8387,2010,1,1,1,0,0,0,0,0,0,0
8387,2011,2,1,0,0,0,0,1,0,1,0
8390,2001,2,2,0,0,0,0,0,0,0,0
8390,2002,2,2,1,0,0,0,0,0,0,0
8390,2004,1,0,0,0,0,0,1,0,0,0
8390,2008,1,1,1,0,0,0,0,0,0,0
8394,2014,5,5,2,0,0,0,0,0,1,0
8394,2015,3,3,1,0,0,1,0,0,1,0
8394,2016,1,1,0,0,0,0,0,0,0,0
8404,2014,5,5,1,0,0,0,0,0,1,0
8404,2015,3,2,1,0,0,1,1,0,0,0
8408,2018,1,0,0,0,0,0,0,0,0,1
8409,2003,2,2,0,0,0,0,0,0,0,0
8409,2005,4,4,3,1,0,1,0,0,0,0
8423,2006,5,5,1,0,0,0,0,0,0,0
8424,2012,2,1,0,0,0,0,1,0,0,0
8424,2013,1,1,0,0,0,0,0,0,1,0
8424,2015,2,2,1,0,0,0,0,0,0,0
8424,2018,1,1,0,0,0,0,0,0,0,0
8424,2022,1,1,0,0,0,0,0,0,0,0
8430,2014,2,1,0,0,0,0,1,0,0,0
8430,2016,6,6,0,0,0,0,0,0,2,0
8430,2017,3,3,0,0,0,0,0,0,1,0
8437,2011,1,1,0,0,0,0,0,0,1,0
8437,2015,1,1,1,1,0,0,0,0,0,0
8438,2012,6,5,1,0,0,1,1,0,2,0
8438,2013,3,2,0,0,0,0,1,0,0,0
8438,2014,1,0,0,0,0,0,1,0,0,0
8438,2015,1,1,1,0,0,1,0,0,0,0
8446,2016,1,1,1,0,0,0,0,0,0,0
8449,2001,3,2,1,1,0,0,1,0,0,0
8449,2002,7,7,3,0,0,0,0,0,1,0
8449,2003,1,1,1,1,0,0,0,0,0,0
8449,2004,3,3,1,1,0,0,0,0,0,0
8449,2006,3,1,1,0,0,1,2,0,0,0
8449,2009,3,3,2,0,0,2,0,0,1,0
8451,2009,8,6,1,0,0,0,0,1,0,1
8451,2015,2,1,1,1,0,0,0,0,0,1
8453,2006,1,0,0,0,0,0,1,0,0,0
8463,2022,1,0,0,0,0,0,0,1,0,0
8474,2003,3,3,1,0,0,0,0,0,1,0
8474,2004,2,2,1,0,0,0,0,0,0,0
8474,2007,1,1,0,0,0,0,0,0,1,0
8485,2014,1,1,1,1,0,0,0,0,0,0
8488,2001,6,5,4,0,0,2,1,0,1,0
8497,2006,6,6,1,0,0,0,0,0,1,0
8497,2007,3,3,2,0,0,1,0,0,0,0
8497,2008,7,6,1,0,0,1,1,0,0,0
8497,2010,3,3,1,0,0,1,0,0,1,0
8500,2010,1,0,0,0,0,0,1,0,0,0
8510,2012,1,0,0,0,0,0,1,0,0,0
8510,2013,1,1,0,0,0,0,0,0,0,0
8512,2010,4,3,1,0,0,0,1,0,0,0
8512,2011,6,5,2,0,0,0,1,0,0,0
8529,2002,1,1,0,0,0,0,0,0,0,0
8530,2001,1,0,0,0,0,0,1,0,0,0
8531,2015,2,2,1,0,0,0,0,0,0,0
8550,2013,2,1,0,0,0,0,1,0,0,0
8555,2022,1,1,1,0,0,0,0,0,0,0
8556,2001,6,5,1,1,0,0,1,0,1,0
8556,2003,4,4,1,1,0,0,0,0,0,0
8556,2004,3,2,2,0,0,2,1,0,0,0
8557,2005,11,10,4,2,0,1,1,0,1,0
8557,2006,4,3,1,0,0,1,1,0,1,0
8557,2011,2,2,1,0,0,0,0,0,0,0
8560,2005,1,1,0,0,0,0,0,0,0,0
8563,2002,1,1,1,1,0,0,0,0,0,0
8566,2019,1,1,0,0,0,0,0,0,0,0
8569,2008,3,1,0,0,0,0,0,2,0,0
8574,2011,3,3,1,0,0,0,0,0,0,0
8574,2016,2,1,0,0,0,0,1,0,0,0
8576,2004,1,1,0,0,0,0,0,0,0,0
8579,2015,1,1,0,0,0,0,0,0,0,0
8579,2016,1,1,0,0,0,0,0,0,0,0
8579,2018,2,2,0,0,0,0,0,0,0,0
8579,2019,3,3,0,0,0,0,0,0,1,0
8579,2020,1,1,0,0,0,0,0,0,0,0
8581,2001,3,3,2,0,0,1,0,0,0,0
8581,2002,14,13,4,1,0,0,1,0,1,0
8581,2003,10,9,2,0,0,0,1,0,1,0
8581,2004,9,7,3,1,0,0,2,0,0,0
8581,2005,9,9,3,1,0,0,0,0,0,0
8581,2006,15,14,3,0,0,2,1,0,3,0
8581,2007,10,10,2,1,0,0,0,0,0,0
8581,2008,6,5,3,1,0,1,1,0,0,0
8581,2009,10,10,3,1,0,1,0,0,1,0
8581,2011,6,6,1,1,0,0,0,0,1,0
8581,2012,4,4,2,2,0,0,0,0,0,0
8584,2013,1,1,1,0,0,0,0,0,0,0
8584,2014,5,5,2,0,0,0,0,0,1,0
8584,2015,5,5,1,0,0,0,0,0,0,0
8584,2017,2,2,0,0,0,0,0,0,1,0
8584,2018,2,2,1,0,0,0,0,0,0,0
8589,2004,1,1,0,0,0,0,0,0,0,0
8589,2005,1,1,0,0,0,0,0,0,0,0
8592,2012,1,1,0,0,0,0,0,0,0,0
8592,2018,2,1,0,0,0,0,1,0,0,0
8592,2019,2,1,0,0,0,0,1,0,0,0
8592,2022,1,1,0,0,0,0,0,0,1,0
8597,2014,1,0,0,0,0,0,1,0,0,0
8600,2016,3,3,1,0,0,1,0,0,1,0
8603,2022,3,3,1,0,0,1,0,0,0,0
8604,2021,1,0,0,0,0,0,1,0,0,0
8619,2007,2,2,2,1,1,0,0,0,0,0
8619,2009,4,3,1,0,0,0,1,0,0,0
8619,2011,1,0,0,0,0,0,1,0,0,0
8638,2002,6,6,2,0,0,0,0,0,0,0
8638,2003,3,3,2,1,0,0,0,0,0,0
8643,2018,5,4,0,0,0,0,1,0,1,0
8643,2019,1,0,0,0,0,0,1,0,0,0
8692,2021,1,1,0,0,0,0,0,0,1,0
8700,2013,1,1,0,0,0,0,0,0,0,0
8700,2019,1,1,1,0,0,0,0,0,0,0
8704,2001,3,2,1,0,0,0,0,1,1,0
8704,2006,3,3,0,0,0,0,0,0,0,0
8704,2008,2,2,2,0,0,1,0,0,0,0
8704,2009,1,1,1,0,0,0,0,0,0,0
8704,2010,2,1,1,0,0,0,0,1,0,0
8710,2012,12,12,2,1,0,0,0,0,1,0
8710,2013,6,4,1,0,0,0,1,1,1,0
8718,2009,1,1,0,0,0,0,0,0,0,0
8718,2010,1,1,0,0,0,0,0,0,0,0
8718,2011,1,1,0,0,0,0,0,0,0,0
8719,2006,1,1,0,0,0,0,0,0,0,0
8719,2007,1,0,0,0,0,0,1,0,0,0
8719,2009,2,2,1,0,0,0,0,0,0,0
8729,2007,4,2,1,1,0,0,1,0,0,1
8729,2008,11,9,4,1,0,1,2,0,1,0
8729,2009,14,10,1,1,0,0,4,0,3,0
8729,2010,6,5,2,0,0,2,1,0,1,0
8751,2021,1,1,1,0,0,0,0,0,0,0
8757,2009,2,1,1,0,0,1,1,0,0,0
8765,2002,2,1,0,0,0,0,1,0,1,0
8765,2003,1,1,0,0,0,0,0,0,0,0
8765,2004,3,3,1,1,0,0,0,0,0,0
8773,2014,3,3,1,0,0,0,0,0,1,0
8773,2015,3,3,1,1,0,0,0,0,1,0
8777,2017,2,2,1,0,0,1,0,0,0,0
8778,2011,3,2,0,0,0,0,1,0,0,0
8784,2002,3,2,1,0,0,0,1,0,0,0
8784,2004,4,4,1,0,0,0,0,0,1,0
8784,2005,3,3,0,0,0,0,0,0,0,0
8784,2012,5,5,2,0,0,0,0,0,0,0
8789,2014,11,11,1,0,0,1,0,0,2,0
8789,2015,6,5,2,1,0,1,1,0,0,0
8789,2016,4,4,1,0,0,0,0,0,0,0
8789,2017,11,9,1,1,0,0,2,0,1,0
8789,2018,1,1,1,0,0,1,0,0,0,0
8791,2022,1,1,0,0,0,0,0,0,0,0
8798,2017,2,2,2,1,0,0,0,0,0,0
8798,2018,1,1,0,0,0,0,0,0,0,0
8799,2013,1,1,1,1,0,0,0,0,0,0
8799,2014,8,7,1,1,0,0,0,0,0,1
8799,2016,2,2,1,1,0,0,0,0,0,0
8799,2017,8,6,1,0,0,0,2,0,1,0
8799,2018,2,2,1,0,0,0,0,0,0,0
8799,2019,2,1,0,0,0,0,1,0,0,0
8799,2020,1,1,1,0,0,0,0,0,0,0
8800,2021,3,3,1,0,0,0,0,0,0,0
8807,2003,3,2,0,0,0,0,1,0,0,0
8807,2004,6,5,4,1,0,1,1,0,1,0
8807,2005,3,2,1,0,0,0,0,1,0,0
8807,2006,3,3,1,0,0,1,0,0,2,0
8807,2007,6,5,0,0,0,0,1,0,3,0
8807,2008,3,3,1,0,0,0,0,0,0,0
8807,2012,3,3,1,0,0,0,0,0,0,0
8807,2013,3,3,0,0,0,0,0,0,1,0
8818,2007,1,1,1,0,0,0,0,0,0,0
8823,2008,6,5,0,0,0,0,1,0,3,0
8823,2011,3,3,2,0,0,0,0,0,0,0
8823,2013,6,6,2,0,0,0,0,0,0,0
8823,2015,6,6,2,1,0,0,0,0,0,0
8823,2017,3,3,1,0,0,0,0,0,0,0
8852,2007,1,1,1,0,0,0,0,0,0,0
8852,2008,2,1,0,0,0,0,0,0,0,1
8856,2011,1,1,0,0,0,0,0,0,0,0
8859,2001,8,8,3,1,0,0,0,0,1,0
8859,2002,2,2,0,0,0,0,0,0,0,0
8859,2003,6,4,1,1,0,0,1,0,1,1
8859,2004,3,3,1,1,0,0,0,0,1,0
8859,2005,6,5,3,0,0,1,0,1,0,0
8859,2006,6,6,4,2,0,0,0,0,0,0
8859,2007,3,2,0,0,0,0,1,0,0,0
8859,2008,3,3,1,1,0,0,0,0,0,0
8871,2019,2,2,1,0,0,0,0,0,0,0
8873,2006,4,4,2,1,0,0,0,0,0,0
8873,2007,2,2,0,0,0,0,0,0,1,0
8873,2008,1,1,1,0,0,1,0,0,0,0
8873,2012,4,3,0,0,0,0,1,0,0,0
8873,2016,2,1,0,0,0,0,1,0,0,0
8880,2018,1,1,1,0,0,0,0,0,0,0
8886,2009,2,2,0,0,0,0,0,0,2,0
8887,2022,2,2,0,0,0,0,0,0,0,0
8892,2012,1,1,0,0,0,0,0,0,1,0
8894,2020,1,1,0,0,0,0,0,0,1,0
8910,2012,1,1,0,0,0,0,0,0,0,0
8914,2012,1,1,0,0,0,0,0,0,0,0
8914,2015,6,4,1,0,0,0,2,0,0,0
8914,2016,12,11,4,0,0,0,1,0,0,0
8914,2017,9,7,2,0,0,0,2,0,0,0
8914,2018,5,4,3,0,0,1,1,0,0,0
8914,2019,3,2,1,1,0,0,1,0,0,0
8918,2001,3,3,2,0,0,0,0,0,0,0
8918,2002,3,3,2,1,0,1,0,0,0,0
8918,2003,6,4,2,1,0,1,2,0,0,0
8918,2005,6,4,3,0,0,2,2,0,0,0
8918,2006,3,3,2,0,0,1,0,0,0,0
8918,2007,6,3,2,0,0,0,3,0,1,0
8918,2008,5,3,1,1,0,0,2,0,0,0
8919,2002,3,3,1,0,0,1,0,0,0,0
8919,2003,5,5,2,1,0,0,0,0,0,0
8919,2004,9,7,2,0,1,0,1,1,2,0
8919,2005,4,3,1,0,0,0,1,0,1,0
8919,2006,6,6,3,1,0,2,0,0,0,0
8919,2007,3,2,1,1,0,0,1,0,0,0
8919,2009,3,2,1,1,0,0,1,0,0,0
8919,2010,3,3,0,0,0,0,0,0,1,0
8922,2009,1,1,1,1,0,0,0,0,0,0
8940,2009,3,3,1,1,0,0,0,0,0,0
8940,2012,3,3,0,0,0,0,0,0,1,0
8940,2013,2,2,0,0,0,0,0,0,1,0
8940,2015,1,1,0,0,0,0,0,0,0,0
8952,2009,1,1,1,0,0,1,0,0,0,0
8954,2001,7,6,0,0,0,0,0,0,2,1
8956,2012,2,2,1,0,0,1,0,0,0,0
8973,2001,6,6,0,0,0,0,0,0,2,0
8982,2007,4,4,3,0,0,0,0,0,0,0
8982,2008,4,3,1,0,0,1,1,0,0,0
8982,2009,4,4,2,1,0,0,0,0,1,0
8982,2018,4,4,1,0,0,0,0,0,1,0
8982,2019,3,2,0,0,0,0,1,0,1,0
8985,2007,1,1,1,0,0,1,0,0,0,0
8988,2014,2,2,0,0,0,0,0,0,1,0
8988,2015,3,3,1,0,0,0,0,0,0,0
8988,2016,2,2,0,0,0,0,0,0,0,0
8988,2019,1,0,0,0,0,0,0,0,0,1
8990,2003,3,3,0,0,0,0,0,0,1,0
8990,2005,9,9,2,0,0,0,0,0,2,0
8990,2006,13,11,3,0,0,0,2,0,1,0
8990,2012,4,4,2,0,0,1,0,0,1,0
8990,2013,4,4,3,1,0,0,0,0,1,0
8991,2008,2,1,0,0,0,0,1,0,0,0
9005,2012,4,4,0,0,0,0,0,0,1,0
9005,2013,3,3,1,0,0,0,0,0,0,0
9005,2014,2,2,1,0,0,0,0,0,0,0
9005,2022,1,1,0,0,0,0,0,0,1,0
9009,2004,1,1,0,0,0,0,0,0,0,0
9009,2005,1,1,0,0,0,0,0,0,0,0
9041,2002,1,1,1,0,0,0,0,0,0,0
9062,2015,2,1,0,0,0,0,1,0,0,0
9069,2002,3,3,0,0,0,0,0,0,0,0
9069,2004,4,4,1,1,0,0,0,0,0,0
9069,2010,2,1,0,0,0,0,1,0,0,0
9070,2002,1,1,1,1,0,0,0,0,0,0
9071,2016,3,3,0,0,0,0,0,0,0,0
9071,2017,6,6,4,0,0,0,0,0,1,0
9071,2019,3,3,0,0,0,0,0,0,0,0
9073,2014,2,2,1,0,0,0,0,0,0,0
9077,2007,2,1,0,0,0,0,1,0,1,0
9077,2008,1,1,1,0,0,0,0,0,0,0
9077,2010,1,1,0,0,0,0,0,0,0,0
9092,2022,3,3,0,0,0,0,0,0,3,0
9102,2003,1,1,0,0,0,0,0,0,0,0
9109,2019,4,3,1,0,0,0,1,0,0,0
9111,2019,2,2,0,0,0,0,0,0,0,0
9129,2014,8,8,1,0,0,0,0,0,1,0
9129,2015,4,4,0,0,0,0,0,0,1,0
9129,2016,3,3,2,0,0,1,0,0,0,0
9136,2003,4,4,1,1,0,0,0,0,2,0
9138,2021,1,1,1,0,0,0,0,0,0,0
9138,2022,1,1,0,0,0,0,0,0,1,0
9143,2012,3,3,1,1,0,0,0,0,0,0
9143,2013,4,4,2,1,0,0,0,0,0,0
9143,2014,6,6,1,0,0,0,0,0,1,0
9143,2015,6,6,2,0,0,1,0,0,0,0
9143,2016,4,4,2,0,0,0,0,0,0,0
9143,2017,3,3,1,1,0,0,0,0,1,0
9143,2018,6,6,1,0,0,0,0,0,1,0
9144,2014,1,1,1,0,0,0,0,0,0,0
9160,2002,1,1,0,0,0,0,0,0,0,0
9165,2018,1,1,1,1,0,0,0,0,0,0
9167,2017,1,0,0,0,0,0,1,0,0,0
9176,2001,1,1,1,0,0,0,0,0,0,0
9196,2016,1,1,0,0,0,0,0,0,0,0
9196,2018,1,1,0,0,0,0,0,0,1,0
9196,2019,2,2,0,0,0,0,0,0,1,0
9196,2020,1,1,1,0,0,0,0,0,0,0
9196,2021,2,2,1,0,0,0,0,0,1,0
9197,2014,1,1,1,0,0,1,0,0,0,0
9198,2012,7,7,0,0,0,0,0,0,0,0
9198,2014,4,4,3,0,0,2,0,0,0,0
9198,2015,8,8,0,0,0,0,0,0,0,0
9198,2016,3,3,1,0,0,0,0,0,1,0
9198,2017,6,6,5,2,0,0,0,0,1,0
9198,2018,6,6,1,0,0,0,0,0,3,0
9198,2019,1,1,0,0,0,0,0,0,0,0
9210,2002,1,0,0,0,0,0,1,0,0,0
9214,2002,3,3,3,1,0,1,0,0,0,0
9214,2003,13,11,3,0,0,2,2,0,3,0
9214,2005,12,9,2,0,0,0,3,0,0,0
9217,2007,1,1,0,0,0,0,0,0,1,0
9217,2008,2,1,0,0,0,0,1,0,0,0
9217,2010,1,0,0,0,0,0,1,0,0,0
9224,2012,2,2,1,1,0,0,0,0,0,0
9228,2002,1,1,0,0,0,0,0,0,0,0
9228,2003,3,2,2,1,0,0,1,0,0,0
9235,2019,1,1,0,0,0,0,0,0,0,0
9242,2010,1,1,0,0,0,0,0,0,0,0
9246,2012,1,1,1,0,0,0,0,0,0,0
9246,2013,2,2,0,0,0,0,0,0,1,0
9246,2014,2,2,1,0,0,1,0,0,0,0
9250,2016,1,1,0,0,0,0,0,0,1,0
9251,2004,1,1,1,0,0,0,0,0,0,0
9251,2009,1,1,0,0,0,0,0,0,0,0
9255,2004,2,2,0,0,0,0,0,0,1,0
9255,2005,4,3,1,0,0,1,1,0,0,0
9255,2006,3,2,2,0,1,1,1,0,0,0
9255,2007,4,4,1,0,0,1,0,0,1,0
9255,2008,1,1,0,0,0,0,0,0,0,0
9255,2009,1,1,1,0,0,0,0,0,0,0
9255,2010,2,2,2,0,0,0,0,0,0,0
9255,2011,1,1,0,0,0,0,0,0,0,0
9255,2012,1,1,0,0,0,0,0,0,0,0
9255,2014,4,4,1,0,0,0,0,0,0,0
9255,2015,3,3,0,0,0,0,0,0,1,0
9258,2002,2,1,0,0,0,0,0,1,1,0
9258,2003,3,2,1,1,0,0,0,1,1,0
9258,2005,3,3,2,1,0,1,0,0,0,0
9263,2001,3,3,2,0,0,0,0,0,0,0
9263,2002,9,8,4,0,0,1,1,0,1,0
9263,2003,3,2,1,0,0,1,1,0,0,0
9265,2021,1,1,0,0,0,0,0,0,1,0
9269,2012,3,3,1,1,0,0,0,0,0,0
9269,2013,6,6,2,0,0,1,0,0,0,0
9269,2014,3,3,1,0,0,0,0,0,1,0
9269,2015,3,2,1,0,0,0,1,0,0,0
9269,2022,2,2,0,0,0,0,0,0,1,0
9314,2020,2,2,0,0,0,0,0,0,1,0
9314,2021,2,2,0,0,0,0,0,0,1,0
9322,2018,1,1,0,0,0,0,0,0,0,0
9323,2004,1,1,0,0,0,0,0,0,0,0
9324,2006,2,1,1,1,0,0,1,0,0,0
9326,2012,3,3,2,0,0,0,0,0,0,0
9326,2014,3,3,0,0,0,0,0,0,1,0
9326,2015,2,1,0,0,0,0,0,1,0,0
9326,2016,2,2,0,0,0,0,0,0,0,0
9326,2017,9,8,2,0,0,1,1,0,1,0
9330,2003,3,3,0,0,0,0,0,0,2,0
9330,2006,2,2,0,0,0,0,0,0,0,0
9330,2008,1,1,0,0,0,0,0,0,0,0
9330,2009,2,0,0,0,0,0,2,0,0,0
9341,2016,1,1,0,0,0,0,0,0,0,0
9342,2015,1,1,0,0,0,0,0,0,0,0
9342,2021,2,2,0,0,0,0,0,0,0,0
9343,2019,1,1,0,0,0,0,0,0,1,0
9347,2007,1,1,0,0,0,0,0,0,0,0
9347,2010,1,0,0,0,0,0,1,0,0,0
9347,2011,2,2,1,0,0,1,0,0,0,0
9353,2022,1,0,0,0,0,0,1,0,0,0
9354,2014,1,0,0,0,0,0,1,0,0,0
9356,2014,1,1,0,0,0,0,0,0,0,0
9359,2017,1,1,0,0,0,0,0,0,0,0
9374,2015,4,4,1,0,0,0,0,0,0,0
9379,2004,1,0,0,0,0,0,1,0,0,0
9380,2003,2,2,0,0,0,0,0,0,2,0
9406,2006,2,1,1,0,0,1,1,0,0,0
9406,2007,1,1,1,0,0,0,0,0,0,0
9406,2008,4,3,1,0,0,0,1,0,1,0
9406,2009,1,1,0,0,0,0,0,0,0,0
9420,2015,3,2,0,0,0,0,1,0,0,0
9429,2001,4,4,1,0,0,1,0,0,0,0
9429,2002,2,2,1,0,0,1,0,0,1,0
9436,2021,1,1,1,0,0,1,0,0,0,0
9437,2001,3,3,2,1,0,1,0,0,0,0
9437,2002,1,1,0,0,0,0,0,0,1,0
9437,2003,12,11,4,1,0,0,1,0,1,0
9437,2004,8,8,4,2,0,0,0,0,0,0
9437,2005,1,1,1,1,0,0,0,0,0,0
9437,2007,3,3,0,0,0,0,0,0,2,0
9437,2009,3,3,1,1,0,0,0,0,0,0
9442,2005,6,6,2,0,0,0,0,0,0,0
9442,2006,5,5,3,0,0,1,0,0,0,0
9442,2008,2,2,1,1,0,0,0,0,1,0
9445,2014,4,4,1,1,0,0,0,0,0,0
9445,2015,2,2,1,0,0,1,0,0,1,0
9449,2012,1,1,0,0,0,0,0,0,0,0
9449,2013,1,1,0,0,0,0,0,0,0,0
9449,2015,1,1,0,0,0,0,0,0,0,0
9449,2018,4,3,1,0,0,0,1,0,0,0
9456,2013,1,1,0,0,0,0,0,0,0,0
9467,2001,3,3,0,0,0,0,0,0,0,0
9468,2001,1,1,1,0,0,0,0,0,0,0
9468,2004,1,1,0,0,0,0,0,0,0,0
9476,2009,1,1,0,0,0,0,0,0,0,0
9480,2013,1,1,0,0,0,0,0,0,0,0
9488,2019,2,2,0,0,0,0,0,0,1,0
9489,2001,4,3,0,0,0,0,1,0,0,0
9489,2003,3,2,0,0,0,0,1,0,0,0
9490,2001,12,11,3,2,0,1,1,0,2,0
9490,2002,7,5,3,1,0,0,2,0,0,0
9490,2003,2,2,1,0,0,0,0,0,0,0
9490,2004,2,2,1,1,0,0,0,0,0,0
9496,2001,1,1,0,0,0,0,0,0,0,0
9496,2002,1,1,0,0,0,0,0,0,0,0
9496,2003,3,2,0,0,0,0,1,0,0,0
9513,2011,2,2,1,0,0,0,0,0,0,0
9513,2013,1,1,1,0,0,0,0,0,0,0
9523,2003,1,1,0,0,0,0,0,0,0,0
9523,2008,1,1,0,0,0,0,0,0,0,0
9528,2001,2,1,0,0,0,0,1,0,0,0
9528,2003,1,1,1,1,0,0,0,0,0,0
9528,2004,3,3,1,1,0,0,0,0,0,0
9528,2005,2,2,0,0,0,0,0,0,1,0
9530,2022,1,0,0,0,0,0,0,1,0,0
9535,2007,6,5,2,1,0,0,1,0,2,0
9535,2008,4,2,2,0,0,1,2,0,0,0
9535,2009,3,2,0,0,0,0,1,0,0,0
9540,2001,5,5,3,0,0,1,0,0,1,0
9550,2010,1,0,0,0,0,0,1,0,0,0
9554,2001,3,3,1,0,0,0,0,0,0,0
9554,2002,8,8,2,1,0,1,0,0,1,0
9554,2003,3,3,1,0,0,0,0,0,0,0
9559,2002,1,1,1,0,0,0,0,0,0,0
9559,2004,1,1,0,0,0,0,0,0,0,0
9559,2006,2,2,1,0,0,0,0,0,0,0
9559,2009,1,1,0,0,0,0,0,0,0,0
9572,2014,1,0,0,0,0,0,1,0,0,0
9576,2009,5,5,2,0,0,0,0,0,0,0
9576,2011,3,3,1,0,0,1,0,0,0,0
9576,2018,3,3,0,0,0,0,0,0,0,0
9576,2019,2,2,0,0,0,0,0,0,0,0
9581,2020,1,1,0,0,0,0,0,0,0,0
9594,2019,1,1,0,0,0,0,0,0,0,0
9594,2022,1,1,1,0,0,1,0,0,0,0
9603,2001,1,1,0,0,0,0,0,0,0,0
9603,2002,1,1,0,0,0,0,0,0,0,0
9603,2003,8,8,3,2,0,0,0,0,0,0
9603,2004,8,8,4,0,0,1,0,0,0,0
9605,2014,2,2,0,0,0,0,0,0,1,0
9608,2001,3,3,1,0,0,1,0,0,1,0
9610,2001,3,3,2,1,0,0,0,0,1,0
9614,2001,1,1,1,0,0,0,0,0,0,0
9614,2002,3,3,1,0,0,0,0,0,1,0
9623,2008,1,1,1,1,0,0,0,0,0,0
9634,2007,3,1,0,0,0,0,2,0,0,0
9634,2008,5,5,1,1,0,0,0,0,0,0
9634,2010,1,1,0,0,0,0,0,0,0,0
9637,2001,10,10,5,0,0,1,0,0,1,0
9637,2003,3,2,1,0,0,0,1,0,0,0
9659,2003,1,0,0,0,0,0,0,1,0,0
9659,2005,1,1,0,0,0,0,0,0,0,0
9659,2013,1,1,0,0,0,0,0,0,1,0
9664,2006,1,1,1,0,0,0,0,0,0,0
9664,2007,1,1,1,1,0,0,0,0,0,0
9677,2014,3,3,0,0,0,0,0,0,0,0
9677,2019,3,2,1,1,0,0,1,0,0,0
9688,2012,1,1,0,0,0,0,0,0,0,0
9688,2014,1,1,0,0,0,0,0,0,0,0
9688,2016,1,1,0,0,0,0,0,0,0,0
9688,2017,1,1,1,0,0,0,0,0,0,0
9688,2018,2,2,0,0,0,0,0,0,0,0
9698,2001,1,0,0,0,0,0,1,0,0,0
9698,2002,1,1,0,0,0,0,0,0,0,0
9699,2002,1,1,0,0,0,0,0,0,0,0
9699,2003,9,7,3,1,0,1,2,0,0,0
9707,2007,3,1,1,0,0,0,2,0,0,0
9707,2008,4,3,3,0,0,0,1,0,0,0
9707,2010,3,2,1,1,0,0,1,0,0,0
9715,2003,1,1,1,0,0,0,0,0,0,0
9751,2001,3,2,0,0,0,0,1,0,0,0
9761,2006,1,1,1,0,0,0,0,0,0,0
9761,2007,2,2,1,1,0,0,0,0,0,0
9761,2009,1,1,0,0,0,0,0,0,0,0
9761,2010,1,0,0,0,0,0,1,0,0,0
9761,2012,1,1,0,0,0,0,0,0,0,0
9761,2014,4,3,1,1,0,0,1,0,1,0
9761,2015,3,2,0,0,0,0,1,0,0,0
9761,2018,2,2,1,0,0,0,0,0,0,0
9762,2015,6,6,1,0,0,1,0,0,2,0
9762,2016,1,0,0,0,0,0,1,0,0,0
9762,2018,3,3,0,0,0,0,0,0,1,0
9762,2022,2,2,2,1,0,0,0,0,0,0
9764,2011,1,1,0,0,0,0,0,0,0,0
9774,2015,2,2,1,0,0,1,0,0,0,0
9774,2018,3,3,0,0,0,0,0,0,0,0
9780,2001,3,2,0,0,0,0,1,0,0,0
9780,2002,2,2,0,0,0,0,0,0,1,0
9780,2003,2,2,1,0,0,0,0,0,0,0
9780,2004,1,1,0,0,0,0,0,0,0,0
9780,2006,3,1,1,0,0,1,2,0,0,0
9781,2007,1,1,0,0,0,0,0,0,1,0
9781,2009,2,0,0,0,0,0,2,0,0,0
9781,2010,4,4,2,1,0,0,0,0,1,0
9781,2011,1,1,0,0,0,0,0,0,0,0
9781,2016,1,1,0,0,0,0,0,0,0,0
9781,2017,1,1,0,0,0,0,0,0,0,0
9782,2011,4,4,2,0,0,0,0,0,0,0
9782,2014,1,1,0,0,0,0,0,0,0,0
9782,2016,4,4,1,0,0,0,0,0,0,0
9788,2011,1,1,0,0,0,0,0,0,1,0
9788,2013,1,0,0,0,0,0,1,0,0,0
9794,2021,1,1,0,0,0,0,0,0,0,0
9812,2017,2,2,1,0,0,0,0,0,0,0
9822,2005,5,3,0,0,0,0,2,0,0,0
9822,2006,3,3,0,0,0,0,0,0,0,0
9822,2007,3,3,0,0,0,0,0,0,0,0
9822,2008,12,9,3,0,0,0,3,0,1,0
9822,2009,14,13,2,2,0,0,1,0,0,0
9822,2010,12,9,4,1,0,1,3,0,0,0
9822,2011,6,6,3,3,0,0,0,0,2,0
9822,2015,7,6,0,0,0,0,1,0,2,0
9827,2015,1,1,0,0,0,0,0,0,0,0
9827,2016,1,1,0,0,0,0,0,0,1,0
9827,2018,1,1,0,0,0,0,0,0,1,0
9830,2008,1,1,0,0,0,0,0,0,0,0
9830,2009,1,1,0,0,0,0,0,0,0,0
9830,2012,1,1,0,0,0,0,0,0,1,0
9830,2013,1,1,0,0,0,0,0,0,0,0
9833,2006,1,1,0,0,0,0,0,0,0,0
9833,2007,1,1,0,0,0,0,0,0,0,0
9835,2010,3,3,0,0,0,0,0,0,1,0
9835,2011,3,2,1,0,0,1,1,0,0,0
9835,2012,1,1,1,1,0,0,0,0,0,0
9840,2006,3,2,1,0,0,0,1,0,0,0
9844,2016,1,1,1,0,0,0,0,0,0,0
9844,2017,2,2,1,0,0,1,0,0,0,0
9844,2019,2,1,1,0,0,0,1,0,0,0
9844,2022,4,3,1,0,0,1,0,0,1,1
9845,2020,2,2,0,0,0,0,0,0,1,0
9845,2021,1,1,0,0,0,0,0,0,0,0
9846,2021,3,3,0,0,0,0,0,0,1,0
9885,2015,1,1,1,0,0,0,0,0,0,0
9885,2016,1,1,1,0,0,0,0,0,0,0
9886,2018,6,5,1,0,0,0,1,0,0,0
9887,2007,1,1,1,0,0,1,0,0,0,0
9887,2010,1,0,0,0,0,0,1,0,0,0
9893,2010,4,4,4,1,0,0,0,0,0,0
9897,2018,1,1,0,0,0,0,0,0,0,0
9902,2009,2,1,1,0,0,0,1,0,0,0
9902,2010,1,1,0,0,0,0,0,0,1,0
9902,2011,4,4,2,1,0,0,0,0,1,0
9902,2012,1,1,0,0,0,0,0,0,0,0
9902,2015,1,1,0,0,0,0,0,0,1,0
9902,2018,3,3,1,0,0,0,0,0,0,0
9906,2015,1,0,0,0,0,0,1,0,0,0
9906,2016,2,2,0,0,0,0,0,0,0,0
9908,2019,5,5,2,1,0,0,0,0,0,0
9933,2008,1,0,0,0,0,0,1,0,0,0
9937,2017,1,1,0,0,0,0,0,0,0,0
9954,2016,1,1,0,0,0,0,0,0,0,0
9963,2021,1,1,1,0,0,0,0,0,0,0
9966,2012,2,1,0,0,0,0,1,0,0,0
9966,2013,1,1,0,0,0,0,0,0,0,0
9966,2015,2,2,1,0,0,0,0,0,0,0
9968,2012,7,7,1,0,0,0,0,0,2,0
9968,2015,3,3,0,0,0,0,0,0,1,0
9968,2017,6,6,1,1,0,0,0,0,0,0
9969,2021,1,1,0,0,0,0,0,0,1,0
9984,2010,2,2,0,0,0,0,0,0,0,0
9997,2022,2,1,0,0,0,0,1,0,0,0
10002,2001,6,6,1,0,0,0,0,0,0,0
10002,2002,3,3,0,0,0,0,0,0,0,0
10002,2003,3,3,1,0,0,1,0,0,0,0
10002,2004,3,3,2,1,0,0,0,0,0,0
10014,2019,1,1,1,0,0,0,0,0,0,0
10019,2015,1,1,0,0,0,0,0,0,0,0
10019,2018,2,2,1,0,0,1,0,0,0,0
10025,2011,2,1,0,0,0,0,1,0,0,0
10029,2001,5,5,2,2,0,0,0,0,2,0
10029,2002,13,11,1,1,0,0,2,0,4,0
10029,2003,9,8,5,1,0,1,1,0,0,0
10029,2004,10,10,5,2,0,2,0,0,1,0
10029,2005,6,4,0,0,0,0,2,0,0,0
10029,2006,3,2,0,0,0,0,1,0,1,0
10033,2015,3,3,1,0,0,0,0,0,0,0
10033,2018,1,1,0,0,0,0,0,0,0,0
10035,2010,3,2,0,0,0,0,0,0,0,1
10040,2010,3,2,1,0,0,0,1,0,0,0
10040,2011,2,1,0,0,0,0,1,0,0,0
10040,2013,1,1,0,0,0,0,0,0,0,0
10064,2013,3,3,0,0,0,0,0,0,0,0
10064,2014,3,3,1,1,0,0,0,0,0,0
10064,2017,3,3,0,0,0,0,0,0,3,0
10064,2019,3,3,1,0,0,0,0,0,0,0
10068,2002,2,2,1,0,0,1,0,0,1,0
10068,2007,1,1,1,1,0,0,0,0,0,0
10069,2001,2,2,0,0,0,0,0,0,2,0
10069,2006,3,3,1,0,0,0,0,0,0,0
10069,2008,4,4,0,0,0,0,0,0,1,0
10069,2013,4,3,0,0,0,0,1,0,0,0
10069,2015,6,6,3,1,0,1,0,0,0,0
10069,2017,2,2,0,0,0,0,0,0,2,0
10069,2018,3,3,1,0,0,0,0,0,0,0
10069,2019,5,5,3,0,0,0,0,0,0,0
10081,2019,1,1,0,0,0,0,0,0,0,0
10081,2021,1,1,0,0,0,0,0,0,0,0
10090,2019,2,2,1,1,0,0,0,0,0,0
10091,2004,3,2,1,0,0,0,0,1,0,0
10097,2006,1,1,0,0,0,0,0,0,0,0
10097,2007,1,1,0,0,0,0,0,0,1,0
10097,2008,1,1,0,0,0,0,0,0,1,0
10097,2010,1,1,1,1,0,0,0,0,0,0
10097,2011,2,1,0,0,0,0,0,1,0,0
10101,2014,3,3,1,0,0,0,0,0,0,0
10101,2015,3,3,1,0,0,0,0,0,1,0
10101,2016,3,2,0,0,0,0,1,0,0,0
10101,2017,1,1,1,1,0,0,0,0,0,0
10108,2008,2,1,0,0,0,0,1,0,0,0
10111,2012,3,3,1,0,0,1,0,0,1,0
10111,2013,6,6,0,0,0,0,0,0,2,0
10111,2014,3,3,0,0,0,0,0,0,0,0
10111,2015,3,3,1,1,0,0,0,0,1,0
10111,2016,3,3,0,0,0,0,0,0,1,0
10111,2017,3,3,0,0,0,0,0,0,1,0
10111,2019,3,3,0,0,0,0,0,0,1,0
10113,2007,1,1,1,0,0,0,0,0,0,0
10118,2008,3,3,2,1,0,0,0,0,0,0
10118,2009,1,1,0,0,0,0,0,0,0,0
10118,2010,6,3,1,0,0,1,2,1,0,0
10118,2011,6,5,2,0,0,1,1,0,0,0
10118,2013,3,1,1,0,0,1,2,0,0,0
10118,2014,6,6,1,0,0,0,0,0,0,0
10118,2018,2,2,0,0,0,0,0,0,0,0
10122,2019,1,1,1,0,0,1,0,0,0,0
10126,2006,1,1,0,0,0,0,0,0,0,0
10126,2007,6,6,0,0,0,0,0,0,0,0
10126,2008,3,3,1,0,0,0,0,0,0,0
10126,2010,3,2,0,0,0,0,1,0,0,0
10136,2008,3,2,0,0,0,0,1,0,2,0
10136,2010,3,3,1,0,0,0,0,0,0,0
10136,2011,7,7,1,1,0,0,0,0,1,0
10136,2012,3,3,1,1,0,0,0,0,0,0
10136,2013,4,4,2,0,0,0,0,0,0,0
10136,2015,3,3,2,0,0,1,0,0,0,0
10136,2016,5,5,3,0,0,0,0,0,0,0
10136,2017,1,1,1,0,0,0,0,0,0,0
10136,2022,5,5,0,0,0,0,0,0,2,0
10138,2015,4,3,0,0,0,0,1,0,0,0
10138,2018,4,3,2,0,0,0,1,0,0,0
10138,2019,3,3,2,2,0,0,0,0,0,0
10142,2006,1,1,0,0,0,0,0,0,0,0
10142,2007,2,2,1,0,0,1,0,0,0,0
10142,2009,2,2,0,0,0,0,0,0,0,0
10142,2010,1,1,1,0,0,0,0,0,0,0
10142,2011,1,1,0,0,0,0,0,0,0,0
10144,2022,1,1,1,0,0,1,0,0,0,0
10146,2004,2,1,0,0,0,0,1,0,0,0
10146,2005,2,0,0,0,0,0,2,0,0,0
10146,2006,2,2,0,0,0,0,0,0,0,0
10149,2003,1,0,0,0,0,0,1,0,0,0
10155,2001,3,3,2,0,1,0,0,0,0,0
10155,2002,1,1,1,1,0,0,0,0,0,0
10155,2004,5,3,1,0,0,1,2,0,0,0
10156,2007,1,1,1,0,0,0,0,0,0,0
10156,2008,2,2,1,0,0,0,0,0,1,0
10156,2009,3,2,2,1,0,0,1,0,0,0
10156,2011,5,5,1,0,0,0,0,0,1,0
10156,2012,3,2,1,0,0,0,1,0,0,0
10162,2007,1,1,0,0,0,0,0,0,0,0
10162,2008,1,1,0,0,0,0,0,0,0,0
10182,2021,3,3,1,0,0,0,0,0,0,0
10195,2022,5,5,1,0,0,0,0,0,1,0
10209,2007,3,2,0,0,0,0,1,0,1,0
10209,2013,4,4,1,0,0,1,0,0,1,0
10209,2015,3,3,1,0,0,0,0,0,0,0
10209,2016,3,3,1,0,0,0,0,0,1,0
10209,2017,7,6,3,0,0,1,1,0,1,0
10214,2013,2,2,0,0,0,0,0,0,0,0
10214,2019,2,2,0,0,0,0,0,0,0,0
10215,2005,1,1,0,0,0,0,0,0,0,0
10215,2006,1,0,0,0,0,0,0,0,0,1
10217,2008,4,4,2,0,0,1,0,0,0,0
10217,2009,8,8,4,1,0,1,0,0,0,0
10217,2010,7,7,1,0,0,0,0,0,0,0
10227,2014,1,0,0,0,0,0,1,0,0,0
10228,2021,1,1,0,0,0,0,0,0,0,0
10228,2022,2,2,0,0,0,0,0,0,0,0
10229,2002,1,1,1,0,0,0,0,0,0,0
10229,2004,7,6,0,0,0,0,1,0,0,0
10229,2005,10,6,5,0,0,0,4,0,0,0
10229,2006,5,3,1,0,0,0,2,0,0,0
10234,2006,1,1,0,0,0,0,0,0,0,0
10246,2001,5,3,0,0,0,0,2,0,3,0
10246,2002,2,2,1,0,0,1,0,0,0,0
10249,2011,2,2,0,0,0,0,0,0,0,0
10249,2012,3,3,0,0,0,0,0,0,1,0
10249,2013,7,6,0,0,0,0,1,0,1,0
10249,2014,3,2,0,0,0,0,1,0,0,0
10252,2016,1,0,0,0,0,0,0,1,0,0
10252,2018,2,2,0,0,0,0,0,0,1,0
10264,2021,2,2,0,0,0,0,0,0,0,0
10265,2016,1,0,0,0,0,0,1,0,0,0
10288,2009,3,3,1,1,0,0,0,0,0,0
10288,2012,6,5,0,0,0,0,1,0,1,0
10288,2014,6,4,0,0,0,0,2,0,2,0
10288,2022,2,2,2,0,0,0,0,0,0,0
10292,2012,3,3,1,0,0,0,0,0,0,0
10292,2013,2,2,0,0,0,0,0,0,1,0
10292,2015,1,0,0,0,0,0,1,0,0,0
10292,2016,3,3,0,0,0,0,0,0,0,0
10294,2002,7,6,1,0,0,0,1,0,1,0
10298,2010,1,1,0,0,0,0,0,0,0,0
10304,2010,1,1,0,0,0,0,0,0,0,0
10313,2001,5,4,1,0,0,0,1,0,1,0
10313,2002,6,4,0,0,0,0,2,0,1,0
10313,2003,4,4,0,0,0,0,0,0,0,0
10313,2004,3,3,1,0,0,0,0,0,1,0
10313,2005,4,2,0,0,0,0,2,0,0,0
10317,2005,3,1,0,0,0,0,1,0,0,1
10332,2002,3,2,1,1,0,0,1,0,0,0
10332,2007,1,0,0,0,0,0,1,0,0,0
10332,2008,1,1,0,0,0,0,0,0,0,0
10332,2009,2,1,0,0,0,0,1,0,0,0
10336,2006,1,1,0,0,0,0,0,0,0,0
10362,2011,3,3,1,1,0,0,0,0,0,0
10368,2011,1,0,0,0,0,0,1,0,0,0
10389,2019,1,1,1,0,0,0,0,0,0,0
10390,2019,1,1,1,0,0,0,0,0,0,0
10394,2012,1,1,0,0,0,0,0,0,0,0
10394,2013,2,2,0,0,0,0,0,0,0,0
10394,2014,2,2,2,0,0,2,0,0,0,0
10394,2015,3,3,0,0,0,0,0,0,1,0
10394,2017,1,1,1,0,0,0,0,0,0,0
10396,2020,1,0,0,0,0,0,1,0,0,0
10409,2001,1,1,0,0,0,0,0,0,0,0
10409,2003,1,1,1,0,0,1,0,0,0,0
10409,2004,2,1,0,0,0,0,1,0,0,0
10409,2005,1,1,0,0,0,0,0,0,0,0
10409,2007,2,2,0,0,0,0,0,0,0,0
10415,2005,1,1,0,0,0,0,0,0,0,0
10415,2007,1,1,1,0,0,1,0,0,0,0
10415,2009,1,1,0,0,0,0,0,0,0,0
10418,2012,1,1,1,1,0,0,0,0,0,0
10440,2002,3,3,1,0,0,1,0,0,0,0
10440,2006,2,2,1,0,0,1,0,0,0,0
10440,2007,1,1,0,0,0,0,0,0,1,0
10446,2021,1,1,0,0,0,0,0,0,0,0
10458,2003,3,3,1,0,0,1,0,0,0,0
10458,2004,3,2,1,0,0,1,1,0,1,0
10458,2005,4,3,0,0,0,0,1,0,1,0
10461,2003,6,5,3,0,0,2,1,0,0,0
10465,2001,1,0,0,0,0,0,1,0,0,0
10468,2004,1,0,0,0,0,0,1,0,0,0
10474,2017,3,3,1,0,0,0,0,0,1,0
10474,2018,6,6,1,0,0,0,0,0,0,0
10474,2019,2,2,0,0,0,0,0,0,0,0
10486,2006,1,1,0,0,0,0,0,0,0,0
10503,2014,2,2,1,0,0,0,0,0,1,0
10503,2015,2,2,0,0,0,0,0,0,0,0
10503,2016,1,1,0,0,0,0,0,0,0,0
10503,2017,2,2,0,0,0,0,0,0,0,0
10507,2001,2,2,1,1,0,0,0,0,0,0
10514,2007,3,2,0,0,0,0,1,0,1,0
10516,2001,14,13,6,2,0,0,1,0,3,0
10516,2002,6,6,3,0,0,0,0,0,1,0
10516,2003,10,9,5,1,0,0,1,0,0,0
10516,2004,15,15,3,1,0,1,0,0,6,0
10516,2005,6,6,2,0,0,2,0,0,2,0
10516,2006,7,7,3,1,0,0,0,0,0,0
10516,2007,6,6,3,0,0,1,0,0,1,0
10516,2008,10,8,1,0,0,0,1,0,1,1
10516,2010,4,2,0,0,0,0,2,0,0,0
10521,2020,4,4,1,0,0,0,0,0,0,0
10521,2021,3,2,0,0,0,0,0,1,1,0
10546,2006,2,0,0,0,0,0,2,0,0,0
10547,2012,3,3,1,0,0,0,0,0,2,0
10547,2014,3,3,2,1,0,0,0,0,1,0
10547,2016,3,2,0,0,0,0,1,0,0,0
10547,2017,3,3,0,0,0,0,0,0,2,0
10547,2018,2,2,2,0,0,1,0,0,0,0
10549,2002,1,1,1,0,0,0,0,0,0,0
10549,2007,1,1,0,0,0,0,0,0,1,0
10549,2010,1,1,0,0,0,0,0,0,0,0
10572,2002,1,0,0,0,0,0,1,0,0,0
10572,2008,3,2,0,0,0,0,1,0,0,0
10574,2015,1,1,0,0,0,0,0,0,0,0
10574,2017,1,1,0,0,0,0,0,0,0,0
10574,2022,1,1,0,0,0,0,0,0,1,0
10576,2001,3,3,1,1,0,0,0,0,1,0
10576,2003,2,1,0,0,0,0,1,0,1,0
10595,2002,2,2,1,0,0,0,0,0,0,0
10595,2003,1,1,0,0,0,0,0,0,1,0
10595,2010,3,3,0,0,0,0,0,0,1,0
10597,2001,2,2,0,0,0,0,0,0,0,0
10607,2014,2,2,2,0,0,0,0,0,0,0
10609,2013,1,1,0,0,0,0,0,0,0,0
10609,2015,3,3,1,0,0,1,0,0,0,0
10609,2016,2,2,0,0,0,0,0,0,1,0
10614,2004,1,1,0,0,0,0,0,0,0,0
10614,2005,2,1,0,0,0,0,0,1,1,0
10626,2021,2,2,1,0,0,0,0,0,1,0
10634,2014,1,1,0,0,0,0,0,0,0,0
10634,2015,1,1,0,0,0,0,0,0,0,0
10637,2005,1,1,0,0,0,0,0,0,0,0
10637,2006,1,1,1,0,0,0,0,0,0,0
10668,2007,1,0,0,0,0,0,1,0,0,0
10668,2009,1,1,0,0,0,0,0,0,0,0
10668,2010,1,0,0,0,0,0,1,0,0,0
10679,2009,2,2,2,0,0,2,0,0,0,0
10696,2018,1,1,1,0,0,0,0,0,0,0
10696,2020,2,2,0,0,0,0,0,0,0,0
10704,2009,4,4,1,0,0,0,0,0,0,0
10704,2017,4,3,0,0,0,0,1,0,2,0
10706,2014,2,2,0,0,0,0,0,0,0,0
10706,2015,6,5,0,0,0,0,1,0,2,0
10706,2018,1,1,0,0,0,0,0,0,0,0
10707,2017,1,1,0,0,0,0,0,0,0,0
10708,2020,1,1,0,0,0,0,0,0,1,0
10708,2021,6,5,1,1,0,0,1,0,2,0
10720,2002,1,1,0,0,0,0,0,0,0,0
10720,2003,2,2,1,0,0,0,0,0,0,0
10723,2022,1,1,0,0,0,0,0,0,0,0
10733,2007,2,0,0,0,0,0,2,0,0,0
10733,2008,2,2,0,0,0,0,0,0,1,0
10733,2009,1,1,1,0,0,0,0,0,0,0
10733,2012,1,1,0,0,0,0,0,0,0,0
10733,2017,3,3,2,0,0,1,0,0,1,0
10733,2018,1,1,1,0,0,0,0,0,0,0
10733,2021,2,2,1,0,0,0,0,0,1,0
10734,2010,3,2,0,0,0,0,1,0,1,0
10734,2011,1,1,0,0,0,0,0,0,0,0
10735,2017,1,1,0,0,0,0,0,0,0,0
10735,2019,1,1,1,0,0,1,0,0,0,0
10766,2020,2,2,1,0,0,0,0,0,1,0
10776,2012,6,5,1,1,0,0,1,0,2,0
10776,2021,1,1,1,0,0,1,0,0,0,0
10776,2022,2,1,0,0,0,0,0,0,0,1
10782,2001,1,1,0,0,0,0,0,0,0,0
10782,2002,3,3,0,0,0,0,0,0,0,0
10782,2003,2,2,2,0,0,1,0,0,0,0
10782,2005,7,6,3,0,0,1,1,0,0,0
10782,2006,3,3,2,1,0,1,0,0,0,0
10782,2007,4,4,0,0,0,0,0,0,1,0
10784,2013,4,4,1,1,0,0,0,0,1,0
10784,2014,5,4,1,1,0,0,1,0,2,0
10784,2016,3,1,0,0,0,0,1,0,0,1
10784,2019,5,3,0,0,0,0,2,0,2,0
10784,2022,5,5,2,0,0,1,0,0,0,0
10790,2016,3,2,1,0,0,0,1,0,0,0
10790,2018,3,3,0,0,0,0,0,0,1,0
10790,2019,2,1,0,0,0,0,0,0,1,1
10790,2021,3,2,0,0,0,0,1,0,1,0
10790,2022,6,5,1,0,0,0,0,0,2,1
10793,2004,2,1,0,0,0,0,1,0,0,0
10793,2006,6,5,4,0,0,4,1,0,0,0
10793,2007,12,10,5,2,0,0,2,0,1,0
10793,2008,19,17,5,0,0,0,1,1,2,0
10793,2009,3,2,1,0,0,1,1,0,0,0
10793,2010,2,0,0,0,0,0,2,0,0,0
10841,2008,4,4,0,0,0,0,0,0,1,0
10846,2007,2,2,0,0,0,0,0,0,0,0
10846,2011,1,1,0,0,0,0,0,0,0,0
10846,2014,1,1,0,0,0,0,0,0,0,0
10846,2016,2,2,0,0,0,0,0,0,1,0
10846,2017,2,2,0,0,0,0,0,0,1,0
10846,2018,1,1,0,0,0,0,0,0,0,0
10846,2019,5,5,1,0,0,0,0,0,0,0
10848,2007,2,2,2,1,0,1,0,0,0,0
10848,2008,1,1,1,1,0,0,0,0,0,0
10848,2012,3,3,2,0,0,0,0,0,1,0
10854,2011,2,2,0,0,0,0,0,0,1,0
10856,2005,3,3,0,0,0,0,0,0,0,0
10856,2006,1,1,1,1,0,0,0,0,0,0
10856,2007,3,3,1,0,0,0,0,0,0,0
10856,2009,1,1,1,1,0,0,0,0,0,0
10881,2001,4,4,1,0,0,0,0,0,0,0
10881,2004,3,3,0,0,0,0,0,0,0,0
10890,2001,1,1,1,0,0,0,0,0,0,0
10890,2002,1,1,0,0,0,0,0,0,0,0
10890,2003,2,1,0,0,0,0,1,0,0,0
10891,2007,3,2,2,0,0,0,1,0,0,0
10892,2008,1,1,0,0,0,0,0,0,0,0
10917,2002,2,1,0,0,0,0,1,0,0,0
10924,2018,1,0,0,0,0,0,1,0,0,0
10924,2019,1,1,0,0,0,0,0,0,0,0
10924,2021,1,1,1,0,0,0,0,0,0,0
10924,2022,3,3,1,0,0,0,0,0,2,0
10926,2001,1,1,1,0,0,0,0,0,0,0
10926,2004,2,2,2,0,0,0,0,0,0,0
10926,2005,7,6,1,0,0,1,1,0,0,0
10926,2006,2,1,1,1,0,0,1,0,0,0
10932,2006,1,1,0,0,0,0,0,0,0,0
10932,2007,2,2,1,0,0,0,0,0,0,0
10946,2009,3,2,1,1,0,0,1,0,0,0
10946,2010,4,3,2,0,0,0,1,0,1,0
10946,2014,1,1,0,0,0,0,0,0,0,0
10946,2018,2,2,0,0,0,0,0,0,0,0
10956,2005,1,0,0,0,0,0,1,0,0,0
10963,2004,1,1,0,0,0,0,0,0,0,0
10963,2005,1,1,0,0,0,0,0,0,0,0
10963,2007,2,2,1,0,0,0,0,0,0,0
10968,2017,2,1,0,0,0,0,1,0,1,0
10968,2018,1,1,0,0,0,0,0,0,0,0
10968,2019,2,1,0,0,0,0,0,0,0,1
10968,2021,1,1,0,0,0,0,0,0,1,0
10973,2002,3,3,0,0,0,0,0,0,0,0
10973,2004,2,1,0,0,0,0,1,0,0,0
10982,2021,1,1,0,0,0,0,0,0,0,0
10984,2005,2,1,1,0,0,0,1,0,0,0
10984,2009,6,5,1,1,0,0,1,0,1,0
10984,2010,3,3,1,1,0,0,0,0,0,0
10984,2011,3,3,0,0,0,0,0,0,0,0
10991,2022,3,3,1,0,0,0,0,0,0,0
11020,2019,1,1,0,0,0,0,0,0,1,0
11020,2022,2,2,1,0,0,0,0,0,0,0
11026,2009,1,1,0,0,0,0,0,0,0,0
11031,2010,2,1,0,0,0,0,1,0,0,0
11036,2017,1,1,0,0,0,0,0,0,0,0
11047,2001,1,0,0,0,0,0,0,1,0,0
11047,2003,1,1,0,0,0,0,0,0,0,0
11049,2012,2,2,1,0,0,0,0,0,1,0
11059,2011,1,1,1,0,0,0,0,0,0,0
11062,2019,2,2,0,0,0,0,0,0,0,0
11071,2009,2,2,0,0,0,0,0,0,0,0
11079,2002,3,3,1,0,0,0,0,0,0,0
11079,2003,1,0,0,0,0,0,1,0,0,0
11079,2004,7,6,5,2,0,1,1,0,0,0
11079,2005,3,3,0,0,0,0,0,0,0,0
11082,2010,1,1,0,0,0,0,0,0,0,0
11084,2010,2,1,0,0,0,0,1,0,1,0
11084,2011,1,0,0,0,0,0,1,0,0,0
11084,2014,1,0,0,0,0,0,1,0,0,0
11084,2016,2,2,0,0,0,0,0,0,0,0
11099,2019,1,1,0,0,0,0,0,0,0,0
11099,2022,2,2,0,0,0,0,0,0,0,0
11102,2012,6,6,0,0,0,0,0,0,1,0
11102,2013,9,8,6,0,0,1,0,1,0,0
11102,2014,2,2,0,0,0,0,0,0,0,0
11102,2016,2,2,2,0,0,1,0,0,0,0
11102,2017,3,3,2,1,0,0,0,0,0,0
11106,2017,2,2,1,0,0,0,0,0,0,0
11112,2009,1,0,0,0,0,0,1,0,0,0
11112,2010,1,1,1,1,0,0,0,0,0,0
11114,2021,1,1,0,0,0,0,0,0,0,0
11114,2022,3,2,0,0,0,0,1,0,0,0
11118,2016,3,2,1,1,0,0,1,0,1,0
11118,2018,3,3,0,0,0,0,0,0,1,0
11118,2019,2,2,0,0,0,0,0,0,0,0
11119,2001,3,2,1,1,0,0,0,1,1,0
11119,2002,2,2,0,0,0,0,0,0,0,0
11119,2003,1,1,0,0,0,0,0,0,0,0
11120,2022,3,3,1,0,0,0,0,0,1,0
11127,2014,4,4,1,0,0,0,0,0,0,0
11127,2016,3,2,1,0,0,0,1,0,0,0
11127,2017,4,4,3,1,0,0,0,0,1,0
11127,2019,5,4,0,0,0,0,0,0,1,1
11128,2012,1,1,0,0,0,0,0,0,0,0
11128,2013,2,2,1,0,0,1,0,0,1,0
11128,2016,1,1,0,0,0,0,0,0,0,0
11130,2022,1,1,1,0,0,0,0,0,0,0
11138,2012,3,3,0,0,0,0,0,0,0,0
11141,2005,1,0,0,0,0,0,1,0,0,0
11142,2016,1,1,0,0,0,0,0,0,0,0
11144,2011,2,2,1,0,0,0,0,0,0,0
11147,2020,1,1,1,0,0,0,0,0,0,0
11151,2021,2,2,1,0,0,0,0,0,1,0
11157,2021,1,1,0,0,0,0,0,0,0,0
11167,2001,5,4,3,1,0,0,0,1,1,0
11167,2002,6,5,2,1,0,0,0,1,1,0
11167,2003,3,2,0,0,0,0,1,0,1,0
11167,2004,1,1,0,0,0,0,0,0,0,0
11172,2001,3,3,2,0,0,0,0,0,0,0
11172,2002,3,3,1,1,0,0,0,0,0,0
11172,2003,10,10,3,2,0,0,0,0,0,0
11172,2007,11,9,3,1,0,0,2,0,1,0
11172,2008,7,5,3,1,0,0,2,0,0,0
11172,2009,12,11,3,0,0,1,0,0,2,1
11172,2010,1,1,1,0,0,0,0,0,0,0
11172,2012,3,2,0,0,0,0,1,0,0,0
11175,2016,8,7,1,0,0,1,1,0,2,0
11179,2021,1,1,0,0,0,0,0,0,0,0
11179,2022,2,1,0,0,0,0,1,0,0,0
11192,2002,3,2,1,0,0,1,1,0,0,0
11204,2012,1,1,1,0,0,0,0,0,0,0
11204,2013,2,2,0,0,0,0,0,0,0,0
11204,2014,2,2,0,0,0,0,0,0,0,0
11204,2016,1,1,0,0,0,0,0,0,0,0
11204,2017,1,1,0,0,0,0,0,0,0,0
11204,2019,3,2,1,0,0,1,1,0,1,0
11206,2022,2,2,0,0,0,0,0,0,0,0
11217,2002,1,1,1,1,0,0,0,0,0,0
11240,2010,1,0,0,0,0,0,1,0,0,0
11242,2005,1,0,0,0,0,0,1,0,0,0
11251,2014,3,2,0,0,0,0,1,0,1,0
11251,2016,6,5,3,0,0,0,1,0,0,0
11251,2017,3,2,0,0,0,0,1,0,1,0
11251,2018,3,3,0,0,0,0,0,0,2,0
11251,2019,3,3,0,0,0,0,0,0,0,0
11256,2001,9,8,1,1,0,0,1,0,1,0
11268,2005,1,1,0,0,0,0,0,0,0,0
11285,2001,6,4,1,0,1,0,1,1,0,0
11285,2003,3,3,1,1,0,0,0,0,0,0
11285,2008,1,0,0,0,0,0,1,0,0,0
11285,2009,1,1,0,0,0,0,0,0,0,0
11298,2020,1,1,0,0,0,0,0,0,0,0
11310,2019,2,1,0,0,0,0,1,0,1,0
11325,2012,1,1,0,0,0,0,0,0,0,0
11325,2013,1,1,1,0,0,0,0,0,0,0
11325,2014,3,2,1,1,0,0,1,0,0,0
11325,2015,1,1,0,0,0,0,0,0,0,0
11325,2016,1,1,0,0,0,0,0,0,0,0
11330,2017,3,3,1,0,0,1,0,0,0,0
11336,2002,4,4,0,0,0,0,0,0,0,0
11337,2005,1,1,0,0,0,0,0,0,1,0
11337,2008,1,1,0,0,0,0,0,0,0,0
11337,2010,1,1,0,0,0,0,0,0,1,0
11340,2001,3,3,2,1,0,0,0,0,0,0
11340,2003,3,2,0,0,0,0,0,1,1,0
11340,2004,4,4,0,0,0,0,0,0,0,0
11353,2014,12,11,6,1,1,0,1,0,0,0
11354,2015,1,1,1,0,0,0,0,0,0,0
11354,2016,1,1,0,0,0,0,0,0,0,0
11354,2017,1,1,0,0,0,0,0,0,0,0
11354,2019,1,1,0,0,0,0,0,0,0,0
11354,2021,1,1,0,0,0,0,0,0,0,0
11377,2008,1,1,0,0,0,0,0,0,0,0
11377,2009,1,1,1,0,0,0,0,0,0,0
11378,2011,1,1,1,0,0,0,0,0,0,0
11386,2021,1,1,1,0,0,0,0,0,0,0
11426,2002,3,3,1,0,0,0,0,0,1,0
11426,2004,6,6,3,0,0,0,0,0,0,0
11426,2005,3,3,2,2,0,0,0,0,0,0
11426,2006,2,1,0,0,0,0,1,0,0,0
11427,2010,1,1,0,0,0,0,0,0,0,0
11428,2017,3,3,1,0,0,0,0,0,1,0
11430,2022,2,2,0,0,0,0,0,0,0,0
11437,2006,2,2,1,0,0,0,0,0,0,0
11437,2007,2,1,0,0,0,0,1,0,0,0
11438,2022,3,3,0,0,0,0,0,0,0,0
11453,2022,2,1,0,0,0,0,1,0,1,0
11459,2021,2,2,0,0,0,0,0,0,0,0
11460,2004,2,1,1,0,0,0,1,0,0,0
11460,2012,2,2,0,0,0,0,0,0,0,0
11464,2016,2,2,1,0,0,0,0,0,1,0
11466,2008,2,2,1,0,0,0,0,0,0,0
11484,2013,3,3,0,0,0,0,0,0,0,0
11484,2014,6,6,3,2,0,0,0,0,1,0
11484,2016,3,3,0,0,0,0,0,0,0,0
11484,2017,3,3,1,0,0,0,0,0,0,0
11484,2018,1,1,0,0,0,0,0,0,0,0
11489,2002,3,3,0,0,0,0,0,0,0,0
11516,2012,1,1,0,0,0,0,0,0,0,0
11516,2014,5,5,1,1,0,0,0,0,1,0
11516,2015,3,3,2,0,0,0,0,0,0,0
11516,2016,3,3,1,0,0,0,0,0,1,0
11522,2002,3,2,0,0,0,0,1,0,0,0
11522,2004,4,3,2,0,0,0,1,0,0,0
11522,2007,2,2,0,0,0,0,0,0,0,0
11524,2014,3,3,0,0,0,0,0,0,0,0
11524,2015,3,3,0,0,0,0,0,0,1,0
11524,2017,3,3,0,0,0,0,0,0,1,0
11524,2018,2,2,1,0,0,0,0,0,0,0
11531,2014,1,1,0,0,0,0,0,0,0,0
11531,2015,1,0,0,0,0,0,1,0,0,0
11531,2016,1,1,0,0,0,0,0,0,1,0
11543,2014,1,1,1,0,0,0,0,0,0,0
11558,2003,5,4,2,1,0,0,1,0,2,0
11558,2004,3,3,0,0,0,0,0,0,1,0
11558,2005,4,4,1,1,0,0,0,0,1,0
11558,2006,7,5,2,0,0,0,2,0,0,0
11558,2007,7,7,4,2,0,0,0,0,0,0
11558,2008,3,2,1,0,0,0,1,0,0,0
11568,2003,2,2,2,0,0,1,0,0,0,0
11570,2007,1,1,0,0,0,0,0,0,0,0
11577,2002,2,0,0,0,0,0,2,0,0,0
11577,2003,6,5,3,0,0,0,1,0,0,0
11577,2004,3,2,0,0,0,0,1,0,1,0
11577,2005,2,2,1,1,0,0,0,0,0,0
11577,2006,6,5,1,0,0,0,1,0,0,0
11590,2017,3,3,0,0,0,0,0,0,0,0
11590,2018,4,3,2,0,0,0,1,0,1,0
11590,2019,2,2,1,0,0,0,0,0,0,0
11590,2020,1,1,0,0,0,0,0,0,0,0
11598,2016,2,2,0,0,0,0,0,0,1,0
11598,2017,3,3,0,0,0,0,0,0,1,0
11598,2018,3,3,0,0,0,0,0,0,0,0
11602,2018,1,1,1,0,0,0,0,0,0,0
11602,2019,4,4,0,0,0,0,0,0,2,0
11602,2020,2,2,0,0,0,0,0,0,0,0
11606,2001,1,1,0,0,0,0,0,0,1,0
11607,2008,1,0,0,0,0,0,1,0,0,0
11607,2009,1,1,0,0,0,0,0,0,0,0
11607,2011,1,1,1,0,0,0,0,0,0,0
11608,2021,1,1,0,0,0,0,0,0,0,0
11617,2007,2,2,0,0,0,0,0,0,0,0
11628,2002,1,1,0,0,0,0,0,0,0,0
11628,2003,1,1,0,0,0,0,0,0,0,0
11628,2004,2,2,0,0,0,0,0,0,0,0
11642,2005,4,3,0,0,0,0,1,0,0,0
11642,2006,3,3,1,1,0,0,0,0,0,0
11642,2007,1,1,0,0,0,0,0,0,0,0
11642,2008,1,0,0,0,0,0,1,0,0,0
11644,2012,2,2,2,0,0,1,0,0,0,0
11644,2016,2,2,2,0,0,2,0,0,0,0
11644,2018,1,1,0,0,0,0,0,0,0,0
11661,2022,1,1,0,0,0,0,0,0,1,0
11663,2012,2,2,0,0,0,0,0,0,0,0
11663,2013,1,1,1,0,0,0,0,0,0,0
11663,2015,1,1,0,0,0,0,0,0,1,0
11663,2016,1,1,0,0,0,0,0,0,0,0
11664,2022,1,1,0,0,0,0,0,0,0,0
11673,2022,1,1,0,0,0,0,0,0,1,0
11684,2001,2,2,0,0,0,0,0,0,1,0
11684,2003,1,1,1,0,0,0,0,0,0,0
11688,2019,1,1,0,0,0,0,0,0,0,0
11694,2019,6,6,2,2,0,0,0,0,1,0
11694,2020,2,1,1,0,0,0,1,0,0,0
11706,2017,3,3,2,0,0,1,0,0,0,0
11709,2018,2,1,0,0,0,0,1,0,0,0
11709,2019,6,6,2,1,0,0,0,0,1,0
11709,2020,9,9,1,0,0,0,0,0,2,0
11710,2005,6,4,1,0,0,1,2,0,2,0
11711,2011,2,2,1,0,0,0,0,0,0,0
11719,2004,1,1,1,1,0,0,0,0,0,0
11719,2008,1,0,0,0,0,0,1,0,0,0
11719,2009,1,1,0,0,0,0,0,0,0,0
11723,2010,1,1,0,0,0,0,0,0,0,0
11739,2004,3,2,0,0,0,0,1,0,1,0
11739,2005,1,1,0,0,0,0,0,0,0,0
11746,2003,1,1,0,0,0,0,0,0,1,0
11746,2006,2,2,0,0,0,0,0,0,0,0
11746,2007,2,1,0,0,0,0,1,0,0,0
11746,2008,4,3,0,0,0,0,1,0,1,0
11746,2009,4,3,0,0,0,0,1,0,1,0
11746,2012,1,1,0,0,0,0,0,0,0,0
11746,2014,1,1,0,0,0,0,0,0,0,0
11749,2007,1,1,1,0,0,0,0,0,0,0
11756,2007,5,4,0,0,0,0,1,0,0,0
11762,2022,1,1,1,0,0,1,0,0,0,0
11763,2001,5,4,1,0,0,0,1,0,1,0
11763,2003,2,2,1,0,0,0,0,0,0,0
11763,2004,4,4,1,1,0,0,0,0,0,0
11768,2003,4,3,1,0,0,1,1,0,1,0
11768,2004,2,2,1,0,0,1,0,0,0,0
11768,2005,3,3,1,1,0,0,0,0,0,0
11768,2006,3,3,3,0,0,1,0,0,0,0
11768,2007,3,3,0,0,0,0,0,0,0,0
11768,2009,3,3,0,0,0,0,0,0,1,0
11773,2005,3,3,2,1,1,0,0,0,1,0
11773,2006,1,1,0,0,0,0,0,0,1,0
11773,2010,3,3,1,1,0,0,0,0,1,0
11773,2012,10,9,3,0,0,1,0,0,0,1
11773,2014,5,5,0,0,0,0,0,0,0,0
11773,2015,3,3,0,0,0,0,0,0,1,0
11773,2017,3,2,0,0,0,0,1,0,0,0
11782,2011,1,1,0,0,0,0,0,0,0,0
11782,2014,2,2,0,0,0,0,0,0,1,0
11786,2010,1,1,0,0,0,0,0,0,0,0
11801,2001,7,7,4,2,0,1,0,0,2,0
11801,2003,3,3,1,0,0,0,0,0,0,0
11801,2005,3,3,0,0,0,0,0,0,1,0
11801,2009,8,8,3,0,0,0,0,0,2,0
11801,2011,6,4,2,0,0,1,2,0,0,0
11806,2009,1,0,0,0,0,0,1,0,0,0
11814,2018,1,1,0,0,0,0,0,0,0,0
11814,2019,1,1,0,0,0,0,0,0,1,0
11824,2015,1,1,1,0,0,0,0,0,0,0
11824,2016,2,2,1,0,0,1,0,0,0,0
11826,2010,2,1,0,0,0,0,1,0,0,0
11826,2011,3,3,0,0,0,0,0,0,0,0
11829,2014,2,2,1,0,0,0,0,0,0,0
11829,2015,6,6,3,1,0,1,0,0,0,0
11831,2011,3,2,0,0,0,0,1,0,2,0
11831,2013,1,1,1,1,0,0,0,0,0,0
11831,2014,2,1,0,0,0,0,1,0,0,0
11839,2015,1,0,0,0,0,0,1,0,0,0
11839,2018,1,1,0,0,0,0,0,0,0,0
11841,2006,3,2,2,1,0,0,1,0,0,0
11841,2007,3,3,1,0,0,0,0,0,0,0
11841,2009,3,1,0,0,0,0,2,0,1,0
11841,2012,3,2,2,1,0,0,1,0,0,0
11841,2014,4,4,1,1,0,0,0,0,0,0
11841,2015,3,3,0,0,0,0,0,0,1,0
11841,2016,6,6,1,0,0,1,0,0,2,0
11841,2017,6,5,0,0,0,0,1,0,0,0
11841,2018,10,10,3,0,0,1,0,0,1,0
11841,2019,12,11,1,0,0,0,1,0,2,0
11844,2015,1,1,0,0,0,0,0,0,0,0
11848,2022,1,1,1,0,0,0,0,0,0,0
11862,2012,2,2,0,0,0,0,0,0,0,0
11862,2013,1,1,1,0,0,0,0,0,0,0
11863,2006,7,7,2,0,0,1,0,0,0,0
11863,2007,9,8,4,1,0,1,1,0,0,0
11863,2008,6,5,2,1,0,0,1,0,0,0
11863,2009,4,3,0,0,0,0,1,0,0,0
11863,2010,2,2,0,0,0,0,0,0,1,0
11863,2012,3,3,1,1,0,0,0,0,1,0
11863,2013,1,1,1,0,0,1,0,0,0,0
11873,2003,3,2,0,0,0,0,1,0,2,0
11873,2006,3,3,0,0,0,0,0,0,1,0
11873,2008,2,2,1,0,0,1,0,0,0,0
11875,2001,8,7,1,0,0,0,1,0,4,0
11875,2002,5,5,1,0,0,0,0,0,0,0
11875,2004,1,1,0,0,0,0,0,0,0,0
11875,2005,2,2,0,0,0,0,0,0,0,0
11878,2016,5,5,2,1,0,1,0,0,1,0
11878,2017,3,3,1,1,0,0,0,0,0,0
11878,2018,2,2,1,0,0,0,0,0,0,0
11882,2001,1,1,0,0,0,0,0,0,0,0
11893,2017,2,2,0,0,0,0,0,0,1,0
11895,2002,5,3,0,0,0,0,2,0,0,0
11895,2003,4,4,0,0,0,0,0,0,2,0
11895,2004,1,1,0,0,0,0,0,0,0,0
11895,2008,2,2,1,0,0,0,0,0,0,0
11895,2009,1,1,1,0,0,0,0,0,0,0
11899,2004,10,6,2,0,0,0,2,1,0,1
11899,2005,7,7,3,0,0,1,0,0,0,0
11899,2011,3,2,1,0,0,0,1,0,0,0
11899,2012,4,4,0,0,0,0,0,0,0,0
11904,2008,6,4,1,0,0,1,2,0,0,0
11904,2009,5,3,2,1,0,1,2,0,0,0
11904,2011,3,3,1,0,0,0,0,0,1,0
11904,2016,3,2,1,0,0,0,1,0,0,0
11904,2019,2,0,0,0,0,0,2,0,0,0
11905,2008,3,2,0,0,0,0,1,0,0,0
11905,2009,3,2,1,0,0,0,1,0,0,0
11905,2010,4,3,0,0,0,0,1,0,1,0
11905,2011,3,1,0,0,0,0,2,0,0,0
11905,2017,2,2,1,0,0,0,0,0,0,0
11905,2018,3,3,1,0,0,0,0,0,0,0
11911,2021,1,1,0,0,0,0,0,0,0,0
11913,2002,2,2,2,2,0,0,0,0,0,0
11917,2019,2,1,0,0,0,0,1,0,0,0
11922,2008,1,0,0,0,0,0,1,0,0,0
11927,2005,3,2,2,0,0,0,1,0,0,0
11927,2008,1,1,0,0,0,0,0,0,0,0
11929,2001,3,3,1,0,0,0,0,0,1,0
11929,2002,6,6,2,0,0,0,0,0,2,0
11929,2003,9,8,1,0,0,0,1,0,0,0
11929,2004,1,1,0,0,0,0,0,0,0,0
11929,2005,1,1,1,0,0,0,0,0,0,0
11929,2006,1,1,1,0,0,0,0,0,0,0
11929,2007,1,1,0,0,0,0,0,0,1,0
11929,2010,2,2,0,0,0,0,0,0,0,0
11937,2004,6,6,2,1,0,0,0,0,0,0
11937,2005,5,5,3,0,0,1,0,0,0,0
11942,2013,4,4,1,0,0,0,0,0,0,0
11942,2016,3,3,0,0,0,0,0,0,1,0
11942,2021,3,3,0,0,0,0,0,0,0,0
11949,2003,3,3,0,0,0,0,0,0,0,0
11949,2005,3,2,0,0,0,0,1,0,1,0
11957,2018,1,1,0,0,0,0,0,0,0,0
11957,2019,3,2,1,0,0,0,0,1,0,0
11976,2003,1,1,1,0,0,0,0,0,0,0
11981,2004,1,1,0,0,0,0,0,0,0,0
11981,2008,2,2,1,0,0,0,0,0,0,0
11981,2009,1,0,0,0,0,0,1,0,0,0
11982,2015,9,8,1,0,0,0,0,1,1,0
11982,2016,6,5,2,0,0,1,0,0,1,1
11987,2001,2,2,1,1,0,0,0,0,0,0
12002,2003,2,1,0,0,0,0,1,0,0,0
12002,2006,2,2,1,0,0,0,0,0,0,0
12023,2005,3,3,2,1,0,0,0,0,0,0
12023,2016,3,3,2,0,0,0,0,0,0,0
12024,2019,3,3,0,0,0,0,0,0,0,0
12046,2014,2,2,1,0,0,0,0,0,0,0
12046,2015,4,3,0,0,0,0,1,0,0,0
12046,2016,1,1,1,0,0,0,0,0,0,0
12047,2021,1,1,0,0,0,0,0,0,0,0
12048,2021,1,1,0,0,0,0,0,0,0,0
12053,2001,2,2,0,0,0,0,0,0,0,0
12053,2007,1,0,0,0,0,0,1,0,0,0
12085,2011,2,1,0,0,0,0,1,0,0,0
12085,2016,2,2,2,0,0,1,0,0,0,0
12089,2001,1,0,0,0,0,0,1,0,0,0
12089,2002,2,1,1,0,0,1,1,0,0,0
12089,2003,4,4,3,1,0,0,0,0,0,0
12089,2004,1,1,0,0,0,0,0,0,0,0
12089,2005,4,4,1,0,0,0,0,0,0,0
12089,2006,3,3,2,1,0,1,0,0,0,0
12089,2007,1,1,1,1,0,0,0,0,0,0
12089,2008,2,2,1,0,0,0,0,0,0,0
12089,2009,5,4,2,0,0,2,1,0,0,0
12094,2004,3,3,1,1,0,0,0,0,1,0
12094,2009,2,2,1,0,0,0,0,0,1,0
12094,2010,1,0,0,0,0,0,1,0,0,0
12095,2007,2,1,1,0,0,1,1,0,0,0
12095,2010,3,2,0,0,0,0,1,0,0,0
12099,2003,3,3,1,0,0,0,0,0,1,0
12099,2004,1,1,0,0,0,0,0,0,0,0
12099,2005,8,7,2,1,0,0,1,0,1,0
12099,2006,4,4,0,0,0,0,0,0,0,0
12099,2007,6,6,2,0,0,0,0,0,0,0
12099,2008,4,2,0,0,0,0,2,0,1,0
12100,2014,2,2,0,0,0,0,0,0,0,0
12104,2021,4,4,0,0,0,0,0,0,0,0
12105,2009,1,1,0,0,0,0,0,0,0,0
12105,2010,2,1,0,0,0,0,1,0,0,0
12105,2011,1,1,0,0,0,0,0,0,0,0
12105,2014,2,2,2,0,0,0,0,0,0,0
12106,2019,1,1,1,0,0,0,0,0,0,0
12107,2002,1,1,0,0,0,0,0,0,0,0
12109,2019,1,1,0,0,0,0,0,0,0,0
12111,2014,6,4,2,0,0,0,2,0,1,0
12111,2015,3,2,0,0,0,0,1,0,1,0
12143,2001,3,3,2,1,0,0,0,0,0,0
12143,2004,3,3,1,0,0,0,0,0,0,0
12143,2005,3,3,0,0,0,0,0,0,0,0
12143,2007,3,3,2,1,0,0,0,0,0,0
12146,2001,3,3,0,0,0,0,0,0,1,0
12146,2002,10,9,3,0,0,1,0,0,1,1
12146,2003,10,9,3,1,0,2,0,1,3,0
12146,2004,7,5,2,1,0,1,1,1,0,0
12146,2005,7,5,1,0,0,0,1,1,2,0
12146,2008,3,3,1,0,0,0,0,0,1,0
12146,2009,3,2,0,0,0,0,1,0,1,0
12147,2008,1,1,0,0,0,0,0,0,0,0
12147,2009,3,3,0,0,0,0,0,0,0,0
12147,2010,4,4,1,0,0,0,0,0,0,0
12147,2011,10,9,2,1,0,1,1,0,1,0
12149,2003,1,0,0,0,0,0,1,0,0,0
12149,2004,1,1,0,0,0,0,0,0,0,0
12149,2005,2,2,1,0,0,0,0,0,0,0
12149,2006,1,0,0,0,0,0,1,0,0,0
12156,2004,1,1,0,0,0,0,0,0,0,0
12172,2001,2,2,0,0,0,0,0,0,1,0
12172,2006,3,3,0,0,0,0,0,0,1,0
12177,2009,3,2,2,1,0,0,0,0,0,1
12182,2003,1,0,0,0,0,0,1,0,0,0
12182,2004,1,1,1,0,0,0,0,0,0,0
12182,2005,5,5,3,1,0,0,0,0,1,0
12182,2006,6,4,1,0,0,0,2,0,0,0
12182,2007,2,1,1,0,0,1,1,0,0,0
12195,2012,3,3,1,1,0,0,0,0,0,0
12216,2002,4,3,0,0,0,0,1,0,0,0
12216,2003,1,1,1,0,0,1,0,0,0,0
12216,2004,1,1,0,0,0,0,0,0,0,0
12220,2021,1,1,0,0,0,0,0,0,0,0
12226,2005,2,0,0,0,0,0,1,0,0,1
12227,2022,3,2,1,0,0,1,1,0,1,0
12232,2001,2,2,1,0,0,0,0,0,0,0
12232,2002,1,1,1,1,0,0,0,0,0,0
12232,2005,4,1,0,0,0,0,2,0,0,1
12232,2006,1,1,1,0,0,1,0,0,0,0
12235,2010,1,1,1,0,0,0,0,0,0,0
12242,2001,2,2,0,0,0,0,0,0,0,0
12242,2006,1,1,0,0,0,0,0,0,0,0
12242,2007,1,1,0,0,0,0,0,0,0,0
12247,2022,2,2,0,0,0,0,0,0,1,0
12248,2022,1,1,1,0,0,0,0,0,0,0
12254,2015,2,2,0,0,0,0,0,0,0,0
12271,2012,7,6,1,1,0,0,1,0,1,0
12271,2013,4,4,1,0,0,1,0,0,0,0
12271,2014,4,4,1,1,0,0,0,0,1,0
12271,2015,2,2,0,0,0,0,0,0,0,0
12271,2016,5,5,0,0,0,0,0,0,0,0
12282,2019,1,1,0,0,0,0,0,0,0,0
12302,2001,6,6,1,1,0,0,0,0,0,0
12302,2005,12,12,5,1,0,2,0,0,2,0
12302,2006,5,4,2,0,0,1,1,0,0,0
12303,2003,4,4,1,1,0,0,0,0,1,0
12303,2005,3,3,1,1,0,0,0,0,0,0
12303,2006,6,5,1,0,0,0,1,0,0,0
12303,2007,3,2,2,1,0,0,1,0,0,0
12303,2010,3,3,2,0,0,2,0,0,1,0
12304,2022,1,0,0,0,0,0,1,0,0,0
12321,2003,7,7,0,0,0,0,0,0,1,0
12321,2004,1,1,0,0,0,0,0,0,0,0
12321,2005,3,3,1,0,0,1,0,0,0,0
12321,2006,3,3,2,1,0,1,0,0,1,0
12321,2014,7,6,2,0,0,0,1,0,1,0
12335,2001,1,1,0,0,0,0,0,0,0,0
12335,2002,2,1,0,0,0,0,1,0,0,0
12335,2003,2,2,1,0,0,0,0,0,0,0
12346,2005,3,2,0,0,0,0,1,0,0,0
12351,2002,4,4,1,0,0,0,0,0,1,0
12351,2003,2,2,1,0,0,0,0,0,0,0
12351,2005,1,1,0,0,0,0,0,0,1,0
12351,2006,3,3,1,0,0,0,0,0,2,0
12354,2019,3,2,1,0,0,0,1,0,0,0
12355,2020,1,1,1,0,0,0,0,0,0,0
12358,2005,3,3,1,0,0,1,0,0,0,0
12358,2006,4,2,2,1,0,0,2,0,0,0
12358,2007,7,6,4,1,0,0,1,0,0,0
12361,2014,1,1,0,0,0,0,0,0,0,0
12361,2015,2,2,0,0,0,0,0,0,0,0
12361,2016,2,2,0,0,0,0,0,0,0,0
12361,2018,1,1,0,0,0,0,0,0,0,0
12361,2019,2,2,0,0,0,0,0,0,0,0
12362,2006,1,1,0,0,0,0,0,0,0,0
12362,2009,1,1,1,0,0,0,0,0,0,0
12362,2010,2,2,1,0,0,0,0,0,0,0
12362,2014,1,1,1,0,0,1,0,0,0,0
12364,2022,3,3,0,0,0,0,0,0,1,0
12382,2013,1,1,0,0,0,0,0,0,0,0
12382,2015,1,1,1,0,0,0,0,0,0,0
12382,2017,1,1,0,0,0,0,0,0,0,0
12382,2022,1,1,0,0,0,0,0,0,0,0
12385,2001,3,2,1,0,0,0,1,0,1,0
12385,2003,2,2,0,0,0,0,0,0,0,0
12391,2003,9,9,4,1,0,2,0,0,1,0
12391,2004,7,6,4,0,0,1,1,0,0,0
12395,2022,1,0,0,0,0,0,1,0,0,0
12405,2017,1,1,0,0,0,0,0,0,0,0
12408,2001,1,1,1,0,0,0,0,0,0,0
12433,2004,2,2,0,0,0,0,0,0,2,0
12433,2005,3,3,0,0,0,0,0,0,1,0
12433,2006,2,1,0,0,0,0,1,0,0,0
12433,2007,4,4,3,0,0,0,0,0,0,0
12437,2003,3,2,0,0,0,0,1,0,0,0
12437,2005,4,4,2,0,0,1,0,0,1,0
12442,2001,3,2,1,1,0,0,1,0,0,0
12446,2017,1,1,0,0,0,0,0,0,0,0
12446,2019,1,1,0,0,0,0,0,0,0,0
12450,2001,2,2,2,0,0,0,0,0,0,0
12460,2002,4,4,1,0,0,0,0,0,1,0
12460,2004,3,2,1,0,0,0,0,0,0,1
12460,2007,3,2,1,0,0,0,0,1,0,0
12460,2008,6,6,2,1,0,0,0,0,0,0
12460,2009,3,2,0,0,0,0,1,0,0,0
12460,2010,15,13,4,1,0,2,1,0,0,1
12460,2011,15,13,3,1,0,1,0,0,2,2
12460,2015,3,3,1,0,0,0,0,0,0,0
12472,2018,3,2,1,0,0,1,1,0,1,0
12472,2020,1,1,0,0,0,0,0,0,0,0
12472,2021,9,9,2,1,0,0,0,0,0,0
12476,2011,1,1,0,0,0,0,0,0,0,0
12477,2019,3,3,0,0,0,0,0,0,1,0
12477,2022,4,3,1,0,0,0,1,0,0,0
12483,2018,1,1,0,0,0,0,0,0,0,0
12483,2019,1,1,0,0,0,0,0,0,0,0
12492,2001,9,6,3,0,0,1,3,0,1,0
12492,2002,13,13,3,0,0,1,0,0,0,0
12492,2003,12,8,3,1,0,1,3,1,2,0
12492,2004,5,5,1,0,0,0,0,0,1,0
12492,2005,2,2,1,0,0,0,0,0,0,0
12492,2007,1,1,0,0,0,0,0,0,0,0
12492,2008,3,3,1,1,0,0,0,0,0,0
12492,2011,2,1,1,0,0,0,0,1,0,0
12494,2005,1,1,0,0,0,0,0,0,0,0
12494,2006,4,3,2,0,0,1,1,0,0,0
12497,2001,1,1,0,0,0,0,0,0,1,0
12502,2010,3,3,1,0,0,0,0,0,0,0
12502,2011,6,6,1,0,0,1,0,0,1,0
12502,2013,3,3,2,0,0,1,0,0,0,0
12508,2014,4,4,2,0,0,1,0,0,0,0
12508,2018,1,1,0,0,0,0,0,0,0,0
12508,2019,2,2,1,0,0,0,0,0,1,0
12510,2011,3,3,3,0,0,0,0,0,0,0
12510,2016,1,1,0,0,0,0,0,0,0,0
12510,2017,2,2,0,0,0,0,0,0,0,0
12513,2001,1,1,1,0,0,0,0,0,0,0
12513,2002,2,1,0,0,0,0,1,0,0,0
12513,2004,2,2,1,1,0,0,0,0,0,0
12513,2005,1,1,0,0,0,0,0,0,1,0
12526,2001,10,8,5,2,1,1,2,0,0,0
12526,2002,3,3,0,0,0,0,0,0,1,0
12526,2005,6,4,2,0,0,0,1,1,0,0
12526,2006,5,5,1,1,0,0,0,0,1,0
12526,2009,2,2,1,0,0,1,0,0,1,0
12526,2012,1,1,0,0,0,0,0,0,0,0
12527,2004,3,3,0,0,0,0,0,0,1,0
12532,2015,3,3,1,1,0,0,0,0,0,0
12532,2016,6,4,0,0,0,0,2,0,2,0
12532,2018,1,1,0,0,0,0,0,0,0,0
12536,2015,6,5,2,1,0,1,1,0,0,0
12536,2016,6,4,2,1,0,0,2,0,0,0
12537,2009,2,2,2,0,0,1,0,0,0,0
12537,2013,1,1,0,0,0,0,0,0,0,0
12540,2005,4,4,2,0,0,1,0,0,0,0
12540,2006,6,5,2,0,0,0,1,0,0,0
12540,2007,7,5,2,0,0,0,2,0,1,0
12540,2008,1,0,0,0,0,0,1,0,0,0
12541,2001,1,1,0,0,0,0,0,0,0,0
12541,2005,1,1,0,0,0,0,0,0,0,0
12550,2008,3,3,0,0,0,0,0,0,1,0
12552,2019,2,2,0,0,0,0,0,0,1,0
12552,2022,1,1,1,0,0,0,0,0,0,0
12560,2021,3,3,1,0,0,1,0,0,0,0
12561,2018,5,4,3,1,0,0,1,0,1,0
12561,2019,6,5,3,1,0,2,1,0,0,0
12567,2014,1,1,0,0,0,0,0,0,0,0
12567,2016,1,1,0,0,0,0,0,0,0,0
12567,2018,1,1,0,0,0,0,0,0,1,0
12568,2006,1,1,0,0,0,0,0,0,0,0
12568,2007,2,1,0,0,0,0,1,0,0,0
12568,2008,1,0,0,0,0,0,1,0,0,0
12568,2009,2,2,0,0,0,0,0,0,0,0
12576,2019,2,2,1,0,0,0,0,0,0,0
12578,2016,1,0,0,0,0,0,1,0,0,0
12578,2017,1,0,0,0,0,0,1,0,0,0
12584,2001,1,1,1,0,0,0,0,0,0,0
12584,2002,7,7,2,1,0,0,0,0,2,0
12590,2007,4,3,1,0,0,0,1,0,0,0
12592,2020,2,2,1,0,0,0,0,0,0,0
12592,2021,5,5,3,0,0,2,0,0,0,0
12597,2006,3,3,1,0,0,0,0,0,1,0
12597,2007,6,4,0,0,0,0,1,0,0,1
12597,2008,2,2,1,0,0,0,0,0,0,0
12597,2010,2,2,0,0,0,0,0,0,1,0
12597,2014,6,6,2,0,0,1,0,0,2,0
12597,2016,4,4,0,0,0,0,0,0,0,0
12597,2017,1,1,1,0,0,0,0,0,0,0
12633,2002,3,3,2,1,0,1,0,0,0,0
12633,2003,14,11,2,0,0,0,3,0,2,0
12633,2004,7,5,0,0,0,0,2,0,2,0
12633,2005,15,15,4,1,0,1,0,0,3,0
12633,2006,6,4,0,0,0,0,1,0,1,1
12633,2007,9,9,3,0,0,2,0,0,1,0
12633,2008,8,7,3,0,0,1,1,0,2,0
12633,2009,10,7,2,2,0,0,2,0,1,1
12633,2010,6,5,2,1,0,0,1,0,0,0
12633,2011,6,5,3,1,0,0,1,0,1,0
12635,2005,1,0,0,0,0,0,1,0,0,0
12644,2009,1,1,0,0,0,0,0,0,0,0
12650,2014,1,1,1,0,0,0,0,0,0,0
12653,2002,2,2,1,0,0,0,0,0,0,0
12653,2003,2,1,0,0,0,0,0,0,0,1
12656,2010,1,0,0,0,0,0,1,0,0,0
12656,2012,1,1,0,0,0,0,0,0,0,0
12656,2016,1,1,1,0,0,0,0,0,0,0
12656,2017,1,1,0,0,0,0,0,0,0,0
12663,2009,3,3,3,1,0,1,0,0,0,0
12663,2010,2,2,1,0,0,1,0,0,0,0
12663,2011,3,2,0,0,0,0,1,0,1,0
12663,2017,3,3,0,0,0,0,0,0,1,0
12663,2019,2,2,0,0,0,0,0,0,0,0
12671,2004,3,2,1,0,0,0,0,0,0,1
12671,2007,3,2,1,0,0,0,1,0,1,0
12671,2008,3,3,2,1,0,1,0,0,0,0
12671,2009,7,3,1,0,0,1,4,0,2,0
12671,2010,5,5,1,0,0,0,0,0,1,0
12671,2011,3,3,0,0,0,0,0,0,0,0
12671,2012,3,2,2,0,0,1,1,0,0,0
12671,2015,2,1,0,0,0,0,1,0,0,0
12679,2006,1,1,0,0,0,0,0,0,1,0
12679,2009,1,1,0,0,0,0,0,0,0,0
12685,2015,2,2,0,0,0,0,0,0,0,0
12685,2016,1,1,0,0,0,0,0,0,1,0
12685,2017,4,4,3,1,0,0,0,0,0,0
