0,2007,1,1,0,0,0,0,0,0,1,0
0,2008,1,1,0,0,0,0,0,0,0,0
9,1991,9,9,3,1,0,0,0,0,1,0
9,1992,3,3,1,0,0,0,0,0,0,0
9,1993,9,8,3,1,0,0,0,0,2,0
9,1995,3,3,0,0,0,0,0,0,0,0
9,1996,8,7,2,1,0,0,0,0,0,1
11,1991,3,3,1,0,0,0,0,0,0,0
13,1992,1,1,0,0,0,0,0,0,0,0
13,1998,2,2,0,0,0,0,0,0,0,0
13,1999,4,4,2,0,0,1,0,0,0,0
13,2000,6,5,1,1,0,0,1,0,2,0
13,2001,4,4,3,2,0,0,0,0,0,0
13,2002,3,3,0,0,0,0,0,0,0,0
28,2006,1,1,1,1,0,0,0,0,0,0
28,2007,1,1,0,0,0,0,0,0,0,0
30,2006,1,1,1,0,0,0,0,0,0,0
30,2007,1,1,1,0,0,0,0,0,0,0
30,2008,1,1,0,0,0,0,0,0,0,0
30,2011,1,1,0,0,0,0,0,0,0,0
36,1991,1,1,0,0,0,0,0,0,0,0
41,2010,2,1,0,0,0,0,1,0,0,0
43,1994,2,2,0,0,0,0,0,0,0,0
43,1995,1,1,0,0,0,0,0,0,0,0
56,1997,6,6,0,0,0,0,0,0,1,0
68,2000,1,1,1,0,0,1,0,0,0,0
68,2003,3,2,0,0,0,0,1,0,1,0
70,1997,1,1,0,0,0,0,0,0,0,0
79,2004,4,4,1,0,0,0,0,0,1,0
86,2004,6,6,2,0,0,0,0,0,2,0
86,2005,2,2,0,0,0,0,0,0,0,0
86,2006,4,4,1,0,0,0,0,0,0,0
86,2009,1,1,0,0,0,0,0,0,0,0
98,1992,2,2,1,0,0,1,0,0,0,0
98,1993,3,3,2,0,0,1,0,0,0,0
98,1994,1,1,0,0,0,0,0,0,0,0
98,1996,7,7,3,1,0,0,0,0,0,0
98,1997,2,1,1,0,0,0,1,0,0,0
98,1998,1,1,1,1,0,0,0,0,0,0
100,1995,3,3,2,0,0,0,0,0,0,0
104,2003,3,3,0,0,0,0,0,0,0,0
111,2008,1,0,0,0,0,0,1,0,0,0
116,2009,1,1,0,0,0,0,0,0,0,0
116,2010,1,1,0,0,0,0,0,0,0,0
134,1996,6,6,1,1,0,0,0,0,1,0
134,1997,6,6,2,1,0,1,0,0,0,0
134,1999,1,1,1,0,0,0,0,0,0,0
148,2003,1,1,1,0,0,0,0,0,0,0
148,2006,1,1,0,0,0,0,0,0,0,0
148,2007,1,1,0,0,0,0,0,0,0,0
186,1997,1,1,0,0,0,0,0,0,0,0
186,1998,1,1,0,0,0,0,0,0,0,0
186,2002,1,1,0,0,0,0,0,0,0,0
186,2004,3,3,0,0,0,0,0,0,1,0
191,2003,2,2,1,0,0,1,0,0,0,0
192,2003,1,1,0,0,0,0,0,0,1,0
238,2003,1,1,0,0,0,0,0,0,0,0
239,1991,2,2,1,0,0,1,0,0,0,0
239,1992,3,1,1,0,0,0,2,0,0,0
239,1994,3,3,1,0,0,0,0,0,0,0
239,1995,9,9,3,0,0,1,0,0,1,0
239,1996,8,7,1,0,0,0,1,0,2,0
239,1997,7,7,2,2,0,0,0,0,0,0
239,2002,3,3,2,0,0,1,0,0,1,0
239,2003,3,3,0,0,0,0,0,0,1,0
259,1991,3,3,2,1,0,0,0,0,0,0
261,1994,3,3,3,2,0,0,0,0,0,0
261,1995,4,4,0,0,0,0,0,0,1,0
261,1996,6,4,2,0,0,0,2,0,0,0
261,1998,2,2,1,0,0,0,0,0,0,0
261,2000,6,6,1,0,0,0,0,0,1,0
261,2004,11,9,6,2,0,0,2,0,0,0
261,2005,4,4,2,1,0,0,0,0,0,0
280,2002,3,3,0,0,0,0,0,0,0,0
281,2003,1,1,0,0,0,0,0,0,1,0
281,2005,1,1,1,0,1,0,0,0,0,0
290,1998,1,1,0,0,0,0,0,0,0,0
290,1999,2,2,0,0,0,0,0,0,0,0
290,2000,1,1,0,0,0,0,0,0,1,0
296,1995,1,1,0,0,0,0,0,0,0,0
313,2006,2,2,0,0,0,0,0,0,0,0
315,1996,7,7,2,1,0,1,0,0,0,0
333,1991,3,3,0,0,0,0,0,0,0,0
333,1992,2,2,1,0,0,0,0,0,0,0
333,1993,6,6,1,0,0,0,0,0,3,0
333,1994,6,6,3,1,0,1,0,0,2,0
333,1995,10,9,4,2,0,0,1,0,1,0
333,1996,7,7,2,0,0,0,0,0,0,0
333,1997,11,9,2,0,0,1,2,0,3,0
333,1999,2,2,1,1,0,0,0,0,0,0
333,2000,8,8,3,0,0,1,0,0,2,0
333,2002,5,4,3,0,0,1,1,0,0,0
333,2003,3,3,1,0,0,1,0,0,1,0
337,1991,2,2,0,0,0,0,0,0,0,0
337,1992,1,1,0,0,0,0,0,0,0,0
367,1992,6,6,0,0,0,0,0,0,3,0
372,1999,1,1,0,0,0,0,0,0,0,0
380,2008,1,1,0,0,0,0,0,0,0,0
382,2010,3,2,1,0,0,0,1,0,0,0
384,2004,3,3,0,0,0,0,0,0,2,0
384,2005,3,3,1,0,0,0,0,0,0,0
384,2009,3,3,0,0,0,0,0,0,0,0
384,2010,3,3,0,0,0,0,0,0,0,0
388,1998,3,3,0,0,0,0,0,0,1,0
388,1999,6,5,1,1,0,0,1,0,2,0
388,2001,3,3,1,0,0,0,0,0,0,0
393,2009,1,1,0,0,0,0,0,0,1,0
397,1997,3,3,0,0,0,0,0,0,0,0
397,1999,4,4,0,0,0,0,0,0,0,0
410,1995,1,1,1,0,0,1,0,0,0,0
410,1996,2,2,0,0,0,0,0,0,0,0
410,1997,2,2,1,0,0,0,0,0,1,0
410,1999,1,1,1,0,0,0,0,0,0,0
412,1998,3,3,1,1,0,0,0,0,1,0
412,1999,3,3,1,0,0,0,0,0,0,0
412,2000,3,2,0,0,0,0,1,0,1,0
412,2001,4,4,3,0,0,1,0,0,0,0
412,2005,3,3,0,0,0,0,0,0,0,0
417,2004,2,2,0,0,0,0,0,0,0,0
428,1991,3,3,2,0,0,0,0,0,0,0
437,1992,3,3,1,0,0,0,0,0,1,0
437,1993,2,2,1,0,0,0,0,0,0,0
438,2003,1,1,1,1,0,0,0,0,0,0
446,1997,5,3,1,0,0,0,1,0,2,1
456,2010,1,1,0,0,0,0,0,0,1,0
458,1994,2,1,0,0,0,0,1,0,1,0
458,1995,5,5,1,1,0,0,0,0,0,0
458,1996,5,5,1,0,0,0,0,0,0,0
458,1997,7,5,0,0,0,0,1,0,1,1
458,1998,2,1,1,1,0,0,1,0,0,0
459,2003,4,4,1,0,0,0,0,0,0,0
475,2003,3,1,1,0,0,0,2,0,0,0
475,2004,3,3,0,0,0,0,0,0,2,0
475,2007,2,2,0,0,0,0,0,0,0,0
479,2010,4,4,1,0,0,0,0,0,0,0
479,2011,2,1,0,0,0,0,1,0,0,0
482,2007,2,2,0,0,0,0,0,0,0,0
482,2008,3,3,1,0,0,0,0,0,0,0
485,2001,1,1,0,0,0,0,0,0,0,0
485,2004,1,0,0,0,0,0,0,1,0,0
485,2005,1,1,1,0,0,0,0,0,0,0
485,2007,1,1,0,0,0,0,0,0,1,0
485,2010,3,2,0,0,0,0,1,0,0,0
485,2011,2,2,1,0,0,0,0,0,0,0
494,2009,1,1,0,0,0,0,0,0,0,0
498,2001,2,1,0,0,0,0,1,0,0,0
506,1991,2,2,1,0,0,0,0,0,0,0
528,2005,2,2,0,0,0,0,0,0,1,0
528,2006,6,6,1,0,0,0,0,0,0,0
528,2007,6,6,0,0,0,0,0,0,1,0
528,2008,5,4,1,0,0,0,1,0,0,0
528,2009,9,8,6,3,0,0,1,0,1,0
541,1995,2,1,1,0,0,0,1,0,0,0
541,1996,6,6,1,1,0,0,0,0,0,0
541,1997,4,4,1,0,0,0,0,0,0,0
541,1998,3,3,2,1,0,0,0,0,0,0
541,1999,6,6,0,0,0,0,0,0,1,0
541,2000,4,4,2,1,0,0,0,0,0,0
541,2002,5,5,1,0,0,0,0,0,2,0
541,2005,2,2,1,0,0,0,0,0,0,0
547,2007,1,1,0,0,0,0,0,0,0,0
550,2004,3,3,0,0,0,0,0,0,1,0
550,2007,1,1,0,0,0,0,0,0,1,0
550,2008,1,1,0,0,0,0,0,0,0,0
569,1991,2,2,1,0,0,0,0,0,0,0
569,1995,2,2,2,0,0,0,0,0,0,0
571,1992,2,1,1,1,0,0,1,0,0,0
571,1993,4,4,0,0,0,0,0,0,2,0
571,1998,4,4,3,2,0,0,0,0,0,0
571,2002,1,1,0,0,0,0,0,0,0,0
574,2007,6,5,0,0,0,0,0,0,0,0
574,2008,2,2,0,0,0,0,0,0,1,0
574,2010,2,2,1,0,0,0,0,0,0,0
580,1998,2,1,0,0,0,0,1,0,0,0
584,1999,2,2,2,0,0,1,0,0,0,0
673,1992,2,2,0,0,0,0,0,0,0,0
681,2008,2,2,2,0,0,0,0,0,0,0
698,2000,3,3,1,0,0,0,0,0,0,0
698,2003,7,6,1,0,0,0,1,0,2,0
698,2004,3,3,1,1,0,0,0,0,1,0
698,2005,1,1,0,0,0,0,0,0,0,0
698,2007,6,6,2,0,0,0,0,0,2,0
698,2008,2,2,0,0,0,0,0,0,0,0
710,2002,3,2,1,0,0,1,1,0,0,0
710,2005,1,1,0,0,0,0,0,0,0,0
710,2006,2,2,1,0,0,0,0,0,0,0
719,2006,3,1,0,0,0,0,2,0,0,0
723,1997,2,2,0,0,0,0,0,0,0,0
729,2006,1,0,0,0,0,0,1,0,0,0
733,2010,2,1,0,0,0,0,1,0,1,0
733,2011,2,1,0,0,0,0,1,0,1,0
752,2011,1,1,0,0,0,0,0,0,0,0
764,1997,2,2,1,1,0,0,0,0,0,0
764,2001,2,2,0,0,0,0,0,0,1,0
771,2004,3,3,2,0,0,0,0,0,1,0
771,2005,3,2,1,1,0,0,0,0,1,1
771,2008,2,2,1,0,0,0,0,0,0,0
775,1991,1,1,0,0,0,0,0,0,0,0
786,2005,1,1,0,0,0,0,0,0,0,0
786,2009,1,1,1,0,0,0,0,0,0,0
786,2010,1,1,0,0,0,0,0,0,0,0
790,1993,6,5,1,1,0,0,0,0,0,1
790,1994,11,10,3,3,0,0,1,0,1,0
790,1995,5,4,3,1,0,0,1,0,0,0
790,1996,4,4,1,0,0,0,0,0,0,0
790,1997,7,6,4,3,0,0,1,0,0,0
790,1999,2,2,1,0,0,0,0,0,0,0
794,2010,2,2,1,0,0,0,0,0,1,0
795,2009,2,2,2,0,0,0,0,0,0,0
796,1994,1,1,0,0,0,0,0,0,0,0
796,1995,5,4,0,0,0,0,0,1,0,0
796,2000,2,2,0,0,0,0,0,0,1,0
812,2008,1,1,1,0,0,1,0,0,0,0
812,2009,1,0,0,0,0,0,1,0,0,0
825,2003,3,2,0,0,0,0,1,0,0,0
825,2004,4,4,1,1,0,0,0,0,0,0
845,1995,4,4,0,0,0,0,0,0,0,0
845,1998,3,3,1,0,0,0,0,0,1,0
845,1999,7,7,2,1,0,0,0,0,0,0
848,1997,2,2,1,0,0,0,0,0,1,0
848,1998,4,4,2,0,0,1,0,0,2,0
848,2003,3,2,0,0,0,0,1,0,0,0
856,1996,1,1,0,0,0,0,0,0,0,0
859,2009,3,2,1,0,0,0,0,0,1,1
861,2004,6,6,1,0,0,1,0,0,1,0
861,2006,3,3,2,0,0,0,0,0,0,0
861,2007,1,1,0,0,0,0,0,0,0,0
861,2008,1,0,0,0,0,0,1,0,0,0
863,2006,4,3,1,1,0,0,0,0,0,0
871,1992,1,1,0,0,0,0,0,0,1,0
872,1993,5,5,1,0,0,0,0,0,1,0
872,1994,3,3,0,0,0,0,0,0,1,0
872,1995,3,2,0,0,0,0,0,0,0,1
872,1996,3,3,1,0,0,1,0,0,1,0
872,1997,3,3,0,0,0,0,0,0,1,0
872,2002,3,3,0,0,0,0,0,0,1,0
875,2010,4,4,0,0,0,0,0,0,0,0
881,2010,1,1,0,0,0,0,0,0,1,0
884,1993,1,1,0,0,0,0,0,0,0,0
884,1995,6,6,3,0,0,1,0,0,0,0
884,1997,2,2,0,0,0,0,0,0,0,0
887,2010,1,1,0,0,0,0,0,0,0,0
890,2002,1,1,0,0,0,0,0,0,0,0
890,2003,1,1,1,0,0,0,0,0,0,0
890,2004,2,2,1,0,0,0,0,0,0,0
920,2004,5,5,1,0,0,0,0,0,2,0
920,2005,3,3,1,0,0,1,0,0,2,0
920,2006,2,2,1,0,0,0,0,0,0,0
920,2007,6,6,0,0,0,0,0,0,3,0
920,2010,2,1,0,0,0,0,0,0,1,1
932,2002,1,1,0,0,0,0,0,0,1,0
933,1998,2,1,0,0,0,0,1,0,0,0
945,2001,1,1,0,0,0,0,0,0,0,0
945,2002,1,1,1,1,0,0,0,0,0,0
945,2003,2,2,1,1,0,0,0,0,0,0
949,1995,2,2,1,0,0,0,0,0,0,0
950,2001,2,1,0,0,0,0,1,0,0,0
962,2009,4,3,1,0,0,0,1,0,0,0
962,2010,2,2,0,0,0,0,0,0,1,0
970,2007,1,1,1,0,0,0,0,0,0,0
981,1995,2,2,1,0,0,0,0,0,0,0
985,2008,2,2,0,0,0,0,0,0,0,0
998,1991,3,3,0,0,0,0,0,0,0,0
998,1997,10,9,4,0,0,1,0,1,1,0
998,1998,3,3,1,0,0,0,0,0,0,0
998,1999,8,8,2,0,0,0,0,0,0,0
1009,2006,6,6,1,0,0,0,0,0,0,0
1009,2007,6,5,1,0,0,0,1,0,1,0
1009,2010,5,5,4,0,0,0,0,0,0,0
1039,1995,1,1,0,0,0,0,0,0,0,0
1049,1996,2,2,1,1,0,0,0,0,0,0
1058,1998,3,3,2,1,0,0,0,0,0,0
1061,1991,5,5,2,0,0,0,0,0,2,0
1061,1992,4,4,0,0,0,0,0,0,3,0
1062,1998,1,0,0,0,0,0,1,0,0,0
1062,2001,1,1,0,0,0,0,0,0,1,0
1062,2002,1,0,0,0,0,0,1,0,0,0
1065,1993,2,2,0,0,0,0,0,0,1,0
1065,1994,2,2,0,0,0,0,0,0,0,0
1065,1995,2,1,0,0,0,0,0,0,0,1
1070,2009,3,3,0,0,0,0,0,0,3,0
1075,1995,1,1,1,1,0,0,0,0,0,0
1075,2000,3,3,3,0,0,0,0,0,0,0
1089,1995,2,2,0,0,0,0,0,0,0,0
1091,1993,5,4,0,0,0,0,1,0,0,0
1097,1992,5,4,0,0,0,0,1,0,0,0
1097,1993,5,5,0,0,0,0,0,0,1,0
1097,1994,4,4,1,1,0,0,0,0,0,0
1097,1995,3,3,0,0,0,0,0,0,1,0
1097,1996,4,4,1,1,0,0,0,0,0,0
1097,1997,2,1,1,0,0,0,0,0,0,1
1097,1998,1,1,0,0,0,0,0,0,1,0
1097,1999,1,1,0,0,0,0,0,0,0,0
1098,2003,3,3,1,0,0,0,0,0,1,0
1109,2006,3,3,2,0,0,0,0,0,0,0
1109,2007,2,2,0,0,0,0,0,0,1,0
1109,2008,5,5,1,1,0,0,0,0,1,0
1120,2006,1,1,0,0,0,0,0,0,0,0
1120,2007,3,3,0,0,0,0,0,0,0,0
1133,1999,2,2,1,0,0,1,0,0,0,0
1135,2004,1,1,1,0,0,0,0,0,0,0
1138,1998,1,0,0,0,0,0,1,0,0,0
1138,2002,1,1,0,0,0,0,0,0,0,0
1138,2007,6,6,1,1,0,0,0,0,2,0
1146,1991,6,6,3,1,0,0,0,0,2,0
1146,1992,6,6,4,0,0,0,0,0,0,0
1146,1993,3,3,0,0,0,0,0,0,0,0
1146,1994,3,3,1,0,0,0,0,0,1,0
1146,1995,5,5,2,0,0,0,0,0,0,0
1146,1996,3,3,0,0,0,0,0,0,0,0
1147,1996,8,8,1,1,0,0,0,0,1,0
1147,1997,3,3,0,0,0,0,0,0,1,0
1159,2000,3,3,2,1,0,0,0,0,0,0
1159,2001,2,2,1,0,0,1,0,0,0,0
1160,2000,1,1,1,0,0,0,0,0,0,0
1190,2002,1,1,1,1,0,0,0,0,0,0
1206,2009,1,0,0,0,0,0,0,0,0,1
1206,2011,1,1,1,0,0,0,0,0,0,0
1221,1998,3,3,0,0,0,0,0,0,0,0
1221,2001,2,2,0,0,0,0,0,0,1,0
1221,2002,3,3,1,0,0,0,0,0,1,0
1221,2003,1,1,0,0,0,0,0,0,1,0
1221,2004,4,4,0,0,0,0,0,0,1,0
1221,2005,1,1,0,0,0,0,0,0,0,0
1221,2007,3,3,0,0,0,0,0,0,1,0
1221,2008,1,1,0,0,0,0,0,0,0,0
1225,2007,2,2,0,0,0,0,0,0,2,0
1235,1998,2,2,1,0,0,0,0,0,0,0
1250,1997,1,1,0,0,0,0,0,0,0,0
1260,2006,1,0,0,0,0,0,1,0,0,0
1260,2007,2,2,0,0,0,0,0,0,1,0
1268,2004,3,2,1,0,0,1,1,0,0,0
1289,2008,3,2,1,0,0,0,1,0,0,0
1289,2009,2,2,0,0,0,0,0,0,0,0
1294,1993,1,1,0,0,0,0,0,0,0,0
1326,1992,2,2,1,0,0,0,0,0,0,0
1326,1993,2,1,0,0,0,0,1,0,0,0
1326,1994,1,1,1,0,0,1,0,0,0,0
1326,1996,1,1,0,0,0,0,0,0,0,0
1328,2006,1,1,0,0,0,0,0,0,0,0
1342,1999,2,2,2,0,0,0,0,0,0,0
1342,2002,1,1,0,0,0,0,0,0,0,0
1343,1997,4,3,2,0,0,0,1,0,0,0
1343,1998,5,5,1,1,0,0,0,0,2,0
1343,1999,3,3,0,0,0,0,0,0,2,0
1343,2004,1,1,0,0,0,0,0,0,0,0
1343,2005,3,3,0,0,0,0,0,0,2,0
1353,1994,1,0,0,0,0,0,1,0,0,0
1372,2007,2,2,0,0,0,0,0,0,2,0
1399,1999,2,2,1,1,0,0,0,0,0,0
1399,2003,1,1,0,0,0,0,0,0,1,0
1406,1995,6,6,1,1,0,0,0,0,0,0
1406,1998,3,2,1,0,0,0,1,0,0,0
1406,1999,3,3,0,0,0,0,0,0,0,0
1406,2005,3,3,1,0,0,0,0,0,0,0
1408,1992,1,1,0,0,0,0,0,0,1,0
1426,1994,2,2,1,0,0,0,0,0,0,0
1426,1996,2,2,0,0,0,0,0,0,1,0
1433,2009,1,1,0,0,0,0,0,0,1,0
1433,2010,1,1,0,0,0,0,0,0,0,0
1448,1993,3,3,1,0,0,0,0,0,1,0
1454,2005,1,1,1,1,0,0,0,0,0,0
1454,2006,1,1,0,0,0,0,0,0,0,0
1454,2007,1,1,0,0,0,0,0,0,0,0
1454,2009,1,1,0,0,0,0,0,0,0,0
1454,2011,1,1,0,0,0,0,0,0,0,0
1477,2008,2,2,1,0,0,0,0,0,0,0
1482,2011,1,0,0,0,0,0,0,0,0,0
1484,2007,2,2,1,1,0,0,0,0,0,0
1484,2009,2,2,0,0,0,0,0,0,1,0
1491,1998,2,2,0,0,0,0,0,0,0,0
1495,2001,3,3,1,0,0,0,0,0,0,0
1495,2004,7,5,1,0,0,0,1,0,1,1
1495,2005,9,9,2,0,0,0,0,0,1,0
1495,2006,9,8,1,0,0,0,1,0,1,0
1495,2007,7,7,2,0,0,0,0,0,0,0
1495,2008,6,5,1,0,0,0,1,0,0,0
1514,2010,3,3,2,0,0,0,0,0,1,0
1517,1999,3,2,2,0,0,1,0,0,0,1
1523,1991,2,2,0,0,0,0,0,0,0,0
1523,1998,5,5,1,0,0,0,0,0,1,0
1523,1999,4,4,2,0,0,1,0,0,1,0
1523,2000,3,3,1,0,0,0,0,0,1,0
1531,2005,2,2,0,0,0,0,0,0,0,0
1531,2006,5,5,2,0,1,0,0,0,0,0
1532,1993,1,0,0,0,0,0,1,0,0,0
1546,2002,1,1,0,0,0,0,0,0,0,0
1548,2008,1,1,0,0,0,0,0,0,0,0
1556,2006,2,2,1,0,0,0,0,0,1,0
1556,2007,5,5,2,0,0,0,0,0,0,0
1556,2008,9,8,1,0,0,0,1,0,4,0
1565,2009,3,3,0,0,0,0,0,0,2,0
1567,2009,1,1,0,0,0,0,0,0,0,0
1569,1991,1,0,0,0,0,0,0,0,0,1
1570,2008,3,3,0,0,0,0,0,0,0,0
1580,1996,1,1,0,0,0,0,0,0,0,0
1583,2009,1,1,1,1,0,0,0,0,0,0
1596,2005,2,2,0,0,0,0,0,0,1,0
1596,2009,3,3,0,0,0,0,0,0,1,0
1596,2010,3,3,0,0,0,0,0,0,0,0
1606,1992,1,1,1,0,0,0,0,0,0,0
1606,1993,1,1,0,0,0,0,0,0,0,0
1606,1995,2,2,2,1,0,0,0,0,0,0
1631,2003,2,0,0,0,0,0,2,0,0,0
1634,2006,8,8,2,0,0,0,0,0,1,0
1634,2007,12,12,5,0,0,0,0,0,1,0
1634,2008,7,7,0,0,0,0,0,0,2,0
1645,2004,3,3,3,2,0,0,0,0,0,0
1645,2006,5,4,1,0,0,0,1,0,2,0
1645,2007,6,6,1,0,0,0,0,0,0,0
1645,2008,2,2,0,0,0,0,0,0,0,0
1650,2005,3,3,2,2,0,0,0,0,1,0
1650,2006,1,1,0,0,0,0,0,0,0,0
1650,2007,1,1,0,0,0,0,0,0,0,0
1663,1991,2,2,0,0,0,0,0,0,0,0
1663,1992,3,2,1,0,0,0,0,0,0,0
1663,1994,1,1,0,0,0,0,0,0,0,0
1663,1997,1,0,0,0,0,0,1,0,0,0
1663,1998,1,1,0,0,0,0,0,0,1,0
1666,2009,2,2,2,0,0,0,0,0,0,0
1669,2009,3,3,0,0,0,0,0,0,1,0
1669,2011,3,3,1,0,0,0,0,0,0,0
1675,2005,1,1,1,0,0,0,0,0,0,0
1675,2006,1,1,0,0,0,0,0,0,0,0
1675,2007,1,1,1,1,0,0,0,0,0,0
1675,2008,1,1,0,0,0,0,0,0,1,0
1675,2009,2,2,0,0,0,0,0,0,0,0
1686,2001,2,2,0,0,0,0,0,0,1,0
1718,2007,1,1,1,0,0,1,0,0,0,0
1723,1992,1,1,0,0,0,0,0,0,1,0
1732,2004,1,1,1,0,0,0,0,0,0,0
1732,2005,3,3,1,1,0,0,0,0,1,0
1732,2006,1,1,0,0,0,0,0,0,1,0
1732,2007,1,1,0,0,0,0,0,0,0,0
1732,2009,1,1,0,0,0,0,0,0,0,0
1743,1991,3,3,1,1,0,0,0,0,0,0
1743,1997,3,3,1,0,0,1,0,0,0,0
1743,1998,6,5,1,0,0,0,1,0,1,0
1743,1999,3,3,0,0,0,0,0,0,0,0
1764,2006,1,1,0,0,0,0,0,0,1,0
1764,2007,1,1,0,0,0,0,0,0,1,0
1769,2006,2,2,1,0,0,0,0,0,0,0
1769,2009,1,1,0,0,0,0,0,0,1,0
1773,2011,3,3,1,0,0,0,0,0,1,0
1790,2009,1,1,1,0,0,0,0,0,0,0
1792,1998,1,1,1,0,0,1,0,0,0,0
1795,2008,1,1,0,0,0,0,0,0,1,0
1801,2006,2,2,1,0,0,1,0,0,0,0
1801,2007,6,6,1,0,0,0,0,0,2,0
1801,2009,1,1,1,0,0,1,0,0,0,0
1802,1995,1,1,0,0,0,0,0,0,0,0
1802,1996,3,3,0,0,0,0,0,0,0,0
1806,1997,3,3,0,0,0,0,0,0,1,0
1806,1998,10,10,6,3,1,0,0,0,2,0
1806,1999,7,6,2,0,0,0,1,0,0,0
1806,2001,6,5,1,1,0,0,1,0,1,0
1806,2006,2,2,0,0,0,0,0,0,1,0
1806,2009,3,2,1,1,0,0,1,0,0,0
1806,2010,3,3,2,0,0,0,0,0,0,0
1820,2009,2,2,1,1,0,0,0,0,0,0
1825,2008,1,1,0,0,0,0,0,0,0,0
1825,2010,2,2,0,0,0,0,0,0,0,0
1825,2011,2,2,1,1,0,0,0,0,0,0
1828,1995,4,4,2,1,0,0,0,0,0,0
1828,2001,1,1,0,0,0,0,0,0,0,0
1828,2005,1,1,0,0,0,0,0,0,0,0
1829,1998,5,4,2,0,0,0,1,0,2,0
1829,1999,2,2,0,0,0,0,0,0,0,0
1829,2000,1,1,0,0,0,0,0,0,0,0
1829,2001,1,1,1,0,0,0,0,0,0,0
1829,2006,3,3,2,0,0,0,0,0,0,0
1829,2007,3,3,2,0,0,0,0,0,0,0
1844,1991,1,1,1,0,0,0,0,0,0,0
1846,2002,3,3,1,1,0,0,0,0,1,0
1846,2005,2,2,2,0,0,0,0,0,0,0
1865,1992,1,1,1,0,0,0,0,0,0,0
1865,1993,1,1,0,0,0,0,0,0,0,0
1865,1994,1,1,0,0,0,0,0,0,0,0
1870,2002,1,1,0,0,0,0,0,0,0,0
1872,2008,1,1,0,0,0,0,0,0,0,0
1881,1997,1,1,0,0,0,0,0,0,0,0
1881,1998,5,5,1,1,0,0,0,0,0,0
1881,1999,3,3,2,0,0,2,0,0,0,0
1888,1998,5,5,3,0,0,1,0,0,1,0
1888,2000,2,2,0,0,0,0,0,0,0,0
1888,2001,2,2,0,0,0,0,0,0,0,0
1888,2002,3,3,3,0,0,0,0,0,0,0
1889,2006,2,1,0,0,0,0,1,0,0,0
1921,1993,1,1,1,0,0,0,0,0,0,0
1921,1994,2,1,0,0,0,0,1,0,0,0
1921,1995,1,1,1,1,0,0,0,0,0,0
1921,1997,1,0,0,0,0,0,1,0,0,0
1921,1998,2,2,1,0,0,0,0,0,0,0
1970,2005,3,3,2,0,0,1,0,0,1,0
1970,2006,2,1,0,0,0,0,1,0,0,0
1971,2010,2,2,0,0,0,0,0,0,0,0
1972,2004,2,2,0,0,0,0,0,0,1,0
1982,2007,1,1,0,0,0,0,0,0,1,0
1982,2009,2,1,1,0,0,0,1,0,0,0
2004,1993,3,3,1,0,0,0,0,0,1,0
2004,1995,2,2,0,0,0,0,0,0,1,0
2004,1996,3,3,0,0,0,0,0,0,0,0
2004,1998,2,0,0,0,0,0,2,0,0,0
2004,2001,1,1,0,0,0,0,0,0,0,0
2007,1997,1,1,0,0,0,0,0,0,0,0
2011,2009,1,1,0,0,0,0,0,0,0,0
2011,2010,1,1,1,0,0,0,0,0,0,0
2018,2004,3,3,2,0,0,0,0,0,0,0
2018,2005,6,6,2,1,0,1,0,0,0,0
2018,2010,2,2,0,0,0,0,0,0,1,0
2023,2008,1,1,0,0,0,0,0,0,0,0
2027,2007,2,2,0,0,0,0,0,0,1,0
2041,1991,1,1,0,0,0,0,0,0,0,0
2044,1999,3,3,2,0,0,1,0,0,0,0
2046,2001,2,1,0,0,0,0,1,0,0,0
2051,1996,6,6,5,1,0,1,0,0,0,0
2051,1998,2,2,2,0,0,0,0,0,0,0
2051,1999,1,1,0,0,0,0,0,0,0,0
2062,1992,2,2,0,0,0,0,0,0,0,0
2062,1995,2,2,1,0,0,0,0,0,0,0
2062,1996,3,3,1,0,0,0,0,0,0,0
2070,2005,1,1,0,0,0,0,0,0,0,0
2070,2006,1,1,1,1,0,0,0,0,0,0
2070,2008,2,2,1,0,0,0,0,0,0,0
2116,1993,1,1,0,0,0,0,0,0,0,0
2116,1994,5,5,4,0,0,0,0,0,0,0
2116,1995,1,1,0,0,0,0,0,0,0,0
2130,2006,4,4,2,0,0,0,0,0,0,0
2137,1997,2,1,0,0,0,0,0,1,0,0
2144,1999,3,2,0,0,0,0,0,1,0,0
2144,2000,3,3,2,2,0,0,0,0,1,0
2144,2002,3,3,1,0,0,0,0,0,1,0
2144,2003,6,6,2,0,0,1,0,0,1,0
2144,2006,3,3,1,0,0,0,0,0,0,0
2145,1992,1,1,0,0,0,0,0,0,0,0
2147,1991,3,3,1,1,0,0,0,0,0,0
2147,1992,1,1,0,0,0,0,0,0,0,0
2147,1993,6,5,1,0,1,0,0,1,1,0
2147,1994,3,3,0,0,0,0,0,0,1,0
2147,1995,3,3,2,0,0,2,0,0,1,0
2147,1996,7,6,1,0,0,0,1,0,1,0
2147,1997,10,9,1,0,0,0,1,0,0,0
2147,1998,3,3,1,1,0,0,0,0,0,0
2147,1999,4,4,0,0,0,0,0,0,1,0
2147,2001,3,3,2,0,0,1,0,0,0,0
2147,2002,3,3,1,0,0,0,0,0,2,0
2147,2006,3,3,0,0,0,0,0,0,0,0
2147,2007,6,5,1,0,0,0,1,0,3,0
2161,2009,1,1,0,0,0,0,0,0,0,0
2166,1998,4,4,2,0,0,0,0,0,0,0
2166,1999,5,5,2,0,0,1,0,0,0,0
2185,2010,1,1,1,1,0,0,0,0,0,0
2205,2010,3,3,0,0,0,0,0,0,0,0
2205,2011,2,2,0,0,0,0,0,0,1,0
2228,2011,3,3,1,1,0,0,0,0,0,0
2237,1997,5,5,1,0,0,0,0,0,2,0
2237,1998,7,7,1,0,0,0,0,0,3,0
2237,1999,2,2,1,0,0,0,0,0,0,0
2237,2000,3,3,2,1,0,0,0,0,0,0
2237,2004,3,3,2,0,0,1,0,0,1,0
2237,2005,9,7,1,1,0,0,1,0,2,1
2237,2007,3,3,2,0,0,0,0,0,0,0
2240,2001,1,0,0,0,0,0,1,0,0,0
2240,2002,1,1,1,0,0,1,0,0,0,0
2240,2005,2,2,0,0,0,0,0,0,0,0
2240,2009,2,2,0,0,0,0,0,0,0,0
2259,2003,3,3,1,0,0,1,0,0,0,0
2261,1992,3,3,2,0,0,0,0,0,0,0
2261,1993,6,6,0,0,0,0,0,0,0,0
2261,1994,3,3,0,0,0,0,0,0,0,0
2261,1995,4,4,0,0,0,0,0,0,1,0
2261,1996,4,4,0,0,0,0,0,0,1,0
2261,1997,10,10,2,2,0,0,0,0,1,0
2261,1998,8,8,2,0,0,2,0,0,4,0
2261,1999,5,5,1,0,0,0,0,0,0,0
2261,2000,6,6,2,0,0,0,0,0,0,0
2261,2001,3,1,1,0,0,0,1,1,0,0
2282,2004,12,12,3,0,0,0,0,0,3,0
2282,2005,9,9,2,1,0,0,0,0,2,0
2282,2006,14,14,3,0,0,0,0,0,3,0
2282,2007,3,3,0,0,0,0,0,0,0,0
2282,2008,9,9,4,3,0,0,0,0,0,0
2282,2010,3,3,0,0,0,0,0,0,1,0
2289,1994,3,3,0,0,0,0,0,0,1,0
2289,1995,2,2,2,0,0,0,0,0,0,0
2291,2003,1,1,0,0,0,0,0,0,0,0
2291,2009,3,3,1,0,0,0,0,0,1,0
2291,2010,2,2,2,0,0,0,0,0,0,0
2295,1992,7,6,2,1,0,1,1,0,1,0
2295,1993,5,5,1,0,0,0,0,0,0,0
2295,1995,1,0,0,0,0,0,1,0,0,0
2295,2002,1,1,0,0,0,0,0,0,0,0
2316,1996,3,3,0,0,0,0,0,0,1,0
2326,2008,2,2,1,0,0,0,0,0,0,0
2328,2007,1,1,0,0,0,0,0,0,0,0
2330,2003,1,1,0,0,0,0,0,0,0,0
2333,1999,1,1,0,0,0,0,0,0,0,0
2333,2003,1,1,1,0,0,0,0,0,0,0
2333,2005,2,2,0,0,0,0,0,0,1,0
2333,2009,3,3,2,0,0,0,0,0,1,0
2340,2003,2,2,0,0,0,0,0,0,0,0
2343,2005,1,1,0,0,0,0,0,0,0,0
2343,2008,2,2,0,0,0,0,0,0,0,0
2344,1995,2,2,1,0,0,0,0,0,0,0
2344,1999,2,2,1,0,0,0,0,0,0,0
2344,2003,3,3,1,0,1,0,0,0,1,0
2344,2004,1,1,1,0,0,0,0,0,0,0
2345,1994,3,2,1,0,0,0,0,0,0,1
2350,2001,2,2,0,0,0,0,0,0,1,0
2355,2008,1,1,0,0,0,0,0,0,0,0
2355,2010,2,2,0,0,0,0,0,0,0,0
2358,2011,3,3,1,0,0,0,0,0,0,0
2362,1992,2,2,0,0,0,0,0,0,0,0
2362,1996,3,3,0,0,0,0,0,0,1,0
2362,1997,2,2,1,0,0,0,0,0,0,0
2362,1998,1,1,0,0,0,0,0,0,1,0
2362,1999,1,1,0,0,0,0,0,0,0,0
2365,2005,1,1,0,0,0,0,0,0,0,0
2384,2004,2,1,0,0,0,0,1,0,1,0
2384,2005,1,1,0,0,0,0,0,0,0,0
2384,2006,1,1,1,0,0,1,0,0,0,0
2384,2009,1,1,1,0,0,0,0,0,0,0
2407,1993,2,2,0,0,0,0,0,0,0,0
2407,1994,2,2,1,0,0,0,0,0,0,0
2407,1995,2,2,0,0,0,0,0,0,0,0
2418,1995,2,2,1,1,0,0,0,0,0,0
2418,1996,4,4,1,0,0,0,0,0,1,0
2418,1997,2,2,1,0,0,0,0,0,1,0
2421,2005,2,2,1,0,0,0,0,0,0,0
2421,2006,1,0,0,0,0,0,0,0,0,0
2421,2007,1,1,0,0,0,0,0,0,0,0
2421,2008,1,1,0,0,0,0,0,0,0,0
2442,2000,1,1,0,0,0,0,0,0,1,0
2442,2001,2,1,0,0,0,0,1,0,1,0
2442,2002,2,2,1,1,0,0,0,0,0,0
2446,2001,1,1,0,0,0,0,0,0,0,0
2453,1991,5,5,1,0,0,0,0,0,0,0
2478,2011,1,1,1,0,0,0,0,0,0,0
2492,2004,2,2,1,1,0,0,0,0,1,0
2505,2002,2,1,0,0,0,0,1,0,0,0
2505,2008,1,1,0,0,0,0,0,0,0,0
2508,1997,1,1,1,0,0,1,0,0,0,0
2508,2001,2,2,0,0,0,0,0,0,1,0
2508,2002,1,1,0,0,0,0,0,0,1,0
2525,2009,5,5,0,0,0,0,0,0,1,0
2525,2010,3,3,1,0,0,0,0,0,1,0
2535,1993,2,2,0,0,0,0,0,0,0,0
2535,1994,4,4,1,0,0,0,0,0,0,0
2535,1996,2,2,0,0,0,0,0,0,0,0
2562,1997,1,1,0,0,0,0,0,0,1,0
2562,2000,3,3,1,0,0,1,0,0,0,0
2574,2010,1,0,0,0,0,0,0,0,0,0
2581,1996,4,4,1,0,0,0,0,0,0,0
2581,2004,1,1,1,0,0,0,0,0,0,0
2590,2007,9,9,3,3,0,0,0,0,0,0
2597,1991,3,2,1,0,0,0,1,0,0,0
2597,1992,3,3,0,0,0,0,0,0,1,0
2597,1993,5,5,3,0,1,0,0,0,1,0
2597,1994,7,7,3,2,0,0,0,0,0,0
2597,1995,4,3,1,0,1,0,0,1,1,0
2608,1992,6,6,0,0,0,0,0,0,3,0
2608,1993,10,9,4,2,0,0,1,0,1,0
2608,1994,6,5,1,0,0,1,1,0,0,0
2608,1995,5,4,1,1,0,0,0,0,0,1
2608,1997,3,1,1,0,0,0,1,0,0,0
2609,1994,1,0,0,0,0,0,0,1,0,0
2609,1996,1,1,1,0,0,0,0,0,0,0
2609,1997,1,1,0,0,0,0,0,0,1,0
2622,1999,2,2,0,0,0,0,0,0,1,0
2622,2001,1,1,0,0,0,0,0,0,0,0
2640,2006,3,3,0,0,0,0,0,0,1,0
2640,2010,3,3,2,1,0,0,0,0,1,0
2654,2004,10,9,3,2,0,0,1,0,2,0
2654,2005,5,5,1,0,0,0,0,0,2,0
2654,2006,5,4,0,0,0,0,1,0,0,0
2661,2007,6,5,1,0,0,0,0,1,0,0
2661,2008,2,2,0,0,0,0,0,0,1,0
2665,1992,2,2,0,0,0,0,0,0,1,0
2679,1991,1,1,1,0,0,1,0,0,0,0
2679,1992,1,1,0,0,0,0,0,0,0,0
2679,1993,1,1,1,0,0,0,0,0,0,0
2679,1994,3,3,0,0,0,0,0,0,1,0
2684,1995,2,2,0,0,0,0,0,0,0,0
2684,1996,2,2,0,0,0,0,0,0,0,0
2695,2003,2,2,1,0,0,0,0,0,1,0
2699,2007,1,1,1,0,0,0,0,0,0,0
2700,2003,3,3,3,2,0,0,0,0,0,0
2742,1997,2,2,0,0,0,0,0,0,0,0
2742,1998,2,2,0,0,0,0,0,0,1,0
2742,1999,1,1,0,0,0,0,0,0,0,0
2742,2000,1,1,0,0,0,0,0,0,0,0
2742,2003,1,1,0,0,0,0,0,0,0,0
2742,2004,1,1,0,0,0,0,0,0,0,0
2754,2007,8,8,2,1,0,0,0,0,1,0
2754,2010,3,3,0,0,0,0,0,0,1,0
2766,2006,1,1,1,0,0,0,0,0,0,0
2766,2007,1,1,0,0,0,0,0,0,0,0
2766,2008,3,3,1,0,0,0,0,0,2,0
2767,1994,4,3,1,1,0,0,1,0,1,0
2767,1995,2,2,0,0,0,0,0,0,1,0
2789,2003,2,2,1,0,0,1,0,0,1,0
2789,2004,1,1,1,0,0,0,0,0,0,0
2798,1991,1,1,0,0,0,0,0,0,0,0
2798,1992,3,2,0,0,0,0,0,0,1,0
2798,1997,2,2,0,0,0,0,0,0,0,0
2798,1998,2,2,0,0,0,0,0,0,1,0
2798,1999,3,3,1,0,0,0,0,0,0,0
2804,2010,1,1,0,0,0,0,0,0,0,0
2810,2009,8,7,0,0,0,0,1,0,4,0
2817,2004,3,2,2,1,0,0,1,0,0,0
2824,2007,1,1,0,0,0,0,0,0,0,0
2837,1994,5,4,0,0,0,0,1,0,0,0
2841,2003,4,3,0,0,0,0,1,0,2,0
2841,2006,3,3,0,0,0,0,0,0,1,0
2841,2010,1,1,1,1,0,0,0,0,0,0
2879,2004,1,1,0,0,0,0,0,0,0,0
2882,2006,1,1,0,0,0,0,0,0,0,0
2901,1995,1,0,0,0,0,0,1,0,0,0
2906,1996,8,6,0,0,0,0,2,0,0,0
2906,1997,8,8,4,1,0,0,0,0,0,0
2906,1998,3,3,1,0,0,0,0,0,0,0
2911,2003,1,0,0,0,0,0,1,0,0,0
2911,2004,3,3,1,0,0,0,0,0,1,0
2911,2006,2,2,1,0,0,0,0,0,0,0
2911,2009,1,1,0,0,0,0,0,0,1,0
2911,2010,6,6,2,1,0,0,0,0,1,0
2911,2011,2,1,0,0,0,0,1,0,0,0
2919,2009,2,2,0,0,0,0,0,0,0,0
2933,2005,1,1,0,0,0,0,0,0,1,0
2942,1993,3,3,1,0,0,0,0,0,0,0
2942,1994,1,1,1,0,0,0,0,0,0,0
2942,1997,2,2,0,0,0,0,0,0,0,0
2945,1997,3,2,0,0,0,0,0,1,2,0
2964,1992,1,1,0,0,0,0,0,0,0,0
2964,1993,5,3,2,0,0,0,0,1,0,0
2964,1994,7,6,3,1,0,1,0,1,0,0
2964,1995,4,4,2,0,0,0,0,0,0,0
2964,1996,1,0,0,0,0,0,1,0,0,0
2966,2006,2,1,0,0,0,0,1,0,0,0
2970,2008,1,1,0,0,0,0,0,0,0,0
2981,2002,2,2,0,0,0,0,0,0,1,0
2981,2005,1,1,0,0,0,0,0,0,0,0
2981,2007,1,1,1,1,0,0,0,0,0,0
2981,2009,1,1,1,0,0,0,0,0,0,0
2981,2010,1,1,0,0,0,0,0,0,0,0
2988,1992,3,3,1,0,0,0,0,0,0,0
2988,1993,2,1,0,0,0,0,1,0,0,0
2996,2001,1,1,1,1,0,0,0,0,0,0
2996,2002,1,1,0,0,0,0,0,0,0,0
2996,2003,1,1,0,0,0,0,0,0,1,0
2996,2007,1,1,0,0,0,0,0,0,1,0
2996,2008,3,3,1,0,0,0,0,0,2,0
3002,2001,3,3,3,2,0,0,0,0,0,0
3002,2002,2,2,0,0,0,0,0,0,0,0
3002,2004,2,2,1,0,0,0,0,0,0,0
3014,1992,3,3,1,0,0,0,0,0,0,0
3014,1993,4,4,1,0,0,0,0,0,2,0
3016,2006,1,1,0,0,0,0,0,0,0,0
3016,2008,2,2,1,0,0,0,0,0,0,0
3028,1997,3,3,0,0,0,0,0,0,0,0
3032,1991,1,1,0,0,0,0,0,0,0,0
3039,1997,2,1,1,0,0,0,1,0,0,0
3039,1998,3,3,0,0,0,0,0,0,0,0
3039,1999,3,2,1,0,0,0,1,0,0,0
3039,2000,4,4,1,0,0,0,0,0,0,0
3039,2001,3,3,0,0,0,0,0,0,1,0
3039,2003,4,4,1,0,0,0,0,0,1,0
3041,2002,3,2,1,0,0,0,1,0,0,0
3041,2004,6,6,3,0,0,0,0,0,0,0
3041,2005,3,3,1,0,0,0,0,0,1,0
3046,2001,2,2,0,0,0,0,0,0,0,0
3046,2003,1,0,0,0,0,0,1,0,0,0
3052,2002,4,3,1,0,0,0,1,0,1,0
3062,2004,2,2,0,0,0,0,0,0,1,0
3066,2004,3,3,0,0,0,0,0,0,0,0
3066,2005,1,1,0,0,0,0,0,0,0,0
3066,2006,2,1,1,1,0,0,1,0,0,0
3066,2008,3,2,0,0,0,0,1,0,0,0
3067,2003,3,3,2,1,0,0,0,0,1,0
3067,2006,3,2,1,0,0,1,1,0,0,0
3067,2007,4,4,1,0,0,0,0,0,0,0
3070,2009,3,3,0,0,0,0,0,0,1,0
3086,2009,1,1,0,0,0,0,0,0,0,0
3086,2010,5,4,1,0,0,0,1,0,1,0
3108,2010,1,0,0,0,0,0,1,0,0,0
3108,2011,1,1,0,0,0,0,0,0,1,0
3130,1998,1,1,0,0,0,0,0,0,1,0
3131,2004,2,1,1,0,0,0,1,0,0,0
3131,2010,4,3,0,0,0,0,1,0,1,0
3138,2003,1,1,1,1,0,0,0,0,0,0
3143,1999,1,1,1,0,0,1,0,0,0,0
3166,2003,3,3,1,1,0,0,0,0,1,0
3166,2005,2,2,0,0,0,0,0,0,1,0
3166,2007,3,3,1,0,0,0,0,0,0,0
3173,1991,2,2,0,0,0,0,0,0,1,0
3173,1992,2,2,1,0,0,0,0,0,0,0
3173,1994,3,3,0,0,0,0,0,0,0,0
3173,1995,3,3,0,0,0,0,0,0,0,0
3173,1998,2,2,1,1,0,0,0,0,1,0
3176,1995,1,1,1,1,0,0,0,0,0,0
3183,1991,2,2,1,0,0,0,0,0,0,0
3183,1992,3,2,0,0,0,0,1,0,0,0
3214,1991,2,2,1,0,0,0,0,0,0,0
3214,1993,2,2,0,0,0,0,0,0,0,0
3214,1994,3,3,0,0,0,0,0,0,1,0
3216,1995,3,2,0,0,0,0,0,0,0,1
3216,1999,4,4,2,1,0,0,0,0,0,0
3216,2000,3,3,2,0,0,0,0,0,0,0
3219,1996,2,2,0,0,0,0,0,0,0,0
3219,2003,2,2,0,0,0,0,0,0,0,0
3223,2001,4,4,2,0,0,0,0,0,0,0
3223,2004,9,9,1,0,0,0,0,0,0,0
3223,2005,15,15,3,1,0,0,0,0,3,0
3223,2006,3,2,0,0,0,0,1,0,0,0
3223,2008,1,1,0,0,0,0,0,0,1,0
3224,2009,1,1,0,0,0,0,0,0,0,0
3229,1993,8,7,1,1,0,0,1,0,4,0
3229,1996,3,2,0,0,0,0,1,0,0,0
3229,1997,6,6,3,0,0,0,0,0,1,0
3229,2003,1,0,0,0,0,0,1,0,0,0
3248,1996,1,1,0,0,0,0,0,0,0,0
3262,1996,3,3,1,0,0,1,0,0,0,0
3262,1999,1,1,0,0,0,0,0,0,0,0
3262,2000,2,2,0,0,0,0,0,0,1,0
3262,2009,1,1,1,0,0,0,0,0,0,0
3281,2010,2,2,1,0,0,0,0,0,1,0
3292,1997,1,1,0,0,0,0,0,0,0,0
3292,2001,1,1,1,0,0,0,0,0,0,0
3296,1991,1,1,0,0,0,0,0,0,0,0
3296,1992,4,2,0,0,0,0,1,1,1,0
3296,1993,7,7,2,0,0,0,0,0,0,0
3296,1994,4,4,1,0,0,0,0,0,0,0
3296,1995,3,3,1,0,0,0,0,0,0,0
3296,1996,7,6,3,1,0,0,1,0,0,0
3296,1997,6,6,4,0,0,0,0,0,1,0
3296,1998,9,9,2,1,0,0,0,0,3,0
3296,1999,10,9,5,0,0,1,0,0,0,1
3296,2000,7,7,2,1,0,0,0,0,0,0
3296,2005,1,1,1,0,0,1,0,0,0,0
3313,1998,4,4,1,0,0,0,0,0,1,0
3313,1999,1,1,1,0,0,0,0,0,0,0
3313,2001,1,1,0,0,0,0,0,0,1,0
3313,2004,3,3,0,0,0,0,0,0,2,0
3313,2005,5,4,1,1,0,0,1,0,0,0
3313,2006,3,3,0,0,0,0,0,0,1,0
3313,2007,3,3,1,0,0,0,0,0,0,0
3317,1996,3,3,1,1,0,0,0,0,0,0
3317,1997,1,1,1,0,0,0,0,0,0,0
3339,1997,4,3,2,1,0,0,1,0,1,0
3339,1999,4,3,0,0,0,0,0,0,0,1
3339,2000,3,3,1,0,0,0,0,0,1,0
3339,2004,3,3,1,1,0,0,0,0,1,0
3339,2005,6,6,2,0,1,0,0,0,1,0
3351,2000,3,3,1,0,0,0,0,0,0,0
3366,2008,2,1,0,0,0,0,1,0,1,0
3374,1997,3,3,1,0,0,0,0,0,0,0
3374,1999,1,1,0,0,0,0,0,0,0,0
3374,2000,1,1,0,0,0,0,0,0,1,0
3375,2006,3,2,1,0,0,0,1,0,0,0
3375,2007,1,1,1,0,0,0,0,0,0,0
3410,2002,1,1,0,0,0,0,0,0,0,0
3410,2003,2,2,1,0,0,1,0,0,0,0
3410,2006,2,2,1,0,0,0,0,0,1,0
3410,2007,1,1,0,0,0,0,0,0,0,0
3410,2008,1,1,0,0,0,0,0,0,1,0
3410,2010,2,2,0,0,0,0,0,0,0,0
3413,1993,6,6,1,1,0,0,0,0,0,0
3417,1991,1,1,0,0,0,0,0,0,0,0
3417,1992,1,1,1,0,0,0,0,0,0,0
3417,1994,1,1,1,0,0,0,0,0,0,0
3420,1997,8,6,2,0,1,0,2,0,1,0
3420,1998,9,9,0,0,0,0,0,0,2,0
3420,1999,3,2,0,0,0,0,1,0,0,0
3420,2000,3,3,1,0,0,1,0,0,0,0
3420,2002,1,1,1,0,0,0,0,0,0,0
3420,2005,1,1,0,0,0,0,0,0,1,0
3434,2007,1,1,0,0,0,0,0,0,0,0
3434,2009,3,3,0,0,0,0,0,0,2,0
3442,2003,1,1,1,0,0,0,0,0,0,0
3442,2010,2,2,1,0,0,0,0,0,0,0
3455,1991,3,3,1,0,0,0,0,0,0,0
3455,1992,6,5,1,0,0,0,1,0,1,0
3455,1993,11,9,6,1,0,0,1,0,0,0
3455,1994,10,9,3,1,0,1,1,0,0,0
3455,1995,5,5,1,0,0,0,0,0,1,0
3455,1996,8,7,3,1,0,0,1,0,0,0
3460,2003,2,2,0,0,0,0,0,0,1,0
3468,1994,2,1,1,0,0,0,1,0,0,0
3482,1991,4,4,2,0,0,0,0,0,1,0
3482,1993,3,2,0,0,0,0,0,0,0,1
3482,1994,1,0,0,0,0,0,0,1,0,0
3482,1995,2,2,1,0,0,0,0,0,1,0
3482,1996,2,1,0,0,0,0,1,0,0,0
3482,1997,3,2,0,0,0,0,1,0,1,0
3482,1998,3,2,0,0,0,0,1,0,1,0
3482,1999,2,2,1,0,0,0,0,0,0,0
3494,2004,1,1,0,0,0,0,0,0,0,0
3494,2005,4,4,3,1,0,1,0,0,1,0
3509,2000,3,3,0,0,0,0,0,0,0,0
3509,2003,1,1,0,0,0,0,0,0,0,0
3509,2010,2,2,1,0,0,0,0,0,0,0
3512,2001,1,1,0,0,0,0,0,0,1,0
3519,1991,1,1,0,0,0,0,0,0,0,0
3519,1992,4,3,2,0,0,0,0,0,1,0
3519,1993,6,5,2,0,0,0,1,0,1,0
3519,1994,4,4,1,0,0,0,0,0,1,0
3519,1995,10,10,2,1,0,1,0,0,2,0
3519,1996,8,6,2,0,0,0,2,0,2,0
3519,1998,9,8,2,0,0,0,1,0,0,0
3519,1999,6,6,3,0,0,1,0,0,0,0
3519,2000,4,4,1,0,0,0,0,0,0,0
3519,2001,1,0,0,0,0,0,0,0,0,1
3522,1994,5,4,2,0,0,0,0,1,0,0
3526,2002,2,2,0,0,0,0,0,0,1,0
3534,1992,1,1,0,0,0,0,0,0,0,0
3546,2009,3,3,2,1,0,0,0,0,0,0
3564,1991,2,2,1,1,0,0,0,0,1,0
3564,1992,8,7,3,0,0,0,1,0,0,0
3564,1993,6,6,0,0,0,0,0,0,0,0
3564,1994,2,2,2,0,0,0,0,0,0,0
3564,1995,3,3,0,0,0,0,0,0,0,0
3566,1996,4,4,4,1,0,1,0,0,0,0
3577,1996,3,3,3,0,0,0,0,0,0,0
3577,1997,4,4,0,0,0,0,0,0,1,0
3577,1998,7,6,0,0,0,0,0,1,2,0
3577,1999,1,1,1,0,0,0,0,0,0,0
3589,2006,1,1,1,0,0,0,0,0,0,0
3596,2007,6,6,2,1,0,0,0,0,1,0
3596,2008,8,8,1,0,0,0,0,0,1,0
3596,2010,3,3,0,0,0,0,0,0,0,0
3600,2003,6,5,1,1,0,0,0,1,0,0
3600,2009,1,1,0,0,0,0,0,0,0,0
3616,2005,2,1,1,0,0,0,0,1,0,0
3626,2003,1,1,1,0,0,0,0,0,0,0
3628,1998,5,3,2,0,0,1,2,0,0,0
3644,2001,1,1,0,0,0,0,0,0,0,0
3644,2002,6,5,1,0,0,0,1,0,0,0
3644,2004,3,3,1,0,0,0,0,0,0,0
3644,2005,3,3,1,0,0,0,0,0,0,0
3644,2006,3,3,0,0,0,0,0,0,2,0
3644,2007,2,2,1,0,0,0,0,0,1,0
3647,1991,1,1,0,0,0,0,0,0,0,0
3647,1993,1,1,1,1,0,0,0,0,0,0
3659,1997,1,1,0,0,0,0,0,0,1,0
3659,1998,2,2,1,0,0,0,0,0,0,0
3659,1999,2,2,0,0,0,0,0,0,1,0
3659,2000,2,2,0,0,0,0,0,0,1,0
3659,2001,2,2,1,0,0,0,0,0,0,0
3659,2003,1,1,0,0,0,0,0,0,0,0
3659,2008,1,1,0,0,0,0,0,0,1,0
3665,2009,1,1,1,0,1,0,0,0,0,0
3680,2004,2,2,1,0,0,0,0,0,0,0
3680,2007,2,2,0,0,0,0,0,0,0,0
3680,2008,1,1,1,0,0,0,0,0,0,0
3681,2003,1,1,0,0,0,0,0,0,0,0
3683,2008,3,3,2,1,0,0,0,0,0,0
3683,2010,3,3,1,0,0,0,0,0,0,0
3694,2001,5,5,1,0,0,0,0,0,1,0
3694,2002,4,4,0,0,0,0,0,0,2,0
3694,2004,3,3,1,0,0,1,0,0,0,0
3694,2005,6,5,0,0,0,0,0,0,0,1
3694,2007,1,1,0,0,0,0,0,0,0,0
3694,2008,1,1,0,0,0,0,0,0,0,0
3694,2009,1,1,1,0,0,0,0,0,0,0
3694,2010,4,4,0,0,0,0,0,0,0,0
3694,2011,3,2,2,1,0,0,1,0,0,0
3699,2003,6,6,2,1,0,0,0,0,1,0
3702,1999,1,1,1,0,0,0,0,0,0,0
3702,2000,1,1,0,0,0,0,0,0,0,0
3702,2001,1,1,0,0,0,0,0,0,0,0
3703,2005,1,1,0,0,0,0,0,0,1,0
3703,2006,2,2,2,0,0,1,0,0,0,0
3703,2008,3,3,2,1,0,0,0,0,0,0
3754,1991,4,4,0,0,0,0,0,0,1,0
3754,1992,3,3,1,0,0,0,0,0,0,0
3754,1993,5,4,1,0,0,0,1,0,1,0
3754,1994,3,3,1,0,0,0,0,0,0,0
3765,2003,1,1,0,0,0,0,0,0,1,0
3765,2005,1,1,0,0,0,0,0,0,1,0
3776,2008,1,1,0,0,0,0,0,0,0,0
3786,2001,1,1,1,0,0,0,0,0,0,0
3797,1998,2,2,0,0,0,0,0,0,1,0
3797,1999,1,1,0,0,0,0,0,0,1,0
3798,1999,1,1,0,0,0,0,0,0,0,0
3798,2000,2,2,2,0,1,1,0,0,0,0
3799,2007,2,2,0,0,0,0,0,0,0,0
3809,2000,3,3,2,0,0,0,0,0,1,0
3809,2001,1,1,0,0,0,0,0,0,0,0
3809,2005,1,1,0,0,0,0,0,0,0,0
3811,1998,2,1,0,0,0,0,1,0,0,0
3815,1998,1,1,0,0,0,0,0,0,0,0
3833,2010,1,1,0,0,0,0,0,0,0,0
3834,2009,4,4,0,0,0,0,0,0,1,0
3834,2011,3,3,1,0,0,1,0,0,1,0
3870,1999,7,7,4,1,0,0,0,0,0,0
3870,2000,3,2,0,0,0,0,1,0,0,0
3870,2001,4,3,0,0,0,0,1,0,1,0
3870,2002,7,7,0,0,0,0,0,0,5,0
3870,2004,10,10,3,1,0,0,0,0,1,0
3870,2005,7,7,3,1,0,0,0,0,0,0
3870,2006,14,14,4,0,0,0,0,0,3,0
3876,2004,1,1,0,0,0,0,0,0,1,0
3876,2007,3,3,2,0,0,0,0,0,1,0
3878,2010,3,3,1,0,0,0,0,0,1,0
3899,1996,2,2,1,1,0,0,0,0,0,0
3899,1997,2,2,0,0,0,0,0,0,1,0
3899,1998,1,1,0,0,0,0,0,0,0,0
3899,1999,1,1,0,0,0,0,0,0,0,0
3899,2000,1,1,0,0,0,0,0,0,0,0
3899,2001,2,2,0,0,0,0,0,0,1,0
3900,1991,5,5,2,0,0,0,0,0,0,0
3902,2003,1,1,0,0,0,0,0,0,0,0
3915,2002,2,2,1,0,0,0,0,0,0,0
3916,1993,3,3,0,0,0,0,0,0,0,0
3916,1997,7,6,1,0,0,0,1,0,1,0
3916,1998,3,3,0,0,0,0,0,0,0,0
3917,1992,2,2,0,0,0,0,0,0,0,0
3917,1994,5,4,1,0,0,0,1,0,0,0
3925,2001,3,3,1,0,0,0,0,0,1,0
3925,2004,6,5,0,0,0,0,1,0,1,0
3925,2005,11,11,0,0,0,0,0,0,3,0
3925,2006,14,13,5,2,0,0,0,0,1,0
3925,2007,3,3,1,0,0,0,0,0,0,0
3925,2008,8,8,1,0,0,0,0,0,2,0
3925,2009,3,3,0,0,0,0,0,0,1,0
3925,2010,3,3,0,0,0,0,0,0,0,0
3951,2006,3,3,1,0,0,0,0,0,2,0
3951,2007,9,8,2,0,0,0,1,0,3,0
3951,2008,2,2,1,0,0,0,0,0,0,0
3951,2009,2,2,1,0,0,0,0,0,0,0
3966,2004,1,1,0,0,0,0,0,0,0,0
3966,2006,3,3,0,0,0,0,0,0,1,0
3966,2007,3,3,1,1,0,0,0,0,2,0
3966,2008,1,1,1,0,0,0,0,0,0,0
3966,2009,6,5,0,0,0,0,0,1,2,0
3971,2003,2,2,0,0,0,0,0,0,0,0
3975,2011,3,2,0,0,0,0,1,0,1,0
3976,2009,5,4,2,0,0,1,1,0,0,0
3989,2004,7,5,3,2,0,0,2,0,1,0
4030,1991,4,4,1,0,0,0,0,0,0,0
4030,1994,1,0,0,0,0,0,1,0,0,0
4076,2002,2,2,0,0,0,0,0,0,1,0
4086,1995,3,3,0,0,0,0,0,0,0,0
4086,1996,3,2,2,0,0,0,1,0,0,0
4095,2003,13,8,2,0,0,1,5,0,1,0
4095,2004,4,4,2,0,0,0,0,0,0,0
4095,2007,3,3,2,1,1,0,0,0,0,0
4102,2002,3,3,0,0,0,0,0,0,1,0
4102,2007,1,1,0,0,0,0,0,0,0,0
4106,2004,9,8,1,1,0,0,1,0,0,0
4106,2005,4,3,1,0,0,0,1,0,0,0
4106,2006,7,7,5,2,0,0,0,0,0,0
4106,2007,2,2,1,0,0,0,0,0,0,0
4106,2008,2,1,0,0,0,0,1,0,0,0
4122,1995,1,1,0,0,0,0,0,0,1,0
4122,1996,4,4,1,0,0,0,0,0,0,0
4163,2009,2,2,0,0,0,0,0,0,0,0
4164,2010,1,1,0,0,0,0,0,0,0,0
4173,2003,3,3,0,0,0,0,0,0,1,0
4173,2005,5,5,2,0,1,1,0,0,2,0
4180,2006,1,1,0,0,0,0,0,0,0,0
4180,2011,1,1,0,0,0,0,0,0,0,0
4199,2003,3,2,0,0,0,0,1,0,0,0
4203,1996,6,6,1,0,0,0,0,0,0,0
4203,1997,3,2,1,0,0,0,1,0,1,0
4203,1999,3,3,1,0,0,0,0,0,0,0
4203,2000,3,3,2,1,0,0,0,0,0,0
4219,1991,4,4,0,0,0,0,0,0,3,0
4219,1992,3,2,1,0,0,0,1,0,0,0
4219,1993,1,1,0,0,0,0,0,0,0,0
4219,1994,3,1,0,0,0,0,2,0,0,0
4219,1995,12,12,5,0,0,0,0,0,1,0
4219,1996,9,8,4,3,0,0,0,0,2,1
4219,1997,3,3,0,0,0,0,0,0,1,0
4219,1998,2,2,0,0,0,0,0,0,0,0
4219,2005,3,3,1,1,0,0,0,0,1,0
4231,2006,3,3,0,0,0,0,0,0,1,0
4231,2009,1,1,0,0,0,0,0,0,0,0
4231,2010,3,3,1,0,0,0,0,0,0,0
4235,2009,2,2,0,0,0,0,0,0,1,0
4239,1993,2,2,1,0,0,0,0,0,0,0
4239,1994,4,4,3,0,0,1,0,0,0,0
4246,1992,1,1,0,0,0,0,0,0,0,0
4249,2006,1,1,1,0,0,0,0,0,0,0
4249,2009,2,2,2,0,0,0,0,0,0,0
4249,2011,1,1,0,0,0,0,0,0,0,0
4259,1992,3,3,0,0,0,0,0,0,0,0
4259,1993,3,2,0,0,0,0,1,0,0,0
4269,1996,1,1,1,0,0,0,0,0,0,0
4271,1992,1,1,1,0,0,0,0,0,0,0
4282,2002,2,1,1,0,0,0,0,0,0,1
4282,2003,4,3,2,0,0,0,1,0,0,0
4287,1991,1,1,0,0,0,0,0,0,0,0
4288,2009,1,1,0,0,0,0,0,0,0,0
4326,2006,1,1,1,0,0,0,0,0,0,0
4326,2007,2,2,1,0,0,0,0,0,1,0
4326,2008,3,2,1,0,0,0,0,0,0,1
4326,2009,1,1,0,0,0,0,0,0,0,0
4326,2010,1,0,0,0,0,0,1,0,0,0
4336,2004,2,2,1,0,0,1,0,0,0,0
4336,2005,2,2,0,0,0,0,0,0,2,0
4336,2006,2,2,0,0,0,0,0,0,0,0
4336,2009,2,2,0,0,0,0,0,0,0,0
4336,2011,1,1,0,0,0,0,0,0,0,0
4337,2010,1,1,0,0,0,0,0,0,0,0
4343,2004,4,4,3,0,0,0,0,0,1,0
4344,2004,4,4,1,0,0,0,0,0,1,0
4344,2005,5,5,3,0,0,0,0,0,0,0
4344,2006,3,3,1,0,0,0,0,0,0,0
4344,2007,6,6,3,0,0,1,0,0,0,0
4344,2008,9,9,2,0,0,0,0,0,1,0
4344,2009,3,3,1,0,0,0,0,0,1,0
4344,2011,3,3,0,0,0,0,0,0,2,0
4361,2004,6,6,1,0,0,0,0,0,1,0
4361,2009,2,2,2,0,0,0,0,0,0,0
4364,1994,3,2,0,0,0,0,1,0,0,0
4364,1995,3,3,2,1,0,0,0,0,0,0
4364,1999,1,0,0,0,0,0,1,0,0,0
4364,2000,1,1,0,0,0,0,0,0,0,0
4364,2002,1,1,0,0,0,0,0,0,0,0
4364,2004,1,1,0,0,0,0,0,0,0,0
4372,1994,1,1,0,0,0,0,0,0,0,0
4372,1995,2,2,1,0,0,0,0,0,0,0
4372,1996,5,4,3,0,0,0,1,0,0,0
4372,1998,1,1,0,0,0,0,0,0,0,0
4372,1999,1,1,1,0,0,0,0,0,0,0
4372,2000,1,1,0,0,0,0,0,0,0,0
4377,1997,1,1,1,0,0,0,0,0,0,0
4393,2003,1,1,0,0,0,0,0,0,0,0
4399,1993,2,2,0,0,0,0,0,0,0,0
4399,1995,4,2,0,0,0,0,2,0,0,0
4399,1996,2,2,0,0,0,0,0,0,1,0
4399,1997,1,1,1,0,0,1,0,0,0,0
4399,1998,2,1,0,0,0,0,1,0,0,0
4399,1999,2,1,1,0,0,1,1,0,0,0
4399,2000,2,2,0,0,0,0,0,0,1,0
4399,2002,3,2,0,0,0,0,0,0,0,1
4399,2008,1,1,0,0,0,0,0,0,0,0
4399,2009,1,1,0,0,0,0,0,0,0,0
4401,1991,4,4,1,0,0,0,0,0,0,0
4401,1992,3,3,2,0,0,0,0,0,1,0
4401,1993,2,2,1,0,0,0,0,0,1,0
4401,1994,5,4,0,0,0,0,0,0,1,1
4401,1995,6,6,3,0,0,0,0,0,0,0
4401,1996,7,7,1,0,0,0,0,0,0,0
4412,2005,4,4,1,0,0,0,0,0,0,0
4412,2006,5,5,2,0,0,1,0,0,0,0
4412,2007,4,4,0,0,0,0,0,0,2,0
4412,2008,4,4,2,1,0,1,0,0,0,0
4412,2009,2,2,1,0,0,0,0,0,0,0
4420,1992,1,1,0,0,0,0,0,0,0,0
4435,1992,6,5,2,0,0,0,1,0,0,0
4435,1993,6,6,0,0,0,0,0,0,1,0
4435,1994,5,5,2,0,0,1,0,0,0,0
4439,1996,1,1,1,1,0,0,0,0,0,0
4449,2004,1,1,0,0,0,0,0,0,1,0
4449,2007,2,2,0,0,0,0,0,0,1,0
4449,2008,6,6,3,0,0,1,0,0,1,0
4450,1991,1,1,0,0,0,0,0,0,0,0
4450,1995,1,1,0,0,0,0,0,0,0,0
4450,2000,3,1,0,0,0,0,2,0,0,0
4450,2001,2,2,1,0,0,1,0,0,0,0
4454,2009,1,1,1,0,0,0,0,0,0,0
4454,2010,1,1,0,0,0,0,0,0,0,0
4459,2006,3,3,1,0,0,0,0,0,2,0
4459,2009,2,2,0,0,0,0,0,0,1,0
4467,1991,1,1,0,0,0,0,0,0,0,0
4468,1991,2,2,1,0,0,0,0,0,0,0
4468,1992,6,6,2,1,0,0,0,0,0,0
4468,1993,3,2,0,0,0,0,1,0,1,0
4468,1994,7,7,2,0,0,0,0,0,2,0
4468,1995,7,7,5,1,0,0,0,0,0,0
4468,1996,10,9,4,0,0,0,0,1,2,0
4468,1997,3,2,1,0,0,1,1,0,0,0
4468,1998,9,8,1,1,0,0,1,0,2,0
4468,1999,9,9,3,0,0,2,0,0,2,0
4481,1992,6,5,1,0,0,0,1,0,0,0
4481,1993,1,1,1,0,0,1,0,0,0,0
4485,1991,2,2,1,0,0,0,0,0,0,0
4485,1992,4,4,2,0,0,0,0,0,1,0
4485,1993,3,3,0,0,0,0,0,0,1,0
4485,1995,1,1,1,0,0,0,0,0,0,0
4487,2003,1,1,0,0,0,0,0,0,0,0
4493,2010,2,2,0,0,0,0,0,0,1,0
4510,1999,8,8,2,0,0,0,0,0,0,0
4510,2000,4,4,1,0,0,1,0,0,0,0
4510,2001,2,2,1,0,0,0,0,0,0,0
4510,2002,6,5,0,0,0,0,1,0,0,0
4510,2003,1,1,0,0,0,0,0,0,0,0
4510,2005,3,3,1,0,0,1,0,0,0,0
4521,1994,1,1,0,0,0,0,0,0,0,0
4530,1999,8,8,5,1,0,1,0,0,1,0
4530,2001,3,3,1,0,0,0,0,0,0,0
4530,2002,3,3,2,1,0,0,0,0,0,0
4530,2004,4,4,2,0,0,1,0,0,2,0
4530,2007,8,8,0,0,0,0,0,0,1,0
4530,2008,3,3,1,0,0,0,0,0,1,0
4530,2010,6,6,3,1,0,0,0,0,1,0
4530,2011,4,4,0,0,0,0,0,0,2,0
4536,2004,1,1,0,0,0,0,0,0,1,0
4536,2006,1,1,0,0,0,0,0,0,0,0
4543,2010,6,6,3,1,0,0,0,0,0,0
4543,2011,3,3,1,1,0,0,0,0,1,0
4552,1999,3,3,1,0,0,1,0,0,2,0
4552,2001,3,3,3,2,0,0,0,0,0,0
4559,1997,3,3,0,0,0,0,0,0,1,0
4559,2002,1,1,1,0,0,0,0,0,0,0
4559,2004,1,1,0,0,0,0,0,0,0,0
4559,2006,1,1,0,0,0,0,0,0,0,0
4561,2007,2,2,1,0,0,0,0,0,0,0
4561,2008,2,2,1,1,0,0,0,0,0,0
4561,2009,6,6,1,0,0,0,0,0,1,0
4570,2001,3,3,0,0,0,0,0,0,2,0
4570,2003,13,13,8,1,0,0,0,0,1,0
4570,2004,3,3,1,0,0,0,0,0,0,0
4578,1996,2,2,2,0,0,0,0,0,0,0
4585,1992,2,2,0,0,0,0,0,0,0,0
4585,1993,5,5,2,1,0,0,0,0,0,0
4585,1995,3,3,1,0,0,0,0,0,2,0
4585,1996,17,17,5,1,0,1,0,0,1,0
4585,1998,5,5,2,1,0,0,0,0,0,0
4585,1999,2,1,0,0,0,0,1,0,0,0
4598,2009,1,1,1,0,0,0,0,0,0,0
4601,2008,1,1,0,0,0,0,0,0,0,0
4601,2009,2,2,0,0,0,0,0,0,0,0
4604,1991,2,2,1,0,0,0,0,0,1,0
4604,1992,5,5,1,1,0,0,0,0,2,0
4604,1993,7,7,3,1,1,0,0,0,1,0
4604,1995,3,3,0,0,0,0,0,0,0,0
4604,1996,8,8,4,2,0,0,0,0,0,0
4604,1998,3,3,0,0,0,0,0,0,0,0
4605,1996,3,3,0,0,0,0,0,0,1,0
4608,2010,6,6,2,1,0,0,0,0,2,0
4610,2010,5,5,2,1,0,0,0,0,0,0
4611,2009,6,6,3,1,0,1,0,0,1,0
4611,2011,3,2,0,0,0,0,1,0,0,0
4619,2004,6,5,2,0,0,0,1,0,1,0
4619,2005,3,3,1,0,0,0,0,0,0,0
4619,2008,3,3,1,0,0,0,0,0,1,0
4619,2009,6,5,1,0,0,1,1,0,1,0
4620,2003,3,3,2,0,0,1,0,0,1,0
4620,2005,4,4,1,0,0,0,0,0,1,0
4620,2006,3,3,1,1,0,0,0,0,0,0
4620,2007,6,6,1,1,0,0,0,0,0,0
4620,2008,3,3,1,0,0,0,0,0,0,0
4620,2011,3,3,1,0,0,0,0,0,0,0
4625,2004,1,1,0,0,0,0,0,0,0,0
4626,1995,5,5,2,0,0,0,0,0,0,0
4637,2002,6,6,5,1,0,1,0,0,1,0
4637,2003,2,1,0,0,0,0,1,0,0,0
4637,2004,1,1,0,0,0,0,0,0,1,0
4637,2005,2,1,0,0,0,0,1,0,0,0
4637,2006,1,1,0,0,0,0,0,0,0,0
4651,1991,3,3,1,1,0,0,0,0,1,0
4651,1992,3,2,2,0,0,0,1,0,0,0
4651,1993,2,1,0,0,0,0,1,0,0,0
4651,1994,3,3,1,0,0,0,0,0,1,0
4653,1991,2,2,1,0,0,0,0,0,0,0
4653,1992,1,1,0,0,0,0,0,0,0,0
4658,2005,2,2,0,0,0,0,0,0,0,0
4666,2009,2,2,0,0,0,0,0,0,0,0
4670,1996,2,2,0,0,0,0,0,0,0,0
4670,1997,2,1,0,0,0,0,1,0,1,0
4670,1998,1,1,0,0,0,0,0,0,0,0
4696,1993,1,1,1,0,0,0,0,0,0,0
4700,1991,2,2,1,0,0,0,0,0,0,0
4700,1992,1,0,0,0,0,0,0,0,0,0
4701,1999,2,2,1,0,0,0,0,0,0,0
4701,2006,2,2,0,0,0,0,0,0,0,0
4708,1997,8,7,3,0,0,0,1,0,0,0
4708,1998,5,5,0,0,0,0,0,0,1,0
4708,1999,3,1,0,0,0,0,1,0,0,1
4708,2000,4,4,1,0,0,1,0,0,0,0
4708,2002,3,3,0,0,0,0,0,0,1,0
4708,2004,2,2,1,0,0,0,0,0,0,0
4708,2005,1,1,0,0,0,0,0,0,0,0
4718,1993,2,2,0,0,0,0,0,0,0,0
4729,1991,3,3,1,1,0,0,0,0,0,0
4730,2009,1,1,0,0,0,0,0,0,0,0
4731,1998,3,3,1,0,0,0,0,0,0,0
4731,1999,5,5,2,0,0,1,0,0,0,0
4731,2000,1,1,0,0,0,0,0,0,0,0
4731,2001,2,2,0,0,0,0,0,0,0,0
4731,2006,1,1,0,0,0,0,0,0,1,0
4731,2008,1,1,0,0,0,0,0,0,0,0
4742,2009,1,1,0,0,0,0,0,0,0,0
4744,1996,9,9,4,1,0,0,0,0,3,0
4744,1997,4,4,1,0,0,0,0,0,2,0
4744,1998,6,6,4,2,0,0,0,0,1,0
4744,1999,6,6,0,0,0,0,0,0,0,0
4768,1992,2,2,0,0,0,0,0,0,0,0
4768,1993,2,1,0,0,0,0,0,0,0,1
4785,2003,6,4,2,1,1,0,0,0,0,2
4785,2007,1,1,0,0,0,0,0,0,0,0
4785,2009,3,3,1,0,0,0,0,0,2,0
4785,2010,1,1,0,0,0,0,0,0,1,0
4803,2006,2,2,0,0,0,0,0,0,2,0
4825,2005,2,2,1,0,0,0,0,0,0,0
4825,2006,4,4,1,0,0,0,0,0,1,0
4825,2010,1,1,0,0,0,0,0,0,0,0
4831,1991,1,1,0,0,0,0,0,0,1,0
4831,1992,2,2,1,0,0,0,0,0,1,0
4835,1991,2,2,0,0,0,0,0,0,0,0
4835,1992,1,1,0,0,0,0,0,0,0,0
4835,1993,1,1,0,0,0,0,0,0,0,0
4839,2007,2,2,1,0,0,0,0,0,1,0
4840,1997,2,2,0,0,0,0,0,0,0,0
4840,1999,3,3,0,0,0,0,0,0,0,0
4844,1993,1,1,0,0,0,0,0,0,0,0
4845,1992,3,2,0,0,0,0,1,0,0,0
4845,1993,2,2,1,0,0,0,0,0,1,0
4847,2002,1,1,0,0,0,0,0,0,0,0
4853,2010,7,6,1,0,0,0,0,1,2,0
4857,1992,2,1,0,0,0,0,1,0,0,0
4857,1993,3,3,0,0,0,0,0,0,0,0
4857,1994,6,6,2,0,0,1,0,0,0,0
4857,1996,4,4,0,0,0,0,0,0,1,0
4857,1997,11,10,3,0,0,0,1,0,0,0
4857,1999,4,3,1,0,0,0,1,0,0,0
4857,2004,5,4,1,0,0,0,0,0,0,1
4862,2003,2,2,1,1,0,0,0,0,1,0
4863,1999,3,3,2,0,0,0,0,0,0,0
4863,2000,7,6,3,1,0,0,0,0,0,1
4863,2001,8,8,3,0,1,2,0,0,1,0
4869,2003,2,1,1,0,0,0,1,0,0,0
4871,2002,3,3,1,1,0,0,0,0,1,0
4871,2003,4,4,2,1,0,0,0,0,0,0
4871,2005,5,5,1,0,1,0,0,0,0,0
4882,2002,3,3,1,0,0,0,0,0,0,0
4886,2010,2,2,0,0,0,0,0,0,1,0
4887,2010,2,2,1,1,0,0,0,0,0,0
4896,2005,2,2,0,0,0,0,0,0,1,0
4896,2007,2,2,2,0,0,0,0,0,0,0
4896,2008,2,2,0,0,0,0,0,0,0,0
4901,1993,2,2,1,0,0,0,0,0,0,0
4910,2000,3,3,0,0,0,0,0,0,1,0
4910,2001,4,4,1,0,0,0,0,0,1,0
4910,2003,9,7,2,0,0,0,2,0,1,0
4910,2008,3,3,1,0,0,0,0,0,1,0
4910,2009,3,3,0,0,0,0,0,0,3,0
4916,1998,6,5,1,0,0,0,0,0,2,1
4916,1999,3,3,1,1,0,0,0,0,0,0
4916,2000,8,8,2,0,0,0,0,0,0,0
4916,2001,3,3,0,0,0,0,0,0,1,0
4916,2002,2,2,0,0,0,0,0,0,0,0
4916,2004,3,3,2,0,0,0,0,0,0,0
4916,2005,3,3,0,0,0,0,0,0,0,0
4920,1992,1,1,0,0,0,0,0,0,0,0
4920,1993,2,2,1,0,0,0,0,0,0,0
4920,1994,2,1,0,0,0,0,1,0,1,0
4920,1995,1,1,0,0,0,0,0,0,1,0
4920,1996,4,3,2,0,0,0,1,0,1,0
4920,1997,1,0,0,0,0,0,1,0,0,0
4920,1998,3,3,1,1,0,0,0,0,0,0
4920,1999,2,2,1,0,0,0,0,0,0,0
4920,2000,1,1,1,0,0,1,0,0,0,0
4920,2002,1,1,0,0,0,0,0,0,0,0
4920,2003,4,3,0,0,0,0,1,0,0,0
4920,2007,1,1,1,0,0,0,0,0,0,0
4922,2002,3,3,1,0,0,0,0,0,1,0
4922,2005,6,6,2,1,0,0,0,0,0,0
4922,2006,11,9,2,0,0,0,1,0,0,1
4929,1994,3,3,0,0,0,0,0,0,1,0
4930,2007,1,1,1,0,0,0,0,0,0,0
4935,2011,1,1,0,0,0,0,0,0,0,0
4956,1995,3,3,1,0,0,0,0,0,0,0
4956,1996,4,3,1,0,0,1,0,1,1,0
4956,1997,3,3,2,1,0,0,0,0,0,0
4956,1998,3,3,1,0,0,0,0,0,0,0
4960,1991,5,5,1,1,0,0,0,0,0,0
4960,1992,2,2,1,0,0,0,0,0,0,0
4972,1991,2,2,0,0,0,0,0,0,1,0
4972,1992,4,4,1,0,0,0,0,0,1,0
4972,1994,4,4,1,1,0,0,0,0,0,0
4996,2001,2,1,0,0,0,0,1,0,0,0
5012,1997,4,4,0,0,0,0,0,0,0,0
5012,1998,3,3,0,0,0,0,0,0,0,0
5012,1999,3,1,1,0,0,0,2,0,0,0
5015,1994,1,1,0,0,0,0,0,0,0,0
5027,1999,4,4,1,0,0,0,0,0,0,0
5032,2008,2,2,0,0,0,0,0,0,1,0
5045,1994,2,2,0,0,0,0,0,0,0,0
5045,1995,6,6,4,0,0,1,0,0,0,0
5045,1996,10,10,1,0,0,0,0,0,1,0
5045,1997,3,3,0,0,0,0,0,0,2,0
5045,1998,3,3,0,0,0,0,0,0,2,0
5045,2001,3,3,1,0,0,0,0,0,0,0
5045,2002,3,3,2,1,0,0,0,0,0,0
5053,2008,4,4,1,0,0,0,0,0,1,0
5053,2009,3,3,1,0,0,0,0,0,0,0
5063,2003,3,3,2,1,0,0,0,0,0,0
5079,2000,1,0,0,0,0,0,0,0,0,1
5079,2009,2,2,1,0,0,0,0,0,0,0
5106,1993,1,1,1,0,0,0,0,0,0,0
5108,1991,1,1,1,0,0,0,0,0,0,0
5108,1992,2,2,0,0,0,0,0,0,1,0
5108,1997,2,2,2,0,0,0,0,0,0,0
5108,1998,1,0,0,0,0,0,1,0,0,0
5108,1999,2,2,0,0,0,0,0,0,1,0
5108,2002,1,1,0,0,0,0,0,0,1,0
5108,2003,2,2,0,0,0,0,0,0,1,0
5121,1996,2,1,0,0,0,0,1,0,0,0
5121,1997,2,2,0,0,0,0,0,0,1,0
5121,1999,1,0,0,0,0,0,1,0,0,0
5121,2000,1,1,0,0,0,0,0,0,0,0
5121,2002,1,1,1,0,0,0,0,0,0,0
5126,1995,1,1,1,0,0,0,0,0,0,0
5128,1995,1,1,0,0,0,0,0,0,1,0
5166,1991,3,3,0,0,0,0,0,0,1,0
5166,1992,7,7,1,0,0,1,0,0,0,0
5184,1994,1,0,0,0,0,0,1,0,0,0
5203,2005,4,3,1,0,0,0,1,0,0,0
5203,2006,3,3,2,0,0,0,0,0,0,0
5203,2008,2,2,0,0,0,0,0,0,1,0
5207,1995,2,2,1,0,0,0,0,0,0,0
5209,1998,1,1,0,0,0,0,0,0,0,0
5209,1999,2,2,1,0,0,0,0,0,1,0
5209,2000,1,1,0,0,0,0,0,0,0,0
5209,2002,2,2,1,1,0,0,0,0,0,0
5209,2004,3,3,2,0,0,1,0,0,0,0
5209,2005,3,3,1,0,0,0,0,0,1,0
5209,2006,1,1,0,0,0,0,0,0,1,0
5236,1995,1,1,1,0,0,0,0,0,0,0
5236,1996,2,2,0,0,0,0,0,0,0,0
5240,2006,3,3,1,0,0,0,0,0,1,0
5243,1999,6,6,2,0,0,0,0,0,2,0
5243,2000,6,6,2,0,1,0,0,0,0,0
5243,2001,7,7,4,0,0,1,0,0,0,0
5243,2002,3,3,2,0,0,0,0,0,0,0
5243,2003,3,2,1,0,0,0,1,0,0,0
5243,2010,15,12,5,1,0,1,3,0,0,0
5243,2011,3,3,0,0,0,0,0,0,0,0
5246,2010,3,3,1,1,0,0,0,0,1,0
5258,2007,1,1,0,0,0,0,0,0,1,0
5258,2008,2,2,1,0,0,0,0,0,0,0
5262,2004,1,1,1,1,0,0,0,0,0,0
5264,1996,2,1,0,0,0,0,1,0,1,0
5306,1995,4,4,1,0,0,0,0,0,0,0
5315,1996,2,2,1,0,0,0,0,0,1,0
5326,2010,1,0,0,0,0,0,0,0,0,1
5327,2008,3,3,3,2,0,0,0,0,0,0
5331,1993,3,3,0,0,0,0,0,0,0,0
5349,1998,5,5,2,0,0,0,0,0,0,0
5349,1999,5,5,1,0,0,0,0,0,0,0
5354,1991,1,1,0,0,0,0,0,0,0,0
5361,1999,1,1,0,0,0,0,0,0,1,0
5361,2000,1,1,0,0,0,0,0,0,0,0
5361,2001,3,3,0,0,0,0,0,0,1,0
5361,2003,1,1,0,0,0,0,0,0,1,0
5361,2008,1,1,0,0,0,0,0,0,0,0
5379,1997,3,2,1,0,0,0,0,0,0,1
5384,2006,1,1,0,0,0,0,0,0,0,0
5384,2008,3,3,2,2,0,0,0,0,0,0
5384,2009,3,3,0,0,0,0,0,0,1,0
5392,1991,1,1,0,0,0,0,0,0,0,0
5392,1996,1,1,0,0,0,0,0,0,0,0
5392,1997,3,2,1,0,0,0,0,1,0,0
5392,1998,1,1,0,0,0,0,0,0,0,0
5392,2001,1,1,1,0,0,1,0,0,0,0
5392,2004,1,1,0,0,0,0,0,0,0,0
5407,1995,5,5,3,1,0,0,0,0,0,0
5407,1997,4,4,0,0,0,0,0,0,0,0
5420,2007,2,2,1,0,0,0,0,0,0,0
5430,1995,2,2,0,0,0,0,0,0,0,0
5430,1996,2,2,0,0,0,0,0,0,1,0
5430,1997,1,1,0,0,0,0,0,0,0,0
5438,2007,2,2,0,0,0,0,0,0,1,0
5441,1996,4,3,1,0,0,0,1,0,0,0
5444,1997,1,1,0,0,0,0,0,0,1,0
5444,1999,5,5,3,1,0,0,0,0,0,0
5444,2000,2,2,2,0,0,2,0,0,0,0
5444,2001,3,2,1,0,0,0,1,0,1,0
5459,1993,3,3,0,0,0,0,0,0,0,0
5471,2005,1,1,1,0,0,0,0,0,0,0
5471,2006,2,2,0,0,0,0,0,0,1,0
5471,2007,4,4,0,0,0,0,0,0,1,0
5471,2008,1,1,0,0,0,0,0,0,0,0
5480,2003,2,2,0,0,0,0,0,0,1,0
5480,2005,3,3,1,0,0,0,0,0,0,0
5480,2009,2,2,0,0,0,0,0,0,1,0
5486,2001,2,2,0,0,0,0,0,0,0,0
5487,2009,2,2,0,0,0,0,0,0,1,0
5497,2008,1,1,0,0,0,0,0,0,0,0
5505,2003,3,3,2,0,0,0,0,0,0,0
5505,2004,2,1,1,0,0,0,1,0,0,0
5509,2007,1,0,0,0,0,0,1,0,0,0
5513,1994,2,1,0,0,0,0,1,0,0,0
5515,2008,2,2,1,0,0,0,0,0,0,0
5515,2009,4,4,1,0,0,0,0,0,0,0
5515,2010,6,6,2,0,0,0,0,0,1,0
5538,1996,1,1,0,0,0,0,0,0,0,0
5538,1997,1,1,0,0,0,0,0,0,0,0
5539,1995,1,1,0,0,0,0,0,0,0,0
5539,1996,10,9,2,0,0,1,1,0,2,0
5539,1998,3,3,0,0,0,0,0,0,1,0
5539,1999,2,2,1,0,0,0,0,0,0,0
5557,1991,3,3,1,1,0,0,0,0,0,0
5559,1998,1,1,0,0,0,0,0,0,1,0
5560,1998,3,3,3,1,0,0,0,0,0,0
5560,1999,3,3,0,0,0,0,0,0,0,0
5560,2000,5,5,3,1,0,0,0,0,0,0
5560,2002,5,5,4,2,0,0,0,0,0,0
5560,2006,6,6,1,0,0,0,0,0,0,0
5562,2010,3,3,0,0,0,0,0,0,0,0
5563,2008,2,2,2,0,0,0,0,0,0,0
5563,2009,1,1,0,0,0,0,0,0,0,0
5576,1997,2,2,1,1,0,0,0,0,0,0
5588,1991,3,2,0,0,0,0,1,0,0,0
5588,1992,4,4,1,1,0,0,0,0,1,0
5588,1993,8,7,0,0,0,0,1,0,2,0
5588,1994,6,5,1,0,0,0,1,0,3,0
5588,1995,13,13,5,1,0,0,0,0,1,0
5588,1996,2,2,1,0,0,1,0,0,0,0
5588,1997,14,14,4,0,0,0,0,0,4,0
5588,1998,6,6,2,1,0,0,0,0,0,0
5588,1999,7,7,2,0,0,0,0,0,2,0
5588,2003,3,3,1,1,0,0,0,0,0,0
5588,2005,3,3,0,0,0,0,0,0,1,0
5588,2006,7,7,1,0,0,0,0,0,3,0
5588,2008,3,3,1,0,0,0,0,0,0,0
5588,2009,2,2,0,0,0,0,0,0,0,0
5612,1993,1,1,1,0,0,0,0,0,0,0
5613,2001,3,3,2,0,0,0,0,0,0,0
5614,1998,3,3,2,0,0,0,0,0,0,0
5618,1991,1,1,0,0,0,0,0,0,1,0
5618,1992,4,2,0,0,0,0,2,0,2,0
5622,1995,2,2,2,1,0,1,0,0,0,0
5622,1996,1,1,0,0,0,0,0,0,0,0
5622,1997,3,3,0,0,0,0,0,0,2,0
5622,1998,2,2,0,0,0,0,0,0,1,0
5622,1999,2,2,1,0,0,1,0,0,0,0
5622,2000,3,3,1,1,0,0,0,0,0,0
5628,2007,1,1,0,0,0,0,0,0,0,0
5659,1991,2,2,0,0,0,0,0,0,1,0
5665,1997,2,2,0,0,0,0,0,0,1,0
5665,1998,2,2,1,0,0,0,0,0,0,0
5665,1999,3,2,0,0,0,0,1,0,2,0
5697,1997,3,3,0,0,0,0,0,0,1,0
5697,1998,2,2,1,0,0,0,0,0,1,0
5701,2002,1,1,0,0,0,0,0,0,1,0
5701,2004,1,1,0,0,0,0,0,0,0,0
5701,2005,2,2,1,0,0,0,0,0,0,0
5701,2008,1,1,0,0,0,0,0,0,0,0
5701,2009,1,1,0,0,0,0,0,0,0,0
5712,2009,1,1,0,0,0,0,0,0,0,0
5712,2010,4,4,0,0,0,0,0,0,1,0
5727,1992,6,6,0,0,0,0,0,0,0,0
5727,1993,4,4,1,0,0,0,0,0,0,0
5727,1994,1,1,1,0,0,0,0,0,0,0
5727,1997,1,0,0,0,0,0,0,1,0,0
5727,1998,2,2,0,0,0,0,0,0,0,0
5727,1999,2,2,0,0,0,0,0,0,0,0
5733,1995,2,2,2,0,0,0,0,0,0,0
5733,1996,5,5,0,0,0,0,0,0,1,0
5733,1998,1,1,0,0,0,0,0,0,0,0
5737,1995,2,2,0,0,0,0,0,0,0,0
5737,1996,3,3,0,0,0,0,0,0,0,0
5737,1997,5,5,3,0,0,0,0,0,0,0
5737,2000,1,1,0,0,0,0,0,0,0,0
5743,2009,5,4,0,0,0,0,1,0,0,0
5743,2010,2,2,2,1,0,0,0,0,0,0
5744,1997,6,5,1,0,0,0,0,1,0,0
5744,1998,3,3,0,0,0,0,0,0,0,0
5744,1999,4,3,0,0,0,0,1,0,1,0
5744,2000,1,1,0,0,0,0,0,0,1,0
5744,2001,1,1,0,0,0,0,0,0,0,0
5744,2002,2,2,0,0,0,0,0,0,0,0
5752,2010,2,2,1,0,0,0,0,0,0,0
5757,2004,6,5,0,0,0,0,1,0,2,0
5757,2005,3,3,0,0,0,0,0,0,0,0
5757,2006,3,3,2,0,0,0,0,0,0,0
5757,2007,2,2,0,0,0,0,0,0,0,0
5757,2008,3,3,0,0,0,0,0,0,1,0
5757,2009,2,2,1,0,0,0,0,0,0,0
5759,1996,2,1,1,0,0,0,1,0,0,0
5759,1998,3,3,0,0,0,0,0,0,1,0
5815,2010,4,4,2,0,0,0,0,0,0,0
5819,2010,5,5,1,0,0,0,0,0,1,0
5820,2001,3,3,1,0,0,0,0,0,1,0
5820,2004,3,3,0,0,0,0,0,0,1,0
5820,2006,1,1,0,0,0,0,0,0,0,0
5835,2006,1,1,0,0,0,0,0,0,1,0
5845,2009,2,2,1,0,0,0,0,0,0,0
5845,2010,3,2,0,0,0,0,0,0,0,0
5852,1991,2,2,0,0,0,0,0,0,0,0
5852,1992,4,4,1,0,0,0,0,0,0,0
5852,1993,6,6,4,0,0,1,0,0,1,0
5852,1994,6,6,2,0,0,0,0,0,0,0
5852,1995,2,2,1,1,0,0,0,0,0,0
5852,1996,6,4,1,0,0,1,2,0,2,0
5852,1997,6,6,2,0,0,0,0,0,1,0
5852,1998,2,2,1,0,0,0,0,0,0,0
5853,1995,1,1,0,0,0,0,0,0,0,0
5853,1996,1,1,1,0,0,0,0,0,0,0
5856,1999,1,1,0,0,0,0,0,0,0,0
5860,1995,3,3,0,0,0,0,0,0,0,0
5864,1991,1,1,1,0,0,0,0,0,0,0
5864,1992,2,2,0,0,0,0,0,0,0,0
5864,1993,1,1,1,1,0,0,0,0,0,0
5871,1999,3,3,0,0,0,0,0,0,1,0
5877,1999,1,1,0,0,0,0,0,0,0,0
5877,2000,2,2,1,0,0,1,0,0,1,0
5877,2003,5,5,4,0,0,0,0,0,0,0
5882,2001,2,2,1,0,0,0,0,0,0,0
5883,2010,1,1,1,0,0,0,0,0,0,0
5892,1991,6,6,3,2,0,0,0,0,1,0
5902,2003,4,3,0,0,0,0,1,0,0,0
5909,2003,4,3,1,0,0,0,1,0,0,0
5909,2004,2,2,1,0,0,0,0,0,1,0
5911,2011,1,1,0,0,0,0,0,0,0,0
5914,1992,4,4,1,0,0,0,0,0,1,0
5945,1991,1,1,0,0,0,0,0,0,1,0
5947,1995,1,1,1,0,0,0,0,0,0,0
5948,2005,1,1,1,1,0,0,0,0,0,0
5973,2003,4,3,2,0,0,0,0,0,0,1
5979,1992,2,2,0,0,0,0,0,0,2,0
5979,1993,4,4,2,0,0,1,0,0,1,0
5981,2008,1,1,0,0,0,0,0,0,0,0
5985,1999,3,3,0,0,0,0,0,0,0,0
5985,2001,4,4,2,0,0,2,0,0,0,0
5985,2002,7,6,3,0,0,0,1,0,0,0
6019,2003,2,2,0,0,0,0,0,0,0,0
6021,2008,1,1,0,0,0,0,0,0,0,0
6023,2006,5,4,1,1,0,0,1,0,0,0
6043,1993,5,5,0,0,0,0,0,0,2,0
6064,1997,2,2,0,0,0,0,0,0,0,0
6064,1998,2,1,0,0,0,0,1,0,0,0
6073,1991,2,2,0,0,0,0,0,0,0,0
6073,1993,3,3,2,0,0,0,0,0,0,0
6084,1999,1,1,1,0,0,0,0,0,0,0
6099,2009,3,3,1,1,0,0,0,0,0,0
6099,2010,3,3,1,0,0,0,0,0,0,0
6118,2002,3,3,0,0,0,0,0,0,0,0
6118,2004,6,6,3,1,0,0,0,0,1,0
6118,2005,4,4,0,0,0,0,0,0,1,0
6118,2006,3,3,0,0,0,0,0,0,0,0
6118,2007,2,2,0,0,0,0,0,0,1,0
6118,2008,6,5,2,0,0,1,1,0,1,0
6118,2009,3,3,0,0,0,0,0,0,0,0
6122,1997,2,2,0,0,0,0,0,0,0,0
6163,1992,4,3,0,0,0,0,1,0,0,0
6180,1991,8,8,2,0,0,0,0,0,3,0
6180,1992,3,3,0,0,0,0,0,0,1,0
6180,1993,6,6,1,0,0,0,0,0,2,0
6180,1994,4,3,1,0,0,0,1,0,0,0
6180,1995,9,9,2,1,0,0,0,0,3,0
6180,1996,4,4,2,0,0,0,0,0,0,0
6180,1998,3,3,1,0,0,0,0,0,1,0
6180,1999,1,1,1,0,0,0,0,0,0,0
6190,2009,3,3,1,1,0,0,0,0,1,0
6229,2010,3,2,0,0,0,0,1,0,0,0
6248,2003,6,6,2,0,0,0,0,0,0,0
6270,1991,1,1,0,0,0,0,0,0,0,0
6270,1992,1,1,0,0,0,0,0,0,0,0
6270,1993,1,1,0,0,0,0,0,0,0,0
6271,2005,1,1,1,0,0,1,0,0,0,0
6271,2009,1,1,0,0,0,0,0,0,0,0
6273,2010,2,2,0,0,0,0,0,0,0,0
6275,1992,3,3,2,1,0,0,0,0,0,0
6275,1993,3,3,2,0,0,0,0,0,0,0
6285,2010,1,1,0,0,0,0,0,0,0,0
6292,2004,10,8,4,2,0,0,2,0,3,0
6292,2005,7,6,0,0,0,0,1,0,1,0
6292,2006,17,15,6,3,0,0,2,0,4,0
6292,2007,3,3,2,2,0,0,0,0,1,0
6292,2011,3,2,0,0,0,0,1,0,1,0
6297,2001,1,1,0,0,0,0,0,0,0,0
6297,2004,3,3,1,1,0,0,0,0,0,0
6321,1993,3,3,0,0,0,0,0,0,0,0
6326,2004,1,1,1,0,0,0,0,0,0,0
6330,1995,1,1,0,0,0,0,0,0,0,0
6332,1993,1,1,0,0,0,0,0,0,0,0
6332,1994,6,5,0,0,0,0,1,0,1,0
6332,1995,10,8,3,0,0,0,2,0,0,0
6332,2003,8,4,2,2,0,0,4,0,1,0
6332,2004,3,2,1,0,0,0,1,0,1,0
6334,1991,3,3,0,0,0,0,0,0,1,0
6334,1992,2,2,1,1,0,0,0,0,1,0
6334,1993,4,4,0,0,0,0,0,0,1,0
6334,1994,3,3,1,0,0,0,0,0,1,0
6369,2010,3,3,1,0,0,0,0,0,1,0
6370,2010,1,1,0,0,0,0,0,0,0,0
6370,2011,1,1,0,0,0,0,0,0,0,0
6376,1997,1,1,0,0,0,0,0,0,0,0
6376,1998,2,2,2,0,1,0,0,0,0,0
6376,1999,1,1,0,0,0,0,0,0,1,0
6376,2003,2,2,0,0,0,0,0,0,0,0
6376,2004,2,1,0,0,0,0,1,0,0,0
6378,2008,3,2,0,0,0,0,1,0,0,0
6380,1999,6,6,1,0,0,0,0,0,1,0
6380,2000,1,1,0,0,0,0,0,0,0,0
6380,2001,2,2,1,0,0,0,0,0,0,0
6380,2002,1,1,0,0,0,0,0,0,0,0
6391,2007,2,2,1,1,0,0,0,0,1,0
6391,2009,2,2,0,0,0,0,0,0,0,0
6395,1996,3,3,2,0,0,0,0,0,0,0
6398,1991,4,4,2,0,0,0,0,0,0,0
6398,1993,2,2,1,0,0,0,0,0,0,0
6412,2003,1,1,0,0,0,0,0,0,0,0
6413,2000,6,6,4,0,0,0,0,0,0,0
6413,2001,5,4,1,0,0,0,1,0,0,0
6413,2002,9,8,1,1,0,0,0,0,3,1
6414,2004,6,5,0,0,0,0,0,0,1,1
6414,2007,3,3,2,1,0,1,0,0,0,0
6418,2004,1,1,1,0,0,0,0,0,0,0
6422,1993,1,1,0,0,0,0,0,0,0,0
6422,1994,1,1,0,0,0,0,0,0,0,0
6423,2001,3,3,1,0,0,1,0,0,1,0
6423,2002,4,3,1,0,0,0,1,0,0,0
6423,2003,3,3,0,0,0,0,0,0,2,0
6423,2004,3,3,0,0,0,0,0,0,0,0
6423,2006,6,6,2,0,0,1,0,0,3,0
6423,2009,7,7,2,1,0,1,0,0,1,0
6425,1994,2,2,1,0,0,0,0,0,0,0
6425,1995,2,2,0,0,0,0,0,0,0,0
6425,1996,7,7,1,0,0,0,0,0,0,0
6425,2001,2,2,1,0,0,1,0,0,0,0
6425,2002,2,2,0,0,0,0,0,0,0,0
6425,2005,13,13,5,1,0,1,0,0,0,0
6430,1999,3,3,1,0,0,0,0,0,0,0
6430,2000,1,1,0,0,0,0,0,0,0,0
6430,2002,1,1,1,1,0,0,0,0,0,0
6430,2003,1,1,0,0,0,0,0,0,0,0
6430,2009,2,1,0,0,0,0,1,0,0,0
6431,2008,3,2,2,0,1,0,1,0,0,0
6431,2009,3,3,1,1,0,0,0,0,2,0
6431,2011,2,2,0,0,0,0,0,0,0,0
6444,2009,1,1,0,0,0,0,0,0,0,0
6450,2003,4,4,2,1,0,0,0,0,1,0
6450,2008,1,1,0,0,0,0,0,0,0,0
6450,2011,1,0,0,0,0,0,0,1,0,0
6453,1993,1,1,0,0,0,0,0,0,0,0
6453,1996,3,3,1,1,0,0,0,0,0,0
6453,1999,1,1,0,0,0,0,0,0,0,0
6460,1995,3,1,0,0,0,0,1,1,0,0
6460,1996,6,5,1,0,0,1,1,0,0,0
6460,1998,2,2,1,0,0,1,0,0,0,0
6460,1999,1,1,1,0,0,0,0,0,0,0
6461,2006,6,6,3,1,0,0,0,0,1,0
6481,2006,1,1,0,0,0,0,0,0,0,0
6481,2007,3,3,2,0,0,1,0,0,1,0
6481,2008,2,2,1,1,0,0,0,0,0,0
6486,2008,3,3,1,0,0,0,0,0,0,0
6489,1993,1,1,0,0,0,0,0,0,0,0
6489,1996,1,1,0,0,0,0,0,0,0,0
6489,2003,1,1,1,0,0,0,0,0,0,0
6492,2001,10,10,2,0,0,0,0,0,2,0
6492,2002,3,3,2,0,1,0,0,0,0,0
6492,2004,3,3,2,0,0,0,0,0,0,0
6492,2006,5,5,2,1,0,0,0,0,0,0
6511,2005,1,1,0,0,0,0,0,0,0,0
6511,2007,3,3,0,0,0,0,0,0,1,0
6511,2010,1,1,0,0,0,0,0,0,0,0
6511,2011,1,1,0,0,0,0,0,0,0,0
6513,2007,6,6,2,1,0,0,0,0,1,0
6518,2007,3,3,2,1,0,0,0,0,1,0
6522,2001,2,2,0,0,0,0,0,0,1,0
6522,2004,9,9,4,0,0,0,0,0,1,0
6522,2005,12,11,4,0,0,0,1,0,0,0
6522,2006,5,5,2,0,0,0,0,0,1,0
6522,2008,2,2,1,0,0,0,0,0,0,0
6522,2009,6,6,1,1,0,0,0,0,2,0
6522,2010,6,6,1,0,0,0,0,0,0,0
6522,2011,3,3,0,0,0,0,0,0,1,0
6554,2004,1,1,0,0,0,0,0,0,0,0
6554,2007,2,2,0,0,0,0,0,0,0,0
6554,2008,2,2,1,0,0,1,0,0,0,0
6554,2009,3,3,1,0,0,0,0,0,0,0
6557,1993,3,3,1,0,0,0,0,0,0,0
6557,1996,3,3,1,1,0,0,0,0,0,0
6557,1997,1,1,0,0,0,0,0,0,0,0
6557,1998,4,3,1,0,0,0,1,0,1,0
6557,1999,1,1,1,0,0,0,0,0,0,0
6557,2000,6,5,2,1,0,0,1,0,1,0
6557,2001,3,3,2,1,0,1,0,0,1,0
6557,2002,1,1,1,0,0,0,0,0,0,0
6558,2004,2,2,1,1,0,0,0,0,1,0
6558,2008,2,2,1,0,0,0,0,0,0,0
6559,2009,1,1,1,0,0,1,0,0,0,0
6569,2007,1,1,0,0,0,0,0,0,0,0
6569,2008,1,1,0,0,0,0,0,0,0,0
6569,2010,1,1,0,0,0,0,0,0,0,0
6569,2011,1,1,0,0,0,0,0,0,0,0
6586,2002,6,6,1,1,0,0,0,0,2,0
6586,2005,2,2,1,0,0,0,0,0,0,0
6586,2006,4,4,0,0,0,0,0,0,2,0
6586,2010,3,3,2,0,0,1,0,0,0,0
6596,1994,3,3,1,0,0,1,0,0,0,0
6612,1998,2,2,1,0,0,0,0,0,0,0
6612,1999,1,1,0,0,0,0,0,0,1,0
6612,2000,1,1,0,0,0,0,0,0,0,0
6612,2001,3,3,2,0,0,0,0,0,1,0
6612,2002,6,5,0,0,0,0,1,0,1,0
6612,2003,4,3,1,1,0,0,0,1,2,0
6612,2004,4,4,0,0,0,0,0,0,1,0
6612,2005,3,3,1,1,0,0,0,0,1,0
6612,2009,3,3,1,0,0,0,0,0,0,0
6612,2010,3,3,1,0,0,0,0,0,1,0
6612,2011,5,5,1,0,0,1,0,0,0,0
6617,2006,1,1,0,0,0,0,0,0,0,0
6617,2008,3,3,1,0,0,0,0,0,1,0
6617,2009,1,1,0,0,0,0,0,0,1,0
6619,1999,3,3,2,1,0,1,0,0,0,0
6619,2001,2,2,1,0,0,0,0,0,0,0
6651,2006,2,2,0,0,0,0,0,0,0,0
6661,1999,1,1,1,1,0,0,0,0,0,0
6685,2003,2,2,1,0,0,0,0,0,1,0
6697,2005,5,5,1,0,0,0,0,0,1,0
6697,2006,3,3,0,0,0,0,0,0,1,0
6697,2008,1,1,0,0,0,0,0,0,0,0
6697,2009,2,1,0,0,0,0,1,0,0,0
6697,2010,1,1,1,0,0,0,0,0,0,0
6698,1992,2,2,0,0,0,0,0,0,0,0
6698,1993,2,1,0,0,0,0,1,0,1,0
6706,1991,3,3,0,0,0,0,0,0,1,0
6735,2003,8,8,2,0,0,2,0,0,0,0
6735,2008,3,2,0,0,0,0,1,0,0,0
6738,1995,2,2,0,0,0,0,0,0,1,0
6738,1996,2,2,0,0,0,0,0,0,0,0
6738,1997,1,1,1,0,0,0,0,0,0,0
6738,1999,1,1,1,0,0,0,0,0,0,0
6749,2004,1,1,0,0,0,0,0,0,0,0
6749,2010,4,4,1,0,0,0,0,0,2,0
6750,2000,1,1,1,0,0,1,0,0,0,0
6750,2001,2,2,0,0,0,0,0,0,0,0
6760,1991,1,1,1,1,0,0,0,0,0,0
6760,1992,3,3,3,0,0,1,0,0,0,0
6760,1995,1,1,1,0,0,0,0,0,0,0
6760,1996,1,1,0,0,0,0,0,0,0,0
6760,2001,2,2,0,0,0,0,0,0,0,0
6763,1993,3,3,2,0,0,0,0,0,0,0
6763,1994,3,3,1,0,0,0,0,0,0,0
6763,1996,1,1,0,0,0,0,0,0,0,0
6768,1997,1,1,0,0,0,0,0,0,0,0
6768,1999,2,2,0,0,0,0,0,0,0,0
6768,2004,1,1,1,0,0,0,0,0,0,0
6768,2006,1,0,0,0,0,0,1,0,0,0
6768,2008,1,1,0,0,0,0,0,0,0,0
6777,1992,2,2,0,0,0,0,0,0,0,0
6777,1994,6,6,0,0,0,0,0,0,0,0
6777,1995,3,3,0,0,0,0,0,0,0,0
6777,2003,2,2,0,0,0,0,0,0,0,0
6778,2009,6,6,2,0,0,0,0,0,0,0
6778,2010,3,3,2,0,0,1,0,0,0,0
6782,2010,3,3,3,1,0,0,0,0,0,0
6794,1993,3,2,0,0,0,0,1,0,0,0
6827,2006,1,1,0,0,0,0,0,0,0,0
6834,2000,1,1,1,0,0,0,0,0,0,0
6834,2005,1,1,0,0,0,0,0,0,1,0
6841,1993,4,4,1,1,0,0,0,0,0,0
6849,2007,1,1,1,0,0,0,0,0,0,0
6849,2008,3,3,2,1,0,0,0,0,0,0
6867,2006,3,2,0,0,0,0,0,0,0,0
6867,2009,3,3,0,0,0,0,0,0,0,0
6867,2010,1,1,0,0,0,0,0,0,1,0
6876,2002,4,4,2,0,0,0,0,0,1,0
6876,2003,6,5,0,0,0,0,1,0,2,0
6876,2009,3,3,1,0,0,0,0,0,1,0
6895,2009,2,2,0,0,0,0,0,0,0,0
6913,2010,1,1,0,0,0,0,0,0,0,0
6918,1994,3,3,1,1,0,0,0,0,0,0
6918,1995,5,5,1,0,0,0,0,0,0,0
6921,1999,1,1,0,0,0,0,0,0,0,0
6921,2004,2,1,0,0,0,0,1,0,0,0
6936,2009,2,2,1,0,0,0,0,0,1,0
6936,2010,1,1,0,0,0,0,0,0,0,0
6966,1998,9,8,2,0,0,0,1,0,1,0
6966,1999,4,4,0,0,0,0,0,0,1,0
6966,2000,3,3,0,0,0,0,0,0,3,0
6970,2000,2,2,0,0,0,0,0,0,1,0
6982,1998,1,1,0,0,0,0,0,0,0,0
6982,1999,2,2,1,1,0,0,0,0,0,0
6982,2000,1,1,1,0,0,0,0,0,0,0
6982,2003,1,1,0,0,0,0,0,0,0,0
7000,2007,2,1,0,0,0,0,1,0,0,0
7000,2009,2,2,0,0,0,0,0,0,0,0
7000,2010,2,2,0,0,0,0,0,0,0,0
7003,2008,2,1,0,0,0,0,1,0,0,0
7005,2007,3,2,0,0,0,0,1,0,0,0
7005,2008,1,1,0,0,0,0,0,0,1,0
7006,2010,1,1,0,0,0,0,0,0,0,0
7010,2004,1,1,0,0,0,0,0,0,0,0
7010,2005,4,4,2,0,0,1,0,0,1,0
7010,2006,1,1,1,0,0,0,0,0,0,0
7026,1997,3,1,0,0,0,0,2,0,0,0
7026,1998,2,2,1,0,0,1,0,0,0,0
7026,1999,1,1,0,0,0,0,0,0,1,0
7027,1997,1,1,0,0,0,0,0,0,0,0
7027,1998,5,4,3,0,1,0,0,1,0,0
7027,1999,1,1,0,0,0,0,0,0,0,0
7027,2000,1,1,0,0,0,0,0,0,0,0
7027,2001,3,2,2,0,0,0,1,0,0,0
7041,2007,4,4,1,0,0,0,0,0,0,0
7041,2008,5,4,0,0,0,0,1,0,2,0
7055,2009,3,3,0,0,0,0,0,0,1,0
7055,2011,2,2,0,0,0,0,0,0,1,0
7066,1995,3,3,0,0,0,0,0,0,0,0
7076,1997,1,1,1,0,0,1,0,0,0,0
7076,2002,3,3,1,0,0,0,0,0,0,0
7076,2004,19,16,7,1,0,2,3,0,3,0
7076,2005,2,2,0,0,0,0,0,0,0,0
7098,2000,11,9,5,1,0,2,2,0,1,0
7098,2001,4,4,0,0,0,0,0,0,0,0
7098,2005,9,9,3,0,0,0,0,0,1,0
7098,2006,3,3,3,1,0,1,0,0,0,0
7099,1993,1,1,0,0,0,0,0,0,0,0
7126,2005,3,3,1,1,0,0,0,0,0,0
7126,2006,6,6,4,0,0,0,0,0,0,0
7126,2007,1,1,1,1,0,0,0,0,0,0
7131,1997,2,2,2,1,0,0,0,0,0,0
7136,1991,3,3,1,1,0,0,0,0,1,0
7136,1993,2,2,1,0,0,0,0,0,0,0
7136,1994,2,2,1,0,0,0,0,0,0,0
7136,1995,1,1,0,0,0,0,0,0,0,0
7136,1996,2,2,1,0,0,0,0,0,0,0
7147,2010,2,1,0,0,0,0,1,0,0,0
7147,2011,2,2,1,0,0,0,0,0,0,0
7153,2005,1,1,0,0,0,0,0,0,1,0
7153,2006,4,4,1,0,0,0,0,0,1,0
7153,2009,3,3,0,0,0,0,0,0,0,0
7173,2010,1,1,1,0,0,0,0,0,0,0
7174,1997,1,1,1,0,0,0,0,0,0,0
7186,1992,6,6,3,1,0,0,0,0,2,0
7186,1993,6,5,3,2,0,0,1,0,0,0
7186,1994,3,3,1,0,0,0,0,0,1,0
7186,1996,14,14,6,0,0,1,0,0,0,0
7186,1997,7,7,0,0,0,0,0,0,0,0
7191,1991,6,5,1,1,0,0,1,0,2,0
7191,1992,10,10,2,0,0,0,0,0,2,0
7191,1993,6,5,0,0,0,0,1,0,0,0
7191,1994,9,9,2,0,0,1,0,0,3,0
7191,1995,7,7,2,0,0,0,0,0,1,0
7191,1996,10,9,1,0,0,0,1,0,0,0
7191,1997,3,3,0,0,0,0,0,0,0,0
7194,2011,3,3,1,0,0,0,0,0,1,0
7199,1996,5,5,0,0,0,0,0,0,0,0
7202,1996,2,2,1,1,0,0,0,0,0,0
7202,1997,2,2,2,1,0,0,0,0,0,0
7202,2001,1,1,0,0,0,0,0,0,0,0
7212,1993,2,2,0,0,0,0,0,0,0,0
7220,2006,1,1,0,0,0,0,0,0,0,0
7220,2008,3,2,2,0,0,0,0,0,0,1
7258,2001,3,3,1,0,0,0,0,0,1,0
7275,1998,1,1,0,0,0,0,0,0,0,0
7299,1991,3,3,2,0,0,0,0,0,1,0
7299,1992,8,8,2,1,0,0,0,0,2,0
7299,1994,2,2,1,0,0,0,0,0,0,0
7299,1996,8,8,3,0,0,1,0,0,1,0
7299,2001,1,1,1,1,0,0,0,0,0,0
7301,2006,3,3,0,0,0,0,0,0,1,0
7310,1999,3,3,0,0,0,0,0,0,1,0
7310,2004,3,3,0,0,0,0,0,0,1,0
7310,2005,3,3,1,1,0,0,0,0,2,0
7310,2006,3,3,2,0,0,0,0,0,0,0
7310,2007,6,6,1,0,0,1,0,0,2,0
7310,2008,3,3,1,0,0,0,0,0,1,0
7311,1996,2,1,1,1,0,0,1,0,0,0
7311,1997,1,1,1,0,0,0,0,0,0,0
7311,1998,1,1,0,0,0,0,0,0,0,0
7311,2000,3,3,0,0,0,0,0,0,1,0
7311,2001,2,2,0,0,0,0,0,0,1,0
7311,2002,5,5,1,0,0,0,0,0,0,0
7313,2005,1,1,0,0,0,0,0,0,0,0
7313,2008,1,1,0,0,0,0,0,0,0,0
7313,2009,1,1,0,0,0,0,0,0,0,0
7322,2010,1,1,0,0,0,0,0,0,0,0
7324,2009,1,1,0,0,0,0,0,0,0,0
7324,2010,1,1,0,0,0,0,0,0,0,0
7337,2010,1,1,0,0,0,0,0,0,0,0
7345,2010,1,1,1,0,0,0,0,0,0,0
7347,1993,1,1,0,0,0,0,0,0,0,0
7354,2009,1,1,0,0,0,0,0,0,0,0
7368,2007,1,1,0,0,0,0,0,0,0,0
7368,2008,2,2,0,0,0,0,0,0,1,0
7372,1997,6,6,3,1,0,0,0,0,1,0
7372,1998,3,3,1,1,0,0,0,0,0,0
7372,1999,5,5,0,0,0,0,0,0,0,0
7372,2001,1,1,1,0,0,0,0,0,0,0
7372,2002,2,2,0,0,0,0,0,0,0,0
7385,2003,1,1,1,0,0,0,0,0,0,0
7386,1997,5,5,2,1,0,1,0,0,1,0
7386,2000,2,2,1,0,0,1,0,0,0,0
7386,2001,3,2,1,0,0,0,1,0,1,0
7386,2003,1,1,0,0,0,0,0,0,0,0
7388,1996,7,7,2,0,1,0,0,0,0,0
7388,2000,1,1,1,0,0,1,0,0,0,0
7388,2003,2,2,0,0,0,0,0,0,1,0
7397,2009,2,2,0,0,0,0,0,0,0,0
7397,2010,1,1,1,0,0,0,0,0,0,0
7400,1993,2,2,1,0,0,0,0,0,0,0
7400,1994,1,1,1,0,0,0,0,0,0,0
7408,1991,4,4,0,0,0,0,0,0,2,0
7408,1992,2,2,1,0,0,1,0,0,1,0
7408,1993,11,11,3,2,0,1,0,0,2,0
7408,1994,7,6,1,0,0,0,0,1,0,0
7408,1995,2,2,0,0,0,0,0,0,1,0
7408,1997,2,2,1,0,0,0,0,0,0,0
7408,1998,3,3,1,0,0,0,0,0,1,0
7408,1999,4,4,1,0,0,0,0,0,0,0
7408,2003,4,4,1,0,0,0,0,0,0,0
7408,2007,1,1,0,0,0,0,0,0,0,0
7414,2008,1,1,0,0,0,0,0,0,1,0
7436,1997,4,4,2,0,0,0,0,0,0,0
7436,1998,2,2,1,0,0,0,0,0,0,0
7436,1999,2,2,1,1,0,0,0,0,0,0
7436,2003,1,1,1,0,0,0,0,0,0,0
7437,2001,3,3,0,0,0,0,0,0,1,0
7447,2009,1,1,1,0,0,1,0,0,0,0
7450,1992,2,2,0,0,0,0,0,0,2,0
7450,1993,2,2,0,0,0,0,0,0,0,0
7457,1992,3,3,0,0,0,0,0,0,0,0
7457,1993,1,1,0,0,0,0,0,0,0,0
7458,1992,2,2,0,0,0,0,0,0,0,0
7458,1993,6,4,1,1,0,0,1,0,0,0
7458,1994,1,1,0,0,0,0,0,0,0,0
7458,1997,2,2,0,0,0,0,0,0,1,0
7458,1998,2,2,0,0,0,0,0,0,1,0
7458,1999,2,2,0,0,0,0,0,0,2,0
7458,2001,1,1,0,0,0,0,0,0,0,0
7459,2010,1,1,0,0,0,0,0,0,1,0
7481,2009,1,1,0,0,0,0,0,0,0,0
7491,2002,3,3,1,0,0,0,0,0,0,0
7491,2003,16,14,1,0,0,1,2,0,4,0
7491,2005,6,6,2,0,0,0,0,0,1,0
7491,2006,7,7,0,0,0,0,0,0,2,0
7491,2007,5,5,0,0,0,0,0,0,3,0
7491,2009,3,3,1,0,0,1,0,0,0,0
7497,2004,5,5,0,0,0,0,0,0,1,0
7497,2005,1,1,1,0,0,0,0,0,0,0
7512,1996,1,1,0,0,0,0,0,0,0,0
7512,1997,3,2,0,0,0,0,1,0,0,0
7512,2001,1,1,0,0,0,0,0,0,0,0
7513,2011,1,0,0,0,0,0,1,0,0,0
7515,2001,7,7,2,1,0,0,0,0,0,0
7515,2002,3,3,0,0,0,0,0,0,0,0
7522,1998,7,7,4,2,0,1,0,0,1,0
7522,1999,3,2,1,0,0,0,1,0,0,0
7522,2000,3,2,0,0,0,0,1,0,1,0
7522,2001,3,3,2,1,0,1,0,0,1,0
7522,2002,3,2,0,0,0,0,1,0,2,0
7522,2006,3,3,1,1,0,0,0,0,0,0
7526,1996,2,1,1,0,0,0,0,0,0,1
7532,2010,1,1,0,0,0,0,0,0,1,0
7540,1993,2,1,0,0,0,0,1,0,0,0
7540,1995,4,3,1,0,0,0,1,0,0,0
7540,1996,4,2,1,0,0,0,2,0,0,0
7540,1997,1,1,0,0,0,0,0,0,0,0
7546,2010,3,3,0,0,0,0,0,0,1,0
7824,1999,4,4,2,1,0,0,0,0,0,0
7824,2000,3,2,0,0,0,0,1,0,0,0
7828,2009,1,1,0,0,0,0,0,0,0,0
7829,1997,4,4,1,0,0,0,0,0,1,0
7829,1998,5,5,2,0,0,1,0,0,0,0
7829,1999,7,7,0,0,0,0,0,0,1,0
7829,2000,3,2,0,0,0,0,0,0,0,1
7836,1993,1,0,0,0,0,0,0,0,0,1
7836,1995,2,2,1,0,0,0,0,0,0,0
7836,1996,5,4,1,0,0,0,1,0,0,0
7842,1999,2,2,1,1,0,0,0,0,0,0
7842,2000,1,1,0,0,0,0,0,0,0,0
7852,2010,1,1,1,0,0,0,0,0,0,0
7879,1992,3,3,0,0,0,0,0,0,1,0
7879,1993,1,1,1,0,0,0,0,0,0,0
7879,1994,2,2,1,0,0,0,0,0,1,0
7879,1995,3,3,1,0,0,0,0,0,0,0
7879,1996,1,0,0,0,0,0,1,0,0,0
7879,1997,2,2,0,0,0,0,0,0,0,0
7879,1998,3,3,2,1,0,0,0,0,0,0
7879,1999,3,3,0,0,0,0,0,0,0,0
7893,1992,5,4,2,0,0,0,1,0,0,0
7893,1993,4,4,0,0,0,0,0,0,0,0
7893,1995,1,1,0,0,0,0,0,0,1,0
7924,1991,7,7,1,1,0,0,0,0,0,0
7924,1992,6,6,0,0,0,0,0,0,1,0
7924,1993,4,3,0,0,0,0,1,0,1,0
7924,1994,10,9,2,0,1,0,1,0,1,0
7941,2010,2,2,1,0,0,0,0,0,0,0
7963,2009,1,1,1,0,0,0,0,0,0,0
7970,2003,1,1,0,0,0,0,0,0,1,0
7980,1998,4,4,2,0,0,0,0,0,0,0
7990,1999,1,1,0,0,0,0,0,0,0,0
7999,2007,1,1,0,0,0,0,0,0,0,0
7999,2008,3,3,0,0,0,0,0,0,2,0
7999,2009,2,2,0,0,0,0,0,0,1,0
8004,1991,3,3,1,0,0,0,0,0,1,0
8004,1993,6,4,2,1,0,0,2,0,2,0
8004,1994,6,5,3,0,0,0,0,1,0,0
8016,2009,2,2,0,0,0,0,0,0,0,0
8023,2007,3,3,2,0,0,0,0,0,0,0
8023,2008,2,2,1,0,0,0,0,0,1,0
8032,2002,3,2,2,2,0,0,1,0,0,0
8032,2003,3,2,0,0,0,0,1,0,1,0
8036,2006,2,2,1,0,0,0,0,0,0,0
8036,2007,1,0,0,0,0,0,1,0,0,0
8036,2009,1,0,0,0,0,0,0,0,0,0
8036,2011,1,1,0,0,0,0,0,0,1,0
8042,2009,2,2,1,0,0,0,0,0,1,0
8045,2003,3,2,0,0,0,0,1,0,1,0
8051,1993,4,4,1,0,0,0,0,0,0,0
8051,1994,3,3,2,0,0,1,0,0,0,0
8051,1995,3,3,1,1,0,0,0,0,0,0
8051,1996,8,8,5,2,0,0,0,0,0,0
8051,1997,10,9,4,2,0,1,1,0,0,0
8051,1998,1,1,1,1,0,0,0,0,0,0
8051,1999,7,7,1,0,0,0,0,0,1,0
8051,2001,12,10,3,1,0,0,2,0,2,0
8051,2002,14,13,3,0,0,1,1,0,2,0
8051,2004,3,2,2,0,0,0,1,0,0,0
8051,2005,6,5,1,0,0,0,1,0,0,0
8051,2007,3,3,0,0,0,0,0,0,0,0
8052,2007,1,1,1,0,0,0,0,0,0,0
8052,2010,3,3,0,0,0,0,0,0,1,0
8058,2006,1,1,1,0,0,1,0,0,0,0
8058,2007,2,2,2,0,1,0,0,0,0,0
8058,2008,1,1,0,0,0,0,0,0,1,0
8058,2010,1,1,0,0,0,0,0,0,0,0
8060,2000,7,6,3,0,0,0,0,0,1,1
8060,2001,4,4,0,0,0,0,0,0,0,0
8060,2002,14,14,3,0,0,0,0,0,1,0
8060,2003,3,3,1,0,0,0,0,0,1,0
8061,1994,2,2,0,0,0,0,0,0,0,0
8061,1996,3,3,1,0,0,0,0,0,0,0
8061,1997,1,1,0,0,0,0,0,0,1,0
8061,2004,7,7,3,0,0,1,0,0,0,0
8061,2005,4,2,1,0,0,1,0,0,0,1
8079,1993,2,1,1,0,0,0,1,0,0,0
8079,1998,2,2,1,0,0,0,0,0,0,0
8082,1992,1,1,0,0,0,0,0,0,0,0
8084,1995,3,3,1,0,0,0,0,0,0,0
8089,1999,3,3,1,1,0,0,0,0,0,0
8089,2003,1,1,0,0,0,0,0,0,0,0
8092,2005,1,1,0,0,0,0,0,0,0,0
8137,1991,2,2,0,0,0,0,0,0,2,0
8137,1992,2,2,0,0,0,0,0,0,1,0
8137,1993,6,6,3,2,0,0,0,0,0,0
8137,1994,2,1,0,0,0,0,1,0,1,0
8137,1995,3,3,2,0,0,0,0,0,0,0
8137,1996,8,8,1,1,0,0,0,0,1,0
8137,1997,9,9,3,0,0,0,0,0,3,0
8137,1999,6,6,3,1,0,0,0,0,1,0
8137,2000,7,7,0,0,0,0,0,0,4,0
8137,2001,2,2,1,0,0,0,0,0,1,0
8137,2002,5,5,1,1,0,0,0,0,2,0
8137,2004,3,3,1,0,0,0,0,0,1,0
8137,2005,5,5,1,0,0,0,0,0,1,0
8137,2006,4,4,0,0,0,0,0,0,0,0
8137,2007,5,5,2,0,0,0,0,0,1,0
8138,2007,1,1,0,0,0,0,0,0,0,0
8140,1992,2,2,1,0,0,0,0,0,0,0
8142,2003,13,11,5,1,0,0,2,0,2,0
8142,2004,3,3,0,0,0,0,0,0,0,0
8145,1996,2,2,0,0,0,0,0,0,0,0
8146,1996,1,1,0,0,0,0,0,0,0,0
8146,1997,1,1,1,0,0,0,0,0,0,0
8146,2000,1,1,0,0,0,0,0,0,0,0
8146,2004,1,0,0,0,0,0,1,0,0,0
8147,1996,1,1,0,0,0,0,0,0,0,0
8147,1997,2,2,2,0,0,0,0,0,0,0
8147,1998,4,3,1,0,0,0,1,0,0,0
8148,2001,2,1,0,0,0,0,0,1,0,0
8158,2005,1,1,0,0,0,0,0,0,0,0
8160,1991,1,1,1,0,0,0,0,0,0,0
8160,1992,4,4,0,0,0,0,0,0,0,0
8160,1994,11,10,5,0,0,1,0,1,1,0
8160,1995,7,7,0,0,0,0,0,0,1,0
8160,1996,8,8,3,1,0,0,0,0,1,0
8160,1997,7,7,3,0,1,0,0,0,1,0
8160,1998,6,6,1,0,0,0,0,0,2,0
8160,1999,8,8,1,0,0,0,0,0,1,0
8160,2001,3,3,1,0,0,0,0,0,0,0
8160,2002,1,1,0,0,0,0,0,0,0,0
8166,2003,1,1,1,0,0,0,0,0,0,0
8176,2010,4,4,1,0,0,0,0,0,0,0
8184,2003,1,1,0,0,0,0,0,0,0,0
8184,2004,4,3,1,0,0,0,1,0,0,0
8184,2005,1,1,0,0,0,0,0,0,1,0
8184,2006,2,2,2,0,1,0,0,0,0,0
8184,2007,1,1,0,0,0,0,0,0,0,0
8184,2008,5,5,0,0,0,0,0,0,3,0
8184,2009,3,3,1,1,0,0,0,0,0,0
8187,1996,1,1,1,0,0,0,0,0,0,0
8187,1998,1,1,0,0,0,0,0,0,0,0
8193,1991,1,1,0,0,0,0,0,0,0,0
8193,1992,10,9,2,0,0,0,0,0,0,0
8193,1993,3,3,3,0,0,0,0,0,0,0
8193,1994,3,3,1,0,0,0,0,0,0,0
8193,1997,11,11,4,1,0,0,0,0,2,0
8193,1998,7,5,3,2,0,0,2,0,0,0
8193,1999,6,4,2,0,0,0,2,0,1,0
8201,1991,2,2,1,0,0,0,0,0,1,0
8202,2005,1,0,0,0,0,0,1,0,0,0
8219,1991,3,3,2,0,0,0,0,0,1,0
8219,1992,1,1,0,0,0,0,0,0,0,0
8219,1993,2,2,0,0,0,0,0,0,0,0
8220,1992,2,2,0,0,0,0,0,0,1,0
8220,1993,3,2,0,0,0,0,1,0,1,0
8220,1994,4,3,0,0,0,0,1,0,1,0
8220,1995,4,4,0,0,0,0,0,0,1,0
8220,1996,3,1,0,0,0,0,2,0,0,0
8220,1997,3,2,1,0,0,0,1,0,1,0
8220,1998,2,2,1,0,0,0,0,0,0,0
8220,1999,4,4,1,0,0,0,0,0,3,0
8220,2000,1,1,0,0,0,0,0,0,1,0
8220,2001,3,2,0,0,0,0,1,0,1,0
8220,2002,3,2,0,0,0,0,1,0,0,0
8220,2004,2,1,1,0,0,1,1,0,0,0
8221,2006,2,0,0,0,0,0,2,0,0,0
8235,2000,2,2,0,0,0,0,0,0,1,0
8235,2001,1,1,0,0,0,0,0,0,1,0
8238,2006,2,2,0,0,0,0,0,0,2,0
8238,2007,4,3,1,0,0,1,0,0,2,1
8238,2008,1,1,1,0,1,0,0,0,0,0
8238,2011,1,0,0,0,0,0,1,0,0,0
8243,2003,1,1,0,0,0,0,0,0,1,0
8243,2004,2,2,1,0,0,1,0,0,0,0
8276,1992,2,2,0,0,0,0,0,0,1,0
8294,2009,3,3,1,0,0,0,0,0,0,0
8294,2010,6,6,1,0,0,0,0,0,2,0
8298,2006,1,1,0,0,0,0,0,0,0,0
8311,1995,5,3,0,0,0,0,1,0,0,1
8311,1999,1,1,0,0,0,0,0,0,0,0
8311,2001,1,1,0,0,0,0,0,0,0,0
8311,2004,1,0,0,0,0,0,1,0,0,0
8334,2009,2,2,0,0,0,0,0,0,0,0
8334,2010,7,7,3,0,0,0,0,0,2,0
8334,2011,3,3,1,0,0,0,0,0,1,0
8340,2001,6,4,1,1,0,0,2,0,2,0
8340,2003,2,1,0,0,0,0,1,0,1,0
8340,2005,3,2,1,0,0,1,0,0,1,1
8380,1991,1,1,0,0,0,0,0,0,0,0
8380,1993,3,2,1,0,0,0,0,1,0,0
8387,2006,1,1,0,0,0,0,0,0,0,0
8387,2007,1,1,0,0,0,0,0,0,0,0
8387,2008,2,2,0,0,0,0,0,0,1,0
8387,2010,2,2,0,0,0,0,0,0,2,0
8387,2011,1,1,0,0,0,0,0,0,1,0
8424,2008,2,2,0,0,0,0,0,0,0,0
8424,2009,1,1,0,0,0,0,0,0,0,0
8437,2009,1,1,0,0,0,0,0,0,0,0
8437,2010,2,2,0,0,0,0,0,0,0,0
8437,2011,1,1,0,0,0,0,0,0,0,0
8442,1996,3,3,1,0,0,1,0,0,0,0
8442,1997,4,4,0,0,0,0,0,0,0,0
8442,1998,3,3,1,0,0,0,0,0,0,0
8449,2003,9,8,2,0,0,0,0,1,1,0
8451,2008,1,1,0,0,0,0,0,0,0,0
8451,2009,5,5,2,0,0,0,0,0,1,0
8459,1993,3,3,0,0,0,0,0,0,1,0
8461,2007,1,1,1,0,0,0,0,0,0,0
8461,2008,2,2,0,0,0,0,0,0,0,0
8469,1992,3,3,0,0,0,0,0,0,0,0
8474,2003,3,3,1,0,0,0,0,0,0,0
8474,2007,2,2,0,0,0,0,0,0,0,0
8474,2009,2,2,0,0,0,0,0,0,1,0
8488,1996,9,9,2,1,0,0,0,0,2,0
8488,1997,3,3,1,0,0,1,0,0,0,0
8488,1998,3,3,0,0,0,0,0,0,0,0
8488,1999,7,7,2,0,0,0,0,0,0,0
8488,2000,4,4,0,0,0,0,0,0,1,0
8497,2009,5,5,1,1,0,0,0,0,1,0
8498,1995,2,2,1,0,0,1,0,0,0,0
8498,1996,1,1,1,1,0,0,0,0,0,0
8498,1997,2,2,0,0,0,0,0,0,0,0
8498,1998,1,1,1,0,0,0,0,0,0,0
8498,1999,1,1,0,0,0,0,0,0,0,0
8498,2001,1,1,1,0,0,1,0,0,0,0
8500,2008,3,3,0,0,0,0,0,0,1,0
8512,2010,1,1,0,0,0,0,0,0,0,0
8516,1994,6,6,1,0,0,1,0,0,0,0
8516,1995,5,5,2,0,0,0,0,0,0,0
8519,1997,6,6,4,0,0,2,0,0,0,0
8519,1998,3,3,0,0,0,0,0,0,0,0
8519,1999,3,3,1,0,0,0,0,0,0,0
8530,1992,1,1,0,0,0,0,0,0,1,0
8530,1993,1,1,0,0,0,0,0,0,0,0
8530,1994,1,1,0,0,0,0,0,0,0,0
8530,1995,3,2,1,0,0,0,1,0,1,0
8530,1996,1,0,0,0,0,0,1,0,0,0
8530,1999,1,0,0,0,0,0,1,0,0,0
8556,1998,1,1,0,0,0,0,0,0,0,0
8556,2000,3,3,1,0,0,0,0,0,0,0
8556,2003,12,11,2,0,0,0,1,0,2,0
8557,1999,3,3,2,0,0,1,0,0,0,0
8557,2001,14,13,2,0,0,0,0,1,2,0
8557,2002,13,13,3,0,0,2,0,0,1,0
8557,2004,3,3,1,0,0,0,0,0,0,0
8557,2007,1,1,0,0,0,0,0,0,0,0
8557,2010,1,1,0,0,0,0,0,0,0,0
8560,2005,1,1,0,0,0,0,0,0,1,0
8574,2009,2,2,0,0,0,0,0,0,1,0
8576,2002,1,1,1,1,0,0,0,0,0,0
8581,2001,3,3,1,0,0,1,0,0,1,0
8581,2002,3,3,1,1,0,0,0,0,1,0
8581,2010,8,8,1,1,0,0,0,0,3,0
8589,2006,2,2,0,0,0,0,0,0,1,0
8619,2009,3,3,1,1,0,0,0,0,1,0
8619,2010,1,1,0,0,0,0,0,0,0,0
8635,2004,1,1,0,0,0,0,0,0,0,0
8638,2000,1,1,0,0,0,0,0,0,0,0
8638,2003,12,11,5,1,0,1,1,0,2,0
8638,2006,6,6,0,0,0,0,0,0,0,0
8638,2008,5,5,0,0,0,0,0,0,1,0
8655,2000,2,2,2,0,0,1,0,0,0,0
8665,1991,1,1,1,0,0,0,0,0,0,0
8665,1992,3,3,1,0,0,0,0,0,0,0
8665,1993,2,2,0,0,0,0,0,0,0,0
8665,1994,1,1,0,0,0,0,0,0,0,0
8672,2009,1,1,0,0,0,0,0,0,0,0
8676,1999,2,1,0,0,0,0,1,0,0,0
8676,2000,3,1,0,0,0,0,0,1,0,1
8676,2001,3,3,0,0,0,0,0,0,0,0
8682,2005,1,1,0,0,0,0,0,0,0,0
8682,2006,2,2,0,0,0,0,0,0,1,0
8682,2007,2,2,1,0,0,0,0,0,1,0
8682,2008,3,2,1,0,0,0,0,0,0,0
8703,1992,3,3,1,1,0,0,0,0,1,0
8704,1998,4,4,0,0,0,0,0,0,0,0
8704,2005,3,3,0,0,0,0,0,0,1,0
8718,2010,1,1,0,0,0,0,0,0,1,0
8718,2011,1,1,1,0,0,0,0,0,0,0
8719,2001,2,2,0,0,0,0,0,0,0,0
8719,2007,2,2,0,0,0,0,0,0,0,0
8720,1999,6,6,3,0,0,0,0,0,0,0
8720,2000,3,3,2,0,0,0,0,0,0,0
8720,2002,1,1,0,0,0,0,0,0,0,0
8723,1992,1,1,0,0,0,0,0,0,0,0
8724,1995,5,5,1,0,0,1,0,0,1,0
8724,1996,5,4,1,0,0,0,1,0,1,0
8724,2004,1,1,1,0,0,0,0,0,0,0
8725,2001,3,3,0,0,0,0,0,0,0,0
8725,2004,2,2,0,0,0,0,0,0,0,0
8725,2005,1,1,0,0,0,0,0,0,1,0
8725,2008,2,2,1,0,0,1,0,0,0,0
8726,2009,1,1,1,1,0,0,0,0,0,0
8729,2009,5,5,3,1,0,1,0,0,2,0
8729,2010,2,2,0,0,0,0,0,0,0,0
8731,2002,3,3,3,1,0,0,0,0,0,0
8754,1995,2,2,0,0,0,0,0,0,0,0
8756,2000,1,1,0,0,0,0,0,0,0,0
8756,2001,2,2,0,0,0,0,0,0,0,0
8757,2009,1,1,0,0,0,0,0,0,0,0
8778,2010,1,1,1,0,0,1,0,0,0,0
8784,2009,3,3,0,0,0,0,0,0,2,0
8807,2005,3,3,0,0,0,0,0,0,1,0
8807,2010,3,3,0,0,0,0,0,0,0,0
8807,2011,2,2,0,0,0,0,0,0,2,0
8823,2010,8,8,3,1,0,0,0,0,0,0
8843,1999,1,1,0,0,0,0,0,0,0,0
8851,2008,1,1,0,0,0,0,0,0,1,0
8859,2004,3,3,1,0,0,0,0,0,1,0
8859,2008,2,1,1,0,0,0,0,0,0,0
8861,2005,3,3,1,1,0,0,0,0,1,0
8861,2006,3,3,1,1,0,0,0,0,0,0
8873,2006,1,1,0,0,0,0,0,0,0,0
8873,2007,6,6,3,1,0,0,0,0,0,0
8873,2008,2,2,0,0,0,0,0,0,0,0
8873,2009,1,1,0,0,0,0,0,0,0,0
8883,1995,2,2,0,0,0,0,0,0,1,0
8883,1996,1,1,1,0,0,0,0,0,0,0
8883,1997,1,1,1,0,0,0,0,0,0,0
8883,1998,1,1,1,0,0,0,0,0,0,0
8883,2001,3,3,0,0,0,0,0,0,0,0
8883,2002,4,4,0,0,0,0,0,0,2,0
8883,2003,1,1,0,0,0,0,0,0,0,0
8886,2009,2,2,1,0,1,0,0,0,0,0
8892,2008,1,1,0,0,0,0,0,0,0,0
8911,1991,5,5,1,0,0,0,0,0,0,0
8911,1992,4,4,2,0,0,0,0,0,1,0
8911,1993,2,2,1,1,0,0,0,0,0,0
8911,1994,3,2,0,0,0,0,1,0,0,0
8918,2003,6,5,1,1,0,0,1,0,0,0
8918,2006,2,2,2,0,0,0,0,0,0,0
8918,2007,3,3,0,0,0,0,0,0,0,0
8919,2003,3,2,1,0,0,0,0,1,0,0
8919,2007,3,3,2,1,0,0,0,0,1,0
8919,2010,3,1,0,0,0,0,2,0,0,0
8920,1991,2,2,0,0,0,0,0,0,0,0
8922,2007,2,2,1,0,0,0,0,0,0,0
8922,2009,1,1,1,0,0,0,0,0,0,0
8932,2002,2,2,0,0,0,0,0,0,1,0
8934,2001,1,1,1,0,0,0,0,0,0,0
8939,1999,1,1,0,0,0,0,0,0,0,0
8940,2008,9,9,2,0,0,0,0,0,2,0
8940,2009,3,2,0,0,0,0,1,0,0,0
8954,1997,3,3,1,1,0,0,0,0,2,0
8954,1998,2,2,1,0,0,0,0,0,1,0
8983,1999,3,3,0,0,0,0,0,0,1,0
8983,2000,1,1,0,0,0,0,0,0,0,0
8990,1995,5,5,1,0,0,0,0,0,0,0
8990,1996,9,9,4,0,0,2,0,0,1,0
8990,1997,11,11,6,0,0,0,0,0,1,0
8990,1998,3,3,1,0,0,0,0,0,0,0
8990,1999,3,3,1,0,0,0,0,0,0,0
8990,2002,3,2,0,0,0,0,1,0,0,0
8990,2006,4,4,2,0,0,0,0,0,0,0
8990,2007,3,3,1,0,0,0,0,0,0,0
8990,2008,3,3,0,0,0,0,0,0,0,0
8990,2009,3,3,0,0,0,0,0,0,1,0
8991,2001,3,3,0,0,0,0,0,0,0,0
9008,2001,2,2,0,0,0,0,0,0,1,0
9008,2002,3,3,2,0,0,0,0,0,1,0
9009,2004,2,2,1,0,0,0,0,0,1,0
9022,2002,3,3,1,0,0,0,0,0,0,0
9038,1992,8,7,2,0,0,0,1,0,0,0
9038,1993,6,6,3,1,0,0,0,0,0,0
9038,1994,2,2,1,1,0,0,0,0,0,0
9038,1995,4,4,0,0,0,0,0,0,0,0
9038,1996,1,1,0,0,0,0,0,0,0,0
9038,1997,2,2,0,0,0,0,0,0,1,0
9038,1998,2,2,1,0,0,1,0,0,0,0
9069,2002,4,4,3,1,0,0,0,0,1,0
9069,2004,3,3,1,0,0,0,0,0,0,0
9069,2005,3,2,1,0,0,0,1,0,0,0
9069,2006,5,5,1,0,0,0,0,0,3,0
9069,2009,3,3,0,0,0,0,0,0,0,0
9070,2001,1,1,0,0,0,0,0,0,0,0
9071,2011,3,3,0,0,0,0,0,0,1,0
9077,2009,1,1,0,0,0,0,0,0,1,0
9077,2010,1,1,1,0,0,0,0,0,0,0
9091,1997,6,6,1,0,0,0,0,0,2,0
9091,1998,4,2,0,0,0,0,2,0,0,0
9102,1991,3,3,0,0,0,0,0,0,0,0
9102,1997,2,2,0,0,0,0,0,0,0,0
9102,1998,1,1,1,0,0,0,0,0,0,0
9108,1991,1,1,1,0,0,1,0,0,0,0
9108,1992,1,1,0,0,0,0,0,0,0,0
9108,1993,3,3,1,0,0,0,0,0,1,0
9108,1994,1,1,0,0,0,0,0,0,0,0
9108,1995,3,3,1,0,0,0,0,0,1,0
9108,1996,3,3,0,0,0,0,0,0,0,0
9108,1997,2,1,0,0,0,0,0,1,1,0
9108,1998,2,2,0,0,0,0,0,0,1,0
9123,2004,3,2,0,0,0,0,1,0,1,0
9123,2005,4,4,2,0,0,1,0,0,2,0
9126,1996,1,1,0,0,0,0,0,0,0,0
9136,1998,3,3,3,0,0,0,0,0,0,0
9136,1999,4,4,1,0,0,0,0,0,1,0
9136,2000,2,2,0,0,0,0,0,0,0,0
9136,2001,6,6,1,0,0,0,0,0,0,0
9136,2002,5,4,2,0,0,1,0,0,0,1
9136,2003,3,3,0,0,0,0,0,0,0,0
9136,2005,4,4,1,1,0,0,0,0,0,0
9136,2006,3,3,1,1,0,0,0,0,0,0
9137,1995,3,3,0,0,0,0,0,0,0,0
9152,1999,3,3,0,0,0,0,0,0,1,0
9153,2002,1,1,0,0,0,0,0,0,1,0
9160,1999,1,1,0,0,0,0,0,0,0,0
9160,2001,6,6,3,0,0,2,0,0,1,0
9161,1996,1,1,0,0,0,0,0,0,0,0
9169,1998,3,3,0,0,0,0,0,0,0,0
9169,2004,3,2,0,0,0,0,0,0,0,1
9172,1992,3,3,1,0,0,0,0,0,0,0
9176,2001,2,2,0,0,0,0,0,0,0,0
9176,2004,2,2,2,0,0,0,0,0,0,0
9182,1992,4,3,2,2,0,0,1,0,0,0
9182,1993,2,2,2,1,0,0,0,0,0,0
9198,2008,2,2,0,0,0,0,0,0,1,0
9198,2009,3,2,1,1,0,0,1,0,0,0
9204,1995,3,3,1,0,0,0,0,0,1,0
9204,1997,6,6,1,0,0,0,0,0,0,0
9214,2002,3,3,1,1,0,0,0,0,2,0
9217,2006,3,3,0,0,0,0,0,0,0,0
9217,2008,1,1,1,0,0,0,0,0,0,0
9219,2001,3,3,0,0,0,0,0,0,2,0
9219,2002,1,1,0,0,0,0,0,0,1,0
9228,2002,2,2,0,0,0,0,0,0,1,0
9228,2003,1,1,0,0,0,0,0,0,0,0
9228,2005,1,1,0,0,0,0,0,0,0,0
9229,1996,3,3,2,1,0,0,0,0,0,0
9229,1997,1,1,1,0,0,0,0,0,0,0
9238,2004,1,1,0,0,0,0,0,0,0,0
9242,2008,3,3,1,1,0,0,0,0,1,0
9251,2004,3,3,2,1,0,0,0,0,0,0
9251,2005,2,2,0,0,0,0,0,0,0,0
9251,2006,1,1,1,0,0,0,0,0,0,0
9251,2008,1,1,0,0,0,0,0,0,1,0
9251,2010,2,2,0,0,0,0,0,0,2,0
9255,2008,1,1,0,0,0,0,0,0,0,0
9258,1992,2,2,0,0,0,0,0,0,1,0
9258,1993,2,2,1,0,0,1,0,0,1,0
9258,1996,5,5,1,0,0,0,0,0,0,0
9258,1997,1,1,1,0,0,0,0,0,0,0
9258,1998,3,2,0,0,0,0,0,0,1,1
9258,1999,1,1,0,0,0,0,0,0,1,0
9258,2001,2,2,0,0,0,0,0,0,1,0
9258,2003,2,2,0,0,0,0,0,0,0,0
9258,2004,2,2,1,0,0,0,0,0,0,0
9293,1992,2,2,0,0,0,0,0,0,0,0
9293,1995,1,1,1,0,0,0,0,0,0,0
9294,1995,5,5,2,0,0,1,0,0,0,0
9294,1996,6,6,2,1,0,0,0,0,1,0
9294,1997,11,10,6,1,1,3,1,0,0,0
9294,1999,10,10,2,0,0,1,0,0,2,0
9294,2000,7,7,1,0,0,0,0,0,0,0
9294,2001,3,3,1,0,0,1,0,0,0,0
9294,2004,11,11,6,0,0,1,0,0,3,0
9294,2005,10,10,5,0,0,1,0,0,0,0
9294,2006,9,9,4,0,0,0,0,0,1,0
9323,2003,1,1,0,0,0,0,0,0,0,0
9324,2004,1,1,1,0,0,1,0,0,0,0
9325,2007,1,1,0,0,0,0,0,0,1,0
9325,2008,3,3,1,1,0,0,0,0,1,0
9330,2003,9,8,3,1,0,0,1,0,1,0
9330,2007,4,4,1,0,0,0,0,0,0,0
9347,2008,1,1,0,0,0,0,0,0,1,0
9373,2000,4,3,0,0,0,0,1,0,0,0
9379,2003,1,1,1,1,0,0,0,0,0,0
9386,2011,1,1,1,1,0,0,0,0,0,0
9387,1998,9,9,5,2,1,0,0,0,1,0
9387,1999,1,1,1,0,0,1,0,0,0,0
9387,2000,5,5,2,2,0,0,0,0,1,0
9387,2001,8,8,1,0,0,0,0,0,1,0
9392,1993,3,3,3,1,0,0,0,0,0,0
9392,1995,1,0,0,0,0,0,1,0,0,0
9396,2008,2,2,1,0,0,0,0,0,0,0
9413,2006,1,1,0,0,0,0,0,0,0,0
9413,2007,2,2,0,0,0,0,0,0,2,0
9413,2011,1,0,0,0,0,0,0,0,0,0
9417,1999,1,1,1,0,0,0,0,0,0,0
9429,2003,1,1,1,1,0,0,0,0,0,0
9432,1992,2,2,1,0,0,0,0,0,0,0
9432,1994,1,0,0,0,0,0,1,0,0,0
9437,2002,2,1,1,0,0,0,0,0,0,0
9437,2003,6,6,0,0,0,0,0,0,1,0
9442,1999,1,0,0,0,0,0,1,0,0,0
9442,2000,6,5,1,0,0,0,1,0,0,0
9442,2002,3,3,2,1,0,0,0,0,0,0
9442,2004,10,10,2,0,0,1,0,0,0,0
9442,2006,7,5,2,0,0,0,2,0,0,0
9467,1992,2,2,1,0,0,0,0,0,0,0
9467,1993,2,2,2,0,0,0,0,0,0,0
9467,2001,2,2,1,1,0,0,0,0,0,0
9467,2002,3,3,2,0,1,0,0,0,1,0
9468,1997,1,1,0,0,0,0,0,0,0,0
9468,1998,1,1,0,0,0,0,0,0,1,0
9468,1999,3,3,2,0,0,1,0,0,0,0
9468,2000,1,1,1,0,0,1,0,0,0,0
9468,2001,1,1,0,0,0,0,0,0,0,0
9468,2003,1,1,0,0,0,0,0,0,0,0
9475,2005,2,2,1,1,0,0,0,0,0,0
9477,1999,3,3,3,0,0,0,0,0,0,0
9477,2000,1,1,1,0,0,0,0,0,0,0
9477,2001,2,2,1,0,0,0,0,0,1,0
9477,2002,1,1,0,0,0,0,0,0,0,0
9489,2003,1,1,0,0,0,0,0,0,0,0
9490,2002,3,3,1,0,0,0,0,0,1,0
9490,2004,1,1,0,0,0,0,0,0,0,0
9490,2007,1,1,0,0,0,0,0,0,0,0
9492,1998,4,4,1,1,0,0,0,0,1,0
9492,1999,2,2,1,0,0,0,0,0,0,0
9492,2000,5,5,3,1,0,0,0,0,1,0
9492,2001,3,3,1,0,0,0,0,0,0,0
9496,2002,1,1,0,0,0,0,0,0,0,0
9496,2003,1,1,1,0,0,1,0,0,0,0
9513,2010,1,1,0,0,0,0,0,0,1,0
9523,1995,1,1,1,1,0,0,0,0,0,0
9523,1996,1,1,0,0,0,0,0,0,0,0
9523,1997,2,2,1,0,0,0,0,0,0,0
9523,1999,1,1,0,0,0,0,0,0,0,0
9523,2000,1,0,0,0,0,0,0,0,0,1
9523,2007,1,1,0,0,0,0,0,0,1,0
9524,2007,3,3,2,1,0,1,0,0,0,0
9527,1994,2,2,1,1,0,0,0,0,0,0
9527,1995,1,1,0,0,0,0,0,0,0,0
9527,1996,6,6,4,2,0,0,0,0,0,0
9527,1997,5,5,1,1,0,0,0,0,1,0
9527,1998,1,1,0,0,0,0,0,0,1,0
9527,1999,1,1,0,0,0,0,0,0,0,0
9528,1998,3,3,1,1,0,0,0,0,1,0
9528,2005,1,1,1,0,0,0,0,0,0,0
9528,2008,2,2,1,0,1,0,0,0,0,0
9535,2009,2,2,0,0,0,0,0,0,2,0
9540,1999,6,6,4,1,0,0,0,0,0,0
9540,2000,4,4,0,0,0,0,0,0,0,0
9554,2003,3,2,2,2,0,0,0,1,0,0
9558,2007,2,2,0,0,0,0,0,0,0,0
9559,1991,2,2,0,0,0,0,0,0,0,0
9559,1992,4,3,0,0,0,0,1,0,0,0
9559,1993,6,4,2,1,0,0,1,0,0,1
9559,1994,4,3,1,0,0,1,1,0,1,0
9559,1995,1,1,0,0,0,0,0,0,0,0
9559,1996,1,1,0,0,0,0,0,0,0,0
9559,1997,2,2,0,0,0,0,0,0,1,0
9559,1998,4,4,2,1,0,0,0,0,1,0
9559,1999,2,1,0,0,0,0,1,0,0,0
9559,2000,3,3,2,1,0,1,0,0,0,0
9559,2002,2,2,0,0,0,0,0,0,0,0
9576,2008,2,2,1,0,0,0,0,0,0,0
9576,2010,3,3,1,0,0,0,0,0,1,0
9593,2009,3,2,0,0,0,0,1,0,1,0
9603,2003,3,3,2,0,0,0,0,0,1,0
9607,1997,4,4,0,0,0,0,0,0,0,0
9607,1999,2,2,1,0,0,0,0,0,1,0
9612,1995,4,4,1,0,0,0,0,0,0,0
9613,1995,2,2,0,0,0,0,0,0,1,0
9618,2004,3,3,0,0,0,0,0,0,0,0
9620,2002,3,3,0,0,0,0,0,0,1,0
9620,2004,8,7,1,0,0,0,1,0,1,0
9620,2005,4,4,0,0,0,0,0,0,1,0
9620,2006,4,4,3,0,0,0,0,0,0,0
9620,2008,1,0,0,0,0,0,1,0,0,0
9621,2003,1,1,1,1,0,0,0,0,0,0
9626,1998,1,1,0,0,0,0,0,0,0,0
9634,1999,3,3,2,1,0,1,0,0,1,0
9634,2001,1,1,0,0,0,0,0,0,0,0
9634,2004,1,1,1,1,0,0,0,0,0,0
9634,2005,4,4,0,0,0,0,0,0,1,0
9634,2006,1,1,0,0,0,0,0,0,0,0
9634,2007,5,5,2,0,0,1,0,0,1,0
9635,1994,1,1,0,0,0,0,0,0,0,0
9635,1995,2,2,0,0,0,0,0,0,0,0
9637,1997,2,2,1,0,0,0,0,0,0,0
9637,1998,1,1,0,0,0,0,0,0,0,0
9637,2003,3,3,0,0,0,0,0,0,0,0
9642,1992,1,1,1,0,0,0,0,0,0,0
9642,1997,3,3,1,1,0,0,0,0,0,0
9659,1996,3,3,1,0,0,0,0,0,0,0
9659,1997,4,3,1,0,0,0,1,0,2,0
9659,1998,5,5,1,1,0,0,0,0,0,0
9659,1999,1,1,0,0,0,0,0,0,1,0
9659,2000,3,3,2,0,0,1,0,0,0,0
9659,2001,1,1,0,0,0,0,0,0,0,0
9659,2004,1,1,0,0,0,0,0,0,1,0
9659,2005,1,1,1,1,0,0,0,0,0,0
9659,2006,2,2,0,0,0,0,0,0,0,0
9659,2007,1,0,0,0,0,0,1,0,0,0
9664,2007,1,1,0,0,0,0,0,0,0,0
9664,2009,1,1,0,0,0,0,0,0,0,0
9670,2006,2,2,0,0,0,0,0,0,1,0
9672,1996,2,2,1,0,0,0,0,0,0,0
9672,2003,1,1,1,0,1,0,0,0,0,0
9672,2004,4,4,3,1,0,0,0,0,1,0
9699,2003,2,2,2,1,0,0,0,0,0,0
9709,1996,6,6,1,0,0,0,0,0,0,0
9709,1997,3,3,2,1,0,1,0,0,0,0
9713,1995,4,4,1,1,0,0,0,0,1,0
9715,2002,1,1,1,1,0,0,0,0,0,0
9725,1992,3,3,2,1,0,0,0,0,0,0
9734,1991,2,2,1,0,0,0,0,0,0,0
9761,2009,1,1,0,0,0,0,0,0,0,0
9779,1995,3,3,1,1,0,0,0,0,0,0
9779,1996,8,8,2,0,0,0,0,0,2,0
9779,1997,1,1,0,0,0,0,0,0,0,0
9779,1998,5,5,2,0,0,0,0,0,2,0
9779,1999,1,1,1,1,0,0,0,0,0,0
9779,2000,2,2,1,0,0,0,0,0,0,0
9780,1999,1,1,0,0,0,0,0,0,0,0
9780,2000,1,1,1,1,0,0,0,0,0,0
9780,2003,1,1,0,0,0,0,0,0,0,0
9781,2004,2,2,0,0,0,0,0,0,2,0
9781,2005,4,4,1,0,0,0,0,0,0,0
9781,2006,1,1,0,0,0,0,0,0,1,0
9781,2007,1,1,0,0,0,0,0,0,1,0
9781,2008,1,1,0,0,0,0,0,0,1,0
9781,2010,2,2,1,0,0,0,0,0,0,0
9803,1998,1,1,0,0,0,0,0,0,0,0
9809,1997,1,1,0,0,0,0,0,0,0,0
9811,2009,1,1,0,0,0,0,0,0,0,0
9822,2006,4,4,3,1,0,1,0,0,1,0
9822,2010,3,3,0,0,0,0,0,0,0,0
9835,2010,1,1,0,0,0,0,0,0,0,0
9840,1996,7,7,2,1,0,0,0,0,0,0
9840,1997,4,4,1,0,0,0,0,0,0,0
9840,1998,8,8,3,0,0,1,0,0,1,0
9840,1999,7,7,1,0,0,0,0,0,0,0
9840,2004,9,7,1,0,0,0,2,0,2,0
9840,2005,3,3,0,0,0,0,0,0,2,0
9883,2006,2,2,0,0,0,0,0,0,0,0
9887,2004,4,4,1,0,0,0,0,0,0,0
9887,2005,2,1,0,0,0,0,1,0,1,0
9887,2010,1,1,0,0,0,0,0,0,0,0
9902,2010,2,2,0,0,0,0,0,0,0,0
9902,2011,1,1,0,0,0,0,0,0,1,0
9930,2007,1,1,1,0,0,0,0,0,0,0
9931,1997,7,7,0,0,0,0,0,0,1,0
9931,1998,5,5,1,0,0,0,0,0,0,0
9931,1999,4,4,2,1,0,1,0,0,1,0
9943,1998,3,3,1,0,0,1,0,0,0,0
9943,1999,6,6,2,1,0,0,0,0,0,0
9943,2000,1,1,0,0,0,0,0,0,0,0
9943,2001,2,1,0,0,0,0,1,0,0,0
9984,2007,1,1,0,0,0,0,0,0,0,0
9984,2008,5,5,3,0,0,0,0,0,0,0
10001,1998,1,1,0,0,0,0,0,0,0,0
10002,2001,3,3,2,1,0,0,0,0,0,0
10002,2005,3,3,3,2,0,0,0,0,0,0
10004,1992,4,4,0,0,0,0,0,0,2,0
10004,1997,1,1,1,0,0,0,0,0,0,0
10025,2011,1,1,1,0,0,0,0,0,0,0
10026,2006,1,1,0,0,0,0,0,0,1,0
10026,2008,2,1,0,0,0,0,0,1,0,0
10027,1999,6,6,2,0,0,0,0,0,0,0
10027,2000,3,3,1,1,0,0,0,0,0,0
10027,2001,3,3,0,0,0,0,0,0,2,0
10029,1997,2,2,1,0,0,0,0,0,0,0
10029,1998,9,8,1,0,0,0,1,0,1,0
10029,1999,1,1,1,0,0,0,0,0,0,0
10029,2003,3,3,2,0,0,0,0,0,0,0
10029,2006,1,0,0,0,0,0,0,0,0,1
10038,1994,2,1,0,0,0,0,1,0,0,0
10050,2001,1,1,0,0,0,0,0,0,0,0
10050,2005,1,1,0,0,0,0,0,0,1,0
10050,2006,2,2,0,0,0,0,0,0,1,0
10050,2007,1,1,0,0,0,0,0,0,0,0
10050,2008,1,1,1,0,0,0,0,0,0,0
10053,1999,3,3,1,0,0,1,0,0,0,0
10055,1992,1,0,0,0,0,0,0,0,0,0
10055,1993,3,3,1,0,0,0,0,0,2,0
10055,1994,2,2,0,0,0,0,0,0,1,0
10065,2007,1,1,1,1,0,0,0,0,0,0
10066,2009,3,3,2,1,0,0,0,0,1,0
10068,2002,2,2,1,0,0,0,0,0,0,0
10068,2005,6,6,0,0,0,0,0,0,1,0
10068,2006,6,6,2,2,0,0,0,0,0,0
10069,2004,6,5,2,1,0,0,1,0,0,0
10069,2005,10,9,3,1,0,0,0,0,1,1
10069,2006,7,7,1,1,0,0,0,0,2,0
10069,2007,13,13,2,1,0,0,0,0,4,0
10069,2008,3,3,0,0,0,0,0,0,0,0
10070,1991,1,1,0,0,0,0,0,0,0,0
10070,1998,5,5,1,1,0,0,0,0,1,0
10070,1999,1,1,0,0,0,0,0,0,0,0
10076,1996,2,2,1,0,0,1,0,0,0,0
10079,2008,1,1,1,0,0,0,0,0,0,0
10093,1997,3,3,0,0,0,0,0,0,0,0
10093,1998,1,1,0,0,0,0,0,0,0,0
10097,2008,1,1,0,0,0,0,0,0,1,0
10103,2010,1,1,0,0,0,0,0,0,1,0
10103,2011,1,1,0,0,0,0,0,0,0,0
10104,2007,1,1,0,0,0,0,0,0,1,0
10112,1994,5,4,2,0,0,0,1,0,0,0
10118,2009,2,2,0,0,0,0,0,0,0,0
10118,2011,1,1,0,0,0,0,0,0,0,0
10125,1999,2,2,2,0,0,0,0,0,0,0
10131,2010,6,6,1,0,0,0,0,0,1,0
10136,2010,8,8,2,0,0,0,0,0,2,0
10136,2011,3,3,0,0,0,0,0,0,2,0
10142,2007,1,1,0,0,0,0,0,0,0,0
10142,2009,1,1,1,0,0,0,0,0,0,0
10142,2010,3,1,0,0,0,0,1,0,1,1
10142,2011,2,2,1,1,0,0,0,0,0,0
10146,2005,1,1,1,0,0,0,0,0,0,0
10156,2008,3,3,0,0,0,0,0,0,0,0
10156,2010,2,2,1,1,0,0,0,0,0,0
10187,1991,2,2,0,0,0,0,0,0,2,0
10187,1992,3,3,2,0,1,0,0,0,1,0
10187,1993,4,4,1,0,0,0,0,0,1,0
10187,1995,3,3,1,1,0,0,0,0,0,0
10188,1997,8,8,1,0,1,0,0,0,0,0
10188,1998,3,2,2,0,0,0,1,0,0,0
10192,1995,2,2,0,0,0,0,0,0,1,0
10209,2005,3,3,0,0,0,0,0,0,1,0
10209,2006,5,4,2,1,0,0,0,1,1,0
10209,2008,9,9,0,0,0,0,0,0,1,0
10209,2009,2,2,0,0,0,0,0,0,0,0
10215,1998,8,8,3,0,0,1,0,0,0,0
10215,1999,2,2,2,0,0,1,0,0,0,0
10215,2002,1,1,0,0,0,0,0,0,0,0
10216,1999,1,1,0,0,0,0,0,0,0,0
10216,2000,1,1,1,1,0,0,0,0,0,0
10217,2000,2,1,1,0,0,0,1,0,0,0
10217,2001,3,3,2,0,0,1,0,0,0,0
10217,2004,5,4,0,0,0,0,1,0,0,0
10217,2005,3,3,1,0,0,0,0,0,1,0
10217,2006,9,9,1,0,0,0,0,0,4,0
10217,2007,16,16,2,1,0,0,0,0,4,0
10217,2009,4,4,2,0,0,0,0,0,1,0
10229,2001,2,2,1,0,0,0,0,0,0,0
10234,2008,2,0,0,0,0,0,2,0,0,0
10236,2000,1,0,0,0,0,0,1,0,0,0
10236,2001,4,4,0,0,0,0,0,0,1,0
10236,2002,3,3,2,0,0,1,0,0,0,0
10246,2006,1,1,0,0,0,0,0,0,0,0
10249,2006,3,3,0,0,0,0,0,0,1,0
10249,2008,3,3,1,0,0,0,0,0,0,0
10249,2010,3,3,0,0,0,0,0,0,0,0
10251,1998,9,7,2,0,0,0,1,1,3,0
10251,1999,2,2,0,0,0,0,0,0,0,0
10253,1992,1,1,0,0,0,0,0,0,0,0
10267,1994,2,2,1,0,0,0,0,0,0,0
10267,1995,7,7,4,1,0,0,0,0,0,0
10288,2008,2,2,0,0,0,0,0,0,1,0
10288,2010,3,3,1,0,0,0,0,0,1,0
10294,2006,3,3,1,0,0,0,0,0,1,0
10313,2003,3,3,2,0,0,1,0,0,0,0
10313,2005,3,3,1,0,0,0,0,0,0,0
10314,1996,2,2,0,0,0,0,0,0,0,0
10329,1991,1,1,0,0,0,0,0,0,0,0
10329,1992,1,1,1,0,0,0,0,0,0,0
10332,1999,2,2,1,0,0,0,0,0,0,0
10332,2000,3,3,1,0,1,0,0,0,0,0
10332,2001,6,6,3,1,0,1,0,0,0,0
10332,2002,6,6,1,0,0,0,0,0,2,0
10332,2004,4,3,0,0,0,0,1,0,1,0
10332,2005,1,1,0,0,0,0,0,0,0,0
10351,1995,2,2,1,1,0,0,0,0,0,0
10365,1993,2,2,0,0,0,0,0,0,0,0
10365,1994,1,1,1,1,0,0,0,0,0,0
10399,1992,4,4,1,0,0,0,0,0,1,0
10409,2004,1,1,1,1,0,0,0,0,0,0
10409,2006,1,1,1,0,0,0,0,0,0,0
10415,2008,1,1,1,0,0,0,0,0,0,0
10420,2002,3,3,1,1,0,0,0,0,0,0
10440,1993,3,1,0,0,0,0,0,1,1,0
10440,1994,3,3,1,0,0,0,0,0,0,0
10440,1996,3,3,1,0,0,0,0,0,0,0
10440,1997,5,4,2,0,0,0,1,0,0,0
10440,2000,3,3,2,0,1,0,0,0,0,0
10440,2001,10,10,6,0,1,1,0,0,1,0
10440,2002,3,3,0,0,0,0,0,0,0,0
10440,2003,3,3,0,0,0,0,0,0,1,0
10440,2004,3,3,1,0,0,0,0,0,0,0
10440,2007,1,1,0,0,0,0,0,0,0,0
10458,2003,2,2,0,0,0,0,0,0,0,0
10458,2006,3,3,1,0,0,0,0,0,0,0
10458,2007,1,1,1,0,0,1,0,0,0,0
10461,1997,3,3,1,0,0,0,0,0,0,0
10461,1998,3,3,1,0,0,0,0,0,1,0
10464,2004,1,1,1,0,0,0,0,0,0,0
10468,1998,4,4,1,0,0,0,0,0,0,0
10468,1999,2,2,0,0,0,0,0,0,0,0
10468,2000,2,2,1,1,0,0,0,0,0,0
10468,2004,1,0,0,0,0,0,0,1,0,0
10507,1991,3,3,0,0,0,0,0,0,0,0
10507,1999,1,1,0,0,0,0,0,0,0,0
10507,2000,1,1,0,0,0,0,0,0,1,0
10507,2001,1,1,0,0,0,0,0,0,0,0
10516,2003,6,6,2,0,0,0,0,0,0,0
10533,1996,2,2,1,0,0,0,0,0,0,0
10537,2004,1,1,1,0,0,0,0,0,0,0
10537,2006,1,1,1,0,0,0,0,0,0,0
10537,2008,1,0,0,0,0,0,1,0,0,0
10547,2007,7,7,1,0,0,0,0,0,1,0
10547,2009,3,3,0,0,0,0,0,0,2,0
10549,2001,1,1,0,0,0,0,0,0,0,0
10549,2002,2,0,0,0,0,0,2,0,0,0
10549,2004,5,4,1,0,0,0,1,0,1,0
10549,2006,4,4,0,0,0,0,0,0,1,0
10549,2007,1,1,0,0,0,0,0,0,1,0
10549,2008,1,1,1,0,0,0,0,0,0,0
10572,2003,1,1,0,0,0,0,0,0,0,0
10576,1996,3,3,1,0,0,0,0,0,0,0
10576,1997,1,1,0,0,0,0,0,0,1,0
10576,1998,1,1,1,0,0,1,0,0,0,0
10576,1999,1,1,1,1,0,0,0,0,0,0
10593,2006,2,2,0,0,0,0,0,0,0,0
10595,2003,5,2,0,0,0,0,1,0,0,1
10595,2004,16,15,4,1,0,0,1,0,2,0
10595,2005,6,6,0,0,0,0,0,0,0,0
10595,2006,2,2,1,0,0,0,0,0,0,0
10595,2007,3,3,1,0,0,0,0,0,0,0
10595,2008,5,5,1,0,0,0,0,0,1,0
10597,2002,1,1,0,0,0,0,0,0,1,0
10600,2009,2,2,0,0,0,0,0,0,0,0
10601,1995,2,2,0,0,0,0,0,0,1,0
10601,1996,3,3,0,0,0,0,0,0,0,0
10601,1998,1,1,0,0,0,0,0,0,0,0
10609,2010,2,2,0,0,0,0,0,0,0,0
10611,2003,3,2,0,0,0,0,1,0,0,0
10634,2010,1,1,1,0,0,0,0,0,0,0
10636,1995,2,2,1,0,0,0,0,0,0,0
10636,1996,1,0,0,0,0,0,1,0,0,0
10636,1998,8,7,2,0,0,1,0,0,0,1
10636,2000,3,2,2,0,0,2,1,0,0,0
10637,2005,5,5,0,0,0,0,0,0,2,0
10637,2006,4,4,2,0,0,1,0,0,0,0
10637,2007,1,1,1,0,0,0,0,0,0,0
10676,2008,1,1,1,0,0,1,0,0,0,0
10677,1993,2,1,0,0,0,0,0,0,0,1
10677,1996,3,3,0,0,0,0,0,0,0,0
10677,1997,4,3,2,0,0,0,1,0,1,0
10677,1998,3,3,2,1,0,0,0,0,0,0
10679,2007,3,3,1,0,0,0,0,0,0,0
10679,2008,6,6,1,0,0,0,0,0,1,0
10679,2009,2,2,0,0,0,0,0,0,1,0
10680,1991,4,4,2,0,0,0,0,0,0,0
10680,1995,2,2,0,0,0,0,0,0,0,0
10680,2001,3,3,0,0,0,0,0,0,1,0
10682,1996,5,5,2,1,0,0,0,0,1,0
10682,1997,3,2,2,1,0,0,1,0,0,0
10682,2006,3,3,3,0,1,1,0,0,0,0
10689,1992,7,7,4,0,0,0,0,0,1,0
10689,1997,3,2,0,0,0,0,0,1,1,0
10733,2007,1,1,1,1,0,0,0,0,0,0
10746,1993,1,0,0,0,0,0,0,0,0,1
10746,1994,3,3,0,0,0,0,0,0,1,0
10746,1995,2,1,1,0,0,0,0,1,0,0
10762,1991,1,1,0,0,0,0,0,0,0,0
10772,2004,2,2,1,0,0,0,0,0,0,0
10779,1995,3,3,0,0,0,0,0,0,0,0
10782,2003,5,5,1,0,0,0,0,0,3,0
10782,2004,1,1,0,0,0,0,0,0,1,0
10782,2007,3,3,1,1,0,0,0,0,1,0
10809,1998,6,5,3,0,0,1,1,0,1,0
10809,1999,3,3,1,1,0,0,0,0,1,0
10811,2005,3,3,2,1,0,0,0,0,1,0
10820,1995,2,2,0,0,0,0,0,0,0,0
10820,1998,1,1,0,0,0,0,0,0,0,0
10846,2007,4,4,1,0,0,0,0,0,1,0
10846,2008,1,1,0,0,0,0,0,0,0,0
10846,2009,2,2,1,0,0,0,0,0,1,0
10846,2010,1,1,0,0,0,0,0,0,1,0
10848,2006,2,2,0,0,0,0,0,0,1,0
10848,2007,1,1,0,0,0,0,0,0,1,0
10848,2009,1,1,1,1,0,0,0,0,0,0
10856,2007,3,3,0,0,0,0,0,0,0,0
10872,2006,3,3,1,0,0,0,0,0,1,0
10872,2007,2,2,2,0,0,0,0,0,0,0
10872,2008,5,5,1,0,0,0,0,0,2,0
10879,1999,1,1,0,0,0,0,0,0,0,0
10879,2000,1,1,0,0,0,0,0,0,1,0
10881,1995,8,8,2,1,0,0,0,0,1,0
10881,1996,1,1,1,0,0,0,0,0,0,0
10881,1998,6,6,2,0,0,0,0,0,0,0
10881,1999,3,3,1,0,0,0,0,0,0,0
10881,2001,6,6,4,1,0,1,0,0,0,0
10881,2002,4,4,1,0,0,0,0,0,2,0
10890,2001,4,4,1,0,0,0,0,0,0,0
10890,2003,1,0,0,0,0,0,1,0,0,0
10890,2004,2,2,1,0,0,0,0,0,0,0
10890,2007,1,1,0,0,0,0,0,0,1,0
10890,2008,4,4,2,1,0,0,0,0,0,0
10892,2008,2,2,0,0,0,0,0,0,0,0
10916,1997,1,1,0,0,0,0,0,0,0,0
10916,1998,3,3,2,0,0,1,0,0,0,0
10916,1999,2,2,1,0,0,0,0,0,1,0
10920,1999,1,1,0,0,0,0,0,0,0,0
10921,1997,9,9,4,0,0,0,0,0,0,0
10921,1998,3,3,2,0,0,0,0,0,0,0
10926,1994,2,1,1,0,0,0,1,0,0,0
10926,2003,1,1,1,0,0,0,0,0,0,0
10926,2006,1,1,0,0,0,0,0,0,0,0
10926,2007,1,1,1,1,0,0,0,0,0,0
10926,2008,1,1,0,0,0,0,0,0,0,0
10926,2009,1,0,0,0,0,0,0,0,0,1
10956,2001,1,1,1,0,0,0,0,0,0,0
10956,2003,2,2,1,0,0,0,0,0,0,0
10956,2007,2,2,1,1,0,0,0,0,0,0
10957,2007,1,1,1,0,0,0,0,0,0,0
10963,1996,4,4,2,1,0,0,0,0,0,0
10963,1997,2,1,1,0,0,0,1,0,0,0
10963,1998,2,2,1,0,0,0,0,0,0,0
10963,1999,1,1,0,0,0,0,0,0,0,0
10963,2001,1,1,1,1,0,0,0,0,0,0
10963,2003,1,1,1,0,0,0,0,0,0,0
10963,2004,1,1,0,0,0,0,0,0,1,0
10973,1999,1,1,0,0,0,0,0,0,0,0
10973,2003,2,1,0,0,0,0,1,0,0,0
10984,2011,3,3,1,0,0,0,0,0,0,0
10999,1998,6,6,2,0,0,0,0,0,1,0
10999,1999,5,5,2,0,0,0,0,0,0,0
10999,2001,3,2,0,0,0,0,1,0,0,0
11005,2006,1,1,1,1,0,0,0,0,0,0
11014,2002,6,5,2,0,0,1,1,0,0,0
11030,1994,1,1,0,0,0,0,0,0,0,0
11030,1995,1,1,1,0,0,0,0,0,0,0
11030,1996,1,1,0,0,0,0,0,0,0,0
11031,2009,2,2,0,0,0,0,0,0,1,0
11039,1991,6,6,3,0,0,0,0,0,0,0
11039,1992,4,4,1,0,0,0,0,0,3,0
11039,1993,6,6,3,1,0,1,0,0,0,0
11039,1994,8,8,1,0,0,0,0,0,1,0
11039,1995,5,4,2,1,0,0,1,0,0,0
11042,2004,1,1,0,0,0,0,0,0,0,0
11047,2003,1,1,0,0,0,0,0,0,0,0
11047,2004,1,1,1,0,0,0,0,0,0,0
11051,1992,2,2,1,0,0,1,0,0,0,0
11051,1998,3,2,0,0,0,0,1,0,0,0
11079,2002,3,3,2,0,0,0,0,0,0,0
11079,2003,1,1,0,0,0,0,0,0,0,0
11090,1991,6,6,1,0,0,0,0,0,1,0
11090,1993,9,9,2,1,0,0,0,0,2,0
11090,1994,4,3,0,0,0,0,0,0,0,1
11090,1995,10,9,2,1,1,0,1,0,2,0
11112,2007,1,1,1,0,0,0,0,0,0,0
11112,2009,1,1,1,0,0,0,0,0,0,0
11119,2003,2,1,0,0,0,0,1,0,1,0
11141,2000,1,1,0,0,0,0,0,0,0,0
11141,2001,9,8,3,1,0,1,1,0,1,0
11141,2002,4,3,0,0,0,0,1,0,1,0
11141,2004,2,1,0,0,0,0,0,1,0,0
11167,2002,2,2,0,0,0,0,0,0,1,0
11167,2003,2,2,0,0,0,0,0,0,1,0
11167,2004,1,1,1,0,0,0,0,0,0,0
11172,1996,1,1,0,0,0,0,0,0,1,0
11172,1998,1,1,0,0,0,0,0,0,0,0
11172,1999,6,6,3,1,1,0,0,0,0,0
11172,2000,4,4,3,1,0,0,0,0,1,0
11172,2007,3,3,0,0,0,0,0,0,0,0
11172,2009,5,4,1,0,0,0,1,0,1,0
11178,1992,3,3,1,0,0,0,0,0,2,0
11178,1993,4,4,1,0,0,0,0,0,1,0
11192,1996,1,1,1,0,1,0,0,0,0,0
11192,1998,2,2,0,0,0,0,0,0,0,0
11192,1999,3,3,2,0,0,1,0,0,0,0
11192,2000,3,3,1,0,0,0,0,0,1,0
11192,2001,3,3,0,0,0,0,0,0,1,0
11202,1992,2,1,1,0,0,0,0,0,0,1
11202,1994,1,0,0,0,0,0,1,0,0,0
11215,1998,2,2,0,0,0,0,0,0,1,0
11217,1996,2,2,0,0,0,0,0,0,0,0
11217,1997,2,2,0,0,0,0,0,0,1,0
11217,1998,2,2,0,0,0,0,0,0,0,0
11217,1999,1,1,0,0,0,0,0,0,1,0
11217,2000,1,1,0,0,0,0,0,0,1,0
11218,1993,2,0,0,0,0,0,1,0,0,1
11222,2005,1,1,0,0,0,0,0,0,0,0
11240,2010,3,3,0,0,0,0,0,0,0,0
11242,2004,2,2,0,0,0,0,0,0,2,0
11242,2005,2,2,0,0,0,0,0,0,1,0
11245,2008,1,1,1,0,0,0,0,0,0,0
11245,2009,2,1,0,0,0,0,1,0,1,0
11247,2000,3,3,0,0,0,0,0,0,0,0
11247,2001,4,4,2,0,0,1,0,0,0,0
11247,2002,4,4,2,1,0,1,0,0,0,0
11249,1992,4,4,1,1,0,0,0,0,1,0
11256,1991,2,2,0,0,0,0,0,0,0,0
11256,1992,3,3,2,0,0,0,0,0,0,0
11256,1993,6,6,0,0,0,0,0,0,0,0
11256,1995,3,3,0,0,0,0,0,0,0,0
11282,2006,3,3,1,0,0,0,0,0,2,0
11285,1993,2,2,1,0,0,0,0,0,0,0
11285,1995,2,2,0,0,0,0,0,0,0,0
11285,1996,3,3,2,1,0,0,0,0,0,0
11285,1997,1,1,1,0,0,0,0,0,0,0
11285,1999,2,2,1,0,0,0,0,0,0,0
11285,2000,2,2,2,1,0,0,0,0,0,0
11285,2003,3,3,0,0,0,0,0,0,0,0
11285,2007,3,3,0,0,0,0,0,0,0,0
11285,2008,3,3,3,1,0,0,0,0,0,0
11295,1994,3,3,1,0,0,0,0,0,0,0
11295,1996,2,2,0,0,0,0,0,0,0,0
11295,1997,4,4,0,0,0,0,0,0,3,0
11295,1998,3,3,1,0,0,0,0,0,1,0
11295,1999,2,2,1,0,0,0,0,0,0,0
11337,2006,2,2,0,0,0,0,0,0,0,0
11337,2008,3,1,1,0,0,0,1,1,0,0
11337,2010,2,2,0,0,0,0,0,0,1,0
11340,1998,3,3,0,0,0,0,0,0,1,0
11340,1999,1,1,0,0,0,0,0,0,0,0
11342,1996,3,3,0,0,0,0,0,0,0,0
11342,1997,6,6,3,2,0,0,0,0,1,0
11364,1991,4,3,0,0,0,0,1,0,0,0
11364,1992,2,2,1,0,0,1,0,0,0,0
11371,1997,8,8,1,1,0,0,0,0,3,0
11371,1998,3,3,2,0,0,0,0,0,0,0
11372,2010,1,1,0,0,0,0,0,0,0,0
11378,2009,1,1,1,0,0,0,0,0,0,0
11388,1991,3,2,0,0,0,0,0,0,0,0
11388,1992,2,1,0,0,0,0,0,0,1,1
11388,1993,2,2,1,0,0,0,0,0,0,0
11399,2006,1,1,1,0,0,0,0,0,0,0
11399,2009,1,1,1,0,0,0,0,0,0,0
11410,2005,2,2,2,0,0,0,0,0,0,0
11424,1997,3,3,2,1,0,0,0,0,0,0
11424,1999,6,6,3,0,0,1,0,0,0,0
11426,1997,5,4,3,1,0,0,1,0,0,0
11426,1998,2,1,1,0,0,0,1,0,0,0
11426,2003,3,3,3,0,0,0,0,0,0,0
11426,2004,1,1,1,0,0,0,0,0,0,0
11460,2004,1,1,1,1,0,0,0,0,0,0
11460,2005,1,1,1,0,0,0,0,0,0,0
11460,2008,1,1,1,0,0,0,0,0,0,0
11470,2002,1,1,0,0,0,0,0,0,0,0
11474,2002,2,2,1,0,0,1,0,0,1,0
11484,2009,3,3,1,0,0,0,0,0,0,0
11484,2011,2,2,0,0,0,0,0,0,0,0
11489,1991,2,2,0,0,0,0,0,0,0,0
11489,1992,3,3,0,0,0,0,0,0,2,0
11489,1993,1,1,0,0,0,0,0,0,1,0
11489,1994,1,1,1,0,0,0,0,0,0,0
11489,1995,4,4,1,0,0,0,0,0,2,0
11489,1997,1,1,0,0,0,0,0,0,0,0
11489,1998,2,2,2,0,0,1,0,0,0,0
11489,1999,2,2,0,0,0,0,0,0,0,0
11489,2000,1,1,1,0,0,1,0,0,0,0
11489,2004,2,2,0,0,0,0,0,0,1,0
11489,2005,1,1,1,0,0,0,0,0,0,0
11489,2006,1,1,0,0,0,0,0,0,0,0
11489,2007,1,1,1,0,0,0,0,0,0,0
11489,2008,1,1,0,0,0,0,0,0,0,0
11501,2009,2,2,1,1,0,0,0,0,0,0
11522,2000,4,4,0,0,0,0,0,0,0,0
11522,2001,3,3,1,0,0,0,0,0,0,0
11522,2003,7,7,2,0,0,0,0,0,0,0
11522,2008,1,1,0,0,0,0,0,0,0,0
11522,2009,3,3,0,0,0,0,0,0,1,0
11544,1995,1,1,0,0,0,0,0,0,0,0
11558,1995,2,2,0,0,0,0,0,0,0,0
11558,2003,3,3,1,0,0,0,0,0,0,0
11568,2001,6,6,4,1,0,0,0,0,2,0
11568,2007,3,3,2,0,0,0,0,0,0,0
11577,2000,3,3,2,0,0,1,0,0,0,0
11577,2003,12,11,3,0,0,2,1,0,4,0
11577,2004,3,1,1,0,0,0,2,0,0,0
11577,2007,3,3,0,0,0,0,0,0,0,0
11606,1992,3,3,1,0,0,0,0,0,1,0
11606,1993,6,6,0,0,0,0,0,0,2,0
11606,1994,2,2,0,0,0,0,0,0,2,0
11606,1996,3,3,1,1,0,0,0,0,1,0
11606,1997,1,1,0,0,0,0,0,0,0,0
11606,1998,3,3,1,1,0,0,0,0,0,0
11606,1999,4,4,3,1,0,1,0,0,0,0
11606,2001,2,2,1,0,0,0,0,0,0,0
11607,2009,1,1,0,0,0,0,0,0,1,0
11607,2010,2,2,1,0,0,0,0,0,0,0
11642,2007,1,1,0,0,0,0,0,0,0,0
11647,1994,1,1,1,1,0,0,0,0,0,0
11684,2001,2,2,0,0,0,0,0,0,2,0
11684,2002,1,1,1,0,0,1,0,0,0,0
11707,1998,1,1,0,0,0,0,0,0,0,0
11710,1997,7,7,1,0,0,1,0,0,1,0
11710,1999,4,4,1,0,0,0,0,0,0,0
11710,2002,3,3,1,1,0,0,0,0,0,0
11710,2003,3,3,0,0,0,0,0,0,0,0
11719,2009,1,1,0,0,0,0,0,0,0,0
11723,2010,2,2,2,0,1,0,0,0,0,0
11732,1993,2,0,0,0,0,0,2,0,0,0
11735,1992,6,6,3,0,0,0,0,0,1,0
11735,1993,2,2,0,0,0,0,0,0,0,0
11735,1996,2,2,1,0,0,0,0,0,0,0
11746,2003,1,0,0,0,0,0,1,0,0,0
11746,2005,1,1,0,0,0,0,0,0,0,0
11752,2003,2,2,0,0,0,0,0,0,0,0
11756,2009,2,2,0,0,0,0,0,0,0,0
11763,1994,7,7,2,0,0,1,0,0,2,0
11763,1995,11,11,3,1,0,0,0,0,1,0
11763,1996,5,5,3,2,0,0,0,0,0,0
11768,2003,2,2,2,1,0,0,0,0,0,0
11768,2005,2,2,0,0,0,0,0,0,1,0
11768,2009,2,2,1,0,0,0,0,0,0,0
11768,2010,1,1,1,1,0,0,0,0,0,0
11773,2009,1,1,0,0,0,0,0,0,0,0
11782,2011,1,1,1,0,0,0,0,0,0,0
11786,2010,2,2,0,0,0,0,0,0,1,0
11801,2003,7,7,1,0,0,0,0,0,2,0
11801,2004,3,3,1,1,0,0,0,0,0,0
11801,2005,4,4,2,0,0,0,0,0,2,0
11801,2006,3,3,2,1,0,0,0,0,0,0
11801,2007,9,9,4,1,1,1,0,0,3,0
11801,2008,3,3,3,1,0,0,0,0,0,0
11801,2011,2,2,1,0,0,0,0,0,0,0
11806,2009,1,1,1,0,0,0,0,0,0,0
11822,2002,3,2,1,1,0,0,1,0,0,0
11826,2010,1,1,0,0,0,0,0,0,0,0
11826,2011,2,2,0,0,0,0,0,0,1,0
11831,2011,1,1,0,0,0,0,0,0,0,0
11837,1998,1,1,0,0,0,0,0,0,1,0
11837,1999,2,2,1,0,0,0,0,0,0,0
11838,1996,1,1,0,0,0,0,0,0,0,0
11838,1997,2,2,1,0,0,1,0,0,1,0
11841,2008,1,1,0,0,0,0,0,0,1,0
11841,2009,3,3,1,1,0,0,0,0,2,0
11841,2010,3,3,2,0,0,0,0,0,1,0
11861,2000,1,1,1,1,0,0,0,0,0,0
11861,2003,3,3,0,0,0,0,0,0,1,0
11863,2006,3,3,1,0,0,1,0,0,0,0
11863,2007,2,1,0,0,0,0,1,0,0,0
11863,2009,2,2,0,0,0,0,0,0,0,0
11863,2010,2,2,0,0,0,0,0,0,0,0
11873,2003,2,2,0,0,0,0,0,0,0,0
11875,1995,1,1,1,0,0,0,0,0,0,0
11875,1996,2,2,0,0,0,0,0,0,1,0
11875,1997,2,2,0,0,0,0,0,0,1,0
11875,2004,3,2,1,0,0,0,1,0,1,0
11875,2007,1,1,1,0,0,1,0,0,0,0
11884,1992,5,5,0,0,0,0,0,0,0,0
11884,1993,10,10,4,1,0,1,0,0,1,0
11895,2000,1,1,1,0,0,1,0,0,0,0
11895,2001,2,2,1,0,0,0,0,0,0,0
11895,2003,2,1,0,0,0,0,1,0,0,0
11895,2005,2,2,2,1,0,0,0,0,0,0
11895,2007,1,1,1,0,0,0,0,0,0,0
11899,2001,1,1,0,0,0,0,0,0,0,0
11904,2006,2,2,2,0,0,0,0,0,0,0
11904,2007,3,3,0,0,0,0,0,0,2,0
11905,2009,3,3,2,0,0,0,0,0,0,0
11905,2010,11,10,3,0,0,0,0,0,0,1
11905,2011,4,4,1,0,0,0,0,0,0,0
11913,2002,1,0,0,0,0,0,1,0,0,0
11922,2008,1,1,1,0,0,0,0,0,0,0
11927,2005,2,2,0,0,0,0,0,0,0,0
11929,2002,3,1,0,0,0,0,1,1,1,0
11929,2004,1,1,0,0,0,0,0,0,1,0
11929,2007,1,1,0,0,0,0,0,0,0,0
11929,2010,3,3,1,0,0,0,0,0,2,0
11934,1996,3,3,1,0,0,0,0,0,0,0
11942,2009,5,5,2,0,0,0,0,0,1,0
11949,1995,7,7,0,0,0,0,0,0,1,0
11949,1996,11,10,3,0,1,0,0,1,2,0
11949,1998,3,3,2,1,0,0,0,0,0,0
11949,1999,5,3,1,0,0,0,1,0,1,1
11949,2000,1,1,0,0,0,0,0,0,1,0
11949,2003,4,4,1,0,0,0,0,0,0,0
11949,2004,3,3,2,0,0,2,0,0,0,0
11949,2005,7,7,2,0,0,0,0,0,2,0
11949,2006,3,3,0,0,0,0,0,0,0,0
11949,2007,3,3,2,0,0,0,0,0,0,0
11949,2008,7,5,1,1,0,0,1,1,0,0
11965,1998,2,2,1,0,0,0,0,0,0,0
11965,2007,1,1,0,0,0,0,0,0,1,0
11965,2008,1,1,0,0,0,0,0,0,0,0
11970,2000,1,0,0,0,0,0,1,0,0,0
11976,2005,1,1,0,0,0,0,0,0,0,0
11976,2006,1,1,1,0,0,0,0,0,0,0
11981,2005,2,2,1,0,0,0,0,0,1,0
11981,2006,1,1,0,0,0,0,0,0,1,0
11987,1998,1,1,0,0,0,0,0,0,0,0
11987,2000,1,1,0,0,0,0,0,0,0,0
11992,2001,1,1,0,0,0,0,0,0,1,0
12009,1992,1,1,0,0,0,0,0,0,0,0
12023,2005,6,4,0,0,0,0,0,1,0,1
12023,2006,6,6,2,0,0,0,0,0,1,0
12028,1998,1,1,0,0,0,0,0,0,1,0
12033,1991,1,1,0,0,0,0,0,0,0,0
12033,1992,2,2,0,0,0,0,0,0,1,0
12033,1993,3,3,1,0,0,0,0,0,1,0
12043,1995,3,3,2,1,0,0,0,0,0,0
12043,1996,1,1,1,0,0,0,0,0,0,0
12053,1996,6,6,0,0,0,0,0,0,1,0
12053,1997,8,7,3,0,0,1,1,0,0,0
12053,1998,3,3,3,0,0,1,0,0,0,0
12053,1999,5,5,1,0,0,0,0,0,0,0
12053,2001,1,1,1,0,0,0,0,0,0,0
12057,1999,4,4,0,0,0,0,0,0,1,0
12057,2000,3,3,1,0,0,0,0,0,1,0
12057,2001,4,4,2,1,0,0,0,0,1,0
12057,2002,6,6,1,0,0,1,0,0,1,0
12057,2004,6,6,3,0,0,1,0,0,0,0
12057,2005,2,2,1,0,1,0,0,0,0,0
12057,2006,10,8,4,0,0,1,2,0,0,0
12057,2007,3,3,3,1,0,0,0,0,0,0
12057,2008,3,3,2,0,0,0,0,0,0,0
12065,2007,4,3,1,0,0,0,0,0,0,1
12080,1997,6,6,2,0,0,0,0,0,0,0
12080,1998,1,1,0,0,0,0,0,0,0,0
12080,1999,1,1,0,0,0,0,0,0,0,0
12085,2011,1,1,1,0,0,0,0,0,0,0
12087,1991,1,1,0,0,0,0,0,0,0,0
12087,1992,1,0,0,0,0,0,1,0,0,0
12089,2003,5,5,2,2,0,0,0,0,1,0
12089,2006,1,1,0,0,0,0,0,0,0,0
12089,2009,2,1,0,0,0,0,1,0,1,0
12091,2000,1,1,0,0,0,0,0,0,0,0
12094,2000,4,4,1,1,0,0,0,0,1,0
12094,2006,3,3,0,0,0,0,0,0,0,0
12094,2007,3,3,2,0,0,0,0,0,0,0
12094,2009,2,2,2,0,0,1,0,0,0,0
12095,2007,4,4,2,0,0,0,0,0,1,0
12095,2008,2,2,0,0,0,0,0,0,0,0
12095,2009,2,2,1,0,0,0,0,0,0,0
12099,2003,3,2,1,0,0,0,0,1,0,0
12099,2004,3,3,1,0,0,0,0,0,0,0
12099,2005,4,4,2,0,0,0,0,0,0,0
12102,2004,2,2,1,0,0,0,0,0,0,0
12105,2010,1,1,0,0,0,0,0,0,0,0
12105,2011,2,2,0,0,0,0,0,0,2,0
12107,2001,7,7,3,0,0,0,0,0,0,0
12107,2002,5,5,1,1,0,0,0,0,0,0
12107,2004,1,1,0,0,0,0,0,0,0,0
12122,1991,1,1,1,0,0,0,0,0,0,0
12122,1992,10,9,2,1,0,1,0,0,2,0
12122,1993,4,3,1,0,1,0,1,0,0,0
12122,1994,4,4,0,0,0,0,0,0,1,0
12122,1995,1,1,0,0,0,0,0,0,0,0
12133,1991,2,2,1,0,0,0,0,0,0,0
12133,1992,3,3,0,0,0,0,0,0,0,0
12133,1993,6,6,2,0,0,1,0,0,1,0
12133,1994,1,1,1,1,0,0,0,0,0,0
12141,1994,2,2,1,0,0,0,0,0,1,0
12141,1995,1,1,1,0,0,0,0,0,0,0
12141,1996,4,4,2,1,0,0,0,0,1,0
12141,1997,2,2,1,1,0,0,0,0,0,0
12141,1998,3,3,1,0,0,0,0,0,0,0
12141,1999,4,4,3,0,0,0,0,0,0,0
12141,2000,3,3,1,0,0,0,0,0,0,0
12141,2001,1,1,1,0,0,0,0,0,0,0
12143,1991,6,5,1,0,0,0,1,0,1,0
12143,1992,3,2,1,1,0,0,1,0,0,0
12143,1993,4,4,0,0,0,0,0,0,4,0
12143,1994,4,4,2,0,0,1,0,0,0,0
12143,1996,14,12,5,1,0,2,1,0,0,1
12143,1997,3,3,0,0,0,0,0,0,0,0
12143,1998,9,9,4,1,0,0,0,0,1,0
12143,1999,11,11,3,1,0,1,0,0,5,0
12143,2000,4,4,1,0,0,0,0,0,0,0
12143,2002,3,3,2,0,0,0,0,0,0,0
12143,2006,4,3,2,0,0,0,1,0,1,0
12146,1999,3,3,1,0,0,0,0,0,0,0
12146,2000,3,2,1,1,0,0,1,0,1,0
12146,2001,2,2,0,0,0,0,0,0,1,0
12146,2002,4,4,2,1,0,1,0,0,0,0
12146,2003,6,6,1,0,0,0,0,0,2,0
12146,2006,2,2,0,0,0,0,0,0,1,0
12146,2009,1,1,0,0,0,0,0,0,0,0
12147,2009,5,4,0,0,0,0,1,0,1,0
12149,2006,6,6,1,1,0,0,0,0,1,0
12149,2007,2,2,0,0,0,0,0,0,0,0
12156,2003,3,3,1,0,0,0,0,0,0,0
12157,1995,1,1,0,0,0,0,0,0,0,0
12157,1996,8,8,2,1,0,0,0,0,1,0
12157,1997,6,6,3,1,0,0,0,0,0,0
12171,1991,1,1,0,0,0,0,0,0,0,0
12172,2002,3,3,1,0,0,0,0,0,0,0
12172,2004,9,8,2,1,1,0,1,0,2,0
12172,2005,7,7,2,1,0,0,0,0,2,0
12172,2006,10,10,2,0,0,0,0,0,0,0
12172,2007,6,6,1,0,0,0,0,0,2,0
12172,2010,4,4,2,1,0,0,0,0,0,0
12172,2011,2,2,1,1,0,0,0,0,0,0
12179,1995,3,3,1,0,0,0,0,0,0,0
12182,1999,3,3,2,0,0,0,0,0,0,0
12182,2001,1,1,0,0,0,0,0,0,1,0
12182,2003,1,1,0,0,0,0,0,0,0,0
12182,2007,1,1,0,0,0,0,0,0,0,0
12192,1998,1,1,1,0,0,0,0,0,0,0
12216,2000,1,1,0,0,0,0,0,0,1,0
12216,2002,1,1,1,0,0,0,0,0,0,0
12225,2000,1,1,0,0,0,0,0,0,0,0
12232,1998,3,3,1,0,0,0,0,0,0,0
12232,1999,2,2,0,0,0,0,0,0,0,0
12232,2000,6,5,2,1,0,1,1,0,0,0
12232,2004,3,3,1,0,1,0,0,0,0,0
12232,2006,1,1,0,0,0,0,0,0,0,0
12235,2007,1,1,0,0,0,0,0,0,0,0
12242,1992,2,2,0,0,0,0,0,0,0,0
12242,1993,4,4,1,0,0,0,0,0,0,0
12242,1994,1,1,1,0,0,0,0,0,0,0
12242,1995,5,5,2,0,0,0,0,0,1,0
12242,1996,3,2,1,0,0,0,1,0,0,0
12242,1997,2,2,1,0,0,0,0,0,1,0
12242,2001,1,1,0,0,0,0,0,0,0,0
12242,2004,2,2,0,0,0,0,0,0,0,0
12242,2005,5,5,1,0,0,0,0,0,2,0
12246,1992,3,3,1,0,0,0,0,0,0,0
12246,1995,2,2,0,0,0,0,0,0,1,0
12288,1996,11,10,0,0,0,0,1,0,0,0
12297,1991,3,2,0,0,0,0,0,0,1,0
12297,1992,3,3,2,0,0,0,0,0,0,0
12297,1993,2,2,0,0,0,0,0,0,2,0
12297,1994,1,1,1,0,0,0,0,0,0,0
12303,2004,4,4,2,0,0,0,0,0,0,0
12320,2001,1,1,0,0,0,0,0,0,0,0
12334,1993,2,2,0,0,0,0,0,0,0,0
12334,1994,5,3,1,0,0,0,1,0,0,1
12335,2003,1,0,0,0,0,0,1,0,0,0
12351,2003,2,2,0,0,0,0,0,0,1,0
12353,2004,1,1,0,0,0,0,0,0,0,0
12353,2006,1,1,0,0,0,0,0,0,0,0
12358,1993,1,1,0,0,0,0,0,0,0,0
12358,1995,1,1,0,0,0,0,0,0,0,0
12358,1996,3,3,1,0,0,0,0,0,1,0
12358,1997,3,2,0,0,0,0,1,0,0,0
12358,1998,3,3,1,0,0,0,0,0,0,0
12358,1999,3,3,1,0,0,1,0,0,0,0
12358,2000,3,3,2,0,0,1,0,0,0,0
12358,2001,3,3,1,1,0,0,0,0,0,0
12358,2003,4,3,0,0,0,0,1,0,2,0
12358,2005,3,3,2,1,0,0,0,0,0,0
12362,2008,1,1,1,0,0,0,0,0,0,0
12362,2010,1,1,0,0,0,0,0,0,0,0
12362,2011,1,1,0,0,0,0,0,0,1,0
12369,2009,2,2,0,0,0,0,0,0,1,0
12385,2001,1,1,1,1,0,0,0,0,0,0
12385,2002,1,1,0,0,0,0,0,0,0,0
12391,2002,5,5,2,0,0,1,0,0,0,0
12391,2003,6,6,0,0,0,0,0,0,4,0
12433,2001,7,5,1,0,0,0,2,0,3,0
12433,2002,1,0,0,0,0,0,0,1,0,0
12433,2007,1,1,1,0,0,0,0,0,0,0
12437,1996,1,1,1,0,0,0,0,0,0,0
12437,1997,1,1,0,0,0,0,0,0,0,0
12437,1999,5,4,2,0,0,0,1,0,0,0
12437,2001,2,2,1,0,0,0,0,0,0,0
12437,2003,1,1,1,1,0,0,0,0,0,0
12442,1993,6,6,2,0,0,1,0,0,0,0
12442,1994,2,2,0,0,0,0,0,0,0,0
12442,1999,9,8,3,1,0,1,1,0,2,0
12442,2000,1,1,0,0,0,0,0,0,0,0
12450,2001,1,1,1,0,0,0,0,0,0,0
12450,2002,2,2,1,0,0,0,0,0,0,0
12453,1995,1,1,0,0,0,0,0,0,1,0
12453,1996,1,1,1,1,0,0,0,0,0,0
12455,1995,2,2,1,0,0,1,0,0,0,0
12455,1996,4,3,1,0,0,0,0,1,0,0
12455,1997,3,3,2,1,0,0,0,0,0,0
12456,2009,1,1,0,0,0,0,0,0,0,0
12460,2003,9,7,2,1,0,0,1,0,1,1
12460,2008,3,1,1,0,0,0,2,0,0,0
12460,2009,3,3,0,0,0,0,0,0,2,0
12460,2010,2,2,1,0,0,0,0,0,0,0
12486,2006,2,2,1,1,0,0,0,0,0,0
12486,2007,1,1,0,0,0,0,0,0,1,0
12491,1992,2,2,0,0,0,0,0,0,0,0
12492,2003,8,7,2,1,0,0,1,0,3,0
12492,2010,1,1,0,0,0,0,0,0,0,0
12492,2011,1,0,0,0,0,0,1,0,0,0
12494,2004,3,3,1,0,0,1,0,0,0,0
12494,2005,7,7,3,2,0,0,0,0,2,0
12494,2006,2,2,2,0,1,0,0,0,0,0
12497,2001,3,2,0,0,0,0,0,1,1,0
12501,2009,1,1,1,0,0,0,0,0,0,0
12512,1997,2,2,1,0,0,0,0,0,0,0
12513,1997,1,1,0,0,0,0,0,0,1,0
12513,1998,3,3,1,0,0,1,0,0,1,0
12513,1999,5,5,3,1,0,0,0,0,0,0
12513,2003,3,3,0,0,0,0,0,0,0,0
12513,2004,1,1,1,1,0,0,0,0,0,0
12526,1997,3,2,2,0,0,0,1,0,0,0
12526,2005,3,3,0,0,0,0,0,0,1,0
12526,2007,2,2,1,0,0,0,0,0,0,0
12526,2008,2,1,0,0,0,0,0,0,0,0
12527,1998,6,6,0,0,0,0,0,0,2,0
12527,2003,4,4,2,1,0,0,0,0,1,0
12527,2007,2,2,0,0,0,0,0,0,1,0
12541,2000,2,1,0,0,0,0,1,0,0,0
12550,2005,1,1,0,0,0,0,0,0,0,0
12557,1998,1,1,1,0,0,0,0,0,0,0
12557,1999,2,2,1,0,0,1,0,0,0,0
12557,2000,6,6,3,0,0,0,0,0,0,0
12557,2001,1,1,1,0,0,0,0,0,0,0
12557,2002,2,2,0,0,0,0,0,0,0,0
12557,2003,1,1,1,0,0,0,0,0,0,0
12568,2009,1,1,1,0,0,0,0,0,0,0
12582,1991,1,1,0,0,0,0,0,0,0,0
12595,1992,3,3,0,0,0,0,0,0,0,0
12597,2005,6,6,0,0,0,0,0,0,4,0
12597,2011,2,2,0,0,0,0,0,0,0,0
12617,1992,3,3,0,0,0,0,0,0,1,0
12617,1993,2,2,0,0,0,0,0,0,2,0
12633,2002,1,1,1,0,0,0,0,0,0,0
12633,2003,6,6,2,0,0,0,0,0,2,0
12633,2009,3,3,0,0,0,0,0,0,2,0
12633,2010,3,3,0,0,0,0,0,0,2,0
12635,2001,1,1,0,0,0,0,0,0,0,0
12635,2002,6,6,3,0,0,1,0,0,0,0
12635,2007,1,1,1,0,0,0,0,0,0,0
12644,2009,1,1,0,0,0,0,0,0,0,0
12656,2008,1,1,0,0,0,0,0,0,0,0
12663,2009,3,3,0,0,0,0,0,0,3,0
12671,2001,6,6,1,0,0,0,0,0,3,0
12671,2002,11,9,4,2,0,1,2,0,3,0
12671,2004,6,6,2,0,0,0,0,0,3,0
12671,2005,2,2,1,0,0,0,0,0,0,0
12671,2006,3,3,0,0,0,0,0,0,0,0
12671,2008,1,1,0,0,0,0,0,0,1,0
12679,2009,1,1,0,0,0,0,0,0,0,0
12679,2010,1,1,0,0,0,0,0,0,0,0
