0,2007,1,1,0,0,0,0,0,0,0,0
0,2008,4,3,0,0,0,0,0,1,0,0
0,2010,2,2,2,0,0,1,0,0,0,0
9,1994,2,2,0,0,0,0,0,0,0,0
9,1995,9,9,2,2,0,0,0,0,4,0
9,1996,5,4,1,0,0,0,1,0,0,0
13,2001,8,7,2,0,0,1,1,0,1,0
13,2002,6,4,2,0,0,0,2,0,1,0
13,2003,6,3,0,0,0,0,3,0,1,0
13,2004,4,4,1,0,0,0,0,0,1,0
28,2006,2,1,0,0,0,0,0,1,1,0
30,2006,2,1,1,0,0,0,1,0,0,0
30,2007,1,1,1,0,0,0,0,0,0,0
30,2008,1,1,0,0,0,0,0,0,1,0
30,2009,3,2,1,0,0,1,1,0,0,0
30,2011,4,4,1,0,0,0,0,0,1,0
31,2011,4,4,1,1,0,0,0,0,1,0
31,2012,4,3,0,0,0,0,1,0,2,0
33,2002,2,2,0,0,0,0,0,0,0,0
33,2003,3,2,0,0,0,0,1,0,1,0
35,2015,1,1,0,0,0,0,0,0,0,0
41,2009,2,1,0,0,0,0,1,0,1,0
41,2011,1,1,0,0,0,0,0,0,0,0
43,1995,3,3,1,0,1,0,0,0,1,0
43,1996,1,1,0,0,0,0,0,0,0,0
48,2015,1,1,0,0,0,0,0,0,0,0
60,2012,1,1,0,0,0,0,0,0,0,0
68,2004,1,1,0,0,0,0,0,0,1,0
73,2011,1,1,0,0,0,0,0,0,1,0
79,2003,1,1,0,0,0,0,0,0,0,0
79,2004,2,2,1,0,0,0,0,0,0,0
86,2003,1,0,0,0,0,0,1,0,0,0
86,2004,3,2,0,0,0,0,1,0,1,0
86,2005,1,0,0,0,0,0,1,0,0,0
86,2006,5,4,3,0,0,2,1,0,0,0
86,2007,1,0,0,0,0,0,1,0,0,0
98,1996,3,3,2,1,0,0,0,0,0,0
98,1997,2,1,0,0,0,0,0,1,1,0
98,1998,3,3,2,0,1,1,0,0,0,0
116,2008,1,1,0,0,0,0,0,0,0,0
116,2009,2,1,0,0,0,0,1,0,0,0
116,2010,6,5,1,0,0,0,1,0,0,0
116,2011,3,2,0,0,0,0,1,0,0,0
116,2012,1,1,0,0,0,0,0,0,0,0
116,2015,1,1,0,0,0,0,0,0,0,0
118,2011,1,1,0,0,0,0,0,0,1,0
118,2015,2,0,0,0,0,0,2,0,0,0
134,1996,7,6,3,0,0,1,1,0,3,0
134,1997,5,5,3,0,0,0,0,0,0,0
134,1998,2,2,0,0,0,0,0,0,0,0
148,2002,1,1,1,0,0,0,0,0,0,0
162,2015,3,3,1,0,0,0,0,0,1,0
185,2003,2,1,1,0,0,0,1,0,0,0
186,1999,1,0,0,0,0,0,1,0,0,0
186,2000,1,1,1,0,0,0,0,0,0,0
186,2002,1,1,1,0,0,0,0,0,0,0
186,2004,3,3,0,0,0,0,0,0,0,0
186,2005,1,1,0,0,0,0,0,0,0,0
225,2011,3,3,2,0,0,1,0,0,0,0
225,2012,9,9,2,1,0,0,0,0,3,0
227,2000,1,0,0,0,0,0,0,0,0,1
228,2015,2,1,0,0,0,0,1,0,0,0
228,2016,1,1,0,0,0,0,0,0,0,0
239,1995,7,5,1,0,0,1,2,0,2,0
239,1996,7,4,0,0,0,0,3,0,1,0
239,1997,3,3,0,0,0,0,0,0,1,0
239,1998,6,6,0,0,0,0,0,0,1,0
239,1999,6,5,1,0,0,0,1,0,1,0
239,2002,3,3,1,0,0,1,0,0,0,0
253,2010,2,2,1,0,0,0,0,0,1,0
261,1996,6,6,2,0,0,0,0,0,0,0
261,1998,3,2,0,0,0,0,1,0,0,0
261,1999,3,3,1,0,0,0,0,0,0,0
261,2003,5,5,3,0,0,1,0,0,1,0
261,2004,7,5,3,1,0,0,2,0,0,0
263,2009,6,6,1,1,0,0,0,0,2,0
263,2011,3,3,2,0,0,0,0,0,0,0
280,2002,3,3,3,0,0,0,0,0,0,0
281,2003,1,1,0,0,0,0,0,0,0,0
290,1998,3,2,2,1,0,1,1,0,0,0
290,2000,2,2,1,0,0,1,0,0,0,0
290,2001,3,2,0,0,0,0,1,0,1,0
302,2000,1,0,0,0,0,0,1,0,0,0
309,2015,4,3,3,1,0,1,1,0,0,0
315,1997,3,3,1,1,0,0,0,0,0,0
333,1995,3,3,0,0,0,0,0,0,1,0
333,1996,7,7,2,0,0,0,0,0,1,0
333,1997,3,3,1,0,0,0,0,0,2,0
333,1998,2,2,1,1,0,0,0,0,1,0
333,1999,6,6,2,0,0,0,0,0,1,0
333,2000,6,6,1,0,0,1,0,0,1,0
333,2002,7,7,2,0,0,1,0,0,2,0
333,2003,8,6,1,0,0,1,2,0,1,0
335,2009,1,1,0,0,0,0,0,0,1,0
343,2013,3,3,0,0,0,0,0,0,1,0
343,2015,12,9,1,0,0,1,3,0,3,0
343,2016,6,6,2,1,0,1,0,0,2,0
364,2007,1,0,0,0,0,0,0,1,0,0
369,2015,1,1,0,0,0,0,0,0,0,0
380,2008,4,4,2,1,0,0,0,0,1,0
380,2011,1,1,1,0,0,0,0,0,0,0
382,2011,6,2,1,1,0,0,3,0,0,1
382,2012,8,7,2,0,0,0,0,1,3,0
384,2004,12,10,3,1,0,1,1,1,2,0
384,2005,6,6,2,0,0,0,0,0,1,0
384,2012,4,4,2,1,0,0,0,0,0,0
388,1998,8,8,4,0,0,1,0,0,3,0
388,1999,4,4,0,0,0,0,0,0,2,0
388,2000,6,5,3,1,0,0,1,0,0,0
388,2001,3,2,1,0,0,1,1,0,1,0
388,2002,1,1,0,0,0,0,0,0,1,0
395,2002,3,3,1,0,0,1,0,0,0,0
397,1998,4,4,3,0,0,0,0,0,0,0
397,1999,7,6,0,0,0,0,1,0,2,0
410,1996,1,1,0,0,0,0,0,0,0,0
410,1997,1,1,0,0,0,0,0,0,0,0
410,1998,4,4,1,0,0,0,0,0,0,0
410,1999,2,2,1,1,0,0,0,0,0,0
412,1997,4,3,1,0,0,0,1,0,0,0
412,1998,4,4,0,0,0,0,0,0,0,0
412,2001,4,4,2,0,0,0,0,0,1,0
412,2004,1,1,1,0,0,1,0,0,0,0
412,2005,3,3,2,0,0,0,0,0,0,0
417,2010,4,4,1,0,0,1,0,0,0,0
417,2011,2,2,0,0,0,0,0,0,1,0
417,2012,2,2,0,0,0,0,0,0,1,0
434,1994,2,2,1,0,0,0,0,0,1,0
438,2001,1,1,1,0,0,1,0,0,0,0
446,1997,9,8,2,1,0,1,1,0,3,0
446,1998,6,6,1,1,0,0,0,0,0,0
455,2012,3,3,2,2,0,0,0,0,1,0
455,2013,2,1,1,1,0,0,1,0,0,0
456,2016,1,1,0,0,0,0,0,0,0,0
459,2003,2,2,1,1,0,0,0,0,0,0
459,2009,1,0,0,0,0,0,1,0,0,0
459,2012,2,2,2,0,0,0,0,0,0,0
472,2003,2,2,0,0,0,0,0,0,2,0
479,2012,2,2,1,0,0,0,0,0,0,0
482,2006,2,2,0,0,0,0,0,0,2,0
482,2007,2,2,1,0,0,0,0,0,1,0
485,2001,1,1,1,0,0,0,0,0,0,0
485,2002,5,3,0,0,0,0,1,0,0,1
485,2003,3,2,0,0,0,0,1,0,0,0
485,2004,4,4,0,0,0,0,0,0,3,0
485,2005,3,3,1,0,0,0,0,0,0,0
485,2007,4,2,1,0,0,0,2,0,1,0
485,2009,3,2,0,0,0,0,1,0,0,0
494,2010,1,1,0,0,0,0,0,0,0,0
494,2012,2,1,0,0,0,0,1,0,1,0
498,2001,3,2,0,0,0,0,1,0,1,0
498,2002,2,2,1,0,0,0,0,0,1,0
500,2012,3,3,0,0,0,0,0,0,1,0
506,1998,1,0,0,0,0,0,0,0,0,1
528,2006,5,5,0,0,0,0,0,0,3,0
528,2009,2,2,0,0,0,0,0,0,1,0
528,2010,5,4,2,0,0,0,1,0,1,0
528,2011,3,3,1,0,0,1,0,0,0,0
541,1996,4,2,1,0,0,1,2,0,1,0
541,1997,4,4,1,0,0,0,0,0,3,0
541,1998,6,6,1,0,0,0,0,0,0,0
541,1999,3,3,0,0,0,0,0,0,0,0
541,2000,3,3,1,0,0,0,0,0,1,0
541,2001,3,2,1,0,0,0,0,0,0,1
541,2002,11,9,1,0,0,1,2,0,1,0
541,2003,1,1,0,0,0,0,0,0,0,0
541,2005,6,5,2,0,0,0,1,0,1,0
547,2007,3,2,1,0,0,0,1,0,1,0
547,2008,3,3,0,0,0,0,0,0,0,0
550,2003,3,3,0,0,0,0,0,0,1,0
550,2004,2,2,0,0,0,0,0,0,0,0
550,2007,1,1,0,0,0,0,0,0,0,0
550,2008,2,1,0,0,0,0,1,0,1,0
550,2009,3,2,1,1,0,0,1,0,0,0
550,2010,1,1,0,0,0,0,0,0,1,0
550,2012,3,3,0,0,0,0,0,0,1,0
550,2015,1,0,0,0,0,0,1,0,0,0
568,2008,3,3,1,0,0,0,0,0,1,0
569,1994,1,1,1,0,0,0,0,0,0,0
569,1995,1,1,0,0,0,0,0,0,0,0
571,2002,1,1,0,0,0,0,0,0,1,0
574,2007,3,2,2,0,0,2,1,0,0,0
574,2008,7,5,2,0,0,1,2,0,3,0
574,2010,3,2,1,0,0,0,1,0,1,0
584,1998,4,4,1,0,0,0,0,0,0,0
590,2000,3,3,1,0,0,1,0,0,0,0
590,2001,2,1,0,0,0,0,1,0,0,0
592,2009,4,3,1,0,0,0,1,0,0,0
592,2010,2,2,1,0,0,0,0,0,1,0
592,2011,1,0,0,0,0,0,1,0,0,0
629,2015,1,1,1,0,0,1,0,0,0,0
629,2016,1,1,0,0,0,0,0,0,0,0
640,2015,1,1,1,1,0,0,0,0,0,0
651,2006,1,1,0,0,0,0,0,0,0,0
667,2005,1,1,0,0,0,0,0,0,0,0
681,2008,3,2,0,0,0,0,0,1,0,0
681,2009,2,2,0,0,0,0,0,0,0,0
688,1997,1,1,0,0,0,0,0,0,0,0
698,2000,5,3,0,0,0,0,2,0,2,0
698,2004,11,9,5,0,0,1,1,1,1,0
698,2005,1,1,0,0,0,0,0,0,1,0
698,2007,5,5,1,0,0,0,0,0,2,0
698,2008,1,1,0,0,0,0,0,0,0,0
698,2009,2,2,1,0,0,0,0,0,0,0
698,2012,2,2,0,0,0,0,0,0,1,0
710,2002,3,3,1,0,0,0,0,0,0,0
710,2003,1,1,0,0,0,0,0,0,0,0
710,2004,1,1,0,0,0,0,0,0,0,0
710,2006,2,2,1,1,0,0,0,0,0,0
711,2015,3,2,0,0,0,0,1,0,1,0
719,2004,1,1,0,0,0,0,0,0,0,0
719,2006,3,2,0,0,0,0,1,0,2,0
723,1997,3,3,2,0,0,0,0,0,0,0
729,2005,1,1,0,0,0,0,0,0,1,0
729,2007,1,1,0,0,0,0,0,0,0,0
737,2008,1,1,1,0,0,0,0,0,0,0
752,2011,3,3,1,0,0,0,0,0,2,0
752,2012,2,1,0,0,0,0,1,0,1,0
757,2012,1,1,0,0,0,0,0,0,0,0
758,2016,2,2,0,0,0,0,0,0,0,0
762,2006,12,9,1,1,0,0,3,0,2,0
762,2007,14,13,5,1,0,1,1,0,4,0
762,2008,13,12,5,1,0,0,1,0,1,0
762,2009,9,9,1,0,0,1,0,0,3,0
762,2010,15,13,4,1,0,1,2,0,2,0
762,2011,6,5,0,0,0,0,0,1,3,0
762,2012,3,2,1,0,0,0,0,1,0,0
764,1997,1,1,0,0,0,0,0,0,0,0
764,1999,2,1,0,0,0,0,1,0,0,0
764,2000,4,2,0,0,0,0,1,1,0,0
764,2001,3,2,0,0,0,0,0,0,1,1
764,2004,2,2,1,1,0,0,0,0,0,0
771,2004,8,6,3,0,0,1,2,0,1,0
771,2005,5,5,2,0,0,0,0,0,2,0
771,2006,6,5,2,0,0,0,0,0,1,1
771,2007,9,8,3,0,0,1,1,0,2,0
771,2008,3,3,0,0,0,0,0,0,1,0
774,2015,1,0,0,0,0,0,1,0,0,0
774,2016,2,2,1,0,0,0,0,0,0,0
786,2005,2,1,0,0,0,0,1,0,0,0
786,2009,1,1,0,0,0,0,0,0,0,0
786,2015,2,2,1,0,0,1,0,0,0,0
787,2000,2,1,1,0,0,1,1,0,0,0
790,1996,4,3,1,0,0,1,0,0,1,0
790,1997,10,10,3,0,0,0,0,0,0,0
790,1998,16,13,5,0,0,1,2,1,2,0
790,2000,3,3,1,0,0,1,0,0,1,0
794,2011,1,1,1,0,0,0,0,0,0,0
795,2010,1,1,0,0,0,0,0,0,0,0
799,2015,1,1,0,0,0,0,0,0,0,0
812,2005,1,1,0,0,0,0,0,0,1,0
812,2006,2,2,2,0,0,1,0,0,0,0
812,2008,1,1,0,0,0,0,0,0,0,0
825,2004,5,4,1,0,0,0,0,1,0,0
825,2005,2,2,2,1,0,1,0,0,0,0
825,2007,2,2,1,0,0,0,0,0,0,0
845,1998,4,4,1,0,0,0,0,0,2,0
848,1996,1,1,1,0,0,0,0,0,0,0
848,1997,1,1,0,0,0,0,0,0,0,0
848,1998,2,2,1,0,0,0,0,0,0,0
848,2003,3,1,0,0,0,0,2,0,0,0
856,1996,1,1,0,0,0,0,0,0,0,0
859,2009,1,1,1,0,0,0,0,0,0,0
861,2004,4,4,1,0,0,1,0,0,0,0
861,2005,6,5,1,0,0,0,1,0,3,0
861,2006,3,2,0,0,0,0,1,0,2,0
861,2007,1,1,0,0,0,0,0,0,0,0
861,2010,4,3,0,0,0,0,1,0,0,0
861,2012,2,2,1,0,0,0,0,0,0,0
863,2005,6,5,3,0,0,0,1,0,0,0
863,2006,5,4,1,0,0,0,1,0,1,0
863,2009,2,2,2,1,0,0,0,0,0,0
872,1998,4,4,2,0,0,0,0,0,0,0
872,2000,4,4,2,0,0,0,0,0,1,0
872,2002,3,3,0,0,0,0,0,0,1,0
875,2009,3,3,1,0,0,1,0,0,0,0
875,2010,5,5,2,0,0,0,0,0,1,0
875,2011,7,7,1,1,0,0,0,0,1,0
884,1997,1,1,0,0,0,0,0,0,0,0
884,2000,4,3,2,0,0,0,0,0,1,1
887,2009,6,6,2,0,0,0,0,0,1,0
887,2010,2,2,1,0,0,0,0,0,0,0
887,2011,2,2,0,0,0,0,0,0,0,0
890,2002,1,1,1,1,0,0,0,0,0,0
914,1995,2,2,0,0,0,0,0,0,2,0
920,2003,1,1,0,0,0,0,0,0,0,0
920,2006,1,1,0,0,0,0,0,0,1,0
920,2007,1,1,0,0,0,0,0,0,0,0
920,2008,1,1,0,0,0,0,0,0,0,0
927,2016,3,2,0,0,0,0,0,0,1,1
932,2002,1,1,1,0,0,0,0,0,0,0
933,1997,2,2,0,0,0,0,0,0,1,0
933,1998,1,1,0,0,0,0,0,0,0,0
945,2000,6,6,1,0,0,1,0,0,1,0
945,2001,4,2,0,0,0,0,1,1,0,0
945,2002,3,3,0,0,0,0,0,0,1,0
945,2003,1,1,0,0,0,0,0,0,1,0
950,2001,3,3,0,0,0,0,0,0,2,0
950,2003,1,1,0,0,0,0,0,0,0,0
951,2008,2,2,0,0,0,0,0,0,1,0
961,2011,1,1,0,0,0,0,0,0,0,0
970,2007,1,0,0,0,0,0,1,0,0,0
985,2008,6,6,3,0,0,1,0,0,2,0
985,2009,3,3,0,0,0,0,0,0,2,0
985,2010,6,6,0,0,0,0,0,0,1,0
985,2011,1,1,0,0,0,0,0,0,0,0
988,2012,2,1,1,0,0,0,1,0,0,0
998,1999,4,4,1,0,0,0,0,0,1,0
998,2000,2,1,0,0,0,0,1,0,0,0
1009,2005,5,4,2,1,0,1,0,1,0,0
1009,2007,3,2,1,0,0,1,1,0,1,0
1009,2008,3,1,1,0,0,0,2,0,0,0
1009,2013,1,1,0,0,0,0,0,0,1,0
1009,2015,3,3,2,0,0,1,0,0,0,0
1016,2003,1,1,1,0,1,0,0,0,0,0
1035,2008,1,0,0,0,0,0,1,0,0,0
1035,2012,3,1,0,0,0,0,2,0,0,0
1049,1996,2,2,0,0,0,0,0,0,0,0
1058,1997,1,1,0,0,0,0,0,0,0,0
1058,1998,2,1,0,0,0,0,1,0,1,0
1062,1996,3,3,0,0,0,0,0,0,0,0
1062,1997,3,3,0,0,0,0,0,0,1,0
1062,1998,1,1,0,0,0,0,0,0,0,0
1062,1999,1,1,0,0,0,0,0,0,0,0
1062,2002,1,1,0,0,0,0,0,0,1,0
1065,1995,1,1,1,0,0,0,0,0,0,0
1075,1996,2,2,2,1,0,0,0,0,0,0
1075,1999,3,3,0,0,0,0,0,0,0,0
1075,2000,3,2,0,0,0,0,1,0,0,0
1095,2003,3,3,2,0,0,0,0,0,0,0
1095,2004,6,6,1,0,0,1,0,0,0,0
1095,2005,7,6,1,0,0,1,1,0,1,0
1095,2006,7,7,3,1,0,0,0,0,1,0
1095,2007,6,4,1,0,0,0,2,0,0,0
1095,2010,3,3,1,0,0,0,0,0,1,0
1097,1995,3,3,0,0,0,0,0,0,1,0
1097,1996,4,3,1,1,0,0,1,0,0,0
1097,1997,3,2,0,0,0,0,1,0,0,0
1097,1998,1,1,0,0,0,0,0,0,0,0
1097,1999,1,1,0,0,0,0,0,0,1,0
1102,2010,1,0,0,0,0,0,1,0,0,0
1109,2007,6,5,1,0,0,1,1,0,2,0
1109,2008,5,5,1,0,0,0,0,0,0,0
1120,2003,3,3,2,0,0,1,0,0,0,0
1120,2005,3,3,1,0,0,0,0,0,1,0
1120,2006,1,1,1,1,0,0,0,0,0,0
1120,2007,4,4,2,0,0,2,0,0,1,0
1124,1999,1,1,0,0,0,0,0,0,0,0
1124,2000,2,2,1,0,0,1,0,0,0,0
1133,2004,2,2,2,1,0,0,0,0,0,0
1138,2002,1,1,0,0,0,0,0,0,1,0
1138,2005,2,2,1,0,0,0,0,0,1,0
1138,2007,1,1,1,0,0,1,0,0,0,0
1145,2013,1,1,0,0,0,0,0,0,0,0
1147,1996,13,13,7,2,0,2,0,0,3,0
1147,1997,2,2,1,1,0,0,0,0,0,0
1159,2000,10,9,1,0,0,1,0,0,1,1
1159,2001,2,1,1,1,0,0,1,0,0,0
1160,2000,6,2,0,0,0,0,4,0,1,0
1160,2004,3,3,0,0,0,0,0,0,0,0
1160,2005,1,1,0,0,0,0,0,0,0,0
1181,2009,2,1,1,1,0,0,1,0,0,0
1181,2010,1,1,0,0,0,0,0,0,1,0
1183,2010,1,1,0,0,0,0,0,0,0,0
1190,2002,1,0,0,0,0,0,1,0,0,0
1200,2015,3,2,1,1,0,0,1,0,1,0
1203,2003,2,2,1,0,0,0,0,0,0,0
1204,2016,3,3,1,0,0,0,0,0,1,0
1206,2010,1,0,0,0,0,0,1,0,0,0
1214,2015,2,1,0,0,0,0,1,0,1,0
1221,2001,1,1,0,0,0,0,0,0,1,0
1221,2002,8,7,1,1,0,0,1,0,2,0
1221,2003,8,6,2,0,0,1,1,1,0,0
1221,2004,2,2,0,0,0,0,0,0,0,0
1221,2005,2,1,1,0,0,0,1,0,0,0
1221,2007,7,5,2,0,0,0,2,0,2,0
1221,2008,4,4,1,0,0,0,0,0,0,0
1225,2007,1,1,1,0,0,0,0,0,0,0
1225,2008,1,1,1,0,0,1,0,0,0,0
1225,2010,3,3,1,0,0,0,0,0,0,0
1250,1996,5,5,2,0,0,0,0,0,2,0
1250,1997,1,1,0,0,0,0,0,0,0,0
1260,2007,4,3,1,0,0,0,0,0,0,1
1268,2003,3,2,1,0,0,1,1,0,0,0
1268,2004,6,5,2,0,0,1,1,0,1,0
1268,2005,1,1,1,0,0,0,0,0,0,0
1272,2000,1,1,0,0,0,0,0,0,1,0
1289,2006,1,0,0,0,0,0,1,0,0,0
1289,2008,2,1,0,0,0,0,1,0,1,0
1289,2009,3,3,1,0,0,1,0,0,1,0
1289,2010,1,1,1,0,0,1,0,0,0,0
1289,2011,1,1,0,0,0,0,0,0,1,0
1289,2013,1,0,0,0,0,0,1,0,0,0
1289,2015,3,2,0,0,0,0,1,0,1,0
1294,1995,2,2,0,0,0,0,0,0,1,0
1297,2000,2,2,1,1,0,0,0,0,0,0
1326,1995,1,1,0,0,0,0,0,0,1,0
1328,2006,2,2,0,0,0,0,0,0,2,0
1329,2013,1,1,1,0,0,0,0,0,0,0
1337,2011,8,7,4,1,0,0,1,0,0,0
1337,2012,2,2,1,0,0,0,0,0,0,0
1337,2015,5,5,1,0,0,0,0,0,1,0
1339,2008,1,1,0,0,0,0,0,0,1,0
1342,2002,1,0,0,0,0,0,1,0,0,0
1343,1997,2,2,2,1,0,1,0,0,0,0
1343,2000,1,1,0,0,0,0,0,0,0,0
1343,2004,1,1,0,0,0,0,0,0,1,0
1343,2005,2,1,0,0,0,0,1,0,0,0
1343,2008,1,1,0,0,0,0,0,0,0,0
1353,1995,1,1,0,0,0,0,0,0,1,0
1372,2008,1,1,0,0,0,0,0,0,1,0
1399,2006,2,1,0,0,0,0,1,0,0,0
1406,1999,3,3,0,0,0,0,0,0,2,0
1416,1999,1,1,1,0,0,0,0,0,0,0
1433,2010,2,1,1,0,0,0,1,0,0,0
1433,2012,1,1,0,0,0,0,0,0,0,0
1460,1999,1,1,0,0,0,0,0,0,0,0
1461,1997,1,1,0,0,0,0,0,0,0,0
1461,1998,1,1,0,0,0,0,0,0,1,0
1477,2008,5,5,2,0,0,1,0,0,1,0
1477,2009,3,3,0,0,0,0,0,0,0,0
1477,2010,7,5,2,0,0,0,2,0,0,0
1477,2011,6,6,3,0,0,0,0,0,1,0
1477,2012,5,4,2,0,0,1,0,0,1,1
1477,2013,2,2,1,0,0,0,0,0,0,0
1477,2015,4,4,3,1,0,1,0,0,1,0
1482,2011,1,1,0,0,0,0,0,0,0,0
1491,1998,3,3,0,0,0,0,0,0,0,0
1495,2000,1,1,0,0,0,0,0,0,0,0
1495,2001,3,3,0,0,0,0,0,0,0,0
1495,2002,7,5,1,0,0,0,2,0,0,0
1495,2003,3,2,0,0,0,0,1,0,0,0
1495,2004,6,6,2,0,0,0,0,0,1,0
1495,2006,2,2,1,0,0,0,0,0,1,0
1495,2007,3,3,1,1,0,0,0,0,0,0
1495,2008,3,3,0,0,0,0,0,0,2,0
1495,2009,6,5,2,0,0,0,1,0,0,0
1495,2011,3,3,1,0,0,0,0,0,1,0
1495,2013,3,3,0,0,0,0,0,0,3,0
1495,2015,3,2,1,1,0,0,1,0,0,0
1505,2007,5,5,3,0,0,1,0,0,0,0
1506,2008,1,0,0,0,0,0,1,0,0,0
1506,2009,1,1,1,0,0,1,0,0,0,0
1506,2010,1,1,1,0,0,0,0,0,0,0
1507,2010,3,3,0,0,0,0,0,0,1,0
1514,2016,4,4,0,0,0,0,0,0,1,0
1518,2016,2,2,1,0,0,0,0,0,1,0
1523,1998,9,7,1,1,0,0,1,0,1,0
1523,1999,7,6,2,2,0,0,1,0,1,0
1523,2000,4,3,1,0,0,0,1,0,0,0
1523,2001,3,2,0,0,0,0,1,0,1,0
1531,2005,2,2,0,0,0,0,0,0,1,0
1531,2006,1,1,0,0,0,0,0,0,1,0
1531,2007,1,1,1,0,0,1,0,0,0,0
1546,1996,3,3,1,0,0,0,0,0,0,0
1546,1997,8,8,1,1,0,0,0,0,2,0
1546,1998,11,10,4,1,0,0,1,0,3,0
1546,1999,3,3,1,1,0,0,0,0,1,0
1546,2002,2,2,2,0,0,0,0,0,0,0
1546,2003,3,2,0,0,0,0,1,0,0,0
1556,2006,8,8,3,1,0,2,0,0,3,0
1556,2007,6,6,2,0,0,0,0,0,1,0
1556,2008,13,13,3,0,0,1,0,0,5,0
1557,2012,2,1,0,0,0,0,0,1,1,0
1567,2012,1,1,0,0,0,0,0,0,0,0
1570,2007,8,8,2,0,0,0,0,0,3,0
1570,2008,13,13,4,0,0,1,0,0,1,0
1583,2008,1,1,0,0,0,0,0,0,0,0
1583,2012,1,1,0,0,0,0,0,0,0,0
1596,2004,3,3,0,0,0,0,0,0,1,0
1596,2005,8,7,2,1,0,1,1,0,3,0
1596,2011,2,1,0,0,0,0,0,1,0,0
1606,1995,2,2,0,0,0,0,0,0,1,0
1634,2001,3,3,0,0,0,0,0,0,2,0
1634,2002,3,2,1,0,0,0,1,0,1,0
1634,2005,3,2,1,0,0,0,0,1,0,0
1634,2006,6,6,1,0,0,0,0,0,3,0
1634,2007,2,2,1,0,0,1,0,0,0,0
1634,2008,6,6,2,2,0,0,0,0,0,0
1634,2009,3,3,1,0,0,0,0,0,1,0
1645,2004,8,6,4,1,0,1,1,0,0,1
1645,2005,9,9,2,1,0,1,0,0,4,0
1645,2006,3,3,2,0,0,0,0,0,0,0
1645,2007,12,9,2,0,0,0,2,0,2,1
1645,2008,13,8,3,0,0,2,3,2,1,0
1650,2005,1,1,0,0,0,0,0,0,0,0
1650,2006,2,2,1,0,0,0,0,0,0,0
1650,2007,2,2,0,0,0,0,0,0,0,0
1650,2008,2,2,2,1,0,1,0,0,0,0
1663,1998,2,2,1,0,0,0,0,0,1,0
1666,2010,3,3,2,0,0,2,0,0,0,0
1666,2011,3,2,0,0,0,0,1,0,0,0
1669,2007,3,2,2,1,0,0,1,0,0,0
1675,2005,1,1,1,0,0,0,0,0,0,0
1675,2007,2,1,0,0,0,0,0,0,0,1
1675,2008,1,1,0,0,0,0,0,0,1,0
1686,1999,3,3,1,0,0,0,0,0,1,0
1686,2001,3,2,1,0,0,1,1,0,0,0
1686,2003,6,6,2,0,0,0,0,0,1,0
1732,2004,4,3,2,1,0,0,1,0,0,0
1732,2005,1,1,1,0,0,0,0,0,0,0
1732,2006,5,3,2,0,0,0,1,1,0,0
1732,2007,5,5,1,0,0,1,0,0,3,0
1732,2008,1,1,0,0,0,0,0,0,0,0
1732,2009,6,4,2,0,0,0,1,1,1,0
1732,2010,4,4,0,0,0,0,0,0,1,0
1743,1997,3,3,0,0,0,0,0,0,1,0
1743,1998,7,7,3,1,0,1,0,0,1,0
1769,2007,1,1,0,0,0,0,0,0,0,0
1769,2011,1,1,0,0,0,0,0,0,0,0
1769,2012,2,2,0,0,0,0,0,0,0,0
1773,2005,3,3,3,0,0,1,0,0,0,0
1773,2011,3,3,2,0,0,1,0,0,0,0
1795,2008,1,1,0,0,0,0,0,0,0,0
1795,2009,1,1,0,0,0,0,0,0,0,0
1801,2006,3,3,0,0,0,0,0,0,3,0
1801,2007,6,4,1,0,0,1,1,1,2,0
1801,2009,3,1,1,0,0,0,2,0,0,0
1801,2010,2,2,1,0,0,0,0,0,0,0
1801,2011,3,2,1,0,0,1,1,0,0,0
1801,2013,1,1,0,0,0,0,0,0,0,0
1801,2015,2,1,0,0,0,0,1,0,0,0
1805,1996,1,1,0,0,0,0,0,0,0,0
1806,1997,3,2,0,0,0,0,1,0,0,0
1806,1998,6,4,1,0,0,0,2,0,0,0
1806,1999,4,2,0,0,0,0,2,0,1,0
1806,2000,10,8,4,0,0,2,2,0,1,0
1806,2001,11,8,1,0,0,1,1,2,4,0
1807,2011,1,1,0,0,0,0,0,0,0,0
1807,2012,1,0,0,0,0,0,1,0,0,0
1809,2012,2,2,0,0,0,0,0,0,1,0
1820,2011,6,6,1,0,0,0,0,0,1,0
1820,2015,6,6,1,0,0,0,0,0,3,0
1825,2003,2,1,0,0,0,0,1,0,0,0
1825,2004,1,0,0,0,0,0,1,0,0,0
1825,2005,3,3,0,0,0,0,0,0,0,0
1825,2009,3,3,1,0,0,0,0,0,0,0
1825,2011,1,1,1,1,0,0,0,0,0,0
1828,1996,1,1,0,0,0,0,0,0,0,0
1828,2001,3,3,0,0,0,0,0,0,0,0
1828,2003,2,1,1,0,0,0,0,1,0,0
1829,1998,2,2,0,0,0,0,0,0,1,0
1829,2000,5,3,3,0,0,1,2,0,0,0
1829,2001,1,0,0,0,0,0,1,0,0,0
1829,2003,1,1,0,0,0,0,0,0,1,0
1829,2006,2,2,1,0,0,0,0,0,1,0
1829,2007,1,0,0,0,0,0,1,0,0,0
1831,2012,2,2,0,0,0,0,0,0,1,0
1834,2015,1,0,0,0,0,0,1,0,0,0
1846,2002,4,4,1,0,0,0,0,0,0,0
1846,2004,4,4,0,0,0,0,0,0,1,0
1846,2005,6,6,3,0,1,1,0,0,0,0
1865,1997,1,1,0,0,0,0,0,0,0,0
1868,2010,1,1,0,0,0,0,0,0,1,0
1868,2012,1,1,0,0,0,0,0,0,0,0
1870,2002,2,2,1,0,0,0,0,0,0,0
1881,1997,4,2,0,0,0,0,2,0,0,0
1881,1998,4,4,2,0,1,0,0,0,0,0
1881,1999,4,3,0,0,0,0,1,0,1,0
1888,1998,3,3,2,0,0,0,0,0,0,0
1888,2000,3,2,1,0,0,0,1,0,0,0
1888,2001,3,2,1,0,0,1,0,0,0,1
1888,2002,3,2,0,0,0,0,1,0,0,0
1888,2004,1,1,0,0,0,0,0,0,0,0
1908,2015,1,1,0,0,0,0,0,0,0,0
1921,1995,1,1,0,0,0,0,0,0,0,0
1921,1996,3,3,2,1,0,0,0,0,0,0
1921,1997,2,2,0,0,0,0,0,0,0,0
1943,2009,3,3,1,0,0,0,0,0,1,0
1943,2010,12,11,3,1,0,1,0,0,1,1
1943,2011,6,3,1,0,0,1,2,0,1,1
1943,2012,4,4,0,0,0,0,0,0,0,0
1943,2015,4,4,0,0,0,0,0,0,3,0
1970,2004,3,2,0,0,0,0,1,0,1,0
1970,2005,12,9,2,0,0,1,3,0,4,0
1970,2006,9,8,4,1,0,1,1,0,1,0
1971,2016,3,2,0,0,0,0,0,0,1,1
1972,2001,3,2,1,0,0,0,1,0,1,0
1972,2007,2,0,0,0,0,0,2,0,0,0
1972,2008,3,2,1,0,0,0,1,0,0,0
1991,2012,1,1,0,0,0,0,0,0,0,0
2004,1998,1,1,0,0,0,0,0,0,1,0
2004,1999,1,1,0,0,0,0,0,0,0,0
2011,2010,1,1,0,0,0,0,0,0,0,0
2011,2015,3,3,1,0,0,0,0,0,1,0
2011,2016,1,1,0,0,0,0,0,0,0,0
2018,2004,3,2,0,0,0,0,1,0,1,0
2018,2005,14,14,3,0,0,0,0,0,4,0
2018,2006,6,6,2,1,0,0,0,0,0,0
2018,2010,6,6,1,1,0,0,0,0,2,0
2018,2012,3,3,1,0,0,0,0,0,0,0
2022,2012,9,7,2,0,0,1,1,1,2,0
2022,2013,5,3,0,0,0,0,2,0,1,0
2022,2015,12,11,1,0,0,1,0,0,3,1
2023,2007,1,1,0,0,0,0,0,0,0,0
2023,2008,1,1,1,0,0,0,0,0,0,0
2046,2001,1,1,1,0,0,0,0,0,0,0
2046,2003,1,1,1,1,0,0,0,0,0,0
2046,2009,1,1,1,0,0,0,0,0,0,0
2046,2010,1,1,1,0,0,0,0,0,0,0
2051,1996,7,6,3,1,0,2,1,0,2,0
2051,1998,1,1,1,0,0,1,0,0,0,0
2051,1999,1,1,0,0,0,0,0,0,0,0
2062,1996,4,4,0,0,0,0,0,0,2,0
2070,2004,6,6,0,0,0,0,0,0,2,0
2070,2005,6,4,3,1,0,0,2,0,1,0
2070,2006,3,2,0,0,0,0,1,0,2,0
2070,2007,1,1,0,0,0,0,0,0,0,0
2089,2016,1,1,0,0,0,0,0,0,1,0
2116,2000,1,1,0,0,0,0,0,0,1,0
2122,1997,4,3,0,0,0,0,0,0,0,0
2129,2015,1,0,0,0,0,0,0,1,0,0
2137,1997,3,3,1,1,0,0,0,0,1,0
2144,2000,3,3,0,0,0,0,0,0,0,0
2144,2002,3,3,1,0,0,0,0,0,2,0
2144,2005,8,7,3,1,0,1,1,0,2,0
2144,2006,3,3,1,0,0,0,0,0,1,0
2147,1994,3,2,0,0,0,0,0,0,1,1
2147,1996,11,10,4,0,0,0,0,0,1,1
2147,1997,10,10,5,1,0,0,0,0,1,0
2147,1998,11,11,3,2,0,0,0,0,3,0
2147,1999,6,5,2,0,0,1,0,0,1,1
2147,2000,7,6,1,0,0,0,1,0,3,0
2147,2001,3,2,2,1,0,0,1,0,0,0
2147,2002,3,3,2,1,0,1,0,0,0,0
2147,2003,6,4,1,1,0,0,2,0,1,0
2161,2015,2,1,1,0,0,0,1,0,0,0
2175,2012,6,5,0,0,0,0,1,0,1,0
2182,2010,1,1,0,0,0,0,0,0,0,0
2192,2010,1,1,0,0,0,0,0,0,0,0
2192,2011,1,1,1,0,0,0,0,0,0,0
2215,2011,1,1,0,0,0,0,0,0,0,0
2232,2012,2,2,0,0,0,0,0,0,1,0
2236,2015,5,5,2,0,0,1,0,0,1,0
2236,2016,3,3,0,0,0,0,0,0,2,0
2237,1997,6,6,3,1,0,1,0,0,0,0
2237,1998,2,2,1,0,0,0,0,0,1,0
2237,1999,6,6,0,0,0,0,0,0,3,0
2237,2000,6,5,2,2,0,0,1,0,1,0
2237,2001,7,7,4,1,1,1,0,0,1,0
2237,2002,7,6,2,1,0,0,0,0,2,1
2237,2003,5,3,1,0,0,1,2,0,1,0
2237,2004,3,2,1,0,0,0,0,0,0,1
2237,2005,6,6,5,0,0,4,0,0,0,0
2237,2006,2,2,1,0,0,1,0,0,0,0
2237,2007,2,2,2,1,0,0,0,0,0,0
2237,2012,6,5,1,1,0,0,0,0,2,1
2240,2001,2,2,1,0,0,0,0,0,0,0
2240,2002,1,1,0,0,0,0,0,0,1,0
2240,2003,3,2,0,0,0,0,1,0,1,0
2240,2004,3,3,0,0,0,0,0,0,2,0
2240,2005,2,2,0,0,0,0,0,0,0,0
2242,2006,2,2,1,1,0,0,0,0,0,0
2259,2006,1,1,0,0,0,0,0,0,0,0
2259,2009,1,0,0,0,0,0,1,0,0,0
2261,1995,3,3,1,0,0,0,0,0,1,0
2261,1997,3,3,1,0,0,0,0,0,2,0
2261,1998,7,7,2,1,0,0,0,0,2,0
2261,1999,3,3,2,0,0,0,0,0,0,0
2261,2000,6,5,4,1,0,1,1,0,0,0
2261,2001,4,4,1,1,0,0,0,0,1,0
2282,2005,7,6,3,1,0,0,0,1,1,0
2282,2006,4,3,2,0,0,0,0,1,0,0
2282,2007,8,8,1,0,0,0,0,0,0,0
2282,2009,3,3,1,0,0,0,0,0,1,0
2282,2010,1,1,0,0,0,0,0,0,0,0
2291,2011,3,2,2,1,0,0,1,0,0,0
2291,2012,3,3,1,0,0,0,0,0,0,0
2295,1996,2,1,0,0,0,0,1,0,0,0
2295,2002,1,1,0,0,0,0,0,0,1,0
2298,2012,3,3,0,0,0,0,0,0,1,0
2307,1999,4,3,1,0,0,0,0,1,2,0
2307,2000,3,3,2,0,0,2,0,0,1,0
2316,1996,6,5,2,1,0,0,1,0,0,0
2316,1997,3,2,1,1,0,0,1,0,0,0
2316,1998,1,1,0,0,0,0,0,0,1,0
2320,1996,2,2,1,0,0,0,0,0,0,0
2326,2008,1,0,0,0,0,0,0,1,0,0
2328,2005,1,0,0,0,0,0,1,0,0,0
2328,2006,5,2,1,0,0,0,3,0,1,0
2330,2006,1,1,0,0,0,0,0,0,1,0
2330,2010,1,0,0,0,0,0,0,0,0,1
2333,1999,1,1,0,0,0,0,0,0,1,0
2333,2000,3,3,3,0,1,0,0,0,0,0
2333,2005,1,1,0,0,0,0,0,0,0,0
2333,2006,3,3,1,0,0,1,0,0,1,0
2333,2008,1,1,0,0,0,0,0,0,0,0
2339,2006,1,1,1,1,0,0,0,0,0,0
2339,2008,1,1,1,0,0,0,0,0,0,0
2343,2008,4,4,1,1,0,0,0,0,0,0
2343,2009,1,0,0,0,0,0,1,0,0,0
2343,2010,3,3,1,1,0,0,0,0,2,0
2344,2000,1,1,0,0,0,0,0,0,1,0
2350,2001,2,2,2,0,0,0,0,0,0,0
2350,2003,3,3,0,0,0,0,0,0,1,0
2355,2007,2,1,1,0,0,0,1,0,0,0
2358,2015,2,2,0,0,0,0,0,0,1,0
2362,1995,1,1,0,0,0,0,0,0,1,0
2362,1996,5,5,0,0,0,0,0,0,1,0
2362,1997,3,3,2,1,0,0,0,0,0,0
2362,1998,3,3,1,0,0,1,0,0,1,0
2384,2003,6,6,2,1,0,1,0,0,3,0
2384,2004,1,1,1,1,0,0,0,0,0,0
2384,2005,1,1,0,0,0,0,0,0,0,0
2407,1995,1,1,0,0,0,0,0,0,1,0
2418,1995,1,1,0,0,0,0,0,0,0,0
2418,1996,3,3,0,0,0,0,0,0,0,0
2418,1997,3,3,1,0,0,0,0,0,0,0
2418,1998,1,1,0,0,0,0,0,0,0,0
2418,1999,4,4,1,0,0,0,0,0,1,0
2418,2000,4,4,2,0,0,0,0,0,1,0
2421,2004,1,1,0,0,0,0,0,0,0,0
2421,2005,2,1,0,0,0,0,1,0,0,0
2421,2006,2,2,1,0,0,0,0,0,0,0
2421,2008,3,3,0,0,0,0,0,0,0,0
2421,2009,1,0,0,0,0,0,1,0,0,0
2421,2010,2,2,1,1,0,0,0,0,1,0
2421,2011,1,1,0,0,0,0,0,0,0,0
2442,2000,2,2,0,0,0,0,0,0,1,0
2442,2001,1,0,0,0,0,0,1,0,0,0
2442,2002,1,1,0,0,0,0,0,0,0,0
2442,2003,1,1,0,0,0,0,0,0,1,0
2446,2001,2,2,0,0,0,0,0,0,0,0
2446,2002,1,0,0,0,0,0,1,0,0,0
2446,2003,1,1,0,0,0,0,0,0,0,0
2475,2012,2,2,0,0,0,0,0,0,2,0
2482,2011,2,1,0,0,0,0,1,0,1,0
2483,1998,1,1,0,0,0,0,0,0,1,0
2505,2002,2,1,0,0,0,0,1,0,0,0
2505,2005,1,1,0,0,0,0,0,0,1,0
2505,2007,1,1,1,0,0,0,0,0,0,0
2505,2009,1,0,0,0,0,0,1,0,0,0
2505,2011,1,1,0,0,0,0,0,0,0,0
2508,1997,2,2,0,0,0,0,0,0,0,0
2508,1999,3,3,1,0,0,0,0,0,2,0
2508,2000,1,1,0,0,0,0,0,0,0,0
2508,2001,3,2,0,0,0,0,0,1,0,0
2508,2002,1,1,0,0,0,0,0,0,0,0
2520,2004,2,0,0,0,0,0,2,0,0,0
2525,2008,2,2,0,0,0,0,0,0,1,0
2525,2011,3,3,1,0,0,0,0,0,1,0
2525,2012,3,3,0,0,0,0,0,0,0,0
2535,1997,3,3,2,0,1,0,0,0,0,0
2543,1997,1,1,1,0,0,0,0,0,0,0
2543,1999,2,2,0,0,0,0,0,0,1,0
2562,1997,3,3,1,0,0,0,0,0,2,0
2562,1999,3,3,1,0,0,0,0,0,0,0
2562,2003,7,7,4,1,0,1,0,0,1,0
2581,1996,3,3,0,0,0,0,0,0,0,0
2581,1997,7,7,3,1,0,1,0,0,1,0
2590,2007,5,5,0,0,0,0,0,0,1,0
2590,2009,3,3,2,1,0,0,0,0,1,0
2590,2010,3,3,1,0,0,0,0,0,0,0
2590,2015,6,5,1,1,0,0,1,0,2,0
2597,1995,2,2,0,0,0,0,0,0,0,0
2606,2012,4,4,0,0,0,0,0,0,1,0
2608,1998,3,2,1,0,0,0,1,0,0,0
2622,2001,1,1,0,0,0,0,0,0,1,0
2640,2000,4,3,0,0,0,0,1,0,1,0
2640,2005,3,1,0,0,0,0,2,0,0,0
2640,2007,3,2,1,1,0,0,1,0,0,0
2640,2011,3,3,0,0,0,0,0,0,0,0
2654,2003,5,3,2,0,0,2,2,0,1,0
2654,2007,1,1,0,0,0,0,0,0,0,0
2661,2007,2,1,1,0,0,1,1,0,0,0
2661,2008,3,3,2,1,0,0,0,0,0,0
2661,2010,6,6,2,0,0,0,0,0,0,0
2661,2011,3,3,1,0,0,0,0,0,0,0
2690,2009,3,3,2,0,0,1,0,0,0,0
2690,2010,10,9,2,0,0,1,1,0,2,0
2690,2011,3,2,0,0,0,0,1,0,0,0
2690,2012,2,2,0,0,0,0,0,0,1,0
2690,2015,1,1,0,0,0,0,0,0,1,0
2699,2007,1,1,1,0,0,1,0,0,0,0
2708,2016,2,2,1,0,0,0,0,0,0,0
2727,2015,1,1,1,0,0,0,0,0,0,0
2731,2015,3,2,0,0,0,0,1,0,0,0
2742,1999,1,1,1,0,0,1,0,0,0,0
2742,2000,1,1,0,0,0,0,0,0,0,0
2742,2004,4,4,2,0,0,1,0,0,1,0
2742,2005,1,0,0,0,0,0,1,0,0,0
2749,2011,1,0,0,0,0,0,1,0,0,0
2749,2013,2,2,0,0,0,0,0,0,1,0
2754,2005,1,1,1,0,0,1,0,0,0,0
2754,2006,3,3,1,0,0,0,0,0,1,0
2754,2007,3,1,0,0,0,0,1,1,0,0
2762,2013,3,2,0,0,0,0,1,0,0,0
2763,2012,4,2,1,0,0,1,2,0,1,0
2763,2013,1,1,0,0,0,0,0,0,1,0
2763,2015,1,1,0,0,0,0,0,0,0,0
2766,2007,2,2,0,0,0,0,0,0,1,0
2766,2008,4,4,1,0,0,0,0,0,2,0
2766,2009,4,3,2,1,1,0,1,0,0,0
2767,1995,3,3,0,0,0,0,0,0,2,0
2776,2012,3,2,1,1,0,0,1,0,0,0
2783,2011,1,0,0,0,0,0,1,0,0,0
2798,1997,1,1,0,0,0,0,0,0,1,0
2798,1998,3,3,0,0,0,0,0,0,1,0
2804,2010,1,1,0,0,0,0,0,0,1,0
2810,2011,3,2,2,0,0,0,1,0,0,0
2810,2013,3,2,1,0,0,1,0,1,0,0
2840,2016,1,1,0,0,0,0,0,0,1,0
2841,2004,2,2,1,0,0,0,0,0,0,0
2841,2006,2,2,0,0,0,0,0,0,1,0
2841,2009,1,1,1,0,0,1,0,0,0,0
2855,2011,1,1,0,0,0,0,0,0,0,0
2861,2001,2,2,1,0,0,0,0,0,0,0
2863,2011,3,2,0,0,0,0,1,0,0,0
2882,2006,1,0,0,0,0,0,1,0,0,0
2901,1995,1,1,0,0,0,0,0,0,0,0
2906,1997,3,2,1,0,0,0,1,0,0,0
2906,1998,9,7,1,0,0,0,0,0,2,1
2911,2004,3,3,2,1,0,0,0,0,1,0
2911,2008,1,1,1,0,0,0,0,0,0,0
2911,2009,4,4,2,0,0,0,0,0,1,0
2911,2011,5,5,1,1,0,0,0,0,0,0
2911,2012,3,3,1,0,0,0,0,0,2,0
2911,2013,6,6,1,0,0,1,0,0,2,0
2911,2015,12,11,2,1,0,0,1,0,1,0
2914,2015,3,2,1,0,0,0,1,0,1,0
2914,2016,2,1,0,0,0,0,0,0,0,1
2933,2004,1,1,0,0,0,0,0,0,0,0
2933,2007,1,1,0,0,0,0,0,0,1,0
2933,2008,2,1,0,0,0,0,1,0,1,0
2942,1998,2,2,0,0,0,0,0,0,1,0
2942,1999,2,2,1,0,0,0,0,0,1,0
2966,2004,1,1,0,0,0,0,0,0,0,0
2966,2008,3,3,2,0,0,0,0,0,1,0
2970,2008,1,1,0,0,0,0,0,0,0,0
2973,2004,3,2,1,0,0,0,1,0,0,0
2973,2005,4,4,2,0,0,1,0,0,1,0
2974,2015,1,1,0,0,0,0,0,0,1,0
2981,2002,4,2,1,0,0,0,2,0,0,0
2981,2003,2,2,0,0,0,0,0,0,0,0
2981,2004,1,1,0,0,0,0,0,0,1,0
2981,2005,1,1,0,0,0,0,0,0,1,0
2981,2007,3,3,0,0,0,0,0,0,0,0
2987,2012,2,2,2,0,0,0,0,0,0,0
2987,2016,2,2,0,0,0,0,0,0,0,0
2996,2001,1,1,0,0,0,0,0,0,0,0
2996,2003,3,3,2,0,1,1,0,0,0,0
2996,2004,1,1,0,0,0,0,0,0,0,0
2996,2005,2,2,0,0,0,0,0,0,0,0
2996,2007,1,1,0,0,0,0,0,0,1,0
2996,2009,1,1,0,0,0,0,0,0,0,0
2996,2012,1,1,1,0,0,1,0,0,0,0
3000,2012,6,6,2,0,0,0,0,0,1,0
3000,2013,4,3,1,0,0,0,1,0,0,0
3002,2001,3,2,0,0,0,0,1,0,1,0
3002,2002,2,1,1,0,0,1,1,0,0,0
3002,2004,5,3,0,0,0,0,2,0,2,0
3002,2005,3,2,0,0,0,0,1,0,1,0
3016,2005,8,6,4,1,0,1,2,0,1,0
3016,2006,2,2,1,0,0,0,0,0,0,0
3016,2007,4,4,1,0,0,0,0,0,0,0
3016,2008,4,2,0,0,0,0,1,1,1,0
3016,2009,3,2,1,0,0,0,1,0,0,0
3016,2010,1,1,0,0,0,0,0,0,0,0
3016,2011,1,1,0,0,0,0,0,0,0,0
3016,2012,2,2,0,0,0,0,0,0,0,0
3028,1997,9,9,0,0,0,0,0,0,1,0
3028,1998,5,5,3,0,0,2,0,0,1,0
3029,2010,3,2,1,0,0,0,0,0,0,1
3029,2012,3,3,0,0,0,0,0,0,1,0
3039,1998,4,4,2,0,0,0,0,0,0,0
3039,1999,3,2,0,0,0,0,1,0,2,0
3039,2001,3,1,1,0,0,0,2,0,0,0
3039,2004,1,1,0,0,0,0,0,0,1,0
3041,2002,3,3,1,0,0,0,0,0,2,0
3041,2004,10,10,5,0,0,0,0,0,3,0
3046,2001,2,2,1,0,0,1,0,0,1,0
3052,2002,5,5,1,0,0,0,0,0,0,0
3052,2003,4,4,2,0,0,1,0,0,0,0
3062,2004,3,2,1,0,0,0,1,0,0,0
3062,2005,1,1,0,0,0,0,0,0,0,0
3066,2003,2,1,0,0,0,0,0,1,0,0
3066,2004,2,2,1,0,0,1,0,0,0,0
3066,2005,2,2,2,0,0,0,0,0,0,0
3066,2006,2,2,0,0,0,0,0,0,2,0
3066,2007,1,1,1,0,0,0,0,0,0,0
3066,2008,6,5,1,0,0,0,0,0,2,1
3067,2007,1,1,1,0,0,0,0,0,0,0
3070,2009,2,0,0,0,0,0,1,0,0,1
3070,2010,2,2,0,0,0,0,0,0,0,0
3070,2011,3,3,1,0,0,0,0,0,1,0
3070,2012,1,1,0,0,0,0,0,0,0,0
3070,2015,1,1,0,0,0,0,0,0,0,0
3073,2012,3,1,0,0,0,0,2,0,1,0
3073,2015,3,2,0,0,0,0,1,0,1,0
3086,2008,3,2,0,0,0,0,1,0,0,0
3089,2011,1,1,0,0,0,0,0,0,0,0
3108,2015,1,1,0,0,0,0,0,0,0,0
3130,1998,1,1,0,0,0,0,0,0,0,0
3131,2000,3,2,0,0,0,0,1,0,1,0
3131,2007,4,4,1,0,0,0,0,0,0,0
3131,2009,1,1,0,0,0,0,0,0,0,0
3131,2011,3,3,3,1,0,0,0,0,0,0
3131,2012,2,1,0,0,0,0,1,0,0,0
3154,2012,1,1,0,0,0,0,0,0,0,0
3154,2015,1,0,0,0,0,0,1,0,0,0
3154,2016,1,1,0,0,0,0,0,0,0,0
3166,2004,3,3,2,0,0,1,0,0,0,0
3166,2006,2,0,0,0,0,0,1,1,0,0
3166,2009,6,5,0,0,0,0,1,0,0,0
3173,1995,1,1,0,0,0,0,0,0,1,0
3173,1998,1,1,0,0,0,0,0,0,0,0
3214,1994,1,1,0,0,0,0,0,0,1,0
3214,1996,1,1,0,0,0,0,0,0,0,0
3216,1999,4,4,1,0,0,0,0,0,1,0
3219,1996,1,1,1,0,0,0,0,0,0,0
3222,2010,3,2,0,0,0,0,1,0,0,0
3223,2001,3,3,2,0,0,1,0,0,0,0
3223,2004,3,3,2,0,0,0,0,0,0,0
3223,2005,6,6,2,0,0,2,0,0,2,0
3223,2006,4,4,3,1,0,0,0,0,0,0
3223,2007,2,1,0,0,0,0,0,1,0,0
3226,2002,1,1,0,0,0,0,0,0,0,0
3226,2003,2,1,0,0,0,0,1,0,1,0
3229,1996,6,5,1,0,0,0,1,0,2,0
3229,1997,9,9,1,0,0,0,0,0,1,0
3229,2000,5,4,1,0,0,0,1,0,2,0
3262,1995,1,0,0,0,0,0,1,0,0,0
3262,1998,2,2,0,0,0,0,0,0,0,0
3262,2001,1,1,1,1,0,0,0,0,0,0
3262,2003,2,2,0,0,0,0,0,0,0,0
3262,2004,1,0,0,0,0,0,1,0,0,0
3262,2005,2,1,0,0,0,0,1,0,1,0
3262,2007,2,1,0,0,0,0,1,0,1,0
3262,2008,2,2,0,0,0,0,0,0,0,0
3292,2000,1,1,1,1,0,0,0,0,0,0
3292,2001,1,1,1,0,0,0,0,0,0,0
3296,1996,9,8,6,2,0,2,1,0,1,0
3296,1997,11,10,2,1,0,0,1,0,0,0
3296,1998,10,10,3,1,0,0,0,0,3,0
3296,1999,4,3,0,0,0,0,1,0,0,0
3296,2000,3,3,2,2,0,0,0,0,1,0
3296,2004,3,1,0,0,0,0,2,0,0,0
3313,1997,1,1,1,0,0,0,0,0,0,0
3313,1998,5,5,3,0,0,1,0,0,1,0
3313,2000,4,3,1,0,0,1,1,0,1,0
3313,2001,1,1,0,0,0,0,0,0,1,0
3313,2002,2,2,1,0,0,1,0,0,1,0
3313,2003,6,5,2,0,0,0,0,1,1,0
3313,2004,5,4,1,0,0,0,1,0,0,0
3313,2006,6,5,1,1,0,0,1,0,0,0
3313,2007,6,6,2,0,0,1,0,0,2,0
3317,1995,1,1,1,0,0,0,0,0,0,0
3317,1996,8,7,3,0,0,0,1,0,3,0
3339,1998,2,2,1,0,0,1,0,0,0,0
3339,2000,3,1,1,0,0,0,2,0,0,0
3347,2011,2,2,1,0,0,0,0,0,0,0
3347,2015,11,10,2,1,0,1,1,0,1,0
3366,2008,3,3,2,0,0,0,0,0,0,0
3366,2012,1,1,0,0,0,0,0,0,0,0
3366,2016,1,1,0,0,0,0,0,0,0,0
3374,1997,5,4,0,0,0,0,1,0,1,0
3374,1998,6,5,1,0,0,1,1,0,2,0
3374,1999,1,1,1,0,0,1,0,0,0,0
3374,2000,2,2,0,0,0,0,0,0,2,0
3374,2002,3,2,0,0,0,0,1,0,0,0
3375,2006,2,2,1,1,0,0,0,0,0,0
3375,2007,1,1,0,0,0,0,0,0,0,0
3375,2011,2,1,0,0,0,0,1,0,0,0
3394,2015,1,0,0,0,0,0,1,0,0,0
3404,2016,3,3,0,0,0,0,0,0,3,0
3409,2002,1,1,1,0,0,1,0,0,0,0
3410,2012,2,1,0,0,0,0,1,0,0,0
3417,1994,3,3,1,0,0,0,0,0,2,0
3420,1999,2,1,0,0,0,0,1,0,0,0
3420,2000,3,1,1,1,0,0,2,0,0,0
3420,2002,1,1,0,0,0,0,0,0,1,0
3420,2004,3,2,0,0,0,0,1,0,1,0
3431,2008,3,2,0,0,0,0,1,0,1,0
3434,2008,6,5,1,0,0,1,1,0,2,0
3434,2009,3,3,1,0,0,0,0,0,1,0
3434,2010,3,3,2,0,0,0,0,0,0,0
3434,2012,2,2,0,0,0,0,0,0,1,0
3434,2013,3,3,1,0,0,1,0,0,1,0
3434,2015,3,3,0,0,0,0,0,0,1,0
3438,2016,3,2,0,0,0,0,1,0,1,0
3440,2009,1,1,0,0,0,0,0,0,1,0
3440,2010,1,1,0,0,0,0,0,0,0,0
3440,2011,2,2,1,1,0,0,0,0,0,0
3442,2003,2,2,0,0,0,0,0,0,1,0
3442,2006,1,1,0,0,0,0,0,0,0,0
3442,2008,1,1,1,0,0,1,0,0,0,0
3442,2010,1,1,0,0,0,0,0,0,1,0
3454,1995,1,1,0,0,0,0,0,0,0,0
3455,1994,3,3,0,0,0,0,0,0,2,0
3455,1995,2,2,1,0,0,0,0,0,1,0
3455,1996,5,4,1,0,0,0,1,0,1,0
3482,1995,1,1,0,0,0,0,0,0,1,0
3482,1996,2,2,1,0,0,0,0,0,0,0
3482,1997,1,0,0,0,0,0,1,0,0,0
3482,1999,2,1,1,0,0,1,1,0,0,0
3492,2015,1,1,0,0,0,0,0,0,0,0
3492,2016,1,1,0,0,0,0,0,0,1,0
3494,2003,3,2,1,0,0,0,1,0,1,0
3497,2015,1,1,0,0,0,0,0,0,0,0
3498,2016,3,3,1,0,0,0,0,0,1,0
3501,2010,1,1,1,1,0,0,0,0,0,0
3510,2012,1,1,1,0,0,0,0,0,0,0
3511,2003,2,2,1,0,0,1,0,0,1,0
3512,2001,1,1,0,0,0,0,0,0,0,0
3512,2004,2,2,1,0,0,0,0,0,0,0
3519,1995,3,3,1,0,0,0,0,0,1,0
3519,1996,8,6,1,1,0,0,2,0,0,0
3519,1997,9,9,2,0,0,1,0,0,4,0
3519,1998,8,6,0,0,0,0,1,1,1,0
3519,1999,6,5,3,0,0,1,1,0,0,0
3519,2000,7,6,0,0,0,0,1,0,2,0
3519,2001,2,2,2,0,0,1,0,0,0,0
3519,2002,3,2,1,1,0,0,1,0,1,0
3521,2015,1,1,0,0,0,0,0,0,0,0
3526,2000,1,1,0,0,0,0,0,0,0,0
3526,2002,4,3,1,0,0,1,1,0,0,0
3546,2009,6,5,1,0,0,0,1,0,1,0
3577,1997,4,4,0,0,0,0,0,0,1,0
3577,1998,4,3,1,0,0,0,1,0,2,0
3577,1999,4,4,0,0,0,0,0,0,0,0
3577,2000,2,2,0,0,0,0,0,0,0,0
3596,2007,2,2,0,0,0,0,0,0,0,0
3596,2008,3,3,1,0,0,0,0,0,1,0
3596,2009,3,3,0,0,0,0,0,0,2,0
3596,2011,3,3,0,0,0,0,0,0,1,0
3600,2002,3,2,1,0,0,1,1,0,0,0
3600,2007,3,3,1,0,0,0,0,0,2,0
3628,1998,1,1,0,0,0,0,0,0,0,0
3644,2001,1,1,0,0,0,0,0,0,0,0
3644,2002,6,6,2,0,0,1,0,0,3,0
3644,2003,2,2,1,0,0,0,0,0,1,0
3644,2004,3,3,1,0,0,1,0,0,1,0
3644,2005,9,8,2,1,0,1,1,0,5,0
3644,2006,6,6,0,0,0,0,0,0,2,0
3644,2007,5,4,3,0,0,1,1,0,0,0
3644,2008,1,1,0,0,0,0,0,0,0,0
3659,1997,5,5,1,0,0,1,0,0,2,0
3659,1998,2,2,0,0,0,0,0,0,0,0
3659,1999,3,3,0,0,0,0,0,0,1,0
3659,2000,3,3,0,0,0,0,0,0,1,0
3659,2001,3,3,1,0,0,0,0,0,0,0
3659,2002,1,1,0,0,0,0,0,0,0,0
3659,2003,5,3,1,0,0,0,1,1,0,0
3659,2004,5,4,2,0,0,0,1,0,0,0
3659,2005,2,2,0,0,0,0,0,0,0,0
3659,2006,5,3,1,0,0,1,1,0,0,1
3665,2003,1,1,0,0,0,0,0,0,0,0
3680,2004,4,3,0,0,0,0,1,0,2,0
3680,2007,3,3,2,0,0,0,0,0,0,0
3680,2008,1,1,0,0,0,0,0,0,0,0
3680,2009,3,1,0,0,0,0,2,0,0,0
3680,2010,2,2,1,0,0,1,0,0,1,0
3680,2011,2,2,0,0,0,0,0,0,2,0
3681,2003,1,1,0,0,0,0,0,0,0,0
3681,2004,1,1,0,0,0,0,0,0,1,0
3683,2007,3,2,0,0,0,0,1,0,1,0
3694,2001,9,9,2,1,0,0,0,0,2,0
3694,2002,10,9,1,0,0,0,1,0,1,0
3694,2003,9,9,2,0,0,0,0,0,1,0
3694,2004,3,3,1,0,0,0,0,0,1,0
3694,2005,3,2,1,0,0,0,1,0,0,0
3694,2006,1,1,0,0,0,0,0,0,0,0
3702,1999,1,1,1,0,0,1,0,0,0,0
3702,2000,4,3,1,0,0,0,0,1,0,0
3703,2004,3,3,3,0,0,0,0,0,0,0
3703,2005,2,1,1,1,0,0,1,0,0,0
3703,2006,1,0,0,0,0,0,1,0,0,0
3703,2007,4,4,1,1,0,0,0,0,1,0
3703,2008,2,2,0,0,0,0,0,0,2,0
3703,2009,3,3,1,0,0,1,0,0,0,0
3703,2010,4,4,0,0,0,0,0,0,2,0
3703,2011,1,1,1,0,0,0,0,0,0,0
3703,2012,2,2,2,0,0,0,0,0,0,0
3703,2015,1,1,1,0,0,0,0,0,0,0
3711,2004,2,2,1,0,0,0,0,0,0,0
3731,2015,1,0,0,0,0,0,1,0,0,0
3740,2009,6,4,0,0,0,0,2,0,1,0
3740,2010,2,1,0,0,0,0,1,0,0,0
3748,2012,1,0,0,0,0,0,0,1,0,0
3748,2015,4,4,1,0,0,1,0,0,1,0
3765,2001,1,1,1,0,0,1,0,0,0,0
3765,2009,1,1,0,0,0,0,0,0,1,0
3765,2010,1,1,0,0,0,0,0,0,0,0
3776,2008,1,1,1,0,0,0,0,0,0,0
3786,2000,1,1,1,0,0,0,0,0,0,0
3786,2001,1,1,0,0,0,0,0,0,0,0
3786,2006,1,0,0,0,0,0,1,0,0,0
3786,2007,2,1,0,0,0,0,1,0,0,0
3797,1999,6,5,3,2,0,0,1,0,0,0
3798,1999,3,3,2,1,0,1,0,0,1,0
3798,2000,4,4,2,0,0,0,0,0,0,0
3798,2001,1,1,0,0,0,0,0,0,1,0
3798,2002,1,1,0,0,0,0,0,0,0,0
3809,2001,1,1,1,0,0,0,0,0,0,0
3809,2004,1,1,0,0,0,0,0,0,1,0
3811,1997,1,1,0,0,0,0,0,0,0,0
3833,2008,3,3,0,0,0,0,0,0,2,0
3834,2015,6,6,2,0,0,0,0,0,1,0
3870,2001,4,2,0,0,0,0,1,1,1,0
3870,2002,12,9,3,0,0,3,3,0,1,0
3870,2003,15,12,4,1,1,0,2,1,2,0
3870,2005,3,3,1,0,0,0,0,0,1,0
3870,2006,7,6,4,0,0,2,1,0,0,0
3870,2009,3,1,1,0,0,0,2,0,0,0
3870,2010,3,3,1,1,0,0,0,0,0,0
3876,2007,1,1,0,0,0,0,0,0,1,0
3876,2009,2,1,0,0,0,0,1,0,0,0
3876,2013,1,1,1,0,0,0,0,0,0,0
3879,2015,2,1,0,0,0,0,1,0,0,0
3899,1996,2,2,1,0,0,1,0,0,0,0
3899,1998,3,3,1,0,0,0,0,0,1,0
3899,1999,1,1,0,0,0,0,0,0,0,0
3899,2000,2,2,0,0,0,0,0,0,0,0
3900,1996,2,2,2,1,0,1,0,0,0,0
3915,2002,2,2,0,0,0,0,0,0,0,0
3916,1999,4,2,0,0,0,0,0,1,0,1
3916,2000,1,1,0,0,0,0,0,0,0,0
3925,2000,3,2,2,0,0,0,1,0,0,0
3925,2001,8,8,3,0,0,1,0,0,1,0
3925,2002,3,3,1,0,0,0,0,0,0,0
3925,2003,3,3,1,1,0,0,0,0,1,0
3925,2004,7,5,1,0,0,1,2,0,1,0
3925,2005,3,2,1,0,0,0,1,0,0,0
3925,2006,3,3,1,0,0,0,0,0,1,0
3925,2007,9,8,4,1,0,0,1,0,2,0
3925,2008,6,6,2,1,0,0,0,0,2,0
3945,2016,1,1,0,0,0,0,0,0,0,0
3951,2006,3,3,1,0,0,1,0,0,0,0
3951,2008,6,3,1,0,0,0,2,0,0,1
3951,2009,9,9,5,1,0,0,0,0,1,0
3951,2010,9,7,2,0,0,1,1,0,1,1
3966,2004,5,5,1,0,0,0,0,0,0,0
3966,2006,1,1,0,0,0,0,0,0,0,0
3966,2007,3,3,0,0,0,0,0,0,2,0
3966,2008,1,1,0,0,0,0,0,0,0,0
3968,2013,2,2,1,1,0,0,0,0,0,0
3968,2015,6,6,3,0,0,2,0,0,0,0
3968,2016,6,5,2,0,0,1,1,0,2,0
3970,2012,1,1,0,0,0,0,0,0,0,0
3971,2006,1,1,1,0,0,0,0,0,0,0
3971,2008,1,0,0,0,0,0,1,0,0,0
3975,2011,3,3,2,0,0,0,0,0,1,0
3975,2012,3,3,1,0,0,0,0,0,0,0
3982,2015,3,2,2,0,0,0,1,0,0,0
3989,2001,6,6,2,0,0,1,0,0,1,0
3989,2004,1,1,1,0,0,0,0,0,0,0
4000,2004,1,1,1,0,0,1,0,0,0,0
4000,2005,2,1,0,0,0,0,0,1,1,0
4002,2016,3,3,0,0,0,0,0,0,1,0
4003,2012,3,3,0,0,0,0,0,0,2,0
4029,2015,3,2,0,0,0,0,1,0,0,0
4029,2016,3,3,2,0,0,0,0,0,0,0
4055,2015,1,1,0,0,0,0,0,0,1,0
4055,2016,2,2,1,0,0,0,0,0,0,0
4076,2002,4,2,0,0,0,0,1,0,0,1
4076,2004,4,4,1,0,0,0,0,0,1,0
4076,2005,1,0,0,0,0,0,1,0,0,0
4086,1995,3,3,0,0,0,0,0,0,0,0
4087,2015,1,1,0,0,0,0,0,0,1,0
4087,2016,2,1,0,0,0,0,1,0,0,0
4095,2005,3,3,1,0,0,0,0,0,0,0
4095,2006,3,2,0,0,0,0,1,0,0,0
4095,2007,6,5,1,0,0,1,1,0,0,0
4102,2001,2,2,2,0,0,1,0,0,0,0
4102,2002,6,6,2,0,0,0,0,0,0,0
4102,2003,1,0,0,0,0,0,0,0,0,1
4102,2007,1,1,0,0,0,0,0,0,0,0
4102,2008,2,2,0,0,0,0,0,0,0,0
4105,1999,3,3,0,0,0,0,0,0,1,0
4105,2000,5,4,1,0,0,0,1,0,1,0
4105,2004,1,1,0,0,0,0,0,0,1,0
4106,2003,3,3,0,0,0,0,0,0,2,0
4106,2006,3,3,2,1,0,0,0,0,0,0
4109,2012,1,1,0,0,0,0,0,0,0,0
4114,2015,1,1,0,0,0,0,0,0,0,0
4122,1996,5,4,2,0,0,1,1,0,0,0
4132,2011,2,2,0,0,0,0,0,0,2,0
4132,2012,1,0,0,0,0,0,0,0,0,1
4132,2015,6,5,1,0,0,0,1,0,1,0
4137,2015,1,1,0,0,0,0,0,0,0,0
4163,2007,1,1,0,0,0,0,0,0,1,0
4164,2009,1,1,0,0,0,0,0,0,0,0
4170,2009,3,3,0,0,0,0,0,0,2,0
4170,2010,5,2,0,0,0,0,3,0,2,0
4170,2011,3,3,2,1,0,0,0,0,0,0
4170,2012,3,3,1,0,0,0,0,0,1,0
4170,2015,3,3,0,0,0,0,0,0,2,0
4173,2003,7,6,0,0,0,0,1,0,1,0
4173,2004,3,3,0,0,0,0,0,0,0,0
4173,2005,4,3,1,1,0,0,1,0,0,0
4173,2006,2,1,1,0,0,0,1,0,0,0
4180,2010,1,0,0,0,0,0,1,0,0,0
4180,2011,1,1,1,1,0,0,0,0,0,0
4180,2012,2,2,0,0,0,0,0,0,1,0
4182,2013,5,5,1,1,0,0,0,0,1,0
4182,2015,2,1,0,0,0,0,0,0,0,1
4203,1996,13,10,6,2,0,1,3,0,0,0
4203,2000,5,5,0,0,0,0,0,0,1,0
4219,1995,5,5,2,0,0,1,0,0,1,0
4219,1996,9,7,2,0,0,0,2,0,1,0
4219,1997,5,5,1,0,0,0,0,0,1,0
4219,1998,3,2,1,0,1,0,1,0,0,0
4231,2007,3,3,0,0,0,0,0,0,1,0
4231,2008,3,3,0,0,0,0,0,0,1,0
4231,2012,1,1,0,0,0,0,0,0,1,0
4231,2015,2,2,1,0,0,0,0,0,0,0
4243,2015,1,1,0,0,0,0,0,0,0,0
4249,2007,1,0,0,0,0,0,0,0,0,1
4260,2015,1,1,1,0,0,1,0,0,0,0
4282,2002,1,1,0,0,0,0,0,0,0,0
4282,2005,2,2,1,0,0,0,0,0,1,0
4283,2015,3,2,1,0,0,0,0,0,1,1
4283,2016,3,3,1,0,0,0,0,0,1,0
4288,2009,1,1,0,0,0,0,0,0,1,0
4288,2011,3,3,1,0,0,0,0,0,1,0
4288,2012,1,1,0,0,0,0,0,0,0,0
4289,2016,2,2,1,0,0,0,0,0,1,0
4292,2015,6,6,0,0,0,0,0,0,1,0
4326,2006,1,0,0,0,0,0,1,0,0,0
4326,2007,1,1,1,0,0,0,0,0,0,0
4326,2009,3,2,0,0,0,0,1,0,2,0
4336,2003,1,1,1,0,0,1,0,0,0,0
4336,2004,2,2,1,0,0,0,0,0,1,0
4336,2005,2,2,1,0,0,0,0,0,1,0
4336,2006,2,2,0,0,0,0,0,0,1,0
4336,2010,4,4,0,0,0,0,0,0,1,0
4336,2011,3,2,0,0,0,0,1,0,1,0
4336,2012,2,1,0,0,0,0,1,0,0,0
4337,2015,1,1,0,0,0,0,0,0,0,0
4343,1998,7,7,6,2,0,0,0,0,1,0
4343,2002,6,5,2,2,0,0,1,0,0,0
4344,2004,3,3,1,0,0,0,0,0,1,0
4344,2005,6,6,2,0,0,0,0,0,1,0
4344,2007,4,4,2,0,0,1,0,0,1,0
4344,2008,9,7,2,1,0,0,2,0,1,0
4344,2011,2,1,1,0,0,0,1,0,0,0
4350,2012,6,6,2,0,0,0,0,0,3,0
4350,2016,2,2,1,0,0,0,0,0,0,0
4361,2006,1,1,0,0,0,0,0,0,0,0
4361,2007,4,3,0,0,0,0,1,0,0,0
4361,2009,1,1,0,0,0,0,0,0,0,0
4364,1996,7,4,3,1,0,0,1,1,0,0
4364,1999,1,1,1,0,0,1,0,0,0,0
4364,2000,2,2,1,0,0,0,0,0,1,0
4364,2001,3,3,1,0,0,0,0,0,0,0
4364,2002,2,1,0,0,0,0,1,0,0,0
4364,2004,5,5,1,0,0,0,0,0,1,0
4364,2005,3,3,2,0,0,0,0,0,0,0
4372,1995,1,1,1,1,0,0,0,0,0,0
4372,1996,2,1,1,1,0,0,1,0,0,0
4372,1997,2,2,1,0,0,0,0,0,0,0
4372,1998,2,2,0,0,0,0,0,0,1,0
4372,2000,2,2,1,0,0,0,0,0,0,0
4372,2002,2,1,0,0,0,0,1,0,1,0
4372,2003,2,1,1,0,0,0,1,0,0,0
4377,1996,3,3,2,0,0,1,0,0,0,0
4377,1997,1,1,0,0,0,0,0,0,1,0
4393,2002,1,1,0,0,0,0,0,0,0,0
4393,2003,2,2,1,0,0,0,0,0,0,0
4393,2005,1,1,1,0,0,1,0,0,0,0
4397,2015,1,1,0,0,0,0,0,0,0,0
4399,1996,3,3,1,0,0,0,0,0,0,0
4399,1997,2,1,1,0,0,0,1,0,0,0
4399,1998,1,1,1,0,0,0,0,0,0,0
4399,2000,1,0,0,0,0,0,1,0,0,0
4399,2001,1,1,0,0,0,0,0,0,0,0
4399,2002,1,1,0,0,0,0,0,0,0,0
4399,2003,1,1,0,0,0,0,0,0,0,0
4399,2004,1,0,0,0,0,0,1,0,0,0
4399,2008,1,1,0,0,0,0,0,0,0,0
4399,2009,1,1,0,0,0,0,0,0,0,0
4401,1996,4,4,1,0,0,0,0,0,2,0
4405,2016,1,1,0,0,0,0,0,0,1,0
4412,2005,1,1,0,0,0,0,0,0,0,0
4412,2006,2,2,2,0,0,2,0,0,0,0
4412,2007,1,1,0,0,0,0,0,0,0,0
4412,2008,2,2,2,1,0,1,0,0,0,0
4412,2009,1,0,0,0,0,0,1,0,0,0
4412,2010,1,1,1,0,0,1,0,0,0,0
4421,2008,2,2,1,1,0,0,0,0,1,0
4435,1994,2,2,0,0,0,0,0,0,1,0
4439,1996,4,4,2,0,0,0,0,0,1,0
4439,1997,1,1,1,0,0,0,0,0,0,0
4439,1998,3,3,1,1,0,0,0,0,1,0
4449,2004,1,1,0,0,0,0,0,0,0,0
4449,2007,9,7,2,0,0,0,2,0,0,0
4449,2008,9,7,1,1,0,0,0,2,1,0
4449,2009,9,6,2,1,0,1,2,1,3,0
4449,2010,9,7,3,0,0,0,1,0,0,1
4449,2015,2,1,1,0,0,0,1,0,0,0
4450,1998,1,1,0,0,0,0,0,0,0,0
4450,2000,1,1,0,0,0,0,0,0,0,0
4450,2001,2,2,1,0,0,0,0,0,0,0
4454,2013,1,1,0,0,0,0,0,0,1,0
4468,1996,3,3,0,0,0,0,0,0,2,0
4468,1998,11,8,2,0,0,2,3,0,2,0
4468,1999,3,1,0,0,0,0,2,0,0,0
4476,2007,2,2,1,0,0,1,0,0,0,0
4493,2007,1,1,0,0,0,0,0,0,0,0
4504,2015,3,3,1,0,0,0,0,0,1,0
4510,2001,2,1,1,0,0,1,1,0,0,0
4510,2002,7,6,4,0,0,2,1,0,0,0
4510,2004,3,3,0,0,0,0,0,0,0,0
4510,2005,2,2,0,0,0,0,0,0,0,0
4510,2006,1,0,0,0,0,0,0,0,0,1
4521,1995,1,1,0,0,0,0,0,0,0,0
4530,1999,3,3,0,0,0,0,0,0,2,0
4530,2000,5,5,2,1,0,0,0,0,1,0
4530,2001,4,4,1,1,0,0,0,0,2,0
4530,2002,10,9,4,1,0,0,1,0,2,0
4530,2003,6,6,1,0,0,0,0,0,1,0
4530,2004,2,1,0,0,0,0,1,0,0,0
4530,2005,4,4,1,0,0,0,0,0,2,0
4530,2006,8,8,1,1,0,0,0,0,0,0
4530,2007,7,7,3,0,0,0,0,0,0,0
4530,2008,16,13,4,1,0,1,2,1,2,0
4530,2009,18,17,6,2,0,0,1,0,2,0
4536,2006,5,4,2,0,0,1,1,0,1,0
4537,1998,1,1,1,0,0,0,0,0,0,0
4543,2006,3,1,0,0,0,0,1,1,1,0
4543,2009,3,3,0,0,0,0,0,0,3,0
4543,2015,3,1,0,0,0,0,1,1,0,0
4543,2016,3,3,0,0,0,0,0,0,2,0
4552,1997,6,5,1,1,0,0,1,0,0,0
4552,1998,4,4,2,0,0,0,0,0,0,0
4552,2000,3,1,1,0,0,1,2,0,0,0
4552,2001,4,3,1,0,0,0,1,0,0,0
4558,1995,1,0,0,0,0,0,1,0,0,0
4559,1997,1,1,1,1,0,0,0,0,0,0
4559,2002,1,1,0,0,0,0,0,0,0,0
4559,2003,1,1,0,0,0,0,0,0,0,0
4559,2004,3,2,0,0,0,0,1,0,0,0
4561,2006,3,3,2,0,0,1,0,0,1,0
4561,2007,8,6,1,0,0,1,1,1,2,0
4561,2008,6,6,3,0,0,2,0,0,0,0
4561,2012,9,7,2,0,0,0,2,0,1,0
4570,2001,3,3,2,0,0,0,0,0,0,0
4570,2003,1,1,1,0,0,0,0,0,0,0
4578,1996,3,2,2,1,0,1,1,0,0,0
4579,2015,1,0,0,0,0,0,1,0,0,0
4585,1995,4,4,1,0,0,0,0,0,1,0
4585,1996,6,5,2,1,0,0,1,0,0,0
4585,1997,1,1,1,0,0,0,0,0,0,0
4585,1998,4,4,3,0,0,1,0,0,1,0
4585,1999,3,2,0,0,0,0,1,0,1,0
4585,2002,1,1,0,0,0,0,0,0,0,0
4601,2005,1,1,1,0,0,0,0,0,0,0
4601,2006,1,1,0,0,0,0,0,0,1,0
4601,2008,1,0,0,0,0,0,0,1,0,0
4604,1996,8,7,3,0,0,1,0,1,1,0
4604,1998,4,2,1,0,0,1,1,1,0,0
4605,1996,1,1,0,0,0,0,0,0,0,0
4605,1997,2,1,1,0,0,1,0,1,0,0
4608,2009,3,3,0,0,0,0,0,0,1,0
4608,2012,3,3,1,0,0,1,0,0,1,0
4610,2009,2,2,0,0,0,0,0,0,0,0
4610,2013,9,6,0,0,0,0,3,0,0,0
4610,2016,6,6,0,0,0,0,0,0,3,0
4611,2002,5,3,2,0,0,1,1,1,1,0
4611,2003,3,3,2,0,0,1,0,0,0,0
4612,2015,2,2,1,0,0,0,0,0,0,0
4612,2016,1,1,0,0,0,0,0,0,0,0
4619,2003,3,3,0,0,0,0,0,0,2,0
4619,2004,7,6,1,0,0,0,1,0,3,0
4619,2005,5,4,1,0,0,1,1,0,1,0
4619,2006,3,3,2,0,0,0,0,0,1,0
4619,2007,4,4,2,1,0,0,0,0,1,0
4619,2010,4,2,1,0,0,0,2,0,0,0
4619,2011,3,3,2,0,0,0,0,0,1,0
4620,2005,6,5,0,0,0,0,1,0,2,0
4620,2006,10,8,3,0,0,0,0,2,1,0
4620,2007,6,4,1,0,0,0,2,0,1,0
4620,2010,3,3,2,0,0,1,0,0,1,0
4620,2012,4,4,3,0,0,0,0,0,1,0
4625,2004,1,1,0,0,0,0,0,0,0,0
4625,2005,2,2,1,0,0,0,0,0,0,0
4626,1995,4,4,3,1,0,1,0,0,1,0
4637,2000,3,3,1,0,0,0,0,0,1,0
4637,2002,6,5,2,0,0,0,0,1,0,0
4637,2003,3,3,1,0,0,1,0,0,0,0
4637,2004,4,4,2,0,0,0,0,0,1,0
4637,2005,7,7,2,1,0,1,0,0,0,0
4658,2005,4,2,1,0,0,1,2,0,0,0
4666,2008,3,2,0,0,0,0,0,1,0,0
4666,2009,3,3,3,1,0,0,0,0,0,0
4666,2010,2,2,1,1,0,0,0,0,0,0
4666,2011,6,5,1,0,0,0,1,0,0,0
4666,2015,3,3,1,0,0,1,0,0,0,0
4670,1997,2,2,1,0,0,0,0,0,0,0
4670,1998,2,2,0,0,0,0,0,0,1,0
4671,1996,1,1,1,0,0,1,0,0,0,0
4701,2003,1,1,0,0,0,0,0,0,1,0
4701,2006,2,2,0,0,0,0,0,0,0,0
4705,2015,4,4,0,0,0,0,0,0,2,0
4708,1997,3,3,0,0,0,0,0,0,0,0
4708,1998,2,2,1,1,0,0,0,0,1,0
4708,1999,5,5,2,0,0,1,0,0,0,0
4708,2000,5,4,3,0,0,1,1,0,0,0
4708,2001,2,1,0,0,0,0,1,0,0,0
4708,2002,7,6,0,0,0,0,0,1,0,0
4708,2003,7,6,1,1,0,0,1,0,3,0
4708,2004,2,2,0,0,0,0,0,0,0,0
4708,2005,3,1,0,0,0,0,1,1,1,0
4731,1998,9,9,1,1,0,0,0,0,1,0
4731,1999,10,10,3,1,0,0,0,0,3,0
4731,2000,3,2,1,0,0,1,1,0,1,0
4731,2001,1,1,1,0,0,0,0,0,0,0
4731,2002,3,3,0,0,0,0,0,0,2,0
4731,2003,3,3,0,0,0,0,0,0,0,0
4731,2006,4,4,1,0,0,0,0,0,0,0
4731,2012,1,1,1,0,0,0,0,0,0,0
4731,2015,1,1,0,0,0,0,0,0,0,0
4744,1996,7,7,4,2,0,0,0,0,1,0
4744,1997,4,4,2,1,0,0,0,0,2,0
4744,1998,7,7,2,0,0,1,0,0,1,0
4744,1999,3,2,1,1,0,0,1,0,0,0
4744,2002,3,3,0,0,0,0,0,0,1,0
4757,2015,3,3,0,0,0,0,0,0,1,0
4785,2005,1,1,1,0,0,0,0,0,0,0
4785,2006,3,3,1,0,0,1,0,0,0,0
4785,2007,2,2,1,1,0,0,0,0,0,0
4785,2010,1,0,0,0,0,0,0,0,0,1
4801,2010,3,3,1,0,0,0,0,0,1,0
4801,2011,3,1,0,0,0,0,2,0,1,0
4801,2012,4,3,1,1,0,0,1,0,0,0
4803,1998,6,5,2,0,0,0,1,0,1,0
4803,1999,10,9,1,0,0,0,0,0,3,1
4803,2000,6,5,2,1,0,0,1,0,1,0
4803,2003,5,4,0,0,0,0,1,0,0,0
4810,2015,2,2,1,0,0,0,0,0,1,0
4823,2012,3,3,1,0,0,0,0,0,0,0
4823,2015,1,1,0,0,0,0,0,0,1,0
4825,2003,2,2,2,1,0,1,0,0,0,0
4825,2004,8,7,3,0,0,0,1,0,0,0
4825,2005,16,15,4,1,0,0,1,0,2,0
4825,2006,3,2,1,1,0,0,1,0,0,0
4825,2009,1,1,0,0,0,0,0,0,0,0
4825,2010,2,1,0,0,0,0,1,0,0,0
4834,2007,2,2,2,0,0,1,0,0,0,0
4835,1996,1,1,0,0,0,0,0,0,0,0
4840,1997,3,3,1,0,0,1,0,0,0,0
4845,2001,2,1,0,0,0,0,1,0,1,0
4857,1996,6,5,1,1,0,0,1,0,1,0
4857,1997,4,4,1,0,0,0,0,0,1,0
4857,1998,6,6,2,0,0,0,0,0,0,0
4857,1999,3,3,1,0,0,0,0,0,1,0
4857,2003,10,7,3,1,0,0,3,0,1,0
4857,2004,2,1,0,0,0,0,1,0,0,0
4862,2002,1,1,0,0,0,0,0,0,0,0
4863,1996,3,3,3,1,0,0,0,0,0,0
4863,1998,7,7,2,1,0,0,0,0,0,0
4863,1999,4,4,0,0,0,0,0,0,2,0
4863,2000,6,6,2,1,0,0,0,0,2,0
4863,2001,9,8,4,0,0,3,1,0,1,0
4869,2001,2,2,0,0,0,0,0,0,0,0
4869,2006,1,1,0,0,0,0,0,0,0,0
4869,2009,2,2,1,0,0,0,0,0,0,0
4871,2002,3,3,1,0,0,0,0,0,0,0
4886,2009,6,6,0,0,0,0,0,0,3,0
4886,2010,4,4,1,0,0,0,0,0,0,0
4896,2005,3,2,0,0,0,0,1,0,1,0
4896,2007,3,3,1,0,0,0,0,0,1,0
4896,2009,4,3,1,0,0,0,0,0,0,1
4896,2010,8,6,1,0,0,0,2,0,2,0
4896,2011,4,4,0,0,0,0,0,0,1,0
4896,2012,8,5,3,0,0,0,2,1,2,0
4896,2015,6,5,2,0,0,0,1,0,2,0
4896,2016,3,3,0,0,0,0,0,0,1,0
4910,2000,4,3,2,2,0,0,1,0,1,0
4910,2001,4,4,2,1,0,1,0,0,1,0
4910,2003,4,3,2,0,0,0,1,0,0,0
4910,2007,3,3,2,0,0,1,0,0,1,0
4910,2008,4,3,2,1,0,1,1,0,0,0
4910,2009,6,4,2,1,0,0,2,0,0,0
4916,1998,3,3,0,0,0,0,0,0,2,0
4916,1999,4,3,0,0,0,0,0,0,3,1
4916,2000,6,5,1,0,0,0,1,0,2,0
4916,2001,3,3,1,0,0,1,0,0,0,0
4916,2002,6,5,3,0,0,1,1,0,0,0
4916,2005,6,6,2,1,0,1,0,0,1,0
4916,2006,3,3,0,0,0,0,0,0,0,0
4916,2007,3,1,1,0,0,1,1,0,0,1
4920,1995,1,1,0,0,0,0,0,0,1,0
4920,1996,2,2,1,1,0,0,0,0,0,0
4920,1999,3,3,2,1,0,0,0,0,0,0
4920,2000,3,3,0,0,0,0,0,0,3,0
4920,2001,3,3,1,1,0,0,0,0,1,0
4920,2002,3,3,0,0,0,0,0,0,1,0
4920,2005,2,2,1,0,0,0,0,0,0,0
4922,2002,3,3,1,0,0,0,0,0,0,0
4922,2003,2,1,1,0,0,0,0,1,0,0
4922,2006,4,2,1,0,0,0,2,0,0,0
4929,1994,1,1,0,0,0,0,0,0,0,0
4929,1997,2,1,0,0,0,0,1,0,0,0
4929,1998,2,2,0,0,0,0,0,0,1,0
4939,2010,2,2,0,0,0,0,0,0,0,0
4939,2011,2,2,0,0,0,0,0,0,0,0
4946,2012,1,1,0,0,0,0,0,0,0,0
4946,2015,1,1,0,0,0,0,0,0,0,0
4956,1995,2,2,0,0,0,0,0,0,1,0
4956,1996,4,3,2,0,0,1,1,0,0,0
4956,1997,9,7,3,1,0,0,2,0,0,0
4956,1998,3,1,1,0,0,0,1,1,0,0
4960,1994,5,5,1,0,0,0,0,0,2,0
4996,2001,3,3,1,0,0,0,0,0,1,0
5012,1996,8,6,0,0,0,0,1,1,1,0
5012,1997,6,6,4,3,0,0,0,0,1,0
5012,1998,6,5,0,0,0,0,0,1,1,0
5012,1999,2,2,0,0,0,0,0,0,0,0
5012,2000,6,2,0,0,0,0,4,0,0,0
5016,2009,2,1,1,0,0,0,1,0,0,0
5016,2015,3,2,0,0,0,0,1,0,2,0
5016,2016,3,1,0,0,0,0,2,0,0,0
5019,2006,3,3,1,0,0,0,0,0,1,0
5019,2012,1,1,0,0,0,0,0,0,0,0
5022,2015,1,1,0,0,0,0,0,0,0,0
5031,2015,1,1,0,0,0,0,0,0,1,0
5045,1995,3,3,0,0,0,0,0,0,2,0
5045,1997,2,2,0,0,0,0,0,0,0,0
5045,1998,3,3,2,0,0,1,0,0,0,0
5045,1999,6,6,3,1,0,1,0,0,1,0
5045,2001,6,5,0,0,0,0,1,0,2,0
5045,2002,2,1,0,0,0,0,1,0,0,0
5045,2003,1,1,0,0,0,0,0,0,0,0
5053,2007,1,0,0,0,0,0,0,1,0,0
5053,2008,3,3,1,0,0,1,0,0,1,0
5053,2012,5,4,1,0,0,0,0,1,1,0
5063,2003,3,3,0,0,0,0,0,0,1,0
5069,2006,2,2,1,0,0,0,0,0,0,0
5069,2007,2,1,0,0,0,0,0,0,1,1
5079,1997,1,0,0,0,0,0,1,0,0,0
5079,1998,1,1,0,0,0,0,0,0,0,0
5079,1999,1,1,0,0,0,0,0,0,0,0
5093,2009,6,4,2,1,0,0,2,0,0,0
5093,2011,8,4,0,0,0,0,4,0,1,0
5093,2012,3,1,1,0,0,1,2,0,0,0
5094,2010,1,1,1,0,0,1,0,0,0,0
5094,2012,1,1,0,0,0,0,0,0,1,0
5108,1998,1,1,1,0,0,0,0,0,0,0
5108,2002,1,1,0,0,0,0,0,0,0,0
5118,2001,6,6,2,1,0,0,0,0,1,0
5121,1996,1,1,0,0,0,0,0,0,1,0
5121,1999,1,1,1,0,0,0,0,0,0,0
5121,2002,1,1,0,0,0,0,0,0,0,0
5164,2012,1,1,1,0,0,1,0,0,0,0
5184,1994,1,1,0,0,0,0,0,0,1,0
5203,2005,3,2,0,0,0,0,1,0,1,0
5203,2006,3,2,0,0,0,0,0,1,0,0
5203,2007,6,4,2,2,0,0,1,1,1,0
5203,2008,5,5,0,0,0,0,0,0,3,0
5207,1995,1,1,0,0,0,0,0,0,0,0
5207,1996,1,1,0,0,0,0,0,0,0,0
5209,1998,1,1,0,0,0,0,0,0,1,0
5209,2000,3,2,0,0,0,0,1,0,1,0
5209,2001,4,4,1,0,0,1,0,0,1,0
5209,2002,3,3,0,0,0,0,0,0,0,0
5209,2004,1,1,1,0,0,0,0,0,0,0
5209,2005,4,4,0,0,0,0,0,0,1,0
5236,1996,1,1,1,0,0,1,0,0,0,0
5236,1997,1,1,1,0,0,0,0,0,0,0
5240,2006,4,3,0,0,0,0,1,0,2,0
5243,1999,7,7,2,0,0,1,0,0,0,0
5243,2000,11,11,5,1,0,1,0,0,4,0
5243,2001,9,8,4,1,0,1,1,0,2,0
5243,2002,3,2,0,0,0,0,1,0,0,0
5243,2003,6,6,2,0,0,0,0,0,1,0
5243,2004,3,3,0,0,0,0,0,0,0,0
5243,2006,3,2,1,0,0,0,1,0,0,0
5243,2012,6,6,1,0,0,0,0,0,3,0
5246,2010,2,1,1,1,0,0,0,0,0,1
5246,2016,2,2,1,0,0,0,0,0,1,0
5252,2011,1,1,0,0,0,0,0,0,0,0
5258,2015,3,3,1,0,0,0,0,0,1,0
5264,1996,4,3,3,0,0,1,1,0,0,0
5270,2011,3,3,1,0,0,0,0,0,1,0
5293,2008,2,2,0,0,0,0,0,0,1,0
5293,2010,3,2,0,0,0,0,1,0,2,0
5293,2011,3,3,1,0,0,1,0,0,0,0
5293,2013,1,1,0,0,0,0,0,0,0,0
5293,2015,5,4,2,0,0,0,1,0,1,0
5306,1995,3,2,1,0,0,1,1,0,0,0
5312,2015,5,3,1,0,0,0,2,0,2,0
5325,2015,2,2,2,1,0,0,0,0,0,0
5326,2010,1,0,0,0,0,0,1,0,0,0
5349,1997,2,2,1,0,0,1,0,0,0,0
5349,1998,9,9,5,1,0,1,0,0,1,0
5361,2000,3,3,0,0,0,0,0,0,0,0
5361,2005,1,1,0,0,0,0,0,0,0,0
5361,2009,1,1,0,0,0,0,0,0,0,0
5361,2011,2,2,0,0,0,0,0,0,1,0
5361,2012,3,3,0,0,0,0,0,0,1,0
5364,2015,3,3,0,0,0,0,0,0,3,0
5364,2016,3,3,1,0,0,1,0,0,1,0
5384,2007,8,7,2,0,0,1,1,0,2,0
5384,2008,12,12,5,3,0,1,0,0,4,0
5384,2009,3,3,2,0,0,1,0,0,0,0
5384,2011,2,2,0,0,0,0,0,0,0,0
5384,2012,3,3,0,0,0,0,0,0,0,0
5392,1997,1,1,0,0,0,0,0,0,1,0
5392,1998,3,3,0,0,0,0,0,0,1,0
5392,1999,4,4,0,0,0,0,0,0,2,0
5392,2001,1,1,0,0,0,0,0,0,1,0
5392,2002,4,3,1,0,0,1,1,0,0,0
5392,2004,1,1,0,0,0,0,0,0,0,0
5407,1996,1,1,1,1,0,0,0,0,0,0
5407,1997,1,1,0,0,0,0,0,0,1,0
5416,2009,2,2,1,0,0,1,0,0,1,0
5416,2011,4,2,1,0,0,0,1,1,0,0
5430,1995,1,1,0,0,0,0,0,0,0,0
5430,1996,2,2,1,1,0,0,0,0,0,0
5430,1997,1,1,0,0,0,0,0,0,0,0
5438,2007,5,4,1,0,0,0,0,1,1,0
5438,2009,2,2,1,0,0,0,0,0,0,0
5438,2010,3,3,1,0,0,0,0,0,1,0
5438,2011,3,3,0,0,0,0,0,0,3,0
5438,2012,1,1,0,0,0,0,0,0,0,0
5441,1997,1,1,1,0,0,0,0,0,0,0
5444,1997,2,2,1,0,0,0,0,0,1,0
5444,1999,2,2,1,0,0,0,0,0,1,0
5444,2001,3,2,0,0,0,0,1,0,0,0
5471,2005,2,1,0,0,0,0,1,0,1,0
5471,2006,1,0,0,0,0,0,1,0,0,0
5471,2010,1,1,1,0,0,0,0,0,0,0
5471,2011,1,1,0,0,0,0,0,0,1,0
5472,2012,2,2,1,0,0,0,0,0,0,0
5472,2015,1,1,0,0,0,0,0,0,0,0
5479,2015,2,0,0,0,0,0,2,0,0,0
5480,2004,4,4,2,1,0,0,0,0,0,0
5480,2009,4,4,1,0,0,0,0,0,0,0
5486,2001,3,3,1,0,0,0,0,0,0,0
5486,2005,2,2,0,0,0,0,0,0,2,0
5487,2008,2,2,0,0,0,0,0,0,1,0
5487,2009,1,1,0,0,0,0,0,0,1,0
5487,2010,2,1,0,0,0,0,1,0,0,0
5487,2011,1,1,0,0,0,0,0,0,0,0
5487,2012,2,2,0,0,0,0,0,0,0,0
5487,2013,1,1,0,0,0,0,0,0,0,0
5487,2015,5,5,2,0,0,0,0,0,1,0
5487,2016,1,1,0,0,0,0,0,0,1,0
5515,2011,3,2,1,1,0,0,0,0,0,1
5515,2012,3,2,1,1,0,0,1,0,1,0
5515,2015,8,6,1,0,0,0,2,0,2,0
5538,1997,1,1,0,0,0,0,0,0,0,0
5539,1995,1,1,0,0,0,0,0,0,0,0
5539,1996,4,3,1,1,0,0,1,0,0,0
5539,1999,4,4,0,0,0,0,0,0,2,0
5549,2013,3,2,1,0,0,0,1,0,0,0
5559,1998,1,1,1,0,0,0,0,0,0,0
5559,1999,1,1,0,0,0,0,0,0,0,0
5559,2000,2,1,1,0,0,0,0,1,0,0
5560,1998,5,5,2,0,0,1,0,0,0,0
5560,1999,3,3,1,0,0,0,0,0,1,0
5560,2000,4,4,2,0,0,0,0,0,2,0
5560,2002,5,5,3,0,0,2,0,0,1,0
5560,2004,3,3,1,0,0,0,0,0,1,0
5560,2006,5,5,2,0,0,0,0,0,1,0
5561,1998,2,1,1,0,0,0,1,0,0,0
5561,2000,1,1,0,0,0,0,0,0,1,0
5563,2008,3,3,1,0,0,0,0,0,1,0
5563,2009,3,3,1,0,0,0,0,0,0,0
5563,2010,3,2,0,0,0,0,1,0,0,0
5563,2011,4,3,1,0,0,0,1,0,0,0
5563,2012,5,5,0,0,0,0,0,0,1,0
5563,2013,2,1,1,0,0,0,1,0,0,0
5576,1997,1,0,0,0,0,0,0,1,0,0
5588,1999,4,4,2,1,0,0,0,0,0,0
5596,2012,1,1,0,0,0,0,0,0,1,0
5613,2001,3,3,0,0,0,0,0,0,1,0
5614,1999,4,2,2,1,0,0,2,0,0,0
5622,1996,2,2,2,0,0,0,0,0,0,0
5622,1997,3,3,1,0,0,0,0,0,0,0
5622,1998,2,2,1,0,0,0,0,0,1,0
5622,1999,4,3,1,0,0,0,1,0,0,0
5622,2000,2,1,0,0,0,0,1,0,0,0
5628,2003,1,0,0,0,0,0,0,1,0,0
5633,2009,1,0,0,0,0,0,1,0,0,0
5649,2013,2,2,1,0,0,0,0,0,1,0
5665,1997,2,2,0,0,0,0,0,0,1,0
5665,1998,3,2,0,0,0,0,1,0,1,0
5665,2000,2,2,0,0,0,0,0,0,2,0
5665,2001,5,5,2,0,0,0,0,0,2,0
5665,2003,1,1,1,0,0,1,0,0,0,0
5665,2006,1,1,1,0,0,0,0,0,0,0
5665,2007,1,1,0,0,0,0,0,0,0,0
5701,2002,1,1,0,0,0,0,0,0,0,0
5701,2004,3,2,0,0,0,0,1,0,1,0
5701,2005,5,5,1,0,0,1,0,0,0,0
5701,2006,1,1,0,0,0,0,0,0,0,0
5712,2007,1,1,0,0,0,0,0,0,1,0
5727,1994,3,2,1,0,0,0,1,0,1,0
5727,1996,3,3,1,0,0,0,0,0,1,0
5727,1997,6,6,3,1,0,0,0,0,0,0
5727,1998,3,3,0,0,0,0,0,0,0,0
5727,1999,2,2,0,0,0,0,0,0,1,0
5733,1996,1,1,0,0,0,0,0,0,0,0
5733,1997,1,1,0,0,0,0,0,0,0,0
5737,1995,3,3,2,1,1,0,0,0,0,0
5737,1996,6,6,1,0,0,0,0,0,1,0
5737,2000,1,1,1,0,0,0,0,0,0,0
5739,2015,10,10,2,0,0,1,0,0,2,0
5744,1999,1,0,0,0,0,0,1,0,0,0
5744,2001,3,3,0,0,0,0,0,0,1,0
5744,2002,2,2,1,0,0,0,0,0,0,0
5744,2005,1,1,1,0,0,0,0,0,0,0
5752,2009,1,1,0,0,0,0,0,0,0,0
5757,2004,1,1,0,0,0,0,0,0,0,0
5757,2005,6,6,0,0,0,0,0,0,1,0
5757,2006,6,4,1,0,0,0,2,0,3,0
5757,2007,9,7,1,0,0,0,2,0,1,0
5757,2008,5,3,0,0,0,0,2,0,1,0
5757,2009,3,3,1,0,0,0,0,0,1,0
5757,2010,6,5,1,1,0,0,1,0,1,0
5757,2015,2,2,0,0,0,0,0,0,2,0
5759,1996,2,2,2,2,0,0,0,0,0,0
5770,2006,1,1,0,0,0,0,0,0,0,0
5773,2015,1,1,0,0,0,0,0,0,1,0
5782,2015,6,6,2,0,0,0,0,0,0,0
5815,2010,3,3,1,0,0,0,0,0,0,0
5820,2001,3,3,0,0,0,0,0,0,1,0
5820,2003,3,2,1,1,0,0,1,0,0,0
5820,2004,3,2,1,0,0,0,0,0,0,1
5820,2007,4,2,2,2,0,0,2,0,0,0
5826,2006,1,1,0,0,0,0,0,0,1,0
5826,2016,1,0,0,0,0,0,1,0,0,0
5828,2002,1,1,0,0,0,0,0,0,0,0
5835,2006,1,0,0,0,0,0,1,0,0,0
5835,2009,1,1,0,0,0,0,0,0,0,0
5845,2010,3,3,1,0,0,1,0,0,0,0
5846,2003,1,1,0,0,0,0,0,0,0,0
5851,2015,7,7,1,0,0,0,0,0,4,0
5851,2016,3,2,0,0,0,0,1,0,0,0
5852,1994,3,2,1,0,0,0,1,0,0,0
5852,1996,6,6,3,0,1,0,0,0,1,0
5852,1997,9,8,2,1,0,1,1,0,4,0
5852,1998,1,0,0,0,0,0,1,0,0,0
5853,1995,2,2,0,0,0,0,0,0,1,0
5853,1996,4,2,1,0,0,0,1,0,0,0
5855,2013,1,1,0,0,0,0,0,0,1,0
5871,1998,2,2,1,0,0,0,0,0,0,0
5877,1999,1,1,0,0,0,0,0,0,1,0
5877,2003,1,0,0,0,0,0,1,0,0,0
5882,2001,2,1,0,0,0,0,1,0,1,0
5883,2012,1,1,0,0,0,0,0,0,0,0
5883,2016,1,1,0,0,0,0,0,0,0,0
5909,2000,3,3,1,1,0,0,0,0,0,0
5909,2002,1,0,0,0,0,0,1,0,0,0
5911,2016,1,1,0,0,0,0,0,0,1,0
5924,2011,3,3,1,1,0,0,0,0,0,0
5938,2015,3,2,0,0,0,0,1,0,1,0
5947,1996,6,6,2,1,0,0,0,0,1,0
5948,1997,3,3,1,1,0,0,0,0,0,0
5948,2007,2,2,2,1,0,0,0,0,0,0
5957,1996,1,1,1,1,0,0,0,0,0,0
5974,2004,3,3,2,0,0,0,0,0,0,0
5981,2008,1,1,0,0,0,0,0,0,0,0
5985,1999,1,1,0,0,0,0,0,0,0,0
5985,2000,2,1,0,0,0,0,1,0,0,0
5985,2001,1,0,0,0,0,0,1,0,0,0
5985,2002,7,5,2,1,0,1,2,0,2,0
5985,2004,1,1,1,0,0,0,0,0,0,0
5994,2001,1,1,0,0,0,0,0,0,0,0
5996,2013,1,1,1,1,0,0,0,0,0,0
5998,2000,1,1,1,0,1,0,0,0,0,0
5999,1999,2,2,1,0,0,1,0,0,0,0
6010,2013,1,1,1,0,0,1,0,0,0,0
6023,2006,3,3,1,1,0,0,0,0,0,0
6064,1996,1,1,0,0,0,0,0,0,0,0
6064,1998,3,3,0,0,0,0,0,0,0,0
6069,2015,2,1,1,0,0,1,1,0,0,0
6084,1999,1,1,1,0,0,1,0,0,0,0
6098,2010,1,1,0,0,0,0,0,0,1,0
6099,2010,3,3,1,0,0,0,0,0,0,0
6108,2007,1,1,1,0,0,1,0,0,0,0
6118,2002,6,5,2,1,0,1,1,0,2,0
6118,2003,14,13,3,0,0,2,1,0,5,0
6118,2004,6,5,1,0,1,0,1,0,2,0
6118,2005,6,6,2,0,0,0,0,0,3,0
6118,2006,8,6,0,0,0,0,1,0,4,1
6118,2007,10,7,0,0,0,0,3,0,3,0
6118,2008,7,5,1,0,0,1,2,0,3,0
6118,2009,4,4,0,0,0,0,0,0,1,0
6118,2010,7,6,1,0,0,0,1,0,2,0
6118,2011,3,1,1,0,0,1,1,1,0,0
6118,2013,6,5,0,0,0,0,1,0,3,0
6122,1996,1,1,0,0,0,0,0,0,0,0
6127,2008,3,2,0,0,0,0,0,1,0,0
6127,2010,1,1,0,0,0,0,0,0,1,0
6127,2012,2,2,0,0,0,0,0,0,0,0
6180,1996,3,3,1,0,0,1,0,0,1,0
6180,1997,3,3,0,0,0,0,0,0,1,0
6180,1998,3,3,2,1,0,0,0,0,0,0
6190,2009,3,3,0,0,0,0,0,0,1,0
6229,2015,3,3,2,0,0,0,0,0,0,0
6258,1999,2,1,0,0,0,0,1,0,0,0
6258,2000,2,2,0,0,0,0,0,0,0,0
6261,2015,1,0,0,0,0,0,1,0,0,0
6271,2004,1,1,1,0,0,0,0,0,0,0
6271,2005,3,1,0,0,0,0,2,0,0,0
6271,2006,4,3,1,0,0,0,1,0,0,0
6271,2007,4,4,1,0,0,0,0,0,2,0
6271,2008,1,1,0,0,0,0,0,0,1,0
6271,2009,4,4,0,0,0,0,0,0,4,0
6271,2010,1,1,0,0,0,0,0,0,0,0
6271,2011,1,1,1,0,0,0,0,0,0,0
6285,2003,2,1,1,0,0,1,1,0,0,0
6285,2004,1,1,1,0,0,1,0,0,0,0
6285,2005,2,2,2,0,0,2,0,0,0,0
6285,2006,2,2,0,0,0,0,0,0,0,0
6292,2004,5,4,1,0,0,1,1,0,1,0
6292,2005,6,4,2,0,0,0,1,0,0,1
6292,2006,6,5,2,0,0,1,1,0,1,0
6292,2009,3,2,0,0,0,0,1,0,1,0
6292,2010,7,7,1,1,0,0,0,0,1,0
6297,1999,1,1,1,0,0,0,0,0,0,0
6297,2001,2,2,0,0,0,0,0,0,1,0
6310,2000,1,1,1,0,0,1,0,0,0,0
6329,2007,5,5,2,1,0,1,0,0,2,0
6332,1995,3,3,1,1,0,0,0,0,0,0
6332,2003,3,2,0,0,0,0,1,0,1,0
6332,2004,3,3,0,0,0,0,0,0,0,0
6352,2015,1,1,0,0,0,0,0,0,1,0
6369,2009,3,3,1,0,0,0,0,0,1,0
6376,1998,1,1,0,0,0,0,0,0,0,0
6376,1999,1,1,0,0,0,0,0,0,0,0
6376,2003,4,3,2,0,0,1,0,0,0,1
6376,2004,5,1,0,0,0,0,4,0,0,0
6378,2006,2,1,0,0,0,0,1,0,0,0
6378,2008,10,10,1,1,0,0,0,0,3,0
6378,2009,5,5,3,0,0,2,0,0,0,0
6378,2010,12,10,2,1,0,1,2,0,3,0
6378,2011,8,8,0,0,0,0,0,0,3,0
6378,2012,9,8,3,0,1,0,1,0,1,0
6378,2013,7,5,2,0,0,0,2,0,0,0
6380,1996,1,1,0,0,0,0,0,0,0,0
6380,1997,2,2,0,0,0,0,0,0,0,0
6380,1998,4,3,2,0,0,1,1,0,0,0
6380,1999,4,2,0,0,0,0,1,0,0,1
6380,2000,5,5,2,1,0,0,0,0,2,0
6380,2001,4,4,2,1,0,0,0,0,0,0
6380,2002,6,5,2,0,0,1,1,0,1,0
6380,2003,1,1,0,0,0,0,0,0,0,0
6380,2004,2,1,0,0,0,0,1,0,1,0
6382,2003,1,1,0,0,0,0,0,0,0,0
6386,2015,7,7,2,1,0,0,0,0,2,0
6391,2008,1,1,0,0,0,0,0,0,1,0
6391,2009,1,1,0,0,0,0,0,0,1,0
6395,1996,2,1,0,0,0,0,1,0,0,0
6395,1998,3,0,0,0,0,0,3,0,0,0
6412,2002,2,2,1,1,0,0,0,0,1,0
6412,2003,1,0,0,0,0,0,1,0,0,0
6412,2009,1,1,1,0,0,1,0,0,0,0
6412,2010,1,1,1,1,0,0,0,0,0,0
6413,2000,3,3,1,1,0,0,0,0,2,0
6413,2001,8,7,3,0,0,1,1,0,2,0
6413,2002,13,9,2,0,0,0,2,2,1,0
6413,2003,3,3,1,0,0,0,0,0,0,0
6413,2006,3,3,0,0,0,0,0,0,0,0
6418,2003,2,2,1,0,0,0,0,0,1,0
6418,2004,3,3,1,0,0,1,0,0,0,0
6422,1995,1,1,0,0,0,0,0,0,0,0
6423,2001,3,3,1,0,0,1,0,0,1,0
6423,2002,5,5,2,0,0,1,0,0,1,0
6423,2003,9,8,1,0,0,0,1,0,3,0
6423,2004,15,13,4,1,0,1,1,1,3,0
6423,2005,9,6,3,2,0,1,3,0,2,0
6423,2006,9,7,3,1,0,1,2,0,3,0
6425,1996,2,2,0,0,0,0,0,0,2,0
6425,2001,1,1,0,0,0,0,0,0,0,0
6425,2002,4,4,1,0,0,0,0,0,1,0
6425,2003,3,3,0,0,0,0,0,0,1,0
6425,2004,3,3,0,0,0,0,0,0,2,0
6429,2012,2,2,0,0,0,0,0,0,1,0
6430,1999,3,3,1,0,0,1,0,0,0,0
6430,2000,1,1,0,0,0,0,0,0,0,0
6430,2002,1,0,0,0,0,0,1,0,0,0
6430,2008,1,1,1,0,0,0,0,0,0,0
6431,2013,3,3,0,0,0,0,0,0,1,0
6444,2009,1,1,0,0,0,0,0,0,1,0
6444,2011,1,1,0,0,0,0,0,0,1,0
6444,2012,1,1,0,0,0,0,0,0,1,0
6444,2013,2,1,0,0,0,0,1,0,1,0
6450,2004,1,0,0,0,0,0,1,0,0,0
6450,2008,1,1,1,0,0,1,0,0,0,0
6450,2009,3,3,1,0,0,0,0,0,1,0
6450,2010,1,1,0,0,0,0,0,0,0,0
6453,1996,10,8,5,1,0,1,1,0,1,0
6453,1999,3,3,2,0,0,1,0,0,0,0
6460,1995,2,2,1,0,0,0,0,0,0,0
6460,1996,7,4,1,1,0,0,2,1,0,0
6460,1997,8,8,2,1,0,1,0,0,1,0
6461,2009,6,3,0,0,0,0,3,0,2,0
6461,2010,7,6,1,0,0,0,1,0,2,0
6461,2011,3,2,0,0,0,0,1,0,1,0
6461,2012,2,1,0,0,0,0,1,0,0,0
6468,2007,7,5,2,0,0,0,2,0,0,0
6468,2008,8,8,2,1,0,0,0,0,2,0
6468,2011,3,3,0,0,0,0,0,0,2,0
6481,2006,1,1,0,0,0,0,0,0,1,0
6486,2008,5,4,0,0,0,0,1,0,1,0
6489,1996,1,0,0,0,0,0,1,0,0,0
6489,1997,2,2,1,0,0,0,0,0,1,0
6489,1998,1,1,0,0,0,0,0,0,0,0
6489,2003,1,1,0,0,0,0,0,0,0,0
6492,1998,2,2,0,0,0,0,0,0,0,0
6492,2000,5,4,3,0,0,1,1,0,0,0
6492,2001,11,11,7,1,0,3,0,0,1,0
6492,2002,3,3,1,0,0,1,0,0,1,0
6492,2003,3,3,1,1,0,0,0,0,0,0
6495,2015,3,2,0,0,0,0,1,0,0,0
6511,2005,2,2,0,0,0,0,0,0,1,0
6511,2006,6,6,3,0,0,1,0,0,1,0
6511,2007,3,3,2,1,0,0,0,0,0,0
6511,2011,1,1,0,0,0,0,0,0,1,0
6513,2006,6,4,0,0,0,0,2,0,2,0
6513,2007,3,2,1,1,0,0,0,1,1,0
6518,2007,2,2,0,0,0,0,0,0,0,0
6522,2001,2,1,0,0,0,0,1,0,0,0
6522,2002,9,8,2,0,0,1,1,0,2,0
6522,2003,2,2,1,0,0,0,0,0,0,0
6522,2004,3,3,1,0,0,1,0,0,0,0
6522,2005,3,2,1,0,0,0,1,0,0,0
6553,2003,1,1,1,0,0,0,0,0,0,0
6554,2003,1,1,0,0,0,0,0,0,0,0
6554,2004,1,1,0,0,0,0,0,0,0,0
6554,2005,2,2,2,1,0,0,0,0,0,0
6557,1996,3,3,0,0,0,0,0,0,2,0
6557,1997,2,0,0,0,0,0,2,0,0,0
6557,1998,3,3,0,0,0,0,0,0,0,0
6557,1999,1,1,0,0,0,0,0,0,0,0
6557,2000,11,9,3,0,0,2,2,0,1,0
6557,2001,3,2,1,1,0,0,1,0,1,0
6557,2002,1,1,0,0,0,0,0,0,0,0
6558,2003,4,4,0,0,0,0,0,0,3,0
6558,2007,2,2,1,0,0,0,0,0,0,0
6558,2008,2,2,2,0,0,0,0,0,0,0
6569,2007,1,1,0,0,0,0,0,0,0,0
6569,2008,3,2,2,0,0,0,1,0,0,0
6586,2002,6,5,1,0,0,1,1,0,0,0
6586,2003,3,3,2,0,0,0,0,0,1,0
6586,2004,14,10,4,0,0,2,4,0,3,0
6586,2005,17,14,5,2,0,1,2,1,5,0
6586,2006,14,13,1,0,0,0,1,0,3,0
6586,2007,3,3,1,0,0,0,0,0,1,0
6586,2010,4,4,1,1,0,0,0,0,0,0
6586,2011,1,1,1,1,0,0,0,0,0,0
6601,2012,1,1,1,0,0,0,0,0,0,0
6601,2015,2,2,0,0,0,0,0,0,1,0
6601,2016,1,1,0,0,0,0,0,0,1,0
6603,2003,3,3,1,0,0,0,0,0,0,0
6612,1998,4,4,1,0,0,0,0,0,1,0
6612,1999,4,4,0,0,0,0,0,0,1,0
6612,2000,2,1,0,0,0,0,1,0,0,0
6612,2001,1,0,0,0,0,0,1,0,0,0
6612,2002,6,4,0,0,0,0,1,1,1,0
6612,2003,2,0,0,0,0,0,2,0,0,0
6612,2004,14,11,6,1,0,0,3,0,0,0
6612,2009,3,3,2,0,0,1,0,0,0,0
6617,2006,1,1,0,0,0,0,0,0,1,0
6617,2009,2,2,0,0,0,0,0,0,0,0
6617,2011,2,2,0,0,0,0,0,0,0,0
6617,2012,1,1,0,0,0,0,0,0,0,0
6617,2015,1,1,0,0,0,0,0,0,1,0
6619,2000,4,4,2,2,0,0,0,0,1,0
6619,2001,2,2,1,0,0,1,0,0,1,0
6619,2002,1,1,0,0,0,0,0,0,1,0
6624,2007,3,2,0,0,0,0,1,0,0,0
6638,1997,3,2,0,0,0,0,1,0,1,0
6645,2012,1,1,0,0,0,0,0,0,0,0
6651,2006,6,6,1,0,0,0,0,0,2,0
6651,2007,1,1,0,0,0,0,0,0,0,0
6653,2001,1,1,0,0,0,0,0,0,1,0
6676,2016,2,2,0,0,0,0,0,0,1,0
6685,2002,3,3,1,0,0,0,0,0,0,0
6685,2007,1,1,1,0,0,0,0,0,0,0
6685,2009,1,1,0,0,0,0,0,0,1,0
6697,2003,2,1,1,0,0,1,1,0,0,0
6697,2006,1,1,1,0,0,0,0,0,0,0
6697,2007,2,2,0,0,0,0,0,0,1,0
6697,2008,1,1,0,0,0,0,0,0,0,0
6697,2009,1,0,0,0,0,0,1,0,0,0
6698,1995,2,2,0,0,0,0,0,0,1,0
6707,2015,2,1,1,0,0,0,1,0,0,0
6735,2003,4,4,2,1,0,0,0,0,0,0
6738,1996,6,6,1,1,0,0,0,0,1,0
6748,2008,3,2,0,0,0,0,1,0,0,0
6748,2009,2,1,0,0,0,0,1,0,0,0
6749,2009,1,1,0,0,0,0,0,0,0,0
6749,2015,1,1,1,0,0,0,0,0,0,0
6749,2016,1,1,0,0,0,0,0,0,1,0
6750,2001,5,5,1,0,0,0,0,0,2,0
6760,1996,4,3,1,0,0,0,0,0,0,1
6760,1999,1,1,0,0,0,0,0,0,0,0
6760,2001,2,1,1,0,0,1,0,0,0,1
6760,2002,1,1,1,1,0,0,0,0,0,0
6763,1996,7,6,1,0,0,1,1,0,0,0
6768,1999,3,3,0,0,0,0,0,0,1,0
6768,2004,1,1,0,0,0,0,0,0,0,0
6768,2005,1,0,0,0,0,0,1,0,0,0
6768,2006,2,1,0,0,0,0,1,0,1,0
6768,2007,2,0,0,0,0,0,2,0,0,0
6768,2008,2,2,1,1,0,0,0,0,1,0
6777,1996,2,2,0,0,0,0,0,0,0,0
6777,1997,2,2,1,0,0,0,0,0,0,0
6778,2007,3,1,0,0,0,0,2,0,0,0
6778,2008,4,4,0,0,0,0,0,0,1,0
6782,2005,1,1,0,0,0,0,0,0,0,0
6782,2007,3,3,0,0,0,0,0,0,2,0
6785,2006,1,1,1,1,0,0,0,0,0,0
6785,2008,1,1,0,0,0,0,0,0,0,0
6791,2003,1,1,0,0,0,0,0,0,0,0
6791,2004,2,2,0,0,0,0,0,0,1,0
6807,2012,2,2,0,0,0,0,0,0,0,0
6808,1997,2,2,0,0,0,0,0,0,1,0
6830,2015,1,1,0,0,0,0,0,0,1,0
6834,2005,2,1,0,0,0,0,1,0,1,0
6839,2010,1,1,0,0,0,0,0,0,0,0
6841,1995,1,1,0,0,0,0,0,0,0,0
6849,2005,1,0,0,0,0,0,1,0,0,0
6849,2006,11,9,1,0,0,1,2,0,2,0
6849,2007,11,8,3,1,0,0,3,0,2,0
6849,2010,3,3,1,0,0,1,0,0,0,0
6849,2011,3,3,0,0,0,0,0,0,2,0
6863,2015,1,0,0,0,0,0,1,0,0,0
6867,2011,1,1,0,0,0,0,0,0,1,0
6870,2003,6,5,3,0,1,2,1,0,0,0
6870,2004,3,2,0,0,0,0,1,0,1,0
6870,2005,3,2,1,1,0,0,1,0,1,0
6876,2002,3,1,0,0,0,0,1,1,0,0
6876,2005,4,4,1,0,0,0,0,0,0,0
6895,2011,1,1,1,0,0,0,0,0,0,0
6913,2012,1,1,0,0,0,0,0,0,0,0
6918,1996,4,4,1,1,0,0,0,0,0,0
6921,2003,1,1,1,0,1,0,0,0,0,0
6953,2012,1,1,0,0,0,0,0,0,0,0
6961,2015,3,2,1,0,0,0,1,0,1,0
6961,2016,3,3,0,0,0,0,0,0,0,0
6966,1998,4,4,1,0,0,0,0,0,2,0
6966,1999,5,5,2,1,0,1,0,0,1,0
6966,2000,11,9,0,0,0,0,2,0,6,0
6966,2001,2,2,1,0,0,0,0,0,0,0
6966,2002,3,3,0,0,0,0,0,0,1,0
6966,2003,9,7,0,0,0,0,2,0,3,0
6966,2004,13,13,5,1,0,0,0,0,4,0
6966,2005,7,7,5,0,0,0,0,0,0,0
6966,2006,3,3,2,0,0,0,0,0,1,0
6966,2008,3,2,0,0,0,0,1,0,1,0
6970,1997,3,3,1,0,0,0,0,0,1,0
6970,2000,6,1,0,0,0,0,4,1,0,0
6976,2009,3,2,0,0,0,0,1,0,0,0
6986,2010,1,1,1,0,0,0,0,0,0,0
6991,1999,1,1,0,0,0,0,0,0,0,0
7000,2011,1,1,1,1,0,0,0,0,0,0
7003,2008,6,5,2,0,0,0,0,1,1,0
7003,2010,3,2,0,0,0,0,1,0,1,0
7003,2011,3,3,1,0,0,0,0,0,1,0
7003,2012,3,2,0,0,0,0,1,0,0,0
7003,2015,1,1,0,0,0,0,0,0,0,0
7005,2007,4,4,1,0,0,1,0,0,3,0
7006,2010,2,2,1,1,0,0,0,0,0,0
7010,2003,5,4,3,1,0,0,0,1,0,0
7010,2004,1,1,0,0,0,0,0,0,1,0
7010,2005,6,5,3,0,0,2,1,0,0,0
7010,2006,2,2,0,0,0,0,0,0,2,0
7016,2010,2,2,1,0,0,1,0,0,1,0
7026,1996,1,1,0,0,0,0,0,0,0,0
7026,1997,3,3,1,0,0,1,0,0,0,0
7026,1999,3,3,0,0,0,0,0,0,0,0
7027,1997,1,0,0,0,0,0,0,0,0,0
7027,1998,3,3,1,0,0,0,0,0,0,0
7027,2000,2,2,0,0,0,0,0,0,1,0
7027,2001,3,2,1,0,0,0,1,0,0,0
7041,2007,13,8,1,0,0,0,2,3,5,0
7041,2008,5,4,0,0,0,0,1,0,0,0
7041,2009,4,4,0,0,0,0,0,0,1,0
7041,2010,9,8,2,0,0,1,1,0,1,0
7041,2012,2,2,1,0,0,0,0,0,0,0
7055,2009,3,3,1,1,0,0,0,0,0,0
7055,2010,12,9,2,1,0,1,1,0,2,2
7055,2011,1,0,0,0,0,0,1,0,0,0
7055,2012,5,4,2,0,0,0,1,0,1,0
7055,2015,1,1,0,0,0,0,0,0,0,0
7062,2004,1,1,1,0,0,0,0,0,0,0
7076,2002,9,8,1,0,0,0,1,0,2,0
7076,2003,10,8,0,0,0,0,2,0,2,0
7076,2004,3,2,0,0,0,0,1,0,1,0
7098,1999,6,5,2,0,0,2,1,0,2,0
7098,2000,8,6,3,0,0,0,2,0,0,0
7098,2001,7,6,0,0,0,0,0,1,3,0
7098,2003,3,1,0,0,0,0,1,0,1,1
7098,2005,6,6,3,0,0,0,0,0,0,0
7098,2006,2,0,0,0,0,0,2,0,0,0
7110,2009,6,3,1,0,0,0,2,1,1,0
7110,2011,2,2,1,0,0,0,0,0,0,0
7111,2015,2,1,1,0,0,0,1,0,0,0
7126,2006,1,1,0,0,0,0,0,0,0,0
7126,2007,3,2,0,0,0,0,1,0,1,0
7126,2009,2,2,0,0,0,0,0,0,0,0
7136,1995,1,1,0,0,0,0,0,0,0,0
7136,1996,4,4,1,1,0,0,0,0,1,0
7153,2003,2,2,0,0,0,0,0,0,0,0
7153,2005,5,4,2,1,0,1,0,1,1,0
7153,2006,3,2,0,0,0,0,1,0,2,0
7166,2009,1,1,0,0,0,0,0,0,0,0
7185,2001,1,0,0,0,0,0,0,1,0,0
7186,1996,7,7,2,0,0,0,0,0,2,0
7191,1994,2,2,0,0,0,0,0,0,1,0
7191,1998,4,4,3,0,0,1,0,0,0,0
7199,1996,1,1,1,0,0,0,0,0,0,0
7202,1996,1,1,0,0,0,0,0,0,0,0
7202,1997,1,1,0,0,0,0,0,0,0,0
7202,1999,1,1,0,0,0,0,0,0,1,0
7202,2000,2,2,0,0,0,0,0,0,2,0
7207,2013,1,1,0,0,0,0,0,0,0,0
7207,2015,2,2,1,0,1,0,0,0,0,0
7207,2016,1,1,1,0,0,0,0,0,0,0
7211,2012,3,2,2,0,0,0,1,0,0,0
7220,2005,1,0,0,0,0,0,0,1,0,0
7220,2006,2,2,0,0,0,0,0,0,1,0
7220,2007,12,9,1,1,0,0,3,0,3,0
7220,2008,6,4,0,0,0,0,0,0,1,2
7220,2013,1,1,0,0,0,0,0,0,0,0
7239,2015,6,6,1,0,0,0,0,0,1,0
7239,2016,1,0,0,0,0,0,1,0,0,0
7258,2001,3,3,1,0,0,0,0,0,0,0
7299,1995,1,1,1,0,0,0,0,0,0,0
7301,2000,6,6,1,1,0,0,0,0,2,0
7301,2005,1,1,0,0,0,0,0,0,1,0
7301,2006,4,4,2,0,0,0,0,0,0,0
7307,2003,1,1,1,1,0,0,0,0,0,0
7310,2003,15,11,3,0,0,3,2,0,4,2
7310,2004,4,4,2,2,0,0,0,0,0,0
7310,2005,3,2,1,1,0,0,1,0,0,0
7310,2006,3,3,2,1,0,0,0,0,0,0
7310,2007,10,9,5,0,0,2,0,0,1,1
7310,2008,3,2,0,0,0,0,1,0,1,0
7311,1996,3,2,1,1,0,0,0,0,1,1
7311,1997,2,2,1,0,0,0,0,0,0,0
7311,1998,2,2,0,0,0,0,0,0,1,0
7311,2000,5,5,1,0,0,0,0,0,2,0
7311,2001,9,8,1,0,0,0,1,0,1,0
7311,2002,5,5,3,1,0,1,0,0,0,0
7311,2003,2,2,0,0,0,0,0,0,1,0
7311,2004,1,1,1,0,0,0,0,0,0,0
7322,2009,1,1,0,0,0,0,0,0,0,0
7337,2010,1,1,0,0,0,0,0,0,0,0
7345,2012,3,3,1,0,0,0,0,0,0,0
7347,1994,1,1,0,0,0,0,0,0,1,0
7368,2008,3,2,1,0,0,0,1,0,0,0
7368,2012,3,3,1,0,0,0,0,0,0,0
7372,1996,3,3,2,1,0,0,0,0,0,0
7372,1997,8,8,3,2,0,0,0,0,1,0
7372,1998,1,1,0,0,0,0,0,0,0,0
7372,1999,2,2,1,0,0,0,0,0,0,0
7372,2000,1,0,0,0,0,0,0,0,0,1
7372,2001,2,2,0,0,0,0,0,0,1,0
7372,2002,1,1,0,0,0,0,0,0,0,0
7372,2003,5,5,2,0,0,0,0,0,2,0
7372,2004,1,1,1,0,0,1,0,0,0,0
7380,1997,2,2,1,0,0,0,0,0,0,0
7386,1997,8,6,1,0,0,0,2,0,2,0
7386,2000,4,4,1,0,0,0,0,0,0,0
7386,2001,4,3,1,1,0,0,0,0,0,1
7388,1996,3,3,2,0,0,1,0,0,0,0
7388,1999,2,2,0,0,0,0,0,0,1,0
7388,2000,3,3,2,0,0,1,0,0,0,0
7397,2008,1,1,1,0,0,0,0,0,0,0
7397,2010,2,2,0,0,0,0,0,0,1,0
7408,1996,4,3,2,0,0,1,0,0,1,0
7408,1997,1,1,0,0,0,0,0,0,1,0
7408,1998,2,2,1,1,0,0,0,0,1,0
7408,2005,1,1,1,0,0,0,0,0,0,0
7414,2008,1,1,0,0,0,0,0,0,0,0
7414,2009,1,1,0,0,0,0,0,0,0,0
7435,2001,1,1,0,0,0,0,0,0,0,0
7436,1997,3,3,0,0,0,0,0,0,1,0
7436,1998,2,2,1,1,0,0,0,0,1,0
7437,2001,3,2,0,0,0,0,1,0,1,0
7440,2009,1,1,1,0,0,0,0,0,0,0
7447,2010,1,1,1,0,0,0,0,0,0,0
7447,2011,2,2,0,0,0,0,0,0,0,0
7447,2012,2,2,1,0,0,0,0,0,0,0
7452,1996,2,2,1,0,0,0,0,0,0,0
7456,2015,12,11,3,1,0,0,1,0,2,0
7458,1996,3,3,1,0,0,1,0,0,1,0
7458,1997,2,2,0,0,0,0,0,0,1,0
7458,1998,5,5,0,0,0,0,0,0,2,0
7458,2000,2,2,1,0,0,0,0,0,1,0
7458,2001,2,2,1,0,0,0,0,0,0,0
7459,2007,3,3,2,0,0,1,0,0,0,0
7459,2012,2,2,1,0,0,0,0,0,0,0
7481,2002,1,1,1,0,0,1,0,0,0,0
7481,2004,4,3,0,0,0,0,1,0,0,0
7484,2008,1,1,0,0,0,0,0,0,0,0
7484,2012,2,2,1,0,0,0,0,0,0,0
7491,2002,3,3,3,0,0,0,0,0,0,0
7491,2005,6,5,1,0,0,1,1,0,2,0
7491,2006,6,6,2,1,0,0,0,0,0,0
7491,2008,2,2,0,0,0,0,0,0,0,0
7491,2009,6,5,3,0,0,0,1,0,0,0
7491,2010,12,12,2,0,0,2,0,0,2,0
7491,2012,6,6,1,1,0,0,0,0,1,0
7497,2004,3,3,1,1,0,0,0,0,0,0
7512,1996,2,1,1,0,0,0,1,0,0,0
7512,1998,1,1,1,0,0,0,0,0,0,0
7512,1999,1,1,1,0,0,1,0,0,0,0
7512,2000,2,2,1,0,0,0,0,0,1,0
7512,2001,1,1,0,0,0,0,0,0,0,0
7513,2003,1,1,0,0,0,0,0,0,0,0
7513,2005,1,1,0,0,0,0,0,0,0,0
7513,2008,1,1,1,0,0,0,0,0,0,0
7515,2001,7,7,2,0,0,0,0,0,0,0
7515,2002,3,2,0,0,0,0,1,0,0,0
7515,2003,3,3,1,1,0,0,0,0,0,0
7521,2012,6,6,2,0,0,0,0,0,0,0
7521,2015,3,3,2,0,0,2,0,0,0,0
7521,2016,2,2,2,0,0,0,0,0,0,0
7522,1998,3,2,1,1,0,0,1,0,1,0
7522,1999,5,5,0,0,0,0,0,0,1,0
7522,2000,5,5,4,1,0,1,0,0,0,0
7522,2001,9,9,2,0,0,0,0,0,4,0
7522,2002,6,6,0,0,0,0,0,0,2,0
7528,2007,2,1,0,0,0,0,1,0,1,0
7528,2009,1,1,0,0,0,0,0,0,1,0
7532,2012,6,5,1,0,0,0,1,0,1,0
7540,1996,4,4,1,0,0,1,0,0,2,0
7546,2009,1,0,0,0,0,0,1,0,0,0
7546,2011,1,1,1,0,0,0,0,0,0,0
7550,1997,4,4,1,1,0,0,0,0,0,0
7565,2005,4,3,1,0,0,0,1,0,1,0
7824,1998,2,2,1,0,0,0,0,0,0,0
7824,1999,4,2,1,0,0,0,0,0,1,1
7824,2000,3,3,2,0,0,0,0,0,0,0
7824,2001,8,8,1,0,0,0,0,0,3,0
7829,1997,7,6,1,0,0,0,1,0,0,0
7829,1998,10,10,5,1,0,1,0,0,0,0
7829,1999,7,6,1,1,0,0,1,0,1,0
7829,2000,6,6,2,0,0,0,0,0,1,0
7829,2006,3,3,2,0,0,0,0,0,1,0
7836,1996,3,3,1,0,0,0,0,0,0,0
7836,1997,2,2,0,0,0,0,0,0,0,0
7836,1998,4,4,2,0,0,0,0,0,1,0
7842,1999,1,1,0,0,0,0,0,0,0,0
7842,2000,1,1,1,0,0,0,0,0,0,0
7879,1995,2,2,1,0,0,0,0,0,0,0
7879,1996,1,1,0,0,0,0,0,0,0,0
7879,1997,2,2,0,0,0,0,0,0,0,0
7879,1998,1,0,0,0,0,0,1,0,0,0
7879,1999,1,1,0,0,0,0,0,0,0,0
7887,2015,6,5,1,0,0,0,1,0,1,0
7893,1996,1,1,0,0,0,0,0,0,0,0
7901,1997,1,1,0,0,0,0,0,0,0,0
7924,1994,3,3,0,0,0,0,0,0,2,0
7926,2012,8,7,3,1,0,0,1,0,3,0
7926,2013,3,1,0,0,0,0,2,0,0,0
7926,2015,2,2,0,0,0,0,0,0,2,0
7926,2016,6,6,0,0,0,0,0,0,3,0
7941,2012,2,2,1,0,0,0,0,0,0,0
7941,2013,1,1,0,0,0,0,0,0,0,0
7941,2015,2,2,0,0,0,0,0,0,0,0
7970,2004,1,1,1,0,0,0,0,0,0,0
7980,1998,4,4,2,0,0,0,0,0,1,0
7980,1999,3,3,1,0,0,0,0,0,0,0
7987,2016,1,1,0,0,0,0,0,0,0,0
7999,2007,4,4,2,0,0,1,0,0,1,0
7999,2008,4,3,0,0,0,0,1,0,1,0
7999,2009,3,2,0,0,0,0,1,0,1,0
7999,2010,9,9,2,0,0,0,0,0,4,0
7999,2011,3,3,0,0,0,0,0,0,0,0
7999,2012,3,2,0,0,0,0,1,0,1,0
8010,2005,3,3,1,1,0,0,0,0,0,0
8010,2007,3,3,2,0,0,0,0,0,0,0
8016,2011,1,1,0,0,0,0,0,0,0,0
8016,2012,1,1,1,1,0,0,0,0,0,0
8023,2007,3,2,1,0,0,0,1,0,0,0
8023,2008,2,2,0,0,0,0,0,0,1,0
8032,2002,3,3,1,0,0,0,0,0,1,0
8036,2006,1,1,0,0,0,0,0,0,1,0
8036,2007,1,0,0,0,0,0,1,0,0,0
8051,1996,2,2,1,0,0,0,0,0,0,0
8051,2001,18,17,5,1,0,0,1,0,4,0
8051,2002,15,12,2,1,0,1,3,0,1,0
8051,2003,13,13,6,1,0,1,0,0,0,0
8051,2004,6,6,5,0,0,3,0,0,0,0
8051,2005,5,4,2,0,0,1,1,0,1,0
8051,2010,3,2,0,0,0,0,1,0,0,0
8052,2009,2,2,1,0,0,0,0,0,0,0
8052,2015,1,1,1,0,0,0,0,0,0,0
8058,2006,1,1,1,0,0,0,0,0,0,0
8058,2007,1,1,1,0,0,1,0,0,0,0
8058,2015,2,2,0,0,0,0,0,0,0,0
8060,2001,10,9,3,0,0,1,1,0,1,0
8060,2002,19,16,2,0,0,0,3,0,5,0
8060,2003,14,14,5,1,0,0,0,0,6,0
8060,2004,11,9,4,0,0,1,1,1,2,0
8060,2005,3,2,1,0,0,0,1,0,0,0
8061,1994,1,1,0,0,0,0,0,0,0,0
8061,2003,2,1,0,0,0,0,1,0,0,0
8069,2002,1,1,0,0,0,0,0,0,0,0
8079,1998,1,1,1,0,0,1,0,0,0,0
8082,1998,2,2,0,0,0,0,0,0,0,0
8089,1999,1,1,0,0,0,0,0,0,0,0
8089,2000,3,3,1,1,0,0,0,0,1,0
8099,2009,1,0,0,0,0,0,1,0,0,0
8120,1999,1,1,1,0,0,1,0,0,0,0
8120,2000,1,1,0,0,0,0,0,0,1,0
8137,1995,3,3,0,0,0,0,0,0,1,0
8137,1996,11,11,2,0,0,0,0,0,2,0
8137,1997,6,5,2,0,1,1,1,0,2,0
8137,1998,8,8,1,0,0,0,0,0,1,0
8137,1999,7,6,1,0,0,0,1,0,2,0
8137,2000,6,6,3,0,0,1,0,0,0,0
8137,2001,6,4,1,0,0,1,2,0,2,0
8137,2002,5,5,2,0,0,1,0,0,0,0
8137,2003,10,10,3,1,0,1,0,0,4,0
8138,2007,1,0,0,0,0,0,1,0,0,0
8142,2006,4,2,1,1,0,0,2,0,1,0
8142,2009,4,4,2,1,0,1,0,0,1,0
8147,1996,3,3,2,0,0,0,0,0,0,0
8147,1997,3,2,2,0,0,0,1,0,0,0
8147,1998,1,1,0,0,0,0,0,0,0,0
8148,2001,1,0,0,0,0,0,1,0,0,0
8152,2000,1,1,0,0,0,0,0,0,1,0
8155,1994,3,3,0,0,0,0,0,0,0,0
8160,1995,2,2,1,0,0,0,0,0,0,0
8160,1996,8,7,2,0,0,0,1,0,2,0
8160,1997,12,9,1,1,0,0,2,1,3,0
8160,1998,9,9,1,1,0,0,0,0,5,0
8160,1999,8,8,4,1,0,1,0,0,1,0
8160,2000,3,3,1,0,0,0,0,0,1,0
8160,2001,3,3,0,0,0,0,0,0,0,0
8160,2002,2,2,1,0,0,0,0,0,1,0
8164,2004,1,1,0,0,0,0,0,0,1,0
8184,2004,1,1,1,0,0,0,0,0,0,0
8184,2005,2,2,1,0,0,0,0,0,1,0
8184,2007,2,2,1,1,0,0,0,0,1,0
8184,2008,4,4,1,0,0,0,0,0,1,0
8184,2009,1,0,0,0,0,0,1,0,0,0
8184,2011,1,1,0,0,0,0,0,0,0,0
8187,1996,2,2,1,0,0,0,0,0,0,0
8187,1997,1,1,0,0,0,0,0,0,0,0
8187,1999,1,1,0,0,0,0,0,0,0,0
8193,1997,7,6,3,0,0,0,0,0,1,1
8193,1998,9,9,2,0,0,0,0,0,1,0
8193,1999,5,5,4,0,0,1,0,0,0,0
8201,2000,4,3,2,0,0,1,0,0,0,1
8202,2005,2,2,1,0,0,0,0,0,1,0
8220,1996,5,5,3,0,0,0,0,0,1,0
8220,1997,1,1,0,0,0,0,0,0,0,0
8220,1998,2,1,0,0,0,0,0,1,0,0
8220,1999,1,0,0,0,0,0,1,0,0,0
8220,2000,3,3,1,0,0,0,0,0,2,0
8220,2001,5,0,0,0,0,0,4,1,0,0
8220,2002,4,4,1,0,0,1,0,0,1,0
8220,2003,2,0,0,0,0,0,2,0,0,0
8220,2005,3,3,1,0,0,0,0,0,1,0
8221,2006,1,1,0,0,0,0,0,0,1,0
8221,2009,2,2,0,0,0,0,0,0,0,0
8235,1999,1,1,0,0,0,0,0,0,1,0
8235,2001,1,1,1,0,0,0,0,0,0,0
8238,2006,1,1,1,0,0,1,0,0,0,0
8238,2007,1,0,0,0,0,0,1,0,0,0
8238,2015,2,2,0,0,0,0,0,0,1,0
8261,2008,2,1,1,0,0,0,1,0,0,0
8268,2011,2,2,0,0,0,0,0,0,0,0
8291,2009,4,4,2,0,0,0,0,0,1,0
8291,2010,3,3,0,0,0,0,0,0,1,0
8291,2011,3,3,0,0,0,0,0,0,1,0
8291,2012,3,3,1,0,0,0,0,0,2,0
8294,2011,3,3,1,0,0,0,0,0,0,0
8294,2012,6,5,2,0,0,1,1,0,0,0
8294,2015,3,3,2,1,0,1,0,0,0,0
8294,2016,1,1,0,0,0,0,0,0,0,0
8298,2009,3,1,1,0,0,1,1,1,0,0
8298,2010,2,1,0,0,0,0,1,0,0,0
8307,2009,2,2,1,0,0,0,0,0,1,0
8307,2010,2,1,1,0,0,0,1,0,0,0
8311,1996,3,3,1,0,0,0,0,0,1,0
8311,1999,1,1,0,0,0,0,0,0,0,0
8326,2012,3,3,0,0,0,0,0,0,1,0
8334,2016,3,3,1,0,0,1,0,0,0,0
8340,2000,6,3,2,1,0,0,3,0,1,0
8340,2001,6,4,1,0,0,1,2,0,1,0
8340,2004,3,2,0,0,0,0,1,0,0,0
8340,2005,9,9,2,0,0,1,0,0,2,0
8340,2008,2,1,1,0,0,1,1,0,0,0
8345,2011,1,0,0,0,0,0,1,0,0,0
8345,2012,2,1,0,0,0,0,1,0,0,0
8354,2015,9,8,3,0,0,2,0,1,1,0
8356,2015,3,2,1,0,0,1,1,0,1,0
8383,2004,2,2,0,0,0,0,0,0,1,0
8383,2005,1,1,1,0,0,0,0,0,0,0
8387,2007,2,2,0,0,0,0,0,0,1,0
8387,2008,1,0,0,0,0,0,0,0,0,1
8387,2009,1,0,0,0,0,0,1,0,0,0
8394,2016,1,1,0,0,0,0,0,0,1,0
8404,2015,1,0,0,0,0,0,1,0,0,0
8423,2006,3,1,1,0,0,0,2,0,0,0
8424,2008,1,1,0,0,0,0,0,0,1,0
8424,2010,1,1,0,0,0,0,0,0,1,0
8424,2012,2,2,0,0,0,0,0,0,0,0
8424,2015,5,5,0,0,0,0,0,0,1,0
8430,2013,2,2,0,0,0,0,0,0,0,0
8430,2015,9,7,2,0,0,2,2,0,4,0
8430,2016,3,3,0,0,0,0,0,0,2,0
8437,2006,1,1,1,0,0,1,0,0,0,0
8437,2007,4,4,1,1,0,0,0,0,1,0
8437,2009,2,0,0,0,0,0,2,0,0,0
8438,2010,1,1,0,0,0,0,0,0,1,0
8438,2011,1,1,1,0,0,0,0,0,0,0
8438,2015,4,3,1,0,0,0,1,0,1,0
8442,1996,3,2,0,0,0,0,1,0,1,0
8442,1998,1,1,0,0,0,0,0,0,0,0
8449,2000,3,2,1,0,0,0,1,0,0,0
8449,2009,2,2,0,0,0,0,0,0,0,0
8451,2015,2,2,0,0,0,0,0,0,1,0
8453,2010,2,2,0,0,0,0,0,0,0,0
8461,2007,4,2,1,0,0,0,2,0,0,0
8461,2008,2,2,0,0,0,0,0,0,1,0
8461,2010,3,2,2,0,0,1,0,0,0,1
8474,1996,7,4,0,0,0,0,3,0,0,0
8474,1997,9,7,3,1,0,0,2,0,1,0
8474,1998,3,2,2,1,0,1,1,0,0,0
8474,2000,3,2,1,0,0,1,1,0,0,0
8474,2006,1,1,0,0,0,0,0,0,1,0
8474,2007,3,3,0,0,0,0,0,0,0,0
8474,2008,1,1,0,0,0,0,0,0,0,0
8474,2009,2,1,0,0,0,0,0,0,0,1
8474,2011,2,1,0,0,0,0,1,0,0,0
8474,2012,1,0,0,0,0,0,0,1,0,0
8474,2013,1,1,0,0,0,0,0,0,1,0
8485,2011,1,1,0,0,0,0,0,0,0,0
8488,1996,10,10,4,2,0,0,0,0,1,0
8488,1997,9,8,2,0,0,0,1,0,1,0
8488,1998,12,11,5,1,1,0,0,1,1,0
8488,2000,6,4,1,1,0,0,0,1,0,1
8496,2003,2,2,0,0,0,0,0,0,0,0
8498,1996,1,1,0,0,0,0,0,0,0,0
8498,1997,2,0,0,0,0,0,2,0,0,0
8498,1998,1,1,1,0,0,0,0,0,0,0
8498,2001,1,1,0,0,0,0,0,0,0,0
8500,2008,5,3,1,0,0,1,2,0,1,0
8512,2012,1,1,0,0,0,0,0,0,0,0
8516,1995,6,6,1,0,0,0,0,0,2,0
8519,1994,2,1,0,0,0,0,1,0,1,0
8519,1997,3,3,0,0,0,0,0,0,2,0
8519,1998,10,10,5,1,0,1,0,0,2,0
8519,1999,3,3,0,0,0,0,0,0,1,0
8530,1996,2,2,1,0,0,0,0,0,0,0
8530,1997,1,1,1,1,0,0,0,0,0,0
8556,1999,4,3,1,0,0,0,1,0,1,0
8556,2003,3,3,0,0,0,0,0,0,1,0
8557,1999,3,2,0,0,0,0,1,0,1,0
8557,2000,3,2,0,0,0,0,1,0,0,0
8557,2001,21,16,4,0,0,2,3,2,1,0
8557,2002,15,13,7,0,0,3,2,0,1,0
8557,2003,12,7,3,0,0,2,3,1,1,1
8557,2004,6,5,0,0,0,0,1,0,4,0
8557,2006,3,3,2,0,0,1,0,0,0,0
8557,2007,3,2,0,0,0,0,0,0,2,1
8560,2005,4,4,0,0,0,0,0,0,2,0
8560,2006,2,2,0,0,0,0,0,0,0,0
8569,2008,1,1,0,0,0,0,0,0,0,0
8574,2010,9,9,4,2,0,1,0,0,1,0
8574,2011,3,3,0,0,0,0,0,0,0,0
8574,2015,3,2,2,0,0,1,0,0,0,1
8576,1998,1,1,0,0,0,0,0,0,1,0
8576,2002,2,2,1,0,0,0,0,0,0,0
8576,2003,2,2,0,0,0,0,0,0,0,0
8579,2015,5,4,1,1,0,0,1,0,3,0
8579,2016,1,1,0,0,0,0,0,0,1,0
8581,2001,3,2,2,2,0,0,1,0,0,0
8581,2002,3,3,1,0,0,1,0,0,0,0
8581,2008,3,2,0,0,0,0,1,0,0,0
8589,2004,2,2,0,0,0,0,0,0,1,0
8589,2006,3,3,0,0,0,0,0,0,1,0
8609,2015,5,4,2,1,0,0,1,0,0,0
8609,2016,3,3,1,0,0,1,0,0,0,0
8638,1999,1,1,1,0,0,1,0,0,0,0
8638,2006,6,6,1,0,0,0,0,0,2,0
8638,2008,3,2,0,0,0,0,1,0,1,0
8638,2009,3,3,0,0,0,0,0,0,0,0
8638,2010,3,3,2,1,0,1,0,0,1,0
8638,2012,1,1,0,0,0,0,0,0,0,0
8655,2000,2,2,0,0,0,0,0,0,2,0
8665,1994,1,1,0,0,0,0,0,0,0,0
8672,2009,1,1,0,0,0,0,0,0,0,0
8672,2010,1,1,0,0,0,0,0,0,0,0
8676,2001,5,2,0,0,0,0,2,1,0,0
8682,2006,3,2,0,0,0,0,1,0,2,0
8682,2007,3,3,2,0,0,1,0,0,0,0
8682,2008,3,3,1,0,0,0,0,0,2,0
8682,2009,2,1,0,0,0,0,1,0,1,0
8682,2010,7,5,1,0,0,1,2,0,0,0
8682,2011,2,2,0,0,0,0,0,0,1,0
8682,2015,1,1,1,1,0,0,0,0,0,0
8704,2005,6,5,2,0,0,0,0,1,1,0
8710,2012,6,6,2,0,0,0,0,0,1,0
8718,2012,2,2,1,0,0,0,0,0,1,0
8718,2015,1,1,0,0,0,0,0,0,0,0
8719,2001,2,1,1,0,0,0,1,0,0,0
8719,2002,1,1,1,0,0,0,0,0,0,0
8720,1998,3,3,0,0,0,0,0,0,0,0
8720,1999,7,6,1,0,0,0,1,0,0,0
8720,2002,1,1,0,0,0,0,0,0,0,0
8720,2003,2,2,0,0,0,0,0,0,1,0
8724,1996,6,6,2,0,0,0,0,0,1,0
8724,2004,3,2,0,0,0,0,1,0,0,0
8725,2001,3,1,0,0,0,0,1,1,0,0
8725,2004,3,3,0,0,0,0,0,0,1,0
8725,2007,1,0,0,0,0,0,1,0,0,0
8725,2008,2,2,1,0,0,0,0,0,0,0
8731,2002,3,3,2,0,0,2,0,0,1,0
8756,1996,1,1,0,0,0,0,0,0,0,0
8756,1997,1,1,1,0,0,0,0,0,0,0
8756,1998,2,2,0,0,0,0,0,0,1,0
8756,1999,5,5,0,0,0,0,0,0,2,0
8756,2000,4,3,0,0,0,0,1,0,0,0
8756,2001,1,1,1,0,0,1,0,0,0,0
8773,2015,1,1,0,0,0,0,0,0,1,0
8774,2011,1,1,1,0,0,0,0,0,0,0
8774,2012,1,1,0,0,0,0,0,0,0,0
8776,2006,3,3,0,0,0,0,0,0,1,0
8776,2008,2,2,1,0,0,0,0,0,1,0
8776,2010,2,2,1,0,0,0,0,0,0,0
8776,2011,2,2,0,0,0,0,0,0,0,0
8778,2012,6,5,2,1,0,0,1,0,2,0
8784,2009,3,3,1,0,0,0,0,0,0,0
8784,2012,3,3,2,0,0,0,0,0,0,0
8785,1996,3,2,0,0,0,0,1,0,1,0
8787,1996,3,2,1,0,0,0,1,0,0,0
8807,2008,2,2,1,0,0,1,0,0,1,0
8807,2012,4,4,0,0,0,0,0,0,2,0
8807,2013,3,3,2,2,0,0,0,0,0,0
8823,2008,3,3,2,0,0,0,0,0,0,0
8823,2009,3,1,0,0,0,0,2,0,0,0
8823,2010,6,6,1,0,0,0,0,0,3,0
8823,2011,3,3,2,0,0,0,0,0,1,0
8823,2015,3,3,0,0,0,0,0,0,0,0
8823,2016,5,4,1,0,0,1,1,0,0,0
8830,1995,2,2,0,0,0,0,0,0,1,0
8843,1999,3,2,2,0,0,0,1,0,0,0
8852,2009,3,3,3,0,0,1,0,0,0,0
8852,2011,1,1,1,1,0,0,0,0,0,0
8859,2003,3,2,0,0,0,0,1,0,0,0
8859,2009,6,5,3,0,0,0,0,1,1,0
8859,2011,6,5,2,1,0,0,1,0,0,0
8861,2006,2,1,0,0,0,0,1,0,0,0
8873,2005,3,2,0,0,0,0,1,0,1,0
8873,2007,3,3,0,0,0,0,0,0,0,0
8873,2008,2,2,0,0,0,0,0,0,1,0
8873,2011,1,1,0,0,0,0,0,0,0,0
8873,2012,3,2,1,0,0,1,1,0,0,0
8883,1996,2,2,0,0,0,0,0,0,1,0
8883,1997,2,1,0,0,0,0,0,1,0,0
8883,1998,3,3,0,0,0,0,0,0,1,0
8883,2000,1,0,0,0,0,0,1,0,0,0
8883,2001,1,1,1,0,0,0,0,0,0,0
8883,2002,4,3,0,0,0,0,1,0,1,0
8883,2003,4,4,1,0,0,1,0,0,2,0
8883,2004,1,1,1,0,0,0,0,0,0,0
8883,2005,1,1,1,1,0,0,0,0,0,0
8883,2008,1,1,1,0,0,1,0,0,0,0
8886,2012,1,1,0,0,0,0,0,0,0,0
8891,2000,3,2,0,0,0,0,1,0,0,0
8892,2010,4,4,1,0,0,1,0,0,0,0
8892,2011,1,1,0,0,0,0,0,0,0,0
8910,2011,2,2,1,0,0,0,0,0,1,0
8910,2012,1,0,0,0,0,0,1,0,0,0
8910,2013,1,0,0,0,0,0,1,0,0,0
8911,1994,3,2,1,0,0,0,0,0,1,0
8911,1995,2,2,1,0,0,0,0,0,1,0
8912,1997,1,1,1,0,0,0,0,0,0,0
8914,2015,2,2,1,1,0,0,0,0,0,0
8914,2016,3,2,2,1,0,1,1,0,0,0
8918,2007,7,4,1,1,0,0,3,0,0,0
8919,2005,3,2,0,0,0,0,1,0,1,0
8919,2007,6,6,0,0,0,0,0,0,2,0
8919,2008,3,3,0,0,0,0,0,0,1,0
8919,2015,1,0,0,0,0,0,1,0,0,0
8922,2006,1,1,0,0,0,0,0,0,1,0
8922,2007,1,1,0,0,0,0,0,0,1,0
8922,2009,1,1,0,0,0,0,0,0,0,0
8922,2010,1,0,0,0,0,0,0,0,0,1
8932,2002,3,3,0,0,0,0,0,0,1,0
8934,1997,3,3,2,0,0,0,0,0,1,0
8934,2000,5,5,1,0,0,0,0,0,0,0
8934,2001,1,1,0,0,0,0,0,0,1,0
8939,1999,7,5,2,0,0,1,2,0,1,0
8940,2008,9,8,4,2,0,0,1,0,0,0
8940,2009,1,1,1,0,0,1,0,0,0,0
8940,2015,1,1,1,0,0,1,0,0,0,0
8952,2011,2,1,0,0,0,0,1,0,0,0
8954,1997,3,3,2,0,0,1,0,0,0,0
8956,2011,3,2,1,0,0,0,1,0,1,0
8956,2012,1,1,0,0,0,0,0,0,0,0
8982,2013,3,3,0,0,0,0,0,0,2,0
8983,1999,4,3,2,1,0,0,1,0,0,0
8983,2000,4,3,2,0,0,1,1,0,0,0
8988,2013,1,1,0,0,0,0,0,0,0,0
8988,2015,1,1,0,0,0,0,0,0,0,0
8990,1995,2,2,0,0,0,0,0,0,1,0
8990,1996,4,4,1,0,0,1,0,0,1,0
8990,1997,8,8,1,0,0,0,0,0,1,0
8990,1998,8,8,3,0,0,2,0,0,0,0
8990,1999,6,5,0,0,0,0,1,0,1,0
8990,2000,10,8,3,0,0,2,2,0,0,0
8990,2002,3,3,1,0,0,0,0,0,0,0
8990,2003,4,4,0,0,0,0,0,0,1,0
8991,2001,3,3,1,0,0,1,0,0,0,0
9008,2001,3,3,2,0,0,1,0,0,1,0
9008,2002,3,2,0,0,0,0,1,0,2,0
9009,2003,2,2,1,0,0,0,0,0,1,0
9022,2002,2,2,1,0,0,1,0,0,0,0
9032,1995,1,0,0,0,0,0,1,0,0,0
9038,1995,1,1,1,0,0,0,0,0,0,0
9038,1996,4,4,1,0,0,1,0,0,1,0
9038,1997,3,3,3,1,0,0,0,0,0,0
9038,1998,5,4,0,0,0,0,0,1,1,0
9038,2000,1,1,0,0,0,0,0,0,0,0
9050,1995,1,1,0,0,0,0,0,0,1,0
9069,2001,3,3,0,0,0,0,0,0,1,0
9069,2002,5,5,1,1,0,0,0,0,1,0
9069,2003,11,11,1,0,0,0,0,0,2,0
9069,2004,4,4,1,0,0,0,0,0,1,0
9069,2005,3,2,1,0,0,0,0,1,1,0
9069,2007,3,2,0,0,0,0,1,0,1,0
9069,2010,10,10,1,0,0,0,0,0,4,0
9069,2011,3,2,0,0,0,0,1,0,1,0
9070,2001,2,2,0,0,0,0,0,0,1,0
9071,2011,3,2,1,0,0,0,1,0,1,0
9091,1997,9,9,1,0,0,0,0,0,1,0
9091,1998,3,3,2,1,0,0,0,0,0,0
9102,2001,1,1,0,0,0,0,0,0,0,0
9102,2002,1,1,1,1,0,0,0,0,0,0
9108,1996,3,2,2,1,0,1,1,0,0,0
9108,1997,3,2,0,0,0,0,1,0,0,0
9108,1998,3,3,0,0,0,0,0,0,0,0
9123,2003,2,2,0,0,0,0,0,0,0,0
9123,2004,2,2,1,0,0,0,0,0,1,0
9123,2005,2,2,1,0,0,1,0,0,0,0
9123,2006,2,2,0,0,0,0,0,0,0,0
9126,1996,2,2,1,0,0,1,0,0,0,0
9136,1999,9,9,2,0,0,1,0,0,5,0
9136,2000,12,11,1,0,0,1,1,0,3,0
9136,2001,11,10,3,0,0,0,1,0,2,0
9136,2002,5,5,1,0,0,0,0,0,1,0
9136,2003,4,3,1,0,0,1,1,0,1,0
9136,2004,21,21,4,0,0,2,0,0,5,0
9136,2005,7,6,0,0,0,0,0,0,2,1
9136,2007,4,4,1,0,0,1,0,0,0,0
9137,1998,1,1,1,0,0,0,0,0,0,0
9143,2010,3,3,0,0,0,0,0,0,0,0
9143,2011,1,1,1,0,0,0,0,0,0,0
9143,2012,3,3,1,0,0,0,0,0,1,0
9143,2013,3,3,0,0,0,0,0,0,2,0
9143,2015,7,7,1,0,0,0,0,0,3,0
9143,2016,3,3,0,0,0,0,0,0,0,0
9152,1999,6,5,3,0,0,2,1,0,1,0
9153,2002,1,1,0,0,0,0,0,0,0,0
9160,1999,1,1,0,0,0,0,0,0,0,0
9160,2000,3,3,0,0,0,0,0,0,1,0
9160,2001,9,8,4,0,0,0,0,0,1,1
9160,2002,2,1,0,0,0,0,1,0,0,0
9169,1998,3,3,2,2,0,0,0,0,0,0
9176,2001,3,3,3,0,0,0,0,0,0,0
9176,2004,3,3,1,0,0,0,0,0,1,0
9196,2016,2,2,1,0,0,0,0,0,0,0
9198,2008,2,2,1,1,0,0,0,0,1,0
9198,2009,9,7,2,0,0,1,2,0,1,0
9198,2010,13,11,2,0,1,0,2,0,2,0
9198,2011,3,3,0,0,0,0,0,0,3,0
9198,2012,16,14,4,2,0,0,2,0,7,0
9198,2013,6,6,1,0,0,0,0,0,3,0
9198,2015,16,16,4,1,0,0,0,0,7,0
9198,2016,7,6,2,1,0,1,1,0,0,0
9204,1995,1,1,0,0,0,0,0,0,0,0
9204,1996,3,3,0,0,0,0,0,0,0,0
9204,2000,3,3,0,0,0,0,0,0,0,0
9210,2007,1,1,1,0,0,0,0,0,0,0
9214,2002,3,3,1,0,0,0,0,0,1,0
9219,2001,3,3,0,0,0,0,0,0,0,0
9219,2002,6,6,2,0,0,1,0,0,1,0
9228,2002,3,3,1,0,0,0,0,0,0,0
9229,1996,2,2,0,0,0,0,0,0,0,0
9238,2003,2,2,1,0,0,0,0,0,1,0
9242,2008,2,2,0,0,0,0,0,0,0,0
9242,2013,1,1,0,0,0,0,0,0,1,0
9246,2012,2,2,0,0,0,0,0,0,0,0
9250,2015,2,1,1,0,0,0,1,0,0,0
9251,2004,3,3,0,0,0,0,0,0,1,0
9251,2005,2,1,0,0,0,0,1,0,0,0
9251,2006,2,2,0,0,0,0,0,0,1,0
9251,2008,2,1,0,0,0,0,1,0,0,0
9254,2016,1,1,0,0,0,0,0,0,0,0
9255,2010,3,3,1,0,0,0,0,0,0,0
9258,1996,5,5,2,2,0,0,0,0,2,0
9258,1997,2,2,0,0,0,0,0,0,0,0
9258,1998,4,4,1,0,0,0,0,0,0,0
9258,1999,1,1,0,0,0,0,0,0,0,0
9258,2000,4,2,1,0,0,0,2,0,0,0
9258,2001,1,1,0,0,0,0,0,0,0,0
9269,2012,3,2,0,0,0,0,1,0,1,0
9269,2013,4,4,1,0,0,0,0,0,0,0
9294,1995,2,2,0,0,0,0,0,0,1,0
9294,1996,8,7,1,0,0,1,1,0,4,0
9294,1998,10,9,0,0,0,0,1,0,3,0
9294,1999,4,4,2,0,0,1,0,0,0,0
9294,2000,8,6,0,0,0,0,2,0,2,0
9294,2001,7,7,3,0,0,1,0,0,0,0
9294,2003,5,5,2,0,0,1,0,0,0,0
9294,2004,3,3,0,0,0,0,0,0,1,0
9294,2005,3,3,2,0,0,1,0,0,0,0
9294,2006,3,3,1,0,0,0,0,0,0,0
9295,1999,2,1,1,1,0,0,1,0,0,0
9311,2005,3,2,0,0,0,0,0,0,0,1
9312,2000,1,1,1,0,0,1,0,0,0,0
9325,2010,1,0,0,0,0,0,1,0,0,0
9326,2015,9,7,1,0,0,1,1,1,2,0
9326,2016,2,2,1,0,0,0,0,0,0,0
9327,2012,1,0,0,0,0,0,0,0,0,1
9330,2006,4,4,0,0,0,0,0,0,1,0
9330,2007,6,6,2,0,0,1,0,0,0,0
9330,2008,1,1,0,0,0,0,0,0,0,0
9341,2016,2,2,0,0,0,0,0,0,2,0
9342,2015,3,2,0,0,0,0,1,0,1,0
9347,2008,2,1,0,0,0,0,1,0,1,0
9347,2009,2,1,0,0,0,0,0,1,0,0
9347,2010,2,2,2,1,0,0,0,0,0,0
9354,2015,1,1,0,0,0,0,0,0,0,0
9356,2011,2,2,0,0,0,0,0,0,0,0
9356,2012,2,2,0,0,0,0,0,0,2,0
9356,2015,1,1,0,0,0,0,0,0,0,0
9356,2016,1,1,0,0,0,0,0,0,0,0
9387,1999,5,5,1,0,0,0,0,0,2,0
9387,2000,6,4,0,0,0,0,1,0,1,1
9387,2001,10,9,1,0,0,0,1,0,0,0
9391,2016,1,1,1,1,0,0,0,0,0,0
9399,1999,2,2,1,0,0,0,0,0,0,0
9406,2006,2,2,0,0,0,0,0,0,1,0
9406,2011,3,3,1,0,0,0,0,0,0,0
9406,2012,1,1,0,0,0,0,0,0,0,0
9413,2005,4,3,1,1,0,0,0,1,2,0
9413,2006,3,3,2,0,0,1,0,0,1,0
9413,2007,2,2,1,0,0,1,0,0,0,0
9413,2009,1,1,1,0,0,0,0,0,0,0
9413,2011,1,1,0,0,0,0,0,0,0,0
9417,2006,1,0,0,0,0,0,1,0,0,0
9437,2002,2,2,0,0,0,0,0,0,1,0
9437,2009,3,3,1,0,0,0,0,0,0,0
9442,1999,3,2,0,0,0,0,1,0,0,0
9442,2000,5,4,3,1,0,1,0,0,0,1
9442,2002,4,3,0,0,0,0,1,0,1,0
9442,2003,3,3,1,0,0,0,0,0,0,0
9442,2005,3,3,1,1,0,0,0,0,0,0
9445,2013,6,6,1,0,0,0,0,0,3,0
9449,2013,1,1,0,0,0,0,0,0,0,0
9467,2001,2,2,2,1,0,1,0,0,0,0
9467,2002,4,4,2,0,0,1,0,0,0,0
9467,2003,4,3,0,0,0,0,1,0,0,0
9468,1998,4,4,1,0,0,0,0,0,1,0
9468,1999,1,1,0,0,0,0,0,0,0,0
9468,2000,3,3,0,0,0,0,0,0,1,0
9468,2001,1,1,0,0,0,0,0,0,0,0
9468,2004,1,1,0,0,0,0,0,0,0,0
9468,2005,3,3,1,0,0,1,0,0,0,0
9475,2004,2,2,1,0,0,0,0,0,0,0
9475,2005,1,1,0,0,0,0,0,0,1,0
9477,2000,4,2,0,0,0,0,2,0,0,0
9477,2001,3,3,0,0,0,0,0,0,0,0
9477,2002,3,3,2,0,0,0,0,0,0,0
9477,2003,1,1,0,0,0,0,0,0,1,0
9490,2002,3,3,0,0,0,0,0,0,1,0
9490,2007,3,2,0,0,0,0,1,0,0,0
9492,1998,1,1,0,0,0,0,0,0,0,0
9492,1999,3,3,1,0,0,0,0,0,0,0
9492,2000,6,6,2,1,0,0,0,0,1,0
9492,2001,4,3,2,2,0,0,1,0,0,0
9513,2006,1,1,1,1,0,0,0,0,0,0
9513,2007,1,1,1,0,0,1,0,0,0,0
9523,1997,4,4,3,0,0,0,0,0,0,0
9523,1999,1,1,0,0,0,0,0,0,1,0
9523,2000,1,1,0,0,0,0,0,0,0,0
9523,2003,1,1,1,0,0,0,0,0,0,0
9523,2005,1,1,0,0,0,0,0,0,1,0
9523,2007,2,2,1,0,0,1,0,0,0,0
9527,1995,1,1,0,0,0,0,0,0,0,0
9527,1996,4,4,2,0,0,0,0,0,0,0
9527,1997,3,3,1,0,0,0,0,0,1,0
9527,1998,2,2,1,0,0,0,0,0,0,0
9527,1999,1,1,0,0,0,0,0,0,0,0
9527,2003,3,3,0,0,0,0,0,0,1,0
9528,1998,1,1,0,0,0,0,0,0,1,0
9528,2006,1,1,0,0,0,0,0,0,0,0
9528,2007,1,0,0,0,0,0,1,0,0,0
9528,2008,1,0,0,0,0,0,1,0,0,0
9535,2011,2,2,0,0,0,0,0,0,0,0
9550,2011,1,1,0,0,0,0,0,0,0,0
9558,2006,3,3,1,0,0,0,0,0,0,0
9559,1996,3,3,2,1,0,0,0,0,1,0
9559,1997,3,3,1,0,0,0,0,0,1,0
9559,1998,2,2,1,0,0,0,0,0,0,0
9559,1999,2,2,1,0,0,1,0,0,1,0
9559,2001,1,1,0,0,0,0,0,0,1,0
9559,2002,7,7,3,0,0,0,0,0,0,0
9559,2003,2,2,0,0,0,0,0,0,2,0
9559,2004,1,1,1,0,0,1,0,0,0,0
9559,2011,1,1,1,0,0,0,0,0,0,0
9576,2008,3,2,0,0,0,0,1,0,2,0
9581,2013,3,3,1,0,0,0,0,0,0,0
9581,2015,1,0,0,0,0,0,1,0,0,0
9593,2009,5,2,0,0,0,0,3,0,1,0
9600,2007,1,1,0,0,0,0,0,0,0,0
9607,1997,6,5,1,0,0,0,1,0,0,0
9607,1999,1,1,1,0,0,1,0,0,0,0
9607,2000,1,1,0,0,0,0,0,0,1,0
9618,2004,2,1,1,0,0,1,1,0,0,0
9618,2005,1,1,0,0,0,0,0,0,0,0
9620,2002,3,2,1,0,0,1,1,0,1,0
9620,2003,3,3,0,0,0,0,0,0,1,0
9620,2004,2,2,1,0,1,0,0,0,1,0
9620,2005,2,2,0,0,0,0,0,0,0,0
9620,2006,2,2,1,0,0,0,0,0,0,0
9620,2007,2,2,0,0,0,0,0,0,1,0
9620,2008,1,1,0,0,0,0,0,0,0,0
9621,1999,1,1,0,0,0,0,0,0,1,0
9621,2002,2,2,0,0,0,0,0,0,0,0
9621,2003,4,3,0,0,0,0,1,0,2,0
9621,2005,2,1,0,0,0,0,1,0,0,0
9626,1998,2,2,1,1,0,0,0,0,0,0
9634,1999,1,1,1,0,0,0,0,0,0,0
9634,2001,1,1,0,0,0,0,0,0,0,0
9634,2002,1,1,1,0,0,0,0,0,0,0
9634,2003,1,1,0,0,0,0,0,0,1,0
9634,2005,1,0,0,0,0,0,1,0,0,0
9634,2006,3,3,2,0,0,0,0,0,0,0
9634,2007,2,2,0,0,0,0,0,0,0,0
9635,1996,2,2,0,0,0,0,0,0,0,0
9635,1998,1,1,0,0,0,0,0,0,0,0
9637,1997,2,2,1,0,0,0,0,0,0,0
9637,2002,7,6,3,0,0,0,1,0,0,0
9637,2004,2,1,0,0,0,0,1,0,0,0
9659,1995,1,1,0,0,0,0,0,0,0,0
9659,1996,2,2,0,0,0,0,0,0,1,0
9659,1997,5,5,3,1,0,0,0,0,1,0
9659,1998,1,1,0,0,0,0,0,0,0,0
9659,1999,1,1,0,0,0,0,0,0,0,0
9659,2000,2,0,0,0,0,0,1,0,0,1
9659,2001,2,1,0,0,0,0,1,0,0,0
9659,2003,1,0,0,0,0,0,1,0,0,0
9664,2006,1,1,0,0,0,0,0,0,0,0
9670,2006,1,1,1,0,0,0,0,0,0,0
9672,1997,2,2,1,0,0,1,0,0,1,0
9672,2004,1,1,1,0,0,1,0,0,0,0
9699,2002,2,1,0,0,0,0,1,0,0,0
9699,2003,6,5,2,0,0,0,1,0,1,0
9707,2003,4,4,0,0,0,0,0,0,0,0
9707,2004,5,4,3,1,0,1,1,0,1,0
9707,2005,4,4,0,0,0,0,0,0,2,0
9707,2006,8,7,3,0,1,0,1,0,0,0
9707,2007,3,3,1,1,0,0,0,0,1,0
9709,1996,5,4,1,1,0,0,1,0,0,0
9709,1997,3,3,0,0,0,0,0,0,0,0
9715,2002,1,1,1,0,0,1,0,0,0,0
9715,2003,1,1,0,0,0,0,0,0,0,0
9741,2015,1,1,1,0,0,0,0,0,0,0
9751,2001,1,0,0,0,0,0,0,1,0,0
9761,2005,1,1,0,0,0,0,0,0,1,0
9761,2006,3,3,0,0,0,0,0,0,1,0
9761,2007,1,1,0,0,0,0,0,0,1,0
9761,2010,1,1,0,0,0,0,0,0,0,0
9761,2012,5,5,2,0,0,0,0,0,1,0
9761,2013,1,1,0,0,0,0,0,0,0,0
9761,2015,2,2,0,0,0,0,0,0,0,0
9762,2015,6,4,2,1,0,0,2,0,1,0
9762,2016,3,3,1,1,0,0,0,0,0,0
9772,2004,3,3,0,0,0,0,0,0,2,0
9772,2006,1,1,0,0,0,0,0,0,1,0
9774,2015,13,11,5,1,0,1,1,0,3,1
9774,2016,6,5,0,0,0,0,1,0,1,0
9779,1996,5,5,0,0,0,0,0,0,1,0
9779,1997,5,5,2,0,0,0,0,0,0,0
9779,1998,5,4,1,1,0,0,1,0,0,0
9780,2000,1,1,0,0,0,0,0,0,0,0
9781,2003,5,5,0,0,0,0,0,0,3,0
9781,2004,3,3,0,0,0,0,0,0,1,0
9781,2005,3,2,1,1,0,0,1,0,1,0
9781,2006,1,1,0,0,0,0,0,0,1,0
9781,2007,1,1,0,0,0,0,0,0,1,0
9781,2008,2,2,0,0,0,0,0,0,2,0
9781,2009,1,1,0,0,0,0,0,0,0,0
9781,2010,2,2,1,0,0,0,0,0,1,0
9781,2011,1,1,0,0,0,0,0,0,0,0
9781,2013,2,2,1,0,0,0,0,0,1,0
9782,2015,2,2,1,0,0,0,0,0,1,0
9783,2010,1,1,1,0,0,0,0,0,0,0
9791,2002,1,1,1,1,0,0,0,0,0,0
9803,1996,1,0,0,0,0,0,0,0,0,1
9803,1998,5,5,2,1,0,1,0,0,0,0
9809,1997,1,1,0,0,0,0,0,0,0,0
9810,2003,3,3,1,0,0,0,0,0,0,0
9810,2005,2,2,1,0,0,0,0,0,0,0
9822,2008,3,2,1,0,0,1,1,0,0,0
9822,2015,1,1,1,0,0,0,0,0,0,0
9827,2015,1,1,0,0,0,0,0,0,1,0
9827,2016,1,1,0,0,0,0,0,0,0,0
9830,2009,1,0,0,0,0,0,1,0,0,0
9830,2010,2,1,0,0,0,0,1,0,0,0
9835,2013,4,4,2,0,0,1,0,0,2,0
9840,1996,5,5,3,1,0,1,0,0,1,0
9840,1997,7,7,3,0,0,1,0,0,1,0
9840,2000,3,2,1,1,0,0,1,0,0,0
9840,2003,6,3,2,0,0,2,3,0,0,0
9840,2004,3,2,1,0,0,1,1,0,0,0
9844,2016,1,1,0,0,0,0,0,0,0,0
9883,2006,1,1,0,0,0,0,0,0,0,0
9885,2016,2,2,0,0,0,0,0,0,2,0
9887,1999,1,1,1,0,0,0,0,0,0,0
9887,2000,2,2,1,0,0,1,0,0,0,0
9887,2003,1,0,0,0,0,0,1,0,0,0
9887,2005,1,0,0,0,0,0,1,0,0,0
9887,2006,1,1,1,0,0,0,0,0,0,0
9887,2007,3,3,1,1,0,0,0,0,0,0
9893,2009,9,7,3,1,0,0,1,1,1,0
9893,2010,9,9,1,0,0,0,0,0,3,0
9893,2011,10,9,2,0,0,0,1,0,3,0
9893,2012,8,6,0,0,0,0,2,0,2,0
9906,2013,1,1,0,0,0,0,0,0,1,0
9909,2015,1,1,0,0,0,0,0,0,0,0
9911,2003,4,3,0,0,0,0,1,0,0,0
9923,2015,1,0,0,0,0,0,1,0,0,0
9931,1996,6,5,1,1,0,0,1,0,0,0
9931,1997,3,3,1,1,0,0,0,0,1,0
9931,1998,1,1,0,0,0,0,0,0,0,0
9931,1999,4,2,0,0,0,0,2,0,2,0
9931,2000,3,1,1,1,0,0,1,0,0,1
9936,2003,4,4,0,0,0,0,0,0,0,0
9943,1998,5,4,1,0,0,0,0,0,0,1
9943,2001,2,2,1,1,0,0,0,0,1,0
9966,2012,1,1,0,0,0,0,0,0,0,0
9966,2015,4,3,0,0,0,0,1,0,2,0
9966,2016,1,1,0,0,0,0,0,0,1,0
9968,2010,2,1,1,0,0,0,1,0,0,0
9968,2012,4,4,2,0,0,0,0,0,1,0
9984,2008,3,2,0,0,0,0,1,0,0,0
9984,2010,6,6,1,1,0,0,0,0,1,0
10001,1998,1,1,0,0,0,0,0,0,1,0
10002,1999,3,3,1,0,0,0,0,0,1,0
10002,2000,3,3,1,0,0,1,0,0,0,0
10002,2001,3,3,1,1,0,0,0,0,0,0
10024,1998,1,1,0,0,0,0,0,0,0,0
10026,2008,2,2,0,0,0,0,0,0,1,0
10026,2011,1,1,1,0,0,1,0,0,0,0
10027,1999,9,8,2,1,0,1,1,0,2,0
10027,2001,3,3,2,1,0,0,0,0,0,0
10029,1997,8,8,2,1,0,1,0,0,1,0
10029,1998,4,4,2,0,0,1,0,0,0,0
10029,2005,3,3,1,0,0,0,0,0,0,0
10038,1996,3,3,0,0,0,0,0,0,1,0
10050,1999,1,1,0,0,0,0,0,0,1,0
10050,2001,1,1,0,0,0,0,0,0,0,0
10050,2002,1,1,0,0,0,0,0,0,0,0
10050,2004,4,3,0,0,0,0,1,0,1,0
10050,2005,2,1,0,0,0,0,1,0,0,0
10050,2006,2,1,0,0,0,0,1,0,0,0
10050,2008,3,3,2,0,0,0,0,0,0,0
10065,2007,1,0,0,0,0,0,0,1,0,0
10066,2009,5,4,0,0,0,0,1,0,2,0
10066,2010,3,3,0,0,0,0,0,0,2,0
10068,2002,2,1,0,0,0,0,1,0,1,0
10068,2003,1,0,0,0,0,0,0,1,0,0
10068,2005,3,2,2,0,0,0,0,1,0,0
10068,2006,5,4,2,0,0,0,1,0,0,0
10069,2001,6,5,2,1,0,0,1,0,1,0
10069,2002,4,4,2,0,0,0,0,0,1,0
10069,2003,6,6,3,2,0,0,0,0,0,0
10069,2004,3,2,0,0,0,0,1,0,2,0
10069,2008,3,2,0,0,0,0,1,0,1,0
10070,1997,2,2,2,0,0,0,0,0,0,0
10070,1998,6,5,0,0,0,0,1,0,1,0
10093,1996,5,5,3,0,0,0,0,0,0,0
10093,1997,1,1,1,0,0,0,0,0,0,0
10093,1998,1,1,0,0,0,0,0,0,0,0
10096,1998,3,3,2,0,0,0,0,0,0,0
10097,2009,1,1,0,0,0,0,0,0,0,0
10101,2015,3,3,0,0,0,0,0,0,1,0
10101,2016,1,0,0,0,0,0,1,0,0,0
10103,2015,2,1,0,0,0,0,1,0,1,0
10104,2006,2,2,1,1,0,0,0,0,1,0
10104,2007,3,3,1,0,0,1,0,0,1,0
10111,2013,7,4,1,0,0,0,2,1,0,0
10111,2015,4,3,0,0,0,0,1,0,1,0
10118,2011,1,1,0,0,0,0,0,0,1,0
10118,2015,3,3,0,0,0,0,0,0,2,0
10125,1998,1,1,1,0,0,0,0,0,0,0
10125,1999,4,3,1,0,0,0,1,0,0,0
10136,2006,3,3,0,0,0,0,0,0,0,0
10136,2015,3,3,0,0,0,0,0,0,1,0
10138,2015,2,2,0,0,0,0,0,0,0,0
10138,2016,6,6,1,1,0,0,0,0,1,0
10146,2004,1,1,1,0,0,0,0,0,0,0
10146,2006,2,2,0,0,0,0,0,0,0,0
10146,2008,1,1,0,0,0,0,0,0,0,0
10156,2007,1,0,0,0,0,0,1,0,0,0
10209,2005,6,6,1,0,0,0,0,0,2,0
10209,2006,7,6,0,0,0,0,1,0,2,0
10209,2007,2,2,1,0,0,0,0,0,0,0
10209,2008,6,5,2,0,0,1,1,0,1,0
10209,2009,3,3,1,0,0,1,0,0,2,0
10209,2010,6,6,3,0,0,0,0,0,0,0
10209,2011,3,3,1,0,0,1,0,0,1,0
10209,2012,6,5,3,0,0,1,0,1,2,0
10209,2015,4,3,0,0,0,0,1,0,1,0
10209,2016,6,6,1,0,0,0,0,0,2,0
10214,2012,1,1,0,0,0,0,0,0,1,0
10214,2013,3,3,1,0,0,0,0,0,0,0
10214,2015,1,0,0,0,0,0,0,1,0,0
10215,1998,4,4,1,0,0,0,0,0,0,0
10215,1999,1,1,0,0,0,0,0,0,1,0
10215,2002,5,4,0,0,0,0,1,0,3,0
10215,2005,1,0,0,0,0,0,1,0,0,0
10216,1999,4,4,1,0,0,0,0,0,1,0
10216,2000,4,2,0,0,0,0,2,0,1,0
10216,2003,1,1,1,1,0,0,0,0,0,0
10217,2000,3,3,0,0,0,0,0,0,1,0
10217,2001,2,2,2,0,0,1,0,0,0,0
10217,2003,6,6,2,0,0,1,0,0,1,0
10217,2004,2,2,0,0,0,0,0,0,0,0
10217,2005,3,1,0,0,0,0,2,0,0,0
10217,2006,3,2,0,0,0,0,1,0,0,0
10217,2007,3,3,0,0,0,0,0,0,0,0
10217,2008,3,2,1,0,0,0,1,0,0,0
10217,2009,2,2,0,0,0,0,0,0,1,0
10217,2010,7,6,0,0,0,0,1,0,0,0
10217,2012,3,2,1,0,0,0,1,0,0,0
10227,2010,1,1,0,0,0,0,0,0,0,0
10227,2011,2,2,0,0,0,0,0,0,1,0
10227,2013,3,3,0,0,0,0,0,0,2,0
10229,2001,4,4,2,0,0,0,0,0,0,0
10234,2008,6,6,3,1,0,0,0,0,1,0
10236,2001,7,7,1,1,0,0,0,0,2,0
10236,2002,3,2,1,0,1,0,1,0,0,0
10246,2003,1,0,0,0,0,0,1,0,0,0
10249,2006,5,5,2,0,0,0,0,0,2,0
10249,2008,3,2,1,1,0,0,1,0,0,0
10249,2009,7,7,4,1,0,2,0,0,2,0
10249,2012,3,2,0,0,0,0,0,0,0,1
10251,1998,8,8,2,0,0,0,0,0,0,0
10267,1996,1,1,0,0,0,0,0,0,0,0
10288,2010,2,2,0,0,0,0,0,0,1,0
10288,2011,6,6,0,0,0,0,0,0,2,0
10288,2012,3,2,1,0,0,0,1,0,1,0
10288,2015,4,4,0,0,0,0,0,0,1,0
10292,2015,1,1,1,0,0,0,0,0,0,0
10294,2004,9,8,2,0,0,0,1,0,4,0
10294,2005,11,11,1,0,0,1,0,0,1,0
10294,2006,12,12,3,0,0,1,0,0,4,0
10294,2007,15,14,3,1,0,2,1,0,2,0
10300,2011,1,1,0,0,0,0,0,0,0,0
10314,1996,1,1,0,0,0,0,0,0,1,0
10330,1998,3,3,1,0,0,0,0,0,0,0
10332,2000,3,3,1,0,0,0,0,0,1,0
10332,2001,9,8,3,0,0,1,1,0,4,0
10332,2002,15,12,3,2,0,0,3,0,4,0
10332,2003,1,0,0,0,0,0,1,0,0,0
10332,2004,6,4,0,0,0,0,2,0,0,0
10332,2005,1,1,0,0,0,0,0,0,0,0
10332,2006,3,2,0,0,0,0,1,0,0,0
10332,2007,1,1,1,0,0,1,0,0,0,0
10332,2008,1,0,0,0,0,0,1,0,0,0
10332,2010,2,1,1,0,0,0,1,0,0,0
10351,1995,1,1,1,0,0,0,0,0,0,0
10394,2012,2,2,0,0,0,0,0,0,0,0
10394,2015,2,2,0,0,0,0,0,0,0,0
10409,2001,1,1,0,0,0,0,0,0,1,0
10409,2006,4,3,0,0,0,0,1,0,2,0
10415,2004,1,1,0,0,0,0,0,0,0,0
10415,2006,1,0,0,0,0,0,1,0,0,0
10415,2007,1,1,0,0,0,0,0,0,0,0
10415,2009,1,1,0,0,0,0,0,0,1,0
10420,2002,3,2,0,0,0,0,1,0,1,0
10434,2004,1,1,0,0,0,0,0,0,0,0
10440,1994,3,3,1,0,0,0,0,0,1,0
10440,1997,3,3,1,0,0,0,0,0,0,0
10440,1998,7,5,2,0,0,0,1,0,1,0
10440,1999,11,8,3,0,0,1,3,0,2,0
10440,2001,16,15,5,0,0,1,1,0,2,0
10440,2002,7,4,2,1,0,1,3,0,0,0
10440,2003,5,5,2,1,0,0,0,0,0,0
10440,2004,7,5,1,0,0,0,0,1,0,1
10440,2005,5,3,0,0,0,0,2,0,0,0
10440,2007,1,1,1,0,0,0,0,0,0,0
10458,2003,4,4,3,1,0,0,0,0,1,0
10458,2004,3,2,0,0,0,0,1,0,1,0
10458,2006,8,7,2,0,0,0,1,0,2,0
10458,2007,3,3,1,1,0,0,0,0,0,0
10460,2012,1,1,0,0,0,0,0,0,1,0
10461,1998,2,1,1,0,0,0,0,0,0,1
10468,1998,3,3,2,0,0,2,0,0,1,0
10468,1999,6,5,1,1,0,0,1,0,0,0
10468,2000,1,1,0,0,0,0,0,0,0,0
10468,2004,1,1,0,0,0,0,0,0,0,0
10498,2007,1,1,1,0,0,1,0,0,0,0
10507,1999,1,0,0,0,0,0,1,0,0,0
10507,2001,1,1,0,0,0,0,0,0,1,0
10516,2005,3,3,0,0,0,0,0,0,0,0
10516,2010,6,6,1,0,1,0,0,0,1,0
10537,2008,2,1,0,0,0,0,1,0,1,0
10537,2009,1,1,1,0,0,0,0,0,0,0
10546,2003,3,2,1,0,0,0,1,0,0,0
10547,2006,6,6,0,0,0,0,0,0,3,0
10547,2007,6,5,2,0,0,1,1,0,0,0
10547,2008,3,2,1,1,0,0,1,0,0,0
10547,2009,3,2,0,0,0,0,1,0,1,0
10547,2010,16,14,4,1,0,0,2,0,4,0
10547,2011,10,10,4,1,0,2,0,0,1,0
10547,2012,18,15,4,1,0,0,3,0,4,0
10549,2001,1,1,0,0,0,0,0,0,0,0
10549,2002,2,2,1,0,0,0,0,0,1,0
10549,2003,8,7,3,2,0,0,0,1,1,0
10549,2004,5,4,1,0,0,0,0,1,0,0
10549,2005,4,4,1,0,0,0,0,0,1,0
10549,2006,5,5,2,0,0,2,0,0,0,0
10549,2007,4,2,0,0,0,0,2,0,0,0
10549,2008,1,1,0,0,0,0,0,0,0,0
10549,2010,1,1,0,0,0,0,0,0,1,0
10565,2015,3,3,1,0,0,0,0,0,1,0
10565,2016,3,3,0,0,0,0,0,0,2,0
10576,1997,3,3,2,0,0,1,0,0,0,0
10576,1998,5,5,1,0,0,0,0,0,1,0
10576,1999,1,1,0,0,0,0,0,0,0,0
10576,2000,2,1,1,0,0,0,1,0,0,0
10576,2001,1,1,0,0,0,0,0,0,0,0
10576,2002,3,2,0,0,0,0,1,0,1,0
10576,2007,1,1,0,0,0,0,0,0,0,0
10595,2004,3,3,1,0,0,0,0,0,0,0
10595,2005,3,3,2,0,0,0,0,0,0,0
10595,2006,3,3,2,0,0,1,0,0,0,0
10595,2007,3,3,0,0,0,0,0,0,1,0
10595,2008,4,4,1,0,0,0,0,0,2,0
10597,2002,1,1,0,0,0,0,0,0,1,0
10601,1996,4,3,1,0,0,0,1,0,1,0
10601,1998,4,4,1,0,0,0,0,0,1,0
10601,1999,1,1,0,0,0,0,0,0,0,0
10601,2000,3,2,0,0,0,0,1,0,1,0
10609,2010,2,2,0,0,0,0,0,0,0,0
10609,2011,3,2,0,0,0,0,1,0,1,0
10609,2015,5,4,0,0,0,0,0,0,1,1
10634,2010,2,2,0,0,0,0,0,0,0,0
10634,2011,1,1,0,0,0,0,0,0,0,0
10634,2012,1,1,1,0,0,1,0,0,0,0
10636,1997,3,3,0,0,0,0,0,0,1,0
10636,1998,7,7,4,1,0,0,0,0,1,0
10636,1999,6,6,1,0,0,0,0,0,1,0
10636,2000,8,7,1,0,0,0,1,0,3,0
10637,2006,2,1,0,0,0,0,1,0,1,0
10637,2007,1,0,0,0,0,0,1,0,0,0
10677,1996,6,4,0,0,0,0,2,0,2,0
10677,1997,1,1,0,0,0,0,0,0,1,0
10679,2008,6,6,3,2,0,0,0,0,0,0
10679,2009,4,3,1,0,0,1,0,1,0,0
10680,2001,1,1,1,0,0,0,0,0,0,0
10682,1996,2,2,0,0,0,0,0,0,1,0
10682,1997,2,1,0,0,0,0,1,0,0,0
10682,1998,1,1,1,0,0,1,0,0,0,0
10689,1997,3,2,0,0,0,0,1,0,0,0
10706,2015,1,1,0,0,0,0,0,0,1,0
10728,2008,3,2,2,0,0,0,1,0,0,0
10733,2007,1,1,0,0,0,0,0,0,0,0
10733,2008,1,1,0,0,0,0,0,0,1,0
10733,2010,1,1,1,0,0,0,0,0,0,0
10746,1995,1,1,0,0,0,0,0,0,0,0
10752,2002,3,3,1,1,0,0,0,0,2,0
10759,1997,1,1,0,0,0,0,0,0,0,0
10759,1998,1,1,0,0,0,0,0,0,0,0
10776,2012,2,2,2,0,0,2,0,0,0,0
10779,1995,3,3,2,0,0,0,0,0,0,0
10782,2002,1,1,0,0,0,0,0,0,1,0
10782,2003,1,1,0,0,0,0,0,0,0,0
10782,2006,3,3,1,0,0,0,0,0,0,0
10782,2009,3,2,0,0,0,0,1,0,1,0
10784,2012,3,3,1,0,0,0,0,0,2,0
10784,2015,3,3,0,0,0,0,0,0,3,0
10784,2016,5,5,1,1,0,0,0,0,4,0
10790,2016,2,2,0,0,0,0,0,0,1,0
10793,2009,3,3,0,0,0,0,0,0,1,0
10809,1998,3,3,0,0,0,0,0,0,0,0
10809,1999,5,4,3,0,0,1,1,0,0,0
10811,2006,5,4,1,1,0,0,1,0,1,0
10811,2007,1,0,0,0,0,0,0,1,0,0
10820,1996,1,1,1,0,0,1,0,0,0,0
10832,2006,2,2,1,0,0,1,0,0,0,0
10841,2007,6,6,1,0,0,0,0,0,0,0
10841,2008,5,5,3,0,0,1,0,0,0,0
10841,2009,4,3,1,0,0,1,1,0,0,0
10841,2010,4,4,3,1,0,1,0,0,0,0
10846,2007,1,1,0,0,0,0,0,0,1,0
10846,2008,2,2,2,0,0,0,0,0,0,0
10846,2010,2,2,1,0,0,0,0,0,0,0
10846,2015,1,1,0,0,0,0,0,0,0,0
10848,2003,1,1,0,0,0,0,0,0,0,0
10848,2004,1,0,0,0,0,0,1,0,0,0
10848,2006,1,1,0,0,0,0,0,0,0,0
10848,2010,3,3,0,0,0,0,0,0,1,0
10856,2002,2,2,1,0,0,0,0,0,0,0
10856,2003,3,3,1,0,0,0,0,0,1,0
10856,2004,9,8,3,2,0,0,1,0,2,0
10856,2006,1,1,1,0,0,1,0,0,0,0
10872,2006,3,2,1,0,0,0,1,0,0,0
10872,2007,2,2,0,0,0,0,0,0,1,0
10872,2008,3,3,2,0,0,0,0,0,0,0
10872,2009,2,1,0,0,0,0,1,0,0,0
10881,1996,4,4,1,0,0,0,0,0,0,0
10881,1998,3,2,0,0,0,0,1,0,0,0
10881,1999,6,6,4,1,0,1,0,0,0,0
10881,2000,4,4,1,0,0,0,0,0,1,0
10881,2001,6,6,2,0,0,1,0,0,2,0
10881,2002,10,9,4,1,0,1,1,0,1,0
10881,2003,4,4,3,0,0,1,0,0,0,0
10881,2004,3,3,1,0,0,1,0,0,0,0
10890,2000,2,1,0,0,0,0,1,0,0,0
10890,2001,3,2,0,0,0,0,1,0,0,0
10890,2004,6,5,2,0,0,0,0,0,1,1
10890,2005,4,4,0,0,0,0,0,0,2,0
10890,2006,5,5,1,0,0,0,0,0,1,0
10890,2007,1,1,1,0,0,0,0,0,0,0
10890,2009,1,1,1,0,0,0,0,0,0,0
10900,2000,4,4,0,0,0,0,0,0,1,0
10916,1996,2,1,0,0,0,0,0,0,0,1
10916,1997,1,1,1,1,0,0,0,0,0,0
10916,1999,1,1,0,0,0,0,0,0,0,0
10920,1999,1,1,1,1,0,0,0,0,0,0
10920,2000,2,2,0,0,0,0,0,0,0,0
10921,1996,7,6,3,0,0,0,1,0,2,0
10921,1997,7,6,1,1,0,0,1,0,2,0
10921,1998,6,3,1,0,0,0,2,1,1,0
10926,2009,1,1,0,0,0,0,0,0,1,0
10932,2003,1,1,0,0,0,0,0,0,1,0
10946,2009,3,3,0,0,0,0,0,0,1,0
10957,2003,1,0,0,0,0,0,1,0,0,0
10963,1996,2,2,0,0,0,0,0,0,1,0
10963,1998,4,4,1,0,0,0,0,0,1,0
10963,1999,3,3,1,0,0,0,0,0,0,0
10963,2000,1,1,0,0,0,0,0,0,0,0
10963,2001,2,1,0,0,0,0,1,0,0,0
10973,2001,3,3,0,0,0,0,0,0,1,0
10999,1998,6,5,1,0,0,0,1,0,1,0
10999,1999,3,3,1,1,0,0,0,0,0,0
10999,2000,4,2,0,0,0,0,2,0,1,0
10999,2001,6,6,1,1,0,0,0,0,3,0
11005,2005,1,0,0,0,0,0,1,0,0,0
11005,2006,1,1,0,0,0,0,0,0,0,0
11014,2002,6,3,2,0,0,0,1,1,1,1
11059,2013,1,0,0,0,0,0,1,0,0,0
11071,2006,5,4,1,0,0,0,1,0,1,0
11071,2007,6,4,2,1,0,0,1,0,0,1
11071,2009,3,3,0,0,0,0,0,0,0,0
11071,2010,1,1,0,0,0,0,0,0,0,0
11079,2002,3,2,0,0,0,0,1,0,1,0
11079,2003,2,1,0,0,0,0,0,1,0,0
11084,2015,2,2,0,0,0,0,0,0,2,0
11084,2016,1,1,0,0,0,0,0,0,0,0
11090,1995,6,5,1,0,0,0,0,0,1,0
11112,2005,2,2,0,0,0,0,0,0,1,0
11112,2006,2,2,0,0,0,0,0,0,0,0
11112,2007,1,1,0,0,0,0,0,0,0,0
11112,2015,1,1,0,0,0,0,0,0,0,0
11112,2016,1,1,0,0,0,0,0,0,0,0
11127,2015,3,3,0,0,0,0,0,0,0,0
11127,2016,4,3,0,0,0,0,0,1,0,0
11128,2010,1,1,0,0,0,0,0,0,1,0
11128,2011,1,1,0,0,0,0,0,0,1,0
11128,2012,2,2,1,0,0,1,0,0,0,0
11141,2000,2,2,0,0,0,0,0,0,0,0
11141,2001,10,8,5,0,0,2,0,1,0,1
11141,2002,4,4,1,0,0,0,0,0,0,0
11141,2003,8,8,3,0,0,1,0,0,1,0
11142,2016,1,1,0,0,0,0,0,0,1,0
11167,2002,2,0,0,0,0,0,1,1,0,0
11167,2003,1,1,0,0,0,0,0,0,1,0
11167,2004,1,1,0,0,0,0,0,0,1,0
11172,1997,6,6,2,0,0,0,0,0,0,0
11172,1998,3,3,0,0,0,0,0,0,1,0
11172,1999,10,8,4,1,0,2,1,1,1,0
11172,2000,8,5,3,0,0,1,3,0,0,0
11172,2001,3,2,1,0,0,0,1,0,0,0
11172,2002,6,6,3,0,0,3,0,0,0,0
11175,2016,3,3,2,0,0,0,0,0,0,0
11192,2000,2,2,1,1,0,0,0,0,1,0
11192,2001,2,0,0,0,0,0,2,0,0,0
11204,2009,3,3,1,0,0,0,0,0,0,0
11204,2011,1,1,0,0,0,0,0,0,0,0
11204,2012,2,2,2,0,0,0,0,0,0,0
11207,2003,1,1,0,0,0,0,0,0,0,0
11207,2010,1,1,0,0,0,0,0,0,0,0
11217,1997,3,3,1,0,0,1,0,0,1,0
11217,1998,1,0,0,0,0,0,1,0,0,0
11222,2006,2,1,0,0,0,0,1,0,0,0
11222,2007,3,1,1,1,0,0,2,0,0,0
11236,2004,2,2,0,0,0,0,0,0,0,0
11240,2010,6,6,2,1,0,0,0,0,0,0
11240,2012,2,2,1,0,0,0,0,0,0,0
11242,2004,1,1,0,0,0,0,0,0,1,0
11244,2010,4,2,1,0,0,0,1,1,1,0
11244,2011,3,2,1,0,0,1,0,1,1,0
11245,2006,1,1,0,0,0,0,0,0,0,0
11245,2007,4,3,0,0,0,0,1,0,1,0
11245,2008,5,5,1,0,0,1,0,0,2,0
11245,2009,8,7,0,0,0,0,1,0,0,0
11245,2010,2,2,1,1,0,0,0,0,0,0
11247,2000,4,4,1,0,0,0,0,0,1,0
11247,2001,3,3,1,1,0,0,0,0,1,0
11247,2002,3,3,2,0,0,0,0,0,0,0
11247,2003,2,2,2,0,0,0,0,0,0,0
11252,2004,3,2,0,0,0,0,1,0,1,0
11256,1996,9,9,3,0,0,0,0,0,2,0
11268,2007,1,1,1,1,0,0,0,0,0,0
11273,2011,1,1,0,0,0,0,0,0,0,0
11285,1995,1,1,0,0,0,0,0,0,0,0
11285,1996,1,1,0,0,0,0,0,0,1,0
11285,1997,1,1,0,0,0,0,0,0,0,0
11285,1998,3,3,1,0,0,0,0,0,2,0
11285,2005,1,1,1,0,0,0,0,0,0,0
11285,2006,8,8,3,0,0,0,0,0,0,0
11285,2007,5,4,1,0,0,0,1,0,0,0
11285,2008,1,1,0,0,0,0,0,0,0,0
11293,2002,2,2,1,0,0,1,0,0,1,0
11293,2003,2,2,2,0,1,0,0,0,0,0
11295,1996,4,4,1,0,0,0,0,0,2,0
11295,1997,3,3,1,0,0,0,0,0,0,0
11295,1998,1,1,0,0,0,0,0,0,1,0
11295,1999,2,2,0,0,0,0,0,0,1,0
11325,2009,4,4,2,0,0,1,0,0,1,0
11325,2011,1,1,0,0,0,0,0,0,0,0
11325,2012,5,5,0,0,0,0,0,0,3,0
11325,2013,3,3,1,0,0,0,0,0,1,0
11325,2015,3,3,1,0,0,1,0,0,1,0
11326,2015,2,0,0,0,0,0,2,0,0,0
11337,2006,2,2,2,0,0,0,0,0,0,0
11337,2007,5,3,2,0,0,0,1,1,0,0
11337,2008,1,1,0,0,0,0,0,0,1,0
11337,2009,2,2,0,0,0,0,0,0,0,0
11337,2010,2,2,1,0,0,1,0,0,0,0
11342,1996,8,8,3,0,0,1,0,0,0,0
11354,2015,1,1,0,0,0,0,0,0,0,0
11366,1998,1,1,0,0,0,0,0,0,0,0
11371,1997,7,6,1,0,0,0,0,0,0,0
11371,1998,7,7,4,0,1,1,0,0,0,0
11372,2010,4,4,2,0,0,1,0,0,0,0
11398,2010,2,2,1,0,0,0,0,0,0,0
11399,2005,1,1,0,0,0,0,0,0,1,0
11411,2008,3,3,1,1,0,0,0,0,0,0
11424,1997,10,10,2,0,0,1,0,0,1,0
11424,1998,8,7,1,0,0,1,1,0,1,0
11445,2010,1,1,0,0,0,0,0,0,0,0
11445,2011,1,1,0,0,0,0,0,0,1,0
11460,2005,2,1,0,0,0,0,1,0,0,0
11460,2006,1,1,0,0,0,0,0,0,0,0
11460,2007,1,0,0,0,0,0,1,0,0,0
11460,2008,1,1,0,0,0,0,0,0,0,0
11460,2009,2,2,0,0,0,0,0,0,1,0
11460,2012,1,1,1,0,0,0,0,0,0,0
11460,2016,1,1,1,0,0,0,0,0,0,0
11470,2002,3,3,3,0,0,2,0,0,0,0
11470,2003,1,1,0,0,0,0,0,0,0,0
11474,2002,4,4,1,0,0,0,0,0,0,0
11484,2009,3,3,2,0,0,1,0,0,1,0
11484,2010,3,3,1,0,0,0,0,0,0,0
11484,2011,2,1,1,0,0,1,1,0,0,0
11484,2013,3,3,1,0,0,1,0,0,1,0
11484,2015,6,3,1,0,0,1,2,0,1,1
11484,2016,9,9,1,0,0,1,0,0,2,0
11489,1996,1,1,0,0,0,0,0,0,1,0
11489,1997,1,1,1,0,0,1,0,0,0,0
11489,1999,1,1,0,0,0,0,0,0,0,0
11489,2003,3,3,1,1,0,0,0,0,1,0
11489,2004,8,7,2,1,0,0,0,1,2,0
11489,2005,3,2,0,0,0,0,1,0,1,0
11489,2006,3,3,1,1,0,0,0,0,1,0
11489,2007,3,3,0,0,0,0,0,0,1,0
11489,2008,2,2,1,1,0,0,0,0,0,0
11501,2010,2,2,1,1,0,0,0,0,1,0
11506,2003,1,0,0,0,0,0,1,0,0,0
11516,2015,1,0,0,0,0,0,1,0,0,0
11516,2016,2,2,2,0,0,0,0,0,0,0
11522,2001,9,7,3,2,0,1,1,0,0,1
11522,2008,1,1,1,0,0,1,0,0,0,0
11522,2009,2,2,0,0,0,0,0,0,0,0
11522,2011,1,1,0,0,0,0,0,0,0,0
11524,2010,3,3,0,0,0,0,0,0,0,0
11524,2011,6,6,2,1,0,0,0,0,2,0
11524,2015,3,3,1,0,0,1,0,0,1,0
11531,2016,2,1,0,0,0,0,1,0,1,0
11543,2015,1,0,0,0,0,0,1,0,0,0
11558,2007,1,0,0,0,0,0,0,1,0,0
11568,2001,6,6,1,0,0,0,0,0,0,0
11568,2003,3,1,1,0,0,1,1,1,0,0
11568,2004,6,6,0,0,0,0,0,0,2,0
11568,2005,9,8,2,0,0,1,1,0,2,0
11568,2006,2,1,0,0,0,0,1,0,0,0
11568,2007,8,7,2,1,0,1,0,1,0,0
11570,2003,5,4,2,0,0,1,1,0,1,0
11570,2009,2,2,1,0,0,0,0,0,0,0
11577,2000,12,11,2,1,0,0,1,0,0,0
11577,2003,2,2,0,0,0,0,0,0,0,0
11577,2004,6,4,0,0,0,0,1,0,0,1
11577,2006,3,2,1,0,0,0,1,0,0,0
11577,2007,3,3,2,1,0,1,0,0,0,0
11577,2008,3,3,1,1,0,0,0,0,1,0
11590,2015,1,1,0,0,0,0,0,0,1,0
11603,1997,3,3,1,0,0,0,0,0,0,0
11606,1996,3,2,0,0,0,0,0,0,1,1
11606,1997,1,1,0,0,0,0,0,0,0,0
11606,1998,1,1,1,0,0,0,0,0,0,0
11606,1999,1,1,1,0,0,1,0,0,0,0
11606,2000,1,0,0,0,0,0,1,0,0,0
11606,2001,2,1,1,0,0,0,1,0,0,0
11607,2010,1,1,0,0,0,0,0,0,0,0
11627,2011,2,2,0,0,0,0,0,0,0,0
11642,2000,1,1,0,0,0,0,0,0,1,0
11642,2003,2,2,0,0,0,0,0,0,2,0
11663,2009,3,3,1,0,0,0,0,0,0,0
11663,2010,2,2,2,0,0,1,0,0,0,0
11663,2013,1,1,0,0,0,0,0,0,0,0
11663,2015,1,1,0,0,0,0,0,0,0,0
11663,2016,2,2,0,0,0,0,0,0,0,0
11683,1996,2,1,1,1,0,0,1,0,0,0
11684,2001,2,2,0,0,0,0,0,0,1,0
11684,2004,4,3,1,0,0,0,1,0,0,0
11686,2015,3,2,2,0,0,0,1,0,0,0
11710,1998,4,4,0,0,0,0,0,0,0,0
11710,1999,3,2,0,0,0,0,0,1,0,0
11710,2001,6,5,3,0,0,2,0,1,0,0
11724,1994,2,2,1,0,0,0,0,0,0,0
11735,1996,3,2,2,1,0,0,0,0,0,1
11746,2010,2,2,0,0,0,0,0,0,1,0
11746,2011,3,3,2,0,0,0,0,0,0,0
11746,2012,2,0,0,0,0,0,1,1,0,0
11750,2006,2,0,0,0,0,0,2,0,0,0
11756,2010,1,1,0,0,0,0,0,0,1,0
11758,1994,3,3,1,0,0,0,0,0,0,0
11758,1996,3,3,1,0,0,0,0,0,0,0
11761,1997,2,2,1,0,0,0,0,0,0,0
11763,1996,1,1,1,0,0,0,0,0,0,0
11763,1998,3,2,1,0,0,0,1,0,0,0
11773,2009,2,1,0,0,0,0,1,0,1,0
11773,2010,4,3,0,0,0,0,1,0,0,0
11773,2011,2,2,0,0,0,0,0,0,0,0
11773,2013,2,2,0,0,0,0,0,0,0,0
11773,2015,2,1,1,0,0,0,1,0,0,0
11782,2012,1,1,0,0,0,0,0,0,0,0
11782,2015,1,1,1,1,0,0,0,0,0,0
11786,2010,1,0,0,0,0,0,1,0,0,0
11786,2012,3,3,0,0,0,0,0,0,2,0
11801,2006,3,2,0,0,0,0,1,0,1,0
11801,2007,3,3,1,0,0,0,0,0,2,0
11801,2008,2,2,1,0,0,0,0,0,0,0
11822,1999,1,1,0,0,0,0,0,0,0,0
11822,2002,2,2,2,1,1,0,0,0,0,0
11822,2003,1,1,0,0,0,0,0,0,0,0
11826,2012,3,2,1,0,0,1,1,0,0,0
11837,1998,1,1,0,0,0,0,0,0,0,0
11837,1999,1,1,0,0,0,0,0,0,1,0
11838,1996,1,1,1,1,0,0,0,0,0,0
11838,1997,3,3,0,0,0,0,0,0,2,0
11841,2006,3,1,0,0,0,0,2,0,1,0
11841,2007,5,4,1,0,0,0,0,1,0,0
11841,2008,2,2,1,0,0,0,0,0,0,0
11841,2009,3,3,1,0,0,1,0,0,0,0
11841,2010,3,3,0,0,0,0,0,0,0,0
11841,2011,6,5,1,1,0,0,1,0,1,0
11841,2012,7,6,4,0,0,2,1,0,1,0
11841,2013,4,4,2,0,0,1,0,0,0,0
11841,2015,4,4,1,0,0,1,0,0,0,0
11841,2016,3,3,0,0,0,0,0,0,1,0
11861,2004,2,2,0,0,0,0,0,0,1,0
11862,2011,1,1,1,0,0,1,0,0,0,0
11862,2012,2,2,0,0,0,0,0,0,2,0
11863,2011,4,4,0,0,0,0,0,0,1,0
11866,2004,2,2,1,0,0,0,0,0,0,0
11873,2006,1,1,0,0,0,0,0,0,0,0
11873,2008,1,1,1,0,0,0,0,0,0,0
11875,1997,1,1,0,0,0,0,0,0,1,0
11875,1998,1,1,0,0,0,0,0,0,0,0
11875,2002,1,1,0,0,0,0,0,0,1,0
11875,2003,3,2,0,0,0,0,1,0,0,0
11875,2004,3,2,0,0,0,0,0,0,2,1
11875,2005,1,1,0,0,0,0,0,0,0,0
11875,2009,1,1,0,0,0,0,0,0,1,0
11878,2016,1,1,0,0,0,0,0,0,1,0
11895,2001,4,3,1,0,0,0,1,0,1,0
11895,2009,1,1,1,0,0,0,0,0,0,0
11899,2001,1,1,0,0,0,0,0,0,1,0
11899,2005,2,1,0,0,0,0,0,1,0,0
11899,2013,3,3,0,0,0,0,0,0,1,0
11904,2008,3,2,1,0,0,0,1,0,1,0
11904,2015,3,3,1,1,0,0,0,0,0,0
11905,2009,3,3,1,0,0,0,0,0,1,0
11913,2002,3,2,1,0,0,1,0,1,1,0
11927,2004,6,3,2,2,0,0,3,0,0,0
11927,2005,11,10,2,0,0,0,1,0,1,0
11927,2006,2,2,0,0,0,0,0,0,0,0
11929,2002,3,3,0,0,0,0,0,0,2,0
11929,2003,2,2,0,0,0,0,0,0,0,0
11929,2006,2,1,0,0,0,0,1,0,1,0
11929,2007,2,2,1,0,0,0,0,0,0,0
11929,2008,1,1,0,0,0,0,0,0,0,0
11935,2013,2,2,1,0,0,0,0,0,0,0
11949,1996,4,4,0,0,0,0,0,0,2,0
11949,1997,5,5,2,0,0,0,0,0,2,0
11949,1998,5,4,2,0,0,1,1,0,1,0
11949,1999,1,1,0,0,0,0,0,0,1,0
11949,2000,7,7,1,0,0,0,0,0,2,0
11949,2001,6,6,1,0,0,0,0,0,2,0
11949,2003,6,5,3,0,0,0,0,1,0,0
11949,2004,9,8,0,0,0,0,1,0,2,0
11949,2005,19,16,5,0,0,3,2,1,2,0
11949,2006,10,7,2,0,0,1,3,0,3,0
11949,2007,8,5,2,0,0,1,3,0,2,0
11949,2008,9,8,3,1,0,1,1,0,1,0
11949,2009,3,2,0,0,0,0,1,0,0,0
11949,2010,6,6,2,0,0,0,0,0,0,0
11949,2011,7,6,2,0,0,1,1,0,0,0
11952,2011,1,0,0,0,0,0,1,0,0,0
11952,2012,1,1,0,0,0,0,0,0,1,0
11953,2011,1,1,1,0,0,0,0,0,0,0
11965,2003,2,1,0,0,0,0,1,0,0,0
11965,2005,1,1,1,0,0,0,0,0,0,0
11965,2006,2,1,1,0,0,1,1,0,0,0
11965,2007,1,1,0,0,0,0,0,0,0,0
11965,2008,1,1,1,1,0,0,0,0,0,0
11976,2005,8,6,1,0,0,1,2,0,3,0
11976,2006,1,1,0,0,0,0,0,0,0,0
11982,2015,4,3,0,0,0,0,1,0,0,0
11987,1998,1,1,0,0,0,0,0,0,0,0
11987,1999,1,1,0,0,0,0,0,0,0,0
11987,2002,1,1,0,0,0,0,0,0,0,0
11992,2001,1,1,0,0,0,0,0,0,0,0
12028,1998,1,1,0,0,0,0,0,0,0,0
12028,2000,1,1,1,0,0,0,0,0,0,0
12043,1996,2,2,0,0,0,0,0,0,0,0
12053,1996,6,5,1,0,0,0,0,0,1,0
12053,1997,7,7,4,1,0,2,0,0,1,0
12053,1998,5,5,1,0,0,0,0,0,1,0
12053,1999,2,2,1,0,0,1,0,0,0,0
12053,2000,1,1,1,0,0,1,0,0,0,0
12053,2001,1,0,0,0,0,0,0,0,0,1
12053,2005,4,3,0,0,0,0,1,0,3,0
12057,1998,4,4,1,0,0,0,0,0,1,0
12057,1999,1,1,1,0,0,1,0,0,0,0
12057,2000,3,3,1,0,0,0,0,0,1,0
12057,2001,4,3,1,0,0,0,1,0,2,0
12057,2002,9,8,2,0,0,1,1,0,1,0
12057,2003,10,9,3,0,0,2,1,0,0,0
12057,2005,6,5,3,0,0,1,1,0,0,0
12057,2006,3,3,0,0,0,0,0,0,0,0
12057,2007,10,9,2,0,0,1,1,0,1,0
12057,2008,3,2,1,0,0,0,1,0,0,0
12057,2009,3,3,1,0,0,1,0,0,0,0
12067,2008,3,1,0,0,0,0,2,0,0,0
12080,1997,7,7,4,1,1,0,0,0,0,0
12080,1999,1,1,0,0,0,0,0,0,0,0
12080,2000,1,0,0,0,0,0,1,0,0,0
12089,1997,2,1,1,0,0,0,1,0,0,0
12089,2003,1,1,1,0,0,0,0,0,0,0
12091,2000,2,1,0,0,0,0,1,0,0,0
12094,1999,4,4,1,0,0,1,0,0,0,0
12094,2000,6,4,1,0,0,0,0,1,0,1
12094,2001,3,3,1,0,0,0,0,0,1,0
12094,2002,9,8,3,2,0,0,1,0,0,0
12094,2003,3,3,3,1,0,0,0,0,0,0
12094,2004,3,3,0,0,0,0,0,0,1,0
12094,2007,3,3,1,0,0,0,0,0,0,0
12095,2006,3,3,0,0,0,0,0,0,2,0
12095,2007,3,3,1,0,0,1,0,0,1,0
12095,2008,6,5,3,0,0,2,1,0,1,0
12095,2009,7,4,1,0,0,1,3,0,1,0
12095,2011,6,5,1,1,0,0,1,0,2,0
12095,2012,4,4,2,0,0,1,0,0,1,0
12095,2013,3,2,1,1,0,0,1,0,1,0
12095,2015,3,3,2,0,0,0,0,0,1,0
12095,2016,3,3,2,0,0,0,0,0,0,0
12099,2004,3,2,0,0,0,0,1,0,0,0
12099,2007,3,3,0,0,0,0,0,0,1,0
12102,2004,2,2,0,0,0,0,0,0,1,0
12105,2015,2,2,0,0,0,0,0,0,0,0
12107,2000,1,1,0,0,0,0,0,0,0,0
12107,2001,7,6,2,2,0,0,1,0,1,0
12107,2002,6,5,0,0,0,0,1,0,4,0
12107,2003,6,6,2,0,0,1,0,0,1,0
12107,2004,2,2,2,1,0,0,0,0,0,0
12110,2013,1,0,0,0,0,0,1,0,0,0
12122,1995,1,1,1,0,0,0,0,0,0,0
12141,1999,4,3,1,0,0,0,1,0,0,0
12141,2000,5,5,1,0,0,0,0,0,0,0
12141,2001,2,2,0,0,0,0,0,0,0,0
12141,2002,2,2,1,0,0,0,0,0,1,0
12143,1994,3,3,1,0,0,0,0,0,1,0
12143,1996,4,3,2,1,0,1,1,0,0,0
12143,1997,11,11,3,1,0,0,0,0,3,0
12143,1998,11,10,5,1,0,3,1,0,3,0
12143,1999,7,7,2,0,0,0,0,0,1,0
12143,2000,1,1,1,0,0,0,0,0,0,0
12143,2001,7,7,2,1,0,0,0,0,1,0
12143,2002,3,3,1,0,0,1,0,0,0,0
12143,2003,8,8,2,0,0,2,0,0,2,0
12143,2004,3,3,1,0,0,0,0,0,0,0
12143,2005,16,15,4,1,0,1,1,0,4,0
12143,2006,3,3,1,0,0,0,0,0,0,0
12146,2001,3,3,0,0,0,0,0,0,1,0
12146,2002,4,4,0,0,0,0,0,0,1,0
12146,2005,3,2,0,0,0,0,0,1,0,0
12147,2011,3,2,1,0,0,0,1,0,0,0
12149,2006,1,1,0,0,0,0,0,0,1,0
12157,1995,1,1,0,0,0,0,0,0,0,0
12157,1996,8,8,2,2,0,0,0,0,0,0
12157,1997,2,2,0,0,0,0,0,0,0,0
12172,2002,3,2,1,0,0,0,1,0,0,0
12172,2003,6,6,2,0,0,0,0,0,1,0
12172,2004,6,6,1,0,0,0,0,0,2,0
12172,2005,3,2,0,0,0,0,1,0,1,0
12172,2006,3,3,2,1,0,0,0,0,0,0
12172,2007,5,5,3,0,0,1,0,0,0,0
12172,2010,3,3,0,0,0,0,0,0,1,0
12179,1996,1,1,0,0,0,0,0,0,1,0
12179,1998,2,2,0,0,0,0,0,0,1,0
12179,1999,1,0,0,0,0,0,0,0,0,1
12179,2000,1,1,0,0,0,0,0,0,1,0
12182,2001,1,1,0,0,0,0,0,0,1,0
12182,2004,3,3,1,0,0,0,0,0,0,0
12182,2009,3,3,0,0,0,0,0,0,0,0
12182,2010,1,1,0,0,0,0,0,0,1,0
12192,1997,1,0,0,0,0,0,1,0,0,0
12192,1998,2,2,1,1,0,0,0,0,1,0
12192,1999,1,1,0,0,0,0,0,0,1,0
12216,2000,1,1,1,0,0,0,0,0,0,0
12216,2002,1,1,0,0,0,0,0,0,1,0
12225,1996,4,4,1,0,0,0,0,0,2,0
12225,1997,3,3,1,1,0,0,0,0,0,0
12225,2000,1,0,0,0,0,0,1,0,0,0
12225,2005,2,1,0,0,0,0,1,0,1,0
12232,1998,2,1,0,0,0,0,0,1,0,0
12232,1999,2,1,0,0,0,0,1,0,0,0
12232,2000,4,4,1,0,0,0,0,0,1,0
12232,2004,1,1,0,0,0,0,0,0,0,0
12232,2005,1,1,1,0,0,0,0,0,0,0
12235,2007,1,0,0,0,0,0,0,1,0,0
12235,2009,2,2,1,0,0,0,0,0,0,0
12242,1994,1,1,0,0,0,0,0,0,0,0
12242,1996,4,4,2,0,0,0,0,0,1,0
12242,1997,1,0,0,0,0,0,0,0,0,0
12242,2000,1,1,0,0,0,0,0,0,0,0
12242,2001,1,1,1,0,0,0,0,0,0,0
12242,2002,2,1,0,0,0,0,1,0,0,0
12242,2004,2,2,0,0,0,0,0,0,0,0
12242,2005,3,3,2,0,0,1,0,0,0,0
12271,2012,1,1,0,0,0,0,0,0,1,0
12271,2015,1,1,0,0,0,0,0,0,0,0
12288,1996,3,3,1,0,0,0,0,0,0,0
12303,2006,4,3,0,0,0,0,1,0,1,0
12303,2010,2,0,0,0,0,0,2,0,0,0
12321,2012,5,5,2,1,0,0,0,0,0,0
12334,1994,1,1,0,0,0,0,0,0,0,0
12346,2009,2,1,0,0,0,0,1,0,0,0
12350,1996,3,2,2,1,0,0,1,0,0,0
12351,2002,1,1,0,0,0,0,0,0,1,0
12351,2004,2,2,0,0,0,0,0,0,0,0
12353,2005,4,4,1,0,0,0,0,0,0,0
12353,2006,1,1,0,0,0,0,0,0,0,0
12358,1997,9,9,2,1,0,0,0,0,3,0
12358,1998,3,3,0,0,0,0,0,0,1,0
12358,1999,6,5,3,0,0,1,1,0,0,0
12358,2001,3,3,0,0,0,0,0,0,0,0
12361,2015,1,0,0,0,0,0,1,0,0,0
12361,2016,1,1,0,0,0,0,0,0,0,0
12369,2005,2,2,0,0,0,0,0,0,0,0
12369,2006,3,2,0,0,0,0,1,0,1,0
12369,2007,2,2,0,0,0,0,0,0,0,0
12369,2008,2,1,0,0,0,0,0,1,0,0
12369,2009,2,2,0,0,0,0,0,0,2,0
12369,2010,8,4,1,1,0,0,3,1,0,0
12369,2012,6,6,0,0,0,0,0,0,1,0
12369,2013,3,3,2,0,0,0,0,0,0,0
12369,2015,6,4,1,0,0,0,1,1,1,0
12385,2000,1,1,0,0,0,0,0,0,1,0
12385,2001,6,4,2,0,0,1,1,1,1,0
12385,2002,1,1,0,0,0,0,0,0,0,0
12385,2003,1,1,0,0,0,0,0,0,0,0
12391,2002,6,5,3,1,0,1,1,0,0,0
12399,2015,2,2,0,0,0,0,0,0,1,0
12399,2016,2,2,1,0,0,0,0,0,1,0
12433,2001,10,10,5,1,0,1,0,0,3,0
12433,2002,1,1,1,0,0,0,0,0,0,0
12433,2005,1,1,0,0,0,0,0,0,1,0
12437,1997,1,1,0,0,0,0,0,0,1,0
12437,1998,4,4,1,0,0,1,0,0,1,0
12437,1999,9,6,1,0,0,0,2,0,3,1
12437,2000,5,4,2,0,0,0,1,0,1,0
12437,2001,2,2,0,0,0,0,0,0,1,0
12437,2005,1,1,1,0,0,0,0,0,0,0
12437,2006,2,2,1,0,0,0,0,0,0,0
12437,2007,1,1,1,0,0,1,0,0,0,0
12442,1996,12,11,4,1,0,0,1,0,3,0
12442,1997,4,3,1,0,0,0,1,0,0,0
12442,2000,1,0,0,0,0,0,1,0,0,0
12450,2001,3,3,1,0,0,0,0,0,0,0
12450,2002,1,1,1,1,0,0,0,0,0,0
12453,1995,3,3,1,0,0,1,0,0,0,0
12453,1997,3,3,0,0,0,0,0,0,0,0
12456,2007,3,3,1,0,0,0,0,0,0,0
12456,2008,1,1,0,0,0,0,0,0,1,0
12456,2009,1,1,0,0,0,0,0,0,1,0
12460,2008,3,3,1,0,0,1,0,0,1,0
12460,2012,1,1,1,1,0,0,0,0,0,0
12476,2010,2,1,1,1,0,0,0,1,0,0
12476,2011,2,2,1,0,0,1,0,0,1,0
12486,2005,1,1,0,0,0,0,0,0,0,0
12494,2005,5,3,1,0,0,1,1,1,0,0
12494,2006,2,1,0,0,0,0,1,0,0,0
12494,2007,6,4,1,0,0,1,0,2,1,0
12497,1997,5,5,2,0,0,0,0,0,1,0
12497,2000,3,2,2,1,0,0,0,1,0,0
12497,2001,3,3,1,0,0,0,0,0,0,0
12497,2003,1,1,1,0,0,0,0,0,0,0
12502,2011,3,3,1,0,0,0,0,0,1,0
12508,2013,2,2,1,0,0,0,0,0,1,0
12510,2016,3,3,1,0,0,0,0,0,0,0
12512,1997,1,1,1,0,0,0,0,0,0,0
12513,1998,5,5,2,0,0,1,0,0,1,0
12522,2002,4,4,1,0,0,0,0,0,1,0
12522,2003,2,2,1,0,0,0,0,0,1,0
12522,2004,3,3,0,0,0,0,0,0,1,0
12526,1997,4,4,1,0,0,0,0,0,0,0
12526,2008,2,2,1,0,0,1,0,0,1,0
12526,2009,1,1,0,0,0,0,0,0,1,0
12526,2010,1,1,1,1,0,0,0,0,0,0
12526,2013,1,1,1,0,0,0,0,0,0,0
12527,1998,10,8,2,0,0,1,2,0,0,0
12527,1999,3,2,1,1,0,0,1,0,0,0
12527,2000,3,3,1,0,0,1,0,0,0,0
12532,2015,3,2,0,0,0,0,1,0,0,0
12536,2015,3,3,0,0,0,0,0,0,1,0
12536,2016,2,2,1,0,0,0,0,0,0,0
12537,2008,2,2,2,0,0,1,0,0,0,0
12540,2005,2,1,0,0,0,0,1,0,1,0
12540,2009,1,1,0,0,0,0,0,0,0,0
12540,2010,2,2,0,0,0,0,0,0,0,0
12541,2003,3,2,0,0,0,0,1,0,0,0
12550,2005,2,2,0,0,0,0,0,0,0,0
12551,2008,2,2,1,0,0,0,0,0,0,0
12557,1998,3,3,0,0,0,0,0,0,2,0
12557,1999,2,1,1,0,0,1,0,1,0,0
12557,2000,6,6,3,2,0,1,0,0,3,0
12557,2001,1,1,0,0,0,0,0,0,0,0
12557,2002,2,2,1,0,0,1,0,0,1,0
12557,2004,1,1,1,0,0,0,0,0,0,0
12557,2005,1,1,0,0,0,0,0,0,1,0
12557,2006,2,2,1,0,0,0,0,0,0,0
12568,2008,1,1,0,0,0,0,0,0,0,0
12578,2016,1,1,0,0,0,0,0,0,1,0
12584,2000,3,3,2,0,0,1,0,0,0,0
12597,2005,5,4,1,0,0,0,1,0,2,0
12597,2012,3,3,0,0,0,0,0,0,0,0
12597,2015,6,6,2,1,0,1,0,0,2,0
12633,2002,1,1,0,0,0,0,0,0,0,0
12633,2005,4,4,3,1,0,0,0,0,1,0
12635,2001,2,1,0,0,0,0,1,0,0,0
12635,2002,6,6,0,0,0,0,0,0,3,0
12635,2003,3,2,0,0,0,0,1,0,1,0
12635,2004,16,12,3,2,0,1,2,2,6,0
12635,2005,3,0,0,0,0,0,3,0,0,0
12635,2007,2,1,0,0,0,0,1,0,1,0
12656,2008,1,1,0,0,0,0,0,0,1,0
12656,2009,2,1,0,0,0,0,1,0,1,0
12656,2010,1,1,0,0,0,0,0,0,1,0
12656,2011,1,1,1,0,0,0,0,0,0,0
12656,2016,2,2,0,0,0,0,0,0,0,0
12661,2000,3,3,0,0,0,0,0,0,0,0
12671,2001,19,17,4,0,0,2,2,0,6,0
12671,2002,12,11,1,0,0,0,1,0,3,0
12671,2003,19,15,3,2,0,0,4,0,5,0
12671,2004,10,10,2,0,0,1,0,0,3,0
12671,2005,6,6,2,0,0,0,0,0,0,0
12671,2006,9,7,2,0,0,2,2,0,2,0
12679,2006,2,2,0,0,0,0,0,0,0,0
12679,2007,1,1,0,0,0,0,0,0,1,0
12679,2009,1,1,0,0,0,0,0,0,0,0
12679,2010,2,2,1,0,0,0,0,0,0,0
