5,2012,1,1,0,0,0,0,0,0,1,0
5,2013,1,1,0,0,0,0,0,0,0,0
5,2014,3,3,1,0,0,0,0,0,0,0
5,2015,2,2,0,0,0,0,0,0,2,0
5,2021,1,1,0,0,0,0,0,0,0,0
6,2025,9,8,2,0,0,0,1,0,2,0
7,2022,2,2,0,0,0,0,0,0,1,0
21,2022,1,1,1,0,0,1,0,0,0,0
23,2019,1,1,0,0,0,0,0,0,0,0
23,2022,2,2,1,1,0,0,0,0,0,0
23,2024,4,2,1,0,0,0,2,0,0,0
30,2011,1,1,0,0,0,0,0,0,0,0
31,2012,3,1,0,0,0,0,1,0,1,1
31,2013,4,3,0,0,0,0,1,0,1,0
32,2021,1,1,0,0,0,0,0,0,0,0
32,2022,3,3,0,0,0,0,0,0,1,0
35,2014,1,1,0,0,0,0,0,0,0,0
35,2015,2,1,0,0,0,0,1,0,0,0
48,2019,1,1,0,0,0,0,0,0,1,0
49,2023,1,1,0,0,0,0,0,0,1,0
49,2024,1,1,0,0,0,0,0,0,0,0
52,2019,3,3,2,1,0,1,0,0,0,0
52,2020,1,1,1,0,0,0,0,0,0,0
57,2023,1,1,1,1,0,0,0,0,0,0
57,2025,1,1,0,0,0,0,0,0,0,0
60,2011,3,2,0,0,0,0,1,0,0,0
60,2012,2,2,0,0,0,0,0,0,1,0
73,2011,1,0,0,0,0,0,1,0,0,0
73,2012,2,2,0,0,0,0,0,0,2,0
73,2014,1,1,0,0,0,0,0,0,0,0
73,2015,1,0,0,0,0,0,1,0,0,0
82,2016,2,2,1,0,0,1,0,0,1,0
82,2017,3,2,1,0,0,1,1,0,1,0
86,2011,2,1,0,0,0,0,1,0,1,0
86,2014,1,1,0,0,0,0,0,0,1,0
96,2024,3,3,1,0,0,0,0,0,0,0
107,2021,3,3,0,0,0,0,0,0,0,0
107,2022,1,1,0,0,0,0,0,0,0,0
107,2024,1,1,1,0,0,0,0,0,0,0
112,2013,6,6,0,0,0,0,0,0,0,0
112,2015,1,1,0,0,0,0,0,0,0,0
112,2016,2,0,0,0,0,0,2,0,0,0
116,2012,1,1,0,0,0,0,0,0,0,0
116,2015,1,1,0,0,0,0,0,0,0,0
116,2016,2,2,0,0,0,0,0,0,1,0
116,2018,1,0,0,0,0,0,1,0,0,0
118,2011,3,2,0,0,0,0,1,0,2,0
118,2013,2,2,1,0,0,0,0,0,1,0
118,2014,4,4,0,0,0,0,0,0,1,0
118,2015,3,0,0,0,0,0,3,0,0,0
122,2020,1,0,0,0,0,0,1,0,0,0
122,2021,3,2,0,0,0,0,1,0,1,0
126,2018,3,2,1,1,0,0,1,0,0,0
126,2019,6,6,2,0,0,1,0,0,1,0
129,2019,5,4,1,0,0,0,1,0,0,0
144,2015,1,0,0,0,0,0,1,0,0,0
144,2016,3,3,2,0,1,0,0,0,0,0
144,2017,1,0,0,0,0,0,1,0,0,0
144,2018,3,3,2,1,1,0,0,0,0,0
144,2023,1,1,0,0,0,0,0,0,0,0
144,2024,1,1,1,0,0,0,0,0,0,0
145,2020,2,2,1,0,0,0,0,0,0,0
145,2021,2,1,0,0,0,0,1,0,0,0
145,2022,5,5,1,0,0,0,0,0,0,0
145,2023,1,1,1,1,0,0,0,0,0,0
145,2024,2,2,1,0,0,1,0,0,0,0
145,2025,1,1,1,0,0,1,0,0,0,0
155,2021,1,1,0,0,0,0,0,0,0,0
173,2021,8,7,1,0,0,0,1,0,0,0
173,2022,1,1,0,0,0,0,0,0,0,0
174,2023,2,2,0,0,0,0,0,0,0,0
174,2024,2,2,0,0,0,0,0,0,1,0
193,2017,1,1,1,0,0,0,0,0,0,0
194,2023,2,1,1,0,0,0,1,0,0,0
207,2017,1,1,0,0,0,0,0,0,1,0
207,2025,2,2,0,0,0,0,0,0,1,0
217,2025,2,2,0,0,0,0,0,0,0,0
219,2016,1,1,1,0,0,0,0,0,0,0
219,2017,2,1,1,0,0,0,1,0,0,0
228,2013,2,2,0,0,0,0,0,0,1,0
228,2015,2,2,1,0,0,0,0,0,0,0
228,2016,1,1,0,0,0,0,0,0,0,0
228,2017,1,1,0,0,0,0,0,0,0,0
229,2017,1,1,0,0,0,0,0,0,0,0
229,2018,1,1,1,0,0,0,0,0,0,0
229,2019,2,1,0,0,0,0,1,0,0,0
229,2023,1,0,0,0,0,0,1,0,0,0
243,2023,3,3,0,0,0,0,0,0,1,0
253,2013,2,1,0,0,0,0,1,0,1,0
263,2012,3,2,0,0,0,0,1,0,0,0
263,2019,3,3,1,0,0,0,0,0,0,0
263,2020,3,3,2,1,0,0,0,0,0,0
263,2021,3,3,1,0,0,0,0,0,0,0
268,2014,3,2,0,0,0,0,1,0,2,0
268,2018,3,1,0,0,0,0,2,0,0,0
268,2023,1,1,0,0,0,0,0,0,0,0
268,2024,1,1,0,0,0,0,0,0,0,0
273,2020,1,0,0,0,0,0,1,0,0,0
273,2026,1,1,0,0,0,0,0,0,1,0
276,2023,2,1,0,0,0,0,1,0,0,0
278,2025,1,1,1,0,0,0,0,0,0,0
283,2019,1,0,0,0,0,0,1,0,0,0
283,2024,2,1,0,0,0,0,0,1,0,0
293,2019,2,2,0,0,0,0,0,0,2,0
293,2024,1,1,0,0,0,0,0,0,0,0
297,2021,3,2,1,0,0,0,1,0,1,0
299,2018,3,3,1,0,0,0,0,0,0,0
299,2021,3,3,1,0,0,0,0,0,0,0
299,2023,3,3,1,0,0,0,0,0,0,0
299,2025,3,2,0,0,0,0,1,0,2,0
309,2016,1,1,1,0,0,0,0,0,0,0
309,2018,1,1,0,0,0,0,0,0,1,0
309,2021,4,4,1,0,0,0,0,0,0,0
326,2020,2,1,0,0,0,0,1,0,1,0
340,2016,1,0,0,0,0,0,1,0,0,0
343,2013,2,2,0,0,0,0,0,0,1,0
343,2014,6,4,3,1,0,0,2,0,1,0
343,2016,6,5,1,1,0,0,1,0,1,0
343,2017,6,5,2,0,0,0,1,0,1,0
343,2018,3,2,1,0,0,0,1,0,0,0
343,2022,2,2,0,0,0,0,0,0,1,0
359,2021,2,2,0,0,0,0,0,0,1,0
369,2019,1,1,1,0,0,0,0,0,0,0
369,2024,1,1,0,0,0,0,0,0,1,0
376,2015,1,1,0,0,0,0,0,0,1,0
382,2011,3,2,0,0,0,0,1,0,1,0
382,2015,3,1,1,0,0,1,2,0,0,0
383,2024,3,3,1,0,0,0,0,0,1,0
384,2010,3,3,1,0,0,0,0,0,0,0
384,2011,3,3,2,0,0,1,0,0,0,0
384,2012,2,2,0,0,0,0,0,0,0,0
384,2013,3,2,1,0,0,0,1,0,0,0
401,2023,5,5,0,0,0,0,0,0,0,0
402,2017,1,1,0,0,0,0,0,0,0,0
408,2023,1,1,0,0,0,0,0,0,1,0
408,2024,2,2,1,0,0,0,0,0,0,0
417,2012,1,1,0,0,0,0,0,0,1,0
417,2013,1,1,0,0,0,0,0,0,0,0
419,2010,3,2,0,0,0,0,1,0,0,0
422,2011,2,2,1,0,0,1,0,0,1,0
432,2013,3,2,2,0,0,0,1,0,0,0
449,2013,2,2,0,0,0,0,0,0,0,0
449,2017,1,1,0,0,0,0,0,0,0,0
449,2019,2,2,1,0,0,1,0,0,0,0
453,2023,3,1,0,0,0,0,2,0,0,0
453,2024,3,3,1,0,0,0,0,0,1,0
455,2011,3,2,1,0,0,0,1,0,0,0
455,2013,13,13,4,1,0,1,0,0,3,0
459,2012,1,1,1,0,0,1,0,0,0,0
470,2024,1,1,0,0,0,0,0,0,0,0
479,2012,1,1,1,0,0,0,0,0,0,0
479,2014,1,1,0,0,0,0,0,0,1,0
479,2015,1,1,0,0,0,0,0,0,0,0
490,2017,1,1,0,0,0,0,0,0,0,0
490,2018,2,1,0,0,0,0,1,0,1,0
494,2011,1,1,0,0,0,0,0,0,0,0
500,2011,6,6,1,1,0,0,0,0,3,0
500,2013,2,2,1,0,0,0,0,0,1,0
500,2014,3,2,0,0,0,0,1,0,1,0
500,2018,3,3,0,0,0,0,0,0,1,0
500,2019,6,5,2,1,0,0,1,0,1,0
513,2022,3,1,0,0,0,0,2,0,0,0
513,2025,1,1,0,0,0,0,0,0,0,0
528,2010,3,2,2,1,0,0,1,0,0,0
528,2011,3,3,0,0,0,0,0,0,1,0
528,2014,3,3,0,0,0,0,0,0,2,0
550,2010,1,1,0,0,0,0,0,0,0,0
550,2011,1,1,0,0,0,0,0,0,1,0
550,2012,1,0,0,0,0,0,1,0,0,0
550,2013,1,0,0,0,0,0,1,0,0,0
550,2014,1,0,0,0,0,0,1,0,0,0
557,2022,1,1,1,0,0,0,0,0,0,0
570,2022,1,1,0,0,0,0,0,0,0,0
579,2019,10,9,3,0,0,0,1,0,0,0
592,2011,2,1,0,0,0,0,1,0,0,0
592,2012,3,3,1,0,0,0,0,0,0,0
592,2022,1,1,0,0,0,0,0,0,1,0
592,2023,1,0,0,0,0,0,1,0,0,0
594,2019,2,2,1,0,0,0,0,0,0,0
612,2022,1,1,0,0,0,0,0,0,1,0
614,2019,3,3,2,0,0,1,0,0,0,0
614,2020,3,2,0,0,0,0,1,0,0,0
614,2023,1,1,1,1,0,0,0,0,0,0
614,2024,2,2,0,0,0,0,0,0,1,0
620,2021,2,2,2,0,0,0,0,0,0,0
621,2016,1,1,1,0,0,1,0,0,0,0
622,2017,2,2,1,1,0,0,0,0,1,0
626,2018,2,2,1,0,0,0,0,0,1,0
626,2022,1,1,0,0,0,0,0,0,0,0
626,2023,1,1,0,0,0,0,0,0,0,0
629,2015,4,3,2,0,0,1,1,0,1,0
629,2019,2,1,0,0,0,0,1,0,1,0
629,2021,2,2,0,0,0,0,0,0,1,0
635,2016,1,1,0,0,0,0,0,0,0,0
635,2017,1,1,0,0,0,0,0,0,1,0
647,2019,2,2,0,0,0,0,0,0,0,0
647,2022,3,3,0,0,0,0,0,0,0,0
652,2016,1,0,0,0,0,0,1,0,0,0
652,2018,2,2,1,0,0,0,0,0,0,0
652,2021,1,1,1,0,0,0,0,0,0,0
679,2018,4,3,2,1,0,0,1,0,0,0
679,2020,1,1,0,0,0,0,0,0,1,0
680,2015,3,2,0,0,0,0,1,0,0,0
682,2024,1,1,1,0,0,1,0,0,0,0
683,2015,6,5,2,1,0,1,1,0,1,0
683,2019,2,1,1,0,0,1,1,0,0,0
683,2021,3,3,0,0,0,0,0,0,0,0
683,2023,3,2,0,0,0,0,1,0,1,0
683,2025,3,3,2,0,0,1,0,0,0,0
687,2013,1,0,0,0,0,0,1,0,0,0
716,2021,2,2,0,0,0,0,0,0,0,0
716,2023,1,1,0,0,0,0,0,0,0,0
721,2023,1,1,0,0,0,0,0,0,1,0
721,2025,1,1,1,0,0,0,0,0,0,0
731,2024,1,1,0,0,0,0,0,0,1,0
731,2025,1,1,0,0,0,0,0,0,0,0
754,2011,3,2,0,0,0,0,1,0,0,0
758,2016,2,2,0,0,0,0,0,0,0,0
758,2017,4,3,1,0,0,1,1,0,0,0
762,2011,9,7,0,0,0,0,1,0,3,1
762,2012,2,2,0,0,0,0,0,0,1,0
769,2023,1,1,0,0,0,0,0,0,1,0
771,2011,5,5,2,0,0,0,0,0,1,0
771,2013,5,5,2,2,0,0,0,0,1,0
771,2014,3,3,0,0,0,0,0,0,1,0
773,2021,1,0,0,0,0,0,1,0,0,0
773,2023,1,1,1,0,0,0,0,0,0,0
773,2024,1,1,0,0,0,0,0,0,0,0
773,2025,1,1,0,0,0,0,0,0,0,0
774,2014,1,0,0,0,0,0,1,0,0,0
774,2016,2,2,0,0,0,0,0,0,0,0
774,2017,3,3,1,0,0,0,0,0,1,0
774,2019,1,1,1,0,0,1,0,0,0,0
777,2024,1,1,0,0,0,0,0,0,1,0
778,2019,3,3,2,1,0,0,0,0,0,0
778,2023,1,1,0,0,0,0,0,0,0,0
783,2025,1,1,0,0,0,0,0,0,0,0
786,2014,1,1,0,0,0,0,0,0,1,0
786,2015,2,1,0,0,0,0,1,0,0,0
793,2014,1,1,1,0,0,0,0,0,0,0
793,2017,1,1,1,0,0,0,0,0,0,0
794,2011,1,1,0,0,0,0,0,0,0,0
794,2015,1,1,0,0,0,0,0,0,1,0
794,2017,2,2,0,0,0,0,0,0,1,0
795,2014,2,1,0,0,0,0,1,0,0,0
795,2015,1,0,0,0,0,0,1,0,0,0
799,2023,1,1,0,0,0,0,0,0,0,0
801,2025,3,2,0,0,0,0,1,0,1,0
804,2017,5,5,1,1,0,0,0,0,0,0
829,2024,2,1,0,0,0,0,1,0,1,0
831,2011,2,1,0,0,0,0,1,0,0,0
831,2012,2,2,1,0,0,0,0,0,0,0
838,2010,2,2,1,0,0,1,0,0,0,0
844,2024,1,0,0,0,0,0,1,0,0,0
844,2025,1,0,0,0,0,0,1,0,0,0
853,2021,1,1,1,0,0,0,0,0,0,0
861,2010,2,2,0,0,0,0,0,0,1,0
861,2011,5,5,1,0,0,1,0,0,2,0
861,2012,5,4,0,0,0,0,1,0,1,0
861,2013,6,5,1,1,0,0,1,0,1,0
861,2016,2,2,0,0,0,0,0,0,0,0
875,2011,2,2,1,0,0,1,0,0,0,0
887,2011,1,1,0,0,0,0,0,0,1,0
904,2016,8,6,3,0,0,1,2,0,1,0
904,2017,3,3,1,0,1,0,0,0,1,0
904,2019,12,8,2,1,0,0,4,0,1,0
904,2020,5,3,0,0,0,0,2,0,3,0
904,2021,9,8,2,0,0,0,1,0,0,0
904,2023,3,3,0,0,0,0,0,0,1,0
904,2024,2,2,0,0,0,0,0,0,1,0
919,2014,3,3,1,0,0,0,0,0,2,0
919,2015,2,2,0,0,0,0,0,0,0,0
919,2016,3,3,0,0,0,0,0,0,2,0
927,2018,2,1,0,0,0,0,1,0,0,0
934,2016,3,2,0,0,0,0,1,0,0,0
934,2019,1,1,1,0,0,1,0,0,0,0
940,2024,8,8,0,0,0,0,0,0,2,0
944,2018,1,0,0,0,0,0,1,0,0,0
944,2019,2,1,0,0,0,0,1,0,0,0
946,2024,2,2,0,0,0,0,0,0,0,0
946,2025,1,1,0,0,0,0,0,0,0,0
946,2026,2,2,0,0,0,0,0,0,1,0
947,2021,7,7,1,0,0,0,0,0,3,0
947,2022,5,5,2,0,0,0,0,0,1,0
956,2024,1,1,0,0,0,0,0,0,0,0
967,2024,2,0,0,0,0,0,2,0,0,0
968,2023,2,2,0,0,0,0,0,0,0,0
985,2011,3,3,0,0,0,0,0,0,1,0
986,2017,3,3,1,0,0,0,0,0,1,0
986,2022,3,3,1,0,0,0,0,0,1,0
988,2012,3,3,1,0,0,0,0,0,0,0
988,2013,1,1,0,0,0,0,0,0,0,0
989,2017,1,1,0,0,0,0,0,0,0,0
989,2018,2,2,1,0,0,1,0,0,0,0
989,2023,4,4,3,0,0,0,0,0,0,0
1000,2025,3,3,2,0,0,0,0,0,0,0
1009,2010,3,3,0,0,0,0,0,0,1,0
1009,2013,1,1,0,0,0,0,0,0,0,0
1009,2015,1,1,0,0,0,0,0,0,1,0
1027,2015,1,0,0,0,0,0,1,0,0,0
1032,2016,1,1,0,0,0,0,0,0,1,0
1032,2017,4,3,2,0,0,0,1,0,0,0
1032,2019,3,3,1,1,0,0,0,0,0,0
1032,2023,1,1,0,0,0,0,0,0,0,0
1035,2010,1,1,0,0,0,0,0,0,1,0
1035,2011,1,1,0,0,0,0,0,0,1,0
1035,2012,3,2,1,0,0,0,1,0,0,0
1035,2018,4,2,1,0,0,0,2,0,0,0
1081,2020,1,0,0,0,0,0,1,0,0,0
1087,2017,3,3,0,0,0,0,0,0,1,0
1088,2023,1,1,0,0,0,0,0,0,0,0
1095,2013,1,1,0,0,0,0,0,0,0,0
1102,2010,2,1,0,0,0,0,1,0,1,0
1106,2017,3,3,3,2,0,1,0,0,0,0
1119,2024,1,1,0,0,0,0,0,0,0,0
1140,2018,3,2,0,0,0,0,1,0,0,0
1140,2019,3,3,1,1,0,0,0,0,0,0
1145,2016,2,1,1,0,0,0,1,0,0,0
1145,2017,5,4,3,0,0,0,1,0,0,0
1193,2025,1,1,0,0,0,0,0,0,0,0
1197,2018,1,0,0,0,0,0,1,0,0,0
1197,2019,2,1,0,0,0,0,1,0,1,0
1197,2024,1,1,0,0,0,0,0,0,0,0
1197,2025,1,1,0,0,0,0,0,0,0,0
1200,2014,1,0,0,0,0,0,1,0,0,0
1200,2015,3,3,1,0,0,0,0,0,1,0
1200,2018,1,0,0,0,0,0,1,0,0,0
1204,2016,2,2,0,0,0,0,0,0,0,0
1204,2017,11,11,1,1,0,0,0,0,1,0
1204,2019,9,8,3,2,0,1,1,0,0,0
1204,2020,5,5,1,0,0,0,0,0,0,0
1204,2021,11,9,5,0,0,0,1,1,0,0
1204,2024,2,2,0,0,0,0,0,0,2,0
1204,2025,3,3,2,1,0,0,0,0,0,0
1206,2015,3,3,0,0,0,0,0,0,0,0
1214,2014,2,2,1,0,0,1,0,0,1,0
1214,2015,1,1,1,1,0,0,0,0,0,0
1214,2016,2,2,0,0,0,0,0,0,1,0
1214,2017,1,1,0,0,0,0,0,0,0,0
1214,2018,1,1,0,0,0,0,0,0,1,0
1214,2019,1,0,0,0,0,0,1,0,0,0
1214,2021,1,1,0,0,0,0,0,0,1,0
1216,2017,1,1,0,0,0,0,0,0,0,0
1223,2024,3,3,0,0,0,0,0,0,1,0
1229,2023,3,3,0,0,0,0,0,0,0,0
1238,2024,6,5,2,0,0,0,1,0,1,0
1257,2022,2,1,0,0,0,0,1,0,1,0
1258,2018,1,1,0,0,0,0,0,0,0,0
1258,2023,1,1,0,0,0,0,0,0,0,0
1263,2018,4,2,0,0,0,0,1,1,0,0
1263,2020,2,2,0,0,0,0,0,0,0,0
1265,2011,2,1,0,0,0,0,1,0,0,0
1269,2023,1,1,0,0,0,0,0,0,0,0
1270,2011,1,1,0,0,0,0,0,0,1,0
1274,2018,1,1,0,0,0,0,0,0,0,0
1274,2024,5,4,0,0,0,0,1,0,1,0
1274,2025,1,1,0,0,0,0,0,0,1,0
1289,2010,2,2,0,0,0,0,0,0,2,0
1289,2011,1,1,0,0,0,0,0,0,0,0
1289,2012,1,1,1,1,0,0,0,0,0,0
1289,2013,2,1,0,0,0,0,1,0,0,0
1289,2015,2,2,1,0,0,1,0,0,0,0
1289,2017,2,2,1,0,0,0,0,0,0,0
1296,2019,1,0,0,0,0,0,1,0,0,0
1303,2016,1,1,0,0,0,0,0,0,0,0
1303,2018,2,2,0,0,0,0,0,0,0,0
1309,2017,3,3,0,0,0,0,0,0,0,0
1311,2024,1,0,0,0,0,0,1,0,0,0
1311,2025,1,1,0,0,0,0,0,0,0,0
1333,2023,1,1,0,0,0,0,0,0,1,0
1337,2012,3,3,2,1,0,0,0,0,1,0
1337,2013,5,5,1,1,0,0,0,0,2,0
1337,2014,2,1,0,0,0,0,1,0,1,0
1337,2016,2,2,0,0,0,0,0,0,1,0
1337,2019,1,0,0,0,0,0,1,0,0,0
1337,2021,2,2,1,0,0,1,0,0,0,0
1355,2015,3,3,0,0,0,0,0,0,1,0
1355,2019,2,2,0,0,0,0,0,0,0,0
1368,2011,2,1,1,0,0,0,1,0,0,0
1368,2021,1,1,1,0,0,0,0,0,0,0
1394,2024,5,5,2,0,0,0,0,0,1,0
1394,2025,3,3,0,0,0,0,0,0,1,0
1433,2014,1,1,0,0,0,0,0,0,0,0
1436,2020,5,4,3,1,0,1,1,0,0,0
1443,2023,1,1,0,0,0,0,0,0,0,0
1472,2025,1,1,0,0,0,0,0,0,1,0
1474,2022,3,2,0,0,0,0,1,0,0,0
1474,2025,5,3,0,0,0,0,2,0,0,0
1477,2012,6,5,1,0,0,0,1,0,0,0
1477,2016,5,3,3,2,0,1,2,0,0,0
1481,2017,6,5,1,1,0,0,1,0,0,0
1481,2019,1,0,0,0,0,0,1,0,0,0
1495,2011,13,12,4,1,0,0,1,0,1,0
1495,2013,3,3,2,1,0,1,0,0,0,0
1495,2014,3,3,0,0,0,0,0,0,1,0
1495,2015,3,3,1,0,0,0,0,0,0,0
1496,2018,2,2,1,0,0,0,0,0,0,0
1497,2012,1,1,0,0,0,0,0,0,0,0
1497,2013,1,1,0,0,0,0,0,0,0,0
1497,2014,4,4,2,0,0,1,0,0,0,0
1504,2024,1,1,0,0,0,0,0,0,0,0
1514,2011,3,3,0,0,0,0,0,0,1,0
1515,2017,2,1,0,0,0,0,1,0,0,0
1515,2019,3,3,0,0,0,0,0,0,2,0
1515,2020,1,1,1,0,0,0,0,0,0,0
1515,2021,5,4,0,0,0,0,0,0,1,1
1515,2022,2,0,0,0,0,0,2,0,0,0
1515,2023,3,3,2,0,0,1,0,0,0,0
1518,2016,3,3,0,0,0,0,0,0,1,0
1518,2017,2,0,0,0,0,0,2,0,0,0
1518,2019,3,2,0,0,0,0,1,0,0,0
1518,2021,6,5,1,0,0,0,0,0,0,1
1541,2022,2,2,0,0,0,0,0,0,0,0
1541,2024,1,0,0,0,0,0,1,0,0,0
1541,2025,1,1,1,0,0,0,0,0,0,0
1551,2025,4,4,3,0,0,1,0,0,0,0
1556,2010,3,3,1,0,0,0,0,0,2,0
1556,2011,7,7,0,0,0,0,0,0,1,0
1556,2012,3,3,0,0,0,0,0,0,0,0
1557,2011,3,2,0,0,0,0,1,0,1,0
1557,2012,2,2,0,0,0,0,0,0,0,0
1562,2020,3,3,0,0,0,0,0,0,1,0
1562,2021,3,2,0,0,0,0,1,0,0,0
1562,2023,3,3,0,0,0,0,0,0,1,0
1571,2020,1,1,0,0,0,0,0,0,0,0
1578,2019,1,0,0,0,0,0,1,0,0,0
1578,2021,2,0,0,0,0,0,2,0,0,0
1578,2022,2,2,0,0,0,0,0,0,1,0
1583,2013,1,1,0,0,0,0,0,0,0,0
1583,2014,2,1,1,0,0,0,1,0,0,0
1594,2017,2,2,1,0,0,0,0,0,0,0
1596,2011,2,1,1,0,0,0,1,0,0,0
1599,2017,1,1,0,0,0,0,0,0,0,0
1599,2021,1,1,0,0,0,0,0,0,1,0
1599,2022,1,1,0,0,0,0,0,0,0,0
1599,2023,1,1,1,0,0,1,0,0,0,0
1623,2024,1,1,0,0,0,0,0,0,1,0
1635,2013,1,1,0,0,0,0,0,0,0,0
1648,2023,5,5,1,0,0,0,0,0,1,0
1648,2024,2,2,0,0,0,0,0,0,0,0
1651,2020,1,1,0,0,0,0,0,0,1,0
1651,2021,1,1,0,0,0,0,0,0,0,0
1651,2022,1,1,0,0,0,0,0,0,0,0
1651,2024,1,1,0,0,0,0,0,0,1,0
1656,2016,1,1,1,0,0,0,0,0,0,0
1666,2011,6,5,1,0,0,1,1,0,0,0
1666,2017,3,2,1,0,0,0,1,0,0,0
1666,2019,2,1,1,0,0,0,1,0,0,0
1669,2011,3,2,0,0,0,0,1,0,2,0
1669,2017,3,3,1,1,0,0,0,0,0,0
1701,2025,2,2,1,0,0,0,0,0,1,0
1732,2010,1,1,0,0,0,0,0,0,0,0
1732,2011,1,0,0,0,0,0,1,0,0,0
1751,2021,6,4,0,0,0,0,2,0,2,0
1751,2024,3,3,2,0,0,1,0,0,0,0
1752,2024,2,2,1,0,0,0,0,0,1,0
1752,2025,3,2,0,0,0,0,1,0,1,0
1756,2022,3,3,1,1,0,0,0,0,1,0
1756,2024,1,1,0,0,0,0,0,0,0,0
1756,2025,2,2,0,0,0,0,0,0,0,0
1760,2024,4,4,1,0,0,1,0,0,1,0
1767,2012,1,1,0,0,0,0,0,0,0,0
1767,2013,1,1,0,0,0,0,0,0,0,0
1769,2011,3,3,1,0,0,1,0,0,0,0
1773,2015,1,0,0,0,0,0,1,0,0,0
1794,2023,1,1,1,0,0,0,0,0,0,0
1798,2018,4,3,0,0,0,0,0,0,0,1
1798,2019,1,0,0,0,0,0,0,1,0,0
1808,2013,1,1,0,0,0,0,0,0,0,0
1814,2019,5,4,0,0,0,0,1,0,1,0
1820,2023,3,3,0,0,0,0,0,0,0,0
1820,2024,1,1,0,0,0,0,0,0,0,0
1831,2012,3,3,2,0,0,2,0,0,1,0
1834,2014,8,6,0,0,0,0,2,0,1,0
1834,2015,2,2,0,0,0,0,0,0,1,0
1858,2016,3,0,0,0,0,0,2,0,0,1
1858,2017,2,1,0,0,0,0,1,0,0,0
1858,2018,3,2,0,0,0,0,1,0,1,0
1858,2019,5,5,2,0,0,0,0,0,0,0
1867,2026,1,0,0,0,0,0,1,0,0,0
1875,2021,1,1,1,1,0,0,0,0,0,0
1875,2022,1,1,1,1,0,0,0,0,0,0
1883,2019,1,1,1,0,0,1,0,0,0,0
1883,2021,1,0,0,0,0,0,1,0,0,0
1884,2023,1,0,0,0,0,0,1,0,0,0
1900,2018,1,1,0,0,0,0,0,0,1,0
1905,2018,6,6,1,0,0,0,0,0,1,0
1905,2019,3,2,1,0,0,1,1,0,0,0
1905,2020,3,0,0,0,0,0,3,0,0,0
1905,2021,3,2,1,0,0,0,1,0,0,0
1905,2023,3,3,0,0,0,0,0,0,2,0
1905,2024,5,3,0,0,0,0,2,0,0,0
1905,2025,3,3,1,0,0,0,0,0,1,0
1908,2015,2,1,0,0,0,0,1,0,1,0
1908,2019,1,1,1,0,0,1,0,0,0,0
1909,2022,6,5,1,0,0,1,1,0,1,0
1920,2017,1,1,0,0,0,0,0,0,1,0
1937,2019,3,3,0,0,0,0,0,0,1,0
1937,2020,4,3,2,0,0,0,1,0,0,0
1937,2021,14,11,0,0,0,0,3,0,6,0
1937,2022,3,1,0,0,0,0,2,0,1,0
1937,2023,3,3,0,0,0,0,0,0,0,0
1937,2025,3,2,1,0,0,0,1,0,0,0
1943,2010,3,3,1,0,0,0,0,0,0,0
1943,2011,3,3,2,0,0,0,0,0,1,0
1943,2013,1,1,1,0,0,0,0,0,0,0
1943,2014,3,3,1,0,0,0,0,0,2,0
1943,2015,1,0,0,0,0,0,1,0,0,0
1943,2018,1,0,0,0,0,0,1,0,0,0
1952,2015,1,0,0,0,0,0,1,0,0,0
1963,2016,1,0,0,0,0,0,1,0,0,0
1966,2018,2,1,0,0,0,0,1,0,0,0
1966,2019,2,2,0,0,0,0,0,0,0,0
1966,2023,2,2,1,1,0,0,0,0,0,0
1971,2011,3,2,0,0,0,0,1,0,1,0
1971,2016,2,2,1,0,0,1,0,0,0,0
1971,2018,3,2,1,0,0,1,0,0,0,1
1971,2022,1,1,0,0,0,0,0,0,0,0
1974,2014,2,2,0,0,0,0,0,0,0,0
1974,2018,2,2,0,0,0,0,0,0,1,0
1974,2022,2,1,0,0,0,0,1,0,1,0
1974,2023,1,1,0,0,0,0,0,0,0,0
1974,2024,2,1,0,0,0,0,1,0,1,0
1974,2025,1,1,0,0,0,0,0,0,0,0
1982,2013,2,1,0,0,0,0,1,0,1,0
1982,2014,1,1,1,0,0,0,0,0,0,0
1982,2015,2,2,0,0,0,0,0,0,1,0
1991,2011,2,2,0,0,0,0,0,0,1,0
1991,2013,1,1,0,0,0,0,0,0,1,0
1991,2015,1,1,1,0,0,0,0,0,0,0
1991,2017,1,1,0,0,0,0,0,0,1,0
1991,2018,1,1,0,0,0,0,0,0,0,0
1991,2019,1,0,0,0,0,0,1,0,0,0
1991,2021,1,0,0,0,0,0,1,0,0,0
1997,2013,1,1,0,0,0,0,0,0,1,0
1997,2016,1,1,0,0,0,0,0,0,0,0
2002,2016,1,1,1,0,0,0,0,0,0,0
2002,2018,1,1,1,1,0,0,0,0,0,0
2002,2023,2,2,0,0,0,0,0,0,0,0
2006,2011,5,5,2,1,0,0,0,0,2,0
2006,2018,3,2,1,0,0,0,1,0,1,0
2011,2011,2,1,0,0,0,0,1,0,0,0
2011,2012,1,0,0,0,0,0,1,0,0,0
2011,2013,1,1,0,0,0,0,0,0,0,0
2011,2014,2,2,0,0,0,0,0,0,0,0
2011,2016,1,1,0,0,0,0,0,0,1,0
2011,2017,2,2,0,0,0,0,0,0,2,0
2011,2018,1,1,0,0,0,0,0,0,1,0
2011,2019,4,4,2,1,0,0,0,0,1,0
2011,2024,1,0,0,0,0,0,1,0,0,0
2018,2011,9,6,2,1,0,0,2,1,0,0
2018,2012,2,2,1,0,0,0,0,0,0,0
2018,2013,8,8,2,1,0,0,0,0,1,0
2018,2014,6,4,2,1,0,1,1,1,0,0
2022,2014,6,5,1,0,0,0,1,0,0,0
2022,2015,3,3,0,0,0,0,0,0,1,0
2022,2018,5,5,3,0,0,0,0,0,0,0
2046,2010,1,1,1,1,0,0,0,0,0,0
2046,2012,2,2,0,0,0,0,0,0,1,0
2046,2015,1,1,0,0,0,0,0,0,0,0
2079,2021,1,1,0,0,0,0,0,0,1,0
2079,2022,2,2,2,1,0,1,0,0,0,0
2083,2015,1,1,0,0,0,0,0,0,0,0
2083,2016,2,2,0,0,0,0,0,0,0,0
2083,2017,1,1,1,0,0,1,0,0,0,0
2083,2018,1,1,0,0,0,0,0,0,1,0
2089,2016,3,3,0,0,0,0,0,0,1,0
2089,2017,2,2,1,0,0,0,0,0,0,0
2089,2018,1,1,0,0,0,0,0,0,0,0
2089,2020,1,0,0,0,0,0,1,0,0,0
2089,2021,1,0,0,0,0,0,0,1,0,0
2089,2022,1,1,1,0,0,0,0,0,0,0
2090,2019,3,1,0,0,0,0,2,0,0,0
2090,2020,2,2,0,0,0,0,0,0,1,0
2090,2021,3,3,0,0,0,0,0,0,2,0
2090,2022,2,2,0,0,0,0,0,0,0,0
2090,2024,1,1,1,0,0,1,0,0,0,0
2093,2021,5,4,1,0,0,0,0,0,1,1
2093,2022,5,5,0,0,0,0,0,0,1,0
2093,2023,3,3,0,0,0,0,0,0,1,0
2093,2024,2,1,0,0,0,0,1,0,0,0
2093,2025,4,4,2,1,0,0,0,0,0,0
2095,2017,1,1,1,1,0,0,0,0,0,0
2124,2025,1,1,0,0,0,0,0,0,0,0
2127,2021,3,3,1,1,0,0,0,0,1,0
2127,2022,2,2,0,0,0,0,0,0,1,0
2127,2024,3,3,0,0,0,0,0,0,0,0
2129,2015,3,1,0,0,0,0,2,0,0,0
2129,2016,1,0,0,0,0,0,1,0,0,0
2129,2017,1,1,0,0,0,0,0,0,0,0
2129,2020,1,1,0,0,0,0,0,0,0,0
2129,2021,1,1,0,0,0,0,0,0,0,0
2146,2013,4,4,0,0,0,0,0,0,0,0
2150,2012,1,1,0,0,0,0,0,0,0,0
2150,2014,4,4,0,0,0,0,0,0,1,0
2152,2022,6,6,2,0,0,1,0,0,0,0
2152,2023,3,2,2,0,0,0,1,0,0,0
2152,2025,1,1,1,0,0,0,0,0,0,0
2161,2010,1,1,0,0,0,0,0,0,0,0
2161,2013,1,0,0,0,0,0,1,0,0,0
2161,2016,1,1,0,0,0,0,0,0,0,0
2161,2017,1,0,0,0,0,0,1,0,0,0
2161,2018,3,2,0,0,0,0,0,0,0,1
2161,2020,3,3,0,0,0,0,0,0,2,0
2175,2012,5,5,2,1,0,0,0,0,2,0
2175,2013,3,2,1,0,0,0,1,0,0,0
2175,2014,3,3,0,0,0,0,0,0,1,0
2175,2017,3,2,0,0,0,0,0,1,0,0
2175,2018,3,3,0,0,0,0,0,0,0,0
2175,2021,3,3,0,0,0,0,0,0,1,0
2175,2023,3,2,1,1,0,0,1,0,0,0
2175,2024,2,2,1,0,0,0,0,0,0,0
2192,2010,2,1,0,0,0,0,1,0,0,0
2192,2011,6,5,2,1,0,0,1,0,0,0
2192,2012,2,1,1,0,0,0,0,0,0,1
2192,2013,2,2,0,0,0,0,0,0,0,0
2192,2014,5,4,1,0,0,0,1,0,0,0
2205,2014,1,1,0,0,0,0,0,0,0,0
2210,2022,1,1,0,0,0,0,0,0,1,0
2212,2015,3,2,0,0,0,0,1,0,0,0
2212,2019,6,4,1,0,0,0,2,0,0,0
2212,2021,3,2,0,0,0,0,1,0,1,0
2212,2022,6,6,2,0,0,1,0,0,2,0
2212,2023,3,3,0,0,0,0,0,0,3,0
2215,2011,2,2,1,1,0,0,0,0,0,0
2215,2012,1,1,1,0,0,1,0,0,0,0
2215,2013,1,1,1,0,0,0,0,0,0,0
2219,2019,1,1,1,0,0,0,0,0,0,0
2232,2011,5,3,0,0,0,0,2,0,1,0
2232,2012,4,4,2,0,0,0,0,0,0,0
2232,2013,1,0,0,0,0,0,1,0,0,0
2232,2014,1,1,1,0,0,0,0,0,0,0
2232,2018,1,1,1,0,0,1,0,0,0,0
2236,2014,3,3,0,0,0,0,0,0,1,0
2236,2015,6,5,0,0,0,0,1,0,1,0
2236,2016,1,1,0,0,0,0,0,0,0,0
2236,2017,1,1,0,0,0,0,0,0,1,0
2236,2019,3,3,0,0,0,0,0,0,1,0
2236,2020,2,2,0,0,0,0,0,0,0,0
2236,2021,2,2,1,0,0,0,0,0,1,0
2237,2011,3,3,0,0,0,0,0,0,1,0
2237,2012,3,3,1,0,0,1,0,0,0,0
2237,2016,3,2,0,0,0,0,1,0,0,0
2237,2017,4,2,1,0,0,1,2,0,0,0
2268,2018,4,3,0,0,0,0,1,0,0,0
2268,2019,1,1,1,0,0,0,0,0,0,0
2270,2018,1,1,0,0,0,0,0,0,0,0
2280,2014,1,1,0,0,0,0,0,0,0,0
2286,2024,1,1,0,0,0,0,0,0,1,0
2298,2013,1,1,0,0,0,0,0,0,1,0
2315,2015,2,1,0,0,0,0,1,0,0,0
2322,2017,3,3,0,0,0,0,0,0,0,0
2322,2018,3,3,1,0,0,0,0,0,0,0
2322,2023,3,2,0,0,0,0,0,0,0,1
2322,2024,3,3,2,1,0,0,0,0,0,0
2333,2010,1,0,0,0,0,0,1,0,0,0
2333,2012,1,1,1,0,0,0,0,0,0,0
2335,2018,2,2,1,0,0,0,0,0,1,0
2335,2019,2,2,0,0,0,0,0,0,0,0
2335,2020,3,1,1,0,0,0,2,0,0,0
2343,2010,3,1,1,0,0,0,2,0,0,0
2358,2011,3,3,2,0,0,1,0,0,0,0
2358,2013,5,4,0,0,0,0,1,0,1,0
2358,2014,3,2,1,0,0,0,1,0,0,0
2368,2019,3,3,1,0,0,0,0,0,0,0
2368,2021,3,3,0,0,0,0,0,0,1,0
2368,2022,4,4,1,0,0,0,0,0,2,0
2372,2023,1,1,0,0,0,0,0,0,0,0
2380,2016,2,1,1,0,0,1,0,0,0,1
2383,2017,3,2,1,0,0,0,1,0,1,0
2384,2014,2,2,1,0,0,0,0,0,0,0
2384,2015,2,2,2,1,0,0,0,0,0,0
2388,2021,2,2,1,0,0,0,0,0,0,0
2393,2021,1,0,0,0,0,0,1,0,0,0
2396,2017,1,0,0,0,0,0,1,0,0,0
2396,2019,4,3,1,0,0,0,1,0,1,0
2421,2010,1,1,0,0,0,0,0,0,1,0
2421,2011,3,3,0,0,0,0,0,0,1,0
2421,2012,1,1,0,0,0,0,0,0,1,0
2421,2013,2,2,1,0,0,0,0,0,0,0
2437,2023,3,2,0,0,0,0,1,0,1,0
2437,2024,3,3,0,0,0,0,0,0,1,0
2449,2018,2,2,0,0,0,0,0,0,1,0
2449,2022,2,2,1,0,0,0,0,0,1,0
2456,2024,2,2,1,1,0,0,0,0,1,0
2460,2020,1,1,0,0,0,0,0,0,1,0
2460,2021,3,3,1,0,0,0,0,0,1,0
2460,2024,6,5,1,0,0,1,1,0,2,0
2461,2018,1,1,0,0,0,0,0,0,0,0
2467,2023,1,1,0,0,0,0,0,0,0,0
2467,2024,1,1,1,1,0,0,0,0,0,0
2475,2012,3,3,1,0,0,0,0,0,1,0
2482,2011,1,1,0,0,0,0,0,0,0,0
2482,2012,4,4,1,0,0,0,0,0,1,0
2482,2013,4,3,2,1,0,0,0,0,0,1
2482,2014,1,1,1,0,0,1,0,0,0,0
2490,2021,3,2,1,0,0,0,1,0,0,0
2497,2023,2,2,1,0,0,0,0,0,0,0
2497,2025,1,1,0,0,0,0,0,0,1,0
2505,2011,1,0,0,0,0,0,1,0,0,0
2512,2013,2,2,1,1,0,0,0,0,0,0
2513,2025,3,2,0,0,0,0,1,0,2,0
2518,2022,1,1,0,0,0,0,0,0,0,0
2518,2023,1,1,1,1,0,0,0,0,0,0
2525,2012,4,4,1,0,0,0,0,0,2,0
2525,2014,4,3,0,0,0,0,1,0,0,0
2525,2015,3,3,0,0,0,0,0,0,1,0
2525,2022,2,2,0,0,0,0,0,0,0,0
2547,2022,3,2,1,0,0,0,1,0,0,0
2547,2023,1,0,0,0,0,0,1,0,0,0
2584,2025,2,2,1,0,0,0,0,0,0,0
2590,2011,3,3,1,0,0,0,0,0,1,0
2590,2012,9,6,1,1,0,0,3,0,1,0
2590,2013,6,3,0,0,0,0,2,0,0,1
2590,2014,13,12,3,1,0,1,1,0,4,0
2590,2015,12,11,1,0,0,0,1,0,2,0
2590,2016,3,3,1,0,0,0,0,0,0,0
2601,2014,3,3,1,0,0,0,0,0,0,0
2606,2012,3,3,0,0,0,0,0,0,2,0
2606,2013,3,2,0,0,0,0,1,0,2,0
2606,2014,6,6,2,0,0,0,0,0,0,0
2606,2017,6,5,1,1,0,0,1,0,0,0
2606,2020,3,3,0,0,0,0,0,0,1,0
2606,2022,3,3,0,0,0,0,0,0,1,0
2606,2023,5,5,2,0,0,2,0,0,1,0
2661,2011,6,5,2,1,0,1,1,0,2,0
2687,2024,2,1,1,0,0,0,1,0,0,0
2690,2010,6,4,1,0,0,0,1,0,1,1
2690,2012,2,1,0,0,0,0,1,0,0,0
2690,2013,4,2,1,1,0,0,2,0,1,0
2690,2014,2,2,0,0,0,0,0,0,1,0
2690,2015,3,2,0,0,0,0,1,0,1,0
2692,2021,3,3,0,0,0,0,0,0,1,0
2692,2022,2,2,1,0,0,0,0,0,0,0
2692,2023,3,2,0,0,0,0,1,0,0,0
2703,2017,1,1,0,0,0,0,0,0,0,0
2708,2016,3,3,1,0,0,1,0,0,0,0
2722,2012,9,6,0,0,0,0,2,0,0,1
2722,2013,9,7,2,0,0,0,1,1,0,0
2722,2014,5,4,0,0,0,0,1,0,1,0
2722,2015,1,1,0,0,0,0,0,0,0,0
2728,2021,1,0,0,0,0,0,1,0,0,0
2731,2018,8,8,1,0,0,0,0,0,2,0
2738,2026,1,0,0,0,0,0,1,0,0,0
2743,2017,2,2,1,1,0,0,0,0,0,0
2749,2013,3,1,0,0,0,0,2,0,0,0
2749,2014,1,1,0,0,0,0,0,0,0,0
2751,2014,2,1,0,0,0,0,1,0,0,0
2754,2018,1,1,0,0,0,0,0,0,0,0
2761,2011,1,0,0,0,0,0,1,0,0,0
2763,2012,1,0,0,0,0,0,1,0,0,0
2763,2014,1,0,0,0,0,0,1,0,0,0
2768,2013,1,1,1,0,0,1,0,0,0,0
2768,2014,1,1,1,0,0,0,0,0,0,0
2769,2020,1,0,0,0,0,0,1,0,0,0
2776,2014,2,2,1,0,0,1,0,0,1,0
2776,2017,1,1,0,0,0,0,0,0,0,0
2810,2012,6,5,2,0,0,0,0,0,3,1
2810,2013,2,1,1,0,0,0,1,0,0,0
2833,2015,6,5,3,3,0,0,1,0,1,0
2833,2018,2,1,0,0,0,0,1,0,1,0
2833,2019,6,5,0,0,0,0,1,0,0,0
2840,2016,1,1,0,0,0,0,0,0,0,0
2840,2018,1,1,0,0,0,0,0,0,0,0
2844,2022,8,8,3,2,0,1,0,0,0,0
2844,2023,3,3,1,1,0,0,0,0,2,0
2844,2024,6,6,2,0,0,0,0,0,1,0
2847,2019,4,4,0,0,0,0,0,0,0,0
2847,2020,1,1,0,0,0,0,0,0,0,0
2850,2016,3,2,0,0,0,0,1,0,2,0
2850,2017,2,2,0,0,0,0,0,0,1,0
2850,2019,1,1,0,0,0,0,0,0,0,0
2850,2024,1,1,1,0,0,1,0,0,0,0
2857,2012,2,2,0,0,0,0,0,0,0,0
2857,2013,3,3,1,0,0,1,0,0,1,0
2863,2011,6,6,1,1,0,0,0,0,0,0
2863,2012,6,6,1,0,0,1,0,0,1,0
2863,2013,6,5,1,0,0,0,1,0,0,0
2868,2023,1,1,0,0,0,0,0,0,0,0
2868,2024,1,1,0,0,0,0,0,0,1,0
2878,2016,1,1,0,0,0,0,0,0,1,0
2878,2024,1,1,0,0,0,0,0,0,0,0
2878,2026,1,1,0,0,0,0,0,0,1,0
2885,2014,1,1,0,0,0,0,0,0,0,0
2885,2015,1,1,1,1,0,0,0,0,0,0
2885,2017,1,0,0,0,0,0,1,0,0,0
2911,2010,3,3,1,1,0,0,0,0,0,0
2911,2013,6,5,0,0,0,0,1,0,2,0
2911,2014,3,3,0,0,0,0,0,0,2,0
2911,2015,3,3,1,0,0,0,0,0,1,0
2911,2016,4,4,1,0,0,0,0,0,0,0
2914,2016,2,1,1,0,0,0,1,0,0,0
2914,2018,1,0,0,0,0,0,1,0,0,0
2914,2019,4,3,1,0,0,0,1,0,1,0
2914,2021,2,1,0,0,0,0,1,0,0,0
2941,2021,1,1,0,0,0,0,0,0,0,0
2957,2019,6,6,0,0,0,0,0,0,0,0
2957,2020,2,2,0,0,0,0,0,0,0,0
2957,2021,4,4,1,0,0,0,0,0,1,0
2968,2021,1,0,0,0,0,0,1,0,0,0
2977,2024,3,2,2,1,0,0,1,0,0,0
2977,2025,1,1,0,0,0,0,0,0,1,0
2987,2013,1,1,0,0,0,0,0,0,0,0
2987,2014,1,1,0,0,0,0,0,0,0,0
2987,2018,2,1,0,0,0,0,1,0,0,0
2987,2021,1,1,0,0,0,0,0,0,0,0
2996,2010,1,0,0,0,0,0,1,0,0,0
3000,2012,6,6,2,0,0,0,0,0,1,0
3000,2013,6,6,1,0,0,0,0,0,2,0
3004,2022,1,0,0,0,0,0,1,0,0,0
3011,2012,2,2,1,1,0,0,0,0,1,0
3011,2013,1,0,0,0,0,0,1,0,0,0
3011,2014,1,0,0,0,0,0,1,0,0,0
3016,2010,1,1,0,0,0,0,0,0,1,0
3016,2011,2,2,0,0,0,0,0,0,0,0
3016,2012,2,2,0,0,0,0,0,0,1,0
3016,2014,4,1,0,0,0,0,3,0,0,0
3029,2011,1,0,0,0,0,0,1,0,0,0
3033,2019,2,2,0,0,0,0,0,0,1,0
3047,2025,1,1,0,0,0,0,0,0,0,0
3060,2024,2,2,1,1,0,0,0,0,0,0
3060,2025,1,1,0,0,0,0,0,0,0,0
3070,2011,8,7,0,0,0,0,1,0,0,0
3070,2012,10,10,1,0,0,0,0,0,0,0
3070,2013,4,3,0,0,0,0,0,1,1,0
3070,2014,5,5,1,1,0,0,0,0,1,0
3070,2015,6,6,0,0,0,0,0,0,1,0
3070,2018,1,1,0,0,0,0,0,0,0,0
3073,2011,6,6,2,0,1,0,0,0,1,0
3073,2014,13,13,5,0,0,1,0,0,1,0
3073,2015,4,2,2,0,0,0,2,0,0,0
3073,2016,1,1,0,0,0,0,0,0,0,0
3073,2017,8,8,4,1,0,0,0,0,1,0
3073,2019,6,6,3,0,0,2,0,0,0,0
3073,2020,5,4,0,0,0,0,1,0,2,0
3080,2015,6,5,0,0,0,0,1,0,1,0
3080,2016,13,13,3,1,0,0,0,0,1,0
3080,2017,4,2,1,0,0,0,2,0,1,0
3080,2019,3,3,0,0,0,0,0,0,0,0
3080,2020,1,1,0,0,0,0,0,0,1,0
3080,2021,2,2,0,0,0,0,0,0,0,0
3080,2022,3,3,1,0,0,1,0,0,0,0
3080,2023,1,1,0,0,0,0,0,0,1,0
3086,2011,3,2,1,0,0,0,1,0,0,0
3086,2015,3,3,0,0,0,0,0,0,3,0
3086,2016,1,0,0,0,0,0,1,0,0,0
3088,2016,1,1,1,0,0,1,0,0,0,0
3089,2011,3,2,1,1,0,0,1,0,1,0
3104,2020,2,2,0,0,0,0,0,0,2,0
3104,2021,3,2,1,1,0,0,1,0,1,0
3104,2022,3,3,0,0,0,0,0,0,2,0
3104,2023,6,4,1,0,0,1,2,0,2,0
3108,2016,1,0,0,0,0,0,1,0,0,0
3108,2017,1,1,1,0,0,0,0,0,0,0
3126,2023,1,1,0,0,0,0,0,0,1,0
3126,2025,1,1,0,0,0,0,0,0,0,0
3131,2013,1,1,0,0,0,0,0,0,1,0
3154,2016,1,0,0,0,0,0,1,0,0,0
3154,2017,2,1,1,1,0,0,1,0,0,0
3154,2018,1,1,0,0,0,0,0,0,0,0
3194,2022,1,1,0,0,0,0,0,0,0,0
3205,2022,1,1,0,0,0,0,0,0,0,0
3206,2023,3,3,1,1,0,0,0,0,0,0
3206,2025,2,2,0,0,0,0,0,0,1,0
3215,2016,3,3,0,0,0,0,0,0,1,0
3225,2023,3,3,0,0,0,0,0,0,0,0
3225,2025,3,3,0,0,0,0,0,0,0,0
3231,2014,3,3,1,1,0,0,0,0,1,0
3231,2015,3,3,1,0,0,0,0,0,0,0
3231,2019,1,1,1,0,0,0,0,0,0,0
3233,2025,1,1,0,0,0,0,0,0,0,0
3280,2017,1,1,1,0,0,1,0,0,0,0
3286,2015,3,2,1,0,0,0,1,0,0,0
3286,2016,2,2,0,0,0,0,0,0,1,0
3286,2018,1,1,1,0,0,0,0,0,0,0
3286,2021,6,6,2,0,0,0,0,0,1,0
3286,2023,4,4,0,0,0,0,0,0,1,0
3286,2024,3,3,0,0,0,0,0,0,1,0
3286,2025,3,3,1,1,0,0,0,0,2,0
3291,2023,2,1,0,0,0,0,1,0,0,0
3291,2024,2,2,0,0,0,0,0,0,1,0
3291,2025,1,1,0,0,0,0,0,0,0,0
3297,2014,3,3,0,0,0,0,0,0,0,0
3297,2018,1,1,0,0,0,0,0,0,0,0
3336,2017,1,1,0,0,0,0,0,0,0,0
3336,2022,1,1,0,0,0,0,0,0,1,0
3336,2023,1,1,0,0,0,0,0,0,0,0
3336,2025,3,3,1,0,0,0,0,0,1,0
3338,2024,5,4,2,2,0,0,1,0,0,0
3344,2025,1,1,0,0,0,0,0,0,0,0
3347,2015,3,3,1,0,0,0,0,0,0,0
3347,2016,2,2,2,0,0,1,0,0,0,0
3347,2017,2,2,1,1,0,0,0,0,0,0
3347,2018,2,2,1,0,0,1,0,0,0,0
3366,2016,1,1,0,0,0,0,0,0,0,0
3379,2024,4,3,0,0,0,0,1,0,1,0
3384,2019,2,1,0,0,0,0,1,0,1,0
3384,2024,1,1,0,0,0,0,0,0,0,0
3391,2023,3,3,0,0,0,0,0,0,0,0
3394,2018,3,3,1,0,0,1,0,0,0,0
3394,2019,1,1,0,0,0,0,0,0,0,0
3400,2017,3,1,0,0,0,0,2,0,0,0
3400,2018,2,2,0,0,0,0,0,0,0,0
3404,2015,3,3,1,1,0,0,0,0,1,0
3404,2016,5,2,1,0,0,0,3,0,1,0
3404,2017,4,3,1,0,0,0,1,0,1,0
3404,2019,5,5,3,1,0,0,0,0,0,0
3404,2020,3,3,1,0,0,0,0,0,0,0
3404,2021,3,3,1,0,0,0,0,0,1,0
3404,2023,2,2,0,0,0,0,0,0,1,0
3410,2011,1,1,0,0,0,0,0,0,0,0
3410,2012,1,1,0,0,0,0,0,0,0,0
3410,2013,2,2,2,1,0,0,0,0,0,0
3411,2013,1,1,0,0,0,0,0,0,1,0
3411,2014,1,1,1,0,0,0,0,0,0,0
3411,2016,1,1,0,0,0,0,0,0,0,0
3411,2017,2,2,1,0,0,1,0,0,0,0
3415,2021,3,3,1,0,0,0,0,0,1,0
3422,2025,1,1,0,0,0,0,0,0,0,0
3428,2018,8,7,1,0,0,0,1,0,1,0
3428,2022,5,4,2,0,0,0,1,0,1,0
3428,2024,6,5,0,0,0,0,1,0,4,0
3434,2011,1,0,0,0,0,0,1,0,0,0
3434,2012,3,3,1,0,0,0,0,0,1,0
3434,2014,3,3,0,0,0,0,0,0,0,0
3434,2015,3,3,1,0,0,1,0,0,0,0
3434,2017,3,3,0,0,0,0,0,0,2,0
3438,2016,3,3,2,0,0,1,0,0,1,0
3438,2017,1,1,1,1,0,0,0,0,0,0
3440,2011,1,1,0,0,0,0,0,0,0,0
3440,2015,2,2,0,0,0,0,0,0,0,0
3442,2010,2,1,1,1,0,0,1,0,0,0
3442,2013,1,1,1,0,0,0,0,0,0,0
3447,2023,1,1,0,0,0,0,0,0,0,0
3447,2024,1,1,0,0,0,0,0,0,0,0
3461,2013,3,3,0,0,0,0,0,0,1,0
3461,2016,3,3,1,0,0,0,0,0,0,0
3464,2020,1,0,0,0,0,0,1,0,0,0
3467,2024,1,1,0,0,0,0,0,0,0,0
3475,2015,1,0,0,0,0,0,1,0,0,0
3475,2017,1,1,1,0,0,0,0,0,0,0
3476,2025,2,2,1,0,0,0,0,0,1,0
3481,2022,1,0,0,0,0,0,1,0,0,0
3483,2021,1,1,0,0,0,0,0,0,0,0
3492,2014,1,1,0,0,0,0,0,0,1,0
3492,2015,1,1,1,0,1,0,0,0,0,0
3492,2016,1,1,0,0,0,0,0,0,0,0
3492,2018,1,1,0,0,0,0,0,0,0,0
3497,2012,4,4,0,0,0,0,0,0,2,0
3497,2013,3,3,0,0,0,0,0,0,2,0
3497,2014,1,1,0,0,0,0,0,0,0,0
3497,2015,4,4,0,0,0,0,0,0,1,0
3497,2016,1,1,0,0,0,0,0,0,1,0
3497,2017,1,0,0,0,0,0,1,0,0,0
3498,2016,6,5,1,0,0,0,1,0,1,0
3498,2017,6,6,0,0,0,0,0,0,1,0
3509,2010,1,1,0,0,0,0,0,0,0,0
3521,2014,1,1,0,0,0,0,0,0,0,0
3521,2015,2,1,0,0,0,0,0,0,1,1
3523,2022,1,1,0,0,0,0,0,0,1,0
3523,2023,3,2,1,0,0,0,1,0,0,0
3523,2025,1,1,1,0,0,0,0,0,0,0
3546,2011,14,11,1,0,0,0,2,0,3,1
3546,2012,13,13,3,1,0,0,0,0,2,0
3546,2013,6,6,1,0,0,1,0,0,2,0
3546,2016,6,4,0,0,0,0,2,0,1,0
3546,2017,6,5,2,0,0,0,1,0,2,0
3547,2024,2,2,1,0,0,0,0,0,0,0
3557,2018,3,2,0,0,0,0,1,0,1,0
3557,2020,2,2,0,0,0,0,0,0,1,0
3557,2021,2,2,0,0,0,0,0,0,1,0
3557,2023,3,3,2,0,0,0,0,0,0,0
3557,2024,6,5,0,0,0,0,1,0,1,0
3557,2025,3,2,1,1,0,0,1,0,0,0
3565,2021,2,2,2,1,0,0,0,0,0,0
3565,2023,1,1,0,0,0,0,0,0,0,0
3574,2021,3,2,0,0,0,0,1,0,0,0
3574,2022,3,3,0,0,0,0,0,0,0,0
3574,2023,1,1,0,0,0,0,0,0,0,0
3574,2024,3,3,0,0,0,0,0,0,0,0
3580,2018,1,1,0,0,0,0,0,0,0,0
3580,2023,2,2,2,0,0,0,0,0,0,0
3580,2024,1,1,0,0,0,0,0,0,0,0
3596,2011,12,11,2,0,0,0,0,0,2,1
3597,2025,1,1,0,0,0,0,0,0,0,0
3598,2016,6,5,1,0,0,0,1,0,0,0
3598,2019,5,3,1,1,0,0,2,0,0,0
3602,2022,2,2,0,0,0,0,0,0,0,0
3602,2024,4,4,0,0,0,0,0,0,1,0
3607,2014,1,0,0,0,0,0,1,0,0,0
3607,2018,17,12,1,0,0,1,4,0,1,1
3627,2019,1,1,1,0,0,1,0,0,0,0
3655,2020,1,0,0,0,0,0,1,0,0,0
3655,2021,3,3,2,0,0,0,0,0,0,0
3655,2022,2,2,0,0,0,0,0,0,0,0
3677,2025,2,1,0,0,0,0,1,0,0,0
3680,2010,1,1,0,0,0,0,0,0,0,0
3680,2011,1,1,0,0,0,0,0,0,0,0
3683,2011,6,5,2,2,0,0,1,0,0,0
3683,2015,2,1,0,0,0,0,1,0,0,0
3703,2011,5,4,1,0,0,0,1,0,2,0
3703,2012,1,1,0,0,0,0,0,0,1,0
3703,2013,1,1,1,0,0,0,0,0,0,0
3703,2014,2,1,1,0,0,0,1,0,0,0
3724,2017,3,3,0,0,0,0,0,0,0,0
3724,2022,3,1,0,0,0,0,2,0,0,0
3724,2023,5,5,0,0,0,0,0,0,2,0
3724,2025,1,1,1,0,0,0,0,0,0,0
3731,2012,1,1,0,0,0,0,0,0,0,0
3731,2015,1,1,0,0,0,0,0,0,1,0
3731,2018,4,4,0,0,0,0,0,0,2,0
3744,2022,1,1,0,0,0,0,0,0,0,0
3744,2023,1,1,0,0,0,0,0,0,0,0
3748,2014,1,1,1,0,0,0,0,0,0,0
3749,2018,2,2,0,0,0,0,0,0,0,0
3749,2019,3,2,0,0,0,0,1,0,0,0
3749,2022,3,3,1,0,0,0,0,0,2,0
3749,2024,2,2,0,0,0,0,0,0,2,0
3749,2025,2,2,0,0,0,0,0,0,0,0
3758,2017,4,4,2,0,0,0,0,0,0,0
3758,2019,3,3,1,0,0,1,0,0,1,0
3758,2020,2,2,1,0,0,1,0,0,0,0
3760,2018,1,1,0,0,0,0,0,0,0,0
3760,2019,2,2,1,0,0,0,0,0,0,0
3765,2012,1,1,0,0,0,0,0,0,0,0
3772,2015,1,1,0,0,0,0,0,0,1,0
3773,2023,1,1,0,0,0,0,0,0,1,0
3784,2017,3,2,0,0,0,0,0,1,0,0
3784,2019,2,1,0,0,0,0,1,0,0,0
3784,2024,1,1,0,0,0,0,0,0,0,0
3785,2016,11,9,4,2,0,0,2,0,1,0
3785,2017,3,3,1,0,0,0,0,0,0,0
3785,2020,5,4,0,0,0,0,0,1,1,0
3785,2021,7,6,2,0,0,1,1,0,2,0
3785,2022,2,2,0,0,0,0,0,0,0,0
3785,2023,1,0,0,0,0,0,0,0,0,1
3791,2020,2,1,0,0,0,0,0,0,0,1
3791,2021,2,1,1,0,0,1,0,0,0,1
3793,2011,4,4,3,1,0,1,0,0,1,0
3793,2012,3,3,1,1,0,0,0,0,1,0
3793,2015,1,1,0,0,0,0,0,0,0,0
3803,2024,3,3,0,0,0,0,0,0,1,0
3808,2018,4,3,0,0,0,0,1,0,1,0
3827,2018,1,1,1,0,0,0,0,0,0,0
3827,2020,1,1,0,0,0,0,0,0,0,0
3827,2022,1,1,1,0,0,0,0,0,0,0
3827,2023,1,1,1,1,0,0,0,0,0,0
3834,2017,3,2,0,0,0,0,1,0,0,0
3835,2022,3,3,1,0,0,0,0,0,0,0
3835,2023,6,6,1,1,0,0,0,0,2,0
3845,2018,2,2,1,0,0,0,0,0,0,0
3845,2021,3,3,1,0,0,0,0,0,0,0
3848,2024,4,2,0,0,0,0,2,0,0,0
3859,2020,1,1,0,0,0,0,0,0,1,0
3859,2021,3,3,0,0,0,0,0,0,1,0
3865,2024,1,1,0,0,0,0,0,0,0,0
3870,2011,3,3,0,0,0,0,0,0,1,0
3870,2012,4,4,1,0,0,0,0,0,0,0
3876,2017,2,2,0,0,0,0,0,0,0,0
3878,2017,5,3,0,0,0,0,2,0,2,0
3878,2018,3,3,0,0,0,0,0,0,2,0
3880,2018,6,4,0,0,0,0,2,0,1,0
3880,2019,1,1,0,0,0,0,0,0,0,0
3889,2019,1,1,0,0,0,0,0,0,0,0
3889,2021,1,1,0,0,0,0,0,0,1,0
3889,2022,1,1,0,0,0,0,0,0,0,0
3889,2023,2,2,0,0,0,0,0,0,0,0
3889,2024,2,2,0,0,0,0,0,0,0,0
3889,2025,1,1,1,0,0,0,0,0,0,0
3891,2021,2,2,0,0,0,0,0,0,0,0
3897,2017,3,2,1,0,0,1,1,0,0,0
3905,2020,2,2,0,0,0,0,0,0,0,0
3906,2024,1,1,0,0,0,0,0,0,0,0
3909,2018,2,2,1,0,0,0,0,0,0,0
3909,2021,1,1,0,0,0,0,0,0,0,0
3909,2022,1,1,1,1,0,0,0,0,0,0
3909,2023,1,1,1,0,0,0,0,0,0,0
3909,2024,1,1,0,0,0,0,0,0,0,0
3909,2025,1,0,0,0,0,0,1,0,0,0
3933,2017,3,3,1,0,0,0,0,0,0,0
3935,2023,6,6,2,1,0,0,0,0,3,0
3938,2025,1,1,0,0,0,0,0,0,0,0
3951,2010,3,2,0,0,0,0,0,1,0,0
3951,2015,3,1,0,0,0,0,2,0,1,0
3968,2013,1,0,0,0,0,0,1,0,0,0
3968,2014,3,3,1,1,0,0,0,0,0,0
3968,2016,3,1,1,1,0,0,2,0,0,0
3968,2017,3,3,0,0,0,0,0,0,1,0
3968,2018,9,8,1,0,0,0,0,0,0,1
3968,2024,4,4,3,1,0,1,0,0,1,0
3968,2025,5,4,0,0,0,0,1,0,2,0
3969,2018,3,2,1,0,0,1,1,0,0,0
3969,2019,2,1,0,0,0,0,1,0,1,0
3970,2018,1,1,1,0,0,1,0,0,0,0
3970,2019,1,1,0,0,0,0,0,0,1,0
3975,2016,5,5,2,0,0,1,0,0,0,0
3975,2017,1,1,0,0,0,0,0,0,0,0
3982,2015,3,3,1,0,0,0,0,0,1,0
3998,2019,3,2,1,0,0,1,1,0,0,0
3998,2022,3,2,1,0,0,0,1,0,0,0
4002,2013,1,0,0,0,0,0,1,0,0,0
4018,2023,2,1,1,1,0,0,1,0,0,0
4018,2025,1,1,0,0,0,0,0,0,0,0
4029,2013,3,2,0,0,0,0,0,1,0,0
4029,2014,10,8,1,0,0,1,2,0,2,0
4029,2015,5,5,1,0,0,1,0,0,0,0
4029,2016,7,7,3,0,0,1,0,0,0,0
4029,2017,11,8,0,0,0,0,3,0,2,0
4029,2019,6,4,1,0,0,1,2,0,0,0
4029,2021,4,3,0,0,0,0,1,0,1,0
4029,2023,3,3,0,0,0,0,0,0,0,0
4047,2021,6,5,0,0,0,0,1,0,2,0
4047,2024,5,5,2,0,0,0,0,0,1,0
4051,2023,1,1,0,0,0,0,0,0,0,0
4051,2025,1,1,0,0,0,0,0,0,0,0
4055,2016,2,2,0,0,0,0,0,0,0,0
4055,2017,1,1,0,0,0,0,0,0,1,0
4055,2018,1,1,1,1,0,0,0,0,0,0
4055,2019,1,1,0,0,0,0,0,0,0,0
4072,2023,1,1,0,0,0,0,0,0,0,0
4073,2025,1,1,0,0,0,0,0,0,1,0
4077,2019,6,6,0,0,0,0,0,0,3,0
4077,2020,9,7,3,1,0,1,2,0,1,0
4077,2021,10,7,1,0,0,0,3,0,1,0
4077,2022,2,1,0,0,0,0,1,0,1,0
4077,2023,3,3,1,0,0,1,0,0,0,0
4087,2016,2,2,1,0,0,0,0,0,0,0
4087,2018,1,1,0,0,0,0,0,0,0,0
4091,2018,3,1,1,0,0,0,2,0,0,0
4091,2021,4,4,0,0,0,0,0,0,2,0
4091,2026,2,2,0,0,0,0,0,0,1,0
4103,2018,3,3,0,0,0,0,0,0,1,0
4109,2012,3,2,0,0,0,0,1,0,0,0
4110,2018,3,3,1,0,0,0,0,0,0,0
4114,2018,1,1,0,0,0,0,0,0,0,0
4121,2018,2,2,2,0,0,0,0,0,0,0
4130,2022,3,2,0,0,0,0,1,0,0,0
4130,2023,2,1,1,0,0,0,1,0,0,0
4130,2024,2,2,1,1,0,0,0,0,0,0
4148,2025,2,2,0,0,0,0,0,0,0,0
4151,2023,2,2,1,0,0,0,0,0,0,0
4164,2010,1,1,0,0,0,0,0,0,0,0
4170,2010,3,3,0,0,0,0,0,0,1,0
4170,2011,3,1,0,0,0,0,2,0,0,0
4170,2013,3,2,1,0,0,0,1,0,1,0
4170,2016,3,2,0,0,0,0,0,0,0,1
4170,2018,6,5,3,1,0,1,1,0,0,0
4180,2011,2,2,1,0,0,0,0,0,0,0
4182,2012,3,1,0,0,0,0,2,0,1,0
4182,2013,3,3,0,0,0,0,0,0,1,0
4182,2014,3,0,0,0,0,0,2,1,0,0
4182,2016,7,6,3,2,0,0,1,0,0,0
4182,2017,9,6,1,0,0,0,3,0,3,0
4184,2017,1,1,0,0,0,0,0,0,0,0
4184,2023,3,2,0,0,0,0,1,0,0,0
4186,2018,1,1,0,0,0,0,0,0,0,0
4196,2024,1,1,0,0,0,0,0,0,0,0
4198,2025,2,2,0,0,0,0,0,0,0,0
4207,2016,1,0,0,0,0,0,1,0,0,0
4213,2025,5,5,0,0,0,0,0,0,0,0
4221,2023,3,3,0,0,0,0,0,0,1,0
4231,2015,4,4,2,0,0,0,0,0,0,0
4232,2021,2,2,0,0,0,0,0,0,0,0
4243,2018,1,1,1,0,0,1,0,0,0,0
4254,2018,5,5,2,0,0,1,0,0,1,0
4260,2015,5,3,1,0,0,1,2,0,0,0
4278,2019,1,1,0,0,0,0,0,0,0,0
4278,2023,2,2,0,0,0,0,0,0,0,0
4281,2018,2,2,0,0,0,0,0,0,0,0
4283,2015,6,6,2,0,0,0,0,0,1,0
4283,2016,7,6,2,0,0,1,1,0,0,0
4283,2021,1,1,0,0,0,0,0,0,0,0
4283,2022,1,1,0,0,0,0,0,0,0,0
4288,2011,1,1,0,0,0,0,0,0,0,0
4288,2012,1,0,0,0,0,0,1,0,0,0
4289,2018,6,4,1,0,0,0,2,0,1,0
4289,2022,3,3,0,0,0,0,0,0,0,0
4290,2022,3,2,0,0,0,0,1,0,1,0
4290,2023,5,3,0,0,0,0,2,0,0,0
4292,2014,6,5,0,0,0,0,1,0,1,0
4292,2015,6,6,1,0,0,0,0,0,1,0
4292,2016,3,2,0,0,0,0,1,0,1,0
4292,2017,8,7,1,0,0,0,1,0,3,0
4292,2020,3,2,1,0,0,0,1,0,1,0
4292,2021,3,3,1,0,0,0,0,0,2,0
4292,2022,2,2,0,0,0,0,0,0,0,0
4302,2016,3,3,1,0,0,1,0,0,1,0
4302,2017,1,1,0,0,0,0,0,0,1,0
4302,2019,2,1,0,0,0,0,1,0,1,0
4302,2021,1,1,0,0,0,0,0,0,0,0
4302,2025,1,1,0,0,0,0,0,0,1,0
4311,2023,5,5,0,0,0,0,0,0,3,0
4327,2014,3,3,0,0,0,0,0,0,1,0
4327,2015,3,2,1,1,0,0,1,0,0,0
4327,2016,4,4,0,0,0,0,0,0,1,0
4327,2017,1,1,1,0,0,0,0,0,0,0
4336,2011,2,1,0,0,0,0,1,0,1,0
4337,2014,2,2,1,0,0,0,0,0,1,0
4337,2015,2,2,0,0,0,0,0,0,0,0
4337,2016,2,2,2,0,1,1,0,0,0,0
4344,2012,3,2,0,0,0,0,0,1,1,0
4344,2017,3,3,1,1,0,0,0,0,1,0
4344,2018,6,6,2,1,0,0,0,0,1,0
4344,2021,6,6,1,0,0,0,0,0,0,0
4350,2013,6,4,2,0,0,1,2,0,0,0
4350,2016,3,2,0,0,0,0,1,0,0,0
4361,2012,1,0,0,0,0,0,1,0,0,0
4386,2023,2,2,1,1,0,0,0,0,0,0
4386,2024,1,1,0,0,0,0,0,0,1,0
4396,2018,4,2,1,0,0,0,2,0,0,0
4403,2025,1,0,0,0,0,0,1,0,0,0
4405,2016,1,1,0,0,0,0,0,0,0,0
4405,2021,1,1,0,0,0,0,0,0,1,0
4408,2014,2,1,0,0,0,0,1,0,0,0
4408,2018,4,4,1,0,0,0,0,0,0,0
4408,2019,1,1,0,0,0,0,0,0,0,0
4409,2018,3,2,0,0,0,0,1,0,2,0
4410,2023,1,1,0,0,0,0,0,0,0,0
4411,2024,1,1,0,0,0,0,0,0,0,0
4412,2014,2,2,1,1,0,0,0,0,0,0
4415,2018,4,2,1,1,0,0,2,0,1,0
4415,2019,1,1,0,0,0,0,0,0,0,0
4429,2014,2,2,0,0,0,0,0,0,1,0
4445,2016,1,1,0,0,0,0,0,0,1,0
4445,2021,1,1,0,0,0,0,0,0,0,0
4449,2011,6,5,2,1,0,1,1,0,0,0
4449,2013,12,11,4,1,0,0,1,0,2,0
4449,2014,6,5,4,1,0,1,1,0,0,0
4449,2015,12,8,1,1,0,0,4,0,1,0
4454,2013,4,4,2,0,0,1,0,0,1,0
4457,2021,3,1,1,1,0,0,2,0,0,0
4491,2018,1,1,0,0,0,0,0,0,0,0
4491,2025,3,2,0,0,0,0,1,0,2,0
4498,2025,1,1,0,0,0,0,0,0,0,0
4504,2020,1,0,0,0,0,0,1,0,0,0
4513,2019,1,0,0,0,0,0,1,0,0,0
4514,2017,2,2,1,0,0,0,0,0,0,0
4529,2019,1,1,0,0,0,0,0,0,0,0
4530,2013,2,1,1,0,0,1,1,0,0,0
4539,2025,1,1,0,0,0,0,0,0,0,0
4543,2013,3,3,0,0,0,0,0,0,0,0
4543,2016,6,5,2,0,0,0,1,0,0,0
4543,2017,6,6,1,0,0,0,0,0,0,0
4550,2020,1,0,0,0,0,0,1,0,0,0
4550,2024,1,1,1,0,0,0,0,0,0,0
4561,2011,3,2,0,0,0,0,1,0,1,0
4561,2015,2,2,0,0,0,0,0,0,1,0
4561,2017,16,15,5,0,0,2,1,0,1,0
4573,2024,2,2,0,0,0,0,0,0,0,0
4573,2025,3,3,0,0,0,0,0,0,1,0
4579,2021,1,1,0,0,0,0,0,0,0,0
4589,2025,1,0,0,0,0,0,1,0,0,0
4598,2010,1,1,1,1,0,0,0,0,0,0
4610,2014,3,3,1,0,0,0,0,0,0,0
4610,2015,5,4,1,0,0,0,1,0,0,0
4610,2016,3,3,2,1,0,0,0,0,0,0
4610,2017,4,3,1,0,0,0,1,0,1,0
4610,2018,3,3,2,0,0,0,0,0,0,0
4610,2021,11,10,3,0,0,0,1,0,0,0
4611,2010,3,3,1,0,0,1,0,0,0,0
4611,2013,3,3,1,1,0,0,0,0,0,0
4612,2014,5,2,0,0,0,0,3,0,0,0
4612,2015,5,4,1,1,0,0,1,0,0,0
4612,2016,1,1,1,0,0,0,0,0,0,0
4612,2017,3,3,1,1,0,0,0,0,0,0
4612,2019,3,2,1,0,0,0,1,0,0,0
4619,2011,3,3,0,0,0,0,0,0,0,0
4620,2011,9,7,1,0,0,0,2,0,3,0
4620,2012,5,5,0,0,0,0,0,0,2,0
4620,2014,3,3,0,0,0,0,0,0,0,0
4635,2019,3,3,0,0,0,0,0,0,1,0
4655,2023,2,2,1,0,0,0,0,0,0,0
4656,2023,2,1,0,0,0,0,1,0,0,0
4656,2024,3,3,1,0,0,0,0,0,0,0
4656,2025,2,2,0,0,0,0,0,0,0,0
4662,2024,3,3,1,1,0,0,0,0,0,0
4665,2012,3,1,0,0,0,0,2,0,1,0
4665,2013,5,5,0,0,0,0,0,0,1,0
4666,2011,3,3,2,1,0,1,0,0,0,0
4666,2012,3,3,0,0,0,0,0,0,0,0
4685,2017,1,1,0,0,0,0,0,0,0,0
4686,2024,1,1,1,0,0,0,0,0,0,0
4694,2025,2,2,0,0,0,0,0,0,0,0
4702,2023,1,1,1,0,0,1,0,0,0,0
4702,2024,1,1,0,0,0,0,0,0,0,0
4702,2025,3,3,0,0,0,0,0,0,0,0
4705,2016,3,1,0,0,0,0,2,0,0,0
4705,2018,4,4,0,0,0,0,0,0,0,0
4705,2020,2,2,0,0,0,0,0,0,0,0
4705,2021,5,4,0,0,0,0,1,0,1,0
4715,2017,1,1,0,0,0,0,0,0,0,0
4717,2023,2,2,1,1,0,0,0,0,0,0
4731,2012,4,4,1,0,0,0,0,0,0,0
4731,2015,1,1,0,0,0,0,0,0,1,0
4757,2015,3,3,0,0,0,0,0,0,0,0
4757,2021,3,3,0,0,0,0,0,0,0,0
4757,2023,2,2,0,0,0,0,0,0,1,0
4757,2024,3,3,1,0,0,1,0,0,0,0
4760,2021,2,1,1,0,0,0,1,0,0,0
4760,2022,2,2,1,1,0,0,0,0,0,0
4785,2011,1,1,0,0,0,0,0,0,1,0
4800,2024,1,1,1,1,0,0,0,0,0,0
4801,2011,3,2,0,0,0,0,1,0,1,0
4801,2012,6,5,0,0,0,0,1,0,1,0
4801,2013,2,2,2,0,0,0,0,0,0,0
4801,2017,2,2,0,0,0,0,0,0,0,0
4801,2018,3,2,0,0,0,0,1,0,0,0
4807,2021,2,2,0,0,0,0,0,0,1,0
4807,2023,1,1,0,0,0,0,0,0,1,0
4807,2024,1,1,1,0,0,0,0,0,0,0
4807,2025,1,1,0,0,0,0,0,0,0,0
4810,2015,2,2,1,1,0,0,0,0,1,0
4810,2016,1,1,1,0,0,1,0,0,0,0
4810,2017,1,1,0,0,0,0,0,0,1,0
4810,2018,1,1,0,0,0,0,0,0,0,0
4810,2019,1,1,0,0,0,0,0,0,1,0
4821,2018,6,5,2,1,0,0,1,0,0,0
4821,2020,3,3,0,0,0,0,0,0,0,0
4821,2023,6,5,2,0,1,0,1,0,0,0
4821,2024,2,2,1,1,0,0,0,0,0,0
4821,2025,3,3,1,0,0,0,0,0,0,0
4823,2011,3,3,0,0,0,0,0,0,2,0
4823,2012,6,5,0,0,0,0,1,0,0,0
4823,2013,5,3,1,0,0,1,2,0,0,0
4823,2015,1,1,0,0,0,0,0,0,0,0
4823,2016,1,1,0,0,0,0,0,0,1,0
4823,2019,2,2,0,0,0,0,0,0,1,0
4823,2021,2,2,1,0,0,1,0,0,0,0
4823,2022,2,2,0,0,0,0,0,0,1,0
4825,2011,1,0,0,0,0,0,1,0,0,0
4828,2021,1,1,0,0,0,0,0,0,0,0
4843,2025,1,1,0,0,0,0,0,0,1,0
4858,2021,2,2,0,0,0,0,0,0,0,0
4858,2022,2,1,0,0,0,0,1,0,0,0
4858,2023,2,1,0,0,0,0,1,0,0,0
4867,2019,1,1,0,0,0,0,0,0,0,0
4867,2022,1,1,0,0,0,0,0,0,0,0
4884,2020,2,2,0,0,0,0,0,0,0,0
4884,2022,1,1,0,0,0,0,0,0,0,0
4884,2024,2,1,0,0,0,0,1,0,0,0
4886,2017,1,1,0,0,0,0,0,0,0,0
4886,2018,2,2,0,0,0,0,0,0,1,0
4886,2019,1,1,0,0,0,0,0,0,1,0
4888,2019,1,0,0,0,0,0,1,0,0,0
4888,2021,1,1,0,0,0,0,0,0,1,0
4889,2023,1,0,0,0,0,0,1,0,0,0
4889,2025,1,1,0,0,0,0,0,0,1,0
4892,2018,1,1,0,0,0,0,0,0,1,0
4896,2011,3,3,0,0,0,0,0,0,1,0
4896,2012,9,8,3,2,0,0,1,0,0,0
4896,2013,3,3,0,0,0,0,0,0,1,0
4896,2014,6,4,0,0,0,0,2,0,0,0
4903,2022,3,3,0,0,0,0,0,0,0,0
4904,2023,1,1,1,0,0,0,0,0,0,0
4918,2013,6,5,2,1,0,0,1,0,1,0
4935,2010,1,1,1,0,0,1,0,0,0,0
4946,2012,5,5,0,0,0,0,0,0,4,0
4946,2013,1,1,0,0,0,0,0,0,1,0
4946,2014,5,3,0,0,0,0,2,0,0,0
4946,2015,5,4,0,0,0,0,1,0,2,0
4946,2016,1,1,0,0,0,0,0,0,0,0
4946,2017,2,2,1,0,0,1,0,0,1,0
4946,2018,1,1,1,0,0,1,0,0,0,0
4946,2019,1,1,0,0,0,0,0,0,1,0
4953,2023,1,1,0,0,0,0,0,0,0,0
4953,2024,1,1,0,0,0,0,0,0,1,0
4961,2018,1,0,0,0,0,0,1,0,0,0
4967,2020,2,1,0,0,0,0,1,0,0,0
4967,2021,1,1,0,0,0,0,0,0,1,0
4979,2018,2,1,0,0,0,0,1,0,0,0
4979,2022,1,1,0,0,0,0,0,0,0,0
4979,2023,4,2,1,0,0,0,2,0,1,0
4994,2017,1,1,1,0,1,0,0,0,0,0
4994,2019,1,0,0,0,0,0,1,0,0,0
5006,2022,1,1,1,0,0,0,0,0,0,0
5010,2025,1,1,0,0,0,0,0,0,0,0
5016,2012,2,2,0,0,0,0,0,0,0,0
5016,2017,3,3,1,0,0,0,0,0,0,0
5016,2020,4,4,2,1,0,0,0,0,0,0
5016,2021,6,6,2,1,0,1,0,0,1,0
5016,2023,2,2,2,0,0,0,0,0,0,0
5023,2019,2,2,0,0,0,0,0,0,0,0
5023,2022,1,1,1,0,0,0,0,0,0,0
5023,2024,2,2,0,0,0,0,0,0,0,0
5040,2018,1,1,0,0,0,0,0,0,0,0
5047,2025,1,1,0,0,0,0,0,0,0,0
5053,2011,9,7,0,0,0,0,1,0,2,1
5053,2012,9,7,2,1,0,0,2,0,1,0
5053,2013,5,4,1,0,0,0,1,0,2,0
5053,2015,2,2,1,1,0,0,0,0,0,0
5053,2016,3,3,0,0,0,0,0,0,0,0
5060,2024,1,1,0,0,0,0,0,0,0,0
5065,2023,5,4,2,1,0,0,1,0,0,0
5065,2024,1,1,0,0,0,0,0,0,0,0
5069,2011,2,2,0,0,0,0,0,0,0,0
5070,2025,1,1,0,0,0,0,0,0,0,0
5075,2018,1,1,1,0,0,0,0,0,0,0
5075,2023,1,1,0,0,0,0,0,0,0,0
5075,2024,1,1,0,0,0,0,0,0,1,0
5085,2023,2,2,0,0,0,0,0,0,1,0
5089,2018,1,1,0,0,0,0,0,0,0,0
5093,2011,9,8,4,1,0,1,1,0,1,0
5093,2012,9,8,2,0,0,1,1,0,2,0
5093,2013,3,2,1,0,0,0,1,0,0,0
5093,2016,5,5,0,0,0,0,0,0,1,0
5093,2017,9,7,1,0,0,0,2,0,0,0
5093,2018,2,2,0,0,0,0,0,0,0,0
5093,2020,1,1,0,0,0,0,0,0,0,0
5093,2021,4,3,0,0,0,0,1,0,1,0
5094,2011,1,1,0,0,0,0,0,0,0,0
5094,2012,4,2,0,0,0,0,2,0,0,0
5094,2013,3,3,0,0,0,0,0,0,1,0
5094,2014,4,3,0,0,0,0,1,0,2,0
5094,2017,1,1,0,0,0,0,0,0,1,0
5094,2018,3,3,0,0,0,0,0,0,1,0
5094,2020,2,2,0,0,0,0,0,0,0,0
5107,2021,2,2,0,0,0,0,0,0,0,0
5107,2022,2,2,0,0,0,0,0,0,1,0
5107,2023,1,1,0,0,0,0,0,0,0,0
5107,2024,2,2,0,0,0,0,0,0,0,0
5109,2017,6,4,1,0,0,0,2,0,1,0
5110,2024,1,1,1,0,0,0,0,0,0,0
5110,2026,2,2,0,0,0,0,0,0,1,0
5124,2023,1,1,0,0,0,0,0,0,0,0
5124,2024,1,1,0,0,0,0,0,0,0,0
5124,2025,2,2,0,0,0,0,0,0,0,0
5127,2021,1,1,1,0,0,1,0,0,0,0
5127,2023,1,1,0,0,0,0,0,0,0,0
5137,2012,1,1,0,0,0,0,0,0,1,0
5137,2013,2,2,0,0,0,0,0,0,1,0
5137,2015,3,3,0,0,0,0,0,0,0,0
5137,2017,1,1,0,0,0,0,0,0,0,0
5149,2013,1,1,1,0,0,0,0,0,0,0
5151,2025,3,3,0,0,0,0,0,0,2,0
5164,2012,1,0,0,0,0,0,1,0,0,0
5165,2024,3,3,1,0,0,0,0,0,0,0
5165,2025,3,0,0,0,0,0,1,1,0,1
5196,2020,2,2,1,0,0,1,0,0,0,0
5196,2021,1,1,1,0,0,0,0,0,0,0
5197,2022,3,3,1,0,0,1,0,0,0,0
5203,2017,1,0,0,0,0,0,1,0,0,0
5213,2016,1,1,0,0,0,0,0,0,1,0
5213,2017,2,2,1,1,0,0,0,0,1,0
5231,2024,1,0,0,0,0,0,1,0,0,0
5231,2025,2,1,0,0,0,0,1,0,0,0
5234,2011,3,3,0,0,0,0,0,0,0,0
5234,2018,2,2,1,1,0,0,0,0,1,0
5234,2019,2,2,0,0,0,0,0,0,0,0
5234,2023,1,1,0,0,0,0,0,0,0,0
5234,2024,1,1,0,0,0,0,0,0,0,0
5235,2022,2,2,0,0,0,0,0,0,0,0
5235,2023,3,3,1,0,0,0,0,0,0,0
5235,2024,3,3,0,0,0,0,0,0,1,0
5243,2014,3,1,0,0,0,0,2,0,0,0
5246,2014,2,1,0,0,0,0,1,0,1,0
5246,2016,1,1,1,0,0,1,0,0,0,0
5252,2011,1,1,0,0,0,0,0,0,0,0
5254,2012,1,0,0,0,0,0,1,0,0,0
5254,2015,1,1,0,0,0,0,0,0,1,0
5254,2018,2,1,0,0,0,0,1,0,0,0
5254,2019,1,1,0,0,0,0,0,0,0,0
5258,2011,3,2,0,0,0,0,1,0,1,0
5258,2012,3,3,0,0,0,0,0,0,2,0
5258,2014,7,7,1,0,0,0,0,0,3,0
5258,2015,10,9,2,1,0,0,0,0,0,1
5258,2017,3,3,1,0,0,0,0,0,1,0
5270,2011,4,4,2,1,0,0,0,0,0,0
5270,2012,5,4,3,1,0,1,1,0,1,0
5270,2013,2,1,0,0,0,0,1,0,0,0
5293,2012,3,3,1,1,0,0,0,0,1,0
5293,2013,1,1,0,0,0,0,0,0,0,0
5293,2023,1,1,1,0,0,1,0,0,0,0
5305,2025,1,1,1,1,0,0,0,0,0,0
5305,2026,1,1,0,0,0,0,0,0,0,0
5312,2014,3,3,1,0,0,1,0,0,0,0
5312,2015,2,2,2,0,0,0,0,0,0,0
5312,2016,1,1,0,0,0,0,0,0,0,0
5312,2021,2,1,0,0,0,0,1,0,0,0
5312,2022,1,1,0,0,0,0,0,0,0,0
5329,2015,2,2,1,1,0,0,0,0,1,0
5329,2018,1,1,0,0,0,0,0,0,0,0
5329,2020,1,1,0,0,0,0,0,0,0,0
5329,2022,2,2,0,0,0,0,0,0,2,0
5329,2023,1,1,0,0,0,0,0,0,1,0
5329,2025,1,1,0,0,0,0,0,0,1,0
5334,2024,3,2,0,0,0,0,1,0,1,0
5334,2025,2,2,1,0,0,1,0,0,0,0
5353,2021,3,3,1,0,0,0,0,0,0,0
5353,2022,6,5,2,0,0,0,1,0,1,0
5353,2024,2,2,1,0,0,0,0,0,1,0
5355,2023,6,5,1,0,0,1,1,0,1,0
5355,2025,3,3,1,0,0,0,0,0,0,0
5361,2012,1,1,0,0,0,0,0,0,0,0
5364,2012,4,4,1,0,0,0,0,0,3,0
5364,2013,3,3,1,1,0,0,0,0,1,0
5364,2014,3,3,1,0,0,0,0,0,1,0
5373,2023,3,2,0,0,0,0,1,0,0,0
5384,2011,6,5,1,0,0,0,1,0,0,0
5384,2015,1,1,0,0,0,0,0,0,0,0
5386,2023,1,1,0,0,0,0,0,0,0,0
5389,2016,2,2,0,0,0,0,0,0,0,0
5389,2019,1,1,0,0,0,0,0,0,1,0
5403,2022,3,2,0,0,0,0,1,0,1,0
5404,2025,1,1,1,1,0,0,0,0,0,0
5420,2011,2,1,1,0,1,0,1,0,0,0
5427,2019,1,1,0,0,0,0,0,0,1,0
5438,2012,2,2,0,0,0,0,0,0,1,0
5438,2013,1,1,0,0,0,0,0,0,0,0
5440,2018,2,2,0,0,0,0,0,0,0,0
5440,2024,2,2,0,0,0,0,0,0,0,0
5440,2025,1,0,0,0,0,0,1,0,0,0
5440,2026,1,1,0,0,0,0,0,0,1,0
5443,2024,2,2,1,1,0,0,0,0,0,0
5451,2023,3,3,0,0,0,0,0,0,0,0
5454,2021,8,7,0,0,0,0,1,0,0,0
5454,2022,1,0,0,0,0,0,1,0,0,0
5458,2017,4,2,0,0,0,0,1,1,0,0
5462,2011,1,1,0,0,0,0,0,0,0,0
5462,2012,1,1,0,0,0,0,0,0,0,0
5462,2020,1,1,0,0,0,0,0,0,1,0
5471,2011,1,0,0,0,0,0,1,0,0,0
5479,2015,4,4,1,0,0,0,0,0,0,0
5479,2016,3,3,0,0,0,0,0,0,0,0
5479,2017,6,4,1,0,0,1,2,0,2,0
5479,2018,1,1,0,0,0,0,0,0,0,0
5487,2012,1,1,1,0,0,0,0,0,0,0
5487,2013,1,0,0,0,0,0,1,0,0,0
5487,2014,1,1,0,0,0,0,0,0,1,0
5487,2015,5,5,1,0,0,0,0,0,1,0
5487,2016,1,1,0,0,0,0,0,0,0,0
5494,2019,2,2,0,0,0,0,0,0,0,0
5497,2015,1,1,0,0,0,0,0,0,1,0
5499,2022,2,1,0,0,0,0,1,0,0,0
5507,2019,2,1,1,1,0,0,1,0,0,0
5507,2020,2,2,0,0,0,0,0,0,0,0
5507,2021,2,1,0,0,0,0,1,0,1,0
5507,2022,1,1,0,0,0,0,0,0,1,0
5507,2024,2,1,0,0,0,0,1,0,1,0
5515,2014,4,1,1,0,0,1,3,0,0,0
5515,2015,6,5,0,0,0,0,1,0,1,0
5515,2016,2,2,1,0,0,0,0,0,0,0
5517,2025,2,2,1,0,0,0,0,0,0,0
5527,2019,2,1,0,0,0,0,1,0,1,0
5549,2016,3,3,1,1,0,0,0,0,1,0
5562,2012,3,3,1,0,0,0,0,0,0,0
5562,2013,3,3,0,0,0,0,0,0,0,0
5563,2011,1,1,0,0,0,0,0,0,0,0
5563,2012,1,1,0,0,0,0,0,0,0,0
5563,2013,3,1,0,0,0,0,2,0,1,0
5563,2014,4,3,0,0,0,0,1,0,0,0
5569,2014,3,3,1,0,0,0,0,0,0,0
5583,2018,1,1,0,0,0,0,0,0,0,0
5583,2022,1,1,0,0,0,0,0,0,1,0
5583,2024,2,2,0,0,0,0,0,0,0,0
5642,2024,3,3,0,0,0,0,0,0,2,0
5649,2012,3,2,1,0,0,0,1,0,0,0
5649,2013,3,3,0,0,0,0,0,0,1,0
5649,2015,1,0,0,0,0,0,1,0,0,0
5649,2016,4,4,1,0,0,1,0,0,2,0
5649,2017,3,2,1,0,0,0,1,0,1,0
5649,2019,1,1,1,0,0,0,0,0,0,0
5649,2020,1,0,0,0,0,0,1,0,0,0
5683,2013,1,0,0,0,0,0,1,0,0,0
5691,2025,1,1,0,0,0,0,0,0,0,0
5707,2017,4,4,3,0,0,0,0,0,0,0
5707,2019,14,10,4,1,0,0,4,0,1,0
5707,2020,4,4,1,0,0,1,0,0,0,0
5707,2024,3,3,1,0,0,1,0,0,1,0
5708,2025,2,2,0,0,0,0,0,0,1,0
5709,2019,3,3,1,0,0,0,0,0,0,0
5719,2016,1,1,0,0,0,0,0,0,0,0
5719,2017,5,5,0,0,0,0,0,0,2,0
5719,2019,2,2,1,0,0,0,0,0,1,0
5719,2025,3,2,0,0,0,0,1,0,0,0
5732,2021,3,2,0,0,0,0,1,0,0,0
5732,2022,8,6,0,0,0,0,2,0,2,0
5735,2021,4,4,1,0,0,1,0,0,1,0
5735,2022,1,1,0,0,0,0,0,0,0,0
5739,2015,6,6,1,0,0,0,0,0,2,0
5739,2016,6,3,1,0,0,0,3,0,0,0
5743,2011,3,2,1,0,0,1,1,0,0,0
5754,2021,2,2,0,0,0,0,0,0,1,0
5757,2014,4,4,0,0,0,0,0,0,1,0
5773,2015,1,1,0,0,0,0,0,0,0,0
5777,2019,4,2,0,0,0,0,2,0,1,0
5777,2020,6,6,2,0,0,0,0,0,0,0
5777,2022,1,0,0,0,0,0,1,0,0,0
5777,2024,1,1,0,0,0,0,0,0,0,0
5777,2025,1,1,1,0,0,0,0,0,0,0
5778,2016,1,1,0,0,0,0,0,0,0,0
5782,2012,3,2,0,0,0,0,0,0,1,1
5782,2015,3,3,0,0,0,0,0,0,0,0
5782,2016,3,2,0,0,0,0,1,0,0,0
5782,2017,1,1,0,0,0,0,0,0,0,0
5782,2022,1,1,0,0,0,0,0,0,1,0
5786,2024,4,3,0,0,0,0,1,0,0,0
5788,2023,2,2,0,0,0,0,0,0,2,0
5789,2020,2,1,0,0,0,0,1,0,0,0
5789,2021,2,1,0,0,0,0,1,0,0,0
5789,2023,3,3,0,0,0,0,0,0,1,0
5789,2024,3,3,0,0,0,0,0,0,1,0
5789,2025,2,2,0,0,0,0,0,0,1,0
5790,2023,1,1,1,0,0,0,0,0,0,0
5790,2025,1,1,0,0,0,0,0,0,0,0
5797,2013,1,1,0,0,0,0,0,0,1,0
5797,2014,1,1,0,0,0,0,0,0,1,0
5797,2019,1,1,1,0,0,1,0,0,0,0
5803,2023,1,1,0,0,0,0,0,0,0,0
5803,2024,1,1,1,0,0,0,0,0,0,0
5815,2010,3,1,1,1,0,0,1,0,0,1
5819,2011,4,3,0,0,0,0,1,0,2,0
5819,2016,19,17,4,1,0,1,2,0,3,0
5819,2017,4,3,0,0,0,0,1,0,0,0
5819,2019,3,1,0,0,0,0,2,0,1,0
5819,2020,1,1,0,0,0,0,0,0,0,0
5819,2022,1,1,0,0,0,0,0,0,0,0
5845,2017,3,3,0,0,0,0,0,0,0,0
5845,2018,2,2,0,0,0,0,0,0,0,0
5845,2023,2,2,0,0,0,0,0,0,0,0
5845,2025,2,1,1,0,0,0,1,0,0,0
5851,2012,3,3,0,0,0,0,0,0,1,0
5851,2013,5,4,1,0,0,1,1,0,0,0
5851,2015,6,5,2,0,0,0,1,0,3,0
5851,2017,4,3,1,0,0,0,1,0,0,0
5851,2020,3,3,0,0,0,0,0,0,0,0
5851,2021,8,8,2,0,0,0,0,0,1,0
5851,2022,2,1,0,0,0,0,1,0,0,0
5869,2019,6,5,1,0,0,0,1,0,2,0
5869,2021,2,2,1,0,0,0,0,0,0,0
5869,2022,1,0,0,0,0,0,1,0,0,0
5869,2023,3,2,0,0,0,0,1,0,0,0
5869,2024,3,3,1,0,0,1,0,0,0,0
5881,2021,2,1,0,0,0,0,1,0,1,0
5883,2016,3,3,0,0,0,0,0,0,1,0
5883,2017,1,0,0,0,0,0,1,0,0,0
5883,2023,1,1,0,0,0,0,0,0,1,0
5888,2024,1,1,0,0,0,0,0,0,0,0
5888,2025,1,1,0,0,0,0,0,0,0,0
5896,2021,2,2,1,1,0,0,0,0,0,0
5900,2021,3,2,1,0,0,0,1,0,0,0
5900,2022,1,1,0,0,0,0,0,0,1,0
5900,2023,2,2,0,0,0,0,0,0,1,0
5900,2024,3,3,0,0,0,0,0,0,1,0
5900,2025,2,2,0,0,0,0,0,0,1,0
5901,2018,3,3,0,0,0,0,0,0,0,0
5905,2018,2,2,0,0,0,0,0,0,1,0
5905,2022,1,1,0,0,0,0,0,0,0,0
5905,2024,1,1,1,0,0,1,0,0,0,0
5905,2025,1,1,0,0,0,0,0,0,0,0
5907,2011,2,1,0,0,0,0,1,0,1,0
5911,2016,2,2,0,0,0,0,0,0,0,0
5917,2023,3,3,1,0,0,1,0,0,1,0
5917,2025,3,3,1,0,0,0,0,0,1,0
5924,2011,1,0,0,0,0,0,1,0,0,0
5929,2018,1,1,0,0,0,0,0,0,1,0
5929,2019,1,0,0,0,0,0,1,0,0,0
5929,2024,1,1,0,0,0,0,0,0,0,0
5929,2025,1,1,0,0,0,0,0,0,1,0
5938,2015,2,2,1,0,0,1,0,0,0,0
5944,2019,2,0,0,0,0,0,2,0,0,0
5953,2023,2,1,1,0,0,1,1,0,0,0
5961,2015,1,1,0,0,0,0,0,0,0,0
5961,2018,1,1,1,0,0,0,0,0,0,0
5962,2023,2,2,1,0,0,1,0,0,0,0
5987,2024,3,2,1,0,0,0,1,0,0,0
5987,2025,5,4,1,0,0,1,1,0,1,0
5988,2018,3,3,1,1,0,0,0,0,1,0
5988,2022,2,2,0,0,0,0,0,0,0,0
5988,2023,1,1,0,0,0,0,0,0,0,0
5990,2016,3,3,0,0,0,0,0,0,1,0
5992,2022,5,4,1,1,0,0,1,0,0,0
5992,2024,1,1,0,0,0,0,0,0,1,0
5992,2025,1,0,0,0,0,0,1,0,0,0
5996,2013,2,1,0,0,0,0,1,0,0,0
6010,2018,2,2,0,0,0,0,0,0,0,0
6017,2021,6,6,3,0,0,2,0,0,2,0
6017,2022,2,0,0,0,0,0,2,0,0,0
6017,2023,6,6,1,0,0,0,0,0,1,0
6055,2022,5,3,0,0,0,0,2,0,1,0
6055,2025,3,3,1,0,0,0,0,0,0,0
6063,2024,1,1,0,0,0,0,0,0,0,0
6069,2013,1,1,0,0,0,0,0,0,1,0
6069,2014,4,4,1,0,0,1,0,0,0,0
6069,2015,1,1,0,0,0,0,0,0,1,0
6091,2021,2,2,0,0,0,0,0,0,2,0
6091,2023,3,2,2,1,0,0,0,0,0,1
6091,2024,1,1,0,0,0,0,0,0,0,0
6099,2012,6,5,0,0,0,0,1,0,3,0
6099,2013,3,1,1,0,0,0,2,0,0,0
6099,2014,3,2,0,0,0,0,1,0,0,0
6113,2017,1,1,0,0,0,0,0,0,0,0
6118,2010,3,2,0,0,0,0,1,0,1,0
6118,2011,3,3,1,0,0,0,0,0,1,0
6118,2013,3,2,0,0,0,0,1,0,0,0
6118,2014,3,3,1,0,0,1,0,0,0,0
6118,2015,3,0,0,0,0,0,3,0,0,0
6127,2011,1,1,0,0,0,0,0,0,0,0
6127,2012,3,2,0,0,0,0,1,0,1,0
6143,2019,1,0,0,0,0,0,1,0,0,0
6151,2016,3,2,0,0,0,0,1,0,0,0
6152,2020,1,1,1,0,0,0,0,0,0,0
6152,2023,2,2,0,0,0,0,0,0,2,0
6155,2023,3,3,0,0,0,0,0,0,1,0
6157,2023,1,1,0,0,0,0,0,0,1,0
6177,2021,3,2,0,0,0,0,1,0,0,0
6177,2024,1,1,0,0,0,0,0,0,1,0
6224,2025,1,1,0,0,0,0,0,0,0,0
6229,2012,5,4,2,1,0,0,1,0,2,0
6229,2013,3,3,1,0,0,0,0,0,1,0
6229,2014,3,3,0,0,0,0,0,0,1,0
6229,2016,3,3,0,0,0,0,0,0,0,0
6230,2024,1,1,0,0,0,0,0,0,0,0
6233,2021,2,2,0,0,0,0,0,0,1,0
6233,2025,3,2,1,0,0,1,1,0,1,0
6240,2018,2,2,1,0,0,0,0,0,0,0
6240,2021,1,1,1,1,0,0,0,0,0,0
6240,2023,3,3,0,0,0,0,0,0,1,0
6240,2024,1,0,0,0,0,0,1,0,0,0
6251,2022,1,1,1,1,0,0,0,0,0,0
6251,2023,2,2,0,0,0,0,0,0,0,0
6253,2023,1,1,0,0,0,0,0,0,1,0
6253,2025,1,0,0,0,0,0,0,1,0,0
6261,2015,2,2,0,0,0,0,0,0,1,0
6261,2016,2,2,0,0,0,0,0,0,0,0
6271,2011,1,1,0,0,0,0,0,0,0,0
6271,2012,2,1,1,0,0,0,1,0,0,0
6273,2011,3,3,0,0,0,0,0,0,2,0
6273,2012,6,4,1,1,0,0,2,0,2,0
6273,2013,3,2,0,0,0,0,0,0,1,1
6273,2015,6,6,1,0,0,0,0,0,0,0
6273,2019,6,6,2,1,0,0,0,0,2,0
6276,2024,3,2,1,1,0,0,0,1,0,0
6276,2025,1,0,0,0,0,0,1,0,0,0
6280,2017,1,0,0,0,0,0,0,1,0,0
6280,2019,1,1,0,0,0,0,0,0,0,0
6280,2022,3,0,0,0,0,0,3,0,0,0
6280,2023,2,2,1,0,0,0,0,0,1,0
6280,2024,3,1,0,0,0,0,2,0,0,0
6282,2010,2,2,1,1,0,0,0,0,0,0
6282,2011,2,2,0,0,0,0,0,0,1,0
6282,2012,2,2,1,0,0,0,0,0,0,0
6292,2013,3,2,0,0,0,0,1,0,2,0
6294,2025,1,1,0,0,0,0,0,0,0,0
6316,2013,2,1,1,0,0,0,1,0,0,0
6335,2023,2,2,0,0,0,0,0,0,1,0
6335,2025,2,2,1,0,0,0,0,0,0,0
6356,2015,1,1,0,0,0,0,0,0,0,0
6356,2017,1,1,0,0,0,0,0,0,0,0
6356,2024,1,1,1,0,0,0,0,0,0,0
6378,2011,3,2,0,0,0,0,1,0,1,0
6378,2012,3,2,1,0,0,0,0,0,1,1
6378,2013,6,6,2,0,0,0,0,0,2,0
6378,2014,3,2,0,0,0,0,1,0,0,0
6378,2015,4,3,1,0,0,0,0,1,0,0
6378,2018,3,3,1,0,0,0,0,0,0,0
6378,2020,5,4,1,1,0,0,1,0,0,0
6378,2021,6,6,1,0,0,0,0,0,1,0
6386,2010,3,3,1,1,0,0,0,0,0,0
6386,2011,3,3,1,0,0,0,0,0,1,0
6386,2012,3,3,2,0,0,0,0,0,1,0
6386,2015,6,3,1,0,0,1,2,0,0,1
6386,2016,3,2,0,0,0,0,1,0,0,0
6408,2025,3,3,1,0,0,0,0,0,1,0
6417,2016,2,2,0,0,0,0,0,0,0,0
6429,2010,3,3,3,1,0,1,0,0,0,0
6431,2014,3,3,0,0,0,0,0,0,1,0
6440,2013,3,3,1,1,0,0,0,0,1,0
6440,2014,3,2,1,1,0,0,1,0,0,0
6444,2012,1,0,0,0,0,0,0,1,0,0
6444,2014,2,2,0,0,0,0,0,0,0,0
6461,2010,3,3,0,0,0,0,0,0,2,0
6461,2011,7,6,2,1,0,0,1,0,0,0
6461,2012,3,1,0,0,0,0,2,0,1,0
6461,2016,3,1,0,0,0,0,2,0,0,0
6461,2017,2,0,0,0,0,0,2,0,0,0
6468,2010,5,5,3,1,0,0,0,0,0,0
6470,2024,1,1,0,0,0,0,0,0,0,0
6470,2025,3,1,0,0,0,0,2,0,0,0
6476,2023,1,1,0,0,0,0,0,0,1,0
6482,2019,1,1,0,0,0,0,0,0,1,0
6482,2020,1,1,0,0,0,0,0,0,0,0
6482,2024,4,4,2,1,0,0,0,0,0,0
6488,2022,1,1,0,0,0,0,0,0,0,0
6493,2018,2,1,0,0,0,0,1,0,0,0
6493,2019,1,1,0,0,0,0,0,0,1,0
6493,2021,1,1,1,1,0,0,0,0,0,0
6493,2022,2,2,0,0,0,0,0,0,0,0
6493,2023,2,2,2,0,0,0,0,0,0,0
6493,2025,1,1,0,0,0,0,0,0,0,0
6495,2014,5,4,1,0,0,1,1,0,2,0
6495,2015,9,7,4,0,0,0,2,0,0,0
6502,2015,3,3,0,0,0,0,0,0,0,0
6507,2018,2,2,0,0,0,0,0,0,0,0
6509,2023,3,3,2,0,0,0,0,0,0,0
6509,2025,4,4,1,0,0,1,0,0,1,0
6518,2011,3,3,0,0,0,0,0,0,0,0
6518,2018,1,1,1,1,0,0,0,0,0,0
6522,2012,3,2,0,0,0,0,1,0,1,0
6522,2015,4,3,1,0,0,0,1,0,1,0
6547,2022,1,1,0,0,0,0,0,0,0,0
6547,2024,2,2,0,0,0,0,0,0,0,0
6547,2025,2,1,0,0,0,0,1,0,0,0
6569,2010,1,1,0,0,0,0,0,0,1,0
6569,2011,1,0,0,0,0,0,1,0,0,0
6571,2018,1,0,0,0,0,0,1,0,0,0
6571,2019,2,1,0,0,0,0,1,0,0,0
6571,2020,1,1,0,0,0,0,0,0,0,0
6571,2021,3,3,1,1,0,0,0,0,1,0
6571,2024,2,2,1,0,0,0,0,0,1,0
6585,2018,2,2,1,0,0,0,0,0,1,0
6585,2019,3,2,0,0,0,0,1,0,0,0
6585,2025,3,3,1,0,0,0,0,0,0,0
6588,2017,3,3,2,0,0,0,0,0,0,0
6588,2019,10,10,1,0,0,0,0,0,1,0
6588,2020,2,2,0,0,0,0,0,0,0,0
6588,2021,3,2,0,0,0,0,1,0,0,0
6588,2022,2,2,0,0,0,0,0,0,0,0
6588,2023,1,1,0,0,0,0,0,0,1,0
6588,2026,2,2,0,0,0,0,0,0,0,0
6593,2025,3,3,1,0,0,1,0,0,1,0
6595,2017,2,2,0,0,0,0,0,0,1,0
6595,2018,2,2,0,0,0,0,0,0,1,0
6595,2019,2,2,1,0,0,1,0,0,0,0
6595,2020,1,1,0,0,0,0,0,0,0,0
6595,2022,2,2,1,0,0,1,0,0,1,0
6595,2023,3,2,1,1,0,0,1,0,0,0
6595,2024,2,1,0,0,0,0,1,0,0,0
6595,2025,3,3,0,0,0,0,0,0,1,0
6601,2013,1,1,1,0,0,0,0,0,0,0
6601,2014,1,0,0,0,0,0,1,0,0,0
6601,2016,1,1,0,0,0,0,0,0,1,0
6601,2017,2,2,0,0,0,0,0,0,1,0
6601,2018,1,1,0,0,0,0,0,0,0,0
6601,2022,4,3,1,0,0,0,1,0,0,0
6601,2023,1,1,0,0,0,0,0,0,0,0
6604,2019,1,0,0,0,0,0,1,0,0,0
6604,2024,1,0,0,0,0,0,1,0,0,0
6610,2024,3,3,2,1,0,0,0,0,0,0
6617,2011,1,1,1,0,0,1,0,0,0,0
6617,2012,2,2,1,1,0,0,0,0,0,0
6617,2015,1,1,1,0,0,0,0,0,0,0
6617,2016,2,2,1,0,0,1,0,0,0,0
6625,2021,3,3,0,0,0,0,0,0,0,0
6633,2018,2,2,0,0,0,0,0,0,1,0
6634,2019,1,1,1,0,0,0,0,0,0,0
6645,2011,2,2,0,0,0,0,0,0,2,0
6645,2013,1,1,0,0,0,0,0,0,0,0
6645,2014,1,1,0,0,0,0,0,0,0,0
6646,2012,1,1,1,0,0,0,0,0,0,0
6646,2013,2,2,1,0,0,0,0,0,0,0
6646,2021,1,1,0,0,0,0,0,0,1,0
6646,2022,1,1,1,1,0,0,0,0,0,0
6652,2018,3,3,1,0,0,1,0,0,2,0
6652,2019,1,1,0,0,0,0,0,0,0,0
6652,2023,3,3,0,0,0,0,0,0,1,0
6652,2024,8,6,1,0,0,0,2,0,0,0
6652,2025,2,1,0,0,0,0,0,0,1,1
6672,2021,2,2,1,0,0,0,0,0,0,0
6672,2023,8,6,1,0,0,0,2,0,1,0
6676,2021,6,6,1,0,0,0,0,0,2,0
6676,2022,3,3,1,0,0,1,0,0,0,0
6676,2024,1,1,0,0,0,0,0,0,0,0
6678,2024,2,2,0,0,0,0,0,0,1,0
6678,2025,1,1,0,0,0,0,0,0,0,0
6682,2015,3,3,2,0,0,0,0,0,1,0
6682,2019,6,5,1,0,0,0,1,0,1,0
6682,2021,6,4,0,0,0,0,2,0,1,0
6682,2022,3,3,0,0,0,0,0,0,1,0
6682,2023,3,3,0,0,0,0,0,0,0,0
6702,2023,3,3,0,0,0,0,0,0,0,0
6707,2014,1,0,0,0,0,0,1,0,0,0
6707,2015,1,1,0,0,0,0,0,0,0,0
6749,2015,3,3,2,0,0,1,0,0,0,0
6749,2016,1,1,0,0,0,0,0,0,1,0
6749,2017,2,2,0,0,0,0,0,0,1,0
6749,2018,3,3,0,0,0,0,0,0,1,0
6751,2018,4,3,1,0,0,0,1,0,0,0
6751,2020,7,6,1,0,0,0,1,0,2,0
6751,2021,3,3,0,0,0,0,0,0,1,0
6751,2023,2,1,0,0,0,0,1,0,0,0
6751,2024,6,5,0,0,0,0,0,0,0,1
6768,2010,1,1,0,0,0,0,0,0,0,0
6773,2018,1,1,1,0,0,1,0,0,0,0
6773,2019,3,1,1,1,0,0,2,0,0,0
6773,2020,3,3,0,0,0,0,0,0,0,0
6773,2024,1,1,0,0,0,0,0,0,0,0
6778,2010,3,1,1,0,0,0,2,0,0,0
6778,2011,3,2,0,0,0,0,0,0,1,1
6778,2013,3,2,1,0,0,0,1,0,0,0
6778,2014,1,1,0,0,0,0,0,0,0,0
6792,2024,1,1,0,0,0,0,0,0,0,0
6810,2016,3,3,0,0,0,0,0,0,1,0
6810,2017,6,5,1,1,0,0,1,0,1,0
6810,2021,3,3,2,0,0,0,0,0,1,0
6810,2022,3,1,1,0,0,0,2,0,0,0
6810,2023,1,0,0,0,0,0,1,0,0,0
6810,2024,3,3,1,0,0,0,0,0,1,0
6810,2025,3,3,1,0,0,0,0,0,0,0
6812,2017,1,0,0,0,0,0,1,0,0,0
6824,2022,3,2,0,0,0,0,1,0,1,0
6824,2024,3,3,1,0,0,0,0,0,0,0
6826,2021,3,2,0,0,0,0,1,0,0,0
6826,2022,6,5,2,0,0,1,1,0,2,0
6826,2024,3,3,2,0,0,1,0,0,1,0
6830,2012,1,1,1,1,0,0,0,0,0,0
6833,2016,1,1,1,0,0,0,0,0,0,0
6849,2010,5,4,1,0,0,0,1,0,1,0
6857,2014,2,2,0,0,0,0,0,0,0,0
6858,2022,1,1,1,0,0,0,0,0,0,0
6858,2023,1,1,0,0,0,0,0,0,0,0
6871,2014,1,0,0,0,0,0,1,0,0,0
6873,2017,2,2,1,0,0,0,0,0,0,0
6873,2018,6,6,1,0,0,0,0,0,2,0
6876,2012,3,3,2,1,0,1,0,0,0,0
6882,2024,2,2,0,0,0,0,0,0,0,0
6886,2019,1,1,0,0,0,0,0,0,0,0
6886,2020,2,0,0,0,0,0,2,0,0,0
6886,2021,2,1,0,0,0,0,1,0,0,0
6895,2012,2,2,0,0,0,0,0,0,0,0
6902,2022,6,6,1,0,0,0,0,0,4,0
6907,2022,2,1,0,0,0,0,0,0,0,1
6923,2022,3,2,0,0,0,0,1,0,0,0
6923,2024,2,2,0,0,0,0,0,0,2,0
6937,2010,4,4,2,1,0,1,0,0,0,0
6943,2023,1,1,1,0,0,0,0,0,0,0
6943,2024,1,1,1,0,0,0,0,0,0,0
6953,2012,1,1,0,0,0,0,0,0,0,0
6961,2014,2,2,0,0,0,0,0,0,0,0
6961,2017,1,1,0,0,0,0,0,0,1,0
6961,2023,2,2,1,1,0,0,0,0,0,0
6976,2013,1,1,1,1,0,0,0,0,0,0
6978,2022,1,0,0,0,0,0,1,0,0,0
6978,2023,1,1,0,0,0,0,0,0,0,0
6988,2024,1,0,0,0,0,0,1,0,0,0
7039,2018,3,3,2,1,0,0,0,0,1,0
7039,2021,2,2,0,0,0,0,0,0,0,0
7039,2022,1,0,0,0,0,0,1,0,0,0
7039,2024,2,2,2,0,0,0,0,0,0,0
7039,2025,2,2,0,0,0,0,0,0,1,0
7041,2011,3,3,1,0,0,0,0,0,1,0
7041,2013,3,2,0,0,0,0,1,0,0,0
7052,2015,1,1,0,0,0,0,0,0,0,0
7055,2013,1,1,0,0,0,0,0,0,1,0
7055,2014,1,1,1,1,0,0,0,0,0,0
7058,2016,3,3,0,0,0,0,0,0,1,0
7058,2018,10,9,2,0,0,1,1,0,1,0
7058,2019,3,3,0,0,0,0,0,0,1,0
7058,2021,2,2,0,0,0,0,0,0,0,0
7058,2022,3,3,1,1,0,0,0,0,0,0
7058,2023,3,2,0,0,0,0,1,0,0,0
7061,2013,3,2,1,1,0,0,1,0,1,0
7061,2014,1,1,0,0,0,0,0,0,1,0
7061,2017,3,3,1,1,0,0,0,0,1,0
7077,2025,2,1,1,0,0,0,1,0,0,0
7086,2014,6,5,1,0,0,0,1,0,1,0
7086,2015,8,8,2,0,0,0,0,0,2,0
7086,2016,3,3,0,0,0,0,0,0,0,0
7086,2019,4,4,1,0,0,1,0,0,0,0
7086,2020,3,3,1,0,0,0,0,0,1,0
7086,2023,1,1,0,0,0,0,0,0,0,0
7092,2018,1,1,0,0,0,0,0,0,1,0
7092,2021,2,1,0,0,0,0,1,0,0,0
7092,2022,5,5,1,0,0,1,0,0,0,0
7101,2018,2,2,0,0,0,0,0,0,0,0
7101,2019,1,0,0,0,0,0,1,0,0,0
7101,2022,2,1,0,0,0,0,0,1,0,0
7101,2025,1,1,0,0,0,0,0,0,0,0
7107,2018,1,0,0,0,0,0,1,0,0,0
7108,2021,1,1,0,0,0,0,0,0,0,0
7110,2010,3,2,1,0,0,0,1,0,0,0
7110,2011,2,1,1,1,0,0,1,0,0,0
7110,2012,3,3,1,0,0,0,0,0,0,0
7117,2024,1,1,0,0,0,0,0,0,1,0
7126,2011,3,3,2,0,0,1,0,0,1,0
7126,2012,4,3,0,0,0,0,1,0,2,0
7126,2014,6,5,1,0,0,0,1,0,0,0
7126,2017,2,2,0,0,0,0,0,0,0,0
7126,2018,9,6,2,1,0,0,3,0,0,0
7137,2016,2,1,1,0,0,0,1,0,0,0
7137,2017,2,1,1,0,0,0,1,0,0,0
7137,2019,5,4,0,0,0,0,1,0,0,0
7137,2020,1,1,0,0,0,0,0,0,0,0
7147,2013,1,1,0,0,0,0,0,0,0,0
7154,2021,2,2,0,0,0,0,0,0,1,0
7154,2023,3,2,1,0,0,0,1,0,1,0
7162,2014,2,2,1,0,0,0,0,0,0,0
7176,2017,3,2,1,0,0,0,1,0,1,0
7194,2012,3,3,1,1,0,0,0,0,0,0
7207,2013,1,1,0,0,0,0,0,0,0,0
7207,2014,2,1,1,0,0,0,1,0,0,0
7207,2015,3,1,0,0,0,0,2,0,0,0
7207,2018,4,3,0,0,0,0,1,0,2,0
7207,2021,2,2,0,0,0,0,0,0,0,0
7207,2024,1,0,0,0,0,0,1,0,0,0
7211,2012,3,3,2,0,0,1,0,0,1,0
7211,2013,2,2,0,0,0,0,0,0,0,0
7211,2014,1,1,0,0,0,0,0,0,1,0
7211,2018,1,1,0,0,0,0,0,0,0,0
7211,2022,1,1,1,0,0,0,0,0,0,0
7220,2014,3,1,1,0,0,1,2,0,0,0
7223,2023,2,1,0,0,0,0,1,0,1,0
7223,2024,2,2,0,0,0,0,0,0,2,0
7239,2014,6,6,2,0,0,0,0,0,4,0
7239,2019,4,4,0,0,0,0,0,0,3,0
7239,2022,1,1,0,0,0,0,0,0,0,0
7239,2023,1,1,0,0,0,0,0,0,0,0
7244,2019,2,2,0,0,0,0,0,0,0,0
7250,2021,11,9,0,0,0,0,2,0,1,0
7250,2022,3,1,0,0,0,0,2,0,0,0
7250,2024,2,2,0,0,0,0,0,0,1,0
7292,2021,1,1,1,0,0,0,0,0,0,0
7306,2019,5,4,2,1,0,0,1,0,1,0
7306,2021,3,3,1,0,0,0,0,0,0,0
7308,2024,1,1,1,0,0,0,0,0,0,0
7318,2024,3,3,0,0,0,0,0,0,0,0
7321,2013,2,2,0,0,0,0,0,0,0,0
7321,2014,2,1,0,0,0,0,1,0,0,0
7321,2015,1,1,0,0,0,0,0,0,0,0
7322,2013,3,3,1,0,0,0,0,0,1,0
7322,2015,5,4,1,0,1,0,1,0,1,0
7327,2022,1,1,1,0,0,0,0,0,0,0
7327,2023,1,1,1,0,0,0,0,0,0,0
7327,2024,1,1,0,0,0,0,0,0,0,0
7328,2023,3,3,1,0,0,0,0,0,0,0
7328,2024,1,1,1,1,0,0,0,0,0,0
7331,2018,1,1,1,1,0,0,0,0,0,0
7331,2021,1,0,0,0,0,0,1,0,0,0
7332,2017,7,6,3,0,0,0,1,0,0,0
7337,2010,1,0,0,0,0,0,1,0,0,0
7338,2021,1,1,0,0,0,0,0,0,0,0
7339,2025,1,1,0,0,0,0,0,0,0,0
7345,2015,1,0,0,0,0,0,0,1,0,0
7345,2016,1,1,0,0,0,0,0,0,0,0
7368,2012,9,6,1,0,0,1,3,0,1,0
7368,2013,5,2,0,0,0,0,3,0,1,0
7373,2014,2,0,0,0,0,0,2,0,0,0
7373,2015,1,0,0,0,0,0,1,0,0,0
7379,2017,2,2,1,0,0,1,0,0,1,0
7379,2019,3,3,1,1,0,0,0,0,0,0
7401,2023,2,2,0,0,0,0,0,0,1,0
7421,2025,2,2,1,0,0,0,0,0,0,0
7424,2018,1,0,0,0,0,0,1,0,0,0
7442,2017,1,1,1,0,0,0,0,0,0,0
7447,2010,2,1,0,0,0,0,1,0,0,0
7447,2011,4,4,1,0,0,0,0,0,0,0
7447,2012,1,1,0,0,0,0,0,0,0,0
7449,2014,3,2,0,0,0,0,1,0,0,0
7449,2018,3,3,1,0,0,0,0,0,0,0
7449,2023,9,9,3,1,0,0,0,0,0,0
7449,2025,2,1,0,0,0,0,1,0,1,0
7456,2014,3,2,2,0,0,0,1,0,0,0
7456,2016,5,5,1,0,0,0,0,0,0,0
7456,2017,6,4,3,1,0,0,2,0,0,0
7456,2019,3,3,1,0,0,1,0,0,0,0
7456,2023,2,1,0,0,0,0,1,0,0,0
7456,2025,2,1,1,0,0,0,1,0,0,0
7459,2011,2,1,0,0,0,0,1,0,0,0
7459,2013,1,1,0,0,0,0,0,0,0,0
7459,2015,2,1,0,0,0,0,0,0,0,1
7459,2016,2,2,0,0,0,0,0,0,0,0
7459,2021,1,1,1,0,0,0,0,0,0,0
7460,2021,3,3,2,1,0,0,0,0,0,0
7464,2024,2,2,1,1,0,0,0,0,1,0
7465,2023,5,5,1,0,0,0,0,0,1,0
7465,2024,2,2,0,0,0,0,0,0,1,0
7477,2024,1,1,1,0,0,0,0,0,0,0
7484,2012,1,1,0,0,0,0,0,0,0,0
7484,2014,2,2,1,0,0,1,0,0,0,0
7485,2018,5,5,1,0,0,0,0,0,2,0
7485,2021,2,2,1,1,0,0,0,0,0,0
7491,2012,6,4,1,0,0,1,2,0,0,0
7499,2024,1,0,0,0,0,0,1,0,0,0
7499,2025,1,1,0,0,0,0,0,0,0,0
7510,2017,3,3,1,0,0,0,0,0,1,0
7510,2019,1,1,0,0,0,0,0,0,0,0
7510,2023,1,1,0,0,0,0,0,0,0,0
7510,2024,1,1,0,0,0,0,0,0,0,0
7514,2022,1,1,0,0,0,0,0,0,1,0
7514,2024,2,2,0,0,0,0,0,0,1,0
7519,2024,1,1,0,0,0,0,0,0,0,0
7521,2012,6,5,3,0,0,0,1,0,1,0
7521,2013,6,6,2,1,0,0,0,0,0,0
7521,2015,4,4,0,0,0,0,0,0,0,0
7521,2016,3,3,2,0,0,0,0,0,0,0
7521,2021,1,1,1,0,0,0,0,0,0,0
7524,2016,1,1,1,0,0,0,0,0,0,0
7524,2017,2,2,0,0,0,0,0,0,0,0
7524,2019,1,1,0,0,0,0,0,0,0,0
7524,2021,4,4,0,0,0,0,0,0,0,0
7524,2022,1,1,0,0,0,0,0,0,0,0
7532,2017,4,4,0,0,0,0,0,0,2,0
7532,2019,6,4,2,0,0,0,2,0,0,0
7536,2018,6,5,2,0,0,0,1,0,0,0
7541,2017,3,3,0,0,0,0,0,0,0,0
7547,2022,1,1,0,0,0,0,0,0,0,0
7547,2023,1,1,0,0,0,0,0,0,1,0
7551,2014,1,1,0,0,0,0,0,0,0,0
7551,2015,2,1,0,0,0,0,1,0,0,0
7565,2010,1,1,0,0,0,0,0,0,0,0
7565,2011,1,0,0,0,0,0,1,0,0,0
7567,2020,2,1,0,0,0,0,1,0,0,0
7567,2021,16,12,1,0,0,0,4,0,4,0
7567,2022,3,2,0,0,0,0,1,0,0,0
7567,2024,3,3,1,0,0,0,0,0,0,0
7567,2025,5,5,0,0,0,0,0,0,1,0
7567,2026,2,2,0,0,0,0,0,0,1,0
7825,2023,3,3,1,0,0,0,0,0,2,0
7825,2025,2,2,1,0,0,0,0,0,0,0
7839,2024,1,1,0,0,0,0,0,0,0,0
7848,2016,1,0,0,0,0,0,1,0,0,0
7849,2022,2,1,1,0,0,0,1,0,0,0
7877,2015,2,2,0,0,0,0,0,0,1,0
7877,2017,1,1,0,0,0,0,0,0,0,0
7877,2019,6,6,2,1,0,0,0,0,2,0
7877,2021,5,4,1,0,0,0,1,0,0,0
7877,2022,1,1,0,0,0,0,0,0,0,0
7881,2017,4,4,2,1,0,1,0,0,0,0
7881,2023,5,5,2,2,0,0,0,0,2,0
7881,2024,2,2,1,1,0,0,0,0,0,0
7883,2024,6,6,0,0,0,0,0,0,3,0
7887,2016,2,2,0,0,0,0,0,0,1,0
7887,2019,3,2,1,0,0,0,1,0,0,0
7895,2016,1,1,0,0,0,0,0,0,0,0
7895,2023,1,1,0,0,0,0,0,0,0,0
7895,2024,2,2,0,0,0,0,0,0,0,0
7905,2017,2,2,0,0,0,0,0,0,0,0
7926,2012,6,4,1,1,0,0,2,0,1,0
7926,2013,2,2,0,0,0,0,0,0,0,0
7926,2015,2,2,0,0,0,0,0,0,1,0
7926,2016,3,3,0,0,0,0,0,0,0,0
7926,2022,4,3,1,0,0,0,1,0,1,0
7926,2023,1,1,0,0,0,0,0,0,0,0
7941,2011,1,1,1,0,0,1,0,0,0,0
7941,2012,3,2,0,0,0,0,1,0,0,0
7941,2015,8,5,3,0,0,0,3,0,1,0
7945,2021,2,1,0,0,0,0,1,0,1,0
7945,2022,1,0,0,0,0,0,1,0,0,0
7956,2023,1,1,1,0,0,0,0,0,0,0
7956,2025,2,2,2,0,0,0,0,0,0,0
7961,2023,1,1,0,0,0,0,0,0,0,0
7974,2021,1,1,0,0,0,0,0,0,0,0
7976,2022,4,4,0,0,0,0,0,0,1,0
7976,2024,2,2,2,0,0,0,0,0,0,0
7987,2016,1,1,0,0,0,0,0,0,0,0
7987,2019,2,1,0,0,0,0,0,1,0,0
7999,2010,3,2,1,0,0,0,1,0,0,0
7999,2011,6,3,2,2,0,0,2,0,0,1
7999,2012,3,2,0,0,0,0,1,0,0,0
7999,2013,3,3,2,0,0,0,0,0,1,0
7999,2014,2,2,0,0,0,0,0,0,2,0
7999,2018,1,1,0,0,0,0,0,0,0,0
8001,2022,1,1,0,0,0,0,0,0,1,0
8015,2017,3,2,1,1,0,0,1,0,0,0
8015,2019,6,6,1,1,0,0,0,0,4,0
8015,2022,3,3,2,0,0,2,0,0,0,0
8015,2025,3,3,1,0,0,0,0,0,0,0
8016,2010,3,2,0,0,0,0,1,0,1,0
8016,2012,1,0,0,0,0,0,1,0,0,0
8016,2013,3,1,0,0,0,0,2,0,0,0
8023,2010,3,2,0,0,0,0,1,0,0,0
8042,2012,2,2,0,0,0,0,0,0,1,0
8049,2017,2,2,1,0,0,0,0,0,0,0
8051,2010,3,3,0,0,0,0,0,0,1,0
8052,2016,2,1,0,0,0,0,1,0,0,0
8053,2023,1,1,0,0,0,0,0,0,0,0
8058,2012,1,1,0,0,0,0,0,0,1,0
8058,2015,2,2,1,0,0,1,0,0,0,0
8078,2022,1,0,0,0,0,0,1,0,0,0
8078,2024,1,1,0,0,0,0,0,0,0,0
8098,2025,1,1,0,0,0,0,0,0,0,0
8133,2017,2,2,0,0,0,0,0,0,1,0
8133,2020,3,3,0,0,0,0,0,0,0,0
8133,2023,3,3,2,1,0,0,0,0,0,0
8134,2024,1,1,0,0,0,0,0,0,0,0
8142,2012,3,2,1,0,0,0,1,0,0,0
8167,2024,1,1,0,0,0,0,0,0,0,0
8172,2023,2,2,2,0,0,0,0,0,0,0
8184,2011,3,2,0,0,0,0,1,0,1,0
8184,2012,2,2,1,1,0,0,0,0,1,0
8184,2014,5,5,2,2,0,0,0,0,1,0
8205,2016,1,1,0,0,0,0,0,0,0,0
8205,2017,2,2,0,0,0,0,0,0,0,0
8223,2015,2,2,0,0,0,0,0,0,1,0
8226,2023,1,1,0,0,0,0,0,0,0,0
8231,2024,2,2,2,0,0,0,0,0,0,0
8236,2016,1,1,1,0,0,1,0,0,0,0
8236,2023,1,1,0,0,0,0,0,0,1,0
8236,2025,1,0,0,0,0,0,1,0,0,0
8237,2015,2,2,1,0,0,0,0,0,1,0
8238,2013,1,1,0,0,0,0,0,0,1,0
8238,2015,3,3,0,0,0,0,0,0,1,0
8238,2016,1,0,0,0,0,0,1,0,0,0
8247,2020,1,1,1,0,0,1,0,0,0,0
8250,2019,1,1,0,0,0,0,0,0,0,0
8252,2024,2,2,0,0,0,0,0,0,1,0
8252,2025,2,2,1,0,0,0,0,0,0,0
8268,2011,2,2,1,0,0,1,0,0,1,0
8280,2024,1,0,0,0,0,0,1,0,0,0
8280,2025,1,0,0,0,0,0,1,0,0,0
8291,2010,6,4,2,1,0,0,2,0,1,0
8294,2010,3,3,1,0,0,0,0,0,0,0
8294,2013,3,3,1,0,0,0,0,0,0,0
8307,2010,2,1,0,0,0,0,1,0,0,0
8315,2018,3,2,0,0,0,0,1,0,1,0
8326,2012,3,2,1,0,0,0,1,0,0,0
8326,2013,1,1,0,0,0,0,0,0,0,0
8326,2014,6,5,1,0,0,0,1,0,2,0
8326,2015,3,2,1,0,0,1,1,0,0,0
8330,2023,3,2,1,0,0,1,1,0,0,0
8330,2024,3,2,1,1,0,0,1,0,0,0
8330,2025,3,2,0,0,0,0,0,1,0,0
8334,2014,12,9,2,1,0,1,3,0,2,0
8334,2015,1,1,0,0,0,0,0,0,0,0
8334,2016,6,6,1,1,0,0,0,0,1,0
8334,2017,5,4,3,1,0,0,1,0,0,0
8345,2012,2,1,0,0,0,0,1,0,0,0
8354,2013,3,3,0,0,0,0,0,0,0,0
8354,2014,3,2,0,0,0,0,1,0,2,0
8354,2015,3,3,0,0,0,0,0,0,0,0
8354,2018,1,1,0,0,0,0,0,0,0,0
8356,2015,2,2,1,0,0,0,0,0,0,0
8356,2016,3,3,2,1,0,0,0,0,1,0
8356,2017,8,6,0,0,0,0,2,0,1,0
8356,2019,9,8,1,0,0,1,0,0,2,1
8356,2020,3,3,0,0,0,0,0,0,1,0
8356,2022,3,3,1,0,0,1,0,0,1,0
8372,2011,3,2,1,0,0,1,1,0,0,0
8372,2015,3,2,0,0,0,0,1,0,1,0
8372,2016,3,3,1,1,0,0,0,0,1,0
8372,2018,3,3,2,1,0,0,0,0,0,0
8372,2019,12,11,4,1,0,1,1,0,1,0
8372,2020,2,0,0,0,0,0,2,0,0,0
8394,2013,2,2,0,0,0,0,0,0,1,0
8394,2014,3,3,1,1,0,0,0,0,1,0
8394,2015,2,2,0,0,0,0,0,0,1,0
8394,2017,1,1,1,0,0,1,0,0,0,0
8404,2013,4,3,2,0,0,1,1,0,1,0
8404,2014,7,6,1,1,0,0,0,0,0,1
8404,2015,2,1,1,0,0,0,1,0,0,0
8404,2016,1,1,0,0,0,0,0,0,0,0
8405,2021,4,4,0,0,0,0,0,0,0,0
8405,2022,4,4,0,0,0,0,0,0,2,0
8405,2023,2,2,0,0,0,0,0,0,0,0
8405,2025,6,6,2,0,0,0,0,0,1,0
8408,2018,2,2,0,0,0,0,0,0,1,0
8416,2025,1,0,0,0,0,0,1,0,0,0
8424,2014,1,1,1,0,0,0,0,0,0,0
8424,2015,2,2,1,0,0,1,0,0,1,0
8424,2017,1,0,0,0,0,0,1,0,0,0
8430,2012,4,3,1,0,0,1,1,0,1,0
8430,2014,3,2,0,0,0,0,1,0,1,0
8430,2017,3,2,0,0,0,0,1,0,1,0
8430,2019,10,8,1,0,0,0,2,0,2,0
8430,2021,3,2,1,1,0,0,1,0,1,0
8430,2022,5,3,0,0,0,0,2,0,0,0
8438,2010,2,2,0,0,0,0,0,0,0,0
8438,2011,5,4,0,0,0,0,1,0,2,0
8438,2013,2,2,0,0,0,0,0,0,0,0
8438,2015,1,1,0,0,0,0,0,0,1,0
8440,2016,2,1,0,0,0,0,1,0,0,0
8445,2018,1,1,0,0,0,0,0,0,0,0
8446,2018,1,1,0,0,0,0,0,0,0,0
8450,2025,2,2,1,0,0,0,0,0,0,0
8453,2011,3,3,2,0,0,1,0,0,1,0
8453,2012,2,1,0,0,0,0,1,0,0,0
8456,2022,6,6,0,0,0,0,0,0,2,0
8456,2023,3,2,0,0,0,0,1,0,1,0
8463,2017,1,1,1,0,0,0,0,0,0,0
8463,2023,1,0,0,0,0,0,1,0,0,0
8463,2025,1,1,0,0,0,0,0,0,0,0
8471,2010,2,1,0,0,0,0,1,0,0,0
8474,2011,2,2,2,1,0,0,0,0,0,0
8474,2012,2,1,0,0,0,0,1,0,0,0
8474,2013,3,3,1,0,1,0,0,0,0,0
8490,2022,1,1,1,0,0,0,0,0,0,0
8502,2025,2,1,1,0,0,0,1,0,0,0
8510,2012,2,1,0,0,0,0,1,0,1,0
8512,2011,1,0,0,0,0,0,1,0,0,0
8512,2012,1,1,0,0,0,0,0,0,1,0
8531,2015,1,0,0,0,0,0,1,0,0,0
8531,2016,1,1,0,0,0,0,0,0,0,0
8535,2023,1,1,1,1,0,0,0,0,0,0
8535,2025,1,1,0,0,0,0,0,0,0,0
8541,2023,1,1,0,0,0,0,0,0,0,0
8555,2023,3,3,0,0,0,0,0,0,1,0
8566,2019,3,3,2,0,0,0,0,0,1,0
8566,2021,1,0,0,0,0,0,1,0,0,0
8574,2011,6,4,1,0,0,1,2,0,0,0
8579,2015,1,1,0,0,0,0,0,0,1,0
8579,2016,1,1,0,0,0,0,0,0,0,0
8579,2019,1,1,0,0,0,0,0,0,0,0
8580,2018,5,3,0,0,0,0,2,0,1,0
8584,2014,2,2,1,0,0,0,0,0,1,0
8592,2017,1,1,0,0,0,0,0,0,0,0
8592,2018,1,1,1,0,0,1,0,0,0,0
8595,2022,6,6,0,0,0,0,0,0,0,0
8597,2011,1,1,1,0,0,0,0,0,0,0
8600,2016,2,2,0,0,0,0,0,0,0,0
8600,2017,2,2,0,0,0,0,0,0,0,0
8603,2023,3,3,0,0,0,0,0,0,1,0
8609,2015,3,2,2,1,0,0,1,0,0,0
8619,2010,1,1,0,0,0,0,0,0,1,0
8634,2025,5,3,1,0,0,0,2,0,0,0
8643,2019,1,0,0,0,0,0,1,0,0,0
8643,2022,2,2,0,0,0,0,0,0,0,0
8643,2023,1,1,1,0,0,0,0,0,0,0
8643,2025,3,3,0,0,0,0,0,0,1,0
8661,2025,1,1,0,0,0,0,0,0,0,0
8664,2023,1,1,0,0,0,0,0,0,1,0
8664,2024,3,3,0,0,0,0,0,0,0,0
8675,2019,2,1,1,0,0,0,1,0,0,0
8679,2019,2,2,1,0,0,0,0,0,1,0
8679,2023,2,2,1,1,0,0,0,0,0,0
8682,2011,2,2,0,0,0,0,0,0,0,0
8700,2017,2,2,0,0,0,0,0,0,1,0
8700,2019,4,4,2,1,0,0,0,0,1,0
8700,2021,1,1,0,0,0,0,0,0,0,0
8710,2012,7,6,1,0,0,0,1,0,0,0
8710,2013,3,3,0,0,0,0,0,0,2,0
8713,2024,2,2,1,0,0,0,0,0,0,0
8729,2015,1,1,0,0,0,0,0,0,0,0
8773,2021,1,0,0,0,0,0,1,0,0,0
8774,2012,1,1,0,0,0,0,0,0,0,0
8774,2013,1,1,0,0,0,0,0,0,0,0
8774,2014,1,1,1,1,0,0,0,0,0,0
8776,2011,3,2,0,0,0,0,1,0,0,0
8777,2016,2,2,1,1,0,0,0,0,0,0
8778,2011,5,4,2,1,0,0,1,0,1,0
8778,2014,3,2,0,0,0,0,1,0,0,0
8784,2011,12,10,1,0,0,0,2,0,2,0
8784,2012,3,2,1,0,0,0,0,0,1,1
8789,2016,3,3,2,0,0,0,0,0,0,0
8789,2019,3,3,3,0,0,0,0,0,0,0
8789,2024,2,2,0,0,0,0,0,0,0,0
8791,2021,1,1,0,0,0,0,0,0,0,0
8791,2022,1,1,0,0,0,0,0,0,0,0
8791,2024,2,2,1,0,0,0,0,0,0,0
8791,2025,1,1,0,0,0,0,0,0,1,0
8798,2017,1,1,0,0,0,0,0,0,0,0
8799,2014,2,2,0,0,0,0,0,0,1,0
8799,2016,2,2,1,0,0,0,0,0,1,0
8799,2017,1,1,0,0,0,0,0,0,1,0
8799,2019,3,3,0,0,0,0,0,0,0,0
8804,2024,2,2,0,0,0,0,0,0,2,0
8807,2011,3,3,0,0,0,0,0,0,0,0
8807,2012,6,6,1,0,0,0,0,0,1,0
8807,2014,3,2,1,1,0,0,0,1,0,0
8815,2023,2,2,2,0,0,0,0,0,0,0
8823,2013,8,6,1,0,0,0,2,0,3,0
8823,2014,3,2,1,1,0,0,1,0,0,0
8823,2015,10,9,3,1,0,0,1,0,0,0
8823,2016,1,1,1,0,0,0,0,0,0,0
8823,2017,9,9,1,0,0,0,0,0,1,0
8838,2019,1,1,0,0,0,0,0,0,0,0
8856,2011,1,1,0,0,0,0,0,0,0,0
8859,2011,2,1,0,0,0,0,1,0,0,0
8864,2024,1,0,0,0,0,0,1,0,0,0
8871,2020,1,1,0,0,0,0,0,0,1,0
8871,2023,5,5,2,2,0,0,0,0,1,0
8871,2024,2,2,0,0,0,0,0,0,1,0
8871,2025,3,2,0,0,0,0,1,0,1,0
8873,2011,2,2,1,0,0,0,0,0,1,0
8873,2014,2,1,0,0,0,0,1,0,0,0
8873,2016,1,1,0,0,0,0,0,0,1,0
8880,2015,2,2,1,1,0,0,0,0,0,0
8880,2019,2,1,0,0,0,0,1,0,0,0
8880,2021,7,6,2,0,0,1,1,0,0,0
8881,2018,2,2,0,0,0,0,0,0,0,0
8881,2021,1,1,0,0,0,0,0,0,0,0
8881,2022,1,1,0,0,0,0,0,0,0,0
8884,2021,1,1,0,0,0,0,0,0,0,0
8887,2018,3,2,0,0,0,0,1,0,0,0
8892,2014,1,1,0,0,0,0,0,0,0,0
8894,2022,1,1,0,0,0,0,0,0,0,0
8894,2025,1,1,0,0,0,0,0,0,0,0
8900,2023,3,3,0,0,0,0,0,0,1,0
8903,2021,1,1,0,0,0,0,0,0,1,0
8910,2011,2,1,1,0,0,0,1,0,0,0
8910,2012,2,1,0,0,0,0,1,0,0,0
8914,2013,2,2,0,0,0,0,0,0,0,0
8914,2016,3,3,2,1,0,0,0,0,1,0
8914,2017,3,3,2,0,0,1,0,0,0,0
8914,2019,6,5,3,1,0,0,1,0,0,0
8914,2021,6,6,0,0,0,0,0,0,1,0
8914,2022,9,9,0,0,0,0,0,0,3,0
8914,2023,5,4,1,1,0,0,1,0,0,0
8914,2024,2,2,1,1,0,0,0,0,0,0
8914,2026,1,1,1,0,0,0,0,0,0,0
8919,2014,1,1,1,1,0,0,0,0,0,0
8940,2011,3,2,2,1,0,0,1,0,0,0
8940,2012,3,2,1,0,0,1,1,0,0,0
8940,2013,4,4,2,0,0,2,0,0,1,0
8940,2014,3,2,1,0,0,0,1,0,0,0
8940,2015,4,3,2,1,0,1,1,0,0,0
8940,2017,1,0,0,0,0,0,0,1,0,0
8941,2025,1,0,0,0,0,0,1,0,0,0
8952,2011,1,0,0,0,0,0,1,0,0,0
8965,2018,3,3,1,0,0,0,0,0,0,0
8965,2019,5,4,1,0,0,1,0,0,2,1
8967,2025,4,3,1,1,0,0,1,0,0,0
8974,2024,2,1,0,0,0,0,1,0,0,0
8979,2018,1,1,0,0,0,0,0,0,0,0
8982,2017,2,2,0,0,0,0,0,0,1,0
8982,2019,1,1,0,0,0,0,0,0,0,0
8982,2021,1,1,1,0,0,1,0,0,0,0
8988,2013,2,2,0,0,0,0,0,0,1,0
8988,2014,2,2,0,0,0,0,0,0,0,0
8988,2017,1,1,0,0,0,0,0,0,0,0
8990,2012,2,2,0,0,0,0,0,0,1,0
8990,2013,3,3,2,1,0,0,0,0,0,0
8995,2013,3,2,1,1,0,0,0,1,0,0
8999,2023,3,2,1,0,0,0,1,0,0,0
8999,2024,3,2,0,0,0,0,1,0,0,0
9005,2013,5,2,0,0,0,0,3,0,0,0
9005,2014,3,3,0,0,0,0,0,0,2,0
9018,2023,2,2,0,0,0,0,0,0,1,0
9058,2022,2,2,2,0,0,0,0,0,0,0
9066,2015,1,1,0,0,0,0,0,0,0,0
9071,2016,3,3,1,0,0,0,0,0,1,0
9071,2019,4,4,3,0,0,0,0,0,0,0
9071,2020,3,3,2,0,0,0,0,0,1,0
9071,2021,4,4,1,0,0,1,0,0,0,0
9073,2014,3,3,3,1,0,1,0,0,0,0
9078,2019,2,1,0,0,0,0,1,0,0,0
9092,2021,6,3,2,1,0,0,3,0,0,0
9092,2023,3,3,0,0,0,0,0,0,1,0
9092,2024,2,2,0,0,0,0,0,0,1,0
9103,2021,8,8,2,0,0,1,0,0,2,0
9103,2022,7,7,0,0,0,0,0,0,3,0
9111,2023,1,0,0,0,0,0,0,0,0,1
9129,2015,1,1,1,0,0,0,0,0,0,0
9129,2016,3,3,0,0,0,0,0,0,0,0
9129,2018,3,3,1,0,0,0,0,0,1,0
9134,2020,1,0,0,0,0,0,1,0,0,0
9138,2024,1,1,0,0,0,0,0,0,0,0
9141,2020,1,1,0,0,0,0,0,0,1,0
9141,2021,1,1,1,0,0,0,0,0,0,0
9143,2010,3,3,2,0,0,1,0,0,0,0
9143,2011,14,13,4,1,0,2,1,0,5,0
9143,2012,9,8,3,0,0,0,1,0,1,0
9143,2013,11,10,2,1,0,0,1,0,1,0
9143,2014,3,3,1,0,0,0,0,0,2,0
9143,2015,3,2,0,0,0,0,1,0,1,0
9143,2016,3,2,0,0,0,0,1,0,0,0
9143,2018,3,3,0,0,0,0,0,0,2,0
9143,2019,4,3,0,0,0,0,1,0,2,0
9166,2024,2,2,0,0,0,0,0,0,0,0
9196,2013,3,3,2,1,0,0,0,0,0,0
9196,2015,1,0,0,0,0,0,0,0,0,1
9196,2016,5,5,1,0,0,0,0,0,0,0
9196,2017,2,2,0,0,0,0,0,0,0,0
9196,2019,1,1,0,0,0,0,0,0,1,0
9196,2021,1,1,1,0,0,0,0,0,0,0
9196,2022,3,3,0,0,0,0,0,0,0,0
9196,2025,2,2,1,0,0,0,0,0,0,0
9198,2010,3,3,0,0,0,0,0,0,1,0
9198,2011,6,5,2,2,0,0,1,0,1,0
9198,2012,3,1,0,0,0,0,2,0,0,0
9198,2013,3,3,3,1,0,0,0,0,0,0
9198,2014,6,6,1,1,0,0,0,0,2,0
9198,2015,13,11,3,0,0,0,2,0,3,0
9198,2016,3,2,1,0,0,0,1,0,0,0
9198,2018,4,3,1,0,0,0,1,0,0,0
9198,2019,3,3,0,0,0,0,0,0,2,0
9209,2023,3,3,2,0,0,1,0,0,0,0
9209,2025,2,1,0,0,0,0,1,0,0,0
9221,2017,2,2,1,1,0,0,0,0,0,0
9221,2018,2,2,0,0,0,0,0,0,0,0
9221,2019,2,2,1,0,0,0,0,0,0,0
9221,2022,2,2,0,0,0,0,0,0,1,0
9235,2022,3,3,0,0,0,0,0,0,1,0
9235,2023,4,4,2,0,0,1,0,0,0,0
9242,2010,1,1,0,0,0,0,0,0,1,0
9242,2011,3,3,0,0,0,0,0,0,0,0
9242,2013,2,2,0,0,0,0,0,0,1,0
9245,2016,4,4,0,0,0,0,0,0,0,0
9246,2013,1,1,0,0,0,0,0,0,0,0
9250,2014,3,3,0,0,0,0,0,0,2,0
9250,2015,1,1,0,0,0,0,0,0,1,0
9250,2016,2,1,0,0,0,0,0,0,0,1
9250,2017,1,0,0,0,0,0,1,0,0,0
9251,2011,1,1,1,0,0,1,0,0,0,0
9254,2018,1,0,0,0,0,0,1,0,0,0
9255,2014,2,2,1,0,0,0,0,0,0,0
9255,2015,1,1,0,0,0,0,0,0,1,0
9255,2017,1,1,0,0,0,0,0,0,0,0
9257,2021,10,10,0,0,0,0,0,0,3,0
9257,2022,2,2,0,0,0,0,0,0,0,0
9265,2022,2,1,0,0,0,0,1,0,0,0
9269,2012,5,5,0,0,0,0,0,0,0,0
9269,2013,6,5,1,1,0,0,1,0,2,0
9269,2014,9,8,3,1,0,1,1,0,1,0
9269,2015,6,5,0,0,0,0,1,0,1,0
9269,2016,15,15,4,0,0,0,0,0,2,0
9269,2017,6,5,0,0,0,0,1,0,1,0
9269,2018,5,5,1,0,0,0,0,0,0,0
9269,2024,3,3,1,0,0,0,0,0,0,0
9299,2024,11,10,2,0,0,1,1,0,3,0
9299,2025,6,6,2,0,0,0,0,0,2,0
9308,2018,1,0,0,0,0,0,1,0,0,0
9308,2019,1,1,0,0,0,0,0,0,1,0
9314,2020,1,1,0,0,0,0,0,0,1,0
9314,2021,1,1,0,0,0,0,0,0,0,0
9314,2023,1,0,0,0,0,0,1,0,0,0
9314,2025,1,1,0,0,0,0,0,0,0,0
9326,2013,3,3,0,0,0,0,0,0,1,0
9326,2015,3,3,0,0,0,0,0,0,1,0
9326,2016,2,2,2,0,0,0,0,0,0,0
9326,2017,3,3,0,0,0,0,0,0,0,0
9334,2017,3,3,1,0,0,1,0,0,0,0
9334,2019,1,1,1,0,0,0,0,0,0,0
9336,2018,1,1,0,0,0,0,0,0,1,0
9341,2016,1,1,0,0,0,0,0,0,0,0
9342,2016,1,1,0,0,0,0,0,0,0,0
9342,2019,1,1,0,0,0,0,0,0,1,0
9342,2022,1,1,1,0,0,0,0,0,0,0
9343,2019,4,3,2,0,0,0,1,0,0,0
9343,2020,3,3,0,0,0,0,0,0,1,0
9343,2023,1,1,0,0,0,0,0,0,0,0
9352,2018,2,1,0,0,0,0,1,0,0,0
9352,2019,2,2,2,0,0,1,0,0,0,0
9353,2022,1,1,1,0,0,1,0,0,0,0
9354,2018,3,2,0,0,0,0,1,0,1,0
9356,2011,2,2,1,0,0,0,0,0,0,0
9356,2013,2,2,0,0,0,0,0,0,0,0
9356,2016,1,1,0,0,0,0,0,0,0,0
9374,2016,3,3,2,0,0,1,0,0,0,0
9386,2012,1,1,0,0,0,0,0,0,0,0
9391,2015,1,0,0,0,0,0,1,0,0,0
9391,2016,1,1,0,0,0,0,0,0,0,0
9393,2020,1,0,0,0,0,0,1,0,0,0
9406,2010,1,0,0,0,0,0,0,0,0,1
9406,2011,2,2,0,0,0,0,0,0,0,0
9413,2011,1,1,0,0,0,0,0,0,0,0
9420,2018,3,3,1,0,0,0,0,0,1,0
9420,2021,3,2,1,0,0,0,1,0,0,0
9420,2022,3,3,1,0,0,0,0,0,0,0
9420,2025,3,3,1,0,0,0,0,0,1,0
9425,2020,1,1,0,0,0,0,0,0,0,0
9425,2023,3,3,0,0,0,0,0,0,0,0
9449,2011,2,2,0,0,0,0,0,0,2,0
9449,2012,1,1,0,0,0,0,0,0,0,0
9449,2013,1,0,0,0,0,0,1,0,0,0
9449,2014,1,0,0,0,0,0,1,0,0,0
9449,2016,2,2,1,0,0,1,0,0,1,0
9449,2017,1,1,1,0,0,1,0,0,0,0
9453,2018,2,2,1,1,0,0,0,0,0,0
9453,2020,1,1,0,0,0,0,0,0,0,0
9456,2014,3,3,0,0,0,0,0,0,1,0
9488,2017,3,2,0,0,0,0,1,0,0,0
9488,2019,2,1,0,0,0,0,1,0,1,0
9513,2011,1,1,1,1,0,0,0,0,0,0
9513,2013,1,0,0,0,0,0,1,0,0,0
9526,2020,1,1,0,0,0,0,0,0,1,0
9526,2021,1,1,0,0,0,0,0,0,1,0
9532,2023,1,1,0,0,0,0,0,0,1,0
9535,2011,4,3,1,0,0,0,1,0,0,0
9550,2011,1,1,1,0,0,0,0,0,0,0
9555,2024,1,1,0,0,0,0,0,0,0,0
9559,2010,1,0,0,0,0,0,1,0,0,0
9576,2018,2,2,1,0,0,1,0,0,0,0
9578,2010,1,1,0,0,0,0,0,0,0,0
9581,2015,6,6,2,0,0,0,0,0,2,0
9581,2021,3,3,1,0,0,1,0,0,0,0
9587,2025,2,2,0,0,0,0,0,0,0,0
9594,2018,9,8,2,0,0,1,0,0,2,1
9594,2021,1,1,0,0,0,0,0,0,0,0
9594,2022,2,2,1,0,0,0,0,0,1,0
9594,2024,1,1,0,0,0,0,0,0,0,0
9604,2015,1,1,1,1,0,0,0,0,0,0
9605,2013,6,5,3,0,0,0,1,0,1,0
9605,2014,4,3,1,1,0,0,1,0,1,0
9629,2021,1,1,1,0,0,0,0,0,0,0
9652,2016,1,1,0,0,0,0,0,0,0,0
9652,2018,1,0,0,0,0,0,1,0,0,0
9659,2010,1,1,1,0,0,0,0,0,0,0
9677,2018,13,11,4,1,1,0,2,0,1,0
9677,2021,2,2,0,0,0,0,0,0,0,0
9688,2012,1,1,0,0,0,0,0,0,1,0
9688,2013,1,1,0,0,0,0,0,0,0,0
9688,2015,2,2,0,0,0,0,0,0,2,0
9688,2016,3,3,0,0,0,0,0,0,1,0
9688,2017,3,3,0,0,0,0,0,0,2,0
9688,2018,1,0,0,0,0,0,1,0,0,0
9688,2023,1,1,0,0,0,0,0,0,1,0
9714,2012,2,2,1,0,0,1,0,0,0,0
9739,2015,1,1,0,0,0,0,0,0,0,0
9741,2016,1,0,0,0,0,0,1,0,0,0
9741,2019,1,1,0,0,0,0,0,0,0,0
9741,2021,4,2,1,0,0,0,2,0,0,0
9758,2016,1,0,0,0,0,0,1,0,0,0
9761,2011,3,3,1,0,0,0,0,0,2,0
9761,2012,2,1,1,0,0,0,0,1,0,0
9761,2013,1,1,1,0,0,1,0,0,0,0
9761,2014,1,1,1,0,0,0,0,0,0,0
9761,2015,1,1,0,0,0,0,0,0,1,0
9761,2016,1,0,0,0,0,0,1,0,0,0
9761,2017,1,1,0,0,0,0,0,0,0,0
9761,2019,1,0,0,0,0,0,1,0,0,0
9762,2015,10,8,3,1,0,0,2,0,2,0
9762,2016,12,10,4,1,0,0,1,1,1,0
9762,2017,3,3,0,0,0,0,0,0,1,0
9762,2019,3,3,1,0,0,0,0,0,0,0
9762,2020,3,3,1,0,0,1,0,0,1,0
9762,2021,9,7,4,0,0,0,2,0,0,0
9762,2024,5,5,2,0,0,1,0,0,1,0
9762,2025,6,6,0,0,0,0,0,0,1,0
9768,2021,1,1,0,0,0,0,0,0,0,0
9770,2018,3,1,1,0,0,0,2,0,0,0
9774,2015,3,3,1,0,0,0,0,0,1,0
9774,2017,2,2,0,0,0,0,0,0,0,0
9774,2019,4,3,2,0,0,0,1,0,0,0
9774,2022,3,3,2,0,0,0,0,0,0,0
9774,2023,3,2,0,0,0,0,1,0,0,0
9774,2025,3,3,1,0,0,0,0,0,1,0
9775,2022,2,2,0,0,0,0,0,0,2,0
9781,2010,1,1,0,0,0,0,0,0,1,0
9781,2013,1,1,0,0,0,0,0,0,0,0
9781,2016,1,1,0,0,0,0,0,0,0,0
9781,2017,1,0,0,0,0,0,1,0,0,0
9782,2015,1,0,0,0,0,0,1,0,0,0
9783,2011,1,1,0,0,0,0,0,0,0,0
9794,2021,1,1,0,0,0,0,0,0,0,0
9795,2018,2,1,0,0,0,0,1,0,0,0
9796,2019,1,0,0,0,0,0,1,0,0,0
9813,2018,2,1,0,0,0,0,0,0,1,1
9813,2020,1,1,0,0,0,0,0,0,0,0
9815,2025,1,1,0,0,0,0,0,0,1,0
9822,2015,6,5,0,0,0,0,1,0,1,0
9826,2025,2,2,0,0,0,0,0,0,0,0
9827,2015,1,1,0,0,0,0,0,0,0,0
9830,2013,2,1,0,0,0,0,1,0,1,0
9835,2013,3,2,0,0,0,0,1,0,1,0
9835,2014,4,4,1,0,0,0,0,0,2,0
9844,2016,5,5,2,0,0,0,0,0,1,0
9844,2017,6,6,2,1,0,0,0,0,0,0
9844,2019,4,4,1,0,0,1,0,0,2,0
9844,2020,3,3,0,0,0,0,0,0,1,0
9844,2021,2,2,0,0,0,0,0,0,2,0
9844,2024,1,1,1,0,0,1,0,0,0,0
9844,2025,1,1,0,0,0,0,0,0,0,0
9845,2022,1,1,0,0,0,0,0,0,0,0
9845,2023,2,1,0,0,0,0,1,0,0,0
9845,2024,2,2,0,0,0,0,0,0,0,0
9845,2025,1,1,0,0,0,0,0,0,0,0
9871,2023,2,2,0,0,0,0,0,0,0,0
9876,2022,1,0,0,0,0,0,1,0,0,0
9876,2023,1,1,0,0,0,0,0,0,0,0
9876,2025,1,1,0,0,0,0,0,0,1,0
9886,2019,1,0,0,0,0,0,1,0,0,0
9887,2010,2,1,0,0,0,0,1,0,0,0
9893,2010,4,3,1,1,0,0,1,0,0,0
9893,2012,5,2,1,0,0,0,3,0,0,0
9902,2014,1,1,0,0,0,0,0,0,1,0
9902,2018,1,1,0,0,0,0,0,0,0,0
9902,2019,4,4,1,0,0,1,0,0,1,0
9902,2020,4,4,2,0,0,0,0,0,2,0
9902,2021,1,1,0,0,0,0,0,0,0,0
9902,2022,1,0,0,0,0,0,1,0,0,0
9906,2013,1,1,1,0,0,0,0,0,0,0
9906,2015,1,1,0,0,0,0,0,0,1,0
9906,2016,2,2,0,0,0,0,0,0,1,0
9906,2017,1,1,1,1,0,0,0,0,0,0
9908,2019,1,0,0,0,0,0,1,0,0,0
9937,2018,1,1,1,1,0,0,0,0,0,0
9937,2020,1,1,0,0,0,0,0,0,1,0
9954,2019,2,2,0,0,0,0,0,0,1,0
9963,2019,3,2,0,0,0,0,1,0,1,0
9963,2024,2,0,0,0,0,0,2,0,0,0
9963,2025,2,1,0,0,0,0,0,0,1,1
9966,2012,1,1,0,0,0,0,0,0,0,0
9966,2013,2,2,1,0,0,0,0,0,0,0
9966,2016,1,1,0,0,0,0,0,0,1,0
9968,2011,3,3,2,0,0,0,0,0,1,0
9968,2014,3,2,0,0,0,0,1,0,0,0
9968,2017,2,2,0,0,0,0,0,0,1,0
9968,2018,3,1,0,0,0,0,2,0,0,0
9969,2015,1,1,1,1,0,0,0,0,0,0
9969,2019,1,1,0,0,0,0,0,0,1,0
9995,2018,1,0,0,0,0,0,1,0,0,0
9997,2021,1,1,0,0,0,0,0,0,1,0
10005,2011,1,1,0,0,0,0,0,0,0,0
10014,2019,1,1,1,0,0,0,0,0,0,0
10014,2021,2,1,1,0,0,1,1,0,0,0
10014,2022,1,1,0,0,0,0,0,0,1,0
10014,2023,1,1,0,0,0,0,0,0,0,0
10016,2022,1,1,0,0,0,0,0,0,0,0
10019,2015,1,1,0,0,0,0,0,0,0,0
10033,2017,2,2,0,0,0,0,0,0,1,0
10033,2018,1,1,0,0,0,0,0,0,0,0
10054,2022,5,4,0,0,0,0,1,0,1,0
10054,2025,4,4,2,0,0,1,0,0,1,0
10056,2015,3,3,2,0,0,0,0,0,0,0
10056,2016,5,5,2,1,0,0,0,0,0,0
10064,2014,3,3,1,0,0,0,0,0,1,0
10066,2011,2,0,0,0,0,0,2,0,0,0
10066,2012,1,0,0,0,0,0,1,0,0,0
10066,2016,1,0,0,0,0,0,1,0,0,0
10067,2025,1,1,0,0,0,0,0,0,1,0
10069,2011,3,3,1,0,0,0,0,0,0,0
10069,2012,3,3,1,0,0,0,0,0,0,0
10069,2013,4,4,1,0,0,0,0,0,0,0
10069,2015,5,4,3,0,0,1,1,0,0,0
10069,2016,6,5,4,1,0,0,1,0,1,0
10069,2019,5,4,1,0,0,0,1,0,0,0
10081,2019,1,1,1,0,0,1,0,0,0,0
10081,2021,1,1,0,0,0,0,0,0,0,0
10090,2019,2,1,1,0,0,1,1,0,0,0
10102,2025,1,0,0,0,0,0,1,0,0,0
10103,2014,1,1,0,0,0,0,0,0,0,0
10103,2016,2,2,1,0,0,1,0,0,1,0
10103,2017,1,1,0,0,0,0,0,0,0,0
10111,2011,4,4,0,0,0,0,0,0,0,0
10111,2012,10,8,3,0,0,0,2,0,0,0
10111,2013,10,9,6,0,0,0,1,0,0,0
10111,2014,6,6,1,0,0,0,0,0,2,0
10111,2015,10,9,2,1,0,1,1,0,4,0
10111,2016,5,4,0,0,0,0,1,0,1,0
10111,2017,3,3,1,1,0,0,0,0,0,0
10111,2019,3,2,1,0,0,1,1,0,1,0
10111,2024,3,2,0,0,0,0,1,0,0,0
10111,2025,3,3,0,0,0,0,0,0,1,0
10118,2015,9,7,0,0,0,0,2,0,1,0
10118,2018,2,2,0,0,0,0,0,0,1,0
10122,2019,2,1,0,0,0,0,1,0,0,0
10127,2016,1,0,0,0,0,0,1,0,0,0
10136,2012,9,8,2,0,1,0,1,0,1,0
10136,2013,8,8,2,1,0,0,0,0,2,0
10136,2014,5,4,1,0,0,0,1,0,1,0
10136,2016,11,7,2,0,0,1,4,0,3,0
10136,2017,5,5,1,0,0,0,0,0,0,0
10136,2018,5,4,1,0,0,0,1,0,0,0
10136,2022,2,2,1,1,0,0,0,0,0,0
10138,2015,4,3,0,0,0,0,1,0,0,0
10138,2016,2,1,0,0,0,0,1,0,1,0
10138,2018,3,3,1,1,0,0,0,0,0,0
10138,2019,6,6,2,1,0,0,0,0,2,0
10156,2011,3,3,1,1,0,0,0,0,1,0
10156,2012,5,2,2,1,0,0,2,0,0,1
10159,2021,1,1,0,0,0,0,0,0,0,0
10163,2020,1,0,0,0,0,0,1,0,0,0
10168,2025,1,1,1,0,0,1,0,0,0,0
10180,2022,1,1,0,0,0,0,0,0,0,0
10180,2024,5,5,0,0,0,0,0,0,2,0
10182,2019,2,2,0,0,0,0,0,0,1,0
10182,2022,3,1,0,0,0,0,1,1,1,0
10182,2024,3,3,2,0,0,1,0,0,0,0
10194,2011,1,1,1,0,0,0,0,0,0,0
10208,2022,1,1,0,0,0,0,0,0,0,0
10208,2024,1,1,0,0,0,0,0,0,0,0
10208,2025,1,1,0,0,0,0,0,0,0,0
10209,2011,6,5,0,0,0,0,1,0,1,0
10209,2012,6,6,2,1,0,0,0,0,1,0
10209,2013,9,8,3,0,0,1,1,0,2,0
10209,2015,5,5,1,0,0,0,0,0,2,0
10209,2016,6,5,1,0,0,0,1,0,2,0
10209,2017,12,10,3,1,0,0,2,0,0,0
10210,2018,1,0,0,0,0,0,1,0,0,0
10213,2023,1,1,1,0,0,0,0,0,0,0
10214,2012,7,6,1,0,0,0,1,0,2,0
10214,2013,5,4,2,1,0,0,1,0,0,0
10214,2015,3,3,0,0,0,0,0,0,0,0
10214,2016,9,9,3,1,0,1,0,0,0,0
10214,2017,2,2,1,0,0,1,0,0,0,0
10214,2019,4,4,0,0,0,0,0,0,3,0
10217,2010,3,3,0,0,0,0,0,0,1,0
10227,2011,3,2,0,0,0,0,1,0,1,0
10227,2012,1,1,0,0,0,0,0,0,0,0
10227,2013,1,1,1,1,0,0,0,0,0,0
10227,2014,1,0,0,0,0,0,1,0,0,0
10228,2025,1,1,0,0,0,0,0,0,0,0
10244,2024,1,1,1,0,0,0,0,0,0,0
10249,2013,6,6,2,2,0,0,0,0,1,0
10249,2014,3,2,0,0,0,0,1,0,0,0
10252,2017,1,0,0,0,0,0,1,0,0,0
10259,2021,2,2,0,0,0,0,0,0,0,0
10264,2021,2,1,0,0,0,0,1,0,0,0
10264,2022,1,1,0,0,0,0,0,0,1,0
10264,2023,2,2,2,0,0,1,0,0,0,0
10288,2010,3,1,0,0,0,0,2,0,0,0
10288,2011,12,11,1,0,0,0,1,0,3,0
10288,2012,9,8,1,0,0,0,1,0,0,0
10288,2013,9,7,1,1,0,0,2,0,0,0
10288,2014,13,12,0,0,0,0,1,0,5,0
10288,2016,3,3,0,0,0,0,0,0,2,0
10288,2018,8,8,1,1,0,0,0,0,3,0
10288,2023,2,2,0,0,0,0,0,0,1,0
10288,2025,3,3,0,0,0,0,0,0,2,0
10292,2012,1,1,1,0,0,0,0,0,0,0
10292,2013,1,1,0,0,0,0,0,0,0,0
10292,2014,2,2,1,0,0,1,0,0,1,0
10292,2017,2,2,2,1,0,0,0,0,0,0
10300,2010,1,1,0,0,0,0,0,0,0,0
10300,2011,6,4,0,0,0,0,2,0,1,0
10309,2024,3,3,1,0,0,0,0,0,0,0
10309,2025,5,5,1,0,0,0,0,0,2,0
10328,2023,4,3,0,0,0,0,1,0,1,0
10337,2019,1,1,0,0,0,0,0,0,0,0
10337,2023,1,1,0,0,0,0,0,0,1,0
10337,2024,1,1,1,0,0,0,0,0,0,0
10345,2016,1,1,0,0,0,0,0,0,0,0
10357,2025,1,1,1,0,0,0,0,0,0,0
10370,2024,2,2,2,1,0,0,0,0,0,0
10389,2018,1,1,0,0,0,0,0,0,0,0
10389,2021,1,1,0,0,0,0,0,0,0,0
10389,2024,1,1,1,0,0,0,0,0,0,0
10390,2022,1,0,0,0,0,0,1,0,0,0
10394,2012,1,1,0,0,0,0,0,0,0,0
10402,2023,6,5,0,0,0,0,1,0,0,0
10410,2022,6,6,1,0,0,0,0,0,0,0
10410,2023,2,2,0,0,0,0,0,0,0,0
10410,2024,5,3,1,0,0,0,1,1,0,0
10410,2025,2,1,0,0,0,0,0,0,0,1
10439,2023,1,1,0,0,0,0,0,0,0,0
10439,2024,1,1,0,0,0,0,0,0,0,0
10439,2025,1,1,1,0,0,0,0,0,0,0
10446,2022,1,1,0,0,0,0,0,0,0,0
10454,2023,3,3,1,0,0,0,0,0,1,0
10456,2017,5,3,1,0,0,0,2,0,0,0
10456,2018,2,2,1,1,0,0,0,0,0,0
10456,2023,1,1,0,0,0,0,0,0,1,0
10460,2012,1,1,0,0,0,0,0,0,0,0
10474,2015,6,5,1,0,0,0,1,0,2,0
10474,2017,5,5,1,0,0,1,0,0,2,0
10474,2018,3,3,0,0,0,0,0,0,1,0
10474,2022,3,3,1,1,0,0,0,0,0,0
10474,2023,2,2,1,0,0,0,0,0,0,0
10474,2024,2,1,0,0,0,0,1,0,0,0
10474,2025,2,1,0,0,0,0,1,0,0,0
10477,2018,1,1,1,1,0,0,0,0,0,0
10477,2021,2,1,0,0,0,0,1,0,0,0
10477,2024,1,1,0,0,0,0,0,0,0,0
10484,2025,2,2,0,0,0,0,0,0,1,0
10488,2018,1,1,0,0,0,0,0,0,0,0
10488,2019,1,0,0,0,0,0,1,0,0,0
10503,2018,2,2,0,0,0,0,0,0,0,0
10503,2021,7,5,0,0,0,0,2,0,1,0
10503,2022,3,0,0,0,0,0,3,0,0,0
10503,2023,1,1,0,0,0,0,0,0,0,0
10517,2023,2,1,0,0,0,0,1,0,1,0
10517,2026,2,2,1,1,0,0,0,0,0,0
10547,2010,3,3,0,0,0,0,0,0,2,0
10547,2011,6,5,2,0,0,0,0,0,0,1
10547,2012,4,4,0,0,0,0,0,0,0,0
10547,2013,16,14,6,2,0,1,2,0,3,0
10547,2014,6,6,0,0,0,0,0,0,2,0
10547,2016,5,4,1,0,0,0,1,0,0,0
10547,2017,6,6,2,0,0,1,0,0,1,0
10565,2014,3,2,0,0,0,0,1,0,2,0
10565,2015,3,3,0,0,0,0,0,0,2,0
10565,2016,3,2,1,1,0,0,1,0,1,0
10565,2021,6,3,1,0,0,0,3,0,0,0
10574,2015,2,2,0,0,0,0,0,0,2,0
10574,2016,1,1,0,0,0,0,0,0,0,0
10574,2017,3,2,1,0,0,0,1,0,0,0
10574,2018,1,0,0,0,0,0,1,0,0,0
10587,2015,1,1,0,0,0,0,0,0,0,0
10609,2011,3,3,0,0,0,0,0,0,1,0
10609,2012,3,3,2,0,0,0,0,0,0,0
10609,2013,2,2,0,0,0,0,0,0,1,0
10609,2014,3,2,1,0,0,0,1,0,0,0
10609,2015,15,10,2,0,0,0,5,0,2,0
10609,2016,4,3,2,0,0,0,1,0,0,0
10626,2020,5,4,0,0,0,0,1,0,0,0
10626,2022,3,3,1,1,0,0,0,0,1,0
10626,2024,6,4,2,1,0,0,1,1,1,0
10626,2025,2,2,1,0,0,0,0,0,0,0
10634,2016,1,0,0,0,0,0,1,0,0,0
10650,2014,3,3,2,0,0,1,0,0,0,0
10650,2017,3,3,0,0,0,0,0,0,0,0
10652,2025,3,3,0,0,0,0,0,0,2,0
10657,2017,2,2,0,0,0,0,0,0,1,0
10657,2019,3,2,0,0,0,0,1,0,0,0
10663,2020,1,0,0,0,0,0,1,0,0,0
10663,2021,8,8,2,0,0,0,0,0,1,0
10663,2022,2,2,1,0,0,0,0,0,1,0
10663,2024,8,8,2,0,0,0,0,0,4,0
10663,2025,3,3,0,0,0,0,0,0,1,0
10668,2010,1,1,0,0,0,0,0,0,0,0
10670,2024,1,1,0,0,0,0,0,0,1,0
10675,2017,2,2,0,0,0,0,0,0,0,0
10679,2010,3,3,2,0,0,0,0,0,0,0
10679,2011,2,2,1,0,0,1,0,0,0,0
10688,2019,10,9,3,0,0,1,1,0,1,0
10688,2020,1,0,0,0,0,0,1,0,0,0
10688,2022,4,4,0,0,0,0,0,0,1,0
10690,2023,3,2,1,0,0,1,1,0,0,0
10705,2014,1,1,0,0,0,0,0,0,0,0
10707,2017,1,1,0,0,0,0,0,0,0,0
10708,2017,2,2,1,0,0,0,0,0,0,0
10708,2018,2,2,0,0,0,0,0,0,0,0
10708,2019,3,3,1,0,0,0,0,0,1,0
10711,2024,3,3,0,0,0,0,0,0,0,0
10723,2018,3,3,0,0,0,0,0,0,1,0
10733,2014,2,2,0,0,0,0,0,0,1,0
10733,2015,3,3,2,1,0,0,0,0,0,0
10733,2017,1,1,0,0,0,0,0,0,1,0
10733,2021,1,1,0,0,0,0,0,0,0,0
10733,2022,3,2,1,1,0,0,1,0,1,0
10734,2011,1,1,0,0,0,0,0,0,0,0
10735,2017,1,1,0,0,0,0,0,0,0,0
10771,2025,4,4,1,0,0,0,0,0,2,0
10776,2012,5,4,1,0,0,0,1,0,0,0
10776,2013,3,3,2,0,0,0,0,0,0,0
10776,2015,2,2,1,0,0,0,0,0,0,0
10776,2018,3,2,0,0,0,0,1,0,0,0
10776,2023,1,1,1,0,0,0,0,0,0,0
10776,2024,2,2,0,0,0,0,0,0,0,0
10781,2018,1,1,1,1,0,0,0,0,0,0
10784,2012,5,4,1,0,0,0,1,0,1,0
10784,2013,5,4,2,2,0,0,1,0,0,0
10784,2014,6,4,0,0,0,0,2,0,1,0
10784,2016,6,5,1,0,0,1,0,0,1,1
10784,2019,4,3,2,0,0,0,1,0,1,0
10784,2023,8,8,2,0,0,1,0,0,1,0
10788,2022,1,1,1,0,0,0,0,0,0,0
10790,2016,4,4,0,0,0,0,0,0,1,0
10790,2017,3,3,0,0,0,0,0,0,0,0
10790,2019,3,3,0,0,0,0,0,0,1,0
10790,2023,6,5,2,0,0,1,1,0,0,0
10790,2024,2,2,0,0,0,0,0,0,0,0
10792,2018,2,2,1,0,0,1,0,0,0,0
10815,2019,1,1,0,0,0,0,0,0,1,0
10816,2015,1,1,0,0,0,0,0,0,1,0
10816,2018,1,1,0,0,0,0,0,0,0,0
10835,2016,2,2,0,0,0,0,0,0,2,0
10835,2018,3,2,0,0,0,0,1,0,1,0
10840,2016,1,1,1,0,0,0,0,0,0,0
10841,2010,1,1,0,0,0,0,0,0,0,0
10841,2011,2,1,0,0,0,0,1,0,0,0
10845,2023,2,2,0,0,0,0,0,0,0,0
10846,2011,5,5,1,1,0,0,0,0,1,0
10846,2013,1,0,0,0,0,0,1,0,0,0
10846,2015,2,2,0,0,0,0,0,0,0,0
10846,2016,4,3,1,0,0,0,1,0,0,0
10846,2017,4,4,1,1,0,0,0,0,1,0
10846,2019,1,0,0,0,0,0,1,0,0,0
10847,2024,1,0,0,0,0,0,0,1,0,0
10847,2025,6,6,1,0,0,0,0,0,2,0
10848,2010,1,1,0,0,0,0,0,0,0,0
10848,2012,1,1,1,0,0,0,0,0,0,0
10849,2024,5,4,0,0,0,0,1,0,0,0
10849,2025,3,3,1,1,0,0,0,0,0,0
10863,2019,3,2,1,1,0,0,1,0,1,0
10863,2020,2,2,0,0,0,0,0,0,0,0
10863,2021,1,1,0,0,0,0,0,0,0,0
10863,2022,1,1,1,0,0,0,0,0,0,0
10863,2025,1,1,1,0,0,0,0,0,0,0
10868,2025,1,1,1,0,0,0,0,0,0,0
10878,2019,9,8,1,0,0,0,1,0,3,0
10878,2020,1,0,0,0,0,0,1,0,0,0
10883,2024,1,1,1,0,0,1,0,0,0,0
10898,2024,3,3,1,0,0,0,0,0,0,0
10898,2025,3,3,0,0,0,0,0,0,1,0
10924,2024,3,2,1,0,0,1,1,0,0,0
10924,2025,5,5,1,0,0,0,0,0,0,0
10931,2014,2,2,0,0,0,0,0,0,0,0
10944,2023,1,1,1,0,0,0,0,0,0,0
10946,2013,1,1,0,0,0,0,0,0,0,0
10946,2018,1,1,0,0,0,0,0,0,0,0
10968,2019,1,1,0,0,0,0,0,0,0,0
10968,2021,1,1,1,0,0,0,0,0,0,0
10968,2022,1,1,0,0,0,0,0,0,1,0
10968,2024,2,2,0,0,0,0,0,0,0,0
10978,2021,2,1,0,0,0,0,0,0,0,1
10982,2019,2,2,0,0,0,0,0,0,0,0
10982,2020,1,1,0,0,0,0,0,0,0,0
10984,2014,1,1,0,0,0,0,0,0,1,0
10984,2015,1,1,0,0,0,0,0,0,1,0
10988,2018,5,5,0,0,0,0,0,0,2,0
10988,2019,1,1,0,0,0,0,0,0,0,0
10988,2021,1,1,0,0,0,0,0,0,0,0
10988,2022,1,1,0,0,0,0,0,0,0,0
11015,2022,1,1,0,0,0,0,0,0,0,0
11020,2019,1,1,0,0,0,0,0,0,1,0
11022,2022,1,1,0,0,0,0,0,0,1,0
11022,2023,1,1,1,0,0,0,0,0,0,0
11024,2025,1,1,0,0,0,0,0,0,1,0
11036,2018,2,1,1,0,0,0,1,0,0,0
11036,2025,1,1,0,0,0,0,0,0,0,0
11049,2011,4,4,0,0,0,0,0,0,1,0
11061,2014,1,1,0,0,0,0,0,0,1,0
11067,2018,2,2,0,0,0,0,0,0,1,0
11075,2023,2,1,0,0,0,0,1,0,0,0
11084,2016,1,1,0,0,0,0,0,0,0,0
11099,2018,6,6,2,1,0,0,0,0,1,0
11099,2020,1,1,0,0,0,0,0,0,0,0
11099,2021,2,2,0,0,0,0,0,0,0,0
11099,2023,3,3,0,0,0,0,0,0,1,0
11099,2024,4,2,1,0,0,0,2,0,1,0
11099,2025,2,2,1,0,0,0,0,0,0,0
11102,2013,3,2,0,0,0,0,1,0,0,0
11102,2015,3,2,0,0,0,0,1,0,0,0
11102,2018,4,3,0,0,0,0,1,0,1,0
11102,2019,2,1,0,0,0,0,1,0,0,0
11103,2024,1,1,0,0,0,0,0,0,0,0
11103,2025,2,2,1,0,0,0,0,0,0,0
11106,2016,2,2,0,0,0,0,0,0,0,0
11106,2017,2,1,0,0,0,0,1,0,0,0
11106,2018,1,1,0,0,0,0,0,0,0,0
11106,2023,1,1,0,0,0,0,0,0,1,0
11106,2024,1,1,1,1,0,0,0,0,0,0
11111,2010,3,2,1,0,0,0,1,0,0,0
11111,2013,2,2,1,0,0,0,0,0,0,0
11111,2016,3,3,0,0,0,0,0,0,1,0
11111,2018,6,5,1,1,0,0,1,0,0,0
11112,2014,1,1,0,0,0,0,0,0,0,0
11112,2016,1,1,1,0,0,0,0,0,0,0
11114,2018,1,1,0,0,0,0,0,0,1,0
11114,2019,1,1,0,0,0,0,0,0,0,0
11114,2021,1,1,0,0,0,0,0,0,0,0
11114,2024,2,2,0,0,0,0,0,0,0,0
11114,2025,1,0,0,0,0,0,1,0,0,0
11118,2017,1,0,0,0,0,0,1,0,0,0
11118,2018,6,6,2,0,0,0,0,0,2,0
11118,2021,3,3,0,0,0,0,0,0,0,0
11118,2022,3,3,0,0,0,0,0,0,1,0
11118,2023,2,2,0,0,0,0,0,0,0,0
11127,2014,1,1,0,0,0,0,0,0,0,0
11127,2016,8,7,3,1,0,0,1,0,1,0
11127,2017,6,6,1,1,0,0,0,0,1,0
11127,2019,8,8,2,2,0,0,0,0,0,0
11127,2023,6,6,0,0,0,0,0,0,1,0
11127,2024,4,4,1,1,0,0,0,0,1,0
11128,2015,1,1,0,0,0,0,0,0,1,0
11130,2023,1,1,1,0,0,0,0,0,0,0
11138,2012,3,2,0,0,0,0,1,0,0,0
11138,2014,3,2,1,0,0,0,1,0,0,0
11139,2017,4,3,1,0,0,1,1,0,1,0
11139,2019,1,1,0,0,0,0,0,0,0,0
11146,2024,2,1,1,0,0,1,1,0,0,0
11147,2018,3,3,1,0,0,0,0,0,0,0
11149,2019,2,1,0,0,0,0,0,1,1,0
11149,2022,3,3,1,0,0,1,0,0,0,0
11149,2024,2,2,1,1,0,0,0,0,0,0
11151,2023,2,2,1,0,0,0,0,0,1,0
11151,2024,3,3,1,0,0,0,0,0,0,0
11151,2025,3,3,1,0,0,0,0,0,1,0
11152,2023,2,2,1,0,0,1,0,0,0,0
11152,2024,1,1,0,0,0,0,0,0,0,0
11152,2026,1,1,0,0,0,0,0,0,0,0
11157,2018,2,1,1,1,0,0,1,0,0,0
11158,2025,6,6,1,0,0,0,0,0,0,0
11169,2021,2,2,2,0,0,0,0,0,0,0
11169,2024,1,1,0,0,0,0,0,0,0,0
11175,2014,1,1,0,0,0,0,0,0,1,0
11179,2018,5,5,0,0,0,0,0,0,0,0
11179,2021,1,1,1,0,0,0,0,0,0,0
11179,2025,1,1,0,0,0,0,0,0,0,0
11194,2025,1,1,0,0,0,0,0,0,1,0
11200,2019,3,3,0,0,0,0,0,0,1,0
11204,2011,5,5,2,0,0,1,0,0,0,0
11204,2012,3,2,1,1,0,0,1,0,0,0
11204,2013,6,4,1,0,0,0,2,0,0,0
11204,2014,8,7,2,0,0,0,1,0,0,0
11204,2017,1,1,0,0,0,0,0,0,0,0
11204,2019,1,0,0,0,0,0,1,0,0,0
11225,2018,11,9,4,1,0,0,2,0,1,0
11225,2019,2,2,0,0,0,0,0,0,0,0
11225,2023,3,3,1,0,0,0,0,0,0,0
11239,2018,5,4,0,0,0,0,1,0,1,0
11239,2021,6,6,0,0,0,0,0,0,1,0
11239,2022,5,3,0,0,0,0,1,0,0,1
11239,2023,4,3,0,0,0,0,1,0,0,0
11240,2011,2,2,0,0,0,0,0,0,0,0
11240,2012,1,0,0,0,0,0,1,0,0,0
11245,2010,5,3,0,0,0,0,2,0,0,0
11251,2014,4,4,1,0,0,0,0,0,2,0
11251,2015,3,3,1,0,0,1,0,0,1,0
11251,2016,6,6,2,1,0,0,0,0,2,0
11251,2019,3,3,0,0,0,0,0,0,0,0
11262,2019,1,1,0,0,0,0,0,0,1,0
11270,2021,1,1,0,0,0,0,0,0,0,0
11270,2022,1,1,0,0,0,0,0,0,0,0
11270,2024,1,1,0,0,0,0,0,0,0,0
11273,2011,2,2,0,0,0,0,0,0,2,0
11298,2021,1,1,1,0,0,0,0,0,0,0
11307,2025,1,1,0,0,0,0,0,0,0,0
11325,2012,1,0,0,0,0,0,1,0,0,0
11325,2013,2,2,0,0,0,0,0,0,2,0
11325,2014,3,2,1,0,0,0,1,0,1,0
11325,2016,1,0,0,0,0,0,1,0,0,0
11325,2018,2,1,0,0,0,0,1,0,0,0
11326,2011,2,2,1,0,0,0,0,0,0,0
11326,2012,4,4,2,0,0,1,0,0,1,0
11330,2018,11,9,1,0,0,0,2,0,2,0
11330,2019,3,3,3,0,0,0,0,0,0,0
11330,2023,2,2,1,0,0,1,0,0,0,0
11353,2013,3,3,1,1,0,0,0,0,2,0
11353,2014,3,1,1,0,0,0,2,0,0,0
11354,2017,1,1,0,0,0,0,0,0,1,0
11354,2020,1,0,0,0,0,0,1,0,0,0
11354,2022,3,3,1,0,0,1,0,0,1,0
11372,2011,1,1,1,0,0,0,0,0,0,0
11381,2023,1,1,0,0,0,0,0,0,0,0
11386,2013,4,4,1,0,0,0,0,0,0,0
11386,2014,6,4,1,0,0,0,2,0,2,0
11386,2020,1,1,1,0,0,0,0,0,0,0
11386,2021,2,2,0,0,0,0,0,0,1,0
11386,2023,1,1,1,0,0,0,0,0,0,0
11396,2014,1,0,0,0,0,0,1,0,0,0
11396,2015,1,1,0,0,0,0,0,0,0,0
11398,2010,1,0,0,0,0,0,0,0,0,1
11430,2021,2,2,0,0,0,0,0,0,0,0
11438,2025,1,1,0,0,0,0,0,0,0,0
11446,2021,2,2,1,0,0,1,0,0,0,0
11454,2023,3,3,0,0,0,0,0,0,0,0
11457,2024,2,2,0,0,0,0,0,0,0,0
11459,2019,4,4,2,0,0,0,0,0,0,0
11459,2020,1,1,1,0,0,0,0,0,0,0
11460,2011,4,4,1,1,0,0,0,0,0,0
11460,2012,4,4,2,0,0,0,0,0,0,0
11464,2015,1,1,0,0,0,0,0,0,0,0
11465,2019,2,2,0,0,0,0,0,0,0,0
11465,2021,1,1,0,0,0,0,0,0,1,0
11465,2022,1,1,1,0,0,0,0,0,0,0
11465,2024,1,1,1,0,0,0,0,0,0,0
11484,2012,3,2,1,1,0,0,1,0,0,0
11484,2013,6,4,0,0,0,0,2,0,0,0
11484,2015,6,5,0,0,0,0,1,0,0,0
11484,2016,3,3,1,0,0,1,0,0,0,0
11484,2017,2,2,1,0,0,0,0,0,0,0
11494,2022,1,1,0,0,0,0,0,0,0,0
11494,2024,2,1,1,0,0,0,1,0,0,0
11512,2017,2,1,0,0,0,0,1,0,1,0
11516,2015,2,1,0,0,0,0,0,1,1,0
11524,2019,2,2,0,0,0,0,0,0,0,0
11531,2013,2,2,1,1,0,0,0,0,1,0
11531,2015,1,0,0,0,0,0,1,0,0,0
11531,2016,4,3,2,1,0,0,1,0,1,0
11531,2025,1,1,0,0,0,0,0,0,0,0
11532,2023,1,1,0,0,0,0,0,0,1,0
11532,2025,1,1,0,0,0,0,0,0,0,0
11541,2013,2,2,0,0,0,0,0,0,0,0
11541,2014,1,0,0,0,0,0,1,0,0,0
11543,2018,1,1,0,0,0,0,0,0,0,0
11543,2019,2,2,0,0,0,0,0,0,1,0
11564,2019,2,2,1,0,0,0,0,0,1,0
11564,2022,2,2,1,0,0,0,0,0,0,0
11564,2024,1,1,0,0,0,0,0,0,0,0
11590,2019,1,1,0,0,0,0,0,0,0,0
11590,2026,1,1,0,0,0,0,0,0,0,0
11598,2016,3,2,0,0,0,0,1,0,0,0
11602,2019,3,2,0,0,0,0,1,0,0,0
11602,2021,2,2,0,0,0,0,0,0,2,0
11602,2022,3,3,2,1,0,0,0,0,0,0
11602,2025,2,2,2,0,0,0,0,0,0,0
11607,2013,2,2,0,0,0,0,0,0,0,0
11608,2014,2,2,0,0,0,0,0,0,0,0
11632,2018,3,1,0,0,0,0,2,0,0,0
11640,2017,4,3,1,0,0,0,1,0,0,0
11640,2020,3,3,1,1,0,0,0,0,1,0
11644,2013,3,3,0,0,0,0,0,0,2,0
11644,2016,1,0,0,0,0,0,1,0,0,0
11644,2018,2,2,1,0,0,1,0,0,0,0
11650,2019,16,15,7,2,0,0,1,0,2,0
11650,2020,6,5,1,1,0,0,1,0,1,0
11650,2021,6,6,1,0,0,1,0,0,2,0
11661,2024,1,1,1,0,0,0,0,0,0,0
11663,2011,4,4,0,0,0,0,0,0,3,0
11663,2012,3,3,1,1,0,0,0,0,0,0
11663,2013,1,1,1,1,0,0,0,0,0,0
11663,2014,1,1,0,0,0,0,0,0,0,0
11673,2021,2,2,1,0,0,0,0,0,0,0
11686,2018,13,13,4,0,0,1,0,0,1,0
11686,2021,4,4,1,0,0,0,0,0,0,0
11686,2023,3,2,1,1,0,0,1,0,0,0
11688,2023,3,3,0,0,0,0,0,0,0,0
11691,2024,1,1,0,0,0,0,0,0,0,0
11691,2025,1,0,0,0,0,0,1,0,0,0
11694,2019,3,3,1,0,0,1,0,0,0,0
11694,2022,6,5,0,0,0,0,1,0,0,0
11694,2023,2,2,1,1,0,0,0,0,0,0
11699,2024,1,1,0,0,0,0,0,0,0,0
11706,2017,1,1,0,0,0,0,0,0,1,0
11706,2021,1,1,0,0,0,0,0,0,1,0
11709,2019,1,1,0,0,0,0,0,0,0,0
11709,2021,4,3,1,1,0,0,1,0,0,0
11709,2022,2,1,0,0,0,0,1,0,0,0
11709,2023,3,3,1,1,0,0,0,0,1,0
11709,2024,2,2,0,0,0,0,0,0,0,0
11713,2015,1,1,0,0,0,0,0,0,0,0
11713,2016,1,1,0,0,0,0,0,0,1,0
11719,2011,1,1,0,0,0,0,0,0,1,0
11723,2013,2,1,0,0,0,0,1,0,1,0
11746,2011,4,4,0,0,0,0,0,0,2,0
11746,2012,5,5,1,0,1,0,0,0,0,0
11746,2013,3,3,1,0,0,0,0,0,1,0
11770,2025,1,1,0,0,0,0,0,0,0,0
11773,2011,5,5,2,1,0,0,0,0,1,0
11773,2012,3,3,1,0,0,0,0,0,2,0
11773,2014,11,8,2,0,0,0,3,0,2,0
11773,2015,9,8,1,0,0,0,1,0,0,0
11773,2016,2,2,1,1,0,0,0,0,0,0
11773,2017,16,15,2,0,0,0,1,0,1,0
11773,2018,3,3,1,0,0,1,0,0,0,0
11773,2019,3,2,1,0,0,0,1,0,1,0
11777,2023,1,1,0,0,0,0,0,0,1,0
11783,2025,4,2,0,0,0,0,2,0,0,0
11784,2011,3,2,0,0,0,0,1,0,0,0
11786,2012,5,4,2,0,0,1,1,0,0,0
11801,2010,3,3,0,0,0,0,0,0,1,0
11806,2013,2,2,1,0,0,0,0,0,0,0
11806,2014,2,1,0,0,0,0,1,0,0,0
11814,2018,2,2,1,0,0,0,0,0,1,0
11814,2019,2,2,1,1,0,0,0,0,0,0
11818,2015,3,3,2,0,0,0,0,0,1,0
11818,2016,3,2,0,0,0,0,1,0,0,0
11818,2019,3,3,3,1,0,0,0,0,0,0
11826,2018,2,1,0,0,0,0,1,0,0,0
11829,2013,3,2,1,0,0,0,1,0,0,0
11829,2014,13,12,4,0,0,2,1,0,0,0
11829,2015,6,4,1,1,0,0,2,0,0,0
11829,2016,9,8,2,1,1,0,1,0,1,0
11831,2013,2,2,1,0,0,1,0,0,0,0
11831,2014,2,0,0,0,0,0,2,0,0,0
11839,2014,2,1,0,0,0,0,1,0,0,0
11839,2015,1,0,0,0,0,0,1,0,0,0
11839,2016,2,2,0,0,0,0,0,0,1,0
11839,2017,1,1,0,0,0,0,0,0,0,0
11839,2019,4,4,2,0,0,0,0,0,0,0
11839,2023,3,3,0,0,0,0,0,0,1,0
11841,2010,3,2,0,0,0,0,1,0,1,0
11841,2011,10,7,2,0,0,1,2,1,2,0
11841,2012,9,9,2,1,0,1,0,0,1,0
11841,2013,15,14,2,0,0,1,1,0,1,0
11841,2014,15,12,3,0,0,2,2,0,4,1
11841,2015,9,9,2,0,0,1,0,0,4,0
11841,2016,15,13,2,1,0,1,2,0,3,0
11841,2017,12,9,5,3,0,1,3,0,1,0
11841,2019,3,3,0,0,0,0,0,0,1,0
11841,2022,6,6,1,0,0,1,0,0,1,0
11841,2025,3,2,0,0,0,0,1,0,0,0
11841,2026,2,2,0,0,0,0,0,0,0,0
11848,2023,2,2,0,0,0,0,0,0,1,0
11848,2025,1,1,0,0,0,0,0,0,1,0
11848,2026,1,1,0,0,0,0,0,0,0,0
11849,2022,1,1,0,0,0,0,0,0,0,0
11850,2022,2,0,0,0,0,0,2,0,0,0
11850,2023,1,1,0,0,0,0,0,0,0,0
11850,2024,2,0,0,0,0,0,1,1,0,0
11856,2024,2,2,0,0,0,0,0,0,0,0
11862,2011,1,0,0,0,0,0,1,0,0,0
11863,2011,3,2,1,0,0,0,1,0,1,0
11863,2012,5,4,1,0,0,0,1,0,1,0
11863,2015,1,0,0,0,0,0,1,0,0,0
11874,2015,1,0,0,0,0,0,1,0,0,0
11878,2016,1,1,0,0,0,0,0,0,1,0
11878,2017,1,1,0,0,0,0,0,0,0,0
11878,2021,1,1,0,0,0,0,0,0,0,0
11893,2016,1,1,1,0,0,0,0,0,0,0
11893,2018,5,3,0,0,0,0,2,0,1,0
11897,2024,1,1,1,0,0,0,0,0,0,0
11897,2025,2,1,1,1,0,0,1,0,0,0
11899,2014,3,3,0,0,0,0,0,0,0,0
11904,2011,2,2,0,0,0,0,0,0,1,0
11904,2015,11,8,2,0,0,1,3,0,3,0
11904,2016,20,15,3,1,0,2,5,0,2,0
11905,2017,3,2,0,0,0,0,0,0,0,1
11911,2019,2,2,0,0,0,0,0,0,0,0
11911,2022,2,2,0,0,0,0,0,0,0,0
11911,2023,2,2,1,0,0,0,0,0,1,0
11911,2024,2,2,0,0,0,0,0,0,1,0
11917,2015,3,3,0,0,0,0,0,0,1,0
11917,2018,5,3,0,0,0,0,1,0,1,1
11917,2021,3,3,0,0,0,0,0,0,0,0
11917,2023,3,2,1,1,0,0,1,0,0,0
11917,2025,4,4,1,1,0,0,0,0,1,0
11918,2015,3,2,0,0,0,0,1,0,1,0
11919,2020,1,1,0,0,0,0,0,0,0,0
11922,2011,1,1,1,0,0,1,0,0,0,0
11922,2012,1,1,0,0,0,0,0,0,0,0
11935,2011,1,1,0,0,0,0,0,0,1,0
11935,2014,1,1,0,0,0,0,0,0,0,0
11942,2020,4,4,0,0,0,0,0,0,1,0
11942,2021,3,2,1,0,0,0,1,0,0,0
11942,2023,3,3,0,0,0,0,0,0,0,0
11949,2011,3,3,0,0,0,0,0,0,3,0
11951,2025,2,2,0,0,0,0,0,0,1,0
11952,2011,3,2,1,0,0,0,1,0,1,0
11953,2011,1,1,0,0,0,0,0,0,0,0
11953,2012,1,1,0,0,0,0,0,0,0,0
11955,2022,2,2,1,1,0,0,0,0,0,0
11955,2023,1,1,0,0,0,0,0,0,0,0
11957,2019,1,1,1,0,0,1,0,0,0,0
11958,2024,3,3,0,0,0,0,0,0,1,0
11968,2025,1,1,0,0,0,0,0,0,1,0
11981,2010,1,1,0,0,0,0,0,0,0,0
11982,2015,3,2,1,1,0,0,1,0,0,0
11982,2016,6,5,1,1,0,0,0,1,2,0
12010,2025,5,5,1,0,0,0,0,0,1,0
12020,2012,3,3,1,0,0,0,0,0,1,0
12020,2013,1,0,0,0,0,0,1,0,0,0
12025,2022,1,1,1,0,0,0,0,0,0,0
12046,2013,2,2,0,0,0,0,0,0,1,0
12046,2014,1,1,1,1,0,0,0,0,0,0
12046,2016,1,1,0,0,0,0,0,0,0,0
12050,2025,2,2,0,0,0,0,0,0,2,0
12085,2011,1,1,0,0,0,0,0,0,1,0
12085,2021,1,1,1,0,0,1,0,0,0,0
12090,2024,3,2,0,0,0,0,1,0,0,0
12095,2011,6,6,3,1,0,0,0,0,1,0
12095,2012,6,3,2,0,0,0,3,0,0,0
12095,2013,6,5,2,0,0,0,1,0,0,0
12095,2014,9,9,5,0,0,2,0,0,1,0
12095,2015,4,4,3,2,0,0,0,0,0,0
12095,2016,3,3,1,0,0,0,0,0,0,0
12097,2018,6,6,2,0,0,2,0,0,1,0
12097,2023,3,2,0,0,0,0,1,0,1,0
12097,2024,2,2,0,0,0,0,0,0,1,0
12097,2025,2,2,0,0,0,0,0,0,0,0
12100,2014,2,1,0,0,0,0,1,0,0,0
12103,2023,1,1,1,1,0,0,0,0,0,0
12103,2024,1,1,0,0,0,0,0,0,0,0
12104,2022,3,3,2,0,0,0,0,0,0,0
12104,2025,3,3,1,0,0,0,0,0,1,0
12105,2013,1,1,0,0,0,0,0,0,0,0
12105,2014,1,1,0,0,0,0,0,0,0,0
12106,2020,1,1,1,0,0,0,0,0,0,0
12109,2019,3,2,2,0,1,1,1,0,0,0
12120,2022,1,1,0,0,0,0,0,0,0,0
12120,2023,2,2,1,0,0,0,0,0,0,0
12127,2010,1,0,0,0,0,0,1,0,0,0
12129,2023,2,2,1,0,0,0,0,0,0,0
12129,2024,2,1,0,0,0,0,1,0,0,0
12129,2025,1,1,0,0,0,0,0,0,1,0
12132,2022,1,1,0,0,0,0,0,0,1,0
12138,2021,2,2,1,0,0,1,0,0,0,0
12150,2021,2,2,0,0,0,0,0,0,0,0
12150,2023,3,2,1,0,0,0,1,0,0,0
12154,2016,2,2,0,0,0,0,0,0,0,0
12154,2022,1,1,1,0,0,0,0,0,0,0
12158,2024,4,3,1,0,0,0,1,0,0,0
12158,2025,4,2,0,0,0,0,2,0,0,0
12172,2012,3,2,1,1,0,0,1,0,0,0
12182,2011,1,1,0,0,0,0,0,0,0,0
12186,2013,3,1,1,0,0,0,1,0,0,1
12186,2018,6,1,0,0,0,0,5,0,0,0
12186,2023,3,3,2,0,0,0,0,0,1,0
12186,2024,3,2,0,0,0,0,1,0,1,0
12186,2025,3,2,0,0,0,0,1,0,1,0
12188,2011,2,2,0,0,0,0,0,0,0,0
12201,2014,2,2,0,0,0,0,0,0,1,0
12201,2017,1,1,0,0,0,0,0,0,1,0
12201,2018,1,0,0,0,0,0,1,0,0,0
12245,2023,2,1,1,0,0,1,1,0,0,0
12247,2020,2,1,0,0,0,0,1,0,0,0
12247,2021,1,1,1,0,0,0,0,0,0,0
12271,2011,2,2,1,0,0,0,0,0,1,0
12271,2012,2,2,0,0,0,0,0,0,1,0
12271,2013,2,2,0,0,0,0,0,0,0,0
12271,2015,1,1,0,0,0,0,0,0,0,0
12271,2017,1,1,0,0,0,0,0,0,0,0
12272,2017,4,4,1,0,0,0,0,0,0,0
12285,2018,1,1,0,0,0,0,0,0,0,0
12286,2023,1,1,0,0,0,0,0,0,0,0
12304,2020,1,1,0,0,0,0,0,0,1,0
12304,2023,2,2,0,0,0,0,0,0,1,0
12304,2025,1,1,1,1,0,0,0,0,0,0
12317,2024,5,5,1,0,0,0,0,0,2,0
12321,2013,5,5,1,1,0,0,0,0,3,0
12321,2014,3,1,1,0,0,0,2,0,0,0
12346,2011,1,1,0,0,0,0,0,0,1,0
12354,2018,5,3,0,0,0,0,2,0,1,0
12354,2020,2,2,1,0,0,0,0,0,0,0
12354,2023,2,1,0,0,0,0,1,0,0,0
12355,2018,1,0,0,0,0,0,1,0,0,0
12361,2015,2,2,0,0,0,0,0,0,0,0
12361,2016,6,4,1,0,0,1,2,0,0,0
12361,2017,4,4,2,0,1,0,0,0,0,0
12362,2014,1,0,0,0,0,0,1,0,0,0
12364,2025,1,1,0,0,0,0,0,0,0,0
12369,2010,3,2,0,0,0,0,1,0,0,0
12369,2011,6,6,2,2,0,0,0,0,3,0
12369,2012,3,3,0,0,0,0,0,0,0,0
12369,2013,6,6,1,0,0,1,0,0,3,0
12369,2014,6,4,0,0,0,0,2,0,1,0
12382,2015,3,3,1,0,0,0,0,0,0,0
12382,2016,3,2,0,0,0,0,1,0,0,0
12382,2017,4,4,0,0,0,0,0,0,1,0
12382,2018,2,2,1,0,0,0,0,0,0,0
12382,2024,1,1,1,0,0,1,0,0,0,0
12395,2023,1,0,0,0,0,0,1,0,0,0
12395,2024,5,3,1,0,0,1,2,0,0,0
12405,2016,1,1,0,0,0,0,0,0,0,0
12405,2017,1,1,0,0,0,0,0,0,0,0
12407,2023,1,1,0,0,0,0,0,0,0,0
12407,2024,1,1,0,0,0,0,0,0,0,0
12416,2018,1,1,0,0,0,0,0,0,0,0
12435,2016,3,3,1,0,0,0,0,0,1,0
12435,2020,1,0,0,0,0,0,1,0,0,0
12446,2018,1,1,0,0,0,0,0,0,0,0
12446,2021,5,2,0,0,0,0,3,0,0,0
12451,2015,3,1,0,0,0,0,2,0,1,0
12457,2025,1,1,0,0,0,0,0,0,1,0
12460,2015,2,2,0,0,0,0,0,0,0,0
12461,2013,3,2,1,0,0,0,1,0,0,0
12472,2013,3,1,0,0,0,0,2,0,0,0
12472,2022,2,1,0,0,0,0,1,0,0,0
12472,2023,2,1,0,0,0,0,1,0,0,0
12476,2011,5,5,2,1,0,0,0,0,1,0
12476,2016,2,1,0,0,0,0,1,0,0,0
12477,2018,2,1,0,0,0,0,1,0,0,0
12477,2020,2,2,0,0,0,0,0,0,0,0
12477,2021,4,3,0,0,0,0,0,1,0,0
12487,2020,2,2,1,0,0,1,0,0,0,0
12487,2023,1,1,1,1,0,0,0,0,0,0
12501,2011,2,1,1,0,0,0,1,0,0,0
12502,2011,2,1,0,0,0,0,1,0,0,0
12502,2015,1,1,0,0,0,0,0,0,1,0
12502,2017,2,2,1,0,0,0,0,0,0,0
12508,2014,3,3,2,1,0,0,0,0,1,0
12508,2017,2,2,1,0,0,0,0,0,1,0
12510,2016,6,5,0,0,0,0,1,0,2,0
12526,2011,2,2,1,0,0,0,0,0,1,0
12526,2013,1,1,0,0,0,0,0,0,0,0
12532,2016,3,2,0,0,0,0,1,0,0,0
12532,2021,1,1,0,0,0,0,0,0,1,0
12537,2012,1,1,1,0,0,0,0,0,0,0
12537,2013,1,1,0,0,0,0,0,0,1,0
12540,2010,1,0,0,0,0,0,1,0,0,0
12540,2011,1,1,0,0,0,0,0,0,0,0
12556,2026,2,2,0,0,0,0,0,0,1,0
12561,2018,3,2,0,0,0,0,1,0,0,0
12561,2019,3,2,0,0,0,0,1,0,0,0
12561,2023,2,2,1,0,0,1,0,0,1,0
12561,2024,1,1,0,0,0,0,0,0,0,0
12567,2015,2,1,0,0,0,0,1,0,1,0
12567,2022,1,1,0,0,0,0,0,0,1,0
12567,2024,3,2,1,0,0,1,0,0,0,1
12576,2017,6,5,3,2,0,0,0,0,0,1
12576,2019,6,5,1,0,0,0,1,0,1,0
12578,2016,3,2,1,0,0,0,1,0,1,0
12578,2017,1,0,0,0,0,0,1,0,0,0
12592,2021,1,1,1,0,0,0,0,0,0,0
12594,2025,2,2,0,0,0,0,0,0,0,0
12597,2014,5,4,0,0,0,0,0,0,1,1
12597,2015,8,7,2,1,0,0,1,0,3,0
12597,2016,7,5,2,0,0,2,2,0,3,0
12597,2017,1,1,0,0,0,0,0,0,0,0
12630,2010,1,1,0,0,0,0,0,0,0,0
12633,2012,3,3,0,0,0,0,0,0,1,0
12641,2024,1,1,0,0,0,0,0,0,1,0
12649,2025,1,1,1,0,0,1,0,0,0,0
12654,2024,1,1,1,0,0,0,0,0,0,0
12654,2025,1,1,0,0,0,0,0,0,1,0
12655,2021,1,1,1,0,0,0,0,0,0,0
12656,2014,1,1,0,0,0,0,0,0,0,0
12659,2022,3,3,0,0,0,0,0,0,0,0
12663,2013,3,3,1,0,0,1,0,0,0,0
12663,2016,3,3,1,1,0,0,0,0,1,0
12663,2017,5,4,1,1,0,0,0,1,1,0
12663,2019,5,5,1,0,0,0,0,0,1,0
12663,2020,1,0,0,0,0,0,1,0,0,0
12665,2019,1,1,1,0,0,0,0,0,0,0
12665,2020,2,2,0,0,0,0,0,0,1,0
12676,2020,1,0,0,0,0,0,1,0,0,0
12685,2016,1,1,0,0,0,0,0,0,0,0
