0,2007,1,1,0,0,0,0,0,0,0,0
0,2008,2,0,0,0,0,0,2,0,0,0
9,1989,3,3,0,0,0,0,0,0,1,0
9,1990,6,6,3,1,0,0,0,0,0,0
11,1992,7,6,2,0,1,1,1,0,1,0
13,1990,3,3,0,0,0,0,0,0,0,0
13,2001,3,3,1,0,0,1,0,0,0,0
13,2004,4,4,0,0,0,0,0,0,0,0
30,2006,1,1,0,0,0,0,0,0,0,0
30,2007,2,1,1,0,0,0,1,0,0,0
30,2008,1,1,1,1,0,0,0,0,0,0
31,2009,1,1,1,0,0,1,0,0,0,0
33,1998,3,2,0,0,0,0,1,0,1,0
33,1999,5,3,1,0,0,1,1,0,0,1
33,2000,2,1,0,0,0,0,1,0,0,0
33,2001,4,4,2,1,0,0,0,0,0,0
33,2002,1,0,0,0,0,0,1,0,0,0
34,2001,3,2,0,0,0,0,1,0,0,0
36,1989,2,2,0,0,0,0,0,0,1,0
36,1990,3,3,1,1,0,0,0,0,0,0
36,1991,3,2,0,0,0,0,1,0,0,0
41,2009,1,1,0,0,0,0,0,0,0,0
56,1998,4,3,2,0,0,1,1,0,0,0
68,1996,4,3,1,0,0,0,1,0,1,0
68,1998,4,4,3,0,0,0,0,0,0,0
68,1999,1,1,0,0,0,0,0,0,0,0
68,2002,9,9,6,1,0,1,0,0,0,0
68,2003,3,3,1,0,0,0,0,0,0,0
68,2004,2,2,1,0,0,0,0,0,0,0
79,2004,2,2,1,0,0,0,0,0,0,0
86,2004,3,3,1,0,0,0,0,0,0,0
86,2005,1,1,0,0,0,0,0,0,0,0
86,2006,6,6,2,0,0,1,0,0,0,0
86,2009,1,1,0,0,0,0,0,0,1,0
90,1992,1,1,0,0,0,0,0,0,0,0
98,1990,3,1,0,0,0,0,1,1,0,0
98,1999,1,1,0,0,0,0,0,0,1,0
98,2000,1,1,0,0,0,0,0,0,0,0
111,2008,2,2,0,0,0,0,0,0,0,0
134,1990,3,2,0,0,0,0,1,0,1,0
134,1999,1,0,0,0,0,0,0,0,0,1
138,1989,3,3,0,0,0,0,0,0,0,0
139,1991,2,2,0,0,0,0,0,0,2,0
148,1998,1,0,0,0,0,0,1,0,0,0
148,1999,2,2,0,0,0,0,0,0,0,0
148,2000,2,1,1,0,0,1,1,0,0,0
148,2001,2,2,2,0,0,0,0,0,0,0
148,2002,1,1,1,0,0,1,0,0,0,0
148,2003,2,2,1,0,0,0,0,0,0,0
148,2007,1,1,0,0,0,0,0,0,0,0
185,2000,1,0,0,0,0,0,1,0,0,0
185,2002,2,2,1,0,0,1,0,0,0,0
185,2003,2,1,0,0,0,0,1,0,0,0
186,1999,1,1,0,0,0,0,0,0,0,0
186,2000,1,1,0,0,0,0,0,0,0,0
186,2002,1,1,0,0,0,0,0,0,0,0
186,2004,3,3,1,0,0,0,0,0,0,0
191,2003,2,2,1,0,0,0,0,0,0,0
192,2003,2,2,1,0,0,0,0,0,0,0
236,1996,1,0,0,0,0,0,1,0,0,0
238,2003,1,0,0,0,0,0,1,0,0,0
239,2003,1,1,0,0,0,0,0,0,0,0
259,1989,5,5,3,1,0,0,0,0,0,0
261,1998,6,6,1,1,0,0,0,0,1,0
261,1999,9,8,4,0,0,1,1,0,1,0
261,2000,6,6,2,0,0,0,0,0,2,0
261,2001,4,4,2,0,0,1,0,0,0,0
261,2002,3,3,0,0,0,0,0,0,0,0
261,2004,7,6,2,1,0,0,1,0,0,0
280,2000,10,9,3,2,0,0,1,0,0,0
280,2001,6,4,2,0,0,0,2,0,0,0
286,1993,3,2,0,0,0,0,1,0,1,0
319,2000,6,3,0,0,0,0,3,0,2,0
333,1990,4,4,1,0,0,0,0,0,0,0
333,1991,2,2,0,0,0,0,0,0,0,0
333,2000,4,3,1,0,0,0,1,0,0,0
333,2001,3,2,0,0,0,0,1,0,1,0
337,1989,5,5,2,1,0,0,0,0,1,0
337,1991,1,0,0,0,0,0,1,0,0,0
337,1993,4,3,0,0,0,0,1,0,0,0
337,1995,2,1,1,0,0,0,1,0,0,0
364,2001,6,4,0,0,0,0,2,0,0,0
364,2002,8,6,2,0,0,1,2,0,1,0
364,2003,6,5,2,0,0,0,1,0,0,0
367,1993,4,4,0,0,0,0,0,0,3,0
375,1989,5,4,0,0,0,0,0,1,1,0
375,1990,1,1,0,0,0,0,0,0,0,0
375,1991,2,2,1,0,0,0,0,0,1,0
377,1993,8,8,2,1,0,0,0,0,0,0
377,1994,1,1,0,0,0,0,0,0,0,0
384,2000,6,6,1,0,0,0,0,0,1,0
384,2004,12,12,3,0,0,0,0,0,2,0
384,2005,7,5,4,1,0,1,2,0,0,0
384,2009,1,1,0,0,0,0,0,0,0,0
388,2000,6,5,4,1,1,1,1,0,0,0
397,1993,7,4,0,0,0,0,1,1,0,1
397,1996,7,6,2,0,0,1,0,1,0,0
397,1998,6,4,0,0,0,0,2,0,0,0
397,1999,10,7,1,0,0,0,3,0,1,0
397,2000,3,3,1,0,0,1,0,0,0,0
397,2002,7,5,2,0,0,1,2,0,1,0
397,2003,3,3,1,0,0,0,0,0,0,0
410,1992,1,1,1,0,0,0,0,0,0,0
412,1993,1,1,0,0,0,0,0,0,0,0
412,1996,14,11,4,1,0,1,3,0,2,0
412,1997,3,2,1,0,0,0,1,0,0,0
412,1998,11,11,6,3,2,1,0,0,0,0
412,1999,12,11,5,1,0,1,1,0,1,0
412,2000,3,3,2,0,0,0,0,0,1,0
412,2001,9,6,5,2,0,0,2,1,1,0
412,2002,9,7,0,0,0,0,1,1,0,0
412,2005,3,3,1,0,0,0,0,0,0,0
417,2004,1,1,0,0,0,0,0,0,0,0
418,1989,1,1,0,0,0,0,0,0,0,0
438,2003,1,1,1,0,0,1,0,0,0,0
446,1992,6,6,2,0,0,0,0,0,0,0
446,1993,8,8,5,0,0,1,0,0,0,0
446,1994,10,10,1,1,0,0,0,0,2,0
446,1995,10,7,3,0,0,1,3,0,0,0
446,1996,5,5,1,0,0,1,0,0,1,0
458,1992,7,5,2,0,0,1,2,0,0,0
458,1993,2,2,0,0,0,0,0,0,1,0
458,1998,1,1,1,0,0,0,0,0,0,0
458,1999,1,1,0,0,0,0,0,0,1,0
459,2003,6,4,0,0,0,0,2,0,1,0
461,1998,1,1,0,0,0,0,0,0,0,0
461,1999,4,4,0,0,0,0,0,0,1,0
461,2000,3,3,1,0,0,1,0,0,0,0
461,2002,1,1,0,0,0,0,0,0,0,0
463,1993,1,1,0,0,0,0,0,0,1,0
482,2007,4,4,1,1,0,0,0,0,1,0
482,2008,2,2,0,0,0,0,0,0,0,0
485,2004,4,4,2,0,0,1,0,0,0,0
485,2005,2,2,0,0,0,0,0,0,1,0
485,2007,1,1,0,0,0,0,0,0,0,0
485,2009,2,2,0,0,0,0,0,0,0,0
498,1996,1,0,0,0,0,0,1,0,0,0
498,1997,1,0,0,0,0,0,1,0,0,0
505,1995,1,1,0,0,0,0,0,0,0,0
505,1996,2,2,0,0,0,0,0,0,0,0
505,1997,7,6,0,0,0,0,1,0,2,0
506,1989,1,1,1,0,0,0,0,0,0,0
506,1990,2,2,2,1,0,0,0,0,0,0
506,1991,2,2,0,0,0,0,0,0,0,0
528,2006,3,3,0,0,0,0,0,0,0,0
528,2007,7,7,2,2,0,0,0,0,3,0
528,2008,13,13,2,0,0,1,0,0,3,0
541,2005,6,6,4,1,0,1,0,0,0,0
550,2004,3,3,1,0,0,0,0,0,0,0
550,2008,3,3,2,0,0,2,0,0,1,0
550,2009,1,1,0,0,0,0,0,0,0,0
552,1990,6,6,2,2,0,0,0,0,0,0
552,1991,3,2,0,0,0,0,1,0,1,0
569,1989,5,4,1,0,0,0,0,0,0,1
569,1992,1,1,0,0,0,0,0,0,0,0
571,1995,1,1,1,0,0,0,0,0,0,0
571,2002,1,1,1,0,0,0,0,0,0,0
574,2007,6,6,0,0,0,0,0,0,0,0
574,2008,6,6,0,0,0,0,0,0,2,0
575,1989,7,7,0,0,0,0,0,0,1,0
597,1989,2,2,0,0,0,0,0,0,0,0
597,1991,2,2,1,0,0,0,0,0,0,0
617,1992,2,2,2,0,0,1,0,0,0,0
617,1993,4,2,0,0,0,0,2,0,0,0
667,2005,1,1,0,0,0,0,0,0,0,0
681,2008,5,5,4,1,0,0,0,0,0,0
681,2009,1,1,1,0,0,1,0,0,0,0
688,1997,1,1,1,0,0,0,0,0,0,0
698,1997,4,4,1,0,0,1,0,0,0,0
698,1998,1,1,1,0,0,0,0,0,0,0
698,1999,1,0,0,0,0,0,1,0,0,0
698,2000,2,1,1,0,0,0,0,1,0,0
698,2001,11,9,2,0,0,0,1,0,1,1
698,2003,3,2,1,0,0,1,0,1,0,0
698,2004,7,7,2,0,0,2,0,0,1,0
698,2005,2,2,1,0,0,1,0,0,1,0
698,2007,7,6,0,0,0,0,1,0,2,0
698,2008,3,3,2,1,0,0,0,0,0,0
710,2004,1,1,0,0,0,0,0,0,0,0
710,2006,1,1,0,0,0,0,0,0,0,0
719,2004,1,1,0,0,0,0,0,0,0,0
719,2006,3,3,1,0,0,1,0,0,1,0
723,1990,2,1,1,0,0,0,0,0,0,1
723,1993,3,3,0,0,0,0,0,0,2,0
723,1994,2,1,0,0,0,0,1,0,0,0
723,1996,1,1,1,0,0,0,0,0,0,0
729,2005,2,1,0,0,0,0,0,1,0,0
762,2002,4,3,1,0,0,0,1,0,1,0
762,2003,12,10,2,0,0,1,2,0,1,0
762,2009,3,3,1,0,0,0,0,0,0,0
764,1992,2,2,2,0,0,1,0,0,0,0
764,1993,1,1,0,0,0,0,0,0,0,0
764,1994,1,1,0,0,0,0,0,0,0,0
764,1995,2,2,0,0,0,0,0,0,1,0
764,1996,3,2,1,0,0,1,1,0,0,0
764,1997,1,1,0,0,0,0,0,0,1,0
764,1998,1,0,0,0,0,0,1,0,0,0
764,2004,2,1,1,0,0,0,1,0,0,0
771,2004,5,5,1,0,0,0,0,0,0,0
771,2005,5,3,1,0,0,0,2,0,0,0
771,2008,2,1,0,0,0,0,1,0,1,0
775,1991,1,1,0,0,0,0,0,0,0,0
775,1993,2,2,0,0,0,0,0,0,2,0
775,1994,4,3,0,0,0,0,1,0,0,0
776,1996,2,2,0,0,0,0,0,0,0,0
776,1997,6,4,2,1,0,1,2,0,2,0
776,1998,3,3,1,0,0,0,0,0,0,0
786,2001,3,2,2,1,0,0,1,0,0,0
786,2003,1,0,0,0,0,0,1,0,0,0
786,2005,2,2,0,0,0,0,0,0,0,0
787,2002,1,0,0,0,0,0,1,0,0,0
790,1992,13,11,2,0,0,0,0,0,0,2
790,1993,5,4,0,0,0,0,0,1,2,0
790,1999,3,3,1,0,0,0,0,0,1,0
795,2009,1,1,0,0,0,0,0,0,0,0
796,1992,1,1,0,0,0,0,0,0,0,0
796,1993,2,2,0,0,0,0,0,0,0,0
796,1997,4,3,0,0,0,0,1,0,1,0
796,1998,4,3,0,0,0,0,1,0,1,0
796,2000,2,1,0,0,0,0,1,0,1,0
812,2005,1,1,0,0,0,0,0,0,0,0
825,2000,3,3,3,0,0,1,0,0,0,0
825,2002,3,3,2,1,0,0,0,0,1,0
825,2004,5,5,2,0,0,0,0,0,2,0
825,2005,2,2,1,0,0,0,0,0,0,0
845,1993,5,5,1,0,0,0,0,0,2,0
845,1994,3,2,2,1,0,0,1,0,0,0
845,1996,8,7,0,0,0,0,0,1,3,0
845,1997,6,4,0,0,0,0,2,0,2,0
845,1998,7,7,3,2,0,0,0,0,0,0
845,1999,6,5,0,0,0,0,1,0,1,0
845,2000,6,5,3,0,0,2,1,0,1,0
845,2002,3,3,1,0,0,0,0,0,2,0
846,1997,8,7,1,0,0,0,1,0,1,0
846,2000,2,2,0,0,0,0,0,0,0,0
846,2001,3,3,0,0,0,0,0,0,1,0
848,1999,1,0,0,0,0,0,1,0,0,0
848,2000,3,3,0,0,0,0,0,0,2,0
848,2001,1,1,0,0,0,0,0,0,0,0
848,2002,1,1,0,0,0,0,0,0,1,0
848,2003,1,1,0,0,0,0,0,0,0,0
859,2009,2,1,0,0,0,0,1,0,1,0
860,1998,1,1,0,0,0,0,0,0,0,0
861,2002,2,1,0,0,0,0,1,0,0,0
861,2004,4,4,1,0,0,0,0,0,0,0
861,2005,6,5,0,0,0,0,1,0,2,0
861,2007,1,1,0,0,0,0,0,0,0,0
861,2008,1,1,0,0,0,0,0,0,0,0
863,1999,3,3,1,0,0,0,0,0,0,0
863,2005,3,3,0,0,0,0,0,0,0,0
863,2006,5,5,3,1,0,0,0,0,0,0
871,1989,2,2,0,0,0,0,0,0,0,0
871,1990,4,4,1,0,0,0,0,0,0,0
871,1992,1,1,0,0,0,0,0,0,0,0
872,2001,3,2,1,0,0,0,1,0,0,0
880,2009,2,1,1,0,0,1,1,0,0,0
884,1996,5,5,0,0,0,0,0,0,1,0
884,1997,3,2,0,0,0,0,1,0,0,0
884,1998,9,8,2,0,0,0,1,0,0,0
887,2009,3,3,1,0,0,0,0,0,1,0
890,2002,3,3,0,0,0,0,0,0,1,0
890,2003,1,1,0,0,0,0,0,0,0,0
920,2004,1,1,0,0,0,0,0,0,1,0
920,2007,4,4,1,0,0,0,0,0,1,0
920,2008,4,4,1,0,0,0,0,0,1,0
945,2002,1,1,0,0,0,0,0,0,0,0
945,2003,5,2,1,0,0,0,3,0,0,0
949,1992,2,2,2,2,0,0,0,0,0,0
949,1994,1,1,1,1,0,0,0,0,0,0
949,1996,4,4,1,0,0,0,0,0,1,0
949,1997,1,1,0,0,0,0,0,0,0,0
970,2007,1,1,0,0,0,0,0,0,0,0
981,1989,4,4,2,0,0,1,0,0,0,0
981,1990,6,5,0,0,0,0,0,0,2,1
981,1992,9,8,5,1,0,1,1,0,0,0
981,1993,3,3,0,0,0,0,0,0,1,0
985,2007,1,1,1,0,0,0,0,0,0,0
985,2008,6,6,1,0,0,0,0,0,1,0
998,1990,3,3,1,1,0,0,0,0,0,0
998,1992,6,6,1,0,0,1,0,0,0,0
998,1993,11,10,3,0,0,1,1,0,1,0
998,1994,3,2,2,0,0,2,1,0,0,0
998,1996,4,2,0,0,0,0,2,0,0,0
998,1997,3,2,0,0,0,0,1,0,1,0
998,1998,8,8,3,0,0,1,0,0,0,0
1009,2005,5,3,1,1,0,0,2,0,0,0
1009,2007,6,6,2,0,0,1,0,0,0,0
1009,2009,1,1,0,0,0,0,0,0,1,0
1015,2000,1,1,0,0,0,0,0,0,0,0
1028,1996,5,5,2,0,0,0,0,0,0,0
1028,1997,1,1,1,0,0,0,0,0,0,0
1035,2008,1,1,0,0,0,0,0,0,0,0
1050,1989,8,7,2,0,0,0,0,0,0,0
1050,1990,9,9,3,1,0,0,0,0,0,0
1058,1996,4,2,0,0,0,0,2,0,0,0
1058,1997,1,1,0,0,0,0,0,0,0,0
1061,1989,5,5,2,1,0,0,0,0,1,0
1061,1990,11,11,3,1,0,1,0,0,3,0
1061,1991,2,2,0,0,0,0,0,0,1,0
1062,1998,2,2,1,1,0,0,0,0,0,0
1062,1999,4,3,1,0,0,1,1,0,0,0
1062,2003,3,3,0,0,0,0,0,0,1,0
1065,1992,4,4,1,0,0,0,0,0,0,0
1075,1997,3,2,1,0,0,0,1,0,0,0
1075,1999,7,7,3,1,0,0,0,0,0,0
1075,2000,6,4,1,0,0,1,2,0,0,0
1075,2001,3,3,0,0,0,0,0,0,2,0
1091,1992,5,4,1,0,0,0,1,0,0,0
1095,2004,6,5,0,0,0,0,0,0,2,1
1095,2005,8,8,2,0,0,0,0,0,0,0
1095,2006,4,4,1,0,0,0,0,0,0,0
1097,1997,3,0,0,0,0,0,2,1,0,0
1097,2000,4,3,1,1,0,0,1,0,2,0
1097,2001,2,1,0,0,0,0,1,0,0,0
1109,2007,3,1,0,0,0,0,2,0,1,0
1109,2008,5,5,0,0,0,0,0,0,2,0
1120,2005,3,3,0,0,0,0,0,0,0,0
1120,2007,3,3,1,0,0,0,0,0,0,0
1124,1995,2,2,1,0,0,0,0,0,1,0
1133,2004,2,2,1,0,0,0,0,0,0,0
1135,1994,2,2,0,0,0,0,0,0,0,0
1135,1995,3,2,1,0,0,0,0,0,1,1
1135,1996,5,3,1,1,0,0,1,1,2,0
1138,1996,1,0,0,0,0,0,1,0,0,0
1138,1997,1,0,0,0,0,0,1,0,0,0
1138,2002,2,2,1,1,0,0,0,0,0,0
1138,2005,2,2,1,0,0,0,0,0,0,0
1138,2007,3,3,2,0,0,0,0,0,0,0
1147,1992,1,1,0,0,0,0,0,0,0,0
1147,1993,1,0,0,0,0,0,1,0,0,0
1147,1994,5,5,1,0,0,1,0,0,1,0
1147,1997,1,1,1,0,0,1,0,0,0,0
1159,1993,8,7,4,1,0,1,1,0,0,0
1159,1996,2,2,1,0,0,0,0,0,0,0
1159,1997,4,2,1,1,0,0,1,1,0,0
1159,1998,3,3,0,0,0,0,0,0,0,0
1159,1999,5,5,2,2,0,0,0,0,1,0
1159,2000,6,5,3,0,0,2,1,0,0,0
1160,1995,2,2,1,0,0,1,0,0,0,0
1160,1996,4,4,0,0,0,0,0,0,0,0
1160,1998,2,2,0,0,0,0,0,0,0,0
1160,1999,4,4,2,0,0,0,0,0,1,0
1160,2002,2,2,0,0,0,0,0,0,1,0
1160,2004,3,3,0,0,0,0,0,0,1,0
1160,2005,1,1,0,0,0,0,0,0,0,0
1163,1991,3,3,0,0,0,0,0,0,0,0
1175,1996,1,1,0,0,0,0,0,0,0,0
1184,1993,3,3,1,0,0,0,0,0,1,0
1203,2000,1,0,0,0,0,0,1,0,0,0
1205,1989,3,3,0,0,0,0,0,0,0,0
1206,2009,1,0,0,0,0,0,0,1,0,0
1221,2003,2,2,0,0,0,0,0,0,0,0
1221,2004,1,0,0,0,0,0,1,0,0,0
1221,2005,2,2,0,0,0,0,0,0,0,0
1221,2007,3,3,0,0,0,0,0,0,0,0
1221,2008,1,1,1,0,0,0,0,0,0,0
1225,2007,5,4,1,0,0,0,1,0,0,0
1225,2008,3,3,0,0,0,0,0,0,0,0
1244,1992,4,4,2,0,0,0,0,0,0,0
1246,1992,4,3,2,1,0,0,0,1,0,0
1246,1994,3,3,3,0,0,1,0,0,0,0
1246,1995,1,1,0,0,0,0,0,0,0,0
1246,1996,1,1,0,0,0,0,0,0,1,0
1246,1998,2,2,2,0,0,1,0,0,0,0
1246,2000,1,1,1,0,0,1,0,0,0,0
1260,2007,2,2,0,0,0,0,0,0,0,0
1268,2004,5,3,3,0,0,0,2,0,0,0
1268,2005,1,0,0,0,0,0,1,0,0,0
1289,2008,1,1,0,0,0,0,0,0,1,0
1294,1999,1,1,0,0,0,0,0,0,0,0
1328,2008,1,1,0,0,0,0,0,0,0,0
1342,1999,3,3,1,0,0,0,0,0,1,0
1342,2000,3,2,0,0,0,0,1,0,0,0
1343,1995,5,5,1,0,0,1,0,0,1,0
1343,1997,1,1,0,0,0,0,0,0,0,0
1343,2004,1,0,0,0,0,0,1,0,0,0
1343,2005,2,2,0,0,0,0,0,0,0,0
1372,2007,1,1,0,0,0,0,0,0,0,0
1399,2001,1,1,1,0,0,0,0,0,0,0
1399,2003,2,1,0,0,0,0,1,0,1,0
1399,2006,2,2,0,0,0,0,0,0,0,0
1406,1990,3,3,0,0,0,0,0,0,1,0
1406,1991,5,4,2,0,0,0,1,0,0,0
1406,1998,9,7,5,0,0,1,0,1,0,1
1406,2002,2,2,1,0,0,0,0,0,1,0
1406,2003,3,3,1,0,0,0,0,0,0,0
1426,1998,4,3,0,0,0,0,1,0,0,0
1429,1992,3,3,0,0,0,0,0,0,1,0
1429,1993,9,7,2,1,0,0,2,0,1,0
1429,1994,7,7,1,0,0,1,0,0,1,0
1454,2008,1,1,0,0,0,0,0,0,0,0
1454,2009,1,1,0,0,0,0,0,0,0,0
1461,1998,2,2,1,0,0,1,0,0,0,0
1477,2008,2,2,2,0,0,0,0,0,0,0
1482,2008,1,1,0,0,0,0,0,0,1,0
1484,2007,3,3,0,0,0,0,0,0,0,0
1495,2004,5,4,0,0,0,0,1,0,1,0
1495,2007,7,6,0,0,0,0,1,0,2,0
1495,2008,3,2,1,0,0,0,1,0,0,0
1505,2007,2,0,0,0,0,0,1,0,0,1
1510,1992,4,3,0,0,0,0,1,0,0,0
1510,1994,5,5,2,0,0,1,0,0,0,0
1510,1996,6,4,1,0,0,0,2,0,1,0
1510,1997,3,1,1,1,0,0,1,1,0,0
1516,2003,1,1,0,0,0,0,0,0,0,0
1523,1991,1,1,0,0,0,0,0,0,0,0
1523,1992,3,2,0,0,0,0,1,0,0,0
1523,1993,2,0,0,0,0,0,1,0,0,1
1523,1996,8,7,4,1,0,1,1,0,1,0
1523,1997,3,2,0,0,0,0,1,0,1,0
1523,2002,3,3,0,0,0,0,0,0,1,0
1523,2003,2,2,0,0,0,0,0,0,2,0
1531,2005,1,1,0,0,0,0,0,0,0,0
1531,2006,1,1,0,0,0,0,0,0,1,0
1546,1992,9,8,3,1,0,2,1,0,0,0
1546,1993,4,4,2,0,0,1,0,0,0,0
1546,1999,2,2,0,0,0,0,0,0,0,0
1546,2001,3,3,1,0,0,0,0,0,0,0
1546,2002,7,5,1,0,0,0,2,0,1,0
1547,1996,1,1,0,0,0,0,0,0,0,0
1547,1997,3,3,1,0,0,0,0,0,1,0
1553,1992,2,2,2,0,0,0,0,0,0,0
1556,1999,3,3,1,0,0,0,0,0,1,0
1556,2000,3,3,1,0,0,0,0,0,0,0
1556,2001,6,3,1,0,0,1,3,0,1,0
1556,2002,15,14,3,0,0,0,1,0,2,0
1556,2007,5,2,0,0,0,0,2,1,0,0
1556,2008,3,3,2,0,0,2,0,0,0,0
1556,2009,6,4,1,0,0,0,2,0,3,0
1565,2009,3,3,1,0,0,0,0,0,0,0
1567,2009,3,2,0,0,0,0,1,0,0,0
1569,1989,2,2,0,0,0,0,0,0,0,0
1569,1990,2,2,0,0,0,0,0,0,0,0
1570,2008,3,1,0,0,0,0,2,0,1,0
1587,1999,1,0,0,0,0,0,1,0,0,0
1596,2004,3,1,0,0,0,0,1,1,0,0
1596,2005,8,8,1,0,0,0,0,0,1,0
1631,2002,3,3,1,0,0,0,0,0,0,0
1631,2003,1,1,1,0,0,1,0,0,0,0
1634,1995,1,0,0,0,0,0,1,0,0,0
1634,1996,1,1,1,0,0,0,0,0,0,0
1634,1997,9,8,0,0,0,0,1,0,1,0
1634,1999,3,2,0,0,0,0,1,0,0,0
1634,2000,3,3,0,0,0,0,0,0,1,0
1634,2005,4,4,1,0,0,0,0,0,0,0
1634,2007,11,10,3,0,0,1,1,0,1,0
1634,2008,3,3,1,0,0,0,0,0,0,0
1645,2004,8,5,2,0,0,0,3,0,1,0
1645,2005,9,7,2,0,0,0,2,0,0,0
1645,2006,6,5,1,0,0,0,1,0,1,0
1645,2007,6,4,1,0,0,1,1,1,1,0
1645,2008,3,2,0,0,0,0,0,1,0,0
1645,2009,1,0,0,0,0,0,1,0,0,0
1650,2005,1,0,0,0,0,0,1,0,0,0
1650,2007,2,2,0,0,0,0,0,0,1,0
1650,2008,1,1,0,0,0,0,0,0,0,0
1652,2000,2,2,1,0,0,1,0,0,1,0
1652,2001,2,2,2,1,0,1,0,0,0,0
1652,2002,1,1,0,0,0,0,0,0,1,0
1663,1988,1,1,1,0,0,0,0,0,0,0
1663,1989,4,3,0,0,0,0,1,0,0,0
1663,1990,2,1,0,0,0,0,1,0,1,0
1663,1991,1,1,1,0,1,0,0,0,0,0
1663,1993,1,1,0,0,0,0,0,0,0,0
1669,2009,6,6,0,0,0,0,0,0,2,0
1675,2003,1,1,0,0,0,0,0,0,0,0
1675,2007,2,2,0,0,0,0,0,0,2,0
1675,2009,3,2,0,0,0,0,1,0,1,0
1727,1988,4,3,0,0,0,0,1,0,0,0
1727,1996,1,1,0,0,0,0,0,0,0,0
1732,2004,4,4,1,0,0,0,0,0,1,0
1732,2005,1,1,1,1,0,0,0,0,0,0
1732,2006,1,1,0,0,0,0,0,0,0,0
1732,2007,1,1,1,0,0,1,0,0,0,0
1741,1993,2,2,0,0,0,0,0,0,0,0
1743,1989,4,3,0,0,0,0,1,0,1,0
1743,1990,8,8,0,0,0,0,0,0,2,0
1743,1992,11,11,4,1,0,2,0,0,2,0
1743,1993,6,6,2,1,0,0,0,0,1,0
1743,1994,4,3,1,0,0,0,1,0,0,0
1743,1995,3,3,2,1,0,0,0,0,0,0
1743,1997,4,3,0,0,0,0,1,0,0,0
1764,2007,1,1,0,0,0,0,0,0,0,0
1773,2005,3,2,0,0,0,0,1,0,0,0
1790,1999,2,2,1,0,0,1,0,0,0,0
1790,2009,2,2,0,0,0,0,0,0,0,0
1792,1997,2,0,0,0,0,0,2,0,0,0
1801,2007,14,13,3,0,0,0,1,0,4,0
1801,2008,9,5,0,0,0,0,2,2,1,0
1805,1992,2,1,0,0,0,0,0,0,0,1
1805,1993,1,1,0,0,0,0,0,0,0,0
1806,1997,4,3,0,0,0,0,1,0,1,0
1825,2004,1,1,0,0,0,0,0,0,0,0
1825,2005,3,2,1,1,0,0,1,0,0,0
1825,2008,2,2,0,0,0,0,0,0,1,0
1828,1996,3,1,0,0,0,0,2,0,0,0
1828,2000,2,2,1,0,0,0,0,0,0,0
1828,2002,2,2,0,0,0,0,0,0,0,0
1829,1994,5,3,0,0,0,0,2,0,1,0
1829,1995,2,2,1,0,0,0,0,0,1,0
1829,1996,4,2,1,0,0,0,2,0,1,0
1829,1997,1,1,0,0,0,0,0,0,0,0
1829,2007,2,2,0,0,0,0,0,0,1,0
1838,1994,2,2,1,0,0,0,0,0,1,0
1845,1992,3,2,1,0,0,0,1,0,0,0
1846,2003,1,1,0,0,0,0,0,0,0,0
1846,2004,3,2,0,0,0,0,1,0,0,0
1846,2005,6,5,1,0,0,0,1,0,0,0
1851,1990,7,6,1,0,0,0,1,0,1,0
1865,1997,1,0,0,0,0,0,1,0,0,0
1872,2008,1,0,0,0,0,0,1,0,0,0
1888,1992,12,11,5,2,1,0,0,0,1,1
1888,1993,3,3,0,0,0,0,0,0,0,0
1888,1995,4,3,1,0,0,0,0,1,0,0
1888,1996,7,5,1,0,0,0,2,0,1,0
1888,1997,10,8,3,0,0,1,2,0,1,0
1888,2002,3,3,1,1,0,0,0,0,0,0
1930,1997,2,2,1,0,0,0,0,0,0,0
1957,2002,1,1,0,0,0,0,0,0,0,0
1957,2003,3,3,2,1,0,1,0,0,0,0
1960,1989,6,5,1,0,0,0,1,0,0,0
1960,1990,4,3,1,0,0,0,1,0,0,0
1970,2005,12,11,4,1,0,2,0,1,2,0
1970,2006,5,4,3,0,0,1,1,0,0,0
1972,2001,9,7,3,1,0,2,2,0,3,0
1972,2002,3,1,0,0,0,0,2,0,0,0
1972,2003,3,2,1,1,0,0,1,0,0,0
1982,2007,2,2,0,0,0,0,0,0,0,0
1982,2009,2,2,0,0,0,0,0,0,1,0
1993,1992,1,1,0,0,0,0,0,0,0,0
2004,1992,3,3,0,0,0,0,0,0,0,0
2004,1998,1,0,0,0,0,0,1,0,0,0
2011,2009,1,1,0,0,0,0,0,0,0,0
2018,1999,1,1,0,0,0,0,0,0,0,0
2018,2000,5,4,0,0,0,0,1,0,0,0
2018,2001,3,3,3,1,0,1,0,0,0,0
2018,2003,1,1,1,0,0,1,0,0,0,0
2018,2004,3,1,1,0,0,0,1,0,0,1
2018,2005,14,14,5,0,0,3,0,0,4,0
2018,2006,4,3,3,0,0,0,1,0,0,0
2023,2008,1,1,0,0,0,0,0,0,1,0
2027,2007,3,3,2,0,0,0,0,0,0,0
2041,1991,1,1,0,0,0,0,0,0,0,0
2051,1998,2,1,0,0,0,0,1,0,0,0
2051,1999,3,3,0,0,0,0,0,0,1,0
2051,2000,5,3,3,0,0,0,2,0,0,0
2058,1997,1,0,0,0,0,0,1,0,0,0
2058,1998,1,1,0,0,0,0,0,0,1,0
2058,1999,1,1,0,0,0,0,0,0,0,0
2070,2004,8,6,2,0,0,1,2,0,3,0
2070,2005,6,6,2,0,0,1,0,0,2,0
2070,2006,1,0,0,0,0,0,0,1,0,0
2116,1992,6,6,0,0,0,0,0,0,0,0
2116,1996,10,7,2,0,0,0,3,0,2,0
2116,1997,6,4,2,0,1,0,2,0,2,0
2116,1998,3,1,0,0,0,0,2,0,0,0
2116,1999,2,2,1,0,0,0,0,0,0,0
2116,2000,3,2,2,0,0,0,0,0,0,1
2136,1990,2,2,1,0,0,0,0,0,1,0
2144,1999,3,1,1,0,0,0,2,0,0,0
2144,2000,10,8,0,0,0,0,2,0,2,0
2144,2001,3,2,1,0,0,0,0,1,0,0
2144,2002,3,3,1,1,0,0,0,0,1,0
2144,2003,4,4,0,0,0,0,0,0,1,0
2144,2005,7,6,2,1,0,0,1,0,1,0
2144,2006,3,2,0,0,0,0,1,0,1,0
2147,1989,8,7,5,1,0,0,1,0,0,0
2147,1990,8,8,3,0,0,0,0,0,1,0
2147,2007,3,3,3,1,0,0,0,0,0,0
2162,1995,2,1,0,0,0,0,0,1,0,0
2162,1996,4,4,1,0,0,0,0,0,1,0
2162,1997,1,1,0,0,0,0,0,0,0,0
2162,1998,1,1,0,0,0,0,0,0,0,0
2162,1999,3,3,0,0,0,0,0,0,1,0
2166,1999,1,1,0,0,0,0,0,0,0,0
2185,2009,3,2,1,0,0,0,1,0,0,0
2187,2002,6,3,1,0,0,0,2,1,1,0
2237,2002,10,9,4,1,0,0,1,0,0,0
2237,2004,3,3,2,1,0,0,0,0,0,0
2237,2005,6,5,0,0,0,0,1,0,1,0
2237,2006,2,2,0,0,0,0,0,0,1,0
2237,2007,3,3,1,1,0,0,0,0,0,0
2240,2004,3,2,0,0,0,0,1,0,0,0
2240,2005,2,2,1,0,0,0,0,0,0,0
2240,2007,1,1,0,0,0,0,0,0,0,0
2240,2009,1,0,0,0,0,0,1,0,0,0
2255,1990,1,1,0,0,0,0,0,0,0,0
2259,2009,4,4,0,0,0,0,0,0,1,0
2261,1992,11,8,2,0,0,1,3,0,2,0
2261,1997,4,3,0,0,0,0,1,0,3,0
2282,2005,7,6,2,0,0,0,1,0,2,0
2282,2007,3,2,0,0,0,0,0,1,0,0
2291,2003,3,3,0,0,0,0,0,0,0,0
2295,1998,1,1,0,0,0,0,0,0,1,0
2295,2001,1,1,1,0,0,0,0,0,0,0
2297,1989,1,0,0,0,0,0,1,0,0,0
2300,1993,3,1,0,0,0,0,1,0,0,1
2300,1994,3,1,0,0,0,0,2,0,0,0
2300,1996,1,1,0,0,0,0,0,0,0,0
2300,1997,6,4,0,0,0,0,2,0,1,0
2307,2000,4,4,3,0,0,2,0,0,1,0
2316,1999,2,2,0,0,0,0,0,0,0,0
2324,1988,1,0,0,0,0,0,0,0,0,0
2326,2008,1,1,1,0,0,0,0,0,0,0
2328,2005,1,0,0,0,0,0,1,0,0,0
2328,2007,2,2,1,0,0,0,0,0,0,0
2332,1996,3,3,1,1,0,0,0,0,0,0
2332,1997,4,3,1,0,0,0,1,0,1,0
2332,1998,6,3,1,0,0,0,2,0,0,1
2332,1999,3,2,2,0,0,1,1,0,0,0
2333,2000,1,0,0,0,0,0,0,0,0,1
2333,2002,2,2,0,0,0,0,0,0,0,0
2333,2004,1,1,1,0,0,0,0,0,0,0
2333,2005,1,0,0,0,0,0,1,0,0,0
2333,2007,1,1,1,0,0,0,0,0,0,0
2333,2009,1,1,0,0,0,0,0,0,1,0
2339,1998,1,0,0,0,0,0,0,1,0,0
2340,2002,1,1,1,0,0,0,0,0,0,0
2340,2003,1,1,0,0,0,0,0,0,0,0
2343,2008,2,2,0,0,0,0,0,0,0,0
2343,2009,1,1,0,0,0,0,0,0,0,0
2344,1992,6,6,1,0,0,0,0,0,0,0
2344,1993,6,4,0,0,0,0,1,1,1,0
2344,1994,4,4,1,0,0,0,0,0,0,0
2344,1996,7,5,1,0,0,0,2,0,0,0
2344,2002,3,2,0,0,0,0,0,1,0,0
2344,2003,1,1,1,0,0,0,0,0,0,0
2351,1995,3,1,1,0,0,0,2,0,0,0
2358,2009,2,2,0,0,0,0,0,0,1,0
2362,1997,1,1,1,0,0,0,0,0,0,0
2407,1992,1,1,1,0,0,0,0,0,0,0
2418,1997,1,0,0,0,0,0,1,0,0,0
2418,1998,1,1,0,0,0,0,0,0,0,0
2418,2000,1,0,0,0,0,0,1,0,0,0
2421,2004,1,0,0,0,0,0,1,0,0,0
2421,2005,2,2,1,0,0,0,0,0,0,0
2421,2006,2,2,1,0,0,0,0,0,0,0
2421,2007,3,3,2,0,0,0,0,0,0,0
2421,2008,3,3,1,0,0,1,0,0,0,0
2434,1997,2,2,0,0,0,0,0,0,0,0
2439,1990,2,2,0,0,0,0,0,0,0,0
2442,2005,1,1,0,0,0,0,0,0,1,0
2448,1992,3,2,1,0,0,1,1,0,0,0
2453,1994,5,4,1,0,0,1,1,0,0,0
2480,1998,1,1,1,0,0,0,0,0,0,0
2480,1999,3,3,1,0,0,1,0,0,0,0
2493,2002,1,1,1,0,0,0,0,0,0,0
2505,2005,1,1,0,0,0,0,0,0,1,0
2508,2002,3,3,2,0,0,1,0,0,0,0
2508,2003,2,2,1,0,0,0,0,0,0,0
2520,2004,2,2,1,0,0,0,0,0,1,0
2525,2009,3,3,1,0,0,0,0,0,0,0
2543,1997,2,2,0,0,0,0,0,0,0,0
2543,1999,3,3,0,0,0,0,0,0,0,0
2543,2000,4,3,2,1,0,0,1,0,0,0
2543,2001,1,1,0,0,0,0,0,0,0,0
2562,1996,4,3,0,0,0,0,1,0,0,0
2562,1998,4,2,1,0,0,0,1,1,0,0
2562,1999,6,3,1,0,0,1,3,0,1,0
2562,2000,6,4,1,1,0,0,2,0,0,0
2562,2002,2,2,0,0,0,0,0,0,1,0
2581,2000,3,3,1,0,0,1,0,0,2,0
2581,2002,7,6,0,0,0,0,1,0,1,0
2581,2003,3,2,1,1,0,0,1,0,1,0
2590,2007,6,4,2,1,0,0,2,0,0,0
2590,2008,8,7,3,0,0,1,1,0,2,0
2595,1999,1,1,1,1,0,0,0,0,0,0
2595,2000,2,2,0,0,0,0,0,0,1,0
2595,2002,3,1,0,0,0,0,2,0,0,0
2595,2003,1,1,0,0,0,0,0,0,0,0
2608,1996,8,4,2,1,0,0,4,0,0,0
2608,1997,3,2,1,0,0,0,1,0,0,0
2608,1998,3,3,3,1,0,0,0,0,0,0
2622,2000,1,1,1,0,0,0,0,0,0,0
2622,2001,3,2,2,0,0,1,1,0,0,0
2622,2002,1,1,0,0,0,0,0,0,0,0
2640,2005,3,2,0,0,0,0,1,0,1,0
2640,2009,1,1,0,0,0,0,0,0,0,0
2660,2001,4,4,0,0,0,0,0,0,1,0
2660,2002,1,0,0,0,0,0,1,0,0,0
2661,2007,6,4,0,0,0,0,2,0,1,0
2661,2008,8,8,3,2,0,0,0,0,2,0
2663,2001,3,3,0,0,0,0,0,0,0,0
2665,1990,1,0,0,0,0,0,1,0,0,0
2665,1991,1,0,0,0,0,0,1,0,0,0
2665,1992,1,1,1,1,0,0,0,0,0,0
2665,1993,1,0,0,0,0,0,1,0,0,0
2665,1994,2,1,0,0,0,0,1,0,0,0
2679,1988,6,5,2,0,0,1,1,0,0,0
2679,1989,3,3,1,0,0,0,0,0,0,0
2679,1990,3,3,0,0,0,0,0,0,0,0
2679,1991,3,2,1,1,0,0,0,0,0,1
2700,2003,7,5,2,1,0,1,1,1,0,0
2705,2003,3,3,2,0,0,0,0,0,0,0
2742,1997,1,0,0,0,0,0,1,0,0,0
2742,1998,3,1,0,0,0,0,2,0,0,0
2742,1999,2,2,1,0,0,0,0,0,0,0
2742,2001,1,1,0,0,0,0,0,0,1,0
2742,2003,2,2,0,0,0,0,0,0,0,0
2742,2004,4,3,1,0,0,0,1,0,1,0
2754,2005,1,1,0,0,0,0,0,0,0,0
2754,2007,9,8,1,1,0,0,1,0,3,0
2766,2008,2,2,0,0,0,0,0,0,1,0
2766,2009,1,1,0,0,0,0,0,0,0,0
2767,1993,2,2,0,0,0,0,0,0,1,0
2770,1989,2,1,0,0,0,0,0,1,1,0
2789,2003,1,1,0,0,0,0,0,0,0,0
2795,1999,4,2,1,0,0,1,2,0,0,0
2798,1991,3,3,0,0,0,0,0,0,1,0
2798,1994,2,2,1,0,0,1,0,0,0,0
2798,1996,3,2,0,0,0,0,1,0,0,0
2798,1998,2,2,0,0,0,0,0,0,0,0
2810,1999,3,2,1,0,0,0,1,0,1,0
2810,2000,4,4,0,0,0,0,0,0,1,0
2810,2001,7,5,2,1,1,0,2,0,1,0
2810,2002,4,4,2,0,0,0,0,0,0,0
2810,2003,4,3,1,0,0,0,1,0,1,0
2824,2007,1,1,1,0,0,0,0,0,0,0
2841,1998,1,0,0,0,0,0,1,0,0,0
2841,2001,3,3,1,1,0,0,0,0,0,0
2841,2002,3,3,1,0,0,0,0,0,0,0
2841,2003,2,2,1,0,0,0,0,0,0,0
2841,2004,2,2,0,0,0,0,0,0,1,0
2841,2006,1,1,0,0,0,0,0,0,1,0
2855,2008,1,1,0,0,0,0,0,0,1,0
2858,1993,1,0,0,0,0,0,0,1,0,0
2858,1995,1,1,0,0,0,0,0,0,0,0
2858,1996,3,3,0,0,0,0,0,0,1,0
2901,1992,2,2,1,0,0,0,0,0,0,0
2901,1993,1,1,0,0,0,0,0,0,0,0
2911,2003,1,1,1,1,0,0,0,0,0,0
2911,2004,3,2,0,0,0,0,0,1,0,0
2911,2008,4,3,1,0,0,0,1,0,0,0
2933,2004,2,1,0,0,0,0,1,0,0,0
2933,2005,1,0,0,0,0,0,1,0,0,0
2935,2001,1,0,0,0,0,0,1,0,0,0
2942,1996,3,1,1,1,0,0,1,1,0,0
2942,1997,3,1,0,0,0,0,2,0,0,0
2942,1998,3,3,1,1,0,0,0,0,0,0
2942,1999,3,2,0,0,0,0,1,0,1,0
2942,2000,2,1,0,0,0,0,1,0,0,0
2966,2004,1,1,0,0,0,0,0,0,0,0
2966,2007,1,1,0,0,0,0,0,0,0,0
2973,2004,3,3,1,1,0,0,0,0,0,0
2973,2005,4,4,2,0,0,1,0,0,2,0
2981,2004,1,1,1,0,0,1,0,0,0,0
2981,2005,3,2,1,0,0,0,1,0,0,0
2981,2008,1,1,1,0,0,0,0,0,0,0
2988,1989,8,8,2,1,0,0,0,0,2,0
2996,2000,10,10,3,0,0,1,0,0,3,0
2996,2002,1,1,0,0,0,0,0,0,1,0
2996,2003,2,2,1,0,0,1,0,0,0,0
2996,2004,1,1,1,0,0,1,0,0,0,0
2996,2005,1,1,0,0,0,0,0,0,0,0
2996,2007,1,0,0,0,0,0,1,0,0,0
2996,2008,4,4,0,0,0,0,0,0,1,0
2997,1989,4,3,1,0,0,0,1,0,0,0
2997,1990,3,3,1,0,0,0,0,0,0,0
3001,1995,4,2,0,0,0,0,1,0,0,1
3002,2004,5,5,1,0,0,0,0,0,2,0
3002,2005,3,3,0,0,0,0,0,0,1,0
3016,2000,2,2,1,0,0,0,0,0,0,0
3016,2005,9,8,2,0,0,0,1,0,1,0
3016,2008,3,3,0,0,0,0,0,0,1,0
3028,1992,3,3,2,0,0,1,0,0,0,0
3028,1993,3,2,0,0,0,0,1,0,2,0
3028,1995,3,3,2,0,0,1,0,0,0,0
3028,1996,11,8,2,0,0,0,2,1,0,0
3036,1993,2,2,2,0,0,0,0,0,0,0
3039,1996,3,2,1,1,0,0,1,0,0,0
3039,1997,1,1,0,0,0,0,0,0,0,0
3039,2004,1,1,1,0,0,0,0,0,0,0
3041,2004,6,6,0,0,0,0,0,0,2,0
3046,2002,1,1,1,0,0,0,0,0,0,0
3046,2003,3,3,1,1,0,0,0,0,0,0
3052,2003,1,1,0,0,0,0,0,0,0,0
3056,1990,4,3,1,0,0,0,1,0,0,0
3062,2004,3,1,1,0,0,1,1,1,0,0
3062,2005,1,0,0,0,0,0,1,0,0,0
3066,2004,2,2,1,0,0,0,0,0,1,0
3066,2005,2,1,0,0,0,0,1,0,0,0
3066,2006,2,2,1,0,0,0,0,0,0,0
3067,2001,3,2,0,0,0,0,1,0,1,0
3067,2002,7,6,1,1,0,0,1,0,3,0
3067,2003,4,2,2,0,0,1,1,1,0,0
3067,2007,3,3,0,0,0,0,0,0,1,0
3067,2008,3,2,0,0,0,0,1,0,0,0
3077,2002,1,1,0,0,0,0,0,0,1,0
3086,2009,3,3,1,0,0,0,0,0,0,0
3094,2001,1,1,0,0,0,0,0,0,0,0
3131,2009,2,1,1,0,0,0,1,0,0,0
3138,2002,1,1,0,0,0,0,0,0,0,0
3149,1995,3,2,0,0,0,0,1,0,2,0
3149,1996,1,0,0,0,0,0,1,0,0,0
3166,2000,6,4,1,0,0,0,2,0,0,0
3166,2001,8,5,2,0,0,2,3,0,0,0
3166,2003,3,3,1,1,0,0,0,0,1,0
3166,2004,3,2,0,0,0,0,0,0,0,1
3173,1988,1,0,0,0,0,0,1,0,0,0
3173,1991,1,1,0,0,0,0,0,0,0,0
3173,1996,1,1,0,0,0,0,0,0,0,0
3173,1997,1,1,1,0,0,0,0,0,0,0
3183,1993,1,1,1,0,0,0,0,0,0,0
3183,1994,1,1,1,0,0,0,0,0,0,0
3191,1999,2,2,0,0,0,0,0,0,1,0
3202,1990,1,1,0,0,0,0,0,0,1,0
3214,1990,4,4,2,0,0,0,0,0,0,0
3216,1989,2,2,0,0,0,0,0,0,0,0
3219,1996,2,0,0,0,0,0,2,0,0,0
3219,2002,2,2,1,1,0,0,0,0,0,0
3219,2003,1,1,0,0,0,0,0,0,0,0
3223,1998,1,1,0,0,0,0,0,0,0,0
3223,1999,1,1,0,0,0,0,0,0,1,0
3223,2000,3,3,0,0,0,0,0,0,0,0
3223,2004,3,3,0,0,0,0,0,0,0,0
3223,2005,6,4,2,0,0,1,1,1,0,0
3223,2006,4,4,0,0,0,0,0,0,1,0
3229,1998,3,3,1,0,0,0,0,0,0,0
3229,1999,5,2,0,0,0,0,3,0,1,0
3262,2000,2,1,0,0,0,0,1,0,0,0
3262,2001,1,1,1,0,0,1,0,0,0,0
3262,2002,1,1,0,0,0,0,0,0,0,0
3262,2004,3,3,0,0,0,0,0,0,1,0
3262,2005,1,1,1,0,0,1,0,0,0,0
3262,2008,2,2,0,0,0,0,0,0,0,0
3269,1990,1,1,1,0,0,0,0,0,0,0
3293,1996,3,3,1,0,0,1,0,0,1,0
3296,1990,3,3,1,0,0,0,0,0,0,0
3296,1991,2,0,0,0,0,0,1,1,0,0
3296,1997,3,2,1,1,0,0,1,0,0,0
3296,2004,3,3,1,0,0,0,0,0,0,0
3313,1997,1,1,0,0,0,0,0,0,0,0
3313,2004,5,5,1,1,0,0,0,0,1,0
3313,2006,3,3,0,0,0,0,0,0,0,0
3313,2007,3,2,0,0,0,0,1,0,1,0
3317,1997,2,2,0,0,0,0,0,0,0,0
3339,1997,6,6,2,0,0,0,0,0,1,0
3339,1998,6,6,1,0,0,0,0,0,1,0
3339,1999,7,6,2,0,0,0,1,0,0,0
3339,2000,9,7,4,2,0,0,2,0,0,0
3339,2001,13,10,6,1,0,0,1,0,0,2
3339,2002,6,6,0,0,0,0,0,0,0,0
3339,2003,5,4,0,0,0,0,1,0,0,0
3342,2001,1,1,0,0,0,0,0,0,1,0
3345,2003,1,1,0,0,0,0,0,0,0,0
3351,2000,3,2,1,0,0,1,1,0,0,0
3366,2008,3,3,1,0,0,0,0,0,1,0
3368,1994,3,3,2,0,0,0,0,0,0,0
3368,1995,1,1,1,0,0,0,0,0,0,0
3375,2006,1,1,1,0,0,0,0,0,0,0
3375,2007,4,2,1,0,0,0,2,0,0,0
3392,1999,1,0,0,0,0,0,1,0,0,0
3408,1996,3,2,1,1,0,0,1,0,1,0
3410,1999,10,7,1,0,0,0,3,0,0,0
3410,2000,1,1,0,0,0,0,0,0,0,0
3410,2001,3,3,2,0,0,0,0,0,1,0
3410,2002,1,1,0,0,0,0,0,0,0,0
3410,2003,1,1,0,0,0,0,0,0,1,0
3410,2007,2,1,0,0,0,0,1,0,1,0
3410,2008,2,2,2,1,0,0,0,0,0,0
3413,1989,3,3,1,0,0,0,0,0,0,0
3413,1990,2,1,0,0,0,0,1,0,0,0
3417,1989,2,2,0,0,0,0,0,0,0,0
3417,1990,4,4,1,0,0,0,0,0,1,0
3417,1991,1,1,0,0,0,0,0,0,0,0
3420,1992,1,0,0,0,0,0,1,0,0,0
3420,1993,4,4,0,0,0,0,0,0,2,0
3420,1994,3,2,1,0,0,0,1,0,0,0
3420,1995,3,3,1,0,0,0,0,0,0,0
3420,1996,5,4,0,0,0,0,1,0,2,0
3420,1998,2,0,0,0,0,0,1,0,0,1
3420,2002,1,0,0,0,0,0,1,0,0,0
3420,2003,3,2,1,0,0,1,0,0,1,1
3420,2004,3,1,0,0,0,0,2,0,0,0
3434,2007,4,3,1,0,0,1,1,0,0,0
3434,2008,4,3,2,0,0,1,1,0,0,0
3442,2003,3,2,2,0,0,1,1,0,0,0
3455,1990,3,3,1,0,0,1,0,0,0,0
3455,1991,2,2,1,1,0,0,0,0,0,0
3455,2000,3,2,1,0,0,1,1,0,0,0
3466,1996,10,6,3,0,0,2,4,0,1,0
3466,1997,3,3,1,0,0,0,0,0,0,0
3466,2001,3,3,2,0,0,0,0,0,0,0
3468,1992,7,7,1,0,0,1,0,0,2,0
3468,1993,3,3,1,0,0,0,0,0,0,0
3468,1995,2,2,2,0,0,1,0,0,0,0
3482,1990,2,2,1,0,0,0,0,0,0,0
3482,2001,1,1,0,0,0,0,0,0,0,0
3482,2002,2,2,0,0,0,0,0,0,1,0
3509,2001,3,3,0,0,0,0,0,0,0,0
3509,2002,3,3,0,0,0,0,0,0,1,0
3509,2003,3,3,2,0,0,1,0,0,0,0
3511,2001,4,4,2,1,0,0,0,0,0,0
3511,2002,2,2,1,1,0,0,0,0,0,0
3512,2004,2,2,2,0,0,1,0,0,0,0
3515,1990,2,1,0,0,0,0,0,0,0,1
3519,1988,2,1,0,0,0,0,1,0,0,0
3519,1989,4,3,1,0,0,0,1,0,0,0
3519,1990,8,8,3,2,1,0,0,0,0,0
3519,1998,3,3,1,0,0,1,0,0,0,0
3519,1999,3,2,0,0,0,0,1,0,1,0
3526,2002,2,1,0,0,0,0,1,0,0,0
3536,2009,1,1,0,0,0,0,0,0,0,0
3560,1991,2,2,0,0,0,0,0,0,0,0
3571,1995,1,0,0,0,0,0,1,0,0,0
3577,1996,3,3,2,0,0,0,0,0,0,0
3596,2007,3,2,1,0,0,0,0,1,1,0
3596,2008,11,9,1,0,0,0,1,1,2,0
3600,2003,3,3,1,0,0,0,0,0,0,0
3616,2003,5,5,3,1,0,0,0,0,0,0
3641,1994,1,1,1,0,0,0,0,0,0,0
3644,2002,1,1,0,0,0,0,0,0,0,0
3644,2004,3,2,1,0,0,0,1,0,0,0
3644,2005,9,9,2,0,0,0,0,0,1,0
3644,2007,1,1,1,0,0,1,0,0,0,0
3647,1996,2,1,0,0,0,0,1,0,0,0
3651,1994,3,3,1,0,0,0,0,0,0,0
3651,1995,6,5,2,1,0,1,1,0,0,0
3651,1996,4,2,0,0,0,0,2,0,0,0
3657,1992,6,5,1,0,0,0,1,0,0,0
3657,1993,2,2,0,0,0,0,0,0,0,0
3659,1997,3,3,2,1,0,0,0,0,0,0
3659,2002,1,1,1,1,0,0,0,0,0,0
3659,2004,4,3,1,1,0,0,0,1,0,0
3659,2005,1,1,1,1,0,0,0,0,0,0
3665,1997,2,2,0,0,0,0,0,0,0,0
3665,1998,1,1,0,0,0,0,0,0,1,0
3665,2001,1,0,0,0,0,0,1,0,0,0
3665,2003,4,4,1,0,0,0,0,0,1,0
3680,2004,3,3,1,0,0,0,0,0,0,0
3680,2008,1,1,0,0,0,0,0,0,0,0
3681,1993,1,0,0,0,0,0,1,0,0,0
3681,1996,2,2,1,0,0,0,0,0,0,0
3681,1997,1,1,0,0,0,0,0,0,0,0
3681,1999,1,0,0,0,0,0,1,0,0,0
3681,2001,1,0,0,0,0,0,1,0,0,0
3681,2003,2,2,0,0,0,0,0,0,0,0
3683,2008,3,3,0,0,0,0,0,0,1,0
3694,2004,3,2,0,0,0,0,1,0,1,0
3694,2005,3,2,0,0,0,0,1,0,0,0
3694,2007,2,2,0,0,0,0,0,0,0,0
3694,2008,2,2,1,0,0,1,0,0,0,0
3694,2009,2,2,0,0,0,0,0,0,0,0
3699,2003,5,4,1,1,0,0,1,0,0,0
3702,1997,2,2,0,0,0,0,0,0,0,0
3702,1998,5,5,3,1,0,0,0,0,0,0
3702,1999,4,3,2,0,0,0,1,0,0,0
3703,2004,1,1,1,1,0,0,0,0,0,0
3703,2005,2,2,0,0,0,0,0,0,1,0
3703,2006,1,1,0,0,0,0,0,0,0,0
3703,2008,2,1,0,0,0,0,1,0,1,0
3704,1988,5,5,1,0,0,0,0,0,1,0
3704,1989,1,0,0,0,0,0,0,1,0,0
3704,1990,5,5,2,0,0,0,0,0,0,0
3711,2004,2,2,0,0,0,0,0,0,1,0
3712,1993,1,0,0,0,0,0,0,1,0,0
3726,1992,3,3,2,1,0,0,0,0,0,0
3726,1993,1,1,1,0,0,0,0,0,0,0
3726,1994,8,7,1,0,0,0,1,0,0,0
3726,1995,3,1,1,0,0,0,1,1,0,0
3726,1996,8,5,2,1,0,1,3,0,0,0
3741,1996,1,0,0,0,0,0,1,0,0,0
3786,2000,2,2,1,0,0,0,0,0,0,0
3786,2001,4,3,2,0,0,1,1,0,0,0
3786,2002,1,1,1,0,0,0,0,0,0,0
3786,2007,1,1,0,0,0,0,0,0,0,0
3798,2000,1,1,0,0,0,0,0,0,1,0
3799,2007,3,3,0,0,0,0,0,0,0,0
3809,2002,2,1,1,0,0,1,1,0,0,0
3809,2003,2,2,1,1,0,0,0,0,1,0
3809,2004,1,1,0,0,0,0,0,0,0,0
3809,2007,3,1,0,0,0,0,2,0,0,0
3832,2003,1,1,1,0,0,0,0,0,0,0
3833,2008,2,1,0,0,0,0,1,0,1,0
3834,2009,3,2,0,0,0,0,0,1,1,0
3870,1999,3,2,1,0,0,0,1,0,1,0
3870,2000,3,3,2,0,0,0,0,0,0,0
3870,2001,3,3,0,0,0,0,0,0,1,0
3870,2003,3,3,0,0,0,0,0,0,1,0
3870,2005,4,4,1,0,0,0,0,0,1,0
3876,2007,2,2,0,0,0,0,0,0,1,0
3876,2008,2,2,0,0,0,0,0,0,1,0
3899,2002,1,1,0,0,0,0,0,0,0,0
3900,1991,2,2,0,0,0,0,0,0,0,0
3900,1997,3,3,1,0,0,0,0,0,0,0
3902,2003,1,1,1,0,0,0,0,0,0,0
3916,1992,6,6,1,0,0,0,0,0,1,0
3916,1996,3,1,0,0,0,0,2,0,0,0
3916,1997,9,8,1,0,0,1,1,0,2,0
3916,1998,6,5,1,0,0,0,1,0,1,0
3916,1999,7,3,0,0,0,0,3,0,0,1
3916,2000,3,3,1,0,0,0,0,0,0,0
3916,2001,6,3,1,0,0,0,3,0,0,0
3917,1993,1,1,0,0,0,0,0,0,0,0
3921,1989,1,1,0,0,0,0,0,0,1,0
3921,1990,1,1,0,0,0,0,0,0,0,0
3921,1991,1,1,0,0,0,0,0,0,0,0
3923,2000,1,1,1,0,0,0,0,0,0,0
3925,2004,7,6,3,1,0,0,1,0,1,0
3925,2005,3,3,2,0,0,0,0,0,0,0
3925,2008,5,5,1,0,0,0,0,0,1,0
3925,2009,5,5,2,0,0,0,0,0,0,0
3951,2007,9,8,1,0,0,0,1,0,0,0
3951,2008,2,2,0,0,0,0,0,0,0,0
3966,2004,4,4,1,0,0,0,0,0,1,0
3966,2007,3,3,0,0,0,0,0,0,1,0
3971,2003,1,1,0,0,0,0,0,0,0,0
3971,2007,1,1,1,0,0,0,0,0,0,0
4000,2004,1,0,0,0,0,0,1,0,0,0
4000,2005,1,1,0,0,0,0,0,0,1,0
4030,1988,1,1,0,0,0,0,0,0,0,0
4030,1989,2,2,1,1,0,0,0,0,0,0
4030,1990,2,2,1,0,0,0,0,0,1,0
4076,2004,4,4,1,0,0,0,0,0,0,0
4076,2008,2,2,0,0,0,0,0,0,1,0
4095,1992,11,10,3,0,0,0,1,0,0,0
4095,1994,10,10,3,0,0,2,0,0,1,0
4095,1995,3,2,0,0,0,0,1,0,0,0
4095,1996,12,5,2,0,0,2,7,0,0,0
4095,1997,5,2,0,0,0,0,2,1,0,0
4095,1998,4,4,1,0,0,0,0,0,0,0
4095,1999,8,6,1,0,0,0,2,0,0,0
4095,2000,3,3,0,0,0,0,0,0,1,0
4095,2001,3,2,0,0,0,0,1,0,0,0
4095,2003,11,8,4,1,0,1,3,0,1,0
4095,2005,3,3,1,0,0,0,0,0,0,0
4095,2007,3,3,2,0,1,1,0,0,0,0
4096,1989,1,1,0,0,0,0,0,0,0,0
4096,1990,1,1,1,0,0,1,0,0,0,0
4102,2002,2,1,0,0,0,0,1,0,0,0
4102,2007,2,1,0,0,0,0,1,0,0,0
4105,2000,3,2,0,0,0,0,1,0,0,0
4106,2006,1,1,0,0,0,0,0,0,0,0
4106,2008,1,1,1,0,0,1,0,0,0,0
4142,1995,1,1,0,0,0,0,0,0,0,0
4146,1997,3,3,0,0,0,0,0,0,0,0
4146,1998,1,1,1,1,0,0,0,0,0,0
4146,1999,2,2,0,0,0,0,0,0,0,0
4146,2001,2,0,0,0,0,0,2,0,0,0
4170,2008,2,2,2,0,0,2,0,0,0,0
4173,1997,3,2,0,0,0,0,1,0,1,0
4173,1998,4,2,2,0,0,1,2,0,0,0
4173,2003,3,2,1,0,0,0,1,0,0,0
4173,2004,2,1,0,0,0,0,1,0,0,0
4173,2005,2,2,0,0,0,0,0,0,0,0
4180,2009,3,3,0,0,0,0,0,0,2,0
4203,1992,7,7,3,0,0,0,0,0,1,0
4203,1993,11,9,2,0,0,0,1,0,1,1
4203,1994,3,3,1,0,0,0,0,0,0,0
4203,1997,3,2,0,0,0,0,1,0,0,0
4219,1989,2,2,1,0,0,0,0,0,0,0
4219,1990,8,8,2,0,0,0,0,0,0,0
4219,1991,1,1,0,0,0,0,0,0,0,0
4219,1997,4,4,1,0,0,0,0,0,0,0
4219,2001,2,2,1,1,0,0,0,0,0,0
4219,2002,2,1,0,0,0,0,0,1,1,0
4239,1991,1,1,0,0,0,0,0,0,0,0
4242,1992,5,4,1,0,0,0,1,0,0,0
4242,1993,3,3,2,0,0,0,0,0,0,0
4242,1994,1,1,0,0,0,0,0,0,0,0
4246,1994,2,2,1,0,0,1,0,0,0,0
4249,2009,1,1,0,0,0,0,0,0,0,0
4253,1996,4,3,0,0,0,0,1,0,0,0
4253,1998,3,3,0,0,0,0,0,0,2,0
4253,1999,1,1,0,0,0,0,0,0,1,0
4259,1995,1,1,0,0,0,0,0,0,0,0
4271,1993,1,1,0,0,0,0,0,0,0,0
4282,1998,2,1,1,0,0,0,0,1,0,0
4282,1999,3,3,1,0,0,0,0,0,0,0
4282,2000,3,1,0,0,0,0,2,0,0,0
4282,2001,2,2,1,0,0,0,0,0,1,0
4282,2003,4,4,1,0,0,0,0,0,0,0
4282,2005,1,1,0,0,0,0,0,0,0,0
4287,1990,2,2,0,0,0,0,0,0,0,0
4326,2007,6,5,2,0,0,1,1,0,2,0
4326,2008,2,1,0,0,0,0,1,0,0,0
4328,1992,3,1,0,0,0,0,2,0,0,0
4328,1993,3,3,0,0,0,0,0,0,0,0
4328,1994,3,2,1,1,0,0,1,0,1,0
4329,1993,1,1,0,0,0,0,0,0,0,0
4329,1995,2,2,0,0,0,0,0,0,1,0
4329,1997,3,3,0,0,0,0,0,0,1,0
4329,1998,5,3,1,1,0,0,1,0,1,1
4336,2004,2,1,0,0,0,0,1,0,0,0
4336,2005,3,3,2,0,0,0,0,0,0,0
4337,2009,1,0,0,0,0,0,1,0,0,0
4344,2004,3,3,0,0,0,0,0,0,1,0
4344,2005,3,3,2,0,0,0,0,0,1,0
4344,2007,3,2,1,0,0,1,1,0,0,0
4344,2008,9,8,0,0,0,0,1,0,2,0
4354,2003,3,1,0,0,0,0,2,0,0,0
4361,2006,1,0,0,0,0,0,1,0,0,0
4361,2008,1,1,0,0,0,0,0,0,0,0
4364,2004,4,3,0,0,0,0,0,0,0,1
4364,2005,3,3,0,0,0,0,0,0,0,0
4377,1992,16,14,4,2,0,0,2,0,2,0
4377,1993,10,9,5,0,0,0,1,0,0,0
4378,1993,1,1,0,0,0,0,0,0,0,0
4393,2005,1,1,0,0,0,0,0,0,0,0
4398,1989,2,2,1,0,0,0,0,0,0,0
4398,1990,3,2,0,0,0,0,0,0,1,1
4399,2004,2,2,1,0,0,0,0,0,1,0
4401,1989,4,4,0,0,0,0,0,0,1,0
4401,1990,7,7,4,1,0,0,0,0,0,0
4401,1991,5,4,1,1,0,0,1,0,0,0
4412,2005,1,1,0,0,0,0,0,0,0,0
4412,2006,1,0,0,0,0,0,0,0,0,1
4412,2007,3,3,0,0,0,0,0,0,1,0
4412,2008,3,3,2,1,0,0,0,0,0,0
4420,1989,2,2,0,0,0,0,0,0,0,0
4420,1990,3,3,1,0,0,0,0,0,0,0
4420,1992,2,2,2,0,0,1,0,0,0,0
4420,1993,1,0,0,0,0,0,1,0,0,0
4449,2007,2,2,0,0,0,0,0,0,0,0
4449,2009,3,3,1,0,0,0,0,0,1,0
4450,1990,7,6,1,0,0,0,1,0,0,0
4450,1991,1,1,1,1,0,0,0,0,0,0
4450,1996,2,2,0,0,0,0,0,0,1,0
4450,1997,2,1,0,0,0,0,1,0,0,0
4450,1999,1,0,0,0,0,0,1,0,0,0
4450,2001,1,1,0,0,0,0,0,0,0,0
4465,2000,1,1,0,0,0,0,0,0,1,0
4466,1993,6,5,3,0,1,0,1,0,1,0
4485,1994,1,1,0,0,0,0,0,0,1,0
4485,1996,1,0,0,0,0,0,0,1,0,0
4487,1999,1,1,0,0,0,0,0,0,0,0
4487,2003,1,1,0,0,0,0,0,0,0,0
4510,1999,3,3,0,0,0,0,0,0,0,0
4510,2003,2,2,0,0,0,0,0,0,0,0
4510,2004,4,4,1,0,0,0,0,0,0,0
4510,2005,2,2,0,0,0,0,0,0,0,0
4521,1996,3,3,2,0,0,1,0,0,0,0
4521,1997,3,2,1,0,0,0,1,0,1,0
4530,2004,2,2,1,0,0,1,0,0,0,0
4530,2005,4,4,0,0,0,0,0,0,1,0
4530,2006,3,3,1,0,0,0,0,0,0,0
4530,2007,11,8,1,0,0,0,1,0,0,2
4536,2006,1,1,0,0,0,0,0,0,0,0
4543,2009,6,6,1,0,0,0,0,0,1,0
4552,1996,10,8,3,1,0,1,2,0,2,0
4552,1998,6,3,2,1,0,0,2,1,0,0
4552,2003,2,2,1,1,0,0,0,0,0,0
4559,1992,7,4,3,1,0,1,3,0,0,0
4559,2004,2,1,0,0,0,0,1,0,0,0
4561,2008,1,1,0,0,0,0,0,0,0,0
4570,1994,1,1,0,0,0,0,0,0,0,0
4570,1995,3,3,1,1,0,0,0,0,0,0
4570,1996,4,4,1,0,0,1,0,0,0,0
4570,1997,6,2,0,0,0,0,4,0,0,0
4570,1999,7,6,2,0,0,0,1,0,0,0
4570,2000,3,3,0,0,0,0,0,0,1,0
4570,2001,5,5,2,0,0,1,0,0,0,0
4570,2002,3,3,1,1,0,0,0,0,0,0
4575,2003,1,1,0,0,0,0,0,0,0,0
4577,1995,1,1,0,0,0,0,0,0,1,0
4577,1996,2,2,0,0,0,0,0,0,0,0
4601,2005,1,1,0,0,0,0,0,0,0,0
4601,2008,1,0,0,0,0,0,1,0,0,0
4604,1988,6,6,2,1,0,0,0,0,0,0
4604,1990,7,7,3,2,0,0,0,0,0,0
4604,1991,4,4,1,0,0,0,0,0,0,0
4604,1994,3,2,0,0,0,0,0,0,0,1
4610,2009,7,6,1,0,0,0,1,0,0,0
4611,2009,2,2,1,0,0,0,0,0,0,0
4619,2004,8,7,2,0,0,0,1,0,3,0
4619,2005,6,5,1,0,0,1,0,1,2,0
4619,2006,3,3,1,1,0,0,0,0,1,0
4620,2005,7,7,1,1,0,0,0,0,2,0
4620,2006,3,3,1,0,0,1,0,0,0,0
4620,2007,6,5,1,0,0,0,1,0,0,0
4620,2008,3,3,0,0,0,0,0,0,1,0
4620,2009,3,3,0,0,0,0,0,0,0,0
4625,2004,1,1,0,0,0,0,0,0,0,0
4625,2005,4,4,0,0,0,0,0,0,0,0
4626,1993,7,7,2,0,0,1,0,0,0,0
4626,1994,6,6,3,1,0,1,0,0,0,0
4626,1997,1,1,0,0,0,0,0,0,0,0
4631,1989,3,3,0,0,0,0,0,0,0,0
4631,1990,3,2,2,0,0,0,1,0,0,0
4631,1992,17,17,6,1,0,0,0,0,2,0
4631,1993,5,4,0,0,0,0,0,1,2,0
4631,1994,1,0,0,0,0,0,1,0,0,0
4631,1996,9,6,2,2,0,0,3,0,1,0
4631,1998,4,2,1,1,0,0,2,0,0,0
4631,1999,6,6,2,0,0,0,0,0,0,0
4631,2000,3,2,0,0,0,0,1,0,0,0
4631,2001,3,3,1,0,0,0,0,0,0,0
4637,2003,1,1,0,0,0,0,0,0,0,0
4637,2004,5,5,1,0,0,1,0,0,0,0
4637,2005,6,6,3,1,0,2,0,0,0,0
4637,2006,1,0,0,0,0,0,1,0,0,0
4651,1990,8,6,3,0,0,1,2,0,0,0
4651,1991,3,3,1,1,0,0,0,0,0,0
4652,1994,10,7,2,0,0,0,2,1,1,0
4653,1994,1,1,1,0,1,0,0,0,0,0
4653,1995,1,1,1,0,0,0,0,0,0,0
4670,1998,1,1,0,0,0,0,0,0,1,0
4671,1990,1,1,0,0,0,0,0,0,0,0
4671,1997,1,1,1,0,0,1,0,0,0,0
4684,1995,1,0,0,0,0,0,1,0,0,0
4700,1993,2,2,1,0,0,1,0,0,0,0
4708,1998,2,2,0,0,0,0,0,0,0,0
4708,1999,1,1,1,0,0,1,0,0,0,0
4708,2000,2,1,0,0,0,0,1,0,0,0
4708,2003,2,2,1,0,0,0,0,0,0,0
4708,2004,3,1,0,0,0,0,1,1,0,0
4708,2005,3,3,1,0,0,0,0,0,0,0
4727,1989,1,1,0,0,0,0,0,0,0,0
4728,1996,2,2,1,0,0,1,0,0,0,0
4729,1989,7,7,1,1,0,0,0,0,0,0
4729,1990,3,3,2,0,0,0,0,0,0,0
4729,1991,3,3,0,0,0,0,0,0,0,0
4730,2009,1,1,0,0,0,0,0,0,0,0
4731,2002,2,2,2,0,0,1,0,0,0,0
4731,2006,1,1,1,0,0,0,0,0,0,0
4731,2008,2,2,0,0,0,0,0,0,1,0
4744,1998,3,2,1,0,0,0,1,0,0,0
4744,2002,1,1,0,0,0,0,0,0,0,0
4744,2003,3,3,0,0,0,0,0,0,1,0
4773,2003,1,0,0,0,0,0,0,1,0,0
4785,2003,2,0,0,0,0,0,2,0,0,0
4785,2005,2,2,0,0,0,0,0,0,0,0
4785,2007,1,1,0,0,0,0,0,0,0,0
4803,1998,3,3,1,0,0,0,0,0,1,0
4803,2000,3,3,1,0,0,0,0,0,1,0
4803,2002,3,3,0,0,0,0,0,0,1,0
4803,2003,1,1,0,0,0,0,0,0,0,0
4825,2004,8,8,4,1,0,0,0,0,0,0
4825,2005,13,11,5,0,0,2,1,0,0,1
4825,2006,3,3,0,0,0,0,0,0,0,0
4831,1990,1,1,0,0,0,0,0,0,0,0
4835,1995,2,2,0,0,0,0,0,0,2,0
4840,1992,5,5,3,0,0,0,0,0,0,0
4840,1993,7,7,3,0,0,0,0,0,0,0
4840,1994,3,3,0,0,0,0,0,0,1,0
4844,1992,3,3,1,0,0,0,0,0,1,0
4845,1996,4,3,0,0,0,0,1,0,0,0
4845,1997,3,3,1,0,0,0,0,0,2,0
4845,1998,2,2,0,0,0,0,0,0,0,0
4845,1999,1,1,0,0,0,0,0,0,0,0
4845,2000,5,3,1,0,0,1,1,1,0,0
4857,2000,6,6,3,0,0,0,0,0,0,0
4857,2004,2,0,0,0,0,0,1,1,0,0
4862,1999,1,1,0,0,0,0,0,0,0,0
4862,2000,1,0,0,0,0,0,1,0,0,0
4862,2003,1,1,0,0,0,0,0,0,0,0
4863,1992,4,3,1,0,0,0,1,0,0,0
4863,1994,3,0,0,0,0,0,2,1,0,0
4863,1995,2,1,0,0,0,0,1,0,1,0
4869,2002,1,1,0,0,0,0,0,0,1,0
4869,2003,3,2,0,0,0,0,1,0,0,0
4871,1997,7,5,0,0,0,0,1,0,1,1
4871,1999,8,7,4,0,0,1,1,0,0,0
4871,2000,7,7,2,0,1,0,0,0,1,0
4871,2001,5,5,2,0,0,0,0,0,0,0
4896,2005,3,2,1,0,0,1,1,0,0,0
4896,2007,7,5,3,0,0,0,2,0,1,0
4910,1998,5,2,0,0,0,0,3,0,0,0
4910,1999,11,11,3,0,0,1,0,0,0,0
4910,2000,3,3,0,0,0,0,0,0,0,0
4910,2001,21,19,2,0,0,0,2,0,0,0
4910,2002,6,6,3,0,0,0,0,0,0,0
4910,2003,5,3,1,1,0,0,1,1,1,0
4910,2008,4,4,1,1,0,0,0,0,1,0
4916,2005,6,4,0,0,0,0,2,0,1,0
4920,1997,2,2,2,0,0,1,0,0,0,0
4920,2005,1,1,1,0,0,0,0,0,0,0
4922,2006,1,1,1,0,0,0,0,0,0,0
4928,1988,1,1,0,0,0,0,0,0,0,0
4928,1989,2,2,0,0,0,0,0,0,0,0
4929,1992,2,2,1,0,0,0,0,0,0,0
4929,1993,5,5,1,0,0,0,0,0,1,0
4929,1995,2,2,0,0,0,0,0,0,2,0
4929,1996,3,3,2,0,0,0,0,0,1,0
4929,1998,2,2,0,0,0,0,0,0,0,0
4956,1992,15,12,3,0,0,0,0,2,2,1
4956,1993,10,10,4,1,0,1,0,0,1,0
4956,1994,3,3,1,0,0,0,0,0,0,0
4956,1998,9,8,1,0,0,1,1,0,1,0
4956,1999,6,6,2,0,0,1,0,0,0,0
4966,1990,2,2,1,0,0,0,0,0,0,0
4972,1990,7,7,1,0,0,0,0,0,2,0
4972,1991,6,5,0,0,0,0,1,0,0,0
4975,1992,4,4,1,0,0,0,0,0,2,0
4984,1989,1,1,0,0,0,0,0,0,0,0
4984,1990,1,1,0,0,0,0,0,0,0,0
5004,1992,2,2,2,0,0,1,0,0,0,0
5012,1992,10,9,4,1,0,1,1,0,0,0
5012,1993,6,5,2,0,0,0,1,0,0,0
5012,1994,4,4,0,0,0,0,0,0,0,0
5012,1999,3,2,1,0,0,1,1,0,0,0
5012,2000,3,2,1,0,0,1,1,0,0,0
5015,1992,2,2,0,0,0,0,0,0,0,0
5015,1993,1,1,1,0,0,0,0,0,0,0
5015,1994,1,1,0,0,0,0,0,0,0,0
5017,1988,2,2,0,0,0,0,0,0,0,0
5017,1989,6,6,1,0,0,0,0,0,0,0
5028,2009,1,1,0,0,0,0,0,0,1,0
5045,1997,3,2,1,0,0,1,1,0,0,0
5045,1998,3,2,1,0,0,0,1,0,0,0
5045,1999,9,7,2,0,0,1,2,0,0,0
5053,2008,3,3,0,0,0,0,0,0,1,0
5079,1993,2,2,1,0,0,0,0,0,0,0
5079,1994,1,1,0,0,0,0,0,0,1,0
5079,1996,3,3,0,0,0,0,0,0,1,0
5079,1997,2,1,0,0,0,0,1,0,0,0
5079,1998,4,2,0,0,0,0,2,0,1,0
5079,1999,3,3,0,0,0,0,0,0,2,0
5079,2000,1,1,0,0,0,0,0,0,0,0
5079,2001,7,6,1,1,0,0,0,1,2,0
5079,2002,1,1,1,0,0,0,0,0,0,0
5105,1989,2,2,1,0,0,0,0,0,0,0
5105,1990,10,10,4,2,0,0,0,0,0,0
5105,1991,4,4,0,0,0,0,0,0,2,0
5108,1993,3,3,1,0,0,0,0,0,1,0
5108,1994,2,0,0,0,0,0,2,0,0,0
5108,1996,4,3,2,2,0,0,1,0,1,0
5108,1997,5,4,1,1,0,0,1,0,1,0
5108,1999,2,2,2,2,0,0,0,0,0,0
5108,2000,2,1,0,0,0,0,1,0,0,0
5116,1989,3,3,1,1,0,0,0,0,1,0
5116,1990,3,1,0,0,0,0,2,0,1,0
5118,1997,6,4,1,0,0,0,2,0,0,0
5118,1999,5,4,0,0,0,0,1,0,1,0
5118,2000,7,5,4,1,0,0,2,0,0,0
5128,1988,1,1,1,0,0,0,0,0,0,0
5128,1990,2,2,0,0,0,0,0,0,0,0
5128,1996,2,2,2,0,0,0,0,0,0,0
5131,1995,1,1,0,0,0,0,0,0,1,0
5139,1996,2,1,0,0,0,0,1,0,0,0
5166,1989,1,1,0,0,0,0,0,0,0,0
5166,1990,4,2,0,0,0,0,2,0,0,0
5166,1991,6,4,0,0,0,0,1,1,0,0
5166,1993,6,6,2,0,0,0,0,0,1,0
5201,1992,2,1,1,0,0,0,1,0,0,0
5201,1993,3,3,2,1,0,0,0,0,1,0
5203,2005,3,3,1,0,0,0,0,0,0,0
5203,2006,3,2,0,0,0,0,1,0,0,0
5209,2004,1,0,0,0,0,0,1,0,0,0
5209,2005,4,3,2,0,0,1,1,0,0,0
5209,2009,1,1,0,0,0,0,0,0,1,0
5228,1995,1,1,1,0,0,0,0,0,0,0
5228,1996,4,4,1,1,0,0,0,0,0,0
5228,1997,3,2,1,0,0,0,1,0,0,0
5228,1999,1,1,0,0,0,0,0,0,0,0
5232,1989,2,2,0,0,0,0,0,0,0,0
5236,1997,1,1,0,0,0,0,0,0,0,0
5240,2006,2,2,1,0,0,0,0,0,0,0
5243,1999,3,2,1,0,0,0,1,0,0,0
5243,2000,3,3,0,0,0,0,0,0,0,0
5243,2001,3,2,0,0,0,0,1,0,1,0
5243,2003,4,4,1,0,0,0,0,0,0,0
5243,2004,3,2,0,0,0,0,1,0,0,0
5258,2008,3,2,1,0,0,1,1,0,1,0
5258,2009,1,1,1,0,0,0,0,0,0,0
5289,1996,2,2,2,0,0,0,0,0,0,0
5327,2008,2,2,1,1,0,0,0,0,0,0
5346,1992,3,3,0,0,0,0,0,0,0,0
5346,1993,2,2,0,0,0,0,0,0,0,0
5349,2000,2,2,1,0,0,1,0,0,0,0
5349,2002,1,1,1,0,0,0,0,0,0,0
5359,2002,1,0,0,0,0,0,1,0,0,0
5359,2003,3,2,0,0,0,0,1,0,1,0
5361,1996,11,9,3,0,0,0,1,1,2,0
5361,2002,2,2,1,0,0,0,0,0,0,0
5361,2008,2,2,1,0,0,0,0,0,0,0
5366,2002,1,1,0,0,0,0,0,0,1,0
5379,1992,3,3,1,0,0,0,0,0,0,0
5379,1993,4,4,1,0,0,0,0,0,0,0
5379,1994,7,7,2,0,0,0,0,0,1,0
5379,1996,1,1,0,0,0,0,0,0,0,0
5384,2007,3,3,1,0,0,1,0,0,0,0
5384,2008,2,2,1,0,0,0,0,0,0,0
5392,1989,3,2,0,0,0,0,1,0,1,0
5392,1990,3,2,1,0,0,0,1,0,0,0
5392,1991,2,2,0,0,0,0,0,0,0,0
5392,1992,3,3,1,0,0,0,0,0,0,0
5392,1993,5,5,2,0,0,0,0,0,0,0
5392,1994,1,1,0,0,0,0,0,0,1,0
5392,1995,2,2,0,0,0,0,0,0,0,0
5392,2002,1,1,1,0,0,0,0,0,0,0
5392,2004,1,1,0,0,0,0,0,0,0,0
5400,2009,3,3,0,0,0,0,0,0,0,0
5402,2008,3,3,0,0,0,0,0,0,1,0
5407,1994,3,2,0,0,0,0,1,0,0,0
5420,2007,3,3,1,0,0,0,0,0,1,0
5430,2000,1,1,0,0,0,0,0,0,0,0
5438,2007,3,2,0,0,0,0,1,0,0,0
5441,1997,1,1,1,0,0,1,0,0,0,0
5444,1995,4,3,1,0,0,0,1,0,0,0
5444,1996,7,7,3,1,0,1,0,0,0,0
5444,1997,1,1,0,0,0,0,0,0,0,0
5444,2000,4,4,1,0,0,0,0,0,0,0
5444,2001,12,8,2,0,0,0,4,0,0,0
5444,2003,3,3,2,1,0,0,0,0,1,0
5464,1990,1,1,0,0,0,0,0,0,0,0
5471,2005,2,2,0,0,0,0,0,0,1,0
5471,2007,2,2,0,0,0,0,0,0,1,0
5471,2008,2,2,0,0,0,0,0,0,0,0
5480,2001,3,3,0,0,0,0,0,0,1,0
5480,2002,3,1,1,0,0,0,2,0,0,0
5480,2003,1,1,0,0,0,0,0,0,1,0
5480,2004,3,2,1,1,0,0,0,0,0,1
5486,2002,3,3,1,1,0,0,0,0,0,0
5486,2003,1,1,0,0,0,0,0,0,0,0
5486,2005,2,2,1,1,0,0,0,0,0,0
5505,1999,7,5,2,0,0,0,0,1,2,1
5505,2000,1,0,0,0,0,0,1,0,0,0
5505,2001,2,2,0,0,0,0,0,0,1,0
5505,2002,1,1,1,0,0,1,0,0,0,0
5509,2007,1,1,1,0,0,0,0,0,0,0
5515,2008,2,1,0,0,0,0,1,0,0,0
5518,2001,2,1,0,0,0,0,1,0,0,0
5537,1989,2,2,1,0,0,1,0,0,1,0
5537,1990,5,5,0,0,0,0,0,0,1,0
5537,1991,3,3,2,1,0,1,0,0,0,0
5559,1996,1,1,0,0,0,0,0,0,0,0
5559,1998,2,1,0,0,0,0,1,0,0,0
5559,1999,1,1,0,0,0,0,0,0,1,0
5560,2004,3,3,0,0,0,0,0,0,0,0
5561,2000,1,0,0,0,0,0,0,1,0,0
5561,2002,1,0,0,0,0,0,1,0,0,0
5563,2008,1,1,0,0,0,0,0,0,1,0
5563,2009,1,1,1,0,0,0,0,0,0,0
5576,1998,3,2,2,0,0,0,1,0,0,0
5588,1990,10,7,1,0,0,0,2,0,1,1
5588,1991,3,1,0,0,0,0,2,0,0,0
5588,1999,14,13,2,0,0,1,1,0,4,0
5588,2000,7,7,2,1,0,0,0,0,4,0
5588,2001,10,9,0,0,0,0,1,0,1,0
5588,2003,3,2,1,0,0,0,1,0,0,0
5588,2008,1,1,0,0,0,0,0,0,0,0
5588,2009,3,3,3,0,0,0,0,0,0,0
5612,1988,3,2,0,0,0,0,0,0,0,1
5612,1990,5,2,0,0,0,0,1,0,0,0
5612,1992,5,5,3,1,0,0,0,0,0,0
5613,1995,4,3,2,0,0,1,1,0,0,0
5613,1997,7,7,1,1,0,0,0,0,1,0
5613,1998,3,3,1,0,0,1,0,0,0,0
5613,2000,6,6,3,0,0,0,0,0,0,0
5613,2001,8,8,1,0,0,1,0,0,0,0
5613,2002,3,3,0,0,0,0,0,0,0,0
5614,1997,3,3,1,1,0,0,0,0,0,0
5614,1998,4,3,0,0,0,0,1,0,1,0
5614,1999,6,4,1,1,0,0,2,0,1,0
5622,1990,1,0,0,0,0,0,0,0,0,0
5622,1992,5,5,1,0,0,0,0,0,1,0
5622,1993,3,3,2,0,0,0,0,0,0,0
5622,1994,3,3,0,0,0,0,0,0,0,0
5622,1996,1,1,0,0,0,0,0,0,0,0
5622,1998,1,0,0,0,0,0,1,0,0,0
5622,1999,1,1,0,0,0,0,0,0,0,0
5636,1989,6,6,3,1,0,0,0,0,0,0
5636,1990,6,6,2,1,0,0,0,0,0,0
5636,1992,6,6,2,0,0,1,0,0,0,0
5636,1993,3,3,1,0,0,0,0,0,0,0
5665,1993,2,2,1,0,0,0,0,0,0,0
5665,1994,1,1,0,0,0,0,0,0,0,0
5665,1995,3,3,1,0,0,0,0,0,0,0
5665,1997,1,1,1,1,0,0,0,0,0,0
5665,2002,1,1,0,0,0,0,0,0,0,0
5665,2003,2,2,1,1,0,0,0,0,0,0
5674,1996,2,1,0,0,0,0,1,0,0,0
5686,2002,1,1,0,0,0,0,0,0,0,0
5696,2001,2,1,1,0,0,0,1,0,0,0
5697,1996,4,4,1,0,0,0,0,0,1,0
5697,1997,8,8,2,1,0,1,0,0,2,0
5701,2004,4,2,2,0,0,1,2,0,0,0
5701,2005,4,4,2,0,0,0,0,0,1,0
5703,2002,3,3,1,0,0,0,0,0,0,0
5712,2009,5,5,1,1,0,0,0,0,1,0
5723,1990,3,3,0,0,0,0,0,0,0,0
5727,1997,3,3,2,0,0,0,0,0,0,0
5737,1999,3,3,1,0,0,0,0,0,0,0
5740,1997,1,1,0,0,0,0,0,0,0,0
5743,2009,1,1,0,0,0,0,0,0,0,0
5745,1997,1,1,0,0,0,0,0,0,1,0
5757,2004,2,1,0,0,0,0,1,0,0,0
5757,2005,6,5,4,1,0,1,1,0,0,0
5757,2006,3,3,0,0,0,0,0,0,0,0
5757,2007,3,3,1,0,0,0,0,0,0,0
5757,2008,2,1,0,0,0,0,1,0,0,0
5819,2008,3,1,0,0,0,0,2,0,0,0
5820,2004,3,3,1,0,0,1,0,0,0,0
5835,2006,2,2,1,0,0,0,0,0,1,0
5845,2009,2,2,0,0,0,0,0,0,2,0
5846,2002,1,1,0,0,0,0,0,0,0,0
5852,1989,8,7,3,1,0,0,0,0,0,1
5852,1990,3,3,0,0,0,0,0,0,1,0
5852,1991,7,6,1,1,0,0,0,0,1,0
5859,1990,5,5,1,0,0,0,0,0,0,0
5871,1992,6,5,2,1,0,0,1,0,0,0
5871,1993,7,6,1,0,0,0,1,0,2,0
5871,1994,3,3,1,1,0,0,0,0,1,0
5871,1996,6,5,0,0,0,0,0,0,2,1
5871,1997,11,9,2,1,0,0,1,1,2,0
5871,1998,4,3,0,0,0,0,1,0,2,0
5871,1999,10,6,0,0,0,0,3,1,2,0
5871,2000,7,5,2,1,0,0,1,0,0,1
5871,2001,3,2,0,0,0,0,1,0,1,0
5871,2002,3,3,2,1,0,0,0,0,0,0
5872,1990,2,2,0,0,0,0,0,0,1,0
5872,1991,1,1,0,0,0,0,0,0,0,0
5872,1993,2,2,0,0,0,0,0,0,1,0
5877,2000,2,1,0,0,0,0,1,0,0,0
5877,2001,4,3,1,1,0,0,1,0,1,0
5877,2002,1,1,0,0,0,0,0,0,0,0
5882,2003,1,1,0,0,0,0,0,0,0,0
5890,1997,1,1,0,0,0,0,0,0,0,0
5890,1998,1,1,0,0,0,0,0,0,0,0
5892,1989,4,3,1,0,0,0,1,0,0,0
5892,1990,2,2,1,0,0,0,0,0,0,0
5909,2003,3,2,1,0,0,0,1,0,0,0
5945,1990,1,1,0,0,0,0,0,0,0,0
5948,1998,1,1,1,0,0,0,0,0,0,0
5948,2001,1,0,0,0,0,0,1,0,0,0
5948,2003,1,0,0,0,0,0,1,0,0,0
5948,2005,1,0,0,0,0,0,1,0,0,0
5957,1990,1,0,0,0,0,0,0,1,0,0
5973,2003,2,2,1,0,0,0,0,0,0,0
5974,2002,1,1,1,0,0,0,0,0,0,0
5974,2004,3,3,2,0,0,1,0,0,0,0
5981,2008,2,2,1,0,0,0,0,0,0,0
5985,2004,1,1,0,0,0,0,0,0,0,0
6005,2002,3,1,0,0,0,0,1,1,0,0
6019,2001,3,2,1,0,0,0,1,0,0,0
6019,2002,2,2,0,0,0,0,0,0,0,0
6019,2004,1,1,1,0,0,1,0,0,0,0
6021,2008,1,1,0,0,0,0,0,0,0,0
6070,1997,1,1,0,0,0,0,0,0,0,0
6073,1991,3,2,0,0,0,0,0,0,0,1
6099,2009,3,2,0,0,0,0,1,0,1,0
6118,2004,6,5,1,0,0,0,1,0,0,0
6118,2005,6,5,1,0,0,0,1,0,0,0
6118,2007,3,2,0,0,0,0,1,0,1,0
6159,1989,2,2,0,0,0,0,0,0,1,0
6159,1990,7,6,1,0,0,0,1,0,0,0
6159,1992,4,4,1,0,0,0,0,0,0,0
6163,1993,4,4,0,0,0,0,0,0,0,0
6165,1992,1,0,0,0,0,0,0,1,0,0
6180,1988,4,4,2,0,0,1,0,0,1,0
6180,1989,4,4,2,1,0,0,0,0,0,0
6180,1990,16,15,4,1,0,0,1,0,2,0
6180,1991,4,4,0,0,0,0,0,0,0,0
6180,1998,2,1,1,0,0,1,1,0,0,0
6188,1998,1,1,1,0,0,0,0,0,0,0
6190,2009,7,6,2,0,0,1,1,0,0,0
6195,1989,3,3,3,1,0,0,0,0,0,0
6195,1990,3,2,0,0,0,0,1,0,0,0
6248,2001,11,8,3,0,0,0,2,0,1,1
6248,2002,2,2,0,0,0,0,0,0,0,0
6248,2003,4,4,2,0,0,0,0,0,0,0
6264,1988,3,2,1,0,0,1,1,0,0,0
6270,1990,3,2,1,0,0,0,1,0,0,0
6271,2004,2,2,0,0,0,0,0,0,1,0
6271,2005,2,2,1,0,0,0,0,0,1,0
6275,1990,11,7,2,1,0,0,4,0,1,0
6285,2005,3,3,2,0,0,1,0,0,0,0
6292,2004,5,3,1,0,0,0,2,0,1,0
6292,2005,6,5,1,0,0,0,1,0,2,0
6292,2007,3,2,0,0,0,0,1,0,0,0
6292,2008,6,6,2,0,0,0,0,0,0,0
6292,2009,3,3,2,0,1,0,0,0,0,0
6297,1999,3,2,0,0,0,0,1,0,0,0
6297,2000,1,1,0,0,0,0,0,0,0,0
6297,2001,1,1,0,0,0,0,0,0,0,0
6326,2004,1,1,0,0,0,0,0,0,0,0
6328,1989,9,8,2,0,0,0,0,0,2,0
6328,1992,9,7,2,0,0,0,2,0,1,0
6331,1990,3,3,1,1,0,0,0,0,0,0
6332,1991,1,0,0,0,0,0,1,0,0,0
6332,1998,2,2,0,0,0,0,0,0,1,0
6332,1999,7,6,3,0,0,0,0,0,0,1
6332,2000,6,6,3,0,0,1,0,0,0,0
6332,2001,3,3,0,0,0,0,0,0,1,0
6332,2002,12,12,5,1,0,0,0,0,0,0
6332,2003,12,9,3,0,0,0,3,0,1,0
6332,2004,3,1,1,0,0,1,2,0,0,0
6334,1995,3,2,0,0,0,0,1,0,1,0
6334,1996,21,13,5,1,0,2,7,0,1,1
6334,1997,2,2,1,0,0,1,0,0,0,0
6334,1998,1,1,0,0,0,0,0,0,1,0
6376,1993,5,4,1,1,0,0,1,0,0,0
6376,1994,1,1,1,0,0,0,0,0,0,0
6376,1995,2,1,0,0,0,0,1,0,1,0
6376,1996,1,1,0,0,0,0,0,0,1,0
6376,1997,1,0,0,0,0,0,1,0,0,0
6376,1998,2,2,0,0,0,0,0,0,0,0
6376,1999,3,2,0,0,0,0,1,0,1,0
6376,2001,2,2,0,0,0,0,0,0,1,0
6376,2004,5,2,0,0,0,0,2,1,1,0
6378,2008,3,3,0,0,0,0,0,0,0,0
6380,1999,2,1,0,0,0,0,1,0,0,0
6380,2000,1,1,1,0,0,0,0,0,0,0
6380,2001,2,1,0,0,0,0,1,0,0,0
6380,2004,2,2,0,0,0,0,0,0,0,0
6382,2001,4,3,0,0,0,0,0,1,1,0
6391,2007,2,2,0,0,0,0,0,0,2,0
6391,2008,1,0,0,0,0,0,1,0,0,0
6399,2008,3,3,1,0,0,0,0,0,1,0
6412,2003,1,1,1,0,0,0,0,0,0,0
6412,2009,2,2,0,0,0,0,0,0,0,0
6413,1997,1,1,1,0,0,0,0,0,0,0
6414,1994,4,3,1,0,0,0,0,0,0,1
6414,1995,3,3,1,0,0,1,0,0,0,0
6414,1996,1,1,0,0,0,0,0,0,0,0
6414,1997,3,3,1,1,0,0,0,0,0,0
6414,1998,4,4,0,0,0,0,0,0,1,0
6414,1999,4,4,0,0,0,0,0,0,1,0
6414,2000,3,3,0,0,0,0,0,0,1,0
6414,2001,3,3,1,1,0,0,0,0,0,0
6414,2002,6,6,3,1,0,0,0,0,0,0
6414,2007,3,1,0,0,0,0,1,0,0,1
6418,1998,1,1,0,0,0,0,0,0,0,0
6418,2000,2,2,1,0,0,0,0,0,0,0
6418,2003,1,1,0,0,0,0,0,0,0,0
6418,2004,4,3,1,1,0,0,1,0,0,0
6423,2003,2,2,0,0,0,0,0,0,1,0
6423,2004,15,14,1,0,0,0,1,0,3,0
6423,2005,9,9,2,1,0,1,0,0,3,0
6423,2006,3,3,2,0,0,0,0,0,0,0
6425,1997,4,4,2,0,0,0,0,0,0,0
6425,1998,7,4,3,1,0,1,3,0,0,0
6425,1999,3,3,2,0,0,0,0,0,0,0
6425,2000,3,2,0,0,0,0,1,0,1,0
6425,2004,2,2,0,0,0,0,0,0,0,0
6430,2001,2,1,0,0,0,0,1,0,0,0
6430,2003,1,1,1,1,0,0,0,0,0,0
6431,2009,3,3,1,1,0,0,0,0,1,0
6444,2009,1,0,0,0,0,0,1,0,0,0
6450,2004,2,2,1,0,0,0,0,0,0,0
6450,2008,1,1,0,0,0,0,0,0,0,0
6453,1994,4,3,1,1,0,0,1,0,1,0
6460,1997,3,2,1,1,0,0,1,0,1,0
6460,2001,1,1,0,0,0,0,0,0,1,0
6461,2008,3,3,0,0,0,0,0,0,0,0
6468,2008,3,3,0,0,0,0,0,0,1,0
6481,2007,1,1,0,0,0,0,0,0,0,0
6481,2008,1,1,0,0,0,0,0,0,0,0
6489,2001,1,1,0,0,0,0,0,0,0,0
6489,2002,4,3,1,0,0,0,1,0,0,0
6489,2003,1,1,1,0,0,1,0,0,0,0
6492,1995,6,6,3,0,0,0,0,0,0,0
6492,1997,6,6,1,0,0,0,0,0,0,0
6511,2005,1,1,0,0,0,0,0,0,0,0
6511,2007,5,5,1,0,0,1,0,0,0,0
6513,2007,6,3,0,0,0,0,2,1,1,0
6514,1998,3,3,1,0,0,1,0,0,0,0
6514,2003,4,3,2,1,0,0,0,0,0,1
6518,2007,3,3,0,0,0,0,0,0,0,0
6518,2009,1,1,1,0,0,0,0,0,0,0
6522,2002,3,2,1,1,0,0,0,1,0,0
6522,2004,3,1,0,0,0,0,1,0,0,1
6522,2005,3,3,1,0,0,1,0,0,0,0
6522,2008,2,2,1,1,0,0,0,0,0,0
6522,2009,5,5,0,0,0,0,0,0,0,0
6524,1997,2,2,0,0,0,0,0,0,1,0
6524,1998,3,2,1,1,0,0,1,0,0,0
6536,1996,1,1,0,0,0,0,0,0,0,0
6540,1988,3,3,1,0,0,0,0,0,0,0
6540,1989,3,3,2,0,0,0,0,0,0,0
6552,1993,2,2,1,0,0,0,0,0,0,0
6554,1999,2,2,0,0,0,0,0,0,1,0
6554,2000,1,1,1,1,0,0,0,0,0,0
6554,2001,2,1,0,0,0,0,1,0,1,0
6554,2002,4,4,0,0,0,0,0,0,0,0
6554,2003,5,4,1,0,0,0,1,0,1,0
6554,2004,1,1,1,0,0,0,0,0,0,0
6554,2007,3,3,1,0,0,1,0,0,0,0
6554,2008,3,3,1,0,0,1,0,0,1,0
6554,2009,3,3,1,0,0,0,0,0,0,0
6557,2001,3,2,0,0,0,0,1,0,0,0
6569,2004,1,1,1,0,0,0,0,0,0,0
6569,2007,1,1,1,0,0,0,0,0,0,0
6586,2003,3,3,1,0,0,0,0,0,0,0
6586,2004,12,10,2,0,0,1,2,0,4,0
6586,2005,16,13,2,0,0,2,2,0,2,1
6586,2006,1,1,0,0,0,0,0,0,0,0
6586,2009,3,3,1,0,0,0,0,0,0,0
6596,1999,6,5,2,0,0,2,1,0,0,0
6612,2002,6,6,3,0,0,1,0,0,0,0
6612,2004,13,11,5,2,0,1,1,0,1,1
6612,2009,5,4,2,1,0,0,1,0,0,0
6617,2008,1,1,0,0,0,0,0,0,0,0
6642,1993,3,3,1,1,0,0,0,0,0,0
6651,2006,3,3,1,0,0,0,0,0,0,0
6651,2007,2,1,0,0,0,0,1,0,0,0
6653,2001,1,1,1,0,0,1,0,0,0,0
6697,2007,1,1,0,0,0,0,0,0,1,0
6697,2008,1,1,0,0,0,0,0,0,0,0
6697,2009,1,1,0,0,0,0,0,0,1,0
6698,1996,1,0,0,0,0,0,1,0,0,0
6730,2001,1,1,1,0,0,0,0,0,0,0
6735,1992,8,7,2,2,0,0,0,1,1,0
6735,1993,7,6,1,1,0,0,1,0,3,0
6735,1994,7,7,2,1,0,0,0,0,1,0
6735,1995,4,3,1,0,0,0,1,0,1,0
6735,1996,4,3,1,0,0,0,1,0,1,0
6735,1997,9,9,1,0,0,1,0,0,1,0
6735,1998,3,2,2,1,0,1,1,0,0,0
6735,1999,3,3,0,0,0,0,0,0,0,0
6735,2000,7,7,2,1,0,0,0,0,2,0
6735,2001,7,7,2,1,0,0,0,0,2,0
6738,1993,3,3,2,0,1,1,0,0,0,0
6738,1998,2,1,0,0,0,0,1,0,1,0
6748,2008,1,0,0,0,0,0,1,0,0,0
6749,2009,3,3,0,0,0,0,0,0,0,0
6760,1999,1,1,0,0,0,0,0,0,0,0
6763,1993,3,3,0,0,0,0,0,0,0,0
6768,2000,2,2,0,0,0,0,0,0,0,0
6768,2004,1,0,0,0,0,0,1,0,0,0
6768,2005,1,1,1,0,0,1,0,0,0,0
6768,2008,1,1,0,0,0,0,0,0,0,0
6777,1999,2,2,1,0,0,0,0,0,0,0
6777,2000,7,7,2,0,0,1,0,0,1,0
6777,2001,1,1,1,0,0,0,0,0,0,0
6778,2009,6,5,3,0,0,0,1,0,0,0
6782,2005,1,1,1,1,0,0,0,0,0,0
6791,2004,1,1,1,1,0,0,0,0,0,0
6803,1992,2,2,1,0,0,0,0,0,1,0
6821,2000,1,1,1,0,0,0,0,0,0,0
6821,2002,2,1,0,0,0,0,0,1,1,0
6827,2003,3,3,1,0,0,0,0,0,0,0
6834,1998,1,1,0,0,0,0,0,0,0,0
6834,1999,2,2,2,0,0,0,0,0,0,0
6834,2000,1,1,0,0,0,0,0,0,0,0
6834,2002,1,1,1,0,0,0,0,0,0,0
6834,2003,1,1,1,0,0,0,0,0,0,0
6834,2005,3,2,0,0,0,0,1,0,1,0
6836,1996,3,2,0,0,0,0,0,1,0,0
6836,1998,1,1,0,0,0,0,0,0,0,0
6839,2009,1,1,0,0,0,0,0,0,0,0
6841,1994,1,1,0,0,0,0,0,0,0,0
6841,2000,5,4,0,0,0,0,1,0,3,0
6841,2001,2,2,1,0,0,0,0,0,0,0
6849,2005,1,1,0,0,0,0,0,0,0,0
6849,2006,3,3,2,0,0,1,0,0,0,0
6849,2007,3,2,0,0,0,0,1,0,1,0
6849,2008,3,3,0,0,0,0,0,0,1,0
6867,2009,1,1,0,0,0,0,0,0,1,0
6870,2002,3,2,0,0,0,0,1,0,1,0
6870,2004,4,4,1,1,0,0,0,0,1,0
6870,2005,3,1,1,0,0,0,2,0,0,0
6876,2001,6,5,2,0,0,1,1,0,0,0
6876,2005,4,3,0,0,0,0,1,0,0,0
6887,2007,1,1,0,0,0,0,0,0,0,0
6918,1992,7,4,2,0,0,0,2,0,0,1
6918,1993,11,11,3,1,1,1,0,0,1,0
6918,1998,1,1,0,0,0,0,0,0,0,0
6921,1999,1,1,1,0,0,0,0,0,0,0
6921,2004,2,2,0,0,0,0,0,0,0,0
6921,2008,1,1,0,0,0,0,0,0,1,0
6936,2009,3,2,1,0,0,0,1,0,0,0
6966,1993,5,3,1,0,0,0,1,0,2,1
6966,1994,6,5,2,1,0,0,0,0,0,1
6966,1995,3,3,1,0,0,1,0,0,1,0
6966,1996,7,5,2,1,0,1,2,0,1,0
6966,1997,4,2,0,0,0,0,2,0,0,0
6966,2002,4,3,1,0,0,0,0,0,1,1
6966,2004,13,11,2,0,0,1,1,1,1,0
6966,2005,4,4,1,0,0,0,0,0,0,0
6967,1995,1,1,0,0,0,0,0,0,1,0
6970,1992,4,3,2,0,0,0,1,0,0,0
6970,1993,2,2,1,0,0,0,0,0,0,0
6970,1994,4,4,0,0,0,0,0,0,1,0
6970,1995,3,3,1,1,0,0,0,0,0,0
6970,1996,3,3,1,0,0,0,0,0,1,0
6970,1997,3,2,1,1,0,0,1,0,1,0
6970,1998,4,3,1,1,0,0,1,0,0,0
6970,2001,3,2,0,0,0,0,1,0,0,0
6982,1997,2,2,1,0,0,0,0,0,0,0
6982,2003,1,1,1,0,0,1,0,0,0,0
6998,1992,4,4,1,0,0,0,0,0,1,0
6998,1993,2,2,0,0,0,0,0,0,0,0
6998,1994,3,3,1,0,0,0,0,0,0,0
7000,2008,1,1,0,0,0,0,0,0,1,0
7000,2009,1,1,0,0,0,0,0,0,0,0
7003,2009,1,1,0,0,0,0,0,0,0,0
7005,2007,4,1,1,0,0,0,3,0,0,0
7005,2008,1,1,0,0,0,0,0,0,0,0
7010,2003,1,1,0,0,0,0,0,0,0,0
7010,2004,1,0,0,0,0,0,1,0,0,0
7010,2005,6,6,2,0,0,0,0,0,0,0
7018,1992,3,3,0,0,0,0,0,0,0,0
7026,1997,1,1,1,0,0,0,0,0,0,0
7027,1996,3,3,0,0,0,0,0,0,2,0
7027,1997,3,2,0,0,0,0,1,0,1,0
7027,2001,1,1,0,0,0,0,0,0,0,0
7041,2007,7,7,4,2,0,1,0,0,0,0
7041,2008,6,4,2,0,0,0,2,0,0,0
7041,2009,3,2,1,0,0,1,1,0,1,0
7051,2000,1,0,0,0,0,0,1,0,0,0
7051,2002,1,0,0,0,0,0,0,1,0,0
7062,2004,1,1,1,1,0,0,0,0,0,0
7065,1994,1,1,0,0,0,0,0,0,1,0
7076,1995,1,1,0,0,0,0,0,0,0,0
7076,2004,3,3,0,0,0,0,0,0,0,0
7098,2005,7,6,2,0,0,1,1,0,1,0
7098,2006,2,2,0,0,0,0,0,0,0,0
7126,2007,1,1,1,0,0,0,0,0,0,0
7131,1998,1,1,1,0,0,0,0,0,0,0
7136,1989,3,3,1,0,0,0,0,0,0,0
7136,1990,3,3,1,0,0,0,0,0,0,0
7136,1991,2,2,0,0,0,0,0,0,1,0
7141,1989,3,3,1,0,0,0,0,0,1,0
7145,1991,1,0,0,0,0,0,0,1,0,0
7147,2008,1,1,1,0,0,0,0,0,0,0
7153,2005,4,4,1,0,0,0,0,0,0,0
7153,2006,3,3,1,0,0,1,0,0,0,0
7174,1995,1,1,0,0,0,0,0,0,1,0
7174,1997,2,1,0,0,0,0,1,0,0,0
7175,1989,4,3,1,0,0,0,1,0,0,0
7186,1989,1,1,0,0,0,0,0,0,0,0
7186,1991,2,2,1,1,0,0,0,0,1,0
7191,1990,7,6,5,1,0,0,1,0,0,0
7191,1991,6,5,1,1,0,0,1,0,0,0
7194,2009,2,2,1,0,0,0,0,0,1,0
7199,1992,5,4,2,0,0,0,0,0,0,1
7199,1993,1,1,1,0,0,0,0,0,0,0
7202,1992,1,0,0,0,0,0,1,0,0,0
7202,1993,1,1,0,0,0,0,0,0,0,0
7208,1990,5,5,0,0,0,0,0,0,1,0
7218,1999,1,1,0,0,0,0,0,0,0,0
7220,2005,1,1,0,0,0,0,0,0,0,0
7220,2006,1,0,0,0,0,0,1,0,0,0
7220,2008,3,3,0,0,0,0,0,0,0,0
7258,2001,4,4,1,0,0,0,0,0,0,0
7275,1993,1,1,0,0,0,0,0,0,0,0
7275,1994,4,4,1,0,0,0,0,0,1,0
7275,1995,4,2,1,0,0,0,2,0,1,0
7275,1996,4,3,1,1,0,0,1,0,0,0
7275,1997,3,3,0,0,0,0,0,0,0,0
7275,1998,3,2,2,0,0,0,1,0,0,0
7279,1989,1,1,0,0,0,0,0,0,1,0
7301,1998,2,1,0,0,0,0,1,0,0,0
7301,1999,6,6,0,0,0,0,0,0,1,0
7301,2000,7,6,0,0,0,0,0,0,1,1
7301,2003,1,1,1,0,0,0,0,0,0,0
7301,2005,1,0,0,0,0,0,1,0,0,0
7301,2006,3,3,1,0,0,0,0,0,0,0
7310,2003,3,3,1,0,0,0,0,0,0,0
7310,2004,7,6,1,1,0,0,1,0,0,0
7310,2005,3,3,1,0,0,0,0,0,1,0
7310,2007,10,9,3,0,0,2,1,0,0,0
7310,2008,9,6,0,0,0,0,3,0,1,0
7311,2001,2,1,0,0,0,0,1,0,0,0
7311,2004,1,1,1,0,0,0,0,0,0,0
7313,2009,1,1,0,0,0,0,0,0,0,0
7319,1998,3,3,1,0,0,1,0,0,0,0
7322,2009,2,2,1,1,0,0,0,0,1,0
7324,2009,1,1,0,0,0,0,0,0,0,0
7368,2007,1,1,0,0,0,0,0,0,1,0
7368,2008,1,1,0,0,0,0,0,0,1,0
7372,1997,1,1,0,0,0,0,0,0,0,0
7372,2004,1,1,0,0,0,0,0,0,0,0
7380,1997,2,2,0,0,0,0,0,0,1,0
7385,2001,1,1,0,0,0,0,0,0,0,0
7385,2002,1,1,0,0,0,0,0,0,1,0
7386,2003,2,2,0,0,0,0,0,0,0,0
7388,1992,2,2,0,0,0,0,0,0,0,0
7388,1993,1,1,0,0,0,0,0,0,0,0
7388,1994,6,5,2,0,0,1,1,0,2,0
7388,1995,6,4,1,0,0,0,2,0,0,0
7388,1998,5,4,2,0,0,1,0,0,0,1
7388,2002,1,0,0,0,0,0,0,1,0,0
7408,1991,6,5,3,2,1,0,1,0,0,0
7408,2002,3,2,0,0,0,0,1,0,0,0
7408,2003,2,2,0,0,0,0,0,0,0,0
7408,2005,1,1,0,0,0,0,0,0,0,0
7408,2007,1,1,0,0,0,0,0,0,0,0
7428,2008,2,2,1,0,0,1,0,0,0,0
7428,2009,2,1,0,0,0,0,1,0,1,0
7436,1996,4,4,2,0,0,1,0,0,0,0
7436,1998,2,1,0,0,0,0,1,0,0,0
7436,1999,2,2,1,0,0,0,0,0,1,0
7436,2000,2,2,1,0,0,0,0,0,1,0
7436,2001,2,2,2,0,0,2,0,0,0,0
7436,2003,3,1,0,0,0,0,2,0,1,0
7436,2006,1,0,0,0,0,0,1,0,0,0
7441,2001,6,5,2,0,0,0,1,0,0,0
7441,2002,2,2,0,0,0,0,0,0,1,0
7444,1989,1,1,0,0,0,0,0,0,0,0
7450,1989,5,5,0,0,0,0,0,0,0,0
7450,1990,2,2,0,0,0,0,0,0,1,0
7458,1990,3,3,0,0,0,0,0,0,0,0
7458,1997,1,1,0,0,0,0,0,0,1,0
7481,2004,5,3,0,0,0,0,2,0,1,0
7481,2009,1,0,0,0,0,0,0,0,0,1
7491,1997,2,1,1,0,0,0,1,0,0,0
7491,1999,6,5,0,0,0,0,1,0,1,0
7491,2000,9,8,1,1,0,0,1,0,3,0
7491,2003,12,11,5,0,0,0,1,0,0,0
7491,2005,6,6,2,0,0,0,0,0,1,0
7491,2007,6,5,3,0,0,2,1,0,0,0
7491,2008,7,7,1,0,0,0,0,0,1,0
7497,2004,3,1,0,0,0,0,2,0,0,0
7503,1992,2,2,0,0,0,0,0,0,0,0
7513,1998,1,1,0,0,0,0,0,0,0,0
7513,2005,1,1,1,0,0,0,0,0,0,0
7515,2002,4,3,1,0,0,0,1,0,0,0
7515,2003,5,4,4,0,0,0,1,0,0,0
7522,2002,3,2,0,0,0,0,1,0,0,0
7523,1995,7,4,1,0,0,0,3,0,1,0
7523,1996,5,4,2,1,0,0,0,1,0,0
7530,1993,2,2,1,0,0,0,0,0,1,0
7530,1995,1,1,0,0,0,0,0,0,1,0
7530,1996,2,1,0,0,0,0,1,0,0,0
7537,1988,1,1,1,0,0,0,0,0,0,0
7537,1989,1,1,0,0,0,0,0,0,0,0
7537,1990,1,1,0,0,0,0,0,0,0,0
7546,2009,1,0,0,0,0,0,1,0,0,0
7565,2003,3,2,1,0,0,0,1,0,0,0
7565,2005,4,3,1,0,0,0,1,0,0,0
7824,1996,4,2,2,0,0,0,2,0,0,0
7824,1997,4,4,0,0,0,0,0,0,2,0
7824,2002,2,2,1,0,0,1,0,0,0,0
7826,1989,1,1,0,0,0,0,0,0,0,0
7831,1993,1,1,1,0,0,0,0,0,0,0
7836,1999,3,3,1,0,0,0,0,0,0,0
7837,1989,3,3,1,0,0,0,0,0,0,0
7879,1989,2,2,0,0,0,0,0,0,2,0
7879,1990,2,2,1,0,0,0,0,0,0,0
7879,1991,3,3,0,0,0,0,0,0,0,0
7893,1988,1,1,0,0,0,0,0,0,0,0
7893,1994,1,0,0,0,0,0,1,0,0,0
7896,1999,3,3,1,0,0,1,0,0,1,0
7896,2000,2,2,0,0,0,0,0,0,1,0
7924,1988,3,3,0,0,0,0,0,0,1,0
7924,1989,6,6,2,0,0,0,0,0,1,0
7924,1990,11,11,2,1,0,0,0,0,0,0
7925,1994,1,1,0,0,0,0,0,0,0,0
7925,1996,1,1,0,0,0,0,0,0,0,0
7965,2001,1,1,0,0,0,0,0,0,1,0
7971,1996,3,3,1,1,0,0,0,0,1,0
7980,1992,7,7,2,0,0,1,0,0,0,0
7980,1993,6,6,1,1,0,0,0,0,0,0
7980,1994,3,3,1,0,0,0,0,0,0,0
7980,1996,5,5,3,1,0,1,0,0,1,0
7980,1997,11,7,3,1,0,0,4,0,0,0
7980,1999,2,1,0,0,0,0,1,0,0,0
7980,2000,5,3,1,0,0,1,2,0,0,0
7980,2001,4,4,1,0,0,0,0,0,0,0
7990,1996,1,1,1,0,0,0,0,0,0,0
7999,2007,3,2,1,1,0,0,1,0,0,0
7999,2008,1,1,0,0,0,0,0,0,0,0
8004,1989,4,4,2,1,0,0,0,0,0,0
8004,1990,7,6,1,0,0,0,1,0,0,0
8010,1997,11,10,1,0,0,0,0,1,3,0
8010,2000,2,2,1,1,0,0,0,0,0,0
8010,2002,6,6,2,0,0,0,0,0,0,0
8010,2003,3,3,2,0,0,1,0,0,0,0
8023,2007,5,4,1,0,0,0,1,0,1,0
8023,2008,3,3,0,0,0,0,0,0,1,0
8032,2004,1,0,0,0,0,0,1,0,0,0
8036,1999,3,2,1,0,0,1,1,0,0,0
8036,2003,3,3,1,0,0,0,0,0,0,0
8036,2004,1,1,0,0,0,0,0,0,1,0
8036,2007,1,1,1,0,0,0,0,0,0,0
8036,2009,1,1,0,0,0,0,0,0,0,0
8051,1989,4,3,2,0,0,1,1,0,0,0
8051,1990,3,1,1,0,0,0,2,0,0,0
8051,1998,3,3,2,0,0,1,0,0,0,0
8051,2000,3,2,1,0,0,0,1,0,1,0
8051,2003,4,3,2,1,0,0,1,0,0,0
8051,2004,9,8,3,0,0,2,1,0,0,0
8051,2005,5,4,1,0,0,0,1,0,1,0
8051,2007,3,3,1,0,0,0,0,0,0,0
8051,2009,11,9,1,1,0,0,2,0,0,0
8052,2009,1,1,0,0,0,0,0,0,1,0
8058,2007,2,1,0,0,0,0,1,0,0,0
8058,2008,1,1,1,0,0,0,0,0,0,0
8060,2001,4,4,1,0,0,0,0,0,1,0
8060,2004,10,8,4,0,0,1,2,0,1,0
8060,2005,3,3,1,0,0,0,0,0,0,0
8061,1992,14,14,7,1,0,0,0,0,1,0
8061,1993,6,6,0,0,0,0,0,0,1,0
8061,1997,3,2,0,0,0,0,1,0,0,0
8061,1999,1,1,0,0,0,0,0,0,0,0
8061,2000,7,6,1,0,0,0,1,0,1,0
8069,2003,2,2,0,0,0,0,0,0,0,0
8079,1994,3,3,0,0,0,0,0,0,0,0
8082,1994,1,1,1,0,0,0,0,0,0,0
8082,1995,1,1,1,0,0,0,0,0,0,0
8082,1996,1,0,0,0,0,0,1,0,0,0
8082,1998,2,1,1,0,0,0,0,0,0,1
8089,2003,4,3,1,0,0,0,1,0,0,0
8111,1989,1,1,0,0,0,0,0,0,0,0
8111,1990,2,2,2,1,0,0,0,0,0,0
8111,1992,2,1,1,0,0,0,1,0,0,0
8111,1993,2,2,1,0,0,0,0,0,0,0
8120,1999,1,1,1,0,0,0,0,0,0,0
8137,1997,3,3,0,0,0,0,0,0,0,0
8137,2007,3,2,0,0,0,0,1,0,0,0
8138,2007,1,0,0,0,0,0,1,0,0,0
8142,2002,3,3,2,0,0,0,0,0,0,0
8142,2003,6,6,3,0,1,0,0,0,2,0
8146,2003,1,1,1,0,0,0,0,0,0,0
8147,1993,4,3,2,0,0,0,0,1,0,0
8147,1995,1,1,0,0,0,0,0,0,1,0
8148,1996,4,3,0,0,0,0,1,0,0,0
8148,1999,3,2,0,0,0,0,0,0,1,1
8148,2001,3,3,1,1,0,0,0,0,0,0
8152,2002,1,1,0,0,0,0,0,0,0,0
8155,1992,9,9,5,1,0,0,0,0,0,0
8155,1993,5,4,1,0,0,0,1,0,1,0
8158,2004,1,0,0,0,0,0,0,1,0,0
8160,2003,1,0,0,0,0,0,1,0,0,0
8164,2004,1,1,1,0,0,1,0,0,0,0
8166,2003,1,1,1,0,0,0,0,0,0,0
8184,1999,7,4,1,0,0,1,3,0,0,0
8184,2000,3,3,1,0,0,0,0,0,0,0
8184,2003,2,2,1,0,0,0,0,0,0,0
8184,2004,1,1,1,0,0,1,0,0,0,0
8184,2005,2,2,0,0,0,0,0,0,1,0
8184,2007,3,3,0,0,0,0,0,0,0,0
8184,2008,2,2,0,0,0,0,0,0,1,0
8193,1995,6,4,1,0,0,0,2,0,0,0
8193,1996,10,7,4,0,0,2,2,1,0,0
8201,1992,5,5,2,1,0,0,0,0,0,0
8201,1993,1,1,1,0,0,0,0,0,0,0
8201,1995,4,4,1,0,0,0,0,0,0,0
8201,1996,14,14,4,1,0,0,0,0,1,0
8201,1997,3,3,2,0,0,0,0,0,0,0
8201,1998,7,4,2,0,0,0,3,0,0,0
8201,2000,6,4,1,0,0,1,2,0,0,0
8201,2001,15,12,6,2,0,2,3,0,0,0
8201,2002,3,2,1,0,0,0,1,0,0,0
8202,2002,2,1,0,0,0,0,1,0,0,0
8202,2003,1,1,1,0,0,0,0,0,0,0
8202,2005,2,2,1,0,0,0,0,0,0,0
8219,1988,2,1,0,0,0,0,1,0,1,0
8219,1989,1,1,0,0,0,0,0,0,0,0
8219,1991,1,1,1,0,0,0,0,0,0,0
8220,1997,3,2,0,0,0,0,1,0,0,0
8220,2001,1,0,0,0,0,0,1,0,0,0
8220,2005,5,4,2,0,0,0,1,0,1,0
8221,2006,2,2,1,0,0,0,0,0,1,0
8235,1998,2,1,0,0,0,0,1,0,0,0
8235,1999,1,1,0,0,0,0,0,0,1,0
8235,2000,1,1,0,0,0,0,0,0,0,0
8235,2001,5,5,1,0,0,0,0,0,1,0
8235,2002,3,2,1,0,0,0,1,0,0,0
8238,2007,4,2,1,0,0,0,2,0,0,0
8238,2008,2,1,0,0,0,0,1,0,1,0
8243,2003,1,1,0,0,0,0,0,0,0,0
8271,2002,2,2,1,0,0,0,0,0,0,0
8283,1994,8,5,3,0,0,0,3,0,0,0
8291,2008,2,0,0,0,0,0,2,0,0,0
8291,2009,2,1,1,1,0,0,1,0,0,0
8306,1990,2,1,1,0,0,0,1,0,0,0
8307,2008,3,1,0,0,0,0,2,0,0,0
8311,1998,1,1,0,0,0,0,0,0,0,0
8334,2009,3,3,1,0,1,0,0,0,1,0
8340,1996,13,12,7,0,0,2,1,0,1,0
8340,1997,3,2,1,0,0,1,1,0,1,0
8340,1998,5,5,2,1,0,0,0,0,1,0
8340,1999,3,2,1,0,0,0,1,0,1,0
8340,2002,3,2,0,0,0,0,1,0,0,0
8340,2003,5,2,2,0,0,0,3,0,0,0
8340,2004,3,2,1,0,0,0,1,0,0,0
8340,2005,9,8,3,1,0,1,1,0,0,0
8358,1990,2,1,0,0,0,0,1,0,0,0
8363,2000,3,2,1,0,0,1,1,0,0,0
8380,1990,5,4,1,0,0,0,1,0,1,0
8383,2004,2,1,0,0,0,0,1,0,1,0
8383,2005,1,1,1,0,0,0,0,0,0,0
8384,1989,1,1,1,0,0,0,0,0,0,0
8387,2005,1,1,0,0,0,0,0,0,0,0
8387,2008,4,3,0,0,0,0,1,0,0,0
8390,1999,4,4,2,0,0,0,0,0,0,0
8390,2000,3,3,1,0,0,0,0,0,0,0
8390,2001,1,1,1,0,0,1,0,0,0,0
8390,2002,3,3,0,0,0,0,0,0,0,0
8390,2003,2,2,1,0,0,1,0,0,0,0
8409,2003,3,2,1,1,0,0,1,0,0,0
8424,2008,1,1,0,0,0,0,0,0,0,0
8437,2009,1,1,0,0,0,0,0,0,0,0
8449,2002,6,4,1,0,0,0,1,1,0,0
8449,2003,13,11,5,1,0,1,2,0,1,0
8449,2007,3,3,1,0,0,0,0,0,0,0
8451,2008,1,1,0,0,0,0,0,0,1,0
8451,2009,3,3,0,0,0,0,0,0,1,0
8457,1998,3,2,0,0,0,0,1,0,0,0
8459,1992,8,8,2,0,1,0,0,0,1,0
8461,2007,3,3,0,0,0,0,0,0,1,0
8461,2008,1,1,0,0,0,0,0,0,1,0
8469,1990,2,2,0,0,0,0,0,0,0,0
8474,1998,3,2,1,0,0,0,1,0,1,0
8474,1999,3,2,0,0,0,0,1,0,0,0
8474,2001,3,3,1,0,0,0,0,0,1,0
8474,2007,3,2,1,0,0,0,1,0,0,0
8479,1989,3,1,1,0,0,0,1,1,0,0
8479,1992,4,4,1,0,0,0,0,0,1,0
8488,1992,1,1,0,0,0,0,0,0,0,0
8488,1993,8,6,2,1,0,0,2,0,2,0
8488,1994,4,4,3,1,0,1,0,0,0,0
8488,1997,4,3,0,0,0,0,1,0,0,0
8488,1998,4,2,0,0,0,0,2,0,0,0
8488,1999,7,6,4,1,0,0,1,0,0,0
8488,2000,3,2,2,1,0,0,1,0,0,0
8488,2001,4,3,0,0,0,0,1,0,1,0
8496,2002,3,1,0,0,0,0,2,0,0,0
8497,2009,3,3,1,0,0,0,0,0,0,0
8498,1990,3,2,0,0,0,0,1,0,1,0
8498,1991,1,1,1,0,0,0,0,0,0,0
8498,1998,1,0,0,0,0,0,1,0,0,0
8498,1999,2,2,0,0,0,0,0,0,1,0
8500,2008,5,4,2,0,0,1,1,0,1,0
8519,1999,3,3,0,0,0,0,0,0,0,0
8529,2003,1,0,0,0,0,0,1,0,0,0
8530,1990,2,2,1,1,0,0,0,0,0,0
8556,1999,3,1,0,0,0,0,2,0,1,0
8556,2000,10,7,4,1,0,3,3,0,1,0
8556,2001,3,3,0,0,0,0,0,0,1,0
8556,2002,3,2,1,0,0,0,1,0,0,0
8557,2001,7,7,1,0,0,0,0,0,2,0
8557,2004,5,5,1,0,0,0,0,0,1,0
8557,2007,3,1,0,0,0,0,2,0,0,0
8560,2005,3,3,0,0,0,0,0,0,0,0
8560,2006,1,1,0,0,0,0,0,0,0,0
8560,2007,1,0,0,0,0,0,1,0,0,0
8563,1992,9,9,2,0,0,0,0,0,1,0
8563,1993,6,5,3,0,0,1,1,0,0,0
8563,1996,12,11,4,1,0,1,1,0,1,0
8563,1997,3,2,2,0,0,1,1,0,0,0
8563,1999,2,1,1,0,0,0,1,0,0,0
8575,1992,4,4,0,0,0,0,0,0,2,0
8575,1993,1,0,0,0,0,0,0,0,0,1
8576,1995,2,2,0,0,0,0,0,0,0,0
8576,1996,2,2,0,0,0,0,0,0,1,0
8576,1997,1,1,0,0,0,0,0,0,1,0
8576,1998,1,1,1,0,0,0,0,0,0,0
8581,2003,4,2,1,0,0,0,2,0,0,0
8589,2004,2,2,0,0,0,0,0,0,0,0
8589,2007,2,2,0,0,0,0,0,0,0,0
8594,1993,3,3,1,0,0,0,0,0,0,0
8594,1994,1,1,0,0,0,0,0,0,0,0
8597,2008,1,1,0,0,0,0,0,0,0,0
8638,2000,4,4,2,0,0,0,0,0,0,0
8638,2002,14,13,5,0,0,1,1,0,0,0
8638,2003,21,19,8,1,0,2,2,0,1,0
8638,2006,3,3,0,0,0,0,0,0,1,0
8638,2008,3,3,1,0,0,0,0,0,1,0
8655,1993,3,3,2,2,0,0,0,0,0,0
8655,1994,6,5,1,0,0,1,1,0,2,0
8655,1996,1,1,0,0,0,0,0,0,0,0
8655,1998,1,1,1,0,0,0,0,0,0,0
8655,1999,1,1,0,0,0,0,0,0,1,0
8660,1992,2,1,0,0,0,0,1,0,0,0
8660,1994,3,3,1,1,0,0,0,0,0,0
8665,1988,2,2,2,0,0,0,0,0,0,0
8665,1989,1,1,0,0,0,0,0,0,1,0
8665,1990,3,2,0,0,0,0,0,0,0,0
8665,1998,1,1,1,0,0,0,0,0,0,0
8676,1996,3,2,1,0,0,0,1,0,0,0
8676,1997,1,1,0,0,0,0,0,0,0,0
8676,1999,1,1,0,0,0,0,0,0,0,0
8676,2000,2,2,0,0,0,0,0,0,2,0
8682,2006,1,1,0,0,0,0,0,0,1,0
8682,2007,1,0,0,0,0,0,0,1,0,0
8682,2009,1,0,0,0,0,0,1,0,0,0
8703,1989,6,5,0,0,0,0,1,0,0,0
8703,1990,2,2,0,0,0,0,0,0,0,0
8704,1996,2,2,0,0,0,0,0,0,0,0
8704,1998,3,2,0,0,0,0,1,0,0,0
8704,2002,2,2,0,0,0,0,0,0,0,0
8704,2005,6,6,2,0,0,0,0,0,0,0
8704,2009,2,1,0,0,0,0,1,0,1,0
8719,2007,2,2,0,0,0,0,0,0,0,0
8723,1993,1,1,0,0,0,0,0,0,0,0
8723,1996,2,2,0,0,0,0,0,0,1,0
8724,2004,1,1,1,0,0,0,0,0,0,0
8725,2004,3,3,1,0,0,0,0,0,1,0
8725,2007,1,0,0,0,0,0,1,0,0,0
8731,1995,1,1,1,0,0,1,0,0,0,0
8731,1998,3,3,0,0,0,0,0,0,0,0
8731,1999,3,2,1,0,0,1,1,0,0,0
8731,2000,5,4,2,0,0,1,1,0,0,0
8752,1999,1,1,0,0,0,0,0,0,1,0
8754,1992,1,1,0,0,0,0,0,0,0,0
8756,1998,1,1,0,0,0,0,0,0,0,0
8756,1999,2,2,0,0,0,0,0,0,1,0
8767,1988,2,2,0,0,0,0,0,0,0,0
8767,1990,2,2,1,0,0,0,0,0,0,0
8767,1991,1,1,0,0,0,0,0,0,0,0
8767,1992,1,1,0,0,0,0,0,0,0,0
8784,1998,3,3,1,0,0,0,0,0,0,0
8784,1999,4,4,1,0,0,0,0,0,0,0
8784,2000,3,2,1,1,0,0,1,0,0,0
8784,2001,3,3,2,0,0,0,0,0,0,0
8784,2002,4,4,1,1,0,0,0,0,0,0
8784,2003,9,9,4,1,0,1,0,0,0,0
8807,2003,6,4,2,0,0,1,1,0,0,1
8830,1992,1,1,1,0,0,1,0,0,0,0
8830,1995,1,1,0,0,0,0,0,0,1,0
8841,1992,1,0,0,0,0,0,1,0,0,0
8859,2000,6,5,1,0,0,0,1,0,1,0
8859,2001,6,5,2,1,0,0,1,0,0,0
8859,2002,6,6,3,0,0,0,0,0,0,0
8859,2003,13,11,2,2,0,0,1,0,0,1
8861,2006,2,2,0,0,0,0,0,0,0,0
8873,2005,1,1,0,0,0,0,0,0,0,0
8873,2006,1,1,0,0,0,0,0,0,0,0
8873,2007,5,3,2,1,0,0,2,0,1,0
8873,2008,2,1,0,0,0,0,0,0,1,1
8883,2000,2,1,0,0,0,0,1,0,0,0
8883,2001,1,0,0,0,0,0,1,0,0,0
8883,2004,3,3,0,0,0,0,0,0,0,0
8883,2005,1,1,0,0,0,0,0,0,0,0
8883,2008,1,0,0,0,0,0,1,0,0,0
8891,1995,3,2,0,0,0,0,1,0,0,0
8891,1997,3,2,1,0,0,0,1,0,1,0
8892,2008,1,1,1,0,0,0,0,0,0,0
8892,2009,1,1,0,0,0,0,0,0,1,0
8911,1989,7,6,2,1,0,0,1,0,2,0
8911,1990,10,9,3,0,0,1,1,0,0,0
8911,1991,6,6,1,0,0,0,0,0,0,0
8912,1993,1,1,1,0,0,1,0,0,0,0
8912,1994,1,1,0,0,0,0,0,0,0,0
8912,1995,2,2,1,0,0,0,0,0,1,0
8918,1999,7,6,1,0,0,0,1,0,0,0
8918,2001,4,3,1,0,0,0,1,0,0,0
8918,2002,7,7,1,1,0,0,0,0,1,0
8919,2003,6,6,3,0,1,0,0,0,0,0
8919,2005,3,3,1,1,0,0,0,0,0,0
8919,2007,3,2,0,0,0,0,1,0,1,0
8922,2007,2,2,1,0,0,0,0,0,0,0
8922,2008,2,1,0,0,0,0,1,0,0,0
8934,2000,1,1,0,0,0,0,0,0,0,0
8940,2007,1,1,0,0,0,0,0,0,0,0
8940,2008,13,13,4,1,0,0,0,0,1,0
8954,1996,3,2,0,0,0,0,1,0,0,0
8954,1997,4,2,0,0,0,0,2,0,0,0
8954,2000,6,5,1,0,0,0,1,0,1,0
8954,2001,3,3,0,0,0,0,0,0,1,0
8954,2002,3,3,1,0,0,1,0,0,0,0
8958,1990,3,3,0,0,0,0,0,0,0,0
8962,1998,4,4,0,0,0,0,0,0,0,0
8962,2000,1,1,1,1,0,0,0,0,0,0
8973,1999,3,3,2,0,0,0,0,0,0,0
8983,1993,2,2,0,0,0,0,0,0,0,0
8983,1996,2,1,0,0,0,0,1,0,0,0
8983,1997,1,0,0,0,0,0,1,0,0,0
8983,1998,3,2,1,0,0,0,1,0,0,0
8983,1999,2,2,0,0,0,0,0,0,0,0
8983,2000,1,1,0,0,0,0,0,0,0,0
8983,2001,2,1,0,0,0,0,1,0,0,0
8986,1988,4,4,2,0,0,1,0,0,0,0
8986,1989,2,1,1,0,0,0,0,0,0,1
8986,1990,6,6,1,0,0,0,0,0,1,0
8986,1991,2,2,1,0,0,1,0,0,0,0
8990,2007,3,3,0,0,0,0,0,0,0,0
8990,2008,3,3,1,0,0,0,0,0,1,0
8990,2009,3,3,1,0,0,0,0,0,0,0
9009,2003,3,2,1,1,0,0,1,0,0,0
9069,2004,3,1,0,0,0,0,2,0,0,0
9069,2005,3,2,0,0,0,0,1,0,0,0
9069,2009,3,3,2,1,0,0,0,0,0,0
9070,2002,1,1,1,1,0,0,0,0,0,0
9084,1997,5,4,1,0,0,0,1,0,2,0
9084,1998,3,2,1,1,0,0,1,0,0,0
9102,1995,1,1,0,0,0,0,0,0,0,0
9102,1996,1,0,0,0,0,0,1,0,0,0
9108,1988,1,1,0,0,0,0,0,0,0,0
9108,1989,3,3,0,0,0,0,0,0,0,0
9108,1991,3,3,0,0,0,0,0,0,1,0
9108,1999,3,3,0,0,0,0,0,0,1,0
9123,2000,4,3,1,0,0,0,1,0,0,0
9123,2002,2,2,1,0,0,0,0,0,0,0
9123,2004,1,1,0,0,0,0,0,0,0,0
9123,2005,2,2,0,0,0,0,0,0,0,0
9136,2003,3,1,1,0,0,0,2,0,0,0
9136,2004,17,17,5,1,0,0,0,0,1,0
9136,2005,7,7,2,0,0,1,0,0,1,0
9136,2007,3,3,1,0,0,0,0,0,0,0
9136,2008,2,2,1,0,0,1,0,0,0,0
9137,1997,1,0,0,0,0,0,1,0,0,0
9152,1992,1,0,0,0,0,0,1,0,0,0
9152,1993,8,8,0,0,0,0,0,0,1,0
9152,1994,4,4,2,0,0,1,0,0,1,0
9152,1995,3,2,0,0,0,0,1,0,0,0
9172,1989,1,1,1,0,0,0,0,0,0,0
9176,1998,1,1,0,0,0,0,0,0,0,0
9176,1999,2,2,0,0,0,0,0,0,1,0
9176,2000,1,0,0,0,0,0,1,0,0,0
9176,2001,3,3,1,0,0,0,0,0,0,0
9176,2004,2,2,1,0,0,1,0,0,0,0
9177,1998,2,1,1,0,0,0,0,1,0,0
9199,1990,2,2,1,0,0,0,0,0,0,0
9214,2002,3,2,0,0,0,0,0,0,0,1
9228,2002,1,1,0,0,0,0,0,0,0,0
9228,2003,1,1,1,0,0,0,0,0,0,0
9229,1992,6,6,1,0,0,0,0,0,0,0
9229,1993,6,6,0,0,0,0,0,0,1,0
9229,1994,2,2,2,1,0,1,0,0,0,0
9229,1995,2,2,1,0,0,1,0,0,0,0
9240,1999,6,6,2,1,0,0,0,0,0,0
9242,2008,5,4,0,0,0,0,1,0,2,0
9251,2004,1,1,0,0,0,0,0,0,0,0
9251,2005,1,1,0,0,0,0,0,0,0,0
9251,2007,2,2,0,0,0,0,0,0,0,0
9251,2008,1,1,0,0,0,0,0,0,1,0
9258,1994,1,1,1,0,0,0,0,0,0,0
9258,1995,3,3,0,0,0,0,0,0,1,0
9258,2002,1,1,0,0,0,0,0,0,0,0
9258,2003,2,2,1,0,0,1,0,0,0,0
9263,2000,4,4,0,0,0,0,0,0,0,0
9263,2002,6,5,1,1,0,0,1,0,0,0
9293,1990,1,0,0,0,0,0,0,0,0,1
9293,1991,2,2,0,0,0,0,0,0,0,0
9294,2004,6,5,1,0,0,1,1,0,1,0
9294,2005,3,3,0,0,0,0,0,0,0,0
9294,2006,3,3,2,1,0,0,0,0,0,0
9300,1997,3,2,1,0,0,0,1,0,1,0
9311,2005,3,3,2,0,0,1,0,0,0,0
9323,2005,1,1,0,0,0,0,0,0,0,0
9325,2008,1,0,0,0,0,0,1,0,0,0
9330,2007,3,3,0,0,0,0,0,0,0,0
9347,2008,4,2,1,0,0,0,2,0,0,0
9379,2004,1,1,0,0,0,0,0,0,0,0
9387,2001,3,2,0,0,0,0,1,0,0,0
9396,2008,2,1,0,0,0,0,1,0,1,0
9406,2009,1,1,1,1,0,0,0,0,0,0
9412,1989,2,2,2,0,0,1,0,0,0,0
9413,2005,5,5,0,0,0,0,0,0,1,0
9413,2006,1,1,1,0,0,0,0,0,0,0
9413,2007,1,1,1,0,0,0,0,0,0,0
9429,2001,4,4,0,0,0,0,0,0,1,0
9429,2002,2,1,0,0,0,0,1,0,0,0
9432,1989,2,2,1,0,0,0,0,0,0,0
9432,1991,1,1,0,0,0,0,0,0,0,0
9442,2003,14,14,3,1,0,1,0,0,3,0
9442,2005,3,3,1,0,0,0,0,0,1,0
9459,1989,2,2,1,0,0,0,0,0,0,0
9459,1990,1,1,0,0,0,0,0,0,0,0
9467,1997,7,7,2,0,0,1,0,0,0,0
9467,1998,4,4,1,0,0,0,0,0,0,0
9467,1999,1,1,0,0,0,0,0,0,0,0
9467,2000,6,5,3,0,0,2,1,0,1,0
9467,2001,3,3,0,0,0,0,0,0,0,0
9468,1992,1,1,0,0,0,0,0,0,0,0
9468,1993,4,3,0,0,0,0,1,0,0,0
9468,1994,3,3,0,0,0,0,0,0,3,0
9468,1995,2,2,0,0,0,0,0,0,2,0
9468,1996,2,1,0,0,0,0,0,0,0,1
9468,1997,1,1,0,0,0,0,0,0,0,0
9468,1998,4,3,0,0,0,0,1,0,1,0
9468,2001,2,2,0,0,0,0,0,0,1,0
9468,2002,1,1,1,0,0,0,0,0,0,0
9468,2003,1,1,0,0,0,0,0,0,1,0
9468,2004,1,1,0,0,0,0,0,0,0,0
9468,2005,3,3,1,0,0,0,0,0,0,0
9475,2004,2,1,0,0,0,0,1,0,0,0
9475,2005,2,2,2,1,0,0,0,0,0,0
9489,2003,2,2,1,0,0,0,0,0,0,0
9490,2001,3,2,1,0,0,0,1,0,0,0
9490,2002,2,2,1,0,0,0,0,0,0,0
9490,2003,4,4,1,1,0,0,0,0,1,0
9492,1995,3,3,3,1,0,1,0,0,0,0
9496,1994,3,2,0,0,0,0,1,0,0,0
9496,1996,3,3,1,0,0,0,0,0,0,0
9496,1997,2,2,1,0,0,0,0,0,1,0
9496,1998,3,2,1,0,0,0,1,0,0,0
9496,1999,3,3,1,0,0,0,0,0,0,0
9496,2000,1,1,0,0,0,0,0,0,1,0
9496,2001,1,1,1,0,0,0,0,0,0,0
9496,2003,1,0,0,0,0,0,1,0,0,0
9517,1988,6,6,0,0,0,0,0,0,1,0
9517,1989,11,11,0,0,0,0,0,0,0,0
9523,1999,1,1,1,0,0,0,0,0,0,0
9524,2007,3,3,0,0,0,0,0,0,1,0
9527,1998,1,1,0,0,0,0,0,0,1,0
9527,1999,2,2,0,0,0,0,0,0,1,0
9527,2000,2,1,0,0,0,0,1,0,0,0
9527,2003,2,2,1,0,0,1,0,0,0,0
9528,1997,1,1,1,0,0,0,0,0,0,0
9528,1999,2,2,1,0,0,1,0,0,0,0
9528,2008,1,1,0,0,0,0,0,0,0,0
9535,2009,2,2,1,0,0,0,0,0,0,0
9540,1993,6,6,2,0,0,0,0,0,0,0
9540,1994,2,1,0,0,0,0,0,1,1,0
9540,1996,3,3,0,0,0,0,0,0,1,0
9540,1997,2,2,2,1,0,0,0,0,0,0
9540,1998,3,2,1,0,0,0,1,0,0,0
9540,1999,3,3,1,0,0,1,0,0,1,0
9540,2000,9,7,3,2,0,1,2,0,1,0
9540,2001,3,2,1,0,0,0,1,0,0,0
9546,2008,3,3,0,0,0,0,0,0,0,0
9554,1994,2,1,0,0,0,0,1,0,0,0
9554,1995,2,2,0,0,0,0,0,0,1,0
9554,1996,5,4,1,0,0,0,1,0,2,0
9554,1997,6,5,0,0,0,0,1,0,1,0
9554,1998,7,6,1,0,0,0,1,0,0,0
9554,1999,9,8,4,0,0,1,0,0,0,1
9554,2000,7,6,4,1,0,1,1,0,0,0
9558,2007,2,0,0,0,0,0,2,0,0,0
9559,2000,1,1,0,0,0,0,0,0,0,0
9559,2004,2,1,0,0,0,0,1,0,0,0
9603,2001,1,1,0,0,0,0,0,0,0,0
9603,2003,5,5,1,0,0,0,0,0,1,0
9607,1999,1,1,0,0,0,0,0,0,0,0
9608,2000,3,2,1,0,0,0,1,0,0,0
9612,1989,2,1,1,0,0,0,1,0,0,0
9612,1990,2,2,1,0,0,1,0,0,0,0
9612,1992,6,6,3,0,0,1,0,0,0,0
9614,1992,7,7,0,0,0,0,0,0,3,0
9614,1993,6,5,0,0,0,0,1,0,1,0
9614,1994,7,6,3,0,0,1,1,0,0,0
9614,2002,3,3,2,0,0,2,0,0,0,0
9618,2005,1,1,0,0,0,0,0,0,0,0
9620,2004,3,2,0,0,0,0,1,0,2,0
9620,2005,1,1,1,0,0,0,0,0,0,0
9620,2006,1,1,0,0,0,0,0,0,1,0
9620,2007,1,1,1,0,0,0,0,0,0,0
9620,2008,4,4,2,1,0,0,0,0,1,0
9621,1998,1,1,0,0,0,0,0,0,0,0
9634,2005,2,2,0,0,0,0,0,0,1,0
9634,2007,2,2,0,0,0,0,0,0,0,0
9637,1999,11,10,4,0,0,1,1,0,0,0
9637,2000,2,2,1,0,0,0,0,0,0,0
9637,2001,3,3,2,0,0,0,0,0,0,0
9637,2002,3,2,0,0,0,0,1,0,0,0
9637,2004,2,2,1,0,1,0,0,0,0,0
9638,1992,3,3,1,1,0,0,0,0,0,0
9642,1995,3,2,1,0,0,0,1,0,0,0
9642,1996,13,11,4,0,0,1,2,0,0,0
9642,1997,4,2,0,0,0,0,1,1,0,0
9647,1992,1,1,1,1,0,0,0,0,0,0
9647,1994,3,3,0,0,0,0,0,0,0,0
9659,1997,1,0,0,0,0,0,1,0,0,0
9659,2007,1,1,0,0,0,0,0,0,0,0
9659,2008,1,1,0,0,0,0,0,0,0,0
9659,2009,1,1,0,0,0,0,0,0,1,0
9664,2007,1,1,0,0,0,0,0,0,0,0
9672,2002,5,4,2,1,0,0,0,0,0,1
9672,2003,6,6,0,0,0,0,0,0,1,0
9672,2004,1,0,0,0,0,0,1,0,0,0
9674,2003,3,3,1,0,0,0,0,0,0,0
9688,2009,1,1,1,1,0,0,0,0,0,0
9698,2002,4,4,0,0,0,0,0,0,0,0
9698,2003,2,2,0,0,0,0,0,0,0,0
9699,2003,2,2,1,1,0,0,0,0,0,0
9707,2004,5,4,0,0,0,0,1,0,2,0
9707,2005,4,4,1,0,0,0,0,0,0,0
9715,2003,1,1,0,0,0,0,0,0,0,0
9725,1992,2,2,2,0,0,1,0,0,0,0
9734,1990,1,1,1,0,0,0,0,0,0,0
9734,1992,3,2,0,0,0,0,1,0,0,0
9735,1989,1,1,1,0,0,0,0,0,0,0
9735,1990,6,5,2,0,0,0,0,0,0,1
9735,1991,3,3,1,0,0,0,0,0,0,0
9750,1989,1,1,1,0,0,0,0,0,0,0
9750,1990,2,2,1,1,0,0,0,0,0,0
9751,1998,1,1,0,0,0,0,0,0,0,0
9751,1999,1,1,1,1,0,0,0,0,0,0
9751,2000,3,2,0,0,0,0,1,0,1,0
9761,2005,1,1,1,1,0,0,0,0,0,0
9772,2004,1,1,1,0,0,1,0,0,0,0
9772,2006,1,1,0,0,0,0,0,0,0,0
9780,1997,1,1,0,0,0,0,0,0,0,0
9780,1998,1,1,0,0,0,0,0,0,0,0
9780,1999,1,1,0,0,0,0,0,0,0,0
9780,2000,6,5,1,0,0,0,1,0,1,0
9780,2001,5,3,3,0,0,1,2,0,0,0
9780,2002,2,1,1,0,0,0,1,0,0,0
9780,2003,1,1,0,0,0,0,0,0,0,0
9781,2004,1,1,0,0,0,0,0,0,1,0
9781,2005,2,1,0,0,0,0,1,0,0,0
9781,2007,2,2,1,1,0,0,0,0,0,0
9809,1994,1,1,0,0,0,0,0,0,0,0
9810,2005,2,2,1,1,0,0,0,0,0,0
9830,2009,1,1,1,0,0,0,0,0,0,0
9840,1991,3,3,0,0,0,0,0,0,0,0
9840,1997,2,1,1,0,0,1,1,0,0,0
9840,1998,3,3,0,0,0,0,0,0,1,0
9840,1999,7,6,0,0,0,0,0,1,0,0
9840,2001,3,2,0,0,0,0,1,0,0,0
9840,2004,3,2,2,0,0,1,1,0,0,0
9841,1993,1,0,0,0,0,0,1,0,0,0
9859,1992,4,4,2,2,0,0,0,0,0,0
9859,1993,3,3,2,1,0,0,0,0,0,0
9859,1994,3,3,0,0,0,0,0,0,0,0
9859,1995,3,0,0,0,0,0,3,0,0,0
9859,1996,4,3,1,1,0,0,1,0,1,0
9859,1997,1,0,0,0,0,0,0,1,0,0
9887,2002,1,1,0,0,0,0,0,0,0,0
9887,2005,1,0,0,0,0,0,1,0,0,0
9887,2009,1,1,0,0,0,0,0,0,1,0
9902,2009,1,1,0,0,0,0,0,0,0,0
9919,1994,3,2,0,0,0,0,1,0,0,0
9921,1999,5,4,2,0,0,0,1,0,0,0
9930,2007,1,1,0,0,0,0,0,0,0,0
9943,2000,6,5,0,0,0,0,1,0,1,0
9953,1989,2,2,1,0,0,0,0,0,0,0
9962,1995,1,1,1,1,0,0,0,0,0,0
9984,2008,2,2,0,0,0,0,0,0,1,0
10001,1996,1,1,1,0,0,1,0,0,0,0
10001,1997,2,2,1,0,0,0,0,0,1,0
10002,1993,3,3,2,0,0,0,0,0,0,0
10002,1994,2,2,0,0,0,0,0,0,1,0
10002,1995,3,2,1,0,0,0,1,0,0,0
10002,1996,2,2,1,0,0,1,0,0,0,0
10002,1997,6,4,1,1,0,0,2,0,0,0
10002,1998,3,3,2,0,0,1,0,0,0,0
10002,1999,5,4,3,0,0,1,1,0,0,0
10002,2000,9,8,3,0,0,0,1,0,0,0
10002,2001,15,11,2,0,1,0,4,0,1,0
10002,2002,3,3,2,0,0,0,0,0,0,0
10002,2003,3,3,1,1,0,0,0,0,0,0
10004,1993,4,4,2,0,0,1,0,0,0,0
10004,1995,1,1,1,0,0,0,0,0,0,0
10004,1997,1,1,0,0,0,0,0,0,0,0
10006,1994,5,3,0,0,0,0,2,0,2,0
10006,1996,3,1,0,0,0,0,1,0,0,1
10007,1997,4,2,0,0,0,0,2,0,0,0
10026,2008,3,2,2,0,0,1,1,0,0,0
10029,2001,2,2,2,0,0,1,0,0,0,0
10029,2002,6,6,2,0,0,0,0,0,0,0
10029,2003,3,2,0,0,0,0,1,0,0,0
10029,2005,3,3,2,0,0,0,0,0,0,0
10034,1992,4,4,2,0,0,1,0,0,0,0
10038,1989,1,1,0,0,0,0,0,0,0,0
10050,1999,1,1,1,0,0,0,0,0,0,0
10050,2004,3,3,2,1,0,0,0,0,1,0
10050,2005,3,2,1,0,0,0,1,0,1,0
10050,2007,2,1,0,0,0,0,1,0,1,0
10050,2008,1,0,0,0,0,0,1,0,0,0
10055,1996,1,1,0,0,0,0,0,0,0,0
10055,1999,1,1,1,0,0,0,0,0,0,0
10059,1989,3,0,0,0,0,0,3,0,0,0
10059,1990,4,4,0,0,0,0,0,0,1,0
10059,1991,4,4,2,0,0,0,0,0,0,0
10068,2002,3,3,2,1,0,0,0,0,0,0
10068,2003,2,2,0,0,0,0,0,0,1,0
10068,2005,3,3,0,0,0,0,0,0,0,0
10068,2006,2,2,1,1,0,0,0,0,0,0
10069,2004,3,3,0,0,0,0,0,0,0,0
10069,2007,15,13,5,2,0,1,1,0,1,1
10069,2008,3,2,0,0,0,0,1,0,0,0
10069,2009,3,3,1,0,0,1,0,0,1,0
10070,1989,8,8,2,0,0,0,0,0,0,0
10070,1990,7,7,2,0,0,1,0,0,0,0
10070,1991,3,3,0,0,0,0,0,0,0,0
10070,1993,11,11,5,0,0,0,0,0,1,0
10070,1994,4,3,0,0,0,0,0,0,2,1
10070,1995,2,1,0,0,0,0,0,1,0,0
10071,2001,2,1,0,0,0,0,1,0,0,0
10093,1994,1,0,0,0,0,0,1,0,0,0
10093,1995,1,0,0,0,0,0,1,0,0,0
10093,1997,1,1,0,0,0,0,0,0,0,0
10104,2006,1,1,1,0,0,0,0,0,0,0
10112,1996,3,2,0,0,0,0,1,0,0,0
10124,1992,2,2,0,0,0,0,0,0,0,0
10136,2009,3,3,1,0,0,0,0,0,0,0
10142,2009,2,1,1,0,0,0,1,0,0,0
10146,2004,1,0,0,0,0,0,1,0,0,0
10146,2009,1,0,0,0,0,0,1,0,0,0
10155,1998,3,3,0,0,0,0,0,0,0,0
10155,1999,4,3,3,0,0,0,1,0,0,0
10155,2000,8,6,2,0,0,2,2,0,0,0
10156,2009,6,5,3,1,0,0,1,0,0,0
10187,1990,4,3,0,0,0,0,1,0,0,0
10187,1993,6,4,0,0,0,0,0,1,0,1
10188,1993,3,2,1,0,1,0,1,0,0,0
10188,1994,3,3,0,0,0,0,0,0,0,0
10188,1996,5,5,1,0,0,0,0,0,1,0
10188,1998,2,1,0,0,0,0,1,0,0,0
10188,1999,1,0,0,0,0,0,1,0,0,0
10209,2005,6,5,3,0,0,0,0,1,1,0
10209,2006,3,3,1,0,0,0,0,0,0,0
10209,2007,3,2,2,0,0,1,1,0,0,0
10209,2008,3,2,0,0,0,0,1,0,0,0
10215,2002,1,1,1,0,0,1,0,0,0,0
10215,2005,1,0,0,0,0,0,1,0,0,0
10216,2001,1,1,1,1,0,0,0,0,0,0
10216,2002,1,1,0,0,0,0,0,0,0,0
10217,2002,3,2,1,0,0,0,1,0,0,0
10217,2004,5,5,2,1,0,0,0,0,0,0
10217,2005,3,3,1,0,0,0,0,0,0,0
10217,2006,3,3,1,0,0,0,0,0,0,0
10217,2007,19,18,3,0,0,1,1,0,3,0
10229,2002,1,1,0,0,0,0,0,0,1,0
10229,2003,3,3,1,0,0,1,0,0,1,0
10234,2008,5,4,2,1,0,0,1,0,0,0
10246,2000,3,3,2,0,0,1,0,0,0,0
10246,2001,1,1,0,0,0,0,0,0,0,0
10249,2007,3,3,2,0,0,0,0,0,0,0
10249,2008,3,3,1,0,0,0,0,0,0,0
10253,2000,1,1,0,0,0,0,0,0,1,0
10267,1992,1,1,1,0,0,0,0,0,0,0
10267,1993,2,1,0,0,0,0,1,0,0,0
10267,1998,1,1,1,0,0,1,0,0,0,0
10288,2009,1,1,0,0,0,0,0,0,0,0
10294,1992,6,5,2,0,0,0,1,0,0,0
10294,1993,4,3,2,1,0,0,1,0,0,0
10294,1994,6,3,1,0,0,1,3,0,1,0
10294,1995,3,3,1,0,0,0,0,0,1,0
10294,1996,6,5,1,0,0,0,1,0,0,0
10294,1997,9,8,1,0,0,0,1,0,5,0
10294,1998,4,3,0,0,0,0,1,0,0,0
10294,1999,4,3,0,0,0,0,1,0,0,0
10294,2000,3,3,1,1,0,0,0,0,1,0
10294,2001,11,11,1,1,0,0,0,0,4,0
10294,2002,3,3,1,0,0,0,0,0,1,0
10294,2003,3,3,0,0,0,0,0,0,0,0
10294,2004,9,7,1,0,0,1,2,0,1,0
10294,2005,7,6,2,1,0,0,0,0,0,1
10294,2007,4,4,0,0,0,0,0,0,1,0
10308,1995,1,1,1,1,0,0,0,0,0,0
10311,1989,3,3,0,0,0,0,0,0,0,0
10313,1995,2,1,0,0,0,0,1,0,1,0
10313,1996,6,4,1,0,0,0,1,0,0,1
10313,1997,4,4,0,0,0,0,0,0,1,0
10313,1998,9,8,3,0,0,1,1,0,1,0
10313,1999,3,2,0,0,0,0,1,0,0,0
10313,2001,6,6,1,0,0,0,0,0,1,0
10313,2002,6,5,1,0,0,1,1,0,3,0
10313,2003,6,4,0,0,0,0,0,1,0,1
10329,1989,2,2,0,0,0,0,0,0,0,0
10329,1990,2,2,2,0,0,0,0,0,0,0
10329,1991,1,1,0,0,0,0,0,0,0,0
10330,1992,7,6,1,0,0,1,1,0,0,0
10330,1993,3,2,2,1,0,0,1,0,0,0
10330,1994,8,7,1,0,0,1,1,0,2,0
10330,1995,6,6,1,0,0,0,0,0,3,0
10330,1997,2,1,0,0,0,0,1,0,1,0
10330,1999,2,1,1,0,0,0,1,0,0,0
10332,1999,1,1,0,0,0,0,0,0,0,0
10332,2004,6,6,1,0,0,0,0,0,0,0
10340,1999,2,1,0,0,0,0,1,0,0,0
10388,1993,1,1,0,0,0,0,0,0,0,0
10388,1994,2,1,0,0,0,0,0,1,1,0
10388,1997,1,1,1,0,0,1,0,0,0,0
10400,1988,1,1,0,0,0,0,0,0,1,0
10409,1990,1,1,0,0,0,0,0,0,1,0
10409,1999,2,1,0,0,0,0,1,0,0,0
10409,2000,1,1,0,0,0,0,0,0,0,0
10409,2001,2,2,2,0,0,1,0,0,0,0
10409,2006,1,1,1,0,0,0,0,0,0,0
10412,1990,4,4,3,1,0,0,0,0,0,0
10412,1991,2,1,1,0,0,0,1,0,0,0
10415,2004,1,0,0,0,0,0,1,0,0,0
10434,2004,2,2,0,0,0,0,0,0,0,0
10440,1999,3,3,1,1,0,0,0,0,0,0
10440,2000,3,3,1,0,0,0,0,0,1,0
10440,2001,4,4,0,0,0,0,0,0,0,0
10440,2004,8,7,1,0,0,0,1,0,1,0
10440,2005,5,1,0,0,0,0,4,0,0,0
10440,2007,1,1,1,0,0,0,0,0,0,0
10450,1993,1,1,1,0,0,0,0,0,0,0
10458,2003,14,14,7,2,0,1,0,0,1,0
10458,2004,3,3,1,0,0,0,0,0,0,0
10458,2006,2,2,0,0,0,0,0,0,0,0
10458,2007,2,2,0,0,0,0,0,0,0,0
10461,2000,3,2,0,0,0,0,1,0,0,0
10465,2001,1,1,1,1,0,0,0,0,0,0
10468,1993,2,2,0,0,0,0,0,0,1,0
10468,1996,2,1,0,0,0,0,1,0,0,0
10468,2000,1,1,0,0,0,0,0,0,0,0
10468,2004,1,1,0,0,0,0,0,0,0,0
10507,1993,3,3,1,0,0,1,0,0,0,0
10507,1994,1,1,1,0,0,1,0,0,0,0
10507,1995,1,1,0,0,0,0,0,0,0,0
10507,1996,3,3,1,0,0,0,0,0,0,0
10507,1997,6,5,0,0,0,0,1,0,1,0
10507,1998,1,1,0,0,0,0,0,0,0,0
10516,2001,3,3,1,0,0,1,0,0,0,0
10516,2002,4,4,0,0,0,0,0,0,0,0
10516,2003,4,3,0,0,0,0,1,0,0,0
10516,2005,3,1,0,0,0,0,2,0,1,0
10516,2007,3,3,2,1,0,0,0,0,0,0
10533,1993,2,2,1,0,0,0,0,0,0,0
10537,2008,2,2,1,0,0,0,0,0,0,0
10547,2006,3,3,0,0,0,0,0,0,0,0
10547,2007,7,7,3,1,0,0,0,0,1,0
10547,2008,4,4,1,0,0,0,0,0,0,0
10548,1989,2,2,0,0,0,0,0,0,0,0
10549,2004,4,4,2,0,0,0,0,0,1,0
10549,2005,2,2,0,0,0,0,0,0,0,0
10549,2006,2,2,1,1,0,0,0,0,0,0
10549,2007,2,2,0,0,0,0,0,0,1,0
10549,2008,2,1,0,0,0,0,1,0,1,0
10576,2002,1,1,0,0,0,0,0,0,0,0
10578,1999,2,2,1,1,0,0,0,0,0,0
10595,2002,4,2,0,0,0,0,1,0,1,1
10595,2003,5,5,1,0,0,1,0,0,1,0
10595,2004,3,3,2,1,0,1,0,0,0,0
10595,2005,3,3,1,1,0,0,0,0,0,0
10595,2007,6,6,2,0,0,0,0,0,1,0
10595,2008,6,5,1,0,0,0,1,0,0,0
10597,1998,3,3,1,1,0,0,0,0,0,0
10597,1999,5,4,2,1,0,0,1,0,0,0
10597,2000,5,4,1,0,0,0,0,0,1,1
10597,2001,1,1,0,0,0,0,0,0,0,0
10600,2009,1,1,0,0,0,0,0,0,0,0
10611,2002,5,5,1,0,0,0,0,0,1,0
10611,2003,1,1,0,0,0,0,0,0,0,0
10611,2007,3,2,2,0,0,0,1,0,0,0
10637,2005,1,1,0,0,0,0,0,0,0,0
10651,1989,1,0,0,0,0,0,1,0,0,0
10676,2008,1,1,0,0,0,0,0,0,0,0
10677,1992,1,1,0,0,0,0,0,0,0,0
10677,1993,1,1,0,0,0,0,0,0,1,0
10677,1994,5,5,1,0,0,0,0,0,2,0
10677,1995,4,2,1,0,0,1,2,0,0,0
10677,2000,3,2,1,0,0,1,1,0,0,0
10679,2008,3,3,0,0,0,0,0,0,0,0
10680,2000,2,2,1,0,0,1,0,0,0,0
10682,1998,2,2,1,0,0,0,0,0,0,0
10687,1999,2,2,0,0,0,0,0,0,1,0
10687,2001,1,1,0,0,0,0,0,0,1,0
10689,1994,6,6,1,0,0,1,0,0,0,0
10689,1995,5,2,1,1,0,0,3,0,0,0
10689,1996,8,6,3,0,0,1,2,0,0,0
10689,1997,13,7,2,1,0,0,4,1,1,1
10692,1992,1,1,0,0,0,0,0,0,0,0
10715,1992,1,1,1,0,0,0,0,0,0,0
10720,1999,6,5,2,0,0,1,1,0,0,0
10720,2002,2,2,0,0,0,0,0,0,0,0
10720,2003,1,1,1,0,0,1,0,0,0,0
10728,2008,2,2,0,0,0,0,0,0,0,0
10733,2007,1,1,1,0,0,0,0,0,0,0
10746,1989,2,2,1,0,0,0,0,0,0,0
10746,1990,1,1,1,0,0,0,0,0,0,0
10746,1992,2,2,1,0,0,0,0,0,0,0
10749,1989,5,4,0,0,0,0,1,0,0,0
10750,1989,1,1,0,0,0,0,0,0,0,0
10759,1992,4,4,0,0,0,0,0,0,0,0
10759,1993,8,7,4,1,0,1,1,0,1,0
10759,1994,7,5,1,0,0,0,1,0,2,1
10759,1997,3,3,2,0,0,0,0,0,0,0
10759,1998,3,3,0,0,0,0,0,0,2,0
10762,1989,5,5,1,0,0,1,0,0,0,0
10762,1990,9,7,2,0,0,0,1,0,0,1
10779,1992,3,3,1,0,0,1,0,0,0,0
10779,1993,4,4,1,0,0,0,0,0,0,0
10779,1996,3,3,1,0,0,1,0,0,0,0
10782,1992,13,11,3,1,0,1,2,0,1,0
10782,1993,8,6,1,1,0,0,2,0,1,0
10782,1994,5,3,1,1,0,0,2,0,1,0
10782,1995,7,6,1,0,0,0,1,0,2,0
10782,1996,6,6,0,0,0,0,0,0,0,0
10782,1997,4,4,1,0,0,0,0,0,1,0
10782,1999,6,6,2,0,0,0,0,0,1,0
10782,2007,3,3,1,1,0,0,0,0,0,0
10793,2009,3,2,0,0,0,0,1,0,0,0
10811,2007,2,1,0,0,0,0,1,0,0,0
10820,1997,2,1,0,0,0,0,1,0,0,0
10820,1998,3,2,0,0,0,0,0,0,1,1
10820,1999,3,3,2,0,0,0,0,0,0,0
10841,2008,6,6,3,0,0,1,0,0,2,0
10841,2009,3,2,1,0,0,0,1,0,0,0
10846,2007,6,5,1,0,0,0,1,0,2,0
10848,2004,2,2,1,0,0,0,0,0,0,0
10848,2007,1,1,1,0,0,0,0,0,0,0
10848,2009,3,2,1,0,0,1,1,0,0,0
10856,2003,3,2,0,0,0,0,1,0,0,0
10856,2004,9,8,4,1,0,0,1,0,1,0
10856,2007,4,4,0,0,0,0,0,0,0,0
10872,2007,2,2,1,0,0,1,0,0,0,0
10872,2008,6,6,1,1,0,0,0,0,0,0
10881,1998,3,2,0,0,0,0,1,0,0,0
10881,1999,3,2,2,0,0,0,1,0,0,0
10881,2004,3,3,0,0,0,0,0,0,1,0
10882,2000,1,1,1,1,0,0,0,0,0,0
10890,1998,3,2,0,0,0,0,1,0,0,0
10890,2001,6,5,1,0,0,0,0,0,0,1
10890,2002,2,2,0,0,0,0,0,0,1,0
10890,2003,1,1,0,0,0,0,0,0,0,0
10890,2004,3,1,0,0,0,0,2,0,0,0
10890,2005,4,3,1,0,0,0,1,0,0,0
10890,2006,2,2,0,0,0,0,0,0,1,0
10890,2007,2,2,0,0,0,0,0,0,0,0
10890,2008,2,2,1,0,0,0,0,0,0,0
10891,2007,1,1,0,0,0,0,0,0,0,0
10892,2008,2,2,0,0,0,0,0,0,1,0
10916,1999,2,1,1,0,0,0,1,0,0,0
10917,2003,1,1,0,0,0,0,0,0,0,0
10920,1993,1,0,0,0,0,0,1,0,0,0
10920,1997,4,4,1,0,0,0,0,0,2,0
10920,1998,3,3,1,0,0,0,0,0,1,0
10920,1999,2,1,1,0,0,1,1,0,0,0
10921,1995,3,3,1,0,0,0,0,0,1,0
10921,1999,6,5,0,0,0,0,1,0,0,0
10926,1995,1,1,1,0,0,0,0,0,0,0
10926,1996,6,4,2,1,0,1,2,0,1,0
10926,1997,3,3,2,0,0,0,0,0,0,0
10926,1998,3,3,0,0,0,0,0,0,0,0
10926,1999,2,2,2,2,0,0,0,0,0,0
10926,2000,2,1,0,0,0,0,0,0,0,1
10926,2001,2,2,1,0,0,1,0,0,0,0
10932,2005,1,1,0,0,0,0,0,0,1,0
10932,2007,2,1,0,0,0,0,1,0,1,0
10946,2009,3,2,1,0,0,0,1,0,0,0
10956,2007,2,1,1,0,0,0,1,0,0,0
10957,2007,1,1,0,0,0,0,0,0,0,0
10963,1992,2,2,0,0,0,0,0,0,0,0
10963,1993,3,2,2,0,0,1,1,0,0,0
10963,1994,2,1,0,0,0,0,0,1,0,0
10963,2003,2,2,0,0,0,0,0,0,0,0
10967,1998,1,1,0,0,0,0,0,0,1,0
10973,2002,6,5,1,0,0,0,1,0,0,0
10973,2003,3,2,1,0,0,1,0,0,0,1
10986,1992,1,1,1,1,0,0,0,0,0,0
10989,2000,1,1,0,0,0,0,0,0,0,0
10989,2001,2,2,0,0,0,0,0,0,1,0
10989,2002,2,1,0,0,0,0,1,0,0,0
10999,1998,4,3,0,0,0,0,1,0,0,0
11005,2005,1,1,0,0,0,0,0,0,0,0
11005,2006,1,1,0,0,0,0,0,0,0,0
11012,1998,3,3,1,0,0,0,0,0,0,0
11012,2000,1,1,0,0,0,0,0,0,0,0
11012,2003,7,7,4,2,0,1,0,0,0,0
11026,2009,1,1,1,0,0,1,0,0,0,0
11030,1997,1,0,0,0,0,0,1,0,0,0
11039,1988,6,6,0,0,0,0,0,0,0,0
11039,1989,7,6,0,0,0,0,1,0,0,0
11039,1990,12,12,6,0,0,0,0,0,1,0
11039,1991,3,1,0,0,0,0,2,0,0,0
11047,2002,1,0,0,0,0,0,1,0,0,0
11047,2003,1,1,0,0,0,0,0,0,0,0
11051,1989,3,3,0,0,0,0,0,0,1,0
11051,1990,7,7,1,0,0,0,0,0,1,0
11051,1991,7,7,1,0,0,0,0,0,0,0
11071,2006,3,3,1,0,0,0,0,0,0,0
11079,2003,1,1,1,0,0,1,0,0,0,0
11088,1990,3,3,2,1,0,0,0,0,0,0
11090,1989,2,2,1,0,0,0,0,0,1,0
11090,1991,3,3,0,0,0,0,0,0,1,0
11090,1996,10,6,2,0,0,2,4,0,2,0
11090,1997,7,5,2,1,0,0,1,1,2,0
11090,1998,3,3,0,0,0,0,0,0,1,0
11090,1999,4,4,2,0,0,0,0,0,0,0
11090,2000,3,3,1,0,0,1,0,0,1,0
11109,2003,1,1,1,0,0,1,0,0,0,0
11112,2005,2,1,0,0,0,0,1,0,1,0
11112,2006,1,0,0,0,0,0,1,0,0,0
11112,2007,2,2,0,0,0,0,0,0,1,0
11112,2008,3,2,0,0,0,0,1,0,1,0
11119,2001,2,1,0,0,0,0,1,0,1,0
11119,2002,4,3,1,0,0,1,1,0,0,0
11123,2000,1,1,1,0,0,1,0,0,0,0
11167,1997,1,1,0,0,0,0,0,0,0,0
11167,1998,1,1,0,0,0,0,0,0,1,0
11167,1999,4,4,1,0,0,0,0,0,1,0
11167,2000,4,3,0,0,0,0,1,0,1,0
11167,2001,3,2,1,0,0,1,1,0,0,0
11167,2002,1,1,0,0,0,0,0,0,0,0
11167,2003,1,0,0,0,0,0,1,0,0,0
11167,2004,1,1,0,0,0,0,0,0,0,0
11172,1998,6,6,0,0,0,0,0,0,1,0
11172,2007,3,3,1,1,0,0,0,0,0,0
11172,2009,3,3,1,1,0,0,0,0,1,0
11178,1994,2,1,0,0,0,0,0,1,0,0
11215,1988,1,1,0,0,0,0,0,0,0,0
11215,1989,6,6,0,0,0,0,0,0,0,0
11215,1990,3,3,1,0,0,0,0,0,0,0
11215,1992,5,5,0,0,0,0,0,0,0,0
11215,1993,10,9,2,0,0,1,1,0,4,0
11215,1995,6,4,2,0,0,1,2,0,1,0
11215,1998,3,3,2,1,0,0,0,0,0,0
11217,1989,7,6,1,1,0,0,0,0,1,0
11217,1990,6,6,2,1,0,1,0,0,1,0
11217,1992,3,1,1,0,0,0,2,0,0,0
11217,1993,9,9,3,0,0,0,0,0,2,0
11217,1994,3,3,0,0,0,0,0,0,0,0
11217,1995,9,7,2,0,0,1,2,0,0,0
11217,1999,1,1,0,0,0,0,0,0,0,0
11217,2000,1,1,1,0,0,0,0,0,0,0
11236,2004,2,2,2,2,0,0,0,0,0,0
11242,2004,1,0,0,0,0,0,1,0,0,0
11244,2008,2,1,0,0,0,0,1,0,1,0
11245,2006,1,1,0,0,0,0,0,0,0,0
11247,2000,1,1,0,0,0,0,0,0,0,0
11247,2001,1,0,0,0,0,0,1,0,0,0
11249,1989,3,3,0,0,0,0,0,0,0,0
11249,1990,4,1,0,0,0,0,2,1,0,0
11249,1991,1,1,0,0,0,0,0,0,0,0
11249,1993,10,10,3,0,0,0,0,0,0,0
11252,2002,6,4,2,0,0,2,2,0,1,0
11252,2004,2,2,1,0,0,0,0,0,0,0
11256,1990,3,3,1,0,0,0,0,0,0,0
11256,1991,4,4,1,0,0,0,0,0,0,0
11256,1997,5,3,1,0,0,1,2,0,0,0
11256,1998,6,4,3,0,0,1,1,1,0,0
11256,1999,3,3,1,0,0,0,0,0,0,0
11256,2000,4,4,3,0,0,0,0,0,0,0
11256,2001,3,2,0,0,0,0,1,0,1,0
11276,1997,1,1,1,0,0,0,0,0,0,0
11285,1997,2,1,0,0,0,0,1,0,0,0
11285,1998,2,1,0,0,0,0,1,0,0,0
11285,1999,5,4,1,0,0,0,1,0,0,0
11285,2000,2,0,0,0,0,0,1,1,0,0
11285,2001,6,6,4,2,0,0,0,0,2,0
11285,2002,7,6,2,0,0,0,0,1,0,0
11285,2003,2,1,0,0,0,0,0,1,1,0
11285,2005,1,1,0,0,0,0,0,0,0,0
11285,2006,1,1,0,0,0,0,0,0,0,0
11285,2007,6,4,2,0,0,0,1,1,0,0
11285,2008,3,3,1,0,0,0,0,0,0,0
11295,1999,1,1,1,0,0,1,0,0,0,0
11324,1991,3,1,0,0,0,0,0,0,1,2
11336,2002,5,5,2,0,0,0,0,0,0,0
11336,2003,4,4,0,0,0,0,0,0,1,0
11337,2008,3,2,0,0,0,0,1,0,1,0
11340,1996,4,3,1,1,0,0,1,0,0,0
11340,1998,6,5,2,1,0,0,1,0,0,0
11340,2003,1,0,0,0,0,0,0,1,0,0
11341,1997,2,1,1,0,0,0,1,0,0,0
11341,1998,2,2,0,0,0,0,0,0,0,0
11341,1999,2,1,1,0,0,0,1,0,0,0
11341,2000,2,2,1,0,0,0,0,0,0,0
11341,2002,1,1,1,0,0,0,0,0,0,0
11342,1993,1,1,0,0,0,0,0,0,0,0
11364,1988,2,2,0,0,0,0,0,0,0,0
11364,1990,4,3,1,1,0,0,1,0,0,0
11364,1991,4,3,1,0,0,0,1,0,0,0
11371,1992,12,12,0,0,0,0,0,0,2,0
11371,1996,5,2,1,0,0,0,2,0,0,1
11388,1988,1,1,0,0,0,0,0,0,1,0
11388,1989,1,1,0,0,0,0,0,0,0,0
11388,1990,3,3,1,0,0,0,0,0,0,0
11388,1991,1,1,1,0,0,0,0,0,0,0
11399,2005,1,1,0,0,0,0,0,0,0,0
11399,2007,3,3,1,0,0,0,0,0,0,0
11399,2009,1,1,1,0,0,0,0,0,0,0
11426,1997,6,4,1,0,0,0,1,1,0,0
11426,1998,6,3,0,0,0,0,2,1,1,0
11426,1999,3,3,1,0,0,1,0,0,0,0
11426,2001,3,3,1,1,0,0,0,0,0,0
11426,2002,4,3,2,0,0,0,1,0,0,0
11426,2003,3,2,1,0,0,1,1,0,0,0
11435,1995,1,1,1,0,0,0,0,0,0,0
11435,1996,10,4,1,1,0,0,6,0,1,0
11435,1998,2,2,1,0,0,0,0,0,0,0
11460,2004,1,1,0,0,0,0,0,0,0,0
11460,2005,3,1,1,0,0,1,2,0,0,0
11460,2008,1,1,0,0,0,0,0,0,1,0
11473,1989,1,1,0,0,0,0,0,0,0,0
11474,1998,3,1,0,0,0,0,2,0,0,0
11474,1999,3,2,0,0,0,0,1,0,0,0
11476,1990,2,2,1,0,0,0,0,0,1,0
11489,1991,1,1,0,0,0,0,0,0,0,0
11489,1998,1,1,0,0,0,0,0,0,0,0
11489,2001,2,1,0,0,0,0,1,0,0,0
11489,2002,2,2,0,0,0,0,0,0,0,0
11489,2004,7,6,2,1,0,0,1,0,0,0
11489,2005,2,1,1,0,0,0,0,0,0,1
11489,2007,2,2,0,0,0,0,0,0,0,0
11511,1989,2,2,0,0,0,0,0,0,0,0
11513,2000,3,3,1,0,0,0,0,0,0,0
11513,2001,9,8,3,0,0,1,1,0,0,0
11522,1998,9,8,3,0,0,0,1,0,0,0
11522,1999,6,5,2,1,0,0,1,0,1,0
11522,2002,4,3,0,0,0,0,1,0,1,0
11522,2008,1,0,0,0,0,0,1,0,0,0
11522,2009,1,1,1,0,0,1,0,0,0,0
11526,1992,13,11,3,0,0,0,2,0,0,0
11526,1993,5,5,1,0,0,0,0,0,0,0
11558,1993,3,3,2,1,0,0,0,0,0,0
11558,1994,7,4,2,1,0,1,3,0,0,0
11558,1995,2,1,1,0,0,1,1,0,0,0
11558,1997,1,0,0,0,0,0,1,0,0,0
11558,2003,4,3,1,0,0,0,1,0,1,0
11568,2004,6,6,0,0,0,0,0,0,1,0
11568,2005,9,8,1,0,0,0,0,0,1,1
11568,2006,2,2,2,0,0,0,0,0,0,0
11568,2007,3,2,0,0,0,0,0,1,1,0
11570,2007,1,0,0,0,0,0,1,0,0,0
11577,1994,6,5,4,1,0,1,1,0,0,0
11577,1995,3,3,1,0,0,0,0,0,0,0
11577,1996,7,5,2,0,0,1,2,0,1,0
11577,1997,9,5,3,2,0,1,3,1,1,0
11577,1998,3,3,1,0,0,0,0,0,0,0
11577,1999,7,5,2,0,0,0,1,0,0,1
11577,2001,3,3,1,0,0,0,0,0,0,0
11577,2002,10,8,3,1,0,0,2,0,0,0
11577,2003,9,8,1,0,0,0,1,0,1,0
11577,2004,7,6,1,0,0,1,1,0,2,0
11577,2007,3,3,3,0,0,1,0,0,0,0
11603,1993,4,2,1,0,1,0,1,1,0,0
11610,1989,2,2,2,0,0,0,0,0,0,0
11617,2003,3,3,1,1,0,0,0,0,0,0
11628,2002,4,4,1,0,0,1,0,0,1,0
11628,2003,3,1,0,0,0,0,2,0,0,0
11635,1989,1,1,1,0,0,0,0,0,0,0
11642,2000,1,0,0,0,0,0,1,0,0,0
11663,2009,2,2,0,0,0,0,0,0,1,0
11683,1994,3,3,1,0,0,1,0,0,1,0
11684,1996,7,6,2,1,0,1,1,0,0,0
11684,1997,2,1,0,0,0,0,0,1,1,0
11684,1999,1,1,0,0,0,0,0,0,0,0
11684,2002,1,1,0,0,0,0,0,0,0,0
11684,2003,3,3,2,0,0,1,0,0,1,0
11684,2004,4,3,0,0,0,0,1,0,1,0
11710,1995,1,1,0,0,0,0,0,0,0,0
11710,1996,9,8,4,0,1,2,1,0,0,0
11710,1997,2,1,0,0,0,0,1,0,0,0
11710,1998,4,3,2,1,0,1,1,0,0,0
11710,2001,3,3,0,0,0,0,0,0,0,0
11710,2003,4,4,1,0,0,0,0,0,1,0
11717,1997,1,1,0,0,0,0,0,0,0,0
11717,1998,1,0,0,0,0,0,1,0,0,0
11717,2000,1,1,0,0,0,0,0,0,0,0
11719,2009,2,1,0,0,0,0,1,0,0,0
11724,1990,3,3,1,0,0,1,0,0,0,0
11724,1992,1,1,1,1,0,0,0,0,0,0
11732,1994,3,3,2,0,0,0,0,0,0,0
11732,1996,5,5,1,1,0,0,0,0,0,0
11746,2003,1,1,0,0,0,0,0,0,1,0
11752,2003,2,2,0,0,0,0,0,0,0,0
11761,1996,9,9,3,0,0,1,0,0,2,0
11761,1997,3,1,0,0,0,0,2,0,0,0
11763,1998,9,7,3,1,0,0,0,0,2,2
11763,2000,1,0,0,0,0,0,1,0,0,0
11763,2001,1,0,0,0,0,0,1,0,0,0
11763,2002,1,1,1,0,0,1,0,0,0,0
11768,2003,7,6,1,0,0,0,0,0,0,1
11801,1998,3,3,1,0,0,0,0,0,0,0
11801,1999,5,4,1,0,0,1,1,0,1,0
11801,2000,4,4,1,0,1,0,0,0,0,0
11801,2001,4,4,0,0,0,0,0,0,1,0
11801,2002,12,12,3,1,0,1,0,0,0,0
11801,2003,13,12,3,1,0,0,1,0,1,0
11801,2007,7,5,0,0,0,0,2,0,3,0
11801,2008,10,10,1,1,0,0,0,0,2,0
11830,1996,1,1,0,0,0,0,0,0,0,0
11831,2009,1,1,0,0,0,0,0,0,0,0
11837,1995,4,4,0,0,0,0,0,0,3,0
11837,1996,2,1,0,0,0,0,1,0,0,0
11837,1997,2,2,0,0,0,0,0,0,0,0
11837,1998,4,3,1,0,0,0,1,0,0,0
11837,1999,3,3,0,0,0,0,0,0,0,0
11837,2000,2,1,0,0,0,0,1,0,0,0
11837,2001,1,1,0,0,0,0,0,0,1,0
11837,2002,1,1,1,0,0,1,0,0,0,0
11837,2003,3,3,0,0,0,0,0,0,1,0
11838,1994,3,3,0,0,0,0,0,0,2,0
11863,2007,2,2,1,1,0,0,0,0,0,0
11863,2009,2,2,1,0,0,1,0,0,0,0
11866,2004,2,2,1,0,0,0,0,0,0,0
11873,2003,2,2,0,0,0,0,0,0,0,0
11873,2007,1,1,1,0,0,0,0,0,0,0
11875,1999,4,3,1,1,0,0,1,0,0,0
11875,2000,3,3,1,0,0,0,0,0,0,0
11875,2003,3,1,0,0,0,0,2,0,0,0
11875,2004,6,5,4,2,0,0,1,0,0,0
11875,2005,1,0,0,0,0,0,1,0,0,0
11884,1989,12,11,2,1,0,0,1,0,1,0
11895,2002,3,2,0,0,0,0,1,0,0,0
11895,2003,1,1,0,0,0,0,0,0,0,0
11895,2005,1,1,0,0,0,0,0,0,1,0
11895,2007,1,1,0,0,0,0,0,0,0,0
11899,2001,2,2,2,0,0,0,0,0,0,0
11899,2005,2,1,0,0,0,0,1,0,0,0
11904,2007,3,2,2,0,0,1,1,0,0,0
11905,2009,3,3,1,0,0,0,0,0,1,0
11922,2009,1,1,1,0,0,0,0,0,0,0
11925,1996,1,1,0,0,0,0,0,0,0,0
11925,1997,2,2,1,0,0,1,0,0,0,0
11927,2004,6,6,1,0,0,1,0,0,1,0
11927,2005,9,9,2,0,0,0,0,0,1,0
11929,1996,2,2,1,0,0,0,0,0,0,0
11929,1997,1,1,1,0,0,0,0,0,0,0
11929,1999,1,1,0,0,0,0,0,0,0,0
11929,2002,1,0,0,0,0,0,1,0,0,0
11929,2003,1,1,0,0,0,0,0,0,0,0
11936,1995,2,1,1,0,0,0,1,0,0,0
11936,1996,3,3,0,0,0,0,0,0,0,0
11936,1997,3,1,0,0,0,0,2,0,0,0
11936,1998,3,2,1,0,0,0,1,0,0,0
11943,1997,1,1,0,0,0,0,0,0,0,0
11943,1999,1,0,0,0,0,0,1,0,0,0
11949,1993,4,3,0,0,0,0,1,0,1,0
11949,1997,4,3,2,0,0,0,1,0,0,0
11949,2002,2,2,1,1,0,0,0,0,1,0
11949,2004,9,8,1,0,0,0,0,1,1,0
11949,2005,16,13,4,0,0,2,3,0,1,0
11949,2006,4,2,0,0,0,0,2,0,0,0
11949,2007,4,3,1,0,0,0,1,0,0,0
11949,2008,6,4,0,0,0,0,1,1,2,0
11949,2009,3,2,1,0,0,0,1,0,1,0
11960,1992,11,11,2,0,0,2,0,0,1,0
11960,1993,8,8,4,0,0,3,0,0,0,0
11965,2007,1,1,0,0,0,0,0,0,1,0
11965,2008,1,1,0,0,0,0,0,0,0,0
11970,2000,1,0,0,0,0,0,1,0,0,0
11973,1995,2,0,0,0,0,0,2,0,0,0
11976,2000,2,1,1,0,0,0,1,0,0,0
11976,2005,8,6,1,0,0,0,1,1,2,0
11987,1996,6,6,4,0,0,1,0,0,1,0
11987,1997,2,2,0,0,0,0,0,0,0,0
11987,1998,5,3,0,0,0,0,2,0,2,0
11987,1999,2,2,0,0,0,0,0,0,0,0
11987,2001,1,1,0,0,0,0,0,0,0,0
11988,1996,1,1,0,0,0,0,0,0,0,0
11992,1999,1,1,1,0,0,0,0,0,0,0
12015,1988,2,1,0,0,0,0,1,0,0,0
12020,2009,1,1,0,0,0,0,0,0,0,0
12023,2007,3,2,0,0,0,0,1,0,0,0
12023,2009,3,2,2,0,0,0,1,0,0,0
12031,1990,1,1,0,0,0,0,0,0,1,0
12033,1989,2,2,1,0,0,0,0,0,0,0
12033,1990,2,2,1,0,0,0,0,0,1,0
12053,1997,1,1,0,0,0,0,0,0,0,0
12053,2001,1,0,0,0,0,0,1,0,0,0
12053,2005,4,4,1,0,0,0,0,0,1,0
12057,1998,3,1,0,0,0,0,2,0,0,0
12057,2000,3,2,0,0,0,0,1,0,0,0
12057,2001,6,6,3,0,0,1,0,0,1,0
12057,2005,8,8,4,1,0,0,0,0,2,0
12057,2007,3,2,1,0,0,1,1,0,0,0
12057,2008,2,2,1,0,0,0,0,0,0,0
12065,2007,1,1,0,0,0,0,0,0,1,0
12065,2008,1,0,0,0,0,0,1,0,0,0
12067,2008,3,3,2,1,0,0,0,0,0,0
12080,1993,2,1,0,0,0,0,1,0,0,0
12080,1994,7,6,0,0,0,0,1,0,0,0
12080,1996,4,1,1,0,0,0,3,0,0,0
12087,1989,3,1,1,1,0,0,2,0,0,0
12088,2002,3,2,1,0,0,0,1,0,0,0
12089,1998,3,3,0,0,0,0,0,0,1,0
12089,1999,4,3,2,0,0,0,0,0,0,1
12089,2001,3,2,0,0,0,0,1,0,0,0
12089,2002,4,4,1,0,0,0,0,0,1,0
12089,2003,7,6,1,1,0,0,1,0,1,0
12094,2002,4,3,0,0,0,0,1,0,1,0
12094,2004,3,3,1,0,0,0,0,0,0,0
12094,2007,9,8,2,1,0,0,0,0,0,1
12095,2007,5,4,1,0,0,0,1,0,0,0
12095,2008,3,3,0,0,0,0,0,0,1,0
12099,2004,3,3,2,0,0,0,0,0,0,0
12102,2004,2,2,0,0,0,0,0,0,0,0
12107,2000,3,3,1,0,0,0,0,0,1,0
12107,2001,3,2,1,1,0,0,1,0,0,0
12107,2004,2,2,1,1,0,0,0,0,1,0
12133,1988,3,3,0,0,0,0,0,0,0,0
12133,1989,7,5,1,0,0,0,2,0,2,0
12133,1990,6,6,4,2,0,1,0,0,0,0
12133,1991,4,4,0,0,0,0,0,0,1,0
12135,1998,1,1,1,1,0,0,0,0,0,0
12141,1998,3,3,0,0,0,0,0,0,0,0
12141,2002,1,0,0,0,0,0,1,0,0,0
12143,1989,2,2,0,0,0,0,0,0,0,0
12143,1990,3,3,1,0,0,0,0,0,0,0
12143,1991,4,3,1,0,0,0,0,0,0,1
12143,2004,3,3,0,0,0,0,0,0,0,0
12143,2005,13,12,6,2,0,1,0,1,1,0
12146,2003,7,6,4,0,0,1,1,0,0,0
12146,2005,3,2,1,0,0,0,1,0,0,0
12146,2008,1,1,1,0,0,0,0,0,0,0
12149,2007,3,3,1,0,0,1,0,0,0,0
12149,2008,2,2,0,0,0,0,0,0,1,0
12149,2009,1,1,0,0,0,0,0,0,0,0
12156,1995,1,0,0,0,0,0,1,0,0,0
12156,1996,3,2,0,0,0,0,1,0,0,0
12156,1997,2,2,0,0,0,0,0,0,1,0
12156,1998,1,1,1,1,0,0,0,0,0,0
12156,1999,2,1,0,0,0,0,1,0,0,0
12156,2000,3,1,0,0,0,0,2,0,0,0
12156,2001,4,4,1,0,0,0,0,0,1,0
12156,2003,5,5,0,0,0,0,0,0,0,0
12171,1990,3,3,0,0,0,0,0,0,0,0
12171,1993,3,3,1,0,0,0,0,0,0,0
12171,1994,4,2,0,0,0,0,2,0,1,0
12172,2004,6,5,1,1,0,0,1,0,0,0
12172,2005,3,2,0,0,0,0,1,0,0,0
12172,2007,6,6,3,0,0,0,0,0,1,0
12177,2009,6,5,0,0,0,0,1,0,0,0
12179,1992,4,3,1,0,0,0,0,1,0,0
12179,1993,4,4,0,0,0,0,0,0,1,0
12179,1994,1,1,0,0,0,0,0,0,0,0
12179,1998,1,1,1,0,0,0,0,0,0,0
12179,1999,1,0,0,0,0,0,1,0,0,0
12179,2000,1,0,0,0,0,0,1,0,0,0
12182,2003,5,3,1,0,0,0,2,0,0,0
12182,2004,2,2,1,0,0,0,0,0,1,0
12182,2008,2,2,0,0,0,0,0,0,0,0
12182,2009,2,2,0,0,0,0,0,0,1,0
12197,2008,1,1,0,0,0,0,0,0,0,0
12216,1994,1,1,0,0,0,0,0,0,0,0
12216,1999,1,1,0,0,0,0,0,0,0,0
12216,2000,1,1,0,0,0,0,0,0,0,0
12225,1998,1,1,1,0,0,0,0,0,0,0
12225,2000,2,2,0,0,0,0,0,0,0,0
12225,2001,1,1,1,0,0,1,0,0,0,0
12225,2005,1,1,1,1,0,0,0,0,0,0
12232,1995,1,1,0,0,0,0,0,0,0,0
12232,2000,1,1,1,0,0,0,0,0,0,0
12232,2001,3,3,2,1,0,1,0,0,0,0
12232,2004,1,0,0,0,0,0,0,0,0,1
12232,2005,1,1,0,0,0,0,0,0,0,0
12235,2007,1,1,0,0,0,0,0,0,0,0
12241,1992,7,6,2,1,0,0,1,0,0,0
12241,1994,3,3,3,1,0,2,0,0,0,0
12242,1998,2,2,0,0,0,0,0,0,1,0
12242,1999,1,1,0,0,0,0,0,0,1,0
12242,2004,2,2,1,0,0,1,0,0,1,0
12242,2005,2,1,0,0,0,0,1,0,0,0
12275,1988,1,1,0,0,0,0,0,0,0,0
12280,1996,4,1,0,0,0,0,3,0,0,0
12280,1997,2,1,0,0,0,0,0,1,0,0
12280,1999,2,2,2,1,0,0,0,0,0,0
12280,2001,1,1,0,0,0,0,0,0,0,0
12288,1992,6,6,4,1,0,2,0,0,0,0
12288,1993,1,1,0,0,0,0,0,0,0,0
12288,1997,1,0,0,0,0,0,1,0,0,0
12288,2000,1,1,0,0,0,0,0,0,0,0
12303,2003,6,6,3,0,0,0,0,0,0,0
12312,1989,3,3,1,1,0,0,0,0,0,0
12313,1989,3,3,0,0,0,0,0,0,0,0
12313,1990,2,1,0,0,0,0,1,0,0,0
12313,1991,2,2,1,0,0,0,0,0,0,0
12321,2003,3,3,1,0,0,1,0,0,0,0
12332,1992,2,2,1,1,0,0,0,0,0,0
12332,1993,2,2,2,0,0,0,0,0,0,0
12332,1994,1,1,0,0,0,0,0,0,1,0
12334,1989,4,4,1,0,0,0,0,0,0,0
12334,1990,4,3,1,0,0,0,0,0,1,1
12334,1991,4,4,1,1,0,0,0,0,0,0
12335,1992,3,3,0,0,0,0,0,0,1,0
12335,1993,2,1,0,0,0,0,1,0,0,0
12335,1996,10,7,3,2,0,0,3,0,1,0
12335,1998,2,1,0,0,0,0,1,0,0,0
12335,1999,1,1,0,0,0,0,0,0,1,0
12335,2000,2,2,1,0,0,0,0,0,0,0
12335,2003,1,1,0,0,0,0,0,0,0,0
12351,1999,1,1,0,0,0,0,0,0,0,0
12351,2000,2,2,0,0,0,0,0,0,2,0
12351,2002,1,1,0,0,0,0,0,0,1,0
12351,2003,1,1,0,0,0,0,0,0,1,0
12351,2004,2,1,0,0,0,0,1,0,1,0
12351,2007,1,1,0,0,0,0,0,0,1,0
12353,2005,3,1,0,0,0,0,1,1,0,0
12358,1997,4,1,0,0,0,0,3,0,0,0
12358,1999,11,8,3,1,0,2,2,1,0,0
12358,2000,4,4,2,0,0,1,0,0,1,0
12358,2001,10,7,2,0,0,1,3,0,0,0
12358,2003,8,7,3,0,0,1,0,0,0,1
12362,2009,3,1,1,0,0,0,1,0,0,1
12369,2005,2,2,0,0,0,0,0,0,0,0
12369,2006,1,1,0,0,0,0,0,0,0,0
12369,2007,1,0,0,0,0,0,1,0,0,0
12377,1995,1,1,0,0,0,0,0,0,0,0
12391,1996,8,6,3,0,0,1,2,0,1,0
12394,1992,2,2,1,1,0,0,0,0,0,0
12394,1993,2,1,0,0,0,0,1,0,0,0
12397,1992,5,5,2,0,0,2,0,0,0,0
12397,1993,6,6,0,0,0,0,0,0,0,0
12397,1995,2,1,0,0,0,0,1,0,0,0
12408,1998,2,2,0,0,0,0,0,0,0,0
12426,1998,1,1,0,0,0,0,0,0,0,0
12433,2005,1,1,0,0,0,0,0,0,1,0
12433,2007,1,1,0,0,0,0,0,0,0,0
12437,2001,4,4,1,0,0,0,0,0,1,0
12437,2002,1,1,0,0,0,0,0,0,0,0
12437,2003,1,1,0,0,0,0,0,0,0,0
12437,2005,1,1,0,0,0,0,0,0,0,0
12442,1989,8,7,1,0,0,0,1,0,0,0
12442,1990,3,3,0,0,0,0,0,0,0,0
12442,1991,2,1,0,0,0,0,1,0,0,0
12442,1998,2,1,0,0,0,0,1,0,0,0
12442,2001,3,3,0,0,0,0,0,0,0,0
12445,1988,3,3,2,0,0,0,0,0,0,0
12445,1989,4,4,1,0,0,0,0,0,1,0
12445,1990,3,2,2,0,0,0,1,0,0,0
12450,1992,3,3,1,1,0,0,0,0,0,0
12450,1993,1,1,0,0,0,0,0,0,0,0
12450,1994,6,5,0,0,0,0,1,0,2,0
12450,1995,4,4,0,0,0,0,0,0,2,0
12450,1996,1,1,0,0,0,0,0,0,0,0
12450,1997,2,2,0,0,0,0,0,0,0,0
12450,2001,1,1,1,0,0,0,0,0,0,0
12460,1999,4,4,1,0,0,0,0,0,0,0
12460,2000,11,8,2,0,0,0,3,0,0,0
12460,2002,7,6,3,0,0,1,1,0,0,0
12460,2003,11,9,2,1,0,0,2,0,1,0
12460,2009,6,5,2,1,0,0,1,0,0,0
12474,1995,1,0,0,0,0,0,1,0,0,0
12474,1996,2,2,1,0,0,0,0,0,0,0
12486,2007,1,0,0,0,0,0,1,0,0,0
12492,2001,3,3,0,0,0,0,0,0,1,0
12494,2005,4,4,1,1,0,0,0,0,0,0
12494,2006,2,2,1,0,0,0,0,0,0,0
12497,1998,1,1,0,0,0,0,0,0,1,0
12497,1999,4,4,2,0,0,0,0,0,1,0
12512,1996,2,1,1,1,0,0,1,0,0,0
12512,1997,1,1,0,0,0,0,0,0,1,0
12513,1993,3,3,1,0,0,1,0,0,0,0
12513,1997,4,2,0,0,0,0,2,0,0,0
12513,2000,1,0,0,0,0,0,1,0,0,0
12513,2001,4,3,1,0,0,0,1,0,2,0
12513,2002,1,1,1,1,0,0,0,0,0,0
12513,2003,2,1,0,0,0,0,1,0,1,0
12522,2002,4,3,0,0,0,0,1,0,2,0
12522,2004,3,2,2,1,0,0,1,0,0,0
12526,1996,3,3,1,0,0,1,0,0,0,0
12526,1997,10,9,5,1,0,1,0,1,2,0
12526,1998,6,3,0,0,0,0,3,0,0,0
12526,2001,9,8,6,0,0,4,1,0,1,0
12526,2007,3,1,0,0,0,0,1,1,1,0
12526,2008,3,3,2,0,0,0,0,0,1,0
12527,2003,2,2,0,0,0,0,0,0,1,0
12527,2007,2,2,0,0,0,0,0,0,1,0
12540,2005,2,2,1,0,0,0,0,0,1,0
12541,2002,1,1,1,0,0,0,0,0,0,0
12550,2005,3,2,0,0,0,0,1,0,0,0
12557,2003,1,0,0,0,0,0,1,0,0,0
12557,2004,2,2,2,0,0,1,0,0,0,0
12557,2005,1,1,0,0,0,0,0,0,0,0
12557,2006,2,2,0,0,0,0,0,0,1,0
12584,1998,6,6,0,0,0,0,0,0,2,0
12584,1999,5,4,0,0,0,0,1,0,1,0
12584,2000,6,4,1,0,0,1,2,0,0,0
12584,2001,2,2,0,0,0,0,0,0,1,0
12584,2002,1,1,1,0,0,0,0,0,0,0
12591,1992,3,3,1,0,0,0,0,0,1,0
12591,1993,1,1,0,0,0,0,0,0,0,0
12595,1988,3,3,1,0,0,0,0,0,0,0
12595,1990,7,7,1,0,0,0,0,0,0,0
12597,2005,5,4,1,0,0,0,1,0,0,0
12622,1992,1,1,0,0,0,0,0,0,0,0
12633,2002,6,4,2,0,0,0,2,0,0,0
12633,2003,3,2,0,0,0,0,1,0,0,0
12633,2005,4,2,1,1,0,0,2,0,1,0
12635,2003,4,3,0,0,0,0,1,0,1,0
12635,2004,16,13,4,1,0,2,2,1,4,0
12635,2005,3,3,0,0,0,0,0,0,0,0
12635,2007,1,1,0,0,0,0,0,0,0,0
12653,2000,1,1,0,0,0,0,0,0,0,0
12653,2002,1,0,0,0,0,0,1,0,0,0
12656,2008,1,1,0,0,0,0,0,0,0,0
12661,1999,2,1,0,0,0,0,1,0,0,0
12663,2009,3,2,1,1,0,0,1,0,0,0
12671,2001,3,3,1,0,0,0,0,0,0,0
12671,2003,3,2,1,0,0,1,1,0,0,0
12671,2004,10,9,4,0,0,1,1,0,3,0
12671,2005,6,5,2,0,0,0,1,0,2,0
12671,2006,2,1,0,0,0,0,1,0,1,0
12671,2009,2,2,0,0,0,0,0,0,1,0
