0,2008,1,1,0,0,0,0,0,0,0,0
0,2010,1,1,0,0,0,0,0,0,0,0
9,1993,3,2,0,0,0,0,1,0,0,0
9,1995,3,3,1,0,0,1,0,0,1,0
9,1996,2,2,1,1,0,0,0,0,1,0
9,1999,2,2,0,0,0,0,0,0,0,0
13,1999,3,2,0,0,0,0,1,0,2,0
13,2000,6,4,0,0,0,0,2,0,1,0
13,2001,3,2,1,0,0,1,1,0,1,0
28,2009,1,1,1,0,0,0,0,0,0,0
30,2007,1,0,0,0,0,0,1,0,0,0
31,2008,3,3,0,0,0,0,0,0,1,0
31,2009,2,2,0,0,0,0,0,0,0,0
31,2011,1,1,0,0,0,0,0,0,0,0
31,2012,3,3,2,1,0,0,0,0,1,0
33,2000,2,1,0,0,0,0,1,0,0,0
33,2002,5,5,1,0,0,1,0,0,1,0
34,2004,7,6,2,0,0,1,1,0,1,0
36,1991,1,1,1,1,0,0,0,0,0,0
41,2012,1,1,0,0,0,0,0,0,1,0
43,1994,1,1,0,0,0,0,0,0,0,0
43,1995,1,1,0,0,0,0,0,0,1,0
43,1996,1,1,1,0,0,0,0,0,0,0
56,1997,1,0,0,0,0,0,1,0,0,0
60,2009,1,1,0,0,0,0,0,0,1,0
68,1997,1,1,0,0,0,0,0,0,1,0
68,1998,1,1,1,0,0,0,0,0,0,0
68,1999,1,1,0,0,0,0,0,0,1,0
68,2002,3,2,0,0,0,0,1,0,0,0
70,1996,6,4,2,0,0,1,2,0,1,0
70,1997,5,3,0,0,0,0,2,0,1,0
78,2008,3,2,0,0,0,0,1,0,0,0
86,2002,6,5,2,0,0,1,1,0,2,0
86,2006,6,3,0,0,0,0,3,0,0,0
86,2009,1,1,0,0,0,0,0,0,1,0
98,1993,1,1,0,0,0,0,0,0,0,0
98,1994,1,1,1,0,0,1,0,0,0,0
98,1995,1,1,0,0,0,0,0,0,0,0
98,1996,6,6,2,0,1,1,0,0,3,0
98,1997,1,1,0,0,0,0,0,0,0,0
98,1998,3,3,0,0,0,0,0,0,1,0
98,1999,2,1,0,0,0,0,1,0,0,0
104,2003,3,2,1,1,0,0,1,0,0,0
115,1995,2,1,0,0,0,0,1,0,0,0
116,2008,1,0,0,0,0,0,1,0,0,0
116,2011,1,1,0,0,0,0,0,0,1,0
118,2011,2,1,0,0,0,0,1,0,1,0
134,1996,5,4,1,0,0,1,1,0,2,0
148,2004,2,2,0,0,0,0,0,0,1,0
185,2002,1,1,0,0,0,0,0,0,1,0
185,2003,4,4,1,0,0,0,0,0,1,0
185,2004,2,2,1,0,0,1,0,0,1,0
192,2003,1,1,1,1,0,0,0,0,0,0
225,2012,3,1,0,0,0,0,2,0,0,0
227,1999,1,1,0,0,0,0,0,0,1,0
227,2000,2,2,0,0,0,0,0,0,0,0
239,1993,2,1,0,0,0,0,1,0,0,0
239,1994,7,6,1,1,0,0,1,0,1,0
239,1995,7,6,2,0,1,0,1,0,1,0
239,1996,7,6,3,1,0,0,1,0,2,0
239,1998,3,2,0,0,0,0,0,1,1,0
239,1999,9,8,1,1,0,0,1,0,1,0
239,2002,3,2,1,1,0,0,1,0,0,0
239,2004,5,3,1,0,0,1,2,0,1,0
253,2010,1,0,0,0,0,0,1,0,0,0
261,1995,3,3,1,0,0,0,0,0,0,0
261,2002,3,3,1,0,0,1,0,0,0,0
261,2004,2,1,1,1,0,0,0,0,0,1
263,2010,3,3,0,0,0,0,0,0,0,0
263,2011,3,3,0,0,0,0,0,0,2,0
280,2001,3,3,0,0,0,0,0,0,2,0
281,2003,2,1,0,0,0,0,0,1,1,0
290,1999,2,0,0,0,0,0,1,0,0,1
290,2000,2,1,0,0,0,0,1,0,0,0
290,2001,1,1,0,0,0,0,0,0,1,0
313,2006,1,0,0,0,0,0,1,0,0,0
315,1995,3,3,2,0,0,0,0,0,0,0
333,1993,4,3,1,0,0,0,1,0,1,0
333,1994,2,2,1,0,0,0,0,0,0,0
333,1995,12,10,4,1,0,1,2,0,5,0
333,1996,6,3,0,0,0,0,3,0,3,0
333,1997,7,4,1,0,0,0,3,0,3,0
333,1998,3,3,1,1,0,0,0,0,1,0
333,1999,3,2,1,0,0,1,1,0,0,0
333,2000,6,6,1,1,0,0,0,0,1,0
333,2002,9,5,1,0,0,0,2,0,2,2
333,2003,3,2,0,0,0,0,1,0,0,0
335,2008,1,0,0,0,0,0,1,0,0,0
364,2002,3,2,0,0,0,0,1,0,1,0
364,2004,3,2,0,0,0,0,1,0,1,0
380,2008,2,2,0,0,0,0,0,0,1,0
382,2010,3,1,1,0,0,0,2,0,0,0
382,2011,3,2,0,0,0,0,1,0,1,0
382,2012,3,3,3,2,0,0,0,0,0,0
384,2004,3,2,1,0,0,1,1,0,0,0
388,1998,4,4,1,1,0,0,0,0,2,0
388,1999,7,5,0,0,0,0,1,1,3,0
388,2000,1,0,0,0,0,0,1,0,0,0
388,2002,2,2,0,0,0,0,0,0,0,0
393,2008,1,1,1,0,0,1,0,0,0,0
393,2009,1,1,0,0,0,0,0,0,0,0
410,1993,2,1,0,0,0,0,1,0,0,0
410,1994,1,1,0,0,0,0,0,0,1,0
412,2003,6,6,3,1,0,1,0,0,1,0
412,2005,2,2,1,0,0,1,0,0,0,0
416,2001,1,1,1,0,0,0,0,0,0,0
428,1991,1,1,1,0,1,0,0,0,0,0
438,2001,1,1,1,1,0,0,0,0,0,0
446,1998,1,1,1,0,0,0,0,0,0,0
446,1999,2,1,0,0,0,0,1,0,0,0
455,2011,3,2,1,0,0,0,1,0,0,0
456,2010,2,1,0,0,0,0,1,0,0,0
456,2011,1,1,0,0,0,0,0,0,1,0
458,1994,1,1,1,0,0,0,0,0,0,0
458,1995,1,1,0,0,0,0,0,0,0,0
458,1997,2,2,1,0,0,0,0,0,0,0
458,1998,3,2,0,0,0,0,1,0,1,0
459,2003,1,0,0,0,0,0,0,1,0,0
459,2004,2,2,0,0,0,0,0,0,1,0
459,2009,1,0,0,0,0,0,1,0,0,0
459,2012,1,1,0,0,0,0,0,0,1,0
461,1998,3,3,1,0,0,1,0,0,1,0
461,2000,1,0,0,0,0,0,1,0,0,0
472,2002,1,1,0,0,0,0,0,0,1,0
479,2012,1,0,0,0,0,0,1,0,0,0
485,2009,3,3,2,0,0,1,0,0,0,0
494,2009,1,1,0,0,0,0,0,0,0,0
494,2010,1,1,0,0,0,0,0,0,0,0
494,2011,2,2,1,0,0,0,0,0,1,0
494,2012,1,1,1,1,0,0,0,0,0,0
498,2001,2,2,0,0,0,0,0,0,1,0
498,2002,2,2,1,1,0,0,0,0,0,0
506,1997,2,1,0,0,0,0,1,0,1,0
506,1998,2,1,0,0,0,0,0,0,1,1
528,2006,3,3,0,0,0,0,0,0,2,0
528,2007,6,5,1,0,0,0,0,1,3,0
528,2008,9,9,2,0,0,1,0,0,4,0
528,2009,6,5,2,0,0,1,1,0,2,0
541,1996,6,5,1,0,0,0,1,0,1,0
541,1997,9,9,0,0,0,0,0,0,2,0
541,1998,2,2,1,1,0,0,0,0,1,0
541,1999,7,4,0,0,0,0,1,1,2,1
541,2000,4,4,2,0,0,1,0,0,2,0
547,1999,1,0,0,0,0,0,1,0,0,0
547,2007,2,2,0,0,0,0,0,0,1,0
547,2009,2,2,1,0,0,0,0,0,0,0
550,2008,2,2,1,1,0,0,0,0,0,0
550,2009,1,1,0,0,0,0,0,0,1,0
550,2010,1,1,1,1,0,0,0,0,0,0
550,2011,2,2,0,0,0,0,0,0,1,0
550,2012,1,0,0,0,0,0,1,0,0,0
569,1994,1,1,0,0,0,0,0,0,0,0
571,1993,3,2,1,0,0,0,1,0,1,0
571,2002,2,2,0,0,0,0,0,0,1,0
574,2007,10,8,4,2,0,2,1,1,3,0
574,2008,11,10,3,0,0,1,1,0,3,0
574,2009,6,6,1,0,0,0,0,0,2,0
574,2010,5,2,1,1,0,0,3,0,0,0
575,1992,1,1,0,0,0,0,0,0,1,0
580,1998,1,1,1,0,0,0,0,0,0,0
592,2009,1,1,0,0,0,0,0,0,1,0
592,2010,2,2,0,0,0,0,0,0,0,0
592,2011,1,1,0,0,0,0,0,0,0,0
680,2012,3,2,0,0,0,0,1,0,2,0
681,2008,2,2,0,0,0,0,0,0,0,0
681,2009,1,1,1,0,0,0,0,0,0,0
698,1997,3,1,1,0,0,0,1,0,0,1
698,2000,4,4,1,0,0,1,0,0,2,0
698,2002,2,1,1,0,0,0,1,0,0,0
698,2003,4,4,0,0,0,0,0,0,1,0
698,2007,6,6,0,0,0,0,0,0,2,0
698,2008,4,2,1,0,0,0,2,0,0,0
710,2002,1,1,1,0,0,0,0,0,0,0
710,2006,2,1,0,0,0,0,1,0,0,0
719,2006,3,2,0,0,0,0,1,0,0,0
719,2008,1,1,0,0,0,0,0,0,0,0
719,2009,1,1,0,0,0,0,0,0,1,0
752,2012,1,1,1,0,0,0,0,0,0,0
757,2012,2,2,0,0,0,0,0,0,0,0
762,2003,11,9,1,1,0,0,2,0,7,0
762,2004,10,10,2,0,0,1,0,0,3,0
762,2005,3,3,0,0,0,0,0,0,1,0
762,2006,3,3,2,1,0,1,0,0,0,0
762,2007,3,2,1,0,0,1,1,0,1,0
762,2008,3,3,0,0,0,0,0,0,1,0
764,2000,1,0,0,0,0,0,1,0,0,0
764,2001,2,0,0,0,0,0,2,0,0,0
764,2004,1,1,1,0,0,1,0,0,0,0
771,2004,3,3,0,0,0,0,0,0,2,0
771,2005,3,3,1,0,0,0,0,0,0,0
771,2006,7,6,2,0,0,0,1,0,3,0
771,2007,6,4,1,0,0,1,2,0,1,0
771,2011,5,3,1,0,0,0,2,0,0,0
786,2003,2,2,0,0,0,0,0,0,1,0
787,2000,5,5,1,0,0,1,0,0,2,0
790,1993,1,1,0,0,0,0,0,0,1,0
790,1994,10,6,2,0,0,0,4,0,0,0
790,1995,8,5,2,0,0,0,3,0,2,0
790,1996,11,9,3,0,0,0,2,0,1,0
790,1997,12,7,1,0,0,0,5,0,2,0
790,1998,7,6,1,0,0,0,1,0,2,0
790,1999,3,2,0,0,0,0,1,0,1,0
796,1994,2,1,0,0,0,0,1,0,1,0
796,1995,3,3,1,1,0,0,0,0,0,0
796,1996,2,0,0,0,0,0,2,0,0,0
796,1997,1,1,0,0,0,0,0,0,0,0
812,2004,1,1,0,0,0,0,0,0,1,0
812,2005,1,1,0,0,0,0,0,0,1,0
812,2009,1,1,0,0,0,0,0,0,0,0
825,2001,5,2,1,1,0,0,3,0,0,0
825,2002,6,5,1,1,0,0,1,0,2,0
825,2007,2,2,1,0,0,0,0,0,1,0
828,2010,2,0,0,0,0,0,2,0,0,0
831,2011,1,1,1,0,0,0,0,0,0,0
831,2012,1,1,0,0,0,0,0,0,0,0
837,2008,1,1,0,0,0,0,0,0,0,0
845,1997,4,4,1,1,0,0,0,0,2,0
845,2001,3,0,0,0,0,0,3,0,0,0
848,1994,1,1,0,0,0,0,0,0,1,0
848,1995,1,0,0,0,0,0,1,0,0,0
848,1997,1,0,0,0,0,0,1,0,0,0
848,1998,1,0,0,0,0,0,1,0,0,0
848,2003,3,2,1,0,0,0,1,0,1,0
848,2004,2,1,0,0,0,0,1,0,1,0
861,2005,1,1,0,0,0,0,0,0,1,0
861,2006,3,2,0,0,0,0,1,0,0,0
861,2007,1,1,1,0,0,1,0,0,0,0
861,2011,1,1,0,0,0,0,0,0,1,0
861,2012,1,1,0,0,0,0,0,0,1,0
863,1999,2,2,0,0,0,0,0,0,2,0
863,2000,2,2,1,0,0,0,0,0,0,0
863,2003,3,3,0,0,0,0,0,0,0,0
863,2004,3,2,1,1,0,0,1,0,0,0
863,2005,3,3,1,0,0,0,0,0,0,0
866,2004,4,4,0,0,0,0,0,0,2,0
872,1993,3,3,0,0,0,0,0,0,0,0
872,1994,4,3,2,0,0,1,1,0,0,0
872,1995,11,8,2,0,0,1,2,0,2,1
872,1997,1,1,0,0,0,0,0,0,1,0
872,1998,6,4,2,1,0,0,1,0,0,1
872,2000,1,0,0,0,0,0,1,0,0,0
875,2009,6,5,2,1,0,0,1,0,1,0
875,2010,3,2,0,0,0,0,1,0,0,0
884,1994,3,2,0,0,0,0,1,0,1,0
884,1995,5,3,3,1,0,1,2,0,0,0
884,2000,3,3,2,1,0,1,0,0,0,0
887,2009,6,6,1,0,0,1,0,0,2,0
890,2002,2,1,0,0,0,0,1,0,0,0
890,2003,1,1,0,0,0,0,0,0,1,0
890,2005,2,1,0,0,0,0,1,0,0,0
890,2006,3,3,0,0,0,0,0,0,1,0
920,2006,5,5,0,0,0,0,0,0,1,0
920,2007,3,3,0,0,0,0,0,0,0,0
920,2008,3,3,1,0,0,0,0,0,0,0
920,2012,2,2,0,0,0,0,0,0,1,0
933,1996,3,2,1,0,0,1,1,0,1,0
933,1998,2,2,1,0,0,0,0,0,0,0
945,2001,11,10,3,0,0,1,1,0,3,0
945,2002,3,1,0,0,0,0,2,0,1,0
945,2003,1,1,0,0,0,0,0,0,0,0
945,2004,3,2,1,0,0,0,1,0,0,0
962,2009,3,2,0,0,0,0,1,0,0,0
962,2011,2,1,0,0,0,0,1,0,1,0
970,2006,3,2,0,0,0,0,1,0,1,0
970,2007,4,4,2,1,0,0,0,0,0,0
970,2008,1,1,0,0,0,0,0,0,0,0
985,2008,17,14,5,2,0,1,3,0,4,0
985,2009,11,10,2,0,0,1,1,0,4,0
985,2012,3,2,0,0,0,0,1,0,1,0
998,1997,7,6,2,0,0,0,1,0,2,0
998,1999,8,8,1,0,0,0,0,0,6,0
998,2000,10,8,1,0,0,1,2,0,1,0
998,2001,1,1,0,0,0,0,0,0,0,0
1009,2005,3,1,0,0,0,0,2,0,0,0
1009,2006,3,1,0,0,0,0,2,0,1,0
1009,2007,3,2,0,0,0,0,1,0,1,0
1009,2008,3,3,2,1,0,0,0,0,1,0
1009,2010,1,0,0,0,0,0,1,0,0,0
1016,2003,3,3,1,0,0,0,0,0,1,0
1035,2008,4,3,0,0,0,0,1,0,2,0
1035,2010,3,3,2,1,0,1,0,0,0,0
1035,2011,2,2,1,0,0,1,0,0,1,0
1039,1995,3,2,0,0,0,0,1,0,1,0
1058,1998,1,1,0,0,0,0,0,0,1,0
1061,1992,2,2,1,0,0,0,0,0,1,0
1062,1996,6,5,3,1,0,0,1,0,1,0
1062,2001,1,0,0,0,0,0,1,0,0,0
1062,2003,1,1,1,1,0,0,0,0,0,0
1065,1994,1,1,1,0,0,0,0,0,0,0
1065,1995,4,4,1,0,0,0,0,0,1,0
1075,1992,3,3,0,0,0,0,0,0,2,0
1075,1993,3,2,1,0,0,0,1,0,0,0
1075,1994,4,4,2,0,0,0,0,0,2,0
1075,1995,4,3,0,0,0,0,1,0,0,0
1075,1996,1,1,0,0,0,0,0,0,1,0
1089,1995,4,3,1,1,0,0,1,0,0,0
1091,1993,1,0,0,0,0,0,1,0,0,0
1091,1994,3,3,0,0,0,0,0,0,1,0
1095,2004,3,3,0,0,0,0,0,0,1,0
1095,2006,9,9,1,0,0,1,0,0,4,0
1095,2007,9,7,3,1,0,1,2,0,2,0
1095,2009,3,2,2,0,0,1,1,0,0,0
1095,2010,6,5,2,0,1,1,1,0,1,0
1097,1992,3,2,1,0,0,0,1,0,0,0
1097,1993,3,2,2,0,0,1,1,0,0,0
1097,1994,3,2,0,0,0,0,1,0,0,0
1097,1995,6,5,0,0,0,0,1,0,1,0
1097,1996,4,2,2,0,0,0,2,0,0,0
1097,1997,4,3,2,1,0,0,1,0,0,0
1098,2003,4,4,2,0,0,1,0,0,0,0
1102,2009,5,4,1,0,0,1,1,0,2,0
1102,2010,1,1,0,0,0,0,0,0,0,0
1109,2006,5,5,2,1,0,0,0,0,2,0
1109,2007,10,9,3,0,0,1,1,0,3,0
1109,2008,7,7,3,1,0,0,0,0,2,0
1120,2008,1,1,0,0,0,0,0,0,1,0
1120,2009,1,1,0,0,0,0,0,0,1,0
1124,2000,4,3,0,0,0,0,1,0,2,0
1124,2001,2,2,1,0,0,0,0,0,0,0
1124,2003,1,1,1,0,0,1,0,0,0,0
1133,1999,7,4,3,0,0,1,3,0,1,0
1133,2001,2,2,0,0,0,0,0,0,0,0
1133,2006,1,0,0,0,0,0,1,0,0,0
1138,2003,1,1,0,0,0,0,0,0,1,0
1138,2007,3,3,1,0,0,0,0,0,1,0
1138,2008,1,1,1,0,0,0,0,0,0,0
1146,1991,2,2,0,0,0,0,0,0,1,0
1146,1994,6,6,1,0,0,0,0,0,1,0
1146,1995,8,7,3,1,0,0,1,0,1,0
1146,1996,3,3,1,0,0,0,0,0,0,0
1147,1996,13,12,3,1,0,2,1,0,3,0
1147,1997,2,2,0,0,0,0,0,0,0,0
1160,2005,1,1,0,0,0,0,0,0,0,0
1181,2008,2,2,0,0,0,0,0,0,0,0
1190,2002,3,2,0,0,0,0,1,0,1,0
1192,2002,1,1,1,1,0,0,0,0,0,0
1211,1996,1,1,0,0,0,0,0,0,1,0
1221,2000,1,1,1,0,0,0,0,0,0,0
1221,2001,1,1,0,0,0,0,0,0,1,0
1225,2008,3,3,1,0,0,0,0,0,0,0
1235,1998,1,0,0,0,0,0,1,0,0,0
1240,2010,1,1,0,0,0,0,0,0,1,0
1240,2011,1,1,0,0,0,0,0,0,1,0
1246,2001,2,1,0,0,0,0,1,0,1,0
1250,1995,2,2,2,0,0,0,0,0,0,0
1250,1996,1,1,1,1,0,0,0,0,0,0
1250,1997,1,1,0,0,0,0,0,0,0,0
1260,2007,2,2,0,0,0,0,0,0,1,0
1289,2006,1,1,1,0,0,0,0,0,0,0
1289,2008,1,1,1,0,0,1,0,0,0,0
1289,2010,1,1,0,0,0,0,0,0,1,0
1289,2011,1,1,0,0,0,0,0,0,1,0
1294,1994,1,1,0,0,0,0,0,0,1,0
1294,1995,2,2,1,0,0,0,0,0,1,0
1294,1996,1,0,0,0,0,0,1,0,0,0
1326,1996,1,1,0,0,0,0,0,0,1,0
1328,2007,1,1,0,0,0,0,0,0,0,0
1337,2011,6,4,0,0,0,0,2,0,1,0
1343,1997,1,1,0,0,0,0,0,0,0,0
1343,1998,1,1,0,0,0,0,0,0,0,0
1343,1999,3,1,0,0,0,0,2,0,1,0
1343,2000,3,3,0,0,0,0,0,0,2,0
1352,2003,1,0,0,0,0,0,1,0,0,0
1372,2006,1,1,0,0,0,0,0,0,0,0
1372,2007,1,1,0,0,0,0,0,0,1,0
1399,2001,4,4,0,0,0,0,0,0,1,0
1399,2003,4,3,1,0,0,1,1,0,1,0
1406,1992,6,6,0,0,0,0,0,0,2,0
1406,1993,4,4,1,0,0,0,0,0,3,0
1406,1994,8,7,3,1,0,1,1,0,1,0
1406,1995,12,11,3,2,0,1,1,0,1,0
1406,2003,6,6,2,0,0,0,0,0,2,0
1426,1994,2,2,1,0,0,1,0,0,0,0
1426,1996,1,0,0,0,0,0,1,0,0,0
1433,2009,1,1,0,0,0,0,0,0,1,0
1448,1993,1,0,0,0,0,0,0,0,0,1
1454,2005,1,1,0,0,0,0,0,0,1,0
1454,2007,1,0,0,0,0,0,1,0,0,0
1454,2009,1,1,0,0,0,0,0,0,1,0
1461,1998,1,1,0,0,0,0,0,0,0,0
1477,2008,2,2,1,0,0,1,0,0,1,0
1477,2009,3,2,0,0,0,0,1,0,1,0
1477,2010,3,3,0,0,0,0,0,0,2,0
1482,2006,3,1,1,0,0,0,1,0,0,1
1482,2008,1,0,0,0,0,0,0,1,0,0
1484,2007,3,1,0,0,0,0,2,0,0,0
1495,2000,1,1,0,0,0,0,0,0,0,0
1495,2001,8,7,2,1,0,1,1,0,4,0
1495,2002,6,6,0,0,0,0,0,0,3,0
1495,2004,7,6,2,0,0,1,1,0,3,0
1495,2010,3,2,1,0,0,0,1,0,0,0
1495,2011,3,3,0,0,0,0,0,0,3,0
1505,2002,1,0,0,0,0,0,1,0,0,0
1506,2008,1,1,0,0,0,0,0,0,0,0
1506,2009,2,2,0,0,0,0,0,0,0,0
1507,2008,2,2,0,0,0,0,0,0,0,0
1507,2009,1,1,0,0,0,0,0,0,1,0
1510,1998,1,0,0,0,0,0,1,0,0,0
1511,2004,1,0,0,0,0,0,1,0,0,0
1516,2003,1,1,0,0,0,0,0,0,0,0
1516,2004,2,2,0,0,0,0,0,0,1,0
1516,2005,1,1,1,0,0,0,0,0,0,0
1517,1995,1,1,1,0,0,0,0,0,0,0
1517,1999,1,0,0,0,0,0,1,0,0,0
1523,2004,2,1,1,0,0,1,1,0,0,0
1531,2006,2,1,1,0,0,1,1,0,0,0
1546,1996,6,4,2,1,0,0,1,0,1,1
1546,1997,4,4,0,0,0,0,0,0,2,0
1546,1998,6,5,0,0,0,0,1,0,3,0
1546,1999,6,5,0,0,0,0,1,0,2,0
1546,2002,3,2,1,0,0,1,1,0,0,0
1556,2002,3,2,0,0,0,0,1,0,0,0
1556,2003,3,2,1,0,1,0,1,0,1,0
1556,2004,7,7,2,1,0,0,0,0,4,0
1556,2005,7,7,2,1,0,0,0,0,4,0
1556,2006,6,4,2,1,0,0,2,0,0,0
1556,2007,3,3,0,0,0,0,0,0,1,0
1556,2008,3,2,0,0,0,0,0,0,0,1
1556,2009,3,3,0,0,0,0,0,0,1,0
1556,2011,3,2,1,1,0,0,1,0,0,0
1557,2012,1,1,1,0,0,0,0,0,0,0
1569,1992,2,2,1,0,0,0,0,0,0,0
1570,2007,1,1,1,0,0,0,0,0,0,0
1570,2008,3,3,1,0,0,0,0,0,1,0
1580,1995,4,4,2,0,0,1,0,0,0,0
1580,1996,1,1,0,0,0,0,0,0,1,0
1583,2012,1,0,0,0,0,0,1,0,0,0
1606,1992,1,0,0,0,0,0,0,1,0,0
1606,1994,1,1,0,0,0,0,0,0,0,0
1606,1995,1,1,1,0,0,0,0,0,0,0
1631,2003,1,1,0,0,0,0,0,0,0,0
1634,2001,6,4,0,0,0,0,2,0,3,0
1634,2002,7,5,2,0,0,1,2,0,2,0
1634,2006,6,4,2,1,0,0,1,0,0,1
1634,2007,13,13,4,1,0,0,0,0,2,0
1634,2008,6,6,2,0,0,1,0,0,0,0
1635,1999,1,1,0,0,0,0,0,0,0,0
1635,2000,1,1,0,0,0,0,0,0,1,0
1635,2007,3,3,0,0,0,0,0,0,1,0
1645,2006,4,4,2,0,0,0,0,0,1,0
1645,2007,7,5,2,0,0,1,2,0,1,0
1645,2008,4,1,0,0,0,0,3,0,0,0
1650,2006,2,1,1,0,0,1,1,0,0,0
1650,2007,2,2,1,1,0,0,0,0,1,0
1650,2008,1,1,0,0,0,0,0,0,0,0
1652,1999,1,1,0,0,0,0,0,0,1,0
1663,1991,1,1,0,0,0,0,0,0,0,0
1663,1993,1,1,0,0,0,0,0,0,0,0
1663,1994,3,2,0,0,0,0,1,0,1,0
1663,1997,1,0,0,0,0,0,1,0,0,0
1663,1998,1,0,0,0,0,0,1,0,0,0
1666,2009,6,5,1,0,0,0,0,0,2,1
1666,2010,6,4,1,1,0,0,2,0,2,0
1666,2011,3,1,1,0,0,0,2,0,0,0
1669,2008,1,0,0,0,0,0,1,0,0,0
1675,2006,1,1,0,0,0,0,0,0,0,0
1679,2007,3,3,2,0,0,1,0,0,0,0
1723,1995,1,0,0,0,0,0,1,0,0,0
1732,2007,1,1,0,0,0,0,0,0,1,0
1743,1991,4,4,0,0,0,0,0,0,1,0
1743,1998,5,5,0,0,0,0,0,0,2,0
1743,1999,4,2,1,0,0,0,2,0,0,0
1769,2006,1,1,0,0,0,0,0,0,0,0
1769,2007,2,1,0,0,0,0,0,0,1,1
1769,2009,1,1,0,0,0,0,0,0,0,0
1792,1998,1,1,0,0,0,0,0,0,1,0
1795,2008,3,2,0,0,0,0,1,0,2,0
1795,2009,3,3,1,0,0,1,0,0,0,0
1801,2006,6,4,1,1,0,0,2,0,1,0
1801,2007,10,8,2,0,0,0,2,0,1,0
1801,2008,6,6,1,0,0,0,0,0,0,0
1801,2010,3,2,1,0,0,1,1,0,0,0
1801,2011,3,1,0,0,0,0,2,0,0,0
1802,1996,1,0,0,0,0,0,1,0,0,0
1805,1993,1,1,1,0,0,1,0,0,0,0
1805,1994,2,2,0,0,0,0,0,0,1,0
1806,1997,2,2,0,0,0,0,0,0,1,0
1806,1998,5,5,0,0,0,0,0,0,2,0
1806,2000,7,6,2,2,0,0,1,0,4,0
1806,2001,5,4,2,1,0,0,1,0,1,0
1806,2004,6,5,2,0,0,2,1,0,1,0
1806,2005,3,2,1,1,0,0,1,0,0,0
1820,2010,3,2,0,0,0,0,1,0,1,0
1820,2011,1,1,1,0,0,0,0,0,0,0
1828,1995,4,4,1,0,0,0,0,0,0,0
1828,1996,3,2,2,1,0,0,1,0,0,0
1828,2004,4,3,0,0,0,0,1,0,1,0
1829,1998,2,1,1,0,0,0,1,0,0,0
1829,1999,1,1,1,0,0,0,0,0,0,0
1829,2000,3,2,0,0,0,0,1,0,1,0
1829,2001,6,6,2,0,0,0,0,0,2,0
1829,2003,1,1,0,0,0,0,0,0,1,0
1829,2006,3,2,1,0,0,1,1,0,0,0
1831,2012,1,1,0,0,0,0,0,0,1,0
1858,2012,1,1,0,0,0,0,0,0,1,0
1865,1993,2,2,2,1,0,0,0,0,0,0
1865,1994,3,3,0,0,0,0,0,0,2,0
1865,1997,1,1,0,0,0,0,0,0,1,0
1872,2008,1,1,0,0,0,0,0,0,0,0
1881,1998,1,1,1,1,0,0,0,0,0,0
1881,1999,3,2,1,0,0,0,1,0,0,0
1888,1998,6,5,1,0,0,1,1,0,1,0
1888,2000,6,4,0,0,0,0,2,0,2,0
1888,2001,3,3,1,0,0,0,0,0,0,0
1888,2002,6,5,2,0,0,1,1,0,3,0
1921,1993,1,1,0,0,0,0,0,0,0,0
1921,1994,2,2,1,1,0,0,0,0,1,0
1921,1995,2,1,0,0,0,0,1,0,0,0
1921,1996,4,4,1,0,0,0,0,0,1,0
1921,1997,1,0,0,0,0,0,1,0,0,0
1921,1998,2,2,0,0,0,0,0,0,1,0
1943,2009,3,3,1,0,0,0,0,0,0,0
1943,2012,3,3,1,0,0,1,0,0,1,0
1957,2004,1,1,0,0,0,0,0,0,0,0
1972,2002,3,2,0,0,0,0,1,0,2,0
1972,2003,3,2,1,0,0,0,1,0,0,0
1972,2004,2,2,1,0,0,0,0,0,1,0
1982,2008,3,3,0,0,0,0,0,0,1,0
1982,2009,1,1,0,0,0,0,0,0,0,0
1993,1991,2,2,0,0,0,0,0,0,0,0
2004,1995,1,1,0,0,0,0,0,0,0,0
2004,1996,3,3,0,0,0,0,0,0,1,0
2004,1997,5,5,1,0,0,0,0,0,0,0
2004,1998,2,2,1,1,0,0,0,0,1,0
2004,1999,2,2,0,0,0,0,0,0,0,0
2004,2001,4,3,0,0,0,0,1,0,1,0
2006,2011,3,3,0,0,0,0,0,0,0,0
2011,2009,1,1,0,0,0,0,0,0,0,0
2018,2006,3,3,1,0,0,0,0,0,2,0
2018,2009,3,3,1,1,0,0,0,0,2,0
2018,2011,3,3,1,0,0,0,0,0,1,0
2046,2001,3,3,1,0,0,0,0,0,1,0
2046,2004,4,3,0,0,0,0,1,0,1,0
2046,2009,1,1,0,0,0,0,0,0,0,0
2046,2010,1,1,0,0,0,0,0,0,1,0
2046,2012,1,1,0,0,0,0,0,0,1,0
2051,1996,3,2,1,1,0,0,1,0,0,0
2058,1998,2,2,1,1,0,0,0,0,0,0
2058,1999,1,1,0,0,0,0,0,0,1,0
2058,2000,1,1,1,0,0,0,0,0,0,0
2058,2001,1,0,0,0,0,0,1,0,0,0
2058,2003,2,2,0,0,0,0,0,0,1,0
2058,2005,1,1,0,0,0,0,0,0,0,0
2062,1995,3,3,0,0,0,0,0,0,2,0
2070,2006,2,2,0,0,0,0,0,0,1,0
2116,1999,3,2,0,0,0,0,1,0,1,0
2116,2000,3,3,1,0,0,1,0,0,1,0
2122,1997,3,3,1,0,0,0,0,0,0,0
2144,2003,6,5,1,0,0,1,1,0,2,0
2144,2004,3,2,0,0,0,0,1,0,0,0
2144,2005,3,3,1,0,0,0,0,0,0,0
2147,1992,3,2,1,0,0,0,0,0,0,1
2147,1993,7,5,2,0,0,1,2,0,1,0
2147,1994,3,3,1,1,0,0,0,0,1,0
2147,1995,3,3,1,0,0,1,0,0,0,0
2147,1996,10,6,3,1,0,1,3,1,0,0
2147,1997,10,8,1,0,0,0,2,0,3,0
2147,1998,7,7,2,0,0,2,0,0,4,0
2147,1999,9,9,1,1,0,0,0,0,3,0
2147,2000,3,3,1,1,0,0,0,0,1,0
2147,2001,6,5,4,2,0,2,1,0,1,0
2147,2002,2,2,1,0,0,1,0,0,0,0
2147,2004,5,4,3,1,0,0,1,0,1,0
2147,2007,2,2,1,0,0,0,0,0,0,0
2161,2007,3,2,1,0,0,0,1,0,1,0
2166,1997,3,2,0,0,0,0,1,0,2,0
2166,1998,5,5,2,1,0,0,0,0,2,0
2166,1999,2,2,2,1,0,0,0,0,0,0
2175,2012,3,2,0,0,0,0,1,0,1,0
2179,2001,1,0,0,0,0,0,1,0,0,0
2182,2012,1,1,0,0,0,0,0,0,1,0
2186,2001,2,2,1,0,0,0,0,0,0,0
2187,2002,1,1,0,0,0,0,0,0,1,0
2192,2008,1,1,0,0,0,0,0,0,0,0
2192,2009,2,2,1,0,0,0,0,0,0,0
2192,2010,3,2,0,0,0,0,1,0,1,0
2192,2011,2,1,1,1,0,0,1,0,0,0
2192,2012,1,1,0,0,0,0,0,0,0,0
2232,2011,4,4,1,0,0,0,0,0,3,0
2237,2007,3,3,0,0,0,0,0,0,2,0
2242,2004,1,1,1,1,0,0,0,0,0,0
2242,2005,1,1,0,0,0,0,0,0,0,0
2248,2004,2,1,0,0,0,0,1,0,1,0
2259,2003,3,3,1,1,0,0,0,0,1,0
2261,1994,3,2,0,0,0,0,1,0,2,0
2261,1995,11,10,3,1,0,0,1,0,3,0
2261,1996,3,1,0,0,0,0,2,0,0,0
2261,1997,5,2,1,0,0,0,3,0,1,0
2261,1998,7,4,1,0,0,1,3,0,2,0
2261,1999,4,4,1,0,0,1,0,0,2,0
2261,2000,9,9,1,0,0,0,0,0,5,0
2261,2001,5,5,2,0,0,0,0,0,1,0
2261,2003,1,1,0,0,0,0,0,0,0,0
2282,2010,1,1,1,0,0,1,0,0,0,0
2291,2003,2,0,0,0,0,0,1,0,0,1
2291,2004,4,3,0,0,0,0,1,0,1,0
2291,2008,3,2,0,0,0,0,1,0,0,0
2291,2012,4,4,1,0,0,0,0,0,0,0
2295,1994,3,3,0,0,0,0,0,0,0,0
2295,1995,2,2,1,0,0,0,0,0,1,0
2295,1996,4,4,0,0,0,0,0,0,3,0
2295,2002,2,2,0,0,0,0,0,0,0,0
2298,2012,1,1,1,0,0,0,0,0,0,0
2307,2000,2,2,2,1,0,1,0,0,0,0
2316,1996,6,3,2,0,0,0,2,0,0,1
2326,2003,1,1,1,1,0,0,0,0,0,0
2328,2006,3,2,1,0,0,0,1,0,0,0
2330,2004,1,1,1,0,0,1,0,0,0,0
2330,2005,3,2,1,0,0,0,1,0,1,0
2332,1999,3,3,1,0,0,0,0,0,0,0
2333,2000,1,1,0,0,0,0,0,0,0,0
2339,2006,1,1,0,0,0,0,0,0,0,0
2340,2003,1,1,1,0,0,1,0,0,0,0
2343,2005,1,1,0,0,0,0,0,0,0,0
2343,2008,1,1,0,0,0,0,0,0,0,0
2343,2009,2,2,1,1,0,0,0,0,0,0
2343,2010,2,2,0,0,0,0,0,0,1,0
2344,1995,4,4,1,0,0,0,0,0,1,0
2344,1999,4,3,1,0,0,0,0,1,1,0
2344,2000,3,3,1,0,0,0,0,0,1,0
2345,1994,3,2,1,1,0,0,1,0,0,0
2350,2002,6,5,2,0,0,0,1,0,1,0
2358,2003,3,3,1,0,0,0,0,0,2,0
2362,1997,1,1,0,0,0,0,0,0,1,0
2362,1998,1,1,0,0,0,0,0,0,1,0
2384,2004,1,1,0,0,0,0,0,0,0,0
2384,2008,1,1,0,0,0,0,0,0,1,0
2407,1993,3,3,1,0,0,0,0,0,1,0
2407,1995,1,1,1,0,0,0,0,0,0,0
2418,1995,2,0,0,0,0,0,1,1,0,0
2418,1996,1,1,1,1,0,0,0,0,0,0
2418,1997,4,3,1,0,0,0,1,0,1,0
2418,1998,1,0,0,0,0,0,1,0,0,0
2418,2000,4,3,0,0,0,0,1,0,1,0
2421,2006,4,4,1,0,0,1,0,0,1,0
2421,2008,2,2,1,0,0,0,0,0,0,0
2421,2009,1,1,0,0,0,0,0,0,1,0
2421,2011,1,1,0,0,0,0,0,0,1,0
2426,2010,3,3,1,0,0,1,0,0,0,0
2438,2000,3,3,0,0,0,0,0,0,2,0
2442,2000,3,2,0,0,0,0,1,0,0,0
2442,2001,1,1,0,0,0,0,0,0,1,0
2442,2002,1,1,0,0,0,0,0,0,1,0
2446,2000,1,1,0,0,0,0,0,0,1,0
2446,2001,1,1,1,0,0,0,0,0,0,0
2446,2002,3,2,0,0,0,0,1,0,2,0
2453,1991,1,1,0,0,0,0,0,0,0,0
2480,2000,1,1,0,0,0,0,0,0,0,0
2482,2011,1,1,0,0,0,0,0,0,1,0
2492,2006,1,0,0,0,0,0,1,0,0,0
2505,2004,1,0,0,0,0,0,1,0,0,0
2505,2011,1,1,0,0,0,0,0,0,1,0
2508,2001,1,1,0,0,0,0,0,0,1,0
2520,2000,1,1,0,0,0,0,0,0,0,0
2535,1994,1,1,0,0,0,0,0,0,0,0
2535,1997,3,3,1,1,0,0,0,0,1,0
2543,2003,3,3,1,0,0,1,0,0,1,0
2562,2003,1,1,1,0,0,0,0,0,0,0
2581,1996,5,3,1,0,0,0,2,0,1,0
2581,1997,3,2,1,0,0,1,1,0,0,0
2581,2000,2,1,0,0,0,0,1,0,0,0
2581,2003,3,2,0,0,0,0,1,0,1,0
2590,2010,12,12,4,0,0,0,0,0,4,0
2595,2003,1,1,1,0,0,1,0,0,0,0
2595,2004,3,3,1,0,0,0,0,0,1,0
2597,1992,2,1,0,0,0,0,1,0,0,0
2597,1994,2,1,0,0,0,0,1,0,1,0
2597,1995,2,2,2,0,0,1,0,0,0,0
2608,1992,3,3,1,0,0,0,0,0,0,0
2608,1995,6,4,0,0,0,0,2,0,1,0
2608,1997,3,3,2,0,0,2,0,0,0,0
2609,1997,1,1,0,0,0,0,0,0,1,0
2640,2000,4,4,1,0,0,0,0,0,1,0
2640,2001,2,2,0,0,0,0,0,0,0,0
2640,2002,6,5,1,0,0,0,1,0,0,0
2640,2003,3,3,1,0,0,0,0,0,1,0
2640,2004,3,3,0,0,0,0,0,0,1,0
2640,2005,3,3,2,1,0,0,0,0,0,0
2654,2006,1,1,0,0,0,0,0,0,1,0
2654,2007,1,0,0,0,0,0,1,0,0,0
2661,2008,11,8,4,2,0,1,3,0,1,0
2661,2009,6,4,0,0,0,0,2,0,2,0
2661,2011,3,2,0,0,0,0,1,0,1,0
2679,1992,1,1,1,0,0,0,0,0,0,0
2679,1993,1,1,0,0,0,0,0,0,1,0
2684,1996,2,1,0,0,0,0,1,0,1,0
2690,2010,2,2,2,0,0,2,0,0,0,0
2690,2011,6,5,1,0,0,0,1,0,0,0
2690,2012,1,1,0,0,0,0,0,0,0,0
2695,2003,2,2,2,0,0,2,0,0,0,0
2700,2002,3,1,0,0,0,0,2,0,0,0
2700,2003,5,3,1,1,0,0,1,1,0,0
2700,2004,4,3,1,0,0,1,1,0,0,0
2700,2005,6,5,1,0,0,0,1,0,1,0
2721,1995,1,0,0,0,0,0,1,0,0,0
2722,2012,3,1,0,0,0,0,2,0,1,0
2742,2001,1,1,0,0,0,0,0,0,1,0
2742,2003,2,2,2,0,0,1,0,0,0,0
2742,2005,1,1,0,0,0,0,0,0,1,0
2754,2007,2,1,0,0,0,0,1,0,1,0
2762,2011,3,3,1,0,0,0,0,0,2,0
2763,2012,2,2,0,0,0,0,0,0,2,0
2766,2007,1,0,0,0,0,0,1,0,0,0
2766,2008,1,1,0,0,0,0,0,0,1,0
2767,1994,2,0,0,0,0,0,2,0,0,0
2767,1995,1,1,1,1,0,0,0,0,0,0
2789,2000,2,2,0,0,0,0,0,0,1,0
2789,2003,1,1,0,0,0,0,0,0,1,0
2798,1998,3,2,1,1,0,0,1,0,1,0
2810,2002,3,2,0,0,0,0,1,0,0,0
2810,2003,6,6,2,0,0,0,0,0,1,0
2810,2007,1,1,0,0,0,0,0,0,0,0
2810,2008,3,2,1,1,0,0,1,0,1,0
2810,2009,3,2,0,0,0,0,1,0,1,0
2824,2007,2,1,1,0,0,1,1,0,0,0
2832,2007,1,0,0,0,0,0,1,0,0,0
2841,2000,1,1,0,0,0,0,0,0,0,0
2841,2001,3,2,1,0,0,0,1,0,1,0
2841,2003,3,3,0,0,0,0,0,0,0,0
2841,2004,2,2,1,0,0,1,0,0,1,0
2841,2006,2,2,1,1,0,0,0,0,0,0
2841,2010,1,1,0,0,0,0,0,0,1,0
2845,1994,2,1,1,0,0,1,1,0,0,0
2857,2012,3,3,1,0,0,0,0,0,1,0
2861,2000,1,1,1,1,0,0,0,0,0,0
2861,2001,1,0,0,0,0,0,1,0,0,0
2863,2011,3,2,0,0,0,0,1,0,0,0
2863,2012,3,2,1,0,0,1,1,0,0,0
2882,2008,1,1,0,0,0,0,0,0,1,0
2906,1996,3,3,2,1,0,0,0,0,1,0
2906,1998,6,5,3,1,0,1,1,0,1,0
2911,2001,1,0,0,0,0,0,1,0,0,0
2911,2009,3,3,0,0,0,0,0,0,2,0
2911,2012,3,2,1,0,0,0,1,0,1,0
2933,2004,1,1,0,0,0,0,0,0,1,0
2933,2006,1,1,1,0,0,0,0,0,0,0
2933,2007,4,3,1,0,0,0,1,0,0,0
2935,2000,1,1,0,0,0,0,0,0,1,0
2964,1992,2,2,0,0,0,0,0,0,1,0
2964,1993,2,1,1,0,0,1,1,0,0,0
2964,1994,5,4,3,0,0,2,1,0,0,0
2964,1995,4,4,2,0,0,0,0,0,1,0
2964,1996,2,2,1,1,0,0,0,0,0,0
2966,2004,1,1,0,0,0,0,0,0,0,0
2966,2005,1,1,0,0,0,0,0,0,0,0
2966,2008,1,1,0,0,0,0,0,0,0,0
2970,2008,2,2,1,0,0,0,0,0,1,0
2981,2002,1,0,0,0,0,0,1,0,0,0
2981,2003,1,0,0,0,0,0,1,0,0,0
2981,2006,2,2,1,0,0,1,0,0,1,0
2981,2008,1,1,0,0,0,0,0,0,0,0
2988,1992,3,3,0,0,0,0,0,0,0,0
2988,1994,2,2,1,0,0,0,0,0,0,0
2996,2001,1,1,0,0,0,0,0,0,1,0
2996,2003,1,1,0,0,0,0,0,0,1,0
2996,2007,1,1,0,0,0,0,0,0,0,0
2996,2012,1,1,0,0,0,0,0,0,1,0
3002,2002,3,3,1,0,0,1,0,0,1,0
3014,1992,2,2,1,1,0,0,0,0,0,0
3016,2004,5,5,2,1,0,0,0,0,0,0
3016,2006,5,4,1,0,0,0,1,0,1,0
3016,2007,2,2,0,0,0,0,0,0,2,0
3016,2008,2,2,1,0,0,1,0,0,0,0
3016,2011,1,1,0,0,0,0,0,0,1,0
3028,1997,9,7,4,0,0,2,2,0,2,0
3028,1998,3,3,0,0,0,0,0,0,0,0
3029,2011,3,3,0,0,0,0,0,0,2,0
3039,2003,3,3,1,0,0,1,0,0,2,0
3039,2004,1,1,1,0,0,1,0,0,0,0
3041,2005,2,1,1,0,0,0,1,0,0,0
3046,2004,1,1,1,0,0,0,0,0,0,0
3048,1993,1,1,1,0,0,0,0,0,0,0
3048,1994,5,3,0,0,0,0,2,0,3,0
3052,2002,3,2,0,0,0,0,1,0,0,0
3066,2007,2,2,1,0,0,0,0,0,1,0
3066,2008,3,2,1,0,0,0,1,0,0,0
3067,2007,1,1,0,0,0,0,0,0,1,0
3067,2008,3,1,0,0,0,0,1,0,1,1
3070,2009,3,3,1,1,0,0,0,0,0,0
3070,2012,1,1,0,0,0,0,0,0,0,0
3073,2011,3,2,1,0,0,1,1,0,1,0
3089,2008,3,3,2,1,0,0,0,0,1,0
3089,2011,2,2,0,0,0,0,0,0,0,0
3130,1998,1,1,1,1,0,0,0,0,0,0
3131,2000,6,5,2,0,0,0,1,0,1,0
3131,2001,10,7,1,0,0,0,3,0,0,0
3131,2007,4,2,1,0,0,1,2,0,0,0
3131,2011,1,1,1,0,0,0,0,0,0,0
3143,1999,2,2,2,0,0,0,0,0,0,0
3166,2003,3,3,1,0,0,0,0,0,1,0
3166,2004,3,3,1,0,0,0,0,0,1,0
3166,2009,3,3,0,0,0,0,0,0,3,0
3173,1992,1,1,0,0,0,0,0,0,1,0
3173,1995,2,2,1,1,0,0,0,0,0,0
3173,1997,1,1,0,0,0,0,0,0,0,0
3183,1991,1,1,1,0,0,0,0,0,0,0
3214,1992,1,1,0,0,0,0,0,0,1,0
3214,1993,1,0,0,0,0,0,1,0,0,0
3214,1994,3,3,0,0,0,0,0,0,1,0
3214,1996,1,1,1,0,0,0,0,0,0,0
3216,1991,3,3,1,0,0,0,0,0,0,0
3216,2000,3,2,1,0,0,0,1,0,1,0
3219,1996,1,0,0,0,0,0,1,0,0,0
3219,2002,2,2,1,1,0,0,0,0,1,0
3219,2003,8,8,1,0,0,0,0,0,3,0
3219,2005,2,1,0,0,0,0,0,1,0,0
3223,2000,4,3,1,0,0,0,1,0,1,0
3223,2001,3,3,1,0,0,0,0,0,1,0
3223,2004,3,2,1,0,0,0,1,0,0,0
3223,2006,9,6,1,0,0,1,3,0,2,0
3229,1992,3,2,0,0,0,0,1,0,1,0
3229,1994,6,5,2,1,0,1,1,0,1,0
3229,1997,13,10,5,2,0,0,3,0,1,0
3229,1998,3,2,2,0,1,0,1,0,0,0
3229,2000,10,8,2,0,0,1,2,0,5,0
3229,2001,4,2,0,0,0,0,1,1,1,0
3229,2004,1,1,1,0,0,0,0,0,0,0
3248,1996,1,1,0,0,0,0,0,0,1,0
3262,2001,5,4,0,0,0,0,1,0,3,0
3262,2002,3,2,0,0,0,0,1,0,2,0
3262,2003,2,1,1,0,0,0,1,0,0,0
3262,2004,1,1,0,0,0,0,0,0,0,0
3262,2005,1,1,0,0,0,0,0,0,0,0
3262,2007,1,1,0,0,0,0,0,0,0,0
3262,2008,1,1,0,0,0,0,0,0,1,0
3292,2001,1,1,0,0,0,0,0,0,0,0
3296,1992,3,2,1,0,0,0,1,0,0,0
3296,1993,3,2,1,0,0,0,1,0,0,0
3296,1994,5,5,2,1,0,1,0,0,1,0
3296,1995,12,9,3,1,0,0,3,0,1,0
3296,1996,11,7,3,0,1,1,4,0,2,0
3296,1998,3,3,2,1,0,1,0,0,0,0
3296,1999,3,2,0,0,0,0,1,0,1,0
3296,2002,5,4,3,0,0,1,1,0,0,0
3313,1997,1,1,0,0,0,0,0,0,0,0
3313,1999,3,2,0,0,0,0,1,0,1,0
3313,2000,4,2,1,0,0,0,2,0,0,0
3313,2001,1,0,0,0,0,0,1,0,0,0
3313,2002,4,2,2,0,0,0,2,0,0,0
3313,2006,5,4,1,1,0,0,1,0,1,0
3317,1995,6,6,4,1,0,0,0,0,1,0
3339,2002,3,3,0,0,0,0,0,0,2,0
3339,2003,4,2,2,0,0,1,2,0,0,0
3339,2004,3,3,0,0,0,0,0,0,1,0
3345,2003,2,1,0,0,0,0,1,0,0,0
3351,2000,4,3,1,0,0,0,1,0,0,0
3366,2012,1,1,0,0,0,0,0,0,1,0
3374,1998,1,1,0,0,0,0,0,0,0,0
3374,1999,2,2,0,0,0,0,0,0,1,0
3374,2002,2,0,0,0,0,0,2,0,0,0
3374,2003,1,1,0,0,0,0,0,0,0,0
3374,2004,2,2,0,0,0,0,0,0,1,0
3374,2005,1,0,0,0,0,0,1,0,0,0
3374,2006,2,1,0,0,0,0,1,0,1,0
3375,2006,3,1,1,1,0,0,2,0,0,0
3387,1994,2,2,1,0,0,1,0,0,0,0
3409,2002,2,2,2,0,0,0,0,0,0,0
3410,2004,1,1,1,1,0,0,0,0,0,0
3410,2006,2,2,0,0,0,0,0,0,2,0
3410,2007,1,0,0,0,0,0,1,0,0,0
3410,2009,1,1,1,0,0,1,0,0,0,0
3413,1994,2,1,1,0,0,0,1,0,0,0
3417,1991,2,2,2,0,0,1,0,0,0,0
3417,1992,1,1,0,0,0,0,0,0,1,0
3420,1997,4,3,1,1,0,0,1,0,1,0
3420,1999,2,1,0,0,0,0,1,0,0,0
3420,2000,3,3,1,0,0,0,0,0,0,0
3420,2004,1,1,0,0,0,0,0,0,1,0
3420,2005,1,0,0,0,0,0,1,0,0,0
3431,2006,3,3,1,0,0,0,0,0,0,0
3434,2007,1,0,0,0,0,0,1,0,0,0
3434,2008,3,2,1,0,0,0,0,1,0,0
3434,2009,2,2,0,0,0,0,0,0,1,0
3440,2010,1,0,0,0,0,0,0,1,0,0
3440,2011,2,2,1,1,0,0,0,0,1,0
3442,2003,2,2,1,0,0,0,0,0,1,0
3442,2004,4,4,0,0,0,0,0,0,1,0
3455,1993,3,3,0,0,0,0,0,0,0,0
3455,1994,11,10,4,2,0,1,1,0,2,0
3455,1995,10,6,3,0,0,1,4,0,2,0
3455,1996,10,8,2,0,0,0,2,0,2,0
3466,2001,3,3,1,0,0,1,0,0,0,0
3482,1992,1,1,0,0,0,0,0,0,1,0
3482,1996,1,1,0,0,0,0,0,0,0,0
3482,1998,1,1,1,0,0,0,0,0,0,0
3482,1999,1,0,0,0,0,0,1,0,0,0
3509,2003,1,1,0,0,0,0,0,0,1,0
3511,2004,2,1,1,0,0,1,1,0,0,0
3519,1992,3,3,2,0,0,0,0,0,1,0
3519,1995,3,3,1,0,0,0,0,0,0,0
3519,1996,7,6,1,0,0,0,1,0,4,0
3519,1998,6,5,1,0,0,0,1,0,1,0
3519,1999,7,6,3,0,0,1,1,0,2,0
3522,1994,3,3,1,0,0,0,0,0,0,0
3526,2000,2,2,2,0,0,1,0,0,0,0
3526,2001,1,1,0,0,0,0,0,0,1,0
3526,2002,1,1,0,0,0,0,0,0,0,0
3546,2009,3,3,1,0,0,0,0,0,1,0
3546,2010,6,6,1,0,0,1,0,0,3,0
3546,2011,6,6,1,0,0,0,0,0,1,0
3546,2012,3,3,0,0,0,0,0,0,2,0
3560,1991,1,1,0,0,0,0,0,0,0,0
3564,1995,3,3,0,0,0,0,0,0,1,0
3566,1996,3,3,0,0,0,0,0,0,1,0
3566,1997,4,3,1,0,0,0,1,0,1,0
3577,1997,4,1,0,0,0,0,3,0,1,0
3577,1998,4,4,0,0,0,0,0,0,1,0
3577,1999,4,4,0,0,0,0,0,0,2,0
3588,2002,1,0,0,0,0,0,0,0,0,1
3588,2005,2,1,0,0,0,0,1,0,1,0
3589,2005,2,2,0,0,0,0,0,0,1,0
3589,2007,1,1,0,0,0,0,0,0,1,0
3596,2010,12,6,2,0,0,0,5,0,4,1
3596,2011,2,2,2,0,0,0,0,0,0,0
3600,2003,3,2,1,0,0,0,1,0,0,0
3616,2003,5,3,0,0,0,0,2,0,0,0
3628,1997,4,4,2,1,0,0,0,0,1,0
3628,1998,2,2,0,0,0,0,0,0,0,0
3639,2004,1,1,0,0,0,0,0,0,0,0
3641,1995,2,1,0,0,0,0,1,0,0,0
3644,2001,3,3,1,0,0,0,0,0,1,0
3644,2002,3,3,1,0,0,0,0,0,2,0
3644,2007,1,1,0,0,0,0,0,0,1,0
3647,1993,3,3,1,1,0,0,0,0,1,0
3647,1997,1,1,1,0,0,0,0,0,0,0
3650,2005,2,2,0,0,0,0,0,0,1,0
3651,2001,1,1,0,0,0,0,0,0,0,0
3659,1997,1,1,1,0,0,1,0,0,0,0
3659,1998,2,2,0,0,0,0,0,0,2,0
3659,1999,3,2,0,0,0,0,1,0,0,0
3659,2000,2,2,1,0,0,1,0,0,1,0
3659,2001,5,5,2,0,0,0,0,0,3,0
3659,2002,3,2,0,0,0,0,1,0,0,0
3659,2003,1,1,0,0,0,0,0,0,1,0
3659,2004,1,1,0,0,0,0,0,0,0,0
3659,2005,1,0,0,0,0,0,1,0,0,0
3665,2003,1,1,1,0,0,1,0,0,0,0
3665,2004,1,1,0,0,0,0,0,0,1,0
3680,2008,1,1,1,1,0,0,0,0,0,0
3681,2003,6,5,2,2,0,0,1,0,2,0
3681,2004,3,3,1,0,0,0,0,0,0,0
3694,2002,1,0,0,0,0,0,1,0,0,0
3699,2003,3,3,0,0,0,0,0,0,1,0
3699,2004,1,1,1,0,0,0,0,0,0,0
3702,1998,2,2,1,0,0,0,0,0,1,0
3702,1999,3,3,2,0,0,0,0,0,1,0
3702,2000,2,2,0,0,0,0,0,0,1,0
3703,2008,1,1,0,0,0,0,0,0,0,0
3711,2002,2,1,0,0,0,0,1,0,1,0
3740,2009,3,3,0,0,0,0,0,0,2,0
3741,1995,1,1,1,0,0,0,0,0,0,0
3748,2012,1,1,0,0,0,0,0,0,1,0
3754,1991,1,1,0,0,0,0,0,0,1,0
3754,1993,1,1,0,0,0,0,0,0,1,0
3754,1994,2,2,0,0,0,0,0,0,0,0
3756,2006,2,0,0,0,0,0,2,0,0,0
3765,2002,1,1,0,0,0,0,0,0,1,0
3765,2003,2,2,0,0,0,0,0,0,1,0
3765,2004,1,1,1,0,0,0,0,0,0,0
3765,2005,1,1,0,0,0,0,0,0,0,0
3765,2008,1,0,0,0,0,0,1,0,0,0
3765,2009,2,2,0,0,0,0,0,0,0,0
3765,2011,1,1,0,0,0,0,0,0,0,0
3786,2004,2,2,1,0,0,0,0,0,0,0
3786,2007,3,2,0,0,0,0,1,0,1,0
3793,2011,1,1,0,0,0,0,0,0,1,0
3797,1999,1,0,0,0,0,0,1,0,0,0
3797,2000,3,3,0,0,0,0,0,0,1,0
3798,1999,1,1,1,0,0,1,0,0,0,0
3798,2000,1,1,0,0,0,0,0,0,1,0
3799,2006,3,1,0,0,0,0,2,0,0,0
3799,2007,6,4,1,0,0,1,2,0,0,0
3809,2004,2,2,1,0,0,0,0,0,1,0
3811,1997,1,1,1,0,0,1,0,0,0,0
3818,2009,9,7,1,0,0,0,2,0,2,0
3818,2010,2,1,0,0,0,0,1,0,0,0
3832,2004,5,5,2,0,0,1,0,0,2,0
3833,2008,3,1,0,0,0,0,2,0,0,0
3834,2010,1,1,0,0,0,0,0,0,1,0
3834,2011,4,4,1,0,0,1,0,0,3,0
3849,1994,1,0,0,0,0,0,1,0,0,0
3870,2000,4,1,1,0,0,0,3,0,0,0
3870,2001,7,6,1,0,0,0,1,0,4,0
3870,2002,7,3,0,0,0,0,4,0,0,0
3870,2008,2,2,0,0,0,0,0,0,1,0
3870,2010,8,7,3,1,0,1,1,0,1,0
3876,2006,1,1,1,1,0,0,0,0,0,0
3876,2009,2,1,1,0,0,1,1,0,0,0
3899,1998,1,1,1,0,0,1,0,0,0,0
3899,1999,2,1,0,0,0,0,1,0,1,0
3899,2000,3,3,1,0,0,0,0,0,2,0
3900,1996,4,4,2,1,0,1,0,0,0,0
3917,1994,1,1,1,0,0,1,0,0,0,0
3925,2000,5,2,0,0,0,0,3,0,0,0
3925,2001,3,0,0,0,0,0,3,0,0,0
3925,2002,6,5,1,0,0,0,1,0,0,0
3925,2004,3,3,1,0,0,1,0,0,0,0
3925,2008,3,3,0,0,0,0,0,0,0,0
3951,2007,6,4,1,0,0,1,2,0,3,0
3951,2009,3,1,0,0,0,0,2,0,0,0
3966,2007,6,3,0,0,0,0,3,0,1,0
3966,2009,1,1,0,0,0,0,0,0,1,0
3988,1991,2,2,1,0,0,0,0,0,0,0
3989,2001,3,2,0,0,0,0,1,0,2,0
3989,2002,1,0,0,0,0,0,0,1,0,0
3989,2004,3,3,0,0,0,0,0,0,0,0
4003,2010,2,1,1,0,0,1,1,0,0,0
4030,1991,2,2,0,0,0,0,0,0,0,0
4030,1993,2,2,0,0,0,0,0,0,0,0
4030,1994,2,2,0,0,0,0,0,0,0,0
4076,2000,3,2,0,0,0,0,1,0,0,0
4076,2001,2,2,0,0,0,0,0,0,1,0
4076,2002,1,1,1,0,0,0,0,0,0,0
4076,2004,8,5,2,1,0,1,3,0,1,0
4095,2003,10,9,2,0,0,0,1,0,2,0
4095,2004,13,10,4,2,0,0,3,0,1,0
4102,2001,7,6,1,0,0,0,1,0,2,0
4102,2002,10,5,3,0,0,2,4,0,1,1
4102,2007,1,1,1,0,0,0,0,0,0,0
4102,2008,1,1,0,0,0,0,0,0,1,0
4105,2000,3,1,0,0,0,0,2,0,0,0
4105,2001,2,1,1,0,0,0,1,0,0,0
4106,2006,1,1,0,0,0,0,0,0,1,0
4106,2007,6,6,1,0,0,0,0,0,3,0
4106,2008,1,0,0,0,0,0,1,0,0,0
4122,1995,1,0,0,0,0,0,1,0,0,0
4122,1996,9,7,4,0,0,2,2,0,3,0
4137,2010,3,2,0,0,0,0,1,0,0,0
4137,2011,2,2,1,1,0,0,0,0,0,0
4163,2009,1,1,1,0,0,1,0,0,0,0
4164,2010,1,1,1,0,0,1,0,0,0,0
4170,2008,2,1,0,0,0,0,1,0,1,0
4170,2009,3,3,0,0,0,0,0,0,1,0
4173,1997,4,2,1,0,0,0,2,0,0,0
4173,1998,3,3,2,1,0,0,0,0,0,0
4180,2011,2,2,0,0,0,0,0,0,2,0
4199,2003,3,3,2,0,0,2,0,0,0,0
4203,1996,6,5,3,1,0,1,1,0,1,0
4203,1997,8,8,0,0,0,0,0,0,1,0
4219,1992,2,2,1,0,1,0,0,0,1,0
4219,1993,3,3,0,0,0,0,0,0,2,0
4219,1994,2,2,2,0,0,1,0,0,0,0
4219,1995,6,5,3,0,0,0,1,0,0,0
4219,1996,13,9,2,0,0,1,4,0,3,0
4219,1997,5,2,1,0,0,1,3,0,1,0
4219,1998,2,1,1,0,0,0,1,0,0,0
4219,1999,2,1,0,0,0,0,1,0,0,0
4231,2008,3,2,0,0,0,0,1,0,0,0
4239,1992,1,1,0,0,0,0,0,0,1,0
4249,2003,1,1,0,0,0,0,0,0,0,0
4249,2006,1,1,1,0,0,0,0,0,0,0
4249,2008,1,0,0,0,0,0,1,0,0,0
4249,2009,1,1,0,0,0,0,0,0,1,0
4269,1996,1,0,0,0,0,0,1,0,0,0
4282,1998,2,2,1,1,0,0,0,0,0,0
4282,1999,3,2,2,1,0,0,1,0,0,0
4282,2000,3,3,0,0,0,0,0,0,0,0
4282,2001,1,0,0,0,0,0,1,0,0,0
4282,2003,3,2,0,0,0,0,1,0,0,0
4282,2004,1,1,1,0,0,0,0,0,0,0
4282,2005,1,1,0,0,0,0,0,0,0,0
4282,2006,1,0,0,0,0,0,1,0,0,0
4317,2009,1,1,0,0,0,0,0,0,0,0
4336,2006,5,4,2,0,0,1,1,0,2,0
4336,2010,2,2,0,0,0,0,0,0,1,0
4337,2009,1,1,1,0,0,0,0,0,0,0
4337,2012,1,1,1,0,0,0,0,0,0,0
4343,1998,3,0,0,0,0,0,3,0,0,0
4343,2002,2,1,1,0,0,1,1,0,0,0
4343,2004,3,2,0,0,0,0,1,0,1,0
4344,2004,3,3,2,0,0,1,0,0,1,0
4344,2007,8,7,1,0,0,1,1,0,3,0
4344,2008,9,7,2,0,0,0,2,0,2,0
4344,2009,13,12,2,0,0,0,1,0,4,0
4344,2010,2,2,0,0,0,0,0,0,2,0
4344,2011,3,2,1,0,0,1,1,0,1,0
4354,2003,3,2,0,0,0,0,1,0,0,0
4361,2006,1,1,1,1,0,0,0,0,0,0
4361,2007,3,3,1,0,0,0,0,0,1,0
4361,2008,1,1,0,0,0,0,0,0,1,0
4361,2012,1,1,0,0,0,0,0,0,1,0
4364,1996,4,3,0,0,0,0,1,0,2,0
4364,1999,2,2,0,0,0,0,0,0,0,0
4364,2000,4,3,0,0,0,0,1,0,2,0
4364,2001,4,2,1,0,0,0,2,0,0,0
4364,2002,1,1,0,0,0,0,0,0,0,0
4364,2004,1,1,1,0,0,0,0,0,0,0
4372,1993,1,1,1,0,0,0,0,0,0,0
4372,1994,2,2,1,0,0,0,0,0,0,0
4372,1996,4,3,1,0,0,1,1,0,1,0
4372,1997,4,3,1,0,0,1,1,0,1,0
4372,1999,1,1,1,1,0,0,0,0,0,0
4372,2000,4,4,0,0,0,0,0,0,2,0
4372,2001,1,1,1,0,0,0,0,0,0,0
4372,2002,3,3,0,0,0,0,0,0,0,0
4372,2003,2,2,0,0,0,0,0,0,1,0
4372,2004,2,2,0,0,0,0,0,0,0,0
4377,1995,7,7,2,1,0,0,0,0,2,0
4377,1996,4,4,0,0,0,0,0,0,2,0
4393,2003,1,0,0,0,0,0,1,0,0,0
4393,2004,1,0,0,0,0,0,1,0,0,0
4393,2005,1,1,0,0,0,0,0,0,1,0
4399,1993,3,3,2,1,0,0,0,0,0,0
4399,1995,3,3,0,0,0,0,0,0,3,0
4399,1996,5,5,1,0,0,0,0,0,2,0
4399,1997,1,1,0,0,0,0,0,0,0,0
4399,1998,2,1,0,0,0,0,1,0,0,0
4399,1999,4,4,0,0,0,0,0,0,3,0
4399,2000,4,4,0,0,0,0,0,0,4,0
4399,2001,7,7,2,0,0,0,0,0,4,0
4399,2002,3,2,0,0,0,0,1,0,2,0
4399,2005,1,1,0,0,0,0,0,0,1,0
4399,2008,1,1,0,0,0,0,0,0,1,0
4399,2009,1,1,1,1,0,0,0,0,0,0
4401,1995,3,2,0,0,0,0,1,0,0,0
4401,1997,3,2,0,0,0,0,1,0,2,0
4412,2006,3,3,1,0,0,0,0,0,1,0
4412,2007,3,2,0,0,0,0,1,0,0,0
4412,2008,6,3,1,0,0,0,3,0,0,0
4412,2009,1,1,0,0,0,0,0,0,0,0
4420,1991,1,1,0,0,0,0,0,0,0,0
4420,1996,2,2,0,0,0,0,0,0,1,0
4435,1991,6,6,0,0,0,0,0,0,2,0
4435,1992,3,3,0,0,0,0,0,0,0,0
4435,1993,2,2,1,0,0,0,0,0,0,0
4435,1994,6,5,2,0,0,0,1,0,1,0
4439,1995,2,1,0,0,0,0,1,0,0,0
4439,1997,4,4,1,0,0,0,0,0,0,0
4439,1998,2,1,0,0,0,0,1,0,1,0
4439,1999,1,0,0,0,0,0,1,0,0,0
4439,2000,2,1,0,0,0,0,1,0,0,0
4449,2006,1,1,0,0,0,0,0,0,1,0
4449,2007,3,2,1,0,0,1,1,0,1,0
4449,2008,6,5,0,0,0,0,1,0,3,0
4449,2009,9,6,3,0,0,2,3,0,1,0
4449,2010,6,5,1,0,0,0,1,0,2,0
4449,2011,6,6,2,0,0,1,0,0,2,0
4450,1994,4,3,0,0,0,0,0,0,2,0
4450,1995,2,2,2,0,0,0,0,0,0,0
4450,1999,1,1,0,0,0,0,0,0,1,0
4450,2000,3,2,1,0,0,0,1,0,1,0
4450,2002,1,1,0,0,0,0,0,0,1,0
4450,2003,3,3,0,0,0,0,0,0,1,0
4468,1991,3,3,0,0,0,0,0,0,0,0
4468,1992,2,2,0,0,0,0,0,0,0,0
4468,1993,3,3,0,0,0,0,0,0,1,0
4468,1994,9,9,4,0,0,0,0,0,4,0
4468,1995,3,3,1,0,0,0,0,0,2,0
4468,1996,4,2,0,0,0,0,2,0,0,0
4468,1997,3,3,0,0,0,0,0,0,1,0
4468,2000,2,2,1,0,0,1,0,0,1,0
4485,1995,2,2,1,0,0,1,0,0,0,0
4487,2001,1,1,0,0,0,0,0,0,0,0
4487,2003,3,1,0,0,0,0,2,0,0,0
4510,1999,3,2,0,0,0,0,1,0,1,0
4510,2000,3,3,1,1,0,0,0,0,1,0
4510,2001,2,2,1,0,0,1,0,0,0,0
4510,2002,3,3,0,0,0,0,0,0,0,0
4510,2003,1,1,0,0,0,0,0,0,1,0
4521,1994,2,2,0,0,0,0,0,0,1,0
4521,1995,1,1,0,0,0,0,0,0,0,0
4526,2003,3,3,1,0,1,0,0,0,1,0
4530,1999,3,1,1,1,0,0,2,0,0,0
4530,2000,6,3,2,0,0,0,3,0,1,0
4530,2001,3,3,0,0,0,0,0,0,2,0
4530,2006,4,3,3,2,0,0,1,0,0,0
4530,2007,7,7,1,0,0,0,0,0,3,0
4530,2008,6,6,3,0,0,0,0,0,2,0
4530,2009,6,5,2,1,0,0,1,0,2,0
4536,2006,1,1,0,0,0,0,0,0,0,0
4558,1995,1,1,0,0,0,0,0,0,1,0
4559,1997,1,1,0,0,0,0,0,0,0,0
4559,2006,1,1,0,0,0,0,0,0,1,0
4561,2007,1,1,0,0,0,0,0,0,1,0
4561,2008,2,1,0,0,0,0,1,0,0,0
4561,2012,3,2,1,0,0,0,0,1,0,0
4570,2003,10,9,2,0,0,1,1,0,3,0
4570,2004,10,9,3,0,0,1,1,0,2,0
4570,2005,3,3,0,0,0,0,0,0,0,0
4578,1996,1,0,0,0,0,0,1,0,0,0
4585,1994,5,4,1,0,0,1,1,0,0,0
4585,1995,2,2,0,0,0,0,0,0,1,0
4585,1996,9,8,0,0,0,0,0,1,1,0
4585,1998,2,2,0,0,0,0,0,0,0,0
4598,2012,1,1,0,0,0,0,0,0,1,0
4601,2006,1,1,0,0,0,0,0,0,0,0
4604,1995,13,11,1,0,0,0,2,0,7,0
4604,1996,14,10,2,1,0,0,4,0,1,0
4604,1998,2,1,0,0,0,0,1,0,1,0
4605,1996,3,2,0,0,0,0,1,0,1,0
4611,2002,2,2,0,0,0,0,0,0,1,0
4611,2003,4,4,2,0,0,2,0,0,2,0
4611,2006,4,2,0,0,0,0,1,0,2,1
4611,2012,1,1,0,0,0,0,0,0,0,0
4619,2007,3,3,2,0,0,1,0,0,1,0
4619,2008,3,2,0,0,0,0,1,0,1,0
4619,2010,3,1,0,0,0,0,2,0,0,0
4619,2011,3,3,1,1,0,0,0,0,1,0
4620,2003,6,5,2,0,0,2,1,0,1,0
4620,2006,3,2,1,0,0,0,1,0,0,0
4620,2007,4,3,2,0,0,0,1,0,0,0
4620,2010,3,3,1,0,1,0,0,0,1,0
4620,2011,3,3,1,0,0,1,0,0,1,0
4625,1999,1,1,1,0,0,0,0,0,0,0
4625,2004,1,0,0,0,0,0,1,0,0,0
4626,1995,3,3,1,0,0,1,0,0,0,0
4631,1998,3,3,1,0,0,1,0,0,2,0
4637,2000,2,2,2,0,0,0,0,0,0,0
4637,2006,1,1,1,0,0,1,0,0,0,0
4651,1991,1,1,1,0,1,0,0,0,0,0
4651,1993,3,2,0,0,0,0,0,1,1,0
4651,1994,2,2,1,0,0,0,0,0,0,0
4652,1995,4,3,1,0,0,0,1,0,0,0
4653,1994,1,1,1,1,0,0,0,0,0,0
4666,2008,2,2,2,2,0,0,0,0,0,0
4666,2009,4,4,0,0,0,0,0,0,1,0
4666,2010,1,1,0,0,0,0,0,0,0,0
4666,2011,3,3,2,1,0,0,0,0,1,0
4670,1996,1,1,0,0,0,0,0,0,0,0
4670,1997,4,4,3,1,0,0,0,0,1,0
4693,2009,1,0,0,0,0,0,1,0,0,0
4696,1993,1,1,0,0,0,0,0,0,0,0
4708,1997,5,4,2,0,0,0,1,0,2,0
4708,1998,3,3,0,0,0,0,0,0,2,0
4708,1999,1,1,1,0,0,0,0,0,0,0
4708,2000,5,5,0,0,0,0,0,0,2,0
4708,2001,3,3,1,0,0,0,0,0,1,0
4708,2002,1,1,1,0,0,0,0,0,0,0
4730,2011,2,2,0,0,0,0,0,0,2,0
4731,1997,3,2,2,1,0,1,1,0,0,0
4731,1998,6,5,2,1,0,0,1,0,1,0
4731,1999,3,2,2,0,1,0,1,0,0,0
4731,2000,3,2,0,0,0,0,1,0,1,0
4731,2001,2,1,0,0,0,0,1,0,1,0
4731,2002,2,2,0,0,0,0,0,0,1,0
4731,2004,2,1,1,1,0,0,1,0,0,0
4731,2006,1,0,0,0,0,0,1,0,0,0
4731,2008,1,1,1,0,0,1,0,0,0,0
4744,1996,1,1,1,0,0,0,0,0,0,0
4744,1997,5,3,1,0,0,0,1,0,1,1
4744,1998,5,4,3,0,0,0,1,0,1,0
4744,1999,6,4,0,0,0,0,2,0,1,0
4744,2001,4,2,1,0,0,1,2,0,0,0
4744,2003,7,5,3,1,0,0,2,0,0,0
4785,2003,6,5,1,0,0,1,1,0,2,0
4785,2005,1,1,0,0,0,0,0,0,0,0
4785,2009,1,0,0,0,0,0,1,0,0,0
4801,2010,3,3,0,0,0,0,0,0,2,0
4801,2011,3,3,0,0,0,0,0,0,1,0
4801,2012,5,5,0,0,0,0,0,0,2,0
4803,1994,3,3,0,0,0,0,0,0,0,0
4803,1995,2,1,0,0,0,0,0,1,0,0
4803,1998,3,3,2,1,0,0,0,0,0,0
4803,1999,5,4,0,0,0,0,1,0,3,0
4803,2000,6,5,1,0,0,0,1,0,2,0
4803,2001,3,3,0,0,0,0,0,0,1,0
4803,2003,3,2,1,0,0,1,1,0,1,0
4825,2006,4,4,2,0,0,0,0,0,0,0
4825,2009,1,1,0,0,0,0,0,0,0,0
4825,2010,3,3,2,0,0,1,0,0,1,0
4831,1991,1,1,0,0,0,0,0,0,1,0
4831,1994,4,4,0,0,0,0,0,0,3,0
4834,2004,3,3,1,0,0,0,0,0,1,0
4834,2005,2,1,0,0,0,0,1,0,0,0
4835,1991,1,1,0,0,0,0,0,0,1,0
4835,1992,1,1,0,0,0,0,0,0,0,0
4835,1994,1,1,0,0,0,0,0,0,0,0
4835,1995,1,1,0,0,0,0,0,0,0,0
4835,1996,1,1,0,0,0,0,0,0,0,0
4839,2009,1,1,1,1,0,0,0,0,0,0
4840,1998,2,1,1,0,0,0,1,0,0,0
4844,1995,1,1,0,0,0,0,0,0,0,0
4845,1993,1,1,0,0,0,0,0,0,1,0
4845,1999,1,1,0,0,0,0,0,0,1,0
4845,2001,3,3,1,0,0,1,0,0,1,0
4847,2002,3,2,0,0,0,0,1,0,1,0
4857,1993,3,3,0,0,0,0,0,0,1,0
4857,1994,4,4,1,0,0,0,0,0,1,0
4857,1995,8,6,3,1,0,0,2,0,2,0
4857,1996,4,3,0,0,0,0,1,0,1,0
4857,1997,6,6,1,0,0,1,0,0,3,0
4857,1998,3,3,1,0,0,1,0,0,0,0
4857,1999,10,8,3,0,0,0,2,0,1,0
4857,2001,6,5,0,0,0,0,1,0,1,0
4857,2003,3,2,1,0,0,1,1,0,0,0
4862,1999,1,1,0,0,0,0,0,0,1,0
4862,2002,2,2,1,0,0,0,0,0,1,0
4862,2003,3,3,1,0,0,0,0,0,1,0
4863,1999,8,8,3,0,0,0,0,0,3,0
4863,2000,8,6,1,1,0,0,2,0,3,0
4863,2001,2,2,1,0,0,0,0,0,0,0
4866,1995,2,2,1,0,0,0,0,0,0,0
4869,2003,1,0,0,0,0,0,1,0,0,0
4869,2009,2,2,1,0,0,0,0,0,1,0
4871,2001,3,3,3,1,0,0,0,0,0,0
4871,2002,1,1,1,0,0,0,0,0,0,0
4871,2003,3,3,1,0,0,1,0,0,2,0
4876,2001,2,1,0,0,0,0,1,0,0,0
4882,2004,6,6,3,0,0,1,0,0,1,0
4886,2009,2,1,0,0,0,0,1,0,0,0
4886,2010,1,1,0,0,0,0,0,0,0,0
4896,2006,5,4,3,1,0,2,1,0,1,0
4896,2007,4,2,0,0,0,0,1,1,1,0
4896,2008,3,2,2,1,0,1,1,0,0,0
4896,2009,3,2,1,0,0,0,1,0,0,0
4896,2010,6,6,2,1,0,0,0,0,2,0
4896,2012,3,3,1,0,0,0,0,0,1,0
4910,2003,12,12,3,1,0,1,0,0,5,0
4910,2004,6,5,3,0,0,0,1,0,1,0
4910,2005,3,2,0,0,0,0,1,0,1,0
4910,2008,7,5,2,0,0,0,1,0,0,1
4916,1998,6,5,2,0,1,1,1,0,2,0
4916,1999,7,6,3,1,0,1,1,0,1,0
4916,2000,7,6,1,0,0,1,0,0,1,1
4916,2001,3,2,1,0,0,1,1,0,0,0
4920,1992,1,1,0,0,0,0,0,0,0,0
4920,1993,1,1,0,0,0,0,0,0,0,0
4920,1995,2,1,0,0,0,0,1,0,1,0
4920,1996,2,2,2,0,0,0,0,0,0,0
4920,1997,1,0,0,0,0,0,1,0,0,0
4920,1998,2,0,0,0,0,0,2,0,0,0
4920,1999,2,2,1,0,0,0,0,0,1,0
4920,2000,2,2,0,0,0,0,0,0,1,0
4920,2001,4,4,2,0,0,0,0,0,2,0
4920,2002,1,1,0,0,0,0,0,0,0,0
4920,2003,3,3,0,0,0,0,0,0,2,0
4920,2005,1,1,0,0,0,0,0,0,0,0
4920,2006,1,1,1,0,0,1,0,0,0,0
4920,2007,1,1,0,0,0,0,0,0,1,0
4922,2002,6,6,3,0,0,0,0,0,0,0
4922,2006,10,8,2,1,0,1,2,0,1,0
4929,1994,1,1,0,0,0,0,0,0,1,0
4935,2009,1,1,0,0,0,0,0,0,0,0
4960,1991,2,2,0,0,0,0,0,0,0,0
4960,1994,3,3,1,0,0,0,0,0,1,0
4972,1992,2,2,0,0,0,0,0,0,1,0
4993,1994,3,3,0,0,0,0,0,0,1,0
4996,2001,5,4,1,0,0,1,1,0,1,0
5012,1997,3,2,0,0,0,0,1,0,0,0
5012,1999,6,5,4,2,0,0,1,0,0,0
5016,2006,3,2,1,0,0,0,1,0,1,0
5016,2007,3,3,1,0,0,0,0,0,0,0
5017,1992,3,3,1,1,0,0,0,0,0,0
5019,2004,2,2,0,0,0,0,0,0,2,0
5032,2008,1,1,0,0,0,0,0,0,1,0
5045,1993,5,4,2,0,0,0,1,0,0,0
5045,1994,4,3,0,0,0,0,1,0,1,0
5045,1995,6,5,1,0,0,0,0,1,3,0
5045,1996,8,7,2,1,0,0,1,0,3,0
5045,2003,1,1,0,0,0,0,0,0,1,0
5045,2004,3,2,0,0,0,0,1,0,0,0
5053,2008,9,9,2,0,0,1,0,0,2,0
5053,2010,2,1,1,0,0,1,0,1,0,0
5053,2011,6,6,0,0,0,0,0,0,3,0
5059,2000,1,0,0,0,0,0,1,0,0,0
5063,2003,4,3,0,0,0,0,1,0,1,0
5079,2004,1,1,0,0,0,0,0,0,1,0
5079,2009,1,0,0,0,0,0,1,0,0,0
5093,2009,2,2,1,1,0,0,0,0,0,0
5093,2010,3,3,0,0,0,0,0,0,1,0
5093,2011,3,3,1,0,0,0,0,0,0,0
5094,2011,2,2,0,0,0,0,0,0,2,0
5108,1991,2,2,1,0,0,0,0,0,1,0
5108,1998,2,2,1,0,0,0,0,0,1,0
5108,2003,2,1,0,0,0,0,1,0,0,0
5118,1997,4,3,2,1,0,0,0,1,1,0
5118,1999,3,3,0,0,0,0,0,0,2,0
5118,2001,9,5,1,0,0,1,3,1,1,0
5121,1996,2,2,0,0,0,0,0,0,1,0
5121,1997,3,3,1,0,0,0,0,0,2,0
5121,1998,1,1,0,0,0,0,0,0,1,0
5121,1999,1,1,0,0,0,0,0,0,1,0
5121,2000,3,2,1,0,0,0,1,0,1,0
5126,1995,1,1,0,0,0,0,0,0,1,0
5128,1992,1,1,0,0,0,0,0,0,1,0
5128,1994,3,3,1,0,0,0,0,0,2,0
5128,1995,2,1,0,0,0,0,0,0,0,1
5144,2004,4,3,1,1,0,0,0,1,0,0
5144,2005,2,2,0,0,0,0,0,0,1,0
5150,1991,1,1,0,0,0,0,0,0,0,0
5150,1994,2,2,0,0,0,0,0,0,0,0
5150,1995,2,2,1,1,0,0,0,0,1,0
5181,2004,1,1,0,0,0,0,0,0,0,0
5184,1993,1,1,0,0,0,0,0,0,0,0
5184,1994,4,4,1,1,0,0,0,0,0,0
5203,2007,3,3,1,0,0,0,0,0,2,0
5203,2008,4,3,1,1,0,0,1,0,1,0
5203,2011,1,1,0,0,0,0,0,0,1,0
5203,2012,1,1,0,0,0,0,0,0,1,0
5207,1994,2,2,0,0,0,0,0,0,1,0
5207,1995,2,2,2,0,0,0,0,0,0,0
5207,1996,1,1,0,0,0,0,0,0,0,0
5209,1998,2,2,0,0,0,0,0,0,2,0
5209,2000,2,2,0,0,0,0,0,0,1,0
5209,2001,5,5,3,0,0,2,0,0,1,0
5209,2002,3,2,0,0,0,0,1,0,1,0
5209,2008,1,1,0,0,0,0,0,0,0,0
5228,1997,1,0,0,0,0,0,1,0,0,0
5228,1999,3,3,0,0,0,0,0,0,0,0
5236,1995,1,1,1,0,0,0,0,0,0,0
5236,1996,4,3,0,0,0,0,1,0,0,0
5236,1997,3,3,1,1,0,0,0,0,1,0
5243,1999,3,2,1,0,0,1,1,0,0,0
5243,2000,7,6,3,0,0,2,1,0,1,0
5243,2002,6,5,3,1,0,1,1,0,0,0
5243,2005,6,3,2,0,0,0,3,0,0,0
5243,2010,3,2,0,0,0,0,1,0,1,0
5246,2009,3,2,1,0,0,0,1,0,0,0
5246,2010,5,4,3,0,0,2,1,0,1,0
5246,2011,3,2,0,0,0,0,1,0,1,0
5252,2010,2,2,0,0,0,0,0,0,0,0
5258,2008,3,2,0,0,0,0,1,0,1,0
5258,2009,3,2,1,0,0,0,1,0,1,0
5270,2011,5,4,2,0,0,0,1,0,0,0
5293,2012,3,3,1,0,0,1,0,0,0,0
5301,1994,2,2,0,0,0,0,0,0,0,0
5306,1995,6,5,0,0,0,0,1,0,0,0
5306,1997,1,0,0,0,0,0,1,0,0,0
5315,1996,2,1,1,0,0,1,1,0,0,0
5331,1993,1,1,0,0,0,0,0,0,0,0
5331,1995,1,0,0,0,0,0,1,0,0,0
5349,1997,3,3,0,0,0,0,0,0,2,0
5349,1998,5,4,1,0,0,0,1,0,2,0
5349,1999,6,6,2,1,0,1,0,0,3,0
5349,2002,1,1,0,0,0,0,0,0,1,0
5359,2003,3,3,0,0,0,0,0,0,2,0
5359,2004,1,1,0,0,0,0,0,0,0,0
5359,2005,8,8,1,0,0,1,0,0,2,0
5361,1999,1,1,1,0,0,0,0,0,0,0
5361,2000,4,3,1,1,0,0,1,0,1,0
5361,2001,1,1,0,0,0,0,0,0,1,0
5361,2003,1,0,0,0,0,0,1,0,0,0
5361,2004,1,0,0,0,0,0,1,0,0,0
5361,2005,1,0,0,0,0,0,1,0,0,0
5361,2012,1,1,0,0,0,0,0,0,1,0
5364,2012,2,2,1,0,0,0,0,0,0,0
5384,2007,3,2,0,0,0,0,1,0,1,0
5384,2008,9,6,5,1,0,1,3,0,1,0
5384,2009,7,5,3,0,0,1,2,0,0,0
5392,1996,1,1,0,0,0,0,0,0,1,0
5392,2004,1,1,1,0,0,1,0,0,0,0
5400,2009,1,1,1,0,0,0,0,0,0,0
5402,2008,3,3,0,0,0,0,0,0,1,0
5407,1996,1,0,0,0,0,0,1,0,0,0
5416,2009,1,1,0,0,0,0,0,0,1,0
5416,2011,1,1,0,0,0,0,0,0,0,0
5430,1996,3,2,1,0,0,0,1,0,1,0
5430,1997,2,1,0,0,0,0,1,0,1,0
5430,2001,1,1,1,0,0,1,0,0,0,0
5438,2006,3,3,0,0,0,0,0,0,2,0
5438,2012,2,1,0,0,0,0,1,0,0,0
5440,2012,1,1,0,0,0,0,0,0,1,0
5441,1996,3,0,0,0,0,0,3,0,0,0
5441,1997,1,0,0,0,0,0,1,0,0,0
5444,1997,1,1,1,0,0,0,0,0,0,0
5444,2003,3,3,1,1,0,0,0,0,0,0
5464,1992,2,2,1,0,0,0,0,0,0,0
5471,2010,4,4,2,1,0,0,0,0,1,0
5480,2003,3,1,0,0,0,0,2,0,1,0
5480,2004,2,1,1,0,0,1,1,0,0,0
5480,2007,3,3,0,0,0,0,0,0,1,0
5487,2010,1,1,0,0,0,0,0,0,0,0
5489,1998,2,1,0,0,0,0,1,0,0,0
5497,2008,1,1,0,0,0,0,0,0,0,0
5505,2002,2,2,0,0,0,0,0,0,1,0
5505,2003,1,1,0,0,0,0,0,0,0,0
5513,1994,5,4,1,0,0,1,1,0,1,0
5515,2010,1,1,1,1,0,0,0,0,0,0
5516,2009,1,1,0,0,0,0,0,0,1,0
5521,2001,4,4,2,0,0,2,0,0,2,0
5537,1991,2,1,0,0,0,0,1,0,0,0
5537,1993,1,1,0,0,0,0,0,0,1,0
5538,1997,2,1,0,0,0,0,1,0,0,0
5539,1996,3,3,1,1,0,0,0,0,1,0
5539,1999,5,5,0,0,0,0,0,0,1,0
5560,1998,5,5,3,1,0,0,0,0,1,0
5560,1999,4,4,1,0,0,1,0,0,2,0
5560,2000,1,0,0,0,0,0,0,1,0,0
5560,2002,3,3,0,0,0,0,0,0,1,0
5560,2003,4,3,2,1,0,0,1,0,0,0
5562,2007,3,1,1,0,0,1,2,0,0,0
5563,2006,3,2,0,0,0,0,1,0,0,0
5563,2008,3,3,0,0,0,0,0,0,3,0
5563,2009,3,2,1,0,0,0,1,0,1,0
5563,2011,1,1,0,0,0,0,0,0,0,0
5563,2012,1,1,0,0,0,0,0,0,0,0
5576,1997,4,4,1,0,0,0,0,0,0,0
5578,2000,1,1,0,0,0,0,0,0,0,0
5579,2004,1,1,0,0,0,0,0,0,0,0
5588,1996,1,1,0,0,0,0,0,0,1,0
5588,2004,3,3,1,0,0,1,0,0,1,0
5588,2006,6,5,0,0,0,0,1,0,4,0
5601,2006,1,1,0,0,0,0,0,0,1,0
5622,1995,2,2,0,0,0,0,0,0,1,0
5622,1996,2,2,0,0,0,0,0,0,2,0
5622,1997,2,2,0,0,0,0,0,0,2,0
5622,1998,1,0,0,0,0,0,1,0,0,0
5622,1999,4,4,1,0,0,1,0,0,1,0
5622,2000,3,2,0,0,0,0,1,0,1,0
5628,2006,1,1,0,0,0,0,0,0,0,0
5665,1997,2,2,1,1,0,0,0,0,1,0
5665,1998,3,3,1,0,0,0,0,0,2,0
5665,1999,4,2,2,1,0,1,2,0,0,0
5665,2000,1,1,1,1,0,0,0,0,0,0
5665,2001,4,4,3,0,0,2,0,0,0,0
5665,2002,1,1,0,0,0,0,0,0,1,0
5665,2003,1,1,0,0,0,0,0,0,0,0
5665,2006,1,1,1,0,0,0,0,0,0,0
5665,2008,1,1,0,0,0,0,0,0,0,0
5690,2003,1,0,0,0,0,0,1,0,0,0
5697,1998,3,2,0,0,0,0,1,0,0,0
5701,2002,1,1,0,0,0,0,0,0,1,0
5701,2003,1,1,0,0,0,0,0,0,1,0
5701,2004,1,1,0,0,0,0,0,0,1,0
5727,1992,2,2,0,0,0,0,0,0,0,0
5727,1994,2,2,1,0,0,0,0,0,0,0
5727,1995,3,1,0,0,0,0,2,0,0,0
5727,1996,3,2,1,0,0,1,1,0,0,0
5727,1997,3,3,2,1,0,0,0,0,1,0
5733,1997,3,3,0,0,0,0,0,0,0,0
5737,1995,1,1,0,0,0,0,0,0,1,0
5737,1996,9,7,3,1,0,0,2,0,2,0
5737,1997,6,6,0,0,0,0,0,0,1,0
5743,2009,3,3,0,0,0,0,0,0,0,0
5744,1997,3,2,2,0,0,1,1,0,0,0
5744,2006,1,1,1,0,0,0,0,0,0,0
5757,2006,3,3,0,0,0,0,0,0,1,0
5757,2007,7,7,0,0,0,0,0,0,1,0
5757,2008,3,3,0,0,0,0,0,0,3,0
5759,1996,3,2,0,0,0,0,1,0,0,0
5759,1997,2,1,1,0,0,0,1,0,0,0
5770,2000,1,1,0,0,0,0,0,0,1,0
5770,2001,2,2,0,0,0,0,0,0,0,0
5770,2006,1,1,0,0,0,0,0,0,1,0
5815,2007,3,2,1,0,0,0,1,0,0,0
5820,2002,4,3,1,0,0,0,1,0,0,0
5820,2004,5,5,1,0,0,0,0,0,1,0
5820,2005,3,3,1,0,0,1,0,0,1,0
5820,2007,3,2,1,0,0,0,1,0,1,0
5826,2004,3,3,1,1,0,0,0,0,0,0
5826,2005,1,1,1,0,0,0,0,0,0,0
5846,2002,2,1,1,0,0,1,1,0,0,0
5852,1991,3,3,1,0,0,0,0,0,0,0
5852,1997,3,1,0,0,0,0,1,0,0,1
5852,1998,3,3,1,0,0,0,0,0,0,0
5853,1995,2,2,1,0,1,0,0,0,1,0
5853,1996,1,0,0,0,0,0,1,0,0,0
5856,1999,3,3,1,0,0,1,0,0,2,0
5860,1993,1,0,0,0,0,0,0,1,0,0
5860,1995,2,0,0,0,0,0,2,0,0,0
5864,1992,1,1,0,0,0,0,0,0,0,0
5867,2003,1,0,0,0,0,0,1,0,0,0
5871,1997,3,3,1,0,0,0,0,0,1,0
5871,2000,3,3,2,0,0,1,0,0,0,0
5877,2002,1,1,1,0,0,0,0,0,0,0
5877,2003,3,3,1,0,0,0,0,0,0,0
5877,2007,1,1,0,0,0,0,0,0,1,0
5882,2001,1,1,0,0,0,0,0,0,1,0
5882,2004,12,8,1,0,0,1,3,1,4,0
5898,1994,1,1,1,1,0,0,0,0,0,0
5902,2001,2,2,1,0,0,1,0,0,1,0
5902,2003,7,6,2,1,0,0,0,0,2,1
5902,2004,3,2,1,0,0,0,1,0,0,0
5902,2005,1,1,0,0,0,0,0,0,0,0
5907,2011,1,1,0,0,0,0,0,0,1,0
5909,2000,2,2,0,0,0,0,0,0,2,0
5909,2002,3,3,0,0,0,0,0,0,0,0
5909,2003,4,4,1,0,0,0,0,0,1,0
5924,2010,1,1,0,0,0,0,0,0,1,0
5947,1995,6,5,2,1,0,0,1,0,2,0
5947,1996,2,2,1,0,0,0,0,0,0,0
5947,1998,3,2,0,0,0,0,1,0,0,0
5948,2001,2,2,0,0,0,0,0,0,2,0
5948,2003,3,3,2,0,0,1,0,0,0,0
5948,2004,4,3,1,0,0,0,1,0,0,0
5948,2005,1,1,0,0,0,0,0,0,0,0
5973,2003,1,1,0,0,0,0,0,0,1,0
5974,2004,2,2,0,0,0,0,0,0,1,0
5979,1992,1,0,0,0,0,0,1,0,0,0
5985,1999,1,1,0,0,0,0,0,0,1,0
5985,2000,2,0,0,0,0,0,2,0,0,0
5985,2001,2,2,0,0,0,0,0,0,1,0
5985,2004,2,2,1,0,0,0,0,0,0,0
5994,2000,2,2,1,0,0,0,0,0,0,0
5994,2001,1,0,0,0,0,0,1,0,0,0
5996,2010,1,1,0,0,0,0,0,0,1,0
5999,1999,2,2,2,0,0,0,0,0,0,0
5999,2002,1,0,0,0,0,0,1,0,0,0
5999,2003,2,1,1,1,0,0,1,0,0,0
5999,2004,1,0,0,0,0,0,1,0,0,0
5999,2005,3,2,1,0,0,0,1,0,0,0
6005,2002,1,1,1,0,0,0,0,0,0,0
6012,2005,1,1,0,0,0,0,0,0,1,0
6019,2007,1,1,0,0,0,0,0,0,0,0
6023,2006,6,5,1,0,0,0,1,0,1,0
6064,1995,3,3,1,0,1,0,0,0,1,0
6064,1996,2,1,0,0,0,0,1,0,0,0
6064,1997,6,6,2,0,0,0,0,0,2,0
6073,1994,1,1,1,1,0,0,0,0,0,0
6073,1995,1,1,1,0,0,0,0,0,0,0
6099,2009,3,3,0,0,0,0,0,0,1,0
6118,2002,3,2,0,0,0,0,1,0,0,0
6118,2003,3,3,0,0,0,0,0,0,2,0
6118,2006,3,2,0,0,0,0,1,0,1,0
6118,2008,9,8,0,0,0,0,1,0,3,0
6118,2009,4,3,0,0,0,0,1,0,1,0
6122,1997,2,2,0,0,0,0,0,0,0,0
6127,2007,3,2,0,0,0,0,0,1,0,0
6127,2008,3,3,0,0,0,0,0,0,3,0
6127,2009,1,1,0,0,0,0,0,0,1,0
6127,2010,3,1,0,0,0,0,2,0,1,0
6127,2011,2,1,1,0,0,1,1,0,0,0
6127,2012,1,1,0,0,0,0,0,0,0,0
6180,1997,3,3,0,0,0,0,0,0,2,0
6248,2003,3,2,0,0,0,0,1,0,0,0
6248,2004,3,3,0,0,0,0,0,0,1,0
6267,2009,1,1,0,0,0,0,0,0,0,0
6270,1991,1,1,1,0,0,0,0,0,0,0
6270,1992,2,1,0,0,0,0,1,0,0,0
6271,2010,1,1,0,0,0,0,0,0,0,0
6271,2011,1,1,0,0,0,0,0,0,0,0
6275,1994,5,4,1,0,0,1,1,0,0,0
6285,2006,2,2,1,1,0,0,0,0,1,0
6285,2007,2,2,1,0,0,0,0,0,0,0
6292,2006,18,14,1,0,0,1,2,1,3,1
6292,2007,5,4,3,0,0,0,1,0,0,0
6292,2008,6,6,1,0,0,0,0,0,0,0
6292,2010,2,2,0,0,0,0,0,0,2,0
6307,1995,3,1,0,0,0,0,2,0,1,0
6310,2000,1,1,0,0,0,0,0,0,0,0
6319,1993,2,2,1,0,0,1,0,0,0,0
6319,1994,2,2,0,0,0,0,0,0,0,0
6321,1994,7,6,2,1,0,0,1,0,1,0
6330,1994,1,0,0,0,0,0,1,0,0,0
6332,1993,4,2,0,0,0,0,1,0,1,1
6332,1994,3,2,1,0,0,1,1,0,1,0
6332,1995,6,6,0,0,0,0,0,0,2,0
6332,2002,4,3,1,0,0,1,1,0,0,0
6332,2003,6,3,1,0,0,0,3,0,2,0
6332,2004,14,10,1,0,0,0,4,0,2,0
6332,2005,5,4,1,0,0,0,1,0,1,0
6334,1991,2,2,0,0,0,0,0,0,0,0
6376,2000,1,0,0,0,0,0,1,0,0,0
6376,2004,1,1,0,0,0,0,0,0,0,0
6378,2006,3,3,2,0,0,0,0,0,1,0
6378,2011,4,4,2,1,0,0,0,0,1,0
6380,1996,1,1,1,0,0,0,0,0,0,0
6380,1997,2,2,1,0,0,1,0,0,1,0
6380,1998,1,1,1,0,0,0,0,0,0,0
6380,1999,2,1,0,0,0,0,1,0,0,0
6380,2000,2,0,0,0,0,0,2,0,0,0
6380,2001,2,1,0,0,0,0,1,0,0,0
6380,2002,3,1,0,0,0,0,1,1,0,0
6382,2001,2,2,0,0,0,0,0,0,2,0
6386,2007,3,3,3,1,0,1,0,0,0,0
6386,2010,6,5,3,1,0,2,1,0,1,0
6386,2011,3,3,1,0,0,0,0,0,1,0
6391,2007,2,0,0,0,0,0,2,0,0,0
6391,2008,3,1,0,0,0,0,2,0,1,0
6391,2009,1,1,0,0,0,0,0,0,0,0
6391,2010,1,1,1,0,0,1,0,0,0,0
6395,1996,3,2,1,0,0,0,1,0,1,0
6395,1997,2,1,0,0,0,0,1,0,1,0
6399,2008,3,3,0,0,0,0,0,0,1,0
6412,2003,2,2,0,0,0,0,0,0,1,0
6412,2004,1,0,0,0,0,0,1,0,0,0
6412,2006,1,1,0,0,0,0,0,0,0,0
6413,2001,6,6,1,0,0,0,0,0,3,0
6413,2002,6,4,1,0,0,0,1,0,1,1
6414,1998,3,2,2,1,0,1,1,0,0,0
6414,1999,3,2,1,1,0,0,1,0,0,0
6414,2008,1,1,0,0,0,0,0,0,0,0
6422,1995,1,1,1,0,0,1,0,0,0,0
6423,2000,2,2,0,0,0,0,0,0,1,0
6423,2001,3,2,1,1,0,0,1,0,1,0
6423,2006,3,3,1,0,0,0,0,0,1,0
6425,1995,4,4,2,0,0,1,0,0,1,0
6425,1996,3,2,0,0,0,0,1,0,0,0
6425,1998,4,4,0,0,0,0,0,0,1,0
6425,2002,1,1,1,0,0,1,0,0,0,0
6429,2012,1,1,0,0,0,0,0,0,1,0
6430,1999,8,7,3,1,0,0,1,0,1,0
6430,2000,2,2,0,0,0,0,0,0,0,0
6430,2003,1,1,1,0,0,0,0,0,0,0
6430,2004,1,1,0,0,0,0,0,0,0,0
6450,2003,3,3,0,0,0,0,0,0,1,0
6453,1995,3,2,1,1,0,0,1,0,0,0
6453,1999,3,3,1,0,0,0,0,0,0,0
6460,1995,7,5,2,1,0,0,1,1,1,0
6460,1996,9,6,3,0,0,1,3,0,1,0
6461,2006,1,1,0,0,0,0,0,0,1,0
6461,2009,3,2,1,0,0,0,1,0,0,0
6463,2004,1,1,0,0,0,0,0,0,0,0
6468,2008,6,5,0,0,0,0,1,0,1,0
6468,2010,3,3,1,1,0,0,0,0,0,0
6484,2006,3,3,1,0,0,0,0,0,2,0
6486,2008,3,3,1,0,0,0,0,0,2,0
6489,1994,1,1,0,0,0,0,0,0,0,0
6489,1995,3,2,0,0,0,0,1,0,1,0
6489,1996,2,2,0,0,0,0,0,0,1,0
6489,1997,1,1,0,0,0,0,0,0,1,0
6489,1998,5,5,3,0,0,1,0,0,2,0
6489,1999,4,4,0,0,0,0,0,0,3,0
6489,2003,3,3,2,1,0,0,0,0,0,0
6492,1997,3,3,1,0,0,0,0,0,0,0
6492,1998,1,0,0,0,0,0,1,0,0,0
6492,1999,2,1,0,0,0,0,1,0,0,0
6492,2000,6,5,0,0,0,0,1,0,2,0
6492,2001,3,3,0,0,0,0,0,0,1,0
6492,2002,4,2,0,0,0,0,2,0,1,0
6492,2005,6,5,1,1,0,0,0,1,2,0
6492,2006,3,3,0,0,0,0,0,0,2,0
6511,2005,1,1,0,0,0,0,0,0,1,0
6511,2006,3,3,2,1,0,0,0,0,0,0
6511,2007,3,3,3,1,0,0,0,0,0,0
6511,2008,1,1,1,0,0,1,0,0,0,0
6511,2011,1,0,0,0,0,0,1,0,0,0
6513,2008,3,3,2,1,0,1,0,0,0,0
6522,2001,3,3,0,0,0,0,0,0,2,0
6522,2002,9,7,4,0,0,1,0,2,1,0
6554,2003,2,2,1,0,0,1,0,0,0,0
6554,2004,6,4,2,0,0,0,2,0,0,0
6557,1998,2,1,0,0,0,0,1,0,1,0
6557,1999,1,1,0,0,0,0,0,0,0,0
6557,2000,6,6,1,0,0,0,0,0,2,0
6557,2001,3,3,2,1,0,0,0,0,1,0
6558,2008,3,3,0,0,0,0,0,0,1,0
6569,2003,3,3,0,0,0,0,0,0,1,0
6569,2004,3,3,0,0,0,0,0,0,0,0
6569,2005,1,1,0,0,0,0,0,0,1,0
6569,2006,3,2,1,1,0,0,1,0,1,0
6569,2007,1,1,0,0,0,0,0,0,0,0
6569,2008,1,1,1,0,0,0,0,0,0,0
6569,2012,1,1,0,0,0,0,0,0,1,0
6586,2002,3,2,1,0,0,0,1,0,1,0
6586,2006,2,1,0,0,0,0,1,0,0,0
6596,1995,1,1,0,0,0,0,0,0,1,0
6612,1998,4,4,1,0,0,0,0,0,0,0
6612,1999,3,3,0,0,0,0,0,0,1,0
6612,2000,5,4,1,0,0,0,1,0,3,0
6612,2001,2,2,0,0,0,0,0,0,2,0
6612,2002,2,0,0,0,0,0,2,0,0,0
6612,2012,3,3,2,1,0,1,0,0,0,0
6613,2008,1,1,0,0,0,0,0,0,0,0
6617,2009,3,2,0,0,0,0,1,0,2,0
6617,2011,1,0,0,0,0,0,1,0,0,0
6619,1999,7,6,1,0,0,1,1,0,3,0
6619,2000,1,1,1,1,0,0,0,0,0,0
6619,2001,8,8,2,1,0,1,0,0,4,0
6646,2012,1,0,0,0,0,0,1,0,0,0
6651,2006,1,1,0,0,0,0,0,0,0,0
6661,1999,1,1,1,0,0,0,0,0,0,0
6685,2001,3,2,1,0,0,0,1,0,0,0
6685,2009,2,1,0,0,0,0,1,0,1,0
6697,2001,3,3,0,0,0,0,0,0,2,0
6697,2002,2,1,1,0,0,0,1,0,0,0
6697,2009,1,1,1,0,0,0,0,0,0,0
6697,2011,1,1,0,0,0,0,0,0,0,0
6698,1993,2,1,0,0,0,0,1,0,0,0
6735,2003,15,14,2,1,0,0,1,0,5,0
6735,2004,3,2,0,0,0,0,1,0,0,0
6735,2006,6,5,3,1,0,2,1,0,1,0
6738,1995,4,4,1,0,0,1,0,0,2,0
6738,1996,2,2,0,0,0,0,0,0,0,0
6748,2008,2,0,0,0,0,0,2,0,0,0
6750,2001,2,2,0,0,0,0,0,0,0,0
6760,1993,1,1,0,0,0,0,0,0,0,0
6760,1994,2,2,0,0,0,0,0,0,0,0
6760,1995,2,2,0,0,0,0,0,0,1,0
6760,1996,3,1,1,1,0,0,2,0,0,0
6760,1997,1,1,0,0,0,0,0,0,0,0
6760,1998,1,0,0,0,0,0,1,0,0,0
6760,1999,3,3,0,0,0,0,0,0,1,0
6760,2000,3,2,0,0,0,0,1,0,1,0
6760,2001,3,3,1,0,0,0,0,0,0,0
6760,2002,1,0,0,0,0,0,1,0,0,0
6763,1996,1,1,0,0,0,0,0,0,0,0
6768,1998,1,1,0,0,0,0,0,0,0,0
6768,2000,2,1,0,0,0,0,1,0,0,0
6768,2005,1,0,0,0,0,0,1,0,0,0
6768,2006,3,2,1,0,0,1,1,0,1,0
6768,2008,4,4,1,1,0,0,0,0,1,0
6777,1994,5,5,1,0,0,0,0,0,1,0
6777,1995,4,2,1,0,0,1,2,0,1,0
6777,1996,1,1,1,0,0,0,0,0,0,0
6777,1997,1,1,1,0,0,0,0,0,0,0
6777,2001,2,1,0,0,0,0,1,0,1,0
6785,2004,1,0,0,0,0,0,1,0,0,0
6785,2005,1,1,0,0,0,0,0,0,0,0
6821,2001,1,0,0,0,0,0,1,0,0,0
6830,2012,1,0,0,0,0,0,1,0,0,0
6834,2002,1,1,0,0,0,0,0,0,0,0
6841,1997,1,1,1,0,0,0,0,0,0,0
6841,2000,1,0,0,0,0,0,1,0,0,0
6849,2007,5,5,1,0,0,1,0,0,3,0
6849,2008,6,5,0,0,0,0,1,0,4,0
6849,2010,2,2,1,0,0,0,0,0,0,0
6867,2008,1,1,0,0,0,0,0,0,0,0
6867,2009,1,1,1,1,0,0,0,0,0,0
6870,2002,3,2,0,0,0,0,1,0,1,0
6870,2004,3,1,1,1,0,0,2,0,0,0
6876,2003,6,6,0,0,0,0,0,0,1,0
6876,2004,3,3,2,0,0,0,0,0,0,0
6876,2006,4,4,3,1,0,1,0,0,1,0
6887,2007,2,2,1,0,0,0,0,0,0,0
6895,2007,3,3,0,0,0,0,0,0,0,0
6895,2008,3,3,1,0,0,0,0,0,0,0
6895,2009,1,1,0,0,0,0,0,0,0,0
6918,1997,6,3,1,0,0,0,3,0,1,0
6921,2002,3,2,0,0,0,0,1,0,1,0
6921,2004,1,1,0,0,0,0,0,0,0,0
6921,2006,1,1,0,0,0,0,0,0,1,0
6921,2009,1,1,0,0,0,0,0,0,0,0
6921,2010,2,2,0,0,0,0,0,0,1,0
6935,1998,1,0,0,0,0,0,1,0,0,0
6966,1998,8,4,1,1,0,0,4,0,2,0
6966,1999,12,10,1,0,0,1,2,0,5,0
6966,2000,12,9,1,0,0,0,3,0,4,0
6966,2002,3,3,1,0,0,1,0,0,1,0
6966,2003,3,3,1,0,0,0,0,0,1,0
6966,2004,3,3,1,0,0,1,0,0,0,0
6966,2005,3,3,0,0,0,0,0,0,1,0
6970,1999,2,2,1,0,0,1,0,0,0,0
6970,2000,4,3,0,0,0,0,0,0,1,1
6982,1997,1,1,0,0,0,0,0,0,0,0
6982,2003,3,2,0,0,0,0,0,0,1,1
6982,2004,4,4,1,0,0,1,0,0,1,0
7003,2008,1,1,0,0,0,0,0,0,1,0
7003,2009,2,2,1,1,0,0,0,0,1,0
7003,2010,10,10,3,0,0,0,0,0,3,0
7003,2011,6,5,0,0,0,0,1,0,2,0
7003,2012,6,6,1,0,0,0,0,0,2,0
7005,2007,2,2,1,1,0,0,0,0,0,0
7005,2008,2,2,0,0,0,0,0,0,0,0
7010,2003,1,1,0,0,0,0,0,0,1,0
7027,1997,1,1,1,0,0,1,0,0,0,0
7027,1998,1,1,1,0,0,1,0,0,0,0
7027,1999,3,3,0,0,0,0,0,0,2,0
7027,2000,2,2,2,0,0,0,0,0,0,0
7041,2007,3,1,0,0,0,0,2,0,1,0
7041,2008,6,6,0,0,0,0,0,0,3,0
7051,2000,2,1,0,0,0,0,1,0,0,0
7051,2003,2,2,0,0,0,0,0,0,2,0
7051,2004,1,1,0,0,0,0,0,0,0,0
7051,2005,1,1,0,0,0,0,0,0,0,0
7066,1995,2,2,1,0,0,1,0,0,0,0
7076,1996,1,1,1,0,0,0,0,0,0,0
7076,1997,4,3,0,0,0,0,0,0,2,1
7076,2002,6,6,1,0,0,1,0,0,3,0
7098,1999,10,8,3,1,0,1,2,0,2,0
7098,2000,2,0,0,0,0,0,1,0,0,1
7098,2001,11,10,4,1,0,2,1,0,1,0
7098,2002,5,3,1,0,0,0,2,0,1,0
7098,2006,3,2,1,0,0,0,1,0,1,0
7099,1993,1,0,0,0,0,0,1,0,0,0
7110,2009,3,2,0,0,0,0,1,0,0,0
7110,2010,3,3,0,0,0,0,0,0,0,0
7111,2012,3,3,1,0,0,1,0,0,0,0
7113,1995,3,3,0,0,0,0,0,0,2,0
7113,1997,3,2,1,0,0,0,1,0,0,0
7123,2007,2,2,1,1,0,0,0,0,1,0
7126,2009,2,2,0,0,0,0,0,0,2,0
7126,2011,9,9,3,0,0,1,0,0,1,0
7131,1997,1,1,0,0,0,0,0,0,1,0
7131,1998,2,2,1,0,0,1,0,0,1,0
7136,1992,2,1,0,0,0,0,1,0,0,0
7136,1995,2,1,1,0,0,0,1,0,0,0
7136,1996,4,4,1,0,0,0,0,0,0,0
7153,2006,4,3,2,0,0,0,1,0,1,0
7163,2004,1,1,0,0,0,0,0,0,1,0
7175,1992,1,1,0,0,0,0,0,0,0,0
7185,1997,1,1,0,0,0,0,0,0,0,0
7185,2000,1,1,1,0,0,1,0,0,0,0
7185,2001,2,2,0,0,0,0,0,0,2,0
7186,1992,3,3,1,0,0,0,0,0,1,0
7186,1993,3,1,0,0,0,0,2,0,0,0
7186,1994,8,6,2,1,0,0,2,0,2,0
7186,1996,12,7,4,0,0,1,5,0,2,0
7186,1997,9,7,1,0,0,1,2,0,2,0
7191,1992,3,3,1,0,0,1,0,0,1,0
7191,1994,4,4,0,0,0,0,0,0,1,0
7191,1995,8,6,1,0,0,1,2,0,2,0
7191,1998,3,3,0,0,0,0,0,0,2,0
7194,2012,3,3,0,0,0,0,0,0,1,0
7199,1995,3,1,0,0,0,0,2,0,0,0
7199,1996,1,0,0,0,0,0,1,0,0,0
7202,1997,5,4,1,0,0,0,1,0,0,0
7202,2000,3,3,1,1,0,0,0,0,2,0
7202,2001,2,1,0,0,0,0,1,0,1,0
7211,2011,2,2,1,0,0,0,0,0,0,0
7211,2012,1,1,1,0,0,1,0,0,0,0
7220,2006,2,1,1,0,0,0,1,0,0,0
7220,2007,4,3,0,0,0,0,0,0,1,1
7220,2008,3,3,1,0,0,0,0,0,2,0
7275,1999,1,0,0,0,0,0,1,0,0,0
7299,1992,1,1,0,0,0,0,0,0,0,0
7299,1995,2,2,0,0,0,0,0,0,0,0
7299,2001,2,2,0,0,0,0,0,0,0,0
7301,2000,2,1,0,0,0,0,1,0,0,0
7301,2001,3,2,1,1,0,0,1,0,0,0
7301,2004,1,1,0,0,0,0,0,0,1,0
7310,1999,3,3,1,0,0,0,0,0,0,0
7310,2000,3,3,2,1,0,0,0,0,0,0
7310,2003,3,3,1,0,0,1,0,0,0,0
7310,2005,3,3,1,0,0,0,0,0,1,0
7310,2006,6,3,1,0,0,0,3,0,1,0
7310,2007,9,8,1,0,0,0,1,0,3,0
7310,2008,5,5,1,0,0,0,0,0,2,0
7310,2009,6,5,2,0,0,0,0,0,0,1
7310,2010,5,3,1,0,0,1,2,0,0,0
7311,1996,1,1,0,0,0,0,0,0,0,0
7311,1997,1,1,0,0,0,0,0,0,1,0
7311,1998,3,2,1,1,0,0,1,0,1,0
7311,1999,1,1,1,1,0,0,0,0,0,0
7311,2000,1,0,0,0,0,0,1,0,0,0
7311,2001,1,0,0,0,0,0,1,0,0,0
7311,2003,1,1,0,0,0,0,0,0,1,0
7345,2009,1,1,0,0,0,0,0,0,0,0
7347,1994,2,0,0,0,0,0,2,0,0,0
7368,2008,5,4,2,0,0,0,1,0,0,0
7368,2009,1,1,1,0,0,0,0,0,0,0
7372,1996,2,0,0,0,0,0,1,1,0,0
7372,1997,2,1,0,0,0,0,1,0,1,0
7372,1998,3,1,0,0,0,0,2,0,0,0
7372,1999,4,4,2,0,0,1,0,0,0,0
7372,2000,3,3,1,0,0,1,0,0,0,0
7372,2001,1,1,0,0,0,0,0,0,1,0
7372,2002,1,1,0,0,0,0,0,0,0,0
7380,1995,3,1,0,0,0,0,2,0,1,0
7380,1996,3,1,0,0,0,0,2,0,1,0
7385,2001,2,1,0,0,0,0,0,0,1,1
7386,1997,5,4,0,0,0,0,1,0,0,0
7386,2000,3,2,0,0,0,0,1,0,1,0
7386,2001,5,5,2,0,0,1,0,0,1,0
7388,2000,2,2,1,1,0,0,0,0,0,0
7388,2003,4,2,0,0,0,0,2,0,2,0
7388,2004,1,1,0,0,0,0,0,0,1,0
7397,2009,1,1,1,1,0,0,0,0,0,0
7400,1993,1,0,0,0,0,0,1,0,0,0
7408,1991,2,2,2,0,0,0,0,0,0,0
7408,1999,2,1,1,0,0,0,1,0,0,0
7408,2000,2,2,1,0,0,0,0,0,0,0
7408,2002,1,0,0,0,0,0,1,0,0,0
7428,2008,1,1,1,0,0,0,0,0,0,0
7436,1997,1,0,0,0,0,0,1,0,0,0
7436,2002,1,1,1,0,0,0,0,0,0,0
7436,2003,2,1,0,0,0,0,0,1,0,0
7436,2006,1,1,0,0,0,0,0,0,0,0
7440,2009,1,0,0,0,0,0,1,0,0,0
7447,2008,1,1,0,0,0,0,0,0,0,0
7447,2011,1,1,0,0,0,0,0,0,1,0
7450,1991,5,4,2,1,0,0,1,0,0,0
7452,1996,2,2,2,0,0,0,0,0,0,0
7458,1991,4,4,1,0,0,0,0,0,0,0
7458,1992,1,1,0,0,0,0,0,0,0,0
7458,1994,1,1,0,0,0,0,0,0,1,0
7458,1996,2,0,0,0,0,0,1,1,0,0
7459,2006,1,0,0,0,0,0,1,0,0,0
7459,2007,3,3,0,0,0,0,0,0,2,0
7481,2002,5,4,1,0,0,0,1,0,1,0
7482,2007,1,1,0,0,0,0,0,0,0,0
7491,2007,6,4,3,0,0,2,2,0,0,0
7491,2008,4,2,1,0,0,1,1,0,0,1
7491,2009,3,2,1,1,0,0,1,0,1,0
7491,2010,3,2,1,0,0,0,1,0,0,0
7497,2006,2,1,0,0,0,0,1,0,0,0
7512,1996,2,2,1,0,0,0,0,0,1,0
7512,1997,6,4,1,0,0,0,2,0,1,0
7512,1999,2,2,1,0,0,0,0,0,1,0
7512,2000,4,3,3,0,0,0,1,0,0,0
7512,2001,6,6,3,1,0,0,0,0,2,0
7513,1999,1,1,1,0,0,0,0,0,0,0
7513,2006,2,1,0,0,0,0,1,0,1,0
7513,2007,2,2,1,1,0,0,0,0,1,0
7513,2008,1,1,0,0,0,0,0,0,1,0
7515,2000,4,3,2,0,0,2,1,0,1,0
7515,2003,1,1,1,0,0,0,0,0,0,0
7522,1998,6,6,1,0,0,0,0,0,2,0
7522,1999,7,6,2,0,0,1,1,0,1,0
7522,2000,5,4,1,0,0,1,1,0,2,0
7522,2001,15,12,2,0,0,1,3,0,7,0
7522,2002,10,9,7,0,0,3,1,0,2,0
7526,1993,4,4,0,0,0,0,0,0,1,0
7526,1994,1,1,1,1,0,0,0,0,0,0
7528,2006,4,2,0,0,0,0,2,0,0,0
7528,2007,1,1,0,0,0,0,0,0,0,0
7528,2008,8,8,1,0,0,0,0,0,1,0
7528,2009,3,1,0,0,0,0,2,0,0,0
7540,1993,2,2,0,0,0,0,0,0,0,0
7540,1995,3,1,0,0,0,0,2,0,0,0
7540,1996,2,0,0,0,0,0,2,0,0,0
7540,1997,2,2,0,0,0,0,0,0,0,0
7565,2009,4,4,3,1,0,0,0,0,0,0
7565,2010,2,2,1,0,0,0,0,0,0,0
7824,1999,2,1,1,0,0,0,1,0,0,0
7824,2000,1,0,0,0,0,0,1,0,0,0
7824,2001,4,3,1,0,0,1,1,0,0,0
7829,1997,3,2,0,0,0,0,0,1,1,0
7829,1998,3,2,0,0,0,0,1,0,2,0
7829,1999,10,6,2,1,0,1,4,0,3,0
7829,2000,9,9,3,0,0,1,0,0,2,0
7829,2007,1,0,0,0,0,0,1,0,0,0
7836,1996,3,3,0,0,0,0,0,0,2,0
7836,1997,2,1,1,0,0,0,1,0,0,0
7836,1998,2,2,1,0,0,0,0,0,1,0
7842,2000,2,2,1,0,0,0,0,0,0,0
7879,1992,2,1,0,0,0,0,1,0,0,0
7879,1995,3,3,1,0,0,0,0,0,1,0
7879,1996,1,1,0,0,0,0,0,0,1,0
7879,1997,2,2,1,1,0,0,0,0,1,0
7879,1998,3,3,2,0,0,1,0,0,1,0
7893,1992,2,2,0,0,0,0,0,0,0,0
7893,1993,1,1,1,0,0,1,0,0,0,0
7901,1997,4,3,0,0,0,0,1,0,1,0
7924,1992,3,3,0,0,0,0,0,0,2,0
7924,1994,6,5,1,0,0,0,1,0,1,0
7924,1995,4,2,1,1,0,0,2,0,0,0
7965,2001,1,1,0,0,0,0,0,0,1,0
7970,2004,2,2,0,0,0,0,0,0,0,0
7980,1999,4,2,0,0,0,0,2,0,2,0
7990,1999,2,2,0,0,0,0,0,0,0,0
7999,2007,2,2,1,0,0,0,0,0,1,0
7999,2008,1,1,0,0,0,0,0,0,1,0
8004,1992,3,3,1,0,0,0,0,0,0,0
8004,1993,4,3,2,2,0,0,1,0,0,0
8007,2000,1,1,0,0,0,0,0,0,1,0
8010,1997,3,2,1,0,0,1,1,0,0,0
8010,2000,1,1,0,0,0,0,0,0,1,0
8010,2001,2,2,2,0,0,2,0,0,0,0
8010,2003,2,2,2,0,0,0,0,0,0,0
8010,2004,3,1,0,0,0,0,2,0,1,0
8016,2012,2,2,0,0,0,0,0,0,2,0
8020,2011,3,3,1,1,0,0,0,0,0,0
8023,2007,1,1,1,0,0,1,0,0,0,0
8023,2008,1,1,0,0,0,0,0,0,0,0
8036,2003,1,1,0,0,0,0,0,0,1,0
8036,2004,1,1,0,0,0,0,0,0,0,0
8036,2005,1,1,0,0,0,0,0,0,1,0
8036,2006,2,1,1,0,0,1,1,0,0,0
8051,1995,3,2,1,0,0,0,1,0,0,0
8051,1996,7,6,2,0,0,1,0,1,0,0
8051,1997,3,2,1,0,0,0,0,1,1,0
8051,1998,3,3,0,0,0,0,0,0,1,0
8051,1999,6,6,0,0,0,0,0,0,4,0
8051,2000,3,3,1,0,0,0,0,0,0,0
8051,2001,6,6,0,0,0,0,0,0,2,0
8051,2002,3,2,1,0,0,1,1,0,0,0
8051,2003,3,3,0,0,0,0,0,0,1,0
8051,2006,3,2,1,0,0,0,0,1,1,0
8060,2000,3,3,0,0,0,0,0,0,2,0
8060,2001,5,4,1,1,0,0,1,0,2,0
8060,2002,3,3,1,0,0,0,0,0,1,0
8060,2003,3,1,0,0,0,0,2,0,0,0
8060,2005,3,3,1,0,0,0,0,0,0,0
8060,2006,2,2,1,0,0,0,0,0,0,0
8061,1994,3,2,1,0,0,0,1,0,0,0
8061,1996,7,7,2,1,0,0,0,0,1,0
8061,1998,2,1,0,0,0,0,1,0,0,0
8061,1999,3,2,1,0,0,1,1,0,0,0
8061,2004,1,1,0,0,0,0,0,0,0,0
8069,2001,1,1,1,0,0,0,0,0,0,0
8069,2002,3,3,2,0,0,0,0,0,0,0
8082,1999,2,1,0,0,0,0,1,0,0,0
8089,1999,5,4,0,0,0,0,1,0,1,0
8089,2004,3,2,1,0,0,0,1,0,1,0
8099,2009,1,1,0,0,0,0,0,0,1,0
8120,2000,1,1,0,0,0,0,0,0,0,0
8123,2001,7,4,0,0,0,0,3,0,4,0
8137,1991,3,3,0,0,0,0,0,0,0,0
8137,1994,7,7,1,0,0,0,0,0,1,0
8137,1995,5,5,2,0,0,2,0,0,1,0
8137,1996,5,4,3,0,0,1,1,0,1,0
8137,1997,6,6,0,0,0,0,0,0,2,0
8137,1998,3,3,1,0,0,1,0,0,1,0
8137,2000,3,3,0,0,0,0,0,0,1,0
8137,2001,3,1,0,0,0,0,2,0,0,0
8137,2002,6,5,1,0,0,1,1,0,3,0
8137,2006,6,5,2,0,0,1,1,0,1,0
8137,2007,6,6,3,1,0,0,0,0,1,0
8137,2008,6,5,1,0,0,0,1,0,1,0
8146,1995,1,0,0,0,0,0,1,0,0,0
8146,1996,3,2,0,0,0,0,1,0,1,0
8146,1997,3,3,1,0,0,0,0,0,2,0
8146,1998,2,1,1,0,0,0,1,0,0,0
8146,1999,1,1,0,0,0,0,0,0,1,0
8146,2003,2,2,1,0,0,0,0,0,1,0
8146,2005,1,1,0,0,0,0,0,0,1,0
8146,2006,3,3,1,0,0,0,0,0,0,0
8146,2007,1,1,0,0,0,0,0,0,1,0
8147,1996,2,2,1,0,0,0,0,0,0,0
8147,1997,1,1,0,0,0,0,0,0,0,0
8148,1999,1,1,0,0,0,0,0,0,0,0
8152,2002,3,2,0,0,0,0,1,0,2,0
8176,2011,1,1,1,0,0,0,0,0,0,0
8184,2003,2,2,1,0,0,0,0,0,1,0
8184,2007,2,2,0,0,0,0,0,0,1,0
8184,2008,2,2,0,0,0,0,0,0,0,0
8184,2009,1,1,0,0,0,0,0,0,1,0
8184,2011,1,1,1,0,0,1,0,0,0,0
8187,1996,2,2,0,0,0,0,0,0,1,0
8187,1997,1,0,0,0,0,0,1,0,0,0
8187,1999,2,1,0,0,0,0,1,0,1,0
8193,1991,3,3,3,0,0,0,0,0,0,0
8193,1992,3,3,0,0,0,0,0,0,1,0
8193,1993,3,2,1,0,0,0,0,0,0,1
8193,1997,10,8,1,0,0,0,2,0,3,0
8193,1998,3,3,2,0,0,1,0,0,0,0
8193,1999,5,3,1,1,0,0,2,0,2,0
8201,2000,1,1,0,0,0,0,0,0,0,0
8201,2002,3,1,0,0,0,0,0,1,1,1
8202,2003,1,1,0,0,0,0,0,0,0,0
8219,1992,2,2,2,0,0,0,0,0,0,0
8220,1996,2,2,1,1,0,0,0,0,0,0
8220,1997,2,2,0,0,0,0,0,0,0,0
8220,1998,1,1,0,0,0,0,0,0,1,0
8220,2000,2,2,1,0,0,0,0,0,1,0
8220,2002,1,1,1,0,0,0,0,0,0,0
8221,2006,1,0,0,0,0,0,1,0,0,0
8221,2009,1,1,0,0,0,0,0,0,1,0
8243,2003,1,1,0,0,0,0,0,0,0,0
8261,2008,2,2,0,0,0,0,0,0,0,0
8267,2010,2,2,1,0,0,0,0,0,1,0
8271,1995,2,2,0,0,0,0,0,0,0,0
8271,2001,2,2,0,0,0,0,0,0,1,0
8291,2008,3,1,1,0,0,1,2,0,0,0
8291,2009,7,6,0,0,0,0,1,0,1,0
8291,2010,3,2,0,0,0,0,1,0,1,0
8307,2008,3,1,1,0,0,0,2,0,0,0
8311,1999,5,4,1,0,0,0,1,0,1,0
8311,2000,5,4,0,0,0,0,1,0,1,0
8311,2001,4,4,0,0,0,0,0,0,2,0
8311,2004,2,2,1,0,0,0,0,0,1,0
8326,2012,2,2,0,0,0,0,0,0,0,0
8340,1999,3,2,0,0,0,0,1,0,1,0
8340,2000,5,4,1,0,0,0,1,0,2,0
8340,2001,6,5,3,0,0,2,0,0,1,1
8340,2003,3,2,0,0,0,0,1,0,0,0
8363,2004,3,3,0,0,0,0,0,0,1,0
8372,2011,6,6,2,1,0,0,0,0,3,0
8373,1993,1,1,1,0,0,1,0,0,0,0
8380,1991,1,1,0,0,0,0,0,0,0,0
8387,2007,2,2,2,1,0,1,0,0,0,0
8387,2008,1,0,0,0,0,0,1,0,0,0
8390,2002,1,0,0,0,0,0,1,0,0,0
8390,2003,1,1,1,0,0,0,0,0,0,0
8390,2004,2,1,0,0,0,0,1,0,0,0
8409,2002,4,3,2,0,0,2,1,0,1,0
8409,2003,6,5,1,0,0,1,1,0,1,0
8409,2004,6,5,0,0,0,0,1,0,0,0
8409,2007,1,1,0,0,0,0,0,0,0,0
8424,2008,2,2,1,0,0,0,0,0,0,0
8424,2009,1,1,0,0,0,0,0,0,1,0
8428,1993,1,0,0,0,0,0,0,1,0,0
8437,2006,1,1,1,1,0,0,0,0,0,0
8437,2007,1,1,0,0,0,0,0,0,0,0
8438,2010,2,2,1,0,0,1,0,0,1,0
8449,1999,1,0,0,0,0,0,1,0,0,0
8449,2000,4,2,0,0,0,0,2,0,2,0
8449,2001,2,2,1,0,0,0,0,0,1,0
8449,2003,6,6,3,1,0,0,0,0,1,0
8449,2004,4,2,0,0,0,0,2,0,1,0
8449,2009,1,1,1,0,0,1,0,0,0,0
8451,2008,1,0,0,0,0,0,1,0,0,0
8451,2009,4,3,0,0,0,0,1,0,1,0
8453,2006,1,1,0,0,0,0,0,0,0,0
8453,2007,2,2,0,0,0,0,0,0,2,0
8453,2010,2,2,0,0,0,0,0,0,1,0
8453,2011,1,1,0,0,0,0,0,0,0,0
8461,2008,1,1,0,0,0,0,0,0,0,0
8461,2009,1,1,0,0,0,0,0,0,0,0
8471,2010,6,6,1,0,0,0,0,0,4,0
8474,1994,4,4,0,0,0,0,0,0,2,0
8474,1995,1,0,0,0,0,0,1,0,0,0
8474,1996,3,3,0,0,0,0,0,0,0,0
8474,1997,3,3,2,0,0,1,0,0,1,0
8474,1998,4,3,0,0,0,0,1,0,0,0
8474,2001,3,3,2,1,0,0,0,0,1,0
8474,2003,2,1,0,0,0,0,1,0,0,0
8474,2004,7,6,3,1,0,1,1,0,1,0
8474,2008,3,2,0,0,0,0,1,0,1,0
8474,2009,2,2,1,0,0,1,0,0,0,0
8474,2010,1,1,0,0,0,0,0,0,1,0
8474,2011,1,1,0,0,0,0,0,0,1,0
8474,2012,1,1,0,0,0,0,0,0,0,0
8485,2011,1,1,1,0,0,0,0,0,0,0
8485,2012,1,1,0,0,0,0,0,0,0,0
8488,1997,7,6,0,0,0,0,1,0,3,0
8488,1998,5,3,0,0,0,0,2,0,2,0
8488,2000,6,3,2,2,0,0,3,0,0,0
8496,2003,1,0,0,0,0,0,1,0,0,0
8498,1991,2,2,0,0,0,0,0,0,1,0
8498,1992,1,1,0,0,0,0,0,0,1,0
8498,1995,2,1,0,0,0,0,1,0,0,0
8498,1996,3,3,1,0,0,1,0,0,0,0
8498,1997,1,1,1,0,0,1,0,0,0,0
8500,2007,6,5,0,0,0,0,1,0,2,0
8516,1995,2,2,1,0,0,0,0,0,0,0
8516,2000,1,0,0,0,0,0,1,0,0,0
8519,1993,1,1,0,0,0,0,0,0,0,0
8519,1994,4,3,0,0,0,0,1,0,0,0
8519,1999,5,3,1,0,0,1,2,0,2,0
8530,1994,2,2,0,0,0,0,0,0,1,0
8530,1995,6,3,0,0,0,0,3,0,2,0
8530,1996,6,4,0,0,0,0,2,0,3,0
8530,1997,4,3,0,0,0,0,1,0,0,0
8530,1998,1,0,0,0,0,0,1,0,0,0
8530,1999,2,1,0,0,0,0,0,1,1,0
8530,2003,1,1,0,0,0,0,0,0,0,0
8556,2003,9,8,2,1,0,0,1,0,2,0
8556,2004,8,5,0,0,0,0,3,0,2,0
8556,2005,3,2,0,0,0,0,1,0,1,0
8556,2006,4,3,2,0,0,2,1,0,0,0
8557,1999,3,1,0,0,0,0,2,0,1,0
8557,2001,4,4,1,0,0,0,0,0,0,0
8557,2002,3,2,1,0,0,1,1,0,0,0
8557,2007,1,1,0,0,0,0,0,0,0,0
8560,2007,1,0,0,0,0,0,1,0,0,0
8569,2008,1,1,1,1,0,0,0,0,0,0
8574,2009,2,2,1,0,0,1,0,0,1,0
8574,2010,3,2,2,1,0,1,1,0,0,0
8574,2011,3,2,0,0,0,0,1,0,0,0
8576,2001,2,2,0,0,0,0,0,0,2,0
8576,2002,1,1,0,0,0,0,0,0,0,0
8581,2003,3,3,1,0,0,1,0,0,1,0
8581,2004,4,3,0,0,0,0,1,0,0,0
8581,2006,3,3,0,0,0,0,0,0,3,0
8589,2004,1,1,0,0,0,0,0,0,1,0
8589,2007,1,1,0,0,0,0,0,0,0,0
8597,2009,3,2,0,0,0,0,1,0,0,0
8597,2011,1,1,1,0,0,0,0,0,0,0
8638,2002,3,1,1,0,0,0,2,0,0,0
8638,2006,7,6,0,0,0,0,1,0,2,0
8638,2007,3,0,0,0,0,0,3,0,0,0
8638,2009,3,1,0,0,0,0,2,0,1,0
8638,2012,1,1,0,0,0,0,0,0,1,0
8655,1998,1,0,0,0,0,0,1,0,0,0
8655,2000,2,1,1,0,0,1,1,0,0,0
8665,1992,1,1,0,0,0,0,0,0,1,0
8672,2009,1,0,0,0,0,0,1,0,0,0
8676,1999,3,1,0,0,0,0,2,0,1,0
8676,2000,2,2,0,0,0,0,0,0,0,0
8676,2002,1,1,0,0,0,0,0,0,1,0
8682,2006,2,2,0,0,0,0,0,0,2,0
8682,2007,2,2,0,0,0,0,0,0,2,0
8682,2008,1,1,0,0,0,0,0,0,1,0
8682,2009,1,1,0,0,0,0,0,0,1,0
8710,2012,3,3,0,0,0,0,0,0,2,0
8718,2012,1,1,0,0,0,0,0,0,0,0
8719,2001,1,1,0,0,0,0,0,0,0,0
8720,1998,3,3,0,0,0,0,0,0,2,0
8720,1999,6,5,2,1,0,0,1,0,1,0
8720,2000,6,6,0,0,0,0,0,0,3,0
8720,2002,1,1,0,0,0,0,0,0,1,0
8723,1992,1,1,1,0,0,0,0,0,0,0
8724,1995,2,1,1,0,0,0,1,0,0,0
8724,1996,1,1,0,0,0,0,0,0,1,0
8724,2004,1,1,1,0,0,1,0,0,0,0
8725,2004,2,2,0,0,0,0,0,0,0,0
8725,2007,3,3,0,0,0,0,0,0,2,0
8725,2010,1,1,0,0,0,0,0,0,0,0
8731,1999,2,1,0,0,0,0,1,0,0,0
8731,2000,6,6,2,2,0,0,0,0,2,0
8754,1994,1,0,0,0,0,0,1,0,0,0
8754,1997,1,1,0,0,0,0,0,0,0,0
8756,1997,1,1,1,0,0,0,0,0,0,0
8756,2000,4,4,2,0,0,1,0,0,0,0
8756,2001,4,4,2,1,0,0,0,0,1,0
8757,2009,1,1,0,0,0,0,0,0,1,0
8765,2004,2,2,1,1,0,0,0,0,0,0
8765,2005,3,2,1,0,0,0,1,0,0,0
8774,2012,1,1,0,0,0,0,0,0,0,0
8778,2011,6,6,1,0,0,1,0,0,3,0
8784,2003,14,10,2,0,0,0,4,0,5,0
8784,2004,11,7,3,1,0,1,3,0,2,1
8784,2009,10,9,2,0,0,0,1,0,2,0
8784,2011,6,6,3,1,0,1,0,0,3,0
8787,1993,6,5,0,0,0,0,1,0,0,0
8787,1995,2,2,1,0,0,0,0,0,1,0
8787,1996,10,7,1,0,0,1,3,0,5,0
8787,1997,3,1,1,0,0,0,2,0,0,0
8806,2002,1,1,1,0,1,0,0,0,0,0
8807,2003,3,2,0,0,0,0,1,0,1,0
8807,2011,3,3,0,0,0,0,0,0,1,0
8843,2000,5,3,1,0,0,0,2,0,1,0
8852,2010,3,2,0,0,0,0,1,0,1,0
8858,1993,1,1,0,0,0,0,0,0,0,0
8859,2003,10,10,1,0,0,1,0,0,5,0
8859,2004,2,2,1,0,0,0,0,0,0,0
8859,2011,6,5,3,1,0,1,1,0,1,0
8873,2006,4,3,1,0,0,1,1,0,1,0
8873,2007,2,2,1,0,0,0,0,0,0,0
8873,2008,4,4,2,0,0,2,0,0,0,0
8883,1995,1,1,0,0,0,0,0,0,1,0
8883,1996,4,4,2,0,0,1,0,0,1,0
8883,1997,2,1,0,0,0,0,1,0,0,0
8883,1998,2,2,2,1,0,1,0,0,0,0
8883,1999,2,1,0,0,0,0,1,0,0,0
8883,2000,2,2,1,0,0,1,0,0,0,0
8883,2002,1,1,1,1,0,0,0,0,0,0
8883,2003,1,0,0,0,0,0,1,0,0,0
8883,2008,1,1,1,1,0,0,0,0,0,0
8886,2009,1,1,0,0,0,0,0,0,1,0
8892,2009,2,1,0,0,0,0,1,0,1,0
8892,2010,1,1,1,1,0,0,0,0,0,0
8892,2011,3,2,0,0,0,0,1,0,2,0
8892,2012,1,1,0,0,0,0,0,0,1,0
8910,2012,2,2,0,0,0,0,0,0,0,0
8911,1993,5,5,2,2,0,0,0,0,1,0
8911,1994,3,3,0,0,0,0,0,0,0,0
8918,2003,4,3,0,0,0,0,1,0,2,0
8918,2004,3,2,1,0,0,0,1,0,1,0
8918,2006,3,3,0,0,0,0,0,0,0,0
8918,2007,3,3,1,0,0,0,0,0,2,0
8919,2012,1,1,0,0,0,0,0,0,1,0
8920,1991,3,2,0,0,0,0,1,0,0,0
8922,2006,1,1,0,0,0,0,0,0,1,0
8922,2007,4,4,0,0,0,0,0,0,2,0
8922,2008,9,9,1,0,0,0,0,0,3,0
8922,2009,3,2,0,0,0,0,1,0,1,0
8922,2010,2,2,0,0,0,0,0,0,0,0
8934,1997,2,0,0,0,0,0,1,0,0,1
8934,2000,4,4,1,0,0,1,0,0,3,0
8934,2002,2,1,0,0,0,0,1,0,1,0
8934,2004,5,4,1,0,0,0,1,0,2,0
8934,2005,4,2,1,1,0,0,1,0,0,1
8939,1999,3,3,2,0,0,1,0,0,0,0
8940,2006,2,2,0,0,0,0,0,0,2,0
8940,2008,6,4,1,1,0,0,2,0,3,0
8940,2009,3,2,0,0,0,0,1,0,1,0
8940,2011,2,1,1,0,0,0,1,0,0,0
8940,2012,2,2,1,0,0,0,0,0,0,0
8952,2009,1,1,0,0,0,0,0,0,0,0
8954,1997,3,2,2,0,0,2,1,0,0,0
8956,2011,2,2,0,0,0,0,0,0,0,0
8956,2012,1,1,0,0,0,0,0,0,1,0
8962,1998,3,2,1,0,0,1,1,0,1,0
8962,2000,1,1,0,0,0,0,0,0,0,0
8983,1997,1,0,0,0,0,0,1,0,0,0
8983,1998,1,0,0,0,0,0,1,0,0,0
8983,1999,2,2,2,1,0,0,0,0,0,0
8983,2000,1,1,1,0,0,0,0,0,0,0
8983,2001,2,2,1,0,0,1,0,0,0,0
8990,1996,3,3,1,0,0,0,0,0,1,0
8990,1997,3,3,2,2,0,0,0,0,1,0
8990,1998,4,3,0,0,0,0,0,1,1,0
8990,1999,2,1,0,0,0,0,1,0,1,0
8990,2000,6,5,1,0,0,0,1,0,3,0
8990,2001,4,4,2,0,0,0,0,0,0,0
8990,2006,3,3,0,0,0,0,0,0,1,0
8990,2007,3,3,0,0,0,0,0,0,1,0
8990,2009,3,3,0,0,0,0,0,0,1,0
8991,2001,6,3,0,0,0,0,2,1,2,0
9008,2001,1,1,0,0,0,0,0,0,1,0
9008,2002,1,1,1,1,0,0,0,0,0,0
9008,2004,1,1,0,0,0,0,0,0,0,0
9009,2003,4,3,0,0,0,0,1,0,2,0
9009,2004,2,2,0,0,0,0,0,0,2,0
9009,2005,1,1,1,0,0,0,0,0,0,0
9038,1992,5,4,1,0,0,0,0,0,0,1
9038,1993,4,4,2,0,0,0,0,0,1,0
9038,1994,1,1,0,0,0,0,0,0,0,0
9038,1995,1,1,0,0,0,0,0,0,1,0
9038,1996,3,2,1,0,0,0,1,0,0,0
9038,1997,1,1,0,0,0,0,0,0,1,0
9038,1998,3,3,1,1,0,0,0,0,1,0
9038,2000,1,0,0,0,0,0,0,0,0,1
9038,2001,2,1,0,0,0,0,1,0,0,0
9050,1995,4,4,3,1,0,0,0,0,1,0
9069,2002,6,6,2,1,0,0,0,0,3,0
9069,2003,3,1,0,0,0,0,2,0,1,0
9069,2005,3,3,0,0,0,0,0,0,0,0
9069,2006,2,2,1,0,0,0,0,0,0,0
9069,2007,1,1,0,0,0,0,0,0,0,0
9069,2010,3,2,1,1,0,0,1,0,0,0
9084,1997,1,1,0,0,0,0,0,0,1,0
9084,1998,1,1,1,0,0,0,0,0,0,0
9084,1999,2,2,1,0,0,0,0,0,0,0
9091,1997,3,3,1,0,0,0,0,0,0,0
9091,1998,3,2,1,1,0,0,1,0,0,0
9102,1997,4,3,0,0,0,0,1,0,2,0
9102,1998,4,4,1,1,0,0,0,0,2,0
9102,2001,2,2,0,0,0,0,0,0,2,0
9102,2002,2,2,0,0,0,0,0,0,1,0
9108,1991,5,4,2,1,0,0,1,0,0,0
9108,1999,1,1,0,0,0,0,0,0,0,0
9126,1996,1,1,0,0,0,0,0,0,1,0
9136,1998,2,1,0,0,0,0,1,0,0,0
9136,1999,5,3,2,0,0,2,2,0,1,0
9136,2000,6,4,2,0,0,1,2,0,0,0
9136,2002,3,3,0,0,0,0,0,0,0,0
9136,2004,3,2,1,1,0,0,1,0,0,0
9136,2005,4,3,0,0,0,0,1,0,1,0
9136,2006,1,1,0,0,0,0,0,0,0,0
9136,2009,1,0,0,0,0,0,1,0,0,0
9137,1991,2,2,0,0,0,0,0,0,1,0
9137,1993,1,1,0,0,0,0,0,0,0,0
9137,1994,1,1,0,0,0,0,0,0,1,0
9143,2009,3,3,0,0,0,0,0,0,1,0
9143,2011,10,8,3,1,0,1,2,0,0,0
9152,1999,5,5,0,0,0,0,0,0,2,0
9153,2002,2,1,0,0,0,0,1,0,0,0
9160,1999,1,1,0,0,0,0,0,0,0,0
9160,2002,1,1,0,0,0,0,0,0,1,0
9161,1996,1,1,0,0,0,0,0,0,1,0
9169,2002,8,7,4,1,0,3,1,0,0,0
9176,1999,1,1,0,0,0,0,0,0,0,0
9176,2002,1,1,0,0,0,0,0,0,1,0
9204,1995,5,4,0,0,0,0,1,0,1,0
9204,1997,10,7,3,1,0,0,3,0,0,0
9214,2003,4,4,2,0,0,0,0,0,1,0
9214,2004,6,6,1,1,0,0,0,0,3,0
9217,2006,1,0,0,0,0,0,1,0,0,0
9219,2002,3,3,2,0,0,1,0,0,0,0
9228,2003,2,1,1,0,0,1,1,0,0,0
9229,1996,2,2,0,0,0,0,0,0,1,0
9238,1994,1,1,0,0,0,0,0,0,0,0
9240,2001,4,4,2,2,0,0,0,0,1,0
9242,2011,1,0,0,0,0,0,1,0,0,0
9251,2005,1,0,0,0,0,0,1,0,0,0
9251,2006,2,1,0,0,0,0,1,0,0,0
9251,2007,1,1,0,0,0,0,0,0,0,0
9251,2010,2,1,1,0,0,0,1,0,0,0
9258,1992,1,1,0,0,0,0,0,0,1,0
9258,1993,2,1,1,0,0,0,1,0,0,0
9258,1996,5,5,0,0,0,0,0,0,2,0
9258,1997,2,2,1,0,0,1,0,0,1,0
9258,1998,1,1,0,0,0,0,0,0,0,0
9258,1999,1,1,0,0,0,0,0,0,0,0
9258,2000,2,1,0,0,0,0,1,0,0,0
9293,1995,2,2,1,0,0,0,0,0,0,0
9294,1995,10,10,3,1,0,0,0,0,1,0
9294,1996,9,9,3,0,1,0,0,0,3,0
9294,1997,7,7,4,0,0,2,0,0,1,0
9294,1998,9,8,1,0,0,1,1,0,2,0
9294,1999,7,7,1,0,0,1,0,0,2,0
9294,2000,13,10,2,0,0,0,3,0,4,0
9294,2001,6,5,1,0,0,1,1,0,2,0
9294,2002,3,3,0,0,0,0,0,0,1,0
9294,2004,3,3,0,0,0,0,0,0,1,0
9294,2006,12,9,1,1,0,0,2,0,4,1
9300,1998,1,1,1,0,0,0,0,0,0,0
9312,2000,1,1,1,0,0,1,0,0,0,0
9330,2003,5,5,0,0,0,0,0,0,3,0
9330,2005,5,4,1,1,0,0,1,0,0,0
9330,2008,4,4,0,0,0,0,0,0,2,0
9347,2008,4,4,3,1,0,0,0,0,0,0
9347,2009,1,1,1,0,0,0,0,0,0,0
9347,2010,1,1,0,0,0,0,0,0,0,0
9356,2011,1,1,0,0,0,0,0,0,1,0
9373,2000,5,5,1,1,0,0,0,0,1,0
9379,2004,3,3,0,0,0,0,0,0,3,0
9386,2008,1,0,0,0,0,0,1,0,0,0
9386,2010,1,1,0,0,0,0,0,0,0,0
9386,2011,1,1,0,0,0,0,0,0,1,0
9387,1998,9,7,4,0,0,0,2,0,3,0
9387,1999,4,3,1,0,0,1,1,0,0,0
9387,2000,9,7,2,1,0,0,2,0,2,0
9387,2001,6,5,2,1,0,0,1,0,2,0
9406,2002,2,1,0,0,0,0,1,0,1,0
9406,2005,1,1,0,0,0,0,0,0,0,0
9413,2006,1,0,0,0,0,0,1,0,0,0
9413,2007,1,0,0,0,0,0,1,0,0,0
9419,2009,3,3,1,0,0,0,0,0,1,0
9432,1991,1,1,0,0,0,0,0,0,0,0
9432,1992,1,1,0,0,0,0,0,0,1,0
9437,2001,3,2,1,0,0,0,1,0,0,0
9437,2003,3,1,0,0,0,0,2,0,0,0
9442,2000,7,7,1,0,0,0,0,0,3,0
9442,2002,17,14,4,1,0,0,3,0,4,0
9442,2003,10,10,4,1,0,2,0,0,2,0
9442,2006,9,9,3,0,0,1,0,0,3,0
9467,1992,2,2,0,0,0,0,0,0,1,0
9467,1994,2,2,0,0,0,0,0,0,1,0
9467,2001,8,7,4,0,0,2,1,0,3,0
9467,2002,18,16,8,1,0,7,2,0,3,0
9468,2004,1,1,0,0,0,0,0,0,1,0
9477,2000,3,3,0,0,0,0,0,0,0,0
9477,2001,10,8,5,1,0,1,2,0,2,0
9477,2002,3,3,1,0,0,0,0,0,0,0
9489,2003,1,1,0,0,0,0,0,0,1,0
9489,2004,1,1,1,1,0,0,0,0,0,0
9490,2001,7,6,3,0,0,2,1,0,0,0
9490,2003,2,2,0,0,0,0,0,0,1,0
9490,2004,6,5,1,0,0,0,0,0,0,1
9490,2005,2,2,0,0,0,0,0,0,1,0
9492,1999,3,3,1,1,0,0,0,0,0,0
9492,2000,6,6,1,0,0,0,0,0,1,0
9492,2001,6,6,4,1,0,0,0,0,1,0
9496,1997,3,3,0,0,0,0,0,0,3,0
9496,1998,3,2,2,1,0,0,1,0,0,0
9496,2003,3,2,1,1,0,0,1,0,0,0
9496,2004,2,2,0,0,0,0,0,0,2,0
9523,1995,2,2,0,0,0,0,0,0,2,0
9523,1998,1,0,0,0,0,0,1,0,0,0
9523,1999,3,2,0,0,0,0,1,0,0,0
9523,2005,1,1,0,0,0,0,0,0,1,0
9523,2007,2,1,1,1,0,0,1,0,0,0
9524,2006,3,3,1,0,0,1,0,0,1,0
9527,1994,2,2,0,0,0,0,0,0,1,0
9527,1995,2,1,0,0,0,0,1,0,1,0
9527,1996,5,5,1,1,0,0,0,0,2,0
9527,1997,2,1,0,0,0,0,1,0,0,0
9528,1999,1,1,0,0,0,0,0,0,1,0
9528,2000,1,1,0,0,0,0,0,0,0,0
9528,2002,1,1,1,0,0,0,0,0,0,0
9528,2004,2,2,2,0,0,2,0,0,0,0
9528,2006,3,2,0,0,0,0,1,0,0,0
9528,2007,1,0,0,0,0,0,1,0,0,0
9528,2008,4,3,0,0,0,0,1,0,1,0
9535,2011,3,3,0,0,0,0,0,0,2,0
9554,1999,3,1,0,0,0,0,1,0,1,1
9554,2000,3,0,0,0,0,0,3,0,0,0
9554,2001,3,2,2,1,0,0,1,0,0,0
9554,2003,9,5,1,0,0,0,4,0,0,0
9558,2006,3,3,0,0,0,0,0,0,2,0
9558,2007,3,3,1,0,0,0,0,0,1,0
9559,1991,3,3,0,0,0,0,0,0,3,0
9559,1995,2,2,1,1,0,0,0,0,0,0
9559,1996,3,3,0,0,0,0,0,0,1,0
9559,1997,3,2,1,0,0,0,1,0,0,0
9559,1998,1,1,0,0,0,0,0,0,1,0
9559,1999,2,2,0,0,0,0,0,0,1,0
9559,2000,2,1,0,0,0,0,1,0,0,0
9559,2001,2,2,0,0,0,0,0,0,1,0
9559,2002,2,2,0,0,0,0,0,0,2,0
9559,2003,2,2,0,0,0,0,0,0,2,0
9559,2008,1,1,0,0,0,0,0,0,1,0
9559,2009,2,2,0,0,0,0,0,0,1,0
9581,2012,3,3,2,0,0,0,0,0,0,0
9593,2009,3,2,0,0,0,0,1,0,2,0
9603,2004,1,1,0,0,0,0,0,0,0,0
9603,2005,1,1,0,0,0,0,0,0,0,0
9607,1997,4,4,2,0,0,1,0,0,0,0
9607,1999,4,3,2,0,0,1,1,0,0,0
9612,1994,1,1,0,0,0,0,0,0,1,0
9613,1995,2,0,0,0,0,0,1,1,0,0
9618,2004,1,1,0,0,0,0,0,0,1,0
9620,2002,3,1,1,0,0,0,2,0,0,0
9620,2006,4,3,1,0,0,0,1,0,0,0
9620,2007,4,2,2,0,0,1,2,0,0,0
9620,2008,3,2,0,0,0,0,1,0,1,0
9620,2009,1,1,1,0,0,0,0,0,0,0
9621,1998,1,1,0,0,0,0,0,0,0,0
9621,2002,1,1,1,0,0,0,0,0,0,0
9621,2003,1,1,1,0,0,0,0,0,0,0
9621,2005,1,1,0,0,0,0,0,0,1,0
9623,2005,4,2,0,0,0,0,2,0,2,0
9634,2007,1,1,0,0,0,0,0,0,0,0
9635,1994,1,1,0,0,0,0,0,0,1,0
9635,1995,2,2,0,0,0,0,0,0,1,0
9635,1996,2,1,0,0,0,0,1,0,0,0
9635,1998,3,3,1,1,0,0,0,0,0,0
9637,1997,2,2,1,0,0,1,0,0,0,0
9637,1998,1,0,0,0,0,0,1,0,0,0
9637,2000,3,2,0,0,0,0,1,0,1,0
9637,2001,3,3,2,1,0,0,0,0,0,0
9637,2002,9,7,2,0,0,2,2,0,2,0
9659,1995,3,1,0,0,0,0,2,0,0,0
9659,1996,3,3,0,0,0,0,0,0,2,0
9659,1997,3,2,1,0,0,1,1,0,1,0
9659,2000,3,2,1,1,0,0,1,0,0,0
9659,2001,1,1,0,0,0,0,0,0,1,0
9659,2002,2,1,0,0,0,0,1,0,0,0
9659,2006,3,2,1,0,0,0,1,0,0,0
9659,2007,1,1,0,0,0,0,0,0,0,0
9659,2008,1,1,0,0,0,0,0,0,0,0
9659,2010,2,0,0,0,0,0,2,0,0,0
9659,2011,1,1,0,0,0,0,0,0,0,0
9670,2006,1,1,0,0,0,0,0,0,0,0
9672,2003,2,1,0,0,0,0,1,0,1,0
9688,2009,1,1,0,0,0,0,0,0,1,0
9688,2010,1,1,0,0,0,0,0,0,0,0
9688,2011,1,0,0,0,0,0,1,0,0,0
9699,2003,3,3,1,0,0,0,0,0,0,0
9707,2006,11,10,4,1,0,1,0,1,3,0
9707,2007,4,2,1,0,0,0,1,0,0,1
9707,2008,12,9,4,2,0,1,2,1,2,0
9707,2009,2,2,0,0,0,0,0,0,2,0
9709,1995,2,2,1,0,0,0,0,0,0,0
9709,1996,5,4,1,0,0,0,1,0,0,0
9713,1995,3,3,0,0,0,0,0,0,0,0
9714,2012,1,1,0,0,0,0,0,0,1,0
9715,2001,1,1,0,0,0,0,0,0,1,0
9715,2003,1,1,1,1,0,0,0,0,0,0
9736,1995,3,2,0,0,0,0,1,0,0,0
9751,2002,2,2,1,0,0,0,0,0,1,0
9761,2006,3,3,1,0,0,1,0,0,0,0
9761,2007,1,1,1,0,0,0,0,0,0,0
9761,2008,3,3,1,0,0,0,0,0,2,0
9761,2009,1,1,0,0,0,0,0,0,1,0
9761,2010,2,1,0,0,0,0,1,0,0,0
9761,2012,3,2,0,0,0,0,1,0,1,0
9772,2004,2,2,0,0,0,0,0,0,2,0
9779,1995,3,3,2,1,0,0,0,0,1,0
9779,1996,9,7,1,0,0,1,2,0,2,0
9779,1999,3,2,2,1,0,0,1,0,0,0
9779,2001,1,1,0,0,0,0,0,0,0,0
9780,1997,1,0,0,0,0,0,1,0,0,0
9781,2006,2,2,0,0,0,0,0,0,1,0
9781,2007,1,1,0,0,0,0,0,0,1,0
9781,2008,3,3,1,0,0,0,0,0,1,0
9783,2010,1,1,1,0,0,0,0,0,0,0
9791,2000,1,1,0,0,0,0,0,0,0,0
9803,1997,3,2,0,0,0,0,1,0,2,0
9811,2009,1,1,1,0,0,1,0,0,0,0
9822,2007,3,2,0,0,0,0,1,0,1,0
9835,2012,2,2,0,0,0,0,0,0,2,0
9836,1995,2,1,1,1,0,0,1,0,0,0
9840,1992,1,1,0,0,0,0,0,0,1,0
9840,1993,3,2,2,2,0,0,1,0,0,0
9840,1994,3,3,1,0,0,0,0,0,1,0
9840,1995,3,2,0,0,0,0,1,0,1,0
9840,1996,2,2,0,0,0,0,0,0,0,0
9840,1998,3,3,0,0,0,0,0,0,1,0
9840,1999,3,3,1,0,0,1,0,0,1,0
9840,2000,8,6,1,1,0,0,2,0,1,0
9840,2001,3,3,1,0,0,0,0,0,1,0
9840,2002,6,5,1,0,0,0,1,0,3,0
9840,2006,15,12,1,0,0,0,3,0,4,0
9840,2007,8,5,0,0,0,0,3,0,2,0
9840,2008,6,4,3,0,0,1,2,0,0,0
9878,1999,2,1,0,0,0,0,1,0,0,0
9887,2000,3,3,1,0,0,0,0,0,2,0
9887,2001,4,3,2,1,0,0,1,0,1,0
9887,2002,9,8,1,1,0,0,1,0,3,0
9887,2004,1,1,1,1,0,0,0,0,0,0
9887,2006,1,0,0,0,0,0,0,0,0,1
9893,2010,2,2,0,0,0,0,0,0,1,0
9893,2012,3,3,0,0,0,0,0,0,1,0
9902,2012,1,1,0,0,0,0,0,0,0,0
9921,1999,1,1,0,0,0,0,0,0,0,0
9930,2006,2,1,1,0,0,0,1,0,0,0
9931,1996,6,5,2,0,0,1,1,0,1,0
9931,1997,7,5,2,0,0,1,1,0,1,1
9931,1998,13,12,1,0,0,0,1,0,7,0
9931,1999,6,4,0,0,0,0,2,0,1,0
9943,1999,2,2,0,0,0,0,0,0,1,0
9943,2001,4,1,0,0,0,0,3,0,0,0
9984,2010,1,1,1,0,0,0,0,0,0,0
10001,1997,1,1,0,0,0,0,0,0,0,0
10002,2004,3,3,1,0,0,0,0,0,1,0
10002,2005,2,2,0,0,0,0,0,0,1,0
10007,1994,3,2,1,0,0,0,0,0,0,1
10020,2008,2,0,0,0,0,0,2,0,0,0
10024,1998,4,4,3,1,0,0,0,0,0,0
10026,2008,2,2,1,0,0,1,0,0,1,0
10026,2010,2,2,0,0,0,0,0,0,1,0
10027,2000,6,6,2,0,0,1,0,0,2,0
10027,2001,1,1,0,0,0,0,0,0,1,0
10027,2003,1,1,0,0,0,0,0,0,1,0
10029,1997,6,6,3,0,0,0,0,0,1,0
10029,1998,4,3,1,0,0,1,1,0,2,0
10029,2004,1,1,0,0,0,0,0,0,0,0
10029,2006,1,1,0,0,0,0,0,0,0,0
10038,1992,1,1,0,0,0,0,0,0,0,0
10038,1994,1,1,0,0,0,0,0,0,0,0
10038,1996,1,1,0,0,0,0,0,0,0,0
10050,1999,2,2,1,0,0,0,0,0,1,0
10050,2000,1,1,0,0,0,0,0,0,0,0
10050,2001,2,2,0,0,0,0,0,0,1,0
10050,2002,1,1,0,0,0,0,0,0,0,0
10050,2003,2,2,0,0,0,0,0,0,1,0
10050,2004,1,1,0,0,0,0,0,0,1,0
10050,2005,1,1,0,0,0,0,0,0,0,0
10050,2006,1,1,0,0,0,0,0,0,1,0
10050,2008,2,2,0,0,0,0,0,0,1,0
10050,2009,1,0,0,0,0,0,1,0,0,0
10053,2000,2,2,0,0,0,0,0,0,2,0
10055,1993,4,4,1,0,0,0,0,0,2,0
10055,1994,1,1,0,0,0,0,0,0,1,0
10055,1995,2,2,0,0,0,0,0,0,2,0
10059,1992,3,2,0,0,0,0,1,0,2,0
10059,1993,2,2,0,0,0,0,0,0,0,0
10066,2010,1,1,1,0,0,0,0,0,0,0
10068,2003,3,2,1,0,0,1,1,0,1,0
10068,2005,3,2,2,1,0,0,1,0,0,0
10068,2006,3,2,1,0,0,1,1,0,0,0
10069,2006,11,8,0,0,0,0,2,1,6,0
10069,2007,3,3,0,0,0,0,0,0,1,0
10069,2008,10,10,3,0,0,3,0,0,2,0
10069,2009,6,6,1,0,0,1,0,0,5,0
10069,2011,4,3,0,0,0,0,1,0,1,0
10070,1998,6,5,2,1,0,0,1,0,1,0
10070,1999,2,2,1,1,0,0,0,0,0,0
10093,1996,5,4,2,0,0,1,1,0,1,0
10093,1997,4,3,2,0,0,1,1,0,1,0
10108,2008,1,1,1,0,0,1,0,0,0,0
10111,2010,2,2,0,0,0,0,0,0,1,0
10111,2011,2,2,0,0,0,0,0,0,1,0
10124,1994,1,1,0,0,0,0,0,0,1,0
10125,1998,3,2,1,0,0,0,0,1,1,0
10125,1999,3,3,1,0,0,0,0,0,1,0
10126,2007,3,3,1,0,0,0,0,0,0,0
10146,2004,1,1,0,0,0,0,0,0,1,0
10152,2008,1,1,0,0,0,0,0,0,0,0
10187,1991,2,2,0,0,0,0,0,0,0,0
10187,1994,4,4,3,1,0,2,0,0,0,0
10187,1996,3,3,2,0,0,1,0,0,0,0
10188,1997,9,8,0,0,0,0,1,0,1,0
10188,1999,1,0,0,0,0,0,1,0,0,0
10192,1995,1,1,0,0,0,0,0,0,0,0
10209,2006,10,10,2,0,0,0,0,0,4,0
10209,2007,1,1,0,0,0,0,0,0,0,0
10209,2009,5,4,2,0,0,0,1,0,1,0
10209,2010,3,3,0,0,0,0,0,0,2,0
10209,2011,4,4,1,0,0,0,0,0,1,0
10214,2011,2,2,0,0,0,0,0,0,0,0
10215,1997,2,2,0,0,0,0,0,0,0,0
10215,1998,1,0,0,0,0,0,1,0,0,0
10215,2002,5,3,2,0,0,1,2,0,1,0
10216,1999,1,0,0,0,0,0,1,0,0,0
10216,2000,3,3,1,1,0,0,0,0,0,0
10216,2001,1,1,0,0,0,0,0,0,0,0
10217,2000,4,3,1,0,0,1,0,1,1,0
10217,2001,4,3,0,0,0,0,1,0,1,0
10217,2002,3,3,0,0,0,0,0,0,2,0
10217,2006,12,12,3,0,0,2,0,0,3,0
10217,2007,14,10,2,1,0,1,4,0,5,0
10227,2010,4,4,1,0,0,0,0,0,0,0
10229,2001,8,5,4,1,0,2,3,0,0,0
10229,2004,7,5,2,0,0,0,2,0,0,0
10229,2005,3,2,1,0,0,1,1,0,0,0
10234,2008,2,0,0,0,0,0,1,1,0,0
10234,2009,1,1,0,0,0,0,0,0,1,0
10236,2000,1,1,0,0,0,0,0,0,1,0
10236,2002,1,0,0,0,0,0,1,0,0,0
10236,2003,1,1,0,0,0,0,0,0,1,0
10246,1999,2,2,1,0,0,1,0,0,1,0
10246,2000,2,2,1,0,0,0,0,0,0,0
10246,2001,2,2,0,0,0,0,0,0,2,0
10246,2003,2,1,0,0,0,0,1,0,0,0
10246,2006,3,1,1,0,0,0,2,0,0,0
10249,2006,2,2,1,0,0,0,0,0,0,0
10249,2007,3,3,0,0,0,0,0,0,0,0
10249,2008,3,3,0,0,0,0,0,0,0,0
10249,2009,3,2,0,0,0,0,1,0,1,0
10251,1998,3,3,2,1,0,0,0,0,1,0
10267,1994,3,3,0,0,0,0,0,0,1,0
10267,1995,3,2,1,0,0,1,1,0,1,0
10267,1996,2,2,0,0,0,0,0,0,0,0
10285,1999,1,0,0,0,0,0,1,0,0,0
10288,2010,6,6,3,0,0,1,0,0,1,0
10288,2011,9,7,3,0,0,0,1,0,0,1
10288,2012,3,3,1,1,0,0,0,0,1,0
10294,2002,4,4,1,0,0,1,0,0,1,0
10294,2003,3,2,0,0,0,0,1,0,1,0
10294,2004,3,2,0,0,0,0,1,0,1,0
10294,2006,3,3,1,0,0,0,0,0,1,0
10300,2011,1,1,1,0,0,1,0,0,0,0
10313,1999,3,3,1,0,0,0,0,0,1,0
10313,2001,3,3,1,0,0,0,0,0,1,0
10330,1998,3,3,0,0,0,0,0,0,2,0
10330,2000,2,2,1,0,0,0,0,0,1,0
10330,2001,2,2,1,0,0,0,0,0,1,0
10332,1999,2,2,0,0,0,0,0,0,1,0
10332,2000,10,8,3,0,0,0,2,0,0,0
10332,2003,1,1,0,0,0,0,0,0,0,0
10332,2006,5,5,0,0,0,0,0,0,1,0
10332,2010,1,1,0,0,0,0,0,0,1,0
10351,1995,3,2,2,1,0,1,1,0,0,0
10365,1993,1,1,0,0,0,0,0,0,0,0
10409,2002,1,1,0,0,0,0,0,0,1,0
10409,2004,2,1,0,0,0,0,1,0,0,0
10415,2006,1,0,0,0,0,0,0,1,0,0
10415,2007,5,4,1,0,0,0,1,0,2,0
10415,2008,5,4,1,1,0,0,1,0,3,0
10415,2009,2,1,0,0,0,0,1,0,1,0
10420,2002,1,1,0,0,0,0,0,0,1,0
10427,2009,1,1,0,0,0,0,0,0,0,0
10440,1993,6,6,1,1,0,0,0,0,4,0
10440,1994,9,7,2,1,0,0,2,0,1,0
10440,1996,5,4,1,0,0,0,1,0,1,0
10440,1997,2,2,1,0,0,1,0,0,1,0
10440,1998,7,6,0,0,0,0,1,0,1,0
10440,1999,8,6,1,0,1,0,2,0,4,0
10440,2000,2,1,0,0,0,0,1,0,1,0
10440,2001,6,4,1,0,0,1,2,0,2,0
10440,2002,3,2,0,0,0,0,1,0,1,0
10440,2005,3,2,0,0,0,0,1,0,0,0
10458,2003,12,9,2,1,0,1,3,0,3,0
10458,2004,3,2,1,0,0,1,1,0,0,0
10461,1998,2,2,1,0,0,0,0,0,1,0
10461,2003,1,1,0,0,0,0,0,0,0,0
10468,1998,5,3,1,0,0,0,1,1,1,0
10468,1999,1,1,1,0,0,0,0,0,0,0
10468,2003,1,1,0,0,0,0,0,0,0,0
10507,1997,1,1,1,1,0,0,0,0,0,0
10516,2001,3,3,1,0,0,1,0,0,0,0
10516,2003,3,3,1,0,0,1,0,0,0,0
10516,2004,3,3,0,0,0,0,0,0,2,0
10516,2005,3,3,0,0,0,0,0,0,1,0
10533,1996,3,2,1,0,0,1,1,0,1,0
10537,2006,3,2,0,0,0,0,1,0,0,0
10537,2007,1,1,1,0,0,1,0,0,0,0
10537,2008,2,2,0,0,0,0,0,0,2,0
10546,2003,1,1,1,0,0,1,0,0,0,0
10547,2007,8,7,3,0,0,1,1,0,3,0
10547,2008,3,2,0,0,0,0,1,0,2,0
10547,2009,6,6,1,0,0,0,0,0,2,0
10547,2010,3,3,2,0,0,0,0,0,0,0
10547,2011,7,6,2,0,0,0,1,0,0,0
10547,2012,7,6,1,0,0,0,1,0,4,0
10549,2002,1,1,0,0,0,0,0,0,0,0
10549,2006,2,2,0,0,0,0,0,0,1,0
10549,2008,2,1,0,0,0,0,1,0,1,0
10549,2010,1,1,0,0,0,0,0,0,1,0
10572,1998,1,1,0,0,0,0,0,0,0,0
10572,2002,2,2,0,0,0,0,0,0,0,0
10572,2005,1,1,0,0,0,0,0,0,0,0
10572,2009,1,1,1,0,0,0,0,0,0,0
10576,2007,2,1,1,1,0,0,1,0,0,0
10593,2000,3,3,0,0,0,0,0,0,2,0
10593,2006,1,0,0,0,0,0,0,1,0,0
10595,2004,3,3,2,0,0,1,0,0,1,0
10595,2006,11,9,1,0,0,1,1,0,2,1
10595,2007,8,7,4,0,0,1,1,0,0,0
10595,2008,4,3,1,0,0,1,1,0,0,0
10597,1998,3,3,1,0,0,0,0,0,2,0
10597,2000,2,2,1,1,0,0,0,0,0,0
10601,1996,2,2,0,0,0,0,0,0,2,0
10601,1997,2,2,2,0,0,2,0,0,0,0
10601,1999,2,2,2,1,0,0,0,0,0,0
10609,2010,1,1,0,0,0,0,0,0,0,0
10611,2003,1,1,0,0,0,0,0,0,0,0
10614,2004,2,2,1,0,0,1,0,0,1,0
10625,1999,1,1,0,0,0,0,0,0,0,0
10634,2009,1,0,0,0,0,0,1,0,0,0
10634,2010,4,3,0,0,0,0,1,0,1,0
10634,2011,1,0,0,0,0,0,1,0,0,0
10634,2012,2,2,1,0,0,0,0,0,1,0
10636,1996,2,2,0,0,0,0,0,0,0,0
10636,1997,3,3,1,0,0,0,0,0,0,0
10636,1998,11,10,4,1,0,1,1,0,2,0
10636,1999,5,3,1,0,0,0,2,0,1,0
10636,2000,4,4,3,0,0,0,0,0,1,0
10637,2006,3,3,2,1,0,0,0,0,0,0
10676,2006,3,1,1,0,0,0,2,0,0,0
10677,1996,3,2,1,0,0,0,1,0,0,0
10677,1997,4,4,0,0,0,0,0,0,2,0
10677,1998,3,2,1,0,0,0,1,0,0,0
10679,2007,1,1,0,0,0,0,0,0,1,0
10679,2008,9,7,1,1,0,0,2,0,4,0
10679,2011,2,2,1,0,0,0,0,0,0,0
10682,1996,3,2,0,0,0,0,1,0,0,0
10682,1997,2,2,0,0,0,0,0,0,1,0
10682,1998,2,2,0,0,0,0,0,0,0,0
10682,2004,2,1,1,0,0,0,1,0,0,0
10689,1997,3,3,1,1,0,0,0,0,1,0
10719,1994,2,2,0,0,0,0,0,0,2,0
10720,2003,1,1,0,0,0,0,0,0,1,0
10728,2008,6,5,0,0,0,0,1,0,2,0
10733,2009,1,1,0,0,0,0,0,0,1,0
10733,2010,2,2,0,0,0,0,0,0,0,0
10746,1994,2,1,1,0,0,0,1,0,0,0
10746,1995,3,3,1,1,0,0,0,0,2,0
10752,2002,2,2,1,0,1,0,0,0,1,0
10772,2004,8,6,1,0,0,0,2,0,2,0
10779,1995,2,2,1,0,0,0,0,0,1,0
10782,2003,2,2,0,0,0,0,0,0,0,0
10782,2004,5,4,1,0,0,0,1,0,1,0
10782,2005,6,5,1,0,0,1,1,0,3,0
10793,2006,3,2,1,0,0,0,1,0,0,0
10793,2008,3,2,0,0,0,0,1,0,0,0
10809,1998,2,2,1,0,0,0,0,0,0,0
10809,2000,3,1,0,0,0,0,2,0,0,0
10811,2006,2,2,2,1,0,1,0,0,0,0
10811,2007,1,0,0,0,0,0,1,0,0,0
10820,1995,2,2,1,0,0,0,0,0,1,0
10841,2007,3,3,1,0,0,0,0,0,2,0
10841,2008,9,9,3,0,0,1,0,0,1,0
10846,2007,1,1,1,0,0,0,0,0,0,0
10846,2008,2,2,0,0,0,0,0,0,1,0
10846,2009,3,3,0,0,0,0,0,0,0,0
10846,2010,3,3,0,0,0,0,0,0,2,0
10846,2011,1,1,1,0,0,0,0,0,0,0
10848,2010,2,2,0,0,0,0,0,0,0,0
10848,2011,2,1,0,0,0,0,1,0,0,0
10856,2002,2,1,1,0,0,1,1,0,0,0
10856,2005,2,0,0,0,0,0,2,0,0,0
10872,2007,3,2,0,0,0,0,1,0,0,0
10872,2008,2,2,2,1,0,1,0,0,0,0
10872,2009,15,12,5,0,0,2,3,0,5,0
10879,2000,1,1,0,0,0,0,0,0,1,0
10881,1995,13,11,4,1,0,1,2,0,1,0
10881,1998,3,3,0,0,0,0,0,0,1,0
10881,1999,5,3,1,0,0,0,2,0,1,0
10881,2000,4,3,2,1,1,0,1,0,0,0
10881,2001,16,14,3,0,1,1,2,0,6,0
10881,2002,8,6,2,0,0,1,2,0,2,0
10881,2004,3,3,0,0,0,0,0,0,1,0
10890,2006,1,1,0,0,0,0,0,0,1,0
10890,2007,1,1,0,0,0,0,0,0,1,0
10890,2008,2,2,1,0,0,1,0,0,0,0
10892,2008,1,1,0,0,0,0,0,0,1,0
10916,1996,1,1,0,0,0,0,0,0,0,0
10916,1997,2,2,1,0,0,1,0,0,0,0
10916,1998,4,2,0,0,0,0,2,0,1,0
10916,1999,4,3,1,1,0,0,1,0,1,0
10916,2000,1,1,0,0,0,0,0,0,0,0
10917,2003,1,1,0,0,0,0,0,0,1,0
10920,2000,2,2,1,1,0,0,0,0,0,0
10921,1996,4,4,1,0,0,1,0,0,1,0
10921,1997,7,4,2,1,0,0,3,0,0,0
10921,1998,2,2,1,0,0,0,0,0,0,0
10926,1995,2,2,0,0,0,0,0,0,0,0
10932,2006,1,0,0,0,0,0,1,0,0,0
10933,2000,2,2,2,0,0,0,0,0,0,0
10957,2007,1,1,0,0,0,0,0,0,1,0
10963,1996,5,5,1,0,0,0,0,0,3,0
10963,1997,1,1,0,0,0,0,0,0,0,0
10963,1998,2,2,1,0,0,0,0,0,1,0
10963,1999,4,3,2,1,0,0,1,0,1,0
10963,2000,2,2,0,0,0,0,0,0,1,0
10963,2001,1,1,1,0,0,0,0,0,0,0
10963,2002,3,3,1,0,0,0,0,0,0,0
10963,2003,5,5,0,0,0,0,0,0,3,0
10963,2004,10,9,1,1,0,0,1,0,4,0
10973,2002,1,1,0,0,0,0,0,0,1,0
10973,2003,3,3,0,0,0,0,0,0,0,0
10999,1998,3,1,0,0,0,0,2,0,1,0
10999,2000,3,3,1,1,0,0,0,0,0,0
10999,2001,8,6,2,1,0,0,2,0,2,0
11012,1996,3,3,1,0,0,1,0,0,1,0
11012,2000,3,2,0,0,0,0,1,0,1,0
11026,2009,1,1,0,0,0,0,0,0,1,0
11030,1995,5,5,2,0,0,0,0,0,2,0
11030,1996,1,1,0,0,0,0,0,0,0,0
11030,1997,3,2,1,0,0,1,1,0,0,0
11047,2003,4,4,2,0,0,0,0,0,1,0
11049,2011,3,2,1,1,0,0,1,0,0,0
11049,2012,2,2,2,0,0,0,0,0,0,0
11071,2007,1,0,0,0,0,0,1,0,0,0
11071,2010,1,1,1,0,0,1,0,0,0,0
11079,2003,2,1,0,0,0,0,1,0,0,0
11079,2004,1,1,0,0,0,0,0,0,0,0
11090,1992,3,2,1,0,0,0,0,1,0,0
11090,1993,5,5,1,0,0,0,0,0,2,0
11090,1994,9,9,3,0,0,0,0,0,1,0
11090,1995,6,5,2,0,0,0,1,0,0,0
11090,1997,4,2,0,0,0,0,2,0,1,0
11109,2003,2,2,1,0,0,1,0,0,1,0
11112,2006,3,2,0,0,0,0,1,0,1,0
11112,2007,3,2,0,0,0,0,1,0,1,0
11112,2008,1,1,0,0,0,0,0,0,0,0
11112,2009,1,1,0,0,0,0,0,0,0,0
11128,2012,1,1,1,0,0,0,0,0,0,0
11141,1997,6,5,2,1,0,0,1,0,2,0
11141,2000,1,0,0,0,0,0,1,0,0,0
11141,2001,3,3,0,0,0,0,0,0,1,0
11141,2002,7,5,2,1,0,1,2,0,1,0
11167,1997,1,1,0,0,0,0,0,0,1,0
11167,2000,2,2,0,0,0,0,0,0,1,0
11167,2001,1,1,0,0,0,0,0,0,1,0
11167,2004,1,0,0,0,0,0,1,0,0,0
11172,1995,1,1,0,0,0,0,0,0,1,0
11172,1997,5,4,2,0,0,1,1,0,1,0
11172,1998,1,1,0,0,0,0,0,0,1,0
11172,1999,5,4,0,0,0,0,1,0,0,0
11172,2000,7,7,2,0,0,0,0,0,0,0
11172,2001,9,6,1,0,0,0,2,0,1,1
11172,2002,10,9,3,1,0,1,1,0,2,0
11172,2003,6,5,2,0,1,0,1,0,2,0
11172,2004,3,3,1,0,0,1,0,0,0,0
11172,2005,3,2,2,0,0,0,1,0,0,0
11178,1992,3,2,0,0,0,0,1,0,0,0
11178,1993,2,2,0,0,0,0,0,0,0,0
11192,1999,2,2,1,0,0,0,0,0,1,0
11192,2000,10,8,7,1,0,3,2,0,0,0
11192,2001,6,5,1,0,0,0,1,0,2,0
11204,2012,3,3,1,0,0,1,0,0,1,0
11207,2010,1,1,0,0,0,0,0,0,0,0
11215,1998,6,3,0,0,0,0,3,0,1,0
11217,1997,4,4,2,0,0,0,0,0,1,0
11217,1998,2,2,1,0,0,0,0,0,0,0
11217,2002,1,1,1,0,0,1,0,0,0,0
11240,2011,1,0,0,0,0,0,1,0,0,0
11242,2004,1,1,1,0,0,1,0,0,0,0
11244,2010,2,1,0,0,0,0,1,0,0,0
11245,2006,2,1,0,0,0,0,1,0,0,0
11245,2007,2,1,0,0,0,0,0,1,0,0
11245,2009,3,2,0,0,0,0,1,0,1,0
11245,2010,1,1,0,0,0,0,0,0,0,0
11247,2000,3,2,0,0,0,0,1,0,0,0
11247,2001,1,0,0,0,0,0,1,0,0,0
11247,2002,1,1,0,0,0,0,0,0,0,0
11256,1992,5,5,1,0,0,1,0,0,2,0
11256,1993,6,4,0,0,0,0,1,0,2,1
11256,1994,8,7,1,1,0,0,1,0,3,0
11256,1995,2,2,0,0,0,0,0,0,0,0
11256,1996,10,7,4,0,0,2,3,0,1,0
11256,1997,3,3,0,0,0,0,0,0,2,0
11256,1998,3,2,0,0,0,0,1,0,0,0
11269,2007,3,2,0,0,0,0,1,0,0,0
11276,1998,1,1,0,0,0,0,0,0,1,0
11282,2006,2,1,1,0,0,0,1,0,0,0
11285,2002,3,2,0,0,0,0,1,0,2,0
11285,2003,1,1,1,0,0,0,0,0,0,0
11285,2004,1,1,0,0,0,0,0,0,0,0
11285,2006,4,4,1,0,0,1,0,0,1,0
11285,2007,3,2,0,0,0,0,1,0,1,0
11295,1994,1,0,0,0,0,0,1,0,0,0
11295,1997,1,0,0,0,0,0,1,0,0,0
11295,1998,2,2,1,1,0,0,0,0,0,0
11295,1999,3,3,0,0,0,0,0,0,2,0
11325,2009,3,2,2,1,0,0,0,0,0,1
11325,2012,1,1,0,0,0,0,0,0,1,0
11326,2011,1,1,0,0,0,0,0,0,0,0
11336,2003,7,5,3,0,0,1,2,0,1,0
11336,2005,2,2,0,0,0,0,0,0,0,0
11337,2007,3,1,1,0,0,1,2,0,0,0
11337,2008,3,3,1,0,0,0,0,0,1,0
11337,2009,2,1,1,0,0,0,1,0,0,0
11337,2010,1,1,1,1,0,0,0,0,0,0
11341,1991,2,2,1,0,0,0,0,0,0,0
11342,1996,6,5,2,1,0,0,1,0,1,0
11342,1997,5,4,0,0,0,0,1,0,2,0
11364,1991,3,2,1,0,0,0,0,1,0,0
11371,1995,3,2,0,0,0,0,1,0,0,0
11371,1997,10,10,3,2,0,0,0,0,2,0
11371,1998,9,9,1,0,0,1,0,0,2,0
11372,2010,2,1,0,0,0,0,1,0,0,0
11377,2009,1,1,0,0,0,0,0,0,1,0
11398,2010,4,4,1,0,0,0,0,0,1,0
11399,2006,2,1,1,0,0,0,1,0,0,0
11399,2010,1,1,1,0,0,1,0,0,0,0
11424,1996,6,6,5,1,0,2,0,0,1,0
11424,1997,6,6,0,0,0,0,0,0,3,0
11424,1998,7,7,2,0,0,0,0,0,1,0
11424,1999,2,2,2,1,0,0,0,0,0,0
11426,2002,3,3,1,0,0,0,0,0,1,0
11426,2004,10,9,3,1,0,1,1,0,2,0
11426,2005,3,2,0,0,0,0,1,0,2,0
11426,2007,2,2,1,0,0,0,0,0,0,0
11431,1995,1,1,0,0,0,0,0,0,1,0
11431,1996,2,2,1,0,0,0,0,0,1,0
11460,2010,3,2,1,0,0,1,1,0,1,0
11460,2011,1,0,0,0,0,0,1,0,0,0
11466,2010,1,1,1,0,0,0,0,0,0,0
11470,2002,1,1,1,0,0,0,0,0,0,0
11484,2011,3,3,0,0,0,0,0,0,2,0
11489,1994,1,1,0,0,0,0,0,0,1,0
11489,1995,1,1,1,0,0,0,0,0,0,0
11489,1996,1,1,0,0,0,0,0,0,1,0
11489,1997,1,1,1,0,0,0,0,0,0,0
11489,1998,1,1,0,0,0,0,0,0,0,0
11489,1999,1,1,1,0,0,0,0,0,0,0
11489,2003,1,1,1,0,0,1,0,0,0,0
11489,2005,1,0,0,0,0,0,0,0,0,1
11489,2006,2,2,0,0,0,0,0,0,0,0
11489,2008,1,1,1,0,0,1,0,0,0,0
11506,2001,1,0,0,0,0,0,1,0,0,0
11522,1997,3,2,0,0,0,0,1,0,1,0
11522,1999,3,3,1,0,0,0,0,0,1,0
11522,2000,2,2,1,0,0,0,0,0,0,0
11522,2003,5,4,1,0,0,1,1,0,0,0
11522,2005,3,2,0,0,0,0,1,0,1,0
11524,2011,6,5,1,1,0,0,1,0,0,0
11524,2012,3,3,1,0,0,0,0,0,0,0
11544,1995,1,1,0,0,0,0,0,0,0,0
11558,1995,6,4,0,0,0,0,2,0,0,0
11558,1997,2,2,0,0,0,0,0,0,0,0
11558,2003,3,2,1,1,0,0,1,0,0,0
11558,2004,2,2,1,0,0,0,0,0,1,0
11568,2006,2,2,1,0,0,1,0,0,1,0
11568,2007,3,3,0,0,0,0,0,0,2,0
11570,2008,2,1,1,0,0,0,1,0,0,0
11577,1999,3,3,1,0,0,0,0,0,1,0
11577,2000,4,4,2,0,0,2,0,0,1,0
11577,2002,3,2,0,0,0,0,1,0,1,0
11577,2003,11,9,3,0,0,1,2,0,2,0
11577,2004,15,13,2,1,0,0,2,0,5,0
11577,2008,2,1,0,0,0,0,1,0,0,0
11603,1994,1,1,0,0,0,0,0,0,0,0
11603,1997,1,1,1,0,0,0,0,0,0,0
11606,1993,3,2,2,0,0,0,1,0,0,0
11606,1995,5,4,2,0,0,0,1,0,2,0
11606,1996,3,2,1,0,0,0,1,0,0,0
11606,1997,1,1,0,0,0,0,0,0,1,0
11606,1999,3,2,1,0,0,0,1,0,0,0
11606,2000,2,2,0,0,0,0,0,0,1,0
11607,2008,1,1,0,0,0,0,0,0,0,0
11607,2009,1,0,0,0,0,0,1,0,0,0
11616,1993,1,0,0,0,0,0,0,1,0,0
11617,2003,3,2,0,0,0,0,1,0,1,0
11617,2005,1,0,0,0,0,0,1,0,0,0
11628,2003,2,2,1,0,0,0,0,0,0,0
11628,2004,1,1,0,0,0,0,0,0,0,0
11663,2011,1,0,0,0,0,0,1,0,0,0
11684,2002,3,2,2,0,0,1,1,0,0,0
11684,2003,3,3,1,1,0,0,0,0,1,0
11684,2004,2,1,1,0,0,1,1,0,0,0
11710,2001,5,4,1,0,0,1,1,0,0,0
11710,2002,6,5,1,0,0,0,1,0,2,0
11710,2004,2,2,1,0,0,0,0,0,1,0
11717,2000,1,0,0,0,0,0,1,0,0,0
11719,2011,1,1,0,0,0,0,0,0,1,0
11732,1993,2,1,0,0,0,0,1,0,0,0
11735,1996,1,1,0,0,0,0,0,0,1,0
11746,2004,1,1,0,0,0,0,0,0,1,0
11746,2005,1,1,1,0,0,1,0,0,0,0
11746,2010,2,2,0,0,0,0,0,0,2,0
11746,2011,4,4,0,0,0,0,0,0,1,0
11746,2012,2,1,1,0,0,0,1,0,0,0
11758,1995,1,1,0,0,0,0,0,0,1,0
11760,2002,4,2,0,0,0,0,2,0,0,0
11763,1994,3,3,1,0,0,1,0,0,2,0
11763,1995,4,3,0,0,0,0,1,0,1,0
11763,1996,1,1,0,0,0,0,0,0,1,0
11763,2003,3,2,0,0,0,0,1,0,1,0
11764,1998,1,1,0,0,0,0,0,0,0,0
11768,2003,10,8,1,1,0,0,1,0,2,1
11768,2004,6,3,2,1,0,1,3,0,1,0
11773,2011,3,2,1,0,0,1,1,0,0,0
11790,2007,3,3,1,0,0,1,0,0,1,0
11801,2002,4,3,2,1,0,0,1,0,1,0
11801,2003,18,16,4,1,0,2,2,0,7,0
11801,2005,3,3,0,0,0,0,0,0,1,0
11801,2010,3,1,0,0,0,0,1,0,0,1
11822,1999,2,2,1,0,0,0,0,0,1,0
11822,2000,2,2,2,0,0,0,0,0,0,0
11822,2001,1,1,1,0,0,0,0,0,0,0
11831,2009,1,0,0,0,0,0,1,0,0,0
11837,2000,1,1,0,0,0,0,0,0,0,0
11837,2001,1,1,1,0,0,1,0,0,0,0
11838,1996,1,1,0,0,0,0,0,0,0,0
11841,2006,14,12,6,0,0,4,2,0,2,0
11841,2007,10,6,1,0,0,1,4,0,2,0
11841,2008,19,17,2,0,0,1,2,0,2,0
11841,2009,8,6,1,0,0,1,2,0,4,0
11841,2010,6,2,1,0,0,0,4,0,1,0
11841,2011,6,6,1,1,0,0,0,0,4,0
11841,2012,3,3,2,1,0,0,0,0,0,0
11863,2010,1,0,0,0,0,0,1,0,0,0
11863,2012,4,3,1,0,0,1,1,0,2,0
11873,2003,2,0,0,0,0,0,2,0,0,0
11873,2004,2,1,0,0,0,0,1,0,0,0
11875,1996,3,3,1,0,0,1,0,0,0,0
11875,1997,5,4,2,0,0,0,1,0,2,0
11875,1999,3,2,1,0,0,0,1,0,1,0
11875,2000,3,3,1,0,0,0,0,0,1,0
11875,2005,1,1,0,0,0,0,0,0,0,0
11875,2006,1,1,0,0,0,0,0,0,0,0
11875,2007,2,2,1,0,0,1,0,0,0,0
11875,2009,1,1,0,0,0,0,0,0,0,0
11884,1993,3,2,0,0,0,0,1,0,0,0
11884,1996,2,2,0,0,0,0,0,0,1,0
11895,2000,1,1,0,0,0,0,0,0,1,0
11895,2001,1,1,1,0,0,1,0,0,0,0
11895,2004,2,1,0,0,0,0,1,0,0,0
11895,2007,1,1,1,1,0,0,0,0,0,0
11899,2004,3,3,1,0,0,0,0,0,1,0
11908,1995,2,2,1,0,0,0,0,0,1,0
11908,1996,3,2,1,0,0,0,1,0,0,0
11908,1997,2,1,0,0,0,0,0,0,1,1
11913,2001,2,1,0,0,0,0,1,0,0,0
11929,1998,1,1,0,0,0,0,0,0,1,0
11929,2001,1,0,0,0,0,0,1,0,0,0
11929,2003,1,1,0,0,0,0,0,0,1,0
11929,2010,1,1,0,0,0,0,0,0,0,0
11934,1996,3,2,1,0,0,0,0,1,0,0
11949,1995,7,7,2,1,0,1,0,0,0,0
11949,1996,6,6,2,0,0,0,0,0,1,0
11949,1997,4,4,0,0,0,0,0,0,2,0
11949,1998,13,12,1,1,0,0,1,0,4,0
11949,1999,6,3,1,0,0,1,2,0,0,1
11949,2000,3,3,0,0,0,0,0,0,0,0
11949,2001,4,3,0,0,0,0,1,0,1,0
11949,2002,6,6,0,0,0,0,0,0,2,0
11949,2005,3,3,0,0,0,0,0,0,1,0
11949,2007,3,2,0,0,0,0,1,0,1,0
11949,2008,3,3,2,1,0,1,0,0,0,0
11949,2009,3,3,1,0,0,0,0,0,0,0
11949,2010,3,3,1,0,0,0,0,0,0,0
11949,2011,3,3,1,1,0,0,0,0,0,0
11952,2010,1,1,0,0,0,0,0,0,1,0
11953,2011,1,0,0,0,0,0,1,0,0,0
11965,1997,1,1,1,0,0,0,0,0,0,0
11965,2002,3,3,0,0,0,0,0,0,3,0
11965,2004,1,1,0,0,0,0,0,0,1,0
11965,2006,6,5,1,0,0,0,1,0,2,0
11965,2007,2,2,0,0,0,0,0,0,0,0
11965,2008,1,1,0,0,0,0,0,0,1,0
11976,2002,2,0,0,0,0,0,2,0,0,0
11976,2006,1,0,0,0,0,0,1,0,0,0
11981,2006,2,2,0,0,0,0,0,0,1,0
11987,2002,1,1,0,0,0,0,0,0,0,0
11992,2000,1,0,0,0,0,0,0,1,0,0
11992,2001,1,1,0,0,0,0,0,0,1,0
12020,2012,1,1,1,0,0,0,0,0,0,0
12023,2006,2,2,1,0,0,0,0,0,0,0
12023,2007,4,4,1,0,0,0,0,0,0,0
12023,2008,3,1,0,0,0,0,2,0,1,0
12028,1998,1,1,1,0,0,1,0,0,0,0
12028,1999,3,2,0,0,0,0,1,0,1,0
12033,1992,2,2,1,1,0,0,0,0,1,0
12033,1993,1,1,0,0,0,0,0,0,1,0
12043,1996,1,1,0,0,0,0,0,0,0,0
12053,1996,5,4,1,0,0,1,1,0,1,0
12053,1997,9,6,3,1,0,2,3,0,1,0
12053,1998,3,3,0,0,0,0,0,0,0,0
12053,2006,2,1,1,0,0,1,1,0,0,0
12057,1999,2,2,1,1,0,0,0,0,1,0
12057,2000,2,2,0,0,0,0,0,0,1,0
12057,2001,3,3,0,0,0,0,0,0,3,0
12057,2002,9,9,2,0,0,1,0,0,2,0
12057,2003,4,4,2,0,0,1,0,0,1,0
12057,2006,3,3,1,0,0,0,0,0,2,0
12057,2007,3,3,0,0,0,0,0,0,2,0
12057,2008,2,2,0,0,0,0,0,0,0,0
12067,2008,3,3,1,0,0,1,0,0,2,0
12076,1995,1,1,0,0,0,0,0,0,0,0
12080,1998,5,5,2,1,0,0,0,0,3,0
12080,1999,3,3,0,0,0,0,0,0,2,0
12087,1992,1,1,0,0,0,0,0,0,1,0
12088,2004,1,1,0,0,0,0,0,0,1,0
12089,1999,1,1,0,0,0,0,0,0,1,0
12089,2001,1,0,0,0,0,0,1,0,0,0
12089,2003,5,2,0,0,0,0,3,0,1,0
12089,2004,4,1,1,0,0,0,3,0,0,0
12094,1999,6,6,1,0,0,0,0,0,2,0
12094,2000,6,5,1,0,0,0,0,1,2,0
12094,2001,12,7,2,0,0,1,4,1,1,0
12094,2002,11,10,1,1,0,0,1,0,2,0
12094,2006,2,2,0,0,0,0,0,0,2,0
12094,2007,7,7,2,1,0,1,0,0,1,0
12095,2007,3,2,0,0,0,0,1,0,1,0
12095,2008,6,5,1,0,0,0,1,0,2,0
12095,2009,3,3,2,1,0,0,0,0,0,0
12095,2010,3,3,1,1,0,0,0,0,1,0
12095,2011,1,1,0,0,0,0,0,0,1,0
12095,2012,3,2,1,0,0,0,1,0,0,0
12099,2003,6,6,3,0,0,0,0,0,0,0
12099,2004,6,6,2,2,0,0,0,0,0,0
12099,2005,3,2,1,0,0,0,1,0,0,0
12105,2012,1,1,0,0,0,0,0,0,0,0
12122,1991,7,6,2,1,0,0,1,0,1,0
12122,1993,1,0,0,0,0,0,0,0,0,1
12122,1994,3,3,2,1,0,0,0,0,0,0
12122,1995,3,3,2,0,0,1,0,0,0,0
12133,1992,3,3,1,0,0,0,0,0,0,0
12133,1994,1,1,1,0,0,0,0,0,0,0
12141,1995,4,2,2,0,0,0,2,0,0,0
12141,1996,6,6,1,1,0,0,0,0,2,0
12141,1998,1,0,0,0,0,0,1,0,0,0
12141,1999,1,0,0,0,0,0,1,0,0,0
12141,2000,1,1,0,0,0,0,0,0,0,0
12141,2001,1,1,0,0,0,0,0,0,1,0
12141,2002,4,2,1,0,0,0,2,0,0,0
12143,1991,3,3,0,0,0,0,0,0,0,0
12143,1993,3,3,0,0,0,0,0,0,2,0
12143,1995,3,3,0,0,0,0,0,0,1,0
12143,1996,6,5,2,0,0,0,1,0,0,0
12143,1998,4,4,0,0,0,0,0,0,2,0
12143,1999,2,1,0,0,0,0,1,0,1,0
12143,2000,5,5,3,1,0,1,0,0,2,0
12143,2001,3,3,0,0,0,0,0,0,0,0
12143,2002,8,8,1,0,0,1,0,0,1,0
12143,2005,3,2,1,0,0,0,1,0,0,0
12146,1999,2,2,0,0,0,0,0,0,2,0
12146,2000,6,5,2,1,0,1,1,0,1,0
12146,2001,2,2,0,0,0,0,0,0,1,0
12146,2003,3,3,0,0,0,0,0,0,1,0
12146,2004,3,3,0,0,0,0,0,0,0,0
12147,2009,3,1,1,0,0,1,2,0,0,0
12147,2012,2,1,0,0,0,0,1,0,0,0
12149,2003,1,1,1,0,0,0,0,0,0,0
12157,1995,2,2,1,1,0,0,0,0,0,0
12157,1996,5,4,0,0,0,0,1,0,0,0
12157,1997,3,2,0,0,0,0,1,0,0,0
12157,1999,4,4,2,0,0,1,0,0,1,0
12171,1991,1,1,0,0,0,0,0,0,1,0
12172,2006,10,10,4,0,0,1,0,0,2,0
12172,2007,15,13,6,1,0,2,1,1,3,0
12172,2008,5,3,0,0,0,0,2,0,1,0
12172,2010,3,0,0,0,0,0,3,0,0,0
12179,1995,2,1,0,0,0,0,0,0,0,1
12179,1996,3,3,1,0,1,0,0,0,1,0
12179,1998,3,2,0,0,0,0,0,0,2,1
12179,1999,3,2,1,0,0,0,1,0,1,0
12179,2000,2,2,1,0,0,1,0,0,0,0
12182,2000,2,2,1,1,0,0,0,0,0,0
12182,2001,1,1,0,0,0,0,0,0,0,0
12182,2003,2,2,1,1,0,0,0,0,1,0
12182,2006,1,1,0,0,0,0,0,0,0,0
12182,2007,1,1,0,0,0,0,0,0,1,0
12182,2008,1,1,0,0,0,0,0,0,1,0
12182,2009,1,1,1,0,0,1,0,0,0,0
12192,1997,2,2,1,0,0,0,0,0,1,0
12192,1999,4,3,2,0,0,0,1,0,1,0
12216,1998,2,2,0,0,0,0,0,0,1,0
12216,1999,2,2,1,0,0,1,0,0,1,0
12216,2003,3,3,1,0,0,0,0,0,1,0
12216,2004,1,1,1,0,0,1,0,0,0,0
12225,1995,3,3,0,0,0,0,0,0,1,0
12225,1997,1,1,0,0,0,0,0,0,1,0
12232,1999,1,0,0,0,0,0,1,0,0,0
12232,2000,2,2,1,0,0,0,0,0,1,0
12234,1995,1,0,0,0,0,0,1,0,0,0
12235,2009,1,1,0,0,0,0,0,0,0,0
12242,1993,3,3,1,1,0,0,0,0,0,0
12242,1994,2,1,0,0,0,0,1,0,0,0
12242,1995,1,1,0,0,0,0,0,0,0,0
12242,1996,1,1,0,0,0,0,0,0,1,0
12242,1997,3,1,0,0,0,0,2,0,0,0
12242,1998,1,1,0,0,0,0,0,0,0,0
12242,1999,2,2,0,0,0,0,0,0,2,0
12242,2006,2,2,0,0,0,0,0,0,1,0
12246,1996,2,2,0,0,0,0,0,0,0,0
12258,2002,1,1,1,0,0,0,0,0,0,0
12271,2012,1,0,0,0,0,0,1,0,0,0
12280,1999,1,1,0,0,0,0,0,0,1,0
12280,2000,1,0,0,0,0,0,1,0,0,0
12288,1996,7,5,4,1,0,1,2,0,0,0
12288,1997,1,0,0,0,0,0,1,0,0,0
12297,1991,1,1,0,0,0,0,0,0,0,0
12297,1993,2,1,0,0,0,0,1,0,1,0
12297,1994,2,2,0,0,0,0,0,0,2,0
12303,2003,9,7,2,0,0,0,2,0,3,0
12303,2004,10,9,1,0,0,0,1,0,3,0
12303,2005,6,6,0,0,0,0,0,0,5,0
12303,2008,3,3,1,1,0,0,0,0,0,0
12303,2009,3,2,0,0,0,0,1,0,1,0
12303,2010,6,6,1,1,0,0,0,0,3,0
12321,2003,2,1,0,0,0,0,1,0,0,0
12321,2004,2,2,1,0,1,0,0,0,0,0
12334,1991,1,1,0,0,0,0,0,0,1,0
12334,1994,2,2,1,0,0,0,0,0,1,0
12335,1997,1,1,0,0,0,0,0,0,1,0
12335,1999,1,1,0,0,0,0,0,0,1,0
12351,1999,2,2,0,0,0,0,0,0,0,0
12351,2000,2,2,0,0,0,0,0,0,2,0
12358,1993,1,1,0,0,0,0,0,0,0,0
12358,1994,1,1,0,0,0,0,0,0,1,0
12358,1995,1,1,1,0,0,1,0,0,0,0
12358,1997,6,4,1,0,0,1,2,0,2,0
12358,1998,6,5,2,1,0,1,1,0,1,0
12358,2003,3,1,0,0,0,0,2,0,0,0
12358,2004,3,2,0,0,0,0,1,0,2,0
12369,2006,1,1,1,0,0,0,0,0,0,0
12369,2007,2,1,0,0,0,0,1,0,0,0
12369,2008,2,2,0,0,0,0,0,0,2,0
12385,2001,3,3,1,0,0,1,0,0,0,0
12391,2000,2,1,0,0,0,0,1,0,1,0
12391,2001,3,2,0,0,0,0,1,0,1,0
12391,2002,6,5,2,0,0,2,1,0,1,0
12391,2003,3,3,1,0,0,0,0,0,0,0
12391,2004,6,4,2,1,0,0,1,0,1,1
12397,1998,1,1,1,0,0,0,0,0,0,0
12433,2000,3,3,1,0,0,0,0,0,0,0
12433,2005,1,0,0,0,0,0,1,0,0,0
12437,1999,10,5,3,0,0,0,5,0,1,0
12437,2000,5,4,1,1,0,0,0,0,1,1
12437,2001,3,3,0,0,0,0,0,0,2,0
12437,2003,1,0,0,0,0,0,1,0,0,0
12442,1994,5,5,2,0,1,0,0,0,1,0
12442,1996,9,8,3,0,1,1,1,0,3,0
12442,1997,8,5,2,0,0,2,2,0,2,1
12442,1998,5,4,2,0,0,2,1,0,1,0
12442,1999,5,2,1,0,0,1,3,0,0,0
12453,1995,2,2,0,0,0,0,0,0,0,0
12455,1996,3,3,2,2,0,0,0,0,0,0
12455,1997,6,5,3,1,0,1,1,0,0,0
12460,2002,3,1,1,0,0,0,2,0,0,0
12474,1998,3,1,1,0,0,1,2,0,0,0
12476,2011,1,1,0,0,0,0,0,0,0,0
12486,2006,4,3,1,1,0,0,1,0,0,0
12486,2008,2,2,0,0,0,0,0,0,0,0
12492,2003,3,2,0,0,0,0,1,0,2,0
12492,2008,1,1,0,0,0,0,0,0,0,0
12492,2009,1,1,0,0,0,0,0,0,1,0
12494,2006,2,1,1,0,0,0,1,0,0,0
12497,1998,1,1,0,0,0,0,0,0,1,0
12497,1999,3,3,0,0,0,0,0,0,2,0
12497,2000,2,1,0,0,0,0,1,0,0,0
12497,2002,1,1,1,1,0,0,0,0,0,0
12513,1998,4,3,0,0,0,0,0,0,1,1
12513,1999,4,4,0,0,0,0,0,0,3,0
12522,2001,6,5,2,0,0,1,1,0,1,0
12522,2002,9,7,3,1,0,0,2,0,2,0
12526,2004,3,2,0,0,0,0,1,0,1,0
12526,2005,3,1,1,0,0,0,2,0,0,0
12526,2008,2,2,0,0,0,0,0,0,1,0
12526,2009,4,4,1,0,0,0,0,0,2,0
12526,2010,3,2,0,0,0,0,1,0,1,0
12526,2011,1,0,0,0,0,0,1,0,0,0
12527,2003,2,2,0,0,0,0,0,0,0,0
12527,2004,14,10,2,0,0,1,4,0,5,0
12527,2006,3,3,1,1,0,0,0,0,1,0
12540,2008,1,1,0,0,0,0,0,0,1,0
12540,2010,1,1,0,0,0,0,0,0,0,0
12541,2000,1,1,0,0,0,0,0,0,0,0
12541,2001,1,1,0,0,0,0,0,0,1,0
12541,2002,3,3,0,0,0,0,0,0,2,0
12551,2008,2,2,0,0,0,0,0,0,2,0
12557,1997,3,2,0,0,0,0,1,0,1,0
12557,1998,2,1,1,0,0,1,1,0,0,0
12557,1999,2,1,0,0,0,0,1,0,1,0
12557,2000,1,1,0,0,0,0,0,0,1,0
12557,2001,1,1,0,0,0,0,0,0,1,0
12557,2002,1,1,0,0,0,0,0,0,0,0
12557,2003,2,1,0,0,0,0,1,0,0,0
12557,2006,3,3,1,0,0,0,0,0,1,0
12563,1999,2,1,0,0,0,0,1,0,0,0
12568,2008,2,2,1,0,0,0,0,0,1,0
12597,2005,2,2,0,0,0,0,0,0,1,0
12611,2004,3,2,1,0,0,0,1,0,1,0
12630,2007,1,1,1,0,0,0,0,0,0,0
12630,2012,1,1,0,0,0,0,0,0,1,0
12633,2003,3,3,2,1,0,0,0,0,1,0
12633,2004,3,3,1,0,0,0,0,0,1,0
12633,2006,4,4,1,0,0,1,0,0,2,0
12633,2007,4,2,0,0,0,0,2,0,1,0
12633,2009,3,3,1,0,0,0,0,0,0,0
12635,2005,9,7,2,0,0,1,2,0,4,0
12653,2003,1,0,0,0,0,0,0,0,0,1
12656,2008,1,1,0,0,0,0,0,0,0,0
12656,2009,1,1,0,0,0,0,0,0,0,0
12661,1999,3,2,0,0,0,0,1,0,1,0
12661,2001,3,3,1,0,0,1,0,0,1,0
12671,2000,3,1,0,0,0,0,2,0,0,0
12671,2001,4,3,0,0,0,0,1,0,1,0
12671,2003,3,2,0,0,0,0,1,0,0,0
12671,2005,3,3,1,0,0,0,0,0,1,0
12671,2006,7,6,2,0,0,0,1,0,2,0
12679,2006,3,3,0,0,0,0,0,0,2,0
12679,2007,2,2,1,0,0,0,0,0,0,0
12679,2008,2,1,0,0,0,0,1,0,1,0
12679,2010,1,1,0,0,0,0,0,0,0,0
