0,2006,1,1,0,0,0,0,0,0,0,0
0,2010,2,0,0,0,0,0,2,0,0,0
9,1989,4,4,1,0,0,0,0,0,0,0
9,1990,3,3,2,0,0,0,0,0,0,0
9,1991,3,3,0,0,0,0,0,0,0,0
9,1992,3,3,2,1,0,0,0,0,0,0
9,1993,6,4,1,0,0,0,1,0,1,0
9,1994,6,6,1,0,0,0,0,0,0,0
9,1995,4,3,0,0,0,0,1,0,1,0
9,1996,3,1,0,0,0,0,2,0,0,0
9,1998,4,2,1,0,0,0,2,0,0,0
9,1999,3,3,2,1,0,0,0,0,0,0
13,1990,2,2,0,0,0,0,0,0,0,0
13,1991,1,0,0,0,0,0,1,0,0,0
13,1999,4,3,0,0,0,0,1,0,2,0
13,2000,8,6,0,0,0,0,2,0,1,0
13,2001,4,3,2,2,0,0,0,0,0,0
13,2004,4,3,3,0,0,0,1,0,0,0
30,2010,1,1,0,0,0,0,0,0,0,0
31,2009,1,1,0,0,0,0,0,0,0,0
31,2010,1,1,0,0,0,0,0,0,0,0
31,2011,1,1,0,0,0,0,0,0,1,0
31,2012,1,1,0,0,0,0,0,0,0,0
33,2000,1,1,0,0,0,0,0,0,0,0
33,2002,3,1,0,0,0,0,1,0,0,0
34,2005,3,3,0,0,0,0,0,0,0,0
36,1990,2,2,0,0,0,0,0,0,0,0
36,1991,4,4,0,0,0,0,0,0,0,0
43,1995,2,2,0,0,0,0,0,0,0,0
43,1996,2,2,2,1,0,0,0,0,0,0
43,1997,1,1,0,0,0,0,0,0,0,0
60,2008,2,1,0,0,0,0,0,0,0,0
60,2012,1,1,0,0,0,0,0,0,0,0
68,1998,1,1,1,0,0,0,0,0,0,0
68,2002,3,3,0,0,0,0,0,0,0,0
70,1996,6,6,0,0,0,0,0,0,0,0
70,1997,5,4,1,0,0,1,1,0,1,0
79,2004,2,2,2,0,0,0,0,0,0,0
79,2006,5,5,1,0,1,0,0,0,0,0
86,2002,5,4,1,0,0,0,1,0,0,0
86,2003,3,2,0,0,0,0,0,0,0,0
86,2004,8,8,2,1,0,0,0,0,1,0
86,2006,1,1,0,0,0,0,0,0,0,0
86,2007,3,2,1,0,0,0,0,0,0,0
98,1990,1,1,1,0,0,0,0,0,0,0
98,1991,1,1,0,0,0,0,0,0,0,0
98,1992,1,0,0,0,0,0,1,0,0,0
98,1993,2,2,2,0,0,0,0,0,0,0
98,1994,1,1,1,0,0,0,0,0,0,0
98,1995,2,2,0,0,0,0,0,0,1,0
98,1996,5,4,0,0,0,0,1,0,0,0
98,1997,2,2,0,0,0,0,0,0,0,0
98,1998,1,1,0,0,0,0,0,0,0,0
98,1999,1,1,1,0,0,0,0,0,0,0
104,2004,3,1,0,0,0,0,2,0,1,0
115,1995,2,2,0,0,0,0,0,0,1,0
116,2007,3,3,0,0,0,0,0,0,0,0
116,2009,2,2,0,0,0,0,0,0,0,0
132,1989,1,1,0,0,0,0,0,0,0,0
134,1996,5,5,3,2,0,0,0,0,0,0
134,1998,1,1,0,0,0,0,0,0,0,0
138,1989,8,5,2,0,0,0,3,0,0,0
139,1991,3,3,1,0,0,0,0,0,0,0
148,2007,1,1,1,0,0,0,0,0,0,0
183,1991,1,1,0,0,0,0,0,0,0,0
185,2002,1,1,0,0,0,0,0,0,0,0
186,1998,1,1,0,0,0,0,0,0,0,0
186,2001,1,1,0,0,0,0,0,0,0,0
186,2004,2,1,1,0,0,0,1,0,0,0
239,1991,1,1,1,0,0,0,0,0,0,0
239,1992,1,1,1,0,0,0,0,0,0,0
239,1993,10,8,1,0,0,0,2,0,2,0
239,1994,8,8,1,0,0,0,0,0,0,0
239,1995,9,7,3,2,0,0,2,0,0,0
239,1996,11,10,1,1,0,0,1,0,1,0
239,1998,7,6,0,0,0,0,1,0,0,0
239,1999,7,7,3,1,0,0,0,0,1,0
239,2002,2,2,0,0,0,0,0,0,0,0
239,2005,2,1,1,0,0,0,0,0,0,1
253,2010,1,1,1,0,0,0,0,0,0,0
259,1989,5,5,0,0,0,0,0,0,0,0
259,1990,5,5,1,0,0,0,0,0,1,0
259,1991,3,2,0,0,0,0,1,0,0,0
261,1995,3,3,1,1,0,0,0,0,1,0
261,2002,3,3,0,0,0,0,0,0,0,0
261,2004,10,10,0,0,0,0,0,0,1,0
280,2001,3,2,1,0,0,0,1,0,0,0
286,1990,1,1,0,0,0,0,0,0,0,0
290,1999,2,1,0,0,0,0,1,0,0,0
290,2000,2,2,0,0,0,0,0,0,1,0
290,2001,2,2,0,0,0,0,0,0,0,0
315,1995,4,3,0,0,0,0,1,0,0,0
333,1990,2,2,0,0,0,0,0,0,0,0
333,1991,4,4,1,0,0,0,0,0,1,0
333,1992,5,5,1,0,0,0,0,0,1,0
333,1993,7,5,1,0,0,0,1,0,0,0
333,1994,3,2,0,0,0,0,0,0,0,0
333,1995,15,12,4,0,0,0,3,0,2,0
333,1996,6,4,1,0,0,0,2,0,0,0
333,1997,6,5,0,0,0,0,1,0,0,0
333,1999,4,3,2,2,0,0,0,0,0,0
333,2000,7,5,2,0,0,0,2,0,0,0
333,2002,9,7,3,0,1,0,2,0,0,0
333,2003,3,2,0,0,0,0,1,0,0,0
335,2005,2,2,0,0,0,0,0,0,1,0
335,2006,1,1,1,0,0,0,0,0,0,0
337,1989,4,2,1,0,0,0,1,0,0,1
337,1991,3,3,0,0,0,0,0,0,0,0
337,1992,7,6,2,0,0,0,1,0,0,0
354,2007,2,2,0,0,0,0,0,0,0,0
364,2002,3,3,2,1,0,1,0,0,0,0
364,2006,3,3,1,1,0,0,0,0,0,0
364,2007,3,3,0,0,0,0,0,0,0,0
367,1992,3,3,0,0,0,0,0,0,1,0
375,1989,2,1,0,0,0,0,1,0,0,0
375,1990,1,1,0,0,0,0,0,0,0,0
380,2009,1,1,0,0,0,0,0,0,0,0
382,2010,3,2,0,0,0,0,1,0,0,0
382,2012,1,1,0,0,0,0,0,0,0,0
384,2004,1,1,0,0,0,0,0,0,0,0
384,2006,8,8,2,0,0,0,0,0,1,0
384,2007,3,2,0,0,0,0,1,0,0,0
384,2008,1,1,0,0,0,0,0,0,1,0
388,1998,8,6,2,0,0,0,1,1,1,0
388,1999,5,5,3,1,0,0,0,0,0,0
388,2000,1,1,0,0,0,0,0,0,0,0
388,2001,1,0,0,0,0,0,1,0,0,0
388,2002,1,1,0,0,0,0,0,0,0,0
393,2008,1,1,1,0,0,0,0,0,0,0
395,2002,4,4,0,0,0,0,0,0,0,0
411,2005,3,3,1,0,0,0,0,0,0,0
411,2006,1,1,0,0,0,0,0,0,1,0
412,2005,3,2,0,0,0,0,1,0,0,0
412,2006,7,7,4,0,2,0,0,0,1,0
416,2001,1,1,0,0,0,0,0,0,0,0
417,2010,1,1,1,0,0,0,0,0,0,0
417,2012,1,1,0,0,0,0,0,0,0,0
418,1989,1,1,0,0,0,0,0,0,0,0
428,1989,1,1,1,0,0,0,0,0,0,0
428,1991,5,5,0,0,0,0,0,0,3,0
434,1994,1,1,0,0,0,0,0,0,0,0
434,1995,2,2,0,0,0,0,0,0,0,0
437,1992,2,2,1,0,0,0,0,0,0,0
437,1993,1,1,0,0,0,0,0,0,0,0
438,2001,1,1,0,0,0,0,0,0,1,0
438,2002,1,1,1,0,0,0,0,0,0,0
446,1997,7,7,2,0,0,0,0,0,0,0
446,1998,1,0,0,0,0,0,0,1,0,0
446,1999,2,2,1,0,0,0,0,0,0,0
446,2003,2,2,0,0,0,0,0,0,1,0
455,2012,2,2,1,0,0,0,0,0,1,0
458,1995,2,2,0,0,0,0,0,0,0,0
458,1996,1,1,0,0,0,0,0,0,1,0
458,1997,2,2,0,0,0,0,0,0,0,0
458,1998,4,1,0,0,0,0,2,0,0,0
459,2005,1,1,0,0,0,0,0,0,1,0
459,2007,2,2,0,0,0,0,0,0,0,0
459,2008,2,2,1,1,0,0,0,0,0,0
459,2012,1,1,1,1,0,0,0,0,0,0
461,1998,3,3,1,0,0,0,0,0,0,0
461,2000,1,1,0,0,0,0,0,0,0,0
472,2002,1,1,0,0,0,0,0,0,0,0
472,2005,4,3,1,0,0,0,1,0,0,0
472,2006,1,1,0,0,0,0,0,0,0,0
472,2008,3,2,1,1,0,0,0,0,0,0
482,2004,3,3,0,0,0,0,0,0,0,0
482,2008,4,4,0,0,0,0,0,0,0,0
485,2004,1,1,0,0,0,0,0,0,0,0
485,2006,1,0,0,0,0,0,0,0,0,1
494,2009,1,1,0,0,0,0,0,0,1,0
498,2001,4,3,0,0,0,0,1,0,0,0
498,2002,3,1,1,0,0,0,2,0,0,0
506,1989,2,2,0,0,0,0,0,0,0,0
506,1991,3,3,0,0,0,0,0,0,0,0
506,1992,4,4,3,0,0,0,0,0,0,0
506,1997,1,1,0,0,0,0,0,0,0,0
506,1998,2,2,1,0,1,0,0,0,0,0
512,2006,1,1,1,0,0,0,0,0,0,0
528,2010,6,6,1,0,0,0,0,0,0,0
541,1996,6,5,3,0,0,0,1,0,0,0
541,1997,8,5,1,0,0,0,3,0,0,0
541,1998,5,5,4,0,0,0,0,0,0,0
541,1999,8,6,1,0,0,0,2,0,1,0
541,2000,6,6,3,1,0,0,0,0,0,0
546,2008,2,2,1,0,0,0,0,0,0,0
546,2011,1,1,1,0,0,0,0,0,0,0
547,1999,1,1,1,1,0,0,0,0,0,0
550,2007,1,1,0,0,0,0,0,0,1,0
550,2010,1,1,0,0,0,0,0,0,0,0
550,2012,2,2,0,0,0,0,0,0,0,0
552,1989,5,5,0,0,0,0,0,0,0,0
552,1990,3,3,1,0,0,0,0,0,0,0
552,1991,5,4,0,0,0,0,1,0,0,0
569,1993,3,2,0,0,0,0,0,0,1,1
569,1994,1,1,1,0,0,0,0,0,0,0
569,1995,1,1,0,0,0,0,0,0,0,0
571,1992,2,1,0,0,0,0,1,0,0,0
571,1993,10,8,2,0,0,0,1,0,1,0
571,1997,1,1,0,0,0,0,0,0,0,0
571,2002,1,1,1,0,0,0,0,0,0,0
574,2006,3,2,0,0,0,0,0,0,0,1
574,2010,3,3,1,0,0,0,0,0,0,0
575,1989,2,2,0,0,0,0,0,0,0,0
575,1992,2,2,1,0,0,0,0,0,0,0
580,1998,2,1,0,0,0,0,1,0,0,0
592,2009,1,1,1,0,0,0,0,0,0,0
592,2011,2,2,0,0,0,0,0,0,0,0
597,1990,1,1,0,0,0,0,0,0,0,0
597,1991,2,2,0,0,0,0,0,0,0,0
698,1997,3,2,0,0,0,0,1,0,0,0
698,2000,4,4,1,0,0,0,0,0,0,0
698,2002,3,1,0,0,0,0,2,0,0,0
698,2003,1,1,0,0,0,0,0,0,0,0
698,2004,4,3,1,0,0,0,1,0,0,0
698,2006,14,12,7,0,0,0,2,0,2,0
698,2009,1,1,1,0,0,0,0,0,0,0
710,2002,4,3,0,0,0,0,1,0,0,0
710,2003,2,2,0,0,0,0,0,0,0,0
710,2004,2,0,0,0,0,0,2,0,0,0
719,2004,3,3,1,0,0,0,0,0,1,0
719,2006,2,2,1,1,0,0,0,0,0,0
719,2007,3,3,2,0,0,0,0,0,0,0
723,1989,2,1,1,0,0,0,0,0,0,0
723,1990,1,1,0,0,0,0,0,0,0,0
746,1991,1,0,0,0,0,0,1,0,0,0
762,2005,7,7,1,0,0,0,0,0,1,0
762,2010,8,8,3,1,0,0,0,0,2,0
764,1999,2,2,0,0,0,0,0,0,0,0
764,2000,3,3,2,0,0,0,0,0,0,0
764,2001,1,1,1,0,0,0,0,0,0,0
771,2004,6,6,1,0,0,0,0,0,0,0
775,1991,2,2,0,0,0,0,0,0,0,0
786,2006,4,3,0,0,0,0,1,0,0,0
786,2007,3,2,0,0,0,0,1,0,0,0
786,2008,2,1,0,0,0,0,0,0,0,0
787,2000,3,1,0,0,0,0,1,1,0,0
790,1993,3,2,0,0,0,0,1,0,1,0
790,1994,8,5,2,0,0,0,1,0,1,1
790,1995,7,7,1,1,0,0,0,0,1,0
790,1996,10,8,4,0,0,0,1,0,1,1
790,1997,11,9,4,2,0,0,1,0,0,0
790,1998,7,6,2,0,0,0,1,0,1,0
790,1999,3,3,2,0,0,1,0,0,0,0
794,2006,1,0,0,0,0,0,1,0,0,0
794,2007,5,5,3,1,0,0,0,0,0,0
796,1994,1,1,1,1,0,0,0,0,0,0
796,1996,1,1,0,0,0,0,0,0,0,0
796,1997,1,1,0,0,0,0,0,0,1,0
812,2005,1,1,0,0,0,0,0,0,0,0
812,2007,3,3,2,0,0,0,0,0,0,0
812,2008,2,2,0,0,0,0,0,0,1,0
825,2001,6,4,2,0,1,0,1,0,0,0
825,2002,6,3,0,0,0,0,3,0,1,0
828,2009,2,2,1,0,0,0,0,0,1,0
845,1997,4,3,0,0,0,0,1,0,2,0
845,2001,3,3,1,1,0,0,0,0,2,0
846,2003,2,2,1,1,0,0,0,0,1,0
848,1994,1,1,0,0,0,0,0,0,0,0
848,1995,2,2,0,0,0,0,0,0,0,0
848,1997,4,3,1,0,0,0,1,0,0,0
848,1998,1,1,1,0,0,0,0,0,0,0
848,2002,1,1,0,0,0,0,0,0,0,0
856,1996,1,1,0,0,0,0,0,0,0,0
861,2003,3,2,0,0,0,0,1,0,1,0
861,2011,1,1,0,0,0,0,0,0,0,0
861,2012,1,1,0,0,0,0,0,0,0,0
863,1999,3,3,0,0,0,0,0,0,0,0
863,2000,3,2,1,0,0,0,1,0,0,0
863,2005,6,6,1,0,0,0,0,0,0,0
871,1989,1,1,1,0,0,0,0,0,0,0
871,1990,1,1,0,0,0,0,0,0,0,0
871,1992,1,1,0,0,0,0,0,0,0,0
872,1994,4,4,0,0,0,0,0,0,2,0
872,1995,9,8,4,0,0,0,1,0,0,0
872,1998,5,3,1,1,0,0,2,0,0,0
872,2000,2,1,1,1,0,0,1,0,0,0
880,2005,1,1,1,0,0,0,0,0,0,0
880,2008,4,4,2,1,0,0,0,0,0,0
884,1994,3,3,2,1,0,0,0,0,0,0
884,1995,6,4,1,0,0,0,2,0,0,0
887,2010,1,0,0,0,0,0,0,0,0,0
887,2011,1,1,1,0,0,0,0,0,0,0
890,2002,2,2,0,0,0,0,0,0,1,0
920,2008,2,2,0,0,0,0,0,0,0,0
933,1996,3,3,0,0,0,0,0,0,0,0
933,1998,2,2,1,0,0,0,0,0,0,0
945,2001,11,11,5,2,0,0,0,0,1,0
945,2002,4,4,0,0,0,0,0,0,1,0
949,1993,3,3,1,0,0,0,0,0,1,0
950,2004,2,0,0,0,0,0,2,0,0,0
962,2006,3,3,2,0,0,0,0,0,0,0
962,2007,5,5,1,0,0,0,0,0,0,0
962,2008,3,3,0,0,0,0,0,0,1,0
971,1989,1,1,0,0,0,0,0,0,1,0
976,1990,2,2,0,0,0,0,0,0,0,0
976,1991,1,1,0,0,0,0,0,0,0,0
981,1989,8,8,4,0,0,0,0,0,0,0
985,2010,3,3,1,0,0,0,0,0,0,0
985,2011,2,2,1,0,0,0,0,0,0,0
988,2004,2,1,1,0,0,0,0,0,0,0
988,2012,1,1,0,0,0,0,0,0,1,0
998,1990,3,3,2,0,0,0,0,0,0,0
998,1997,7,6,2,0,0,0,0,0,0,0
998,1999,7,5,2,1,0,0,2,0,0,0
998,2000,8,8,2,0,1,0,0,0,2,0
998,2001,1,1,1,1,0,0,0,0,0,0
1009,2005,7,6,2,0,0,0,1,0,0,0
1009,2006,6,6,3,0,0,0,0,0,1,0
1009,2008,2,2,0,0,0,0,0,0,0,0
1035,2010,1,1,0,0,0,0,0,0,0,0
1035,2011,1,1,0,0,0,0,0,0,0,0
1035,2012,2,2,0,0,0,0,0,0,0,0
1039,1995,3,3,1,0,0,0,0,0,0,0
1050,1989,3,3,0,0,0,0,0,0,1,0
1050,1992,4,4,3,0,0,0,0,0,0,0
1058,1998,2,2,0,0,0,0,0,0,1,0
1058,2000,1,1,1,0,0,0,0,0,0,0
1061,1989,9,8,3,0,1,0,1,0,3,0
1061,1990,7,5,1,0,0,0,1,0,0,0
1061,1991,6,6,2,1,0,0,0,0,0,0
1061,1992,3,3,0,0,0,0,0,0,1,0
1061,1993,2,2,0,0,0,0,0,0,1,0
1062,1996,5,3,0,0,0,0,1,0,0,1
1062,2001,3,3,0,0,0,0,0,0,1,0
1065,1993,2,2,1,0,0,0,0,0,0,0
1065,1994,1,1,1,0,0,0,0,0,0,0
1065,1995,6,5,2,0,0,0,0,0,2,0
1075,1991,4,3,0,0,0,0,1,0,1,0
1075,1992,4,4,1,0,0,0,0,0,0,0
1075,1993,3,2,1,0,0,0,1,0,0,0
1075,1994,5,5,3,0,0,0,0,0,0,0
1075,1995,3,3,1,1,0,0,0,0,0,0
1075,1996,1,0,0,0,0,0,0,0,0,1
1089,1993,2,2,1,0,0,0,0,0,0,0
1089,1995,3,3,1,0,0,0,0,0,1,0
1091,1990,7,7,1,0,0,0,0,0,0,0
1091,1993,1,0,0,0,0,0,1,0,0,0
1091,1994,3,3,2,1,0,0,0,0,0,0
1095,2003,12,9,2,0,0,0,3,0,1,0
1095,2004,10,8,1,1,0,0,1,0,2,0
1095,2010,9,8,5,0,0,1,1,0,1,0
1097,1992,2,2,0,0,0,0,0,0,0,0
1097,1993,4,4,2,0,0,0,0,0,0,0
1097,1995,6,5,2,0,0,1,0,0,1,1
1097,1996,3,3,0,0,0,0,0,0,1,0
1097,1999,1,1,1,0,0,0,0,0,0,0
1102,2010,4,4,1,0,0,0,0,0,0,0
1124,2000,2,2,2,1,0,0,0,0,0,0
1133,1999,8,8,2,0,0,0,0,0,2,0
1133,2001,3,3,1,0,0,0,0,0,1,0
1133,2006,2,2,1,0,0,0,0,0,0,0
1135,2004,1,0,0,0,0,0,0,0,0,0
1146,1989,3,2,1,0,0,0,0,0,0,0
1146,1990,2,2,0,0,0,0,0,0,0,0
1146,1991,2,2,1,0,0,0,0,0,0,0
1146,1992,7,7,1,0,0,0,0,0,1,0
1146,1994,4,4,3,0,0,0,0,0,0,0
1146,1995,10,8,3,0,0,0,1,0,1,1
1146,1996,2,2,0,0,0,0,0,0,0,0
1147,1996,11,9,2,0,0,0,1,1,0,0
1147,1997,5,4,2,1,0,0,1,0,0,0
1160,2000,4,3,0,0,0,0,1,0,0,0
1163,1992,2,2,0,0,0,0,0,0,0,0
1181,2010,1,1,0,0,0,0,0,0,0,0
1183,2010,1,1,0,0,0,0,0,0,0,0
1190,2006,2,1,0,0,0,0,1,0,0,0
1192,2002,2,1,0,0,0,0,0,1,0,0
1205,1989,2,2,0,0,0,0,0,0,0,0
1205,1991,1,1,0,0,0,0,0,0,0,0
1211,1996,2,2,1,0,0,0,0,0,0,0
1221,1999,1,1,0,0,0,0,0,0,0,0
1221,2002,2,2,1,0,0,0,0,0,0,0
1221,2003,1,1,0,0,0,0,0,0,0,0
1221,2004,1,1,0,0,0,0,0,0,0,0
1235,1998,2,1,0,0,0,0,1,0,0,0
1246,2001,1,1,1,0,0,0,0,0,0,0
1250,1995,2,2,1,1,0,0,0,0,1,0
1250,1996,1,1,0,0,0,0,0,0,0,0
1250,1997,1,1,0,0,0,0,0,0,1,0
1265,2006,1,0,0,0,0,0,1,0,0,0
1270,2005,5,4,1,0,0,0,1,0,1,0
1289,2011,1,1,1,0,0,0,0,0,0,0
1294,1993,1,1,0,0,0,0,0,0,0,0
1294,1994,3,2,0,0,0,0,0,0,0,0
1294,1995,2,2,1,1,0,0,0,0,0,0
1294,1996,1,1,1,1,0,0,0,0,0,0
1326,1996,1,1,1,0,0,0,0,0,0,0
1339,2009,2,2,1,0,0,0,0,0,0,0
1343,1997,2,2,1,0,0,0,0,0,0,0
1343,1999,5,4,0,0,0,0,0,0,0,1
1343,2000,4,2,1,0,0,0,2,0,0,0
1343,2004,1,1,0,0,0,0,0,0,0,0
1343,2006,2,2,0,0,0,0,0,0,0,0
1343,2007,4,3,0,0,0,0,1,0,0,0
1343,2008,1,1,0,0,0,0,0,0,0,0
1353,1993,3,3,1,0,0,0,0,0,1,0
1368,2011,1,1,0,0,0,0,0,0,0,0
1372,2008,1,1,0,0,0,0,0,0,0,0
1399,2001,4,4,2,0,0,0,0,0,0,0
1406,1989,3,3,1,0,0,0,0,0,1,0
1406,1991,6,4,0,0,0,0,2,0,0,0
1406,1992,9,6,0,0,0,0,3,0,0,0
1406,1993,4,3,1,0,0,0,1,0,1,0
1406,1994,4,4,1,0,0,0,0,0,0,0
1406,1995,16,11,0,0,0,0,4,0,2,1
1408,1991,2,0,0,0,0,0,1,0,0,0
1426,1996,1,1,0,0,0,0,0,0,0,0
1433,2006,3,2,0,0,0,0,0,0,0,0
1433,2007,2,2,2,0,0,0,0,0,0,0
1433,2008,3,1,0,0,0,0,2,0,0,0
1454,2005,3,2,0,0,0,0,1,0,0,0
1477,2010,6,5,1,0,0,0,1,0,1,0
1477,2012,4,2,0,0,0,0,0,0,0,2
1482,2006,4,3,1,0,1,0,0,0,0,1
1482,2007,8,8,2,0,0,0,0,0,4,0
1482,2008,1,1,0,0,0,0,0,0,0,0
1484,2008,1,1,0,0,0,0,0,0,0,0
1495,2001,9,7,1,1,0,0,1,0,1,0
1495,2002,14,12,3,1,0,0,0,0,1,0
1495,2003,10,9,2,0,0,0,1,0,1,0
1495,2004,11,10,2,0,0,0,0,0,0,0
1495,2008,3,2,1,0,0,0,1,0,0,0
1505,2002,2,1,1,1,0,0,1,0,0,0
1505,2003,1,0,0,0,0,0,1,0,0,0
1505,2004,1,1,1,0,0,0,0,0,0,0
1510,1998,1,1,1,1,0,0,0,0,0,0
1516,2004,1,1,1,0,0,0,0,0,0,0
1517,1995,2,2,0,0,0,0,0,0,0,0
1517,1999,2,2,1,0,0,0,0,0,0,0
1531,2005,1,1,1,0,0,0,0,0,0,0
1546,1996,5,5,3,0,1,0,0,0,0,0
1546,1997,3,3,1,0,0,0,0,0,0,0
1546,1998,11,10,3,1,0,0,1,0,2,0
1546,1999,8,8,3,1,0,0,0,0,1,0
1546,2002,3,3,1,0,0,0,0,0,0,0
1546,2003,2,2,0,0,0,0,0,0,0,0
1553,1992,3,3,0,0,0,0,0,0,0,0
1556,2002,3,2,0,0,0,0,1,0,1,0
1556,2004,3,2,0,0,0,0,0,0,1,0
1556,2007,2,1,0,0,0,0,1,0,0,0
1556,2010,3,3,2,0,0,0,0,0,0,0
1556,2011,3,3,1,0,0,0,0,0,1,0
1557,2010,1,0,0,0,0,0,1,0,0,0
1557,2012,1,1,1,0,0,0,0,0,0,0
1567,2010,1,1,0,0,0,0,0,0,1,0
1569,1989,3,3,0,0,0,0,0,0,0,0
1569,1991,1,1,0,0,0,0,0,0,0,0
1569,1992,6,6,3,0,0,0,0,0,0,0
1569,1993,5,4,1,0,0,0,1,0,0,0
1580,1995,6,6,1,0,0,0,0,0,0,0
1580,1996,1,1,0,0,0,0,0,0,0,0
1596,2004,7,6,1,0,0,0,1,0,2,0
1596,2006,6,6,0,0,0,0,0,0,1,0
1596,2007,2,2,0,0,0,0,0,0,1,0
1606,1992,2,1,0,0,0,0,1,0,0,0
1606,1995,2,2,0,0,0,0,0,0,0,0
1634,2001,6,4,3,0,0,0,2,0,0,0
1634,2002,7,5,2,0,0,0,2,0,1,0
1634,2004,1,1,0,0,0,0,0,0,0,0
1635,1999,3,3,1,0,0,0,0,0,0,0
1635,2008,2,2,0,0,0,0,0,0,0,0
1652,2000,1,1,1,0,0,0,0,0,0,0
1663,1990,1,1,0,0,0,0,0,0,1,0
1663,1992,2,2,0,0,0,0,0,0,1,0
1663,1994,5,5,1,0,0,0,0,0,1,0
1663,1998,1,1,0,0,0,0,0,0,0,0
1666,2009,5,5,1,0,0,0,0,0,1,0
1666,2010,7,7,4,0,0,0,0,0,0,0
1666,2011,8,6,5,0,0,0,0,0,0,1
1669,2009,3,3,0,0,0,0,0,0,0,0
1675,2006,1,0,0,0,0,0,1,0,0,0
1675,2007,1,1,0,0,0,0,0,0,0,0
1686,2004,3,3,1,0,0,0,0,0,0,0
1699,2007,1,1,1,0,0,0,0,0,0,0
1699,2009,1,1,0,0,0,0,0,0,0,0
1717,1990,2,2,0,0,0,0,0,0,0,0
1723,1992,2,2,0,0,0,0,0,0,0,0
1723,1994,1,1,1,0,0,0,0,0,0,0
1732,2004,2,2,1,0,0,0,0,0,0,0
1732,2009,1,1,0,0,0,0,0,0,1,0
1732,2011,1,1,0,0,0,0,0,0,0,0
1743,1989,4,4,1,0,0,0,0,0,0,0
1743,1990,6,6,2,0,0,1,0,0,0,0
1743,1991,8,7,3,0,1,0,1,0,1,0
1743,1998,3,3,2,1,0,0,0,0,0,0
1743,1999,4,4,2,0,0,0,0,0,0,0
1764,2006,2,2,0,0,0,0,0,0,0,0
1769,2010,3,2,0,0,0,0,0,0,0,0
1769,2011,3,3,0,0,0,0,0,0,1,0
1773,2005,1,1,0,0,0,0,0,0,0,0
1773,2006,4,4,1,0,0,0,0,0,0,0
1773,2007,2,2,0,0,0,0,0,0,0,0
1790,2005,2,1,0,0,0,0,1,0,0,0
1790,2007,3,3,2,1,0,0,0,0,0,0
1790,2008,1,0,0,0,0,0,0,0,0,0
1795,2009,1,1,0,0,0,0,0,0,1,0
1801,2009,3,3,0,0,0,0,0,0,0,0
1801,2010,5,5,1,1,0,0,0,0,1,0
1801,2011,2,1,0,0,0,0,0,0,1,0
1802,1996,3,2,1,0,0,0,1,0,0,0
1805,1993,1,1,0,0,0,0,0,0,0,0
1805,1994,2,2,1,0,0,0,0,0,0,0
1806,1997,1,1,1,0,0,0,0,0,0,0
1806,1998,6,6,3,1,0,0,0,0,0,0
1806,2000,9,9,4,0,0,0,0,0,1,0
1806,2001,3,2,0,0,0,0,1,0,0,0
1806,2005,4,4,2,0,0,1,0,0,1,0
1806,2006,3,3,1,1,0,0,0,0,1,0
1809,2012,1,1,0,0,0,0,0,0,0,0
1820,2009,2,2,0,0,0,0,0,0,0,0
1820,2010,6,5,0,0,0,0,0,0,1,0
1825,2003,2,2,0,0,0,0,0,0,0,0
1825,2004,1,1,1,0,0,0,0,0,0,0
1825,2009,3,2,0,0,0,0,1,0,0,0
1828,1995,5,4,1,0,0,0,1,0,0,0
1828,1996,2,2,2,1,0,0,0,0,0,0
1828,2003,3,2,0,0,0,0,1,0,0,0
1828,2005,5,5,1,0,0,0,0,0,0,0
1828,2006,3,3,1,1,0,0,0,0,1,0
1829,1999,2,1,0,0,0,0,0,0,1,1
1829,2000,3,2,1,0,0,0,0,1,1,0
1829,2001,2,1,0,0,0,0,1,0,0,0
1829,2005,3,3,0,0,0,0,0,0,2,0
1829,2006,1,1,0,0,0,0,0,0,0,0
1837,2012,1,1,0,0,0,0,0,0,0,0
1846,2004,1,1,0,0,0,0,0,0,0,0
1846,2006,1,1,1,0,0,0,0,0,0,0
1850,2005,1,1,1,0,0,0,0,0,0,0
1851,1990,2,2,0,0,0,0,0,0,0,0
1851,1991,2,2,0,0,0,0,0,0,1,0
1858,2010,1,1,0,0,0,0,0,0,0,0
1865,1990,3,2,1,0,0,0,1,0,0,0
1865,1993,2,2,0,0,0,0,0,0,0,0
1865,1994,4,4,2,0,0,0,0,0,1,0
1865,1997,2,2,1,0,0,0,0,0,0,0
1870,2002,1,1,0,0,0,0,0,0,0,0
1870,2005,1,1,1,0,0,0,0,0,0,0
1870,2006,1,1,0,0,0,0,0,0,0,0
1872,2009,1,1,1,0,0,0,0,0,0,0
1881,1997,1,1,1,0,0,0,0,0,0,0
1881,1999,2,1,0,0,0,0,1,0,0,0
1888,1998,6,6,2,0,0,0,0,0,1,0
1888,2000,7,5,2,0,0,0,2,0,1,0
1888,2001,3,3,1,0,0,0,0,0,0,0
1888,2002,4,3,1,0,0,0,1,0,0,0
1921,1994,1,1,0,0,0,0,0,0,0,0
1921,1995,2,1,0,0,0,0,0,0,0,0
1921,1996,4,4,1,0,0,0,0,0,0,0
1921,1997,4,4,1,0,0,0,0,0,0,0
1921,1998,3,3,0,0,0,0,0,0,0,0
1929,2007,1,1,0,0,0,0,0,0,0,0
1957,2004,3,0,0,0,0,0,1,0,0,1
1960,1989,6,4,1,1,0,0,1,0,0,0
1960,1991,2,2,1,0,0,0,0,0,0,0
1972,2002,3,3,0,0,0,0,0,0,1,0
1972,2004,1,1,0,0,0,0,0,0,0,0
1972,2005,3,3,0,0,0,0,0,0,0,0
1972,2007,3,3,0,0,0,0,0,0,2,0
1982,2009,2,2,0,0,0,0,0,0,1,0
2004,1996,5,5,2,0,0,1,0,0,0,0
2004,1997,3,2,2,0,0,0,0,0,0,0
2004,1998,2,1,1,1,0,0,1,0,0,0
2004,1999,1,1,0,0,0,0,0,0,0,0
2004,2001,4,4,2,1,0,0,0,0,0,0
2011,2010,2,2,0,0,0,0,0,0,1,0
2018,2011,3,3,1,0,0,0,0,0,1,0
2022,2012,3,3,2,1,0,0,0,0,0,0
2027,2007,3,3,0,0,0,0,0,0,0,0
2041,1990,1,1,0,0,0,0,0,0,0,0
2041,1991,2,2,1,0,0,0,0,0,1,0
2046,2006,2,2,1,0,0,0,0,0,0,0
2051,1996,2,1,0,0,0,0,1,0,0,0
2058,1998,2,2,0,0,0,0,0,0,0,0
2058,2000,1,1,0,0,0,0,0,0,0,0
2058,2001,2,2,0,0,0,0,0,0,1,0
2062,1995,3,3,1,1,0,0,0,0,1,0
2070,2004,3,2,1,0,0,0,1,0,0,0
2116,1993,4,4,2,0,0,1,0,0,0,0
2116,1999,4,4,2,0,0,0,0,0,0,0
2116,2000,3,3,1,0,0,0,0,0,0,0
2121,1989,3,3,1,0,0,0,0,0,1,0
2122,1997,3,3,0,0,0,0,0,0,0,0
2147,1989,2,2,0,0,0,0,0,0,1,0
2147,1991,11,10,0,0,0,0,0,0,1,0
2147,1992,13,13,4,0,0,0,0,0,2,0
2147,1993,6,5,0,0,0,0,1,0,2,0
2147,1994,4,4,2,0,0,0,0,0,0,0
2147,1996,10,9,3,0,0,0,1,0,3,0
2147,1997,10,9,2,0,0,0,0,1,5,0
2147,1998,8,7,1,1,0,0,1,0,2,0
2147,1999,10,8,2,0,0,0,0,0,1,0
2147,2000,4,4,1,0,0,0,0,0,1,0
2147,2001,8,6,0,0,0,0,1,0,3,0
2147,2002,4,4,1,0,0,0,0,0,0,0
2161,2008,2,0,0,0,0,0,2,0,0,0
2161,2012,1,1,0,0,0,0,0,0,0,0
2166,1997,3,2,0,0,0,0,1,0,0,0
2166,1998,5,5,2,0,0,0,0,0,0,0
2166,1999,2,2,1,0,0,0,0,0,0,0
2180,1990,2,0,0,0,0,0,2,0,0,0
2185,2005,1,1,1,0,0,0,0,0,0,0
2185,2007,1,1,0,0,0,0,0,0,0,0
2186,2001,4,4,3,1,0,1,0,0,0,0
2187,2002,1,1,0,0,0,0,0,0,0,0
2192,2010,4,3,0,0,0,0,1,0,1,0
2192,2011,1,0,0,0,0,0,0,0,0,0
2215,2011,1,1,1,0,0,0,0,0,0,0
2215,2012,1,1,0,0,0,0,0,0,0,0
2228,2011,3,3,1,0,0,0,0,0,0,0
2237,2003,11,11,5,2,0,0,0,0,1,0
2237,2004,3,3,2,0,0,1,0,0,0,0
2237,2009,3,3,1,1,0,0,0,0,1,0
2237,2011,3,3,0,0,0,0,0,0,0,0
2240,2007,1,1,0,0,0,0,0,0,0,0
2240,2008,3,3,0,0,0,0,0,0,0,0
2248,2004,2,2,0,0,0,0,0,0,0,0
2259,2007,1,1,0,0,0,0,0,0,0,0
2259,2008,1,1,1,0,0,0,0,0,0,0
2261,1993,6,5,2,0,0,0,1,0,0,0
2261,1994,3,3,0,0,0,0,0,0,0,0
2261,1995,12,12,4,2,0,0,0,0,2,0
2261,1996,3,3,0,0,0,0,0,0,0,0
2261,1997,5,3,1,0,0,0,2,0,0,0
2261,1998,7,7,1,0,0,0,0,0,2,0
2261,1999,6,4,0,0,0,0,1,0,0,0
2261,2000,10,5,1,1,0,0,5,0,0,0
2261,2001,6,6,3,0,0,0,0,0,0,0
2282,2004,7,7,1,0,0,0,0,0,1,0
2282,2009,5,3,2,1,0,0,0,0,0,0
2291,2006,15,14,7,0,1,1,1,0,0,0
2291,2007,6,4,0,0,0,0,2,0,0,0
2291,2008,6,5,1,0,0,0,0,0,0,0
2291,2011,3,2,1,0,0,0,1,0,0,0
2295,1992,2,2,0,0,0,0,0,0,0,0
2295,1993,1,1,0,0,0,0,0,0,0,0
2295,1994,2,1,0,0,0,0,1,0,0,0
2295,1995,3,3,0,0,0,0,0,0,0,0
2295,1996,3,2,0,0,0,0,0,0,0,0
2295,2002,1,1,0,0,0,0,0,0,1,0
2300,1997,2,2,0,0,0,0,0,0,0,0
2307,2000,3,3,1,1,0,0,0,0,1,0
2316,1996,6,5,2,0,0,0,1,0,0,0
2326,2006,1,1,1,0,0,0,0,0,0,0
2330,2005,1,1,1,0,0,0,0,0,0,0
2330,2006,1,1,0,0,0,0,0,0,0,0
2330,2007,2,2,1,1,0,0,0,0,0,0
2332,1999,3,3,1,0,1,0,0,0,1,0
2333,1999,1,0,0,0,0,0,1,0,0,0
2333,2000,2,2,1,1,0,0,0,0,0,0
2333,2002,1,1,0,0,0,0,0,0,0,0
2333,2003,2,1,0,0,0,0,1,0,0,0
2333,2004,4,3,1,0,0,0,1,0,0,0
2333,2006,1,1,1,0,0,0,0,0,0,0
2333,2007,1,0,0,0,0,0,1,0,0,0
2333,2008,1,1,0,0,0,0,0,0,0,0
2339,2006,1,1,0,0,0,0,0,0,1,0
2339,2008,1,1,0,0,0,0,0,0,0,0
2343,2005,6,4,0,0,0,0,2,0,1,0
2343,2006,1,0,0,0,0,0,1,0,0,0
2343,2011,1,1,0,0,0,0,0,0,0,0
2344,1995,4,4,1,0,0,0,0,0,1,0
2344,1999,4,4,0,0,0,0,0,0,0,0
2344,2000,2,1,0,0,0,0,1,0,0,0
2344,2005,2,1,0,0,0,0,0,0,0,0
2344,2006,3,3,0,0,0,0,0,0,0,0
2345,1994,4,3,0,0,0,0,1,0,0,0
2350,2002,8,6,1,0,0,0,2,0,0,0
2350,2003,10,8,0,0,0,0,1,0,1,0
2350,2004,4,4,1,0,0,0,0,0,0,0
2355,2006,2,1,0,0,0,0,1,0,1,0
2355,2007,1,1,0,0,0,0,0,0,0,0
2355,2008,1,1,0,0,0,0,0,0,0,0
2362,1989,2,1,0,0,0,0,1,0,0,0
2362,1996,2,2,0,0,0,0,0,0,0,0
2362,1997,1,1,1,0,0,0,0,0,0,0
2362,1998,2,2,1,0,0,0,0,0,1,0
2362,1999,2,2,0,0,0,0,0,0,1,0
2365,2006,1,1,1,0,0,0,0,0,0,0
2384,2004,4,3,1,0,1,0,1,0,0,0
2407,1993,2,2,1,0,0,1,0,0,0,0
2407,1995,1,1,1,0,0,0,0,0,0,0
2418,1996,2,2,0,0,0,0,0,0,0,0
2418,1997,2,2,1,1,0,0,0,0,0,0
2418,1998,1,1,0,0,0,0,0,0,0,0
2418,2000,1,1,0,0,0,0,0,0,0,0
2418,2001,1,1,0,0,0,0,0,0,1,0
2421,2004,1,1,0,0,0,0,0,0,0,0
2421,2010,2,2,0,0,0,0,0,0,1,0
2421,2012,1,1,0,0,0,0,0,0,0,0
2426,2011,2,2,1,0,0,0,0,0,1,0
2438,2000,3,2,0,0,0,0,1,0,1,0
2439,1989,1,1,0,0,0,0,0,0,0,0
2439,1990,2,2,0,0,0,0,0,0,0,0
2439,1991,2,1,1,0,0,0,0,0,0,0
2442,2000,3,2,0,0,0,0,1,0,0,0
2442,2001,1,0,0,0,0,0,1,0,0,0
2442,2002,1,0,0,0,0,0,0,1,0,0
2446,2001,5,4,1,1,0,0,1,0,1,0
2446,2002,1,1,0,0,0,0,0,0,1,0
2453,1989,4,4,3,0,0,0,0,0,0,0
2453,1991,3,3,0,0,0,0,0,0,0,0
2453,1992,2,2,1,0,0,0,0,0,0,0
2453,1993,2,1,1,0,0,0,1,0,0,0
2482,2011,1,1,0,0,0,0,0,0,0,0
2483,1998,1,1,0,0,0,0,0,0,0,0
2505,2006,9,8,3,1,0,0,1,0,0,0
2505,2007,1,1,0,0,0,0,0,0,0,0
2505,2008,1,1,0,0,0,0,0,0,0,0
2508,1997,2,2,0,0,0,0,0,0,1,0
2508,1999,1,1,0,0,0,0,0,0,0,0
2520,2000,1,1,1,0,0,0,0,0,0,0
2535,1996,2,2,0,0,0,0,0,0,0,0
2535,1997,3,3,1,0,0,0,0,0,0,0
2562,2003,7,7,3,1,0,0,0,0,0,0
2567,2006,1,1,0,0,0,0,0,0,0,0
2579,1991,2,1,0,0,0,0,1,0,0,0
2581,1996,4,3,2,1,0,0,0,0,0,0
2581,2000,3,2,2,0,1,0,1,0,0,0
2590,2009,3,3,1,0,0,0,0,0,1,0
2595,2004,1,1,0,0,0,0,0,0,0,0
2597,1991,4,4,1,0,0,0,0,0,0,0
2597,1992,6,6,1,0,0,0,0,0,0,0
2597,1993,8,8,1,0,0,0,0,0,0,0
2597,1995,2,2,2,0,0,0,0,0,0,0
2606,2012,5,5,0,0,0,0,0,0,1,0
2608,1991,5,5,2,0,0,0,0,0,1,0
2608,1992,1,1,1,0,0,0,0,0,0,0
2608,1993,7,6,2,1,0,0,0,0,0,0
2608,1995,7,6,1,0,0,0,0,0,1,1
2608,1997,2,2,1,0,0,0,0,0,0,0
2609,1996,1,1,0,0,0,0,0,0,0,0
2609,1997,2,2,0,0,0,0,0,0,1,0
2640,2000,5,5,1,0,0,0,0,0,2,0
2640,2001,10,8,1,0,0,0,2,0,1,0
2640,2002,7,5,2,1,0,1,2,0,0,0
2640,2005,4,4,1,0,0,0,0,0,0,0
2640,2006,7,6,3,0,0,0,1,0,0,0
2640,2007,12,11,1,0,0,0,1,0,2,0
2640,2008,6,4,0,0,0,0,2,0,0,0
2654,2005,3,3,1,0,0,0,0,0,0,0
2661,2006,3,1,0,0,0,0,2,0,0,0
2661,2010,3,2,0,0,0,0,1,0,0,0
2665,1991,4,3,2,0,0,0,1,0,0,0
2665,1992,3,3,0,0,0,0,0,0,0,0
2679,1989,4,3,1,0,0,0,1,0,1,0
2679,1990,6,5,1,0,0,0,1,0,0,0
2679,1991,2,2,1,0,1,0,0,0,0,0
2679,1992,3,3,3,0,0,0,0,0,0,0
2679,1993,2,2,0,0,0,0,0,0,1,0
2679,1994,1,1,0,0,0,0,0,0,0,0
2680,1989,2,2,0,0,0,0,0,0,0,0
2684,1994,1,1,0,0,0,0,0,0,0,0
2684,1996,1,1,0,0,0,0,0,0,0,0
2690,2012,2,2,1,0,0,0,0,0,0,0
2700,2005,1,1,0,0,0,0,0,0,0,0
2742,2001,2,2,0,0,0,0,0,0,0,0
2742,2004,1,1,0,0,0,0,0,0,0,0
2742,2005,2,2,0,0,0,0,0,0,0,0
2750,2008,1,1,0,0,0,0,0,0,0,0
2754,2005,1,1,0,0,0,0,0,0,1,0
2754,2006,1,1,0,0,0,0,0,0,0,0
2754,2008,2,2,0,0,0,0,0,0,0,0
2766,2007,1,1,0,0,0,0,0,0,0,0
2767,1994,2,2,1,0,0,0,0,0,0,0
2798,1998,3,3,2,0,0,0,0,0,0,0
2810,2002,3,3,1,0,0,0,0,0,0,0
2810,2005,1,1,0,0,0,0,0,0,0,0
2810,2006,1,1,1,0,1,0,0,0,0,0
2810,2007,1,1,0,0,0,0,0,0,0,0
2810,2008,5,5,2,0,0,0,0,0,0,0
2810,2010,3,3,2,0,0,0,0,0,0,0
2837,1993,1,1,1,0,0,0,0,0,0,0
2837,1994,9,8,2,0,0,1,0,0,1,0
2841,2000,1,1,0,0,0,0,0,0,0,0
2841,2001,4,4,1,0,0,0,0,0,0,0
2841,2005,2,0,0,0,0,0,1,0,0,0
2845,1994,3,3,0,0,0,0,0,0,0,0
2855,2006,1,1,1,0,0,0,0,0,0,0
2861,2000,1,1,0,0,0,0,0,0,0,0
2863,2012,2,2,0,0,0,0,0,0,1,0
2879,2004,5,4,3,0,0,1,1,0,0,0
2906,1996,3,2,0,0,0,0,1,0,0,0
2906,1998,6,4,0,0,0,0,2,0,1,0
2911,2001,1,1,0,0,0,0,0,0,0,0
2911,2003,3,3,2,0,0,0,0,0,0,0
2911,2004,3,3,1,0,0,0,0,0,1,0
2929,2012,1,1,1,0,0,0,0,0,0,0
2933,2004,3,3,0,0,0,0,0,0,0,0
2933,2007,3,3,1,0,0,0,0,0,2,0
2935,2000,1,1,1,0,0,0,0,0,0,0
2942,1993,3,3,1,0,0,0,0,0,0,0
2945,1997,3,3,0,0,0,0,0,0,0,0
2964,1992,2,2,1,0,0,0,0,0,0,0
2964,1993,6,6,2,0,0,0,0,0,0,0
2964,1994,3,3,2,0,0,0,0,0,0,0
2964,1995,6,4,2,0,0,0,2,0,0,0
2964,1996,2,2,0,0,0,0,0,0,0,0
2966,2005,2,1,0,0,0,0,1,0,0,0
2981,2002,1,1,1,0,0,0,0,0,0,0
2981,2004,1,0,0,0,0,0,0,0,0,0
2987,2012,1,1,1,0,0,0,0,0,0,0
2988,1989,7,6,3,1,1,0,0,0,1,0
2988,1991,1,1,1,0,0,0,0,0,0,0
2988,1992,2,2,1,0,0,0,0,0,0,0
2988,1993,4,4,1,0,0,0,0,0,0,0
2988,1994,3,3,0,0,0,0,0,0,0,0
2996,2001,1,1,0,0,0,0,0,0,0,0
2996,2004,2,2,1,0,0,0,0,0,0,0
2996,2008,1,0,0,0,0,0,1,0,0,0
2996,2009,1,1,0,0,0,0,0,0,0,0
2996,2010,1,1,0,0,0,0,0,0,0,0
2996,2011,1,1,0,0,0,0,0,0,0,0
2996,2012,1,1,1,0,1,0,0,0,0,0
2997,1989,3,2,0,0,0,0,0,0,0,1
3002,2002,3,2,0,0,0,0,1,0,2,0
3014,1992,2,2,0,0,0,0,0,0,1,0
3014,1993,5,5,3,0,0,0,0,0,0,0
3016,2007,1,1,0,0,0,0,0,0,0,0
3028,1997,5,3,0,0,0,0,2,0,1,0
3028,1998,3,3,0,0,0,0,0,0,0,0
3029,2011,3,3,1,0,0,0,0,0,0,0
3032,1992,1,1,0,0,0,0,0,0,0,0
3038,1991,1,1,0,0,0,0,0,0,0,0
3040,1991,2,1,0,0,0,0,1,0,0,0
3041,2004,6,6,3,0,0,0,0,0,0,0
3048,1993,5,5,0,0,0,0,0,0,2,0
3052,2002,3,2,1,0,0,0,0,1,0,0
3056,1989,2,2,0,0,0,0,0,0,0,0
3056,1990,2,2,1,1,0,0,0,0,0,0
3066,2004,1,1,0,0,0,0,0,0,0,0
3066,2006,1,1,0,0,0,0,0,0,1,0
3066,2008,2,2,0,0,0,0,0,0,0,0
3070,2010,6,6,1,0,0,0,0,0,0,0
3070,2012,1,1,0,0,0,0,0,0,0,0
3073,2012,3,2,0,0,0,0,1,0,1,0
3086,2006,6,6,1,0,0,0,0,0,0,0
3086,2007,2,1,0,0,0,0,1,0,0,0
3107,1992,1,1,1,0,0,0,0,0,0,0
3130,1998,1,1,0,0,0,0,0,0,0,0
3131,2000,6,6,2,0,0,0,0,0,0,0
3131,2001,11,11,3,1,0,0,0,0,2,0
3131,2008,1,0,0,0,0,0,1,0,0,0
3131,2011,1,1,0,0,0,0,0,0,0,0
3133,2004,2,2,0,0,0,0,0,0,0,0
3143,1999,1,1,0,0,0,0,0,0,0,0
3143,2000,1,1,0,0,0,0,0,0,0,0
3143,2001,2,2,0,0,0,0,0,0,0,0
3149,1989,4,4,1,1,0,0,0,0,2,0
3166,2003,4,3,0,0,0,0,1,0,0,0
3166,2005,13,12,3,0,0,0,1,0,1,0
3166,2007,4,3,1,1,0,0,1,0,1,0
3166,2008,2,0,0,0,0,0,2,0,0,0
3173,1989,1,1,0,0,0,0,0,0,0,0
3173,1990,1,1,0,0,0,0,0,0,0,0
3173,1992,1,1,0,0,0,0,0,0,0,0
3173,1993,4,4,1,0,0,0,0,0,0,0
3173,1995,1,1,1,0,0,0,0,0,0,0
3173,1998,1,1,1,1,0,0,0,0,0,0
3174,2003,1,1,0,0,0,0,0,0,0,0
3183,1990,1,1,1,0,0,0,0,0,0,0
3183,1992,1,1,0,0,0,0,0,0,1,0
3202,1990,1,1,1,0,0,0,0,0,0,0
3211,1991,1,1,0,0,0,0,0,0,0,0
3214,1991,1,1,1,0,1,0,0,0,0,0
3214,1992,2,2,0,0,0,0,0,0,1,0
3214,1993,1,1,0,0,0,0,0,0,0,0
3214,1994,2,2,0,0,0,0,0,0,0,0
3214,1996,1,1,0,0,0,0,0,0,0,0
3216,1991,2,2,1,0,0,0,0,0,0,0
3216,2000,3,3,0,0,0,0,0,0,0,0
3219,1996,1,1,1,1,0,0,0,0,0,0
3223,2000,4,3,0,0,0,0,1,0,2,0
3223,2001,3,1,0,0,0,0,2,0,1,0
3223,2003,3,2,2,0,0,0,1,0,0,0
3229,1992,3,3,0,0,0,0,0,0,0,0
3229,1993,15,13,4,1,0,0,1,0,1,1
3229,1997,11,10,2,0,0,0,1,0,1,0
3229,1998,3,3,1,0,0,0,0,0,0,0
3229,2000,10,9,5,1,0,0,1,0,1,0
3229,2001,4,3,3,1,0,0,1,0,0,0
3248,1996,1,1,0,0,0,0,0,0,0,0
3262,2001,3,3,1,0,0,0,0,0,1,0
3262,2004,4,4,2,1,0,0,0,0,1,0
3262,2006,2,2,0,0,0,0,0,0,0,0
3262,2007,1,1,0,0,0,0,0,0,0,0
3271,2000,1,1,0,0,0,0,0,0,0,0
3288,2012,1,1,0,0,0,0,0,0,0,0
3292,2001,1,1,1,0,0,0,0,0,0,0
3296,1990,3,2,0,0,0,0,0,0,0,0
3296,1991,7,6,3,0,0,0,1,0,0,0
3296,1992,4,3,1,0,0,0,1,0,0,0
3296,1993,11,11,5,1,1,0,0,0,0,0
3296,1994,6,5,0,0,0,0,1,0,0,0
3296,1995,10,10,4,0,0,0,0,0,0,0
3296,1996,9,8,4,1,0,0,1,0,0,0
3296,1998,7,6,1,0,0,0,1,0,0,0
3296,1999,4,3,1,0,0,0,0,0,1,0
3296,2002,5,4,2,0,0,1,1,0,0,0
3296,2004,3,3,0,0,0,0,0,0,0,0
3296,2005,2,2,0,0,0,0,0,0,0,0
3313,1997,2,1,0,0,0,0,1,0,0,0
3313,1998,3,3,1,0,0,0,0,0,0,0
3313,1999,4,4,1,0,0,0,0,0,0,0
3313,2000,5,4,1,1,0,0,1,0,1,0
3313,2002,2,1,1,0,0,0,1,0,0,0
3313,2004,8,7,3,0,0,0,1,0,1,0
3313,2006,3,3,1,0,0,0,0,0,0,0
3317,1995,9,8,2,0,0,0,1,0,1,0
3339,2002,3,3,2,0,0,0,0,0,0,0
3339,2005,2,1,0,0,0,0,0,0,0,1
3339,2006,3,3,2,0,0,0,0,0,0,0
3351,2000,5,4,1,0,0,0,1,0,0,0
3366,2012,1,1,0,0,0,0,0,0,0,0
3374,1998,1,1,0,0,0,0,0,0,0,0
3374,1999,1,1,1,1,0,0,0,0,0,0
3374,2002,2,2,0,0,0,0,0,0,0,0
3387,1994,3,3,0,0,0,0,0,0,0,0
3389,2008,1,1,0,0,0,0,0,0,0,0
3409,2002,1,1,0,0,0,0,0,0,0,0
3410,2007,2,2,1,0,0,0,0,0,0,0
3413,1989,12,11,4,0,1,0,1,0,0,0
3413,1993,4,3,0,0,0,0,1,0,1,0
3417,1989,2,2,0,0,0,0,0,0,1,0
3417,1990,4,3,1,0,0,0,0,0,0,0
3417,1991,2,2,0,0,0,0,0,0,0,0
3417,1992,1,1,0,0,0,0,0,0,0,0
3417,1993,2,2,0,0,0,0,0,0,1,0
3417,1994,1,1,1,0,0,0,0,0,0,0
3420,1997,3,3,0,0,0,0,0,0,1,0
3420,1998,4,4,0,0,0,0,0,0,1,0
3420,2000,1,1,0,0,0,0,0,0,0,0
3420,2004,3,3,1,0,0,0,0,0,1,0
3434,2010,6,5,1,1,0,0,0,1,0,0
3440,2010,2,2,0,0,0,0,0,0,0,0
3442,2006,2,2,0,0,0,0,0,0,0,0
3442,2007,1,1,0,0,0,0,0,0,1,0
3442,2008,1,1,0,0,0,0,0,0,0,0
3455,1990,5,3,0,0,0,0,0,0,0,0
3455,1991,4,4,2,0,0,0,0,0,0,0
3455,1992,2,2,2,0,0,0,0,0,0,0
3455,1993,11,9,2,0,0,0,1,0,1,0
3455,1994,8,7,0,0,0,0,1,0,2,0
3455,1995,12,12,2,0,0,0,0,0,0,0
3455,1996,10,8,4,0,0,0,2,0,1,0
3466,2001,3,2,1,0,0,0,1,0,1,0
3468,1994,4,3,0,0,0,0,0,0,0,0
3482,1990,2,2,0,0,0,0,0,0,1,0
3482,1991,3,2,0,0,0,0,1,0,1,0
3482,1993,1,0,0,0,0,0,1,0,0,0
3482,1996,1,1,0,0,0,0,0,0,0,0
3482,1998,1,1,0,0,0,0,0,0,0,0
3482,1999,1,1,1,0,0,0,0,0,0,0
3494,2004,2,2,0,0,0,0,0,0,0,0
3497,2009,1,1,0,0,0,0,0,0,1,0
3519,1990,4,4,0,0,0,0,0,0,1,0
3519,1991,3,3,2,1,0,0,0,0,0,0
3519,1992,6,5,0,0,0,0,1,0,0,0
3519,1993,9,8,0,0,0,0,1,0,1,0
3519,1994,4,2,1,0,0,0,0,0,0,0
3519,1995,4,4,1,1,0,0,0,0,3,0
3519,1996,6,5,1,0,0,0,1,0,1,0
3519,1997,3,3,1,0,0,0,0,0,0,0
3519,1998,6,6,3,1,0,0,0,0,1,0
3519,1999,8,8,1,0,0,0,0,0,0,0
3522,1994,4,4,2,0,0,0,0,0,0,0
3526,2000,1,1,0,0,0,0,0,0,0,0
3526,2001,2,2,0,0,0,0,0,0,0,0
3526,2002,2,2,0,0,0,0,0,0,0,0
3546,2010,3,3,1,0,0,0,0,0,1,0
3560,1989,11,11,3,0,0,0,0,0,0,0
3560,1991,5,5,0,0,0,0,0,0,0,0
3560,1992,2,2,1,0,0,0,0,0,0,0
3564,1995,5,3,0,0,0,0,1,0,1,0
3566,1997,4,4,0,0,0,0,0,0,0,0
3577,1997,4,3,1,0,0,0,1,0,0,0
3577,1998,1,1,0,0,0,0,0,0,0,0
3577,1999,4,4,3,0,0,0,0,0,1,0
3588,2005,1,1,0,0,0,0,0,0,0,0
3588,2006,1,0,0,0,0,0,1,0,0,0
3588,2007,1,1,0,0,0,0,0,0,1,0
3596,2006,3,3,2,0,0,1,0,0,0,0
3596,2008,3,3,0,0,0,0,0,0,0,0
3596,2012,6,6,2,0,0,0,0,0,0,0
3600,2005,3,2,0,0,0,0,1,0,0,0
3600,2006,7,5,0,0,0,0,2,0,1,0
3600,2007,7,6,2,0,0,0,1,0,1,0
3628,1997,3,3,2,1,0,1,0,0,1,0
3628,1998,2,2,0,0,0,0,0,0,0,0
3641,1992,2,2,2,1,0,0,0,0,0,0
3641,1995,3,3,1,0,0,0,0,0,0,0
3644,2001,6,5,1,0,0,0,1,0,1,0
3644,2002,4,3,1,0,0,0,1,0,2,0
3644,2003,3,2,1,1,0,0,1,0,0,0
3647,1989,1,1,0,0,0,0,0,0,0,0
3647,1991,1,1,0,0,0,0,0,0,0,0
3647,1992,1,1,0,0,0,0,0,0,0,0
3647,1993,1,0,0,0,0,0,1,0,0,0
3647,1994,4,4,0,0,0,0,0,0,0,0
3647,1997,1,1,0,0,0,0,0,0,0,0
3650,2005,2,2,0,0,0,0,0,0,0,0
3651,2001,1,1,1,0,1,0,0,0,0,0
3659,1997,2,2,0,0,0,0,0,0,0,0
3659,1998,1,1,0,0,0,0,0,0,0,0
3659,1999,4,4,1,0,0,0,0,0,0,0
3659,2000,3,3,0,0,0,0,0,0,0,0
3659,2001,3,3,1,0,0,1,0,0,0,0
3659,2002,2,2,0,0,0,0,0,0,0,0
3659,2003,2,2,0,0,0,0,0,0,1,0
3659,2004,2,2,0,0,0,0,0,0,2,0
3659,2008,3,3,0,0,0,0,0,0,1,0
3680,2010,1,1,0,0,0,0,0,0,1,0
3681,2004,2,2,1,0,0,0,0,0,0,0
3681,2005,1,1,0,0,0,0,0,0,1,0
3683,2005,7,7,2,1,0,0,0,0,1,0
3683,2006,8,6,2,1,0,0,2,0,0,0
3683,2007,11,11,3,0,0,0,0,0,0,0
3694,2003,2,2,0,0,0,0,0,0,0,0
3694,2004,6,4,1,0,0,0,2,0,1,0
3694,2006,1,1,0,0,0,0,0,0,1,0
3694,2007,1,1,0,0,0,0,0,0,0,0
3702,1998,2,2,0,0,0,0,0,0,1,0
3702,1999,3,1,0,0,0,0,2,0,1,0
3702,2000,1,1,0,0,0,0,0,0,0,0
3703,2004,1,1,1,0,0,0,0,0,0,0
3703,2007,1,1,0,0,0,0,0,0,0,0
3703,2010,1,1,0,0,0,0,0,0,0,0
3703,2011,1,1,0,0,0,0,0,0,0,0
3704,1989,1,0,0,0,0,0,0,0,0,0
3711,2002,1,1,0,0,0,0,0,0,0,0
3741,1992,1,1,0,0,0,0,0,0,0,0
3741,1993,2,2,0,0,0,0,0,0,0,0
3741,1995,1,1,0,0,0,0,0,0,0,0
3754,1993,2,0,0,0,0,0,1,1,0,0
3754,1994,2,2,1,0,1,0,0,0,1,0
3765,2002,1,0,0,0,0,0,1,0,0,0
3765,2005,3,1,0,0,0,0,1,1,0,0
3765,2006,2,2,2,1,0,0,0,0,0,0
3765,2007,4,4,1,0,0,0,0,0,0,0
3765,2008,3,3,1,1,0,0,0,0,0,0
3765,2010,2,2,0,0,0,0,0,0,1,0
3765,2011,1,1,0,0,0,0,0,0,0,0
3776,2009,1,1,0,0,0,0,0,0,0,0
3786,2003,1,1,0,0,0,0,0,0,0,0
3786,2004,4,4,1,0,0,0,0,0,1,0
3786,2006,2,2,1,0,0,0,0,0,0,0
3797,1999,2,1,0,0,0,0,1,0,1,0
3797,2000,1,1,1,0,0,0,0,0,0,0
3798,1999,2,2,0,0,0,0,0,0,0,0
3809,2005,1,1,1,1,0,0,0,0,0,0
3811,1997,1,0,0,0,0,0,1,0,0,0
3816,1991,3,3,0,0,0,0,0,0,0,0
3818,2008,2,2,0,0,0,0,0,0,1,0
3818,2010,7,6,1,0,0,0,1,0,0,0
3832,2006,2,1,0,0,0,0,0,0,0,0
3833,2008,2,2,0,0,0,0,0,0,0,0
3834,2007,5,5,0,0,0,0,0,0,2,0
3834,2012,3,3,0,0,0,0,0,0,0,0
3849,1994,2,2,0,0,0,0,0,0,0,0
3870,2000,4,4,1,0,0,0,0,0,1,0
3870,2001,8,8,1,0,0,0,0,0,0,0
3870,2002,6,6,2,0,0,0,0,0,0,0
3870,2003,7,7,2,0,0,0,0,0,0,0
3870,2004,8,7,2,1,0,0,1,0,0,0
3870,2007,2,2,1,0,0,0,0,0,0,0
3870,2012,3,3,0,0,0,0,0,0,1,0
3876,2007,2,2,0,0,0,0,0,0,0,0
3876,2008,1,1,0,0,0,0,0,0,0,0
3876,2009,1,1,0,0,0,0,0,0,1,0
3899,1990,1,1,0,0,0,0,0,0,0,0
3899,1996,1,1,0,0,0,0,0,0,0,0
3899,1999,1,0,0,0,0,0,1,0,0,0
3899,2001,2,1,0,0,0,0,0,0,0,0
3900,1991,2,2,1,0,0,0,0,0,0,0
3900,1996,4,4,2,0,0,0,0,0,0,0
3915,2007,1,1,0,0,0,0,0,0,0,0
3916,1993,5,5,2,0,0,0,0,0,0,0
3917,1991,5,4,1,0,0,0,1,0,0,0
3917,1992,7,6,3,0,1,0,0,0,0,0
3917,1994,1,1,0,0,0,0,0,0,0,0
3921,1990,1,1,0,0,0,0,0,0,0,0
3925,2000,5,2,1,0,0,0,3,0,0,0
3925,2001,5,4,1,0,0,0,1,0,0,0
3925,2002,9,6,0,0,0,0,3,0,0,0
3925,2003,5,4,2,0,0,0,1,0,0,0
3925,2004,11,10,3,0,0,0,1,0,1,0
3925,2009,4,3,1,0,0,0,0,0,0,0
3925,2011,2,2,1,1,0,0,0,0,0,0
3951,2011,3,3,0,0,0,0,0,0,1,0
3966,2004,1,1,0,0,0,0,0,0,0,0
3966,2006,2,2,1,0,0,0,0,0,0,0
3966,2007,6,5,1,0,0,0,0,0,0,1
3966,2008,3,3,0,0,0,0,0,0,1,0
3971,2007,1,0,0,0,0,0,1,0,0,0
3976,2008,3,3,0,0,0,0,0,0,0,0
3989,2001,3,3,0,0,0,0,0,0,0,0
3989,2002,2,2,0,0,0,0,0,0,0,0
3989,2003,3,3,0,0,0,0,0,0,1,0
3989,2004,4,3,1,1,0,0,1,0,1,0
4000,2003,2,2,0,0,0,0,0,0,0,0
4000,2004,1,1,0,0,0,0,0,0,0,0
4003,2007,3,2,1,0,0,1,1,0,0,0
4003,2010,1,1,0,0,0,0,0,0,1,0
4030,1989,2,2,0,0,0,0,0,0,0,0
4030,1990,1,1,0,0,0,0,0,0,0,0
4030,1991,4,4,2,0,0,0,0,0,0,0
4030,1993,2,2,0,0,0,0,0,0,0,0
4030,1994,1,0,0,0,0,0,1,0,0,0
4076,2000,3,3,2,0,0,0,0,0,0,0
4076,2001,2,2,0,0,0,0,0,0,0,0
4076,2002,2,2,1,0,0,0,0,0,0,0
4076,2004,3,3,0,0,0,0,0,0,1,0
4086,1995,3,3,1,1,0,0,0,0,1,0
4095,2005,7,7,1,0,0,0,0,0,0,0
4095,2006,4,3,1,0,0,0,1,0,1,0
4095,2007,6,6,2,0,0,0,0,0,0,0
4096,1989,1,1,0,0,0,0,0,0,0,0
4096,1991,2,2,0,0,0,0,0,0,0,0
4102,2001,11,9,1,0,1,0,2,0,0,0
4102,2002,12,11,2,0,0,1,1,0,2,0
4102,2003,3,2,0,0,0,0,1,0,0,0
4102,2005,3,3,3,1,1,0,0,0,0,0
4105,2000,3,2,1,0,0,0,1,0,0,0
4105,2001,3,2,0,0,0,0,1,0,0,0
4106,2004,2,1,0,0,0,0,1,0,0,0
4122,1993,1,1,0,0,0,0,0,0,1,0
4122,1996,9,8,2,0,0,0,1,0,1,0
4146,2002,3,2,0,0,0,0,1,0,0,0
4163,2003,3,3,0,0,0,0,0,0,0,0
4163,2006,4,3,0,0,0,0,1,0,1,0
4163,2007,10,9,1,1,0,0,1,0,2,0
4163,2009,2,2,1,0,0,0,0,0,0,0
4164,2006,8,8,2,0,0,0,0,0,1,0
4164,2010,1,0,0,0,0,0,1,0,0,0
4173,1997,4,4,1,0,0,0,0,0,1,0
4180,2005,2,2,0,0,0,0,0,0,0,0
4180,2010,2,1,0,0,0,0,1,0,1,0
4182,2012,3,3,0,0,0,0,0,0,0,0
4199,2003,2,2,1,0,0,0,0,0,0,0
4203,1996,7,7,3,1,0,0,0,0,1,0
4203,1997,4,4,1,0,0,0,0,0,0,0
4219,1989,1,0,0,0,0,0,1,0,0,0
4219,1990,3,2,0,0,0,0,1,0,0,0
4219,1991,4,4,0,0,0,0,0,0,1,0
4219,1992,2,2,1,0,0,0,0,0,0,0
4219,1993,6,5,2,0,0,0,0,0,1,0
4219,1994,2,2,0,0,0,0,0,0,0,0
4219,1995,6,5,2,0,0,0,1,0,0,0
4219,1996,12,12,4,2,0,0,0,0,1,0
4219,1997,5,4,1,0,0,0,1,0,1,0
4219,1998,2,2,0,0,0,0,0,0,0,0
4219,1999,1,0,0,0,0,0,1,0,0,0
4219,2003,2,2,1,1,0,0,0,0,1,0
4219,2004,2,1,1,0,0,0,1,0,0,0
4219,2008,1,1,0,0,0,0,0,0,1,0
4231,2006,3,3,1,0,0,0,0,0,0,0
4231,2007,4,4,0,0,0,0,0,0,0,0
4231,2010,2,2,0,0,0,0,0,0,1,0
4235,2005,1,1,0,0,0,0,0,0,0,0
4235,2007,1,1,0,0,0,0,0,0,1,0
4239,1989,1,1,0,0,0,0,0,0,0,0
4239,1991,3,2,1,0,0,0,0,0,0,0
4239,1992,1,1,0,0,0,0,0,0,0,0
4239,1993,1,1,1,0,0,0,0,0,0,0
4249,2005,1,1,0,0,0,0,0,0,0,0
4249,2006,2,2,0,0,0,0,0,0,1,0
4259,1991,1,1,0,0,0,0,0,0,0,0
4259,1992,3,3,0,0,0,0,0,0,1,0
4259,1993,3,3,0,0,0,0,0,0,0,0
4259,1994,1,1,0,0,0,0,0,0,0,0
4269,1993,1,1,0,0,0,0,0,0,0,0
4282,1998,1,1,0,0,0,0,0,0,0,0
4282,1999,2,1,0,0,0,0,1,0,0,0
4282,2000,3,3,0,0,0,0,0,0,0,0
4282,2001,1,1,0,0,0,0,0,0,0,0
4282,2004,1,1,1,0,0,0,0,0,0,0
4287,1990,3,3,1,0,0,0,0,0,1,0
4287,1991,1,1,0,0,0,0,0,0,0,0
4288,2009,1,1,0,0,0,0,0,0,0,0
4336,2004,1,1,0,0,0,0,0,0,1,0
4336,2007,2,1,0,0,0,0,0,0,0,0
4336,2008,1,1,0,0,0,0,0,0,0,0
4336,2011,1,1,0,0,0,0,0,0,0,0
4336,2012,1,1,0,0,0,0,0,0,0,0
4343,1998,5,4,0,0,0,0,0,0,1,0
4343,2002,2,1,1,0,0,0,1,0,0,0
4343,2004,1,0,0,0,0,0,1,0,0,0
4344,2004,10,9,3,0,0,1,0,0,0,0
4344,2010,7,6,3,0,1,0,0,0,1,0
4350,2012,2,2,1,0,0,0,0,0,0,0
4361,2004,3,1,0,0,0,0,1,0,0,1
4361,2008,1,1,0,0,0,0,0,0,0,0
4364,1996,4,3,0,0,0,0,1,0,1,0
4364,1999,1,1,0,0,0,0,0,0,0,0
4364,2000,2,1,0,0,0,0,1,0,0,0
4364,2001,5,5,1,0,0,0,0,0,0,0
4364,2002,3,3,1,0,0,0,0,0,1,0
4364,2003,1,1,0,0,0,0,0,0,0,0
4364,2004,4,4,2,0,0,0,0,0,0,0
4364,2006,3,3,1,0,0,0,0,0,0,0
4372,1994,1,1,0,0,0,0,0,0,0,0
4372,1995,3,3,3,1,0,0,0,0,0,0
4372,1996,4,3,2,0,0,0,1,0,0,0
4372,1998,1,1,0,0,0,0,0,0,0,0
4372,1999,1,1,1,0,0,0,0,0,0,0
4372,2000,3,3,0,0,0,0,0,0,0,0
4372,2003,2,2,0,0,0,0,0,0,0,0
4372,2005,1,1,0,0,0,0,0,0,0,0
4377,1995,7,7,5,1,0,0,0,0,0,0
4377,1996,5,5,4,1,0,0,0,0,0,0
4398,1989,2,2,0,0,0,0,0,0,1,0
4398,1990,2,2,0,0,0,0,0,0,0,0
4399,1994,2,1,0,0,0,0,0,0,0,0
4399,1995,6,5,1,0,0,0,0,0,0,0
4399,1996,4,4,1,0,0,0,0,0,0,0
4399,1997,1,1,0,0,0,0,0,0,0,0
4399,1998,3,3,1,1,0,0,0,0,0,0
4399,1999,2,2,1,1,0,0,0,0,0,0
4399,2000,4,3,1,0,0,0,1,0,0,0
4399,2001,2,2,1,0,0,0,0,0,0,0
4399,2002,7,6,1,0,0,0,0,0,0,1
4399,2006,1,0,0,0,0,0,0,0,0,0
4401,1989,8,8,1,0,0,0,0,0,0,0
4401,1991,2,2,0,0,0,0,0,0,1,0
4401,1993,1,1,1,0,0,0,0,0,0,0
4401,1997,4,4,1,0,0,0,0,0,1,0
4408,2011,1,0,0,0,0,0,1,0,0,0
4412,2004,2,2,1,1,0,0,0,0,0,0
4412,2005,1,1,0,0,0,0,0,0,0,0
4412,2009,1,1,1,0,0,0,0,0,0,0
4412,2010,2,2,0,0,0,0,0,0,0,0
4412,2011,1,1,1,0,0,0,0,0,0,0
4420,1989,1,1,1,0,0,0,0,0,0,0
4420,1991,2,2,0,0,0,0,0,0,0,0
4420,1992,1,1,1,0,0,0,0,0,0,0
4420,1996,1,1,0,0,0,0,0,0,0,0
4435,1991,12,11,2,0,0,0,0,0,1,1
4435,1992,7,7,3,1,0,0,0,0,0,0
4435,1993,5,5,2,0,0,0,0,0,0,0
4435,1994,4,4,0,0,0,0,0,0,0,0
4439,1996,1,0,0,0,0,0,0,1,0,0
4439,1997,2,2,0,0,0,0,0,0,0,0
4439,1998,1,1,0,0,0,0,0,0,0,0
4439,2000,2,2,2,0,0,0,0,0,0,0
4449,2009,5,5,0,0,0,0,0,0,1,0
4449,2010,8,8,1,0,0,0,0,0,1,0
4450,1989,2,2,0,0,0,0,0,0,0,0
4450,1990,3,3,1,0,0,0,0,0,1,0
4450,1991,1,1,0,0,0,0,0,0,0,0
4450,1992,1,1,0,0,0,0,0,0,0,0
4450,1993,2,2,1,0,0,0,0,0,0,0
4450,1994,5,5,3,2,0,0,0,0,0,0
4450,1995,3,3,1,1,0,0,0,0,1,0
4450,1999,2,2,0,0,0,0,0,0,0,0
4450,2000,2,2,0,0,0,0,0,0,0,0
4450,2001,1,1,0,0,0,0,0,0,0,0
4459,2006,2,2,0,0,0,0,0,0,1,0
4466,1991,4,3,0,0,0,0,1,0,1,0
4466,1992,12,12,4,2,0,0,0,0,0,0
4468,1991,6,4,2,0,0,0,2,0,0,0
4468,1992,6,5,3,0,0,0,1,0,0,0
4468,1993,10,9,3,1,0,0,1,0,1,0
4468,1994,7,6,4,1,0,0,1,0,1,0
4468,1995,3,2,0,0,0,0,1,0,0,0
4468,1996,4,4,1,0,0,0,0,0,0,0
4468,1997,2,2,0,0,0,0,0,0,0,0
4468,1998,3,3,0,0,0,0,0,0,0,0
4468,1999,4,4,0,0,0,0,0,0,0,0
4468,2000,2,1,1,0,0,1,0,0,0,0
4485,1991,3,2,1,0,0,0,0,0,0,0
4485,1992,3,3,2,0,0,0,0,0,0,0
4485,1993,6,6,1,0,0,0,0,0,0,0
4485,1995,1,1,0,0,0,0,0,0,1,0
4487,2001,1,1,0,0,0,0,0,0,0,0
4493,2008,1,1,1,0,0,0,0,0,0,0
4495,2011,1,1,0,0,0,0,0,0,1,0
4510,1999,7,7,2,1,0,0,0,0,0,0
4510,2000,6,4,1,0,0,0,2,0,1,0
4510,2001,1,1,0,0,0,0,0,0,0,0
4510,2003,6,5,0,0,0,0,0,0,0,0
4520,1989,1,1,1,0,0,0,0,0,0,0
4521,1994,1,1,0,0,0,0,0,0,0,0
4530,1999,3,3,1,0,0,0,0,0,0,0
4530,2000,6,4,0,0,0,0,2,0,0,0
4530,2001,7,6,0,0,0,0,1,0,1,0
4536,2005,10,7,3,0,0,0,1,0,0,0
4536,2006,3,2,1,0,0,0,1,0,0,0
4543,2007,4,3,1,1,0,0,0,0,1,0
4559,1997,2,2,0,0,0,0,0,0,0,0
4559,2004,1,0,0,0,0,0,0,0,0,0
4559,2005,3,2,1,1,0,0,0,0,0,0
4561,2012,3,3,2,0,0,0,0,0,1,0
4569,2006,4,4,2,0,0,0,0,0,0,0
4569,2008,1,1,0,0,0,0,0,0,0,0
4570,1997,1,1,0,0,0,0,0,0,0,0
4570,1999,4,3,0,0,0,0,1,0,0,0
4570,2008,1,0,0,0,0,0,1,0,0,0
4575,2007,1,0,0,0,0,0,1,0,0,0
4578,1996,2,1,0,0,0,0,1,0,0,0
4585,1992,2,2,0,0,0,0,0,0,0,0
4585,1993,4,4,2,0,0,0,0,0,0,0
4585,1994,6,4,1,0,0,0,1,0,0,1
4585,1995,5,5,1,0,0,0,0,0,0,0
4585,1996,11,10,2,0,0,1,0,0,0,1
4585,1998,2,2,1,0,0,0,0,0,0,0
4598,2007,5,4,1,0,0,0,1,0,0,0
4598,2010,1,1,1,0,0,0,0,0,0,0
4604,1995,15,13,4,1,0,0,1,0,0,1
4604,1996,14,13,4,0,0,0,1,0,0,0
4604,1998,2,1,1,1,0,0,0,0,0,0
4605,1996,1,1,0,0,0,0,0,0,0,0
4605,1999,2,2,2,0,0,0,0,0,0,0
4608,2010,3,3,1,0,0,0,0,0,0,0
4611,2002,3,2,1,0,0,0,1,0,0,0
4611,2004,3,3,1,0,0,0,0,0,0,0
4611,2005,6,6,1,0,0,0,0,0,2,0
4611,2006,8,8,2,0,0,0,0,0,1,0
4611,2007,3,3,1,0,0,0,0,0,0,0
4619,2004,6,5,2,0,0,0,1,0,1,0
4619,2008,4,4,0,0,0,0,0,0,2,0
4619,2010,5,2,1,0,0,0,3,0,1,0
4620,2005,8,8,1,0,0,0,0,0,3,0
4620,2006,6,6,1,0,0,0,0,0,0,0
4620,2007,6,6,0,0,0,0,0,0,2,0
4620,2008,6,6,1,0,0,0,0,0,0,0
4620,2011,2,2,1,0,0,0,0,0,0,0
4625,2004,1,0,0,0,0,0,0,0,0,0
4626,1995,3,2,0,0,0,0,0,0,0,1
4631,1989,4,3,0,0,0,0,1,0,0,0
4631,1990,5,4,1,0,0,0,0,0,0,0
4631,1998,3,2,0,0,0,0,1,0,0,0
4631,1999,3,3,0,0,0,0,0,0,0,0
4637,2000,2,2,0,0,0,0,0,0,0,0
4637,2004,2,1,0,0,0,0,0,0,0,1
4651,1989,2,2,0,0,0,0,0,0,1,0
4651,1991,4,4,0,0,0,0,0,0,0,0
4651,1992,1,1,1,0,0,0,0,0,0,0
4651,1993,3,3,0,0,0,0,0,0,1,0
4651,1994,1,1,1,0,0,0,0,0,0,0
4652,1995,4,4,2,1,0,0,0,0,1,0
4670,1996,1,1,0,0,0,0,0,0,0,0
4670,1997,5,5,1,0,0,0,0,0,0,0
4670,1998,2,2,1,0,0,0,0,0,0,0
4671,1990,1,1,0,0,0,0,0,0,0,0
4671,1998,2,2,0,0,0,0,0,0,0,0
4696,1993,2,1,1,1,0,0,1,0,0,0
4700,1990,1,1,0,0,0,0,0,0,1,0
4700,1991,3,3,1,0,0,0,0,0,1,0
4708,1997,7,5,2,0,0,0,1,0,0,0
4708,1998,4,3,0,0,0,0,1,0,1,0
4708,1999,3,2,1,0,0,0,1,0,1,0
4708,2000,1,1,0,0,0,0,0,0,0,0
4708,2003,1,1,0,0,0,0,0,0,0,0
4708,2004,3,3,1,0,0,0,0,0,0,0
4724,1997,1,1,0,0,0,0,0,0,1,0
4727,1989,2,2,1,0,0,0,0,0,0,0
4729,1989,6,6,2,0,0,0,0,0,1,0
4729,1990,2,1,0,0,0,0,1,0,0,0
4731,1997,2,2,2,0,0,0,0,0,0,0
4731,1998,6,6,1,0,0,0,0,0,0,0
4731,1999,3,2,1,0,0,0,1,0,0,0
4731,2000,5,5,0,0,0,0,0,0,0,0
4731,2001,3,2,1,1,0,0,1,0,1,0
4731,2002,5,5,2,0,0,0,0,0,1,0
4731,2007,1,1,0,0,0,0,0,0,0,0
4731,2012,1,1,0,0,0,0,0,0,0,0
4742,2009,1,1,0,0,0,0,0,0,0,0
4744,1997,2,2,0,0,0,0,0,0,0,0
4744,1998,9,7,1,0,0,0,1,1,0,0
4744,1999,8,5,1,0,0,0,2,0,1,0
4744,2001,4,3,1,0,0,0,1,0,0,0
4768,1992,1,1,0,0,0,0,0,0,0,0
4785,2005,1,1,1,0,0,0,0,0,0,0
4785,2006,1,0,0,0,0,0,1,0,0,0
4803,1995,2,1,0,0,0,0,1,0,0,0
4803,1998,4,4,1,0,0,0,0,0,1,0
4803,1999,6,6,2,1,0,0,0,0,0,0
4803,2000,7,7,3,0,0,1,0,0,0,0
4803,2001,3,3,1,0,0,0,0,0,1,0
4803,2003,6,6,2,0,0,1,0,0,1,0
4803,2006,1,1,0,0,0,0,0,0,0,0
4825,2004,4,4,1,0,0,0,0,0,0,0
4825,2006,7,6,3,2,0,0,1,0,0,0
4825,2007,3,3,3,3,0,0,0,0,0,0
4825,2008,3,2,0,0,0,0,1,0,1,0
4831,1991,1,1,0,0,0,0,0,0,0,0
4831,1992,1,1,0,0,0,0,0,0,0,0
4831,1993,4,3,1,0,0,0,1,0,0,0
4831,1994,3,3,0,0,0,0,0,0,0,0
4835,1989,3,2,1,0,0,0,0,0,0,0
4835,1990,1,0,0,0,0,0,0,0,0,0
4835,1991,1,1,0,0,0,0,0,0,0,0
4835,1992,1,1,0,0,0,0,0,0,0,0
4835,1993,1,1,0,0,0,0,0,0,0,0
4835,1996,2,1,0,0,0,0,1,0,0,0
4840,1997,2,2,1,1,0,0,0,0,0,0
4840,1998,1,1,0,0,0,0,0,0,0,0
4845,1991,1,1,1,1,0,0,0,0,0,0
4845,1992,1,1,0,0,0,0,0,0,1,0
4845,1993,3,3,1,0,0,0,0,0,1,0
4845,1998,1,1,0,0,0,0,0,0,0,0
4845,1999,1,1,1,0,0,0,0,0,0,0
4845,2001,2,2,0,0,0,0,0,0,0,0
4847,2002,2,2,1,0,0,0,0,0,1,0
4853,2005,2,1,1,0,0,0,1,0,0,0
4853,2006,7,7,2,0,0,0,0,0,0,0
4853,2007,8,5,0,0,0,0,2,0,0,0
4853,2008,2,2,0,0,0,0,0,0,0,0
4856,2004,1,1,0,0,0,0,0,0,0,0
4857,1992,4,4,2,0,1,0,0,0,0,0
4857,1993,5,3,1,0,0,0,2,0,0,0
4857,1995,8,8,4,1,0,1,0,0,0,0
4857,1996,4,4,1,0,0,1,0,0,0,0
4857,1997,6,6,2,1,0,0,0,0,2,0
4857,1998,4,4,3,0,0,0,0,0,1,0
4857,1999,12,10,3,0,0,0,2,0,0,0
4857,2001,7,7,1,0,0,0,0,0,0,0
4857,2003,2,2,1,0,1,0,0,0,0,0
4862,1999,1,1,0,0,0,0,0,0,0,0
4862,2002,2,2,0,0,0,0,0,0,0,0
4863,1996,1,1,0,0,0,0,0,0,0,0
4863,1998,1,1,0,0,0,0,0,0,0,0
4863,1999,6,6,1,0,0,0,0,0,1,0
4863,2000,8,7,1,0,0,0,1,0,1,0
4863,2001,2,2,1,0,1,0,0,0,0,0
4866,1995,2,2,0,0,0,0,0,0,0,0
4869,2003,1,1,0,0,0,0,0,0,0,0
4869,2006,1,1,1,0,0,0,0,0,0,0
4869,2007,1,1,1,0,0,0,0,0,0,0
4869,2008,2,1,0,0,0,0,0,0,0,1
4871,2001,3,3,1,0,0,0,0,0,1,0
4871,2002,2,2,1,0,0,0,0,0,0,0
4876,2001,3,3,2,0,0,0,0,0,0,0
4896,2006,3,3,0,0,0,0,0,0,0,0
4896,2009,6,5,0,0,0,0,1,0,2,0
4896,2010,7,5,1,0,0,0,2,0,1,0
4896,2011,4,4,1,0,1,0,0,0,0,0
4901,1993,2,2,0,0,0,0,0,0,1,0
4910,2005,4,3,0,0,0,0,1,0,1,0
4910,2006,7,6,3,0,0,0,1,0,2,0
4910,2007,9,9,4,0,0,1,0,0,0,0
4910,2008,7,7,5,1,0,0,0,0,1,0
4910,2011,4,4,1,0,0,0,0,0,2,0
4916,1998,8,6,1,0,0,0,1,0,0,0
4916,1999,6,4,2,1,0,0,1,1,0,0
4916,2000,8,8,1,0,0,0,0,0,1,0
4916,2001,3,3,2,0,0,0,0,0,0,0
4916,2004,6,5,1,1,0,0,1,0,0,0
4916,2006,3,3,0,0,0,0,0,0,0,0
4916,2007,3,3,1,0,1,0,0,0,0,0
4920,1991,1,0,0,0,0,0,1,0,0,0
4920,1993,3,3,1,0,0,0,0,0,0,0
4920,1996,1,1,0,0,0,0,0,0,0,0
4920,1997,2,2,0,0,0,0,0,0,0,0
4920,1998,3,3,2,0,0,0,0,0,0,0
4920,1999,2,2,1,0,0,0,0,0,0,0
4920,2000,2,2,1,0,0,0,0,0,0,0
4920,2001,2,2,1,0,0,0,0,0,0,0
4920,2002,5,5,1,0,0,0,0,0,1,0
4920,2006,2,2,1,0,0,0,0,0,0,0
4922,2002,7,6,3,0,0,0,1,0,1,0
4922,2003,6,6,1,0,0,0,0,0,0,0
4928,1989,1,1,1,1,0,0,0,0,0,0
4929,1989,2,2,0,0,0,0,0,0,0,0
4929,1997,1,1,1,0,0,0,0,0,0,0
4929,1998,1,1,0,0,0,0,0,0,0,0
4930,2007,2,2,1,0,0,0,0,0,0,0
4939,2010,2,2,0,0,0,0,0,0,1,0
4960,1990,3,3,1,1,0,0,0,0,0,0
4960,1992,5,4,1,0,0,0,0,0,0,0
4960,1993,5,5,1,0,0,0,0,0,0,0
4960,1994,4,4,0,0,0,0,0,0,2,0
4966,1989,1,0,0,0,0,0,1,0,0,0
4972,1989,2,2,0,0,0,0,0,0,0,0
4972,1990,2,2,1,0,0,0,0,0,0,0
4972,1992,2,1,0,0,0,0,1,0,0,0
4984,1990,1,0,0,0,0,0,1,0,0,0
4993,1989,2,2,0,0,0,0,0,0,0,0
4993,1990,2,2,0,0,0,0,0,0,1,0
4993,1991,2,2,0,0,0,0,0,0,0,0
4993,1993,4,4,1,0,0,0,0,0,1,0
4996,2001,6,6,2,1,0,0,0,0,0,0
5009,2002,2,2,1,0,0,1,0,0,0,0
5012,1997,3,1,0,0,0,0,2,0,0,0
5012,1999,6,6,4,1,0,0,0,0,0,0
5016,2005,3,3,2,0,0,0,0,0,0,0
5016,2006,7,5,2,0,0,0,1,0,0,0
5016,2007,7,7,0,0,0,0,0,0,1,0
5016,2010,1,1,0,0,0,0,0,0,0,0
5017,1989,7,6,1,0,0,0,1,0,0,0
5017,1990,1,1,0,0,0,0,0,0,0,0
5017,1991,1,1,0,0,0,0,0,0,1,0
5017,1992,8,7,6,1,0,0,1,0,0,0
5017,1993,4,4,0,0,0,0,0,0,1,0
5019,2008,3,2,1,0,0,0,1,0,1,0
5042,2007,4,4,0,0,0,0,0,0,0,0
5045,1994,5,4,1,0,0,0,1,0,1,0
5045,1995,8,6,3,0,0,1,0,0,0,1
5045,1996,7,7,1,1,0,0,0,0,3,0
5053,2008,2,1,0,0,0,0,1,0,0,0
5053,2009,3,3,0,0,0,0,0,0,2,0
5053,2011,4,3,0,0,0,0,1,0,0,0
5059,2000,1,1,1,0,0,0,0,0,0,0
5079,2005,4,3,1,0,0,0,1,0,1,0
5079,2006,1,1,0,0,0,0,0,0,0,0
5079,2007,3,3,0,0,0,0,0,0,0,0
5079,2008,2,1,0,0,0,0,0,0,1,0
5093,2012,1,1,0,0,0,0,0,0,0,0
5094,2010,1,1,0,0,0,0,0,0,0,0
5094,2011,1,0,0,0,0,0,1,0,0,0
5108,1991,2,2,0,0,0,0,0,0,0,0
5108,1992,1,1,0,0,0,0,0,0,0,0
5108,1998,4,4,0,0,0,0,0,0,0,0
5116,1989,5,5,1,0,0,0,0,0,0,0
5118,1997,4,3,1,0,0,0,1,0,1,0
5118,1999,3,3,0,0,0,0,0,0,0,0
5118,2001,11,11,4,0,0,0,0,0,2,0
5121,1997,2,1,0,0,0,0,0,0,0,0
5121,1999,2,2,0,0,0,0,0,0,0,0
5121,2000,3,2,0,0,0,0,1,0,1,0
5121,2001,3,3,0,0,0,0,0,0,1,0
5126,1996,1,0,0,0,0,0,1,0,0,0
5126,1998,1,1,0,0,0,0,0,0,0,0
5128,1990,1,1,0,0,0,0,0,0,0,0
5128,1992,2,2,0,0,0,0,0,0,0,0
5128,1993,2,2,0,0,0,0,0,0,0,0
5128,1995,1,1,0,0,0,0,0,0,0,0
5150,1992,3,3,0,0,0,0,0,0,0,0
5150,1995,3,3,0,0,0,0,0,0,1,0
5166,1989,8,8,3,0,0,0,0,0,0,0
5166,1990,5,5,0,0,0,0,0,0,1,0
5166,1991,6,6,1,1,0,0,0,0,0,0
5166,1992,11,11,4,2,0,0,0,0,1,0
5167,2005,6,5,1,0,0,1,1,0,1,0
5167,2007,1,1,0,0,0,0,0,0,0,0
5181,2004,1,1,0,0,0,0,0,0,1,0
5184,1994,4,4,2,0,0,0,0,0,1,0
5201,1994,3,3,0,0,0,0,0,0,0,0
5203,2012,1,1,0,0,0,0,0,0,0,0
5207,1991,1,1,0,0,0,0,0,0,0,0
5207,1993,1,1,0,0,0,0,0,0,0,0
5207,1994,2,2,0,0,0,0,0,0,0,0
5207,1996,1,1,1,0,0,0,0,0,0,0
5209,1998,2,2,0,0,0,0,0,0,1,0
5209,1999,3,3,1,1,0,0,0,0,0,0
5209,2000,3,3,1,0,0,0,0,0,0,0
5209,2001,7,7,1,1,0,0,0,0,0,0
5209,2002,5,5,1,1,0,0,0,0,1,0
5209,2005,1,1,0,0,0,0,0,0,0,0
5209,2008,1,1,0,0,0,0,0,0,0,0
5209,2010,1,1,0,0,0,0,0,0,0,0
5228,1997,1,1,0,0,0,0,0,0,0,0
5232,1989,3,3,0,0,0,0,0,0,0,0
5236,1995,1,1,0,0,0,0,0,0,0,0
5236,1996,3,3,1,0,0,0,0,0,0,0
5236,1997,2,1,0,0,0,0,1,0,0,0
5240,2005,5,3,0,0,0,0,1,1,0,0
5243,1999,4,2,1,1,0,0,2,0,0,0
5243,2000,6,5,2,1,0,0,1,0,1,0
5243,2002,4,4,1,0,0,0,0,0,0,0
5243,2003,4,3,1,0,0,0,0,0,1,0
5243,2004,4,3,1,1,0,0,0,0,0,0
5243,2005,4,4,1,0,0,0,0,0,1,0
5243,2006,6,5,2,1,0,0,1,0,0,0
5243,2007,8,7,1,0,0,0,1,0,1,0
5243,2010,3,2,1,0,0,0,1,0,0,0
5252,2010,4,2,2,0,0,0,1,0,0,1
5258,2011,3,3,0,0,0,0,0,0,0,0
5260,2006,1,1,0,0,0,0,0,0,0,0
5264,1996,2,2,0,0,0,0,0,0,1,0
5270,2009,1,1,1,0,0,0,0,0,0,0
5270,2010,5,4,2,0,0,0,1,0,0,0
5270,2012,2,2,0,0,0,0,0,0,0,0
5293,2011,3,3,0,0,0,0,0,0,0,0
5293,2012,2,1,1,0,0,0,0,0,0,0
5306,1995,6,5,1,0,0,0,1,0,2,0
5306,1996,1,1,0,0,0,0,0,0,0,0
5306,1997,3,3,0,0,0,0,0,0,0,0
5315,1996,1,1,0,0,0,0,0,0,0,0
5327,2007,2,2,1,0,0,0,0,0,1,0
5331,1991,1,0,0,0,0,0,1,0,0,0
5349,1997,4,4,1,0,0,0,0,0,0,0
5349,1998,2,2,0,0,0,0,0,0,1,0
5349,1999,6,5,2,0,0,0,1,0,1,0
5349,2002,1,1,0,0,0,0,0,0,0,0
5354,1990,1,1,0,0,0,0,0,0,0,0
5361,2000,2,2,0,0,0,0,0,0,0,0
5361,2001,1,1,1,0,0,0,0,0,0,0
5361,2005,1,1,1,0,0,0,0,0,0,0
5361,2012,1,1,0,0,0,0,0,0,0,0
5392,1996,3,3,1,0,0,0,0,0,0,0
5392,2004,3,3,0,0,0,0,0,0,0,0
5402,2006,3,3,2,1,0,0,0,0,0,0
5402,2009,2,2,1,0,0,0,0,0,0,0
5407,1995,1,1,0,0,0,0,0,0,0,0
5407,1996,3,3,1,1,0,0,0,0,0,0
5416,2009,2,2,0,0,0,0,0,0,0,0
5420,2006,6,5,3,0,0,0,0,0,0,0
5430,1996,3,3,1,0,0,0,0,0,1,0
5430,1997,2,2,1,0,1,0,0,0,0,0
5430,1998,2,2,1,0,0,0,0,0,0,0
5438,2007,1,1,0,0,0,0,0,0,0,0
5438,2010,1,0,0,0,0,0,1,0,0,0
5441,1996,3,3,1,0,0,0,0,0,0,0
5441,1997,1,1,0,0,0,0,0,0,0,0
5444,2004,1,0,0,0,0,0,0,0,0,0
5462,2012,1,1,0,0,0,0,0,0,0,0
5464,1989,2,2,1,1,0,0,0,0,0,0
5464,1990,2,2,1,0,0,0,0,0,0,0
5464,1991,4,4,2,0,0,0,0,0,0,0
5480,2003,4,4,1,1,0,0,0,0,0,0
5480,2004,4,4,1,0,0,0,0,0,0,0
5480,2006,13,11,4,2,0,0,2,0,0,0
5489,1998,2,2,2,1,0,0,0,0,0,0
5505,2002,1,1,0,0,0,0,0,0,0,0
5513,1993,3,3,2,1,0,0,0,0,0,0
5515,2007,2,2,1,0,0,0,0,0,0,0
5515,2008,9,8,1,0,0,0,0,0,1,1
5521,2001,4,4,1,0,0,0,0,0,0,0
5537,1990,2,2,1,0,0,0,0,0,0,0
5537,1991,5,5,2,0,0,0,0,0,0,0
5538,1997,1,1,0,0,0,0,0,0,0,0
5539,1996,6,6,1,1,0,0,0,0,0,0
5539,1998,4,4,2,0,0,0,0,0,0,0
5539,1999,5,4,1,1,0,0,0,0,1,0
5558,1991,2,2,0,0,0,0,0,0,0,0
5560,1997,2,2,1,0,0,0,0,0,0,0
5560,1998,6,6,0,0,0,0,0,0,0,0
5560,1999,5,5,3,1,0,0,0,0,0,0
5560,2000,2,1,1,0,0,0,1,0,0,0
5560,2002,3,3,0,0,0,0,0,0,1,0
5560,2004,7,6,0,0,0,0,1,0,0,0
5560,2005,4,3,0,0,0,0,0,0,1,0
5560,2008,3,3,1,1,0,0,0,0,0,0
5562,2006,7,6,1,0,0,0,0,0,0,0
5576,1997,2,2,0,0,0,0,0,0,0,0
5578,2000,3,2,2,0,0,0,1,0,0,0
5588,1994,3,2,0,0,0,0,1,0,0,0
5588,1995,4,4,2,0,0,0,0,0,0,0
5588,1996,1,1,0,0,0,0,0,0,0,0
5588,1997,6,5,0,0,0,0,1,0,3,0
5588,1998,9,7,3,0,0,0,2,0,1,0
5588,2007,5,3,1,0,0,0,1,0,0,0
5588,2008,7,7,2,0,0,0,0,0,2,0
5596,2012,2,2,1,0,0,0,0,0,0,0
5601,2006,1,1,1,0,0,0,0,0,0,0
5601,2007,1,1,0,0,0,0,0,0,0,0
5612,1989,1,1,0,0,0,0,0,0,0,0
5612,1990,1,1,0,0,0,0,0,0,1,0
5614,2002,1,1,0,0,0,0,0,0,0,0
5622,1989,3,2,1,0,0,0,0,0,0,0
5622,1991,1,1,0,0,0,0,0,0,0,0
5622,1995,1,1,0,0,0,0,0,0,0,0
5622,1997,3,2,1,0,0,0,0,0,1,1
5622,1998,1,1,1,1,0,0,0,0,0,0
5622,1999,4,4,1,1,0,0,0,0,1,0
5622,2000,2,2,1,0,0,0,0,0,1,0
5636,1989,3,2,0,0,0,0,0,0,1,0
5649,2012,1,1,0,0,0,0,0,0,1,0
5659,1991,1,1,0,0,0,0,0,0,0,0
5665,1997,2,2,2,0,0,0,0,0,0,0
5665,1998,2,2,0,0,0,0,0,0,0,0
5665,1999,3,3,3,0,0,1,0,0,0,0
5665,2000,1,1,0,0,0,0,0,0,1,0
5665,2001,3,3,1,0,0,0,0,0,1,0
5665,2004,1,1,0,0,0,0,0,0,0,0
5697,1998,4,3,2,1,0,0,1,0,0,0
5701,2002,1,1,1,1,0,0,0,0,0,0
5701,2003,2,1,0,0,0,0,1,0,0,0
5701,2004,2,2,1,0,0,0,0,0,1,0
5701,2006,2,2,0,0,0,0,0,0,2,0
5701,2007,1,1,0,0,0,0,0,0,0,0
5727,1991,3,2,0,0,0,0,0,0,0,0
5727,1992,7,5,1,0,0,0,2,0,1,0
5727,1993,8,8,4,1,0,0,0,0,3,0
5727,1996,2,2,0,0,0,0,0,0,0,0
5727,1997,3,3,0,0,0,0,0,0,0,0
5727,1998,4,4,0,0,0,0,0,0,1,0
5727,1999,3,3,1,0,0,0,0,0,0,0
5733,1995,2,2,0,0,0,0,0,0,0,0
5733,1996,2,1,0,0,0,0,1,0,0,0
5733,1997,2,1,1,1,0,0,1,0,0,0
5733,1998,1,1,1,0,0,0,0,0,0,0
5737,1995,5,4,0,0,0,0,1,0,0,0
5737,1996,9,9,2,0,0,0,0,0,1,0
5737,1997,6,4,1,0,0,0,1,0,0,0
5744,1993,3,3,0,0,0,0,0,0,0,0
5744,1997,2,2,1,0,1,0,0,0,0,0
5744,2002,2,2,1,0,1,0,0,0,0,0
5759,1996,1,1,1,1,0,0,0,0,0,0
5759,1997,2,1,0,0,0,0,1,0,0,0
5770,2000,1,1,1,0,0,0,0,0,0,0
5770,2001,3,3,1,0,0,0,0,0,0,0
5770,2005,1,1,1,1,0,0,0,0,0,0
5770,2006,1,1,1,1,0,0,0,0,0,0
5770,2007,3,3,1,0,0,0,0,0,0,0
5820,2002,4,4,0,0,0,0,0,0,0,0
5820,2004,4,4,0,0,0,0,0,0,0,0
5820,2005,9,9,1,1,0,0,0,0,0,0
5820,2007,3,2,0,0,0,0,0,0,0,0
5826,2006,2,0,0,0,0,0,2,0,0,0
5826,2008,1,1,0,0,0,0,0,0,0,0
5852,1989,6,6,2,0,0,1,0,0,0,0
5852,1991,2,2,1,0,0,0,0,0,0,0
5852,1992,7,7,1,1,0,0,0,0,0,0
5852,1993,3,3,0,0,0,0,0,0,0,0
5852,1994,3,3,1,0,0,0,0,0,0,0
5852,1995,4,4,1,0,0,0,0,0,1,0
5852,1997,5,5,0,0,0,0,0,0,0,0
5852,1998,6,6,2,0,0,0,0,0,0,0
5853,1995,1,1,0,0,0,0,0,0,0,0
5853,1996,1,1,0,0,0,0,0,0,0,0
5856,1999,1,1,0,0,0,0,0,0,0,0
5859,1990,3,3,1,0,0,0,0,0,1,0
5860,1995,2,2,1,0,0,0,0,0,0,0
5864,1992,2,2,1,0,0,0,0,0,1,0
5864,1993,2,2,0,0,0,0,0,0,0,0
5871,1997,3,3,0,0,0,0,0,0,1,0
5871,2000,4,3,0,0,0,0,1,0,0,0
5872,1991,4,4,1,0,0,0,0,0,0,0
5877,2002,1,1,0,0,0,0,0,0,0,0
5877,2004,4,4,1,0,0,1,0,0,0,0
5877,2005,12,12,4,0,0,0,0,0,0,0
5882,2001,1,1,0,0,0,0,0,0,0,0
5882,2005,3,3,0,0,0,0,0,0,0,0
5882,2006,1,1,1,0,0,0,0,0,0,0
5890,1998,1,1,0,0,0,0,0,0,1,0
5892,1989,6,5,2,0,0,0,0,1,0,0
5892,1990,4,3,1,0,0,0,1,0,0,0
5892,1991,3,3,1,0,0,0,0,0,0,0
5898,1994,1,1,0,0,0,0,0,0,0,0
5902,2005,2,2,1,0,0,0,0,0,0,0
5902,2006,4,3,2,0,0,0,0,1,0,0
5909,2000,3,3,2,0,0,0,0,0,0,0
5945,1991,2,2,1,0,0,0,0,0,0,0
5947,1995,6,4,2,0,0,0,2,0,0,0
5947,1996,1,1,0,0,0,0,0,0,0,0
5947,1998,4,4,1,0,0,0,0,0,0,0
5948,2001,1,1,0,0,0,0,0,0,0,0
5965,2002,1,1,0,0,0,0,0,0,0,0
5974,2003,3,3,0,0,0,0,0,0,0,0
5974,2004,8,8,3,0,0,0,0,0,1,0
5979,1992,2,2,1,0,0,0,0,0,0,0
5980,1989,4,4,1,0,0,0,0,0,0,0
5981,2008,1,0,0,0,0,0,0,0,0,0
5985,1999,4,3,1,1,0,0,0,0,0,0
5985,2000,3,3,2,0,0,0,0,0,0,0
5985,2001,1,1,0,0,0,0,0,0,1,0
5985,2002,1,1,0,0,0,0,0,0,0,0
5985,2003,3,3,2,0,0,0,0,0,0,0
5994,2000,2,2,1,0,0,0,0,0,0,0
5994,2001,2,1,0,0,0,0,1,0,1,0
5999,1999,3,2,0,0,0,0,1,0,0,0
5999,2005,1,1,0,0,0,0,0,0,1,0
6005,2002,1,1,0,0,0,0,0,0,0,0
6019,2005,1,1,0,0,0,0,0,0,0,0
6023,2006,3,3,1,0,0,0,0,0,1,0
6043,1993,1,1,0,0,0,0,0,0,0,0
6064,1995,4,3,0,0,0,0,1,0,0,0
6064,1996,2,2,0,0,0,0,0,0,0,0
6064,1997,7,7,3,0,0,0,0,0,1,0
6073,1989,1,1,0,0,0,0,0,0,0,0
6073,1990,2,1,0,0,0,0,1,0,0,0
6073,1992,2,2,1,0,0,0,0,0,0,0
6073,1993,4,3,1,0,0,0,0,0,1,0
6073,1995,2,2,1,0,0,0,0,0,0,0
6084,1997,1,1,1,0,0,0,0,0,0,0
6098,2006,5,5,3,1,0,0,0,0,0,0
6098,2008,3,3,0,0,0,0,0,0,0,0
6099,2008,9,9,5,1,0,0,0,0,2,0
6099,2009,2,2,0,0,0,0,0,0,0,0
6099,2011,3,3,0,0,0,0,0,0,0,0
6099,2012,5,4,0,0,0,0,1,0,0,0
6108,2007,2,1,1,0,0,0,0,0,0,1
6118,2002,3,3,0,0,0,0,0,0,0,0
6118,2003,3,3,2,1,0,0,0,0,1,0
6118,2004,3,2,0,0,0,0,1,0,0,0
6118,2006,4,4,0,0,0,0,0,0,1,0
6118,2009,1,1,1,1,0,0,0,0,0,0
6118,2010,3,3,0,0,0,0,0,0,0,0
6122,1997,2,2,0,0,0,0,0,0,0,0
6127,2008,2,2,0,0,0,0,0,0,0,0
6127,2009,4,4,2,0,0,0,0,0,0,0
6127,2010,2,2,1,0,0,0,0,0,0,0
6159,1989,5,5,2,0,0,0,0,0,0,0
6159,1991,1,1,1,1,0,0,0,0,0,0
6163,1992,3,3,2,1,0,0,0,0,0,0
6180,1990,8,7,2,1,0,0,0,0,2,0
6180,1991,2,2,0,0,0,0,0,0,0,0
6180,1992,7,6,1,0,0,0,1,0,1,0
6180,1993,7,7,0,0,0,0,0,0,1,0
6180,1995,4,4,2,1,0,0,0,0,0,0
6180,1997,3,3,0,0,0,0,0,0,1,0
6190,2007,4,3,1,0,0,0,1,0,0,0
6248,2005,11,11,2,0,1,0,0,0,1,0
6258,2000,1,0,0,0,0,0,1,0,0,0
6270,1989,3,2,1,0,0,0,1,0,0,0
6270,1990,2,2,1,0,1,0,0,0,0,0
6270,1992,2,2,0,0,0,0,0,0,0,0
6271,2010,2,2,1,0,0,0,0,0,0,0
6275,1990,6,4,0,0,0,0,2,0,0,0
6275,1991,6,6,2,0,1,0,0,0,0,0
6275,1994,5,4,1,0,0,0,1,0,0,0
6285,2003,1,1,1,1,0,0,0,0,0,0
6285,2004,1,0,0,0,0,0,1,0,0,0
6285,2007,1,1,0,0,0,0,0,0,0,0
6285,2008,1,1,0,0,0,0,0,0,0,0
6292,2005,4,4,0,0,0,0,0,0,0,0
6292,2008,3,3,0,0,0,0,0,0,0,0
6307,1991,3,2,1,0,0,0,0,0,0,0
6307,1995,2,2,1,0,0,0,0,0,0,0
6310,2000,2,0,0,0,0,0,1,0,0,1
6319,1993,2,2,1,0,0,0,0,0,0,0
6319,1994,1,1,0,0,0,0,0,0,0,0
6321,1993,4,4,1,0,0,0,0,0,0,0
6321,1994,3,3,0,0,0,0,0,0,0,0
6326,2005,1,1,0,0,0,0,0,0,0,0
6328,1993,4,4,1,1,0,0,0,0,2,0
6332,1993,6,5,1,0,0,0,1,0,0,0
6332,1994,4,4,1,1,0,0,0,0,0,0
6332,1995,12,9,2,1,0,1,3,0,1,0
6332,2002,4,3,0,0,0,0,1,0,0,0
6334,1992,2,2,0,0,0,0,0,0,1,0
6334,1993,5,5,2,0,0,0,0,0,1,0
6355,1992,1,1,1,0,0,0,0,0,0,0
6369,2010,5,5,1,0,0,0,0,0,1,0
6376,2000,1,0,0,0,0,0,1,0,0,0
6376,2001,1,1,0,0,0,0,0,0,0,0
6376,2004,2,1,1,0,0,0,1,0,0,0
6378,2009,3,2,1,0,0,0,1,0,0,0
6378,2012,8,8,3,1,0,0,0,0,1,0
6380,1996,1,1,0,0,0,0,0,0,0,0
6380,1997,1,1,1,0,0,0,0,0,0,0
6380,1998,1,0,0,0,0,0,1,0,0,0
6380,1999,4,3,1,0,0,0,1,0,0,0
6380,2000,3,2,2,1,0,0,0,1,0,0
6380,2001,1,1,0,0,0,0,0,0,1,0
6380,2002,1,1,1,0,0,0,0,0,0,0
6380,2004,2,2,0,0,0,0,0,0,0,0
6382,2001,3,2,0,0,0,0,1,0,0,0
6386,2003,3,3,1,0,0,0,0,0,0,0
6386,2010,6,5,0,0,0,0,1,0,0,0
6386,2011,3,3,1,0,0,0,0,0,0,0
6386,2012,3,3,2,0,0,0,0,0,0,0
6391,2009,3,2,1,0,0,0,0,0,1,0
6395,1996,3,3,0,0,0,0,0,0,1,0
6395,1997,3,2,0,0,0,0,1,0,1,0
6398,1991,3,3,0,0,0,0,0,0,0,0
6398,1994,1,1,0,0,0,0,0,0,0,0
6412,2005,1,1,1,0,0,0,0,0,0,0
6412,2007,2,1,0,0,0,0,0,0,0,0
6413,2001,8,8,0,0,0,0,0,0,1,0
6413,2002,7,6,1,1,0,0,0,0,1,0
6413,2003,3,3,0,0,0,0,0,0,0,0
6413,2004,3,2,0,0,0,0,1,0,0,0
6413,2005,6,6,2,0,0,0,0,0,0,0
6413,2006,4,4,1,0,0,0,0,0,0,0
6414,1998,3,3,0,0,0,0,0,0,0,0
6414,2004,3,3,1,0,0,0,0,0,0,0
6414,2005,7,6,3,1,0,0,0,1,0,0
6414,2006,6,5,1,0,0,0,1,0,0,0
6414,2007,2,2,2,0,0,0,0,0,0,0
6414,2008,1,1,1,0,0,0,0,0,0,0
6418,2003,1,1,1,0,0,0,0,0,0,0
6422,1992,2,2,0,0,0,0,0,0,0,0
6422,1993,1,1,0,0,0,0,0,0,0,0
6422,1995,2,1,1,0,0,0,1,0,0,0
6423,2000,1,1,0,0,0,0,0,0,0,0
6423,2001,6,6,1,0,0,0,0,0,2,0
6423,2003,7,6,0,0,0,0,1,0,0,0
6423,2004,3,3,1,1,0,0,0,0,0,0
6423,2007,2,2,0,0,0,0,0,0,0,0
6425,1995,4,3,1,0,0,0,0,0,0,0
6425,1996,3,3,0,0,0,0,0,0,0,0
6425,1998,4,4,1,1,0,0,0,0,0,0
6425,2002,1,0,0,0,0,0,0,0,0,1
6425,2005,3,2,1,0,0,0,0,0,0,0
6429,2010,4,4,0,0,0,0,0,0,1,0
6430,1999,5,3,1,0,0,0,1,0,0,0
6430,2000,2,1,1,0,0,0,1,0,0,0
6444,2007,3,3,0,0,0,0,0,0,0,0
6444,2011,2,2,0,0,0,0,0,0,0,0
6450,2003,2,2,2,0,0,0,0,0,0,0
6450,2005,2,1,0,0,0,0,1,0,0,0
6450,2006,4,4,0,0,0,0,0,0,0,0
6450,2007,1,1,0,0,0,0,0,0,0,0
6450,2008,1,1,0,0,0,0,0,0,0,0
6453,1995,3,2,0,0,0,0,1,0,1,0
6460,1995,6,5,1,0,0,1,0,0,2,1
6460,1996,7,6,0,0,0,0,1,0,0,0
6460,1997,1,1,0,0,0,0,0,0,0,0
6461,2010,11,11,2,2,0,0,0,0,2,0
6489,1993,2,1,0,0,0,0,0,1,0,0
6489,1995,4,4,1,0,0,0,0,0,0,0
6489,1996,1,1,0,0,0,0,0,0,0,0
6489,1997,1,1,1,1,0,0,0,0,0,0
6489,1998,1,1,0,0,0,0,0,0,0,0
6489,1999,2,2,0,0,0,0,0,0,0,0
6489,2002,1,1,0,0,0,0,0,0,0,0
6492,1997,3,3,1,0,0,1,0,0,0,0
6492,1998,4,4,2,1,0,0,0,0,1,0
6492,2000,6,4,1,0,0,0,2,0,1,0
6492,2002,4,3,2,0,0,0,1,0,0,0
6492,2004,5,5,2,1,0,0,0,0,1,0
6492,2005,4,4,2,0,0,0,0,0,0,0
6492,2006,3,3,0,0,0,0,0,0,1,0
6518,2008,1,1,0,0,0,0,0,0,1,0
6522,2001,3,2,1,0,0,0,0,1,0,0
6522,2002,10,9,3,1,0,1,1,0,1,0
6522,2004,12,11,6,2,0,0,1,0,1,0
6522,2005,4,4,2,0,0,0,0,0,1,0
6522,2006,3,3,1,0,0,0,0,0,0,0
6540,1989,3,2,1,1,0,0,1,0,0,0
6554,2002,1,1,0,0,0,0,0,0,0,0
6554,2004,1,1,0,0,0,0,0,0,0,0
6554,2005,1,1,1,1,0,0,0,0,0,0
6554,2006,1,1,1,0,0,1,0,0,0,0
6554,2007,3,2,2,0,0,0,0,0,0,0
6557,1993,3,2,0,0,0,0,1,0,0,0
6557,1998,1,0,0,0,0,0,0,0,0,0
6557,2000,7,7,1,0,0,0,0,0,2,0
6557,2001,3,2,1,0,0,0,1,0,1,0
6557,2003,1,1,0,0,0,0,0,0,0,0
6569,2005,4,4,2,0,0,0,0,0,0,0
6586,2002,3,3,2,1,0,0,0,0,0,0
6586,2003,3,3,1,0,0,0,0,0,1,0
6586,2004,3,3,0,0,0,0,0,0,1,0
6586,2011,1,1,0,0,0,0,0,0,0,0
6596,1995,2,2,1,1,0,0,0,0,0,0
6603,2003,1,1,0,0,0,0,0,0,0,0
6603,2009,2,2,0,0,0,0,0,0,0,0
6612,1998,4,3,1,0,0,0,0,0,1,1
6612,1999,4,4,0,0,0,0,0,0,1,0
6612,2000,6,4,1,0,0,0,2,0,0,0
6612,2001,2,2,1,1,0,0,0,0,1,0
6612,2002,2,2,0,0,0,0,0,0,0,0
6612,2003,4,3,0,0,0,0,1,0,1,0
6612,2004,3,2,1,1,0,0,1,0,0,0
6612,2005,13,11,3,1,0,0,1,0,2,0
6612,2006,7,7,1,0,0,0,0,0,1,0
6612,2007,7,6,3,0,0,0,1,0,1,0
6612,2008,3,3,1,0,0,0,0,0,0,0
6612,2012,1,1,0,0,0,0,0,0,0,0
6617,2009,1,1,0,0,0,0,0,0,0,0
6617,2012,1,1,1,0,0,0,0,0,0,0
6619,1999,5,5,1,0,0,0,0,0,0,0
6619,2000,2,2,1,0,0,0,0,0,0,0
6619,2001,9,8,2,0,1,0,1,0,2,0
6653,2002,2,2,1,0,0,0,0,0,0,0
6661,1999,3,3,1,0,0,0,0,0,0,0
6685,2001,2,2,0,0,0,0,0,0,1,0
6685,2003,1,0,0,0,0,0,1,0,0,0
6685,2005,1,1,0,0,0,0,0,0,0,0
6685,2006,1,1,0,0,0,0,0,0,0,0
6685,2007,2,1,0,0,0,0,0,0,0,0
6685,2008,1,1,0,0,0,0,0,0,1,0
6697,2001,3,3,2,0,0,0,0,0,0,0
6697,2002,2,1,0,0,0,0,1,0,0,0
6697,2003,1,1,0,0,0,0,0,0,1,0
6697,2004,1,1,0,0,0,0,0,0,0,0
6698,1991,1,1,0,0,0,0,0,0,0,0
6698,1992,1,1,0,0,0,0,0,0,0,0
6698,1993,1,1,1,1,0,0,0,0,0,0
6706,1991,5,3,1,0,0,0,2,0,0,0
6735,2005,4,3,0,0,0,0,1,0,2,0
6735,2006,9,8,1,0,0,0,0,0,0,0
6735,2007,6,6,3,1,0,0,0,0,2,0
6735,2008,9,9,2,0,0,0,0,0,0,0
6738,1995,2,2,1,0,0,0,0,0,0,0
6738,1996,1,1,0,0,0,0,0,0,0,0
6749,2005,2,1,0,0,0,0,1,0,0,0
6749,2006,3,3,0,0,0,0,0,0,0,0
6749,2007,1,0,0,0,0,0,1,0,0,0
6750,2001,1,0,0,0,0,0,1,0,0,0
6760,1991,2,2,0,0,0,0,0,0,0,0
6760,1992,1,1,0,0,0,0,0,0,1,0
6760,1994,2,2,1,0,0,0,0,0,0,0
6760,1995,2,1,0,0,0,0,1,0,0,0
6760,1997,1,1,0,0,0,0,0,0,0,0
6760,1999,1,1,1,0,0,0,0,0,0,0
6760,2000,4,4,1,1,0,0,0,0,1,0
6760,2001,1,1,0,0,0,0,0,0,0,0
6763,1993,3,3,0,0,0,0,0,0,0,0
6763,1996,1,1,0,0,0,0,0,0,0,0
6768,2004,2,2,0,0,0,0,0,0,0,0
6768,2008,1,1,0,0,0,0,0,0,0,0
6768,2009,1,1,0,0,0,0,0,0,1,0
6768,2010,2,2,0,0,0,0,0,0,0,0
6777,1992,3,3,2,0,0,0,0,0,0,0
6777,1993,2,2,1,0,0,0,0,0,0,0
6777,1994,3,2,1,1,0,0,1,0,0,0
6777,1995,2,2,0,0,0,0,0,0,0,0
6777,1997,2,2,1,0,0,0,0,0,0,0
6777,2001,2,2,1,1,0,0,0,0,0,0
6778,2006,4,2,1,0,0,0,2,0,1,0
6782,2007,3,2,0,0,0,0,1,0,1,0
6782,2008,3,3,1,0,0,0,0,0,0,0
6785,2005,2,2,0,0,0,0,0,0,0,0
6785,2007,1,1,0,0,0,0,0,0,0,0
6791,2004,3,3,2,0,0,0,0,0,0,0
6819,2008,1,1,0,0,0,0,0,0,0,0
6830,2010,1,1,0,0,0,0,0,0,0,0
6836,1991,1,1,0,0,0,0,0,0,0,0
6839,2010,1,1,0,0,0,0,0,0,0,0
6841,1995,1,1,0,0,0,0,0,0,0,0
6841,2000,2,2,0,0,0,0,0,0,0,0
6849,2010,4,4,1,0,0,0,0,0,1,0
6867,2007,3,3,1,0,0,0,0,0,0,0
6867,2008,1,1,0,0,0,0,0,0,1,0
6870,2004,3,3,1,0,0,0,0,0,0,0
6870,2007,2,2,1,0,0,0,0,0,0,0
6876,2006,4,4,0,0,0,0,0,0,0,0
6876,2007,3,2,1,0,1,0,1,0,0,0
6876,2008,5,5,0,0,0,0,0,0,0,0
6895,2006,6,5,1,0,0,0,1,0,0,0
6895,2007,3,2,0,0,0,0,1,0,0,0
6913,2012,1,1,1,0,0,0,0,0,0,0
6918,1997,5,4,0,0,0,0,1,0,0,0
6919,1995,1,1,0,0,0,0,0,0,0,0
6921,2002,2,2,0,0,0,0,0,0,2,0
6921,2003,2,1,0,0,0,0,1,0,0,0
6921,2004,5,4,1,0,0,0,0,0,2,1
6921,2006,1,0,0,0,0,0,1,0,0,0
6921,2007,1,1,0,0,0,0,0,0,0,0
6935,1998,1,1,0,0,0,0,0,0,0,0
6937,2010,3,3,2,0,0,0,0,0,0,0
6966,1998,12,12,1,0,0,0,0,0,2,0
6966,1999,9,9,6,1,0,0,0,0,1,0
6966,2000,13,13,2,0,0,0,0,0,4,0
6966,2002,2,2,0,0,0,0,0,0,1,0
6966,2004,6,6,3,0,0,0,0,0,1,0
6966,2008,3,2,1,0,0,0,1,0,0,0
6970,1999,3,2,0,0,0,0,0,0,1,1
6970,2000,6,4,1,1,0,0,0,1,0,1
6982,1997,1,1,0,0,0,0,0,0,0,0
6982,2006,3,3,1,0,0,0,0,0,0,0
6982,2007,1,1,0,0,0,0,0,0,0,0
7003,2010,8,8,2,0,0,0,0,0,0,0
7003,2011,13,12,5,1,0,0,1,0,0,0
7010,2003,1,1,1,0,0,1,0,0,0,0
7010,2004,1,1,0,0,0,0,0,0,0,0
7026,1991,2,2,1,1,0,0,0,0,1,0
7026,1992,1,1,0,0,0,0,0,0,0,0
7026,1997,2,1,0,0,0,0,0,0,0,0
7027,1997,1,1,0,0,0,0,0,0,0,0
7027,1998,2,1,0,0,0,0,1,0,0,0
7027,1999,3,3,2,0,0,0,0,0,0,0
7027,2000,2,2,0,0,0,0,0,0,0,0
7041,2007,3,3,0,0,0,0,0,0,2,0
7041,2009,3,3,2,0,0,0,0,0,0,0
7051,2000,1,1,0,0,0,0,0,0,1,0
7051,2003,1,1,0,0,0,0,0,0,0,0
7051,2004,2,2,0,0,0,0,0,0,0,0
7052,2011,1,1,0,0,0,0,0,0,0,0
7055,2010,2,2,0,0,0,0,0,0,0,0
7055,2012,2,2,0,0,0,0,0,0,0,0
7066,1995,3,2,0,0,0,0,1,0,0,0
7076,1997,3,3,1,1,0,0,0,0,0,0
7076,2002,10,9,3,1,0,2,0,0,1,1
7076,2003,3,3,0,0,0,0,0,0,1,0
7076,2004,3,3,0,0,0,0,0,0,0,0
7076,2005,1,0,0,0,0,0,1,0,0,0
7098,1999,6,4,1,0,0,0,1,0,0,0
7098,2000,2,2,1,0,0,0,0,0,0,0
7098,2001,13,12,2,0,1,0,1,0,1,0
7098,2002,5,5,1,0,0,0,0,0,0,0
7098,2005,3,3,3,0,1,0,0,0,0,0
7099,1993,1,1,1,0,0,0,0,0,0,0
7110,2010,3,3,0,0,0,0,0,0,0,0
7111,2011,2,2,2,1,0,0,0,0,0,0
7113,1995,4,4,0,0,0,0,0,0,0,0
7113,1997,3,2,1,0,0,0,1,0,0,0
7120,2007,2,2,0,0,0,0,0,0,1,0
7123,2005,1,1,0,0,0,0,0,0,1,0
7126,2011,3,3,2,1,0,0,0,0,0,0
7131,1997,1,1,1,0,0,0,0,0,0,0
7131,1998,3,3,1,1,0,0,0,0,1,0
7136,1989,7,7,1,0,0,0,0,0,1,0
7136,1990,6,5,2,0,0,0,1,0,1,0
7136,1991,7,7,3,1,0,1,0,0,0,0
7136,1992,8,8,3,0,0,0,0,0,0,0
7136,1993,2,2,0,0,0,0,0,0,0,0
7136,1995,1,0,0,0,0,0,1,0,0,0
7136,1996,2,2,1,0,0,0,0,0,0,0
7141,1989,1,1,0,0,0,0,0,0,0,0
7153,2007,1,1,1,0,0,0,0,0,0,0
7155,2007,2,2,1,0,0,0,0,0,0,0
7175,1989,1,1,0,0,0,0,0,0,0,0
7185,1997,1,1,0,0,0,0,0,0,0,0
7185,2000,1,0,0,0,0,0,1,0,0,0
7185,2001,2,2,0,0,0,0,0,0,0,0
7186,1990,3,2,1,0,0,0,0,0,0,1
7186,1991,3,1,0,0,0,0,2,0,0,0
7186,1992,9,7,3,0,1,0,1,0,1,1
7186,1993,5,4,0,0,0,0,1,0,0,0
7186,1994,7,6,1,0,0,0,1,0,0,0
7186,1996,12,12,3,1,0,1,0,0,0,0
7186,1997,9,8,1,0,0,0,0,0,0,0
7191,1990,3,3,3,0,0,0,0,0,0,0
7191,1991,5,4,1,0,0,0,1,0,0,0
7191,1992,11,10,1,0,1,0,0,1,4,0
7191,1993,11,9,3,0,0,0,2,0,3,0
7191,1994,5,3,0,0,0,0,1,0,0,0
7191,1995,12,12,3,0,0,0,0,0,0,0
7191,1998,4,4,2,1,0,0,0,0,0,0
7194,2008,2,2,1,0,0,0,0,0,0,0
7199,1995,2,0,0,0,0,0,0,1,0,0
7199,1996,1,1,0,0,0,0,0,0,1,0
7202,1996,2,2,1,0,0,0,0,0,0,0
7202,1997,3,3,0,0,0,0,0,0,0,0
7202,2000,2,1,1,0,0,0,1,0,0,0
7202,2001,3,3,0,0,0,0,0,0,1,0
7208,1990,2,2,2,0,0,0,0,0,0,0
7211,2011,1,1,1,0,0,0,0,0,0,0
7211,2012,1,1,0,0,0,0,0,0,0,0
7220,2007,1,1,0,0,0,0,0,0,1,0
7275,1999,1,0,0,0,0,0,1,0,0,0
7299,1992,1,1,0,0,0,0,0,0,0,0
7299,1993,1,1,0,0,0,0,0,0,0,0
7299,1995,2,2,0,0,0,0,0,0,0,0
7299,2001,2,2,1,0,1,0,0,0,0,0
7301,2000,2,2,2,0,0,0,0,0,0,0
7301,2001,3,3,1,0,0,0,0,0,0,0
7301,2005,1,1,0,0,0,0,0,0,0,0
7310,2000,3,3,2,0,0,0,0,0,0,0
7310,2003,4,2,2,0,0,0,2,0,0,0
7310,2004,6,4,1,0,0,1,1,0,0,0
7310,2006,3,2,0,0,0,0,0,0,0,0
7310,2008,2,2,0,0,0,0,0,0,0,0
7310,2010,3,3,0,0,0,0,0,0,0,0
7311,1996,1,0,0,0,0,0,0,0,0,0
7311,1997,1,0,0,0,0,0,1,0,0,0
7311,1998,3,3,2,0,0,0,0,0,0,0
7311,2000,1,1,0,0,0,0,0,0,0,0
7311,2001,1,1,0,0,0,0,0,0,1,0
7311,2002,2,2,0,0,0,0,0,0,0,0
7313,2005,2,2,0,0,0,0,0,0,0,0
7313,2006,4,3,1,1,0,0,1,0,0,0
7313,2007,2,2,1,0,0,0,0,0,0,0
7324,2010,1,1,0,0,0,0,0,0,0,0
7345,2012,1,1,1,0,0,0,0,0,0,0
7347,1994,1,0,0,0,0,0,1,0,0,0
7372,1996,3,3,0,0,0,0,0,0,1,0
7372,1997,3,3,0,0,0,0,0,0,0,0
7372,1999,1,1,1,0,0,0,0,0,0,0
7372,2000,4,4,1,0,0,0,0,0,1,0
7372,2001,1,1,0,0,0,0,0,0,1,0
7372,2002,4,4,1,1,0,0,0,0,1,0
7372,2003,1,1,0,0,0,0,0,0,0,0
7380,1995,2,2,1,0,0,0,0,0,0,0
7380,1996,3,3,1,0,0,0,0,0,1,0
7385,2001,2,2,1,0,0,0,0,0,0,0
7386,1997,5,4,3,0,0,0,1,0,0,0
7386,2000,3,2,1,0,0,0,1,0,0,0
7386,2001,6,6,1,0,0,0,0,0,2,0
7388,2000,3,1,1,0,0,1,2,0,0,0
7388,2005,3,3,1,0,0,0,0,0,0,0
7397,2006,2,2,0,0,0,0,0,0,1,0
7397,2007,3,3,1,0,0,0,0,0,0,0
7397,2008,1,1,1,0,0,0,0,0,0,0
7408,1991,6,4,1,1,0,0,2,0,0,0
7408,1992,6,5,2,0,0,0,1,0,0,0
7408,1993,6,4,2,0,0,0,0,0,1,1
7408,1999,3,3,0,0,0,0,0,0,0,0
7408,2000,3,2,1,0,0,0,1,0,0,0
7408,2002,1,0,0,0,0,0,0,1,0,0
7408,2006,4,3,1,0,0,0,0,1,0,0
7436,1997,3,3,1,1,0,0,0,0,0,0
7436,2002,1,1,0,0,0,0,0,0,0,0
7436,2005,2,2,1,0,0,0,0,0,0,0
7437,2002,1,1,1,1,0,0,0,0,0,0
7440,2009,1,1,0,0,0,0,0,0,0,0
7444,1989,1,1,0,0,0,0,0,0,0,0
7447,2009,1,1,0,0,0,0,0,0,0,0
7447,2010,2,1,0,0,0,0,1,0,0,0
7447,2011,2,2,0,0,0,0,0,0,0,0
7450,1989,4,4,2,0,0,0,0,0,0,0
7450,1990,2,2,1,0,0,0,0,0,0,0
7450,1991,2,2,0,0,0,0,0,0,0,0
7452,1996,2,1,1,0,0,0,0,0,0,0
7458,1991,1,1,0,0,0,0,0,0,0,0
7458,1992,4,4,1,1,0,0,0,0,0,0
7458,1993,2,2,0,0,0,0,0,0,0,0
7458,1995,1,1,1,0,0,0,0,0,0,0
7458,1996,1,0,0,0,0,0,1,0,0,0
7458,1997,1,1,1,0,0,0,0,0,0,0
7458,2000,2,2,1,0,0,0,0,0,0,0
7481,2002,6,5,3,0,1,0,0,0,0,1
7481,2004,3,1,1,0,0,0,2,0,0,0
7481,2008,1,1,0,0,0,0,0,0,0,0
7484,2012,1,1,0,0,0,0,0,0,0,0
7491,2010,3,3,1,0,0,0,0,0,0,0
7512,1996,2,2,0,0,0,0,0,0,1,0
7512,1997,6,5,2,0,0,0,1,0,1,0
7512,1999,1,0,0,0,0,0,0,0,0,1
7512,2000,3,2,1,0,0,0,1,0,0,0
7512,2001,3,3,0,0,0,0,0,0,0,0
7513,1998,1,1,0,0,0,0,0,0,0,0
7513,2004,2,2,0,0,0,0,0,0,0,0
7513,2006,2,2,0,0,0,0,0,0,1,0
7513,2007,1,1,0,0,0,0,0,0,0,0
7515,2000,4,4,1,1,0,0,0,0,0,0
7521,2012,3,3,0,0,0,0,0,0,1,0
7522,1998,3,3,1,0,0,0,0,0,1,0
7522,1999,6,5,1,0,0,0,1,0,0,0
7522,2000,6,5,2,0,0,0,0,0,1,0
7522,2001,18,18,4,1,0,0,0,0,2,0
7522,2002,11,10,5,2,1,0,1,0,0,0
7522,2005,6,6,2,0,0,0,0,0,0,0
7522,2006,4,4,2,0,0,0,0,0,0,0
7526,1994,2,2,1,0,0,0,0,0,0,0
7528,2009,1,1,0,0,0,0,0,0,0,0
7540,1995,7,5,1,0,0,0,2,0,0,0
7540,1996,8,6,1,1,0,0,1,0,1,0
7540,1997,1,1,1,0,0,0,0,0,0,0
7545,1989,1,1,0,0,0,0,0,0,0,0
7545,1990,1,1,1,0,0,0,0,0,0,0
7559,1990,3,3,2,0,0,0,0,0,0,0
7565,2007,6,4,2,0,0,0,1,0,0,1
7565,2010,2,2,0,0,0,0,0,0,0,0
7824,1999,3,2,1,0,1,0,0,0,0,1
7824,2001,4,2,0,0,0,0,2,0,0,0
7829,1997,3,2,1,0,0,0,1,0,0,0
7829,1998,4,4,1,0,0,0,0,0,0,0
7829,1999,7,6,2,0,0,0,1,0,1,0
7829,2000,7,6,1,0,0,0,1,0,0,0
7829,2006,6,6,5,0,1,0,0,0,0,0
7829,2007,1,1,1,1,0,0,0,0,0,0
7829,2009,3,3,2,0,0,0,0,0,0,0
7836,1996,3,3,2,0,0,0,0,0,0,0
7836,1997,1,1,0,0,0,0,0,0,0,0
7836,1998,5,5,0,0,0,0,0,0,2,0
7842,1999,1,1,0,0,0,0,0,0,0,0
7842,2000,2,2,1,0,0,0,0,0,0,0
7879,1989,1,0,0,0,0,0,1,0,0,0
7879,1991,2,2,0,0,0,0,0,0,1,0
7879,1993,1,1,0,0,0,0,0,0,0,0
7879,1994,1,0,0,0,0,0,1,0,0,0
7879,1995,2,1,0,0,0,0,0,0,0,0
7879,1996,1,0,0,0,0,0,0,0,0,0
7879,1997,1,1,1,0,0,0,0,0,0,0
7879,1998,3,3,2,0,0,0,0,0,0,0
7879,1999,1,1,0,0,0,0,0,0,0,0
7893,1989,1,1,0,0,0,0,0,0,0,0
7893,1991,2,2,2,1,0,0,0,0,0,0
7893,1992,3,3,1,0,0,0,0,0,1,0
7893,1993,1,0,0,0,0,0,1,0,0,0
7896,1996,1,1,0,0,0,0,0,0,0,0
7901,1997,4,4,3,1,0,0,0,0,0,0
7924,1989,2,1,0,0,0,0,1,0,0,0
7924,1990,2,2,0,0,0,0,0,0,0,0
7924,1991,4,4,0,0,0,0,0,0,0,0
7924,1992,10,8,1,0,0,0,1,1,0,0
7924,1993,10,9,3,0,0,0,1,0,1,0
7924,1994,7,6,0,0,0,0,1,0,1,0
7926,2012,2,2,0,0,0,0,0,0,0,0
7941,2007,5,3,1,0,0,0,0,0,0,0
7980,1999,2,2,0,0,0,0,0,0,0,0
7990,1999,2,2,1,0,0,0,0,0,0,0
7999,2009,2,0,0,0,0,0,2,0,0,0
7999,2010,2,2,0,0,0,0,0,0,0,0
7999,2011,3,3,1,0,0,0,0,0,0,0
8004,1989,3,2,1,0,0,0,0,0,1,0
8004,1990,3,3,1,0,0,0,0,0,0,0
8004,1991,6,3,1,0,0,0,3,0,1,0
8004,1992,3,3,0,0,0,0,0,0,0,0
8004,1993,7,5,2,0,0,0,1,0,0,0
8007,2000,3,3,2,1,0,0,0,0,0,0
8010,1997,4,4,1,0,0,0,0,0,0,0
8010,2001,2,2,2,0,0,0,0,0,0,0
8010,2005,6,4,0,0,0,0,2,0,0,0
8010,2007,3,1,0,0,0,0,1,0,0,0
8015,2008,2,2,0,0,0,0,0,0,0,0
8016,2009,2,2,1,0,0,0,0,0,0,0
8020,2011,3,2,0,0,0,0,1,0,0,0
8036,2007,1,1,0,0,0,0,0,0,0,0
8036,2009,1,1,0,0,0,0,0,0,0,0
8051,1993,3,3,1,0,0,0,0,0,0,0
8051,1994,4,4,2,0,0,0,0,0,1,0
8051,1995,3,3,2,1,0,0,0,0,0,0
8051,1996,6,4,1,0,0,1,2,0,0,0
8051,1997,3,2,0,0,0,0,1,0,0,0
8051,1998,6,5,2,0,0,0,1,0,0,0
8051,1999,8,8,3,0,0,0,0,0,0,0
8051,2000,3,3,1,0,0,0,0,0,0,0
8051,2001,6,5,2,0,0,0,1,0,1,0
8051,2002,7,7,1,0,0,0,0,0,2,0
8051,2003,3,3,2,2,0,0,0,0,0,0
8051,2004,6,6,3,1,0,0,0,0,0,0
8051,2006,3,3,1,0,0,0,0,0,0,0
8051,2007,3,3,1,0,0,0,0,0,0,0
8051,2008,3,3,1,0,0,0,0,0,0,0
8052,2007,1,1,0,0,0,0,0,0,0,0
8058,2012,1,1,0,0,0,0,0,0,0,0
8060,2000,6,4,0,0,0,0,2,0,1,0
8060,2001,6,5,3,0,0,0,1,0,0,0
8060,2002,7,7,2,0,0,0,0,0,1,0
8060,2003,4,4,2,0,0,0,0,0,0,0
8060,2004,8,6,2,1,0,0,1,0,2,0
8060,2005,3,2,1,0,0,0,0,1,0,0
8060,2006,4,2,1,0,0,0,1,0,0,0
8061,1994,3,2,0,0,0,0,0,0,0,0
8061,1996,6,4,1,0,0,0,2,0,0,0
8061,1999,3,3,0,0,0,0,0,0,0,0
8061,2004,11,9,3,0,0,0,1,0,0,0
8061,2005,1,1,1,1,0,0,0,0,0,0
8069,2002,1,1,0,0,0,0,0,0,0,0
8082,1992,1,1,1,0,0,0,0,0,0,0
8082,1993,1,0,0,0,0,0,1,0,0,0
8082,1999,1,1,0,0,0,0,0,0,0,0
8089,1999,5,4,0,0,0,0,1,0,1,0
8111,1989,1,1,0,0,0,0,0,0,0,0
8120,2000,2,1,1,0,0,0,1,0,0,0
8123,2001,7,6,1,0,0,0,1,0,3,0
8137,1993,4,4,2,0,0,0,0,0,2,0
8137,1994,4,4,2,0,0,0,0,0,0,0
8137,1995,6,6,2,1,0,0,0,0,0,0
8137,1996,3,3,1,1,0,0,0,0,1,0
8137,1997,5,5,1,1,0,0,0,0,2,0
8137,1998,7,7,2,0,0,0,0,0,1,0
8137,1999,4,4,1,0,0,0,0,0,1,0
8137,2000,3,3,0,0,0,0,0,0,0,0
8137,2001,4,4,0,0,0,0,0,0,1,0
8137,2002,7,7,2,1,0,0,0,0,2,0
8137,2004,3,3,0,0,0,0,0,0,1,0
8137,2007,3,3,1,0,0,0,0,0,0,0
8140,1993,8,8,3,0,0,0,0,0,0,0
8142,2006,3,3,1,0,0,0,0,0,0,0
8142,2007,1,1,0,0,0,0,0,0,0,0
8142,2012,1,1,0,0,0,0,0,0,0,0
8146,1996,2,2,2,2,0,0,0,0,0,0
8146,1997,1,0,0,0,0,0,0,0,0,0
8146,1998,1,1,0,0,0,0,0,0,0,0
8146,1999,2,2,2,1,0,0,0,0,0,0
8147,1996,1,0,0,0,0,0,0,0,0,1
8147,1997,1,1,0,0,0,0,0,0,0,0
8147,1998,1,0,0,0,0,0,1,0,0,0
8152,2002,3,3,1,0,0,0,0,0,1,0
8155,1994,3,2,0,0,0,0,1,0,0,0
8160,1990,1,1,0,0,0,0,0,0,1,0
8160,1991,9,8,3,1,0,0,1,0,0,0
8160,1992,7,7,1,0,0,0,0,0,2,0
8160,1993,4,4,1,0,0,0,0,0,1,0
8184,2004,4,4,2,1,0,0,0,0,0,0
8184,2005,1,1,0,0,0,0,0,0,0,0
8184,2011,2,1,0,0,0,0,1,0,0,0
8187,1996,1,1,0,0,0,0,0,0,0,0
8187,1999,2,2,1,0,0,0,0,0,0,0
8193,1989,5,5,2,0,0,0,0,0,0,0
8193,1990,3,3,1,0,0,0,0,0,0,0
8193,1991,11,11,7,1,0,0,0,0,0,0
8193,1992,7,6,0,0,0,0,1,0,1,0
8193,1993,3,3,2,0,0,0,0,0,0,0
8193,1997,9,7,5,1,1,0,2,0,0,0
8193,1998,4,3,1,0,0,0,0,0,1,1
8193,1999,6,4,0,0,0,0,2,0,0,0
8201,2000,10,9,2,0,0,0,0,0,1,0
8201,2002,3,3,1,1,0,0,0,0,1,0
8219,1989,4,3,1,0,0,0,1,0,1,0
8219,1990,2,2,2,0,0,0,0,0,0,0
8219,1991,1,1,0,0,0,0,0,0,0,0
8219,1993,1,1,1,0,0,0,0,0,0,0
8220,1995,1,1,1,0,0,0,0,0,0,0
8220,1996,5,5,1,1,0,0,0,0,0,0
8220,1997,4,2,0,0,0,0,0,1,0,0
8220,1998,1,1,0,0,0,0,0,0,0,0
8220,1999,2,2,1,0,0,0,0,0,0,0
8220,2000,4,3,0,0,0,0,1,0,1,0
8220,2002,1,1,0,0,0,0,0,0,0,0
8220,2003,1,1,1,0,0,0,0,0,0,0
8267,2010,1,1,1,1,0,0,0,0,0,0
8271,1995,3,2,0,0,0,0,1,0,0,0
8276,1991,7,6,2,0,0,0,0,0,1,1
8276,1992,5,5,1,1,0,0,0,0,1,0
8288,1992,2,2,0,0,0,0,0,0,0,0
8291,2011,4,4,1,1,0,0,0,0,1,0
8291,2012,1,1,1,0,0,0,0,0,0,0
8298,2006,3,1,1,0,0,0,2,0,0,0
8307,2007,3,3,0,0,0,0,0,0,0,0
8311,1995,3,3,0,0,0,0,0,0,1,0
8311,1998,2,1,1,0,0,0,1,0,0,0
8311,1999,5,4,0,0,0,0,0,0,0,0
8311,2000,5,5,1,0,0,0,0,0,1,0
8311,2001,6,6,1,0,0,0,0,0,0,0
8311,2004,1,1,1,1,0,0,0,0,0,0
8326,2012,1,1,0,0,0,0,0,0,1,0
8340,1999,4,4,0,0,0,0,0,0,2,0
8340,2000,5,5,4,0,1,0,0,0,1,0
8340,2001,7,6,1,0,0,0,1,0,1,0
8363,2004,2,2,0,0,0,0,0,0,0,0
8372,2010,3,3,0,0,0,0,0,0,2,0
8374,2006,1,1,0,0,0,0,0,0,0,0
8380,1990,1,1,0,0,0,0,0,0,0,0
8380,1991,1,1,0,0,0,0,0,0,0,0
8380,1993,3,3,1,0,0,0,0,0,1,0
8387,2005,1,1,0,0,0,0,0,0,0,0
8390,2008,1,1,1,0,0,0,0,0,0,0
8409,2002,5,4,1,1,0,0,1,0,0,0
8424,2010,1,1,1,0,0,0,0,0,0,0
8424,2012,1,1,0,0,0,0,0,0,0,0
8438,2010,1,1,0,0,0,0,0,0,0,0
8449,1999,1,1,0,0,0,0,0,0,1,0
8449,2000,5,4,2,0,0,0,1,0,0,0
8449,2005,3,3,0,0,0,0,0,0,0,0
8449,2006,3,3,1,0,0,0,0,0,1,0
8451,2010,3,2,1,0,0,0,0,1,0,0
8453,2005,1,1,0,0,0,0,0,0,0,0
8453,2006,2,2,0,0,0,0,0,0,1,0
8469,1989,1,0,0,0,0,0,1,0,0,0
8469,1991,1,1,0,0,0,0,0,0,0,0
8469,1992,1,1,0,0,0,0,0,0,0,0
8474,1994,2,1,0,0,0,0,1,0,0,0
8474,1995,1,1,0,0,0,0,0,0,0,0
8474,1996,9,7,2,0,0,0,1,1,0,0
8474,1997,6,5,0,0,0,0,1,0,0,0
8474,1998,4,4,0,0,0,0,0,0,2,0
8474,2001,6,6,0,0,0,0,0,0,1,0
8474,2006,2,1,0,0,0,0,1,0,0,0
8474,2010,2,2,0,0,0,0,0,0,2,0
8479,1989,2,1,0,0,0,0,1,0,0,0
8488,1997,7,7,1,0,0,0,0,0,0,0
8488,1998,4,3,0,0,0,0,1,0,0,0
8488,2000,5,4,1,0,0,0,1,0,0,0
8497,2006,3,3,1,0,0,0,0,0,0,0
8497,2007,3,3,0,0,0,0,0,0,0,0
8497,2008,2,1,0,0,0,0,1,0,0,0
8498,1991,1,1,0,0,0,0,0,0,0,0
8498,1992,1,1,0,0,0,0,0,0,0,0
8498,1993,3,3,0,0,0,0,0,0,1,0
8498,1996,1,1,1,0,0,0,0,0,0,0
8500,2009,3,3,1,0,0,0,0,0,0,0
8500,2010,2,2,1,0,0,0,0,0,0,0
8510,2012,1,1,0,0,0,0,0,0,0,0
8516,1995,3,3,1,0,0,0,0,0,0,0
8516,2000,1,1,0,0,0,0,0,0,0,0
8519,1993,2,2,0,0,0,0,0,0,0,0
8519,1994,5,4,2,0,0,0,1,0,0,0
8519,1998,5,4,2,0,0,0,0,0,0,0
8519,1999,7,7,2,0,1,1,0,0,0,0
8529,2003,1,0,0,0,0,0,1,0,0,0
8530,1989,1,1,0,0,0,0,0,0,0,0
8530,1990,1,1,0,0,0,0,0,0,0,0
8530,1991,3,2,1,0,0,0,1,0,0,0
8530,1992,1,1,1,0,0,0,0,0,0,0
8530,1993,2,2,0,0,0,0,0,0,1,0
8530,1995,1,1,0,0,0,0,0,0,1,0
8530,1996,3,3,1,0,0,0,0,0,0,0
8530,1998,4,1,0,0,0,0,1,0,0,1
8556,2005,9,9,2,0,0,0,0,0,1,0
8556,2006,1,0,0,0,0,0,1,0,0,0
8556,2009,2,2,1,0,0,0,0,0,0,0
8557,1999,3,3,0,0,0,0,0,0,1,0
8557,2001,4,3,0,0,0,0,1,0,0,0
8557,2002,3,2,1,0,0,0,0,1,0,0
8557,2003,4,4,1,0,0,0,0,0,0,0
8557,2004,2,2,0,0,0,0,0,0,2,0
8557,2005,4,4,1,0,0,0,0,0,0,0
8557,2006,3,2,0,0,0,0,1,0,1,0
8569,2005,1,1,0,0,0,0,0,0,0,0
8569,2007,1,1,0,0,0,0,0,0,0,0
8574,2010,3,2,1,0,0,0,1,0,1,0
8576,2001,1,1,1,0,0,0,0,0,0,0
8576,2002,5,4,2,1,1,0,0,1,1,0
8581,2005,4,3,1,0,0,0,1,0,0,0
8581,2006,4,4,0,0,0,0,0,0,0,0
8581,2007,6,6,0,0,0,0,0,0,1,0
8581,2008,4,4,1,1,0,0,0,0,1,0
8589,2005,2,2,0,0,0,0,0,0,0,0
8594,1992,3,1,0,0,0,0,1,0,0,0
8619,2007,2,2,0,0,0,0,0,0,0,0
8635,2005,1,1,1,0,0,0,0,0,0,0
8638,2002,4,4,2,0,0,0,0,0,1,0
8638,2005,3,2,1,1,0,0,0,0,0,0
8655,1998,1,1,0,0,0,0,0,0,0,0
8655,2000,2,2,0,0,0,0,0,0,0,0
8665,1989,3,3,1,0,0,0,0,0,0,0
8665,1990,2,2,1,0,0,0,0,0,0,0
8665,1991,4,4,1,0,0,0,0,0,1,0
8665,1993,1,1,1,0,0,0,0,0,0,0
8667,1989,2,2,1,0,0,0,0,0,1,0
8672,2009,3,3,1,0,0,0,0,0,1,0
8676,1998,1,1,0,0,0,0,0,0,0,0
8676,1999,2,2,2,1,0,0,0,0,0,0
8676,2000,2,1,0,0,0,0,1,0,0,0
8676,2001,2,2,1,0,0,0,0,0,0,0
8676,2002,1,1,0,0,0,0,0,0,0,0
8682,2009,2,2,1,1,0,0,0,0,0,0
8682,2010,1,1,0,0,0,0,0,0,0,0
8703,1989,2,2,0,0,0,0,0,0,1,0
8704,2006,10,7,2,0,0,0,1,1,0,0
8704,2008,4,3,0,0,0,0,1,0,1,0
8719,2007,1,1,0,0,0,0,0,0,0,0
8720,1998,3,2,0,0,0,0,1,0,1,0
8720,1999,10,10,3,0,0,0,0,0,1,0
8720,2000,8,8,0,0,0,0,0,0,2,0
8720,2001,3,2,1,0,0,0,1,0,0,0
8720,2002,1,1,0,0,0,0,0,0,0,0
8723,1992,2,2,2,1,0,0,0,0,0,0
8724,1995,2,2,1,0,0,0,0,0,0,0
8724,1996,1,1,0,0,0,0,0,0,0,0
8725,2000,3,3,0,0,0,0,0,0,0,0
8725,2004,2,1,0,0,0,0,0,0,1,1
8729,2007,4,4,2,0,0,0,0,0,1,0
8731,1999,3,3,1,1,0,0,0,0,0,0
8731,2000,7,7,4,1,0,2,0,0,0,0
8754,1993,1,1,0,0,0,0,0,0,0,0
8754,1995,1,1,0,0,0,0,0,0,1,0
8754,1997,1,1,0,0,0,0,0,0,0,0
8756,1997,2,2,0,0,0,0,0,0,1,0
8756,1998,2,2,0,0,0,0,0,0,1,0
8756,1999,1,1,0,0,0,0,0,0,0,0
8756,2000,2,1,0,0,0,0,0,0,0,0
8756,2001,2,1,0,0,0,0,0,1,0,0
8756,2003,1,1,0,0,0,0,0,0,0,0
8756,2004,2,1,0,0,0,0,1,0,0,0
8765,2003,2,2,0,0,0,0,0,0,1,0
8765,2005,6,5,3,0,0,0,1,0,0,0
8767,1989,1,0,0,0,0,0,1,0,0,0
8767,1991,3,3,1,1,0,0,0,0,0,0
8767,1993,3,3,0,0,0,0,0,0,0,0
8772,2008,1,0,0,0,0,0,1,0,0,0
8774,2012,1,1,0,0,0,0,0,0,0,0
8776,2010,5,4,4,0,0,0,1,0,0,0
8778,2011,3,3,1,0,0,0,0,0,1,0
8784,2004,4,4,0,0,0,0,0,0,0,0
8784,2009,5,4,1,0,1,0,1,0,1,0
8784,2010,11,11,4,1,0,0,0,0,1,0
8784,2011,6,6,1,0,0,0,0,0,0,0
8787,1992,3,3,2,0,0,0,0,0,0,0
8787,1993,11,9,1,0,0,0,1,0,3,0
8787,1995,3,2,0,0,0,0,1,0,0,0
8787,1996,9,9,1,0,0,0,0,0,1,0
8787,1997,2,1,0,0,0,0,1,0,0,0
8806,2002,1,1,1,0,0,0,0,0,0,0
8807,2005,10,9,1,0,0,0,0,1,3,0
8807,2006,13,11,5,1,0,0,0,1,0,0
8807,2007,7,7,0,0,0,0,0,0,1,0
8807,2008,4,4,2,0,0,0,0,0,0,0
8807,2012,6,6,1,0,0,0,0,0,2,0
8818,2007,1,0,0,0,0,0,1,0,0,0
8823,2008,3,3,0,0,0,0,0,0,0,0
8843,2000,2,2,1,0,0,0,0,0,0,0
8847,1989,1,1,0,0,0,0,0,0,0,0
8852,2006,3,3,2,1,0,0,0,0,0,0
8852,2007,4,4,2,1,0,0,0,0,1,0
8852,2008,3,3,2,1,1,0,0,0,0,0
8858,1996,2,2,2,1,0,0,0,0,0,0
8859,2005,11,11,4,1,0,0,0,0,1,0
8859,2006,12,10,2,0,0,1,1,0,1,0
8859,2007,12,12,4,1,0,0,0,0,0,0
8883,1995,2,1,0,0,0,0,0,0,0,0
8883,1996,1,1,0,0,0,0,0,0,0,0
8883,1997,1,1,1,0,0,0,0,0,0,0
8883,2000,1,1,1,1,0,0,0,0,0,0
8883,2001,3,2,0,0,0,0,0,0,0,0
8883,2003,1,1,0,0,0,0,0,0,0,0
8883,2004,3,2,1,0,0,0,1,0,0,0
8883,2007,1,1,1,0,0,0,0,0,0,0
8892,2010,1,0,0,0,0,0,1,0,0,0
8910,2011,1,1,0,0,0,0,0,0,0,0
8911,1989,2,2,1,0,0,0,0,0,0,0
8911,1990,1,0,0,0,0,0,1,0,0,0
8911,1991,3,3,0,0,0,0,0,0,0,0
8911,1992,6,6,4,1,0,0,0,0,0,0
8911,1993,12,11,3,0,0,0,1,0,2,0
8918,2005,6,5,1,0,0,0,1,0,1,0
8918,2006,4,3,1,0,0,0,1,0,0,0
8919,2005,3,2,0,0,0,0,1,0,0,0
8919,2007,6,6,1,0,0,0,0,0,2,0
8920,1991,2,2,0,0,0,0,0,0,0,0
8922,2010,4,3,1,1,0,0,1,0,0,0
8922,2011,1,1,0,0,0,0,0,0,0,0
8934,1997,2,1,1,1,0,0,0,0,0,0
8934,2000,4,2,1,1,0,0,1,0,0,1
8934,2001,5,4,1,0,0,0,1,0,0,0
8934,2002,2,2,1,0,0,0,0,0,0,0
8939,1999,4,2,0,0,0,0,2,0,0,0
8940,2010,3,3,2,1,0,0,0,0,0,0
8940,2011,1,1,0,0,0,0,0,0,1,0
8952,2010,2,1,0,0,0,0,1,0,0,0
8954,1997,3,3,1,0,0,0,0,0,1,0
8954,1998,1,1,0,0,0,0,0,0,0,0
8956,2011,1,1,1,0,0,0,0,0,0,0
8962,1998,3,1,1,1,0,0,1,0,0,0
8962,2000,1,1,0,0,0,0,0,0,0,0
8971,1989,1,1,1,0,0,0,0,0,0,0
8982,2006,2,2,0,0,0,0,0,0,0,0
8982,2007,3,3,0,0,0,0,0,0,0,0
8982,2008,2,1,0,0,0,0,1,0,0,0
8983,1997,1,1,1,1,0,0,0,0,0,0
8983,1998,1,1,1,0,0,0,0,0,0,0
8983,1999,2,2,1,0,0,0,0,0,1,0
8983,2000,1,1,1,0,0,0,0,0,0,0
8983,2001,2,1,1,0,0,0,0,0,0,1
8985,2007,1,1,0,0,0,0,0,0,0,0
8986,1989,3,3,0,0,0,0,0,0,1,0
8990,1995,6,4,0,0,0,0,2,0,1,0
8990,1996,8,8,2,0,0,0,0,0,0,0
8990,1997,3,2,1,0,0,0,1,0,0,0
8990,1998,8,7,2,0,0,0,1,0,1,0
8990,1999,3,3,2,1,0,0,0,0,0,0
8990,2000,6,6,0,0,0,0,0,0,1,0
8990,2001,4,3,0,0,0,0,0,0,0,0
8990,2002,6,6,3,1,0,0,0,0,0,0
8990,2005,7,7,0,0,0,0,0,0,3,0
8990,2012,2,2,1,0,0,0,0,0,0,0
8991,2001,7,4,3,1,0,0,1,0,1,1
9008,2001,1,0,0,0,0,0,0,0,0,1
9009,2005,1,1,0,0,0,0,0,0,0,0
9030,2012,1,1,0,0,0,0,0,0,0,0
9038,1992,8,7,4,0,0,0,1,0,0,0
9038,1993,4,3,1,0,0,0,1,0,0,0
9038,1994,1,1,0,0,0,0,0,0,1,0
9038,1995,1,1,0,0,0,0,0,0,0,0
9038,1996,1,1,0,0,0,0,0,0,0,0
9038,1997,1,0,0,0,0,0,1,0,0,0
9038,1998,3,3,1,0,0,0,0,0,0,0
9038,2000,1,1,1,0,0,0,0,0,0,0
9038,2001,1,0,0,0,0,0,1,0,0,0
9050,1995,2,1,0,0,0,0,1,0,0,0
9069,2000,1,1,0,0,0,0,0,0,0,0
9069,2002,6,6,1,0,0,0,0,0,0,0
9069,2003,3,3,1,0,0,0,0,0,0,0
9069,2004,4,4,0,0,0,0,0,0,1,0
9069,2007,2,2,1,0,0,0,0,0,0,0
9069,2010,3,3,0,0,0,0,0,0,0,0
9077,2007,1,1,1,0,0,0,0,0,0,0
9077,2008,1,1,0,0,0,0,0,0,0,0
9084,1997,2,2,0,0,0,0,0,0,0,0
9084,1999,1,1,0,0,0,0,0,0,0,0
9091,1997,3,3,2,0,0,0,0,0,0,0
9091,1998,3,2,1,0,0,0,1,0,0,0
9102,1990,1,1,0,0,0,0,0,0,0,0
9102,1992,2,2,1,1,0,0,0,0,0,0
9102,1997,1,1,1,0,0,0,0,0,0,0
9102,1998,1,1,0,0,0,0,0,0,0,0
9108,1989,5,5,1,0,0,0,0,0,1,0
9108,1990,1,1,0,0,0,0,0,0,0,0
9108,1991,1,1,0,0,0,0,0,0,0,0
9108,1992,1,1,0,0,0,0,0,0,0,0
9108,1993,3,2,1,0,0,0,1,0,0,0
9110,1991,1,1,0,0,0,0,0,0,0,0
9123,2002,1,1,0,0,0,0,0,0,0,0
9123,2004,3,3,1,0,0,0,0,0,0,0
9136,1998,6,5,2,0,1,0,1,0,1,0
9136,1999,9,7,1,0,0,0,1,0,0,0
9136,2000,7,6,2,1,0,0,1,0,0,0
9136,2002,4,3,1,0,0,0,1,0,0,0
9136,2003,3,3,1,0,0,0,0,0,1,0
9136,2004,3,3,2,1,0,0,0,0,0,0
9137,1991,1,1,0,0,0,0,0,0,1,0
9137,1993,1,1,0,0,0,0,0,0,0,0
9137,1994,1,1,0,0,0,0,0,0,0,0
9137,2000,1,1,0,0,0,0,0,0,1,0
9143,2010,16,15,7,0,0,0,0,0,2,1
9143,2012,3,3,1,1,0,0,0,0,0,0
9152,1999,4,4,0,0,0,0,0,0,0,0
9153,2002,1,1,0,0,0,0,0,0,0,0
9160,1999,2,1,0,0,0,0,1,0,1,0
9160,2000,2,2,1,0,0,0,0,0,0,0
9160,2001,1,1,1,0,0,0,0,0,0,0
9161,1996,1,1,0,0,0,0,0,0,0,0
9169,1998,2,2,0,0,0,0,0,0,0,0
9169,2002,9,8,3,0,0,0,0,0,1,1
9176,1999,1,1,1,0,0,0,0,0,0,0
9176,2002,2,2,1,0,0,0,0,0,0,0
9182,1992,4,4,1,0,0,0,0,0,0,0
9182,1993,1,1,0,0,0,0,0,0,0,0
9199,1989,2,2,0,0,0,0,0,0,0,0
9199,1990,1,1,0,0,0,0,0,0,0,0
9204,1995,7,7,0,0,0,0,0,0,0,0
9204,1997,11,9,3,0,0,0,2,0,1,0
9214,2005,3,2,0,0,0,0,1,0,0,0
9217,2007,5,3,1,0,0,0,2,0,0,0
9219,2002,3,2,0,0,0,0,0,0,1,1
9238,1994,4,4,0,0,0,0,0,0,0,0
9238,2004,3,3,1,0,0,0,0,0,0,0
9240,2001,2,2,0,0,0,0,0,0,0,0
9242,2009,3,3,2,0,0,0,0,0,0,0
9251,2004,3,3,0,0,0,0,0,0,2,0
9251,2006,2,2,0,0,0,0,0,0,0,0
9255,2006,1,0,0,0,0,0,0,1,0,0
9255,2007,1,1,0,0,0,0,0,0,0,0
9255,2008,1,1,0,0,0,0,0,0,0,0
9255,2009,1,1,0,0,0,0,0,0,0,0
9258,1992,2,2,1,0,0,0,0,0,0,0
9258,1993,8,8,2,0,0,0,0,0,2,0
9258,1996,5,4,1,0,0,0,1,0,2,0
9258,1997,5,4,1,0,0,0,1,0,0,0
9258,1998,3,2,1,0,0,0,0,0,0,0
9258,1999,3,3,1,0,0,0,0,0,1,0
9258,2000,4,3,0,0,0,0,1,0,1,0
9258,2004,3,3,1,0,0,0,0,0,0,0
9293,1990,2,0,0,0,0,0,2,0,0,0
9293,1992,3,2,0,0,0,0,1,0,0,0
9293,1993,2,1,0,0,0,0,0,0,0,0
9294,1995,12,12,4,2,0,0,0,0,3,0
9294,1996,9,6,1,1,0,0,1,0,0,1
9294,1997,10,8,2,0,0,0,2,0,0,0
9294,1998,9,8,3,0,0,0,0,1,1,0
9294,1999,5,5,2,0,0,0,0,0,0,0
9294,2000,13,13,6,1,0,0,0,0,1,0
9294,2001,7,7,3,0,0,0,0,0,0,0
9294,2004,15,13,3,0,0,0,2,0,2,0
9300,1998,2,1,1,0,0,0,0,0,0,1
9312,2000,2,2,0,0,0,0,0,0,0,0
9323,2004,1,1,0,0,0,0,0,0,0,0
9324,2005,3,3,1,1,0,0,0,0,0,0
9330,2005,8,6,3,0,0,0,1,0,0,0
9330,2009,1,1,0,0,0,0,0,0,0,0
9347,2006,2,1,0,0,0,0,1,0,0,0
9347,2007,1,1,1,0,0,0,0,0,0,0
9356,2011,1,1,0,0,0,0,0,0,0,0
9373,2000,4,2,1,0,0,0,2,0,0,0
9379,2003,1,1,0,0,0,0,0,0,1,0
9386,2012,1,1,0,0,0,0,0,0,0,0
9387,1998,10,9,5,1,0,0,1,0,1,0
9387,1999,5,3,2,0,0,0,1,0,0,0
9387,2000,9,8,4,0,0,0,1,0,0,0
9387,2001,9,8,1,0,0,0,0,0,0,0
9406,2002,2,2,0,0,0,0,0,0,0,0
9406,2004,3,3,1,0,0,0,0,0,1,0
9406,2005,3,2,1,1,0,0,0,0,0,0
9406,2007,1,1,0,0,0,0,0,0,0,0
9406,2009,1,0,0,0,0,0,1,0,0,0
9406,2010,2,2,1,0,0,0,0,0,0,0
9412,1989,2,2,1,0,0,0,0,0,0,0
9417,2006,2,2,0,0,0,0,0,0,1,0
9432,1989,2,2,0,0,0,0,0,0,1,0
9432,1991,1,1,0,0,0,0,0,0,0,0
9437,2001,3,3,1,0,0,0,0,0,0,0
9437,2005,3,3,1,1,0,0,0,0,0,0
9437,2007,7,6,1,0,0,0,1,0,0,0
9442,2000,7,6,2,0,0,0,1,0,1,0
9442,2002,15,14,3,0,0,0,0,0,0,0
9442,2005,7,6,2,2,0,0,0,0,0,0
9467,1992,3,2,1,1,0,0,0,0,0,0
9467,2001,10,10,2,0,0,0,0,0,2,0
9467,2002,18,16,4,0,0,0,1,1,4,0
9468,2003,1,1,0,0,0,0,0,0,0,0
9468,2004,1,1,0,0,0,0,0,0,0,0
9477,2000,4,3,1,0,0,0,1,0,0,0
9477,2001,10,6,2,0,0,0,4,0,0,0
9477,2002,2,1,0,0,0,0,1,0,0,0
9485,2009,3,3,0,0,0,0,0,0,0,0
9489,2004,1,1,1,0,0,1,0,0,0,0
9490,2001,7,7,1,1,0,0,0,0,0,0
9490,2004,1,1,0,0,0,0,0,0,1,0
9492,1998,6,5,1,0,0,0,1,0,2,0
9492,1999,1,1,1,0,0,0,0,0,0,0
9492,2000,6,6,1,0,0,0,0,0,1,0
9492,2001,6,6,2,0,0,0,0,0,1,0
9496,1997,2,2,1,0,0,0,0,0,0,0
9496,1998,3,3,2,2,0,0,0,0,0,0
9496,2005,2,2,1,0,0,0,0,0,0,0
9496,2006,1,1,0,0,0,0,0,0,0,0
9517,1989,2,1,1,0,0,0,0,0,0,0
9523,1995,1,0,0,0,0,0,1,0,0,0
9523,1999,3,3,1,0,0,0,0,0,1,0
9523,2005,1,1,0,0,0,0,0,0,0,0
9527,1995,3,3,1,0,0,0,0,0,1,0
9527,1996,5,4,1,0,0,0,1,0,1,0
9527,1997,2,2,1,0,0,0,0,0,1,0
9528,1999,1,1,0,0,0,0,0,0,0,0
9528,2000,1,1,1,1,0,0,0,0,0,0
9528,2002,2,2,1,0,0,0,0,0,0,0
9528,2004,7,6,1,0,0,0,0,0,0,0
9550,2011,1,1,0,0,0,0,0,0,1,0
9554,1998,3,2,1,0,0,0,0,0,0,0
9554,1999,3,3,1,0,0,0,0,0,0,0
9554,2000,4,3,1,0,0,0,1,0,0,0
9558,2006,3,3,1,0,0,0,0,0,1,0
9559,1992,5,4,0,0,0,0,0,0,0,0
9559,1993,5,5,0,0,0,0,0,0,0,0
9559,1994,3,2,0,0,0,0,1,0,0,0
9559,1995,3,3,0,0,0,0,0,0,1,0
9559,1996,2,2,1,0,0,0,0,0,0,0
9559,1997,2,2,0,0,0,0,0,0,0,0
9559,1998,2,2,0,0,0,0,0,0,2,0
9559,1999,1,0,0,0,0,0,1,0,0,0
9559,2000,2,1,0,0,0,0,1,0,0,0
9559,2001,1,1,0,0,0,0,0,0,1,0
9559,2002,2,2,0,0,0,0,0,0,1,0
9559,2003,1,1,0,0,0,0,0,0,0,0
9559,2004,2,2,2,1,0,0,0,0,0,0
9559,2006,1,0,0,0,0,0,1,0,0,0
9576,2009,1,1,1,1,0,0,0,0,0,0
9578,2010,1,1,0,0,0,0,0,0,0,0
9603,2004,2,1,0,0,0,0,0,0,1,0
9603,2005,1,1,0,0,0,0,0,0,0,0
9607,1997,4,4,1,0,0,0,0,0,0,0
9607,1999,5,5,0,0,0,0,0,0,1,0
9612,1990,2,2,0,0,0,0,0,0,1,0
9612,1994,1,1,0,0,0,0,0,0,0,0
9612,1995,4,3,0,0,0,0,1,0,1,0
9613,1995,3,3,1,0,0,0,0,0,0,0
9620,2002,2,2,1,0,0,0,0,0,0,0
9620,2004,4,4,0,0,0,0,0,0,1,0
9620,2005,1,1,1,0,0,0,0,0,0,0
9621,1998,1,1,0,0,0,0,0,0,1,0
9621,2003,3,1,0,0,0,0,1,0,0,0
9621,2004,3,2,0,0,0,0,1,0,0,0
9635,1995,2,2,0,0,0,0,0,0,1,0
9635,1996,1,0,0,0,0,0,0,0,0,1
9635,1998,4,3,1,0,1,0,0,0,0,1
9637,1997,2,2,0,0,0,0,0,0,0,0
9637,2000,3,3,0,0,0,0,0,0,0,0
9637,2001,4,4,0,0,0,0,0,0,1,0
9637,2002,9,8,1,0,0,0,1,0,0,0
9642,1989,2,2,0,0,0,0,0,0,0,0
9642,1991,1,0,0,0,0,0,1,0,0,0
9642,1992,1,1,0,0,0,0,0,0,0,0
9659,1995,3,3,1,0,0,0,0,0,0,0
9659,1996,3,3,2,0,0,0,0,0,0,0
9659,1997,1,1,0,0,0,0,0,0,0,0
9659,1999,1,1,0,0,0,0,0,0,0,0
9659,2000,2,2,0,0,0,0,0,0,0,0
9659,2001,1,1,0,0,0,0,0,0,0,0
9659,2002,3,3,2,0,0,0,0,0,0,0
9659,2007,1,1,1,0,0,0,0,0,0,0
9659,2010,1,1,0,0,0,0,0,0,0,0
9664,2007,1,1,0,0,0,0,0,0,0,0
9669,1998,1,0,0,0,0,0,1,0,0,0
9672,2004,4,4,2,0,0,0,0,0,0,0
9688,2009,1,1,0,0,0,0,0,0,0,0
9688,2012,2,2,1,1,0,0,0,0,0,0
9698,2002,1,1,1,0,0,1,0,0,0,0
9707,2004,14,12,3,1,0,0,1,0,2,0
9707,2005,4,3,1,1,0,0,0,0,0,0
9709,1995,2,0,0,0,0,0,1,0,0,0
9709,1996,7,7,2,0,0,0,0,0,1,0
9709,1997,3,3,0,0,0,0,0,0,1,0
9713,1995,5,5,3,0,0,0,0,0,1,0
9715,2002,1,1,1,0,0,0,0,0,0,0
9715,2003,1,1,0,0,0,0,0,0,0,0
9734,1990,1,1,1,0,0,0,0,0,0,0
9734,1991,4,4,1,0,0,0,0,0,1,0
9735,1991,4,4,3,0,0,0,0,0,1,0
9735,1992,3,3,0,0,0,0,0,0,0,0
9736,1995,4,3,1,0,0,0,1,0,1,0
9738,1990,2,2,2,0,0,0,0,0,0,0
9751,2002,2,2,2,1,0,0,0,0,0,0
9761,2003,1,1,0,0,0,0,0,0,0,0
9761,2005,1,1,1,0,0,0,0,0,0,0
9761,2008,1,1,0,0,0,0,0,0,0,0
9761,2009,1,1,0,0,0,0,0,0,1,0
9761,2010,2,2,1,0,0,0,0,0,1,0
9761,2011,1,1,1,1,0,0,0,0,0,0
9761,2012,1,0,0,0,0,0,1,0,0,0
9779,1996,6,6,1,1,0,0,0,0,0,0
9779,1997,2,2,0,0,0,0,0,0,0,0
9779,1998,1,0,0,0,0,0,1,0,0,0
9779,1999,3,2,2,0,1,0,1,0,0,0
9780,1997,1,1,0,0,0,0,0,0,0,0
9781,2003,1,1,0,0,0,0,0,0,0,0
9781,2004,2,1,0,0,0,0,1,0,1,0
9781,2012,2,2,0,0,0,0,0,0,0,0
9791,2000,1,1,0,0,0,0,0,0,1,0
9810,2004,3,2,1,1,0,0,1,0,0,0
9822,2006,3,2,0,0,0,0,0,0,1,1
9836,1995,3,2,0,0,0,0,1,0,1,0
9840,1989,1,1,0,0,0,0,0,0,1,0
9840,1990,1,1,0,0,0,0,0,0,0,0
9840,1991,6,5,2,2,0,0,0,0,1,1
9840,1992,1,1,0,0,0,0,0,0,0,0
9840,1993,3,3,0,0,0,0,0,0,0,0
9840,1994,4,4,1,0,0,0,0,0,1,0
9840,1995,3,2,0,0,0,0,0,0,0,1
9840,1996,6,5,1,0,0,0,1,0,1,0
9840,1997,7,7,1,1,0,0,0,0,0,0
9840,1998,3,3,0,0,0,0,0,0,0,0
9840,1999,6,6,3,0,0,0,0,0,1,0
9840,2000,8,7,1,0,0,0,1,0,1,0
9840,2001,2,2,1,0,0,0,0,0,0,0
9840,2002,6,6,3,1,0,0,0,0,0,0
9840,2004,6,6,3,1,0,0,0,0,0,0
9878,1999,2,2,2,0,0,0,0,0,0,0
9887,2000,3,3,2,1,0,0,0,0,0,0
9887,2001,3,3,1,1,0,0,0,0,0,0
9887,2002,3,3,1,1,0,0,0,0,0,0
9887,2004,2,2,0,0,0,0,0,0,1,0
9887,2005,1,1,1,0,0,1,0,0,0,0
9893,2010,4,4,0,0,0,0,0,0,2,0
9921,1999,1,1,0,0,0,0,0,0,0,0
9927,2008,1,1,0,0,0,0,0,0,0,0
9930,2007,2,1,0,0,0,0,0,1,0,0
9931,1996,2,2,1,0,0,0,0,0,0,0
9931,1997,5,4,2,0,0,0,0,0,0,0
9931,1998,12,11,4,0,0,0,1,0,0,0
9931,1999,6,5,0,0,0,0,1,0,1,0
9943,1999,3,3,0,0,0,0,0,0,1,0
9943,2001,5,2,1,0,0,0,3,0,0,0
9953,1989,2,2,0,0,0,0,0,0,0,0
9953,1990,3,3,0,0,0,0,0,0,0,0
9955,1991,2,2,0,0,0,0,0,0,0,0
9966,2012,1,1,1,0,0,0,0,0,0,0
10001,1997,2,1,0,0,0,0,1,0,0,0
10007,1993,2,2,1,0,0,0,0,0,0,0
10007,1994,3,3,1,0,0,0,0,0,0,0
10024,1998,4,4,1,0,0,1,0,0,1,0
10027,2000,8,7,2,0,0,0,0,0,2,1
10027,2001,1,1,0,0,0,0,0,0,0,0
10029,1997,3,2,1,0,0,0,0,0,1,0
10029,2005,4,4,1,0,0,0,0,0,1,0
10038,1991,3,2,0,0,0,0,1,0,0,0
10038,1993,3,3,1,0,0,0,0,0,1,0
10038,1994,1,1,1,0,0,0,0,0,0,0
10038,1995,1,1,1,0,0,0,0,0,0,0
10038,1996,1,1,1,0,0,0,0,0,0,0
10050,1999,1,1,1,1,0,0,0,0,0,0
10050,2000,1,1,0,0,0,0,0,0,0,0
10050,2001,3,3,0,0,0,0,0,0,0,0
10050,2003,1,1,0,0,0,0,0,0,0,0
10050,2004,1,1,0,0,0,0,0,0,0,0
10053,2000,2,2,1,0,0,1,0,0,0,0
10055,1992,1,1,0,0,0,0,0,0,0,0
10055,1993,6,6,1,0,0,0,0,0,0,0
10055,1995,3,3,1,0,0,0,0,0,0,0
10059,1989,10,10,0,0,0,0,0,0,1,0
10059,1990,6,6,2,0,1,0,0,0,0,0
10059,1991,5,3,1,0,0,0,2,0,1,0
10059,1992,6,5,3,0,0,0,0,0,0,0
10059,1993,1,1,1,0,0,0,0,0,0,0
10066,2011,1,1,0,0,0,0,0,0,1,0
10068,2004,3,2,1,0,0,0,1,0,0,0
10068,2005,1,1,0,0,0,0,0,0,0,0
10069,2005,4,4,0,0,0,0,0,0,0,0
10069,2008,3,3,0,0,0,0,0,0,2,0
10070,1989,2,2,0,0,0,0,0,0,1,0
10070,1991,5,5,0,0,0,0,0,0,0,0
10070,1998,5,4,1,0,0,0,1,0,0,0
10071,2002,1,1,1,0,0,1,0,0,0,0
10093,1996,5,5,3,0,0,0,0,0,1,0
10093,1997,5,4,1,0,0,0,0,0,1,0
10093,1998,1,1,1,0,0,0,0,0,0,0
10097,2006,6,5,0,0,0,0,1,0,0,0
10097,2007,2,2,0,0,0,0,0,0,0,0
10097,2008,2,1,0,0,0,0,1,0,0,0
10097,2010,1,0,0,0,0,0,1,0,0,0
10124,1992,1,1,0,0,0,0,0,0,0,0
10124,1994,2,1,0,0,0,0,1,0,0,0
10125,1998,3,3,0,0,0,0,0,0,1,0
10125,1999,3,2,0,0,0,0,1,0,0,0
10126,2007,4,4,0,0,0,0,0,0,0,0
10126,2008,4,4,3,0,0,0,0,0,1,0
10126,2009,1,1,0,0,0,0,0,0,0,0
10142,2008,1,0,0,0,0,0,0,0,0,1
10146,2005,3,3,0,0,0,0,0,0,2,0
10146,2006,1,0,0,0,0,0,1,0,0,0
10146,2008,1,1,0,0,0,0,0,0,0,0
10154,1990,1,1,0,0,0,0,0,0,0,0
10155,2004,3,3,1,0,0,0,0,0,0,0
10187,1990,4,3,0,0,0,0,0,0,0,0
10187,1991,9,9,1,0,0,0,0,0,1,0
10187,1992,7,7,1,0,0,0,0,0,0,0
10187,1993,7,5,2,0,0,0,2,0,1,0
10187,1994,2,2,1,0,0,0,0,0,0,0
10187,1996,3,3,2,0,0,0,0,0,0,0
10188,1997,8,7,3,2,0,0,1,0,1,0
10188,1999,1,1,1,0,0,0,0,0,0,0
10209,2009,3,3,1,1,0,0,0,0,0,0
10209,2010,4,2,0,0,0,0,2,0,1,0
10214,2012,2,2,0,0,0,0,0,0,1,0
10215,1997,3,3,1,0,0,0,0,0,0,0
10215,1998,1,1,0,0,0,0,0,0,0,0
10215,2002,2,2,0,0,0,0,0,0,1,0
10215,2005,1,1,1,1,0,0,0,0,0,0
10216,2000,1,1,0,0,0,0,0,0,0,0
10216,2001,1,1,0,0,0,0,0,0,0,0
10216,2002,1,1,1,0,0,0,0,0,0,0
10217,2000,3,3,0,0,0,0,0,0,1,0
10217,2001,5,5,2,0,0,0,0,0,0,0
10217,2002,2,2,1,0,0,0,0,0,1,0
10217,2004,5,3,0,0,0,0,1,0,0,0
10217,2005,4,4,1,0,0,0,0,0,0,0
10220,1998,1,1,0,0,0,0,0,0,1,0
10229,2001,5,4,1,0,0,0,1,0,1,0
10229,2005,7,7,1,0,0,0,0,0,1,0
10229,2006,3,3,1,0,0,0,0,0,0,0
10234,2009,3,3,0,0,0,0,0,0,0,0
10236,2000,1,1,1,0,0,0,0,0,0,0
10236,2001,2,2,1,0,1,0,0,0,0,0
10236,2003,1,1,0,0,0,0,0,0,0,0
10246,2000,2,2,1,0,0,0,0,0,0,0
10246,2001,1,1,0,0,0,0,0,0,0,0
10249,2009,2,2,2,0,0,0,0,0,0,0
10251,1998,3,2,2,1,0,0,1,0,0,0
10254,1990,2,2,1,0,0,0,0,0,0,0
10267,1995,3,2,1,0,0,0,1,0,0,0
10267,1996,2,2,0,0,0,0,0,0,1,0
10285,1999,2,1,0,0,0,0,1,0,0,0
10288,2010,10,8,3,0,0,1,1,0,2,0
10288,2011,7,6,1,0,0,0,1,0,0,0
10288,2012,3,2,0,0,0,0,1,0,1,0
10294,1990,2,2,0,0,0,0,0,0,0,0
10294,2002,4,4,1,0,0,0,0,0,0,0
10294,2004,3,3,0,0,0,0,0,0,1,0
10304,2009,1,1,0,0,0,0,0,0,0,0
10306,2003,1,1,0,0,0,0,0,0,0,0
10311,1989,5,5,1,0,0,0,0,0,1,0
10313,1999,4,2,1,0,0,0,1,0,0,0
10313,2001,3,3,2,1,0,0,0,0,0,0
10317,2005,2,2,0,0,0,0,0,0,0,0
10330,1998,3,2,1,0,0,0,1,0,0,0
10330,2000,3,3,0,0,0,0,0,0,0,0
10330,2001,1,0,0,0,0,0,0,0,0,0
10332,1999,2,2,1,0,0,0,0,0,0,0
10332,2000,8,7,3,1,0,0,1,0,1,0
10332,2001,4,4,1,0,0,0,0,0,2,0
10332,2003,1,1,0,0,0,0,0,0,0,0
10332,2004,7,6,2,0,0,1,1,0,0,0
10332,2007,1,1,0,0,0,0,0,0,0,0
10351,1995,4,4,1,0,0,0,0,0,1,0
10365,1993,3,3,0,0,0,0,0,0,0,0
10377,1993,2,2,1,0,0,0,0,0,0,0
10394,2012,1,1,0,0,0,0,0,0,0,0
10399,1992,5,5,1,0,0,0,0,0,0,0
10409,1990,2,2,1,0,0,0,0,0,0,0
10409,2002,1,1,0,0,0,0,0,0,0,0
10409,2003,1,1,0,0,0,0,0,0,0,0
10409,2004,2,2,0,0,0,0,0,0,0,0
10409,2005,5,5,3,1,0,0,0,0,0,0
10409,2007,4,3,1,0,0,0,1,0,0,0
10409,2008,1,1,1,0,0,0,0,0,0,0
10412,1991,1,1,0,0,0,0,0,0,1,0
10415,2005,2,2,0,0,0,0,0,0,1,0
10418,2010,2,2,1,0,0,0,0,0,0,0
10420,2002,2,2,1,0,0,0,0,0,0,0
10440,1994,6,6,3,0,0,0,0,0,1,0
10440,1996,4,4,4,1,0,1,0,0,0,0
10440,1997,2,2,0,0,0,0,0,0,0,0
10440,1998,11,10,5,0,2,0,0,0,0,1
10440,1999,11,10,4,0,0,0,1,0,0,0
10440,2000,2,2,0,0,0,0,0,0,0,0
10440,2001,7,6,2,1,0,0,1,0,0,0
10440,2002,3,3,0,0,0,0,0,0,0,0
10440,2004,6,4,1,0,0,0,2,0,0,0
10440,2006,6,6,1,0,0,0,0,0,0,0
10440,2007,1,1,0,0,0,0,0,0,0,0
10458,2004,2,2,0,0,0,0,0,0,2,0
10458,2006,6,5,1,1,0,0,0,0,0,0
10461,1998,2,2,1,1,0,0,0,0,0,0
10461,1999,1,1,0,0,0,0,0,0,0,0
10464,2004,1,1,0,0,0,0,0,0,0,0
10468,1999,4,4,1,0,0,0,0,0,1,0
10486,2005,4,3,1,1,0,0,1,0,0,0
10503,2011,1,1,0,0,0,0,0,0,0,0
10507,1991,1,0,0,0,0,0,1,0,0,0
10516,2001,3,2,1,0,0,0,1,0,0,0
10516,2005,4,4,2,0,1,0,0,0,1,0
10516,2007,4,4,1,0,0,0,0,0,0,0
10516,2008,2,2,2,1,0,0,0,0,0,0
10530,2008,1,1,1,0,0,0,0,0,0,0
10533,1996,2,1,0,0,0,0,1,0,0,0
10537,2004,2,2,1,0,0,0,0,0,0,0
10537,2009,1,1,1,0,0,0,0,0,0,0
10547,2010,7,7,1,0,0,0,0,0,0,0
10548,1989,1,1,1,0,0,0,0,0,0,0
10549,2002,1,1,1,0,0,0,0,0,0,0
10549,2004,2,2,0,0,0,0,0,0,0,0
10549,2006,1,1,1,0,0,0,0,0,0,0
10552,1992,2,1,1,0,0,0,1,0,0,0
10572,2002,1,0,0,0,0,0,1,0,0,0
10572,2003,1,1,0,0,0,0,0,0,0,0
10572,2004,3,3,0,0,0,0,0,0,0,0
10572,2006,1,0,0,0,0,0,0,1,0,0
10572,2007,2,2,1,0,0,0,0,0,0,0
10572,2008,1,1,0,0,0,0,0,0,0,0
10593,2000,3,2,1,1,0,0,1,0,0,0
10593,2006,1,1,0,0,0,0,0,0,0,0
10595,2004,8,8,4,0,0,0,0,0,0,0
10595,2010,3,3,0,0,0,0,0,0,1,0
10597,1997,4,2,1,0,0,0,1,0,1,1
10597,1998,3,3,1,0,0,0,0,0,0,0
10597,2000,2,2,2,1,0,0,0,0,0,0
10601,1996,2,2,1,0,0,1,0,0,0,0
10601,1997,1,1,0,0,0,0,0,0,0,0
10601,1998,1,1,0,0,0,0,0,0,0,0
10601,1999,2,2,1,0,0,0,0,0,1,0
10601,2000,2,2,0,0,0,0,0,0,1,0
10625,1998,1,0,0,0,0,0,1,0,0,0
10625,1999,1,0,0,0,0,0,1,0,0,0
10634,2010,2,1,0,0,0,0,0,0,0,0
10634,2012,1,1,0,0,0,0,0,0,0,0
10636,1997,3,3,2,0,0,0,0,0,0,0
10636,1998,7,6,2,0,0,0,1,0,0,0
10636,1999,6,5,2,1,0,0,1,0,0,0
10636,2000,4,4,0,0,0,0,0,0,0,0
10668,2007,1,0,0,0,0,0,1,0,0,0
10668,2008,2,2,0,0,0,0,0,0,0,0
10677,1996,1,1,0,0,0,0,0,0,0,0
10677,1997,2,2,0,0,0,0,0,0,0,0
10677,1998,1,0,0,0,0,0,1,0,0,0
10679,2010,2,2,2,0,0,0,0,0,0,0
10680,1991,6,5,1,0,0,0,1,0,1,0
10680,1992,2,1,1,1,0,0,1,0,0,0
10680,1993,3,2,1,0,0,0,1,0,0,0
10682,1996,3,3,1,0,0,0,0,0,0,0
10682,1997,2,2,1,0,0,0,0,0,0,0
10689,1992,3,3,1,0,0,0,0,0,0,0
10689,1997,3,3,2,0,0,1,0,0,0,0
10719,1992,2,2,1,0,0,0,0,0,0,0
10719,1994,1,1,0,0,0,0,0,0,1,0
10728,2008,2,2,1,0,0,0,0,0,0,0
10733,2007,1,0,0,0,0,0,1,0,0,0
10733,2010,1,1,0,0,0,0,0,0,0,0
10733,2011,1,1,0,0,0,0,0,0,0,0
10746,1989,1,1,1,0,0,0,0,0,0,0
10746,1995,2,2,1,0,0,0,0,0,0,0
10749,1989,6,6,0,0,0,0,0,0,0,0
10750,1989,2,1,0,0,0,0,1,0,0,0
10752,2002,2,1,0,0,0,0,1,0,0,0
10762,1989,6,5,0,0,0,0,0,0,1,0
10762,1990,1,1,0,0,0,0,0,0,1,0
10762,1991,4,4,2,0,0,0,0,0,0,0
10763,1993,1,1,0,0,0,0,0,0,0,0
10779,1995,3,3,2,0,0,0,0,0,0,0
10782,2005,8,8,2,0,0,0,0,0,0,0
10782,2006,6,6,0,0,0,0,0,0,0,0
10782,2007,6,6,2,0,0,0,0,0,1,0
10793,2006,3,3,0,0,0,0,0,0,1,0
10793,2009,6,6,0,0,0,0,0,0,0,0
10809,1998,2,1,0,0,0,0,1,0,0,0
10809,2000,4,4,0,0,0,0,0,0,0,0
10820,1995,3,2,1,0,0,0,1,0,0,0
10841,2009,1,1,0,0,0,0,0,0,1,0
10841,2010,1,1,1,1,0,0,0,0,0,0
10841,2011,2,2,0,0,0,0,0,0,0,0
10846,2010,1,1,1,0,0,0,0,0,0,0
10848,2011,1,1,0,0,0,0,0,0,0,0
10856,2002,3,2,0,0,0,0,1,0,0,0
10856,2004,1,1,0,0,0,0,0,0,0,0
10856,2005,3,1,0,0,0,0,2,0,0,0
10856,2006,2,2,2,1,0,0,0,0,0,0
10872,2008,3,3,1,0,0,0,0,0,0,0
10879,2000,1,1,0,0,0,0,0,0,0,0
10881,1995,15,15,3,0,0,1,0,0,1,0
10881,1998,6,6,1,0,0,0,0,0,0,0
10881,1999,9,7,3,0,0,0,1,0,0,1
10881,2001,17,16,3,1,0,0,0,0,1,1
10881,2002,10,10,4,4,0,0,0,0,0,0
10881,2003,2,2,0,0,0,0,0,0,0,0
10890,2003,2,2,1,1,0,0,0,0,0,0
10890,2004,1,1,0,0,0,0,0,0,1,0
10890,2009,1,1,1,0,0,1,0,0,0,0
10892,2005,2,1,1,0,0,0,1,0,0,0
10892,2007,1,1,0,0,0,0,0,0,0,0
10916,1996,1,1,1,0,0,1,0,0,0,0
10916,1997,1,1,0,0,0,0,0,0,1,0
10916,1998,4,4,1,0,0,0,0,0,0,0
10916,1999,8,5,2,1,0,0,2,0,0,0
10920,2000,1,1,0,0,0,0,0,0,0,0
10921,1996,4,2,0,0,0,0,2,0,1,0
10921,1997,3,3,0,0,0,0,0,0,0,0
10921,1998,3,1,1,1,0,0,2,0,0,0
10926,1995,2,1,1,0,0,0,1,0,0,0
10926,2005,2,2,0,0,0,0,0,0,1,0
10926,2006,2,2,1,0,1,0,0,0,0,0
10926,2009,2,2,1,0,0,0,0,0,0,0
10932,2003,1,1,0,0,0,0,0,0,0,0
10932,2006,2,2,0,0,0,0,0,0,0,0
10932,2007,1,0,0,0,0,0,1,0,0,0
10933,2000,2,1,0,0,0,0,1,0,0,0
10950,1989,2,2,1,0,0,0,0,0,0,0
10956,2005,1,1,1,0,0,0,0,0,0,0
10963,1996,7,4,2,0,0,0,2,0,0,0
10963,1997,2,1,1,0,0,0,1,0,0,0
10963,1999,2,1,1,1,0,0,1,0,0,0
10963,2000,1,1,0,0,0,0,0,0,0,0
10963,2001,3,3,1,0,0,0,0,0,1,0
10963,2002,2,1,1,0,0,0,1,0,0,0
10963,2004,1,1,1,0,0,0,0,0,0,0
10963,2007,1,1,1,0,0,1,0,0,0,0
10973,2002,2,1,0,0,0,0,0,0,0,1
10984,2005,6,5,1,1,0,0,1,0,0,0
10986,1989,1,0,0,0,0,0,1,0,0,0
10989,2001,1,1,1,1,0,0,0,0,0,0
10999,1998,3,3,0,0,0,0,0,0,0,0
10999,2000,3,1,0,0,0,0,1,0,0,0
10999,2001,5,5,1,0,0,0,0,0,0,0
11012,2000,3,3,0,0,0,0,0,0,1,0
11026,2008,1,0,0,0,0,0,1,0,0,0
11030,1994,2,2,1,0,0,0,0,0,0,0
11030,1995,3,3,1,0,0,0,0,0,0,0
11030,1996,4,3,1,0,0,0,1,0,0,0
11030,1997,3,3,1,0,0,0,0,0,2,0
11039,1989,7,7,0,0,0,0,0,0,1,0
11039,1990,3,3,0,0,0,0,0,0,0,0
11039,1991,5,3,0,0,0,0,2,0,0,0
11039,1992,10,9,5,2,0,0,1,0,0,0
11039,1993,6,4,0,0,0,0,1,0,0,0
11042,2004,2,1,1,1,0,0,0,0,0,1
11049,2012,2,2,0,0,0,0,0,0,0,0
11051,1989,5,5,1,0,0,0,0,0,1,0
11051,1992,4,2,0,0,0,0,1,0,0,0
11051,1993,4,4,0,0,0,0,0,0,0,0
11051,1998,2,2,0,0,0,0,0,0,0,0
11070,1989,2,2,0,0,0,0,0,0,0,0
11079,2007,1,1,0,0,0,0,0,0,0,0
11084,2010,2,2,1,0,0,0,0,0,0,0
11088,1990,1,1,0,0,0,0,0,0,0,0
11090,1990,3,3,2,0,0,0,0,0,0,0
11090,1991,9,8,1,1,0,0,1,0,1,0
11090,1992,3,3,0,0,0,0,0,0,0,0
11090,1993,7,7,0,0,0,0,0,0,2,0
11090,1994,4,4,2,1,0,0,0,0,1,0
11090,1995,3,3,0,0,0,0,0,0,1,0
11090,1997,4,4,1,0,1,0,0,0,1,0
11090,1998,3,3,1,0,0,0,0,0,1,0
11102,2012,2,2,1,0,0,0,0,0,0,0
11111,2010,3,3,1,1,0,0,0,0,0,0
11112,2006,3,3,0,0,0,0,0,0,1,0
11112,2008,1,1,0,0,0,0,0,0,0,0
11128,2012,1,1,0,0,0,0,0,0,0,0
11138,2006,3,3,0,0,0,0,0,0,1,0
11138,2007,3,3,1,0,0,1,0,0,0,0
11141,1997,5,5,2,0,0,0,0,0,0,0
11141,2001,3,2,0,0,0,0,1,0,0,0
11141,2002,8,7,0,0,0,0,0,0,4,1
11141,2004,2,2,2,1,0,0,0,0,0,0
11167,1998,1,1,0,0,0,0,0,0,0,0
11167,1999,4,3,2,2,0,0,1,0,0,0
11167,2001,3,3,1,0,0,0,0,0,0,0
11167,2004,2,2,1,0,1,0,0,0,0,0
11172,1995,1,1,1,1,0,0,0,0,0,0
11172,1997,4,4,2,1,0,0,0,0,0,0
11172,1998,1,1,0,0,0,0,0,0,0,0
11172,1999,4,3,1,1,0,0,0,0,0,0
11172,2000,8,7,3,1,0,0,1,0,1,0
11172,2001,9,8,2,0,0,0,0,0,2,0
11172,2002,10,9,2,0,0,1,1,0,1,0
11172,2005,6,5,2,0,0,0,1,0,0,0
11172,2006,3,3,1,1,0,0,0,0,0,0
11172,2007,3,3,2,0,0,0,0,0,1,0
11178,1992,10,10,3,0,0,0,0,0,0,0
11178,1993,10,8,1,0,0,0,2,0,1,0
11192,1999,1,1,0,0,0,0,0,0,0,0
11192,2000,10,10,2,0,0,0,0,0,3,0
11192,2001,6,5,1,0,0,0,1,0,0,0
11204,2011,3,3,0,0,0,0,0,0,0,0
11207,2006,3,3,1,0,0,0,0,0,0,0
11207,2010,1,1,0,0,0,0,0,0,0,0
11215,1998,8,7,3,1,0,0,1,0,0,0
11217,1989,2,2,0,0,0,0,0,0,0,0
11217,1990,3,2,1,0,0,0,0,0,0,0
11217,1997,3,3,1,1,0,0,0,0,1,0
11217,1998,3,2,0,0,0,0,1,0,0,0
11217,2002,1,1,0,0,0,0,0,0,0,0
11218,1993,1,1,0,0,0,0,0,0,0,0
11240,2011,1,1,0,0,0,0,0,0,0,0
11242,2004,3,3,0,0,0,0,0,0,0,0
11244,2010,3,3,1,0,0,0,0,0,1,0
11245,2007,1,1,0,0,0,0,0,0,1,0
11245,2009,2,1,0,0,0,0,1,0,0,0
11247,2000,2,2,1,0,0,0,0,0,0,0
11247,2001,1,0,0,0,0,0,1,0,0,0
11247,2002,1,1,0,0,0,0,0,0,1,0
11249,1989,7,7,0,0,0,0,0,0,1,0
11249,1990,6,6,1,0,0,0,0,0,0,0
11249,1991,3,3,2,0,0,0,0,0,0,0
11249,1992,6,6,1,0,0,0,0,0,1,0
11253,2007,1,1,1,0,0,0,0,0,0,0
11253,2008,1,1,0,0,0,0,0,0,0,0
11256,1989,2,2,1,0,0,0,0,0,0,0
11256,1990,8,7,0,0,0,0,1,0,0,0
11256,1991,6,6,1,0,0,0,0,0,0,0
11256,1992,11,10,2,0,0,0,1,0,3,0
11256,1993,12,11,3,0,0,0,0,1,0,0
11256,1994,8,6,2,1,0,0,1,0,2,0
11256,1995,2,2,0,0,0,0,0,0,0,0
11256,1996,10,8,3,3,0,0,1,0,2,1
11256,1997,3,3,0,0,0,0,0,0,0,0
11256,1998,4,4,1,0,0,0,0,0,0,0
11273,2012,1,0,0,0,0,0,1,0,0,0
11276,1997,1,1,0,0,0,0,0,0,0,0
11276,1998,1,1,0,0,0,0,0,0,0,0
11285,2002,3,3,1,0,0,0,0,0,0,0
11285,2007,3,3,0,0,0,0,0,0,0,0
11285,2008,1,1,1,0,0,0,0,0,0,0
11293,2004,1,1,0,0,0,0,0,0,0,0
11295,1996,1,0,0,0,0,0,0,0,0,1
11295,1997,2,2,1,0,1,0,0,0,1,0
11295,1998,1,1,0,0,0,0,0,0,0,0
11295,1999,1,1,1,0,0,0,0,0,0,0
11324,1991,2,1,0,0,0,0,1,0,0,0
11325,2012,1,1,1,0,0,0,0,0,0,0
11337,2005,1,0,0,0,0,0,1,0,0,0
11337,2010,1,1,0,0,0,0,0,0,0,0
11341,1990,1,1,1,0,0,0,0,0,0,0
11342,1996,6,5,3,1,0,0,1,0,0,0
11342,1997,5,4,0,0,0,0,1,0,0,0
11364,1989,6,5,0,0,0,0,1,0,1,0
11364,1990,5,5,0,0,0,0,0,0,1,0
11364,1991,7,7,1,1,0,0,0,0,3,0
11364,1992,8,8,2,1,0,0,0,0,0,0
11371,1995,3,3,0,0,0,0,0,0,1,0
11371,1997,10,8,1,0,0,0,1,0,0,0
11371,1998,8,6,2,1,0,0,1,0,0,0
11372,2010,1,1,1,0,0,0,0,0,0,0
11377,2007,1,1,0,0,0,0,0,0,0,0
11378,2009,1,1,0,0,0,0,0,0,0,0
11388,1989,1,1,0,0,0,0,0,0,0,0
11388,1990,1,1,0,0,0,0,0,0,0,0
11388,1991,2,2,1,0,0,0,0,0,0,0
11388,1993,1,1,0,0,0,0,0,0,1,0
11388,1994,1,1,0,0,0,0,0,0,0,0
11398,2001,2,1,0,0,0,0,0,0,0,0
11398,2004,1,1,0,0,0,0,0,0,0,0
11398,2010,1,1,0,0,0,0,0,0,0,0
11399,2006,1,1,1,0,1,0,0,0,0,0
11399,2007,1,1,0,0,0,0,0,0,0,0
11424,1996,4,3,0,0,0,0,1,0,0,0
11424,1997,6,5,1,0,0,0,1,0,0,0
11424,1998,11,10,2,0,0,0,1,0,1,0
11424,1999,5,5,4,0,0,0,0,0,0,0
11426,2002,3,2,1,0,0,1,1,0,0,0
11426,2003,6,6,3,1,0,0,0,0,0,0
11431,1995,1,1,1,0,0,0,0,0,0,0
11431,1996,1,1,1,0,0,0,0,0,0,0
11437,2006,4,3,0,0,0,0,1,0,1,0
11445,2009,2,1,0,0,0,0,1,0,0,0
11460,2004,1,1,0,0,0,0,0,0,0,0
11460,2009,1,1,0,0,0,0,0,0,0,0
11470,2002,1,1,0,0,0,0,0,0,0,0
11473,1989,4,4,0,0,0,0,0,0,0,0
11474,2002,2,1,0,0,0,0,1,0,0,0
11476,1989,3,3,0,0,0,0,0,0,1,0
11484,2009,2,1,0,0,0,0,1,0,1,0
11489,1992,1,1,0,0,0,0,0,0,0,0
11489,1993,1,1,1,0,0,0,0,0,0,0
11489,1994,1,1,1,0,0,0,0,0,0,0
11489,1995,2,2,0,0,0,0,0,0,0,0
11489,1996,2,1,0,0,0,0,1,0,0,0
11489,1997,3,3,1,0,0,0,0,0,0,0
11489,1998,2,1,1,0,0,0,1,0,0,0
11489,2001,1,1,0,0,0,0,0,0,0,0
11489,2003,1,1,0,0,0,0,0,0,0,0
11501,2009,1,1,0,0,0,0,0,0,0,0
11506,2001,1,1,0,0,0,0,0,0,0,0
11513,2003,1,0,0,0,0,0,1,0,0,0
11522,1997,4,3,1,0,0,0,1,0,0,0
11522,1999,4,3,2,0,0,0,1,0,0,0
11522,2000,3,2,1,0,0,0,1,0,0,0
11522,2006,2,2,0,0,0,0,0,0,1,0
11522,2007,10,9,2,0,0,0,1,0,0,0
11522,2009,3,3,0,0,0,0,0,0,0,0
11544,1995,3,3,0,0,0,0,0,0,1,0
11558,1995,6,5,2,1,0,0,1,0,0,0
11558,1997,2,2,1,0,0,0,0,0,0,0
11558,2006,3,2,0,0,0,0,1,0,0,0
11558,2007,1,1,0,0,0,0,0,0,1,0
11568,2003,1,1,0,0,0,0,0,0,0,0
11568,2007,2,1,0,0,0,0,0,0,1,0
11577,1999,3,2,1,0,0,0,1,0,0,0
11577,2000,5,5,1,1,0,0,0,0,1,0
11577,2002,3,3,1,0,0,1,0,0,0,0
11577,2004,3,3,1,0,0,0,0,0,1,0
11577,2005,3,3,0,0,0,0,0,0,0,0
11577,2006,6,6,2,0,0,0,0,0,0,0
11603,1994,1,1,0,0,0,0,0,0,0,0
11603,1997,2,2,1,0,0,0,0,0,0,0
11606,1993,3,2,2,0,1,0,0,1,0,0
11606,1994,1,1,0,0,0,0,0,0,0,0
11606,1995,6,5,2,0,0,0,1,0,0,0
11606,1996,2,2,1,1,0,0,0,0,1,0
11606,1997,3,3,1,0,0,0,0,0,0,0
11606,1999,3,3,1,0,0,0,0,0,0,0
11606,2000,4,4,1,0,0,0,0,0,0,0
11607,2008,1,1,0,0,0,0,0,0,1,0
11607,2011,1,1,0,0,0,0,0,0,0,0
11616,1993,3,3,1,1,0,0,0,0,0,0
11617,2005,1,1,1,1,0,0,0,0,0,0
11617,2007,3,3,0,0,0,0,0,0,1,0
11635,1989,2,1,1,0,0,0,1,0,0,0
11642,2006,1,1,0,0,0,0,0,0,1,0
11642,2007,1,1,0,0,0,0,0,0,0,0
11663,2012,1,1,0,0,0,0,0,0,0,0
11684,2003,1,1,0,0,0,0,0,0,0,0
11684,2004,1,0,0,0,0,0,1,0,0,0
11710,2001,2,2,0,0,0,0,0,0,0,0
11710,2002,7,5,3,1,0,1,2,0,0,0
11710,2005,1,1,0,0,0,0,0,0,0,0
11716,2012,1,1,0,0,0,0,0,0,0,0
11719,2010,1,1,0,0,0,0,0,0,0,0
11732,1993,3,2,1,0,0,0,0,0,0,0
11735,1992,2,2,0,0,0,0,0,0,0,0
11735,1993,2,2,1,0,0,0,0,0,1,0
11735,1996,2,2,1,1,0,0,0,0,0,0
11746,2005,5,4,0,0,0,0,0,0,0,0
11746,2006,2,2,1,0,0,0,0,0,0,0
11746,2007,2,2,2,1,0,0,0,0,0,0
11746,2010,1,1,0,0,0,0,0,0,0,0
11746,2012,1,1,1,0,0,0,0,0,0,0
11756,2007,6,3,0,0,0,0,2,0,0,0
11756,2010,1,0,0,0,0,0,1,0,0,0
11758,1995,2,1,0,0,0,0,1,0,0,0
11760,2002,4,4,0,0,0,0,0,0,1,0
11763,1995,4,4,1,1,0,0,0,0,0,0
11763,1996,2,1,1,0,0,0,1,0,0,0
11763,2002,1,1,0,0,0,0,0,0,0,0
11763,2003,4,3,1,0,0,0,1,0,0,0
11763,2004,4,4,2,1,0,0,0,0,0,0
11768,2005,9,8,3,0,0,0,1,0,2,0
11768,2006,5,4,3,1,0,0,1,0,1,0
11768,2007,5,5,3,1,0,0,0,0,0,0
11773,2009,3,3,2,0,0,0,0,0,0,0
11786,2009,1,0,0,0,0,0,1,0,0,0
11786,2011,1,1,1,0,0,0,0,0,0,0
11801,2002,4,3,0,0,0,0,1,0,1,0
11801,2004,5,5,3,0,0,0,0,0,0,0
11801,2005,10,7,5,1,0,0,2,0,0,0
11801,2010,3,2,1,0,0,0,0,0,0,1
11806,2012,1,1,0,0,0,0,0,0,0,0
11822,1999,2,1,0,0,0,0,1,0,0,0
11822,2000,3,3,1,0,0,0,0,0,0,0
11822,2001,3,3,0,0,0,0,0,0,0,0
11837,2000,1,1,0,0,0,0,0,0,0,0
11838,1990,2,2,1,0,0,0,0,0,0,0
11838,1996,1,1,0,0,0,0,0,0,0,0
11838,1997,1,1,0,0,0,0,0,0,1,0
11841,2008,3,3,0,0,0,0,0,0,0,0
11841,2009,4,4,2,0,0,0,0,0,0,0
11841,2010,3,3,1,0,0,0,0,0,1,0
11841,2011,3,3,0,0,0,0,0,0,0,0
11841,2012,4,4,0,0,0,0,0,0,1,0
11863,2011,3,3,0,0,0,0,0,0,2,0
11873,2005,2,1,0,0,0,0,1,0,0,0
11873,2007,2,2,0,0,0,0,0,0,0,0
11875,1996,1,1,0,0,0,0,0,0,1,0
11875,1997,1,1,1,0,0,0,0,0,0,0
11875,1999,3,3,1,0,0,0,0,0,1,0
11875,2000,4,4,0,0,0,0,0,0,1,0
11875,2004,3,2,1,1,0,0,1,0,0,0
11884,1989,4,3,0,0,0,0,0,0,2,0
11884,1992,4,3,1,0,0,0,0,0,0,0
11884,1993,8,8,2,1,0,0,0,0,3,0
11884,1996,2,1,0,0,0,0,0,1,0,0
11895,2000,1,1,0,0,0,0,0,0,0,0
11895,2006,3,2,1,0,0,0,1,0,0,0
11895,2007,2,2,0,0,0,0,0,0,0,0
11895,2008,2,2,2,0,0,0,0,0,0,0
11899,2005,1,1,1,0,0,0,0,0,0,0
11908,1995,4,4,0,0,0,0,0,0,0,0
11908,1996,2,2,0,0,0,0,0,0,1,0
11908,1997,1,0,0,0,0,0,0,0,0,0
11913,2002,1,1,1,1,0,0,0,0,0,0
11922,2008,3,3,0,0,0,0,0,0,0,0
11922,2011,1,1,0,0,0,0,0,0,0,0
11927,2004,3,2,0,0,0,0,1,0,0,0
11927,2008,2,2,0,0,0,0,0,0,0,0
11929,1999,1,1,0,0,0,0,0,0,0,0
11929,2001,1,1,0,0,0,0,0,0,1,0
11929,2005,2,2,0,0,0,0,0,0,0,0
11929,2006,3,3,1,0,0,0,0,0,0,0
11929,2007,2,2,0,0,0,0,0,0,0,0
11934,1996,3,3,1,1,0,0,0,0,0,0
11937,2005,1,1,0,0,0,0,0,0,1,0
11937,2006,1,1,1,0,0,0,0,0,0,0
11942,2006,2,1,1,0,0,0,1,0,0,0
11949,1995,7,6,2,0,0,0,1,0,1,0
11949,1996,6,6,3,1,0,0,0,0,0,0
11949,1997,3,3,1,0,0,0,0,0,1,0
11949,1998,14,13,3,2,0,0,1,0,1,0
11949,1999,7,7,4,0,0,0,0,0,2,0
11949,2000,4,4,0,0,0,0,0,0,2,0
11949,2001,3,3,1,0,0,0,0,0,0,0
11949,2002,8,8,3,0,0,0,0,0,1,0
11949,2004,3,3,2,0,0,0,0,0,0,0
11949,2007,2,2,1,1,0,0,0,0,0,0
11949,2010,1,1,0,0,0,0,0,0,0,0
11949,2011,6,5,1,1,0,0,0,0,0,0
11952,2011,2,0,0,0,0,0,1,0,0,1
11952,2012,1,0,0,0,0,0,1,0,0,0
11965,1997,1,1,0,0,0,0,0,0,0,0
11965,2002,2,2,1,0,0,0,0,0,1,0
11965,2003,2,2,2,0,0,0,0,0,0,0
11965,2004,5,5,3,2,0,0,0,0,0,0
11965,2005,1,1,0,0,0,0,0,0,0,0
11965,2009,1,1,1,0,0,0,0,0,0,0
11973,1996,2,1,0,0,0,0,1,0,0,0
11976,2002,3,3,1,1,0,0,0,0,0,0
11987,2002,1,1,0,0,0,0,0,0,1,0
12002,2006,1,1,1,0,0,0,0,0,0,0
12023,2007,3,3,1,0,0,0,0,0,0,0
12028,1998,1,1,0,0,0,0,0,0,0,0
12028,1999,2,1,0,0,0,0,1,0,0,0
12033,1989,3,2,0,0,0,0,1,0,0,0
12033,1991,5,5,1,0,0,0,0,0,2,0
12033,1992,4,4,2,0,0,0,0,0,2,0
12033,1993,1,1,0,0,0,0,0,0,0,0
12043,1996,1,1,0,0,0,0,0,0,0,0
12053,1996,5,4,1,0,0,0,1,0,1,0
12053,1997,9,9,2,1,0,0,0,0,1,0
12053,1998,4,3,0,0,0,0,1,0,1,0
12053,2004,2,2,1,0,0,0,0,0,0,0
12057,1999,2,2,1,0,0,0,0,0,1,0
12057,2000,2,2,0,0,0,0,0,0,0,0
12057,2001,4,4,1,0,0,0,0,0,0,0
12057,2002,10,9,3,1,0,0,0,0,0,1
12057,2003,8,6,2,0,0,0,2,0,0,0
12057,2004,2,2,0,0,0,0,0,0,0,0
12076,1995,1,1,1,0,0,0,0,0,0,0
12080,1997,3,3,2,0,0,0,0,0,0,0
12080,1998,4,4,3,0,0,0,0,0,0,0
12080,1999,3,2,0,0,0,0,0,0,0,1
12087,1989,2,2,1,1,0,0,0,0,0,0
12089,1998,2,1,0,0,0,0,1,0,0,0
12089,1999,1,0,0,0,0,0,1,0,0,0
12089,2000,1,0,0,0,0,0,0,0,0,0
12089,2001,1,1,0,0,0,0,0,0,0,0
12089,2005,1,1,0,0,0,0,0,0,0,0
12089,2006,2,2,0,0,0,0,0,0,0,0
12091,2000,1,1,0,0,0,0,0,0,0,0
12094,1999,6,5,2,0,0,0,0,0,1,0
12094,2000,5,4,2,0,0,0,0,1,1,0
12094,2001,12,9,2,0,0,0,2,0,0,0
12094,2002,12,10,1,0,0,0,0,1,2,1
12094,2005,18,16,4,0,0,0,1,0,1,0
12094,2006,3,3,0,0,0,0,0,0,1,0
12095,2009,10,8,2,0,1,0,1,0,3,0
12095,2010,4,3,1,0,0,0,0,0,1,0
12099,2003,3,3,0,0,0,0,0,0,0,0
12099,2005,18,15,4,1,0,0,1,0,1,0
12099,2006,14,13,2,0,0,0,0,0,1,1
12099,2007,8,8,2,0,0,0,0,0,0,0
12099,2008,6,6,2,0,0,0,0,0,0,0
12107,2001,1,0,0,0,0,0,1,0,0,0
12107,2002,3,3,0,0,0,0,0,0,0,0
12122,1989,3,3,1,0,0,0,0,0,0,0
12122,1991,5,5,0,0,0,0,0,0,0,0
12122,1992,10,9,2,0,0,0,0,0,1,0
12122,1993,5,5,1,1,0,0,0,0,0,0
12122,1995,2,2,0,0,0,0,0,0,0,0
12127,2010,2,2,2,0,0,0,0,0,0,0
12133,1989,6,6,0,0,0,0,0,0,0,0
12133,1990,3,2,0,0,0,0,0,0,1,1
12133,1991,7,5,1,0,0,0,1,0,0,0
12133,1992,7,5,1,0,0,0,2,0,1,0
12133,1993,3,3,0,0,0,0,0,0,0,0
12141,1995,4,1,0,0,0,0,2,0,0,1
12141,1996,6,5,3,1,0,0,0,0,0,0
12141,1997,1,1,1,0,0,0,0,0,0,0
12141,1998,3,3,1,0,0,0,0,0,2,0
12141,1999,3,3,1,0,0,0,0,0,1,0
12141,2000,1,1,1,1,0,0,0,0,0,0
12141,2001,6,4,0,0,0,0,1,0,1,0
12141,2002,6,5,0,0,0,0,1,0,2,0
12143,1989,2,2,0,0,0,0,0,0,1,0
12143,1990,4,4,0,0,0,0,0,0,0,0
12143,1991,1,1,0,0,0,0,0,0,0,0
12143,1992,2,2,0,0,0,0,0,0,0,0
12143,1993,5,4,1,0,0,0,1,0,2,0
12143,1995,3,3,0,0,0,0,0,0,1,0
12143,1996,7,7,0,0,0,0,0,0,0,0
12143,1997,5,5,0,0,0,0,0,0,1,0
12143,1998,4,4,2,0,0,0,0,0,1,0
12143,1999,6,4,3,0,0,1,2,0,1,0
12143,2000,10,8,0,0,0,0,0,0,1,1
12143,2001,3,2,0,0,0,0,0,0,0,0
12143,2002,12,12,1,0,0,0,0,0,1,0
12143,2006,3,3,0,0,0,0,0,0,0,0
12143,2007,2,2,2,0,0,0,0,0,0,0
12146,1999,3,3,1,1,0,0,0,0,1,0
12146,2000,6,4,1,0,0,0,2,0,1,0
12146,2001,2,2,0,0,0,0,0,0,0,0
12146,2006,3,3,1,0,0,0,0,0,1,0
12146,2007,4,3,0,0,0,0,1,0,0,0
12149,2007,3,3,0,0,0,0,0,0,0,0
12157,1995,1,1,0,0,0,0,0,0,0,0
12157,1996,4,3,2,0,0,0,1,0,0,0
12157,1997,2,2,0,0,0,0,0,0,0,0
12163,1993,3,3,0,0,0,0,0,0,0,0
12171,1990,3,3,2,0,0,1,0,0,0,0
12171,1992,2,1,0,0,0,0,1,0,0,0
12172,2010,3,1,0,0,0,0,1,0,1,1
12175,1989,2,2,0,0,0,0,0,0,0,0
12179,1995,1,1,0,0,0,0,0,0,0,0
12179,1996,3,3,1,0,0,1,0,0,1,0
12179,1997,3,3,2,1,0,0,0,0,0,0
12179,1998,1,1,1,0,0,0,0,0,0,0
12179,1999,2,2,1,0,0,0,0,0,0,0
12182,2000,2,2,0,0,0,0,0,0,1,0
12182,2001,1,1,0,0,0,0,0,0,0,0
12182,2005,1,1,0,0,0,0,0,0,0,0
12182,2006,1,1,0,0,0,0,0,0,0,0
12182,2007,1,1,1,1,0,0,0,0,0,0
12192,1998,3,3,1,1,0,0,0,0,1,0
12192,1999,1,1,1,0,0,0,0,0,0,0
12216,1998,1,1,1,0,1,0,0,0,0,0
12216,1999,2,2,0,0,0,0,0,0,0,0
12225,1992,4,4,1,0,0,0,0,0,1,0
12225,1993,3,3,1,0,0,0,0,0,0,0
12225,1995,2,2,0,0,0,0,0,0,0,0
12225,1997,3,3,2,0,0,0,0,0,1,0
12232,1999,2,2,1,1,0,0,0,0,0,0
12232,2000,1,1,0,0,0,0,0,0,1,0
12232,2003,2,2,1,0,1,0,0,0,0,0
12232,2005,2,2,1,0,0,0,0,0,1,0
12232,2007,1,1,0,0,0,0,0,0,0,0
12234,1995,2,2,0,0,0,0,0,0,1,0
12235,2009,2,2,0,0,0,0,0,0,1,0
12242,1993,3,3,0,0,0,0,0,0,1,0
12242,1994,1,1,1,0,0,0,0,0,0,0
12242,1995,1,1,0,0,0,0,0,0,0,0
12242,1996,5,4,2,0,0,0,0,0,0,0
12242,1997,5,5,0,0,0,0,0,0,2,0
12242,1998,1,1,1,0,0,0,0,0,0,0
12242,2005,1,0,0,0,0,0,1,0,0,0
12242,2006,1,1,1,0,0,0,0,0,0,0
12242,2007,5,5,1,1,0,0,0,0,0,0
12246,1992,1,1,1,0,0,0,0,0,0,0
12246,1993,2,2,0,0,0,0,0,0,0,0
12258,2002,1,0,0,0,0,0,1,0,0,0
12280,1997,1,1,0,0,0,0,0,0,0,0
12280,1999,1,1,0,0,0,0,0,0,0,0
12288,1996,7,5,2,0,0,0,1,0,0,0
12288,1997,1,1,0,0,0,0,0,0,0,0
12288,1999,1,1,0,0,0,0,0,0,0,0
12297,1991,2,2,0,0,0,0,0,0,1,0
12297,1992,1,1,0,0,0,0,0,0,0,0
12297,1993,2,1,0,0,0,0,1,0,0,0
12297,1994,2,2,1,0,0,0,0,0,0,0
12302,2005,6,4,1,1,0,0,1,0,1,0
12303,2004,3,2,1,0,0,0,0,1,1,0
12303,2005,6,5,0,0,0,0,1,0,1,0
12303,2006,4,4,0,0,0,0,0,0,1,0
12303,2007,4,3,2,0,0,0,1,0,0,0
12312,1989,2,2,0,0,0,0,0,0,0,0
12313,1989,3,3,2,0,0,0,0,0,0,0
12321,2005,4,3,0,0,0,0,1,0,0,0
12321,2012,3,3,1,0,0,0,0,0,0,0
12334,1989,1,1,0,0,0,0,0,0,0,0
12334,1990,1,1,0,0,0,0,0,0,1,0
12334,1991,2,2,0,0,0,0,0,0,0,0
12334,1993,4,3,1,0,0,0,1,0,1,0
12334,1994,3,3,2,0,0,0,0,0,0,0
12335,1997,1,1,0,0,0,0,0,0,1,0
12335,1999,1,1,0,0,0,0,0,0,0,0
12335,2001,2,2,1,0,0,0,0,0,0,0
12351,1999,2,2,1,0,0,1,0,0,0,0
12351,2000,3,2,1,0,0,1,1,0,0,0
12351,2006,1,1,0,0,0,0,0,0,0,0
12358,1994,1,1,0,0,0,0,0,0,0,0
12358,1995,2,1,0,0,0,0,1,0,0,0
12358,1997,5,4,3,0,0,0,1,0,0,0
12358,1998,12,10,4,0,0,1,2,0,3,0
12358,2005,10,10,4,0,0,0,0,0,1,0
12358,2006,11,10,2,0,0,0,1,0,0,0
12358,2007,3,3,1,0,0,0,0,0,1,0
12362,2009,1,1,0,0,0,0,0,0,0,0
12369,2012,2,1,0,0,0,0,1,0,0,0
12385,2000,1,1,1,0,0,0,0,0,0,0
12385,2001,4,4,1,0,0,0,0,0,0,0
12385,2002,2,2,1,0,0,0,0,0,0,0
12385,2003,1,1,0,0,0,0,0,0,0,0
12391,2000,3,3,0,0,0,0,0,0,0,0
12391,2001,3,3,1,1,0,0,0,0,1,0
12391,2002,8,7,1,0,0,0,0,0,0,0
12391,2004,7,6,2,0,1,0,0,0,2,0
12397,1998,1,1,0,0,0,0,0,0,1,0
12408,2001,1,1,0,0,0,0,0,0,0,0
12433,2000,4,3,0,0,0,0,1,0,0,0
12433,2006,1,1,0,0,0,0,0,0,0,0
12437,1999,10,10,3,1,0,0,0,0,0,0
12437,2000,4,4,1,0,0,0,0,0,0,0
12437,2001,1,1,1,0,0,0,0,0,0,0
12437,2005,2,2,0,0,0,0,0,0,0,0
12442,1989,2,1,0,0,0,0,1,0,1,0
12442,1990,4,3,0,0,0,0,1,0,1,0
12442,1991,3,1,0,0,0,0,2,0,0,0
12442,1992,4,4,0,0,0,0,0,0,1,0
12442,1993,10,9,2,0,0,0,1,0,1,0
12442,1996,8,5,2,0,0,0,2,0,0,0
12442,1997,6,6,3,0,0,0,0,0,0,0
12442,1998,5,5,2,0,0,0,0,0,0,0
12442,1999,6,5,1,0,0,0,1,0,0,0
12445,1989,6,6,1,0,0,0,0,0,1,0
12445,1990,5,5,1,0,0,0,0,0,1,0
12445,1993,7,6,1,0,0,0,1,0,1,0
12453,1995,1,1,0,0,0,0,0,0,0,0
12455,1996,2,2,0,0,0,0,0,0,0,0
12455,1997,5,5,2,0,1,0,0,0,1,0
12460,2002,3,3,2,0,0,0,0,0,0,0
12460,2005,4,4,3,1,0,0,0,0,1,0
12460,2007,3,3,0,0,0,0,0,0,0,0
12460,2008,5,4,0,0,0,0,1,0,0,0
12460,2012,3,3,2,0,0,0,0,0,1,0
12474,1998,4,2,0,0,0,0,1,0,1,0
12476,2010,1,1,0,0,0,0,0,0,0,0
12476,2011,1,1,0,0,0,0,0,0,0,0
12492,2007,1,0,0,0,0,0,1,0,0,0
12492,2009,1,1,0,0,0,0,0,0,1,0
12492,2010,1,0,0,0,0,0,1,0,0,0
12494,2004,9,9,3,0,0,0,0,0,2,0
12497,1999,3,2,0,0,0,0,1,0,0,0
12497,2000,2,2,0,0,0,0,0,0,0,0
12497,2002,1,1,1,1,0,0,0,0,0,0
12513,1998,7,6,1,0,0,0,1,0,0,0
12513,1999,2,2,2,0,0,0,0,0,0,0
12513,2005,1,1,0,0,0,0,0,0,0,0
12522,2001,6,5,0,0,0,0,1,0,1,0
12522,2002,9,8,3,0,0,0,0,0,1,0
12522,2003,3,2,0,0,0,0,1,0,0,0
12526,2005,11,5,1,0,0,0,6,0,1,0
12526,2009,1,1,0,0,0,0,0,0,0,0
12526,2010,1,1,0,0,0,0,0,0,0,0
12537,2009,1,1,0,0,0,0,0,0,0,0
12540,2005,2,2,0,0,0,0,0,0,0,0
12540,2006,1,1,1,0,1,0,0,0,0,0
12540,2007,1,1,1,0,0,0,0,0,0,0
12540,2009,2,1,0,0,0,0,1,0,0,0
12540,2011,1,1,0,0,0,0,0,0,1,0
12541,2000,1,0,0,0,0,0,1,0,0,0
12541,2001,3,3,0,0,0,0,0,0,0,0
12541,2002,1,1,1,0,0,0,0,0,0,0
12541,2003,1,0,0,0,0,0,0,0,0,1
12541,2005,1,1,0,0,0,0,0,0,0,0
12550,2005,1,0,0,0,0,0,1,0,0,0
12551,2008,1,0,0,0,0,0,1,0,0,0
12557,1997,3,3,1,0,0,1,0,0,0,0
12557,1998,3,3,0,0,0,0,0,0,1,0
12557,1999,1,1,0,0,0,0,0,0,0,0
12557,2000,1,1,0,0,0,0,0,0,0,0
12557,2001,1,1,1,0,0,0,0,0,0,0
12557,2003,1,1,0,0,0,0,0,0,0,0
12557,2004,5,4,2,0,0,0,1,0,0,0
12563,1999,2,1,1,1,0,0,1,0,0,0
12568,2004,1,1,1,0,0,0,0,0,0,0
12568,2006,1,1,0,0,0,0,0,0,1,0
12575,1989,1,1,1,0,0,0,0,0,0,0
12582,1991,4,4,1,0,0,0,0,0,0,0
12590,2007,3,2,0,0,0,0,1,0,0,0
12595,1990,2,2,1,0,0,0,0,0,0,0
12595,1991,3,3,0,0,0,0,0,0,0,0
12595,1992,2,2,0,0,0,0,0,0,0,0
12596,1993,2,2,1,1,0,0,0,0,0,0
12597,2006,6,6,2,0,0,0,0,0,0,0
12597,2007,12,12,3,0,1,0,0,0,0,0
12597,2008,3,3,1,0,0,0,0,0,2,0
12617,1989,2,1,0,0,0,0,0,0,0,0
12617,1992,5,3,0,0,0,0,2,0,0,0
12617,1993,5,4,2,1,0,0,1,0,1,0
12630,2007,2,2,1,0,0,0,0,0,0,0
12633,2005,8,7,3,1,0,0,0,0,1,0
12633,2006,4,4,0,0,0,0,0,0,1,0
12633,2007,3,2,0,0,0,0,1,0,0,0
12633,2010,1,1,0,0,0,0,0,0,0,0
12633,2011,4,4,1,0,0,0,0,0,0,0
12656,2009,1,1,1,1,0,0,0,0,0,0
12661,1999,1,1,0,0,0,0,0,0,0,0
12661,2000,1,1,0,0,0,0,0,0,1,0
12671,2000,3,2,0,0,0,0,1,0,2,0
12671,2001,4,4,2,0,0,0,0,0,1,0
12671,2004,7,7,0,0,0,0,0,0,1,0
