1,1975,7,7,0,0,0,0,0,0,1,0
55,1977,4,3,1,0,0,0,1,0,1,0
64,1983,5,4,2,1,0,0,0,1,1,0
75,1986,4,4,0,0,0,0,0,0,1,0
102,1977,4,4,0,0,0,0,0,0,1,0
102,1981,3,2,2,0,0,1,1,0,0,0
102,1984,4,2,0,0,0,0,2,0,2,0
103,1981,3,3,0,0,0,0,0,0,0,0
153,1986,2,2,1,0,0,0,0,0,0,0
153,1987,2,2,1,0,0,0,0,0,0,0
153,1988,5,4,1,0,0,0,0,1,0,0
153,1989,3,3,0,0,0,0,0,0,0,0
160,1970,4,4,1,0,0,0,0,0,0,0
160,1971,7,7,2,0,0,0,0,0,1,0
160,1972,5,5,1,0,0,0,0,0,1,0
164,1972,10,9,4,0,0,2,1,0,4,0
164,1973,8,6,1,0,0,0,2,0,2,0
164,1974,7,6,2,1,0,0,1,0,2,0
165,1983,3,3,0,0,0,0,0,0,0,0
168,1972,2,2,0,0,0,0,0,0,1,0
184,1989,3,3,2,1,0,0,0,0,1,0
189,1979,6,5,1,0,0,1,1,0,0,0
189,1980,2,2,0,0,0,0,0,0,0,0
189,1981,3,3,0,0,0,0,0,0,1,0
189,1984,2,2,0,0,0,0,0,0,0,0
196,1992,3,2,1,0,1,0,1,0,0,0
197,1990,6,5,2,1,0,0,1,0,1,0
197,1992,2,2,1,1,0,0,0,0,0,0
198,1970,10,9,0,0,0,0,1,0,3,0
198,1971,17,17,4,0,0,0,0,0,1,0
198,1972,11,10,0,0,0,0,1,0,3,0
198,1973,16,14,3,0,0,0,0,0,3,0
198,1974,4,3,0,0,0,0,1,0,1,0
198,1975,2,2,0,0,0,0,0,0,0,0
198,1976,4,3,0,0,0,0,1,0,2,0
201,1971,9,9,4,1,0,0,0,0,2,0
201,1972,5,5,2,0,1,0,0,0,1,0
202,1973,1,1,0,0,0,0,0,0,1,0
202,1974,1,1,1,0,0,0,0,0,0,0
204,1972,9,9,3,1,0,0,0,0,1,0
204,1973,7,7,2,0,0,0,0,0,2,0
230,1971,6,6,2,0,0,0,0,0,0,0
230,1972,7,7,2,0,0,0,0,0,1,0
230,1974,4,4,0,0,0,0,0,0,1,0
260,1988,4,4,0,0,0,0,0,0,1,0
260,1989,3,3,0,0,0,0,0,0,1,0
260,1992,6,6,2,0,0,0,0,0,1,0
274,1971,5,5,2,1,0,0,0,0,0,0
279,1981,6,5,2,0,0,0,1,0,2,0
310,1970,11,10,0,0,0,0,1,0,4,0
310,1971,5,4,2,0,0,0,1,0,0,0
310,1972,8,7,2,1,0,0,1,0,0,0
328,1970,4,4,0,0,0,0,0,0,1,0
328,1971,10,10,3,1,0,0,0,0,1,0
328,1973,3,2,0,0,0,0,0,0,0,1
363,1981,4,4,1,1,0,0,0,0,1,0
363,1983,4,3,0,0,0,0,1,0,0,0
363,1984,7,7,5,1,0,0,0,0,0,0
363,1985,9,9,4,0,0,0,0,0,2,0
396,1973,3,2,0,0,0,0,1,0,1,0
396,1975,6,6,1,0,0,0,0,0,1,0
396,1976,7,5,1,0,0,0,2,0,0,0
396,1977,8,8,0,0,0,0,0,0,0,0
396,1979,6,4,0,0,0,0,2,0,0,0
396,1980,4,4,0,0,0,0,0,0,1,0
426,1971,7,7,2,0,0,0,0,0,1,0
426,1972,12,11,1,0,0,0,1,0,0,0
426,1981,3,3,0,0,0,0,0,0,2,0
431,1977,4,3,0,0,0,0,1,0,1,0
465,1970,4,4,0,0,0,0,0,0,0,0
474,1989,10,9,2,1,0,0,1,0,2,0
483,1990,1,1,1,0,0,0,0,0,0,0
483,1992,6,5,1,0,0,0,0,0,1,1
487,1977,5,5,0,0,0,0,0,0,1,0
493,1971,2,2,1,0,0,0,0,0,0,0
493,1972,4,4,0,0,0,0,0,0,1,0
495,1977,4,4,1,0,0,0,0,0,0,0
508,1981,4,4,0,0,0,0,0,0,1,0
508,1983,10,9,3,1,0,0,1,0,5,0
508,1984,10,10,3,0,1,0,0,0,1,0
508,1985,19,18,5,0,0,0,1,0,6,0
508,1986,6,5,0,0,0,0,1,0,0,0
508,1987,8,7,1,0,0,0,1,0,1,0
508,1988,9,9,2,0,0,0,0,0,1,0
508,1989,6,5,1,0,0,0,1,0,0,0
508,1990,3,3,2,0,0,1,0,0,0,0
508,1992,3,3,1,0,0,0,0,0,0,0
515,1984,3,1,0,0,0,0,0,0,1,0
516,1978,4,4,2,0,0,1,0,0,0,0
516,1979,10,8,0,0,0,0,2,0,2,0
516,1980,7,7,2,0,0,0,0,0,2,0
516,1985,4,2,0,0,0,0,2,0,0,0
516,1986,3,3,0,0,0,0,0,0,0,0
520,1970,3,2,0,0,0,0,1,0,2,0
520,1973,4,4,0,0,0,0,0,0,1,0
521,1971,9,9,2,0,0,0,0,0,1,0
533,1974,2,2,1,0,0,0,0,0,1,0
534,1984,14,10,2,0,0,2,3,1,3,0
534,1985,8,7,2,0,0,1,0,1,3,0
534,1986,11,8,1,1,0,0,2,0,3,1
534,1987,6,6,0,0,0,0,0,0,3,0
534,1988,3,3,0,0,0,0,0,0,1,0
537,1975,3,3,0,0,0,0,0,0,1,0
558,1986,3,3,0,0,0,0,0,0,0,0
558,1987,5,4,2,0,0,1,1,0,0,0
558,1988,3,2,0,0,0,0,0,0,0,0
560,1970,2,2,1,0,0,0,0,0,0,0
560,1971,12,9,1,0,0,0,1,0,1,1
560,1972,22,22,6,2,0,0,0,0,3,0
560,1973,19,19,2,1,0,0,0,0,1,0
560,1974,14,10,2,0,0,0,3,0,2,1
560,1975,8,7,0,0,0,0,1,0,4,0
560,1976,8,7,1,0,0,0,1,0,1,0
560,1977,8,8,3,0,0,0,0,0,2,0
573,1976,8,7,1,0,0,0,1,0,2,0
573,1977,10,8,1,0,0,0,2,0,0,0
575,1978,2,2,0,0,0,0,0,0,0,0
596,1984,2,2,1,1,0,0,0,0,0,0
596,1985,6,6,1,1,0,0,0,0,3,0
596,1986,10,10,5,1,0,1,0,0,4,0
596,1987,8,8,4,1,0,0,0,0,4,0
596,1988,2,2,1,0,0,0,0,0,0,0
596,1989,9,8,0,0,0,0,1,0,1,0
596,1990,2,2,1,1,0,0,0,0,1,0
649,1978,1,1,0,0,0,0,0,0,1,0
654,1984,6,6,2,0,0,0,0,0,1,0
654,1985,8,7,1,0,0,0,0,0,2,0
654,1987,4,4,2,1,0,0,0,0,1,0
654,1988,7,6,4,0,0,1,0,1,0,0
654,1989,5,5,2,0,0,0,0,0,0,0
684,1982,2,1,0,0,0,0,1,0,0,0
728,1972,4,3,1,0,0,0,1,0,2,0
728,1974,7,7,1,1,0,0,0,0,2,0
728,1975,4,3,0,0,0,0,1,0,1,0
728,1976,13,12,2,0,0,1,0,0,1,1
728,1977,6,5,1,0,0,0,0,1,1,0
728,1981,12,12,4,1,0,0,0,0,0,0
728,1983,2,2,2,0,0,1,0,0,0,0
728,1984,3,3,0,0,0,0,0,0,0,0
728,1985,3,3,1,1,0,0,0,0,1,0
728,1987,4,4,1,1,0,0,0,0,1,0
728,1988,12,11,2,0,0,1,0,1,2,0
734,1978,11,8,2,0,0,0,2,0,0,0
788,1970,2,2,0,0,0,0,0,0,0,0
788,1971,7,7,3,1,0,0,0,0,0,0
788,1972,9,7,3,1,0,0,2,0,1,0
788,1973,6,5,3,1,0,0,1,0,1,0
788,1974,10,10,3,0,0,0,0,0,3,0
788,1975,5,5,0,0,0,0,0,0,0,0
788,1976,9,6,3,0,0,0,3,0,0,0
788,1977,12,10,3,0,0,0,2,0,2,0
800,1972,2,2,2,1,0,0,0,0,0,0
800,1973,9,9,3,0,0,0,0,0,0,0
800,1974,7,6,1,1,0,0,1,0,1,0
800,1975,4,4,1,1,0,0,0,0,2,0
800,1976,12,12,4,1,1,0,0,0,0,0
800,1977,11,11,0,0,0,0,0,0,2,0
800,1981,4,3,1,0,0,0,1,0,0,0
800,1982,4,4,1,1,0,0,0,0,1,0
800,1983,5,5,3,1,0,0,0,0,1,0
800,1984,7,6,2,0,0,1,1,0,1,0
800,1985,12,10,2,0,0,0,2,0,1,0
809,1981,1,1,1,0,0,0,0,0,0,0
809,1984,7,7,1,0,0,0,0,0,0,0
809,1985,10,10,3,0,0,1,0,0,1,0
809,1986,11,9,4,0,1,2,2,0,1,0
809,1987,8,7,6,2,0,0,1,0,0,0
809,1988,3,2,0,0,0,0,1,0,0,0
809,1989,7,6,0,0,0,0,0,0,0,1
809,1990,4,3,0,0,0,0,1,0,1,0
809,1992,3,3,3,0,0,0,0,0,0,0
813,1986,3,3,1,0,0,1,0,0,2,0
813,1988,6,6,1,0,0,0,0,0,3,0
814,1989,7,6,1,0,1,0,0,1,2,0
814,1992,6,5,1,0,0,0,1,0,1,0
819,1976,7,6,2,0,0,0,0,0,1,0
835,1992,2,2,0,0,0,0,0,0,0,0
843,1978,3,3,0,0,0,0,0,0,0,0
843,1979,3,3,1,1,0,0,0,0,0,0
843,1980,9,7,2,0,0,1,1,0,2,1
847,1980,6,5,1,0,1,0,1,0,1,0
850,1972,3,3,0,0,0,0,0,0,0,0
850,1974,3,2,1,0,0,0,0,0,1,0
850,1975,2,2,1,0,0,0,0,0,0,0
850,1976,4,4,2,0,0,0,0,0,0,0
850,1983,6,5,2,1,0,0,0,0,1,0
850,1985,11,10,2,1,0,0,1,0,1,0
850,1986,4,3,3,1,0,0,1,0,0,0
867,1987,4,4,0,0,0,0,0,0,4,0
867,1988,7,6,2,0,0,0,0,0,1,0
877,1980,2,2,0,0,0,0,0,0,0,0
877,1984,10,8,2,0,0,0,2,0,1,0
877,1986,3,3,0,0,0,0,0,0,0,0
877,1987,4,3,2,1,0,1,1,0,0,0
877,1988,2,2,0,0,0,0,0,0,1,0
877,1989,12,11,3,0,0,0,1,0,2,0
877,1990,2,2,2,1,0,0,0,0,0,0
877,1992,2,2,0,0,0,0,0,0,0,0
894,1977,4,3,2,0,0,0,0,0,0,0
896,1979,1,1,0,0,0,0,0,0,1,0
896,1980,7,7,3,0,0,1,0,0,3,0
896,1981,4,3,0,0,0,0,1,0,2,0
896,1983,7,5,0,0,0,0,1,0,2,0
896,1985,7,7,0,0,0,0,0,0,3,0
896,1986,3,3,0,0,0,0,0,0,0,0
896,1987,10,9,5,0,0,1,1,0,2,0
901,1985,3,3,1,0,0,0,0,0,1,0
905,1970,6,6,0,0,0,0,0,0,1,0
905,1971,3,3,1,1,0,0,0,0,0,0
905,1972,8,8,3,0,1,0,0,0,1,0
905,1973,14,14,2,0,0,0,0,0,2,0
905,1974,4,4,2,0,1,0,0,0,0,0
931,1971,2,2,0,0,0,0,0,0,2,0
931,1973,7,6,1,0,1,0,0,0,0,1
931,1974,1,1,0,0,0,0,0,0,0,0
931,1975,4,3,1,0,0,0,1,0,1,0
931,1980,1,1,0,0,0,0,0,0,0,0
935,1984,5,5,0,0,0,0,0,0,4,0
935,1985,8,8,2,0,0,0,0,0,3,0
935,1986,7,6,3,1,0,0,1,0,2,0
935,1987,5,5,0,0,0,0,0,0,2,0
957,1972,6,6,2,0,0,0,0,0,0,0
957,1973,13,10,6,2,0,0,2,0,0,1
957,1978,5,5,2,0,0,0,0,0,1,0
957,1979,6,5,1,0,0,1,1,0,1,0
957,1980,6,6,1,0,0,0,0,0,0,0
963,1972,12,11,4,2,1,0,1,0,1,0
963,1973,3,3,2,1,0,0,0,0,1,0
963,1974,4,4,2,0,0,0,0,0,0,0
991,1974,4,4,0,0,0,0,0,0,1,0
991,1975,2,2,1,1,0,0,0,0,0,0
991,1979,2,0,0,0,0,0,1,0,0,1
991,1980,8,8,1,0,0,0,0,0,1,0
997,1971,8,8,5,0,1,0,0,0,0,0
997,1972,3,3,0,0,0,0,0,0,1,0
997,1973,7,7,0,0,0,0,0,0,2,0
997,1974,4,4,0,0,0,0,0,0,3,0
997,1975,1,0,0,0,0,0,0,0,0,0
997,1976,6,5,1,0,0,0,1,0,0,0
1013,1990,2,2,0,0,0,0,0,0,0,0
1014,1976,8,7,3,0,0,0,1,0,1,0
1014,1977,5,4,0,0,0,0,0,0,0,1
1030,1970,3,3,0,0,0,0,0,0,1,0
1030,1971,9,8,3,0,0,1,1,0,2,0
1030,1972,1,0,0,0,0,0,0,0,0,1
1040,1971,8,8,3,0,0,0,0,0,3,0
1040,1972,8,6,1,0,0,0,2,0,2,0
1040,1973,7,6,1,0,0,0,1,0,0,0
1040,1974,9,8,2,0,0,0,1,0,4,0
1040,1975,4,4,0,0,0,0,0,0,0,0
1045,1990,2,2,1,0,0,0,0,0,1,0
1047,1972,3,3,0,0,0,0,0,0,2,0
1047,1978,2,1,0,0,0,0,0,0,1,0
1047,1980,3,3,0,0,0,0,0,0,3,0
1055,1974,7,7,3,0,0,0,0,0,1,0
1055,1975,13,13,6,1,1,0,0,0,1,0
1055,1976,15,11,3,1,0,0,2,0,3,0
1055,1977,7,7,0,0,0,0,0,0,2,0
1055,1981,11,10,3,1,0,0,1,0,1,0
1055,1984,6,5,1,0,0,0,1,0,0,0
1055,1985,8,8,2,1,0,0,0,0,0,0
1055,1986,9,7,2,0,0,1,2,0,1,0
1056,1979,2,1,0,0,0,0,1,0,1,0
1072,1983,4,3,1,0,0,0,1,0,0,0
1072,1984,7,7,1,1,0,0,0,0,1,0
1072,1985,9,9,4,0,0,0,0,0,0,0
1072,1987,8,6,1,0,0,1,2,0,1,0
1072,1988,7,7,1,1,0,0,0,0,0,0
1072,1989,5,5,1,1,0,0,0,0,0,0
1072,1990,3,3,1,0,0,0,0,0,0,0
1072,1992,3,3,1,1,0,0,0,0,0,0
1079,1978,11,8,1,0,0,0,3,0,4,0
1079,1979,3,3,1,1,0,0,0,0,2,0
1083,1970,4,3,1,0,0,0,0,0,2,0
1094,1975,12,12,4,0,0,0,0,0,3,0
1094,1976,12,11,3,0,0,0,1,0,6,0
1094,1977,6,6,1,0,0,1,0,0,2,0
1094,1980,2,1,0,0,0,0,1,0,1,0
1099,1979,2,2,0,0,0,0,0,0,1,0
1100,1986,5,4,1,0,1,0,1,0,2,0
1103,1986,6,6,1,1,0,0,0,0,0,0
1107,1979,3,3,0,0,0,0,0,0,2,0
1107,1981,2,2,0,0,0,0,0,0,1,0
1107,1983,2,2,1,0,0,0,0,0,0,0
1107,1984,9,8,3,0,0,0,1,0,1,0
1115,1978,9,9,2,0,1,0,0,0,1,0
1115,1980,7,5,0,0,0,0,1,0,0,0
1115,1983,7,7,3,2,0,0,0,0,0,0
1115,1985,6,6,0,0,0,0,0,0,0,0
1115,1986,3,3,0,0,0,0,0,0,0,0
1115,1987,3,3,1,0,0,0,0,0,0,0
1115,1988,3,3,0,0,0,0,0,0,0,0
1115,1989,11,11,1,0,0,0,0,0,1,0
1128,1992,2,2,1,0,0,0,0,0,0,0
1129,1992,2,2,0,0,0,0,0,0,1,0
1144,1981,3,3,0,0,0,0,0,0,1,0
1148,1977,4,4,0,0,0,0,0,0,3,0
1148,1981,4,4,0,0,0,0,0,0,1,0
1148,1987,2,2,1,0,0,0,0,0,0,0
1149,1972,1,1,0,0,0,0,0,0,1,0
1152,1985,10,9,2,0,0,0,1,0,2,0
1152,1986,4,2,1,0,0,1,1,0,0,0
1152,1987,3,2,1,0,0,1,1,0,0,0
1152,1988,3,3,0,0,0,0,0,0,1,0
1153,1976,3,3,0,0,0,0,0,0,0,0
1153,1977,9,8,2,0,0,1,1,0,4,0
1173,1973,3,2,0,0,0,0,1,0,1,0
1173,1974,1,0,0,0,0,0,1,0,0,0
1179,1978,14,13,4,2,0,0,1,0,3,0
1179,1979,16,13,4,0,0,0,3,0,2,0
1179,1980,7,7,4,1,0,0,0,0,1,0
1220,1972,2,2,1,0,0,0,0,0,1,0
1234,1984,9,9,5,0,1,0,0,0,2,0
1234,1985,12,12,1,1,0,0,0,0,3,0
1234,1986,8,6,4,1,1,0,2,0,0,0
1234,1987,10,9,3,0,0,0,1,0,0,0
1234,1989,7,7,4,0,0,0,0,0,0,0
1234,1990,6,3,1,0,0,0,1,2,1,0
1236,1986,3,3,1,1,0,0,0,0,0,0
1236,1987,10,8,2,0,0,0,1,1,0,0
1236,1988,6,6,3,0,0,0,0,0,0,0
1236,1989,11,10,2,0,0,0,1,0,0,0
1239,1972,2,2,1,0,0,0,0,0,1,0
1242,1987,3,3,0,0,0,0,0,0,1,0
1242,1988,6,5,1,0,0,0,0,1,0,0
1242,1989,6,5,1,0,0,0,0,0,1,1
1249,1986,1,1,0,0,0,0,0,0,1,0
1249,1987,4,3,1,1,0,0,1,0,0,0
1249,1988,6,6,3,0,0,0,0,0,1,0
1249,1989,3,3,1,0,0,0,0,0,0,0
1262,1976,4,4,1,0,0,0,0,0,1,0
1262,1977,8,8,3,1,0,0,0,0,0,0
1291,1973,7,7,0,0,0,0,0,0,2,0
1291,1974,11,11,4,1,0,0,0,0,0,0
1291,1975,14,12,1,0,0,1,1,0,2,1
1291,1976,20,19,6,1,1,0,0,1,4,0
1291,1977,4,4,1,0,0,0,0,0,1,0
1291,1982,3,2,1,0,0,1,1,0,0,0
1291,1984,8,6,3,0,0,0,1,0,0,1
1291,1985,8,5,1,0,0,0,2,1,2,0
1291,1986,7,7,2,1,0,0,0,0,0,0
1291,1987,10,9,0,0,0,0,0,1,0,0
1291,1988,14,14,1,0,0,0,0,0,3,0
1291,1989,11,11,5,1,0,0,0,0,1,0
1291,1990,8,7,2,1,0,0,1,0,0,0
1291,1992,3,3,0,0,0,0,0,0,0,0
1292,1972,2,2,0,0,0,0,0,0,0,0
1312,1975,3,2,2,0,0,0,1,0,0,0
1312,1976,6,6,1,0,0,0,0,0,2,0
1312,1979,3,3,0,0,0,0,0,0,0,0
1317,1971,10,10,2,0,0,0,0,0,5,0
1317,1972,15,14,2,0,0,0,1,0,6,0
1317,1973,8,7,2,0,0,0,1,0,3,0
1317,1974,8,7,2,0,0,0,1,0,2,0
1317,1975,1,0,0,0,0,0,1,0,0,0
1319,1989,12,12,1,0,0,0,0,0,4,0
1319,1990,2,2,0,0,0,0,0,0,1,0
1322,1972,2,2,0,0,0,0,0,0,0,0
1322,1973,5,5,1,0,0,0,0,0,2,0
1323,1970,7,6,2,0,0,0,1,0,2,0
1323,1971,6,6,2,0,0,0,0,0,2,0
1323,1972,10,8,0,0,0,0,2,0,1,0
1323,1973,10,9,1,0,0,0,1,0,2,0
1323,1974,8,7,0,0,0,0,1,0,0,0
1341,1972,1,1,0,0,0,0,0,0,0,0
1344,1987,7,7,1,0,0,0,0,0,2,0
1344,1988,7,6,1,0,0,0,1,0,2,0
1344,1990,9,8,2,0,0,0,1,0,1,0
1345,1978,7,7,3,0,0,0,0,0,0,0
1345,1979,3,3,2,0,0,0,0,0,1,0
1351,1972,6,6,2,0,0,2,0,0,1,0
1351,1973,8,7,0,0,0,0,1,0,2,0
1351,1974,9,9,3,0,0,1,0,0,1,0
1351,1975,3,2,1,0,0,1,1,0,1,0
1351,1976,21,20,7,0,0,0,1,0,4,0
1356,1972,5,5,1,0,0,0,0,0,0,0
1361,1983,5,4,1,0,0,0,1,0,0,0
1361,1984,3,1,0,0,0,0,1,0,0,0
1361,1985,1,1,0,0,0,0,0,0,1,0
1361,1986,3,3,0,0,0,0,0,0,1,0
1361,1987,9,9,2,0,0,0,0,0,2,0
1361,1988,2,2,0,0,0,0,0,0,0,0
1375,1987,2,2,0,0,0,0,0,0,0,0
1382,1989,3,3,0,0,0,0,0,0,0,0
1386,1983,3,3,0,0,0,0,0,0,3,0
1393,1970,4,4,0,0,0,0,0,0,1,0
1393,1971,4,4,2,0,0,0,0,0,0,0
1393,1972,7,7,0,0,0,0,0,0,4,0
1393,1973,13,13,7,0,0,0,0,0,1,0
1393,1974,1,1,0,0,0,0,0,0,1,0
1393,1975,1,1,0,0,0,0,0,0,0,0
1397,1987,6,4,0,0,0,0,2,0,1,0
1397,1988,4,3,1,0,0,0,1,0,0,0
1397,1989,12,11,4,0,0,0,1,0,0,0
1397,1990,6,6,2,1,0,0,0,0,0,0
1397,1992,3,2,0,0,0,0,0,0,0,0
1411,1974,1,1,1,0,0,0,0,0,0,0
1420,1972,1,1,0,0,0,0,0,0,0,0
1420,1973,4,4,1,0,0,0,0,0,0,0
1440,1992,3,3,0,0,0,0,0,0,0,0
1450,1989,9,9,1,0,0,0,0,0,1,0
1458,1983,7,7,0,0,0,0,0,0,2,0
1458,1984,9,8,2,0,0,0,1,0,0,0
1458,1990,3,3,0,0,0,0,0,0,2,0
1458,1992,3,2,0,0,0,0,1,0,0,0
1471,1977,1,1,0,0,0,0,0,0,1,0
1483,1978,3,3,1,0,0,0,0,0,0,0
1483,1979,9,9,1,1,0,0,0,0,1,0
1483,1980,14,14,4,0,0,2,0,0,1,0
1483,1984,4,4,1,0,0,0,0,0,0,0
1483,1985,8,8,4,1,0,0,0,0,1,0
1483,1987,6,6,2,1,0,1,0,0,0,0
1483,1988,6,6,1,1,0,0,0,0,0,0
1483,1989,8,8,1,0,0,0,0,0,1,0
1494,1985,6,6,0,0,0,0,0,0,1,0
1494,1986,6,5,1,0,0,1,0,0,0,0
1494,1987,1,1,0,0,0,0,0,0,0,0
1494,1988,9,9,2,0,0,0,0,0,2,0
1494,1990,2,1,0,0,0,0,1,0,0,0
1500,1970,3,3,1,0,0,1,0,0,0,0
1500,1971,9,9,4,0,0,3,0,0,0,0
1500,1972,8,8,3,0,0,1,0,0,4,0
1502,1992,4,4,4,0,0,1,0,0,0,0
1513,1973,9,5,0,0,0,0,2,1,1,1
1513,1974,8,8,0,0,0,0,0,0,3,0
1513,1975,9,8,1,0,0,0,1,0,6,0
1513,1976,5,5,1,0,0,0,0,0,1,0
1513,1977,5,5,1,0,0,0,0,0,3,0
1513,1981,3,3,0,0,0,0,0,0,0,0
1513,1983,6,4,1,1,0,0,2,0,0,0
1513,1984,8,8,0,0,0,0,0,0,0,0
1519,1970,3,2,0,0,0,0,1,0,0,0
1525,1970,11,11,3,0,0,0,0,0,2,0
1525,1972,2,2,0,0,0,0,0,0,0,0
1543,1987,9,9,2,1,0,0,0,0,3,0
1543,1988,3,3,0,0,0,0,0,0,0,0
1543,1989,2,2,0,0,0,0,0,0,0,0
1543,1990,3,3,1,0,0,0,0,0,1,0
1545,1978,2,2,0,0,0,0,0,0,0,0
1555,1975,3,3,1,0,0,0,0,0,0,0
1555,1976,2,1,0,0,0,0,0,1,0,0
1555,1977,3,3,0,0,0,0,0,0,0,0
1555,1981,12,7,3,1,0,1,3,1,1,0
1555,1984,1,1,0,0,0,0,0,0,1,0
1555,1986,12,11,4,1,0,0,1,0,0,0
1555,1987,4,4,1,1,0,0,0,0,0,0
1573,1972,7,7,2,0,0,1,0,0,2,0
1573,1973,8,8,2,0,0,1,0,0,4,0
1573,1974,15,14,1,1,0,0,1,0,6,0
1573,1975,11,11,4,0,0,1,0,0,3,0
1573,1976,3,3,2,0,0,1,0,0,0,0
1573,1978,7,4,0,0,0,0,3,0,1,0
1573,1979,7,5,0,0,0,0,2,0,1,0
1573,1981,10,9,3,1,0,0,1,0,1,0
1573,1982,1,0,0,0,0,0,1,0,0,0
1573,1983,3,1,0,0,0,0,2,0,1,0
1573,1984,1,1,0,0,0,0,0,0,0,0
1577,1978,2,2,1,0,0,0,0,0,0,0
1600,1983,10,9,1,0,0,0,1,0,1,0
1600,1984,10,9,2,0,0,0,0,0,2,1
1600,1989,10,10,3,0,0,0,0,0,3,0
1600,1990,7,7,2,0,0,1,0,0,0,0
1600,1992,2,2,0,0,0,0,0,0,0,0
1610,1985,8,6,3,0,0,0,2,0,0,0
1610,1986,7,7,3,0,0,1,0,0,2,0
1610,1987,14,12,2,0,0,0,2,0,1,0
1640,1978,4,4,2,0,0,0,0,0,0,0
1640,1979,8,8,4,0,0,0,0,0,0,0
1640,1980,2,1,1,0,0,0,1,0,0,0
1640,1983,7,7,4,2,0,0,0,0,1,0
1668,1971,4,4,0,0,0,0,0,0,2,0
1673,1985,4,3,1,1,0,0,1,0,1,0
1673,1986,4,4,1,0,0,0,0,0,0,0
1673,1987,8,8,2,0,1,0,0,0,1,0
1673,1988,3,3,0,0,0,0,0,0,1,0
1673,1989,6,6,1,0,0,1,0,0,1,0
1673,1990,4,4,2,1,0,1,0,0,1,0
1685,1972,7,7,3,1,0,1,0,0,0,0
1685,1973,3,3,0,0,0,0,0,0,0,0
1710,1970,2,2,1,1,0,0,0,0,0,0
1710,1971,20,18,5,0,0,1,2,0,4,0
1710,1972,22,21,3,0,0,0,0,0,6,0
1710,1973,16,16,4,2,0,0,0,0,1,0
1710,1974,15,15,4,0,0,0,0,0,2,0
1710,1975,8,8,1,0,0,0,0,0,2,0
1710,1976,13,9,2,0,0,1,2,0,1,0
1710,1981,7,7,1,0,0,0,0,0,1,0
1745,1986,10,8,4,1,0,0,2,0,0,0
1745,1992,2,2,0,0,0,0,0,0,1,0
1757,1986,8,7,1,0,0,0,1,0,4,0
1757,1987,10,9,2,0,0,1,1,0,3,0
1757,1988,4,3,0,0,0,0,1,0,3,0
1757,1990,3,2,2,0,0,2,0,1,0,0
1757,1992,3,3,0,0,0,0,0,0,2,0
1766,1980,1,0,0,0,0,0,0,0,0,0
1777,1974,7,6,1,0,0,0,1,0,4,0
1777,1975,3,3,0,0,0,0,0,0,2,0
1777,1976,4,3,1,0,0,0,1,0,1,0
1777,1977,3,2,0,0,0,0,1,0,1,0
1782,1971,4,4,1,1,0,0,0,0,1,0
1783,1972,9,8,3,0,0,0,1,0,1,0
1783,1974,1,1,0,0,0,0,0,0,1,0
1787,1976,2,2,0,0,0,0,0,0,0,0
1787,1977,9,8,3,0,0,0,1,0,0,0
1787,1981,12,11,2,0,0,0,1,0,2,0
1787,1983,10,9,3,0,0,0,1,0,1,0
1787,1984,4,4,1,0,0,0,0,0,0,0
1787,1985,16,16,4,1,0,0,0,0,1,0
1797,1978,2,2,0,0,0,0,0,0,1,0
1797,1979,13,11,2,0,0,0,0,1,1,1
1797,1980,3,2,0,0,0,0,0,0,0,1
1832,1992,2,2,0,0,0,0,0,0,0,0
1842,1978,18,15,2,1,0,0,2,0,4,0
1842,1979,12,12,3,0,0,1,0,0,3,0
1842,1980,15,15,6,4,0,0,0,0,0,0
1843,1985,8,8,3,2,0,0,0,0,1,0
1843,1986,7,6,3,0,0,1,0,1,1,0
1843,1987,10,10,1,0,0,0,0,0,4,0
1843,1988,9,9,5,0,0,1,0,0,0,0
1843,1989,10,10,5,1,0,1,0,0,0,0
1843,1992,3,3,1,0,0,0,0,0,1,0
1847,1973,9,9,2,1,0,0,0,0,3,0
1847,1975,4,4,0,0,0,0,0,0,1,0
1847,1976,11,11,3,0,0,0,0,0,2,0
1847,1977,7,7,3,0,0,0,0,0,2,0
1854,1970,4,4,2,1,1,0,0,0,0,0
1854,1971,4,4,1,0,0,1,0,0,0,0
1859,1978,15,14,4,1,0,0,1,0,1,0
1859,1979,5,5,3,1,0,0,0,0,0,0
1859,1980,4,4,1,0,0,0,0,0,0,0
1861,1970,7,4,0,0,0,0,2,1,1,0
1861,1971,7,6,1,0,0,0,1,0,3,0
1861,1972,10,10,4,1,0,1,0,0,1,0
1861,1973,11,8,0,0,0,0,1,2,2,0
1861,1974,7,7,1,0,0,0,0,0,3,0
1880,1989,3,3,0,0,0,0,0,0,1,0
1894,1983,11,9,3,1,0,0,2,0,1,0
1895,1987,5,4,0,0,0,0,0,0,2,1
1895,1988,2,2,1,0,0,0,0,0,0,0
1910,1983,4,4,2,0,1,0,0,0,2,0
1928,1970,6,6,2,0,0,0,0,0,0,0
1928,1971,7,7,2,0,0,1,0,0,1,0
1928,1972,4,3,1,0,0,1,0,0,0,1
1948,1979,7,6,1,0,0,0,1,0,2,0
1948,1980,2,2,1,1,0,0,0,0,1,0
1955,1973,9,8,1,0,0,0,1,0,1,0
1958,1984,3,3,1,0,0,0,0,0,1,0
1958,1986,6,6,1,0,0,1,0,0,1,0
1958,1988,4,4,1,0,0,0,0,0,2,0
1958,1990,2,2,0,0,0,0,0,0,1,0
1967,1978,7,5,1,0,0,0,2,0,2,0
1967,1979,10,8,2,0,0,0,2,0,2,0
1967,1980,6,6,2,1,0,1,0,0,2,0
1975,1973,5,4,0,0,0,0,0,1,0,0
1975,1974,8,8,0,0,0,0,0,0,6,0
1975,1975,15,11,4,0,0,0,3,0,1,1
1975,1976,12,11,2,1,0,0,0,1,1,0
1975,1977,6,6,0,0,0,0,0,0,1,0
1976,1984,5,5,0,0,0,0,0,0,1,0
1979,1971,14,13,5,1,0,0,1,0,1,0
1979,1972,5,5,1,0,0,0,0,0,1,0
1979,1973,8,8,3,0,0,0,0,0,1,0
1979,1974,6,6,1,0,0,0,0,0,1,0
1979,1975,10,9,2,1,0,0,0,0,2,0
1979,1976,12,12,4,1,0,0,0,0,0,0
1979,1977,7,6,1,0,1,0,1,0,0,0
1979,1980,7,7,1,0,0,0,0,0,1,0
1988,1978,7,7,3,1,0,0,0,0,3,0
1988,1979,3,3,0,0,0,0,0,0,1,0
2033,1977,3,3,2,1,0,0,0,0,0,0
2054,1971,3,3,1,0,0,0,0,0,0,0
2103,1986,4,3,0,0,0,0,1,0,0,0
2103,1987,3,3,0,0,0,0,0,0,0,0
2103,1989,6,6,1,1,0,0,0,0,3,0
2110,1970,6,5,2,0,0,1,0,1,1,0
2110,1971,12,11,1,0,0,0,1,0,1,0
2110,1972,8,8,2,0,0,0,0,0,2,0
2110,1973,9,9,4,0,0,0,0,0,0,0
2111,1978,10,7,2,1,0,0,1,2,3,0
2111,1979,7,7,3,1,0,1,0,0,3,0
2111,1980,8,8,3,1,0,1,0,0,0,0
2111,1988,2,2,2,0,0,0,0,0,0,0
2119,1972,4,3,0,0,0,0,1,0,1,0
2177,1986,4,4,1,1,0,0,0,0,1,0
2177,1989,2,2,0,0,0,0,0,0,1,0
2189,1972,4,4,2,0,0,0,0,0,2,0
2189,1973,11,11,4,0,0,0,0,0,1,0
2189,1974,12,11,2,0,0,0,0,1,2,0
2189,1975,2,2,0,0,0,0,0,0,1,0
2189,1976,12,11,2,0,0,0,0,0,2,0
2201,1975,2,2,0,0,0,0,0,0,1,0
2206,1972,1,1,0,0,0,0,0,0,0,0
2208,1984,7,6,0,0,0,0,0,0,2,0
2208,1986,10,9,2,0,0,1,1,0,2,0
2208,1988,3,3,1,0,0,0,0,0,0,0
2208,1989,8,6,0,0,0,0,1,1,1,0
2225,1975,13,10,1,0,0,0,3,0,5,0
2225,1976,4,4,1,0,0,0,0,0,2,0
2225,1977,4,2,1,0,0,0,2,0,0,0
2225,1978,3,2,1,0,0,0,1,0,0,0
2225,1980,12,9,0,0,0,0,2,0,4,0
2225,1984,9,8,2,0,0,0,1,0,1,0
2225,1985,5,4,2,1,0,0,1,0,0,0
2225,1986,13,12,6,1,0,0,0,0,2,0
2238,1992,2,2,1,0,0,0,0,0,0,0
2246,1973,10,10,4,1,0,0,0,0,2,0
2246,1974,4,3,2,2,0,0,1,0,0,0
2246,1975,1,1,0,0,0,0,0,0,0,0
2256,1978,11,10,2,0,0,0,1,0,2,0
2256,1979,6,6,3,0,0,1,0,0,1,0
2256,1980,12,11,3,0,0,0,1,0,3,0
2258,1984,9,9,1,0,0,0,0,0,4,0
2264,1970,6,6,3,2,0,0,0,0,1,0
2264,1971,4,4,1,0,0,0,0,0,0,0
2264,1972,3,3,0,0,0,0,0,0,3,0
2264,1973,12,12,1,0,0,0,0,0,2,0
2267,1970,7,6,2,1,0,1,1,0,2,0
2267,1971,9,7,2,0,0,1,2,0,2,0
2273,1985,2,2,1,0,0,0,0,0,0,0
2308,1974,7,7,3,0,0,0,0,0,3,0
2308,1976,1,1,1,0,1,0,0,0,0,0
2308,1977,8,8,3,0,0,0,0,0,2,0
2308,1981,12,12,4,1,0,0,0,0,0,0
2308,1982,3,3,0,0,0,0,0,0,0,0
2308,1983,8,8,3,0,0,3,0,0,3,0
2308,1984,7,7,3,1,0,0,0,0,0,0
2308,1985,11,11,2,0,0,0,0,0,4,0
2308,1986,16,13,4,0,0,1,3,0,2,0
2308,1987,7,7,1,1,0,0,0,0,3,0
2314,1992,3,3,2,0,0,0,0,0,0,0
2319,1992,2,1,0,0,0,0,1,0,0,0
2327,1977,1,1,0,0,0,0,0,0,1,0
2361,1978,3,3,0,0,0,0,0,0,1,0
2361,1979,6,5,1,0,0,0,1,0,2,0
2382,1988,3,3,0,0,0,0,0,0,3,0
2400,1974,7,6,3,0,0,0,1,0,1,0
2400,1975,3,3,0,0,0,0,0,0,0,0
2400,1976,16,16,7,1,1,0,0,0,4,0
2400,1977,13,12,2,0,0,1,1,0,1,0
2400,1984,2,2,0,0,0,0,0,0,0,0
2400,1985,12,12,2,1,0,1,0,0,4,0
2406,1970,5,4,0,0,0,0,0,0,3,0
2440,1977,3,3,0,0,0,0,0,0,1,0
2464,1978,19,19,5,1,0,1,0,0,5,0
2464,1979,17,16,3,2,0,0,0,0,2,1
2464,1980,14,12,3,0,0,1,2,0,4,0
2476,1974,4,4,0,0,0,0,0,0,1,0
2476,1975,2,2,0,0,0,0,0,0,1,0
2489,1972,10,10,3,0,0,0,0,0,3,0
2489,1973,1,1,0,0,0,0,0,0,0,0
2489,1976,5,5,1,0,0,0,0,0,2,0
2489,1981,3,1,1,0,0,1,2,0,0,0
2498,1979,3,2,0,0,0,0,1,0,0,0
2498,1980,1,1,0,0,0,0,0,0,0,0
2501,1978,3,3,0,0,0,0,0,0,1,0
2501,1979,8,5,3,2,1,0,3,0,1,0
2501,1980,5,5,2,1,0,0,0,0,1,0
2502,1981,9,8,2,0,0,0,1,0,2,0
2502,1983,6,5,0,0,0,0,1,0,3,0
2502,1984,9,9,1,0,0,0,0,0,0,0
2502,1985,2,2,1,0,0,0,0,0,0,0
2502,1986,4,4,3,0,0,0,0,0,0,0
2514,1983,2,1,0,0,0,0,1,0,1,0
2514,1984,5,5,2,1,0,0,0,0,1,0
2519,1974,2,2,0,0,0,0,0,0,2,0
2519,1975,9,7,2,2,0,0,2,0,1,0
2519,1976,3,2,0,0,0,0,1,0,1,0
2519,1977,8,7,0,0,0,0,1,0,1,0
2523,1971,3,3,0,0,0,0,0,0,2,0
2530,1970,3,3,1,1,0,0,0,0,1,0
2530,1971,6,6,1,0,0,0,0,0,1,0
2532,1970,2,2,0,0,0,0,0,0,2,0
2532,1971,5,4,0,0,0,0,0,0,4,0
2550,1980,1,1,0,0,0,0,0,0,1,0
2558,1992,4,3,2,0,0,0,1,0,0,0
2564,1977,3,3,0,0,0,0,0,0,0,0
2564,1979,8,8,4,1,0,0,0,0,2,0
2564,1980,1,1,0,0,0,0,0,0,0,0
2613,1977,5,5,0,0,0,0,0,0,0,0
2613,1981,3,3,0,0,0,0,0,0,0,0
2613,1983,4,4,0,0,0,0,0,0,0,0
2613,1984,12,12,5,0,0,1,0,0,0,0
2613,1985,3,3,1,0,0,0,0,0,0,0
2617,1973,2,2,0,0,0,0,0,0,0,0
2618,1978,5,4,2,1,0,0,1,0,0,0
2618,1979,1,1,0,0,0,0,0,0,0,0
2624,1984,14,14,0,0,0,0,0,0,5,0
2624,1985,12,10,1,1,0,0,2,0,2,0
2624,1986,7,7,1,0,0,0,0,0,3,0
2624,1987,10,9,2,0,0,0,1,0,2,0
2624,1988,9,8,3,0,0,1,1,0,2,0
2624,1989,12,10,2,1,0,0,2,0,0,0
2624,1990,3,3,0,0,0,0,0,0,0,0
2626,1984,3,3,1,0,0,0,0,0,2,0
2634,1972,10,9,4,0,0,0,0,0,0,0
2636,1988,4,4,0,0,0,0,0,0,0,0
2636,1992,3,2,0,0,0,0,0,1,2,0
2646,1992,7,7,2,0,0,0,0,0,2,0
2666,1981,4,4,0,0,0,0,0,0,1,0
2666,1983,3,3,1,0,0,0,0,0,1,0
2666,1984,6,5,0,0,0,0,1,0,1,0
2666,1985,8,8,1,0,0,0,0,0,2,0
2666,1986,3,3,0,0,0,0,0,0,2,0
2666,1987,7,7,2,2,0,0,0,0,1,0
2689,1970,2,2,1,0,0,0,0,0,0,0
2689,1971,1,1,0,0,0,0,0,0,1,0
2689,1973,12,12,4,1,0,1,0,0,2,0
2689,1974,12,12,5,0,0,1,0,0,1,0
2689,1975,13,13,2,1,0,0,0,0,2,0
2689,1976,4,4,1,0,0,0,0,0,0,0
2691,1975,3,3,0,0,0,0,0,0,3,0
2696,1978,15,14,2,0,0,1,1,0,5,0
2696,1979,18,17,4,0,0,1,1,0,3,0
2696,1980,10,10,2,0,0,0,0,0,0,0
2714,1975,7,6,4,0,0,1,1,0,0,0
2714,1976,4,4,1,0,0,0,0,0,1,0
2714,1977,12,10,3,1,0,0,2,0,0,0
2714,1981,3,3,2,1,0,0,0,0,1,0
2714,1983,5,4,1,0,0,1,0,0,2,1
2714,1984,4,4,0,0,0,0,0,0,2,0
2714,1985,13,13,3,0,0,1,0,0,2,0
2714,1986,16,15,3,0,0,2,1,0,4,0
2714,1987,10,7,3,0,0,0,2,1,0,0
2723,1986,7,7,1,0,0,0,0,0,3,0
2723,1987,6,4,1,1,0,0,2,0,2,0
2723,1988,9,8,4,0,0,0,0,1,2,0
2723,1989,8,8,3,2,0,1,0,0,2,0
2723,1990,9,9,0,0,0,0,0,0,6,0
2739,1978,8,8,2,0,0,0,0,0,3,0
2739,1979,11,8,4,0,0,0,2,0,0,0
2739,1980,12,11,2,0,0,0,1,0,1,0
2809,1974,5,5,2,0,0,0,0,0,0,0
2809,1975,9,7,0,0,0,0,1,0,3,0
2809,1976,4,3,0,0,0,0,0,0,1,0
2809,1977,4,3,0,0,0,0,0,0,1,1
2809,1981,2,2,0,0,0,0,0,0,0,0
2809,1984,4,4,0,0,0,0,0,0,2,0
2809,1985,5,4,1,0,0,1,1,0,0,0
2809,1987,2,2,1,1,0,0,0,0,0,0
2816,1978,2,1,1,0,0,0,1,0,0,0
2821,1973,6,5,0,0,0,0,0,0,4,1
2821,1974,9,8,3,0,1,0,0,0,3,0
2821,1975,15,13,0,0,0,0,1,0,2,0
2821,1976,21,19,6,1,0,0,1,1,2,0
2821,1977,7,6,1,1,0,0,0,0,1,1
2821,1981,3,3,0,0,0,0,0,0,1,0
2821,1983,5,5,2,0,0,0,0,0,1,0
2852,1992,6,5,2,1,0,1,0,1,0,0
2890,1988,6,5,1,0,0,0,0,1,3,0
2891,1988,1,1,1,1,0,0,0,0,0,0
2891,1989,4,4,1,0,0,0,0,0,1,0
2927,1980,5,4,1,0,0,0,1,0,1,0
2958,1970,1,1,0,0,0,0,0,0,1,0
2958,1971,3,2,0,0,0,0,0,0,0,0
2959,1971,1,1,0,0,0,0,0,0,0,0
2959,1972,5,2,0,0,0,0,0,0,1,0
2963,1987,4,3,1,1,0,0,1,0,0,0
2965,1974,3,3,0,0,0,0,0,0,1,0
2965,1975,8,7,0,0,0,0,1,0,1,0
2980,1970,1,1,0,0,0,0,0,0,0,0
2992,1987,1,1,0,0,0,0,0,0,1,0
3010,1973,2,2,0,0,0,0,0,0,2,0
3010,1975,16,14,3,0,0,0,2,0,6,0
3010,1976,13,11,3,0,0,0,2,0,2,0
3010,1981,7,5,0,0,0,0,2,0,1,0
3010,1983,3,2,1,1,0,0,0,1,1,0
3010,1984,4,4,1,0,0,1,0,0,1,0
3010,1985,8,7,3,1,0,0,1,0,0,0
3010,1986,14,14,4,2,0,0,0,0,2,0
3010,1987,10,10,5,1,0,1,0,0,0,0
3010,1988,4,4,1,1,0,0,0,0,0,0
3010,1992,3,2,1,0,0,0,1,0,0,0
3019,1974,11,11,5,1,0,0,0,0,2,0
3019,1976,2,2,0,0,0,0,0,0,0,0
3019,1977,2,2,0,0,0,0,0,0,0,0
3031,1970,2,2,0,0,0,0,0,0,1,0
3031,1971,5,4,0,0,0,0,0,0,4,0
3031,1972,6,3,1,0,0,0,1,1,2,0
3049,1978,11,11,3,0,0,1,0,0,5,0
3049,1979,6,6,0,0,0,0,0,0,3,0
3049,1980,11,9,4,1,0,0,2,0,0,0
3050,1972,3,3,0,0,0,0,0,0,1,0
3074,1972,3,3,2,0,1,0,0,0,1,0
3074,1973,7,7,2,0,0,0,0,0,0,0
3074,1974,11,9,2,1,0,0,0,0,3,0
3074,1975,5,4,0,0,0,0,0,1,2,0
3074,1976,6,5,1,0,0,0,0,0,0,0
3074,1977,5,4,1,0,0,0,1,0,1,0
3093,1984,3,2,0,0,0,0,1,0,1,0
3093,1985,4,4,0,0,0,0,0,0,0,0
3096,1971,10,9,3,0,0,0,0,1,2,0
3096,1972,13,13,4,1,0,1,0,0,2,0
3096,1974,9,9,4,1,0,1,0,0,0,0
3096,1975,3,3,0,0,0,0,0,0,0,0
3096,1976,4,4,1,0,0,0,0,0,1,0
3113,1971,2,1,0,0,0,0,0,0,1,0
3136,1980,7,7,2,1,0,0,0,0,2,0
3145,1978,3,3,0,0,0,0,0,0,0,0
3145,1983,2,2,2,0,0,0,0,0,0,0
3145,1984,7,7,0,0,0,0,0,0,3,0
3145,1985,4,3,0,0,0,0,1,0,1,0
3145,1987,8,7,1,0,0,0,1,0,0,0
3145,1989,4,4,1,1,0,0,0,0,1,0
3146,1983,6,5,0,0,0,0,1,0,0,0
3148,1979,4,4,0,0,0,0,0,0,1,0
3163,1976,4,4,0,0,0,0,0,0,2,0
3163,1984,6,6,1,0,0,1,0,0,2,0
3163,1985,9,9,1,0,0,1,0,0,2,0
3163,1986,16,14,3,0,0,0,2,0,1,0
3163,1987,4,3,1,0,0,0,1,0,0,0
3201,1983,7,7,3,0,0,0,0,0,2,0
3208,1970,2,1,0,0,0,0,1,0,1,0
3208,1971,3,3,0,0,0,0,0,0,2,0
3208,1972,3,3,1,0,0,0,0,0,1,0
3208,1974,2,1,0,0,0,0,1,0,1,0
3208,1975,1,1,0,0,0,0,0,0,0,0
3221,1987,7,6,0,0,0,0,0,0,0,1
3221,1989,14,14,1,0,0,0,0,0,4,0
3221,1990,8,7,1,0,0,0,1,0,0,0
3221,1992,4,4,1,0,0,0,0,0,0,0
3244,1973,5,5,1,0,0,0,0,0,2,0
3244,1974,11,8,1,1,0,0,2,0,3,0
3250,1971,2,2,1,1,0,0,0,0,0,0
3274,1983,6,6,2,1,0,0,0,0,2,0
3274,1984,3,3,2,0,0,1,0,0,0,0
3287,1988,4,4,2,0,0,0,0,0,1,0
3289,1970,6,6,2,0,1,0,0,0,1,0
3289,1971,25,23,7,1,0,1,1,1,8,0
3289,1972,16,13,1,0,0,0,2,1,4,0
3289,1973,8,7,3,0,0,0,1,0,0,0
3300,1989,5,4,1,1,0,0,1,0,2,0
3319,1989,6,6,0,0,0,0,0,0,2,0
3319,1990,2,2,0,0,0,0,0,0,1,0
3324,1978,2,1,0,0,0,0,0,0,0,0
3324,1979,2,2,1,0,0,0,0,0,1,0
3331,1988,3,2,1,1,0,0,1,0,0,0
3334,1976,7,6,2,0,0,0,1,0,1,0
3334,1977,8,7,4,1,0,0,1,0,1,0
3334,1984,2,2,0,0,0,0,0,0,1,0
3349,1971,3,3,2,1,0,0,0,0,0,0
3349,1975,7,7,2,0,0,0,0,0,0,0
3349,1976,8,8,4,0,1,0,0,0,1,0
3349,1977,2,2,0,0,0,0,0,0,0,0
3358,1978,10,8,3,0,0,2,2,0,2,0
3358,1979,6,6,3,1,0,0,0,0,2,0
3358,1980,8,7,0,0,0,0,1,0,1,0
3358,1984,8,7,0,0,0,0,1,0,1,0
3358,1985,6,6,1,0,0,0,0,0,0,0
3358,1986,13,11,2,0,0,1,2,0,1,0
3358,1987,10,8,4,0,0,2,2,0,2,0
3358,1988,2,2,1,0,0,0,0,0,1,0
3359,1973,3,3,0,0,0,0,0,0,0,0
3359,1974,7,6,2,0,0,0,1,0,1,0
3359,1975,2,2,1,1,0,0,0,0,0,0
3359,1976,1,1,1,1,0,0,0,0,0,0
3359,1981,7,7,3,1,0,1,0,0,2,0
3359,1983,4,4,1,0,0,0,0,0,1,0
3359,1984,7,6,1,1,0,0,1,0,0,0
3359,1985,10,7,0,0,0,0,2,0,3,1
3359,1987,7,5,0,0,0,0,2,0,1,0
3359,1988,4,4,1,0,0,0,0,0,0,0
3359,1989,5,4,2,0,0,1,1,0,1,0
3359,1990,3,3,1,0,0,0,0,0,1,0
3372,1973,3,3,0,0,0,0,0,0,2,0
3372,1977,5,4,0,0,0,0,1,0,3,0
3380,1983,6,6,1,0,0,0,0,0,0,0
3382,1972,4,3,0,0,0,0,1,0,2,0
3382,1979,3,2,0,0,0,0,1,0,0,0
3382,1980,5,5,1,0,0,0,0,0,1,0
3382,1981,3,3,1,0,0,0,0,0,0,0
3385,1977,7,6,1,0,0,0,1,0,1,0
3388,1978,1,1,0,0,0,0,0,0,0,0
3388,1980,1,0,0,0,0,0,1,0,0,0
3433,1987,7,6,2,0,0,0,1,0,0,0
3433,1988,3,3,0,0,0,0,0,0,1,0
3436,1989,8,8,0,0,0,0,0,0,2,0
3436,1990,3,3,2,0,1,0,0,0,0,0
3443,1973,2,2,0,0,0,0,0,0,1,0
3448,1978,3,3,0,0,0,0,0,0,2,0
3448,1979,9,6,1,0,0,0,3,0,2,0
3448,1980,3,1,0,0,0,0,2,0,1,0
3450,1989,9,8,1,0,0,0,1,0,0,0
3450,1990,3,3,0,0,0,0,0,0,0,0
3458,1970,1,1,0,0,0,0,0,0,0,0
3469,1984,2,1,0,0,0,0,1,0,0,0
3469,1985,10,9,5,0,1,0,1,0,0,0
3469,1986,9,8,4,1,2,0,1,0,1,0
3469,1987,9,8,2,0,0,0,1,0,4,0
3469,1988,3,3,1,0,0,0,0,0,1,0
3469,1989,8,8,1,0,0,0,0,0,2,0
3469,1990,6,6,2,0,1,0,0,0,1,0
3477,1972,5,5,1,0,0,0,0,0,0,0
3478,1978,1,0,0,0,0,0,0,0,0,0
3489,1990,6,5,1,0,0,0,0,0,2,1
3489,1992,4,3,1,0,0,1,1,0,0,0
3507,1980,1,1,0,0,0,0,0,0,1,0
3518,1971,1,1,0,0,0,0,0,0,0,0
3520,1989,7,5,3,0,0,0,1,0,0,0
3520,1990,9,9,1,1,0,0,0,0,3,0
3525,1970,1,1,0,0,0,0,0,0,0,0
3525,1971,1,1,0,0,0,0,0,0,1,0
3532,1986,4,4,2,0,0,0,0,0,0,0
3545,1972,6,6,3,1,0,1,0,0,1,0
3545,1973,5,5,3,0,0,1,0,0,0,0
3545,1974,2,2,0,0,0,0,0,0,1,0
3545,1976,2,2,1,0,0,0,0,0,0,0
3545,1977,2,1,0,0,0,0,1,0,0,0
3545,1981,4,3,0,0,0,0,1,0,1,0
3545,1983,8,6,0,0,0,0,0,2,3,0
3545,1985,18,17,5,0,0,1,0,1,3,0
3545,1986,10,9,2,0,0,0,0,1,0,0
3545,1987,4,3,0,0,0,0,1,0,0,0
3545,1989,5,5,1,0,0,1,0,0,0,0
3545,1992,4,4,2,0,0,0,0,0,0,0
3548,1971,2,2,1,0,0,0,0,0,0,0
3561,1980,1,1,1,0,0,0,0,0,0,0
3572,1983,4,3,2,1,0,0,1,0,0,0
3572,1984,10,8,3,0,1,0,2,0,1,0
3572,1985,14,12,3,0,0,0,1,0,1,0
3572,1986,3,3,0,0,0,0,0,0,0,0
3572,1987,6,5,1,1,0,0,1,0,0,0
3572,1988,10,9,3,0,0,0,1,0,1,0
3572,1990,3,3,0,0,0,0,0,0,0,0
3572,1992,2,2,2,0,0,0,0,0,0,0
3582,1977,3,3,2,0,0,0,0,0,0,0
3594,1970,6,3,0,0,0,0,2,0,1,1
3594,1971,7,7,0,0,0,0,0,0,1,0
3594,1972,6,5,2,0,0,0,0,0,2,0
3599,1978,12,11,0,0,0,0,1,0,1,0
3599,1979,16,15,4,1,0,0,0,0,1,0
3599,1980,7,7,3,0,0,0,0,0,1,0
3599,1982,3,3,0,0,0,0,0,0,0,0
3605,1978,9,9,1,0,0,0,0,0,0,0
3605,1983,2,2,0,0,0,0,0,0,0,0
3615,1979,6,6,2,0,0,0,0,0,0,0
3615,1981,4,4,1,0,0,0,0,0,0,0
3621,1976,3,3,0,0,0,0,0,0,2,0
3621,1977,3,3,0,0,0,0,0,0,0,0
3621,1981,11,8,4,0,0,0,2,0,0,0
3621,1983,6,5,2,0,0,0,1,0,2,0
3621,1984,7,6,2,0,0,0,1,0,1,0
3621,1985,3,1,1,0,0,0,2,0,0,0
3629,1971,4,4,2,1,0,0,0,0,1,0
3629,1972,5,5,1,0,0,1,0,0,0,0
3634,1978,2,2,1,1,0,0,0,0,1,0
3634,1979,2,2,1,0,1,0,0,0,0,0
3635,1979,5,4,2,0,0,0,1,0,1,0
3646,1970,3,3,1,0,0,0,0,0,0,0
3646,1971,10,9,1,1,0,0,1,0,1,0
3646,1972,3,3,2,0,0,1,0,0,0,0
3646,1973,16,15,4,0,0,0,1,0,2,0
3646,1974,10,10,1,0,0,0,0,0,2,0
3646,1975,3,3,0,0,0,0,0,0,1,0
3646,1976,6,6,1,0,0,0,0,0,0,0
3646,1977,10,8,1,0,0,0,0,1,2,0
3648,1971,2,2,0,0,0,0,0,0,1,0
3649,1978,14,12,3,0,0,0,2,0,5,0
3649,1979,6,6,1,0,0,1,0,0,2,0
3649,1980,11,11,5,0,1,1,0,0,2,0
3656,1970,3,3,1,1,0,0,0,0,0,0
3656,1971,7,7,3,2,0,1,0,0,1,0
3672,1971,1,1,0,0,0,0,0,0,0,0
3682,1985,8,7,0,0,0,0,1,0,3,0
3682,1986,2,2,0,0,0,0,0,0,0,0
3682,1987,13,12,5,0,0,0,1,0,0,0
3682,1988,9,8,1,0,0,0,0,1,1,0
3682,1990,3,3,0,0,0,0,0,0,0,0
3682,1992,3,3,0,0,0,0,0,0,0,0
3696,1988,3,3,0,0,0,0,0,0,1,0
3696,1989,6,6,1,0,0,0,0,0,1,0
3698,1970,1,1,0,0,0,0,0,0,1,0
3714,1970,7,6,0,0,0,0,1,0,1,0
3714,1971,6,6,1,0,0,0,0,0,0,0
3714,1972,3,2,0,0,0,0,1,0,1,0
3714,1973,4,3,2,0,0,0,1,0,0,0
3714,1974,3,3,1,0,0,1,0,0,1,0
3714,1975,5,5,1,1,0,0,0,0,0,0
3714,1976,5,4,0,0,0,0,1,0,1,0
3733,1970,10,9,4,0,0,0,1,0,2,0
3733,1971,9,9,3,0,0,0,0,0,1,0
3733,1973,5,5,2,1,0,0,0,0,1,0
3733,1974,5,5,2,0,0,0,0,0,2,0
3739,1970,3,3,1,0,0,0,0,0,0,0
3739,1971,3,3,0,0,0,0,0,0,0,0
3745,1979,3,3,0,0,0,0,0,0,0,0
3762,1992,2,1,0,0,0,0,0,0,0,0
3763,1992,6,6,2,1,0,0,0,0,3,0
3771,1977,8,8,1,0,0,0,0,0,1,0
3779,1980,3,2,0,0,0,0,0,0,2,0
3782,1974,4,2,0,0,0,0,2,0,1,0
3804,1983,10,10,2,0,0,0,0,0,1,0
3804,1984,9,9,0,0,0,0,0,0,2,0
3804,1989,10,9,1,0,0,0,0,1,2,0
3804,1990,8,8,5,1,0,1,0,0,0,0
3807,1971,2,2,0,0,0,0,0,0,1,0
3810,1989,3,3,1,0,0,0,0,0,0,0
3810,1990,2,2,1,0,0,0,0,0,0,0
3810,1992,2,2,0,0,0,0,0,0,0,0
3822,1973,9,9,1,0,0,0,0,0,1,0
3825,1988,8,8,4,2,0,0,0,0,0,0
3825,1989,6,6,2,0,0,0,0,0,1,0
3825,1990,3,3,1,0,0,0,0,0,0,0
3831,1987,2,2,0,0,0,0,0,0,1,0
3831,1988,2,2,1,0,0,0,0,0,0,0
3831,1989,6,5,2,0,0,0,0,0,1,0
3831,1990,2,2,1,0,0,0,0,0,0,0
3831,1992,4,4,0,0,0,0,0,0,0,0
3840,1973,8,7,1,0,0,0,1,0,1,0
3840,1974,13,10,4,1,0,0,3,0,1,0
3840,1975,6,6,2,1,0,1,0,0,1,0
3840,1976,11,10,1,0,0,0,0,1,1,0
3840,1977,9,7,3,0,1,0,2,0,2,0
3840,1981,2,1,0,0,0,0,1,0,1,0
3840,1983,6,4,1,1,0,0,1,1,1,0
3840,1985,7,6,1,1,0,0,1,0,1,0
3844,1981,9,8,1,0,0,0,1,0,2,0
3844,1982,2,2,0,0,0,0,0,0,1,0
3844,1983,8,8,2,0,0,0,0,0,1,0
3844,1984,7,7,1,1,0,0,0,0,0,0
3844,1985,8,7,1,1,0,0,1,0,3,0
3844,1986,15,15,2,0,0,1,0,0,7,0
3844,1987,6,5,1,0,0,1,1,0,0,0
3844,1988,11,10,3,1,0,0,0,0,0,0
3844,1989,7,7,3,1,0,0,0,0,1,0
3844,1990,2,2,1,0,0,0,0,0,0,0
3844,1992,2,2,0,0,0,0,0,0,0,0
3863,1981,4,4,1,0,0,0,0,0,1,0
3863,1984,7,7,1,0,0,0,0,0,0,0
3863,1985,8,8,5,0,1,0,0,0,1,0
3863,1986,11,11,1,0,0,0,0,0,1,0
3898,1973,10,10,1,0,0,1,0,0,5,0
3898,1974,7,7,1,0,0,0,0,0,2,0
3898,1975,2,2,0,0,0,0,0,0,0,0
3898,1976,5,5,2,0,0,0,0,0,1,0
3898,1977,3,3,0,0,0,0,0,0,0,0
3931,1975,6,6,1,0,0,0,0,0,2,0
3931,1976,12,12,3,0,0,0,0,0,0,0
3934,1971,1,0,0,0,0,0,1,0,0,0
3934,1975,7,6,0,0,0,0,1,0,4,0
3939,1976,18,17,8,0,0,0,0,0,0,0
3939,1977,10,9,1,0,0,1,0,0,2,0
3944,1978,7,7,0,0,0,0,0,0,0,0
3949,1978,8,6,1,0,0,0,1,0,0,1
3949,1979,11,9,2,0,0,1,2,0,1,0
3949,1980,10,10,2,0,0,0,0,0,2,0
3957,1978,3,3,1,0,0,0,0,0,0,0
3974,1981,6,6,3,1,0,0,0,0,0,0
3974,1983,1,1,0,0,0,0,0,0,0,0
3974,1984,6,6,2,0,0,0,0,0,2,0
3974,1985,8,8,1,1,0,0,0,0,3,0
3974,1987,3,3,0,0,0,0,0,0,1,0
3974,1988,3,3,1,1,0,0,0,0,0,0
3974,1989,3,3,1,0,0,0,0,0,1,0
3991,1985,5,5,0,0,0,0,0,0,1,0
3995,1989,3,3,1,0,0,0,0,0,0,0
3996,1987,9,8,2,1,0,0,1,0,2,0
3996,1988,4,4,2,0,0,0,0,0,1,0
4005,1978,3,2,0,0,0,0,1,0,1,0
4005,1979,8,8,2,0,0,0,0,0,3,0
4021,1970,3,3,2,0,0,1,0,0,0,0
4021,1971,11,11,1,0,0,0,0,0,3,0
4028,1981,3,3,0,0,0,0,0,0,0,0
4028,1983,10,9,2,0,0,1,1,0,2,0
4028,1984,11,11,3,1,0,1,0,0,1,0
4028,1985,7,7,3,1,0,0,0,0,0,0
4028,1986,8,7,2,0,0,1,0,0,3,1
4028,1987,10,7,1,0,0,1,2,1,3,0
4052,1990,2,2,0,0,0,0,0,0,0,0
4088,1989,4,4,0,0,0,0,0,0,1,0
4088,1990,6,5,2,2,0,0,0,1,0,0
4088,1992,2,2,0,0,0,0,0,0,0,0
4120,1972,1,1,0,0,0,0,0,0,1,0
4138,1992,4,4,1,0,0,0,0,0,0,0
4167,1974,1,1,1,0,0,0,0,0,0,0
4172,1992,6,6,4,0,0,2,0,0,0,0
4174,1978,4,4,2,1,0,0,0,0,0,0
4174,1979,3,3,0,0,0,0,0,0,1,0
4189,1976,4,4,0,0,0,0,0,0,1,0
4191,1989,6,6,3,0,0,0,0,0,0,0
4191,1990,2,2,1,0,0,0,0,0,0,0
4195,1970,7,7,3,0,0,0,0,0,1,0
4195,1971,7,6,0,0,0,0,1,0,0,0
4239,1972,1,1,0,0,0,0,0,0,1,0
4247,1973,1,1,0,0,0,0,0,0,1,0
4258,1981,1,1,0,0,0,0,0,0,0,0
4286,1981,4,3,0,0,0,0,0,0,0,1
4291,1983,3,3,0,0,0,0,0,0,1,0
4306,1971,14,14,2,0,0,0,0,0,4,0
4306,1972,6,5,3,0,1,0,0,1,0,0
4306,1973,8,8,1,0,0,0,0,0,2,0
4306,1974,8,6,2,0,0,0,2,0,1,0
4316,1987,7,7,2,0,0,0,0,0,2,0
4316,1988,7,5,3,1,0,0,2,0,0,0
4316,1989,5,4,2,0,0,0,1,0,0,0
4316,1990,3,2,0,0,0,0,1,0,0,0
4345,1972,10,8,0,0,0,0,1,1,3,0
4345,1973,12,11,2,1,0,0,1,0,3,0
4345,1974,11,9,1,0,0,0,1,0,3,1
4345,1975,13,12,3,0,0,0,1,0,2,0
4345,1976,10,7,1,1,0,0,3,0,1,0
4345,1981,7,5,2,0,0,0,2,0,2,0
4345,1983,5,5,3,0,0,0,0,0,0,0
4345,1984,3,2,0,0,0,0,1,0,1,0
4345,1985,9,9,1,0,0,0,0,0,1,0
4348,1973,2,2,0,0,0,0,0,0,2,0
4348,1974,4,4,0,0,0,0,0,0,3,0
4348,1975,6,6,4,0,0,1,0,0,1,0
4348,1976,3,3,0,0,0,0,0,0,2,0
4349,1981,7,7,0,0,0,0,0,0,2,0
4349,1983,2,2,1,1,0,0,0,0,0,0
4349,1984,7,6,0,0,0,0,0,0,1,1
4349,1985,7,7,2,0,0,0,0,0,1,0
4349,1986,7,6,1,0,0,1,1,0,0,0
4349,1987,9,8,3,1,0,1,1,0,0,0
4351,1970,2,2,0,0,0,0,0,0,1,0
4351,1971,7,6,3,0,0,0,1,0,0,0
4351,1972,6,6,0,0,0,0,0,0,0,0
4351,1973,5,5,2,1,0,0,0,0,2,0
4351,1974,4,4,1,0,0,0,0,0,0,0
4351,1975,2,1,1,0,0,0,0,0,0,1
4356,1978,15,13,3,1,0,0,2,0,3,0
4356,1979,9,9,2,1,0,0,0,0,1,0
4356,1980,8,8,2,0,0,0,0,0,2,0
4356,1983,6,6,1,1,0,0,0,0,3,0
4356,1985,8,8,2,0,1,0,0,0,3,0
4356,1986,8,8,4,1,0,0,0,0,0,0
4357,1989,4,4,0,0,0,0,0,0,2,0
4357,1990,3,3,2,0,0,1,0,0,1,0
4357,1992,4,4,1,1,0,0,0,0,1,0
4366,1978,5,4,1,1,0,0,0,0,1,0
4374,1978,7,7,3,0,0,0,0,0,0,0
4374,1979,2,2,2,0,0,0,0,0,0,0
4374,1980,1,1,0,0,0,0,0,0,0,0
4380,1977,4,3,0,0,0,0,1,0,1,0
4380,1981,4,3,0,0,0,0,1,0,1,0
4380,1982,1,1,1,0,0,0,0,0,0,0
4380,1984,10,8,3,1,0,0,2,0,1,0
4380,1985,6,6,2,0,0,1,0,0,0,0
4382,1978,5,5,2,1,0,0,0,0,1,0
4387,1981,4,3,1,0,0,0,1,0,0,0
4387,1984,7,5,3,0,0,1,2,0,0,0
4387,1985,7,5,1,0,0,0,2,0,0,0
4387,1986,3,3,2,0,0,2,0,0,0,0
4387,1987,5,4,2,1,0,0,1,0,0,0
4389,1987,8,7,0,0,0,0,0,1,1,0
4389,1989,8,8,3,1,0,0,0,0,2,0
4389,1990,6,5,0,0,0,0,0,1,0,0
4413,1973,7,6,2,1,0,0,1,0,1,0
4413,1974,5,5,2,0,0,0,0,0,1,0
4413,1977,3,3,0,0,0,0,0,0,0,0
4414,1980,5,4,2,1,0,0,1,0,2,0
4428,1985,17,17,4,2,0,0,0,0,1,0
4428,1986,9,9,2,0,0,0,0,0,1,0
4428,1987,9,9,2,0,0,0,0,0,1,0
4428,1988,9,8,4,0,2,0,1,0,1,0
4428,1989,6,5,2,0,0,0,0,0,0,1
4428,1990,3,3,1,0,0,0,0,0,0,0
4451,1970,5,5,2,0,0,0,0,0,1,0
4453,1984,5,5,2,0,0,0,0,0,0,0
4453,1985,8,8,2,0,0,0,0,0,0,0
4505,1973,8,7,3,1,0,0,1,0,1,0
4505,1975,12,8,3,0,0,0,3,0,0,1
4505,1983,2,2,0,0,0,0,0,0,1,0
4505,1985,1,1,0,0,0,0,0,0,0,0
4505,1986,4,4,2,1,0,0,0,0,0,0
4512,1989,1,1,0,0,0,0,0,0,0,0
4528,1986,5,5,2,2,0,0,0,0,3,0
4528,1987,12,10,3,0,0,2,1,1,2,0
4528,1988,9,9,5,1,0,0,0,0,0,0
4528,1989,6,4,1,0,0,0,1,0,0,1
4528,1990,2,2,1,0,0,0,0,0,0,0
4528,1992,5,3,1,0,0,1,2,0,0,0
4533,1972,5,5,0,0,0,0,0,0,1,0
4547,1988,3,3,0,0,0,0,0,0,1,0
4547,1990,5,5,1,0,0,0,0,0,0,0
4547,1992,6,6,2,0,0,0,0,0,0,0
4568,1975,2,2,0,0,0,0,0,0,2,0
4574,1984,1,1,0,0,0,0,0,0,0,0
4583,1972,1,1,0,0,0,0,0,0,0,0
4586,1974,2,2,1,0,0,0,0,0,0,0
4586,1976,6,5,2,0,0,0,1,0,1,0
4597,1979,2,2,0,0,0,0,0,0,2,0
4623,1974,11,11,2,0,0,0,0,0,4,0
4623,1975,15,13,1,0,0,0,2,0,5,0
4623,1976,4,4,0,0,0,0,0,0,1,0
4623,1985,8,8,3,1,0,0,0,0,0,0
4628,1977,4,4,0,0,0,0,0,0,1,0
4628,1981,4,3,0,0,0,0,1,0,1,0
4632,1989,3,2,0,0,0,0,1,0,0,0
4632,1990,7,6,1,0,0,0,0,0,0,1
4632,1992,3,2,0,0,0,0,0,0,0,1
4638,1970,11,10,3,0,0,0,1,0,6,0
4638,1971,10,10,1,0,0,0,0,0,4,0
4638,1972,8,8,2,0,0,0,0,0,2,0
4638,1973,10,10,4,0,0,1,0,0,0,0
4638,1975,5,5,1,0,1,0,0,0,2,0
4673,1971,5,4,2,0,0,0,1,0,0,0
4673,1972,12,11,3,0,0,0,1,0,0,0
4673,1973,13,11,3,0,0,0,1,0,1,1
4673,1974,12,10,4,0,0,3,1,0,3,0
4673,1975,11,8,3,0,0,2,3,0,0,0
4673,1976,3,3,0,0,0,0,0,0,1,0
4673,1984,1,1,0,0,0,0,0,0,1,0
4673,1985,14,10,3,0,0,0,4,0,2,0
4676,1972,4,4,2,1,0,0,0,0,1,0
4676,1973,11,10,3,0,0,0,1,0,1,0
4692,1973,4,4,1,0,0,0,0,0,1,0
4695,1984,3,3,1,0,0,0,0,0,0,0
4711,1985,4,4,1,1,0,0,0,0,0,0
4711,1986,12,11,3,0,0,0,0,1,1,0
4711,1987,4,1,0,0,0,0,2,0,0,1
4711,1988,10,9,6,1,0,0,0,1,0,0
4711,1989,10,10,3,2,0,0,0,0,1,0
4711,1990,3,2,2,0,0,1,0,0,0,1
4713,1992,3,3,0,0,0,0,0,0,1,0
4716,1979,3,2,1,1,0,0,0,1,0,0
4716,1983,1,1,0,0,0,0,0,0,1,0
4716,1984,8,8,4,0,0,1,0,0,0,0
4726,1978,2,2,0,0,0,0,0,0,1,0
4726,1979,3,3,0,0,0,0,0,0,2,0
4755,1973,9,8,1,0,0,0,1,0,4,0
4755,1974,7,6,0,0,0,0,0,0,2,0
4766,1981,4,4,0,0,0,0,0,0,0,0
4766,1982,1,0,0,0,0,0,0,0,0,1
4766,1984,3,3,1,0,0,0,0,0,1,0
4766,1985,7,7,1,0,0,0,0,0,4,0
4766,1989,6,6,2,0,0,0,0,0,0,0
4766,1990,2,2,1,0,0,0,0,0,0,0
4772,1978,13,10,3,0,0,0,2,0,1,0
4772,1979,19,16,3,0,0,0,3,0,2,0
4777,1980,2,2,1,1,0,0,0,0,1,0
4777,1989,5,5,2,1,0,0,0,0,0,0
4783,1970,11,11,1,0,0,0,0,0,5,0
4783,1971,12,9,2,0,0,0,3,0,2,0
4783,1972,7,5,1,0,0,0,1,0,2,1
4783,1973,2,2,0,0,0,0,0,0,2,0
4783,1974,3,2,0,0,0,0,1,0,1,0
4783,1975,5,5,0,0,0,0,0,0,3,0
4783,1976,7,7,0,0,0,0,0,0,3,0
4784,1970,2,1,0,0,0,0,1,0,1,0
4784,1971,5,5,0,0,0,0,0,0,1,0
4792,1978,1,1,0,0,0,0,0,0,0,0
4794,1972,8,7,1,0,0,0,0,0,0,0
4815,1983,3,3,0,0,0,0,0,0,2,0
4815,1984,7,7,0,0,0,0,0,0,1,0
4815,1985,4,4,0,0,0,0,0,0,0,0
4815,1986,4,4,1,0,0,0,0,0,0,0
4815,1988,4,3,1,0,0,0,1,0,2,0
4815,1989,4,4,0,0,0,0,0,0,3,0
4816,1970,3,3,0,0,0,0,0,0,0,0
4816,1971,4,3,0,0,0,0,1,0,0,0
4816,1973,4,4,0,0,0,0,0,0,1,0
4816,1974,8,6,0,0,0,0,2,0,4,0
4816,1975,7,7,0,0,0,0,0,0,0,0
4817,1971,6,4,1,0,0,0,2,0,1,0
4817,1973,4,4,3,0,0,1,0,0,1,0
4817,1974,13,12,5,2,0,0,1,0,2,0
4817,1975,7,7,2,0,0,0,0,0,0,0
4817,1976,14,12,3,0,1,1,0,0,5,2
4817,1978,3,3,2,1,0,1,0,0,1,0
4817,1979,2,2,1,0,0,0,0,0,0,0
4817,1980,12,12,5,3,0,0,0,0,1,0
4817,1985,1,1,0,0,0,0,0,0,0,0
4817,1986,3,3,0,0,0,0,0,0,1,0
4822,1973,4,3,0,0,0,0,1,0,3,0
4822,1974,11,11,2,0,0,0,0,0,3,0
4822,1975,15,14,2,0,1,0,1,0,2,0
4822,1979,1,1,0,0,0,0,0,0,1,0
4822,1980,4,4,0,0,0,0,0,0,2,0
4826,1981,5,5,2,0,0,0,0,0,0,0
4826,1982,2,1,0,0,0,0,1,0,0,0
4826,1983,3,1,1,0,1,0,2,0,0,0
4826,1984,7,6,1,0,0,0,1,0,1,0
4826,1985,5,4,1,1,0,0,1,0,0,0
4826,1986,12,11,5,1,0,1,1,0,2,0
4826,1987,8,7,1,0,0,0,1,0,2,0
4826,1988,3,2,0,0,0,0,1,0,2,0
4826,1989,8,7,2,1,0,0,1,0,3,0
4826,1990,3,3,1,0,0,0,0,0,1,0
4826,1992,3,2,1,0,0,0,0,1,0,0
4829,1978,19,19,5,2,1,0,0,0,4,0
4829,1979,8,6,3,0,0,0,1,1,2,0
4829,1980,6,6,2,0,0,0,0,0,0,0
4829,1983,4,4,2,0,0,0,0,0,1,0
4829,1987,3,3,1,0,0,0,0,0,2,0
4830,1988,3,3,1,1,0,0,0,0,1,0
4830,1989,3,2,1,0,0,0,1,0,1,0
4906,1970,3,3,0,0,0,0,0,0,3,0
4907,1978,13,12,1,1,0,0,1,0,1,0
4907,1979,5,4,0,0,0,0,1,0,1,0
4907,1980,13,11,2,0,0,1,2,0,3,0
4907,1990,3,3,1,0,0,0,0,0,0,0
4908,1978,7,7,1,0,0,0,0,0,2,0
4908,1979,4,4,1,1,0,0,0,0,1,0
4908,1980,5,5,2,0,0,0,0,0,1,0
4908,1983,10,10,2,0,0,0,0,0,2,0
4908,1985,6,6,2,1,0,0,0,0,0,0
4908,1986,3,3,0,0,0,0,0,0,0,0
4908,1987,1,1,0,0,0,0,0,0,1,0
4909,1983,2,2,1,1,0,0,0,0,1,0
4925,1972,2,2,1,0,0,0,0,0,1,0
4938,1970,6,6,2,0,0,0,0,0,1,0
4938,1971,4,4,1,0,0,0,0,0,0,0
4938,1972,6,3,1,0,0,0,3,0,0,0
4938,1973,7,7,2,0,0,0,0,0,2,0
4938,1974,9,9,2,0,0,0,0,0,1,0
4938,1975,1,1,0,0,0,0,0,0,0,0
4938,1976,1,1,0,0,0,0,0,0,1,0
4938,1978,1,1,1,0,0,0,0,0,0,0
4952,1980,4,4,1,0,0,0,0,0,0,0
5001,1984,1,1,0,0,0,0,0,0,1,0
5001,1985,7,6,1,1,0,0,1,0,1,0
5001,1986,8,7,2,0,0,1,0,0,4,0
5001,1987,3,3,0,0,0,0,0,0,0,0
5001,1988,3,3,1,0,0,0,0,0,1,0
5005,1992,3,3,1,0,0,0,0,0,0,0
5014,1978,9,7,2,0,0,1,2,0,3,0
5014,1983,1,1,1,0,0,0,0,0,0,0
5014,1984,9,9,1,0,0,0,0,0,1,0
5036,1971,1,1,0,0,0,0,0,0,0,0
5038,1987,7,7,2,0,0,0,0,0,2,0
5044,1976,3,3,0,0,0,0,0,0,0,0
5044,1977,7,7,2,0,0,1,0,0,1,0
5044,1981,7,7,2,1,0,1,0,0,1,0
5052,1976,1,1,0,0,0,0,0,0,0,0
5052,1977,2,1,0,0,0,0,1,0,1,0
5052,1981,3,3,0,0,0,0,0,0,2,0
5062,1978,4,3,1,0,0,0,1,0,2,0
5062,1979,4,2,0,0,0,0,2,0,0,0
5062,1980,2,2,1,0,0,0,0,0,0,0
5071,1981,4,4,0,0,0,0,0,0,1,0
5071,1983,3,3,1,0,0,0,0,0,1,0
5081,1992,5,5,2,1,0,1,0,0,1,0
5119,1974,1,1,0,0,0,0,0,0,0,0
5119,1975,1,1,0,0,0,0,0,0,0,0
5120,1972,5,5,1,0,0,0,0,0,1,0
5120,1978,1,1,0,0,0,0,0,0,1,0
5120,1979,2,2,0,0,0,0,0,0,1,0
5134,1978,3,3,0,0,0,0,0,0,1,0
5134,1980,3,2,0,0,0,0,0,0,1,0
5141,1970,4,4,1,0,0,1,0,0,0,0
5141,1971,12,11,5,0,0,0,1,0,0,0
5141,1972,4,4,0,0,0,0,0,0,0,0
5141,1973,5,4,3,1,0,0,0,1,0,0
5145,1972,1,1,0,0,0,0,0,0,1,0
5146,1978,11,11,2,0,0,2,0,0,4,0
5146,1979,4,4,2,0,0,0,0,0,0,0
5146,1980,7,7,2,0,0,1,0,0,0,0
5148,1988,4,4,0,0,0,0,0,0,2,0
5148,1990,9,9,1,1,0,0,0,0,2,0
5154,1970,4,4,0,0,0,0,0,0,1,0
5154,1971,8,8,5,2,0,2,0,0,2,0
5154,1972,4,4,1,0,0,0,0,0,0,0
5154,1973,13,12,4,0,0,0,1,0,2,0
5154,1974,3,3,0,0,0,0,0,0,1,0
5154,1975,9,8,2,1,0,1,1,0,1,0
5154,1976,10,8,2,0,0,0,2,0,4,0
5160,1976,1,1,0,0,0,0,0,0,0,0
5162,1983,5,3,1,0,0,1,1,1,2,0
5174,1980,3,3,1,0,0,0,0,0,0,0
5174,1986,3,3,0,0,0,0,0,0,3,0
5180,1971,1,1,0,0,0,0,0,0,0,0
5180,1972,9,7,1,0,0,0,2,0,2,0
5180,1973,14,14,1,0,0,0,0,0,1,0
5185,1992,2,2,0,0,0,0,0,0,1,0
5186,1976,3,3,1,0,0,0,0,0,0,0
5189,1970,6,6,0,0,0,0,0,0,2,0
5189,1971,7,6,1,0,0,0,1,0,3,0
5198,1992,3,3,0,0,0,0,0,0,0,0
5200,1978,3,3,0,0,0,0,0,0,0,0
5200,1979,8,8,2,0,0,1,0,0,1,0
5200,1980,2,2,1,0,0,1,0,0,0,0
5202,1986,1,1,0,0,0,0,0,0,0,0
5202,1987,10,8,2,1,0,0,1,0,3,0
5202,1988,4,4,1,0,0,0,0,0,2,0
5206,1975,11,10,1,0,1,0,1,0,4,0
5206,1976,3,3,0,0,0,0,0,0,1,0
5206,1977,8,8,3,1,0,1,0,0,2,0
5206,1981,4,4,3,0,0,0,0,0,0,0
5206,1983,4,4,1,0,0,0,0,0,0,0
5216,1983,10,10,4,0,0,1,0,0,2,0
5216,1984,11,10,3,0,1,0,1,0,3,0
5216,1989,11,10,2,0,0,1,1,0,0,0
5216,1990,8,8,4,0,0,2,0,0,0,0
5216,1992,3,2,1,0,0,1,1,0,1,0
5221,1978,8,7,3,0,0,0,1,0,0,0
5221,1979,3,3,0,0,0,0,0,0,0,0
5221,1980,6,6,2,0,0,0,0,0,1,0
5221,1988,9,8,2,1,0,0,0,0,1,1
5221,1989,3,2,0,0,0,0,1,0,0,0
5247,1992,2,2,0,0,0,0,0,0,0,0
5256,1988,3,3,1,0,0,0,0,0,0,0
5265,1985,7,6,0,0,0,0,0,0,2,1
5265,1986,4,4,0,0,0,0,0,0,0,0
5265,1987,3,2,1,0,0,0,0,0,0,0
5268,1992,3,3,2,1,0,0,0,0,0,0
5271,1979,2,2,0,0,0,0,0,0,0,0
5276,1976,6,6,2,1,0,0,0,0,0,0
5276,1977,2,2,0,0,0,0,0,0,1,0
5282,1973,3,2,0,0,0,0,1,0,1,0
5291,1971,1,1,0,0,0,0,0,0,0,0
5310,1990,3,3,0,0,0,0,0,0,2,0
5310,1992,2,2,1,0,0,0,0,0,1,0
5316,1978,7,5,0,0,0,0,2,0,0,0
5316,1979,1,1,0,0,0,0,0,0,0,0
5316,1980,1,0,0,0,0,0,1,0,0,0
5335,1986,7,7,1,0,0,1,0,0,2,0
5335,1987,2,2,0,0,0,0,0,0,1,0
5335,1988,7,5,2,0,0,1,2,0,0,0
5335,1990,3,3,2,1,0,0,0,0,0,0
5347,1978,5,5,3,1,0,0,0,0,1,0
5347,1979,5,3,1,0,0,0,2,0,0,0
5347,1980,6,6,0,0,0,0,0,0,2,0
5347,1984,4,4,0,0,0,0,0,0,0,0
5347,1985,3,3,2,0,0,0,0,0,1,0
5348,1981,7,7,3,0,0,0,0,0,0,0
5348,1983,3,3,2,0,0,0,0,0,0,0
5348,1984,1,1,0,0,0,0,0,0,0,0
5348,1985,4,4,2,2,0,0,0,0,0,0
5348,1986,2,2,0,0,0,0,0,0,0,0
5348,1987,8,8,1,1,0,0,0,0,0,0
5363,1978,1,1,0,0,0,0,0,0,0,0
5363,1980,5,5,2,1,0,0,0,0,0,0
5375,1987,7,7,2,0,0,1,0,0,2,0
5375,1988,12,12,2,1,0,0,0,0,7,0
5375,1989,15,13,3,1,0,1,1,0,6,1
5375,1990,4,4,1,1,0,0,0,0,2,0
5394,1970,1,1,0,0,0,0,0,0,0,0
5394,1971,18,18,7,2,0,0,0,0,6,0
5394,1972,18,17,3,0,0,1,1,0,5,0
5394,1973,20,16,4,1,0,1,3,1,8,0
5394,1974,15,15,4,2,0,1,0,0,4,0
5394,1975,8,7,3,1,0,0,1,0,3,0
5394,1976,5,5,1,0,0,1,0,0,0,0
5394,1977,7,6,0,0,0,0,1,0,3,0
5394,1981,4,4,1,0,0,0,0,0,2,0
5394,1983,5,5,0,0,0,0,0,0,1,0
5394,1984,3,3,0,0,0,0,0,0,2,0
5394,1985,12,11,1,0,0,0,1,0,5,0
5394,1986,15,15,3,0,0,2,0,0,8,0
5394,1987,9,8,1,0,0,0,1,0,2,0
5395,1976,7,7,2,0,0,0,0,0,2,0
5395,1977,6,5,0,0,0,0,1,0,1,0
5395,1981,3,3,1,0,0,0,0,0,0,0
5395,1983,4,4,0,0,0,0,0,0,1,0
5405,1985,7,7,1,0,0,0,0,0,2,0
5405,1986,5,5,2,1,0,0,0,0,1,0
5405,1987,12,9,4,1,0,2,3,0,0,0
5405,1988,9,7,2,0,0,0,0,1,1,1
5405,1989,10,10,2,0,1,0,0,0,0,0
5405,1990,6,5,2,0,0,0,1,0,0,0
5405,1992,3,3,1,0,0,0,0,0,1,0
5414,1992,2,2,1,0,0,0,0,0,0,0
5419,1990,6,6,3,0,0,0,0,0,0,0
5423,1984,6,4,1,0,0,0,2,0,0,0
5423,1989,7,7,3,0,0,0,0,0,2,0
5423,1990,3,3,1,1,0,0,0,0,1,0
5423,1992,3,3,1,0,0,1,0,0,2,0
5433,1970,2,1,0,0,0,0,0,0,0,0
5453,1988,14,13,6,1,0,0,0,1,2,0
5453,1989,10,10,2,0,0,0,0,0,0,0
5461,1992,7,6,1,0,1,0,1,0,0,0
5477,1988,7,7,1,0,0,0,0,0,3,0
5504,1983,3,3,1,0,0,0,0,0,0,0
5523,1970,10,10,4,0,0,1,0,0,1,0
5523,1971,7,7,2,0,0,0,0,0,1,0
5523,1972,3,3,1,0,0,0,0,0,0,0
5523,1973,12,11,2,0,0,0,1,0,4,0
5523,1974,14,11,0,0,0,0,2,1,2,0
5523,1976,10,10,2,0,0,0,0,0,0,0
5530,1970,1,0,0,0,0,0,0,0,0,0
5532,1970,3,3,2,0,0,0,0,0,0,0
5534,1980,1,1,1,0,0,1,0,0,0,0
5534,1984,4,4,3,0,0,0,0,0,0,0
5534,1985,8,7,0,0,0,0,0,1,1,0
5534,1986,8,8,3,0,0,0,0,0,2,0
5543,1973,7,7,1,0,0,0,0,0,4,0
5543,1974,3,3,2,0,0,1,0,0,0,0
5543,1975,8,7,3,0,0,1,1,0,3,0
5545,1970,3,3,2,1,0,0,0,0,0,0
5545,1971,7,6,2,0,0,1,1,0,2,0
5552,1979,3,2,0,0,0,0,1,0,1,0
5553,1984,10,8,1,1,0,0,2,0,1,0
5555,1970,6,5,1,0,0,0,1,0,3,0
5555,1971,7,7,2,0,0,0,0,0,0,0
5555,1972,11,11,2,0,0,1,0,0,4,0
5555,1979,7,6,1,0,0,0,1,0,1,0
5555,1980,6,6,2,2,0,0,0,0,1,0
5571,1990,4,4,3,0,0,0,0,0,0,0
5571,1992,4,4,0,0,0,0,0,0,0,0
5572,1976,4,4,0,0,0,0,0,0,2,0
5572,1977,2,2,1,0,0,0,0,0,1,0
5587,1986,4,4,0,0,0,0,0,0,1,0
5604,1973,11,10,5,0,0,0,0,0,3,0
5604,1974,3,3,0,0,0,0,0,0,1,0
5604,1975,3,3,0,0,0,0,0,0,1,0
5604,1976,7,7,3,0,0,0,0,0,1,0
5611,1976,4,3,0,0,0,0,0,0,1,0
5611,1984,3,2,1,0,0,0,0,1,0,0
5611,1985,11,9,1,0,0,0,1,1,3,0
5626,1970,1,1,0,0,0,0,0,0,1,0
5626,1971,3,3,1,1,0,0,0,0,2,0
5626,1972,1,1,0,0,0,0,0,0,0,0
5644,1981,3,3,1,0,0,0,0,0,0,0
5644,1985,2,2,0,0,0,0,0,0,1,0
5653,1976,1,1,0,0,0,0,0,0,1,0
5653,1977,8,8,3,1,0,0,0,0,3,0
5653,1984,7,7,1,0,0,0,0,0,1,0
5653,1985,8,8,1,0,0,1,0,0,2,0
5653,1986,14,12,0,0,0,0,2,0,2,0
5657,1979,2,2,0,0,0,0,0,0,1,0
5663,1989,4,4,0,0,0,0,0,0,1,0
5678,1980,8,6,1,0,0,0,2,0,1,0
5680,1992,3,3,0,0,0,0,0,0,1,0
5684,1970,3,3,0,0,0,0,0,0,2,0
5684,1971,8,8,2,0,0,0,0,0,1,0
5685,1989,4,3,0,0,0,0,1,0,1,0
5685,1990,2,2,0,0,0,0,0,0,0,0
5689,1976,8,7,1,1,0,0,0,0,1,0
5689,1977,7,6,1,0,0,0,1,0,2,0
5689,1979,1,1,0,0,0,0,0,0,1,0
5689,1980,1,1,1,0,0,0,0,0,0,0
5695,1986,12,12,6,3,0,0,0,0,1,0
5695,1987,10,10,3,0,0,2,0,0,1,0
5695,1988,4,4,2,0,0,0,0,0,1,0
5695,1992,7,5,2,0,0,0,2,0,0,0
5710,1983,4,4,3,0,0,0,0,0,0,0
5715,1977,3,2,0,0,0,0,1,0,0,0
5717,1980,3,2,0,0,0,0,0,0,0,0
5724,1971,3,2,0,0,0,0,1,0,0,0
5724,1974,8,8,1,0,0,0,0,0,1,0
5736,1990,3,3,2,0,0,1,0,0,0,0
5762,1983,2,2,1,0,0,0,0,0,0,0
5762,1984,6,6,0,0,0,0,0,0,1,0
5762,1985,6,5,1,0,0,0,1,0,1,0
5762,1986,3,3,0,0,0,0,0,0,0,0
5776,1989,6,5,2,0,0,0,0,0,1,0
5776,1990,2,2,0,0,0,0,0,0,0,0
5776,1992,3,3,0,0,0,0,0,0,0,0
5791,1979,5,3,1,0,0,0,1,0,0,0
5791,1980,3,3,1,0,1,0,0,0,0,0
5792,1992,5,4,1,1,0,0,0,0,1,0
5793,1970,7,7,0,0,0,0,0,0,0,0
5793,1971,4,3,0,0,0,0,1,0,1,0
5793,1972,12,7,2,1,0,1,5,0,0,0
5793,1973,17,17,4,1,0,0,0,0,4,0
5793,1974,12,12,1,0,0,0,0,0,4,0
5793,1975,18,17,1,0,1,0,1,0,4,0
5793,1976,17,16,5,0,1,0,0,1,3,0
5793,1977,8,8,0,0,0,0,0,0,5,0
5809,1977,7,7,0,0,0,0,0,0,2,0
5809,1981,3,3,1,1,0,0,0,0,1,0
5809,1983,6,4,0,0,0,0,2,0,2,0
5809,1984,3,3,1,0,0,0,0,0,0,0
5821,1979,6,6,2,0,0,0,0,0,1,0
5821,1980,6,5,0,0,0,0,1,0,1,0
5822,1970,5,3,2,0,0,0,2,0,0,0
5822,1971,8,8,3,0,0,0,0,0,3,0
5822,1972,3,3,0,0,0,0,0,0,2,0
5823,1970,3,3,1,1,0,0,0,0,0,0
5823,1971,6,6,2,0,0,0,0,0,0,0
5823,1972,4,4,1,0,0,0,0,0,2,0
5825,1978,3,3,0,0,0,0,0,0,2,0
5825,1979,3,3,1,1,0,0,0,0,1,0
5825,1980,4,4,1,0,0,0,0,0,1,0
5825,1987,10,10,1,0,0,0,0,0,0,0
5825,1988,5,5,0,0,0,0,0,0,1,0
5827,1992,2,2,1,1,0,0,0,0,1,0
5831,1970,2,2,1,0,0,0,0,0,0,0
5831,1971,16,15,3,1,0,1,0,0,2,0
5831,1972,2,2,0,0,0,0,0,0,0,0
5861,1984,1,1,0,0,0,0,0,0,0,0
5861,1985,2,1,0,0,0,0,0,0,0,0
5874,1971,2,2,0,0,0,0,0,0,1,0
5885,1976,5,5,1,0,0,0,0,0,1,0
5891,1978,7,7,1,0,0,0,0,0,4,0
5891,1979,6,5,2,0,0,1,1,0,1,0
5891,1980,8,8,0,0,0,0,0,0,0,0
5891,1984,7,6,2,0,0,1,1,0,0,0
5891,1985,8,8,0,0,0,0,0,0,3,0
5894,1972,2,2,0,0,0,0,0,0,1,0
5899,1986,8,8,0,0,0,0,0,0,4,0
5899,1987,9,9,2,0,0,0,0,0,0,0
5899,1988,8,8,2,0,0,0,0,0,1,0
5899,1989,8,6,1,0,0,0,2,0,1,0
5923,1970,11,9,0,0,0,0,2,0,0,0
5923,1971,14,14,2,0,0,0,0,0,2,0
5923,1972,18,17,7,1,0,0,0,1,2,0
5923,1973,20,17,5,1,1,0,0,0,4,2
5923,1977,4,4,1,0,0,0,0,0,1,0
5930,1983,9,8,1,0,0,0,1,0,2,0
5930,1984,9,8,2,0,0,1,0,0,4,1
5930,1985,10,8,2,0,0,2,2,0,1,0
5930,1986,6,6,5,1,0,4,0,0,0,0
5930,1988,9,7,3,0,0,2,0,2,1,0
5930,1989,2,2,1,0,0,0,0,0,0,0
5930,1990,5,5,0,0,0,0,0,0,3,0
5949,1970,2,1,0,0,0,0,0,0,0,0
5949,1971,4,3,0,0,0,0,0,0,1,0
5963,1978,2,2,1,1,0,0,0,0,0,0
5967,1979,6,6,4,0,0,0,0,0,0,0
5967,1980,9,9,3,1,0,0,0,0,0,0
5967,1987,15,15,4,1,0,0,0,0,1,0
5969,1992,9,8,5,0,0,0,0,1,0,0
5971,1970,3,3,0,0,0,0,0,0,0,0
5971,1971,3,3,0,0,0,0,0,0,1,0
5976,1972,1,1,0,0,0,0,0,0,0,0
5977,1975,4,4,1,0,0,0,0,0,1,0
5983,1979,8,6,1,0,0,0,0,0,1,0
6024,1971,8,7,2,1,0,0,1,0,0,0
6027,1992,5,5,0,0,0,0,0,0,0,0
6044,1978,3,3,2,0,0,0,0,0,1,0
6044,1979,9,7,2,0,0,1,1,0,1,1
6047,1971,2,2,0,0,0,0,0,0,1,0
6058,1983,3,2,1,0,0,0,0,1,1,0
6077,1980,2,2,2,0,0,0,0,0,0,0
6085,1970,10,9,3,0,0,0,1,0,1,0
6085,1971,6,4,1,0,1,0,2,0,1,0
6085,1972,6,6,0,0,0,0,0,0,1,0
6085,1973,7,7,3,0,0,0,0,0,0,0
6085,1974,6,6,0,0,0,0,0,0,0,0
6093,1975,4,4,1,0,0,0,0,0,0,0
6093,1976,14,14,5,2,0,0,0,0,3,0
6093,1977,12,10,1,0,0,0,0,0,3,1
6095,1988,2,2,0,0,0,0,0,0,2,0
6096,1983,1,1,0,0,0,0,0,0,0,0
6103,1976,1,1,1,0,0,0,0,0,0,0
6103,1977,3,3,1,1,0,0,0,0,1,0
6120,1978,3,3,0,0,0,0,0,0,3,0
6120,1980,2,2,0,0,0,0,0,0,1,0
6121,1977,11,10,3,1,0,0,1,0,2,0
6123,1978,5,5,1,0,0,0,0,0,2,0
6123,1986,8,7,2,1,0,0,1,0,2,0
6123,1987,5,5,0,0,0,0,0,0,2,0
6135,1971,7,6,1,1,0,0,1,0,1,0
6135,1972,15,13,1,0,0,0,2,0,5,0
6135,1973,8,8,1,1,0,0,0,0,1,0
6135,1974,10,7,0,0,0,0,2,1,4,0
6135,1975,13,11,3,1,0,0,2,0,2,0
6135,1976,8,7,1,0,0,0,1,0,2,0
6156,1971,1,1,0,0,0,0,0,0,1,0
6159,1979,4,3,1,1,0,0,0,0,0,0
6171,1977,3,3,0,0,0,0,0,0,1,0
6173,1978,1,1,0,0,0,0,0,0,1,0
6173,1979,3,3,0,0,0,0,0,0,1,0
6173,1980,3,2,0,0,0,0,1,0,1,0
6191,1981,6,5,2,0,0,0,1,0,0,0
6191,1983,3,2,1,0,0,0,0,0,0,1
6191,1984,7,6,1,0,0,0,1,0,1,0
6191,1985,1,1,0,0,0,0,0,0,1,0
6191,1986,7,6,2,0,0,0,0,1,0,0
6191,1987,10,9,4,1,0,0,1,0,0,0
6191,1988,7,6,2,0,0,0,0,0,0,0
6191,1989,11,11,3,0,0,0,0,0,1,0
6203,1989,6,6,1,0,0,0,0,0,0,0
6203,1990,5,5,2,1,0,0,0,0,0,0
6203,1992,6,6,1,0,0,0,0,0,1,0
6232,1983,3,2,0,0,0,0,1,0,1,0
6232,1984,6,5,3,2,0,0,1,0,1,0
6232,1989,6,6,1,0,0,1,0,0,1,0
6241,1980,8,8,2,0,0,0,0,0,0,0
6241,1983,11,11,4,1,1,0,0,0,2,0
6241,1984,11,11,4,0,0,1,0,0,1,0
6241,1985,17,16,6,1,1,0,0,1,0,0
6241,1986,11,11,3,0,0,0,0,0,1,0
6243,1983,5,4,0,0,0,0,0,0,1,1
6243,1984,9,8,3,1,0,1,1,0,3,0
6269,1983,5,4,1,0,0,0,1,0,0,0
6269,1984,4,4,0,0,0,0,0,0,2,0
6269,1986,9,8,3,0,0,0,0,0,1,1
6269,1987,4,3,1,0,0,0,1,0,0,0
6269,1988,2,2,2,1,0,0,0,0,0,0
6305,1974,4,4,0,0,0,0,0,0,1,0
6306,1989,6,6,1,0,0,0,0,0,2,0
6306,1990,2,2,1,0,0,0,0,0,0,0
6306,1992,2,2,1,0,0,0,0,0,0,0
6320,1975,10,9,3,1,0,1,1,0,2,0
6320,1976,14,9,4,0,1,0,4,0,2,0
6320,1977,8,8,1,0,0,0,0,0,4,0
6320,1980,13,11,4,1,0,0,2,0,4,0
6320,1981,4,3,0,0,0,0,1,0,0,0
6336,1992,5,5,0,0,0,0,0,0,1,0
6343,1978,6,6,0,0,0,0,0,0,3,0
6343,1980,6,6,2,1,0,0,0,0,0,0
6345,1976,16,16,2,0,0,0,0,0,4,0
6345,1977,9,8,3,0,0,0,0,1,2,0
6345,1983,8,5,2,0,0,0,1,2,1,0
6345,1984,8,7,1,0,0,0,1,0,2,0
6345,1985,6,6,1,1,0,0,0,0,1,0
6345,1986,7,5,1,0,0,0,1,1,0,0
6345,1987,4,4,2,0,0,0,0,0,1,0
6345,1988,2,2,0,0,0,0,0,0,0,0
6345,1989,10,9,3,1,0,0,0,1,1,0
6358,1970,3,3,1,0,0,0,0,0,0,0
6358,1971,8,7,2,0,0,0,0,0,1,0
6358,1972,2,2,0,0,0,0,0,0,2,0
6358,1973,7,6,1,0,0,0,1,0,4,0
6359,1979,2,1,0,0,0,0,1,0,1,0
6359,1988,6,6,1,0,0,0,0,0,2,0
6359,1989,7,7,2,0,0,1,0,0,1,0
6359,1990,2,2,0,0,0,0,0,0,0,0
6394,1992,6,6,1,0,0,0,0,0,2,0
6405,1975,3,2,0,0,0,0,1,0,0,0
6405,1976,7,5,1,0,0,0,0,0,1,0
6405,1977,4,4,1,0,0,1,0,0,1,0
6443,1975,3,3,0,0,0,0,0,0,2,0
6462,1988,3,3,0,0,0,0,0,0,1,0
6462,1989,3,3,0,0,0,0,0,0,1,0
6462,1990,7,6,1,0,0,0,1,0,0,0
6465,1974,3,3,0,0,0,0,0,0,0,0
6467,1992,6,6,3,0,0,0,0,0,2,0
6469,1985,12,10,3,1,0,0,0,1,1,1
6471,1979,3,3,2,1,0,0,0,0,1,0
6485,1992,4,4,1,1,0,0,0,0,0,0
6487,1973,1,1,0,0,0,0,0,0,0,0
6487,1975,1,1,1,1,0,0,0,0,0,0
6505,1971,5,5,0,0,0,0,0,0,4,0
6516,1992,7,7,1,0,0,0,0,0,2,0
6525,1972,2,2,0,0,0,0,0,0,1,0
6526,1973,4,4,1,0,0,0,0,0,1,0
6537,1972,2,2,0,0,0,0,0,0,2,0
6556,1978,1,1,1,0,0,0,0,0,0,0
6563,1977,4,4,0,0,0,0,0,0,1,0
6564,1978,5,5,2,1,0,0,0,0,1,0
6564,1979,12,10,3,0,0,0,1,0,1,0
6564,1980,7,6,0,0,0,0,1,0,1,0
6564,1983,2,2,0,0,0,0,0,0,0,0
6607,1972,8,8,0,0,0,0,0,0,4,0
6607,1973,1,1,0,0,0,0,0,0,0,0
6607,1974,7,7,1,0,0,0,0,0,3,0
6614,1971,4,3,1,0,0,0,1,0,0,0
6614,1972,3,2,0,0,0,0,1,0,1,0
6614,1973,4,4,1,0,0,0,0,0,0,0
6614,1974,14,10,3,1,0,0,4,0,0,0
6614,1975,3,3,0,0,0,0,0,0,1,0
6614,1976,8,7,2,0,0,0,1,0,1,0
6614,1977,4,2,2,0,0,0,2,0,0,0
6614,1981,3,3,0,0,0,0,0,0,3,0
6614,1983,5,5,0,0,0,0,0,0,1,0
6614,1984,9,9,2,0,0,0,0,0,3,0
6614,1985,2,2,0,0,0,0,0,0,0,0
6622,1986,3,3,1,0,0,0,0,0,1,0
6631,1980,1,1,0,0,0,0,0,0,1,0
6657,1978,9,7,1,0,0,0,2,0,0,0
6657,1979,4,4,0,0,0,0,0,0,1,0
6667,1990,5,4,1,0,0,0,1,0,0,0
6673,1978,13,10,2,0,0,1,1,1,5,0
6673,1979,18,14,3,0,0,1,4,0,2,0
6673,1980,8,7,2,2,0,0,1,0,2,0
6673,1981,4,3,1,0,0,0,1,0,2,0
6673,1983,6,6,1,0,0,0,0,0,1,0
6673,1984,6,3,2,0,0,0,3,0,0,0
6681,1975,3,3,2,1,0,0,0,0,0,0
6681,1976,2,2,1,0,1,0,0,0,1,0
6681,1977,2,2,1,0,0,0,0,0,0,0
6681,1981,12,12,4,1,0,0,0,0,2,0
6681,1983,6,6,3,2,0,0,0,0,0,0
6681,1985,5,4,3,0,0,1,1,0,0,0
6681,1986,7,7,0,0,0,0,0,0,2,0
6681,1987,10,10,4,0,0,3,0,0,2,0
6681,1988,6,6,3,0,0,2,0,0,1,0
6681,1989,9,9,3,0,0,0,0,0,1,0
6687,1985,4,4,1,1,0,0,0,0,0,0
6687,1986,4,4,1,0,0,0,0,0,1,0
6687,1987,4,4,1,0,0,0,0,0,1,0
6687,1988,10,10,3,2,0,0,0,0,0,0
6687,1989,5,5,0,0,0,0,0,0,0,0
6690,1970,3,3,0,0,0,0,0,0,0,0
6690,1971,2,2,0,0,0,0,0,0,1,0
6690,1972,3,3,0,0,0,0,0,0,3,0
6692,1992,5,5,2,0,0,1,0,0,1,0
6699,1988,3,3,1,0,0,0,0,0,0,0
6699,1989,1,1,0,0,0,0,0,0,0,0
6699,1990,7,7,2,0,0,0,0,0,0,0
6699,1992,4,4,2,0,0,1,0,0,0,0
6723,1990,3,2,0,0,0,0,1,0,1,0
6723,1992,9,7,2,0,0,0,1,1,1,0
6733,1971,1,1,1,0,0,0,0,0,0,0
6733,1972,12,9,3,0,0,0,3,0,3,0
6733,1973,3,3,2,0,0,0,0,0,0,0
6733,1974,2,2,2,0,0,0,0,0,0,0
6733,1975,4,3,1,0,0,0,1,0,2,0
6733,1977,4,4,0,0,0,0,0,0,1,0
6733,1978,15,14,3,1,0,0,1,0,2,0
6733,1979,5,5,0,0,0,0,0,0,0,0
6733,1980,8,6,1,0,0,0,2,0,3,0
6734,1978,13,12,2,0,0,0,1,0,1,0
6734,1979,13,11,7,0,0,0,1,0,1,0
6734,1980,7,7,4,1,0,1,0,0,1,0
6736,1978,1,1,1,0,0,0,0,0,0,0
6742,1987,3,3,0,0,0,0,0,0,2,0
6743,1978,10,10,2,0,0,0,0,0,0,0
6743,1979,3,3,1,0,1,0,0,0,0,0
6743,1987,7,6,0,0,0,0,1,0,1,0
6793,1990,6,6,1,0,0,0,0,0,2,0
6793,1992,3,3,1,0,1,0,0,0,0,0
6804,1977,3,3,1,0,0,0,0,0,1,0
6813,1971,4,4,1,0,0,0,0,0,1,0
6813,1972,6,6,0,0,0,0,0,0,2,0
6813,1973,2,2,1,0,0,0,0,0,0,0
6813,1974,10,9,1,0,0,0,0,0,1,0
6817,1977,7,7,3,1,0,0,0,0,2,0
6825,1975,4,4,1,0,0,0,0,0,1,0
6825,1976,15,13,5,1,0,1,2,0,4,0
6825,1977,5,4,1,0,0,0,1,0,2,0
6825,1983,8,7,1,0,0,0,1,0,0,0
6825,1984,7,7,2,0,0,0,0,0,1,0
6825,1985,8,8,3,1,0,0,0,0,2,0
6825,1986,13,13,2,0,0,0,0,0,0,0
6825,1987,7,6,2,1,0,0,1,0,0,0
6829,1987,4,4,0,0,0,0,0,0,0,0
6829,1988,3,3,1,0,0,0,0,0,0,0
6829,1990,5,5,1,1,0,0,0,0,1,0
6874,1972,2,2,0,0,0,0,0,0,1,0
6874,1973,5,5,2,1,0,0,0,0,1,0
6906,1971,4,4,0,0,0,0,0,0,0,0
6906,1973,3,3,1,0,0,0,0,0,1,0
6906,1974,9,9,2,1,0,0,0,0,4,0
6906,1975,6,6,2,0,0,0,0,0,1,0
6906,1976,2,2,0,0,0,0,0,0,1,0
6906,1984,1,1,0,0,0,0,0,0,0,0
6910,1988,3,3,0,0,0,0,0,0,1,0
6910,1989,3,3,1,1,0,0,0,0,0,0
6910,1992,3,3,2,0,0,0,0,0,0,0
6911,1992,6,6,2,0,0,1,0,0,0,0
6924,1990,2,2,1,0,0,0,0,0,0,0
6924,1992,4,4,3,0,0,1,0,0,0,0
6933,1979,3,3,1,0,0,0,0,0,0,0
6933,1980,13,12,4,1,1,0,1,0,3,0
6933,1982,3,3,1,1,0,0,0,0,0,0
6945,1980,2,2,1,0,0,0,0,0,1,0
6981,1992,3,2,0,0,0,0,1,0,0,0
6990,1987,4,4,1,0,0,0,0,0,1,0
6990,1992,2,2,0,0,0,0,0,0,0,0
6996,1973,4,3,1,0,0,0,1,0,1,0
6996,1974,6,6,2,0,1,0,0,0,2,0
6996,1975,8,7,0,0,0,0,0,0,2,0
6996,1976,11,9,2,1,0,0,0,0,2,0
6996,1979,5,4,0,0,0,0,1,0,2,0
7008,1970,7,7,2,0,0,0,0,0,3,0
7008,1971,3,3,0,0,0,0,0,0,2,0
7030,1970,1,1,0,0,0,0,0,0,0,0
7046,1984,4,3,1,0,0,0,0,1,1,0
7046,1985,9,6,4,1,1,0,2,0,1,1
7046,1986,16,16,3,0,0,2,0,0,1,0
7046,1987,4,3,1,0,0,1,1,0,1,0
7046,1988,2,0,0,0,0,0,2,0,0,0
7046,1989,9,9,6,0,0,0,0,0,1,0
7046,1990,2,2,1,0,0,0,0,0,0,0
7046,1992,5,5,2,0,0,0,0,0,0,0
7047,1978,7,6,0,0,0,0,0,0,3,0
7047,1979,7,6,2,0,0,1,1,0,0,0
7047,1980,7,7,3,0,0,1,0,0,1,0
7056,1985,4,3,1,0,0,0,1,0,0,0
7068,1972,2,1,0,0,0,0,0,0,1,0
7068,1973,3,3,0,0,0,0,0,0,1,0
7068,1974,7,5,0,0,0,0,2,0,1,0
7074,1970,7,7,1,1,0,0,0,0,0,0
7074,1971,7,6,0,0,0,0,1,0,1,0
7074,1972,9,8,2,2,0,0,1,0,0,0
7074,1973,12,12,3,1,0,0,0,0,4,0
7074,1974,11,9,3,0,0,1,2,0,3,0
7074,1975,13,11,3,1,0,1,2,0,4,0
7074,1976,12,10,4,0,0,0,2,0,1,0
7074,1977,5,4,0,0,0,0,1,0,2,0
7078,1970,11,9,3,0,0,0,2,0,3,0
7078,1971,14,13,3,0,0,0,1,0,2,0
7078,1972,13,12,4,1,0,0,0,0,1,0
7078,1973,7,6,3,1,0,0,1,0,0,0
7078,1974,7,7,2,0,0,0,0,0,1,0
7082,1975,8,7,3,0,0,1,1,0,0,0
7082,1976,8,7,1,0,0,0,1,0,2,0
7082,1977,12,11,4,0,0,0,1,0,3,0
7082,1982,3,3,2,1,0,1,0,0,1,0
7083,1977,3,3,1,1,0,0,0,0,0,0
7083,1980,8,8,3,0,0,0,0,0,1,0
7084,1970,3,3,0,0,0,0,0,0,2,0
7084,1971,3,3,2,0,0,0,0,0,1,0
7084,1978,1,1,0,0,0,0,0,0,1,0
7090,1972,14,12,4,0,0,0,2,0,2,0
7090,1973,18,17,4,0,1,1,1,0,3,0
7090,1974,15,13,3,0,0,0,2,0,4,0
7090,1975,15,11,5,2,0,1,4,0,3,0
7090,1976,19,15,1,0,0,0,4,0,4,0
7090,1977,11,8,2,0,0,0,3,0,4,0
7090,1981,8,7,1,0,0,0,1,0,2,0
7091,1970,3,3,2,0,0,1,0,0,0,0
7091,1971,4,4,0,0,0,0,0,0,2,0
7095,1992,6,6,0,0,0,0,0,0,1,0
7109,1978,19,18,4,1,0,0,1,0,1,0
7109,1979,21,18,7,0,0,0,3,0,4,0
7109,1980,10,10,2,0,0,0,0,0,1,0
7109,1982,2,0,0,0,0,0,2,0,0,0
7118,1970,7,4,0,0,0,0,3,0,0,0
7118,1971,8,7,1,0,0,1,1,0,1,0
7118,1972,11,11,2,0,0,0,0,0,1,0
7118,1973,12,11,2,0,0,0,1,0,2,0
7118,1974,2,2,1,0,0,1,0,0,0,0
7121,1978,14,13,4,3,0,0,0,1,3,0
7121,1979,20,18,4,0,0,1,1,0,3,0
7121,1980,8,8,2,1,0,0,0,0,1,0
7144,1978,4,3,0,0,0,0,1,0,1,0
7144,1979,15,14,5,1,0,0,0,0,0,1
7164,1976,2,1,0,0,0,0,1,0,0,0
7164,1978,10,10,4,1,0,0,0,0,1,0
7164,1979,6,5,2,1,0,0,1,0,1,0
7164,1980,1,0,0,0,0,0,1,0,0,0
7170,1970,11,11,2,0,0,0,0,0,4,0
7170,1971,7,7,3,1,1,0,0,0,1,0
7170,1972,7,7,1,0,0,0,0,0,2,0
7170,1973,20,18,2,1,0,0,2,0,1,0
7170,1974,6,5,2,1,0,0,1,0,0,0
7170,1975,2,2,0,0,0,0,0,0,0,0
7198,1985,13,12,3,0,0,2,1,0,5,0
7198,1986,8,7,3,1,1,0,1,0,2,0
7198,1987,5,5,4,0,0,3,0,0,0,0
7198,1988,10,7,1,0,0,0,3,0,3,0
7198,1989,1,1,1,0,0,0,0,0,0,0
7200,1970,2,1,0,0,0,0,0,0,1,0
7224,1987,8,6,1,0,0,1,2,0,5,0
7224,1988,2,2,0,0,0,0,0,0,0,0
7224,1989,7,6,1,0,0,0,0,1,3,0
7224,1990,5,5,2,0,0,0,0,0,1,0
7237,1987,6,6,0,0,0,0,0,0,0,0
7237,1988,6,5,1,0,0,0,0,0,2,0
7237,1989,3,2,1,0,0,0,1,0,0,0
7237,1990,3,2,1,1,0,0,1,0,1,0
7237,1992,3,3,1,0,0,1,0,0,0,0
7245,1981,4,3,2,0,0,0,0,1,1,0
7245,1982,1,1,1,0,0,0,0,0,0,0
7254,1970,6,6,0,0,0,0,0,0,2,0
7254,1971,4,4,1,0,0,0,0,0,0,0
7254,1972,7,7,1,0,0,0,0,0,0,0
7261,1970,2,1,0,0,0,0,0,0,0,0
7261,1971,2,1,0,0,0,0,0,0,0,0
7264,1987,7,6,2,1,0,0,1,0,3,0
7264,1992,2,2,0,0,0,0,0,0,0,0
7280,1970,8,7,2,0,0,0,1,0,1,0
7280,1971,17,16,5,2,0,0,1,0,1,0
7280,1972,3,3,1,0,0,0,0,0,0,0
7280,1976,11,10,2,0,0,0,1,0,2,0
7281,1971,2,2,1,1,0,0,0,0,1,0
7288,1972,1,1,0,0,0,0,0,0,0,0
7293,1992,5,5,0,0,0,0,0,0,0,0
7294,1973,7,7,0,0,0,0,0,0,2,0
7294,1974,11,9,3,1,0,0,2,0,2,0
7294,1975,11,8,3,0,0,1,1,0,0,0
7294,1976,16,13,5,0,0,0,3,0,0,0
7294,1977,15,15,5,0,0,1,0,0,2,0
7294,1981,3,3,0,0,0,0,0,0,2,0
7294,1982,3,3,1,1,0,0,0,0,2,0
7294,1984,8,7,2,0,1,0,1,0,3,0
7294,1986,1,1,0,0,0,0,0,0,0,0
7296,1992,2,2,0,0,0,0,0,0,0,0
7298,1984,4,4,0,0,0,0,0,0,1,0
7298,1985,3,3,3,0,0,0,0,0,0,0
7298,1986,7,7,1,1,0,0,0,0,3,0
7298,1987,3,3,1,0,0,0,0,0,2,0
7298,1988,2,2,1,0,0,0,0,0,0,0
7344,1978,1,1,0,0,0,0,0,0,0,0
7355,1970,9,7,1,1,0,0,2,0,1,0
7355,1971,7,7,2,0,0,0,0,0,2,0
7355,1972,3,3,1,0,0,0,0,0,1,0
7355,1973,15,14,2,1,0,0,0,1,5,0
7355,1974,7,7,0,0,0,0,0,0,0,0
7355,1975,18,14,0,0,0,0,3,1,7,0
7355,1976,9,9,1,0,0,0,0,0,2,0
7355,1977,4,4,1,0,0,0,0,0,1,0
7359,1990,5,5,1,0,0,0,0,0,1,0
7369,1981,4,4,1,0,0,0,0,0,0,0
7382,1973,10,9,1,0,0,0,1,0,0,0
7382,1974,3,2,1,0,0,0,1,0,1,0
7382,1975,14,13,4,0,0,0,1,0,1,0
7382,1978,1,1,0,0,0,0,0,0,0,0
7406,1992,2,2,1,0,0,0,0,0,1,0
7412,1971,5,5,1,0,0,0,0,0,1,0
7412,1972,7,7,3,1,0,0,0,0,3,0
7419,1978,3,3,2,0,0,0,0,0,0,0
7419,1979,5,5,1,0,0,0,0,0,0,0
7419,1980,1,1,0,0,0,0,0,0,0,0
7427,1975,9,8,2,1,0,0,1,0,2,0
7427,1976,11,11,3,0,0,0,0,0,0,0
7427,1977,8,8,2,0,0,0,0,0,1,0
7427,1981,8,7,5,1,0,0,1,0,0,0
7427,1982,1,1,0,0,0,0,0,0,0,0
7427,1984,1,1,1,0,1,0,0,0,0,0
7438,1970,3,3,0,0,0,0,0,0,0,0
7438,1971,10,9,4,1,0,0,1,0,1,0
7438,1972,7,7,3,0,1,0,0,0,1,0
7438,1973,7,7,2,0,0,0,0,0,2,0
7438,1974,3,3,2,1,0,0,0,0,1,0
7451,1977,3,3,2,1,0,0,0,0,0,0
7451,1984,2,2,1,0,0,0,0,0,0,0
7455,1975,10,10,2,0,0,0,0,0,5,0
7455,1976,3,3,0,0,0,0,0,0,0,0
7466,1980,2,2,0,0,0,0,0,0,1,0
7471,1986,3,3,0,0,0,0,0,0,0,0
7471,1987,3,2,0,0,0,0,0,0,0,1
7488,1992,4,4,3,0,0,0,0,0,0,0
7504,1973,6,6,1,0,0,0,0,0,1,0
7504,1974,4,3,0,0,0,0,0,0,2,0
7504,1981,6,6,3,0,1,1,0,0,1,0
7504,1983,1,1,0,0,0,0,0,0,0,0
7504,1984,2,2,1,0,0,0,0,0,1,0
7505,1990,6,6,2,2,0,0,0,0,1,0
7505,1992,7,6,1,1,0,0,1,0,1,0
7525,1970,2,2,2,1,0,0,0,0,0,0
7525,1972,10,7,0,0,0,0,3,0,3,0
7552,1983,8,8,0,0,0,0,0,0,4,0
7553,1973,3,3,0,0,0,0,0,0,2,0
7553,1975,3,2,1,0,0,0,1,0,1,0
7560,1992,4,4,1,1,0,0,0,0,0,0
7827,1975,1,1,0,0,0,0,0,0,0,0
7846,1981,8,8,2,1,0,0,0,0,1,0
7846,1982,3,3,0,0,0,0,0,0,3,0
7846,1983,9,9,3,1,0,0,0,0,1,0
7846,1985,7,7,1,1,0,0,0,0,3,0
7846,1986,9,8,1,0,0,0,1,0,3,0
7846,1987,10,8,1,0,0,0,2,0,0,0
7846,1988,13,12,5,3,0,0,0,0,0,0
7846,1989,8,8,4,1,0,0,0,0,1,0
7846,1990,7,5,1,1,0,0,2,0,1,0
7846,1992,6,6,1,0,0,0,0,0,1,0
7858,1970,2,2,0,0,0,0,0,0,2,0
7858,1971,13,13,1,0,0,0,0,0,5,0
7858,1978,3,3,2,1,0,0,0,0,1,0
7858,1980,3,3,2,1,0,1,0,0,1,0
7861,1973,11,10,3,0,1,0,0,0,1,0
7861,1974,9,9,2,0,0,1,0,0,0,0
7861,1975,1,1,0,0,0,0,0,0,0,0
7861,1976,8,7,4,1,0,1,1,0,0,0
7861,1977,8,6,1,0,0,0,1,1,1,0
7861,1981,10,10,0,0,0,0,0,0,3,0
7861,1982,2,2,1,0,0,0,0,0,0,0
7871,1971,2,2,2,1,0,0,0,0,0,0
7871,1973,3,3,2,1,0,0,0,0,0,0
7878,1979,3,3,1,1,0,0,0,0,2,0
7897,1978,19,19,6,2,0,0,0,0,3,0
7897,1979,13,13,4,1,0,0,0,0,2,0
7897,1980,7,6,3,0,0,0,1,0,1,0
7914,1975,4,4,1,0,0,0,0,0,1,0
7914,1977,6,4,1,0,0,0,1,0,0,1
7914,1982,3,3,0,0,0,0,0,0,1,0
7914,1983,6,5,0,0,0,0,0,1,1,0
7914,1984,3,3,0,0,0,0,0,0,1,0
7914,1985,7,7,0,0,0,0,0,0,4,0
7914,1986,7,7,1,0,0,0,0,0,2,0
7923,1983,2,2,0,0,0,0,0,0,1,0
7946,1978,9,9,3,0,0,1,0,0,0,0
7946,1980,1,0,0,0,0,0,1,0,0,0
7952,1970,7,7,0,0,0,0,0,0,2,0
7952,1972,4,4,1,0,0,0,0,0,3,0
7967,1989,7,7,2,1,0,0,0,0,0,0
7969,1984,3,3,0,0,0,0,0,0,1,0
7969,1985,8,8,2,0,0,0,0,0,0,0
7977,1978,14,13,2,0,0,1,1,0,0,0
7977,1979,6,5,1,0,0,0,0,0,0,1
7977,1980,5,5,2,0,0,0,0,0,0,0
7977,1984,7,5,1,0,0,0,1,0,2,1
8003,1989,3,3,1,0,0,0,0,0,0,0
8005,1978,2,2,0,0,0,0,0,0,0,0
8005,1981,4,3,0,0,0,0,1,0,1,0
8005,1987,4,4,2,1,0,0,0,0,1,0
8024,1984,4,3,2,0,1,0,0,1,0,0
8024,1985,3,3,0,0,0,0,0,0,2,0
8024,1986,3,3,1,0,0,0,0,0,1,0
8024,1987,4,3,0,0,0,0,0,0,0,0
8024,1989,4,4,1,0,0,0,0,0,0,0
8024,1990,3,3,0,0,0,0,0,0,0,0
8025,1971,3,3,2,0,0,2,0,0,0,0
8025,1972,2,1,0,0,0,0,0,1,0,0
8025,1974,8,8,4,1,0,0,0,0,1,0
8026,1981,8,8,1,1,0,0,0,0,3,0
8026,1983,2,2,0,0,0,0,0,0,1,0
8026,1984,7,6,2,0,0,0,1,0,2,0
8026,1985,11,10,5,1,0,2,0,0,0,1
8026,1986,11,11,2,0,0,0,0,0,6,0
8026,1987,8,5,1,0,0,0,3,0,3,0
8026,1988,3,3,2,0,0,1,0,0,0,0
8026,1989,3,3,0,0,0,0,0,0,2,0
8026,1990,5,5,0,0,0,0,0,0,0,0
8038,1978,1,1,1,0,0,0,0,0,0,0
8039,1981,3,3,1,0,0,0,0,0,0,0
8039,1984,8,8,1,0,0,0,0,0,1,0
8039,1985,4,4,1,0,0,0,0,0,2,0
8067,1977,3,3,1,0,0,0,0,0,1,0
8067,1981,3,3,0,0,0,0,0,0,0,0
8067,1983,3,3,1,0,0,0,0,0,1,0
8067,1984,6,6,1,0,0,0,0,0,1,0
8067,1985,12,10,2,1,0,0,2,0,2,0
8067,1986,8,7,0,0,0,0,1,0,3,0
8067,1988,3,3,0,0,0,0,0,0,1,0
8067,1989,6,6,2,0,0,0,0,0,1,0
8071,1978,14,11,2,0,0,0,3,0,2,0
8071,1979,1,1,0,0,0,0,0,0,0,0
8071,1980,7,7,1,0,0,0,0,0,3,0
8071,1981,3,3,2,0,0,0,0,0,0,0
8071,1983,1,1,0,0,0,0,0,0,0,0
8085,1992,9,9,4,1,0,0,0,0,0,0
8091,1970,3,3,2,1,0,0,0,0,0,0
8091,1972,12,11,1,0,0,0,1,0,2,0
8091,1973,7,5,3,0,0,0,2,0,0,0
8091,1974,5,4,1,0,0,0,0,1,1,0
8091,1975,10,10,4,0,0,1,0,0,0,0
8091,1976,12,12,4,2,0,0,0,0,0,0
8091,1977,8,7,4,0,0,0,1,0,1,0
8096,1970,6,4,0,0,0,0,2,0,2,0
8096,1971,12,11,5,1,1,1,1,0,0,0
8096,1972,12,12,0,0,0,0,0,0,2,0
8096,1973,7,6,2,0,0,0,0,0,1,1
8096,1974,9,7,3,1,0,0,2,0,1,0
8096,1978,7,7,1,0,0,0,0,0,3,0
8096,1979,7,6,2,0,0,1,1,0,1,0
8096,1981,2,2,0,0,0,0,0,0,1,0
8102,1978,8,8,1,0,0,0,0,0,3,0
8102,1979,6,5,0,0,0,0,0,0,1,1
8102,1980,7,7,0,0,0,0,0,0,3,0
8103,1981,4,3,1,0,0,1,1,0,2,0
8103,1982,1,1,0,0,0,0,0,0,0,0
8103,1983,3,3,2,1,0,0,0,0,0,0
8103,1984,6,5,1,1,0,0,1,0,1,0
8103,1985,8,6,0,0,0,0,2,0,3,0
8103,1986,8,6,0,0,0,0,2,0,4,0
8103,1987,3,2,0,0,0,0,1,0,0,0
8115,1971,3,2,0,0,0,0,0,0,1,0
8115,1972,2,1,0,0,0,0,0,0,0,0
8121,1977,13,13,4,1,0,0,0,0,4,0
8121,1981,3,3,1,0,0,0,0,0,1,0
8121,1983,5,5,3,0,0,0,0,0,1,0
8121,1984,13,10,4,1,0,0,3,0,2,0
8121,1985,3,3,0,0,0,0,0,0,0,0
8121,1986,4,4,2,0,0,0,0,0,1,0
8121,1987,15,14,5,0,0,3,1,0,0,0
8121,1988,6,6,5,0,0,3,0,0,1,0
8126,1977,4,3,0,0,0,0,0,0,2,0
8130,1972,3,3,0,0,0,0,0,0,1,0
8130,1973,5,5,4,0,0,0,0,0,0,0
8130,1974,4,3,1,0,0,0,0,0,1,0
8130,1975,10,10,4,0,0,0,0,0,2,0
8130,1976,9,7,0,0,0,0,2,0,2,0
8144,1990,4,4,2,0,0,0,0,0,0,0
8159,1970,1,0,0,0,0,0,1,0,0,0
8173,1981,10,10,2,0,0,0,0,0,2,0
8173,1984,3,3,0,0,0,0,0,0,1,0
8173,1985,6,6,1,0,0,0,0,0,3,0
8173,1986,6,5,1,0,0,0,0,0,1,0
8182,1979,2,2,0,0,0,0,0,0,1,0
8218,1972,10,8,2,0,0,0,1,1,1,0
8218,1973,9,7,2,1,0,0,1,0,0,0
8218,1974,11,11,4,0,0,0,0,0,1,0
8218,1975,3,3,1,0,0,0,0,0,0,0
8218,1976,2,2,1,0,0,0,0,0,0,0
8218,1977,9,9,4,1,0,0,0,0,1,0
8229,1983,3,3,1,0,0,0,0,0,0,0
8230,1987,3,3,0,0,0,0,0,0,3,0
8232,1971,2,2,1,0,0,0,0,0,0,0
8240,1970,3,3,2,0,0,1,0,0,0,0
8240,1971,15,12,1,0,0,0,3,0,3,0
8240,1972,5,4,0,0,0,0,1,0,1,0
8240,1973,7,4,1,0,0,1,3,0,0,0
8240,1974,9,8,4,0,0,0,1,0,1,0
8240,1975,9,9,3,1,0,0,0,0,1,0
8240,1976,12,12,5,0,0,2,0,0,3,0
8240,1977,7,6,2,1,0,1,1,0,0,0
8240,1981,4,4,0,0,0,0,0,0,1,0
8240,1983,5,4,1,1,0,0,1,0,1,0
8241,1974,3,2,0,0,0,0,1,0,1,0
8242,1974,7,7,1,0,0,0,0,0,2,0
8242,1975,11,10,5,1,0,0,0,0,0,0
8257,1989,7,7,1,0,0,0,0,0,0,0
8257,1990,6,6,2,0,0,0,0,0,0,0
8275,1985,4,3,0,0,0,0,0,0,1,0
8285,1970,3,2,0,0,0,0,0,0,0,0
8285,1972,2,1,0,0,0,0,1,0,0,0
8285,1979,3,3,2,0,0,0,0,0,0,0
8285,1980,2,1,0,0,0,0,0,0,0,0
8287,1978,3,3,0,0,0,0,0,0,2,0
8287,1979,3,3,0,0,0,0,0,0,0,0
8287,1980,5,5,0,0,0,0,0,0,1,0
8304,1992,2,2,0,0,0,0,0,0,0,0
8317,1987,3,3,1,0,0,0,0,0,0,0
8329,1987,10,9,1,0,0,0,1,0,1,0
8329,1988,2,2,0,0,0,0,0,0,0,0
8329,1989,10,10,4,1,0,0,0,0,1,0
8329,1992,5,4,1,0,0,0,0,0,0,1
8333,1978,9,7,2,0,1,0,2,0,1,0
8333,1979,3,3,0,0,0,0,0,0,1,0
8333,1983,4,4,2,0,0,0,0,0,1,0
8333,1984,3,3,0,0,0,0,0,0,0,0
8346,1975,3,3,0,0,0,0,0,0,1,0
8347,1981,4,4,3,1,0,0,0,0,1,0
8350,1980,1,1,0,0,0,0,0,0,0,0
8351,1979,3,0,0,0,0,0,1,0,0,0
8357,1977,12,12,3,0,0,1,0,0,2,0
8360,1973,17,16,4,0,0,0,1,0,4,0
8360,1974,19,17,7,1,0,0,1,0,3,0
8360,1975,8,8,1,0,0,0,0,0,2,0
8360,1976,13,11,3,0,0,0,2,0,2,0
8360,1978,3,3,2,0,0,0,0,0,1,0
8360,1979,3,2,2,1,0,0,1,0,0,0
8360,1980,5,5,1,1,0,0,0,0,2,0
8362,1970,7,7,2,0,0,2,0,0,1,0
8362,1971,4,4,0,0,0,0,0,0,1,0
8362,1972,10,8,3,1,0,0,1,1,3,0
8362,1973,13,13,3,0,0,0,0,0,5,0
8362,1974,11,11,1,1,0,0,0,0,3,0
8362,1975,12,11,2,0,0,0,1,0,4,0
8400,1975,15,15,3,0,0,0,0,0,2,0
8402,1972,10,9,4,0,0,0,1,0,2,0
8402,1978,1,1,0,0,0,0,0,0,0,0
8406,1978,1,1,0,0,0,0,0,0,0,0
8406,1979,3,3,2,0,0,0,0,0,0,0
8406,1980,13,11,2,0,0,0,2,0,3,0
8407,1980,3,2,0,0,0,0,1,0,0,0
8412,1988,3,3,0,0,0,0,0,0,0,0
8414,1983,5,4,0,0,0,0,1,0,0,0
8414,1984,7,6,1,0,0,1,1,0,0,0
8414,1985,21,21,4,2,0,0,0,0,1,0
8414,1986,7,4,3,0,0,1,3,0,0,0
8414,1987,5,4,2,0,0,1,1,0,1,0
8414,1988,9,7,2,0,0,0,1,0,0,1
8414,1989,10,8,2,0,0,0,1,0,0,1
8414,1990,2,2,1,1,0,0,0,0,0,0
8414,1992,1,1,0,0,0,0,0,0,0,0
8417,1970,12,11,1,0,0,1,1,0,0,0
8417,1971,3,3,1,0,0,0,0,0,0,0
8427,1971,4,4,0,0,0,0,0,0,3,0
8427,1972,1,1,0,0,0,0,0,0,1,0
8434,1980,4,4,2,0,0,0,0,0,1,0
8436,1978,11,10,2,0,0,0,1,0,1,0
8436,1979,4,3,0,0,0,0,1,0,1,0
8436,1980,11,10,3,0,1,1,1,0,1,0
8443,1973,2,2,1,0,0,0,0,0,1,0
8443,1974,8,7,1,0,0,0,0,0,2,1
8443,1975,6,6,1,0,0,0,0,0,1,0
8443,1976,14,12,5,0,0,0,1,1,2,0
8443,1977,8,7,2,0,0,1,1,0,2,0
8443,1981,12,11,3,0,0,0,0,1,3,0
8443,1982,3,3,1,1,0,0,0,0,0,0
8443,1983,2,0,0,0,0,0,2,0,0,0
8443,1984,7,7,1,0,0,0,0,0,2,0
8443,1985,9,9,3,1,0,0,0,0,1,0
8443,1986,16,15,7,0,0,3,1,0,0,0
8468,1990,4,3,0,0,0,0,1,0,0,0
8468,1992,3,2,2,1,0,0,1,0,0,0
8470,1981,4,4,3,0,0,0,0,0,0,0
8470,1985,6,6,2,0,0,0,0,0,0,0
8472,1970,11,11,4,1,1,0,0,0,1,0
8472,1971,6,6,0,0,0,0,0,0,1,0
8472,1972,6,6,1,0,0,0,0,0,0,0
8472,1973,11,10,3,2,0,0,0,0,2,1
8489,1976,1,1,0,0,0,0,0,0,0,0
8509,1986,8,8,2,0,0,0,0,0,0,0
8517,1978,7,6,2,0,0,0,0,0,1,1
8517,1979,9,8,2,1,0,0,1,0,2,0
8517,1980,3,3,0,0,0,0,0,0,1,0
8534,1988,2,2,1,0,1,0,0,0,1,0
8534,1989,3,2,1,0,0,0,0,0,0,1
8534,1990,8,8,2,0,0,0,0,0,2,0
8536,1972,5,4,0,0,0,0,0,1,3,0
8536,1973,15,13,6,0,1,0,2,0,2,0
8536,1974,11,11,6,1,0,0,0,0,1,0
8536,1975,17,16,3,0,0,1,1,0,4,0
8536,1976,24,22,6,1,0,0,1,0,7,1
8536,1977,9,9,0,0,0,0,0,0,4,0
8536,1983,2,2,0,0,0,0,0,0,2,0
8536,1984,14,13,3,0,0,0,0,1,1,0
8536,1985,8,7,0,0,0,0,1,0,1,0
8536,1986,12,11,2,0,0,0,1,0,2,0
8536,1987,4,4,1,1,0,0,0,0,0,0
8547,1992,3,3,0,0,0,0,0,0,0,0
8586,1970,8,8,5,2,0,0,0,0,0,0
8586,1971,12,11,3,0,0,0,1,0,2,0
8586,1972,17,16,6,1,0,0,0,0,2,1
8586,1973,22,20,6,1,0,1,2,0,3,0
8586,1974,18,16,1,0,0,1,2,0,2,0
8586,1975,16,13,4,2,0,0,3,0,4,0
8586,1976,20,19,6,1,0,1,1,0,7,0
8586,1977,4,4,0,0,0,0,0,0,2,0
8586,1981,3,2,0,0,0,0,0,0,0,1
8586,1982,3,2,1,0,0,0,1,0,0,0
8591,1981,10,10,2,0,0,0,0,0,1,0
8616,1984,8,6,0,0,0,0,1,1,1,0
8616,1985,9,7,3,0,0,0,2,0,0,0
8616,1986,6,5,1,1,0,0,1,0,1,0
8616,1987,3,2,0,0,0,0,1,0,1,0
8632,1981,10,6,2,0,0,0,2,1,0,1
8632,1984,3,3,0,0,0,0,0,0,0,0
8632,1985,3,3,0,0,0,0,0,0,1,0
8647,1977,4,4,0,0,0,0,0,0,1,0
8651,1984,3,3,0,0,0,0,0,0,0,0
8651,1985,4,3,0,0,0,0,0,1,2,0
8651,1986,14,13,1,0,0,0,1,0,1,0
8651,1987,7,7,0,0,0,0,0,0,2,0
8651,1988,2,2,1,0,0,0,0,0,0,0
8651,1989,3,3,0,0,0,0,0,0,0,0
8668,1992,6,6,1,1,0,0,0,0,3,0
8670,1970,2,2,0,0,0,0,0,0,2,0
8670,1972,3,3,1,0,0,0,0,0,1,0
8674,1990,3,3,1,0,0,0,0,0,0,0
8674,1992,6,6,2,0,0,0,0,0,1,0
8680,1972,1,1,1,0,0,0,0,0,0,0
8685,1978,3,3,0,0,0,0,0,0,1,0
8685,1981,2,2,0,0,0,0,0,0,1,0
8689,1986,7,7,2,1,0,0,0,0,1,0
8702,1971,4,4,0,0,0,0,0,0,1,0
8702,1972,6,6,1,0,0,0,0,0,1,0
8702,1973,3,3,1,0,0,0,0,0,0,0
8706,1988,13,13,6,2,0,0,0,0,2,0
8706,1989,11,11,2,1,0,1,0,0,3,0
8706,1990,9,8,4,0,1,1,0,0,0,1
8727,1983,10,8,1,0,0,0,2,0,1,0
8727,1984,11,11,5,0,0,1,0,0,2,0
8727,1985,7,7,1,0,0,0,0,0,0,0
8727,1986,10,8,3,0,0,2,1,1,3,0
8727,1992,3,1,1,0,0,0,2,0,0,0
8728,1978,14,14,4,2,0,0,0,0,1,0
8728,1979,13,13,5,0,0,1,0,0,2,0
8728,1980,12,12,2,0,0,1,0,0,2,0
8728,1982,3,3,1,0,0,0,0,0,0,0
8728,1983,5,4,1,0,0,0,1,0,1,0
8728,1984,7,7,3,1,0,0,0,0,0,0
8728,1985,4,3,0,0,0,0,1,0,1,0
8728,1986,4,3,0,0,0,0,1,0,3,0
8728,1987,5,5,0,0,0,0,0,0,2,0
8728,1988,9,8,3,1,0,0,0,0,1,1
8733,1971,2,2,0,0,0,0,0,0,2,0
8733,1972,2,1,0,0,0,0,0,0,0,1
8734,1981,1,0,0,0,0,0,0,1,0,0
8734,1987,3,3,0,0,0,0,0,0,1,0
8743,1985,4,4,2,0,0,0,0,0,0,0
8743,1986,4,4,1,0,0,0,0,0,2,0
8743,1987,8,8,1,0,0,1,0,0,4,0
8743,1988,9,8,1,0,0,0,1,0,1,0
8743,1989,3,3,1,0,0,0,0,0,1,0
8743,1990,3,3,0,0,0,0,0,0,2,0
8743,1992,2,2,1,1,0,0,0,0,0,0
8746,1980,4,2,1,0,0,0,1,0,1,0
8749,1971,14,13,3,1,0,0,1,0,3,0
8749,1972,16,16,3,1,0,0,0,0,1,0
8749,1973,17,17,4,0,1,1,0,0,6,0
8749,1974,17,15,2,0,0,0,2,0,3,0
8749,1975,12,12,3,0,0,0,0,0,1,0
8749,1976,11,10,1,0,0,0,0,0,3,1
8749,1977,13,12,3,0,0,0,1,0,2,0
8749,1981,3,3,0,0,0,0,0,0,1,0
8768,1970,3,3,0,0,0,0,0,0,2,0
8768,1972,4,4,2,1,0,0,0,0,0,0
8781,1971,4,4,0,0,0,0,0,0,1,0
8808,1987,5,4,0,0,0,0,1,0,1,0
8808,1988,3,3,1,0,0,0,0,0,0,0
8826,1992,2,2,1,0,0,0,0,0,1,0
8849,1970,10,9,3,1,0,0,1,0,1,0
8849,1971,3,3,0,0,0,0,0,0,0,0
8850,1990,3,3,2,0,0,0,0,0,1,0
8882,1984,13,12,2,0,0,0,1,0,1,0
8882,1985,11,9,2,0,0,0,2,0,0,0
8882,1986,4,4,0,0,0,0,0,0,1,0
8916,1977,1,1,1,0,0,0,0,0,0,0
8926,1978,10,10,3,0,0,0,0,0,1,0
8926,1979,13,11,4,1,0,1,1,1,2,0
8926,1981,2,2,0,0,0,0,0,0,0,0
8946,1990,8,7,0,0,0,0,1,0,2,0
8947,1972,5,3,1,0,0,1,1,0,1,0
8947,1979,3,2,0,0,0,0,0,0,2,0
8970,1970,1,1,0,0,0,0,0,0,1,0
8975,1986,1,1,1,0,0,0,0,0,0,0
8987,1985,8,5,0,0,0,0,3,0,1,0
8987,1986,3,3,1,0,0,0,0,0,0,0
8987,1987,1,1,0,0,0,0,0,0,0,0
8987,1988,5,5,0,0,0,0,0,0,0,0
8987,1990,3,2,1,0,0,0,0,1,0,0
8987,1992,5,5,1,1,0,0,0,0,2,0
8989,1970,11,10,1,0,0,0,1,0,3,0
8989,1971,8,8,4,0,0,1,0,0,2,0
8989,1972,6,4,1,1,0,0,1,1,1,0
8989,1973,9,9,2,1,0,0,0,0,2,0
8989,1974,6,5,0,0,0,0,0,0,2,1
8994,1985,11,11,2,0,0,0,0,0,4,0
8994,1986,11,11,0,0,0,0,0,0,3,0
8994,1987,8,8,1,0,0,0,0,0,6,0
8994,1988,2,2,0,0,0,0,0,0,0,0
8994,1989,8,6,2,0,0,0,1,0,0,0
8994,1990,2,1,0,0,0,0,0,1,0,0
8994,1992,2,2,0,0,0,0,0,0,1,0
8996,1980,3,3,1,0,0,0,0,0,0,0
9007,1984,12,10,1,0,0,0,2,0,2,0
9007,1985,8,7,2,0,0,0,1,0,2,0
9007,1986,3,3,0,0,0,0,0,0,0,0
9007,1987,9,9,4,0,0,3,0,0,3,0
9007,1988,6,5,1,0,0,0,1,0,1,0
9007,1989,3,3,0,0,0,0,0,0,1,0
9025,1978,7,7,1,0,1,0,0,0,4,0
9027,1983,2,1,0,0,0,0,1,0,1,0
9027,1984,5,5,2,0,0,0,0,0,1,0
9027,1986,9,8,1,0,0,0,1,0,5,0
9027,1987,4,4,1,1,0,0,0,0,1,0
9027,1988,7,5,1,0,1,0,1,1,1,0
9027,1989,10,9,1,0,0,0,0,1,3,0
9027,1990,3,3,1,0,0,0,0,0,0,0
9027,1992,6,6,4,1,0,0,0,0,0,0
9037,1977,2,2,0,0,0,0,0,0,2,0
9037,1985,3,3,0,0,0,0,0,0,0,0
9072,1970,11,10,5,2,0,0,1,0,1,0
9072,1971,8,8,2,0,0,0,0,0,1,0
9072,1972,18,17,5,2,0,0,1,0,2,0
9072,1973,13,12,1,0,0,0,0,0,0,1
9072,1974,8,7,2,0,0,0,1,0,2,0
9072,1975,3,2,1,0,0,0,1,0,0,0
9072,1976,4,4,2,1,1,0,0,0,0,0
9072,1977,3,3,1,0,0,0,0,0,0,0
9072,1981,1,1,0,0,0,0,0,0,0,0
9074,1970,3,3,1,0,0,0,0,0,0,0
9074,1971,13,11,4,0,0,1,0,1,2,1
9074,1972,8,7,1,0,0,0,1,0,5,0
9074,1973,23,23,5,2,1,0,0,0,5,0
9074,1974,18,18,6,0,0,0,0,0,2,0
9074,1975,14,12,2,1,0,0,1,1,0,0
9088,1985,5,5,2,0,0,0,0,0,1,0
9124,1987,2,1,1,0,0,0,0,0,0,1
9128,1987,7,7,2,1,0,0,0,0,0,0
9128,1988,11,10,4,1,0,0,1,0,1,0
9128,1989,11,11,4,0,0,0,0,0,1,0
9128,1990,3,3,2,0,0,0,0,0,0,0
9142,1973,4,3,0,0,0,0,1,0,0,0
9142,1976,17,14,3,1,0,0,2,1,2,0
9142,1977,15,15,5,1,0,0,0,0,1,0
9142,1982,3,2,0,0,0,0,0,0,0,1
9150,1971,3,2,0,0,0,0,1,0,1,0
9150,1972,3,3,0,0,0,0,0,0,2,0
9150,1973,9,9,1,0,0,0,0,0,5,0
9150,1974,8,8,3,1,1,0,0,0,3,0
9150,1975,7,7,0,0,0,0,0,0,5,0
9150,1976,7,6,1,0,0,0,0,1,2,0
9150,1977,7,5,0,0,0,0,1,1,2,0
9150,1986,7,6,5,2,0,2,1,0,0,0
9150,1987,3,2,1,0,0,0,1,0,0,0
9171,1970,3,3,1,0,0,0,0,0,1,0
9171,1971,7,6,0,0,0,0,1,0,0,0
9171,1972,10,9,1,0,0,0,1,0,3,0
9171,1973,12,10,3,0,0,0,2,0,1,0
9171,1974,11,11,4,1,0,0,0,0,1,0
9171,1975,6,6,2,0,0,1,0,0,1,0
9171,1976,8,7,3,0,0,0,1,0,1,0
9175,1983,2,2,2,0,0,0,0,0,0,0
9195,1984,7,7,1,1,0,0,0,0,1,0
9195,1985,9,9,1,0,0,0,0,0,2,0
9195,1986,6,6,3,1,0,0,0,0,1,0
9195,1987,10,9,2,0,0,0,1,0,3,0
9195,1988,8,8,2,1,0,0,0,0,2,0
9195,1989,11,10,2,0,0,0,0,0,3,0
9222,1977,3,3,1,0,0,0,0,0,0,0
9223,1984,6,6,1,0,1,0,0,0,0,0
9223,1986,3,3,0,0,0,0,0,0,0,0
9225,1984,12,12,4,0,1,0,0,0,1,0
9225,1989,11,11,6,1,0,0,0,0,0,0
9225,1990,9,9,3,0,0,0,0,0,2,0
9225,1992,9,9,4,1,0,1,0,0,1,0
9230,1978,4,4,1,0,0,0,0,0,0,0
9230,1979,10,8,4,0,1,0,1,0,2,0
9230,1980,5,5,3,1,0,0,0,0,0,0
9234,1978,3,3,0,0,0,0,0,0,0,0
9249,1981,4,4,0,0,0,0,0,0,0,0
9249,1982,3,2,0,0,0,0,1,0,1,0
9249,1983,3,3,1,0,0,0,0,0,0,0
9249,1984,1,1,0,0,0,0,0,0,1,0
9267,1990,3,3,2,0,0,0,0,0,0,0
9274,1987,8,7,2,0,0,1,1,0,1,0
9274,1988,7,6,1,1,0,0,1,0,1,0
9274,1989,3,3,0,0,0,0,0,0,1,0
9281,1976,4,4,0,0,0,0,0,0,1,0
9281,1981,3,3,1,0,0,0,0,0,0,0
9281,1985,4,4,1,0,0,0,0,0,0,0
9281,1986,12,12,3,2,0,0,0,0,5,0
9281,1987,11,11,1,0,0,0,0,0,3,0
9281,1988,9,8,3,0,0,1,1,0,0,0
9281,1990,2,2,1,1,0,0,0,0,0,0
9281,1992,3,3,1,1,0,0,0,0,0,0
9291,1978,7,7,0,0,0,0,0,0,0,0
9291,1979,2,2,0,0,0,0,0,0,1,0
9292,1977,4,1,0,0,0,0,2,1,0,0
9306,1992,6,5,2,0,0,0,1,0,1,0
9344,1974,3,2,1,0,0,0,1,0,1,0
9344,1976,3,3,0,0,0,0,0,0,1,0
9345,1980,7,7,3,0,0,0,0,0,0,0
9357,1983,3,3,1,0,0,0,0,0,0,0
9357,1984,1,0,0,0,0,0,1,0,0,0
9357,1985,3,3,0,0,0,0,0,0,1,0
9375,1976,2,2,0,0,0,0,0,0,1,0
9375,1977,2,1,1,0,0,0,0,1,0,0
9378,1972,7,7,2,0,0,0,0,0,2,0
9378,1974,10,9,1,0,0,0,0,0,2,0
9378,1975,15,15,5,1,0,0,0,0,4,0
9378,1976,4,4,1,0,0,0,0,0,1,0
9378,1978,16,14,2,0,0,0,2,0,3,0
9378,1980,11,11,3,0,0,0,0,0,3,0
9378,1981,8,8,2,1,0,0,0,0,1,0
9381,1976,7,6,2,0,0,0,1,0,1,0
9381,1977,4,3,2,1,0,0,1,0,0,0
9381,1981,4,4,2,1,0,0,0,0,0,0
9381,1983,6,6,3,0,0,0,0,0,0,0
9381,1984,3,3,1,0,0,0,0,0,0,0
9381,1985,8,7,3,0,0,0,1,0,0,0
9381,1986,10,7,1,0,0,0,2,1,1,0
9381,1987,4,4,1,0,0,0,0,0,0,0
9394,1978,3,2,0,0,0,0,0,0,1,0
9402,1972,7,7,0,0,0,0,0,0,5,0
9415,1988,4,3,1,0,0,0,1,0,0,0
9421,1984,3,3,1,1,0,0,0,0,1,0
9434,1992,5,5,1,1,0,0,0,0,1,0
9447,1987,4,4,3,1,0,1,0,0,1,0
9447,1988,3,3,1,0,0,0,0,0,1,0
9460,1988,7,6,3,0,1,0,1,0,0,0
9460,1989,5,5,1,0,0,0,0,0,0,0
9460,1990,3,2,0,0,0,0,0,0,0,0
9460,1992,2,2,0,0,0,0,0,0,0,0
9471,1973,1,1,1,0,0,0,0,0,0,0
9478,1971,1,1,0,0,0,0,0,0,1,0
9478,1973,8,7,3,1,0,1,0,1,1,0
9483,1992,6,5,0,0,0,0,1,0,1,0
9491,1978,8,6,0,0,0,0,1,1,2,0
9491,1979,5,5,4,1,0,0,0,0,0,0
9491,1980,12,12,4,1,0,0,0,0,2,0
9498,1975,15,15,3,0,0,0,0,0,2,0
9498,1976,16,15,5,2,0,0,1,0,3,0
9498,1977,3,3,0,0,0,0,0,0,1,0
9498,1981,8,8,2,1,0,0,0,0,1,0
9498,1983,5,5,1,0,0,0,0,0,2,0
9511,1970,5,5,0,0,0,0,0,0,2,0
9511,1971,11,11,3,1,0,0,0,0,4,0
9515,1970,3,3,1,1,0,0,0,0,0,0
9515,1971,6,5,2,0,0,0,1,0,1,0
9515,1973,9,8,3,1,1,0,0,0,2,1
9517,1979,3,3,1,0,0,0,0,0,2,0
9517,1980,2,1,0,0,0,0,1,0,1,0
9519,1980,3,2,0,0,0,0,0,0,2,0
9521,1981,4,4,0,0,0,0,0,0,1,0
9544,1977,7,7,0,0,0,0,0,0,1,0
9544,1979,7,6,5,0,1,0,0,0,0,0
9544,1980,2,2,2,0,0,0,0,0,0,0
9547,1986,2,2,0,0,0,0,0,0,0,0
9547,1987,8,8,2,1,0,0,0,0,2,0
9547,1988,10,10,4,1,0,0,0,0,1,0
9547,1989,12,11,5,0,0,0,1,0,1,0
9547,1990,3,3,1,0,0,0,0,0,0,0
9547,1992,2,2,1,0,0,0,0,0,0,0
9561,1978,2,1,0,0,0,0,0,0,1,0
9570,1975,3,3,1,0,0,0,0,0,1,0
9570,1976,1,1,1,1,0,0,0,0,0,0
9570,1977,2,1,0,0,0,0,1,0,0,0
9570,1981,6,6,0,0,0,0,0,0,3,0
9570,1983,4,3,0,0,0,0,1,0,3,0
9570,1984,7,6,3,1,0,0,1,0,1,0
9570,1985,5,4,2,0,0,0,0,0,1,1
9570,1988,4,3,1,0,0,0,1,0,0,0
9580,1979,4,3,0,0,0,0,1,0,2,0
9580,1980,7,7,1,0,0,0,0,0,2,0
9588,1972,3,3,0,0,0,0,0,0,1,0
9588,1975,1,1,1,0,0,0,0,0,0,0
9589,1982,3,2,0,0,0,0,1,0,0,0
9589,1983,4,4,1,0,0,0,0,0,0,0
9616,1985,9,8,3,0,0,0,0,0,1,1
9616,1986,14,14,4,0,0,0,0,0,2,0
9616,1987,4,4,1,0,0,0,0,0,0,0
9616,1988,6,6,1,0,0,0,0,0,0,0
9630,1988,7,7,2,0,0,0,0,0,2,0
9630,1989,3,2,0,0,0,0,0,0,0,0
9630,1990,4,4,2,0,0,0,0,0,0,0
9630,1992,2,2,0,0,0,0,0,0,1,0
9631,1983,6,5,0,0,0,0,1,0,0,0
9631,1984,14,11,5,0,0,1,3,0,1,0
9631,1985,6,6,3,0,0,0,0,0,2,0
9631,1986,7,7,3,0,0,0,0,0,2,0
9631,1987,15,13,4,0,0,2,2,0,2,0
9631,1988,8,4,1,0,0,0,3,0,1,1
9631,1989,6,6,1,0,0,0,0,0,1,0
9631,1990,9,9,1,0,0,0,0,0,0,0
9631,1992,7,6,1,0,0,0,1,0,0,0
9656,1990,3,3,2,0,0,0,0,0,0,0
9658,1971,11,11,3,1,0,0,0,0,3,0
9658,1972,3,3,0,0,0,0,0,0,1,0
9658,1973,8,8,2,1,0,0,0,0,2,0
9658,1974,4,4,2,0,0,0,0,0,0,0
9658,1975,21,20,4,1,1,0,1,0,2,0
9658,1976,13,13,3,2,0,0,0,0,2,0
9658,1977,9,7,0,0,0,0,0,0,2,0
9658,1981,4,3,1,0,0,0,1,0,1,0
9658,1983,2,2,1,0,0,0,0,0,0,0
9658,1984,3,3,0,0,0,0,0,0,0,0
9680,1983,4,4,1,0,0,0,0,0,1,0
9680,1985,4,2,0,0,0,0,0,1,0,0
9704,1975,5,4,2,0,0,0,0,0,0,1
9717,1987,3,3,0,0,0,0,0,0,1,0
9717,1988,5,4,2,0,0,0,1,0,0,0
9720,1970,3,3,1,0,0,0,0,0,0,0
9720,1971,7,7,3,0,0,0,0,0,0,0
9720,1972,10,10,2,0,0,0,0,0,0,0
9720,1973,11,10,1,0,0,0,1,0,0,0
9720,1974,11,9,1,0,0,1,0,2,0,0
9720,1975,4,4,1,0,0,0,0,0,1,0
9720,1976,4,4,2,0,0,0,0,0,0,0
9732,1970,3,3,1,0,0,0,0,0,1,0
9732,1971,1,1,1,0,0,0,0,0,0,0
9732,1973,16,15,5,1,0,2,1,0,4,0
9765,1970,6,4,0,0,0,0,1,0,2,1
9765,1971,4,3,1,1,0,0,1,0,0,0
9765,1972,11,10,2,0,0,0,0,0,0,0
9765,1973,10,7,1,1,0,0,2,0,1,0
9765,1974,9,8,2,1,1,0,1,0,0,0
9765,1975,7,7,2,0,0,1,0,0,1,0
9765,1976,17,17,7,1,0,0,0,0,2,0
9765,1980,4,4,1,0,0,0,0,0,2,0
9777,1971,6,5,1,0,0,0,0,1,2,0
9777,1972,4,4,1,1,0,0,0,0,0,0
9777,1973,4,4,2,0,0,0,0,0,0,0
9777,1974,7,5,0,0,0,0,2,0,2,0
9777,1975,8,7,1,0,0,0,1,0,2,0
9829,1984,6,4,0,0,0,0,1,0,2,1
9829,1986,3,3,0,0,0,0,0,0,1,0
9843,1979,3,3,1,0,0,0,0,0,1,0
9843,1980,8,7,1,0,0,0,1,0,4,0
9855,1970,8,8,3,1,0,0,0,0,0,0
9855,1971,3,3,1,1,0,0,0,0,0,0
9855,1972,15,15,4,0,0,0,0,0,0,0
9855,1973,14,14,3,0,0,0,0,0,2,0
9855,1974,11,11,4,0,0,0,0,0,0,0
9855,1975,10,10,1,0,0,0,0,0,2,0
9855,1976,7,7,1,0,0,0,0,0,1,0
9855,1977,9,9,2,1,0,0,0,0,1,0
9884,1983,4,3,1,0,0,0,1,0,0,0
9884,1984,6,6,0,0,0,0,0,0,1,0
9884,1985,3,3,1,0,0,0,0,0,0,0
9884,1987,8,7,1,0,0,0,0,0,1,1
9884,1990,2,2,0,0,0,0,0,0,0,0
9899,1989,2,1,0,0,0,0,1,0,0,0
9913,1970,10,10,4,0,0,1,0,0,2,0
9913,1971,3,2,0,0,0,0,0,1,1,0
9915,1970,2,2,0,0,0,0,0,0,2,0
9915,1972,3,2,1,0,0,0,0,0,0,0
9948,1970,1,1,0,0,0,0,0,0,0,0
9951,1978,15,15,2,1,0,0,0,0,2,0
9951,1979,19,19,6,0,1,0,0,0,3,0
9951,1980,8,6,2,1,0,0,2,0,0,0
9987,1978,7,6,3,0,0,0,1,0,2,0
9987,1979,8,8,2,1,0,0,0,0,2,0
9987,1980,7,6,2,1,0,0,1,0,1,0
9998,1971,7,7,2,1,0,0,0,0,1,0
9998,1972,21,21,6,1,0,0,0,0,2,0
9998,1973,13,12,1,0,0,0,1,0,4,0
9998,1974,18,16,1,0,0,0,1,1,5,0
9998,1975,7,7,2,0,0,1,0,0,2,0
9998,1976,4,3,1,0,0,0,1,0,1,0
10009,1980,2,2,0,0,0,0,0,0,2,0
10012,1970,1,1,1,0,0,0,0,0,0,0
10037,1978,9,9,4,0,0,0,0,0,1,0
10037,1979,12,12,4,0,0,0,0,0,1,0
10037,1980,6,6,4,0,0,0,0,0,0,0
10044,1978,8,7,1,0,1,0,0,0,2,0
10048,1985,3,2,0,0,0,0,1,0,0,0
10098,1977,3,3,1,1,0,0,0,0,0,0
10098,1981,2,2,0,0,0,0,0,0,0,0
10098,1985,2,2,0,0,0,0,0,0,1,0
10099,1986,2,2,0,0,0,0,0,0,0,0
10099,1987,4,4,1,0,0,0,0,0,1,0
10106,1985,1,1,1,1,0,0,0,0,0,0
10107,1987,4,3,1,1,0,0,1,0,0,0
10107,1988,9,9,2,0,0,0,0,0,1,0
10107,1990,2,2,2,0,0,1,0,0,0,0
10123,1981,4,4,1,0,0,0,0,0,0,0
10123,1982,2,2,2,0,0,0,0,0,0,0
10123,1983,4,4,1,0,0,0,0,0,0,0
10123,1984,4,3,0,0,0,0,1,0,0,0
10145,1972,4,3,1,0,0,0,1,0,0,0
10170,1973,5,4,1,0,1,0,1,0,3,0
10170,1974,8,6,0,0,0,0,2,0,2,0
10171,1989,2,2,0,0,0,0,0,0,0,0
10187,1979,3,3,0,0,0,0,0,0,2,0
10187,1980,2,2,0,0,0,0,0,0,2,0
10193,1977,4,4,0,0,0,0,0,0,1,0
10223,1988,2,2,1,0,0,0,0,0,0,0
10226,1974,10,10,2,0,0,0,0,0,4,0
10241,1970,7,5,0,0,0,0,2,0,2,0
10262,1989,9,8,3,0,0,0,1,0,0,0
10262,1990,3,3,3,0,0,1,0,0,0,0
10262,1992,5,5,1,0,0,0,0,0,0,0
10273,1978,2,2,1,0,0,0,0,0,0,0
10273,1979,2,2,1,0,0,0,0,0,1,0
10284,1970,7,6,1,0,0,0,1,0,1,0
10284,1971,11,7,2,0,0,0,4,0,1,0
10284,1972,10,9,2,1,0,1,1,0,0,0
10284,1973,8,7,5,0,0,1,1,0,1,0
10284,1974,9,7,3,2,0,0,2,0,0,0
10290,1971,1,0,0,0,0,0,1,0,0,0
10290,1972,11,11,2,0,0,0,0,0,3,0
10290,1973,12,11,3,0,0,0,1,0,3,0
10316,1978,13,9,4,1,0,0,4,0,0,0
10316,1979,12,9,3,0,0,2,0,1,4,2
10316,1980,8,5,1,0,0,0,3,0,1,0
10324,1984,2,2,0,0,0,0,0,0,1,0
10324,1985,4,4,0,0,0,0,0,0,1,0
10324,1986,3,3,0,0,0,0,0,0,0,0
10324,1987,7,6,2,0,0,0,1,0,0,0
10324,1988,4,4,0,0,0,0,0,0,1,0
10325,1970,1,1,1,0,0,0,0,0,0,0
10334,1984,3,3,0,0,0,0,0,0,0,0
10334,1985,4,4,0,0,0,0,0,0,1,0
10334,1986,3,3,0,0,0,0,0,0,1,0
10334,1988,2,2,0,0,0,0,0,0,0,0
10358,1988,3,3,1,0,0,0,0,0,1,0
10371,1980,2,2,0,0,0,0,0,0,0,0
10372,1983,8,8,3,1,0,0,0,0,0,0
10372,1985,7,7,1,0,0,0,0,0,1,0
10375,1984,5,5,1,0,0,0,0,0,1,0
10375,1985,3,3,0,0,0,0,0,0,1,0
10380,1970,5,5,3,0,0,0,0,0,1,0
10380,1971,11,11,2,0,0,0,0,0,5,0
10380,1972,12,11,2,1,0,1,1,0,1,0
10380,1973,6,6,2,0,0,0,0,0,3,0
10380,1974,8,8,3,1,0,0,0,0,3,0
10380,1975,8,8,4,0,0,0,0,0,0,0
10380,1976,8,8,5,0,0,1,0,0,2,0
10380,1977,2,2,0,0,0,0,0,0,0,0
10381,1977,4,4,2,0,0,0,0,0,0,0
10383,1979,1,1,0,0,0,0,0,0,1,0
10386,1975,1,1,0,0,0,0,0,0,1,0
10386,1977,4,4,2,0,0,0,0,0,0,0
10386,1979,14,12,0,0,0,0,2,0,4,0
10386,1980,10,8,2,0,0,0,2,0,1,0
10387,1979,5,4,1,0,0,0,1,0,0,0
10387,1980,6,6,1,0,0,0,0,0,1,0
10393,1976,5,4,1,0,0,0,1,0,1,0
10414,1978,3,2,1,0,0,0,0,0,0,0
10437,1986,8,8,4,0,0,0,0,0,2,0
10437,1987,15,13,4,1,0,0,2,0,4,0
10437,1988,14,11,3,1,0,0,1,1,1,1
10437,1989,15,14,4,0,0,0,1,0,1,0
10437,1990,8,8,2,0,0,0,0,0,0,0
10437,1992,6,6,1,0,0,0,0,0,0,0
10476,1971,4,4,2,0,0,0,0,0,0,0
10480,1978,3,3,1,0,0,0,0,0,0,0
10496,1973,9,8,1,1,0,0,0,0,4,0
10496,1974,3,3,2,0,0,0,0,0,0,0
10496,1975,13,13,4,1,0,0,0,0,2,0
10519,1985,5,5,1,0,0,1,0,0,1,0
10519,1986,3,2,0,0,0,0,0,1,0,0
10519,1987,13,11,4,1,0,0,2,0,0,0
10519,1988,6,4,0,0,0,0,2,0,1,0
10519,1989,6,4,1,0,0,0,2,0,1,0
10519,1990,5,5,1,0,0,0,0,0,0,0
10520,1989,8,7,2,0,0,0,0,0,0,0
10520,1990,9,9,3,1,0,0,0,0,0,0
10524,1974,5,3,1,0,1,0,1,0,0,0
10524,1975,5,5,1,0,0,0,0,0,3,0
10524,1977,4,3,1,0,0,0,0,0,0,0
10526,1984,4,4,0,0,0,0,0,0,3,0
10526,1986,3,3,0,0,0,0,0,0,0,0
10526,1987,1,1,0,0,0,0,0,0,0,0
10526,1990,3,3,0,0,0,0,0,0,0,0
10527,1971,1,1,0,0,0,0,0,0,0,0
10527,1972,1,1,0,0,0,0,0,0,1,0
10541,1984,15,13,5,0,0,0,2,0,4,0
10541,1986,8,8,2,1,0,0,0,0,3,0
10541,1987,9,7,3,1,0,0,2,0,2,0
10541,1988,3,3,0,0,0,0,0,0,1,0
10541,1989,6,6,1,0,0,0,0,0,0,0
10567,1972,5,5,1,0,0,0,0,0,1,0
10567,1975,1,1,0,0,0,0,0,0,1,0
10567,1977,6,6,0,0,0,0,0,0,1,0
10586,1970,2,2,0,0,0,0,0,0,1,0
10586,1971,1,1,0,0,0,0,0,0,0,0
10591,1986,7,7,3,0,0,1,0,0,2,0
10591,1987,5,4,1,1,0,0,1,0,0,0
10591,1988,10,9,4,1,0,0,1,0,3,0
10591,1990,3,3,1,1,0,0,0,0,0,0
10599,1972,3,3,0,0,0,0,0,0,2,0
10606,1987,3,3,0,0,0,0,0,0,1,0
10608,1978,14,12,4,1,0,1,2,0,0,0
10608,1979,2,1,1,0,0,1,1,0,0,0
10608,1980,13,11,1,0,0,0,2,0,3,0
10608,1981,11,11,1,0,0,0,0,0,2,0
10608,1982,3,3,0,0,0,0,0,0,1,0
10608,1983,4,4,1,1,0,0,0,0,1,0
10608,1984,7,5,2,0,0,0,2,0,1,0
10608,1985,10,10,5,0,0,0,0,0,0,0
10618,1981,11,11,2,0,0,0,0,0,3,0
10621,1970,3,3,1,0,0,0,0,0,0,0
10621,1972,4,4,1,0,0,0,0,0,1,0
10621,1973,9,9,1,0,0,0,0,0,2,0
10621,1974,6,6,0,0,0,0,0,0,2,0
10631,1975,13,10,1,0,0,0,2,0,3,1
10631,1976,9,8,2,0,0,0,1,0,2,0
10631,1977,13,10,2,1,0,0,3,0,3,0
10631,1981,3,3,0,0,0,0,0,0,1,0
10631,1983,2,2,1,0,0,0,0,0,0,0
10631,1984,8,8,2,1,0,0,0,0,2,0
10648,1978,9,9,3,0,0,0,0,0,1,0
10648,1979,3,3,0,0,0,0,0,0,0,0
10649,1977,6,6,0,0,0,0,0,0,1,0
10655,1987,3,3,2,0,0,0,0,0,1,0
10655,1989,6,5,1,0,0,0,1,0,1,0
10669,1972,1,1,0,0,0,0,0,0,0,0
10671,1984,13,12,0,0,0,0,0,0,3,0
10671,1985,11,11,0,0,0,0,0,0,2,0
10671,1986,3,3,1,0,0,0,0,0,0,0
10671,1987,3,2,0,0,0,0,0,0,1,0
10671,1988,2,2,0,0,0,0,0,0,2,0
10671,1989,6,6,1,0,0,0,0,0,1,0
10686,1975,6,5,0,0,0,0,1,0,2,0
10686,1976,6,6,1,0,0,0,0,0,3,0
10686,1977,7,6,3,0,0,1,1,0,1,0
10686,1983,3,3,1,0,0,0,0,0,1,0
10698,1975,3,3,0,0,0,0,0,0,1,0
10698,1977,8,8,3,0,0,1,0,0,2,0
10701,1971,4,4,1,0,0,0,0,0,0,0
10747,1985,4,4,2,0,0,0,0,0,1,0
10747,1986,11,11,3,0,0,1,0,0,3,0
10747,1987,3,3,1,0,0,0,0,0,2,0
10758,1979,8,7,2,1,0,0,1,0,3,0
10758,1980,7,7,0,0,0,0,0,0,4,0
10767,1970,7,7,2,0,0,2,0,0,1,0
10767,1971,12,10,1,0,0,0,1,0,3,1
10767,1972,7,6,3,1,0,1,1,0,1,0
10767,1973,6,6,2,1,0,0,0,0,1,0
10767,1978,9,9,6,2,0,2,0,0,1,0
10767,1979,8,8,0,0,0,0,0,0,5,0
10767,1980,4,3,2,0,0,0,1,0,0,0
10768,1983,3,3,0,0,0,0,0,0,0,0
10774,1976,6,6,0,0,0,0,0,0,3,0
10806,1986,5,5,1,0,1,0,0,0,2,0
10806,1987,12,11,4,0,0,3,1,0,5,0
10806,1988,6,4,2,0,0,1,2,0,2,0
10806,1989,3,3,0,0,0,0,0,0,2,0
10806,1990,5,5,1,1,0,0,0,0,1,0
10813,1970,7,7,1,0,0,0,0,0,1,0
10817,1977,8,8,3,2,0,0,0,0,2,0
10830,1974,9,8,3,1,0,0,1,0,4,0
10830,1975,13,12,3,0,0,2,1,0,3,0
10830,1976,15,14,3,1,0,0,1,0,4,0
10830,1977,3,3,1,0,0,0,0,0,0,0
10836,1978,3,2,0,0,0,0,0,1,1,0
10850,1970,4,3,0,0,0,0,1,0,1,0
10851,1992,6,3,0,0,0,0,3,0,0,0
10859,1990,3,3,2,1,1,0,0,0,1,0
10888,1978,16,14,3,0,0,0,2,0,1,0
10888,1979,11,10,1,0,0,0,1,0,1,0
10888,1980,8,8,1,0,0,0,0,0,3,0
10893,1970,4,3,1,0,0,1,1,0,2,0
10897,1970,6,6,2,0,0,0,0,0,1,0
10897,1971,15,15,1,0,0,0,0,0,9,0
10897,1972,3,2,0,0,0,0,1,0,0,0
10897,1973,12,12,2,0,0,0,0,0,4,0
10897,1974,10,9,2,0,0,0,1,0,3,0
10897,1975,14,12,2,1,0,0,1,0,3,0
10897,1976,23,20,6,1,0,0,3,0,2,0
10897,1977,7,6,1,0,0,0,1,0,0,0
10897,1981,4,4,2,0,0,0,0,0,1,0
10897,1982,1,1,1,1,0,0,0,0,0,0
10904,1989,6,6,1,0,0,0,0,0,2,0
10904,1990,6,6,0,0,0,0,0,0,3,0
10906,1972,6,6,0,0,0,0,0,0,1,0
10908,1973,4,4,1,0,0,0,0,0,2,0
10908,1974,14,13,3,0,0,0,0,1,2,0
10908,1976,3,3,1,0,0,0,0,0,1,0
10908,1977,4,4,1,0,0,0,0,0,1,0
10910,1979,2,2,0,0,0,0,0,0,0,0
10910,1980,2,2,1,0,0,0,0,0,0,0
10910,1986,6,6,3,1,0,1,0,0,0,0
10915,1971,1,1,0,0,0,0,0,0,0,0
10923,1970,2,1,1,0,0,0,1,0,0,0
10934,1975,8,6,2,0,0,0,2,0,2,0
10934,1981,4,4,0,0,0,0,0,0,0,0
10934,1983,7,6,2,0,1,0,1,0,1,0
10938,1977,4,3,0,0,0,0,1,0,0,0
10948,1992,3,3,1,0,0,0,0,0,0,0
10955,1971,8,7,3,0,0,0,0,0,1,0
10955,1974,3,3,0,0,0,0,0,0,0,0
10955,1975,5,4,1,0,0,0,1,0,2,0
10955,1981,4,4,2,0,0,0,0,0,0,0
10955,1982,1,0,0,0,0,0,1,0,0,0
10960,1972,9,9,5,1,0,0,0,0,2,0
10960,1973,3,3,0,0,0,0,0,0,3,0
10960,1974,2,2,0,0,0,0,0,0,1,0
10960,1975,13,9,1,0,0,0,1,1,4,2
10960,1977,7,7,0,0,0,0,0,0,1,0
10962,1986,3,2,0,0,0,0,1,0,1,0
10962,1987,1,1,1,0,0,0,0,0,0,0
10962,1988,4,3,0,0,0,0,1,0,2,0
10965,1970,7,6,1,0,0,0,1,0,2,0
10965,1971,4,4,2,1,0,0,0,0,0,0
10965,1972,10,10,4,0,0,2,0,0,0,0
10965,1973,13,12,4,0,1,0,1,0,2,0
10965,1974,11,11,4,0,0,0,0,0,3,0
10965,1976,1,1,0,0,0,0,0,0,0,0
10970,1981,6,6,4,1,0,0,0,0,0,0
10983,1976,18,15,6,0,0,0,2,0,0,1
10983,1977,8,8,3,0,0,0,0,0,1,0
10983,1979,4,2,0,0,0,0,2,0,0,0
10987,1978,16,16,3,0,0,0,0,0,3,0
10987,1979,16,15,2,1,0,0,1,0,2,0
10987,1980,8,7,2,0,0,0,1,0,1,0
10998,1975,4,3,0,0,0,0,1,0,1,0
10998,1976,11,11,3,0,0,0,0,0,2,0
10998,1977,3,3,1,0,0,1,0,0,0,0
10998,1984,2,2,0,0,0,0,0,0,1,0
11002,1987,6,5,0,0,0,0,0,1,1,0
11002,1988,3,2,0,0,0,0,1,0,2,0
11002,1989,1,1,0,0,0,0,0,0,1,0
11009,1980,6,6,2,0,0,0,0,0,0,0
11016,1971,10,9,3,1,0,0,1,0,2,0
11016,1972,1,1,1,0,0,0,0,0,0,0
11016,1973,9,7,0,0,0,0,0,1,1,0
11054,1988,11,8,4,1,0,1,3,0,1,0
11054,1989,14,13,3,1,0,0,0,1,3,0
11054,1990,8,8,1,0,0,0,0,0,1,0
11058,1975,6,5,1,0,0,0,1,0,2,0
11058,1976,14,11,1,0,0,0,2,0,4,0
11058,1977,4,2,2,0,0,0,1,0,0,0
11078,1988,3,2,0,0,0,0,1,0,1,0
11089,1970,3,3,1,0,0,0,0,0,0,0
11089,1972,9,9,3,2,0,0,0,0,2,0
11101,1989,3,3,1,0,0,0,0,0,2,0
11104,1979,4,4,1,0,0,0,0,0,0,0
11104,1980,1,1,0,0,0,0,0,0,0,0
11122,1970,6,5,2,0,0,0,1,0,2,0
11122,1971,4,4,0,0,0,0,0,0,0,0
11150,1971,4,4,0,0,0,0,0,0,1,0
11150,1973,8,8,1,0,0,0,0,0,0,0
11155,1973,6,6,0,0,0,0,0,0,1,0
11155,1974,4,4,0,0,0,0,0,0,3,0
11155,1975,1,1,0,0,0,0,0,0,0,0
11170,1979,3,3,0,0,0,0,0,0,1,0
11170,1981,3,3,2,0,0,1,0,0,0,0
11171,1974,3,2,0,0,0,0,1,0,0,0
11171,1975,13,13,1,0,0,0,0,0,3,0
11171,1976,3,3,0,0,0,0,0,0,1,0
11171,1981,4,4,2,1,0,0,0,0,1,0
11171,1982,3,3,1,0,0,0,0,0,0,0
11171,1983,5,5,1,0,0,0,0,0,1,0
11171,1985,4,4,1,0,0,0,0,0,1,0
11171,1986,12,12,3,0,0,1,0,0,5,0
11173,1987,10,10,5,0,0,0,0,0,4,0
11173,1988,12,11,4,0,0,0,1,0,0,0
11173,1989,6,6,2,0,0,0,0,0,0,0
11173,1990,8,7,2,0,0,0,1,0,0,0
11173,1992,6,6,3,0,0,1,0,0,1,0
11181,1974,11,10,4,0,0,0,1,0,0,0
11181,1975,7,6,2,0,0,0,1,0,1,0
11181,1976,5,5,0,0,0,0,0,0,2,0
11185,1979,4,3,1,0,0,0,1,0,1,0
11185,1980,3,2,0,0,0,0,0,0,0,0
11195,1986,7,7,2,0,0,0,0,0,4,0
11195,1987,6,6,0,0,0,0,0,0,3,0
11195,1988,6,6,2,0,0,0,0,0,2,0
11198,1978,6,6,1,0,0,0,0,0,1,0
11198,1980,3,3,2,0,0,0,0,0,1,0
11213,1983,3,3,0,0,0,0,0,0,0,0
11232,1977,4,4,1,0,0,1,0,0,1,0
11233,1986,3,3,0,0,0,0,0,0,0,0
11233,1987,9,7,2,0,0,0,2,0,1,0
11233,1988,7,7,1,1,0,0,0,0,0,0
11233,1989,5,4,1,0,0,0,1,0,0,0
11248,1979,3,3,2,1,0,0,0,0,0,0
11263,1984,4,4,2,0,0,0,0,0,0,0
11263,1986,7,7,2,0,0,1,0,0,1,0
11263,1987,15,13,4,0,0,2,2,0,2,0
11263,1988,13,12,5,0,0,3,1,0,3,0
11263,1989,12,11,2,0,0,0,1,0,1,0
11263,1990,5,5,1,1,0,0,0,0,1,0
11263,1992,5,4,1,0,0,0,1,0,1,0
11288,1979,21,19,4,0,0,0,2,0,1,0
11288,1980,10,10,2,0,0,0,0,0,1,0
11303,1973,5,5,0,0,0,0,0,0,2,0
11346,1978,14,14,1,0,0,0,0,0,4,0
11346,1979,5,5,0,0,0,0,0,0,3,0
11346,1980,10,10,2,1,0,0,0,0,3,0
11348,1971,2,2,1,0,0,0,0,0,0,0
11348,1972,6,5,2,0,0,0,1,0,1,0
11348,1973,18,16,4,0,0,1,1,0,2,0
11348,1974,14,13,2,0,0,0,1,0,4,0
11348,1975,4,4,1,0,0,0,0,0,1,0
11348,1976,5,5,1,0,0,1,0,0,3,0
11348,1979,8,5,1,1,0,0,3,0,1,0
11348,1980,2,2,0,0,0,0,0,0,1,0
11368,1984,2,2,0,0,0,0,0,0,1,0
11368,1986,7,6,0,0,0,0,1,0,3,0
11368,1987,3,3,0,0,0,0,0,0,0,0
11368,1988,1,0,0,0,0,0,1,0,0,0
11368,1989,6,5,1,0,1,0,1,0,1,0
11368,1990,2,2,0,0,0,0,0,0,2,0
11368,1992,4,3,0,0,0,0,0,0,2,1
11369,1984,10,9,0,0,0,0,1,0,3,0
11383,1971,10,9,2,0,0,0,1,0,2,0
11383,1972,8,7,2,0,0,0,0,0,0,0
11409,1979,3,3,0,0,0,0,0,0,0,0
11409,1980,3,3,0,0,0,0,0,0,0,0
11409,1984,4,3,0,0,0,0,1,0,1,0
11416,1992,6,6,1,0,0,0,0,0,0,0
11418,1976,4,2,0,0,0,0,2,0,1,0
11418,1981,10,10,3,0,0,1,0,0,3,0
11418,1982,3,3,0,0,0,0,0,0,1,0
11418,1985,5,5,2,0,0,1,0,0,2,0
11418,1986,4,3,1,0,0,0,1,0,1,0
11419,1979,7,6,1,0,0,1,1,0,1,0
11419,1980,3,2,1,0,0,1,1,0,1,0
11420,1970,10,9,3,1,0,0,1,0,1,0
11422,1976,18,17,3,0,0,1,1,0,4,0
11422,1977,8,6,0,0,0,0,2,0,3,0
11448,1979,7,6,1,0,0,0,1,0,1,0
11448,1980,2,1,0,0,0,0,1,0,0,0
11456,1977,8,4,0,0,0,0,4,0,1,0
11456,1985,8,6,2,1,0,1,2,0,0,0
11456,1986,3,3,2,0,0,1,0,0,0,0
11458,1985,4,3,2,0,0,0,1,0,0,0
11471,1987,3,2,0,0,0,0,1,0,0,0
11475,1971,1,1,0,0,0,0,0,0,0,0
11475,1972,2,2,0,0,0,0,0,0,0,0
11491,1972,2,1,0,0,0,0,1,0,1,0
11517,1983,3,3,1,0,0,0,0,0,0,0
11517,1984,3,2,0,0,0,0,1,0,1,0
11517,1985,9,8,2,0,0,0,1,0,2,0
11517,1987,6,5,2,0,0,0,1,0,2,0
11517,1989,3,3,0,0,0,0,0,0,0,0
11523,1978,1,1,0,0,0,0,0,0,1,0
11534,1971,3,3,0,0,0,0,0,0,0,0
11534,1972,8,8,3,1,0,0,0,0,1,0
11534,1973,6,6,2,0,0,0,0,0,0,0
11549,1977,7,7,1,0,0,0,0,0,2,0
11557,1972,5,4,1,0,0,0,1,0,2,0
11557,1973,4,4,1,0,0,0,0,0,1,0
11557,1976,4,4,0,0,0,0,0,0,1,0
11565,1974,9,9,1,0,0,0,0,0,2,0
11565,1975,12,9,3,0,0,1,3,0,2,0
11571,1986,3,3,0,0,0,0,0,0,1,0
11571,1988,3,2,1,1,0,0,1,0,0,0
11571,1989,6,6,1,1,0,0,0,0,1,0
11575,1980,3,2,2,0,0,0,1,0,0,0
11580,1981,3,3,1,0,0,0,0,0,0,0
11580,1983,9,9,3,1,0,0,0,0,1,0
11580,1984,7,7,2,0,0,0,0,0,2,0
11580,1985,7,5,2,0,0,0,2,0,0,0
11580,1986,15,15,2,0,0,0,0,0,4,0
11580,1987,10,8,1,0,0,0,1,1,0,0
11580,1988,2,2,1,0,0,0,0,0,0,0
11580,1989,9,9,1,0,0,1,0,0,2,0
11580,1990,6,6,2,1,0,0,0,0,0,0
11599,1978,7,7,2,0,1,0,0,0,0,0
11599,1979,17,17,8,2,0,0,0,0,1,0
11599,1980,7,7,2,0,0,0,0,0,0,0
11645,1979,1,1,0,0,0,0,0,0,0,0
11645,1980,4,4,2,0,0,0,0,0,1,0
11648,1992,2,2,0,0,0,0,0,0,0,0
11654,1978,1,1,0,0,0,0,0,0,1,0
11654,1979,2,2,0,0,0,0,0,0,2,0
11660,1978,4,4,0,0,0,0,0,0,0,0
11660,1979,2,2,0,0,0,0,0,0,1,0
11660,1980,6,6,1,1,0,0,0,0,1,0
11667,1970,3,3,0,0,0,0,0,0,0,0
11667,1971,15,14,6,0,1,0,1,0,3,0
11677,1970,3,3,1,0,0,0,0,0,1,0
11677,1971,7,7,3,0,0,0,0,0,2,0
11677,1972,4,3,1,0,0,0,0,0,0,1
11677,1978,7,5,1,0,0,0,2,0,0,0
11677,1979,5,4,1,0,0,0,1,0,2,0
11680,1981,8,8,0,0,0,0,0,0,2,0
11680,1983,3,2,2,0,1,0,1,0,0,0
11680,1984,4,2,0,0,0,0,2,0,0,0
11680,1985,10,9,2,0,0,0,1,0,0,0
11680,1986,3,3,0,0,0,0,0,0,1,0
11680,1987,4,4,2,0,0,0,0,0,0,0
11680,1988,9,8,0,0,0,0,1,0,1,0
11700,1978,1,1,0,0,0,0,0,0,0,0
11700,1980,6,5,0,0,0,0,1,0,4,0
11725,1971,8,8,3,0,0,0,0,0,0,0
11728,1973,8,7,4,1,1,0,0,0,2,1
11728,1974,4,4,1,0,0,0,0,0,2,0
11728,1978,5,4,0,0,0,0,0,0,1,0
11730,1978,18,18,4,0,0,1,0,0,3,0
11730,1979,13,11,3,2,0,0,2,0,2,0
11730,1980,6,6,1,0,0,0,0,0,1,0
11730,1983,5,4,0,0,0,0,0,0,1,1
11736,1992,2,2,0,0,0,0,0,0,0,0
11743,1984,4,4,1,0,0,0,0,0,1,0
11743,1988,3,2,0,0,0,0,0,1,0,0
11743,1989,3,3,1,0,0,0,0,0,0,0
11743,1990,2,2,2,0,0,0,0,0,0,0
11759,1987,3,3,1,0,0,0,0,0,1,0
11796,1990,3,3,1,0,0,1,0,0,0,0
11796,1992,5,5,2,1,0,0,0,0,1,0
11798,1992,2,2,0,0,0,0,0,0,0,0
11817,1989,5,5,3,0,0,0,0,0,0,0
11817,1992,5,5,3,0,0,0,0,0,1,0
11820,1977,4,3,1,0,0,0,1,0,0,0
11820,1981,1,1,0,0,0,0,0,0,1,0
11821,1980,1,1,0,0,0,0,0,0,1,0
11828,1990,4,3,2,0,0,0,1,0,1,0
11828,1992,5,5,1,1,0,0,0,0,2,0
11846,1975,6,6,1,0,0,0,0,0,2,0
11846,1976,10,9,2,1,0,0,0,1,2,0
11846,1977,5,5,0,0,0,0,0,0,2,0
11896,1989,3,3,0,0,0,0,0,0,1,0
11896,1992,4,4,3,0,0,0,0,0,0,0
11910,1970,1,1,0,0,0,0,0,0,0,0
11910,1971,6,5,3,1,0,0,1,0,0,0
11910,1972,8,8,2,1,0,0,0,0,1,0
11914,1979,1,1,1,0,0,0,0,0,0,0
11914,1980,2,2,0,0,0,0,0,0,1,0
11915,1980,1,1,0,0,0,0,0,0,1,0
11915,1985,7,6,0,0,0,0,1,0,2,0
11933,1982,3,3,0,0,0,0,0,0,2,0
11933,1984,1,1,1,0,0,0,0,0,0,0
11959,1987,2,2,1,1,0,0,0,0,0,0
11960,1980,1,1,0,0,0,0,0,0,1,0
11961,1988,1,1,0,0,0,0,0,0,1,0
11963,1985,7,6,2,0,0,1,1,0,1,0
11964,1983,8,8,1,0,0,0,0,0,3,0
11964,1984,9,7,2,1,0,0,1,0,1,1
11964,1985,19,17,4,1,0,1,2,0,3,0
11964,1986,6,6,3,0,0,1,0,0,0,0
11964,1987,8,7,2,0,0,0,1,0,2,0
11964,1988,3,3,1,0,0,0,0,0,0,0
11964,1989,6,6,3,1,0,1,0,0,0,0
11986,1978,3,3,0,0,0,0,0,0,0,0
11986,1979,3,3,0,0,0,0,0,0,1,0
11986,1980,3,3,2,1,0,0,0,0,0,0
12014,1971,2,2,0,0,0,0,0,0,1,0
12035,1983,11,11,1,0,0,0,0,0,1,0
12035,1984,3,3,2,0,0,0,0,0,0,0
12035,1985,19,19,3,0,1,0,0,0,5,0
12035,1987,1,1,1,0,0,0,0,0,0,0
12035,1989,6,6,3,0,1,0,0,0,0,0
12054,1974,15,15,3,0,0,0,0,0,5,0
12054,1975,7,6,3,1,0,0,1,0,0,0
12054,1976,12,10,1,0,0,0,2,0,5,0
12054,1980,4,4,2,0,0,1,0,0,1,0
12054,1986,8,8,1,0,0,1,0,0,4,0
12054,1987,7,7,2,1,0,0,0,0,2,0
12054,1988,2,2,1,0,0,1,0,0,1,0
12059,1984,11,11,2,0,0,0,0,0,2,0
12059,1987,3,3,1,0,0,0,0,0,1,0
12059,1988,4,4,1,1,0,0,0,0,1,0
12062,1981,4,3,0,0,0,0,1,0,0,0
12062,1982,2,2,0,0,0,0,0,0,1,0
12062,1984,3,2,0,0,0,0,1,0,1,0
12071,1977,6,6,2,0,0,0,0,0,0,0
12071,1982,3,3,0,0,0,0,0,0,1,0
12081,1979,3,2,1,0,0,0,1,0,0,0
12112,1992,5,3,1,0,0,0,2,0,0,0
12113,1990,6,6,3,1,0,0,0,0,0,0
12115,1971,1,1,0,0,0,0,0,0,1,0
12131,1988,12,10,4,3,0,0,1,1,3,0
12131,1989,9,7,3,1,0,0,2,0,0,0
12131,1990,3,2,0,0,0,0,1,0,0,0
12131,1992,2,2,1,0,0,0,0,0,1,0
12140,1989,8,8,0,0,0,0,0,0,1,0
12162,1978,5,5,1,0,0,0,0,0,1,0
12165,1970,7,7,2,0,0,0,0,0,0,0
12202,1987,7,7,1,0,0,1,0,0,3,0
12202,1988,4,4,1,0,0,0,0,0,1,0
12202,1992,3,3,0,0,0,0,0,0,1,0
12206,1980,2,2,0,0,0,0,0,0,0,0
12207,1981,6,6,1,0,0,0,0,0,1,0
12207,1983,2,2,0,0,0,0,0,0,0,0
12207,1984,6,5,3,0,0,1,0,0,1,1
12207,1985,10,9,2,1,0,0,1,0,1,0
12207,1986,9,8,1,0,0,0,0,0,2,1
12207,1987,8,7,1,0,0,0,1,0,0,0
12207,1988,2,2,0,0,0,0,0,0,0,0
12207,1989,6,5,1,1,0,0,1,0,0,0
12213,1973,8,7,3,1,0,0,1,0,0,0
12213,1974,6,6,0,0,0,0,0,0,0,0
12213,1975,6,5,0,0,0,0,0,0,0,0
12213,1976,10,8,2,1,0,0,0,1,1,0
12213,1977,9,8,1,0,0,1,0,0,0,0
12213,1981,3,3,0,0,0,0,0,0,0,0
12213,1982,2,2,0,0,0,0,0,0,0,0
12213,1984,7,5,0,0,0,0,2,0,2,0
12213,1985,8,8,4,0,0,1,0,0,0,0
12213,1986,8,6,5,1,0,1,1,1,0,0
12213,1987,11,10,3,2,0,0,1,0,1,0
12213,1988,12,12,2,0,0,0,0,0,1,0
12213,1989,3,3,0,0,0,0,0,0,0,0
12213,1990,5,4,0,0,0,0,0,0,2,1
12218,1978,1,1,0,0,0,0,0,0,1,0
12218,1979,5,3,2,2,0,0,2,0,0,0
12218,1980,6,6,1,0,0,0,0,0,1,0
12221,1981,2,1,0,0,0,0,1,0,0,0
12221,1983,10,10,4,0,1,0,0,0,1,0
12221,1984,11,10,2,0,0,1,1,0,0,0
12221,1985,7,6,2,0,0,0,1,0,0,0
12221,1986,15,14,4,1,0,1,1,0,0,0
12221,1987,4,3,1,1,0,0,1,0,1,0
12221,1988,3,3,2,0,0,0,0,0,1,0
12221,1989,10,9,5,0,0,1,1,0,0,0
12221,1990,6,4,2,1,0,0,1,0,0,1
12221,1992,6,5,3,0,0,0,0,0,0,1
12224,1990,2,2,1,0,0,0,0,0,0,0
12224,1992,7,6,1,0,0,0,1,0,2,0
12233,1970,6,6,1,0,0,1,0,0,1,0
12233,1971,12,11,4,0,0,1,1,0,5,0
12233,1972,12,9,3,1,0,0,3,0,1,0
12233,1973,8,7,0,0,0,0,1,0,3,0
12233,1974,11,9,1,1,0,0,2,0,1,0
12233,1975,12,11,3,0,0,0,1,0,2,0
12233,1976,13,12,3,1,0,1,1,0,1,0
12233,1977,7,7,1,0,0,1,0,0,2,0
12239,1975,3,3,0,0,0,0,0,0,1,0
12239,1978,10,10,4,1,0,0,0,0,1,0
12239,1979,3,3,1,0,0,0,0,0,0,0
12239,1980,4,4,0,0,0,0,0,0,0,0
12244,1970,4,3,0,0,0,0,1,0,1,0
12244,1971,1,1,0,0,0,0,0,0,0,0
12257,1987,17,14,1,0,0,0,3,0,3,0
12268,1977,4,4,1,0,0,0,0,0,1,0
12268,1983,2,2,0,0,0,0,0,0,1,0
12268,1984,4,4,0,0,0,0,0,0,2,0
12268,1985,3,3,0,0,0,0,0,0,1,0
12268,1986,13,13,1,0,0,0,0,0,1,0
12270,1979,7,7,1,0,1,0,0,0,0,0
12277,1984,7,7,0,0,0,0,0,0,0,0
12277,1985,12,12,3,0,0,0,0,0,1,0
12277,1986,3,3,0,0,0,0,0,0,0,0
12277,1988,5,5,1,0,0,0,0,0,1,0
12277,1992,5,5,0,0,0,0,0,0,2,0
12292,1981,5,5,0,0,0,0,0,0,1,0
12294,1975,7,6,1,0,0,0,1,0,2,0
12294,1976,10,9,0,0,0,0,1,0,1,0
12310,1989,2,1,0,0,0,0,1,0,0,0
12311,1973,7,7,0,0,0,0,0,0,2,0
12311,1974,3,3,0,0,0,0,0,0,0,0
12319,1985,6,6,1,0,0,0,0,0,4,0
12328,1987,7,5,2,1,0,0,1,1,0,0
12328,1989,3,3,1,0,0,0,0,0,0,0
12328,1990,1,1,1,1,0,0,0,0,0,0
12359,1970,1,1,0,0,0,0,0,0,0,0
12359,1971,3,3,0,0,0,0,0,0,0,0
12359,1973,5,4,0,0,0,0,0,0,0,0
12376,1983,6,6,0,0,0,0,0,0,0,0
12376,1988,3,3,1,0,0,0,0,0,1,0
12386,1990,4,3,1,1,0,0,0,0,0,0
12402,1981,4,4,4,0,0,0,0,0,0,0
12402,1984,8,8,2,0,0,0,0,0,2,0
12402,1985,9,9,3,0,0,0,0,0,3,0
12402,1986,16,16,3,0,1,0,0,0,3,0
12402,1987,15,13,2,0,0,0,2,0,0,0
12402,1988,15,15,6,0,0,0,0,0,3,0
12402,1989,6,5,1,0,0,0,0,1,0,0
12402,1990,8,6,4,0,0,0,2,0,1,0
12402,1992,2,2,0,0,0,0,0,0,0,0
12414,1979,4,4,0,0,0,0,0,0,0,0
12414,1980,4,4,1,0,0,1,0,0,2,0
12414,1981,4,3,1,0,0,0,1,0,1,0
12414,1983,4,4,1,0,0,0,0,0,1,0
12414,1984,4,4,1,0,0,0,0,0,0,0
12414,1985,9,8,2,1,0,1,0,0,2,1
12414,1986,11,9,3,1,0,1,1,1,1,0
12414,1987,8,7,1,0,0,0,1,0,2,0
12414,1988,2,2,1,0,0,0,0,0,1,0
12414,1992,3,3,1,0,0,1,0,0,1,0
12421,1992,2,2,0,0,0,0,0,0,1,0
12427,1989,2,2,0,0,0,0,0,0,1,0
12448,1975,2,2,1,0,0,1,0,0,1,0
12448,1976,8,7,2,0,0,0,0,1,0,0
12448,1977,4,4,1,0,0,1,0,0,0,0
12449,1972,1,1,0,0,0,0,0,0,0,0
12449,1973,4,4,0,0,0,0,0,0,0,0
12449,1974,14,13,3,0,1,0,1,0,5,0
12449,1977,8,8,2,0,0,0,0,0,3,0
12449,1980,6,6,2,1,0,0,0,0,0,0
12471,1977,8,7,1,0,0,0,1,0,1,0
12471,1981,8,6,1,0,0,0,1,0,0,0
12493,1988,2,2,0,0,0,0,0,0,0,0
12505,1971,6,5,0,0,0,0,0,0,4,0
12515,1988,2,2,1,0,0,1,0,0,1,0
12515,1989,3,3,0,0,0,0,0,0,0,0
12515,1990,7,6,2,0,0,0,1,0,0,0
12521,1970,3,3,1,0,0,0,0,0,1,0
12521,1971,3,3,2,0,0,0,0,0,1,0
12525,1982,4,3,0,0,0,0,1,0,3,0
12525,1983,5,4,1,0,0,0,0,0,0,1
12525,1984,4,3,0,0,0,0,0,0,1,0
12525,1985,12,11,3,0,0,0,1,0,1,0
12543,1976,3,3,0,0,0,0,0,0,2,0
12543,1977,9,6,2,0,0,1,2,0,2,0
12543,1983,5,4,3,0,0,0,1,0,1,0
12543,1985,3,3,2,0,0,0,0,0,0,0
12543,1986,7,7,0,0,0,0,0,0,2,0
12543,1987,4,3,0,0,0,0,1,0,0,0
12564,1970,11,11,2,1,0,1,0,0,1,0
12564,1971,12,11,3,1,0,0,1,0,1,0
12564,1972,7,6,3,0,0,0,1,0,0,0
12564,1973,10,9,3,0,0,0,1,0,0,0
12564,1974,7,5,0,0,0,0,0,1,2,1
12564,1975,3,3,1,0,0,0,0,0,1,0
12564,1976,2,1,1,0,0,0,1,0,0,0
12564,1977,2,2,1,0,0,0,0,0,0,0
12564,1981,7,6,2,1,0,0,1,0,1,0
12564,1983,4,4,3,1,0,0,0,0,0,0
12569,1980,3,3,1,1,0,0,0,0,0,0
12586,1983,3,3,0,0,0,0,0,0,2,0
12610,1978,4,4,2,1,0,0,0,0,0,0
12610,1979,18,15,5,2,0,0,2,1,3,0
12610,1980,10,10,4,1,0,0,0,0,0,0
12618,1984,3,3,1,0,0,0,0,0,2,0
12618,1985,3,3,0,0,0,0,0,0,3,0
12618,1986,4,4,0,0,0,0,0,0,2,0
12623,1974,4,4,0,0,0,0,0,0,0,0
12623,1975,4,4,0,0,0,0,0,0,0,0
12623,1976,7,7,1,0,0,0,0,0,0,0
12623,1977,7,6,1,0,0,0,1,0,0,0
12623,1981,12,12,1,1,0,0,0,0,1,0
12623,1983,8,8,2,1,0,0,0,0,1,0
12623,1984,7,7,2,0,0,0,0,0,0,0
12623,1985,10,10,2,1,0,0,0,0,1,0
12623,1986,12,12,3,2,0,0,0,0,0,0
12623,1987,7,7,1,0,0,0,0,0,0,0
12623,1988,13,13,3,1,1,0,0,0,1,0
12623,1989,8,6,2,0,0,1,2,0,0,0
12623,1990,9,8,1,1,0,0,1,0,0,0
12623,1992,6,6,1,1,0,0,0,0,0,0
12648,1977,4,3,1,0,0,0,1,0,1,0
12670,1977,9,8,1,0,0,1,1,0,5,0
12670,1981,6,6,2,0,0,0,0,0,2,0
12670,1983,3,3,0,0,0,0,0,0,3,0
12684,1986,4,4,0,0,0,0,0,0,0,0
