1,1966,3,3,1,0,0,0,0,0,0,0
1,1967,9,9,1,1,0,0,0,0,2,0
1,1968,9,8,2,0,0,0,1,0,1,0
1,1969,16,13,3,0,0,2,3,0,0,0
1,1970,3,3,1,0,0,0,0,0,0,0
1,1971,10,10,5,0,0,3,0,0,1,0
1,1972,16,14,7,0,0,0,1,0,4,1
1,1973,6,5,2,1,0,1,1,0,1,0
1,1974,9,8,3,1,0,0,1,0,2,0
2,1968,8,8,2,0,0,0,0,0,0,0
2,1969,2,2,1,0,0,0,0,0,0,0
55,1975,3,3,0,0,0,0,0,0,2,0
55,1976,1,1,1,0,0,0,0,0,0,0
64,1985,3,3,2,0,0,0,0,0,0,0
81,1967,1,1,0,0,0,0,0,0,1,0
81,1968,6,6,3,0,0,0,0,0,0,0
88,1968,11,11,4,1,0,0,0,0,4,0
88,1969,15,14,2,0,0,0,1,0,8,0
88,1970,14,11,1,0,1,0,3,0,3,0
88,1971,20,20,6,1,0,0,0,0,4,0
88,1972,21,21,5,0,0,2,0,0,4,0
88,1973,11,11,1,0,0,0,0,0,1,0
94,1969,1,1,0,0,0,0,0,0,1,0
128,1976,2,2,0,0,0,0,0,0,2,0
140,1981,3,3,0,0,0,0,0,0,1,0
143,1974,1,1,0,0,0,0,0,0,1,0
143,1981,2,2,1,0,0,0,0,0,0,0
153,1988,3,3,1,1,0,0,0,0,0,0
164,1965,1,1,0,0,0,0,0,0,0,0
164,1966,4,4,3,0,1,1,0,0,1,0
164,1967,11,11,2,0,0,0,0,0,5,0
164,1968,15,10,2,0,0,0,4,1,5,0
164,1971,12,10,2,1,0,0,2,0,4,0
167,1965,2,2,0,0,0,0,0,0,0,0
167,1966,3,2,1,0,0,0,1,0,0,0
167,1967,10,8,1,0,0,0,2,0,2,0
167,1968,14,12,3,1,0,0,2,0,2,0
167,1969,6,6,1,0,0,0,0,0,2,0
167,1970,14,14,5,1,1,0,0,0,0,0
167,1971,12,11,1,0,0,0,1,0,2,0
167,1972,4,4,1,0,0,0,0,0,1,0
167,1973,7,7,1,0,0,0,0,0,1,0
189,1977,10,9,3,0,1,0,1,0,3,0
189,1978,3,3,1,0,0,0,0,0,0,0
189,1979,3,2,0,0,0,0,0,0,1,1
189,1980,7,7,1,0,0,0,0,0,2,0
189,1985,3,3,1,1,0,0,0,0,0,0
189,1986,10,8,3,1,0,1,2,0,2,0
201,1966,3,3,2,0,0,0,0,0,0,0
201,1967,9,9,4,0,0,1,0,0,1,0
201,1968,10,10,6,1,0,0,0,0,1,0
201,1969,13,12,3,1,0,0,1,0,1,0
201,1973,4,4,1,0,0,0,0,0,0,0
202,1965,2,2,2,1,0,0,0,0,0,0
202,1967,6,6,4,1,0,0,0,0,0,0
202,1968,12,12,4,0,0,0,0,0,1,0
202,1969,12,12,2,1,0,0,0,0,1,0
202,1970,8,6,4,2,0,0,2,0,0,0
202,1971,11,10,4,1,0,0,1,0,1,0
202,1972,3,3,2,0,0,0,0,0,0,0
202,1973,1,1,1,0,0,0,0,0,0,0
202,1978,3,2,1,1,0,0,0,0,0,1
202,1979,2,1,0,0,0,0,1,0,0,0
204,1965,1,1,0,0,0,0,0,0,0,0
204,1967,4,4,2,0,0,0,0,0,0,0
204,1968,7,7,2,0,0,0,0,0,0,0
204,1969,12,12,4,1,0,0,0,0,1,0
204,1970,15,15,5,0,0,0,0,0,1,0
204,1972,3,3,1,0,0,0,0,0,0,0
210,1965,2,1,0,0,0,0,1,0,0,0
245,1965,1,1,1,0,0,0,0,0,0,0
271,1984,7,6,3,1,0,0,1,0,0,0
274,1972,4,4,0,0,0,0,0,0,3,0
274,1973,4,3,1,0,0,0,1,0,1,0
292,1976,9,8,4,0,0,0,1,0,0,0
292,1977,2,2,0,0,0,0,0,0,2,0
311,1975,7,7,0,0,0,0,0,0,1,0
311,1976,8,7,2,0,0,0,1,0,0,0
311,1977,11,11,2,0,0,0,0,0,0,0
311,1978,3,3,0,0,0,0,0,0,0,0
311,1979,1,1,0,0,0,0,0,0,0,0
314,1976,2,2,0,0,0,0,0,0,2,0
314,1979,4,4,1,1,0,0,0,0,2,0
314,1982,2,2,1,0,0,0,0,0,0,0
314,1983,5,3,0,0,0,0,1,0,2,0
314,1984,2,2,0,0,0,0,0,0,2,0
346,1968,6,6,0,0,0,0,0,0,2,0
346,1969,4,4,0,0,0,0,0,0,0,0
346,1970,5,4,2,0,1,0,0,0,0,0
361,1972,3,3,0,0,0,0,0,0,1,0
361,1973,4,4,0,0,0,0,0,0,3,0
365,1975,1,1,0,0,0,0,0,0,1,0
371,1972,8,7,1,0,0,0,1,0,1,0
371,1973,1,1,0,0,0,0,0,0,1,0
371,1974,6,3,1,0,0,1,3,0,1,0
371,1975,2,2,0,0,0,0,0,0,1,0
371,1976,2,2,1,0,0,0,0,0,1,0
381,1968,2,2,0,0,0,0,0,0,0,0
396,1979,2,2,0,0,0,0,0,0,0,0
396,1983,7,7,2,1,0,1,0,0,1,0
396,1984,2,1,0,0,0,0,1,0,0,0
403,1977,4,4,1,1,0,0,0,0,1,0
403,1983,1,1,0,0,0,0,0,0,0,0
406,1965,1,1,0,0,0,0,0,0,0,0
406,1966,7,7,2,0,0,0,0,0,0,0
406,1967,14,13,4,1,0,0,1,0,2,0
406,1968,10,8,1,0,0,0,1,0,1,0
406,1969,8,7,0,0,0,0,1,0,2,0
406,1971,20,15,3,0,0,0,4,0,0,1
409,1980,4,4,0,0,0,0,0,0,2,0
426,1975,2,1,0,0,0,0,1,0,0,0
426,1978,2,2,0,0,0,0,0,0,1,0
426,1979,2,1,0,0,0,0,1,0,0,0
426,1980,4,4,2,0,0,0,0,0,1,0
429,1974,1,1,0,0,0,0,0,0,1,0
457,1974,7,7,1,0,0,0,0,0,1,0
457,1976,1,1,0,0,0,0,0,0,0,0
457,1977,3,3,1,0,0,0,0,0,1,0
474,1981,1,1,0,0,0,0,0,0,0,0
474,1983,1,1,0,0,0,0,0,0,1,0
493,1977,2,1,0,0,0,0,0,0,1,0
495,1981,4,4,2,1,0,0,0,0,0,0
495,1982,13,12,7,3,0,0,1,0,0,0
495,1983,10,9,0,0,0,0,1,0,0,0
495,1984,7,7,3,0,0,0,0,0,0,0
497,1965,3,3,2,0,0,1,0,0,0,0
497,1966,2,2,0,0,0,0,0,0,0,0
497,1967,4,3,1,0,0,0,0,0,0,0
497,1969,8,6,2,1,0,0,2,0,0,0
497,1970,11,9,2,0,0,1,2,0,1,0
497,1971,20,17,6,2,0,0,3,0,2,0
497,1972,13,11,1,0,0,1,1,0,3,1
497,1973,19,16,5,0,0,1,3,0,0,0
497,1974,25,20,8,0,0,1,4,0,6,1
497,1975,7,5,0,0,0,0,2,0,2,0
497,1976,6,5,2,0,1,0,1,0,2,0
503,1984,5,5,1,1,0,0,0,0,0,0
503,1985,5,4,1,1,0,0,1,0,0,0
508,1987,4,4,3,1,0,0,0,0,0,0
516,1969,3,3,0,0,0,0,0,0,1,0
516,1972,9,8,2,2,0,0,1,0,1,0
516,1973,10,8,5,1,0,1,1,0,1,1
516,1974,10,8,2,1,0,0,2,0,2,0
516,1975,6,5,2,0,0,0,1,0,0,0
516,1976,4,3,2,0,0,0,1,0,0,0
516,1977,6,4,1,0,0,0,2,0,0,0
516,1978,2,2,1,1,0,0,0,0,0,0
516,1979,4,4,1,0,0,0,0,0,0,0
516,1980,7,6,3,1,0,0,1,0,0,0
516,1981,4,4,1,0,0,0,0,0,1,0
516,1982,7,7,1,0,0,1,0,0,1,0
516,1983,7,4,0,0,0,0,3,0,1,0
516,1984,4,3,1,0,0,0,0,0,1,1
534,1986,3,3,1,0,0,0,0,0,0,0
534,1987,4,4,2,0,0,1,0,0,0,0
544,1975,1,1,0,0,0,0,0,0,1,0
566,1965,2,1,0,0,0,0,1,0,0,0
566,1967,10,8,2,0,0,0,2,0,1,0
566,1968,9,9,1,1,0,0,0,0,1,0
566,1969,15,11,4,0,0,0,2,1,1,0
566,1970,13,11,5,1,0,2,1,0,2,1
596,1986,2,1,0,0,0,0,1,0,0,0
596,1987,2,2,1,0,0,0,0,0,0,0
596,1988,1,0,0,0,0,0,1,0,0,0
600,1983,1,1,0,0,0,0,0,0,1,0
607,1984,1,1,0,0,0,0,0,0,0,0
628,1972,4,3,2,1,0,0,0,0,1,1
632,1984,1,1,0,0,0,0,0,0,0,0
644,1982,1,1,0,0,0,0,0,0,0,0
649,1976,2,0,0,0,0,0,0,0,0,1
649,1977,2,1,0,0,0,0,1,0,1,0
649,1978,2,2,0,0,0,0,0,0,0,0
650,1982,4,4,0,0,0,0,0,0,1,0
654,1987,6,5,1,0,0,0,1,0,0,0
658,1969,4,3,0,0,0,0,1,0,1,0
666,1970,4,4,0,0,0,0,0,0,0,0
666,1971,7,7,1,0,0,0,0,0,1,0
666,1972,3,3,1,0,0,0,0,0,0,0
666,1973,1,1,0,0,0,0,0,0,0,0
684,1983,5,5,2,1,0,0,0,0,1,0
684,1984,7,7,1,0,0,0,0,0,2,0
686,1981,1,0,0,0,0,0,1,0,0,0
694,1965,1,1,0,0,0,0,0,0,1,0
694,1966,4,4,3,0,0,0,0,0,0,0
694,1967,4,4,0,0,0,0,0,0,1,0
694,1968,7,7,0,0,0,0,0,0,4,0
694,1969,3,2,1,0,0,0,1,0,0,0
694,1970,9,8,2,0,0,0,1,0,0,0
694,1971,11,11,3,0,0,0,0,0,2,0
728,1987,6,5,2,0,0,1,0,1,1,0
738,1984,2,2,0,0,0,0,0,0,1,0
753,1972,15,15,3,1,0,0,0,0,8,0
760,1965,3,2,1,0,0,0,1,0,0,0
760,1967,11,10,1,0,0,0,1,0,1,0
760,1968,12,12,4,0,0,0,0,0,1,0
760,1969,11,11,3,0,0,0,0,0,0,0
760,1970,13,13,4,1,0,0,0,0,0,0
760,1971,16,15,7,1,0,0,1,0,0,0
760,1972,13,12,4,0,0,0,1,0,0,0
760,1973,8,7,4,0,0,0,1,0,0,0
775,1985,2,2,0,0,0,0,0,0,1,0
792,1967,2,1,0,0,0,0,0,0,1,0
800,1986,6,5,3,1,0,0,1,0,0,0
809,1986,2,2,1,0,0,0,0,0,0,0
809,1987,3,3,1,0,0,0,0,0,0,0
809,1988,1,1,1,0,0,1,0,0,0,0
823,1986,8,8,2,0,0,0,0,0,0,0
826,1975,2,2,0,0,0,0,0,0,1,0
826,1976,1,1,0,0,0,0,0,0,0,0
843,1967,3,3,1,0,0,0,0,0,1,0
843,1968,14,13,2,0,0,0,0,0,2,0
843,1970,12,12,6,2,0,3,0,0,1,0
843,1971,4,1,0,0,0,0,2,0,0,1
843,1972,11,10,2,0,0,1,1,0,4,0
843,1973,11,8,3,0,0,3,3,0,0,0
843,1974,8,6,1,0,0,1,2,0,1,0
843,1975,10,9,3,0,0,0,1,0,2,0
843,1976,9,6,1,0,0,0,2,0,2,1
843,1977,6,5,2,1,0,0,1,0,0,0
843,1978,13,10,5,0,0,2,3,0,1,0
843,1979,15,11,4,2,0,1,4,0,1,0
843,1980,13,10,3,0,0,1,3,0,3,0
843,1981,7,4,1,0,0,0,3,0,1,0
843,1982,7,6,0,0,0,0,1,0,1,0
843,1983,10,10,3,2,0,0,0,0,0,0
847,1979,4,4,0,0,0,0,0,0,0,0
847,1980,7,7,0,0,0,0,0,0,1,0
847,1981,5,5,0,0,0,0,0,0,0,0
847,1982,5,5,2,0,1,0,0,0,0,0
847,1983,10,10,6,0,0,0,0,0,2,0
847,1984,5,5,0,0,0,0,0,0,1,0
850,1987,3,3,0,0,0,0,0,0,0,0
870,1982,2,1,0,0,0,0,0,0,0,0
871,1979,1,1,0,0,0,0,0,0,1,0
896,1987,3,3,0,0,0,0,0,0,0,0
901,1977,2,2,0,0,0,0,0,0,0,0
901,1978,13,12,2,0,0,1,0,0,3,0
901,1979,4,4,0,0,0,0,0,0,0,0
901,1980,4,4,0,0,0,0,0,0,0,0
901,1981,7,7,0,0,0,0,0,0,2,0
901,1982,10,9,1,0,0,0,0,0,1,0
901,1983,11,8,2,0,0,0,3,0,5,0
901,1984,8,6,1,0,0,0,2,0,1,0
911,1965,3,3,1,0,0,0,0,0,0,0
931,1974,1,1,0,0,0,0,0,0,1,0
931,1979,10,6,2,0,0,0,4,0,2,0
931,1980,8,6,1,1,0,0,2,0,0,0
931,1981,1,0,0,0,0,0,1,0,0,0
931,1982,4,1,1,1,0,0,1,0,0,1
931,1983,8,7,3,0,0,0,1,0,2,0
931,1985,5,4,1,0,0,0,1,0,0,0
938,1978,1,1,0,0,0,0,0,0,0,0
938,1979,1,1,0,0,0,0,0,0,1,0
938,1980,6,4,0,0,0,0,1,0,3,0
949,1986,3,2,0,0,0,0,0,0,1,0
957,1977,4,4,0,0,0,0,0,0,0,0
957,1978,2,2,0,0,0,0,0,0,0,0
957,1979,2,2,0,0,0,0,0,0,1,0
958,1983,3,3,0,0,0,0,0,0,1,0
958,1984,6,6,1,0,0,0,0,0,1,0
958,1986,2,2,0,0,0,0,0,0,0,0
965,1981,1,1,0,0,0,0,0,0,0,0
980,1983,5,3,1,1,0,0,2,0,2,0
991,1978,4,4,1,0,0,0,0,0,0,0
991,1980,2,2,1,0,0,0,0,0,0,0
997,1979,11,10,1,1,0,0,1,0,4,0
1005,1972,1,1,0,0,0,0,0,0,0,0
1005,1974,1,1,0,0,0,0,0,0,1,0
1014,1972,3,2,0,0,0,0,1,0,0,0
1014,1975,8,7,1,0,0,0,1,0,1,0
1014,1980,7,6,0,0,0,0,0,0,2,1
1023,1967,2,2,0,0,0,0,0,0,2,0
1023,1968,1,1,0,0,0,0,0,0,1,0
1023,1972,2,2,0,0,0,0,0,0,2,0
1023,1973,3,2,1,0,0,0,0,0,1,0
1024,1967,1,0,0,0,0,0,1,0,0,0
1024,1968,2,1,0,0,0,0,1,0,1,0
1024,1971,3,2,1,0,0,1,0,0,0,0
1030,1969,3,3,1,0,0,0,0,0,1,0
1047,1978,3,3,0,0,0,0,0,0,3,0
1047,1980,3,3,0,0,0,0,0,0,2,0
1047,1985,2,1,0,0,0,0,0,0,0,0
1050,1978,2,2,0,0,0,0,0,0,2,0
1050,1979,9,7,1,0,0,0,0,0,4,0
1050,1980,2,2,0,0,0,0,0,0,0,0
1054,1967,3,3,0,0,0,0,0,0,0,0
1054,1970,4,4,1,0,0,0,0,0,1,0
1054,1971,19,17,4,2,0,0,2,0,4,0
1054,1972,11,10,2,0,0,0,1,0,0,0
1054,1973,18,16,6,1,0,0,2,0,3,0
1056,1979,7,7,1,0,0,0,0,0,2,0
1056,1980,2,1,0,0,0,0,1,0,1,0
1056,1982,3,3,0,0,0,0,0,0,1,0
1056,1985,5,5,3,1,0,1,0,0,1,0
1056,1986,6,6,2,0,0,0,0,0,1,0
1071,1980,1,1,0,0,0,0,0,0,0,0
1072,1987,6,4,2,0,0,0,2,0,1,0
1083,1965,1,1,0,0,0,0,0,0,1,0
1083,1968,1,1,0,0,0,0,0,0,1,0
1085,1966,3,3,1,0,0,0,0,0,0,0
1094,1968,5,5,3,0,0,0,0,0,2,0
1094,1969,4,3,0,0,0,0,1,0,1,0
1094,1970,12,11,3,0,0,0,1,0,3,0
1094,1971,4,2,1,0,0,1,2,0,0,0
1094,1972,14,13,6,1,0,2,1,0,2,0
1094,1973,4,2,0,0,0,0,2,0,1,0
1094,1974,7,6,3,2,0,0,1,0,1,0
1094,1980,12,11,2,0,1,0,1,0,6,0
1094,1981,4,4,0,0,0,0,0,0,3,0
1099,1974,3,2,0,0,0,0,1,0,2,0
1099,1975,4,4,1,1,0,0,0,0,3,0
1099,1977,2,1,0,0,0,0,0,0,0,0
1099,1979,4,4,1,0,0,0,0,0,3,0
1100,1986,3,3,1,0,0,0,0,0,0,0
1103,1981,9,7,3,3,0,0,2,0,1,0
1103,1982,9,9,3,0,0,0,0,0,1,0
1103,1983,8,8,2,0,0,0,0,0,1,0
1107,1977,8,8,0,0,0,0,0,0,3,0
1107,1978,5,4,2,0,1,0,1,0,0,0
1107,1979,6,2,0,0,0,0,4,0,0,0
1115,1986,3,1,0,0,0,0,1,0,0,0
1115,1987,10,9,4,0,0,0,1,0,0,0
1125,1975,1,1,0,0,0,0,0,0,0,0
1130,1984,1,1,0,0,0,0,0,0,1,0
1141,1969,4,4,0,0,0,0,0,0,2,0
1144,1977,4,4,0,0,0,0,0,0,3,0
1152,1987,4,4,3,0,0,0,0,0,0,0
1155,1969,4,3,1,0,0,0,1,0,0,0
1155,1971,7,7,3,0,0,0,0,0,1,0
1155,1974,7,6,2,0,0,0,1,0,0,0
1155,1976,1,1,0,0,0,0,0,0,0,0
1167,1980,1,1,0,0,0,0,0,0,0,0
1173,1972,4,4,2,1,0,0,0,0,0,0
1179,1970,12,12,4,0,0,0,0,0,1,0
1179,1971,4,4,0,0,0,0,0,0,0,0
1179,1982,13,12,4,0,0,0,0,0,3,0
1179,1983,12,11,2,0,0,0,1,0,0,0
1179,1984,8,8,2,1,0,0,0,0,0,0
1207,1967,8,7,4,0,0,0,1,0,0,0
1207,1969,11,10,0,0,0,0,1,0,1,0
1207,1970,3,2,2,0,0,1,1,0,0,0
1208,1966,4,3,1,1,0,0,1,0,0,0
1208,1967,1,1,0,0,0,0,0,0,0,0
1208,1968,4,3,1,0,0,0,0,0,0,1
1208,1969,5,5,1,0,0,0,0,0,2,0
1220,1971,1,0,0,0,0,0,1,0,0,0
1220,1975,8,7,1,0,0,0,1,0,3,0
1233,1983,2,2,1,1,0,0,0,0,0,0
1234,1986,6,5,3,0,1,1,1,0,0,0
1234,1987,7,4,1,0,0,0,3,0,0,0
1239,1973,2,2,0,0,0,0,0,0,0,0
1242,1986,3,2,0,0,0,0,0,0,0,1
1242,1987,7,6,2,0,0,1,0,1,0,0
1248,1967,3,2,1,0,0,0,1,0,0,0
1249,1987,8,8,2,2,0,0,0,0,1,0
1255,1966,4,4,0,0,0,0,0,0,0,0
1255,1967,13,11,2,2,0,0,2,0,1,0
1255,1969,6,6,0,0,0,0,0,0,1,0
1255,1970,2,2,0,0,0,0,0,0,0,0
1273,1986,3,2,0,0,0,0,1,0,0,0
1277,1971,2,2,0,0,0,0,0,0,0,0
1277,1972,9,8,2,0,0,0,0,0,1,1
1277,1973,22,20,9,0,1,2,2,0,3,0
1277,1974,24,18,0,0,0,0,6,0,2,0
1281,1982,6,5,1,0,0,0,1,0,2,0
1281,1983,10,8,2,0,0,1,2,0,3,0
1281,1984,10,8,2,1,0,0,2,0,0,0
1281,1985,7,7,1,0,0,0,0,0,1,0
1281,1986,6,6,3,0,0,0,0,0,1,0
1290,1966,7,6,1,0,0,0,1,0,0,0
1291,1987,7,6,1,0,0,0,0,0,0,1
1292,1974,2,2,1,0,0,0,0,0,0,0
1298,1967,1,1,0,0,0,0,0,0,1,0
1301,1984,3,2,0,0,0,0,1,0,0,0
1312,1979,3,3,0,0,0,0,0,0,1,0
1317,1966,1,1,1,0,0,0,0,0,0,0
1317,1968,5,4,1,0,0,0,1,0,1,0
1317,1969,4,3,0,0,0,0,1,0,1,0
1320,1972,4,4,0,0,0,0,0,0,2,0
1323,1975,2,1,0,0,0,0,0,0,0,1
1341,1977,1,1,0,0,0,0,0,0,0,0
1344,1984,3,3,1,1,0,0,0,0,1,0
1344,1987,6,5,1,1,0,0,1,0,2,0
1345,1972,12,12,3,2,0,0,0,0,5,0
1345,1973,11,10,5,0,2,0,1,0,2,0
1345,1974,12,12,6,1,0,0,0,0,2,0
1345,1975,14,12,1,1,0,0,2,0,3,0
1345,1976,11,9,2,0,0,0,2,0,4,0
1345,1977,4,4,0,0,0,0,0,0,3,0
1345,1978,7,7,3,0,0,0,0,0,1,0
1345,1979,8,7,1,0,0,0,1,0,2,0
1358,1981,7,6,2,1,0,0,1,0,1,0
1358,1982,13,12,2,0,0,0,1,0,3,0
1358,1983,11,10,4,0,0,0,1,0,1,0
1358,1984,10,8,1,1,0,0,2,0,1,0
1358,1985,7,5,2,1,0,0,2,0,2,0
1358,1986,6,6,1,0,0,0,0,0,0,0
1361,1986,2,2,2,0,0,0,0,0,0,0
1361,1987,4,3,2,0,0,2,1,0,1,0
1374,1983,4,4,2,0,1,0,0,0,1,0
1375,1987,8,8,4,0,0,2,0,0,1,0
1380,1968,1,1,0,0,0,0,0,0,1,0
1380,1970,14,14,2,1,0,0,0,0,7,0
1380,1971,1,1,0,0,0,0,0,0,0,0
1382,1985,6,5,1,0,0,0,1,0,0,0
1382,1986,6,6,1,0,0,1,0,0,1,0
1397,1987,4,3,1,0,0,0,1,0,0,0
1404,1975,5,5,1,1,0,0,0,0,1,0
1405,1977,1,1,0,0,0,0,0,0,1,0
1410,1976,4,4,1,0,0,0,0,0,0,0
1413,1985,3,2,1,0,0,1,1,0,1,0
1413,1986,7,5,1,0,0,0,2,0,0,0
1419,1972,4,4,2,1,0,0,0,0,1,0
1419,1973,3,3,0,0,0,0,0,0,1,0
1420,1967,3,3,1,0,0,0,0,0,2,0
1420,1968,5,5,1,0,0,0,0,0,2,0
1420,1969,9,8,0,0,0,0,1,0,5,0
1420,1970,3,3,1,0,0,0,0,0,0,0
1420,1971,8,7,1,0,0,0,1,0,0,0
1420,1972,4,3,1,0,0,0,1,0,2,0
1420,1974,2,2,2,0,0,0,0,0,0,0
1437,1966,2,2,0,0,0,0,0,0,1,0
1442,1978,2,2,1,0,0,0,0,0,0,0
1447,1983,11,10,2,0,0,0,1,0,3,0
1465,1969,1,1,0,0,0,0,0,0,0,0
1469,1972,1,1,0,0,0,0,0,0,1,0
1469,1974,1,1,0,0,0,0,0,0,1,0
1471,1978,1,1,0,0,0,0,0,0,1,0
1480,1967,6,6,1,0,0,0,0,0,3,0
1480,1968,6,5,1,1,0,0,1,0,1,0
1483,1973,7,6,1,0,0,0,0,0,0,0
1483,1976,4,4,1,0,0,0,0,0,1,0
1483,1977,8,8,2,2,0,0,0,0,0,0
1483,1978,4,4,2,0,0,0,0,0,0,0
1483,1979,9,9,2,1,0,0,0,0,1,0
1483,1980,11,11,2,0,0,0,0,0,3,0
1483,1981,18,18,6,2,0,2,0,0,1,0
1483,1982,14,13,6,1,0,1,1,0,2,0
1483,1983,19,18,4,0,0,0,0,1,3,0
1483,1987,9,9,4,0,0,0,0,0,1,0
1494,1986,5,5,3,0,0,0,0,0,1,0
1494,1987,8,8,1,0,0,0,0,0,1,0
1520,1965,1,1,0,0,0,0,0,0,0,0
1520,1970,3,3,0,0,0,0,0,0,2,0
1520,1971,1,1,1,0,0,0,0,0,0,0
1543,1987,6,5,2,0,0,0,1,0,1,0
1545,1977,6,6,4,1,0,0,0,0,1,0
1555,1986,4,4,1,0,0,0,0,0,1,0
1555,1987,2,1,0,0,0,0,0,0,1,0
1573,1977,4,4,1,0,0,0,0,0,2,0
1573,1978,5,4,1,0,1,0,1,0,1,0
1573,1979,6,5,1,0,0,0,1,0,1,0
1573,1980,10,6,0,0,0,0,4,0,3,0
1577,1975,2,2,0,0,0,0,0,0,1,0
1577,1977,2,1,0,0,0,0,1,0,1,0
1577,1978,2,2,0,0,0,0,0,0,1,0
1577,1979,1,1,0,0,0,0,0,0,0,0
1577,1980,4,4,0,0,0,0,0,0,1,0
1577,1981,3,2,1,0,0,0,0,0,1,0
1577,1983,2,2,1,1,0,0,0,0,1,0
1604,1973,6,6,1,1,0,0,0,0,5,0
1640,1975,3,3,0,0,0,0,0,0,0,0
1640,1976,7,7,1,1,0,0,0,0,1,0
1640,1977,11,11,4,1,0,2,0,0,1,0
1640,1978,6,6,1,0,0,0,0,0,0,0
1640,1979,10,10,2,0,1,0,0,0,1,0
1640,1980,4,4,0,0,0,0,0,0,0,0
1640,1981,4,4,1,1,0,0,0,0,0,0
1640,1984,7,7,3,0,0,0,0,0,1,0
1640,1985,5,4,0,0,0,0,1,0,0,0
1673,1987,4,2,1,0,0,1,2,0,0,0
1674,1973,2,2,0,0,0,0,0,0,1,0
1674,1976,1,1,0,0,0,0,0,0,1,0
1685,1965,1,1,1,0,0,1,0,0,0,0
1685,1966,4,4,1,0,0,0,0,0,0,0
1685,1967,10,10,5,1,0,0,0,0,0,0
1685,1968,10,10,2,0,0,1,0,0,1,0
1685,1969,4,3,1,0,0,0,0,0,0,1
1685,1971,8,8,1,0,0,0,0,0,3,0
1712,1970,4,3,2,0,0,0,1,0,0,0
1712,1971,8,6,0,0,0,0,2,0,2,0
1712,1972,3,3,0,0,0,0,0,0,2,0
1712,1973,3,3,0,0,0,0,0,0,1,0
1722,1967,1,1,0,0,0,0,0,0,0,0
1722,1968,1,1,1,0,0,0,0,0,0,0
1731,1988,2,2,0,0,0,0,0,0,0,0
1741,1977,2,2,0,0,0,0,0,0,0,0
1741,1980,5,5,1,0,0,0,0,0,0,0
1741,1981,2,1,0,0,0,0,0,0,0,0
1741,1982,2,2,1,0,0,0,0,0,1,0
1741,1983,2,2,0,0,0,0,0,0,1,0
1750,1969,9,7,4,1,1,0,2,0,0,0
1750,1970,3,2,1,1,0,0,1,0,0,0
1750,1971,15,12,5,1,0,1,3,0,1,0
1750,1972,7,6,0,0,0,0,1,0,2,0
1757,1986,3,2,0,0,0,0,1,0,0,0
1757,1987,11,11,4,0,1,1,0,0,1,0
1770,1974,2,2,0,0,0,0,0,0,2,0
1782,1972,12,11,3,0,0,1,1,0,2,0
1782,1973,3,2,0,0,0,0,1,0,0,0
1782,1974,18,14,2,1,0,0,3,0,4,1
1782,1975,8,7,2,0,0,0,1,0,2,0
1782,1976,11,10,3,1,0,0,0,0,1,1
1782,1977,9,8,1,1,0,0,1,0,2,0
1782,1980,1,0,0,0,0,0,1,0,0,0
1783,1965,2,1,0,0,0,0,1,0,1,0
1783,1967,3,3,0,0,0,0,0,0,1,0
1783,1968,12,11,6,1,0,1,0,0,0,1
1823,1970,1,1,1,0,0,0,0,0,0,0
1842,1974,5,5,3,0,0,1,0,0,0,0
1842,1975,7,7,0,0,0,0,0,0,2,0
1842,1976,2,2,0,0,0,0,0,0,0,0
1842,1977,16,12,5,1,0,2,4,0,1,0
1842,1978,9,9,1,0,0,1,0,0,1,0
1842,1979,3,2,1,1,0,0,1,0,0,0
1842,1980,11,10,3,1,0,2,1,0,0,0
1842,1981,8,6,1,1,0,0,2,0,0,0
1842,1982,15,14,4,1,0,1,1,0,1,0
1842,1983,12,11,3,0,0,1,1,0,0,0
1842,1984,22,18,7,2,0,2,4,0,1,0
1842,1985,9,7,3,1,0,1,2,0,1,0
1842,1986,9,7,3,0,0,0,1,0,0,1
1843,1983,6,6,1,0,0,0,0,0,4,0
1843,1988,3,3,2,1,0,1,0,0,1,0
1847,1966,3,3,2,0,0,0,0,0,0,0
1847,1967,8,7,1,0,0,0,1,0,2,0
1847,1969,12,9,3,1,0,1,2,0,1,1
1847,1970,3,3,0,0,0,0,0,0,0,0
1847,1972,14,11,2,0,0,0,3,0,1,0
1854,1972,10,10,3,1,0,0,0,0,2,0
1854,1973,4,4,1,0,0,1,0,0,1,0
1854,1974,9,9,1,0,0,0,0,0,4,0
1859,1970,4,4,1,0,1,0,0,0,1,0
1859,1971,15,14,5,2,0,0,1,0,0,0
1859,1972,8,8,2,0,0,0,0,0,3,0
1859,1973,21,18,7,3,1,0,3,0,2,0
1859,1977,20,19,6,0,0,0,1,0,0,0
1859,1978,11,10,1,0,0,1,0,0,2,0
1859,1979,4,3,0,0,0,0,1,0,0,0
1859,1980,8,7,3,0,0,0,0,0,1,0
1880,1988,3,3,1,1,0,0,0,0,0,0
1895,1987,8,6,1,0,0,0,1,0,1,0
1928,1975,1,1,1,0,0,0,0,0,0,0
1932,1979,1,1,0,0,0,0,0,0,0,0
1948,1970,3,3,0,0,0,0,0,0,3,0
1948,1971,15,15,4,0,1,0,0,0,5,0
1948,1972,11,10,2,1,0,0,1,0,3,0
1948,1973,9,7,3,1,0,0,2,0,2,0
1948,1974,12,10,1,0,0,0,2,0,2,0
1948,1975,10,9,1,0,0,0,1,0,0,0
1948,1976,10,10,4,1,0,0,0,0,1,0
1948,1977,7,5,0,0,0,0,2,0,0,0
1948,1978,3,3,1,0,0,0,0,0,0,0
1948,1979,12,9,1,0,0,0,2,0,1,1
1948,1980,8,6,1,0,0,0,2,0,1,0
1948,1981,7,7,2,1,0,0,0,0,1,0
1948,1982,7,6,0,0,0,0,1,0,2,0
1948,1983,11,11,1,1,0,0,0,0,3,0
1948,1984,14,13,5,2,0,1,1,0,2,0
1955,1969,15,13,2,0,0,1,2,0,1,0
1955,1970,3,2,0,0,0,0,1,0,0,0
1955,1971,6,5,1,0,0,1,1,0,0,0
1955,1972,4,4,1,0,0,1,0,0,2,0
1958,1985,6,6,1,0,0,0,0,0,0,0
1967,1973,13,11,3,0,0,1,2,0,2,0
1967,1975,8,8,2,0,0,1,0,0,0,0
1967,1976,4,4,1,0,0,0,0,0,1,0
1967,1977,7,6,0,0,0,0,1,0,1,0
1967,1978,2,2,1,1,0,0,0,0,0,0
1967,1979,3,2,0,0,0,0,1,0,1,0
1967,1980,7,6,2,0,0,2,1,0,1,0
1967,1981,3,3,0,0,0,0,0,0,0,0
1967,1982,7,7,0,0,0,0,0,0,3,0
1967,1983,19,18,2,0,0,1,1,0,7,0
1967,1984,9,8,4,0,0,2,1,0,0,0
1967,1987,7,7,1,0,0,0,0,0,2,0
1978,1969,1,1,0,0,0,0,0,0,1,0
1979,1980,7,7,1,0,0,0,0,0,0,0
1979,1981,5,5,0,0,0,0,0,0,1,0
1979,1984,1,1,0,0,0,0,0,0,0,0
1979,1985,3,2,0,0,0,0,1,0,1,0
1983,1977,11,11,2,0,0,0,0,0,3,0
1987,1976,1,1,0,0,0,0,0,0,1,0
1988,1972,1,1,0,0,0,0,0,0,1,0
1988,1973,3,3,0,0,0,0,0,0,2,0
1988,1974,3,2,0,0,0,0,1,0,2,0
1988,1976,8,7,2,1,0,0,1,0,3,0
1988,1978,3,3,0,0,0,0,0,0,1,0
1988,1979,1,1,0,0,0,0,0,0,0,0
1996,1979,1,1,0,0,0,0,0,0,0,0
1996,1984,4,4,2,1,0,0,0,0,1,0
1996,1985,9,8,1,0,0,0,0,0,1,0
2000,1967,4,4,0,0,0,0,0,0,0,0
2000,1968,8,6,3,0,0,0,2,0,1,0
2000,1969,14,14,2,0,0,1,0,0,6,0
2057,1984,2,1,1,1,0,0,0,0,0,1
2057,1985,3,1,0,0,0,0,2,0,0,0
2057,1987,7,7,0,0,0,0,0,0,3,0
2110,1974,4,4,1,1,0,0,0,0,0,0
2111,1977,14,12,1,0,0,0,1,0,0,1
2111,1978,12,11,3,0,1,1,1,0,0,0
2111,1979,9,7,2,1,0,1,1,0,2,1
2111,1980,7,5,2,0,1,0,2,0,2,0
2111,1981,4,3,0,0,0,0,1,0,2,0
2111,1982,11,11,0,0,0,0,0,0,3,0
2111,1983,11,8,1,0,0,0,3,0,2,0
2111,1984,4,3,1,0,0,0,1,0,0,0
2111,1985,3,3,1,0,0,0,0,0,1,0
2111,1986,3,1,0,0,0,0,2,0,0,0
2111,1988,1,1,1,1,0,0,0,0,0,0
2125,1986,6,6,1,0,0,0,0,0,2,0
2138,1965,3,3,1,0,0,1,0,0,1,0
2148,1965,2,2,0,0,0,0,0,0,1,0
2148,1966,3,3,1,1,0,0,0,0,0,0
2148,1967,10,10,3,0,0,0,0,0,2,0
2148,1968,15,14,2,0,0,0,1,0,2,0
2148,1969,7,6,2,0,1,0,1,0,2,0
2148,1970,9,9,4,0,0,0,0,0,1,0
2148,1971,11,10,4,1,0,0,1,0,0,0
2148,1972,7,6,4,2,0,0,1,0,0,0
2149,1965,2,2,1,0,0,0,0,0,0,0
2149,1966,2,2,0,0,0,0,0,0,0,0
2149,1967,11,10,2,1,0,0,1,0,6,0
2149,1968,14,14,2,0,0,0,0,0,2,0
2149,1969,13,11,3,0,0,1,2,0,1,0
2149,1970,14,14,6,0,0,0,0,0,3,0
2149,1971,20,18,5,0,0,0,1,1,1,0
2149,1972,7,7,1,0,0,0,0,0,1,0
2153,1972,1,1,1,0,0,0,0,0,0,0
2153,1973,2,1,1,0,0,0,1,0,0,0
2158,1970,1,1,0,0,0,0,0,0,1,0
2158,1971,15,14,5,0,0,0,1,0,3,0
2158,1972,8,8,4,0,0,0,0,0,3,0
2158,1973,12,12,1,0,0,0,0,0,1,0
2158,1974,11,9,2,1,0,0,1,1,0,0
2158,1975,8,5,1,0,0,0,2,0,0,1
2158,1977,8,7,2,0,0,0,1,0,0,0
2158,1978,14,14,3,1,1,0,0,0,2,0
2160,1969,1,1,0,0,0,0,0,0,0,0
2163,1967,1,1,0,0,0,0,0,0,1,0
2191,1965,1,1,1,0,0,0,0,0,0,0
2201,1968,4,3,1,0,0,0,0,0,1,1
2201,1969,9,7,0,0,0,0,2,0,1,0
2201,1970,7,7,0,0,0,0,0,0,3,0
2201,1971,8,6,2,0,0,0,2,0,1,0
2201,1972,13,11,1,0,0,0,2,0,4,0
2201,1973,12,10,3,0,0,0,2,0,4,0
2201,1974,12,9,4,2,0,0,3,0,1,0
2208,1986,2,2,0,0,0,0,0,0,1,0
2208,1987,2,2,1,0,0,0,0,0,0,0
2220,1985,3,3,2,0,0,0,0,0,0,0
2220,1986,9,9,2,1,0,0,0,0,3,0
2225,1979,13,12,3,0,0,0,0,1,2,0
2225,1980,16,13,3,1,0,0,2,0,5,0
2225,1981,12,11,3,0,0,0,0,1,2,0
2225,1986,2,2,0,0,0,0,0,0,2,0
2254,1970,6,5,1,0,0,0,1,0,1,0
2256,1970,12,8,2,0,0,0,3,0,3,0
2256,1971,3,3,0,0,0,0,0,0,0,0
2256,1972,11,10,4,1,0,0,1,0,2,0
2256,1973,11,11,3,1,0,0,0,0,3,0
2256,1974,8,8,0,0,0,0,0,0,2,0
2256,1975,10,10,3,1,0,0,0,0,0,0
2256,1976,9,9,4,2,0,0,0,0,0,0
2256,1977,6,6,1,0,0,0,0,0,0,0
2256,1978,12,12,4,0,0,0,0,0,2,0
2256,1979,15,13,2,0,0,0,2,0,3,0
2256,1980,10,8,2,0,1,0,2,0,0,0
2256,1981,12,12,6,2,0,0,0,0,2,0
2256,1982,7,7,1,0,0,0,0,0,1,0
2256,1983,11,9,2,0,0,0,2,0,0,0
2256,1984,13,12,2,0,0,0,0,0,2,1
2256,1986,2,2,1,0,0,0,0,0,0,0
2299,1970,3,2,0,0,0,0,0,0,2,0
2299,1971,2,2,0,0,0,0,0,0,1,0
2308,1987,5,5,0,0,0,0,0,0,1,0
2342,1970,3,3,1,0,0,0,0,0,2,0
2342,1972,3,3,2,0,0,0,0,0,0,0
2359,1970,6,4,3,0,1,0,2,0,0,0
2359,1972,3,3,0,0,0,0,0,0,2,0
2361,1974,5,5,3,0,0,1,0,0,0,0
2361,1975,5,5,1,1,0,0,0,0,2,0
2361,1976,6,6,1,0,0,0,0,0,1,0
2361,1977,4,3,0,0,0,0,1,0,1,0
2361,1979,1,1,1,1,0,0,0,0,0,0
2382,1984,4,4,0,0,0,0,0,0,1,0
2398,1967,8,8,0,0,0,0,0,0,5,0
2407,1983,3,3,0,0,0,0,0,0,1,0
2407,1986,5,4,0,0,0,0,0,0,4,0
2410,1974,17,17,3,0,0,0,0,0,4,0
2411,1978,4,4,0,0,0,0,0,0,1,0
2440,1970,1,1,0,0,0,0,0,0,1,0
2440,1971,7,7,0,0,0,0,0,0,4,0
2440,1973,6,4,2,1,0,0,1,0,1,0
2440,1976,3,3,0,0,0,0,0,0,1,0
2464,1977,14,10,4,2,0,0,3,1,0,0
2464,1978,10,8,2,0,1,0,1,0,1,1
2464,1979,7,7,1,0,0,0,0,0,3,0
2464,1980,11,10,3,1,1,0,0,0,2,0
2464,1981,4,3,0,0,0,0,1,0,1,0
2464,1982,3,1,0,0,0,0,1,0,0,1
2476,1972,3,3,1,0,0,0,0,0,0,0
2484,1982,2,2,0,0,0,0,0,0,2,0
2498,1975,4,3,0,0,0,0,1,0,1,0
2498,1976,15,14,5,1,0,1,1,0,1,0
2498,1977,13,11,4,3,0,0,2,0,2,0
2498,1978,7,7,3,0,0,0,0,0,0,0
2498,1979,7,4,1,0,0,0,2,0,0,0
2498,1980,7,5,2,0,0,0,2,0,2,0
2498,1981,9,9,3,1,0,0,0,0,1,0
2498,1982,1,1,1,0,0,0,0,0,0,0
2501,1972,3,3,0,0,0,0,0,0,0,0
2501,1973,10,8,2,0,0,0,2,0,3,0
2501,1974,1,1,0,0,0,0,0,0,0,0
2501,1976,4,4,0,0,0,0,0,0,1,0
2501,1977,8,8,1,0,0,0,0,0,1,0
2501,1978,5,4,1,0,0,0,1,0,1,0
2501,1979,10,9,0,0,0,0,1,0,4,0
2501,1980,5,4,0,0,0,0,1,0,1,0
2501,1981,9,9,2,0,0,1,0,0,2,0
2501,1982,13,12,1,1,0,0,1,0,2,0
2501,1983,12,11,7,0,0,0,1,0,3,0
2501,1984,7,5,1,0,0,0,2,0,0,0
2501,1985,5,4,2,0,0,0,1,0,0,0
2523,1967,4,3,0,0,0,0,1,0,3,0
2523,1968,2,2,0,0,0,0,0,0,2,0
2533,1968,2,2,0,0,0,0,0,0,1,0
2534,1971,3,2,0,0,0,0,1,0,2,0
2563,1979,2,2,0,0,0,0,0,0,2,0
2564,1980,3,2,0,0,0,0,1,0,1,0
2578,1965,3,3,0,0,0,0,0,0,1,0
2594,1975,5,4,0,0,0,0,0,0,3,0
2597,1984,3,2,0,0,0,0,1,0,1,0
2597,1985,3,3,1,0,0,0,0,0,1,0
2597,1986,5,5,0,0,0,0,0,0,4,0
2607,1971,1,1,0,0,0,0,0,0,1,0
2617,1969,3,3,2,0,0,0,0,0,1,0
2617,1976,2,1,0,0,0,0,1,0,0,0
2617,1977,1,1,0,0,0,0,0,0,1,0
2620,1967,9,7,1,0,0,0,2,0,2,0
2620,1968,15,15,7,0,0,0,0,0,0,0
2624,1986,3,3,1,0,0,0,0,0,1,0
2624,1987,7,6,1,1,0,0,1,0,1,0
2632,1975,2,2,1,0,0,0,0,0,1,0
2632,1976,4,3,2,0,0,0,1,0,0,0
2632,1977,4,3,1,0,0,1,0,0,0,1
2634,1971,6,6,3,0,0,0,0,0,0,0
2636,1982,12,12,1,0,0,0,0,0,5,0
2636,1983,11,9,1,0,0,0,2,0,4,0
2636,1984,5,5,1,0,0,0,0,0,3,0
2636,1985,3,3,1,0,0,0,0,0,0,0
2636,1986,4,4,1,0,0,0,0,0,0,0
2643,1982,7,6,1,1,0,0,1,0,2,0
2644,1984,7,6,0,0,0,0,1,0,2,0
2644,1986,5,4,1,0,0,1,1,0,1,0
2650,1981,8,7,1,1,0,0,1,0,2,0
2650,1982,13,13,4,0,0,0,0,0,4,0
2650,1983,18,16,3,0,0,0,2,0,5,0
2650,1984,7,7,0,0,0,0,0,0,3,0
2665,1983,2,1,0,0,0,0,0,0,0,0
2665,1984,3,3,1,0,1,0,0,0,2,0
2666,1987,4,4,0,0,0,0,0,0,2,0
2678,1966,8,7,2,0,0,0,1,0,0,0
2678,1967,9,8,0,0,0,0,1,0,3,0
2678,1968,4,4,2,1,0,0,0,0,0,0
2678,1969,5,4,1,0,0,0,1,0,1,0
2688,1965,1,1,0,0,0,0,0,0,0,0
2689,1966,2,2,0,0,0,0,0,0,0,0
2689,1967,6,5,1,0,0,0,0,0,0,1
2689,1969,4,3,1,0,0,0,1,0,0,0
2689,1970,3,3,1,0,0,0,0,0,0,0
2691,1965,1,1,1,0,0,0,0,0,0,0
2691,1966,3,3,1,0,0,0,0,0,0,0
2691,1967,8,7,2,1,0,0,0,0,1,0
2691,1968,6,6,2,0,0,0,0,0,1,0
2691,1969,12,12,4,1,0,0,0,0,2,0
2691,1970,10,10,1,0,0,0,0,0,2,0
2691,1971,12,11,2,0,0,0,0,0,2,1
2691,1972,16,16,4,0,0,0,0,0,3,0
2691,1973,15,14,4,1,1,0,1,0,1,0
2691,1974,14,14,3,0,0,1,0,0,3,0
2691,1975,4,4,0,0,0,0,0,0,2,0
2691,1976,4,4,0,0,0,0,0,0,1,0
2696,1976,2,2,1,0,0,0,0,0,1,0
2696,1977,18,15,3,0,1,0,3,0,3,0
2696,1978,10,10,3,1,0,1,0,0,2,0
2696,1979,7,5,0,0,0,0,1,1,2,0
2696,1980,12,10,4,3,0,0,2,0,1,0
2696,1981,4,4,1,0,0,0,0,0,1,0
2696,1982,15,14,3,0,1,0,1,0,3,0
2696,1983,14,14,5,0,0,2,0,0,4,0
2696,1984,23,19,7,4,0,0,4,0,1,0
2696,1985,7,7,1,0,0,0,0,0,1,0
2696,1986,6,3,2,1,0,1,3,0,1,0
2702,1983,3,2,0,0,0,0,0,0,0,0
2709,1969,7,5,2,0,0,0,1,0,0,0
2709,1970,7,6,1,0,0,0,1,0,1,0
2714,1987,10,8,4,0,0,2,1,0,2,1
2723,1985,2,0,0,0,0,0,2,0,0,0
2723,1986,3,2,1,0,0,1,1,0,0,0
2723,1987,7,4,3,1,0,0,3,0,0,0
2726,1979,4,4,0,0,0,0,0,0,3,0
2739,1977,8,8,3,0,0,0,0,0,0,0
2739,1978,13,12,1,0,0,0,1,0,0,0
2739,1979,12,12,5,1,1,0,0,0,0,0
2739,1980,11,11,3,1,0,0,0,0,1,0
2739,1981,18,13,4,0,0,0,5,0,3,0
2759,1966,3,3,2,1,0,0,0,0,0,0
2759,1967,3,3,0,0,0,0,0,0,0,0
2767,1983,3,3,0,0,0,0,0,0,3,0
2770,1983,2,2,0,0,0,0,0,0,2,0
2803,1976,1,1,0,0,0,0,0,0,0,0
2803,1977,1,1,0,0,0,0,0,0,1,0
2816,1975,2,2,1,0,0,0,0,0,0,0
2816,1978,3,2,0,0,0,0,0,0,1,0
2816,1979,5,5,0,0,0,0,0,0,1,0
2828,1984,7,7,0,0,0,0,0,0,1,0
2869,1986,4,4,4,0,0,0,0,0,0,0
2890,1986,9,9,2,0,0,1,0,0,3,0
2912,1969,4,4,0,0,0,0,0,0,0,0
2912,1971,6,6,2,1,0,0,0,0,1,0
2915,1966,3,3,0,0,0,0,0,0,2,0
2915,1969,4,4,1,0,0,0,0,0,2,0
2915,1970,2,2,0,0,0,0,0,0,2,0
2917,1967,7,4,1,0,0,0,3,0,1,0
2917,1968,14,11,4,1,0,0,3,0,2,0
2917,1969,3,3,2,1,0,1,0,0,0,0
2917,1970,9,5,2,0,0,0,4,0,1,0
2917,1971,4,3,2,1,0,0,1,0,0,0
2917,1972,7,7,1,0,0,0,0,0,3,0
2917,1973,10,9,4,0,0,0,1,0,2,0
2927,1979,3,3,0,0,0,0,0,0,2,0
2927,1980,4,4,0,0,0,0,0,0,1,0
2927,1981,5,5,1,0,0,0,0,0,3,0
2930,1977,1,1,0,0,0,0,0,0,0,0
2930,1984,1,1,0,0,0,0,0,0,0,0
2930,1985,4,4,1,0,0,0,0,0,1,0
2952,1978,1,1,0,0,0,0,0,0,0,0
2989,1983,11,8,1,0,0,0,3,0,2,0
2989,1984,3,2,2,0,0,0,1,0,0,0
2989,1985,6,4,1,0,0,0,2,0,1,0
3010,1986,4,4,2,1,0,0,0,0,2,0
3010,1987,11,8,2,1,0,0,3,0,2,0
3019,1970,7,6,1,0,0,0,1,0,3,0
3049,1977,6,5,2,0,0,0,0,1,1,0
3049,1978,13,12,4,2,0,0,1,0,2,0
3049,1979,7,6,1,0,0,1,1,0,3,0
3049,1980,13,12,5,0,0,1,0,0,3,1
3049,1981,6,2,0,0,0,0,3,0,2,0
3049,1982,6,5,3,1,0,0,1,0,1,0
3049,1983,7,6,1,0,0,0,1,0,0,0
3049,1985,7,5,1,1,0,0,1,0,0,0
3058,1969,1,1,0,0,0,0,0,0,0,0
3110,1974,3,2,0,0,0,0,1,0,0,0
3110,1975,1,1,0,0,0,0,0,0,1,0
3116,1986,3,3,1,1,0,0,0,0,1,0
3136,1981,10,9,1,1,0,0,1,0,4,0
3136,1982,5,4,1,0,0,0,1,0,2,0
3136,1983,4,4,0,0,0,0,0,0,1,0
3136,1986,2,2,0,0,0,0,0,0,0,0
3145,1974,1,1,0,0,0,0,0,0,0,0
3148,1970,7,7,2,0,0,0,0,0,2,0
3148,1971,5,5,2,0,0,0,0,0,0,0
3148,1972,11,11,4,0,1,1,0,0,3,0
3148,1973,6,6,0,0,0,0,0,0,0,0
3148,1974,7,7,1,0,1,0,0,0,2,0
3148,1975,3,3,3,0,0,0,0,0,0,0
3148,1976,3,2,0,0,0,0,1,0,0,0
3148,1977,14,13,3,2,0,0,1,0,4,0
3148,1978,10,9,0,0,0,0,1,0,2,0
3152,1986,7,7,3,0,0,0,0,0,2,0
3163,1980,1,1,0,0,0,0,0,0,1,0
3195,1981,7,7,1,0,0,0,0,0,2,0
3195,1982,3,3,0,0,0,0,0,0,2,0
3198,1965,1,1,0,0,0,0,0,0,0,0
3198,1969,10,7,1,0,0,0,3,0,1,0
3198,1970,6,6,1,0,0,0,0,0,3,0
3213,1982,4,4,0,0,0,0,0,0,2,0
3230,1968,1,1,0,0,0,0,0,0,1,0
3242,1970,4,4,2,0,0,0,0,0,2,0
3242,1971,2,2,0,0,0,0,0,0,2,0
3242,1974,2,2,0,0,0,0,0,0,1,0
3242,1975,2,0,0,0,0,0,1,0,0,0
3249,1977,7,6,2,0,0,1,1,0,1,0
3251,1965,1,1,0,0,0,0,0,0,1,0
3252,1965,4,3,1,0,0,0,0,0,1,0
3300,1983,3,2,1,0,0,0,1,0,1,0
3300,1984,13,13,4,1,0,0,0,0,3,0
3300,1986,5,4,0,0,0,0,1,0,0,0
3324,1977,6,4,1,0,0,0,1,0,1,0
3324,1978,2,1,0,0,0,0,0,0,1,0
3357,1979,7,6,1,0,0,0,0,0,2,0
3357,1980,1,1,0,0,0,0,0,0,1,0
3357,1981,8,8,2,1,0,0,0,0,1,0
3358,1971,1,1,0,0,0,0,0,0,0,0
3358,1972,5,4,0,0,0,0,1,0,1,0
3358,1973,11,11,4,0,1,0,0,0,3,0
3358,1974,14,10,2,0,0,0,4,0,0,0
3358,1975,10,10,0,0,0,0,0,0,4,0
3358,1976,13,11,1,0,0,0,2,0,0,0
3358,1977,7,7,0,0,0,0,0,0,1,0
3358,1978,12,12,5,0,0,2,0,0,1,0
3358,1979,9,8,3,0,0,2,1,0,3,0
3358,1980,8,8,1,0,0,0,0,0,3,0
3358,1981,4,4,1,0,0,0,0,0,0,0
3358,1982,8,7,0,0,0,0,1,0,3,0
3358,1983,3,3,0,0,0,0,0,0,1,0
3358,1986,2,1,0,0,0,0,1,0,1,0
3358,1987,2,1,0,0,0,0,1,0,0,0
3359,1987,5,5,2,0,0,1,0,0,1,0
3385,1965,1,1,1,0,0,0,0,0,0,0
3385,1967,4,3,1,0,0,0,1,0,0,0
3385,1969,3,3,0,0,0,0,0,0,0,0
3385,1970,3,3,0,0,0,0,0,0,0,0
3385,1971,5,5,0,0,0,0,0,0,0,0
3385,1975,1,1,0,0,0,0,0,0,0,0
3388,1975,2,2,0,0,0,0,0,0,1,0
3388,1976,2,2,0,0,0,0,0,0,1,0
3388,1977,4,4,0,0,0,0,0,0,2,0
3388,1979,2,2,0,0,0,0,0,0,1,0
3388,1980,2,2,0,0,0,0,0,0,1,0
3398,1971,3,3,1,0,0,0,0,0,0,0
3398,1972,8,8,2,0,0,1,0,0,1,0
3398,1973,7,6,1,0,0,0,1,0,2,0
3398,1974,6,6,2,1,0,0,0,0,2,0
3433,1987,1,1,0,0,0,0,0,0,0,0
3446,1972,1,1,0,0,0,0,0,0,1,0
3448,1971,7,7,2,2,0,0,0,0,0,0
3448,1973,12,9,4,1,0,2,3,0,0,0
3448,1974,3,2,1,0,0,1,1,0,0,0
3448,1975,3,3,0,0,0,0,0,0,0,0
3448,1976,12,11,2,0,0,0,1,0,2,0
3448,1977,8,7,0,0,0,0,0,0,2,1
3448,1978,3,2,0,0,0,0,1,0,0,0
3448,1979,3,2,2,0,0,0,1,0,0,0
3448,1980,7,7,1,0,0,0,0,0,5,0
3448,1981,1,1,0,0,0,0,0,0,1,0
3458,1971,3,3,2,0,0,1,0,0,0,0
3468,1986,2,2,1,0,0,0,0,0,0,0
3469,1986,2,2,0,0,0,0,0,0,1,0
3469,1987,4,3,0,0,0,0,1,0,0,0
3469,1988,3,3,0,0,0,0,0,0,0,0
3472,1967,7,6,1,0,0,0,1,0,2,0
3472,1969,9,7,1,0,0,1,2,0,4,0
3472,1970,5,2,1,0,0,0,3,0,0,0
3472,1971,1,1,0,0,0,0,0,0,0,0
3478,1978,6,6,1,0,0,0,0,0,1,0
3489,1987,1,1,0,0,0,0,0,0,0,0
3489,1988,1,1,0,0,0,0,0,0,0,0
3516,1983,3,3,1,0,0,0,0,0,2,0
3532,1978,1,1,0,0,0,0,0,0,0,0
3542,1967,2,2,1,0,0,0,0,0,1,0
3545,1987,4,4,2,0,0,0,0,0,0,0
3550,1984,5,4,1,1,0,0,1,0,0,0
3550,1985,6,4,1,0,0,0,2,0,2,0
3550,1986,2,1,0,0,0,0,1,0,1,0
3561,1986,5,5,2,1,0,1,0,0,0,0
3572,1981,2,2,2,2,0,0,0,0,0,0
3572,1986,6,5,0,0,0,0,1,0,0,0
3572,1987,11,8,2,0,0,0,2,0,2,0
3582,1978,5,5,1,0,0,0,0,0,2,0
3582,1979,2,2,1,0,0,0,0,0,0,0
3599,1975,1,1,0,0,0,0,0,0,0,0
3599,1976,5,5,2,0,0,0,0,0,1,0
3599,1977,4,4,0,0,0,0,0,0,0,0
3599,1978,15,13,1,0,0,0,2,0,1,0
3599,1979,8,8,0,0,0,0,0,0,0,0
3599,1980,13,13,6,0,1,0,0,0,0,0
3599,1981,3,3,0,0,0,0,0,0,0,0
3599,1982,10,9,0,0,0,0,1,0,2,0
3599,1983,10,10,4,3,0,0,0,0,1,0
3599,1984,15,15,2,0,0,0,0,0,0,0
3605,1971,13,12,4,1,1,0,1,0,3,0
3605,1972,10,9,2,0,0,0,0,1,1,0
3605,1973,18,16,3,1,0,0,1,0,1,0
3605,1974,15,13,3,0,0,0,2,0,1,0
3605,1975,6,6,2,1,0,0,0,0,0,0
3605,1976,7,6,1,0,0,0,1,0,0,0
3605,1977,21,20,6,2,0,1,1,0,0,0
3605,1978,11,10,7,1,0,0,0,0,0,0
3605,1979,7,7,2,1,0,0,0,0,0,0
3605,1980,16,16,3,0,0,0,0,0,0,0
3605,1981,7,7,3,0,0,0,0,0,1,0
3606,1973,2,2,0,0,0,0,0,0,0,0
3606,1976,1,1,0,0,0,0,0,0,0,0
3615,1973,1,1,0,0,0,0,0,0,0,0
3615,1974,15,13,4,0,0,0,1,0,4,1
3615,1975,7,7,2,0,0,1,0,0,1,0
3615,1976,4,4,0,0,0,0,0,0,1,0
3615,1979,10,9,4,2,0,1,1,0,0,0
3615,1980,4,4,1,0,0,0,0,0,0,0
3615,1981,7,6,0,0,0,0,0,0,2,1
3634,1974,3,3,2,1,0,0,0,0,1,0
3634,1977,3,3,1,1,0,0,0,0,2,0
3634,1978,2,1,1,0,0,0,0,0,0,0
3634,1979,2,2,0,0,0,0,0,0,1,0
3634,1980,6,6,1,0,0,0,0,0,2,0
3634,1982,4,4,1,0,1,0,0,0,1,0
3634,1983,3,2,0,0,0,0,0,0,1,0
3635,1971,2,2,0,0,0,0,0,0,1,0
3648,1969,2,2,0,0,0,0,0,0,2,0
3648,1973,2,2,1,0,0,0,0,0,0,0
3648,1976,2,2,0,0,0,0,0,0,0,0
3649,1971,3,3,0,0,0,0,0,0,0,0
3649,1972,7,7,2,1,0,0,0,0,2,0
3649,1974,8,8,3,2,0,0,0,0,3,0
3649,1975,10,10,3,1,0,1,0,0,1,0
3649,1976,9,8,1,0,0,1,1,0,3,0
3649,1977,7,7,3,0,0,1,0,0,1,0
3649,1978,13,13,2,0,0,0,0,0,3,0
3649,1979,15,12,3,1,0,1,3,0,3,0
3649,1980,11,10,1,0,0,0,1,0,4,0
3649,1981,10,6,2,0,0,0,4,0,1,0
3649,1982,18,17,6,2,0,0,1,0,6,0
3649,1983,11,11,3,0,0,0,0,0,4,0
3649,1984,11,10,2,0,0,0,1,0,1,0
3649,1985,7,7,2,0,0,1,0,0,1,0
3649,1986,8,7,1,0,0,0,1,0,3,0
3653,1974,1,0,0,0,0,0,1,0,0,0
3653,1977,3,3,1,1,0,0,0,0,1,0
3672,1970,14,12,3,0,0,0,2,0,0,0
3682,1988,3,3,2,0,0,0,0,0,0,0
3721,1965,2,2,1,0,0,0,0,0,1,0
3723,1973,3,3,0,0,0,0,0,0,0,0
3730,1971,4,3,0,0,0,0,0,1,1,0
3730,1976,1,1,0,0,0,0,0,0,0,0
3730,1977,4,3,1,0,0,0,1,0,1,0
3730,1979,1,1,0,0,0,0,0,0,0,0
3733,1972,22,21,3,0,0,0,1,0,3,0
3733,1973,6,6,2,1,0,0,0,0,2,0
3733,1977,4,4,1,0,0,0,0,0,0,0
3733,1978,1,1,1,1,0,0,0,0,0,0
3736,1974,8,6,0,0,0,0,2,0,2,0
3736,1975,1,1,0,0,0,0,0,0,1,0
3745,1973,11,10,2,0,0,0,0,0,0,0
3745,1974,9,9,2,1,0,0,0,0,0,0
3745,1975,1,1,0,0,0,0,0,0,0,0
3745,1976,2,2,1,0,0,0,0,0,1,0
3745,1977,1,1,0,0,0,0,0,0,1,0
3745,1979,6,6,3,1,0,0,0,0,2,0
3751,1970,3,3,0,0,0,0,0,0,2,0
3764,1967,2,2,0,0,0,0,0,0,2,0
3764,1968,2,2,0,0,0,0,0,0,2,0
3764,1970,3,3,0,0,0,0,0,0,2,0
3764,1977,2,2,0,0,0,0,0,0,0,0
3768,1983,1,1,0,0,0,0,0,0,1,0
3768,1984,1,1,1,0,0,0,0,0,0,0
3771,1967,6,5,1,0,0,0,1,0,1,0
3771,1969,3,3,1,0,0,0,0,0,0,0
3771,1970,7,6,0,0,0,0,0,0,0,1
3771,1971,4,4,1,0,0,0,0,0,0,0
3771,1972,12,12,2,2,0,0,0,0,2,0
3771,1973,4,4,1,0,0,0,0,0,1,0
3771,1975,7,7,2,1,0,1,0,0,0,0
3771,1976,10,10,1,0,0,0,0,0,2,0
3779,1979,3,2,1,0,0,0,0,0,1,0
3779,1980,4,4,0,0,0,0,0,0,2,0
3782,1977,3,3,0,0,0,0,0,0,3,0
3807,1970,1,1,0,0,0,0,0,0,0,0
3807,1973,4,3,0,0,0,0,1,0,0,0
3807,1974,1,1,0,0,0,0,0,0,0,0
3817,1986,7,6,4,0,0,2,1,0,1,0
3820,1982,4,3,1,0,0,0,1,0,2,0
3820,1983,1,0,0,0,0,0,1,0,0,0
3822,1970,1,1,0,0,0,0,0,0,0,0
3822,1972,6,6,1,0,0,0,0,0,2,0
3831,1986,2,2,1,0,0,0,0,0,0,0
3831,1987,1,1,1,0,0,0,0,0,0,0
3840,1978,4,4,0,0,0,0,0,0,0,0
3844,1987,3,2,0,0,0,0,0,0,0,0
3883,1981,9,8,1,1,0,0,1,0,2,0
3883,1982,6,6,1,0,0,0,0,0,0,0
3919,1981,4,4,1,0,0,0,0,0,1,0
3919,1982,17,17,7,0,0,1,0,0,5,0
3919,1984,8,7,2,0,1,0,1,0,2,0
3919,1985,2,2,1,0,0,0,0,0,0,0
3931,1977,16,16,5,1,0,2,0,0,2,0
3931,1978,15,12,3,1,0,0,2,1,1,0
3931,1979,17,16,3,0,0,2,1,0,4,0
3931,1980,18,15,3,1,0,0,2,0,1,1
3931,1982,13,12,4,1,2,0,1,0,3,0
3931,1983,13,12,4,2,0,0,1,0,1,0
3931,1984,4,4,3,2,0,0,0,0,0,0
3931,1985,5,5,2,0,0,0,0,0,0,0
3934,1973,1,1,0,0,0,0,0,0,1,0
3936,1969,6,5,0,0,0,0,1,0,1,0
3936,1970,3,3,2,0,0,0,0,0,0,0
3936,1971,4,4,2,0,0,0,0,0,0,0
3936,1972,1,1,0,0,0,0,0,0,0,0
3939,1971,11,11,5,1,0,0,0,0,4,0
3939,1972,12,12,3,0,0,0,0,0,1,0
3939,1973,9,9,3,1,0,0,0,0,3,0
3939,1974,15,15,5,1,0,0,0,0,5,0
3939,1975,10,9,5,1,0,1,1,0,1,0
3944,1970,1,1,0,0,0,0,0,0,0,0
3944,1972,7,5,2,0,0,0,1,0,1,1
3944,1974,14,11,2,0,0,0,3,0,2,0
3949,1971,8,8,0,0,0,0,0,0,2,0
3949,1972,11,11,2,2,0,0,0,0,1,0
3949,1973,7,6,1,0,0,0,0,0,1,1
3949,1974,3,3,0,0,0,0,0,0,0,0
3949,1975,9,9,1,0,0,1,0,0,0,0
3949,1976,4,4,2,0,0,1,0,0,0,0
3949,1977,7,6,1,0,0,1,1,0,3,0
3949,1978,2,2,0,0,0,0,0,0,0,0
3949,1979,3,3,1,0,0,0,0,0,0,0
3949,1980,7,6,1,1,0,0,1,0,1,0
3949,1981,3,3,0,0,0,0,0,0,0,0
3949,1982,5,5,1,0,0,0,0,0,2,0
3949,1983,4,3,0,0,0,0,1,0,0,0
3949,1984,3,3,3,1,0,0,0,0,0,0
3949,1985,7,5,1,0,0,0,1,0,1,1
3949,1986,6,6,2,0,0,1,0,0,0,0
3954,1969,8,7,4,1,0,0,1,0,0,0
3954,1974,1,0,0,0,0,0,1,0,0,0
3957,1969,7,5,0,0,0,0,2,0,1,0
3957,1970,8,8,3,1,0,1,0,0,3,0
3957,1971,8,8,2,0,0,1,0,0,2,0
3957,1972,13,12,4,3,0,0,1,0,2,0
3957,1973,8,6,1,0,0,0,1,0,3,0
3957,1974,8,7,0,0,0,0,1,0,0,0
3957,1975,4,4,0,0,0,0,0,0,2,0
3957,1976,5,5,0,0,0,0,0,0,0,0
3957,1977,4,4,1,1,0,0,0,0,2,0
3974,1987,2,2,0,0,0,0,0,0,0,0
3977,1967,3,3,0,0,0,0,0,0,1,0
3978,1981,2,2,0,0,0,0,0,0,2,0
3985,1969,4,4,0,0,0,0,0,0,3,0
3985,1970,4,4,0,0,0,0,0,0,4,0
3985,1972,2,0,0,0,0,0,1,0,0,0
3996,1987,5,5,2,0,0,0,0,0,1,0
4005,1972,2,2,0,0,0,0,0,0,1,0
4005,1973,9,9,1,0,0,0,0,0,4,0
4005,1975,6,5,1,0,0,0,1,0,1,0
4005,1976,6,5,2,0,0,0,1,0,2,0
4005,1977,6,4,1,1,0,0,2,0,0,0
4005,1978,6,6,1,1,0,0,0,0,1,0
4022,1967,1,0,0,0,0,0,1,0,0,0
4025,1972,2,2,0,0,0,0,0,0,0,0
4025,1973,2,2,0,0,0,0,0,0,1,0
4025,1974,2,2,1,0,0,0,0,0,1,0
4025,1975,3,2,0,0,0,0,0,0,2,1
4028,1987,6,5,2,1,0,0,0,1,1,0
4031,1972,1,1,0,0,0,0,0,0,0,0
4037,1967,3,3,2,0,0,0,0,0,0,0
4049,1972,4,4,1,0,0,0,0,0,1,0
4049,1975,1,1,0,0,0,0,0,0,0,0
4049,1976,5,5,1,0,0,0,0,0,2,0
4049,1977,8,8,1,0,1,0,0,0,2,0
4049,1978,3,3,1,0,0,0,0,0,0,0
4052,1981,1,1,0,0,0,0,0,0,1,0
4052,1982,7,7,1,1,0,0,0,0,3,0
4052,1983,7,5,1,0,0,0,1,0,0,1
4062,1965,1,1,1,0,0,0,0,0,0,0
4085,1967,1,1,0,0,0,0,0,0,1,0
4088,1984,7,6,2,0,0,0,1,0,0,0
4088,1985,3,3,2,0,0,0,0,0,0,0
4088,1986,5,5,2,0,0,0,0,0,0,0
4119,1973,1,0,0,0,0,0,1,0,0,0
4139,1980,6,3,0,0,0,0,3,0,1,0
4143,1984,2,1,0,0,0,0,1,0,0,0
4160,1985,2,1,0,0,0,0,1,0,0,0
4167,1973,4,4,0,0,0,0,0,0,3,0
4167,1977,4,4,0,0,0,0,0,0,1,0
4167,1978,3,3,2,0,0,0,0,0,0,0
4167,1979,9,6,1,1,0,0,3,0,1,0
4174,1977,8,8,2,2,0,0,0,0,3,0
4174,1979,5,5,0,0,0,0,0,0,1,0
4174,1980,1,1,0,0,0,0,0,0,0,0
4174,1981,1,1,0,0,0,0,0,0,0,0
4174,1982,14,14,3,0,0,0,0,0,6,0
4191,1987,1,1,0,0,0,0,0,0,0,0
4195,1965,2,2,0,0,0,0,0,0,0,0
4195,1968,3,3,1,0,0,0,0,0,0,0
4195,1970,4,3,1,1,0,0,1,0,0,0
4203,1985,4,3,0,0,0,0,1,0,1,0
4205,1972,1,1,0,0,0,0,0,0,0,0
4210,1968,4,4,1,0,0,0,0,0,0,0
4240,1967,12,12,1,0,0,0,0,0,4,0
4240,1968,6,6,3,0,0,1,0,0,2,0
4240,1969,4,4,0,0,0,0,0,0,2,0
4247,1969,8,7,1,0,0,0,1,0,2,0
4247,1970,10,8,1,0,0,0,1,0,2,0
4247,1971,1,1,0,0,0,0,0,0,1,0
4247,1972,8,8,2,1,0,0,0,0,2,0
4247,1974,2,1,0,0,0,0,1,0,0,0
4255,1978,1,1,0,0,0,0,0,0,0,0
4304,1982,5,5,1,1,0,0,0,0,3,0
4304,1983,15,15,4,0,0,1,0,0,2,0
4304,1984,3,3,0,0,0,0,0,0,2,0
4304,1985,7,7,0,0,0,0,0,0,3,0
4316,1987,2,1,0,0,0,0,1,0,0,0
4341,1973,3,3,1,0,0,0,0,0,1,0
4341,1974,1,1,0,0,0,0,0,0,1,0
4345,1986,4,3,2,0,0,0,0,0,0,1
4348,1978,5,5,1,0,0,0,0,0,2,0
4349,1986,3,3,2,0,0,0,0,0,0,0
4349,1987,12,10,3,1,0,0,2,0,0,0
4356,1975,4,3,1,0,1,0,1,0,0,0
4356,1976,6,6,2,0,0,0,0,0,2,0
4356,1977,7,6,2,1,0,0,1,0,2,0
4356,1978,15,14,1,0,0,0,1,0,4,0
4356,1979,5,5,1,0,0,0,0,0,1,0
4356,1980,7,7,0,0,0,0,0,0,4,0
4356,1981,4,4,1,0,0,0,0,0,1,0
4356,1986,3,2,0,0,0,0,1,0,0,0
4359,1972,2,1,0,0,0,0,0,0,1,0
4359,1975,2,2,0,0,0,0,0,0,0,0
4359,1980,2,2,1,0,0,1,0,0,1,0
4366,1972,2,0,0,0,0,0,0,0,0,0
4366,1973,1,1,0,0,0,0,0,0,1,0
4370,1966,3,3,0,0,0,0,0,0,0,0
4374,1974,12,11,2,0,0,0,1,0,3,0
4374,1975,11,9,2,0,0,0,1,0,2,0
4374,1976,1,1,0,0,0,0,0,0,0,0
4374,1977,4,3,1,0,0,0,1,0,0,0
4382,1966,6,4,2,0,0,0,2,0,1,0
4382,1967,6,6,2,0,0,0,0,0,0,0
4382,1968,9,9,2,2,0,0,0,0,0,0
4382,1969,12,12,5,0,0,0,0,0,3,0
4382,1970,7,5,3,1,0,0,1,0,0,1
4382,1971,17,15,6,2,0,0,2,0,2,0
4382,1972,9,7,1,0,0,0,2,0,1,0
4382,1973,3,2,1,0,0,0,0,0,0,0
4382,1974,5,4,2,0,0,0,1,0,0,0
4382,1975,4,4,0,0,0,0,0,0,0,0
4382,1976,3,3,0,0,0,0,0,0,0,0
4382,1977,3,3,2,0,0,0,0,0,0,0
4382,1978,1,1,0,0,0,0,0,0,0,0
4387,1973,4,4,1,0,0,0,0,0,1,0
4387,1974,9,7,3,0,0,0,2,0,1,0
4387,1975,7,6,1,0,0,0,1,0,3,0
4387,1976,7,6,3,1,0,0,1,0,0,0
4389,1987,1,1,1,0,0,0,0,0,0,0
4389,1988,1,1,0,0,0,0,0,0,0,0
4414,1981,3,3,3,2,0,1,0,0,0,0
4414,1982,7,7,1,0,0,1,0,0,1,0
4414,1983,7,7,1,0,0,0,0,0,1,0
4414,1984,14,13,3,1,0,0,1,0,2,0
4428,1987,3,3,0,0,0,0,0,0,0,0
4434,1984,3,2,0,0,0,0,1,0,1,0
4435,1984,5,5,2,0,0,0,0,0,1,0
4436,1973,1,1,0,0,0,0,0,0,1,0
4436,1974,3,2,2,0,0,0,0,0,0,0
4474,1982,3,3,0,0,0,0,0,0,1,0
4474,1983,8,8,1,0,0,0,0,0,3,0
4477,1982,4,4,0,0,0,0,0,0,1,0
4477,1984,4,4,0,0,0,0,0,0,0,0
4477,1985,7,7,3,0,0,0,0,0,0,0
4477,1986,7,6,2,1,0,0,1,0,0,0
4503,1970,7,6,2,0,0,0,0,0,1,0
4503,1971,10,8,3,1,0,0,2,0,2,0
4503,1972,3,3,0,0,0,0,0,0,1,0
4503,1973,3,1,0,0,0,0,2,0,0,0
4503,1974,14,12,4,3,0,0,2,0,2,0
4505,1977,2,1,0,0,0,0,1,0,1,0
4516,1974,3,3,0,0,0,0,0,0,2,0
4516,1975,2,2,0,0,0,0,0,0,1,0
4516,1976,3,3,1,0,0,0,0,0,2,0
4528,1983,4,4,1,0,0,0,0,0,2,0
4528,1988,3,3,1,0,0,0,0,0,1,0
4532,1973,3,3,0,0,0,0,0,0,3,0
4533,1965,2,2,1,0,0,0,0,0,0,0
4533,1968,3,3,1,0,0,0,0,0,0,0
4533,1969,3,3,0,0,0,0,0,0,0,0
4549,1978,2,2,0,0,0,0,0,0,0,0
4558,1985,2,1,0,0,0,0,0,0,0,0
4580,1968,5,5,1,0,0,0,0,0,3,0
4580,1969,4,4,0,0,0,0,0,0,2,0
4580,1971,4,3,0,0,0,0,0,0,2,0
4580,1972,3,3,0,0,0,0,0,0,2,0
4597,1980,1,1,0,0,0,0,0,0,1,0
4623,1979,1,0,0,0,0,0,1,0,0,0
4624,1977,1,1,0,0,0,0,0,0,1,0
4630,1969,4,4,0,0,0,0,0,0,4,0
4630,1970,4,4,0,0,0,0,0,0,1,0
4632,1982,3,3,2,0,0,1,0,0,0,0
4632,1983,12,9,3,0,0,0,0,0,0,1
4632,1984,6,5,1,0,0,0,1,0,0,0
4636,1981,3,1,0,0,0,0,2,0,1,0
4636,1982,6,5,3,1,0,0,1,0,1,0
4636,1983,10,9,1,0,0,0,1,0,2,0
4636,1985,7,7,0,0,0,0,0,0,1,0
4636,1986,8,6,0,0,0,0,2,0,2,0
4636,1987,3,2,1,1,0,0,1,0,0,0
4638,1965,2,2,0,0,0,0,0,0,2,0
4638,1967,1,0,0,0,0,0,1,0,0,0
4641,1966,2,2,0,0,0,0,0,0,2,0
4641,1967,7,6,2,0,1,0,1,0,3,0
4641,1968,6,6,1,0,0,0,0,0,1,0
4641,1969,12,11,4,0,0,0,1,0,4,0
4641,1970,14,12,3,0,0,0,2,0,2,0
4641,1971,16,14,5,2,0,0,2,0,0,0
4641,1972,16,10,2,0,1,0,6,0,2,0
4641,1973,11,9,1,0,0,0,2,0,0,0
4641,1974,2,2,2,1,0,0,0,0,0,0
4641,1975,7,5,1,1,0,0,2,0,1,0
4641,1976,8,8,1,0,0,0,0,0,1,0
4641,1977,6,5,1,0,0,0,0,0,2,0
4646,1965,1,1,0,0,0,0,0,0,0,0
4646,1966,8,7,2,2,0,0,0,0,2,0
4646,1967,7,7,2,0,0,0,0,0,2,0
4651,1981,1,1,0,0,0,0,0,0,1,0
4673,1986,6,3,1,0,1,0,3,0,0,0
4676,1974,9,8,2,1,0,0,1,0,2,0
4676,1975,3,2,1,0,0,0,1,0,0,0
4676,1976,4,4,1,1,0,0,0,0,1,0
4692,1967,9,8,6,0,0,0,1,0,1,0
4692,1968,17,17,3,0,0,1,0,0,1,0
4692,1970,6,6,1,0,0,0,0,0,0,0
4709,1979,2,2,0,0,0,0,0,0,2,0
4711,1984,1,1,0,0,0,0,0,0,0,0
4716,1980,7,7,3,1,0,0,0,0,1,0
4726,1978,2,2,0,0,0,0,0,0,1,0
4729,1983,4,3,0,0,0,0,0,0,0,0
4729,1986,3,3,0,0,0,0,0,0,0,0
4755,1971,1,1,0,0,0,0,0,0,1,0
4755,1972,7,7,0,0,0,0,0,0,6,0
4766,1986,7,7,4,0,0,1,0,0,1,0
4766,1987,5,5,2,1,0,0,0,0,1,0
4772,1969,4,3,1,1,0,0,0,1,2,0
4772,1970,5,4,0,0,0,0,0,0,1,1
4772,1971,6,6,0,0,0,0,0,0,5,0
4772,1972,6,6,1,1,0,0,0,0,3,0
4772,1973,10,10,4,0,0,0,0,0,1,0
4772,1974,8,8,2,1,0,0,0,0,0,0
4772,1975,14,12,1,0,0,0,2,0,4,0
4772,1976,4,4,2,1,0,0,0,0,0,0
4772,1979,6,6,1,0,0,0,0,0,0,0
4777,1980,2,2,1,0,0,0,0,0,0,0
4777,1982,5,5,2,0,0,0,0,0,2,0
4777,1985,3,3,0,0,0,0,0,0,0,0
4784,1975,4,3,0,0,0,0,1,0,1,0
4792,1973,2,2,1,0,0,0,0,0,0,0
4792,1974,1,1,0,0,0,0,0,0,1,0
4792,1978,1,1,0,0,0,0,0,0,0,0
4805,1967,6,6,3,1,0,0,0,0,0,0
4805,1968,13,13,5,1,0,0,0,0,0,0
4805,1970,15,11,4,2,0,0,3,0,0,0
4805,1971,3,3,1,1,0,0,0,0,0,0
4805,1972,7,7,2,0,0,0,0,0,0,0
4805,1973,10,10,1,0,0,0,0,0,0,0
4805,1974,6,5,1,1,0,0,1,0,0,0
4805,1975,1,1,1,0,0,0,0,0,0,0
4805,1976,3,3,1,0,0,1,0,0,0,0
4805,1977,1,1,0,0,0,0,0,0,0,0
4815,1987,2,1,0,0,0,0,1,0,0,0
4817,1977,8,8,1,0,0,0,0,0,1,0
4817,1978,4,4,2,1,0,0,0,0,0,0
4817,1979,16,16,5,0,0,0,0,0,3,0
4817,1980,22,19,6,2,0,1,3,0,2,0
4817,1981,7,6,3,0,0,0,1,0,1,0
4817,1982,22,21,6,1,0,0,0,0,4,1
4817,1983,19,18,10,1,0,1,1,0,3,0
4817,1984,7,6,1,0,0,0,1,0,0,0
4817,1986,4,3,0,0,0,0,1,0,1,0
4817,1987,10,9,4,2,0,0,1,0,1,0
4822,1969,3,3,0,0,0,0,0,0,1,0
4822,1970,11,9,1,1,0,0,2,0,2,0
4822,1971,4,2,1,0,0,1,2,0,0,0
4822,1972,11,11,0,0,0,0,0,0,5,0
4822,1976,5,4,0,0,0,0,1,0,1,0
4822,1978,6,4,1,0,0,1,2,0,1,0
4826,1987,2,2,1,0,0,1,0,0,1,0
4826,1988,1,1,1,0,0,0,0,0,0,0
4829,1977,7,6,0,0,0,0,1,0,3,0
4829,1978,17,13,4,1,0,1,4,0,3,0
4829,1979,4,4,0,0,0,0,0,0,0,0
4829,1980,10,9,0,0,0,0,1,0,3,0
4829,1981,18,15,7,0,0,0,3,0,4,0
4829,1982,6,5,1,1,0,0,0,0,3,1
4829,1987,4,3,2,0,0,0,1,0,0,0
4830,1986,6,6,0,0,0,0,0,0,1,0
4861,1969,1,1,0,0,0,0,0,0,0,0
4894,1971,8,7,3,0,0,0,1,0,0,0
4894,1972,11,9,2,1,1,0,1,0,1,0
4894,1973,8,7,1,0,0,0,1,0,1,0
4894,1974,14,14,3,2,0,0,0,0,1,0
4894,1975,4,4,0,0,0,0,0,0,0,0
4894,1976,5,5,0,0,0,0,0,0,0,0
4906,1971,3,3,1,0,0,0,0,0,0,0
4906,1972,4,4,0,0,0,0,0,0,2,0
4907,1975,3,1,0,0,0,0,2,0,1,0
4907,1976,12,10,3,0,0,0,2,0,4,0
4907,1977,19,17,5,1,0,0,2,0,3,0
4907,1978,11,11,5,2,0,1,0,0,0,0
4907,1979,17,15,7,2,0,1,2,0,3,0
4907,1980,24,19,7,3,0,0,5,0,2,0
4907,1981,8,8,2,0,0,0,0,0,1,0
4907,1982,22,22,6,2,0,0,0,0,5,0
4907,1983,12,10,3,0,0,0,2,0,1,0
4907,1984,10,9,5,1,0,0,1,0,0,0
4907,1985,9,9,0,0,0,0,0,0,2,0
4907,1986,7,6,1,0,0,0,1,0,1,0
4908,1976,15,13,2,1,0,0,2,0,4,0
4908,1977,7,6,2,1,0,0,1,0,1,0
4908,1978,10,9,3,0,0,0,1,0,1,0
4908,1979,6,6,1,0,0,0,0,0,1,0
4908,1980,12,12,2,1,0,0,0,0,7,0
4908,1981,4,4,2,0,0,0,0,0,2,0
4908,1986,2,1,0,0,0,0,1,0,0,0
4908,1987,5,3,2,1,0,1,1,0,0,1
4928,1979,1,1,0,0,0,0,0,0,1,0
4928,1980,1,1,0,0,0,0,0,0,1,0
4938,1977,3,2,1,0,0,0,1,0,0,0
4945,1968,3,3,0,0,0,0,0,0,0,0
4945,1969,6,6,2,0,0,0,0,0,0,0
4952,1980,13,13,2,0,0,0,0,0,3,0
4952,1981,8,7,2,0,0,0,1,0,0,0
4952,1982,14,12,1,0,0,0,2,0,3,0
4952,1983,12,11,4,0,0,0,1,0,1,0
4952,1984,6,6,3,0,0,0,0,0,1,0
4952,1985,3,1,0,0,0,0,2,0,0,0
4952,1986,8,6,2,0,0,0,1,0,0,0
4956,1984,3,2,1,0,0,0,0,0,1,0
4960,1986,1,1,0,0,0,0,0,0,1,0
4970,1967,6,4,2,1,0,0,2,0,1,0
4970,1968,8,8,2,0,0,0,0,0,2,0
4970,1970,10,9,3,0,0,0,0,0,1,0
4970,1971,10,9,3,0,0,0,1,0,2,0
4981,1966,3,3,1,0,0,0,0,0,0,0
4981,1968,4,4,0,0,0,0,0,0,0,0
4981,1969,14,12,4,0,1,1,2,0,1,0
4981,1970,14,11,3,0,0,0,2,1,3,0
4981,1971,18,13,5,0,0,3,5,0,0,0
4981,1972,8,8,2,0,0,0,0,0,2,0
4981,1973,7,6,2,0,1,0,1,0,1,0
4981,1974,1,1,0,0,0,0,0,0,0,0
5001,1987,2,2,0,0,0,0,0,0,0,0
5014,1975,3,2,0,0,0,0,0,0,0,1
5014,1976,10,9,0,0,0,0,1,0,1,0
5014,1977,11,11,2,0,0,1,0,0,0,0
5014,1978,10,10,1,0,0,0,0,0,1,0
5014,1979,5,3,0,0,0,0,2,0,2,0
5043,1972,5,5,0,0,0,0,0,0,1,0
5044,1969,8,7,2,0,0,0,1,0,0,0
5044,1970,11,9,3,2,1,0,2,0,3,0
5044,1971,4,4,2,0,0,0,0,0,1,0
5062,1982,4,4,0,0,0,0,0,0,3,0
5062,1983,3,3,0,0,0,0,0,0,1,0
5087,1977,5,5,0,0,0,0,0,0,1,0
5115,1983,1,1,0,0,0,0,0,0,0,0
5120,1969,2,2,0,0,0,0,0,0,2,0
5120,1970,11,9,2,1,0,0,1,0,1,0
5128,1984,3,3,0,0,0,0,0,0,1,0
5134,1971,1,1,0,0,0,0,0,0,0,0
5134,1974,6,6,0,0,0,0,0,0,3,0
5134,1975,4,3,0,0,0,0,0,0,2,0
5134,1981,2,2,0,0,0,0,0,0,2,0
5146,1978,2,1,0,0,0,0,0,0,0,1
5146,1979,6,6,2,0,0,1,0,0,2,0
5146,1980,6,5,1,0,0,1,1,0,1,0
5146,1981,3,3,0,0,0,0,0,0,0,0
5146,1982,4,3,3,0,0,1,1,0,0,0
5146,1983,10,10,2,1,0,0,0,0,3,0
5146,1984,3,3,0,0,0,0,0,0,1,0
5146,1985,6,4,0,0,0,0,2,0,0,0
5146,1986,5,5,2,0,0,0,0,0,1,0
5160,1975,3,2,0,0,0,0,1,0,1,0
5174,1981,4,4,2,0,0,1,0,0,0,0
5174,1982,7,7,1,0,0,0,0,0,2,0
5174,1983,8,8,1,0,0,0,0,0,3,0
5186,1975,1,1,0,0,0,0,0,0,0,0
5190,1972,2,2,0,0,0,0,0,0,0,0
5191,1971,3,3,0,0,0,0,0,0,0,0
5191,1972,9,8,2,1,0,0,1,0,1,0
5191,1973,4,4,1,1,0,0,0,0,2,0
5193,1981,2,2,0,0,0,0,0,0,1,0
5193,1982,4,4,0,0,0,0,0,0,2,0
5193,1983,3,3,1,0,0,0,0,0,1,0
5199,1975,8,7,2,1,0,0,1,0,4,0
5199,1976,6,6,1,0,0,0,0,0,1,0
5199,1977,7,7,1,0,0,0,0,0,3,0
5199,1978,1,1,0,0,0,0,0,0,1,0
5200,1974,6,6,2,0,0,1,0,0,1,0
5200,1975,3,2,0,0,0,0,1,0,1,0
5200,1976,4,4,0,0,0,0,0,0,1,0
5200,1977,10,8,0,0,0,0,2,0,3,0
5200,1978,5,4,2,1,0,0,0,0,1,1
5200,1979,4,3,0,0,0,0,1,0,0,0
5200,1980,4,4,1,0,0,0,0,0,1,0
5200,1981,9,6,1,0,0,0,2,0,0,1
5200,1982,8,6,1,0,0,1,2,0,0,0
5200,1984,3,3,0,0,0,0,0,0,0,0
5214,1985,3,2,1,0,0,0,0,0,0,0
5221,1978,1,1,1,0,0,0,0,0,0,0
5221,1979,4,4,0,0,0,0,0,0,1,0
5221,1980,3,3,1,0,0,1,0,0,1,0
5221,1981,5,5,1,0,0,0,0,0,1,0
5221,1982,6,6,0,0,0,0,0,0,2,0
5221,1983,10,9,2,0,0,1,1,0,1,0
5221,1984,5,4,1,0,0,0,1,0,1,0
5221,1985,3,2,1,1,0,0,0,0,0,0
5221,1986,6,4,1,1,0,0,1,1,0,0
5261,1973,1,1,1,1,0,0,0,0,0,0
5276,1971,4,4,0,0,0,0,0,0,0,0
5276,1972,4,4,1,0,0,0,0,0,0,0
5276,1973,2,2,0,0,0,0,0,0,1,0
5276,1974,5,3,0,0,0,0,1,0,1,0
5278,1967,10,8,0,0,0,0,2,0,1,0
5278,1968,9,8,3,0,0,0,1,0,0,0
5278,1969,11,11,6,1,0,0,0,0,1,0
5278,1970,3,3,1,0,0,1,0,0,0,0
5278,1972,11,11,2,0,0,0,0,0,1,0
5278,1973,4,4,1,0,0,0,0,0,1,0
5278,1975,3,2,1,0,0,0,1,0,0,0
5290,1966,7,7,2,0,0,0,0,0,0,0
5290,1967,8,8,2,0,0,0,0,0,0,0
5290,1968,19,15,4,2,0,0,4,0,1,0
5290,1969,4,4,0,0,0,0,0,0,0,0
5290,1970,8,8,1,0,0,0,0,0,0,0
5290,1971,18,14,3,1,0,0,3,0,1,0
5290,1972,8,7,2,0,0,0,1,0,1,0
5290,1973,14,9,3,0,0,0,3,1,0,0
5290,1974,14,12,3,1,0,0,1,0,0,0
5291,1970,5,4,0,0,0,0,1,0,3,0
5291,1975,1,1,0,0,0,0,0,0,0,0
5314,1970,4,4,0,0,0,0,0,0,1,0
5335,1986,6,4,0,0,0,0,2,0,1,0
5335,1987,11,10,5,2,0,0,1,0,1,0
5347,1979,1,1,0,0,0,0,0,0,0,0
5347,1983,4,4,2,0,0,0,0,0,0,0
5348,1986,2,2,1,0,0,0,0,0,0,0
5348,1987,4,2,0,0,0,0,1,0,0,1
5363,1975,4,4,0,0,0,0,0,0,3,0
5363,1976,6,5,1,1,0,0,0,0,1,1
5363,1977,5,5,0,0,0,0,0,0,2,0
5363,1978,11,11,3,0,0,0,0,0,1,0
5363,1979,6,5,2,0,0,1,1,0,2,0
5363,1980,10,10,3,0,0,0,0,0,2,0
5374,1968,2,1,0,0,0,0,0,0,0,0
5375,1986,3,3,1,0,0,0,0,0,0,0
5375,1987,3,3,1,0,0,1,0,0,2,0
5391,1967,3,3,1,1,0,0,0,0,1,0
5391,1968,2,1,0,0,0,0,1,0,1,0
5401,1966,4,4,0,0,0,0,0,0,1,0
5401,1967,8,8,3,1,1,0,0,0,1,0
5401,1969,8,5,1,0,0,0,3,0,2,0
5401,1971,7,7,3,0,0,0,0,0,0,0
5401,1973,1,1,0,0,0,0,0,0,0,0
5405,1988,3,3,1,0,0,1,0,0,1,0
5418,1984,1,1,0,0,0,0,0,0,1,0
5421,1970,10,8,1,1,0,0,1,0,3,0
5421,1971,3,2,1,0,0,0,0,1,0,0
5421,1973,1,1,0,0,0,0,0,0,0,0
5445,1968,2,2,0,0,0,0,0,0,1,0
5445,1970,3,2,0,0,0,0,0,0,2,0
5445,1971,2,1,0,0,0,0,0,0,0,0
5452,1972,5,5,3,0,0,1,0,0,1,0
5453,1986,3,2,0,0,0,0,1,0,0,0
5453,1987,7,6,1,0,0,0,1,0,1,0
5473,1969,4,4,0,0,0,0,0,0,3,0
5473,1971,5,5,1,1,0,0,0,0,2,0
5473,1972,2,2,0,0,0,0,0,0,0,0
5473,1973,3,3,0,0,0,0,0,0,1,0
5473,1982,6,6,0,0,0,0,0,0,4,0
5473,1983,5,4,0,0,0,0,0,0,1,0
5490,1971,4,4,0,0,0,0,0,0,0,0
5490,1972,1,1,0,0,0,0,0,0,0,0
5492,1970,4,3,0,0,0,0,1,0,0,0
5492,1972,12,12,3,0,0,0,0,0,5,0
5523,1968,14,14,6,2,0,0,0,0,3,0
5530,1971,2,1,0,0,0,0,1,0,1,0
5531,1967,3,2,0,0,0,0,1,0,0,0
5531,1968,7,7,2,0,0,0,0,0,1,0
5534,1974,7,4,0,0,0,0,3,0,2,0
5534,1975,7,3,1,0,0,0,4,0,1,0
5534,1976,10,8,2,0,0,1,2,0,0,0
5534,1977,7,5,3,0,0,1,2,0,1,0
5534,1980,5,4,0,0,0,0,1,0,2,0
5534,1986,2,0,0,0,0,0,2,0,0,0
5543,1965,2,2,2,1,0,0,0,0,0,0
5543,1967,5,5,0,0,0,0,0,0,2,0
5543,1968,9,8,2,0,0,0,1,0,5,0
5543,1969,5,5,0,0,0,0,0,0,2,0
5543,1970,15,11,3,0,0,1,4,0,4,0
5543,1971,4,4,1,0,0,0,0,0,1,0
5545,1973,10,8,1,0,0,1,2,0,2,0
5545,1974,12,11,2,2,0,0,1,0,2,0
5545,1978,1,1,1,0,0,1,0,0,0,0
5555,1984,1,1,0,0,0,0,0,0,1,0
5564,1968,1,1,0,0,0,0,0,0,1,0
5570,1968,2,2,0,0,0,0,0,0,1,0
5574,1965,1,1,0,0,0,0,0,0,0,0
5574,1966,3,3,2,0,0,0,0,0,0,0
5574,1967,3,3,3,0,0,0,0,0,0,0
5574,1968,3,2,0,0,0,0,0,1,0,0
5584,1983,1,1,1,0,0,0,0,0,0,0
5584,1984,3,2,0,0,0,0,1,0,0,0
5600,1972,2,2,0,0,0,0,0,0,2,0
5600,1978,2,2,1,0,0,0,0,0,1,0
5606,1984,4,4,0,0,0,0,0,0,2,0
5620,1966,1,1,0,0,0,0,0,0,0,0
5620,1967,7,7,2,0,1,0,0,0,1,0
5620,1968,9,8,2,0,0,0,0,0,3,1
5620,1969,10,8,4,0,0,0,2,0,1,0
5620,1970,14,13,5,0,0,0,1,0,1,0
5620,1971,21,18,6,0,0,0,3,0,1,0
5620,1972,18,17,4,0,0,0,0,0,4,1
5620,1973,10,9,4,0,0,2,1,0,1,0
5620,1974,6,6,0,0,0,0,0,0,1,0
5620,1975,3,2,0,0,0,0,1,0,0,0
5621,1967,4,4,0,0,0,0,0,0,1,0
5648,1966,3,3,0,0,0,0,0,0,1,0
5648,1967,4,4,0,0,0,0,0,0,1,0
5648,1969,3,3,1,0,0,0,0,0,1,0
5651,1977,1,1,0,0,0,0,0,0,1,0
5653,1982,5,4,0,0,0,0,1,0,2,0
5657,1976,2,2,0,0,0,0,0,0,2,0
5657,1977,2,2,0,0,0,0,0,0,2,0
5657,1978,2,2,0,0,0,0,0,0,1,0
5657,1979,1,1,0,0,0,0,0,0,0,0
5657,1981,2,2,0,0,0,0,0,0,1,0
5657,1982,4,4,0,0,0,0,0,0,2,0
5663,1986,3,2,1,0,0,0,1,0,0,0
5678,1973,1,1,0,0,0,0,0,0,0,0
5678,1975,4,3,0,0,0,0,1,0,1,0
5687,1967,4,4,0,0,0,0,0,0,3,0
5687,1968,6,6,0,0,0,0,0,0,0,0
5687,1969,7,6,3,0,0,0,1,0,1,0
5687,1970,3,3,2,1,0,0,0,0,1,0
5689,1975,11,9,4,1,0,0,2,0,2,0
5695,1987,3,3,1,0,0,0,0,0,0,0
5715,1972,5,5,2,0,0,0,0,0,1,0
5715,1973,7,7,0,0,0,0,0,0,2,0
5715,1975,2,2,0,0,0,0,0,0,0,0
5762,1986,3,3,0,0,0,0,0,0,0,0
5762,1987,4,4,1,1,0,0,0,0,0,0
5781,1966,1,1,0,0,0,0,0,0,1,0
5791,1972,4,4,1,0,0,0,0,0,2,0
5791,1976,14,14,2,0,0,0,0,0,2,0
5791,1977,10,9,2,0,0,0,1,0,0,0
5791,1979,2,2,2,1,0,0,0,0,0,0
5801,1972,2,2,0,0,0,0,0,0,1,0
5812,1972,5,5,2,1,0,0,0,0,0,0
5812,1973,14,12,3,0,2,1,2,0,1,0
5812,1974,13,12,3,0,0,1,1,0,0,0
5812,1975,1,1,0,0,0,0,0,0,0,0
5812,1976,5,4,1,0,0,0,1,0,0,0
5812,1979,4,4,0,0,0,0,0,0,0,0
5812,1980,6,6,2,0,0,0,0,0,1,0
5821,1978,5,5,2,1,0,0,0,0,2,0
5821,1979,9,9,0,0,0,0,0,0,4,0
5821,1980,10,9,2,1,0,0,1,0,1,0
5821,1982,4,4,0,0,0,0,0,0,3,0
5821,1983,3,3,0,0,0,0,0,0,2,0
5823,1966,2,1,0,0,0,0,1,0,0,0
5825,1982,7,6,2,1,0,1,1,0,1,0
5825,1984,3,3,0,0,0,0,0,0,0,0
5825,1987,3,3,0,0,0,0,0,0,0,0
5847,1965,2,2,0,0,0,0,0,0,0,0
5847,1967,12,12,2,0,0,0,0,0,2,0
5847,1968,5,4,1,0,0,0,0,1,0,0
5847,1969,13,11,3,0,0,0,2,0,0,0
5847,1970,17,17,2,0,0,0,0,0,4,0
5847,1971,21,21,8,1,0,0,0,0,0,0
5847,1972,12,10,1,1,0,0,2,0,1,0
5847,1973,7,7,4,0,0,0,0,0,0,0
5847,1974,19,18,3,1,0,0,1,0,3,0
5847,1975,9,9,1,0,1,0,0,0,0,0
5847,1976,11,10,3,0,0,0,0,0,1,0
5847,1977,1,1,0,0,0,0,0,0,0,0
5854,1985,2,2,1,1,0,0,0,0,0,0
5891,1972,12,10,3,0,0,2,2,0,4,0
5891,1973,4,3,2,0,0,1,1,0,0,0
5891,1974,5,5,2,1,0,0,0,0,2,0
5891,1975,10,10,2,0,0,1,0,0,3,0
5891,1976,10,7,2,0,0,0,3,0,2,0
5891,1977,8,7,1,1,0,0,0,1,3,0
5891,1978,7,5,2,0,1,0,2,0,3,0
5891,1979,10,10,3,1,0,1,0,0,2,0
5891,1980,8,7,1,1,0,0,0,0,2,1
5891,1981,7,5,2,0,0,1,2,0,3,0
5891,1982,18,15,3,1,0,2,3,0,6,0
5891,1983,10,10,2,1,0,0,0,0,6,0
5891,1986,3,3,0,0,0,0,0,0,0,0
5894,1970,3,2,1,1,0,0,1,0,1,0
5916,1969,5,5,0,0,0,0,0,0,5,0
5916,1972,4,4,0,0,0,0,0,0,1,0
5916,1974,2,2,1,0,0,0,0,0,1,0
5927,1974,1,1,0,0,0,0,0,0,1,0
5927,1975,3,3,0,0,0,0,0,0,2,0
5927,1976,2,1,0,0,0,0,0,0,1,0
5927,1977,2,2,1,0,0,0,0,0,0,0
5927,1978,3,3,1,0,0,1,0,0,2,0
5930,1987,1,1,0,0,0,0,0,0,0,0
5963,1979,8,7,1,1,0,0,0,0,4,0
5963,1981,3,3,0,0,0,0,0,0,3,0
5963,1982,4,4,1,0,0,0,0,0,3,0
5963,1983,2,1,0,0,0,0,0,0,1,0
5963,1984,1,1,0,0,0,0,0,0,1,0
5964,1982,10,10,1,0,0,0,0,0,3,0
5964,1983,5,4,1,0,0,0,0,0,1,0
5964,1986,5,3,1,1,0,0,2,0,0,0
5967,1978,1,1,0,0,0,0,0,0,0,0
5967,1979,15,14,5,0,0,1,1,0,4,0
5967,1980,13,12,5,2,1,0,1,0,4,0
5967,1981,9,9,4,1,0,0,0,0,1,0
5967,1982,14,14,6,1,2,0,0,0,3,0
5967,1983,12,11,3,1,0,0,0,0,2,1
5967,1984,9,9,1,0,0,0,0,0,2,0
5967,1985,5,4,1,1,0,0,1,0,0,0
5967,1986,8,8,5,0,0,2,0,0,1,0
5967,1987,5,5,1,0,0,1,0,0,0,0
5983,1978,2,2,0,0,0,0,0,0,1,0
6007,1984,3,3,0,0,0,0,0,0,1,0
6007,1985,6,4,2,0,0,0,2,0,0,0
6009,1975,2,2,0,0,0,0,0,0,2,0
6013,1965,1,1,0,0,0,0,0,0,1,0
6015,1969,2,2,0,0,0,0,0,0,1,0
6015,1971,8,7,0,0,0,0,0,0,2,0
6015,1972,6,6,0,0,0,0,0,0,2,0
6015,1973,3,3,0,0,0,0,0,0,2,0
6015,1978,1,1,0,0,0,0,0,0,1,0
6024,1969,12,12,2,0,0,0,0,0,1,0
6024,1970,8,8,4,0,0,1,0,0,1,0
6024,1973,3,3,1,0,0,1,0,0,2,0
6024,1974,1,1,1,0,0,0,0,0,0,0
6044,1966,5,4,0,0,0,0,0,0,0,1
6044,1967,4,4,2,0,0,0,0,0,0,0
6044,1968,3,3,1,0,0,0,0,0,0,0
6044,1972,1,1,0,0,0,0,0,0,1,0
6074,1965,1,1,0,0,0,0,0,0,1,0
6076,1986,1,1,1,0,0,0,0,0,0,0
6077,1980,3,3,2,0,0,1,0,0,1,0
6077,1981,1,1,0,0,0,0,0,0,0,0
6077,1983,3,3,2,0,0,0,0,0,1,0
6077,1984,2,2,0,0,0,0,0,0,0,0
6077,1985,2,2,0,0,0,0,0,0,0,0
6077,1986,2,2,0,0,0,0,0,0,1,0
6085,1975,4,4,2,0,0,0,0,0,0,0
6085,1976,3,3,1,0,0,0,0,0,2,0
6089,1965,2,1,0,0,0,0,1,0,0,0
6089,1966,3,2,1,0,0,0,1,0,0,0
6093,1982,2,1,0,0,0,0,1,0,0,0
6093,1983,4,2,1,0,0,0,0,0,0,0
6095,1987,3,3,0,0,0,0,0,0,1,0
6112,1969,9,9,2,0,0,0,0,0,0,0
6112,1970,7,5,1,1,0,0,1,0,0,1
6112,1971,5,4,1,0,0,0,1,0,2,0
6112,1972,4,3,1,0,0,1,1,0,0,0
6112,1973,4,3,1,0,0,0,0,0,1,0
6120,1980,4,1,0,0,0,0,0,1,0,0
6120,1983,2,2,0,0,0,0,0,0,1,0
6121,1976,3,2,0,0,0,0,1,0,1,0
6123,1972,8,8,3,0,0,0,0,0,0,0
6123,1973,1,0,0,0,0,0,1,0,0,0
6123,1975,6,6,2,1,1,0,0,0,0,0
6123,1976,4,3,1,0,0,0,0,0,0,0
6123,1977,4,4,0,0,0,0,0,0,0,0
6123,1978,2,2,0,0,0,0,0,0,0,0
6123,1979,8,7,3,0,0,1,0,1,2,0
6123,1980,18,18,8,4,2,1,0,0,2,0
6123,1981,7,6,1,0,0,0,1,0,0,0
6123,1982,11,9,4,1,0,0,2,0,0,0
6123,1983,14,13,5,1,0,0,1,0,0,0
6123,1984,10,10,5,1,1,0,0,0,0,0
6141,1986,2,1,0,0,0,0,1,0,0,0
6145,1967,2,1,0,0,0,0,1,0,1,0
6159,1980,2,2,0,0,0,0,0,0,1,0
6168,1965,1,1,0,0,0,0,0,0,0,0
6170,1967,7,7,2,2,0,0,0,0,2,0
6171,1981,4,4,0,0,0,0,0,0,3,0
6171,1984,3,3,0,0,0,0,0,0,1,0
6173,1978,4,4,2,0,0,0,0,0,0,0
6173,1979,5,5,0,0,0,0,0,0,0,0
6173,1980,9,8,3,0,1,0,1,0,0,0
6173,1982,2,2,1,0,0,1,0,0,0,0
6173,1983,1,1,0,0,0,0,0,0,0,0
6173,1984,3,3,1,0,0,0,0,0,0,0
6174,1980,12,12,2,0,0,0,0,0,3,0
6174,1981,7,7,0,0,0,0,0,0,0,0
6174,1982,4,4,1,0,0,0,0,0,0,0
6174,1984,3,3,1,0,0,0,0,0,0,0
6174,1985,3,1,0,0,0,0,2,0,0,0
6174,1986,5,3,2,0,0,0,2,0,0,0
6186,1965,2,1,0,0,0,0,1,0,1,0
6186,1967,6,6,2,0,0,0,0,0,1,0
6186,1968,15,12,5,0,0,0,0,0,1,2
6186,1969,3,3,2,0,0,0,0,0,0,0
6186,1970,9,9,2,1,0,0,0,0,1,0
6186,1971,2,2,0,0,0,0,0,0,1,0
6191,1986,3,3,2,0,0,0,0,0,0,0
6191,1987,10,9,1,0,0,0,1,0,0,0
6223,1982,2,2,1,0,0,0,0,0,1,0
6223,1983,2,1,0,0,0,0,1,0,1,0
6231,1967,1,0,0,0,0,0,1,0,0,0
6237,1986,2,2,0,0,0,0,0,0,0,0
6243,1981,2,2,0,0,0,0,0,0,0,0
6243,1985,6,5,2,0,0,0,0,0,0,0
6243,1986,7,7,4,1,0,1,0,0,1,0
6247,1982,4,4,0,0,0,0,0,0,3,0
6247,1984,10,10,1,0,0,0,0,0,4,0
6247,1985,3,3,2,0,0,0,0,0,0,0
6247,1986,7,7,4,1,0,0,0,0,0,0
6266,1984,2,2,0,0,0,0,0,0,1,0
6275,1984,3,2,1,0,0,1,0,0,0,0
6305,1973,4,4,1,0,0,0,0,0,2,0
6306,1986,1,1,0,0,0,0,0,0,0,0
6317,1981,2,2,1,0,0,0,0,0,0,0
6318,1965,1,1,0,0,0,0,0,0,0,0
6318,1967,4,4,0,0,0,0,0,0,2,0
6318,1968,3,1,1,1,0,0,1,0,0,1
6318,1969,3,3,1,1,0,0,0,0,1,0
6318,1970,7,6,2,0,0,0,0,0,0,0
6318,1971,8,8,1,0,0,0,0,0,4,0
6318,1972,4,4,0,0,0,0,0,0,3,0
6320,1980,8,8,2,0,0,0,0,0,1,0
6341,1967,2,2,0,0,0,0,0,0,1,0
6343,1976,3,3,2,0,0,0,0,0,0,0
6343,1977,1,1,0,0,0,0,0,0,1,0
6343,1978,10,10,2,1,0,0,0,0,0,0
6343,1979,8,8,4,0,1,0,0,0,1,0
6343,1980,15,13,2,0,0,0,1,0,2,0
6343,1981,4,4,0,0,0,0,0,0,0,0
6343,1982,11,11,3,0,0,0,0,0,2,0
6343,1983,13,12,3,0,0,0,1,0,4,0
6343,1984,9,7,1,0,0,0,2,0,3,0
6345,1986,2,2,2,0,0,1,0,0,0,0
6345,1987,4,4,3,0,0,0,0,0,0,0
6349,1977,3,3,0,0,0,0,0,0,1,0
6349,1978,2,2,0,0,0,0,0,0,2,0
6351,1979,2,2,0,0,0,0,0,0,2,0
6351,1980,2,2,0,0,0,0,0,0,0,0
6359,1979,11,8,1,0,0,0,3,0,0,0
6359,1980,7,7,1,0,0,0,0,0,5,0
6359,1983,11,9,3,0,0,0,2,0,3,0
6359,1984,10,10,6,2,1,0,0,0,2,0
6359,1985,9,8,3,1,1,1,1,0,1,0
6359,1986,6,6,1,0,0,0,0,0,1,0
6368,1984,2,2,0,0,0,0,0,0,1,0
6372,1970,3,1,0,0,0,0,0,0,1,1
6404,1980,3,1,0,0,0,0,2,0,1,0
6405,1981,7,6,2,0,0,0,1,0,2,0
6405,1982,11,9,1,0,0,0,2,0,3,0
6405,1983,4,4,1,0,1,0,0,0,1,0
6421,1966,3,2,0,0,0,0,0,0,0,0
6421,1967,4,4,0,0,0,0,0,0,2,0
6428,1981,7,6,2,0,0,0,1,0,0,0
6428,1982,4,4,0,0,0,0,0,0,2,0
6428,1984,1,1,0,0,0,0,0,0,0,0
6454,1973,3,1,0,0,0,0,1,0,0,0
6454,1974,4,4,0,0,0,0,0,0,2,0
6456,1967,1,1,0,0,0,0,0,0,1,0
6456,1968,10,9,0,0,0,0,0,0,1,0
6462,1988,2,2,1,0,0,1,0,0,1,0
6465,1970,7,7,1,0,0,1,0,0,2,0
6465,1971,4,2,0,0,0,0,1,0,1,1
6469,1982,2,2,0,0,0,0,0,0,1,0
6469,1984,3,3,0,0,0,0,0,0,0,0
6471,1980,1,1,0,0,0,0,0,0,1,0
6479,1978,2,2,0,0,0,0,0,0,1,0
6500,1967,15,12,2,1,0,1,2,0,4,1
6500,1968,15,14,4,0,0,1,1,0,3,0
6501,1973,1,1,0,0,0,0,0,0,0,0
6501,1976,1,1,0,0,0,0,0,0,0,0
6529,1981,1,1,0,0,0,0,0,0,1,0
6529,1982,3,3,1,0,0,0,0,0,1,0
6529,1983,2,2,1,0,0,0,0,0,0,0
6564,1973,15,14,6,1,1,0,1,0,1,0
6564,1974,4,4,3,0,0,1,0,0,0,0
6564,1975,10,10,2,1,0,0,0,0,1,0
6564,1976,4,4,0,0,0,0,0,0,0,0
6564,1977,7,5,3,1,0,0,2,0,0,0
6564,1978,3,3,2,0,0,0,0,0,1,0
6564,1979,4,4,2,1,0,0,0,0,0,0
6564,1980,7,7,2,1,0,0,0,0,1,0
6564,1984,3,3,1,1,0,0,0,0,1,0
6564,1986,3,1,0,0,0,0,2,0,0,0
6657,1971,5,5,0,0,0,0,0,0,0,0
6657,1972,6,6,2,0,0,0,0,0,2,0
6657,1973,4,4,1,0,0,0,0,0,0,0
6657,1974,4,3,0,0,0,0,1,0,2,0
6657,1975,3,3,1,0,0,0,0,0,0,0
6657,1979,2,2,1,0,0,0,0,0,1,0
6663,1974,2,1,0,0,0,0,1,0,1,0
6665,1966,4,2,1,0,0,0,1,0,1,1
6679,1982,3,3,0,0,0,0,0,0,3,0
6681,1987,2,2,0,0,0,0,0,0,0,0
6683,1983,6,6,0,0,0,0,0,0,3,0
6683,1984,1,1,0,0,0,0,0,0,0,0
6687,1987,1,1,0,0,0,0,0,0,0,0
6708,1977,1,1,0,0,0,0,0,0,0,0
6708,1978,1,1,0,0,0,0,0,0,0,0
6708,1980,2,1,0,0,0,0,1,0,1,0
6720,1975,8,7,1,0,0,0,1,0,2,0
6720,1976,4,4,2,1,1,0,0,0,0,0
6720,1977,3,3,0,0,0,0,0,0,2,0
6733,1978,17,13,1,0,0,0,4,0,1,0
6733,1979,8,7,1,1,0,0,1,0,2,0
6733,1980,14,13,2,1,0,0,1,0,5,0
6734,1972,9,9,2,0,0,0,0,0,5,0
6734,1973,4,3,0,0,0,0,1,0,2,0
6734,1974,6,6,3,2,0,0,0,0,1,0
6743,1974,18,17,7,2,1,0,1,0,5,0
6743,1975,8,8,3,1,0,0,0,0,2,0
6743,1976,13,13,5,1,0,1,0,0,1,0
6743,1977,14,11,2,1,1,0,3,0,0,0
6743,1978,8,7,1,1,0,0,1,0,2,0
6743,1979,12,11,1,0,0,0,1,0,0,0
6743,1980,19,17,4,1,0,0,1,1,4,0
6743,1981,6,6,3,0,0,0,0,0,0,0
6743,1982,11,11,2,0,0,0,0,0,2,0
6743,1983,10,10,4,0,0,1,0,0,3,0
6743,1984,9,8,4,1,0,1,0,0,0,1
6743,1987,3,3,2,0,0,0,0,0,0,0
6772,1981,3,3,1,0,0,0,0,0,0,0
6772,1982,1,1,0,0,0,0,0,0,1,0
6772,1984,2,2,0,0,0,0,0,0,0,0
6772,1985,3,3,0,0,0,0,0,0,1,0
6793,1983,6,6,1,0,0,0,0,0,1,0
6793,1984,13,13,1,0,0,0,0,0,2,0
6793,1986,6,6,0,0,0,0,0,0,2,0
6806,1967,2,2,0,0,0,0,0,0,1,0
6806,1968,3,2,0,0,0,0,1,0,1,0
6816,1973,6,6,0,0,0,0,0,0,4,0
6816,1974,8,8,2,0,0,0,0,0,3,0
6816,1975,8,5,1,0,0,0,1,0,1,1
6816,1976,10,9,2,0,0,1,1,0,4,0
6829,1987,2,0,0,0,0,0,1,0,0,0
6831,1966,1,1,1,0,0,0,0,0,0,0
6838,1981,9,8,1,1,0,0,1,0,3,0
6856,1965,1,1,0,0,0,0,0,0,0,0
6856,1968,9,9,2,0,0,0,0,0,4,0
6856,1970,3,2,0,0,0,0,0,0,0,0
6856,1972,2,2,0,0,0,0,0,0,1,0
6885,1972,5,4,1,0,0,0,1,0,1,0
6892,1982,6,3,1,1,0,0,2,1,0,0
6892,1983,7,6,1,0,0,0,1,0,2,0
6892,1984,7,7,1,0,0,0,0,0,2,0
6906,1986,2,2,0,0,0,0,0,0,1,0
6909,1985,5,2,0,0,0,0,3,0,1,0
6909,1986,5,4,1,0,0,0,1,0,0,0
6933,1979,10,9,4,0,0,3,1,0,1,0
6933,1980,11,11,0,0,0,0,0,0,4,0
6933,1981,4,3,1,0,0,0,1,0,1,0
6933,1984,1,1,0,0,0,0,0,0,0,0
6945,1981,3,1,0,0,0,0,1,0,1,0
6946,1969,5,5,1,0,0,0,0,0,1,0
6946,1970,1,1,0,0,0,0,0,0,1,0
6959,1967,1,0,0,0,0,0,0,0,0,0
6959,1968,8,6,0,0,0,0,2,0,0,0
6959,1969,12,11,3,0,0,0,0,0,3,0
6959,1970,1,1,0,0,0,0,0,0,0,0
6959,1971,5,5,0,0,0,0,0,0,1,0
6969,1983,1,1,0,0,0,0,0,0,1,0
6979,1979,1,1,0,0,0,0,0,0,1,0
6979,1981,2,1,0,0,0,0,0,0,1,0
6984,1971,12,11,2,0,0,0,1,0,4,0
6984,1972,21,20,7,0,1,0,1,0,4,0
6984,1973,3,3,3,1,0,1,0,0,0,0
6984,1974,3,3,2,0,0,0,0,0,0,0
6984,1977,1,1,0,0,0,0,0,0,1,0
6992,1970,3,3,1,0,0,0,0,0,2,0
6992,1972,9,7,1,0,0,0,0,0,4,0
6992,1973,9,7,1,0,0,0,2,0,2,0
6994,1971,4,4,0,0,0,0,0,0,0,0
6998,1986,1,1,0,0,0,0,0,0,0,0
7017,1967,1,1,0,0,0,0,0,0,1,0
7018,1986,2,2,0,0,0,0,0,0,0,0
7031,1972,2,2,0,0,0,0,0,0,2,0
7031,1974,3,2,0,0,0,0,0,0,1,0
7031,1976,2,2,0,0,0,0,0,0,0,0
7046,1987,3,3,1,0,1,0,0,0,1,0
7046,1988,2,2,2,1,0,0,0,0,0,0
7047,1973,4,3,1,0,0,0,1,0,1,0
7047,1974,6,6,2,0,0,0,0,0,1,0
7047,1975,11,10,3,0,0,0,1,0,2,0
7047,1976,13,12,5,2,0,0,1,0,2,0
7047,1977,8,8,2,1,0,0,0,0,3,0
7047,1978,5,5,3,1,1,1,0,0,0,0
7047,1979,6,5,1,0,1,0,1,0,0,0
7047,1980,7,7,1,0,0,0,0,0,2,0
7047,1984,10,9,2,0,0,0,1,0,1,0
7047,1986,2,2,2,0,0,0,0,0,0,0
7057,1980,2,2,1,0,0,0,0,0,1,0
7068,1972,4,4,0,0,0,0,0,0,0,0
7068,1973,12,12,1,0,0,0,0,0,3,0
7080,1967,12,10,4,1,0,0,2,0,1,0
7080,1968,12,10,0,0,0,0,2,0,4,0
7080,1969,5,4,1,0,0,0,0,0,1,1
7080,1970,8,6,1,0,0,0,2,0,2,0
7082,1967,6,6,1,1,0,0,0,0,1,0
7082,1968,14,12,5,0,0,0,2,0,2,0
7082,1970,14,12,6,4,0,1,2,0,0,0
7082,1971,4,4,1,0,0,0,0,0,1,0
7082,1972,10,10,0,0,0,0,0,0,5,0
7082,1973,11,9,5,3,0,0,2,0,1,0
7082,1974,10,9,2,1,0,0,0,1,0,0
7083,1973,6,5,1,1,0,0,1,0,1,0
7083,1974,3,3,0,0,0,0,0,0,1,0
7100,1965,1,1,0,0,0,0,0,0,0,0
7100,1967,9,7,2,0,0,1,2,0,0,0
7100,1968,19,17,4,0,0,0,1,0,4,1
7100,1969,4,4,1,1,0,0,0,0,1,0
7100,1970,11,8,1,1,0,0,3,0,1,0
7100,1971,4,2,0,0,0,0,2,0,2,0
7100,1972,17,14,3,1,0,1,3,0,5,0
7100,1973,10,9,0,0,0,0,1,0,2,0
7104,1965,2,1,0,0,0,0,0,1,0,0
7104,1966,2,1,0,0,0,0,1,0,0,0
7104,1967,14,14,5,1,0,1,0,0,1,0
7104,1968,15,14,0,0,0,0,1,0,1,0
7104,1969,4,3,0,0,0,0,1,0,0,0
7104,1970,9,9,4,0,0,0,0,0,0,0
7104,1971,4,3,0,0,0,0,0,0,1,0
7104,1972,1,1,0,0,0,0,0,0,0,0
7109,1976,4,3,0,0,0,0,1,0,0,0
7109,1977,9,9,1,0,0,0,0,0,3,0
7109,1978,22,22,10,2,0,2,0,0,3,0
7109,1979,10,9,1,1,0,0,1,0,2,0
7109,1980,14,13,3,1,0,1,1,0,1,0
7109,1981,5,4,0,0,0,0,1,0,2,0
7109,1983,9,8,2,0,0,0,1,0,2,0
7109,1984,3,3,1,0,0,0,0,0,0,0
7112,1971,1,0,0,0,0,0,0,0,0,0
7112,1972,3,3,0,0,0,0,0,0,1,0
7114,1968,5,4,0,0,0,0,0,0,4,0
7114,1973,2,1,0,0,0,0,1,0,1,0
7121,1974,4,4,0,0,0,0,0,0,2,0
7121,1975,5,5,0,0,0,0,0,0,2,0
7144,1972,1,1,0,0,0,0,0,0,0,0
7144,1973,7,7,2,0,0,0,0,0,0,0
7161,1967,4,3,0,0,0,0,0,0,2,0
7161,1968,2,2,0,0,0,0,0,0,2,0
7161,1969,2,2,0,0,0,0,0,0,2,0
7164,1965,1,1,0,0,0,0,0,0,0,0
7164,1967,2,1,1,0,1,0,0,1,0,0
7164,1968,15,12,3,0,0,0,2,0,1,1
7164,1969,4,4,2,0,0,0,0,0,1,0
7164,1970,11,8,2,1,0,1,3,0,1,0
7164,1972,4,3,0,0,0,0,1,0,1,0
7164,1973,4,3,2,1,0,0,1,0,1,0
7164,1974,12,10,6,1,0,1,2,0,1,0
7164,1975,3,3,0,0,0,0,0,0,0,0
7164,1976,4,4,1,0,0,0,0,0,1,0
7164,1977,14,13,3,1,0,0,1,0,4,0
7164,1978,8,7,2,0,0,1,1,0,1,0
7164,1979,4,4,0,0,0,0,0,0,1,0
7178,1967,1,1,0,0,0,0,0,0,0,0
7198,1987,4,3,1,0,0,0,1,0,2,0
7205,1968,3,2,1,0,0,0,1,0,1,0
7208,1984,3,3,0,0,0,0,0,0,3,0
7208,1986,2,2,0,0,0,0,0,0,1,0
7213,1982,13,12,2,1,0,0,1,0,7,0
7213,1983,20,20,6,0,0,0,0,0,6,0
7213,1984,4,3,0,0,0,0,1,0,2,0
7213,1985,3,3,1,0,0,0,0,0,0,0
7213,1986,8,7,3,0,0,2,0,0,0,1
7217,1972,2,2,1,0,0,0,0,0,0,0
7219,1974,2,2,1,0,0,0,0,0,1,0
7219,1977,1,1,1,1,0,0,0,0,0,0
7219,1979,1,0,0,0,0,0,1,0,0,0
7224,1987,1,1,0,0,0,0,0,0,1,0
7224,1988,1,1,1,1,0,0,0,0,0,0
7228,1969,1,1,0,0,0,0,0,0,1,0
7228,1972,1,1,0,0,0,0,0,0,0,0
7237,1986,3,3,1,0,0,0,0,0,2,0
7237,1987,11,10,2,0,0,0,1,0,3,0
7264,1987,8,7,2,0,0,0,1,0,0,0
7279,1983,3,3,0,0,0,0,0,0,3,0
7280,1974,3,3,0,0,0,0,0,0,2,0
7280,1975,1,1,0,0,0,0,0,0,1,0
7285,1972,3,3,0,0,0,0,0,0,2,0
7294,1970,13,10,3,1,0,0,2,0,2,1
7294,1971,4,4,0,0,0,0,0,0,1,0
7294,1972,3,3,1,0,0,0,0,0,0,0
7294,1986,3,3,0,0,0,0,0,0,1,0
7296,1984,3,3,1,0,0,0,0,0,0,0
7296,1985,6,6,3,0,0,0,0,0,0,0
7296,1986,6,6,2,0,0,2,0,0,2,0
7297,1986,1,1,0,0,0,0,0,0,1,0
7298,1988,2,2,1,1,0,0,0,0,0,0
7344,1977,6,6,1,1,0,0,0,0,3,0
7344,1978,1,1,0,0,0,0,0,0,0,0
7344,1979,2,2,0,0,0,0,0,0,1,0
7344,1980,3,2,0,0,0,0,1,0,2,0
7344,1981,3,2,0,0,0,0,0,0,1,1
7348,1972,12,11,1,0,0,0,1,0,1,0
7348,1973,17,17,7,1,1,0,0,0,3,0
7348,1974,12,10,1,0,0,0,1,0,0,1
7348,1975,10,10,3,0,1,0,0,0,0,0
7348,1976,2,2,1,0,0,0,0,0,0,0
7369,1974,5,4,0,0,0,0,0,0,0,0
7369,1975,3,2,0,0,0,0,0,0,1,0
7369,1978,1,1,0,0,0,0,0,0,0,0
7381,1966,3,1,1,0,0,0,1,0,0,1
7381,1967,7,5,0,0,0,0,2,0,1,0
7381,1968,15,12,4,2,0,0,2,0,1,0
7381,1969,7,7,2,0,0,0,0,0,1,0
7381,1970,7,7,2,0,0,0,0,0,1,0
7381,1971,10,8,1,0,0,0,1,0,3,0
7381,1972,9,8,0,0,0,0,1,0,0,0
7381,1973,7,6,0,0,0,0,1,0,1,0
7403,1970,3,3,0,0,0,0,0,0,3,0
7412,1973,4,4,0,0,0,0,0,0,1,0
7412,1976,3,3,0,0,0,0,0,0,2,0
7418,1977,1,1,0,0,0,0,0,0,1,0
7419,1971,14,10,3,0,0,0,3,0,1,0
7419,1972,12,12,1,0,0,0,0,0,6,0
7419,1973,8,7,2,0,0,0,1,0,1,0
7419,1974,12,12,3,0,0,0,0,0,3,0
7419,1975,9,8,2,0,0,0,1,0,1,0
7419,1976,8,7,2,0,0,0,1,0,2,0
7419,1978,2,2,0,0,0,0,0,0,0,0
7438,1967,2,2,0,0,0,0,0,0,1,0
7451,1974,3,3,1,0,0,0,0,0,0,0
7451,1975,1,1,0,0,0,0,0,0,0,0
7451,1976,3,3,2,1,0,0,0,0,0,0
7468,1974,1,1,0,0,0,0,0,0,1,0
7469,1975,15,14,2,1,0,0,0,0,1,1
7469,1976,1,1,0,0,0,0,0,0,1,0
7471,1986,4,4,1,0,1,0,0,0,0,0
7471,1987,4,4,2,0,0,0,0,0,0,0
7476,1981,1,1,0,0,0,0,0,0,0,0
7478,1968,10,9,4,1,0,0,0,0,0,0
7478,1969,17,15,2,0,0,0,1,0,2,0
7478,1970,4,4,1,0,0,0,0,0,0,0
7478,1971,7,6,3,1,0,0,0,0,0,1
7478,1972,12,12,7,3,0,0,0,0,0,0
7478,1973,11,11,3,1,0,0,0,0,1,0
7478,1974,16,14,3,0,0,0,1,0,1,0
7478,1975,12,11,4,1,0,0,0,0,1,0
7478,1976,11,11,2,0,0,0,0,0,1,0
7478,1977,6,6,0,0,0,0,0,0,0,0
7487,1969,1,1,1,0,0,0,0,0,0,0
7493,1984,3,2,0,0,0,0,1,0,0,0
7500,1967,1,1,1,0,0,0,0,0,0,0
7500,1968,5,4,1,1,0,0,1,0,2,0
7500,1969,4,4,0,0,0,0,0,0,3,0
7500,1970,1,1,1,0,0,0,0,0,0,0
7518,1982,4,4,1,1,0,0,0,0,1,0
7518,1983,3,3,0,0,0,0,0,0,1,0
7518,1984,4,4,2,1,0,0,0,0,2,0
7520,1972,4,3,0,0,0,0,1,0,1,0
7520,1973,7,7,1,0,0,0,0,0,1,0
7520,1974,10,8,2,0,0,2,2,0,1,0
7520,1975,4,3,0,0,0,0,1,0,2,0
7520,1976,10,10,0,0,0,0,0,0,2,0
7520,1977,7,7,1,0,0,0,0,0,0,0
7520,1978,6,6,2,1,0,0,0,0,0,0
7560,1984,2,2,1,0,0,0,0,0,0,0
7560,1986,3,2,1,1,0,0,1,0,0,0
7566,1974,7,6,0,0,0,0,0,1,2,0
7566,1975,8,8,2,0,0,1,0,0,4,0
7566,1976,11,10,4,0,0,0,1,0,3,0
7566,1977,10,10,2,0,0,0,0,0,2,0
7832,1970,2,2,0,0,0,0,0,0,2,0
7832,1971,1,1,0,0,0,0,0,0,1,0
7846,1986,4,4,2,0,0,0,0,0,0,0
7846,1987,4,3,0,0,0,0,1,0,0,0
7858,1972,10,9,2,0,0,0,1,0,3,0
7858,1973,9,7,0,0,0,0,2,0,2,0
7858,1974,17,15,8,2,0,1,2,0,5,0
7858,1975,4,4,2,0,0,0,0,0,1,0
7858,1976,5,5,3,1,0,1,0,0,0,0
7861,1969,7,4,1,0,0,0,3,0,2,0
7861,1970,15,12,2,0,0,1,3,0,3,0
7861,1971,4,4,2,0,0,0,0,0,0,0
7868,1972,4,2,0,0,0,0,1,0,1,0
7878,1975,5,3,1,0,1,0,0,0,1,0
7878,1977,2,2,0,0,0,0,0,0,1,0
7878,1978,2,2,0,0,0,0,0,0,2,0
7878,1980,1,1,0,0,0,0,0,0,1,0
7878,1982,2,2,0,0,0,0,0,0,1,0
7897,1975,15,13,5,1,0,0,1,0,4,1
7897,1976,7,7,2,0,0,0,0,0,1,0
7897,1977,8,8,2,2,0,0,0,0,0,0
7897,1978,20,20,2,0,0,0,0,0,2,0
7897,1979,6,6,0,0,0,0,0,0,1,0
7897,1980,4,4,0,0,0,0,0,0,3,0
7897,1981,1,1,0,0,0,0,0,0,1,0
7903,1965,1,1,0,0,0,0,0,0,0,0
7911,1973,1,0,0,0,0,0,1,0,0,0
7916,1975,1,1,0,0,0,0,0,0,1,0
7920,1976,1,1,0,0,0,0,0,0,1,0
7920,1977,5,5,3,0,0,0,0,0,0,0
7933,1968,2,2,0,0,0,0,0,0,0,0
7933,1969,1,0,0,0,0,0,1,0,0,0
7933,1972,2,2,0,0,0,0,0,0,2,0
7933,1973,7,7,0,0,0,0,0,0,2,0
7933,1974,2,2,1,0,0,0,0,0,1,0
7933,1975,3,2,0,0,0,0,1,0,1,0
7933,1976,2,2,0,0,0,0,0,0,0,0
7943,1975,4,4,2,1,0,0,0,0,0,0
7943,1976,4,4,2,0,0,0,0,0,0,0
7943,1977,2,1,0,0,0,0,1,0,0,0
7943,1982,1,1,0,0,0,0,0,0,0,0
7946,1972,9,8,0,0,0,0,1,0,2,0
7946,1973,14,13,4,2,0,0,1,0,1,0
7946,1974,19,15,4,1,0,0,4,0,6,0
7946,1975,11,10,3,0,0,0,1,0,1,0
7946,1976,14,12,3,1,0,0,2,0,2,0
7946,1977,3,2,0,0,0,0,0,1,0,0
7946,1978,11,10,6,0,1,0,1,0,2,0
7946,1980,10,10,2,1,0,0,0,0,4,0
7946,1981,15,14,4,0,0,0,1,0,1,0
7946,1982,4,3,1,0,0,0,1,0,0,0
7946,1983,3,3,0,0,0,0,0,0,1,0
7952,1973,6,4,1,0,0,0,2,0,1,0
7966,1980,1,1,0,0,0,0,0,0,1,0
7967,1982,13,11,3,0,0,0,2,0,2,0
7967,1983,19,16,4,0,0,1,3,0,1,0
7967,1984,10,9,3,1,0,1,1,0,1,0
7967,1986,2,2,1,0,0,0,0,0,0,0
7969,1977,3,3,3,0,0,0,0,0,0,0
7969,1978,12,11,1,0,0,0,1,0,4,0
7969,1979,17,15,2,0,0,0,2,0,4,0
7969,1980,20,20,3,0,1,0,0,0,9,0
7969,1981,6,6,2,1,0,0,0,0,3,0
7969,1982,8,7,0,0,0,0,0,0,4,0
7969,1983,8,8,1,0,0,0,0,0,3,0
7977,1966,8,8,2,0,0,0,0,0,1,0
7977,1967,10,9,0,0,0,0,1,0,1,0
7977,1969,8,4,0,0,0,0,4,0,1,0
7977,1970,8,7,3,0,0,0,1,0,2,0
7977,1971,15,13,5,1,0,0,2,0,0,0
7977,1972,12,11,4,2,1,0,1,0,0,0
7977,1973,7,7,2,1,0,0,0,0,1,0
7977,1974,4,3,2,1,0,0,1,0,0,0
7977,1975,11,8,2,1,0,0,2,0,2,1
7977,1976,3,2,0,0,0,0,1,0,1,0
7977,1977,7,4,1,0,0,0,3,0,0,0
7977,1978,10,9,1,0,0,0,1,0,1,0
7977,1979,8,6,1,0,0,1,2,0,1,0
7977,1981,4,4,1,0,0,0,0,0,2,0
7977,1982,12,11,4,2,0,0,1,0,0,0
7989,1973,3,3,0,0,0,0,0,0,2,0
8005,1982,6,6,0,0,0,0,0,0,3,0
8005,1983,14,12,5,1,0,1,2,0,3,0
8005,1984,6,5,1,0,0,0,1,0,2,0
8005,1985,2,2,0,0,0,0,0,0,0,0
8005,1986,6,6,1,0,0,0,0,0,0,0
8005,1987,2,2,0,0,0,0,0,0,0,0
8017,1971,3,3,1,0,0,0,0,0,0,0
8017,1973,3,3,1,0,0,0,0,0,1,0
8017,1974,6,6,0,0,0,0,0,0,3,0
8017,1975,3,3,0,0,0,0,0,0,1,0
8017,1976,1,0,0,0,0,0,1,0,0,0
8024,1986,8,7,1,1,0,0,1,0,1,0
8024,1987,4,4,0,0,0,0,0,0,0,0
8026,1986,2,2,1,0,0,0,0,0,1,0
8026,1987,4,3,2,0,0,0,1,0,0,0
8026,1988,3,3,1,1,0,0,0,0,0,0
8029,1978,1,1,0,0,0,0,0,0,0,0
8029,1979,2,2,1,1,0,0,0,0,0,0
8038,1965,3,3,2,0,0,0,0,0,1,0
8038,1966,3,3,0,0,0,0,0,0,0,0
8038,1967,15,14,5,0,1,0,0,0,4,0
8038,1968,14,14,4,1,0,0,0,0,1,0
8038,1969,11,10,3,0,1,0,0,0,2,0
8038,1970,11,9,3,0,0,2,2,0,0,0
8038,1971,12,10,4,0,1,0,2,0,0,0
8038,1972,16,16,3,0,0,0,0,0,0,0
8038,1973,11,11,5,0,0,0,0,0,0,0
8038,1975,1,1,1,0,0,0,0,0,0,0
8038,1976,1,1,0,0,0,0,0,0,1,0
8051,1986,2,1,0,0,0,0,1,0,1,0
8064,1984,3,2,1,0,0,0,1,0,0,0
8071,1976,13,13,3,0,0,0,0,0,4,0
8071,1977,14,13,3,1,0,0,0,0,3,0
8071,1978,1,1,0,0,0,0,0,0,0,0
8071,1979,12,12,3,0,1,0,0,0,1,0
8071,1980,4,4,0,0,0,0,0,0,2,0
8071,1984,7,7,1,0,0,0,0,0,2,0
8071,1985,5,4,1,0,0,0,1,0,0,0
8071,1986,2,2,1,1,0,0,0,0,0,0
8094,1980,2,2,0,0,0,0,0,0,2,0
8094,1981,2,2,0,0,0,0,0,0,2,0
8094,1982,2,1,0,0,0,0,0,0,0,0
8096,1975,11,10,3,0,0,0,1,0,1,0
8096,1976,10,9,4,0,0,1,1,0,2,0
8096,1977,7,7,1,0,0,0,0,0,4,0
8096,1978,9,9,3,1,0,1,0,0,1,0
8096,1979,4,4,0,0,0,0,0,0,1,0
8100,1966,6,6,0,0,0,0,0,0,1,0
8102,1978,5,5,3,0,0,2,0,0,2,0
8102,1980,9,9,2,0,0,1,0,0,5,0
8102,1981,6,6,0,0,0,0,0,0,1,0
8102,1982,7,6,2,1,0,1,1,0,2,0
8102,1983,11,8,3,0,0,1,3,0,3,0
8102,1984,6,6,2,1,0,0,0,0,2,0
8102,1985,6,3,1,0,0,0,3,0,0,0
8102,1986,8,6,0,0,0,0,2,0,1,0
8115,1973,2,1,0,0,0,0,0,0,1,0
8119,1978,1,1,0,0,0,0,0,0,0,0
8121,1987,6,6,1,0,0,1,0,0,1,0
8124,1969,3,3,1,0,1,0,0,0,0,0
8124,1970,7,7,2,0,0,1,0,0,2,0
8124,1971,8,8,0,0,0,0,0,0,2,0
8124,1973,9,9,2,0,0,1,0,0,1,0
8124,1974,5,4,2,0,0,0,1,0,2,0
8128,1980,7,7,3,1,0,0,0,0,2,0
8162,1980,6,6,2,1,0,0,0,0,1,0
8240,1984,3,3,1,0,0,0,0,0,1,0
8257,1986,2,1,1,0,0,0,1,0,0,0
8263,1971,2,2,0,0,0,0,0,0,1,0
8273,1966,8,6,1,0,0,0,2,0,2,0
8281,1979,15,14,6,2,0,1,1,0,0,0
8281,1980,16,14,3,1,0,0,1,0,1,1
8281,1981,7,7,2,0,0,0,0,0,0,0
8281,1982,9,9,3,0,0,0,0,0,1,0
8281,1983,12,11,5,2,0,0,0,0,0,0
8281,1985,1,1,0,0,0,0,0,0,0,0
8285,1967,1,0,0,0,0,0,0,0,0,0
8285,1969,1,0,0,0,0,0,0,0,0,0
8285,1975,2,2,0,0,0,0,0,0,0,0
8285,1976,3,2,0,0,0,0,0,0,1,0
8285,1980,3,3,0,0,0,0,0,0,1,0
8285,1982,5,5,0,0,0,0,0,0,3,0
8285,1983,5,4,1,0,0,0,0,0,1,0
8285,1984,2,2,0,0,0,0,0,0,1,0
8287,1969,3,3,0,0,0,0,0,0,2,0
8287,1971,2,2,0,0,0,0,0,0,1,0
8287,1972,4,4,0,0,0,0,0,0,2,0
8287,1974,1,1,0,0,0,0,0,0,0,0
8287,1975,4,4,0,0,0,0,0,0,0,0
8287,1977,2,1,0,0,0,0,0,0,1,0
8287,1978,3,3,1,1,0,0,0,0,1,0
8287,1979,1,1,1,1,0,0,0,0,0,0
8287,1982,2,1,0,0,0,0,0,0,0,1
8287,1983,3,2,0,0,0,0,0,0,2,1
8296,1985,2,2,0,0,0,0,0,0,0,0
8296,1986,2,2,0,0,0,0,0,0,2,0
8332,1976,2,2,0,0,0,0,0,0,1,0
8333,1981,3,2,1,0,0,0,1,0,1,0
8336,1982,2,2,0,0,0,0,0,0,2,0
8336,1984,1,1,0,0,0,0,0,0,1,0
8347,1982,4,4,2,0,0,0,0,0,1,0
8347,1983,4,4,1,1,0,0,0,0,1,0
8350,1978,7,6,1,0,0,0,1,0,3,0
8350,1979,4,4,2,1,0,0,0,0,0,0
8350,1980,4,4,0,0,0,0,0,0,2,0
8350,1982,2,2,0,0,0,0,0,0,1,0
8360,1972,5,5,1,0,0,0,0,0,0,0
8360,1978,3,2,1,0,0,0,0,1,0,0
8360,1979,11,9,2,0,0,0,2,0,3,0
8360,1980,17,14,5,2,0,0,3,0,5,0
8397,1968,2,2,0,0,0,0,0,0,1,0
8402,1973,4,3,1,0,0,0,1,0,1,0
8406,1979,6,6,2,0,1,0,0,0,2,0
8406,1980,12,11,2,0,1,0,0,0,3,0
8406,1986,2,2,0,0,0,0,0,0,0,0
8407,1980,2,2,0,0,0,0,0,0,2,0
8407,1981,3,3,0,0,0,0,0,0,0,0
8412,1987,4,2,0,0,0,0,2,0,0,0
8413,1979,1,1,0,0,0,0,0,0,0,0
8414,1987,5,4,3,0,0,1,1,0,0,0
8425,1966,2,1,0,0,0,0,1,0,0,0
8434,1980,5,5,0,0,0,0,0,0,2,0
8434,1981,10,10,2,0,0,0,0,0,2,0
8434,1982,3,3,0,0,0,0,0,0,1,0
8434,1983,10,10,4,0,0,0,0,0,4,0
8434,1984,4,4,1,0,0,0,0,0,1,0
8434,1986,2,2,1,0,0,0,0,0,0,0
8436,1975,5,3,1,0,0,0,2,0,0,0
8436,1976,3,3,0,0,0,0,0,0,2,0
8443,1986,3,3,0,0,0,0,0,0,1,0
8470,1969,3,3,2,0,0,0,0,0,0,0
8470,1970,12,12,2,1,1,0,0,0,1,0
8470,1971,6,6,1,0,0,1,0,0,2,0
8470,1972,12,11,0,0,0,0,0,0,3,1
8470,1973,12,12,5,1,1,0,0,0,0,0
8470,1974,17,15,3,0,0,0,2,0,4,0
8470,1975,14,13,3,1,0,1,1,0,0,0
8470,1976,8,6,0,0,0,0,2,0,1,0
8470,1977,16,15,2,0,0,0,1,0,2,0
8470,1982,15,13,4,1,0,0,2,0,0,0
8470,1983,13,12,2,1,0,0,1,0,2,0
8470,1984,4,4,0,0,0,0,0,0,1,0
8480,1966,1,1,0,0,0,0,0,0,1,0
8480,1967,9,9,3,1,0,1,0,0,4,0
8480,1969,1,1,0,0,0,0,0,0,1,0
8487,1966,2,2,0,0,0,0,0,0,1,0
8487,1967,1,1,0,0,0,0,0,0,1,0
8487,1968,1,1,0,0,0,0,0,0,0,0
8487,1969,1,0,0,0,0,0,0,0,0,0
8509,1982,3,3,1,0,0,0,0,0,0,0
8509,1983,4,4,1,0,0,0,0,0,0,0
8517,1974,2,2,1,0,0,0,0,0,1,0
8517,1976,2,2,1,0,0,0,0,0,1,0
8517,1977,10,10,2,1,0,0,0,0,0,0
8517,1978,6,6,0,0,0,0,0,0,2,0
8517,1979,6,6,0,0,0,0,0,0,2,0
8517,1980,3,3,1,0,0,0,0,0,2,0
8518,1983,4,4,0,0,0,0,0,0,1,0
8518,1984,7,7,0,0,0,0,0,0,1,0
8530,1979,1,0,0,0,0,0,0,0,0,0
8534,1986,3,3,2,0,0,0,0,0,1,0
8547,1983,6,6,1,0,0,0,0,0,1,0
8547,1984,5,5,1,0,0,0,0,0,2,0
8547,1986,2,1,1,0,0,0,1,0,0,0
8552,1971,7,6,1,0,0,0,0,1,1,0
8570,1966,2,1,0,0,0,0,1,0,0,0
8570,1967,2,2,0,0,0,0,0,0,1,0
8570,1969,2,2,0,0,0,0,0,0,2,0
8570,1971,3,3,1,0,0,0,0,0,1,0
8570,1972,3,2,1,0,0,0,0,0,1,0
8570,1973,3,3,0,0,0,0,0,0,2,0
8586,1969,6,6,0,0,0,0,0,0,4,0
8586,1984,2,2,0,0,0,0,0,0,0,0
8591,1978,3,3,0,0,0,0,0,0,1,0
8605,1979,1,1,0,0,0,0,0,0,1,0
8605,1984,2,2,0,0,0,0,0,0,0,0
8606,1983,3,3,0,0,0,0,0,0,3,0
8606,1984,1,1,1,0,0,0,0,0,0,0
8614,1987,4,4,0,0,0,0,0,0,1,0
8616,1987,4,4,1,0,0,0,0,0,0,0
8625,1980,3,3,0,0,0,0,0,0,2,0
8629,1987,1,0,0,0,0,0,1,0,0,0
8632,1973,7,7,3,0,0,0,0,0,1,0
8632,1974,4,4,0,0,0,0,0,0,4,0
8632,1975,8,8,1,1,0,0,0,0,1,0
8632,1976,11,11,1,0,0,0,0,0,2,0
8632,1977,3,3,1,0,0,0,0,0,1,0
8632,1986,6,6,0,0,0,0,0,0,2,0
8644,1966,2,2,0,0,0,0,0,0,1,0
8644,1967,12,12,4,0,1,0,0,0,1,0
8644,1968,3,3,1,0,0,0,0,0,0,0
8644,1969,11,7,2,0,0,0,3,0,1,1
8644,1970,9,9,2,0,0,0,0,0,1,0
8644,1971,8,7,2,0,0,0,1,0,1,0
8644,1972,6,6,2,1,0,0,0,0,1,0
8650,1965,2,2,1,0,0,0,0,0,0,0
8650,1966,2,2,1,1,0,0,0,0,0,0
8651,1987,3,3,1,1,0,0,0,0,1,0
8651,1988,1,1,0,0,0,0,0,0,0,0
8667,1984,2,2,0,0,0,0,0,0,2,0
8667,1985,2,2,0,0,0,0,0,0,1,0
8667,1986,4,4,0,0,0,0,0,0,1,0
8678,1984,2,2,0,0,0,0,0,0,2,0
8678,1985,2,2,0,0,0,0,0,0,0,0
8685,1974,1,1,0,0,0,0,0,0,0,0
8685,1978,2,2,1,1,0,0,0,0,1,0
8687,1968,5,3,0,0,0,0,1,0,3,0
8687,1969,6,6,2,0,0,0,0,0,2,0
8687,1971,2,2,0,0,0,0,0,0,0,0
8687,1972,3,3,0,0,0,0,0,0,3,0
8697,1982,7,7,0,0,0,0,0,0,3,0
8697,1983,1,0,0,0,0,0,1,0,0,0
8706,1975,14,14,4,2,0,1,0,0,2,0
8706,1976,10,9,3,1,0,0,1,0,1,0
8706,1977,16,16,5,2,0,1,0,0,3,0
8706,1978,21,20,4,1,0,1,1,0,6,0
8706,1979,17,15,2,0,0,1,1,1,9,0
8706,1980,19,17,3,0,0,0,2,0,8,0
8706,1981,4,4,0,0,0,0,0,0,2,0
8706,1983,5,5,1,0,0,1,0,0,2,0
8706,1984,14,14,5,0,0,0,0,0,2,0
8706,1986,6,6,4,1,1,1,0,0,0,0
8715,1967,7,5,1,0,0,0,1,0,0,1
8715,1968,6,6,1,1,0,0,0,0,1,0
8715,1969,3,3,0,0,0,0,0,0,0,0
8715,1970,14,13,1,0,0,0,1,0,2,0
8715,1971,8,6,3,1,0,0,2,0,1,0
8715,1972,12,11,2,0,0,0,1,0,1,0
8723,1986,1,1,0,0,0,0,0,0,1,0
8728,1974,4,4,1,1,0,0,0,0,0,0
8728,1975,7,7,1,1,0,0,0,0,1,0
8728,1976,6,6,1,0,0,0,0,0,2,0
8728,1977,16,14,4,1,0,0,1,0,1,0
8728,1978,9,9,4,0,0,1,0,0,2,0
8728,1979,6,5,0,0,0,0,0,0,4,1
8728,1980,11,10,2,2,0,0,0,0,3,1
8728,1981,8,7,1,0,0,0,0,0,3,0
8728,1986,6,6,3,2,0,0,0,0,0,0
8728,1987,10,8,1,0,0,0,2,0,4,0
8732,1970,3,3,0,0,0,0,0,0,1,0
8743,1987,3,3,0,0,0,0,0,0,0,0
8746,1979,3,2,1,0,0,0,0,0,1,0
8746,1980,3,3,1,0,0,0,0,0,2,0
8748,1980,7,5,0,0,0,0,1,0,2,0
8749,1969,10,10,1,0,0,0,0,0,3,0
8749,1970,1,0,0,0,0,0,1,0,0,0
8759,1974,1,1,0,0,0,0,0,0,1,0
8786,1965,2,1,0,0,0,0,1,0,0,0
8786,1967,3,3,1,0,0,0,0,0,1,0
8786,1968,1,1,0,0,0,0,0,0,1,0
8808,1987,2,2,0,0,0,0,0,0,0,0
8827,1974,1,1,1,0,0,0,0,0,0,0
8830,1983,3,3,0,0,0,0,0,0,2,0
8849,1965,1,1,0,0,0,0,0,0,0,0
8849,1968,14,13,2,0,0,1,1,0,3,0
8849,1969,7,6,4,0,0,1,1,0,2,0
8850,1983,9,9,2,0,0,1,0,0,1,0
8850,1984,8,8,0,0,0,0,0,0,3,0
8850,1985,2,2,2,1,0,0,0,0,0,0
8850,1986,6,4,3,1,0,0,2,0,0,0
8857,1984,4,4,1,1,0,0,0,0,1,0
8867,1970,6,5,0,0,0,0,1,0,0,0
8867,1971,18,18,5,0,0,1,0,0,0,0
8867,1972,3,3,0,0,0,0,0,0,2,0
8916,1971,8,6,2,0,1,0,1,0,0,0
8916,1972,13,13,0,0,0,0,0,0,2,0
8916,1973,11,8,2,1,0,0,1,0,1,0
8916,1974,13,13,2,0,1,0,0,0,1,0
8916,1975,7,7,1,0,0,0,0,0,2,0
8916,1976,16,16,0,0,0,0,0,0,3,0
8926,1967,6,5,1,0,0,0,1,0,1,0
8926,1968,14,13,3,0,0,0,1,0,2,0
8926,1970,11,8,1,0,0,0,3,0,2,0
8926,1971,4,3,2,0,0,0,1,0,0,0
8926,1972,7,6,1,0,0,1,1,0,0,0
8926,1973,11,10,2,0,0,0,1,0,2,0
8926,1974,8,7,0,0,0,0,0,0,4,1
8926,1975,10,8,2,1,0,1,2,0,3,0
8926,1976,9,7,2,1,0,0,2,0,2,0
8926,1977,17,15,2,0,0,1,2,0,4,0
8926,1978,9,9,2,1,0,0,0,0,1,0
8926,1979,7,6,0,0,0,0,1,0,2,0
8926,1984,7,7,3,2,0,0,0,0,2,0
8926,1986,2,2,0,0,0,0,0,0,0,0
8935,1981,8,7,2,0,1,0,1,0,3,0
8935,1982,7,7,2,0,0,0,0,0,0,0
8946,1985,2,2,1,0,0,0,0,0,0,0
8947,1970,2,2,0,0,0,0,0,0,0,0
8987,1987,1,0,0,0,0,0,1,0,0,0
8994,1987,5,4,1,1,0,0,1,0,1,0
8996,1980,9,5,0,0,0,0,1,0,3,0
9000,1969,5,5,2,0,0,0,0,0,2,0
9000,1971,1,1,0,0,0,0,0,0,0,0
9011,1967,4,4,2,0,0,0,0,0,1,0
9011,1968,10,9,0,0,0,0,1,0,7,0
9011,1969,4,3,0,0,0,0,1,0,1,0
9011,1970,8,7,4,1,1,1,1,0,1,0
9025,1974,4,4,1,0,0,0,0,0,1,0
9027,1987,8,6,2,0,0,0,2,0,0,0
9033,1971,2,2,0,0,0,0,0,0,1,0
9074,1965,1,1,0,0,0,0,0,0,1,0
9074,1967,7,6,0,0,0,0,0,0,2,0
9074,1968,15,13,6,3,0,0,2,0,2,0
9087,1970,3,3,0,0,0,0,0,0,1,0
9090,1981,7,7,0,0,0,0,0,0,4,0
9090,1982,4,4,2,0,0,0,0,0,2,0
9090,1984,3,3,0,0,0,0,0,0,1,0
9093,1972,1,1,0,0,0,0,0,0,1,0
9106,1972,8,8,4,2,0,0,0,0,0,0
9106,1973,1,1,0,0,0,0,0,0,0,0
9106,1974,7,5,2,0,0,2,2,0,0,0
9112,1975,3,3,0,0,0,0,0,0,2,0
9112,1976,2,2,1,0,0,0,0,0,1,0
9112,1977,4,4,1,1,0,0,0,0,2,0
9112,1978,5,4,1,0,0,0,1,0,0,0
9112,1979,3,3,1,1,0,0,0,0,0,0
9117,1967,1,1,0,0,0,0,0,0,1,0
9124,1986,3,2,0,0,0,0,1,0,0,0
9124,1987,6,5,2,0,0,0,1,0,0,0
9128,1987,6,6,1,0,1,0,0,0,1,0
9140,1968,4,4,0,0,0,0,0,0,0,0
9140,1969,12,11,3,0,0,0,1,0,4,0
9140,1970,8,7,1,0,0,0,1,0,3,0
9140,1971,7,7,1,0,0,0,0,0,2,0
9140,1972,1,1,0,0,0,0,0,0,1,0
9140,1973,1,1,0,0,0,0,0,0,1,0
9150,1982,6,6,2,1,0,0,0,0,2,0
9150,1983,8,5,2,0,0,0,3,0,0,0
9150,1984,6,5,0,0,0,0,1,0,1,0
9162,1977,1,1,0,0,0,0,0,0,1,0
9182,1983,2,2,0,0,0,0,0,0,1,0
9182,1984,1,0,0,0,0,0,0,0,0,0
9195,1986,6,6,3,1,0,0,0,0,2,0
9195,1987,7,6,1,1,0,0,1,0,4,0
9199,1984,2,1,0,0,0,0,0,0,0,0
9223,1986,3,3,1,0,0,0,0,0,0,0
9230,1977,1,0,0,0,0,0,1,0,0,0
9230,1978,7,7,2,1,1,0,0,0,1,0
9230,1979,12,11,3,0,1,0,1,0,3,0
9230,1980,9,9,1,0,0,0,0,0,3,0
9230,1982,1,1,0,0,0,0,0,0,0,0
9230,1983,7,6,1,0,0,0,1,0,2,0
9230,1985,3,3,2,0,0,0,0,0,0,0
9234,1978,3,3,0,0,0,0,0,0,1,0
9234,1980,7,6,3,0,0,0,1,0,1,0
9234,1981,7,5,1,0,0,0,2,0,3,0
9234,1982,8,8,1,1,0,0,0,0,4,0
9236,1982,3,3,0,0,0,0,0,0,2,0
9236,1983,1,1,0,0,0,0,0,0,1,0
9247,1976,4,4,1,0,0,0,0,0,0,0
9274,1986,6,6,0,0,0,0,0,0,3,0
9274,1987,4,4,1,0,0,0,0,0,0,0
9285,1984,2,1,0,0,0,0,1,0,1,0
9291,1972,4,4,1,0,0,0,0,0,0,0
9291,1978,3,3,0,0,0,0,0,0,1,0
9292,1967,8,8,2,1,0,0,0,0,2,0
9292,1968,10,10,2,1,0,0,0,0,2,0
9292,1969,12,10,2,1,0,0,2,0,5,0
9292,1970,7,6,2,0,0,0,1,0,2,0
9292,1971,13,12,4,0,0,1,1,0,3,0
9292,1972,10,6,1,0,0,0,4,0,3,0
9292,1973,12,12,1,0,0,0,0,0,5,0
9292,1974,9,7,1,0,0,0,2,0,2,0
9292,1975,8,7,1,0,0,0,1,0,3,0
9292,1976,8,8,0,0,0,0,0,0,1,0
9292,1977,7,5,2,0,0,1,1,0,1,0
9304,1983,2,2,0,0,0,0,0,0,2,0
9306,1981,5,4,0,0,0,0,1,0,2,0
9306,1982,13,12,1,0,0,0,1,0,2,0
9306,1983,14,11,3,0,0,0,3,0,3,0
9306,1984,23,21,6,1,1,0,2,0,3,0
9306,1985,3,3,2,0,0,0,0,0,0,0
9306,1986,8,6,0,0,0,0,2,0,0,0
9345,1981,5,5,0,0,0,0,0,0,2,0
9345,1982,7,7,3,0,0,0,0,0,0,0
9345,1983,13,13,5,2,0,0,0,0,2,0
9345,1984,6,6,1,0,0,0,0,0,1,0
9345,1985,7,4,1,1,0,0,3,0,0,0
9345,1986,6,6,1,0,0,0,0,0,0,0
9357,1987,3,3,1,0,0,0,0,0,2,0
9366,1981,1,1,1,0,0,0,0,0,0,0
9366,1984,9,7,0,0,0,0,2,0,2,0
9370,1980,7,7,2,0,0,0,0,0,0,0
9370,1981,6,5,2,0,0,0,1,0,0,0
9370,1982,17,16,2,0,0,0,1,0,3,0
9370,1983,4,4,0,0,0,0,0,0,3,0
9370,1984,7,7,1,0,0,0,0,0,2,0
9378,1977,11,9,1,1,0,0,2,0,0,0
9378,1978,10,9,3,1,0,0,1,0,2,0
9378,1980,7,7,2,0,0,0,0,0,0,0
9381,1975,8,7,0,0,0,0,0,0,2,1
9381,1987,3,1,0,0,0,0,2,0,0,0
9385,1982,4,2,0,0,0,0,2,0,0,0
9394,1975,2,2,0,0,0,0,0,0,1,0
9394,1976,7,6,0,0,0,0,1,0,4,0
9394,1980,2,2,1,1,0,0,0,0,0,0
9394,1982,2,1,0,0,0,0,0,0,1,0
9404,1975,2,1,0,0,0,0,0,0,1,0
9404,1976,2,2,0,0,0,0,0,0,1,0
9415,1982,10,10,4,0,0,0,0,0,0,0
9415,1983,3,3,0,0,0,0,0,0,0,0
9415,1984,3,3,2,1,0,0,0,0,0,0
9415,1985,3,2,0,0,0,0,1,0,0,0
9415,1986,10,8,2,0,0,0,1,0,0,1
9421,1983,12,11,3,1,0,0,1,0,3,0
9421,1987,4,4,3,0,0,2,0,0,0,0
9433,1972,3,3,0,0,0,0,0,0,2,0
9447,1983,11,10,2,0,0,0,1,0,5,0
9447,1984,11,9,2,0,0,0,1,0,1,1
9447,1987,3,3,1,0,0,0,0,0,0,0
9457,1969,2,1,0,0,0,0,1,0,1,0
9457,1970,1,1,0,0,0,0,0,0,0,0
9466,1972,4,4,0,0,0,0,0,0,2,0
9466,1973,1,1,0,0,0,0,0,0,1,0
9466,1975,3,3,0,0,0,0,0,0,2,0
9491,1972,8,8,1,0,0,0,0,0,0,0
9491,1973,13,13,4,1,0,0,0,0,2,0
9491,1974,12,11,4,0,0,0,1,0,0,0
9491,1975,15,13,7,1,0,0,2,0,0,0
9491,1976,14,13,4,0,0,1,1,0,0,0
9491,1977,18,18,5,0,0,1,0,0,1,0
9491,1978,10,9,2,0,0,1,1,0,1,0
9491,1979,16,15,3,1,0,0,1,0,2,0
9491,1980,21,20,5,2,0,0,1,0,2,0
9491,1981,7,6,1,0,0,0,0,0,2,1
9506,1970,2,2,1,0,0,0,0,0,0,0
9506,1971,3,3,0,0,0,0,0,0,1,0
9506,1973,5,4,0,0,0,0,0,0,2,0
9506,1974,8,8,1,0,0,0,0,0,2,0
9515,1974,7,4,0,0,0,0,3,0,1,0
9515,1975,8,6,1,0,0,0,2,0,1,0
9515,1976,6,6,1,1,0,0,0,0,1,0
9515,1977,5,4,1,0,0,0,1,0,1,0
9517,1972,4,3,0,0,0,0,1,0,2,0
9517,1973,4,4,1,0,0,0,0,0,2,0
9517,1974,4,3,0,0,0,0,0,0,2,0
9517,1975,2,1,0,0,0,0,0,0,1,0
9517,1978,1,1,0,0,0,0,0,0,1,0
9517,1982,4,4,0,0,0,0,0,0,2,0
9519,1973,1,1,0,0,0,0,0,0,0,0
9519,1976,12,11,3,1,0,0,0,0,2,0
9519,1977,1,1,0,0,0,0,0,0,0,0
9519,1978,6,4,0,0,0,0,0,0,1,0
9519,1981,1,1,0,0,0,0,0,0,1,0
9519,1986,1,1,0,0,0,0,0,0,0,0
9544,1979,10,9,1,0,1,0,1,0,4,0
9544,1980,7,7,0,0,0,0,0,0,2,0
9544,1982,1,1,1,0,0,0,0,0,0,0
9544,1984,7,7,1,0,0,0,0,0,3,0
9545,1978,1,1,0,0,0,0,0,0,1,0
9545,1979,3,3,0,0,0,0,0,0,1,0
9547,1986,6,5,0,0,0,0,1,0,1,0
9547,1987,7,4,1,0,0,0,2,0,0,0
9552,1984,6,6,2,1,0,0,0,0,1,0
9552,1985,3,2,0,0,0,0,1,0,1,0
9552,1986,7,6,0,0,0,0,1,0,2,0
9553,1982,3,2,0,0,0,0,1,0,1,0
9561,1977,2,2,0,0,0,0,0,0,2,0
9561,1982,2,1,1,0,0,0,1,0,0,0
9561,1986,1,1,0,0,0,0,0,0,0,0
9564,1967,3,3,1,0,0,0,0,0,1,0
9570,1987,3,2,2,0,0,0,1,0,0,0
9580,1977,7,6,0,0,0,0,1,0,1,0
9580,1979,4,4,1,0,0,0,0,0,1,0
9580,1981,9,7,2,0,0,0,2,0,2,0
9580,1982,9,9,3,0,0,0,0,0,3,0
9580,1983,4,4,3,0,0,0,0,0,0,0
9585,1977,2,2,1,0,1,0,0,0,0,0
9588,1976,4,3,2,1,0,0,1,0,0,0
9616,1986,3,3,0,0,0,0,0,0,0,0
9616,1987,3,1,0,0,0,0,2,0,1,0
9619,1982,1,1,0,0,0,0,0,0,1,0
9630,1987,3,2,1,0,0,0,1,0,0,0
9631,1987,5,4,0,0,0,0,1,0,1,0
9632,1980,1,1,0,0,0,0,0,0,1,0
9632,1981,2,2,1,0,0,0,0,0,0,0
9648,1976,7,6,1,0,0,0,1,0,3,0
9653,1984,3,1,0,0,0,0,2,0,1,0
9684,1969,4,4,0,0,0,0,0,0,2,0
9684,1970,12,10,2,0,1,0,2,0,4,0
9684,1971,10,9,4,0,0,0,1,0,1,0
9684,1972,9,6,0,0,0,0,3,0,5,0
9684,1973,20,17,1,1,0,0,3,0,8,0
9684,1974,7,6,2,0,0,2,1,0,2,0
9684,1975,5,5,2,1,0,0,0,0,2,0
9684,1976,3,3,0,0,0,0,0,0,1,0
9692,1970,3,2,0,0,0,0,0,0,2,0
9692,1971,2,2,0,0,0,0,0,0,2,0
9692,1974,3,3,0,0,0,0,0,0,2,0
9693,1972,9,8,3,0,0,0,0,0,3,0
9693,1973,14,14,4,1,0,0,0,0,5,0
9693,1974,13,13,1,0,0,0,0,0,2,0
9693,1975,2,2,0,0,0,0,0,0,0,0
9693,1977,1,1,0,0,0,0,0,0,0,0
9693,1978,3,3,0,0,0,0,0,0,2,0
9693,1981,2,1,0,0,0,0,1,0,0,0
9704,1976,10,10,3,0,1,1,0,0,1,0
9718,1975,9,6,2,1,0,0,2,0,0,0
9718,1976,8,8,3,0,0,1,0,0,0,0
9718,1977,16,16,7,0,0,1,0,0,0,0
9718,1978,19,17,2,0,0,0,2,0,6,0
9718,1979,17,17,7,1,0,1,0,0,2,0
9718,1980,20,18,6,2,0,1,2,0,2,0
9718,1981,7,6,1,0,0,0,1,0,0,0
9724,1974,11,9,0,0,0,0,1,0,2,0
9724,1975,4,3,1,1,0,0,1,0,2,0
9724,1977,2,2,0,0,0,0,0,0,0,0
9725,1978,2,2,1,0,0,0,0,0,0,0
9725,1982,3,2,1,0,0,0,1,0,1,0
9725,1984,2,1,0,0,0,0,1,0,1,0
9731,1967,1,1,0,0,0,0,0,0,0,0
9732,1965,1,1,0,0,0,0,0,0,0,0
9732,1972,16,13,1,0,0,0,3,0,3,0
9754,1977,4,3,2,1,0,0,1,0,0,0
9757,1967,2,2,0,0,0,0,0,0,0,0
9765,1980,6,6,2,0,0,0,0,0,2,0
9829,1976,5,5,0,0,0,0,0,0,3,0
9831,1982,4,2,0,0,0,0,1,0,1,0
9831,1983,2,2,0,0,0,0,0,0,0,0
9843,1973,4,2,1,0,0,0,1,0,1,0
9843,1974,6,3,0,0,0,0,2,0,2,0
9843,1975,5,4,2,0,0,0,1,0,1,0
9843,1976,2,2,0,0,0,0,0,0,2,0
9843,1977,1,1,0,0,0,0,0,0,0,0
9843,1978,3,2,0,0,0,0,0,0,1,0
9843,1979,4,2,1,0,0,0,1,0,1,0
9843,1980,5,3,1,0,0,0,2,0,1,0
9843,1981,3,2,0,0,0,0,0,0,1,0
9843,1982,3,1,1,0,0,0,2,0,0,0
9843,1983,3,2,0,0,0,0,0,0,2,0
9843,1984,1,1,1,0,0,0,0,0,0,0
9843,1985,2,2,0,0,0,0,0,0,1,0
9855,1965,1,1,0,0,0,0,0,0,0,0
9855,1966,4,3,1,0,0,0,1,0,0,0
9855,1967,15,15,5,1,0,0,0,0,1,0
9855,1968,11,11,3,0,0,1,0,0,0,0
9855,1969,5,4,0,0,0,0,0,1,0,0
9901,1979,1,1,0,0,0,0,0,0,1,0
9901,1982,1,1,0,0,0,0,0,0,0,0
9915,1973,2,2,0,0,0,0,0,0,2,0
9915,1975,3,2,1,0,0,0,1,0,0,0
9915,1976,2,2,0,0,0,0,0,0,0,0
9920,1972,11,9,0,0,0,0,2,0,3,0
9920,1973,8,8,3,1,0,0,0,0,3,0
9934,1977,3,3,1,0,0,0,0,0,1,0
9946,1972,4,4,1,0,0,0,0,0,1,0
9946,1974,1,1,0,0,0,0,0,0,0,0
9946,1975,7,5,1,0,0,0,1,0,1,0
9946,1976,2,2,1,0,0,0,0,0,1,0
9946,1977,1,1,0,0,0,0,0,0,0,0
9948,1965,1,1,0,0,0,0,0,0,0,0
9948,1966,2,2,2,0,0,0,0,0,0,0
9951,1965,1,1,1,0,0,0,0,0,0,0
9951,1967,7,7,0,0,0,0,0,0,1,0
9951,1968,15,13,2,0,0,0,1,0,1,0
9951,1970,16,15,3,0,0,0,0,1,0,0
9951,1971,4,4,2,0,0,0,0,0,1,0
9951,1972,13,13,2,0,0,0,0,0,1,0
9951,1973,8,8,5,1,1,0,0,0,0,0
9951,1974,9,7,2,0,0,0,2,0,1,0
9951,1975,11,7,2,2,0,0,4,0,0,0
9951,1976,9,8,3,1,0,0,1,0,1,0
9951,1977,7,7,3,0,1,0,0,0,0,0
9951,1978,16,15,1,0,0,0,1,0,1,0
9951,1984,15,13,5,0,0,0,1,0,1,0
9977,1986,2,2,0,0,0,0,0,0,1,0
9987,1976,11,9,3,0,0,0,1,0,1,0
9987,1977,5,5,0,0,0,0,0,0,0,0
9987,1978,5,4,1,0,0,0,1,0,0,0
9987,1979,6,5,1,0,0,0,1,0,0,0
9987,1980,7,5,0,0,0,0,2,0,0,0
9987,1981,4,4,1,0,0,0,0,0,0,0
9987,1982,5,5,2,1,0,1,0,0,1,0
9987,1983,12,11,3,0,1,0,0,0,1,0
9987,1984,7,7,0,0,0,0,0,0,1,0
9987,1985,7,7,3,2,0,0,0,0,0,0
9987,1986,7,6,2,1,0,0,1,0,1,0
9987,1987,2,1,1,0,0,0,1,0,0,0
10000,1969,4,4,0,0,0,0,0,0,2,0
10000,1971,4,4,0,0,0,0,0,0,1,0
10000,1972,4,4,2,0,0,0,0,0,1,0
10000,1973,3,2,0,0,0,0,1,0,0,0
10000,1974,5,4,0,0,0,0,1,0,2,0
10000,1975,4,4,3,1,0,1,0,0,0,0
10000,1976,3,3,0,0,0,0,0,0,1,0
10012,1967,1,1,0,0,0,0,0,0,1,0
10012,1968,1,1,1,0,0,0,0,0,0,0
10037,1969,4,4,0,0,0,0,0,0,1,0
10037,1970,8,7,3,1,0,0,1,0,1,0
10037,1971,5,5,0,0,0,0,0,0,2,0
10037,1972,7,7,2,1,0,0,0,0,3,0
10037,1973,12,12,5,1,0,0,0,0,0,0
10037,1974,3,3,1,0,0,0,0,0,0,0
10037,1975,4,4,2,1,0,0,0,0,1,0
10037,1976,4,3,2,0,0,0,1,0,0,0
10037,1977,7,6,1,0,0,0,0,0,1,0
10037,1978,2,1,0,0,0,0,1,0,0,0
10037,1979,4,3,2,0,0,0,1,0,0,0
10037,1980,7,7,2,2,0,0,0,0,0,0
10037,1981,4,4,0,0,0,0,0,0,1,0
10037,1982,7,6,3,0,0,0,0,0,0,0
10037,1983,7,6,2,0,0,0,0,0,1,0
10038,1984,2,2,0,0,0,0,0,0,1,0
10044,1984,3,3,1,0,0,0,0,0,0,0
10058,1968,11,11,0,0,0,0,0,0,2,0
10058,1969,7,6,0,0,0,0,1,0,1,0
10058,1970,7,6,0,0,0,0,1,0,1,0
10058,1971,4,3,0,0,0,0,1,0,0,0
10059,1969,2,2,0,0,0,0,0,0,1,0
10059,1980,1,1,0,0,0,0,0,0,1,0
10059,1981,3,3,0,0,0,0,0,0,2,0
10059,1985,5,4,0,0,0,0,0,0,1,0
10077,1973,3,3,2,0,0,0,0,0,0,0
10077,1975,10,9,2,1,0,0,1,0,1,0
10077,1976,3,2,0,0,0,0,1,0,1,0
10077,1979,4,4,0,0,0,0,0,0,2,0
10077,1980,14,11,4,0,0,0,3,0,2,0
10077,1981,3,2,0,0,0,0,0,0,0,0
10078,1971,4,4,1,0,0,0,0,0,2,0
10078,1973,1,1,0,0,0,0,0,0,0,0
10099,1984,3,3,0,0,0,0,0,0,0,0
10099,1986,3,3,0,0,0,0,0,0,1,0
10099,1987,3,2,1,0,0,0,1,0,0,0
10106,1981,6,6,1,0,1,0,0,0,1,0
10106,1982,10,10,4,1,0,0,0,0,1,0
10106,1983,8,7,4,0,0,1,1,0,1,0
10106,1984,3,3,1,0,0,0,0,0,1,0
10123,1986,6,5,2,0,0,0,1,0,1,0
10184,1982,15,14,1,1,0,0,1,0,7,0
10184,1983,16,16,3,0,0,0,0,0,4,0
10184,1984,6,4,1,0,0,1,2,0,0,0
10184,1986,2,2,1,0,0,0,0,0,0,0
10187,1980,2,2,0,0,0,0,0,0,2,0
10187,1982,4,3,0,0,0,0,0,0,0,0
10187,1983,2,1,1,1,0,0,0,0,0,0
10187,1984,2,2,0,0,0,0,0,0,0,0
10193,1969,7,6,1,0,0,0,0,0,1,0
10193,1970,6,6,2,0,0,0,0,0,0,0
10193,1971,14,13,4,1,0,1,1,0,2,0
10193,1972,11,9,3,1,0,0,1,0,1,1
10193,1973,21,19,5,0,0,2,1,0,1,1
10193,1974,14,13,2,0,0,0,1,0,1,0
10193,1975,13,12,6,0,0,2,1,0,1,0
10193,1976,9,8,5,2,0,0,0,1,0,0
10193,1978,10,10,3,2,0,0,0,0,0,0
10193,1979,6,6,0,0,0,0,0,0,1,0
10193,1980,1,1,0,0,0,0,0,0,0,0
10202,1972,2,1,0,0,0,0,1,0,1,0
10223,1983,1,1,0,0,0,0,0,0,1,0
10223,1984,1,1,0,0,0,0,0,0,1,0
10223,1985,7,7,0,0,0,0,0,0,2,0
10223,1986,8,5,2,0,0,0,3,0,0,0
10223,1988,1,1,1,0,0,1,0,0,0,0
10226,1965,3,3,0,0,0,0,0,0,0,0
10226,1967,11,10,1,0,0,0,0,1,3,0
10226,1968,9,6,1,0,0,1,3,0,0,0
10226,1969,15,14,4,1,0,0,1,0,2,0
10226,1970,14,12,3,0,0,0,2,0,1,0
10226,1971,22,19,9,1,1,2,2,0,1,1
10226,1972,6,5,0,0,0,0,1,0,1,0
10226,1973,7,6,4,1,0,0,1,0,1,0
10253,1986,1,0,0,0,0,0,0,0,0,0
10255,1967,10,8,3,0,0,2,2,0,0,0
10255,1968,7,7,1,0,0,0,0,0,0,0
10260,1977,2,2,0,0,0,0,0,0,1,0
10262,1982,8,8,4,1,0,0,0,0,0,0
10262,1983,7,6,2,0,0,0,1,0,1,0
10262,1984,14,12,5,0,0,0,2,0,0,0
10273,1978,1,1,0,0,0,0,0,0,1,0
10286,1983,1,1,0,0,0,0,0,0,0,0
10290,1973,3,3,1,0,0,0,0,0,0,0
10324,1986,4,4,0,0,0,0,0,0,0,0
10324,1987,6,5,3,2,0,0,1,0,1,0
10325,1967,5,5,0,0,0,0,0,0,0,0
10334,1986,3,2,0,0,0,0,1,0,1,0
10334,1987,3,3,0,0,0,0,0,0,2,0
10371,1984,3,3,1,1,0,0,0,0,0,0
10386,1978,7,6,2,0,0,0,1,0,1,0
10386,1979,6,6,1,0,0,0,0,0,2,0
10386,1980,12,12,1,0,0,0,0,0,3,0
10386,1982,4,4,0,0,0,0,0,0,0,0
10387,1977,15,13,4,1,0,0,2,0,1,0
10387,1978,6,6,1,0,0,0,0,0,0,0
10387,1979,13,11,2,1,0,0,1,1,4,0
10387,1980,17,17,1,0,0,0,0,0,3,0
10387,1981,10,10,1,1,0,0,0,0,5,0
10387,1982,14,13,2,0,0,0,1,0,4,0
10387,1983,12,12,4,0,0,0,0,0,5,0
10387,1984,2,2,0,0,0,0,0,0,1,0
10414,1970,3,3,2,1,0,0,0,0,0,0
10414,1972,5,5,0,0,0,0,0,0,4,0
10414,1973,2,1,0,0,0,0,0,0,1,0
10414,1974,4,2,0,0,0,0,1,0,1,0
10414,1975,3,3,0,0,0,0,0,0,1,0
10414,1976,2,1,0,0,0,0,1,0,1,0
10414,1977,4,4,0,0,0,0,0,0,2,0
10414,1978,6,4,0,0,0,0,1,0,1,0
10414,1980,2,1,0,0,0,0,1,0,1,0
10414,1981,6,6,1,0,0,0,0,0,3,0
10414,1982,1,1,0,0,0,0,0,0,1,0
10414,1983,1,1,0,0,0,0,0,0,0,0
10437,1987,7,6,2,1,0,0,1,0,1,0
10480,1978,1,1,0,0,0,0,0,0,0,0
10480,1979,1,0,0,0,0,0,1,0,0,0
10480,1983,3,3,0,0,0,0,0,0,2,0
10497,1975,3,1,0,0,0,0,1,0,1,0
10499,1987,4,3,1,0,0,0,0,0,0,0
10504,1966,4,4,2,0,0,0,0,0,0,0
10504,1967,1,1,1,0,0,0,0,0,0,0
10519,1987,3,3,0,0,0,0,0,0,0,0
10526,1987,1,1,1,0,0,1,0,0,0,0
10553,1984,1,1,1,0,0,0,0,0,0,0
10560,1977,2,2,1,1,0,0,0,0,1,0
10560,1979,2,2,0,0,0,0,0,0,1,0
10561,1968,1,1,1,0,0,0,0,0,0,0
10569,1966,3,3,1,0,0,0,0,0,1,0
10569,1967,6,4,0,0,0,0,1,0,3,0
10569,1968,5,5,0,0,0,0,0,0,2,0
10573,1984,3,1,0,0,0,0,0,0,1,0
10591,1986,6,6,2,0,1,0,0,0,1,0
10591,1987,12,12,3,0,0,0,0,0,3,0
10604,1967,2,2,0,0,0,0,0,0,1,0
10606,1987,1,1,0,0,0,0,0,0,1,0
10608,1972,14,13,2,1,0,0,1,0,1,0
10608,1973,18,14,4,1,0,0,3,1,0,0
10608,1974,12,10,2,1,1,0,1,0,1,1
10608,1975,16,15,7,2,0,1,1,0,1,0
10608,1976,16,15,3,1,0,0,1,0,1,0
10608,1977,18,13,4,0,0,3,5,0,1,0
10608,1978,11,9,4,1,0,0,1,0,1,1
10608,1979,12,11,3,1,0,2,1,0,0,0
10608,1980,23,22,4,1,0,0,1,0,1,0
10608,1986,3,2,1,0,0,1,1,0,0,0
10616,1967,3,3,1,0,0,0,0,0,1,0
10616,1968,4,4,0,0,0,0,0,0,2,0
10620,1970,7,7,0,0,0,0,0,0,3,0
10620,1971,1,0,0,0,0,0,1,0,0,0
10620,1972,1,1,0,0,0,0,0,0,1,0
10627,1967,2,2,0,0,0,0,0,0,2,0
10627,1968,4,4,2,1,0,0,0,0,0,0
10627,1971,3,1,0,0,0,0,1,1,1,0
10627,1972,2,2,0,0,0,0,0,0,1,0
10631,1970,1,1,1,0,0,0,0,0,0,0
10631,1971,12,10,1,0,0,0,2,0,3,0
10631,1972,12,9,1,0,0,0,3,0,4,0
10631,1973,20,19,5,1,0,0,1,0,4,0
10631,1974,17,17,3,0,0,0,0,0,5,0
10640,1983,1,1,0,0,0,0,0,0,1,0
10642,1968,2,1,0,0,0,0,1,0,0,0
10648,1969,11,11,3,0,0,0,0,0,2,0
10648,1970,10,8,1,0,0,0,2,0,1,0
10648,1972,14,14,3,0,0,0,0,0,0,0
10648,1973,15,14,4,3,0,0,1,0,1,0
10648,1974,12,9,1,1,0,0,3,0,3,0
10648,1975,17,17,6,1,0,1,0,0,2,0
10648,1979,9,9,1,1,0,0,0,0,1,0
10655,1987,2,2,1,0,0,1,0,0,0,0
10671,1986,6,5,1,0,0,0,0,0,1,0
10671,1987,9,8,1,1,0,0,1,0,2,0
10671,1988,1,1,0,0,0,0,0,0,0,0
10678,1970,3,3,1,0,0,0,0,0,1,0
10692,1982,2,1,0,0,0,0,1,0,0,0
10692,1983,1,0,0,0,0,0,0,0,0,0
10715,1982,1,1,0,0,0,0,0,0,1,0
10744,1979,1,1,0,0,0,0,0,0,0,0
10744,1980,6,5,0,0,0,0,1,0,1,0
10747,1982,24,20,5,2,0,0,4,0,5,0
10747,1983,16,16,5,1,0,0,0,0,4,0
10747,1984,7,6,2,1,0,0,1,0,1,0
10747,1986,4,4,3,1,0,0,0,0,0,0
10758,1978,4,4,1,1,0,0,0,0,1,0
10758,1979,8,7,3,0,0,0,1,0,0,0
10758,1980,8,8,2,0,0,0,0,0,3,0
10758,1981,9,9,2,1,0,0,0,0,3,0
10758,1982,12,11,3,1,0,0,1,0,2,0
10758,1983,20,18,3,0,2,0,2,0,4,0
10758,1984,3,3,1,0,0,0,0,0,0,0
10758,1985,2,1,0,0,0,0,1,0,0,0
10758,1986,8,6,2,0,0,0,2,0,1,0
10767,1974,9,7,2,1,0,0,2,0,2,0
10767,1975,17,13,3,0,1,1,4,0,1,0
10767,1976,4,4,1,0,0,0,0,0,2,0
10767,1977,4,4,0,0,0,0,0,0,2,0
10767,1978,1,1,1,0,0,0,0,0,0,0
10767,1982,3,1,0,0,0,0,2,0,0,0
10779,1986,2,1,0,0,0,0,0,0,1,0
10806,1988,3,2,0,0,0,0,1,0,0,0
10836,1979,1,1,0,0,0,0,0,0,0,0
10866,1980,3,2,0,0,0,0,0,0,1,0
10866,1981,3,3,0,0,0,0,0,0,2,0
10866,1984,1,1,0,0,0,0,0,0,1,0
10866,1986,4,4,1,1,0,0,0,0,1,0
10888,1971,4,4,1,0,0,1,0,0,0,0
10888,1972,14,14,3,0,0,1,0,0,5,0
10888,1973,4,2,0,0,0,0,2,0,0,0
10888,1974,6,6,2,1,0,0,0,0,2,0
10888,1975,11,11,3,0,0,1,0,0,2,0
10888,1976,10,9,2,0,0,0,0,0,0,0
10888,1977,11,11,1,0,0,0,0,0,1,0
10888,1978,10,8,2,1,0,0,1,0,1,0
10888,1979,3,3,1,0,0,0,0,0,0,0
10888,1980,10,9,4,1,0,0,1,0,0,0
10888,1981,8,8,2,0,0,0,0,0,3,0
10888,1982,10,8,2,0,0,0,2,0,0,0
10888,1983,10,7,3,0,0,0,3,0,0,0
10888,1984,6,5,1,1,0,0,1,0,1,0
10903,1976,5,4,1,0,0,0,1,0,2,0
10903,1977,3,3,0,0,0,0,0,0,2,0
10906,1969,10,9,1,0,0,1,1,0,2,0
10906,1970,1,1,0,0,0,0,0,0,0,0
10906,1971,1,1,0,0,0,0,0,0,1,0
10908,1979,1,1,0,0,0,0,0,0,0,0
10908,1980,2,2,0,0,0,0,0,0,2,0
10909,1975,2,1,0,0,0,0,1,0,1,0
10910,1982,1,0,0,0,0,0,1,0,0,0
10936,1971,1,1,0,0,0,0,0,0,0,0
10939,1968,3,2,1,0,0,0,1,0,1,0
10939,1969,1,0,0,0,0,0,1,0,0,0
10942,1975,3,3,0,0,0,0,0,0,1,0
10942,1976,10,10,2,0,0,0,0,0,3,0
10955,1972,1,0,0,0,0,0,1,0,0,0
10960,1971,4,4,1,0,0,0,0,0,1,0
10961,1975,1,1,0,0,0,0,0,0,1,0
10962,1987,6,4,0,0,0,0,2,0,0,0
10975,1987,2,2,0,0,0,0,0,0,0,0
10976,1967,10,8,2,0,0,1,2,0,3,0
10976,1968,7,7,1,0,0,0,0,0,3,0
10976,1969,8,8,1,0,1,0,0,0,3,0
10976,1970,1,1,0,0,0,0,0,0,0,0
10976,1971,13,10,3,0,0,0,2,0,5,1
10976,1972,7,7,0,0,0,0,0,0,4,0
10976,1973,18,17,5,1,0,2,1,0,4,0
10976,1974,16,13,6,0,0,1,3,0,0,0
10976,1975,14,12,5,2,0,0,2,0,3,0
10976,1976,7,5,0,0,0,0,2,0,2,0
10976,1977,9,6,2,0,0,0,2,0,2,1
10976,1978,12,9,1,0,0,1,3,0,2,0
10976,1979,5,4,2,1,0,0,1,0,2,0
10983,1966,7,7,2,0,0,0,0,0,2,0
10983,1967,14,11,4,1,0,1,3,0,1,0
10983,1968,14,13,4,0,0,0,1,0,1,0
10983,1969,7,6,2,0,0,1,0,1,1,0
10983,1970,11,10,3,0,0,2,1,0,2,0
10983,1971,22,21,6,1,1,0,0,0,0,1
10983,1972,7,7,4,1,0,0,0,0,0,0
10983,1973,10,9,2,0,0,0,1,0,2,0
10983,1974,15,14,3,0,0,0,1,0,0,0
10983,1975,7,5,1,0,0,0,1,0,2,1
10983,1982,1,1,1,0,0,0,0,0,0,0
10983,1983,1,0,0,0,0,0,0,1,0,0
10987,1975,6,5,2,1,0,0,1,0,1,0
10987,1976,6,6,0,0,0,0,0,0,3,0
10987,1977,6,6,1,0,0,0,0,0,2,0
10987,1978,21,15,7,1,0,2,5,1,0,0
10987,1979,10,9,2,1,0,0,1,0,3,0
10987,1980,9,9,3,0,0,0,0,0,1,0
10987,1981,7,5,3,1,0,1,1,0,1,0
10987,1982,11,10,1,1,0,0,1,0,2,0
10987,1984,3,1,0,0,0,0,2,0,0,0
10998,1972,5,5,3,0,0,0,0,0,1,0
10998,1973,7,7,1,0,0,0,0,0,2,0
11002,1987,6,6,0,0,0,0,0,0,1,0
11009,1971,3,3,0,0,0,0,0,0,1,0
11009,1972,8,8,2,1,0,0,0,0,0,0
11009,1973,12,11,1,0,0,0,1,0,6,0
11009,1974,18,18,4,0,0,0,0,0,4,0
11009,1975,11,9,4,0,1,0,2,0,1,0
11009,1976,12,12,2,0,1,0,0,0,0,0
11009,1977,12,11,7,1,0,0,1,0,1,0
11009,1978,9,9,0,0,0,0,0,0,1,0
11009,1979,6,6,2,0,0,0,0,0,0,0
11009,1980,11,9,0,0,0,0,2,0,2,0
11009,1981,1,1,0,0,0,0,0,0,1,0
11043,1971,1,1,0,0,0,0,0,0,1,0
11043,1972,3,3,2,0,0,0,0,0,0,0
11054,1986,3,2,0,0,0,0,1,0,0,0
11057,1981,2,2,0,0,0,0,0,0,1,0
11058,1974,1,1,0,0,0,0,0,0,0,0
11070,1986,1,1,0,0,0,0,0,0,1,0
11073,1967,1,1,0,0,0,0,0,0,0,0
11073,1969,6,6,1,0,0,0,0,0,3,0
11073,1970,1,1,0,0,0,0,0,0,1,0
11076,1971,3,3,1,0,0,0,0,0,0,0
11081,1976,1,1,0,0,0,0,0,0,1,0
11100,1984,10,9,3,0,0,1,1,0,2,0
11100,1985,5,4,1,0,0,0,1,0,1,0
11100,1986,9,6,1,0,0,0,3,0,2,0
11104,1979,7,6,3,1,0,0,1,0,1,0
11104,1980,5,5,2,0,0,0,0,0,0,0
11104,1981,2,2,2,0,0,0,0,0,0,0
11125,1971,5,5,1,0,0,0,0,0,3,0
11131,1965,1,1,1,0,0,0,0,0,0,0
11131,1966,2,2,2,0,0,1,0,0,0,0
11134,1984,7,6,1,0,0,0,0,0,2,0
11140,1983,2,1,0,0,0,0,0,0,0,0
11140,1984,2,2,0,0,0,0,0,0,2,0
11155,1968,6,5,3,1,0,0,1,0,0,0
11155,1969,9,8,2,0,0,0,1,0,2,0
11155,1970,10,8,1,0,0,0,2,0,3,0
11155,1971,4,3,0,0,0,0,1,0,0,0
11160,1982,4,4,0,0,0,0,0,0,2,0
11166,1987,2,2,1,0,0,0,0,0,0,0
11171,1986,3,3,0,0,0,0,0,0,0,0
11178,1979,3,3,0,0,0,0,0,0,2,0
11181,1967,13,13,2,0,0,0,0,0,1,0
11181,1968,4,4,1,0,0,0,0,0,1,0
11181,1969,11,8,1,1,0,0,2,0,0,0
11181,1970,11,10,1,0,0,1,1,0,0,0
11181,1971,15,14,2,0,0,1,1,0,0,0
11181,1977,2,1,0,0,0,0,1,0,0,0
11184,1978,1,1,0,0,0,0,0,0,1,0
11185,1970,3,2,0,0,0,0,1,0,2,0
11185,1972,2,2,0,0,0,0,0,0,1,0
11185,1973,2,2,0,0,0,0,0,0,0,0
11185,1974,3,2,0,0,0,0,0,0,1,0
11185,1977,1,1,0,0,0,0,0,0,0,0
11185,1980,2,2,0,0,0,0,0,0,2,0
11195,1986,3,3,0,0,0,0,0,0,0,0
11195,1987,7,7,1,0,0,0,0,0,3,0
11198,1976,2,2,0,0,0,0,0,0,2,0
11198,1978,3,3,1,0,0,0,0,0,2,0
11198,1982,3,3,0,0,0,0,0,0,3,0
11203,1971,11,9,3,0,0,1,2,0,1,0
11221,1974,10,10,2,1,0,0,0,0,3,0
11221,1975,1,1,0,0,0,0,0,0,0,0
11221,1976,7,7,1,0,0,1,0,0,2,0
11221,1978,4,3,0,0,0,0,1,0,0,0
11221,1979,6,5,0,0,0,0,1,0,1,0
11221,1980,1,0,0,0,0,0,1,0,0,0
11221,1981,7,6,0,0,0,0,1,0,3,0
11223,1966,6,5,0,0,0,0,1,0,0,0
11223,1967,6,5,2,1,0,0,1,0,2,0
11223,1968,11,10,0,0,0,0,1,0,3,0
11223,1969,11,10,3,0,0,2,1,0,4,0
11223,1970,14,13,0,0,0,0,1,0,3,0
11223,1971,4,3,1,0,0,0,1,0,0,0
11233,1982,3,3,2,0,0,0,0,0,0,0
11233,1988,3,2,0,0,0,0,1,0,1,0
11248,1979,4,3,0,0,0,0,1,0,3,0
11263,1986,6,5,1,0,0,0,1,0,1,0
11263,1987,6,5,1,0,0,0,1,0,1,0
11271,1975,3,2,0,0,0,0,0,0,0,0
11288,1974,7,6,1,0,0,0,0,0,3,0
11288,1975,11,10,0,0,0,0,1,0,2,0
11288,1976,11,9,3,0,0,0,2,0,2,0
11288,1977,16,15,3,0,0,0,1,0,2,0
11288,1978,21,21,7,0,1,0,0,0,3,0
11288,1979,20,20,3,1,1,0,0,0,4,0
11288,1980,11,11,5,0,0,0,0,0,2,0
11288,1981,4,3,0,0,0,0,1,0,1,0
11288,1982,3,3,0,0,0,0,0,0,1,0
11302,1973,1,1,0,0,0,0,0,0,1,0
11303,1968,1,1,0,0,0,0,0,0,0,0
11303,1969,5,3,1,0,0,0,2,0,0,0
11323,1965,2,2,1,1,0,0,0,0,0,0
11323,1966,4,3,0,0,0,0,1,0,0,0
11323,1967,16,15,5,1,1,0,1,0,1,0
11323,1968,15,13,3,0,0,0,1,0,0,0
11323,1969,5,5,2,1,0,0,0,0,0,0
11323,1970,9,7,3,1,0,0,2,0,2,0
11323,1971,4,4,0,0,0,0,0,0,1,0
11346,1976,4,4,1,0,0,0,0,0,1,0
11346,1977,20,20,3,0,0,1,0,0,4,0
11346,1978,11,11,1,0,0,0,0,0,2,0
11346,1979,19,19,7,2,0,0,0,0,2,0
11346,1980,17,16,3,0,0,0,1,0,0,0
11346,1981,8,8,1,0,0,0,0,0,3,0
11346,1982,13,13,5,4,0,0,0,0,2,0
11346,1983,8,8,3,1,0,0,0,0,1,0
11346,1984,3,3,2,0,0,0,0,0,0,0
11346,1985,6,6,2,0,0,1,0,0,1,0
11346,1986,3,3,1,0,0,0,0,0,0,0
11348,1977,11,9,0,0,0,0,2,0,6,0
11348,1978,4,2,0,0,0,0,2,0,2,0
11348,1979,10,9,4,1,0,0,1,0,1,0
11348,1980,5,5,1,1,0,0,0,0,3,0
11348,1981,6,5,0,0,0,0,1,0,2,0
11348,1982,21,15,2,1,0,0,6,0,2,0
11348,1983,8,7,3,2,0,0,1,0,3,0
11364,1983,2,2,0,0,0,0,0,0,2,0
11368,1986,3,2,1,1,0,0,1,0,0,0
11368,1987,7,6,1,0,0,0,1,0,1,0
11369,1986,10,10,1,0,0,0,0,0,4,0
11382,1973,1,1,0,0,0,0,0,0,1,0
11382,1974,4,3,0,0,0,0,1,0,2,0
11394,1986,8,8,4,2,0,0,0,0,3,0
11409,1972,12,10,3,0,0,0,2,0,1,0
11409,1973,10,9,0,0,0,0,1,0,2,0
11409,1974,12,11,4,1,0,0,1,0,1,0
11409,1975,15,14,4,2,0,0,1,0,4,0
11409,1976,3,3,1,0,0,0,0,0,0,0
11409,1977,9,9,2,0,0,1,0,0,0,0
11409,1978,4,4,0,0,0,0,0,0,1,0
11409,1979,3,3,1,0,0,0,0,0,1,0
11409,1980,6,5,0,0,0,0,1,0,1,0
11409,1981,3,2,0,0,0,0,0,0,0,0
11409,1983,3,3,1,0,0,0,0,0,0,0
11409,1984,4,4,1,0,0,0,0,0,0,0
11418,1986,3,1,0,0,0,0,2,0,1,0
11419,1975,4,4,0,0,0,0,0,0,1,0
11419,1976,6,5,1,0,0,0,1,0,2,0
11419,1977,3,3,0,0,0,0,0,0,2,0
11422,1982,5,4,0,0,0,0,1,0,2,0
11433,1967,1,1,1,0,0,0,0,0,0,0
11442,1986,6,5,2,0,0,0,0,0,1,0
11455,1981,2,1,0,0,0,0,0,0,0,0
11455,1982,16,15,5,1,0,0,1,0,2,0
11455,1983,14,14,4,0,0,0,0,0,1,0
11455,1985,5,4,2,0,0,0,1,0,0,0
11456,1974,12,11,2,2,0,0,1,0,3,0
11456,1975,9,8,3,0,1,2,1,0,0,0
11456,1976,2,1,0,0,0,0,1,0,0,0
11471,1987,2,1,0,0,0,0,1,0,1,0
11473,1985,2,2,0,0,0,0,0,0,1,0
11483,1968,5,5,1,0,0,0,0,0,2,0
11483,1969,10,10,2,0,0,1,0,0,2,0
11485,1982,4,4,0,0,0,0,0,0,1,0
11485,1986,3,3,1,0,0,1,0,0,1,0
11503,1974,1,1,1,0,0,0,0,0,0,0
11505,1970,16,13,6,1,0,2,3,0,2,0
11505,1972,8,7,2,1,0,0,1,0,1,0
11505,1973,7,7,0,0,0,0,0,0,1,0
11505,1974,7,5,0,0,0,0,0,2,2,0
11505,1975,4,3,1,1,0,0,0,1,0,0
11517,1987,3,3,1,0,0,0,0,0,0,0
11534,1965,1,1,0,0,0,0,0,0,1,0
11534,1967,6,5,0,0,0,0,1,0,2,0
11534,1969,6,6,0,0,0,0,0,0,0,0
11534,1970,4,4,1,0,0,0,0,0,1,0
11549,1968,8,8,2,0,0,0,0,0,1,0
11549,1969,5,4,1,0,0,0,1,0,1,0
11549,1972,7,6,0,0,0,0,1,0,1,0
11549,1973,5,5,1,0,0,0,0,0,2,0
11549,1975,4,4,1,0,0,1,0,0,0,0
11549,1976,6,6,0,0,0,0,0,0,1,0
11551,1966,3,3,0,0,0,0,0,0,1,0
11551,1967,8,7,2,0,0,0,1,0,2,0
11551,1968,6,5,2,0,0,1,1,0,1,0
11551,1972,9,9,3,0,0,0,0,0,0,0
11551,1973,14,13,3,0,0,2,1,0,0,0
11551,1974,12,9,2,0,0,0,3,0,2,0
11551,1975,10,7,2,0,0,0,3,0,1,0
11551,1976,6,6,2,0,0,0,0,0,1,0
11553,1972,3,2,1,0,0,0,1,0,0,0
11553,1973,5,5,1,0,0,0,0,0,0,0
11553,1974,1,1,0,0,0,0,0,0,0,0
11580,1986,2,2,1,1,0,0,0,0,0,0
11580,1987,3,3,1,1,0,0,0,0,0,0
11594,1979,4,4,1,0,0,0,0,0,1,0
11594,1980,7,6,3,0,0,0,0,0,1,1
11594,1981,4,4,0,0,0,0,0,0,2,0
11594,1982,7,6,0,0,0,0,1,0,1,0
11594,1983,4,4,2,1,0,0,0,0,1,0
11599,1975,10,8,3,0,0,2,2,0,1,0
11599,1976,16,15,4,1,0,0,1,0,0,0
11599,1977,6,6,0,0,0,0,0,0,0,0
11599,1978,13,13,5,0,0,1,0,0,1,0
11599,1983,4,4,1,1,0,0,0,0,1,0
11599,1984,6,6,0,0,0,0,0,0,0,0
11599,1985,9,8,2,1,0,0,1,0,1,0
11610,1983,4,4,0,0,0,0,0,0,2,0
11629,1984,6,6,1,1,0,0,0,0,2,0
11629,1985,2,2,0,0,0,0,0,0,0,0
11635,1983,3,3,1,0,0,0,0,0,2,0
11635,1985,2,2,0,0,0,0,0,0,2,0
11645,1976,2,2,1,1,0,0,0,0,0,0
11645,1979,11,10,2,0,0,0,1,0,2,0
11654,1978,2,2,0,0,0,0,0,0,2,0
11658,1972,4,4,0,0,0,0,0,0,2,0
11658,1974,2,2,0,0,0,0,0,0,1,0
11658,1975,5,4,1,0,0,0,0,0,1,1
11659,1976,12,12,4,0,0,0,0,0,4,0
11660,1972,2,2,0,0,0,0,0,0,2,0
11660,1973,13,13,4,1,0,0,0,0,3,0
11660,1974,8,8,1,1,0,0,0,0,2,0
11660,1975,12,12,4,0,1,0,0,0,1,0
11660,1976,11,10,1,0,0,0,1,0,1,0
11660,1977,15,14,3,1,0,0,1,0,5,0
11660,1978,9,9,2,1,0,0,0,0,2,0
11660,1979,9,6,1,0,0,0,2,0,1,1
11660,1980,7,7,0,0,0,0,0,0,3,0
11660,1981,11,11,2,0,0,0,0,0,3,0
11662,1966,3,3,1,0,0,0,0,0,0,0
11662,1967,7,7,2,0,0,0,0,0,1,0
11675,1977,1,1,0,0,0,0,0,0,0,0
11677,1975,3,3,0,0,0,0,0,0,0,0
11680,1986,2,2,1,0,0,0,0,0,0,0
11680,1987,2,1,0,0,0,0,1,0,0,0
11692,1985,7,6,1,1,0,0,1,0,1,0
11692,1986,4,4,0,0,0,0,0,0,3,0
11700,1975,4,4,0,0,0,0,0,0,2,0
11700,1976,1,0,0,0,0,0,1,0,0,0
11700,1977,10,9,4,1,0,0,1,0,0,0
11700,1978,6,6,2,0,0,0,0,0,1,0
11700,1979,7,7,1,0,0,0,0,0,1,0
11700,1980,6,6,1,0,0,0,0,0,2,0
11700,1982,3,2,0,0,0,0,1,0,0,0
11700,1983,13,13,4,0,0,2,0,0,4,0
11728,1971,9,9,1,1,0,0,0,0,0,0
11728,1972,9,9,2,0,0,0,0,0,2,0
11728,1977,1,1,1,1,0,0,0,0,0,0
11728,1978,5,5,0,0,0,0,0,0,0,0
11730,1976,3,3,1,0,0,0,0,0,0,0
11730,1977,15,15,5,1,0,2,0,0,2,0
11730,1978,9,9,6,1,0,1,0,0,1,0
11730,1979,7,6,1,0,0,0,1,0,2,0
11730,1980,4,4,1,0,1,0,0,0,1,0
11730,1981,3,3,3,1,0,0,0,0,0,0
11730,1982,7,7,2,0,0,0,0,0,1,0
11732,1984,5,5,0,0,0,0,0,0,1,0
11743,1986,6,6,1,0,0,1,0,0,2,0
11743,1987,7,6,2,1,1,0,1,0,1,0
11753,1970,2,2,0,0,0,0,0,0,1,0
11759,1984,3,3,2,0,0,0,0,0,0,0
11765,1984,3,3,1,0,0,0,0,0,2,0
11765,1986,3,3,1,0,0,0,0,0,0,0
11771,1984,5,5,0,0,0,0,0,0,1,0
11779,1976,1,1,0,0,0,0,0,0,1,0
11804,1965,2,2,0,0,0,0,0,0,2,0
11804,1967,3,3,0,0,0,0,0,0,1,0
11804,1968,3,2,0,0,0,0,1,0,1,0
11804,1969,3,3,0,0,0,0,0,0,3,0
11804,1970,2,2,0,0,0,0,0,0,2,0
11811,1973,3,3,2,0,0,0,0,0,1,0
11845,1971,5,5,0,0,0,0,0,0,2,0
11846,1983,4,3,0,0,0,0,1,0,2,0
11887,1986,7,5,2,1,0,0,2,0,0,0
11914,1980,5,4,1,0,0,0,0,0,2,0
11964,1987,5,5,1,0,0,1,0,0,1,0
11972,1969,1,1,0,0,0,0,0,0,1,0
11972,1970,2,1,0,0,0,0,0,0,0,0
11972,1971,5,5,0,0,0,0,0,0,5,0
11986,1980,1,1,0,0,0,0,0,0,1,0
11986,1982,4,3,0,0,0,0,1,0,1,0
11994,1975,4,4,0,0,0,0,0,0,2,0
11994,1976,16,16,4,0,0,1,0,0,5,0
11994,1977,3,2,0,0,0,0,1,0,1,0
11994,1978,2,1,1,0,0,0,1,0,0,0
11999,1981,8,8,1,0,0,0,0,0,3,0
11999,1982,14,14,5,2,0,2,0,0,3,0
11999,1983,12,10,3,1,0,0,2,0,3,0
11999,1984,19,16,5,1,0,2,2,0,1,1
11999,1985,6,5,2,1,0,0,1,0,0,0
11999,1986,7,6,1,1,0,0,1,0,1,0
12000,1981,8,8,2,0,0,1,0,0,2,0
12035,1986,6,6,2,0,0,0,0,0,1,0
12035,1987,2,1,0,0,0,0,1,0,0,0
12054,1980,1,1,0,0,0,0,0,0,1,0
12054,1981,4,3,0,0,0,0,0,0,0,0
12054,1982,1,1,0,0,0,0,0,0,1,0
12054,1984,3,3,0,0,0,0,0,0,2,0
12054,1987,1,1,0,0,0,0,0,0,0,0
12054,1988,1,1,1,1,0,0,0,0,0,0
12059,1988,3,2,1,0,0,0,1,0,0,0
12062,1985,1,1,0,0,0,0,0,0,0,0
12062,1986,1,0,0,0,0,0,1,0,0,0
12063,1986,3,3,0,0,0,0,0,0,0,0
12073,1969,4,3,1,0,0,0,1,0,2,0
12081,1968,4,4,0,0,0,0,0,0,1,0
12081,1970,5,5,1,0,0,0,0,0,1,0
12081,1971,15,14,5,0,0,0,1,0,2,0
12081,1972,10,9,1,0,0,0,1,0,1,0
12081,1973,12,12,5,0,0,1,0,0,3,0
12081,1974,10,7,4,0,0,0,3,0,0,0
12081,1975,9,9,4,1,0,1,0,0,1,0
12081,1976,10,10,1,1,0,0,0,0,2,0
12081,1977,11,10,1,0,0,0,1,0,1,0
12081,1978,7,6,3,1,0,0,1,0,0,0
12081,1979,1,1,0,0,0,0,0,0,0,0
12081,1982,6,5,1,1,0,0,1,0,1,0
12081,1983,10,10,5,1,0,1,0,0,1,0
12081,1984,6,5,0,0,0,0,1,0,0,0
12101,1974,2,2,0,0,0,0,0,0,1,0
12113,1986,8,8,4,1,0,1,0,0,0,0
12121,1970,3,3,1,0,0,0,0,0,2,0
12128,1968,4,4,0,0,0,0,0,0,0,0
12128,1969,9,8,2,0,0,0,1,0,3,0
12128,1970,13,11,3,1,0,1,2,0,1,0
12133,1980,3,3,0,0,0,0,0,0,2,0
12133,1983,2,2,0,0,0,0,0,0,1,0
12140,1983,4,4,2,0,0,0,0,0,1,0
12191,1982,1,1,0,0,0,0,0,0,1,0
12199,1966,4,4,2,1,0,0,0,0,1,0
12199,1968,5,5,0,0,0,0,0,0,2,0
12202,1986,3,3,1,0,0,0,0,0,0,0
12202,1987,7,6,2,1,0,1,1,0,1,0
12206,1980,2,2,0,0,0,0,0,0,2,0
12207,1987,1,1,1,0,0,0,0,0,0,0
12207,1988,1,1,0,0,0,0,0,0,0,0
12213,1986,3,3,1,0,0,0,0,0,0,0
12213,1987,6,5,1,1,0,0,0,1,1,0
12218,1976,1,1,0,0,0,0,0,0,0,0
12218,1978,4,3,2,1,0,0,1,0,0,0
12218,1980,4,4,2,1,0,0,0,0,1,0
12218,1981,8,7,0,0,0,0,1,0,2,0
12218,1982,6,6,1,0,0,0,0,0,3,0
12221,1986,2,2,0,0,0,0,0,0,0,0
12221,1987,6,5,0,0,0,0,1,0,2,0
12239,1979,4,4,1,0,0,0,0,0,0,0
12239,1980,1,1,0,0,0,0,0,0,0,0
12257,1982,4,4,2,0,0,0,0,0,0,0
12257,1983,9,9,3,1,0,0,0,0,2,0
12257,1984,3,2,1,0,0,0,1,0,0,0
12257,1987,4,4,1,0,0,0,0,0,1,0
12270,1979,1,1,1,0,0,0,0,0,0,0
12277,1987,2,2,0,0,0,0,0,0,0,0
12292,1982,8,8,2,0,0,0,0,0,3,0
12294,1965,4,3,1,0,0,0,1,0,1,0
12294,1967,11,11,2,0,0,0,0,0,3,0
12294,1968,10,10,4,0,0,0,0,0,3,0
12294,1969,15,15,4,0,0,0,0,0,0,0
12294,1970,11,11,4,0,0,0,0,0,1,0
12294,1971,22,21,6,1,0,1,1,0,1,0
12294,1972,12,12,1,1,0,0,0,0,1,0
12294,1973,4,4,1,0,0,0,0,0,1,0
12294,1974,12,9,2,0,0,0,3,0,4,0
12295,1971,3,1,0,0,0,0,2,0,0,0
12295,1972,1,1,0,0,0,0,0,0,1,0
12299,1977,1,1,0,0,0,0,0,0,0,0
12311,1971,10,10,2,1,0,0,0,0,1,0
12311,1972,12,10,0,0,0,0,1,0,4,1
12311,1975,10,7,2,0,0,0,2,1,1,0
12311,1976,8,8,5,0,0,2,0,0,1,0
12328,1987,1,1,0,0,0,0,0,0,1,0
12340,1965,1,1,0,0,0,0,0,0,1,0
12340,1966,3,3,1,0,0,0,0,0,0,0
12340,1967,11,11,5,0,0,1,0,0,1,0
12340,1968,15,14,4,0,0,0,1,0,1,0
12340,1969,8,6,3,0,0,0,2,0,0,0
12340,1970,14,13,1,0,0,0,1,0,3,0
12340,1971,4,4,1,0,0,0,0,0,1,0
12340,1972,3,3,0,0,0,0,0,0,1,0
12348,1979,1,1,0,0,0,0,0,0,1,0
12373,1968,3,3,1,0,0,0,0,0,1,0
12373,1969,6,6,0,0,0,0,0,0,5,0
12373,1972,2,2,0,0,0,0,0,0,2,0
12373,1973,2,2,0,0,0,0,0,0,1,0
12373,1974,4,4,0,0,0,0,0,0,2,0
12386,1981,7,7,4,0,0,0,0,0,3,0
12386,1982,15,13,5,0,0,0,2,0,2,0
12386,1983,11,11,2,0,0,0,0,0,4,0
12386,1984,11,11,2,1,0,1,0,0,2,0
12386,1985,6,6,1,0,0,0,0,0,1,0
12386,1986,3,3,2,0,0,0,0,0,1,0
12402,1986,3,3,0,0,0,0,0,0,1,0
12402,1987,7,6,1,0,0,0,1,0,1,0
12412,1965,1,1,1,0,0,0,0,0,0,0
12412,1967,14,14,5,0,0,0,0,0,1,0
12412,1969,6,6,0,0,0,0,0,0,1,0
12412,1970,10,9,4,2,0,0,1,0,2,0
12412,1971,16,15,2,0,0,0,1,0,1,0
12412,1972,1,1,0,0,0,0,0,0,1,0
12414,1973,5,5,0,0,0,0,0,0,0,0
12414,1974,15,11,3,0,0,2,3,0,0,1
12414,1975,6,4,1,0,0,0,2,0,1,0
12414,1976,10,10,4,2,1,0,0,0,4,0
12414,1977,11,9,5,1,0,0,2,0,1,0
12414,1978,4,4,1,0,0,0,0,0,0,0
12414,1979,11,9,3,1,1,0,2,0,1,0
12414,1980,7,6,2,0,0,0,1,0,3,0
12414,1987,3,1,0,0,0,0,2,0,1,0
12414,1988,1,0,0,0,0,0,1,0,0,0
12421,1984,1,1,1,0,0,0,0,0,0,0
12434,1969,3,3,0,0,0,0,0,0,1,0
12434,1970,2,1,0,0,0,0,1,0,1,0
12434,1972,2,2,0,0,0,0,0,0,0,0
12449,1980,15,14,4,1,1,0,0,0,2,1
12449,1981,1,1,0,0,0,0,0,0,0,0
12449,1982,10,10,2,0,0,0,0,0,2,0
12449,1984,15,13,5,2,0,0,1,0,1,1
12449,1985,7,5,1,0,0,0,1,0,1,0
12449,1986,3,3,1,0,0,0,0,0,1,0
12481,1981,10,10,2,1,0,0,0,0,2,0
12481,1982,15,12,6,0,0,1,3,0,1,0
12481,1983,20,18,5,2,0,0,2,0,2,0
12481,1984,9,6,3,1,0,0,3,0,1,0
12496,1971,17,17,8,1,1,0,0,0,1,0
12496,1972,12,12,3,0,0,0,0,0,3,0
12496,1973,24,15,4,0,0,0,8,0,1,0
12496,1974,12,8,1,0,0,0,3,0,4,0
12504,1967,6,6,2,0,0,0,0,0,0,0
12519,1983,1,1,0,0,0,0,0,0,1,0
12547,1967,17,12,1,0,0,0,5,0,6,0
12547,1968,15,14,7,1,1,2,1,0,1,0
12547,1969,13,8,2,1,0,0,5,0,3,0
12547,1970,8,6,1,0,0,0,2,0,1,0
12547,1971,5,4,0,0,0,0,1,0,0,0
12547,1972,7,4,1,0,0,0,3,0,1,0
12547,1973,12,7,1,0,0,1,4,1,1,0
12547,1974,3,1,0,0,0,0,2,0,1,0
12547,1975,9,5,2,0,0,0,3,0,0,1
12547,1976,11,7,3,0,0,2,4,0,1,0
12548,1983,4,2,0,0,0,0,1,1,0,0
12548,1984,11,9,3,0,1,0,2,0,1,0
12569,1973,7,6,3,1,0,1,1,0,0,0
12569,1974,3,3,0,0,0,0,0,0,2,0
12569,1975,7,6,1,0,0,0,1,0,1,0
12569,1976,4,4,2,0,0,0,0,0,0,0
12569,1977,6,5,0,0,0,0,1,0,0,0
12569,1979,3,3,0,0,0,0,0,0,1,0
12569,1981,3,2,0,0,0,0,1,0,0,0
12569,1982,3,3,1,0,0,0,0,0,1,0
12569,1983,3,3,0,0,0,0,0,0,1,0
12569,1984,9,6,2,0,0,0,3,0,1,0
12605,1969,14,13,2,0,0,0,1,0,4,0
12610,1977,4,4,0,0,0,0,0,0,2,0
12610,1978,12,12,1,0,0,1,0,0,2,0
12610,1979,10,9,3,0,0,1,1,0,3,0
12610,1980,14,12,6,0,0,0,2,0,0,0
12610,1981,3,3,2,0,0,1,0,0,1,0
12610,1982,16,15,6,0,0,0,0,0,5,0
12610,1983,11,10,4,0,0,1,1,0,4,0
12610,1984,9,8,3,0,0,1,1,0,4,0
12610,1985,9,8,1,0,0,0,1,0,3,0
12610,1986,1,1,1,0,0,0,0,0,0,0
12618,1987,3,1,0,0,0,0,2,0,0,0
12623,1986,3,3,0,0,0,0,0,0,1,0
12623,1987,8,7,1,0,0,0,1,0,1,0
12629,1976,2,2,0,0,0,0,0,0,2,0
12629,1977,1,1,0,0,0,0,0,0,0,0
12629,1978,1,1,0,0,0,0,0,0,1,0
12670,1973,18,17,4,0,1,0,1,0,1,0
12670,1974,16,11,2,0,0,0,4,0,0,1
12670,1975,17,15,3,1,0,0,2,0,4,0
12670,1976,10,10,3,1,0,1,0,0,2,0
12684,1985,3,3,0,0,0,0,0,0,2,0
