10,1998,7,6,2,1,0,0,0,0,0,0
12,1998,4,4,0,0,0,0,0,0,3,0
12,2000,1,1,0,0,0,0,0,0,0,0
15,2001,17,15,4,0,0,0,1,0,2,0
15,2002,10,10,3,1,0,0,0,0,0,0
16,2006,2,2,1,0,0,1,0,0,1,0
22,2004,5,2,0,0,0,0,2,0,0,1
22,2005,3,3,1,0,0,0,0,0,0,0
33,1997,2,1,0,0,0,0,0,0,1,0
34,2004,2,2,1,0,0,0,0,0,0,0
65,2005,3,3,0,0,0,0,0,0,0,0
85,1991,2,2,0,0,0,0,0,0,1,0
87,1999,2,2,2,0,0,0,0,0,0,0
92,1988,2,2,0,0,0,0,0,0,1,0
92,1989,1,1,1,0,0,0,0,0,0,0
102,1984,6,6,0,0,0,0,0,0,4,0
121,2001,3,3,1,0,0,0,0,0,1,0
133,1991,3,2,1,0,0,0,1,0,1,0
133,1994,4,4,0,0,0,0,0,0,1,0
133,1996,12,9,3,0,0,2,3,0,2,0
142,1995,6,6,1,0,0,0,0,0,1,0
150,1997,4,4,1,0,0,0,0,0,1,0
150,1998,4,4,0,0,0,0,0,0,1,0
150,1999,5,5,1,0,0,0,0,0,0,0
150,2000,8,7,3,0,0,1,1,0,0,0
150,2002,3,2,0,0,0,0,1,0,1,0
150,2005,6,6,2,0,0,0,0,0,2,0
152,2000,6,6,1,0,0,1,0,0,2,0
152,2002,1,1,0,0,0,0,0,0,1,0
153,1987,6,5,2,1,0,0,1,0,1,0
153,1988,2,2,0,0,0,0,0,0,2,0
153,1989,9,8,3,1,0,1,1,0,2,0
161,1999,7,7,3,0,1,0,0,0,1,0
161,2001,3,3,1,0,0,0,0,0,2,0
178,1988,1,1,0,0,0,0,0,0,0,0
184,1990,4,3,1,0,0,1,1,0,0,0
184,1991,1,1,0,0,0,0,0,0,1,0
196,1991,14,13,2,0,0,0,1,0,1,0
196,1992,7,7,1,1,0,0,0,0,2,0
196,1993,11,7,3,2,0,0,3,0,0,0
196,1995,13,12,1,0,0,0,1,0,1,0
196,1996,8,8,2,0,0,0,0,0,0,0
196,1997,11,10,3,1,0,0,1,0,2,0
196,1998,10,7,1,0,0,0,3,0,4,0
196,1999,9,6,1,0,0,0,1,1,1,0
196,2000,4,4,1,0,0,0,0,0,1,0
196,2001,6,5,1,0,0,0,0,0,2,1
196,2002,3,3,0,0,0,0,0,0,1,0
196,2003,7,6,1,0,0,0,1,0,0,0
196,2004,1,0,0,0,0,0,1,0,0,0
197,1990,3,3,1,0,0,0,0,0,1,0
197,1991,3,3,0,0,0,0,0,0,2,0
197,1992,9,8,3,0,0,0,1,0,1,0
197,1993,2,2,1,0,0,0,0,0,0,0
197,1996,6,6,2,0,0,0,0,0,2,0
197,1997,10,9,3,1,0,0,1,0,2,0
197,1998,3,3,0,0,0,0,0,0,0,0
197,1999,3,3,1,0,0,1,0,0,1,0
203,2003,3,2,0,0,0,0,1,0,1,0
203,2004,12,9,1,0,0,0,2,0,4,1
203,2005,3,3,1,0,0,0,0,0,0,0
224,1998,3,2,0,0,0,0,1,0,1,0
239,2004,2,2,1,0,0,0,0,0,1,0
247,1993,4,4,0,0,0,0,0,0,1,0
247,1994,4,4,1,0,0,0,0,0,0,0
247,1998,3,1,1,0,0,0,2,0,0,0
247,2000,3,3,1,1,0,0,0,0,2,0
257,2003,3,3,0,0,0,0,0,0,1,0
260,1989,4,3,2,2,0,0,1,0,0,0
260,1991,4,4,1,1,0,0,0,0,1,0
260,1993,11,10,4,1,0,1,1,0,2,0
260,1994,4,3,0,0,0,0,1,0,3,0
260,1995,11,8,2,0,0,0,1,2,3,0
260,1996,6,3,1,1,0,0,2,1,0,0
260,1997,11,11,2,0,0,0,0,0,4,0
260,1998,7,6,2,0,0,1,1,0,3,0
260,1999,6,5,2,0,0,0,1,0,2,0
260,2000,4,3,1,0,0,0,1,0,1,0
260,2001,7,7,0,0,0,0,0,0,3,0
275,1995,10,10,3,0,0,0,0,0,3,0
275,1996,7,7,1,0,0,0,0,0,1,0
275,1998,4,4,0,0,0,0,0,0,2,0
275,1999,2,2,1,0,0,0,0,0,0,0
275,2000,10,10,2,1,0,0,0,0,4,0
275,2001,6,6,1,0,0,0,0,0,3,0
275,2003,6,6,1,1,0,0,0,0,0,0
275,2004,3,3,1,0,0,0,0,0,1,0
275,2007,3,3,2,1,0,0,0,0,0,0
285,1989,4,4,0,0,0,0,0,0,3,0
291,2003,15,13,1,0,0,0,2,0,2,0
291,2004,8,7,0,0,0,0,0,1,2,0
312,1998,2,2,0,0,0,0,0,0,0,0
312,1999,3,2,1,0,0,1,0,0,1,1
321,1994,6,6,1,0,0,0,0,0,2,0
350,2005,2,2,0,0,0,0,0,0,1,0
355,1996,3,3,1,0,0,0,0,0,1,0
363,1988,4,4,1,0,0,1,0,0,0,0
363,1989,1,1,1,0,0,0,0,0,0,0
384,2006,2,2,0,0,0,0,0,0,1,0
421,2005,6,5,2,0,0,0,1,0,0,0
421,2007,2,2,1,0,0,1,0,0,0,0
433,2002,4,4,1,1,0,0,0,0,0,0
433,2004,3,3,1,0,0,0,0,0,0,0
433,2005,6,6,0,0,0,0,0,0,1,0
433,2006,3,3,1,0,0,0,0,0,0,0
435,1996,6,6,2,1,0,0,0,0,1,0
435,1999,7,7,0,0,0,0,0,0,2,0
435,2000,5,5,1,1,0,0,0,0,1,0
444,1999,3,3,1,0,0,0,0,0,1,0
483,1990,8,8,2,1,0,0,0,0,3,0
483,1991,7,7,0,0,0,0,0,0,2,0
483,1992,16,16,3,0,0,0,0,0,3,0
483,1993,14,14,4,0,0,1,0,0,1,0
483,1994,3,3,0,0,0,0,0,0,0,0
483,1996,11,11,1,0,0,0,0,0,1,0
483,1997,3,3,2,2,0,0,0,0,0,0
483,2002,2,2,1,0,0,0,0,0,0,0
508,1984,9,8,2,1,0,0,1,0,0,0
508,1985,3,3,1,0,0,0,0,0,1,0
508,1986,11,10,2,0,0,0,1,0,3,0
508,1987,7,7,3,0,0,1,0,0,1,0
508,1988,7,5,2,0,0,0,2,0,1,0
508,1989,8,8,1,0,0,0,0,0,1,0
508,1990,6,5,3,1,0,0,1,0,1,0
508,1991,7,5,0,0,0,0,2,0,2,0
508,1993,10,9,3,0,0,0,1,0,1,0
508,1994,4,4,3,0,0,1,0,0,1,0
508,1995,9,8,1,0,0,0,1,0,2,0
508,1996,7,6,3,1,0,0,1,0,1,0
508,1997,10,9,2,0,0,0,1,0,1,0
508,1998,10,8,4,0,0,0,2,0,1,0
508,1999,8,6,2,0,0,0,2,0,0,0
508,2000,6,4,0,0,0,0,2,0,2,0
515,1989,3,2,1,0,0,0,1,0,1,0
531,1998,6,4,1,0,0,0,2,0,2,0
531,2000,3,3,0,0,0,0,0,0,0,0
531,2004,3,3,0,0,0,0,0,0,2,0
534,1984,3,3,0,0,0,0,0,0,3,0
534,1985,10,9,1,0,0,1,1,0,5,0
534,1986,4,4,1,0,0,1,0,0,1,0
534,1987,3,3,0,0,0,0,0,0,1,0
534,1988,3,3,0,0,0,0,0,0,3,0
543,2003,7,7,0,0,0,0,0,0,6,0
558,1984,1,1,0,0,0,0,0,0,1,0
558,1985,3,3,0,0,0,0,0,0,1,0
558,1986,2,2,0,0,0,0,0,0,1,0
558,1987,5,5,0,0,0,0,0,0,3,0
583,1995,3,1,0,0,0,0,2,0,0,0
596,1985,2,1,0,0,0,0,1,0,1,0
596,1986,13,12,1,0,0,0,1,0,4,0
596,1987,10,9,3,0,0,0,1,0,1,0
596,1988,6,6,0,0,0,0,0,0,2,0
596,1989,13,11,5,1,0,0,1,0,1,1
596,1990,3,3,0,0,0,0,0,0,2,0
596,1991,7,7,0,0,0,0,0,0,5,0
596,1992,3,3,0,0,0,0,0,0,1,0
632,1991,2,2,0,0,0,0,0,0,1,0
632,1992,1,1,1,1,0,0,0,0,0,0
656,2001,3,3,1,0,0,0,0,0,0,0
656,2004,9,9,1,0,0,0,0,0,2,0
656,2005,8,8,2,0,0,0,0,0,0,0
656,2006,4,3,0,0,0,0,1,0,0,0
669,2006,2,2,1,0,0,0,0,0,1,0
669,2007,3,3,0,0,0,0,0,0,0,0
672,1996,4,4,0,0,0,0,0,0,4,0
672,1998,8,8,1,0,0,0,0,0,6,0
684,1995,3,3,1,0,0,0,0,0,1,0
690,1990,4,3,0,0,0,0,0,0,2,1
695,1986,3,3,0,0,0,0,0,0,2,0
698,2006,2,2,0,0,0,0,0,0,1,0
700,1996,4,3,1,0,0,0,1,0,0,0
700,2000,6,6,1,0,0,0,0,0,1,0
700,2001,12,11,2,1,0,0,0,1,3,0
700,2002,12,10,3,1,0,2,1,1,3,0
700,2003,11,11,3,1,0,0,0,0,2,0
700,2004,7,6,1,1,0,0,0,0,2,1
718,1994,2,2,0,0,0,0,0,0,1,0
718,1995,5,5,2,0,0,0,0,0,1,0
718,1996,3,3,0,0,0,0,0,0,1,0
718,2004,3,3,1,1,0,0,0,0,1,0
724,2007,3,2,1,0,0,0,1,0,0,0
727,2004,3,2,0,0,0,0,1,0,1,0
727,2005,10,9,2,0,0,0,1,0,3,0
727,2006,6,6,1,0,0,0,0,0,2,0
727,2007,3,3,0,0,0,0,0,0,1,0
728,1984,2,2,1,0,0,1,0,0,0,0
728,1985,5,4,0,0,0,0,1,0,3,0
736,1998,3,2,0,0,0,0,0,0,2,0
765,1995,6,4,1,0,0,0,1,1,2,0
765,1996,6,5,1,0,0,0,1,0,0,0
765,1997,8,7,0,0,0,0,1,0,6,0
765,1998,1,1,0,0,0,0,0,0,1,0
765,1999,4,3,1,0,0,0,1,0,1,0
765,2000,7,6,1,0,0,0,1,0,5,0
800,1984,4,4,1,0,0,0,0,0,0,0
805,2000,8,7,5,2,0,0,1,0,2,0
806,1998,6,5,2,0,0,0,1,0,1,0
806,1999,8,7,1,0,0,0,1,0,3,0
806,2000,3,3,0,0,0,0,0,0,0,0
806,2001,6,5,2,0,0,0,1,0,1,0
806,2002,4,4,1,0,0,0,0,0,2,0
806,2004,5,3,1,0,0,0,1,0,1,1
806,2005,3,3,0,0,0,0,0,0,0,0
806,2006,6,6,0,0,0,0,0,0,0,0
809,1984,4,4,1,0,0,0,0,0,1,0
809,1985,2,2,0,0,0,0,0,0,1,0
809,1986,14,14,2,0,0,1,0,0,5,0
809,1987,10,10,3,2,0,0,0,0,2,0
809,1988,6,5,1,1,0,0,0,0,0,1
809,1989,11,11,5,1,0,0,0,0,0,0
809,1990,7,7,1,1,0,0,0,0,3,0
809,1992,10,10,5,0,0,0,0,0,0,0
813,1988,2,2,0,0,0,0,0,0,1,0
813,1997,7,6,4,1,0,0,1,0,1,0
814,1989,4,4,0,0,0,0,0,0,2,0
814,1991,7,7,1,0,0,0,0,0,3,0
814,1992,15,13,2,1,0,0,2,0,7,0
814,1993,14,12,3,1,0,0,2,0,1,0
814,1994,3,3,1,0,0,1,0,0,1,0
814,1995,3,2,0,0,0,0,1,0,1,0
814,1996,11,9,3,0,1,0,2,0,3,0
814,1997,10,10,2,1,0,0,0,0,1,0
814,1998,6,6,0,0,0,0,0,0,3,0
814,1999,9,8,2,0,0,2,1,0,2,0
814,2000,6,6,1,1,0,0,0,0,0,0
815,1991,5,5,0,0,0,0,0,0,3,0
821,2001,1,1,0,0,0,0,0,0,1,0
832,2007,2,2,1,0,0,0,0,0,0,0
834,2000,3,2,0,0,0,0,1,0,1,0
834,2001,4,4,1,0,0,0,0,0,1,0
834,2002,6,5,1,1,0,0,1,0,0,0
834,2003,3,3,1,0,1,0,0,0,1,0
834,2005,3,2,1,0,0,0,0,0,1,0
834,2007,3,3,1,0,0,0,0,0,2,0
842,2002,4,4,1,0,0,0,0,0,2,0
850,1984,3,3,2,0,0,0,0,0,0,0
850,1985,4,4,0,0,0,0,0,0,0,0
850,1986,8,7,1,0,0,0,1,0,1,0
852,1997,4,4,0,0,0,0,0,0,2,0
852,1998,3,2,1,1,0,0,1,0,1,0
857,2006,2,2,1,0,0,0,0,0,0,0
860,1998,1,1,0,0,0,0,0,0,0,0
867,1991,4,3,1,0,0,0,1,0,1,0
877,1987,3,2,0,0,0,0,1,0,0,0
877,1988,4,3,1,0,0,0,0,0,0,1
877,1989,7,6,0,0,0,0,1,0,2,0
877,1990,3,2,0,0,0,0,1,0,0,0
877,1991,9,7,3,0,0,1,2,0,1,0
877,1992,3,3,1,0,0,0,0,0,0,0
878,2002,6,6,1,1,0,0,0,0,1,0
896,1984,5,4,1,1,0,0,0,1,2,0
896,1985,4,3,0,0,0,0,1,0,1,0
896,1986,3,2,0,0,0,0,1,0,0,0
896,1987,7,6,0,0,0,0,1,0,0,0
900,2003,3,3,1,0,0,0,0,0,1,0
900,2005,3,2,0,0,0,0,1,0,0,0
903,1994,5,4,0,0,0,0,1,0,2,0
903,1995,7,7,3,1,0,0,0,0,2,0
903,1996,9,9,1,0,0,1,0,0,5,0
903,1997,4,3,0,0,0,0,1,0,1,0
903,1998,3,3,1,0,0,0,0,0,1,0
908,1991,5,5,1,0,0,0,0,0,2,0
921,2007,2,2,1,1,0,0,0,0,0,0
935,1984,3,3,1,0,0,0,0,0,2,0
935,1985,3,3,0,0,0,0,0,0,1,0
942,1991,7,7,2,0,0,0,0,0,3,0
942,1992,10,10,5,1,0,0,0,0,3,0
942,2000,3,3,2,0,0,0,0,0,0,0
942,2001,3,3,2,2,0,0,0,0,1,0
953,2001,5,4,0,0,0,0,1,0,3,0
953,2003,9,7,2,1,0,0,2,0,2,0
999,2001,3,3,0,0,0,0,0,0,1,0
999,2003,6,6,3,0,0,0,0,0,0,0
1001,2003,6,6,2,1,0,1,0,0,3,0
1008,2006,3,3,1,0,0,0,0,0,0,0
1013,1989,7,6,0,0,0,0,1,0,3,0
1013,1990,5,4,1,0,0,0,1,0,1,0
1013,1991,3,3,0,0,0,0,0,0,1,0
1026,1997,3,3,0,0,0,0,0,0,1,0
1042,2003,3,2,0,0,0,0,1,0,1,0
1045,1992,3,3,1,1,0,0,0,0,1,0
1045,1994,3,2,0,0,0,0,1,0,1,0
1048,2001,4,3,1,1,0,0,1,0,2,0
1053,2004,3,2,0,0,0,0,0,1,1,0
1055,1984,4,3,0,0,0,0,1,0,0,0
1055,1985,4,4,2,0,0,0,0,0,2,0
1055,1986,9,7,2,0,0,0,2,0,0,0
1072,1993,7,5,1,0,0,0,2,0,0,0
1072,1994,6,4,2,0,0,0,2,0,0,0
1072,1996,8,4,0,0,0,0,4,0,1,0
1072,1997,5,4,1,1,0,0,1,0,0,0
1072,1998,4,3,1,0,0,0,1,0,1,0
1072,1999,3,3,1,0,0,0,0,0,1,0
1093,2002,4,0,0,0,0,0,3,1,0,0
1093,2004,3,2,0,0,0,0,1,0,2,0
1093,2007,1,0,0,0,0,0,1,0,0,0
1100,1986,1,1,0,0,0,0,0,0,0,0
1100,1995,6,5,0,0,0,0,1,0,2,0
1100,1996,8,7,2,0,0,0,1,0,2,0
1100,1999,2,2,1,1,0,0,0,0,1,0
1100,2000,3,3,1,1,0,0,0,0,1,0
1103,1986,6,6,2,0,0,0,0,0,0,0
1107,1984,2,2,0,0,0,0,0,0,0,0
1115,1985,3,3,1,0,0,0,0,0,0,0
1115,1987,6,6,0,0,0,0,0,0,0,0
1115,1988,2,2,0,0,0,0,0,0,0,0
1115,1990,3,3,0,0,0,0,0,0,0,0
1116,1992,7,6,2,1,0,0,0,1,1,0
1116,1999,4,3,1,0,0,0,1,0,0,0
1116,2001,7,7,1,1,0,0,0,0,2,0
1116,2002,8,7,2,0,0,0,0,1,2,0
1116,2003,6,6,1,0,0,1,0,0,3,0
1116,2004,3,3,1,1,0,0,0,0,1,0
1128,1991,2,1,0,0,0,0,0,1,1,0
1128,1993,3,2,1,0,1,0,0,0,1,1
1128,1994,6,5,0,0,0,0,1,0,0,0
1128,1995,7,6,1,0,0,0,1,0,0,0
1128,1996,8,7,1,0,0,0,1,0,1,0
1128,1997,8,7,2,1,0,0,1,0,3,0
1128,1998,3,3,1,0,0,0,0,0,1,0
1128,1999,9,7,3,3,0,0,1,0,2,1
1128,2000,7,7,2,0,0,0,0,0,3,0
1128,2001,7,7,1,0,0,0,0,0,2,0
1128,2002,11,11,3,1,0,0,0,0,4,0
1129,1989,3,3,0,0,0,0,0,0,1,0
1129,1991,7,7,3,0,0,0,0,0,1,0
1129,1992,8,7,2,0,0,1,1,0,1,0
1129,1993,8,8,3,0,0,0,0,0,0,0
1129,1994,3,3,1,0,0,0,0,0,1,0
1129,1996,3,3,0,0,0,0,0,0,1,0
1129,1998,3,2,0,0,0,0,1,0,1,0
1148,1987,8,8,1,1,0,0,0,0,1,0
1152,1985,3,3,1,0,0,0,0,0,0,0
1152,1986,4,4,1,0,0,0,0,0,0,0
1152,1987,4,3,0,0,0,0,1,0,1,0
1152,1988,3,3,1,0,0,1,0,0,2,0
1152,1989,5,5,0,0,0,0,0,0,2,0
1152,1990,1,1,0,0,0,0,0,0,0,0
1174,1997,5,5,3,0,0,0,0,0,0,0
1174,1998,6,6,0,0,0,0,0,0,0,0
1231,2001,3,3,1,1,0,0,0,0,0,0
1231,2002,4,4,0,0,0,0,0,0,1,0
1231,2003,6,5,0,0,0,0,1,0,1,0
1231,2004,3,2,0,0,0,0,1,0,1,0
1234,1985,4,4,0,0,0,0,0,0,1,0
1234,1986,8,8,1,0,0,0,0,0,6,0
1234,1987,12,12,3,1,1,0,0,0,4,0
1234,1989,3,2,0,0,0,0,1,0,2,0
1236,1986,3,3,2,0,1,0,0,0,0,0
1236,1987,12,11,1,1,0,0,0,1,2,0
1236,1988,4,4,2,0,0,0,0,0,0,0
1236,1989,3,3,0,0,0,0,0,0,0,0
1236,1990,3,3,0,0,0,0,0,0,1,0
1236,1991,7,5,2,0,0,0,2,0,0,0
1241,1995,3,2,0,0,0,0,0,1,0,0
1241,1996,7,6,1,0,0,0,0,0,0,1
1241,1997,10,9,0,0,0,0,1,0,5,0
1241,1998,3,3,0,0,0,0,0,0,0,0
1241,2004,1,1,0,0,0,0,0,0,0,0
1242,1986,4,4,2,0,0,0,0,0,1,0
1242,1988,7,7,1,0,0,0,0,0,2,0
1242,1989,3,3,1,0,0,0,0,0,1,0
1247,1997,7,6,2,1,0,0,1,0,1,0
1249,1988,8,6,2,0,0,0,2,0,1,0
1253,1999,3,3,0,0,0,0,0,0,2,0
1253,2000,3,3,0,0,0,0,0,0,2,0
1253,2001,6,5,3,1,0,2,1,0,1,0
1253,2004,6,4,0,0,0,0,2,0,3,0
1253,2005,3,2,0,0,0,0,1,0,0,0
1291,1984,3,3,1,0,0,0,0,0,1,0
1291,1985,10,9,0,0,0,0,1,0,0,0
1291,1986,4,2,1,1,0,0,2,0,1,0
1291,1987,4,4,1,0,0,0,0,0,0,0
1291,1988,12,11,4,0,0,0,1,0,1,0
1291,1989,3,3,1,0,0,0,0,0,0,0
1291,1990,13,13,6,2,0,0,0,0,1,0
1291,1991,10,7,1,1,0,0,3,0,1,0
1291,1992,3,3,2,0,0,0,0,0,0,0
1291,1993,14,12,2,1,0,0,1,0,0,1
1319,1990,4,4,0,0,0,0,0,0,0,0
1319,1991,12,11,4,1,1,0,1,0,3,0
1319,1992,11,11,3,0,0,0,0,0,3,0
1344,1987,7,6,2,0,0,0,1,0,1,0
1344,1988,15,13,2,1,0,0,2,0,3,0
1344,1989,7,7,1,0,0,0,0,0,3,0
1344,1990,6,5,1,1,0,0,0,1,0,0
1358,1992,6,6,0,0,0,0,0,0,1,0
1361,1984,3,3,2,0,0,0,0,0,0,0
1361,1987,7,5,1,0,0,0,0,0,2,0
1361,1988,10,8,3,1,0,0,2,0,3,0
1366,1994,2,2,0,0,0,0,0,0,2,0
1366,1995,3,2,0,0,0,0,1,0,0,0
1366,1996,4,4,1,0,0,0,0,0,1,0
1366,1997,6,6,0,0,0,0,0,0,2,0
1366,1998,11,9,4,1,0,0,1,1,2,0
1369,2002,4,4,0,0,0,0,0,0,2,0
1369,2003,6,6,2,0,0,1,0,0,1,0
1369,2007,2,1,0,0,0,0,1,0,0,0
1375,1987,10,7,1,0,0,0,2,0,3,0
1386,1984,4,4,3,1,0,0,0,0,1,0
1387,2001,3,3,1,0,0,0,0,0,0,0
1391,2005,3,3,1,0,0,0,0,0,2,0
1391,2007,3,3,0,0,0,0,0,0,1,0
1397,1987,13,12,3,1,0,0,1,0,2,0
1397,1988,3,2,0,0,0,0,1,0,2,0
1397,1989,11,9,3,0,0,0,1,0,1,1
1397,1990,12,12,6,0,0,0,0,0,1,0
1397,1991,8,6,1,0,0,0,1,0,2,0
1413,1985,3,2,0,0,0,0,0,1,0,0
1413,1988,3,3,0,0,0,0,0,0,3,0
1450,1989,1,0,0,0,0,0,1,0,0,0
1450,1990,2,2,0,0,0,0,0,0,2,0
1450,1994,3,3,1,0,0,0,0,0,1,0
1458,1984,6,5,2,1,0,1,1,0,1,0
1458,1985,6,5,1,0,0,0,1,0,0,0
1458,1986,15,14,4,1,0,0,1,0,0,0
1458,1987,10,9,2,0,0,1,1,0,4,0
1458,1993,3,3,0,0,0,0,0,0,1,0
1483,1988,6,5,3,0,0,0,1,0,0,0
1483,1989,3,3,0,0,0,0,0,0,0,0
1486,2005,2,2,0,0,0,0,0,0,0,0
1486,2007,3,3,0,0,0,0,0,0,1,0
1494,1986,5,5,0,0,0,0,0,0,2,0
1494,1987,4,4,1,0,0,0,0,0,1,0
1494,1988,6,5,0,0,0,0,1,0,3,0
1494,1989,12,10,3,0,0,0,1,1,2,0
1494,1990,3,2,0,0,0,0,0,0,1,0
1494,1991,7,6,2,0,0,1,0,0,0,0
1499,1993,3,3,1,0,0,0,0,0,1,0
1499,1997,9,8,1,0,0,0,1,0,2,0
1499,1999,3,3,0,0,0,0,0,0,1,0
1502,1988,6,6,0,0,0,0,0,0,4,0
1502,1991,4,4,0,0,0,0,0,0,1,0
1502,1992,6,5,1,0,0,0,1,0,1,0
1502,1993,6,5,1,0,0,0,1,0,2,0
1502,1994,6,6,1,0,0,0,0,0,1,0
1502,1995,3,3,1,0,0,1,0,0,1,0
1502,1996,11,8,2,1,0,1,3,0,3,0
1502,1997,7,6,0,0,0,0,1,0,2,0
1502,1998,3,3,0,0,0,0,0,0,1,0
1502,1999,3,2,0,0,0,0,1,0,1,0
1502,2000,3,3,2,1,0,1,0,0,1,0
1543,2001,6,6,2,0,0,1,0,0,2,0
1543,2002,4,4,0,0,0,0,0,0,3,0
1555,1987,3,3,0,0,0,0,0,0,0,0
1556,2005,4,4,0,0,0,0,0,0,2,0
1564,1996,3,3,1,1,0,0,0,0,1,0
1564,1997,7,6,1,0,0,0,1,0,2,0
1564,2002,3,3,1,0,0,0,0,0,0,0
1564,2003,3,3,1,0,0,1,0,0,1,0
1564,2004,3,3,1,0,0,0,0,0,1,0
1564,2005,8,8,4,1,0,1,0,0,1,0
1564,2006,6,5,2,0,0,0,1,0,0,0
1567,2004,3,2,0,0,0,0,0,0,0,0
1576,2005,3,1,0,0,0,0,2,0,0,0
1576,2006,4,4,2,0,0,1,0,0,2,0
1579,2004,6,6,0,0,0,0,0,0,2,0
1596,2006,2,2,0,0,0,0,0,0,0,0
1597,2000,4,3,0,0,0,0,0,1,1,0
1597,2002,3,3,0,0,0,0,0,0,0,0
1600,1984,6,6,1,1,0,0,0,0,3,0
1600,1985,6,5,2,0,0,1,1,0,0,0
1600,1986,14,14,1,0,0,0,0,0,4,0
1600,1987,8,7,1,0,0,0,1,0,1,0
1600,1988,7,7,2,0,0,0,0,0,3,0
1600,1989,3,2,0,0,0,0,1,0,1,0
1600,1991,6,5,1,1,0,0,1,0,1,0
1600,1992,11,11,3,1,0,1,0,0,1,0
1610,1984,7,7,2,0,0,0,0,0,2,0
1610,1985,4,4,1,0,0,0,0,0,0,0
1610,1986,3,2,0,0,0,0,0,1,0,0
1610,1987,16,16,7,2,0,0,0,0,1,0
1611,2002,2,2,1,0,0,0,0,0,0,0
1612,2007,3,3,0,0,0,0,0,0,0,0
1621,1993,1,1,0,0,0,0,0,0,0,0
1622,1998,3,3,0,0,0,0,0,0,0,0
1633,2004,4,4,1,0,0,0,0,0,1,0
1636,2003,6,6,2,2,0,0,0,0,1,0
1636,2006,6,6,1,0,0,1,0,0,1,0
1654,2004,3,2,0,0,0,0,1,0,2,0
1654,2005,6,5,1,0,0,0,1,0,1,0
1654,2006,3,3,0,0,0,0,0,0,1,0
1657,1998,1,1,1,1,0,0,0,0,0,0
1657,1999,3,3,1,0,0,0,0,0,0,0
1657,2001,4,4,0,0,0,0,0,0,0,0
1657,2007,3,3,0,0,0,0,0,0,1,0
1671,1998,3,3,0,0,0,0,0,0,1,0
1671,1999,2,2,1,0,0,0,0,0,0,0
1671,2003,4,4,1,0,0,0,0,0,1,0
1673,1986,3,3,0,0,0,0,0,0,3,0
1673,1987,3,3,0,0,0,0,0,0,1,0
1673,1988,3,3,1,0,0,1,0,0,1,0
1673,1989,10,10,4,0,1,0,0,0,3,0
1673,1990,7,7,2,1,0,0,0,0,2,0
1687,2004,2,2,1,0,0,0,0,0,0,0
1700,1997,4,4,0,0,0,0,0,0,3,0
1700,2000,6,6,3,0,0,0,0,0,3,0
1700,2001,7,7,1,0,0,1,0,0,5,0
1700,2002,3,3,0,0,0,0,0,0,1,0
1700,2003,3,3,1,1,0,0,0,0,2,0
1700,2004,2,2,0,0,0,0,0,0,0,0
1745,1986,12,10,3,0,0,0,2,0,0,0
1748,2000,8,8,1,0,0,0,0,0,2,0
1748,2002,3,3,0,0,0,0,0,0,2,0
1757,1986,10,10,2,0,0,2,0,0,4,0
1757,1987,7,7,2,0,0,0,0,0,1,0
1757,1988,4,4,2,0,0,0,0,0,1,0
1757,1989,7,6,1,0,0,1,1,0,2,0
1757,1990,9,6,1,0,0,0,3,0,3,0
1757,1991,7,7,0,0,0,0,0,0,6,0
1757,1992,3,2,0,0,0,0,1,0,1,0
1757,1993,6,6,1,0,0,0,0,0,2,0
1757,1994,3,3,0,0,0,0,0,0,0,0
1757,1997,7,7,1,1,0,0,0,0,3,0
1757,1999,3,3,0,0,0,0,0,0,2,0
1773,2004,3,3,1,0,0,0,0,0,1,0
1787,1984,3,3,0,0,0,0,0,0,0,0
1806,2004,3,3,0,0,0,0,0,0,2,0
1806,2005,5,5,0,0,0,0,0,0,2,0
1830,2004,3,3,3,2,0,0,0,0,0,0
1830,2005,3,2,0,0,0,0,1,0,1,0
1832,1992,3,3,0,0,0,0,0,0,0,0
1843,1984,6,6,0,0,0,0,0,0,3,0
1843,1985,3,3,0,0,0,0,0,0,0,0
1843,1986,3,3,0,0,0,0,0,0,0,0
1843,1987,15,15,5,1,0,2,0,0,5,0
1843,1988,7,6,0,0,0,0,1,0,1,0
1843,1989,12,10,1,0,0,0,1,1,3,0
1843,1991,13,12,5,1,0,1,1,0,0,0
1843,1992,11,10,3,1,0,1,1,0,4,0
1843,1993,10,8,2,1,0,1,0,2,0,0
1843,1994,4,3,1,0,0,0,0,0,1,1
1843,1995,13,12,4,1,0,0,1,0,1,0
1843,1996,4,3,0,0,0,0,1,0,0,0
1843,1998,6,6,0,0,0,0,0,0,3,0
1849,1998,7,7,1,0,0,0,0,0,1,0
1849,1999,7,5,0,0,0,0,1,0,0,0
1855,1997,3,3,1,0,0,0,0,0,2,0
1857,2004,9,8,2,0,0,0,0,0,0,1
1857,2005,9,9,2,0,0,0,0,0,1,0
1880,1986,3,3,1,0,0,1,0,0,1,0
1880,1987,8,8,3,0,0,1,0,0,2,0
1880,1988,10,10,5,0,0,1,0,0,2,0
1880,1989,3,3,0,0,0,0,0,0,0,0
1880,1990,1,1,1,0,0,0,0,0,0,0
1880,1991,1,1,0,0,0,0,0,0,0,0
1895,1987,3,3,0,0,0,0,0,0,3,0
1897,2004,3,3,0,0,0,0,0,0,1,0
1897,2006,2,2,0,0,0,0,0,0,0,0
1898,2004,3,3,2,0,0,0,0,0,1,0
1898,2005,3,3,0,0,0,0,0,0,2,0
1898,2006,4,4,1,1,0,0,0,0,2,0
1903,1999,4,2,0,0,0,0,2,0,1,0
1903,2000,4,4,1,0,0,0,0,0,0,0
1903,2001,3,3,1,0,0,0,0,0,0,0
1903,2004,3,3,1,0,0,0,0,0,1,0
1903,2005,6,4,0,0,0,0,1,0,0,0
1903,2006,3,3,1,0,0,0,0,0,0,0
1903,2007,3,3,0,0,0,0,0,0,0,0
1907,1984,1,1,0,0,0,0,0,0,1,0
1914,2004,2,2,1,0,0,1,0,0,0,0
1927,1998,12,12,4,0,0,0,0,0,4,0
1927,1999,5,5,1,0,0,0,0,0,2,0
1927,2000,6,6,1,0,0,0,0,0,4,0
1927,2001,3,3,1,0,0,0,0,0,1,0
1927,2003,3,3,1,0,0,0,0,0,1,0
1927,2005,3,2,0,0,0,0,1,0,2,0
1946,1996,3,3,1,0,0,0,0,0,1,0
1949,1994,3,2,0,0,0,0,1,0,2,0
1949,1996,4,4,1,0,0,0,0,0,1,0
1949,1997,8,8,1,0,0,0,0,0,4,0
1950,1999,5,4,2,0,0,0,1,0,1,0
1950,2001,8,5,3,1,0,0,3,0,2,0
1950,2002,2,2,1,1,0,0,0,0,0,0
1950,2003,4,3,1,0,0,0,1,0,0,0
1950,2004,10,9,3,1,0,0,1,0,3,0
1950,2005,3,3,1,0,0,0,0,0,0,0
1951,2006,7,6,1,0,0,1,0,0,3,0
1958,1987,3,2,0,0,0,0,1,0,2,0
1970,2005,2,2,0,0,0,0,0,0,0,0
2009,1999,6,6,1,1,0,0,0,0,1,0
2009,2000,3,3,2,0,0,1,0,0,1,0
2009,2001,6,6,2,0,0,0,0,0,1,0
2009,2002,3,3,0,0,0,0,0,0,0,0
2009,2003,6,4,2,0,0,0,2,0,0,0
2010,2004,4,4,1,0,0,0,0,0,0,0
2010,2005,1,1,1,0,0,0,0,0,0,0
2047,2003,1,1,0,0,0,0,0,0,0,0
2047,2004,3,3,0,0,0,0,0,0,3,0
2047,2005,3,3,1,0,0,0,0,0,1,0
2067,1998,5,4,0,0,0,0,1,0,3,0
2067,2003,2,1,0,0,0,0,1,0,0,0
2074,2005,3,2,1,0,0,0,0,1,1,0
2084,2004,3,2,1,0,1,0,0,0,1,0
2084,2005,3,3,0,0,0,0,0,0,0,0
2084,2007,2,2,0,0,0,0,0,0,0,0
2086,1994,2,2,0,0,0,0,0,0,2,0
2086,1995,2,2,0,0,0,0,0,0,1,0
2086,1996,8,8,0,0,0,0,0,0,4,0
2086,1997,3,3,1,1,0,0,0,0,1,0
2086,2002,6,6,4,1,0,0,0,0,0,0
2086,2003,3,2,1,0,0,0,1,0,0,0
2086,2006,3,3,2,1,0,0,0,0,0,0
2086,2007,3,3,0,0,0,0,0,0,1,0
2101,2004,8,5,3,1,0,0,3,0,0,0
2101,2005,2,2,1,0,0,0,0,0,1,0
2103,1987,4,4,0,0,0,0,0,0,2,0
2103,1988,3,2,1,0,0,0,1,0,0,0
2103,1989,6,5,1,0,0,0,1,0,0,0
2111,1988,15,13,4,0,0,1,2,0,3,0
2123,1996,7,7,0,0,0,0,0,0,6,0
2123,1997,7,7,4,2,0,0,0,0,2,0
2123,1998,10,8,2,0,0,1,2,0,0,0
2123,1999,7,6,1,0,0,0,1,0,5,0
2123,2000,3,3,0,0,0,0,0,0,0,0
2123,2001,6,4,2,1,0,0,1,0,1,1
2123,2005,6,5,1,0,0,0,1,0,1,0
2125,1994,3,2,2,1,0,1,1,0,0,0
2125,1995,3,3,1,0,0,0,0,0,1,0
2125,1996,3,2,1,1,0,0,1,0,0,0
2125,1997,9,7,1,1,0,0,2,0,3,0
2125,1998,3,3,1,0,0,0,0,0,0,0
2125,1999,3,2,1,0,0,1,1,0,0,0
2125,2000,3,1,1,0,0,0,1,1,0,0
2130,2005,1,1,0,0,0,0,0,0,0,0
2133,1999,7,5,1,1,0,0,1,0,1,0
2133,2000,3,3,0,0,0,0,0,0,0,0
2133,2001,2,2,0,0,0,0,0,0,0,0
2133,2002,3,2,1,1,0,0,0,0,1,1
2133,2004,3,3,1,0,0,0,0,0,1,0
2133,2005,3,3,1,0,0,0,0,0,1,0
2133,2006,5,5,1,1,0,0,0,0,1,0
2144,2004,3,2,0,0,0,0,0,0,2,0
2165,2005,3,2,0,0,0,0,1,0,0,0
2171,1990,3,3,2,0,0,0,0,0,1,0
2177,1989,1,1,0,0,0,0,0,0,1,0
2177,1990,1,1,0,0,0,0,0,0,0,0
2177,1991,4,4,1,0,0,0,0,0,0,0
2177,1992,3,3,1,0,0,0,0,0,1,0
2183,2000,3,1,0,0,0,0,2,0,1,0
2198,1997,3,3,1,1,0,0,0,0,0,0
2203,1990,4,4,0,0,0,0,0,0,3,0
2203,1991,8,8,4,1,0,0,0,0,2,0
2203,1992,8,7,1,0,0,0,1,0,2,0
2203,1994,12,11,3,0,1,0,1,0,4,0
2208,1986,11,10,4,1,0,1,1,0,1,0
2208,1989,3,3,0,0,0,0,0,0,0,0
2208,1993,8,7,1,0,0,1,0,0,2,1
2220,1994,3,2,0,0,0,0,1,0,2,0
2225,1984,6,6,2,0,0,0,0,0,1,0
2225,1985,4,4,2,0,0,0,0,0,0,0
2225,1986,11,10,2,0,0,0,1,0,2,0
2231,2004,1,1,0,0,0,0,0,0,1,0
2258,1984,3,3,1,0,0,0,0,0,2,0
2258,1985,5,5,1,0,0,0,0,0,1,0
2266,1998,3,3,0,0,0,0,0,0,1,0
2266,1999,6,5,2,1,0,0,1,0,0,0
2266,2000,3,3,0,0,0,0,0,0,0,0
2266,2001,12,10,2,0,0,1,2,0,1,0
2266,2002,9,7,1,0,0,0,2,0,3,0
2266,2003,2,2,2,1,0,1,0,0,0,0
2266,2004,3,3,0,0,0,0,0,0,1,0
2266,2005,4,3,2,0,0,0,1,0,0,0
2266,2006,2,1,0,0,0,0,0,1,1,0
2281,2002,3,3,1,0,0,0,0,0,0,0
2302,1990,2,1,0,0,0,0,0,0,1,0
2304,1997,7,7,2,1,0,0,0,0,3,0
2304,1998,6,6,0,0,0,0,0,0,3,0
2304,1999,3,3,1,0,0,0,0,0,0,0
2304,2000,9,9,2,0,0,1,0,0,2,0
2307,2005,2,2,1,0,0,0,0,0,0,0
2308,1984,6,6,2,0,1,0,0,0,1,0
2308,1985,5,4,1,0,0,0,0,0,0,1
2308,1986,8,8,0,0,0,0,0,0,2,0
2318,2004,3,3,0,0,0,0,0,0,0,0
2319,1991,5,4,1,0,1,0,0,0,1,1
2319,1994,6,5,0,0,0,0,0,0,1,1
2319,1995,3,2,0,0,0,0,0,0,1,0
2319,1996,10,8,5,0,0,0,2,0,0,0
2319,1997,12,10,1,0,0,0,2,0,2,0
2319,1998,12,9,2,0,0,0,3,0,0,0
2336,1995,5,4,1,0,0,0,0,1,1,0
2336,1996,3,3,1,0,0,0,0,0,0,0
2336,1997,4,4,1,0,0,0,0,0,2,0
2336,1998,9,8,1,0,0,0,1,0,3,0
2336,1999,5,5,2,0,0,0,0,0,2,0
2336,2000,3,3,2,0,0,0,0,0,0,0
2336,2001,6,6,1,0,0,0,0,0,1,0
2336,2002,6,6,2,0,0,0,0,0,2,0
2338,1997,10,9,3,2,0,0,0,1,3,0
2338,1998,3,3,0,0,0,0,0,0,0,0
2338,1999,6,6,2,0,0,1,0,0,0,0
2374,2006,2,2,0,0,0,0,0,0,0,0
2379,2004,1,1,0,0,0,0,0,0,1,0
2382,1987,4,3,2,1,0,0,1,0,0,0
2382,1988,3,3,0,0,0,0,0,0,0,0
2382,1989,4,4,0,0,0,0,0,0,0,0
2382,1992,4,4,1,0,0,0,0,0,0,0
2389,1998,3,3,1,0,0,0,0,0,2,0
2389,2004,12,12,1,0,0,0,0,0,6,0
2389,2005,6,6,1,0,0,0,0,0,0,0
2400,1984,2,2,2,0,0,1,0,0,0,0
2400,1985,4,2,1,1,0,0,2,0,1,0
2400,1986,1,1,0,0,0,0,0,0,0,0
2412,2000,5,4,0,0,0,0,0,1,1,0
2412,2001,13,12,3,1,0,0,1,0,4,0
2412,2002,11,10,1,0,0,0,0,1,4,0
2432,2002,3,3,1,0,0,0,0,0,0,0
2432,2003,15,14,0,0,0,0,1,0,6,0
2432,2007,3,3,0,0,0,0,0,0,0,0
2441,2002,3,3,1,0,0,1,0,0,1,0
2441,2003,2,2,2,0,0,1,0,0,0,0
2455,2003,7,7,2,0,0,0,0,0,3,0
2455,2007,4,4,0,0,0,0,0,0,1,0
2464,1991,4,4,0,0,0,0,0,0,0,0
2494,1998,11,11,2,1,0,0,0,0,1,0
2494,1999,5,5,2,1,0,0,0,0,0,0
2494,2000,9,9,4,0,1,0,0,0,0,0
2494,2003,10,9,3,0,0,0,0,0,0,1
2494,2005,6,5,1,0,0,0,1,0,1,0
2501,1988,7,7,4,0,0,0,0,0,0,0
2502,1985,3,0,0,0,0,0,3,0,0,0
2502,1986,5,3,1,0,0,0,1,0,0,1
2503,1999,3,3,1,0,0,0,0,0,1,0
2503,2001,4,4,2,1,0,1,0,0,2,0
2503,2004,5,5,0,0,0,0,0,0,4,0
2503,2005,4,4,0,0,0,0,0,0,2,0
2504,1997,3,3,0,0,0,0,0,0,1,0
2504,2000,7,7,2,1,0,0,0,0,4,0
2504,2001,16,13,4,0,1,1,3,0,3,0
2504,2002,6,5,1,0,0,0,0,0,4,1
2504,2005,2,1,0,0,0,0,1,0,0,0
2521,2003,2,2,1,0,0,0,0,0,0,0
2521,2006,3,3,1,0,0,0,0,0,0,0
2521,2007,3,3,1,0,0,0,0,0,0,0
2548,1992,10,10,2,1,0,0,0,0,3,0
2548,1993,11,10,2,0,0,0,0,0,4,0
2548,1994,10,8,3,1,0,1,2,0,2,0
2548,1995,6,6,1,0,0,0,0,0,0,0
2548,1996,4,4,1,0,0,0,0,0,3,0
2548,1997,3,3,0,0,0,0,0,0,0,0
2548,1998,9,8,0,0,0,0,1,0,5,0
2548,2000,1,0,0,0,0,0,1,0,0,0
2556,2003,5,3,1,1,0,0,2,0,1,0
2558,1991,5,5,1,0,0,0,0,0,2,0
2583,1996,11,11,2,0,0,0,0,0,2,0
2583,1997,7,6,2,0,1,0,1,0,0,0
2583,1998,4,4,0,0,0,0,0,0,3,0
2583,2000,8,8,1,0,0,0,0,0,1,0
2583,2001,8,7,1,0,0,0,1,0,2,0
2583,2002,7,5,1,1,0,0,2,0,1,0
2583,2003,13,12,3,0,0,0,0,0,0,0
2610,1993,3,3,0,0,0,0,0,0,1,0
2612,1999,6,6,0,0,0,0,0,0,3,0
2612,2000,8,8,1,0,0,0,0,0,1,0
2612,2001,3,2,0,0,0,0,1,0,1,0
2612,2002,6,6,2,1,0,0,0,0,3,0
2613,1984,3,3,2,0,0,0,0,0,0,0
2614,1989,4,3,1,0,0,0,1,0,1,0
2614,1990,7,7,2,1,0,1,0,0,0,0
2614,1992,1,0,0,0,0,0,1,0,0,0
2616,2001,3,3,0,0,0,0,0,0,0,0
2616,2003,3,3,1,0,0,0,0,0,1,0
2616,2006,4,4,1,0,0,0,0,0,0,0
2623,1986,1,1,0,0,0,0,0,0,0,0
2624,1984,2,2,1,0,0,0,0,0,1,0
2624,1985,4,4,1,1,0,0,0,0,0,0
2624,1986,3,3,1,0,0,1,0,0,1,0
2624,1987,12,10,7,3,0,1,2,0,0,0
2624,1988,8,7,0,0,0,0,1,0,0,0
2624,1989,3,3,0,0,0,0,0,0,1,0
2624,1990,4,4,2,0,0,1,0,0,1,0
2624,1991,12,8,1,0,0,0,4,0,2,0
2624,1992,3,3,0,0,0,0,0,0,0,0
2628,2002,3,3,0,0,0,0,0,0,0,0
2628,2003,2,2,1,0,0,1,0,0,1,0
2636,1988,14,14,3,1,0,1,0,0,5,0
2636,1989,12,11,2,1,0,0,1,0,2,0
2636,1990,9,9,4,1,0,0,0,0,2,0
2636,1991,7,7,2,0,0,0,0,0,4,0
2636,1992,5,4,0,0,0,0,1,0,4,0
2636,1993,10,9,2,1,0,0,1,0,3,0
2636,1994,9,8,3,0,0,1,0,1,4,0
2636,1995,12,11,5,1,0,1,1,0,2,0
2636,1996,8,5,1,0,0,0,3,0,2,0
2636,1997,6,6,0,0,0,0,0,0,2,0
2640,2004,4,4,0,0,0,0,0,0,4,0
2640,2005,2,2,0,0,0,0,0,0,0,0
2640,2006,2,2,0,0,0,0,0,0,0,0
2644,1994,3,3,1,0,0,0,0,0,2,0
2666,1984,4,4,1,0,0,1,0,0,1,0
2666,1985,4,3,2,0,0,0,1,0,1,0
2666,1986,8,8,1,0,0,0,0,0,4,0
2666,1987,7,7,3,2,0,0,0,0,2,0
2674,1997,1,1,1,0,0,0,0,0,0,0
2674,1998,9,8,2,1,0,0,1,0,1,0
2674,1999,6,6,1,0,0,0,0,0,2,0
2714,1984,3,3,2,0,0,0,0,0,0,0
2714,1985,4,4,0,0,0,0,0,0,1,0
2714,1986,8,7,0,0,0,0,1,0,2,0
2714,1987,12,12,3,1,0,1,0,0,2,0
2723,1986,8,8,1,0,0,0,0,0,6,0
2723,1988,15,15,2,2,0,0,0,0,3,0
2723,1989,3,3,1,0,0,0,0,0,0,0
2723,1990,3,3,0,0,0,0,0,0,3,0
2723,1991,10,9,2,0,0,1,1,0,4,0
2723,1992,3,3,1,1,0,0,0,0,2,0
2737,2005,3,2,1,0,0,0,1,0,0,0
2737,2007,3,3,1,0,0,0,0,0,0,0
2739,1986,2,2,0,0,0,0,0,0,0,0
2773,1995,2,2,0,0,0,0,0,0,1,0
2773,1996,4,3,3,1,0,0,1,0,0,0
2773,2000,7,5,2,0,0,0,2,0,2,0
2773,2001,15,10,3,0,0,0,5,0,5,0
2773,2002,9,6,1,0,0,1,3,0,1,0
2773,2003,3,2,1,0,0,0,1,0,0,0
2773,2005,6,6,1,0,0,0,0,0,2,0
2773,2007,3,3,0,0,0,0,0,0,3,0
2778,1997,3,3,1,0,0,0,0,0,0,0
2778,2006,2,1,0,0,0,0,1,0,0,0
2809,1986,5,5,0,0,0,0,0,0,4,0
2810,2001,2,2,0,0,0,0,0,0,0,0
2819,2006,1,1,0,0,0,0,0,0,1,0
2835,1999,3,3,1,0,0,0,0,0,0,0
2835,2000,6,5,2,1,0,0,1,0,0,0
2835,2001,6,6,1,0,0,0,0,0,5,0
2852,1989,4,4,0,0,0,0,0,0,1,0
2852,1990,6,6,0,0,0,0,0,0,2,0
2852,1991,4,4,1,0,0,0,0,0,0,0
2852,1993,10,9,3,0,0,0,1,0,4,0
2852,1994,4,3,0,0,0,0,0,0,2,1
2852,1996,6,6,1,0,0,0,0,0,1,0
2865,1994,6,4,2,0,0,0,2,0,0,0
2865,1995,3,2,1,1,0,0,0,0,0,1
2865,1997,3,3,0,0,0,0,0,0,1,0
2873,1990,6,6,3,0,0,0,0,0,3,0
2874,1999,6,5,2,0,0,0,1,0,0,0
2874,2000,3,3,1,0,1,0,0,0,1,0
2874,2001,3,3,1,1,0,0,0,0,1,0
2874,2002,3,3,0,0,0,0,0,0,0,0
2874,2003,6,6,0,0,0,0,0,0,1,0
2891,1993,4,4,0,0,0,0,0,0,0,0
2892,2006,2,2,0,0,0,0,0,0,0,0
2895,2005,2,2,0,0,0,0,0,0,1,0
2918,1998,3,3,0,0,0,0,0,0,2,0
2918,2000,2,2,0,0,0,0,0,0,0,0
2918,2001,6,6,1,0,1,0,0,0,2,0
2944,1992,13,12,2,0,0,0,0,1,1,0
2944,1993,9,9,0,0,0,0,0,0,2,0
2944,1994,8,7,2,0,0,0,0,0,1,0
2944,1995,2,1,1,1,0,0,1,0,0,0
2944,1996,7,7,1,0,0,0,0,0,2,0
2944,1998,3,3,1,1,0,0,0,0,0,0
2944,1999,2,2,1,0,0,0,0,0,0,0
2944,2000,3,3,1,0,0,0,0,0,1,0
2992,1988,3,2,0,0,0,0,1,0,1,0
3003,2005,6,6,1,0,0,0,0,0,2,0
3003,2006,2,2,0,0,0,0,0,0,0,0
3003,2007,3,3,1,1,0,0,0,0,2,0
3010,1985,3,3,2,0,0,1,0,0,0,0
3010,1986,7,5,0,0,0,0,0,1,2,1
3010,1987,12,8,2,1,0,0,3,1,0,0
3010,1988,16,15,3,1,0,2,1,0,4,0
3010,1989,13,12,3,0,0,0,1,0,2,0
3010,1990,4,4,0,0,0,0,0,0,0,0
3010,1991,8,8,4,0,0,1,0,0,0,0
3010,1992,11,11,3,1,0,0,0,0,3,0
3041,2005,2,1,0,0,0,0,0,0,0,0
3044,2003,3,2,0,0,0,0,1,0,2,0
3044,2007,6,5,1,0,0,0,1,0,1,0
3045,2006,5,5,0,0,0,0,0,0,1,0
3063,2004,1,1,0,0,0,0,0,0,0,0
3063,2005,3,3,1,1,0,0,0,0,2,0
3065,1989,1,1,0,0,0,0,0,0,0,0
3065,1992,1,1,0,0,0,0,0,0,1,0
3065,1993,4,3,1,0,0,0,1,0,1,0
3065,1997,3,3,1,0,0,0,0,0,1,0
3065,1998,10,9,2,0,0,0,0,1,2,0
3072,2006,3,3,0,0,0,0,0,0,0,0
3072,2007,2,2,0,0,0,0,0,0,0,0
3095,2006,2,1,1,0,0,0,1,0,0,0
3098,1997,3,3,1,0,0,0,0,0,2,0
3102,2004,9,5,4,1,0,0,4,0,0,0
3102,2005,9,7,2,0,0,0,2,0,1,0
3102,2006,6,4,1,0,0,0,2,0,2,0
3117,1998,4,3,1,0,0,0,1,0,1,0
3117,2000,3,3,0,0,0,0,0,0,3,0
3122,2003,6,6,0,0,0,0,0,0,4,0
3137,1996,6,6,2,0,0,0,0,0,1,0
3137,1997,6,6,1,0,0,0,0,0,3,0
3137,1998,8,6,2,1,0,0,2,0,3,0
3137,1999,6,6,3,0,0,0,0,0,2,0
3137,2000,6,6,1,0,0,1,0,0,3,0
3137,2001,3,3,0,0,0,0,0,0,0,0
3137,2002,4,4,1,0,0,0,0,0,3,0
3137,2004,3,2,1,0,0,0,1,0,0,0
3137,2005,7,7,1,1,0,0,0,0,2,0
3137,2007,1,1,0,0,0,0,0,0,1,0
3145,1986,10,9,1,0,0,0,1,0,3,0
3145,1988,1,1,0,0,0,0,0,0,1,0
3145,1990,1,1,0,0,0,0,0,0,0,0
3147,1997,3,3,0,0,0,0,0,0,0,0
3147,1998,3,3,1,0,0,0,0,0,1,0
3147,2000,6,5,1,0,0,0,1,0,1,0
3147,2001,4,4,3,1,0,1,0,0,0,0
3147,2002,3,3,1,0,0,0,0,0,1,0
3147,2007,2,2,2,2,0,0,0,0,0,0
3160,1992,6,5,3,1,0,0,1,0,0,0
3160,1993,3,3,0,0,0,0,0,0,1,0
3160,1994,10,10,0,0,0,0,0,0,3,0
3160,1995,8,8,1,0,0,0,0,0,3,0
3160,1997,6,5,1,0,0,0,1,0,3,0
3160,1998,8,8,1,0,0,0,0,0,5,0
3160,1999,7,7,1,1,0,0,0,0,1,0
3160,2000,2,1,1,0,0,1,1,0,0,0
3160,2001,3,3,1,0,0,0,0,0,0,0
3160,2002,3,3,1,1,0,0,0,0,1,0
3160,2003,3,3,1,1,0,0,0,0,0,0
3160,2005,3,3,1,0,0,0,0,0,1,0
3163,1986,3,3,2,0,0,0,0,0,0,0
3163,1987,10,10,4,2,0,0,0,0,3,0
3175,2001,4,3,1,0,0,0,1,0,0,0
3175,2003,8,8,1,0,0,0,0,0,3,0
3175,2005,14,13,1,0,0,0,1,0,0,0
3175,2006,3,3,0,0,0,0,0,0,0,0
3192,1994,7,5,0,0,0,0,2,0,3,0
3192,1995,12,11,2,0,0,1,1,0,4,0
3192,1996,8,5,1,0,0,0,3,0,3,0
3192,1998,3,3,0,0,0,0,0,0,3,0
3192,1999,3,2,2,0,0,1,1,0,0,0
3192,2003,3,3,1,0,0,1,0,0,1,0
3192,2004,12,10,2,2,0,0,1,1,3,0
3192,2005,12,11,4,0,0,0,1,0,2,0
3192,2006,3,3,1,1,0,0,0,0,1,0
3199,2005,5,5,2,1,0,0,0,0,1,0
3221,1987,4,4,1,0,1,0,0,0,1,0
3221,1989,4,4,0,0,0,0,0,0,1,0
3221,1990,13,11,3,0,0,0,1,0,1,1
3221,1991,11,11,2,0,0,0,0,0,1,0
3221,1992,3,3,0,0,0,0,0,0,0,0
3227,2005,6,6,0,0,0,0,0,0,5,0
3243,2005,7,5,3,1,0,0,0,1,0,0
3247,2003,8,7,0,0,0,0,1,0,1,0
3253,2007,3,3,0,0,0,0,0,0,0,0
3257,1996,6,4,0,0,0,0,0,0,1,0
3257,1998,3,3,1,0,0,0,0,0,1,0
3266,2005,1,1,0,0,0,0,0,0,1,0
3267,1998,3,3,1,0,0,0,0,0,1,0
3267,1999,4,4,0,0,0,0,0,0,2,0
3267,2000,9,8,2,0,0,0,1,0,1,0
3267,2001,3,3,3,2,0,0,0,0,0,0
3267,2005,6,5,0,0,0,0,1,0,1,0
3267,2006,5,5,1,0,0,0,0,0,0,0
3274,1984,3,3,1,0,0,0,0,0,0,0
3287,1988,1,0,0,0,0,0,1,0,0,0
3298,1999,3,3,1,0,0,0,0,0,0,0
3298,2000,11,10,4,0,0,0,1,0,1,0
3298,2001,7,5,2,0,0,0,2,0,0,0
3298,2003,4,3,1,1,0,0,1,0,0,0
3298,2004,3,3,2,1,0,0,0,0,0,0
3298,2007,1,1,1,0,0,0,0,0,0,0
3303,2002,3,3,0,0,0,0,0,0,1,0
3319,1989,13,12,0,0,0,0,1,0,4,0
3319,1990,2,2,0,0,0,0,0,0,0,0
3319,1991,9,9,4,0,0,0,0,0,0,0
3319,1995,3,3,1,0,0,0,0,0,0,0
3319,1996,3,3,1,1,0,0,0,0,1,0
3331,1988,7,7,2,0,0,0,0,0,2,0
3331,1989,12,11,5,1,0,0,1,0,3,0
3331,1990,1,1,1,0,0,0,0,0,0,0
3335,2002,2,2,0,0,0,0,0,0,1,0
3339,2002,2,1,1,0,0,1,0,0,0,0
3343,2004,3,3,1,0,0,0,0,0,0,0
3343,2005,3,2,1,0,0,0,1,0,0,0
3343,2006,6,6,3,1,0,0,0,0,2,0
3358,1984,4,4,0,0,0,0,0,0,0,0
3358,1986,10,9,2,0,0,1,1,0,4,0
3358,1987,10,8,2,0,0,0,2,0,1,0
3358,1988,12,11,1,0,0,0,1,0,5,0
3359,1991,4,4,2,1,1,0,0,0,1,0
3369,2000,8,8,1,0,0,0,0,0,4,0
3369,2001,6,4,1,0,0,0,2,0,0,0
3369,2002,3,3,0,0,0,0,0,0,0,0
3369,2003,6,5,1,0,0,0,1,0,3,0
3377,1994,3,3,0,0,0,0,0,0,1,0
3377,1995,11,11,2,0,0,0,0,0,3,0
3377,1996,7,7,1,0,0,0,0,0,3,0
3377,1999,3,3,0,0,0,0,0,0,1,0
3377,2001,5,5,3,0,0,0,0,0,0,0
3401,1992,1,1,0,0,0,0,0,0,1,0
3419,1998,3,3,0,0,0,0,0,0,3,0
3420,2004,1,1,1,0,0,0,0,0,0,0
3427,2000,6,5,2,0,0,0,0,1,1,0
3427,2001,4,4,1,0,0,0,0,0,0,0
3427,2002,2,2,1,0,0,0,0,0,0,0
3433,1986,4,4,1,1,0,0,0,0,1,0
3433,1987,6,6,1,1,0,0,0,0,1,0
3433,1989,4,3,0,0,0,0,1,0,2,0
3433,1990,4,4,0,0,0,0,0,0,0,0
3433,1993,3,2,1,0,0,0,1,0,0,0
3436,1989,7,7,1,0,0,0,0,0,2,0
3436,1990,9,9,2,0,0,0,0,0,2,0
3436,1992,11,11,2,0,0,0,0,0,4,0
3436,1994,5,5,1,0,0,0,0,0,2,0
3441,2002,3,3,2,0,0,0,0,0,0,0
3441,2004,3,3,0,0,0,0,0,0,1,0
3441,2005,7,7,0,0,0,0,0,0,3,0
3441,2007,1,1,0,0,0,0,0,0,0,0
3450,1989,11,9,2,0,0,0,0,1,2,0
3450,1990,9,9,1,0,0,0,0,0,2,0
3450,1991,5,5,1,0,0,0,0,0,2,0
3450,1992,7,7,0,0,0,0,0,0,1,0
3450,1993,13,12,3,1,0,0,1,0,2,0
3450,1994,4,4,0,0,0,0,0,0,1,0
3450,1995,2,2,2,0,0,0,0,0,0,0
3469,1984,3,3,0,0,0,0,0,0,0,0
3469,1985,2,2,1,0,0,0,0,0,0,0
3469,1986,16,13,5,1,0,0,2,0,1,1
3469,1987,9,8,2,0,0,0,0,1,1,0
3469,1988,7,7,1,1,0,0,0,0,1,0
3469,1989,10,9,4,0,0,0,0,0,2,1
3469,1990,10,9,3,0,0,0,1,0,2,0
3469,1993,5,4,1,0,0,0,1,0,2,0
3469,1997,4,4,0,0,0,0,0,0,1,0
3486,1998,4,4,1,0,0,1,0,0,3,0
3486,2000,3,2,0,0,0,0,1,0,1,0
3486,2001,6,6,0,0,0,0,0,0,1,0
3486,2002,6,4,2,0,0,1,2,0,1,0
3489,1990,7,6,0,0,0,0,1,0,5,0
3489,1991,13,13,1,0,0,0,0,0,5,0
3489,1992,3,2,0,0,0,0,1,0,1,0
3489,1993,2,2,0,0,0,0,0,0,1,0
3489,1994,6,6,0,0,0,0,0,0,3,0
3489,1995,6,5,0,0,0,0,1,0,1,0
3489,1996,7,7,0,0,0,0,0,0,4,0
3489,1997,6,5,1,0,0,0,1,0,1,0
3495,2006,3,3,0,0,0,0,0,0,2,0
3502,2004,3,3,2,1,1,0,0,0,0,0
3502,2007,3,3,0,0,0,0,0,0,0,0
3503,1999,2,2,1,0,0,0,0,0,0,0
3520,1989,1,1,0,0,0,0,0,0,0,0
3520,1990,7,5,2,0,0,0,1,1,1,0
3520,2004,4,4,0,0,0,0,0,0,0,0
3545,1984,5,5,2,0,0,1,0,0,0,0
3545,1985,3,3,0,0,0,0,0,0,1,0
3545,1986,9,8,1,0,0,1,1,0,1,0
3545,1987,7,5,3,0,0,3,1,1,1,0
3545,1988,3,2,0,0,0,0,1,0,2,0
3545,1989,6,6,0,0,0,0,0,0,4,0
3545,1990,7,7,2,1,0,0,0,0,1,0
3545,1991,10,10,2,1,0,0,0,0,4,0
3545,1992,3,3,0,0,0,0,0,0,2,0
3550,1992,3,3,0,0,0,0,0,0,2,0
3556,1995,6,6,1,0,0,0,0,0,2,0
3556,1996,3,3,1,0,0,0,0,0,1,0
3556,1999,3,3,2,0,0,0,0,0,1,0
3556,2000,3,3,0,0,0,0,0,0,0,0
3556,2002,3,3,1,1,0,0,0,0,1,0
3568,2000,6,6,3,0,0,0,0,0,0,0
3568,2001,14,13,1,0,0,0,1,0,1,0
3568,2002,6,6,1,0,0,0,0,0,0,0
3572,1984,7,7,0,0,0,0,0,0,1,0
3572,1985,3,1,0,0,0,0,2,0,1,0
3572,1986,4,3,0,0,0,0,1,0,1,0
3572,1987,4,3,1,0,0,0,1,0,0,0
3572,1988,1,1,0,0,0,0,0,0,0,0
3572,1989,12,10,1,0,0,0,2,0,3,0
3572,1990,8,7,2,0,0,0,1,0,1,0
3572,1991,6,4,0,0,0,0,1,0,0,0
3572,1992,9,7,1,0,0,0,1,1,1,0
3572,1995,3,1,1,0,0,0,2,0,0,0
3595,1998,3,3,0,0,0,0,0,0,0,0
3595,1999,3,3,2,0,0,0,0,0,0,0
3595,2000,4,4,2,1,0,0,0,0,2,0
3595,2001,3,3,0,0,0,0,0,0,1,0
3595,2002,3,3,1,1,0,0,0,0,0,0
3595,2003,4,4,0,0,0,0,0,0,3,0
3595,2004,3,3,0,0,0,0,0,0,2,0
3605,1984,2,1,0,0,0,0,0,0,0,0
3618,1999,2,2,0,0,0,0,0,0,1,0
3618,2000,2,2,1,0,0,1,0,0,0,0
3618,2001,3,3,2,0,0,0,0,0,0,0
3618,2003,10,9,4,2,0,0,0,0,0,0
3625,2007,3,3,0,0,0,0,0,0,1,0
3644,2004,1,1,0,0,0,0,0,0,0,0
3664,1996,12,10,3,0,0,0,2,0,2,0
3666,1993,4,4,1,0,0,0,0,0,1,0
3682,1984,9,9,2,1,0,0,0,0,2,0
3682,1985,4,4,0,0,0,0,0,0,2,0
3682,1987,15,15,3,0,0,0,0,0,1,0
3682,1988,11,9,0,0,0,0,2,0,1,0
3682,1989,14,14,5,1,1,0,0,0,1,0
3682,1990,6,6,2,2,0,0,0,0,1,0
3682,1991,7,6,3,1,0,0,1,0,1,0
3682,1992,4,4,1,1,0,0,0,0,0,0
3682,1993,6,6,1,0,0,0,0,0,0,0
3682,1994,6,6,0,0,0,0,0,0,1,0
3682,1996,7,6,1,0,0,0,1,0,1,0
3682,1997,3,3,1,0,0,0,0,0,0,0
3682,2004,1,0,0,0,0,0,1,0,0,0
3682,2005,3,3,0,0,0,0,0,0,1,0
3682,2007,3,3,0,0,0,0,0,0,1,0
3684,2006,3,3,1,0,0,0,0,0,0,0
3689,2000,2,2,1,0,0,0,0,0,0,0
3696,1988,5,5,1,1,0,0,0,0,1,0
3696,1989,3,3,0,0,0,0,0,0,0,0
3729,2001,3,3,1,0,0,0,0,0,0,0
3729,2004,7,5,3,0,0,0,1,1,1,0
3729,2005,5,5,1,0,0,0,0,0,1,0
3729,2006,6,4,0,0,0,0,2,0,1,0
3753,1987,4,4,0,0,0,0,0,0,1,0
3762,1992,2,2,1,0,0,0,0,0,0,0
3762,1994,3,2,2,0,0,0,1,0,0,0
3762,1997,6,5,3,1,0,0,1,0,1,0
3762,1999,3,2,0,0,0,0,1,0,1,0
3762,2000,5,5,2,0,0,0,0,0,1,0
3762,2001,3,3,0,0,0,0,0,0,0,0
3763,1990,4,4,2,0,0,0,0,0,0,0
3763,1991,9,9,1,0,0,1,0,0,6,0
3763,1992,3,2,0,0,0,0,1,0,2,0
3763,1993,2,2,0,0,0,0,0,0,0,0
3763,1994,6,5,1,1,0,0,1,0,1,0
3763,1995,6,6,2,0,0,1,0,0,1,0
3763,1996,11,11,1,0,0,0,0,0,7,0
3763,1997,8,8,1,0,0,1,0,0,1,0
3763,1998,6,6,3,1,0,0,0,0,0,0
3763,1999,3,3,1,0,0,0,0,0,0,0
3763,2000,3,2,1,0,0,0,1,0,1,0
3763,2002,4,4,0,0,0,0,0,0,0,0
3780,1998,4,4,3,1,0,1,0,0,0,0
3780,1999,4,3,0,0,0,0,1,0,1,0
3780,2000,7,7,1,1,0,0,0,0,1,0
3780,2001,14,13,4,1,0,0,1,0,4,0
3780,2003,3,3,1,0,0,0,0,0,1,0
3794,2000,3,2,1,0,0,0,1,0,0,0
3794,2004,4,3,0,0,0,0,1,0,0,0
3794,2005,3,3,0,0,0,0,0,0,0,0
3796,2005,3,3,0,0,0,0,0,0,0,0
3804,1984,6,6,1,1,0,0,0,0,2,0
3804,1985,6,5,0,0,0,0,1,0,0,0
3804,1986,13,11,3,1,0,1,2,0,1,0
3804,1987,11,10,4,0,0,1,1,0,0,0
3804,1988,6,6,1,0,0,1,0,0,1,0
3804,1989,3,3,0,0,0,0,0,0,0,0
3804,1990,6,6,1,0,1,0,0,0,0,0
3804,1991,4,3,1,0,0,0,0,0,0,1
3804,1992,10,8,0,0,0,0,2,0,4,0
3804,1993,3,3,1,0,0,1,0,0,0,0
3804,1994,3,3,0,0,0,0,0,0,2,0
3804,1995,3,3,1,0,0,0,0,0,0,0
3810,1986,12,10,4,0,0,1,2,0,2,0
3810,1987,4,3,0,0,0,0,1,0,3,0
3810,1988,3,3,0,0,0,0,0,0,3,0
3810,1991,6,6,0,0,0,0,0,0,3,0
3810,1992,3,3,0,0,0,0,0,0,0,0
3810,1993,9,9,0,0,0,0,0,0,2,0
3810,1994,3,3,0,0,0,0,0,0,1,0
3810,1995,3,2,0,0,0,0,1,0,1,0
3825,1989,11,10,1,0,0,0,1,0,4,0
3831,1989,4,3,0,0,0,0,0,1,2,0
3831,1990,6,5,2,0,0,0,0,0,1,0
3831,1991,6,5,1,0,0,0,1,0,1,0
3831,1992,3,2,2,0,0,0,1,0,0,0
3831,1993,6,4,1,0,0,0,2,0,1,0
3831,1994,2,2,0,0,0,0,0,0,1,0
3831,1995,3,3,0,0,0,0,0,0,1,0
3840,1985,3,3,0,0,0,0,0,0,0,0
3844,1984,6,6,0,0,0,0,0,0,0,0
3844,1985,4,4,0,0,0,0,0,0,0,0
3844,1986,6,6,0,0,0,0,0,0,2,0
3844,1988,13,12,2,0,0,0,0,0,2,0
3844,1989,3,3,1,0,0,0,0,0,1,0
3844,1991,7,6,2,0,0,0,1,0,1,0
3844,1992,3,3,2,0,0,0,0,0,0,0
3847,2005,4,3,1,0,0,0,0,0,0,0
3851,1984,1,1,0,0,0,0,0,0,1,0
3863,1984,6,6,0,0,0,0,0,0,1,0
3863,1985,3,3,2,0,0,0,0,0,0,0
3863,1986,3,3,1,0,0,0,0,0,0,0
3864,2004,2,2,0,0,0,0,0,0,2,0
3896,1997,11,11,2,1,0,0,0,0,5,0
3896,1998,4,3,0,0,0,0,0,1,1,0
3896,1999,9,8,1,0,0,0,1,0,1,0
3896,2000,7,6,0,0,0,0,1,0,4,0
3896,2002,6,5,2,0,0,0,0,0,1,1
3896,2003,14,14,3,0,0,2,0,0,0,0
3896,2005,3,3,1,0,0,0,0,0,0,0
3960,1993,4,3,1,0,0,0,1,0,1,0
3960,1994,4,4,0,0,0,0,0,0,0,0
3960,1995,7,6,3,0,0,0,1,0,1,0
3960,1996,6,6,3,2,0,0,0,0,1,0
3960,1997,9,8,3,0,0,0,0,0,1,1
3960,1998,7,5,0,0,0,0,2,0,2,0
3960,1999,3,3,0,0,0,0,0,0,0,0
3995,1989,7,6,1,0,0,0,1,0,2,0
3996,1986,1,0,0,0,0,0,1,0,0,0
3996,1988,6,5,1,0,0,0,1,0,3,0
4006,2003,6,5,2,0,0,0,1,0,2,0
4012,1995,3,3,0,0,0,0,0,0,0,0
4012,1996,10,9,3,0,0,0,1,0,4,0
4012,1997,8,7,3,1,0,0,1,0,1,0
4012,1998,10,8,0,0,0,0,2,0,2,0
4012,1999,11,7,4,0,0,0,4,0,3,0
4012,2000,4,3,1,0,0,0,1,0,1,0
4012,2001,7,6,2,0,0,0,1,0,3,0
4013,2000,3,2,0,0,0,0,1,0,0,0
4013,2001,4,4,0,0,0,0,0,0,2,0
4013,2002,4,3,0,0,0,0,1,0,1,0
4020,2001,6,6,1,0,0,1,0,0,2,0
4020,2002,12,10,5,0,0,1,2,0,1,0
4020,2003,11,11,2,0,0,0,0,0,2,0
4020,2007,3,2,0,0,0,0,1,0,0,0
4028,1984,4,3,1,0,0,0,1,0,0,0
4028,1986,8,7,0,0,0,0,1,0,5,0
4028,1987,12,8,0,0,0,0,3,0,2,1
4028,1991,10,8,3,0,2,0,2,0,1,0
4028,1993,2,2,1,0,0,1,0,0,0,0
4028,1994,6,5,1,0,0,0,1,0,2,0
4028,1995,6,5,1,0,0,0,1,0,3,0
4038,1993,3,3,1,0,0,0,0,0,2,0
4038,1995,2,1,0,0,0,0,1,0,1,0
4038,1997,10,9,0,0,0,0,0,1,2,0
4038,2001,2,2,0,0,0,0,0,0,0,0
4039,2001,3,3,1,0,0,0,0,0,0,0
4039,2002,11,11,1,0,0,0,0,0,4,0
4053,1995,3,3,1,0,0,0,0,0,0,0
4053,1997,8,8,2,0,0,0,0,0,1,0
4053,1998,6,6,1,0,0,0,0,0,2,0
4053,2004,6,5,2,0,0,0,1,0,2,0
4053,2005,3,3,2,0,0,1,0,0,0,0
4056,2004,3,3,1,0,0,0,0,0,2,0
4056,2005,3,3,1,0,0,0,0,0,1,0
4058,1997,3,2,2,1,0,0,1,0,0,0
4058,1998,4,4,1,0,0,0,0,0,1,0
4075,2004,11,11,4,0,0,1,0,0,4,0
4076,2004,2,2,1,0,0,0,0,0,0,0
4081,1996,8,7,1,0,0,0,0,0,2,0
4081,1997,7,7,2,1,0,0,0,0,3,0
4081,1998,8,6,1,0,0,0,1,0,1,0
4088,1987,4,4,2,0,0,1,0,0,1,0
4088,1988,8,8,3,0,0,0,0,0,1,0
4088,1989,3,3,0,0,0,0,0,0,0,0
4088,1990,7,7,2,0,1,0,0,0,2,0
4088,1991,3,3,0,0,0,0,0,0,2,0
4088,1992,1,1,1,0,0,0,0,0,0,0
4088,1993,3,2,1,0,0,1,1,0,0,0
4093,1998,3,3,0,0,0,0,0,0,2,0
4093,1999,3,2,1,0,0,1,1,0,1,0
4093,2000,10,8,2,0,0,0,2,0,3,0
4093,2001,6,6,1,1,0,0,0,0,2,0
4093,2003,3,3,0,0,0,0,0,0,1,0
4093,2005,6,5,1,1,0,0,1,0,1,0
4093,2007,5,5,1,0,0,0,0,0,1,0
4101,2007,3,3,1,0,0,1,0,0,0,0
4133,1995,5,5,1,1,0,0,0,0,3,0
4133,2001,4,4,2,1,0,0,0,0,1,0
4133,2002,6,6,0,0,0,0,0,0,0,0
4133,2007,6,6,3,0,0,0,0,0,0,0
4134,2007,3,3,2,0,0,0,0,0,0,0
4138,1993,7,7,1,0,0,0,0,0,5,0
4138,1994,3,2,1,0,0,0,1,0,1,0
4152,1995,9,8,2,0,0,1,1,0,2,0
4152,1996,3,2,1,0,0,0,1,0,0,0
4152,2000,6,6,0,0,0,0,0,0,1,0
4152,2001,16,15,4,0,0,2,1,0,5,0
4152,2003,3,2,0,0,0,0,0,0,0,0
4152,2004,6,4,1,0,0,0,1,0,1,0
4153,1999,4,4,1,1,0,0,0,0,1,0
4153,2000,3,3,1,1,0,0,0,0,0,0
4153,2001,3,3,2,0,0,1,0,0,1,0
4153,2004,3,3,0,0,0,0,0,0,2,0
4153,2005,3,3,0,0,0,0,0,0,1,0
4164,2006,1,1,0,0,0,0,0,0,0,0
4172,1991,6,5,1,1,0,0,1,0,2,0
4172,1992,9,4,1,0,0,0,3,1,1,1
4172,1993,6,6,2,0,0,2,0,0,0,0
4172,1994,3,2,0,0,0,0,1,0,1,0
4172,1995,3,3,1,0,0,1,0,0,0,0
4172,1996,7,7,3,2,0,0,0,0,2,0
4172,1997,10,10,3,0,0,1,0,0,1,0
4172,1999,9,8,1,0,0,1,1,0,4,0
4172,2000,3,2,1,1,0,0,1,0,0,0
4172,2001,6,6,1,0,0,0,0,0,1,0
4172,2003,3,3,0,0,0,0,0,0,3,0
4175,1998,13,12,2,1,0,1,1,0,1,0
4175,2004,3,3,2,0,0,0,0,0,0,0
4175,2005,6,6,1,0,0,0,0,0,2,0
4175,2006,6,6,0,0,0,0,0,0,0,0
4178,2004,3,3,1,0,0,0,0,0,1,0
4191,1988,2,2,0,0,0,0,0,0,1,0
4191,1989,3,3,0,0,0,0,0,0,0,0
4191,1991,5,5,1,0,0,0,0,0,2,0
4191,1992,6,6,1,0,0,0,0,0,0,0
4191,1993,6,6,1,1,0,0,0,0,1,0
4202,1995,10,9,4,1,0,0,1,0,2,0
4209,1995,4,3,1,0,0,0,1,0,1,0
4209,1996,12,11,3,0,0,0,1,0,1,0
4209,1997,7,7,1,0,0,0,0,0,3,0
4209,1998,3,2,1,1,0,0,1,0,0,0
4209,1999,6,4,0,0,0,0,2,0,1,0
4209,2002,4,2,0,0,0,0,0,0,1,0
4209,2004,1,1,1,0,0,0,0,0,0,0
4211,2007,3,3,0,0,0,0,0,0,0,0
4231,2006,2,1,0,0,0,0,1,0,1,0
4241,2005,2,2,0,0,0,0,0,0,1,0
4248,2004,1,1,0,0,0,0,0,0,1,0
4248,2005,3,3,1,0,0,0,0,0,0,0
4256,2005,3,2,0,0,0,0,1,0,1,0
4256,2006,6,5,2,1,0,0,1,0,1,0
4268,2006,3,3,0,0,0,0,0,0,0,0
4268,2007,7,7,3,1,2,0,0,0,1,0
4295,1992,9,9,2,0,1,0,0,0,3,0
4295,2001,3,3,0,0,0,0,0,0,0,0
4301,1998,2,2,0,0,0,0,0,0,2,0
4308,1990,1,1,0,0,0,0,0,0,0,0
4314,2004,6,6,0,0,0,0,0,0,1,0
4320,1994,3,3,0,0,0,0,0,0,2,0
4320,1995,3,2,1,0,0,0,1,0,0,0
4320,1996,7,5,0,0,0,0,2,0,0,0
4320,1997,14,13,1,0,0,0,1,0,5,0
4320,1998,3,3,0,0,0,0,0,0,1,0
4320,1999,6,5,2,0,0,0,1,0,0,0
4320,2000,3,3,2,1,0,1,0,0,1,0
4323,1995,11,11,3,2,0,0,0,0,4,0
4323,1996,3,2,0,0,0,0,1,0,0,0
4323,2004,3,3,0,0,0,0,0,0,1,0
4323,2005,6,6,0,0,0,0,0,0,1,0
4323,2006,6,5,1,0,0,0,1,0,2,0
4323,2007,3,3,0,0,0,0,0,0,1,0
4333,1998,4,4,0,0,0,0,0,0,3,0
4345,1985,4,2,0,0,0,0,2,0,2,0
4345,1986,4,3,0,0,0,0,1,0,1,0
4347,1998,11,10,3,1,0,0,1,0,3,0
4347,1999,9,9,4,1,0,1,0,0,3,0
4347,2000,3,2,0,0,0,0,1,0,1,0
4347,2001,18,16,3,0,0,0,2,0,9,0
4347,2002,11,8,1,1,0,0,3,0,1,0
4347,2003,12,10,4,0,0,0,2,0,1,0
4347,2004,5,5,3,1,0,1,0,0,0,0
4349,1984,1,1,0,0,0,0,0,0,0,0
4349,1985,3,3,1,1,0,0,0,0,1,0
4349,1986,7,7,3,1,0,0,0,0,1,0
4349,1987,6,5,3,1,0,0,1,0,0,0
4349,1992,3,3,2,0,0,0,0,0,1,0
4349,1993,4,4,1,0,0,0,0,0,3,0
4356,1984,3,2,2,0,0,0,1,0,0,0
4356,1985,5,4,3,0,0,0,1,0,1,0
4356,1986,3,3,0,0,0,0,0,0,0,0
4357,1989,3,3,0,0,0,0,0,0,1,0
4357,1990,3,2,0,0,0,0,1,0,0,0
4357,1991,12,10,6,3,0,0,2,0,0,0
4357,1992,14,12,5,2,0,1,2,0,2,0
4357,1993,6,3,1,0,0,0,3,0,1,0
4357,1994,6,6,5,0,0,1,0,0,1,0
4357,1996,11,10,2,0,0,1,1,0,2,0
4357,1997,12,11,4,1,0,2,1,0,1,0
4357,1998,11,11,3,1,0,1,0,0,2,0
4357,1999,6,5,1,0,0,0,1,0,1,0
4357,2004,6,5,0,0,0,0,1,0,2,0
4357,2005,9,9,1,0,0,0,0,0,3,0
4357,2006,3,3,0,0,0,0,0,0,1,0
4367,1997,11,8,0,0,0,0,2,1,2,0
4367,2004,2,1,0,0,0,0,1,0,0,0
4375,2006,3,3,1,0,0,0,0,0,2,0
4380,1984,4,4,1,0,0,0,0,0,1,0
4387,1984,1,1,0,0,0,0,0,0,0,0
4387,1986,7,6,3,2,0,0,1,0,0,0
4387,1987,3,3,0,0,0,0,0,0,1,0
4389,1987,2,2,1,0,0,0,0,0,1,0
4389,1988,6,5,0,0,0,0,1,0,1,0
4389,1989,7,7,2,0,1,0,0,0,1,0
4389,1990,11,11,1,1,0,0,0,0,2,0
4389,1991,14,14,4,1,0,1,0,0,1,0
4389,1992,6,6,1,0,0,0,0,0,2,0
4390,1997,4,3,1,0,0,0,1,0,0,0
4390,1998,4,4,2,0,0,0,0,0,0,0
4390,2003,3,3,1,0,0,0,0,0,0,0
4390,2005,12,12,3,2,0,0,0,0,3,0
4390,2007,3,3,1,1,0,0,0,0,0,0
4400,1999,2,2,0,0,0,0,0,0,0,0
4417,1997,4,4,1,0,0,0,0,0,0,0
4417,1998,4,4,1,0,0,0,0,0,1,0
4417,1999,4,3,1,0,0,0,1,0,0,0
4417,2001,4,4,0,0,0,0,0,0,1,0
4417,2004,3,1,0,0,0,0,1,0,0,1
4417,2007,3,3,2,0,0,0,0,0,0,0
4419,1999,4,3,2,1,0,0,0,0,0,0
4424,2002,6,5,3,1,0,0,1,0,0,0
4424,2003,3,3,0,0,0,0,0,0,0,0
4425,2000,6,4,0,0,0,0,1,0,0,0
4425,2001,6,6,2,0,0,0,0,0,2,0
4425,2002,6,6,2,0,0,0,0,0,1,0
4425,2003,3,3,1,0,0,0,0,0,1,0
4425,2006,3,2,1,0,0,0,1,0,0,0
4425,2007,6,6,2,0,0,0,0,0,0,0
4426,2000,3,3,1,0,0,0,0,0,1,0
4426,2004,3,3,1,0,0,1,0,0,1,0
4426,2005,3,3,2,1,0,0,0,0,1,0
4426,2007,2,2,1,0,0,0,0,0,1,0
4428,1985,3,3,1,0,0,0,0,0,0,0
4428,1986,9,8,2,0,0,0,0,0,1,0
4428,1987,7,7,1,0,0,0,0,0,2,0
4428,1988,4,4,1,0,0,0,0,0,0,0
4428,1989,9,9,3,1,0,0,0,0,1,0
4428,1990,6,6,3,0,0,0,0,0,1,0
4428,1991,10,10,1,0,0,0,0,0,1,0
4428,1994,6,6,2,0,0,0,0,0,0,0
4428,1997,9,9,1,0,0,0,0,0,1,0
4453,1986,3,3,0,0,0,0,0,0,0,0
4456,2002,4,4,1,1,0,0,0,0,0,0
4460,1999,5,5,1,0,0,0,0,0,1,0
4460,2000,11,8,1,0,0,0,3,0,2,0
4460,2001,4,4,2,0,0,0,0,0,0,0
4460,2002,4,4,1,0,0,0,0,0,0,0
4460,2003,3,3,0,0,0,0,0,0,1,0
4460,2005,2,1,0,0,0,0,1,0,1,0
4475,1992,3,3,0,0,0,0,0,0,1,0
4475,1993,2,1,0,0,0,0,1,0,0,0
4494,2003,3,3,1,0,0,0,0,0,1,0
4505,1984,4,4,1,1,0,0,0,0,0,0
4505,1986,5,5,0,0,0,0,0,0,1,0
4505,1987,3,3,0,0,0,0,0,0,0,0
4506,1999,6,5,0,0,0,0,0,1,1,0
4506,2001,12,10,3,0,0,0,2,0,1,0
4506,2002,3,3,1,0,0,0,0,0,0,0
4506,2003,3,3,1,1,0,0,0,0,0,0
4506,2005,6,5,1,0,0,0,1,0,1,0
4508,2004,3,3,0,0,0,0,0,0,3,0
4512,1994,9,7,2,0,0,0,1,1,1,0
4512,1995,6,5,4,0,0,0,1,0,0,0
4518,2004,1,1,0,0,0,0,0,0,1,0
4518,2005,5,4,1,0,0,0,1,0,0,0
4518,2006,6,6,0,0,0,0,0,0,5,0
4528,1984,5,4,0,0,0,0,1,0,2,0
4528,1986,3,3,1,1,0,0,0,0,2,0
4528,1987,15,15,3,1,0,0,0,0,3,0
4528,1988,10,10,2,0,0,0,0,0,0,0
4528,1989,14,11,3,0,0,0,3,0,1,0
4528,1990,3,3,1,0,0,0,0,0,0,0
4528,1991,15,15,2,1,0,0,0,0,2,0
4528,1992,8,8,1,0,0,0,0,0,2,0
4531,2001,12,12,4,1,0,0,0,0,2,0
4531,2002,8,7,1,0,0,0,1,0,0,0
4531,2003,6,6,1,1,0,0,0,0,1,0
4536,2005,2,2,0,0,0,0,0,0,1,0
4537,2000,1,1,1,0,0,0,0,0,0,0
4537,2001,6,6,1,0,0,0,0,0,2,0
4537,2003,6,6,1,0,0,0,0,0,2,0
4542,1994,3,2,0,0,0,0,1,0,0,0
4542,1995,3,2,0,0,0,0,0,1,1,0
4542,1996,6,6,0,0,0,0,0,0,3,0
4542,1997,3,3,2,0,0,0,0,0,1,0
4543,2006,2,2,1,0,0,0,0,0,0,0
4547,1991,8,8,2,0,0,0,0,0,0,0
4547,1992,10,9,1,0,0,0,0,0,1,1
4547,1993,3,3,0,0,0,0,0,0,0,0
4547,1995,4,4,3,2,0,0,0,0,0,0
4547,1996,7,6,0,0,0,0,1,0,3,0
4560,1995,4,3,1,0,0,0,1,0,0,0
4560,1996,3,2,1,0,0,0,1,0,0,0
4560,1997,6,6,2,0,0,0,0,0,2,0
4606,1997,2,2,0,0,0,0,0,0,1,0
4611,2004,2,2,0,0,0,0,0,0,2,0
4611,2005,2,2,0,0,0,0,0,0,1,0
4611,2006,3,2,1,0,0,0,0,0,0,0
4616,2005,2,2,1,0,0,1,0,0,0,0
4621,1991,2,2,0,0,0,0,0,0,0,0
4623,1984,7,7,1,0,0,0,0,0,1,0
4623,1985,4,4,2,0,0,0,0,0,0,0
4632,1988,3,3,1,0,0,0,0,0,0,0
4632,1990,5,5,3,1,0,0,0,0,0,0
4632,1991,3,3,2,0,0,0,0,0,0,0
4632,1992,6,6,0,0,0,0,0,0,0,0
4632,1994,6,6,1,1,0,0,0,0,0,0
4639,2007,3,3,0,0,0,0,0,0,0,0
4664,2000,7,6,0,0,0,0,1,0,2,0
4664,2003,2,2,0,0,0,0,0,0,1,0
4673,1986,7,5,0,0,0,0,2,0,3,0
4677,2002,2,2,1,0,0,0,0,0,1,0
4682,2006,6,6,2,0,0,1,0,0,2,0
4695,1987,3,2,0,0,0,0,1,0,0,0
4704,2003,3,3,3,1,0,0,0,0,0,0
4707,1997,4,3,1,1,0,0,0,1,0,0
4707,2000,6,6,2,0,0,1,0,0,1,0
4711,1984,3,2,1,0,0,0,1,0,0,0
4711,1986,5,5,1,1,0,0,0,0,0,0
4711,1987,4,4,1,0,0,0,0,0,1,0
4711,1989,8,8,1,0,0,1,0,0,3,0
4711,1990,5,5,0,0,0,0,0,0,1,0
4716,1984,7,7,3,0,0,0,0,0,1,0
4716,1985,3,2,0,0,0,0,1,0,0,0
4716,1986,3,3,0,0,0,0,0,0,0,0
4723,1997,6,6,1,1,0,0,0,0,3,0
4723,1998,3,3,0,0,0,0,0,0,2,0
4723,2002,3,2,0,0,0,0,1,0,0,0
4723,2003,6,6,1,0,0,1,0,0,1,0
4723,2006,6,6,2,0,0,0,0,0,0,0
4733,2005,3,3,1,1,0,0,0,0,1,0
4733,2007,2,2,1,0,0,0,0,0,1,0
4738,1992,6,5,1,0,0,0,0,1,2,0
4738,1996,4,4,2,0,0,0,0,0,1,0
4738,1997,3,3,0,0,0,0,0,0,1,0
4741,1992,11,10,3,2,0,0,1,0,2,0
4766,1984,4,4,0,0,0,0,0,0,0,0
4766,1985,4,4,1,0,0,0,0,0,1,0
4766,1986,3,3,0,0,0,0,0,0,2,0
4766,1988,4,4,0,0,0,0,0,0,2,0
4766,1989,3,3,0,0,0,0,0,0,1,0
4766,1990,3,3,0,0,0,0,0,0,0,0
4778,1992,3,3,0,0,0,0,0,0,1,0
4799,1995,4,3,0,0,0,0,0,0,2,0
4806,2004,5,5,0,0,0,0,0,0,0,0
4808,2002,2,1,0,0,0,0,1,0,1,0
4808,2004,3,2,1,0,0,1,1,0,0,0
4808,2005,6,6,1,0,0,0,0,0,1,0
4808,2007,2,2,0,0,0,0,0,0,0,0
4811,1993,3,3,0,0,0,0,0,0,1,0
4811,1994,2,2,0,0,0,0,0,0,2,0
4815,1984,2,2,2,0,0,0,0,0,0,0
4815,1985,4,4,1,1,0,0,0,0,1,0
4815,1986,3,3,0,0,0,0,0,0,3,0
4815,1988,4,3,1,0,0,0,0,1,0,0
4815,1989,10,9,2,0,0,0,1,0,5,0
4815,1990,10,9,1,1,0,0,1,0,5,0
4815,1991,7,7,2,1,0,1,0,0,0,0
4815,1993,3,2,0,0,0,0,1,0,1,0
4817,1986,1,1,0,0,0,0,0,0,0,0
4817,1987,3,3,1,0,0,0,0,0,0,0
4817,1988,4,4,1,0,0,0,0,0,0,0
4826,1984,5,5,3,1,0,0,0,0,0,0
4826,1985,2,2,1,0,0,0,0,0,0,0
4826,1986,3,3,0,0,0,0,0,0,1,0
4826,1987,9,8,0,0,0,0,1,0,5,0
4826,1988,9,9,3,0,0,0,0,0,4,0
4826,1989,8,6,0,0,0,0,2,0,1,0
4826,1990,11,7,1,0,0,0,4,0,2,0
4826,1991,8,8,0,0,0,0,0,0,0,0
4826,1994,4,3,0,0,0,0,1,0,0,0
4826,1995,6,4,2,1,0,0,2,0,1,0
4826,1998,7,6,0,0,0,0,1,0,4,0
4826,1999,3,3,1,0,0,0,0,0,1,0
4826,2000,4,2,0,0,0,0,2,0,0,0
4872,2006,2,2,0,0,0,0,0,0,1,0
4908,1986,2,2,1,0,0,0,0,0,1,0
4908,1987,2,2,0,0,0,0,0,0,1,0
4910,1999,3,3,1,0,0,0,0,0,0,0
4921,1999,3,3,0,0,0,0,0,0,1,0
4921,2000,3,3,1,0,0,1,0,0,0,0
4921,2001,6,4,2,0,0,0,1,0,0,0
4921,2002,3,3,1,0,0,0,0,0,1,0
4921,2007,6,5,2,0,0,0,1,0,1,0
4941,1995,2,1,0,0,0,0,1,0,0,0
4941,1996,10,10,1,0,0,0,0,0,3,0
4952,1988,4,4,2,0,0,0,0,0,1,0
4971,1996,1,1,0,0,0,0,0,0,1,0
4988,1995,6,5,0,0,0,0,0,0,2,1
4988,1996,11,10,2,1,0,1,1,0,4,0
4988,1997,8,7,3,2,0,0,1,0,1,0
4988,1998,14,12,1,1,0,0,2,0,5,0
4988,1999,7,6,4,2,0,0,1,0,1,0
4988,2000,5,5,2,1,0,1,0,0,0,0
4988,2001,6,4,2,0,0,0,2,0,0,0
4988,2002,3,2,2,0,0,0,0,1,0,0
4988,2003,6,5,0,0,0,0,1,0,1,0
4997,2007,5,5,2,0,0,0,0,0,0,0
4998,2004,4,4,1,0,0,0,0,0,0,0
4998,2005,3,3,0,0,0,0,0,0,2,0
5001,1984,1,1,0,0,0,0,0,0,0,0
5001,1985,3,3,1,0,0,0,0,0,1,0
5001,1986,2,2,0,0,0,0,0,0,0,0
5001,1987,7,7,1,1,0,0,0,0,1,0
5001,1988,3,3,0,0,0,0,0,0,0,0
5001,1990,3,3,0,0,0,0,0,0,1,0
5001,1991,1,1,0,0,0,0,0,0,0,0
5001,1992,4,4,2,0,0,0,0,0,1,0
5005,1990,3,3,0,0,0,0,0,0,3,0
5005,1991,3,2,0,0,0,0,1,0,2,0
5005,1992,8,8,3,0,0,1,0,0,1,0
5005,1993,4,4,2,0,0,0,0,0,2,0
5005,1998,3,3,0,0,0,0,0,0,1,0
5014,1984,3,3,1,0,0,0,0,0,1,0
5014,1986,2,2,1,0,0,0,0,0,0,0
5018,2001,6,6,1,0,0,0,0,0,2,0
5018,2002,5,5,3,0,0,0,0,0,2,0
5018,2003,6,6,2,0,0,0,0,0,1,0
5018,2004,3,2,0,0,0,0,0,1,0,0
5018,2005,3,2,1,0,0,0,1,0,0,0
5026,1998,7,5,1,1,0,0,1,0,2,0
5026,1999,6,6,1,0,0,1,0,0,2,0
5033,2002,9,9,2,1,0,0,0,0,4,0
5033,2003,2,2,0,0,0,0,0,0,2,0
5033,2005,3,2,0,0,0,0,1,0,0,0
5033,2007,4,3,0,0,0,0,1,0,0,0
5038,1987,7,7,2,0,0,0,0,0,4,0
5055,1997,5,5,2,0,0,0,0,0,2,0
5055,1998,3,3,0,0,0,0,0,0,1,0
5055,1999,3,3,0,0,0,0,0,0,0,0
5055,2002,3,3,0,0,0,0,0,0,3,0
5055,2004,4,3,0,0,0,0,1,0,1,0
5071,1989,1,0,0,0,0,0,0,0,0,0
5081,1991,6,6,2,0,0,0,0,0,0,0
5081,1993,14,13,3,0,0,0,0,1,6,0
5081,1994,4,4,0,0,0,0,0,0,1,0
5081,1995,9,9,2,0,0,0,0,0,2,0
5081,1996,6,4,2,1,0,0,1,1,0,0
5081,1997,3,3,0,0,0,0,0,0,3,0
5081,1998,3,1,0,0,0,0,1,0,0,0
5091,1996,8,6,2,0,0,0,1,0,2,1
5101,2004,3,3,2,0,0,1,0,0,1,0
5101,2007,3,3,1,0,0,0,0,0,2,0
5104,2002,5,4,0,0,0,0,1,0,1,0
5104,2004,6,6,2,0,0,0,0,0,2,0
5104,2005,3,3,1,1,0,0,0,0,0,0
5104,2006,1,1,1,0,0,0,0,0,0,0
5143,2006,1,1,0,0,0,0,0,0,0,0
5148,1991,7,7,0,0,0,0,0,0,4,0
5167,2005,3,2,1,1,0,0,0,0,0,0
5174,1985,2,1,0,0,0,0,1,0,1,0
5176,1999,3,1,0,0,0,0,2,0,0,0
5185,1991,3,3,0,0,0,0,0,0,1,0
5185,1993,3,2,0,0,0,0,0,0,1,0
5185,1996,6,5,0,0,0,0,0,0,2,0
5192,1996,3,3,1,0,0,0,0,0,1,0
5194,2005,3,3,1,0,0,0,0,0,1,0
5194,2006,5,3,0,0,0,0,2,0,2,0
5198,1992,8,7,4,0,0,0,1,0,1,0
5198,1993,5,5,0,0,0,0,0,0,1,0
5202,1986,8,7,0,0,0,0,0,0,1,0
5202,1987,12,10,1,0,0,0,2,0,2,0
5202,1988,14,14,5,2,0,0,0,0,4,0
5202,1989,11,11,2,2,0,0,0,0,7,0
5202,1990,3,2,0,0,0,0,1,0,1,0
5202,1991,4,4,0,0,0,0,0,0,2,0
5202,1996,4,4,1,1,0,0,0,0,0,0
5206,1984,6,6,2,1,0,0,0,0,3,0
5216,1984,6,4,1,0,0,0,1,0,1,1
5216,1985,6,6,0,0,0,0,0,0,1,0
5216,1986,13,11,3,1,0,1,1,0,0,1
5216,1987,11,9,4,1,0,0,2,0,2,0
5216,1988,7,6,3,2,0,0,1,0,0,0
5216,1989,3,2,0,0,0,0,1,0,0,0
5216,1990,6,5,1,0,0,0,1,0,0,0
5216,1991,4,3,1,0,0,1,1,0,0,0
5216,1992,12,11,2,0,0,0,1,0,1,0
5216,1994,6,6,0,0,0,0,0,0,2,0
5221,1988,3,2,0,0,0,0,0,0,2,0
5221,1989,3,3,1,0,0,0,0,0,1,0
5227,2002,3,3,2,0,0,0,0,0,0,0
5227,2003,2,2,0,0,0,0,0,0,1,0
5241,2002,3,2,2,1,1,0,1,0,0,0
5241,2003,2,2,0,0,0,0,0,0,0,0
5241,2005,3,3,0,0,0,0,0,0,2,0
5241,2006,5,5,2,2,0,0,0,0,2,0
5243,2005,2,2,0,0,0,0,0,0,1,0
5244,2000,2,2,1,0,0,1,0,0,0,0
5244,2001,17,17,6,2,0,0,0,0,2,0
5244,2002,3,3,0,0,0,0,0,0,2,0
5244,2003,15,15,2,2,0,0,0,0,3,0
5244,2007,6,6,2,0,0,1,0,0,1,0
5247,1994,3,2,1,0,0,0,0,1,0,0
5265,1986,6,6,2,0,0,0,0,0,1,0
5265,1987,4,4,0,0,0,0,0,0,2,0
5265,1990,1,1,1,0,0,0,0,0,0,0
5265,1991,7,7,2,1,0,0,0,0,1,0
5265,1993,3,3,1,0,0,0,0,0,0,0
5268,1993,6,6,0,0,0,0,0,0,2,0
5268,1994,3,3,0,0,0,0,0,0,0,0
5268,1995,6,5,0,0,0,0,1,0,2,0
5279,1997,3,3,1,0,0,0,0,0,2,0
5281,1997,8,8,2,0,0,0,0,0,4,0
5281,1998,5,5,1,0,0,0,0,0,1,0
5281,1999,11,9,3,0,0,0,2,0,0,0
5292,1999,3,3,0,0,0,0,0,0,1,0
5292,2000,9,8,0,0,0,0,1,0,4,0
5292,2001,3,3,0,0,0,0,0,0,2,0
5292,2002,4,4,0,0,0,0,0,0,3,0
5292,2003,3,2,0,0,0,0,1,0,2,0
5292,2006,2,2,0,0,0,0,0,0,1,0
5292,2007,3,3,0,0,0,0,0,0,1,0
5309,1997,3,3,1,0,0,0,0,0,0,0
5309,1998,4,4,0,0,0,0,0,0,1,0
5309,1999,2,2,0,0,0,0,0,0,0,0
5309,2000,3,2,1,0,0,0,1,0,1,0
5310,1990,6,6,1,0,0,0,0,0,3,0
5310,1991,6,5,1,0,0,0,1,0,2,0
5310,1993,3,3,0,0,0,0,0,0,1,0
5310,1996,4,3,1,1,0,0,0,0,0,1
5310,1997,7,7,0,0,0,0,0,0,0,0
5310,1999,2,0,0,0,0,0,1,0,0,0
5319,1996,3,3,0,0,0,0,0,0,1,0
5319,1999,3,1,1,0,0,0,2,0,0,0
5324,1999,2,2,0,0,0,0,0,0,2,0
5324,2002,6,6,1,1,0,0,0,0,2,0
5324,2003,3,3,1,0,0,0,0,0,0,0
5324,2007,2,2,1,0,0,0,0,0,0,0
5335,1986,3,3,0,0,0,0,0,0,3,0
5335,1988,4,4,0,0,0,0,0,0,4,0
5335,1990,2,2,0,0,0,0,0,0,2,0
5335,1991,13,13,3,1,0,2,0,0,6,0
5335,1997,2,2,0,0,0,0,0,0,2,0
5338,1989,1,1,0,0,0,0,0,0,1,0
5340,2002,6,6,1,1,0,0,0,0,2,0
5341,2003,6,5,2,1,0,0,1,0,1,0
5341,2006,2,2,1,0,0,0,0,0,1,0
5341,2007,5,4,2,0,0,0,1,0,1,0
5347,1984,7,7,3,1,0,0,0,0,0,0
5347,1985,3,2,1,0,0,0,1,0,0,0
5348,1986,5,5,0,0,0,0,0,0,2,0
5348,1987,3,3,1,0,0,1,0,0,0,0
5359,2005,2,1,0,0,0,0,0,0,1,0
5365,2007,3,3,0,0,0,0,0,0,0,0
5368,2001,8,8,2,0,0,0,0,0,1,0
5368,2004,3,3,1,1,0,0,0,0,0,0
5368,2006,3,3,1,0,0,0,0,0,0,0
5375,1987,7,7,1,1,0,0,0,0,2,0
5375,1988,11,11,0,0,0,0,0,0,7,0
5375,1989,3,3,1,0,0,1,0,0,2,0
5375,1990,3,1,0,0,0,0,2,0,0,0
5375,1994,3,2,0,0,0,0,1,0,2,0
5378,2006,4,4,0,0,0,0,0,0,1,0
5380,1993,3,3,1,0,0,0,0,0,0,0
5380,1999,1,1,0,0,0,0,0,0,1,0
5381,2005,3,3,0,0,0,0,0,0,2,0
5394,1984,3,3,1,0,0,1,0,0,2,0
5394,1985,4,4,1,1,0,0,0,0,3,0
5394,1986,12,9,3,1,0,1,3,0,3,0
5394,1987,7,7,1,0,0,0,0,0,1,0
5397,1998,3,3,1,0,0,0,0,0,0,0
5397,1999,2,2,0,0,0,0,0,0,1,0
5397,2001,3,3,0,0,0,0,0,0,1,0
5405,1984,3,3,1,0,0,0,0,0,1,0
5405,1985,4,3,1,0,0,0,1,0,2,0
5405,1986,3,3,0,0,0,0,0,0,3,0
5405,1987,6,6,1,0,0,0,0,0,4,0
5405,1988,9,9,2,1,0,0,0,0,4,0
5405,1989,9,8,1,0,0,1,1,0,5,0
5405,1990,11,10,3,0,0,0,1,0,1,0
5405,1991,6,6,1,0,0,0,0,0,0,0
5405,1992,7,6,0,0,0,0,1,0,4,0
5409,2006,3,3,3,1,0,0,0,0,0,0
5414,1994,6,5,2,0,0,1,1,0,2,0
5414,1995,6,6,1,1,0,0,0,0,2,0
5414,1996,9,8,2,1,0,0,1,0,3,0
5414,1999,3,3,0,0,0,0,0,0,0,0
5414,2001,2,2,1,1,0,0,0,0,0,0
5419,1990,8,8,4,0,1,0,0,0,1,0
5419,1991,3,3,0,0,0,0,0,0,1,0
5419,1995,3,3,1,0,0,1,0,0,1,0
5420,2006,2,2,0,0,0,0,0,0,2,0
5423,1984,6,6,2,2,0,0,0,0,0,0
5423,1989,5,5,1,0,0,0,0,0,1,0
5423,1990,11,10,2,1,1,0,1,0,0,0
5423,1992,6,6,2,0,0,0,0,0,0,0
5423,1993,7,6,4,1,0,0,1,0,0,0
5453,1989,4,2,0,0,0,0,1,1,0,0
5453,1994,8,7,1,0,0,0,1,0,2,0
5453,1995,7,5,0,0,0,0,2,0,1,0
5461,1992,3,3,0,0,0,0,0,0,0,0
5461,1999,4,3,0,0,0,0,1,0,0,0
5465,1992,4,3,0,0,0,0,0,1,2,0
5465,1993,11,11,7,3,0,0,0,0,3,0
5465,1994,7,6,1,0,0,0,1,0,2,0
5465,1997,10,9,0,0,0,0,1,0,4,0
5465,1999,7,6,1,1,0,0,1,0,2,0
5467,1989,3,2,1,0,0,1,1,0,1,0
5467,1990,1,0,0,0,0,0,0,1,0,0
5474,2004,9,9,1,0,0,0,0,0,3,0
5474,2005,5,5,0,0,0,0,0,0,2,0
5477,1990,4,3,1,0,0,0,1,0,1,0
5480,2005,4,3,0,0,0,0,1,0,1,0
5491,1996,13,12,2,1,0,0,1,0,3,0
5491,1997,7,7,0,0,0,0,0,0,2,0
5491,1998,14,13,4,2,0,0,0,1,5,0
5498,2002,3,2,0,0,0,0,1,0,0,0
5498,2004,9,8,2,0,0,0,1,0,3,0
5498,2005,3,3,1,0,0,0,0,0,1,0
5504,1984,6,6,0,0,0,0,0,0,0,0
5520,2007,2,2,0,0,0,0,0,0,1,0
5525,1997,3,2,0,0,0,0,0,0,1,0
5534,1986,6,6,0,0,0,0,0,0,1,0
5535,1999,5,4,2,0,0,0,0,1,2,0
5535,2000,3,3,2,1,0,0,0,0,1,0
5535,2001,3,2,0,0,0,0,1,0,0,0
5535,2004,3,2,1,0,0,1,1,0,0,0
5553,1984,3,2,1,0,0,1,1,0,0,0
5571,1988,4,4,1,0,0,0,0,0,0,0
5571,1990,8,8,1,0,0,0,0,0,1,0
5571,1991,13,13,2,0,0,0,0,0,3,0
5571,1992,9,9,1,0,0,0,0,0,2,0
5571,1994,6,6,0,0,0,0,0,0,1,0
5577,1999,3,2,0,0,0,0,1,0,1,0
5577,2001,2,2,0,0,0,0,0,0,0,0
5577,2002,6,6,3,1,0,0,0,0,1,0
5577,2003,6,5,0,0,0,0,0,1,1,0
5582,2004,6,5,0,0,0,0,1,0,2,0
5589,2000,3,2,0,0,0,0,1,0,0,0
5589,2001,5,4,2,1,0,0,0,1,1,0
5591,2007,6,6,3,0,0,0,0,0,2,0
5609,1997,4,4,1,0,0,0,0,0,3,0
5609,1999,3,2,1,1,0,0,0,1,1,0
5609,2000,3,3,0,0,0,0,0,0,2,0
5609,2004,3,3,2,0,0,0,0,0,0,0
5609,2005,3,3,0,0,0,0,0,0,2,0
5609,2006,3,3,1,0,0,0,0,0,1,0
5611,1986,3,3,0,0,0,0,0,0,2,0
5619,1997,4,4,2,0,0,1,0,0,0,0
5619,1999,4,2,0,0,0,0,2,0,0,0
5619,2000,3,2,1,0,0,0,1,0,1,0
5619,2004,3,2,0,0,0,0,1,0,2,0
5619,2005,3,3,2,1,0,0,0,0,1,0
5619,2006,3,3,0,0,0,0,0,0,1,0
5637,1999,7,7,2,2,0,0,0,0,0,0
5637,2000,9,7,1,1,0,0,2,0,2,0
5637,2001,3,3,0,0,0,0,0,0,2,0
5637,2002,4,3,0,0,0,0,1,0,0,0
5637,2003,3,3,2,1,0,0,0,0,0,0
5637,2006,7,5,3,1,0,2,1,1,0,0
5652,1987,4,4,2,1,0,0,0,0,0,0
5653,1984,4,4,0,0,0,0,0,0,1,0
5653,1986,12,10,2,1,0,0,2,0,3,0
5653,1987,5,5,2,1,0,0,0,0,0,0
5666,1999,4,4,2,0,0,0,0,0,1,0
5670,1999,4,4,2,1,0,0,0,0,0,0
5670,2000,3,3,1,0,0,1,0,0,1,0
5670,2005,3,3,0,0,0,0,0,0,1,0
5685,1990,10,10,4,0,0,1,0,0,4,0
5685,1993,15,13,3,0,0,0,2,0,5,0
5685,1994,3,2,1,0,0,0,1,0,0,0
5695,1986,12,11,2,1,0,0,1,0,1,0
5695,1987,8,7,3,0,1,1,1,0,1,0
5695,1988,15,15,4,2,0,0,0,0,1,0
5695,1989,13,12,4,1,1,0,1,0,1,0
5695,1990,4,4,2,1,0,0,0,0,1,0
5695,1991,4,4,1,0,0,0,0,0,0,0
5695,1992,1,1,0,0,0,0,0,0,0,0
5695,1993,13,11,3,1,0,0,2,0,1,0
5695,1994,3,3,0,0,0,0,0,0,1,0
5695,1995,4,3,1,0,0,0,1,0,0,0
5695,2000,3,3,0,0,0,0,0,0,1,0
5713,1997,10,10,3,0,0,0,0,0,5,0
5713,1998,7,6,0,0,0,0,1,0,3,0
5713,1999,3,2,0,0,0,0,1,0,1,0
5731,1999,4,4,0,0,0,0,0,0,1,0
5731,2000,6,6,1,1,0,0,0,0,2,0
5731,2001,3,2,1,0,0,0,0,1,0,0
5731,2003,3,2,0,0,0,0,1,0,0,0
5736,1992,3,3,0,0,0,0,0,0,0,0
5736,1996,3,3,0,0,0,0,0,0,2,0
5736,1997,8,8,0,0,0,0,0,0,2,0
5741,2003,1,1,0,0,0,0,0,0,1,0
5761,2004,6,5,1,0,0,0,1,0,2,0
5761,2005,6,6,0,0,0,0,0,0,4,0
5762,1984,1,1,0,0,0,0,0,0,0,0
5776,1989,9,8,2,0,0,1,1,0,3,0
5776,1990,4,4,3,0,0,0,0,0,1,0
5776,1991,15,14,2,1,0,0,0,1,5,0
5776,1992,11,10,1,1,0,0,0,0,3,0
5776,1996,6,6,3,1,0,0,0,0,0,0
5776,1997,7,6,3,1,0,0,1,0,1,0
5776,1998,3,3,1,0,0,0,0,0,0,0
5776,1999,4,4,2,0,0,0,0,0,1,0
5792,1991,7,6,0,0,0,0,1,0,2,0
5792,1992,3,3,0,0,0,0,0,0,1,0
5792,1997,2,2,1,0,0,0,0,0,1,0
5809,1984,2,1,0,0,0,0,1,0,0,0
5809,1988,4,4,0,0,0,0,0,0,0,0
5813,2007,3,3,1,0,0,0,0,0,0,0
5814,2004,10,10,2,0,0,0,0,0,3,0
5816,2000,10,10,4,0,0,0,0,0,0,0
5816,2001,5,5,1,1,0,0,0,0,1,0
5816,2003,8,8,3,1,0,0,0,0,0,0
5816,2004,2,1,1,0,0,0,1,0,0,0
5825,1987,7,7,2,0,0,0,0,0,0,0
5825,1988,5,5,3,0,0,0,0,0,1,0
5827,1992,7,7,1,0,0,0,0,0,1,0
5827,2005,6,6,2,0,0,0,0,0,0,0
5863,2002,3,3,0,0,0,0,0,0,3,0
5863,2003,3,2,0,0,0,0,1,0,1,0
5867,2004,2,2,0,0,0,0,0,0,1,0
5882,2004,1,0,0,0,0,0,0,0,0,0
5891,1984,5,4,1,0,0,1,1,0,1,0
5891,1985,4,4,2,0,0,0,0,0,0,0
5891,1986,10,10,3,0,0,2,0,0,4,0
5893,1999,4,3,1,0,0,0,0,1,1,0
5893,2003,3,3,1,0,0,1,0,0,0,0
5895,1997,6,5,0,0,0,0,1,0,1,0
5899,1987,12,11,2,1,0,0,1,0,4,0
5899,1988,4,3,1,0,0,0,1,0,1,0
5918,1993,10,8,0,0,0,0,1,1,1,0
5918,1994,3,2,0,0,0,0,1,0,0,0
5930,1984,4,4,0,0,0,0,0,0,4,0
5930,1986,4,4,0,0,0,0,0,0,1,0
5930,1988,3,3,0,0,0,0,0,0,2,0
5930,1989,4,3,0,0,0,0,1,0,3,0
5940,1997,4,4,1,1,0,0,0,0,3,0
5940,1999,3,3,0,0,0,0,0,0,0,0
5940,2004,6,5,1,0,0,0,1,0,0,0
5940,2005,3,3,1,1,0,0,0,0,0,0
5940,2007,1,1,1,0,0,0,0,0,0,0
5967,1987,7,7,1,0,0,0,0,0,3,0
5969,1991,7,6,2,1,0,0,1,0,1,0
5969,1992,13,12,4,1,0,0,1,0,2,0
5969,1994,12,10,3,2,0,0,2,0,1,0
5969,1995,6,5,3,0,1,0,1,0,0,0
5969,1996,7,7,1,0,0,0,0,0,1,0
5969,1997,6,5,2,0,0,0,0,1,1,0
5969,1998,15,13,2,0,0,0,2,0,3,0
5969,2002,6,6,2,1,0,0,0,0,1,0
5972,1992,1,1,0,0,0,0,0,0,0,0
6007,1987,4,3,0,0,0,0,1,0,3,0
6007,1989,3,1,0,0,0,0,2,0,1,0
6008,1999,3,3,1,1,0,0,0,0,0,0
6008,2000,5,5,1,1,0,0,0,0,1,0
6008,2001,3,3,2,0,0,1,0,0,1,0
6008,2002,6,5,2,2,0,0,0,0,2,1
6008,2003,3,2,2,1,0,1,1,0,0,0
6008,2007,2,2,2,1,0,0,0,0,0,0
6026,1999,6,4,1,1,0,0,2,0,2,0
6026,2000,9,8,0,0,0,0,1,0,4,0
6026,2001,3,3,0,0,0,0,0,0,1,0
6026,2003,3,2,0,0,0,0,1,0,1,0
6030,2007,3,3,0,0,0,0,0,0,1,0
6031,1998,4,3,1,0,0,0,1,0,1,0
6031,2000,4,3,0,0,0,0,1,0,0,0
6059,1989,3,3,1,0,0,0,0,0,2,0
6059,1993,2,2,0,0,0,0,0,0,2,0
6059,1995,2,0,0,0,0,0,0,2,0,0
6059,1998,3,2,1,0,0,0,1,0,0,0
6080,2006,3,3,2,1,0,0,0,0,0,0
6080,2007,3,3,0,0,0,0,0,0,1,0
6095,1988,2,2,0,0,0,0,0,0,2,0
6095,1989,3,1,0,0,0,0,1,0,1,0
6123,1987,8,7,2,1,0,0,1,0,1,0
6128,2003,3,3,1,0,0,0,0,0,1,0
6132,1986,3,3,1,0,0,0,0,0,0,0
6142,2003,3,3,1,1,0,0,0,0,1,0
6154,2000,3,3,1,1,0,0,0,0,0,0
6154,2001,3,3,1,0,0,0,0,0,0,0
6154,2002,3,3,0,0,0,0,0,0,3,0
6161,1988,3,2,0,0,0,0,1,0,0,0
6161,1993,3,3,2,0,0,0,0,0,1,0
6161,1999,6,4,2,0,0,0,2,0,0,0
6161,2001,6,6,1,0,0,1,0,0,1,0
6191,1984,5,5,1,1,0,0,0,0,1,0
6191,1985,4,2,0,0,0,0,0,1,2,0
6191,1986,9,9,3,1,0,0,0,0,2,0
6191,1987,7,7,2,1,0,0,0,0,0,0
6191,1988,3,3,1,0,0,0,0,0,0,0
6191,1989,16,13,3,2,0,0,2,1,1,0
6191,1990,13,11,0,0,0,0,1,1,0,0
6193,1997,4,4,1,1,0,0,0,0,1,0
6193,2001,3,3,0,0,0,0,0,0,1,0
6202,2004,6,6,2,0,0,0,0,0,2,0
6203,1988,6,6,1,0,0,0,0,0,1,0
6203,1990,5,4,2,1,0,0,1,0,0,0
6203,1991,3,3,0,0,0,0,0,0,1,0
6203,1992,10,8,3,0,0,0,1,1,2,0
6208,2004,3,3,0,0,0,0,0,0,2,0
6208,2006,3,3,0,0,0,0,0,0,3,0
6208,2007,3,3,1,0,0,0,0,0,1,0
6214,2004,3,2,1,0,0,0,1,0,0,0
6218,2004,3,1,1,1,0,0,1,1,0,0
6218,2005,3,3,0,0,0,0,0,0,1,0
6218,2006,3,2,0,0,0,0,1,0,0,0
6227,2001,8,7,1,0,0,0,1,0,4,0
6232,1984,3,2,1,0,0,1,1,0,1,0
6232,1987,3,3,0,0,0,0,0,0,3,0
6232,1988,3,3,0,0,0,0,0,0,0,0
6232,1989,2,2,0,0,0,0,0,0,2,0
6237,1994,6,6,3,0,0,0,0,0,0,0
6241,1984,9,9,2,0,0,0,0,0,4,0
6241,1985,3,2,0,0,0,0,1,0,0,0
6241,1986,4,3,1,1,0,0,1,0,0,0
6243,1984,7,7,2,1,0,0,0,0,1,0
6248,2004,5,3,0,0,0,0,0,0,2,0
6257,1996,4,3,0,0,0,0,1,0,1,0
6257,1997,7,7,2,0,0,0,0,0,1,0
6257,1998,12,9,0,0,0,0,3,0,2,0
6257,1999,1,1,0,0,0,0,0,0,0,0
6257,2000,9,9,1,0,0,0,0,0,0,0
6257,2001,3,3,0,0,0,0,0,0,1,0
6257,2002,2,1,1,0,0,1,1,0,0,0
6257,2003,4,3,1,1,0,0,1,0,0,0
6257,2005,4,3,1,0,0,0,1,0,1,0
6269,1986,7,6,3,0,0,0,1,0,0,0
6269,1987,1,1,0,0,0,0,0,0,1,0
6269,1989,13,9,2,0,0,0,4,0,3,0
6281,2000,3,3,1,1,0,0,0,0,1,0
6283,1998,3,2,2,0,0,0,0,0,0,0
6283,1999,1,1,1,0,0,0,0,0,0,0
6284,1998,2,1,0,0,0,0,0,0,1,1
6284,2000,3,2,0,0,0,0,1,0,2,0
6284,2001,3,3,1,1,0,0,0,0,1,0
6284,2005,3,3,1,0,0,0,0,0,1,0
6290,1999,6,6,1,0,0,0,0,0,1,0
6290,2000,5,5,1,0,0,0,0,0,2,0
6290,2001,3,2,0,0,0,0,1,0,0,0
6290,2002,3,2,0,0,0,0,1,0,0,0
6290,2003,3,2,0,0,0,0,1,0,0,0
6290,2005,5,3,1,0,0,0,2,0,0,0
6296,2000,3,3,2,1,0,0,0,0,0,0
6296,2004,12,12,5,4,0,0,0,0,2,0
6296,2005,8,5,0,0,0,0,3,0,3,0
6296,2006,6,5,0,0,0,0,1,0,4,0
6306,1986,3,3,1,0,0,0,0,0,0,0
6306,1990,7,7,2,0,0,0,0,0,2,0
6306,1991,6,5,3,1,0,0,1,0,2,0
6306,1992,6,4,2,0,0,0,1,0,1,0
6306,1993,3,2,0,0,0,0,0,0,0,0
6306,1994,3,3,0,0,0,0,0,0,2,0
6312,2003,13,10,1,0,0,0,3,0,3,0
6332,1999,3,3,0,0,0,0,0,0,2,0
6336,1992,4,3,0,0,0,0,1,0,1,0
6336,1994,3,3,1,0,0,1,0,0,0,0
6336,1995,1,1,0,0,0,0,0,0,0,0
6344,1997,3,3,1,0,0,0,0,0,1,0
6345,1984,3,3,0,0,0,0,0,0,2,0
6345,1986,10,10,5,1,0,0,0,0,2,0
6345,1987,5,3,0,0,0,0,1,1,1,0
6345,1988,11,11,4,0,1,1,0,0,3,0
6345,1989,3,2,1,0,0,0,1,0,1,0
6345,1990,7,7,0,0,0,0,0,0,2,0
6350,1997,1,1,0,0,0,0,0,0,0,0
6359,1988,8,8,0,0,0,0,0,0,4,0
6359,1989,3,3,0,0,0,0,0,0,2,0
6359,1990,4,4,0,0,0,0,0,0,1,0
6362,1993,4,4,0,0,0,0,0,0,3,0
6381,1993,2,2,1,0,0,0,0,0,0,0
6381,1995,3,1,1,0,0,0,1,0,0,1
6381,1996,9,8,0,0,0,0,1,0,2,0
6381,1997,6,6,2,0,0,0,0,0,0,0
6387,1996,1,1,0,0,0,0,0,0,1,0
6387,1998,4,4,1,0,0,0,0,0,2,0
6387,1999,6,5,1,0,0,0,0,0,0,0
6394,1992,6,6,1,0,0,0,0,0,4,0
6394,1996,7,7,1,0,0,0,0,0,2,0
6403,1990,1,1,1,0,0,0,0,0,0,0
6403,1994,4,4,2,0,0,1,0,0,1,0
6403,1996,5,5,2,1,0,0,0,0,1,0
6403,1997,3,3,0,0,0,0,0,0,2,0
6413,2004,3,3,0,0,0,0,0,0,2,0
6415,2004,5,5,0,0,0,0,0,0,2,0
6415,2005,3,2,0,0,0,0,0,0,1,1
6415,2006,2,2,1,1,0,0,0,0,0,0
6416,1999,3,3,0,0,0,0,0,0,1,0
6416,2001,3,2,1,0,0,0,1,0,0,0
6416,2002,6,6,2,0,0,1,0,0,1,0
6438,1993,12,11,2,0,0,0,0,0,1,0
6438,1994,2,2,0,0,0,0,0,0,1,0
6438,1995,5,5,1,0,0,0,0,0,0,0
6461,2006,2,1,0,0,0,0,0,0,1,0
6462,1988,5,5,3,0,0,0,0,0,1,0
6462,1989,9,9,2,0,0,0,0,0,2,0
6462,1990,3,2,1,1,0,0,0,1,0,0
6467,1992,7,7,1,0,0,0,0,0,0,0
6467,1993,4,4,0,0,0,0,0,0,1,0
6467,1995,3,3,0,0,0,0,0,0,2,0
6467,1996,10,10,1,1,0,0,0,0,4,0
6469,1986,4,4,0,0,0,0,0,0,0,0
6478,2002,1,0,0,0,0,0,1,0,0,0
6485,1992,3,3,1,0,0,0,0,0,0,0
6485,1993,2,2,2,0,0,1,0,0,0,0
6485,1998,1,1,0,0,0,0,0,0,0,0
6503,1995,4,4,0,0,0,0,0,0,0,0
6503,1996,11,9,5,2,0,0,2,0,1,0
6503,1997,4,4,0,0,0,0,0,0,1,0
6510,2004,3,3,2,1,0,1,0,0,1,0
6510,2005,5,5,2,0,0,0,0,0,2,0
6510,2007,3,3,0,0,0,0,0,0,0,0
6516,1992,10,9,2,1,0,0,1,0,2,0
6516,1993,8,8,1,0,0,0,0,0,3,0
6516,1994,4,3,2,1,0,0,1,0,0,0
6516,1995,3,2,0,0,0,0,1,0,1,0
6516,1996,8,8,2,0,0,0,0,0,5,0
6516,1997,4,4,1,0,0,0,0,0,1,0
6516,1998,8,8,1,0,0,0,0,0,2,0
6516,1999,12,8,2,0,0,0,3,1,4,0
6516,2000,4,3,0,0,0,0,1,0,0,0
6516,2001,4,2,1,0,0,0,2,0,0,0
6516,2002,4,3,1,0,1,0,1,0,0,0
6516,2005,4,4,1,0,0,0,0,0,1,0
6532,2002,4,4,0,0,0,0,0,0,1,0
6534,1986,11,10,0,0,0,0,1,0,6,0
6534,1987,11,9,0,0,0,0,2,0,2,0
6534,1988,2,2,0,0,0,0,0,0,0,0
6549,2000,4,3,0,0,0,0,1,0,0,0
6549,2001,6,5,0,0,0,0,0,0,0,1
6549,2002,3,2,1,0,0,0,1,0,1,0
6549,2003,6,6,0,0,0,0,0,0,2,0
6549,2004,6,5,2,0,0,0,1,0,1,0
6549,2005,3,3,2,1,0,0,0,0,0,0
6565,2001,3,2,0,0,0,0,1,0,1,0
6565,2002,6,5,2,1,0,0,1,0,2,0
6565,2004,3,3,0,0,0,0,0,0,2,0
6565,2005,7,7,2,0,0,0,0,0,1,0
6568,1997,4,3,1,0,0,0,0,1,1,0
6568,1999,3,3,1,0,0,0,0,0,0,0
6568,2000,1,1,1,1,0,0,0,0,0,0
6570,2007,2,1,1,0,0,0,0,1,0,0
6576,1991,3,2,0,0,0,0,0,1,2,0
6577,1998,4,4,0,0,0,0,0,0,1,0
6578,2001,5,5,1,0,0,0,0,0,2,0
6586,2007,2,2,0,0,0,0,0,0,2,0
6594,1995,3,3,2,0,0,0,0,0,0,0
6594,1996,3,3,2,0,0,0,0,0,0,0
6594,1997,3,2,0,0,0,0,1,0,1,0
6594,2004,6,5,0,0,0,0,1,0,1,0
6594,2005,3,2,0,0,0,0,1,0,0,0
6609,1993,9,9,1,0,0,1,0,0,4,0
6609,1994,3,3,1,1,0,0,0,0,1,0
6616,2000,3,3,0,0,0,0,0,0,1,0
6616,2001,3,3,1,0,0,0,0,0,2,0
6616,2004,3,3,1,0,0,0,0,0,1,0
6616,2005,3,2,0,0,0,0,1,0,0,0
6616,2007,6,6,2,0,0,0,0,0,1,0
6622,1986,3,2,0,0,0,0,1,0,0,0
6648,2003,9,9,1,1,0,0,0,0,4,0
6648,2007,5,4,0,0,0,0,1,0,0,0
6659,2000,2,2,0,0,0,0,0,0,0,0
6659,2001,3,3,2,0,0,0,0,0,0,0
6660,2006,3,2,1,0,0,0,1,0,0,0
6667,1987,3,2,1,0,0,0,1,0,1,0
6673,1984,5,5,2,0,0,0,0,0,2,0
6681,1984,3,1,1,1,0,0,1,1,0,0
6681,1986,4,4,0,0,0,0,0,0,4,0
6681,1987,8,8,1,1,0,0,0,0,2,0
6681,1988,2,2,1,1,0,0,0,0,1,0
6681,1989,7,7,2,0,0,0,0,0,1,0
6687,1986,3,2,0,0,0,0,0,0,1,1
6687,1987,3,2,0,0,0,0,1,0,0,0
6687,1988,4,3,0,0,0,0,0,1,3,0
6687,1989,10,8,2,0,0,0,1,0,2,0
6687,1990,4,4,1,1,0,0,0,0,2,0
6692,1991,14,13,3,0,0,0,1,0,5,0
6692,1992,6,6,1,0,0,0,0,0,2,0
6692,1993,3,2,0,0,0,0,1,0,1,0
6695,1999,3,3,0,0,0,0,0,0,1,0
6695,2001,3,3,1,0,0,0,0,0,1,0
6695,2004,8,7,1,0,0,0,1,0,2,0
6695,2005,3,3,1,0,0,0,0,0,1,0
6695,2006,3,3,1,0,0,0,0,0,2,0
6699,1987,2,2,0,0,0,0,0,0,1,0
6699,1988,9,9,2,0,0,0,0,0,3,0
6699,1989,3,3,1,0,0,0,0,0,1,0
6699,1990,6,5,0,0,0,0,0,1,2,0
6699,1991,3,3,1,0,0,0,0,0,1,0
6699,1992,1,1,0,0,0,0,0,0,0,0
6699,1996,9,8,5,0,0,0,1,0,2,0
6699,1997,3,3,0,0,0,0,0,0,2,0
6699,1998,2,0,0,0,0,0,2,0,0,0
6711,1998,3,3,0,0,0,0,0,0,0,0
6714,2000,9,8,2,0,0,0,0,1,3,0
6714,2001,6,6,1,0,0,1,0,0,1,0
6714,2004,2,1,0,0,0,0,1,0,0,0
6714,2005,4,4,2,0,0,0,0,0,1,0
6722,2004,9,8,2,0,0,0,1,0,0,0
6722,2005,10,8,3,1,0,0,1,1,1,0
6723,1991,3,3,1,0,0,0,0,0,2,0
6723,1992,12,12,5,0,0,0,0,0,1,0
6723,1994,10,10,2,0,0,1,0,0,5,0
6735,2000,3,2,0,0,0,0,1,0,1,0
6735,2005,2,2,0,0,0,0,0,0,0,0
6735,2006,2,2,0,0,0,0,0,0,0,0
6743,1987,12,9,2,0,0,0,2,0,2,0
6753,1993,3,3,1,0,0,0,0,0,0,0
6753,1997,2,2,0,0,0,0,0,0,0,0
6753,1998,7,7,0,0,0,0,0,0,1,0
6762,2002,2,2,1,0,0,0,0,0,0,0
6762,2004,2,2,0,0,0,0,0,0,0,0
6762,2005,3,3,0,0,0,0,0,0,2,0
6776,2005,3,1,1,0,0,0,1,0,0,0
6793,1990,12,12,2,1,0,0,0,0,5,0
6793,1991,3,2,1,0,0,1,0,0,0,1
6793,1992,9,9,0,0,0,0,0,0,4,0
6793,1993,3,3,0,0,0,0,0,0,1,0
6793,1995,3,2,1,0,0,0,0,1,0,0
6825,1984,7,7,2,0,0,0,0,0,1,0
6825,1985,4,4,1,0,0,0,0,0,0,0
6825,1987,6,6,0,0,0,0,0,0,3,0
6829,1987,3,3,0,0,0,0,0,0,2,0
6829,1988,3,3,0,0,0,0,0,0,3,0
6829,1990,6,6,0,0,0,0,0,0,1,0
6832,1995,3,2,1,0,0,0,1,0,0,0
6832,1997,1,1,0,0,0,0,0,0,1,0
6864,2007,6,4,1,0,0,0,2,0,1,0
6867,2006,2,2,0,0,0,0,0,0,1,0
6880,2004,3,3,0,0,0,0,0,0,0,0
6897,2000,4,4,2,0,0,0,0,0,1,0
6897,2001,3,2,0,0,0,0,1,0,0,0
6897,2003,12,12,3,0,0,0,0,0,1,0
6898,1995,8,8,3,1,0,1,0,0,1,0
6898,1996,3,3,0,0,0,0,0,0,1,0
6906,1984,4,4,1,1,0,0,0,0,2,0
6910,1989,4,4,0,0,0,0,0,0,3,0
6910,1992,3,3,2,0,0,0,0,0,0,0
6910,1995,2,1,1,0,0,0,1,0,0,0
6911,1991,4,4,0,0,0,0,0,0,2,0
6919,1996,8,6,2,0,1,0,2,0,2,0
6919,1997,12,11,4,0,0,0,1,0,2,0
6919,1999,3,2,0,0,0,0,1,0,0,0
6919,2000,3,2,1,0,0,0,1,0,0,0
6924,1990,3,3,2,0,0,0,0,0,0,0
6924,1991,12,11,4,1,0,1,1,0,2,0
6924,1992,16,15,2,1,0,0,0,0,3,0
6924,1994,3,2,0,0,0,0,1,0,0,0
6924,1995,3,3,1,0,0,0,0,0,1,0
6924,1996,11,11,1,1,0,0,0,0,3,0
6924,1997,12,11,5,0,0,1,1,0,1,0
6924,1998,11,11,2,1,0,0,0,0,2,0
6924,1999,6,5,0,0,0,0,1,0,0,0
6924,2000,6,6,1,0,0,0,0,0,1,0
6924,2001,7,4,0,0,0,0,3,0,1,0
6924,2002,4,4,3,2,0,1,0,0,0,0
6924,2003,6,6,3,0,0,1,0,0,1,0
6924,2004,3,2,0,0,0,0,1,0,0,0
6926,2000,5,4,2,1,0,0,1,0,1,0
6926,2001,11,10,2,1,0,0,0,1,3,0
6960,1996,6,6,0,0,0,0,0,0,0,0
6960,1997,5,5,2,0,0,0,0,0,0,0
6971,2004,10,9,2,0,0,0,1,0,0,0
6981,1991,8,8,0,0,0,0,0,0,4,0
6981,1992,9,8,2,0,0,0,0,1,1,0
6981,1993,6,6,1,0,0,0,0,0,1,0
6981,1994,6,4,1,0,0,0,2,0,0,0
6981,1995,3,3,1,1,0,0,0,0,0,0
6981,1996,6,4,0,0,0,0,1,1,1,0
6981,1997,7,7,1,1,0,0,0,0,3,0
6981,1998,13,10,2,1,0,0,2,0,4,1
6981,2003,3,2,0,0,0,0,0,0,1,1
6985,2003,3,2,0,0,0,0,1,0,0,0
6990,1996,4,4,1,1,0,0,0,0,0,0
6990,1997,3,0,0,0,0,0,1,0,0,0
6990,1998,6,6,2,1,1,0,0,0,1,0
6993,1997,5,4,2,0,0,0,1,0,1,0
7001,1995,6,6,2,0,0,0,0,0,1,0
7011,2006,2,1,0,0,0,0,0,0,0,0
7014,1999,3,3,0,0,0,0,0,0,3,0
7014,2000,3,1,1,1,0,0,1,1,0,0
7019,2007,3,3,0,0,0,0,0,0,1,0
7021,1994,2,2,0,0,0,0,0,0,0,0
7021,1995,2,2,0,0,0,0,0,0,1,0
7021,1997,1,1,1,0,0,0,0,0,0,0
7021,2003,3,3,0,0,0,0,0,0,2,0
7021,2004,8,8,1,0,0,0,0,0,3,0
7021,2005,3,3,0,0,0,0,0,0,1,0
7034,2001,4,3,1,0,0,0,1,0,1,0
7034,2003,10,9,1,0,0,0,1,0,2,0
7043,2004,3,3,0,0,0,0,0,0,1,0
7043,2005,3,3,1,0,0,0,0,0,0,0
7043,2007,3,2,1,0,0,0,1,0,0,0
7046,1984,3,3,3,0,0,0,0,0,0,0
7046,1985,5,5,1,0,0,0,0,0,1,0
7046,1986,4,4,0,0,0,0,0,0,0,0
7046,1987,10,10,4,0,0,0,0,0,1,0
7046,1988,7,7,2,0,0,0,0,0,0,0
7046,1989,14,14,5,1,0,0,0,0,0,0
7046,1990,3,3,0,0,0,0,0,0,1,0
7046,1991,12,12,3,2,0,0,0,0,2,0
7046,1992,11,11,4,0,0,0,0,0,1,0
7046,1993,3,2,1,0,0,0,1,0,0,0
7046,1994,3,3,0,0,0,0,0,0,0,0
7048,2002,6,4,1,0,0,1,2,0,2,0
7048,2007,3,3,0,0,0,0,0,0,0,0
7056,1985,2,2,0,0,0,0,0,0,0,0
7060,2006,3,3,0,0,0,0,0,0,1,0
7060,2007,3,3,1,1,0,0,0,0,0,0
7075,1998,1,1,0,0,0,0,0,0,0,0
7088,2007,5,3,2,0,0,1,1,1,0,0
7095,1991,6,5,2,0,0,0,1,0,1,0
7095,1992,3,3,0,0,0,0,0,0,1,0
7095,1993,13,10,5,0,0,0,2,1,2,0
7095,1994,3,3,1,1,0,0,0,0,1,0
7095,1995,3,2,1,0,0,0,0,1,0,0
7095,1997,6,6,3,0,0,0,0,0,1,0
7095,2002,6,5,1,0,0,0,1,0,1,0
7095,2003,2,2,0,0,0,0,0,0,0,0
7095,2004,3,2,0,0,0,0,1,0,1,0
7109,1989,3,2,0,0,0,0,1,0,1,0
7127,2006,3,3,1,0,0,0,0,0,0,0
7129,1994,3,3,0,0,0,0,0,0,2,0
7129,2000,3,3,1,0,0,0,0,0,0,0
7129,2003,3,3,2,0,0,0,0,0,1,0
7168,1998,4,3,1,0,0,0,1,0,1,0
7168,2004,1,1,0,0,0,0,0,0,0,0
7168,2005,3,2,0,0,0,0,1,0,1,0
7192,1997,2,2,1,1,0,0,0,0,0,0
7192,1998,5,3,0,0,0,0,0,1,1,0
7192,1999,3,2,1,0,0,0,1,0,0,0
7192,2000,3,3,0,0,0,0,0,0,1,0
7193,2003,3,3,1,0,0,0,0,0,1,0
7193,2007,5,5,0,0,0,0,0,0,1,0
7198,1986,8,7,2,1,0,0,1,0,1,0
7198,1987,6,6,2,0,0,0,0,0,3,0
7198,1988,8,7,0,0,0,0,1,0,4,0
7198,1989,6,6,1,1,0,0,0,0,1,0
7213,1990,3,2,0,0,0,0,1,0,2,0
7224,1987,9,9,1,0,0,0,0,0,6,0
7224,1988,6,6,0,0,0,0,0,0,2,0
7224,1989,11,7,2,2,0,0,4,0,3,0
7224,1990,11,10,4,1,0,2,1,0,2,0
7224,1998,3,3,0,0,0,0,0,0,1,0
7224,1999,3,3,0,0,0,0,0,0,1,0
7224,2000,5,4,1,0,0,0,1,0,0,0
7224,2001,4,3,1,0,0,0,1,0,1,0
7235,1997,4,3,1,0,0,0,1,0,1,0
7237,1987,6,5,0,0,0,0,1,0,2,0
7237,1988,3,3,0,0,0,0,0,0,2,0
7237,1989,10,8,0,0,0,0,2,0,5,0
7237,1990,9,9,1,1,0,0,0,0,1,0
7237,1991,3,3,0,0,0,0,0,0,0,0
7237,1993,3,2,1,0,0,1,1,0,0,0
7237,1994,4,4,0,0,0,0,0,0,1,0
7237,1996,9,8,2,0,0,1,1,0,2,0
7237,1997,6,5,0,0,0,0,1,0,1,0
7243,2004,2,2,0,0,0,0,0,0,1,0
7264,1987,8,7,2,0,0,0,1,0,2,0
7264,1988,5,5,1,0,0,0,0,0,2,0
7264,1989,3,2,0,0,0,0,1,0,2,0
7264,1993,15,14,2,0,0,0,1,0,5,0
7264,1994,3,2,0,0,0,0,1,0,0,0
7264,1995,3,3,2,0,1,0,0,0,1,0
7264,1996,3,1,0,0,0,0,2,0,1,0
7264,1997,6,6,0,0,0,0,0,0,2,0
7264,1998,3,2,0,0,0,0,1,0,0,0
7264,1999,10,10,4,0,0,0,0,0,2,0
7264,2000,7,5,0,0,0,0,2,0,1,0
7264,2001,4,3,1,0,0,0,1,0,2,0
7264,2002,8,7,1,0,0,0,1,0,3,0
7264,2003,3,3,0,0,0,0,0,0,1,0
7269,2006,3,3,1,0,0,0,0,0,0,0
7274,2000,3,2,1,0,0,1,0,1,0,0
7293,1991,6,6,1,1,0,0,0,0,3,0
7293,1992,4,4,0,0,0,0,0,0,1,0
7293,1993,14,12,4,0,1,1,2,0,1,0
7293,1994,3,3,2,0,0,0,0,0,0,0
7293,1997,4,4,2,1,0,0,0,0,2,0
7293,1998,4,3,1,0,0,1,1,0,2,0
7293,1999,5,4,1,1,0,0,1,0,1,0
7294,1984,3,2,0,0,0,0,1,0,1,0
7294,1985,3,2,0,0,0,0,1,0,0,0
7294,1986,4,4,1,0,0,0,0,0,1,0
7296,1993,9,9,1,1,0,0,0,0,2,0
7298,1985,4,3,1,0,0,0,1,0,0,0
7298,1987,6,6,3,1,0,0,0,0,1,0
7298,1988,4,2,0,0,0,0,1,1,0,0
7301,1998,3,2,0,0,0,0,0,0,1,0
7309,1995,1,1,0,0,0,0,0,0,0,0
7309,1996,6,4,1,0,0,0,2,0,1,0
7309,1997,3,3,0,0,0,0,0,0,2,0
7309,1998,6,6,1,0,0,0,0,0,2,0
7359,1989,3,2,0,0,0,0,1,0,1,0
7359,1992,2,2,1,0,0,0,0,0,0,0
7362,2002,3,3,1,1,0,0,0,0,0,0
7362,2006,3,2,0,0,0,0,1,0,0,0
7376,2001,8,7,1,1,0,0,1,0,2,0
7376,2002,3,3,1,0,0,0,0,0,2,0
7376,2005,1,1,0,0,0,0,0,0,1,0
7384,1997,1,1,0,0,0,0,0,0,1,0
7394,1998,3,3,0,0,0,0,0,0,0,0
7399,2000,3,3,1,0,1,0,0,0,2,0
7406,1989,3,3,0,0,0,0,0,0,0,0
7406,1991,6,6,2,0,0,0,0,0,1,0
7406,1992,3,3,0,0,0,0,0,0,2,0
7406,1995,6,6,2,1,0,0,0,0,0,0
7420,1991,3,3,0,0,0,0,0,0,3,0
7430,1988,4,4,1,0,0,1,0,0,2,0
7430,1989,4,4,0,0,0,0,0,0,2,0
7439,2004,4,4,1,1,0,0,0,0,1,0
7445,1999,2,2,0,0,0,0,0,0,0,0
7445,2001,3,2,1,0,0,0,1,0,0,0
7445,2003,3,3,0,0,0,0,0,0,1,0
7445,2005,3,3,0,0,0,0,0,0,0,0
7446,1994,6,6,0,0,0,0,0,0,2,0
7446,1996,3,3,0,0,0,0,0,0,2,0
7446,1997,6,6,2,0,0,0,0,0,1,0
7453,2005,3,3,0,0,0,0,0,0,1,0
7453,2006,5,5,0,0,0,0,0,0,1,0
7470,2004,2,2,0,0,0,0,0,0,1,0
7471,1987,4,3,0,0,0,0,1,0,0,0
7471,1988,6,6,1,0,0,0,0,0,2,0
7472,1997,1,1,0,0,0,0,0,0,1,0
7472,2003,2,2,1,1,0,0,0,0,0,0
7472,2005,5,4,3,1,0,1,1,0,1,0
7472,2006,2,2,0,0,0,0,0,0,1,0
7488,1993,7,6,4,0,0,0,0,0,0,1
7492,2000,3,2,0,0,0,0,1,0,0,0
7492,2001,3,3,2,0,0,0,0,0,0,0
7492,2003,14,11,4,0,0,1,1,1,3,1
7492,2007,6,6,1,0,0,0,0,0,0,0
7501,1997,3,3,0,0,0,0,0,0,2,0
7505,1990,6,5,2,0,0,0,1,0,1,0
7505,1991,7,6,1,1,0,0,1,0,1,0
7534,1999,3,2,1,1,0,0,0,0,1,1
7542,2001,3,3,1,1,0,0,0,0,2,0
7542,2003,11,10,4,2,0,0,1,0,5,0
7560,1992,6,6,2,0,0,1,0,0,1,0
7565,2005,2,2,0,0,0,0,0,0,0,0
7830,2000,3,3,1,0,0,0,0,0,1,0
7830,2004,10,10,0,0,0,0,0,0,4,0
7838,2002,3,3,2,0,0,0,0,0,1,0
7840,2000,10,10,2,0,0,0,0,0,0,0
7840,2003,6,6,0,0,0,0,0,0,2,0
7840,2004,2,2,0,0,0,0,0,0,0,0
7844,1996,3,2,1,1,0,0,1,0,0,0
7846,1985,6,6,3,1,0,0,0,0,2,0
7846,1986,4,4,1,0,0,0,0,0,1,0
7846,1987,8,8,2,1,0,0,0,0,3,0
7846,1988,16,15,5,0,0,0,1,0,3,0
7846,1989,8,6,0,0,0,0,2,0,3,0
7846,1991,8,7,3,0,0,0,1,0,1,0
7846,1992,11,11,2,1,0,0,0,0,0,0
7846,1993,11,11,6,2,0,0,0,0,1,0
7846,1994,4,3,1,1,0,0,1,0,0,0
7846,1995,13,11,5,1,0,1,2,0,1,0
7846,1996,7,7,3,0,0,0,0,0,0,0
7846,1997,7,7,1,0,0,0,0,0,2,0
7846,1998,11,11,1,1,0,0,0,0,1,0
7847,2005,7,6,2,0,1,0,1,0,0,0
7847,2006,2,2,0,0,0,0,0,0,0,0
7859,2001,7,7,3,0,0,0,0,0,1,0
7859,2002,6,5,2,0,0,0,1,0,2,0
7859,2004,3,2,0,0,0,0,1,0,2,0
7859,2005,3,3,1,0,0,0,0,0,1,0
7865,2002,3,3,0,0,0,0,0,0,1,0
7865,2003,3,2,2,0,0,0,0,0,0,1
7865,2006,2,2,0,0,0,0,0,0,1,0
7914,1985,4,3,2,0,0,0,0,0,0,1
7914,1986,3,3,0,0,0,0,0,0,1,0
7949,2000,3,3,2,0,0,0,0,0,0,0
7950,2000,5,4,1,0,0,0,1,0,0,0
7950,2001,9,7,2,1,0,0,1,0,0,1
7950,2002,13,10,2,1,0,0,2,1,3,0
7950,2003,3,2,0,0,0,0,0,1,1,0
7950,2007,3,3,0,0,0,0,0,0,0,0
7955,2001,4,4,2,1,0,0,0,0,0,0
7967,1989,3,3,1,0,0,1,0,0,0,0
7969,1985,3,3,0,0,0,0,0,0,1,0
7977,1984,4,4,1,0,0,0,0,0,0,0
7991,1986,3,3,1,0,0,0,0,0,0,0
7991,1990,3,3,0,0,0,0,0,0,1,0
7992,2006,2,1,1,1,0,0,1,0,0,0
7992,2007,3,2,0,0,0,0,1,0,0,0
8003,1988,1,1,0,0,0,0,0,0,1,0
8003,1998,1,1,0,0,0,0,0,0,1,0
8003,2000,5,5,1,0,0,0,0,0,2,0
8005,1988,4,4,1,0,0,0,0,0,2,0
8006,1992,2,2,0,0,0,0,0,0,0,0
8011,2003,3,3,0,0,0,0,0,0,0,0
8024,1986,4,4,0,0,0,0,0,0,1,0
8024,1987,8,8,3,0,0,0,0,0,2,0
8024,1989,1,1,0,0,0,0,0,0,1,0
8024,1990,4,4,0,0,0,0,0,0,1,0
8024,1992,2,1,0,0,0,0,1,0,0,0
8026,1984,6,5,1,1,0,0,1,0,3,0
8026,1985,3,3,0,0,0,0,0,0,0,0
8026,1986,11,10,1,1,0,0,1,0,6,0
8026,1987,10,8,1,0,0,0,2,0,2,0
8026,1988,6,5,2,0,1,0,0,1,1,0
8026,1989,12,8,0,0,0,0,3,0,3,0
8026,1990,7,6,3,1,0,0,1,0,1,0
8026,1991,3,3,0,0,0,0,0,0,1,0
8039,1984,7,7,2,0,0,0,0,0,4,0
8039,1985,7,6,2,0,0,0,1,0,0,0
8039,1986,4,4,0,0,0,0,0,0,1,0
8048,1997,1,1,0,0,0,0,0,0,1,0
8055,2003,14,13,5,0,0,0,1,0,3,0
8060,2005,5,4,0,0,0,0,0,0,2,1
8067,1984,4,4,0,0,0,0,0,0,1,0
8067,1985,3,2,1,1,0,0,1,0,0,0
8067,1986,16,14,4,2,0,0,1,0,3,0
8067,1987,10,10,5,1,0,1,0,0,2,0
8067,1988,6,5,2,0,0,0,0,0,2,1
8067,1989,7,7,0,0,0,0,0,0,1,0
8067,1990,1,1,0,0,0,0,0,0,0,0
8067,1991,13,9,2,0,0,0,4,0,2,0
8090,2000,1,1,0,0,0,0,0,0,0,0
8090,2002,6,5,0,0,0,0,1,0,1,0
8090,2003,3,3,1,0,0,0,0,0,1,0
8103,1984,4,4,1,1,0,0,0,0,1,0
8103,1985,4,3,0,0,0,0,1,0,1,0
8103,1986,5,5,1,1,0,0,0,0,2,0
8103,1988,4,2,1,0,0,0,2,0,0,0
8121,1984,4,4,1,0,0,0,0,0,0,0
8121,1986,12,9,5,1,0,2,3,0,0,0
8121,1987,8,7,1,0,0,0,1,0,1,0
8121,1988,6,6,2,1,0,0,0,0,1,0
8121,1994,3,2,1,1,0,0,1,0,1,0
8121,1995,3,3,3,0,0,0,0,0,0,0
8121,1996,10,9,1,0,0,0,1,0,1,0
8129,2005,3,2,0,0,0,0,0,0,0,1
8142,2006,2,0,0,0,0,0,2,0,0,0
8144,1989,1,1,1,0,0,0,0,0,0,0
8144,1990,9,9,1,0,0,0,0,0,1,0
8144,1991,6,6,0,0,0,0,0,0,2,0
8144,1993,3,3,2,0,0,0,0,0,0,0
8144,1994,5,5,1,0,0,0,0,0,1,0
8144,1996,3,3,0,0,0,0,0,0,2,0
8144,2000,3,3,0,0,0,0,0,0,0,0
8144,2001,3,3,0,0,0,0,0,0,1,0
8156,2005,3,3,0,0,0,0,0,0,2,0
8156,2006,5,5,2,0,0,0,0,0,0,0
8156,2007,3,3,1,0,0,0,0,0,2,0
8173,1984,2,2,1,0,0,0,0,0,0,0
8173,1986,10,9,3,1,0,0,1,0,3,0
8189,2005,2,1,1,0,0,0,1,0,0,0
8189,2007,2,2,0,0,0,0,0,0,1,0
8207,1993,3,3,0,0,0,0,0,0,1,0
8207,1994,8,7,1,0,0,1,1,0,4,0
8248,1996,3,3,1,0,0,0,0,0,2,0
8248,1997,3,1,0,0,0,0,2,0,0,0
8248,1998,3,3,0,0,0,0,0,0,3,0
8254,1993,3,2,1,0,0,0,0,1,0,0
8254,1996,3,3,0,0,0,0,0,0,1,0
8257,1987,7,7,1,0,0,0,0,0,0,0
8257,1988,3,3,0,0,0,0,0,0,1,0
8257,1989,4,3,0,0,0,0,1,0,0,0
8257,1990,6,5,1,0,0,0,1,0,0,0
8257,1991,1,1,0,0,0,0,0,0,1,0
8257,1992,8,8,2,0,0,0,0,0,0,0
8265,1991,6,5,1,0,0,0,1,0,2,0
8265,1992,1,0,0,0,0,0,1,0,0,0
8265,1996,4,4,1,1,0,0,0,0,3,0
8265,1997,7,4,1,0,0,0,3,0,2,0
8286,2005,4,4,0,0,0,0,0,0,1,0
8296,1987,2,2,0,0,0,0,0,0,2,0
8301,1996,6,5,1,0,0,0,1,0,2,0
8301,1997,3,3,1,0,1,0,0,0,2,0
8304,1992,6,6,1,0,0,0,0,0,2,0
8304,1993,3,3,1,0,0,0,0,0,0,0
8304,1994,8,6,0,0,0,0,2,0,1,0
8304,1995,3,3,0,0,0,0,0,0,2,0
8304,1996,6,6,2,0,0,0,0,0,1,0
8304,1997,7,7,1,0,0,0,0,0,3,0
8307,2006,1,1,0,0,0,0,0,0,1,0
8313,2003,3,3,1,0,0,0,0,0,0,0
8316,2003,3,3,0,0,0,0,0,0,2,0
8316,2006,6,6,2,0,0,0,0,0,2,0
8317,1987,4,4,1,0,0,0,0,0,2,0
8318,1995,3,3,1,0,0,0,0,0,1,0
8318,1998,7,7,2,0,0,0,0,0,2,0
8320,1999,7,5,2,0,0,1,2,0,1,0
8320,2000,9,7,3,1,1,1,2,0,3,0
8320,2001,7,7,3,2,0,0,0,0,1,0
8320,2002,5,5,1,1,0,0,0,0,1,0
8320,2003,14,11,4,0,0,1,3,0,3,0
8321,1984,2,1,0,0,0,0,0,0,0,0
8321,1987,3,3,1,0,0,0,0,0,0,0
8329,1987,10,8,2,0,0,0,1,1,1,0
8329,1988,12,11,5,1,0,2,1,0,1,0
8329,1989,7,7,2,0,0,0,0,0,0,0
8329,1990,6,6,0,0,0,0,0,0,1,0
8329,1991,13,11,3,0,0,1,1,1,1,0
8329,1992,10,10,2,0,0,1,0,0,1,0
8329,1993,6,5,1,0,0,0,0,0,0,1
8329,1994,3,3,0,0,0,0,0,0,0,0
8361,1998,3,3,0,0,0,0,0,0,1,0
8361,1999,6,6,3,0,0,0,0,0,0,0
8361,2000,4,4,3,0,0,1,0,0,0,0
8361,2007,3,2,1,0,0,0,1,0,0,0
8375,2004,3,2,1,0,0,0,1,0,0,0
8375,2005,4,4,0,0,0,0,0,0,0,0
8375,2006,4,4,0,0,0,0,0,0,1,0
8392,1995,3,3,0,0,0,0,0,0,2,0
8407,1984,2,2,1,0,0,0,0,0,0,0
8412,1988,3,3,1,0,0,0,0,0,2,0
8412,1990,5,3,1,0,0,0,1,1,1,0
8414,1984,3,1,0,0,0,0,2,0,0,0
8414,1986,8,6,1,0,0,0,2,0,1,0
8414,1987,11,10,7,1,0,0,1,0,0,0
8414,1988,7,7,4,2,0,0,0,0,0,0
8414,1989,11,9,3,0,0,0,2,0,0,0
8414,1991,8,8,0,0,0,0,0,0,2,0
8414,1992,10,10,2,1,0,1,0,0,2,0
8414,1993,3,3,0,0,0,0,0,0,0,0
8418,1998,4,4,1,0,0,0,0,0,0,0
8435,1996,10,8,2,0,0,0,2,0,1,0
8435,1997,4,4,1,0,0,0,0,0,1,0
8435,1998,4,4,0,0,0,0,0,0,2,0
8435,1999,7,4,2,0,0,0,3,0,2,0
8435,2000,5,5,0,0,0,0,0,0,0,0
8435,2001,3,3,0,0,0,0,0,0,2,0
8435,2002,3,3,0,0,0,0,0,0,1,0
8443,1984,6,6,4,0,0,0,0,0,0,0
8443,1985,4,4,1,0,0,0,0,0,1,0
8443,1986,4,4,1,0,0,0,0,0,0,0
8449,2005,2,2,0,0,0,0,0,0,1,0
8467,1994,3,3,1,0,0,0,0,0,0,0
8467,1997,10,9,1,0,0,0,1,0,2,0
8467,1998,3,3,0,0,0,0,0,0,0,0
8467,1999,8,7,1,0,0,0,1,0,1,0
8467,2000,6,6,0,0,0,0,0,0,1,0
8467,2001,3,3,0,0,0,0,0,0,0,0
8468,1990,10,7,0,0,0,0,3,0,2,0
8468,1991,13,10,1,1,0,0,2,0,3,1
8468,1992,7,6,1,0,0,0,1,0,2,0
8468,1993,10,7,3,1,0,1,2,1,1,0
8468,1994,4,4,0,0,0,0,0,0,0,0
8468,1995,12,8,0,0,0,0,2,2,1,0
8468,1996,4,4,2,0,0,1,0,0,1,0
8468,1997,3,2,0,0,0,0,1,0,1,0
8468,1998,4,4,1,0,1,0,0,0,1,0
8468,1999,5,3,2,0,0,1,2,0,1,0
8468,2000,6,4,0,0,0,0,1,0,0,1
8468,2001,7,6,2,0,0,0,1,0,1,0
8468,2002,8,6,0,0,0,0,1,0,2,1
8468,2003,6,6,4,1,0,0,0,0,0,0
8468,2004,3,2,0,0,0,0,1,0,1,0
8482,1995,3,3,0,0,0,0,0,0,2,0
8482,1998,3,3,0,0,0,0,0,0,2,0
8486,2003,2,2,1,0,1,0,0,0,0,0
8486,2005,3,3,0,0,0,0,0,0,1,0
8486,2006,2,2,2,0,0,0,0,0,0,0
8492,2006,3,3,2,0,0,0,0,0,0,0
8509,1986,8,7,1,0,0,0,1,0,2,0
8509,1987,7,6,2,2,0,0,1,0,0,0
8514,1993,6,3,1,1,0,0,3,0,0,0
8514,1994,6,5,1,0,0,0,1,0,0,0
8514,1996,14,11,2,1,0,0,3,0,2,0
8514,1997,6,4,0,0,0,0,2,0,2,0
8514,1998,13,10,1,0,0,0,3,0,2,0
8520,2002,3,2,1,0,0,0,1,0,0,0
8521,1998,6,5,1,0,0,0,1,0,1,0
8521,1999,5,4,0,0,0,0,1,0,1,0
8521,2000,5,5,1,0,0,1,0,0,1,0
8521,2001,3,3,1,1,0,0,0,0,0,0
8521,2002,6,5,2,0,0,0,0,1,1,0
8521,2003,3,2,1,0,0,1,1,0,1,0
8521,2006,3,2,0,0,0,0,1,0,0,0
8521,2007,6,6,2,0,0,1,0,0,3,0
8522,1997,3,2,1,0,0,0,0,0,0,0
8522,1998,3,3,0,0,0,0,0,0,2,0
8522,1999,4,3,2,0,0,0,0,0,0,0
8522,2002,2,2,1,1,0,0,0,0,0,0
8522,2003,6,6,3,0,0,0,0,0,0,0
8522,2004,3,3,1,1,0,0,0,0,0,0
8524,1999,3,2,1,0,0,1,1,0,0,0
8532,2006,3,3,2,0,0,0,0,0,0,0
8534,1988,5,5,1,0,0,0,0,0,0,0
8534,1989,6,6,1,0,0,0,0,0,2,0
8534,1990,6,5,3,0,0,0,1,0,0,0
8534,1991,8,8,2,0,0,0,0,0,0,0
8536,1984,4,4,2,1,0,0,0,0,1,0
8536,1985,7,7,2,0,0,0,0,0,0,0
8544,1998,4,4,0,0,0,0,0,0,3,0
8544,2000,6,5,1,0,0,0,1,0,1,0
8544,2002,3,3,1,0,0,0,0,0,0,0
8544,2003,8,7,2,0,0,1,1,0,1,0
8544,2007,6,4,1,0,0,1,2,0,1,0
8546,2001,3,3,1,0,0,0,0,0,1,0
8547,1991,2,2,0,0,0,0,0,0,0,0
8547,1992,4,4,1,1,0,0,0,0,1,0
8547,1993,7,6,1,0,0,0,0,1,0,0
8556,2004,2,1,0,0,0,0,0,0,0,0
8557,2004,2,2,0,0,0,0,0,0,0,0
8557,2005,1,1,0,0,0,0,0,0,0,0
8559,1993,6,6,1,1,0,0,0,0,2,0
8601,2004,12,10,1,1,0,0,2,0,3,0
8601,2005,5,4,1,1,0,0,1,0,0,0
8601,2007,6,4,0,0,0,0,2,0,2,0
8607,2003,3,3,0,0,0,0,0,0,0,0
8612,2007,2,2,0,0,0,0,0,0,0,0
8616,1984,2,2,0,0,0,0,0,0,0,0
8616,1985,3,3,1,0,0,0,0,0,1,0
8616,1986,7,6,1,0,0,0,1,0,3,0
8616,1993,3,2,0,0,0,0,1,0,0,0
8616,1994,7,6,1,0,0,0,1,0,1,0
8616,1995,6,6,1,0,0,0,0,0,2,0
8632,1984,4,4,3,1,0,0,0,0,0,0
8632,1986,1,1,0,0,0,0,0,0,0,0
8632,1987,4,4,0,0,0,0,0,0,2,0
8638,2005,2,2,0,0,0,0,0,0,1,0
8641,2006,7,5,2,1,0,0,2,0,1,0
8651,1985,5,4,0,0,0,0,1,0,1,0
8651,1986,3,3,1,1,0,0,0,0,0,0
8651,1987,14,14,2,1,0,0,0,0,4,0
8651,1988,11,11,6,2,0,1,0,0,2,0
8651,1989,7,7,0,0,0,0,0,0,4,0
8651,1991,6,6,3,0,0,0,0,0,1,0
8651,1992,3,3,0,0,0,0,0,0,1,0
8651,1993,3,3,0,0,0,0,0,0,0,0
8651,1995,2,2,1,0,0,1,0,0,1,0
8658,1990,3,2,0,0,0,0,1,0,1,0
8668,1992,10,8,1,0,0,0,2,0,4,0
8668,1993,6,6,3,0,0,0,0,0,3,0
8668,1996,4,3,2,0,0,0,1,0,0,0
8668,1997,12,10,3,0,0,1,2,0,2,0
8668,1998,3,3,1,0,0,0,0,0,1,0
8668,1999,7,7,1,1,0,0,0,0,2,0
8668,2000,8,8,3,0,0,1,0,0,4,0
8668,2001,3,3,0,0,0,0,0,0,1,0
8673,1995,1,1,0,0,0,0,0,0,0,0
8673,1998,4,4,2,1,0,0,0,0,0,0
8673,2000,7,6,1,0,0,0,1,0,0,0
8673,2001,6,6,0,0,0,0,0,0,3,0
8674,1989,16,12,5,2,0,1,4,0,2,0
8674,1990,7,7,1,0,0,0,0,0,0,0
8674,1991,4,4,1,0,0,0,0,0,1,0
8674,1992,9,8,2,0,0,1,0,0,4,0
8674,1993,9,8,3,0,0,0,1,0,2,0
8674,1994,4,4,1,0,0,0,0,0,1,0
8674,1995,10,9,3,0,0,0,1,0,1,0
8674,1996,6,4,1,0,0,1,2,0,1,0
8674,1997,10,10,3,1,0,0,0,0,2,0
8674,1998,10,7,3,1,0,0,3,0,1,0
8674,1999,8,7,3,0,0,0,1,0,1,0
8674,2000,6,3,1,0,0,0,3,0,0,0
8674,2001,3,3,0,0,0,0,0,0,0,0
8674,2002,3,2,0,0,0,0,1,0,2,0
8674,2003,6,5,3,0,0,0,1,0,1,0
8688,1995,6,6,1,0,0,0,0,0,3,0
8688,1997,3,3,0,0,0,0,0,0,1,0
8706,1988,4,3,2,0,0,0,1,0,1,0
8706,1989,15,13,4,0,0,0,1,0,3,1
8706,1990,6,6,1,0,0,0,0,0,1,0
8706,1991,4,3,0,0,0,0,0,0,1,1
8727,1984,3,3,0,0,0,0,0,0,2,0
8727,1986,3,3,0,0,0,0,0,0,2,0
8727,1989,11,10,2,0,0,2,1,0,5,0
8727,1990,9,9,3,0,0,0,0,0,2,0
8727,1992,3,3,1,0,0,0,0,0,1,0
8727,1995,3,3,0,0,0,0,0,0,3,0
8728,1984,4,4,2,0,0,0,0,0,1,0
8728,1986,3,3,0,0,0,0,0,0,3,0
8743,1986,1,1,0,0,0,0,0,0,1,0
8743,1987,9,8,2,0,0,0,1,0,3,0
8743,1988,6,6,2,1,0,0,0,0,3,0
8743,1989,6,5,0,0,0,0,1,0,2,0
8743,1990,7,7,1,1,0,0,0,0,5,0
8743,1991,14,13,2,0,0,0,0,0,2,1
8743,1992,9,8,0,0,0,0,1,0,3,0
8743,1994,6,6,2,2,0,0,0,0,2,0
8755,2003,3,3,0,0,0,0,0,0,1,0
8755,2004,13,12,3,0,0,0,1,0,2,0
8755,2005,6,5,1,0,0,0,1,0,2,0
8755,2007,6,5,1,1,0,0,0,0,2,0
8764,2001,3,3,1,0,0,0,0,0,0,0
8780,2000,2,2,0,0,0,0,0,0,0,0
8782,2006,2,2,0,0,0,0,0,0,1,0
8782,2007,2,1,0,0,0,0,1,0,1,0
8795,2000,6,6,2,0,0,0,0,0,0,0
8795,2004,6,6,2,1,0,0,0,0,0,0
8795,2007,3,2,1,0,0,0,1,0,1,0
8807,2005,3,3,1,0,0,0,0,0,0,0
8808,1990,6,5,0,0,0,0,1,0,3,0
8808,1991,6,6,1,1,0,0,0,0,1,0
8811,1989,2,2,0,0,0,0,0,0,1,0
8812,2007,6,4,0,0,0,0,0,1,0,0
8825,2004,3,3,1,1,0,0,0,0,2,0
8826,1993,3,3,2,0,0,0,0,0,0,0
8835,2002,9,8,2,0,0,0,1,0,2,0
8835,2007,3,2,1,0,0,0,1,0,0,0
8850,1994,3,3,1,1,0,0,0,0,1,0
8850,1996,3,3,1,0,0,0,0,0,1,0
8851,2007,2,1,1,0,0,0,0,1,0,0
8857,1998,3,3,0,0,0,0,0,0,3,0
8859,2004,2,2,0,0,0,0,0,0,1,0
8872,2003,5,5,0,0,0,0,0,0,2,0
8882,1984,2,1,0,0,0,0,1,0,0,0
8882,1985,4,4,1,1,0,0,0,0,0,0
8897,1994,3,3,0,0,0,0,0,0,1,0
8898,1999,3,2,0,0,0,0,1,0,1,0
8917,2002,6,6,2,0,0,0,0,0,2,0
8917,2004,2,2,0,0,0,0,0,0,1,0
8917,2005,10,10,1,0,0,0,0,0,1,0
8919,2004,2,2,0,0,0,0,0,0,0,0
8928,1995,2,2,0,0,0,0,0,0,1,0
8928,2004,2,2,0,0,0,0,0,0,0,0
8929,2002,3,3,1,0,0,0,0,0,1,0
8929,2003,4,4,1,0,0,0,0,0,1,0
8946,1990,13,12,3,0,0,0,0,0,2,1
8948,1995,3,3,1,0,0,0,0,0,1,0
8948,2000,1,1,0,0,0,0,0,0,1,0
8948,2002,3,2,0,0,0,0,1,0,1,0
8975,1986,5,5,0,0,0,0,0,0,2,0
8987,1986,1,1,1,0,0,1,0,0,0,0
8987,1987,10,8,1,0,0,0,2,0,4,0
8987,1988,7,6,1,0,0,0,1,0,3,0
8987,1989,10,10,6,1,0,1,0,0,2,0
8987,1990,5,4,1,0,0,0,1,0,1,0
8987,1991,4,4,3,1,0,0,0,0,0,0
8987,1992,10,8,1,0,0,0,2,0,3,0
8987,1993,3,3,2,0,0,0,0,0,1,0
8994,1984,3,3,1,0,0,0,0,0,1,0
8994,1985,4,3,1,0,0,0,1,0,1,0
8994,1986,9,9,0,0,0,0,0,0,3,0
8994,1987,6,3,0,0,0,0,3,0,3,0
8994,1988,8,7,1,0,0,0,0,0,2,0
8994,1989,4,4,1,0,0,0,0,0,2,0
8994,1990,3,2,0,0,0,0,1,0,1,0
8994,1991,1,1,0,0,0,0,0,0,0,0
9006,2002,3,3,2,0,0,2,0,0,1,0
9006,2003,3,2,0,0,0,0,0,1,0,0
9007,1984,2,2,1,0,0,0,0,0,0,0
9007,1986,7,6,1,0,0,0,0,1,4,0
9007,1987,12,10,1,0,0,0,2,0,5,0
9007,1988,9,7,0,0,0,0,2,0,3,0
9007,1989,5,4,0,0,0,0,1,0,2,0
9012,2003,3,3,1,1,0,0,0,0,2,0
9012,2006,3,3,1,1,0,0,0,0,1,0
9023,2003,3,3,2,1,0,0,0,0,0,0
9023,2005,5,5,0,0,0,0,0,0,0,0
9023,2007,3,3,0,0,0,0,0,0,1,0
9027,1984,4,3,1,1,0,0,1,0,0,0
9027,1986,11,11,3,0,0,0,0,0,4,0
9027,1987,3,3,1,1,0,0,0,0,0,0
9027,1989,13,12,6,0,0,0,1,0,2,0
9027,1990,3,3,1,0,0,0,0,0,0,0
9027,1991,15,14,5,2,0,0,1,0,0,0
9027,1992,4,4,2,1,0,0,0,0,0,0
9027,1994,6,5,2,1,0,0,1,0,1,0
9027,1995,14,13,3,1,0,0,1,0,6,0
9027,1996,8,7,2,0,1,0,1,0,3,0
9027,1997,7,6,2,0,0,0,1,0,3,0
9027,1999,8,6,1,0,0,1,2,0,3,0
9034,2001,2,2,0,0,0,0,0,0,1,0
9036,1998,4,4,2,0,0,0,0,0,0,0
9036,1999,5,5,3,1,0,2,0,0,0,0
9036,2000,4,3,2,0,0,1,0,1,1,0
9036,2002,3,3,1,0,0,1,0,0,0,0
9036,2004,3,2,0,0,0,0,1,0,1,0
9036,2005,3,2,0,0,0,0,1,0,0,0
9037,1984,2,2,0,0,0,0,0,0,1,0
9040,1999,3,2,0,0,0,0,1,0,2,0
9045,2005,6,6,1,0,0,0,0,0,0,0
9046,2000,3,3,0,0,0,0,0,0,1,0
9046,2002,3,2,0,0,0,0,1,0,1,0
9046,2003,3,3,1,0,0,0,0,0,1,0
9046,2004,3,3,0,0,0,0,0,0,1,0
9046,2007,2,2,2,0,0,0,0,0,0,0
9051,2002,3,3,2,0,0,0,0,0,0,0
9051,2004,3,3,0,0,0,0,0,0,0,0
9051,2005,7,7,2,0,0,0,0,0,0,0
9051,2006,10,10,4,1,2,0,0,0,1,0
9097,1996,9,8,2,0,0,0,1,0,5,0
9114,2004,14,14,5,1,0,1,0,0,5,0
9120,2004,5,5,1,0,0,0,0,0,1,0
9120,2007,3,3,0,0,0,0,0,0,0,0
9124,1987,2,2,0,0,0,0,0,0,0,0
9128,1987,8,8,3,1,0,0,0,0,1,0
9128,1988,4,4,0,0,0,0,0,0,2,0
9128,1989,19,18,6,1,0,0,1,0,0,0
9128,1990,7,7,2,0,0,0,0,0,4,0
9128,1991,4,4,1,0,0,0,0,0,2,0
9128,1992,15,15,2,0,0,0,0,0,2,0
9128,1993,11,10,4,1,1,0,1,0,1,0
9128,1994,7,6,2,1,0,0,1,0,0,0
9128,1996,7,6,0,0,0,0,1,0,3,0
9128,1999,4,4,1,0,0,0,0,0,0,0
9128,2000,8,6,1,0,0,0,2,0,2,0
9150,1986,7,7,1,0,0,1,0,0,1,0
9150,1987,11,9,3,0,0,0,1,1,3,0
9154,1996,1,1,0,0,0,0,0,0,1,0
9154,1998,5,5,1,0,0,0,0,0,3,0
9185,1997,3,3,2,0,0,0,0,0,1,0
9191,1998,4,4,1,1,0,0,0,0,2,0
9191,2000,3,3,0,0,0,0,0,0,1,0
9195,1984,2,2,2,1,0,0,0,0,0,0
9195,1985,4,3,2,1,0,1,1,0,1,0
9195,1986,7,7,0,0,0,0,0,0,4,0
9195,1987,12,12,1,0,0,0,0,0,6,0
9195,1988,7,6,0,0,0,0,1,0,2,0
9195,1989,3,3,1,1,0,0,0,0,0,0
9202,1997,3,3,0,0,0,0,0,0,0,0
9213,2001,3,2,0,0,0,0,0,1,0,0
9214,2004,3,3,0,0,0,0,0,0,1,0
9215,1998,3,3,0,0,0,0,0,0,2,0
9223,1985,4,4,1,0,0,0,0,0,1,0
9225,1984,4,4,0,0,0,0,0,0,0,0
9225,1985,6,6,1,0,0,0,0,0,0,0
9225,1986,16,15,4,1,0,0,1,0,5,0
9225,1987,11,11,4,0,1,0,0,0,4,0
9225,1988,7,7,2,1,0,0,0,0,3,0
9225,1989,3,2,1,0,0,0,0,0,0,1
9225,1990,7,7,1,1,0,0,0,0,1,0
9225,1991,7,6,3,1,0,0,0,0,0,0
9225,1992,9,8,1,1,0,0,0,1,2,0
9225,1994,11,9,5,0,0,0,2,0,0,0
9225,1995,6,6,2,1,0,0,0,0,1,0
9233,2003,3,2,1,0,0,0,1,0,1,0
9233,2004,10,7,1,0,0,0,3,0,0,0
9233,2005,12,12,4,0,0,0,0,0,0,0
9233,2006,5,5,2,0,0,0,0,0,1,0
9239,1993,1,1,0,0,0,0,0,0,0,0
9260,2006,1,1,1,1,0,0,0,0,0,0
9268,2004,6,5,0,0,0,0,1,0,2,0
9272,2000,7,5,2,0,0,0,2,0,3,0
9272,2001,3,3,0,0,0,0,0,0,1,0
9274,1987,7,6,2,0,0,0,0,0,1,1
9274,1988,6,6,0,0,0,0,0,0,3,0
9275,2003,3,3,2,0,0,0,0,0,1,0
9275,2004,3,3,2,2,0,0,0,0,1,0
9281,1987,3,3,0,0,0,0,0,0,0,0
9281,1990,3,3,1,0,0,0,0,0,0,0
9281,1991,3,3,0,0,0,0,0,0,2,0
9288,2007,5,4,1,0,0,0,0,0,1,1
9306,1991,14,13,3,0,0,0,1,0,2,0
9306,1992,10,9,3,0,1,0,1,0,2,0
9306,1994,7,7,1,0,0,0,0,0,2,0
9306,1996,8,6,0,0,0,0,2,0,2,0
9306,1997,4,4,0,0,0,0,0,0,2,0
9306,1998,10,8,3,3,0,0,2,0,2,0
9317,2004,12,10,6,0,0,1,2,0,1,0
9317,2005,5,5,1,0,0,0,0,0,2,0
9317,2006,9,9,1,0,0,0,0,0,2,0
9331,2006,3,3,0,0,0,0,0,0,1,0
9338,1996,10,9,4,0,0,3,1,0,2,0
9338,1997,10,8,0,0,0,0,2,0,2,0
9338,1998,7,4,0,0,0,0,3,0,3,0
9338,1999,9,8,1,0,0,0,1,0,2,0
9338,2000,4,3,1,0,0,0,1,0,1,0
9338,2001,6,6,0,0,0,0,0,0,2,0
9338,2002,3,2,1,0,0,0,1,0,1,0
9338,2003,11,10,2,1,0,0,1,0,5,0
9357,1987,5,5,1,0,0,0,0,0,1,0
9377,1996,6,6,2,0,1,0,0,0,1,0
9377,1998,9,9,1,0,0,1,0,0,4,0
9377,2000,6,6,2,0,0,0,0,0,1,0
9377,2001,4,4,0,0,0,0,0,0,2,0
9377,2002,6,5,2,0,0,0,1,0,1,0
9377,2003,3,2,1,0,0,0,0,0,0,1
9377,2005,12,12,4,0,0,2,0,0,2,0
9377,2006,3,3,0,0,0,0,0,0,0,0
9381,1984,3,3,0,0,0,0,0,0,1,0
9381,1985,5,5,0,0,0,0,0,0,1,0
9381,1986,3,3,0,0,0,0,0,0,1,0
9381,1987,14,14,4,0,0,0,0,0,1,0
9381,1988,10,10,2,1,0,0,0,0,1,0
9381,1990,6,5,1,0,0,0,1,0,1,0
9381,1991,3,3,1,0,0,0,0,0,1,0
9406,2004,2,2,1,0,0,1,0,0,0,0
9415,1988,15,14,3,0,1,0,1,0,1,0
9415,1989,10,9,3,1,0,0,1,0,0,0
9415,1990,9,9,1,0,0,0,0,0,2,0
9421,1984,3,2,0,0,0,0,1,0,0,0
9421,1986,3,2,1,0,0,0,1,0,0,0
9434,1992,7,4,0,0,0,0,1,0,1,0
9434,1994,9,7,2,1,0,0,2,0,1,0
9434,1995,3,2,1,1,0,0,1,0,1,0
9434,1998,5,3,0,0,0,0,1,0,1,0
9442,2005,2,2,0,0,0,0,0,0,1,0
9444,2004,9,8,4,1,0,0,1,0,0,0
9444,2005,11,10,2,0,0,0,1,0,2,0
9447,1987,4,3,1,0,0,0,1,0,1,0
9447,1988,4,4,1,0,0,0,0,0,0,0
9447,1993,3,2,0,0,0,0,1,0,2,0
9458,1986,6,6,1,1,0,0,0,0,2,0
9460,1994,11,10,2,1,0,0,1,0,1,0
9460,1997,3,3,0,0,0,0,0,0,0,0
9483,1990,2,1,0,0,0,0,1,0,1,0
9483,1991,7,5,3,1,0,0,2,0,1,0
9483,1992,10,8,1,0,0,0,2,0,2,0
9483,1993,3,3,0,0,0,0,0,0,0,0
9494,2002,5,5,0,0,0,0,0,0,3,0
9494,2003,3,3,1,1,0,0,0,0,0,0
9494,2005,6,5,0,0,0,0,1,0,2,0
9507,1998,4,3,2,0,0,0,1,0,0,0
9507,2003,3,3,1,0,0,0,0,0,1,0
9507,2004,11,11,1,0,0,0,0,0,1,0
9507,2006,3,3,1,0,0,0,0,0,0,0
9509,2005,4,4,1,0,0,0,0,0,1,0
9524,2006,2,2,0,0,0,0,0,0,1,0
9533,2003,3,3,0,0,0,0,0,0,1,0
9533,2005,3,3,0,0,0,0,0,0,2,0
9533,2007,3,3,3,0,0,1,0,0,0,0
9538,2004,1,1,0,0,0,0,0,0,0,0
9547,1986,3,3,1,0,1,0,0,0,0,0
9547,1987,9,7,1,1,0,0,1,1,1,0
9547,1988,7,7,2,1,0,0,0,0,1,0
9547,1989,4,3,1,0,0,0,1,0,0,0
9547,1990,4,4,0,0,0,0,0,0,0,0
9547,1991,13,13,2,0,0,0,0,0,3,0
9547,1992,7,6,0,0,0,0,1,0,1,0
9547,1993,10,8,1,1,0,0,2,0,0,0
9547,1994,3,2,1,1,0,0,1,0,1,0
9575,2001,9,7,1,0,0,1,2,0,2,0
9577,2007,1,1,0,0,0,0,0,0,0,0
9603,2004,1,1,0,0,0,0,0,0,0,0
9616,1985,5,5,3,0,0,0,0,0,0,0
9616,1986,8,7,2,0,0,0,0,0,0,1
9616,1987,7,7,0,0,0,0,0,0,3,0
9616,1988,6,6,3,0,0,0,0,0,2,0
9616,1991,4,4,1,1,0,0,0,0,0,0
9625,2005,3,3,1,0,0,1,0,0,1,0
9625,2007,6,5,3,0,1,0,0,1,0,0
9630,1988,5,5,1,0,0,0,0,0,0,0
9630,1989,3,2,0,0,0,0,0,0,0,0
9630,1990,6,5,1,0,0,0,0,0,0,0
9630,1993,3,3,0,0,0,0,0,0,0,0
9630,1995,3,3,1,0,0,0,0,0,0,0
9630,1996,3,3,1,0,0,0,0,0,0,0
9630,1997,3,3,1,0,0,0,0,0,1,0
9631,1984,4,4,2,0,0,0,0,0,0,0
9631,1986,12,12,3,0,0,0,0,0,1,0
9631,1987,8,8,1,0,0,0,0,0,0,0
9631,1988,6,4,1,0,0,0,2,0,2,0
9631,1989,7,5,1,0,0,1,2,0,1,0
9631,1990,6,5,3,0,0,0,1,0,0,0
9631,1991,8,8,4,0,0,0,0,0,0,0
9631,1993,15,13,3,2,0,0,2,0,0,0
9631,1994,4,3,0,0,0,0,0,0,1,1
9631,1995,9,8,2,0,0,0,1,0,2,0
9631,1996,10,9,0,0,0,0,1,0,3,0
9631,1997,10,10,1,0,0,0,0,0,4,0
9631,1998,10,10,5,1,0,1,0,0,1,0
9631,1999,5,4,2,0,0,0,0,0,0,0
9631,2000,3,3,0,0,0,0,0,0,0,0
9631,2001,3,3,0,0,0,0,0,0,2,0
9644,2001,4,4,0,0,0,0,0,0,0,0
9644,2003,2,2,1,0,0,0,0,0,1,0
9649,2004,3,2,0,0,0,0,1,0,1,0
9654,2004,3,2,1,1,0,0,1,0,1,0
9656,1998,2,2,0,0,0,0,0,0,1,0
9660,2002,3,3,1,0,0,0,0,0,1,0
9660,2006,3,3,0,0,0,0,0,0,1,0
9682,1996,7,6,1,0,0,0,1,0,3,0
9682,1997,4,4,1,0,1,0,0,0,1,0
9682,1998,4,4,1,0,0,0,0,0,1,0
9683,2001,3,3,1,0,1,0,0,0,0,0
9683,2002,6,6,2,0,0,0,0,0,3,0
9683,2003,13,12,2,0,0,0,1,0,4,0
9683,2007,7,6,3,1,0,0,1,0,0,0
9687,2004,3,2,0,0,0,0,1,0,0,0
9687,2005,4,4,1,0,1,0,0,0,1,0
9717,1986,4,3,0,0,0,0,1,0,1,0
9717,1989,3,3,0,0,0,0,0,0,2,0
9737,2003,3,3,0,0,0,0,0,0,0,0
9743,2005,7,7,0,0,0,0,0,0,1,0
9763,1994,3,2,0,0,0,0,0,0,1,1
9763,1996,11,10,4,0,0,0,0,0,1,1
9763,1997,10,10,5,1,0,0,0,0,1,0
9763,1998,11,11,3,2,0,0,0,0,3,0
9763,1999,6,5,2,0,0,1,0,0,1,1
9763,2000,7,6,1,0,0,0,1,0,3,0
9763,2001,3,2,2,1,0,0,1,0,0,0
9763,2002,3,3,2,1,0,1,0,0,0,0
9763,2003,6,4,1,1,0,0,2,0,1,0
9767,1991,4,4,1,0,0,0,0,0,0,0
9787,1997,4,4,0,0,0,0,0,0,2,0
9790,1991,3,3,1,1,0,0,0,0,0,0
9790,1992,1,1,0,0,0,0,0,0,0,0
9790,1993,6,5,1,0,1,0,0,1,1,0
9790,1994,3,3,0,0,0,0,0,0,1,0
9790,1995,3,3,2,0,0,2,0,0,1,0
9790,1996,7,6,1,0,0,0,1,0,1,0
9790,1997,10,9,1,0,0,0,1,0,0,0
9790,1998,3,3,1,1,0,0,0,0,0,0
9790,1999,4,4,0,0,0,0,0,0,1,0
9790,2001,3,3,2,0,0,1,0,0,0,0
9790,2002,3,3,1,0,0,0,0,0,2,0
9790,2006,3,3,0,0,0,0,0,0,0,0
9790,2007,6,5,1,0,0,0,1,0,3,0
9792,2006,5,5,1,0,0,0,0,0,2,0
9829,1984,4,4,2,0,0,1,0,0,0,0
9829,1986,1,1,0,0,0,0,0,0,0,0
9849,1992,1,1,0,0,0,0,0,0,0,0
9863,2003,3,3,2,1,0,0,0,0,1,0
9863,2004,10,9,2,0,0,2,1,0,1,0
9863,2005,6,4,1,1,0,0,2,0,0,0
9863,2006,5,5,2,0,0,0,0,0,1,0
9867,2001,3,3,0,0,0,0,0,0,0,0
9867,2002,3,3,1,0,0,0,0,0,1,0
9867,2003,11,8,4,1,0,2,3,0,0,0
9869,2004,4,4,3,1,1,0,0,0,1,0
9869,2005,4,4,1,0,0,0,0,0,0,0
9869,2006,6,6,0,0,0,0,0,0,2,0
9960,2005,3,3,2,2,0,0,0,0,0,0
9960,2006,3,3,0,0,0,0,0,0,2,0
9965,1992,2,2,0,0,0,0,0,0,1,0
9965,1993,2,2,0,0,0,0,0,0,1,0
9977,1988,1,1,0,0,0,0,0,0,0,0
10048,1987,2,2,0,0,0,0,0,0,1,0
10092,1999,3,1,0,0,0,0,2,0,0,0
10092,2001,3,3,0,0,0,0,0,0,0,0
10095,1997,3,2,0,0,0,0,1,0,1,0
10099,1986,3,3,1,0,0,0,0,0,0,0
10099,1987,3,3,0,0,0,0,0,0,0,0
10106,1988,1,0,0,0,0,0,1,0,0,0
10107,1985,5,5,2,0,0,0,0,0,0,0
10107,1986,7,6,4,1,0,0,0,0,0,0
10107,1987,13,11,3,0,0,0,2,0,1,0
10107,1988,3,3,0,0,0,0,0,0,1,0
10115,1992,3,3,0,0,0,0,0,0,3,0
10115,1993,10,10,2,0,0,1,0,0,4,0
10115,1994,6,6,1,0,0,0,0,0,2,0
10115,1995,12,10,1,0,0,0,1,1,3,0
10115,1996,7,7,1,0,0,0,0,0,1,0
10115,1998,4,4,3,2,0,0,0,0,1,0
10115,1999,3,2,0,0,0,0,1,0,1,0
10115,2000,8,6,2,0,0,1,2,0,0,0
10115,2001,3,3,2,1,0,0,0,0,1,0
10115,2003,4,4,1,1,0,0,0,0,1,0
10123,1984,4,4,0,0,0,0,0,0,0,0
10129,1994,1,1,0,0,0,0,0,0,0,0
10129,1996,4,4,0,0,0,0,0,0,2,0
10135,2003,7,7,2,0,0,0,0,0,1,0
10136,2006,2,2,0,0,0,0,0,0,1,0
10148,2005,6,6,3,2,0,1,0,0,0,0
10148,2006,6,4,1,0,0,0,1,0,1,1
10148,2007,3,3,0,0,0,0,0,0,0,0
10161,2000,7,7,2,0,0,0,0,0,0,0
10161,2001,3,3,0,0,0,0,0,0,0,0
10161,2002,5,5,1,1,0,0,0,0,0,0
10161,2003,3,3,2,0,0,0,0,0,0,0
10171,1989,4,3,2,0,0,0,1,0,0,0
10171,1990,3,3,0,0,0,0,0,0,1,0
10176,2001,9,8,1,0,0,0,1,0,5,0
10176,2002,5,5,1,0,0,0,0,0,3,0
10185,2002,4,4,0,0,0,0,0,0,2,0
10185,2004,3,1,1,0,0,0,2,0,0,0
10203,2002,4,4,2,1,0,0,0,0,1,0
10211,1997,4,4,1,0,0,0,0,0,2,0
10211,1998,4,3,1,0,0,0,1,0,2,0
10223,1988,12,10,3,0,0,0,2,0,1,0
10224,2002,3,1,0,0,0,0,1,0,0,0
10224,2003,6,6,2,0,0,0,0,0,1,0
10224,2006,2,2,1,0,0,0,0,0,0,0
10229,2006,2,1,1,0,0,0,0,0,0,0
10238,1993,3,3,0,0,0,0,0,0,1,0
10262,1989,16,15,9,0,0,1,1,0,1,0
10262,1990,3,3,0,0,0,0,0,0,2,0
10262,1991,16,16,4,2,0,0,0,0,2,0
10262,1992,9,8,2,1,0,0,1,0,1,0
10296,2007,1,0,0,0,0,0,0,0,0,1
10318,2004,6,6,0,0,0,0,0,0,1,0
10318,2005,3,3,0,0,0,0,0,0,1,0
10324,1985,3,2,1,0,0,0,0,1,0,0
10324,1986,10,10,2,0,0,0,0,0,2,0
10324,1987,7,7,3,0,0,0,0,0,0,0
10324,1988,11,9,2,0,1,0,1,0,4,0
10324,1989,3,3,1,0,0,0,0,0,0,0
10324,1990,6,6,2,1,0,0,0,0,1,0
10324,1991,3,3,0,0,0,0,0,0,1,0
10324,1994,4,3,2,0,0,0,1,0,0,0
10334,1986,3,2,1,0,0,0,1,0,0,0
10352,1990,3,2,1,0,1,0,1,0,0,0
10358,1988,1,1,1,0,0,0,0,0,0,0
10358,1989,3,3,0,0,0,0,0,0,1,0
10358,1990,3,3,1,0,0,0,0,0,0,0
10375,1984,3,3,0,0,0,0,0,0,2,0
10375,1985,3,3,1,0,0,0,0,0,1,0
10428,1993,12,11,5,1,0,0,1,0,0,0
10428,1997,4,4,2,1,0,0,0,0,1,0
10428,1998,10,8,2,1,0,0,2,0,3,0
10428,2000,6,4,0,0,0,0,2,0,1,0
10428,2001,6,6,2,1,0,0,0,0,3,0
10428,2002,6,5,3,0,0,0,1,0,1,0
10437,1987,8,7,1,1,0,0,1,0,1,0
10437,1988,12,12,4,0,0,0,0,0,4,0
10437,1989,4,4,2,0,0,0,0,0,2,0
10437,1990,16,14,4,0,0,0,2,0,2,0
10437,1991,4,4,0,0,0,0,0,0,3,0
10437,1992,10,10,3,0,0,0,0,0,0,0
10437,1993,3,3,2,0,0,0,0,0,0,0
10437,1994,8,6,2,1,0,0,1,1,0,0
10437,1995,3,1,1,0,0,0,2,0,0,0
10437,1996,11,9,4,2,0,0,2,0,0,0
10499,1987,5,4,1,0,0,0,1,0,1,0
10515,2002,2,2,0,0,0,0,0,0,2,0
10519,1986,11,11,4,1,0,0,0,0,2,0
10519,1987,7,5,1,1,0,0,2,0,0,0
10519,1988,6,6,2,2,0,0,0,0,2,0
10519,1989,6,5,2,0,0,0,1,0,1,0
10519,1990,4,3,1,0,0,0,1,0,0,0
10520,1989,8,7,5,1,0,0,1,0,0,0
10520,1990,8,8,3,0,0,0,0,0,1,0
10520,2007,3,3,3,1,0,0,0,0,0,0
10525,2006,2,2,0,0,0,0,0,0,1,0
10526,1984,4,4,0,0,0,0,0,0,0,0
10526,1986,6,6,1,1,0,0,0,0,3,0
10526,1991,4,3,0,0,0,0,0,1,1,0
10529,2000,2,2,0,0,0,0,0,0,1,0
10534,1986,3,3,0,0,0,0,0,0,0,0
10541,1984,8,8,2,0,0,0,0,0,4,0
10541,1985,7,7,2,0,0,0,0,0,3,0
10541,1987,7,6,1,1,0,0,1,0,1,0
10541,1988,13,10,3,0,0,0,2,1,6,0
10541,1989,1,1,0,0,0,0,0,0,1,0
10579,1990,6,6,2,0,0,0,0,0,1,0
10579,1991,6,6,1,1,0,0,0,0,3,0
10582,1998,3,2,0,0,0,0,1,0,1,0
10591,1986,3,3,1,0,0,0,0,0,0,0
10591,1987,11,10,3,1,0,0,1,0,3,0
10591,1988,8,7,1,0,1,0,1,0,3,0
10591,1989,15,14,3,3,0,0,1,0,3,0
10591,1990,5,5,1,0,0,0,0,0,1,0
10591,1991,6,6,1,0,0,0,0,0,0,0
10591,1992,3,3,1,0,0,0,0,0,0,0
10591,1993,4,4,1,0,1,0,0,0,0,0
10591,1994,8,8,1,0,0,0,0,0,1,0
10591,1996,7,7,2,0,0,0,0,0,2,0
10591,2001,3,3,0,0,0,0,0,0,0,0
10591,2002,3,3,1,1,0,0,0,0,0,0
10591,2003,3,2,0,0,0,0,1,0,2,0
10596,1994,3,3,0,0,0,0,0,0,2,0
10603,1999,3,2,1,0,0,0,1,0,1,0
10603,2001,1,1,0,0,0,0,0,0,0,0
10605,1997,1,1,0,0,0,0,0,0,0,0
10608,1984,6,6,1,0,0,0,0,0,1,0
10608,1985,5,4,1,0,0,0,1,0,0,0
10612,1999,3,3,1,0,0,0,0,0,1,0
10612,2001,3,3,2,0,0,0,0,0,1,0
10628,1999,6,5,2,0,0,0,1,0,1,0
10628,2000,5,5,1,0,0,0,0,0,2,0
10628,2001,3,3,1,0,0,0,0,0,0,0
10628,2002,13,12,2,0,0,1,1,0,4,0
10628,2003,6,6,2,1,0,0,0,0,1,0
10629,1995,2,1,0,0,0,0,1,0,0,0
10631,1984,4,3,1,0,0,0,0,0,1,0
10655,1987,1,1,0,0,0,0,0,0,1,0
10655,1988,12,11,4,0,0,0,1,0,6,0
10655,1990,6,5,2,0,0,0,1,0,3,0
10671,1984,3,3,0,0,0,0,0,0,0,0
10671,1989,6,5,1,0,0,1,0,1,2,0
10674,2004,6,6,0,0,0,0,0,0,1,0
10686,1984,10,10,1,0,0,0,0,0,4,0
10686,1985,6,6,2,0,0,0,0,0,0,0
10686,1986,14,13,0,0,0,0,1,0,3,0
10686,1987,10,9,3,1,0,0,1,0,1,0
10717,1994,3,3,1,0,0,0,0,0,0,0
10732,2002,3,3,0,0,0,0,0,0,1,0
10747,1985,3,2,0,0,0,0,1,0,1,0
10747,1993,2,2,0,0,0,0,0,0,1,0
10751,1995,3,2,0,0,0,0,1,0,0,0
10751,1996,5,5,1,0,0,0,0,0,4,0
10751,2001,3,3,1,0,0,0,0,0,1,0
10764,2000,5,5,2,0,0,1,0,0,1,0
10793,2005,3,3,0,0,0,0,0,0,0,0
10801,1997,6,4,0,0,0,0,1,0,3,1
10802,1993,10,10,0,0,0,0,0,0,5,0
10802,1994,6,5,0,0,0,0,1,0,4,0
10802,1995,12,12,2,1,0,0,0,0,4,0
10802,1996,8,7,1,0,0,0,1,0,2,0
10802,2002,4,4,0,0,0,0,0,0,1,0
10802,2004,3,3,0,0,0,0,0,0,1,0
10806,1986,3,3,0,0,0,0,0,0,3,0
10806,1987,6,6,0,0,0,0,0,0,6,0
10806,1988,7,7,0,0,0,0,0,0,3,0
10806,1989,6,6,2,0,0,0,0,0,0,0
10806,1991,1,1,0,0,0,0,0,0,0,0
10807,2005,6,6,0,0,0,0,0,0,3,0
10825,1992,8,8,2,0,0,0,0,0,0,0
10851,1990,3,3,0,0,0,0,0,0,0,0
10851,1991,1,1,0,0,0,0,0,0,0,0
10851,1992,14,14,4,1,0,0,0,0,1,0
10851,1993,14,11,1,0,0,0,2,0,6,1
10851,1994,3,3,0,0,0,0,0,0,0,0
10851,1996,11,10,4,1,0,0,1,0,2,0
10851,1997,10,8,4,0,0,0,0,2,1,0
10851,1998,3,2,0,0,0,0,1,0,0,0
10859,1989,4,4,1,0,0,1,0,0,1,0
10859,1990,6,6,0,0,0,0,0,0,3,0
10859,1991,3,3,0,0,0,0,0,0,2,0
10859,2003,3,3,1,0,0,0,0,0,0,0
10859,2004,6,6,2,0,0,0,0,0,2,0
10899,2003,3,3,0,0,0,0,0,0,0,0
10904,1989,4,4,2,0,0,1,0,0,0,0
10904,1990,3,3,0,0,0,0,0,0,2,0
10904,1991,7,7,3,1,1,0,0,0,2,0
10904,1993,3,3,1,0,0,0,0,0,0,0
10904,1994,7,7,1,0,1,0,0,0,2,0
10907,1997,6,5,0,0,0,0,1,0,2,0
10907,1998,6,6,1,1,0,0,0,0,0,0
10907,1999,6,6,1,1,0,0,0,0,0,0
10907,2000,6,3,0,0,0,0,3,0,1,0
10907,2001,6,6,1,1,0,0,0,0,1,0
10907,2003,6,6,0,0,0,0,0,0,0,0
10907,2004,3,2,0,0,0,0,1,0,0,0
10914,2004,3,3,0,0,0,0,0,0,1,0
10918,1993,5,4,1,1,0,0,0,0,1,1
10918,1994,3,3,0,0,0,0,0,0,2,0
10918,1995,12,11,1,1,0,0,1,0,3,0
10918,1996,4,4,1,0,0,0,0,0,2,0
10918,1998,3,3,1,0,0,0,0,0,0,0
10927,1990,4,4,0,0,0,0,0,0,3,0
10934,1984,1,1,0,0,0,0,0,0,1,0
10940,1995,5,5,2,0,0,0,0,0,1,0
10940,1996,6,5,1,1,0,0,1,0,3,0
10940,1997,4,4,0,0,0,0,0,0,4,0
10941,1996,1,1,1,0,1,0,0,0,0,0
10941,1997,7,6,0,0,0,0,1,0,1,0
10941,1998,10,8,2,1,0,0,2,0,3,0
10941,1999,9,6,0,0,0,0,3,0,3,0
10941,2000,3,3,0,0,0,0,0,0,1,0
10941,2005,3,3,0,0,0,0,0,0,1,0
10948,1992,7,7,2,0,0,0,0,0,3,0
10962,1991,3,2,0,0,0,0,1,0,1,0
10962,1994,3,3,1,0,0,0,0,0,2,0
10962,1998,3,1,0,0,0,0,2,0,0,0
10962,1999,3,3,0,0,0,0,0,0,2,0
10962,2000,3,3,0,0,0,0,0,0,1,0
10966,1987,4,4,0,0,0,0,0,0,2,0
10995,1986,4,4,2,0,0,0,0,0,0,0
11002,1988,3,2,0,0,0,0,1,0,1,0
11002,1989,11,11,2,0,0,1,0,0,1,0
11002,1990,10,10,3,0,0,0,0,0,3,0
11002,1991,3,3,1,0,0,0,0,0,0,0
11002,1994,7,5,0,0,0,0,1,0,1,0
11002,1995,2,2,0,0,0,0,0,0,0,0
11002,1996,3,3,1,0,0,0,0,0,1,0
11002,1997,6,6,3,1,0,1,0,0,2,0
11002,1998,9,7,2,0,0,0,1,1,3,0
11002,1999,6,6,2,0,0,0,0,0,0,0
11008,1985,3,2,1,0,0,0,1,0,0,0
11032,1990,6,6,1,0,0,0,0,0,2,0
11032,1992,7,5,1,0,0,0,2,0,2,0
11032,1997,7,7,0,0,0,0,0,0,2,0
11032,1998,3,3,1,1,0,0,0,0,0,0
11032,1999,7,7,0,0,0,0,0,0,3,0
11032,2001,3,3,0,0,0,0,0,0,1,0
11032,2002,2,2,0,0,0,0,0,0,0,0
11046,2000,4,4,1,0,0,0,0,0,0,0
11046,2001,15,15,5,1,0,0,0,0,3,0
11046,2002,10,9,3,1,0,0,1,0,2,0
11046,2003,3,3,0,0,0,0,0,0,0,0
11054,1988,11,10,0,0,0,0,0,1,6,0
11054,1989,3,3,0,0,0,0,0,0,0,0
11054,1990,15,15,4,1,0,0,0,0,1,0
11054,1991,3,3,0,0,0,0,0,0,1,0
11054,1996,4,4,3,0,0,0,0,0,0,0
11064,1999,3,3,1,0,0,0,0,0,1,0
11064,2000,5,4,1,0,0,0,1,0,2,0
11078,1989,6,5,0,0,0,0,0,0,1,0
11100,1996,10,9,2,1,0,0,1,0,5,0
11100,1998,3,3,1,0,0,0,0,0,1,0
11101,1989,4,3,1,0,0,0,1,0,1,0
11101,1993,6,5,0,0,0,0,1,0,2,0
11101,1994,3,2,1,0,0,0,1,0,1,0
11101,1995,3,2,0,0,0,0,1,0,1,0
11101,1996,7,6,1,1,0,0,1,0,1,0
11134,1991,3,3,0,0,0,0,0,0,1,0
11134,1992,4,4,1,1,0,0,0,0,3,0
11145,2001,4,4,2,1,0,0,0,0,1,0
11162,2005,7,7,2,0,0,0,0,0,3,0
11171,1984,6,6,4,0,1,0,0,0,1,0
11171,1985,6,6,1,0,0,0,0,0,3,0
11171,1986,3,3,0,0,0,0,0,0,0,0
11171,1989,3,2,0,0,0,0,1,0,2,0
11172,2004,5,5,0,0,0,0,0,0,1,0
11173,1987,7,7,0,0,0,0,0,0,0,0
11173,1988,16,15,3,0,0,1,1,0,3,0
11173,1989,7,5,2,0,0,0,1,0,0,0
11173,1990,1,1,0,0,0,0,0,0,0,0
11173,1991,8,6,4,0,0,0,1,0,0,0
11173,1992,11,10,5,2,0,0,1,0,0,0
11173,1993,3,3,1,1,0,0,0,0,1,0
11173,1994,3,2,1,0,0,1,1,0,0,0
11173,1995,6,6,2,0,0,0,0,0,1,0
11173,1996,10,10,4,0,2,2,0,0,1,0
11173,1997,8,8,1,0,0,0,0,0,2,0
11173,1998,10,9,3,0,0,0,1,0,3,0
11173,1999,9,8,2,0,0,0,1,0,1,0
11173,2000,6,6,0,0,0,0,0,0,1,0
11173,2003,8,8,2,0,0,1,0,0,1,0
11188,1997,1,1,1,1,0,0,0,0,0,0
11188,1998,4,4,1,0,0,0,0,0,2,0
11190,2001,7,7,1,1,0,0,0,0,0,0
11190,2002,7,4,1,0,0,0,3,0,0,0
11190,2003,6,6,0,0,0,0,0,0,1,0
11190,2004,4,3,0,0,0,0,1,0,1,0
11190,2007,3,3,3,0,0,1,0,0,0,0
11195,1986,4,3,0,0,0,0,1,0,0,0
11195,1987,6,6,1,1,0,0,0,0,3,0
11195,1988,12,11,1,0,0,0,1,0,7,0
11195,1991,4,4,0,0,0,0,0,0,2,0
11201,2003,5,5,1,0,0,1,0,0,0,0
11211,1997,3,3,0,0,0,0,0,0,0,0
11211,2000,3,2,0,0,0,0,0,1,1,0
11211,2001,4,3,0,0,0,0,1,0,0,0
11211,2002,3,3,2,1,0,0,0,0,0,0
11211,2003,3,3,0,0,0,0,0,0,3,0
11233,1984,9,8,1,0,0,0,1,0,1,0
11233,1985,3,3,0,0,0,0,0,0,2,0
11233,1986,3,3,2,0,0,0,0,0,1,0
11233,1987,11,8,2,0,0,0,2,0,2,0
11233,1990,3,3,1,1,0,0,0,0,1,0
11233,1992,2,2,0,0,0,0,0,0,0,0
11237,2004,3,3,1,0,0,0,0,0,2,0
11237,2005,5,5,3,0,0,0,0,0,0,0
11260,1996,3,3,1,0,0,0,0,0,1,0
11260,1997,3,2,0,0,0,0,1,0,2,0
11263,1986,6,5,1,0,0,0,1,0,1,0
11263,1987,5,4,1,0,0,0,1,0,2,0
11263,1988,12,12,1,0,0,0,0,0,4,0
11263,1989,3,3,1,0,0,0,0,0,0,0
11263,1990,4,4,0,0,0,0,0,0,3,0
11263,1991,6,5,1,1,0,0,0,0,2,1
11263,1992,3,3,1,0,0,0,0,0,0,0
11263,1993,6,5,1,0,0,1,1,0,3,0
11263,1994,6,6,1,0,0,0,0,0,4,0
11263,1995,3,3,0,0,0,0,0,0,1,0
11263,1996,6,5,2,0,0,1,1,0,1,0
11274,1997,3,3,0,0,0,0,0,0,1,0
11274,1998,3,3,1,1,0,0,0,0,2,0
11281,2001,3,3,1,0,0,0,0,0,0,0
11286,1998,3,3,0,0,0,0,0,0,1,0
11291,2007,3,3,1,0,0,0,0,0,1,0
11328,2005,3,3,0,0,0,0,0,0,1,0
11328,2007,3,3,0,0,0,0,0,0,1,0
11331,2003,3,2,0,0,0,0,1,0,0,0
11332,1999,9,8,1,0,0,0,1,0,2,0
11332,2000,3,3,1,1,0,0,0,0,0,0
11332,2001,6,6,2,0,0,0,0,0,2,0
11332,2002,3,3,1,0,0,0,0,0,2,0
11332,2003,6,6,3,0,0,0,0,0,0,0
11332,2007,3,3,1,1,0,0,0,0,0,0
11368,1986,2,2,0,0,0,0,0,0,1,0
11368,1987,6,5,2,0,0,1,1,0,1,0
11368,1989,3,2,0,0,0,0,1,0,0,0
11368,1990,6,4,0,0,0,0,1,0,1,1
11368,1991,12,11,3,1,0,0,1,0,2,0
11368,1992,3,1,0,0,0,0,1,0,1,1
11368,1993,2,2,1,0,0,0,0,0,1,0
11368,1994,6,5,2,1,0,1,1,0,3,0
11368,1995,3,1,0,0,0,0,2,0,0,0
11368,1996,7,6,0,0,0,0,1,0,3,0
11369,1984,7,5,0,0,0,0,1,0,2,1
11369,1985,5,5,0,0,0,0,0,0,1,0
11376,2006,3,3,0,0,0,0,0,0,0,0
11376,2007,6,6,0,0,0,0,0,0,2,0
11385,2006,3,2,0,0,0,0,0,1,1,0
11403,2004,3,3,0,0,0,0,0,0,0,0
11416,1991,14,10,1,0,0,0,4,0,4,0
11416,1992,10,5,3,1,0,0,4,0,0,1
11416,1994,6,4,3,0,0,2,2,0,0,0
11416,1996,7,6,2,0,0,1,1,0,0,0
11416,1997,11,10,2,0,0,0,1,0,2,0
11416,1998,6,6,0,0,0,0,0,0,1,0
11416,1999,3,3,1,0,0,0,0,0,0,0
11416,2000,5,5,1,0,0,0,0,0,2,0
11416,2002,3,3,0,0,0,0,0,0,2,0
11416,2003,3,3,1,0,0,1,0,0,2,0
11416,2007,5,5,2,0,0,0,0,0,1,0
11418,1985,4,4,0,0,0,0,0,0,2,0
11418,1986,3,3,1,0,0,1,0,0,1,0
11423,1992,3,2,1,0,0,0,0,0,0,1
11423,1993,7,5,2,0,0,1,2,0,1,0
11423,1994,3,3,1,1,0,0,0,0,1,0
11423,1995,3,3,1,0,0,1,0,0,0,0
11423,1996,10,6,3,1,0,1,3,1,0,0
11423,1997,10,8,1,0,0,0,2,0,3,0
11423,1998,7,7,2,0,0,2,0,0,4,0
11423,1999,9,9,1,1,0,0,0,0,3,0
11423,2000,3,3,1,1,0,0,0,0,1,0
11423,2001,6,5,4,2,0,2,1,0,1,0
11423,2002,2,2,1,0,0,1,0,0,0,0
11423,2004,5,4,3,1,0,0,1,0,1,0
11423,2007,2,2,1,0,0,0,0,0,0,0
11426,2002,1,1,0,0,0,0,0,0,0,0
11443,2001,2,2,0,0,0,0,0,0,1,0
11455,1992,6,5,1,1,0,0,1,0,1,0
11456,1984,10,5,2,0,0,0,4,0,2,1
11482,2006,2,1,0,0,0,0,1,0,0,0
11490,1999,1,1,0,0,0,0,0,0,0,0
11490,2000,2,2,1,0,0,1,0,0,1,0
11493,1988,2,2,0,0,0,0,0,0,0,0
11493,1991,3,3,0,0,0,0,0,0,1,0
11493,1992,6,6,0,0,0,0,0,0,4,0
11495,1997,3,3,0,0,0,0,0,0,1,0
11517,1984,3,3,0,0,0,0,0,0,1,0
11517,1986,5,4,1,0,0,0,1,0,0,0
11517,1987,4,3,1,0,0,0,0,0,2,0
11517,1989,3,2,0,0,0,0,1,0,1,0
11521,1998,3,3,1,0,0,0,0,0,2,0
11522,2005,2,2,1,0,0,0,0,0,1,0
11540,2002,3,2,1,0,0,0,1,0,0,0
11560,2005,3,3,0,0,0,0,0,0,1,0
11560,2007,2,2,0,0,0,0,0,0,0,0
11561,1988,1,1,0,0,0,0,0,0,0,0
11571,1986,4,2,0,0,0,0,1,1,1,0
11571,1988,6,6,3,1,0,0,0,0,1,0
11571,1989,6,6,2,0,0,0,0,0,3,0
11572,2001,3,3,1,0,0,0,0,0,1,0
11573,2004,4,3,1,0,0,0,1,0,2,0
11573,2005,3,3,2,1,0,1,0,0,0,0
11573,2006,6,6,1,1,0,0,0,0,3,0
11580,1984,4,4,1,0,0,0,0,0,2,0
11580,1986,11,10,3,0,0,1,1,0,1,0
11580,1987,12,11,7,2,0,1,1,0,0,0
11580,1988,13,13,3,2,0,0,0,0,0,0
11580,1989,3,3,1,0,0,0,0,0,0,0
11580,1990,7,7,2,2,0,0,0,0,2,0
11580,1991,3,3,1,0,0,0,0,0,0,0
11580,1993,2,2,0,0,0,0,0,0,1,0
11580,1994,6,5,4,1,0,0,1,0,0,0
11580,1996,8,8,2,0,0,0,0,0,1,0
11581,1999,3,2,2,0,0,1,1,0,0,0
11581,2000,3,3,0,0,0,0,0,0,1,0
11588,1993,11,11,3,2,0,0,0,0,1,0
11612,2002,6,6,2,1,0,0,0,0,1,0
11625,1996,10,9,3,1,0,0,1,0,4,0
11625,1997,4,4,1,0,0,0,0,0,1,0
11625,2002,3,3,0,0,0,0,0,0,3,0
11625,2004,3,3,0,0,0,0,0,0,1,0
11625,2005,4,4,0,0,0,0,0,0,2,0
11634,2007,2,2,2,0,0,1,0,0,0,0
11648,1992,1,1,0,0,0,0,0,0,1,0
11656,2000,4,4,2,1,0,0,0,0,0,0
11656,2001,20,16,2,1,0,0,3,0,6,0
11656,2002,10,9,1,0,0,0,1,0,2,0
11656,2003,3,3,0,0,0,0,0,0,1,0
11665,2006,3,3,0,0,0,0,0,0,1,0
11680,1984,6,6,2,0,1,0,0,0,3,0
11680,1985,3,3,1,0,0,0,0,0,0,0
11680,1986,13,13,3,0,0,0,0,0,1,0
11680,1987,9,9,2,0,0,1,0,0,2,0
11680,1988,7,7,0,0,0,0,0,0,2,0
11681,2007,3,0,0,0,0,0,2,0,0,1
11693,2002,2,2,1,0,0,0,0,0,0,0
11693,2007,1,1,1,0,0,0,0,0,0,0
11698,2005,3,3,1,1,0,0,0,0,0,0
11698,2006,5,3,0,0,0,0,1,1,1,0
11718,1997,4,3,0,0,0,0,0,1,1,0
11731,2004,3,3,0,0,0,0,0,0,1,0
11731,2005,3,3,0,0,0,0,0,0,2,0
11736,1997,7,6,2,1,0,0,1,0,2,0
11736,1998,4,4,0,0,0,0,0,0,3,0
11736,1999,6,5,2,0,0,0,0,0,0,1
11736,2000,3,3,1,0,0,0,0,0,0,0
11737,1994,6,4,1,1,0,0,1,0,0,0
11737,1995,3,3,2,1,0,1,0,0,0,0
11737,1996,9,9,1,0,0,0,0,0,4,0
11737,1997,6,6,2,0,0,0,0,0,2,0
11737,2000,6,4,1,0,0,1,1,1,1,0
11737,2001,3,3,0,0,0,0,0,0,0,0
11737,2002,6,6,1,1,0,0,0,0,4,0
11737,2003,2,2,0,0,0,0,0,0,0,0
11737,2007,3,3,0,0,0,0,0,0,1,0
11738,1998,3,3,0,0,0,0,0,0,1,0
11738,2003,8,6,1,0,0,1,0,1,1,1
11738,2004,3,3,1,0,0,0,0,0,0,0
11738,2005,4,4,0,0,0,0,0,0,1,0
11743,1988,3,3,0,0,0,0,0,0,0,0
11743,1990,3,3,0,0,0,0,0,0,1,0
11743,1991,4,4,2,0,0,1,0,0,0,0
11743,1992,7,7,3,2,0,0,0,0,1,0
11743,1993,4,3,1,0,0,0,1,0,0,0
11768,2005,2,2,0,0,0,0,0,0,0,0
11776,1999,5,5,2,1,0,0,0,0,2,0
11776,2000,6,5,0,0,0,0,1,0,3,0
11776,2001,3,2,1,0,0,0,1,0,1,0
11776,2002,5,5,0,0,0,0,0,0,2,0
11776,2003,2,2,0,0,0,0,0,0,0,0
11776,2007,6,4,0,0,0,0,2,0,1,0
11796,1989,4,4,1,0,0,0,0,0,2,0
11796,1990,6,6,0,0,0,0,0,0,3,0
11796,1991,8,8,0,0,0,0,0,0,5,0
11796,1994,6,5,1,0,0,0,1,0,2,0
11796,1995,3,2,0,0,0,0,1,0,0,0
11796,1996,6,4,0,0,0,0,2,0,4,0
11796,2001,10,10,2,1,0,0,0,0,4,0
11796,2002,6,6,0,0,0,0,0,0,5,0
11798,1997,11,10,1,1,0,0,0,1,6,0
11798,1998,4,4,1,0,0,0,0,0,2,0
11798,1999,3,2,0,0,0,0,0,1,1,0
11798,2000,10,9,1,0,0,0,1,0,1,0
11798,2002,3,3,0,0,0,0,0,0,1,0
11817,1989,3,3,2,0,0,0,0,0,0,0
11817,1990,3,3,1,0,0,0,0,0,1,0
11817,1991,6,5,1,0,0,0,1,0,1,0
11817,1992,11,9,3,0,0,0,2,0,2,0
11817,1993,7,6,1,1,0,0,0,1,3,0
11817,1994,6,6,0,0,0,0,0,0,5,0
11817,1996,8,8,1,0,0,0,0,0,1,0
11817,1998,4,3,0,0,0,0,1,0,2,0
11817,1999,8,7,4,1,0,0,0,1,2,0
11817,2000,4,4,0,0,0,0,0,0,0,0
11821,1989,1,1,0,0,0,0,0,0,1,0
11821,1990,6,6,1,0,0,0,0,0,2,0
11821,1991,3,3,2,1,0,0,0,0,0,0
11828,1990,7,6,3,0,0,1,0,0,0,0
11828,1991,14,13,3,1,0,0,1,0,1,0
11828,1992,10,10,5,2,0,0,0,0,2,0
11828,1994,6,6,0,0,0,0,0,0,1,0
11828,1996,7,4,1,0,0,0,2,0,0,1
11828,1997,4,2,0,0,0,0,2,0,0,0
11828,1998,6,6,1,1,0,0,0,0,1,0
11828,1999,5,5,2,0,0,0,0,0,0,0
11828,2000,6,6,0,0,0,0,0,0,2,0
11828,2004,3,3,0,0,0,0,0,0,1,0
11832,2000,3,2,1,0,0,0,1,0,0,0
11833,1999,3,2,0,0,0,0,0,1,0,0
11852,2006,5,4,0,0,0,0,1,0,1,0
11854,1998,4,4,2,0,0,0,0,0,0,0
11854,1999,3,3,1,0,0,0,0,0,1,0
11854,2004,4,3,1,0,0,0,1,0,0,0
11854,2005,3,2,0,0,0,0,1,0,0,0
11854,2007,2,2,0,0,0,0,0,0,0,0
11877,1993,3,2,0,0,0,0,1,0,0,0
11877,1995,3,1,1,0,0,0,1,1,0,0
11877,1996,11,10,3,0,0,0,1,0,2,0
11877,1997,8,7,0,0,0,0,1,0,3,0
11889,1996,3,1,0,0,0,0,2,0,0,0
11889,1997,3,3,0,0,0,0,0,0,1,0
11896,1989,2,2,0,0,0,0,0,0,1,0
11896,1991,11,10,0,0,0,0,0,0,1,0
11896,1992,13,13,4,0,0,0,0,0,2,0
11896,1993,6,5,0,0,0,0,1,0,2,0
11896,1994,4,4,2,0,0,0,0,0,0,0
11896,1996,10,9,3,0,0,0,1,0,3,0
11896,1997,10,9,2,0,0,0,0,1,5,0
11896,1998,8,7,1,1,0,0,1,0,2,0
11896,1999,10,8,2,0,0,0,0,0,1,0
11896,2000,4,4,1,0,0,0,0,0,1,0
11896,2001,8,6,0,0,0,0,1,0,3,0
11896,2002,4,4,1,0,0,0,0,0,0,0
11901,1993,3,3,0,0,0,0,0,0,2,0
11901,1994,3,3,0,0,0,0,0,0,1,0
11901,1998,4,3,1,1,0,0,1,0,1,0
11915,1984,8,8,3,1,0,0,0,0,3,0
11915,1985,4,4,1,0,0,0,0,0,2,0
11950,1994,9,7,1,0,0,0,2,0,3,0
11950,1996,3,2,0,0,0,0,0,0,1,1
11950,1999,2,2,0,0,0,0,0,0,0,0
11950,2002,3,3,0,0,0,0,0,0,1,0
11959,1988,3,1,0,0,0,0,1,0,1,0
11961,1988,6,5,1,0,0,0,1,0,2,0
11964,1984,8,6,1,0,0,0,2,0,0,0
11964,1985,3,3,0,0,0,0,0,0,2,0
11964,1986,6,6,3,1,0,0,0,0,0,0
11964,1987,7,6,1,1,0,0,0,0,2,1
11964,1988,6,6,1,0,0,1,0,0,3,0
11964,1989,4,3,0,0,0,0,1,0,1,0
11964,1990,8,7,1,0,0,0,1,0,2,0
11971,2002,2,2,0,0,0,0,0,0,0,0
11971,2004,3,3,1,0,0,0,0,0,1,0
11971,2005,12,9,1,0,0,0,3,0,3,0
11980,1998,6,5,2,0,1,0,1,0,1,0
11980,1999,7,6,1,0,0,0,1,0,2,0
11980,2000,4,2,1,0,0,0,1,0,0,1
11980,2003,15,15,7,0,0,0,0,0,2,0
11980,2004,14,12,4,0,1,1,1,0,1,1
11980,2006,4,4,0,0,0,0,0,0,0,0
12034,2004,6,6,0,0,0,0,0,0,2,0
12034,2005,1,1,0,0,0,0,0,0,0,0
12035,1984,4,3,2,0,0,1,1,0,0,0
12035,1986,3,2,0,0,0,0,1,0,1,0
12035,1987,10,9,2,0,0,0,1,0,5,0
12035,1989,4,4,1,0,0,0,0,0,1,0
12035,1990,7,7,1,0,0,0,0,0,1,0
12040,1991,3,3,1,0,0,0,0,0,0,0
12040,1994,6,5,1,0,0,0,1,0,2,0
12054,1987,7,6,1,0,0,0,1,0,2,0
12054,1988,15,14,4,0,0,0,1,0,4,0
12054,1989,14,13,6,1,0,1,1,0,2,0
12054,1990,4,4,1,0,0,0,0,0,1,0
12071,1984,3,3,1,0,0,0,0,0,2,0
12071,1985,2,2,0,0,0,0,0,0,0,0
12094,2005,2,2,0,0,0,0,0,0,1,0
12094,2006,2,2,0,0,0,0,0,0,2,0
12112,1992,5,5,0,0,0,0,0,0,0,0
12112,1997,6,5,1,0,0,0,1,0,1,0
12112,1998,3,3,1,0,0,0,0,0,1,0
12113,1990,6,6,0,0,0,0,0,0,5,0
12119,2005,5,4,2,0,0,1,1,0,2,0
12131,1988,3,3,3,1,0,0,0,0,0,0
12131,1989,6,4,0,0,0,0,1,0,2,0
12131,1990,9,9,3,1,0,0,0,0,3,0
12131,1999,4,3,0,0,0,0,1,0,0,0
12140,1989,3,3,0,0,0,0,0,0,2,0
12146,2004,2,2,0,0,0,0,0,0,2,0
12146,2005,2,2,0,0,0,0,0,0,2,0
12151,2002,9,8,2,1,0,0,1,0,2,0
12151,2003,3,3,1,1,0,0,0,0,1,0
12151,2005,3,2,1,0,0,0,1,0,0,0
12151,2007,5,5,0,0,0,0,0,0,1,0
12156,1997,1,1,0,0,0,0,0,0,0,0
12156,2004,1,1,0,0,0,0,0,0,0,0
12166,2004,3,3,0,0,0,0,0,0,2,0
12166,2005,6,5,0,0,0,0,1,0,3,0
12202,1987,12,12,1,0,0,0,0,0,2,0
12202,1988,3,3,1,0,0,0,0,0,1,0
12202,1989,14,14,2,0,0,0,0,0,3,0
12202,1990,3,3,0,0,0,0,0,0,1,0
12202,1991,14,14,2,0,1,0,0,0,7,0
12202,1992,11,10,1,0,0,1,1,0,3,0
12202,1993,11,10,4,1,0,0,1,0,2,0
12202,1994,4,3,0,0,0,0,1,0,1,0
12202,1995,7,7,1,1,0,0,0,0,3,0
12207,1985,2,2,0,0,0,0,0,0,0,0
12207,1986,12,11,1,1,0,0,1,0,2,0
12207,1987,9,8,0,0,0,0,1,0,1,0
12207,1988,6,6,1,0,0,0,0,0,2,0
12207,1989,7,6,1,1,0,0,1,0,0,0
12213,1984,7,7,1,0,0,0,0,0,2,0
12213,1985,7,6,0,0,0,0,1,0,1,0
12213,1986,4,4,0,0,0,0,0,0,2,0
12213,1987,8,7,2,0,0,0,1,0,1,0
12213,1988,11,11,2,0,0,0,0,0,5,0
12221,1984,3,3,1,0,0,0,0,0,0,0
12221,1986,11,9,4,1,0,0,2,0,2,0
12221,1987,13,12,4,0,0,0,0,0,2,1
12221,1988,11,8,4,0,0,1,3,0,1,0
12221,1989,7,7,2,0,0,1,0,0,0,0
12221,1990,7,6,2,1,0,0,0,0,1,1
12221,1991,14,12,3,1,0,0,2,0,0,0
12221,1992,3,1,0,0,0,0,2,0,0,0
12221,1993,3,1,0,0,0,0,2,0,0,0
12221,1994,6,5,1,0,0,0,1,0,3,0
12221,1995,3,1,1,0,0,1,2,0,0,0
12224,1991,3,3,1,1,0,0,0,0,0,0
12224,1992,10,9,1,0,0,0,1,0,6,0
12224,1996,3,3,1,0,0,0,0,0,1,0
12231,1997,3,3,2,0,0,1,0,0,0,0
12231,1998,4,4,2,1,0,0,0,0,0,0
12231,1999,4,3,1,1,0,0,1,0,2,0
12249,1997,3,3,1,0,0,0,0,0,1,0
12249,1998,3,3,0,0,0,0,0,0,1,0
12249,1999,3,3,0,0,0,0,0,0,0,0
12259,2003,3,3,0,0,0,0,0,0,1,0
12259,2004,3,3,1,0,0,0,0,0,1,0
12268,1984,2,2,1,0,0,0,0,0,1,0
12268,1986,7,7,1,0,0,0,0,0,3,0
12276,2004,7,6,4,2,0,1,1,0,1,0
12276,2005,3,3,0,0,0,0,0,0,2,0
12277,1984,3,3,1,0,0,0,0,0,1,0
12277,1986,3,3,0,0,0,0,0,0,0,0
12277,1987,8,8,5,0,1,0,0,0,1,0
12277,1988,7,6,0,0,0,0,1,0,0,0
12277,1992,4,3,0,0,0,0,1,0,0,0
12281,1997,2,2,0,0,0,0,0,0,0,0
12281,1998,3,3,1,0,0,0,0,0,1,0
12289,1991,8,7,1,1,0,0,1,0,1,0
12289,1992,4,4,0,0,0,0,0,0,1,0
12289,1993,3,2,1,0,0,0,0,1,0,0
12289,1994,6,4,0,0,0,0,2,0,2,0
12289,1996,14,11,2,0,0,1,3,0,3,0
12289,1997,8,8,1,0,0,0,0,0,5,0
12289,1998,10,9,3,2,0,0,1,0,2,0
12310,1987,4,4,0,0,0,0,0,0,3,0
12310,1989,3,3,0,0,0,0,0,0,0,0
12314,1997,6,6,1,0,0,0,0,0,4,0
12314,2000,3,3,0,0,0,0,0,0,2,0
12315,1996,3,3,0,0,0,0,0,0,3,0
12319,1984,4,4,1,0,0,0,0,0,1,0
12319,1986,2,2,0,0,0,0,0,0,0,0
12321,2004,2,2,0,0,0,0,0,0,2,0
12321,2005,3,2,0,0,0,0,0,0,2,0
12322,2006,2,2,1,0,0,0,0,0,1,0
12328,1988,3,2,0,0,0,0,0,0,2,0
12328,1989,4,4,1,0,0,0,0,0,1,0
12333,1997,9,8,3,0,0,0,1,0,2,0
12347,2007,3,2,0,0,0,0,1,0,0,0
12368,2004,9,8,1,0,0,0,1,0,3,0
12368,2005,3,2,0,0,0,0,1,0,1,0
12371,1994,6,6,0,0,0,0,0,0,2,0
12371,1996,6,6,2,1,0,0,0,0,1,0
12371,1997,4,3,0,0,0,0,0,1,0,0
12371,1999,1,1,0,0,0,0,0,0,0,0
12371,2000,6,6,3,0,0,0,0,0,1,0
12371,2002,3,2,1,1,0,0,0,0,1,0
12371,2003,3,3,2,2,0,0,0,0,0,0
12371,2004,3,3,1,0,0,0,0,0,1,0
12374,1999,3,3,0,0,0,0,0,0,0,0
12374,2005,2,1,0,0,0,0,1,0,0,0
12376,1988,6,6,0,0,0,0,0,0,4,0
12380,2004,9,9,1,0,0,0,0,0,1,0
12380,2005,9,8,3,0,1,0,1,0,0,0
12380,2006,3,3,1,1,0,0,0,0,0,0
12380,2007,2,2,1,1,0,0,0,0,0,0
12381,2007,2,2,1,0,1,0,0,0,0,0
12386,1989,8,7,2,0,0,0,0,1,1,0
12386,1990,10,9,2,1,0,0,0,0,1,0
12386,1991,9,8,1,0,0,0,0,0,2,1
12392,1999,3,3,0,0,0,0,0,0,1,0
12392,2000,3,2,1,0,0,1,1,0,1,0
12392,2005,6,6,1,0,0,1,0,0,4,0
12401,2003,3,3,0,0,0,0,0,0,0,0
12401,2004,3,3,0,0,0,0,0,0,2,0
12402,1984,8,8,3,0,0,0,0,0,1,0
12402,1985,11,11,2,0,1,0,0,0,2,0
12402,1986,4,4,0,0,0,0,0,0,1,0
12402,1987,8,7,1,0,0,0,0,1,0,0
12402,1988,12,12,1,0,0,0,0,0,7,0
12402,1990,10,9,2,1,0,0,0,0,4,0
12402,1991,1,1,0,0,0,0,0,0,1,0
12414,1984,2,2,1,0,0,0,0,0,0,0
12414,1985,5,5,3,0,0,1,0,0,0,0
12414,1986,4,4,0,0,0,0,0,0,1,0
12414,1987,14,14,5,1,0,1,0,0,2,0
12414,1988,14,13,5,2,0,0,1,0,3,0
12414,1990,6,6,0,0,0,0,0,0,1,0
12414,1991,4,4,3,0,1,0,0,0,0,0
12414,1992,11,10,2,0,0,1,1,0,2,0
12414,1994,7,7,1,1,0,0,0,0,0,0
12425,1998,4,3,1,0,0,0,1,0,1,0
12425,1999,3,3,2,0,0,0,0,0,0,0
12425,2000,5,5,2,0,0,0,0,0,1,0
12425,2001,14,9,3,0,0,0,5,0,4,0
12425,2002,13,11,5,0,0,1,2,0,3,0
12425,2003,6,6,0,0,0,0,0,0,3,0
12425,2004,4,3,0,0,0,0,1,0,2,0
12425,2005,3,2,1,1,0,0,1,0,0,0
12432,2000,3,3,0,0,0,0,0,0,3,0
12432,2002,2,2,0,0,0,0,0,0,1,0
12444,2003,6,6,0,0,0,0,0,0,3,0
12465,2004,10,10,4,0,0,0,0,0,0,0
12478,2003,2,2,0,0,0,0,0,0,0,0
12492,2003,2,2,0,0,0,0,0,0,1,0
12493,1988,3,3,0,0,0,0,0,0,1,0
12515,1989,6,6,1,0,0,0,0,0,0,0
12515,1990,4,3,1,0,0,0,1,0,1,0
12515,1996,3,2,1,0,0,1,0,0,0,1
12523,2005,3,3,0,0,0,0,0,0,2,0
12523,2007,3,2,1,0,0,0,1,0,0,0
12525,1984,3,3,1,0,0,0,0,0,1,0
12525,1986,4,4,0,0,0,0,0,0,0,0
12543,1985,4,4,0,0,0,0,0,0,1,0
12543,1988,4,4,1,1,0,0,0,0,1,0
12569,1986,2,2,0,0,0,0,0,0,1,0
12588,2007,3,2,0,0,0,0,1,0,1,0
12600,2003,6,5,3,1,1,0,1,0,2,0
12602,2007,3,3,2,1,0,0,0,0,1,0
12607,1996,7,6,1,0,0,0,1,0,3,0
12618,1984,4,4,1,0,0,0,0,0,1,0
12618,1986,5,5,0,0,0,0,0,0,2,0
12618,1987,4,4,0,0,0,0,0,0,0,0
12619,2001,3,3,1,0,0,0,0,0,0,0
12619,2002,3,3,1,1,0,0,0,0,0,0
12619,2003,6,6,3,0,0,0,0,0,0,0
12623,1984,6,6,3,0,0,2,0,0,0,0
12623,1985,3,2,2,0,0,0,1,0,0,0
12623,1986,8,8,1,0,0,0,0,0,3,0
12623,1987,8,8,1,0,0,0,0,0,2,0
12623,1988,16,16,1,0,0,0,0,0,4,0
12623,1989,8,8,3,1,0,0,0,0,1,0
12623,1990,8,7,2,0,0,0,1,0,3,0
12623,1991,5,5,1,0,0,0,0,0,2,0
12623,1992,11,11,3,2,0,0,0,0,4,0
12623,1993,4,3,0,0,0,0,1,0,1,0
12633,2004,2,1,0,0,0,0,1,0,1,0
12642,1996,3,3,2,2,0,0,0,0,0,0
12642,1998,3,3,0,0,0,0,0,0,2,0
12642,1999,3,3,1,0,0,0,0,0,1,0
12642,2000,6,5,1,0,0,1,1,0,0,0
12642,2005,3,3,0,0,0,0,0,0,1,0
12642,2007,2,2,0,0,0,0,0,0,0,0
12651,1998,3,2,1,0,0,0,0,1,1,0
12651,1999,7,6,3,2,0,1,1,0,1,0
12651,2000,6,6,1,0,0,0,0,0,0,0
12651,2002,2,2,1,0,0,0,0,0,0,0
12651,2004,3,3,1,0,0,0,0,0,1,0
12684,1988,5,5,1,0,1,0,0,0,0,0
