1,1975,7,7,2,1,0,0,0,0,2,0
1,1976,5,5,1,0,0,0,0,0,1,0
12,1996,2,2,1,1,0,0,0,0,0,0
12,1997,2,2,0,0,0,0,0,0,1,0
19,1992,1,1,0,0,0,0,0,0,1,0
55,1977,3,2,1,0,0,0,1,0,0,0
55,1978,11,10,3,1,1,0,1,0,1,0
55,1979,6,5,0,0,0,0,1,0,0,0
55,1981,4,4,1,0,0,0,0,0,1,0
92,1985,3,3,2,0,0,1,0,0,0,0
92,1988,1,1,1,0,0,0,0,0,0,0
92,1989,1,1,0,0,0,0,0,0,1,0
102,1977,1,1,0,0,0,0,0,0,0,0
102,1979,4,4,2,0,0,0,0,0,0,0
102,1980,8,8,1,1,0,0,0,0,3,0
102,1981,5,4,2,0,0,1,0,0,1,1
102,1982,3,3,0,0,0,0,0,0,1,0
102,1983,4,4,0,0,0,0,0,0,0,0
103,1979,3,3,1,0,0,0,0,0,0,0
103,1981,3,2,1,0,0,0,1,0,0,0
133,1991,2,2,2,0,0,0,0,0,0,0
140,1978,8,7,0,0,0,0,1,0,5,0
140,1979,10,10,3,0,0,0,0,0,2,0
142,1995,1,1,0,0,0,0,0,0,0,0
150,1996,4,4,2,0,0,0,0,0,1,0
150,1997,2,1,0,0,0,0,1,0,0,0
153,1987,1,1,0,0,0,0,0,0,1,0
153,1989,1,1,0,0,0,0,0,0,0,0
164,1977,3,3,0,0,0,0,0,0,1,0
169,1997,1,0,0,0,0,0,0,0,0,0
170,1983,6,6,0,0,0,0,0,0,2,0
184,1991,2,2,1,0,0,1,0,0,0,0
189,1981,5,5,2,0,0,0,0,0,1,0
189,1983,1,1,0,0,0,0,0,0,1,0
196,1991,4,4,0,0,0,0,0,0,2,0
196,1992,1,1,0,0,0,0,0,0,0,0
196,1993,2,2,1,0,0,0,0,0,0,0
196,1994,1,1,0,0,0,0,0,0,0,0
196,1995,2,2,0,0,0,0,0,0,0,0
197,1990,2,2,0,0,0,0,0,0,0,0
197,1991,3,3,0,0,0,0,0,0,1,0
197,1992,1,1,0,0,0,0,0,0,1,0
197,1993,1,1,0,0,0,0,0,0,1,0
197,1998,1,1,0,0,0,0,0,0,1,0
198,1975,5,4,1,0,0,1,1,0,1,0
198,1976,3,3,1,0,0,0,0,0,2,0
203,1996,3,3,0,0,0,0,0,0,0,0
203,1997,2,2,2,1,0,0,0,0,0,0
205,1978,4,4,0,0,0,0,0,0,0,0
247,1993,3,3,0,0,0,0,0,0,2,0
248,1997,2,2,1,1,0,0,0,0,0,0
260,1988,1,1,0,0,0,0,0,0,0,0
260,1990,2,2,0,0,0,0,0,0,0,0
260,1991,2,2,0,0,0,0,0,0,1,0
260,1992,4,4,1,0,0,1,0,0,1,0
260,1993,3,3,0,0,0,0,0,0,1,0
260,1994,3,3,0,0,0,0,0,0,1,0
260,1995,3,3,1,0,0,0,0,0,0,0
271,1984,6,6,1,0,0,0,0,0,2,0
271,1986,3,3,1,0,0,0,0,0,0,0
275,1995,1,1,1,0,0,0,0,0,0,0
279,1979,4,3,0,0,0,0,1,0,2,0
279,1980,1,1,0,0,0,0,0,0,0,0
312,1996,2,2,2,0,0,1,0,0,0,0
314,1984,2,2,0,0,0,0,0,0,0,0
321,1994,2,2,1,1,0,0,0,0,1,0
321,1996,1,1,1,0,0,1,0,0,0,0
321,1997,2,2,0,0,0,0,0,0,0,0
353,1996,1,1,0,0,0,0,0,0,0,0
363,1977,3,2,0,0,0,0,1,0,2,0
363,1979,1,1,0,0,0,0,0,0,0,0
363,1980,9,9,1,0,0,1,0,0,3,0
363,1981,12,12,4,1,0,1,0,0,6,0
363,1982,3,3,0,0,0,0,0,0,1,0
396,1977,11,9,1,0,1,0,1,0,1,0
396,1978,12,12,4,0,0,1,0,0,5,0
396,1985,2,2,1,0,0,0,0,0,0,0
396,1986,3,2,1,0,0,0,1,0,0,0
433,1996,2,2,0,0,0,0,0,0,0,0
435,1996,1,0,0,0,0,0,0,1,0,0
435,1997,2,2,0,0,0,0,0,0,0,0
467,1990,1,1,0,0,0,0,0,0,0,0
474,1985,3,3,1,0,0,0,0,0,0,0
474,1986,15,13,2,0,0,0,1,0,3,0
474,1989,1,1,0,0,0,0,0,0,0,0
483,1990,2,2,1,0,0,0,0,0,0,0
483,1991,3,3,2,0,0,0,0,0,0,0
483,1992,2,2,0,0,0,0,0,0,0,0
483,1993,2,2,0,0,0,0,0,0,1,0
483,1994,2,2,1,0,0,0,0,0,1,0
483,1995,2,1,1,0,0,0,0,1,0,0
483,1997,1,1,1,0,0,0,0,0,0,0
487,1977,2,2,0,0,0,0,0,0,1,0
492,1996,3,3,0,0,0,0,0,0,0,0
492,1997,2,2,1,0,0,1,0,0,0,0
495,1977,8,8,1,0,0,0,0,0,2,0
495,1978,16,15,1,0,0,0,1,0,3,0
495,1979,7,6,1,0,0,0,0,0,0,1
495,1980,3,3,0,0,0,0,0,0,1,0
503,1984,7,6,4,1,0,0,1,0,1,0
503,1985,2,2,0,0,0,0,0,0,0,0
503,1986,2,2,2,0,0,0,0,0,0,0
508,1980,4,4,2,1,0,0,0,0,0,0
508,1981,7,7,2,1,0,0,0,0,0,0
508,1982,3,2,1,0,0,1,1,0,1,0
508,1984,7,6,1,1,0,0,1,0,0,0
508,1987,4,4,2,0,0,0,0,0,1,0
508,1989,2,2,0,0,0,0,0,0,1,0
508,1990,2,1,1,0,0,0,1,0,0,0
508,1993,2,1,0,0,0,0,1,0,0,0
508,1994,1,1,1,0,0,0,0,0,0,0
508,1995,1,1,0,0,0,0,0,0,0,0
508,1998,1,1,0,0,0,0,0,0,0,0
515,1990,1,1,0,0,0,0,0,0,0,0
516,1984,3,2,1,0,0,0,1,0,0,0
534,1982,3,3,1,0,0,1,0,0,1,0
534,1984,2,2,0,0,0,0,0,0,2,0
534,1987,6,6,1,0,0,0,0,0,4,0
534,1988,2,2,1,0,0,1,0,0,0,0
534,1989,2,2,0,0,0,0,0,0,0,0
534,1990,3,3,0,0,0,0,0,0,2,0
537,1975,11,11,2,1,0,0,0,0,2,0
558,1982,1,1,0,0,0,0,0,0,0,0
558,1987,3,3,0,0,0,0,0,0,0,0
560,1975,10,8,1,1,0,0,2,0,2,0
560,1976,5,4,0,0,0,0,1,0,1,0
560,1977,13,10,1,0,0,1,2,0,1,0
560,1978,7,7,1,0,0,1,0,0,2,0
560,1979,3,3,3,1,0,0,0,0,0,0
560,1981,4,4,0,0,0,0,0,0,0,0
573,1977,6,3,1,0,0,0,2,0,0,1
573,1979,3,3,0,0,0,0,0,0,0,0
573,1980,8,6,0,0,0,0,1,0,1,0
573,1982,1,1,0,0,0,0,0,0,0,0
573,1983,7,6,1,0,0,1,1,0,1,0
583,1995,3,3,1,0,0,0,0,0,1,0
596,1982,3,3,1,0,1,0,0,0,1,0
596,1983,2,2,1,1,0,0,0,0,1,0
596,1987,3,3,0,0,0,0,0,0,0,0
596,1988,2,2,0,0,0,0,0,0,0,0
596,1989,3,3,0,0,0,0,0,0,2,0
596,1990,2,2,1,0,0,0,0,0,0,0
596,1991,2,2,1,1,0,0,0,0,0,0
632,1992,1,1,0,0,0,0,0,0,1,0
654,1987,10,9,2,0,0,0,0,0,1,0
654,1988,2,2,1,0,0,0,0,0,0,0
654,1989,3,3,0,0,0,0,0,0,0,0
654,1990,1,1,0,0,0,0,0,0,0,0
684,1984,1,1,0,0,0,0,0,0,0,0
684,1985,4,4,2,1,0,0,0,0,0,0
684,1986,6,6,1,0,0,0,0,0,0,0
684,1995,3,3,0,0,0,0,0,0,2,0
697,1996,1,1,0,0,0,0,0,0,0,0
728,1975,10,9,4,0,0,0,1,0,3,0
728,1976,8,8,1,0,0,0,0,0,3,0
728,1977,3,3,0,0,0,0,0,0,1,0
728,1978,12,10,1,1,0,0,0,2,3,0
728,1979,7,7,3,0,0,0,0,0,1,0
728,1980,4,4,0,0,0,0,0,0,0,0
728,1981,7,7,4,1,1,0,0,0,0,0
728,1982,4,4,0,0,0,0,0,0,0,0
728,1983,5,4,0,0,0,0,0,1,1,0
728,1987,8,7,1,1,0,0,0,0,1,1
736,1997,2,2,0,0,0,0,0,0,2,0
736,1998,1,1,0,0,0,0,0,0,0,0
739,1987,1,1,1,0,0,0,0,0,0,0
765,1994,1,1,0,0,0,0,0,0,0,0
765,1995,1,1,0,0,0,0,0,0,0,0
765,1997,1,1,0,0,0,0,0,0,0,0
788,1975,7,5,1,0,0,0,2,0,3,0
788,1976,11,7,1,0,0,0,3,0,3,0
788,1977,6,6,0,0,0,0,0,0,4,0
788,1979,5,4,1,1,0,0,1,0,1,0
788,1980,2,2,0,0,0,0,0,0,0,0
788,1981,3,3,0,0,0,0,0,0,2,0
789,1990,1,1,1,0,0,0,0,0,0,0
800,1978,15,12,6,1,0,1,2,0,1,1
800,1979,15,15,6,1,0,0,0,0,2,0
800,1980,6,6,2,1,0,1,0,0,1,0
800,1981,4,4,1,0,0,0,0,0,0,0
800,1982,11,9,2,1,0,0,2,0,0,0
800,1983,11,11,2,1,0,1,0,0,0,0
800,1984,4,3,1,0,0,0,1,0,0,0
800,1985,2,2,1,1,0,0,0,0,0,0
800,1986,7,6,2,0,0,0,1,0,0,0
805,1996,1,1,0,0,0,0,0,0,0,0
805,1997,2,2,1,1,0,0,0,0,1,0
806,1998,1,1,0,0,0,0,0,0,0,0
809,1981,3,3,1,0,0,1,0,0,1,0
809,1987,3,3,1,0,0,1,0,0,1,0
809,1988,5,5,0,0,0,0,0,0,2,0
809,1989,2,2,0,0,0,0,0,0,0,0
809,1990,2,2,1,1,0,0,0,0,0,0
809,1992,2,2,0,0,0,0,0,0,2,0
809,1993,3,3,0,0,0,0,0,0,1,0
813,1987,2,2,0,0,0,0,0,0,0,0
813,1988,1,1,0,0,0,0,0,0,0,0
813,1996,2,2,1,0,0,0,0,0,0,0
813,1997,2,2,0,0,0,0,0,0,0,0
814,1989,1,1,0,0,0,0,0,0,0,0
814,1991,3,3,1,0,1,0,0,0,1,0
814,1992,2,2,0,0,0,0,0,0,0,0
814,1993,3,3,0,0,0,0,0,0,2,0
814,1994,2,2,0,0,0,0,0,0,2,0
814,1995,2,2,0,0,0,0,0,0,0,0
814,1998,2,2,2,1,0,0,0,0,0,0
815,1991,1,1,0,0,0,0,0,0,0,0
815,1993,1,1,0,0,0,0,0,0,0,0
823,1986,8,7,3,1,0,0,1,0,0,0
823,1996,2,2,0,0,0,0,0,0,0,0
835,1995,1,1,0,0,0,0,0,0,1,0
842,1996,1,1,1,1,0,0,0,0,0,0
842,1997,1,1,0,0,0,0,0,0,0,0
847,1985,2,2,0,0,0,0,0,0,0,0
850,1975,1,0,0,0,0,0,0,0,0,0
850,1976,4,2,1,0,0,0,2,0,1,0
850,1977,9,9,2,1,0,1,0,0,1,0
850,1978,12,10,2,0,0,0,0,0,2,1
850,1980,4,4,2,0,0,0,0,0,1,0
850,1982,3,2,0,0,0,0,1,0,0,0
850,1984,1,1,1,0,0,0,0,0,0,0
850,1987,1,1,0,0,0,0,0,0,1,0
851,1997,2,1,0,0,0,0,0,1,0,0
867,1987,2,2,1,0,0,0,0,0,1,0
867,1988,1,1,0,0,0,0,0,0,0,0
867,1991,2,2,1,0,0,0,0,0,0,0
877,1987,3,3,0,0,0,0,0,0,1,0
877,1988,2,2,1,0,0,0,0,0,1,0
877,1989,1,1,0,0,0,0,0,0,1,0
877,1990,5,5,1,0,0,0,0,0,1,0
877,1991,4,4,0,0,0,0,0,0,1,0
877,1992,1,1,0,0,0,0,0,0,0,0
894,1977,1,1,0,0,0,0,0,0,0,0
894,1978,3,3,1,0,0,0,0,0,0,0
896,1981,7,7,2,1,0,1,0,0,2,0
896,1982,4,4,2,0,1,0,0,0,0,0
896,1983,7,7,4,0,0,0,0,0,0,0
896,1984,8,8,4,1,0,0,0,0,0,0
896,1987,2,2,0,0,0,0,0,0,0,0
901,1984,8,6,2,0,0,0,1,0,1,1
902,1994,1,1,0,0,0,0,0,0,0,0
908,1997,1,1,0,0,0,0,0,0,0,0
931,1975,4,4,1,0,0,0,0,0,1,0
931,1978,4,4,1,0,0,0,0,0,0,0
942,1990,3,2,1,1,0,0,1,0,1,0
942,1992,2,2,1,0,0,0,0,0,0,0
942,1996,1,1,1,0,0,0,0,0,0,0
942,1997,1,1,0,0,0,0,0,0,0,0
949,1986,2,2,0,0,0,0,0,0,1,0
952,1997,1,1,0,0,0,0,0,0,1,0
954,1996,4,4,1,0,0,0,0,0,0,0
957,1983,3,3,2,0,0,0,0,0,0,0
958,1986,3,3,0,0,0,0,0,0,0,0
993,1975,1,1,0,0,0,0,0,0,0,0
997,1975,6,6,0,0,0,0,0,0,4,0
997,1976,3,1,0,0,0,0,1,1,0,0
1014,1978,7,7,2,1,0,0,0,0,1,0
1014,1979,5,5,0,0,0,0,0,0,0,0
1026,1997,1,1,0,0,0,0,0,0,1,0
1040,1975,1,0,0,0,0,0,1,0,0,0
1040,1978,3,3,0,0,0,0,0,0,0,0
1045,1993,1,1,0,0,0,0,0,0,1,0
1045,1995,1,1,0,0,0,0,0,0,0,0
1055,1976,8,7,2,0,0,0,1,0,0,0
1055,1978,7,6,1,0,0,0,0,0,1,1
1055,1979,10,10,4,2,0,0,0,0,1,0
1055,1980,7,5,1,0,0,0,0,0,2,2
1055,1981,2,2,1,0,0,0,0,0,0,0
1055,1982,7,6,3,0,0,1,1,0,1,0
1055,1984,3,3,1,0,0,0,0,0,0,0
1072,1987,8,7,3,1,0,0,0,0,0,1
1072,1988,2,2,0,0,0,0,0,0,0,0
1072,1989,4,4,1,1,0,0,0,0,1,0
1072,1991,1,1,0,0,0,0,0,0,0,0
1072,1992,3,2,1,0,0,0,1,0,1,0
1072,1993,2,2,0,0,0,0,0,0,2,0
1072,1994,2,2,1,0,0,0,0,0,1,0
1072,1995,1,0,0,0,0,0,0,0,0,1
1093,1986,7,6,2,1,0,0,1,0,0,0
1093,1996,1,1,1,0,0,0,0,0,0,0
1093,1997,2,2,0,0,0,0,0,0,1,0
1094,1975,7,5,1,0,0,0,2,0,3,0
1094,1976,6,4,2,1,0,0,2,0,0,0
1094,1977,3,3,0,0,0,0,0,0,2,0
1094,1978,7,7,4,1,0,1,0,0,1,0
1094,1979,16,13,2,0,0,0,1,0,3,0
1100,1986,3,3,2,0,1,0,0,0,0,0
1100,1997,1,1,0,0,0,0,0,0,0,0
1107,1980,3,3,0,0,0,0,0,0,1,0
1107,1981,3,3,1,0,1,0,0,0,0,0
1107,1982,3,3,0,0,0,0,0,0,0,0
1107,1983,6,5,2,0,0,0,1,0,0,0
1107,1984,4,4,1,0,0,0,0,0,1,0
1108,1982,2,2,1,0,0,0,0,0,0,0
1114,1997,1,1,0,0,0,0,0,0,0,0
1115,1982,2,2,0,0,0,0,0,0,1,0
1115,1983,3,3,1,0,0,0,0,0,2,0
1115,1984,3,3,0,0,0,0,0,0,0,0
1115,1987,1,1,0,0,0,0,0,0,1,0
1115,1988,1,1,0,0,0,0,0,0,0,0
1116,1992,2,2,1,0,0,0,0,0,1,0
1116,1993,4,4,1,0,0,0,0,0,1,0
1116,1996,5,4,0,0,0,0,0,0,2,0
1116,1997,2,1,0,0,0,0,1,0,0,0
1129,1988,1,1,0,0,0,0,0,0,1,0
1129,1989,1,1,0,0,0,0,0,0,1,0
1129,1990,2,2,0,0,0,0,0,0,2,0
1129,1991,1,1,1,0,0,1,0,0,0,0
1129,1993,1,1,0,0,0,0,0,0,0,0
1131,1975,2,2,0,0,0,0,0,0,1,0
1131,1980,3,3,2,1,0,0,0,0,1,0
1144,1978,16,16,3,0,0,0,0,0,3,0
1144,1979,6,6,2,1,0,0,0,0,0,0
1144,1982,2,1,0,0,0,0,0,0,1,0
1148,1978,4,4,1,0,0,0,0,0,1,0
1148,1987,2,2,1,0,0,0,0,0,1,0
1148,1988,1,1,0,0,0,0,0,0,1,0
1148,1989,1,0,0,0,0,0,0,0,0,1
1152,1987,3,1,0,0,0,0,2,0,1,0
1152,1988,1,1,0,0,0,0,0,0,1,0
1152,1989,1,1,1,0,0,0,0,0,0,0
1153,1975,2,2,0,0,0,0,0,0,0,0
1153,1976,9,9,2,0,1,0,0,0,1,0
1153,1977,3,3,1,0,0,0,0,0,0,0
1153,1978,12,11,4,0,0,0,1,0,0,0
1174,1998,1,1,0,0,0,0,0,0,0,0
1194,1977,3,3,2,1,0,0,0,0,0,0
1217,1989,1,1,0,0,0,0,0,0,1,0
1220,1975,1,0,0,0,0,0,0,1,0,0
1234,1984,3,3,1,0,0,0,0,0,0,0
1234,1987,3,3,1,0,0,0,0,0,1,0
1234,1990,1,1,0,0,0,0,0,0,0,0
1236,1987,2,1,0,0,0,0,1,0,0,0
1236,1988,2,2,1,0,0,0,0,0,0,0
1236,1989,2,2,1,0,0,0,0,0,0,0
1236,1990,1,1,0,0,0,0,0,0,0,0
1236,1991,1,1,0,0,0,0,0,0,0,0
1242,1987,2,2,0,0,0,0,0,0,1,0
1242,1988,1,1,1,0,0,0,0,0,0,0
1242,1989,1,1,0,0,0,0,0,0,1,0
1247,1996,1,1,0,0,0,0,0,0,1,0
1247,1997,1,1,0,0,0,0,0,0,0,0
1249,1987,2,2,0,0,0,0,0,0,0,0
1249,1988,2,2,0,0,0,0,0,0,2,0
1262,1975,7,3,0,0,0,0,3,0,0,1
1262,1976,9,6,2,0,0,0,3,0,1,0
1262,1977,12,12,0,0,0,0,0,0,3,0
1262,1984,1,1,0,0,0,0,0,0,0,0
1262,1985,1,1,0,0,0,0,0,0,1,0
1273,1984,3,3,0,0,0,0,0,0,0,0
1273,1985,2,2,0,0,0,0,0,0,0,0
1273,1986,8,6,4,1,0,2,1,0,0,1
1281,1984,3,3,1,0,0,0,0,0,0,0
1281,1985,6,6,2,0,0,0,0,0,0,0
1281,1986,8,8,1,0,0,1,0,0,3,0
1281,1989,1,1,0,0,0,0,0,0,0,0
1291,1975,3,3,0,0,0,0,0,0,1,0
1291,1976,8,8,2,0,0,0,0,0,2,0
1291,1977,5,4,2,1,0,1,1,0,0,0
1291,1978,3,3,1,0,0,0,0,0,0,0
1291,1979,6,6,1,0,0,0,0,0,0,0
1291,1980,8,7,5,1,1,0,1,0,0,0
1291,1981,4,4,1,0,0,0,0,0,0,0
1291,1982,6,5,2,0,0,1,1,0,0,0
1291,1983,4,4,0,0,0,0,0,0,0,0
1291,1987,3,2,1,0,0,0,1,0,1,0
1291,1988,1,1,0,0,0,0,0,0,1,0
1291,1989,1,1,0,0,0,0,0,0,0,0
1291,1990,1,1,1,0,0,0,0,0,0,0
1291,1991,4,4,0,0,0,0,0,0,0,0
1291,1992,2,2,1,0,0,0,0,0,0,0
1291,1993,3,3,2,0,0,0,0,0,0,0
1312,1976,5,5,0,0,0,0,0,0,1,0
1312,1978,3,3,1,0,1,0,0,0,0,0
1317,1975,3,3,1,0,0,0,0,0,0,0
1319,1989,1,1,0,0,0,0,0,0,0,0
1319,1991,1,1,1,0,0,0,0,0,0,0
1319,1992,4,4,3,1,0,1,0,0,1,0
1327,1993,1,1,0,0,0,0,0,0,1,0
1344,1984,3,2,0,0,0,0,1,0,0,0
1344,1986,6,5,2,0,0,1,0,0,1,1
1344,1987,1,1,0,0,0,0,0,0,0,0
1344,1988,2,2,1,0,0,0,0,0,1,0
1344,1989,1,1,0,0,0,0,0,0,0,0
1344,1991,1,0,0,0,0,0,1,0,0,0
1351,1976,2,2,0,0,0,0,0,0,0,0
1351,1977,2,1,1,1,0,0,1,0,0,0
1358,1985,9,9,2,0,0,0,0,0,0,0
1358,1986,7,7,2,0,0,0,0,0,3,0
1358,1992,2,2,0,0,0,0,0,0,2,0
1358,1993,4,4,0,0,0,0,0,0,3,0
1358,1994,2,2,0,0,0,0,0,0,2,0
1361,1981,2,2,0,0,0,0,0,0,0,0
1361,1982,2,2,0,0,0,0,0,0,0,0
1361,1983,5,4,0,0,0,0,1,0,1,0
1361,1987,2,2,1,0,0,0,0,0,1,0
1361,1988,2,2,1,0,0,0,0,0,0,0
1366,1998,4,4,2,0,0,1,0,0,2,0
1370,1981,4,3,1,0,0,0,1,0,1,0
1371,1997,1,1,1,0,0,0,0,0,0,0
1374,1980,14,14,4,0,0,0,0,0,1,0
1374,1981,3,3,0,0,0,0,0,0,1,0
1374,1982,8,8,2,1,0,0,0,0,0,0
1375,1987,2,2,0,0,0,0,0,0,1,0
1375,1988,1,1,1,0,0,0,0,0,0,0
1382,1985,7,7,2,0,0,0,0,0,3,0
1382,1986,8,8,3,0,0,0,0,0,1,0
1382,1989,1,1,0,0,0,0,0,0,1,0
1386,1983,8,8,2,0,0,0,0,0,0,0
1393,1975,1,0,0,0,0,0,1,0,0,0
1397,1987,1,1,0,0,0,0,0,0,0,0
1397,1989,3,3,1,0,0,0,0,0,0,0
1397,1990,1,1,0,0,0,0,0,0,0,0
1397,1991,3,3,3,0,0,1,0,0,0,0
1409,1998,1,1,0,0,0,0,0,0,1,0
1413,1985,2,2,1,0,0,1,0,0,0,0
1429,1985,5,5,1,0,0,0,0,0,2,0
1440,1992,1,1,0,0,0,0,0,0,1,0
1450,1990,1,1,0,0,0,0,0,0,0,0
1450,1991,1,1,0,0,0,0,0,0,0,0
1458,1982,5,5,1,1,0,0,0,0,1,0
1458,1983,10,10,4,0,0,1,0,0,2,0
1458,1987,6,6,3,1,0,1,0,0,0,0
1458,1990,1,1,0,0,0,0,0,0,1,0
1458,1991,1,1,1,1,0,0,0,0,0,0
1458,1992,3,3,0,0,0,0,0,0,1,0
1458,1993,1,1,0,0,0,0,0,0,0,0
1458,1994,1,1,1,0,0,1,0,0,0,0
1466,1979,3,3,0,0,0,0,0,0,0,0
1471,1975,1,1,0,0,0,0,0,0,0,0
1471,1976,4,4,1,0,0,0,0,0,2,0
1471,1977,6,5,1,1,0,0,1,0,1,0
1483,1987,7,7,3,0,0,0,0,0,0,0
1483,1988,1,1,0,0,0,0,0,0,0,0
1494,1987,1,1,0,0,0,0,0,0,0,0
1494,1988,1,1,1,0,0,0,0,0,0,0
1494,1989,1,1,0,0,0,0,0,0,1,0
1494,1991,1,1,1,0,0,0,0,0,0,0
1502,1988,1,1,0,0,0,0,0,0,0,0
1502,1991,1,1,0,0,0,0,0,0,1,0
1502,1992,4,4,0,0,0,0,0,0,1,0
1502,1993,1,1,0,0,0,0,0,0,0,0
1502,1995,1,1,0,0,0,0,0,0,0,0
1502,1998,1,1,0,0,0,0,0,0,0,0
1508,1982,4,4,0,0,0,0,0,0,0,0
1509,1988,2,2,0,0,0,0,0,0,0,0
1512,1996,4,4,1,0,0,0,0,0,1,0
1513,1975,8,8,1,0,0,0,0,0,3,0
1513,1976,13,11,4,0,0,0,2,0,2,0
1513,1977,10,9,2,1,0,0,0,1,2,0
1513,1978,1,1,0,0,0,0,0,0,0,0
1513,1979,10,10,1,0,0,0,0,0,0,0
1513,1980,7,7,3,1,0,0,0,0,1,0
1513,1981,5,4,0,0,0,0,1,0,1,0
1513,1982,16,15,7,2,1,1,1,0,1,0
1513,1983,3,3,1,0,0,0,0,0,1,0
1513,1985,1,1,0,0,0,0,0,0,0,0
1543,1987,7,7,1,1,0,0,0,0,3,0
1543,1988,2,2,0,0,0,0,0,0,1,0
1543,1989,2,2,0,0,0,0,0,0,0,0
1543,1990,2,2,0,0,0,0,0,0,0,0
1543,1991,2,2,0,0,0,0,0,0,0,0
1543,1992,4,4,2,0,0,1,0,0,0,0
1543,1993,2,2,1,0,0,0,0,0,1,0
1543,1996,1,1,1,0,0,1,0,0,0,0
1543,1997,1,1,1,0,0,1,0,0,0,0
1555,1975,4,4,0,0,0,0,0,0,1,0
1555,1976,8,6,1,0,0,0,1,1,0,0
1555,1977,16,14,3,2,1,0,2,0,3,0
1555,1981,8,8,2,0,0,0,0,0,2,0
1555,1983,7,7,4,3,0,0,0,0,1,0
1555,1987,1,1,1,0,0,0,0,0,0,0
1573,1975,12,11,1,0,0,1,1,0,3,0
1573,1976,4,4,0,0,0,0,0,0,2,0
1573,1981,2,2,1,0,0,0,0,0,0,0
1597,1998,1,1,1,0,0,0,0,0,0,0
1600,1982,3,3,0,0,0,0,0,0,1,0
1600,1983,7,6,4,1,0,0,1,0,0,0
1600,1987,4,4,1,0,0,0,0,0,0,0
1600,1989,1,1,0,0,0,0,0,0,0,0
1600,1990,1,1,0,0,0,0,0,0,1,0
1600,1991,3,3,2,2,0,0,0,0,1,0
1600,1992,4,4,0,0,0,0,0,0,0,0
1600,1993,1,1,0,0,0,0,0,0,0,0
1608,1981,3,3,1,1,0,0,0,0,0,0
1608,1982,3,3,0,0,0,0,0,0,1,0
1608,1985,2,2,0,0,0,0,0,0,0,0
1608,1987,3,3,1,0,0,0,0,0,1,0
1610,1984,8,7,2,1,0,0,1,0,1,0
1610,1987,3,3,1,1,0,0,0,0,1,0
1610,1997,1,1,0,0,0,0,0,0,0,0
1621,1994,1,1,0,0,0,0,0,0,0,0
1640,1982,8,8,1,1,0,0,0,0,2,0
1640,1983,8,8,2,0,0,0,0,0,0,0
1640,1984,7,6,1,0,0,0,0,0,2,0
1640,1985,1,1,0,0,0,0,0,0,0,0
1640,1986,1,1,0,0,0,0,0,0,0,0
1661,1995,1,1,0,0,0,0,0,0,0,0
1664,1978,3,3,0,0,0,0,0,0,1,0
1673,1987,2,2,0,0,0,0,0,0,0,0
1673,1988,1,1,0,0,0,0,0,0,0,0
1673,1989,2,1,0,0,0,0,0,0,0,1
1673,1990,2,2,1,0,0,0,0,0,0,0
1673,1993,1,1,0,0,0,0,0,0,0,0
1705,1997,1,1,0,0,0,0,0,0,1,0
1710,1975,10,10,1,0,0,0,0,0,4,0
1710,1976,6,4,0,0,0,0,1,0,2,0
1710,1977,10,10,1,0,0,1,0,0,3,0
1710,1978,13,13,3,0,0,0,0,0,3,0
1710,1979,2,2,0,0,0,0,0,0,1,0
1710,1980,3,3,2,0,0,0,0,0,0,0
1729,1984,2,2,1,0,0,0,0,0,1,0
1737,1989,1,1,0,0,0,0,0,0,0,0
1740,1986,4,3,1,0,0,0,0,0,0,1
1745,1992,1,1,0,0,0,0,0,0,1,0
1745,1996,1,1,0,0,0,0,0,0,1,0
1748,1996,2,2,1,0,0,0,0,0,1,0
1753,1979,3,3,0,0,0,0,0,0,1,0
1757,1993,1,0,0,0,0,0,0,1,0,0
1757,1994,1,1,0,0,0,0,0,0,0,0
1757,1998,1,1,0,0,0,0,0,0,0,0
1777,1975,4,3,0,0,0,0,1,0,0,0
1777,1976,3,3,1,0,0,0,0,0,1,0
1777,1977,8,7,5,3,0,1,1,0,0,0
1777,1978,7,7,2,0,0,0,0,0,2,0
1786,1993,1,1,1,0,0,0,0,0,0,0
1787,1975,7,7,4,1,0,1,0,0,1,0
1787,1976,9,8,3,0,0,0,0,0,3,1
1787,1977,3,3,2,1,0,0,0,0,0,0
1787,1978,12,11,4,2,0,0,1,0,1,0
1787,1979,3,3,1,1,0,0,0,0,0,0
1787,1980,7,7,1,1,0,0,0,0,0,0
1787,1981,4,3,0,0,0,0,1,0,0,0
1787,1982,4,4,0,0,0,0,0,0,0,0
1787,1983,7,6,2,2,0,0,0,1,0,0
1787,1984,4,4,1,0,0,1,0,0,0,0
1832,1996,1,1,0,0,0,0,0,0,0,0
1842,1984,16,14,4,1,0,2,2,0,1,0
1842,1985,3,3,1,0,0,0,0,0,1,0
1842,1986,14,12,2,2,0,0,1,0,3,1
1843,1987,3,3,1,0,0,0,0,0,0,0
1843,1988,3,3,1,0,0,0,0,0,0,0
1843,1989,3,3,0,0,0,0,0,0,1,0
1843,1991,3,3,1,0,0,0,0,0,2,0
1843,1992,3,3,0,0,0,0,0,0,0,0
1843,1993,1,1,0,0,0,0,0,0,0,0
1843,1994,2,2,0,0,0,0,0,0,1,0
1843,1995,2,2,0,0,0,0,0,0,1,0
1847,1978,4,3,1,0,0,0,1,0,0,0
1847,1979,6,6,2,0,0,0,0,0,2,0
1880,1987,2,2,0,0,0,0,0,0,1,0
1880,1990,1,1,0,0,0,0,0,0,0,0
1894,1979,3,3,0,0,0,0,0,0,1,0
1894,1980,3,3,1,0,0,0,0,0,1,0
1894,1981,4,3,2,1,0,0,0,0,1,0
1894,1982,8,8,2,0,0,0,0,0,2,0
1894,1983,12,11,3,0,0,0,1,0,2,0
1895,1987,2,2,0,0,0,0,0,0,2,0
1903,1996,1,1,0,0,0,0,0,0,0,0
1910,1982,4,3,1,0,0,0,0,0,1,1
1923,1996,1,1,0,0,0,0,0,0,1,0
1923,1997,1,1,0,0,0,0,0,0,0,0
1927,1998,2,2,0,0,0,0,0,0,0,0
1946,1996,1,1,0,0,0,0,0,0,1,0
1948,1984,4,3,0,0,0,0,1,0,0,0
1950,1996,2,2,1,0,0,0,0,0,1,0
1958,1979,6,6,3,0,0,0,0,0,1,0
1958,1980,10,9,1,1,0,0,1,0,3,0
1958,1981,3,2,0,0,0,0,1,0,0,0
1958,1982,3,3,2,0,0,1,0,0,0,0
1958,1988,2,2,0,0,0,0,0,0,0,0
1958,1989,1,1,0,0,0,0,0,0,0,0
1958,1990,1,1,1,0,0,0,0,0,0,0
1975,1975,7,5,0,0,0,0,1,0,1,1
1975,1976,6,4,0,0,0,0,2,0,1,0
1975,1977,3,3,0,0,0,0,0,0,1,0
1975,1978,7,6,0,0,0,0,1,0,2,0
1975,1979,4,3,1,0,0,0,1,0,0,0
1976,1983,4,4,2,0,0,0,0,0,0,0
1979,1975,6,6,1,0,0,1,0,0,2,0
1979,1976,7,6,2,0,1,0,1,0,0,0
1979,1977,7,7,4,1,0,1,0,0,0,0
1979,1978,17,15,7,1,0,0,1,1,3,0
1979,1979,8,8,3,1,0,0,0,0,1,0
1979,1986,3,3,1,1,0,0,0,0,1,0
1984,1994,1,1,0,0,0,0,0,0,0,0
1994,1979,3,3,1,0,0,0,0,0,0,0
1994,1980,3,3,0,0,0,0,0,0,1,0
2003,1980,4,4,0,0,0,0,0,0,2,0
2003,1981,4,4,0,0,0,0,0,0,0,0
2033,1977,3,3,1,0,0,0,0,0,0,0
2033,1978,9,9,2,1,0,0,0,0,0,0
2057,1987,1,1,0,0,0,0,0,0,1,0
2075,1996,1,1,0,0,0,0,0,0,1,0
2100,1980,1,0,0,0,0,0,0,1,0,0
2103,1987,2,2,1,1,0,0,0,0,0,0
2103,1989,2,2,0,0,0,0,0,0,0,0
2103,1996,1,1,0,0,0,0,0,0,0,0
2111,1985,10,10,0,0,0,0,0,0,5,0
2111,1986,3,2,1,0,0,0,1,0,0,0
2111,1991,1,1,0,0,0,0,0,0,0,0
2111,1992,3,3,2,0,0,0,0,0,1,0
2125,1986,3,3,1,0,1,0,0,0,0,0
2125,1994,1,1,0,0,0,0,0,0,0,0
2125,1995,4,4,3,0,0,0,0,0,0,0
2125,1998,2,2,0,0,0,0,0,0,0,0
2158,1976,5,4,0,0,0,0,0,0,0,0
2177,1989,2,2,0,0,0,0,0,0,2,0
2177,1992,1,0,0,0,0,0,1,0,0,0
2189,1975,3,3,0,0,0,0,0,0,0,0
2189,1976,4,3,2,1,0,0,1,0,0,0
2198,1996,3,3,0,0,0,0,0,0,1,0
2200,1978,3,3,0,0,0,0,0,0,1,0
2203,1991,1,1,0,0,0,0,0,0,0,0
2203,1994,1,1,1,1,0,0,0,0,0,0
2208,1988,1,1,0,0,0,0,0,0,0,0
2208,1989,5,5,2,0,0,1,0,0,1,0
2208,1990,1,1,0,0,0,0,0,0,1,0
2220,1985,12,11,4,1,0,0,1,0,1,0
2220,1986,3,2,0,0,0,0,1,0,0,0
2220,1994,2,2,1,0,1,0,0,0,1,0
2220,1995,1,1,1,0,0,0,0,0,0,0
2225,1975,7,6,2,1,0,0,1,0,1,0
2225,1976,2,2,1,0,0,0,0,0,0,0
2225,1977,8,7,0,0,0,0,1,0,3,0
2225,1982,6,6,3,0,0,1,0,0,1,0
2225,1983,10,10,2,1,0,0,0,0,2,0
2231,1997,1,1,0,0,0,0,0,0,0,0
2256,1984,5,4,2,0,0,0,1,0,1,0
2256,1985,8,7,1,1,0,0,1,0,3,0
2256,1986,3,3,1,0,0,0,0,0,1,0
2258,1983,3,2,1,0,0,0,1,0,0,0
2266,1992,1,1,0,0,0,0,0,0,1,0
2266,1996,1,0,0,0,0,0,0,1,0,0
2266,1997,1,1,0,0,0,0,0,0,0,0
2266,1998,4,4,0,0,0,0,0,0,2,0
2302,1989,1,0,0,0,0,0,0,0,0,1
2304,1998,2,2,0,0,0,0,0,0,0,0
2308,1975,4,2,2,0,0,1,2,0,0,0
2308,1976,11,9,2,0,0,1,2,0,3,0
2308,1977,12,11,2,0,1,0,1,0,1,0
2308,1978,7,7,4,0,0,0,0,0,0,0
2308,1979,8,7,1,0,0,0,0,0,0,1
2308,1980,10,10,4,2,0,0,0,0,3,0
2308,1981,4,4,3,2,0,0,0,0,0,0
2308,1982,12,12,2,1,0,1,0,0,1,0
2308,1983,7,6,3,1,0,2,0,0,0,1
2314,1992,4,4,1,0,0,0,0,0,0,0
2314,1993,2,2,0,0,0,0,0,0,0,0
2314,1994,3,3,2,0,0,0,0,0,0,0
2319,1991,1,1,0,0,0,0,0,0,1,0
2319,1992,1,0,0,0,0,0,1,0,0,0
2319,1993,3,3,1,1,0,0,0,0,0,0
2319,1994,2,1,0,0,0,0,1,0,1,0
2327,1978,10,10,6,0,0,0,0,0,0,0
2327,1984,5,4,3,1,1,0,1,0,1,0
2327,1985,7,7,2,0,0,0,0,0,2,0
2336,1997,1,1,1,0,0,0,0,0,0,0
2336,1998,3,3,1,1,0,0,0,0,1,0
2382,1987,3,3,1,0,0,1,0,0,0,0
2382,1989,1,1,0,0,0,0,0,0,0,0
2382,1991,1,1,1,0,0,0,0,0,0,0
2382,1992,2,2,0,0,0,0,0,0,0,0
2382,1993,1,1,1,0,0,0,0,0,0,0
2400,1975,3,2,0,0,0,0,1,0,0,0
2400,1976,4,3,1,0,0,0,1,0,1,0
2400,1977,13,13,5,0,1,0,0,0,0,0
2400,1978,4,4,1,0,0,0,0,0,0,0
2400,1979,4,2,0,0,0,0,2,0,0,0
2400,1982,7,6,1,1,0,0,1,0,2,0
2400,1983,4,2,0,0,0,0,2,0,0,0
2400,1984,4,4,2,1,0,1,0,0,0,0
2407,1984,2,1,1,0,0,0,1,0,0,0
2409,1980,6,5,0,0,0,0,0,0,2,0
2411,1977,3,3,0,0,0,0,0,0,0,0
2411,1979,2,2,0,0,0,0,0,0,1,0
2411,1980,2,2,0,0,0,0,0,0,2,0
2413,1979,8,7,1,0,0,1,1,0,1,0
2413,1980,4,3,0,0,0,0,1,0,1,0
2423,1980,4,3,3,0,0,0,1,0,0,0
2440,1977,2,2,1,1,0,0,0,0,0,0
2464,1991,2,2,1,0,0,0,0,0,0,0
2489,1980,2,2,1,0,0,1,0,0,0,0
2489,1981,4,3,1,0,0,0,1,0,0,0
2489,1982,1,1,0,0,0,0,0,0,0,0
2494,1998,1,1,0,0,0,0,0,0,0,0
2501,1984,7,7,0,0,0,0,0,0,0,0
2501,1986,6,6,1,1,0,0,0,0,2,0
2501,1988,1,1,0,0,0,0,0,0,0,0
2502,1977,2,2,0,0,0,0,0,0,1,0
2502,1978,8,7,2,0,0,0,1,0,0,0
2502,1979,4,4,1,0,0,0,0,0,0,0
2502,1980,8,6,3,1,0,0,1,0,0,0
2502,1981,3,1,1,1,0,0,0,0,0,1
2502,1982,6,6,1,0,0,0,0,0,4,0
2502,1983,3,3,0,0,0,0,0,0,1,0
2502,1984,4,4,2,0,0,0,0,0,0,0
2503,1996,1,1,0,0,0,0,0,0,0,0
2503,1997,2,2,0,0,0,0,0,0,1,0
2514,1980,6,6,1,0,0,0,0,0,2,0
2514,1982,7,7,2,0,1,0,0,0,1,0
2514,1983,3,3,0,0,0,0,0,0,2,0
2519,1975,1,0,0,0,0,0,1,0,0,0
2519,1976,7,6,2,0,1,0,1,0,0,0
2519,1977,3,3,2,0,1,1,0,0,0,0
2519,1978,12,10,1,0,0,1,2,0,1,0
2519,1979,2,2,0,0,0,0,0,0,0,0
2536,1997,2,2,0,0,0,0,0,0,0,0
2548,1993,3,3,0,0,0,0,0,0,2,0
2548,1998,2,2,1,0,0,0,0,0,0,0
2558,1991,1,1,0,0,0,0,0,0,0,0
2558,1993,1,0,0,0,0,0,1,0,0,0
2564,1978,4,4,0,0,0,0,0,0,1,0
2583,1995,2,1,1,0,0,0,1,0,0,0
2583,1997,2,1,0,0,0,0,1,0,1,0
2583,1998,1,0,0,0,0,0,1,0,0,0
2597,1986,4,3,0,0,0,0,0,0,1,0
2607,1975,4,4,1,0,0,1,0,0,2,0
2613,1976,3,3,0,0,0,0,0,0,0,0
2613,1977,3,3,1,1,0,0,0,0,0,0
2613,1979,4,3,0,0,0,0,1,0,1,0
2613,1980,6,6,1,0,0,1,0,0,0,0
2613,1981,4,4,1,0,0,0,0,0,1,0
2613,1982,10,10,5,1,0,0,0,0,0,0
2613,1983,2,2,2,1,0,0,0,0,0,0
2614,1989,2,2,0,0,0,0,0,0,0,0
2614,1990,4,4,1,0,0,0,0,0,1,0
2614,1991,1,0,0,0,0,0,1,0,0,0
2614,1992,1,1,0,0,0,0,0,0,1,0
2615,1985,4,4,2,0,0,1,0,0,1,0
2624,1984,4,2,1,0,0,1,2,0,0,0
2624,1987,2,2,0,0,0,0,0,0,1,0
2624,1988,2,2,1,0,0,0,0,0,0,0
2624,1990,1,1,0,0,0,0,0,0,0,0
2624,1991,2,2,1,0,0,1,0,0,0,0
2636,1984,6,6,3,0,0,0,0,0,2,0
2636,1985,7,7,2,0,0,1,0,0,1,0
2636,1986,9,8,1,0,0,0,1,0,3,0
2636,1988,2,2,0,0,0,0,0,0,0,0
2636,1989,1,1,0,0,0,0,0,0,0,0
2636,1991,3,3,1,0,0,0,0,0,1,0
2636,1992,3,3,1,0,0,0,0,0,2,0
2636,1993,2,2,1,0,0,0,0,0,0,0
2636,1995,3,3,0,0,0,0,0,0,1,0
2636,1997,1,1,0,0,0,0,0,0,0,0
2636,1998,1,1,0,0,0,0,0,0,0,0
2643,1978,3,3,2,1,0,0,0,0,0,0
2643,1980,7,7,1,1,0,0,0,0,1,0
2644,1986,3,2,1,1,0,0,0,0,0,1
2644,1996,1,1,0,0,0,0,0,0,1,0
2644,1998,1,1,0,0,0,0,0,0,0,0
2646,1986,7,7,2,0,0,0,0,0,1,0
2646,1992,2,2,0,0,0,0,0,0,2,0
2666,1980,2,1,0,0,0,0,0,0,1,0
2666,1983,4,4,0,0,0,0,0,0,0,0
2666,1984,3,3,2,1,0,0,0,0,1,0
2674,1994,1,1,0,0,0,0,0,0,0,0
2674,1998,2,2,1,0,0,0,0,0,1,0
2689,1975,10,10,3,0,0,0,0,0,1,0
2689,1976,3,3,2,0,0,1,0,0,0,0
2694,1984,1,1,0,0,0,0,0,0,0,0
2696,1984,16,16,2,1,0,0,0,0,2,0
2696,1985,10,10,0,0,0,0,0,0,0,0
2696,1986,13,12,4,1,1,1,0,0,2,1
2696,1993,1,1,1,0,0,0,0,0,0,0
2696,1994,2,2,1,1,0,0,0,0,0,0
2714,1975,5,5,2,0,0,0,0,0,0,0
2714,1976,11,11,0,0,0,0,0,0,2,0
2714,1977,7,7,0,0,0,0,0,0,3,0
2714,1978,3,3,0,0,0,0,0,0,3,0
2714,1979,4,4,0,0,0,0,0,0,0,0
2714,1980,2,2,0,0,0,0,0,0,0,0
2714,1981,4,4,0,0,0,0,0,0,0,0
2714,1982,3,3,2,2,0,0,0,0,0,0
2714,1984,3,3,1,0,0,0,0,0,0,0
2714,1987,2,2,0,0,0,0,0,0,1,0
2723,1987,2,2,0,0,0,0,0,0,1,0
2723,1988,3,3,1,0,0,0,0,0,1,0
2723,1989,2,2,0,0,0,0,0,0,2,0
2723,1991,1,1,0,0,0,0,0,0,1,0
2723,1992,2,2,0,0,0,0,0,0,2,0
2723,1993,2,2,1,0,0,0,0,0,1,0
2739,1984,11,10,1,0,0,0,1,0,3,0
2773,1994,1,1,0,0,0,0,0,0,0,0
2773,1998,1,1,0,0,0,0,0,0,0,0
2785,1989,1,1,0,0,0,0,0,0,0,0
2809,1976,8,7,2,1,0,0,0,0,4,0
2809,1977,7,5,2,0,0,0,0,0,0,1
2809,1978,3,3,0,0,0,0,0,0,1,0
2809,1979,8,7,1,0,0,1,1,0,3,0
2809,1980,3,3,1,0,0,0,0,0,1,0
2809,1981,4,4,1,0,0,0,0,0,1,0
2809,1982,3,2,0,0,0,0,1,0,0,0
2816,1985,1,1,0,0,0,0,0,0,1,0
2821,1975,3,2,0,0,0,0,1,0,2,0
2821,1976,3,3,0,0,0,0,0,0,1,0
2821,1977,6,4,1,0,0,0,1,0,1,0
2821,1978,5,4,2,0,0,1,1,0,0,0
2821,1979,6,6,0,0,0,0,0,0,1,0
2821,1980,11,9,2,0,0,1,2,0,0,0
2821,1983,7,5,2,0,0,0,2,0,0,0
2835,1996,2,2,0,0,0,0,0,0,0,0
2852,1990,1,1,0,0,0,0,0,0,0,0
2852,1991,3,3,0,0,0,0,0,0,2,0
2852,1992,2,2,0,0,0,0,0,0,2,0
2852,1993,1,1,0,0,0,0,0,0,1,0
2852,1994,1,1,0,0,0,0,0,0,0,0
2852,1995,1,1,0,0,0,0,0,0,0,0
2865,1993,1,1,0,0,0,0,0,0,0,0
2865,1995,1,1,0,0,0,0,0,0,1,0
2869,1978,2,2,1,0,0,0,0,0,0,0
2869,1985,6,6,1,0,0,0,0,0,0,0
2869,1986,6,5,2,0,0,0,0,0,0,0
2890,1986,2,2,0,0,0,0,0,0,0,0
2927,1976,4,3,2,1,0,0,1,0,0,0
2927,1978,5,5,0,0,0,0,0,0,1,0
2930,1980,4,3,1,1,0,0,0,0,0,0
2930,1981,12,12,4,0,0,0,0,0,1,0
2930,1982,5,4,2,0,0,1,1,0,0,0
2930,1984,3,2,1,0,0,0,1,0,0,0
2930,1985,1,1,0,0,0,0,0,0,0,0
2944,1992,1,1,0,0,0,0,0,0,1,0
2944,1993,3,3,0,0,0,0,0,0,1,0
2944,1995,3,3,0,0,0,0,0,0,0,0
2944,1998,3,2,1,0,0,0,0,1,1,0
2965,1975,7,6,1,0,0,0,1,0,0,0
2986,1980,4,3,0,0,0,0,0,0,0,0
2989,1984,9,8,3,0,1,1,1,0,2,0
2989,1985,4,4,0,0,0,0,0,0,0,0
2989,1986,7,7,2,0,0,0,0,0,0,0
3010,1975,3,2,0,0,0,0,1,0,0,0
3010,1976,2,2,0,0,0,0,0,0,1,0
3010,1978,11,8,0,0,0,0,3,0,1,0
3010,1979,6,6,2,1,0,1,0,0,1,0
3010,1981,7,7,2,0,0,0,0,0,0,0
3010,1982,4,4,2,0,0,0,0,0,0,0
3010,1983,7,6,1,1,0,0,1,0,0,0
3010,1984,3,3,0,0,0,0,0,0,1,0
3010,1987,2,2,0,0,0,0,0,0,1,0
3010,1988,3,3,1,0,0,1,0,0,0,0
3010,1989,1,1,0,0,0,0,0,0,0,0
3010,1990,4,4,0,0,0,0,0,0,2,0
3010,1991,1,1,0,0,0,0,0,0,1,0
3018,1978,1,1,0,0,0,0,0,0,0,0
3018,1980,3,3,0,0,0,0,0,0,0,0
3018,1981,3,3,1,0,0,0,0,0,0,0
3019,1975,4,3,1,0,0,0,1,0,0,0
3019,1976,7,7,1,0,0,0,0,0,1,0
3019,1977,13,10,1,0,0,0,1,0,2,0
3049,1984,14,11,2,1,0,0,2,0,0,1
3049,1985,9,9,2,0,0,1,0,0,1,0
3055,1981,6,6,1,0,0,0,0,0,0,0
3065,1989,1,1,0,0,0,0,0,0,1,0
3065,1991,1,1,0,0,0,0,0,0,0,0
3065,1992,1,1,0,0,0,0,0,0,0,0
3065,1998,1,1,0,0,0,0,0,0,1,0
3098,1985,3,3,0,0,0,0,0,0,1,0
3098,1986,9,7,1,1,0,0,1,0,2,0
3100,1978,4,4,0,0,0,0,0,0,1,0
3114,1997,1,1,0,0,0,0,0,0,1,0
3116,1998,1,1,1,0,0,0,0,0,0,0
3137,1995,2,2,0,0,0,0,0,0,0,0
3137,1997,1,1,0,0,0,0,0,0,0,0
3145,1981,4,4,2,0,0,0,0,0,0,0
3145,1982,7,7,1,0,0,0,0,0,2,0
3145,1983,3,3,1,0,0,0,0,0,0,0
3145,1987,2,2,2,0,0,2,0,0,0,0
3145,1988,2,2,0,0,0,0,0,0,0,0
3146,1981,6,6,2,0,0,0,0,0,1,0
3146,1984,2,1,1,1,0,0,0,1,0,0
3147,1996,1,1,0,0,0,0,0,0,0,0
3147,1998,2,2,2,0,0,0,0,0,0,0
3152,1985,3,3,2,0,0,0,0,0,0,0
3152,1986,12,12,3,2,0,0,0,0,1,0
3160,1992,1,1,0,0,0,0,0,0,0,0
3160,1994,1,1,0,0,0,0,0,0,0,0
3160,1998,1,1,0,0,0,0,0,0,0,0
3163,1987,1,1,0,0,0,0,0,0,0,0
3188,1980,3,3,0,0,0,0,0,0,1,0
3188,1983,4,4,1,0,0,0,0,0,0,0
3192,1995,3,3,0,0,0,0,0,0,2,0
3192,1998,1,1,0,0,0,0,0,0,0,0
3200,1978,4,4,0,0,0,0,0,0,1,0
3200,1979,3,3,0,0,0,0,0,0,0,0
3201,1982,3,3,0,0,0,0,0,0,0,0
3221,1987,2,2,2,2,0,0,0,0,0,0
3221,1988,2,1,1,0,0,0,1,0,0,0
3221,1989,1,1,0,0,0,0,0,0,1,0
3221,1990,2,2,1,0,0,0,0,0,0,0
3221,1991,3,3,0,0,0,0,0,0,2,0
3221,1992,1,1,1,0,0,0,0,0,0,0
3221,1996,1,1,0,0,0,0,0,0,0,0
3221,1997,2,2,0,0,0,0,0,0,0,0
3244,1978,3,3,0,0,0,0,0,0,2,0
3244,1979,9,9,2,0,0,0,0,0,3,0
3257,1998,1,1,1,0,0,1,0,0,0,0
3267,1998,1,1,1,0,0,0,0,0,0,0
3274,1982,1,1,0,0,0,0,0,0,1,0
3274,1983,10,8,4,1,0,0,2,0,1,0
3298,1998,1,1,0,0,0,0,0,0,0,0
3300,1984,1,1,0,0,0,0,0,0,0,0
3300,1985,6,6,1,0,0,0,0,0,3,0
3300,1986,7,6,1,0,0,0,1,0,3,0
3300,1989,1,1,0,0,0,0,0,0,0,0
3319,1989,2,2,1,0,0,0,0,0,0,0
3319,1991,3,3,0,0,0,0,0,0,1,0
3319,1993,2,2,2,0,0,0,0,0,0,0
3319,1996,1,1,1,0,0,0,0,0,0,0
3331,1988,2,2,0,0,0,0,0,0,0,0
3331,1989,2,2,0,0,0,0,0,0,1,0
3334,1976,2,2,0,0,0,0,0,0,1,0
3334,1977,4,4,1,1,0,0,0,0,2,0
3334,1980,6,5,1,0,0,0,1,0,1,0
3334,1983,3,3,1,0,0,0,0,0,0,0
3349,1976,6,4,0,0,0,0,1,0,1,0
3355,1996,1,1,0,0,0,0,0,0,0,0
3355,1997,1,1,0,0,0,0,0,0,0,0
3358,1987,3,2,0,0,0,0,1,0,1,0
3358,1988,3,3,0,0,0,0,0,0,0,0
3359,1975,1,1,0,0,0,0,0,0,0,0
3359,1976,10,7,3,1,0,2,3,0,2,0
3359,1977,4,4,1,0,0,1,0,0,3,0
3359,1987,8,6,2,0,0,0,2,0,1,0
3359,1988,4,3,0,0,0,0,1,0,2,0
3359,1989,2,2,1,0,0,1,0,0,0,0
3359,1990,1,1,0,0,0,0,0,0,0,0
3359,1991,2,2,0,0,0,0,0,0,0,0
3369,1996,1,1,0,0,0,0,0,0,0,0
3369,1997,1,1,1,0,0,1,0,0,0,0
3372,1977,8,8,3,0,0,1,0,0,0,0
3372,1978,4,4,0,0,0,0,0,0,1,0
3380,1983,3,3,1,0,0,1,0,0,2,0
3382,1983,2,2,1,0,0,0,0,0,0,0
3385,1977,11,9,1,0,0,0,2,0,1,0
3385,1978,3,3,1,0,0,0,0,0,0,0
3401,1992,2,1,0,0,0,0,0,0,0,0
3419,1998,1,1,0,0,0,0,0,0,0,0
3433,1988,1,1,0,0,0,0,0,0,0,0
3433,1989,2,2,0,0,0,0,0,0,1,0
3433,1993,2,2,0,0,0,0,0,0,0,0
3436,1990,1,1,0,0,0,0,0,0,0,0
3436,1991,4,4,0,0,0,0,0,0,1,0
3436,1992,1,1,0,0,0,0,0,0,1,0
3436,1994,1,1,0,0,0,0,0,0,1,0
3450,1989,1,1,1,0,0,0,0,0,0,0
3450,1990,1,1,0,0,0,0,0,0,0,0
3450,1991,1,1,0,0,0,0,0,0,1,0
3450,1993,1,1,0,0,0,0,0,0,0,0
3450,1994,1,1,0,0,0,0,0,0,0,0
3468,1985,1,1,0,0,0,0,0,0,0,0
3468,1986,1,1,0,0,0,0,0,0,0,0
3469,1987,1,1,1,0,0,0,0,0,0,0
3469,1988,1,1,1,1,0,0,0,0,0,0
3469,1990,2,2,0,0,0,0,0,0,0,0
3469,1995,1,1,1,1,0,0,0,0,0,0
3489,1988,2,2,0,0,0,0,0,0,1,0
3489,1990,2,2,0,0,0,0,0,0,2,0
3489,1991,6,5,1,0,0,0,1,0,2,0
3489,1992,2,2,0,0,0,0,0,0,2,0
3489,1993,3,3,0,0,0,0,0,0,3,0
3489,1994,1,1,1,0,0,0,0,0,0,0
3489,1998,1,1,0,0,0,0,0,0,1,0
3520,1990,2,2,1,0,0,0,0,0,0,0
3520,1997,1,1,0,0,0,0,0,0,0,0
3532,1982,3,3,2,0,0,0,0,0,0,0
3532,1983,3,2,1,0,0,0,1,0,0,0
3532,1984,1,0,0,0,0,0,1,0,0,0
3545,1975,4,4,3,2,1,0,0,0,0,0
3545,1976,7,7,0,0,0,0,0,0,2,0
3545,1977,14,10,4,1,0,1,3,1,3,0
3545,1981,8,7,3,1,0,0,0,1,1,0
3545,1982,3,3,1,0,0,0,0,0,0,0
3545,1984,7,7,2,0,0,1,0,0,1,0
3545,1987,1,1,0,0,0,0,0,0,0,0
3545,1988,2,2,0,0,0,0,0,0,0,0
3545,1989,2,2,0,0,0,0,0,0,0,0
3545,1990,2,2,0,0,0,0,0,0,0,0
3545,1991,1,1,1,0,0,1,0,0,0,0
3545,1992,1,0,0,0,0,0,0,1,0,0
3550,1985,7,5,2,0,0,0,1,0,0,0
3556,1995,1,1,0,0,0,0,0,0,1,0
3561,1985,7,6,0,0,0,0,1,0,0,0
3561,1986,6,5,0,0,0,0,1,0,1,0
3568,1996,1,1,1,0,0,0,0,0,0,0
3568,1997,1,1,0,0,0,0,0,0,0,0
3572,1984,6,6,1,0,0,0,0,0,1,0
3572,1987,2,2,1,0,0,0,0,0,1,0
3572,1988,1,0,0,0,0,0,0,1,0,0
3572,1989,2,2,0,0,0,0,0,0,1,0
3572,1990,2,2,1,1,0,0,0,0,0,0
3572,1992,1,1,0,0,0,0,0,0,0,0
3572,1993,2,2,1,0,0,0,0,0,1,0
3582,1977,4,4,0,0,0,0,0,0,1,0
3595,1996,2,2,1,1,0,0,0,0,0,0
3595,1997,1,0,0,0,0,0,1,0,0,0
3599,1982,7,7,1,0,0,0,0,0,2,0
3599,1984,14,14,2,0,0,0,0,0,0,0
3604,1984,3,3,0,0,0,0,0,0,1,0
3604,1985,9,9,3,1,0,0,0,0,0,0
3604,1986,7,7,3,2,0,0,0,0,0,0
3605,1982,3,3,1,0,0,0,0,0,0,0
3605,1983,4,4,1,0,0,0,0,0,0,0
3620,1986,3,3,0,0,0,0,0,0,0,0
3621,1975,6,6,3,2,0,1,0,0,2,0
3621,1976,6,5,0,0,0,0,1,0,2,0
3621,1977,3,1,0,0,0,0,0,1,0,1
3621,1978,8,8,3,1,0,0,0,0,2,0
3621,1979,8,8,1,1,0,0,0,0,4,0
3621,1981,7,7,3,0,0,0,0,0,2,0
3621,1982,8,8,2,0,0,0,0,0,0,0
3634,1985,3,3,1,1,0,0,0,0,0,0
3634,1986,4,3,0,0,0,0,0,0,0,0
3646,1975,2,2,0,0,0,0,0,0,1,0
3649,1985,3,3,2,1,0,0,0,0,1,0
3649,1986,5,4,0,0,0,0,0,0,1,1
3682,1983,3,3,1,1,0,0,0,0,0,0
3682,1984,5,5,1,0,0,0,0,0,0,0
3682,1987,4,4,2,1,0,0,0,0,0,0
3682,1988,1,1,1,0,0,0,0,0,0,0
3682,1990,5,4,0,0,0,0,1,0,1,0
3682,1991,2,2,0,0,0,0,0,0,1,0
3682,1992,1,1,0,0,0,0,0,0,0,0
3682,1993,2,2,0,0,0,0,0,0,2,0
3682,1994,3,3,2,0,0,0,0,0,0,0
3689,1997,2,2,1,0,0,0,0,0,0,0
3696,1984,6,6,2,2,0,0,0,0,0,0
3696,1985,4,4,0,0,0,0,0,0,0,0
3696,1989,1,1,0,0,0,0,0,0,0,0
3709,1995,1,1,0,0,0,0,0,0,0,0
3714,1975,11,8,2,1,0,0,2,1,4,0
3714,1976,4,4,1,0,0,0,0,0,1,0
3745,1980,2,2,0,0,0,0,0,0,0,0
3753,1984,8,6,0,0,0,0,2,0,0,0
3753,1985,4,4,0,0,0,0,0,0,2,0
3762,1992,1,1,1,0,0,0,0,0,0,0
3762,1994,1,1,0,0,0,0,0,0,0,0
3762,1995,3,3,1,0,0,0,0,0,0,0
3763,1990,1,1,0,0,0,0,0,0,1,0
3763,1991,3,3,0,0,0,0,0,0,2,0
3763,1992,4,4,1,0,0,0,0,0,1,0
3763,1993,1,1,0,0,0,0,0,0,1,0
3763,1994,3,3,1,1,0,0,0,0,1,0
3763,1995,1,1,1,0,0,0,0,0,0,0
3763,1998,1,1,0,0,0,0,0,0,1,0
3771,1977,4,4,1,0,0,0,0,0,0,0
3804,1982,7,7,2,1,0,0,0,0,3,0
3804,1983,10,8,1,0,0,0,1,0,1,1
3804,1987,6,4,0,0,0,0,1,1,2,0
3804,1988,3,3,0,0,0,0,0,0,0,0
3804,1990,3,3,1,0,0,0,0,0,0,0
3804,1991,7,7,1,0,1,0,0,0,1,0
3804,1992,1,1,0,0,0,0,0,0,1,0
3804,1993,2,2,0,0,0,0,0,0,1,0
3804,1994,3,3,2,0,1,1,0,0,1,0
3804,1995,2,2,0,0,0,0,0,0,0,0
3810,1987,4,4,1,0,0,0,0,0,0,0
3810,1991,1,1,1,0,0,1,0,0,0,0
3810,1993,2,2,1,0,0,0,0,0,1,0
3810,1994,3,3,0,0,0,0,0,0,1,0
3810,1995,2,2,0,0,0,0,0,0,0,0
3810,1996,1,1,0,0,0,0,0,0,1,0
3810,1997,2,2,0,0,0,0,0,0,1,0
3817,1986,4,4,0,0,0,0,0,0,2,0
3817,1996,1,1,0,0,0,0,0,0,0,0
3817,1997,2,2,0,0,0,0,0,0,1,0
3825,1989,2,2,0,0,0,0,0,0,0,0
3825,1991,1,1,0,0,0,0,0,0,1,0
3831,1993,1,1,0,0,0,0,0,0,0,0
3831,1994,1,1,0,0,0,0,0,0,0,0
3840,1976,6,5,1,0,0,0,1,0,0,0
3840,1977,4,3,1,1,0,0,1,0,0,0
3840,1979,6,6,2,0,0,1,0,0,1,0
3840,1980,7,6,0,0,0,0,0,0,2,1
3840,1981,3,2,1,0,0,0,1,0,0,0
3840,1982,6,6,0,0,0,0,0,0,1,0
3840,1983,2,2,1,1,0,0,0,0,0,0
3844,1976,3,3,1,0,0,0,0,0,1,0
3844,1979,4,4,1,1,0,0,0,0,0,0
3844,1980,5,5,0,0,0,0,0,0,0,0
3844,1981,5,5,1,1,0,0,0,0,0,0
3844,1982,7,7,2,0,0,0,0,0,0,0
3844,1983,6,6,3,1,0,0,0,0,0,0
3844,1987,1,1,0,0,0,0,0,0,0,0
3844,1988,1,1,0,0,0,0,0,0,0,0
3844,1989,1,0,0,0,0,0,0,0,0,1
3844,1990,1,1,0,0,0,0,0,0,0,0
3844,1991,1,1,0,0,0,0,0,0,1,0
3844,1992,1,1,0,0,0,0,0,0,1,0
3851,1988,1,1,0,0,0,0,0,0,0,0
3861,1996,2,2,1,0,0,0,0,0,1,0
3863,1978,5,5,1,0,0,0,0,0,1,0
3863,1981,3,2,1,0,0,0,1,0,0,0
3863,1982,12,11,2,0,0,0,1,0,2,0
3863,1983,9,9,4,0,0,0,0,0,0,0
3883,1977,3,3,1,0,0,0,0,0,1,0
3883,1978,2,2,0,0,0,0,0,0,2,0
3883,1979,2,2,1,0,0,0,0,0,0,0
3883,1980,4,4,2,0,0,1,0,0,1,0
3898,1975,7,7,3,1,0,0,0,0,1,0
3898,1976,6,6,1,1,0,0,0,0,3,0
3931,1975,6,5,2,0,0,0,0,0,0,0
3931,1976,6,5,1,1,0,0,0,0,2,0
3931,1985,3,3,1,0,0,0,0,0,0,0
3931,1986,3,3,0,0,0,0,0,0,2,0
3939,1976,5,5,3,0,0,0,0,0,0,0
3939,1977,6,5,2,0,1,0,1,0,0,0
3939,1978,7,7,2,0,0,0,0,0,2,0
3939,1979,7,7,2,0,0,0,0,0,0,0
3949,1985,6,6,1,1,0,0,0,0,0,0
3949,1986,6,6,1,0,0,0,0,0,0,0
3961,1979,1,1,0,0,0,0,0,0,0,0
3974,1987,3,3,0,0,0,0,0,0,0,0
3974,1988,1,1,0,0,0,0,0,0,1,0
3974,1989,1,1,0,0,0,0,0,0,0,0
3995,1990,1,1,0,0,0,0,0,0,1,0
4005,1981,5,5,1,0,0,0,0,0,1,0
4012,1998,1,1,0,0,0,0,0,0,0,0
4028,1979,4,4,1,0,0,0,0,0,0,0
4028,1980,5,5,0,0,0,0,0,0,0,0
4028,1981,5,5,1,0,0,0,0,0,1,0
4028,1982,8,5,2,1,0,1,2,1,0,0
4028,1983,13,10,3,0,2,0,3,0,0,0
4028,1987,2,1,0,0,0,0,1,0,0,0
4028,1993,3,2,1,0,0,0,1,0,1,0
4028,1994,1,1,0,0,0,0,0,0,0,0
4038,1995,3,3,0,0,0,0,0,0,2,0
4053,1998,1,0,0,0,0,0,1,0,0,0
4058,1996,1,1,0,0,0,0,0,0,1,0
4058,1997,2,2,0,0,0,0,0,0,1,0
4081,1998,2,2,0,0,0,0,0,0,0,0
4088,1984,7,7,2,0,0,0,0,0,1,0
4088,1985,7,7,1,0,0,0,0,0,3,0
4088,1987,2,2,0,0,0,0,0,0,2,0
4088,1988,2,2,0,0,0,0,0,0,1,0
4088,1990,1,1,0,0,0,0,0,0,1,0
4088,1991,2,2,0,0,0,0,0,0,0,0
4090,1996,1,1,0,0,0,0,0,0,1,0
4090,1997,1,1,0,0,0,0,0,0,0,0
4093,1998,1,1,0,0,0,0,0,0,0,0
4133,1994,1,1,0,0,0,0,0,0,1,0
4133,1997,1,1,1,0,0,0,0,0,0,0
4138,1991,2,2,0,0,0,0,0,0,2,0
4138,1992,1,1,0,0,0,0,0,0,0,0
4138,1993,1,0,0,0,0,0,0,0,0,0
4138,1994,1,1,0,0,0,0,0,0,1,0
4138,1995,2,2,1,1,0,0,0,0,1,0
4138,1996,1,1,0,0,0,0,0,0,0,0
4139,1975,1,1,0,0,0,0,0,0,1,0
4139,1978,9,9,3,0,0,0,0,0,1,0
4139,1979,3,2,1,1,0,0,1,0,0,0
4152,1994,1,1,0,0,0,0,0,0,1,0
4152,1995,2,2,0,0,0,0,0,0,1,0
4152,1998,3,3,1,1,0,0,0,0,1,0
4160,1985,2,2,0,0,0,0,0,0,0,0
4172,1990,1,1,0,0,0,0,0,0,1,0
4172,1991,1,1,1,0,0,1,0,0,0,0
4172,1992,2,2,0,0,0,0,0,0,1,0
4172,1993,1,1,1,0,0,1,0,0,0,0
4172,1994,1,1,1,0,0,0,0,0,0,0
4172,1998,2,2,0,0,0,0,0,0,0,0
4175,1996,2,2,0,0,0,0,0,0,1,0
4175,1997,2,1,0,0,0,0,0,1,1,0
4191,1993,1,1,0,0,0,0,0,0,1,0
4191,1994,1,1,0,0,0,0,0,0,1,0
4202,1995,1,1,1,0,0,0,0,0,0,0
4202,1996,1,1,1,0,0,0,0,0,0,0
4203,1986,2,2,0,0,0,0,0,0,2,0
4204,1978,4,3,0,0,0,0,1,0,1,0
4204,1979,2,2,0,0,0,0,0,0,0,0
4204,1980,3,3,0,0,0,0,0,0,2,0
4204,1982,3,3,0,0,0,0,0,0,0,0
4209,1998,1,1,0,0,0,0,0,0,0,0
4242,1985,2,2,0,0,0,0,0,0,1,0
4252,1996,4,3,3,1,0,0,0,1,0,0
4258,1980,5,5,1,0,0,0,0,0,1,0
4258,1981,1,1,0,0,0,0,0,0,0,0
4286,1978,4,4,0,0,0,0,0,0,0,0
4286,1982,3,3,1,0,0,0,0,0,1,0
4295,1991,1,1,0,0,0,0,0,0,1,0
4295,1992,1,1,1,0,0,0,0,0,0,0
4295,1993,1,0,0,0,0,0,1,0,0,0
4295,1996,1,1,1,0,0,0,0,0,0,0
4295,1998,1,1,0,0,0,0,0,0,0,0
4298,1979,1,1,0,0,0,0,0,0,0,0
4301,1998,1,1,0,0,0,0,0,0,1,0
4304,1984,5,5,1,1,0,0,0,0,2,0
4304,1985,5,4,0,0,0,0,0,0,1,1
4316,1987,5,4,1,0,0,0,0,1,0,0
4316,1988,4,4,1,0,0,0,0,0,0,0
4316,1989,1,1,0,0,0,0,0,0,0,0
4316,1990,1,1,0,0,0,0,0,0,0,0
4316,1991,1,1,0,0,0,0,0,0,0,0
4316,1992,2,2,1,0,0,0,0,0,0,0
4316,1993,1,1,1,0,0,1,0,0,0,0
4316,1994,2,2,1,0,0,0,0,0,0,0
4316,1995,2,2,1,1,0,0,0,0,0,0
4320,1994,2,2,2,1,0,0,0,0,0,0
4320,1995,2,2,0,0,0,0,0,0,0,0
4333,1996,2,2,0,0,0,0,0,0,1,0
4333,1997,2,2,0,0,0,0,0,0,2,0
4345,1975,13,10,0,0,0,0,3,0,4,0
4345,1976,9,8,0,0,0,0,1,0,3,0
4345,1977,3,3,0,0,0,0,0,0,2,0
4345,1978,12,9,3,0,0,0,2,0,3,0
4345,1979,2,1,0,0,0,0,0,0,1,0
4345,1980,7,7,0,0,0,0,0,0,1,0
4345,1981,7,7,1,0,0,0,0,0,2,0
4345,1982,3,3,2,1,0,0,0,0,0,0
4345,1983,7,5,3,0,0,0,1,1,1,0
4345,1984,3,3,2,1,0,0,0,0,1,0
4348,1975,3,2,0,0,0,0,1,0,0,0
4348,1976,4,4,1,1,0,0,0,0,2,0
4348,1977,6,6,0,0,0,0,0,0,1,0
4349,1979,8,7,1,0,1,0,0,1,0,0
4349,1980,4,3,0,0,0,0,1,0,1,0
4349,1981,3,3,1,0,0,0,0,0,0,0
4349,1982,9,9,3,0,0,1,0,0,0,0
4349,1983,8,8,1,0,0,0,0,0,0,0
4351,1975,1,0,0,0,0,0,0,1,0,0
4356,1982,7,7,3,2,0,1,0,0,1,0
4356,1983,1,1,0,0,0,0,0,0,0,0
4356,1986,6,6,4,1,0,0,0,0,1,0
4357,1989,1,1,0,0,0,0,0,0,0,0
4357,1990,1,1,0,0,0,0,0,0,1,0
4357,1991,2,2,0,0,0,0,0,0,0,0
4357,1992,3,3,0,0,0,0,0,0,2,0
4357,1993,3,3,1,0,0,1,0,0,0,0
4357,1994,1,1,0,0,0,0,0,0,0,0
4367,1996,1,1,0,0,0,0,0,0,0,0
4374,1984,5,5,1,1,0,0,0,0,0,0
4374,1985,5,5,2,1,0,0,0,0,0,0
4377,1984,2,2,0,0,0,0,0,0,2,0
4380,1977,3,2,1,0,0,1,1,0,0,0
4380,1978,3,2,1,0,0,1,1,0,1,0
4380,1979,7,5,1,0,0,1,2,0,0,0
4380,1980,9,7,2,0,0,0,1,0,1,1
4380,1981,12,9,1,0,0,0,2,1,1,0
4380,1982,6,5,1,1,0,0,1,0,0,0
4380,1983,3,3,1,0,0,0,0,0,0,0
4382,1981,2,2,0,0,0,0,0,0,0,0
4387,1978,13,8,3,1,0,1,4,1,1,0
4387,1979,13,12,8,2,0,1,1,0,0,0
4387,1980,5,4,1,0,0,0,0,0,0,1
4387,1981,4,3,1,0,0,0,1,0,0,0
4387,1982,7,7,3,1,0,0,0,0,0,0
4387,1983,9,8,2,0,1,0,1,0,1,0
4387,1987,2,2,1,0,0,0,0,0,0,0
4389,1987,1,1,0,0,0,0,0,0,1,0
4389,1988,4,4,0,0,0,0,0,0,0,0
4389,1989,1,1,0,0,0,0,0,0,0,0
4389,1990,2,2,1,0,0,0,0,0,1,0
4389,1991,1,1,0,0,0,0,0,0,1,0
4389,1992,1,1,1,0,0,0,0,0,0,0
4390,1996,2,1,0,0,0,0,1,0,0,0
4413,1976,4,3,0,0,0,0,0,0,0,1
4413,1978,1,1,0,0,0,0,0,0,0,0
4413,1979,3,3,0,0,0,0,0,0,1,0
4413,1980,8,8,4,1,0,1,0,0,1,0
4414,1984,6,6,0,0,0,0,0,0,2,0
4414,1985,3,3,0,0,0,0,0,0,0,0
4426,1997,2,2,1,0,0,0,0,0,0,0
4428,1987,4,4,1,0,0,0,0,0,0,0
4428,1989,3,3,1,0,0,0,0,0,0,0
4428,1990,2,2,0,0,0,0,0,0,0,0
4428,1991,1,1,1,0,0,0,0,0,0,0
4428,1992,1,1,0,0,0,0,0,0,0,0
4428,1993,3,3,1,0,0,0,0,0,1,0
4428,1997,1,1,0,0,0,0,0,0,0,0
4434,1979,1,1,0,0,0,0,0,0,0,0
4434,1984,7,7,3,1,1,0,0,0,0,0
4437,1982,4,3,0,0,0,0,1,0,0,0
4437,1983,2,2,1,1,0,0,0,0,0,0
4475,1992,1,1,0,0,0,0,0,0,0,0
4475,1993,2,2,1,0,1,0,0,0,0,0
4477,1985,6,6,3,2,0,0,0,0,1,0
4477,1986,6,6,1,0,0,0,0,0,0,0
4477,1997,2,2,2,1,0,0,0,0,0,0
4505,1984,4,4,1,1,0,0,0,0,0,0
4505,1987,2,2,1,0,0,0,0,0,0,0
4512,1993,2,2,0,0,0,0,0,0,2,0
4512,1994,1,1,1,0,0,0,0,0,0,0
4512,1995,2,2,0,0,0,0,0,0,0,0
4512,1997,1,1,0,0,0,0,0,0,1,0
4515,1978,6,4,0,0,0,0,2,0,0,0
4515,1979,3,3,1,0,0,0,0,0,2,0
4517,1984,3,3,1,0,0,0,0,0,0,0
4528,1987,4,4,0,0,0,0,0,0,0,0
4528,1988,3,3,1,0,0,1,0,0,1,0
4528,1990,1,1,0,0,0,0,0,0,0,0
4528,1991,1,1,0,0,0,0,0,0,0,0
4528,1992,1,1,1,0,0,0,0,0,0,0
4542,1994,1,1,0,0,0,0,0,0,0,0
4542,1995,1,1,0,0,0,0,0,0,1,0
4547,1990,1,1,0,0,0,0,0,0,0,0
4547,1991,1,1,0,0,0,0,0,0,0,0
4547,1992,3,3,1,0,0,0,0,0,0,0
4547,1993,2,2,1,0,0,0,0,0,0,0
4547,1995,1,1,1,0,0,0,0,0,0,0
4547,1997,2,2,2,0,0,0,0,0,0,0
4551,1986,4,4,1,0,0,1,0,0,1,0
4558,1984,2,2,0,0,0,0,0,0,1,0
4560,1994,3,2,0,0,0,0,1,0,1,0
4565,1982,2,2,1,0,0,0,0,0,0,0
4574,1983,1,1,0,0,0,0,0,0,0,0
4586,1976,4,4,0,0,0,0,0,0,3,0
4586,1977,6,6,0,0,0,0,0,0,2,0
4587,1996,1,1,0,0,0,0,0,0,0,0
4600,1976,1,0,0,0,0,0,1,0,0,0
4602,1996,1,1,0,0,0,0,0,0,0,0
4602,1997,1,1,0,0,0,0,0,0,0,0
4606,1997,1,0,0,0,0,0,1,0,0,0
4621,1991,1,1,0,0,0,0,0,0,1,0
4623,1975,12,11,3,0,0,1,1,0,0,0
4623,1976,5,3,1,0,0,0,2,0,1,0
4623,1977,10,10,3,0,0,0,0,0,0,0
4623,1978,14,11,4,1,0,1,3,0,1,0
4623,1979,9,9,4,0,0,1,0,0,1,0
4623,1980,4,3,2,0,0,0,1,0,0,0
4623,1981,15,13,6,0,0,0,2,0,0,0
4623,1982,5,4,2,0,0,0,1,0,0,0
4623,1983,6,6,1,0,0,0,0,0,1,0
4623,1984,7,7,0,0,0,0,0,0,1,0
4628,1977,4,3,1,0,0,0,1,0,0,0
4628,1978,4,4,2,0,0,1,0,0,0,0
4628,1979,1,1,0,0,0,0,0,0,0,0
4628,1980,6,6,1,1,0,0,0,0,1,0
4632,1988,1,1,0,0,0,0,0,0,0,0
4632,1989,1,1,0,0,0,0,0,0,0,0
4632,1990,2,2,2,0,0,0,0,0,0,0
4632,1991,1,1,0,0,0,0,0,0,0,0
4632,1992,3,3,0,0,0,0,0,0,0,0
4632,1993,4,4,2,0,0,0,0,0,0,0
4632,1994,1,1,0,0,0,0,0,0,0,0
4636,1985,2,2,0,0,0,0,0,0,1,0
4648,1991,1,1,0,0,0,0,0,0,1,0
4660,1981,3,3,0,0,0,0,0,0,0,0
4664,1996,5,5,2,0,0,0,0,0,1,0
4673,1975,11,10,4,0,0,0,1,0,2,0
4673,1976,5,4,1,0,0,0,0,0,1,1
4673,1977,9,8,1,0,0,1,1,0,1,0
4673,1978,8,8,3,2,0,0,0,0,1,0
4673,1979,17,15,2,0,0,0,2,0,3,0
4673,1980,4,3,0,0,0,0,1,0,0,0
4673,1981,14,13,2,0,0,0,1,0,3,0
4673,1982,2,2,2,1,0,1,0,0,0,0
4673,1983,6,6,1,0,0,0,0,0,1,0
4695,1987,1,1,0,0,0,0,0,0,0,0
4707,1993,1,1,0,0,0,0,0,0,0,0
4707,1998,1,1,0,0,0,0,0,0,0,0
4711,1978,3,3,1,0,0,0,0,0,0,0
4711,1979,4,3,2,0,0,0,1,0,0,0
4711,1980,4,4,2,1,0,0,0,0,0,0
4711,1981,13,13,3,0,0,0,0,0,0,0
4711,1982,2,2,1,1,0,0,0,0,0,0
4711,1983,3,3,0,0,0,0,0,0,0,0
4711,1984,4,2,1,1,0,0,1,0,0,1
4713,1986,4,4,3,1,0,0,0,0,0,0
4713,1992,2,2,1,1,0,0,0,0,1,0
4713,1993,2,2,1,1,0,0,0,0,1,0
4716,1981,4,4,1,0,0,0,0,0,0,0
4716,1983,7,7,3,0,0,0,0,0,0,0
4738,1992,2,2,1,0,0,0,0,0,1,0
4738,1996,2,2,1,0,0,0,0,0,0,0
4741,1981,6,5,2,0,0,0,1,0,2,0
4741,1982,4,4,2,1,0,0,0,0,1,0
4741,1984,15,13,3,0,0,1,2,0,2,0
4741,1985,17,15,5,0,0,1,2,0,2,0
4741,1986,4,3,1,0,0,0,0,0,0,1
4766,1979,3,3,0,0,0,0,0,0,1,0
4766,1982,3,3,0,0,0,0,0,0,2,0
4766,1984,3,3,1,0,0,0,0,0,0,0
4766,1986,3,2,0,0,0,0,0,1,0,0
4766,1987,4,4,1,1,0,0,0,0,1,0
4766,1988,2,2,1,0,0,0,0,0,0,0
4766,1990,1,1,0,0,0,0,0,0,1,0
4772,1980,5,5,3,0,0,0,0,0,1,0
4772,1981,4,3,0,0,0,0,0,0,1,0
4772,1982,6,5,2,0,0,2,1,0,0,0
4777,1986,8,7,2,0,0,0,1,0,0,0
4777,1989,1,1,1,0,0,0,0,0,0,0
4777,1990,2,2,0,0,0,0,0,0,0,0
4783,1975,4,4,1,0,0,0,0,0,1,0
4783,1976,9,9,3,0,0,1,0,0,3,0
4783,1977,2,2,1,0,0,0,0,0,1,0
4794,1976,3,1,0,0,0,0,1,0,0,0
4794,1977,2,2,0,0,0,0,0,0,0,0
4815,1983,7,7,1,0,0,0,0,0,1,0
4815,1987,2,2,0,0,0,0,0,0,2,0
4816,1975,11,8,1,0,0,0,2,0,2,1
4816,1976,6,6,0,0,0,0,0,0,2,0
4817,1985,3,3,0,0,0,0,0,0,3,0
4822,1975,4,4,1,0,0,0,0,0,3,0
4822,1977,4,4,1,0,0,0,0,0,1,0
4826,1979,5,5,1,0,0,0,0,0,1,0
4826,1980,10,9,0,0,0,0,1,0,1,0
4826,1981,12,9,1,0,0,0,3,0,2,0
4826,1982,7,5,1,0,0,0,2,0,2,0
4826,1983,4,4,1,1,0,0,0,0,1,0
4826,1984,3,3,1,0,0,0,0,0,2,0
4826,1987,2,2,0,0,0,0,0,0,1,0
4826,1988,2,2,0,0,0,0,0,0,1,0
4826,1993,1,1,0,0,0,0,0,0,0,0
4826,1996,1,1,0,0,0,0,0,0,0,0
4826,1997,1,1,0,0,0,0,0,0,0,0
4826,1998,5,5,1,0,0,0,0,0,0,0
4829,1983,6,6,2,0,0,0,0,0,2,0
4879,1996,1,1,1,0,0,0,0,0,0,0
4900,1996,3,3,2,1,0,0,0,0,1,0
4907,1985,3,3,0,0,0,0,0,0,0,0
4907,1986,11,9,2,0,0,0,2,0,2,0
4907,1990,1,1,1,0,0,0,0,0,0,0
4908,1982,10,9,1,1,0,0,0,0,2,1
4908,1983,11,11,3,1,1,0,0,0,0,0
4908,1987,1,1,0,0,0,0,0,0,0,0
4952,1985,11,10,3,0,0,0,0,0,2,1
4952,1986,8,8,1,0,0,0,0,0,2,0
4952,1988,2,2,1,0,0,0,0,0,0,0
4956,1985,1,1,0,0,0,0,0,0,0,0
4971,1993,2,2,0,0,0,0,0,0,2,0
4988,1995,2,2,0,0,0,0,0,0,1,0
4988,1998,1,0,0,0,0,0,1,0,0,0
5001,1984,2,2,1,0,0,0,0,0,0,0
5001,1988,1,1,0,0,0,0,0,0,0,0
5001,1990,3,3,1,0,0,1,0,0,0,0
5001,1991,1,1,0,0,0,0,0,0,0,0
5001,1992,2,2,1,0,0,0,0,0,0,0
5005,1990,1,1,0,0,0,0,0,0,0,0
5005,1991,1,1,0,0,0,0,0,0,1,0
5005,1993,1,1,0,0,0,0,0,0,1,0
5005,1996,1,1,0,0,0,0,0,0,0,0
5005,1997,1,1,0,0,0,0,0,0,1,0
5005,1998,3,3,2,0,0,0,0,0,0,0
5014,1980,3,3,2,0,0,0,0,0,0,0
5026,1998,2,2,1,0,0,0,0,0,0,0
5044,1975,5,5,0,0,0,0,0,0,2,0
5044,1976,8,7,1,0,0,0,1,0,2,0
5044,1978,7,6,3,2,0,1,0,0,0,1
5044,1979,4,4,1,1,0,0,0,0,0,0
5052,1976,9,9,0,0,0,0,0,0,4,0
5052,1977,14,14,4,1,0,1,0,0,5,0
5052,1981,6,5,0,0,0,0,1,0,2,0
5055,1997,1,1,1,0,0,0,0,0,0,0
5071,1987,2,2,1,0,0,0,0,0,1,0
5081,1991,1,1,0,0,0,0,0,0,1,0
5081,1992,1,1,0,0,0,0,0,0,1,0
5081,1994,3,1,0,0,0,0,1,0,0,0
5081,1995,2,2,0,0,0,0,0,0,0,0
5081,1998,3,3,0,0,0,0,0,0,1,0
5119,1975,2,2,1,0,0,0,0,0,0,0
5128,1986,1,1,0,0,0,0,0,0,1,0
5146,1986,9,9,5,1,0,1,0,0,0,0
5148,1988,1,1,0,0,0,0,0,0,1,0
5148,1989,2,2,0,0,0,0,0,0,1,0
5148,1990,1,1,0,0,0,0,0,0,0,0
5154,1975,15,15,2,0,0,0,0,0,3,0
5154,1976,10,10,3,0,0,1,0,0,4,0
5154,1977,5,5,0,0,0,0,0,0,2,0
5154,1978,4,4,0,0,0,0,0,0,2,0
5154,1979,10,10,2,0,0,1,0,0,4,0
5154,1980,1,1,0,0,0,0,0,0,1,0
5160,1977,2,2,1,0,0,0,0,0,0,0
5162,1982,4,4,2,0,0,0,0,0,0,0
5162,1983,6,6,2,0,0,1,0,0,1,0
5176,1996,4,3,0,0,0,0,1,0,0,0
5176,1997,1,1,0,0,0,0,0,0,0,0
5185,1995,3,1,1,0,0,0,2,0,0,0
5198,1992,3,3,3,0,0,0,0,0,0,0
5198,1996,4,4,1,0,0,1,0,0,1,0
5198,1997,1,1,0,0,0,0,0,0,1,0
5200,1984,3,3,0,0,0,0,0,0,0,0
5202,1987,2,2,0,0,0,0,0,0,0,0
5202,1988,2,2,0,0,0,0,0,0,1,0
5202,1990,2,2,0,0,0,0,0,0,0,0
5202,1991,1,1,0,0,0,0,0,0,0,0
5206,1975,6,5,2,0,0,0,0,0,1,1
5206,1976,4,4,1,0,0,0,0,0,3,0
5206,1977,8,8,5,1,0,0,0,0,0,0
5206,1978,12,12,5,0,0,1,0,0,1,0
5206,1979,5,4,0,0,0,0,0,1,1,0
5206,1980,3,3,0,0,0,0,0,0,1,0
5206,1981,4,4,1,0,0,0,0,0,0,0
5206,1982,9,9,1,0,0,0,0,0,1,0
5208,1994,1,0,0,0,0,0,1,0,0,0
5214,1985,2,2,0,0,0,0,0,0,0,0
5214,1986,5,4,2,0,0,0,0,0,1,0
5216,1982,8,7,2,0,0,1,1,0,1,0
5216,1983,10,10,5,3,0,0,0,0,1,0
5216,1987,4,4,2,1,0,1,0,0,1,0
5216,1988,2,0,0,0,0,0,2,0,0,0
5216,1990,2,1,0,0,0,0,1,0,1,0
5216,1991,2,2,0,0,0,0,0,0,0,0
5216,1992,1,1,0,0,0,0,0,0,0,0
5216,1994,1,1,1,0,0,0,0,0,0,0
5221,1985,2,1,0,0,0,0,1,0,0,0
5221,1986,12,12,2,1,0,0,0,0,2,0
5230,1995,1,1,0,0,0,0,0,0,1,0
5232,1984,6,6,1,1,0,0,0,0,2,0
5232,1985,2,2,0,0,0,0,0,0,0,0
5232,1986,2,2,0,0,0,0,0,0,2,0
5247,1991,1,1,0,0,0,0,0,0,1,0
5247,1994,1,1,0,0,0,0,0,0,1,0
5247,1995,1,1,0,0,0,0,0,0,0,0
5256,1988,1,1,0,0,0,0,0,0,0,0
5265,1990,1,1,0,0,0,0,0,0,1,0
5265,1991,2,2,1,0,0,0,0,0,1,0
5265,1994,1,1,0,0,0,0,0,0,1,0
5268,1992,1,1,0,0,0,0,0,0,0,0
5268,1995,1,1,1,0,0,0,0,0,0,0
5275,1991,2,2,0,0,0,0,0,0,1,0
5276,1977,2,2,0,0,0,0,0,0,2,0
5279,1996,3,3,0,0,0,0,0,0,1,0
5281,1996,4,4,2,0,0,0,0,0,0,0
5281,1998,3,3,1,0,0,0,0,0,1,0
5288,1986,3,2,2,0,0,0,1,0,0,0
5296,1978,6,4,1,0,0,1,0,1,0,1
5296,1979,1,1,1,1,0,0,0,0,0,0
5296,1980,7,5,0,0,0,0,2,0,1,0
5296,1985,1,1,0,0,0,0,0,0,0,0
5296,1986,3,3,1,1,0,0,0,0,1,0
5309,1996,3,3,0,0,0,0,0,0,2,0
5309,1997,2,2,1,0,0,1,0,0,0,0
5310,1990,1,1,0,0,0,0,0,0,0,0
5310,1991,3,2,0,0,0,0,0,0,0,0
5310,1992,2,2,0,0,0,0,0,0,1,0
5310,1995,2,2,0,0,0,0,0,0,0,0
5316,1978,4,3,1,1,0,0,1,0,0,0
5324,1998,1,1,0,0,0,0,0,0,0,0
5335,1988,2,2,0,0,0,0,0,0,0,0
5335,1989,2,2,1,1,0,0,0,0,1,0
5335,1990,6,6,1,0,0,0,0,0,2,0
5335,1991,1,1,0,0,0,0,0,0,0,0
5335,1996,3,3,0,0,0,0,0,0,2,0
5347,1984,2,2,0,0,0,0,0,0,0,0
5348,1980,4,4,0,0,0,0,0,0,1,0
5348,1987,1,0,0,0,0,0,0,0,0,0
5375,1987,1,1,0,0,0,0,0,0,1,0
5375,1988,1,0,0,0,0,0,1,0,0,0
5375,1989,1,1,0,0,0,0,0,0,0,0
5375,1990,3,3,1,0,0,1,0,0,2,0
5380,1994,3,3,0,0,0,0,0,0,2,0
5394,1975,11,11,1,0,0,0,0,0,4,0
5394,1976,12,11,1,0,0,1,1,0,4,0
5394,1977,7,7,3,1,0,1,0,0,1,0
5394,1978,17,16,2,0,0,0,1,0,6,0
5394,1979,8,8,3,0,0,2,0,0,1,0
5394,1980,15,10,3,0,0,1,5,0,2,0
5394,1981,3,3,2,0,0,0,0,0,0,0
5394,1982,4,4,0,0,0,0,0,0,0,0
5394,1983,7,7,2,0,0,0,0,0,0,0
5394,1984,1,1,0,0,0,0,0,0,0,0
5395,1976,5,4,0,0,0,0,0,1,3,0
5395,1978,4,3,2,0,0,1,0,0,0,1
5395,1979,6,5,0,0,0,0,0,1,3,0
5395,1980,3,3,1,0,0,0,0,0,0,0
5395,1981,4,3,1,1,0,0,1,0,0,0
5395,1982,1,1,0,0,0,0,0,0,0,0
5405,1984,6,6,1,0,0,0,0,0,3,0
5405,1987,4,4,1,0,0,0,0,0,1,0
5405,1988,2,2,0,0,0,0,0,0,1,0
5405,1989,2,1,1,0,0,1,1,0,0,0
5405,1990,3,3,0,0,0,0,0,0,1,0
5405,1991,1,1,0,0,0,0,0,0,1,0
5405,1992,1,1,0,0,0,0,0,0,1,0
5414,1993,3,3,0,0,0,0,0,0,2,0
5417,1975,3,3,2,1,0,0,0,0,0,0
5419,1990,4,4,2,0,0,0,0,0,0,0
5419,1991,2,2,0,0,0,0,0,0,0,0
5419,1994,1,1,0,0,0,0,0,0,0,0
5423,1989,1,1,0,0,0,0,0,0,0,0
5423,1990,1,1,0,0,0,0,0,0,0,0
5423,1992,2,2,0,0,0,0,0,0,1,0
5423,1993,4,3,2,0,0,0,1,0,1,0
5423,1995,2,2,1,0,0,0,0,0,0,0
5453,1993,1,1,1,0,1,0,0,0,0,0
5453,1996,1,1,0,0,0,0,0,0,0,0
5453,1997,3,3,1,0,0,1,0,0,0,0
5461,1992,2,2,2,0,0,0,0,0,0,0
5461,1997,1,1,0,0,0,0,0,0,0,0
5465,1993,3,3,0,0,0,0,0,0,2,0
5465,1994,1,1,0,0,0,0,0,0,1,0
5465,1995,1,1,0,0,0,0,0,0,1,0
5467,1990,3,3,0,0,0,0,0,0,1,0
5470,1984,3,3,0,0,0,0,0,0,1,0
5470,1985,6,6,0,0,0,0,0,0,1,0
5470,1986,2,1,0,0,0,0,1,0,0,0
5481,1996,1,1,1,1,0,0,0,0,0,0
5491,1998,4,4,0,0,0,0,0,0,0,0
5493,1992,1,1,0,0,0,0,0,0,1,0
5523,1975,1,0,0,0,0,0,0,0,0,1
5523,1976,3,3,1,0,0,0,0,0,1,0
5529,1982,3,2,1,0,0,1,0,0,0,0
5534,1979,2,2,0,0,0,0,0,0,1,0
5534,1981,7,7,1,0,0,1,0,0,2,0
5534,1983,5,5,2,0,0,0,0,0,0,0
5543,1975,4,2,0,0,0,0,2,0,1,0
5553,1982,3,3,1,0,0,0,0,0,0,0
5553,1985,2,2,0,0,0,0,0,0,1,0
5553,1986,5,4,2,2,0,0,1,0,0,0
5555,1978,5,5,1,0,0,1,0,0,2,0
5556,1986,2,2,0,0,0,0,0,0,2,0
5571,1991,3,3,2,0,0,0,0,0,0,0
5571,1992,3,2,0,0,0,0,1,0,0,0
5571,1993,2,2,0,0,0,0,0,0,0,0
5571,1994,3,2,0,0,0,0,1,0,0,0
5571,1995,1,1,0,0,0,0,0,0,0,0
5571,1996,2,2,0,0,0,0,0,0,0,0
5572,1978,6,6,0,0,0,0,0,0,1,0
5572,1979,4,4,0,0,0,0,0,0,2,0
5572,1982,4,3,0,0,0,0,1,0,0,0
5584,1984,3,3,1,1,0,0,0,0,0,0
5585,1984,1,1,0,0,0,0,0,0,0,0
5594,1980,3,3,1,0,0,0,0,0,0,0
5594,1982,8,8,4,0,0,0,0,0,0,0
5604,1976,5,5,0,0,0,0,0,0,1,0
5604,1977,5,5,0,0,0,0,0,0,1,0
5604,1978,3,3,0,0,0,0,0,0,0,0
5609,1997,1,1,0,0,0,0,0,0,1,0
5611,1976,1,1,0,0,0,0,0,0,1,0
5617,1996,3,3,0,0,0,0,0,0,1,0
5623,1996,1,1,0,0,0,0,0,0,0,0
5644,1981,1,1,0,0,0,0,0,0,1,0
5653,1976,5,5,1,0,0,0,0,0,1,0
5653,1977,11,9,2,1,0,1,2,0,3,0
5653,1978,3,2,2,1,0,0,1,0,0,0
5653,1979,10,5,0,0,0,0,5,0,1,0
5653,1987,4,4,1,1,0,0,0,0,1,0
5663,1991,1,1,0,0,0,0,0,0,1,0
5678,1977,3,3,1,0,0,0,0,0,1,0
5678,1979,1,1,0,0,0,0,0,0,0,0
5685,1993,4,4,2,1,0,0,0,0,0,0
5685,1994,2,2,1,1,0,0,0,0,0,0
5689,1976,8,8,3,0,0,0,0,0,2,0
5689,1977,13,13,1,0,0,0,0,0,3,0
5695,1987,1,0,0,0,0,0,1,0,0,0
5695,1988,1,1,0,0,0,0,0,0,0,0
5695,1989,2,2,0,0,0,0,0,0,1,0
5695,1991,1,0,0,0,0,0,1,0,0,0
5695,1992,2,2,0,0,0,0,0,0,0,0
5695,1993,3,2,0,0,0,0,1,0,0,0
5695,1994,1,1,0,0,0,0,0,0,0,0
5695,1995,2,2,1,0,0,0,0,0,1,0
5695,1996,1,1,0,0,0,0,0,0,1,0
5695,1997,1,1,0,0,0,0,0,0,0,0
5713,1996,1,1,0,0,0,0,0,0,1,0
5713,1998,1,1,1,1,0,0,0,0,0,0
5736,1987,2,2,0,0,0,0,0,0,2,0
5736,1989,2,2,1,0,0,0,0,0,1,0
5736,1990,1,1,0,0,0,0,0,0,0,0
5736,1992,1,1,0,0,0,0,0,0,0,0
5736,1993,1,1,0,0,0,0,0,0,1,0
5741,1996,4,3,2,1,0,0,0,0,0,1
5741,1997,4,4,1,1,0,0,0,0,1,0
5762,1983,2,2,0,0,0,0,0,0,1,0
5762,1984,3,2,1,1,0,0,1,0,0,0
5764,1987,2,2,0,0,0,0,0,0,1,0
5776,1989,2,2,0,0,0,0,0,0,1,0
5776,1990,3,3,0,0,0,0,0,0,1,0
5776,1992,1,1,0,0,0,0,0,0,1,0
5787,1997,1,1,0,0,0,0,0,0,0,0
5792,1992,1,1,0,0,0,0,0,0,1,0
5792,1993,2,2,0,0,0,0,0,0,0,0
5792,1995,2,2,0,0,0,0,0,0,1,0
5793,1975,4,3,0,0,0,0,1,0,1,0
5793,1976,5,4,3,1,0,0,1,0,0,0
5793,1977,7,7,3,0,0,0,0,0,1,0
5793,1978,4,4,1,0,0,0,0,0,3,0
5793,1979,1,1,0,0,0,0,0,0,1,0
5793,1980,5,3,1,0,0,0,2,0,1,0
5793,1981,1,1,0,0,0,0,0,0,1,0
5800,1975,4,3,1,0,0,0,1,0,0,0
5809,1977,4,3,2,0,0,0,0,0,0,1
5809,1978,11,9,4,2,0,0,2,0,0,0
5809,1979,7,7,3,2,0,0,0,0,0,0
5809,1980,5,5,1,0,0,1,0,0,0,0
5809,1981,4,3,1,0,0,0,1,0,0,0
5809,1982,3,2,0,0,0,0,1,0,1,0
5809,1983,4,4,3,1,0,1,0,0,0,0
5809,1985,3,3,1,1,0,0,0,0,1,0
5809,1986,3,3,1,0,0,1,0,0,0,0
5814,1996,2,2,1,0,0,0,0,0,0,0
5814,1997,4,4,1,0,0,0,0,0,0,0
5825,1985,5,5,0,0,0,0,0,0,2,0
5825,1986,6,6,2,0,0,0,0,0,2,0
5825,1987,2,2,0,0,0,0,0,0,0,0
5825,1988,1,1,0,0,0,0,0,0,0,0
5827,1992,1,1,0,0,0,0,0,0,0,0
5827,1996,2,2,0,0,0,0,0,0,0,0
5827,1997,3,3,1,0,0,0,0,0,1,0
5837,1985,6,4,2,1,0,0,1,0,0,0
5847,1978,7,5,1,0,0,0,1,0,1,0
5847,1979,3,3,0,0,0,0,0,0,0,0
5854,1985,2,2,1,1,0,0,0,0,0,0
5861,1987,1,1,0,0,0,0,0,0,0,0
5885,1980,6,5,0,0,0,0,0,0,1,0
5891,1984,3,3,2,0,0,2,0,0,1,0
5895,1996,2,2,0,0,0,0,0,0,0,0
5895,1998,3,2,1,0,0,0,0,0,1,1
5899,1987,4,4,3,1,0,0,0,0,0,0
5899,1988,1,1,0,0,0,0,0,0,0,0
5899,1989,3,3,0,0,0,0,0,0,2,0
5899,1996,1,1,0,0,0,0,0,0,0,0
5914,1986,5,4,0,0,0,0,0,0,1,0
5918,1993,1,1,0,0,0,0,0,0,0,0
5918,1995,1,1,0,0,0,0,0,0,1,0
5930,1984,7,7,3,1,0,0,0,0,1,0
5930,1987,1,1,0,0,0,0,0,0,1,0
5930,1988,1,1,0,0,0,0,0,0,1,0
5930,1989,2,2,0,0,0,0,0,0,1,0
5940,1997,2,2,0,0,0,0,0,0,1,0
5955,1980,2,2,0,0,0,0,0,0,1,0
5963,1984,3,3,1,0,0,0,0,0,0,0
5963,1985,1,1,0,0,0,0,0,0,0,0
5963,1986,3,3,0,0,0,0,0,0,1,0
5964,1985,7,7,2,0,0,2,0,0,3,0
5967,1984,1,1,1,0,0,0,0,0,0,0
5967,1986,10,7,0,0,0,0,1,1,4,0
5967,1987,2,2,1,0,0,0,0,0,1,0
5967,1988,1,1,0,0,0,0,0,0,0,0
5969,1991,4,4,0,0,0,0,0,0,1,0
5969,1992,4,4,0,0,0,0,0,0,2,0
5969,1993,1,1,0,0,0,0,0,0,1,0
5969,1994,2,2,2,1,0,0,0,0,0,0
5969,1997,1,1,0,0,0,0,0,0,1,0
5969,1998,3,3,1,1,0,0,0,0,0,0
5977,1975,15,12,3,0,0,0,3,0,2,0
6015,1984,2,2,0,0,0,0,0,0,0,0
6015,1985,2,2,0,0,0,0,0,0,1,0
6058,1983,6,6,3,1,0,0,0,0,1,0
6058,1984,7,7,3,0,0,0,0,0,0,0
6058,1985,2,2,1,1,0,0,0,0,0,0
6058,1986,6,4,2,0,0,0,2,0,0,0
6059,1993,2,1,1,1,0,0,1,0,0,0
6076,1986,3,3,1,0,0,1,0,0,1,0
6077,1985,2,2,1,0,0,0,0,0,1,0
6077,1986,2,1,0,0,0,0,0,0,0,0
6093,1978,13,12,8,1,0,0,0,0,0,1
6093,1979,14,12,6,1,0,0,2,0,1,0
6093,1981,13,12,2,0,0,0,0,0,0,0
6093,1984,6,3,0,0,0,0,3,0,0,0
6096,1981,1,1,0,0,0,0,0,0,1,0
6103,1975,2,1,0,0,0,0,0,0,1,0
6105,1986,8,8,1,0,0,0,0,0,1,0
6121,1977,12,10,4,1,0,0,2,0,0,0
6121,1978,3,3,0,0,0,0,0,0,0,0
6121,1979,5,5,0,0,0,0,0,0,0,0
6123,1984,3,3,2,0,0,1,0,0,1,0
6123,1987,2,2,0,0,0,0,0,0,1,0
6132,1982,3,3,1,1,0,0,0,0,1,0
6132,1986,3,3,0,0,0,0,0,0,2,0
6135,1975,7,4,1,0,0,0,3,0,2,0
6135,1977,1,1,1,0,0,0,0,0,0,0
6135,1978,1,1,0,0,0,0,0,0,0,0
6161,1993,1,1,0,0,0,0,0,0,0,0
6161,1996,1,1,1,0,0,0,0,0,0,0
6171,1978,10,8,1,0,0,1,2,0,1,0
6171,1979,6,6,0,0,0,0,0,0,0,0
6171,1980,4,4,0,0,0,0,0,0,0,0
6171,1984,4,4,0,0,0,0,0,0,1,0
6171,1985,3,3,0,0,0,0,0,0,0,0
6171,1986,10,10,5,2,0,0,0,0,0,0
6191,1978,12,10,2,0,0,0,2,0,0,0
6191,1979,7,7,2,1,0,0,0,0,2,0
6191,1980,4,4,1,0,0,0,0,0,0,0
6191,1984,3,3,0,0,0,0,0,0,1,0
6193,1996,4,3,1,0,0,0,1,0,1,0
6193,1997,1,1,0,0,0,0,0,0,0,0
6202,1986,3,3,1,1,0,0,0,0,1,0
6202,1996,1,1,0,0,0,0,0,0,0,0
6203,1987,4,4,2,1,0,0,0,0,0,0
6203,1988,3,3,1,1,0,0,0,0,0,0
6203,1989,2,2,0,0,0,0,0,0,0,0
6203,1990,1,1,0,0,0,0,0,0,0,0
6203,1991,1,1,0,0,0,0,0,0,0,0
6203,1992,3,3,2,1,0,0,0,0,0,0
6203,1993,1,1,1,1,0,0,0,0,0,0
6232,1982,4,4,0,0,0,0,0,0,2,0
6232,1987,1,1,0,0,0,0,0,0,0,0
6232,1988,1,1,0,0,0,0,0,0,1,0
6237,1986,4,4,1,0,0,0,0,0,1,0
6237,1994,1,1,0,0,0,0,0,0,1,0
6237,1995,1,1,0,0,0,0,0,0,0,0
6241,1982,4,4,2,0,0,0,0,0,0,0
6241,1984,8,7,4,0,0,0,0,0,0,0
6243,1982,3,3,1,0,0,0,0,0,0,0
6243,1984,5,5,1,0,0,0,0,0,1,0
6243,1985,12,12,3,0,1,0,0,0,4,0
6243,1986,7,7,0,0,0,0,0,0,3,0
6247,1985,7,6,0,0,0,0,1,0,1,0
6257,1997,1,1,0,0,0,0,0,0,0,0
6257,1998,1,1,0,0,0,0,0,0,0,0
6266,1984,5,4,0,0,0,0,0,0,0,0
6269,1981,3,3,1,1,0,0,0,0,0,0
6269,1982,6,6,1,1,0,0,0,0,0,0
6269,1983,8,8,2,1,0,0,0,0,0,0
6269,1987,2,2,0,0,0,0,0,0,1,0
6269,1988,1,1,1,0,0,0,0,0,0,0
6269,1989,2,2,0,0,0,0,0,0,0,0
6306,1988,2,2,0,0,0,0,0,0,0,0
6306,1990,1,1,0,0,0,0,0,0,1,0
6306,1991,1,1,0,0,0,0,0,0,0,0
6306,1994,2,2,1,0,0,0,0,0,1,0
6317,1980,9,9,4,0,0,2,0,0,2,0
6317,1984,5,4,0,0,0,0,0,1,1,0
6320,1975,7,6,0,0,0,0,0,0,4,0
6320,1976,4,4,2,1,0,0,0,0,1,0
6320,1977,4,4,1,0,0,0,0,0,1,0
6320,1978,11,11,4,1,0,0,0,0,1,0
6320,1979,13,13,4,1,0,0,0,0,5,0
6320,1981,8,8,5,0,0,0,0,0,1,0
6336,1992,1,1,0,0,0,0,0,0,1,0
6336,1994,2,2,0,0,0,0,0,0,1,0
6343,1984,4,4,2,0,0,0,0,0,0,0
6343,1985,2,2,0,0,0,0,0,0,0,0
6344,1996,1,1,0,0,0,0,0,0,0,0
6345,1976,2,1,0,0,0,0,0,0,1,0
6345,1977,4,4,0,0,0,0,0,0,2,0
6345,1978,3,3,0,0,0,0,0,0,0,0
6345,1979,7,7,1,0,0,0,0,0,1,0
6345,1980,10,9,3,0,0,0,1,0,2,0
6345,1981,7,6,2,1,0,0,0,1,1,0
6345,1982,9,8,2,0,0,1,0,1,1,0
6345,1983,11,10,4,0,0,2,1,0,0,0
6345,1987,2,2,0,0,0,0,0,0,0,0
6345,1988,2,2,0,0,0,0,0,0,0,0
6345,1989,1,1,0,0,0,0,0,0,0,0
6359,1984,3,3,1,0,0,1,0,0,1,0
6359,1985,7,6,1,0,0,0,1,0,3,0
6359,1986,9,9,2,2,0,0,0,0,3,0
6359,1988,2,2,0,0,0,0,0,0,2,0
6359,1989,6,6,0,0,0,0,0,0,3,0
6359,1990,2,2,0,0,0,0,0,0,0,0
6387,1997,1,1,0,0,0,0,0,0,1,0
6394,1991,1,1,0,0,0,0,0,0,1,0
6394,1992,1,1,0,0,0,0,0,0,1,0
6394,1997,1,1,1,1,0,0,0,0,0,0
6403,1991,1,1,0,0,0,0,0,0,0,0
6403,1993,2,1,0,0,0,0,0,1,1,0
6403,1994,1,1,1,0,0,0,0,0,0,0
6403,1995,1,1,0,0,0,0,0,0,1,0
6405,1975,4,4,0,0,0,0,0,0,1,0
6405,1976,8,7,3,0,0,1,1,0,1,0
6405,1977,6,6,2,0,0,1,0,0,0,0
6405,1978,4,4,0,0,0,0,0,0,2,0
6405,1979,7,6,0,0,0,0,1,0,1,0
6405,1980,7,7,3,1,0,1,0,0,1,0
6405,1984,6,6,1,0,0,0,0,0,1,0
6405,1985,1,1,1,1,0,0,0,0,0,0
6415,1996,1,1,0,0,0,0,0,0,1,0
6438,1995,2,2,0,0,0,0,0,0,0,0
6462,1987,1,1,0,0,0,0,0,0,0,0
6462,1988,3,3,0,0,0,0,0,0,1,0
6462,1989,1,1,1,0,0,0,0,0,0,0
6462,1990,1,1,0,0,0,0,0,0,0,0
6462,1996,2,2,0,0,0,0,0,0,0,0
6462,1997,1,1,0,0,0,0,0,0,0,0
6467,1992,1,1,1,0,0,0,0,0,0,0
6467,1993,2,2,2,0,0,0,0,0,0,0
6467,1997,2,2,0,0,0,0,0,0,2,0
6469,1984,4,4,2,0,0,0,0,0,0,0
6485,1993,4,4,2,0,0,0,0,0,2,0
6485,1996,2,2,2,1,0,0,0,0,0,0
6501,1976,3,3,0,0,0,0,0,0,2,0
6503,1995,3,1,0,0,0,0,2,0,0,0
6516,1992,1,1,0,0,0,0,0,0,0,0
6516,1993,1,0,0,0,0,0,1,0,0,0
6516,1998,1,0,0,0,0,0,1,0,0,0
6534,1987,5,4,1,0,0,0,0,0,2,0
6534,1988,1,1,0,0,0,0,0,0,1,0
6563,1977,6,6,1,1,0,0,0,0,0,0
6564,1982,2,2,0,0,0,0,0,0,1,0
6564,1983,3,2,0,0,0,0,0,0,1,1
6568,1996,2,2,1,0,0,0,0,0,0,0
6568,1997,2,2,0,0,0,0,0,0,1,0
6579,1998,1,1,0,0,0,0,0,0,0,0
6607,1975,5,4,0,0,0,0,1,0,1,0
6609,1993,1,1,1,0,0,0,0,0,0,0
6609,1994,2,1,0,0,0,0,1,0,0,0
6614,1979,5,5,2,0,0,0,0,0,0,0
6614,1980,3,3,1,0,0,0,0,0,0,0
6614,1981,4,4,0,0,0,0,0,0,2,0
6614,1982,10,9,2,0,0,0,1,0,2,0
6614,1983,2,2,0,0,0,0,0,0,0,0
6667,1990,2,2,0,0,0,0,0,0,0,0
6673,1981,7,7,0,0,0,0,0,0,4,0
6673,1982,3,3,2,1,0,0,0,0,1,0
6681,1975,5,4,1,0,0,0,0,0,2,1
6681,1976,7,7,2,0,0,0,0,0,2,0
6681,1977,10,10,3,1,0,2,0,0,3,0
6681,1981,7,6,1,0,0,0,1,0,0,0
6681,1982,1,1,0,0,0,0,0,0,0,0
6681,1983,7,7,1,1,0,0,0,0,0,0
6681,1984,3,3,1,0,0,0,0,0,0,0
6681,1987,1,1,0,0,0,0,0,0,0,0
6681,1989,3,3,0,0,0,0,0,0,1,0
6683,1984,3,3,0,0,0,0,0,0,0,0
6684,1986,1,1,0,0,0,0,0,0,0,0
6687,1987,1,1,0,0,0,0,0,0,1,0
6687,1988,1,1,0,0,0,0,0,0,0,0
6687,1989,4,4,2,0,0,0,0,0,0,0
6687,1990,1,1,0,0,0,0,0,0,0,0
6687,1991,1,1,1,0,0,0,0,0,0,0
6692,1991,2,2,0,0,0,0,0,0,0,0
6692,1992,2,2,0,0,0,0,0,0,2,0
6692,1993,3,3,1,1,0,0,0,0,0,0
6699,1988,1,1,0,0,0,0,0,0,1,0
6699,1990,3,3,0,0,0,0,0,0,2,0
6699,1991,1,1,0,0,0,0,0,0,0,0
6699,1992,2,2,0,0,0,0,0,0,0,0
6699,1993,4,4,1,0,0,0,0,0,1,0
6699,1994,1,0,0,0,0,0,0,1,0,0
6699,1995,1,1,0,0,0,0,0,0,0,0
6699,1998,1,1,0,0,0,0,0,0,0,0
6705,1979,4,4,0,0,0,0,0,0,0,0
6723,1992,5,5,1,0,0,0,0,0,3,0
6723,1993,2,2,1,0,0,1,0,0,0,0
6723,1998,1,1,0,0,0,0,0,0,0,0
6733,1975,1,1,0,0,0,0,0,0,0,0
6734,1984,2,2,0,0,0,0,0,0,0,0
6734,1985,4,4,1,0,0,0,0,0,1,0
6743,1984,6,6,3,2,0,0,0,0,0,0
6743,1985,3,3,1,0,0,0,0,0,0,0
6743,1986,3,3,1,1,0,0,0,0,0,0
6753,1986,3,3,3,0,0,0,0,0,0,0
6753,1996,1,1,0,0,0,0,0,0,0,0
6753,1998,2,2,1,0,0,0,0,0,0,0
6771,1985,2,2,1,0,0,0,0,0,0,0
6772,1985,1,1,1,1,0,0,0,0,0,0
6772,1986,3,3,1,1,0,0,0,0,0,0
6793,1986,4,4,2,0,0,0,0,0,0,0
6793,1990,2,2,0,0,0,0,0,0,2,0
6793,1991,2,2,0,0,0,0,0,0,2,0
6793,1992,2,2,1,0,0,1,0,0,1,0
6804,1977,4,4,1,0,0,0,0,0,0,0
6813,1975,3,3,0,0,0,0,0,0,1,0
6817,1976,4,3,1,0,0,1,1,0,1,0
6817,1977,4,4,2,1,0,0,0,0,1,0
6817,1978,10,10,1,0,0,1,0,0,2,0
6817,1979,4,4,1,0,0,0,0,0,1,0
6825,1978,16,12,5,1,0,0,2,0,2,1
6825,1979,13,10,3,0,0,0,2,0,0,0
6825,1980,4,4,3,1,0,0,0,0,0,0
6825,1981,14,14,4,1,0,0,0,0,2,0
6825,1982,3,3,1,0,0,0,0,0,0,0
6825,1983,2,1,0,0,0,0,1,0,0,0
6829,1987,5,5,0,0,0,0,0,0,1,0
6829,1989,1,1,0,0,0,0,0,0,0,0
6832,1995,3,3,0,0,0,0,0,0,1,0
6892,1984,6,6,1,0,0,0,0,0,2,0
6892,1985,3,3,0,0,0,0,0,0,0,0
6892,1986,6,6,2,0,0,2,0,0,2,0
6897,1996,1,1,0,0,0,0,0,0,0,0
6897,1997,1,1,0,0,0,0,0,0,0,0
6898,1995,1,1,1,1,0,0,0,0,0,0
6906,1979,2,2,0,0,0,0,0,0,1,0
6909,1985,5,5,1,0,0,0,0,0,2,0
6909,1986,1,1,1,0,0,0,0,0,0,0
6910,1989,2,2,0,0,0,0,0,0,0,0
6910,1991,2,2,2,0,0,0,0,0,0,0
6910,1992,1,1,0,0,0,0,0,0,0,0
6911,1991,2,1,0,0,0,0,1,0,1,0
6911,1992,3,3,2,0,0,0,0,0,0,0
6924,1989,1,1,0,0,0,0,0,0,1,0
6924,1990,2,2,0,0,0,0,0,0,0,0
6924,1991,3,3,1,0,0,0,0,0,2,0
6924,1992,2,2,1,1,0,0,0,0,0,0
6924,1994,1,1,0,0,0,0,0,0,1,0
6924,1995,3,3,2,0,0,0,0,0,0,0
6924,1998,2,2,2,0,0,0,0,0,0,0
6933,1982,2,1,0,0,0,0,1,0,1,0
6960,1994,1,1,1,0,0,0,0,0,0,0
6981,1992,4,4,1,0,0,0,0,0,0,0
6981,1994,1,1,1,0,0,1,0,0,0,0
6981,1995,4,4,2,0,0,2,0,0,0,0
6981,1998,1,1,0,0,0,0,0,0,0,0
6996,1975,5,3,1,0,0,0,2,0,1,0
6996,1976,3,3,1,1,0,0,0,0,0,0
6998,1986,3,3,0,0,0,0,0,0,2,0
7046,1983,7,7,1,0,0,0,0,0,0,0
7046,1987,5,4,2,1,0,0,1,0,0,0
7046,1988,2,2,1,0,0,0,0,0,0,0
7046,1989,1,1,0,0,0,0,0,0,0,0
7046,1991,1,1,0,0,0,0,0,0,0,0
7046,1992,3,3,0,0,0,0,0,0,1,0
7046,1993,1,0,0,0,0,0,1,0,0,0
7046,1994,1,1,0,0,0,0,0,0,1,0
7046,1995,3,3,2,1,0,0,0,0,0,0
7056,1984,12,11,2,0,0,0,1,0,2,0
7056,1986,6,6,1,0,0,0,0,0,1,0
7074,1975,4,4,0,0,0,0,0,0,1,0
7074,1976,6,4,1,0,0,0,2,0,0,0
7074,1977,3,3,2,0,0,0,0,0,0,0
7075,1997,2,2,0,0,0,0,0,0,1,0
7078,1977,6,5,1,1,0,0,1,0,1,0
7082,1975,13,12,1,0,0,0,0,1,2,0
7082,1976,9,8,2,0,0,0,1,0,2,0
7082,1977,11,11,4,1,0,0,0,0,4,0
7082,1978,3,3,2,1,0,0,0,0,0,0
7082,1979,8,8,2,1,0,0,0,0,2,0
7082,1982,2,1,0,0,0,0,1,0,0,0
7083,1976,2,2,1,0,0,0,0,0,0,0
7083,1977,4,4,0,0,0,0,0,0,1,0
7083,1978,10,10,1,0,0,1,0,0,0,0
7083,1979,4,4,1,1,0,0,0,0,1,0
7090,1975,3,3,1,0,0,0,0,0,0,0
7090,1976,8,7,1,0,0,0,1,0,1,0
7090,1977,13,12,0,0,0,0,1,0,1,0
7090,1978,15,15,3,0,0,1,0,0,4,0
7090,1979,6,6,3,0,0,1,0,0,0,0
7090,1980,3,3,1,0,0,1,0,0,1,0
7090,1981,3,2,1,0,0,0,1,0,0,0
7090,1982,6,5,3,1,0,1,1,0,1,0
7095,1991,3,3,0,0,0,0,0,0,1,0
7095,1992,1,1,0,0,0,0,0,0,1,0
7095,1993,1,1,0,0,0,0,0,0,0,0
7095,1994,1,1,1,0,0,0,0,0,0,0
7095,1995,3,3,0,0,0,0,0,0,0,0
7095,1996,2,2,1,0,0,0,0,0,0,0
7109,1982,12,12,1,0,0,0,0,0,0,0
7109,1984,6,6,2,0,0,0,0,0,1,0
7109,1985,4,4,0,0,0,0,0,0,0,0
7129,1993,1,0,0,0,0,0,1,0,0,0
7129,1996,3,3,1,0,0,1,0,0,0,0
7168,1997,1,1,0,0,0,0,0,0,0,0
7192,1998,1,1,0,0,0,0,0,0,0,0
7198,1987,3,3,1,0,0,0,0,0,1,0
7208,1984,2,1,0,0,0,0,0,0,0,0
7213,1984,6,6,4,0,0,0,0,0,0,0
7213,1985,11,11,4,1,0,0,0,0,0,0
7213,1986,9,9,1,1,0,0,0,0,3,0
7224,1987,3,3,1,1,0,0,0,0,1,0
7224,1988,3,2,0,0,0,0,1,0,2,0
7224,1989,2,2,0,0,0,0,0,0,1,0
7224,1990,2,2,0,0,0,0,0,0,1,0
7224,1996,1,1,0,0,0,0,0,0,1,0
7224,1997,1,1,0,0,0,0,0,0,1,0
7235,1997,1,1,1,0,0,0,0,0,0,0
7245,1976,2,2,0,0,0,0,0,0,0,0
7245,1977,6,6,1,0,0,0,0,0,2,0
7245,1978,13,13,3,0,0,0,0,0,1,0
7245,1979,1,1,0,0,0,0,0,0,0,0
7245,1981,1,1,0,0,0,0,0,0,1,0
7245,1982,5,5,3,0,0,1,0,0,0,0
7254,1977,1,1,0,0,0,0,0,0,1,0
7256,1990,1,1,0,0,0,0,0,0,0,0
7256,1991,1,1,1,0,0,0,0,0,0,0
7264,1987,2,2,1,0,0,0,0,0,0,0
7264,1988,2,2,1,0,0,0,0,0,0,0
7264,1989,1,1,0,0,0,0,0,0,1,0
7264,1992,2,2,0,0,0,0,0,0,0,0
7264,1993,3,2,1,0,0,0,1,0,0,0
7264,1994,4,4,0,0,0,0,0,0,0,0
7264,1995,3,2,1,0,0,0,1,0,0,0
7264,1998,1,1,0,0,0,0,0,0,0,0
7274,1996,1,1,0,0,0,0,0,0,0,0
7280,1976,2,1,0,0,0,0,1,0,0,0
7280,1977,2,2,0,0,0,0,0,0,1,0
7293,1991,3,3,0,0,0,0,0,0,1,0
7293,1992,3,3,1,1,0,0,0,0,0,0
7293,1993,2,2,2,0,0,0,0,0,0,0
7293,1994,1,1,1,0,0,0,0,0,0,0
7293,1996,2,2,2,0,0,1,0,0,0,0
7293,1997,1,1,0,0,0,0,0,0,0,0
7294,1975,3,3,1,0,0,0,0,0,0,0
7294,1976,8,8,1,0,0,0,0,0,4,0
7294,1977,12,11,3,2,0,1,0,0,1,0
7294,1978,7,7,4,0,1,0,0,0,1,0
7294,1979,6,6,3,1,0,0,0,0,0,0
7294,1980,8,8,2,1,0,0,0,0,2,0
7294,1981,5,5,1,0,0,1,0,0,0,0
7294,1982,5,5,2,0,1,1,0,0,0,0
7294,1983,4,4,1,0,0,0,0,0,1,0
7294,1984,3,3,0,0,0,0,0,0,0,0
7294,1987,1,1,0,0,0,0,0,0,0,0
7296,1985,5,5,1,0,0,0,0,0,0,0
7296,1986,6,5,3,2,0,0,1,0,1,0
7296,1992,2,2,0,0,0,0,0,0,0,0
7296,1993,2,2,1,0,0,0,0,0,0,0
7298,1987,2,2,0,0,0,0,0,0,0,0
7298,1988,1,1,0,0,0,0,0,0,0,0
7355,1975,5,5,1,0,0,0,0,0,1,0
7355,1976,7,6,0,0,0,0,0,1,4,0
7359,1990,3,3,0,0,0,0,0,0,0,0
7359,1991,1,1,1,0,0,0,0,0,0,0
7369,1979,8,6,1,0,0,0,0,0,1,1
7369,1980,5,4,0,0,0,0,1,0,1,0
7369,1981,3,3,0,0,0,0,0,0,0,0
7393,1983,2,1,1,1,0,0,1,0,0,0
7394,1996,2,2,1,1,0,0,0,0,0,0
7406,1989,1,1,0,0,0,0,0,0,0,0
7406,1991,3,3,0,0,0,0,0,0,1,0
7406,1992,1,1,0,0,0,0,0,0,0,0
7406,1995,1,1,1,1,0,0,0,0,0,0
7420,1989,1,1,0,0,0,0,0,0,1,0
7420,1991,2,2,0,0,0,0,0,0,2,0
7427,1975,4,4,0,0,0,0,0,0,0,0
7427,1976,12,10,4,1,0,0,1,0,2,0
7427,1977,10,10,1,1,0,0,0,0,0,0
7427,1978,7,7,1,0,0,0,0,0,1,0
7427,1979,7,7,3,1,0,0,0,0,0,0
7427,1980,7,7,2,0,1,1,0,0,0,0
7427,1981,2,2,1,0,0,0,0,0,0,0
7427,1982,6,6,0,0,0,0,0,0,0,0
7427,1983,3,3,2,1,0,0,0,0,0,0
7430,1988,1,1,1,0,0,0,0,0,0,0
7430,1989,1,1,0,0,0,0,0,0,0,0
7438,1975,2,1,1,0,0,0,1,0,0,0
7451,1977,6,6,2,1,0,0,0,0,0,0
7451,1979,8,8,5,0,0,0,0,0,0,0
7451,1981,2,2,0,0,0,0,0,0,0,0
7451,1982,3,3,2,1,0,0,0,0,0,0
7455,1975,5,2,0,0,0,0,3,0,1,0
7471,1988,1,1,0,0,0,0,0,0,1,0
7488,1992,3,3,1,0,0,0,0,0,1,0
7488,1993,1,1,0,0,0,0,0,0,0,0
7501,1996,1,1,0,0,0,0,0,0,0,0
7504,1975,3,2,0,0,0,0,1,0,2,0
7504,1976,3,2,0,0,0,0,0,0,0,0
7504,1977,7,6,2,0,0,0,1,0,1,0
7504,1978,4,4,1,0,0,0,0,0,0,0
7504,1979,8,7,5,1,0,0,1,0,0,0
7504,1980,7,6,0,0,0,0,1,0,1,0
7505,1989,2,2,0,0,0,0,0,0,2,0
7505,1991,3,1,0,0,0,0,2,0,1,0
7505,1992,2,2,0,0,0,0,0,0,1,0
7518,1984,8,7,3,0,0,1,1,0,0,0
7518,1985,9,9,2,0,0,1,0,0,0,0
7518,1986,7,7,2,0,0,0,0,0,0,0
7552,1982,9,8,3,0,0,0,1,0,1,0
7552,1983,4,3,1,0,0,0,1,0,0,0
7553,1975,3,2,0,0,0,0,1,0,2,0
7560,1986,6,6,3,2,0,0,0,0,1,0
7560,1992,2,2,1,1,0,0,0,0,1,0
7827,1975,4,4,1,1,0,0,0,0,0,0
7841,1978,4,4,0,0,0,0,0,0,0,0
7841,1980,11,10,1,1,0,0,1,0,2,0
7841,1981,1,0,0,0,0,0,1,0,0,0
7846,1978,3,3,1,0,0,0,0,0,0,0
7846,1980,7,7,1,0,0,1,0,0,2,0
7846,1982,12,12,3,1,1,1,0,0,5,0
7846,1983,7,7,3,1,0,1,0,0,2,0
7846,1987,1,1,0,0,0,0,0,0,1,0
7846,1988,2,2,0,0,0,0,0,0,0,0
7846,1989,2,2,0,0,0,0,0,0,0,0
7846,1991,2,2,1,0,0,0,0,0,0,0
7846,1992,2,1,1,1,0,0,0,0,0,0
7846,1993,1,1,0,0,0,0,0,0,0,0
7846,1995,2,2,2,0,0,1,0,0,0,0
7846,1997,1,1,0,0,0,0,0,0,1,0
7846,1998,1,1,1,0,0,0,0,0,0,0
7853,1998,2,2,1,0,0,0,0,0,1,0
7859,1996,4,4,2,1,0,0,0,0,0,0
7859,1997,2,2,2,0,0,0,0,0,0,0
7861,1975,6,4,0,0,0,0,2,0,1,0
7861,1976,9,9,2,0,0,0,0,0,3,0
7861,1977,12,10,0,0,0,0,1,1,3,0
7861,1978,7,6,0,0,0,0,1,0,2,0
7861,1979,8,7,1,0,0,0,0,0,1,0
7861,1980,4,3,0,0,0,0,1,0,1,0
7871,1975,2,2,0,0,0,0,0,0,0,0
7871,1976,3,3,0,0,0,0,0,0,1,0
7897,1979,3,3,2,0,0,0,0,0,0,0
7914,1975,1,1,0,0,0,0,0,0,0,0
7914,1976,7,6,1,1,0,0,1,0,3,0
7914,1977,3,3,1,0,0,0,0,0,0,0
7914,1978,5,5,2,0,0,0,0,0,0,0
7914,1979,4,4,1,0,0,0,0,0,0,0
7914,1980,8,8,5,0,0,0,0,0,0,0
7914,1982,6,6,2,0,0,0,0,0,1,0
7914,1983,5,5,1,0,0,0,0,0,0,0
7914,1987,2,2,0,0,0,0,0,0,2,0
7920,1979,1,0,0,0,0,0,1,0,0,0
7943,1979,1,1,0,0,0,0,0,0,0,0
7946,1979,4,4,0,0,0,0,0,0,3,0
7949,1996,2,2,0,0,0,0,0,0,0,0
7955,1996,1,1,0,0,0,0,0,0,0,0
7969,1986,13,13,4,1,2,0,0,0,2,0
7977,1984,3,3,0,0,0,0,0,0,0,0
8003,1996,1,1,0,0,0,0,0,0,0,0
8003,1997,2,2,0,0,0,0,0,0,0,0
8003,1998,1,1,1,0,0,0,0,0,0,0
8005,1979,4,4,1,0,0,0,0,0,2,0
8005,1980,10,10,2,0,0,0,0,0,2,0
8005,1981,7,7,0,0,0,0,0,0,0,0
8005,1984,6,4,1,0,0,0,0,0,0,1
8005,1986,8,8,2,0,0,2,0,0,3,0
8006,1986,3,2,0,0,0,0,1,0,0,0
8006,1992,1,1,0,0,0,0,0,0,0,0
8024,1982,1,1,0,0,0,0,0,0,0,0
8024,1983,6,6,2,0,0,0,0,0,0,0
8024,1987,1,1,0,0,0,0,0,0,0,0
8024,1988,3,3,0,0,0,0,0,0,1,0
8024,1990,2,1,0,0,0,0,0,0,0,1
8026,1980,3,3,0,0,0,0,0,0,1,0
8026,1981,3,3,1,1,0,0,0,0,0,0
8026,1982,11,11,3,0,0,0,0,0,1,0
8026,1983,9,9,4,1,0,2,0,0,3,0
8026,1988,2,2,0,0,0,0,0,0,0,0
8026,1991,2,2,0,0,0,0,0,0,1,0
8047,1996,1,1,0,0,0,0,0,0,0,0
8055,1996,2,2,0,0,0,0,0,0,0,0
8055,1997,2,2,0,0,0,0,0,0,0,0
8067,1978,4,4,2,1,0,0,0,0,0,0
8067,1981,3,3,0,0,0,0,0,0,0,0
8067,1982,12,11,2,0,0,1,1,0,1,0
8067,1983,9,7,2,1,0,1,1,1,0,0
8067,1987,1,1,0,0,0,0,0,0,1,0
8067,1990,1,1,0,0,0,0,0,0,0,0
8067,1991,2,2,0,0,0,0,0,0,0,0
8071,1981,3,3,1,0,0,0,0,0,0,0
8071,1982,4,4,1,0,0,0,0,0,0,0
8071,1983,4,3,1,0,0,1,0,0,0,0
8071,1984,7,6,3,0,0,0,1,0,0,0
8085,1992,1,1,0,0,0,0,0,0,1,0
8085,1993,1,1,0,0,0,0,0,0,0,0
8085,1994,1,1,0,0,0,0,0,0,0,0
8091,1975,6,6,1,0,0,0,0,0,0,0
8091,1976,5,5,1,0,0,0,0,0,1,0
8091,1977,7,7,2,1,0,0,0,0,3,0
8091,1978,18,16,2,0,0,0,1,1,2,0
8091,1979,4,4,0,0,0,0,0,0,3,0
8096,1979,5,5,2,0,0,1,0,0,1,0
8096,1980,8,8,1,0,0,0,0,0,0,0
8096,1982,3,3,1,1,0,0,0,0,0,0
8102,1984,3,3,0,0,0,0,0,0,1,0
8102,1985,2,2,1,0,0,0,0,0,0,0
8102,1986,12,12,3,1,0,1,0,0,2,0
8103,1979,7,6,0,0,0,0,1,0,0,0
8103,1980,8,8,1,0,0,0,0,0,0,0
8103,1981,12,10,2,0,0,0,2,0,4,0
8103,1982,4,4,2,0,0,1,0,0,1,0
8103,1983,3,3,0,0,0,0,0,0,0,0
8103,1984,3,3,0,0,0,0,0,0,1,0
8121,1977,11,11,4,0,0,1,0,0,2,0
8121,1978,3,3,2,1,0,0,0,0,0,0
8121,1979,8,8,1,0,0,0,0,0,1,0
8121,1980,5,5,1,0,0,1,0,0,0,0
8121,1982,13,12,5,1,0,0,1,0,1,0
8121,1983,2,2,1,0,0,1,0,0,0,0
8121,1987,1,1,0,0,0,0,0,0,1,0
8121,1988,2,2,1,0,0,0,0,0,1,0
8121,1994,2,2,0,0,0,0,0,0,1,0
8121,1997,1,0,0,0,0,0,1,0,0,0
8126,1976,3,3,1,0,0,0,0,0,1,0
8126,1977,5,5,2,1,0,0,0,0,1,0
8130,1975,1,1,0,0,0,0,0,0,0,0
8130,1976,10,9,1,0,0,0,1,0,5,0
8144,1991,2,2,2,0,0,0,0,0,0,0
8144,1993,1,1,0,0,0,0,0,0,0,0
8144,1995,2,2,1,1,0,0,0,0,0,0
8144,1997,2,2,0,0,0,0,0,0,0,0
8157,1994,2,2,0,0,0,0,0,0,1,0
8162,1978,3,3,1,0,0,0,0,0,0,0
8162,1979,3,2,0,0,0,0,0,0,0,1
8173,1979,3,2,1,0,0,1,1,0,1,0
8173,1981,2,2,1,1,0,0,0,0,0,0
8214,1998,1,0,0,0,0,0,1,0,0,0
8229,1983,7,7,2,1,0,1,0,0,1,0
8240,1975,5,5,0,0,0,0,0,0,4,0
8240,1976,6,6,3,1,0,0,0,0,1,0
8240,1977,7,5,0,0,0,0,2,0,4,0
8240,1978,17,16,4,1,0,1,1,0,3,0
8240,1979,8,8,1,0,0,1,0,0,2,0
8240,1980,8,8,0,0,0,0,0,0,0,0
8240,1981,3,3,3,0,0,1,0,0,0,0
8240,1982,6,6,1,0,0,0,0,0,0,0
8240,1983,5,5,3,0,0,1,0,0,0,0
8240,1985,6,4,1,0,0,1,2,0,1,0
8240,1986,6,5,1,0,0,1,1,0,2,0
8248,1998,1,1,0,0,0,0,0,0,1,0
8254,1996,1,1,1,0,0,0,0,0,0,0
8257,1986,1,1,0,0,0,0,0,0,1,0
8257,1987,3,3,0,0,0,0,0,0,1,0
8257,1988,2,2,0,0,0,0,0,0,1,0
8257,1989,1,1,0,0,0,0,0,0,0,0
8257,1990,1,1,0,0,0,0,0,0,0,0
8257,1991,1,1,0,0,0,0,0,0,1,0
8257,1992,1,1,0,0,0,0,0,0,1,0
8260,1976,1,1,0,0,0,0,0,0,0,0
8260,1979,7,6,2,1,0,1,1,0,1,0
8260,1980,2,2,1,0,0,0,0,0,1,0
8260,1981,10,10,2,0,0,0,0,0,3,0
8260,1982,3,3,1,0,0,0,0,0,1,0
8265,1991,1,1,1,1,0,0,0,0,0,0
8265,1993,1,1,0,0,0,0,0,0,1,0
8265,1994,1,1,1,0,0,1,0,0,0,0
8265,1995,1,1,1,0,0,0,0,0,0,0
8265,1998,1,1,0,0,0,0,0,0,1,0
8281,1984,3,3,0,0,0,0,0,0,0,0
8296,1985,7,3,0,0,0,0,1,2,1,0
8296,1986,5,5,0,0,0,0,0,0,2,0
8296,1987,2,2,0,0,0,0,0,0,2,0
8304,1992,3,3,0,0,0,0,0,0,1,0
8304,1993,2,2,1,0,0,0,0,0,0,0
8304,1994,1,1,1,0,0,0,0,0,0,0
8318,1984,3,3,0,0,0,0,0,0,1,0
8318,1994,1,1,1,1,0,0,0,0,0,0
8318,1995,4,3,3,0,0,0,1,0,0,0
8321,1987,1,1,0,0,0,0,0,0,0,0
8329,1987,3,3,1,0,0,0,0,0,0,0
8329,1988,3,3,0,0,0,0,0,0,1,0
8329,1989,1,1,0,0,0,0,0,0,0,0
8329,1990,1,1,0,0,0,0,0,0,1,0
8329,1991,3,3,1,0,0,1,0,0,1,0
8329,1992,2,2,1,0,0,0,0,0,1,0
8329,1994,1,1,0,0,0,0,0,0,1,0
8333,1982,11,10,2,1,0,0,0,0,2,1
8333,1983,2,1,0,0,0,0,1,0,0,0
8346,1977,3,3,0,0,0,0,0,0,1,0
8347,1980,7,7,2,1,0,0,0,0,3,0
8347,1982,4,4,1,0,0,0,0,0,0,0
8353,1979,8,7,1,0,0,0,1,0,4,0
8353,1980,3,3,0,0,0,0,0,0,0,0
8357,1978,11,11,3,0,0,2,0,0,0,0
8357,1979,14,13,3,1,0,0,1,0,1,0
8357,1980,1,1,1,1,0,0,0,0,0,0
8360,1975,8,6,3,0,0,0,2,0,0,0
8360,1976,8,7,2,0,0,0,1,0,1,0
8362,1975,8,5,3,1,0,0,2,1,0,0
8367,1978,4,4,1,0,0,1,0,0,1,0
8367,1979,3,3,1,0,0,0,0,0,0,0
8392,1995,3,3,0,0,0,0,0,0,2,0
8392,1997,2,2,0,0,0,0,0,0,1,0
8400,1975,4,4,0,0,0,0,0,0,0,0
8400,1976,3,3,0,0,0,0,0,0,1,0
8402,1980,2,2,0,0,0,0,0,0,0,0
8403,1995,1,1,0,0,0,0,0,0,1,0
8406,1985,2,2,1,0,0,0,0,0,0,0
8406,1986,13,12,6,0,0,0,1,0,0,0
8407,1983,3,2,0,0,0,0,1,0,1,0
8412,1987,1,1,0,0,0,0,0,0,0,0
8414,1983,11,10,2,0,0,1,1,0,0,0
8414,1984,4,4,2,0,0,1,0,0,0,0
8414,1987,1,1,0,0,0,0,0,0,0,0
8414,1988,3,3,0,0,0,0,0,0,2,0
8414,1989,1,1,0,0,0,0,0,0,0,0
8414,1990,1,1,0,0,0,0,0,0,1,0
8414,1991,1,1,0,0,0,0,0,0,0,0
8414,1992,5,5,2,1,0,0,0,0,0,0
8414,1993,1,1,0,0,0,0,0,0,0,0
8418,1996,1,1,1,0,0,0,0,0,0,0
8418,1997,1,1,0,0,0,0,0,0,0,0
8434,1984,7,6,1,0,0,0,0,0,0,0
8434,1985,4,4,1,0,0,0,0,0,0,0
8434,1986,3,3,0,0,0,0,0,0,0,0
8435,1998,2,1,0,0,0,0,1,0,1,0
8443,1975,15,15,5,1,0,1,0,0,2,0
8443,1976,7,6,0,0,0,0,1,0,1,0
8443,1977,4,4,1,1,0,0,0,0,1,0
8443,1978,7,7,1,0,0,0,0,0,1,0
8443,1979,8,8,2,0,0,0,0,0,0,0
8443,1980,7,7,4,0,0,3,0,0,0,0
8443,1981,4,4,0,0,0,0,0,0,1,0
8443,1982,10,10,2,1,0,1,0,0,0,0
8443,1983,7,6,2,0,0,1,1,0,1,0
8459,1986,1,1,0,0,0,0,0,0,1,0
8467,1995,1,1,0,0,0,0,0,0,0,0
8468,1990,2,2,0,0,0,0,0,0,2,0
8468,1991,3,3,2,0,0,0,0,0,1,0
8468,1992,2,2,1,1,0,0,0,0,1,0
8468,1994,1,1,0,0,0,0,0,0,0,0
8468,1995,2,2,1,0,0,0,0,0,0,0
8470,1978,13,11,3,0,0,0,2,0,0,0
8470,1979,16,16,1,0,0,1,0,0,0,0
8470,1980,8,7,2,1,0,0,1,0,1,0
8470,1981,4,4,1,0,0,0,0,0,0,0
8470,1984,2,2,0,0,0,0,0,0,0,0
8470,1985,1,1,1,0,0,0,0,0,0,0
8482,1995,1,1,0,0,0,0,0,0,0,0
8482,1997,3,3,0,0,0,0,0,0,1,0
8482,1998,2,2,0,0,0,0,0,0,0,0
8489,1975,7,6,1,0,0,0,1,0,0,0
8489,1976,2,2,0,0,0,0,0,0,0,0
8509,1987,1,0,0,0,0,0,0,0,0,1
8514,1993,2,2,0,0,0,0,0,0,0,0
8514,1994,4,3,0,0,0,0,1,0,2,0
8514,1998,2,2,0,0,0,0,0,0,0,0
8522,1996,2,2,1,1,0,0,0,0,0,0
8522,1997,1,0,0,0,0,0,1,0,0,0
8524,1997,1,1,0,0,0,0,0,0,0,0
8534,1985,2,1,1,0,0,0,1,0,0,0
8534,1986,7,6,3,1,0,0,0,0,0,0
8534,1988,1,1,1,0,0,0,0,0,0,0
8534,1989,1,1,0,0,0,0,0,0,0,0
8534,1990,1,1,0,0,0,0,0,0,1,0
8534,1991,1,1,0,0,0,0,0,0,0,0
8534,1992,1,1,0,0,0,0,0,0,0,0
8536,1975,5,4,1,0,0,0,1,0,0,0
8536,1976,4,3,3,1,2,0,1,0,0,0
8536,1977,6,6,2,0,0,0,0,0,0,0
8536,1978,7,6,2,1,0,0,1,0,0,0
8536,1979,7,7,4,0,0,2,0,0,0,0
8536,1980,4,2,1,0,0,0,1,0,1,1
8536,1981,15,15,8,0,0,0,0,0,0,0
8536,1983,4,4,2,0,0,0,0,0,0,0
8536,1984,3,3,2,0,0,1,0,0,0,0
8547,1994,1,1,1,0,0,0,0,0,0,0
8567,1996,1,1,0,0,0,0,0,0,0,0
8585,1997,1,1,0,0,0,0,0,0,0,0
8586,1975,3,3,2,0,0,0,0,0,0,0
8586,1976,8,7,0,0,0,0,1,0,5,0
8586,1977,1,1,0,0,0,0,0,0,0,0
8586,1978,6,6,3,0,0,1,0,0,2,0
8586,1979,5,5,0,0,0,0,0,0,2,0
8586,1980,4,3,1,1,0,0,1,0,1,0
8586,1981,5,5,1,1,0,0,0,0,1,0
8586,1982,5,5,3,1,0,0,0,0,1,0
8591,1981,7,6,1,1,0,0,1,0,1,0
8605,1984,2,1,0,0,0,0,0,0,0,0
8606,1988,1,1,0,0,0,0,0,0,1,0
8614,1987,2,2,1,0,0,0,0,0,1,0
8616,1983,8,8,3,0,0,0,0,0,0,0
8616,1984,3,3,0,0,0,0,0,0,0,0
8616,1987,1,1,0,0,0,0,0,0,0,0
8616,1988,1,1,0,0,0,0,0,0,0,0
8616,1993,1,0,0,0,0,0,0,0,0,0
8616,1994,1,1,0,0,0,0,0,0,0,0
8616,1995,1,1,1,1,0,0,0,0,0,0
8620,1986,2,1,0,0,0,0,0,0,0,0
8629,1987,1,1,1,1,0,0,0,0,0,0
8632,1979,4,3,0,0,0,0,1,0,2,0
8632,1980,7,7,2,0,0,0,0,0,1,0
8632,1984,4,4,2,1,0,0,0,0,1,0
8632,1987,1,1,0,0,0,0,0,0,1,0
8646,1983,3,3,1,0,0,0,0,0,1,0
8647,1977,10,8,2,0,1,0,2,0,0,0
8647,1978,4,4,2,1,0,1,0,0,1,0
8647,1979,7,7,2,0,0,0,0,0,0,0
8647,1980,9,9,3,0,0,1,0,0,3,0
8647,1981,7,6,0,0,0,0,0,0,2,1
8647,1983,3,3,1,0,0,0,0,0,0,0
8651,1987,5,4,1,1,0,0,1,0,1,0
8651,1988,2,2,1,0,0,0,0,0,0,0
8651,1989,1,1,0,0,0,0,0,0,0,0
8651,1991,3,3,1,0,0,0,0,0,1,0
8651,1993,3,3,0,0,0,0,0,0,0,0
8651,1995,1,1,0,0,0,0,0,0,0,0
8658,1990,1,1,0,0,0,0,0,0,1,0
8667,1986,5,5,4,1,0,0,0,0,1,0
8668,1991,3,3,2,1,0,1,0,0,1,0
8668,1992,3,3,1,0,0,0,0,0,1,0
8668,1993,2,2,0,0,0,0,0,0,2,0
8668,1994,1,1,0,0,0,0,0,0,0,0
8668,1995,1,1,1,0,0,0,0,0,0,0
8668,1998,1,1,0,0,0,0,0,0,0,0
8674,1990,1,1,1,0,0,0,0,0,0,0
8674,1991,2,2,1,0,0,0,0,0,0,0
8674,1992,2,2,0,0,0,0,0,0,0,0
8674,1993,2,2,1,0,0,0,0,0,1,0
8674,1995,1,1,0,0,0,0,0,0,0,0
8696,1993,1,1,0,0,0,0,0,0,1,0
8696,1997,1,1,0,0,0,0,0,0,1,0
8706,1984,7,7,2,2,0,0,0,0,0,0
8706,1985,9,9,3,1,0,1,0,0,1,0
8706,1986,7,7,3,0,0,1,0,0,0,0
8706,1991,2,2,0,0,0,0,0,0,1,0
8727,1979,7,7,1,0,0,1,0,0,6,0
8727,1980,5,5,0,0,0,0,0,0,1,0
8727,1981,4,3,2,0,0,0,1,0,0,0
8727,1982,11,11,5,1,0,0,0,0,2,0
8727,1983,14,14,3,0,0,2,0,0,5,0
8727,1989,1,1,0,0,0,0,0,0,1,0
8727,1990,3,3,0,0,0,0,0,0,1,0
8727,1991,4,4,0,0,0,0,0,0,0,0
8727,1992,4,4,0,0,0,0,0,0,3,0
8728,1982,4,4,1,1,0,0,0,0,0,0
8728,1983,8,7,1,0,0,1,1,0,0,0
8728,1984,3,3,1,0,0,0,0,0,1,0
8728,1987,3,3,1,0,1,0,0,0,2,0
8728,1988,1,1,0,0,0,0,0,0,0,0
8734,1981,2,1,0,0,0,0,0,0,0,0
8743,1987,5,5,1,0,0,0,0,0,2,0
8743,1988,1,1,0,0,0,0,0,0,1,0
8743,1989,1,1,0,0,0,0,0,0,1,0
8743,1990,2,2,0,0,0,0,0,0,1,0
8743,1991,1,1,0,0,0,0,0,0,0,0
8743,1992,2,2,1,0,0,1,0,0,0,0
8749,1975,4,3,0,0,0,0,1,0,1,0
8749,1976,4,4,1,1,0,0,0,0,2,0
8749,1977,8,7,3,1,0,0,1,0,0,0
8749,1978,5,5,0,0,0,0,0,0,3,0
8749,1979,1,1,0,0,0,0,0,0,0,0
8749,1980,3,3,0,0,0,0,0,0,2,0
8808,1987,1,1,0,0,0,0,0,0,1,0
8808,1988,1,1,0,0,0,0,0,0,1,0
8808,1989,1,1,0,0,0,0,0,0,1,0
8808,1990,1,1,0,0,0,0,0,0,0,0
8808,1991,2,2,0,0,0,0,0,0,2,0
8826,1993,1,1,0,0,0,0,0,0,1,0
8850,1984,9,7,2,0,0,0,1,1,0,0
8850,1985,5,5,1,0,0,0,0,0,1,0
8850,1986,8,7,2,0,0,0,1,0,2,0
8850,1990,2,2,0,0,0,0,0,0,2,0
8850,1991,1,1,0,0,0,0,0,0,1,0
8850,1992,1,1,0,0,0,0,0,0,0,0
8850,1993,1,1,0,0,0,0,0,0,1,0
8857,1984,3,3,0,0,0,0,0,0,1,0
8857,1985,3,3,0,0,0,0,0,0,1,0
8857,1986,9,8,2,0,0,0,0,0,1,0
8857,1998,2,2,1,1,0,0,0,0,0,0
8882,1982,2,2,1,0,0,0,0,0,0,0
8882,1983,1,1,0,0,0,0,0,0,0,0
8882,1984,4,4,0,0,0,0,0,0,0,0
8897,1993,1,1,0,0,0,0,0,0,0,0
8916,1977,11,11,1,0,0,0,0,0,3,0
8921,1998,1,1,0,0,0,0,0,0,0,0
8928,1995,1,1,0,0,0,0,0,0,0,0
8935,1984,2,2,0,0,0,0,0,0,0,0
8946,1984,3,3,0,0,0,0,0,0,1,0
8946,1985,2,2,0,0,0,0,0,0,0,0
8946,1986,6,6,2,1,0,0,0,0,0,0
8946,1990,2,2,2,0,1,0,0,0,0,0
8948,1995,1,0,0,0,0,0,1,0,0,0
8975,1980,3,3,0,0,0,0,0,0,0,0
8975,1981,5,5,1,0,0,0,0,0,1,0
8987,1987,2,2,0,0,0,0,0,0,0,0
8987,1988,2,2,2,0,0,1,0,0,0,0
8987,1990,3,3,1,0,0,0,0,0,0,0
8987,1992,1,1,1,0,0,0,0,0,0,0
8989,1975,6,3,1,0,0,0,3,0,0,0
8994,1984,2,2,0,0,0,0,0,0,1,0
8994,1987,3,3,1,0,0,0,0,0,1,0
8994,1988,3,3,1,0,0,0,0,0,1,0
8994,1990,1,1,1,1,0,0,0,0,0,0
9007,1981,1,1,0,0,0,0,0,0,0,0
9007,1983,3,2,0,0,0,0,1,0,1,0
9007,1987,2,1,0,0,0,0,1,0,0,0
9007,1988,2,2,1,0,0,1,0,0,0,0
9007,1989,1,1,1,0,0,0,0,0,0,0
9007,1990,1,1,0,0,0,0,0,0,0,0
9027,1982,5,5,1,0,0,0,0,0,1,0
9027,1983,2,2,0,0,0,0,0,0,0,0
9027,1990,2,2,0,0,0,0,0,0,0,0
9027,1991,2,1,0,0,0,0,1,0,1,0
9027,1992,1,1,1,0,0,0,0,0,0,0
9027,1993,2,2,0,0,0,0,0,0,1,0
9027,1994,3,3,0,0,0,0,0,0,2,0
9027,1995,2,2,1,0,0,0,0,0,0,0
9027,1998,1,1,1,0,0,1,0,0,0,0
9036,1996,4,3,1,0,0,0,1,0,1,0
9036,1997,2,2,2,0,0,0,0,0,0,0
9037,1977,7,7,0,0,0,0,0,0,1,0
9037,1978,1,1,0,0,0,0,0,0,0,0
9037,1979,4,4,1,1,0,0,0,0,0,0
9052,1975,11,9,2,1,0,0,2,0,3,0
9072,1976,1,1,0,0,0,0,0,0,0,0
9072,1977,3,3,1,0,0,1,0,0,1,0
9072,1978,10,9,2,1,0,0,1,0,2,0
9072,1980,3,3,0,0,0,0,0,0,0,0
9072,1982,4,4,1,0,0,0,0,0,0,0
9097,1991,1,1,0,0,0,0,0,0,1,0
9097,1992,3,3,1,0,0,0,0,0,0,0
9106,1978,3,3,1,0,0,0,0,0,2,0
9124,1987,1,1,0,0,0,0,0,0,0,0
9124,1988,1,1,1,0,0,0,0,0,0,0
9128,1989,1,1,1,0,0,0,0,0,0,0
9128,1990,1,1,0,0,0,0,0,0,0,0
9128,1991,1,1,1,1,0,0,0,0,0,0
9128,1993,2,2,1,0,1,0,0,0,0,0
9128,1994,1,1,0,0,0,0,0,0,0,0
9128,1995,1,1,0,0,0,0,0,0,0,0
9142,1976,7,7,3,1,0,0,0,0,1,0
9142,1977,13,13,3,0,1,0,0,0,1,0
9142,1978,6,6,2,0,0,0,0,0,0,0
9142,1982,3,3,0,0,0,0,0,0,0,0
9150,1975,6,5,1,0,0,0,1,0,1,0
9150,1976,9,9,1,0,0,0,0,0,1,0
9150,1977,12,12,1,0,0,0,0,0,4,0
9150,1978,6,6,2,0,0,0,0,0,0,0
9150,1979,5,5,2,0,0,0,0,0,0,0
9150,1980,8,7,4,1,0,2,1,0,1,0
9150,1984,5,5,1,0,0,0,0,0,0,0
9150,1985,3,3,2,1,0,0,0,0,0,0
9150,1987,1,1,0,0,0,0,0,0,1,0
9154,1998,2,2,0,0,0,0,0,0,0,0
9173,1997,1,1,0,0,0,0,0,0,0,0
9175,1978,11,10,2,0,1,0,1,0,0,0
9175,1979,7,7,0,0,0,0,0,0,1,0
9175,1980,3,3,1,0,0,0,0,0,0,0
9175,1981,4,4,2,1,0,0,0,0,0,0
9175,1982,12,11,2,0,0,0,1,0,0,0
9182,1986,2,2,0,0,0,0,0,0,1,0
9195,1987,4,4,0,0,0,0,0,0,2,0
9195,1988,3,3,1,0,0,0,0,0,2,0
9195,1989,1,1,0,0,0,0,0,0,1,0
9223,1979,2,2,0,0,0,0,0,0,0,0
9223,1980,6,6,1,0,0,0,0,0,1,0
9223,1984,2,1,0,0,0,0,1,0,0,0
9225,1987,5,5,0,0,0,0,0,0,1,0
9225,1988,1,0,0,0,0,0,0,0,0,1
9225,1990,4,4,0,0,0,0,0,0,2,0
9225,1991,3,3,1,0,0,0,0,0,0,0
9225,1992,4,4,0,0,0,0,0,0,1,0
9225,1993,3,3,1,0,1,0,0,0,1,0
9225,1994,3,3,1,0,0,0,0,0,0,0
9225,1995,1,1,0,0,0,0,0,0,0,0
9230,1984,7,6,3,0,0,0,1,0,0,0
9230,1985,4,4,0,0,0,0,0,0,0,0
9230,1986,4,4,2,0,0,0,0,0,0,0
9249,1979,15,15,3,0,0,0,0,0,2,0
9249,1980,5,5,2,1,0,0,0,0,1,0
9249,1981,3,3,2,1,0,0,0,0,0,0
9249,1982,7,7,2,0,0,0,0,0,1,0
9249,1983,9,8,3,1,0,0,0,1,0,0
9249,1984,4,4,2,1,0,0,0,0,1,0
9267,1989,1,1,1,0,0,0,0,0,0,0
9267,1993,1,1,0,0,0,0,0,0,0,0
9274,1987,5,5,0,0,0,0,0,0,1,0
9274,1988,3,2,0,0,0,0,1,0,0,0
9281,1976,1,1,1,1,0,0,0,0,0,0
9281,1977,8,7,0,0,0,0,1,0,3,0
9281,1981,3,3,1,0,0,0,0,0,0,0
9281,1987,1,0,0,0,0,0,1,0,0,0
9281,1988,1,1,0,0,0,0,0,0,1,0
9292,1977,11,8,1,0,0,0,1,1,3,1
9306,1984,17,16,7,2,0,0,1,0,2,0
9306,1985,13,13,3,0,0,0,0,0,1,0
9306,1986,16,14,5,1,1,0,2,0,1,0
9306,1991,1,1,0,0,0,0,0,0,0,0
9306,1992,2,2,1,0,0,0,0,0,0,0
9306,1993,2,2,1,0,0,0,0,0,1,0
9306,1994,2,2,0,0,0,0,0,0,1,0
9306,1995,1,1,0,0,0,0,0,0,0,0
9306,1998,1,0,0,0,0,0,1,0,0,0
9338,1995,2,1,1,0,0,1,1,0,0,0
9344,1976,2,1,1,0,0,0,1,0,0,0
9345,1985,2,2,1,0,0,0,0,0,0,0
9345,1986,9,9,4,2,0,1,0,0,0,0
9357,1984,1,1,0,0,0,0,0,0,1,0
9357,1988,1,1,0,0,0,0,0,0,1,0
9370,1984,3,3,0,0,0,0,0,0,0,0
9375,1976,8,8,2,0,0,0,0,0,1,0
9375,1977,3,3,0,0,0,0,0,0,1,0
9375,1978,3,3,0,0,0,0,0,0,1,0
9377,1997,1,1,0,0,0,0,0,0,1,0
9377,1998,2,2,0,0,0,0,0,0,0,0
9378,1975,12,10,2,0,0,0,2,0,0,0
9378,1976,4,4,0,0,0,0,0,0,2,0
9381,1976,3,2,1,0,1,0,1,0,0,0
9381,1977,3,3,0,0,0,0,0,0,0,0
9381,1978,10,9,1,0,0,0,1,0,2,0
9381,1979,8,5,2,0,0,1,3,0,1,0
9381,1980,16,15,3,2,0,0,1,0,3,0
9381,1981,3,3,0,0,0,0,0,0,0,0
9381,1982,11,11,3,1,0,0,0,0,0,0
9381,1987,5,5,1,0,0,1,0,0,0,0
9381,1988,2,2,0,0,0,0,0,0,0,0
9381,1991,1,1,1,0,0,0,0,0,0,0
9412,1985,2,1,0,0,0,0,0,0,0,0
9415,1984,6,5,2,1,0,1,0,0,0,1
9415,1985,6,6,1,0,0,0,0,0,0,0
9415,1986,9,8,3,0,0,0,1,0,0,0
9415,1988,1,1,0,0,0,0,0,0,1,0
9447,1984,5,5,1,1,0,0,0,0,2,0
9447,1985,6,6,1,0,0,0,0,0,3,0
9447,1987,1,1,1,0,0,0,0,0,0,0
9447,1993,1,1,0,0,0,0,0,0,0,0
9458,1996,1,1,0,0,0,0,0,0,0,0
9460,1988,1,1,1,0,0,0,0,0,0,0
9460,1989,1,1,1,1,0,0,0,0,0,0
9460,1991,2,2,0,0,0,0,0,0,1,0
9460,1992,2,2,1,0,0,0,0,0,0,0
9460,1996,2,2,0,0,0,0,0,0,0,0
9470,1997,4,4,1,0,0,1,0,0,1,0
9483,1988,1,1,0,0,0,0,0,0,0,0
9483,1990,2,2,0,0,0,0,0,0,1,0
9483,1991,1,1,1,0,0,0,0,0,0,0
9483,1992,3,2,0,0,0,0,1,0,0,0
9483,1993,3,3,1,1,0,0,0,0,0,0
9498,1975,7,7,1,0,0,0,0,0,1,0
9498,1976,4,4,0,0,0,0,0,0,0,0
9498,1977,3,3,0,0,0,0,0,0,2,0
9507,1996,1,0,0,0,0,0,1,0,0,0
9507,1997,2,2,0,0,0,0,0,0,1,0
9519,1985,2,2,0,0,0,0,0,0,1,0
9521,1978,4,4,2,1,0,0,0,0,0,0
9521,1979,7,7,3,0,1,2,0,0,0,0
9521,1980,9,9,2,1,0,0,0,0,1,0
9521,1981,3,3,0,0,0,0,0,0,0,0
9521,1982,4,4,1,0,0,0,0,0,1,0
9544,1977,9,9,1,0,0,0,0,0,0,0
9544,1978,8,7,2,0,0,0,1,0,0,0
9544,1984,8,8,0,0,0,0,0,0,0,0
9544,1985,3,3,0,0,0,0,0,0,1,0
9544,1986,6,6,3,1,0,0,0,0,0,0
9547,1987,5,5,2,1,0,0,0,0,1,0
9547,1988,3,3,1,0,0,0,0,0,0,0
9547,1990,2,2,1,1,0,0,0,0,0,0
9547,1991,1,1,0,0,0,0,0,0,0,0
9547,1992,3,3,0,0,0,0,0,0,3,0
9547,1993,5,5,3,0,0,0,0,0,1,0
9552,1985,5,5,1,0,0,1,0,0,2,0
9552,1986,6,5,0,0,0,0,1,0,2,0
9553,1986,2,2,1,0,0,0,0,0,1,0
9561,1984,4,4,2,0,0,0,0,0,1,0
9561,1985,2,2,0,0,0,0,0,0,0,0
9562,1983,4,3,1,0,0,0,1,0,0,0
9570,1975,2,2,0,0,0,0,0,0,2,0
9570,1976,11,11,2,0,0,0,0,0,3,0
9570,1977,15,15,4,0,1,0,0,0,8,0
9570,1987,6,6,2,0,0,1,0,0,1,0
9570,1988,3,3,1,0,0,0,0,0,1,0
9589,1982,4,4,0,0,0,0,0,0,1,0
9589,1983,6,6,2,0,1,0,0,0,0,0
9616,1993,1,1,0,0,0,0,0,0,1,0
9630,1987,1,1,0,0,0,0,0,0,0,0
9630,1988,2,1,0,0,0,0,0,0,0,1
9631,1982,12,12,1,0,0,1,0,0,7,0
9631,1983,3,3,2,0,0,0,0,0,0,0
9631,1987,2,1,1,0,0,1,1,0,0,0
9631,1988,3,3,0,0,0,0,0,0,1,0
9631,1989,1,1,0,0,0,0,0,0,1,0
9631,1990,3,3,0,0,0,0,0,0,1,0
9631,1991,2,2,0,0,0,0,0,0,0,0
9631,1992,3,3,0,0,0,0,0,0,0,0
9631,1993,3,3,0,0,0,0,0,0,1,0
9631,1994,2,2,0,0,0,0,0,0,0,0
9631,1995,1,1,0,0,0,0,0,0,0,0
9631,1998,3,3,0,0,0,0,0,0,0,0
9653,1984,2,2,1,0,0,0,0,0,1,0
9656,1986,3,3,0,0,0,0,0,0,1,0
9656,1989,1,1,0,0,0,0,0,0,1,0
9656,1991,1,1,0,0,0,0,0,0,1,0
9656,1992,1,1,0,0,0,0,0,0,1,0
9656,1998,1,0,0,0,0,0,0,0,0,0
9658,1975,7,7,3,0,0,0,0,0,0,0
9658,1976,4,4,1,0,0,0,0,0,0,0
9658,1977,7,7,3,0,0,0,0,0,1,0
9658,1978,10,10,1,0,0,0,0,0,0,0
9658,1979,8,8,4,1,0,0,0,0,0,0
9658,1980,8,8,3,0,0,0,0,0,0,0
9658,1981,4,4,1,0,0,0,0,0,2,0
9658,1982,4,4,3,0,0,0,0,0,0,0
9658,1983,5,5,3,0,0,0,0,0,0,0
9658,1984,4,4,0,0,0,0,0,0,0,0
9662,1995,1,1,0,0,0,0,0,0,1,0
9680,1982,3,3,1,0,0,0,0,0,0,0
9680,1983,5,5,2,1,0,0,0,0,0,0
9682,1986,4,4,3,1,0,0,0,0,0,0
9682,1998,1,1,0,0,0,0,0,0,0,0
9693,1980,3,3,0,0,0,0,0,0,2,0
9701,1996,2,2,1,0,0,0,0,0,1,0
9704,1975,7,6,2,0,1,0,1,0,1,0
9704,1978,4,4,1,0,0,0,0,0,1,0
9704,1979,9,9,4,0,1,0,0,0,0,0
9704,1980,4,4,1,1,0,0,0,0,0,0
9704,1983,4,3,1,0,0,0,1,0,0,0
9717,1988,1,1,0,0,0,0,0,0,0,0
9717,1989,1,1,0,0,0,0,0,0,0,0
9719,1978,4,4,1,0,0,0,0,0,0,0
9719,1980,1,1,0,0,0,0,0,0,1,0
9720,1975,10,9,1,0,0,0,1,0,3,0
9734,1984,3,2,0,0,0,0,1,0,1,0
9763,1995,1,1,0,0,0,0,0,0,1,0
9763,1998,1,1,0,0,0,0,0,0,0,0
9765,1975,14,13,0,0,0,0,1,0,2,0
9765,1976,6,6,0,0,0,0,0,0,2,0
9765,1979,6,5,2,1,0,1,1,0,0,0
9765,1980,7,6,3,0,0,1,1,0,3,0
9765,1982,3,2,0,0,0,0,0,0,1,0
9777,1975,7,5,3,0,0,0,1,0,0,0
9787,1996,1,1,0,0,0,0,0,0,0,0
9787,1997,1,1,0,0,0,0,0,0,0,0
9790,1991,2,2,0,0,0,0,0,0,1,0
9790,1992,2,2,1,0,0,0,0,0,0,0
9790,1994,3,3,0,0,0,0,0,0,0,0
9790,1995,3,3,0,0,0,0,0,0,0,0
9790,1998,2,2,1,1,0,0,0,0,1,0
9829,1979,4,4,1,1,0,0,0,0,3,0
9829,1982,3,3,0,0,0,0,0,0,2,0
9831,1986,3,2,1,0,0,0,1,0,0,0
9843,1984,1,1,0,0,0,0,0,0,0,0
9855,1975,3,3,0,0,0,0,0,0,0,0
9855,1977,6,5,3,0,0,0,1,0,0,0
9859,1996,1,1,0,0,0,0,0,0,0,0
9884,1982,2,2,2,0,0,0,0,0,0,0
9884,1987,3,3,1,0,0,0,0,0,1,0
9913,1975,2,2,1,0,0,0,0,0,1,0
9913,1976,1,1,0,0,0,0,0,0,1,0
9942,1992,1,1,0,0,0,0,0,0,1,0
9951,1984,8,7,1,0,0,0,1,0,1,0
9951,1985,9,8,2,0,0,0,0,1,2,0
9951,1986,4,3,1,1,0,0,1,0,1,0
9977,1986,1,1,0,0,0,0,0,0,1,0
9987,1984,3,2,0,0,0,0,1,0,0,0
9987,1987,1,1,1,0,0,0,0,0,0,0
9998,1975,11,11,1,0,0,1,0,0,2,0
9998,1976,8,6,2,0,0,1,2,0,1,0
9998,1977,3,3,0,0,0,0,0,0,0,0
9998,1978,12,10,2,0,0,1,2,0,3,0
9998,1979,7,6,2,0,0,1,1,0,1,0
9998,1980,3,3,3,1,0,0,0,0,0,0
10021,1984,3,3,2,1,0,0,0,0,0,0
10037,1986,1,1,0,0,0,0,0,0,0,0
10039,1985,7,7,3,1,0,0,0,0,3,0
10048,1987,1,1,1,0,0,0,0,0,0,0
10073,1994,1,1,1,0,0,1,0,0,0,0
10098,1977,2,2,1,0,0,0,0,0,0,0
10098,1982,8,8,2,0,0,0,0,0,2,0
10099,1984,2,2,2,0,0,0,0,0,0,0
10099,1987,2,2,0,0,0,0,0,0,0,0
10106,1988,3,2,1,0,0,0,0,0,1,0
10107,1990,1,1,0,0,0,0,0,0,0,0
10107,1991,1,1,0,0,0,0,0,0,0,0
10115,1993,2,2,1,0,0,0,0,0,1,0
10115,1994,2,2,0,0,0,0,0,0,2,0
10115,1995,5,4,1,1,0,0,1,0,1,0
10115,1998,2,1,0,0,0,0,0,1,0,0
10123,1979,1,1,0,0,0,0,0,0,1,0
10123,1981,3,3,1,0,0,1,0,0,0,0
10123,1982,9,7,1,0,0,0,2,0,1,0
10123,1983,12,11,5,2,0,1,0,0,2,1
10123,1984,3,2,1,0,0,0,0,0,1,1
10129,1984,17,16,4,1,0,1,1,0,6,0
10129,1985,15,14,1,0,0,0,1,0,4,0
10129,1986,4,3,3,2,0,0,0,0,0,1
10129,1992,1,1,0,0,0,0,0,0,1,0
10129,1994,1,1,1,1,0,0,0,0,0,0
10129,1995,2,2,0,0,0,0,0,0,2,0
10161,1996,1,1,0,0,0,0,0,0,0,0
10171,1997,2,2,0,0,0,0,0,0,0,0
10184,1996,3,3,0,0,0,0,0,0,0,0
10184,1997,1,1,1,0,0,0,0,0,0,0
10189,1976,1,1,0,0,0,0,0,0,1,0
10193,1977,6,5,2,0,0,1,0,1,1,0
10203,1996,4,4,1,0,0,0,0,0,1,0
10211,1996,2,2,1,0,0,0,0,0,1,0
10211,1997,1,1,0,0,0,0,0,0,0,0
10223,1985,2,2,0,0,0,0,0,0,0,0
10223,1986,7,7,2,0,0,0,0,0,1,0
10223,1988,1,1,0,0,0,0,0,0,1,0
10238,1993,1,1,0,0,0,0,0,0,0,0
10262,1984,7,7,2,0,0,0,0,0,0,0
10262,1985,3,3,2,0,0,0,0,0,0,0
10262,1986,10,10,1,0,0,0,0,0,1,0
10262,1989,1,1,0,0,0,0,0,0,0,0
10262,1990,2,2,0,0,0,0,0,0,0,0
10262,1992,2,1,0,0,0,0,1,0,0,0
10271,1996,1,0,0,0,0,0,0,1,0,0
10273,1984,4,4,0,0,0,0,0,0,0,0
10294,1997,1,1,0,0,0,0,0,0,1,0
10316,1984,14,14,4,1,0,0,0,0,4,0
10316,1985,17,17,3,0,0,0,0,0,9,0
10316,1986,4,4,2,0,0,0,0,0,0,0
10324,1984,3,3,1,0,0,0,0,0,0,0
10324,1987,3,3,1,0,0,0,0,0,1,0
10324,1988,2,2,0,0,0,0,0,0,2,0
10324,1990,1,1,0,0,0,0,0,0,0,0
10324,1991,3,3,0,0,0,0,0,0,1,0
10324,1994,2,2,0,0,0,0,0,0,1,0
10334,1983,2,2,0,0,0,0,0,0,1,0
10334,1987,3,3,1,1,0,0,0,0,0,0
10334,1988,1,1,1,0,0,0,0,0,0,0
10352,1989,1,1,0,0,0,0,0,0,0,0
10358,1985,5,5,2,0,0,0,0,0,1,0
10358,1986,1,1,0,0,0,0,0,0,1,0
10358,1990,1,1,0,0,0,0,0,0,1,0
10371,1984,6,5,2,1,0,0,1,0,0,0
10371,1985,3,3,1,0,0,0,0,0,0,0
10371,1986,6,5,3,1,0,0,1,0,0,0
10372,1983,3,3,1,0,0,0,0,0,0,0
10372,1984,3,3,1,0,0,0,0,0,0,0
10380,1975,7,6,3,1,0,0,1,0,3,0
10380,1976,11,10,3,0,0,0,1,0,5,0
10380,1977,14,14,2,0,1,0,0,0,3,0
10381,1977,9,8,2,1,0,0,1,0,5,0
10383,1984,1,1,0,0,0,0,0,0,0,0
10386,1977,7,7,0,0,0,0,0,0,1,0
10393,1976,3,3,0,0,0,0,0,0,3,0
10428,1990,1,1,0,0,0,0,0,0,0,0
10428,1991,1,1,0,0,0,0,0,0,0,0
10428,1992,1,1,0,0,0,0,0,0,0,0
10428,1993,3,3,1,0,0,1,0,0,0,0
10428,1996,1,1,0,0,0,0,0,0,0,0
10428,1997,1,1,1,0,0,0,0,0,0,0
10428,1998,3,3,2,0,0,1,0,0,0,0
10437,1987,4,4,3,0,0,0,0,0,0,0
10437,1988,3,3,0,0,0,0,0,0,0,0
10437,1990,5,5,1,0,0,0,0,0,2,0
10437,1991,3,3,1,0,0,0,0,0,0,0
10437,1992,2,1,0,0,0,0,1,0,0,0
10437,1993,2,2,1,0,0,0,0,0,0,0
10437,1995,1,1,0,0,0,0,0,0,0,0
10462,1981,2,2,2,0,0,0,0,0,0,0
10462,1982,3,2,2,0,0,0,0,0,0,0
10469,1996,2,2,1,0,0,1,0,0,0,0
10469,1997,2,2,0,0,0,0,0,0,0,0
10496,1975,4,4,2,1,0,0,0,0,0,0
10496,1976,7,6,4,0,0,0,1,0,1,0
10499,1987,1,1,0,0,0,0,0,0,0,0
10511,1987,2,2,0,0,0,0,0,0,1,0
10519,1987,2,2,2,1,0,1,0,0,0,0
10519,1988,1,1,0,0,0,0,0,0,0,0
10519,1989,1,1,0,0,0,0,0,0,0,0
10519,1990,2,2,0,0,0,0,0,0,0,0
10520,1988,1,0,0,0,0,0,1,0,0,0
10520,1991,1,1,0,0,0,0,0,0,0,0
10520,1996,1,1,0,0,0,0,0,0,0,0
10520,1997,1,1,1,0,0,0,0,0,0,0
10526,1990,4,4,2,0,0,0,0,0,0,0
10526,1991,1,1,0,0,0,0,0,0,1,0
10541,1983,4,4,2,1,0,0,0,0,1,0
10541,1984,3,3,2,1,0,0,0,0,1,0
10541,1987,2,2,1,0,0,0,0,0,0,0
10541,1988,1,1,0,0,0,0,0,0,0,0
10541,1989,1,1,0,0,0,0,0,0,0,0
10541,1991,1,1,1,0,0,1,0,0,0,0
10553,1985,2,2,1,0,0,0,0,0,0,0
10557,1998,1,1,0,0,0,0,0,0,0,0
10567,1976,3,3,1,0,0,0,0,0,1,0
10567,1977,2,1,0,0,0,0,0,0,0,0
10573,1985,2,2,1,0,0,0,0,0,1,0
10579,1990,1,1,0,0,0,0,0,0,0,0
10579,1994,1,1,1,0,1,0,0,0,0,0
10582,1996,1,1,0,0,0,0,0,0,1,0
10591,1987,2,2,0,0,0,0,0,0,0,0
10591,1988,2,2,1,0,0,0,0,0,0,0
10591,1989,1,1,0,0,0,0,0,0,0,0
10591,1990,2,2,1,1,0,0,0,0,0,0
10591,1991,2,2,1,0,0,0,0,0,1,0
10591,1992,3,3,0,0,0,0,0,0,1,0
10591,1995,3,3,1,0,0,0,0,0,1,0
10596,1994,1,1,0,0,0,0,0,0,0,0
10596,1996,1,1,1,0,0,0,0,0,0,0
10608,1981,4,4,1,1,0,0,0,0,0,0
10608,1982,11,11,1,1,0,0,0,0,2,0
10608,1983,7,5,0,0,0,0,1,1,0,0
10618,1979,4,4,0,0,0,0,0,0,1,0
10618,1980,1,1,0,0,0,0,0,0,0,0
10618,1981,2,2,0,0,0,0,0,0,0,0
10618,1982,7,7,1,0,0,0,0,0,0,0
10631,1975,13,9,4,0,0,1,4,0,1,0
10631,1976,11,8,1,0,0,0,3,0,3,0
10631,1977,11,10,5,0,0,1,1,0,0,0
10631,1978,3,2,1,0,0,0,1,0,0,0
10631,1979,8,8,5,0,0,0,0,0,1,0
10631,1980,6,5,4,1,0,0,1,0,0,0
10631,1981,4,4,4,2,0,1,0,0,0,0
10631,1982,13,12,1,0,0,0,1,0,1,0
10631,1983,2,2,0,0,0,0,0,0,0,0
10649,1977,3,2,0,0,0,0,1,0,2,0
10655,1987,4,3,0,0,0,0,0,1,2,0
10655,1988,1,1,1,0,0,0,0,0,0,0
10655,1990,1,1,0,0,0,0,0,0,0,0
10671,1982,2,2,1,0,0,0,0,0,0,0
10671,1987,1,1,0,0,0,0,0,0,1,0
10671,1988,1,0,0,0,0,0,0,0,0,1
10671,1989,2,2,0,0,0,0,0,0,1,0
10686,1975,8,5,1,0,0,0,2,0,0,1
10686,1976,3,2,0,0,0,0,1,0,2,0
10686,1977,4,4,0,0,0,0,0,0,1,0
10686,1978,12,12,4,2,0,0,0,0,0,0
10686,1979,6,6,2,0,0,0,0,0,2,0
10686,1980,4,4,1,0,0,0,0,0,1,0
10686,1981,4,2,1,0,0,0,1,0,0,1
10686,1982,8,7,1,0,0,0,1,0,3,0
10686,1983,6,6,2,0,0,1,0,0,0,0
10686,1987,2,2,0,0,0,0,0,0,0,0
10692,1985,2,2,0,0,0,0,0,0,2,0
10698,1977,12,11,4,1,0,1,1,0,3,0
10698,1978,3,2,1,0,0,0,1,0,0,0
10698,1979,8,7,2,0,0,0,1,0,0,0
10717,1994,2,0,0,0,0,0,2,0,0,0
10747,1984,6,6,0,0,0,0,0,0,2,0
10747,1987,1,1,0,0,0,0,0,0,1,0
10751,1997,1,1,1,0,0,1,0,0,0,0
10758,1984,6,5,2,1,0,0,0,0,0,0
10758,1985,10,8,4,2,1,0,1,0,0,0
10758,1986,7,5,1,0,0,0,2,0,0,0
10801,1995,1,1,0,0,0,0,0,0,1,0
10802,1993,1,1,0,0,0,0,0,0,1,0
10802,1995,4,4,1,0,0,1,0,0,0,0
10802,1997,1,1,1,0,0,0,0,0,0,0
10806,1987,5,5,0,0,0,0,0,0,2,0
10806,1988,2,2,1,0,0,0,0,0,1,0
10806,1989,2,2,0,0,0,0,0,0,1,0
10806,1990,3,3,1,1,0,0,0,0,2,0
10817,1975,5,5,1,0,0,0,0,0,2,0
10817,1977,2,2,0,0,0,0,0,0,1,0
10817,1978,7,6,2,0,0,1,1,0,1,0
10817,1979,1,1,0,0,0,0,0,0,0,0
10822,1980,4,4,0,0,0,0,0,0,1,0
10822,1981,3,3,0,0,0,0,0,0,0,0
10825,1991,1,1,0,0,0,0,0,0,0,0
10825,1992,1,1,1,0,1,0,0,0,0,0
10825,1994,2,2,2,0,0,0,0,0,0,0
10825,1995,1,1,0,0,0,0,0,0,1,0
10827,1986,1,0,0,0,0,0,0,0,0,0
10830,1975,3,2,1,0,0,1,1,0,1,0
10830,1976,2,2,1,0,0,1,0,0,0,0
10830,1977,3,2,0,0,0,0,1,0,1,0
10851,1989,1,1,0,0,0,0,0,0,0,0
10851,1992,2,2,1,1,0,0,0,0,0,0
10851,1993,2,2,0,0,0,0,0,0,2,0
10851,1995,1,1,1,0,0,0,0,0,0,0
10859,1990,1,1,0,0,0,0,0,0,1,0
10859,1991,2,2,0,0,0,0,0,0,1,0
10859,1996,4,4,1,0,0,0,0,0,2,0
10886,1978,2,2,0,0,0,0,0,0,1,0
10886,1979,3,2,0,0,0,0,1,0,1,0
10887,1996,1,1,0,0,0,0,0,0,0,0
10897,1975,11,11,4,0,0,1,0,0,2,0
10897,1976,4,4,1,0,0,1,0,0,1,0
10897,1977,5,5,1,0,0,0,0,0,0,0
10897,1978,1,1,0,0,0,0,0,0,1,0
10897,1979,8,8,2,0,0,1,0,0,3,0
10897,1980,8,8,2,0,0,0,0,0,0,0
10897,1981,7,6,1,0,0,0,1,0,0,0
10897,1982,3,3,1,0,1,0,0,0,1,0
10904,1989,2,2,2,0,0,0,0,0,0,0
10904,1990,1,1,0,0,0,0,0,0,1,0
10904,1991,1,0,0,0,0,0,1,0,0,0
10904,1994,1,1,0,0,0,0,0,0,1,0
10904,1996,1,1,1,1,0,0,0,0,0,0
10904,1997,2,2,1,1,0,0,0,0,1,0
10910,1985,4,4,0,0,0,0,0,0,0,0
10910,1986,6,6,1,0,0,1,0,0,0,0
10918,1994,1,1,0,0,0,0,0,0,0,0
10918,1995,1,1,0,0,0,0,0,0,0,0
10918,1998,1,1,0,0,0,0,0,0,0,0
10934,1979,7,7,1,0,0,0,0,0,0,0
10934,1980,11,10,3,0,0,1,1,0,0,0
10934,1981,8,6,2,1,0,0,1,0,0,1
10934,1982,3,3,1,0,0,0,0,0,0,0
10934,1984,5,5,1,1,0,0,0,0,0,0
10938,1977,4,4,0,0,0,0,0,0,0,0
10940,1993,1,1,1,0,0,0,0,0,0,0
10940,1995,2,2,1,0,0,0,0,0,1,0
10941,1998,1,1,1,0,0,0,0,0,0,0
10948,1996,1,1,0,0,0,0,0,0,1,0
10955,1975,1,1,1,0,0,0,0,0,0,0
10955,1976,2,1,0,0,0,0,1,0,1,0
10955,1978,8,8,4,0,0,0,0,0,1,0
10955,1979,1,1,0,0,0,0,0,0,0,0
10955,1981,8,8,1,0,0,0,0,0,1,0
10960,1975,7,5,0,0,0,0,1,1,2,0
10960,1976,5,4,0,0,0,0,1,0,1,0
10960,1977,8,8,1,0,0,0,0,0,2,0
10960,1978,7,7,1,0,0,0,0,0,2,0
10962,1987,2,1,0,0,0,0,1,0,0,0
10962,1988,2,2,0,0,0,0,0,0,1,0
10962,1990,1,1,0,0,0,0,0,0,1,0
10962,1993,2,2,1,0,0,0,0,0,1,0
10962,1994,2,2,0,0,0,0,0,0,0,0
10962,1995,1,1,0,0,0,0,0,0,0,0
10962,1998,1,1,1,0,0,0,0,0,0,0
10965,1976,4,3,0,0,0,0,1,0,1,0
10966,1988,1,1,0,0,0,0,0,0,0,0
10983,1976,12,11,7,0,0,0,1,0,2,0
10983,1977,4,4,1,0,0,0,0,0,0,0
10983,1978,11,11,1,1,0,0,0,0,0,0
10983,1979,7,7,0,0,0,0,0,0,0,0
10983,1980,5,5,3,0,0,1,0,0,0,0
10998,1976,1,1,0,0,0,0,0,0,1,0
10998,1977,8,8,0,0,0,0,0,0,0,0
10998,1978,3,3,0,0,0,0,0,0,0,0
10998,1979,4,4,0,0,0,0,0,0,0,0
10998,1982,4,4,0,0,0,0,0,0,0,0
10998,1983,3,3,2,1,0,0,0,0,0,0
11002,1998,1,1,0,0,0,0,0,0,0,0
11008,1984,6,6,2,1,0,0,0,0,0,0
11032,1990,4,4,1,0,0,0,0,0,1,0
11032,1992,2,2,0,0,0,0,0,0,1,0
11046,1998,2,2,0,0,0,0,0,0,0,0
11054,1986,3,3,0,0,0,0,0,0,0,0
11054,1990,3,3,1,1,0,0,0,0,0,0
11054,1991,3,3,0,0,0,0,0,0,0,0
11056,1975,1,1,0,0,0,0,0,0,0,0
11058,1975,3,3,0,0,0,0,0,0,0,0
11058,1976,7,6,2,0,0,0,1,0,0,0
11058,1977,6,6,2,0,0,0,0,0,0,0
11058,1978,3,3,2,0,0,0,0,0,0,0
11058,1979,7,3,1,1,0,0,3,0,0,0
11058,1980,2,2,0,0,0,0,0,0,0,0
11064,1996,1,1,1,0,0,0,0,0,0,0
11064,1997,3,3,2,0,0,0,0,0,0,0
11078,1984,3,3,1,0,0,0,0,0,1,0
11078,1985,9,8,1,0,0,0,0,0,1,0
11078,1986,3,3,2,0,0,0,0,0,0,0
11100,1985,3,3,0,0,0,0,0,0,1,0
11100,1986,10,10,2,1,0,0,0,0,2,0
11100,1995,1,1,0,0,0,0,0,0,0,0
11101,1994,2,2,0,0,0,0,0,0,0,0
11101,1995,3,3,1,0,0,0,0,0,1,0
11129,1982,4,4,0,0,0,0,0,0,2,0
11134,1984,7,7,1,0,0,0,0,0,2,0
11134,1986,7,7,1,0,0,1,0,0,3,0
11134,1991,1,1,0,0,0,0,0,0,0,0
11134,1992,1,1,1,0,0,0,0,0,0,0
11145,1997,1,1,0,0,0,0,0,0,0,0
11170,1979,11,9,4,0,0,1,1,1,1,0
11170,1980,5,4,1,0,0,0,1,0,0,0
11170,1981,1,1,0,0,0,0,0,0,1,0
11171,1975,9,8,1,0,0,0,1,0,1,0
11171,1976,4,3,1,0,0,0,1,0,2,0
11171,1977,8,8,2,0,0,0,0,0,3,0
11171,1978,9,8,2,0,0,1,1,0,2,0
11171,1979,14,11,3,1,0,0,2,1,3,0
11171,1980,2,1,1,0,0,0,0,0,0,1
11171,1981,3,2,0,0,0,0,1,0,1,0
11171,1982,8,8,3,0,0,1,0,0,1,0
11171,1983,11,11,1,0,0,0,0,0,1,0
11173,1987,1,1,0,0,0,0,0,0,1,0
11173,1988,3,3,0,0,0,0,0,0,0,0
11173,1989,3,3,3,1,0,0,0,0,0,0
11173,1990,1,1,0,0,0,0,0,0,0,0
11173,1991,1,1,0,0,0,0,0,0,0,0
11173,1992,3,1,0,0,0,0,2,0,0,0
11173,1993,1,1,0,0,0,0,0,0,0,0
11173,1994,1,1,1,1,0,0,0,0,0,0
11173,1995,2,1,0,0,0,0,0,0,0,1
11173,1998,2,2,2,0,0,2,0,0,0,0
11181,1976,3,3,0,0,0,0,0,0,0,0
11182,1980,4,3,0,0,0,0,0,0,0,1
11188,1997,1,0,0,0,0,0,1,0,0,0
11188,1998,2,2,0,0,0,0,0,0,0,0
11195,1987,1,1,0,0,0,0,0,0,0,0
11195,1988,2,2,1,0,0,0,0,0,0,0
11195,1990,1,1,0,0,0,0,0,0,1,0
11195,1991,3,3,0,0,0,0,0,0,1,0
11195,1992,2,2,0,0,0,0,0,0,1,0
11195,1997,2,2,2,2,0,0,0,0,0,0
11195,1998,1,1,1,0,0,0,0,0,0,0
11210,1997,1,1,0,0,0,0,0,0,0,0
11211,1997,2,2,1,0,0,1,0,0,0,0
11211,1998,1,1,1,0,0,0,0,0,0,0
11213,1982,3,3,1,0,0,0,0,0,0,0
11213,1983,7,7,3,0,0,0,0,0,0,0
11232,1977,6,6,2,0,0,2,0,0,1,0
11233,1984,4,3,0,0,0,0,1,0,0,0
11233,1987,3,3,1,0,0,0,0,0,1,0
11233,1988,4,4,0,0,0,0,0,0,2,0
11233,1990,1,1,0,0,0,0,0,0,0,0
11233,1991,1,1,0,0,0,0,0,0,1,0
11233,1992,1,1,0,0,0,0,0,0,0,0
11263,1987,5,5,1,1,0,0,0,0,2,0
11263,1988,2,2,2,1,0,0,0,0,0,0
11263,1990,5,5,1,0,0,0,0,0,3,0
11263,1991,3,3,0,0,0,0,0,0,1,0
11263,1992,2,2,0,0,0,0,0,0,1,0
11263,1993,1,1,0,0,0,0,0,0,1,0
11263,1994,3,3,1,1,0,0,0,0,1,0
11263,1995,1,1,1,0,0,0,0,0,0,0
11274,1998,1,1,0,0,0,0,0,0,0,0
11281,1996,2,2,0,0,0,0,0,0,0,0
11281,1997,4,3,1,1,0,0,0,0,1,0
11332,1998,1,1,0,0,0,0,0,0,0,0
11346,1985,5,5,2,0,0,1,0,0,1,0
11346,1986,3,3,1,1,0,0,0,0,0,0
11348,1975,7,5,0,0,0,0,1,1,1,0
11348,1976,2,1,0,0,0,0,1,0,0,0
11360,1975,2,2,1,0,0,0,0,0,0,0
11360,1976,5,5,0,0,0,0,0,0,1,0
11360,1978,3,3,0,0,0,0,0,0,2,0
11363,1986,1,0,0,0,0,0,1,0,0,0
11368,1988,1,1,0,0,0,0,0,0,0,0
11368,1989,2,2,0,0,0,0,0,0,1,0
11368,1990,2,2,0,0,0,0,0,0,1,0
11368,1991,5,5,0,0,0,0,0,0,2,0
11368,1992,3,3,1,0,0,0,0,0,0,0
11368,1993,5,4,1,0,0,1,0,0,0,1
11368,1994,1,1,0,0,0,0,0,0,0,0
11368,1995,4,3,0,0,0,0,1,0,0,0
11394,1986,3,2,0,0,0,0,0,0,0,1
11409,1984,6,6,3,0,0,0,0,0,0,0
11409,1985,2,2,1,0,0,0,0,0,0,0
11413,1976,4,3,0,0,0,0,0,1,2,0
11413,1977,2,2,2,0,0,1,0,0,0,0
11414,1975,4,4,0,0,0,0,0,0,2,0
11414,1976,2,2,0,0,0,0,0,0,0,0
11416,1990,1,1,0,0,0,0,0,0,1,0
11416,1991,2,2,0,0,0,0,0,0,1,0
11416,1992,3,3,0,0,0,0,0,0,1,0
11416,1993,3,3,1,0,0,0,0,0,0,0
11416,1994,3,3,0,0,0,0,0,0,1,0
11416,1995,1,1,0,0,0,0,0,0,0,0
11416,1998,2,2,2,1,0,0,0,0,0,0
11418,1975,3,2,1,0,0,1,1,0,1,0
11418,1976,3,3,0,0,0,0,0,0,0,0
11418,1978,7,5,1,0,0,0,2,0,1,0
11418,1979,7,6,1,0,0,0,0,0,3,0
11418,1980,8,7,2,0,0,0,1,0,2,0
11418,1981,4,4,0,0,0,0,0,0,1,0
11418,1982,10,10,3,0,0,1,0,0,2,0
11418,1983,9,9,0,0,0,0,0,0,3,0
11418,1984,3,3,0,0,0,0,0,0,0,0
11419,1978,15,14,4,1,0,1,1,0,1,0
11422,1976,9,8,1,0,0,0,1,0,3,0
11422,1977,4,4,1,0,0,1,0,0,1,0
11422,1978,11,10,4,0,0,1,1,0,2,0
11422,1979,11,11,3,1,0,0,0,0,1,0
11422,1980,12,10,2,0,0,0,2,0,0,0
11422,1984,9,9,3,1,0,1,0,0,0,0
11422,1985,3,3,1,0,0,0,0,0,0,0
11422,1986,7,6,2,2,0,0,1,0,1,0
11423,1992,1,1,0,0,0,0,0,0,1,0
11423,1995,2,2,1,1,0,0,0,0,0,0
11423,1997,1,1,0,0,0,0,0,0,0,0
11434,1996,1,1,0,0,0,0,0,0,1,0
11442,1986,9,9,3,1,0,0,0,0,3,0
11448,1984,4,3,0,0,0,0,1,0,0,0
11448,1985,1,1,0,0,0,0,0,0,0,0
11455,1979,4,4,2,0,0,0,0,0,1,0
11455,1980,4,4,0,0,0,0,0,0,2,0
11455,1992,3,3,0,0,0,0,0,0,1,0
11455,1993,4,2,0,0,0,0,1,0,1,1
11456,1978,15,15,2,0,0,0,0,0,4,0
11456,1979,15,13,4,2,0,0,2,0,5,0
11456,1981,8,7,1,1,0,0,1,0,0,0
11456,1982,5,5,2,1,0,1,0,0,0,0
11456,1983,3,3,1,0,0,0,0,0,0,0
11456,1984,7,7,2,1,0,0,0,0,0,0
11471,1987,2,2,0,0,0,0,0,0,1,0
11476,1986,5,5,1,0,0,0,0,0,2,0
11495,1996,2,2,0,0,0,0,0,0,2,0
11517,1983,5,5,1,1,0,0,0,0,0,0
11517,1984,3,2,2,1,0,0,0,0,0,1
11517,1987,2,2,0,0,0,0,0,0,2,0
11517,1989,1,0,0,0,0,0,0,1,0,0
11557,1976,3,1,0,0,0,0,2,0,0,0
11557,1979,7,5,2,0,0,1,2,0,1,0
11561,1988,1,1,0,0,0,0,0,0,1,0
11565,1975,8,8,0,0,0,0,0,0,1,0
11571,1988,1,1,0,0,0,0,0,0,0,0
11571,1989,1,1,0,0,0,0,0,0,0,0
11580,1978,8,7,0,0,0,0,1,0,1,0
11580,1979,6,6,0,0,0,0,0,0,1,0
11580,1980,5,4,0,0,0,0,1,0,0,0
11580,1981,5,4,1,0,0,0,0,0,0,0
11580,1982,11,11,4,4,0,0,0,0,1,0
11580,1983,14,14,8,1,1,0,0,0,2,0
11580,1987,3,3,0,0,0,0,0,0,2,0
11580,1988,3,3,2,1,0,0,0,0,1,0
11580,1989,3,2,0,0,0,0,1,0,1,0
11580,1990,3,3,2,1,0,0,0,0,1,0
11580,1991,2,2,0,0,0,0,0,0,0,0
11580,1992,2,2,0,0,0,0,0,0,0,0
11580,1993,3,3,1,0,0,0,0,0,1,0
11588,1993,1,1,0,0,0,0,0,0,0,0
11594,1984,3,3,0,0,0,0,0,0,0,0
11594,1986,3,3,0,0,0,0,0,0,1,0
11599,1983,3,3,0,0,0,0,0,0,1,0
11599,1984,4,4,1,0,0,0,0,0,1,0
11599,1985,7,7,0,0,0,0,0,0,0,0
11625,1995,3,3,1,1,0,0,0,0,0,0
11629,1984,2,2,0,0,0,0,0,0,0,0
11645,1982,1,1,0,0,0,0,0,0,0,0
11648,1992,1,1,0,0,0,0,0,0,1,0
11658,1977,7,5,1,0,0,0,1,0,1,0
11680,1978,10,10,5,2,0,0,0,0,1,0
11680,1981,3,2,1,0,0,0,1,0,0,0
11680,1982,12,10,2,0,0,0,2,0,0,0
11680,1983,9,8,2,1,0,1,0,0,1,1
11680,1987,2,2,0,0,0,0,0,0,1,0
11680,1988,1,1,0,0,0,0,0,0,1,0
11692,1985,5,5,1,0,0,0,0,0,0,0
11692,1986,8,8,2,0,0,0,0,0,0,0
11718,1997,1,1,0,0,0,0,0,0,0,0
11730,1983,4,4,1,0,1,0,0,0,0,0
11732,1984,4,3,0,0,0,0,0,0,1,0
11736,1992,1,1,0,0,0,0,0,0,1,0
11736,1993,1,1,0,0,0,0,0,0,0,0
11736,1994,3,3,0,0,0,0,0,0,1,0
11743,1987,1,1,0,0,0,0,0,0,0,0
11743,1988,1,1,0,0,0,0,0,0,1,0
11743,1989,3,3,0,0,0,0,0,0,0,0
11743,1990,1,1,0,0,0,0,0,0,0,0
11743,1992,2,2,0,0,0,0,0,0,2,0
11743,1993,2,1,0,0,0,0,1,0,0,0
11755,1996,2,2,1,0,0,1,0,0,1,0
11765,1984,5,5,2,0,0,0,0,0,1,0
11765,1985,10,8,2,0,1,1,2,0,2,0
11765,1986,8,7,3,2,0,0,1,0,0,0
11796,1989,2,2,1,0,0,1,0,0,0,0
11796,1990,1,1,0,0,0,0,0,0,0,0
11796,1991,1,1,0,0,0,0,0,0,0,0
11796,1992,2,2,0,0,0,0,0,0,2,0
11796,1993,3,3,1,0,0,0,0,0,1,0
11796,1995,2,2,0,0,0,0,0,0,1,0
11796,1997,2,2,1,0,0,0,0,0,0,0
11798,1991,1,1,0,0,0,0,0,0,0,0
11798,1992,1,1,0,0,0,0,0,0,0,0
11798,1993,1,1,0,0,0,0,0,0,0,0
11798,1994,2,2,2,0,0,0,0,0,0,0
11798,1995,1,1,0,0,0,0,0,0,1,0
11817,1990,1,1,0,0,0,0,0,0,0,0
11817,1992,2,2,0,0,0,0,0,0,2,0
11817,1994,1,1,0,0,0,0,0,0,0,0
11817,1995,2,1,0,0,0,0,0,0,0,0
11817,1998,1,1,0,0,0,0,0,0,0,0
11820,1977,4,3,0,0,0,0,1,0,2,0
11820,1978,3,3,0,0,0,0,0,0,3,0
11821,1984,7,6,2,0,0,0,0,1,1,0
11821,1990,3,3,0,0,0,0,0,0,1,0
11821,1991,2,2,1,0,0,0,0,0,1,0
11828,1991,1,1,0,0,0,0,0,0,0,0
11828,1992,4,4,0,0,0,0,0,0,0,0
11828,1993,2,2,1,0,0,1,0,0,0,0
11828,1994,4,1,0,0,0,0,3,0,1,0
11828,1995,1,1,0,0,0,0,0,0,0,0
11828,1998,1,1,1,0,0,0,0,0,0,0
11832,1997,1,1,0,0,0,0,0,0,0,0
11846,1975,9,9,4,0,0,0,0,0,1,0
11846,1976,5,5,1,0,0,0,0,0,2,0
11846,1977,3,2,0,0,0,0,0,0,0,0
11846,1978,6,3,1,0,0,0,1,0,0,0
11846,1979,10,7,0,0,0,0,3,0,1,0
11846,1980,3,3,1,0,0,0,0,0,0,0
11846,1981,6,6,0,0,0,0,0,0,1,0
11854,1997,1,1,0,0,0,0,0,0,0,0
11887,1984,14,13,3,0,0,1,0,1,3,0
11887,1985,9,9,2,1,0,0,0,0,1,0
11887,1986,12,11,6,1,0,1,1,0,2,0
11894,1996,1,1,1,0,0,0,0,0,0,0
11894,1997,5,5,2,0,0,0,0,0,0,0
11896,1989,1,1,0,0,0,0,0,0,0,0
11896,1990,1,1,0,0,0,0,0,0,0,0
11896,1992,1,1,0,0,0,0,0,0,0,0
11896,1993,4,4,1,0,0,0,0,0,0,0
11896,1995,1,1,1,0,0,0,0,0,0,0
11896,1998,1,1,1,1,0,0,0,0,0,0
11901,1994,1,1,0,0,0,0,0,0,0,0
11915,1983,6,6,2,1,0,0,0,0,0,0
11915,1984,7,6,0,0,0,0,1,0,1,0
11933,1976,3,3,0,0,0,0,0,0,2,0
11933,1979,5,3,2,0,0,0,1,0,1,0
11933,1982,6,6,0,0,0,0,0,0,3,0
11946,1991,1,1,0,0,0,0,0,0,1,0
11950,1994,2,2,1,0,0,0,0,0,0,0
11950,1995,1,1,0,0,0,0,0,0,0,0
11950,1998,1,0,0,0,0,0,0,0,0,0
11960,1986,1,1,0,0,0,0,0,0,0,0
11964,1984,4,3,0,0,0,0,1,0,1,0
11964,1987,5,5,1,0,0,1,0,0,0,0
11964,1988,1,1,0,0,0,0,0,0,0,0
11964,1989,1,1,0,0,0,0,0,0,1,0
11971,1996,1,1,1,0,0,0,0,0,0,0
11971,1997,1,1,0,0,0,0,0,0,0,0
11980,1998,2,1,0,0,0,0,1,0,0,0
11986,1984,7,6,0,0,0,0,0,0,0,1
11986,1985,4,4,1,0,0,0,0,0,0,0
11986,1986,4,3,1,0,0,0,1,0,1,0
11994,1978,4,4,2,0,0,0,0,0,1,0
11994,1979,3,3,0,0,0,0,0,0,0,0
11999,1984,16,14,5,1,0,0,2,0,2,0
11999,1985,11,11,3,1,0,0,0,0,1,0
11999,1986,10,9,4,0,0,1,0,1,1,0
11999,1996,1,1,1,0,0,0,0,0,0,0
12014,1975,2,1,0,0,0,0,1,0,0,0
12021,1980,3,3,0,0,0,0,0,0,1,0
12035,1982,7,7,1,0,0,0,0,0,3,0
12035,1983,7,7,0,0,0,0,0,0,1,0
12035,1987,4,4,1,0,0,0,0,0,3,0
12035,1988,2,2,0,0,0,0,0,0,1,0
12040,1991,2,2,0,0,0,0,0,0,2,0
12040,1997,2,2,0,0,0,0,0,0,1,0
12054,1975,11,11,3,1,0,0,0,0,2,0
12054,1976,7,6,2,0,0,0,1,0,0,0
12054,1977,7,7,6,2,0,0,0,0,0,0
12054,1978,12,12,1,0,0,0,0,0,3,0
12054,1979,1,1,1,0,0,0,0,0,0,0
12054,1980,4,4,1,0,0,0,0,0,0,0
12054,1984,3,3,1,0,0,0,0,0,0,0
12054,1985,2,2,0,0,0,0,0,0,0,0
12054,1988,3,3,2,0,0,0,0,0,0,0
12054,1989,2,2,0,0,0,0,0,0,1,0
12059,1982,7,5,2,1,0,0,1,0,1,1
12059,1983,6,5,1,0,0,0,1,0,2,0
12059,1988,1,1,0,0,0,0,0,0,1,0
12062,1979,3,3,0,0,0,0,0,0,2,0
12062,1980,6,6,3,0,0,0,0,0,1,0
12062,1981,1,1,1,0,0,0,0,0,0,0
12062,1982,5,5,1,0,0,0,0,0,2,0
12062,1983,4,3,3,0,0,0,1,0,0,0
12062,1984,2,1,0,0,0,0,0,0,0,0
12062,1985,3,3,1,0,0,0,0,0,1,0
12071,1977,1,1,0,0,0,0,0,0,1,0
12071,1980,4,4,2,1,0,0,0,0,0,0
12071,1981,2,2,0,0,0,0,0,0,0,0
12071,1982,3,3,2,0,0,0,0,0,1,0
12071,1983,4,4,1,0,0,0,0,0,0,0
12071,1984,2,2,1,0,0,0,0,0,1,0
12081,1980,11,10,3,0,0,0,0,1,2,0
12113,1986,15,14,4,1,1,0,1,0,1,0
12113,1990,1,1,0,0,0,0,0,0,0,0
12133,1986,5,5,0,0,0,0,0,0,2,0
12140,1984,2,1,0,0,0,0,0,0,1,1
12140,1988,1,1,0,0,0,0,0,0,1,0
12202,1987,2,2,1,0,0,0,0,0,0,0
12202,1988,1,1,0,0,0,0,0,0,0,0
12202,1989,2,2,2,0,0,0,0,0,0,0
12202,1990,2,2,0,0,0,0,0,0,0,0
12202,1991,2,2,0,0,0,0,0,0,0,0
12202,1993,2,2,0,0,0,0,0,0,1,0
12202,1994,3,3,0,0,0,0,0,0,1,0
12202,1996,2,1,0,0,0,0,0,0,1,1
12204,1995,1,1,0,0,0,0,0,0,0,0
12207,1977,1,1,1,0,0,0,0,0,0,0
12207,1980,3,3,0,0,0,0,0,0,0,0
12207,1981,2,1,0,0,0,0,1,0,1,0
12207,1982,12,11,2,0,0,0,1,0,1,0
12207,1983,8,8,3,1,0,1,0,0,3,0
12207,1987,2,2,0,0,0,0,0,0,1,0
12207,1988,2,2,0,0,0,0,0,0,0,0
12207,1991,1,1,1,0,0,0,0,0,0,0
12213,1976,5,4,0,0,0,0,0,0,0,1
12213,1977,10,9,0,0,0,0,0,0,3,0
12213,1978,4,4,0,0,0,0,0,0,2,0
12213,1979,4,4,1,1,0,0,0,0,1,0
12213,1980,7,6,1,0,0,0,1,0,2,0
12213,1981,5,5,1,0,0,0,0,0,0,0
12213,1982,4,4,0,0,0,0,0,0,1,0
12213,1984,3,3,0,0,0,0,0,0,1,0
12213,1987,6,5,1,0,0,0,1,0,0,0
12213,1988,3,3,0,0,0,0,0,0,3,0
12213,1990,2,2,0,0,0,0,0,0,1,0
12221,1978,5,5,1,0,0,0,0,0,0,0
12221,1979,4,3,0,0,0,0,0,0,1,0
12221,1980,5,4,2,1,0,0,1,0,0,0
12221,1981,4,4,0,0,0,0,0,0,0,0
12221,1982,7,6,2,0,0,1,1,0,1,0
12221,1983,15,14,4,1,0,0,1,0,2,0
12221,1987,2,2,0,0,0,0,0,0,0,0
12221,1988,2,1,0,0,0,0,1,0,0,0
12221,1989,3,2,1,0,0,1,1,0,0,0
12221,1990,2,2,0,0,0,0,0,0,1,0
12221,1991,1,1,0,0,0,0,0,0,0,0
12221,1994,3,2,1,0,0,0,1,0,0,0
12224,1991,2,2,0,0,0,0,0,0,1,0
12224,1992,3,2,0,0,0,0,1,0,1,0
12224,1995,1,1,1,1,0,0,0,0,0,0
12224,1996,3,3,0,0,0,0,0,0,2,0
12231,1996,1,1,0,0,0,0,0,0,0,0
12231,1997,2,2,1,0,0,1,0,0,0,0
12233,1975,6,5,3,1,0,1,1,0,0,0
12233,1976,5,4,1,0,0,0,1,0,0,0
12233,1977,6,5,2,0,0,0,1,0,1,0
12233,1978,13,10,2,0,0,0,3,0,2,0
12233,1979,7,7,1,0,0,1,0,0,0,0
12239,1975,5,5,2,1,0,0,0,0,2,0
12239,1984,2,2,1,0,0,0,0,0,0,0
12239,1985,3,3,2,0,0,0,0,0,1,0
12249,1997,1,1,0,0,0,0,0,0,1,0
12268,1978,6,5,2,0,0,0,1,0,0,0
12268,1979,6,6,1,0,0,0,0,0,0,0
12268,1980,3,3,0,0,0,0,0,0,0,0
12268,1981,3,3,0,0,0,0,0,0,0,0
12268,1982,1,1,0,0,0,0,0,0,0,0
12268,1983,3,2,0,0,0,0,1,0,0,0
12277,1984,3,2,0,0,0,0,0,0,0,0
12277,1987,1,1,0,0,0,0,0,0,0,0
12277,1988,2,2,0,0,0,0,0,0,1,0
12277,1992,4,4,2,1,0,0,0,0,0,0
12281,1997,2,2,0,0,0,0,0,0,1,0
12289,1991,1,0,0,0,0,0,0,1,0,0
12289,1993,5,5,2,1,0,0,0,0,1,0
12289,1994,4,4,2,0,0,0,0,0,0,0
12289,1995,3,3,1,0,0,0,0,0,2,0
12292,1977,10,10,1,0,0,0,0,0,4,0
12292,1978,12,9,2,0,0,0,1,1,0,0
12292,1979,11,8,3,0,0,0,2,0,1,0
12292,1980,8,8,6,1,0,0,0,0,0,0
12292,1981,5,5,3,1,0,0,0,0,0,0
12294,1975,11,11,2,0,0,1,0,0,0,0
12294,1976,3,3,1,0,0,0,0,0,1,0
12310,1987,1,1,0,0,0,0,0,0,0,0
12310,1989,2,2,1,0,0,0,0,0,1,0
12311,1977,3,3,0,0,0,0,0,0,1,0
12319,1984,4,3,2,0,0,2,1,0,0,0
12319,1990,1,1,0,0,0,0,0,0,1,0
12328,1987,3,3,2,0,0,0,0,0,1,0
12328,1988,1,1,0,0,0,0,0,0,1,0
12328,1989,1,1,0,0,0,0,0,0,0,0
12333,1996,1,0,0,0,0,0,0,0,0,1
12333,1997,1,1,0,0,0,0,0,0,0,0
12344,1986,2,2,0,0,0,0,0,0,1,0
12366,1993,1,1,0,0,0,0,0,0,0,0
12371,1995,1,1,0,0,0,0,0,0,0,0
12371,1998,2,2,1,0,0,0,0,0,0,0
12372,1996,1,1,0,0,0,0,0,0,0,0
12376,1982,4,4,1,0,0,0,0,0,1,0
12376,1984,6,6,1,0,0,0,0,0,1,0
12376,1985,16,16,4,0,1,0,0,0,7,0
12376,1986,3,3,0,0,0,0,0,0,0,0
12376,1988,2,2,0,0,0,0,0,0,0,0
12386,1986,8,8,2,1,0,0,0,0,2,0
12386,1991,3,3,0,0,0,0,0,0,1,0
12402,1979,4,2,1,0,0,0,1,1,0,0
12402,1980,9,8,4,0,0,0,1,0,0,0
12402,1981,6,6,3,1,0,0,0,0,0,0
12402,1982,3,3,0,0,0,0,0,0,1,0
12402,1983,4,4,0,0,0,0,0,0,0,0
12402,1987,5,5,0,0,0,0,0,0,1,0
12402,1988,1,1,0,0,0,0,0,0,0,0
12402,1989,1,1,1,0,0,0,0,0,0,0
12402,1990,2,2,0,0,0,0,0,0,0,0
12414,1982,9,8,1,1,0,0,1,0,0,0
12414,1983,6,6,2,1,0,0,0,0,1,0
12414,1987,5,5,2,1,0,0,0,0,1,0
12414,1988,5,5,2,0,0,0,0,0,1,0
12414,1990,3,3,1,0,0,0,0,0,1,0
12414,1991,3,3,1,0,0,0,0,0,1,0
12414,1992,2,1,0,0,0,0,1,0,0,0
12414,1993,2,2,1,0,0,0,0,0,1,0
12414,1994,2,2,0,0,0,0,0,0,0,0
12421,1985,11,11,2,0,0,1,0,0,2,0
12421,1986,2,1,0,0,0,0,1,0,1,0
12421,1992,2,2,0,0,0,0,0,0,1,0
12448,1975,4,3,0,0,0,0,1,0,1,0
12448,1976,5,5,1,0,0,1,0,0,1,0
12448,1979,4,4,0,0,0,0,0,0,1,0
12448,1980,2,2,0,0,0,0,0,0,0,0
12448,1982,3,3,1,0,0,1,0,0,0,0
12448,1984,1,1,0,0,0,0,0,0,0,0
12448,1985,1,1,1,0,0,0,0,0,0,0
12449,1977,5,4,0,0,0,0,1,0,1,0
12449,1979,3,3,1,0,0,0,0,0,1,0
12465,1996,1,1,0,0,0,0,0,0,0,0
12465,1997,3,3,1,1,0,0,0,0,0,0
12471,1977,10,8,3,0,0,2,1,0,0,1
12471,1978,7,7,0,0,0,0,0,0,0,0
12471,1979,3,3,1,0,0,0,0,0,0,0
12471,1980,3,3,0,0,0,0,0,0,2,0
12471,1982,7,6,1,0,0,0,1,0,0,0
12481,1977,3,3,1,0,0,0,0,0,0,0
12493,1986,2,2,0,0,0,0,0,0,0,0
12515,1989,1,1,0,0,0,0,0,0,1,0
12515,1990,3,3,0,0,0,0,0,0,1,0
12515,1991,2,2,1,1,0,0,0,0,0,0
12525,1982,11,10,2,0,0,0,1,0,2,0
12525,1983,10,10,2,0,0,0,0,0,0,0
12525,1984,4,4,2,2,0,0,0,0,0,0
12525,1986,1,1,0,0,0,0,0,0,0,0
12543,1976,9,9,3,1,0,0,0,0,2,0
12543,1977,3,3,1,0,0,0,0,0,0,0
12543,1978,9,8,1,0,0,0,1,0,0,0
12543,1979,5,5,3,0,0,0,0,0,0,0
12543,1980,4,4,0,0,0,0,0,0,1,0
12543,1982,5,4,1,0,0,0,1,0,2,0
12543,1983,6,5,2,1,0,0,1,0,0,0
12543,1987,1,1,0,0,0,0,0,0,0,0
12547,1977,7,7,0,0,0,0,0,0,5,0
12548,1984,9,9,2,1,0,0,0,0,0,0
12548,1986,4,4,1,1,0,0,0,0,0,0
12564,1975,5,5,1,0,0,0,0,0,1,0
12564,1976,11,10,1,0,0,0,1,0,2,0
12564,1977,12,11,5,2,0,0,0,1,0,0
12586,1983,3,3,0,0,0,0,0,0,1,0
12586,1984,3,3,1,0,0,0,0,0,1,0
12589,1985,1,0,0,0,0,0,1,0,0,0
12589,1986,3,3,1,0,0,0,0,0,0,0
12606,1996,1,0,0,0,0,0,1,0,0,0
12607,1998,1,1,0,0,0,0,0,0,0,0
12610,1984,3,3,1,0,0,0,0,0,1,0
12610,1986,1,1,0,0,0,0,0,0,1,0
12615,1997,3,3,1,1,0,0,0,0,0,0
12618,1987,2,2,1,0,0,0,0,0,0,0
12623,1975,8,7,0,0,0,0,0,0,3,0
12623,1976,12,11,2,0,0,0,1,0,3,0
12623,1977,15,15,3,0,0,0,0,0,5,0
12623,1978,4,4,1,0,0,0,0,0,1,0
12623,1979,8,7,3,0,1,1,0,0,0,1
12623,1980,9,9,0,0,0,0,0,0,1,0
12623,1981,4,4,2,1,0,0,0,0,0,0
12623,1982,12,12,4,1,0,0,0,0,2,0
12623,1983,7,7,3,1,0,0,0,0,1,0
12623,1988,2,0,0,0,0,0,2,0,0,0
12623,1989,1,1,0,0,0,0,0,0,0,0
12623,1991,1,1,1,0,0,1,0,0,0,0
12623,1992,3,2,1,0,0,0,0,0,0,0
12623,1993,3,3,0,0,0,0,0,0,3,0
12642,1997,1,1,0,0,0,0,0,0,0,0
12648,1977,3,3,2,1,0,0,0,0,0,0
12651,1996,2,2,0,0,0,0,0,0,1,0
12651,1997,4,4,1,0,0,0,0,0,1,0
12651,1998,2,2,1,0,0,0,0,0,0,0
12670,1977,6,5,2,0,1,1,1,0,1,0
12670,1978,9,8,2,0,0,0,1,0,2,0
12670,1979,16,15,3,1,0,0,0,0,3,1
12670,1981,2,2,1,0,0,0,0,0,0,0
12670,1983,3,3,1,1,0,0,0,0,1,0
12675,1996,1,1,0,0,0,0,0,0,0,0
12682,1993,1,1,0,0,0,0,0,0,1,0
12684,1989,1,1,0,0,0,0,0,0,1,0
