1,1970,1,0,0,0,0,0,1,0,0,0
1,1973,5,2,1,1,0,0,2,1,1,0
1,1974,3,2,1,0,0,1,1,0,0,0
19,1991,6,5,1,0,0,0,1,0,1,0
55,1975,1,1,0,0,0,0,0,0,0,0
55,1976,2,2,1,1,0,0,0,0,0,0
55,1980,1,1,0,0,0,0,0,0,0,0
55,1981,4,3,0,0,0,0,1,0,1,0
75,1988,3,3,0,0,0,0,0,0,0,0
88,1973,1,1,0,0,0,0,0,0,0,0
92,1980,1,0,0,0,0,0,1,0,0,0
92,1988,3,3,2,1,0,0,0,0,1,0
102,1980,3,3,1,0,0,0,0,0,0,0
102,1981,2,1,1,0,0,0,1,0,0,0
102,1982,11,11,1,0,0,0,0,0,1,0
102,1983,8,6,1,0,0,0,2,0,1,0
102,1984,4,4,1,0,0,0,0,0,0,0
102,1985,2,1,0,0,0,0,1,0,0,0
103,1980,3,3,0,0,0,0,0,0,1,0
103,1981,1,1,0,0,0,0,0,0,0,0
133,1991,5,5,3,1,0,1,0,0,0,0
140,1976,1,0,0,0,0,0,1,0,0,0
140,1977,2,0,0,0,0,0,2,0,0,0
140,1980,2,2,0,0,0,0,0,0,1,0
152,1993,7,6,1,0,0,0,0,1,0,0
152,1994,1,1,0,0,0,0,0,0,0,0
153,1986,5,3,1,0,0,0,1,1,0,0
153,1987,3,2,0,0,0,0,0,0,1,1
153,1988,13,13,3,0,0,0,0,0,2,0
153,1989,6,4,1,0,0,1,1,1,1,0
164,1975,1,1,0,0,0,0,0,0,0,0
164,1976,5,5,1,0,0,0,0,0,1,0
165,1980,2,1,0,0,0,0,1,0,1,0
165,1981,1,1,0,0,0,0,0,0,0,0
165,1983,3,2,1,0,0,0,1,0,0,0
176,1980,1,1,0,0,0,0,0,0,0,0
189,1975,2,2,1,0,0,0,0,0,0,0
189,1977,7,5,2,1,0,0,1,0,0,0
189,1978,3,3,0,0,0,0,0,0,1,0
189,1979,2,1,0,0,0,0,1,0,0,0
189,1981,3,3,1,0,0,0,0,0,1,0
189,1982,3,3,0,0,0,0,0,0,0,0
189,1983,7,6,3,0,0,0,1,0,0,0
196,1991,13,12,0,0,0,0,0,0,1,1
196,1992,6,4,1,0,0,0,2,0,0,0
197,1991,1,1,1,1,0,0,0,0,0,0
197,1992,4,4,1,0,0,0,0,0,1,0
202,1978,2,1,0,0,0,0,1,0,1,0
202,1979,1,0,0,0,0,0,1,0,0,0
203,1993,3,2,2,1,0,0,1,0,0,0
203,1994,4,2,2,0,0,1,1,1,0,0
204,1970,1,1,0,0,0,0,0,0,0,0
204,1974,1,1,0,0,0,0,0,0,0,0
247,1992,3,3,0,0,0,0,0,0,0,0
260,1988,8,8,0,0,0,0,0,0,4,0
260,1989,6,6,2,0,0,0,0,0,1,0
260,1991,3,2,0,0,0,0,0,1,0,0
260,1992,8,7,4,0,0,0,1,0,1,0
279,1981,3,1,1,1,0,0,2,0,0,0
285,1989,2,2,0,0,0,0,0,0,1,0
292,1973,3,2,0,0,0,0,0,0,0,1
292,1975,1,1,0,0,0,0,0,0,0,0
292,1976,2,2,1,0,0,0,0,0,0,0
292,1977,2,2,0,0,0,0,0,0,1,0
311,1975,2,2,1,0,0,0,0,0,0,0
311,1976,5,5,1,1,0,0,0,0,0,0
311,1977,5,4,1,0,0,0,1,0,0,0
314,1976,1,1,0,0,0,0,0,0,0,0
314,1977,1,1,0,0,0,0,0,0,0,0
314,1980,1,0,0,0,0,0,0,0,0,0
321,1993,7,7,2,1,0,0,0,0,2,0
363,1981,7,7,0,0,0,0,0,0,4,0
363,1982,8,8,2,0,0,0,0,0,2,0
363,1983,4,4,0,0,0,0,0,0,3,0
363,1984,15,13,5,0,0,4,2,0,2,0
363,1985,6,6,0,0,0,0,0,0,3,0
363,1986,4,4,2,0,0,0,0,0,0,0
363,1987,8,7,1,0,0,0,0,0,1,1
363,1988,1,1,0,0,0,0,0,0,1,0
363,1989,3,3,0,0,0,0,0,0,0,0
365,1973,1,0,0,0,0,0,0,0,0,0
365,1975,1,0,0,0,0,0,0,1,0,0
365,1976,2,2,1,0,0,0,0,0,1,0
396,1979,4,3,1,0,0,0,1,0,0,0
396,1980,1,1,1,0,0,0,0,0,0,0
403,1976,1,1,0,0,0,0,0,0,0,0
403,1977,3,2,0,0,0,0,1,0,0,0
403,1978,3,2,1,0,0,0,1,0,0,0
404,1993,3,3,1,0,0,0,0,0,0,0
409,1976,1,0,0,0,0,0,0,0,0,0
409,1977,4,3,0,0,0,0,1,0,2,0
409,1980,1,1,1,0,0,0,0,0,0,0
426,1978,1,0,0,0,0,0,1,0,0,0
426,1980,1,0,0,0,0,0,0,0,0,0
426,1981,1,1,0,0,0,0,0,0,0,0
435,1993,3,3,0,0,0,0,0,0,1,0
435,1994,6,4,1,0,0,0,1,0,1,0
454,1979,1,1,1,0,0,0,0,0,0,0
474,1989,7,6,0,0,0,0,0,0,2,1
483,1991,5,3,2,0,0,2,2,0,0,0
483,1992,4,3,1,0,0,0,1,0,0,0
492,1993,13,10,4,2,1,0,2,0,0,1
495,1980,3,3,0,0,0,0,0,0,0,0
497,1974,1,0,0,0,0,0,1,0,0,0
497,1975,1,0,0,0,0,0,1,0,0,0
497,1976,5,4,0,0,0,0,1,0,1,0
497,1977,1,1,0,0,0,0,0,0,0,0
508,1980,1,1,0,0,0,0,0,0,1,0
508,1981,1,1,1,0,0,0,0,0,0,0
508,1982,3,3,0,0,0,0,0,0,0,0
508,1983,7,5,2,1,0,1,2,0,1,0
508,1984,14,12,7,0,1,1,2,0,1,0
508,1985,11,11,1,0,0,0,0,0,1,0
508,1986,11,11,3,0,0,0,0,0,2,0
508,1987,9,7,3,0,0,0,2,0,0,0
508,1988,12,12,2,1,0,1,0,0,1,0
508,1990,8,8,2,0,0,1,0,0,1,0
508,1991,7,5,0,0,0,0,2,0,0,0
508,1992,15,15,4,2,0,1,0,0,0,0
514,1978,1,1,0,0,0,0,0,0,0,0
514,1981,1,1,0,0,0,0,0,0,0,0
515,1984,3,3,0,0,0,0,0,0,1,0
516,1973,5,5,2,0,0,0,0,0,1,0
516,1974,3,1,0,0,0,0,2,0,0,0
516,1975,2,2,1,0,0,0,0,0,0,0
516,1986,3,2,0,0,0,0,1,0,1,0
534,1985,11,11,2,0,0,0,0,0,1,0
534,1986,7,7,0,0,0,0,0,0,1,0
534,1987,7,7,2,0,0,2,0,0,3,0
534,1988,9,8,0,0,0,0,1,0,2,0
545,1979,2,2,0,0,0,0,0,0,1,0
558,1983,2,2,1,0,0,0,0,0,1,0
558,1985,4,2,0,0,0,0,2,0,1,0
558,1987,6,6,1,0,0,0,0,0,2,0
571,1994,2,1,1,0,0,0,0,0,0,0
573,1980,1,1,1,0,0,0,0,0,0,0
573,1983,7,7,2,1,1,0,0,0,2,0
596,1984,2,2,1,0,0,0,0,0,1,0
596,1985,11,9,1,0,0,1,2,0,5,0
596,1986,7,4,2,1,0,1,3,0,0,0
596,1987,7,7,1,0,0,0,0,0,2,0
596,1988,7,6,2,0,0,1,1,0,1,0
596,1989,10,7,3,0,0,1,3,0,0,0
596,1990,9,8,0,0,0,0,1,0,2,0
649,1973,3,3,0,0,0,0,0,0,1,0
649,1978,1,1,0,0,0,0,0,0,0,0
654,1984,12,9,2,1,0,0,3,0,1,0
654,1985,8,8,1,0,0,0,0,0,1,0
654,1986,6,5,3,0,0,0,1,0,1,0
654,1987,7,7,0,0,0,0,0,0,0,0
654,1988,12,9,0,0,0,0,3,0,2,0
666,1974,1,1,0,0,0,0,0,0,0,0
684,1993,5,4,2,1,0,1,1,0,0,0
697,1993,3,3,1,0,0,0,0,0,0,0
697,1994,4,4,3,0,0,0,0,0,1,0
728,1982,9,6,1,0,0,0,1,2,3,0
728,1983,7,6,1,0,0,0,1,0,1,0
728,1984,8,7,2,1,0,0,0,0,0,1
728,1986,4,2,0,0,0,0,0,2,1,0
728,1987,15,10,2,0,0,0,2,3,2,0
728,1988,6,5,1,0,0,1,1,0,1,0
734,1978,2,2,0,0,0,0,0,0,0,0
738,1987,4,4,0,0,0,0,0,0,3,0
760,1970,3,3,0,0,0,0,0,0,0,0
760,1973,2,2,1,1,0,0,0,0,0,0
760,1974,1,1,0,0,0,0,0,0,0,0
788,1980,2,1,0,0,0,0,1,0,1,0
805,1992,6,6,3,0,1,0,0,0,1,0
805,1993,9,9,3,0,0,0,0,0,3,0
805,1994,7,7,3,0,0,2,0,0,1,0
809,1984,8,8,1,1,0,0,0,0,1,0
809,1985,12,12,5,1,0,1,0,0,1,0
809,1986,7,5,2,0,0,0,2,0,0,0
809,1987,11,11,2,0,0,1,0,0,3,0
809,1988,6,6,2,1,0,0,0,0,0,0
809,1989,6,4,1,1,0,0,2,0,0,0
809,1990,6,5,0,0,0,0,0,0,1,1
813,1987,3,2,0,0,0,0,0,0,1,0
813,1988,6,5,2,0,0,0,1,0,1,0
813,1993,13,13,4,0,0,1,0,0,3,0
813,1994,3,3,1,1,0,0,0,0,1,0
814,1991,1,1,1,0,0,1,0,0,0,0
814,1992,4,4,1,0,0,0,0,0,0,0
815,1991,7,6,3,0,1,0,0,0,1,1
815,1994,2,1,1,0,0,0,0,0,0,1
819,1980,1,1,0,0,0,0,0,0,1,0
823,1993,2,2,1,0,0,0,0,0,0,0
823,1994,3,3,0,0,0,0,0,0,1,0
841,1993,3,3,0,0,0,0,0,0,0,0
843,1970,1,1,0,0,0,0,0,0,0,0
843,1971,1,1,1,0,0,0,0,0,0,0
843,1972,1,1,0,0,0,0,0,0,1,0
843,1973,5,3,0,0,0,0,2,0,1,0
843,1974,5,3,0,0,0,0,2,0,0,0
843,1975,3,2,0,0,0,0,1,0,1,0
843,1976,7,4,1,0,0,0,3,0,1,0
843,1977,2,2,0,0,0,0,0,0,1,0
843,1978,4,3,1,0,0,0,1,0,2,0
843,1979,4,3,0,0,0,0,1,0,0,0
843,1980,1,0,0,0,0,0,1,0,0,0
847,1979,6,4,0,0,0,0,2,0,0,0
847,1980,1,1,0,0,0,0,0,0,1,0
850,1980,1,1,0,0,0,0,0,0,0,0
850,1985,4,3,0,0,0,0,1,0,0,0
850,1986,4,4,1,0,0,1,0,0,2,0
850,1987,7,6,0,0,0,0,0,1,0,0
865,1985,3,3,0,0,0,0,0,0,0,0
867,1987,6,5,1,0,0,0,1,0,3,0
867,1988,3,3,1,0,0,0,0,0,1,0
867,1991,2,2,1,0,0,0,0,0,0,0
867,1994,5,4,0,0,0,0,0,1,3,0
877,1978,2,1,0,0,0,0,1,0,0,0
877,1979,1,1,1,0,0,0,0,0,0,0
877,1984,8,7,1,0,0,1,1,0,1,0
877,1985,7,6,0,0,0,0,1,0,1,0
877,1987,1,0,0,0,0,0,0,0,0,1
877,1988,4,4,1,0,0,0,0,0,1,0
877,1989,3,2,1,0,0,1,1,0,0,0
877,1990,3,3,0,0,0,0,0,0,0,0
877,1991,7,7,0,0,0,0,0,0,1,0
896,1980,1,1,1,0,0,0,0,0,0,0
896,1981,2,2,1,0,1,0,0,0,1,0
896,1982,4,4,1,0,1,0,0,0,0,0
896,1983,3,3,1,0,0,0,0,0,1,0
896,1984,10,8,2,0,1,0,2,0,1,0
896,1985,9,6,1,0,0,0,2,1,0,0
896,1986,6,6,0,0,0,0,0,0,0,0
896,1987,13,12,0,0,0,0,1,0,4,0
901,1986,3,2,0,0,0,0,1,0,0,0
902,1993,2,2,0,0,0,0,0,0,1,0
908,1993,3,3,1,0,0,1,0,0,0,0
908,1994,2,1,0,0,0,0,0,0,1,0
935,1984,2,1,0,0,0,0,1,0,1,0
935,1986,1,1,0,0,0,0,0,0,0,0
935,1987,1,1,1,0,0,0,0,0,0,0
942,1989,3,2,0,0,0,0,1,0,0,0
942,1990,3,3,1,1,0,0,0,0,0,0
942,1991,8,5,2,1,0,0,1,0,0,1
942,1993,6,5,0,0,0,0,1,0,1,0
942,1994,6,6,1,0,0,0,0,0,0,0
954,1993,13,10,4,1,0,0,3,0,2,0
957,1975,2,2,1,1,0,0,0,0,0,0
957,1976,1,1,0,0,0,0,0,0,0,0
957,1977,1,1,0,0,0,0,0,0,0,0
957,1979,3,3,1,0,0,0,0,0,0,0
964,1973,1,0,0,0,0,0,0,0,0,0
964,1974,1,1,1,0,0,0,0,0,0,0
964,1975,1,0,0,0,0,0,1,0,0,0
965,1979,2,2,0,0,0,0,0,0,2,0
997,1979,1,1,0,0,0,0,0,0,0,0
1013,1989,3,2,1,0,0,0,1,0,1,0
1013,1992,12,10,2,1,0,0,1,1,4,0
1014,1975,1,1,0,0,0,0,0,0,0,0
1014,1980,2,2,0,0,0,0,0,0,0,0
1023,1970,1,1,0,0,0,0,0,0,0,0
1026,1993,6,5,4,0,0,1,1,0,0,0
1026,1994,3,3,2,0,0,0,0,0,0,0
1045,1990,5,5,2,0,0,1,0,0,0,0
1050,1978,1,0,0,0,0,0,1,0,0,0
1054,1973,1,1,0,0,0,0,0,0,0,0
1055,1980,1,1,1,0,0,0,0,0,0,0
1055,1981,4,4,0,0,0,0,0,0,0,0
1055,1982,10,8,2,0,0,1,2,0,1,0
1055,1984,8,7,4,1,0,0,1,0,0,0
1055,1985,6,6,2,0,0,0,0,0,2,0
1055,1986,10,9,2,1,0,1,1,0,2,0
1056,1978,1,1,0,0,0,0,0,0,0,0
1056,1979,4,2,0,0,0,0,2,0,0,0
1066,1993,6,6,2,0,0,0,0,0,0,0
1071,1980,1,1,0,0,0,0,0,0,0,0
1072,1982,8,7,4,1,0,0,1,0,0,0
1072,1983,4,4,1,0,0,0,0,0,0,0
1072,1984,17,15,6,2,0,0,2,0,0,0
1072,1985,11,11,2,0,0,0,0,0,3,0
1072,1986,4,4,2,0,0,1,0,0,0,0
1072,1987,14,12,4,0,0,2,1,0,1,1
1072,1988,12,9,2,0,0,0,2,0,0,1
1072,1989,8,6,3,0,0,0,2,0,0,0
1072,1990,8,7,1,0,0,0,1,0,0,0
1072,1991,4,4,0,0,0,0,0,0,0,0
1072,1992,1,1,0,0,0,0,0,0,0,0
1079,1976,2,2,0,0,0,0,0,0,1,0
1079,1977,6,3,1,0,0,0,2,0,0,1
1079,1978,2,2,0,0,0,0,0,0,0,0
1084,1993,2,1,1,0,0,1,1,0,0,0
1093,1994,6,5,1,0,0,0,1,0,1,0
1094,1970,1,1,0,0,0,0,0,0,0,0
1094,1973,3,1,0,0,0,0,1,1,1,0
1094,1974,5,5,0,0,0,0,0,0,1,0
1094,1980,1,0,0,0,0,0,1,0,0,0
1099,1973,1,1,0,0,0,0,0,0,0,0
1099,1974,1,1,0,0,0,0,0,0,1,0
1099,1978,3,2,0,0,0,0,1,0,0,0
1100,1986,4,3,0,0,0,0,1,0,0,0
1100,1993,9,9,1,0,0,0,0,0,3,0
1100,1994,5,4,2,0,0,0,1,0,0,0
1103,1986,4,3,1,0,1,0,1,0,1,0
1107,1977,2,2,0,0,0,0,0,0,0,0
1107,1978,3,3,0,0,0,0,0,0,0,0
1107,1979,7,5,3,0,0,2,2,0,0,0
1107,1981,1,1,1,0,0,0,0,0,0,0
1107,1983,7,7,3,1,0,1,0,0,1,0
1107,1984,3,3,1,0,0,0,0,0,1,0
1107,1986,3,3,0,0,0,0,0,0,1,0
1115,1973,4,4,1,1,0,0,0,0,1,0
1115,1974,1,0,0,0,0,0,1,0,0,0
1115,1976,6,4,1,0,0,0,2,0,2,0
1115,1977,4,4,3,0,0,0,0,0,0,0
1115,1978,4,3,0,0,0,0,1,0,1,0
1115,1979,6,6,2,1,0,0,0,0,1,0
1115,1980,2,0,0,0,0,0,2,0,0,0
1115,1982,5,5,2,1,0,0,0,0,1,0
1115,1983,3,3,1,1,0,0,0,0,0,0
1115,1984,8,8,1,1,0,0,0,0,0,0
1115,1985,6,5,0,0,0,0,1,0,2,0
1115,1986,2,1,0,0,0,0,1,0,0,0
1115,1987,9,9,1,0,0,0,0,0,1,0
1115,1988,7,5,0,0,0,0,1,1,0,0
1115,1989,8,8,1,0,0,0,0,0,2,0
1116,1994,7,6,0,0,0,0,1,0,0,0
1125,1976,1,1,0,0,0,0,0,0,0,0
1128,1991,2,2,1,1,0,0,0,0,1,0
1128,1992,11,9,3,0,0,0,2,0,0,0
1129,1990,3,3,1,0,0,0,0,0,1,0
1129,1991,9,9,3,0,0,1,0,0,0,0
1129,1992,5,5,0,0,0,0,0,0,1,0
1148,1980,2,1,1,0,0,0,0,0,0,0
1152,1984,3,3,3,0,1,0,0,0,0,0
1152,1985,11,11,4,1,0,1,0,0,2,0
1152,1986,8,8,2,0,0,0,0,0,2,0
1152,1987,6,3,1,0,0,0,3,0,2,0
1152,1988,4,4,0,0,0,0,0,0,1,0
1152,1989,4,4,3,0,0,1,0,0,0,0
1152,1993,7,6,2,0,0,0,1,0,1,0
1155,1974,1,1,1,0,0,0,0,0,0,0
1155,1975,1,1,0,0,0,0,0,0,1,0
1155,1976,4,4,1,0,0,0,0,0,0,0
1155,1977,6,6,0,0,0,0,0,0,1,0
1159,1993,3,3,0,0,0,0,0,0,0,0
1179,1973,2,2,0,0,0,0,0,0,0,0
1179,1975,1,1,0,0,0,0,0,0,0,0
1179,1976,5,5,3,0,0,0,0,0,0,0
1179,1977,2,2,0,0,0,0,0,0,0,0
1179,1978,5,5,3,2,0,0,0,0,0,0
1179,1979,4,3,0,0,0,0,1,0,0,0
1179,1980,2,1,0,0,0,0,0,1,0,0
1207,1970,2,2,1,0,0,1,0,0,0,0
1207,1971,1,1,0,0,0,0,0,0,0,0
1234,1983,4,4,0,0,0,0,0,0,0,0
1234,1984,1,1,0,0,0,0,0,0,1,0
1234,1985,4,4,1,1,0,0,0,0,0,0
1234,1986,7,5,3,0,0,0,2,0,0,0
1234,1987,11,11,6,3,0,0,0,0,1,0
1234,1989,7,7,2,0,0,0,0,0,0,0
1234,1990,16,15,3,1,0,1,1,0,0,0
1236,1986,4,3,1,1,0,0,1,0,0,0
1236,1987,7,7,1,0,0,0,0,0,0,0
1236,1989,9,8,2,0,0,0,0,0,0,1
1236,1991,3,3,0,0,0,0,0,0,0,0
1242,1986,3,3,2,0,0,1,0,0,0,0
1242,1987,2,1,0,0,0,0,1,0,1,0
1242,1988,2,2,2,0,0,0,0,0,0,0
1242,1989,1,0,0,0,0,0,1,0,0,0
1247,1993,4,4,2,0,0,0,0,0,0,0
1247,1994,2,2,0,0,0,0,0,0,0,0
1249,1987,3,3,1,0,0,0,0,0,1,0
1249,1988,10,10,3,0,0,0,0,0,2,0
1262,1980,4,3,0,0,0,0,1,0,2,0
1273,1993,5,5,0,0,0,0,0,0,0,0
1291,1980,3,3,1,0,0,0,0,0,0,0
1291,1981,2,2,2,1,0,0,0,0,0,0
1291,1982,17,15,2,1,0,0,2,0,4,0
1291,1983,12,10,2,2,0,0,2,0,0,0
1291,1984,7,7,1,0,0,0,0,0,1,0
1291,1985,11,7,4,0,0,2,4,0,1,0
1291,1986,8,7,0,0,0,0,1,0,1,0
1291,1987,8,6,1,0,0,0,2,0,2,0
1291,1988,10,8,3,0,0,0,2,0,1,0
1291,1989,8,7,2,0,0,1,1,0,0,0
1291,1990,10,7,1,0,0,0,3,0,0,0
1291,1991,8,7,2,0,0,0,0,0,1,1
1291,1992,5,4,2,0,0,0,1,0,1,0
1292,1973,2,2,1,0,0,1,0,0,0,0
1292,1974,1,0,0,0,0,0,1,0,0,0
1300,1993,4,4,1,0,0,0,0,0,2,0
1312,1979,1,1,0,0,0,0,0,0,1,0
1319,1988,5,5,1,0,0,0,0,0,1,0
1319,1989,13,9,2,1,0,0,3,1,1,0
1319,1990,6,4,3,0,0,0,2,0,0,0
1319,1991,7,6,2,0,1,0,1,0,2,0
1319,1992,11,10,1,0,0,0,1,0,0,0
1344,1987,2,1,0,0,0,0,1,0,0,0
1344,1988,2,1,1,0,0,0,1,0,0,0
1344,1991,1,0,0,0,0,0,1,0,0,0
1345,1971,1,1,1,0,0,1,0,0,0,0
1345,1974,3,3,1,0,1,0,0,0,1,0
1345,1975,2,1,1,0,0,0,1,0,0,0
1345,1976,1,1,1,0,0,0,0,0,0,0
1345,1977,3,2,1,0,0,0,1,0,1,0
1345,1978,1,0,0,0,0,0,1,0,0,0
1345,1979,2,2,0,0,0,0,0,0,0,0
1358,1992,3,3,1,0,0,0,0,0,0,0
1361,1980,1,1,0,0,0,0,0,0,0,0
1361,1981,3,2,1,0,0,0,0,1,0,0
1361,1982,3,3,2,0,0,0,0,0,0,0
1361,1983,4,3,2,0,0,0,1,0,0,0
1361,1984,3,3,1,0,0,0,0,0,0,0
1361,1985,10,10,3,0,0,1,0,0,2,0
1361,1987,4,4,1,0,0,0,0,0,1,0
1361,1988,3,2,1,0,0,1,0,0,0,0
1361,1990,3,3,2,0,0,0,0,0,0,0
1370,1980,2,2,0,0,0,0,0,0,0,0
1370,1981,3,3,0,0,0,0,0,0,1,0
1370,1983,3,3,0,0,0,0,0,0,3,0
1374,1982,4,4,1,0,0,0,0,0,1,0
1382,1989,4,4,0,0,0,0,0,0,1,0
1386,1981,1,1,0,0,0,0,0,0,0,0
1386,1983,8,8,1,0,0,0,0,0,1,0
1397,1989,7,7,0,0,0,0,0,0,2,0
1397,1990,4,3,1,0,0,1,0,0,1,1
1397,1991,6,6,0,0,0,0,0,0,0,0
1397,1992,3,3,1,0,0,0,0,0,0,0
1398,1993,4,4,1,0,0,0,0,0,1,0
1410,1976,2,2,1,0,0,0,0,0,0,0
1413,1983,3,3,0,0,0,0,0,0,0,0
1413,1984,8,7,4,1,1,0,1,0,1,0
1413,1985,4,4,1,0,0,0,0,0,0,0
1413,1988,2,2,0,0,0,0,0,0,1,0
1420,1974,2,2,0,0,0,0,0,0,2,0
1420,1976,4,4,0,0,0,0,0,0,1,0
1449,1993,4,4,1,1,0,0,0,0,0,0
1449,1994,3,2,1,0,0,0,1,0,0,0
1458,1982,7,7,2,1,0,0,0,0,2,0
1458,1983,7,6,1,0,0,1,1,0,1,0
1458,1984,9,9,2,0,0,0,0,0,2,0
1458,1985,11,7,2,1,0,0,4,0,0,0
1458,1986,14,14,1,1,0,0,0,0,3,0
1458,1987,8,6,1,0,0,0,2,0,2,0
1458,1990,8,6,1,1,0,0,2,0,0,0
1458,1991,1,0,0,0,0,0,1,0,0,0
1458,1992,3,2,0,0,0,0,1,0,0,0
1471,1978,1,1,0,0,0,0,0,0,0,0
1483,1977,4,3,1,1,0,0,0,0,0,1
1483,1978,3,2,0,0,0,0,1,0,0,0
1483,1979,9,8,5,0,0,1,1,0,0,0
1483,1984,8,7,2,0,0,0,1,0,1,0
1483,1985,10,10,5,2,0,0,0,0,0,0
1483,1986,4,3,0,0,0,0,1,0,0,0
1483,1987,12,12,3,0,0,0,0,0,3,0
1483,1988,7,7,1,0,0,0,0,0,2,0
1494,1991,8,6,1,0,0,0,2,0,2,0
1502,1988,4,2,0,0,0,0,2,0,0,0
1502,1989,4,4,1,1,0,0,0,0,0,0
1502,1990,3,2,0,0,0,0,1,0,0,0
1502,1991,3,3,0,0,0,0,0,0,1,0
1502,1992,10,8,4,3,0,0,2,0,1,0
1508,1981,3,3,0,0,0,0,0,0,3,0
1513,1980,7,5,3,1,0,0,2,0,2,0
1513,1981,3,2,1,0,0,0,1,0,0,0
1513,1982,4,3,0,0,0,0,1,0,0,0
1513,1983,6,6,2,0,0,0,0,0,0,0
1513,1984,4,4,3,0,0,0,0,0,0,0
1543,1987,7,7,1,0,0,0,0,0,0,0
1543,1988,9,8,2,1,0,0,1,0,3,0
1543,1989,4,4,2,1,0,1,0,0,0,0
1543,1990,6,6,1,0,0,1,0,0,0,0
1543,1992,1,0,0,0,0,0,1,0,0,0
1543,1994,3,2,0,0,0,0,1,0,0,0
1555,1980,3,3,0,0,0,0,0,0,1,0
1555,1986,3,3,0,0,0,0,0,0,0,0
1555,1987,8,8,1,0,0,0,0,0,0,0
1564,1993,6,5,3,1,0,2,1,0,0,0
1573,1977,14,11,0,0,0,0,3,0,5,0
1573,1978,3,3,0,0,0,0,0,0,0,0
1573,1979,6,4,0,0,0,0,2,0,1,0
1573,1980,2,2,1,0,0,0,0,0,0,0
1573,1981,5,3,0,0,0,0,2,0,1,0
1573,1982,4,4,1,1,0,0,0,0,1,0
1573,1984,4,2,0,0,0,0,2,0,1,0
1600,1982,5,5,1,0,0,1,0,0,1,0
1600,1983,5,5,1,0,0,0,0,0,2,0
1600,1984,7,7,0,0,0,0,0,0,2,0
1600,1985,1,1,0,0,0,0,0,0,0,0
1600,1986,5,5,0,0,0,0,0,0,1,0
1600,1987,8,7,2,0,0,1,0,0,0,1
1600,1988,5,3,2,0,0,0,2,0,0,0
1600,1989,6,5,3,2,0,0,1,0,2,0
1600,1990,3,2,0,0,0,0,1,0,1,0
1604,1973,2,2,0,0,0,0,0,0,2,0
1604,1974,1,1,0,0,0,0,0,0,1,0
1608,1981,3,3,0,0,0,0,0,0,2,0
1608,1987,4,4,0,0,0,0,0,0,0,0
1610,1984,15,13,2,0,0,0,1,0,2,0
1610,1985,14,14,4,0,1,0,0,0,2,0
1610,1986,6,5,2,1,0,0,1,0,1,0
1610,1987,12,12,4,0,1,0,0,0,1,0
1610,1993,6,6,1,0,0,0,0,0,2,0
1610,1994,3,3,1,0,1,0,0,0,0,0
1640,1975,2,2,0,0,0,0,0,0,1,0
1640,1976,6,6,0,0,0,0,0,0,1,0
1640,1977,7,7,2,1,1,0,0,0,3,0
1640,1978,4,4,0,0,0,0,0,0,2,0
1640,1979,10,8,2,0,1,0,1,1,1,0
1640,1980,1,1,0,0,0,0,0,0,0,0
1640,1982,8,8,0,0,0,0,0,0,2,0
1640,1983,4,3,0,0,0,0,1,0,1,0
1673,1985,3,3,0,0,0,0,0,0,0,0
1673,1987,5,5,2,0,0,1,0,0,2,0
1673,1988,5,5,0,0,0,0,0,0,2,0
1673,1989,4,3,0,0,0,0,1,0,1,0
1673,1990,12,11,3,0,0,0,1,0,1,0
1685,1970,3,2,2,0,0,1,1,0,0,0
1705,1993,10,10,2,0,0,1,0,0,2,0
1710,1983,8,8,2,1,0,0,0,0,1,0
1713,1977,1,1,1,0,0,0,0,0,0,0
1729,1980,1,1,0,0,0,0,0,0,1,0
1741,1976,2,1,0,0,0,0,1,0,0,0
1741,1978,1,1,0,0,0,0,0,0,1,0
1741,1979,2,2,1,0,0,0,0,0,0,0
1745,1986,10,7,1,0,0,0,2,1,0,0
1745,1992,3,3,0,0,0,0,0,0,0,0
1745,1994,2,2,0,0,0,0,0,0,1,0
1750,1974,1,1,0,0,0,0,0,0,0,0
1753,1977,1,1,0,0,0,0,0,0,1,0
1753,1980,4,4,0,0,0,0,0,0,0,0
1757,1986,9,7,2,0,0,1,2,0,3,0
1757,1987,14,11,0,0,0,0,3,0,4,0
1757,1988,13,12,4,0,0,0,1,0,2,0
1757,1989,3,3,0,0,0,0,0,0,2,0
1757,1990,8,7,2,1,0,0,1,0,1,0
1757,1991,7,6,1,0,0,1,1,0,0,0
1757,1992,11,10,3,0,0,1,1,0,3,0
1770,1974,1,0,0,0,0,0,1,0,0,0
1777,1971,1,0,0,0,0,0,1,0,0,0
1777,1973,1,0,0,0,0,0,1,0,0,0
1782,1970,1,1,1,0,0,0,0,0,0,0
1782,1971,1,0,0,0,0,0,1,0,0,0
1782,1973,2,2,0,0,0,0,0,0,1,0
1782,1974,5,5,1,1,0,0,0,0,1,0
1782,1976,5,5,2,0,0,0,0,0,0,0
1782,1977,1,1,0,0,0,0,0,0,0,0
1782,1978,3,2,0,0,0,0,1,0,1,0
1782,1979,2,1,0,0,0,0,1,0,0,0
1787,1980,1,0,0,0,0,0,1,0,0,0
1787,1982,11,9,3,0,0,0,1,0,2,0
1787,1983,8,6,1,0,0,0,2,0,1,0
1787,1984,5,5,1,0,0,0,0,0,1,0
1787,1985,8,8,4,0,1,0,0,0,0,0
1797,1976,1,1,0,0,0,0,0,0,1,0
1823,1975,1,1,0,0,0,0,0,0,0,0
1826,1974,1,1,0,0,0,0,0,0,0,0
1832,1994,3,1,0,0,0,0,1,0,1,1
1842,1975,1,0,0,0,0,0,1,0,0,0
1842,1976,1,1,0,0,0,0,0,0,0,0
1842,1977,5,5,3,1,0,0,0,0,0,0
1842,1978,4,3,0,0,0,0,1,0,1,0
1842,1979,4,4,2,0,0,1,0,0,1,0
1842,1980,1,1,0,0,0,0,0,0,0,0
1843,1986,7,7,4,0,0,1,0,0,1,0
1843,1987,15,11,2,0,0,1,4,0,5,0
1843,1988,14,11,2,1,0,0,2,1,3,0
1843,1989,7,7,5,0,0,4,0,0,2,0
1843,1991,13,11,1,0,0,0,2,0,0,0
1843,1992,8,8,1,0,1,0,0,0,1,0
1847,1970,1,1,0,0,0,0,0,0,0,0
1854,1973,3,2,0,0,0,0,1,0,0,0
1859,1975,1,1,0,0,0,0,0,0,0,0
1859,1976,8,7,0,0,0,0,1,0,0,0
1859,1977,3,2,0,0,0,0,1,0,0,0
1859,1978,3,3,0,0,0,0,0,0,0,0
1859,1980,5,5,0,0,0,0,0,0,0,0
1880,1984,1,0,0,0,0,0,1,0,0,0
1880,1985,3,2,1,0,0,0,0,1,1,0
1880,1986,3,3,0,0,0,0,0,0,1,0
1880,1987,3,3,0,0,0,0,0,0,2,0
1888,1993,3,3,2,0,0,0,0,0,0,0
1894,1980,2,2,1,0,0,0,0,0,0,0
1894,1981,4,3,1,0,0,0,0,0,0,0
1894,1982,4,4,1,0,0,0,0,0,0,0
1894,1983,4,3,0,0,0,0,1,0,1,0
1907,1983,3,3,1,0,0,0,0,0,0,0
1910,1982,10,10,3,1,0,0,0,0,0,0
1910,1983,12,11,2,0,0,0,0,0,1,1
1923,1993,2,2,1,0,0,0,0,0,0,0
1923,1994,3,2,1,1,0,0,1,0,0,0
1946,1993,9,8,2,1,0,0,1,0,1,0
1948,1973,7,7,0,0,0,0,0,0,3,0
1948,1974,5,4,2,0,0,2,0,0,0,0
1948,1975,2,2,0,0,0,0,0,0,0,0
1948,1976,9,4,1,1,0,0,4,1,1,0
1948,1977,6,3,0,0,0,0,2,1,2,0
1948,1978,1,0,0,0,0,0,1,0,0,0
1948,1979,7,7,3,1,0,1,0,0,1,0
1955,1970,1,1,0,0,0,0,0,0,1,0
1958,1981,1,1,0,0,0,0,0,0,1,0
1958,1982,6,6,1,1,0,0,0,0,2,0
1958,1983,3,3,0,0,0,0,0,0,1,0
1958,1986,2,2,0,0,0,0,0,0,2,0
1958,1989,6,6,1,0,0,0,0,0,2,0
1958,1990,2,2,0,0,0,0,0,0,1,0
1967,1987,3,3,0,0,0,0,0,0,0,0
1979,1980,4,4,1,0,0,0,0,0,1,0
1983,1976,2,2,0,0,0,0,0,0,0,0
1983,1977,1,1,0,0,0,0,0,0,1,0
1988,1973,4,2,1,0,0,0,1,0,1,0
1988,1974,1,1,0,0,0,0,0,0,1,0
1988,1975,2,1,0,0,0,0,1,0,0,0
1988,1976,5,4,0,0,0,0,1,0,1,0
1988,1977,3,2,1,0,0,0,0,0,0,0
1996,1979,1,1,0,0,0,0,0,0,0,0
2003,1980,1,0,0,0,0,0,1,0,0,0
2033,1976,1,1,0,0,0,0,0,0,0,0
2061,1976,1,1,0,0,0,0,0,0,0,0
2075,1993,3,3,0,0,0,0,0,0,0,0
2075,1994,3,3,2,1,0,1,0,0,0,0
2100,1980,4,3,0,0,0,0,1,0,3,0
2103,1989,7,7,1,1,0,0,0,0,4,0
2103,1991,1,1,0,0,0,0,0,0,0,0
2103,1993,3,1,1,0,0,0,2,0,0,0
2111,1976,2,2,0,0,0,0,0,0,0,0
2111,1977,8,7,1,0,0,0,1,0,4,0
2111,1978,1,1,1,0,0,0,0,0,0,0
2111,1979,7,5,2,0,0,0,2,0,2,0
2111,1988,9,7,1,0,0,0,2,0,5,0
2111,1991,4,3,1,0,0,0,1,0,1,0
2111,1992,4,3,0,0,0,0,1,0,0,0
2118,1994,3,3,0,0,0,0,0,0,0,0
2133,1994,5,5,2,1,0,0,0,0,0,0
2148,1970,2,2,2,0,0,1,0,0,0,0
2158,1974,2,1,0,0,0,0,1,0,1,0
2158,1977,2,2,0,0,0,0,0,0,1,0
2158,1978,1,0,0,0,0,0,1,0,0,0
2160,1971,1,0,0,0,0,0,1,0,0,0
2177,1989,3,2,0,0,0,0,1,0,0,0
2198,1993,3,2,0,0,0,0,1,0,2,0
2201,1971,1,1,0,0,0,0,0,0,0,0
2201,1972,1,0,0,0,0,0,0,1,0,0
2201,1973,3,2,0,0,0,0,1,0,0,0
2201,1974,4,3,0,0,0,0,0,0,0,1
2203,1991,4,4,0,0,0,0,0,0,1,0
2203,1993,7,6,2,0,0,0,1,0,0,0
2208,1983,3,3,1,0,0,0,0,0,1,0
2208,1986,6,4,3,1,0,1,2,0,1,0
2208,1988,4,3,0,0,0,0,0,0,0,1
2208,1989,7,6,3,0,0,0,1,0,0,0
2214,1976,2,2,1,0,0,0,0,0,1,0
2220,1993,7,6,1,0,0,0,0,0,1,1
2225,1978,3,3,1,0,0,0,0,0,1,0
2225,1979,5,4,2,1,0,0,1,0,1,0
2225,1980,4,2,1,0,0,0,2,0,0,0
2225,1982,6,5,3,0,0,0,1,0,0,0
2225,1983,8,7,4,1,0,0,1,0,1,0
2225,1984,10,10,4,1,0,0,0,0,0,0
2225,1985,6,6,2,0,0,0,0,0,1,0
2225,1986,6,6,3,0,0,0,0,0,1,0
2256,1972,1,1,0,0,0,0,0,0,1,0
2256,1973,4,4,0,0,0,0,0,0,1,0
2256,1974,6,5,3,0,0,1,1,0,0,0
2256,1975,5,3,1,0,0,0,2,0,0,0
2256,1976,9,8,2,0,0,0,1,0,2,0
2256,1977,4,3,2,0,0,0,1,0,0,0
2256,1978,4,3,1,0,0,0,1,0,0,0
2256,1979,6,5,2,0,0,0,1,0,0,0
2256,1980,5,5,0,0,0,0,0,0,2,0
2258,1982,7,6,1,0,0,0,0,0,0,0
2258,1983,3,3,1,0,0,0,0,0,0,0
2258,1984,5,5,2,0,0,0,0,0,0,0
2258,1985,6,5,0,0,0,0,0,0,0,0
2273,1985,3,3,0,0,0,0,0,0,2,0
2300,1993,7,6,1,1,0,0,0,0,1,1
2308,1980,1,1,1,0,0,1,0,0,0,0
2308,1981,3,3,1,0,0,0,0,0,0,0
2308,1982,9,9,3,1,0,0,0,0,0,0
2308,1983,9,8,3,1,0,0,1,0,0,0
2308,1984,4,3,0,0,0,0,0,1,0,0
2308,1985,7,7,2,0,0,0,0,0,1,0
2308,1986,5,5,3,0,0,0,0,0,0,0
2314,1992,3,3,0,0,0,0,0,0,0,0
2327,1981,4,4,0,0,0,0,0,0,1,0
2338,1993,8,7,2,1,0,0,1,0,0,0
2338,1994,3,2,1,0,0,0,1,0,0,0
2359,1972,1,0,0,0,0,0,1,0,0,0
2361,1974,2,2,0,0,0,0,0,0,0,0
2361,1975,2,1,0,0,0,0,0,0,1,0
2361,1976,3,2,0,0,0,0,1,0,0,0
2361,1977,2,2,1,0,0,0,0,0,1,0
2361,1978,2,2,1,0,0,0,0,0,1,0
2361,1979,1,1,1,1,0,0,0,0,0,0
2371,1974,1,1,0,0,0,0,0,0,0,0
2378,1993,2,2,0,0,0,0,0,0,1,0
2382,1990,5,5,0,0,0,0,0,0,2,0
2400,1980,1,0,0,0,0,0,1,0,0,0
2400,1981,3,2,0,0,0,0,1,0,2,0
2400,1982,10,9,2,0,0,0,1,0,1,0
2400,1983,8,6,0,0,0,0,2,0,1,0
2400,1984,8,7,1,0,0,0,1,0,1,0
2410,1976,1,1,0,0,0,0,0,0,0,0
2411,1978,3,3,1,0,0,0,0,0,0,0
2440,1976,3,2,0,0,0,0,0,0,0,0
2440,1977,1,1,0,0,0,0,0,0,1,0
2464,1976,1,1,1,0,0,0,0,0,0,0
2464,1977,5,5,1,1,0,0,0,0,0,0
2464,1978,3,3,0,0,0,0,0,0,0,0
2464,1979,5,5,1,0,0,0,0,0,0,0
2464,1980,1,1,1,0,0,0,0,0,0,0
2464,1991,5,4,1,0,0,0,1,0,0,0
2489,1974,1,1,0,0,0,0,0,0,0,0
2489,1980,2,1,0,0,0,0,0,0,0,0
2498,1976,1,1,0,0,0,0,0,0,0,0
2498,1977,1,1,1,0,0,0,0,0,0,0
2498,1978,1,1,0,0,0,0,0,0,1,0
2498,1979,1,1,1,0,0,0,0,0,0,0
2501,1973,2,2,0,0,0,0,0,0,1,0
2501,1974,4,3,1,0,0,0,1,0,0,0
2501,1975,3,2,0,0,0,0,0,1,0,0
2501,1976,6,6,2,0,0,0,0,0,0,0
2501,1977,5,4,1,0,0,0,0,0,0,1
2501,1978,3,2,0,0,0,0,1,0,0,0
2501,1979,10,8,3,1,0,0,2,0,2,0
2501,1980,1,1,0,0,0,0,0,0,0,0
2501,1988,3,3,0,0,0,0,0,0,0,0
2502,1980,1,1,0,0,0,0,0,0,0,0
2502,1982,9,7,1,1,0,0,1,0,3,0
2502,1983,10,10,1,1,0,0,0,0,2,0
2502,1984,7,5,3,2,1,0,2,0,1,0
2502,1985,6,6,1,0,0,0,0,0,1,0
2502,1986,3,3,0,0,0,0,0,0,0,0
2514,1980,2,1,0,0,0,0,1,0,0,0
2514,1982,6,6,2,0,0,0,0,0,0,0
2514,1983,7,7,2,0,0,1,0,0,1,0
2548,1992,3,3,1,0,0,0,0,0,0,0
2550,1974,1,1,1,0,0,0,0,0,0,0
2558,1991,7,7,3,0,1,0,0,0,0,0
2563,1978,1,1,0,0,0,0,0,0,1,0
2564,1979,8,7,3,1,0,0,0,1,1,0
2570,1975,1,1,1,0,0,0,0,0,0,0
2613,1980,7,6,1,0,0,0,1,0,0,0
2613,1982,3,3,2,2,0,0,0,0,0,0
2613,1983,5,4,0,0,0,0,1,0,1,0
2613,1984,2,2,1,1,0,0,0,0,1,0
2613,1985,5,3,0,0,0,0,2,0,0,0
2614,1993,3,3,0,0,0,0,0,0,0,0
2615,1993,7,6,0,0,0,0,1,0,1,0
2617,1976,1,1,0,0,0,0,0,0,1,0
2624,1984,9,8,3,1,0,0,1,0,1,0
2624,1985,4,4,1,0,0,0,0,0,0,0
2624,1986,7,6,1,1,0,0,1,0,0,0
2624,1987,10,7,2,0,0,0,3,0,2,0
2624,1988,4,2,1,0,0,0,2,0,0,0
2624,1989,9,6,0,0,0,0,3,0,2,0
2624,1990,6,5,1,1,0,0,1,0,1,0
2624,1991,9,6,0,0,0,0,3,0,2,0
2626,1983,6,4,0,0,0,0,2,0,1,0
2632,1973,1,1,0,0,0,0,0,0,0,0
2632,1975,1,1,0,0,0,0,0,0,0,0
2632,1977,2,2,0,0,0,0,0,0,2,0
2636,1988,10,8,2,0,0,0,2,0,1,0
2636,1989,9,8,2,0,0,0,1,0,1,0
2636,1990,11,6,2,0,0,1,5,0,0,0
2636,1991,3,3,0,0,0,0,0,0,0,0
2636,1992,11,7,2,0,0,1,3,1,1,0
2643,1980,2,2,1,0,0,0,0,0,0,0
2644,1993,3,3,1,1,0,0,0,0,1,0
2646,1992,7,7,1,0,0,1,0,0,2,0
2666,1982,2,2,1,1,0,0,0,0,0,0
2666,1983,13,13,3,1,0,0,0,0,2,0
2666,1984,8,8,3,0,0,0,0,0,1,0
2666,1985,6,6,5,1,0,0,0,0,0,0
2666,1986,10,9,2,0,0,0,0,0,1,0
2666,1987,16,15,3,0,0,0,1,0,4,0
2667,1986,2,2,0,0,0,0,0,0,0,0
2667,1987,12,12,4,0,0,0,0,0,3,0
2691,1974,5,5,2,0,0,0,0,0,0,0
2691,1976,5,5,1,0,0,0,0,0,1,0
2696,1977,5,5,0,0,0,0,0,0,2,0
2696,1978,3,3,1,0,0,0,0,0,0,0
2696,1979,4,4,1,0,0,1,0,0,1,0
2696,1980,1,1,0,0,0,0,0,0,0,0
2698,1974,1,1,0,0,0,0,0,0,0,0
2709,1971,1,1,0,0,0,0,0,0,0,0
2714,1980,4,3,0,0,0,0,1,0,2,0
2714,1981,3,2,1,1,0,0,1,0,1,0
2714,1982,11,11,4,1,0,1,0,0,3,0
2714,1983,3,2,1,0,0,0,1,0,0,0
2714,1984,10,10,4,0,0,0,0,0,2,0
2714,1985,7,7,2,1,0,0,0,0,1,0
2714,1986,8,8,1,0,0,1,0,0,3,0
2714,1987,12,11,1,0,0,0,1,0,1,0
2723,1986,3,3,3,0,0,1,0,0,0,0
2723,1987,2,2,1,0,0,0,0,0,1,0
2723,1988,2,1,0,0,0,0,0,1,1,0
2723,1989,1,1,1,0,0,1,0,0,0,0
2723,1990,3,2,1,0,0,0,1,0,0,0
2723,1991,7,5,0,0,0,0,2,0,1,0
2739,1977,2,2,1,0,0,0,0,0,0,0
2739,1978,3,2,1,0,0,0,1,0,0,0
2739,1979,9,9,1,0,0,0,0,0,1,0
2785,1989,3,2,0,0,0,0,1,0,1,0
2809,1980,5,4,1,0,0,0,0,0,2,0
2809,1983,5,5,1,0,0,0,0,0,0,0
2809,1985,5,5,0,0,0,0,0,0,1,0
2809,1986,3,3,1,1,0,0,0,0,1,0
2809,1987,3,2,1,0,0,0,1,0,0,0
2816,1978,2,2,1,0,0,0,0,0,0,0
2816,1979,2,2,1,0,0,0,0,0,0,0
2821,1982,5,5,1,0,0,0,0,0,1,0
2835,1993,10,7,1,1,0,0,3,0,1,0
2835,1994,3,3,1,0,0,0,0,0,1,0
2852,1989,4,3,0,0,0,0,1,0,0,0
2852,1990,6,5,2,0,0,0,1,0,1,0
2852,1991,7,6,2,0,1,0,0,0,2,0
2852,1992,7,7,1,0,0,0,0,0,1,0
2869,1980,1,0,0,0,0,0,1,0,0,0
2873,1990,3,2,0,0,0,0,1,0,0,0
2890,1988,3,3,1,1,0,0,0,0,0,0
2912,1971,1,1,0,0,0,0,0,0,1,0
2917,1970,1,1,0,0,0,0,0,0,0,0
2927,1979,4,3,1,1,0,0,0,1,1,0
2930,1979,4,4,1,0,0,0,0,0,0,0
2930,1980,1,1,0,0,0,0,0,0,0,0
2930,1982,9,9,3,0,0,0,0,0,1,0
2944,1990,3,3,0,0,0,0,0,0,1,0
2944,1992,2,2,1,1,0,0,0,0,1,0
2963,1987,3,3,0,0,0,0,0,0,1,0
2982,1993,1,1,1,1,0,0,0,0,0,0
2992,1990,2,2,1,0,0,0,0,0,0,0
2992,1993,4,4,1,0,0,1,0,0,2,0
2992,1994,6,6,1,0,0,0,0,0,2,0
3010,1982,11,9,2,1,0,0,2,0,2,0
3010,1983,6,6,1,0,0,1,0,0,3,0
3010,1984,13,12,1,0,0,0,0,0,1,1
3010,1985,7,4,2,1,0,0,2,1,0,0
3010,1986,8,8,1,0,0,0,0,0,1,0
3010,1987,12,9,2,1,0,0,2,1,1,0
3010,1988,10,8,3,0,0,1,1,0,2,1
3010,1989,8,7,2,0,0,0,1,0,0,0
3010,1990,7,7,0,0,0,0,0,0,0,0
3010,1991,8,5,0,0,0,0,3,0,1,0
3010,1992,6,5,2,0,0,0,1,0,1,0
3019,1973,1,1,1,0,0,0,0,0,0,0
3049,1973,1,0,0,0,0,0,0,0,0,1
3049,1974,2,2,0,0,0,0,0,0,0,0
3049,1976,3,2,0,0,0,0,1,0,2,0
3049,1977,3,3,0,0,0,0,0,0,1,0
3049,1978,4,3,1,0,0,0,1,0,0,0
3049,1979,5,4,1,0,0,1,1,0,2,0
3049,1980,4,2,0,0,0,0,1,1,0,0
3065,1991,1,1,0,0,0,0,0,0,1,0
3065,1992,3,3,0,0,0,0,0,0,1,0
3098,1993,9,7,2,0,0,1,1,1,0,0
3098,1994,4,3,0,0,0,0,0,0,0,1
3116,1994,4,2,1,0,0,0,2,0,0,0
3119,1976,1,1,1,0,0,0,0,0,0,0
3145,1975,1,1,0,0,0,0,0,0,1,0
3145,1976,1,1,0,0,0,0,0,0,0,0
3145,1980,1,1,0,0,0,0,0,0,0,0
3145,1981,3,3,0,0,0,0,0,0,1,0
3145,1983,4,3,1,1,0,0,1,0,0,0
3145,1984,2,2,1,0,0,0,0,0,0,0
3145,1985,8,7,2,2,0,0,1,0,2,0
3145,1987,5,5,2,0,0,0,0,0,1,0
3145,1989,3,3,1,0,0,0,0,0,0,0
3146,1980,2,2,2,0,0,0,0,0,0,0
3146,1982,3,3,0,0,0,0,0,0,0,0
3146,1983,5,4,2,1,0,1,0,1,1,0
3146,1984,12,11,5,1,0,0,1,0,2,0
3148,1973,3,2,0,0,0,0,1,0,2,0
3148,1976,1,1,0,0,0,0,0,0,1,0
3148,1977,1,0,0,0,0,0,1,0,0,0
3148,1978,2,2,0,0,0,0,0,0,0,0
3152,1993,12,7,3,0,0,0,5,0,0,0
3152,1994,2,1,0,0,0,0,0,1,1,0
3160,1992,3,3,0,0,0,0,0,0,2,0
3163,1984,15,13,3,1,1,0,1,0,4,0
3163,1985,9,9,2,0,0,0,0,0,2,0
3163,1986,6,5,1,0,0,0,1,0,2,0
3165,1976,2,2,0,0,0,0,0,0,0,0
3188,1980,1,1,0,0,0,0,0,0,0,0
3195,1980,1,1,0,0,0,0,0,0,0,0
3198,1973,1,1,0,0,0,0,0,0,0,0
3198,1974,1,1,1,1,0,0,0,0,0,0
3201,1982,6,6,0,0,0,0,0,0,0,0
3216,1993,2,1,0,0,0,0,0,0,0,0
3221,1988,2,2,0,0,0,0,0,0,0,0
3221,1989,10,10,2,0,0,0,0,0,1,0
3221,1990,6,6,2,0,0,0,0,0,0,0
3221,1991,6,6,2,0,0,0,0,0,0,0
3221,1992,3,3,2,0,0,0,0,0,0,0
3221,1993,10,10,5,2,0,0,0,0,0,0
3221,1994,1,0,0,0,0,0,1,0,0,0
3242,1979,2,2,2,0,0,0,0,0,0,0
3249,1977,5,5,1,0,0,0,0,0,1,0
3274,1981,8,7,2,1,0,0,1,0,3,0
3274,1983,3,3,1,0,0,0,0,0,1,0
3274,1984,4,4,0,0,0,0,0,0,1,0
3287,1988,3,3,1,0,0,0,0,0,2,0
3300,1989,7,7,2,1,0,0,0,0,0,0
3319,1989,7,7,3,0,0,0,0,0,0,0
3319,1990,8,7,1,0,0,0,0,1,1,0
3319,1991,1,1,0,0,0,0,0,0,0,0
3324,1977,1,1,0,0,0,0,0,0,0,0
3324,1979,1,1,0,0,0,0,0,0,0,0
3331,1993,3,2,1,0,0,0,1,0,0,0
3334,1984,3,3,1,0,0,0,0,0,0,0
3357,1979,2,1,0,0,0,0,1,0,0,0
3358,1973,3,3,2,0,0,0,0,0,0,0
3358,1974,1,1,0,0,0,0,0,0,1,0
3358,1975,4,3,0,0,0,0,1,0,1,0
3358,1976,9,7,0,0,0,0,1,0,2,1
3358,1977,3,2,1,0,0,1,1,0,0,0
3358,1978,2,1,0,0,0,0,1,0,0,0
3358,1979,6,6,2,0,0,0,0,0,0,0
3358,1984,7,7,1,0,0,0,0,0,2,0
3358,1985,12,11,0,0,0,0,1,0,3,0
3358,1986,6,5,0,0,0,0,1,0,1,0
3358,1987,6,4,1,0,0,1,2,0,1,0
3358,1988,7,7,1,0,0,0,0,0,2,0
3359,1980,2,2,1,1,0,0,0,0,1,0
3359,1981,1,1,1,1,0,0,0,0,0,0
3359,1982,10,8,1,0,0,1,2,0,1,0
3359,1983,4,4,3,1,0,0,0,0,1,0
3359,1984,16,12,4,1,0,1,4,0,1,0
3359,1985,11,10,3,1,0,0,1,0,0,0
3359,1986,2,2,1,1,0,0,0,0,0,0
3359,1987,12,8,2,1,1,0,4,0,3,0
3359,1988,12,11,1,0,0,0,1,0,4,0
3359,1989,7,5,3,0,0,1,2,0,0,0
3359,1990,7,7,2,0,0,1,0,0,1,0
3359,1991,9,7,2,0,0,0,2,0,2,0
3380,1982,7,7,2,0,0,0,0,0,0,0
3380,1983,2,2,0,0,0,0,0,0,1,0
3382,1979,5,5,1,0,0,0,0,0,1,0
3382,1980,1,1,0,0,0,0,0,0,0,0
3382,1981,2,2,0,0,0,0,0,0,1,0
3382,1982,1,1,1,0,0,0,0,0,0,0
3385,1973,1,0,0,0,0,0,1,0,0,0
3385,1975,2,1,0,0,0,0,1,0,1,0
3398,1974,3,2,1,0,0,1,1,0,1,0
3401,1992,2,2,1,0,0,0,0,0,0,0
3420,1994,2,1,0,0,0,0,0,0,0,0
3433,1988,3,3,1,0,0,0,0,0,0,0
3433,1989,2,1,0,0,0,0,1,0,0,0
3436,1989,3,2,0,0,0,0,1,0,0,0
3436,1990,2,1,1,1,0,0,1,0,0,0
3436,1991,4,4,2,1,0,0,0,0,1,0
3436,1992,3,2,1,0,0,1,1,0,0,0
3448,1976,2,1,0,0,0,0,1,0,0,0
3448,1977,5,5,3,0,0,0,0,0,0,0
3448,1978,2,1,0,0,0,0,1,0,1,0
3448,1982,3,3,0,0,0,0,0,0,0,0
3450,1989,5,4,0,0,0,0,1,0,1,0
3450,1990,3,3,0,0,0,0,0,0,0,0
3450,1991,5,5,1,1,0,0,0,0,0,0
3450,1992,3,3,0,0,0,0,0,0,0,0
3469,1984,4,3,0,0,0,0,1,0,1,0
3469,1985,11,10,3,0,0,0,0,1,0,0
3469,1986,8,7,2,0,0,1,1,0,1,0
3469,1987,12,10,1,0,0,0,2,0,2,0
3469,1988,7,7,2,1,0,0,0,0,2,0
3469,1989,3,3,0,0,0,0,0,0,0,0
3469,1990,7,7,1,0,1,0,0,0,4,0
3469,1993,2,2,0,0,0,0,0,0,0,0
3469,1994,2,2,1,0,0,1,0,0,0,0
3478,1978,2,1,0,0,0,0,0,1,0,0
3478,1979,1,0,0,0,0,0,1,0,0,0
3489,1990,7,5,2,0,0,0,2,0,1,0
3489,1991,7,6,4,3,0,0,0,0,0,1
3520,1989,2,1,0,0,0,0,0,0,0,0
3520,1990,11,10,5,1,0,0,0,0,0,1
3520,1993,13,13,6,2,0,1,0,0,0,0
3532,1977,2,2,1,0,0,0,0,0,0,0
3532,1978,1,1,0,0,0,0,0,0,0,0
3532,1982,2,2,1,1,0,0,0,0,0,0
3532,1984,2,2,0,0,0,0,0,0,0,0
3532,1986,3,2,0,0,0,0,0,0,0,1
3545,1980,2,1,0,0,0,0,0,1,0,0
3545,1981,2,2,0,0,0,0,0,0,0,0
3545,1982,3,3,0,0,0,0,0,0,1,0
3545,1984,9,9,3,1,0,1,0,0,1,0
3545,1985,11,10,2,0,0,1,1,0,3,0
3545,1986,8,8,1,0,0,0,0,0,3,0
3545,1987,7,7,0,0,0,0,0,0,1,0
3545,1990,8,8,1,0,0,1,0,0,1,0
3561,1979,5,5,1,0,0,0,0,0,0,0
3561,1980,1,1,0,0,0,0,0,0,0,0
3568,1993,6,5,0,0,0,0,1,0,1,0
3568,1994,4,2,1,0,0,0,0,0,0,2
3572,1984,3,3,0,0,0,0,0,0,1,0
3572,1989,4,4,1,1,0,0,0,0,0,0
3572,1990,11,10,3,0,0,0,0,0,0,1
3572,1992,4,4,1,0,0,1,0,0,0,0
3582,1979,3,3,1,0,0,0,0,0,0,0
3595,1993,3,3,0,0,0,0,0,0,3,0
3595,1994,4,4,2,0,0,0,0,0,0,0
3599,1976,4,4,1,0,0,0,0,0,1,0
3599,1977,5,5,1,0,0,0,0,0,0,0
3599,1978,5,5,0,0,0,0,0,0,1,0
3599,1979,2,2,0,0,0,0,0,0,0,0
3599,1980,1,1,0,0,0,0,0,0,0,0
3599,1985,2,2,1,0,0,0,0,0,0,0
3605,1973,1,1,0,0,0,0,0,0,0,0
3605,1974,1,1,1,0,0,0,0,0,0,0
3605,1975,2,2,2,0,0,0,0,0,0,0
3605,1976,3,3,0,0,0,0,0,0,0,0
3605,1978,1,1,0,0,0,0,0,0,1,0
3605,1979,6,5,1,0,0,0,0,1,0,0
3605,1980,1,1,0,0,0,0,0,0,1,0
3605,1982,8,6,1,0,0,0,1,0,0,0
3605,1983,3,3,0,0,0,0,0,0,0,0
3605,1984,4,4,1,0,0,0,0,0,1,0
3615,1974,3,3,2,0,0,1,0,0,1,0
3615,1975,1,1,1,1,0,0,0,0,0,0
3615,1976,5,3,0,0,0,0,2,0,0,0
3615,1979,8,7,2,1,0,1,1,0,0,0
3615,1982,2,2,0,0,0,0,0,0,2,0
3621,1980,1,1,0,0,0,0,0,0,0,0
3621,1983,6,5,1,0,0,0,0,0,1,0
3634,1979,1,1,0,0,0,0,0,0,0,0
3635,1978,1,1,0,0,0,0,0,0,0,0
3635,1979,4,4,1,1,0,0,0,0,0,0
3649,1970,1,1,0,0,0,0,0,0,0,0
3649,1973,2,2,1,0,0,0,0,0,0,0
3649,1974,4,4,0,0,0,0,0,0,2,0
3649,1975,2,2,1,0,0,0,0,0,0,0
3649,1976,8,5,1,0,0,0,2,1,1,0
3649,1977,4,1,0,0,0,0,3,0,1,0
3649,1978,5,4,4,0,0,3,1,0,0,0
3649,1979,3,3,1,0,0,0,0,0,0,0
3649,1980,5,4,0,0,0,0,1,0,2,0
3649,1986,7,5,1,0,0,0,2,0,1,0
3653,1976,1,1,0,0,0,0,0,0,0,0
3666,1992,4,4,2,0,0,0,0,0,1,0
3682,1983,11,11,4,0,0,0,0,0,0,0
3682,1984,15,12,6,1,1,0,2,1,1,0
3682,1985,14,12,0,0,0,0,0,1,2,1
3682,1986,7,7,1,0,0,0,0,0,1,0
3682,1987,11,9,3,0,1,0,2,0,2,0
3682,1988,15,15,3,0,0,1,0,0,2,0
3682,1991,4,3,0,0,0,0,0,0,1,1
3696,1988,7,7,3,0,0,0,0,0,0,0
3696,1989,1,1,0,0,0,0,0,0,0,0
3709,1993,1,1,1,1,0,0,0,0,0,0
3709,1994,3,3,1,0,0,0,0,0,1,0
3730,1977,1,1,1,0,0,1,0,0,0,0
3745,1973,1,1,0,0,0,0,0,0,0,0
3745,1974,2,2,0,0,0,0,0,0,0,0
3745,1976,1,1,0,0,0,0,0,0,0,0
3745,1978,1,1,0,0,0,0,0,0,0,0
3745,1979,10,9,4,1,0,0,0,0,1,0
3763,1991,4,4,1,0,0,0,0,0,0,0
3764,1975,1,1,0,0,0,0,0,0,0,0
3771,1970,1,1,0,0,0,0,0,0,0,0
3771,1973,4,3,0,0,0,0,0,0,2,1
3771,1974,4,3,2,0,0,0,1,0,0,0
3771,1975,5,5,2,0,0,0,0,0,1,0
3771,1976,5,5,1,0,0,0,0,0,2,0
3804,1981,5,5,1,0,0,1,0,0,2,0
3804,1982,4,4,0,0,0,0,0,0,0,0
3804,1983,4,3,0,0,0,0,1,0,1,0
3804,1984,11,8,4,1,0,0,3,0,1,0
3804,1985,11,9,3,0,0,1,1,1,0,0
3804,1986,15,14,5,3,0,1,1,0,5,0
3804,1987,16,13,5,2,0,0,2,0,2,1
3804,1988,3,3,0,0,0,0,0,0,0,0
3804,1989,3,3,0,0,0,0,0,0,1,0
3804,1990,3,3,1,0,0,1,0,0,1,0
3804,1991,14,14,4,0,0,1,0,0,1,0
3804,1992,3,3,0,0,0,0,0,0,0,0
3810,1984,1,1,0,0,0,0,0,0,0,0
3810,1985,9,8,1,0,0,1,0,0,3,1
3810,1986,13,10,2,0,0,0,1,0,3,0
3810,1987,15,12,2,1,0,1,2,1,2,0
3810,1988,2,1,0,0,0,0,1,0,0,0
3810,1989,3,3,0,0,0,0,0,0,0,0
3810,1990,6,6,0,0,0,0,0,0,1,0
3810,1991,3,2,0,0,0,0,0,0,0,0
3810,1992,6,6,0,0,0,0,0,0,0,0
3817,1993,7,6,3,1,0,1,0,1,2,0
3817,1994,6,6,3,0,0,1,0,0,1,0
3822,1970,1,1,0,0,0,0,0,0,0,0
3823,1973,2,2,0,0,0,0,0,0,0,0
3823,1974,2,2,0,0,0,0,0,0,0,0
3825,1988,9,9,2,1,0,0,0,0,1,0
3825,1991,10,10,3,2,0,0,0,0,1,0
3831,1986,3,2,0,0,0,0,0,0,0,0
3831,1987,4,3,1,0,0,0,1,0,0,0
3831,1988,6,6,1,0,0,0,0,0,2,0
3831,1989,7,7,3,0,0,0,0,0,1,0
3831,1990,10,8,1,0,0,0,1,1,0,0
3831,1991,6,6,1,0,0,0,0,0,1,0
3831,1992,3,3,1,0,0,0,0,0,0,0
3840,1978,3,2,0,0,0,0,1,0,1,0
3840,1982,11,9,3,1,0,0,1,1,3,0
3840,1983,4,3,0,0,0,0,1,0,1,0
3840,1985,4,3,0,0,0,0,1,0,1,0
3844,1980,2,2,1,0,1,0,0,0,0,0
3844,1982,8,8,3,0,0,0,0,0,0,0
3844,1983,8,7,0,0,0,0,0,1,1,0
3844,1984,4,4,2,1,0,0,0,0,1,0
3844,1985,6,6,1,0,0,0,0,0,1,0
3844,1986,3,2,0,0,0,0,0,0,0,0
3844,1987,2,1,0,0,0,0,0,0,0,0
3844,1988,5,5,1,0,0,0,0,0,2,0
3844,1989,1,1,1,0,0,0,0,0,0,0
3844,1990,3,3,0,0,0,0,0,0,1,0
3844,1991,5,3,0,0,0,0,1,0,0,1
3846,1993,2,2,1,1,0,0,0,0,0,0
3851,1985,3,2,0,0,0,0,1,0,0,0
3852,1976,1,1,0,0,0,0,0,0,1,0
3852,1978,1,1,0,0,0,0,0,0,0,0
3852,1979,1,0,0,0,0,0,0,0,0,0
3861,1993,12,10,3,1,0,0,1,1,3,0
3861,1994,4,4,0,0,0,0,0,0,0,0
3863,1982,6,6,2,0,0,0,0,0,0,0
3863,1983,4,3,2,0,0,0,1,0,0,0
3863,1984,6,6,0,0,0,0,0,0,1,0
3863,1985,11,11,2,1,0,0,0,0,2,0
3863,1986,6,6,2,0,0,1,0,0,0,0
3867,1981,2,2,0,0,0,0,0,0,1,0
3883,1980,7,7,1,0,0,0,0,0,1,0
3910,1975,1,1,1,0,0,0,0,0,0,0
3910,1977,1,1,0,0,0,0,0,0,0,0
3914,1993,8,8,3,0,0,0,0,0,0,0
3931,1977,2,2,0,0,0,0,0,0,1,0
3931,1978,5,5,1,0,0,0,0,0,1,0
3931,1979,5,5,1,0,0,0,0,0,0,0
3936,1970,2,2,0,0,0,0,0,0,0,0
3936,1971,1,1,0,0,0,0,0,0,0,0
3939,1971,1,1,0,0,0,0,0,0,0,0
3939,1973,2,2,0,0,0,0,0,0,2,0
3939,1974,2,1,0,0,0,0,0,0,1,0
3939,1975,3,3,0,0,0,0,0,0,0,0
3944,1973,2,2,0,0,0,0,0,0,1,0
3944,1974,3,3,0,0,0,0,0,0,2,0
3944,1975,2,1,0,0,0,0,1,0,0,0
3944,1976,3,2,0,0,0,0,1,0,0,0
3944,1977,2,2,0,0,0,0,0,0,0,0
3944,1978,1,1,1,0,0,0,0,0,0,0
3957,1971,1,1,0,0,0,0,0,0,1,0
3957,1972,1,1,0,0,0,0,0,0,0,0
3957,1973,2,2,0,0,0,0,0,0,0,0
3957,1974,3,3,0,0,0,0,0,0,2,0
3957,1976,2,1,0,0,0,0,1,0,0,0
3957,1977,2,1,0,0,0,0,1,0,0,0
3957,1978,1,1,0,0,0,0,0,0,0,0
3974,1981,1,1,1,1,0,0,0,0,0,0
3974,1982,7,7,3,1,0,0,0,0,0,0
3974,1984,15,14,2,0,0,1,1,0,1,0
3974,1985,10,8,1,0,0,0,2,0,2,0
3974,1986,1,1,1,0,0,0,0,0,0,0
3974,1988,6,6,1,0,0,1,0,0,2,0
3995,1990,3,3,0,0,0,0,0,0,1,0
3995,1993,3,3,0,0,0,0,0,0,2,0
3996,1987,15,15,4,1,0,2,0,0,2,0
3996,1988,3,3,1,0,0,1,0,0,0,0
4005,1972,1,1,1,0,0,0,0,0,0,0
4005,1973,2,2,0,0,0,0,0,0,0,0
4005,1974,5,5,0,0,0,0,0,0,3,0
4005,1975,3,2,0,0,0,0,1,0,2,0
4005,1976,7,6,1,0,0,0,1,0,2,0
4005,1977,2,2,0,0,0,0,0,0,0,0
4005,1978,3,3,1,0,0,0,0,0,0,0
4005,1979,5,4,1,0,1,0,1,0,0,0
4005,1981,2,2,0,0,0,0,0,0,1,0
4005,1983,3,3,0,0,0,0,0,0,0,0
4022,1971,1,0,0,0,0,0,0,0,0,0
4025,1973,1,1,0,0,0,0,0,0,0,0
4028,1981,4,3,0,0,0,0,1,0,2,0
4028,1982,7,6,2,1,1,0,1,0,1,0
4028,1983,8,6,0,0,0,0,2,0,3,0
4028,1984,9,7,2,0,0,1,1,1,3,0
4028,1985,9,7,4,1,0,0,2,0,0,0
4028,1986,3,3,0,0,0,0,0,0,1,0
4028,1987,2,1,0,0,0,0,1,0,1,0
4028,1991,9,7,4,1,0,0,2,0,0,0
4049,1976,4,3,0,0,0,0,0,1,0,0
4049,1977,9,9,2,0,0,0,0,0,3,0
4049,1978,1,1,1,1,0,0,0,0,0,0
4058,1993,7,6,0,0,0,0,1,0,0,0
4058,1994,4,4,1,0,0,0,0,0,1,0
4081,1993,3,3,2,1,0,0,0,0,0,0
4081,1994,6,5,1,0,0,0,1,0,0,0
4088,1987,10,8,0,0,0,0,1,1,0,0
4088,1988,3,3,1,0,0,0,0,0,1,0
4088,1989,3,3,2,0,0,0,0,0,1,0
4088,1990,7,6,2,1,0,0,1,0,2,0
4088,1991,2,2,0,0,0,0,0,0,1,0
4138,1991,8,6,1,0,0,0,2,0,0,0
4138,1992,7,6,0,0,0,0,1,0,0,0
4139,1980,3,3,0,0,0,0,0,0,0,0
4167,1978,2,2,0,0,0,0,0,0,1,0
4167,1979,2,2,0,0,0,0,0,0,0,0
4171,1991,1,1,1,0,0,1,0,0,0,0
4172,1991,8,7,1,0,0,1,1,0,1,0
4172,1992,5,5,3,1,0,1,0,0,1,0
4174,1977,7,6,1,0,0,0,0,1,1,0
4174,1979,4,4,1,0,0,0,0,0,1,0
4175,1993,10,10,4,1,0,0,0,0,4,0
4191,1991,9,7,4,0,0,0,0,1,1,0
4203,1993,5,4,1,0,0,1,0,0,0,0
4203,1994,2,1,1,0,0,0,0,0,0,0
4204,1981,2,2,0,0,0,0,0,0,0,0
4204,1982,4,4,0,0,0,0,0,0,1,0
4205,1973,1,1,0,0,0,0,0,0,1,0
4205,1974,1,1,0,0,0,0,0,0,0,0
4205,1975,4,4,1,0,0,0,0,0,0,0
4209,1993,3,3,0,0,0,0,0,0,0,0
4247,1974,1,1,0,0,0,0,0,0,0,0
4252,1993,3,3,0,0,0,0,0,0,0,0
4252,1994,3,2,1,0,0,0,1,0,0,0
4258,1980,2,2,0,0,0,0,0,0,0,0
4258,1981,3,3,1,0,0,0,0,0,1,0
4273,1975,1,1,0,0,0,0,0,0,0,0
4286,1981,1,1,0,0,0,0,0,0,0,0
4286,1982,6,5,1,0,0,0,1,0,1,0
4295,1990,4,3,2,0,0,0,1,0,0,0
4316,1987,6,5,1,0,0,0,1,0,0,0
4316,1988,12,6,0,0,0,0,6,0,0,0
4316,1989,7,7,2,0,0,1,0,0,1,0
4316,1990,8,5,1,0,0,0,3,0,0,0
4316,1991,4,4,1,0,0,0,0,0,0,0
4328,1993,2,2,1,0,0,0,0,0,0,0
4333,1994,3,2,0,0,0,0,1,0,0,0
4345,1980,4,2,0,0,0,0,2,0,0,0
4345,1982,9,8,2,0,0,1,1,0,3,0
4345,1983,3,3,0,0,0,0,0,0,1,0
4345,1984,4,4,1,1,0,0,0,0,2,0
4345,1985,6,5,0,0,0,0,1,0,0,0
4349,1980,4,3,2,1,1,0,0,0,0,0
4349,1981,1,1,0,0,0,0,0,0,0,0
4349,1982,4,4,2,0,0,0,0,0,0,0
4349,1983,7,5,1,0,0,0,1,0,0,1
4349,1984,8,6,1,0,0,0,2,0,2,0
4349,1985,4,4,0,0,0,0,0,0,0,0
4349,1986,8,7,1,0,0,0,0,1,2,0
4349,1987,12,12,1,0,0,0,0,0,2,0
4349,1992,2,2,1,0,0,0,0,0,0,0
4356,1974,2,2,0,0,0,0,0,0,0,0
4356,1975,2,1,0,0,0,0,0,0,1,0
4356,1976,8,7,4,0,1,0,1,0,1,0
4356,1977,2,1,0,0,0,0,1,0,0,0
4356,1978,5,4,0,0,0,0,1,0,0,0
4356,1979,2,0,0,0,0,0,2,0,0,0
4356,1980,5,4,3,1,0,0,1,0,1,0
4356,1982,7,6,3,1,0,0,1,0,0,0
4356,1983,3,1,1,0,0,0,2,0,0,0
4356,1984,8,7,3,0,0,1,1,0,0,0
4356,1985,4,4,1,0,0,0,0,0,0,0
4357,1989,9,9,3,0,0,1,0,0,0,0
4357,1990,8,7,2,0,0,0,1,0,1,0
4357,1991,9,8,3,0,0,1,0,0,1,1
4357,1992,7,7,2,1,0,0,0,0,2,0
4359,1974,1,1,1,0,0,0,0,0,0,0
4367,1993,10,9,3,1,0,0,0,1,1,0
4367,1994,5,5,2,2,0,0,0,0,1,0
4374,1974,5,5,1,0,0,0,0,0,1,0
4374,1975,2,2,0,0,0,0,0,0,0,0
4374,1976,9,8,3,0,0,0,1,0,0,0
4374,1977,1,1,1,0,0,0,0,0,0,0
4374,1978,3,3,0,0,0,0,0,0,1,0
4374,1979,1,1,0,0,0,0,0,0,0,0
4374,1980,1,1,1,0,0,0,0,0,0,0
4377,1993,4,4,0,0,0,0,0,0,2,0
4380,1981,6,5,1,0,0,0,1,0,0,0
4380,1982,7,7,2,0,0,1,0,0,0,0
4380,1983,11,11,2,1,0,0,0,0,2,0
4380,1984,3,2,1,0,0,1,1,0,0,0
4380,1985,8,7,1,0,0,0,1,0,4,0
4382,1974,4,4,1,0,0,0,0,0,0,0
4382,1975,1,1,0,0,0,0,0,0,0,0
4382,1976,3,3,0,0,0,0,0,0,0,0
4382,1977,5,4,0,0,0,0,1,0,0,0
4387,1974,2,2,0,0,0,0,0,0,0,0
4387,1975,6,5,0,0,0,0,1,0,0,0
4387,1976,5,4,2,0,0,0,1,0,0,0
4387,1984,1,0,0,0,0,0,1,0,0,0
4387,1985,4,4,0,0,0,0,0,0,0,0
4387,1986,3,2,1,0,0,0,1,0,0,0
4387,1987,3,3,0,0,0,0,0,0,1,0
4389,1987,6,4,0,0,0,0,0,1,1,1
4389,1988,5,4,1,0,0,0,1,0,1,0
4389,1989,6,5,1,0,0,0,0,1,1,0
4389,1990,10,7,0,0,0,0,3,0,3,0
4389,1992,8,4,0,0,0,0,2,2,1,0
4413,1975,2,2,1,0,0,0,0,0,0,0
4428,1985,10,10,2,0,1,0,0,0,1,0
4428,1986,12,10,1,0,0,0,1,1,3,0
4428,1987,8,7,4,0,0,0,1,0,1,0
4428,1988,11,10,4,0,0,0,0,1,1,0
4428,1989,3,3,0,0,0,0,0,0,0,0
4428,1990,10,10,3,1,0,0,0,0,0,0
4436,1974,1,0,0,0,0,0,0,0,0,0
4437,1982,4,3,1,0,0,0,1,0,0,0
4453,1984,7,7,1,0,0,0,0,0,1,0
4453,1985,6,6,1,1,0,0,0,0,1,0
4456,1993,3,3,1,1,0,0,0,0,1,0
4456,1994,7,5,2,1,0,0,1,0,1,1
4475,1992,3,3,0,0,0,0,0,0,0,0
4477,1993,11,10,1,1,0,0,0,0,1,1
4477,1994,3,3,0,0,0,0,0,0,0,0
4501,1970,1,0,0,0,0,0,1,0,0,0
4501,1972,1,1,0,0,0,0,0,0,0,0
4501,1973,1,1,1,0,0,0,0,0,0,0
4503,1974,3,3,0,0,0,0,0,0,0,0
4505,1983,5,4,2,1,0,0,0,0,0,1
4505,1984,11,8,2,1,0,0,0,1,2,2
4505,1985,11,10,3,0,0,1,1,0,2,0
4505,1986,10,9,1,1,0,0,1,0,2,0
4505,1987,3,1,0,0,0,0,2,0,0,0
4516,1976,1,1,0,0,0,0,0,0,1,0
4528,1984,8,7,2,0,0,0,1,0,2,0
4528,1985,3,3,2,1,0,0,0,0,0,0
4528,1986,6,6,2,2,0,0,0,0,0,0
4528,1987,14,14,5,1,0,0,0,0,1,0
4528,1988,13,13,2,2,0,0,0,0,1,0
4528,1990,9,8,1,0,0,0,0,0,1,1
4528,1991,1,0,0,0,0,0,0,0,0,1
4528,1992,7,7,1,0,0,0,0,0,1,0
4547,1988,3,1,0,0,0,0,2,0,0,0
4547,1990,3,3,1,0,0,0,0,0,0,0
4547,1991,4,3,1,0,0,0,1,0,0,0
4547,1992,4,4,1,0,0,0,0,0,0,0
4552,1994,3,2,0,0,0,0,0,0,2,0
4565,1982,4,4,1,0,0,0,0,0,0,0
4574,1983,4,4,0,0,0,0,0,0,0,0
4602,1993,1,1,1,0,0,1,0,0,0,0
4602,1994,1,1,0,0,0,0,0,0,1,0
4623,1979,3,3,1,0,0,0,0,0,0,0
4623,1980,2,2,1,0,0,0,0,0,1,0
4623,1982,9,7,1,0,0,0,2,0,2,0
4623,1983,10,8,3,1,0,1,2,0,3,0
4623,1984,5,4,0,0,0,0,0,0,1,0
4623,1985,4,4,1,1,0,0,0,0,0,0
4626,1994,4,2,0,0,0,0,0,0,0,0
4628,1980,4,4,0,0,0,0,0,0,0,0
4630,1977,1,1,1,0,0,1,0,0,0,0
4632,1989,3,3,0,0,0,0,0,0,0,0
4632,1990,4,4,0,0,0,0,0,0,2,0
4632,1991,3,3,0,0,0,0,0,0,0,0
4632,1992,11,10,3,2,0,1,1,0,1,0
4641,1973,3,3,0,0,0,0,0,0,1,0
4641,1974,1,1,0,0,0,0,0,0,0,0
4641,1976,4,4,1,1,0,0,0,0,1,0
4641,1978,1,1,1,0,0,0,0,0,0,0
4660,1980,3,3,2,1,0,0,0,0,0,0
4672,1973,1,0,0,0,0,0,1,0,0,0
4673,1980,2,1,1,0,0,0,1,0,0,0
4673,1982,9,6,2,0,0,1,2,1,1,0
4673,1983,14,12,4,0,0,0,2,0,0,0
4676,1974,1,1,0,0,0,0,0,0,0,0
4676,1976,2,2,0,0,0,0,0,0,1,0
4676,1977,3,3,0,0,0,0,0,0,0,0
4676,1980,2,2,0,0,0,0,0,0,1,0
4695,1984,3,2,0,0,0,0,1,0,0,0
4707,1992,3,3,0,0,0,0,0,0,1,0
4711,1980,2,1,0,0,0,0,0,0,1,1
4711,1982,9,9,3,0,0,0,0,0,1,0
4711,1983,9,9,1,0,0,0,0,0,3,0
4711,1984,5,4,3,1,0,0,1,0,0,0
4711,1985,4,4,4,1,0,0,0,0,0,0
4711,1986,12,8,0,0,0,0,4,0,1,0
4711,1987,4,4,1,0,0,0,0,0,2,0
4711,1988,9,8,2,1,0,0,1,0,2,0
4711,1989,8,6,0,0,0,0,2,0,1,0
4711,1990,4,2,0,0,0,0,2,0,1,0
4716,1981,5,5,1,1,0,0,0,0,1,0
4716,1982,5,4,2,2,0,0,1,0,0,0
4716,1983,7,7,3,1,0,0,0,0,1,0
4716,1984,13,13,3,2,0,0,0,0,1,0
4716,1985,7,7,2,0,0,0,0,0,1,0
4716,1986,12,12,1,0,0,0,0,0,0,0
4726,1978,1,1,0,0,0,0,0,0,1,0
4738,1992,6,6,1,0,0,0,0,0,0,0
4738,1993,6,4,1,0,0,0,1,1,1,0
4738,1994,3,2,1,0,0,0,0,1,1,0
4741,1982,4,2,1,1,0,0,2,0,0,0
4766,1981,6,5,0,0,0,0,1,0,0,0
4766,1982,2,2,0,0,0,0,0,0,0,0
4766,1983,4,4,1,0,0,0,0,0,0,0
4766,1984,4,4,1,1,0,0,0,0,0,0
4766,1985,5,4,2,0,0,1,1,0,0,0
4766,1987,1,1,0,0,0,0,0,0,1,0
4766,1990,3,3,1,0,0,0,0,0,0,0
4772,1974,4,1,0,0,0,0,2,0,0,1
4772,1976,1,1,0,0,0,0,0,0,0,0
4772,1977,5,5,0,0,0,0,0,0,0,0
4772,1978,4,4,0,0,0,0,0,0,2,0
4772,1979,4,3,0,0,0,0,1,0,1,0
4772,1981,1,1,1,0,0,0,0,0,0,0
4772,1982,4,3,0,0,0,0,1,0,0,0
4777,1989,3,3,1,0,0,0,0,0,0,0
4784,1974,1,1,1,0,0,0,0,0,0,0
4784,1975,1,1,0,0,0,0,0,0,0,0
4784,1976,1,1,0,0,0,0,0,0,0,0
4805,1971,1,1,0,0,0,0,0,0,1,0
4805,1973,2,2,0,0,0,0,0,0,0,0
4805,1974,3,3,1,0,0,0,0,0,0,0
4811,1992,3,3,1,0,0,0,0,0,0,0
4815,1982,5,5,1,0,0,0,0,0,2,0
4815,1983,13,13,3,2,0,0,0,0,3,0
4815,1984,3,2,0,0,0,0,1,0,0,0
4815,1985,3,1,1,0,0,0,2,0,0,0
4815,1986,9,6,1,0,0,0,3,0,1,0
4815,1987,5,3,2,2,0,0,1,0,1,0
4815,1988,13,8,1,0,0,0,5,0,2,0
4815,1989,8,6,1,0,0,1,2,0,0,0
4815,1990,8,7,1,0,0,0,0,0,0,1
4815,1991,6,4,0,0,0,0,2,0,1,0
4817,1977,10,9,3,1,0,1,1,0,1,0
4817,1978,3,2,1,1,0,0,1,0,0,0
4817,1979,4,2,1,0,0,1,2,0,0,0
4817,1980,1,1,1,0,0,0,0,0,0,0
4817,1986,4,4,0,0,0,0,0,0,2,0
4817,1988,4,4,1,0,0,0,0,0,2,0
4822,1970,1,0,0,0,0,0,1,0,0,0
4822,1976,6,3,1,0,0,0,3,0,0,0
4822,1978,1,1,0,0,0,0,0,0,0,0
4826,1981,7,7,2,0,0,1,0,0,3,0
4826,1982,7,6,1,0,0,0,1,0,0,0
4826,1983,16,14,2,0,0,0,2,0,1,0
4826,1984,9,8,1,1,0,0,1,0,2,0
4826,1985,4,3,1,1,0,0,1,0,0,0
4826,1986,4,3,1,0,0,0,1,0,0,0
4826,1987,4,4,1,0,0,0,0,0,0,0
4826,1988,10,5,1,1,0,0,5,0,1,0
4826,1989,16,11,2,1,0,0,5,0,3,0
4826,1990,9,8,2,0,0,0,0,1,0,0
4826,1991,4,2,0,0,0,0,1,1,0,0
4826,1992,11,9,2,0,0,0,2,0,2,0
4829,1977,3,2,1,0,0,0,1,0,0,0
4829,1978,4,4,1,0,0,0,0,0,1,0
4829,1979,7,7,0,0,0,0,0,0,1,0
4829,1980,1,1,0,0,0,0,0,0,0,0
4829,1983,9,9,3,0,0,0,0,0,3,0
4829,1984,4,4,1,0,0,1,0,0,0,0
4840,1993,1,1,0,0,0,0,0,0,0,0
4840,1994,1,1,0,0,0,0,0,0,1,0
4879,1993,3,3,1,0,0,0,0,0,0,0
4894,1974,4,4,2,0,0,0,0,0,0,0
4894,1975,1,1,0,0,0,0,0,0,0,0
4894,1976,2,2,0,0,0,0,0,0,0,0
4907,1975,2,2,0,0,0,0,0,0,0,0
4907,1976,3,3,0,0,0,0,0,0,0,0
4907,1977,3,3,1,0,0,0,0,0,1,0
4907,1978,3,2,0,0,0,0,1,0,0,0
4907,1979,4,2,1,0,0,0,2,0,0,0
4907,1980,1,0,0,0,0,0,1,0,0,0
4908,1976,2,2,0,0,0,0,0,0,1,0
4908,1977,3,3,0,0,0,0,0,0,1,0
4908,1978,4,4,1,1,0,0,0,0,1,0
4908,1979,7,7,1,0,0,0,0,0,2,0
4908,1982,8,7,1,0,1,0,1,0,3,0
4908,1983,8,8,2,0,0,1,0,0,0,0
4908,1984,4,4,2,0,0,0,0,0,1,0
4908,1985,11,11,3,1,0,0,0,0,4,0
4908,1986,3,3,0,0,0,0,0,0,1,0
4909,1983,5,5,1,0,0,1,0,0,0,0
4938,1976,3,2,0,0,0,0,1,0,1,0
4938,1977,1,1,1,0,0,0,0,0,0,0
4952,1988,3,3,1,1,0,0,0,0,0,0
4956,1993,2,2,1,0,0,0,0,0,0,0
4956,1994,2,2,0,0,0,0,0,0,0,0
4975,1994,2,2,0,0,0,0,0,0,0,0
4981,1970,2,1,0,0,0,0,1,0,0,0
4981,1973,2,2,0,0,0,0,0,0,2,0
4981,1974,1,1,0,0,0,0,0,0,0,0
5001,1983,3,3,1,0,0,0,0,0,0,0
5001,1984,4,4,2,0,0,0,0,0,0,0
5001,1985,3,3,2,0,0,0,0,0,0,0
5001,1986,3,2,0,0,0,0,1,0,1,0
5001,1987,7,7,2,0,0,1,0,0,1,0
5001,1988,9,9,3,0,0,0,0,0,1,0
5001,1990,3,3,1,1,0,0,0,0,0,0
5001,1991,3,3,0,0,0,0,0,0,0,0
5005,1990,3,3,1,0,0,1,0,0,0,0
5005,1991,7,7,2,0,1,1,0,0,1,0
5005,1992,4,4,1,0,0,0,0,0,1,0
5005,1994,1,1,0,0,0,0,0,0,0,0
5014,1975,2,1,0,0,0,0,1,0,1,0
5014,1977,6,5,0,0,0,0,1,0,1,0
5014,1978,4,4,0,0,0,0,0,0,0,0
5014,1983,6,5,0,0,0,0,1,0,1,0
5014,1984,5,4,0,0,0,0,1,0,0,0
5024,1973,1,1,0,0,0,0,0,0,0,0
5024,1974,2,2,0,0,0,0,0,0,1,0
5038,1987,4,4,0,0,0,0,0,0,0,0
5062,1978,1,1,0,0,0,0,0,0,0,0
5071,1980,1,0,0,0,0,0,1,0,0,0
5071,1981,1,1,0,0,0,0,0,0,0,0
5071,1982,7,6,2,0,0,0,1,0,0,0
5071,1983,4,4,1,0,0,1,0,0,0,0
5071,1984,6,6,0,0,0,0,0,0,3,0
5071,1985,2,2,1,0,0,1,0,0,0,0
5071,1987,3,3,1,0,0,0,0,0,1,0
5071,1989,5,5,1,0,0,0,0,0,1,0
5081,1991,2,1,0,0,0,0,1,0,0,0
5091,1993,8,6,4,1,1,0,2,0,1,0
5091,1994,3,3,0,0,0,0,0,0,1,0
5134,1973,1,1,0,0,0,0,0,0,1,0
5146,1978,5,4,1,0,0,0,1,0,1,0
5146,1979,9,9,1,0,0,0,0,0,2,0
5146,1980,2,2,1,0,0,1,0,0,0,0
5148,1987,7,6,1,0,0,1,1,0,2,0
5148,1988,5,3,0,0,0,0,1,0,0,1
5148,1990,6,5,2,0,0,1,1,0,1,0
5148,1991,4,3,1,0,0,0,1,0,2,0
5148,1992,1,1,0,0,0,0,0,0,1,0
5174,1985,3,3,0,0,0,0,0,0,1,0
5185,1991,4,4,1,0,0,0,0,0,0,0
5185,1992,1,1,0,0,0,0,0,0,0,0
5190,1973,2,2,0,0,0,0,0,0,0,0
5191,1973,2,0,0,0,0,0,1,0,0,0
5199,1974,1,1,0,0,0,0,0,0,0,0
5199,1975,3,3,0,0,0,0,0,0,0,0
5199,1976,1,1,0,0,0,0,0,0,1,0
5200,1977,2,2,1,0,0,1,0,0,0,0
5200,1978,6,5,1,0,0,1,1,0,0,0
5200,1979,7,5,2,0,0,0,0,0,0,1
5200,1980,1,0,0,0,0,0,1,0,0,0
5202,1986,8,6,0,0,0,0,2,0,1,0
5202,1987,3,2,0,0,0,0,1,0,0,0
5202,1988,9,8,0,0,0,0,1,0,1,0
5202,1989,5,5,1,0,0,0,0,0,0,0
5202,1990,2,1,0,0,0,0,1,0,0,0
5206,1980,1,1,0,0,0,0,0,0,1,0
5206,1982,8,6,0,0,0,0,2,0,3,0
5206,1983,8,6,2,1,0,1,2,0,2,0
5208,1992,6,4,2,0,0,0,0,0,0,2
5215,1975,1,1,0,0,0,0,0,0,1,0
5215,1976,1,1,0,0,0,0,0,0,0,0
5216,1981,3,3,1,1,0,0,0,0,1,0
5216,1982,8,8,3,1,0,1,0,0,0,0
5216,1983,4,3,0,0,0,0,1,0,1,0
5216,1984,9,8,3,0,0,1,1,0,1,0
5216,1985,8,8,2,0,0,0,0,0,1,0
5216,1986,12,8,0,0,0,0,4,0,3,0
5216,1987,9,6,2,1,0,0,3,0,0,0
5216,1988,6,5,1,1,0,0,1,0,1,0
5216,1989,3,1,0,0,0,0,2,0,0,0
5216,1990,4,3,0,0,0,0,1,0,1,0
5216,1992,8,6,0,0,0,0,2,0,1,0
5221,1979,6,6,2,0,0,0,0,0,2,0
5221,1980,1,1,1,0,0,0,0,0,0,0
5221,1988,14,14,3,0,0,0,0,0,2,0
5221,1989,5,5,1,0,0,0,0,0,0,0
5256,1988,4,4,2,0,0,0,0,0,2,0
5265,1985,3,3,0,0,0,0,0,0,1,0
5265,1986,14,11,1,0,0,1,3,0,1,0
5265,1987,4,2,1,0,0,0,2,0,0,0
5271,1977,1,1,0,0,0,0,0,0,0,0
5278,1970,3,3,1,0,0,1,0,0,1,0
5278,1973,3,2,0,0,0,0,1,0,0,0
5278,1975,1,1,0,0,0,0,0,0,0,0
5278,1976,2,2,0,0,0,0,0,0,1,0
5279,1993,4,3,1,0,0,0,1,0,0,0
5279,1994,5,3,0,0,0,0,2,0,1,0
5280,1994,3,2,0,0,0,0,1,0,1,0
5290,1973,1,1,0,0,0,0,0,0,0,0
5290,1974,2,1,0,0,0,0,1,0,0,0
5296,1980,4,4,0,0,0,0,0,0,1,0
5310,1991,7,6,1,0,0,0,1,0,0,0
5310,1992,7,7,3,0,0,1,0,0,0,0
5316,1973,1,1,1,0,0,0,0,0,0,0
5316,1976,1,1,0,0,0,0,0,0,0,0
5316,1977,2,2,0,0,0,0,0,0,1,0
5316,1978,2,2,1,0,0,0,0,0,1,0
5319,1994,3,2,2,0,0,0,1,0,0,0
5335,1991,3,3,1,0,0,1,0,0,1,0
5335,1993,6,5,1,0,0,1,1,0,0,0
5335,1994,4,3,1,0,0,1,0,0,1,1
5347,1984,11,10,3,0,0,0,0,0,0,1
5348,1980,4,4,1,0,0,0,0,0,1,0
5348,1983,4,3,1,0,0,0,0,0,1,0
5348,1984,3,3,1,1,0,0,0,0,0,0
5348,1985,3,2,1,1,0,0,0,0,0,1
5348,1986,6,6,4,0,0,0,0,0,0,0
5348,1987,9,9,5,0,0,2,0,0,1,0
5363,1975,1,1,0,0,0,0,0,0,0,0
5363,1976,6,4,2,0,0,0,2,0,1,0
5363,1977,8,5,2,0,0,0,3,0,0,0
5363,1978,2,2,0,0,0,0,0,0,2,0
5363,1979,6,4,0,0,0,0,2,0,1,0
5363,1982,6,6,3,1,0,1,0,0,0,0
5375,1987,15,14,3,2,0,1,1,0,4,0
5375,1988,8,8,4,0,0,0,0,0,0,0
5375,1989,11,9,1,0,0,1,2,0,2,0
5375,1990,7,5,2,0,0,1,2,0,0,0
5379,1994,3,2,0,0,0,0,0,0,1,0
5394,1982,11,11,3,0,0,2,0,0,2,0
5394,1984,13,12,3,1,0,0,1,0,1,0
5394,1985,7,6,2,0,0,1,1,0,0,0
5394,1986,9,6,0,0,0,0,3,0,3,0
5394,1987,7,6,1,1,0,0,1,0,1,0
5395,1980,4,3,2,1,0,0,1,0,0,0
5395,1981,3,3,2,0,0,0,0,0,0,0
5395,1983,3,3,0,0,0,0,0,0,0,0
5395,1984,3,3,0,0,0,0,0,0,1,0
5401,1971,1,1,0,0,0,0,0,0,0,0
5405,1984,12,10,1,0,0,0,1,0,1,1
5405,1985,10,7,1,0,0,0,3,0,2,0
5405,1986,2,2,0,0,0,0,0,0,1,0
5405,1987,13,13,4,2,0,1,0,0,3,0
5405,1988,13,12,3,0,0,1,1,0,1,0
5405,1989,3,2,0,0,0,0,1,0,1,0
5405,1990,3,2,0,0,0,0,0,0,1,1
5414,1992,4,3,0,0,0,0,0,1,1,0
5419,1990,3,2,1,1,0,0,0,1,1,0
5419,1991,3,3,0,0,0,0,0,0,0,0
5421,1970,1,0,0,0,0,0,1,0,0,0
5423,1984,3,3,0,0,0,0,0,0,1,0
5423,1989,3,3,0,0,0,0,0,0,1,0
5452,1970,1,1,0,0,0,0,0,0,0,0
5453,1987,1,0,0,0,0,0,1,0,0,0
5453,1988,8,5,1,0,0,0,3,0,1,0
5453,1989,1,1,0,0,0,0,0,0,0,0
5461,1992,3,3,1,0,0,0,0,0,0,0
5461,1993,4,4,1,0,0,0,0,0,1,0
5461,1994,4,3,1,0,0,0,1,0,1,0
5467,1990,4,3,2,0,0,0,0,1,0,0
5470,1990,3,3,1,0,0,0,0,0,0,0
5477,1988,4,4,2,0,0,0,0,0,0,0
5477,1990,3,2,0,0,0,0,1,0,2,0
5492,1972,1,1,0,0,0,0,0,0,1,0
5504,1983,3,2,0,0,0,0,1,0,1,0
5504,1984,2,2,0,0,0,0,0,0,0,0
5534,1975,3,3,2,0,0,2,0,0,1,0
5534,1976,7,5,0,0,0,0,2,0,1,0
5534,1977,4,4,0,0,0,0,0,0,2,0
5534,1981,7,6,1,0,0,0,1,0,3,0
5534,1983,3,2,0,0,0,0,1,0,1,0
5534,1984,6,4,0,0,0,0,2,0,2,0
5534,1986,6,3,0,0,0,0,3,0,0,0
5545,1973,5,4,0,0,0,0,0,1,1,0
5545,1974,1,1,0,0,0,0,0,0,0,0
5545,1977,2,2,0,0,0,0,0,0,1,0
5552,1980,1,1,0,0,0,0,0,0,1,0
5553,1984,6,6,1,0,0,0,0,0,0,0
5553,1993,3,3,1,0,0,1,0,0,2,0
5553,1994,3,3,0,0,0,0,0,0,0,0
5555,1975,1,0,0,0,0,0,1,0,0,0
5555,1976,5,4,0,0,0,0,1,0,0,0
5555,1977,2,1,1,0,0,0,1,0,0,0
5555,1979,5,4,2,1,0,0,1,0,1,0
5571,1988,4,4,0,0,0,0,0,0,2,0
5571,1989,4,4,1,0,0,0,0,0,0,0
5571,1990,4,4,1,0,1,0,0,0,1,0
5572,1980,2,2,1,0,0,0,0,0,1,0
5594,1980,2,2,1,0,0,0,0,0,1,0
5613,1994,2,2,0,0,0,0,0,0,0,0
5620,1973,2,2,0,0,0,0,0,0,1,0
5620,1974,3,2,0,0,0,0,1,0,2,0
5644,1981,1,1,0,0,0,0,0,0,0,0
5652,1987,6,5,2,1,0,0,1,0,1,0
5653,1984,4,3,0,0,0,0,1,0,1,0
5653,1985,4,4,0,0,0,0,0,0,1,0
5653,1986,9,9,1,0,0,0,0,0,3,0
5657,1973,1,0,0,0,0,0,1,0,0,0
5657,1976,1,1,0,0,0,0,0,0,0,0
5663,1990,1,1,0,0,0,0,0,0,1,0
5664,1993,4,4,1,0,0,0,0,0,0,0
5670,1994,4,4,1,0,0,0,0,0,2,0
5673,1994,4,4,4,2,0,1,0,0,0,0
5678,1973,1,0,0,0,0,0,1,0,0,0
5678,1974,2,1,1,0,0,0,0,0,0,1
5678,1975,2,1,1,0,0,0,1,0,0,0
5678,1976,3,3,0,0,0,0,0,0,1,0
5678,1977,1,1,0,0,0,0,0,0,1,0
5678,1980,1,1,1,0,0,0,0,0,0,0
5685,1990,4,4,0,0,0,0,0,0,1,0
5689,1975,5,5,2,0,0,0,0,0,0,0
5689,1980,1,1,1,0,0,0,0,0,0,0
5695,1986,9,9,3,0,0,0,0,0,1,0
5695,1987,12,8,3,1,0,1,2,2,2,0
5695,1988,10,10,4,0,0,0,0,0,2,0
5695,1989,9,9,0,0,0,0,0,0,3,0
5695,1990,4,2,0,0,0,0,2,0,0,0
5695,1991,11,9,3,1,0,1,2,0,1,0
5695,1992,2,1,0,0,0,0,1,0,0,0
5710,1983,2,1,0,0,0,0,1,0,0,0
5713,1993,5,4,1,0,0,0,1,0,1,0
5713,1994,6,6,4,1,0,0,0,0,0,0
5715,1973,4,4,1,0,0,0,0,0,1,0
5715,1976,2,2,0,0,0,0,0,0,1,0
5717,1978,2,2,0,0,0,0,0,0,0,0
5736,1986,6,6,2,1,0,0,0,0,1,0
5736,1987,1,1,0,0,0,0,0,0,0,0
5736,1988,6,5,1,0,0,0,1,0,0,0
5736,1989,4,3,0,0,0,0,1,0,2,0
5736,1990,4,4,2,0,0,0,0,0,1,0
5741,1993,6,5,1,1,0,0,1,0,0,0
5741,1994,3,2,1,0,0,0,1,0,0,0
5762,1982,2,2,1,1,0,0,0,0,0,0
5762,1983,8,8,1,1,0,0,0,0,2,0
5762,1984,7,6,1,0,0,1,0,0,0,0
5762,1986,3,3,2,0,0,1,0,0,0,0
5776,1989,6,4,0,0,0,0,2,0,1,0
5776,1990,8,7,4,0,0,0,0,0,0,1
5776,1992,7,7,1,0,0,0,0,0,1,0
5776,1993,3,3,0,0,0,0,0,0,2,0
5776,1994,6,5,0,0,0,0,1,0,3,0
5787,1994,1,1,0,0,0,0,0,0,1,0
5791,1973,1,1,1,0,0,0,0,0,0,0
5791,1974,1,1,0,0,0,0,0,0,1,0
5791,1976,3,3,0,0,0,0,0,0,0,0
5791,1978,1,1,0,0,0,0,0,0,0,0
5791,1981,2,2,0,0,0,0,0,0,0,0
5793,1980,6,6,2,1,0,0,0,0,1,0
5809,1980,1,1,0,0,0,0,0,0,0,0
5809,1981,3,3,0,0,0,0,0,0,1,0
5809,1982,4,3,1,0,0,0,1,0,0,0
5809,1983,11,10,4,1,1,0,1,0,1,0
5809,1984,4,4,2,0,0,0,0,0,2,0
5812,1973,2,2,0,0,0,0,0,0,0,0
5812,1974,2,2,0,0,0,0,0,0,0,0
5812,1975,1,1,0,0,0,0,0,0,0,0
5812,1976,8,7,1,1,0,0,0,1,2,0
5821,1978,1,1,0,0,0,0,0,0,0,0
5821,1979,2,1,0,0,0,0,1,0,1,0
5825,1987,14,12,3,1,0,0,2,0,3,0
5825,1988,6,6,0,0,0,0,0,0,0,0
5827,1992,3,2,1,0,0,0,0,0,1,1
5827,1993,8,7,1,0,0,0,1,0,2,0
5827,1994,5,3,1,0,1,0,2,0,1,0
5847,1970,3,3,2,0,0,0,0,0,0,0
5847,1973,2,1,0,0,0,0,1,0,0,0
5847,1974,4,3,0,0,0,0,0,0,1,0
5847,1975,1,1,0,0,0,0,0,0,0,0
5847,1976,2,2,1,0,1,0,0,0,0,0
5847,1977,3,3,0,0,0,0,0,0,2,0
5871,1993,2,2,0,0,0,0,0,0,0,0
5872,1993,2,2,0,0,0,0,0,0,0,0
5885,1980,1,1,1,0,0,0,0,0,0,0
5891,1973,3,3,1,0,1,0,0,0,2,0
5891,1974,2,2,0,0,0,0,0,0,1,0
5891,1975,2,1,0,0,0,0,0,1,0,0
5891,1976,4,3,1,0,0,1,1,0,1,0
5891,1977,5,4,1,0,0,0,1,0,0,0
5891,1978,2,2,1,0,0,0,0,0,0,0
5891,1979,9,8,3,0,0,2,1,0,0,0
5891,1984,5,5,2,1,0,0,0,0,0,0
5891,1985,6,6,1,0,0,0,0,0,1,0
5891,1986,9,9,2,0,0,1,0,0,1,0
5894,1973,1,1,0,0,0,0,0,0,0,0
5895,1993,12,10,5,1,0,0,2,0,1,0
5895,1994,3,2,0,0,0,0,1,0,0,0
5899,1986,7,6,2,0,1,0,1,0,1,0
5899,1987,6,5,0,0,0,0,0,0,0,1
5899,1989,3,2,0,0,0,0,1,0,0,0
5899,1994,4,4,2,1,0,0,0,0,0,0
5923,1974,2,2,0,0,0,0,0,0,0,0
5923,1975,1,1,0,0,0,0,0,0,0,0
5923,1976,2,2,0,0,0,0,0,0,0,0
5923,1977,1,0,0,0,0,0,1,0,0,0
5930,1983,3,3,1,0,0,0,0,0,1,0
5930,1984,7,6,0,0,0,0,0,1,4,0
5930,1986,3,3,0,0,0,0,0,0,0,0
5940,1994,6,6,2,0,1,0,0,0,1,0
5955,1982,3,3,1,0,0,0,0,0,0,0
5963,1978,1,1,0,0,0,0,0,0,0,0
5967,1978,1,1,0,0,0,0,0,0,1,0
5967,1979,2,2,2,1,0,0,0,0,0,0
5967,1980,4,4,2,0,0,1,0,0,0,0
5967,1987,11,10,1,1,0,0,0,1,2,0
5967,1988,3,2,0,0,0,0,1,0,0,0
5969,1991,4,4,1,0,0,0,0,0,0,0
5969,1992,12,9,3,0,0,0,3,0,1,0
6007,1989,3,1,1,0,0,1,2,0,0,0
6007,1990,1,1,1,0,0,0,0,0,0,0
6007,1991,2,1,0,0,0,0,1,0,1,0
6015,1974,2,1,0,0,0,0,0,0,1,0
6015,1978,1,1,0,0,0,0,0,0,0,0
6024,1973,1,1,1,0,0,0,0,0,0,0
6044,1973,2,2,1,0,0,0,0,0,0,0
6044,1974,1,0,0,0,0,0,1,0,0,0
6044,1976,2,1,0,0,0,0,1,0,0,0
6044,1977,1,1,0,0,0,0,0,0,0,0
6044,1979,1,1,0,0,0,0,0,0,0,0
6058,1981,3,3,1,0,0,0,0,0,0,0
6076,1993,11,10,4,0,0,0,1,0,2,0
6076,1994,1,1,1,0,0,0,0,0,0,0
6077,1978,1,1,0,0,0,0,0,0,0,0
6077,1979,2,2,1,0,0,0,0,0,0,0
6085,1975,2,2,1,0,0,0,0,0,0,0
6085,1976,2,2,1,0,0,0,0,0,0,0
6086,1980,4,3,1,0,0,0,1,0,0,0
6096,1981,1,1,1,0,0,0,0,0,0,0
6119,1980,1,1,0,0,0,0,0,0,1,0
6120,1979,2,2,0,0,0,0,0,0,0,0
6120,1980,1,1,0,0,0,0,0,0,1,0
6121,1974,1,1,1,1,0,0,0,0,0,0
6121,1976,3,2,0,0,0,0,1,0,0,0
6123,1976,3,2,0,0,0,0,0,1,0,0
6123,1979,1,1,0,0,0,0,0,0,0,0
6123,1985,4,3,0,0,0,0,1,0,2,0
6123,1986,4,4,0,0,0,0,0,0,1,0
6142,1993,2,2,0,0,0,0,0,0,0,0
6171,1980,2,1,0,0,0,0,1,0,0,0
6173,1979,4,3,1,1,0,0,0,0,0,0
6173,1980,1,0,0,0,0,0,1,0,0,0
6186,1970,1,1,1,0,0,0,0,0,0,0
6189,1993,6,3,1,0,0,0,2,0,1,1
6189,1994,4,4,0,0,0,0,0,0,1,0
6191,1980,4,3,2,1,0,0,1,0,1,0
6191,1981,1,1,1,0,0,0,0,0,0,0
6191,1983,8,7,2,0,0,1,1,0,0,0
6191,1984,9,9,1,0,0,0,0,0,1,0
6191,1985,6,6,1,1,0,0,0,0,0,0
6191,1986,10,9,1,0,0,1,1,0,2,0
6191,1987,13,12,2,2,0,0,1,0,0,0
6191,1988,8,8,0,0,0,0,0,0,0,0
6191,1989,8,6,0,0,0,0,2,0,0,0
6191,1990,12,10,5,0,0,0,2,0,0,0
6191,1992,11,10,3,0,0,0,1,0,0,0
6193,1993,6,5,4,2,0,0,1,0,0,0
6193,1994,4,4,2,0,0,0,0,0,0,0
6202,1993,3,3,0,0,0,0,0,0,1,0
6202,1994,8,6,3,1,1,1,1,0,0,0
6203,1987,12,12,4,1,0,0,0,0,1,0
6203,1988,6,4,1,1,0,0,1,1,2,0
6203,1989,6,6,1,1,0,0,0,0,0,0
6203,1990,7,5,3,1,0,0,2,0,1,0
6203,1991,3,2,0,0,0,0,1,0,0,0
6203,1992,11,10,4,1,0,0,1,0,0,0
6210,1974,1,1,0,0,0,0,0,0,0,0
6232,1982,3,3,1,0,0,0,0,0,0,0
6232,1984,8,7,1,0,0,0,1,0,3,0
6232,1987,6,6,2,0,0,0,0,0,1,0
6232,1988,5,5,4,1,0,1,0,0,1,0
6232,1989,3,2,0,0,0,0,1,0,1,0
6241,1983,7,6,1,0,0,0,1,0,1,0
6241,1984,13,11,2,0,0,0,1,1,2,0
6241,1985,8,8,1,1,0,0,0,0,2,0
6241,1986,8,8,1,0,0,0,0,0,3,0
6243,1983,6,5,3,0,1,0,1,0,1,0
6243,1984,11,11,1,0,0,0,0,0,2,0
6243,1991,6,4,1,0,0,0,1,0,1,0
6247,1989,1,1,0,0,0,0,0,0,1,0
6269,1981,2,2,0,0,0,0,0,0,1,0
6269,1982,2,1,0,0,0,0,1,0,0,0
6269,1983,8,8,2,1,0,0,0,0,4,0
6269,1987,3,3,0,0,0,0,0,0,0,0
6269,1988,4,3,1,0,0,0,1,0,1,0
6305,1973,3,3,3,1,0,0,0,0,0,0
6306,1988,5,4,0,0,0,0,1,0,1,0
6306,1989,3,3,1,1,0,0,0,0,0,0
6306,1990,6,6,1,0,0,0,0,0,0,0
6306,1991,5,5,2,0,0,0,0,0,0,0
6306,1992,5,4,3,0,0,0,1,0,0,0
6315,1985,4,4,0,0,0,0,0,0,1,0
6320,1980,1,1,0,0,0,0,0,0,1,0
6320,1981,2,2,0,0,0,0,0,0,0,0
6320,1982,4,4,0,0,0,0,0,0,1,0
6328,1980,2,2,0,0,0,0,0,0,0,0
6336,1992,6,5,0,0,0,0,1,0,0,0
6343,1975,1,1,0,0,0,0,0,0,0,0
6343,1977,4,4,2,1,0,0,0,0,1,0
6343,1978,3,3,0,0,0,0,0,0,1,0
6343,1979,3,2,0,0,0,0,1,0,0,0
6343,1985,3,3,0,0,0,0,0,0,1,0
6344,1994,6,6,1,0,0,0,0,0,1,0
6345,1980,2,1,0,0,0,0,1,0,0,0
6345,1981,3,2,0,0,0,0,0,0,1,1
6345,1982,4,4,2,1,0,0,0,0,1,0
6345,1983,4,3,1,1,0,0,0,1,1,0
6345,1984,7,6,1,0,0,0,1,0,1,0
6345,1985,9,8,0,0,0,0,1,0,1,0
6345,1986,3,3,0,0,0,0,0,0,1,0
6345,1987,4,3,0,0,0,0,1,0,2,0
6345,1988,6,6,2,0,0,0,0,0,1,0
6345,1989,6,5,2,0,0,0,0,1,0,0
6359,1979,6,6,2,0,0,0,0,0,0,0
6359,1980,1,1,1,1,0,0,0,0,0,0
6359,1989,13,11,2,0,0,0,1,0,0,1
6359,1990,2,2,1,0,0,0,0,0,1,0
6368,1979,1,1,1,0,0,0,0,0,0,0
6387,1990,1,1,0,0,0,0,0,0,0,0
6387,1994,7,6,0,0,0,0,0,0,3,0
6394,1991,3,2,0,0,0,0,1,0,0,0
6394,1992,4,4,0,0,0,0,0,0,1,0
6403,1990,3,2,1,0,0,0,0,1,0,0
6403,1991,1,1,0,0,0,0,0,0,1,0
6454,1974,5,4,1,0,0,0,1,0,0,0
6454,1975,1,1,0,0,0,0,0,0,1,0
6462,1989,5,5,0,0,0,0,0,0,1,0
6462,1990,2,2,0,0,0,0,0,0,0,0
6462,1994,5,5,2,0,0,0,0,0,0,0
6467,1992,4,2,0,0,0,0,2,0,0,0
6469,1985,4,3,1,0,0,0,1,0,0,0
6471,1979,5,5,2,0,0,0,0,0,2,0
6479,1978,1,1,0,0,0,0,0,0,0,0
6501,1973,2,1,0,0,0,0,1,0,0,0
6501,1975,5,5,1,0,0,0,0,0,1,0
6503,1994,1,1,0,0,0,0,0,0,1,0
6505,1976,2,2,1,0,0,0,0,0,1,0
6505,1977,1,0,0,0,0,0,0,0,0,0
6516,1992,4,4,1,1,0,0,0,0,0,0
6525,1979,1,0,0,0,0,0,0,0,0,0
6534,1986,12,12,1,0,0,0,0,0,2,0
6534,1988,2,1,0,0,0,0,1,0,1,0
6537,1974,1,1,0,0,0,0,0,0,0,0
6537,1977,1,1,0,0,0,0,0,0,0,0
6548,1994,3,3,1,0,0,0,0,0,0,0
6552,1993,1,1,0,0,0,0,0,0,1,0
6564,1982,7,5,0,0,0,0,2,0,1,0
6564,1983,16,14,2,0,0,0,2,0,4,0
6568,1994,3,2,0,0,0,0,1,0,1,0
6576,1991,2,2,0,0,0,0,0,0,1,0
6577,1994,4,3,0,0,0,0,0,1,0,0
6609,1989,4,4,0,0,0,0,0,0,1,0
6614,1980,2,2,0,0,0,0,0,0,1,0
6614,1982,3,2,1,0,0,0,1,0,0,0
6614,1983,6,4,3,0,0,2,2,0,1,0
6614,1984,4,3,0,0,0,0,1,0,2,0
6614,1985,6,5,0,0,0,0,1,0,1,0
6622,1986,3,3,1,0,0,0,0,0,2,0
6657,1970,1,1,1,1,0,0,0,0,0,0
6657,1973,4,3,2,1,0,0,1,0,1,0
6657,1974,2,2,1,0,0,1,0,0,0,0
6657,1975,3,2,0,0,0,0,1,0,0,0
6657,1976,2,1,0,0,0,0,1,0,1,0
6657,1977,1,1,0,0,0,0,0,0,0,0
6657,1978,2,2,0,0,0,0,0,0,1,0
6657,1979,2,2,2,0,0,0,0,0,0,0
6667,1990,3,3,1,0,0,0,0,0,0,0
6667,1991,1,0,0,0,0,0,1,0,0,0
6673,1973,5,4,0,0,0,0,0,1,2,0
6673,1974,1,1,0,0,0,0,0,0,0,0
6673,1975,1,1,0,0,0,0,0,0,1,0
6673,1976,7,6,1,0,0,0,1,0,0,0
6673,1977,3,3,1,0,0,0,0,0,1,0
6673,1978,2,2,1,0,0,0,0,0,1,0
6673,1979,4,3,2,1,0,0,0,1,0,0
6673,1980,2,1,0,0,0,0,1,0,1,0
6673,1981,2,1,1,0,0,1,0,1,0,0
6673,1982,4,4,0,0,0,0,0,0,2,0
6673,1983,3,3,0,0,0,0,0,0,1,0
6673,1984,1,1,0,0,0,0,0,0,0,0
6681,1980,3,2,0,0,0,0,1,0,0,0
6681,1982,10,9,3,0,0,2,1,0,0,0
6681,1983,3,2,2,0,0,0,1,0,0,0
6681,1984,9,8,2,0,0,0,1,0,0,0
6681,1985,11,9,0,0,0,0,2,0,0,0
6681,1986,4,4,1,1,0,0,0,0,0,0
6681,1987,12,11,3,1,0,1,1,0,2,0
6681,1988,8,7,1,0,0,0,0,0,2,1
6681,1989,7,6,1,0,0,0,1,0,0,0
6687,1985,3,3,0,0,0,0,0,0,3,0
6687,1988,12,7,2,1,0,0,5,0,0,0
6687,1989,4,4,0,0,0,0,0,0,1,0
6687,1990,4,4,2,1,0,0,0,0,1,0
6687,1991,3,3,2,1,0,0,0,0,0,0
6687,1992,1,1,0,0,0,0,0,0,0,0
6690,1976,1,1,0,0,0,0,0,0,0,0
6692,1990,3,2,1,0,0,1,1,0,0,0
6692,1991,1,0,0,0,0,0,1,0,0,0
6692,1992,3,3,0,0,0,0,0,0,0,0
6699,1988,5,3,1,0,0,0,1,1,1,0
6699,1990,9,6,1,0,0,0,3,0,3,0
6699,1991,3,3,0,0,0,0,0,0,1,0
6699,1992,4,4,2,0,1,0,0,0,0,0
6708,1979,1,1,0,0,0,0,0,0,1,0
6720,1975,1,1,0,0,0,0,0,0,1,0
6720,1976,2,2,2,0,0,0,0,0,0,0
6720,1977,1,1,0,0,0,0,0,0,0,0
6720,1980,3,3,0,0,0,0,0,0,2,0
6720,1981,2,2,0,0,0,0,0,0,1,0
6723,1991,3,3,1,0,0,1,0,0,0,0
6723,1992,12,11,5,1,0,0,1,0,0,0
6724,1979,3,2,0,0,0,0,1,0,1,0
6733,1978,2,2,1,0,0,0,0,0,0,0
6733,1979,3,2,0,0,0,0,1,0,0,0
6733,1980,1,1,0,0,0,0,0,0,1,0
6734,1973,3,3,0,0,0,0,0,0,2,0
6734,1974,4,4,1,0,0,0,0,0,0,0
6734,1975,1,1,0,0,0,0,0,0,0,0
6734,1976,5,4,2,0,0,0,1,0,2,0
6734,1977,4,4,3,0,1,0,0,0,0,0
6734,1978,2,2,0,0,0,0,0,0,0,0
6734,1979,5,4,1,1,0,0,1,0,0,0
6734,1980,1,1,0,0,0,0,0,0,1,0
6735,1993,2,2,0,0,0,0,0,0,0,0
6743,1974,4,4,1,0,0,0,0,0,2,0
6743,1976,5,5,3,0,0,0,0,0,1,0
6743,1977,5,5,0,0,0,0,0,0,1,0
6743,1978,1,1,0,0,0,0,0,0,0,0
6743,1979,6,6,3,0,0,0,0,0,0,0
6743,1980,1,0,0,0,0,0,1,0,0,0
6743,1987,4,2,1,0,0,0,0,1,0,0
6793,1990,4,3,0,0,0,0,1,0,1,0
6793,1991,3,3,0,0,0,0,0,0,1,0
6793,1992,5,5,1,0,0,1,0,0,1,0
6797,1981,4,4,1,0,0,0,0,0,0,0
6816,1975,1,1,0,0,0,0,0,0,0,0
6816,1976,1,1,1,0,0,0,0,0,0,0
6825,1980,2,2,1,0,0,0,0,0,0,0
6825,1982,8,8,2,0,0,0,0,0,0,0
6825,1983,9,8,2,0,0,0,1,0,1,0
6825,1984,4,4,0,0,0,0,0,0,0,0
6825,1985,2,1,0,0,0,0,1,0,0,0
6829,1987,3,2,0,0,0,0,1,0,1,0
6829,1988,3,2,0,0,0,0,0,0,1,0
6829,1990,4,3,0,0,0,0,0,0,1,1
6832,1991,3,2,0,0,0,0,1,0,0,0
6840,1994,5,5,0,0,0,0,0,0,0,0
6856,1970,1,1,0,0,0,0,0,0,1,0
6893,1977,1,1,1,0,0,0,0,0,0,0
6897,1993,13,11,4,1,0,2,2,0,2,0
6897,1994,3,3,1,0,0,0,0,0,1,0
6906,1980,2,1,0,0,0,0,0,1,1,0
6909,1991,3,3,1,0,0,0,0,0,0,0
6910,1989,4,3,0,0,0,0,1,0,1,0
6910,1990,8,8,3,0,0,0,0,0,0,0
6910,1991,1,1,1,0,0,0,0,0,0,0
6910,1992,4,4,1,0,0,0,0,0,1,0
6911,1991,4,4,0,0,0,0,0,0,2,0
6924,1989,4,3,1,0,0,0,1,0,1,0
6924,1990,5,4,1,0,0,0,1,0,0,0
6924,1991,10,10,0,0,0,0,0,0,2,0
6924,1992,8,6,3,0,0,1,2,0,0,0
6933,1976,1,1,0,0,0,0,0,0,0,0
6933,1977,1,0,0,0,0,0,0,1,0,0
6933,1978,4,4,1,0,0,0,0,0,1,0
6933,1979,5,4,0,0,0,0,0,1,2,0
6933,1982,12,11,3,0,0,0,1,0,1,0
6981,1990,3,2,1,0,0,0,1,0,0,0
6981,1991,6,6,1,0,0,0,0,0,1,0
6981,1992,10,7,0,0,0,0,3,0,1,0
6984,1974,2,2,0,0,0,0,0,0,1,0
6990,1987,2,2,0,0,0,0,0,0,1,0
6990,1988,3,3,0,0,0,0,0,0,0,0
7031,1974,1,1,0,0,0,0,0,0,0,0
7031,1975,1,1,0,0,0,0,0,0,1,0
7031,1976,1,1,0,0,0,0,0,0,1,0
7046,1983,7,7,2,1,0,0,0,0,1,0
7046,1984,8,8,3,1,0,0,0,0,0,0
7046,1985,4,2,0,0,0,0,2,0,0,0
7046,1986,6,5,2,0,0,2,1,0,1,0
7046,1987,3,3,1,0,0,1,0,0,0,0
7046,1988,9,9,2,0,0,1,0,0,2,0
7046,1989,7,6,2,0,0,0,1,0,0,0
7046,1990,6,4,0,0,0,0,2,0,0,0
7046,1991,1,0,0,0,0,0,1,0,0,0
7046,1992,7,6,1,1,0,0,1,0,1,0
7047,1973,3,2,1,0,0,0,1,0,0,0
7047,1974,5,5,0,0,0,0,0,0,1,0
7047,1975,4,2,0,0,0,0,2,0,0,0
7047,1976,9,7,0,0,0,0,2,0,1,0
7047,1977,14,13,2,0,0,1,1,0,2,0
7047,1978,6,3,0,0,0,0,3,0,1,0
7047,1979,10,10,2,1,0,0,0,0,1,0
7047,1980,3,3,0,0,0,0,0,0,1,0
7056,1985,4,4,1,1,0,0,0,0,0,0
7075,1993,3,3,0,0,0,0,0,0,1,0
7075,1994,3,3,1,0,0,1,0,0,0,0
7078,1975,5,4,0,0,0,0,1,0,1,0
7078,1976,4,4,1,1,0,0,0,0,1,0
7082,1970,1,1,0,0,0,0,0,0,0,0
7082,1973,7,5,1,0,0,0,2,0,2,0
7082,1974,4,3,1,0,0,1,0,1,1,0
7082,1982,1,1,0,0,0,0,0,0,0,0
7083,1974,4,2,0,0,0,0,1,0,0,1
7083,1975,3,3,1,1,0,0,0,0,0,0
7090,1981,1,1,0,0,0,0,0,0,0,0
7090,1982,3,3,1,0,0,0,0,0,1,0
7095,1991,2,2,1,0,0,0,0,0,0,0
7095,1992,2,2,0,0,0,0,0,0,0,0
7104,1970,2,2,1,0,0,0,0,0,1,0
7109,1977,7,4,2,0,1,0,3,0,1,0
7109,1978,3,3,2,0,0,1,0,0,1,0
7109,1979,5,4,2,0,0,0,1,0,1,0
7109,1989,3,3,1,0,0,1,0,0,0,0
7114,1974,1,1,0,0,0,0,0,0,0,0
7121,1974,4,3,0,0,0,0,1,0,0,0
7121,1976,1,1,0,0,0,0,0,0,0,0
7121,1978,4,4,2,0,0,0,0,0,1,0
7121,1979,3,3,0,0,0,0,0,0,0,0
7121,1980,1,1,0,0,0,0,0,0,0,0
7121,1982,6,6,4,0,0,0,0,0,0,0
7121,1983,10,9,2,0,0,0,1,0,1,0
7144,1973,1,1,0,0,0,0,0,0,0,0
7144,1974,2,1,0,0,0,0,1,0,0,0
7144,1976,3,2,0,0,0,0,1,0,0,0
7144,1977,3,3,1,0,0,0,0,0,0,0
7144,1978,2,1,0,0,0,0,0,1,0,0
7164,1970,2,1,0,0,0,0,1,0,0,0
7164,1973,5,5,0,0,0,0,0,0,1,0
7164,1974,2,2,0,0,0,0,0,0,0,0
7164,1975,5,4,0,0,0,0,1,0,0,0
7164,1976,1,0,0,0,0,0,1,0,0,0
7164,1977,6,5,0,0,0,0,1,0,3,0
7164,1978,1,1,0,0,0,0,0,0,0,0
7164,1979,1,1,1,0,0,0,0,0,0,0
7213,1990,5,4,0,0,0,0,1,0,1,0
7213,1994,3,3,1,0,0,0,0,0,0,0
7219,1975,1,0,0,0,0,0,0,0,0,0
7219,1979,3,3,1,0,0,0,0,0,0,0
7224,1987,10,7,4,0,0,1,3,0,2,0
7224,1988,7,4,0,0,0,0,2,0,0,1
7224,1989,6,5,0,0,0,0,1,0,2,0
7224,1990,9,7,2,0,0,0,2,0,1,0
7224,1993,6,6,1,0,0,0,0,0,1,0
7224,1994,6,5,1,0,0,0,1,0,1,0
7237,1987,11,11,1,1,0,0,0,0,5,0
7237,1988,4,3,0,0,0,0,1,0,0,0
7237,1989,8,5,3,0,0,2,2,0,0,1
7237,1990,8,6,2,0,0,0,2,0,0,0
7237,1991,6,5,1,1,0,0,0,1,1,0
7237,1992,13,11,1,0,0,1,1,0,2,1
7245,1981,3,1,1,0,0,0,2,0,0,0
7256,1993,1,1,1,0,0,0,0,0,0,0
7264,1986,3,1,0,0,0,0,1,0,1,0
7264,1987,3,3,0,0,0,0,0,0,2,0
7293,1990,4,4,2,0,0,0,0,0,1,0
7293,1991,9,9,3,2,0,0,0,0,2,0
7293,1992,4,4,1,0,0,0,0,0,1,0
7294,1980,3,2,1,0,0,0,1,0,0,0
7294,1981,2,2,1,0,0,0,0,0,1,0
7294,1982,17,16,5,2,0,0,1,0,2,0
7294,1983,7,6,2,0,0,1,1,0,1,0
7294,1984,1,1,0,0,0,0,0,0,0,0
7294,1985,8,7,0,0,0,0,1,0,2,0
7294,1986,1,1,0,0,0,0,0,0,0,0
7296,1992,4,2,0,0,0,0,2,0,1,0
7298,1984,4,4,1,0,0,0,0,0,1,0
7298,1985,3,3,0,0,0,0,0,0,3,0
7330,1985,2,0,0,0,0,0,2,0,0,0
7348,1974,1,1,0,0,0,0,0,0,0,0
7348,1975,1,1,0,0,0,0,0,0,0,0
7348,1976,2,2,0,0,0,0,0,0,1,0
7359,1985,2,2,0,0,0,0,0,0,0,0
7359,1991,3,3,0,0,0,0,0,0,0,0
7369,1974,3,3,0,0,0,0,0,0,1,0
7369,1976,1,1,0,0,0,0,0,0,0,0
7369,1977,1,1,0,0,0,0,0,0,1,0
7369,1978,1,1,0,0,0,0,0,0,1,0
7369,1980,1,1,0,0,0,0,0,0,0,0
7381,1972,1,1,1,0,0,0,0,0,0,0
7381,1973,2,1,0,0,0,0,1,0,0,0
7382,1978,1,1,0,0,0,0,0,0,0,0
7382,1979,2,2,0,0,0,0,0,0,0,0
7388,1994,2,2,1,0,0,0,0,0,1,0
7394,1993,12,10,2,0,0,0,2,0,2,0
7394,1994,3,3,1,1,0,0,0,0,0,0
7419,1973,6,5,0,0,0,0,1,0,0,0
7419,1974,4,4,3,0,1,0,0,0,0,0
7419,1975,4,3,0,0,0,0,1,0,0,0
7419,1976,5,5,1,1,0,0,0,0,0,0
7419,1978,5,3,0,0,0,0,2,0,0,0
7419,1979,3,3,1,1,0,0,0,0,1,0
7420,1990,3,3,1,0,0,1,0,0,0,0
7420,1991,1,1,0,0,0,0,0,0,0,0
7427,1980,1,1,0,0,0,0,0,0,0,0
7427,1981,5,5,0,0,0,0,0,0,1,0
7427,1982,4,2,1,0,0,0,1,0,0,0
7427,1983,11,9,0,0,0,0,2,0,0,0
7451,1974,1,1,0,0,0,0,0,0,0,0
7451,1975,2,2,0,0,0,0,0,0,0,0
7451,1976,4,2,0,0,0,0,2,0,0,0
7451,1982,6,6,2,0,0,0,0,0,1,0
7451,1984,4,4,1,0,0,0,0,0,0,0
7466,1980,1,1,0,0,0,0,0,0,0,0
7469,1974,3,3,1,0,0,0,0,0,0,0
7469,1975,2,2,0,0,0,0,0,0,0,0
7471,1985,1,1,0,0,0,0,0,0,1,0
7471,1986,3,3,0,0,0,0,0,0,1,0
7471,1988,1,1,1,0,0,0,0,0,0,0
7476,1979,4,4,4,0,0,0,0,0,0,0
7476,1982,5,3,0,0,0,0,0,2,1,0
7478,1970,1,1,0,0,0,0,0,0,0,0
7478,1973,2,2,1,0,0,0,0,0,0,0
7478,1974,3,2,0,0,0,0,0,1,0,0
7478,1975,1,1,0,0,0,0,0,0,0,0
7478,1976,4,3,1,0,0,0,1,0,0,0
7478,1977,3,1,0,0,0,0,2,0,0,0
7504,1981,2,1,1,1,0,0,1,0,0,0
7504,1982,7,7,2,0,0,0,0,0,0,0
7504,1984,1,1,0,0,0,0,0,0,0,0
7505,1989,2,2,1,1,0,0,0,0,1,0
7505,1990,10,8,0,0,0,0,2,0,1,0
7505,1991,5,4,2,0,0,0,1,0,1,0
7505,1992,7,5,0,0,0,0,2,0,1,0
7505,1993,5,5,0,0,0,0,0,0,3,0
7520,1973,1,0,0,0,0,0,1,0,0,0
7520,1974,3,3,1,0,0,0,0,0,0,0
7520,1976,4,2,1,1,0,0,2,0,0,0
7520,1977,5,2,0,0,0,0,3,0,1,0
7520,1979,6,5,2,0,0,0,1,0,0,0
7552,1982,9,8,2,1,0,0,1,0,1,0
7560,1992,4,4,0,0,0,0,0,0,0,0
7560,1994,8,7,4,1,0,2,1,0,1,0
7566,1974,3,3,2,1,0,0,0,0,1,0
7566,1976,2,2,0,0,0,0,0,0,0,0
7566,1977,3,3,2,1,0,0,0,0,0,0
7834,1974,1,1,0,0,0,0,0,0,0,0
7834,1975,2,2,1,0,1,0,0,0,0,0
7834,1976,1,1,0,0,0,0,0,0,1,0
7846,1981,3,3,0,0,0,0,0,0,0,0
7846,1982,8,7,1,1,0,0,1,0,1,0
7846,1983,11,10,2,0,0,1,1,0,2,0
7846,1985,7,7,2,0,0,0,0,0,0,0
7846,1986,5,3,0,0,0,0,2,0,0,0
7846,1987,3,3,3,1,0,0,0,0,0,0
7846,1988,3,3,0,0,0,0,0,0,0,0
7846,1990,4,4,2,2,0,0,0,0,1,0
7846,1991,9,8,3,0,0,0,1,0,2,0
7846,1992,4,3,2,0,0,0,1,0,0,0
7858,1973,3,2,0,0,0,0,1,0,1,0
7858,1974,1,1,0,0,0,0,0,0,0,0
7858,1976,6,5,2,0,0,1,1,0,0,0
7859,1993,3,3,1,0,0,0,0,0,0,0
7859,1994,3,3,0,0,0,0,0,0,0,0
7861,1981,3,2,0,0,0,0,1,0,1,0
7861,1982,2,2,2,0,0,1,0,0,0,0
7878,1974,1,1,1,0,0,1,0,0,0,0
7878,1977,2,2,0,0,0,0,0,0,1,0
7897,1973,5,3,2,0,0,0,2,0,0,0
7897,1974,1,1,0,0,0,0,0,0,0,0
7897,1975,2,2,1,0,0,0,0,0,1,0
7897,1976,5,4,0,0,0,0,1,0,1,0
7897,1977,12,10,3,0,0,1,2,0,2,0
7897,1978,3,3,1,0,0,0,0,0,0,0
7897,1979,3,3,0,0,0,0,0,0,2,0
7897,1980,3,2,1,0,0,0,1,0,0,0
7910,1991,1,1,0,0,0,0,0,0,1,0
7914,1981,3,2,0,0,0,0,1,0,0,0
7914,1982,2,2,1,1,0,0,0,0,0,0
7914,1983,5,5,1,1,0,0,0,0,0,0
7914,1985,2,2,1,1,0,0,0,0,0,0
7914,1986,1,0,0,0,0,0,1,0,0,0
7920,1976,2,0,0,0,0,0,1,0,0,0
7920,1977,4,1,0,0,0,0,3,0,0,0
7943,1976,5,5,2,0,0,1,0,0,0,0
7943,1980,2,2,0,0,0,0,0,0,0,0
7946,1972,1,1,0,0,0,0,0,0,0,0
7946,1973,2,2,1,0,0,0,0,0,0,0
7946,1974,7,6,2,1,0,0,1,0,0,0
7946,1975,1,1,0,0,0,0,0,0,0,0
7946,1976,2,2,0,0,0,0,0,0,1,0
7946,1977,4,4,2,0,0,0,0,0,1,0
7946,1978,4,3,0,0,0,0,1,0,0,0
7949,1993,9,9,2,0,0,0,0,0,0,0
7949,1994,1,1,1,0,0,0,0,0,0,0
7952,1973,1,1,0,0,0,0,0,0,1,0
7966,1980,1,1,0,0,0,0,0,0,0,0
7967,1989,3,3,0,0,0,0,0,0,0,0
7969,1977,1,0,0,0,0,0,1,0,0,0
7969,1978,2,2,0,0,0,0,0,0,1,0
7969,1979,6,6,1,0,0,0,0,0,2,0
7969,1980,1,1,1,0,0,0,0,0,0,0
7969,1984,8,8,1,1,0,0,0,0,2,0
7969,1985,3,3,1,1,0,0,0,0,0,0
7977,1973,5,3,2,1,0,0,2,0,0,0
7977,1974,4,1,1,0,0,1,3,0,0,0
7977,1975,5,2,0,0,0,0,2,1,0,0
7977,1976,5,3,0,0,0,0,2,0,0,0
7977,1977,2,2,0,0,0,0,0,0,0,0
7977,1978,3,2,2,2,0,0,1,0,0,0
7977,1979,4,4,2,0,0,0,0,0,1,0
7977,1984,7,6,1,0,0,0,1,0,1,0
7991,1986,3,3,0,0,0,0,0,0,2,0
7991,1990,2,2,0,0,0,0,0,0,0,0
8003,1993,5,5,1,0,0,0,0,0,0,0
8003,1994,8,8,1,0,0,1,0,0,1,0
8005,1978,3,3,1,0,0,0,0,0,0,0
8005,1980,1,0,0,0,0,0,1,0,0,0
8005,1981,2,2,0,0,0,0,0,0,1,0
8005,1982,3,3,0,0,0,0,0,0,1,0
8005,1988,4,4,0,0,0,0,0,0,0,0
8017,1973,1,1,0,0,0,0,0,0,0,0
8024,1983,1,1,0,0,0,0,0,0,1,0
8024,1984,4,4,0,0,0,0,0,0,0,0
8024,1986,8,8,1,1,0,0,0,0,2,0
8024,1987,11,8,2,0,0,0,2,0,1,1
8024,1988,4,3,0,0,0,0,1,0,0,0
8024,1989,3,1,1,1,0,0,1,0,0,0
8024,1990,4,4,1,0,0,0,0,0,0,0
8026,1980,4,4,0,0,0,0,0,0,0,0
8026,1981,1,1,0,0,0,0,0,0,0,0
8026,1982,4,4,0,0,0,0,0,0,1,0
8026,1983,7,6,1,0,0,0,1,0,0,0
8026,1984,10,8,3,0,0,0,2,0,1,0
8026,1985,13,12,2,0,0,1,1,0,2,0
8026,1986,8,7,3,2,0,0,1,0,2,0
8026,1987,11,8,2,1,0,0,3,0,0,0
8026,1988,7,6,1,0,0,0,1,0,1,0
8026,1989,4,4,2,2,0,0,0,0,0,0
8026,1990,6,6,2,0,0,0,0,0,1,0
8026,1991,4,4,1,0,0,1,0,0,0,0
8029,1979,1,1,0,0,0,0,0,0,1,0
8039,1984,11,10,3,0,0,0,0,0,0,1
8039,1985,4,4,0,0,0,0,0,0,1,0
8039,1986,4,4,2,1,0,0,0,0,0,0
8061,1993,2,2,0,0,0,0,0,0,1,0
8067,1982,4,3,0,0,0,0,0,0,0,1
8067,1983,8,8,2,0,0,0,0,0,0,0
8067,1984,6,4,1,0,0,0,1,1,2,0
8067,1985,14,13,2,0,1,0,1,0,4,0
8067,1987,3,3,0,0,0,0,0,0,0,0
8067,1988,4,4,0,0,0,0,0,0,1,0
8067,1989,3,3,2,0,0,0,0,0,0,0
8067,1990,3,2,1,0,0,0,1,0,1,0
8067,1991,4,4,1,0,0,0,0,0,1,0
8071,1976,2,2,0,0,0,0,0,0,0,0
8071,1977,2,2,1,0,0,0,0,0,1,0
8071,1978,2,2,1,0,0,0,0,0,0,0
8071,1979,2,2,0,0,0,0,0,0,0,0
8071,1980,5,5,1,0,0,0,0,0,3,0
8071,1981,1,1,0,0,0,0,0,0,0,0
8071,1982,11,11,2,1,0,0,0,0,1,0
8071,1983,9,9,3,0,1,0,0,0,1,0
8085,1990,3,3,1,1,0,0,0,0,2,0
8085,1991,2,2,1,0,0,1,0,0,0,0
8085,1992,3,3,1,0,0,0,0,0,0,0
8094,1980,1,1,1,1,0,0,0,0,0,0
8096,1975,3,2,1,0,0,1,1,0,1,0
8096,1976,8,8,1,0,0,1,0,0,2,0
8096,1977,3,2,0,0,0,0,1,0,0,0
8096,1978,3,3,0,0,0,0,0,0,0,0
8096,1979,1,1,0,0,0,0,0,0,0,0
8102,1976,3,2,1,0,0,0,1,0,1,0
8102,1977,2,2,0,0,0,0,0,0,0,0
8102,1978,3,3,1,0,0,0,0,0,1,0
8102,1979,6,5,2,1,0,0,1,0,0,0
8102,1980,3,3,2,0,0,0,0,0,0,0
8103,1981,7,7,1,0,0,0,0,0,1,0
8103,1982,9,6,1,0,0,0,3,0,1,0
8103,1983,4,3,1,0,0,0,1,0,0,0
8103,1984,9,9,5,0,0,1,0,0,1,0
8103,1985,6,6,3,0,0,1,0,0,1,0
8103,1986,2,2,0,0,0,0,0,0,2,0
8103,1987,7,5,0,0,0,0,2,0,3,0
8119,1979,1,1,0,0,0,0,0,0,0,0
8121,1980,4,4,1,0,0,0,0,0,0,0
8121,1981,3,3,0,0,0,0,0,0,0,0
8121,1982,3,2,0,0,0,0,1,0,1,0
8121,1983,6,5,0,0,0,0,1,0,1,0
8121,1984,4,3,3,1,0,0,1,0,0,0
8121,1985,7,6,1,1,0,0,1,0,2,0
8121,1987,16,14,5,1,0,1,2,0,4,0
8121,1988,8,7,2,0,0,1,1,0,2,0
8121,1993,9,9,2,0,0,0,0,0,1,0
8124,1973,2,2,1,1,0,0,0,0,1,0
8144,1990,5,5,2,0,0,0,0,0,1,0
8144,1991,3,3,0,0,0,0,0,0,0,0
8162,1980,2,2,1,0,0,0,0,0,0,0
8173,1983,3,3,0,0,0,0,0,0,0,0
8173,1984,4,3,0,0,0,0,1,0,0,0
8173,1986,6,6,1,0,0,0,0,0,0,0
8229,1983,8,8,1,1,0,0,0,0,3,0
8229,1986,1,1,0,0,0,0,0,0,1,0
8240,1981,1,1,0,0,0,0,0,0,0,0
8240,1982,6,4,2,0,0,1,2,0,0,0
8240,1983,11,10,2,0,0,1,1,0,5,0
8257,1987,13,11,1,0,0,0,1,0,1,0
8257,1988,6,6,2,0,0,0,0,0,0,0
8257,1989,7,5,2,1,0,0,1,0,0,1
8257,1990,7,6,0,0,0,0,1,0,1,0
8260,1982,3,3,0,0,0,0,0,0,0,0
8275,1983,2,2,0,0,0,0,0,0,0,0
8275,1984,6,6,2,1,0,0,0,0,2,0
8283,1993,2,2,1,0,0,0,0,0,1,0
8285,1978,1,1,0,0,0,0,0,0,0,0
8287,1971,1,1,0,0,0,0,0,0,1,0
8287,1974,1,1,0,0,0,0,0,0,0,0
8287,1975,1,1,1,0,0,0,0,0,0,0
8287,1976,1,1,1,0,0,1,0,0,0,0
8287,1977,1,1,1,0,0,0,0,0,0,0
8287,1978,1,1,0,0,0,0,0,0,1,0
8287,1979,8,8,1,0,0,0,0,0,1,0
8296,1987,4,4,0,0,0,0,0,0,1,0
8318,1984,4,3,0,0,0,0,1,0,0,0
8318,1985,6,6,1,0,0,0,0,0,0,0
8318,1993,7,5,0,0,0,0,1,0,0,1
8329,1987,4,4,0,0,0,0,0,0,0,0
8329,1988,7,4,0,0,0,0,3,0,0,0
8329,1989,7,6,2,0,0,0,1,0,1,0
8329,1990,3,3,0,0,0,0,0,0,0,0
8329,1991,1,1,0,0,0,0,0,0,1,0
8329,1992,6,6,1,0,0,0,0,0,1,0
8332,1975,2,2,1,0,0,0,0,0,0,0
8333,1977,1,1,0,0,0,0,0,0,0,0
8333,1978,2,1,1,1,0,0,1,0,0,0
8333,1982,3,3,0,0,0,0,0,0,2,0
8347,1981,2,2,1,0,0,0,0,0,0,0
8351,1973,1,1,0,0,0,0,0,0,0,0
8351,1976,1,1,1,0,0,0,0,0,0,0
8360,1979,1,1,0,0,0,0,0,0,1,0
8402,1973,2,2,1,0,0,0,0,0,0,0
8402,1975,1,1,0,0,0,0,0,0,0,0
8406,1979,2,2,1,0,0,0,0,0,1,0
8406,1980,1,0,0,0,0,0,1,0,0,0
8412,1988,3,1,1,0,0,0,2,0,0,0
8412,1993,5,5,0,0,0,0,0,0,1,0
8412,1994,3,3,1,0,0,1,0,0,1,0
8414,1989,6,6,1,0,0,1,0,0,2,0
8414,1990,5,4,2,0,0,0,1,0,0,0
8414,1991,9,8,3,0,1,0,0,0,1,1
8414,1992,7,7,2,0,0,0,0,0,1,0
8434,1980,4,4,1,0,0,0,0,0,0,0
8435,1993,9,8,3,0,0,0,1,0,1,0
8435,1994,3,2,0,0,0,0,1,0,0,0
8436,1975,2,2,1,0,0,0,0,0,1,0
8436,1976,3,3,1,0,0,0,0,0,0,0
8436,1977,11,10,1,0,0,0,0,1,2,0
8436,1978,3,3,1,0,0,0,0,0,2,0
8436,1980,1,1,0,0,0,0,0,0,0,0
8443,1981,3,3,0,0,0,0,0,0,1,0
8443,1982,9,9,1,0,0,1,0,0,1,0
8443,1983,7,6,3,1,0,0,1,0,0,0
8443,1984,3,2,1,0,0,1,1,0,0,0
8443,1985,6,3,0,0,0,0,3,0,1,0
8468,1990,9,8,2,0,0,0,1,0,3,0
8468,1991,7,7,1,0,0,0,0,0,1,0
8468,1992,3,3,0,0,0,0,0,0,0,0
8470,1970,3,2,1,0,0,1,1,0,0,0
8470,1974,5,4,3,1,0,0,1,0,0,0
8470,1977,1,1,0,0,0,0,0,0,0,0
8470,1985,6,5,1,0,0,0,1,0,1,0
8482,1993,3,3,1,0,0,0,0,0,0,0
8499,1993,3,3,2,0,0,0,0,0,0,0
8509,1986,4,3,2,0,0,0,1,0,0,0
8517,1974,2,2,0,0,0,0,0,0,0,0
8517,1975,4,3,2,0,0,0,1,0,0,0
8517,1976,1,1,0,0,0,0,0,0,1,0
8517,1977,3,2,0,0,0,0,0,0,0,0
8517,1978,3,3,1,0,0,0,0,0,1,0
8517,1979,8,6,2,0,0,0,1,0,0,1
8518,1994,3,3,0,0,0,0,0,0,1,0
8534,1990,6,6,0,0,0,0,0,0,1,0
8534,1991,9,8,3,2,0,0,1,0,1,0
8534,1992,7,7,2,0,0,1,0,0,0,0
8534,1993,10,9,3,0,0,1,1,0,0,0
8534,1994,5,2,1,0,0,0,2,0,0,1
8536,1980,1,0,0,0,0,0,0,1,0,0
8536,1983,4,2,0,0,0,0,1,0,1,1
8536,1984,11,11,2,0,1,0,0,0,1,0
8536,1985,5,5,1,0,0,0,0,0,1,0
8536,1986,11,10,3,1,0,1,1,0,1,0
8547,1990,3,3,1,0,0,0,0,0,0,0
8559,1989,2,2,2,0,0,0,0,0,0,0
8559,1990,3,3,0,0,0,0,0,0,0,0
8559,1991,3,2,0,0,0,0,1,0,0,0
8559,1992,2,2,1,0,0,0,0,0,0,0
8563,1993,2,1,0,0,0,0,0,0,1,0
8586,1980,3,3,0,0,0,0,0,0,1,0
8586,1981,1,0,0,0,0,0,1,0,0,0
8586,1982,17,16,2,0,0,0,1,0,2,0
8586,1983,3,3,1,0,0,0,0,0,0,0
8591,1978,1,1,1,0,0,0,0,0,0,0
8591,1979,6,6,3,0,0,0,0,0,0,0
8605,1979,2,2,1,0,0,0,0,0,1,0
8616,1983,4,4,0,0,0,0,0,0,1,0
8616,1984,8,6,1,1,0,0,0,0,0,0
8616,1985,3,1,1,0,0,0,2,0,0,0
8616,1986,6,6,1,0,0,0,0,0,1,0
8616,1987,7,7,1,0,0,0,0,0,0,0
8616,1988,3,2,0,0,0,0,1,0,0,0
8632,1976,4,3,1,0,0,0,1,0,0,0
8632,1977,4,4,0,0,0,0,0,0,3,0
8632,1981,5,4,1,0,0,0,1,0,1,0
8632,1982,4,4,1,0,0,1,0,0,0,0
8632,1983,6,5,1,0,0,1,1,0,0,0
8632,1984,9,6,0,0,0,0,3,0,2,0
8644,1970,2,2,1,0,0,0,0,0,0,0
8647,1983,9,8,3,0,0,0,1,0,1,0
8651,1984,4,4,0,0,0,0,0,0,1,0
8651,1985,3,3,0,0,0,0,0,0,0,0
8651,1986,6,6,2,0,0,0,0,0,1,0
8651,1987,3,3,1,0,0,0,0,0,1,0
8651,1988,6,6,2,0,0,0,0,0,2,0
8651,1989,3,3,0,0,0,0,0,0,0,0
8651,1991,3,2,1,0,0,0,1,0,1,0
8651,1992,3,3,0,0,0,0,0,0,0,0
8653,1993,3,3,1,0,0,0,0,0,0,0
8653,1994,3,3,1,0,0,0,0,0,1,0
8660,1994,2,2,0,0,0,0,0,0,1,0
8668,1992,7,6,1,0,0,1,0,1,0,0
8674,1991,8,6,2,0,0,0,2,0,1,0
8674,1992,8,6,1,0,0,1,1,1,0,0
8685,1978,2,1,0,0,0,0,1,0,0,0
8685,1981,2,2,1,1,0,0,0,0,1,0
8689,1985,2,2,0,0,0,0,0,0,1,0
8706,1975,1,1,1,1,0,0,0,0,0,0
8706,1976,1,1,0,0,0,0,0,0,0,0
8706,1977,2,2,0,0,0,0,0,0,1,0
8706,1978,3,3,0,0,0,0,0,0,0,0
8706,1979,6,4,2,0,1,0,2,0,0,0
8706,1980,1,1,1,0,0,1,0,0,0,0
8706,1988,13,11,2,1,0,0,2,0,2,0
8706,1989,8,8,4,1,0,0,0,0,3,0
8706,1990,4,4,0,0,0,0,0,0,0,0
8706,1991,8,8,1,0,0,0,0,0,3,0
8727,1980,1,1,0,0,0,0,0,0,0,0
8727,1981,3,3,0,0,0,0,0,0,0,0
8727,1982,6,5,2,0,0,0,1,0,1,0
8727,1983,8,7,1,0,0,0,1,0,2,0
8727,1984,8,8,1,0,0,0,0,0,3,0
8727,1985,8,8,1,0,0,0,0,0,1,0
8727,1986,3,3,1,0,0,0,0,0,0,0
8727,1989,6,5,1,0,0,0,1,0,1,0
8727,1990,9,4,1,0,0,1,4,1,0,0
8727,1991,7,7,1,0,0,0,0,0,2,0
8727,1992,4,4,1,0,0,1,0,0,0,0
8727,1994,3,2,0,0,0,0,1,0,1,0
8728,1975,3,2,0,0,0,0,0,1,0,0
8728,1976,3,3,0,0,0,0,0,0,1,0
8728,1977,3,3,2,0,0,0,0,0,0,0
8728,1978,2,2,0,0,0,0,0,0,0,0
8728,1979,3,3,0,0,0,0,0,0,1,0
8743,1986,6,5,2,1,0,0,1,0,0,0
8743,1988,8,7,1,0,0,0,1,0,3,0
8743,1990,11,10,1,0,0,0,1,0,2,0
8749,1970,1,1,0,0,0,0,0,0,0,0
8762,1994,3,3,1,0,0,0,0,0,0,0
8808,1987,1,1,0,0,0,0,0,0,0,0
8808,1988,3,2,1,0,1,0,1,0,0,0
8808,1989,2,2,1,0,0,0,0,0,0,0
8808,1991,2,2,1,1,0,0,0,0,0,0
8808,1993,3,3,0,0,0,0,0,0,1,0
8808,1994,3,2,1,0,0,1,1,0,0,0
8811,1989,3,3,0,0,0,0,0,0,2,0
8839,1994,4,3,1,0,0,0,0,1,1,0
8850,1990,6,3,1,0,0,1,3,0,0,0
8850,1991,3,3,0,0,0,0,0,0,0,0
8850,1992,4,3,0,0,0,0,1,0,0,0
8857,1993,6,6,0,0,0,0,0,0,0,0
8857,1994,3,3,2,0,1,0,0,0,0,0
8867,1970,3,3,0,0,0,0,0,0,1,0
8882,1982,5,5,2,0,0,0,0,0,1,0
8882,1984,9,9,2,0,0,0,0,0,1,0
8882,1985,4,3,0,0,0,0,1,0,0,0
8882,1986,3,3,0,0,0,0,0,0,1,0
8916,1973,4,3,0,0,0,0,1,0,2,0
8916,1974,3,2,0,0,0,0,1,0,0,0
8916,1975,3,3,1,0,0,0,0,0,1,0
8916,1976,6,5,0,0,0,0,1,0,1,0
8926,1970,1,0,0,0,0,0,1,0,0,0
8926,1971,1,1,0,0,0,0,0,0,0,0
8926,1972,1,0,0,0,0,0,1,0,0,0
8926,1973,6,6,3,0,0,1,0,0,1,0
8926,1974,5,4,0,0,0,0,0,0,2,1
8926,1975,4,4,1,1,0,0,0,0,1,0
8926,1976,10,8,2,1,0,0,2,0,2,0
8926,1977,3,3,0,0,0,0,0,0,2,0
8926,1978,2,2,0,0,0,0,0,0,1,0
8926,1979,3,3,0,0,0,0,0,0,2,0
8926,1980,1,1,1,1,0,0,0,0,0,0
8926,1981,2,2,0,0,0,0,0,0,1,0
8935,1978,2,2,0,0,0,0,0,0,0,0
8935,1979,1,1,0,0,0,0,0,0,0,0
8935,1983,3,3,1,1,0,0,0,0,0,0
8946,1990,6,5,1,0,0,0,1,0,0,0
8946,1993,1,1,0,0,0,0,0,0,1,0
8975,1980,2,2,0,0,0,0,0,0,1,0
8975,1981,4,4,0,0,0,0,0,0,1,0
8975,1983,12,12,5,0,0,0,0,0,2,0
8975,1986,1,1,0,0,0,0,0,0,1,0
8987,1992,3,2,0,0,0,0,0,0,0,0
8994,1983,4,4,2,0,1,0,0,0,0,0
8994,1984,9,9,2,0,0,0,0,0,4,0
8994,1985,4,4,0,0,0,0,0,0,0,0
8994,1986,7,7,1,0,0,0,0,0,0,0
8994,1987,3,3,0,0,0,0,0,0,1,0
8994,1988,4,4,1,1,0,0,0,0,1,0
8994,1991,1,1,0,0,0,0,0,0,1,0
9007,1983,1,0,0,0,0,0,1,0,0,0
9007,1984,8,7,1,0,0,0,1,0,0,0
9007,1986,9,9,2,0,0,1,0,0,1,0
9007,1987,9,5,1,0,0,1,2,2,0,0
9007,1988,5,3,0,0,0,0,2,0,2,0
9007,1989,7,5,2,1,0,1,2,0,0,0
9025,1974,1,1,0,0,0,0,0,0,1,0
9025,1975,3,3,0,0,0,0,0,0,0,0
9025,1976,2,0,0,0,0,0,2,0,0,0
9025,1977,3,3,0,0,0,0,0,0,0,0
9027,1982,3,2,0,0,0,0,1,0,1,0
9027,1983,9,9,3,0,0,0,0,0,0,0
9027,1984,5,5,1,0,0,0,0,0,2,0
9027,1986,4,4,0,0,0,0,0,0,0,0
9027,1987,6,5,0,0,0,0,1,0,0,0
9027,1989,3,3,1,0,0,0,0,0,0,0
9027,1990,7,5,1,0,0,0,2,0,2,0
9027,1991,9,5,3,0,0,1,3,1,0,0
9036,1993,6,6,0,0,0,0,0,0,2,0
9036,1994,3,3,1,0,0,0,0,0,0,0
9037,1981,5,5,1,0,0,0,0,0,2,0
9037,1985,2,2,0,0,0,0,0,0,0,0
9072,1981,1,0,0,0,0,0,1,0,0,0
9088,1987,4,4,1,0,0,0,0,0,0,0
9097,1992,1,0,0,0,0,0,1,0,0,0
9097,1993,9,8,2,0,0,0,1,0,0,0
9097,1994,6,6,0,0,0,0,0,0,1,0
9106,1974,1,0,0,0,0,0,1,0,0,0
9106,1975,1,1,0,0,0,0,0,0,1,0
9106,1976,1,1,0,0,0,0,0,0,0,0
9112,1975,1,1,1,0,0,0,0,0,0,0
9112,1976,2,2,0,0,0,0,0,0,0,0
9112,1977,9,8,4,2,0,0,1,0,0,0
9112,1978,3,3,0,0,0,0,0,0,0,0
9112,1979,1,0,0,0,0,0,1,0,0,0
9124,1986,2,2,0,0,0,0,0,0,0,0
9124,1988,2,2,0,0,0,0,0,0,0,0
9128,1987,12,11,1,0,0,0,1,0,1,0
9128,1991,15,15,2,0,0,0,0,0,1,0
9140,1970,2,2,1,0,0,1,0,0,0,0
9140,1973,1,1,0,0,0,0,0,0,0,0
9140,1974,1,1,0,0,0,0,0,0,0,0
9150,1980,3,2,0,0,0,0,1,0,1,0
9152,1993,3,2,0,0,0,0,0,0,0,0
9168,1991,3,1,0,0,0,0,1,0,0,1
9175,1981,7,7,0,0,0,0,0,0,1,0
9175,1982,4,4,0,0,0,0,0,0,0,0
9191,1993,3,3,1,0,0,0,0,0,0,0
9191,1994,4,4,3,2,0,0,0,0,1,0
9195,1984,4,4,2,0,0,0,0,0,1,0
9195,1985,3,2,0,0,0,0,1,0,1,0
9195,1986,9,9,1,0,0,1,0,0,2,0
9195,1987,9,9,4,0,1,1,0,0,2,0
9195,1988,8,7,1,0,0,0,0,0,1,0
9195,1989,7,7,1,0,0,1,0,0,2,0
9213,1993,7,6,1,0,0,0,0,1,2,0
9223,1982,4,4,0,0,0,0,0,0,1,0
9223,1984,3,2,0,0,0,0,1,0,0,0
9223,1986,3,3,0,0,0,0,0,0,1,0
9225,1984,13,13,2,1,0,0,0,0,2,0
9225,1985,11,11,5,0,0,0,0,0,0,0
9225,1986,17,16,6,1,0,0,1,0,1,0
9225,1987,9,8,1,0,0,0,0,1,1,0
9225,1988,6,4,2,0,0,0,2,0,1,0
9225,1989,6,6,4,0,0,0,0,0,1,0
9225,1990,7,6,3,0,0,0,1,0,0,0
9225,1991,3,2,1,1,0,0,1,0,0,0
9225,1992,12,12,5,1,0,1,0,0,1,0
9229,1993,4,3,1,0,0,0,0,0,1,0
9230,1977,2,2,0,0,0,0,0,0,0,0
9230,1978,4,4,1,0,0,0,0,0,1,0
9230,1979,10,9,2,0,0,0,1,0,1,0
9230,1980,1,1,0,0,0,0,0,0,0,0
9234,1977,1,1,0,0,0,0,0,0,1,0
9234,1978,1,0,0,0,0,0,1,0,0,0
9234,1980,2,2,0,0,0,0,0,0,1,0
9249,1983,9,8,0,0,0,0,1,0,1,0
9249,1984,9,5,0,0,0,0,4,0,1,0
9267,1990,6,6,2,1,0,0,0,0,0,0
9267,1991,3,3,2,0,0,1,0,0,0,0
9274,1986,4,4,2,2,0,0,0,0,1,0
9274,1987,6,6,3,2,0,0,0,0,1,0
9274,1988,4,4,0,0,0,0,0,0,1,0
9281,1986,4,3,0,0,0,0,1,0,0,0
9281,1987,15,14,3,0,0,0,0,0,3,1
9281,1988,4,3,1,0,0,0,1,0,1,0
9281,1991,6,5,0,0,0,0,0,1,0,0
9291,1973,3,2,0,0,0,0,1,0,0,0
9291,1974,2,2,0,0,0,0,0,0,0,0
9291,1975,1,1,0,0,0,0,0,0,0,0
9291,1976,4,4,1,1,0,0,0,0,0,0
9291,1977,1,0,0,0,0,0,0,0,0,0
9291,1978,2,1,0,0,0,0,1,0,0,0
9292,1973,8,7,2,0,0,0,1,0,4,0
9292,1974,4,4,0,0,0,0,0,0,3,0
9292,1975,1,1,0,0,0,0,0,0,0,0
9292,1976,5,5,2,0,0,0,0,0,2,0
9292,1977,4,4,0,0,0,0,0,0,0,0
9357,1986,3,3,0,0,0,0,0,0,1,0
9357,1987,3,2,1,0,0,0,0,1,0,0
9378,1977,6,5,1,0,0,0,1,0,0,0
9378,1978,5,5,3,0,0,0,0,0,1,0
9378,1981,1,1,0,0,0,0,0,0,0,0
9381,1982,11,10,4,1,0,0,1,0,2,0
9381,1984,8,7,3,1,0,0,1,0,1,0
9381,1985,4,4,0,0,0,0,0,0,1,0
9381,1986,3,1,1,0,1,0,2,0,0,0
9381,1988,9,7,4,1,0,0,1,0,0,1
9381,1990,12,10,1,0,1,0,1,0,2,1
9381,1991,4,3,0,0,0,0,1,0,0,0
9394,1979,2,2,0,0,0,0,0,0,0,0
9415,1987,8,8,2,0,0,0,0,0,2,0
9415,1988,10,9,1,0,0,0,1,0,2,0
9415,1989,6,6,2,0,0,0,0,0,1,0
9415,1990,6,6,0,0,0,0,0,0,1,0
9416,1973,1,1,1,0,0,0,0,0,0,0
9421,1984,2,2,1,1,0,0,0,0,1,0
9421,1985,4,3,0,0,0,0,1,0,0,0
9426,1992,1,1,0,0,0,0,0,0,0,0
9434,1992,3,3,0,0,0,0,0,0,1,0
9447,1987,3,2,1,0,0,1,0,0,0,1
9447,1988,10,9,3,0,0,0,1,0,2,0
9458,1986,10,10,1,0,0,0,0,0,0,0
9460,1988,8,6,3,0,0,0,2,0,0,0
9460,1989,7,7,1,1,0,0,0,0,1,0
9460,1990,8,6,2,2,0,0,1,1,1,0
9460,1991,4,4,1,0,0,0,0,0,1,0
9460,1992,5,5,2,0,0,0,0,0,0,0
9460,1993,8,7,2,1,0,0,0,0,1,0
9466,1976,3,3,1,1,0,0,0,0,0,0
9466,1978,1,1,0,0,0,0,0,0,1,0
9483,1991,4,3,0,0,0,0,1,0,0,0
9483,1992,7,7,1,1,0,0,0,0,0,0
9491,1974,4,2,0,0,0,0,1,0,1,0
9491,1976,7,7,1,0,0,0,0,0,2,0
9491,1977,4,4,2,0,0,0,0,0,1,0
9491,1978,3,3,0,0,0,0,0,0,0,0
9491,1979,2,2,0,0,0,0,0,0,0,0
9491,1980,1,1,1,0,0,0,0,0,0,0
9498,1981,2,1,0,0,0,0,1,0,0,0
9498,1982,10,9,3,0,0,0,0,0,1,1
9498,1983,3,2,1,0,0,0,1,0,0,0
9498,1984,4,4,0,0,0,0,0,0,1,0
9506,1973,1,1,0,0,0,0,0,0,1,0
9506,1974,1,1,0,0,0,0,0,0,0,0
9506,1975,1,1,0,0,0,0,0,0,0,0
9508,1988,4,4,0,0,0,0,0,0,1,0
9515,1975,3,3,2,1,0,0,0,0,0,0
9515,1976,2,2,0,0,0,0,0,0,0,0
9515,1977,5,4,1,0,0,0,1,0,0,0
9517,1973,2,2,1,0,0,0,0,0,1,0
9517,1974,1,1,1,1,0,0,0,0,0,0
9518,1975,1,1,0,0,0,0,0,0,0,0
9519,1974,2,2,0,0,0,0,0,0,0,0
9521,1982,9,8,1,0,0,0,1,0,0,0
9540,1993,2,2,0,0,0,0,0,0,1,0
9544,1979,10,10,3,0,0,0,0,0,1,0
9544,1980,1,1,0,0,0,0,0,0,0,0
9547,1983,3,3,0,0,0,0,0,0,1,0
9547,1986,9,9,2,0,0,0,0,0,3,0
9547,1987,9,9,1,0,0,0,0,0,0,0
9547,1988,10,9,3,0,0,0,0,1,1,0
9547,1989,13,11,3,0,0,0,1,1,1,0
9547,1990,9,9,1,0,0,0,0,0,1,0
9547,1991,10,8,2,0,0,0,0,1,1,1
9547,1992,11,9,0,0,0,0,2,0,0,0
9560,1994,4,3,1,0,0,0,0,0,0,0
9570,1980,1,1,0,0,0,0,0,0,0,0
9570,1981,2,2,1,0,0,0,0,0,0,0
9570,1982,10,8,2,0,0,1,2,0,1,0
9570,1983,4,3,1,0,0,0,1,0,0,0
9570,1984,15,15,3,1,0,1,0,0,1,0
9570,1985,10,9,2,0,0,1,0,0,0,1
9570,1986,4,4,2,1,0,0,0,0,0,0
9570,1987,7,6,0,0,0,0,0,1,1,0
9570,1988,11,10,0,0,0,0,1,0,1,0
9570,1989,4,1,0,0,0,0,2,0,1,1
9580,1977,5,5,0,0,0,0,0,0,1,0
9580,1978,3,3,0,0,0,0,0,0,1,0
9580,1979,12,11,4,0,0,0,0,1,1,0
9580,1980,3,3,1,0,0,0,0,0,0,0
9585,1978,2,2,0,0,0,0,0,0,0,0
9585,1979,1,1,0,0,0,0,0,0,0,0
9614,1993,2,0,0,0,0,0,2,0,0,0
9616,1985,3,2,0,0,0,0,1,0,0,0
9616,1986,4,3,0,0,0,0,1,0,0,0
9616,1988,2,2,1,0,0,0,0,0,0,0
9630,1987,9,8,1,1,0,0,1,0,1,0
9630,1988,7,6,0,0,0,0,1,0,0,0
9630,1989,5,4,2,0,0,0,1,0,0,0
9630,1990,9,7,1,0,0,0,1,0,1,0
9630,1992,7,7,2,0,0,0,0,0,0,0
9631,1982,3,3,0,0,0,0,0,0,1,0
9631,1983,6,6,3,2,0,0,0,0,0,0
9631,1984,4,3,2,1,0,1,1,0,0,0
9631,1985,11,8,1,0,0,0,3,0,1,0
9631,1986,4,2,0,0,0,0,2,0,0,0
9631,1987,16,13,2,0,0,0,1,0,4,2
9631,1988,8,7,2,1,0,0,1,0,0,0
9631,1989,7,7,3,0,0,0,0,0,0,0
9631,1990,10,8,2,0,0,0,1,1,1,0
9631,1991,10,7,0,0,0,0,2,1,1,0
9631,1992,7,5,0,0,0,0,2,0,1,0
9647,1993,2,1,0,0,0,0,0,0,0,0
9648,1980,3,3,0,0,0,0,0,0,1,0
9656,1989,2,2,0,0,0,0,0,0,0,0
9656,1990,6,5,0,0,0,0,1,0,2,0
9656,1991,3,3,1,0,0,0,0,0,0,0
9656,1992,3,3,1,0,0,0,0,0,1,0
9680,1983,9,9,2,0,0,0,0,0,3,0
9682,1993,3,3,0,0,0,0,0,0,2,0
9684,1970,2,1,0,0,0,0,1,0,0,0
9684,1974,2,1,1,1,0,0,1,0,0,0
9684,1976,4,3,0,0,0,0,1,0,0,0
9693,1972,1,1,0,0,0,0,0,0,1,0
9693,1973,3,3,1,0,0,0,0,0,1,0
9693,1974,3,3,0,0,0,0,0,0,3,0
9693,1975,2,2,1,0,0,0,0,0,0,0
9693,1977,2,1,0,0,0,0,0,1,0,0
9704,1976,5,5,2,0,0,0,0,0,0,0
9704,1977,2,2,0,0,0,0,0,0,2,0
9704,1983,4,4,2,0,0,0,0,0,0,0
9717,1987,2,2,1,0,0,0,0,0,0,0
9717,1988,3,2,1,0,0,0,1,0,0,0
9718,1973,2,1,1,0,0,0,1,0,0,0
9718,1974,1,1,0,0,0,0,0,0,1,0
9718,1976,3,3,2,1,0,0,0,0,0,0
9718,1977,2,2,0,0,0,0,0,0,0,0
9718,1978,1,0,0,0,0,0,1,0,0,0
9718,1979,3,3,0,0,0,0,0,0,2,0
9718,1980,1,0,0,0,0,0,1,0,0,0
9724,1973,2,2,0,0,0,0,0,0,1,0
9724,1974,1,1,0,0,0,0,0,0,0,0
9724,1975,1,1,0,0,0,0,0,0,1,0
9754,1977,7,4,1,1,0,0,1,2,0,0
9754,1978,1,1,0,0,0,0,0,0,0,0
9765,1980,2,2,1,0,0,0,0,0,0,0
9787,1993,6,5,1,1,0,0,1,0,1,0
9787,1994,3,3,2,1,0,0,0,0,0,0
9790,1991,3,3,0,0,0,0,0,0,1,0
9790,1992,7,7,1,0,0,1,0,0,0,0
9829,1976,2,2,1,1,0,0,0,0,1,0
9829,1980,4,4,2,0,0,1,0,0,0,0
9829,1981,3,2,0,0,0,0,0,1,0,0
9829,1982,3,3,0,0,0,0,0,0,1,0
9829,1984,2,0,0,0,0,0,2,0,0,0
9843,1975,1,1,0,0,0,0,0,0,0,0
9843,1977,1,1,0,0,0,0,0,0,1,0
9843,1979,2,2,0,0,0,0,0,0,0,0
9884,1980,2,2,1,1,0,0,0,0,0,0
9884,1981,3,3,1,0,0,0,0,0,1,0
9884,1983,2,2,1,0,0,0,0,0,0,0
9884,1984,3,3,0,0,0,0,0,0,1,0
9884,1985,2,2,1,0,0,0,0,0,0,0
9884,1986,1,1,1,0,0,0,0,0,0,0
9884,1987,7,7,1,0,0,0,0,0,2,0
9884,1989,5,5,2,0,0,0,0,0,1,0
9899,1989,2,2,1,0,0,0,0,0,0,0
9904,1993,3,3,0,0,0,0,0,0,0,0
9915,1974,1,1,0,0,0,0,0,0,0,0
9915,1978,1,1,0,0,0,0,0,0,1,0
9942,1989,2,2,0,0,0,0,0,0,0,0
9942,1991,3,3,0,0,0,0,0,0,0,0
9946,1974,1,1,0,0,0,0,0,0,0,0
9946,1976,3,2,0,0,0,0,1,0,0,0
9951,1970,1,1,0,0,0,0,0,0,0,0
9951,1973,5,3,0,0,0,0,2,0,1,0
9951,1974,4,4,1,0,0,1,0,0,1,0
9951,1975,5,3,2,1,0,0,0,2,0,0
9951,1976,9,8,2,0,0,0,1,0,1,0
9951,1977,3,3,0,0,0,0,0,0,0,0
9951,1978,5,5,1,0,0,0,0,0,1,0
9951,1979,5,2,1,0,0,1,3,0,0,0
9951,1980,2,0,0,0,0,0,2,0,0,0
9965,1992,3,2,1,0,0,0,1,0,0,0
9987,1976,5,5,1,0,0,0,0,0,0,0
9987,1977,9,6,3,1,0,0,3,0,1,0
9987,1978,5,5,0,0,0,0,0,0,0,0
9987,1979,9,9,3,2,0,0,0,0,0,0
9987,1987,2,1,1,0,0,1,1,0,0,0
10000,1974,1,0,0,0,0,0,0,1,0,0
10009,1979,1,0,0,0,0,0,0,0,0,0
10039,1991,2,2,0,0,0,0,0,0,1,0
10048,1986,4,4,0,0,0,0,0,0,0,0
10073,1993,7,7,1,0,0,0,0,0,3,0
10077,1975,1,1,0,0,0,0,0,0,0,0
10077,1976,3,2,0,0,0,0,0,0,0,0
10098,1981,3,3,1,0,0,0,0,0,0,0
10099,1986,8,6,2,1,0,0,0,0,0,0
10099,1987,7,7,0,0,0,0,0,0,2,0
10106,1985,6,6,1,0,0,1,0,0,1,0
10106,1988,3,2,2,0,0,0,0,0,0,0
10107,1985,11,11,4,0,0,0,0,0,2,0
10107,1986,10,10,7,0,0,2,0,0,0,0
10107,1987,4,3,2,0,0,1,1,0,1,0
10107,1988,4,3,0,0,0,0,1,0,0,0
10107,1989,3,2,0,0,0,0,1,0,0,0
10107,1990,3,1,0,0,0,0,2,0,0,0
10115,1992,3,3,0,0,0,0,0,0,1,0
10119,1980,1,1,0,0,0,0,0,0,1,0
10129,1992,2,2,2,0,0,0,0,0,0,0
10129,1993,5,5,1,0,0,0,0,0,0,0
10161,1993,3,3,2,0,0,0,0,0,0,0
10161,1994,3,3,1,0,0,0,0,0,0,0
10171,1993,4,4,1,0,0,0,0,0,0,0
10171,1994,5,5,0,0,0,0,0,0,1,0
10184,1993,3,3,0,0,0,0,0,0,2,0
10184,1994,4,2,0,0,0,0,2,0,0,0
10185,1993,5,5,1,1,0,0,0,0,1,0
10185,1994,8,5,1,0,0,1,2,1,0,0
10193,1970,2,2,0,0,0,0,0,0,0,0
10193,1974,5,4,0,0,0,0,0,0,0,1
10193,1975,1,1,0,0,0,0,0,0,0,0
10193,1976,1,1,0,0,0,0,0,0,0,0
10193,1978,1,1,1,0,0,0,0,0,0,0
10193,1979,1,1,0,0,0,0,0,0,0,0
10223,1988,7,6,0,0,0,0,1,0,4,0
10225,1979,1,0,0,0,0,0,1,0,0,0
10226,1970,3,2,0,0,0,0,1,0,0,0
10226,1973,2,1,0,0,0,0,0,1,1,0
10260,1976,1,1,0,0,0,0,0,0,0,0
10262,1989,4,4,2,1,0,0,0,0,0,0
10262,1990,9,8,1,0,0,0,1,0,0,0
10262,1991,1,1,0,0,0,0,0,0,0,0
10271,1994,1,1,0,0,0,0,0,0,0,0
10273,1979,1,1,0,0,0,0,0,0,0,0
10275,1990,4,4,2,0,0,0,0,0,0,0
10275,1991,2,2,0,0,0,0,0,0,0,0
10294,1993,1,0,0,0,0,0,0,0,0,0
10316,1973,5,3,0,0,0,0,1,1,0,0
10316,1974,1,1,0,0,0,0,0,0,1,0
10316,1976,7,4,0,0,0,0,1,2,1,0
10316,1977,4,3,0,0,0,0,1,0,2,0
10316,1978,3,2,1,1,0,0,1,0,0,0
10316,1979,6,6,1,0,0,1,0,0,2,0
10316,1980,2,1,0,0,0,0,0,0,1,1
10324,1983,3,3,1,0,0,0,0,0,0,0
10324,1984,9,7,1,0,0,0,2,0,1,0
10324,1985,6,6,1,0,0,0,0,0,2,0
10324,1986,3,3,0,0,0,0,0,0,0,0
10324,1987,10,10,2,0,0,0,0,0,2,0
10324,1988,6,6,2,0,0,0,0,0,1,0
10324,1989,4,3,1,0,1,0,1,0,0,0
10324,1990,6,4,0,0,0,0,2,0,2,0
10324,1991,10,9,2,0,1,0,1,0,2,0
10330,1994,3,3,0,0,0,0,0,0,0,0
10334,1984,3,3,3,0,0,2,0,0,0,0
10334,1985,3,3,1,0,0,0,0,0,0,0
10352,1990,1,1,0,0,0,0,0,0,0,0
10358,1988,6,6,2,1,0,0,0,0,0,0
10358,1990,6,6,3,1,0,1,0,0,1,0
10372,1983,6,6,1,1,0,0,0,0,1,0
10372,1984,4,4,0,0,0,0,0,0,3,0
10375,1985,3,3,0,0,0,0,0,0,0,0
10386,1979,4,3,1,0,0,0,1,0,0,0
10387,1977,2,2,0,0,0,0,0,0,1,0
10387,1978,1,0,0,0,0,0,1,0,0,0
10387,1979,4,4,1,0,0,0,0,0,0,0
10388,1993,1,1,0,0,0,0,0,0,1,0
10414,1976,1,1,0,0,0,0,0,0,0,0
10414,1977,1,0,0,0,0,0,0,0,0,0
10428,1990,3,3,0,0,0,0,0,0,0,0
10428,1991,4,4,1,0,0,0,0,0,0,0
10428,1994,5,4,0,0,0,0,1,0,0,0
10437,1987,16,16,7,1,0,1,0,0,2,0
10437,1988,7,2,0,0,0,0,4,1,0,0
10437,1989,11,9,3,0,1,0,1,1,1,0
10437,1990,11,11,2,0,0,0,0,0,1,0
10437,1991,7,7,1,0,0,0,0,0,1,0
10437,1992,4,4,1,1,0,0,0,0,1,0
10462,1981,3,3,0,0,0,0,0,0,0,0
10462,1982,2,1,0,0,0,0,0,0,0,0
10469,1993,8,7,1,0,0,0,1,0,1,0
10480,1979,1,1,0,0,0,0,0,0,0,0
10480,1982,2,2,1,0,0,0,0,0,0,0
10497,1975,1,1,0,0,0,0,0,0,0,0
10511,1987,3,3,0,0,0,0,0,0,2,0
10511,1993,2,2,0,0,0,0,0,0,0,0
10519,1985,6,6,0,0,0,0,0,0,1,0
10519,1986,4,4,1,0,0,0,0,0,2,0
10519,1987,12,11,3,0,0,1,0,0,5,1
10519,1988,4,3,0,0,0,0,0,1,0,0
10519,1990,7,6,1,0,0,0,1,0,0,0
10520,1989,1,1,0,0,0,0,0,0,0,0
10520,1990,4,2,0,0,0,0,2,0,0,0
10520,1991,6,4,0,0,0,0,1,1,0,0
10520,1993,6,6,2,0,0,0,0,0,1,0
10526,1987,3,3,0,0,0,0,0,0,1,0
10541,1983,12,12,4,0,0,0,0,0,4,0
10541,1984,11,8,4,1,0,1,1,1,0,0
10541,1985,3,2,0,0,0,0,1,0,0,0
10541,1986,3,3,0,0,0,0,0,0,1,0
10541,1987,4,2,0,0,0,0,2,0,0,0
10541,1988,8,7,2,0,0,0,1,0,1,0
10541,1989,6,5,1,1,0,0,1,0,1,0
10557,1993,4,3,1,1,0,0,0,0,2,0
10557,1994,7,7,2,1,0,0,0,0,0,0
10560,1978,1,1,0,0,0,0,0,0,0,0
10560,1979,2,2,0,0,0,0,0,0,0,0
10579,1990,2,1,0,0,0,0,1,0,0,0
10579,1991,6,5,2,1,0,0,0,0,0,0
10582,1993,1,1,0,0,0,0,0,0,1,0
10591,1991,8,7,2,0,1,0,1,0,2,0
10591,1992,11,9,3,0,0,0,0,0,0,2
10608,1971,1,1,1,0,0,0,0,0,0,0
10608,1973,1,1,0,0,0,0,0,0,0,0
10608,1974,4,4,0,0,0,0,0,0,0,0
10608,1976,3,2,1,0,0,0,1,0,0,0
10608,1977,3,2,1,0,0,1,1,0,1,0
10608,1978,3,2,1,0,0,1,1,0,0,0
10608,1979,2,2,1,0,0,1,0,0,0,0
10608,1980,1,1,1,0,0,0,0,0,0,0
10608,1982,7,6,2,1,0,0,1,0,0,0
10608,1983,9,9,2,0,0,0,0,0,0,0
10608,1984,3,3,1,0,0,0,0,0,1,0
10608,1985,7,7,2,0,0,0,0,0,1,0
10618,1980,1,1,0,0,0,0,0,0,0,0
10618,1981,5,5,1,0,0,0,0,0,2,0
10618,1982,4,3,0,0,0,0,0,1,1,0
10618,1983,3,3,0,0,0,0,0,0,0,0
10631,1973,1,1,0,0,0,0,0,0,1,0
10631,1974,4,3,2,2,0,0,0,0,0,1
10631,1980,6,4,1,0,0,0,2,0,1,0
10631,1981,3,3,2,0,0,0,0,0,1,0
10631,1982,3,3,0,0,0,0,0,0,1,0
10631,1983,2,2,2,0,0,2,0,0,0,0
10631,1984,3,3,0,0,0,0,0,0,0,0
10648,1974,3,3,0,0,0,0,0,0,0,0
10648,1975,2,2,1,0,0,0,0,0,1,0
10648,1977,4,4,1,0,0,0,0,0,1,0
10648,1978,1,0,0,0,0,0,0,1,0,0
10648,1979,2,1,1,0,0,0,0,0,0,1
10649,1980,3,2,0,0,0,0,1,0,1,0
10655,1984,1,1,0,0,0,0,0,0,1,0
10655,1988,6,6,1,0,0,1,0,0,1,0
10655,1990,3,3,1,0,1,0,0,0,1,0
10655,1991,3,3,1,0,0,0,0,0,0,0
10671,1982,4,4,1,0,0,0,0,0,1,0
10671,1983,8,8,1,0,0,0,0,0,2,0
10671,1984,3,3,0,0,0,0,0,0,1,0
10671,1988,2,1,0,0,0,0,1,0,0,0
10671,1989,7,7,1,0,0,0,0,0,1,0
10671,1993,3,3,1,0,0,0,0,0,1,0
10686,1980,3,2,1,0,0,0,1,0,0,0
10686,1982,7,7,0,0,0,0,0,0,0,0
10686,1983,3,3,1,0,0,0,0,0,0,0
10686,1984,8,7,1,0,0,0,1,0,2,0
10686,1985,8,8,2,0,0,0,0,0,1,0
10686,1986,8,7,0,0,0,0,1,0,1,0
10686,1987,6,6,1,0,0,0,0,0,0,0
10689,1994,2,1,0,0,0,0,0,0,0,0
10717,1993,4,4,0,0,0,0,0,0,1,0
10747,1985,11,11,1,0,0,1,0,0,2,0
10747,1986,8,8,4,0,0,0,0,0,0,0
10747,1987,8,7,0,0,0,0,1,0,3,0
10747,1993,1,1,0,0,0,0,0,0,0,0
10758,1978,3,3,2,0,0,0,0,0,1,0
10758,1979,10,9,1,0,0,0,1,0,0,0
10758,1980,4,2,0,0,0,0,0,0,0,1
10758,1993,4,4,1,0,0,0,0,0,0,0
10767,1974,2,1,0,0,0,0,1,0,0,0
10768,1982,4,4,1,0,1,0,0,0,2,0
10768,1983,4,4,0,0,0,0,0,0,1,0
10778,1970,2,2,0,0,0,0,0,0,0,0
10779,1993,2,1,0,0,0,0,0,0,0,0
10779,1994,3,3,1,0,0,0,0,0,0,0
10782,1993,3,3,2,1,0,0,0,0,0,0
10806,1986,4,4,2,0,0,1,0,0,1,0
10806,1987,13,12,1,1,0,0,1,0,2,0
10806,1988,13,13,5,3,0,1,0,0,0,0
10806,1989,3,3,0,0,0,0,0,0,2,0
10806,1991,7,6,0,0,0,0,1,0,2,0
10806,1993,6,5,1,0,0,0,1,0,1,0
10825,1990,4,4,1,0,0,0,0,0,1,0
10825,1991,10,9,5,1,0,0,0,0,0,0
10825,1992,3,3,0,0,0,0,0,0,0,0
10836,1977,1,0,0,0,0,0,0,0,0,0
10853,1976,1,1,1,0,0,0,0,0,0,0
10859,1990,10,9,1,0,0,0,1,0,3,0
10859,1993,3,2,1,0,0,0,1,0,0,0
10859,1994,3,3,1,1,0,0,0,0,0,0
10874,1970,2,2,0,0,0,0,0,0,1,0
10887,1991,3,3,0,0,0,0,0,0,1,0
10888,1973,3,3,0,0,0,0,0,0,1,0
10888,1974,3,3,0,0,0,0,0,0,0,0
10888,1975,4,2,0,0,0,0,2,0,0,0
10888,1976,8,6,0,0,0,0,1,1,1,0
10888,1977,5,5,0,0,0,0,0,0,2,0
10888,1978,4,4,2,0,0,0,0,0,1,0
10888,1979,3,1,1,0,0,0,1,1,0,0
10888,1980,1,1,0,0,0,0,0,0,0,0
10888,1984,7,7,0,0,0,0,0,0,3,0
10897,1981,7,5,0,0,0,0,2,0,1,0
10903,1974,3,3,1,1,0,0,0,0,1,0
10904,1989,1,0,0,0,0,0,1,0,0,0
10904,1991,5,5,0,0,0,0,0,0,0,0
10909,1974,1,1,0,0,0,0,0,0,1,0
10909,1975,1,1,0,0,0,0,0,0,0,0
10910,1979,2,2,0,0,0,0,0,0,0,0
10910,1986,3,3,1,0,0,0,0,0,1,0
10918,1991,10,9,4,2,0,0,1,0,2,0
10918,1992,5,5,2,1,0,0,0,0,0,0
10934,1981,2,2,0,0,0,0,0,0,0,0
10934,1984,1,1,0,0,0,0,0,0,0,0
10939,1973,1,1,0,0,0,0,0,0,1,0
10942,1976,1,1,0,0,0,0,0,0,0,0
10948,1992,7,6,1,0,0,0,1,0,0,0
10955,1972,1,1,0,0,0,0,0,0,0,0
10955,1981,2,2,1,0,0,0,0,0,0,0
10955,1982,2,1,0,0,0,0,1,0,0,0
10962,1991,7,5,0,0,0,0,2,0,2,0
10966,1988,8,6,3,0,1,0,1,0,1,0
10970,1980,3,3,1,1,0,0,0,0,0,0
10970,1982,7,7,1,0,0,0,0,0,2,0
10970,1983,2,1,0,0,0,0,1,0,0,0
10976,1970,1,1,0,0,0,0,0,0,1,0
10976,1974,4,2,0,0,0,0,2,0,0,0
10976,1977,3,2,0,0,0,0,1,0,0,0
10976,1978,1,0,0,0,0,0,0,1,0,0
10976,1979,3,3,1,0,0,1,0,0,2,0
10976,1980,1,1,1,0,0,0,0,0,0,0
10980,1994,3,2,1,0,0,0,1,0,0,0
10983,1973,2,2,0,0,0,0,0,0,0,0
10983,1974,3,2,0,0,0,0,0,0,0,1
10983,1975,2,2,0,0,0,0,0,0,2,0
10987,1975,1,1,0,0,0,0,0,0,1,0
10987,1977,5,4,1,0,0,0,0,0,2,0
10987,1978,4,3,0,0,0,0,1,0,2,0
10987,1979,5,5,1,1,0,0,0,0,0,0
10987,1980,1,1,0,0,0,0,0,0,1,0
11002,1987,4,4,0,0,0,0,0,0,3,0
11002,1988,8,8,1,1,0,0,0,0,4,0
11002,1989,2,2,1,1,0,0,0,0,0,0
11002,1990,11,10,2,0,0,0,0,1,1,0
11002,1992,9,9,2,0,0,0,0,0,1,0
11003,1974,1,0,0,0,0,0,1,0,0,0
11008,1985,4,3,0,0,0,0,0,0,0,1
11009,1974,4,4,2,0,0,0,0,0,0,0
11009,1976,2,2,0,0,0,0,0,0,0,0
11009,1977,2,2,1,0,0,0,0,0,0,0
11009,1978,1,1,0,0,0,0,0,0,0,0
11032,1990,3,2,1,0,0,0,1,0,0,0
11032,1991,3,2,0,0,0,0,0,0,0,0
11043,1973,1,0,0,0,0,0,1,0,0,0
11054,1988,11,9,1,0,0,0,2,0,3,0
11054,1989,9,9,4,1,0,1,0,0,0,0
11054,1990,11,10,2,0,0,1,1,0,2,0
11054,1991,3,3,0,0,0,0,0,0,0,0
11054,1993,3,2,0,0,0,0,1,0,0,0
11058,1974,1,0,0,0,0,0,1,0,0,0
11064,1993,4,4,1,0,0,0,0,0,0,0
11076,1970,1,1,0,0,0,0,0,0,0,0
11076,1973,1,1,0,0,0,0,0,0,0,0
11100,1993,3,3,0,0,0,0,0,0,0,0
11104,1979,7,6,2,1,0,0,0,0,0,0
11121,1976,1,1,0,0,0,0,0,0,0,0
11134,1991,9,7,2,0,0,0,2,0,3,0
11166,1986,3,3,0,0,0,0,0,0,3,0
11166,1987,5,5,2,0,0,0,0,0,1,0
11170,1976,1,1,1,0,0,0,0,0,0,0
11170,1977,2,1,0,0,0,0,1,0,1,0
11170,1978,1,1,1,0,0,0,0,0,0,0
11170,1980,1,0,0,0,0,0,1,0,0,0
11171,1985,2,1,1,0,0,0,0,0,0,1
11171,1986,10,10,3,1,0,0,0,0,1,0
11173,1987,2,2,1,1,0,0,0,0,0,0
11173,1988,6,6,1,0,0,0,0,0,3,0
11173,1989,2,2,1,0,0,0,0,0,0,0
11173,1990,3,3,0,0,0,0,0,0,1,0
11173,1991,9,7,0,0,0,0,1,0,1,1
11173,1992,4,4,1,1,0,0,0,0,0,0
11181,1973,3,2,0,0,0,0,1,0,0,0
11181,1977,6,6,0,0,0,0,0,0,3,0
11184,1977,1,1,0,0,0,0,0,0,1,0
11195,1987,2,1,1,0,0,0,1,0,0,0
11195,1988,5,4,1,0,0,0,0,0,1,0
11195,1991,1,0,0,0,0,0,1,0,0,0
11198,1978,1,1,1,0,0,0,0,0,0,0
11198,1979,1,1,0,0,0,0,0,0,0,0
11213,1978,2,1,0,0,0,0,1,0,1,0
11213,1982,10,9,3,0,0,0,1,0,1,0
11213,1983,11,10,3,1,0,0,1,0,2,0
11217,1993,2,2,2,1,0,0,0,0,0,0
11221,1974,4,4,1,0,0,0,0,0,1,0
11221,1975,1,1,0,0,0,0,0,0,0,0
11221,1976,5,5,1,0,0,0,0,0,1,0
11221,1979,1,1,0,0,0,0,0,0,0,0
11233,1983,10,8,2,1,0,0,2,0,2,0
11233,1984,9,8,4,1,0,0,1,0,0,0
11233,1985,12,12,2,1,0,0,0,0,1,0
11233,1986,6,6,1,0,0,1,0,0,0,0
11233,1987,15,12,2,0,0,0,3,0,3,0
11233,1988,11,10,0,0,0,0,1,0,2,0
11233,1989,3,3,0,0,0,0,0,0,1,0
11233,1990,4,2,1,0,0,0,2,0,0,0
11233,1991,4,3,0,0,0,0,1,0,1,0
11233,1992,5,5,3,1,0,0,0,0,0,0
11235,1992,6,5,2,0,1,0,1,0,0,0
11248,1978,1,1,0,0,0,0,0,0,0,0
11249,1993,2,2,2,0,0,0,0,0,0,0
11260,1994,1,1,0,0,0,0,0,0,0,0
11263,1986,10,8,2,0,0,0,1,1,0,0
11263,1987,15,13,2,0,0,0,2,0,7,0
11263,1988,10,6,1,0,0,1,3,1,3,0
11263,1989,7,5,0,0,0,0,2,0,1,0
11263,1990,1,1,0,0,0,0,0,0,1,0
11263,1991,3,2,1,0,0,0,1,0,1,0
11263,1992,7,4,3,2,0,0,3,0,1,0
11278,1993,1,1,0,0,0,0,0,0,1,0
11281,1993,2,2,0,0,0,0,0,0,1,0
11288,1974,1,1,1,0,0,0,0,0,0,0
11288,1976,1,1,0,0,0,0,0,0,0,0
11288,1978,3,3,2,0,0,0,0,0,0,0
11288,1979,6,6,0,0,0,0,0,0,2,0
11323,1975,1,1,0,0,0,0,0,0,0,0
11346,1977,4,4,1,0,0,0,0,0,1,0
11346,1978,3,3,1,0,0,0,0,0,0,0
11346,1979,4,4,1,0,0,0,0,0,0,0
11348,1977,4,2,0,0,0,0,2,0,1,0
11348,1978,6,5,1,0,0,0,1,0,3,0
11348,1979,9,8,1,0,0,0,1,0,5,0
11348,1980,3,2,0,0,0,0,0,0,1,1
11352,1973,3,3,0,0,0,0,0,0,2,0
11368,1984,1,1,1,0,0,0,0,0,0,0
11368,1986,4,3,1,0,0,1,1,0,2,0
11368,1987,9,8,0,0,0,0,1,0,1,0
11368,1989,6,3,1,0,0,0,3,0,0,0
11368,1990,10,8,3,0,0,1,2,0,2,0
11368,1991,7,4,1,0,0,0,3,0,0,0
11369,1983,3,3,1,0,0,0,0,0,0,0
11369,1984,13,13,4,1,0,0,0,0,4,0
11369,1985,10,9,2,1,0,0,1,0,1,0
11369,1993,4,4,0,0,0,0,0,0,2,0
11382,1973,3,2,0,0,0,0,1,0,1,0
11382,1974,1,1,0,0,0,0,0,0,0,0
11409,1973,2,2,1,0,0,0,0,0,0,0
11409,1974,5,5,1,0,0,0,0,0,1,0
11409,1975,5,5,0,0,0,0,0,0,2,0
11409,1976,1,1,0,0,0,0,0,0,0,0
11409,1977,4,3,1,0,0,0,1,0,0,0
11409,1978,4,4,0,0,0,0,0,0,1,0
11416,1990,4,3,1,0,0,0,1,0,1,0
11418,1980,2,2,0,0,0,0,0,0,0,0
11418,1981,3,3,0,0,0,0,0,0,1,0
11418,1982,8,6,2,0,0,1,2,0,2,0
11418,1983,11,8,3,1,0,1,2,0,1,0
11418,1985,3,3,1,1,0,0,0,0,1,0
11418,1986,4,4,1,0,0,0,0,0,0,0
11419,1975,3,3,1,0,0,0,0,0,0,0
11419,1976,5,4,2,1,1,0,1,0,1,0
11419,1977,6,6,2,0,1,1,0,0,2,0
11422,1980,3,2,0,0,0,0,1,0,0,0
11434,1993,4,4,0,0,0,0,0,0,0,0
11434,1994,3,2,2,0,0,0,0,1,0,0
11442,1994,4,2,2,0,1,0,2,0,0,0
11443,1993,4,2,0,0,0,0,1,0,0,0
11443,1994,5,3,0,0,0,0,1,1,0,0
11448,1979,3,2,0,0,0,0,0,0,0,0
11455,1980,3,3,2,0,0,0,0,0,0,0
11455,1992,5,5,1,0,0,0,0,0,1,0
11456,1974,6,3,0,0,0,0,3,0,1,0
11456,1975,1,0,0,0,0,0,1,0,0,0
11456,1976,3,3,0,0,0,0,0,0,0,0
11456,1982,9,9,2,1,0,0,0,0,2,0
11456,1983,13,11,3,0,0,0,2,0,0,0
11456,1984,14,14,2,0,0,0,0,0,4,0
11456,1985,14,11,2,0,0,0,3,0,3,0
11456,1986,3,3,0,0,0,0,0,0,1,0
11471,1990,3,2,0,0,0,0,0,0,2,0
11483,1970,2,2,2,0,0,0,0,0,0,0
11485,1986,3,1,0,0,0,0,2,0,0,0
11493,1991,3,3,0,0,0,0,0,0,0,0
11505,1970,1,1,0,0,0,0,0,0,0,0
11505,1973,2,1,0,0,0,0,1,0,0,0
11505,1974,4,3,0,0,0,0,0,1,1,0
11505,1975,4,4,0,0,0,0,0,0,0,0
11505,1976,4,4,1,0,0,0,0,0,1,0
11505,1977,1,1,0,0,0,0,0,0,0,0
11517,1986,7,6,1,0,0,0,0,0,1,0
11517,1987,3,2,0,0,0,0,1,0,1,0
11517,1989,7,5,2,0,0,0,2,0,0,0
11521,1993,2,2,0,0,0,0,0,0,1,0
11523,1977,1,1,0,0,0,0,0,0,0,0
11549,1973,1,1,0,0,0,0,0,0,1,0
11549,1975,4,4,0,0,0,0,0,0,0,0
11549,1976,3,3,0,0,0,0,0,0,0,0
11551,1970,1,1,0,0,0,0,0,0,0,0
11551,1971,1,1,0,0,0,0,0,0,0,0
11551,1974,4,4,1,0,0,1,0,0,1,0
11551,1975,1,1,0,0,0,0,0,0,0,0
11551,1976,5,5,0,0,0,0,0,0,0,0
11551,1977,1,1,0,0,0,0,0,0,1,0
11553,1974,1,1,0,0,0,0,0,0,0,0
11558,1994,2,1,0,0,0,0,0,0,0,0
11565,1973,2,2,0,0,0,0,0,0,1,0
11571,1986,4,4,2,0,0,0,0,0,2,0
11571,1988,3,3,1,0,0,1,0,0,0,0
11571,1989,6,5,1,0,0,0,1,0,0,0
11580,1980,2,1,0,0,0,0,1,0,1,0
11580,1981,2,2,1,0,0,0,0,0,1,0
11580,1982,7,6,0,0,0,0,0,0,1,1
11580,1983,8,8,5,0,0,0,0,0,1,0
11580,1984,5,5,2,1,0,0,0,0,1,0
11580,1985,12,10,3,0,0,0,1,0,1,1
11580,1986,7,4,0,0,0,0,2,1,0,0
11580,1987,6,3,2,0,0,2,3,0,0,0
11580,1988,7,5,0,0,0,0,2,0,3,0
11580,1989,7,7,2,2,0,0,0,0,2,0
11580,1990,7,3,0,0,0,0,4,0,0,0
11580,1991,3,3,0,0,0,0,0,0,1,0
11594,1979,1,1,0,0,0,0,0,0,0,0
11599,1975,1,1,0,0,0,0,0,0,0,0
11599,1976,6,6,2,1,0,0,0,0,0,0
11599,1977,3,3,1,0,1,0,0,0,1,0
11599,1978,2,2,0,0,0,0,0,0,0,0
11599,1979,3,2,0,0,0,0,0,0,0,1
11599,1983,6,6,1,0,0,0,0,0,1,0
11645,1975,3,3,0,0,0,0,0,0,0,0
11645,1976,3,3,0,0,0,0,0,0,0,0
11645,1977,4,2,1,1,0,0,2,0,0,0
11645,1979,7,6,0,0,0,0,1,0,1,0
11645,1980,2,2,1,0,0,0,0,0,0,0
11645,1982,3,3,0,0,0,0,0,0,0,0
11658,1974,3,3,0,0,0,0,0,0,0,0
11660,1973,2,2,0,0,0,0,0,0,0,0
11660,1974,1,1,0,0,0,0,0,0,0,0
11660,1975,1,0,0,0,0,0,1,0,0,0
11660,1976,2,2,1,1,0,0,0,0,0,0
11660,1977,2,1,1,0,0,0,0,0,0,0
11660,1978,3,2,0,0,0,0,1,0,0,0
11660,1979,1,1,0,0,0,0,0,0,0,0
11677,1973,5,5,2,0,1,0,0,0,1,0
11677,1974,1,1,0,0,0,0,0,0,0,0
11677,1975,1,1,0,0,0,0,0,0,0,0
11677,1976,4,4,1,1,0,0,0,0,0,0
11677,1977,2,2,0,0,0,0,0,0,0,0
11677,1979,2,2,0,0,0,0,0,0,0,0
11680,1982,4,4,3,0,0,0,0,0,0,0
11680,1983,8,8,3,1,0,0,0,0,0,0
11680,1984,10,10,5,3,0,0,0,0,1,0
11680,1985,12,11,4,1,0,0,0,1,1,0
11680,1986,8,8,3,2,0,0,0,0,2,0
11680,1987,11,10,3,1,0,0,1,0,4,0
11680,1988,14,13,2,0,0,1,1,0,5,0
11700,1975,2,2,0,0,0,0,0,0,0,0
11700,1976,1,1,0,0,0,0,0,0,0,0
11700,1977,3,2,0,0,0,0,1,0,1,0
11714,1981,1,1,1,0,0,0,0,0,0,0
11714,1983,1,1,0,0,0,0,0,0,1,0
11728,1975,1,1,0,0,0,0,0,0,0,0
11728,1977,1,1,0,0,0,0,0,0,0,0
11728,1978,2,2,0,0,0,0,0,0,0,0
11730,1977,2,1,1,0,0,0,1,0,0,0
11730,1978,4,4,0,0,0,0,0,0,3,0
11730,1979,4,3,0,0,0,0,1,0,1,0
11730,1983,3,3,0,0,0,0,0,0,2,0
11743,1987,3,3,0,0,0,0,0,0,2,0
11743,1988,8,7,1,0,0,0,0,1,1,0
11743,1989,3,3,0,0,0,0,0,0,0,0
11743,1990,7,5,2,0,0,2,2,0,0,0
11743,1991,5,3,0,0,0,0,1,0,1,1
11743,1992,3,3,0,0,0,0,0,0,2,0
11755,1993,5,5,0,0,0,0,0,0,1,0
11765,1993,6,6,1,0,0,0,0,0,1,0
11765,1994,3,1,0,0,0,0,2,0,0,0
11796,1991,9,9,5,0,0,1,0,0,1,0
11796,1992,4,4,0,0,0,0,0,0,2,0
11798,1991,3,2,0,0,0,0,0,0,2,1
11798,1992,4,3,0,0,0,0,1,0,0,0
11811,1973,1,1,1,0,0,0,0,0,0,0
11812,1993,1,1,1,0,0,0,0,0,0,0
11817,1992,3,3,1,0,0,0,0,0,0,0
11820,1980,4,4,1,0,0,0,0,0,2,0
11820,1981,1,1,0,0,0,0,0,0,0,0
11821,1990,4,4,1,0,0,0,0,0,0,0
11828,1990,7,7,2,1,0,0,0,0,0,0
11846,1980,1,1,0,0,0,0,0,0,0,0
11877,1994,3,1,0,0,0,0,1,1,0,0
11894,1993,4,3,1,0,0,0,1,0,1,0
11894,1994,5,5,1,1,0,0,0,0,2,0
11896,1989,8,8,3,0,0,0,0,0,0,0
11896,1990,5,5,0,0,0,0,0,0,1,0
11896,1991,6,6,1,1,0,0,0,0,0,0
11896,1992,11,11,4,2,0,0,0,0,1,0
11915,1983,6,5,1,1,0,0,1,0,0,0
11915,1984,11,10,2,1,0,0,1,0,1,0
11915,1985,12,11,2,0,0,1,1,0,3,0
11961,1988,3,3,0,0,0,0,0,0,0,0
11964,1983,3,3,1,0,0,0,0,0,2,0
11964,1984,14,14,5,0,0,3,0,0,2,0
11964,1985,11,10,1,0,0,1,1,0,1,0
11964,1986,7,7,1,0,0,1,0,0,1,0
11964,1987,8,7,4,2,0,0,1,0,1,0
11964,1988,8,5,1,0,0,0,3,0,1,0
11964,1989,4,3,0,0,0,0,1,0,0,0
11971,1993,6,6,2,1,0,0,0,0,1,0
11971,1994,2,1,0,0,0,0,0,0,0,1
11986,1978,2,2,0,0,0,0,0,0,0,0
11986,1980,1,1,0,0,0,0,0,0,1,0
11994,1976,2,2,0,0,0,0,0,0,0,0
11994,1977,1,1,0,0,0,0,0,0,0,0
11994,1978,1,1,1,0,0,0,0,0,0,0
11999,1993,6,5,1,0,0,1,1,0,0,0
11999,1994,3,3,0,0,0,0,0,0,0,0
12012,1993,3,3,1,0,0,0,0,0,0,0
12014,1977,1,1,0,0,0,0,0,0,1,0
12032,1974,3,3,0,0,0,0,0,0,1,0
12035,1980,1,1,0,0,0,0,0,0,1,0
12035,1981,4,3,1,0,0,0,1,0,1,0
12035,1982,7,7,3,0,1,1,0,0,2,0
12035,1983,8,7,0,0,0,0,1,0,0,0
12035,1987,3,3,0,0,0,0,0,0,1,0
12035,1990,3,3,1,1,0,0,0,0,0,0
12054,1980,1,1,1,0,0,1,0,0,0,0
12054,1986,6,6,1,0,0,1,0,0,1,0
12054,1987,3,2,1,0,0,0,1,0,0,0
12054,1988,9,8,0,0,0,0,0,1,3,0
12054,1989,6,5,1,0,0,0,1,0,1,0
12059,1981,5,4,1,0,0,0,1,0,0,0
12059,1982,4,4,1,0,0,0,0,0,2,0
12059,1983,4,4,1,0,0,0,0,0,0,0
12059,1984,1,1,0,0,0,0,0,0,0,0
12059,1985,3,3,0,0,0,0,0,0,0,0
12059,1987,3,2,0,0,0,0,1,0,0,0
12062,1980,4,3,0,0,0,0,1,0,0,0
12062,1981,2,2,0,0,0,0,0,0,1,0
12062,1982,8,5,1,0,0,0,2,0,0,0
12062,1983,11,11,0,0,0,0,0,0,3,0
12071,1981,1,1,0,0,0,0,0,0,0,0
12071,1982,16,15,2,0,0,0,1,0,2,0
12071,1983,7,7,2,0,0,1,0,0,0,0
12071,1984,6,4,0,0,0,0,2,0,2,0
12071,1985,7,7,2,1,0,0,0,0,0,0
12081,1973,7,5,2,0,0,0,2,0,1,0
12081,1974,6,6,2,2,0,0,0,0,2,0
12081,1976,9,8,3,1,0,0,1,0,2,0
12081,1977,5,4,1,0,0,0,0,0,2,0
12081,1978,4,3,1,1,0,0,0,1,0,0
12081,1979,3,2,1,0,0,0,1,0,0,0
12081,1981,1,1,1,0,0,0,0,0,0,0
12113,1990,4,4,1,0,0,0,0,0,1,0
12131,1988,6,6,0,0,0,0,0,0,2,0
12131,1990,3,3,1,0,0,0,0,0,0,0
12131,1991,3,3,1,0,0,0,0,0,0,0
12131,1994,7,7,2,1,0,0,0,0,0,0
12144,1982,4,4,1,0,0,0,0,0,1,0
12162,1977,1,1,0,0,0,0,0,0,0,0
12162,1980,3,3,1,0,0,0,0,0,0,0
12191,1979,4,4,0,0,0,0,0,0,1,0
12202,1986,4,3,0,0,0,0,1,0,0,0
12202,1987,12,10,2,0,0,1,2,0,3,0
12202,1988,6,6,2,2,0,0,0,0,2,0
12202,1989,6,5,0,0,0,0,0,0,2,0
12202,1990,7,6,1,0,0,0,1,0,1,0
12202,1991,15,13,4,1,1,1,1,1,3,0
12202,1992,4,4,0,0,0,0,0,0,2,0
12206,1979,5,4,0,0,0,0,0,0,1,0
12207,1980,3,2,1,1,0,0,1,0,0,0
12207,1981,1,1,1,1,0,0,0,0,0,0
12207,1982,4,4,1,0,1,0,0,0,1,0
12207,1983,7,5,1,0,0,0,2,0,0,0
12207,1984,10,10,2,0,0,1,0,0,1,0
12207,1985,12,12,2,0,0,1,0,0,1,0
12207,1986,6,6,2,1,0,0,0,0,1,0
12207,1987,10,7,3,0,0,1,3,0,0,0
12207,1988,7,7,3,1,0,1,0,0,1,0
12207,1989,6,5,2,1,0,0,1,0,0,0
12207,1991,2,1,1,0,0,0,1,0,0,0
12213,1980,4,4,0,0,0,0,0,0,1,0
12213,1981,2,2,0,0,0,0,0,0,1,0
12213,1982,12,10,3,0,0,0,2,0,3,0
12213,1983,7,5,0,0,0,0,1,0,2,0
12213,1984,11,10,4,1,0,0,0,1,2,0
12213,1985,11,11,5,2,0,0,0,0,0,0
12213,1986,11,11,4,0,0,2,0,0,1,0
12213,1987,14,12,2,1,0,0,2,0,3,0
12213,1988,9,7,1,0,0,0,0,0,1,1
12213,1989,5,4,2,0,0,1,1,0,0,0
12213,1990,2,2,1,1,0,0,0,0,0,0
12218,1976,2,2,0,0,0,0,0,0,0,0
12221,1980,1,1,1,1,0,0,0,0,0,0
12221,1981,5,5,2,0,0,1,0,0,0,0
12221,1982,8,8,3,1,0,0,0,0,1,0
12221,1983,8,7,1,0,0,0,0,0,0,0
12221,1984,5,4,1,0,0,0,1,0,1,0
12221,1985,9,9,4,1,0,1,0,0,1,0
12221,1986,7,7,2,0,0,0,0,0,0,0
12221,1987,6,4,2,1,1,0,2,0,1,0
12221,1988,8,5,3,1,0,1,3,0,0,0
12221,1989,7,4,0,0,0,0,3,0,0,0
12221,1990,7,6,2,2,0,0,1,0,1,0
12221,1991,8,6,2,0,0,0,2,0,3,0
12224,1990,3,3,0,0,0,0,0,0,1,0
12224,1991,8,5,2,0,1,0,2,1,1,0
12224,1992,4,4,1,0,0,0,0,0,3,0
12224,1993,6,6,0,0,0,0,0,0,2,0
12231,1993,4,2,1,1,0,0,1,0,0,1
12239,1977,4,4,0,0,0,0,0,0,0,0
12239,1978,1,1,0,0,0,0,0,0,0,0
12239,1979,6,6,2,0,0,0,0,0,0,0
12241,1994,2,2,1,0,0,0,0,0,0,0
12257,1985,4,4,1,0,0,0,0,0,0,0
12257,1987,9,9,4,0,0,0,0,0,1,0
12263,1970,1,1,0,0,0,0,0,0,0,0
12268,1981,7,6,3,0,0,0,1,0,1,0
12268,1983,3,3,1,0,1,0,0,0,1,0
12268,1984,13,12,2,0,0,0,1,0,2,0
12268,1986,6,5,0,0,0,0,1,0,0,0
12277,1992,4,3,0,0,0,0,0,0,1,0
12281,1993,3,3,1,1,0,0,0,0,0,0
12281,1994,3,3,0,0,0,0,0,0,0,0
12289,1992,4,4,2,0,0,1,0,0,0,0
12294,1970,2,2,1,0,0,1,0,0,0,0
12294,1973,2,1,0,0,0,0,1,0,0,0
12294,1974,1,1,0,0,0,0,0,0,0,0
12299,1974,1,1,0,0,0,0,0,0,0,0
12311,1975,1,0,0,0,0,0,1,0,0,0
12311,1976,3,2,0,0,0,0,1,0,1,0
12319,1984,7,6,1,0,0,0,1,0,2,0
12319,1985,3,3,0,0,0,0,0,0,1,0
12319,1986,3,3,1,0,0,1,0,0,0,0
12319,1987,2,2,1,0,0,0,0,0,0,0
12328,1987,4,4,2,1,0,1,0,0,1,0
12328,1989,8,7,1,0,0,1,1,0,0,0
12333,1994,6,4,1,0,0,1,2,0,2,0
12373,1973,1,1,0,0,0,0,0,0,1,0
12376,1983,8,8,1,1,0,0,0,0,1,0
12376,1988,5,5,2,0,0,0,0,0,1,0
12386,1989,3,3,2,1,0,0,0,0,0,0
12386,1990,11,9,6,2,0,0,2,0,1,0
12386,1991,7,7,2,0,0,0,0,0,0,0
12402,1980,3,2,1,0,0,0,1,0,0,0
12402,1982,18,18,6,1,0,0,0,0,2,0
12402,1983,4,3,1,0,0,0,1,0,0,0
12402,1984,11,10,6,0,2,0,1,0,0,0
12402,1985,11,11,1,0,0,0,0,0,2,0
12402,1986,8,7,1,0,0,0,0,1,2,0
12402,1987,15,12,4,0,0,0,1,2,1,0
12402,1988,12,11,5,0,0,1,1,0,1,0
12402,1989,11,11,1,0,0,0,0,0,2,0
12402,1990,7,5,1,0,0,0,1,1,0,0
12402,1992,10,10,2,0,0,0,0,0,2,0
12414,1973,3,3,2,1,0,0,0,0,0,0
12414,1974,6,6,0,0,0,0,0,0,2,0
12414,1975,4,2,0,0,0,0,1,1,1,0
12414,1976,5,4,1,1,0,0,1,0,2,0
12414,1977,6,4,1,0,0,1,1,0,1,1
12414,1978,6,5,2,0,0,0,1,0,2,0
12414,1979,11,8,1,0,0,1,3,0,0,0
12414,1980,3,3,1,0,0,0,0,0,0,0
12414,1981,1,0,0,0,0,0,1,0,0,0
12414,1982,7,7,0,0,0,0,0,0,2,0
12414,1983,11,8,2,0,0,0,2,0,4,1
12414,1984,4,4,0,0,0,0,0,0,0,0
12414,1987,3,2,0,0,0,0,1,0,2,0
12414,1988,6,5,2,0,0,0,1,0,2,0
12414,1990,15,13,4,1,0,3,2,0,3,0
12414,1991,14,7,2,1,0,1,6,0,3,1
12414,1992,5,5,1,0,0,0,0,0,0,0
12421,1992,4,4,1,0,0,0,0,0,1,0
12434,1973,1,1,0,0,0,0,0,0,1,0
12434,1980,1,0,0,0,0,0,1,0,0,0
12448,1980,1,0,0,0,0,0,1,0,0,0
12448,1981,1,0,0,0,0,0,1,0,0,0
12459,1980,1,1,1,0,0,0,0,0,0,0
12471,1981,1,1,0,0,0,0,0,0,1,0
12471,1982,4,4,0,0,0,0,0,0,2,0
12471,1986,1,1,1,0,0,0,0,0,0,0
12493,1988,1,1,0,0,0,0,0,0,1,0
12496,1973,1,1,0,0,0,0,0,0,1,0
12496,1974,2,2,0,0,0,0,0,0,0,0
12504,1970,1,1,0,0,0,0,0,0,1,0
12513,1993,2,2,0,0,0,0,0,0,0,0
12515,1989,5,5,1,0,0,1,0,0,2,0
12515,1990,9,7,1,0,0,0,1,0,2,1
12543,1980,3,3,0,0,0,0,0,0,0,0
12543,1981,4,3,0,0,0,0,1,0,0,0
12543,1983,7,5,1,0,0,0,2,0,0,0
12543,1984,8,8,1,0,0,0,0,0,0,0
12543,1985,4,4,1,0,0,0,0,0,1,0
12543,1986,4,3,0,0,0,0,1,0,1,0
12547,1973,6,5,2,0,0,1,1,0,1,0
12547,1976,6,4,2,0,0,1,2,0,1,0
12564,1980,1,1,1,0,0,0,0,0,0,0
12564,1981,1,1,1,0,0,0,0,0,0,0
12564,1982,10,8,5,1,0,0,2,0,2,0
12564,1983,2,0,0,0,0,0,2,0,0,0
12569,1986,3,3,0,0,0,0,0,0,0,0
12586,1982,1,1,0,0,0,0,0,0,0,0
12606,1993,7,5,1,0,0,0,1,1,0,0
12606,1994,3,1,0,0,0,0,2,0,0,0
12610,1977,1,1,0,0,0,0,0,0,1,0
12610,1978,4,4,0,0,0,0,0,0,0,0
12610,1979,6,5,1,0,0,0,1,0,0,0
12615,1993,12,10,3,0,0,0,2,0,1,0
12618,1985,7,6,1,1,0,0,1,0,1,0
12618,1987,7,6,1,0,0,1,1,0,3,0
12623,1980,2,2,1,0,0,0,0,0,1,0
12623,1981,3,3,1,0,0,0,0,0,0,0
12623,1982,10,10,4,1,0,0,0,0,0,0
12623,1983,9,9,1,1,0,0,0,0,1,0
12623,1984,4,3,1,1,0,0,1,0,1,0
12623,1985,7,5,3,0,0,1,2,0,0,0
12623,1986,5,5,2,0,0,0,0,0,0,0
12623,1987,2,2,0,0,0,0,0,0,0,0
12623,1988,6,5,2,1,0,0,1,0,0,0
12623,1989,1,1,0,0,0,0,0,0,0,0
12623,1990,4,4,0,0,0,0,0,0,1,0
12623,1991,1,1,0,0,0,0,0,0,0,0
12623,1992,4,4,0,0,0,0,0,0,0,0
12651,1993,6,3,1,0,0,0,3,0,1,0
12651,1994,4,4,0,0,0,0,0,0,0,0
12670,1974,5,5,2,0,0,0,0,0,1,0
12670,1975,1,0,0,0,0,0,1,0,0,0
12670,1976,3,3,1,0,0,0,0,0,0,0
12670,1981,2,2,0,0,0,0,0,0,1,0
12670,1982,10,9,3,1,0,1,0,0,1,1
12670,1983,8,6,1,0,0,0,2,0,2,0
12682,1992,3,2,0,0,0,0,1,0,1,0
12684,1986,2,1,0,0,0,0,1,0,1,0
12684,1987,3,3,0,0,0,0,0,0,2,0
12684,1988,5,4,1,1,0,0,0,0,0,0
12684,1989,3,3,1,0,0,1,0,0,0,0
