1,1972,9,8,0,0,0,0,1,0,1,0
1,1973,10,6,2,0,0,0,4,0,1,0
1,1974,3,3,0,0,0,0,0,0,1,0
47,1964,5,5,1,0,0,0,0,0,0,0
47,1965,9,9,1,0,0,0,0,0,1,0
47,1966,3,3,1,0,0,0,0,0,0,0
47,1967,5,4,0,0,0,0,1,0,0,0
47,1968,4,4,0,0,0,0,0,0,0,0
47,1969,12,10,3,0,0,0,2,0,0,0
72,1964,7,7,2,1,0,0,0,0,2,0
72,1965,14,13,1,1,0,0,1,0,2,0
72,1966,16,12,4,0,0,1,4,0,4,0
75,1988,2,2,0,0,0,0,0,0,0,0
88,1972,11,11,2,1,0,0,0,0,2,0
88,1973,6,5,2,0,0,0,1,0,2,0
92,1989,4,3,0,0,0,0,1,0,0,0
94,1964,5,5,0,0,0,0,0,0,3,0
102,1979,4,3,1,0,0,0,1,0,1,0
102,1981,7,6,1,0,0,0,1,0,1,0
102,1982,10,10,4,0,0,0,0,0,1,0
102,1983,4,4,2,2,0,0,0,0,0,0
103,1979,7,6,4,0,0,0,1,0,1,0
103,1981,6,6,1,0,0,0,0,0,3,0
106,1965,1,1,0,0,0,0,0,0,1,0
106,1971,1,0,0,0,0,0,0,0,0,0
124,1969,4,4,0,0,0,0,0,0,0,0
140,1976,3,3,0,0,0,0,0,0,3,0
140,1977,1,1,1,0,0,0,0,0,0,0
140,1979,9,8,1,0,0,1,1,0,3,0
140,1980,7,7,4,0,0,1,0,0,1,0
153,1987,3,3,2,1,0,0,0,0,0,0
153,1988,9,7,3,0,0,0,1,1,1,0
153,1989,3,3,2,1,0,0,0,0,0,0
160,1963,1,1,1,0,0,0,0,0,0,0
160,1966,9,9,1,0,0,0,0,0,1,0
160,1967,4,4,2,0,0,0,0,0,0,0
160,1968,2,2,1,0,0,0,0,0,0,0
164,1976,5,4,2,0,0,1,1,0,1,0
165,1979,10,10,2,0,0,0,0,0,1,0
165,1980,7,6,3,1,0,0,1,0,0,0
165,1981,4,2,1,0,0,0,2,0,1,0
165,1982,6,6,1,0,0,0,0,0,1,0
165,1983,7,6,2,1,0,0,0,0,0,1
165,1984,6,6,2,1,0,0,0,0,0,0
167,1972,3,3,2,0,0,0,0,0,0,0
167,1973,3,3,0,0,0,0,0,0,0,0
168,1966,2,1,1,0,0,1,1,0,0,0
168,1967,8,8,1,0,0,0,0,0,2,0
168,1968,3,3,1,0,0,0,0,0,0,0
168,1969,4,4,2,0,0,0,0,0,0,0
168,1970,1,1,0,0,0,0,0,0,1,0
170,1983,3,3,0,0,0,0,0,0,1,0
175,1970,3,3,0,0,0,0,0,0,0,0
175,1971,1,1,0,0,0,0,0,0,0,0
178,1983,1,1,0,0,0,0,0,0,0,0
178,1984,3,1,1,0,0,0,1,1,0,0
182,1963,1,1,0,0,0,0,0,0,0,0
182,1965,5,4,0,0,0,0,1,0,0,0
182,1966,9,8,2,0,0,0,0,0,1,1
182,1967,10,8,2,0,0,1,1,1,1,0
182,1968,2,1,1,0,0,0,1,0,0,0
182,1969,21,18,7,1,1,2,3,0,1,0
182,1970,2,1,1,0,0,0,1,0,0,0
189,1977,4,3,1,0,0,0,0,0,0,0
189,1978,13,12,5,1,0,0,1,0,2,0
189,1981,5,5,3,1,0,0,0,0,0,0
189,1982,7,7,3,0,0,0,0,0,0,0
189,1983,5,5,2,1,0,0,0,0,1,0
189,1984,10,10,2,0,0,0,0,0,1,0
198,1969,12,10,1,0,0,0,2,0,1,0
198,1970,15,14,3,0,0,0,1,0,1,0
198,1971,14,14,6,0,0,0,0,0,1,0
201,1970,21,16,8,0,1,0,5,0,0,0
201,1971,15,14,5,0,0,0,0,0,1,0
202,1972,3,2,1,0,0,0,1,0,1,0
202,1978,4,4,4,0,0,0,0,0,0,0
214,1964,4,3,2,0,0,0,1,0,0,0
230,1970,4,3,0,0,0,0,1,0,0,0
241,1965,8,8,1,1,0,0,0,0,3,0
241,1966,18,16,5,1,0,0,2,0,0,0
241,1967,7,6,3,1,1,1,1,0,1,0
241,1968,11,11,0,0,0,0,0,0,4,0
241,1969,7,6,3,0,0,0,1,0,0,0
241,1970,3,3,1,0,0,0,0,0,0,0
242,1968,2,1,0,0,0,0,1,0,0,0
242,1969,7,6,2,0,0,0,0,0,1,1
242,1970,12,11,5,1,0,1,1,0,2,0
242,1971,1,0,0,0,0,0,1,0,0,0
242,1972,4,4,1,0,0,0,0,0,1,0
249,1967,9,9,2,0,0,0,0,0,1,0
274,1971,5,4,0,0,0,0,0,1,0,0
274,1972,4,3,2,0,0,0,1,0,1,0
274,1973,5,3,0,0,0,0,2,0,0,0
279,1979,4,2,0,0,0,0,2,0,0,0
279,1980,3,3,0,0,0,0,0,0,0,0
292,1973,9,7,1,0,0,1,2,0,1,0
292,1974,6,6,1,0,0,0,0,0,1,0
292,1976,6,5,2,1,0,0,1,0,1,0
292,1977,3,3,2,0,0,0,0,0,0,0
310,1966,3,3,1,0,0,0,0,0,1,0
310,1967,5,4,1,0,0,0,0,0,0,1
310,1968,8,7,3,0,0,0,1,0,0,0
310,1969,3,3,0,0,0,0,0,0,0,0
310,1970,13,13,2,1,0,0,0,0,1,0
311,1976,10,10,4,0,0,0,0,0,0,0
311,1977,3,2,1,1,0,0,1,0,0,0
314,1976,4,4,1,1,0,0,0,0,3,0
328,1964,8,7,0,0,0,0,1,0,1,0
328,1965,13,10,6,2,0,0,2,1,1,0
328,1966,15,13,3,0,0,0,1,0,1,1
328,1967,10,10,4,0,1,0,0,0,0,0
328,1971,3,2,0,0,0,0,0,0,1,1
329,1974,2,2,0,0,0,0,0,0,2,0
361,1972,4,4,1,0,0,0,0,0,2,0
361,1973,2,2,0,0,0,0,0,0,1,0
363,1979,7,6,3,0,0,0,1,0,0,0
363,1980,11,10,4,0,1,0,1,0,1,0
363,1981,6,6,2,0,0,0,0,0,1,0
363,1982,3,3,0,0,0,0,0,0,0,0
363,1983,10,10,3,0,1,1,0,0,0,0
363,1984,7,7,1,0,0,1,0,0,0,0
363,1987,5,5,2,1,0,0,0,0,0,0
363,1988,10,10,5,2,0,0,0,0,0,0
365,1973,3,3,0,0,0,0,0,0,0,0
365,1976,10,9,3,0,0,0,1,0,2,0
365,1977,4,4,0,0,0,0,0,0,1,0
371,1972,1,1,0,0,0,0,0,0,0,0
371,1973,3,3,1,0,0,0,0,0,1,0
371,1974,2,2,1,0,0,0,0,0,0,0
371,1976,1,1,0,0,0,0,0,0,0,0
403,1977,3,2,2,0,0,0,1,0,0,0
403,1978,15,15,3,1,0,0,0,0,4,0
426,1971,3,3,1,0,0,0,0,0,2,0
426,1977,3,3,0,0,0,0,0,0,1,0
426,1978,4,4,1,0,0,0,0,0,0,0
431,1980,8,8,2,0,0,0,0,0,0,0
457,1979,5,5,2,0,0,1,0,0,0,0
457,1980,11,11,2,0,0,0,0,0,0,0
457,1981,6,6,2,0,0,0,0,0,0,0
457,1982,3,3,0,0,0,0,0,0,0,0
457,1983,3,3,1,0,0,0,0,0,0,0
457,1985,1,1,1,1,0,0,0,0,0,0
465,1965,9,9,1,0,0,0,0,0,2,0
465,1966,13,10,2,0,1,0,2,0,0,1
465,1967,2,2,0,0,0,0,0,0,0,0
465,1968,7,6,1,0,0,0,1,0,0,0
465,1969,12,10,1,0,0,0,1,0,0,0
465,1970,6,5,0,0,0,0,1,0,1,0
469,1981,5,5,3,0,0,0,0,0,0,0
474,1989,8,7,4,0,0,0,0,0,1,0
493,1968,3,3,1,0,0,0,0,0,2,0
495,1979,16,16,4,1,1,0,0,0,0,0
495,1980,13,12,4,1,0,0,1,0,0,0
497,1972,5,5,1,0,0,0,0,0,0,0
497,1973,7,6,1,1,0,0,1,0,2,0
497,1974,6,4,1,0,0,0,2,0,0,0
497,1976,5,5,2,0,0,0,0,0,1,0
497,1977,4,1,1,0,0,0,3,0,0,0
508,1980,6,6,0,0,0,0,0,0,3,0
508,1982,14,14,3,0,1,0,0,0,3,0
508,1983,2,2,1,0,0,0,0,0,0,0
508,1984,5,5,3,0,0,1,0,0,0,0
508,1985,3,2,0,0,0,0,1,0,1,0
508,1986,3,2,0,0,0,0,0,0,0,1
508,1987,6,6,1,1,0,0,0,0,2,0
508,1988,9,9,2,2,0,0,0,0,2,0
508,1989,4,4,3,0,0,0,0,0,0,0
510,1978,1,1,0,0,0,0,0,0,0,0
514,1978,4,4,1,0,0,0,0,0,0,0
516,1972,6,6,1,0,0,0,0,0,0,0
516,1973,14,14,4,0,0,0,0,0,1,0
516,1974,3,3,1,0,0,0,0,0,0,0
516,1985,2,0,0,0,0,0,2,0,0,0
534,1984,4,4,3,0,0,1,0,0,1,0
534,1985,3,3,0,0,0,0,0,0,0,0
534,1986,3,3,2,0,0,0,0,0,0,0
534,1987,3,3,0,0,0,0,0,0,0,0
534,1988,3,3,1,0,0,0,0,0,1,0
545,1978,1,1,0,0,0,0,0,0,0,0
558,1982,5,5,0,0,0,0,0,0,1,0
558,1983,3,3,1,0,0,0,0,0,0,0
558,1985,1,1,1,1,0,0,0,0,0,0
558,1986,2,2,2,0,0,0,0,0,0,0
558,1987,2,2,0,0,0,0,0,0,0,0
560,1967,4,4,2,0,0,0,0,0,0,0
560,1968,16,15,3,0,0,0,1,0,2,0
560,1969,17,13,1,0,0,0,4,0,1,0
560,1970,16,16,5,1,0,1,0,0,0,0
560,1971,18,13,6,0,0,3,4,1,0,0
560,1979,6,6,2,0,0,0,0,0,0,0
560,1980,10,9,0,0,0,0,1,0,0,0
560,1981,1,1,0,0,0,0,0,0,0,0
567,1963,1,0,0,0,0,0,1,0,0,0
573,1979,3,3,0,0,0,0,0,0,0,0
573,1980,14,14,5,0,0,0,0,0,2,0
573,1981,3,3,2,0,0,0,0,0,0,0
573,1982,8,8,3,0,0,1,0,0,0,0
573,1983,11,10,3,1,0,0,1,0,0,0
573,1984,4,3,2,1,0,0,0,0,0,1
575,1977,3,3,0,0,0,0,0,0,1,0
588,1965,1,1,0,0,0,0,0,0,1,0
588,1966,2,2,0,0,0,0,0,0,1,0
588,1968,2,2,0,0,0,0,0,0,1,0
596,1982,17,16,2,0,0,1,0,0,4,0
596,1984,9,9,2,0,0,1,0,0,0,0
596,1985,1,1,1,0,0,1,0,0,0,0
596,1987,11,11,5,0,0,0,0,0,1,0
596,1988,1,0,0,0,0,0,1,0,0,0
649,1973,1,1,0,0,0,0,0,0,0,0
649,1977,2,2,0,0,0,0,0,0,0,0
654,1984,2,2,1,0,0,0,0,0,0,0
654,1985,1,1,1,0,0,0,0,0,0,0
654,1987,5,5,3,0,0,0,0,0,0,0
654,1988,2,1,0,0,0,0,0,0,0,0
666,1972,5,5,1,0,0,0,0,0,0,0
694,1972,7,7,1,1,0,0,0,0,2,0
695,1986,3,2,1,0,0,0,0,0,0,0
703,1965,5,4,2,1,0,0,1,0,0,0
703,1966,6,6,2,0,0,0,0,0,1,0
703,1967,4,4,1,0,1,0,0,0,0,0
728,1979,7,6,1,1,0,0,1,0,1,0
728,1981,3,1,1,0,0,0,2,0,0,0
728,1982,10,9,3,0,0,1,0,0,1,1
728,1983,8,7,4,0,0,1,1,0,0,0
728,1984,7,7,3,0,0,0,0,0,1,0
728,1985,9,8,1,1,0,0,0,0,0,0
728,1987,4,4,3,0,0,0,0,0,0,0
728,1988,8,7,1,0,0,0,1,0,1,0
734,1978,5,5,1,0,0,0,0,0,1,0
738,1986,3,3,0,0,0,0,0,0,0,0
738,1989,2,2,0,0,0,0,0,0,0,0
753,1972,10,10,1,0,0,0,0,0,2,0
753,1973,4,4,0,0,0,0,0,0,1,0
760,1972,6,6,1,0,0,0,0,0,0,0
760,1973,6,5,1,1,0,0,0,0,0,1
760,1974,4,3,2,0,0,0,1,0,0,0
788,1966,2,2,1,0,0,0,0,0,0,0
788,1967,1,1,0,0,0,0,0,0,0,0
788,1968,6,6,1,0,0,0,0,0,0,0
788,1969,4,3,1,0,0,0,1,0,0,0
788,1970,7,7,1,0,0,0,0,0,1,0
788,1971,8,7,4,0,0,0,1,0,0,0
788,1979,8,7,2,1,0,0,1,0,2,0
788,1980,6,5,1,0,0,0,1,0,1,0
800,1979,8,8,1,0,0,0,0,0,0,0
800,1980,7,6,2,0,0,0,1,0,0,0
800,1981,9,9,3,1,0,0,0,0,1,0
800,1983,11,11,2,0,0,0,0,0,0,0
800,1984,7,7,3,2,0,0,0,0,0,0
809,1984,9,9,1,1,0,0,0,0,1,0
809,1985,1,1,1,0,0,0,0,0,0,0
809,1987,10,9,1,0,0,1,1,0,0,0
809,1988,1,1,0,0,0,0,0,0,0,0
810,1966,10,10,2,0,0,0,0,0,4,0
810,1969,4,4,0,0,0,0,0,0,1,0
813,1987,2,2,1,0,0,0,0,0,0,0
813,1988,2,1,1,0,0,0,0,0,0,1
819,1980,7,7,1,0,0,0,0,0,0,0
843,1972,7,5,1,0,0,1,2,0,2,0
843,1973,8,8,0,0,0,0,0,0,1,0
843,1974,6,6,1,0,0,0,0,0,1,0
843,1976,11,7,2,0,0,0,4,0,1,0
843,1977,19,19,5,1,0,0,0,0,0,0
843,1978,12,10,4,1,0,0,2,0,0,0
850,1980,12,11,5,0,0,0,1,0,0,0
850,1981,3,3,0,0,0,0,0,0,0,0
850,1985,2,2,2,0,0,1,0,0,0,0
850,1987,6,5,1,1,0,0,0,0,2,0
867,1987,1,1,0,0,0,0,0,0,0,0
896,1981,5,4,0,0,0,0,0,1,0,0
896,1982,9,9,3,1,0,0,0,0,0,0
896,1983,9,8,3,0,0,0,1,0,0,0
896,1984,3,3,1,1,0,0,0,0,1,0
896,1985,1,1,1,0,0,0,0,0,0,0
896,1986,3,3,0,0,0,0,0,0,1,0
896,1987,7,6,1,0,0,0,1,0,0,0
901,1977,2,2,1,0,0,0,0,0,0,0
901,1985,3,2,1,0,0,0,0,0,0,0
905,1971,11,11,4,0,0,0,0,0,1,0
912,1967,3,3,0,0,0,0,0,0,2,0
912,1968,1,1,0,0,0,0,0,0,1,0
931,1974,7,7,1,0,0,0,0,0,1,0
938,1973,1,1,0,0,0,0,0,0,1,0
942,1989,4,4,1,0,0,0,0,0,0,0
957,1977,1,1,1,0,0,0,0,0,0,0
963,1969,3,2,0,0,0,0,1,0,1,0
963,1971,7,7,1,0,0,0,0,0,1,0
964,1974,1,1,0,0,0,0,0,0,1,0
997,1965,13,12,2,0,0,0,0,0,0,0
997,1966,16,15,3,2,0,0,1,0,1,0
997,1967,8,8,1,0,0,0,0,0,1,0
997,1968,7,7,2,2,0,0,0,0,0,0
997,1969,6,5,2,0,0,0,0,0,1,0
997,1970,6,6,2,0,0,0,0,0,1,0
997,1971,10,10,5,1,0,0,0,0,1,0
1010,1964,1,1,1,0,0,0,0,0,0,0
1010,1965,2,1,0,0,0,0,1,0,0,0
1014,1972,1,1,1,1,0,0,0,0,0,0
1014,1973,1,1,1,0,0,0,0,0,0,0
1023,1972,3,1,0,0,0,0,0,0,1,0
1030,1965,5,5,2,0,0,0,0,0,1,0
1030,1966,7,7,1,0,0,0,0,0,1,0
1030,1967,10,9,2,0,0,1,0,1,2,0
1030,1968,3,2,0,0,0,0,0,1,0,0
1030,1970,1,1,0,0,0,0,0,0,1,0
1030,1971,1,1,0,0,0,0,0,0,0,0
1047,1971,3,3,2,1,0,0,0,0,0,0
1054,1973,4,4,1,0,0,0,0,0,2,0
1054,1974,2,2,0,0,0,0,0,0,0,0
1055,1979,1,1,0,0,0,0,0,0,1,0
1055,1980,10,10,2,0,0,0,0,0,0,0
1055,1982,8,7,2,1,0,0,1,0,1,0
1063,1969,4,3,1,0,0,0,1,0,0,0
1072,1983,8,8,4,0,0,0,0,0,0,0
1072,1984,3,2,1,1,0,0,1,0,0,0
1072,1985,1,0,0,0,0,0,1,0,0,0
1072,1987,5,3,2,1,0,0,2,0,0,0
1072,1988,2,1,1,0,0,0,1,0,0,0
1079,1977,1,1,0,0,0,0,0,0,1,0
1094,1972,13,11,2,0,0,0,1,1,1,0
1094,1973,12,11,2,0,0,1,1,0,2,0
1094,1974,15,13,3,0,0,0,2,0,4,0
1094,1979,8,7,2,1,0,1,1,0,2,0
1099,1972,2,2,1,0,0,0,0,0,1,0
1099,1977,2,2,1,0,0,0,0,0,0,0
1100,1986,3,2,1,0,0,0,1,0,0,0
1107,1977,4,4,0,0,0,0,0,0,0,0
1107,1978,11,11,1,0,0,0,0,0,1,0
1107,1980,9,8,2,0,0,0,1,0,2,0
1107,1981,6,6,2,0,0,0,0,0,0,0
1107,1982,15,15,4,0,0,0,0,0,0,0
1107,1984,3,3,2,0,0,0,0,0,0,0
1107,1985,3,3,1,0,0,0,0,0,0,0
1115,1973,11,10,4,0,1,0,1,0,0,0
1115,1974,6,4,0,0,0,0,2,0,0,0
1115,1976,7,7,3,1,0,0,0,0,1,0
1115,1977,6,6,2,1,0,0,0,0,0,0
1115,1978,3,3,2,0,0,0,0,0,0,0
1115,1982,6,6,0,0,0,0,0,0,1,0
1115,1985,2,1,0,0,0,0,0,0,0,0
1115,1986,2,1,0,0,0,0,0,0,0,1
1115,1987,8,7,3,0,0,0,0,0,0,0
1115,1988,7,6,1,1,0,0,0,0,0,0
1115,1989,6,5,0,0,0,0,0,1,1,0
1125,1973,1,1,0,0,0,0,0,0,0,0
1144,1979,16,16,2,0,0,0,0,0,1,0
1144,1980,3,3,0,0,0,0,0,0,0,0
1149,1967,2,2,0,0,0,0,0,0,0,0
1149,1969,2,2,0,0,0,0,0,0,1,0
1152,1984,1,1,0,0,0,0,0,0,0,0
1154,1965,1,1,0,0,0,0,0,0,0,0
1154,1968,1,1,0,0,0,0,0,0,1,0
1154,1969,6,6,1,0,0,0,0,0,1,0
1154,1970,2,2,0,0,0,0,0,0,1,0
1155,1974,3,3,0,0,0,0,0,0,0,0
1177,1969,1,1,0,0,0,0,0,0,1,0
1179,1972,9,8,3,0,1,0,0,0,1,0
1179,1973,6,6,2,1,0,0,0,0,1,0
1179,1974,8,8,3,2,0,0,0,0,1,0
1179,1976,10,10,2,0,0,0,0,0,0,0
1179,1977,6,6,2,0,0,0,0,0,0,0
1179,1978,4,4,1,0,0,0,0,0,1,0
1188,1964,9,9,2,1,0,0,0,0,1,0
1188,1965,3,3,0,0,0,0,0,0,0,0
1188,1966,13,12,4,0,0,1,1,0,1,0
1188,1967,3,3,0,0,0,0,0,0,1,0
1188,1968,4,4,0,0,0,0,0,0,2,0
1207,1964,3,3,0,0,0,0,0,0,0,0
1207,1965,11,9,2,1,0,0,2,0,1,0
1207,1966,9,9,2,0,0,0,0,0,0,0
1220,1970,8,5,1,0,0,0,3,0,0,0
1234,1984,4,3,0,0,0,0,1,0,0,0
1234,1985,5,4,1,0,0,1,1,0,0,0
1234,1986,7,6,2,0,0,1,1,0,1,0
1234,1987,5,5,2,0,0,0,0,0,1,0
1239,1973,1,0,0,0,0,0,0,0,0,0
1242,1987,8,7,3,0,0,0,1,0,0,0
1242,1988,4,4,2,0,0,1,0,0,0,0
1243,1967,1,1,0,0,0,0,0,0,0,0
1248,1964,7,6,2,0,0,1,1,0,1,0
1248,1965,7,7,3,1,0,0,0,0,0,0
1249,1986,7,6,1,0,0,0,0,0,1,0
1249,1987,3,3,0,0,0,0,0,0,0,0
1249,1988,2,2,0,0,0,0,0,0,0,0
1262,1980,1,1,1,0,0,0,0,0,0,0
1277,1973,6,6,2,0,1,0,0,0,0,0
1277,1974,5,3,1,0,0,0,2,0,0,0
1290,1964,8,8,2,0,0,0,0,0,1,0
1290,1965,1,1,1,0,0,0,0,0,0,0
1291,1979,13,12,2,0,0,1,1,0,0,0
1291,1980,3,3,1,0,1,0,0,0,0,0
1291,1981,3,3,1,0,0,0,0,0,0,0
1291,1982,10,10,2,0,0,0,0,0,0,0
1291,1983,2,1,0,0,0,0,1,0,0,0
1291,1984,3,3,2,0,0,0,0,0,0,0
1291,1985,4,4,0,0,0,0,0,0,1,0
1291,1986,3,3,0,0,0,0,0,0,1,0
1291,1987,3,3,1,0,0,0,0,0,0,0
1291,1988,6,5,2,0,0,0,1,0,0,0
1292,1973,3,3,0,0,0,0,0,0,1,0
1323,1963,1,1,0,0,0,0,0,0,0,0
1323,1964,3,3,3,1,0,0,0,0,0,0
1323,1965,6,5,0,0,0,0,1,0,2,0
1323,1966,8,8,4,0,0,0,0,0,1,0
1323,1967,9,8,3,0,0,0,1,0,1,0
1323,1969,7,7,0,0,0,0,0,0,1,0
1323,1970,12,12,3,0,0,0,0,0,0,0
1323,1971,4,4,0,0,0,0,0,0,2,0
1341,1971,2,2,0,0,0,0,0,0,2,0
1344,1987,8,8,1,0,0,0,0,0,1,0
1344,1988,5,3,1,0,0,0,1,1,0,0
1345,1972,7,7,1,0,0,0,0,0,2,0
1345,1973,5,5,1,0,0,0,0,0,1,0
1356,1969,7,6,1,1,0,0,1,0,2,0
1361,1979,8,7,4,1,0,0,1,0,0,0
1361,1980,6,6,2,1,0,0,0,0,0,0
1361,1982,3,3,1,0,0,0,0,0,0,0
1361,1984,8,7,3,0,0,0,0,0,0,0
1361,1985,4,4,0,0,0,0,0,0,0,0
1361,1988,7,7,3,1,0,0,0,0,1,0
1370,1981,5,5,0,0,0,0,0,0,1,0
1370,1982,4,4,1,0,0,0,0,0,2,0
1370,1983,3,3,1,0,0,0,0,0,0,0
1370,1984,7,6,3,1,0,0,1,0,1,0
1370,1985,6,6,1,0,0,0,0,0,0,0
1374,1982,7,7,0,0,0,0,0,0,1,0
1375,1987,2,2,0,0,0,0,0,0,0,0
1375,1988,7,6,1,0,0,0,1,0,1,0
1386,1983,10,10,3,0,0,0,0,0,0,0
1386,1984,7,7,3,0,1,0,0,0,0,0
1390,1964,4,4,1,0,0,0,0,0,2,0
1390,1965,8,7,4,2,0,0,1,0,0,0
1396,1970,4,4,2,0,0,0,0,0,0,0
1396,1971,4,4,1,0,0,0,0,0,0,0
1397,1987,3,3,0,0,0,0,0,0,0,0
1397,1988,3,3,1,0,0,0,0,0,0,0
1397,1989,4,4,0,0,0,0,0,0,0,0
1410,1976,8,8,1,0,0,0,0,0,0,0
1411,1965,6,6,4,0,0,2,0,0,1,0
1411,1966,14,12,1,0,0,0,1,1,3,0
1411,1967,6,6,1,0,0,0,0,0,0,0
1411,1968,7,7,0,0,0,0,0,0,0,0
1411,1969,15,14,3,0,0,0,0,0,2,1
1411,1970,5,5,1,0,0,0,0,0,0,0
1411,1971,10,10,0,0,0,0,0,0,1,0
1419,1972,7,7,2,0,0,0,0,0,2,0
1419,1973,4,4,1,0,0,0,0,0,1,0
1420,1972,3,3,0,0,0,0,0,0,2,0
1420,1974,6,5,2,0,0,0,1,0,0,0
1420,1976,9,8,3,1,0,0,1,0,0,0
1451,1964,1,0,0,0,0,0,1,0,0,0
1451,1965,1,0,0,0,0,0,1,0,0,0
1456,1965,4,4,1,0,0,0,0,0,3,0
1456,1966,2,2,0,0,0,0,0,0,0,0
1456,1967,2,2,0,0,0,0,0,0,2,0
1456,1968,2,2,0,0,0,0,0,0,1,0
1456,1970,2,2,0,0,0,0,0,0,1,0
1458,1982,7,7,2,0,0,0,0,0,0,0
1458,1983,11,8,3,2,0,1,3,0,0,0
1458,1984,7,6,3,1,0,1,0,0,1,1
1458,1985,4,4,2,1,0,0,0,0,1,0
1458,1986,3,3,0,0,0,0,0,0,0,0
1458,1987,11,10,2,1,0,0,1,0,1,0
1458,1988,1,1,0,0,0,0,0,0,0,0
1462,1978,1,1,0,0,0,0,0,0,1,0
1463,1964,1,1,1,1,0,0,0,0,0,0
1464,1966,1,1,0,0,0,0,0,0,0,0
1466,1979,1,1,0,0,0,0,0,0,0,0
1469,1972,5,5,1,0,0,0,0,0,0,0
1469,1974,2,2,0,0,0,0,0,0,0,0
1471,1971,2,2,0,0,0,0,0,0,0,0
1471,1978,4,4,0,0,0,0,0,0,0,0
1483,1977,13,12,4,0,0,1,1,0,2,0
1483,1978,11,10,3,0,0,0,0,0,0,1
1483,1984,7,6,2,0,0,0,1,0,1,0
1483,1985,1,1,1,0,0,0,0,0,0,0
1483,1987,3,3,0,0,0,0,0,0,1,0
1487,1984,1,1,1,0,0,0,0,0,0,0
1494,1986,1,0,0,0,0,0,1,0,0,0
1494,1987,2,2,1,0,0,0,0,0,0,0
1494,1988,5,5,1,0,1,0,0,0,0,0
1500,1964,2,2,1,0,0,0,0,0,0,0
1500,1968,3,3,1,0,0,0,0,0,0,0
1500,1969,6,5,3,1,0,0,1,0,0,0
1500,1970,4,3,0,0,0,0,0,1,0,0
1500,1971,4,4,1,0,0,0,0,0,1,0
1508,1982,3,3,1,0,0,0,0,0,0,0
1513,1979,12,12,2,0,0,0,0,0,0,0
1513,1980,12,12,3,1,0,1,0,0,1,0
1513,1981,6,6,2,0,0,0,0,0,2,0
1513,1982,3,3,1,0,0,0,0,0,0,0
1519,1967,2,2,0,0,0,0,0,0,1,0
1519,1969,2,2,0,0,0,0,0,0,2,0
1543,1987,5,5,1,0,0,0,0,0,0,0
1543,1988,2,2,0,0,0,0,0,0,0,0
1545,1979,4,4,1,0,0,0,0,0,0,0
1555,1979,12,12,3,0,0,0,0,0,2,0
1555,1980,13,12,4,1,0,0,1,0,0,0
1555,1981,4,4,1,0,0,0,0,0,0,0
1555,1986,2,2,0,0,0,0,0,0,0,0
1573,1971,3,3,0,0,0,0,0,0,1,0
1573,1977,11,9,2,0,0,1,2,0,3,0
1573,1978,10,9,2,0,0,0,1,0,0,0
1573,1982,3,3,1,0,0,0,0,0,1,0
1573,1983,5,5,0,0,0,0,0,0,0,0
1573,1984,8,6,2,1,0,0,2,0,0,0
1573,1985,1,0,0,0,0,0,1,0,0,0
1577,1977,1,1,0,0,0,0,0,0,0,0
1604,1973,6,5,0,0,0,0,1,0,3,0
1608,1980,1,1,0,0,0,0,0,0,0,0
1608,1981,4,4,0,0,0,0,0,0,0,0
1608,1982,3,3,1,0,0,0,0,0,0,0
1610,1984,4,4,0,0,0,0,0,0,2,0
1610,1985,2,2,1,0,0,0,0,0,0,0
1610,1986,3,3,1,0,0,0,0,0,1,0
1610,1987,5,5,4,0,0,0,0,0,0,0
1613,1969,3,3,0,0,0,0,0,0,3,0
1613,1970,2,2,0,0,0,0,0,0,1,0
1640,1976,13,13,3,0,0,0,0,0,1,0
1640,1977,9,9,5,1,0,0,0,0,0,0
1640,1978,4,4,1,1,0,0,0,0,1,0
1640,1982,6,6,3,1,0,1,0,0,0,0
1668,1971,3,3,1,1,0,0,0,0,0,0
1673,1985,1,1,1,0,0,0,0,0,0,0
1673,1987,6,5,1,1,0,0,1,0,1,0
1673,1988,6,5,2,0,0,0,1,0,0,0
1673,1989,4,2,1,0,0,0,2,0,0,0
1703,1965,4,3,0,0,0,0,1,0,0,0
1703,1966,2,2,1,0,0,0,0,0,1,0
1703,1967,3,3,0,0,0,0,0,0,1,0
1710,1965,9,9,1,0,0,0,0,0,1,0
1710,1966,5,5,5,0,1,0,0,0,0,0
1710,1967,7,7,2,0,0,0,0,0,1,0
1710,1968,17,16,7,0,0,0,1,0,1,0
1710,1969,15,15,3,1,0,0,0,0,2,0
1710,1970,21,19,7,0,0,1,2,0,0,0
1710,1971,13,12,4,0,0,0,1,0,3,0
1710,1981,1,0,0,0,0,0,0,0,0,0
1710,1983,4,4,2,0,0,0,0,0,0,0
1712,1972,5,5,1,0,0,0,0,0,0,0
1712,1974,1,1,0,0,0,0,0,0,1,0
1722,1969,3,3,2,1,0,0,0,0,0,0
1722,1970,1,1,0,0,0,0,0,0,0,0
1741,1976,2,2,0,0,0,0,0,0,0,0
1741,1978,2,2,0,0,0,0,0,0,0,0
1753,1977,3,3,1,1,0,0,0,0,1,0
1757,1986,4,4,2,1,0,0,0,0,0,0
1757,1987,9,9,3,1,0,0,0,0,2,0
1757,1988,9,9,1,1,0,0,0,0,2,0
1770,1977,1,1,0,0,0,0,0,0,0,0
1771,1982,1,1,1,0,0,0,0,0,0,0
1777,1972,3,3,0,0,0,0,0,0,1,0
1782,1965,15,15,3,0,0,0,0,0,1,0
1782,1966,18,17,1,0,0,0,1,0,3,0
1782,1967,8,8,1,0,0,0,0,0,1,0
1782,1968,12,12,3,0,0,0,0,0,1,0
1782,1969,12,12,1,0,0,0,0,0,1,0
1782,1972,10,10,4,1,0,1,0,0,1,0
1782,1973,9,8,1,0,1,0,1,0,0,0
1782,1974,3,3,1,1,0,0,0,0,0,0
1782,1976,3,3,0,0,0,0,0,0,0,0
1782,1977,8,7,3,0,0,0,1,0,0,0
1782,1978,5,5,2,1,0,0,0,0,0,0
1783,1969,21,20,8,0,1,0,0,0,5,1
1783,1970,10,10,2,1,0,0,0,0,0,0
1783,1971,11,10,2,0,0,1,1,0,0,0
1787,1967,7,6,2,1,0,0,0,1,0,0
1787,1969,8,8,3,0,0,0,0,0,1,0
1787,1970,6,6,2,1,0,0,0,0,0,0
1787,1971,12,10,3,1,0,0,1,0,1,0
1787,1979,4,4,2,0,0,0,0,0,1,0
1787,1980,3,3,2,0,0,1,0,0,1,0
1787,1981,4,4,1,0,0,0,0,0,1,0
1787,1982,8,7,1,0,0,0,0,0,2,1
1797,1972,3,3,1,0,1,0,0,0,1,0
1797,1978,2,2,0,0,0,0,0,0,1,0
1823,1974,1,1,0,0,0,0,0,0,1,0
1842,1976,4,3,0,0,0,0,0,0,0,0
1842,1977,6,6,3,0,0,0,0,0,3,0
1842,1978,7,7,3,0,0,0,0,0,1,0
1843,1984,1,1,0,0,0,0,0,0,0,0
1843,1985,1,1,0,0,0,0,0,0,0,0
1843,1986,3,3,0,0,0,0,0,0,0,0
1843,1987,5,4,0,0,0,0,0,1,0,0
1843,1988,6,5,2,1,0,0,1,0,0,0
1843,1989,7,6,0,0,0,0,1,0,2,0
1847,1972,6,5,3,0,0,0,1,0,1,0
1847,1973,3,3,1,0,0,0,0,0,0,0
1847,1979,11,9,4,0,0,0,2,0,0,0
1854,1966,5,5,3,0,1,0,0,0,1,0
1854,1967,8,7,0,0,0,0,1,0,3,0
1854,1968,6,6,0,0,0,0,0,0,3,0
1854,1969,6,4,4,0,1,1,1,0,0,1
1854,1970,6,5,3,1,0,0,1,0,0,0
1854,1971,4,3,1,0,0,0,1,0,1,0
1854,1972,4,4,0,0,0,0,0,0,1,0
1854,1973,2,2,1,0,0,0,0,0,0,0
1859,1972,4,4,1,0,0,0,0,0,0,0
1859,1973,3,3,1,1,0,0,0,0,1,0
1859,1974,8,8,1,0,0,0,0,0,1,0
1859,1976,10,10,3,1,0,0,0,0,1,0
1859,1977,7,7,2,0,0,0,0,0,0,0
1859,1978,8,8,2,0,0,0,0,0,1,0
1861,1964,9,7,0,0,0,0,2,0,3,0
1861,1965,7,7,1,1,0,0,0,0,2,0
1861,1966,7,7,2,0,0,0,0,0,1,0
1861,1967,2,2,1,1,0,0,0,0,0,0
1861,1968,2,2,1,0,0,0,0,0,1,0
1861,1969,5,4,1,0,0,0,1,0,1,0
1861,1971,3,3,3,0,0,0,0,0,0,0
1880,1984,3,3,2,1,0,1,0,0,0,0
1880,1985,1,1,1,0,0,0,0,0,0,0
1880,1986,3,2,1,0,0,0,1,0,0,0
1880,1987,4,3,1,0,0,0,1,0,1,0
1880,1988,7,6,1,0,0,0,1,0,1,0
1880,1989,6,5,3,1,0,0,1,0,1,0
1894,1979,4,3,0,0,0,0,0,0,1,0
1894,1980,11,10,3,1,1,0,1,0,0,0
1894,1981,4,4,2,0,0,0,0,0,1,0
1894,1982,4,3,1,0,0,0,1,0,0,0
1894,1983,13,13,2,0,0,0,0,0,0,0
1895,1987,1,1,0,0,0,0,0,0,0,0
1895,1988,3,3,0,0,0,0,0,0,1,0
1907,1984,6,6,3,0,0,0,0,0,1,0
1910,1982,4,4,0,0,0,0,0,0,1,0
1910,1983,1,1,0,0,0,0,0,0,0,0
1922,1978,2,2,0,0,0,0,0,0,0,0
1928,1966,5,4,0,0,0,0,1,0,0,0
1928,1967,5,5,2,0,0,0,0,0,0,0
1928,1968,16,13,3,0,0,0,3,0,2,0
1928,1969,13,12,4,0,0,0,1,0,0,0
1928,1970,11,11,2,0,0,0,0,0,0,0
1928,1971,7,7,1,0,0,0,0,0,1,0
1933,1964,5,4,2,0,0,0,1,0,0,0
1933,1965,2,2,1,0,0,0,0,0,0,0
1948,1972,1,1,1,0,0,1,0,0,0,0
1948,1973,12,10,2,1,0,0,1,1,0,0
1948,1974,6,6,1,1,0,0,0,0,0,0
1948,1976,13,12,4,1,0,0,1,0,0,0
1948,1977,10,10,4,1,0,0,0,0,2,0
1958,1979,15,12,2,0,0,0,3,0,1,0
1958,1983,4,4,1,0,0,0,0,0,0,0
1958,1988,2,2,2,0,0,0,0,0,0,0
1967,1987,5,4,2,0,0,0,1,0,0,0
1975,1979,9,8,0,0,0,0,0,0,2,0
1975,1980,2,2,2,0,0,0,0,0,0,0
1975,1981,3,3,1,1,0,0,0,0,0,0
1979,1971,4,4,1,0,0,0,0,0,0,0
1983,1977,4,3,0,0,0,0,1,0,0,0
1988,1973,2,2,0,0,0,0,0,0,0,0
1988,1976,10,9,3,1,0,0,1,0,2,0
1988,1977,2,2,0,0,0,0,0,0,0,0
1989,1963,6,6,1,0,0,0,0,0,4,0
1989,1966,4,3,0,0,0,0,0,0,3,0
1989,1967,2,2,0,0,0,0,0,0,1,0
1989,1970,2,1,0,0,0,0,0,0,1,0
2000,1963,2,2,1,0,0,0,0,0,0,0
2000,1964,4,3,1,0,0,0,1,0,2,0
2000,1965,9,9,4,0,0,0,0,0,3,0
2000,1966,3,3,0,0,0,0,0,0,2,0
2003,1980,3,3,0,0,0,0,0,0,1,0
2003,1981,3,3,2,1,0,1,0,0,0,0
2014,1966,3,3,1,0,0,0,0,0,1,0
2014,1967,1,1,0,0,0,0,0,0,0,0
2057,1988,3,3,1,1,0,0,0,0,0,0
2061,1976,2,2,0,0,0,0,0,0,1,0
2080,1967,2,2,0,0,0,0,0,0,2,0
2082,1963,3,3,0,0,0,0,0,0,0,0
2100,1980,2,2,1,1,0,0,0,0,0,0
2100,1981,1,1,0,0,0,0,0,0,1,0
2100,1982,1,1,1,0,0,0,0,0,0,0
2100,1984,3,3,1,0,0,0,0,0,0,0
2100,1985,2,2,0,0,0,0,0,0,1,0
2110,1965,7,7,1,0,0,0,0,0,1,0
2110,1966,3,3,0,0,0,0,0,0,0,0
2110,1967,13,13,5,0,0,0,0,0,4,0
2110,1968,7,7,2,0,0,0,0,0,0,0
2110,1969,4,4,0,0,0,0,0,0,0,0
2110,1970,11,11,2,1,0,1,0,0,2,0
2110,1971,9,9,6,1,0,0,0,0,2,0
2111,1976,4,4,2,1,0,0,0,0,0,0
2111,1977,10,8,2,0,1,0,2,0,0,0
2111,1978,4,4,0,0,0,0,0,0,0,0
2119,1968,1,1,0,0,0,0,0,0,0,0
2119,1969,3,3,0,0,0,0,0,0,0,0
2120,1967,2,2,0,0,0,0,0,0,2,0
2120,1968,2,2,0,0,0,0,0,0,1,0
2148,1972,4,4,2,0,0,0,0,0,0,0
2149,1972,7,7,4,2,0,0,0,0,0,0
2153,1972,2,1,0,0,0,0,0,0,0,0
2158,1973,4,4,0,0,0,0,0,0,0,0
2158,1974,3,3,0,0,0,0,0,0,1,0
2158,1977,9,9,2,1,0,0,0,0,0,0
2158,1978,1,1,0,0,0,0,0,0,0,0
2159,1964,11,11,2,0,0,0,0,0,1,0
2159,1965,17,17,4,1,0,0,0,0,4,0
2159,1966,7,7,1,0,0,0,0,0,1,0
2159,1967,1,1,1,0,0,0,0,0,0,0
2188,1967,2,2,1,0,0,0,0,0,0,0
2188,1968,4,4,1,0,0,0,0,0,3,0
2196,1964,4,3,1,1,0,0,1,0,0,0
2196,1965,9,6,3,0,0,0,3,0,0,0
2196,1966,19,16,1,0,0,0,3,0,2,0
2196,1967,5,4,2,0,0,0,1,0,0,0
2201,1972,12,11,4,1,0,0,1,0,1,0
2201,1973,13,10,6,1,0,1,2,1,3,0
2201,1974,6,6,2,1,0,0,0,0,0,0
2208,1984,4,4,1,0,0,0,0,0,0,0
2208,1987,2,1,0,0,0,0,1,0,0,0
2214,1969,3,3,1,0,0,0,0,0,2,0
2214,1970,6,5,0,0,0,0,1,0,4,0
2225,1978,7,7,1,0,0,0,0,0,3,0
2225,1984,2,2,0,0,0,0,0,0,0,0
2225,1985,3,3,2,0,0,1,0,0,0,0
2252,1968,2,2,0,0,0,0,0,0,0,0
2252,1969,7,7,3,0,0,1,0,0,1,0
2252,1970,10,8,2,1,0,0,2,0,0,0
2256,1972,5,5,0,0,0,0,0,0,3,0
2256,1973,4,4,0,0,0,0,0,0,0,0
2256,1974,7,7,1,0,0,0,0,0,1,0
2256,1976,14,12,6,2,0,0,2,0,2,0
2256,1977,18,16,3,1,0,0,1,0,1,0
2256,1978,15,15,3,1,0,0,0,0,1,0
2258,1982,2,2,0,0,0,0,0,0,0,0
2258,1983,9,9,4,0,0,0,0,0,0,0
2258,1984,1,1,1,0,0,0,0,0,0,0
2258,1985,3,3,0,0,0,0,0,0,0,0
2264,1970,10,9,4,1,0,0,0,1,1,0
2264,1971,2,2,0,0,0,0,0,0,0,0
2267,1964,4,4,2,0,0,0,0,0,0,0
2267,1965,1,1,1,0,1,0,0,0,0,0
2267,1966,7,7,2,0,1,0,0,0,1,0
2267,1969,7,7,0,0,0,0,0,0,1,0
2267,1970,10,8,1,1,0,0,1,0,0,1
2267,1971,4,4,0,0,0,0,0,0,1,0
2273,1985,1,1,1,1,0,0,0,0,0,0
2308,1979,6,6,2,0,0,0,0,0,2,0
2308,1980,12,12,2,0,0,1,0,0,1,0
2308,1981,7,7,1,0,0,0,0,0,0,0
2308,1982,7,6,1,0,0,0,0,0,1,1
2308,1983,15,15,6,2,0,1,0,0,1,0
2308,1984,11,11,6,2,0,0,0,0,0,0
2308,1985,7,7,3,0,0,0,0,0,1,0
2308,1987,3,3,1,0,0,0,0,0,0,0
2323,1971,2,2,0,0,0,0,0,0,1,0
2342,1973,3,3,1,0,0,0,0,0,1,0
2359,1972,2,2,1,0,0,0,0,0,0,0
2359,1973,1,1,1,0,0,0,0,0,0,0
2361,1974,3,3,0,0,0,0,0,0,1,0
2361,1976,2,2,1,0,0,0,0,0,0,0
2361,1977,10,10,2,1,0,0,0,0,4,0
2361,1978,7,6,2,1,0,0,1,0,0,0
2381,1964,2,1,1,0,1,0,1,0,0,0
2382,1988,3,3,0,0,0,0,0,0,0,0
2398,1970,6,6,2,0,1,0,0,0,1,0
2398,1971,11,11,4,0,0,1,0,0,1,0
2400,1979,13,12,5,0,1,0,1,0,0,0
2400,1980,4,2,0,0,0,0,1,0,0,1
2400,1981,3,3,2,0,0,0,0,0,0,0
2400,1982,6,6,2,1,1,0,0,0,0,0
2400,1983,4,4,0,0,0,0,0,0,1,0
2400,1984,3,3,0,0,0,0,0,0,0,0
2400,1985,4,4,2,1,0,0,0,0,0,0
2405,1968,6,5,1,0,0,0,1,0,0,0
2405,1969,4,4,0,0,0,0,0,0,1,0
2409,1980,3,2,1,0,0,0,0,0,0,0
2410,1976,4,4,1,0,0,0,0,0,0,0
2411,1978,5,4,1,0,0,0,1,0,0,0
2411,1979,7,7,3,0,0,0,0,0,1,0
2411,1980,10,10,1,0,1,0,0,0,0,0
2413,1979,3,2,0,0,0,0,1,0,1,0
2413,1980,3,3,0,0,0,0,0,0,1,0
2423,1982,1,1,0,0,0,0,0,0,0,0
2428,1966,3,3,1,0,0,0,0,0,0,0
2440,1976,5,5,1,0,0,0,0,0,2,0
2440,1977,3,3,0,0,0,0,0,0,2,0
2464,1977,6,6,1,0,0,0,0,0,1,0
2464,1978,7,5,0,0,0,0,1,1,1,0
2498,1976,5,5,1,0,0,0,0,0,0,0
2498,1977,3,2,0,0,0,0,1,0,0,0
2498,1978,7,7,1,0,0,0,0,0,0,0
2501,1973,2,2,0,0,0,0,0,0,1,0
2501,1976,3,2,0,0,0,0,1,0,1,0
2501,1977,4,3,2,0,0,0,1,0,1,0
2501,1978,4,4,0,0,0,0,0,0,0,0
2502,1979,8,7,4,0,0,0,1,0,0,0
2502,1980,11,10,2,0,0,0,1,0,1,0
2502,1982,6,6,2,0,0,0,0,0,0,0
2502,1983,4,4,0,0,0,0,0,0,0,0
2502,1984,6,5,3,1,0,0,1,0,0,0
2502,1985,2,2,2,0,0,0,0,0,0,0
2514,1979,2,2,0,0,0,0,0,0,0,0
2514,1980,3,3,1,0,0,0,0,0,0,0
2514,1982,6,6,0,0,0,0,0,0,0,0
2514,1983,8,8,3,0,0,0,0,0,0,0
2523,1969,3,3,0,0,0,0,0,0,2,0
2523,1971,3,3,1,0,0,0,0,0,2,0
2530,1966,2,2,1,0,0,0,0,0,1,0
2530,1967,9,9,2,0,0,0,0,0,0,0
2530,1968,2,2,1,0,0,0,0,0,0,0
2530,1969,6,5,2,0,0,0,0,0,0,0
2530,1970,9,7,0,0,0,0,2,0,2,0
2530,1971,6,5,0,0,0,0,0,0,0,0
2532,1970,3,3,0,0,0,0,0,0,2,0
2541,1965,5,2,1,1,0,0,3,0,0,0
2563,1974,4,3,1,0,0,0,1,0,2,0
2564,1979,3,3,0,0,0,0,0,0,0,0
2586,1965,2,2,0,0,0,0,0,0,0,0
2613,1979,13,13,3,0,0,0,0,0,1,0
2613,1980,7,7,0,0,0,0,0,0,0,0
2613,1981,6,6,4,2,0,0,0,0,0,0
2613,1982,3,3,1,0,0,0,0,0,0,0
2613,1983,10,9,3,0,0,0,1,0,1,0
2613,1985,2,1,1,0,0,0,0,0,0,0
2617,1976,1,1,0,0,0,0,0,0,0,0
2618,1965,4,3,0,0,0,0,1,0,0,0
2618,1966,4,4,0,0,0,0,0,0,0,0
2618,1967,4,3,0,0,0,0,0,0,0,1
2618,1968,3,3,1,0,0,0,0,0,0,0
2624,1984,7,7,2,1,1,0,0,0,0,0
2624,1985,4,4,2,1,0,0,0,0,0,0
2624,1986,5,4,2,0,0,0,0,1,0,0
2624,1987,4,4,0,0,0,0,0,0,0,0
2624,1988,3,3,0,0,0,0,0,0,0,0
2626,1983,9,9,3,0,1,0,0,0,3,0
2626,1984,3,3,0,0,0,0,0,0,0,0
2626,1988,3,3,0,0,0,0,0,0,2,0
2632,1973,1,1,0,0,0,0,0,0,1,0
2632,1978,2,2,0,0,0,0,0,0,1,0
2632,1980,5,5,3,0,0,0,0,0,0,0
2636,1988,10,9,2,0,0,0,1,0,0,0
2636,1989,5,5,2,1,0,0,0,0,0,0
2643,1979,3,3,1,0,0,0,0,0,0,0
2643,1980,6,6,2,0,0,0,0,0,0,0
2666,1984,3,3,0,0,0,0,0,0,0,0
2666,1985,2,2,1,1,0,0,0,0,0,0
2666,1986,6,6,4,1,0,0,0,0,0,0
2666,1987,4,4,0,0,0,0,0,0,0,0
2667,1987,11,10,2,0,0,0,0,0,0,0
2667,1988,2,2,0,0,0,0,0,0,2,0
2689,1969,7,6,0,0,0,0,1,0,2,0
2689,1970,8,7,4,1,0,0,1,0,0,0
2689,1971,9,8,3,1,0,0,0,0,1,1
2691,1974,6,6,2,0,0,0,0,0,0,0
2691,1976,3,2,0,0,0,0,0,0,0,1
2696,1977,6,6,2,0,0,0,0,0,1,0
2696,1978,6,6,1,0,0,0,0,0,2,0
2701,1984,2,2,0,0,0,0,0,0,1,0
2714,1979,14,12,3,1,0,0,2,0,0,0
2714,1980,10,6,0,0,0,0,4,0,1,0
2714,1981,6,4,1,0,0,0,2,0,0,0
2714,1982,10,9,2,0,0,0,1,0,1,0
2714,1987,9,9,3,0,0,1,0,0,0,0
2723,1987,8,7,2,0,0,0,1,0,2,0
2723,1988,9,9,4,1,0,0,0,0,1,0
2724,1963,4,4,1,0,0,0,0,0,0,0
2739,1977,14,13,5,0,0,0,1,0,0,0
2739,1978,10,7,3,0,0,0,3,0,2,0
2772,1963,2,2,1,0,0,0,0,0,0,0
2785,1989,4,4,2,0,0,0,0,0,0,0
2801,1964,8,8,3,0,0,0,0,0,1,0
2801,1965,9,9,3,0,0,1,0,0,0,0
2801,1966,6,6,2,0,0,0,0,0,0,0
2801,1967,1,1,0,0,0,0,0,0,1,0
2809,1979,11,10,4,0,0,0,1,0,1,0
2809,1980,12,11,4,0,0,1,1,0,1,0
2809,1981,4,4,2,0,0,0,0,0,0,0
2809,1982,3,1,0,0,0,0,2,0,0,0
2809,1983,9,7,3,0,1,0,1,0,1,0
2809,1985,1,0,0,0,0,0,0,0,0,1
2809,1986,3,3,1,0,0,0,0,0,0,0
2816,1978,5,5,1,0,0,0,0,0,1,0
2821,1983,8,7,2,0,0,0,0,0,0,0
2869,1980,8,8,2,1,0,1,0,0,0,0
2869,1981,3,1,1,0,0,0,1,0,0,1
2915,1972,3,3,1,0,0,0,0,0,1,0
2915,1976,2,1,0,0,0,0,0,0,1,0
2930,1977,2,2,0,0,0,0,0,0,0,0
2930,1979,6,5,3,1,0,0,0,0,0,0
2930,1980,8,8,0,0,0,0,0,0,1,0
2930,1981,3,2,0,0,0,0,0,0,1,0
2930,1983,4,4,2,0,0,0,0,0,1,0
2958,1968,3,3,1,0,0,0,0,0,1,0
2958,1969,5,5,0,0,0,0,0,0,1,0
2958,1970,5,5,1,0,0,0,0,0,1,0
2958,1971,2,0,0,0,0,0,1,0,0,1
2980,1967,1,0,0,0,0,0,0,0,0,0
2980,1968,3,3,0,0,0,0,0,0,1,0
2980,1969,3,2,1,0,0,0,0,0,0,0
2986,1980,2,2,1,0,0,0,0,0,0,0
3009,1965,7,6,1,1,0,0,1,0,3,0
3009,1966,1,1,0,0,0,0,0,0,1,0
3009,1967,2,1,0,0,0,0,1,0,0,0
3009,1970,2,2,0,0,0,0,0,0,2,0
3010,1979,5,4,1,0,0,0,1,0,0,0
3010,1981,3,2,0,0,0,0,1,0,0,0
3010,1982,10,10,3,0,1,0,0,0,1,0
3010,1985,3,3,2,1,0,0,0,0,0,0
3010,1986,3,3,1,0,0,0,0,0,1,0
3010,1987,8,7,2,0,0,0,1,0,1,0
3010,1988,11,9,6,1,0,1,2,0,0,0
3010,1989,6,6,3,0,0,0,0,0,0,0
3030,1963,2,2,0,0,0,0,0,0,0,0
3030,1966,2,2,1,0,0,0,0,0,1,0
3031,1969,1,1,1,0,0,0,0,0,0,0
3031,1970,3,1,0,0,0,0,0,0,1,0
3031,1971,3,3,0,0,0,0,0,0,1,0
3042,1976,3,3,0,0,0,0,0,0,2,0
3049,1974,3,3,1,1,0,0,0,0,0,0
3049,1977,14,13,2,0,0,0,1,0,2,0
3049,1978,14,12,2,0,0,0,1,0,3,0
3050,1970,3,2,0,0,0,0,0,0,0,0
3071,1978,2,2,0,0,0,0,0,0,2,0
3096,1968,7,5,1,0,0,0,2,0,1,0
3096,1969,7,7,1,0,0,0,0,0,0,0
3096,1970,7,6,2,0,0,0,1,0,0,0
3096,1971,7,7,4,0,0,0,0,0,2,0
3113,1970,5,5,1,0,0,0,0,0,1,0
3145,1980,10,10,3,1,0,0,0,0,0,0
3146,1980,2,2,2,0,0,0,0,0,0,0
3146,1982,1,1,0,0,0,0,0,0,1,0
3146,1983,9,7,3,1,0,0,0,0,0,2
3146,1984,7,6,2,0,0,0,0,0,0,0
3148,1972,6,6,1,1,0,0,0,0,1,0
3148,1973,3,3,1,0,0,0,0,0,1,0
3148,1974,1,1,0,0,0,0,0,0,0,0
3148,1976,3,2,0,0,0,0,1,0,0,0
3148,1977,10,10,3,2,0,0,0,0,1,0
3148,1978,9,9,4,0,0,0,0,0,0,0
3163,1984,7,7,2,0,0,0,0,0,1,0
3163,1985,1,1,0,0,0,0,0,0,1,0
3188,1982,2,2,1,0,0,0,0,0,0,0
3188,1983,4,4,2,0,0,0,0,0,0,0
3195,1979,3,3,2,0,0,0,0,0,0,0
3195,1980,12,12,4,1,0,0,0,0,0,0
3196,1963,2,2,0,0,0,0,0,0,0,0
3196,1964,4,3,0,0,0,0,1,0,0,0
3196,1965,1,1,1,0,0,0,0,0,0,0
3200,1979,9,7,0,0,0,0,2,0,0,0
3200,1980,1,1,0,0,0,0,0,0,0,0
3208,1969,3,3,0,0,0,0,0,0,2,0
3208,1970,6,6,1,0,0,1,0,0,1,0
3221,1989,4,4,1,0,0,0,0,0,1,0
3242,1973,4,4,0,0,0,0,0,0,3,0
3244,1970,4,4,0,0,0,0,0,0,1,0
3244,1971,6,6,2,1,0,0,0,0,0,0
3244,1979,7,5,4,0,0,0,2,0,1,0
3244,1980,7,7,2,0,0,0,0,0,1,0
3244,1981,1,1,0,0,0,0,0,0,0,0
3249,1972,3,2,0,0,0,0,1,0,1,0
3249,1977,10,10,0,0,0,0,0,0,0,0
3249,1980,4,4,0,0,0,0,0,0,1,0
3250,1971,7,6,4,0,0,0,1,0,2,0
3251,1968,1,1,0,0,0,0,0,0,1,0
3252,1969,2,2,0,0,0,0,0,0,1,0
3274,1981,4,4,1,0,0,0,0,0,0,0
3274,1982,3,3,2,0,1,0,0,0,0,0
3274,1983,12,12,7,3,0,0,0,0,1,0
3274,1984,7,7,2,0,0,0,0,0,0,0
3274,1985,4,4,2,0,0,0,0,0,0,0
3289,1967,7,5,0,0,0,0,2,0,4,0
3289,1968,6,6,1,0,0,1,0,0,2,0
3319,1985,2,2,1,0,0,0,0,0,0,0
3324,1977,2,2,0,0,0,0,0,0,1,0
3324,1978,1,1,1,0,0,0,0,0,0,0
3331,1988,3,3,1,0,0,0,0,0,0,0
3334,1974,1,1,0,0,0,0,0,0,0,0
3334,1979,13,12,3,1,0,0,0,0,0,1
3334,1980,6,6,1,0,0,0,0,0,0,0
3334,1982,3,3,0,0,0,0,0,0,0,0
3334,1984,2,2,0,0,0,0,0,0,0,0
3349,1966,15,14,3,0,1,0,1,0,1,0
3349,1967,5,5,0,0,0,0,0,0,0,0
3349,1968,6,6,2,0,0,1,0,0,0,0
3349,1969,4,4,1,1,0,0,0,0,2,0
3349,1970,5,3,1,0,0,0,2,0,1,0
3349,1971,7,7,0,0,0,0,0,0,0,0
3357,1978,2,2,0,0,0,0,0,0,0,0
3358,1972,6,6,2,0,0,0,0,0,0,0
3358,1973,14,12,4,0,0,1,2,0,3,0
3358,1974,3,2,0,0,0,0,1,0,0,0
3358,1976,3,2,2,0,0,1,1,0,0,0
3358,1977,4,3,0,0,0,0,1,0,0,0
3358,1978,4,4,3,0,0,0,0,0,1,0
3358,1984,4,3,0,0,0,0,1,0,0,0
3358,1985,3,3,1,0,0,0,0,0,1,0
3358,1987,5,5,0,0,0,0,0,0,0,0
3358,1988,5,5,1,1,0,0,0,0,2,0
3359,1979,11,11,2,2,0,0,0,0,0,0
3359,1980,11,11,2,0,0,0,0,0,1,0
3359,1981,4,4,1,0,0,0,0,0,0,0
3359,1982,7,5,1,0,0,0,2,0,0,0
3359,1983,10,8,3,0,0,0,2,0,0,0
3359,1984,7,6,3,0,0,0,1,0,0,0
3359,1987,3,3,2,0,0,1,0,0,0,0
3359,1988,2,2,2,0,0,0,0,0,0,0
3380,1981,4,4,2,0,0,0,0,0,0,0
3380,1982,5,5,1,0,0,0,0,0,1,0
3380,1983,4,4,1,1,0,0,0,0,0,0
3380,1984,3,2,2,0,0,0,1,0,0,0
3385,1972,2,2,2,0,0,1,0,0,0,0
3385,1973,1,1,0,0,0,0,0,0,1,0
3388,1976,2,2,0,0,0,0,0,0,2,0
3398,1972,7,5,0,0,0,0,2,0,1,0
3398,1973,3,3,1,0,0,0,0,0,0,0
3398,1974,3,2,1,1,0,0,0,0,0,0
3433,1987,5,5,4,1,0,0,0,0,0,0
3446,1973,2,2,1,0,0,0,0,0,0,0
3448,1976,2,2,2,1,0,0,0,0,0,0
3448,1977,3,3,1,0,0,0,0,0,0,0
3448,1978,3,2,0,0,0,0,1,0,0,0
3448,1982,2,2,0,0,0,0,0,0,0,0
3450,1989,6,4,0,0,0,0,2,0,0,0
3458,1968,7,6,3,2,0,1,1,0,2,0
3458,1969,4,3,1,0,0,1,1,0,0,0
3458,1970,6,5,1,0,0,0,1,0,2,0
3469,1985,1,1,0,0,0,0,0,0,0,0
3469,1987,12,12,3,0,0,0,0,0,1,0
3469,1988,1,0,0,0,0,0,1,0,0,0
3477,1966,1,1,0,0,0,0,0,0,0,0
3489,1987,10,8,3,0,0,0,1,1,0,0
3532,1978,2,2,0,0,0,0,0,0,0,0
3532,1982,6,5,0,0,0,0,0,0,0,0
3532,1983,2,2,0,0,0,0,0,0,0,0
3545,1979,9,9,1,0,0,0,0,0,0,0
3545,1980,5,5,1,0,0,0,0,0,0,0
3545,1981,5,5,0,0,0,0,0,0,0,0
3545,1982,4,3,0,0,0,0,0,0,0,0
3545,1983,8,6,3,0,1,1,2,0,1,0
3545,1984,3,3,0,0,0,0,0,0,0,0
3545,1985,2,2,1,0,0,0,0,0,0,0
3545,1986,3,3,1,0,0,0,0,0,0,0
3545,1987,6,6,1,0,0,0,0,0,1,0
3545,1988,3,2,1,1,0,0,1,0,1,0
3572,1983,6,5,2,2,0,0,0,0,0,0
3572,1986,1,1,0,0,0,0,0,0,0,0
3572,1987,3,3,2,0,0,0,0,0,1,0
3572,1988,7,7,5,0,0,0,0,0,0,0
3599,1976,7,6,0,0,0,0,0,0,1,0
3599,1977,7,7,2,1,0,0,0,0,1,0
3599,1978,9,8,3,0,0,0,1,0,1,0
3605,1972,4,4,0,0,0,0,0,0,0,0
3605,1973,7,7,0,0,0,0,0,0,0,0
3605,1974,4,4,1,0,0,0,0,0,0,0
3605,1976,8,8,2,0,0,0,0,0,0,0
3605,1978,7,7,0,0,0,0,0,0,0,0
3605,1982,8,7,0,0,0,0,0,0,1,0
3615,1974,4,4,2,0,0,0,0,0,0,0
3615,1976,10,9,3,0,0,0,1,0,0,0
3621,1979,6,6,3,1,0,0,0,0,0,0
3621,1981,4,4,2,1,0,0,0,0,0,0
3621,1982,3,3,1,0,0,0,0,0,0,0
3621,1983,9,9,2,0,0,0,0,0,2,0
3629,1971,2,2,1,0,0,0,0,0,0,0
3630,1964,1,1,0,0,0,0,0,0,1,0
3630,1965,3,2,0,0,0,0,0,0,0,0
3630,1967,5,5,1,0,0,0,0,0,2,0
3634,1976,2,2,0,0,0,0,0,0,0,0
3646,1969,5,5,1,0,0,0,0,0,0,0
3646,1970,15,13,6,0,0,1,2,0,2,0
3646,1971,4,4,2,0,0,0,0,0,0,0
3646,1979,1,1,0,0,0,0,0,0,0,0
3648,1971,2,2,0,0,0,0,0,0,1,0
3649,1972,3,3,0,0,0,0,0,0,2,0
3649,1973,3,3,0,0,0,0,0,0,2,0
3649,1974,6,6,0,0,0,0,0,0,3,0
3649,1976,13,12,4,1,0,1,1,0,0,0
3649,1977,19,18,8,0,0,2,1,0,0,0
3649,1978,17,15,6,1,0,0,2,0,4,0
3653,1976,7,7,1,0,0,0,0,0,0,0
3653,1977,1,1,0,0,0,0,0,0,0,0
3656,1970,15,13,3,1,0,1,1,1,2,0
3656,1971,3,3,1,0,0,1,0,0,1,0
3672,1966,11,10,3,1,0,0,1,0,0,0
3672,1967,1,1,1,0,0,0,0,0,0,0
3672,1968,8,6,1,0,0,0,2,0,0,0
3672,1969,8,7,1,0,0,0,1,0,1,0
3672,1971,3,3,0,0,0,0,0,0,0,0
3682,1983,10,7,3,1,0,0,3,0,0,0
3682,1984,4,3,0,0,0,0,1,0,0,0
3682,1985,1,1,1,0,0,0,0,0,0,0
3682,1986,3,3,0,0,0,0,0,0,0,0
3682,1987,5,4,1,0,0,0,1,0,0,0
3682,1988,10,10,4,1,0,0,0,0,0,0
3698,1970,7,6,2,0,0,0,0,0,0,0
3714,1964,8,7,1,0,1,0,1,0,0,0
3714,1965,9,9,3,1,0,0,0,0,1,0
3714,1966,6,6,1,0,0,1,0,0,1,0
3714,1967,8,5,2,0,0,0,3,0,0,0
3714,1968,12,12,6,1,0,1,0,0,1,0
3714,1969,5,4,1,0,0,0,1,0,0,0
3714,1970,7,6,3,1,0,1,1,0,0,0
3714,1971,5,3,2,0,0,0,2,0,0,0
3723,1973,1,1,0,0,0,0,0,0,0,0
3730,1972,8,6,1,0,0,0,2,0,4,0
3730,1978,1,1,1,0,0,0,0,0,0,0
3733,1963,8,7,3,1,0,0,0,0,0,1
3733,1964,3,3,1,0,1,0,0,0,1,0
3733,1965,14,14,2,0,0,0,0,0,1,0
3733,1966,17,16,3,2,0,0,1,0,0,0
3733,1967,11,10,3,0,1,0,1,0,0,0
3733,1968,10,10,4,1,0,0,0,0,1,0
3733,1969,14,13,4,0,0,0,0,0,2,0
3733,1970,11,10,3,1,0,0,1,0,0,0
3733,1971,6,6,0,0,0,0,0,0,2,0
3733,1972,14,13,4,1,0,0,1,0,0,0
3733,1973,3,2,0,0,0,0,1,0,0,0
3733,1977,2,2,0,0,0,0,0,0,0,0
3733,1978,1,1,0,0,0,0,0,0,1,0
3736,1974,1,0,0,0,0,0,0,0,0,0
3736,1976,2,1,0,0,0,0,0,0,1,0
3739,1968,3,2,1,0,0,0,1,0,0,0
3739,1970,3,3,0,0,0,0,0,0,0,0
3745,1973,4,4,2,0,0,0,0,0,0,0
3745,1974,3,3,0,0,0,0,0,0,0,0
3745,1976,2,2,0,0,0,0,0,0,0,0
3745,1977,1,1,1,0,0,0,0,0,0,0
3745,1978,1,1,0,0,0,0,0,0,0,0
3745,1980,7,5,3,1,1,0,0,0,1,0
3746,1966,2,2,0,0,0,0,0,0,0,0
3764,1976,2,2,0,0,0,0,0,0,2,0
3764,1978,1,1,0,0,0,0,0,0,0,0
3771,1972,13,13,4,1,0,0,0,0,1,0
3771,1973,11,11,3,2,0,0,0,0,0,0
3771,1974,6,5,1,0,1,0,1,0,1,0
3771,1976,3,3,0,0,0,0,0,0,1,0
3783,1967,3,3,1,0,0,1,0,0,1,0
3783,1968,7,6,0,0,0,0,0,1,2,0
3783,1969,6,5,2,0,0,0,1,0,1,0
3804,1982,6,5,2,0,0,0,0,0,0,1
3804,1983,13,12,3,0,0,1,1,0,2,0
3804,1984,6,5,2,0,0,0,1,0,0,0
3804,1985,4,3,2,1,0,0,1,0,0,0
3804,1986,3,3,0,0,0,0,0,0,0,0
3804,1987,11,11,2,0,0,0,0,0,1,0
3804,1988,8,7,3,0,0,0,1,0,1,0
3804,1989,8,8,4,0,0,2,0,0,0,0
3807,1971,2,1,0,0,0,0,1,0,0,0
3807,1973,2,2,0,0,0,0,0,0,2,0
3807,1974,2,2,0,0,0,0,0,0,0,0
3810,1985,2,1,0,0,0,0,1,0,0,0
3810,1986,3,3,0,0,0,0,0,0,1,0
3810,1987,7,6,2,1,0,0,0,0,0,0
3810,1988,6,4,2,1,0,0,1,1,0,0
3810,1989,6,6,2,0,0,0,0,0,0,0
3813,1964,1,1,0,0,0,0,0,0,1,0
3822,1972,3,3,0,0,0,0,0,0,1,0
3825,1987,3,2,0,0,0,0,1,0,0,0
3825,1988,3,3,0,0,0,0,0,0,1,0
3825,1989,4,3,3,0,0,0,1,0,0,0
3831,1987,2,2,0,0,0,0,0,0,0,0
3831,1988,3,2,1,0,0,0,1,0,0,0
3831,1989,2,2,0,0,0,0,0,0,0,0
3840,1978,7,7,3,0,0,0,0,0,1,0
3844,1980,5,5,1,0,0,0,0,0,0,0
3844,1981,7,6,2,0,0,0,1,0,0,0
3844,1982,3,3,2,0,0,0,0,0,0,0
3844,1983,13,13,1,0,0,0,0,0,1,0
3844,1984,8,8,2,0,0,0,0,0,0,0
3844,1985,6,6,0,0,0,0,0,0,1,0
3844,1987,3,3,0,0,0,0,0,0,1,0
3844,1988,6,5,3,0,0,0,1,0,0,0
3851,1984,11,10,4,0,0,0,1,0,1,0
3851,1985,3,3,1,0,0,0,0,0,0,0
3852,1976,1,0,0,0,0,0,0,0,0,0
3863,1980,11,11,2,0,0,0,0,0,1,0
3863,1981,6,6,0,0,0,0,0,0,1,0
3863,1982,11,10,4,0,1,0,1,0,0,0
3863,1984,10,10,6,1,0,2,0,0,0,0
3863,1985,1,1,0,0,0,0,0,0,0,0
3883,1979,9,8,1,0,0,0,0,0,0,0
3883,1980,3,2,0,0,0,0,1,0,0,0
3931,1977,13,13,2,1,0,0,0,0,1,0
3931,1978,10,9,2,1,0,0,1,0,0,0
3939,1972,6,6,1,0,0,0,0,0,0,0
3939,1973,14,13,2,0,0,0,0,1,2,0
3939,1974,4,4,2,0,0,0,0,0,1,0
3944,1973,7,7,1,0,0,0,0,0,0,0
3944,1974,5,4,0,0,0,0,1,0,1,0
3944,1976,5,5,1,0,0,0,0,0,0,0
3957,1972,8,8,2,0,0,0,0,0,2,0
3957,1973,9,9,2,0,0,0,0,0,1,0
3957,1974,3,3,0,0,0,0,0,0,1,0
3957,1976,5,5,1,0,0,0,0,0,1,0
3957,1978,7,7,2,0,0,0,0,0,0,0
3959,1965,2,1,1,0,0,0,1,0,0,0
3974,1985,1,1,0,0,0,0,0,0,0,0
3974,1987,1,1,1,0,0,0,0,0,0,0
3980,1970,1,1,0,0,0,0,0,0,1,0
3986,1964,3,1,0,0,0,0,1,0,0,1
3996,1987,2,2,1,0,0,0,0,0,0,0
3996,1988,10,9,4,1,0,0,1,0,0,0
4005,1976,4,3,0,0,0,0,1,0,1,0
4005,1977,17,17,4,0,0,1,0,0,3,0
4005,1978,11,11,2,0,0,0,0,0,2,0
4021,1964,1,1,0,0,0,0,0,0,0,0
4021,1966,1,1,0,0,0,0,0,0,0,0
4025,1974,2,2,0,0,0,0,0,0,0,0
4028,1980,3,2,0,0,0,0,1,0,0,0
4028,1982,6,6,3,0,0,0,0,0,1,0
4028,1984,8,6,2,0,0,0,2,0,0,0
4028,1985,6,6,3,0,0,0,0,0,0,0
4028,1987,3,3,0,0,0,0,0,0,2,0
4031,1968,7,7,2,1,0,0,0,0,1,0
4031,1969,4,4,1,0,0,0,0,0,1,0
4040,1967,4,4,0,0,0,0,0,0,0,0
4040,1969,3,3,1,0,0,0,0,0,0,0
4040,1970,2,2,0,0,0,0,0,0,0,0
4049,1973,4,4,3,0,0,0,0,0,0,0
4049,1976,11,11,0,0,0,0,0,0,0,0
4049,1977,10,10,4,0,0,0,0,0,0,0
4049,1978,5,4,1,0,0,0,1,0,0,0
4052,1985,2,2,0,0,0,0,0,0,0,0
4085,1974,2,2,0,0,0,0,0,0,0,0
4088,1987,12,12,6,1,0,0,0,0,0,0
4088,1988,8,8,4,0,0,0,0,0,0,0
4088,1989,8,7,2,0,0,0,1,0,0,0
4119,1973,1,1,0,0,0,0,0,0,0,0
4120,1971,3,2,0,0,0,0,1,0,1,0
4139,1979,12,12,5,1,0,0,0,0,1,0
4167,1977,7,7,2,0,0,0,0,0,0,0
4167,1978,6,6,1,0,0,0,0,0,0,0
4174,1977,6,4,1,0,0,0,0,0,0,1
4190,1964,1,1,0,0,0,0,0,0,1,0
4190,1965,9,7,2,0,0,0,1,1,0,0
4190,1966,13,12,5,2,0,0,1,0,1,0
4191,1987,3,3,0,0,0,0,0,0,0,0
4191,1988,8,7,3,0,0,0,1,0,1,0
4195,1971,3,3,0,0,0,0,0,0,1,0
4204,1981,4,3,1,0,0,0,0,0,0,0
4205,1972,6,6,2,0,0,0,0,0,0,0
4205,1973,1,1,0,0,0,0,0,0,0,0
4205,1974,8,8,1,0,0,0,0,0,0,0
4210,1970,3,3,0,0,0,0,0,0,1,0
4234,1965,3,3,1,1,0,0,0,0,0,0
4234,1966,2,2,0,0,0,0,0,0,2,0
4234,1968,4,4,1,0,0,0,0,0,0,0
4240,1965,3,3,2,0,0,0,0,0,1,0
4247,1973,2,2,0,0,0,0,0,0,1,0
4258,1981,1,1,0,0,0,0,0,0,0,0
4270,1966,4,4,0,0,0,0,0,0,3,0
4270,1970,1,0,0,0,0,0,1,0,0,0
4286,1980,2,1,0,0,0,0,1,0,0,0
4306,1963,3,3,1,1,0,0,0,0,1,0
4306,1964,3,3,1,0,0,1,0,0,0,0
4306,1965,9,7,2,0,0,0,1,0,2,0
4306,1966,5,5,1,1,0,0,0,0,1,0
4306,1967,5,5,0,0,0,0,0,0,3,0
4306,1968,11,9,3,0,0,0,2,0,4,0
4306,1969,8,5,2,0,0,0,3,0,0,0
4306,1970,9,6,2,0,0,0,3,0,1,0
4306,1971,10,8,3,0,0,0,2,0,1,0
4315,1965,4,4,2,0,0,0,0,0,1,0
4315,1968,1,1,0,0,0,0,0,0,0,0
4316,1988,3,3,1,0,0,0,0,0,0,0
4345,1979,5,5,1,0,0,0,0,0,1,0
4345,1980,3,2,1,0,0,0,1,0,1,0
4345,1981,3,3,0,0,0,0,0,0,0,0
4345,1982,8,7,3,0,1,0,1,0,1,0
4345,1985,2,1,0,0,0,0,1,0,0,0
4345,1986,3,3,1,0,0,0,0,0,0,0
4348,1978,4,4,1,0,0,0,0,0,2,0
4349,1979,17,17,6,1,1,0,0,0,2,0
4349,1980,10,9,4,1,0,0,0,1,0,0
4349,1981,8,7,1,0,1,0,0,0,1,0
4349,1982,14,14,5,1,1,0,0,0,1,0
4349,1984,8,8,1,0,0,0,0,0,0,0
4349,1985,2,2,0,0,0,0,0,0,0,0
4349,1986,6,6,2,0,0,0,0,0,1,0
4349,1987,9,8,2,0,0,0,0,0,0,0
4351,1970,3,3,0,0,0,0,0,0,0,0
4351,1971,2,2,1,0,0,0,0,0,0,0
4356,1974,1,1,0,0,0,0,0,0,0,0
4356,1976,11,10,6,1,0,0,1,0,1,0
4356,1977,21,20,6,1,0,1,1,0,4,0
4356,1978,15,14,7,1,1,0,1,0,3,0
4356,1983,8,7,4,1,0,1,1,0,0,0
4356,1984,1,1,1,0,0,0,0,0,0,0
4356,1985,6,5,1,0,0,0,1,0,0,0
4359,1974,1,1,0,0,0,0,0,0,1,0
4366,1972,3,3,0,0,0,0,0,0,3,0
4374,1976,3,3,1,1,0,0,0,0,0,0
4380,1979,7,6,1,0,0,0,1,0,0,0
4380,1980,3,3,0,0,0,0,0,0,3,0
4382,1972,6,4,0,0,0,0,1,0,1,1
4382,1974,8,7,4,0,0,0,1,0,0,0
4382,1976,3,3,2,1,0,0,0,0,0,0
4382,1977,1,1,0,0,0,0,0,0,0,0
4382,1981,3,3,0,0,0,0,0,0,0,0
4387,1974,3,3,1,0,0,0,0,0,1,0
4387,1976,4,3,1,0,0,0,1,0,0,0
4387,1981,6,5,1,1,0,0,1,0,1,0
4387,1982,5,5,3,1,1,1,0,0,0,0
4389,1987,6,5,1,0,0,0,1,0,0,0
4389,1988,1,1,1,0,0,0,0,0,0,0
4413,1979,4,4,3,1,0,0,0,0,0,0
4413,1980,5,5,1,0,1,0,0,0,0,0
4428,1985,2,2,1,0,0,0,0,0,0,0
4428,1986,3,2,0,0,0,0,1,0,0,0
4428,1987,5,5,2,0,0,0,0,0,0,0
4428,1988,8,8,2,1,0,0,0,0,0,0
4428,1989,4,3,1,0,0,0,1,0,0,0
4451,1970,7,7,2,0,0,0,0,0,0,0
4451,1971,3,3,0,0,0,0,0,0,0,0
4453,1984,6,6,1,0,0,0,0,0,0,0
4453,1985,1,1,1,0,0,0,0,0,0,0
4503,1972,2,2,0,0,0,0,0,0,0,0
4503,1974,8,7,2,0,0,0,1,0,1,0
4505,1977,1,1,0,0,0,0,0,0,0,0
4516,1977,2,1,0,0,0,0,0,0,0,0
4527,1965,6,6,1,0,0,0,0,0,2,0
4527,1967,3,3,0,0,0,0,0,0,0,0
4532,1969,3,3,2,0,0,0,0,0,1,0
4532,1970,2,2,0,0,0,0,0,0,0,0
4532,1973,2,2,0,0,0,0,0,0,0,0
4556,1966,2,1,0,0,0,0,0,0,0,0
4557,1965,4,4,1,0,0,0,0,0,2,0
4557,1966,4,3,1,1,0,0,1,0,0,0
4586,1967,3,3,1,1,0,0,0,0,0,0
4586,1969,3,3,1,0,0,0,0,0,0,0
4607,1964,5,5,2,0,0,0,0,0,0,0
4607,1968,7,6,1,0,0,0,1,0,2,0
4607,1970,1,1,0,0,0,0,0,0,0,0
4607,1971,4,4,2,0,0,0,0,0,1,0
4617,1968,3,2,0,0,0,0,0,0,2,0
4617,1971,1,1,0,0,0,0,0,0,1,0
4623,1979,8,8,0,0,0,0,0,0,3,0
4623,1980,10,9,3,1,0,0,1,0,0,0
4623,1981,3,3,1,0,0,0,0,0,0,0
4623,1982,6,6,3,0,0,0,0,0,0,0
4623,1983,10,7,2,1,0,0,2,0,0,1
4623,1984,4,4,1,0,0,0,0,0,1,0
4624,1965,2,2,1,0,0,0,0,0,0,0
4624,1967,3,3,0,0,0,0,0,0,2,0
4624,1968,2,2,0,0,0,0,0,0,1,0
4624,1969,2,2,1,0,0,0,0,0,0,0
4624,1970,2,1,0,0,0,0,0,0,1,0
4624,1977,2,2,0,0,0,0,0,0,2,0
4630,1972,9,8,3,1,0,0,1,0,1,0
4630,1973,5,4,0,0,0,0,1,0,0,0
4632,1988,3,3,2,0,0,0,0,0,0,0
4632,1989,3,3,0,0,0,0,0,0,0,0
4636,1987,2,2,0,0,0,0,0,0,0,0
4638,1968,10,8,2,1,0,0,1,1,1,0
4638,1969,7,5,1,0,0,0,2,0,0,0
4638,1970,13,13,4,0,0,0,0,0,0,0
4638,1971,11,8,2,1,0,0,3,0,3,0
4641,1972,15,14,2,0,0,0,0,0,0,0
4641,1973,3,3,2,1,0,0,0,0,0,0
4641,1974,3,3,1,0,0,0,0,0,0,0
4641,1977,3,3,0,0,0,0,0,0,0,0
4641,1978,2,2,2,0,0,0,0,0,0,0
4641,1980,1,1,0,0,0,0,0,0,0,0
4646,1969,12,12,2,0,0,0,0,0,1,0
4646,1971,12,10,0,0,0,0,1,0,1,1
4663,1964,1,1,0,0,0,0,0,0,1,0
4663,1965,7,6,0,0,0,0,1,0,1,0
4663,1966,8,7,4,0,0,1,1,0,0,0
4663,1967,7,7,1,0,0,0,0,0,2,0
4663,1968,8,6,3,0,0,2,2,0,0,0
4663,1969,15,13,5,1,0,1,2,0,0,0
4663,1971,2,2,0,0,0,0,0,0,0,0
4672,1974,2,2,0,0,0,0,0,0,1,0
4673,1971,3,3,0,0,0,0,0,0,1,0
4673,1979,11,10,2,0,0,0,1,0,1,0
4673,1980,9,9,1,1,0,0,0,0,0,0
4673,1981,3,2,0,0,0,0,1,0,0,0
4673,1982,7,7,3,1,1,0,0,0,0,0
4673,1983,11,11,5,1,0,0,0,0,0,0
4673,1984,7,7,1,0,1,0,0,0,0,0
4673,1986,1,0,0,0,0,0,1,0,0,0
4676,1977,4,3,1,0,0,0,1,0,0,0
4692,1972,4,4,2,0,0,1,0,0,0,0
4711,1983,5,4,1,0,0,0,1,0,1,0
4711,1988,4,3,2,1,0,0,0,1,0,0
4711,1989,2,2,0,0,0,0,0,0,0,0
4716,1981,4,4,0,0,0,0,0,0,1,0
4716,1982,6,5,1,0,0,0,1,0,1,0
4716,1983,6,6,0,0,0,0,0,0,0,0
4716,1984,6,6,1,0,0,0,0,0,1,0
4716,1985,4,4,2,0,0,1,0,0,0,0
4726,1978,2,2,1,0,0,0,0,0,1,0
4741,1982,6,6,1,0,0,0,0,0,1,0
4755,1969,2,2,1,1,0,0,0,0,1,0
4766,1979,8,8,1,0,0,0,0,0,2,0
4766,1980,5,4,1,0,0,0,0,0,0,0
4766,1981,5,5,2,0,0,0,0,0,0,0
4766,1982,5,5,1,0,0,0,0,0,0,0
4766,1983,5,4,2,0,0,0,1,0,0,0
4766,1984,8,7,2,0,0,0,1,0,1,0
4766,1985,2,2,0,0,0,0,0,0,0,0
4766,1987,2,2,1,0,0,1,0,0,0,0
4766,1988,5,5,1,0,0,0,0,0,0,0
4772,1972,3,3,0,0,0,0,0,0,1,0
4772,1973,3,2,1,0,0,0,1,0,0,0
4772,1976,5,4,0,0,0,0,1,0,1,0
4772,1978,1,0,0,0,0,0,1,0,0,0
4772,1980,3,3,1,0,0,1,0,0,0,0
4772,1981,3,3,0,0,0,0,0,0,0,0
4776,1971,3,3,2,0,0,0,0,0,1,0
4783,1966,1,0,0,0,0,0,1,0,0,0
4783,1967,2,2,0,0,0,0,0,0,1,0
4783,1970,3,1,0,0,0,0,2,0,0,0
4784,1970,14,13,5,0,0,0,0,0,1,1
4784,1971,2,2,0,0,0,0,0,0,0,0
4794,1971,3,3,0,0,0,0,0,0,1,0
4798,1965,5,5,1,0,0,0,0,0,1,0
4798,1966,9,9,3,0,0,0,0,0,4,0
4798,1967,3,2,1,0,0,0,1,0,1,0
4798,1968,2,1,0,0,0,0,0,1,1,0
4805,1972,3,3,2,0,0,1,0,0,0,0
4805,1973,9,8,2,0,0,0,1,0,1,0
4805,1974,7,7,2,0,0,0,0,0,0,0
4805,1976,1,1,0,0,0,0,0,0,0,0
4815,1982,3,3,0,0,0,0,0,0,0,0
4815,1983,7,7,2,0,0,1,0,0,1,0
4815,1984,7,7,0,0,0,0,0,0,0,0
4815,1986,1,1,0,0,0,0,0,0,0,0
4815,1987,2,2,0,0,0,0,0,0,1,0
4815,1988,9,8,4,1,0,0,1,0,1,0
4815,1989,3,3,2,0,0,0,0,0,0,0
4817,1971,6,6,2,0,0,0,0,0,0,0
4817,1977,4,4,0,0,0,0,0,0,0,0
4817,1978,10,9,3,2,0,0,1,0,0,0
4817,1985,2,2,0,0,0,0,0,0,0,0
4817,1986,2,2,1,1,0,0,0,0,0,0
4817,1987,5,5,1,0,0,0,0,0,0,0
4817,1988,3,3,1,0,0,0,0,0,0,0
4822,1972,10,10,0,0,0,0,0,0,0,0
4822,1976,9,9,3,1,0,0,0,0,0,0
4822,1978,4,4,1,1,0,0,0,0,2,0
4826,1979,9,7,4,0,0,0,1,0,0,1
4826,1980,11,9,6,1,0,0,1,0,0,1
4826,1981,7,6,0,0,0,0,1,0,1,0
4826,1982,6,5,3,0,1,0,1,0,0,0
4826,1983,6,4,1,0,0,0,2,0,0,0
4826,1984,10,9,4,1,0,1,1,0,0,0
4826,1985,9,7,1,0,0,0,2,0,3,0
4829,1977,7,7,3,1,0,0,0,0,2,0
4829,1978,12,11,5,0,0,0,1,0,0,0
4829,1983,8,7,1,0,0,0,1,0,1,0
4829,1984,7,6,2,1,0,0,1,0,0,0
4829,1987,4,4,1,1,0,0,0,0,0,0
4894,1972,5,5,2,0,0,0,0,0,0,0
4894,1973,4,3,0,0,0,0,1,0,0,0
4894,1974,5,5,1,1,0,0,0,0,0,0
4894,1976,8,8,3,0,0,0,0,0,0,0
4906,1968,2,2,1,0,0,0,0,0,1,0
4906,1969,7,7,0,0,0,0,0,0,5,0
4906,1970,7,7,2,0,0,0,0,0,0,0
4907,1977,3,3,1,1,0,0,0,0,0,0
4907,1978,7,7,2,0,0,0,0,0,1,0
4908,1976,4,4,1,0,0,0,0,0,0,0
4908,1977,4,4,1,0,0,0,0,0,2,0
4908,1978,3,3,1,0,0,0,0,0,0,0
4908,1982,6,6,4,0,0,0,0,0,0,0
4908,1984,12,10,3,0,0,0,2,0,0,0
4908,1985,5,5,1,0,0,0,0,0,1,0
4908,1987,5,5,2,0,0,0,0,0,1,0
4908,1988,5,5,0,0,0,0,0,0,0,0
4909,1983,3,3,1,0,0,0,0,0,0,0
4938,1976,2,2,1,0,0,0,0,0,0,0
4938,1977,3,3,1,0,0,0,0,0,0,0
4955,1964,5,5,1,0,0,0,0,0,0,0
4955,1965,7,7,2,0,1,0,0,0,1,0
4955,1966,5,3,0,0,0,0,1,0,0,0
4955,1967,6,6,1,0,0,0,0,0,1,0
4955,1968,5,4,2,0,0,0,0,0,0,0
4955,1969,9,9,2,0,0,0,0,0,1,0
4955,1970,4,4,0,0,0,0,0,0,0,0
4970,1972,2,2,1,1,0,0,0,0,0,0
4981,1972,7,7,0,0,0,0,0,0,3,0
4981,1973,3,2,0,0,0,0,1,0,0,0
4981,1974,1,0,0,0,0,0,1,0,0,0
4983,1969,1,1,0,0,0,0,0,0,0,0
5001,1983,5,4,1,0,0,0,0,0,0,0
5001,1984,5,5,0,0,0,0,0,0,0,0
5001,1985,2,2,0,0,0,0,0,0,0,0
5001,1986,4,4,1,0,0,0,0,0,2,0
5001,1987,6,6,2,0,0,0,0,0,1,0
5014,1977,10,9,4,1,0,1,1,0,0,0
5014,1978,3,3,1,0,0,0,0,0,0,0
5014,1982,7,7,0,0,0,0,0,0,0,0
5014,1983,4,3,0,0,0,0,0,0,0,0
5014,1984,1,1,1,1,0,0,0,0,0,0
5014,1986,2,2,0,0,0,0,0,0,0,0
5024,1972,2,1,0,0,0,0,0,0,0,0
5024,1973,6,5,2,0,0,0,0,0,0,0
5024,1974,3,3,0,0,0,0,0,0,0,0
5036,1964,3,1,1,0,0,0,2,0,0,0
5036,1965,8,8,2,0,0,0,0,0,0,0
5036,1966,12,12,0,0,0,0,0,0,1,0
5036,1967,8,8,4,1,0,0,0,0,1,0
5036,1968,8,8,2,2,0,0,0,0,3,0
5036,1969,6,6,0,0,0,0,0,0,0,0
5036,1970,5,5,3,1,0,0,0,0,0,0
5038,1987,4,3,2,1,0,0,0,1,0,0
5044,1979,3,3,1,1,0,0,0,0,0,0
5044,1981,4,4,1,0,0,0,0,0,1,0
5052,1979,11,10,2,0,1,1,1,0,1,0
5052,1980,11,11,4,0,0,0,0,0,0,0
5052,1981,3,3,1,1,0,0,0,0,0,0
5061,1980,6,6,2,0,0,0,0,0,0,0
5062,1976,3,3,0,0,0,0,0,0,0,0
5071,1980,11,10,2,0,0,0,0,0,0,1
5071,1982,6,6,1,0,0,0,0,0,1,0
5071,1983,8,8,2,1,0,0,0,0,2,0
5071,1984,3,3,1,0,0,0,0,0,0,0
5071,1989,4,4,1,0,0,0,0,0,0,0
5119,1971,5,5,1,0,0,0,0,0,0,0
5134,1972,1,1,0,0,0,0,0,0,0,0
5134,1973,1,0,0,0,0,0,0,0,0,0
5134,1974,3,3,0,0,0,0,0,0,2,0
5141,1971,2,2,1,0,0,0,0,0,0,0
5145,1964,4,4,0,0,0,0,0,0,0,0
5146,1978,4,4,1,1,0,0,0,0,0,0
5153,1965,4,3,1,0,0,0,0,0,0,1
5153,1967,3,2,1,0,1,0,1,0,1,0
5153,1968,11,11,3,1,0,0,0,0,0,0
5153,1969,14,12,5,0,0,0,2,0,0,0
5153,1970,15,13,4,0,0,1,2,0,1,0
5154,1965,6,6,3,0,0,0,0,0,0,0
5154,1966,7,5,2,1,1,0,2,0,1,0
5154,1967,6,5,0,0,0,0,0,1,0,0
5154,1968,11,9,3,0,0,0,0,2,1,0
5154,1969,4,4,1,1,0,0,0,0,2,0
5154,1970,3,3,2,0,0,0,0,0,0,0
5154,1971,5,5,2,0,0,0,0,0,0,0
5154,1979,8,8,4,1,0,0,0,0,0,0
5154,1980,10,10,4,0,0,0,0,0,1,0
5162,1982,6,6,0,0,0,0,0,0,1,0
5162,1984,2,1,0,0,0,0,1,0,0,0
5174,1985,3,3,1,1,0,0,0,0,1,0
5180,1970,3,3,0,0,0,0,0,0,0,0
5187,1964,2,1,0,0,0,0,1,0,0,0
5187,1965,11,8,3,0,0,1,3,0,0,0
5187,1966,10,9,4,1,0,0,1,0,1,0
5187,1967,16,14,6,1,0,1,2,0,2,0
5189,1965,4,4,0,0,0,0,0,0,0,0
5189,1966,6,6,2,0,0,1,0,0,1,0
5189,1967,13,11,2,0,0,0,2,0,6,0
5189,1968,9,9,3,1,0,0,0,0,2,0
5189,1969,7,7,0,0,0,0,0,0,2,0
5189,1970,11,8,3,1,0,0,2,1,1,0
5189,1971,10,10,5,1,0,1,0,0,0,0
5190,1973,3,3,0,0,0,0,0,0,2,0
5191,1972,1,1,0,0,0,0,0,0,0,0
5191,1973,3,3,1,0,0,0,0,0,0,0
5199,1976,7,7,3,0,0,0,0,0,0,0
5199,1978,2,2,1,0,0,0,0,0,0,0
5200,1977,9,8,4,1,0,0,1,0,0,0
5200,1978,4,3,1,1,0,0,1,0,0,0
5202,1985,2,2,1,0,0,0,0,0,0,0
5202,1987,3,3,0,0,0,0,0,0,0,0
5202,1988,9,8,5,3,0,0,0,0,1,0
5206,1979,7,7,2,0,1,0,0,0,3,0
5206,1980,10,9,3,0,1,0,0,1,3,0
5210,1965,3,3,0,0,0,0,0,0,1,0
5210,1966,8,7,2,0,0,0,0,0,1,0
5210,1967,5,5,3,1,0,0,0,0,0,0
5216,1981,4,4,1,0,0,0,0,0,1,0
5216,1982,7,7,2,0,1,0,0,0,0,0
5216,1983,13,12,5,0,0,2,1,0,1,0
5216,1984,7,3,2,0,0,0,2,2,0,0
5216,1985,4,4,2,1,0,0,0,0,0,0
5216,1986,3,2,0,0,0,0,1,0,0,0
5216,1987,11,10,1,0,0,0,1,0,2,0
5216,1988,8,7,4,0,0,1,1,0,0,0
5216,1989,8,7,3,0,0,0,0,1,1,0
5221,1988,7,7,4,1,0,0,0,0,0,0
5265,1985,2,2,0,0,0,0,0,0,0,0
5265,1986,3,3,1,0,0,0,0,0,1,0
5271,1978,4,4,0,0,0,0,0,0,0,0
5276,1972,4,3,1,0,0,0,1,0,0,0
5278,1972,3,3,1,0,0,0,0,0,1,0
5278,1973,7,7,0,0,0,0,0,0,0,0
5285,1967,3,3,0,0,0,0,0,0,1,0
5285,1968,2,2,1,0,0,0,0,0,0,0
5285,1970,5,5,0,0,0,0,0,0,4,0
5285,1971,3,3,1,0,0,0,0,0,1,0
5287,1964,2,2,0,0,0,0,0,0,0,0
5290,1972,5,5,1,1,0,0,0,0,1,0
5290,1973,1,1,0,0,0,0,0,0,0,0
5290,1974,4,4,2,1,0,0,0,0,0,0
5296,1980,2,2,1,1,0,0,0,0,0,0
5316,1974,2,2,1,0,0,0,0,0,1,0
5335,1986,1,1,0,0,0,0,0,0,0,0
5335,1987,3,3,1,1,0,0,0,0,0,0
5335,1988,3,3,0,0,0,0,0,0,2,0
5348,1980,6,5,1,0,0,0,1,0,0,0
5348,1982,19,18,7,0,0,0,1,0,0,0
5348,1984,8,8,1,0,0,0,0,0,0,0
5348,1987,7,6,0,0,0,0,1,0,0,0
5363,1976,9,8,3,1,0,0,1,0,0,0
5363,1977,4,4,0,0,0,0,0,0,0,0
5363,1978,3,3,1,0,0,1,0,0,0,0
5375,1987,6,5,1,0,0,1,1,0,1,0
5375,1988,5,5,2,0,0,0,0,0,1,0
5375,1989,3,3,0,0,0,0,0,0,0,0
5394,1968,17,16,2,0,0,0,1,0,8,0
5394,1969,14,12,0,0,0,0,2,0,0,0
5394,1970,12,10,3,0,0,0,1,1,2,0
5394,1971,15,14,4,0,0,0,0,0,3,1
5394,1982,9,8,2,0,0,0,1,0,2,0
5394,1985,2,2,0,0,0,0,0,0,0,0
5395,1979,4,4,1,0,0,0,0,0,0,0
5395,1980,11,11,2,1,0,0,0,0,0,0
5395,1982,2,2,1,0,0,0,0,0,0,0
5405,1984,2,2,0,0,0,0,0,0,0,0
5405,1985,1,1,0,0,0,0,0,0,0,0
5405,1986,3,3,0,0,0,0,0,0,0,0
5405,1987,7,6,2,1,0,0,1,0,0,0
5405,1988,7,7,3,1,0,0,0,0,2,0
5405,1989,6,6,2,0,0,0,0,0,0,0
5421,1973,1,1,1,0,0,0,0,0,0,0
5423,1985,1,1,1,0,0,0,0,0,0,0
5446,1969,1,0,0,0,0,0,0,0,0,0
5453,1986,3,3,0,0,0,0,0,0,0,0
5453,1987,4,4,1,0,0,0,0,0,0,0
5473,1973,1,1,0,0,0,0,0,0,0,0
5490,1972,2,2,0,0,0,0,0,0,0,0
5492,1972,7,7,1,0,0,0,0,0,1,0
5502,1964,1,1,1,0,0,0,0,0,0,0
5504,1983,2,2,1,0,0,0,0,0,0,0
5504,1984,3,3,0,0,0,0,0,0,1,0
5523,1970,14,11,6,1,0,1,2,1,2,0
5529,1983,5,5,2,0,0,0,0,0,1,0
5530,1970,2,2,0,0,0,0,0,0,1,0
5531,1964,1,1,0,0,0,0,0,0,0,0
5531,1965,9,9,3,0,0,0,0,0,1,0
5531,1966,5,5,2,0,0,0,0,0,0,0
5531,1969,4,4,2,1,0,0,0,0,0,0
5531,1970,4,4,0,0,0,0,0,0,1,0
5534,1973,1,1,1,0,0,0,0,0,0,0
5534,1974,2,2,1,0,0,0,0,0,0,0
5534,1976,9,7,3,0,0,0,2,0,1,0
5534,1977,2,2,0,0,0,0,0,0,1,0
5534,1979,8,7,2,1,0,0,1,0,1,0
5534,1981,6,6,1,0,0,1,0,0,1,0
5534,1982,5,5,1,0,0,0,0,0,0,0
5534,1984,9,8,4,2,0,0,1,0,2,0
5543,1972,8,8,3,1,0,0,0,0,2,0
5545,1966,9,8,2,2,0,0,1,0,2,0
5545,1967,8,8,1,1,0,0,0,0,1,0
5545,1968,6,4,1,0,0,0,2,0,1,0
5545,1969,1,1,1,0,0,0,0,0,0,0
5545,1970,6,6,2,1,0,0,0,0,0,0
5545,1971,10,10,1,0,0,0,0,0,0,0
5545,1973,12,10,3,1,0,0,2,0,0,0
5545,1974,3,1,0,0,0,0,2,0,0,0
5545,1977,6,4,2,0,0,0,1,0,0,0
5553,1982,3,3,0,0,0,0,0,0,0,0
5553,1984,3,3,0,0,0,0,0,0,0,0
5555,1966,8,8,1,1,0,0,0,0,0,0
5555,1967,2,2,1,0,0,0,0,0,0,0
5555,1969,12,11,3,0,0,0,1,0,5,0
5572,1979,3,3,2,1,0,0,0,0,0,0
5572,1980,11,11,3,0,0,0,0,0,2,0
5572,1982,3,3,0,0,0,0,0,0,0,0
5574,1968,7,6,2,1,0,0,1,0,1,0
5574,1969,10,10,3,1,0,0,0,0,1,0
5585,1982,3,2,0,0,0,0,1,0,0,0
5585,1983,9,9,4,0,0,0,0,0,0,0
5603,1982,4,3,1,1,0,0,1,0,0,0
5620,1972,8,8,5,0,0,0,0,0,1,0
5620,1973,3,3,1,0,0,0,0,0,0,0
5620,1974,10,9,3,1,0,1,1,0,2,0
5626,1965,1,1,0,0,0,0,0,0,1,0
5626,1968,1,1,1,0,0,0,0,0,0,0
5626,1969,8,8,0,0,0,0,0,0,1,0
5626,1970,4,4,1,1,0,0,0,0,0,0
5644,1979,4,3,1,0,0,0,1,0,0,0
5644,1984,1,1,0,0,0,0,0,0,0,0
5644,1985,4,3,0,0,0,0,0,0,0,0
5651,1977,3,3,0,0,0,0,0,0,2,0
5653,1979,8,8,3,0,1,0,0,0,1,0
5653,1986,3,3,2,2,0,0,0,0,0,0
5657,1973,2,2,1,0,0,0,0,0,0,0
5657,1974,1,1,0,0,0,0,0,0,0,0
5657,1976,2,2,0,0,0,0,0,0,0,0
5657,1978,2,2,0,0,0,0,0,0,1,0
5675,1988,2,2,0,0,0,0,0,0,1,0
5678,1972,5,2,0,0,0,0,2,1,1,0
5684,1971,4,4,1,0,0,1,0,0,0,0
5695,1986,3,2,0,0,0,0,1,0,0,0
5695,1987,3,3,0,0,0,0,0,0,1,0
5695,1988,7,7,1,0,0,0,0,0,1,0
5710,1983,3,3,1,0,0,0,0,0,0,0
5710,1984,3,2,0,0,0,0,1,0,0,0
5715,1973,9,9,2,1,0,0,0,0,1,0
5715,1976,3,3,0,0,0,0,0,0,0,0
5717,1965,2,2,0,0,0,0,0,0,0,0
5717,1970,2,2,1,0,0,0,0,0,0,0
5717,1976,1,1,0,0,0,0,0,0,0,0
5717,1977,3,3,0,0,0,0,0,0,0,0
5717,1978,1,1,0,0,0,0,0,0,0,0
5724,1964,9,8,4,1,0,1,1,0,0,0
5724,1965,10,9,3,0,1,0,1,0,0,0
5724,1966,7,4,1,0,0,0,2,1,0,0
5724,1967,3,3,0,0,0,0,0,0,1,0
5724,1968,6,5,2,0,0,0,1,0,0,0
5724,1969,5,3,2,0,0,0,2,0,0,0
5724,1970,7,7,2,0,1,0,0,0,1,0
5724,1971,5,3,2,0,0,0,1,1,0,0
5736,1988,5,5,0,0,0,0,0,0,1,0
5736,1989,3,3,1,0,0,0,0,0,0,0
5746,1966,1,0,0,0,0,0,1,0,0,0
5762,1983,2,2,0,0,0,0,0,0,0,0
5762,1984,3,3,1,0,0,1,0,0,0,0
5762,1985,1,1,1,0,0,0,0,0,0,0
5762,1986,5,4,3,1,0,0,0,0,0,0
5764,1989,3,2,2,1,0,0,1,0,0,0
5791,1974,3,3,2,0,0,0,0,0,0,0
5791,1978,3,3,0,0,0,0,0,0,0,0
5793,1969,4,4,3,0,0,0,0,0,1,0
5793,1970,13,12,2,1,0,0,1,0,2,0
5801,1972,2,2,0,0,0,0,0,0,1,0
5809,1979,8,6,1,0,0,0,2,0,1,0
5809,1980,7,5,1,0,0,0,2,0,1,0
5809,1981,4,4,0,0,0,0,0,0,1,0
5809,1982,13,13,6,1,0,1,0,0,1,0
5809,1983,8,8,0,0,0,0,0,0,1,0
5812,1972,2,1,0,0,0,0,0,0,1,1
5812,1973,10,10,3,0,0,0,0,0,1,0
5812,1974,5,4,2,0,0,0,1,0,0,0
5812,1976,7,7,2,0,0,0,0,0,0,0
5821,1978,8,8,1,0,0,0,0,0,2,0
5822,1970,7,7,0,0,0,0,0,0,2,0
5822,1971,4,4,0,0,0,0,0,0,0,0
5823,1964,3,3,0,0,0,0,0,0,1,0
5823,1967,8,6,1,0,0,0,1,0,0,1
5823,1971,6,5,2,0,1,0,1,0,0,0
5825,1987,2,2,0,0,0,0,0,0,0,0
5825,1988,1,1,0,0,0,0,0,0,0,0
5831,1970,4,4,1,0,0,0,0,0,0,0
5831,1971,1,1,0,0,0,0,0,0,0,0
5847,1972,10,10,2,0,0,0,0,0,1,0
5847,1973,7,7,2,0,0,0,0,0,0,0
5847,1974,4,4,0,0,0,0,0,0,0,0
5847,1976,7,7,1,0,0,0,0,0,0,0
5847,1977,3,3,1,0,0,0,0,0,0,0
5861,1988,1,1,1,0,0,1,0,0,0,0
5875,1965,6,5,2,0,0,1,1,0,0,0
5875,1966,10,8,2,0,0,1,2,0,1,0
5875,1967,10,6,1,0,0,0,4,0,1,0
5875,1968,2,2,0,0,0,0,0,0,2,0
5875,1969,21,18,5,0,0,1,3,0,3,0
5875,1970,13,12,3,0,0,1,1,0,1,0
5875,1971,12,7,3,0,0,2,5,0,0,0
5885,1980,9,9,1,0,0,0,0,0,1,0
5886,1965,4,4,0,0,0,0,0,0,1,0
5891,1972,9,6,4,0,0,1,3,0,2,0
5891,1973,10,9,0,0,0,0,1,0,4,0
5891,1974,9,8,3,0,0,0,1,0,2,0
5891,1976,4,4,0,0,0,0,0,0,2,0
5891,1977,4,3,0,0,0,0,1,0,0,0
5891,1978,7,7,2,0,0,1,0,0,2,0
5891,1984,7,6,2,0,0,0,1,0,2,0
5891,1985,2,2,0,0,0,0,0,0,1,0
5891,1986,7,6,1,0,0,0,1,0,3,0
5897,1965,1,0,0,0,0,0,1,0,0,0
5899,1986,3,3,0,0,0,0,0,0,1,0
5916,1972,3,1,0,0,0,0,0,0,1,0
5916,1973,3,1,0,0,0,0,0,0,1,0
5923,1963,6,4,2,0,0,0,2,0,0,0
5923,1964,4,4,2,1,0,0,0,0,2,0
5923,1971,5,5,0,0,0,0,0,0,3,0
5925,1965,2,2,0,0,0,0,0,0,0,0
5930,1983,10,10,2,0,0,0,0,0,3,0
5930,1984,5,5,2,0,0,1,0,0,0,0
5930,1985,2,1,1,0,0,1,1,0,0,0
5930,1986,3,3,1,0,0,0,0,0,0,0
5930,1988,8,6,2,0,0,0,0,1,3,1
5930,1989,4,4,1,0,0,0,0,0,1,0
5955,1979,3,2,0,0,0,0,1,0,1,0
5955,1980,3,3,0,0,0,0,0,0,0,0
5963,1978,3,3,0,0,0,0,0,0,2,0
5967,1977,4,4,0,0,0,0,0,0,1,0
5967,1987,10,10,3,0,0,0,0,0,2,0
5967,1988,6,5,1,0,0,0,1,0,0,0
5971,1964,6,4,0,0,0,0,2,0,1,0
5971,1965,10,9,4,2,0,1,1,0,3,0
5971,1966,15,15,1,0,0,0,0,0,5,0
5971,1967,9,7,3,1,0,0,1,0,0,1
5971,1968,5,5,0,0,0,0,0,0,0,0
5971,1969,3,2,0,0,0,0,1,0,1,0
5971,1971,6,4,2,1,0,0,1,0,1,1
5989,1970,1,1,1,0,0,1,0,0,0,0
5989,1971,4,2,0,0,0,0,2,0,1,0
5989,1972,1,1,0,0,0,0,0,0,0,0
6015,1974,2,2,0,0,0,0,0,0,2,0
6015,1977,2,2,0,0,0,0,0,0,2,0
6015,1978,3,3,1,0,0,0,0,0,2,0
6020,1964,4,4,0,0,0,0,0,0,2,0
6020,1965,2,2,0,0,0,0,0,0,0,0
6024,1966,1,1,0,0,0,0,0,0,0,0
6024,1968,7,6,3,0,0,0,1,0,1,0
6024,1971,7,6,1,0,1,0,1,0,1,0
6024,1973,4,4,2,0,0,1,0,0,0,0
6024,1974,1,1,0,0,0,0,0,0,0,0
6029,1965,1,1,0,0,0,0,0,0,1,0
6029,1967,1,1,1,0,0,0,0,0,0,0
6040,1965,2,1,0,0,0,0,0,0,1,0
6047,1970,2,2,1,0,0,0,0,0,0,0
6077,1977,5,4,2,0,0,0,0,0,0,0
6081,1964,1,1,1,0,0,0,0,0,0,0
6081,1965,3,3,1,0,0,0,0,0,0,0
6085,1968,2,2,0,0,0,0,0,0,0,0
6085,1969,11,10,3,1,0,0,1,0,0,0
6085,1970,10,10,3,0,0,0,0,0,0,0
6085,1971,10,9,3,1,1,0,0,0,0,1
6085,1976,7,6,2,0,0,0,0,0,0,0
6093,1979,8,8,2,0,0,0,0,0,1,0
6095,1984,4,3,0,0,0,0,1,0,0,0
6095,1988,2,2,0,0,0,0,0,0,1,0
6096,1980,4,4,0,0,0,0,0,0,3,0
6096,1981,3,3,2,0,0,0,0,0,0,0
6096,1984,5,3,2,1,0,0,2,0,0,0
6103,1979,8,8,0,0,0,0,0,0,3,0
6117,1965,8,8,1,1,0,0,0,0,3,0
6117,1968,3,2,0,0,0,0,0,1,0,0
6119,1977,3,3,1,0,0,0,0,0,1,0
6121,1976,2,2,0,0,0,0,0,0,1,0
6123,1976,6,6,1,0,0,0,0,0,0,0
6123,1985,2,0,0,0,0,0,2,0,0,0
6123,1986,3,3,0,0,0,0,0,0,0,0
6123,1987,6,6,1,0,0,0,0,0,1,0
6135,1971,2,1,0,0,0,0,1,0,1,0
6145,1964,1,1,0,0,0,0,0,0,1,0
6166,1968,1,1,0,0,0,0,0,0,0,0
6170,1964,4,4,1,0,0,0,0,0,0,0
6170,1965,9,8,1,0,0,0,1,0,0,0
6170,1966,9,8,2,1,1,0,0,1,1,0
6170,1967,3,2,1,0,0,0,1,0,1,0
6171,1979,3,3,1,0,0,0,0,0,1,0
6171,1980,12,11,2,0,0,0,1,0,0,0
6173,1978,2,2,0,0,0,0,0,0,2,0
6191,1979,6,6,1,0,0,0,0,0,1,0
6191,1981,4,3,1,0,0,0,1,0,0,0
6191,1982,6,6,0,0,0,0,0,0,1,0
6191,1983,5,4,0,0,0,0,0,1,0,0
6191,1984,13,13,4,1,1,0,0,0,1,0
6191,1985,3,3,1,0,1,0,0,0,0,0
6191,1986,7,7,2,0,0,1,0,0,0,0
6191,1987,6,5,2,1,0,0,1,0,0,0
6191,1988,6,6,3,0,0,0,0,0,0,0
6191,1989,3,2,2,0,0,0,1,0,0,0
6203,1988,8,7,3,2,0,0,1,0,1,0
6203,1989,6,5,1,1,0,0,1,0,0,0
6219,1970,4,4,0,0,0,0,0,0,0,0
6231,1964,3,2,0,0,0,0,0,0,0,0
6232,1982,3,2,1,1,0,0,1,0,0,0
6232,1983,5,5,2,0,0,1,0,0,1,0
6232,1984,3,3,0,0,0,0,0,0,0,0
6232,1985,3,3,3,0,0,0,0,0,0,0
6232,1986,3,2,1,0,0,0,0,1,0,0
6232,1987,8,7,2,0,1,1,1,0,1,0
6232,1988,5,5,1,0,0,0,0,0,1,0
6232,1989,3,3,1,0,0,0,0,0,1,0
6241,1982,7,7,4,0,0,1,0,0,0,0
6241,1983,10,10,1,0,0,0,0,0,2,0
6243,1982,9,8,2,1,0,0,0,0,0,1
6243,1983,11,11,4,2,0,0,0,0,1,0
6243,1984,6,6,2,0,0,0,0,0,0,0
6300,1964,3,2,0,0,0,0,1,0,2,0
6305,1972,6,6,0,0,0,0,0,0,2,0
6305,1973,4,4,1,0,0,0,0,0,0,0
6306,1987,3,3,0,0,0,0,0,0,0,0
6320,1979,12,11,6,1,0,0,1,0,2,0
6320,1981,7,7,2,0,0,0,0,0,1,0
6320,1982,8,8,2,0,0,0,0,0,0,0
6343,1977,8,8,1,0,1,0,0,0,2,0
6343,1978,3,2,0,0,0,0,1,0,0,0
6345,1979,3,3,1,0,0,0,0,0,0,0
6345,1980,11,9,3,1,0,0,1,1,0,0
6345,1981,2,2,2,0,0,0,0,0,0,0
6345,1982,7,5,1,0,0,1,1,1,1,0
6345,1984,11,8,4,1,0,0,3,0,0,0
6345,1987,5,4,1,0,0,0,1,0,0,0
6345,1988,3,3,1,0,0,0,0,0,0,0
6351,1980,4,3,3,0,0,0,1,0,0,0
6358,1969,8,7,3,0,0,0,1,0,1,0
6358,1970,16,16,3,0,0,0,0,0,4,0
6358,1971,4,4,2,0,0,0,0,0,0,0
6359,1988,4,3,1,1,0,0,1,0,0,0
6367,1964,2,2,0,0,0,0,0,0,0,0
6368,1977,2,2,0,0,0,0,0,0,1,0
6372,1972,1,1,0,0,0,0,0,0,0,0
6405,1979,6,6,0,0,0,0,0,0,0,0
6405,1980,7,7,1,0,1,0,0,0,2,0
6454,1973,4,4,1,0,0,0,0,0,1,0
6454,1974,3,3,1,0,0,0,0,0,1,0
6456,1964,2,1,0,0,0,0,1,0,0,0
6456,1965,10,8,2,1,0,0,1,0,0,0
6462,1987,4,4,1,0,0,0,0,0,0,0
6465,1972,1,1,0,0,0,0,0,0,0,0
6487,1969,1,1,0,0,0,0,0,0,0,0
6499,1971,1,1,0,0,0,0,0,0,1,0
6500,1964,2,2,0,0,0,0,0,0,0,0
6500,1965,5,4,1,0,0,0,1,0,0,0
6500,1966,8,6,0,0,0,0,1,1,1,0
6500,1969,1,0,0,0,0,0,1,0,0,0
6505,1965,2,2,0,0,0,0,0,0,0,0
6505,1970,2,2,0,0,0,0,0,0,0,0
6525,1965,2,2,0,0,0,0,0,0,1,0
6525,1966,1,1,0,0,0,0,0,0,0,0
6525,1967,2,2,0,0,0,0,0,0,1,0
6525,1968,5,4,0,0,0,0,1,0,2,0
6525,1970,2,1,0,0,0,0,0,0,1,0
6525,1971,1,1,0,0,0,0,0,0,1,0
6534,1986,3,3,1,0,0,1,0,0,0,0
6534,1987,10,9,5,1,0,0,0,0,0,0
6534,1988,4,4,0,0,0,0,0,0,0,0
6537,1966,3,3,0,0,0,0,0,0,2,0
6537,1969,2,1,0,0,0,0,1,0,0,0
6537,1971,2,2,1,0,0,0,0,0,1,0
6537,1976,2,2,0,0,0,0,0,0,0,0
6564,1982,4,4,1,0,0,0,0,0,0,0
6564,1983,1,1,1,0,0,0,0,0,0,0
6564,1984,7,6,1,0,0,0,0,0,1,1
6566,1964,2,2,1,1,0,0,0,0,1,0
6566,1965,6,6,2,0,0,0,0,0,2,0
6566,1966,8,7,2,0,0,0,1,0,0,0
6581,1966,5,4,2,1,0,0,0,0,0,0
6657,1972,3,3,1,0,0,0,0,0,1,0
6657,1973,8,8,4,0,0,0,0,0,0,0
6657,1974,1,1,0,0,0,0,0,0,0,0
6658,1963,3,3,0,0,0,0,0,0,0,0
6658,1964,9,8,1,1,0,0,0,0,1,0
6658,1965,4,3,0,0,0,0,1,0,2,0
6658,1966,8,7,2,0,0,0,0,0,1,0
6673,1972,8,7,3,0,0,0,1,0,0,0
6673,1973,12,12,5,0,0,0,0,0,2,0
6673,1974,8,8,0,0,0,0,0,0,3,0
6673,1976,9,8,2,0,0,1,1,0,4,0
6673,1977,6,5,3,0,0,0,0,1,0,0
6673,1978,6,4,1,0,0,0,2,0,0,0
6673,1981,5,4,2,0,0,1,1,0,1,0
6673,1982,14,13,2,2,0,0,1,0,3,0
6673,1983,12,11,4,2,0,1,1,0,1,0
6673,1984,6,5,1,0,0,0,1,0,0,0
6681,1979,7,6,1,1,0,0,1,0,0,0
6681,1980,9,8,2,1,0,0,1,0,0,0
6681,1981,2,1,0,0,0,0,0,0,1,0
6681,1982,9,8,4,3,0,0,0,0,0,0
6681,1985,1,1,0,0,0,0,0,0,0,0
6681,1986,2,2,1,0,0,1,0,0,0,0
6681,1987,6,6,2,1,0,0,0,0,0,0
6681,1988,7,6,1,0,0,0,0,0,0,0
6687,1988,6,5,4,0,0,1,1,0,1,0
6687,1989,4,4,1,0,0,0,0,0,1,0
6699,1987,2,2,0,0,0,0,0,0,0,0
6699,1988,4,4,1,0,0,0,0,0,1,0
6708,1977,1,1,0,0,0,0,0,0,1,0
6720,1976,7,6,1,0,0,0,0,0,0,0
6720,1980,11,10,4,1,0,0,0,0,0,0
6720,1981,4,4,1,0,0,0,0,0,0,0
6733,1970,3,1,1,0,1,0,2,0,0,0
6733,1971,10,9,1,1,0,0,1,0,1,0
6733,1978,8,8,1,1,0,0,0,0,2,0
6734,1972,9,9,1,0,0,0,0,0,4,0
6734,1973,7,7,2,1,0,0,0,0,0,0
6734,1974,14,14,4,1,0,0,0,0,0,0
6734,1976,6,5,0,0,0,0,1,0,2,0
6734,1977,7,6,3,1,0,0,1,0,0,0
6734,1978,6,6,2,0,0,0,0,0,0,0
6743,1976,3,3,2,0,0,0,0,0,0,0
6743,1977,10,10,4,1,0,0,0,0,1,0
6743,1978,4,4,1,0,0,1,0,0,0,0
6743,1987,4,4,0,0,0,0,0,0,0,0
6797,1982,3,3,0,0,0,0,0,0,0,0
6809,1964,8,5,1,0,0,0,2,0,1,0
6809,1965,4,3,1,1,0,0,1,0,1,0
6809,1966,7,7,0,0,0,0,0,0,2,0
6813,1971,16,15,4,0,0,0,1,0,0,0
6816,1973,7,6,3,1,0,1,1,0,0,0
6816,1976,9,8,3,0,0,0,1,0,1,0
6825,1979,12,12,4,0,0,0,0,0,2,0
6825,1980,9,9,1,1,0,0,0,0,0,0
6825,1981,2,1,0,0,0,0,1,0,0,0
6825,1982,5,4,1,0,0,0,1,0,0,0
6825,1983,12,12,2,0,0,0,0,0,1,0
6825,1984,7,6,1,0,0,0,1,0,1,0
6829,1987,2,1,0,0,0,0,1,0,0,0
6829,1988,8,8,2,0,0,0,0,0,0,0
6831,1964,6,6,2,0,0,0,0,0,0,0
6831,1965,3,1,0,0,0,0,2,0,0,0
6835,1964,2,2,2,0,0,1,0,0,0,0
6835,1965,17,13,2,1,0,0,4,0,3,0
6835,1966,9,8,2,0,0,0,1,0,0,0
6835,1967,12,10,2,0,0,0,2,0,4,0
6835,1968,3,2,1,0,0,0,1,0,0,0
6837,1969,1,1,0,0,0,0,0,0,0,0
6856,1973,2,2,0,0,0,0,0,0,1,0
6859,1964,1,1,0,0,0,0,0,0,0,0
6859,1965,5,4,0,0,0,0,1,0,2,0
6859,1966,1,1,0,0,0,0,0,0,0,0
6885,1972,1,1,0,0,0,0,0,0,0,0
6906,1969,6,6,3,1,0,0,0,0,2,0
6906,1971,3,3,1,0,0,0,0,0,1,0
6906,1979,2,2,0,0,0,0,0,0,1,0
6906,1980,5,5,2,1,0,0,0,0,0,0
6906,1982,14,14,3,1,0,0,0,0,0,0
6906,1984,8,8,2,2,0,0,0,0,1,0
6910,1989,4,3,0,0,0,0,0,0,0,0
6933,1976,2,2,1,0,0,0,0,0,0,0
6933,1977,6,5,0,0,0,0,1,0,1,0
6933,1978,6,5,2,0,0,1,1,0,1,0
6933,1982,13,12,2,0,0,0,1,0,5,0
6984,1972,13,13,5,1,1,0,0,0,2,0
6984,1973,3,3,1,0,0,0,0,0,0,0
6984,1974,7,7,2,0,0,0,0,0,0,0
6992,1972,5,5,1,0,0,0,0,0,1,0
6992,1973,1,1,1,0,0,1,0,0,0,0
7007,1984,2,2,2,0,0,0,0,0,0,0
7008,1968,1,1,1,0,0,0,0,0,0,0
7017,1967,3,3,1,0,0,1,0,0,0,0
7023,1964,4,4,3,0,0,0,0,0,0,0
7023,1965,4,4,2,1,0,0,0,0,1,0
7031,1972,3,3,1,0,0,0,0,0,0,0
7031,1974,2,2,0,0,0,0,0,0,1,0
7031,1977,2,2,0,0,0,0,0,0,2,0
7046,1984,7,6,1,0,0,0,1,0,1,0
7046,1985,9,8,3,0,0,1,0,0,0,1
7047,1972,2,2,0,0,0,0,0,0,1,0
7047,1973,9,8,1,0,0,0,1,0,0,0
7047,1974,14,13,4,0,0,0,1,0,2,0
7047,1976,7,6,2,0,0,0,1,0,0,0
7047,1977,10,9,6,1,1,1,1,0,1,0
7047,1978,11,11,6,0,0,2,0,0,1,0
7047,1987,4,3,1,0,0,1,1,0,0,0
7068,1972,5,4,1,0,0,0,1,0,0,0
7068,1973,2,1,0,0,0,0,1,0,0,0
7078,1968,1,1,0,0,0,0,0,0,0,0
7078,1970,7,7,0,0,0,0,0,0,3,0
7078,1971,6,6,2,0,0,0,0,0,2,0
7080,1971,6,6,2,0,0,0,0,0,1,0
7080,1973,3,3,2,0,0,0,0,0,0,0
7082,1972,3,1,0,0,0,0,2,0,1,0
7082,1973,10,9,2,0,0,0,1,0,2,0
7082,1974,6,5,0,0,0,0,0,0,0,1
7082,1979,13,13,0,0,0,0,0,0,5,0
7082,1980,1,1,0,0,0,0,0,0,0,0
7083,1974,5,5,1,0,0,0,0,0,0,0
7084,1969,2,2,0,0,0,0,0,0,0,0
7084,1978,1,0,0,0,0,0,1,0,0,0
7090,1979,8,5,2,1,0,0,3,0,3,0
7090,1980,12,10,3,1,0,0,2,0,4,0
7090,1981,6,4,2,0,0,0,2,0,1,0
7091,1968,1,0,0,0,0,0,0,1,0,0
7091,1970,3,2,0,0,0,0,0,1,0,0
7100,1972,7,7,0,0,0,0,0,0,3,0
7109,1977,6,6,2,1,0,0,0,0,0,0
7109,1978,11,11,5,0,0,1,0,0,0,0
7112,1973,1,1,0,0,0,0,0,0,1,0
7114,1972,5,4,0,0,0,0,0,0,0,0
7118,1964,8,7,3,0,0,1,1,0,1,0
7118,1965,7,6,1,0,0,0,1,0,2,0
7118,1966,1,0,0,0,0,0,1,0,0,0
7118,1967,9,8,1,0,1,0,1,0,2,0
7118,1968,14,12,2,0,0,0,2,0,0,0
7118,1969,5,5,1,0,0,0,0,0,0,0
7118,1970,7,7,0,0,0,0,0,0,1,0
7121,1974,4,4,0,0,0,0,0,0,0,0
7121,1983,4,3,0,0,0,0,0,0,0,1
7135,1965,1,1,1,0,0,0,0,0,0,0
7144,1973,1,1,0,0,0,0,0,0,1,0
7144,1978,2,1,0,0,0,0,0,1,0,0
7164,1972,3,2,1,0,0,0,1,0,0,0
7164,1973,7,7,3,1,0,1,0,0,1,0
7164,1974,5,4,1,0,0,0,1,0,2,0
7164,1977,10,9,2,0,0,0,1,0,2,0
7170,1964,5,4,0,0,0,0,0,0,2,1
7198,1988,4,4,0,0,0,0,0,0,0,0
7198,1989,4,4,2,0,0,0,0,0,0,0
7200,1966,3,3,2,0,0,0,0,0,1,0
7200,1969,2,2,1,0,0,0,0,0,0,0
7200,1972,1,1,0,0,0,0,0,0,1,0
7206,1968,2,2,0,0,0,0,0,0,2,0
7217,1969,2,2,0,0,0,0,0,0,0,0
7217,1972,2,2,0,0,0,0,0,0,1,0
7234,1967,1,1,0,0,0,0,0,0,0,0
7237,1986,3,3,2,1,0,0,0,0,0,0
7237,1987,8,7,3,1,0,2,1,0,0,0
7237,1988,8,8,0,0,0,0,0,0,1,0
7237,1989,3,2,1,1,0,0,1,0,0,0
7245,1979,3,3,0,0,0,0,0,0,0,0
7245,1980,7,7,4,3,0,0,0,0,1,0
7245,1981,5,5,1,1,0,0,0,0,0,0
7245,1982,4,4,2,0,0,0,0,0,0,0
7259,1977,1,1,0,0,0,0,0,0,1,0
7261,1970,3,3,0,0,0,0,0,0,1,0
7261,1971,2,2,0,0,0,0,0,0,1,0
7264,1987,6,6,2,1,0,0,0,0,1,0
7264,1988,5,5,2,1,0,0,0,0,0,0
7280,1965,2,2,0,0,0,0,0,0,0,0
7280,1966,9,7,3,0,0,1,2,0,0,0
7280,1967,10,9,2,1,0,0,1,0,0,0
7280,1968,7,6,1,1,0,0,1,0,1,0
7280,1969,7,5,3,2,0,0,2,0,0,0
7280,1970,8,6,0,0,0,0,2,0,0,0
7280,1971,11,11,3,0,1,0,0,0,0,0
7281,1964,1,1,1,0,0,0,0,0,0,0
7281,1965,2,2,0,0,0,0,0,0,2,0
7281,1966,4,2,1,1,0,0,2,0,0,0
7281,1971,1,1,0,0,0,0,0,0,0,0
7285,1964,4,4,1,0,0,0,0,0,0,0
7285,1969,7,6,2,1,0,0,1,0,0,0
7285,1970,3,3,1,0,0,0,0,0,1,0
7288,1969,2,2,0,0,0,0,0,0,1,0
7294,1972,2,1,0,0,0,0,0,1,0,0
7294,1979,11,9,2,2,0,0,1,0,2,1
7294,1980,2,2,2,1,0,0,0,0,0,0
7294,1981,6,5,1,1,0,0,1,0,1,0
7294,1982,14,14,7,3,0,0,0,0,0,0
7294,1983,13,13,5,0,0,0,0,0,2,0
7294,1984,3,2,1,0,0,0,0,0,0,1
7294,1985,3,3,2,1,0,1,0,0,0,0
7294,1986,3,2,0,0,0,0,1,0,0,0
7298,1984,3,2,0,0,0,0,1,0,0,0
7298,1985,9,7,1,1,0,0,0,1,1,0
7316,1976,1,1,1,0,0,0,0,0,0,0
7317,1988,4,4,2,0,0,2,0,0,2,0
7317,1989,6,6,2,0,0,0,0,0,3,0
7330,1984,1,1,0,0,0,0,0,0,0,0
7344,1977,2,2,0,0,0,0,0,0,2,0
7344,1978,5,4,2,1,0,0,0,0,0,0
7348,1972,6,6,1,0,0,0,0,0,0,0
7348,1974,3,2,1,1,0,0,1,0,0,0
7348,1976,11,11,2,0,0,0,0,0,0,0
7359,1985,2,1,1,0,0,0,0,0,0,0
7369,1974,3,3,0,0,0,0,0,0,1,0
7369,1976,2,2,0,0,0,0,0,0,1,0
7369,1978,1,1,0,0,0,0,0,0,0,0
7369,1979,5,5,0,0,0,0,0,0,0,0
7369,1980,11,10,2,0,0,0,0,0,1,0
7369,1981,7,6,0,0,0,0,1,0,1,0
7381,1972,4,4,1,0,0,0,0,0,1,0
7381,1973,7,7,1,0,0,0,0,0,1,0
7381,1974,1,1,1,0,0,0,0,0,0,0
7393,1983,3,3,0,0,0,0,0,0,0,0
7393,1984,3,3,0,0,0,0,0,0,0,0
7393,1987,2,2,1,0,0,0,0,0,0,0
7403,1967,5,5,0,0,0,0,0,0,5,0
7412,1971,1,1,1,0,0,0,0,0,0,0
7419,1972,5,5,3,1,0,0,0,0,1,0
7419,1973,7,6,0,0,0,0,1,0,3,0
7419,1974,4,4,0,0,0,0,0,0,1,0
7419,1976,11,9,3,0,0,0,2,0,1,0
7419,1977,2,2,0,0,0,0,0,0,0,0
7427,1979,5,5,1,0,0,0,0,0,0,0
7427,1980,7,7,1,0,0,0,0,0,1,0
7430,1988,5,4,2,0,0,0,0,1,1,0
7438,1969,4,3,2,0,0,0,1,0,0,0
7438,1970,10,8,2,0,0,0,2,0,1,0
7438,1971,10,9,2,0,0,0,1,0,1,0
7451,1976,3,3,2,1,0,0,0,0,0,0
7451,1979,3,3,0,0,0,0,0,0,0,0
7451,1980,4,4,0,0,0,0,0,0,1,0
7469,1973,4,4,1,0,0,0,0,0,1,0
7471,1988,3,3,0,0,0,0,0,0,0,0
7478,1972,9,9,1,0,0,0,0,0,0,0
7478,1973,7,7,0,0,0,0,0,0,0,0
7478,1974,10,10,3,0,0,0,0,0,0,0
7478,1976,7,7,1,0,0,0,0,0,0,0
7478,1977,11,11,1,0,0,0,0,0,1,0
7486,1965,4,4,0,0,0,0,0,0,2,0
7487,1966,1,1,0,0,0,0,0,0,1,0
7504,1980,2,2,1,0,0,0,0,0,0,0
7504,1981,4,4,1,0,0,0,0,0,1,0
7504,1982,3,2,0,0,0,0,0,0,0,1
7504,1983,3,3,3,1,0,0,0,0,0,0
7520,1972,2,2,0,0,0,0,0,0,1,0
7520,1973,3,3,1,0,0,1,0,0,0,0
7520,1974,5,4,2,0,0,0,0,0,0,1
7520,1976,7,5,2,0,0,0,2,0,1,0
7520,1977,11,10,1,1,0,0,1,0,2,0
7525,1966,7,7,1,0,0,0,0,0,2,0
7525,1967,8,6,3,0,0,1,2,0,0,0
7525,1968,3,2,0,0,0,0,1,0,0,0
7525,1969,4,4,1,0,0,0,0,0,0,0
7525,1970,7,5,0,0,0,0,1,0,1,1
7525,1971,7,7,2,0,0,0,0,0,0,0
7533,1964,1,1,0,0,0,0,0,0,0,0
7552,1982,4,3,0,0,0,0,0,0,1,0
7566,1969,17,15,9,1,0,1,2,0,2,0
7566,1970,10,7,2,0,0,0,3,0,0,0
7566,1971,8,8,3,0,0,1,0,0,1,0
7566,1974,3,2,1,1,0,0,1,0,0,0
7566,1976,3,3,1,0,0,0,0,0,0,0
7566,1977,10,8,3,2,0,0,2,0,0,0
7841,1980,7,6,0,0,0,0,0,0,0,0
7846,1979,6,5,1,0,0,0,1,0,0,0
7846,1980,9,8,2,0,0,0,1,0,0,0
7846,1981,9,9,2,0,0,0,0,0,0,0
7846,1982,6,6,1,0,0,0,0,0,0,0
7846,1983,16,15,5,1,0,0,0,0,0,1
7846,1984,5,5,3,0,0,0,0,0,0,0
7846,1985,6,5,2,1,0,0,0,1,0,0
7846,1987,8,6,1,0,0,0,1,1,0,0
7846,1988,11,10,2,0,0,0,0,0,0,0
7854,1965,2,2,0,0,0,0,0,0,1,0
7854,1967,2,1,0,0,0,0,0,0,0,0
7858,1967,2,1,0,0,0,0,1,0,1,0
7858,1968,12,11,2,0,0,0,1,0,4,0
7858,1969,13,12,2,1,0,0,1,0,3,0
7858,1970,9,8,4,3,0,0,0,0,1,0
7858,1971,7,5,1,0,0,1,1,0,3,1
7858,1973,8,8,3,1,0,0,0,0,0,0
7858,1974,4,4,1,0,0,0,0,0,0,0
7858,1976,3,3,0,0,0,0,0,0,0,0
7861,1972,8,8,2,1,0,0,0,0,3,0
7861,1979,3,3,0,0,0,0,0,0,0,0
7861,1980,4,4,2,0,0,0,0,0,0,0
7861,1981,8,8,1,0,0,0,0,0,0,0
7861,1982,5,5,0,0,0,0,0,0,0,0
7861,1983,7,7,1,0,0,0,0,0,0,0
7878,1976,2,2,0,0,0,0,0,0,1,0
7878,1977,2,2,0,0,0,0,0,0,2,0
7882,1974,2,2,0,0,0,0,0,0,1,0
7897,1972,5,4,1,0,0,0,0,0,0,0
7897,1973,12,11,2,0,1,0,0,1,3,0
7897,1974,3,3,1,0,0,0,0,0,0,0
7897,1976,14,14,4,1,0,0,0,0,0,0
7897,1977,12,12,4,0,0,1,0,0,1,0
7897,1978,12,11,2,0,0,0,1,0,2,0
7906,1964,1,1,0,0,0,0,0,0,0,0
7911,1973,3,3,0,0,0,0,0,0,3,0
7913,1967,1,1,0,0,0,0,0,0,1,0
7914,1979,3,2,0,0,0,0,1,0,0,0
7914,1980,4,3,0,0,0,0,0,0,0,0
7914,1981,4,4,3,0,0,1,0,0,0,0
7914,1982,5,4,1,1,0,0,1,0,1,0
7914,1983,15,14,5,0,0,0,0,0,0,0
7914,1984,7,6,1,0,0,0,1,0,1,0
7914,1987,9,8,0,0,0,0,1,0,0,0
7920,1976,1,1,1,1,0,0,0,0,0,0
7920,1977,3,3,0,0,0,0,0,0,0,0
7923,1982,2,2,0,0,0,0,0,0,2,0
7937,1963,7,4,1,0,0,0,2,0,0,0
7937,1965,1,1,1,0,0,0,0,0,0,0
7943,1974,1,1,0,0,0,0,0,0,1,0
7943,1976,8,7,1,0,0,0,0,0,1,1
7943,1980,4,4,1,0,0,0,0,0,0,0
7946,1972,6,5,2,1,0,0,1,0,0,0
7946,1973,11,11,2,1,0,0,0,0,1,0
7946,1974,3,3,1,0,0,0,0,0,0,0
7946,1977,9,8,2,0,0,0,1,0,3,0
7946,1978,6,5,2,0,0,0,1,0,0,0
7946,1979,12,12,1,0,0,0,0,0,0,0
7952,1973,8,7,1,0,0,0,1,0,0,0
7962,1964,3,3,0,0,0,0,0,0,0,0
7962,1968,3,3,0,0,0,0,0,0,1,0
7969,1977,11,10,3,0,1,0,1,0,3,0
7969,1978,11,8,0,0,0,0,3,0,5,0
7969,1983,3,3,1,1,0,0,0,0,1,0
7969,1984,2,2,0,0,0,0,0,0,1,0
7972,1976,2,2,1,0,0,0,0,0,0,0
7977,1972,7,6,1,0,0,0,1,0,1,0
7977,1973,9,9,4,0,0,1,0,0,1,0
7977,1974,8,7,2,0,0,1,1,0,1,0
7977,1976,9,8,1,0,0,0,1,0,0,0
7977,1977,17,14,4,0,0,1,3,0,1,0
7977,1978,9,8,1,0,0,0,1,0,1,0
7977,1984,7,7,0,0,0,0,0,0,0,0
7994,1984,1,1,0,0,0,0,0,0,0,0
8005,1978,1,1,1,0,0,0,0,0,0,0
8005,1979,2,2,0,0,0,0,0,0,0,0
8005,1980,10,9,2,0,0,0,1,0,2,0
8005,1981,2,2,0,0,0,0,0,0,0,0
8005,1982,4,3,0,0,0,0,1,0,1,0
8005,1987,3,3,1,0,0,0,0,0,1,0
8013,1967,6,6,2,0,0,0,0,0,1,0
8013,1968,5,5,1,0,0,1,0,0,1,0
8013,1969,10,9,3,0,0,2,1,0,1,0
8017,1972,2,2,1,0,1,0,0,0,0,0
8017,1973,2,2,0,0,0,0,0,0,1,0
8024,1986,4,4,1,0,0,0,0,0,1,0
8024,1987,5,4,1,0,0,0,1,0,0,0
8025,1969,1,1,0,0,0,0,0,0,0,0
8025,1970,9,6,1,0,0,0,3,0,1,0
8025,1971,7,7,4,0,0,0,0,0,0,0
8026,1980,10,9,2,1,0,1,0,0,2,0
8026,1981,7,6,1,0,0,0,1,0,2,0
8026,1982,11,9,1,1,0,0,1,1,1,0
8026,1984,10,10,1,1,0,0,0,0,1,0
8026,1985,1,1,0,0,0,0,0,0,1,0
8026,1987,12,9,4,1,0,0,3,0,1,0
8029,1977,2,2,0,0,0,0,0,0,1,0
8029,1978,5,5,2,1,0,0,0,0,0,0
8039,1981,3,3,1,0,0,0,0,0,0,0
8039,1983,9,9,1,0,0,0,0,0,2,0
8039,1984,3,3,2,0,0,0,0,0,0,0
8039,1985,3,3,1,0,0,0,0,0,0,0
8041,1968,4,3,1,0,0,1,1,0,1,0
8041,1970,3,2,1,0,0,0,0,1,0,0
8041,1971,3,2,0,0,0,0,0,0,1,0
8067,1982,4,4,0,0,0,0,0,0,2,0
8071,1976,3,3,0,0,0,0,0,0,0,0
8071,1977,3,3,1,0,0,0,0,0,1,0
8071,1978,7,7,0,0,0,0,0,0,0,0
8091,1970,11,9,3,1,0,0,2,0,1,0
8091,1971,13,11,2,0,0,0,2,0,0,0
8096,1965,4,4,3,0,0,0,0,0,0,0
8096,1966,1,1,0,0,0,0,0,0,0,0
8096,1969,4,4,2,0,0,0,0,0,0,0
8096,1970,11,11,3,0,0,0,0,0,3,0
8096,1971,8,6,4,0,0,1,1,0,0,0
8096,1976,7,6,3,1,0,0,0,0,1,1
8096,1977,12,11,3,0,0,0,1,0,1,0
8096,1978,10,8,3,0,1,0,2,0,1,0
8102,1976,4,4,1,0,0,0,0,0,1,0
8102,1978,10,10,2,1,0,0,0,0,0,0
8103,1979,7,6,1,0,0,0,0,0,1,0
8103,1980,11,8,1,0,0,0,1,0,1,0
8103,1981,7,5,0,0,0,0,2,0,0,0
8103,1982,6,5,2,0,1,0,1,0,0,0
8103,1983,5,5,1,0,0,0,0,0,0,0
8103,1984,9,8,2,0,0,0,1,0,1,0
8103,1985,3,2,0,0,0,0,1,0,0,0
8103,1986,3,2,0,0,0,0,1,0,1,0
8103,1987,3,2,0,0,0,0,0,0,0,0
8103,1988,3,3,0,0,0,0,0,0,0,0
8115,1969,6,5,0,0,0,0,1,0,2,0
8115,1970,3,3,0,0,0,0,0,0,2,0
8115,1971,2,2,0,0,0,0,0,0,1,0
8121,1979,13,13,2,0,0,1,0,0,1,0
8121,1980,12,12,5,2,0,0,0,0,0,0
8121,1981,6,4,2,0,0,1,2,0,0,0
8121,1983,10,8,4,0,0,1,2,0,1,0
8121,1985,2,1,0,0,0,0,1,0,0,0
8121,1986,4,4,0,0,0,0,0,0,0,0
8121,1987,10,9,4,1,0,0,1,0,0,0
8121,1988,13,9,3,1,0,0,4,0,1,0
8124,1973,7,7,0,0,0,0,0,0,3,0
8124,1974,3,3,1,0,0,0,0,0,1,0
8126,1979,6,5,2,0,0,0,0,0,0,0
8162,1979,2,2,0,0,0,0,0,0,0,0
8162,1982,2,2,0,0,0,0,0,0,0,0
8179,1969,3,3,1,0,0,0,0,0,1,0
8180,1968,3,3,0,0,0,0,0,0,2,0
8180,1969,1,1,0,0,0,0,0,0,0,0
8218,1968,4,4,2,0,0,0,0,0,1,0
8218,1969,4,4,1,0,0,0,0,0,0,0
8218,1971,8,8,0,0,0,0,0,0,2,0
8224,1983,3,3,0,0,0,0,0,0,1,0
8240,1970,11,11,4,1,0,0,0,0,1,0
8240,1971,4,3,3,1,0,0,1,0,0,0
8240,1983,4,4,0,0,0,0,0,0,0,0
8257,1987,5,5,2,0,0,0,0,0,1,0
8257,1988,2,2,0,0,0,0,0,0,0,0
8259,1964,3,1,0,0,0,0,2,0,1,0
8259,1965,3,3,0,0,0,0,0,0,2,0
8260,1979,8,8,1,0,0,0,0,0,0,0
8260,1980,5,5,2,0,0,0,0,0,0,0
8260,1981,5,5,1,0,0,0,0,0,0,0
8260,1983,2,2,0,0,0,0,0,0,0,0
8270,1987,6,6,3,1,0,0,0,0,0,0
8270,1988,2,1,0,0,0,0,1,0,0,0
8273,1964,4,4,3,0,1,0,0,0,0,0
8275,1982,6,6,4,1,0,0,0,0,0,0
8275,1983,9,9,3,2,0,0,0,0,1,0
8275,1985,3,3,3,0,0,0,0,0,0,0
8275,1986,3,3,0,0,0,0,0,0,1,0
8285,1977,3,3,1,0,0,0,0,0,2,0
8287,1973,2,1,0,0,0,0,0,0,0,0
8287,1976,2,2,0,0,0,0,0,0,0,0
8296,1987,3,3,2,1,0,0,0,0,0,0
8319,1964,1,1,1,0,0,1,0,0,0,0
8329,1987,3,3,0,0,0,0,0,0,0,0
8329,1988,3,2,0,0,0,0,1,0,0,0
8332,1976,4,4,1,0,0,0,0,0,1,0
8333,1978,1,1,1,0,0,0,0,0,0,0
8347,1979,3,2,0,0,0,0,1,0,0,0
8347,1980,11,11,2,0,0,0,0,0,1,0
8347,1981,5,5,2,0,0,0,0,0,1,0
8347,1982,12,12,2,0,0,0,0,0,0,0
8351,1972,2,2,1,0,0,0,0,0,0,0
8351,1973,1,1,0,0,0,0,0,0,0,0
8351,1976,1,1,0,0,0,0,0,0,0,0
8351,1977,4,2,0,0,0,0,1,0,2,0
8357,1979,2,2,0,0,0,0,0,0,0,0
8362,1965,3,3,2,2,0,0,0,0,0,0
8362,1967,5,5,0,0,0,0,0,0,0,0
8362,1968,11,10,1,0,0,0,0,0,5,0
8362,1969,5,5,3,0,0,1,0,0,1,0
8364,1969,4,4,2,0,0,0,0,0,0,0
8367,1979,4,3,0,0,0,0,1,0,0,0
8367,1980,6,5,1,0,0,0,1,0,0,0
8369,1965,1,1,1,0,0,0,0,0,0,0
8369,1966,5,5,3,1,0,0,0,0,0,0
8369,1967,4,4,1,0,0,0,0,0,0,0
8398,1983,4,3,3,0,0,0,1,0,0,0
8402,1973,11,11,3,1,0,0,0,0,0,0
8412,1988,3,3,0,0,0,0,0,0,0,0
8414,1983,10,10,3,1,0,0,0,0,1,0
8414,1984,5,4,1,1,0,0,1,0,0,0
8414,1987,3,3,1,0,0,0,0,0,0,0
8414,1988,6,6,1,0,1,0,0,0,1,0
8414,1989,7,6,4,0,0,1,1,0,0,0
8417,1969,4,4,2,1,1,0,0,0,0,0
8417,1971,7,6,0,0,0,0,1,0,0,0
8427,1966,3,3,0,0,0,0,0,0,1,0
8427,1968,4,4,0,0,0,0,0,0,1,0
8427,1969,2,2,1,0,0,0,0,0,0,0
8427,1970,3,3,1,0,0,0,0,0,2,0
8427,1971,5,5,0,0,0,0,0,0,3,0
8429,1964,3,3,0,0,0,0,0,0,2,0
8436,1976,10,10,2,1,0,0,0,0,2,0
8436,1977,13,12,2,0,0,0,1,0,2,0
8436,1978,2,2,0,0,0,0,0,0,2,0
8443,1980,10,9,1,0,0,0,0,1,0,0
8443,1981,7,7,1,0,0,1,0,0,1,0
8443,1982,3,3,0,0,0,0,0,0,1,0
8443,1983,8,8,3,0,0,0,0,0,0,0
8443,1984,6,6,1,0,0,0,0,0,0,0
8443,1985,4,4,1,0,0,0,0,0,0,0
8470,1973,6,6,0,0,0,0,0,0,0,0
8470,1974,7,7,1,0,0,0,0,0,1,0
8470,1976,6,6,2,1,0,0,0,0,0,0
8470,1977,11,10,1,0,0,0,0,1,3,0
8470,1979,8,8,5,1,0,0,0,0,0,0
8470,1980,11,10,5,1,0,0,1,0,0,0
8470,1981,10,10,3,0,0,0,0,0,0,0
8472,1969,10,9,2,0,0,0,0,0,0,0
8472,1970,11,10,1,0,0,1,1,0,2,0
8472,1971,14,14,4,1,0,0,0,0,3,0
8489,1965,6,5,2,0,0,0,1,0,0,0
8489,1966,11,11,3,0,0,0,0,0,2,0
8489,1967,10,10,3,0,0,0,0,0,0,0
8489,1968,3,3,2,0,0,0,0,0,1,0
8489,1969,21,21,9,1,0,0,0,0,3,0
8489,1970,13,13,3,1,0,0,0,0,0,0
8489,1971,11,11,5,1,0,1,0,0,1,0
8509,1986,2,2,0,0,0,0,0,0,0,0
8517,1973,2,2,1,0,0,0,0,0,0,0
8517,1974,10,9,2,0,0,0,1,0,0,0
8517,1977,9,9,5,1,0,0,0,0,0,0
8517,1978,9,9,2,0,0,0,0,0,2,0
8533,1965,6,6,2,1,0,1,0,0,2,0
8533,1966,3,3,1,0,0,0,0,0,0,0
8534,1988,6,6,3,0,0,0,0,0,0,0
8536,1979,3,3,2,0,0,0,0,0,0,0
8536,1980,3,2,0,0,0,0,1,0,0,0
8536,1984,1,1,0,0,0,0,0,0,0,0
8542,1966,2,2,0,0,0,0,0,0,1,0
8542,1967,2,1,0,0,0,0,1,0,1,0
8568,1966,2,2,0,0,0,0,0,0,0,0
8570,1964,2,2,0,0,0,0,0,0,2,0
8586,1970,11,7,1,0,0,0,4,0,2,0
8586,1971,15,15,4,0,0,0,0,0,0,0
8586,1979,13,12,4,0,0,0,1,0,1,0
8586,1980,2,1,1,1,0,0,1,0,0,0
8586,1981,6,6,2,1,0,0,0,0,0,0
8586,1982,10,10,3,0,0,1,0,0,1,0
8605,1977,2,1,0,0,0,0,0,0,1,0
8605,1978,5,5,0,0,0,0,0,0,1,0
8614,1987,2,2,0,0,0,0,0,0,0,0
8616,1984,7,7,2,0,0,0,0,0,0,0
8616,1985,2,2,0,0,0,0,0,0,0,0
8616,1987,3,3,1,1,0,0,0,0,0,0
8616,1988,1,1,0,0,0,0,0,0,0,0
8622,1965,3,3,1,0,0,0,0,0,1,0
8622,1966,5,5,2,0,0,0,0,0,1,0
8622,1967,6,6,2,1,0,0,0,0,0,0
8622,1968,11,9,2,0,0,0,0,1,1,1
8622,1969,6,5,1,0,0,0,1,0,0,0
8629,1987,2,2,0,0,0,0,0,0,0,0
8632,1976,12,10,6,0,0,0,2,0,1,0
8632,1977,1,1,0,0,0,0,0,0,0,0
8632,1979,9,9,4,1,1,0,0,0,1,0
8632,1980,13,13,5,1,0,1,0,0,4,0
8632,1982,7,4,1,0,0,0,2,1,1,0
8632,1983,13,13,6,1,0,1,0,0,1,0
8632,1984,7,7,2,0,0,0,0,0,0,0
8632,1986,1,1,0,0,0,0,0,0,0,0
8646,1982,1,1,0,0,0,0,0,0,1,0
8647,1979,16,15,0,0,0,0,0,0,3,0
8647,1980,3,3,1,0,0,1,0,0,0,0
8650,1968,4,4,1,0,0,1,0,0,0,0
8650,1969,4,4,1,0,0,0,0,0,0,0
8670,1966,2,2,0,0,0,0,0,0,1,0
8670,1969,1,1,1,0,0,0,0,0,0,0
8670,1971,2,1,0,0,0,0,0,0,1,0
8685,1978,2,2,1,0,0,0,0,0,0,0
8685,1981,3,3,0,0,0,0,0,0,0,0
8687,1964,1,1,1,0,0,0,0,0,0,0
8687,1965,2,2,0,0,0,0,0,0,2,0
8702,1971,3,3,0,0,0,0,0,0,2,0
8706,1976,3,3,0,0,0,0,0,0,0,0
8706,1977,11,10,3,1,0,0,0,1,3,0
8706,1978,12,11,2,0,0,0,1,0,6,0
8706,1988,2,2,1,0,0,1,0,0,0,0
8706,1989,2,2,1,0,0,1,0,0,0,0
8727,1979,11,9,3,0,0,0,2,0,2,0
8727,1980,7,7,5,1,2,0,0,0,0,0
8727,1981,4,4,1,1,0,0,0,0,0,0
8727,1984,8,7,1,0,0,0,1,0,2,0
8727,1985,6,6,4,0,0,1,0,0,1,0
8727,1989,5,4,0,0,0,0,1,0,0,0
8728,1976,8,8,2,1,0,0,0,0,1,0
8728,1977,6,6,0,0,0,0,0,0,0,0
8728,1978,6,5,3,0,0,0,1,0,0,0
8728,1982,4,3,2,1,0,0,1,0,0,0
8728,1983,10,9,4,1,0,0,1,0,0,0
8728,1984,7,7,3,1,0,0,0,0,1,0
8728,1986,2,2,0,0,0,0,0,0,1,0
8728,1987,2,2,1,0,0,0,0,0,0,0
8728,1988,6,6,1,1,0,0,0,0,3,0
8739,1968,3,3,2,0,0,0,0,0,0,0
8743,1988,3,3,0,0,0,0,0,0,0,0
8749,1971,18,18,3,1,1,1,0,0,1,0
8749,1979,5,4,0,0,0,0,1,0,1,0
8749,1980,3,3,1,1,0,0,0,0,0,0
8768,1971,3,3,0,0,0,0,0,0,1,0
8781,1968,1,1,0,0,0,0,0,0,0,0
8786,1970,4,3,1,0,0,0,1,0,0,0
8801,1963,8,7,4,0,0,0,1,0,0,0
8801,1965,1,0,0,0,0,0,1,0,0,0
8808,1988,2,2,1,0,0,0,0,0,1,0
8849,1970,11,11,2,0,0,0,0,0,2,0
8849,1971,7,6,2,0,0,0,0,0,2,0
8867,1964,5,5,1,0,0,0,0,0,2,0
8867,1965,14,12,2,0,0,0,2,0,3,0
8867,1966,11,11,2,0,0,0,0,0,0,0
8867,1967,13,13,3,0,0,0,0,0,0,0
8867,1968,4,3,0,0,0,0,1,0,0,0
8867,1972,5,5,1,0,0,1,0,0,0,0
8882,1982,6,5,2,0,0,0,1,0,0,0
8882,1984,8,7,3,0,0,0,1,0,0,0
8916,1972,9,8,2,0,0,0,1,0,1,0
8916,1973,13,13,2,0,0,0,0,0,0,0
8916,1976,7,6,1,0,0,0,0,0,1,0
8926,1972,6,6,3,0,0,0,0,0,2,0
8926,1973,7,6,1,1,0,0,1,0,0,0
8926,1974,6,6,3,0,0,1,0,0,1,0
8926,1976,11,9,1,1,0,0,2,0,2,0
8926,1977,6,4,3,0,0,0,2,0,1,0
8926,1978,3,3,2,2,0,0,0,0,0,0
8926,1980,11,11,3,1,0,0,0,0,0,0
8926,1981,4,4,2,0,0,2,0,0,0,0
8926,1982,6,5,3,1,0,1,1,0,0,0
8944,1963,7,7,3,0,0,1,0,0,0,0
8944,1964,6,6,3,1,0,0,0,0,1,0
8947,1978,2,2,0,0,0,0,0,0,2,0
8950,1966,2,2,0,0,0,0,0,0,1,0
8950,1969,2,2,0,0,0,0,0,0,0,0
8950,1970,2,2,0,0,0,0,0,0,0,0
8950,1971,3,3,1,0,0,0,0,0,1,0
8964,1967,10,9,1,0,0,0,1,0,1,0
8964,1968,6,4,3,1,0,0,1,1,0,0
8964,1969,8,4,0,0,0,0,4,0,1,0
8969,1969,3,3,0,0,0,0,0,0,2,0
8969,1970,4,3,1,0,0,0,0,0,1,1
8970,1970,4,4,0,0,0,0,0,0,2,0
8975,1979,3,2,0,0,0,0,0,0,0,0
8975,1980,4,3,1,0,0,0,0,1,1,0
8975,1981,4,3,0,0,0,0,0,1,0,0
8975,1983,3,3,0,0,0,0,0,0,1,0
8987,1982,3,3,0,0,0,0,0,0,0,0
8987,1988,2,2,1,0,0,0,0,0,0,0
8989,1965,4,3,1,0,0,0,1,0,1,0
8989,1966,10,10,2,0,0,0,0,0,0,0
8989,1967,4,4,0,0,0,0,0,0,1,0
8989,1968,4,4,2,0,0,0,0,0,0,0
8989,1969,7,6,1,0,0,0,1,0,1,0
8989,1970,12,11,4,0,0,1,0,0,0,1
8989,1971,4,3,1,0,0,0,0,0,0,1
8994,1985,2,2,1,0,0,0,0,0,0,0
8994,1986,3,3,1,0,0,0,0,0,0,0
8994,1987,5,5,2,0,0,0,0,0,0,0
8994,1988,3,3,0,0,0,0,0,0,3,0
9007,1986,2,2,0,0,0,0,0,0,0,0
9007,1988,2,2,0,0,0,0,0,0,1,0
9014,1964,2,2,1,0,0,1,0,0,0,0
9017,1963,1,1,1,0,0,0,0,0,0,0
9025,1974,7,7,2,0,0,0,0,0,0,0
9027,1982,2,2,2,0,0,0,0,0,0,0
9027,1983,5,4,1,1,0,0,0,0,0,0
9027,1984,8,8,1,0,0,0,0,0,1,0
9027,1986,4,4,1,0,0,0,0,0,2,0
9027,1987,3,2,0,0,0,0,1,0,0,0
9027,1988,3,3,1,0,0,0,0,0,0,0
9027,1989,3,2,0,0,0,0,0,1,0,0
9033,1968,3,3,0,0,0,0,0,0,0,0
9033,1970,5,5,0,0,0,0,0,0,2,0
9037,1979,8,8,5,0,0,0,0,0,0,0
9037,1981,3,3,1,0,0,0,0,0,0,0
9053,1964,4,4,1,1,0,0,0,0,0,0
9053,1965,7,7,1,0,0,0,0,0,0,0
9053,1966,9,7,1,0,0,0,0,0,4,1
9072,1969,12,11,4,0,0,0,1,0,1,0
9072,1970,7,5,4,0,0,0,2,0,0,0
9072,1971,14,14,3,1,0,0,0,0,0,0
9072,1983,4,4,0,0,0,0,0,0,1,0
9072,1984,4,4,2,0,0,1,0,0,0,0
9074,1970,12,12,4,1,0,1,0,0,1,0
9074,1971,1,1,1,0,0,0,0,0,0,0
9093,1972,3,3,1,0,0,0,0,0,1,0
9106,1972,2,2,2,1,0,1,0,0,0,0
9106,1974,3,3,1,1,0,0,0,0,0,0
9112,1976,4,4,0,0,0,0,0,0,0,0
9112,1978,4,3,1,0,0,0,0,1,0,0
9113,1967,3,3,0,0,0,0,0,0,1,0
9124,1988,1,1,1,0,0,0,0,0,0,0
9128,1988,4,4,0,0,0,0,0,0,0,0
9140,1972,3,3,0,0,0,0,0,0,0,0
9140,1973,2,2,0,0,0,0,0,0,0,0
9140,1974,1,1,0,0,0,0,0,0,1,0
9142,1979,4,4,2,0,0,0,0,0,0,0
9150,1979,10,7,3,0,0,1,1,2,0,0
9150,1980,2,2,2,0,0,0,0,0,0,0
9171,1964,5,4,0,0,0,0,1,0,2,0
9171,1965,11,10,4,1,0,1,1,0,4,0
9171,1966,6,5,1,0,0,1,1,0,1,0
9171,1967,3,3,1,0,0,0,0,0,0,0
9171,1968,6,3,0,0,0,0,3,0,1,0
9171,1969,6,6,4,0,0,3,0,0,0,0
9171,1970,7,3,0,0,0,0,4,0,1,0
9171,1971,5,5,2,0,0,0,0,0,0,0
9175,1980,4,4,0,0,0,0,0,0,0,0
9180,1971,3,2,0,0,0,0,1,0,0,0
9183,1964,3,3,1,0,0,0,0,0,0,0
9183,1965,1,1,0,0,0,0,0,0,0,0
9195,1984,3,3,1,1,0,0,0,0,0,0
9195,1985,4,4,0,0,0,0,0,0,0,0
9195,1986,7,7,3,0,0,0,0,0,1,0
9195,1987,4,4,0,0,0,0,0,0,0,0
9195,1988,2,2,1,0,0,0,0,0,1,0
9200,1967,2,2,1,0,0,0,0,0,0,0
9200,1968,6,5,0,0,0,0,1,0,0,0
9200,1970,1,1,0,0,0,0,0,0,0,0
9222,1979,3,3,0,0,0,0,0,0,0,0
9222,1980,1,1,0,0,0,0,0,0,0,0
9223,1979,2,2,0,0,0,0,0,0,1,0
9223,1980,7,6,0,0,0,0,0,0,1,0
9223,1981,3,3,1,0,0,0,0,0,0,0
9223,1982,6,5,1,0,0,0,0,0,0,0
9223,1983,3,3,1,0,0,0,0,0,0,0
9223,1984,3,3,1,1,0,0,0,0,1,0
9225,1984,4,4,1,0,0,0,0,0,0,0
9225,1985,4,4,2,0,0,0,0,0,0,0
9225,1986,3,3,0,0,0,0,0,0,0,0
9225,1987,11,11,1,0,0,0,0,0,0,0
9225,1988,8,8,2,0,0,0,0,0,0,0
9225,1989,8,7,2,0,0,0,1,0,0,0
9230,1977,4,4,0,0,0,0,0,0,1,0
9230,1978,5,5,2,0,0,0,0,0,0,0
9234,1977,3,3,0,0,0,0,0,0,1,0
9234,1978,2,2,0,0,0,0,0,0,2,0
9249,1979,3,3,1,0,0,0,0,0,1,0
9249,1980,2,2,1,1,0,0,0,0,0,0
9249,1981,6,6,3,0,0,0,0,0,1,0
9249,1983,7,7,0,0,0,0,0,0,0,0
9259,1971,1,1,0,0,0,0,0,0,0,0
9266,1969,15,14,1,0,0,0,1,0,0,0
9266,1970,1,1,0,0,0,0,0,0,1,0
9274,1986,6,4,1,0,0,0,1,0,0,1
9274,1988,2,2,1,0,0,0,0,0,1,0
9291,1972,10,10,2,0,0,0,0,0,0,0
9291,1973,8,8,3,0,0,0,0,0,1,0
9291,1974,7,6,2,1,0,0,1,0,0,0
9291,1978,3,3,0,0,0,0,0,0,1,0
9292,1972,3,3,0,0,0,0,0,0,0,0
9292,1973,12,9,4,0,0,0,1,0,1,1
9292,1974,6,5,2,0,0,0,1,0,1,0
9292,1976,8,8,1,0,0,0,0,0,2,0
9313,1964,1,1,0,0,0,0,0,0,1,0
9340,1979,1,1,0,0,0,0,0,0,0,0
9357,1983,3,3,1,0,0,0,0,0,0,0
9357,1985,3,3,0,0,0,0,0,0,0,0
9357,1987,3,3,0,0,0,0,0,0,0,0
9365,1966,1,1,1,0,0,0,0,0,0,0
9375,1979,4,4,2,0,0,0,0,0,0,0
9378,1971,7,6,1,0,0,0,1,0,2,0
9378,1977,7,7,2,0,0,0,0,0,3,0
9378,1978,9,9,4,0,0,0,0,0,0,0
9381,1983,8,6,0,0,0,0,2,0,0,0
9381,1984,7,7,3,1,0,0,0,0,0,0
9381,1985,9,7,1,0,0,0,2,0,1,0
9394,1976,1,1,0,0,0,0,0,0,1,0
9394,1977,2,2,0,0,0,0,0,0,1,0
9415,1987,2,2,2,0,0,0,0,0,0,0
9415,1988,11,10,4,3,1,0,1,0,0,0
9415,1989,6,4,2,0,0,0,1,0,0,1
9421,1985,1,1,1,0,0,0,0,0,0,0
9421,1986,2,2,1,0,0,0,0,0,0,0
9426,1983,1,1,0,0,0,0,0,0,0,0
9433,1972,2,2,0,0,0,0,0,0,1,0
9447,1987,6,6,2,0,0,0,0,0,1,0
9447,1988,10,10,2,1,0,0,0,0,0,0
9466,1973,2,2,0,0,0,0,0,0,1,0
9471,1969,3,3,0,0,0,0,0,0,2,0
9471,1970,2,2,0,0,0,0,0,0,0,0
9471,1971,8,8,0,0,0,0,0,0,2,0
9474,1964,2,2,0,0,0,0,0,0,1,0
9478,1966,9,7,1,0,0,1,2,0,1,0
9478,1967,11,11,2,0,0,1,0,0,2,0
9478,1968,8,6,0,0,0,0,1,1,2,0
9478,1969,10,8,2,0,0,0,1,0,1,0
9478,1970,8,7,2,0,0,0,1,0,2,0
9491,1973,6,5,1,1,0,0,0,0,0,1
9491,1974,3,3,2,1,0,0,0,0,0,0
9491,1976,6,5,2,1,0,0,1,0,0,0
9491,1977,3,3,2,1,0,0,0,0,0,0
9491,1978,6,5,2,1,0,0,1,0,0,0
9498,1979,3,3,1,0,0,0,0,0,1,0
9498,1981,5,5,1,0,0,0,0,0,0,0
9498,1982,8,8,3,0,0,0,0,0,1,0
9498,1983,11,9,2,0,0,0,0,0,0,1
9505,1969,6,6,1,0,0,0,0,0,1,0
9505,1970,10,10,3,0,0,0,0,0,4,0
9505,1971,2,2,0,0,0,0,0,0,1,0
9511,1968,7,6,0,0,0,0,1,0,1,0
9511,1969,1,1,0,0,0,0,0,0,0,0
9511,1971,2,2,0,0,0,0,0,0,2,0
9515,1969,3,2,1,0,0,0,1,0,0,0
9515,1970,3,2,0,0,0,0,1,0,0,0
9515,1971,9,8,0,0,0,0,1,0,1,0
9515,1974,6,6,1,0,0,0,0,0,1,0
9515,1976,6,5,1,0,0,0,1,0,1,0
9515,1979,2,2,1,0,0,0,0,0,0,0
9516,1963,1,1,0,0,0,0,0,0,0,0
9517,1973,2,2,2,0,0,0,0,0,0,0
9517,1974,2,1,0,0,0,0,1,0,1,0
9519,1973,2,2,0,0,0,0,0,0,0,0
9519,1978,4,4,0,0,0,0,0,0,0,0
9521,1979,12,12,5,2,0,0,0,0,1,0
9521,1980,7,6,0,0,0,0,1,0,3,0
9521,1982,1,1,0,0,0,0,0,0,0,0
9545,1978,10,8,4,0,0,0,2,0,1,0
9547,1985,4,3,0,0,0,0,0,0,1,0
9547,1986,5,3,0,0,0,0,0,0,0,0
9547,1987,3,3,2,1,0,0,0,0,1,0
9547,1988,2,2,1,0,0,0,0,0,0,0
9556,1963,2,2,0,0,0,0,0,0,1,0
9556,1965,3,3,1,0,1,0,0,0,0,0
9556,1969,6,6,1,0,0,0,0,0,1,0
9556,1970,6,6,0,0,0,0,0,0,0,0
9556,1971,7,6,0,0,0,0,1,0,0,0
9564,1968,1,1,0,0,0,0,0,0,1,0
9570,1979,11,11,1,0,1,0,0,0,0,0
9570,1980,4,4,1,0,0,0,0,0,1,0
9570,1981,4,3,1,0,0,0,1,0,0,0
9570,1982,3,3,0,0,0,0,0,0,0,0
9570,1983,6,5,2,0,0,1,1,0,0,0
9570,1984,7,7,3,0,0,1,0,0,0,0
9570,1987,4,4,3,0,0,0,0,0,0,0
9570,1988,2,1,1,0,0,0,1,0,0,0
9574,1964,3,3,0,0,0,0,0,0,1,0
9574,1965,15,15,4,1,0,0,0,0,4,0
9574,1966,14,14,3,1,0,0,0,0,2,0
9580,1977,1,1,0,0,0,0,0,0,1,0
9580,1978,12,12,0,0,0,0,0,0,7,0
9585,1976,3,3,0,0,0,0,0,0,1,0
9585,1978,2,2,0,0,0,0,0,0,2,0
9588,1976,3,3,0,0,0,0,0,0,1,0
9589,1982,4,4,3,0,0,0,0,0,0,0
9590,1966,4,4,1,0,0,0,0,0,0,0
9590,1967,5,5,0,0,0,0,0,0,4,0
9616,1985,2,2,1,0,0,0,0,0,1,0
9616,1987,2,1,0,0,0,0,0,0,1,0
9616,1988,3,3,1,0,0,0,0,0,0,0
9628,1969,1,1,0,0,0,0,0,0,0,0
9630,1988,10,10,2,0,0,0,0,0,1,0
9631,1982,3,3,2,0,0,0,0,0,0,0
9631,1983,11,11,3,0,0,0,0,0,2,0
9631,1985,2,2,1,0,0,0,0,0,0,0
9631,1986,4,4,1,0,0,0,0,0,0,0
9631,1987,10,7,3,0,0,0,2,0,0,1
9631,1988,13,13,3,0,0,0,0,0,0,0
9648,1976,13,13,3,0,0,0,0,0,2,0
9648,1982,4,4,1,0,0,0,0,0,2,0
9658,1970,3,3,0,0,0,0,0,0,2,0
9658,1971,2,2,1,0,0,0,0,0,0,0
9658,1979,4,4,1,0,0,0,0,0,0,0
9658,1980,12,12,4,1,0,1,0,0,0,0
9658,1981,10,9,1,0,0,0,1,0,2,0
9658,1982,1,1,1,0,0,0,0,0,0,0
9658,1983,7,6,3,1,0,0,1,0,0,0
9680,1983,4,4,0,0,0,0,0,0,0,0
9680,1984,3,3,1,0,0,0,0,0,0,0
9680,1985,6,6,1,0,0,0,0,0,0,0
9684,1972,3,3,0,0,0,0,0,0,1,0
9684,1973,6,5,1,1,0,0,1,0,1,0
9684,1974,7,5,1,1,0,0,2,0,2,0
9684,1976,2,2,0,0,0,0,0,0,1,0
9692,1973,7,6,0,0,0,0,0,0,1,0
9692,1974,1,1,0,0,0,0,0,0,1,0
9693,1972,6,6,2,0,0,0,0,0,1,0
9693,1973,13,11,6,0,0,1,2,0,1,0
9693,1974,2,0,0,0,0,0,2,0,0,0
9693,1977,3,3,0,0,0,0,0,0,0,0
9693,1978,1,1,0,0,0,0,0,0,1,0
9693,1980,6,6,0,0,0,0,0,0,1,0
9704,1976,9,8,3,0,0,0,1,0,1,0
9704,1977,3,3,0,0,0,0,0,0,0,0
9704,1979,9,7,1,0,0,0,1,1,1,0
9704,1980,12,12,3,1,0,0,0,0,2,0
9704,1981,3,3,0,0,0,0,0,0,2,0
9704,1982,3,2,0,0,0,0,1,0,0,0
9704,1983,4,4,4,0,0,0,0,0,0,0
9712,1964,3,3,1,0,0,0,0,0,0,0
9718,1967,15,11,1,0,0,0,4,0,0,0
9718,1968,6,6,0,0,0,0,0,0,1,0
9718,1972,3,3,1,0,0,0,0,0,0,0
9718,1973,11,11,3,0,0,1,0,0,0,0
9718,1974,7,7,0,0,0,0,0,0,2,0
9718,1976,3,3,2,0,0,0,0,0,0,0
9718,1977,11,10,1,0,0,0,1,0,1,0
9718,1978,8,6,3,0,0,0,2,0,0,0
9720,1964,8,7,2,0,0,1,1,0,0,0
9720,1965,13,12,3,0,0,1,1,0,2,0
9720,1966,17,16,5,1,0,0,1,0,1,0
9720,1967,9,9,2,0,0,0,0,0,1,0
9720,1968,7,5,1,0,0,0,2,0,0,0
9720,1969,4,4,1,1,0,0,0,0,0,0
9720,1970,6,6,2,0,0,1,0,0,0,0
9720,1971,9,9,5,1,0,0,0,0,0,0
9724,1973,5,5,0,0,0,0,0,0,2,0
9724,1974,3,3,0,0,0,0,0,0,0,0
9724,1976,1,1,1,0,0,0,0,0,0,0
9731,1964,1,1,1,0,0,0,0,0,0,0
9731,1968,1,1,0,0,0,0,0,0,0,0
9732,1966,17,15,3,0,0,2,2,0,4,0
9732,1967,6,5,0,0,0,0,1,0,1,0
9732,1968,3,3,1,0,0,0,0,0,0,0
9732,1969,6,5,2,0,0,0,1,0,0,0
9732,1970,4,3,1,0,0,1,1,0,1,0
9732,1971,6,4,0,0,0,0,2,0,3,0
9754,1976,1,1,0,0,0,0,0,0,0,0
9754,1977,7,6,2,0,0,0,1,0,0,0
9754,1978,8,8,0,0,0,0,0,0,0,0
9760,1963,6,5,0,0,0,0,0,0,1,0
9760,1964,3,3,0,0,0,0,0,0,0,0
9760,1965,12,10,1,0,0,0,1,0,0,0
9760,1966,14,14,3,0,0,0,0,0,0,0
9760,1967,8,7,3,0,0,0,0,0,1,0
9760,1968,5,5,2,0,0,0,0,0,0,0
9765,1967,3,3,0,0,0,0,0,0,0,0
9765,1968,2,2,1,1,0,0,0,0,0,0
9765,1969,13,12,0,0,0,0,1,0,4,0
9765,1970,10,10,3,0,1,0,0,0,2,0
9765,1971,2,2,0,0,0,0,0,0,1,0
9765,1979,8,8,2,0,0,0,0,0,1,0
9765,1982,8,8,3,2,0,0,0,0,0,0
9765,1983,3,3,1,0,0,0,0,0,1,0
9777,1969,1,1,0,0,0,0,0,0,1,0
9777,1970,7,7,1,0,0,1,0,0,1,0
9777,1971,7,7,0,0,0,0,0,0,3,0
9829,1976,7,6,1,0,0,0,1,0,0,0
9829,1979,10,9,5,0,0,0,1,0,1,0
9829,1980,11,10,3,1,0,0,1,0,1,0
9829,1981,5,4,0,0,0,0,0,0,3,0
9829,1982,3,3,1,0,0,0,0,0,0,0
9829,1983,10,10,3,0,0,0,0,0,0,0
9829,1985,2,2,2,0,0,0,0,0,0,0
9831,1983,3,3,1,0,0,0,0,0,0,0
9843,1974,1,1,0,0,0,0,0,0,0,0
9855,1970,7,7,0,0,0,0,0,0,0,0
9855,1971,8,6,2,0,0,0,0,2,0,0
9862,1969,2,2,0,0,0,0,0,0,1,0
9862,1971,1,1,0,0,0,0,0,0,1,0
9870,1965,6,6,2,0,0,0,0,0,2,0
9870,1966,10,10,3,0,0,0,0,0,2,0
9870,1967,6,6,0,0,0,0,0,0,0,0
9870,1968,2,2,0,0,0,0,0,0,1,0
9870,1969,5,4,2,1,0,0,1,0,1,0
9870,1970,2,2,1,0,0,0,0,0,0,0
9884,1982,1,1,1,0,0,0,0,0,0,0
9884,1983,4,4,1,0,0,0,0,0,0,0
9884,1984,12,10,2,0,0,0,1,1,0,0
9899,1988,1,1,1,0,0,0,0,0,0,0
9913,1965,2,2,0,0,0,0,0,0,0,0
9913,1966,4,4,0,0,0,0,0,0,1,0
9913,1967,4,3,2,1,0,0,1,0,0,0
9913,1969,3,2,0,0,0,0,1,0,0,0
9913,1970,7,7,1,0,0,0,0,0,2,0
9913,1971,6,6,0,0,0,0,0,0,1,0
9915,1968,1,1,0,0,0,0,0,0,0,0
9915,1971,2,1,0,0,0,0,1,0,0,0
9915,1977,2,2,0,0,0,0,0,0,1,0
9915,1978,4,4,1,0,0,0,0,0,2,0
9946,1974,3,2,0,0,0,0,0,0,1,0
9946,1977,1,1,1,0,0,0,0,0,0,0
9946,1979,1,1,1,0,0,0,0,0,0,0
9946,1980,5,5,1,0,0,0,0,0,0,0
9948,1968,2,2,0,0,0,0,0,0,0,0
9951,1972,7,6,0,0,0,0,1,0,1,0
9951,1973,9,8,2,2,0,0,1,0,0,0
9951,1974,8,8,2,0,0,0,0,0,0,0
9951,1976,8,7,2,0,0,0,1,0,0,0
9951,1977,19,19,5,0,0,0,0,0,3,0
9951,1978,20,17,4,1,0,0,2,0,2,0
9987,1976,15,13,3,0,1,0,2,0,1,0
9987,1977,6,6,1,0,0,1,0,0,1,0
9987,1978,12,11,5,0,0,0,1,0,0,0
9987,1987,3,3,1,0,0,1,0,0,0,0
9998,1968,10,10,0,0,0,0,0,0,2,0
9998,1969,3,3,0,0,0,0,0,0,1,0
9998,1970,17,17,6,1,0,0,0,0,4,0
9998,1971,17,17,8,2,0,0,0,0,0,0
9998,1979,5,5,3,1,0,0,0,0,0,0
9998,1980,3,3,1,0,0,0,0,0,0,0
9998,1982,3,3,1,0,0,0,0,0,0,0
10000,1972,3,3,0,0,0,0,0,0,0,0
10000,1974,2,2,1,0,0,0,0,0,0,0
10000,1976,3,3,0,0,0,0,0,0,0,0
10012,1970,6,6,2,1,1,0,0,0,0,0
10012,1971,1,1,0,0,0,0,0,0,1,0
10044,1974,4,4,0,0,0,0,0,0,1,0
10044,1976,4,4,0,0,0,0,0,0,1,0
10044,1978,3,3,1,0,0,0,0,0,1,0
10058,1965,1,1,0,0,0,0,0,0,0,0
10058,1966,3,3,2,0,0,0,0,0,0,0
10058,1967,1,1,0,0,0,0,0,0,0,0
10077,1973,1,1,0,0,0,0,0,0,0,0
10077,1976,3,3,0,0,0,0,0,0,0,0
10098,1980,4,4,2,0,1,0,0,0,0,0
10098,1981,5,5,0,0,0,0,0,0,0,0
10098,1982,3,2,0,0,0,0,0,0,0,1
10098,1986,3,2,0,0,0,0,1,0,0,0
10099,1986,3,3,0,0,0,0,0,0,1,0
10099,1987,5,5,0,0,0,0,0,0,1,0
10106,1985,3,1,0,0,0,0,1,0,1,1
10106,1988,7,7,3,1,0,0,0,0,0,0
10114,1965,4,3,1,0,0,1,1,0,0,0
10114,1966,11,11,1,0,0,0,0,0,2,0
10114,1967,5,5,2,0,0,0,0,0,2,0
10114,1968,4,2,0,0,0,0,1,0,0,0
10114,1971,1,1,0,0,0,0,0,0,0,0
10123,1979,8,6,2,1,0,0,1,0,0,0
10123,1980,9,9,2,1,0,0,0,0,0,0
10123,1981,8,6,2,0,0,0,0,1,0,1
10123,1983,10,10,4,3,0,0,0,0,1,0
10123,1984,6,4,1,0,0,0,1,0,0,0
10123,1985,6,5,0,0,0,0,1,0,0,0
10133,1985,5,5,1,1,0,0,0,0,1,0
10191,1965,1,1,0,0,0,0,0,0,0,0
10193,1972,4,4,1,0,0,0,0,0,0,0
10193,1973,6,6,0,0,0,0,0,0,1,0
10193,1974,7,7,2,0,0,0,0,0,0,0
10193,1976,3,3,1,0,1,0,0,0,0,0
10193,1978,1,1,0,0,0,0,0,0,0,0
10202,1973,1,1,0,0,0,0,0,0,0,0
10226,1972,8,7,1,0,0,0,1,0,4,0
10226,1973,8,7,5,0,0,1,1,0,0,0
10241,1964,3,3,1,1,0,0,0,0,0,0
10241,1966,1,1,0,0,0,0,0,0,1,0
10241,1968,2,2,0,0,0,0,0,0,1,0
10241,1970,2,2,1,0,0,0,0,0,0,0
10255,1970,5,5,0,0,0,0,0,0,0,0
10255,1971,7,7,1,0,0,0,0,0,0,0
10256,1966,3,2,0,0,0,0,1,0,0,0
10256,1967,1,1,0,0,0,0,0,0,1,0
10284,1965,10,10,0,0,0,0,0,0,3,0
10284,1966,10,9,1,0,1,0,1,0,3,0
10284,1967,10,10,1,0,0,0,0,0,1,0
10284,1968,7,7,0,0,0,0,0,0,0,0
10284,1969,5,5,0,0,0,0,0,0,1,0
10284,1970,11,10,4,0,0,0,1,0,1,0
10284,1971,15,13,6,3,0,1,2,0,3,0
10290,1969,7,6,3,0,0,0,1,0,0,0
10290,1971,3,3,0,0,0,0,0,0,1,0
10290,1973,1,1,0,0,0,0,0,0,0,0
10295,1964,9,8,0,0,0,0,1,0,1,0
10307,1965,3,3,0,0,0,0,0,0,2,0
10316,1973,11,11,4,0,0,1,0,0,0,0
10316,1974,8,6,2,0,0,0,1,0,0,1
10316,1976,9,7,1,0,0,0,2,0,1,0
10316,1977,6,6,1,1,0,0,0,0,1,0
10316,1978,4,3,2,0,0,0,0,0,0,1
10322,1972,4,4,1,0,0,0,0,0,0,0
10324,1985,2,2,0,0,0,0,0,0,0,0
10324,1986,2,2,1,0,0,0,0,0,0,0
10324,1987,8,7,3,0,0,0,0,0,0,0
10324,1988,9,9,2,1,0,0,0,0,0,0
10324,1989,6,5,2,1,0,0,0,0,1,0
10325,1966,1,0,0,0,0,0,1,0,0,0
10325,1969,5,5,2,0,0,0,0,0,2,0
10325,1970,1,1,0,0,0,0,0,0,0,0
10334,1984,3,2,0,0,0,0,1,0,0,0
10334,1985,7,7,2,1,0,0,0,0,1,0
10334,1987,6,6,3,0,0,0,0,0,0,0
10334,1988,3,3,0,0,0,0,0,0,2,0
10334,1989,4,4,2,0,0,2,0,0,0,0
10358,1988,6,6,2,0,0,0,0,0,2,0
10375,1985,3,3,1,0,0,0,0,0,0,0
10380,1966,9,9,2,0,0,0,0,0,3,0
10380,1967,4,4,1,0,0,0,0,0,2,0
10380,1968,8,7,0,0,0,0,1,0,3,0
10380,1969,3,1,1,0,0,1,2,0,0,0
10380,1970,12,9,2,0,0,0,2,1,2,0
10380,1971,4,4,1,0,0,1,0,0,3,0
10380,1979,3,3,0,0,0,0,0,0,0,0
10386,1978,1,1,0,0,0,0,0,0,0,0
10414,1973,4,3,1,0,0,0,0,0,0,0
10414,1976,5,4,2,0,0,0,0,0,1,0
10414,1977,2,1,0,0,0,0,0,0,1,0
10414,1978,1,1,0,0,0,0,0,0,0,0
10437,1987,6,5,3,1,0,0,1,0,0,0
10437,1988,6,6,1,0,0,0,0,0,2,0
10437,1989,8,7,3,2,0,0,1,0,0,0
10476,1970,8,7,1,0,0,0,0,0,3,0
10480,1982,2,2,1,0,0,0,0,0,0,0
10519,1985,2,1,0,0,0,0,1,0,0,0
10519,1986,2,2,1,0,0,1,0,0,0,0
10519,1987,7,7,2,0,0,1,0,0,1,0
10519,1988,5,3,0,0,0,0,2,0,0,0
10526,1983,9,9,6,1,0,1,0,0,0,0
10526,1985,1,1,1,0,1,0,0,0,0,0
10526,1986,4,4,2,0,0,1,0,0,0,0
10528,1964,1,1,0,0,0,0,0,0,1,0
10528,1965,2,2,0,0,0,0,0,0,1,0
10534,1985,1,1,0,0,0,0,0,0,0,0
10541,1984,1,1,1,0,0,0,0,0,0,0
10564,1964,1,1,0,0,0,0,0,0,0,0
10568,1966,2,2,1,0,0,0,0,0,1,0
10584,1963,2,2,1,0,0,0,0,0,0,0
10584,1964,8,7,1,0,0,0,0,0,1,0
10584,1965,3,3,1,0,0,0,0,0,0,0
10584,1966,1,1,0,0,0,0,0,0,0,0
10586,1968,3,3,1,0,0,0,0,0,1,0
10586,1969,1,0,0,0,0,0,1,0,0,0
10586,1970,2,2,0,0,0,0,0,0,0,0
10586,1971,2,1,1,0,0,0,0,0,0,0
10591,1987,3,2,0,0,0,0,1,0,0,0
10591,1988,3,3,1,0,0,1,0,0,0,0
10592,1965,1,1,0,0,0,0,0,0,0,0
10606,1985,2,2,1,0,0,0,0,0,0,0
10608,1972,6,6,2,1,0,0,0,0,0,0
10608,1973,5,4,0,0,0,0,0,0,0,1
10608,1974,3,3,0,0,0,0,0,0,0,0
10608,1976,6,5,5,2,0,0,1,0,0,0
10608,1977,3,2,0,0,0,0,1,0,0,0
10608,1978,7,6,1,0,0,1,1,0,1,0
10608,1981,4,4,0,0,0,0,0,0,1,0
10608,1982,5,5,2,1,0,0,0,0,0,0
10608,1983,15,15,5,1,0,1,0,0,2,0
10608,1984,11,10,2,0,0,1,1,0,0,0
10608,1985,6,5,1,0,0,0,1,0,0,0
10621,1967,3,3,0,0,0,0,0,0,1,0
10621,1968,3,3,1,1,0,0,0,0,0,0
10621,1969,1,1,1,0,0,0,0,0,0,0
10631,1972,2,2,1,0,0,0,0,0,1,0
10631,1973,7,5,2,0,0,0,2,0,1,0
10631,1974,4,3,0,0,0,0,1,0,1,0
10631,1979,15,12,2,0,0,1,3,0,3,0
10631,1980,12,9,3,0,0,0,3,0,0,0
10631,1981,6,6,1,0,0,0,0,0,0,0
10631,1982,3,3,1,0,0,0,0,0,0,0
10631,1983,10,10,2,0,0,0,0,0,3,0
10648,1972,4,4,2,0,0,0,0,0,0,0
10648,1974,4,4,2,1,0,0,0,0,0,0
10648,1977,5,5,1,0,0,0,0,0,0,0
10648,1978,4,4,1,1,0,0,0,0,0,0
10648,1979,4,4,2,0,0,1,0,0,0,0
10649,1979,3,3,1,0,0,0,0,0,0,0
10655,1984,3,3,0,0,0,0,0,0,0,0
10655,1989,3,3,0,0,0,0,0,0,0,0
10660,1964,3,2,0,0,0,0,1,0,2,0
10660,1967,4,4,0,0,0,0,0,0,0,0
10669,1971,4,4,0,0,0,0,0,0,3,0
10671,1983,7,7,4,2,0,0,0,0,0,0
10671,1984,4,4,2,0,0,0,0,0,0,0
10671,1986,1,1,1,0,0,1,0,0,0,0
10671,1987,2,2,2,1,0,1,0,0,0,0
10686,1979,4,4,1,0,0,0,0,0,1,0
10686,1980,8,6,1,0,0,0,1,0,0,1
10686,1983,4,4,1,0,0,0,0,0,0,0
10700,1965,2,2,1,0,0,0,0,0,0,0
10701,1970,4,3,1,0,0,0,1,0,0,0
10701,1971,4,4,0,0,0,0,0,0,1,0
10714,1967,12,11,5,1,0,1,0,0,1,1
10725,1969,3,3,1,0,0,0,0,0,0,0
10729,1966,6,5,1,0,0,0,0,1,1,0
10747,1985,4,4,2,0,0,0,0,0,0,0
10747,1986,4,4,0,0,0,0,0,0,1,0
10747,1987,3,2,1,0,0,0,1,0,0,0
10758,1978,15,15,2,0,0,0,0,0,3,0
10767,1966,4,4,0,0,0,0,0,0,1,0
10767,1967,5,5,1,0,0,0,0,0,2,0
10767,1968,8,8,1,0,0,0,0,0,0,0
10767,1969,7,6,2,0,0,0,1,0,0,0
10767,1970,10,8,2,0,0,0,2,0,3,0
10767,1971,6,5,3,0,0,0,1,0,1,0
10767,1974,3,3,2,2,0,0,0,0,0,0
10778,1965,7,7,0,0,0,0,0,0,2,0
10806,1986,3,3,1,0,0,0,0,0,1,0
10806,1987,7,6,1,0,0,0,1,0,3,0
10806,1988,6,6,3,1,0,0,0,0,2,0
10806,1989,7,7,2,0,0,0,0,0,0,0
10813,1964,2,1,0,0,0,0,0,0,1,0
10813,1967,6,6,1,0,0,0,0,0,0,0
10813,1970,3,3,1,0,0,0,0,0,0,0
10817,1971,2,2,0,0,0,0,0,0,1,0
10817,1979,7,7,1,0,0,0,0,0,0,0
10836,1977,1,1,0,0,0,0,0,0,1,0
10836,1978,2,2,0,0,0,0,0,0,0,0
10880,1966,3,3,1,0,0,0,0,0,1,0
10880,1967,1,0,0,0,0,0,1,0,0,0
10880,1968,1,1,0,0,0,0,0,0,0,0
10888,1972,13,9,2,0,0,1,2,0,1,2
10888,1973,10,9,5,1,0,0,1,0,2,0
10888,1974,14,13,4,2,1,0,1,0,2,0
10888,1976,7,7,4,1,0,0,0,0,0,0
10888,1977,7,7,3,1,0,0,0,0,0,0
10888,1978,7,5,2,0,0,0,2,0,1,0
10897,1969,6,6,1,0,0,0,0,0,2,0
10897,1970,13,12,2,1,0,0,1,0,0,0
10897,1971,8,8,2,0,0,0,0,0,1,0
10903,1976,2,2,0,0,0,0,0,0,0,0
10912,1972,2,2,0,0,0,0,0,0,1,0
10915,1971,3,3,0,0,0,0,0,0,0,0
10925,1965,1,1,0,0,0,0,0,0,1,0
10934,1979,3,3,2,0,0,0,0,0,0,0
10934,1981,7,6,2,0,0,0,0,0,0,0
10934,1982,5,4,2,0,0,0,1,0,0,0
10937,1965,2,1,0,0,0,0,0,0,0,0
10939,1973,1,1,0,0,0,0,0,0,0,0
10942,1976,7,5,1,1,0,0,2,0,0,0
10942,1977,3,3,0,0,0,0,0,0,0,0
10954,1976,6,5,0,0,0,0,0,0,3,0
10954,1977,5,5,1,0,0,0,0,0,0,0
10955,1981,2,1,1,0,0,0,1,0,0,0
10955,1982,2,2,0,0,0,0,0,0,0,0
10959,1967,1,1,0,0,0,0,0,0,0,0
10962,1988,3,3,2,0,0,0,0,0,0,0
10965,1966,5,4,1,0,0,0,1,0,2,0
10965,1967,7,5,1,0,0,0,2,0,1,0
10965,1968,14,14,1,0,0,0,0,0,1,0
10965,1969,5,5,1,0,0,0,0,0,1,0
10965,1970,7,5,0,0,0,0,2,0,1,0
10965,1971,6,6,2,1,0,0,0,0,0,0
10966,1987,7,7,2,0,0,0,0,0,0,0
10966,1988,8,8,0,0,0,0,0,0,3,0
10969,1987,1,1,0,0,0,0,0,0,0,0
10970,1980,13,11,2,1,0,0,1,0,0,0
10970,1981,4,4,2,1,0,0,0,0,1,0
10970,1982,6,6,2,2,0,0,0,0,0,0
10970,1983,10,9,0,0,0,0,1,0,0,0
10976,1972,4,3,0,0,0,0,1,0,1,0
10976,1973,4,4,3,1,0,1,0,0,0,0
10976,1974,4,4,0,0,0,0,0,0,0,0
10976,1976,3,3,1,0,0,0,0,0,0,0
10976,1978,11,11,1,0,0,0,0,0,5,0
10983,1972,12,12,4,0,0,0,0,0,0,0
10983,1973,6,6,3,0,0,0,0,0,1,0
10983,1974,9,8,3,1,0,0,0,1,0,0
10983,1979,4,4,0,0,0,0,0,0,1,0
10987,1977,10,8,0,0,0,0,2,0,1,0
10987,1978,10,10,7,0,0,2,0,0,2,0
10997,1979,7,7,0,0,0,0,0,0,1,0
10997,1980,2,2,0,0,0,0,0,0,1,0
10997,1983,4,3,1,0,0,0,1,0,0,0
10997,1984,5,5,2,0,0,0,0,0,1,0
10998,1973,5,5,0,0,0,0,0,0,1,0
10998,1979,4,4,1,0,0,0,0,0,0,0
10998,1980,3,2,0,0,0,0,0,0,0,0
10998,1981,2,2,0,0,0,0,0,0,0,0
10998,1982,4,4,2,1,0,0,0,0,0,0
10998,1983,4,4,0,0,0,0,0,0,1,0
11002,1987,7,6,2,0,0,0,0,1,1,0
11002,1988,6,6,2,1,0,0,0,0,1,0
11002,1989,2,2,1,0,0,0,0,0,0,0
11009,1972,4,4,1,0,0,1,0,0,0,0
11009,1973,6,6,1,0,0,1,0,0,0,0
11009,1974,7,7,1,1,0,0,0,0,1,0
11009,1976,7,6,3,1,1,0,1,0,0,0
11009,1977,4,4,1,0,0,0,0,0,0,0
11009,1978,9,9,2,0,0,0,0,0,0,0
11016,1971,1,1,1,0,0,0,0,0,0,0
11053,1965,1,1,0,0,0,0,0,0,1,0
11053,1966,1,1,0,0,0,0,0,0,0,0
11054,1988,3,3,0,0,0,0,0,0,0,0
11054,1989,6,6,1,0,0,0,0,0,1,0
11058,1973,3,3,0,0,0,0,0,0,1,0
11073,1972,2,1,0,0,0,0,0,0,0,0
11076,1972,4,4,0,0,0,0,0,0,3,0
11081,1976,2,2,2,0,0,0,0,0,0,0
11089,1970,3,3,1,0,0,0,0,0,0,0
11089,1971,4,4,0,0,0,0,0,0,1,0
11121,1976,1,1,0,0,0,0,0,0,1,0
11122,1970,6,5,1,0,0,0,1,0,1,0
11131,1964,8,8,5,1,0,0,0,0,2,0
11131,1969,3,3,1,0,0,1,0,0,0,0
11150,1969,7,6,2,0,0,0,1,0,0,0
11155,1972,4,3,0,0,0,0,0,0,2,0
11166,1987,2,2,0,0,0,0,0,0,0,0
11171,1979,7,6,3,0,0,0,1,0,0,0
11171,1980,7,6,1,0,0,0,1,0,1,0
11171,1981,8,6,1,0,0,0,2,0,0,0
11171,1983,3,3,0,0,0,0,0,0,1,0
11171,1984,7,6,3,1,0,0,1,0,2,0
11171,1985,3,3,0,0,0,0,0,0,0,0
11171,1986,3,3,0,0,0,0,0,0,0,0
11173,1987,2,2,0,0,0,0,0,0,0,0
11173,1988,4,4,0,0,0,0,0,0,0,0
11181,1973,3,3,0,0,0,0,0,0,1,0
11195,1987,7,7,3,0,1,0,0,0,0,0
11195,1988,7,7,2,0,0,0,0,0,2,0
11213,1978,4,3,0,0,0,0,0,0,0,0
11221,1976,2,2,0,0,0,0,0,0,0,0
11223,1971,7,6,1,0,0,0,1,0,0,0
11233,1983,3,2,2,0,0,0,1,0,0,0
11233,1984,3,3,1,0,0,0,0,0,0,0
11233,1986,3,3,1,0,0,0,0,0,0,0
11233,1987,7,7,2,0,0,0,0,0,2,0
11233,1988,3,3,2,1,0,0,0,0,0,0
11233,1989,7,7,5,0,0,0,0,0,0,0
11243,1965,1,1,0,0,0,0,0,0,0,0
11243,1966,1,1,1,0,0,0,0,0,0,0
11243,1967,2,2,1,0,0,0,0,0,0,0
11263,1986,6,6,2,0,0,0,0,0,1,0
11263,1987,6,6,0,0,0,0,0,0,1,0
11263,1988,6,6,2,0,0,0,0,0,1,0
11263,1989,8,7,2,1,0,0,1,0,1,0
11264,1965,4,4,0,0,0,0,0,0,1,0
11264,1967,1,1,0,0,0,0,0,0,0,0
11279,1970,11,10,1,0,0,0,1,0,2,0
11288,1974,3,3,1,0,0,0,0,0,0,0
11288,1976,4,4,1,0,0,0,0,0,0,0
11288,1977,13,13,5,1,0,0,0,0,0,0
11288,1978,12,12,4,0,0,0,0,0,1,0
11309,1967,2,2,2,0,0,0,0,0,0,0
11309,1969,4,2,0,0,0,0,2,0,0,0
11309,1970,5,3,0,0,0,0,2,0,0,0
11323,1971,2,2,2,0,0,0,0,0,0,0
11323,1974,2,2,0,0,0,0,0,0,0,0
11323,1976,1,1,0,0,0,0,0,0,0,0
11339,1977,1,1,1,0,0,0,0,0,0,0
11346,1978,7,7,3,0,0,0,0,0,0,0
11348,1970,4,4,1,1,0,0,0,0,1,0
11348,1971,11,10,3,0,0,0,1,0,0,0
11348,1978,16,13,5,1,0,1,2,1,1,0
11352,1974,1,1,0,0,0,0,0,0,0,0
11360,1979,3,3,0,0,0,0,0,0,0,0
11362,1965,1,1,0,0,0,0,0,0,0,0
11362,1966,1,1,1,0,0,0,0,0,0,0
11368,1984,3,3,0,0,0,0,0,0,0,0
11368,1987,5,5,2,0,0,0,0,0,1,0
11368,1988,11,11,4,0,0,1,0,0,0,0
11369,1984,7,7,1,0,0,0,0,0,0,0
11369,1985,4,3,2,0,0,0,0,0,0,1
11382,1973,7,6,2,0,0,0,1,0,0,0
11382,1974,4,4,0,0,0,0,0,0,0,0
11383,1971,7,7,3,0,0,0,0,0,0,0
11409,1972,12,11,3,0,1,0,0,0,0,0
11409,1973,6,6,1,0,0,0,0,0,0,0
11409,1974,3,3,2,0,0,0,0,0,0,0
11409,1976,4,3,1,0,0,0,1,0,0,0
11409,1977,5,5,2,0,0,0,0,0,2,0
11409,1978,11,11,2,0,0,0,0,0,1,0
11414,1970,7,5,3,0,0,0,2,0,1,0
11414,1971,1,1,0,0,0,0,0,0,1,0
11418,1979,6,5,1,1,0,0,1,0,0,0
11418,1980,11,11,4,1,0,0,0,0,1,0
11418,1981,8,6,1,0,0,0,2,0,1,0
11418,1982,6,6,2,1,0,0,0,0,2,0
11418,1983,10,10,2,1,0,0,0,0,2,0
11418,1984,4,3,0,0,0,0,1,0,0,0
11418,1985,4,2,0,0,0,0,2,0,0,0
11419,1973,1,1,0,0,0,0,0,0,0,0
11419,1974,1,1,0,0,0,0,0,0,0,0
11419,1976,3,3,1,0,0,1,0,0,0,0
11419,1977,4,4,1,0,0,0,0,0,1,0
11420,1964,8,8,2,2,0,0,0,0,1,0
11420,1965,3,3,1,1,0,0,0,0,0,0
11420,1966,10,10,5,0,0,0,0,0,0,0
11420,1967,1,1,0,0,0,0,0,0,0,0
11422,1979,4,4,1,0,0,0,0,0,0,0
11422,1980,6,4,1,0,0,0,2,0,1,0
11433,1963,3,3,1,0,0,0,0,0,1,0
11433,1964,4,3,0,0,0,0,1,0,0,0
11433,1965,1,1,0,0,0,0,0,0,1,0
11455,1980,3,3,1,0,0,0,0,0,0,0
11456,1976,1,1,1,1,0,0,0,0,0,0
11456,1979,11,10,3,2,0,0,1,0,1,0
11456,1981,3,1,0,0,0,0,1,0,0,0
11456,1982,7,7,4,0,0,1,0,0,1,0
11456,1983,11,10,3,1,0,0,1,0,0,0
11456,1984,3,1,0,0,0,0,1,0,1,1
11456,1985,1,1,1,0,0,0,0,0,0,0
11456,1987,5,4,0,0,0,0,1,0,0,0
11471,1989,3,3,1,0,0,0,0,0,0,0
11475,1967,2,1,0,0,0,0,0,0,0,0
11475,1969,3,2,0,0,0,0,0,1,1,0
11483,1964,7,6,2,0,0,0,1,0,0,0
11483,1965,3,2,0,0,0,0,1,0,1,0
11483,1966,6,5,2,0,0,0,1,0,0,0
11483,1967,2,2,0,0,0,0,0,0,2,0
11485,1986,3,3,0,0,0,0,0,0,1,0
11496,1969,5,4,0,0,0,0,1,0,2,0
11505,1972,7,7,2,0,0,0,0,0,0,0
11505,1973,3,3,0,0,0,0,0,0,1,0
11505,1974,4,4,0,0,0,0,0,0,2,0
11505,1976,3,3,0,0,0,0,0,0,1,0
11517,1982,3,3,0,0,0,0,0,0,0,0
11517,1983,10,9,3,2,0,0,1,0,0,0
11517,1984,1,0,0,0,0,0,1,0,0,0
11517,1986,3,3,1,0,0,0,0,0,0,0
11534,1971,4,4,0,0,0,0,0,0,0,0
11546,1963,8,7,0,0,0,0,0,0,1,0
11546,1964,3,3,1,0,0,0,0,0,0,0
11549,1973,4,4,0,0,0,0,0,0,1,0
11549,1976,2,2,0,0,0,0,0,0,0,0
11551,1972,6,6,1,1,0,0,0,0,0,0
11551,1973,5,5,3,1,0,0,0,0,1,0
11551,1974,3,3,0,0,0,0,0,0,0,0
11551,1976,7,7,2,0,0,0,0,0,2,0
11551,1977,4,4,0,0,0,0,0,0,0,0
11553,1973,1,1,0,0,0,0,0,0,0,0
11565,1966,11,10,3,0,0,0,0,1,2,0
11565,1967,11,11,2,0,0,0,0,0,0,0
11565,1968,3,2,1,0,0,0,1,0,0,0
11565,1969,22,21,8,1,1,0,1,0,1,0
11565,1970,13,12,4,0,1,0,1,0,2,0
11565,1971,12,11,4,0,0,0,0,0,1,0
11565,1973,11,11,4,1,0,0,0,0,3,0
11571,1988,4,4,1,0,0,0,0,0,0,0
11574,1968,5,5,1,0,0,0,0,0,0,0
11580,1979,11,11,4,0,0,0,0,0,1,0
11580,1980,7,7,1,0,0,0,0,0,0,0
11580,1981,4,4,1,0,0,0,0,0,0,0
11580,1982,5,5,1,0,0,0,0,0,0,0
11580,1984,12,12,2,0,0,0,0,0,0,0
11580,1985,7,7,2,1,0,0,0,0,1,0
11580,1987,5,4,2,0,0,0,1,0,0,0
11593,1964,4,4,2,0,0,1,0,0,2,0
11593,1965,16,15,3,1,0,1,1,0,2,0
11593,1966,11,10,4,0,0,1,1,0,2,0
11593,1967,13,12,0,0,0,0,1,0,2,0
11593,1968,7,7,1,0,0,1,0,0,0,0
11599,1976,3,3,1,0,1,0,0,0,0,0
11599,1977,11,9,2,0,0,0,1,0,0,0
11599,1978,7,7,2,1,0,0,0,0,1,0
11599,1983,7,7,3,0,0,0,0,0,0,0
11645,1978,4,4,2,0,0,0,0,0,0,0
11654,1973,4,4,1,0,0,0,0,0,2,0
11660,1973,3,3,2,0,0,0,0,0,0,0
11660,1974,3,3,1,0,0,0,0,0,0,0
11660,1976,2,1,0,0,0,0,1,0,0,0
11660,1977,3,3,3,2,0,0,0,0,0,0
11660,1978,6,6,2,0,0,0,0,0,0,0
11667,1966,3,3,0,0,0,0,0,0,1,0
11667,1967,6,6,1,0,0,0,0,0,0,0
11667,1968,2,2,0,0,0,0,0,0,0,0
11667,1969,2,1,0,0,0,0,1,0,1,0
11667,1970,7,5,1,0,0,0,2,0,1,0
11667,1971,1,1,1,0,0,0,0,0,0,0
11669,1983,2,2,0,0,0,0,0,0,0,0
11677,1968,9,9,2,0,0,0,0,0,1,0
11677,1969,3,3,2,0,0,0,0,0,0,0
11677,1970,4,4,0,0,0,0,0,0,0,0
11677,1971,9,9,3,0,1,0,0,0,1,0
11677,1973,1,1,0,0,0,0,0,0,0,0
11680,1982,14,14,4,1,0,0,0,0,1,0
11680,1984,7,7,2,1,0,0,0,0,1,0
11680,1985,1,1,0,0,0,0,0,0,0,0
11680,1987,7,5,1,0,0,0,2,0,1,0
11680,1988,4,4,1,0,0,0,0,0,1,0
11700,1976,4,4,0,0,0,0,0,0,0,0
11700,1977,7,7,4,0,0,0,0,0,0,0
11700,1978,3,3,2,0,0,0,0,0,0,0
11725,1966,1,1,0,0,0,0,0,0,1,0
11728,1978,4,4,0,0,0,0,0,0,0,0
11728,1979,5,4,1,0,0,0,1,0,0,0
11730,1976,4,4,2,0,0,0,0,0,1,0
11730,1977,5,5,2,0,0,0,0,0,0,0
11730,1978,7,6,2,0,0,0,1,0,0,0
11733,1964,1,1,0,0,0,0,0,0,0,0
11733,1966,9,9,2,1,0,0,0,0,1,0
11733,1967,8,8,4,0,0,1,0,0,1,0
11733,1968,1,1,0,0,0,0,0,0,0,0
11743,1987,3,3,2,0,0,0,0,0,0,0
11743,1988,2,2,1,1,0,0,0,0,0,0
11808,1980,7,7,2,0,0,0,0,0,0,0
11820,1979,16,13,3,1,0,0,2,0,3,0
11820,1980,3,2,2,1,0,0,1,0,0,0
11820,1981,6,4,1,1,0,0,2,0,1,0
11820,1982,3,2,0,0,0,0,1,0,0,0
11845,1965,7,7,0,0,0,0,0,0,0,0
11845,1966,1,1,0,0,0,0,0,0,1,0
11845,1967,9,8,1,0,0,0,1,0,1,0
11845,1969,4,4,1,1,0,0,0,0,1,0
11846,1979,6,6,3,0,0,0,0,0,1,0
11846,1980,8,7,2,1,0,0,0,0,0,1
11846,1981,2,1,0,0,0,0,1,0,0,0
11853,1967,2,2,0,0,0,0,0,0,0,0
11853,1968,3,3,0,0,0,0,0,0,1,0
11853,1969,4,4,0,0,0,0,0,0,1,0
11932,1965,6,4,0,0,0,0,2,0,1,0
11932,1966,12,12,2,0,0,0,0,0,3,0
11932,1967,3,3,0,0,0,0,0,0,0,0
11933,1984,1,1,1,1,0,0,0,0,0,0
11959,1988,2,1,0,0,0,0,1,0,0,0
11961,1988,1,1,0,0,0,0,0,0,0,0
11964,1983,6,5,0,0,0,0,1,0,0,0
11964,1985,2,2,2,1,0,0,0,0,0,0
11964,1987,6,6,0,0,0,0,0,0,4,0
11964,1988,9,8,2,1,0,0,1,0,0,0
11986,1977,3,3,1,0,0,0,0,0,1,0
11994,1978,3,3,0,0,0,0,0,0,0,0
12014,1970,7,5,3,0,0,1,2,0,1,0
12014,1971,1,0,0,0,0,0,1,0,0,0
12014,1977,1,1,0,0,0,0,0,0,1,0
12014,1980,1,1,0,0,0,0,0,0,0,0
12021,1980,7,7,0,0,0,0,0,0,0,0
12035,1981,4,4,0,0,0,0,0,0,0,0
12035,1982,7,5,1,0,0,1,2,0,0,0
12035,1983,13,13,4,1,0,1,0,0,1,0
12035,1984,7,7,3,0,0,0,0,0,0,0
12035,1986,2,1,0,0,0,0,1,0,0,0
12039,1964,5,3,1,0,0,0,2,0,1,0
12044,1966,6,5,1,0,0,0,1,0,2,0
12059,1982,3,3,2,0,0,0,0,0,0,0
12059,1983,3,3,1,0,0,0,0,0,0,0
12059,1986,3,3,3,0,0,1,0,0,0,0
12059,1987,4,4,1,0,0,0,0,0,1,0
12059,1988,3,3,1,1,0,0,0,0,0,0
12062,1979,12,11,3,0,0,0,1,0,1,0
12062,1980,3,2,1,0,0,0,0,0,0,0
12062,1981,7,7,0,0,0,0,0,0,0,0
12062,1982,11,10,6,1,0,3,1,0,0,0
12062,1983,15,14,2,0,0,0,1,0,0,0
12062,1984,2,2,1,1,0,0,0,0,0,0
12064,1968,1,1,0,0,0,0,0,0,1,0
12071,1979,12,12,2,0,0,0,0,0,2,0
12071,1980,2,1,0,0,0,0,1,0,0,0
12071,1981,6,5,0,0,0,0,1,0,0,0
12071,1982,12,10,2,0,0,0,1,0,0,0
12071,1983,9,8,2,0,0,0,1,0,0,0
12081,1972,3,3,1,0,0,0,0,0,0,0
12081,1973,12,9,3,1,0,0,3,0,2,0
12081,1974,6,5,2,0,0,0,1,0,0,0
12081,1976,13,11,2,1,0,1,2,0,1,0
12081,1977,7,6,2,0,0,1,1,0,1,0
12081,1978,4,3,1,0,1,0,1,0,0,0
12081,1979,8,8,2,0,0,0,0,0,0,0
12092,1965,1,1,0,0,0,0,0,0,1,0
12115,1967,4,4,0,0,0,0,0,0,2,0
12128,1964,4,3,1,0,0,1,1,0,0,0
12131,1988,4,3,0,0,0,0,1,0,0,0
12160,1967,2,2,0,0,0,0,0,0,0,0
12162,1976,2,2,0,0,0,0,0,0,1,0
12162,1982,3,3,0,0,0,0,0,0,0,0
12165,1964,6,6,3,0,0,0,0,0,0,0
12165,1965,11,11,2,1,0,1,0,0,1,0
12165,1966,8,7,2,0,0,0,0,1,1,0
12165,1967,8,7,4,1,0,2,1,0,0,0
12165,1968,9,8,2,1,0,0,0,1,2,0
12165,1969,5,5,0,0,0,0,0,0,0,0
12165,1970,7,7,1,0,0,0,0,0,0,0
12165,1971,3,3,1,1,0,0,0,0,0,0
12202,1987,6,6,1,0,0,0,0,0,3,0
12202,1988,7,7,1,0,0,0,0,0,1,0
12202,1989,6,5,1,0,0,0,0,0,0,1
12207,1980,6,6,0,0,0,0,0,0,0,0
12207,1981,6,5,1,0,0,0,1,0,0,0
12207,1982,1,1,0,0,0,0,0,0,0,0
12207,1985,1,1,0,0,0,0,0,0,0,0
12207,1988,1,1,0,0,0,0,0,0,0,0
12213,1979,6,5,2,1,0,0,0,0,0,1
12213,1981,7,6,2,1,0,0,1,0,1,0
12213,1982,11,10,2,1,0,0,1,0,0,0
12213,1983,13,13,3,0,0,0,0,0,0,0
12213,1984,1,1,0,0,0,0,0,0,0,0
12213,1985,3,3,0,0,0,0,0,0,0,0
12213,1986,3,3,2,0,0,0,0,0,0,0
12213,1987,6,4,2,1,0,0,2,0,0,0
12213,1988,6,5,1,0,0,0,1,0,2,0
12213,1989,6,6,1,0,0,0,0,0,0,0
12215,1965,2,2,0,0,0,0,0,0,1,0
12215,1966,9,9,1,0,0,0,0,0,5,0
12218,1976,2,2,1,0,0,0,0,0,0,0
12218,1978,4,4,1,0,0,0,0,0,0,0
12221,1979,4,4,1,0,0,0,0,0,1,0
12221,1980,4,3,0,0,0,0,1,0,1,0
12221,1981,3,3,1,0,0,0,0,0,0,0
12221,1982,5,5,1,0,0,0,0,0,0,0
12221,1984,9,8,3,0,0,0,1,0,3,0
12221,1985,7,6,1,0,0,0,1,0,1,0
12221,1987,7,5,1,0,0,0,0,1,0,0
12221,1988,4,4,0,0,0,0,0,0,1,0
12233,1965,6,6,1,0,0,0,0,0,0,0
12233,1966,8,7,0,0,0,0,1,0,2,0
12233,1967,2,2,1,0,0,0,0,0,0,0
12233,1968,7,6,0,0,0,0,0,0,0,0
12233,1969,4,2,0,0,0,0,2,0,0,0
12233,1970,11,9,3,1,0,0,2,0,0,0
12233,1971,11,9,3,0,1,0,1,0,0,1
12237,1966,1,1,1,0,0,0,0,0,0,0
12237,1967,4,3,0,0,0,0,0,1,0,0
12243,1965,4,4,1,0,0,0,0,0,1,0
12257,1985,2,2,2,1,0,0,0,0,0,0
12257,1986,4,4,3,0,0,0,0,0,0,0
12257,1987,3,3,0,0,0,0,0,0,0,0
12268,1980,4,4,1,0,0,0,0,0,1,0
12268,1982,1,1,0,0,0,0,0,0,0,0
12277,1984,4,4,1,0,0,0,0,0,1,0
12292,1979,8,7,0,0,0,0,0,0,2,0
12292,1980,11,10,7,2,1,0,0,1,0,0
12292,1981,10,10,2,0,0,1,0,0,2,0
12294,1972,7,4,1,0,0,0,3,0,1,0
12294,1973,9,8,0,0,0,0,1,0,2,0
12294,1974,4,3,2,0,0,1,1,0,1,0
12295,1972,3,2,1,0,0,1,1,0,0,0
12295,1974,1,1,0,0,0,0,0,0,0,0
12306,1964,2,2,0,0,0,0,0,0,1,0
12310,1989,4,3,0,0,0,0,1,0,0,0
12311,1972,9,9,3,0,0,1,0,0,2,0
12311,1976,10,8,2,0,0,0,2,0,1,0
12319,1984,3,3,1,0,0,0,0,0,1,0
12319,1986,2,2,1,0,0,0,0,0,0,0
12325,1974,2,2,0,0,0,0,0,0,2,0
12328,1987,6,5,3,0,1,0,0,0,0,0
12328,1988,9,9,3,1,0,0,0,0,1,0
12344,1988,2,2,0,0,0,0,0,0,1,0
12352,1968,2,2,0,0,0,0,0,0,1,0
12375,1968,2,2,0,0,0,0,0,0,1,0
12375,1969,5,3,1,0,0,0,2,0,0,0
12376,1982,6,5,2,0,0,0,1,0,1,0
12376,1988,3,2,1,0,0,0,1,0,0,0
12396,1987,2,1,0,0,0,0,0,0,0,0
12402,1979,14,14,4,0,0,0,0,0,3,0
12402,1980,3,3,0,0,0,0,0,0,0,0
12402,1981,8,8,4,1,1,0,0,0,0,0
12402,1982,15,15,2,0,0,0,0,0,2,0
12402,1983,16,15,3,0,0,0,1,0,2,0
12402,1984,4,4,1,0,0,0,0,0,0,0
12402,1986,4,4,1,0,0,0,0,0,1,0
12402,1987,6,6,2,0,0,0,0,0,1,0
12402,1988,6,6,1,0,0,0,0,0,2,0
12402,1989,8,6,1,0,0,0,1,0,2,0
12414,1973,9,8,0,0,0,0,1,0,2,0
12414,1974,3,3,0,0,0,0,0,0,0,0
12414,1976,9,7,2,0,0,1,2,0,0,0
12414,1977,4,4,1,1,0,0,0,0,0,0
12414,1978,13,12,3,1,0,0,1,0,2,0
12414,1983,8,8,4,0,0,0,0,0,0,0
12414,1984,7,5,1,0,1,0,2,0,0,0
12414,1985,6,6,3,2,0,0,0,0,0,0
12448,1979,8,6,2,1,0,0,0,1,0,1
12448,1980,7,4,1,0,0,1,3,0,1,0
12448,1981,4,4,1,0,0,1,0,0,0,0
12448,1982,6,6,1,0,0,0,0,0,0,0
12449,1979,3,3,1,0,0,0,0,0,0,0
12459,1979,5,5,0,0,0,0,0,0,0,0
12471,1979,7,7,1,0,0,0,0,0,2,0
12471,1980,2,2,0,0,0,0,0,0,1,0
12471,1981,6,6,4,0,0,0,0,0,1,0
12479,1969,3,2,0,0,0,0,1,0,2,0
12490,1965,7,6,3,0,0,0,1,0,2,0
12490,1966,1,1,0,0,0,0,0,0,1,0
12496,1969,5,4,1,0,0,0,1,0,1,0
12496,1970,10,8,2,0,0,0,2,0,0,0
12496,1971,1,1,1,0,0,0,0,0,0,0
12496,1972,4,4,3,0,0,1,0,0,0,0
12496,1973,8,8,2,0,1,0,0,0,1,0
12496,1974,1,0,0,0,0,0,1,0,0,0
12515,1988,4,3,2,0,0,0,1,0,0,0
12521,1970,6,6,3,1,0,0,0,0,0,0
12521,1971,2,2,0,0,0,0,0,0,0,0
12525,1982,5,5,0,0,0,0,0,0,0,0
12525,1983,10,9,3,1,0,0,1,0,3,0
12525,1984,5,4,3,1,0,0,1,0,0,0
12525,1986,1,1,0,0,0,0,0,0,0,0
12543,1979,3,3,1,1,0,0,0,0,0,0
12543,1980,9,8,2,0,0,0,1,0,0,0
12543,1983,4,4,2,1,0,0,0,0,0,0
12543,1984,5,5,2,1,0,0,0,0,0,0
12543,1985,9,6,1,1,0,0,2,0,0,0
12547,1972,4,3,1,1,0,0,1,0,0,0
12547,1973,10,10,3,2,0,0,0,0,2,0
12547,1976,17,12,1,0,0,0,3,0,1,2
12564,1964,9,9,1,1,0,0,0,0,1,0
12564,1965,5,5,3,0,0,0,0,0,1,0
12564,1966,7,7,3,0,0,0,0,0,1,0
12564,1967,5,5,1,0,0,0,0,0,0,0
12564,1968,8,8,2,1,0,0,0,0,2,0
12564,1969,7,6,1,0,0,0,1,0,2,0
12564,1970,8,8,3,0,0,0,0,0,1,0
12564,1971,3,2,1,1,0,0,1,0,0,0
12564,1979,3,3,0,0,0,0,0,0,3,0
12564,1981,4,4,0,0,0,0,0,0,0,0
12569,1986,1,1,1,0,0,0,0,0,0,0
12581,1971,1,1,0,0,0,0,0,0,1,0
12586,1982,1,1,1,1,0,0,0,0,0,0
12586,1983,7,6,5,0,0,1,1,0,0,0
12586,1984,6,5,4,0,0,1,0,0,1,1
12610,1976,1,1,0,0,0,0,0,0,0,0
12610,1977,7,6,2,0,0,0,1,0,4,0
12610,1978,3,2,0,0,0,0,0,1,1,0
12618,1983,3,3,1,0,1,0,0,0,0,0
12618,1985,2,2,1,1,0,0,0,0,0,0
12618,1986,4,3,1,0,0,0,1,0,0,0
12618,1987,9,8,1,0,0,0,1,0,2,0
12623,1979,7,7,2,0,0,0,0,0,0,0
12623,1980,12,12,3,2,0,0,0,0,0,0
12623,1981,8,8,3,0,0,0,0,0,0,0
12623,1982,6,6,2,0,1,0,0,0,0,0
12623,1983,16,13,2,1,0,0,2,1,0,0
12623,1984,11,9,3,0,0,0,2,0,0,0
12623,1985,4,4,0,0,0,0,0,0,0,0
12623,1987,8,8,4,2,0,0,0,0,0,0
12623,1988,10,8,4,0,0,1,2,0,0,0
12629,1976,3,3,1,0,0,0,0,0,1,0
12629,1977,1,1,0,0,0,0,0,0,1,0
12660,1963,1,1,1,0,0,0,0,0,0,0
12660,1965,4,4,1,0,0,0,0,0,2,0
12664,1966,3,3,0,0,0,0,0,0,0,0
12664,1967,4,3,0,0,0,0,0,0,0,0
12670,1973,6,6,3,1,0,0,0,0,1,0
12670,1974,7,6,2,1,0,0,1,0,1,0
12670,1976,5,5,1,0,0,0,0,0,1,0
12670,1979,8,8,1,0,0,0,0,0,2,0
12670,1980,10,10,3,1,0,1,0,0,1,0
12670,1982,6,5,2,0,0,0,1,0,0,0
12670,1983,8,7,1,0,0,1,1,0,0,0
12684,1988,2,2,1,0,0,0,0,0,0,0
