10,1998,3,3,2,0,0,0,0,0,0,0
10,2001,3,3,1,0,0,0,0,0,1,0
12,1993,4,4,1,0,0,0,0,0,2,0
12,1998,4,4,0,0,0,0,0,0,4,0
12,1999,4,4,2,1,0,0,0,0,1,0
12,2000,3,3,0,0,0,0,0,0,2,0
19,1991,7,7,2,1,0,0,0,0,2,0
19,1992,5,3,0,0,0,0,1,1,2,0
22,1999,4,2,1,0,0,0,2,0,1,0
22,2001,1,1,0,0,0,0,0,0,1,0
22,2002,3,3,2,0,0,0,0,0,0,0
22,2004,6,6,0,0,0,0,0,0,3,0
27,2007,2,2,0,0,0,0,0,0,0,0
65,2005,4,3,1,0,0,0,1,0,1,0
87,1999,3,3,1,0,0,0,0,0,2,0
87,2000,5,3,1,1,0,0,2,0,1,0
87,2001,3,1,1,0,1,0,2,0,0,0
87,2002,6,6,0,0,0,0,0,0,5,0
92,1989,3,3,0,0,0,0,0,0,1,0
93,2004,1,1,0,0,0,0,0,0,1,0
142,1995,6,4,1,0,0,0,2,0,1,0
142,1998,3,2,0,0,0,0,1,0,1,0
142,1999,12,12,3,0,0,0,0,0,7,0
150,1999,3,3,0,0,0,0,0,0,2,0
150,2000,9,8,5,1,0,1,1,0,1,0
150,2001,3,3,1,0,0,0,0,0,0,0
150,2003,3,3,0,0,0,0,0,0,0,0
150,2004,15,15,5,0,0,1,0,0,0,0
151,2007,2,2,1,0,0,0,0,0,1,0
152,1997,11,10,3,0,0,0,0,1,1,0
152,1998,2,2,1,1,0,0,0,0,0,0
152,1999,7,6,0,0,0,0,1,0,1,0
152,2000,4,4,1,0,0,0,0,0,0,0
153,1989,9,9,3,0,1,0,0,0,3,0
153,1991,5,5,2,0,0,0,0,0,0,0
153,1995,5,4,0,0,0,0,1,0,3,0
158,2009,1,1,0,0,0,0,0,0,1,0
161,2005,3,3,0,0,0,0,0,0,2,0
196,1991,10,9,2,0,0,0,0,0,4,0
196,1992,11,9,1,0,0,0,1,1,2,0
196,1993,12,10,4,0,0,0,2,0,2,0
196,1994,7,5,1,0,0,0,2,0,2,0
196,1995,4,3,0,0,0,0,1,0,2,0
196,1996,1,1,0,0,0,0,0,0,0,0
196,2003,3,3,0,0,0,0,0,0,1,0
197,1990,4,2,0,0,0,0,2,0,1,0
197,1991,6,4,0,0,0,0,2,0,0,0
197,1992,4,3,0,0,0,0,0,1,0,0
197,1994,3,2,1,0,0,0,1,0,0,0
197,1995,4,4,2,0,0,0,0,0,0,0
197,1997,5,5,1,1,0,0,0,0,1,0
197,1998,8,8,3,1,0,1,0,0,2,0
197,2002,4,4,1,0,0,0,0,0,0,0
203,2000,6,5,3,0,0,1,1,0,1,0
203,2001,3,2,2,0,0,0,0,1,0,0
203,2002,4,4,2,0,0,0,0,0,2,0
203,2004,3,3,1,0,0,0,0,0,2,0
248,1995,3,3,0,0,0,0,0,0,1,0
248,1998,2,2,1,0,0,0,0,0,0,0
252,2005,3,3,0,0,0,0,0,0,1,0
257,2008,4,4,2,0,0,0,0,0,1,0
260,1990,3,3,1,0,0,0,0,0,1,0
260,1991,3,1,0,0,0,0,1,0,1,0
260,1992,5,4,1,0,0,0,1,0,1,0
260,1993,9,8,2,0,0,0,1,0,2,0
260,1994,4,3,1,1,0,0,0,1,1,0
260,1995,7,7,3,1,0,0,0,0,3,0
260,1996,1,1,0,0,0,0,0,0,1,0
260,1997,10,8,1,0,0,0,2,0,3,0
262,2005,3,3,0,0,0,0,0,0,2,0
262,2006,4,4,1,0,0,0,0,0,0,0
275,1995,6,6,0,0,0,0,0,0,3,0
275,1997,3,3,0,0,0,0,0,0,3,0
275,2001,3,3,1,1,0,0,0,0,0,0
275,2005,6,6,2,0,0,0,0,0,1,0
275,2006,3,3,0,0,0,0,0,0,2,0
280,1999,2,2,0,0,0,0,0,0,1,0
280,2001,2,2,0,0,0,0,0,0,1,0
285,1989,3,3,1,0,0,0,0,0,0,0
291,2002,4,4,0,0,0,0,0,0,2,0
291,2005,3,3,1,1,0,0,0,0,0,0
304,2009,3,2,1,0,0,0,0,0,0,0
312,1999,7,7,1,0,0,0,0,0,4,0
312,2000,2,2,0,0,0,0,0,0,2,0
319,2001,3,1,0,0,0,0,1,0,1,0
319,2009,2,2,0,0,0,0,0,0,0,0
353,1998,2,1,0,0,0,0,1,0,0,0
353,1999,6,6,1,0,0,0,0,0,0,0
353,2000,4,3,1,0,0,0,1,0,1,0
353,2001,10,9,2,0,0,0,1,0,5,0
355,1996,3,3,0,0,0,0,0,0,0,0
355,1999,3,3,0,0,0,0,0,0,3,0
363,1989,7,7,3,1,1,0,0,0,2,0
367,1989,2,1,0,0,0,0,1,0,1,0
397,1998,2,2,1,0,0,0,0,0,1,0
397,2000,2,1,0,0,0,0,0,0,1,0
397,2002,1,0,0,0,0,0,0,0,0,0
412,2001,2,2,0,0,0,0,0,0,1,0
421,2003,5,4,0,0,0,0,1,0,0,0
421,2004,3,3,2,0,0,0,0,0,1,0
421,2007,2,2,0,0,0,0,0,0,1,0
421,2008,6,5,2,0,0,1,1,0,1,0
421,2009,6,6,0,0,0,0,0,0,2,0
433,1998,3,3,1,0,0,1,0,0,1,0
433,1999,4,4,3,0,0,0,0,0,0,0
433,2000,6,4,0,0,0,0,2,0,1,0
433,2001,15,14,5,1,0,1,1,0,5,0
433,2002,10,10,3,0,0,0,0,0,4,0
433,2003,3,2,1,0,0,1,1,0,0,0
433,2004,4,4,1,0,0,0,0,0,2,0
433,2007,6,6,2,0,0,0,0,0,2,0
433,2008,8,7,2,0,0,0,1,0,1,0
435,2002,5,4,0,0,0,0,1,0,0,0
435,2008,5,4,3,2,0,0,0,1,1,0
444,1999,10,9,1,1,0,0,1,0,2,0
444,2000,3,3,0,0,0,0,0,0,1,0
446,1999,1,1,0,0,0,0,0,0,0,0
451,2008,3,3,3,2,0,0,0,0,0,0
474,1989,3,2,0,0,0,0,1,0,0,0
482,2008,2,1,0,0,0,0,0,0,0,0
483,1990,3,3,1,0,0,0,0,0,0,0
483,1991,6,6,2,1,0,0,0,0,2,0
483,1992,11,9,3,0,0,0,1,0,2,1
483,1993,13,12,5,1,1,0,0,1,1,0
483,1994,3,3,0,0,0,0,0,0,1,0
483,1995,4,4,1,0,0,0,0,0,1,0
492,2000,7,6,3,0,0,1,1,0,2,0
492,2001,3,3,0,0,0,0,0,0,2,0
492,2002,6,6,0,0,0,0,0,0,2,0
523,2007,2,2,0,0,0,0,0,0,2,0
523,2008,6,5,2,0,0,0,0,0,1,1
534,1989,7,7,1,1,0,0,0,0,1,0
534,1990,5,3,0,0,0,0,1,1,3,0
543,2004,3,3,1,0,0,0,0,0,1,0
543,2006,6,5,2,1,0,0,1,0,0,0
549,2009,3,3,1,0,0,0,0,0,2,0
565,1998,1,0,0,0,0,0,1,0,0,0
565,2003,3,3,1,0,0,0,0,0,1,0
568,2008,2,2,0,0,0,0,0,0,1,0
582,2005,3,3,0,0,0,0,0,0,0,0
583,1995,6,5,0,0,0,0,1,0,1,0
593,2008,5,5,0,0,0,0,0,0,2,0
596,1989,7,5,2,0,0,0,2,0,1,0
596,1990,5,4,2,0,0,2,1,0,0,0
596,1991,4,3,0,0,0,0,1,0,2,0
604,2000,1,1,0,0,0,0,0,0,1,0
615,2003,3,3,0,0,0,0,0,0,2,0
615,2008,9,9,3,1,0,0,0,0,1,0
615,2009,5,4,1,1,0,0,1,0,1,0
632,1991,6,4,1,0,0,1,2,0,1,0
632,1992,6,6,2,0,0,0,0,0,3,0
632,1993,7,5,2,1,0,0,1,0,1,0
645,1998,4,4,0,0,0,0,0,0,3,0
654,1990,5,2,1,0,0,0,3,0,0,0
656,1999,7,7,1,1,0,0,0,0,0,0
656,2000,3,3,0,0,0,0,0,0,1,0
656,2004,2,2,0,0,0,0,0,0,1,0
661,1988,1,1,1,0,0,0,0,0,0,0
665,2008,3,3,0,0,0,0,0,0,0,0
672,1998,3,3,1,0,0,0,0,0,1,0
684,1995,10,10,1,1,0,0,0,0,2,0
693,1997,3,2,0,0,0,0,1,0,2,0
700,2002,3,3,0,0,0,0,0,0,1,0
700,2004,3,2,0,0,0,0,0,0,0,1
704,1999,1,1,1,0,0,0,0,0,0,0
712,1998,6,6,1,0,0,0,0,0,3,0
718,1995,2,2,1,0,0,0,0,0,1,0
718,1996,3,2,1,1,0,0,1,0,0,0
718,1999,5,5,0,0,0,0,0,0,1,0
724,2004,6,6,1,0,0,0,0,0,4,0
724,2007,3,3,2,1,0,0,0,0,0,0
724,2008,3,2,1,0,0,0,0,0,0,1
727,2004,3,3,1,0,0,1,0,0,2,0
727,2005,4,4,1,0,0,0,0,0,0,0
727,2007,3,3,0,0,0,0,0,0,3,0
727,2008,3,3,0,0,0,0,0,0,2,0
762,2004,1,0,0,0,0,0,0,0,0,0
765,1995,6,6,0,0,0,0,0,0,5,0
765,1996,1,1,0,0,0,0,0,0,1,0
800,1989,3,3,0,0,0,0,0,0,0,0
805,1991,6,5,0,0,0,0,1,0,2,0
805,1992,4,3,1,1,0,0,1,0,1,0
805,2000,9,9,1,1,0,0,0,0,4,0
806,1998,5,5,2,0,0,2,0,0,0,0
806,1999,4,4,2,0,0,0,0,0,0,0
806,2002,14,12,4,1,0,0,2,0,3,0
806,2004,4,4,1,0,0,0,0,0,1,0
806,2006,3,3,0,0,0,0,0,0,1,0
808,2008,1,1,0,0,0,0,0,0,0,0
809,1989,4,3,0,0,0,0,1,0,2,0
809,1990,6,6,1,0,0,0,0,0,0,0
809,1992,4,4,2,1,0,0,0,0,1,0
809,1993,3,3,0,0,0,0,0,0,0,0
813,1989,3,2,0,0,0,0,1,0,2,0
813,1997,12,11,1,0,0,0,1,0,6,0
813,2003,1,1,0,0,0,0,0,0,0,0
814,1989,3,3,0,0,0,0,0,0,2,0
814,1991,6,6,3,1,0,1,0,0,1,0
814,1992,11,11,3,2,0,0,0,0,6,0
814,1993,13,9,3,0,0,2,3,1,1,0
814,1994,3,3,0,0,0,0,0,0,0,0
814,1995,4,4,0,0,0,0,0,0,3,0
814,1996,1,1,0,0,0,0,0,0,0,0
814,1997,4,4,0,0,0,0,0,0,3,0
814,1998,3,2,1,1,0,0,1,0,0,0
815,1993,7,6,1,0,0,0,1,0,0,0
821,1997,4,4,0,0,0,0,0,0,4,0
821,1998,3,2,0,0,0,0,1,0,1,0
821,2002,4,3,0,0,0,0,1,0,3,0
821,2005,11,10,3,1,0,1,1,0,6,0
823,1988,2,1,0,0,0,0,1,0,1,0
823,1989,1,1,0,0,0,0,0,0,0,0
824,2000,3,2,0,0,0,0,1,0,0,0
824,2002,7,7,0,0,0,0,0,0,3,0
824,2003,4,4,1,1,0,0,0,0,1,0
824,2005,3,3,1,0,0,0,0,0,2,0
824,2006,5,5,2,0,0,0,0,0,1,0
824,2009,4,4,1,0,0,1,0,0,0,0
832,1999,13,10,1,0,0,0,1,0,5,2
832,2000,6,5,1,0,0,0,1,0,3,0
832,2001,6,5,1,0,0,0,1,0,1,0
832,2002,16,16,4,0,0,2,0,0,4,0
832,2003,10,10,3,0,0,0,0,0,2,0
832,2004,6,6,1,1,0,0,0,0,1,0
832,2005,7,6,2,0,0,1,1,0,0,0
832,2006,4,4,1,1,0,0,0,0,2,0
832,2009,3,2,0,0,0,0,1,0,1,0
834,2001,3,3,1,0,0,0,0,0,1,0
834,2003,3,2,2,0,0,0,0,0,0,1
834,2005,6,6,2,0,0,0,0,0,1,0
834,2006,6,6,1,0,0,1,0,0,1,0
834,2007,3,2,1,0,0,0,1,0,0,0
834,2009,3,3,2,2,0,0,0,0,0,0
835,1992,5,5,1,0,0,0,0,0,3,0
835,1994,3,3,1,0,0,0,0,0,1,0
835,1995,5,4,0,0,0,0,1,0,2,0
842,2000,3,2,2,0,0,0,0,1,0,0
842,2001,1,1,0,0,0,0,0,0,0,0
847,1989,2,1,0,0,0,0,1,0,0,0
852,1998,3,2,1,1,0,0,0,1,1,0
852,1999,4,4,1,0,0,0,0,0,1,0
852,2000,3,3,1,0,0,0,0,0,2,0
852,2002,3,3,1,0,0,0,0,0,1,0
857,1999,1,1,0,0,0,0,0,0,1,0
857,2001,4,4,1,0,0,0,0,0,0,0
857,2002,3,3,0,0,0,0,0,0,0,0
857,2003,2,2,1,0,0,0,0,0,0,0
859,2008,1,1,1,0,0,0,0,0,0,0
863,2005,2,2,1,0,0,0,0,0,1,0
867,1989,3,3,1,0,0,0,0,0,0,0
867,1991,4,3,1,0,0,0,1,0,0,0
872,2001,4,4,0,0,0,0,0,0,3,0
878,1999,11,11,4,2,0,0,0,0,2,0
878,2000,7,7,2,1,0,0,0,0,3,0
878,2001,1,1,0,0,0,0,0,0,0,0
878,2004,3,3,1,0,0,0,0,0,1,0
888,2000,2,2,0,0,0,0,0,0,1,0
888,2001,3,3,1,1,0,0,0,0,2,0
888,2002,4,3,0,0,0,0,1,0,2,0
888,2008,5,5,2,0,0,0,0,0,1,0
888,2009,2,2,0,0,0,0,0,0,1,0
890,2002,2,2,0,0,0,0,0,0,2,0
900,2003,3,3,1,0,0,0,0,0,1,0
900,2005,7,6,3,2,0,0,0,0,1,0
900,2006,4,4,0,0,0,0,0,0,2,0
900,2008,2,2,1,0,0,0,0,0,0,0
902,1988,2,2,0,0,0,0,0,0,0,0
903,1989,3,3,2,0,0,0,0,0,0,0
903,1994,4,4,1,0,0,0,0,0,1,0
903,1995,7,6,1,0,0,0,1,0,0,0
903,1997,8,8,1,1,0,0,0,0,4,0
903,1998,4,4,0,0,0,0,0,0,1,0
908,1991,2,2,0,0,0,0,0,0,1,0
908,1999,3,3,0,0,0,0,0,0,1,0
908,2000,1,1,0,0,0,0,0,0,1,0
921,2005,2,2,1,1,0,0,0,0,0,0
921,2006,6,6,1,0,0,0,0,0,0,0
921,2009,3,3,1,0,0,0,0,0,0,0
922,2006,3,3,0,0,0,0,0,0,2,0
942,1990,3,3,1,0,0,1,0,0,1,0
942,1991,5,4,1,1,0,0,1,0,2,0
942,1992,3,3,0,0,0,0,0,0,3,0
942,1997,3,3,0,0,0,0,0,0,2,0
942,1998,4,4,2,0,0,0,0,0,1,0
942,1999,8,8,2,0,0,1,0,0,2,0
953,2005,3,3,0,0,0,0,0,0,2,0
954,2000,7,5,0,0,0,0,2,0,2,0
954,2001,3,3,0,0,0,0,0,0,1,0
954,2002,6,6,0,0,0,0,0,0,2,0
962,2009,2,1,0,0,0,0,0,0,1,0
999,2005,3,3,0,0,0,0,0,0,1,0
999,2008,3,3,0,0,0,0,0,0,1,0
999,2009,2,2,1,0,0,0,0,0,0,0
1001,2009,3,3,1,0,1,0,0,0,1,0
1006,2008,2,2,1,0,1,0,0,0,0,0
1008,1999,7,6,2,0,0,0,1,0,1,0
1008,2000,2,2,0,0,0,0,0,0,1,0
1008,2001,3,3,2,0,0,1,0,0,1,0
1008,2004,3,3,0,0,0,0,0,0,0,0
1013,1989,3,3,0,0,0,0,0,0,0,0
1013,1990,9,8,1,0,0,0,1,0,0,0
1013,1991,3,3,0,0,0,0,0,0,0,0
1013,1992,4,1,0,0,0,0,2,0,0,0
1013,1993,12,8,2,1,0,0,3,0,4,0
1026,1989,3,2,0,0,0,0,0,0,1,0
1026,1998,1,1,0,0,0,0,0,0,0,0
1026,1999,9,6,0,0,0,0,2,1,3,0
1042,2005,3,3,0,0,0,0,0,0,0,0
1042,2006,4,4,1,0,0,0,0,0,0,0
1045,1989,4,4,2,0,0,0,0,0,0,0
1045,1990,4,4,2,1,0,0,0,0,0,0
1045,1998,8,8,5,2,0,0,0,0,2,0
1048,1999,3,3,1,0,0,1,0,0,1,0
1048,2000,6,6,2,0,0,0,0,0,3,0
1048,2001,1,1,0,0,0,0,0,0,1,0
1048,2002,4,4,0,0,0,0,0,0,3,0
1048,2004,3,3,1,0,0,0,0,0,0,0
1048,2005,3,3,0,0,0,0,0,0,0,0
1048,2008,3,3,0,0,0,0,0,0,1,0
1053,2000,3,3,1,0,0,0,0,0,0,0
1053,2001,5,4,1,0,0,1,1,0,2,0
1053,2002,5,5,0,0,0,0,0,0,2,0
1060,2008,2,2,0,0,0,0,0,0,2,0
1066,2001,2,1,0,0,0,0,1,0,0,0
1072,1990,7,7,0,0,0,0,0,0,5,0
1072,1991,7,6,2,0,0,0,1,0,1,0
1072,1992,3,3,0,0,0,0,0,0,2,0
1072,1996,1,1,0,0,0,0,0,0,0,0
1075,2000,2,1,0,0,0,0,0,0,0,0
1075,2001,1,1,0,0,0,0,0,0,0,0
1078,2006,3,2,0,0,0,0,1,0,1,0
1093,1989,6,6,3,1,0,0,0,0,2,0
1093,1998,4,3,1,0,0,0,1,0,0,0
1093,1999,4,4,0,0,0,0,0,0,0,0
1093,2000,4,4,0,0,0,0,0,0,0,0
1093,2001,13,10,2,1,0,0,3,0,3,0
1093,2002,13,9,4,1,0,2,4,0,1,0
1093,2003,3,2,2,0,0,1,1,0,0,0
1093,2004,15,11,3,0,0,0,2,2,0,0
1100,1988,3,3,2,1,0,0,0,0,0,0
1100,1989,6,6,1,0,0,0,0,0,1,0
1100,1995,3,3,0,0,0,0,0,0,2,0
1100,1996,2,1,1,0,0,1,1,0,0,0
1100,2001,3,3,2,1,0,1,0,0,1,0
1114,1998,3,3,1,1,0,0,0,0,0,0
1114,1999,6,6,1,1,0,0,0,0,2,0
1114,2001,3,3,1,0,0,0,0,0,1,0
1114,2002,8,7,0,0,0,0,1,0,3,0
1114,2005,2,2,2,1,0,0,0,0,0,0
1114,2006,5,5,1,0,0,0,0,0,2,0
1115,1989,2,2,0,0,0,0,0,0,0,0
1116,1998,4,4,0,0,0,0,0,0,1,0
1116,1999,11,11,2,0,0,0,0,0,5,0
1116,2000,7,6,0,0,0,0,1,0,2,0
1116,2005,7,7,0,0,0,0,0,0,3,0
1128,1991,2,2,0,0,0,0,0,0,1,0
1128,1992,3,3,2,1,1,0,0,0,1,0
1128,1993,15,11,0,0,0,0,4,0,4,0
1128,1994,9,9,0,0,0,0,0,0,1,0
1128,1995,6,6,3,0,0,0,0,0,1,0
1128,1997,7,5,0,0,0,0,2,0,3,0
1128,2000,4,3,1,0,0,0,1,0,0,0
1128,2002,3,2,0,0,0,0,1,0,2,0
1129,1989,4,4,0,0,0,0,0,0,1,0
1129,1990,6,6,3,1,0,1,0,0,1,0
1129,1991,9,8,0,0,0,0,1,0,3,0
1129,1992,9,7,1,0,0,0,2,0,0,0
1129,1993,9,9,2,1,0,0,0,0,1,0
1129,1994,4,4,2,0,0,0,0,0,2,0
1129,1995,1,1,0,0,0,0,0,0,1,0
1129,1997,3,3,1,1,0,0,0,0,1,0
1129,1998,4,2,0,0,0,0,2,0,0,0
1159,2000,2,2,0,0,0,0,0,0,1,0
1174,1997,4,4,3,0,0,0,0,0,1,0
1174,1998,4,4,1,0,0,0,0,0,0,0
1185,2007,3,1,0,0,0,0,2,0,1,0
1189,1994,3,3,1,0,0,0,0,0,1,0
1191,2008,4,4,0,0,0,0,0,0,2,0
1231,2000,4,4,0,0,0,0,0,0,3,0
1231,2001,3,3,0,0,0,0,0,0,2,0
1231,2004,6,6,1,0,0,0,0,0,1,0
1231,2006,5,4,1,0,0,0,1,0,1,0
1234,1988,3,3,1,0,0,0,0,0,2,0
1234,1989,7,6,1,0,0,0,1,0,1,0
1234,1990,9,6,1,1,0,0,3,0,1,0
1241,1996,1,1,1,0,0,1,0,0,0,0
1241,1998,3,2,0,0,0,0,1,0,1,0
1241,1999,4,2,0,0,0,0,1,0,1,0
1242,1989,5,4,2,1,0,0,1,0,1,0
1242,1990,3,2,0,0,0,0,0,1,1,0
1253,2009,3,2,0,0,0,0,1,0,2,0
1261,2008,6,6,1,0,0,1,0,0,1,0
1261,2009,2,2,1,1,0,0,0,0,0,0
1273,1989,4,3,1,1,0,0,1,0,2,0
1291,1990,3,3,0,0,0,0,0,0,3,0
1291,1991,4,3,1,0,0,0,1,0,1,0
1291,1992,5,5,0,0,0,0,0,0,1,0
1327,1993,3,3,1,0,0,0,0,0,1,0
1336,1996,3,2,0,0,0,0,1,0,2,0
1336,1997,4,3,1,0,0,0,1,0,2,0
1342,2000,2,1,0,0,0,0,0,0,0,0
1350,1999,4,4,0,0,0,0,0,0,4,0
1350,2000,4,4,0,0,0,0,0,0,2,0
1358,1992,7,7,2,0,0,0,0,0,1,0
1358,1993,9,9,1,0,0,0,0,0,3,0
1361,1990,4,4,2,0,0,0,0,0,0,0
1366,1991,3,1,0,0,0,0,2,0,1,0
1366,1993,8,6,0,0,0,0,0,1,2,0
1366,1994,6,5,1,0,0,0,0,1,2,0
1366,1995,3,2,0,0,0,0,0,1,1,0
1366,1997,4,4,1,0,0,0,0,0,1,0
1369,2006,3,3,0,0,0,0,0,0,1,0
1371,1998,8,8,4,1,0,0,0,0,2,0
1371,1999,4,3,0,0,0,0,1,0,1,0
1371,2000,3,3,0,0,0,0,0,0,1,0
1371,2002,3,3,1,0,0,0,0,0,0,0
1375,1989,2,2,0,0,0,0,0,0,1,0
1391,1998,1,1,0,0,0,0,0,0,1,0
1391,2001,5,5,0,0,0,0,0,0,3,0
1391,2005,7,7,3,0,1,1,0,0,1,0
1391,2006,4,3,0,0,0,0,1,0,2,0
1397,1989,12,11,3,0,0,0,1,0,1,0
1397,1990,8,5,1,0,1,0,2,0,0,1
1397,1991,6,4,0,0,0,0,1,1,2,0
1397,1992,3,2,0,0,0,0,0,0,0,1
1397,1993,8,7,2,0,0,0,0,0,1,0
1406,1999,5,5,1,0,0,0,0,0,1,0
1406,2000,3,2,0,0,0,0,0,0,1,0
1406,2001,1,1,0,0,0,0,0,0,0,0
1409,1998,2,2,1,0,0,0,0,0,1,0
1409,2001,1,1,0,0,0,0,0,0,1,0
1423,2000,1,1,0,0,0,0,0,0,1,0
1429,1989,1,0,0,0,0,0,0,0,0,0
1439,2008,3,3,0,0,0,0,0,0,1,0
1445,2001,1,1,0,0,0,0,0,0,1,0
1449,1997,8,6,1,0,0,0,2,0,1,0
1450,1991,3,1,0,0,0,0,2,0,0,0
1455,2008,5,5,3,2,0,1,0,0,0,0
1458,1989,3,2,0,0,0,0,1,0,0,0
1458,1990,3,3,0,0,0,0,0,0,2,0
1458,1991,4,3,0,0,0,0,0,0,2,1
1458,1992,8,7,0,0,0,0,1,0,4,0
1458,1993,4,4,2,0,0,0,0,0,1,0
1458,1994,9,8,2,1,0,0,1,0,3,0
1476,2002,12,10,3,1,0,1,1,1,4,0
1476,2003,6,6,2,0,0,0,0,0,0,0
1476,2004,6,6,1,0,0,0,0,0,4,0
1486,2005,7,7,1,0,0,0,0,0,3,0
1486,2006,4,4,0,0,0,0,0,0,0,0
1486,2008,3,3,2,1,0,1,0,0,0,0
1494,1989,9,9,1,0,0,0,0,0,2,0
1494,1990,4,1,0,0,0,0,3,0,1,0
1494,1991,2,1,0,0,0,0,0,0,0,0
1499,1995,2,2,0,0,0,0,0,0,0,0
1499,1996,2,1,1,0,0,0,1,0,0,0
1499,1997,13,12,3,1,0,0,1,0,4,0
1499,1998,6,4,1,0,0,1,2,0,2,0
1499,2000,6,6,3,1,0,0,0,0,1,0
1502,1999,4,4,1,0,0,0,0,0,2,0
1543,1990,7,7,2,0,0,0,0,0,2,0
1543,1991,5,4,2,1,0,1,1,0,1,0
1543,1992,2,1,1,0,0,0,1,0,0,0
1543,1993,3,3,1,0,0,1,0,0,2,0
1543,1997,3,3,0,0,0,0,0,0,1,0
1543,1998,4,4,1,0,0,0,0,0,1,0
1543,1999,4,4,1,0,0,1,0,0,2,0
1543,2000,7,6,1,0,1,0,0,0,2,1
1564,1996,1,1,0,0,0,0,0,0,1,0
1564,1999,3,3,0,0,0,0,0,0,2,0
1564,2003,3,3,1,0,0,1,0,0,1,0
1564,2004,6,4,1,0,0,0,1,1,2,0
1572,2008,4,4,0,0,0,0,0,0,0,0
1576,2000,3,3,0,0,0,0,0,0,2,0
1576,2001,4,2,0,0,0,0,2,0,1,0
1576,2002,6,4,2,0,0,1,2,0,1,0
1576,2004,5,4,0,0,0,0,1,0,4,0
1576,2006,3,2,1,1,0,0,1,0,1,0
1576,2007,5,4,1,0,0,0,1,0,3,0
1576,2008,6,6,0,0,0,0,0,0,3,0
1579,2003,2,2,1,0,1,0,0,0,0,0
1579,2004,8,7,1,0,0,0,0,1,1,0
1589,2008,2,2,0,0,0,0,0,0,0,0
1597,2002,1,1,0,0,0,0,0,0,1,0
1611,2002,3,3,0,0,0,0,0,0,3,0
1611,2003,2,2,0,0,0,0,0,0,0,0
1633,2004,3,3,0,0,0,0,0,0,1,0
1633,2009,2,2,0,0,0,0,0,0,0,0
1634,1998,2,2,1,0,0,0,0,0,1,0
1636,2005,8,7,1,0,0,0,1,0,1,0
1636,2009,5,4,0,0,0,0,0,0,0,0
1645,2009,2,2,0,0,0,0,0,0,2,0
1646,2009,1,0,0,0,0,0,0,1,0,0
1653,2002,1,1,0,0,0,0,0,0,1,0
1653,2003,10,10,5,3,0,0,0,0,0,0
1653,2008,3,3,0,0,0,0,0,0,0,0
1654,2003,3,3,0,0,0,0,0,0,2,0
1654,2004,6,6,3,1,0,0,0,0,0,0
1654,2008,3,3,1,1,0,0,0,0,2,0
1657,1999,4,4,2,0,1,0,0,0,0,0
1657,2000,6,6,1,0,0,0,0,0,0,0
1657,2001,3,1,0,0,0,0,2,0,0,0
1657,2002,4,3,0,0,0,0,1,0,0,0
1657,2003,3,3,2,1,0,0,0,0,0,0
1657,2005,7,5,3,1,0,0,2,0,0,0
1657,2006,8,8,1,0,0,0,0,0,0,0
1657,2009,6,6,1,0,0,0,0,0,2,0
1669,2007,2,2,0,0,0,0,0,0,2,0
1671,1996,2,2,1,1,0,0,0,0,0,0
1671,1998,12,10,3,0,0,0,1,0,3,1
1671,2001,4,4,3,0,0,0,0,0,1,0
1671,2002,3,3,1,0,0,0,0,0,0,0
1671,2005,4,4,1,0,0,1,0,0,0,0
1673,1989,2,1,0,0,0,0,1,0,1,0
1673,1990,11,9,1,0,0,1,2,0,0,0
1673,1993,3,3,1,0,0,0,0,0,1,0
1687,2003,1,0,0,0,0,0,0,0,0,1
1700,1997,4,4,0,0,0,0,0,0,4,0
1700,1998,3,2,0,0,0,0,1,0,2,0
1700,1999,7,7,0,0,0,0,0,0,3,0
1700,2004,6,6,1,1,0,0,0,0,3,0
1700,2005,6,6,1,1,0,0,0,0,3,0
1700,2007,3,2,0,0,0,0,0,1,1,0
1700,2008,3,2,0,0,0,0,1,0,2,0
1700,2009,2,2,1,0,0,1,0,0,0,0
1705,1998,4,4,0,0,0,0,0,0,0,0
1718,2008,1,1,0,0,0,0,0,0,0,0
1745,1988,3,3,1,0,0,0,0,0,0,0
1745,1989,2,1,1,0,0,0,1,0,0,0
1745,1992,3,2,0,0,0,0,1,0,0,0
1748,1999,1,1,0,0,0,0,0,0,1,0
1757,1990,10,10,1,0,0,1,0,0,8,0
1757,1991,8,8,1,1,0,0,0,0,5,0
1757,1993,3,3,1,0,0,0,0,0,0,0
1757,1994,7,5,2,1,0,0,2,0,1,0
1757,1997,4,4,1,1,0,0,0,0,3,0
1757,1998,3,3,2,0,0,1,0,0,0,0
1759,2005,11,11,2,0,0,0,0,0,1,0
1759,2006,2,2,0,0,0,0,0,0,0,0
1759,2008,4,3,0,0,0,0,0,0,3,1
1759,2009,3,3,2,0,0,0,0,0,0,0
1806,2009,1,1,0,0,0,0,0,0,0,0
1817,2009,2,2,2,0,1,1,0,0,0,0
1818,1996,4,4,0,0,0,0,0,0,0,0
1818,1997,3,2,0,0,0,0,0,1,1,0
1830,2003,3,3,2,0,0,0,0,0,1,0
1830,2007,2,2,0,0,0,0,0,0,0,0
1832,1992,3,3,0,0,0,0,0,0,1,0
1843,1989,10,9,1,0,0,0,1,0,2,0
1843,1991,10,9,2,0,0,0,1,0,3,0
1843,1992,11,9,4,0,0,1,1,1,1,0
1843,1993,10,10,4,0,1,1,0,0,4,0
1843,1994,7,6,2,0,0,1,0,0,3,1
1843,1995,4,4,0,0,0,0,0,0,1,0
1843,1996,3,3,1,0,0,0,0,0,0,0
1843,1997,10,10,3,0,0,0,0,0,2,0
1855,1997,1,1,0,0,0,0,0,0,1,0
1855,2002,3,3,1,0,0,0,0,0,2,0
1857,1999,4,4,1,0,0,0,0,0,1,0
1857,2002,5,4,1,0,0,0,1,0,1,0
1857,2003,3,3,1,0,0,0,0,0,1,0
1857,2004,1,1,0,0,0,0,0,0,1,0
1860,2005,2,2,1,0,0,1,0,0,1,0
1860,2008,3,2,0,0,0,0,1,0,1,0
1863,2008,4,4,2,0,0,0,0,0,0,0
1871,1999,6,6,1,0,0,0,0,0,3,0
1877,2005,7,7,2,0,0,0,0,0,2,0
1880,1989,4,3,1,1,0,0,1,0,0,0
1880,1990,9,8,1,1,0,0,1,0,2,0
1897,2001,4,4,0,0,0,0,0,0,2,0
1897,2002,2,2,0,0,0,0,0,0,0,0
1897,2003,2,2,1,1,0,0,0,0,0,0
1897,2004,3,3,0,0,0,0,0,0,2,0
1897,2005,2,2,1,0,0,0,0,0,0,0
1898,2004,3,3,0,0,0,0,0,0,2,0
1898,2005,3,3,0,0,0,0,0,0,1,0
1898,2007,2,2,1,0,0,0,0,0,0,0
1898,2008,9,8,0,0,0,0,1,0,1,0
1903,1999,7,6,2,0,0,0,1,0,0,0
1903,2000,8,8,2,1,0,0,0,0,3,0
1903,2001,7,7,1,0,0,0,0,0,3,0
1903,2002,7,6,1,1,0,0,1,0,2,0
1903,2003,3,3,1,0,0,0,0,0,0,0
1903,2004,6,6,2,0,0,0,0,0,1,0
1903,2009,3,3,1,0,0,0,0,0,0,0
1914,2002,4,4,1,1,0,0,0,0,1,0
1914,2005,3,2,1,0,0,0,1,0,0,0
1914,2006,3,3,1,0,0,0,0,0,1,0
1914,2009,2,2,0,0,0,0,0,0,1,0
1923,1997,3,3,0,0,0,0,0,0,2,0
1923,1998,4,4,2,1,0,0,0,0,0,0
1923,1999,7,5,0,0,0,0,2,0,2,0
1923,2001,3,3,0,0,0,0,0,0,2,0
1923,2003,2,2,2,0,0,1,0,0,0,0
1923,2004,15,14,1,0,0,0,1,0,5,0
1949,1995,3,3,2,0,0,0,0,0,1,0
1949,1997,9,9,2,1,0,0,0,0,5,0
1949,1998,2,1,0,0,0,0,0,0,0,0
1949,1999,4,4,0,0,0,0,0,0,2,0
1950,1999,4,4,1,0,0,1,0,0,2,0
1950,2002,4,4,1,0,0,0,0,0,1,0
1950,2003,7,7,2,0,0,0,0,0,1,0
1951,2008,2,2,0,0,0,0,0,0,0,0
1956,2002,1,1,0,0,0,0,0,0,1,0
1972,2002,1,1,0,0,0,0,0,0,1,0
1972,2008,2,2,1,0,0,0,0,0,1,0
1984,1994,7,6,3,0,0,0,1,0,1,0
2009,2006,3,3,0,0,0,0,0,0,0,0
2010,2001,1,1,0,0,0,0,0,0,0,0
2010,2004,3,3,1,0,0,0,0,0,0,0
2010,2007,3,2,1,0,0,0,0,0,0,0
2015,2008,3,3,0,0,0,0,0,0,0,0
2019,2004,3,3,0,0,0,0,0,0,1,0
2067,1998,7,6,1,0,0,0,1,0,4,0
2067,1999,3,2,0,0,0,0,1,0,1,0
2067,2000,4,4,0,0,0,0,0,0,2,0
2067,2002,4,3,0,0,0,0,1,0,2,0
2074,2009,2,2,0,0,0,0,0,0,0,0
2075,1998,1,1,0,0,0,0,0,0,1,0
2084,2006,2,2,0,0,0,0,0,0,0,0
2086,1995,7,7,2,1,0,0,0,0,3,0
2086,1996,5,5,2,2,0,0,0,0,1,0
2086,1997,10,7,2,1,0,0,2,1,2,0
2086,1998,4,3,1,0,0,0,1,0,2,0
2086,1999,3,3,1,0,0,0,0,0,1,0
2086,2000,9,8,1,0,0,0,0,0,3,1
2086,2001,16,15,2,0,0,0,0,0,6,1
2086,2004,8,7,2,0,0,0,0,0,2,1
2086,2005,3,3,2,1,0,1,0,0,0,0
2097,1999,3,3,0,0,0,0,0,0,1,0
2097,2000,1,1,0,0,0,0,0,0,1,0
2101,2003,3,3,3,1,0,0,0,0,0,0
2101,2004,3,2,1,0,0,0,0,1,1,0
2101,2005,4,3,1,0,0,0,1,0,0,0
2111,1991,2,2,0,0,0,0,0,0,1,0
2111,1992,5,5,1,0,0,0,0,0,3,0
2112,1995,7,7,0,0,0,0,0,0,1,0
2116,1999,1,1,0,0,0,0,0,0,1,0
2118,1992,3,2,0,0,0,0,1,0,1,0
2123,1997,6,5,2,0,0,1,1,0,3,0
2123,2003,3,3,2,1,0,0,0,0,1,0
2123,2008,1,1,0,0,0,0,0,0,1,0
2123,2009,5,2,0,0,0,0,3,0,1,0
2125,1994,2,2,1,1,0,0,0,0,0,0
2125,1995,10,10,2,0,0,0,0,0,3,0
2125,1996,2,2,0,0,0,0,0,0,1,0
2125,1997,8,7,2,1,0,0,0,1,0,0
2125,1998,4,4,1,1,0,0,0,0,2,0
2133,1999,6,5,1,0,0,1,1,0,3,0
2133,2000,3,2,0,0,0,0,1,0,1,0
2133,2003,5,5,3,1,0,0,0,0,1,0
2133,2004,18,17,5,0,0,1,0,0,4,0
2139,2000,2,2,0,0,0,0,0,0,1,0
2165,2004,3,3,1,0,0,0,0,0,1,0
2187,2002,3,2,0,0,0,0,1,0,1,0
2190,2009,3,3,1,0,0,0,0,0,1,0
2194,2001,7,7,3,0,0,0,0,0,3,0
2198,1998,7,7,1,1,0,0,0,0,3,0
2203,1991,4,3,1,0,0,0,1,0,1,0
2208,1993,9,7,0,0,0,0,1,1,1,0
2208,1994,6,6,2,1,0,0,0,0,1,0
2220,1989,3,3,1,0,0,0,0,0,1,0
2220,1995,5,5,1,0,0,0,0,0,1,0
2225,1989,1,1,0,0,0,0,0,0,1,0
2231,1998,9,6,1,0,0,0,2,1,2,0
2231,1999,1,1,0,0,0,0,0,0,0,0
2231,2001,3,3,0,0,0,0,0,0,1,0
2238,1992,3,2,0,0,0,0,1,0,1,0
2259,2002,2,2,0,0,0,0,0,0,2,0
2266,1992,3,2,0,0,0,0,1,0,2,0
2266,2004,6,4,1,0,0,1,2,0,1,0
2266,2006,9,9,1,0,0,0,0,0,1,0
2292,1995,3,2,0,0,0,0,0,0,0,0
2301,2001,1,1,0,0,0,0,0,0,1,0
2302,1990,3,3,3,1,0,0,0,0,0,0
2304,1995,2,1,1,0,0,1,1,0,0,0
2304,1996,1,1,0,0,0,0,0,0,1,0
2304,1998,3,3,0,0,0,0,0,0,2,0
2304,2001,9,8,3,0,0,0,1,0,4,0
2304,2002,3,3,0,0,0,0,0,0,1,0
2304,2003,4,4,1,0,0,0,0,0,2,0
2307,2000,1,1,0,0,0,0,0,0,1,0
2314,1992,3,3,0,0,0,0,0,0,1,0
2314,1993,5,5,0,0,0,0,0,0,3,0
2318,2003,1,1,1,0,0,0,0,0,0,0
2318,2004,3,2,0,0,0,0,0,1,0,0
2318,2006,3,2,0,0,0,0,0,1,0,0
2318,2009,3,3,2,1,0,0,0,0,0,0
2319,1991,4,3,0,0,0,0,1,0,0,0
2319,1992,4,1,1,0,0,0,3,0,0,0
2319,1993,3,3,0,0,0,0,0,0,1,0
2319,1994,4,4,1,0,0,0,0,0,1,0
2332,1998,2,2,0,0,0,0,0,0,2,0
2336,1995,12,10,4,2,0,0,1,1,4,0
2336,1996,1,1,0,0,0,0,0,0,0,0
2336,1998,4,4,0,0,0,0,0,0,1,0
2336,2002,3,2,1,0,0,0,1,0,1,0
2338,1997,8,7,1,0,0,1,1,0,3,0
2338,1998,3,3,0,0,0,0,0,0,1,0
2338,2000,3,3,0,0,0,0,0,0,0,0
2338,2002,3,2,0,0,0,0,1,0,2,0
2338,2003,3,2,1,1,0,0,1,0,1,0
2360,1993,4,3,3,1,0,0,0,1,0,0
2374,2008,3,2,0,0,0,0,0,1,1,0
2377,2006,2,2,1,0,0,0,0,0,0,0
2379,2004,1,1,0,0,0,0,0,0,1,0
2379,2005,3,3,0,0,0,0,0,0,0,0
2389,2004,3,3,0,0,0,0,0,0,1,0
2417,2008,5,4,2,1,0,0,0,1,0,0
2432,2005,13,13,4,0,1,0,0,0,3,0
2432,2006,10,8,1,0,0,0,0,1,3,0
2441,2006,5,3,1,0,0,1,1,1,0,0
2444,2001,4,4,0,0,0,0,0,0,3,0
2444,2002,1,1,0,0,0,0,0,0,1,0
2455,2005,3,3,1,1,0,0,0,0,2,0
2455,2006,4,4,1,1,0,0,0,0,3,0
2455,2007,3,3,1,0,0,0,0,0,1,0
2455,2008,3,3,2,2,0,0,0,0,0,0
2465,1992,3,3,0,0,0,0,0,0,1,0
2474,2006,5,5,2,0,0,0,0,0,1,0
2474,2009,6,5,0,0,0,0,1,0,0,0
2494,1997,5,5,0,0,0,0,0,0,3,0
2494,1998,3,3,2,1,0,0,0,0,1,0
2494,2002,17,16,4,1,0,1,1,0,4,0
2494,2004,8,8,0,0,0,0,0,0,3,0
2496,1994,4,3,0,0,0,0,1,0,2,0
2504,1997,2,2,0,0,0,0,0,0,1,0
2504,1998,3,3,0,0,0,0,0,0,1,0
2504,2004,3,2,1,0,0,1,1,0,0,0
2504,2007,3,2,1,0,0,1,1,0,0,0
2504,2008,2,2,0,0,0,0,0,0,0,0
2509,2009,3,3,1,0,0,0,0,0,0,0
2521,2004,4,4,0,0,0,0,0,0,3,0
2521,2005,3,3,0,0,0,0,0,0,1,0
2548,1992,11,9,3,1,0,0,2,0,2,0
2548,1993,7,6,2,0,0,0,1,0,1,0
2548,1994,10,10,3,1,1,0,0,0,1,0
2548,1995,3,2,1,1,0,0,1,0,0,0
2548,1996,3,3,0,0,0,0,0,0,2,0
2548,2000,4,3,1,1,0,0,1,0,0,0
2556,2009,6,5,1,0,0,0,1,0,2,0
2558,1991,5,3,0,0,0,0,2,0,1,0
2558,1992,3,2,1,0,0,0,1,0,0,0
2558,1993,3,3,1,0,0,0,0,0,0,0
2558,1994,5,4,2,0,0,0,1,0,2,0
2562,2002,3,3,0,0,0,0,0,0,1,0
2573,1994,1,1,0,0,0,0,0,0,1,0
2573,1995,1,1,0,0,0,0,0,0,1,0
2577,2004,2,2,1,0,0,0,0,0,1,0
2583,1996,1,1,0,0,0,0,0,0,1,0
2583,2005,21,16,2,0,0,0,5,0,5,0
2588,1989,4,3,0,0,0,0,1,0,0,0
2603,2001,2,2,0,0,0,0,0,0,2,0
2608,1998,3,3,0,0,0,0,0,0,3,0
2610,1988,1,1,0,0,0,0,0,0,0,0
2610,1993,4,4,0,0,0,0,0,0,1,0
2614,1990,7,7,3,0,0,0,0,0,2,0
2614,1991,3,2,0,0,0,0,0,0,1,0
2614,1992,4,3,1,0,0,0,1,0,2,0
2616,2001,3,3,0,0,0,0,0,0,3,0
2626,1993,4,4,0,0,0,0,0,0,2,0
2628,1999,3,3,0,0,0,0,0,0,2,0
2628,2001,13,12,1,0,0,1,0,0,9,0
2636,1989,7,7,4,0,0,1,0,0,1,0
2636,1990,6,6,1,0,0,1,0,0,1,0
2636,1991,10,8,2,0,0,1,2,0,2,0
2636,1992,8,8,1,0,0,0,0,0,6,0
2636,1993,7,6,1,1,0,0,1,0,3,0
2636,1994,7,7,0,0,0,0,0,0,5,0
2636,1995,10,7,2,1,0,0,3,0,3,0
2636,1997,10,9,5,2,0,0,1,0,1,0
2640,2003,3,2,0,0,0,0,0,0,2,0
2640,2004,2,2,0,0,0,0,0,0,2,0
2640,2005,2,2,0,0,0,0,0,0,2,0
2640,2009,1,1,0,0,0,0,0,0,1,0
2644,1989,2,2,0,0,0,0,0,0,2,0
2644,1994,2,2,0,0,0,0,0,0,1,0
2644,1997,3,2,0,0,0,0,1,0,2,0
2644,1999,4,4,0,0,0,0,0,0,3,0
2644,2000,7,6,1,1,0,0,0,0,4,1
2644,2001,2,2,0,0,0,0,0,0,0,0
2646,1992,1,1,0,0,0,0,0,0,0,0
2646,1993,4,3,0,0,0,0,1,0,1,0
2650,1988,1,1,0,0,0,0,0,0,0,0
2674,1995,4,4,0,0,0,0,0,0,1,0
2674,1999,4,4,0,0,0,0,0,0,3,0
2674,2000,3,3,0,0,0,0,0,0,1,0
2674,2001,3,3,1,0,0,0,0,0,1,0
2675,2009,6,6,1,0,0,0,0,0,0,0
2696,1988,3,1,1,1,0,0,2,0,0,0
2696,1993,7,7,0,0,0,0,0,0,2,0
2696,1994,8,7,1,0,0,1,1,0,1,0
2723,1989,5,5,0,0,0,0,0,0,2,0
2723,1990,10,9,1,0,0,0,1,0,4,0
2723,1991,5,5,1,0,0,0,0,0,4,0
2723,1993,3,2,0,0,0,0,1,0,2,0
2737,2005,8,6,1,0,0,0,1,1,2,0
2737,2006,3,3,1,0,1,0,0,0,1,0
2737,2008,3,3,1,0,0,0,0,0,0,0
2764,2000,1,0,0,0,0,0,1,0,0,0
2773,1997,2,2,0,0,0,0,0,0,0,0
2773,1998,3,2,1,0,0,0,1,0,1,0
2773,2006,3,3,1,0,0,0,0,0,1,0
2809,1991,2,1,0,0,0,0,1,0,1,0
2810,1999,2,2,0,0,0,0,0,0,1,0
2810,2000,3,3,0,0,0,0,0,0,1,0
2810,2001,1,1,0,0,0,0,0,0,1,0
2810,2002,3,2,0,0,0,0,0,0,2,0
2813,2008,1,1,0,0,0,0,0,0,0,0
2828,1988,3,3,0,0,0,0,0,0,1,0
2828,1989,2,1,1,0,0,0,1,0,0,0
2829,1998,1,1,0,0,0,0,0,0,1,0
2829,2004,3,3,0,0,0,0,0,0,0,0
2829,2005,3,3,0,0,0,0,0,0,0,0
2829,2006,3,3,1,0,0,0,0,0,1,0
2829,2008,3,3,0,0,0,0,0,0,1,0
2829,2009,2,2,0,0,0,0,0,0,1,0
2841,1998,1,1,0,0,0,0,0,0,0,0
2842,1988,2,2,0,0,0,0,0,0,1,0
2852,1989,6,2,0,0,0,0,3,0,1,1
2852,1990,12,10,1,0,0,0,2,0,2,0
2852,1991,6,4,2,0,0,0,2,0,2,0
2852,1992,5,2,0,0,0,0,2,0,0,1
2852,1993,8,6,2,1,0,1,2,0,1,0
2852,1994,3,3,0,0,0,0,0,0,2,0
2852,1995,6,6,1,1,0,0,0,0,3,0
2852,1996,1,1,0,0,0,0,0,0,0,0
2852,1997,3,3,0,0,0,0,0,0,2,0
2865,1993,6,6,3,0,0,0,0,0,3,0
2865,1994,3,3,0,0,0,0,0,0,2,0
2865,1997,3,3,1,0,0,0,0,0,1,0
2865,1998,4,4,1,0,0,0,0,0,0,0
2869,1989,3,3,1,0,0,0,0,0,0,0
2873,1990,9,6,2,0,0,0,3,0,1,0
2875,1997,7,7,1,0,0,0,0,0,1,0
2891,1991,2,0,0,0,0,0,2,0,0,0
2891,1993,1,0,0,0,0,0,1,0,0,0
2892,2005,4,4,2,1,0,0,0,0,1,0
2892,2006,3,3,1,0,0,0,0,0,0,0
2892,2008,2,2,0,0,0,0,0,0,2,0
2892,2009,2,2,0,0,0,0,0,0,0,0
2918,1998,7,7,3,0,0,0,0,0,2,0
2926,2008,4,3,2,1,0,1,1,0,0,0
2944,1992,9,8,0,0,0,0,1,0,3,0
2944,1993,6,6,1,0,0,0,0,0,0,0
2944,1994,9,8,2,0,0,0,0,0,0,0
2944,1995,12,11,5,2,1,0,1,0,0,0
2944,1996,3,2,0,0,0,0,0,0,0,0
2944,1997,9,8,2,0,0,1,1,0,0,0
2944,1998,6,6,1,1,0,0,0,0,0,0
2982,2001,1,1,1,0,0,0,0,0,0,0
2992,1989,2,2,0,0,0,0,0,0,1,0
2995,1999,7,7,2,1,0,0,0,0,1,0
3003,2005,4,4,0,0,0,0,0,0,2,0
3003,2007,3,3,1,0,0,0,0,0,2,0
3003,2008,3,3,0,0,0,0,0,0,0,0
3010,1990,6,5,1,0,0,0,1,0,1,0
3010,1991,7,4,0,0,0,0,2,1,1,0
3010,1992,10,10,2,2,0,0,0,0,5,0
3028,1989,3,2,0,0,0,0,1,0,1,0
3035,2000,1,1,1,1,0,0,0,0,0,0
3039,1999,3,3,0,0,0,0,0,0,3,0
3039,2000,2,2,0,0,0,0,0,0,1,0
3039,2001,2,2,0,0,0,0,0,0,2,0
3044,2000,3,3,1,0,0,0,0,0,1,0
3044,2001,3,2,0,0,0,0,0,1,0,0
3044,2004,3,3,0,0,0,0,0,0,1,0
3083,2009,5,5,2,1,0,0,0,0,2,0
3086,2008,3,2,1,0,0,0,0,0,0,0
3095,2009,1,0,0,0,0,0,1,0,0,0
3098,1996,1,1,1,0,0,0,0,0,0,0
3098,1997,3,3,1,0,0,0,0,0,1,0
3102,2002,7,6,0,0,0,0,0,1,5,0
3102,2004,4,3,0,0,0,0,1,0,1,0
3102,2009,6,6,1,0,0,0,0,0,2,0
3107,1989,1,1,1,0,0,0,0,0,0,0
3114,1997,2,2,0,0,0,0,0,0,1,0
3116,1988,2,2,0,0,0,0,0,0,0,0
3116,1998,4,4,0,0,0,0,0,0,1,0
3116,2000,11,10,2,1,0,0,0,0,1,0
3116,2001,14,13,5,2,0,0,0,1,1,0
3116,2002,1,1,0,0,0,0,0,0,0,0
3122,2005,3,3,1,0,0,0,0,0,0,0
3127,2009,1,1,1,0,0,0,0,0,0,0
3137,1995,6,6,4,0,0,0,0,0,0,0
3137,1996,3,3,1,1,0,0,0,0,2,0
3137,1997,4,3,1,0,0,0,1,0,0,0
3137,1998,4,3,1,0,0,0,0,1,0,0
3137,2004,15,12,2,0,0,0,2,0,4,1
3137,2007,6,6,1,0,0,1,0,0,3,0
3137,2008,6,4,1,0,0,0,2,0,1,0
3147,2001,3,3,1,0,0,0,0,0,2,0
3147,2005,4,4,2,0,0,0,0,0,0,0
3147,2006,6,6,2,1,0,0,0,0,1,0
3160,1992,3,3,0,0,0,0,0,0,1,0
3160,1993,3,3,1,0,0,0,0,0,2,0
3160,1994,7,7,1,0,0,0,0,0,2,0
3160,1995,12,12,1,0,0,0,0,0,1,0
3160,1997,4,3,0,0,0,0,0,1,1,0
3160,1998,4,2,1,1,0,0,1,1,0,0
3160,2002,3,3,0,0,0,0,0,0,2,0
3160,2004,1,0,0,0,0,0,0,1,0,0
3160,2007,3,3,0,0,0,0,0,0,2,0
3166,2004,1,1,0,0,0,0,0,0,0,0
3166,2008,2,1,1,1,0,0,0,0,0,0
3172,1999,8,8,1,0,0,0,0,0,3,0
3172,2001,3,2,1,1,0,0,1,0,0,0
3172,2002,4,3,2,1,0,0,1,0,0,0
3175,2001,4,4,1,1,0,0,0,0,1,0
3175,2005,3,3,0,0,0,0,0,0,1,0
3175,2009,1,1,0,0,0,0,0,0,0,0
3192,1994,3,3,1,1,0,0,0,0,0,0
3192,1995,7,7,1,1,0,0,0,0,2,0
3192,1996,4,3,0,0,0,0,0,1,2,0
3192,1997,4,3,3,0,0,2,1,0,0,0
3192,1998,4,3,1,0,0,0,1,0,2,0
3192,2000,3,1,0,0,0,0,2,0,0,0
3192,2001,4,4,0,0,0,0,0,0,0,0
3192,2002,1,1,0,0,0,0,0,0,1,0
3192,2008,2,2,1,0,0,0,0,0,0,0
3204,1995,3,3,0,0,0,0,0,0,1,0
3221,1989,3,3,2,0,0,1,0,0,0,0
3221,1990,3,2,0,0,0,0,0,0,0,1
3221,1991,3,2,1,0,0,0,0,1,1,0
3221,1992,3,3,0,0,0,0,0,0,2,0
3247,2005,3,2,0,0,0,0,1,0,0,0
3247,2006,6,5,1,0,0,0,1,0,0,0
3253,2008,3,3,0,0,0,0,0,0,0,0
3257,1994,3,3,0,0,0,0,0,0,3,0
3257,1996,1,1,1,0,0,0,0,0,0,0
3257,1998,6,5,0,0,0,0,0,1,2,0
3257,2000,3,3,1,0,0,0,0,0,1,0
3266,2008,3,2,1,0,0,0,1,0,1,0
3267,2004,6,6,2,0,0,0,0,0,1,0
3298,1997,7,6,3,0,0,1,1,0,1,0
3298,1998,8,6,0,0,0,0,1,1,2,0
3298,2000,3,2,0,0,0,0,0,1,1,0
3298,2001,4,4,1,0,0,0,0,0,0,0
3298,2005,3,2,1,0,0,0,0,1,0,0
3298,2008,4,4,1,0,0,0,0,0,0,0
3315,2008,3,3,1,0,0,0,0,0,1,0
3319,1989,3,3,2,0,0,0,0,0,1,0
3319,1990,5,4,1,0,0,0,1,0,2,0
3319,1991,6,5,1,1,0,0,1,0,1,0
3319,1993,8,8,3,1,0,1,0,0,1,0
3319,1995,3,3,0,0,0,0,0,0,3,0
3331,1990,7,6,1,0,0,0,1,0,1,0
3335,1998,3,3,0,0,0,0,0,0,1,0
3335,2000,2,2,0,0,0,0,0,0,2,0
3335,2003,2,2,0,0,0,0,0,0,2,0
3339,1999,1,1,0,0,0,0,0,0,1,0
3339,2001,3,2,0,0,0,0,0,0,1,0
3339,2002,2,2,0,0,0,0,0,0,1,0
3339,2004,8,8,2,0,0,0,0,0,1,0
3343,2004,3,3,0,0,0,0,0,0,2,0
3352,2009,3,3,2,1,0,1,0,0,1,0
3355,2000,3,3,0,0,0,0,0,0,1,0
3355,2001,2,2,0,0,0,0,0,0,2,0
3359,1990,6,4,1,1,0,0,2,0,2,0
3359,1991,6,2,0,0,0,0,4,0,0,0
3364,1997,2,2,0,0,0,0,0,0,1,0
3389,2004,1,1,0,0,0,0,0,0,1,0
3401,1991,4,2,1,0,0,0,2,0,1,0
3401,1992,6,5,0,0,0,0,1,0,4,0
3419,1996,2,2,0,0,0,0,0,0,2,0
3419,2001,1,1,1,0,0,0,0,0,0,0
3419,2005,2,2,1,0,0,0,0,0,0,0
3419,2006,3,3,0,0,0,0,0,0,2,0
3427,2001,3,3,1,0,0,0,0,0,2,0
3433,1989,6,5,2,0,0,0,0,0,0,0
3433,1990,12,8,1,0,0,1,3,0,1,0
3434,2009,2,1,0,0,0,0,0,0,0,0
3436,1989,4,3,0,0,0,0,1,0,2,0
3436,1990,5,5,2,0,0,1,0,0,2,0
3436,1991,3,3,1,0,0,0,0,0,2,0
3436,1992,8,7,2,0,0,1,1,0,3,0
3436,1994,3,3,0,0,0,0,0,0,1,0
3441,2001,8,8,3,1,0,0,0,0,3,0
3441,2002,4,4,0,0,0,0,0,0,1,0
3441,2004,15,15,3,1,0,0,0,0,6,0
3441,2007,6,6,1,0,0,0,0,0,0,0
3441,2008,5,4,1,0,0,0,1,0,0,0
3450,1989,10,6,2,1,0,0,2,0,1,0
3450,1990,7,6,3,0,0,0,1,0,0,0
3450,1991,6,6,2,1,0,0,0,0,1,0
3450,1992,4,1,0,0,0,0,3,0,1,0
3450,1993,8,7,1,0,1,0,0,1,0,0
3469,1989,4,4,3,0,0,0,0,0,0,0
3469,1990,6,4,0,0,0,0,2,0,2,0
3469,1993,7,7,1,0,0,0,0,0,0,0
3469,1995,6,6,1,1,0,0,0,0,0,0
3469,1997,7,7,4,1,0,0,0,0,2,0
3469,1998,3,3,0,0,0,0,0,0,2,0
3486,2002,3,2,2,0,0,0,0,1,0,0
3489,1990,4,2,0,0,0,0,2,0,2,0
3489,1991,5,3,2,0,0,1,2,0,1,0
3489,1992,6,5,1,0,0,0,1,0,3,0
3489,1993,8,5,1,0,0,0,3,0,2,0
3489,1994,7,4,0,0,0,0,3,0,2,0
3489,1995,3,3,0,0,0,0,0,0,0,0
3489,1996,4,4,1,0,0,0,0,0,2,0
3489,1998,8,8,4,0,0,0,0,0,3,0
3495,2008,3,3,0,0,0,0,0,0,1,0
3495,2009,2,2,0,0,0,0,0,0,1,0
3502,2005,7,6,1,0,0,0,0,0,1,0
3502,2006,8,7,1,0,0,0,1,0,1,0
3520,1989,2,0,0,0,0,0,1,0,0,0
3520,1990,4,3,1,1,0,0,1,0,0,0
3520,1998,3,3,0,0,0,0,0,0,3,0
3520,2004,3,3,1,0,0,1,0,0,2,0
3520,2005,3,3,0,0,0,0,0,0,1,0
3545,1989,2,2,1,0,0,1,0,0,0,0
3545,1990,11,10,3,1,0,0,1,0,0,0
3545,1991,7,5,1,0,0,1,1,0,2,1
3550,1992,6,6,0,0,0,0,0,0,3,0
3556,1993,2,1,1,1,0,0,1,0,0,0
3556,1994,3,2,0,0,0,0,0,0,2,0
3556,1995,2,2,0,0,0,0,0,0,0,0
3556,1996,3,3,0,0,0,0,0,0,2,0
3556,1998,3,3,1,0,0,0,0,0,1,0
3572,1989,9,5,0,0,0,0,4,0,0,0
3572,1990,10,8,1,0,0,0,2,0,1,0
3572,1991,3,1,0,0,0,0,1,1,0,0
3572,1992,3,2,1,0,0,0,1,0,0,0
3572,1993,3,2,0,0,0,0,0,0,0,0
3572,1994,12,12,3,1,0,1,0,0,2,0
3572,1995,3,3,0,0,0,0,0,0,1,0
3588,2002,2,2,0,0,0,0,0,0,2,0
3595,2001,1,1,0,0,0,0,0,0,1,0
3595,2005,4,4,0,0,0,0,0,0,2,0
3600,2002,2,2,0,0,0,0,0,0,1,0
3600,2004,2,2,0,0,0,0,0,0,0,0
3618,1998,3,2,1,1,0,0,1,0,0,0
3618,2002,3,3,1,0,0,0,0,0,1,0
3625,2004,4,4,1,0,0,0,0,0,1,0
3625,2005,3,3,1,1,0,0,0,0,0,0
3662,2008,3,3,0,0,0,0,0,0,2,0
3662,2009,6,5,2,0,0,0,0,0,2,1
3666,1993,4,4,0,0,0,0,0,0,3,0
3666,1994,3,3,1,0,0,1,0,0,0,0
3682,1989,6,5,0,0,0,0,0,0,2,1
3682,1990,11,10,3,0,0,0,1,0,2,0
3682,1991,3,2,1,1,0,0,1,0,1,0
3682,1993,9,8,2,0,0,0,0,1,4,0
3682,1994,4,1,0,0,0,0,3,0,1,0
3682,2003,2,2,1,0,0,0,0,0,1,0
3682,2004,3,3,0,0,0,0,0,0,1,0
3682,2006,3,3,1,0,0,0,0,0,1,0
3682,2007,3,3,1,0,0,1,0,0,2,0
3683,2008,2,1,0,0,0,0,0,0,0,0
3684,2006,3,3,0,0,0,0,0,0,1,0
3684,2008,3,3,1,0,0,0,0,0,2,0
3684,2009,2,2,0,0,0,0,0,0,0,0
3688,2007,3,3,1,0,0,0,0,0,0,0
3699,2003,2,2,0,0,0,0,0,0,1,0
3699,2004,1,1,1,0,0,0,0,0,0,0
3709,1995,7,6,0,0,0,0,1,0,1,0
3715,2004,6,6,1,0,1,0,0,0,1,0
3726,1988,1,1,1,0,0,0,0,0,0,0
3729,2003,3,3,1,0,0,1,0,0,1,0
3729,2004,4,2,0,0,0,0,2,0,1,0
3734,2005,5,5,0,0,0,0,0,0,2,0
3743,1997,3,3,1,0,0,0,0,0,1,0
3762,1992,4,3,1,0,0,0,1,0,0,0
3762,1994,3,3,0,0,0,0,0,0,0,0
3762,1995,7,7,2,0,0,0,0,0,0,0
3762,1996,1,1,0,0,0,0,0,0,1,0
3762,1997,4,3,2,1,0,0,1,0,1,0
3762,2000,4,2,1,1,0,0,2,0,1,0
3763,1991,5,4,2,0,0,1,1,0,2,0
3763,1992,7,7,3,0,0,1,0,0,2,0
3763,1993,8,5,1,0,0,1,3,0,1,0
3763,1994,7,7,2,0,0,1,0,0,2,0
3763,1995,3,3,0,0,0,0,0,0,2,0
3763,1996,3,3,0,0,0,0,0,0,2,0
3763,1997,6,4,0,0,0,0,2,0,2,0
3763,1998,8,6,1,1,0,0,2,0,3,0
3774,2009,1,1,0,0,0,0,0,0,1,0
3777,2009,1,1,1,0,0,0,0,0,0,0
3794,2000,7,6,2,0,0,0,0,0,3,0
3794,2001,4,4,2,1,0,0,0,0,1,0
3794,2003,3,3,1,0,0,0,0,0,1,0
3794,2007,2,1,1,0,0,0,1,0,0,0
3794,2009,4,4,2,1,0,0,0,0,1,0
3804,1989,2,1,1,0,0,0,0,0,0,1
3804,1990,13,12,2,0,0,2,1,0,6,0
3804,1991,10,10,1,1,0,0,0,0,1,0
3804,1992,11,11,2,1,0,0,0,0,4,0
3804,1993,6,4,0,0,0,0,2,0,3,0
3804,1995,7,7,2,1,0,0,0,0,2,0
3804,1998,3,1,0,0,0,0,1,1,0,0
3804,1999,9,9,2,0,0,0,0,0,3,0
3809,2001,2,1,0,0,0,0,0,0,1,0
3810,1989,5,5,1,0,0,0,0,0,2,0
3810,1990,5,5,1,0,0,1,0,0,2,0
3810,1991,6,5,0,0,0,0,1,0,1,0
3810,1992,3,2,0,0,0,0,1,0,1,0
3810,1993,10,9,1,0,0,0,1,0,7,0
3810,1995,7,7,3,0,0,0,0,0,4,0
3817,1997,3,3,1,0,0,0,0,0,1,0
3817,2000,6,6,1,0,0,1,0,0,4,0
3817,2001,8,7,0,0,0,0,0,1,4,0
3817,2002,4,4,3,0,0,0,0,0,1,0
3817,2003,3,3,0,0,0,0,0,0,3,0
3825,1989,2,2,0,0,0,0,0,0,0,0
3825,1990,6,6,0,0,0,0,0,0,0,0
3825,1991,6,5,3,1,0,0,0,1,1,0
3825,1995,1,1,0,0,0,0,0,0,0,0
3831,1990,5,3,0,0,0,0,2,0,0,0
3831,1991,7,4,2,0,0,0,3,0,1,0
3831,1993,7,6,2,0,0,0,0,1,0,0
3831,1994,3,0,0,0,0,0,2,0,0,0
3831,1995,4,4,0,0,0,0,0,0,4,0
3834,2009,2,2,1,0,0,1,0,0,1,0
3844,1990,3,3,1,0,0,0,0,0,1,0
3846,1989,3,2,0,0,0,0,1,0,1,0
3846,1998,7,7,2,0,0,0,0,0,3,0
3846,1999,8,6,1,0,0,1,2,0,1,0
3846,2000,7,5,1,0,0,0,2,0,3,0
3846,2001,9,6,1,0,0,0,3,0,4,0
3846,2002,17,17,2,1,0,1,0,0,3,0
3861,1997,4,4,0,0,0,0,0,0,2,0
3864,2004,6,5,0,0,0,0,1,0,2,0
3869,1998,4,4,0,0,0,0,0,0,3,0
3875,2004,3,3,0,0,0,0,0,0,2,0
3896,1997,10,10,1,1,0,0,0,0,5,0
3896,1998,8,5,2,0,0,1,2,1,2,0
3916,2001,4,4,0,0,0,0,0,0,2,0
3923,2000,2,2,0,0,0,0,0,0,1,0
3960,1993,11,10,1,0,0,0,1,0,2,0
3960,1994,8,8,1,0,0,0,0,0,2,0
3960,1995,4,3,0,0,0,0,1,0,3,0
3960,1998,3,3,1,0,0,0,0,0,1,0
3963,2006,4,3,0,0,0,0,0,1,0,0
3963,2008,2,2,0,0,0,0,0,0,0,0
3995,1989,1,1,0,0,0,0,0,0,0,0
3995,1990,4,2,1,1,0,0,2,0,0,0
3995,1991,3,3,0,0,0,0,0,0,1,0
3999,2006,5,4,2,0,0,0,1,0,1,0
4006,2008,3,3,2,0,1,0,0,0,0,0
4012,1997,1,1,0,0,0,0,0,0,0,0
4012,2000,3,3,1,0,0,0,0,0,1,0
4012,2002,4,2,1,0,0,0,1,1,0,0
4012,2009,3,3,0,0,0,0,0,0,1,0
4020,2006,3,3,0,0,0,0,0,0,2,0
4027,1999,3,3,1,0,0,0,0,0,0,0
4028,1991,8,5,0,0,0,0,3,0,3,0
4038,1995,8,8,0,0,0,0,0,0,8,0
4038,1997,2,1,0,0,0,0,0,0,1,0
4038,2000,2,2,0,0,0,0,0,0,0,0
4038,2001,3,3,1,0,0,1,0,0,1,0
4039,2005,3,3,2,0,0,0,0,0,0,0
4050,2000,4,4,0,0,0,0,0,0,3,0
4053,1996,1,1,0,0,0,0,0,0,1,0
4053,1997,2,2,0,0,0,0,0,0,1,0
4053,1998,4,3,0,0,0,0,1,0,2,0
4053,1999,4,4,0,0,0,0,0,0,1,0
4053,2000,4,4,0,0,0,0,0,0,1,0
4053,2001,3,3,1,0,0,0,0,0,2,0
4053,2002,3,3,1,0,0,1,0,0,1,0
4053,2004,7,7,0,0,0,0,0,0,3,0
4053,2007,3,3,1,0,0,0,0,0,1,0
4053,2008,3,2,0,0,0,0,1,0,0,0
4056,2003,3,3,1,0,0,1,0,0,1,0
4056,2006,3,3,0,0,0,0,0,0,1,0
4056,2007,3,3,0,0,0,0,0,0,2,0
4075,2002,3,3,0,0,0,0,0,0,2,0
4075,2003,4,4,1,0,0,0,0,0,2,0
4075,2004,6,6,2,1,0,0,0,0,4,0
4075,2005,3,3,0,0,0,0,0,0,0,0
4081,1996,1,1,0,0,0,0,0,0,1,0
4081,2000,7,7,1,0,0,0,0,0,4,0
4081,2001,6,5,0,0,0,0,1,0,1,0
4081,2002,4,4,0,0,0,0,0,0,3,0
4088,1989,5,4,2,0,0,0,1,0,1,0
4088,1990,11,11,4,1,0,0,0,0,1,0
4088,1991,10,6,1,1,0,0,3,0,1,1
4088,1992,8,6,2,0,0,0,1,0,1,1
4088,1993,4,4,1,0,0,1,0,0,1,0
4090,1998,6,6,1,0,0,0,0,0,2,0
4090,1999,12,11,4,1,0,0,1,0,1,0
4090,2000,10,9,3,0,0,0,1,0,2,0
4090,2001,4,4,1,0,0,0,0,0,2,0
4090,2002,8,8,2,0,0,1,0,0,3,0
4090,2004,3,3,1,0,0,0,0,0,2,0
4093,2000,2,1,1,0,0,1,1,0,0,0
4093,2001,4,2,0,0,0,0,1,0,2,1
4093,2006,5,3,3,2,0,1,1,0,0,1
4093,2008,5,5,0,0,0,0,0,0,1,0
4095,1999,6,5,0,0,0,0,0,0,4,0
4095,2000,6,4,0,0,0,0,2,0,3,0
4095,2001,3,3,0,0,0,0,0,0,2,0
4095,2004,2,2,0,0,0,0,0,0,1,0
4101,2008,2,2,0,0,0,0,0,0,0,0
4133,1993,3,3,1,1,0,0,0,0,0,0
4133,1994,5,3,1,0,0,0,2,0,1,0
4133,1995,2,2,0,0,0,0,0,0,2,0
4133,1999,6,5,1,0,0,0,1,0,0,0
4133,2000,4,4,1,0,0,0,0,0,1,0
4133,2001,3,3,1,0,0,0,0,0,1,0
4133,2004,3,2,0,0,0,0,1,0,0,0
4133,2005,12,11,3,0,0,1,1,0,1,0
4133,2006,8,7,4,1,0,0,1,0,1,0
4133,2008,4,4,2,0,0,0,0,0,0,0
4134,2008,4,4,2,1,0,0,0,0,0,0
4136,2005,8,7,3,0,0,1,1,0,3,0
4136,2006,5,2,2,1,0,0,3,0,0,0
4138,1991,3,3,0,0,0,0,0,0,1,0
4138,1992,4,1,0,0,0,0,3,0,1,0
4138,1993,7,4,0,0,0,0,2,1,2,0
4138,1994,3,2,2,1,0,1,1,0,0,0
4138,1995,6,5,1,0,0,0,1,0,3,0
4152,1994,2,1,0,0,0,0,1,0,0,0
4152,1995,3,3,0,0,0,0,0,0,2,0
4152,1996,2,2,0,0,0,0,0,0,1,0
4152,1997,6,6,1,0,0,0,0,0,2,0
4152,1998,3,3,2,0,0,0,0,0,1,0
4152,2002,4,4,2,0,1,0,0,0,1,0
4152,2004,9,9,2,1,1,0,0,0,5,0
4152,2005,12,12,3,1,0,0,0,0,3,0
4153,1999,3,3,1,0,0,0,0,0,1,0
4153,2001,6,6,2,1,0,0,0,0,1,0
4153,2002,3,3,0,0,0,0,0,0,2,0
4153,2003,2,2,1,0,0,0,0,0,1,0
4153,2004,6,6,1,0,0,1,0,0,1,0
4153,2006,7,6,4,1,0,0,1,0,2,0
4154,2007,3,1,1,0,0,1,1,1,0,0
4154,2008,9,7,1,1,0,0,1,1,2,0
4154,2009,1,1,0,0,0,0,0,0,1,0
4156,2009,3,3,0,0,0,0,0,0,0,0
4165,2008,6,6,2,0,0,0,0,0,2,0
4171,1992,3,1,0,0,0,0,2,0,1,0
4172,1989,3,3,0,0,0,0,0,0,1,0
4172,1991,6,5,0,0,0,0,1,0,0,0
4172,1992,10,8,4,0,0,1,2,0,4,0
4172,1993,5,5,3,1,0,2,0,0,1,0
4172,1994,7,5,0,0,0,0,1,1,1,0
4172,1995,11,11,1,0,0,0,0,0,3,0
4172,1996,2,2,1,0,0,0,0,0,0,0
4172,1997,14,13,4,2,0,0,1,0,2,0
4172,1998,6,5,2,0,0,2,1,0,2,0
4172,1999,7,7,2,0,0,0,0,0,2,0
4173,2006,1,0,0,0,0,0,0,0,0,0
4175,1998,4,3,0,0,0,0,1,0,3,0
4175,2007,2,1,0,0,0,0,0,1,0,0
4178,2004,12,12,2,0,0,0,0,0,7,0
4191,1990,3,2,1,0,0,0,1,0,1,0
4191,1991,6,5,3,0,0,0,0,1,1,0
4191,1992,7,3,1,0,0,1,2,2,0,0
4191,1993,7,5,2,1,0,0,2,0,0,0
4191,1995,1,1,1,1,0,0,0,0,0,0
4192,2003,7,7,1,1,0,0,0,0,1,0
4197,2000,1,1,0,0,0,0,0,0,0,0
4197,2001,7,5,1,0,0,0,2,0,3,0
4197,2002,6,4,2,0,0,0,2,0,2,0
4197,2005,3,3,1,0,0,0,0,0,1,0
4202,1995,4,4,0,0,0,0,0,0,4,0
4209,1995,7,5,0,0,0,0,2,0,3,0
4209,1996,4,4,2,0,0,0,0,0,1,0
4209,1997,3,3,0,0,0,0,0,0,0,0
4209,1998,2,2,0,0,0,0,0,0,2,0
4209,1999,1,1,0,0,0,0,0,0,0,0
4209,2000,7,7,2,1,0,0,0,0,2,0
4209,2004,1,1,0,0,0,0,0,0,0,0
4211,2008,3,3,1,0,0,0,0,0,0,0
4241,2007,1,1,0,0,0,0,0,0,0,0
4252,1988,3,3,0,0,0,0,0,0,1,0
4252,1998,3,2,0,0,0,0,1,0,1,0
4252,2000,7,5,1,0,0,0,1,1,1,0
4256,1998,3,3,0,0,0,0,0,0,0,0
4256,2005,9,9,4,0,0,1,0,0,0,0
4256,2006,3,3,0,0,0,0,0,0,1,0
4268,2006,3,3,0,0,0,0,0,0,2,0
4295,1990,7,6,0,0,0,0,1,0,2,0
4295,1991,8,7,0,0,0,0,1,0,2,0
4295,1992,1,0,0,0,0,0,0,1,0,0
4295,1995,6,4,0,0,0,0,2,0,1,0
4295,1997,6,4,0,0,0,0,2,0,0,0
4308,1990,3,3,0,0,0,0,0,0,0,0
4314,2004,9,9,2,1,0,1,0,0,2,0
4314,2007,3,3,3,2,0,0,0,0,0,0
4314,2008,8,8,2,1,0,0,0,0,4,0
4316,1990,7,6,1,1,0,0,1,0,0,0
4316,1991,4,4,3,1,0,1,0,0,1,0
4316,1992,3,3,1,0,0,0,0,0,0,0
4316,1993,5,4,0,0,0,0,0,1,3,0
4316,1996,1,1,0,0,0,0,0,0,0,0
4317,2004,3,3,0,0,0,0,0,0,2,0
4317,2005,6,5,3,0,0,0,0,1,1,0
4317,2006,3,3,0,0,0,0,0,0,1,0
4320,1994,4,3,1,0,0,0,1,0,0,0
4320,1995,2,2,0,0,0,0,0,0,2,0
4320,1996,1,1,0,0,0,0,0,0,1,0
4320,1997,7,6,0,0,0,0,1,0,5,0
4323,1997,5,5,0,0,0,0,0,0,2,0
4323,2000,11,10,4,0,0,0,1,0,2,0
4323,2001,11,9,2,1,0,0,1,1,2,0
4323,2002,14,13,5,2,0,2,1,0,2,0
4323,2003,11,8,3,1,0,0,3,0,1,0
4323,2004,9,9,1,0,0,0,0,0,6,0
4323,2007,3,3,1,0,0,0,0,0,0,0
4324,2000,4,3,0,0,0,0,1,0,3,0
4330,1997,3,3,1,0,0,0,0,0,0,0
4330,2004,9,9,1,1,0,0,0,0,3,0
4331,2009,2,2,0,0,0,0,0,0,1,0
4347,1997,1,1,0,0,0,0,0,0,1,0
4347,2000,3,2,1,0,0,0,1,0,0,0
4357,1999,4,3,0,0,0,0,0,1,1,0
4357,2002,2,2,0,0,0,0,0,0,2,0
4367,1997,6,6,0,0,0,0,0,0,3,0
4367,1998,3,3,0,0,0,0,0,0,3,0
4367,1999,3,3,1,0,0,0,0,0,1,0
4367,2000,2,2,0,0,0,0,0,0,1,0
4367,2001,11,11,0,0,0,0,0,0,7,0
4367,2002,15,15,4,0,0,3,0,0,4,0
4367,2003,3,3,1,1,0,0,0,0,1,0
4367,2004,15,14,4,0,0,1,1,0,2,0
4389,1989,4,4,0,0,0,0,0,0,1,0
4389,1990,6,6,1,0,0,0,0,0,1,0
4389,1991,4,4,1,0,0,1,0,0,1,0
4389,1992,7,6,0,0,0,0,1,0,2,0
4390,1999,15,13,2,0,0,1,2,0,7,0
4390,2000,11,9,1,0,1,0,2,0,2,0
4390,2001,7,7,2,0,0,0,0,0,2,0
4390,2002,9,9,3,0,0,0,0,0,1,0
4390,2005,3,3,2,0,0,0,0,0,1,0
4390,2006,5,5,0,0,0,0,0,0,3,0
4390,2008,3,3,1,0,0,0,0,0,1,0
4414,1989,3,2,0,0,0,0,0,0,2,1
4417,1999,4,4,1,0,0,0,0,0,1,0
4417,2000,10,10,2,0,0,0,0,0,4,0
4417,2001,3,3,1,0,0,1,0,0,1,0
4417,2002,4,4,1,0,0,0,0,0,2,0
4417,2003,3,3,1,0,0,1,0,0,1,0
4417,2005,6,6,0,0,0,0,0,0,1,0
4417,2006,6,6,3,0,0,0,0,0,0,0
4419,1999,8,7,3,0,0,0,0,1,1,0
4419,2000,11,11,4,0,0,0,0,0,1,0
4419,2002,4,4,1,0,0,0,0,0,1,0
4424,2003,3,3,3,1,0,1,0,0,0,0
4424,2005,3,3,0,0,0,0,0,0,1,0
4425,2005,3,3,1,0,0,0,0,0,0,0
4425,2006,6,6,1,1,0,0,0,0,2,0
4426,1998,10,10,2,0,0,0,0,0,7,0
4426,2008,3,3,2,0,0,0,0,0,0,0
4428,1989,2,1,0,0,0,0,1,0,1,0
4428,1990,3,3,0,0,0,0,0,0,1,0
4428,1993,2,2,0,0,0,0,0,0,0,0
4428,1994,3,3,1,0,0,0,0,0,2,0
4428,1996,2,2,1,0,0,0,0,0,0,0
4428,1997,3,3,1,0,0,0,0,0,1,0
4428,1998,4,4,1,0,0,0,0,0,0,0
4428,1999,3,3,1,0,0,0,0,0,0,0
4452,2006,3,3,0,0,0,0,0,0,0,0
4452,2009,2,2,1,0,0,0,0,0,0,0
4453,1988,3,3,0,0,0,0,0,0,1,0
4456,2000,7,5,0,0,0,0,2,0,1,0
4456,2001,5,4,2,0,0,0,1,0,1,0
4460,2009,3,3,1,0,0,0,0,0,1,0
4464,2004,4,4,2,0,0,0,0,0,0,0
4477,1998,4,4,0,0,0,0,0,0,2,0
4477,1999,7,7,1,0,0,0,0,0,2,0
4477,2001,1,1,0,0,0,0,0,0,0,0
4494,2005,3,2,1,1,0,0,0,0,0,1
4494,2006,6,6,1,0,0,0,0,0,2,0
4506,2002,3,3,0,0,0,0,0,0,0,0
4506,2004,3,2,1,0,0,0,1,0,0,0
4506,2006,3,3,0,0,0,0,0,0,1,0
4506,2008,3,2,0,0,0,0,1,0,0,0
4508,2008,13,12,2,0,0,1,1,0,5,0
4510,2004,2,2,0,0,0,0,0,0,1,0
4518,2002,1,1,0,0,0,0,0,0,1,0
4518,2004,4,4,0,0,0,0,0,0,3,0
4518,2005,3,3,0,0,0,0,0,0,0,0
4518,2008,5,5,0,0,0,0,0,0,4,0
4518,2009,2,2,1,1,0,0,0,0,1,0
4528,1989,3,3,0,0,0,0,0,0,0,0
4528,1991,7,7,1,0,0,0,0,0,0,0
4528,1992,8,6,2,0,0,0,2,0,0,0
4531,2004,3,2,0,0,0,0,0,0,1,1
4531,2005,9,9,1,0,0,0,0,0,1,0
4531,2006,3,3,1,0,0,0,0,0,0,0
4537,1997,11,10,2,0,0,1,0,1,7,0
4537,1998,7,6,2,2,0,0,1,0,2,0
4537,2002,3,3,0,0,0,0,0,0,2,0
4547,1991,2,2,0,0,0,0,0,0,1,0
4547,1993,8,7,1,0,0,0,0,0,2,0
4560,1994,1,1,1,0,0,0,0,0,0,0
4560,1995,4,4,0,0,0,0,0,0,3,0
4560,1997,8,8,1,0,0,1,0,0,4,0
4560,1998,4,4,1,0,0,0,0,0,1,0
4560,1999,8,8,2,0,0,0,0,0,3,0
4560,2000,3,2,0,0,0,0,1,0,0,0
4560,2002,7,7,3,1,0,1,0,0,3,0
4560,2003,6,5,1,0,0,0,1,0,2,0
4560,2004,2,1,0,0,0,0,1,0,0,0
4570,2001,2,2,0,0,0,0,0,0,1,0
4570,2002,1,1,0,0,0,0,0,0,1,0
4570,2004,2,2,0,0,0,0,0,0,1,0
4591,2008,2,2,2,0,0,0,0,0,0,0
4594,2009,6,5,2,0,1,0,0,1,1,0
4611,2003,2,2,0,0,0,0,0,0,2,0
4616,2008,6,5,3,0,0,2,1,0,1,0
4616,2009,2,2,0,0,0,0,0,0,1,0
4619,2008,2,1,0,0,0,0,0,0,1,0
4626,1988,2,2,0,0,0,0,0,0,2,0
4629,2008,3,3,0,0,0,0,0,0,1,0
4632,1989,3,3,1,0,0,0,0,0,0,0
4632,1990,10,8,1,1,0,0,2,0,1,0
4632,1991,7,7,4,0,0,0,0,0,1,0
4632,1992,8,8,1,0,0,0,0,0,0,0
4632,1993,10,10,4,1,0,0,0,0,1,0
4632,1994,3,3,0,0,0,0,0,0,2,0
4639,2008,3,3,1,1,0,0,0,0,0,0
4648,1991,3,2,1,0,0,0,1,0,1,0
4648,1992,2,2,0,0,0,0,0,0,2,0
4648,1993,4,3,0,0,0,0,1,0,1,0
4664,2002,1,1,0,0,0,0,0,0,0,0
4682,2008,6,6,2,0,0,0,0,0,1,0
4682,2009,2,2,0,0,0,0,0,0,1,0
4704,2003,3,3,1,0,0,0,0,0,0,0
4707,1997,4,4,1,0,0,0,0,0,1,0
4707,1998,4,4,1,0,0,0,0,0,1,0
4707,2000,4,4,2,2,0,0,0,0,1,0
4713,1992,7,6,0,0,0,0,1,0,4,0
4713,1993,4,4,0,0,0,0,0,0,1,0
4713,1994,4,4,1,0,0,0,0,0,0,0
4713,1995,2,2,0,0,0,0,0,0,0,0
4723,1997,3,3,1,0,0,0,0,0,1,0
4723,2005,3,3,2,0,0,0,0,0,0,0
4733,2004,3,3,0,0,0,0,0,0,1,0
4733,2008,6,6,0,0,0,0,0,0,3,0
4738,1992,11,9,0,0,0,0,0,1,2,1
4738,1998,3,3,0,0,0,0,0,0,2,0
4738,2000,3,3,0,0,0,0,0,0,1,0
4741,1989,2,2,1,0,0,1,0,0,0,0
4752,2008,6,6,0,0,0,0,0,0,4,0
4766,1989,3,3,0,0,0,0,0,0,1,0
4766,1990,4,4,0,0,0,0,0,0,2,0
4806,2001,3,3,0,0,0,0,0,0,3,0
4806,2003,6,6,0,0,0,0,0,0,5,0
4806,2004,6,4,2,0,1,0,2,0,1,0
4806,2005,3,3,1,0,0,0,0,0,2,0
4806,2007,4,4,1,0,0,0,0,0,2,0
4806,2008,3,2,0,0,0,0,1,0,0,0
4806,2009,3,3,0,0,0,0,0,0,1,0
4808,1999,4,3,1,0,0,0,0,1,1,0
4808,2000,4,4,1,1,0,0,0,0,0,0
4808,2001,7,7,2,1,0,0,0,0,1,0
4808,2002,11,11,1,1,0,0,0,0,3,0
4808,2003,6,5,1,0,0,0,1,0,1,0
4808,2004,10,10,4,1,0,0,0,0,3,0
4808,2007,2,2,0,0,0,0,0,0,0,0
4808,2009,6,6,3,1,0,0,0,0,1,0
4811,1991,3,2,0,0,0,0,1,0,0,0
4811,1992,3,2,1,0,0,0,1,0,1,0
4811,1993,9,7,1,0,0,1,2,0,5,0
4811,1994,9,9,1,0,0,0,0,0,5,0
4815,1989,4,4,0,0,0,0,0,0,3,0
4815,1990,6,6,2,0,0,1,0,0,1,0
4815,1991,7,6,1,1,0,0,1,0,1,0
4815,1993,8,8,2,0,0,2,0,0,4,0
4826,1989,7,2,1,0,0,0,5,0,1,0
4826,1990,10,7,2,1,0,0,3,0,3,0
4826,1991,4,3,0,0,0,0,1,0,1,0
4826,1992,4,2,0,0,0,0,2,0,1,0
4826,1993,17,13,1,0,0,0,4,0,9,0
4826,1994,8,6,1,1,0,0,2,0,3,0
4826,1995,3,3,0,0,0,0,0,0,0,0
4826,1997,3,3,0,0,0,0,0,0,3,0
4826,1998,8,4,1,1,0,0,4,0,2,0
4826,1999,4,3,1,0,0,0,1,0,1,0
4826,2001,13,10,0,0,0,0,3,0,4,0
4826,2003,4,3,0,0,0,0,1,0,2,0
4830,1989,3,3,1,0,0,0,0,0,0,0
4857,2000,3,3,1,0,0,0,0,0,2,0
4870,2002,4,4,0,0,0,0,0,0,2,0
4872,2008,3,2,0,0,0,0,1,0,2,0
4877,2009,1,1,0,0,0,0,0,0,0,0
4879,1998,4,4,1,0,0,1,0,0,1,0
4879,2000,7,7,0,0,0,0,0,0,0,0
4882,2002,2,2,1,0,0,0,0,0,1,0
4885,2009,3,3,1,1,0,0,0,0,1,0
4900,1991,3,3,0,0,0,0,0,0,1,0
4900,1998,3,3,0,0,0,0,0,0,2,0
4900,1999,6,4,0,0,0,0,2,0,3,0
4900,2000,3,3,0,0,0,0,0,0,2,0
4900,2001,3,3,1,0,0,0,0,0,2,0
4900,2002,6,6,1,0,0,0,0,0,5,0
4900,2003,2,2,1,0,0,1,0,0,1,0
4900,2004,9,8,4,2,0,0,1,0,2,0
4900,2005,3,2,2,0,0,0,1,0,0,0
4910,2000,3,3,1,0,0,0,0,0,0,0
4910,2001,2,2,1,0,0,0,0,0,0,0
4910,2002,2,2,0,0,0,0,0,0,1,0
4910,2004,2,1,0,0,0,0,0,0,0,0
4921,1999,3,3,0,0,0,0,0,0,1,0
4921,2000,3,3,0,0,0,0,0,0,2,0
4921,2004,3,3,1,0,0,0,0,0,0,0
4921,2006,12,11,2,0,0,1,1,0,0,0
4942,2008,2,2,1,0,0,0,0,0,0,0
4952,1989,2,2,2,0,0,0,0,0,0,0
4971,1993,6,6,2,0,0,1,0,0,4,0
4971,1995,2,2,0,0,0,0,0,0,1,0
4971,2001,1,1,1,0,0,0,0,0,0,0
4986,2000,7,5,1,1,0,0,1,1,3,0
4986,2001,3,1,0,0,0,0,2,0,1,0
4986,2002,6,5,3,0,0,1,1,0,1,0
4986,2004,3,3,0,0,0,0,0,0,3,0
4986,2005,3,3,0,0,0,0,0,0,1,0
4988,1997,2,2,0,0,0,0,0,0,2,0
4988,1998,4,3,2,0,0,0,1,0,1,0
4997,2005,3,2,2,0,0,0,1,0,0,0
4997,2006,5,4,1,1,0,0,1,0,0,0
5005,1990,6,6,2,0,0,1,0,0,1,0
5005,1991,4,2,0,0,0,0,2,0,1,0
5005,1992,7,6,0,0,0,0,1,0,2,0
5005,1993,10,8,2,0,0,0,0,0,4,2
5005,1998,3,3,1,0,0,1,0,0,1,0
5005,1999,11,11,8,3,0,0,0,0,1,0
5005,2000,3,3,0,0,0,0,0,0,3,0
5012,1989,2,1,0,0,0,0,0,0,1,0
5013,2009,1,1,0,0,0,0,0,0,0,0
5018,2005,8,8,3,0,0,0,0,0,1,0
5018,2006,5,4,2,1,0,0,1,0,0,0
5026,1998,3,3,1,0,0,0,0,0,0,0
5033,2005,4,4,1,0,0,1,0,0,2,0
5042,2007,2,2,0,0,0,0,0,0,2,0
5045,1999,4,4,0,0,0,0,0,0,3,0
5045,2000,1,1,0,0,0,0,0,0,1,0
5053,2008,2,2,0,0,0,0,0,0,2,0
5055,1998,3,3,0,0,0,0,0,0,1,0
5081,1990,3,3,1,0,0,0,0,0,1,0
5081,1992,4,3,1,0,0,0,1,0,1,0
5081,1993,7,4,2,0,0,1,2,1,1,0
5081,1994,3,3,0,0,0,0,0,0,3,0
5081,1995,9,9,2,0,0,1,0,0,5,0
5081,1996,2,2,0,0,0,0,0,0,1,0
5081,1997,10,7,3,1,0,2,3,0,3,0
5091,1996,1,1,0,0,0,0,0,0,0,0
5091,1997,12,11,1,0,0,0,1,0,3,0
5091,1998,4,3,1,1,0,0,1,0,2,0
5092,2005,7,7,2,1,0,1,0,0,1,0
5092,2006,8,7,2,1,0,1,1,0,1,0
5101,2004,6,6,1,0,1,0,0,0,1,0
5101,2007,2,2,0,0,0,0,0,0,1,0
5101,2008,6,6,1,0,0,0,0,0,2,0
5101,2009,6,6,1,1,0,0,0,0,1,0
5176,1999,1,1,0,0,0,0,0,0,1,0
5185,1991,3,3,0,0,0,0,0,0,0,0
5185,1992,8,8,2,1,0,0,0,0,5,0
5185,1995,8,8,0,0,0,0,0,0,2,0
5185,1996,4,4,0,0,0,0,0,0,0,0
5185,1997,4,3,0,0,0,0,1,0,1,0
5185,1999,6,5,2,2,0,0,1,0,1,0
5194,2008,3,3,0,0,0,0,0,0,1,0
5198,1992,4,4,0,0,0,0,0,0,1,0
5198,1993,10,8,2,0,0,0,2,0,3,0
5198,1999,7,7,2,0,0,0,0,0,3,0
5202,1989,6,5,0,0,0,0,1,0,3,0
5216,1990,7,5,3,0,0,0,2,0,0,0
5216,1991,6,6,1,0,0,0,0,0,1,0
5221,1989,3,3,0,0,0,0,0,0,0,0
5224,1999,4,4,0,0,0,0,0,0,2,0
5224,2002,2,1,0,0,0,0,0,0,0,1
5225,2008,6,4,1,0,0,1,1,1,2,0
5230,1994,5,5,3,2,0,0,0,0,1,0
5230,1995,10,10,3,1,0,0,0,0,5,0
5230,1996,3,3,1,0,0,1,0,0,1,0
5240,2004,2,2,0,0,0,0,0,0,1,0
5241,2005,6,5,0,0,0,0,1,0,1,0
5241,2009,3,3,3,1,0,1,0,0,0,0
5243,1999,2,2,0,0,0,0,0,0,2,0
5244,2004,3,3,2,0,0,0,0,0,0,0
5244,2005,9,8,1,0,0,0,0,1,0,0
5247,1991,9,7,1,0,0,0,1,0,4,0
5247,1994,6,5,0,0,0,0,1,0,5,0
5250,1999,3,3,1,0,0,0,0,0,1,0
5265,1990,3,2,0,0,0,0,1,0,0,0
5265,1991,3,2,0,0,0,0,0,1,1,0
5265,1993,1,1,0,0,0,0,0,0,1,0
5268,1994,6,6,0,0,0,0,0,0,4,0
5268,1995,6,6,1,0,1,0,0,0,0,0
5277,2008,5,5,2,0,0,1,0,0,1,0
5277,2009,1,1,0,0,0,0,0,0,1,0
5279,1999,3,3,0,0,0,0,0,0,3,0
5279,2000,3,3,1,0,0,1,0,0,2,0
5280,1999,7,7,3,0,0,1,0,0,4,0
5280,2000,6,5,0,0,0,0,1,0,4,0
5281,1997,7,7,0,0,0,0,0,0,2,0
5281,1998,4,4,0,0,0,0,0,0,1,0
5281,2000,8,7,2,0,0,0,1,0,2,0
5281,2001,3,2,1,0,0,0,1,0,0,0
5281,2002,7,7,3,2,0,0,0,0,3,0
5292,2004,4,4,1,0,0,0,0,0,1,0
5292,2005,3,3,0,0,0,0,0,0,3,0
5309,1999,4,4,1,0,0,0,0,0,1,0
5309,2000,4,2,0,0,0,0,1,0,1,1
5310,1990,2,1,0,0,0,0,1,0,1,0
5321,2001,1,1,0,0,0,0,0,0,0,0
5322,2008,6,6,1,0,0,1,0,0,3,0
5322,2009,2,2,0,0,0,0,0,0,1,0
5324,2005,6,6,0,0,0,0,0,0,2,0
5324,2006,4,3,0,0,0,0,0,0,1,1
5332,2005,4,4,1,0,0,1,0,0,2,0
5332,2006,6,6,1,0,0,0,0,0,1,0
5332,2008,4,3,0,0,0,0,1,0,1,0
5335,1989,10,8,2,1,0,0,1,1,1,0
5335,1990,10,8,3,0,0,0,1,1,4,0
5335,1991,2,1,0,0,0,0,1,0,1,0
5335,1997,6,6,1,0,0,0,0,0,4,0
5340,2006,5,5,2,0,0,1,0,0,0,0
5340,2008,3,3,0,0,0,0,0,0,1,0
5341,2002,3,1,0,0,0,0,2,0,1,0
5341,2005,3,2,1,1,0,0,1,0,0,0
5341,2006,5,3,0,0,0,0,1,1,0,0
5341,2008,3,3,0,0,0,0,0,0,1,0
5368,2002,17,17,5,1,0,0,0,0,3,0
5368,2003,10,10,2,1,0,0,0,0,0,0
5368,2004,9,9,2,0,0,0,0,0,1,0
5368,2008,6,6,2,0,0,0,0,0,1,0
5369,2005,5,4,0,0,0,0,1,0,2,0
5375,1989,3,2,0,0,0,0,1,0,1,0
5375,1990,6,5,3,0,0,1,1,0,0,0
5375,1991,3,3,0,0,0,0,0,0,3,0
5375,1993,2,2,0,0,0,0,0,0,2,0
5375,1994,8,8,2,0,0,0,0,0,5,0
5380,1988,7,7,3,2,0,0,0,0,1,0
5380,1993,3,3,1,0,0,0,0,0,2,0
5380,1994,4,3,1,0,0,0,1,0,1,0
5380,1998,4,4,0,0,0,0,0,0,1,0
5381,1999,11,10,2,0,0,0,1,0,4,0
5381,2000,7,4,2,2,0,0,3,0,1,0
5381,2001,12,10,1,0,0,0,2,0,7,0
5381,2002,1,1,0,0,0,0,0,0,1,0
5384,2003,3,3,0,0,0,0,0,0,2,0
5405,1989,6,6,0,0,0,0,0,0,4,0
5405,1990,7,6,0,0,0,0,1,0,0,0
5405,1991,4,3,1,0,0,0,1,0,2,0
5405,1992,10,7,1,0,0,0,3,0,3,0
5414,1992,3,3,0,0,0,0,0,0,1,0
5414,1993,12,11,2,0,0,0,1,0,5,0
5414,1994,3,3,0,0,0,0,0,0,1,0
5414,1996,5,3,0,0,0,0,2,0,2,0
5414,1997,4,4,0,0,0,0,0,0,1,0
5414,1998,4,4,1,0,0,0,0,0,2,0
5414,1999,3,3,0,0,0,0,0,0,2,0
5419,1988,3,3,1,0,0,1,0,0,1,0
5419,1989,2,1,0,0,0,0,1,0,0,0
5419,1990,7,6,3,0,1,1,1,0,2,0
5419,1991,9,9,2,0,0,0,0,0,5,0
5419,1993,4,4,0,0,0,0,0,0,2,0
5419,1994,2,2,1,0,0,1,0,0,1,0
5419,1995,3,3,0,0,0,0,0,0,1,0
5423,1989,4,4,0,0,0,0,0,0,0,0
5423,1995,3,3,0,0,0,0,0,0,2,0
5444,2001,4,2,1,0,0,0,1,1,1,0
5444,2002,2,2,0,0,0,0,0,0,1,0
5444,2003,3,3,0,0,0,0,0,0,0,0
5453,1989,3,2,0,0,0,0,1,0,1,0
5453,1993,7,6,1,0,0,0,1,0,0,0
5453,1994,12,12,3,1,0,0,0,0,2,0
5453,1995,6,6,1,0,0,0,0,0,3,0
5453,1998,3,3,0,0,0,0,0,0,2,0
5461,1992,12,11,3,2,0,0,1,0,2,0
5461,1998,7,6,1,0,0,0,1,0,0,0
5465,1991,3,3,0,0,0,0,0,0,2,0
5465,1993,10,9,1,0,0,0,1,0,4,0
5465,1996,2,2,1,0,0,0,0,0,1,0
5470,1990,6,4,1,0,0,0,1,0,0,0
5474,2002,3,3,1,0,0,0,0,0,2,0
5474,2003,3,3,3,1,0,0,0,0,0,0
5474,2004,6,6,0,0,0,0,0,0,3,0
5474,2005,3,2,0,0,0,0,0,1,0,0
5480,2002,1,1,0,0,0,0,0,0,1,0
5480,2003,1,1,0,0,0,0,0,0,1,0
5480,2004,6,6,2,2,0,0,0,0,0,0
5491,1995,6,6,2,1,0,0,0,0,2,0
5491,1996,1,1,0,0,0,0,0,0,1,0
5491,2002,4,4,1,0,0,1,0,0,1,0
5493,1992,2,2,0,0,0,0,0,0,1,0
5498,2001,11,10,2,0,0,0,1,0,5,0
5498,2002,4,4,1,0,0,0,0,0,1,0
5498,2003,3,3,0,0,0,0,0,0,1,0
5498,2004,4,4,1,0,0,0,0,0,2,0
5505,1999,6,6,0,0,0,0,0,0,3,0
5505,2003,2,2,0,0,0,0,0,0,2,0
5515,2008,4,3,0,0,0,0,1,0,2,0
5515,2009,4,3,1,0,0,0,0,0,0,0
5520,2006,3,3,0,0,0,0,0,0,0,0
5520,2009,3,2,1,0,0,0,1,0,1,0
5525,1997,3,2,0,0,0,0,1,0,1,0
5525,1998,3,3,1,1,0,0,0,0,1,0
5525,1999,3,3,1,1,0,0,0,0,1,0
5535,2001,7,6,0,0,0,0,1,0,3,0
5535,2003,3,3,0,0,0,0,0,0,1,0
5535,2004,4,4,1,0,0,1,0,0,1,0
5571,1989,2,2,1,0,0,0,0,0,0,0
5571,1990,5,5,2,0,0,0,0,0,2,0
5571,1991,8,8,2,0,0,0,0,0,1,0
5571,1992,6,6,2,0,0,0,0,0,1,0
5571,1993,3,2,1,0,0,0,1,0,1,0
5571,1995,4,4,0,0,0,0,0,0,1,0
5571,1998,3,3,0,0,0,0,0,0,2,0
5576,2000,1,1,1,0,0,0,0,0,0,0
5582,2004,3,2,0,0,0,0,1,0,1,0
5582,2009,6,5,2,1,0,0,1,0,2,0
5591,2004,3,2,0,0,0,0,1,0,2,0
5591,2005,9,7,4,1,0,0,0,2,2,0
5591,2006,6,3,1,0,0,0,1,2,1,0
5591,2008,3,2,1,0,0,0,1,0,0,0
5609,1998,3,1,0,0,0,0,2,0,1,0
5609,1999,10,7,1,0,0,1,3,0,5,0
5609,2000,6,6,3,0,0,0,0,0,1,0
5609,2001,4,4,1,0,0,1,0,0,1,0
5609,2003,3,3,1,0,0,1,0,0,1,0
5609,2004,3,3,0,0,0,0,0,0,0,0
5609,2006,3,3,0,0,0,0,0,0,1,0
5609,2008,2,2,0,0,0,0,0,0,2,0
5609,2009,3,2,0,0,0,0,1,0,1,0
5610,2006,3,3,0,0,0,0,0,0,2,0
5619,1998,4,4,0,0,0,0,0,0,3,0
5619,1999,10,8,4,1,0,3,2,0,0,0
5619,2000,6,6,4,0,0,3,0,0,2,0
5619,2001,4,3,1,0,0,0,1,0,1,0
5619,2003,3,3,1,0,0,0,0,0,1,0
5619,2004,3,3,0,0,0,0,0,0,3,0
5619,2006,3,3,2,0,0,0,0,0,1,0
5619,2008,3,3,1,0,0,0,0,0,0,0
5619,2009,3,3,0,0,0,0,0,0,3,0
5655,1988,3,3,1,0,0,0,0,0,0,0
5655,1989,2,2,0,0,0,0,0,0,0,0
5663,1989,3,3,1,1,0,0,0,0,0,0
5663,1990,3,3,0,0,0,0,0,0,0,0
5666,2000,5,5,2,0,0,0,0,0,1,0
5670,1998,7,6,2,0,0,0,1,0,2,0
5670,1999,9,9,4,0,0,0,0,0,2,0
5670,2000,6,5,1,0,0,0,1,0,2,0
5670,2001,4,3,1,1,0,0,1,0,1,0
5670,2002,13,13,3,1,0,0,0,0,4,0
5670,2003,3,3,2,0,0,1,0,0,1,0
5671,1998,6,6,0,0,0,0,0,0,0,0
5671,1999,11,11,2,0,0,0,0,0,3,0
5671,2000,10,9,1,0,0,0,1,0,3,0
5671,2001,4,4,0,0,0,0,0,0,1,0
5673,1988,3,3,0,0,0,0,0,0,0,0
5680,1993,4,4,1,0,0,0,0,0,0,0
5695,1989,7,6,0,0,0,0,0,1,0,0
5695,1990,3,3,1,0,0,0,0,0,0,0
5695,1991,7,5,1,0,0,1,1,0,2,0
5695,1992,4,4,0,0,0,0,0,0,2,0
5695,1993,8,6,1,0,0,0,0,1,4,0
5695,1995,4,2,0,0,0,0,2,0,1,0
5713,1997,3,3,0,0,0,0,0,0,3,0
5731,2000,3,3,0,0,0,0,0,0,2,0
5731,2005,2,2,0,0,0,0,0,0,0,0
5731,2006,6,6,1,0,0,0,0,0,1,0
5731,2008,2,2,1,0,0,0,0,0,0,0
5736,1989,2,1,0,0,0,0,1,0,0,0
5736,1990,1,1,0,0,0,0,0,0,0,0
5736,1991,5,4,1,1,0,0,1,0,1,0
5736,1992,6,5,0,0,0,0,1,0,1,0
5736,1993,2,2,0,0,0,0,0,0,1,0
5736,1994,3,3,1,0,0,1,0,0,2,0
5736,1995,6,6,2,0,0,0,0,0,4,0
5736,1996,3,3,0,0,0,0,0,0,3,0
5736,1997,4,4,2,0,0,0,0,0,1,0
5737,1999,2,2,0,0,0,0,0,0,1,0
5741,1999,13,11,4,0,0,2,2,0,3,0
5741,2000,10,9,1,1,0,0,1,0,5,0
5741,2001,9,7,1,0,0,1,2,0,4,0
5741,2002,15,12,2,2,0,0,3,0,1,0
5743,2008,3,3,2,0,0,0,0,0,1,0
5752,2009,2,1,0,0,0,0,0,0,0,0
5758,2008,3,3,0,0,0,0,0,0,1,0
5761,2002,6,5,2,0,0,1,1,0,2,0
5761,2009,2,1,0,0,0,0,1,0,1,0
5776,1989,4,4,2,0,0,1,0,0,1,0
5776,1990,4,4,1,0,0,0,0,0,1,0
5776,1991,3,3,1,1,0,0,0,0,1,0
5776,1992,12,9,1,0,0,0,2,1,2,0
5776,1998,4,4,1,0,0,0,0,0,3,0
5776,1999,7,6,2,1,0,0,1,0,2,0
5787,1998,10,9,1,0,1,0,1,0,4,0
5792,1991,3,3,2,0,0,0,0,0,0,0
5792,1992,11,9,0,0,0,0,1,1,3,0
5792,1993,7,5,1,0,0,0,1,0,2,0
5792,1994,6,6,2,0,1,0,0,0,2,0
5792,1995,3,3,0,0,0,0,0,0,1,0
5792,1998,4,4,1,0,0,1,0,0,1,0
5807,2007,2,2,2,0,0,0,0,0,0,0
5807,2008,3,3,1,1,0,0,0,0,1,0
5807,2009,2,1,1,0,0,0,1,0,0,0
5813,2006,4,3,3,1,0,0,0,1,0,0
5814,1998,11,11,3,0,0,0,0,0,3,0
5814,2000,4,4,2,1,0,0,0,0,1,0
5814,2001,7,6,1,0,0,0,1,0,0,0
5814,2002,3,3,3,1,0,0,0,0,0,0
5814,2004,3,3,0,0,0,0,0,0,1,0
5814,2005,3,3,1,1,0,0,0,0,0,0
5814,2006,9,7,2,1,0,0,2,0,1,0
5814,2008,5,4,1,0,0,0,1,0,0,0
5814,2009,2,1,0,0,0,0,1,0,0,0
5816,2005,3,2,0,0,0,0,0,1,0,0
5816,2006,3,3,1,0,1,0,0,0,1,0
5816,2009,7,7,2,0,1,0,0,0,1,0
5827,1992,3,2,0,0,0,0,1,0,1,0
5827,1998,3,3,1,1,0,0,0,0,1,0
5827,1999,4,4,0,0,0,0,0,0,1,0
5827,2000,7,5,1,0,0,0,2,0,3,0
5827,2001,10,8,2,0,0,0,1,0,5,1
5827,2002,13,12,2,0,0,0,1,0,4,0
5827,2007,2,1,0,0,0,0,1,0,0,0
5827,2008,2,2,0,0,0,0,0,0,0,0
5836,2006,2,2,0,0,0,0,0,0,0,0
5836,2008,3,3,0,0,0,0,0,0,0,0
5836,2009,2,2,2,1,0,0,0,0,0,0
5845,2008,1,0,0,0,0,0,0,0,0,0
5863,2005,1,1,1,0,0,0,0,0,0,0
5863,2006,5,5,3,0,0,1,0,0,1,0
5871,1999,5,5,0,0,0,0,0,0,2,0
5871,2000,3,2,1,0,0,0,1,0,1,0
5871,2001,2,2,0,0,0,0,0,0,1,0
5893,2002,14,13,4,1,0,0,1,0,5,0
5895,1997,11,7,0,0,0,0,4,0,3,0
5895,1998,5,3,1,0,0,0,2,0,0,0
5904,2002,2,1,0,0,0,0,0,1,1,0
5904,2003,6,3,0,0,0,0,1,2,2,0
5910,2006,3,2,0,0,0,0,1,0,0,0
5910,2009,3,3,1,1,0,0,0,0,1,0
5930,1990,8,8,2,1,0,0,0,0,4,0
5940,1998,3,3,1,0,0,0,0,0,0,0
5940,2004,3,3,0,0,0,0,0,0,2,0
5956,1993,3,1,1,0,0,0,2,0,0,0
5969,1991,10,9,3,1,0,0,0,1,2,0
5969,1992,8,7,1,0,0,0,1,0,2,0
5969,1993,13,12,1,0,0,0,1,0,2,0
5969,1994,4,4,0,0,0,0,0,0,0,0
5969,1995,7,7,1,1,0,0,0,0,4,0
5969,1996,2,2,0,0,0,0,0,0,0,0
5972,1994,2,1,1,1,0,0,1,0,0,0
5972,2001,3,2,0,0,0,0,1,0,1,0
6007,1989,6,4,0,0,0,0,1,0,2,1
6007,1990,3,2,0,0,0,0,1,0,1,0
6007,1991,3,3,0,0,0,0,0,0,0,0
6008,2005,4,4,2,0,0,1,0,0,1,0
6008,2006,6,6,2,1,0,0,0,0,2,0
6012,2005,1,1,1,1,0,0,0,0,0,0
6026,2005,1,1,0,0,0,0,0,0,1,0
6030,2009,3,3,1,0,0,0,0,0,0,0
6031,2001,2,2,0,0,0,0,0,0,2,0
6031,2002,4,4,0,0,0,0,0,0,2,0
6031,2005,3,3,1,0,0,0,0,0,0,0
6031,2006,6,6,3,0,0,1,0,0,0,0
6034,2007,3,3,0,0,0,0,0,0,1,0
6034,2008,12,11,3,2,0,0,1,0,3,0
6059,1989,3,3,1,0,0,1,0,0,0,0
6059,1992,6,6,0,0,0,0,0,0,4,0
6059,1993,3,3,1,1,0,0,0,0,1,0
6059,1994,2,1,0,0,0,0,1,0,0,0
6059,1997,7,7,1,0,0,0,0,0,4,0
6095,1989,10,9,3,2,0,0,1,0,5,0
6095,1990,8,7,2,2,0,0,0,0,2,0
6105,1990,2,2,0,0,0,0,0,0,0,0
6139,2006,3,3,1,0,0,0,0,0,2,0
6141,1989,1,1,0,0,0,0,0,0,0,0
6142,1998,4,3,2,0,0,0,1,0,1,0
6161,1993,6,6,0,0,0,0,0,0,3,0
6191,1989,4,4,2,2,0,0,0,0,0,0
6191,1990,10,8,3,0,1,0,2,0,0,0
6191,1992,4,2,0,0,0,0,1,1,1,0
6193,1998,4,3,1,0,0,0,1,0,0,0
6193,1999,7,6,1,0,0,0,1,0,4,0
6193,2000,7,7,1,0,0,0,0,0,3,0
6195,1988,2,2,0,0,0,0,0,0,1,0
6202,1989,3,2,0,0,0,0,0,0,0,1
6202,1998,4,4,1,0,0,0,0,0,2,0
6202,1999,6,6,2,0,0,0,0,0,1,0
6202,2001,3,3,0,0,0,0,0,0,3,0
6202,2002,8,8,1,1,0,0,0,0,0,0
6202,2003,3,3,0,0,0,0,0,0,0,0
6202,2004,4,4,2,0,0,0,0,0,0,0
6203,1989,5,3,0,0,0,0,1,0,0,1
6203,1990,6,4,0,0,0,0,1,0,0,0
6203,1991,3,3,1,0,0,0,0,0,0,0
6203,1992,7,5,0,0,0,0,2,0,2,0
6208,2006,2,2,0,0,0,0,0,0,1,0
6208,2007,3,3,0,0,0,0,0,0,2,0
6214,2002,3,1,1,0,0,1,1,1,0,0
6218,1999,3,3,0,0,0,0,0,0,3,0
6218,2002,3,3,0,0,0,0,0,0,3,0
6218,2004,3,3,0,0,0,0,0,0,2,0
6218,2008,2,1,0,0,0,0,0,0,0,0
6232,1989,4,4,2,2,0,0,0,0,2,0
6243,1988,3,2,0,0,0,0,1,0,0,0
6247,1989,3,3,1,0,0,0,0,0,2,0
6248,2001,2,2,0,0,0,0,0,0,1,0
6257,1996,2,2,2,0,0,0,0,0,0,0
6257,2005,4,4,0,0,0,0,0,0,2,0
6281,2004,4,4,0,0,0,0,0,0,0,0
6281,2005,3,3,0,0,0,0,0,0,1,0
6283,1997,4,4,1,0,0,0,0,0,1,0
6283,1998,10,10,1,0,0,0,0,0,3,0
6283,2000,2,2,0,0,0,0,0,0,0,0
6284,2002,1,1,0,0,0,0,0,0,0,0
6290,2005,3,1,1,0,0,0,2,0,0,0
6290,2008,2,2,1,0,0,1,0,0,0,0
6290,2009,2,2,0,0,0,0,0,0,1,0
6296,1999,3,3,3,0,0,0,0,0,0,0
6296,2000,6,6,0,0,0,0,0,0,6,0
6296,2001,6,6,1,0,0,0,0,0,3,0
6296,2002,6,5,0,0,0,0,1,0,3,0
6296,2004,3,2,0,0,0,0,0,1,1,0
6296,2008,3,3,0,0,0,0,0,0,0,0
6306,1989,3,2,0,0,0,0,0,0,0,0
6306,1990,6,6,3,0,0,1,0,0,1,0
6306,1991,6,6,1,0,0,0,0,0,4,0
6306,1992,8,6,0,0,0,0,2,0,2,0
6306,1993,3,2,1,0,0,0,1,0,0,0
6306,1994,2,2,0,0,0,0,0,0,1,0
6312,2002,6,6,1,0,0,0,0,0,1,0
6332,2001,1,1,0,0,0,0,0,0,1,0
6332,2003,2,2,0,0,0,0,0,0,1,0
6336,1990,3,1,0,0,0,0,2,0,0,0
6336,1991,9,6,0,0,0,0,3,0,2,0
6336,1992,7,6,2,1,0,0,1,0,1,0
6336,1994,3,3,2,0,0,0,0,0,0,0
6336,1995,11,9,1,0,0,0,2,0,1,0
6344,1998,3,3,0,0,0,0,0,0,2,0
6345,1989,3,2,1,0,0,0,1,0,0,0
6345,1990,4,4,0,0,0,0,0,0,1,0
6350,1997,4,4,1,0,0,0,0,0,3,0
6360,2002,3,3,2,0,0,0,0,0,1,0
6360,2004,3,3,0,0,0,0,0,0,0,0
6381,1993,2,2,0,0,0,0,0,0,1,0
6387,1996,3,3,0,0,0,0,0,0,2,0
6387,1997,4,3,1,0,0,0,1,0,1,0
6387,1998,6,4,0,0,0,0,2,0,2,0
6388,2008,4,4,4,2,0,0,0,0,0,0
6394,1991,4,3,2,0,0,0,0,0,0,1
6394,1992,6,3,0,0,0,0,2,1,1,0
6394,1994,3,2,0,0,0,0,1,0,0,0
6394,1996,3,3,0,0,0,0,0,0,1,0
6394,1998,6,6,2,0,0,0,0,0,2,0
6394,1999,1,1,0,0,0,0,0,0,0,0
6403,1992,11,5,1,0,0,0,4,2,3,0
6403,1993,3,2,0,0,0,0,1,0,0,0
6403,1994,11,9,2,0,0,1,2,0,6,0
6403,1995,8,6,0,0,0,0,1,1,2,0
6403,1997,7,5,1,0,0,0,2,0,2,0
6403,1998,11,10,0,0,0,0,0,1,6,0
6403,1999,8,8,1,0,0,0,0,0,5,0
6414,1999,2,2,0,0,0,0,0,0,2,0
6414,2001,2,1,0,0,0,0,1,0,0,0
6415,1999,11,11,2,1,0,0,0,0,4,0
6415,2000,7,7,1,1,0,0,0,0,2,0
6415,2002,6,5,1,0,0,0,1,0,1,0
6415,2004,5,3,2,1,0,0,2,0,0,0
6431,2008,3,3,0,0,0,0,0,0,2,0
6438,1988,3,2,1,0,0,0,1,0,0,0
6438,1989,6,1,0,0,0,0,3,0,0,2
6438,1993,6,6,1,0,0,0,0,0,2,0
6438,1995,1,1,1,0,0,0,0,0,0,0
6448,2007,3,3,1,0,0,0,0,0,2,0
6462,1990,4,3,0,0,0,0,1,0,1,0
6467,1992,4,3,3,0,0,0,0,1,0,0
6467,1993,8,8,1,0,0,0,0,0,2,0
6467,1994,4,4,2,0,0,0,0,0,1,0
6467,1995,8,8,2,2,0,0,0,0,4,0
6467,1996,6,5,0,0,0,0,1,0,1,0
6478,1998,6,5,0,0,0,0,1,0,3,0
6478,2001,4,4,1,0,0,0,0,0,3,0
6478,2002,3,3,0,0,0,0,0,0,1,0
6510,1999,3,2,0,0,0,0,1,0,1,0
6510,2000,6,6,2,0,0,0,0,0,1,0
6510,2001,11,10,5,1,0,1,0,1,2,0
6510,2002,17,16,3,1,0,0,1,0,0,0
6510,2003,11,9,2,0,0,0,1,0,0,0
6510,2004,9,9,2,1,0,0,0,0,2,0
6510,2006,6,5,3,1,0,0,1,0,0,0
6510,2007,3,3,2,0,0,1,0,0,0,0
6510,2008,4,3,1,0,0,0,1,0,0,0
6516,1992,12,9,3,0,0,0,3,0,2,0
6516,1993,10,9,2,1,0,0,1,0,4,0
6516,1994,4,3,0,0,0,0,1,0,1,0
6516,1995,4,4,1,0,0,0,0,0,2,0
6516,1996,1,1,0,0,0,0,0,0,1,0
6516,1998,5,4,0,0,0,0,1,0,2,0
6516,2002,4,3,2,1,0,0,0,1,0,0
6520,2005,2,1,0,0,0,0,0,0,0,0
6522,2008,2,2,1,0,0,0,0,0,0,0
6538,2007,2,2,1,0,0,0,0,0,0,0
6538,2008,2,2,1,0,0,0,0,0,0,0
6538,2009,3,2,0,0,0,0,1,0,1,0
6545,1997,4,4,1,0,0,0,0,0,2,0
6549,2004,4,4,1,1,0,0,0,0,2,0
6549,2005,3,3,0,0,0,0,0,0,2,0
6565,2004,3,3,1,1,0,0,0,0,1,0
6565,2008,5,5,3,1,0,1,0,0,1,0
6565,2009,6,5,0,0,0,0,1,0,2,0
6568,1998,4,4,1,0,0,0,0,0,2,0
6568,1999,6,6,2,0,0,2,0,0,2,0
6568,2000,6,6,1,0,0,0,0,0,2,0
6568,2001,3,3,0,0,0,0,0,0,2,0
6568,2003,3,3,1,1,0,0,0,0,1,0
6568,2004,3,3,0,0,0,0,0,0,0,0
6568,2005,8,8,3,2,0,0,0,0,1,0
6568,2006,9,9,2,0,0,0,0,0,1,0
6570,2005,3,3,1,0,0,0,0,0,1,0
6570,2006,8,7,3,0,0,0,0,1,1,0
6570,2009,3,3,1,0,0,0,0,0,0,0
6577,1999,1,1,0,0,0,0,0,0,0,0
6577,2001,1,1,0,0,0,0,0,0,1,0
6577,2004,2,2,0,0,0,0,0,0,0,0
6579,2001,3,3,1,0,0,0,0,0,2,0
6579,2003,3,2,0,0,0,0,1,0,1,0
6586,2002,3,3,0,0,0,0,0,0,2,0
6594,1996,1,0,0,0,0,0,1,0,0,0
6594,1997,10,9,0,0,0,0,1,0,7,0
6594,1998,4,4,1,0,0,0,0,0,0,0
6594,1999,3,3,1,0,0,0,0,0,1,0
6594,2000,3,3,0,0,0,0,0,0,0,0
6594,2001,3,3,0,0,0,0,0,0,2,0
6594,2002,1,1,0,0,0,0,0,0,1,0
6594,2003,6,4,0,0,0,0,1,0,2,1
6594,2004,11,11,1,0,0,0,0,0,1,0
6594,2006,13,10,4,0,0,0,2,0,0,0
6594,2008,6,5,1,0,0,0,1,0,0,0
6596,1999,2,2,0,0,0,0,0,0,2,0
6596,2000,1,1,0,0,0,0,0,0,1,0
6609,1999,4,4,1,0,0,0,0,0,2,0
6616,1999,4,4,1,0,0,1,0,0,1,0
6616,2000,6,4,0,0,0,0,2,0,3,0
6616,2001,7,7,3,0,0,0,0,0,1,0
6616,2002,7,7,1,1,0,0,0,0,6,0
6616,2003,3,2,0,0,0,0,1,0,0,0
6616,2004,6,6,0,0,0,0,0,0,0,0
6616,2006,11,11,2,0,0,0,0,0,2,0
6616,2007,3,3,1,1,0,0,0,0,0,0
6616,2008,3,3,2,0,0,0,0,0,0,0
6639,2008,6,5,2,1,0,1,1,0,3,0
6639,2009,3,3,2,1,1,0,0,0,0,0
6648,2000,7,7,1,0,0,0,0,0,3,0
6648,2001,3,3,1,0,0,1,0,0,1,0
6648,2002,7,7,0,0,0,0,0,0,3,0
6648,2004,3,3,1,0,0,0,0,0,0,0
6648,2005,10,9,1,0,0,0,1,0,4,0
6648,2006,3,1,0,0,0,0,1,0,0,0
6648,2007,3,3,0,0,0,0,0,0,2,0
6648,2008,3,2,1,1,0,0,1,0,1,0
6660,2004,3,3,0,0,0,0,0,0,1,0
6675,1993,4,4,0,0,0,0,0,0,4,0
6692,1991,6,5,0,0,0,0,1,0,4,0
6695,2005,3,3,1,0,0,0,0,0,2,0
6699,1990,6,6,0,0,0,0,0,0,3,0
6699,1991,6,4,1,1,0,0,2,0,2,0
6699,1992,10,8,0,0,0,0,1,0,6,1
6699,1993,9,7,1,0,0,1,1,1,2,0
6699,1996,1,1,0,0,0,0,0,0,1,0
6699,1997,6,6,3,1,0,0,0,0,0,0
6699,1998,3,3,1,0,0,1,0,0,0,0
6711,2001,3,3,2,1,0,0,0,0,0,0
6711,2002,3,3,1,0,0,0,0,0,0,0
6714,2002,2,2,1,0,0,0,0,0,1,0
6714,2003,4,4,1,1,0,0,0,0,1,0
6714,2004,3,3,0,0,0,0,0,0,1,0
6723,1990,9,7,2,1,0,0,1,0,3,0
6723,1991,10,8,3,0,1,1,1,0,1,1
6723,1992,8,5,1,0,0,0,2,0,2,0
6723,1993,7,7,2,1,0,0,0,0,1,0
6723,1994,4,4,0,0,0,0,0,0,3,0
6723,1997,8,6,1,0,0,0,0,1,2,0
6723,1998,6,6,1,0,0,0,0,0,1,0
6729,2008,1,1,1,0,0,0,0,0,0,0
6735,1998,2,2,0,0,0,0,0,0,1,0
6753,1997,1,1,0,0,0,0,0,0,0,0
6755,2002,4,4,1,0,0,0,0,0,2,0
6762,2004,3,3,1,0,0,0,0,0,0,0
6762,2005,1,1,0,0,0,0,0,0,1,0
6777,1999,2,2,0,0,0,0,0,0,2,0
6778,2007,1,1,0,0,0,0,0,0,1,0
6782,2007,2,1,0,0,0,0,0,0,1,0
6793,1990,7,6,0,0,0,0,1,0,4,0
6793,1991,6,1,0,0,0,0,3,1,1,1
6793,1992,6,5,1,0,0,0,1,0,2,0
6793,1994,3,2,0,0,0,0,1,0,0,0
6793,1995,3,3,0,0,0,0,0,0,2,0
6829,1989,4,4,1,0,0,0,0,0,2,0
6829,1990,3,3,0,0,0,0,0,0,2,0
6829,1991,3,3,0,0,0,0,0,0,1,0
6832,1991,3,2,0,0,0,0,1,0,1,0
6832,1995,9,7,3,2,0,0,1,1,1,0
6832,1997,2,2,0,0,0,0,0,0,1,0
6832,1998,8,8,1,0,0,0,0,0,6,0
6832,2000,1,0,0,0,0,0,1,0,0,0
6840,1997,3,3,0,0,0,0,0,0,1,0
6840,1998,3,3,1,1,0,0,0,0,2,0
6864,2006,5,5,1,0,0,0,0,0,0,0
6876,2004,3,2,0,0,0,0,0,0,1,1
6880,1998,7,6,1,0,0,0,1,0,3,0
6880,2001,6,6,3,0,0,1,0,0,3,0
6880,2002,3,2,1,0,0,0,1,0,0,0
6880,2005,3,3,0,0,0,0,0,0,2,0
6880,2006,3,3,1,0,0,1,0,0,2,0
6892,1991,3,3,0,0,0,0,0,0,1,0
6909,1991,6,5,2,0,0,0,1,0,1,0
6910,1989,2,2,1,0,0,0,0,0,0,0
6910,1990,7,7,2,0,0,0,0,0,1,0
6910,1991,6,5,3,1,0,0,0,0,0,1
6910,1992,7,7,2,0,0,0,0,0,2,0
6910,1993,12,10,6,0,0,0,1,0,1,1
6910,1995,4,4,0,0,0,0,0,0,1,0
6911,1992,3,1,0,0,0,0,2,0,0,0
6919,1998,4,4,0,0,0,0,0,0,4,0
6920,1993,3,3,1,0,0,0,0,0,2,0
6924,1999,4,4,2,0,0,0,0,0,1,0
6926,1998,5,5,3,0,0,0,0,0,2,0
6957,1998,10,10,1,0,0,0,0,0,6,0
6960,1994,3,3,0,0,0,0,0,0,1,0
6960,1995,7,7,1,0,0,0,0,0,3,0
6971,1999,1,1,0,0,0,0,0,0,0,0
6971,2000,2,1,1,0,0,0,1,0,0,0
6971,2001,9,7,1,0,0,0,1,0,1,0
6971,2002,10,10,1,1,0,0,0,0,4,0
6972,2007,2,2,1,0,0,1,0,0,0,0
6972,2008,3,3,0,0,0,0,0,0,2,0
6972,2009,2,2,0,0,0,0,0,0,1,0
6981,1996,1,1,0,0,0,0,0,0,1,0
6985,2005,3,3,0,0,0,0,0,0,0,0
6985,2006,6,6,1,0,0,0,0,0,0,0
6990,1991,1,1,0,0,0,0,0,0,1,0
6990,1992,1,1,0,0,0,0,0,0,0,0
6993,1998,7,6,1,0,0,1,0,0,3,0
7009,2003,1,1,0,0,0,0,0,0,1,0
7014,1999,3,3,1,0,0,0,0,0,0,0
7014,2002,1,0,0,0,0,0,0,1,0,0
7014,2003,3,3,2,0,0,0,0,0,0,0
7020,2008,2,2,1,0,0,1,0,0,1,0
7021,1994,1,1,0,0,0,0,0,0,1,0
7021,1995,6,5,1,0,0,0,1,0,3,0
7021,1996,4,4,2,1,0,0,0,0,0,0
7021,1997,8,6,1,0,0,0,2,0,1,0
7021,1998,3,3,0,0,0,0,0,0,1,0
7021,2000,9,9,1,0,0,1,0,0,5,0
7021,2001,6,5,2,0,0,1,1,0,2,0
7021,2002,3,3,0,0,0,0,0,0,1,0
7021,2004,3,3,2,1,1,0,0,0,0,0
7033,2002,12,11,1,0,0,0,1,0,5,0
7034,2004,3,3,0,0,0,0,0,0,2,0
7034,2005,11,9,2,0,0,0,0,1,0,1
7034,2006,3,3,0,0,0,0,0,0,3,0
7041,2007,2,2,0,0,0,0,0,0,2,0
7043,2004,3,3,1,0,0,1,0,0,0,0
7043,2005,2,2,1,0,0,0,0,0,0,0
7043,2006,3,3,1,0,0,0,0,0,0,0
7043,2008,3,2,0,0,0,0,0,0,1,0
7043,2009,2,2,0,0,0,0,0,0,0,0
7046,1989,7,7,4,2,0,0,0,0,0,0
7046,1990,5,5,0,0,0,0,0,0,0,0
7046,1991,4,4,1,1,0,0,0,0,1,0
7046,1992,12,11,3,1,0,0,1,0,0,0
7046,1993,8,8,4,2,0,0,0,0,1,0
7046,1994,8,7,4,1,0,0,1,0,0,0
7048,1999,1,1,0,0,0,0,0,0,0,0
7048,2001,13,13,2,0,0,0,0,0,8,0
7048,2002,3,3,0,0,0,0,0,0,2,0
7048,2003,6,4,2,2,0,0,2,0,1,0
7048,2005,3,3,1,0,1,0,0,0,1,0
7048,2006,3,3,2,1,0,0,0,0,0,0
7060,2005,3,3,0,0,0,0,0,0,2,0
7060,2008,4,3,1,1,0,0,0,0,1,1
7095,1995,5,4,0,0,0,0,1,0,2,0
7095,1997,1,1,0,0,0,0,0,0,0,0
7129,1993,7,7,0,0,0,0,0,0,5,0
7129,1995,3,3,1,1,0,0,0,0,2,0
7129,2001,3,3,1,0,0,0,0,0,2,0
7152,1998,7,6,1,0,0,0,1,0,2,0
7153,2008,2,2,2,0,0,0,0,0,0,0
7168,1997,3,2,0,0,0,0,1,0,2,0
7168,1998,10,10,1,1,0,0,0,0,3,0
7169,1990,2,2,0,0,0,0,0,0,2,0
7192,1997,6,6,0,0,0,0,0,0,4,0
7193,2005,3,3,1,0,0,0,0,0,1,0
7193,2006,4,3,1,0,0,0,0,0,1,1
7198,1994,4,4,1,0,0,0,0,0,3,0
7204,1998,4,4,1,0,0,0,0,0,1,0
7204,1999,8,8,1,1,0,0,0,0,3,0
7204,2000,8,6,4,3,0,1,0,0,0,1
7204,2001,3,3,0,0,0,0,0,0,0,0
7204,2002,3,3,0,0,0,0,0,0,1,0
7204,2003,7,7,2,1,0,0,0,0,2,0
7204,2004,7,7,2,0,0,0,0,0,3,0
7204,2005,6,6,1,0,0,0,0,0,1,0
7213,1990,4,4,0,0,0,0,0,0,2,0
7215,1992,2,2,0,0,0,0,0,0,1,0
7224,1989,4,2,0,0,0,0,1,0,2,1
7224,1990,3,3,0,0,0,0,0,0,0,0
7224,2003,3,3,0,0,0,0,0,0,1,0
7237,1989,4,2,0,0,0,0,2,0,0,0
7237,1990,10,8,2,0,0,0,2,0,4,0
7237,1991,6,6,0,0,0,0,0,0,3,0
7237,1995,6,5,2,0,0,1,1,0,1,0
7237,1997,4,4,2,1,0,1,0,0,2,0
7237,1998,7,4,1,0,0,0,3,0,2,0
7237,1999,8,7,1,0,0,0,1,0,4,0
7237,2000,4,4,1,0,0,1,0,0,2,0
7256,1990,7,6,0,0,0,0,0,0,0,0
7256,1991,2,2,0,0,0,0,0,0,0,0
7258,2001,2,2,0,0,0,0,0,0,1,0
7264,1990,2,2,0,0,0,0,0,0,1,0
7264,1993,8,7,1,0,0,0,1,0,2,0
7264,1994,3,1,1,0,0,0,2,0,0,0
7264,1995,8,4,1,0,0,0,2,1,1,0
7264,1997,7,4,1,0,0,0,3,0,2,0
7264,1998,6,5,2,0,0,0,1,0,2,0
7264,1999,7,7,1,0,0,0,0,0,2,0
7293,1990,7,6,1,0,0,0,0,0,0,1
7293,1991,12,9,1,0,0,0,3,0,2,0
7293,1992,11,10,1,0,0,1,1,0,4,0
7293,1993,12,12,3,3,0,0,0,0,3,0
7296,1992,4,4,0,0,0,0,0,0,0,0
7296,1993,7,6,0,0,0,0,1,0,4,0
7301,1999,3,3,0,0,0,0,0,0,1,0
7309,1993,7,7,0,0,0,0,0,0,4,0
7309,1994,3,3,0,0,0,0,0,0,0,0
7309,1995,12,12,4,1,0,2,0,0,4,0
7309,1996,2,1,1,0,0,0,1,0,0,0
7309,1998,4,2,0,0,0,0,2,0,2,0
7309,2000,4,4,1,0,0,0,0,0,2,0
7309,2001,3,2,1,0,0,0,0,1,0,0
7317,1989,3,2,0,0,0,0,1,0,2,0
7330,1988,4,4,1,0,0,0,0,0,1,0
7350,2000,4,3,0,0,0,0,1,0,1,0
7358,2000,3,2,0,0,0,0,1,0,1,0
7359,1989,5,5,3,0,0,0,0,0,0,0
7359,1990,10,10,5,1,0,0,0,0,2,0
7359,1991,6,4,2,0,0,0,2,0,1,0
7359,1992,9,9,3,0,0,0,0,0,3,0
7359,1993,3,3,1,0,0,0,0,0,0,0
7362,2005,3,3,1,0,0,0,0,0,0,0
7362,2006,3,2,0,0,0,0,1,0,0,0
7366,2001,3,3,0,0,0,0,0,0,3,0
7376,2000,3,3,0,0,0,0,0,0,3,0
7376,2004,3,3,1,0,0,1,0,0,0,0
7376,2005,7,6,2,0,0,1,1,0,1,0
7384,1993,3,3,0,0,0,0,0,0,2,0
7384,1997,3,2,2,0,0,0,1,0,0,0
7389,1993,3,3,1,0,0,0,0,0,1,0
7393,1989,1,1,0,0,0,0,0,0,0,0
7399,2003,6,5,2,0,0,1,1,0,2,0
7420,1991,6,4,1,0,0,0,1,1,2,0
7420,1993,4,3,1,0,0,1,1,0,2,0
7426,1999,8,7,0,0,0,0,0,1,1,0
7426,2000,1,1,0,0,0,0,0,0,1,0
7430,1989,5,5,1,0,0,0,0,0,0,0
7439,2002,5,5,0,0,0,0,0,0,2,0
7439,2006,6,6,3,1,0,1,0,0,1,0
7439,2008,6,5,0,0,0,0,1,0,1,0
7439,2009,2,2,1,0,0,1,0,0,0,0
7445,2005,1,1,0,0,0,0,0,0,0,0
7445,2006,2,2,1,0,0,0,0,0,0,0
7445,2008,7,5,3,1,0,0,2,0,0,0
7446,1993,3,2,0,0,0,0,1,0,1,0
7446,1994,3,2,0,0,0,0,0,1,0,0
7446,1995,6,6,2,0,0,1,0,0,1,0
7446,1996,5,4,1,0,0,1,1,0,0,0
7446,1997,10,10,4,2,0,1,0,0,0,0
7446,2000,4,3,0,0,0,0,1,0,1,0
7453,2004,15,13,3,0,0,1,2,0,2,0
7453,2008,2,0,0,0,0,0,2,0,0,0
7470,2008,2,2,0,0,0,0,0,0,2,0
7488,1992,7,6,1,0,0,0,1,0,2,0
7488,1993,7,6,0,0,0,0,1,0,2,0
7492,1999,7,6,0,0,0,0,1,0,4,0
7492,2000,6,5,3,1,0,1,1,0,1,0
7492,2001,7,7,1,0,0,0,0,0,1,0
7492,2002,6,5,1,0,0,0,1,0,2,0
7492,2005,18,16,2,0,0,0,2,0,5,0
7492,2006,9,9,1,1,0,0,0,0,1,0
7505,1989,5,3,1,0,0,1,2,0,0,0
7505,1990,3,2,0,0,0,0,1,0,0,0
7505,1991,6,5,1,0,0,0,1,0,3,0
7505,1992,4,1,0,0,0,0,3,0,0,0
7515,2002,1,0,0,0,0,0,0,0,0,0
7542,1999,2,2,0,0,0,0,0,0,1,0
7542,2000,3,3,0,0,0,0,0,0,1,0
7542,2005,8,7,1,0,0,0,1,0,5,0
7560,1998,8,8,1,1,0,0,0,0,3,0
7830,2004,6,4,2,1,0,0,2,0,1,0
7830,2005,3,3,1,0,0,0,0,0,2,0
7838,2004,11,10,0,0,0,0,1,0,5,0
7838,2006,4,3,1,0,0,0,1,0,2,0
7840,2000,2,2,0,0,0,0,0,0,1,0
7840,2001,3,2,1,0,0,0,1,0,0,0
7840,2005,6,5,2,1,0,1,0,0,0,1
7840,2006,5,4,1,0,0,0,1,0,0,0
7840,2007,3,3,2,0,0,0,0,0,0,0
7840,2008,12,12,2,0,0,0,0,0,0,0
7845,2005,5,5,1,0,0,1,0,0,4,0
7845,2006,6,6,1,1,0,0,0,0,4,0
7846,1989,6,5,1,0,0,1,0,0,0,1
7846,1990,4,3,2,1,0,0,1,0,1,0
7846,1991,7,6,1,0,0,0,1,0,3,0
7846,1992,3,2,1,0,0,0,1,0,0,0
7846,1993,12,12,3,1,0,0,0,0,5,0
7846,1994,7,4,0,0,0,0,3,0,1,0
7846,1995,4,3,0,0,0,0,1,0,0,0
7846,1996,1,1,0,0,0,0,0,0,0,0
7846,1998,4,4,0,0,0,0,0,0,0,0
7847,2005,2,2,0,0,0,0,0,0,0,0
7847,2008,2,2,1,0,0,1,0,0,0,0
7847,2009,3,1,0,0,0,0,2,0,0,0
7859,1999,10,8,3,0,0,0,2,0,3,0
7865,2005,2,2,2,0,0,0,0,0,0,0
7865,2006,6,5,0,0,0,0,1,0,2,0
7865,2008,4,3,1,0,0,1,1,0,0,0
7949,1999,6,5,1,0,1,0,1,0,1,0
7950,1999,3,3,0,0,0,0,0,0,0,0
7950,2002,3,3,1,0,0,1,0,0,1,0
7950,2004,3,3,1,0,0,0,0,0,1,0
7950,2005,12,11,2,1,0,0,0,0,3,0
7950,2006,12,12,2,1,0,0,0,0,4,0
7955,1999,2,2,0,0,0,0,0,0,0,0
7955,2000,7,7,1,0,0,0,0,0,3,0
7955,2002,3,3,0,0,0,0,0,0,1,0
7955,2003,2,2,0,0,0,0,0,0,0,0
7955,2004,2,2,0,0,0,0,0,0,2,0
7967,1989,3,3,1,0,0,0,0,0,1,0
7991,1989,2,2,0,0,0,0,0,0,0,0
7992,2008,4,4,1,0,0,0,0,0,0,0
8010,2007,2,1,0,0,0,0,0,0,0,0
8012,2005,3,3,0,0,0,0,0,0,1,0
8026,1989,3,3,1,1,0,0,0,0,2,0
8031,2008,6,5,0,0,0,0,0,0,2,1
8040,2001,3,1,0,0,0,0,1,0,0,1
8047,1999,9,8,2,0,1,0,1,0,4,0
8047,2000,3,3,1,0,0,0,0,0,1,0
8047,2001,4,4,0,0,0,0,0,0,3,0
8048,1996,3,3,0,0,0,0,0,0,3,0
8048,1997,4,4,0,0,0,0,0,0,4,0
8048,2000,2,2,1,0,0,0,0,0,1,0
8048,2001,1,1,0,0,0,0,0,0,0,0
8051,2007,4,4,0,0,0,0,0,0,2,0
8055,1998,4,2,1,0,0,0,2,0,0,0
8055,1999,4,4,1,1,0,0,0,0,0,0
8055,2000,7,7,2,1,0,0,0,0,2,0
8055,2001,3,2,0,0,0,0,1,0,0,0
8055,2002,4,4,0,0,0,0,0,0,1,0
8055,2005,16,13,2,0,0,0,3,0,2,0
8060,2005,1,1,0,0,0,0,0,0,1,0
8061,1999,1,1,0,0,0,0,0,0,0,0
8085,1990,3,3,2,0,1,0,0,0,0,0
8085,1992,7,7,2,0,0,0,0,0,4,0
8085,1993,10,10,2,1,0,0,0,0,4,0
8085,1994,4,4,0,0,0,0,0,0,2,0
8085,1995,12,12,4,2,0,1,0,0,3,0
8102,1989,3,2,0,0,0,0,1,0,2,0
8117,2000,7,7,4,0,0,1,0,0,2,0
8117,2001,8,8,2,2,0,0,0,0,3,0
8121,1994,3,3,0,0,0,0,0,0,0,0
8121,1996,2,2,0,0,0,0,0,0,1,0
8129,2009,6,6,2,0,0,1,0,0,1,0
8142,2006,2,2,0,0,0,0,0,0,1,0
8144,1995,4,4,2,1,0,0,0,0,2,0
8144,1996,1,1,1,0,0,0,0,0,0,0
8148,1999,1,1,0,0,0,0,0,0,1,0
8156,2003,3,3,1,1,0,0,0,0,1,0
8156,2004,4,4,1,0,0,0,0,0,2,0
8156,2006,6,6,1,0,0,1,0,0,3,0
8156,2007,3,3,2,1,0,0,0,0,0,0
8156,2008,3,3,1,0,0,0,0,0,1,0
8157,1990,4,4,2,0,0,0,0,0,1,0
8157,1992,2,2,0,0,0,0,0,0,0,0
8157,1994,11,11,1,0,0,0,0,0,6,0
8157,1996,2,2,1,0,0,0,0,0,0,0
8157,1997,6,4,1,1,0,0,2,0,1,0
8189,2006,2,2,1,0,0,0,0,0,0,0
8201,2001,4,4,0,0,0,0,0,0,1,0
8207,1994,3,3,0,0,0,0,0,0,3,0
8244,2002,4,3,0,0,0,0,0,0,3,0
8248,1997,6,5,1,0,0,0,1,0,1,0
8248,1998,7,6,0,0,0,0,1,0,2,0
8248,1999,10,9,1,0,0,1,1,0,4,0
8248,2000,7,6,2,1,0,1,1,0,2,0
8248,2001,14,14,4,1,0,1,0,0,7,0
8248,2002,17,14,6,2,0,0,3,0,3,0
8248,2003,3,3,1,0,0,0,0,0,0,0
8248,2004,14,12,3,0,0,0,2,0,3,0
8254,1997,6,6,1,0,0,0,0,0,0,0
8254,1998,3,3,1,0,0,0,0,0,2,0
8255,2005,5,5,0,0,0,0,0,0,1,0
8255,2006,3,2,1,0,0,0,0,1,0,0
8257,1989,6,4,1,0,0,0,2,0,1,0
8257,1990,10,6,1,0,0,0,3,0,1,0
8257,1991,3,3,0,0,0,0,0,0,1,0
8257,1992,5,2,0,0,0,0,2,1,1,0
8286,2007,3,3,1,0,0,0,0,0,2,0
8300,1999,4,3,1,0,0,0,0,0,1,0
8300,2000,5,5,2,1,0,0,0,0,2,0
8301,1996,3,3,0,0,0,0,0,0,2,0
8301,1997,6,6,0,0,0,0,0,0,5,0
8301,1998,1,1,0,0,0,0,0,0,1,0
8302,2002,8,8,2,1,0,0,0,0,3,0
8302,2009,4,4,0,0,0,0,0,0,0,0
8304,1994,2,2,0,0,0,0,0,0,0,0
8304,1997,7,6,2,1,0,0,0,0,2,0
8318,1994,4,4,0,0,0,0,0,0,2,0
8318,1995,15,11,4,1,0,0,4,0,2,0
8318,1996,3,3,1,0,0,0,0,0,1,0
8318,1997,4,3,0,0,0,0,1,0,2,0
8318,1998,4,3,0,0,0,0,1,0,1,0
8318,1999,1,1,0,0,0,0,0,0,0,0
8320,2005,3,3,0,0,0,0,0,0,1,0
8329,1991,3,3,0,0,0,0,0,0,2,0
8340,2002,5,5,1,1,0,0,0,0,2,0
8340,2003,3,3,0,0,0,0,0,0,3,0
8352,1995,3,3,1,0,0,0,0,0,1,0
8352,1996,3,2,0,0,0,0,1,0,1,0
8361,1998,3,3,2,0,0,2,0,0,1,0
8361,2001,12,12,4,1,0,0,0,0,7,0
8361,2002,2,1,0,0,0,0,1,0,1,0
8361,2003,2,2,0,0,0,0,0,0,2,0
8361,2006,3,3,0,0,0,0,0,0,1,0
8375,1999,4,3,1,0,0,0,0,0,1,0
8375,2005,2,2,0,0,0,0,0,0,0,0
8375,2006,3,3,0,0,0,0,0,0,0,0
8375,2007,4,4,1,0,0,0,0,0,0,0
8376,2004,3,3,1,1,0,0,0,0,1,0
8412,1989,5,2,0,0,0,0,2,1,0,0
8412,1990,10,10,2,0,0,0,0,0,1,0
8412,1996,2,2,1,1,0,0,0,0,0,0
8412,1997,3,3,1,0,1,0,0,0,1,0
8412,1998,3,3,0,0,0,0,0,0,1,0
8414,1989,8,6,0,0,0,0,1,0,1,0
8418,1998,3,3,0,0,0,0,0,0,1,0
8418,1999,3,1,0,0,0,0,2,0,0,0
8418,2001,10,10,0,0,0,0,0,0,4,0
8418,2002,3,2,0,0,0,0,1,0,0,0
8419,2008,7,7,4,0,0,0,0,0,1,0
8434,1989,1,1,1,0,0,0,0,0,0,0
8435,1996,5,5,0,0,0,0,0,0,4,0
8435,1997,4,3,1,0,0,0,1,0,1,0
8435,1998,7,4,2,0,0,0,2,1,2,0
8435,2004,1,1,0,0,0,0,0,0,1,0
8458,2009,5,4,2,1,0,0,1,0,1,0
8460,2003,3,3,1,0,0,0,0,0,1,0
8460,2004,4,4,1,0,0,1,0,0,1,0
8467,1996,1,1,0,0,0,0,0,0,0,0
8467,1998,3,3,0,0,0,0,0,0,2,0
8468,1990,3,2,0,0,0,0,1,0,1,0
8468,1999,4,3,0,0,0,0,0,1,0,0
8474,1998,4,3,1,0,0,0,1,0,1,0
8474,2003,1,1,0,0,0,0,0,0,0,0
8474,2006,1,1,0,0,0,0,0,0,1,0
8482,1998,4,4,1,0,0,0,0,0,1,0
8496,2002,1,1,0,0,0,0,0,0,1,0
8514,1989,3,3,0,0,0,0,0,0,2,0
8518,1989,2,1,1,0,0,0,1,0,0,0
8520,1998,6,5,2,1,0,0,1,0,0,0
8521,1998,1,1,0,0,0,0,0,0,0,0
8521,2005,3,3,1,0,0,1,0,0,0,0
8521,2006,6,6,1,0,0,1,0,0,2,0
8521,2008,3,3,0,0,0,0,0,0,0,0
8522,2000,3,3,1,1,0,0,0,0,1,0
8522,2001,2,2,0,0,0,0,0,0,1,0
8522,2002,3,2,0,0,0,0,1,0,0,0
8524,1999,2,2,1,0,0,0,0,0,0,0
8534,1989,3,3,0,0,0,0,0,0,0,0
8544,2005,18,18,3,2,0,0,0,0,4,0
8544,2006,10,7,1,1,0,0,2,0,3,1
8546,2001,3,2,0,0,0,0,1,0,1,0
8547,1988,2,2,0,0,0,0,0,0,0,0
8547,1989,4,4,0,0,0,0,0,0,0,0
8547,1990,9,7,1,0,0,0,1,1,2,0
8547,1991,3,2,1,0,0,0,1,0,0,0
8547,1992,6,6,2,0,0,0,0,0,1,0
8547,1993,8,7,1,0,0,0,1,0,1,0
8549,2001,7,6,2,2,0,0,1,0,0,0
8549,2002,6,6,0,0,0,0,0,0,4,0
8553,1995,3,3,1,0,0,0,0,0,1,0
8556,2000,2,2,0,0,0,0,0,0,2,0
8556,2002,2,2,0,0,0,0,0,0,1,0
8558,2007,3,3,1,0,0,1,0,0,1,0
8558,2008,5,4,0,0,0,0,1,0,4,0
8559,1992,6,5,0,0,0,0,1,0,3,0
8559,1993,2,1,0,0,0,0,1,0,1,0
8567,1998,1,1,0,0,0,0,0,0,1,0
8567,1999,3,3,1,0,0,0,0,0,0,0
8567,2001,4,4,1,1,0,0,0,0,0,0
8567,2002,1,1,0,0,0,0,0,0,1,0
8581,2008,3,2,0,0,0,0,0,0,1,0
8581,2009,2,1,0,0,0,0,0,0,0,0
8597,2009,2,2,0,0,0,0,0,0,1,0
8601,2004,3,3,0,0,0,0,0,0,1,0
8601,2006,2,2,1,0,0,0,0,0,1,0
8607,1999,7,6,1,0,0,1,1,0,1,0
8607,2000,7,7,2,1,0,0,0,0,3,0
8607,2001,4,4,1,0,0,0,0,0,1,0
8607,2002,7,7,2,0,0,0,0,0,1,0
8616,1993,7,7,2,0,0,0,0,0,0,0
8616,1994,11,9,1,0,0,0,2,0,1,0
8616,1995,5,4,0,0,0,0,1,0,2,0
8624,2005,4,4,2,0,0,0,0,0,0,0
8624,2006,6,6,0,0,0,0,0,0,1,0
8638,2004,4,3,0,0,0,0,0,0,2,0
8651,1989,3,2,0,0,0,0,1,0,1,0
8668,1989,3,3,0,0,0,0,0,0,3,0
8668,1991,3,3,0,0,0,0,0,0,3,0
8668,1992,10,6,2,0,0,1,4,0,2,0
8668,1993,8,8,0,0,0,0,0,0,6,0
8668,1994,6,6,2,0,0,0,0,0,2,0
8668,1995,3,2,1,0,0,0,1,0,1,0
8668,1996,1,1,0,0,0,0,0,0,1,0
8668,1997,9,9,1,0,0,0,0,0,6,0
8668,1998,5,4,2,0,0,1,1,0,1,0
8674,1989,7,7,0,0,0,0,0,0,1,0
8674,1990,7,7,1,0,0,0,0,0,1,0
8674,1992,3,3,0,0,0,0,0,0,0,0
8674,1995,3,3,0,0,0,0,0,0,3,0
8674,1996,1,1,0,0,0,0,0,0,0,0
8688,1993,12,11,3,0,0,1,1,0,5,0
8688,1994,4,4,1,1,0,0,0,0,1,0
8688,1995,6,6,1,0,0,0,0,0,4,0
8688,1996,3,2,0,0,0,0,1,0,2,0
8688,1997,10,9,2,1,0,0,1,0,3,0
8688,2000,10,7,2,1,0,0,3,0,1,0
8688,2001,6,6,0,0,0,0,0,0,2,0
8696,1998,3,2,0,0,0,0,1,0,0,0
8706,1990,10,10,1,0,0,0,0,0,4,0
8706,1991,3,3,0,0,0,0,0,0,1,0
8707,1993,4,4,0,0,0,0,0,0,1,0
8707,1994,3,2,0,0,0,0,1,0,1,0
8722,2009,1,1,0,0,0,0,0,0,1,0
8727,1989,2,2,0,0,0,0,0,0,1,0
8727,1990,6,5,1,0,0,0,1,0,0,0
8727,1991,10,8,1,0,0,0,2,0,4,0
8727,1995,3,3,0,0,0,0,0,0,3,0
8731,1998,2,2,0,0,0,0,0,0,1,0
8755,2001,4,3,0,0,0,0,0,1,0,0
8755,2002,1,1,0,0,0,0,0,0,1,0
8755,2004,3,3,0,0,0,0,0,0,1,0
8755,2006,3,3,0,0,0,0,0,0,2,0
8780,2006,3,3,0,0,0,0,0,0,1,0
8782,2007,2,2,1,0,0,0,0,0,0,0
8782,2009,3,2,0,0,0,0,1,0,1,0
8795,2000,7,7,4,2,0,0,0,0,3,0
8795,2001,3,3,0,0,0,0,0,0,1,0
8795,2002,4,4,1,1,0,0,0,0,0,0
8795,2003,9,9,1,0,0,1,0,0,2,0
8795,2004,14,14,2,0,0,0,0,0,2,0
8795,2005,9,9,4,1,0,1,0,0,2,0
8795,2006,9,8,2,0,0,1,1,0,0,0
8805,2008,3,3,0,0,0,0,0,0,3,0
8807,2002,4,4,1,1,0,0,0,0,3,0
8807,2003,1,1,0,0,0,0,0,0,1,0
8807,2004,1,1,0,0,0,0,0,0,0,0
8808,1990,6,6,3,1,0,2,0,0,0,0
8808,1991,10,5,1,0,0,0,5,0,0,0
8812,2006,3,1,1,1,0,0,2,0,0,0
8812,2007,2,1,0,0,0,0,1,0,1,0
8812,2008,3,3,3,0,0,0,0,0,0,0
8813,1991,3,3,1,0,0,0,0,0,1,0
8825,2003,3,3,0,0,0,0,0,0,0,0
8825,2004,6,6,0,0,0,0,0,0,5,0
8829,1995,3,3,1,0,0,0,0,0,2,0
8829,1997,4,3,0,0,0,0,1,0,0,0
8831,1999,6,6,0,0,0,0,0,0,4,0
8831,2001,1,1,0,0,0,0,0,0,0,0
8836,2000,1,1,0,0,0,0,0,0,0,0
8836,2001,1,1,1,0,0,0,0,0,0,0
8850,1989,3,2,1,0,0,0,1,0,0,0
8850,1990,6,4,1,0,0,0,2,0,0,0
8850,1991,3,1,0,0,0,0,2,0,1,0
8850,1992,7,7,0,0,0,0,0,0,3,0
8853,2003,2,1,0,0,0,0,1,0,0,0
8853,2004,3,3,0,0,0,0,0,0,3,0
8853,2006,11,11,1,0,0,0,0,0,4,0
8853,2007,3,3,1,0,0,0,0,0,0,0
8854,2008,6,6,2,0,0,0,0,0,1,0
8854,2009,2,2,1,0,0,1,0,0,0,0
8857,1989,3,2,1,0,0,0,1,0,0,0
8857,1998,5,4,0,0,0,0,1,0,2,0
8872,2005,3,3,0,0,0,0,0,0,2,0
8872,2006,5,5,1,0,0,0,0,0,3,0
8888,2006,6,6,1,0,0,1,0,0,3,0
8891,2000,2,2,0,0,0,0,0,0,2,0
8897,1993,4,4,0,0,0,0,0,0,2,0
8897,1994,3,3,2,0,0,0,0,0,0,0
8897,1995,4,4,0,0,0,0,0,0,1,0
8897,2000,6,5,1,0,0,1,1,0,0,0
8897,2002,3,3,1,1,0,0,0,0,1,0
8897,2005,11,8,4,0,0,3,3,0,2,0
8897,2006,8,6,1,0,0,0,2,0,2,0
8898,1999,7,7,1,0,0,0,0,0,4,0
8898,2003,6,6,5,2,0,1,0,0,1,0
8898,2004,1,1,0,0,0,0,0,0,1,0
8917,1998,4,4,2,0,0,1,0,0,0,0
8917,1999,4,4,1,0,0,1,0,0,1,0
8917,2000,10,10,4,0,0,1,0,0,4,0
8917,2001,8,8,2,1,0,0,0,0,2,0
8917,2003,3,3,0,0,0,0,0,0,2,0
8917,2004,10,10,5,2,0,0,0,0,1,0
8917,2006,3,3,0,0,0,0,0,0,0,0
8918,2003,3,2,0,0,0,0,0,0,0,0
8921,1996,2,2,1,1,0,0,0,0,0,0
8921,1997,6,6,0,0,0,0,0,0,2,0
8928,1997,2,1,0,0,0,0,1,0,1,0
8928,2000,1,1,0,0,0,0,0,0,0,0
8928,2001,3,2,1,1,0,0,0,0,1,0
8928,2002,3,3,1,0,0,0,0,0,2,0
8928,2006,7,6,4,2,0,0,0,0,0,0
8929,2002,3,3,0,0,0,0,0,0,0,0
8934,2000,2,2,0,0,0,0,0,0,2,0
8948,1995,4,4,2,1,0,0,0,0,1,0
8954,1999,2,2,0,0,0,0,0,0,2,0
8954,2001,2,2,0,0,0,0,0,0,2,0
8984,2000,7,7,3,1,0,0,0,0,1,0
8984,2001,14,12,1,0,0,1,1,1,6,0
8984,2002,4,3,0,0,0,0,1,0,2,0
8994,1989,3,3,0,0,0,0,0,0,0,0
8994,1990,4,3,1,0,0,0,1,0,0,0
8994,1991,2,0,0,0,0,0,2,0,0,0
8994,1992,3,2,1,1,0,0,1,0,1,0
9006,2004,3,3,0,0,0,0,0,0,3,0
9006,2005,3,2,1,0,0,0,0,1,1,0
9006,2008,1,1,0,0,0,0,0,0,0,0
9023,2003,4,4,3,0,0,0,0,0,0,0
9023,2004,6,6,1,0,0,0,0,0,2,0
9027,1989,3,3,1,0,0,0,0,0,0,0
9027,1990,4,2,0,0,0,0,2,0,1,0
9027,1991,3,2,0,0,0,0,1,0,0,0
9027,1992,8,5,2,0,0,0,3,0,2,0
9027,1993,8,7,3,1,0,0,1,0,0,0
9027,1994,7,7,2,1,0,0,0,0,2,0
9027,1995,16,15,3,0,0,1,1,0,4,0
9027,1996,3,2,0,0,0,0,1,0,0,0
9027,1997,12,11,2,0,0,0,1,0,2,0
9036,1999,3,3,2,0,0,0,0,0,0,0
9036,2000,8,7,3,0,0,1,1,0,1,0
9036,2001,3,3,0,0,0,0,0,0,2,0
9036,2002,4,4,0,0,0,0,0,0,2,0
9036,2004,3,1,0,0,0,0,2,0,1,0
9036,2005,6,6,2,0,0,0,0,0,0,0
9046,2006,2,2,0,0,0,0,0,0,1,0
9051,2000,4,4,3,0,0,0,0,0,0,0
9051,2001,11,7,1,0,0,0,2,1,1,0
9051,2002,13,11,1,0,0,0,0,2,2,0
9051,2003,3,1,0,0,0,0,1,0,0,0
9051,2004,6,5,0,0,0,0,1,0,0,0
9051,2007,2,2,0,0,0,0,0,0,1,0
9051,2008,1,1,0,0,0,0,0,0,0,0
9051,2009,1,1,0,0,0,0,0,0,0,0
9069,2008,2,2,0,0,0,0,0,0,2,0
9114,2003,4,4,0,0,0,0,0,0,1,0
9114,2004,7,7,1,0,1,0,0,0,2,0
9120,1998,1,1,0,0,0,0,0,0,0,0
9120,1999,4,3,0,0,0,0,1,0,1,0
9120,2000,12,12,4,2,0,0,0,0,2,0
9120,2001,7,6,3,0,0,0,1,0,1,0
9120,2002,3,3,2,0,0,0,0,0,0,0
9120,2004,6,6,2,2,0,0,0,0,2,0
9120,2005,3,2,1,1,0,0,0,0,0,1
9120,2006,3,2,0,0,0,0,1,0,0,0
9120,2008,3,3,2,1,0,0,0,0,0,0
9121,1998,11,9,1,0,0,0,1,0,5,1
9124,1989,4,3,0,0,0,0,0,0,1,0
9128,1991,3,2,1,0,0,0,1,0,1,0
9128,1992,4,4,0,0,0,0,0,0,2,0
9128,1994,6,4,1,1,0,0,1,1,2,0
9154,2002,4,3,1,1,0,0,1,0,2,0
9187,2009,2,2,0,0,0,0,0,0,0,0
9191,1999,1,1,0,0,0,0,0,0,0,0
9191,2006,2,2,0,0,0,0,0,0,1,0
9213,2000,3,2,0,0,0,0,1,0,1,0
9213,2003,3,3,1,0,0,0,0,0,0,0
9225,1989,6,6,3,0,0,0,0,0,0,0
9225,1990,13,12,4,2,0,0,1,0,2,0
9225,1991,10,9,5,0,0,0,1,0,1,0
9225,1992,8,8,0,0,0,0,0,0,4,0
9225,1993,12,9,3,1,0,0,3,0,1,0
9225,1994,4,4,0,0,0,0,0,0,1,0
9225,1995,13,12,2,0,0,1,1,0,5,0
9233,2001,7,7,3,1,0,0,0,0,3,0
9233,2002,3,3,2,1,0,1,0,0,0,0
9233,2004,4,4,2,1,0,1,0,0,0,0
9233,2005,3,3,0,0,0,0,0,0,0,0
9233,2008,6,4,2,0,0,1,2,0,0,0
9233,2009,3,3,2,0,0,2,0,0,1,0
9239,1991,3,3,2,1,0,0,0,0,1,0
9239,1993,7,7,3,2,0,0,0,0,2,0
9239,1997,3,3,0,0,0,0,0,0,1,0
9241,2004,4,4,1,0,0,0,0,0,1,0
9241,2005,3,3,0,0,0,0,0,0,1,0
9263,2001,1,1,1,0,0,0,0,0,0,0
9267,1990,6,6,2,0,0,0,0,0,3,0
9267,1991,7,4,2,0,0,1,3,0,1,0
9267,1993,7,7,2,0,0,0,0,0,4,0
9268,2004,7,7,3,1,0,0,0,0,0,0
9272,2001,2,2,1,1,0,0,0,0,0,0
9275,2006,6,6,2,0,0,0,0,0,1,0
9280,2005,1,1,0,0,0,0,0,0,0,0
9288,2008,3,3,1,1,0,0,0,0,0,0
9306,1991,8,8,1,0,0,0,0,0,3,0
9306,1992,4,3,2,1,0,0,1,0,0,0
9306,1994,4,4,1,0,0,0,0,0,0,0
9306,1995,7,6,0,0,0,0,1,0,3,0
9306,1996,1,1,1,0,0,0,0,0,0,0
9306,1999,3,3,2,0,0,1,0,0,1,0
9306,2001,3,2,0,0,0,0,1,0,0,0
9307,2004,2,2,0,0,0,0,0,0,0,0
9317,1998,6,5,2,0,0,1,0,1,3,0
9317,2000,3,3,0,0,0,0,0,0,3,0
9317,2001,7,6,1,0,0,0,1,0,5,0
9317,2004,3,3,0,0,0,0,0,0,1,0
9317,2008,3,3,0,0,0,0,0,0,2,0
9329,2000,1,1,1,0,0,0,0,0,0,0
9331,2009,3,3,1,0,0,0,0,0,0,0
9333,1999,3,2,0,0,0,0,1,0,1,0
9338,1994,3,3,1,1,0,0,0,0,0,0
9338,1995,4,4,0,0,0,0,0,0,2,0
9338,1997,5,5,1,0,0,0,0,0,1,0
9338,1998,8,7,2,0,0,1,1,0,3,0
9338,2005,18,17,3,1,0,2,1,0,5,0
9338,2006,8,5,4,1,0,2,3,0,0,0
9338,2007,3,1,0,0,0,0,2,0,1,0
9338,2008,6,6,2,0,0,0,0,0,2,0
9338,2009,3,2,1,1,0,0,1,0,0,0
9377,1995,1,1,0,0,0,0,0,0,0,0
9377,1996,2,2,0,0,0,0,0,0,1,0
9377,1998,4,2,1,0,0,0,2,0,0,0
9377,2001,3,3,0,0,0,0,0,0,2,0
9377,2003,3,3,0,0,0,0,0,0,0,0
9381,1990,4,4,3,0,0,0,0,0,0,0
9381,1991,7,5,1,0,0,0,2,0,2,0
9390,2009,1,1,0,0,0,0,0,0,0,0
9415,1989,7,6,3,0,0,1,1,0,0,0
9415,1990,6,6,1,0,0,0,0,0,0,0
9426,1992,3,1,0,0,0,0,2,0,1,0
9434,1992,4,2,0,0,0,0,2,0,1,0
9434,1993,9,9,3,1,0,0,0,0,1,0
9434,1994,4,4,0,0,0,0,0,0,1,0
9434,1995,15,14,5,1,0,0,1,0,5,0
9434,1997,10,6,3,0,0,1,3,0,1,0
9434,2001,10,7,1,0,0,0,2,1,2,0
9434,2002,8,8,2,1,0,0,0,0,1,0
9441,1999,8,7,2,0,0,0,1,0,4,0
9441,2000,6,6,3,0,0,0,0,0,1,0
9441,2002,3,3,0,0,0,0,0,0,1,0
9441,2004,3,3,0,0,0,0,0,0,2,0
9441,2008,4,3,0,0,0,0,1,0,0,0
9444,2004,3,3,0,0,0,0,0,0,1,0
9447,1988,3,2,0,0,0,0,1,0,2,0
9447,1989,1,0,0,0,0,0,1,0,0,0
9447,1993,5,4,2,0,0,0,1,0,0,0
9460,1990,3,3,0,0,0,0,0,0,1,0
9460,1991,4,2,2,2,0,0,2,0,0,0
9460,1992,9,5,3,2,0,0,4,0,2,0
9460,1994,3,3,0,0,0,0,0,0,1,0
9460,1997,3,3,0,0,0,0,0,0,1,0
9467,2000,5,2,0,0,0,0,0,0,2,0
9470,1999,7,7,2,0,0,0,0,0,4,0
9470,2001,3,3,0,0,0,0,0,0,2,0
9470,2002,3,3,0,0,0,0,0,0,2,0
9483,1993,4,3,1,1,0,0,0,1,1,0
9490,2001,2,2,0,0,0,0,0,0,2,0
9494,1998,5,5,1,1,0,0,0,0,0,0
9494,1999,3,3,1,0,0,0,0,0,0,0
9494,2000,6,4,2,0,0,1,2,0,1,0
9494,2001,1,1,0,0,0,0,0,0,0,0
9507,1999,6,5,1,1,0,0,1,0,2,0
9507,2000,12,9,4,1,0,0,3,0,3,0
9507,2001,8,5,1,0,0,1,2,0,0,0
9507,2002,3,3,0,0,0,0,0,0,1,0
9507,2004,4,3,1,0,0,0,1,0,0,0
9507,2005,21,20,5,2,0,1,1,0,7,0
9507,2006,3,3,1,0,0,0,0,0,1,0
9507,2008,3,2,1,0,0,0,1,0,0,0
9514,2004,3,3,1,0,0,0,0,0,1,0
9514,2005,4,4,2,0,0,1,0,0,2,0
9533,2003,4,4,1,1,0,0,0,0,1,0
9533,2005,7,6,2,0,0,0,0,0,0,0
9533,2006,7,6,3,0,0,0,1,0,0,0
9533,2007,4,4,3,0,0,0,0,0,0,0
9538,2003,3,3,1,0,0,0,0,0,0,0
9547,1993,3,3,0,0,0,0,0,0,0,0
9547,1994,3,2,0,0,0,0,1,0,0,0
9549,2009,4,4,1,0,0,0,0,0,1,0
9554,2000,3,3,0,0,0,0,0,0,3,0
9554,2001,2,2,0,0,0,0,0,0,2,0
9554,2003,2,1,0,0,0,0,0,0,1,0
9624,2001,3,3,0,0,0,0,0,0,1,0
9625,2004,3,3,2,1,0,0,0,0,0,0
9625,2005,7,6,2,0,0,0,1,0,1,0
9625,2006,5,5,3,2,0,1,0,0,1,0
9630,1989,5,4,2,0,0,0,1,0,0,0
9630,1990,7,7,2,1,0,0,0,0,1,0
9630,1991,4,3,0,0,0,0,0,0,0,0
9630,1992,3,3,2,0,0,0,0,0,0,0
9630,1993,5,5,0,0,0,0,0,0,1,0
9630,1994,4,4,1,0,0,0,0,0,0,0
9630,1997,9,8,0,0,0,0,1,0,3,0
9631,1989,5,5,1,0,0,0,0,0,0,0
9631,1990,11,10,2,1,0,0,1,0,0,0
9631,1991,6,4,2,1,0,1,2,0,0,0
9631,1992,5,5,0,0,0,0,0,0,1,0
9631,1993,8,7,0,0,0,0,1,0,1,0
9631,1994,4,4,1,0,0,0,0,0,1,0
9631,1995,11,10,4,1,0,0,1,0,3,0
9631,1996,1,1,1,0,0,0,0,0,0,0
9631,1997,10,7,1,0,0,0,1,1,3,1
9644,2004,3,3,1,0,0,0,0,0,1,0
9644,2008,4,3,2,0,0,0,1,0,0,0
9654,2004,3,3,1,1,0,0,0,0,0,0
9654,2005,3,2,0,0,0,0,1,0,1,0
9654,2006,6,6,3,0,0,0,0,0,0,0
9656,1991,4,2,1,0,0,0,2,0,1,0
9656,1992,5,4,1,0,0,0,1,0,2,0
9656,1993,5,4,2,1,0,0,1,0,1,0
9660,2008,2,2,1,0,0,0,0,0,1,0
9662,1998,1,1,0,0,0,0,0,0,1,0
9662,1999,9,8,1,0,0,0,1,0,5,0
9662,2000,7,7,1,0,0,0,0,0,4,0
9662,2001,3,3,1,0,0,0,0,0,2,0
9663,2006,3,3,0,0,0,0,0,0,1,0
9682,1996,3,3,0,0,0,0,0,0,1,0
9682,1997,12,12,6,1,0,0,0,0,2,0
9683,2004,3,3,0,0,0,0,0,0,1,0
9683,2005,7,7,1,0,0,0,0,0,5,0
9683,2006,11,8,1,0,0,0,2,0,2,0
9685,2006,1,1,0,0,0,0,0,0,1,0
9687,2003,4,3,0,0,0,0,0,1,0,0
9707,2008,2,2,0,0,0,0,0,0,1,0
9710,2009,3,2,0,0,0,0,1,0,0,0
9737,2004,1,1,0,0,0,0,0,0,0,0
9763,1999,4,4,2,1,0,0,0,0,0,0
9767,1994,3,3,0,0,0,0,0,0,0,0
9780,2002,1,1,1,0,0,0,0,0,0,0
9787,1999,7,6,1,0,0,0,1,0,3,0
9790,1991,3,2,0,0,0,0,1,0,0,0
9790,1992,4,4,1,1,0,0,0,0,1,0
9790,1993,8,7,0,0,0,0,1,0,2,0
9790,1994,6,5,1,0,0,0,1,0,3,0
9790,1995,13,13,5,1,0,0,0,0,1,0
9790,1996,2,2,1,0,0,1,0,0,0,0
9790,1997,14,14,4,0,0,0,0,0,4,0
9790,1998,6,6,2,1,0,0,0,0,0,0
9790,1999,7,7,2,0,0,0,0,0,2,0
9790,2003,3,3,1,1,0,0,0,0,0,0
9790,2005,3,3,0,0,0,0,0,0,1,0
9790,2006,7,7,1,0,0,0,0,0,3,0
9790,2008,3,3,1,0,0,0,0,0,0,0
9790,2009,2,2,0,0,0,0,0,0,0,0
9801,2008,5,5,0,0,0,0,0,0,1,0
9801,2009,1,0,0,0,0,0,0,0,0,0
9834,2006,3,3,0,0,0,0,0,0,0,0
9849,1992,3,3,0,0,0,0,0,0,3,0
9863,1998,5,5,1,0,0,1,0,0,3,0
9863,1999,8,7,1,0,0,0,0,1,5,0
9863,2000,10,10,2,0,0,1,0,0,5,0
9863,2001,4,2,0,0,0,0,1,1,2,0
9863,2002,7,6,1,0,0,0,1,0,3,0
9863,2004,4,4,1,0,0,0,0,0,1,0
9869,2001,4,4,0,0,0,0,0,0,2,0
9869,2002,8,7,4,1,0,1,1,0,0,0
9869,2004,4,4,1,1,0,0,0,0,1,0
9869,2006,3,3,0,0,0,0,0,0,0,0
9869,2007,5,5,1,0,0,0,0,0,2,0
9869,2008,3,3,1,0,0,0,0,0,0,0
9874,2002,1,1,0,0,0,0,0,0,1,0
9884,1989,3,3,0,0,0,0,0,0,0,0
9884,1990,3,2,0,0,0,0,1,0,0,0
9899,1991,2,2,1,0,0,0,0,0,0,0
9916,1988,4,4,1,0,0,0,0,0,2,0
9923,2008,3,3,0,0,0,0,0,0,0,0
9942,1990,3,3,2,0,0,1,0,0,0,0
9942,1991,8,7,1,0,0,0,1,0,4,0
9942,1992,3,3,1,0,0,0,0,0,0,0
9943,2000,2,1,0,0,0,0,0,0,1,0
9957,1999,1,1,0,0,0,0,0,0,1,0
9957,2000,4,4,0,0,0,0,0,0,1,0
9959,2008,3,3,2,1,0,0,0,0,1,0
9959,2009,3,2,0,0,0,0,1,0,1,0
9960,2002,1,1,0,0,0,0,0,0,1,0
9960,2004,3,3,0,0,0,0,0,0,3,0
9960,2009,2,2,0,0,0,0,0,0,1,0
9965,1993,3,1,0,0,0,0,1,1,1,0
9975,2006,2,1,1,0,0,0,1,0,0,0
9976,2005,4,4,1,0,0,1,0,0,1,0
9976,2006,3,3,2,1,0,0,0,0,1,0
9976,2007,6,6,1,0,0,0,0,0,3,0
9976,2008,12,12,5,3,0,0,0,0,2,0
9983,1993,3,3,1,1,0,0,0,0,1,0
9983,1994,7,7,0,0,0,0,0,0,4,0
9986,1994,3,3,0,0,0,0,0,0,3,0
9992,2003,4,4,0,0,0,0,0,0,2,0
10002,2002,2,2,0,0,0,0,0,0,1,0
10010,2007,4,4,0,0,0,0,0,0,0,0
10010,2008,2,1,0,0,0,0,1,0,0,0
10039,1988,3,3,2,1,0,0,0,0,0,0
10039,1989,2,2,0,0,0,0,0,0,0,0
10039,1990,10,10,2,0,0,0,0,0,4,0
10039,1992,2,1,1,0,0,0,0,1,0,0
10039,1993,4,4,0,0,0,0,0,0,2,0
10049,2009,1,1,1,0,0,1,0,0,0,0
10051,2009,3,2,0,0,0,0,1,0,0,0
10073,1989,4,3,1,0,0,0,1,0,1,0
10073,1994,3,2,1,0,0,0,1,0,0,0
10073,1995,3,3,0,0,0,0,0,0,0,0
10082,2001,4,4,1,0,0,0,0,0,2,0
10092,1999,3,2,0,0,0,0,0,0,1,1
10092,2000,3,3,1,0,0,0,0,0,1,0
10092,2004,6,4,0,0,0,0,2,0,1,0
10099,1988,4,4,1,0,0,0,0,0,0,0
10115,1993,7,7,0,0,0,0,0,0,6,0
10115,1994,6,5,1,0,0,0,1,0,1,0
10115,1995,15,15,3,0,0,1,0,0,9,0
10115,1996,4,4,1,0,0,0,0,0,0,0
10115,1997,11,10,2,0,0,1,1,0,3,0
10115,1998,8,7,2,0,0,0,0,1,1,0
10115,2000,3,3,0,0,0,0,0,0,0,0
10115,2006,6,6,0,0,0,0,0,0,3,0
10117,2009,2,2,1,0,0,0,0,0,1,0
10129,1988,3,3,1,0,0,0,0,0,0,0
10129,1992,4,3,0,0,0,0,1,0,1,0
10129,1995,2,1,0,0,0,0,1,0,0,0
10129,1996,3,3,1,0,0,1,0,0,1,0
10129,1997,4,4,1,1,0,0,0,0,1,0
10135,2003,3,3,2,1,0,0,0,0,0,0
10135,2005,3,3,0,0,0,0,0,0,2,0
10136,2008,3,3,0,0,0,0,0,0,1,0
10148,2005,4,4,0,0,0,0,0,0,1,0
10148,2007,3,3,0,0,0,0,0,0,1,0
10148,2008,3,3,1,0,0,1,0,0,0,0
10155,2001,1,0,0,0,0,0,0,0,0,0
10156,2008,2,1,0,0,0,0,0,0,1,0
10161,2001,3,3,1,0,0,0,0,0,1,0
10161,2003,1,1,0,0,0,0,0,0,1,0
10161,2004,3,3,1,0,1,0,0,0,0,0
10171,1989,1,1,0,0,0,0,0,0,0,0
10171,2001,1,1,0,0,0,0,0,0,1,0
10181,2008,3,2,0,0,0,0,0,0,0,1
10184,1988,7,7,2,0,0,0,0,0,3,0
10185,1998,4,4,0,0,0,0,0,0,4,0
10185,1999,11,10,4,1,0,0,1,0,4,0
10185,2000,6,6,0,0,0,0,0,0,4,0
10185,2002,12,11,4,1,0,1,0,1,3,0
10185,2004,3,2,0,0,0,0,1,0,2,0
10185,2005,3,3,1,0,0,0,0,0,1,0
10185,2006,2,2,0,0,0,0,0,0,1,0
10203,1997,5,5,0,0,0,0,0,0,1,0
10203,1999,11,9,4,1,0,0,2,0,1,0
10203,2001,12,10,2,0,0,0,2,0,3,0
10203,2002,12,7,4,1,0,0,3,1,1,1
10203,2003,3,3,0,0,0,0,0,0,1,0
10211,1999,4,4,0,0,0,0,0,0,2,0
10211,2000,5,5,1,0,0,0,0,0,3,0
10217,2009,2,2,1,0,0,0,0,0,1,0
10221,1993,1,0,0,0,0,0,1,0,0,0
10224,2002,4,4,2,0,0,0,0,0,2,0
10262,1989,8,7,1,1,0,0,1,0,1,0
10262,1990,5,5,0,0,0,0,0,0,1,0
10262,1991,7,6,0,0,0,0,1,0,1,0
10262,1992,8,8,0,0,0,0,0,0,1,0
10266,2009,1,1,0,0,0,0,0,0,0,0
10276,2009,2,2,1,0,0,0,0,0,0,0
10288,2009,3,3,1,1,0,0,0,0,1,0
10293,1988,2,2,0,0,0,0,0,0,2,0
10313,2000,2,1,0,0,0,0,0,0,1,0
10313,2002,3,3,0,0,0,0,0,0,3,0
10316,1989,2,2,0,0,0,0,0,0,0,0
10318,2002,4,3,2,0,1,0,1,0,1,0
10318,2003,3,3,0,0,0,0,0,0,2,0
10318,2004,3,3,1,0,0,0,0,0,0,0
10324,1989,7,6,0,0,0,0,1,0,2,0
10324,1990,3,3,0,0,0,0,0,0,0,0
10324,1991,9,6,3,0,0,0,3,0,1,0
10324,1993,3,3,0,0,0,0,0,0,2,0
10324,1994,4,4,1,0,0,0,0,0,1,0
10334,1989,6,6,0,0,0,0,0,0,2,0
10358,1989,3,2,0,0,0,0,1,0,0,0
10358,1990,5,4,3,1,0,1,1,0,1,0
10401,2003,4,4,0,0,0,0,0,0,1,0
10401,2005,3,3,0,0,0,0,0,0,0,0
10401,2006,5,5,0,0,0,0,0,0,1,0
10403,2005,1,1,0,0,0,0,0,0,0,0
10424,1998,6,4,2,2,0,0,2,0,1,0
10424,1999,11,9,2,0,0,0,2,0,0,0
10424,2000,9,9,1,0,0,0,0,0,3,0
10428,1992,4,3,2,0,0,0,1,0,1,0
10428,1993,6,6,2,0,0,0,0,0,2,0
10428,1999,4,4,0,0,0,0,0,0,1,0
10428,2000,4,4,1,0,0,0,0,0,2,0
10430,2000,7,7,2,0,0,0,0,0,2,0
10430,2001,3,3,0,0,0,0,0,0,3,0
10437,1989,3,1,0,0,0,0,2,0,1,0
10437,1990,8,6,0,0,0,0,2,0,2,0
10437,1992,3,1,0,0,0,0,2,0,0,0
10437,1993,15,10,2,2,0,0,3,0,1,2
10437,1994,3,3,1,0,0,0,0,0,1,0
10437,1995,4,3,0,0,0,0,1,0,0,0
10437,1996,6,4,1,0,0,0,2,0,1,0
10437,1997,5,4,0,0,0,0,1,0,1,0
10458,2003,2,2,1,0,0,0,0,0,1,0
10469,1998,3,3,1,0,0,0,0,0,1,0
10469,1999,2,2,0,0,0,0,0,0,2,0
10469,2000,3,2,0,0,0,0,1,0,0,0
10478,1998,4,4,1,0,0,0,0,0,2,0
10478,2001,3,2,0,0,0,0,1,0,2,0
10478,2002,7,5,0,0,0,0,2,0,4,0
10478,2003,6,4,2,0,0,0,1,1,1,0
10478,2005,7,5,1,0,0,0,2,0,2,0
10478,2006,8,8,2,1,0,1,0,0,3,0
10479,1999,8,6,1,0,0,0,2,0,1,0
10502,1999,6,6,0,0,0,0,0,0,4,0
10512,2006,2,2,0,0,0,0,0,0,1,0
10515,1998,4,4,0,0,0,0,0,0,0,0
10516,2004,2,2,0,0,0,0,0,0,1,0
10520,1990,10,7,1,0,0,0,2,0,1,1
10520,1991,3,1,0,0,0,0,2,0,0,0
10520,1999,14,13,2,0,0,1,1,0,4,0
10520,2000,7,7,2,1,0,0,0,0,4,0
10520,2001,10,9,0,0,0,0,1,0,1,0
10520,2003,3,2,1,0,0,0,1,0,0,0
10520,2008,1,1,0,0,0,0,0,0,0,0
10520,2009,3,3,3,0,0,0,0,0,0,0
10525,2005,2,2,2,0,0,1,0,0,0,0
10525,2006,2,2,0,0,0,0,0,0,0,0
10529,2000,3,3,1,0,0,0,0,0,1,0
10554,2001,3,3,0,0,0,0,0,0,2,0
10554,2002,9,9,2,1,0,0,0,0,5,0
10554,2003,3,3,1,0,0,0,0,0,1,0
10557,1998,8,7,3,0,0,0,1,0,2,0
10566,2006,3,3,1,0,0,0,0,0,0,0
10576,2003,1,1,0,0,0,0,0,0,0,0
10579,1991,7,4,1,1,0,0,0,2,2,0
10579,1992,3,3,1,1,0,0,0,0,1,0
10579,2000,10,9,1,0,0,0,0,1,2,0
10579,2001,14,14,2,1,0,0,0,0,8,0
10579,2002,3,3,0,0,0,0,0,0,1,0
10591,1989,10,9,4,0,0,0,1,0,0,0
10591,1990,11,10,4,0,0,1,1,0,0,0
10591,1991,7,6,4,0,0,0,1,0,2,0
10591,1992,10,9,3,1,0,1,1,0,0,0
10591,1993,17,17,2,0,0,0,0,0,6,0
10591,1994,12,11,1,1,0,0,1,0,4,0
10591,1995,7,5,0,0,0,0,2,0,1,0
10591,1997,3,3,0,0,0,0,0,0,1,0
10595,2004,2,2,0,0,0,0,0,0,1,0
10596,1994,6,6,1,0,0,1,0,0,3,0
10596,1995,6,4,0,0,0,0,1,0,4,1
10605,1997,8,7,1,1,0,0,1,0,3,0
10605,1998,5,3,3,1,0,2,1,1,0,0
10612,1999,1,1,0,0,0,0,0,0,0,0
10612,2002,3,3,1,0,0,0,0,0,0,0
10646,2005,3,3,2,1,0,0,0,0,1,0
10646,2006,7,7,0,0,0,0,0,0,1,0
10655,1990,3,3,1,0,0,0,0,0,1,0
10655,1991,3,2,0,0,0,0,0,0,1,0
10671,1989,3,3,1,1,0,0,0,0,0,0
10671,1996,3,3,1,0,0,0,0,0,1,0
10695,2002,2,2,0,0,0,0,0,0,1,0
10703,2000,2,2,1,0,0,0,0,0,0,0
10747,1989,3,0,0,0,0,0,3,0,0,0
10747,1994,3,3,0,0,0,0,0,0,3,0
10751,1995,3,3,0,0,0,0,0,0,2,0
10751,1998,3,3,1,0,0,0,0,0,1,0
10751,2000,6,6,1,0,0,0,0,0,3,0
10751,2003,3,3,1,0,0,0,0,0,0,0
10758,1989,3,2,1,0,0,0,1,0,0,0
10759,1989,2,2,1,0,1,0,0,0,0,0
10764,1998,7,7,1,0,0,0,0,0,1,0
10791,2006,3,3,1,1,0,0,0,0,0,0
10801,1997,4,4,0,0,0,0,0,0,2,0
10801,1998,3,3,1,0,0,0,0,0,1,0
10802,1994,7,5,1,0,0,0,2,0,2,0
10802,1995,14,13,3,1,0,0,1,0,6,0
10802,1996,3,3,0,0,0,0,0,0,1,0
10802,1999,4,4,0,0,0,0,0,0,1,0
10802,2002,3,1,0,0,0,0,1,1,1,0
10806,1989,10,8,2,0,0,1,1,0,1,1
10806,1990,7,5,1,0,0,1,2,0,1,0
10806,1991,3,3,1,0,0,1,0,0,1,0
10807,2009,4,3,0,0,0,0,1,0,1,0
10809,2000,1,1,0,0,0,0,0,0,0,0
10825,1991,10,9,3,1,0,0,1,0,1,0
10825,1992,8,8,0,0,0,0,0,0,3,0
10825,2000,1,1,0,0,0,0,0,0,0,0
10844,2002,4,4,0,0,0,0,0,0,1,0
10844,2005,4,4,1,0,0,0,0,0,3,0
10851,1993,3,3,0,0,0,0,0,0,1,0
10851,1998,2,2,0,0,0,0,0,0,1,0
10859,1989,4,4,3,0,0,0,0,0,1,0
10859,1990,12,11,2,0,0,1,1,0,5,0
10859,1991,6,6,0,0,0,0,0,0,3,0
10859,1998,3,3,0,0,0,0,0,0,1,0
10859,1999,12,11,2,0,0,2,1,0,8,0
10859,2000,7,6,1,0,0,1,1,0,2,0
10859,2001,9,8,4,0,1,0,1,0,3,0
10859,2004,3,3,0,0,0,0,0,0,2,0
10859,2005,6,6,1,0,0,0,0,0,0,0
10861,2008,3,3,0,0,0,0,0,0,0,0
10899,2002,3,3,2,1,0,0,0,0,0,0
10899,2004,3,3,1,0,0,0,0,0,0,0
10900,1999,3,3,0,0,0,0,0,0,1,0
10900,2000,2,2,0,0,0,0,0,0,2,0
10904,1989,1,1,1,0,0,0,0,0,0,0
10904,1991,3,2,1,0,0,0,1,0,0,0
10904,1994,1,1,0,0,0,0,0,0,0,0
10907,1997,1,1,1,0,0,0,0,0,0,0
10907,1998,4,3,1,0,0,0,0,0,1,0
10907,2000,1,1,1,0,0,0,0,0,0,0
10907,2001,3,3,1,1,0,0,0,0,0,0
10911,2008,7,7,2,2,0,0,0,0,2,0
10911,2009,6,5,0,0,0,0,1,0,1,0
10914,2004,3,3,1,0,0,1,0,0,1,0
10914,2005,3,3,1,0,0,1,0,0,1,0
10916,1999,1,1,0,0,0,0,0,0,0,0
10918,1991,9,9,0,0,0,0,0,0,5,0
10918,1993,9,9,1,1,0,0,0,0,4,0
10918,1994,6,4,2,0,0,0,2,0,1,0
10918,1995,3,3,1,0,0,0,0,0,2,0
10918,1996,2,1,0,0,0,0,1,0,1,0
10918,1997,8,8,0,0,0,0,0,0,2,0
10918,1998,3,3,0,0,0,0,0,0,0,0
10918,1999,4,4,0,0,0,0,0,0,0,0
10918,2000,7,7,3,0,0,1,0,0,2,0
10940,1996,1,1,0,0,0,0,0,0,1,0
10941,1997,1,1,1,0,0,0,0,0,0,0
10941,1998,8,8,4,1,0,0,0,0,0,0
10941,1999,3,1,1,0,0,0,2,0,0,0
10941,2000,3,3,1,0,0,0,0,0,2,0
10941,2001,4,4,0,0,0,0,0,0,3,0
10948,1992,14,12,4,1,0,0,2,0,1,0
10962,1989,4,4,0,0,0,0,0,0,2,0
10962,1990,8,6,0,0,0,0,2,0,0,0
10962,1991,5,3,1,0,0,0,2,0,0,0
10962,1992,11,7,2,0,0,1,4,0,2,0
10962,1993,7,6,2,0,0,1,0,0,0,1
10962,1994,10,8,1,0,0,1,2,0,2,0
10962,1995,12,11,3,0,0,0,1,0,5,0
10962,1996,1,0,0,0,0,0,1,0,0,0
10962,1997,10,10,0,0,0,0,0,0,5,0
10962,1998,3,2,1,0,0,0,1,0,1,0
10975,1990,4,4,1,0,0,0,0,0,2,0
10985,2008,3,2,1,0,0,0,0,0,0,0
11002,1989,3,3,1,0,0,0,0,0,1,0
11002,1990,10,8,1,0,0,0,2,0,3,0
11002,1991,7,7,0,0,0,0,0,0,2,0
11002,1992,3,2,0,0,0,0,1,0,1,0
11002,1993,6,6,1,0,0,0,0,0,2,0
11002,1994,11,10,1,0,0,0,1,0,4,0
11002,1995,6,6,2,1,0,0,0,0,1,0
11002,1998,3,3,0,0,0,0,0,0,2,0
11012,2000,3,2,0,0,0,0,0,0,2,0
11019,1992,2,2,0,0,0,0,0,0,2,0
11032,1992,3,1,0,0,0,0,1,1,0,0
11032,2000,3,3,0,0,0,0,0,0,3,0
11041,2008,5,4,1,1,0,0,0,1,1,0
11046,1997,3,3,0,0,0,0,0,0,2,0
11046,1998,3,2,0,0,0,0,1,0,0,0
11046,2005,3,2,0,0,0,0,0,1,2,0
11054,1989,3,2,1,0,0,0,1,0,0,0
11054,1991,7,7,1,0,0,0,0,0,3,0
11054,1996,1,1,1,1,0,0,0,0,0,0
11060,2001,3,3,0,0,0,0,0,0,2,0
11060,2002,4,3,1,0,0,0,1,0,1,0
11060,2003,3,3,1,1,0,0,0,0,1,0
11064,1998,5,5,2,0,0,0,0,0,2,0
11064,2000,3,3,0,0,0,0,0,0,2,0
11100,1996,1,1,0,0,0,0,0,0,1,0
11101,1993,5,5,1,0,0,0,0,0,1,0
11123,2001,1,1,0,0,0,0,0,0,1,0
11124,2005,3,3,0,0,0,0,0,0,1,0
11134,1991,3,3,0,0,0,0,0,0,0,0
11145,1996,3,3,3,0,0,0,0,0,0,0
11145,1998,4,4,0,0,0,0,0,0,2,0
11145,1999,2,2,1,0,0,0,0,0,0,0
11145,2002,4,4,0,0,0,0,0,0,1,0
11145,2003,7,5,0,0,0,0,1,1,3,0
11156,1993,3,2,0,0,0,0,1,0,1,0
11171,1989,6,4,2,2,0,0,2,0,2,0
11172,2008,2,2,0,0,0,0,0,0,2,0
11173,1991,3,3,0,0,0,0,0,0,1,0
11173,1992,3,1,1,0,0,0,2,0,0,0
11173,1993,4,3,1,0,0,0,1,0,0,0
11173,1995,3,3,0,0,0,0,0,0,0,0
11173,1996,2,2,0,0,0,0,0,0,1,0
11173,2001,3,3,0,0,0,0,0,0,1,0
11173,2005,3,3,1,0,0,0,0,0,0,0
11188,2001,1,1,0,0,0,0,0,0,1,0
11190,2005,7,7,2,0,0,0,0,0,2,0
11190,2006,8,8,5,1,0,0,0,0,1,0
11190,2009,3,3,1,0,0,0,0,0,0,0
11191,2009,6,6,2,0,0,1,0,0,0,0
11195,1990,3,3,0,0,0,0,0,0,1,0
11195,1991,5,2,0,0,0,0,3,0,1,0
11195,1993,3,3,0,0,0,0,0,0,2,0
11195,1999,1,1,0,0,0,0,0,0,1,0
11207,2004,4,4,0,0,0,0,0,0,2,0
11211,1996,1,0,0,0,0,0,0,1,0,0
11211,1997,4,4,0,0,0,0,0,0,2,0
11211,1998,5,5,0,0,0,0,0,0,1,0
11211,2001,3,3,1,0,0,0,0,0,0,0
11211,2003,3,3,1,0,0,0,0,0,0,0
11211,2005,7,7,1,1,0,0,0,0,0,0
11211,2006,3,3,0,0,0,0,0,0,1,0
11211,2009,3,3,0,0,0,0,0,0,1,0
11219,2008,1,1,0,0,0,0,0,0,0,0
11220,2006,9,8,1,0,0,0,0,0,1,1
11233,1989,2,2,0,0,0,0,0,0,0,0
11233,1990,3,2,0,0,0,0,1,0,0,0
11233,1991,9,8,0,0,0,0,1,0,1,0
11233,1992,10,8,2,0,0,0,1,0,0,1
11237,2004,4,2,1,0,0,0,1,0,0,0
11237,2005,3,3,0,0,0,0,0,0,1,0
11237,2008,1,1,0,0,0,0,0,0,0,0
11260,1997,2,2,1,0,0,0,0,0,0,0
11263,1989,2,0,0,0,0,0,2,0,0,0
11263,1990,6,4,1,0,0,0,2,0,3,0
11263,1991,10,8,2,1,0,0,2,0,2,0
11263,1992,12,7,2,0,0,1,5,0,1,0
11263,1993,7,4,0,0,0,0,2,0,2,1
11263,1994,10,9,1,1,0,0,1,0,2,0
11263,1995,10,7,2,1,0,0,3,0,3,0
11263,1996,3,1,0,0,0,0,2,0,0,0
11274,1997,4,4,1,0,0,0,0,0,1,0
11274,1998,11,11,2,1,0,0,0,0,3,0
11274,1999,4,3,1,0,0,0,1,0,2,0
11274,2000,7,6,1,0,0,0,1,0,4,0
11274,2001,3,3,1,1,0,0,0,0,0,0
11274,2002,4,4,0,0,0,0,0,0,1,0
11274,2006,6,6,3,0,1,1,0,0,2,0
11274,2009,2,2,0,0,0,0,0,0,1,0
11286,1997,3,3,1,1,0,0,0,0,0,0
11291,2007,2,2,1,0,0,0,0,0,1,0
11291,2008,6,6,0,0,0,0,0,0,2,0
11314,2002,2,2,1,0,1,0,0,0,1,0
11328,2005,3,3,0,0,0,0,0,0,0,0
11331,2005,3,3,0,0,0,0,0,0,0,0
11331,2006,3,3,2,0,0,1,0,0,0,0
11331,2008,3,3,0,0,0,0,0,0,2,0
11332,1998,8,6,0,0,0,0,2,0,3,0
11332,1999,3,2,0,0,0,0,1,0,1,0
11332,2000,3,2,0,0,0,0,1,0,1,0
11332,2004,3,3,1,0,0,0,0,0,0,0
11332,2005,12,11,4,1,0,0,1,0,0,0
11332,2006,12,11,7,0,0,1,0,0,0,1
11332,2008,7,7,4,1,0,0,0,0,0,0
11332,2009,2,2,1,0,0,1,0,0,0,0
11336,2002,2,1,0,0,0,0,1,0,1,0
11361,2006,4,4,0,0,0,0,0,0,1,0
11368,1989,5,4,2,0,0,1,1,0,0,0
11368,1990,7,7,0,0,0,0,0,0,4,0
11368,1991,5,3,1,0,0,0,2,0,1,0
11368,1992,6,6,2,0,0,1,0,0,3,0
11368,1993,6,4,0,0,0,0,2,0,4,0
11368,1994,6,4,2,1,0,0,2,0,2,0
11368,1995,13,12,3,0,1,1,1,0,4,0
11376,2002,3,3,1,0,0,1,0,0,1,0
11376,2006,7,6,1,0,0,1,1,0,1,0
11376,2008,3,3,0,0,0,0,0,0,1,0
11385,2008,3,3,0,0,0,0,0,0,0,0
11394,1989,3,3,1,0,0,0,0,0,0,0
11403,2005,2,1,0,0,0,0,0,1,0,0
11416,1990,5,5,2,0,0,1,0,0,3,0
11416,1991,10,4,2,1,0,0,6,0,2,0
11416,1992,8,6,2,1,0,0,2,0,0,0
11416,1993,3,2,0,0,0,0,1,0,1,0
11416,1994,4,4,0,0,0,0,0,0,3,0
11416,1995,7,6,1,0,0,1,1,0,3,0
11416,1996,3,3,1,0,0,1,0,0,2,0
11416,1997,4,3,0,0,0,0,1,0,3,0
11416,1998,4,4,0,0,0,0,0,0,1,0
11416,2006,6,6,2,0,0,2,0,0,0,0
11423,1996,1,1,0,0,0,0,0,0,1,0
11423,2004,3,3,1,0,0,1,0,0,1,0
11423,2006,6,5,0,0,0,0,1,0,4,0
11434,1989,3,3,1,0,0,0,0,0,1,0
11443,2002,3,3,1,0,0,0,0,0,1,0
11455,1989,2,2,0,0,0,0,0,0,0,0
11455,1992,6,6,2,0,0,1,0,0,1,0
11455,1993,12,12,3,1,0,0,0,0,4,0
11471,1989,2,2,1,0,0,0,0,0,1,0
11471,1991,4,4,1,1,0,0,0,0,1,0
11471,1992,7,6,1,1,0,0,1,0,2,0
11471,1993,3,3,0,0,0,0,0,0,2,0
11472,2004,1,1,0,0,0,0,0,0,0,0
11472,2009,2,2,0,0,0,0,0,0,0,0
11474,1999,2,2,0,0,0,0,0,0,2,0
11474,2001,2,2,0,0,0,0,0,0,2,0
11493,1992,3,3,1,1,0,0,0,0,1,0
11493,1993,4,4,0,0,0,0,0,0,2,0
11495,1994,8,7,1,0,0,0,1,0,4,0
11513,2001,2,2,0,0,0,0,0,0,2,0
11522,2002,2,2,0,0,0,0,0,0,0,0
11522,2004,5,4,0,0,0,0,0,0,4,0
11560,2004,13,12,5,1,1,0,1,0,2,0
11560,2005,3,3,0,0,0,0,0,0,1,0
11560,2007,2,2,0,0,0,0,0,0,1,0
11560,2008,2,2,1,0,0,0,0,0,0,0
11560,2009,3,2,2,0,0,1,1,0,0,0
11573,2009,1,1,0,0,0,0,0,0,0,0
11577,2004,2,2,0,0,0,0,0,0,1,0
11580,1989,3,2,1,1,0,0,1,0,1,0
11580,1990,4,4,0,0,0,0,0,0,0,0
11580,1991,5,5,1,0,0,0,0,0,1,0
11580,1993,3,2,1,0,0,0,1,0,0,0
11580,1994,7,6,3,1,0,0,1,0,0,0
11580,1996,3,3,2,0,0,0,0,0,0,0
11581,1997,3,3,0,0,0,0,0,0,3,0
11581,1998,3,3,2,2,0,0,0,0,0,0
11581,2001,13,12,2,0,0,0,0,1,7,0
11581,2002,16,14,3,1,0,0,2,0,2,0
11599,1988,4,3,0,0,0,0,1,0,1,0
11599,1989,3,2,1,0,0,0,1,0,0,0
11612,2000,5,5,1,1,0,0,0,0,2,0
11612,2002,3,3,1,0,0,0,0,0,1,0
11634,2007,2,2,0,0,0,0,0,0,1,0
11634,2008,7,6,2,0,0,0,0,0,0,0
11634,2009,6,6,1,0,0,0,0,0,0,0
11641,1994,8,6,3,0,0,0,2,0,1,0
11641,1995,3,3,0,0,0,0,0,0,3,0
11665,2008,3,3,0,0,0,0,0,0,2,0
11665,2009,3,2,1,0,0,0,1,0,0,0
11676,1997,3,3,0,0,0,0,0,0,3,0
11681,2006,3,3,1,0,0,1,0,0,1,0
11682,2009,4,4,1,0,0,1,0,0,1,0
11693,2001,9,9,3,0,0,0,0,0,3,0
11693,2002,10,10,2,0,2,0,0,0,3,0
11693,2003,3,3,1,0,0,1,0,0,1,0
11693,2005,3,3,1,0,0,0,0,0,0,0
11693,2006,3,2,0,0,0,0,0,0,0,1
11698,2006,3,2,0,0,0,0,1,0,0,0
11698,2007,5,4,0,0,0,0,0,1,2,0
11698,2008,3,3,0,0,0,0,0,0,2,0
11710,1999,2,2,0,0,0,0,0,0,1,0
11726,2005,3,2,1,1,0,0,1,0,1,0
11736,1992,3,3,1,1,0,0,0,0,0,0
11736,1993,6,5,1,0,0,0,1,0,1,0
11736,1994,11,8,3,1,1,0,2,1,2,0
11736,1996,1,0,0,0,0,0,1,0,0,0
11736,1997,10,8,2,0,0,2,2,0,2,0
11736,1998,7,7,2,1,0,0,0,0,1,0
11736,2002,3,2,0,0,0,0,1,0,1,0
11737,1993,3,3,0,0,0,0,0,0,3,0
11737,1994,1,0,0,0,0,0,1,0,0,0
11737,1995,3,3,0,0,0,0,0,0,1,0
11737,1996,5,4,0,0,0,0,1,0,1,0
11737,1997,3,3,0,0,0,0,0,0,1,0
11737,2006,3,2,0,0,0,0,1,0,0,0
11743,1994,3,2,0,0,0,0,1,0,0,0
11743,1995,2,2,1,0,0,0,0,0,1,0
11763,1998,2,2,1,0,0,0,0,0,1,0
11765,1989,4,4,1,1,0,0,0,0,0,0
11768,2003,1,1,0,0,0,0,0,0,1,0
11776,1998,7,7,1,0,0,0,0,0,2,0
11776,2005,12,11,4,1,0,2,1,0,2,0
11776,2006,8,5,2,0,0,0,3,0,1,0
11776,2007,3,3,0,0,0,0,0,0,2,0
11796,1989,2,1,0,0,0,0,1,0,1,0
11796,1990,7,6,1,0,0,1,1,0,0,0
11796,1991,6,5,0,0,0,0,0,0,2,1
11796,1992,3,3,1,0,0,0,0,0,1,0
11796,1993,5,5,0,0,0,0,0,0,5,0
11796,1995,6,5,2,0,0,0,1,0,2,0
11796,1996,6,5,1,0,0,1,1,0,1,0
11796,1998,4,4,2,0,0,0,0,0,1,0
11796,1999,7,7,0,0,0,0,0,0,4,0
11798,1991,1,1,1,0,0,0,0,0,0,0
11798,1992,3,3,1,0,0,1,0,0,2,0
11798,1994,4,4,0,0,0,0,0,0,1,0
11798,1996,2,2,0,0,0,0,0,0,1,0
11798,1997,10,8,5,2,0,1,0,2,3,0
11798,1998,7,6,1,0,0,0,0,1,5,0
11798,2000,3,3,1,0,0,0,0,0,2,0
11798,2002,4,4,1,0,0,0,0,0,3,0
11801,1999,2,2,0,0,0,0,0,0,1,0
11801,2000,5,5,1,1,0,0,0,0,2,0
11803,2002,3,3,1,0,0,0,0,0,0,0
11803,2003,4,3,1,1,0,0,0,1,1,0
11815,1999,3,3,0,0,0,0,0,0,2,0
11817,1989,3,3,1,0,0,0,0,0,1,0
11817,1990,2,1,0,0,0,0,1,0,0,0
11817,1991,3,3,0,0,0,0,0,0,3,0
11817,1992,4,4,3,2,0,0,0,0,0,0
11817,1993,4,3,3,0,0,0,1,0,0,0
11817,1994,11,10,6,1,0,0,1,0,3,0
11817,1995,12,12,5,0,0,0,0,0,0,0
11817,1996,4,3,0,0,0,0,1,0,2,0
11817,2000,3,3,1,1,0,0,0,0,1,0
11819,2008,3,3,1,0,0,0,0,0,1,0
11828,1990,12,11,4,1,0,0,1,0,3,0
11828,1991,11,7,1,0,0,0,4,0,1,0
11828,1992,4,3,0,0,0,0,0,0,2,1
11828,1993,3,3,0,0,0,0,0,0,1,0
11828,1995,6,5,1,0,0,0,1,0,3,0
11828,1996,3,3,0,0,0,0,0,0,2,0
11828,1999,2,2,0,0,0,0,0,0,1,0
11832,1998,4,4,2,0,0,0,0,0,1,0
11832,1999,7,7,3,1,0,1,0,0,0,0
11832,2001,3,3,1,0,0,1,0,0,0,0
11852,2006,3,3,2,0,0,0,0,0,0,0
11852,2007,6,6,0,0,0,0,0,0,1,0
11852,2008,6,4,3,0,0,2,1,0,0,0
11854,1999,4,4,1,0,0,0,0,0,2,0
11854,2000,11,11,3,1,0,0,0,0,4,0
11854,2001,3,3,0,0,0,0,0,0,1,0
11854,2002,5,5,0,0,0,0,0,0,2,0
11854,2003,3,2,0,0,0,0,1,0,0,0
11854,2004,3,2,0,0,0,0,0,0,1,0
11875,1999,2,2,0,0,0,0,0,0,1,0
11877,1995,7,6,0,0,0,0,0,1,2,0
11877,1998,4,4,1,0,0,0,0,0,1,0
11877,1999,3,3,1,0,0,0,0,0,0,0
11877,2001,4,3,2,0,0,0,0,1,0,0
11877,2002,4,4,1,0,0,0,0,0,0,0
11889,1995,6,6,1,0,0,0,0,0,3,0
11889,1996,3,1,0,0,0,0,2,0,0,0
11889,1997,6,4,1,0,0,1,2,0,3,0
11889,2003,3,2,1,0,0,0,1,0,0,0
11894,1996,1,1,1,1,0,0,0,0,0,0
11894,1999,9,9,3,1,0,0,0,0,0,0
11894,2000,6,5,2,1,0,0,0,1,0,0
11894,2002,6,6,1,0,0,0,0,0,2,0
11896,1994,3,2,0,0,0,0,1,0,0,0
11896,1995,4,4,2,0,0,0,0,0,0,0
11896,1996,1,1,0,0,0,0,0,0,0,0
11896,1997,6,5,0,0,0,0,1,0,3,0
11896,1998,9,7,3,0,0,0,2,0,1,0
11896,2007,5,3,1,0,0,0,1,0,0,0
11896,2008,7,7,2,0,0,0,0,0,2,0
11901,1993,4,4,2,0,0,1,0,0,2,0
11901,1994,3,3,2,0,0,0,0,0,1,0
11901,1995,3,3,0,0,0,0,0,0,1,0
11901,1997,3,2,1,1,0,0,1,0,0,0
11901,1998,4,4,0,0,0,0,0,0,3,0
11904,2008,2,2,1,0,0,0,0,0,0,0
11912,2008,3,3,1,1,0,0,0,0,1,0
11950,1995,11,9,2,1,0,0,2,0,3,0
11950,1997,3,1,1,1,0,0,2,0,0,0
11971,2000,4,3,0,0,0,0,1,0,1,0
11971,2001,14,12,7,1,0,1,0,2,1,0
11971,2002,7,6,2,1,0,0,1,0,2,0
11971,2003,5,4,1,0,0,0,0,1,1,0
11971,2004,3,3,1,0,0,0,0,0,1,0
11980,2001,1,1,0,0,0,0,0,0,1,0
11980,2002,6,6,0,0,0,0,0,0,3,0
11999,1996,4,4,1,0,0,0,0,0,2,0
12034,2005,4,4,1,0,0,0,0,0,2,0
12035,1989,3,2,1,0,0,0,0,0,1,1
12035,1990,4,3,0,0,0,0,1,0,1,0
12040,1991,3,3,2,1,0,0,0,0,0,0
12040,1994,3,3,1,1,0,0,0,0,1,0
12040,1995,3,3,2,0,0,0,0,0,1,0
12040,1998,1,1,0,0,0,0,0,0,0,0
12094,2004,5,5,1,0,0,0,0,0,2,0
12112,1993,1,1,0,0,0,0,0,0,0,0
12112,1997,7,5,0,0,0,0,2,0,4,0
12112,2000,3,3,1,1,0,0,0,0,2,0
12113,1988,7,7,0,0,0,0,0,0,1,0
12113,1990,7,6,1,0,0,0,0,1,1,0
12113,1991,3,1,0,0,0,0,2,0,0,0
12116,1992,6,6,0,0,0,0,0,0,3,0
12119,2008,3,3,1,0,0,0,0,0,1,0
12119,2009,3,3,0,0,0,0,0,0,2,0
12123,1999,4,4,1,0,0,0,0,0,0,0
12131,1990,9,6,1,0,0,0,2,0,1,1
12131,1999,3,3,0,0,0,0,0,0,1,0
12131,2000,6,6,1,0,0,0,0,0,3,0
12135,1998,1,1,0,0,0,0,0,0,1,0
12143,2004,3,2,0,0,0,0,0,1,1,0
12143,2007,3,3,0,0,0,0,0,0,1,0
12151,2004,3,3,0,0,0,0,0,0,2,0
12151,2005,8,8,3,1,0,1,0,0,2,0
12151,2006,5,4,1,1,0,0,1,0,0,0
12157,1998,2,2,0,0,0,0,0,0,0,0
12166,2004,6,6,1,0,1,0,0,0,4,0
12166,2008,6,6,2,0,0,1,0,0,1,0
12177,2009,2,2,0,0,0,0,0,0,1,0
12202,1989,7,5,2,0,0,0,2,0,0,0
12202,1990,6,5,1,0,0,0,1,0,2,0
12202,1991,12,10,2,0,0,1,2,0,2,0
12202,1992,11,8,2,2,0,0,3,0,3,0
12202,1993,12,12,2,2,0,0,0,0,5,0
12202,1994,7,7,3,0,0,1,0,0,1,0
12202,1995,4,4,0,0,0,0,0,0,3,0
12202,1999,13,12,6,1,0,1,0,1,4,0
12202,2001,3,3,1,1,0,0,0,0,2,0
12209,2005,1,1,0,0,0,0,0,0,0,0
12213,1989,2,2,1,1,0,0,0,0,0,0
12213,1990,3,3,1,0,0,0,0,0,1,0
12216,2000,1,1,0,0,0,0,0,0,1,0
12221,1989,3,3,1,0,0,0,0,0,0,0
12224,1991,6,6,0,0,0,0,0,0,4,0
12224,1992,11,10,4,0,0,0,1,0,1,0
12224,1998,4,4,0,0,0,0,0,0,3,0
12231,1999,7,7,3,0,0,0,0,0,2,0
12231,2000,7,6,2,0,0,1,1,0,4,0
12231,2001,5,4,0,0,0,0,1,0,2,0
12231,2003,9,7,3,0,0,0,1,1,2,0
12231,2005,3,3,1,0,0,0,0,0,1,0
12249,1999,7,6,2,0,0,0,1,0,3,0
12249,2000,3,3,0,0,0,0,0,0,2,0
12249,2005,3,3,1,0,0,1,0,0,2,0
12249,2006,3,3,0,0,0,0,0,0,1,0
12259,2002,4,4,0,0,0,0,0,0,1,0
12259,2003,7,7,4,0,0,1,0,0,1,0
12259,2004,6,6,0,0,0,0,0,0,1,0
12259,2006,8,8,5,1,0,2,0,0,2,0
12259,2008,3,3,2,0,0,1,0,0,0,0
12276,2002,1,1,0,0,0,0,0,0,1,0
12276,2004,3,2,1,0,0,0,0,1,0,0
12276,2006,3,3,0,0,0,0,0,0,2,0
12277,1992,4,3,1,0,0,0,1,0,0,0
12289,1991,4,3,0,0,0,0,1,0,1,0
12289,1993,9,7,2,0,0,0,2,0,2,0
12289,1994,7,6,4,1,0,0,1,0,1,0
12289,1995,12,11,2,0,1,0,1,0,5,0
12289,1996,1,1,0,0,0,0,0,0,1,0
12289,2002,4,3,1,0,0,0,1,0,1,0
12303,2003,2,2,0,0,0,0,0,0,0,0
12303,2004,1,1,0,0,0,0,0,0,0,0
12310,1996,3,2,0,0,0,0,1,0,1,0
12314,1993,4,3,0,0,0,0,0,1,1,0
12314,1994,9,9,3,0,0,2,0,0,4,0
12314,1995,10,7,2,1,0,0,3,0,1,0
12314,1997,10,10,1,0,0,0,0,0,0,0
12314,1998,4,3,1,0,0,0,1,0,0,0
12314,1999,11,11,3,2,0,1,0,0,5,0
12314,2004,4,4,0,0,0,0,0,0,2,0
12315,1997,4,4,2,0,0,1,0,0,1,0
12321,2003,3,3,0,0,0,0,0,0,2,0
12321,2004,5,4,0,0,0,0,1,0,3,0
12322,2008,3,3,0,0,0,0,0,0,3,0
12322,2009,2,2,1,0,0,1,0,0,1,0
12328,1990,3,3,0,0,0,0,0,0,1,0
12333,1997,5,5,2,1,0,0,0,0,2,0
12347,2006,3,3,0,0,0,0,0,0,1,0
12358,2001,1,1,0,0,0,0,0,0,0,0
12366,1993,3,2,0,0,0,0,1,0,1,0
12368,2001,6,6,1,0,0,0,0,0,3,0
12368,2002,3,3,1,0,0,0,0,0,0,0
12368,2004,3,3,0,0,0,0,0,0,1,0
12371,1999,3,3,0,0,0,0,0,0,1,0
12374,1998,3,3,3,2,0,0,0,0,0,0
12374,2002,4,4,0,0,0,0,0,0,1,0
12376,1988,3,3,2,0,0,2,0,0,0,0
12376,1989,5,4,1,0,0,1,1,0,1,0
12380,2001,7,6,0,0,0,0,0,0,4,0
12380,2002,3,3,0,0,0,0,0,0,1,0
12380,2004,3,3,2,0,0,1,0,0,0,0
12380,2005,3,3,1,0,0,0,0,0,1,0
12380,2007,1,1,0,0,0,0,0,0,1,0
12380,2008,6,5,0,0,0,0,1,0,0,0
12386,1990,6,4,1,0,0,0,1,0,2,1
12386,1991,3,3,1,1,0,0,0,0,1,0
12392,1999,9,9,1,0,0,0,0,0,4,0
12392,2000,6,6,1,1,0,0,0,0,3,0
12392,2001,4,4,2,0,0,0,0,0,1,0
12392,2002,6,5,3,0,0,1,1,0,2,0
12392,2003,8,8,2,0,0,0,0,0,6,0
12392,2004,10,9,3,1,0,0,1,0,2,0
12401,2002,1,1,0,0,0,0,0,0,1,0
12401,2003,6,6,2,0,0,0,0,0,4,0
12401,2004,1,1,1,1,0,0,0,0,0,0
12402,1991,4,4,0,0,0,0,0,0,2,0
12402,1992,3,3,0,0,0,0,0,0,1,0
12414,1990,6,6,0,0,0,0,0,0,1,0
12414,1991,10,10,2,1,0,0,0,0,4,0
12414,1992,10,9,3,2,1,0,1,0,1,0
12414,1993,11,10,3,0,0,2,1,0,3,0
12414,1994,4,3,0,0,0,0,1,0,2,0
12421,1989,2,2,0,0,0,0,0,0,1,0
12425,1998,12,10,3,0,0,0,0,0,3,0
12425,2005,4,3,1,0,0,0,0,0,0,1
12425,2007,6,5,2,0,0,0,1,0,0,0
12425,2008,14,13,5,0,0,1,1,0,1,0
12460,1999,2,1,0,0,0,0,1,0,0,0
12460,2007,2,2,1,0,0,0,0,0,1,0
12460,2008,4,4,0,0,0,0,0,0,2,0
12465,2004,4,3,1,1,0,0,1,0,2,0
12474,1998,2,2,0,0,0,0,0,0,1,0
12478,2004,3,3,0,0,0,0,0,0,2,0
12478,2005,6,6,2,1,0,0,0,0,1,0
12478,2006,4,3,0,0,0,0,1,0,1,0
12507,2001,4,3,1,0,0,0,0,0,0,1
12507,2004,2,2,0,0,0,0,0,0,2,0
12515,1989,5,5,3,0,0,1,0,0,0,0
12515,1990,9,7,0,0,0,0,2,0,1,0
12515,1991,5,4,1,0,0,0,1,0,2,0
12515,1995,7,6,2,1,0,0,1,0,2,0
12515,1996,1,1,1,0,0,0,0,0,0,0
12523,2004,3,3,0,0,0,0,0,0,1,0
12523,2005,6,6,3,1,0,0,0,0,2,0
12523,2006,6,4,3,1,0,0,2,0,1,0
12523,2007,3,3,0,0,0,0,0,0,2,0
12523,2009,3,3,2,1,0,0,0,0,0,0
12527,2003,1,1,0,0,0,0,0,0,0,0
12539,1988,4,4,0,0,0,0,0,0,1,0
12584,2000,2,1,1,0,0,0,0,0,0,0
12584,2002,2,2,0,0,0,0,0,0,2,0
12588,2005,3,2,1,0,0,0,1,0,0,0
12588,2006,13,11,3,1,0,1,2,0,1,0
12588,2007,3,3,1,0,0,0,0,0,0,0
12588,2008,3,3,0,0,0,0,0,0,1,0
12589,1989,1,1,1,0,0,0,0,0,0,0
12598,2009,4,2,0,0,0,0,2,0,1,0
12600,1998,4,4,2,0,0,0,0,0,2,0
12600,1999,4,4,1,0,0,1,0,0,2,0
12602,2006,3,3,0,0,0,0,0,0,0,0
12602,2008,4,4,2,0,0,0,0,0,0,0
12606,1997,3,3,1,0,0,1,0,0,0,0
12606,1999,7,3,2,0,1,0,3,1,1,0
12606,2000,7,7,0,0,0,0,0,0,2,0
12606,2001,11,9,0,0,0,0,2,0,5,0
12606,2002,3,2,0,0,0,0,1,0,0,0
12606,2003,3,2,0,0,0,0,1,0,0,0
12607,1994,1,1,0,0,0,0,0,0,1,0
12607,1998,5,5,2,0,0,0,0,0,1,0
12615,1996,2,2,1,1,0,0,0,0,1,0
12615,1998,10,9,0,0,0,0,1,0,3,0
12615,1999,4,4,2,0,0,2,0,0,2,0
12615,2000,4,4,1,0,0,0,0,0,2,0
12615,2001,6,6,1,0,0,1,0,0,4,0
12615,2002,3,3,0,0,0,0,0,0,1,0
12619,2005,3,2,0,0,0,0,1,0,0,0
12619,2006,3,3,1,1,0,0,0,0,1,0
12619,2009,3,3,1,0,0,1,0,0,1,0
12623,1989,6,5,2,2,0,0,1,0,1,0
12623,1990,10,9,1,0,0,0,1,0,2,0
12623,1991,3,2,0,0,0,0,1,0,1,0
12623,1992,3,3,1,0,0,0,0,0,1,0
12623,1993,3,2,0,0,0,0,1,0,1,0
12633,2002,2,2,0,0,0,0,0,0,2,0
12633,2004,1,1,1,0,0,0,0,0,0,0
12633,2009,1,1,1,1,0,0,0,0,0,0
12642,1995,2,2,0,0,0,0,0,0,2,0
12642,1999,1,1,0,0,0,0,0,0,0,0
12642,2002,2,2,1,0,0,0,0,0,0,0
12642,2003,3,3,1,0,0,0,0,0,0,0
12642,2004,3,3,2,1,0,0,0,0,1,0
12642,2005,6,5,0,0,0,0,1,0,1,0
12642,2006,3,3,1,0,0,0,0,0,0,0
12651,1999,6,6,0,0,0,0,0,0,2,0
12651,2000,7,6,2,0,0,0,1,0,3,0
12651,2001,3,3,0,0,0,0,0,0,1,0
12651,2002,11,9,3,0,0,0,2,0,1,0
12651,2004,4,4,1,0,0,0,0,0,1,0
12663,2009,1,1,0,0,0,0,0,0,0,0
12666,2009,6,6,2,0,0,1,0,0,0,0
12671,2008,3,2,0,0,0,0,1,0,1,0
12672,2006,3,3,1,0,0,0,0,0,1,0
12675,1998,1,1,1,0,0,0,0,0,0,0
12677,2001,5,4,1,0,0,0,0,1,1,0
12682,1992,8,6,3,1,0,0,1,0,0,0
12682,1993,7,6,0,0,0,0,1,0,0,0
12682,1994,7,7,0,0,0,0,0,0,2,0
12684,1989,4,4,2,1,0,0,0,0,1,0
