1,1975,6,5,2,1,0,0,1,0,2,0
47,1961,6,4,0,0,0,0,2,0,1,0
47,1962,12,11,1,0,0,1,1,0,2,0
47,1963,2,2,1,0,0,0,0,0,0,0
47,1964,9,9,2,0,0,1,0,0,1,0
47,1965,15,15,3,0,0,1,0,0,5,0
47,1966,6,5,2,0,0,0,1,0,2,0
47,1967,8,7,2,1,0,0,1,0,2,0
47,1968,7,6,1,0,0,0,1,0,0,0
47,1969,5,5,1,0,0,0,0,0,1,0
63,1976,4,3,1,1,0,0,1,0,0,0
72,1963,16,15,2,0,0,0,1,0,3,0
72,1964,10,9,4,1,0,1,1,0,2,0
72,1965,10,10,2,1,0,0,0,0,3,0
72,1966,10,7,4,1,0,3,3,0,1,0
88,1962,1,1,0,0,0,0,0,0,0,0
88,1966,20,20,4,1,1,0,0,0,6,0
88,1967,14,12,5,0,0,0,1,0,2,1
94,1963,3,3,0,0,0,0,0,0,2,0
94,1965,3,3,0,0,0,0,0,0,1,0
103,1979,1,1,0,0,0,0,0,0,0,0
128,1976,1,1,0,0,0,0,0,0,1,0
140,1979,3,3,1,0,0,0,0,0,0,0
140,1981,1,1,0,0,0,0,0,0,0,0
159,1963,1,1,0,0,0,0,0,0,1,0
160,1968,7,7,2,0,0,0,0,0,1,0
160,1969,1,1,0,0,0,0,0,0,0,0
164,1972,4,4,1,1,0,0,0,0,1,0
164,1973,4,4,1,0,0,0,0,0,0,0
165,1979,1,1,0,0,0,0,0,0,0,0
168,1967,13,13,4,0,0,0,0,0,1,0
168,1968,4,4,0,0,0,0,0,0,1,0
168,1969,9,9,3,1,0,0,0,0,1,0
168,1970,4,4,1,0,0,0,0,0,0,0
189,1977,12,12,3,0,2,0,0,0,0,0
189,1978,3,3,1,1,0,0,0,0,0,0
198,1968,8,6,2,0,1,0,0,0,0,1
198,1969,11,11,4,1,0,0,0,0,0,0
198,1970,11,11,3,0,0,0,0,0,0,0
198,1971,18,18,5,3,0,0,0,0,3,0
198,1972,4,4,2,0,0,0,0,0,0,0
198,1973,16,16,6,0,0,0,0,0,2,0
198,1974,1,1,0,0,0,0,0,0,0,0
198,1975,11,11,4,2,0,0,0,0,0,0
201,1970,16,15,4,0,0,0,1,0,2,0
201,1971,10,8,0,0,0,0,2,0,0,0
201,1972,5,5,1,0,0,1,0,0,1,0
201,1973,12,12,3,1,0,0,0,0,0,0
202,1974,5,4,2,0,0,0,0,1,0,0
204,1973,15,14,6,4,0,1,1,0,2,0
205,1979,1,1,1,0,0,0,0,0,0,0
214,1962,1,1,0,0,0,0,0,0,0,0
214,1964,2,1,0,0,0,0,1,0,0,0
230,1968,4,4,0,0,0,0,0,0,1,0
230,1970,3,3,1,0,0,0,0,0,0,0
230,1971,14,14,2,0,0,0,0,0,1,0
230,1973,2,2,1,0,0,0,0,0,0,0
230,1974,3,3,2,0,0,0,0,0,0,0
241,1963,16,14,5,1,2,1,1,1,3,0
241,1964,12,8,3,1,0,0,3,0,1,1
241,1965,16,15,6,0,0,2,1,0,1,0
241,1966,19,16,7,1,0,2,2,0,3,1
241,1967,19,19,9,3,0,1,0,0,3,0
241,1968,14,12,0,0,0,0,1,0,4,0
241,1969,7,6,1,1,0,0,1,0,2,0
242,1968,4,4,2,0,0,0,0,0,2,0
242,1969,13,11,4,1,0,0,2,0,4,0
249,1966,3,3,1,0,0,0,0,0,1,0
249,1967,14,14,2,0,0,0,0,0,2,0
292,1976,8,6,2,0,0,0,0,0,0,2
292,1977,2,2,0,0,0,0,0,0,1,0
310,1967,11,9,5,1,0,0,1,0,2,0
310,1968,20,20,2,0,0,0,0,0,2,0
310,1969,2,2,0,0,0,0,0,0,0,0
310,1970,7,6,3,0,0,1,1,0,0,0
310,1971,16,13,1,0,0,0,3,0,0,0
310,1972,3,2,0,0,0,0,1,0,1,0
310,1973,4,4,0,0,0,0,0,0,1,0
311,1976,3,3,1,0,0,0,0,0,0,0
311,1978,5,5,2,0,0,0,0,0,0,0
314,1977,2,2,2,1,0,0,0,0,0,0
328,1960,3,2,0,0,0,0,1,0,0,0
328,1961,12,11,5,0,0,0,1,0,0,0
328,1962,19,17,5,0,0,0,1,0,2,1
328,1963,6,5,2,0,0,0,1,0,0,0
328,1964,13,11,4,1,0,0,1,0,1,0
328,1965,18,18,5,1,1,0,0,0,1,0
328,1966,15,15,4,0,0,0,0,0,0,0
328,1967,6,6,2,1,0,0,0,0,0,0
328,1968,8,7,3,1,0,0,0,0,0,1
328,1969,8,8,4,1,0,0,0,0,0,0
328,1970,11,10,4,1,0,0,1,0,0,0
328,1971,9,7,2,0,0,0,0,1,1,0
328,1972,3,3,0,0,0,0,0,0,1,0
328,1973,8,7,3,0,0,0,0,0,0,1
344,1961,2,2,0,0,0,0,0,0,0,0
365,1976,6,6,3,1,0,0,0,0,1,0
365,1977,3,2,2,0,1,0,1,0,0,0
371,1976,2,2,0,0,0,0,0,0,1,0
396,1975,5,5,0,0,0,0,0,0,0,0
396,1982,1,1,0,0,0,0,0,0,0,0
396,1983,1,1,1,1,0,0,0,0,0,0
403,1977,5,4,2,0,0,0,1,0,0,0
407,1961,9,8,2,0,0,1,1,0,0,0
409,1977,1,1,0,0,0,0,0,0,0,0
426,1971,3,3,0,0,0,0,0,0,1,0
426,1972,4,4,0,0,0,0,0,0,1,0
426,1977,1,1,0,0,0,0,0,0,0,0
439,1970,2,2,1,0,0,0,0,0,1,0
445,1961,13,10,1,0,0,1,3,0,0,0
445,1962,14,12,2,1,0,0,2,0,5,0
457,1976,3,3,0,0,0,0,0,0,0,0
465,1962,5,5,0,0,0,0,0,0,1,0
465,1963,6,6,1,0,0,0,0,0,1,0
465,1964,6,6,3,0,0,1,0,0,0,0
465,1965,13,12,5,0,0,0,1,0,3,0
465,1966,16,16,4,0,0,1,0,0,1,0
465,1967,13,12,4,0,0,1,1,0,3,0
465,1968,15,14,3,0,0,0,1,0,1,0
465,1969,12,11,1,0,0,0,1,0,1,0
465,1970,5,4,1,0,0,0,0,0,0,1
474,1981,2,1,0,0,0,0,1,0,0,0
474,1982,1,1,1,0,0,0,0,0,0,0
493,1968,2,1,0,0,0,0,0,0,0,0
493,1969,2,2,1,0,0,0,0,0,0,0
493,1970,3,3,2,0,0,0,0,0,0,0
493,1971,2,2,0,0,0,0,0,0,0,0
495,1982,2,2,1,0,0,0,0,0,0,0
495,1983,4,3,2,0,0,0,0,0,0,1
497,1976,8,7,2,0,0,1,1,0,1,0
497,1977,4,4,1,0,0,1,0,0,0,0
508,1980,1,1,1,1,0,0,0,0,0,0
516,1976,6,6,2,1,0,0,0,0,1,0
516,1977,7,6,1,0,0,0,1,0,1,0
516,1978,4,4,0,0,0,0,0,0,0,0
516,1979,2,2,0,0,0,0,0,0,0,0
516,1980,2,2,0,0,0,0,0,0,0,0
516,1981,2,2,2,0,0,1,0,0,0,0
516,1982,1,1,1,0,0,0,0,0,0,0
533,1974,3,3,0,0,0,0,0,0,1,0
533,1975,7,7,3,0,0,0,0,0,0,0
555,1971,1,1,0,0,0,0,0,0,1,0
560,1967,8,8,3,1,1,0,0,0,1,0
560,1968,10,9,4,1,0,0,1,0,0,0
560,1969,14,12,5,0,0,2,2,0,3,0
560,1970,12,8,2,0,0,1,4,0,0,0
560,1971,8,6,0,0,0,0,1,1,1,0
560,1973,7,7,3,0,0,1,0,0,1,0
560,1974,6,5,0,0,0,0,0,1,2,0
560,1975,18,15,5,1,0,0,3,0,0,0
560,1979,1,1,0,0,0,0,0,0,0,0
573,1979,3,3,0,0,0,0,0,0,0,0
573,1980,2,1,0,0,0,0,1,0,1,0
588,1964,3,3,0,0,0,0,0,0,1,0
588,1966,2,2,0,0,0,0,0,0,2,0
588,1967,3,3,0,0,0,0,0,0,1,0
588,1969,2,2,0,0,0,0,0,0,1,0
610,1965,6,6,2,0,0,0,0,0,1,0
610,1966,4,4,0,0,0,0,0,0,1,0
684,1983,1,1,0,0,0,0,0,0,0,0
685,1961,3,3,1,0,0,0,0,0,2,0
686,1981,1,1,0,0,0,0,0,0,0,0
708,1960,1,0,0,0,0,0,1,0,0,0
708,1961,5,4,0,0,0,0,1,0,0,0
714,1963,3,3,0,0,0,0,0,0,1,0
728,1972,7,6,0,0,0,0,0,0,3,1
728,1973,5,4,0,0,0,0,1,0,2,0
728,1974,9,9,0,0,0,0,0,0,0,0
728,1975,13,11,5,1,0,0,2,0,0,0
728,1979,1,1,1,1,0,0,0,0,0,0
788,1967,3,3,0,0,0,0,0,0,1,0
788,1968,8,8,3,1,0,0,0,0,2,0
788,1969,12,11,1,0,0,0,1,0,0,0
788,1970,10,9,2,0,0,0,1,0,1,0
788,1971,11,11,3,0,0,0,0,0,1,0
788,1972,3,3,1,0,0,0,0,0,2,0
788,1973,5,5,1,0,0,0,0,0,0,0
788,1974,10,10,3,0,0,0,0,0,0,0
788,1975,9,9,3,0,0,0,0,0,0,0
792,1962,2,2,0,0,0,0,0,0,0,0
792,1964,1,1,0,0,0,0,0,0,1,0
800,1972,7,6,1,0,0,0,1,0,0,0
800,1973,8,8,1,1,0,0,0,0,1,0
800,1974,4,4,1,0,0,0,0,0,0,0
800,1975,14,13,3,1,0,0,1,0,3,0
800,1979,2,2,1,0,0,0,0,0,0,0
800,1980,1,1,1,0,0,0,0,0,0,0
810,1967,2,2,0,0,0,0,0,0,1,0
819,1979,1,1,0,0,0,0,0,0,0,0
843,1976,12,12,3,2,0,1,0,0,2,0
843,1977,9,8,3,1,0,1,1,0,0,0
843,1978,8,6,1,1,0,0,1,0,1,1
843,1980,4,3,2,1,0,0,1,0,0,0
843,1982,1,1,0,0,0,0,0,0,0,0
847,1980,3,2,1,0,0,0,1,0,0,0
847,1982,1,1,0,0,0,0,0,0,0,0
847,1983,1,1,0,0,0,0,0,0,0,0
850,1974,7,7,3,2,0,0,0,0,0,0
850,1975,13,11,6,2,0,0,2,0,0,0
854,1967,1,1,0,0,0,0,0,0,1,0
870,1982,1,1,1,0,0,0,0,0,0,0
877,1982,3,3,1,1,0,0,0,0,0,0
896,1980,1,1,0,0,0,0,0,0,0,0
901,1978,3,3,0,0,0,0,0,0,0,0
901,1980,7,7,2,0,0,0,0,0,0,0
901,1982,5,5,3,1,0,0,0,0,1,0
901,1983,4,4,2,0,0,1,0,0,0,0
905,1965,18,17,3,0,0,1,0,1,1,0
905,1966,13,12,3,0,0,1,0,1,0,0
905,1967,10,10,3,0,1,0,0,0,1,0
905,1968,3,3,1,1,0,0,0,0,0,0
905,1969,5,4,2,0,0,0,0,1,0,0
905,1970,11,9,3,0,0,0,2,0,0,0
905,1971,18,18,3,1,0,0,0,0,1,0
905,1972,3,3,2,0,0,0,0,0,0,0
905,1973,13,13,4,1,0,0,0,0,1,0
905,1974,6,6,1,0,0,0,0,0,1,0
905,1975,4,4,1,0,0,0,0,0,1,0
910,1960,7,6,2,0,0,0,1,0,1,0
912,1966,2,2,0,0,0,0,0,0,0,0
912,1969,2,2,1,0,0,0,0,0,0,0
915,1961,8,7,2,1,0,0,1,0,1,0
931,1971,1,1,0,0,0,0,0,0,1,0
931,1973,10,10,3,0,0,0,0,0,1,0
931,1974,4,3,0,0,0,0,1,0,0,0
931,1975,5,5,2,0,0,0,0,0,0,0
931,1980,3,3,0,0,0,0,0,0,0,0
931,1981,1,0,0,0,0,0,0,0,0,1
931,1983,1,1,0,0,0,0,0,0,0,0
957,1976,4,4,1,0,0,0,0,0,1,0
957,1977,3,3,2,1,0,0,0,0,0,0
957,1978,6,6,0,0,0,0,0,0,0,0
957,1980,3,3,1,0,0,0,0,0,1,0
957,1982,2,1,1,0,0,0,1,0,0,0
959,1960,2,2,0,0,0,0,0,0,0,0
959,1961,15,14,3,3,0,0,1,0,4,0
959,1962,15,12,2,0,0,0,2,1,3,0
963,1969,7,5,1,0,0,0,2,0,1,0
963,1971,3,3,2,0,0,0,0,0,1,0
963,1972,7,7,2,0,0,0,0,0,1,0
963,1973,7,7,0,0,0,0,0,0,1,0
991,1980,3,3,1,1,0,0,0,0,1,0
991,1981,1,0,0,0,0,0,1,0,0,0
991,1982,1,1,0,0,0,0,0,0,0,0
997,1965,14,12,7,2,0,0,1,1,1,0
997,1966,13,13,6,0,0,1,0,0,0,0
997,1967,10,9,2,1,0,0,1,0,0,0
997,1968,10,9,3,0,0,1,1,0,3,0
997,1969,12,11,2,0,0,1,0,1,1,0
997,1970,12,10,4,1,0,0,2,0,0,0
997,1971,12,12,4,0,0,0,0,0,3,0
997,1972,8,8,4,1,1,0,0,0,0,0
997,1973,5,3,1,0,0,0,2,0,0,0
997,1974,12,11,2,0,0,1,1,0,2,0
997,1975,12,12,3,0,1,1,0,0,0,0
1010,1962,1,0,0,0,0,0,1,0,0,0
1014,1980,1,1,0,0,0,0,0,0,0,0
1017,1970,1,0,0,0,0,0,0,0,0,1
1021,1963,4,4,2,1,0,0,0,0,2,0
1021,1964,4,4,0,0,0,0,0,0,0,0
1021,1965,4,4,1,0,0,0,0,0,1,0
1030,1965,6,5,3,2,0,0,1,0,1,0
1030,1966,3,3,1,0,0,0,0,0,0,0
1030,1967,10,9,1,0,0,0,0,1,0,0
1030,1968,4,4,0,0,0,0,0,0,3,0
1040,1974,2,2,0,0,0,0,0,0,1,0
1050,1980,2,1,0,0,0,0,0,0,0,0
1055,1974,9,9,0,0,0,0,0,0,0,0
1055,1975,11,9,3,0,0,0,1,1,3,0
1055,1979,3,3,1,0,1,0,0,0,1,0
1056,1980,1,1,0,0,0,0,0,0,0,0
1056,1982,1,1,1,0,0,1,0,0,0,0
1063,1969,4,4,1,0,0,0,0,0,0,0
1079,1976,3,3,1,0,0,0,0,0,1,0
1079,1977,3,3,1,1,0,0,0,0,1,0
1083,1970,2,2,1,0,0,0,0,0,0,0
1085,1960,2,2,0,0,0,0,0,0,0,0
1092,1980,1,1,0,0,0,0,0,0,1,0
1094,1975,7,7,2,2,0,0,0,0,1,0
1094,1979,2,2,0,0,0,0,0,0,2,0
1094,1981,1,1,0,0,0,0,0,0,1,0
1103,1981,4,3,2,1,0,0,1,0,0,0
1103,1982,1,1,1,0,0,0,0,0,0,0
1103,1983,1,1,0,0,0,0,0,0,0,0
1107,1977,8,8,5,0,0,0,0,0,1,0
1107,1978,8,7,2,0,0,0,1,0,0,0
1115,1980,3,3,1,0,0,0,0,0,0,0
1115,1981,2,1,0,0,0,0,1,0,0,0
1131,1974,7,6,1,0,0,0,0,0,1,0
1131,1975,3,3,1,0,0,0,0,0,1,0
1131,1979,1,0,0,0,0,0,0,0,0,0
1139,1961,6,4,1,0,0,0,2,0,0,0
1139,1962,8,7,0,0,0,0,1,0,3,0
1144,1977,2,2,1,0,0,0,0,0,0,0
1149,1968,2,2,1,0,0,0,0,0,1,0
1149,1969,3,3,1,1,0,0,0,0,0,0
1149,1970,3,3,0,0,0,0,0,0,1,0
1149,1971,2,2,0,0,0,0,0,0,1,0
1153,1975,11,11,1,0,0,0,0,0,3,0
1166,1964,2,2,0,0,0,0,0,0,2,0
1177,1964,2,2,1,0,0,0,0,0,1,0
1177,1965,1,1,0,0,0,0,0,0,0,0
1177,1968,1,1,0,0,0,0,0,0,1,0
1179,1980,3,3,1,1,0,0,0,0,0,0
1179,1981,2,2,2,0,0,0,0,0,0,0
1179,1983,3,3,0,0,0,0,0,0,0,0
1188,1964,11,10,5,1,1,1,1,0,2,0
1188,1965,9,9,0,0,0,0,0,0,4,0
1188,1966,10,10,2,0,0,1,0,0,2,0
1188,1967,2,2,1,0,0,1,0,0,0,0
1188,1968,4,4,0,0,0,0,0,0,0,0
1198,1961,2,2,1,1,0,0,0,0,0,0
1207,1960,1,1,1,1,0,0,0,0,0,0
1207,1961,4,4,0,0,0,0,0,0,3,0
1207,1962,12,10,3,0,0,0,2,0,2,0
1207,1963,6,6,1,1,0,0,0,0,0,0
1207,1964,3,3,2,0,0,0,0,0,1,0
1207,1965,17,15,2,0,0,1,1,0,2,1
1207,1966,11,11,3,0,0,1,0,0,1,0
1212,1969,1,1,1,0,0,0,0,0,0,0
1212,1970,1,1,0,0,0,0,0,0,1,0
1220,1967,3,3,0,0,0,0,0,0,3,0
1220,1969,4,3,0,0,0,0,1,0,3,0
1220,1970,9,8,2,0,0,0,0,0,2,1
1220,1973,3,3,2,0,1,1,0,0,1,0
1233,1981,1,1,0,0,0,0,0,0,0,0
1239,1971,3,3,3,0,0,0,0,0,0,0
1248,1960,2,2,1,0,1,0,0,0,0,0
1248,1961,12,10,5,1,0,0,2,0,1,0
1248,1962,11,10,5,2,1,0,1,0,1,0
1248,1963,4,4,1,0,0,1,0,0,1,0
1248,1964,12,11,3,1,0,0,1,0,1,0
1248,1965,12,12,0,0,0,0,0,0,2,0
1278,1960,3,2,1,0,0,0,1,0,0,0
1278,1961,3,3,2,0,0,0,0,0,0,0
1278,1963,12,12,3,0,0,0,0,0,1,0
1280,1982,1,1,1,0,0,0,0,0,0,0
1281,1982,1,1,1,0,0,1,0,0,0,0
1281,1983,1,1,0,0,0,0,0,0,0,0
1290,1962,8,7,1,0,0,0,1,0,2,0
1290,1963,8,8,2,0,0,0,0,0,0,0
1290,1964,14,11,4,1,0,1,3,0,2,0
1290,1965,7,7,2,0,1,0,0,0,1,0
1291,1974,15,15,3,2,0,0,0,0,0,0
1291,1975,15,14,6,1,0,0,1,0,1,0
1291,1979,4,3,2,1,0,0,0,0,0,1
1305,1961,1,1,0,0,0,0,0,0,0,0
1310,1961,5,4,1,0,0,0,0,0,0,0
1312,1979,2,2,2,0,1,0,0,0,0,0
1313,1961,4,4,1,0,0,0,0,0,1,0
1313,1962,14,12,4,2,0,0,2,0,2,0
1313,1963,3,3,0,0,0,0,0,0,1,0
1317,1973,1,0,0,0,0,0,1,0,0,0
1317,1974,13,10,3,0,0,0,3,0,1,0
1317,1975,6,6,0,0,0,0,0,0,3,0
1322,1971,2,2,0,0,0,0,0,0,0,0
1322,1973,2,1,0,0,0,0,0,0,0,0
1323,1962,5,5,1,0,0,0,0,0,0,0
1323,1963,10,9,2,0,0,0,1,0,2,0
1323,1964,19,17,4,0,0,0,2,0,4,0
1323,1965,15,15,5,2,0,0,0,0,2,0
1323,1966,18,17,3,0,0,0,1,0,5,0
1323,1967,12,10,0,0,0,0,0,2,0,0
1323,1968,3,3,0,0,0,0,0,0,0,0
1323,1969,13,13,5,0,0,0,0,0,1,0
1323,1970,12,11,0,0,0,0,0,0,1,1
1323,1971,6,6,0,0,0,0,0,0,0,0
1323,1972,1,1,1,1,0,0,0,0,0,0
1323,1973,5,4,0,0,0,0,1,0,1,0
1323,1974,5,5,2,0,0,2,0,0,0,0
1344,1983,2,1,1,0,0,0,1,0,0,0
1345,1976,7,6,3,0,0,1,1,0,1,0
1345,1977,6,6,2,0,0,0,0,0,2,0
1345,1978,1,1,1,0,0,0,0,0,0,0
1351,1972,7,7,1,0,0,0,0,0,1,0
1351,1973,3,3,0,0,0,0,0,0,1,0
1351,1974,4,4,1,0,0,0,0,0,0,0
1351,1975,10,8,4,0,0,0,2,0,0,0
1358,1981,2,2,0,0,0,0,0,0,0,0
1358,1982,1,1,0,0,0,0,0,0,0,0
1358,1983,4,4,3,0,0,0,0,0,0,0
1390,1962,13,13,3,0,0,0,0,0,1,0
1390,1963,4,4,2,0,0,0,0,0,0,0
1390,1964,5,5,0,0,0,0,0,0,1,0
1390,1965,8,8,3,1,0,0,0,0,1,0
1393,1965,4,3,0,0,0,0,0,0,1,0
1393,1967,9,8,2,0,0,0,1,0,1,0
1395,1961,3,2,0,0,0,0,0,0,0,0
1395,1962,1,1,0,0,0,0,0,0,0,0
1396,1969,1,1,1,0,0,1,0,0,0,0
1396,1970,3,3,2,0,0,1,0,0,0,0
1396,1971,8,7,1,1,0,0,1,0,3,0
1396,1972,1,1,1,0,0,1,0,0,0,0
1396,1973,1,0,0,0,0,0,1,0,0,0
1405,1977,3,2,0,0,0,0,0,0,0,0
1410,1976,7,6,2,1,0,0,1,0,0,0
1411,1963,6,6,4,0,0,0,0,0,0,0
1411,1964,11,10,3,0,0,0,1,0,0,0
1411,1965,9,9,2,0,0,1,0,0,2,0
1411,1966,10,9,2,0,0,0,1,0,1,0
1411,1967,14,12,6,0,0,0,2,0,0,0
1411,1968,14,14,3,1,0,0,0,0,1,0
1411,1969,12,12,2,0,0,0,0,0,1,0
1411,1970,3,3,2,0,0,0,0,0,1,0
1411,1974,3,3,1,0,0,0,0,0,0,0
1420,1973,3,3,0,0,0,0,0,0,1,0
1424,1970,1,1,0,0,0,0,0,0,0,0
1431,1963,4,3,0,0,0,0,0,1,3,0
1437,1961,1,0,0,0,0,0,1,0,0,0
1456,1966,4,4,0,0,0,0,0,0,3,0
1456,1968,2,2,0,0,0,0,0,0,1,0
1456,1970,4,4,0,0,0,0,0,0,2,0
1463,1961,3,2,1,0,0,0,0,0,0,0
1463,1962,8,7,3,1,0,0,0,0,0,0
1463,1963,7,7,0,0,0,0,0,0,1,0
1471,1973,3,3,1,0,1,0,0,0,0,0
1471,1974,14,13,4,1,0,0,0,0,1,0
1471,1975,7,7,2,1,0,0,0,0,2,0
1471,1978,1,1,0,0,0,0,0,0,0,0
1483,1976,6,6,2,0,0,0,0,0,0,0
1483,1977,3,3,0,0,0,0,0,0,0,0
1483,1978,3,2,1,0,0,0,0,0,0,1
1483,1980,6,6,2,0,0,0,0,0,0,0
1483,1981,2,1,0,0,0,0,0,0,0,1
1483,1982,6,6,0,0,0,0,0,0,1,0
1483,1983,3,3,1,1,0,0,0,0,0,0
1490,1960,4,4,2,2,0,0,0,0,0,0
1490,1961,5,4,0,0,0,0,1,0,1,0
1490,1962,5,5,3,1,0,0,0,0,0,0
1500,1964,7,5,2,0,0,0,1,1,0,0
1500,1965,14,14,3,0,0,0,0,0,1,0
1500,1966,20,18,3,0,0,0,1,0,3,0
1500,1967,10,9,2,0,0,0,0,0,1,0
1500,1968,8,8,2,1,0,0,0,0,0,0
1500,1969,5,5,1,0,0,0,0,0,1,0
1500,1970,9,9,3,0,0,0,0,0,0,0
1500,1971,13,13,4,1,0,1,0,0,1,0
1500,1972,4,4,1,0,0,0,0,0,0,0
1513,1979,1,1,1,1,0,0,0,0,0,0
1520,1961,3,3,0,0,0,0,0,0,0,0
1520,1962,3,2,0,0,0,0,0,0,1,0
1520,1963,2,2,1,0,0,0,0,0,0,0
1522,1969,2,1,0,0,0,0,0,0,0,0
1525,1970,1,1,0,0,0,0,0,0,0,0
1538,1966,1,1,0,0,0,0,0,0,1,0
1545,1977,6,6,1,1,0,0,0,0,0,0
1549,1962,3,2,1,0,0,0,0,1,0,0
1555,1974,10,10,4,2,0,0,0,0,1,0
1555,1975,12,12,4,0,0,0,0,0,0,0
1555,1979,2,2,1,1,0,0,0,0,0,0
1566,1963,1,0,0,0,0,0,1,0,0,0
1573,1972,4,4,1,1,0,0,0,0,1,0
1573,1973,17,14,3,0,0,0,3,0,3,0
1573,1974,16,15,7,1,1,1,1,0,4,0
1573,1975,12,11,2,0,0,0,1,0,1,0
1573,1977,6,6,0,0,0,0,0,0,1,0
1573,1978,7,4,1,0,0,1,2,0,1,1
1573,1980,3,3,0,0,0,0,0,0,0,0
1577,1978,2,2,1,0,1,0,0,0,0,0
1582,1963,4,4,2,0,0,0,0,0,0,0
1586,1961,8,7,0,0,0,0,1,0,2,0
1590,1965,1,1,1,0,0,0,0,0,0,0
1610,1983,1,1,0,0,0,0,0,0,0,0
1613,1969,1,1,0,0,0,0,0,0,0,0
1613,1970,2,2,0,0,0,0,0,0,1,0
1627,1963,2,2,0,0,0,0,0,0,0,0
1627,1964,3,3,0,0,0,0,0,0,3,0
1627,1966,2,2,0,0,0,0,0,0,0,0
1640,1973,5,5,2,0,0,0,0,0,1,0
1640,1974,7,7,2,0,0,0,0,0,2,0
1640,1976,5,5,0,0,0,0,0,0,1,0
1640,1977,9,9,4,1,0,0,0,0,0,0
1640,1980,7,7,3,0,0,0,0,0,1,0
1640,1981,2,2,1,1,0,0,0,0,0,0
1703,1965,6,6,1,1,0,0,0,0,1,0
1703,1966,1,1,0,0,0,0,0,0,0,0
1703,1967,4,4,1,0,0,1,0,0,1,0
1706,1972,1,1,0,0,0,0,0,0,0,0
1710,1964,4,4,3,0,0,2,0,0,0,0
1710,1965,16,16,5,0,0,0,0,0,1,0
1710,1966,6,6,2,0,0,0,0,0,2,0
1710,1967,18,18,5,2,0,0,0,0,0,0
1710,1968,10,10,4,0,0,0,0,0,0,0
1710,1969,14,14,6,1,0,0,0,0,1,0
1710,1970,15,15,4,1,0,0,0,0,2,0
1710,1971,9,9,3,0,0,0,0,0,0,0
1710,1973,5,5,0,0,0,0,0,0,0,0
1710,1974,8,7,2,1,0,0,1,0,2,0
1710,1975,14,13,5,0,1,0,1,0,0,0
1722,1969,5,3,0,0,0,0,1,0,1,1
1722,1970,3,3,0,0,0,0,0,0,1,0
1729,1978,1,1,0,0,0,0,0,0,1,0
1741,1976,4,4,2,1,0,0,0,0,1,0
1741,1977,3,3,0,0,0,0,0,0,0,0
1753,1979,1,1,1,0,0,0,0,0,0,0
1777,1974,1,1,0,0,0,0,0,0,0,0
1782,1965,10,10,3,0,1,0,0,0,0,0
1782,1966,13,12,2,0,0,0,1,0,2,0
1782,1967,3,3,2,0,0,0,0,0,0,0
1782,1968,15,14,4,0,0,0,0,1,0,0
1782,1969,11,11,4,0,0,1,0,0,1,0
1782,1976,8,8,2,0,0,0,0,0,0,0
1782,1980,1,1,0,0,0,0,0,0,0,0
1783,1972,3,3,0,0,0,0,0,0,0,0
1783,1973,3,3,1,0,0,0,0,0,0,0
1783,1974,8,8,3,0,0,0,0,0,1,0
1783,1975,10,10,5,1,0,0,0,0,0,0
1785,1960,1,0,0,0,0,0,1,0,0,0
1785,1961,11,9,4,1,0,0,1,1,2,0
1787,1974,15,14,4,0,0,0,1,0,3,0
1787,1975,11,10,2,1,0,0,1,0,1,0
1787,1979,2,2,0,0,0,0,0,0,0,0
1791,1968,1,1,0,0,0,0,0,0,1,0
1797,1982,1,1,0,0,0,0,0,0,0,0
1824,1961,9,9,1,0,0,0,0,0,1,0
1824,1962,11,10,3,0,0,0,1,0,1,0
1824,1963,6,5,2,1,0,0,1,0,0,0
1824,1964,7,6,1,0,0,0,1,0,2,0
1842,1976,2,2,1,0,0,0,0,0,0,0
1842,1977,7,6,4,3,0,0,1,0,0,0
1842,1978,4,4,0,0,0,0,0,0,0,0
1842,1980,2,2,1,0,0,1,0,0,0,0
1842,1981,3,2,1,0,0,0,0,0,0,0
1842,1982,4,3,1,0,0,0,1,0,0,0
1847,1973,11,11,4,0,0,1,0,0,1,0
1847,1974,4,4,3,0,0,0,0,0,0,0
1847,1975,16,14,8,2,0,1,2,0,0,0
1847,1979,1,1,1,0,0,1,0,0,0,0
1853,1961,2,2,0,0,0,0,0,0,2,0
1854,1965,2,1,0,0,0,0,1,0,0,0
1854,1966,15,14,4,2,0,0,1,0,0,0
1854,1967,12,12,5,1,0,0,0,0,2,0
1854,1968,11,11,1,0,0,0,0,0,1,0
1854,1969,12,10,1,0,0,0,1,0,1,1
1854,1970,9,9,3,0,0,0,0,0,0,0
1854,1971,5,4,1,0,0,0,1,0,0,0
1859,1977,8,7,1,0,0,0,1,0,0,0
1859,1978,6,6,3,1,0,0,0,0,0,0
1859,1980,5,4,1,0,0,0,1,0,0,0
1861,1961,6,3,1,0,0,0,1,2,0,0
1861,1962,9,9,2,0,0,0,0,0,1,0
1861,1963,6,6,0,0,0,0,0,0,1,0
1861,1964,10,9,2,0,0,0,0,1,2,0
1861,1965,7,7,2,2,0,0,0,0,2,0
1861,1966,16,15,1,0,0,0,0,0,4,0
1861,1967,14,13,5,0,0,1,1,0,1,0
1861,1969,6,4,1,0,0,0,1,1,1,0
1861,1973,3,2,1,1,0,0,1,0,0,0
1894,1979,1,1,1,0,0,0,0,0,0,0
1928,1965,20,19,7,2,0,1,1,0,0,0
1928,1966,14,14,3,0,0,0,0,0,1,0
1928,1967,13,13,5,2,0,0,0,0,3,0
1928,1968,10,10,5,2,0,0,0,0,0,0
1928,1969,13,11,3,1,0,0,2,0,0,0
1928,1970,10,9,4,0,0,1,1,0,0,0
1928,1971,14,13,5,0,1,1,1,0,0,0
1928,1972,3,3,1,0,0,0,0,0,0,0
1928,1974,1,1,0,0,0,0,0,0,0,0
1933,1961,7,6,1,0,0,0,1,0,0,0
1933,1963,4,3,1,0,0,0,1,0,0,0
1933,1964,8,6,0,0,0,0,1,1,2,0
1933,1965,7,6,1,0,0,0,1,0,0,0
1933,1966,8,6,1,0,0,0,2,0,0,0
1933,1967,7,6,2,0,0,0,0,0,1,1
1948,1976,5,5,0,0,0,0,0,0,1,0
1948,1977,5,5,1,1,0,0,0,0,0,0
1948,1980,7,7,1,0,0,1,0,0,1,0
1948,1982,5,5,1,1,0,0,0,0,0,0
1955,1973,10,10,4,0,0,1,0,0,2,0
1958,1979,1,1,0,0,0,0,0,0,0,0
1961,1960,3,2,1,0,0,0,1,0,0,0
1961,1961,6,5,0,0,0,0,0,0,3,0
1961,1962,3,2,0,0,0,0,0,1,0,0
1967,1976,6,5,2,0,0,1,1,0,2,0
1967,1977,7,6,3,0,0,1,1,0,1,0
1967,1978,6,5,1,0,0,0,1,0,1,0
1967,1979,2,1,1,0,0,1,1,0,0,0
1967,1980,2,1,1,0,0,1,1,0,0,0
1967,1983,3,2,1,0,0,0,1,0,0,0
1975,1974,12,12,3,0,0,0,0,0,1,0
1975,1975,15,12,3,0,0,1,1,0,0,1
1979,1971,10,10,3,1,0,0,0,0,2,0
1979,1972,7,6,2,2,0,0,1,0,1,0
1979,1973,3,2,1,0,0,0,1,0,0,0
1979,1975,10,10,5,0,0,0,0,0,0,0
1979,1980,6,6,2,1,0,0,0,0,0,0
1979,1981,2,2,1,1,0,0,0,0,0,0
1979,1982,3,3,1,1,0,0,0,0,1,0
1979,1983,1,1,1,0,0,1,0,0,0,0
1983,1977,9,9,1,1,0,0,0,0,0,0
1986,1963,2,2,1,1,0,0,0,0,0,0
1986,1964,7,6,2,1,0,0,0,1,0,0
1988,1976,2,2,0,0,0,0,0,0,1,0
1988,1978,2,2,2,0,0,0,0,0,0,0
1989,1962,4,4,0,0,0,0,0,0,2,0
1989,1963,5,5,0,0,0,0,0,0,2,0
1989,1964,3,3,0,0,0,0,0,0,1,0
1989,1965,3,3,1,0,0,0,0,0,1,0
1994,1980,1,0,0,0,0,0,0,0,0,0
2000,1962,6,6,0,0,0,0,0,0,0,0
2000,1963,3,2,2,1,0,0,1,0,0,0
2000,1964,12,10,3,1,0,0,2,0,2,0
2000,1965,11,10,2,0,0,0,1,0,1,0
2000,1966,10,9,2,0,1,1,1,0,2,0
2014,1966,7,7,1,0,0,0,0,0,1,0
2014,1967,2,1,0,0,0,0,1,0,0,0
2021,1962,3,3,0,0,0,0,0,0,0,0
2021,1963,2,2,0,0,0,0,0,0,0,0
2021,1964,1,1,0,0,0,0,0,0,1,0
2039,1960,1,1,1,1,0,0,0,0,0,0
2053,1969,5,3,0,0,0,0,2,0,1,0
2054,1971,1,1,0,0,0,0,0,0,0,0
2060,1966,1,0,0,0,0,0,1,0,0,0
2061,1982,2,2,0,0,0,0,0,0,2,0
2082,1962,6,6,0,0,0,0,0,0,0,0
2082,1963,3,3,1,0,0,0,0,0,0,0
2085,1961,3,3,2,0,0,0,0,0,0,0
2088,1961,2,1,1,0,0,0,1,0,0,0
2110,1966,5,5,4,1,1,1,0,0,0,0
2110,1967,12,12,6,0,0,0,0,0,1,0
2110,1968,6,6,1,0,0,0,0,0,0,0
2110,1969,8,7,4,0,0,0,1,0,0,0
2110,1970,12,11,3,0,0,0,1,0,1,0
2110,1971,15,15,3,0,0,0,0,0,2,0
2110,1972,7,7,1,0,0,0,0,0,0,0
2110,1973,16,16,3,0,0,0,0,0,0,0
2111,1978,4,3,1,0,0,0,1,0,0,0
2111,1979,1,1,0,0,0,0,0,0,0,0
2111,1980,1,1,0,0,0,0,0,0,0,0
2111,1981,2,1,1,0,0,0,1,0,0,0
2119,1969,5,4,1,0,0,0,0,0,0,1
2120,1971,1,1,1,0,0,0,0,0,0,0
2158,1977,1,1,0,0,0,0,0,0,0,0
2158,1978,13,12,5,0,0,0,1,0,1,0
2159,1960,5,5,2,1,0,0,0,0,1,0
2159,1962,10,10,2,0,0,1,0,0,1,0
2159,1963,9,9,5,1,0,4,0,0,0,0
2159,1964,8,7,2,0,0,1,0,0,2,1
2159,1965,6,5,1,1,0,0,1,0,0,0
2159,1966,4,4,2,1,0,1,0,0,2,0
2160,1962,3,3,1,0,0,0,0,0,0,0
2174,1960,3,1,0,0,0,0,1,1,1,0
2188,1967,3,3,1,0,0,0,0,0,1,0
2188,1968,1,1,0,0,0,0,0,0,1,0
2196,1960,2,2,1,0,0,1,0,0,0,0
2196,1961,8,7,3,0,0,1,1,0,1,0
2196,1962,14,14,3,0,0,0,0,0,2,0
2196,1963,9,8,3,1,0,1,1,0,2,0
2196,1964,12,9,3,0,0,1,3,0,1,0
2196,1965,16,12,2,0,0,0,4,0,0,0
2196,1966,16,14,3,0,0,0,2,0,1,0
2196,1967,9,9,2,0,0,0,0,0,1,0
2196,1968,3,3,1,0,0,1,0,0,0,0
2201,1975,3,2,0,0,0,0,1,0,1,0
2201,1976,2,2,1,0,0,0,0,0,0,0
2202,1972,3,3,0,0,0,0,0,0,2,0
2214,1970,1,0,0,0,0,0,1,0,0,0
2214,1976,1,1,0,0,0,0,0,0,0,0
2225,1975,11,11,1,1,0,0,0,0,2,0
2225,1980,6,6,3,0,0,0,0,0,0,0
2225,1981,2,2,1,1,0,0,0,0,0,0
2246,1973,3,3,3,1,0,0,0,0,0,0
2246,1974,13,11,1,0,0,0,1,1,1,0
2252,1969,7,7,1,1,0,0,0,0,2,0
2252,1970,8,7,2,0,0,0,1,0,0,0
2256,1976,13,12,5,1,1,0,1,0,0,0
2256,1977,9,9,0,0,0,0,0,0,1,0
2256,1978,7,5,1,1,0,0,1,0,0,1
2256,1980,7,6,2,1,0,0,1,0,0,0
2256,1982,4,4,1,0,0,0,0,0,0,0
2264,1970,5,5,0,0,0,0,0,0,1,0
2264,1971,7,7,1,1,0,0,0,0,0,0
2264,1972,4,4,2,0,0,1,0,0,0,0
2264,1973,5,5,1,0,0,0,0,0,1,0
2267,1964,13,12,4,1,0,0,1,0,1,0
2267,1965,9,9,4,1,0,0,0,0,2,0
2267,1966,21,19,5,2,0,2,2,0,6,0
2267,1967,7,7,0,0,0,0,0,0,2,0
2267,1969,2,2,1,0,0,0,0,0,0,0
2267,1971,7,5,1,0,0,1,2,0,1,0
2267,1975,8,6,1,1,0,0,1,0,0,1
2269,1962,5,4,1,0,0,0,0,0,1,1
2272,1964,1,1,0,0,0,0,0,0,1,0
2272,1967,1,1,0,0,0,0,0,0,0,0
2308,1975,6,6,3,0,0,0,0,0,1,0
2308,1979,1,1,1,0,0,0,0,0,0,0
2361,1976,3,3,2,1,0,0,0,0,0,0
2361,1977,2,1,0,0,0,0,1,0,0,0
2381,1961,7,7,1,1,0,0,0,0,1,0
2381,1962,7,6,1,0,0,0,1,0,0,0
2381,1963,10,9,2,0,0,0,1,0,1,0
2381,1964,11,9,1,1,0,0,2,0,1,0
2386,1962,1,1,0,0,0,0,0,0,0,0
2390,1960,2,2,0,0,0,0,0,0,0,0
2398,1969,13,12,3,1,0,0,1,0,4,0
2398,1970,9,8,1,0,0,0,1,0,3,0
2398,1971,18,18,8,2,0,0,0,0,1,0
2400,1974,19,18,1,0,0,0,1,0,3,0
2400,1975,12,12,3,0,0,0,0,0,1,0
2400,1979,4,2,1,0,0,1,1,0,0,1
2405,1968,8,8,2,0,0,0,0,0,1,0
2405,1969,11,7,1,0,0,1,4,0,1,0
2411,1978,7,6,2,1,0,0,1,0,1,0
2411,1979,1,1,0,0,0,0,0,0,0,0
2413,1979,1,1,0,0,0,0,0,0,1,0
2451,1970,1,0,0,0,0,0,0,0,0,0
2464,1977,6,5,4,1,1,0,1,0,0,0
2464,1978,5,4,2,0,0,0,0,1,0,0
2464,1980,5,5,2,1,0,0,0,0,0,0
2464,1981,4,4,3,0,0,0,0,0,0,0
2464,1982,4,3,0,0,0,0,1,0,0,0
2476,1975,2,2,1,0,0,0,0,0,1,0
2489,1979,1,1,1,0,0,0,0,0,0,0
2498,1976,6,6,2,0,0,1,0,0,1,0
2498,1977,6,6,3,0,1,0,0,0,0,0
2498,1978,6,5,0,0,0,0,1,0,0,0
2498,1980,2,2,0,0,0,0,0,0,0,0
2501,1976,3,3,1,0,0,0,0,0,0,0
2501,1977,5,5,2,0,0,0,0,0,0,0
2501,1980,7,7,3,0,0,0,0,0,0,0
2501,1981,3,3,1,1,0,0,0,0,0,0
2501,1982,5,5,0,0,0,0,0,0,0,0
2501,1983,2,1,0,0,0,0,1,0,0,0
2514,1979,1,1,0,0,0,0,0,0,0,0
2523,1970,3,3,0,0,0,0,0,0,2,0
2523,1971,4,4,0,0,0,0,0,0,3,0
2529,1965,1,1,0,0,0,0,0,0,1,0
2530,1966,1,1,0,0,0,0,0,0,0,0
2530,1967,17,17,7,0,0,0,0,0,2,0
2530,1968,2,2,0,0,0,0,0,0,0,0
2530,1969,13,12,4,1,0,0,1,0,0,0
2530,1970,9,9,4,0,0,0,0,0,1,0
2530,1971,5,5,1,0,0,0,0,0,0,0
2532,1968,6,5,0,0,0,0,0,0,3,0
2532,1969,1,1,1,0,0,0,0,0,0,0
2532,1970,2,2,0,0,0,0,0,0,0,0
2532,1972,2,2,0,0,0,0,0,0,2,0
2541,1962,19,18,5,1,0,0,1,0,4,0
2541,1963,2,2,1,0,0,0,0,0,0,0
2541,1964,4,4,0,0,0,0,0,0,1,0
2541,1965,8,8,2,1,0,0,0,0,0,0
2550,1976,2,2,1,1,0,0,0,0,1,0
2550,1982,1,1,1,0,0,0,0,0,0,0
2564,1975,4,4,1,1,0,0,0,0,2,0
2564,1979,1,1,1,1,0,0,0,0,0,0
2564,1980,1,1,0,0,0,0,0,0,0,0
2568,1962,1,1,0,0,0,0,0,0,1,0
2570,1971,1,1,0,0,0,0,0,0,0,0
2576,1961,3,1,1,0,0,0,2,0,0,0
2586,1962,2,2,0,0,0,0,0,0,1,0
2586,1963,2,2,0,0,0,0,0,0,1,0
2586,1965,2,2,0,0,0,0,0,0,2,0
2607,1973,3,3,0,0,0,0,0,0,0,0
2607,1974,14,14,5,0,1,0,0,0,2,0
2607,1975,2,2,1,0,0,0,0,0,0,0
2613,1979,1,1,0,0,0,0,0,0,0,0
2617,1973,5,5,2,0,0,0,0,0,0,0
2617,1976,2,2,1,1,0,0,0,0,0,0
2618,1963,10,10,3,1,0,0,0,0,1,0
2618,1964,9,9,1,0,0,0,0,0,3,0
2618,1965,15,15,6,0,0,0,0,0,1,0
2618,1967,3,3,1,0,0,0,0,0,0,0
2618,1968,1,1,1,0,0,0,0,0,0,0
2632,1976,3,3,1,0,0,0,0,0,0,0
2632,1977,4,4,0,0,0,0,0,0,0,0
2636,1982,4,3,0,0,0,0,1,0,0,0
2643,1979,1,1,1,0,0,0,0,0,0,0
2643,1981,2,2,1,0,0,0,0,0,0,0
2643,1982,1,1,0,0,0,0,0,0,0,0
2650,1982,2,2,1,1,0,0,0,0,1,0
2650,1983,2,2,1,1,0,0,0,0,0,0
2689,1968,7,4,2,0,0,0,2,0,0,1
2689,1969,6,5,1,0,0,0,1,0,0,0
2689,1970,6,6,1,0,0,0,0,0,1,0
2689,1971,3,3,1,0,0,0,0,0,0,0
2689,1973,5,5,3,0,0,0,0,0,0,0
2689,1974,11,11,3,1,0,0,0,0,0,0
2689,1975,13,12,2,1,0,0,1,0,2,0
2691,1976,6,5,0,0,0,0,0,0,1,1
2696,1976,3,3,0,0,0,0,0,0,0,0
2696,1977,7,7,2,0,0,0,0,0,0,0
2696,1978,6,6,2,1,0,0,0,0,1,0
2696,1980,3,2,1,0,0,1,1,0,0,0
2696,1981,1,1,0,0,0,0,0,0,0,0
2696,1982,4,4,0,0,0,0,0,0,1,0
2714,1975,4,4,0,0,0,0,0,0,1,0
2724,1963,7,6,1,0,0,0,1,0,1,0
2739,1977,2,2,1,1,0,0,0,0,0,0
2739,1978,13,13,3,0,1,0,0,0,0,0
2739,1980,7,7,2,0,0,0,0,0,0,0
2739,1982,2,2,0,0,0,0,0,0,0,0
2759,1963,9,8,3,1,0,0,0,1,0,0
2772,1961,8,7,2,0,0,0,1,0,0,0
2772,1962,4,3,2,0,0,0,0,1,1,0
2772,1963,3,3,1,1,0,0,0,0,0,0
2801,1964,10,9,4,1,0,1,0,0,1,1
2801,1965,6,4,1,0,0,0,1,1,0,0
2801,1966,18,17,4,0,0,0,0,0,2,0
2801,1967,9,9,2,0,0,0,0,0,1,0
2809,1974,2,2,0,0,0,0,0,0,0,0
2809,1975,7,7,1,0,0,0,0,0,1,0
2809,1979,1,1,1,1,0,0,0,0,0,0
2828,1982,2,2,2,0,0,0,0,0,0,0
2869,1982,1,1,0,0,0,0,0,0,1,0
2915,1977,1,0,0,0,0,0,0,0,0,0
2923,1967,2,2,0,0,0,0,0,0,0,0
2958,1967,3,3,1,0,0,0,0,0,0,0
2958,1968,5,4,0,0,0,0,0,0,1,0
2958,1969,1,1,0,0,0,0,0,0,0,0
2958,1970,2,2,0,0,0,0,0,0,0,0
2959,1967,1,1,0,0,0,0,0,0,0,0
2980,1967,12,12,4,0,0,0,0,0,3,0
2980,1968,4,4,2,0,0,0,0,0,0,0
2980,1969,3,3,1,0,0,0,0,0,0,0
2984,1960,2,2,0,0,0,0,0,0,2,0
2984,1961,3,3,0,0,0,0,0,0,2,0
2984,1962,5,3,0,0,0,0,1,1,1,0
2984,1963,3,3,0,0,0,0,0,0,3,0
2984,1964,2,2,0,0,0,0,0,0,1,0
2984,1965,1,1,0,0,0,0,0,0,0,0
2989,1983,2,2,0,0,0,0,0,0,0,0
3009,1965,2,2,0,0,0,0,0,0,0,0
3009,1966,1,1,0,0,0,0,0,0,1,0
3009,1967,2,2,0,0,0,0,0,0,1,0
3009,1968,3,3,0,0,0,0,0,0,1,0
3010,1979,1,1,1,0,0,0,0,0,0,0
3019,1974,10,9,1,0,0,0,0,0,1,0
3031,1972,4,3,0,0,0,0,0,0,2,0
3037,1983,1,1,0,0,0,0,0,0,0,0
3049,1976,1,1,0,0,0,0,0,0,0,0
3049,1977,5,5,3,0,0,0,0,0,0,0
3049,1978,9,8,3,1,0,0,1,0,1,0
3049,1980,6,4,2,1,0,0,1,0,0,1
3049,1981,1,1,0,0,0,0,0,0,1,0
3049,1982,7,6,2,0,1,1,1,0,1,0
3049,1983,1,1,0,0,0,0,0,0,0,0
3053,1960,1,0,0,0,0,0,1,0,0,0
3068,1964,1,1,0,0,0,0,0,0,1,0
3068,1966,1,1,0,0,0,0,0,0,0,0
3074,1972,4,4,1,0,0,0,0,0,0,0
3074,1973,3,3,2,0,0,0,0,0,0,0
3074,1974,11,10,3,0,0,0,1,0,0,0
3074,1975,16,15,6,0,0,0,1,0,1,0
3096,1967,1,1,0,0,0,0,0,0,1,0
3096,1968,8,8,1,0,0,0,0,0,0,0
3096,1969,4,4,0,0,0,0,0,0,1,0
3096,1970,10,10,3,0,0,1,0,0,1,0
3096,1971,6,6,1,0,0,0,0,0,1,0
3096,1973,4,3,0,0,0,0,1,0,0,0
3096,1974,10,10,1,0,0,0,0,0,2,0
3096,1975,8,7,1,0,0,0,1,0,2,0
3113,1971,3,2,0,0,0,0,0,0,0,0
3136,1981,4,4,1,0,1,0,0,0,0,0
3136,1982,4,2,0,0,0,0,2,0,1,0
3148,1976,7,7,3,1,0,0,0,0,0,0
3148,1977,8,7,2,0,0,0,1,0,0,0
3148,1978,6,6,1,1,0,0,0,0,1,0
3156,1963,1,1,0,0,0,0,0,0,1,0
3163,1980,6,6,2,0,0,0,0,0,2,0
3163,1981,1,1,0,0,0,0,0,0,0,0
3163,1982,5,4,0,0,0,0,0,0,1,1
3163,1983,4,3,2,0,0,0,1,0,1,0
3195,1979,1,1,0,0,0,0,0,0,0,0
3195,1981,1,1,1,0,0,0,0,0,0,0
3196,1962,5,5,0,0,0,0,0,0,1,0
3196,1963,2,2,2,0,0,0,0,0,0,0
3196,1964,11,11,2,0,0,0,0,0,0,0
3208,1965,3,3,1,0,0,0,0,0,0,0
3208,1969,2,1,1,0,0,0,1,0,0,0
3208,1970,3,2,0,0,0,0,1,0,1,0
3208,1971,14,13,6,2,0,1,1,0,1,0
3208,1972,2,2,0,0,0,0,0,0,1,0
3208,1974,3,3,1,0,0,0,0,0,0,0
3230,1966,9,9,2,1,0,0,0,0,1,0
3244,1969,5,5,0,0,0,0,0,0,1,0
3244,1970,9,7,3,0,0,1,2,0,0,0
3244,1971,9,8,2,0,0,0,0,0,1,1
3244,1973,6,6,1,0,0,0,0,0,0,0
3244,1974,8,8,3,0,0,0,0,0,1,0
3244,1975,10,10,2,0,0,1,0,0,0,0
3244,1980,1,1,1,0,0,0,0,0,0,0
3250,1971,8,6,3,1,0,0,1,0,0,1
3250,1974,3,3,1,0,0,0,0,0,1,0
3252,1969,5,5,1,0,0,0,0,0,1,0
3289,1967,3,3,0,0,0,0,0,0,0,0
3289,1968,7,7,4,1,0,0,0,0,1,0
3289,1969,1,0,0,0,0,0,1,0,0,0
3289,1970,3,3,0,0,0,0,0,0,1,0
3289,1971,2,2,2,0,0,1,0,0,0,0
3289,1973,4,3,1,0,0,1,1,0,2,0
3289,1974,3,3,0,0,0,0,0,0,2,0
3324,1977,2,2,1,0,0,0,0,0,0,0
3330,1960,3,2,1,0,0,0,1,0,0,0
3330,1962,2,2,1,0,0,0,0,0,0,0
3332,1961,5,5,2,0,0,1,0,0,1,0
3332,1962,18,14,2,1,0,0,3,1,3,0
3332,1963,2,2,1,0,0,0,0,0,1,0
3340,1960,2,1,0,0,0,0,0,0,0,0
3349,1966,10,8,3,0,0,0,2,0,2,0
3349,1967,5,5,0,0,0,0,0,0,1,0
3349,1968,5,4,1,0,0,0,1,0,1,0
3349,1969,11,9,3,0,1,0,2,0,1,0
3349,1970,9,9,3,0,0,0,0,0,1,0
3349,1971,11,11,4,1,0,2,0,0,2,0
3349,1972,7,6,0,0,0,0,0,0,2,1
3349,1973,5,5,2,1,0,0,0,0,2,0
3349,1974,6,5,2,0,0,0,1,0,0,0
3349,1975,7,6,3,0,0,0,1,0,0,0
3357,1979,2,2,0,0,0,0,0,0,0,0
3358,1976,9,9,1,0,0,1,0,0,1,0
3358,1978,5,3,1,0,0,0,2,0,1,0
3358,1979,1,1,0,0,0,0,0,0,0,0
3358,1980,2,1,0,0,0,0,1,0,0,0
3358,1981,2,2,1,0,0,0,0,0,0,0
3358,1982,5,5,2,0,0,0,0,0,1,0
3359,1973,9,8,2,1,0,0,1,0,1,0
3359,1974,9,8,3,0,0,0,1,0,0,0
3359,1975,7,6,3,0,0,1,0,1,0,0
3359,1979,1,1,0,0,0,0,0,0,0,0
3382,1979,2,2,0,0,0,0,0,0,0,0
3382,1980,2,2,1,0,0,0,0,0,0,0
3388,1976,3,2,0,0,0,0,0,0,1,0
3424,1963,2,2,0,0,0,0,0,0,2,0
3425,1966,1,1,1,0,0,0,0,0,0,0
3448,1976,8,7,2,0,2,0,1,0,0,0
3448,1977,8,7,4,2,0,1,1,0,0,0
3448,1978,2,2,1,0,0,0,0,0,0,0
3448,1979,2,1,0,0,0,0,1,0,1,0
3456,1968,1,1,1,0,0,0,0,0,0,0
3457,1960,1,1,1,0,0,1,0,0,0,0
3457,1961,8,8,3,0,0,0,0,0,0,0
3457,1962,15,13,3,0,0,1,2,0,3,0
3458,1967,4,4,0,0,0,0,0,0,0,0
3458,1968,5,4,0,0,0,0,1,0,1,0
3458,1969,7,6,1,0,0,0,1,0,1,0
3458,1970,3,3,0,0,0,0,0,0,1,0
3477,1972,3,3,0,0,0,0,0,0,0,0
3478,1974,2,2,1,0,0,0,0,0,0,0
3478,1978,1,1,0,0,0,0,0,0,0,0
3507,1980,1,1,1,0,0,0,0,0,0,0
3525,1970,4,4,0,0,0,0,0,0,1,0
3538,1962,1,1,0,0,0,0,0,0,1,0
3538,1963,2,2,0,0,0,0,0,0,0,0
3538,1971,1,1,0,0,0,0,0,0,1,0
3542,1961,2,2,0,0,0,0,0,0,1,0
3545,1972,3,3,1,1,0,0,0,0,1,0
3545,1973,9,9,2,0,0,0,0,0,3,0
3545,1974,2,1,1,1,0,0,1,0,0,0
3545,1979,1,1,0,0,0,0,0,0,0,0
3548,1971,4,4,2,0,0,0,0,0,1,0
3548,1972,1,1,0,0,0,0,0,0,0,0
3561,1980,2,2,0,0,0,0,0,0,0,0
3561,1981,1,1,0,0,0,0,0,0,0,0
3561,1982,1,1,0,0,0,0,0,0,0,0
3561,1983,2,2,2,0,0,0,0,0,0,0
3582,1978,2,2,2,0,0,0,0,0,0,0
3594,1970,3,3,1,1,0,0,0,0,0,0
3594,1971,2,2,0,0,0,0,0,0,1,0
3594,1972,3,3,2,0,0,0,0,0,0,0
3594,1973,4,4,1,0,0,0,0,0,1,0
3599,1976,8,8,3,0,1,0,0,0,0,0
3599,1977,4,4,1,0,0,0,0,0,0,0
3599,1978,3,2,1,0,0,0,1,0,0,0
3599,1980,7,6,1,0,0,0,1,0,0,0
3599,1981,2,2,2,0,0,0,0,0,0,0
3599,1982,1,1,1,0,0,0,0,0,0,0
3601,1963,4,4,1,0,0,0,0,0,0,0
3603,1980,1,1,0,0,0,0,0,0,0,0
3605,1976,7,7,1,1,0,0,0,0,0,0
3605,1977,2,2,0,0,0,0,0,0,0,0
3605,1980,4,4,0,0,0,0,0,0,0,0
3605,1981,7,7,3,0,0,0,0,0,0,0
3615,1976,5,5,1,0,0,1,0,0,0,0
3615,1981,1,0,0,0,0,0,1,0,0,0
3621,1975,11,11,6,0,0,2,0,0,1,0
3629,1970,4,4,1,0,0,0,0,0,1,0
3629,1971,5,4,0,0,0,0,1,0,1,0
3629,1972,4,4,1,0,0,0,0,0,1,0
3630,1960,5,5,0,0,0,0,0,0,1,0
3630,1961,1,0,0,0,0,0,1,0,0,0
3630,1962,3,3,0,0,0,0,0,0,3,0
3630,1965,2,2,0,0,0,0,0,0,0,0
3633,1962,1,1,0,0,0,0,0,0,0,0
3634,1977,5,4,2,1,0,0,0,0,0,0
3634,1978,2,2,1,1,0,0,0,0,0,0
3638,1983,1,1,1,0,0,0,0,0,0,0
3646,1969,3,2,1,0,0,0,1,0,0,0
3646,1970,12,11,5,1,0,0,0,0,0,0
3646,1971,10,10,4,1,0,1,0,0,1,0
3646,1972,4,4,0,0,0,0,0,0,1,0
3646,1973,5,5,1,0,0,0,0,0,0,0
3646,1974,6,6,4,0,1,1,0,0,1,0
3648,1976,3,1,0,0,0,0,1,0,0,0
3649,1976,13,12,5,0,0,1,1,0,1,0
3649,1977,9,9,3,0,0,1,0,0,1,0
3649,1978,9,8,3,1,0,0,1,0,2,0
3649,1980,6,5,3,0,2,0,1,0,0,0
3649,1982,2,2,0,0,0,0,0,0,0,0
3649,1983,3,2,1,0,0,0,1,0,0,0
3656,1970,12,9,1,0,0,0,3,0,1,0
3656,1971,7,6,0,0,0,0,1,0,2,0
3656,1972,1,1,0,0,0,0,0,0,0,0
3670,1960,3,3,1,0,0,0,0,0,0,0
3670,1961,9,5,1,0,0,0,2,2,1,0
3670,1962,18,17,6,1,1,0,1,0,0,0
3670,1963,6,5,1,0,0,0,0,1,1,0
3672,1966,21,19,5,1,0,0,2,0,1,0
3672,1967,10,9,0,0,0,0,0,1,3,0
3672,1968,18,15,4,1,1,0,3,0,4,0
3672,1969,12,10,3,0,0,0,2,0,2,0
3672,1971,4,4,1,0,0,0,0,0,0,0
3673,1961,3,3,0,0,0,0,0,0,0,0
3673,1962,2,2,0,0,0,0,0,0,1,0
3682,1982,1,0,0,0,0,0,1,0,0,0
3696,1982,3,3,1,0,0,0,0,0,1,0
3698,1961,6,5,2,0,1,0,0,1,0,0
3698,1962,17,17,4,1,0,0,0,0,3,0
3698,1963,7,7,0,0,0,0,0,0,1,0
3698,1964,1,1,0,0,0,0,0,0,0,0
3698,1969,1,1,0,0,0,0,0,0,0,0
3698,1970,1,1,0,0,0,0,0,0,1,0
3714,1961,2,2,1,0,0,0,0,0,0,0
3714,1963,3,2,1,0,0,0,1,0,1,0
3714,1964,5,4,1,0,0,0,1,0,0,0
3714,1965,8,6,3,0,0,0,2,0,0,0
3714,1966,14,13,4,0,0,1,0,0,0,1
3714,1967,19,17,7,1,0,3,2,0,2,0
3714,1968,12,12,3,0,0,0,0,0,1,0
3714,1969,4,4,3,0,0,0,0,0,0,0
3714,1970,4,3,0,0,0,0,1,0,1,0
3714,1971,7,7,2,2,0,0,0,0,0,0
3714,1972,1,1,0,0,0,0,0,0,0,0
3714,1973,7,6,1,1,0,0,0,1,0,0
3714,1974,6,6,2,0,0,0,0,0,2,0
3714,1975,6,5,0,0,0,0,1,0,1,0
3721,1965,3,3,0,0,0,0,0,0,1,0
3721,1966,9,9,1,0,0,0,0,0,0,0
3730,1977,7,7,4,0,0,1,0,0,0,0
3730,1978,6,6,2,0,0,0,0,0,1,0
3733,1961,3,3,0,0,0,0,0,0,0,0
3733,1962,3,2,0,0,0,0,0,0,1,0
3733,1963,14,14,7,0,1,0,0,0,2,0
3733,1964,10,9,3,1,0,0,0,0,2,0
3733,1965,11,11,3,0,0,1,0,0,2,0
3733,1966,13,13,4,1,0,0,0,0,3,0
3733,1967,7,7,0,0,0,0,0,0,2,0
3733,1968,3,3,0,0,0,0,0,0,1,0
3733,1969,14,14,4,0,0,0,0,0,3,0
3733,1970,9,8,3,0,0,1,1,0,1,0
3733,1971,8,8,3,2,0,0,0,0,0,0
3733,1973,5,5,2,0,0,1,0,0,0,0
3733,1974,7,7,1,0,0,0,0,0,3,0
3733,1975,12,10,4,1,0,0,1,0,1,1
3733,1977,5,4,3,0,1,1,1,0,1,0
3736,1976,2,2,1,0,0,0,0,0,0,0
3739,1970,1,1,0,0,0,0,0,0,0,0
3745,1977,1,1,1,0,0,0,0,0,0,0
3746,1966,1,1,0,0,0,0,0,0,1,0
3764,1976,1,1,0,0,0,0,0,0,1,0
3771,1976,11,11,4,1,0,0,0,0,0,0
3782,1974,6,6,1,0,0,1,0,0,3,0
3782,1977,3,0,0,0,0,0,3,0,0,0
3783,1966,8,8,3,1,0,1,0,0,1,0
3783,1967,4,4,2,1,0,0,0,0,2,0
3783,1968,8,8,1,0,0,0,0,0,1,0
3783,1969,4,4,0,0,0,0,0,0,0,0
3807,1971,1,1,1,0,0,0,0,0,0,0
3807,1972,1,0,0,0,0,0,1,0,0,0
3813,1963,4,4,1,0,1,0,0,0,1,0
3813,1964,1,1,0,0,0,0,0,0,1,0
3822,1973,11,11,2,1,0,0,0,0,0,0
3840,1974,3,3,2,0,0,0,0,0,0,0
3840,1975,4,3,0,0,0,0,0,0,0,0
3840,1978,2,2,0,0,0,0,0,0,0,0
3840,1979,2,1,0,0,0,0,1,0,0,0
3844,1979,1,1,0,0,0,0,0,0,0,0
3852,1982,1,1,0,0,0,0,0,0,0,0
3883,1979,1,1,1,0,0,0,0,0,0,0
3883,1981,3,3,0,0,0,0,0,0,0,0
3883,1982,1,1,0,0,0,0,0,0,0,0
3898,1973,2,2,0,0,0,0,0,0,0,0
3898,1974,11,10,2,0,0,1,1,0,1,0
3898,1975,3,3,2,1,0,0,0,0,1,0
3912,1962,4,4,1,1,0,0,0,0,2,0
3912,1963,1,0,0,0,0,0,1,0,0,0
3919,1981,1,1,0,0,0,0,0,0,0,0
3931,1975,14,14,4,1,1,1,0,0,2,0
3931,1977,10,9,4,1,1,1,1,0,0,0
3931,1978,7,6,2,0,0,0,1,0,0,0
3931,1980,13,12,4,1,0,0,0,0,1,1
3931,1981,1,1,0,0,0,0,0,0,0,0
3931,1982,3,3,1,0,0,0,0,0,0,0
3931,1983,1,1,1,0,0,0,0,0,0,0
3939,1979,2,2,1,0,0,0,0,0,0,0
3949,1976,6,6,1,0,0,0,0,0,0,0
3949,1977,7,7,0,0,0,0,0,0,0,0
3949,1978,6,6,1,0,0,0,0,0,0,0
3949,1979,2,2,1,1,0,0,0,0,0,0
3949,1980,3,3,2,0,0,0,0,0,0,0
3949,1981,1,1,0,0,0,0,0,0,0,0
3949,1982,1,1,0,0,0,0,0,0,0,0
3949,1983,1,1,1,0,0,0,0,0,0,0
3957,1977,1,1,1,0,0,0,0,0,0,0
3959,1964,2,2,0,0,0,0,0,0,1,0
3977,1960,3,3,0,0,0,0,0,0,1,0
3977,1961,4,2,0,0,0,0,2,0,2,0
3977,1962,11,11,1,0,0,1,0,0,2,0
3977,1963,3,3,1,0,0,0,0,0,0,0
3986,1960,2,2,1,1,0,0,0,0,1,0
3986,1961,11,9,3,0,0,0,2,0,3,0
3986,1962,6,5,1,0,0,0,1,0,2,0
3986,1963,5,5,0,0,0,0,0,0,1,0
3986,1964,12,12,2,0,0,1,0,0,5,0
4005,1976,9,9,1,0,0,0,0,0,3,0
4005,1977,4,4,1,0,0,0,0,0,0,0
4005,1978,5,4,1,0,0,0,0,1,0,0
4005,1980,1,1,0,0,0,0,0,0,0,0
4021,1967,4,3,1,0,0,0,0,0,0,0
4021,1968,2,2,0,0,0,0,0,0,1,0
4021,1970,1,1,1,0,0,0,0,0,0,0
4021,1971,3,2,1,0,0,0,0,0,1,0
4028,1979,1,1,0,0,0,0,0,0,0,0
4031,1967,1,1,0,0,0,0,0,0,1,0
4031,1968,13,13,4,0,0,1,0,0,2,0
4031,1969,4,4,0,0,0,0,0,0,0,0
4040,1967,2,2,0,0,0,0,0,0,0,0
4040,1969,6,6,1,0,0,0,0,0,0,0
4040,1970,1,1,0,0,0,0,0,0,1,0
4040,1971,4,3,0,0,0,0,0,0,0,0
4049,1977,6,6,4,0,0,1,0,0,1,0
4049,1978,6,6,3,0,0,1,0,0,0,0
4052,1982,1,1,0,0,0,0,0,0,0,0
4052,1983,4,2,0,0,0,0,2,0,1,0
4054,1960,1,1,0,0,0,0,0,0,0,0
4120,1972,4,3,1,0,0,0,0,0,2,0
4139,1974,2,2,1,0,0,0,0,0,0,0
4139,1980,2,1,0,0,0,0,1,0,0,0
4167,1977,1,1,0,0,0,0,0,0,0,0
4167,1978,5,5,1,0,0,0,0,0,0,0
4167,1979,1,1,0,0,0,0,0,0,0,0
4174,1977,3,3,1,1,0,0,0,0,0,0
4190,1965,10,10,2,0,0,0,0,0,1,0
4190,1966,7,7,3,0,0,0,0,0,1,0
4190,1967,8,7,2,0,0,0,1,0,3,0
4195,1970,2,0,0,0,0,0,0,0,0,0
4210,1969,3,3,2,1,0,1,0,0,0,0
4210,1970,1,1,0,0,0,0,0,0,0,0
4217,1977,2,2,0,0,0,0,0,0,1,0
4234,1965,3,3,1,0,0,0,0,0,1,0
4234,1967,1,1,0,0,0,0,0,0,1,0
4239,1972,1,1,0,0,0,0,0,0,0,0
4247,1973,4,3,0,0,0,0,1,0,1,0
4247,1975,1,1,0,0,0,0,0,0,0,0
4270,1961,3,3,0,0,0,0,0,0,0,0
4294,1961,2,2,0,0,0,0,0,0,0,0
4294,1962,5,5,2,0,0,0,0,0,0,0
4306,1964,4,4,1,0,0,0,0,0,3,0
4306,1965,12,11,4,0,0,1,1,0,3,0
4306,1966,10,9,2,0,0,0,0,1,5,0
4306,1967,11,10,4,0,0,0,1,0,1,0
4306,1968,4,4,1,0,0,0,0,0,0,0
4306,1969,10,8,0,0,0,0,1,0,2,1
4306,1970,13,13,2,0,0,0,0,0,2,0
4306,1971,6,4,1,0,0,0,2,0,0,0
4306,1973,4,4,1,0,0,0,0,0,1,0
4306,1974,1,1,0,0,0,0,0,0,0,0
4310,1961,11,11,3,0,0,0,0,0,1,0
4310,1962,10,9,3,0,0,1,1,0,0,0
4310,1963,12,12,4,2,0,1,0,0,1,0
4319,1960,5,4,1,0,0,0,0,1,0,0
4319,1961,3,3,1,1,0,0,0,0,1,0
4319,1962,4,4,2,0,0,0,0,0,0,0
4345,1970,1,1,0,0,0,0,0,0,0,0
4345,1972,7,6,4,1,0,0,1,0,1,0
4345,1973,7,7,4,0,0,2,0,0,0,0
4345,1974,12,11,4,0,0,1,1,0,2,0
4345,1975,9,5,1,0,1,0,4,0,1,0
4348,1970,6,6,1,0,0,0,0,0,1,0
4348,1973,2,2,0,0,0,0,0,0,1,0
4348,1974,11,10,4,0,0,0,1,0,0,0
4348,1975,12,11,4,1,0,0,0,0,4,0
4348,1978,3,3,0,0,0,0,0,0,0,0
4349,1979,1,1,0,0,0,0,0,0,0,0
4351,1971,3,3,1,0,0,0,0,0,0,0
4351,1972,3,3,0,0,0,0,0,0,1,0
4351,1973,6,6,1,0,0,0,0,0,0,0
4351,1974,6,5,2,1,0,0,1,0,0,0
4351,1975,11,10,3,0,0,0,0,0,2,0
4356,1976,6,6,4,0,0,0,0,0,1,0
4356,1977,7,6,2,0,0,0,1,0,1,0
4356,1978,7,7,1,0,0,0,0,0,0,0
4356,1980,7,7,1,0,0,0,0,0,1,0
4356,1981,2,2,1,0,0,0,0,0,0,0
4366,1978,2,2,0,0,0,0,0,0,0,0
4374,1977,2,2,1,0,0,1,0,0,0,0
4382,1976,6,5,1,0,0,0,1,0,1,0
4382,1977,6,6,1,0,1,0,0,0,0,0
4382,1978,4,4,1,1,0,0,0,0,0,0
4387,1976,8,7,3,1,0,0,1,0,0,0
4387,1979,2,2,0,0,0,0,0,0,2,0
4398,1983,1,1,1,0,0,0,0,0,0,0
4413,1973,6,6,1,0,0,0,0,0,0,0
4413,1974,2,2,1,0,0,0,0,0,0,0
4414,1980,3,3,2,1,0,0,0,0,0,0
4414,1981,1,1,0,0,0,0,0,0,0,0
4436,1976,1,1,0,0,0,0,0,0,0,0
4451,1970,6,5,1,0,0,0,0,0,0,0
4474,1981,2,1,0,0,0,0,1,0,0,0
4489,1961,1,1,0,0,0,0,0,0,0,0
4505,1973,3,3,1,0,1,0,0,0,0,0
4516,1976,3,3,1,0,0,0,0,0,0,0
4524,1960,1,1,0,0,0,0,0,0,1,0
4527,1969,1,1,0,0,0,0,0,0,1,0
4528,1982,2,1,0,0,0,0,1,0,0,0
4528,1983,3,3,1,0,0,0,0,0,1,0
4556,1966,1,1,0,0,0,0,0,0,1,0
4557,1960,1,0,0,0,0,0,1,0,0,0
4557,1961,4,2,1,1,0,0,1,0,0,1
4557,1962,8,7,5,0,0,0,1,0,1,0
4557,1965,12,11,4,0,0,1,1,0,0,0
4557,1966,14,13,3,1,0,0,0,0,1,1
4568,1975,6,4,0,0,0,0,2,0,0,0
4583,1970,2,2,0,0,0,0,0,0,0,0
4586,1966,3,3,1,0,0,0,0,0,1,0
4586,1967,3,3,0,0,0,0,0,0,1,0
4586,1968,5,5,1,0,0,0,0,0,1,0
4596,1970,1,1,0,0,0,0,0,0,0,0
4607,1960,4,2,2,0,0,0,2,0,0,0
4607,1961,10,10,1,0,0,0,0,0,3,0
4607,1962,5,3,0,0,0,0,2,0,1,0
4607,1963,11,10,3,0,0,0,1,0,1,0
4607,1964,16,13,6,1,0,1,1,0,0,1
4607,1965,17,17,4,2,0,0,0,0,2,0
4607,1966,4,3,1,0,0,0,1,0,0,0
4607,1967,12,12,5,2,0,0,0,0,0,0
4607,1968,11,9,2,1,0,0,2,0,1,0
4607,1969,6,6,3,1,1,0,0,0,0,0
4607,1971,5,5,2,0,0,0,0,0,0,0
4613,1961,7,6,0,0,0,0,1,0,1,0
4613,1962,5,5,2,0,0,0,0,0,0,0
4617,1970,1,0,0,0,0,0,0,0,0,0
4623,1974,1,1,0,0,0,0,0,0,0,0
4623,1975,3,3,1,0,0,0,0,0,0,0
4623,1979,4,4,0,0,0,0,0,0,0,0
4624,1966,3,3,0,0,0,0,0,0,2,0
4624,1967,2,2,0,0,0,0,0,0,2,0
4624,1968,1,1,0,0,0,0,0,0,1,0
4624,1971,1,1,0,0,0,0,0,0,0,0
4632,1983,1,1,0,0,0,0,0,0,0,0
4636,1981,1,0,0,0,0,0,1,0,0,0
4638,1968,13,12,4,0,0,0,1,0,1,0
4638,1969,2,2,1,0,0,0,0,0,0,0
4638,1970,10,10,3,1,0,2,0,0,3,0
4638,1971,12,12,2,0,0,0,0,0,2,0
4638,1972,3,3,0,0,0,0,0,0,0,0
4638,1973,10,10,1,1,0,0,0,0,3,0
4638,1974,11,8,1,0,0,0,2,0,2,0
4638,1975,11,11,2,0,0,0,0,0,2,0
4641,1976,6,5,0,0,0,0,0,0,0,0
4641,1977,6,5,2,0,1,1,0,0,2,0
4642,1961,3,3,1,0,0,0,0,0,0,0
4646,1969,12,12,3,0,0,0,0,0,0,0
4646,1971,5,5,1,1,0,0,0,0,1,0
4663,1963,2,2,1,0,0,0,0,0,0,0
4663,1964,8,8,2,0,0,1,0,0,1,0
4663,1965,14,11,7,0,1,2,3,0,0,0
4663,1966,20,19,3,0,0,0,1,0,8,0
4663,1967,12,10,3,2,0,1,2,0,1,0
4663,1968,18,15,1,0,0,0,3,0,3,0
4663,1969,10,9,3,0,0,0,1,0,0,0
4663,1971,5,5,0,0,0,0,0,0,0,0
4673,1971,5,4,3,0,0,0,0,0,0,1
4673,1972,7,7,3,1,0,0,0,0,0,0
4673,1973,21,17,7,1,0,1,3,1,1,0
4673,1974,16,15,5,2,0,0,1,0,1,0
4673,1975,6,5,1,0,0,0,1,0,1,0
4673,1979,4,4,2,1,0,0,0,0,0,0
4676,1973,16,14,4,1,0,0,1,0,2,1
4676,1976,3,3,0,0,0,0,0,0,1,0
4692,1973,10,10,4,0,0,1,0,0,3,0
4711,1979,1,1,0,0,0,0,0,0,0,0
4716,1980,1,1,1,0,0,0,0,0,0,0
4732,1961,2,1,1,0,0,0,1,0,0,0
4755,1973,2,2,0,0,0,0,0,0,1,0
4755,1974,15,13,6,1,0,1,1,0,0,0
4755,1975,3,3,0,0,0,0,0,0,1,0
4772,1976,7,7,2,0,0,0,0,0,1,0
4772,1982,2,2,0,0,0,0,0,0,0,0
4777,1982,3,3,1,1,0,0,0,0,1,0
4777,1983,2,2,0,0,0,0,0,0,0,0
4779,1963,2,2,0,0,0,0,0,0,0,0
4779,1964,2,2,0,0,0,0,0,0,0,0
4783,1966,4,4,0,0,0,0,0,0,3,0
4783,1967,1,1,1,0,0,0,0,0,0,0
4783,1970,9,8,1,1,0,0,1,0,2,0
4783,1971,1,1,1,0,0,0,0,0,0,0
4784,1970,10,10,1,0,0,0,0,0,2,0
4784,1971,5,5,1,0,0,0,0,0,0,0
4794,1971,1,1,0,0,0,0,0,0,0,0
4794,1972,4,3,1,0,0,0,0,0,0,1
4794,1974,7,6,0,0,0,0,1,0,1,0
4794,1975,3,3,0,0,0,0,0,0,2,0
4798,1960,2,1,0,0,0,0,1,0,1,0
4798,1961,5,5,2,0,0,1,0,0,1,0
4798,1962,16,14,3,0,0,1,2,0,3,0
4798,1963,1,1,0,0,0,0,0,0,0,0
4798,1964,7,7,0,0,0,0,0,0,2,0
4798,1965,14,12,4,1,0,2,2,0,2,0
4798,1967,5,4,0,0,0,0,0,1,3,0
4798,1968,11,9,2,0,0,0,1,0,4,0
4805,1976,4,4,0,0,0,0,0,0,0,0
4817,1973,8,7,0,0,0,0,1,0,1,0
4817,1974,7,7,2,0,0,2,0,0,0,0
4817,1975,16,16,3,1,0,0,0,0,3,0
4817,1977,7,7,4,0,0,0,0,0,0,0
4817,1978,6,6,2,0,0,0,0,0,0,0
4822,1973,7,7,0,0,0,0,0,0,0,0
4822,1976,3,3,0,0,0,0,0,0,0,0
4822,1978,2,2,1,0,1,0,0,0,0,0
4822,1980,1,0,0,0,0,0,1,0,0,0
4829,1977,5,4,0,0,0,0,1,0,1,0
4829,1978,5,5,1,0,0,0,0,0,1,0
4829,1980,9,8,4,0,0,0,1,0,1,0
4829,1981,3,1,0,0,0,0,1,0,1,1
4829,1982,3,3,0,0,0,0,0,0,1,0
4860,1961,3,3,0,0,0,0,0,0,0,0
4860,1962,2,1,0,0,0,0,1,0,0,0
4860,1964,1,1,1,0,0,0,0,0,0,0
4874,1974,4,4,1,0,0,0,0,0,0,0
4894,1976,11,11,3,0,0,0,0,0,0,0
4906,1969,10,10,2,0,0,0,0,0,0,0
4906,1970,5,5,3,0,0,0,0,0,0,0
4907,1976,6,6,1,1,0,0,0,0,0,0
4907,1977,8,8,4,1,0,0,0,0,0,0
4907,1983,4,4,2,0,0,0,0,0,1,0
4908,1976,15,15,4,0,0,0,0,0,1,0
4908,1978,4,3,1,0,1,0,0,0,1,0
4908,1980,1,1,0,0,0,0,0,0,0,0
4908,1981,1,1,0,0,0,0,0,0,0,0
4938,1969,2,2,0,0,0,0,0,0,1,0
4938,1970,3,3,1,0,0,0,0,0,0,0
4938,1971,3,3,0,0,0,0,0,0,1,0
4938,1972,1,1,0,0,0,0,0,0,1,0
4938,1973,3,3,0,0,0,0,0,0,0,0
4955,1962,12,12,2,0,0,0,0,0,0,0
4955,1963,4,3,1,0,0,0,1,0,0,0
4955,1964,14,14,3,1,0,0,0,0,0,0
4955,1965,13,13,3,1,0,0,0,0,0,0
4955,1966,10,10,3,1,0,0,0,0,0,0
4955,1967,17,15,3,0,0,0,2,0,1,0
4955,1968,10,9,4,1,0,0,0,0,2,1
4955,1969,12,12,6,0,0,0,0,0,0,0
4955,1970,4,4,0,0,0,0,0,0,0,0
4955,1971,14,11,2,0,0,1,1,0,0,1
4959,1962,2,1,0,0,0,0,0,1,0,0
4983,1965,1,1,1,1,0,0,0,0,0,0
4983,1966,3,3,0,0,0,0,0,0,1,0
4983,1969,6,5,2,0,0,1,1,0,2,0
4989,1966,1,1,1,0,0,0,0,0,0,0
5003,1960,1,0,0,0,0,0,1,0,0,0
5014,1976,9,8,1,0,0,1,0,0,0,1
5014,1978,3,3,1,0,0,0,0,0,0,0
5036,1961,10,9,3,0,0,0,1,0,2,0
5036,1962,13,12,2,1,0,1,1,0,5,0
5036,1963,13,13,4,1,0,0,0,0,4,0
5036,1964,19,16,3,1,0,0,3,0,4,0
5036,1965,16,16,5,1,0,1,0,0,3,0
5036,1966,9,8,1,0,0,0,0,0,2,0
5036,1967,18,18,3,0,0,0,0,0,3,0
5036,1968,6,5,1,0,0,0,1,0,1,0
5036,1969,2,2,1,0,0,0,0,0,0,0
5036,1970,2,2,0,0,0,0,0,0,0,0
5036,1971,6,6,0,0,0,0,0,0,2,0
5044,1973,4,4,1,0,0,0,0,0,2,0
5044,1974,14,13,1,0,0,0,1,0,4,0
5044,1975,4,1,1,0,0,0,3,0,0,0
5052,1979,2,2,0,0,0,0,0,0,0,0
5062,1983,2,2,1,0,0,0,0,0,0,0
5134,1977,2,2,0,0,0,0,0,0,0,0
5141,1969,6,6,2,0,0,0,0,0,0,0
5141,1971,4,4,1,0,0,0,0,0,0,0
5145,1961,1,1,0,0,0,0,0,0,0,0
5145,1962,1,1,0,0,0,0,0,0,1,0
5145,1964,3,3,0,0,0,0,0,0,1,0
5145,1965,5,4,0,0,0,0,0,0,0,0
5145,1967,3,3,0,0,0,0,0,0,0,0
5145,1970,1,1,0,0,0,0,0,0,0,0
5145,1971,5,5,1,0,0,0,0,0,0,0
5146,1978,3,3,2,0,0,1,0,0,0,0
5146,1980,4,4,1,0,0,0,0,0,0,0
5146,1983,1,0,0,0,0,0,1,0,0,0
5153,1964,2,2,0,0,0,0,0,0,1,0
5153,1965,3,3,1,0,0,0,0,0,1,0
5153,1967,16,15,4,1,0,0,1,0,4,0
5153,1968,11,11,5,1,1,2,0,0,2,0
5153,1969,10,7,3,2,0,0,3,0,0,0
5153,1970,13,12,5,1,0,0,0,0,1,1
5154,1964,5,5,1,0,0,0,0,0,2,0
5154,1965,9,9,4,0,0,1,0,0,1,0
5154,1966,13,13,5,0,0,1,0,0,1,0
5154,1967,12,10,1,0,0,0,1,1,4,0
5154,1968,12,11,3,0,0,1,0,0,1,1
5154,1969,8,8,3,0,0,0,0,0,3,0
5154,1970,4,4,2,0,0,0,0,0,1,0
5154,1971,8,8,3,0,0,0,0,0,1,0
5154,1973,6,6,2,0,0,0,0,0,1,0
5154,1974,2,2,0,0,0,0,0,0,1,0
5154,1975,10,9,2,0,0,1,0,0,2,1
5154,1979,3,3,1,1,0,0,0,0,0,0
5166,1978,1,1,0,0,0,0,0,0,0,0
5174,1982,2,1,0,0,0,0,1,0,1,0
5180,1969,10,10,1,0,0,0,0,0,2,0
5182,1965,1,1,0,0,0,0,0,0,1,0
5186,1973,4,4,1,0,0,0,0,0,1,0
5186,1974,3,3,0,0,0,0,0,0,0,0
5187,1960,10,8,1,0,0,0,1,0,1,1
5187,1961,4,4,2,0,0,0,0,0,0,0
5187,1962,13,12,4,0,0,0,0,0,0,0
5187,1963,5,4,2,0,0,2,1,0,0,0
5187,1964,3,3,0,0,0,0,0,0,1,0
5187,1965,16,16,5,2,0,1,0,0,2,0
5187,1966,10,10,2,0,0,0,0,0,3,0
5187,1967,4,4,2,1,0,0,0,0,0,0
5189,1965,15,13,7,1,0,0,2,0,2,0
5189,1966,19,18,6,2,0,0,1,0,3,0
5189,1967,17,15,3,0,0,0,2,0,6,0
5189,1968,11,11,4,0,0,0,0,0,1,0
5189,1969,15,13,8,0,0,2,2,0,2,0
5189,1970,11,5,3,1,0,1,6,0,1,0
5189,1971,6,3,2,0,0,1,3,0,0,0
5189,1972,7,6,0,0,0,0,1,0,0,0
5189,1973,7,7,3,1,0,1,0,0,0,0
5199,1976,3,3,0,0,0,0,0,0,0,0
5199,1977,6,6,1,0,0,0,0,0,2,0
5200,1977,5,5,1,0,0,0,0,0,0,0
5200,1980,7,7,3,1,0,0,0,0,1,0
5200,1981,1,0,0,0,0,0,1,0,0,0
5200,1982,4,3,0,0,0,0,1,0,0,0
5206,1975,3,2,1,0,0,0,0,0,0,1
5206,1979,1,1,1,0,0,0,0,0,0,0
5207,1982,1,1,0,0,0,0,0,0,0,0
5210,1961,19,16,4,1,0,0,3,0,1,0
5210,1962,7,7,1,0,0,0,0,0,0,0
5210,1963,5,5,2,0,0,0,0,0,0,0
5210,1964,14,14,5,2,0,0,0,0,1,0
5210,1965,13,13,0,0,0,0,0,0,0,0
5210,1966,1,1,0,0,0,0,0,0,0,0
5210,1967,5,5,2,0,0,0,0,0,0,0
5210,1968,5,4,1,0,0,0,1,0,0,0
5221,1978,1,1,0,0,0,0,0,0,0,0
5221,1980,4,4,1,1,0,0,0,0,0,0
5221,1983,1,1,0,0,0,0,0,0,0,0
5271,1978,1,0,0,0,0,0,0,0,0,0
5276,1975,3,3,1,0,0,0,0,0,0,0
5278,1974,1,1,0,0,0,0,0,0,0,0
5285,1967,3,3,0,0,0,0,0,0,2,0
5285,1969,4,4,1,1,0,0,0,0,1,0
5285,1970,1,1,1,0,0,0,0,0,0,0
5285,1971,6,6,2,0,0,0,0,0,0,0
5287,1960,3,3,0,0,0,0,0,0,0,0
5287,1961,17,15,4,1,0,0,2,0,4,0
5287,1962,1,1,0,0,0,0,0,0,1,0
5287,1963,6,6,1,0,0,1,0,0,3,0
5287,1964,11,10,3,0,0,1,1,0,3,0
5291,1971,3,3,1,0,0,0,0,0,0,0
5363,1976,8,8,1,0,0,0,0,0,0,0
5363,1977,6,6,2,1,0,0,0,0,0,0
5363,1978,1,1,1,0,0,0,0,0,0,0
5363,1980,2,2,1,0,0,1,0,0,0,0
5394,1967,4,3,0,0,0,0,0,1,2,0
5394,1968,10,10,1,0,1,0,0,0,4,0
5394,1969,12,10,1,0,0,1,1,1,6,0
5394,1970,9,9,1,0,0,1,0,0,5,0
5394,1971,9,9,3,0,0,0,0,0,1,0
5394,1973,8,7,2,0,0,1,1,0,1,0
5394,1974,6,6,0,0,0,0,0,0,4,0
5394,1975,19,19,2,0,0,1,0,0,4,0
5395,1975,4,4,1,0,0,0,0,0,0,0
5395,1979,2,2,1,1,0,0,0,0,0,0
5399,1960,3,3,0,0,0,0,0,0,1,0
5449,1972,1,1,1,0,0,0,0,0,0,0
5473,1982,1,1,0,0,0,0,0,0,0,0
5473,1983,1,1,0,0,0,0,0,0,1,0
5483,1961,10,7,1,0,0,1,3,0,1,0
5492,1973,7,7,2,0,0,0,0,0,2,0
5514,1962,7,6,0,0,0,0,1,0,1,0
5523,1970,6,4,2,1,0,0,1,0,0,1
5523,1971,3,3,1,1,0,0,0,0,0,0
5523,1972,7,7,2,0,0,0,0,0,0,0
5523,1973,18,18,5,1,0,1,0,0,2,0
5523,1974,12,10,3,0,0,0,1,1,0,0
5530,1970,2,1,0,0,0,0,0,0,1,0
5531,1961,7,6,3,1,0,0,1,0,0,0
5531,1962,9,8,4,0,0,1,1,0,1,0
5531,1963,4,4,4,0,0,0,0,0,0,0
5531,1964,7,7,2,1,0,0,0,0,1,0
5531,1965,11,11,2,0,1,0,0,0,1,0
5531,1966,1,1,0,0,0,0,0,0,0,0
5531,1970,3,3,2,0,0,1,0,0,0,0
5532,1971,2,2,1,0,0,0,0,0,1,0
5534,1976,5,5,2,0,0,2,0,0,1,0
5534,1977,3,3,1,0,0,0,0,0,0,0
5534,1979,3,2,0,0,0,0,1,0,2,0
5534,1980,3,2,0,0,0,0,0,0,1,1
5543,1961,11,11,3,0,0,1,0,0,0,0
5543,1973,2,2,2,0,0,1,0,0,0,0
5543,1974,6,6,1,0,0,0,0,0,1,0
5545,1966,13,12,5,1,0,0,1,0,1,0
5545,1967,9,9,1,0,0,0,0,0,3,0
5545,1968,8,8,2,1,0,0,0,0,3,0
5545,1969,11,10,4,0,0,0,1,0,1,0
5545,1970,9,7,1,0,0,0,2,0,1,0
5545,1971,11,11,5,0,0,0,0,0,1,0
5545,1972,8,7,1,0,0,0,1,0,3,0
5555,1966,8,8,3,1,0,0,0,0,2,0
5555,1968,2,2,0,0,0,0,0,0,2,0
5555,1969,9,9,2,0,0,0,0,0,1,0
5555,1971,4,4,2,0,0,0,0,0,0,0
5555,1972,1,1,0,0,0,0,0,0,0,0
5555,1981,1,1,0,0,0,0,0,0,1,0
5555,1982,1,1,0,0,0,0,0,0,0,0
5555,1983,2,2,0,0,0,0,0,0,0,0
5572,1979,2,2,1,0,0,0,0,0,0,0
5572,1980,1,0,0,0,0,0,1,0,0,0
5574,1968,8,7,2,0,0,0,1,0,1,0
5574,1969,4,4,1,0,0,0,0,0,0,0
5600,1965,2,2,0,0,0,0,0,0,0,0
5600,1970,2,2,1,0,0,0,0,0,0,0
5600,1976,2,2,0,0,0,0,0,0,0,0
5600,1977,3,2,0,0,0,0,0,0,0,0
5600,1978,1,1,0,0,0,0,0,0,0,0
5604,1973,3,3,2,0,0,0,0,0,1,0
5606,1981,1,1,0,0,0,0,0,0,0,0
5626,1964,1,1,1,0,0,0,0,0,0,0
5626,1968,4,4,1,0,0,0,0,0,1,0
5626,1969,4,4,0,0,0,0,0,0,1,0
5653,1979,3,3,0,0,0,0,0,0,0,0
5653,1981,6,6,2,1,0,0,0,0,0,0
5653,1982,2,2,0,0,0,0,0,0,1,0
5653,1983,1,1,0,0,0,0,0,0,0,0
5657,1976,2,2,0,0,0,0,0,0,1,0
5657,1977,3,3,1,1,0,0,0,0,1,0
5657,1978,4,3,1,0,0,0,0,0,1,1
5678,1976,2,1,0,0,0,0,1,0,1,0
5678,1980,2,2,1,0,0,0,0,0,1,0
5684,1967,7,7,2,0,1,0,0,0,1,0
5684,1968,7,7,2,0,0,0,0,0,0,0
5684,1969,3,2,0,0,0,0,1,0,0,0
5684,1970,9,8,2,0,1,0,0,0,0,1
5684,1971,3,3,0,0,0,0,0,0,0,0
5689,1980,1,0,0,0,0,0,1,0,0,0
5724,1960,2,2,0,0,0,0,0,0,0,0
5724,1961,7,7,3,2,0,0,0,0,0,0
5724,1962,14,13,7,1,0,3,1,0,0,0
5724,1963,9,8,2,0,0,1,1,0,0,0
5724,1964,11,8,3,2,0,0,3,0,1,0
5724,1965,2,2,1,1,0,0,0,0,0,0
5724,1966,15,14,3,2,0,0,1,0,3,0
5724,1967,21,19,9,1,0,3,2,0,0,0
5724,1968,9,6,1,0,0,0,1,1,0,1
5724,1969,8,7,5,0,0,2,1,0,2,0
5724,1970,7,6,1,0,0,0,1,0,0,0
5724,1971,8,7,1,0,0,1,1,0,0,0
5724,1972,1,1,0,0,0,0,0,0,0,0
5724,1973,7,7,0,0,0,0,0,0,0,0
5724,1974,6,5,1,0,0,0,1,0,1,0
5746,1966,8,8,3,1,0,0,0,0,0,0
5772,1969,2,2,0,0,0,0,0,0,0,0
5772,1970,1,1,0,0,0,0,0,0,0,0
5791,1976,7,6,0,0,0,0,1,0,0,0
5791,1978,2,2,1,0,0,0,0,0,0,0
5793,1969,7,5,0,0,0,0,2,0,1,0
5793,1970,4,4,0,0,0,0,0,0,1,0
5793,1973,3,2,0,0,0,0,1,0,0,0
5800,1975,3,2,1,0,0,0,1,0,0,0
5801,1966,2,2,0,0,0,0,0,0,1,0
5809,1979,2,1,0,0,0,0,0,1,0,0
5812,1976,8,8,3,0,0,0,0,0,1,0
5812,1980,1,1,0,0,0,0,0,0,0,0
5821,1980,3,1,0,0,0,0,2,0,0,0
5821,1982,3,3,0,0,0,0,0,0,0,0
5822,1969,4,4,0,0,0,0,0,0,0,0
5823,1963,1,1,0,0,0,0,0,0,0,0
5823,1964,11,9,5,0,0,0,0,1,1,1
5823,1967,5,5,2,0,0,0,0,0,0,0
5823,1969,4,3,1,0,0,1,1,0,0,0
5823,1971,5,5,1,0,0,0,0,0,0,0
5825,1981,2,2,0,0,0,0,0,0,0,0
5825,1982,5,4,1,0,0,0,0,0,1,1
5825,1983,1,1,1,1,0,0,0,0,0,0
5830,1967,5,5,1,0,0,0,0,0,2,0
5830,1968,4,4,2,0,0,0,0,0,0,0
5831,1970,3,3,3,0,0,0,0,0,0,0
5833,1961,1,1,0,0,0,0,0,0,0,0
5842,1982,1,1,0,0,0,0,0,0,1,0
5847,1976,5,5,3,0,0,0,0,0,0,0
5847,1977,1,1,0,0,0,0,0,0,0,0
5875,1973,3,3,2,0,0,0,0,0,0,0
5875,1974,13,13,1,0,0,0,0,0,2,0
5875,1975,12,11,4,2,0,1,1,0,3,0
5886,1962,15,15,2,1,0,0,0,0,3,0
5886,1963,5,4,0,0,0,0,1,0,3,0
5891,1976,3,3,1,0,0,1,0,0,1,0
5891,1977,10,10,3,0,0,3,0,0,2,0
5891,1978,13,11,2,0,0,0,1,1,3,0
5891,1980,4,3,1,0,0,0,1,0,0,0
5891,1981,1,1,0,0,0,0,0,0,0,0
5891,1982,2,2,0,0,0,0,0,0,0,0
5897,1961,3,3,1,0,0,0,0,0,0,0
5897,1962,10,7,0,0,0,0,3,0,1,0
5897,1967,1,1,0,0,0,0,0,0,0,0
5906,1980,1,1,0,0,0,0,0,0,0,0
5923,1964,3,3,0,0,0,0,0,0,0,0
5923,1965,1,1,1,0,0,0,0,0,0,0
5923,1966,7,7,0,0,0,0,0,0,3,0
5923,1969,5,5,1,0,0,0,0,0,1,0
5923,1970,5,5,0,0,0,0,0,0,2,0
5923,1972,4,3,0,0,0,0,1,0,1,0
5923,1973,5,5,0,0,0,0,0,0,3,0
5925,1961,6,6,1,0,0,0,0,0,2,0
5925,1962,11,11,0,0,0,0,0,0,2,0
5925,1963,7,7,1,0,0,0,0,0,3,0
5925,1964,7,7,2,0,0,0,0,0,3,0
5925,1965,3,3,1,0,0,0,0,0,1,0
5925,1966,1,1,0,0,0,0,0,0,1,0
5927,1976,5,4,2,0,2,0,1,0,1,0
5927,1977,1,0,0,0,0,0,1,0,0,0
5935,1961,1,1,1,0,0,0,0,0,0,0
5942,1961,8,7,3,0,0,0,0,0,0,0
5949,1971,5,5,0,0,0,0,0,0,0,0
5954,1961,3,3,1,0,0,0,0,0,0,0
5963,1979,1,1,0,0,0,0,0,0,0,0
5963,1983,1,1,0,0,0,0,0,0,0,0
5967,1977,1,1,0,0,0,0,0,0,0,0
5967,1980,6,6,2,0,1,0,0,0,1,0
5967,1982,2,2,1,0,0,0,0,0,0,0
5967,1983,1,1,1,0,0,1,0,0,0,0
5971,1964,14,14,3,0,0,0,0,0,3,0
5971,1965,10,10,5,0,0,0,0,0,1,0
5971,1966,12,11,4,0,0,0,0,0,3,0
5971,1967,6,5,1,0,0,0,1,0,1,0
5971,1968,5,5,0,0,0,0,0,0,2,0
5971,1969,9,7,2,0,0,0,1,0,2,1
5971,1970,3,3,0,0,0,0,0,0,0,0
5971,1971,4,4,1,1,0,0,0,0,1,0
5976,1969,3,3,0,0,0,0,0,0,1,0
5984,1964,1,1,0,0,0,0,0,0,0,0
6015,1976,4,4,1,0,0,0,0,0,1,0
6015,1978,1,1,0,0,0,0,0,0,1,0
6018,1961,1,1,0,0,0,0,0,0,1,0
6018,1965,2,2,0,0,0,0,0,0,0,0
6020,1961,12,10,4,0,0,0,2,0,1,0
6020,1962,17,13,3,0,0,0,4,0,5,0
6020,1963,1,1,0,0,0,0,0,0,1,0
6020,1964,7,6,1,1,0,0,1,0,1,0
6024,1968,9,9,2,0,0,0,0,0,1,0
6024,1971,11,10,3,1,0,0,1,0,3,0
6024,1972,3,3,2,0,1,0,0,0,0,0
6029,1962,3,2,1,1,0,0,0,0,0,1
6029,1963,3,3,2,1,0,0,0,0,0,0
6040,1966,1,1,0,0,0,0,0,0,0,0
6058,1982,3,3,0,0,0,0,0,0,0,0
6060,1964,3,3,0,0,0,0,0,0,1,0
6081,1960,11,10,3,0,0,0,0,1,1,0
6081,1961,5,5,0,0,0,0,0,0,2,0
6081,1963,5,5,1,0,0,0,0,0,1,0
6081,1964,3,3,0,0,0,0,0,0,2,0
6081,1965,11,11,0,0,0,0,0,0,0,0
6082,1962,1,1,0,0,0,0,0,0,1,0
6085,1967,1,1,0,0,0,0,0,0,0,0
6085,1968,3,3,0,0,0,0,0,0,0,0
6085,1969,3,3,2,0,0,1,0,0,1,0
6085,1970,9,8,3,0,0,0,1,0,0,0
6085,1971,9,8,0,0,0,0,1,0,3,0
6085,1972,4,4,0,0,0,0,0,0,0,0
6085,1973,4,4,1,0,0,0,0,0,0,0
6085,1974,2,2,0,0,0,0,0,0,0,0
6085,1975,3,3,1,0,0,0,0,0,0,0
6085,1976,7,7,1,0,0,0,0,0,0,0
6089,1960,2,2,1,0,0,0,0,0,0,0
6093,1975,5,4,1,0,0,0,0,1,0,0
6093,1979,5,4,0,0,0,0,0,0,0,0
6093,1982,2,1,1,1,0,0,1,0,0,0
6093,1983,1,1,0,0,0,0,0,0,0,0
6103,1974,8,7,3,0,0,1,0,0,1,1
6103,1975,7,6,1,0,0,1,1,0,0,0
6104,1971,3,3,0,0,0,0,0,0,2,0
6104,1972,3,3,2,0,0,0,0,0,0,0
6116,1969,2,1,0,0,0,0,0,0,1,0
6117,1965,12,10,1,0,0,1,0,0,0,1
6121,1976,4,3,0,0,0,0,0,0,2,0
6121,1979,3,3,0,0,0,0,0,0,1,0
6123,1976,1,1,1,1,0,0,0,0,0,0
6123,1977,3,2,0,0,0,0,1,0,1,0
6123,1978,6,6,2,0,1,0,0,0,0,0
6123,1980,12,12,3,2,0,0,0,0,0,0
6123,1981,3,3,1,0,0,1,0,0,0,0
6123,1982,3,2,0,0,0,0,1,0,1,0
6123,1983,2,2,0,0,0,0,0,0,0,0
6141,1983,1,1,1,0,0,0,0,0,0,0
6145,1964,1,1,0,0,0,0,0,0,1,0
6156,1971,3,3,0,0,0,0,0,0,1,0
6159,1978,1,1,0,0,0,0,0,0,1,0
6164,1982,1,1,0,0,0,0,0,0,0,0
6169,1963,5,5,1,0,0,0,0,0,1,0
6170,1960,3,3,1,0,0,0,0,0,1,0
6170,1961,8,8,4,1,0,0,0,0,0,0
6170,1962,14,13,9,3,0,1,1,0,0,0
6170,1963,9,9,3,0,0,0,0,0,0,0
6170,1964,11,10,3,0,0,0,0,1,1,0
6170,1965,15,14,3,1,0,0,1,0,4,0
6170,1966,15,14,3,0,0,0,1,0,3,0
6171,1979,2,2,0,0,0,0,0,0,0,0
6171,1981,2,2,0,0,0,0,0,0,1,0
6171,1983,1,1,0,0,0,0,0,0,0,0
6173,1980,6,5,1,0,0,0,1,0,0,0
6173,1981,3,2,0,0,0,0,1,0,0,0
6173,1982,2,1,0,0,0,0,0,0,0,0
6176,1974,3,3,0,0,0,0,0,0,0,0
6186,1972,2,2,0,0,0,0,0,0,0,0
6191,1979,1,1,1,0,0,0,0,0,0,0
6215,1977,3,3,0,0,0,0,0,0,1,0
6216,1961,2,1,1,0,0,0,1,0,0,0
6216,1965,1,1,0,0,0,0,0,0,0,0
6219,1969,1,1,0,0,0,0,0,0,0,0
6221,1960,1,1,0,0,0,0,0,0,0,0
6228,1962,2,2,0,0,0,0,0,0,0,0
6228,1963,1,1,1,0,0,0,0,0,0,0
6235,1969,1,1,0,0,0,0,0,0,0,0
6241,1980,1,1,0,0,0,0,0,0,0,0
6243,1980,1,1,1,1,0,0,0,0,0,0
6247,1982,2,2,0,0,0,0,0,0,0,0
6262,1969,2,2,0,0,0,0,0,0,2,0
6266,1982,2,1,0,0,0,0,1,0,1,0
6300,1963,2,2,0,0,0,0,0,0,2,0
6305,1974,8,8,1,0,0,0,0,0,4,0
6314,1961,4,4,1,1,0,0,0,0,0,0
6317,1981,5,5,1,0,1,0,0,0,0,0
6317,1982,1,0,0,0,0,0,1,0,0,0
6317,1983,1,1,1,0,0,0,0,0,0,0
6320,1975,8,8,3,0,0,0,0,0,1,0
6320,1979,3,3,1,1,0,0,0,0,0,0
6320,1980,3,2,0,0,0,0,1,0,0,0
6343,1976,2,1,0,0,0,0,1,0,0,0
6343,1978,4,4,0,0,0,0,0,0,0,0
6343,1980,2,2,0,0,0,0,0,0,0,0
6343,1981,1,1,0,0,0,0,0,0,0,0
6343,1982,3,3,0,0,0,0,0,0,0,0
6343,1983,1,1,1,0,0,0,0,0,0,0
6345,1979,3,3,2,0,0,0,0,0,0,0
6345,1980,2,2,2,1,0,0,0,0,0,0
6348,1963,6,6,1,0,0,0,0,0,1,0
6358,1969,3,3,1,0,0,0,0,0,1,0
6358,1970,9,9,2,0,0,0,0,0,2,0
6358,1971,11,11,5,1,1,0,0,0,1,0
6358,1972,4,3,0,0,0,0,1,0,2,0
6358,1973,5,5,1,0,0,0,0,0,1,0
6359,1981,1,1,1,0,0,0,0,0,0,0
6359,1982,1,1,1,0,0,1,0,0,0,0
6367,1963,3,3,0,0,0,0,0,0,1,0
6367,1964,14,13,2,0,0,0,1,0,3,0
6368,1980,1,1,1,0,0,0,0,0,0,0
6404,1980,2,2,0,0,0,0,0,0,1,0
6405,1975,6,4,0,0,0,0,1,0,2,1
6405,1982,1,0,0,0,0,0,1,0,0,0
6428,1981,2,2,0,0,0,0,0,0,0,0
6428,1982,1,1,0,0,0,0,0,0,0,0
6456,1965,10,10,2,0,0,0,0,0,1,0
6465,1973,3,3,1,1,0,0,0,0,0,0
6465,1974,13,10,0,0,0,0,2,1,2,0
6469,1982,2,2,0,0,0,0,0,0,0,0
6469,1983,1,1,0,0,0,0,0,0,0,0
6487,1969,2,2,1,0,0,0,0,0,0,0
6487,1973,6,6,1,0,0,0,0,0,0,0
6487,1974,7,6,1,0,0,0,0,0,0,1
6487,1975,7,6,3,1,0,0,1,0,0,0
6499,1965,3,3,0,0,0,0,0,0,3,0
6500,1962,3,3,1,0,0,0,0,0,0,0
6500,1963,12,9,4,1,0,2,3,0,1,0
6500,1964,18,16,4,0,0,2,2,0,4,0
6500,1965,13,11,3,1,0,0,2,0,3,0
6500,1966,18,16,4,1,0,1,2,0,4,0
6500,1969,4,3,1,0,0,0,1,0,0,0
6505,1965,1,1,0,0,0,0,0,0,0,0
6505,1972,1,1,0,0,0,0,0,0,1,0
6523,1978,1,1,1,0,1,0,0,0,0,0
6525,1964,2,2,0,0,0,0,0,0,1,0
6525,1965,2,2,0,0,0,0,0,0,1,0
6525,1966,4,4,0,0,0,0,0,0,2,0
6525,1967,4,4,0,0,0,0,0,0,2,0
6525,1968,3,3,0,0,0,0,0,0,1,0
6525,1970,2,2,0,0,0,0,0,0,0,0
6525,1971,5,4,0,0,0,0,0,0,3,0
6525,1972,1,1,0,0,0,0,0,0,0,0
6526,1973,3,3,0,0,0,0,0,0,0,0
6528,1960,3,3,1,0,0,0,0,0,0,0
6528,1962,9,9,2,0,0,0,0,0,2,0
6528,1963,4,4,3,0,0,0,0,0,0,0
6529,1982,1,1,0,0,0,0,0,0,0,0
6537,1965,2,2,0,0,0,0,0,0,1,0
6537,1967,3,3,0,0,0,0,0,0,2,0
6541,1960,1,1,0,0,0,0,0,0,0,0
6541,1961,4,4,0,0,0,0,0,0,2,0
6544,1964,2,2,0,0,0,0,0,0,2,0
6564,1976,6,6,3,1,0,0,0,0,0,0
6564,1977,7,7,1,0,0,0,0,0,0,0
6564,1978,2,1,0,0,0,0,1,0,0,0
6564,1979,2,1,0,0,0,0,1,0,0,0
6564,1980,1,1,0,0,0,0,0,0,0,0
6564,1981,1,1,0,0,0,0,0,0,0,0
6566,1961,2,1,0,0,0,0,1,0,0,0
6566,1962,12,10,2,0,0,0,1,0,2,1
6566,1963,2,2,0,0,0,0,0,0,0,0
6566,1964,3,3,2,0,0,1,0,0,0,0
6566,1965,12,10,4,0,1,0,2,0,1,0
6566,1966,5,5,1,0,0,0,0,0,1,0
6581,1965,3,3,0,0,0,0,0,0,1,0
6581,1969,1,1,1,0,0,0,0,0,0,0
6581,1971,3,3,0,0,0,0,0,0,1,0
6607,1972,7,6,1,0,0,0,1,0,0,0
6607,1974,8,8,1,0,0,0,0,0,1,0
6607,1975,3,3,1,0,0,0,0,0,2,0
6614,1974,4,3,0,0,0,0,1,0,1,0
6614,1979,2,1,0,0,0,0,0,0,0,1
6631,1981,2,1,0,0,0,0,0,0,0,0
6658,1960,1,1,0,0,0,0,0,0,0,0
6658,1961,21,20,3,0,0,0,1,0,4,0
6658,1962,7,7,2,0,1,0,0,0,2,0
6658,1963,2,2,0,0,0,0,0,0,0,0
6658,1964,11,8,1,0,0,0,2,0,1,1
6658,1965,6,6,2,0,0,0,0,0,1,0
6658,1966,3,3,1,1,0,0,0,0,1,0
6658,1967,1,1,0,0,0,0,0,0,1,0
6665,1963,5,5,2,0,0,0,0,0,2,0
6665,1965,1,1,1,0,0,0,0,0,0,0
6673,1980,3,3,1,0,0,0,0,0,1,0
6679,1982,1,0,0,0,0,0,0,0,0,0
6679,1983,1,1,0,0,0,0,0,0,1,0
6681,1975,8,8,3,1,0,0,0,0,2,0
6681,1979,3,2,0,0,0,0,1,0,1,0
6708,1977,3,3,0,0,0,0,0,0,0,0
6708,1978,1,1,0,0,0,0,0,0,0,0
6718,1961,1,1,0,0,0,0,0,0,0,0
6720,1976,7,7,2,1,0,0,0,0,1,0
6733,1970,6,6,3,0,0,0,0,0,1,0
6733,1971,6,5,1,1,0,0,1,0,1,0
6733,1972,8,8,1,0,0,0,0,0,1,0
6733,1973,10,10,2,0,0,0,0,0,2,0
6733,1974,4,4,1,0,0,0,0,0,1,0
6733,1975,4,3,1,1,0,0,1,0,0,0
6733,1978,3,3,2,1,0,0,0,0,0,0
6733,1980,8,7,1,0,0,0,0,0,0,1
6734,1980,3,3,0,0,0,0,0,0,0,0
6734,1981,2,2,0,0,0,0,0,0,0,0
6734,1982,1,1,1,1,0,0,0,0,0,0
6743,1973,2,2,2,0,1,1,0,0,0,0
6743,1976,12,12,5,1,0,1,0,0,0,0
6743,1978,3,3,1,0,0,0,0,0,0,0
6743,1979,1,1,0,0,0,0,0,0,0,0
6743,1980,12,12,2,0,1,0,0,0,0,0
6743,1981,3,3,2,0,0,0,0,0,0,0
6743,1982,1,1,0,0,0,0,0,0,0,0
6743,1983,1,1,0,0,0,0,0,0,0,0
6809,1960,6,5,3,0,0,2,1,0,0,0
6809,1961,7,6,4,0,0,0,1,0,0,0
6809,1962,12,12,3,0,0,0,0,0,2,0
6809,1963,11,10,2,2,0,0,0,0,0,1
6809,1964,13,11,6,1,0,0,2,0,1,0
6809,1965,9,6,1,0,0,0,3,0,0,0
6809,1966,4,2,1,0,0,0,1,0,0,1
6813,1971,5,4,0,0,0,0,1,0,0,0
6813,1973,3,3,2,1,0,0,0,0,1,0
6813,1974,6,6,2,0,0,0,0,0,1,0
6813,1975,8,8,0,0,0,0,0,0,0,0
6816,1976,3,3,1,0,0,0,0,0,0,0
6825,1975,8,8,0,0,0,0,0,0,2,0
6825,1979,6,6,2,0,0,0,0,0,0,0
6831,1963,3,3,1,0,0,1,0,0,0,0
6831,1964,13,12,6,2,0,2,0,1,0,0
6831,1965,7,5,2,0,0,0,2,0,0,0
6835,1960,11,10,2,0,0,2,1,0,2,0
6835,1961,4,4,2,0,0,1,0,0,1,0
6835,1962,10,6,2,0,0,0,4,0,1,0
6835,1963,4,4,1,0,0,1,0,0,0,0
6835,1964,3,3,1,0,0,0,0,0,0,0
6835,1965,19,17,6,0,0,1,2,0,1,0
6835,1966,5,5,1,0,0,0,0,0,1,0
6835,1967,17,14,4,0,0,1,3,0,4,0
6835,1968,9,7,1,0,0,1,2,0,0,0
6859,1960,8,7,1,0,0,0,1,0,3,0
6859,1961,5,4,1,0,0,0,1,0,2,0
6859,1962,14,11,3,1,0,1,1,1,0,1
6859,1963,4,4,0,0,0,0,0,0,0,0
6859,1965,9,8,0,0,0,0,0,0,1,0
6859,1966,4,4,1,0,0,0,0,0,2,0
6906,1969,7,7,3,0,0,0,0,0,1,0
6906,1973,5,5,2,0,0,0,0,0,0,0
6906,1974,3,3,1,0,1,0,0,0,0,0
6906,1975,13,10,2,0,0,1,3,0,0,0
6906,1979,1,1,0,0,0,0,0,0,0,0
6933,1980,2,1,1,0,0,0,1,0,0,0
6933,1981,1,1,0,0,0,0,0,0,0,0
6947,1964,1,1,0,0,0,0,0,0,0,0
6947,1967,2,2,1,0,0,0,0,0,0,0
6983,1963,8,8,1,1,0,0,0,0,1,0
6983,1966,1,1,0,0,0,0,0,0,0,0
6996,1973,6,5,2,0,1,0,0,0,0,1
6996,1974,1,1,0,0,0,0,0,0,1,0
7008,1969,4,3,0,0,0,0,1,0,1,0
7008,1970,1,1,0,0,0,0,0,0,0,0
7017,1967,5,5,1,0,0,0,0,0,2,0
7023,1964,11,11,2,0,0,1,0,0,3,0
7023,1965,7,7,2,0,1,0,0,0,2,0
7030,1970,4,3,0,0,0,0,0,1,0,0
7031,1977,4,3,0,0,0,0,1,0,0,0
7047,1976,15,14,6,1,1,0,1,0,0,0
7047,1977,6,5,1,0,0,0,1,0,1,0
7047,1978,7,7,2,2,0,0,0,0,1,0
7047,1980,4,4,0,0,0,0,0,0,1,0
7047,1981,2,1,1,0,0,0,1,0,0,0
7047,1982,1,1,1,1,0,0,0,0,0,0
7057,1980,2,2,0,0,0,0,0,0,1,0
7070,1960,2,2,1,0,0,0,0,0,0,0
7074,1969,6,4,1,0,0,0,2,0,1,0
7074,1970,9,9,3,1,0,0,0,0,1,0
7074,1971,11,11,3,0,0,0,0,0,1,0
7074,1972,3,3,1,0,0,0,0,0,0,0
7078,1968,1,1,0,0,0,0,0,0,1,0
7078,1970,5,5,1,0,0,0,0,0,1,0
7078,1971,11,10,3,0,0,0,0,1,0,0
7078,1972,2,2,0,0,0,0,0,0,1,0
7078,1973,3,3,1,0,0,1,0,0,1,0
7078,1974,8,8,4,0,0,0,0,0,2,0
7080,1971,3,3,0,0,0,0,0,0,0,0
7080,1972,3,3,0,0,0,0,0,0,0,0
7082,1975,13,12,3,0,0,0,1,0,3,0
7082,1979,1,1,0,0,0,0,0,0,0,0
7083,1979,2,2,0,0,0,0,0,0,1,0
7083,1980,2,2,0,0,0,0,0,0,0,0
7083,1981,1,1,0,0,0,0,0,0,0,0
7083,1982,5,5,2,2,0,0,0,0,1,0
7083,1983,1,1,0,0,0,0,0,0,1,0
7084,1971,3,3,0,0,0,0,0,0,3,0
7090,1972,7,6,2,0,0,0,0,0,3,0
7090,1973,7,6,3,0,0,1,1,0,0,0
7090,1974,11,7,2,1,0,0,4,0,2,0
7090,1975,12,8,3,1,0,0,2,2,0,0
7090,1979,3,2,0,0,0,0,0,1,0,0
7091,1970,1,1,0,0,0,0,0,0,0,0
7109,1977,9,7,1,0,0,0,2,0,1,0
7109,1978,3,3,1,1,0,0,0,0,0,0
7109,1980,9,8,3,2,0,0,1,0,0,0
7109,1981,3,3,0,0,0,0,0,0,0,0
7109,1983,1,1,0,0,0,0,0,0,0,0
7118,1961,3,3,1,0,0,0,0,0,1,0
7118,1962,6,6,1,0,0,0,0,0,1,0
7118,1963,6,6,3,0,0,0,0,0,0,0
7118,1964,9,8,1,0,0,0,1,0,3,0
7118,1965,5,4,0,0,0,0,1,0,3,0
7118,1966,15,13,2,0,0,0,2,0,6,0
7118,1967,12,12,2,0,0,0,0,0,4,0
7118,1968,14,14,6,1,1,1,0,0,1,0
7118,1970,4,4,0,0,0,0,0,0,1,0
7118,1973,3,3,0,0,0,0,0,0,1,0
7121,1981,2,1,1,0,0,0,1,0,0,0
7122,1961,4,4,0,0,0,0,0,0,2,0
7122,1964,2,2,1,0,0,0,0,0,0,0
7146,1961,5,5,2,0,0,0,0,0,2,0
7161,1966,2,2,0,0,0,0,0,0,1,0
7164,1976,4,4,1,0,0,0,0,0,2,0
7164,1979,1,1,1,0,0,0,0,0,0,0
7164,1980,1,1,0,0,0,0,0,0,0,0
7170,1963,2,2,0,0,0,0,0,0,2,0
7170,1964,5,4,1,0,0,0,1,0,0,0
7170,1966,5,5,0,0,0,0,0,0,1,0
7170,1967,13,13,5,2,1,1,0,0,3,0
7170,1968,6,6,1,0,0,0,0,0,0,0
7170,1969,1,1,0,0,0,0,0,0,0,0
7170,1970,3,3,1,1,0,0,0,0,0,0
7170,1972,3,3,0,0,0,0,0,0,0,0
7190,1960,10,8,2,0,1,0,1,0,2,1
7200,1963,3,3,0,0,0,0,0,0,1,0
7200,1964,2,2,1,0,0,0,0,0,1,0
7200,1965,3,3,0,0,0,0,0,0,0,0
7200,1967,5,4,0,0,0,0,0,0,1,0
7200,1968,3,2,0,0,0,0,0,1,1,0
7200,1970,2,2,0,0,0,0,0,0,1,0
7217,1965,1,1,0,0,0,0,0,0,1,0
7217,1966,2,2,1,0,1,0,0,0,0,0
7217,1967,4,4,1,0,0,0,0,0,2,0
7217,1969,4,4,0,0,0,0,0,0,1,0
7219,1980,1,1,0,0,0,0,0,0,0,0
7245,1975,7,6,1,1,0,0,0,0,0,0
7254,1970,5,5,1,0,0,0,0,0,1,0
7254,1971,14,13,8,1,0,2,0,0,0,1
7254,1972,3,3,1,0,0,0,0,0,0,0
7259,1976,2,2,0,0,0,0,0,0,0,0
7261,1964,2,2,0,0,0,0,0,0,0,0
7261,1968,7,6,0,0,0,0,0,0,3,0
7261,1969,2,2,0,0,0,0,0,0,2,0
7268,1961,1,1,1,0,0,0,0,0,0,0
7270,1969,1,1,0,0,0,0,0,0,1,0
7280,1965,11,10,3,1,0,0,1,0,0,0
7280,1966,17,16,5,1,0,1,1,0,1,0
7280,1967,17,17,4,0,0,1,0,0,3,0
7280,1968,11,10,4,0,0,0,0,0,0,1
7280,1969,13,12,5,0,0,0,0,0,0,1
7280,1970,9,8,4,0,1,0,1,0,0,0
7280,1971,19,17,3,0,0,0,2,0,3,0
7280,1972,3,3,1,0,0,0,0,0,1,0
7281,1965,2,2,1,0,0,0,0,0,0,0
7281,1967,2,1,0,0,0,0,0,0,0,0
7281,1969,8,8,1,0,0,0,0,0,3,0
7285,1964,7,5,1,0,0,0,2,0,1,0
7285,1966,6,6,3,0,0,0,0,0,0,0
7285,1967,3,3,0,0,0,0,0,0,0,0
7285,1968,1,1,0,0,0,0,0,0,0,0
7285,1969,8,7,2,0,0,1,1,0,0,0
7285,1970,5,5,0,0,0,0,0,0,0,0
7294,1973,9,9,3,1,0,0,0,0,1,0
7294,1974,21,20,4,0,0,0,1,0,2,0
7294,1975,9,8,0,0,0,0,1,0,1,0
7294,1979,1,1,0,0,0,0,0,0,0,0
7297,1982,1,1,0,0,0,0,0,0,1,0
7316,1976,3,3,0,0,0,0,0,0,1,0
7342,1963,8,8,2,0,0,0,0,0,0,0
7342,1964,4,3,1,0,0,0,1,0,1,0
7344,1977,5,5,3,0,0,0,0,0,0,0
7344,1980,1,1,0,0,0,0,0,0,0,0
7344,1981,1,1,1,1,0,0,0,0,0,0
7348,1976,4,4,2,0,0,0,0,0,0,0
7355,1969,7,7,2,0,0,0,0,0,0,0
7355,1970,9,7,4,0,0,1,1,0,1,1
7355,1971,17,16,3,0,0,0,1,0,4,0
7355,1973,7,7,2,0,0,0,0,0,0,0
7369,1977,1,1,1,0,0,0,0,0,0,0
7369,1978,1,1,0,0,0,0,0,0,0,0
7382,1973,4,4,1,0,0,0,0,0,2,0
7382,1974,4,4,2,0,0,0,0,0,1,0
7412,1970,4,4,1,1,0,0,0,0,0,0
7412,1971,1,1,0,0,0,0,0,0,1,0
7412,1976,2,2,1,0,0,0,0,0,0,0
7419,1976,5,5,2,2,0,0,0,0,1,0
7419,1979,1,1,0,0,0,0,0,0,0,0
7427,1975,3,3,2,0,0,0,0,0,0,0
7427,1979,3,3,0,0,0,0,0,0,0,0
7438,1969,8,8,5,2,1,0,0,0,0,0
7438,1970,9,8,3,0,0,0,0,0,3,1
7438,1971,13,13,2,0,0,0,0,0,2,0
7438,1972,5,5,2,0,0,0,0,0,1,0
7438,1973,12,12,2,1,0,0,0,0,1,0
7438,1974,1,1,0,0,0,0,0,0,0,0
7455,1975,11,10,3,0,0,0,1,0,0,0
7468,1970,3,2,1,0,0,0,1,0,0,0
7478,1976,2,1,1,0,0,0,1,0,0,0
7478,1977,2,2,2,1,0,0,0,0,0,0
7486,1965,1,1,0,0,0,0,0,0,0,0
7504,1973,5,5,1,0,0,0,0,0,3,0
7504,1974,3,3,0,0,0,0,0,0,0,0
7511,1963,1,1,0,0,0,0,0,0,0,0
7518,1982,4,4,1,0,0,0,0,0,0,0
7518,1983,1,0,0,0,0,0,1,0,0,0
7520,1976,4,4,2,0,0,0,0,0,1,0
7520,1977,4,4,1,0,0,0,0,0,2,0
7520,1978,2,2,0,0,0,0,0,0,0,0
7520,1981,1,1,0,0,0,0,0,0,0,0
7525,1967,7,7,2,0,0,0,0,0,2,0
7525,1968,3,3,2,0,0,0,0,0,0,0
7525,1969,7,7,1,0,0,0,0,0,1,0
7525,1970,9,8,2,0,0,2,0,1,4,0
7525,1971,3,3,1,0,0,1,0,0,1,0
7533,1960,3,2,0,0,0,0,1,0,0,0
7533,1961,12,9,2,0,0,0,1,2,0,0
7533,1963,15,14,5,3,0,1,1,0,0,0
7533,1964,3,3,0,0,0,0,0,0,0,0
7553,1974,4,4,0,0,0,0,0,0,1,0
7553,1975,4,4,1,1,0,0,0,0,2,0
7566,1976,8,8,3,0,0,0,0,0,0,0
7841,1980,1,0,0,0,0,0,1,0,0,0
7846,1979,1,1,1,1,0,0,0,0,0,0
7854,1962,3,3,0,0,0,0,0,0,1,0
7858,1967,13,13,3,0,0,1,0,0,2,0
7858,1968,10,10,3,0,1,0,0,0,3,0
7858,1969,7,7,1,0,0,0,0,0,2,0
7858,1970,9,9,1,0,0,0,0,0,3,0
7858,1971,3,3,2,0,0,0,0,0,0,0
7858,1976,8,8,2,0,0,0,0,0,2,0
7858,1977,1,0,0,0,0,0,1,0,0,0
7861,1973,3,3,0,0,0,0,0,0,0,0
7861,1974,14,13,4,0,0,1,0,1,2,0
7861,1975,3,3,1,0,0,0,0,0,0,0
7861,1979,1,1,0,0,0,0,0,0,1,0
7871,1971,4,4,0,0,0,0,0,0,0,0
7871,1974,7,7,4,0,0,0,0,0,1,0
7871,1975,10,10,2,2,0,0,0,0,1,0
7878,1976,5,4,1,0,0,0,0,0,0,0
7878,1978,3,3,0,0,0,0,0,0,0,0
7897,1976,4,4,0,0,0,0,0,0,0,0
7897,1977,7,6,0,0,0,0,0,0,0,1
7897,1978,5,5,2,0,0,0,0,0,1,0
7897,1979,1,1,1,0,0,0,0,0,0,0
7897,1980,8,8,1,1,0,0,0,0,2,0
7913,1967,6,5,0,0,0,0,0,0,2,0
7913,1968,2,2,1,0,0,0,0,0,1,0
7913,1969,2,2,0,0,0,0,0,0,2,0
7913,1970,2,2,1,0,0,0,0,0,0,0
7914,1974,12,12,4,2,0,0,0,0,1,0
7914,1975,6,6,3,1,0,0,0,0,0,0
7916,1977,2,2,1,0,0,0,0,0,1,0
7920,1977,6,6,2,0,0,1,0,0,1,0
7937,1962,23,21,7,1,0,1,2,0,1,0
7937,1963,14,12,4,0,0,0,1,0,0,1
7937,1964,10,8,0,0,0,0,1,0,0,0
7943,1976,3,3,1,0,0,0,0,0,0,0
7943,1979,4,4,0,0,0,0,0,0,0,0
7943,1983,1,1,1,0,0,1,0,0,0,0
7946,1976,8,8,2,0,0,1,0,0,0,0
7946,1978,6,6,2,0,0,1,0,0,0,0
7946,1979,4,4,2,1,0,1,0,0,0,0
7946,1980,3,2,1,0,0,0,0,0,0,0
7946,1981,1,1,1,1,0,0,0,0,0,0
7946,1983,1,1,0,0,0,0,0,0,0,0
7952,1969,6,6,2,0,1,0,0,0,0,0
7952,1970,3,3,2,0,0,1,0,0,0,0
7952,1971,3,3,1,0,0,0,0,0,0,0
7952,1972,3,2,1,1,0,0,1,0,0,0
7962,1964,2,2,0,0,0,0,0,0,1,0
7962,1965,3,3,0,0,0,0,0,0,2,0
7962,1968,3,3,2,0,0,0,0,0,0,0
7966,1981,2,2,1,0,0,0,0,0,0,0
7967,1981,1,1,1,0,0,0,0,0,0,0
7967,1982,4,4,2,0,0,0,0,0,0,0
7969,1977,5,4,2,0,0,0,1,0,1,0
7969,1978,5,4,0,0,0,0,0,1,3,0
7969,1980,13,13,3,0,0,0,0,0,1,0
7969,1981,7,7,2,1,0,0,0,0,0,0
7969,1982,8,7,2,1,0,0,1,0,2,0
7969,1983,1,1,0,0,0,0,0,0,0,0
7977,1976,5,5,2,1,0,0,0,0,0,0
7977,1977,10,9,4,1,0,0,1,0,1,0
7977,1978,10,8,2,1,0,0,2,0,0,0
7977,1980,7,7,2,0,0,0,0,0,0,0
7977,1982,5,5,2,1,0,0,0,0,1,0
8005,1980,2,2,1,0,0,0,0,0,0,0
8005,1982,3,2,1,0,1,0,0,0,0,0
8005,1983,2,2,1,0,0,0,0,0,0,0
8013,1961,8,8,3,1,0,1,0,0,0,0
8013,1962,12,11,1,0,0,0,1,0,2,0
8013,1967,8,6,2,0,0,0,2,0,2,0
8013,1968,3,3,0,0,0,0,0,0,0,0
8013,1969,7,6,2,1,0,0,0,0,0,1
8022,1967,1,1,0,0,0,0,0,0,0,0
8025,1968,4,4,1,0,0,1,0,0,1,0
8025,1969,2,2,1,0,0,0,0,0,0,0
8025,1970,2,2,0,0,0,0,0,0,0,0
8025,1971,10,10,2,0,0,0,0,0,0,0
8025,1972,3,3,0,0,0,0,0,0,0,0
8025,1973,3,3,0,0,0,0,0,0,0,0
8025,1974,3,3,1,0,0,0,0,0,0,0
8029,1978,1,1,0,0,0,0,0,0,0,0
8033,1964,1,1,0,0,0,0,0,0,1,0
8038,1978,1,1,0,0,0,0,0,0,1,0
8038,1982,1,1,0,0,0,0,0,0,0,0
8041,1968,4,2,2,0,0,1,2,0,0,0
8041,1969,1,1,1,0,0,0,0,0,0,0
8041,1972,2,2,0,0,0,0,0,0,1,0
8057,1961,1,1,0,0,0,0,0,0,1,0
8071,1976,7,7,2,0,1,0,0,0,1,0
8071,1977,6,5,1,0,0,0,1,0,0,0
8071,1980,6,6,2,0,0,0,0,0,0,0
8091,1969,3,2,0,0,0,0,1,0,0,0
8091,1970,9,9,3,1,0,0,0,0,0,0
8091,1971,12,12,2,1,0,0,0,0,2,0
8091,1972,6,5,2,0,0,1,1,0,0,0
8091,1973,12,12,3,1,0,0,0,0,3,0
8091,1974,2,1,1,0,0,1,1,0,0,0
8091,1975,11,11,2,0,0,0,0,0,0,0
8096,1969,4,4,2,0,0,0,0,0,0,0
8096,1970,11,11,3,0,0,0,0,0,0,0
8096,1971,10,10,0,0,0,0,0,0,4,0
8096,1972,7,7,1,0,0,0,0,0,1,0
8096,1973,15,15,5,0,0,1,0,0,3,0
8096,1974,4,3,0,0,0,0,1,0,1,0
8096,1976,4,4,1,0,0,1,0,0,0,0
8096,1977,3,3,2,0,0,1,0,0,0,0
8096,1978,13,12,2,1,0,0,1,0,1,0
8102,1978,6,5,1,0,0,1,1,0,0,0
8102,1980,6,5,1,1,0,0,1,0,1,0
8102,1983,1,1,1,1,0,0,0,0,0,0
8115,1969,4,4,1,0,0,0,0,0,2,0
8115,1970,1,1,1,0,0,0,0,0,0,0
8115,1971,5,4,0,0,0,0,0,0,0,0
8161,1969,1,1,1,0,0,0,0,0,0,0
8161,1971,1,1,0,0,0,0,0,0,0,0
8162,1979,1,1,1,0,0,0,0,0,0,0
8180,1966,1,1,1,0,0,0,0,0,0,0
8180,1967,4,3,0,0,0,0,0,0,2,0
8208,1963,2,2,0,0,0,0,0,0,0,0
8218,1968,6,6,0,0,0,0,0,0,1,0
8218,1969,3,1,0,0,0,0,1,1,0,0
8218,1971,2,2,2,2,0,0,0,0,0,0
8218,1972,4,4,1,0,0,0,0,0,0,0
8218,1973,17,17,6,1,0,0,0,0,4,0
8218,1974,6,6,3,1,0,0,0,0,0,0
8227,1963,1,1,0,0,0,0,0,0,0,0
8232,1969,1,1,1,0,0,0,0,0,0,0
8234,1965,9,8,2,0,0,0,1,0,3,0
8234,1966,4,4,0,0,0,0,0,0,0,0
8234,1967,7,7,2,0,0,0,0,0,3,0
8240,1970,14,13,2,1,0,0,1,0,3,0
8240,1971,11,11,8,1,0,0,0,0,0,0
8240,1972,7,6,2,0,0,1,1,0,0,0
8240,1973,13,10,2,0,0,0,3,0,2,0
8240,1974,5,3,2,1,0,0,1,0,0,1
8240,1975,11,9,5,0,0,0,1,1,0,0
8242,1974,8,7,2,0,0,0,1,0,4,0
8242,1975,4,4,1,0,0,0,0,0,1,0
8259,1964,3,3,2,0,0,0,0,0,0,0
8259,1965,2,1,0,0,0,0,0,0,1,1
8273,1962,8,8,0,0,0,0,0,0,5,0
8273,1963,11,10,3,0,1,1,1,0,2,0
8273,1964,9,9,1,0,0,1,0,0,4,0
8273,1965,8,8,1,0,0,1,0,0,4,0
8281,1978,1,1,0,0,0,0,0,0,0,0
8281,1980,12,12,4,0,0,0,0,0,0,0
8281,1981,2,2,2,2,0,0,0,0,0,0
8281,1983,1,1,1,0,0,0,0,0,0,0
8285,1980,5,4,1,0,0,0,0,0,0,0
8285,1983,1,0,0,0,0,0,0,0,0,0
8287,1977,2,2,0,0,0,0,0,0,0,0
8287,1978,2,2,1,0,0,0,0,0,0,0
8290,1961,1,1,1,0,0,0,0,0,0,0
8319,1961,2,2,0,0,0,0,0,0,0,0
8332,1976,4,4,0,0,0,0,0,0,1,0
8333,1977,4,4,0,0,0,0,0,0,1,0
8333,1980,1,1,0,0,0,0,0,0,0,0
8346,1975,2,2,0,0,0,0,0,0,0,0
8350,1978,1,1,1,0,0,1,0,0,0,0
8350,1980,1,1,0,0,0,0,0,0,0,0
8351,1976,1,1,0,0,0,0,0,0,0,0
8351,1977,5,5,0,0,0,0,0,0,2,0
8351,1978,4,4,2,0,0,0,0,0,0,0
8353,1979,2,2,0,0,0,0,0,0,0,0
8357,1979,2,2,1,0,0,0,0,0,0,0
8357,1980,1,1,0,0,0,0,0,0,0,0
8360,1973,5,5,4,0,0,1,0,0,0,0
8360,1974,5,5,0,0,0,0,0,0,1,0
8360,1975,19,17,6,1,0,0,2,0,1,0
8360,1978,6,6,2,1,0,0,0,0,1,0
8362,1965,3,3,1,0,0,0,0,0,1,0
8362,1966,9,8,3,1,0,0,1,0,1,0
8362,1967,7,7,2,0,1,0,0,0,0,0
8362,1968,12,11,2,0,0,0,1,0,1,0
8362,1969,2,2,0,0,0,0,0,0,1,0
8362,1970,7,7,2,0,1,0,0,0,0,0
8362,1971,4,4,0,0,0,0,0,0,0,0
8362,1974,2,2,1,0,0,0,0,0,0,0
8367,1979,2,2,0,0,0,0,0,0,1,0
8369,1966,4,4,2,1,0,0,0,0,0,0
8369,1967,8,8,3,0,0,0,0,0,0,0
8413,1978,3,2,0,0,0,0,0,0,0,0
8417,1969,3,3,0,0,0,0,0,0,1,0
8417,1970,6,6,1,1,0,0,0,0,0,0
8417,1971,10,10,3,0,0,0,0,0,2,0
8421,1961,11,10,2,1,0,0,1,0,0,0
8421,1962,7,7,1,0,0,0,0,0,1,0
8427,1967,2,2,0,0,0,0,0,0,0,0
8427,1970,5,5,1,0,0,0,0,0,1,0
8429,1965,4,4,1,0,0,0,0,0,0,0
8429,1966,1,1,0,0,0,0,0,0,1,0
8429,1969,1,1,0,0,0,0,0,0,1,0
8434,1980,3,3,2,0,0,0,0,0,0,0
8434,1981,1,1,0,0,0,0,0,0,1,0
8434,1982,4,4,0,0,0,0,0,0,0,0
8436,1981,1,1,1,0,0,0,0,0,0,0
8443,1972,3,3,1,0,0,0,0,0,1,0
8443,1975,6,5,1,0,0,0,0,0,3,0
8443,1979,4,4,0,0,0,0,0,0,2,0
8470,1976,10,9,2,0,0,0,0,0,0,1
8470,1977,10,9,1,0,0,0,1,0,0,0
8470,1979,1,1,0,0,0,0,0,0,0,0
8470,1980,3,3,0,0,0,0,0,0,0,0
8470,1982,7,4,2,1,0,0,1,1,0,0
8472,1969,11,9,2,1,1,0,2,0,3,0
8472,1970,9,9,4,2,0,1,0,0,2,0
8472,1971,10,9,3,1,0,0,1,0,3,0
8472,1972,3,3,1,0,0,0,0,0,0,0
8472,1973,14,13,2,1,0,0,1,0,3,0
8472,1974,9,9,1,0,0,0,0,0,0,0
8489,1974,4,4,0,0,0,0,0,0,0,0
8489,1975,10,9,4,0,0,0,1,0,1,0
8509,1982,1,1,0,0,0,0,0,0,0,0
8509,1983,2,2,1,0,0,0,0,0,0,0
8517,1977,3,2,1,0,0,0,1,0,0,0
8517,1978,5,4,1,1,0,0,1,0,0,0
8517,1980,1,1,0,0,0,0,0,0,0,0
8518,1983,3,3,2,0,0,0,0,0,0,0
8525,1970,2,2,0,0,0,0,0,0,0,0
8530,1982,1,1,1,0,0,0,0,0,0,0
8533,1963,1,1,0,0,0,0,0,0,0,0
8533,1964,7,7,2,0,0,0,0,0,2,0
8533,1965,6,5,0,0,0,0,1,0,0,0
8533,1966,3,3,0,0,0,0,0,0,1,0
8536,1972,4,3,1,1,0,0,0,0,1,0
8536,1973,3,3,0,0,0,0,0,0,1,0
8536,1979,1,0,0,0,0,0,1,0,0,0
8539,1973,4,4,1,0,0,0,0,0,0,0
8542,1965,1,1,0,0,0,0,0,0,0,0
8542,1967,5,5,0,0,0,0,0,0,3,0
8547,1982,1,1,1,0,0,0,0,0,0,0
8547,1983,3,3,0,0,0,0,0,0,0,0
8552,1969,2,2,1,1,0,0,0,0,0,0
8562,1961,1,1,0,0,0,0,0,0,0,0
8562,1963,4,4,0,0,0,0,0,0,2,0
8570,1964,2,2,0,0,0,0,0,0,2,0
8586,1970,8,8,4,0,0,1,0,0,0,0
8586,1971,12,12,5,2,0,0,0,0,2,0
8586,1972,9,8,3,0,0,0,0,0,0,0
8586,1973,8,8,4,1,0,0,0,0,0,0
8586,1974,15,14,4,2,0,0,1,0,0,0
8586,1975,13,13,2,1,0,0,0,0,4,0
8586,1979,3,2,1,1,0,0,1,0,0,0
8591,1977,2,2,1,0,0,0,0,0,1,0
8605,1977,5,4,0,0,0,0,0,0,2,0
8622,1965,3,2,0,0,0,0,1,0,0,0
8622,1966,2,2,0,0,0,0,0,0,0,0
8622,1967,15,13,3,0,0,0,2,0,1,0
8622,1968,6,6,2,0,1,0,0,0,0,0
8622,1969,4,4,1,0,0,0,0,0,1,0
8622,1970,1,1,0,0,0,0,0,0,0,0
8625,1980,2,2,0,0,0,0,0,0,0,0
8632,1976,3,3,1,0,1,0,0,0,0,0
8632,1977,1,1,0,0,0,0,0,0,0,0
8632,1979,2,2,0,0,0,0,0,0,0,0
8640,1969,1,1,0,0,0,0,0,0,0,0
8640,1971,9,9,3,0,0,0,0,0,1,0
8640,1974,4,3,0,0,0,0,1,0,2,0
8650,1961,7,5,1,0,0,0,2,0,1,0
8650,1962,3,3,1,0,0,0,0,0,0,0
8650,1969,2,1,1,0,0,1,1,0,0,0
8667,1978,1,1,0,0,0,0,0,0,0,0
8670,1965,1,1,0,0,0,0,0,0,1,0
8670,1970,5,5,0,0,0,0,0,0,1,0
8670,1971,6,5,2,0,0,0,0,0,1,0
8670,1972,7,7,1,0,0,0,0,0,5,0
8685,1978,2,2,1,0,0,0,0,0,0,0
8687,1961,3,2,0,0,0,0,0,0,1,0
8687,1962,2,2,0,0,0,0,0,0,1,0
8687,1963,1,1,0,0,0,0,0,0,1,0
8687,1965,2,2,0,0,0,0,0,0,1,0
8702,1971,7,7,3,0,0,0,0,0,1,0
8706,1976,18,18,8,0,0,0,0,0,1,0
8706,1977,11,11,3,2,0,0,0,0,2,0
8706,1978,8,6,4,0,0,1,2,0,0,0
8706,1980,8,8,1,0,0,0,0,0,0,0
8706,1981,6,6,3,0,1,0,0,0,0,0
8706,1982,2,2,0,0,0,0,0,0,0,0
8706,1983,5,5,1,0,0,0,0,0,1,0
8727,1979,2,1,0,0,0,0,1,0,0,0
8728,1976,7,6,2,0,1,0,1,0,1,0
8728,1977,7,7,2,1,0,0,0,0,1,0
8728,1978,2,2,1,0,0,1,0,0,0,0
8728,1980,3,2,0,0,0,0,1,0,0,0
8728,1981,1,1,0,0,0,0,0,0,1,0
8733,1972,1,1,1,0,0,0,0,0,0,0
8739,1968,3,3,1,0,0,0,0,0,0,0
8742,1977,3,3,1,0,0,0,0,0,0,0
8748,1981,1,1,0,0,0,0,0,0,0,0
8749,1971,12,12,3,0,2,0,0,0,1,0
8749,1972,9,8,1,0,0,0,1,0,1,0
8749,1973,13,13,2,0,0,0,0,0,0,0
8749,1974,22,19,3,0,0,0,2,0,2,1
8749,1975,15,14,2,1,0,0,0,0,1,0
8768,1969,1,1,0,0,0,0,0,0,0,0
8768,1971,3,3,0,0,0,0,0,0,1,0
8781,1968,3,3,0,0,0,0,0,0,3,0
8786,1969,5,5,2,0,0,1,0,0,0,0
8786,1971,1,1,1,0,0,0,0,0,0,0
8801,1961,14,9,3,0,0,0,4,1,1,0
8801,1962,21,20,3,0,0,0,1,0,4,0
8801,1963,10,10,2,0,0,0,0,0,1,0
8801,1964,8,6,3,0,0,0,1,0,1,0
8801,1965,3,3,1,0,0,0,0,0,1,0
8849,1970,11,11,6,1,0,1,0,0,0,0
8849,1971,8,8,1,1,0,0,0,0,2,0
8850,1981,1,1,0,0,0,0,0,0,0,0
8850,1982,3,3,0,0,0,0,0,0,1,0
8850,1983,3,2,0,0,0,0,1,0,0,0
8866,1977,1,1,0,0,0,0,0,0,0,0
8867,1963,2,1,1,0,0,0,0,1,0,0
8867,1964,3,3,1,0,0,0,0,0,1,0
8867,1965,13,12,1,0,0,0,0,1,0,0
8867,1966,8,8,2,0,0,1,0,0,1,0
8867,1967,15,15,3,0,0,0,0,0,3,0
8867,1968,3,3,1,0,0,0,0,0,1,0
8867,1969,8,6,0,0,0,0,1,1,0,0
8916,1976,14,13,3,1,0,0,0,0,0,0
8920,1981,1,1,0,0,0,0,0,0,0,0
8926,1976,12,12,4,1,0,0,0,0,2,0
8926,1977,6,6,2,1,0,0,0,0,2,0
8926,1978,5,4,0,0,0,0,1,0,0,0
8935,1978,2,2,1,0,0,0,0,0,0,0
8935,1981,2,1,0,0,0,0,0,0,0,0
8935,1982,1,1,0,0,0,0,0,0,0,0
8938,1967,1,1,0,0,0,0,0,0,0,0
8944,1963,3,3,1,1,0,0,0,0,1,0
8944,1964,13,11,3,0,1,0,2,0,4,0
8964,1967,14,13,1,1,0,0,1,0,3,0
8964,1968,5,3,1,0,0,0,0,0,0,2
8964,1969,7,6,2,0,0,0,1,0,0,0
8969,1970,2,2,2,1,0,0,0,0,0,0
8969,1971,1,1,0,0,0,0,0,0,0,0
8969,1972,4,4,0,0,0,0,0,0,1,0
8970,1966,7,7,2,1,0,0,0,0,2,0
8970,1967,4,4,2,0,0,1,0,0,0,0
8970,1968,3,3,1,0,0,0,0,0,0,0
8970,1969,2,1,0,0,0,0,0,1,0,0
8975,1979,1,0,0,0,0,0,1,0,0,0
8989,1965,2,2,0,0,0,0,0,0,1,0
8989,1966,16,15,3,0,0,0,1,0,4,0
8989,1967,6,6,1,0,0,1,0,0,3,0
8989,1968,11,10,3,0,1,1,1,0,1,0
8989,1969,6,6,0,0,0,0,0,0,0,0
8989,1970,5,5,1,0,0,0,0,0,0,0
8989,1971,7,7,0,0,0,0,0,0,0,0
8989,1972,3,2,1,0,0,1,1,0,0,0
8989,1973,10,10,5,0,0,1,0,0,0,0
8989,1974,10,8,2,0,0,1,1,0,1,1
8989,1975,4,4,0,0,0,0,0,0,0,0
8996,1981,1,1,0,0,0,0,0,0,0,0
8996,1982,1,1,0,0,0,0,0,0,0,0
8996,1983,1,1,0,0,0,0,0,0,0,0
9014,1960,1,1,1,0,0,0,0,0,0,0
9014,1961,6,5,1,0,0,0,0,0,2,1
9014,1962,15,13,3,1,0,0,0,2,2,0
9014,1963,4,3,1,0,0,0,0,1,0,0
9014,1964,3,3,1,0,0,0,0,0,0,0
9016,1961,1,1,1,1,0,0,0,0,0,0
9017,1963,5,5,1,0,0,1,0,0,0,0
9017,1964,6,6,4,1,0,0,0,0,0,0
9025,1976,3,3,1,0,0,0,0,0,0,0
9025,1977,1,1,1,0,0,0,0,0,0,0
9033,1967,2,2,0,0,0,0,0,0,1,0
9033,1968,3,2,1,0,0,1,1,0,0,0
9052,1975,3,3,0,0,0,0,0,0,1,0
9053,1960,1,0,0,0,0,0,1,0,0,0
9053,1961,5,4,1,0,0,0,0,0,0,0
9053,1962,10,10,5,0,0,0,0,0,0,0
9053,1964,10,10,4,1,0,0,0,0,1,0
9053,1965,11,11,4,0,0,1,0,0,2,0
9053,1966,5,4,0,0,0,0,0,0,0,1
9054,1967,1,1,0,0,0,0,0,0,1,0
9056,1961,13,8,1,0,0,1,3,1,1,0
9072,1969,12,12,3,0,1,0,0,0,1,0
9072,1970,6,5,2,0,0,0,1,0,1,0
9072,1971,11,10,5,0,0,0,1,0,0,0
9072,1972,9,9,0,0,0,0,0,0,1,0
9072,1973,7,5,3,1,0,1,1,1,0,0
9072,1974,4,4,3,1,0,0,0,0,1,0
9072,1975,7,5,2,0,0,0,1,1,0,0
9074,1970,10,10,2,1,1,0,0,0,1,0
9074,1973,4,4,0,0,0,0,0,0,0,0
9074,1974,4,4,1,0,0,0,0,0,1,0
9086,1960,1,1,1,0,0,0,0,0,0,0
9089,1974,1,1,1,0,0,0,0,0,0,0
9090,1981,3,3,1,0,0,0,0,0,0,0
9093,1961,3,3,0,0,0,0,0,0,3,0
9093,1968,1,1,0,0,0,0,0,0,0,0
9106,1977,2,2,0,0,0,0,0,0,0,0
9112,1978,6,6,1,0,0,0,0,0,0,0
9112,1981,1,1,0,0,0,0,0,0,0,0
9115,1975,6,6,0,0,0,0,0,0,0,0
9150,1979,6,5,1,0,0,1,0,0,1,0
9155,1961,17,14,3,0,0,1,3,0,5,0
9155,1962,1,1,0,0,0,0,0,0,1,0
9171,1962,7,7,2,0,0,1,0,0,4,0
9171,1963,1,0,0,0,0,0,1,0,0,0
9171,1964,5,5,0,0,0,0,0,0,2,0
9171,1965,13,12,5,0,0,0,0,1,2,0
9171,1966,15,12,0,0,0,0,2,0,3,0
9171,1967,6,6,1,0,0,1,0,0,4,0
9171,1968,5,5,1,0,0,0,0,0,1,0
9171,1969,11,9,4,0,0,0,2,0,1,0
9171,1970,8,8,1,0,0,0,0,0,2,0
9175,1979,2,2,0,0,0,0,0,0,0,0
9183,1960,2,2,1,0,0,0,0,0,0,0
9183,1961,1,1,0,0,0,0,0,0,0,0
9183,1965,1,1,0,0,0,0,0,0,0,0
9194,1961,1,1,0,0,0,0,0,0,1,0
9199,1980,3,3,0,0,0,0,0,0,0,0
9200,1967,9,9,0,0,0,0,0,0,0,0
9200,1968,3,3,0,0,0,0,0,0,0,0
9200,1969,6,6,2,1,0,1,0,0,1,0
9200,1970,3,2,0,0,0,0,1,0,0,0
9201,1968,1,1,0,0,0,0,0,0,1,0
9222,1979,1,1,1,1,0,0,0,0,0,0
9223,1979,2,2,0,0,0,0,0,0,0,0
9223,1980,1,1,1,1,0,0,0,0,0,0
9230,1977,3,3,1,0,0,0,0,0,0,0
9230,1980,7,7,2,1,0,0,0,0,0,0
9230,1981,4,4,2,1,0,0,0,0,0,0
9230,1982,1,1,1,0,0,0,0,0,0,0
9230,1983,1,1,0,0,0,0,0,0,0,0
9234,1980,5,4,2,1,0,0,1,0,0,0
9234,1981,2,2,0,0,0,0,0,0,0,0
9234,1983,1,1,1,0,0,0,0,0,0,0
9247,1979,1,1,1,0,0,0,0,0,0,0
9249,1979,3,3,2,0,0,0,0,0,0,0
9249,1980,1,1,0,0,0,0,0,0,0,0
9291,1978,4,4,1,0,0,0,0,0,1,0
9292,1976,10,10,3,0,1,0,0,0,1,0
9292,1977,4,3,0,0,0,0,1,0,0,0
9301,1973,4,3,0,0,0,0,0,0,0,0
9306,1981,2,1,1,0,0,0,0,0,0,1
9306,1982,4,4,0,0,0,0,0,0,0,0
9306,1983,1,1,0,0,0,0,0,0,0,0
9337,1983,1,1,0,0,0,0,0,0,0,0
9344,1974,3,2,0,0,0,0,1,0,1,0
9344,1975,2,2,0,0,0,0,0,0,0,0
9345,1981,1,1,0,0,0,0,0,0,0,0
9345,1982,1,0,0,0,0,0,1,0,0,0
9345,1983,1,1,1,0,0,0,0,0,0,0
9365,1962,1,1,0,0,0,0,0,0,0,0
9365,1963,1,1,0,0,0,0,0,0,0,0
9365,1964,1,1,0,0,0,0,0,0,1,0
9365,1966,2,2,0,0,0,0,0,0,1,0
9366,1978,1,1,0,0,0,0,0,0,0,0
9375,1979,2,2,0,0,0,0,0,0,1,0
9378,1971,2,2,0,0,0,0,0,0,0,0
9378,1972,7,7,1,1,0,0,0,0,1,0
9378,1973,1,1,1,1,0,0,0,0,0,0
9378,1974,11,11,1,0,0,0,0,0,0,0
9378,1975,15,11,4,0,0,0,2,0,1,1
9378,1977,11,10,2,1,0,0,1,0,2,0
9378,1978,3,3,2,0,0,0,0,0,0,0
9378,1980,6,6,1,0,0,0,0,0,0,0
9382,1969,1,1,0,0,0,0,0,0,0,0
9404,1977,1,1,0,0,0,0,0,0,0,0
9404,1979,1,1,0,0,0,0,0,0,0,0
9415,1981,3,3,0,0,0,0,0,0,0,0
9415,1982,8,7,2,0,1,0,1,0,0,0
9415,1983,4,4,1,0,0,0,0,0,1,0
9432,1983,1,1,0,0,0,0,0,0,0,0
9463,1962,1,0,0,0,0,0,1,0,0,0
9474,1962,4,4,0,0,0,0,0,0,2,0
9474,1964,4,3,2,0,0,0,1,0,1,0
9478,1965,1,1,0,0,0,0,0,0,1,0
9478,1966,3,3,1,0,0,0,0,0,1,0
9478,1967,7,6,2,1,0,0,0,1,1,0
9478,1968,6,6,1,0,0,1,0,0,1,0
9478,1969,14,12,4,1,0,0,2,0,0,0
9478,1970,10,9,3,1,0,0,1,0,1,0
9478,1971,19,16,4,2,0,0,2,1,3,0
9478,1972,3,3,0,0,0,0,0,0,0,0
9478,1973,12,12,3,0,0,0,0,0,0,0
9491,1976,13,12,4,2,0,0,1,0,0,0
9491,1977,9,9,0,0,0,0,0,0,0,0
9491,1978,6,6,0,0,0,0,0,0,1,0
9491,1981,2,1,0,0,0,0,0,0,1,0
9498,1975,15,15,4,0,1,0,0,0,3,0
9498,1979,2,2,1,0,0,0,0,0,0,0
9511,1965,3,2,0,0,0,0,1,0,0,0
9511,1968,3,2,0,0,0,0,1,0,1,0
9511,1969,2,2,0,0,0,0,0,0,1,0
9511,1970,1,1,0,0,0,0,0,0,1,0
9512,1960,2,1,0,0,0,0,1,0,0,0
9512,1961,1,1,1,0,0,0,0,0,0,0
9515,1969,10,9,2,0,0,0,1,0,2,0
9515,1970,8,8,2,1,0,1,0,0,0,0
9515,1971,11,10,4,0,0,1,0,0,1,0
9515,1972,8,7,0,0,0,0,1,0,0,0
9515,1973,7,6,4,1,1,0,1,0,0,0
9515,1976,9,9,1,1,0,0,0,0,1,0
9515,1977,4,3,2,0,0,0,1,0,0,0
9516,1961,3,2,1,0,0,0,1,0,0,0
9516,1964,3,3,1,0,0,0,0,0,0,0
9517,1980,1,1,0,0,0,0,0,0,0,0
9518,1976,1,1,0,0,0,0,0,0,1,0
9518,1978,2,2,0,0,0,0,0,0,1,0
9519,1976,6,6,2,0,0,0,0,0,0,0
9519,1980,1,1,0,0,0,0,0,0,0,0
9544,1981,2,2,0,0,0,0,0,0,0,0
9545,1978,1,1,0,0,0,0,0,0,0,0
9556,1964,4,4,1,0,0,0,0,0,1,0
9556,1965,6,4,0,0,0,0,1,0,1,0
9556,1969,4,4,1,0,0,0,0,0,1,0
9556,1970,4,4,2,0,0,0,0,0,0,0
9556,1971,5,5,1,0,0,0,0,0,1,0
9556,1972,4,4,1,1,0,0,0,0,0,0
9561,1982,1,1,1,0,0,1,0,0,0,0
9569,1961,2,2,0,0,0,0,0,0,1,0
9570,1974,6,5,2,0,0,0,0,0,0,1
9570,1975,12,11,1,0,0,0,1,0,2,0
9570,1979,3,2,1,0,0,0,1,0,0,0
9574,1960,9,8,0,0,0,0,1,0,1,0
9574,1961,7,6,2,0,0,0,1,0,1,0
9574,1962,15,10,4,0,0,1,3,0,0,0
9574,1963,6,5,2,1,0,0,0,0,0,0
9574,1964,3,3,0,0,0,0,0,0,0,0
9574,1965,19,18,4,0,0,0,0,0,1,0
9574,1966,12,12,2,0,0,1,0,0,1,0
9580,1977,6,5,3,0,1,1,0,1,0,0
9580,1978,7,7,4,1,1,0,0,0,0,0
9580,1979,1,1,0,0,0,0,0,0,0,0
9580,1980,7,5,2,0,0,0,1,0,0,0
9580,1981,2,2,0,0,0,0,0,0,0,0
9580,1982,3,3,1,0,0,0,0,0,0,0
9585,1976,2,2,1,0,0,0,0,0,1,0
9588,1971,11,11,5,0,0,0,0,0,2,0
9588,1976,2,2,1,0,0,0,0,0,0,0
9590,1965,3,3,0,0,0,0,0,0,2,0
9590,1966,5,3,0,0,0,0,0,0,2,0
9602,1963,2,2,0,0,0,0,0,0,1,0
9602,1965,1,1,0,0,0,0,0,0,0,0
9628,1969,5,5,2,0,0,0,0,0,0,0
9648,1976,7,6,1,0,0,0,1,0,0,0
9648,1979,2,2,1,0,0,0,0,0,0,0
9658,1971,8,8,2,0,1,0,0,0,1,0
9658,1974,12,12,4,0,0,0,0,0,1,0
9658,1975,18,17,9,0,0,0,1,0,1,0
9658,1980,1,1,1,0,0,0,0,0,0,0
9676,1961,6,6,2,0,0,0,0,0,0,0
9676,1962,1,1,0,0,0,0,0,0,0,0
9676,1964,4,4,0,0,0,0,0,0,0,0
9684,1976,3,3,0,0,0,0,0,0,0,0
9692,1978,3,3,0,0,0,0,0,0,0,0
9693,1978,2,2,0,0,0,0,0,0,1,0
9693,1981,1,0,0,0,0,0,0,0,0,1
9704,1975,11,11,2,0,1,0,0,0,2,0
9704,1976,5,4,0,0,0,0,1,0,2,0
9704,1979,2,2,0,0,0,0,0,0,0,0
9712,1962,4,4,2,0,0,0,0,0,1,0
9712,1963,1,1,0,0,0,0,0,0,0,0
9712,1964,3,2,0,0,0,0,0,0,0,0
9712,1965,4,4,1,0,0,0,0,0,1,0
9718,1967,9,9,2,0,0,0,0,0,1,0
9718,1968,3,3,1,0,0,0,0,0,0,0
9718,1969,9,9,1,0,0,0,0,0,1,0
9718,1976,14,14,5,1,0,1,0,0,0,0
9718,1977,7,6,3,0,0,0,1,0,0,0
9718,1978,7,6,3,1,0,0,0,1,0,0
9718,1980,12,12,2,0,0,0,0,0,2,0
9718,1981,3,2,0,0,0,0,1,0,0,0
9720,1960,2,2,1,0,0,0,0,0,0,0
9720,1961,12,12,5,1,0,0,0,0,0,0
9720,1962,11,10,7,1,1,0,0,0,1,1
9720,1963,4,4,1,0,0,0,0,0,0,0
9720,1964,12,12,4,2,0,1,0,0,0,0
9720,1965,16,15,6,0,0,1,1,0,1,0
9720,1966,13,11,2,0,0,0,2,0,3,0
9720,1967,9,9,4,0,0,1,0,0,2,0
9720,1968,10,10,4,1,1,0,0,0,1,0
9720,1969,11,11,0,0,0,0,0,0,0,0
9720,1970,9,9,2,1,0,0,0,0,0,0
9720,1971,12,11,2,0,0,0,1,0,0,0
9720,1972,7,5,3,0,0,0,2,0,0,0
9720,1973,5,5,1,0,0,0,0,0,1,0
9720,1974,9,8,2,0,0,0,1,0,1,0
9720,1975,11,8,2,0,0,0,1,1,1,1
9725,1978,4,4,0,0,0,0,0,0,3,0
9725,1980,2,2,2,0,0,0,0,0,0,0
9725,1982,1,1,0,0,0,0,0,0,1,0
9730,1961,4,3,1,1,0,0,1,0,1,0
9730,1962,1,1,0,0,0,0,0,0,0,0
9730,1964,7,7,2,0,0,0,0,0,3,0
9731,1961,8,7,4,0,0,0,0,0,2,0
9731,1962,12,11,3,1,0,0,1,0,1,0
9731,1963,12,9,2,0,0,0,2,0,0,0
9731,1964,16,15,4,0,0,0,0,0,1,0
9731,1965,10,9,1,0,0,0,0,0,1,1
9731,1966,13,12,3,0,0,1,1,0,0,0
9732,1966,13,12,2,0,0,1,0,0,2,1
9732,1967,10,10,3,0,0,1,0,0,4,0
9732,1968,10,10,2,1,0,0,0,0,2,0
9732,1969,9,8,1,0,0,0,1,0,2,0
9732,1970,11,10,3,0,0,0,1,0,1,0
9732,1971,12,11,3,1,0,0,1,0,2,0
9732,1973,15,13,7,2,0,1,2,0,4,0
9732,1974,11,10,4,2,0,1,1,0,2,0
9732,1975,15,13,2,0,0,1,2,0,2,0
9748,1974,4,4,0,0,0,0,0,0,1,0
9748,1975,3,2,1,0,0,0,0,0,0,1
9754,1977,4,4,1,1,0,0,0,0,0,0
9754,1978,3,3,0,0,0,0,0,0,1,0
9760,1962,19,18,4,0,0,0,1,0,3,0
9760,1963,2,2,1,0,0,1,0,0,0,0
9760,1964,15,14,1,0,0,0,0,0,2,0
9760,1965,6,6,0,0,0,0,0,0,0,0
9760,1966,12,12,4,1,0,0,0,0,0,0
9760,1967,6,5,1,0,0,0,1,0,2,0
9760,1968,3,3,1,0,0,0,0,0,0,0
9765,1967,4,4,1,0,0,0,0,0,0,0
9765,1969,14,12,3,0,0,0,1,0,2,1
9765,1970,10,9,2,1,0,0,1,0,2,0
9765,1971,7,7,4,0,0,1,0,0,1,0
9765,1972,2,2,2,1,0,0,0,0,0,0
9765,1973,6,6,3,1,0,1,0,0,1,0
9765,1974,5,5,0,0,0,0,0,0,1,0
9765,1975,9,9,1,0,0,0,0,0,0,0
9765,1979,3,3,1,0,0,0,0,0,0,0
9765,1980,4,4,1,0,0,0,0,0,0,0
9777,1969,2,2,0,0,0,0,0,0,1,0
9777,1970,7,5,1,0,0,0,2,0,1,0
9777,1971,11,9,1,0,0,0,0,1,0,0
9777,1972,3,3,1,0,0,0,0,0,0,0
9777,1973,3,3,2,0,0,0,0,0,0,0
9777,1974,13,13,3,2,0,0,0,0,4,0
9777,1975,3,2,1,1,0,0,0,0,0,0
9829,1976,3,3,1,0,0,0,0,0,1,0
9847,1969,1,1,0,0,0,0,0,0,0,0
9855,1970,4,4,0,0,0,0,0,0,1,0
9855,1971,4,4,3,0,0,0,0,0,1,0
9855,1972,7,7,2,0,0,0,0,0,0,0
9855,1973,7,7,2,0,0,0,0,0,0,0
9855,1974,16,16,4,1,0,0,0,0,0,0
9855,1975,6,6,3,1,0,0,0,0,1,0
9877,1960,1,0,0,0,0,0,1,0,0,0
9877,1961,5,5,0,0,0,0,0,0,1,0
9877,1962,14,11,2,0,0,0,2,1,0,0
9877,1963,11,11,1,0,0,0,0,0,0,0
9877,1964,7,7,3,1,0,0,0,0,0,0
9877,1965,20,16,5,1,0,2,4,0,5,0
9877,1966,15,14,6,2,0,1,1,0,1,0
9901,1982,1,1,0,0,0,0,0,0,0,0
9913,1966,5,5,0,0,0,0,0,0,1,0
9913,1967,12,9,2,0,0,0,1,1,2,1
9913,1969,4,3,0,0,0,0,0,1,1,0
9913,1970,5,4,0,0,0,0,1,0,0,0
9913,1971,1,1,0,0,0,0,0,0,1,0
9913,1973,3,3,2,0,1,0,0,0,0,0
9913,1974,3,3,0,0,0,0,0,0,1,0
9913,1975,9,7,3,0,0,0,2,0,1,0
9915,1969,2,2,2,0,0,2,0,0,0,0
9915,1970,1,1,0,0,0,0,0,0,1,0
9915,1972,1,1,0,0,0,0,0,0,0,0
9915,1977,3,3,1,0,0,0,0,0,0,0
9934,1977,2,2,0,0,0,0,0,0,0,0
9945,1961,2,1,0,0,0,0,0,0,0,0
9945,1962,3,3,0,0,0,0,0,0,1,0
9946,1976,3,3,0,0,0,0,0,0,0,0
9946,1979,1,1,1,0,0,0,0,0,0,0
9951,1976,12,12,4,1,0,0,0,0,1,0
9951,1977,10,9,5,0,1,0,1,0,0,0
9951,1978,9,8,3,1,0,0,0,0,0,1
9951,1980,5,3,0,0,0,0,1,0,0,1
9951,1981,2,2,0,0,0,0,0,0,0,0
9951,1982,2,2,1,0,1,0,0,0,0,0
9987,1976,3,3,0,0,0,0,0,0,2,0
9987,1977,3,3,0,0,0,0,0,0,1,0
9987,1978,5,5,3,2,0,0,0,0,0,0
9998,1968,1,1,0,0,0,0,0,0,0,0
9998,1969,2,2,1,0,0,0,0,0,1,0
9998,1970,10,10,6,2,0,0,0,0,1,0
9998,1971,9,8,3,0,0,0,1,0,1,0
9998,1973,8,7,1,0,0,0,0,1,0,0
9998,1974,7,5,1,0,0,0,2,0,1,0
9998,1975,18,17,7,0,0,0,1,0,4,0
9998,1979,1,0,0,0,0,0,1,0,0,0
9999,1962,2,1,0,0,0,0,0,1,1,0
10000,1976,2,2,0,0,0,0,0,0,0,0
10012,1970,1,1,0,0,0,0,0,0,1,0
10022,1960,3,2,1,1,0,0,1,0,0,0
10022,1961,5,5,0,0,0,0,0,0,1,0
10022,1962,11,10,2,1,0,0,1,0,0,0
10037,1976,5,4,0,0,0,0,1,0,0,0
10037,1977,7,6,1,0,1,0,0,0,1,0
10037,1978,6,6,2,0,0,0,0,0,0,0
10037,1979,2,1,0,0,0,0,1,0,0,0
10037,1980,2,2,1,0,0,0,0,0,0,0
10037,1981,2,2,1,0,0,0,0,0,0,0
10044,1978,2,2,0,0,0,0,0,0,1,0
10058,1966,9,9,2,2,0,0,0,0,1,0
10058,1967,2,2,1,0,0,0,0,0,1,0
10059,1982,1,1,0,0,0,0,0,0,0,0
10077,1976,2,2,0,0,0,0,0,0,1,0
10077,1978,1,1,0,0,0,0,0,0,0,0
10086,1960,2,1,0,0,0,0,1,0,0,0
10086,1961,4,4,0,0,0,0,0,0,0,0
10086,1962,4,4,0,0,0,0,0,0,2,0
10086,1963,7,6,3,0,0,0,1,0,0,0
10106,1981,3,2,0,0,0,0,1,0,0,0
10106,1982,2,1,0,0,0,0,1,0,1,0
10106,1983,1,1,1,0,0,0,0,0,0,0
10114,1964,10,10,1,1,0,0,0,0,2,0
10114,1965,4,4,0,0,0,0,0,0,0,0
10114,1966,20,20,6,0,0,0,0,0,0,0
10114,1967,11,10,2,0,1,0,0,0,2,0
10114,1968,3,3,1,0,0,0,0,0,1,0
10114,1970,1,1,0,0,0,0,0,0,0,0
10123,1979,1,1,0,0,0,0,0,0,0,0
10123,1980,1,1,0,0,0,0,0,0,0,0
10179,1970,1,1,0,0,0,0,0,0,0,0
10184,1982,4,4,2,0,0,0,0,0,1,0
10184,1983,3,3,0,0,0,0,0,0,0,0
10187,1980,2,1,0,0,0,0,0,0,1,0
10191,1966,1,0,0,0,0,0,1,0,0,0
10193,1976,10,10,1,0,0,0,0,0,0,0
10193,1978,6,6,2,0,0,0,0,0,0,0
10193,1980,2,2,0,0,0,0,0,0,0,0
10218,1964,2,2,0,0,0,0,0,0,0,0
10218,1966,3,3,0,0,0,0,0,0,0,0
10218,1967,1,1,0,0,0,0,0,0,1,0
10218,1968,3,3,2,0,0,0,0,0,0,0
10235,1978,1,1,0,0,0,0,0,0,0,0
10235,1982,1,1,1,0,0,0,0,0,0,0
10235,1983,1,0,0,0,0,0,0,0,0,0
10241,1964,4,3,0,0,0,0,1,0,0,0
10241,1965,1,1,0,0,0,0,0,0,1,0
10241,1966,3,3,1,0,0,0,0,0,1,0
10241,1968,3,3,2,0,0,0,0,0,0,0
10241,1970,3,2,0,0,0,0,0,1,2,0
10255,1970,5,5,1,0,0,0,0,0,2,0
10256,1962,3,3,2,1,0,0,0,0,0,0
10256,1963,2,1,0,0,0,0,1,0,1,0
10256,1966,9,9,1,0,0,0,0,0,1,0
10256,1967,1,1,0,0,0,0,0,0,1,0
10261,1982,1,1,0,0,0,0,0,0,0,0
10262,1981,1,1,1,0,0,0,0,0,0,0
10262,1982,3,3,1,0,0,0,0,0,0,0
10262,1983,1,1,0,0,0,0,0,0,0,0
10273,1982,1,1,0,0,0,0,0,0,1,0
10278,1962,3,3,1,0,0,0,0,0,0,0
10279,1965,1,1,0,0,0,0,0,0,0,0
10284,1965,9,7,3,1,0,0,2,0,0,0
10284,1966,6,5,0,0,0,0,1,0,0,0
10284,1967,3,3,1,1,0,0,0,0,1,0
10284,1968,6,5,1,1,0,0,1,0,0,0
10284,1969,3,3,1,0,0,0,0,0,0,0
10284,1970,4,4,2,0,0,1,0,0,0,0
10284,1971,11,7,2,0,0,0,4,0,0,0
10284,1972,4,4,1,1,0,0,0,0,0,0
10284,1973,1,1,1,0,0,0,0,0,0,0
10284,1974,4,2,0,0,0,0,1,0,0,1
10290,1968,2,2,2,2,0,0,0,0,0,0
10290,1969,5,5,1,0,0,0,0,0,0,0
10290,1971,4,4,0,0,0,0,0,0,1,0
10290,1972,8,7,2,0,0,0,1,0,0,0
10290,1973,8,7,0,0,0,0,1,0,0,0
10290,1974,1,1,1,0,0,0,0,0,0,0
10295,1961,11,9,2,0,0,0,2,0,1,0
10295,1962,9,9,5,1,0,1,0,0,1,0
10295,1963,12,10,2,1,0,0,2,0,1,0
10295,1964,9,9,2,1,0,0,0,0,2,0
10295,1965,8,8,3,0,0,0,0,0,0,0
10307,1962,11,10,1,0,0,1,0,1,2,0
10307,1965,4,4,2,0,0,0,0,0,0,0
10316,1980,1,1,0,0,0,0,0,0,0,0
10316,1981,1,1,0,0,0,0,0,0,0,0
10316,1982,1,1,0,0,0,0,0,0,0,0
10325,1969,4,4,1,1,0,0,0,0,0,0
10363,1961,2,2,1,0,0,0,0,0,0,0
10371,1981,2,2,1,0,0,0,0,0,0,0
10380,1966,21,19,4,0,0,0,1,1,7,0
10380,1967,10,10,6,1,0,0,0,0,1,0
10380,1968,15,14,1,0,0,1,1,0,5,0
10380,1969,6,5,2,0,0,1,1,0,0,0
10380,1970,5,3,1,0,0,0,2,0,0,0
10380,1971,7,6,1,0,0,0,1,0,1,0
10380,1972,4,4,0,0,0,0,0,0,0,0
10380,1973,3,2,1,0,0,1,1,0,1,0
10380,1974,13,13,3,0,0,0,0,0,0,0
10380,1975,6,5,1,1,0,0,1,0,0,0
10386,1978,5,5,0,0,0,0,0,0,1,0
10386,1980,3,3,1,1,0,0,0,0,0,0
10386,1981,3,3,1,0,0,0,0,0,0,0
10387,1977,11,10,2,1,0,0,0,1,1,0
10387,1978,7,7,2,0,0,0,0,0,0,0
10387,1982,1,1,1,0,0,0,0,0,0,0
10387,1983,2,2,1,0,0,0,0,0,1,0
10414,1983,2,2,0,0,0,0,0,0,1,0
10417,1969,1,1,0,0,0,0,0,0,1,0
10429,1964,6,4,2,0,0,0,0,0,2,0
10429,1965,1,1,0,0,0,0,0,0,0,0
10476,1970,8,8,2,1,0,0,0,0,0,0
10476,1971,1,1,1,0,0,0,0,0,0,0
10496,1975,4,4,1,1,0,0,0,0,0,0
10497,1973,3,3,0,0,0,0,0,0,0,0
10497,1974,6,5,2,0,0,0,1,0,1,0
10504,1961,2,2,0,0,0,0,0,0,0,0
10527,1971,1,0,0,0,0,0,0,0,0,0
10528,1962,2,2,0,0,0,0,0,0,2,0
10528,1965,1,1,0,0,0,0,0,0,1,0
10528,1966,2,2,0,0,0,0,0,0,1,0
10560,1980,1,1,0,0,0,0,0,0,1,0
10564,1964,8,8,2,1,0,0,0,0,1,0
10568,1966,1,1,0,0,0,0,0,0,0,0
10573,1983,1,1,0,0,0,0,0,0,0,0
10584,1960,1,1,0,0,0,0,0,0,0,0
10584,1961,15,15,5,1,1,0,0,0,4,0
10584,1962,7,6,2,0,0,0,1,0,2,0
10584,1964,10,10,1,0,0,0,0,0,3,0
10584,1965,2,2,2,0,0,0,0,0,0,0
10584,1966,2,2,0,0,0,0,0,0,0,0
10586,1965,1,1,0,0,0,0,0,0,0,0
10586,1970,3,2,0,0,0,0,0,0,0,0
10586,1971,4,4,0,0,0,0,0,0,1,0
10592,1960,3,2,2,0,0,1,0,1,0,0
10592,1961,11,10,2,1,0,0,1,0,1,0
10592,1964,4,4,1,0,0,0,0,0,0,0
10608,1976,7,4,1,1,0,0,3,0,0,0
10608,1977,10,9,2,0,0,0,1,0,1,0
10608,1978,3,2,0,0,0,0,1,0,0,0
10621,1967,2,2,0,0,0,0,0,0,0,0
10621,1969,1,1,0,0,0,0,0,0,1,0
10631,1975,14,14,5,2,0,1,0,0,0,0
10631,1979,1,1,1,0,0,0,0,0,0,0
10640,1983,1,0,0,0,0,0,0,0,0,0
10660,1960,10,8,3,1,0,1,2,0,0,0
10660,1961,5,5,0,0,0,0,0,0,0,0
10660,1962,12,11,4,1,0,0,1,0,1,0
10660,1964,17,14,3,0,0,0,2,1,1,0
10660,1965,20,18,2,0,0,0,2,0,4,0
10660,1966,16,15,1,0,0,0,1,0,2,0
10660,1967,1,1,0,0,0,0,0,0,1,0
10686,1975,12,10,4,0,0,0,1,0,2,0
10686,1979,3,3,1,0,0,0,0,0,0,0
10691,1960,3,3,1,0,0,0,0,0,1,0
10691,1961,11,10,3,0,0,0,0,0,0,1
10691,1962,17,17,5,1,0,1,0,0,1,0
10691,1963,4,4,0,0,0,0,0,0,1,0
10691,1964,3,2,1,0,0,0,0,1,1,0
10698,1979,1,1,0,0,0,0,0,0,0,0
10701,1970,1,1,0,0,0,0,0,0,0,0
10714,1962,12,12,2,0,0,0,0,0,3,0
10714,1967,10,10,2,0,0,0,0,0,3,0
10725,1969,1,1,0,0,0,0,0,0,0,0
10729,1965,2,2,0,0,0,0,0,0,1,0
10729,1966,17,17,3,1,0,0,0,0,2,0
10746,1982,2,2,0,0,0,0,0,0,0,0
10747,1980,4,4,1,0,0,0,0,0,0,0
10747,1981,2,1,0,0,0,0,1,0,0,0
10757,1962,3,1,0,0,0,0,1,1,0,0
10758,1978,6,5,2,0,0,0,1,0,0,0
10758,1979,2,2,1,0,1,0,0,0,1,0
10758,1980,5,5,3,0,0,0,0,0,0,0
10758,1981,5,4,1,0,0,0,0,0,0,0
10767,1967,9,8,3,1,0,0,1,0,3,0
10767,1968,17,15,3,0,1,0,1,0,4,0
10767,1969,6,6,3,0,0,0,0,0,0,0
10767,1970,6,6,4,2,0,0,0,0,1,0
10767,1971,8,8,5,2,0,0,0,0,1,0
10767,1973,7,7,3,0,0,1,0,0,1,0
10767,1976,6,6,1,0,0,1,0,0,0,0
10767,1977,4,4,2,1,0,0,0,0,0,0
10767,1978,6,6,1,0,0,1,0,0,1,0
10767,1980,5,4,1,0,0,0,1,0,1,0
10767,1982,2,2,2,0,0,0,0,0,0,0
10778,1964,4,4,1,0,0,0,0,0,1,0
10813,1960,1,1,0,0,0,0,0,0,0,0
10813,1962,1,1,0,0,0,0,0,0,0,0
10813,1963,1,1,1,0,0,0,0,0,0,0
10813,1965,3,2,2,0,0,0,1,0,0,0
10813,1967,4,4,0,0,0,0,0,0,1,0
10813,1968,1,0,0,0,0,0,1,0,0,0
10813,1970,2,2,0,0,0,0,0,0,0,0
10817,1973,4,4,2,1,0,0,0,0,0,0
10817,1974,12,12,4,2,0,0,0,0,2,0
10817,1975,6,5,3,0,0,1,1,0,0,0
10817,1979,2,2,2,0,0,0,0,0,0,0
10830,1974,5,4,1,1,0,0,1,0,2,0
10836,1980,2,2,1,0,0,0,0,0,1,0
10836,1981,2,2,1,0,0,0,0,0,0,0
10853,1980,1,1,0,0,0,0,0,0,1,0
10866,1982,2,2,1,1,0,0,0,0,0,0
10875,1964,1,1,0,0,0,0,0,0,1,0
10880,1967,4,2,0,0,0,0,0,0,1,0
10888,1976,11,11,1,0,0,0,0,0,2,0
10888,1977,7,6,3,0,0,0,1,0,0,0
10888,1978,4,3,1,0,0,0,0,0,0,1
10888,1980,4,3,1,0,0,0,1,0,1,0
10888,1981,1,1,0,0,0,0,0,0,0,0
10888,1982,2,2,1,1,0,0,0,0,0,0
10893,1970,4,4,0,0,0,0,0,0,1,0
10897,1969,2,2,0,0,0,0,0,0,0,0
10897,1970,8,7,2,0,0,1,1,0,1,0
10897,1971,7,7,1,0,0,0,0,0,1,0
10897,1973,2,1,0,0,0,0,1,0,0,0
10903,1977,7,6,1,0,0,0,0,0,1,1
10908,1973,7,5,2,0,0,1,2,0,1,0
10908,1974,12,11,3,0,0,1,1,0,1,0
10908,1975,14,14,3,1,0,1,0,0,3,0
10908,1980,1,1,1,1,0,0,0,0,0,0
10910,1983,1,1,0,0,0,0,0,0,0,0
10915,1971,1,1,0,0,0,0,0,0,0,0
10923,1970,1,1,0,0,0,0,0,0,0,0
10929,1981,1,1,0,0,0,0,0,0,0,0
10934,1979,3,3,1,0,0,0,0,0,0,0
10934,1980,1,1,0,0,0,0,0,0,0,0
10937,1961,3,3,2,1,0,0,0,0,1,0
10942,1976,5,5,0,0,0,0,0,0,1,0
10942,1977,2,2,0,0,0,0,0,0,0,0
10945,1961,1,1,0,0,0,0,0,0,0,0
10954,1976,4,4,0,0,0,0,0,0,0,0
10954,1977,2,2,0,0,0,0,0,0,0,0
10955,1969,2,1,0,0,0,0,1,0,1,0
10955,1971,4,4,1,0,0,0,0,0,1,0
10955,1974,2,2,0,0,0,0,0,0,0,0
10955,1975,10,9,2,0,0,0,0,1,1,0
10959,1964,1,1,0,0,0,0,0,0,1,0
10959,1966,3,3,0,0,0,0,0,0,1,0
10960,1972,3,3,0,0,0,0,0,0,0,0
10960,1973,8,7,0,0,0,0,1,0,1,0
10960,1974,18,17,3,1,0,0,1,0,5,0
10960,1975,18,14,1,0,0,0,2,0,2,1
10965,1966,7,6,0,0,0,0,0,0,1,0
10965,1967,13,13,3,2,0,0,0,0,1,0
10965,1968,13,12,4,0,1,0,1,0,0,0
10965,1969,9,8,1,0,0,0,1,0,2,0
10965,1970,7,6,2,0,0,1,1,0,0,0
10965,1971,7,7,6,0,0,0,0,0,0,0
10965,1972,1,1,0,0,0,0,0,0,0,0
10965,1973,8,8,1,0,0,1,0,0,0,0
10965,1974,7,5,1,0,0,0,1,0,0,1
10965,1975,7,6,1,0,0,0,1,0,2,0
10976,1976,16,15,8,2,0,1,1,0,4,0
10976,1977,1,1,0,0,0,0,0,0,0,0
10976,1978,1,1,1,0,0,0,0,0,0,0
10976,1981,1,1,0,0,0,0,0,0,0,0
10976,1982,3,2,1,1,0,0,1,0,0,0
10983,1980,1,0,0,0,0,0,1,0,0,0
10983,1981,1,1,1,0,0,0,0,0,0,0
10987,1977,2,2,0,0,0,0,0,0,0,0
10987,1978,4,4,1,0,0,0,0,0,1,0
10987,1980,6,3,1,1,0,0,2,0,0,0
10987,1981,1,1,0,0,0,0,0,0,0,0
10998,1979,1,1,0,0,0,0,0,0,0,0
11007,1962,3,2,0,0,0,0,0,0,1,0
11009,1976,19,19,5,0,1,0,0,0,0,0
11009,1977,6,6,4,0,0,0,0,0,0,0
11009,1978,4,4,1,0,0,0,0,0,0,0
11009,1980,1,1,0,0,0,0,0,0,0,0
11009,1981,1,1,0,0,0,0,0,0,0,0
11013,1961,3,2,0,0,0,0,0,1,1,0
11013,1964,1,0,0,0,0,0,0,0,0,0
11016,1973,3,3,1,0,0,0,0,0,0,0
11017,1966,2,2,1,0,0,0,0,0,0,0
11043,1967,1,1,0,0,0,0,0,0,1,0
11058,1975,1,1,0,0,0,0,0,0,0,0
11089,1967,2,2,1,0,0,0,0,0,1,0
11089,1970,2,1,1,0,0,0,1,0,0,0
11100,1983,4,4,1,1,0,0,0,0,1,0
11104,1980,1,1,0,0,0,0,0,0,0,0
11113,1960,1,1,1,0,0,0,0,0,0,0
11121,1977,1,1,1,0,0,0,0,0,0,0
11122,1968,6,5,1,0,0,0,1,0,3,0
11122,1969,4,3,1,0,1,0,1,0,1,0
11122,1970,5,5,1,1,0,0,0,0,1,0
11131,1963,12,11,2,0,0,1,1,0,2,0
11131,1964,14,10,4,0,0,0,2,0,2,2
11131,1969,3,3,0,0,0,0,0,0,1,0
11150,1966,4,3,0,0,0,0,1,0,2,0
11150,1967,2,1,0,0,0,0,1,0,1,0
11150,1968,1,1,0,0,0,0,0,0,1,0
11150,1969,6,5,1,0,0,0,0,0,0,0
11150,1972,1,0,0,0,0,0,0,0,0,1
11150,1973,14,14,5,0,0,0,0,0,1,0
11155,1973,3,3,1,0,0,1,0,0,0,0
11155,1974,5,4,1,0,0,0,1,0,0,0
11160,1982,1,1,0,0,0,0,0,0,0,0
11163,1960,2,2,0,0,0,0,0,0,0,0
11164,1960,1,1,0,0,0,0,0,0,0,0
11164,1961,12,9,2,0,0,0,2,0,1,1
11170,1979,1,1,1,0,0,0,0,0,0,0
11170,1982,1,1,0,0,0,0,0,0,1,0
11171,1974,13,10,4,1,0,0,3,0,2,0
11171,1975,11,11,2,0,0,0,0,0,1,0
11171,1979,2,1,0,0,0,0,0,0,0,1
11171,1980,1,1,0,0,0,0,0,0,0,0
11181,1974,7,7,1,0,0,0,0,0,2,0
11181,1975,12,12,2,0,0,0,0,0,1,0
11185,1976,2,1,0,0,0,0,0,0,0,0
11185,1980,1,0,0,0,0,0,0,0,0,0
11198,1977,1,1,0,0,0,0,0,0,0,0
11198,1978,2,1,0,0,0,0,0,0,0,0
11221,1976,4,4,0,0,0,0,0,0,1,0
11221,1978,3,3,0,0,0,0,0,0,0,0
11221,1982,1,1,0,0,0,0,0,0,0,0
11223,1971,6,5,0,0,0,0,1,0,1,0
11223,1972,1,1,0,0,0,0,0,0,1,0
11232,1976,1,1,1,0,0,0,0,0,0,0
11243,1965,3,2,1,0,0,0,1,0,1,0
11243,1966,2,2,1,0,0,0,0,0,1,0
11248,1979,1,1,1,0,0,0,0,0,0,0
11264,1962,3,3,0,0,0,0,0,0,0,0
11264,1965,2,1,1,0,0,0,0,0,0,1
11264,1966,5,5,1,0,0,0,0,0,1,0
11264,1967,1,1,1,0,0,0,0,0,0,0
11264,1968,1,1,0,0,0,0,0,0,0,0
11264,1969,5,5,1,0,0,0,0,0,0,0
11267,1960,2,1,0,0,0,0,1,0,0,0
11267,1961,11,10,4,0,0,0,1,0,3,0
11267,1962,11,9,2,0,0,0,2,0,0,0
11267,1963,4,4,1,0,0,1,0,0,0,0
11279,1969,1,1,0,0,0,0,0,0,1,0
11279,1970,9,9,4,0,0,0,0,0,1,0
11288,1976,19,18,6,1,0,0,1,0,0,0
11288,1977,7,7,2,0,1,0,0,0,0,0
11288,1978,7,7,3,2,0,0,0,0,0,0
11288,1980,10,10,1,1,0,0,0,0,1,0
11303,1972,1,1,0,0,0,0,0,0,0,0
11303,1973,3,2,1,1,0,0,1,0,0,0
11309,1969,2,2,0,0,0,0,0,0,0,0
11323,1971,4,4,2,0,0,0,0,0,0,0
11323,1972,2,2,1,1,0,0,0,0,1,0
11323,1973,6,6,1,0,0,0,0,0,1,0
11339,1976,1,1,0,0,0,0,0,0,1,0
11346,1976,4,4,0,0,0,0,0,0,0,0
11346,1977,12,12,6,0,1,0,0,0,0,0
11346,1978,8,8,2,1,0,0,0,0,1,0
11346,1982,2,2,0,0,0,0,0,0,0,0
11347,1960,2,2,0,0,0,0,0,0,0,0
11347,1961,4,3,1,0,0,0,1,0,0,0
11347,1962,3,3,0,0,0,0,0,0,0,0
11348,1969,4,4,1,0,0,0,0,0,2,0
11348,1970,1,1,0,0,0,0,0,0,0,0
11348,1971,3,3,0,0,0,0,0,0,1,0
11348,1973,6,5,1,0,0,0,1,0,1,0
11348,1974,7,6,1,0,0,0,1,0,2,0
11348,1975,19,18,5,1,0,2,1,0,3,0
11348,1977,10,10,3,1,0,0,0,0,0,0
11348,1978,5,4,0,0,0,0,1,0,0,0
11348,1979,2,2,1,0,0,0,0,0,0,0
11348,1980,4,4,2,0,0,1,0,0,0,0
11352,1971,1,1,0,0,0,0,0,0,1,0
11360,1973,4,4,1,0,0,0,0,0,0,0
11360,1974,2,2,0,0,0,0,0,0,0,0
11360,1975,11,11,5,0,0,1,0,0,0,0
11362,1962,5,2,0,0,0,0,0,1,0,0
11362,1963,2,2,0,0,0,0,0,0,0,0
11362,1965,3,2,0,0,0,0,1,0,1,0
11364,1982,1,1,1,0,0,0,0,0,0,0
11380,1977,1,1,0,0,0,0,0,0,1,0
11383,1971,8,7,2,0,0,0,1,0,2,0
11383,1972,1,1,0,0,0,0,0,0,0,0
11401,1960,6,4,0,0,0,0,1,0,0,1
11409,1976,5,5,0,0,0,0,0,0,1,0
11409,1978,3,2,0,0,0,0,0,0,0,0
11409,1979,1,1,1,0,1,0,0,0,0,0
11409,1980,3,3,0,0,0,0,0,0,1,0
11409,1981,1,1,0,0,0,0,0,0,0,0
11414,1973,3,3,0,0,0,0,0,0,0,0
11414,1974,9,8,1,0,0,0,1,0,0,0
11414,1975,9,9,1,1,0,0,0,0,0,0
11418,1973,2,2,1,1,0,0,0,0,1,0
11418,1975,2,2,1,0,0,0,0,0,0,0
11419,1976,10,10,3,0,0,0,0,0,1,0
11420,1961,11,11,2,1,0,0,0,0,3,0
11420,1962,7,7,2,0,0,0,0,0,1,0
11420,1963,8,8,3,0,0,0,0,0,1,0
11420,1964,4,4,2,0,0,0,0,0,0,0
11420,1965,4,4,0,0,0,0,0,0,2,0
11420,1966,13,12,4,0,0,1,1,0,1,0
11420,1967,5,5,1,0,0,0,0,0,2,0
11420,1970,3,3,2,2,0,0,0,0,0,0
11422,1979,4,4,0,0,0,0,0,0,1,0
11422,1981,1,1,1,1,0,0,0,0,0,0
11422,1982,6,2,1,0,0,0,2,1,0,1
11422,1983,3,3,1,0,0,1,0,0,2,0
11433,1961,3,3,0,0,0,0,0,0,2,0
11433,1962,13,13,2,0,0,0,0,0,6,0
11433,1963,9,9,3,0,0,0,0,0,3,0
11433,1964,12,12,0,0,0,0,0,0,2,0
11433,1965,9,8,1,0,0,0,1,0,1,0
11448,1980,1,1,0,0,0,0,0,0,0,0
11448,1981,1,1,0,0,0,0,0,0,0,0
11448,1982,1,1,1,0,0,0,0,0,0,0
11455,1982,1,1,0,0,0,0,0,0,0,0
11455,1983,1,1,0,0,0,0,0,0,0,0
11456,1979,2,2,0,0,0,0,0,0,1,0
11469,1961,5,3,1,0,0,1,2,0,1,0
11475,1965,2,1,1,0,0,0,0,0,0,0
11475,1966,5,5,1,0,0,0,0,0,1,0
11475,1967,3,1,0,0,0,0,0,0,1,1
11475,1968,1,1,0,0,0,0,0,0,1,0
11475,1969,1,1,0,0,0,0,0,0,0,0
11483,1962,8,8,2,0,0,0,0,0,4,0
11483,1963,9,9,0,0,0,0,0,0,1,0
11483,1964,12,12,3,0,0,0,0,0,1,0
11483,1965,7,5,2,0,0,0,1,0,0,1
11483,1966,11,10,2,1,0,0,1,0,1,0
11483,1967,8,8,1,0,0,0,0,0,3,0
11485,1982,1,1,0,0,0,0,0,0,1,0
11534,1971,4,3,0,0,0,0,0,0,0,0
11534,1973,9,9,0,0,0,0,0,0,1,0
11546,1962,12,11,2,2,0,0,1,0,3,0
11546,1963,14,13,4,1,1,0,1,0,0,0
11546,1964,9,9,3,0,0,0,0,0,2,0
11549,1976,3,3,1,0,0,0,0,0,0,0
11551,1976,6,5,1,1,0,0,0,0,1,1
11557,1972,7,6,2,0,0,0,1,0,2,0
11557,1973,3,2,1,0,0,1,1,0,0,0
11557,1974,7,6,1,0,0,0,0,0,1,0
11557,1979,2,2,1,0,0,0,0,0,0,0
11565,1974,18,17,5,3,0,0,1,0,0,0
11565,1975,11,10,3,0,0,0,1,0,0,0
11574,1966,4,4,0,0,0,0,0,0,2,0
11574,1967,10,9,1,0,0,0,1,0,1,0
11574,1968,4,4,1,0,0,0,0,0,1,0
11574,1969,6,6,1,1,0,0,0,0,0,0
11575,1980,2,2,0,0,0,0,0,0,1,0
11580,1979,2,2,0,0,0,0,0,0,1,0
11593,1962,16,13,7,1,0,3,0,2,2,0
11593,1963,6,5,0,0,0,0,1,0,2,0
11593,1964,3,3,0,0,0,0,0,0,0,0
11593,1965,16,15,6,0,0,0,1,0,2,0
11593,1966,12,12,2,0,0,0,0,0,4,0
11593,1967,9,9,4,1,0,0,0,0,0,0
11593,1968,8,7,1,0,0,0,1,0,1,0
11593,1969,6,6,1,1,0,0,0,0,2,0
11594,1980,7,6,3,2,0,0,0,0,0,0
11594,1981,2,2,1,0,0,0,0,0,0,0
11594,1982,4,4,1,0,0,0,0,0,0,0
11597,1960,1,1,0,0,0,0,0,0,1,0
11597,1961,10,10,3,1,0,0,0,0,1,0
11597,1962,6,5,0,0,0,0,1,0,1,0
11597,1963,9,8,2,0,0,0,1,0,2,0
11599,1974,2,2,0,0,0,0,0,0,0,0
11599,1976,12,12,2,0,0,0,0,0,0,0
11599,1977,2,1,1,0,0,0,1,0,0,0
11599,1978,12,11,3,1,0,0,1,0,1,0
11599,1980,4,4,0,0,0,0,0,0,1,0
11599,1981,1,1,0,0,0,0,0,0,0,0
11599,1982,2,1,1,0,0,0,0,0,0,1
11610,1983,1,0,0,0,0,0,0,0,0,0
11635,1983,2,2,0,0,0,0,0,0,0,0
11639,1960,1,1,0,0,0,0,0,0,0,0
11639,1963,2,2,1,0,0,0,0,0,0,0
11645,1976,1,1,0,0,0,0,0,0,0,0
11645,1978,4,3,0,0,0,0,1,0,2,0
11645,1979,1,1,0,0,0,0,0,0,0,0
11645,1980,2,2,1,0,0,0,0,0,0,0
11652,1960,1,0,0,0,0,0,1,0,0,0
11652,1961,5,5,1,0,0,0,0,0,2,0
11654,1977,1,1,1,0,0,0,0,0,0,0
11657,1962,1,1,0,0,0,0,0,0,1,0
11659,1976,4,3,1,0,0,1,0,0,0,0
11660,1976,5,5,2,0,0,0,0,0,1,0
11660,1977,8,8,3,0,0,0,0,0,0,0
11660,1978,6,6,3,1,0,0,0,0,0,0
11660,1980,2,2,0,0,0,0,0,0,0,0
11660,1981,2,1,0,0,0,0,1,0,0,0
11667,1970,7,7,1,0,0,0,0,0,1,0
11667,1971,5,5,2,0,0,0,0,0,0,0
11677,1968,4,3,0,0,0,0,0,0,2,0
11677,1969,5,5,1,0,0,0,0,0,3,0
11677,1970,1,1,0,0,0,0,0,0,0,0
11677,1971,5,5,2,0,0,0,0,0,0,0
11677,1972,4,4,1,1,0,0,0,0,0,0
11677,1977,2,2,1,0,0,0,0,0,1,0
11700,1977,9,8,4,0,0,2,1,0,1,0
11700,1980,2,2,2,0,0,0,0,0,0,0
11700,1982,1,1,1,0,0,0,0,0,0,0
11728,1973,4,4,1,1,0,0,0,0,0,0
11728,1974,18,16,4,0,0,0,1,0,1,1
11728,1975,4,4,0,0,0,0,0,0,1,0
11728,1978,2,2,0,0,0,0,0,0,1,0
11728,1979,1,0,0,0,0,0,1,0,0,0
11730,1976,3,2,1,0,0,0,1,0,0,0
11730,1977,2,2,1,1,0,0,0,0,0,0
11730,1978,5,5,1,0,0,0,0,0,2,0
11730,1980,3,2,1,1,0,0,0,0,0,1
11732,1982,2,1,0,0,0,0,0,0,0,1
11733,1964,1,1,0,0,0,0,0,0,0,0
11733,1965,3,3,0,0,0,0,0,0,1,0
11733,1966,20,19,8,1,0,1,1,0,0,0
11733,1967,8,8,4,1,0,0,0,0,0,0
11733,1968,7,5,0,0,0,0,1,0,1,1
11759,1982,1,1,0,0,0,0,0,0,0,0
11771,1982,1,0,0,0,0,0,0,0,0,1
11805,1961,4,4,0,0,0,0,0,0,0,0
11805,1963,3,2,1,0,0,0,0,0,0,1
11821,1982,1,1,1,1,0,0,0,0,0,0
11821,1983,1,1,0,0,0,0,0,0,0,0
11845,1969,7,5,2,0,0,0,1,1,0,0
11846,1973,1,1,0,0,0,0,0,0,0,0
11846,1975,9,9,2,0,0,0,0,0,2,0
11846,1979,4,4,0,0,0,0,0,0,0,0
11853,1966,6,5,1,0,0,0,1,0,2,0
11853,1968,8,7,1,0,0,0,1,0,1,0
11888,1961,1,1,0,0,0,0,0,0,0,0
11910,1969,2,1,1,0,0,0,0,0,0,0
11910,1970,1,1,0,0,0,0,0,0,0,0
11915,1980,1,1,1,0,0,0,0,0,0,0
11915,1982,1,1,0,0,0,0,0,0,0,0
11916,1980,3,3,0,0,0,0,0,0,0,0
11932,1961,3,3,1,0,0,0,0,0,0,0
11932,1962,18,17,4,1,0,0,0,1,2,0
11932,1963,14,12,1,1,0,0,1,1,3,0
11932,1964,14,13,1,0,0,0,1,0,2,0
11932,1965,6,5,0,0,0,0,1,0,0,0
11932,1966,12,12,2,0,0,1,0,0,0,0
11932,1967,12,11,4,0,0,0,1,0,2,0
11933,1979,1,1,0,0,0,0,0,0,0,0
11963,1982,1,1,0,0,0,0,0,0,0,0
11969,1961,2,2,0,0,0,0,0,0,0,0
11969,1962,1,1,0,0,0,0,0,0,0,0
11986,1981,1,1,1,0,0,0,0,0,0,0
11994,1976,9,9,3,1,0,0,0,0,3,0
11999,1981,1,1,0,0,0,0,0,0,0,0
11999,1982,3,3,1,0,0,1,0,0,0,0
12014,1969,1,1,0,0,0,0,0,0,1,0
12014,1970,7,7,1,0,0,1,0,0,3,0
12014,1971,3,3,1,1,0,0,0,0,1,0
12039,1962,3,3,0,0,0,0,0,0,1,0
12039,1963,11,10,6,0,0,1,0,1,1,0
12039,1964,15,15,1,1,0,0,0,0,2,0
12039,1965,14,14,2,1,0,0,0,0,5,0
12039,1966,4,4,2,0,0,0,0,0,0,0
12039,1967,2,2,0,0,0,0,0,0,2,0
12044,1966,3,2,1,1,0,0,1,0,1,0
12052,1965,2,1,0,0,0,0,1,0,0,0
12054,1975,14,14,2,0,0,0,0,0,3,0
12054,1979,3,3,1,0,0,0,0,0,0,0
12054,1980,1,1,0,0,0,0,0,0,0,0
12054,1981,1,1,0,0,0,0,0,0,0,0
12054,1982,2,2,1,0,0,0,0,0,1,0
12054,1983,1,1,1,1,0,0,0,0,0,0
12062,1979,4,1,1,0,0,0,0,0,0,0
12071,1979,3,3,0,0,0,0,0,0,0,0
12081,1976,5,5,1,0,0,0,0,0,0,0
12081,1977,8,8,4,1,0,1,0,0,0,0
12081,1979,2,2,0,0,0,0,0,0,0,0
12081,1982,1,1,0,0,0,0,0,0,1,0
12086,1966,6,5,2,0,0,0,1,0,0,0
12115,1967,3,3,1,0,0,0,0,0,1,0
12128,1963,6,5,2,0,0,0,1,0,0,0
12128,1964,12,11,0,0,0,0,0,0,1,0
12128,1965,10,10,3,0,0,0,0,0,0,0
12128,1966,4,4,1,0,0,0,0,0,1,0
12128,1967,2,2,2,0,0,0,0,0,0,0
12133,1978,2,1,1,1,0,0,0,0,0,0
12160,1967,1,1,0,0,0,0,0,0,1,0
12162,1978,2,2,1,0,0,0,0,0,0,0
12165,1963,3,3,0,0,0,0,0,0,1,0
12165,1964,8,6,1,0,0,0,1,0,1,0
12165,1965,9,9,1,0,0,0,0,0,0,0
12165,1966,14,14,4,0,1,0,0,0,1,0
12165,1967,14,13,2,0,0,0,1,0,2,0
12165,1968,11,11,3,0,0,1,0,0,0,0
12165,1969,7,6,1,0,0,0,1,0,0,0
12165,1970,3,3,1,0,0,1,0,0,1,0
12165,1971,1,1,0,0,0,0,0,0,1,0
12167,1960,2,2,0,0,0,0,0,0,0,0
12167,1961,4,4,1,0,0,0,0,0,1,0
12193,1960,1,1,0,0,0,0,0,0,0,0
12213,1973,1,1,0,0,0,0,0,0,0,0
12213,1974,8,8,1,1,0,0,0,0,1,0
12213,1975,8,8,2,0,0,0,0,0,1,0
12213,1979,3,3,2,1,0,0,0,0,0,0
12215,1964,6,6,2,0,0,0,0,0,0,0
12215,1965,6,6,1,0,0,0,0,0,0,0
12215,1966,11,11,2,0,0,1,0,0,2,0
12215,1967,3,3,1,1,0,0,0,0,2,0
12218,1976,2,2,0,0,0,0,0,0,0,0
12218,1977,1,1,0,0,0,0,0,0,0,0
12218,1981,1,1,0,0,0,0,0,0,0,0
12221,1979,4,3,0,0,0,0,1,0,1,0
12233,1966,4,4,1,0,0,0,0,0,0,0
12233,1967,8,8,1,0,0,0,0,0,1,0
12233,1968,9,9,2,0,0,0,0,0,1,0
12233,1969,8,6,0,0,0,0,1,0,0,1
12233,1970,11,11,3,0,0,1,0,0,4,0
12233,1971,14,12,1,0,0,0,2,0,3,0
12233,1972,6,6,0,0,0,0,0,0,0,0
12233,1973,16,16,3,2,0,0,0,0,3,0
12233,1974,2,2,1,0,0,0,0,0,0,0
12233,1975,11,11,0,0,0,0,0,0,0,0
12237,1966,4,4,0,0,0,0,0,0,3,0
12237,1967,12,12,3,1,0,0,0,0,2,0
12237,1969,3,2,0,0,0,0,0,0,1,1
12239,1978,1,1,1,0,0,0,0,0,0,0
12239,1980,1,1,0,0,0,0,0,0,0,0
12243,1963,2,2,0,0,0,0,0,0,0,0
12243,1966,2,2,0,0,0,0,0,0,0,0
12243,1967,1,1,0,0,0,0,0,0,0,0
12257,1982,2,1,1,0,0,0,1,0,0,0
12257,1983,2,2,0,0,0,0,0,0,1,0
12269,1960,1,1,0,0,0,0,0,0,0,0
12292,1979,2,2,0,0,0,0,0,0,2,0
12292,1980,2,1,0,0,0,0,0,0,0,1
12292,1982,4,4,1,1,0,0,0,0,0,0
12294,1975,15,12,3,2,0,0,3,0,3,0
12306,1961,11,9,0,0,0,0,2,0,2,0
12306,1962,7,6,2,0,0,1,1,0,1,0
12306,1963,1,1,1,0,0,0,0,0,0,0
12306,1964,3,3,1,0,0,1,0,0,0,0
12311,1973,1,0,0,0,0,0,1,0,0,0
12311,1974,11,11,5,0,0,1,0,0,2,0
12311,1976,7,6,3,1,0,0,1,0,0,0
12352,1963,3,3,0,0,0,0,0,0,0,0
12352,1968,1,0,0,0,0,0,0,0,0,0
12357,1960,1,1,0,0,0,0,0,0,0,0
12359,1967,8,7,3,1,0,0,1,0,2,0
12359,1968,5,5,2,0,0,0,0,0,0,0
12359,1969,11,11,6,1,0,0,0,0,0,0
12359,1970,7,5,0,0,0,0,1,0,0,1
12359,1971,19,18,4,1,0,0,1,0,1,0
12359,1972,4,4,2,0,0,0,0,0,0,0
12359,1973,7,7,2,1,0,0,0,0,0,0
12359,1974,1,1,0,0,0,0,0,0,0,0
12359,1975,8,8,1,0,0,0,0,0,0,0
12375,1962,1,1,1,0,0,0,0,0,0,0
12375,1963,1,1,0,0,0,0,0,0,0,0
12375,1965,1,1,1,0,0,1,0,0,0,0
12375,1966,6,5,1,0,0,0,1,0,3,0
12375,1967,1,1,0,0,0,0,0,0,1,0
12375,1969,4,4,0,0,0,0,0,0,3,0
12375,1970,3,3,1,1,0,0,0,0,2,0
12386,1981,2,2,0,0,0,0,0,0,0,0
12386,1982,5,5,3,0,0,0,0,0,0,0
12386,1983,3,3,1,0,0,0,0,0,1,0
12393,1960,1,1,0,0,0,0,0,0,1,0
12402,1979,3,2,1,1,0,0,1,0,0,0
12409,1962,1,0,0,0,0,0,0,0,0,0
12414,1976,13,13,3,0,0,1,0,0,0,0
12414,1977,11,10,5,4,0,0,1,0,1,0
12414,1978,5,4,1,0,0,0,1,0,0,0
12414,1979,1,1,0,0,0,0,0,0,0,0
12414,1980,6,5,1,0,0,0,1,0,1,0
12434,1980,1,1,1,0,0,0,0,0,0,0
12447,1962,2,2,1,0,0,0,0,0,0,0
12449,1973,8,8,3,0,1,0,0,0,0,0
12449,1974,22,21,5,0,1,0,1,0,3,0
12449,1975,15,15,4,1,0,0,0,0,2,0
12449,1979,1,1,0,0,0,0,0,0,0,0
12449,1980,1,1,1,0,0,0,0,0,0,0
12449,1981,1,1,0,0,0,0,0,0,0,0
12449,1982,2,2,0,0,0,0,0,0,0,0
12471,1979,1,1,0,0,0,0,0,0,0,0
12481,1981,2,1,0,0,0,0,0,0,0,0
12481,1983,3,3,0,0,0,0,0,0,1,0
12482,1960,3,2,1,0,0,0,0,1,0,0
12482,1961,1,1,0,0,0,0,0,0,0,0
12490,1961,9,9,2,0,0,0,0,0,1,0
12490,1962,9,8,2,1,0,0,1,0,1,0
12490,1963,10,9,4,0,0,0,0,1,1,0
12490,1965,1,1,1,0,0,0,0,0,0,0
12490,1966,11,11,2,0,0,0,0,0,1,0
12490,1967,4,4,0,0,0,0,0,0,1,0
12496,1969,3,3,0,0,0,0,0,0,0,0
12496,1970,8,6,2,2,0,0,2,0,0,0
12496,1971,2,2,1,0,0,0,0,0,0,0
12505,1971,4,4,0,0,0,0,0,0,2,0
12505,1972,1,1,0,0,0,0,0,0,1,0
12521,1966,2,1,1,0,0,0,0,0,0,0
12521,1968,1,1,1,0,0,0,0,0,0,0
12521,1970,1,1,0,0,0,0,0,0,0,0
12521,1972,2,2,0,0,0,0,0,0,1,0
12542,1962,2,2,0,0,0,0,0,0,0,0
12543,1979,1,1,1,0,0,0,0,0,0,0
12546,1962,2,2,0,0,0,0,0,0,2,0
12547,1976,3,2,0,0,0,0,1,0,0,0
12548,1983,3,3,0,0,0,0,0,0,2,0
12564,1961,9,9,0,0,0,0,0,0,1,0
12564,1962,12,11,4,0,0,0,1,0,0,0
12564,1963,12,12,6,2,0,0,0,0,1,0
12564,1964,15,14,8,1,2,0,1,0,2,0
12564,1965,6,5,2,1,0,0,1,0,0,0
12564,1966,21,21,2,2,0,0,0,0,1,0
12564,1967,5,5,2,0,0,0,0,0,0,0
12564,1968,15,15,3,0,0,1,0,0,4,0
12564,1969,6,6,1,0,0,1,0,0,1,0
12564,1970,6,5,3,0,0,0,1,0,0,0
12564,1971,8,5,1,0,0,0,1,1,1,1
12564,1972,3,3,2,0,0,0,0,0,0,0
12564,1973,11,10,1,0,0,0,1,0,2,0
12564,1974,10,9,3,0,0,0,0,0,1,1
12564,1975,10,10,3,0,0,0,0,0,0,0
12564,1979,2,1,0,0,0,0,1,0,0,0
12566,1971,4,4,3,0,0,0,0,0,0,0
12569,1976,6,4,3,0,0,0,2,0,1,0
12569,1977,4,4,1,0,0,0,0,0,1,0
12569,1978,1,1,0,0,0,0,0,0,0,0
12569,1979,1,0,0,0,0,0,1,0,0,0
12569,1980,2,1,0,0,0,0,1,0,0,0
12587,1960,1,1,0,0,0,0,0,0,0,0
12587,1961,10,8,1,0,0,0,2,0,1,0
12587,1962,7,6,1,0,0,0,1,0,1,0
12610,1976,3,3,3,1,0,0,0,0,0,0
12610,1977,2,1,1,0,0,0,1,0,0,0
12610,1978,2,2,2,0,0,0,0,0,0,0
12610,1980,7,6,4,0,0,0,1,0,0,0
12610,1981,2,2,0,0,0,0,0,0,0,0
12610,1982,1,1,0,0,0,0,0,0,0,0
12623,1974,10,10,2,0,0,0,0,0,0,0
12623,1975,6,6,1,0,0,0,0,0,1,0
12623,1979,1,1,1,0,0,0,0,0,0,0
12629,1980,2,2,0,0,0,0,0,0,1,0
12638,1962,1,0,0,0,0,0,1,0,0,0
12660,1963,6,5,2,1,0,1,1,0,2,0
12660,1964,12,12,3,1,0,0,0,0,2,0
12660,1965,14,14,4,1,0,0,0,0,6,0
12669,1961,7,6,0,0,0,0,0,0,2,1
12669,1962,3,3,1,0,0,0,0,0,1,0
12670,1976,18,18,4,0,0,1,0,0,1,0
12670,1980,1,1,0,0,0,0,0,0,0,0
