9,1999,2,1,0,0,0,0,0,0,1,0
10,2001,1,1,0,0,0,0,0,0,1,0
11,1992,1,1,0,0,0,0,0,0,1,0
12,1994,3,3,0,0,0,0,0,0,1,0
12,1996,3,3,0,0,0,0,0,0,1,0
12,1997,1,1,1,1,0,0,0,0,0,0
12,2000,2,2,0,0,0,0,0,0,2,0
15,2001,3,3,1,0,0,0,0,0,0,0
16,2006,3,3,0,0,0,0,0,0,2,0
19,1988,3,3,0,0,0,0,0,0,1,0
19,1990,5,5,1,0,0,0,0,0,1,0
19,1991,1,1,0,0,0,0,0,0,1,0
22,1997,3,3,1,1,0,0,0,0,2,0
22,1998,6,6,2,0,0,0,0,0,0,0
22,1999,6,6,3,0,0,0,0,0,3,0
22,2000,9,9,0,0,0,0,0,0,3,0
22,2001,15,15,7,2,1,1,0,0,0,0
22,2002,6,6,2,0,0,0,0,0,1,0
22,2003,15,13,8,2,0,0,1,0,1,1
22,2004,3,2,1,0,0,1,1,0,1,0
27,2007,4,4,1,1,0,0,0,0,0,0
33,2001,1,0,0,0,0,0,0,0,0,0
36,1987,1,1,0,0,0,0,0,0,1,0
68,2001,2,2,0,0,0,0,0,0,1,0
87,1999,1,1,0,0,0,0,0,0,1,0
87,2000,7,7,1,0,0,1,0,0,0,0
87,2001,3,3,1,0,0,0,0,0,0,0
92,1986,3,3,0,0,0,0,0,0,2,0
93,2005,1,1,1,0,0,0,0,0,0,0
105,1990,1,1,0,0,0,0,0,0,0,0
116,2007,2,2,0,0,0,0,0,0,1,0
133,1987,2,1,1,0,0,0,1,0,0,0
133,1988,10,9,1,0,0,0,1,0,3,0
133,1989,1,1,0,0,0,0,0,0,0,0
133,1990,8,6,1,1,0,0,2,0,2,0
142,2000,1,1,0,0,0,0,0,0,0,0
150,1995,1,1,0,0,0,0,0,0,0,0
150,1996,7,7,3,1,0,0,0,0,1,0
150,1997,2,2,1,0,0,0,0,0,0,0
150,1998,3,3,2,1,0,0,0,0,0,0
150,1999,10,10,2,1,0,0,0,0,0,0
150,2000,8,8,1,0,0,0,0,0,0,0
150,2001,4,4,1,0,0,0,0,0,0,0
150,2002,5,5,1,0,0,0,0,0,0,0
150,2003,3,2,1,1,0,0,1,0,0,0
150,2004,6,6,4,1,0,0,0,0,1,0
150,2005,4,4,1,0,0,0,0,0,0,0
151,2006,5,5,0,0,0,0,0,0,2,0
152,1988,8,6,2,0,0,0,2,0,0,0
152,1991,4,4,1,0,0,0,0,0,1,0
152,1992,5,5,1,1,0,0,0,0,0,0
152,1993,6,6,2,0,0,0,0,0,0,0
152,1994,10,9,3,0,0,0,1,0,1,0
152,1996,6,6,2,1,0,0,0,0,0,0
169,1996,3,3,0,0,0,0,0,0,0,0
169,1997,6,6,2,0,0,0,0,0,2,0
169,1998,3,3,1,0,0,0,0,0,0,0
196,1988,8,8,1,0,0,0,0,0,1,0
196,1989,6,6,2,1,0,0,0,0,0,0
196,1990,9,9,3,0,1,0,0,0,0,0
196,1997,3,3,1,0,0,0,0,0,0,0
196,1998,3,3,0,0,0,0,0,0,0,0
196,2002,6,6,1,0,0,0,0,0,0,0
196,2003,6,6,2,0,0,0,0,0,0,0
197,2004,2,2,1,0,0,0,0,0,0,0
203,1992,6,5,1,0,1,0,1,0,1,0
203,1994,11,11,3,1,0,0,0,0,1,0
203,1995,8,8,1,1,0,0,0,0,0,0
203,1996,7,7,2,0,0,0,0,0,2,0
203,1997,8,8,1,0,0,0,0,0,2,0
203,1998,7,7,2,2,0,0,0,0,0,0
203,2000,4,4,3,3,0,0,0,0,1,0
203,2001,3,3,2,0,0,0,0,0,0,0
203,2002,3,3,0,0,0,0,0,0,0,0
203,2003,6,6,1,0,0,0,0,0,0,0
203,2005,1,1,0,0,0,0,0,0,0,0
203,2006,9,9,1,0,0,1,0,0,1,0
239,2003,1,1,0,0,0,0,0,0,1,0
239,2005,1,1,0,0,0,0,0,0,1,0
248,1992,10,8,1,0,0,0,0,2,3,0
248,1993,1,1,0,0,0,0,0,0,1,0
248,1996,2,2,1,0,0,0,0,0,0,0
248,1997,1,1,0,0,0,0,0,0,0,0
257,2004,2,2,0,0,0,0,0,0,0,0
257,2007,7,7,2,0,0,0,0,0,1,0
257,2008,3,3,1,0,0,0,0,0,0,0
260,1997,3,3,1,0,0,0,0,0,1,0
260,1998,4,3,0,0,0,0,0,1,0,0
260,1999,4,3,1,0,0,0,0,0,1,1
260,2000,4,4,1,0,0,0,0,0,1,0
260,2001,4,4,1,0,0,0,0,0,1,0
262,2006,3,3,1,1,0,0,0,0,0,0
271,1987,3,2,1,0,0,0,1,0,0,0
271,1988,4,3,1,0,0,0,1,0,1,0
271,1991,2,2,1,0,0,0,0,0,0,0
275,2004,3,3,1,0,0,0,0,0,1,0
280,2000,1,1,0,0,0,0,0,0,0,0
291,1999,3,3,0,0,0,0,0,0,0,0
291,2001,15,13,3,1,0,0,0,0,1,1
291,2002,4,4,0,0,0,0,0,0,2,0
291,2005,4,3,0,0,0,0,1,0,3,0
294,1986,2,1,0,0,0,0,0,0,0,0
312,1996,8,8,2,0,0,0,0,0,1,0
312,1998,8,7,1,1,0,0,1,0,3,0
312,1999,3,3,1,1,0,0,0,0,0,0
312,2000,3,3,0,0,0,0,0,0,0,0
319,2008,2,2,1,0,0,0,0,0,1,0
321,1990,2,2,2,1,0,0,0,0,0,0
321,1991,6,6,1,1,0,0,0,0,2,0
321,1992,8,8,1,0,0,0,0,0,1,0
321,1993,10,10,1,0,0,0,0,0,1,0
321,1995,4,4,1,0,0,0,0,0,2,0
321,1996,3,3,1,1,0,0,0,0,0,0
325,2008,4,4,1,0,0,0,0,0,0,0
353,1993,9,8,1,0,0,1,1,0,1,0
353,1994,2,2,2,0,0,0,0,0,0,0
353,1998,3,3,0,0,0,0,0,0,0,0
353,1999,3,3,0,0,0,0,0,0,0,0
355,1997,1,1,1,0,0,0,0,0,0,0
355,1999,3,3,2,0,0,0,0,0,0,0
364,2002,2,1,0,0,0,0,0,0,0,0
364,2003,2,2,1,0,0,0,0,0,0,0
367,1988,2,2,1,0,0,0,0,0,0,0
367,1991,3,3,0,0,0,0,0,0,0,0
384,2005,1,1,0,0,0,0,0,0,1,0
384,2008,2,2,1,0,0,0,0,0,0,0
388,2001,2,2,0,0,0,0,0,0,1,0
396,1988,3,2,0,0,0,0,1,0,1,0
397,1996,3,2,0,0,0,0,0,0,1,0
397,1998,2,2,0,0,0,0,0,0,2,0
397,1999,3,3,1,0,0,0,0,0,1,0
397,2000,2,2,0,0,0,0,0,0,0,0
412,2000,3,3,0,0,0,0,0,0,1,0
412,2002,2,1,0,0,0,0,0,0,1,0
421,2005,3,3,3,0,0,1,0,0,0,0
421,2006,6,6,2,0,0,1,0,0,0,0
421,2007,15,15,6,1,0,0,0,0,2,0
421,2008,10,9,3,0,1,0,1,0,0,0
433,1996,3,2,0,0,0,0,0,0,1,0
433,1998,3,3,0,0,0,0,0,0,0,0
433,1999,6,6,1,1,0,0,0,0,0,0
433,2000,6,6,1,0,0,1,0,0,2,0
433,2001,6,6,2,1,0,0,0,0,0,0
433,2002,8,8,1,0,0,0,0,0,1,0
433,2003,3,3,1,0,0,0,0,0,0,0
433,2005,5,5,2,0,0,1,0,0,1,0
433,2006,7,7,1,0,0,0,0,0,1,0
433,2007,3,3,1,0,0,0,0,0,0,0
433,2008,6,6,0,0,0,0,0,0,0,0
435,1993,2,2,1,0,0,0,0,0,1,0
435,1994,6,4,2,0,0,0,2,0,1,0
435,1995,3,3,1,1,0,0,0,0,0,0
435,1996,3,3,0,0,0,0,0,0,1,0
435,1997,6,5,2,0,0,0,1,0,0,0
435,1998,6,5,3,0,0,0,1,0,0,0
435,2001,3,3,1,0,0,0,0,0,0,0
435,2003,3,3,0,0,0,0,0,0,0,0
435,2004,5,5,2,0,0,0,0,0,0,0
435,2005,10,10,2,0,0,0,0,0,1,0
435,2006,6,6,3,1,0,0,0,0,1,0
435,2007,2,2,0,0,0,0,0,0,0,0
444,1999,3,3,0,0,0,0,0,0,1,0
444,2000,1,1,0,0,0,0,0,0,0,0
446,1990,5,5,2,0,0,0,0,0,1,0
461,1999,1,1,0,0,0,0,0,0,0,0
467,1991,2,2,0,0,0,0,0,0,0,0
467,1992,6,5,1,0,0,0,0,0,1,0
472,2004,1,1,0,0,0,0,0,0,0,0
472,2005,3,2,1,0,0,0,0,0,0,0
474,1987,7,6,2,1,0,0,1,0,2,0
474,1988,4,4,1,0,0,0,0,0,1,0
474,1990,8,6,1,0,0,0,2,0,1,0
474,1991,5,4,0,0,0,0,1,0,1,0
482,2008,2,2,1,0,0,0,0,0,0,0
483,1997,5,5,1,1,0,0,0,0,1,0
483,1998,3,3,0,0,0,0,0,0,0,0
483,2002,5,4,2,0,0,0,1,0,2,0
483,2003,1,0,0,0,0,0,1,0,0,0
488,1992,3,3,1,0,0,0,0,0,0,0
492,1991,12,10,2,0,1,0,1,1,2,0
492,1992,12,10,1,0,0,0,0,2,3,0
492,1993,7,7,3,0,0,0,0,0,2,0
492,1994,4,4,1,0,0,0,0,0,0,0
492,1995,6,6,2,0,0,2,0,0,3,0
492,1996,11,10,2,0,0,1,1,0,1,0
492,1997,7,6,2,0,0,0,1,0,0,0
492,1998,3,3,2,0,0,1,0,0,0,0
492,1999,6,5,2,0,0,1,0,0,2,1
492,2000,4,3,1,0,0,0,1,0,1,0
492,2001,3,3,0,0,0,0,0,0,0,0
492,2003,3,3,0,0,0,0,0,0,1,0
492,2004,9,9,6,0,0,1,0,0,0,0
492,2005,4,3,1,0,0,1,1,0,0,0
503,1987,3,3,0,0,0,0,0,0,1,0
508,1998,4,4,1,1,0,0,0,0,1,0
508,2000,3,2,1,1,0,0,1,0,1,0
523,2006,1,1,1,1,0,0,0,0,0,0
531,1999,5,5,2,1,0,0,0,0,2,0
531,2000,3,3,2,0,0,0,0,0,1,0
531,2002,2,2,0,0,0,0,0,0,0,0
531,2003,5,5,0,0,0,0,0,0,1,0
565,1999,8,7,1,1,0,0,1,0,3,0
565,2002,3,3,1,0,0,0,0,0,1,0
582,2002,2,2,1,0,0,0,0,0,1,0
582,2003,3,3,1,0,0,0,0,0,0,0
583,1991,10,10,4,1,1,0,0,0,2,0
583,1992,5,5,1,0,0,0,0,0,3,0
583,1994,7,6,4,0,0,0,0,1,1,0
583,1996,3,3,0,0,0,0,0,0,1,0
598,2006,7,7,2,0,0,0,0,0,1,0
606,2000,3,2,0,0,0,0,1,0,0,0
615,2006,2,2,0,0,0,0,0,0,0,0
615,2007,3,2,0,0,0,0,1,0,0,0
615,2008,8,8,2,0,0,0,0,0,1,0
617,1991,4,3,0,0,0,0,1,0,2,0
645,1999,1,1,1,0,0,0,0,0,0,0
656,1999,7,6,2,0,0,0,0,1,0,0
656,2000,3,3,1,0,0,0,0,0,0,0
656,2001,13,13,5,0,0,0,0,0,2,0
656,2002,10,8,3,0,0,0,2,0,0,0
656,2003,3,2,0,0,0,0,1,0,1,0
656,2007,3,3,1,1,0,0,0,0,0,0
661,1988,1,1,0,0,0,0,0,0,0,0
661,1989,1,1,1,0,0,0,0,0,0,0
665,2008,3,3,0,0,0,0,0,0,1,0
684,1987,3,2,0,0,0,0,1,0,1,0
684,1988,7,6,1,0,0,0,1,0,0,0
684,1989,12,12,3,0,0,0,0,0,1,0
684,1991,8,8,2,0,1,0,0,0,2,0
684,1992,4,3,0,0,0,0,1,0,1,0
684,1993,3,3,0,0,0,0,0,0,0,0
684,1994,4,4,1,1,0,0,0,0,0,0
693,1995,3,3,0,0,0,0,0,0,0,0
697,1992,3,3,0,0,0,0,0,0,0,0
697,1993,3,3,2,0,0,0,0,0,0,0
698,1998,3,3,0,0,0,0,0,0,3,0
698,2006,2,2,1,0,0,0,0,0,1,0
700,1998,3,3,1,0,0,0,0,0,0,0
700,1999,3,3,0,0,0,0,0,0,0,0
700,2003,3,3,0,0,0,0,0,0,1,0
700,2004,3,3,1,1,0,0,0,0,0,0
701,1995,1,1,0,0,0,0,0,0,0,0
718,1999,4,3,1,0,0,0,1,0,0,0
718,2000,3,3,2,0,0,0,0,0,0,0
718,2001,3,3,0,0,0,0,0,0,0,0
718,2003,3,3,1,0,1,0,0,0,0,0
718,2004,3,3,0,0,0,0,0,0,0,0
724,2005,4,4,0,0,0,0,0,0,0,0
724,2006,2,2,1,0,0,1,0,0,0,0
724,2007,7,6,1,0,0,0,0,0,1,0
727,2004,6,5,2,1,0,0,1,0,1,0
727,2005,16,16,6,1,1,2,0,0,5,0
727,2006,3,3,1,0,0,0,0,0,0,0
727,2007,6,4,3,1,0,0,1,0,0,1
736,1996,1,1,0,0,0,0,0,0,0,0
736,1997,3,3,0,0,0,0,0,0,1,0
739,1993,2,2,1,0,0,0,0,0,1,0
739,1994,2,2,0,0,0,0,0,0,0,0
762,2002,2,2,0,0,0,0,0,0,2,0
762,2003,2,2,0,0,0,0,0,0,1,0
765,1999,5,5,1,0,0,0,0,0,1,0
776,1996,3,3,0,0,0,0,0,0,2,0
790,1993,2,2,1,0,0,0,0,0,1,0
794,2007,1,1,0,0,0,0,0,0,0,0
794,2008,2,1,0,0,0,0,0,0,0,0
800,1986,5,5,0,0,0,0,0,0,1,0
800,1987,4,4,0,0,0,0,0,0,0,0
800,1988,10,9,2,0,0,0,1,0,0,0
805,1993,10,10,2,1,0,0,0,0,2,0
805,1994,7,7,3,1,0,0,0,0,0,0
805,1995,6,6,0,0,0,0,0,0,1,0
805,1996,11,11,2,0,0,0,0,0,1,0
805,1997,7,7,1,1,0,0,0,0,0,0
805,1998,7,7,0,0,0,0,0,0,2,0
805,1999,6,5,0,0,0,0,1,0,2,0
805,2000,9,8,4,2,0,1,0,1,1,0
806,1995,7,7,0,0,0,0,0,0,2,0
806,1996,3,3,0,0,0,0,0,0,1,0
806,2002,7,6,1,1,0,0,0,0,1,1
806,2003,6,6,1,0,0,0,0,0,0,0
806,2004,3,3,1,0,0,0,0,0,0,0
806,2006,3,2,1,0,0,0,0,0,0,1
813,1989,3,2,0,0,0,0,0,0,0,0
813,1990,11,9,2,1,0,0,1,0,1,0
813,1991,10,10,6,2,0,0,0,0,1,0
813,1992,16,15,1,0,0,0,0,0,6,0
813,1993,7,7,2,0,0,0,0,0,3,0
813,1994,8,8,2,1,0,0,0,0,3,0
813,1995,8,7,3,0,0,0,0,0,2,0
813,1996,8,8,1,0,0,0,0,0,2,0
813,1998,4,4,1,0,0,0,0,0,2,0
813,1999,4,3,0,0,0,0,0,0,1,0
813,2000,6,6,1,1,0,0,0,0,1,0
813,2001,3,3,1,0,0,0,0,0,0,0
814,2000,3,3,1,0,0,0,0,0,0,0
815,1992,3,3,1,0,0,0,0,0,1,0
821,2005,3,3,1,0,0,0,0,0,1,0
823,1986,3,3,0,0,0,0,0,0,0,0
823,1987,3,3,1,0,0,0,0,0,0,0
823,1988,6,6,1,0,0,0,0,0,0,0
823,1989,3,3,1,0,0,0,0,0,0,0
823,1990,1,1,1,0,0,0,0,0,0,0
823,1992,5,5,1,0,0,0,0,0,1,0
824,1999,3,3,1,0,0,0,0,0,0,0
824,2000,7,7,1,0,0,0,0,0,1,0
824,2001,4,3,0,0,0,0,1,0,0,0
824,2002,3,3,1,0,0,0,0,0,0,0
824,2003,3,3,1,0,0,0,0,0,0,0
824,2006,3,3,2,1,0,0,0,0,1,0
824,2008,3,3,1,0,0,0,0,0,0,0
832,1999,3,3,2,0,0,1,0,0,0,0
832,2000,7,7,1,0,0,0,0,0,0,0
832,2001,6,5,2,0,0,0,0,0,0,1
832,2002,3,3,0,0,0,0,0,0,0,0
832,2003,5,5,1,0,0,0,0,0,0,0
832,2004,3,3,1,0,0,0,0,0,2,0
832,2007,2,2,2,0,0,1,0,0,0,0
834,2005,6,5,1,0,0,0,1,0,0,0
834,2006,9,8,2,1,0,0,1,0,1,0
834,2007,2,2,0,0,0,0,0,0,2,0
841,1992,2,2,0,0,0,0,0,0,1,0
841,1993,3,3,2,1,0,1,0,0,0,0
842,1996,8,7,1,1,0,0,0,0,0,0
842,1998,8,7,2,1,0,0,0,0,1,0
842,1999,7,5,1,1,0,0,2,0,0,0
842,2000,11,11,4,1,0,0,0,0,3,0
842,2001,7,7,3,0,0,1,0,0,1,0
842,2002,1,1,0,0,0,0,0,0,1,0
845,1990,3,3,0,0,0,0,0,0,2,0
845,1991,4,3,0,0,0,0,0,0,3,0
845,1992,4,4,0,0,0,0,0,0,3,0
845,1994,5,4,0,0,0,0,0,0,1,0
845,1996,3,3,1,0,0,0,0,0,1,0
845,1997,3,3,2,0,0,0,0,0,0,0
845,1998,3,2,1,0,0,0,1,0,1,0
846,1997,3,3,0,0,0,0,0,0,0,0
847,1987,2,1,0,0,0,0,1,0,0,0
847,1989,2,1,0,0,0,0,1,0,0,0
852,1991,1,1,0,0,0,0,0,0,1,0
852,1993,2,2,0,0,0,0,0,0,1,0
852,2000,3,3,0,0,0,0,0,0,2,0
857,2002,3,3,1,0,0,0,0,0,0,0
857,2003,3,3,2,0,0,0,0,0,1,0
857,2006,5,5,1,0,0,0,0,0,1,0
857,2007,2,2,0,0,0,0,0,0,0,0
863,2004,2,1,0,0,0,0,1,0,0,0
863,2005,2,1,0,0,0,0,0,0,1,0
867,1989,11,9,2,0,0,0,1,1,3,0
867,1990,10,10,5,1,0,0,0,0,1,0
867,1991,3,3,0,0,0,0,0,0,2,0
867,1993,5,5,0,0,0,0,0,0,1,0
867,1994,7,5,1,0,0,0,1,0,4,0
878,1999,1,1,0,0,0,0,0,0,0,0
878,2001,4,4,1,0,0,0,0,0,0,0
882,1999,4,4,1,0,0,0,0,0,2,0
882,2000,7,7,0,0,0,0,0,0,3,0
882,2001,8,8,3,2,0,0,0,0,0,0
884,1996,1,1,0,0,0,0,0,0,1,0
884,1999,1,1,0,0,0,0,0,0,1,0
888,2001,3,3,1,0,0,0,0,0,1,0
888,2003,3,3,0,0,0,0,0,0,1,0
888,2004,9,9,5,1,0,2,0,0,1,0
888,2005,9,7,1,0,0,0,2,0,3,0
888,2006,7,7,2,0,0,0,0,0,1,0
888,2007,5,5,2,0,0,1,0,0,0,0
888,2008,3,3,1,1,0,0,0,0,0,0
890,2002,1,1,0,0,0,0,0,0,1,0
900,2008,2,2,1,0,0,0,0,0,0,0
902,1992,5,5,2,1,0,0,0,0,2,0
902,1997,2,2,0,0,0,0,0,0,2,0
903,1989,1,1,0,0,0,0,0,0,0,0
908,1992,3,3,2,1,0,0,0,0,0,0
908,1993,3,3,1,0,0,0,0,0,1,0
908,1994,9,9,2,0,0,0,0,0,1,0
908,1995,7,7,4,0,0,0,0,0,0,0
908,1996,5,5,1,0,0,0,0,0,0,0
908,1998,6,5,2,0,0,1,1,0,0,0
908,1999,4,4,0,0,0,0,0,0,1,0
922,2004,2,2,0,0,0,0,0,0,0,0
922,2005,3,3,1,0,0,0,0,0,1,0
942,1993,3,3,0,0,0,0,0,0,1,0
942,1994,7,6,1,0,0,0,1,0,1,0
942,1996,7,6,2,0,0,0,0,1,1,0
942,1997,6,6,2,0,0,0,0,0,0,0
942,1998,7,7,2,0,0,0,0,0,1,0
942,1999,6,6,3,1,0,1,0,0,1,0
942,2000,7,7,3,0,0,0,0,0,1,0
945,2004,1,1,0,0,0,0,0,0,0,0
954,1989,7,7,0,0,0,0,0,0,0,0
954,1990,4,4,1,0,0,0,0,0,0,0
954,1991,14,13,7,1,0,0,1,0,0,0
954,1992,12,9,1,0,0,0,3,0,1,0
954,1993,15,12,1,0,0,0,1,1,2,0
954,1994,4,3,1,0,0,0,0,1,1,0
954,1995,11,10,1,1,0,0,1,0,1,0
954,1996,11,11,4,0,0,0,0,0,0,0
954,1997,7,7,3,0,0,0,0,0,0,0
954,1998,8,8,3,0,0,1,0,0,2,0
954,1999,6,6,3,1,0,0,0,0,2,0
954,2001,4,4,2,0,0,0,0,0,0,0
954,2003,3,3,2,0,0,0,0,0,1,0
954,2004,10,9,3,2,0,0,1,0,0,0
954,2005,13,13,3,1,0,0,0,0,0,0
954,2006,8,8,3,0,0,1,0,0,0,0
954,2007,3,3,0,0,0,0,0,0,0,0
958,1989,5,5,1,0,0,0,0,0,0,0
958,1990,1,0,0,0,0,0,0,0,0,0
962,2008,1,1,0,0,0,0,0,0,1,0
972,1990,2,1,0,0,0,0,0,0,0,0
981,1991,5,5,0,0,0,0,0,0,2,0
999,2008,3,3,1,0,0,0,0,0,0,0
1001,2003,4,4,2,0,1,0,0,0,0,0
1006,2008,4,3,0,0,0,0,0,0,2,1
1008,1999,3,3,2,0,0,1,0,0,1,0
1008,2000,6,6,2,0,0,0,0,0,1,0
1008,2001,3,3,0,0,0,0,0,0,1,0
1008,2007,2,2,1,1,0,0,0,0,0,0
1008,2008,2,2,1,0,0,0,0,0,0,0
1026,1987,3,3,2,1,0,0,0,0,0,0
1026,1989,3,3,1,0,0,0,0,0,0,0
1026,1991,3,3,0,0,0,0,0,0,1,0
1026,1998,6,5,1,1,0,0,0,0,0,0
1038,1988,2,2,2,0,0,0,0,0,0,0
1038,1989,1,1,0,0,0,0,0,0,0,0
1042,2007,2,2,0,0,0,0,0,0,0,0
1048,1999,4,4,0,0,0,0,0,0,1,0
1048,2000,3,3,0,0,0,0,0,0,3,0
1048,2001,13,12,4,0,0,0,1,0,2,0
1048,2003,3,3,1,0,0,0,0,0,0,0
1048,2005,3,3,1,0,0,0,0,0,1,0
1048,2006,2,2,0,0,0,0,0,0,0,0
1048,2008,3,3,2,0,0,1,0,0,1,0
1056,1987,3,2,0,0,0,0,1,0,0,0
1060,2008,4,4,0,0,0,0,0,0,1,0
1066,1993,6,6,0,0,0,0,0,0,1,0
1072,1997,3,3,0,0,0,0,0,0,0,0
1072,1998,3,3,0,0,0,0,0,0,0,0
1093,1986,4,3,0,0,0,0,1,0,1,0
1093,1987,10,9,4,1,0,2,1,0,2,0
1093,1988,11,10,1,0,0,0,1,0,2,0
1093,1989,11,10,5,0,1,0,1,0,0,0
1093,1990,12,10,2,0,0,0,2,0,2,0
1093,1991,8,7,3,0,0,2,1,0,1,0
1093,1992,14,11,2,0,0,0,3,0,2,0
1093,1993,10,10,7,0,0,2,0,0,2,0
1093,1994,7,6,0,0,0,0,1,0,1,0
1093,1995,6,4,1,1,0,0,2,0,0,0
1093,1996,9,7,1,0,0,1,2,0,0,0
1093,1997,6,6,1,0,0,0,0,0,0,0
1093,1998,6,3,2,1,0,1,3,0,1,0
1093,1999,6,5,1,0,0,0,1,0,0,0
1093,2000,6,6,2,0,0,0,0,0,0,0
1093,2001,6,5,1,0,0,0,1,0,1,0
1093,2002,6,4,0,0,0,0,2,0,0,0
1093,2003,3,3,1,0,0,0,0,0,0,0
1093,2004,3,1,0,0,0,0,1,0,0,1
1093,2006,4,4,0,0,0,0,0,0,0,0
1093,2007,6,6,0,0,0,0,0,0,1,0
1100,1986,3,3,0,0,0,0,0,0,0,0
1100,1987,4,4,2,1,0,1,0,0,0,0
1100,1988,11,10,5,1,0,0,1,0,0,0
1100,1989,9,8,3,2,0,0,1,0,0,0
1100,1990,12,12,3,2,0,0,0,0,3,0
1100,1991,9,8,2,0,0,0,1,0,0,0
1100,1992,10,10,0,0,0,0,0,0,4,0
1100,1993,12,10,1,0,0,0,1,0,1,1
1100,1994,8,8,2,1,0,1,0,0,5,0
1100,1995,3,3,0,0,0,0,0,0,1,0
1100,1997,9,9,2,1,0,0,0,0,3,0
1100,1998,3,2,0,0,0,0,1,0,1,0
1100,1999,2,2,0,0,0,0,0,0,0,0
1101,2008,3,3,2,0,0,0,0,0,0,0
1102,2008,2,2,0,0,0,0,0,0,0,0
1113,1988,3,2,0,0,0,0,1,0,0,0
1113,1990,5,5,0,0,0,0,0,0,1,0
1114,1998,3,3,1,0,0,0,0,0,0,0
1114,1999,3,3,0,0,0,0,0,0,0,0
1114,2002,5,5,3,1,0,0,0,0,0,0
1114,2003,2,2,0,0,0,0,0,0,1,0
1116,1994,9,7,1,1,0,0,0,2,1,0
1116,1995,8,7,1,0,0,0,1,0,0,0
1116,1996,6,6,2,1,0,0,0,0,1,0
1116,1997,5,4,1,1,0,0,0,0,3,0
1116,1998,6,6,0,0,0,0,0,0,2,0
1116,2000,3,3,2,0,0,0,0,0,0,0
1116,2003,3,3,1,1,0,0,0,0,1,0
1126,2006,3,3,1,0,0,1,0,0,0,0
1126,2007,3,3,0,0,0,0,0,0,1,0
1128,1997,3,3,1,0,0,0,0,0,0,0
1128,1998,3,3,1,0,0,0,0,0,0,0
1128,1999,4,4,2,0,0,0,0,0,0,0
1128,2000,7,7,3,0,0,0,0,0,0,0
1129,1995,3,2,0,0,0,0,1,0,0,0
1129,1996,3,3,0,0,0,0,0,0,1,0
1152,1990,12,12,2,1,0,0,0,0,3,0
1152,1991,10,9,1,0,0,0,1,0,0,0
1152,1992,8,6,1,0,0,0,2,0,1,0
1152,1993,4,4,1,1,0,0,0,0,1,0
1171,2008,3,3,0,0,0,0,0,0,1,0
1184,1993,1,1,0,0,0,0,0,0,0,0
1191,2008,7,7,1,0,0,0,0,0,1,0
1205,1990,6,5,0,0,0,0,0,0,4,0
1231,2001,7,7,2,2,0,0,0,0,3,0
1231,2004,3,3,2,0,0,0,0,0,0,0
1234,1988,12,12,6,1,0,1,0,0,1,0
1241,1999,3,3,0,0,0,0,0,0,1,0
1241,2004,3,3,1,0,0,1,0,0,0,0
1242,1991,4,4,1,0,0,0,0,0,2,0
1242,1992,4,4,1,0,0,0,0,0,1,0
1246,1993,2,2,0,0,0,0,0,0,0,0
1247,1992,1,1,0,0,0,0,0,0,0,0
1247,1993,7,7,1,0,0,0,0,0,1,0
1247,1995,7,7,2,0,0,0,0,0,3,0
1247,1996,6,6,1,1,0,0,0,0,3,0
1253,2004,9,9,2,1,0,1,0,0,4,0
1253,2005,8,8,2,0,0,0,0,0,2,0
1261,2007,6,4,0,0,0,0,0,0,0,2
1273,1986,3,3,2,1,0,0,0,0,0,0
1273,1987,6,6,3,0,0,0,0,0,2,0
1273,1988,10,8,5,2,0,1,1,1,0,0
1273,1990,12,12,1,0,0,0,0,0,3,0
1273,1992,6,6,2,0,0,0,0,0,0,0
1273,1994,1,1,1,0,0,0,0,0,0,0
1281,1987,2,2,1,0,0,0,0,0,1,0
1281,1988,3,3,1,0,0,0,0,0,1,0
1300,1991,4,4,0,0,0,0,0,0,0,0
1300,1992,4,4,1,0,0,0,0,0,1,0
1300,1993,4,4,1,0,0,0,0,0,2,0
1319,1993,2,1,0,0,0,0,1,0,0,0
1350,1994,8,7,1,0,0,0,1,0,3,0
1350,1995,6,6,2,0,0,0,0,0,1,0
1350,1996,3,3,1,0,0,0,0,0,1,0
1350,1997,7,7,3,2,0,0,0,0,1,0
1350,1998,6,6,1,0,0,0,0,0,2,0
1350,1999,6,6,1,0,0,0,0,0,2,0
1350,2000,3,3,1,1,0,0,0,0,1,0
1358,1987,9,9,2,0,0,0,0,0,1,0
1358,1988,15,15,5,0,0,0,0,0,1,0
1358,1989,14,14,3,0,0,0,0,0,5,0
1358,1990,3,3,1,0,0,0,0,0,0,0
1358,1991,15,14,2,1,0,1,1,0,3,0
1366,1998,3,3,0,0,0,0,0,0,1,0
1366,1999,2,2,1,0,0,0,0,0,0,0
1366,2000,3,3,0,0,0,0,0,0,0,0
1366,2001,3,3,0,0,0,0,0,0,0,0
1369,2006,3,3,0,0,0,0,0,0,0,0
1369,2007,3,3,2,0,0,0,0,0,1,0
1376,1997,6,6,1,0,0,0,0,0,2,0
1376,1998,4,4,1,0,0,0,0,0,1,0
1376,1999,4,4,0,0,0,0,0,0,2,0
1376,2000,1,1,1,1,0,0,0,0,0,0
1382,1987,2,2,0,0,0,0,0,0,1,0
1397,1994,4,4,1,0,0,0,0,0,1,0
1398,1993,7,4,2,0,0,0,3,0,1,0
1406,1997,4,4,0,0,0,0,0,0,2,0
1406,1999,3,3,0,0,0,0,0,0,0,0
1406,2003,2,2,1,0,0,0,0,0,1,0
1429,1988,3,3,0,0,0,0,0,0,1,0
1429,1991,5,5,2,1,0,0,0,0,0,0
1439,2008,3,3,1,0,0,0,0,0,0,0
1449,1993,4,2,0,0,0,0,2,0,1,0
1449,1995,4,3,0,0,0,0,1,0,3,0
1455,2005,3,3,0,0,0,0,0,0,0,0
1455,2007,5,4,1,0,0,0,1,0,0,0
1455,2008,6,5,2,0,0,0,1,0,0,0
1458,1988,9,8,2,0,0,0,1,0,2,0
1458,1989,6,6,0,0,0,0,0,0,3,0
1482,2007,1,1,0,0,0,0,0,0,0,0
1494,1992,3,3,0,0,0,0,0,0,0,0
1494,1993,7,6,1,0,0,0,1,0,0,0
1494,1994,3,3,0,0,0,0,0,0,2,0
1499,1995,1,1,0,0,0,0,0,0,1,0
1499,2000,7,5,2,0,0,0,1,1,1,0
1509,1991,3,2,0,0,0,0,1,0,0,0
1510,1997,3,3,1,0,0,0,0,0,2,0
1512,1993,3,3,1,0,0,0,0,0,1,0
1512,1996,3,3,0,0,0,0,0,0,2,0
1523,1995,3,3,0,0,0,0,0,0,3,0
1523,2003,1,1,0,0,0,0,0,0,0,0
1542,2006,7,7,1,0,0,0,0,0,1,0
1542,2007,3,3,0,0,0,0,0,0,0,0
1543,1996,7,6,1,0,0,0,1,0,2,0
1543,1997,3,3,0,0,0,0,0,0,1,0
1543,1998,8,8,1,0,0,0,0,0,1,0
1546,1992,4,4,0,0,0,0,0,0,1,0
1546,1994,2,2,0,0,0,0,0,0,1,0
1546,1996,3,3,1,1,0,0,0,0,0,0
1546,2002,2,2,0,0,0,0,0,0,0,0
1553,1991,1,1,0,0,0,0,0,0,1,0
1556,2001,1,1,0,0,0,0,0,0,0,0
1556,2002,8,7,0,0,0,0,0,0,3,0
1556,2005,2,1,0,0,0,0,0,0,1,0
1564,1993,7,7,1,0,0,0,0,0,3,0
1564,1994,4,3,1,0,0,0,1,0,0,0
1564,1998,10,8,1,0,0,1,2,0,2,0
1564,1999,3,1,0,0,0,0,2,0,0,0
1564,2000,7,7,2,0,0,1,0,0,1,0
1564,2001,3,3,0,0,0,0,0,0,3,0
1564,2002,5,3,1,0,0,0,1,0,2,1
1564,2003,7,7,2,0,0,0,0,0,2,0
1564,2004,3,3,1,0,0,0,0,0,1,0
1572,2008,3,2,0,0,0,0,0,1,0,0
1576,2000,3,3,1,1,0,0,0,0,1,0
1576,2001,15,14,5,0,0,0,0,1,5,0
1576,2002,6,6,0,0,0,0,0,0,3,0
1576,2003,14,12,7,2,0,2,2,0,1,0
1576,2004,3,3,1,0,0,0,0,0,1,0
1576,2007,3,3,1,0,0,0,0,0,0,0
1576,2008,9,8,2,0,0,1,1,0,1,0
1579,2003,3,3,1,0,0,0,0,0,0,0
1579,2004,4,4,1,0,0,0,0,0,0,0
1579,2005,3,2,2,1,0,0,1,0,0,0
1589,2008,3,2,1,0,0,0,1,0,0,0
1591,1996,2,2,0,0,0,0,0,0,1,0
1596,2006,5,4,1,0,0,0,0,0,2,0
1596,2007,2,2,0,0,0,0,0,0,0,0
1597,2002,4,4,1,0,0,0,0,0,0,0
1608,1986,1,1,0,0,0,0,0,0,0,0
1610,1988,14,11,4,0,0,0,2,0,1,0
1610,1989,10,10,2,0,0,0,0,0,1,0
1610,1990,2,2,1,0,0,0,0,0,0,0
1610,1992,8,7,1,0,0,0,0,0,1,0
1610,1993,8,6,2,1,0,0,2,0,0,0
1610,1994,4,3,0,0,0,0,1,0,0,0
1610,1995,3,3,0,0,0,0,0,0,0,0
1610,1996,4,4,1,0,0,0,0,0,1,0
1611,2002,4,4,1,0,0,0,0,0,0,0
1622,1998,3,2,0,0,0,0,0,1,1,0
1633,2002,3,3,0,0,0,0,0,0,1,0
1633,2003,9,7,5,0,0,0,2,0,0,0
1633,2004,2,1,1,0,0,0,0,1,0,0
1634,2004,1,1,0,0,0,0,0,0,1,0
1636,2003,3,3,1,0,0,0,0,0,0,0
1636,2006,6,6,2,1,0,0,0,0,1,0
1636,2007,9,9,4,0,1,1,0,0,0,0
1636,2008,4,4,2,1,0,0,0,0,0,0
1641,2000,3,3,1,1,0,0,0,0,1,0
1649,1991,1,1,0,0,0,0,0,0,0,0
1653,2003,2,2,0,0,0,0,0,0,1,0
1654,2003,4,4,0,0,0,0,0,0,0,0
1654,2005,10,9,4,2,0,1,0,0,1,1
1654,2006,3,1,1,1,0,0,2,0,0,0
1654,2007,6,5,3,1,0,0,1,0,0,0
1654,2008,3,3,0,0,0,0,0,0,0,0
1657,1997,4,4,2,0,0,0,0,0,0,0
1657,1998,3,2,1,0,0,0,1,0,0,0
1657,1999,3,2,0,0,0,0,1,0,0,0
1657,2000,6,5,1,1,0,0,1,0,0,0
1657,2001,14,14,3,1,0,0,0,0,0,0
1657,2002,8,8,4,1,1,0,0,0,0,0
1657,2003,12,12,5,1,0,2,0,0,1,0
1669,2006,2,2,0,0,0,0,0,0,1,0
1669,2007,5,4,0,0,0,0,0,0,4,0
1669,2008,7,7,0,0,0,0,0,0,6,0
1671,1998,4,4,1,0,0,0,0,0,1,0
1671,2000,4,4,0,0,0,0,0,0,0,0
1671,2005,3,3,1,0,0,0,0,0,0,0
1673,1991,10,10,2,0,0,0,0,0,2,0
1673,1992,3,3,0,0,0,0,0,0,0,0
1687,2003,12,12,5,2,0,1,0,0,0,0
1700,2003,3,3,0,0,0,0,0,0,2,0
1700,2004,3,3,1,0,0,1,0,0,2,0
1700,2005,6,5,0,0,0,0,1,0,1,0
1700,2006,8,7,3,2,0,0,1,0,1,0
1705,1989,14,13,3,0,0,0,1,0,2,0
1705,1990,11,9,3,1,0,0,2,0,4,0
1705,1991,14,14,1,0,0,0,0,0,3,0
1705,1992,4,4,1,0,0,0,0,0,2,0
1705,1993,13,13,3,0,0,0,0,0,4,0
1705,1994,4,4,3,0,0,0,0,0,1,0
1705,1995,4,4,0,0,0,0,0,0,1,0
1705,1996,9,9,2,0,0,0,0,0,4,0
1705,1997,11,9,5,0,0,0,2,0,2,0
1705,1998,3,2,2,0,0,1,1,0,0,0
1731,1990,4,4,1,0,0,0,0,0,2,0
1740,1986,3,3,1,0,0,0,0,0,0,0
1740,1987,6,6,1,0,0,0,0,0,1,0
1740,1988,4,4,1,0,0,0,0,0,0,0
1740,1990,4,3,1,0,0,0,1,0,0,0
1740,1991,6,6,2,0,0,0,0,0,0,0
1740,1992,11,9,3,1,0,0,1,0,0,0
1740,1993,3,3,0,0,0,0,0,0,1,0
1743,1992,3,2,0,0,0,0,0,0,1,0
1743,1995,2,2,0,0,0,0,0,0,1,0
1743,1996,1,1,0,0,0,0,0,0,1,0
1745,1988,1,1,0,0,0,0,0,0,0,0
1745,1989,1,1,1,0,0,0,0,0,0,0
1745,1990,2,2,1,0,0,0,0,0,0,0
1745,1995,5,3,0,0,0,0,2,0,1,0
1745,1996,7,7,1,0,0,0,0,0,2,0
1754,1989,1,1,0,0,0,0,0,0,1,0
1757,2000,4,2,1,0,0,0,1,1,0,0
1758,1992,4,3,2,1,0,0,1,0,0,0
1759,2008,6,6,1,0,0,1,0,0,1,0
1773,2004,2,2,0,0,0,0,0,0,0,0
1773,2005,2,2,1,0,0,0,0,0,1,0
1773,2006,5,4,0,0,0,0,0,0,1,0
1773,2007,1,1,0,0,0,0,0,0,0,0
1799,1988,4,4,1,0,0,0,0,0,1,0
1799,1989,2,1,1,0,0,0,0,0,0,0
1799,1990,2,2,0,0,0,0,0,0,0,0
1818,1992,5,4,2,1,0,0,1,0,1,0
1818,1993,4,4,0,0,0,0,0,0,1,0
1818,1994,3,3,0,0,0,0,0,0,1,0
1818,1995,2,1,0,0,0,0,1,0,0,0
1818,1997,3,3,0,0,0,0,0,0,0,0
1830,2003,3,2,0,0,0,0,0,0,0,0
1830,2004,6,6,1,0,0,0,0,0,0,0
1830,2005,3,3,1,0,0,0,0,0,0,0
1830,2006,3,3,1,0,0,0,0,0,0,0
1830,2007,4,4,1,0,0,0,0,0,0,0
1830,2008,3,2,1,1,0,0,0,1,0,0
1832,1990,6,5,2,0,0,0,0,1,0,0
1832,1991,1,1,0,0,0,0,0,0,0,0
1832,1995,4,4,0,0,0,0,0,0,0,0
1832,1996,6,6,1,1,0,0,0,0,0,0
1833,1994,4,4,0,0,0,0,0,0,0,0
1842,1987,5,5,3,2,0,0,0,0,1,0
1842,1988,4,4,1,1,0,0,0,0,0,0
1842,1989,3,3,0,0,0,0,0,0,0,0
1842,1990,2,2,2,0,0,1,0,0,0,0
1843,1990,12,11,5,1,0,0,1,0,0,0
1843,1997,3,2,0,0,0,0,0,0,0,1
1855,1997,3,3,0,0,0,0,0,0,1,0
1855,2002,3,2,0,0,0,0,1,0,0,0
1857,1998,5,5,0,0,0,0,0,0,0,0
1857,1999,3,3,3,1,1,0,0,0,0,0
1857,2000,7,7,2,0,0,0,0,0,0,0
1857,2002,2,2,0,0,0,0,0,0,0,0
1857,2003,3,2,2,0,0,0,1,0,0,0
1857,2004,15,11,4,1,0,0,3,1,1,0
1857,2005,3,3,1,0,0,0,0,0,0,0
1863,2008,3,2,1,0,0,0,0,0,0,0
1871,1999,6,5,3,1,0,0,1,0,0,0
1897,2000,7,6,1,0,0,0,0,0,1,1
1897,2003,2,2,0,0,0,0,0,0,1,0
1897,2004,4,4,0,0,0,0,0,0,0,0
1897,2007,1,1,1,0,0,0,0,0,0,0
1898,2004,5,4,1,0,0,0,1,0,0,0
1898,2005,3,3,0,0,0,0,0,0,2,0
1898,2008,8,8,1,0,0,0,0,0,2,0
1903,1998,2,1,0,0,0,0,1,0,0,0
1903,1999,9,9,2,0,0,0,0,0,2,0
1903,2000,12,12,1,0,0,0,0,0,4,0
1903,2001,9,9,1,0,0,0,0,0,5,0
1903,2002,11,11,2,1,0,0,0,0,3,0
1903,2003,4,3,1,0,0,0,0,0,0,1
1903,2005,6,4,1,0,0,0,1,0,1,0
1914,2000,3,3,2,0,0,0,0,0,0,0
1914,2002,10,9,3,0,0,0,1,0,0,0
1914,2005,3,3,0,0,0,0,0,0,1,0
1923,1993,3,3,0,0,0,0,0,0,0,0
1923,1994,1,1,0,0,0,0,0,0,1,0
1923,1995,4,4,0,0,0,0,0,0,3,0
1923,1996,6,6,2,0,0,1,0,0,0,0
1923,1997,6,6,3,0,0,1,0,0,0,0
1923,1998,6,5,3,1,0,1,0,1,1,0
1923,1999,6,5,2,1,0,0,1,0,0,0
1923,2000,4,4,0,0,0,0,0,0,1,0
1923,2001,3,3,1,1,0,0,0,0,0,0
1923,2004,3,3,1,0,0,0,0,0,2,0
1923,2005,3,3,1,0,0,0,0,0,0,0
1923,2006,5,5,1,0,0,0,0,0,1,0
1946,1992,7,5,1,0,0,0,1,1,2,0
1946,1993,11,10,4,1,0,0,0,0,1,1
1946,1994,3,3,1,0,0,0,0,0,1,0
1946,1995,3,3,0,0,0,0,0,0,1,0
1950,1998,3,3,1,0,0,0,0,0,0,0
1950,1999,11,9,3,0,0,0,1,0,2,0
1950,2000,4,4,0,0,0,0,0,0,1,0
1950,2002,6,6,1,0,0,0,0,0,1,0
1950,2003,10,9,1,0,0,0,1,0,1,0
1951,2007,2,2,0,0,0,0,0,0,0,0
1951,2008,2,2,2,0,0,0,0,0,0,0
1958,1991,5,5,1,1,0,0,0,0,0,0
1958,1992,3,3,1,0,0,0,0,0,0,0
1972,2006,2,2,0,0,0,0,0,0,0,0
1972,2007,2,0,0,0,0,0,0,0,0,0
1984,1990,5,5,2,1,0,0,0,0,1,0
1984,1991,8,8,1,0,0,0,0,0,2,0
1984,1992,9,9,1,0,0,0,0,0,2,0
1984,1993,4,4,0,0,0,0,0,0,0,0
2009,2003,3,2,1,0,0,1,1,0,0,0
2010,2003,13,12,3,0,1,1,0,0,0,0
2010,2004,7,7,0,0,0,0,0,0,0,0
2010,2006,1,1,0,0,0,0,0,0,0,0
2015,2004,3,2,0,0,0,0,0,0,0,0
2018,2001,1,1,0,0,0,0,0,0,0,0
2044,1999,1,1,0,0,0,0,0,0,0,0
2047,2003,4,3,0,0,0,0,0,1,1,0
2047,2004,3,3,0,0,0,0,0,0,1,0
2047,2005,1,1,0,0,0,0,0,0,0,0
2050,2008,3,3,1,1,0,0,0,0,0,0
2074,2004,3,2,0,0,0,0,0,0,1,0
2074,2005,2,2,0,0,0,0,0,0,1,0
2075,1992,3,3,0,0,0,0,0,0,0,0
2075,1993,2,2,0,0,0,0,0,0,2,0
2075,1994,3,3,0,0,0,0,0,0,1,0
2075,1996,3,3,0,0,0,0,0,0,0,0
2084,2003,3,3,2,0,0,1,0,0,0,0
2084,2006,3,3,0,0,0,0,0,0,0,0
2086,1998,10,10,3,1,0,0,0,0,2,0
2086,1999,7,7,1,0,0,0,0,0,0,0
2086,2000,6,6,1,0,0,0,0,0,0,0
2086,2003,2,2,0,0,0,0,0,0,2,0
2086,2005,3,3,1,0,0,0,0,0,0,0
2086,2006,6,4,1,0,0,0,1,0,0,1
2101,2004,12,11,3,0,0,0,1,0,1,0
2101,2005,16,15,6,2,0,0,1,0,2,0
2101,2006,7,7,2,0,0,0,0,0,0,0
2101,2007,1,1,0,0,0,0,0,0,0,0
2103,1992,1,1,0,0,0,0,0,0,1,0
2103,1993,1,1,0,0,0,0,0,0,0,0
2103,1994,6,6,2,0,0,0,0,0,2,0
2103,1995,4,4,1,0,0,0,0,0,0,0
2103,1996,3,2,0,0,0,0,1,0,1,0
2103,1997,7,7,0,0,0,0,0,0,2,0
2111,1987,9,6,3,1,0,1,3,0,3,0
2111,1989,3,3,1,1,0,0,0,0,0,0
2111,1990,12,10,2,1,0,1,2,0,2,0
2112,1991,5,5,2,0,0,1,0,0,0,0
2112,1992,12,12,1,0,0,1,0,0,2,0
2112,1993,6,6,0,0,0,0,0,0,0,0
2116,1992,1,0,0,0,0,0,0,0,0,0
2116,1996,5,5,0,0,0,0,0,0,0,0
2116,1997,2,1,0,0,0,0,0,0,1,0
2116,1998,2,2,0,0,0,0,0,0,0,0
2123,1997,3,3,0,0,0,0,0,0,1,0
2123,2002,3,3,1,0,0,0,0,0,0,0
2123,2003,3,3,1,0,0,0,0,0,0,0
2123,2005,2,2,1,0,0,0,0,0,1,0
2125,1987,2,2,0,0,0,0,0,0,0,0
2125,1988,13,9,5,1,0,1,3,1,1,0
2125,1989,9,9,2,1,0,0,0,0,3,0
2125,1990,2,2,1,0,0,0,0,0,1,0
2125,1991,10,8,0,0,0,0,2,0,5,0
2125,1992,6,5,0,0,0,0,1,0,2,0
2125,1993,5,5,1,0,0,0,0,0,0,0
2125,1999,3,3,1,1,0,0,0,0,1,0
2125,2000,3,3,1,0,0,0,0,0,0,0
2130,2006,4,4,1,0,0,0,0,0,2,0
2133,1992,3,3,0,0,0,0,0,0,1,0
2133,1993,9,8,2,0,0,0,1,0,0,0
2133,1994,7,6,2,0,0,0,1,0,1,0
2133,1995,6,6,0,0,0,0,0,0,1,0
2133,1996,8,8,1,0,0,0,0,0,1,0
2133,1997,8,8,4,0,0,0,0,0,0,0
2133,2003,2,2,2,0,0,0,0,0,0,0
2133,2004,3,3,2,1,0,0,0,0,0,0
2133,2005,5,4,0,0,0,0,0,0,1,0
2133,2006,5,4,1,0,0,0,1,0,0,0
2139,1999,3,3,0,0,0,0,0,0,0,0
2147,2000,3,3,0,0,0,0,0,0,1,0
2147,2005,2,2,2,0,0,0,0,0,0,0
2147,2006,2,2,0,0,0,0,0,0,0,0
2165,2005,3,3,0,0,0,0,0,0,0,0
2198,1992,3,3,0,0,0,0,0,0,0,0
2198,1994,3,3,0,0,0,0,0,0,1,0
2198,1995,2,2,0,0,0,0,0,0,0,0
2198,2000,4,4,0,0,0,0,0,0,2,0
2203,1992,7,6,2,0,1,0,1,0,1,0
2203,1993,1,1,0,0,0,0,0,0,0,0
2208,1988,1,1,0,0,0,0,0,0,0,0
2220,1987,11,10,4,0,0,0,1,0,2,0
2220,1988,17,17,3,0,0,0,0,0,5,0
2220,1989,7,7,2,0,0,0,0,0,2,0
2220,1990,7,7,2,0,0,0,0,0,2,0
2220,1991,12,9,3,0,0,0,3,0,3,0
2220,1992,7,7,4,1,0,0,0,0,1,0
2220,1993,4,4,2,0,0,0,0,0,0,0
2225,1988,4,3,0,0,0,0,1,0,0,0
2225,1989,1,1,0,0,0,0,0,0,0,0
2225,1990,1,0,0,0,0,0,1,0,0,0
2231,1998,3,3,0,0,0,0,0,0,1,0
2231,1999,1,1,0,0,0,0,0,0,0,0
2242,2005,2,1,0,0,0,0,0,0,1,0
2250,1991,2,1,0,0,0,0,0,0,1,0
2256,1986,3,3,1,0,0,0,0,0,0,0
2256,1987,2,2,0,0,0,0,0,0,0,0
2261,1989,1,1,0,0,0,0,0,0,0,0
2261,1990,3,3,0,0,0,0,0,0,1,0
2261,1991,2,2,0,0,0,0,0,0,0,0
2266,1993,9,9,4,0,0,0,0,0,2,0
2266,1994,7,6,2,0,0,0,1,0,1,0
2266,1995,4,3,1,0,0,0,0,0,1,1
2266,1996,4,4,2,1,0,0,0,0,0,0
2266,1997,6,6,1,0,0,0,0,0,1,0
2266,1999,3,3,3,0,0,0,0,0,0,0
2266,2000,3,3,0,0,0,0,0,0,1,0
2266,2001,4,3,0,0,0,0,0,0,1,1
2266,2003,5,5,1,0,0,0,0,0,1,0
2266,2005,7,6,1,1,0,0,0,0,0,0
2281,2000,2,2,0,0,0,0,0,0,0,0
2291,2008,3,3,0,0,0,0,0,0,2,0
2300,1993,2,1,0,0,0,0,0,1,0,0
2300,1994,2,2,0,0,0,0,0,0,1,0
2302,1991,6,6,0,0,0,0,0,0,2,0
2302,1994,3,3,0,0,0,0,0,0,1,0
2314,1995,9,9,0,0,0,0,0,0,3,0
2318,2000,3,3,1,0,0,0,0,0,1,0
2318,2001,6,6,1,0,0,0,0,0,1,0
2318,2002,3,1,0,0,0,0,2,0,0,0
2318,2003,5,5,0,0,0,0,0,0,1,0
2318,2004,3,3,0,0,0,0,0,0,0,0
2332,2000,3,3,0,0,0,0,0,0,1,0
2338,1992,4,4,1,0,0,0,0,0,2,0
2338,1993,3,3,0,0,0,0,0,0,0,0
2338,1994,11,10,2,1,0,0,0,0,1,1
2338,1995,8,8,5,0,0,1,0,0,0,0
2338,2000,4,4,0,0,0,0,0,0,2,0
2338,2002,1,1,0,0,0,0,0,0,1,0
2338,2003,10,10,0,0,0,0,0,0,3,0
2344,1996,3,1,1,0,0,0,0,0,0,0
2358,2008,2,2,0,0,0,0,0,0,0,0
2374,2008,3,3,2,0,0,1,0,0,0,0
2379,2005,7,6,1,0,0,0,1,0,0,0
2382,1993,3,3,1,1,0,0,0,0,1,0
2389,1997,5,5,1,0,1,0,0,0,0,0
2389,1998,6,6,0,0,0,0,0,0,0,0
2389,1999,1,1,0,0,0,0,0,0,0,0
2389,2000,1,1,0,0,0,0,0,0,1,0
2389,2001,7,6,3,0,0,0,0,0,1,0
2389,2002,5,5,2,0,0,0,0,0,0,0
2389,2003,8,8,1,0,0,0,0,0,1,0
2389,2004,9,7,1,0,0,0,1,0,2,0
2389,2005,6,6,3,0,0,0,0,0,0,0
2389,2006,4,4,1,0,0,0,0,0,0,0
2407,1987,6,4,0,0,0,0,0,1,1,0
2412,2000,4,4,2,0,0,1,0,0,2,0
2432,2007,3,3,1,1,0,0,0,0,1,0
2441,2004,4,4,0,0,0,0,0,0,1,0
2441,2005,5,5,1,0,0,1,0,0,0,0
2441,2006,6,6,3,0,0,1,0,0,0,0
2445,2000,4,4,3,0,0,1,0,0,0,0
2455,2007,3,3,2,0,0,0,0,0,1,0
2463,1995,5,5,1,0,0,0,0,0,3,0
2494,1997,3,2,1,0,0,0,0,0,0,0
2494,2002,3,3,2,0,0,1,0,0,0,0
2494,2003,3,3,0,0,0,0,0,0,0,0
2494,2004,2,2,0,0,0,0,0,0,0,0
2494,2005,3,3,0,0,0,0,0,0,0,0
2495,2003,1,1,0,0,0,0,0,0,1,0
2501,1987,3,3,0,0,0,0,0,0,0,0
2503,1996,3,3,1,0,0,0,0,0,1,0
2503,2004,2,2,0,0,0,0,0,0,0,0
2504,2003,3,2,0,0,0,0,0,0,1,1
2504,2005,2,2,0,0,0,0,0,0,2,0
2504,2006,3,3,0,0,0,0,0,0,0,0
2521,2008,3,3,0,0,0,0,0,0,0,0
2536,1996,3,3,1,0,0,0,0,0,0,0
2548,1996,3,3,1,0,0,0,0,0,0,0
2548,1997,3,3,1,0,0,0,0,0,1,0
2548,1998,3,3,2,0,0,0,0,0,0,0
2567,2004,2,2,0,0,0,0,0,0,0,0
2581,2003,1,1,0,0,0,0,0,0,0,0
2583,2002,6,6,0,0,0,0,0,0,2,0
2583,2005,4,3,1,0,0,0,1,0,1,0
2588,1987,4,4,3,1,0,0,0,0,0,0
2588,1988,7,5,2,0,0,0,2,0,0,0
2588,1990,8,8,3,0,0,2,0,0,2,0
2595,1998,1,1,0,0,0,0,0,0,0,0
2597,1987,2,2,0,0,0,0,0,0,1,0
2597,1988,1,1,0,0,0,0,0,0,0,0
2608,1986,1,1,0,0,0,0,0,0,1,0
2608,1987,1,1,0,0,0,0,0,0,1,0
2608,1988,2,2,0,0,0,0,0,0,1,0
2612,1999,7,7,3,1,0,0,0,0,0,0
2612,2000,3,3,2,0,0,1,0,0,1,0
2612,2001,3,3,1,0,0,0,0,0,0,0
2612,2002,5,5,1,0,0,0,0,0,1,0
2614,1987,1,1,1,1,0,0,0,0,0,0
2614,1993,1,1,0,0,0,0,0,0,0,0
2615,1987,4,3,1,0,0,0,1,0,2,0
2615,1989,12,10,2,0,1,0,2,0,2,0
2615,1990,7,7,3,0,0,1,0,0,1,0
2615,1991,3,2,0,0,0,0,1,0,1,0
2615,1992,13,10,2,0,0,0,3,0,1,0
2615,1993,10,8,2,0,0,1,2,0,1,0
2615,1994,3,3,1,0,0,1,0,0,1,0
2615,1995,4,4,0,0,0,0,0,0,2,0
2615,1997,11,10,0,0,0,0,0,0,5,1
2616,2004,3,3,0,0,0,0,0,0,1,0
2628,1999,3,3,0,0,0,0,0,0,2,0
2628,2001,6,4,2,0,0,0,2,0,0,0
2636,1987,3,3,2,1,0,0,0,0,0,0
2636,1999,2,2,1,0,0,0,0,0,0,0
2640,2004,3,3,0,0,0,0,0,0,2,0
2640,2007,2,2,0,0,0,0,0,0,0,0
2644,1986,4,3,0,0,0,0,1,0,0,0
2644,1987,2,2,0,0,0,0,0,0,2,0
2644,1988,10,9,3,0,0,0,1,0,1,0
2644,1989,12,12,1,0,1,0,0,0,5,0
2644,1990,6,4,1,0,0,0,1,1,0,0
2644,1991,8,8,2,0,0,0,0,0,5,0
2644,1992,4,4,0,0,0,0,0,0,0,0
2644,1993,4,4,1,0,0,0,0,0,1,0
2644,1996,3,3,2,0,0,0,0,0,0,0
2644,1998,3,2,0,0,0,0,1,0,2,0
2646,1987,3,2,0,0,0,0,1,0,0,0
2646,1988,12,9,2,0,0,0,2,1,1,0
2646,1989,12,12,3,0,0,1,0,0,2,0
2646,1990,3,2,1,1,0,0,1,0,0,0
2661,2007,2,2,0,0,0,0,0,0,0,0
2666,1988,4,3,0,0,0,0,1,0,1,0
2666,1989,6,6,1,0,0,0,0,0,0,0
2667,1990,3,3,0,0,0,0,0,0,0,0
2667,1991,1,1,0,0,0,0,0,0,0,0
2674,2001,3,3,0,0,0,0,0,0,1,0
2696,1986,2,2,1,1,0,0,0,0,0,0
2696,1995,1,1,0,0,0,0,0,0,0,0
2723,1996,3,3,0,0,0,0,0,0,3,0
2733,1997,1,1,0,0,0,0,0,0,1,0
2741,1991,2,1,0,0,0,0,0,0,1,0
2754,2008,3,3,1,0,0,0,0,0,0,0
2767,1989,3,3,0,0,0,0,0,0,2,0
2767,1990,4,4,0,0,0,0,0,0,1,0
2767,1991,3,3,0,0,0,0,0,0,0,0
2773,1997,3,3,0,0,0,0,0,0,2,0
2773,1998,4,4,1,0,0,0,0,0,1,0
2773,2005,9,8,0,0,0,0,0,1,3,0
2773,2006,8,8,3,0,0,1,0,0,2,0
2773,2007,2,2,1,0,0,0,0,0,1,0
2778,1998,3,3,1,0,0,0,0,0,2,0
2778,2000,1,1,0,0,0,0,0,0,0,0
2778,2001,1,0,0,0,0,0,1,0,0,0
2778,2002,5,2,0,0,0,0,2,0,0,1
2810,1998,1,1,0,0,0,0,0,0,1,0
2810,1999,1,1,0,0,0,0,0,0,1,0
2810,2000,2,2,0,0,0,0,0,0,1,0
2810,2008,2,2,1,0,0,0,0,0,0,0
2828,1989,4,4,1,0,0,0,0,0,1,0
2829,2007,3,3,0,0,0,0,0,0,0,0
2829,2008,2,2,0,0,0,0,0,0,1,0
2835,1990,8,8,2,0,0,0,0,0,0,0
2835,1991,14,13,3,1,0,0,0,0,6,1
2835,1992,8,6,2,0,0,0,2,0,0,0
2835,1993,4,2,1,0,0,0,2,0,0,0
2835,1994,4,4,0,0,0,0,0,0,1,0
2835,1995,3,3,0,0,0,0,0,0,1,0
2835,1996,7,6,1,0,0,0,1,0,3,0
2835,1997,11,10,2,0,0,0,0,1,5,0
2835,1999,3,3,0,0,0,0,0,0,0,0
2835,2000,4,3,2,0,0,0,1,0,0,0
2835,2001,1,1,0,0,0,0,0,0,0,0
2837,1990,2,1,0,0,0,0,0,0,1,0
2837,1991,4,2,0,0,0,0,0,0,1,0
2837,1992,2,2,0,0,0,0,0,0,0,0
2841,2003,2,1,0,0,0,0,1,0,0,0
2842,1993,10,9,2,1,0,0,1,0,1,0
2852,1988,1,1,0,0,0,0,0,0,0,0
2859,2008,5,5,1,0,0,0,0,0,0,0
2865,1999,1,1,0,0,0,0,0,0,1,0
2869,1986,4,4,4,0,0,1,0,0,0,0
2869,1987,2,2,0,0,0,0,0,0,0,0
2869,1988,3,3,2,0,0,0,0,0,0,0
2874,2003,3,3,2,1,0,0,0,0,0,0
2874,2005,7,7,2,0,0,0,0,0,0,0
2879,2004,1,1,0,0,0,0,0,0,0,0
2890,1986,3,3,2,0,0,0,0,0,0,0
2890,1987,3,3,1,0,0,0,0,0,1,0
2890,1988,1,0,0,0,0,0,1,0,0,0
2891,1994,4,4,0,0,0,0,0,0,0,0
2891,1995,3,3,1,0,0,0,0,0,0,0
2918,1997,8,8,3,1,0,0,0,0,1,0
2918,1998,4,4,0,0,0,0,0,0,1,0
2918,2000,4,4,1,1,0,0,0,0,1,0
2947,1992,1,1,0,0,0,0,0,0,0,0
2955,2008,3,3,2,0,0,0,0,0,0,0
2982,1991,1,1,0,0,0,0,0,0,0,0
2982,1992,7,6,1,0,0,0,1,0,5,0
2982,1993,8,7,1,0,0,0,1,0,1,0
2982,1995,3,3,0,0,0,0,0,0,2,0
2988,1988,4,4,0,0,0,0,0,0,1,0
2989,1986,1,1,0,0,0,0,0,0,0,0
2989,1987,3,3,0,0,0,0,0,0,1,0
2989,1988,9,5,1,1,0,0,3,0,1,1
2989,1989,11,8,2,1,0,0,3,0,2,0
2989,1990,14,12,6,2,0,0,2,0,2,0
2989,1991,14,13,5,1,0,0,1,0,1,0
2989,1992,5,5,2,0,0,1,0,0,0,0
2992,1994,2,2,0,0,0,0,0,0,2,0
3003,2005,2,2,0,0,0,0,0,0,1,0
3003,2006,2,1,0,0,0,0,1,0,1,0
3003,2007,3,3,1,0,0,0,0,0,1,0
3014,1988,2,1,0,0,0,0,1,0,0,0
3014,1991,1,1,0,0,0,0,0,0,0,0
3016,2004,3,1,0,0,0,0,0,0,1,0
3025,1992,3,3,0,0,0,0,0,0,2,0
3028,1987,4,4,0,0,0,0,0,0,0,0
3028,1988,5,5,1,0,0,0,0,0,2,0
3028,1989,6,5,0,0,0,0,0,0,1,0
3028,1990,1,1,0,0,0,0,0,0,0,0
3028,1992,3,2,1,0,0,0,0,0,0,0
3028,1995,3,3,1,0,0,0,0,0,0,0
3036,1993,1,1,0,0,0,0,0,0,1,0
3039,1998,1,1,0,0,0,0,0,0,1,0
3044,1999,4,4,1,0,0,0,0,0,0,0
3044,2001,2,2,1,0,0,0,0,0,0,0
3044,2002,3,3,0,0,0,0,0,0,3,0
3044,2005,3,3,0,0,0,0,0,0,1,0
3044,2006,3,3,1,0,0,0,0,0,0,0
3045,2006,3,3,2,0,0,0,0,0,0,0
3045,2007,8,8,3,0,0,0,0,0,1,0
3045,2008,7,4,0,0,0,0,2,0,0,1
3049,1987,2,2,1,0,0,0,0,0,0,0
3065,2001,1,1,1,0,0,0,0,0,0,0
3072,2006,3,3,0,0,0,0,0,0,2,0
3072,2007,4,4,0,0,0,0,0,0,1,0
3083,2007,3,1,0,0,0,0,2,0,0,0
3083,2008,3,3,1,0,0,0,0,0,0,0
3086,2005,6,5,2,0,0,0,0,0,1,1
3095,2008,2,2,1,0,0,0,0,0,0,0
3097,2003,9,8,2,0,1,0,1,0,1,0
3098,1987,7,7,1,0,0,0,0,0,2,0
3098,1989,3,3,0,0,0,0,0,0,0,0
3098,1990,3,2,0,0,0,0,1,0,1,0
3098,1991,4,4,2,0,1,0,0,0,0,0
3098,1992,10,10,2,1,0,0,0,0,4,0
3098,1993,3,3,0,0,0,0,0,0,2,0
3098,1994,3,3,0,0,0,0,0,0,1,0
3098,1995,6,6,2,1,0,0,0,0,1,0
3102,2002,5,5,0,0,0,0,0,0,1,0
3102,2003,2,2,0,0,0,0,0,0,1,0
3102,2004,15,14,4,0,0,3,1,0,3,0
3102,2005,6,5,0,0,0,0,1,0,1,0
3102,2006,13,12,3,2,0,1,1,0,4,0
3102,2007,3,3,0,0,0,0,0,0,2,0
3102,2008,6,5,3,1,0,1,1,0,1,0
3107,1987,3,3,0,0,0,0,0,0,0,0
3116,1994,3,3,1,0,0,0,0,0,0,0
3116,1995,3,3,0,0,0,0,0,0,1,0
3116,1996,7,7,3,1,0,1,0,0,0,0
3116,1997,8,8,2,0,0,0,0,0,0,0
3116,1998,1,1,0,0,0,0,0,0,0,0
3117,1998,11,11,3,0,0,0,0,0,3,0
3117,1999,3,3,1,0,0,0,0,0,0,0
3122,2002,2,2,1,1,0,0,0,0,0,0
3122,2003,3,3,2,1,0,0,0,0,0,0
3136,1988,3,3,0,0,0,0,0,0,1,0
3137,2003,4,4,0,0,0,0,0,0,1,0
3137,2004,3,3,1,0,1,0,0,0,0,0
3137,2006,9,9,3,0,1,0,0,0,3,0
3137,2007,9,8,2,0,0,0,1,0,1,0
3137,2008,3,3,0,0,0,0,0,0,0,0
3140,2004,4,4,1,0,0,0,0,0,1,0
3140,2005,1,1,0,0,0,0,0,0,0,0
3147,2003,3,3,1,0,0,0,0,0,0,0
3147,2005,6,6,2,0,0,1,0,0,0,0
3147,2006,6,5,2,0,0,0,1,0,1,0
3152,1987,11,10,3,0,0,0,1,0,3,0
3152,1988,7,7,1,0,0,0,0,0,0,0
3152,1989,21,16,3,1,0,0,3,0,1,1
3152,1990,7,6,2,1,0,0,1,0,2,0
3152,1991,3,3,1,0,1,0,0,0,0,0
3152,1992,8,7,2,0,0,0,0,1,2,0
3152,1993,11,11,2,2,0,0,0,0,1,0
3152,1994,3,3,1,0,0,0,0,0,1,0
3152,1995,7,7,2,1,0,0,0,0,1,0
3152,1996,7,7,2,0,0,0,0,0,3,0
3160,1997,3,3,3,0,0,0,0,0,0,0
3160,2005,6,6,1,0,0,0,0,0,1,0
3163,1987,2,2,1,0,0,0,0,0,1,0
3166,2003,3,2,0,0,0,0,0,0,0,0
3172,1999,1,1,0,0,0,0,0,0,0,0
3172,2002,3,3,0,0,0,0,0,0,1,0
3175,2005,11,11,5,2,0,0,0,0,0,0
3175,2006,12,11,1,0,0,0,1,0,0,0
3175,2007,3,3,1,0,0,0,0,0,0,0
3192,2001,3,3,0,0,0,0,0,0,1,0
3192,2002,2,2,0,0,0,0,0,0,1,0
3192,2003,3,3,0,0,0,0,0,0,0,0
3192,2004,6,6,3,0,0,1,0,0,1,0
3192,2005,11,11,3,2,0,0,0,0,2,0
3192,2006,11,10,3,1,0,1,1,0,3,0
3192,2007,3,3,1,0,0,0,0,0,0,0
3192,2008,4,4,1,0,0,0,0,0,0,0
3221,1993,7,6,2,0,0,0,1,0,0,0
3221,1994,3,3,1,0,0,0,0,0,0,0
3221,1995,7,7,1,0,0,0,0,0,1,0
3221,1996,15,14,3,0,1,0,1,0,2,0
3221,1997,1,1,0,0,0,0,0,0,0,0
3221,1998,3,3,0,0,0,0,0,0,1,0
3223,2000,3,3,0,0,0,0,0,0,1,0
3227,2005,6,6,0,0,0,0,0,0,3,0
3229,1998,4,3,1,0,0,0,1,0,1,0
3243,2005,4,4,1,1,0,0,0,0,1,0
3243,2007,2,2,1,0,0,0,0,0,0,0
3247,2003,3,3,0,0,0,0,0,0,0,0
3248,2001,2,2,0,0,0,0,0,0,2,0
3257,1986,2,1,0,0,0,0,1,0,0,0
3257,1988,4,4,1,1,0,0,0,0,0,0
3257,1989,6,5,1,0,0,1,0,0,0,1
3257,1990,2,2,0,0,0,0,0,0,1,0
3257,1991,8,6,0,0,0,0,2,0,0,0
3257,1997,5,5,2,0,0,0,0,0,0,0
3257,2000,3,3,0,0,0,0,0,0,0,0
3266,2006,10,10,4,2,0,0,0,0,0,0
3266,2008,5,5,0,0,0,0,0,0,1,0
3267,2002,16,14,5,0,0,1,1,1,0,0
3267,2003,6,6,2,0,0,0,0,0,0,0
3267,2005,6,6,2,1,0,0,0,0,0,0
3267,2006,11,11,4,2,0,0,0,0,3,0
3267,2007,3,3,1,1,0,0,0,0,1,0
3284,2004,9,9,2,1,0,0,0,0,1,0
3284,2005,12,12,3,0,0,1,0,0,5,0
3294,2004,3,3,1,0,0,0,0,0,0,0
3300,1986,4,4,1,0,0,0,0,0,1,0
3300,1987,4,3,2,0,0,2,1,0,0,0
3300,1988,3,3,1,0,0,1,0,0,1,0
3331,1992,2,2,0,0,0,0,0,0,0,0
3335,2000,9,7,1,0,0,0,2,0,2,0
3339,1999,2,0,0,0,0,0,0,0,0,0
3339,2000,2,2,0,0,0,0,0,0,2,0
3339,2003,2,1,0,0,0,0,0,0,1,0
3343,2001,11,11,0,0,0,0,0,0,2,0
3343,2005,3,3,2,1,0,0,0,0,0,0
3343,2006,3,2,1,0,0,0,0,0,1,1
3352,2007,5,5,1,0,0,0,0,0,0,0
3352,2008,5,4,0,0,0,0,1,0,0,0
3355,1994,4,4,2,0,0,0,0,0,0,0
3355,1995,6,6,0,0,0,0,0,0,2,0
3358,1989,6,6,1,0,0,0,0,0,0,0
3367,2004,6,5,2,0,0,0,0,0,0,0
3367,2005,6,5,2,1,0,0,1,0,1,0
3367,2006,6,5,0,0,0,0,0,0,1,0
3368,1994,1,1,0,0,0,0,0,0,0,0
3369,1993,4,4,0,0,0,0,0,0,3,0
3369,1995,3,3,1,0,0,0,0,0,1,0
3369,1996,3,3,2,0,0,0,0,0,0,0
3369,1997,7,7,2,0,0,0,0,0,4,0
3369,1998,3,3,0,0,0,0,0,0,0,0
3369,1999,6,5,3,0,0,0,0,0,0,1
3369,2000,3,3,0,0,0,0,0,0,2,0
3369,2001,4,3,0,0,0,0,1,0,1,0
3369,2003,3,3,0,0,0,0,0,0,0,0
3369,2005,3,3,1,0,0,1,0,0,0,0
3377,1999,5,4,1,0,0,0,0,0,1,1
3397,1986,2,2,0,0,0,0,0,0,2,0
3408,1996,3,3,1,0,0,0,0,0,0,0
3420,2000,1,1,0,0,0,0,0,0,1,0
3433,1992,4,4,1,0,0,0,0,0,1,0
3436,1993,4,3,1,0,0,0,1,0,1,0
3441,2004,4,4,2,0,0,1,0,0,1,0
3441,2005,4,4,1,0,0,0,0,0,0,0
3441,2006,8,8,0,0,0,0,0,0,2,0
3441,2007,6,6,2,0,0,1,0,0,0,0
3441,2008,3,3,1,1,0,0,0,0,0,0
3442,2003,1,1,0,0,0,0,0,0,1,0
3450,1988,3,2,0,0,0,0,0,1,0,0
3468,1987,2,2,0,0,0,0,0,0,0,0
3468,1988,1,1,0,0,0,0,0,0,1,0
3468,1989,3,3,1,0,0,0,0,0,0,0
3468,1990,3,3,1,0,0,0,0,0,1,0
3468,1993,2,2,1,0,0,0,0,0,0,0
3469,1991,13,12,2,0,0,0,1,0,5,0
3469,1992,15,13,6,0,1,1,2,0,1,0
3469,1993,3,3,1,0,0,0,0,0,1,0
3469,1994,9,9,1,0,0,0,0,0,4,0
3469,1998,4,4,1,0,0,0,0,0,1,0
3469,2001,1,1,0,0,0,0,0,0,1,0
3486,2002,2,2,0,0,0,0,0,0,0,0
3486,2005,2,2,0,0,0,0,0,0,0,0
3489,1997,3,3,0,0,0,0,0,0,1,0
3495,2006,12,10,2,0,0,1,2,0,2,0
3495,2007,5,5,1,0,0,1,0,0,1,0
3502,2004,3,3,2,0,1,0,0,0,0,0
3504,1992,1,1,0,0,0,0,0,0,1,0
3509,2002,2,2,1,0,0,0,0,0,0,0
3509,2004,1,1,0,0,0,0,0,0,1,0
3520,1991,14,14,3,0,0,0,0,0,1,0
3520,1992,12,12,2,0,0,0,0,0,2,0
3520,1993,12,11,3,0,0,1,0,0,2,0
3520,1995,4,4,0,0,0,0,0,0,2,0
3520,1996,9,9,3,1,0,0,0,0,3,0
3520,1997,11,9,1,0,0,0,1,0,2,1
3520,1998,3,2,0,0,0,0,1,0,1,0
3520,1999,4,3,1,0,0,0,1,0,0,0
3520,2000,7,7,2,0,0,0,0,0,1,0
3520,2001,6,5,3,0,1,1,1,0,0,0
3520,2002,5,4,0,0,0,0,1,0,1,0
3520,2003,6,6,2,0,0,0,0,0,1,0
3520,2004,6,5,3,0,0,2,0,0,0,0
3520,2006,3,3,0,0,0,0,0,0,0,0
3534,1988,2,2,0,0,0,0,0,0,1,0
3550,1987,2,1,1,0,0,0,1,0,0,0
3550,1989,3,3,0,0,0,0,0,0,1,0
3550,1990,10,8,2,0,0,0,2,0,2,0
3550,1991,3,3,0,0,0,0,0,0,0,0
3556,1996,3,3,2,1,0,0,0,0,1,0
3556,1997,8,7,1,0,0,0,1,0,1,0
3556,2001,3,3,0,0,0,0,0,0,1,0
3561,1987,2,2,0,0,0,0,0,0,1,0
3561,1988,4,4,2,0,0,0,0,0,1,0
3561,1989,4,3,0,0,0,0,1,0,0,0
3568,1990,3,3,0,0,0,0,0,0,0,0
3568,1991,9,9,1,0,0,0,0,0,2,0
3568,1992,6,6,3,1,0,0,0,0,0,0
3568,1993,4,2,0,0,0,0,0,0,1,2
3568,1994,11,10,0,0,0,0,1,0,2,0
3568,1995,3,3,1,1,0,0,0,0,1,0
3568,1996,10,9,1,0,0,0,0,1,4,0
3568,1998,4,4,1,0,0,0,0,0,1,0
3584,2008,3,3,0,0,0,0,0,0,0,0
3595,1994,8,7,1,0,0,1,1,0,2,0
3595,1996,6,6,3,1,0,0,0,0,2,0
3595,1997,3,3,1,0,0,0,0,0,0,0
3595,1998,9,9,1,0,0,0,0,0,5,0
3595,2000,11,10,3,0,0,1,1,0,3,0
3595,2001,11,11,4,4,0,0,0,0,1,0
3595,2002,4,4,0,0,0,0,0,0,1,0
3595,2003,10,10,2,0,0,0,0,0,1,0
3595,2005,6,5,0,0,0,0,1,0,2,0
3595,2006,8,8,3,2,0,0,0,0,0,0
3600,2005,1,1,0,0,0,0,0,0,1,0
3604,1986,2,1,1,0,0,0,1,0,0,0
3604,1987,11,11,4,1,0,0,0,0,3,0
3604,1988,11,10,2,0,0,0,0,1,0,0
3604,1989,7,6,3,0,0,0,1,0,1,0
3604,1990,10,9,3,0,0,0,1,0,0,0
3604,1991,6,5,1,1,0,0,1,0,1,0
3604,1992,4,4,0,0,0,0,0,0,1,0
3604,1993,7,6,3,0,0,0,1,0,1,0
3604,1994,7,6,1,0,0,0,1,0,0,0
3609,2007,3,3,0,0,0,0,0,0,0,0
3613,1996,1,1,1,0,0,0,0,0,0,0
3616,2003,2,2,0,0,0,0,0,0,0,0
3618,2003,3,3,1,1,0,0,0,0,0,0
3620,1987,7,7,1,0,0,0,0,0,0,0
3620,1988,5,5,0,0,0,0,0,0,1,0
3620,1989,1,1,1,0,0,0,0,0,0,0
3634,1987,1,0,0,0,0,0,0,0,0,0
3634,1988,2,1,0,0,0,0,0,0,0,0
3662,2008,3,3,0,0,0,0,0,0,0,0
3664,1998,4,4,2,1,0,0,0,0,1,0
3664,2000,1,1,0,0,0,0,0,0,0,0
3664,2001,3,3,1,0,0,0,0,0,0,0
3664,2002,12,11,3,0,0,1,1,0,0,0
3664,2003,5,5,2,0,0,0,0,0,1,0
3676,2008,3,3,2,0,0,1,0,0,0,0
3682,2004,3,2,2,0,0,0,1,0,0,0
3683,2005,2,1,0,0,0,0,0,0,1,0
3683,2007,7,4,2,0,0,0,0,0,0,0
3684,2007,4,4,1,0,0,0,0,0,1,0
3684,2008,3,3,2,0,0,0,0,0,0,0
3688,2007,3,3,0,0,0,0,0,0,0,0
3689,1996,4,3,0,0,0,0,0,0,0,1
3689,1997,2,2,0,0,0,0,0,0,0,0
3689,1999,3,3,0,0,0,0,0,0,1,0
3689,2000,3,3,0,0,0,0,0,0,1,0
3702,1994,1,1,0,0,0,0,0,0,1,0
3709,1994,5,4,1,0,0,0,1,0,2,0
3726,1996,1,1,0,0,0,0,0,0,1,0
3729,2004,12,12,3,2,0,1,0,0,1,0
3729,2005,6,6,2,0,0,0,0,0,1,0
3729,2006,9,9,3,0,0,0,0,0,2,0
3729,2007,4,4,1,1,0,0,0,0,0,0
3762,2000,4,2,1,0,0,0,2,0,0,0
3763,1997,3,3,2,1,0,0,0,0,0,0
3774,2008,5,5,1,0,0,0,0,0,0,0
3780,1997,4,3,2,0,0,1,1,0,0,0
3780,1998,11,9,1,1,0,0,2,0,1,0
3780,1999,4,4,1,1,0,0,0,0,1,0
3794,2004,3,3,1,0,0,0,0,0,0,0
3794,2005,3,2,0,0,0,0,1,0,0,0
3794,2006,3,3,1,0,0,0,0,0,0,0
3794,2007,8,8,1,0,0,0,0,0,0,0
3794,2008,2,2,1,0,0,0,0,0,0,0
3804,1996,7,7,2,1,0,0,0,0,1,0
3804,1997,10,10,2,0,0,0,0,0,1,0
3810,1996,7,7,2,1,0,0,0,0,0,0
3812,1993,1,1,0,0,0,0,0,0,0,0
3817,1986,2,2,1,0,0,0,0,0,0,0
3817,1987,3,3,1,0,0,0,0,0,0,0
3817,1988,16,14,1,0,0,0,0,2,6,0
3817,1989,14,14,3,0,0,1,0,0,5,0
3817,1990,10,9,0,0,0,0,0,1,4,0
3817,1991,6,6,2,0,0,0,0,0,1,0
3817,1992,3,3,0,0,0,0,0,0,0,0
3817,1993,3,3,1,0,0,0,0,0,1,0
3817,1994,3,3,2,0,0,0,0,0,1,0
3817,1995,4,4,2,0,0,0,0,0,0,0
3817,1996,6,6,3,1,0,0,0,0,2,0
3817,1997,6,5,2,0,0,0,0,1,0,0
3817,2002,4,3,2,0,0,0,1,0,1,0
3817,2003,1,1,0,0,0,0,0,0,0,0
3825,1992,5,5,0,0,0,0,0,0,2,0
3825,1993,2,2,0,0,0,0,0,0,0,0
3846,1988,3,3,0,0,0,0,0,0,1,0
3846,1990,11,8,2,0,0,1,2,0,2,1
3846,1991,3,3,1,0,0,0,0,0,0,0
3846,1992,6,6,1,0,0,0,0,0,1,0
3846,1995,13,12,3,0,0,0,0,1,6,0
3846,1996,10,9,0,0,0,0,0,0,1,1
3846,1997,10,9,1,0,0,0,1,0,2,0
3846,1998,3,2,0,0,0,0,0,0,0,1
3846,1999,6,5,0,0,0,0,1,0,2,0
3846,2000,11,10,2,0,0,1,1,0,1,0
3861,1992,1,1,0,0,0,0,0,0,0,0
3861,1994,3,3,1,0,0,0,0,0,1,0
3861,1996,3,3,0,0,0,0,0,0,0,0
3861,1997,2,2,1,0,0,0,0,0,0,0
3863,1988,4,4,1,0,0,0,0,0,0,0
3863,1989,3,2,0,0,0,0,0,0,0,1
3869,1998,3,3,0,0,0,0,0,0,0,0
3870,2005,3,2,0,0,0,0,0,0,0,0
3884,2004,3,2,0,0,0,0,1,0,1,0
3885,1988,1,1,0,0,0,0,0,0,0,0
3896,1999,4,4,1,0,0,0,0,0,0,0
3896,2000,3,3,1,1,0,0,0,0,0,0
3896,2002,5,5,2,1,0,0,0,0,0,0
3896,2007,6,6,0,0,0,0,0,0,0,0
3914,1991,1,1,1,0,0,0,0,0,0,0
3914,1993,11,9,2,0,0,0,2,0,1,0
3916,1990,2,2,0,0,0,0,0,0,2,0
3916,1995,1,0,0,0,0,0,0,0,0,0
3916,1996,2,2,0,0,0,0,0,0,1,0
3916,1997,2,2,1,0,0,0,0,0,0,0
3916,2001,2,2,0,0,0,0,0,0,1,0
3924,2008,3,3,0,0,0,0,0,0,1,0
3974,1990,4,4,2,0,0,0,0,0,1,0
3974,1991,5,5,0,0,0,0,0,0,2,0
3974,1992,3,3,1,1,0,0,0,0,0,0
4019,1986,2,1,1,1,0,0,1,0,0,0
4020,2001,1,1,1,0,0,1,0,0,0,0
4020,2003,3,2,0,0,0,0,1,0,0,0
4028,1988,8,7,2,1,0,0,1,0,2,0
4028,1989,4,3,1,1,0,0,1,0,0,0
4028,1990,4,2,1,0,0,0,2,0,0,0
4028,1992,4,3,0,0,0,0,1,0,1,0
4030,1992,2,2,0,0,0,0,0,0,1,0
4053,1999,4,4,0,0,0,0,0,0,1,0
4053,2000,8,5,5,2,0,0,3,0,0,0
4053,2001,4,4,1,0,0,0,0,0,1,0
4053,2002,8,7,2,0,0,1,1,0,1,0
4053,2004,3,3,0,0,0,0,0,0,2,0
4053,2005,2,2,1,1,0,0,0,0,0,0
4053,2006,9,8,3,1,0,0,1,0,0,0
4053,2008,6,5,2,1,0,0,1,0,0,0
4056,2004,1,1,0,0,0,0,0,0,0,0
4056,2005,3,3,2,1,0,0,0,0,0,0
4058,1991,7,5,1,1,0,0,1,0,1,1
4058,1992,3,3,0,0,0,0,0,0,1,0
4058,1993,10,10,5,2,0,0,0,0,2,0
4058,1994,6,6,1,0,0,0,0,0,1,0
4058,1995,16,16,2,0,0,1,0,0,1,0
4058,1996,10,9,6,2,0,0,1,0,2,0
4058,1997,6,5,1,0,0,0,0,0,1,1
4058,1999,3,3,0,0,0,0,0,0,1,0
4075,2003,3,3,1,1,0,0,0,0,2,0
4075,2004,3,3,0,0,0,0,0,0,0,0
4081,1993,3,3,1,0,0,0,0,0,1,0
4081,1994,6,6,1,0,0,0,0,0,0,0
4081,1995,4,3,1,0,0,0,0,0,1,0
4081,1997,3,3,1,0,0,0,0,0,1,0
4081,1998,3,3,0,0,0,0,0,0,0,0
4081,2001,3,3,1,0,0,0,0,0,2,0
4081,2002,2,2,1,1,0,0,0,0,0,0
4090,1997,4,4,0,0,0,0,0,0,1,0
4090,1998,7,6,1,0,0,0,0,0,0,0
4090,1999,6,6,2,0,0,0,0,0,2,0
4090,2000,11,10,2,0,0,0,0,0,2,1
4090,2001,16,16,5,1,0,0,0,0,2,0
4090,2002,3,3,0,0,0,0,0,0,0,0
4093,2005,5,5,1,0,0,0,0,0,0,0
4093,2008,4,4,2,2,0,0,0,0,0,0
4095,2003,2,1,0,0,0,0,0,0,0,0
4102,2005,2,1,0,0,0,0,0,0,1,0
4117,1990,3,2,0,0,0,0,1,0,0,0
4117,1994,3,3,0,0,0,0,0,0,2,0
4133,1996,3,3,0,0,0,0,0,0,0,0
4133,1997,9,9,3,0,0,0,0,0,2,0
4133,1998,2,2,0,0,0,0,0,0,1,0
4134,2008,4,3,2,0,0,0,0,1,0,0
4152,1997,2,2,1,0,0,0,0,0,0,0
4152,1998,3,3,0,0,0,0,0,0,1,0
4152,2002,3,3,0,0,0,0,0,0,1,0
4152,2003,6,6,1,0,0,1,0,0,2,0
4153,1999,10,10,3,1,0,0,0,0,0,0
4153,2000,10,10,3,0,0,0,0,0,2,0
4153,2001,8,8,2,1,0,0,0,0,2,0
4153,2002,4,4,0,0,0,0,0,0,1,0
4153,2003,7,6,1,0,0,1,1,0,0,0
4153,2005,6,5,0,0,0,0,1,0,0,0
4153,2007,3,3,0,0,0,0,0,0,1,0
4154,2006,7,6,1,0,0,0,1,0,0,0
4154,2008,6,5,2,1,0,1,1,0,2,0
4172,2003,3,3,1,0,0,0,0,0,0,0
4173,1997,2,2,1,0,0,0,0,0,0,0
4175,1991,14,12,7,1,0,3,2,0,0,0
4175,1992,11,10,2,1,0,0,0,0,3,0
4175,1993,14,13,4,2,0,0,1,0,1,0
4175,1994,4,4,0,0,0,0,0,0,0,0
4175,1995,10,10,0,0,0,0,0,0,1,0
4175,1996,7,7,2,0,0,1,0,0,1,0
4175,1997,7,7,2,0,0,0,0,0,1,0
4175,1999,4,4,1,0,0,1,0,0,0,0
4175,2000,7,6,2,0,0,0,1,0,1,0
4175,2001,7,7,3,0,0,1,0,0,1,0
4175,2002,5,4,0,0,0,0,1,0,1,0
4175,2003,7,6,3,0,0,1,1,0,0,0
4175,2004,3,3,1,0,0,0,0,0,0,0
4175,2005,6,5,4,1,0,3,1,0,0,0
4175,2006,6,6,2,1,0,0,0,0,0,0
4175,2007,8,6,2,0,0,0,2,0,1,0
4175,2008,6,5,1,0,0,0,1,0,0,0
4178,2005,3,3,1,1,0,0,0,0,0,0
4202,1996,4,4,2,1,0,0,0,0,1,0
4202,1997,3,3,0,0,0,0,0,0,0,0
4203,1988,2,2,0,0,0,0,0,0,0,0
4203,1990,5,5,1,1,0,0,0,0,1,0
4209,1992,4,4,0,0,0,0,0,0,0,0
4209,2000,4,4,0,0,0,0,0,0,1,0
4209,2002,5,4,1,0,0,0,1,0,0,0
4209,2003,5,5,3,1,0,0,0,0,0,0
4231,2007,2,2,0,0,0,0,0,0,0,0
4252,1993,7,6,1,0,0,0,1,0,0,0
4252,1994,3,3,0,0,0,0,0,0,1,0
4252,1995,4,4,1,0,0,0,0,0,0,0
4252,1996,7,7,3,0,0,1,0,0,0,0
4252,1997,4,4,1,1,0,0,0,0,1,0
4252,1998,3,3,0,0,0,0,0,0,1,0
4252,1999,7,7,2,1,0,1,0,0,0,0
4252,2000,3,3,1,0,0,0,0,0,1,0
4252,2001,7,6,3,0,0,0,0,0,1,1
4252,2002,3,3,0,0,0,0,0,0,0,0
4252,2003,3,1,0,0,0,0,1,0,1,1
4253,1996,2,2,0,0,0,0,0,0,1,0
4256,2006,3,3,1,1,0,0,0,0,1,0
4268,2008,3,3,3,0,0,1,0,0,0,0
4271,1988,2,2,0,0,0,0,0,0,1,0
4271,1990,1,1,1,0,0,0,0,0,0,0
4282,2003,2,2,1,0,0,0,0,0,0,0
4295,1998,1,1,0,0,0,0,0,0,1,0
4314,2004,3,3,0,0,0,0,0,0,0,0
4314,2005,3,3,1,0,0,0,0,0,0,0
4314,2006,5,5,1,0,0,1,0,0,1,0
4317,2004,3,3,0,0,0,0,0,0,0,0
4323,1997,2,2,1,0,0,1,0,0,1,0
4323,1998,4,4,2,0,0,0,0,0,1,0
4323,2000,7,6,4,1,0,1,1,0,1,0
4323,2001,6,4,2,0,0,0,2,0,1,0
4323,2002,3,3,1,0,0,1,0,0,1,0
4323,2003,5,3,1,1,0,0,2,0,1,0
4323,2004,3,2,0,0,0,0,1,0,0,0
4323,2005,4,4,1,1,0,0,0,0,1,0
4323,2006,5,5,2,0,0,0,0,0,1,0
4323,2007,2,2,1,0,0,0,0,0,0,0
4324,1997,3,3,0,0,0,0,0,0,1,0
4333,1993,3,3,1,0,0,0,0,0,1,0
4333,1996,1,1,0,0,0,0,0,0,0,0
4333,1997,6,6,2,0,0,0,0,0,2,0
4333,1998,5,4,0,0,0,0,1,0,1,0
4333,2000,4,4,1,0,0,0,0,0,2,0
4339,1990,8,8,3,0,0,0,0,0,2,0
4339,1993,3,3,1,0,0,0,0,0,0,0
4347,2001,4,4,1,0,0,0,0,0,1,0
4349,1988,4,4,0,0,0,0,0,0,0,0
4349,1989,7,7,2,2,0,0,0,0,1,0
4349,1990,6,6,0,0,0,0,0,0,0,0
4354,2003,2,2,0,0,0,0,0,0,1,0
4356,1987,2,1,0,0,0,0,1,0,0,0
4356,1988,4,3,0,0,0,0,1,0,0,0
4356,1989,4,3,1,0,0,0,1,0,0,0
4357,2000,7,6,3,1,0,0,1,0,2,0
4357,2002,5,3,1,0,0,0,2,0,0,0
4357,2003,3,3,1,0,0,1,0,0,2,0
4357,2004,6,5,3,0,0,1,0,1,2,0
4357,2005,3,3,1,0,0,0,0,0,0,0
4357,2006,12,11,2,0,0,0,1,0,1,0
4357,2007,4,3,0,0,0,0,0,0,1,1
4357,2008,6,6,2,1,0,0,0,0,3,0
4361,2001,2,2,0,0,0,0,0,0,0,0
4364,1990,1,1,0,0,0,0,0,0,1,0
4364,1991,2,1,0,0,0,0,1,0,0,0
4367,1989,7,7,3,0,0,1,0,0,0,0
4367,1990,4,4,2,0,0,0,0,0,0,0
4367,1991,7,7,2,1,0,0,0,0,0,0
4367,1992,10,9,3,1,0,0,0,1,2,0
4367,1993,4,4,1,0,0,0,0,0,0,0
4367,1994,12,11,6,2,0,0,0,0,1,1
4367,1998,6,5,0,0,0,0,0,0,1,0
4367,1999,7,7,2,0,0,0,0,0,1,0
4367,2000,7,7,0,0,0,0,0,0,1,0
4367,2001,7,7,0,0,0,0,0,0,1,0
4367,2002,3,3,2,0,0,0,0,0,0,0
4367,2003,3,3,1,0,0,0,0,0,0,0
4367,2004,6,6,2,0,0,0,0,0,2,0
4374,1987,4,3,1,0,0,0,1,0,1,0
4374,1989,4,3,1,0,0,0,1,0,0,0
4375,2006,6,6,3,1,0,1,0,0,2,0
4375,2007,4,4,3,1,1,0,0,0,0,0
4377,1987,2,2,1,0,0,0,0,0,1,0
4377,1988,1,1,1,0,0,0,0,0,0,0
4377,1989,2,1,0,0,0,0,1,0,1,0
4377,1993,2,2,0,0,0,0,0,0,1,0
4377,1994,2,2,0,0,0,0,0,0,1,0
4381,1992,4,3,1,0,0,0,0,1,0,0
4390,1996,10,10,2,0,0,0,0,0,1,0
4390,1997,4,4,2,0,0,0,0,0,1,0
4390,1998,10,9,3,0,0,0,1,0,1,0
4390,1999,3,3,1,0,0,0,0,0,0,0
4390,2000,7,7,3,0,0,0,0,0,0,0
4390,2001,4,4,2,0,0,0,0,0,1,0
4390,2002,3,3,1,0,0,0,0,0,1,0
4390,2003,6,6,2,1,0,0,0,0,0,0
4390,2005,7,6,1,0,0,0,1,0,3,0
4414,1987,10,9,1,0,0,1,1,0,1,0
4414,1988,8,8,6,0,0,0,0,0,2,0
4414,1989,6,4,2,0,0,1,2,0,0,0
4414,1990,11,11,6,1,0,0,0,0,3,0
4414,1991,6,6,2,0,0,0,0,0,1,0
4414,1992,4,4,0,0,0,0,0,0,0,0
4417,1997,4,3,1,1,0,0,1,0,0,0
4417,1998,11,11,1,0,0,0,0,0,4,0
4417,1999,8,7,3,0,0,0,1,0,1,0
4417,2000,6,5,1,0,0,0,1,0,0,0
4417,2001,14,13,4,0,0,1,1,0,2,0
4417,2002,11,11,1,0,0,1,0,0,0,0
4417,2003,3,3,0,0,0,0,0,0,0,0
4417,2004,3,2,1,0,0,0,0,0,0,1
4419,1998,4,4,1,0,0,0,0,0,1,0
4419,2000,3,3,0,0,0,0,0,0,2,0
4420,1992,1,1,0,0,0,0,0,0,1,0
4420,1993,1,1,1,1,0,0,0,0,0,0
4425,2008,3,3,0,0,0,0,0,0,1,0
4426,1997,4,4,0,0,0,0,0,0,0,0
4426,1998,6,6,0,0,0,0,0,0,2,0
4426,2004,3,3,1,0,1,0,0,0,0,0
4426,2005,3,2,1,0,0,0,1,0,0,0
4426,2007,3,3,2,1,0,1,0,0,1,0
4435,1987,4,4,1,1,0,0,0,0,0,0
4435,1990,2,2,0,0,0,0,0,0,1,0
4450,2003,1,1,0,0,0,0,0,0,1,0
4452,2006,3,3,0,0,0,0,0,0,0,0
4452,2008,3,3,2,1,0,0,0,0,0,0
4453,1988,3,3,1,0,0,0,0,0,0,0
4456,1993,2,2,0,0,0,0,0,0,0,0
4456,1994,7,7,1,1,0,0,0,0,2,0
4456,1995,3,3,0,0,0,0,0,0,0,0
4456,1996,1,1,0,0,0,0,0,0,0,0
4456,1997,4,4,1,1,0,0,0,0,0,0
4456,1998,6,6,1,0,0,0,0,0,1,0
4456,1999,5,5,1,0,0,0,0,0,0,0
4456,2000,3,3,1,0,0,1,0,0,0,0
4456,2001,5,5,2,1,0,0,0,0,0,0
4460,2002,4,4,1,0,0,0,0,0,1,0
4460,2005,2,2,1,0,0,0,0,0,0,0
4460,2008,3,3,2,0,0,0,0,0,0,0
4463,1999,1,1,0,0,0,0,0,0,1,0
4463,2001,1,1,0,0,0,0,0,0,0,0
4463,2003,3,3,0,0,0,0,0,0,0,0
4468,1998,2,2,0,0,0,0,0,0,0,0
4468,1999,2,2,0,0,0,0,0,0,0,0
4475,1990,1,1,0,0,0,0,0,0,0,0
4475,1995,3,3,0,0,0,0,0,0,1,0
4475,1996,1,1,0,0,0,0,0,0,1,0
4477,1987,6,4,1,0,0,0,2,0,0,0
4477,1988,4,4,2,0,0,0,0,0,0,0
4477,1989,6,4,2,0,0,0,1,0,0,0
4477,1990,14,12,8,1,1,0,1,0,0,0
4477,1991,11,10,6,0,0,0,1,0,0,0
4477,1992,11,10,3,2,0,0,1,0,0,0
4477,1993,6,4,0,0,0,0,2,0,0,0
4477,1994,6,6,2,0,0,0,0,0,0,0
4477,1995,4,4,1,0,0,0,0,0,0,0
4477,1996,6,5,3,1,0,0,1,0,0,0
4477,1997,12,11,6,2,0,0,1,0,0,0
4477,1998,3,3,1,1,0,0,0,0,0,0
4477,1999,6,6,2,1,0,0,0,0,0,0
4477,2000,3,3,0,0,0,0,0,0,0,0
4477,2001,5,5,2,0,0,0,0,0,0,0
4478,2007,1,1,0,0,0,0,0,0,0,0
4494,2006,3,3,0,0,0,0,0,0,0,0
4506,2008,3,3,1,0,0,0,0,0,0,0
4517,1987,1,1,1,0,0,0,0,0,0,0
4517,1988,1,0,0,0,0,0,1,0,0,0
4518,2004,11,11,2,0,0,0,0,0,3,0
4518,2005,15,14,4,1,0,0,1,0,2,0
4518,2006,6,6,1,0,0,0,0,0,2,0
4518,2007,3,3,1,0,0,0,0,0,0,0
4542,1998,1,1,0,0,0,0,0,0,0,0
4543,2008,3,3,1,0,0,0,0,0,1,0
4547,1999,9,9,5,1,1,0,0,0,1,0
4547,2000,4,4,2,0,0,0,0,0,2,0
4547,2001,3,3,0,0,0,0,0,0,2,0
4551,1988,4,4,1,0,1,0,0,0,0,0
4551,1989,3,3,0,0,0,0,0,0,1,0
4552,1995,1,0,0,0,0,0,1,0,0,0
4552,1997,2,2,1,0,0,0,0,0,0,0
4553,2007,3,3,0,0,0,0,0,0,0,0
4558,1987,1,1,0,0,0,0,0,0,0,0
4559,1993,2,2,1,0,0,0,0,0,0,0
4560,1997,3,3,1,0,0,0,0,0,0,0
4560,1999,3,3,1,0,0,0,0,0,0,0
4560,2000,3,2,1,1,0,0,0,0,1,0
4560,2001,3,3,0,0,0,0,0,0,1,0
4560,2002,3,3,2,0,0,0,0,0,0,0
4564,2004,2,2,2,0,0,0,0,0,0,0
4570,1996,1,1,1,1,0,0,0,0,0,0
4570,1997,3,3,0,0,0,0,0,0,2,0
4570,2000,2,1,0,0,0,0,0,0,1,0
4575,2004,2,2,0,0,0,0,0,0,2,0
4602,1992,7,5,0,0,0,0,2,0,2,0
4602,1995,3,3,2,0,0,0,0,0,0,0
4602,1996,5,5,0,0,0,0,0,0,0,0
4602,1997,1,1,0,0,0,0,0,0,1,0
4602,2000,2,2,0,0,0,0,0,0,0,0
4604,1994,2,2,0,0,0,0,0,0,0,0
4611,2004,2,2,1,0,0,0,0,0,1,0
4611,2005,2,2,0,0,0,0,0,0,1,0
4611,2006,2,2,0,0,0,0,0,0,0,0
4615,1996,6,6,3,3,0,0,0,0,1,0
4616,2005,3,3,1,0,0,0,0,0,0,0
4616,2006,3,2,1,0,0,0,1,0,0,0
4616,2007,6,5,3,0,0,0,1,0,0,0
4620,2008,3,3,0,0,0,0,0,0,0,0
4621,1994,2,2,1,0,0,0,0,0,1,0
4631,1992,5,5,1,0,0,0,0,0,0,0
4631,1993,3,3,0,0,0,0,0,0,0,0
4631,1995,3,3,0,0,0,0,0,0,0,0
4639,2004,3,3,1,0,0,0,0,0,1,0
4639,2007,3,3,0,0,0,0,0,0,1,0
4639,2008,3,3,1,0,0,1,0,0,1,0
4664,1989,3,3,0,0,0,0,0,0,0,0
4664,1990,8,7,2,0,0,0,1,0,0,0
4664,1992,8,8,3,0,0,0,0,0,0,0
4664,1993,1,1,0,0,0,0,0,0,0,0
4664,1994,3,3,1,0,0,0,0,0,0,0
4664,1995,6,6,1,0,0,0,0,0,2,0
4664,1997,2,1,0,0,0,0,0,0,0,1
4664,1998,3,3,0,0,0,0,0,0,0,0
4664,1999,2,2,0,0,0,0,0,0,0,0
4664,2000,7,7,1,0,0,0,0,0,1,0
4664,2001,1,1,1,0,0,0,0,0,0,0
4664,2002,3,2,0,0,0,0,0,1,0,0
4664,2003,3,3,0,0,0,0,0,0,0,0
4664,2005,1,1,0,0,0,0,0,0,0,0
4677,2004,6,6,2,0,0,0,0,0,2,0
4677,2007,6,4,1,0,0,0,2,0,0,0
4677,2008,3,3,1,0,0,0,0,0,0,0
4682,2006,3,3,2,0,0,0,0,0,0,0
4682,2007,2,2,2,0,0,1,0,0,0,0
4711,1991,6,6,0,0,0,0,0,0,0,0
4713,1986,1,1,1,0,0,1,0,0,0,0
4713,1987,4,3,2,0,0,0,0,1,0,0
4713,1988,12,12,2,0,0,0,0,0,1,0
4713,1989,7,7,0,0,0,0,0,0,1,0
4713,1990,7,7,1,1,0,0,0,0,2,0
4713,1991,12,12,3,0,0,0,0,0,2,0
4716,1987,6,6,0,0,0,0,0,0,0,0
4716,1988,1,1,1,1,0,0,0,0,0,0
4716,1989,6,6,2,0,0,0,0,0,0,0
4716,1990,3,3,1,0,0,0,0,0,0,0
4723,2000,3,3,0,0,0,0,0,0,2,0
4723,2003,3,3,1,1,0,0,0,0,0,0
4723,2006,12,10,2,0,0,1,2,0,1,0
4723,2007,4,4,0,0,0,0,0,0,0,0
4733,2004,3,3,1,0,0,0,0,0,0,0
4733,2006,6,5,2,1,0,0,1,0,1,0
4733,2007,14,13,3,1,0,0,0,0,2,1
4733,2008,11,10,3,0,0,1,1,0,1,0
4738,1989,10,10,1,0,0,0,0,0,1,0
4738,1990,6,6,0,0,0,0,0,0,1,0
4738,1991,7,7,1,0,0,0,0,0,1,0
4738,1993,6,6,2,0,0,1,0,0,1,0
4738,1994,5,4,1,0,0,0,1,0,0,0
4738,1995,7,7,2,0,0,0,0,0,1,0
4738,1996,6,6,2,0,0,0,0,0,1,0
4738,2000,4,4,0,0,0,0,0,0,1,0
4741,1986,4,4,1,0,0,0,0,0,0,0
4741,1987,8,8,3,1,0,0,0,0,2,0
4741,1988,7,6,2,0,0,0,1,0,0,0
4741,1989,13,12,4,0,0,0,0,1,5,0
4741,1990,3,2,1,0,0,0,1,0,1,0
4741,1991,15,14,1,0,0,0,1,0,4,0
4744,2000,1,1,0,0,0,0,0,0,1,0
4752,2008,6,6,1,1,0,0,0,0,3,0
4768,1987,2,1,1,1,0,0,0,0,0,0
4777,1987,1,1,0,0,0,0,0,0,0,0
4777,1988,7,7,4,0,0,0,0,0,0,0
4785,2003,1,1,0,0,0,0,0,0,1,0
4803,2002,5,4,0,0,0,0,0,0,3,0
4803,2005,1,0,0,0,0,0,0,0,0,0
4806,2005,1,1,1,0,0,1,0,0,0,0
4806,2007,1,1,0,0,0,0,0,0,0,0
4808,1997,1,1,0,0,0,0,0,0,0,0
4808,1998,6,6,2,0,0,0,0,0,1,0
4808,1999,6,6,4,0,0,0,0,0,2,0
4808,2000,6,6,1,0,0,0,0,0,0,0
4808,2002,4,4,1,0,0,0,0,0,0,0
4808,2003,3,2,0,0,0,0,1,0,0,0
4808,2004,3,3,0,0,0,0,0,0,0,0
4808,2005,3,1,1,1,0,0,1,0,0,1
4808,2006,5,5,1,0,0,0,0,0,0,0
4808,2007,17,15,7,3,0,0,1,0,1,1
4808,2008,6,6,3,1,0,0,0,0,0,0
4811,1995,1,1,0,0,0,0,0,0,0,0
4826,1996,11,10,2,1,0,0,0,1,0,0
4826,1997,2,2,0,0,0,0,0,0,1,0
4826,1999,12,11,3,1,0,0,1,0,2,0
4826,2001,4,4,2,0,1,0,0,0,0,0
4834,2004,2,1,0,0,0,0,1,0,1,0
4840,1994,3,3,1,0,0,0,0,0,0,0
4870,2000,3,3,1,0,0,0,0,0,0,0
4871,1999,3,3,0,0,0,0,0,0,1,0
4871,2000,2,2,0,0,0,0,0,0,0,0
4871,2004,3,2,0,0,0,0,0,1,2,0
4872,2006,3,3,0,0,0,0,0,0,0,0
4872,2007,3,3,1,0,0,0,0,0,1,0
4872,2008,3,3,1,0,0,0,0,0,0,0
4879,1992,4,4,3,1,0,0,0,0,1,0
4879,1997,1,1,0,0,0,0,0,0,1,0
4879,2000,3,3,1,0,0,0,0,0,0,0
4900,1995,1,1,1,0,0,1,0,0,0,0
4900,1996,3,3,1,0,0,1,0,0,0,0
4900,1997,1,1,0,0,0,0,0,0,0,0
4900,1998,6,6,1,0,0,0,0,0,4,0
4900,1999,7,6,2,0,0,0,0,1,3,0
4900,2000,7,7,1,0,0,0,0,0,2,0
4900,2001,3,3,1,0,0,0,0,0,1,0
4900,2002,6,6,1,0,0,0,0,0,5,0
4900,2003,6,6,0,0,0,0,0,0,3,0
4907,1987,10,9,2,0,0,0,1,0,1,0
4907,1988,3,3,3,0,0,0,0,0,0,0
4907,1989,3,3,1,0,0,1,0,0,1,0
4910,2000,6,6,0,0,0,0,0,0,2,0
4910,2001,3,3,1,0,0,0,0,0,0,0
4910,2002,1,1,0,0,0,0,0,0,0,0
4916,2006,2,1,0,0,0,0,0,0,0,0
4921,2003,3,3,1,0,0,0,0,0,0,0
4952,1987,10,8,2,0,0,0,2,0,0,0
4952,1988,4,3,1,0,0,0,1,0,0,0
4952,1989,11,10,5,1,0,0,1,0,1,0
4952,1990,7,7,0,0,0,0,0,0,1,0
4952,1991,5,5,2,0,0,0,0,0,1,0
4956,1987,3,2,1,0,0,0,0,0,0,0
4956,1989,7,5,0,0,0,0,0,0,2,0
4956,1993,3,3,1,1,0,0,0,0,0,0
4986,1998,3,2,1,0,0,0,1,0,0,0
4986,1999,3,2,0,0,0,0,1,0,1,0
4986,2000,4,4,1,0,0,0,0,0,0,0
4986,2001,3,3,3,0,0,0,0,0,0,0
4986,2003,3,3,1,1,0,0,0,0,1,0
4986,2004,5,3,2,1,0,0,2,0,1,0
4988,1997,3,3,1,0,0,0,0,0,1,0
4990,1993,8,7,2,0,0,0,1,0,2,0
4998,2005,3,3,1,1,0,0,0,0,0,0
5004,1992,1,1,0,0,0,0,0,0,0,0
5004,1993,2,2,0,0,0,0,0,0,0,0
5005,1995,2,2,0,0,0,0,0,0,1,0
5005,1996,3,3,1,0,0,0,0,0,2,0
5005,1997,5,5,2,1,0,1,0,0,2,0
5005,2000,1,1,0,0,0,0,0,0,0,0
5012,1991,2,1,0,0,0,0,1,0,1,0
5012,1992,5,5,0,0,0,0,0,0,1,0
5012,1994,3,3,0,0,0,0,0,0,1,0
5012,1995,3,3,0,0,0,0,0,0,1,0
5016,2007,1,1,0,0,0,0,0,0,0,0
5018,2002,5,5,3,1,0,0,0,0,0,0
5018,2003,4,4,0,0,0,0,0,0,0,0
5018,2006,6,6,0,0,0,0,0,0,2,0
5042,2007,4,4,0,0,0,0,0,0,2,0
5045,1999,3,3,1,0,0,0,0,0,2,0
5081,1997,3,2,0,0,0,0,0,1,1,0
5091,1990,4,4,1,0,0,0,0,0,0,0
5091,1991,7,7,0,0,0,0,0,0,2,0
5091,1992,13,11,2,1,0,0,1,1,3,0
5091,1993,7,6,2,0,0,0,1,0,2,0
5091,1994,3,3,0,0,0,0,0,0,1,0
5091,1995,6,5,0,0,0,0,1,0,3,0
5101,2004,3,3,1,0,0,0,0,0,0,0
5101,2005,3,3,1,0,0,1,0,0,1,0
5101,2006,6,6,2,0,1,0,0,0,2,0
5101,2007,15,15,6,2,1,1,0,0,2,0
5101,2008,12,11,2,0,0,0,1,0,0,0
5104,1996,3,3,0,0,0,0,0,0,2,0
5104,1998,1,1,1,0,0,0,0,0,0,0
5104,2000,7,7,4,0,0,1,0,0,1,0
5104,2003,6,5,1,0,1,0,1,0,2,0
5104,2006,4,4,1,0,0,0,0,0,0,0
5118,1997,3,3,1,0,0,0,0,0,1,0
5128,1987,1,0,0,0,0,0,1,0,0,0
5146,1988,13,12,5,1,0,0,1,0,1,0
5166,1993,1,1,0,0,0,0,0,0,1,0
5172,2004,1,1,0,0,0,0,0,0,0,0
5176,1997,3,3,1,0,0,0,0,0,1,0
5176,1998,3,3,1,1,0,0,0,0,1,0
5176,1999,7,7,2,0,0,0,0,0,2,0
5176,2000,4,4,0,0,0,0,0,0,1,0
5176,2001,4,4,0,0,0,0,0,0,3,0
5176,2002,3,3,1,1,0,0,0,0,0,0
5176,2003,3,3,1,0,0,0,0,0,0,0
5179,1993,1,1,0,0,0,0,0,0,0,0
5194,2007,3,3,1,1,0,0,0,0,0,0
5194,2008,9,9,3,1,0,1,0,0,1,0
5198,1991,9,8,1,0,0,0,0,1,2,0
5198,1994,2,1,0,0,0,0,0,0,0,1
5198,1995,4,4,2,0,0,0,0,0,0,0
5198,1996,8,8,3,1,0,0,0,0,2,0
5198,1998,1,1,0,0,0,0,0,0,0,0
5198,1999,1,1,0,0,0,0,0,0,0,0
5202,1991,5,4,1,0,0,0,1,0,0,0
5204,1989,2,1,0,0,0,0,0,0,0,0
5205,1992,3,3,2,0,0,0,0,0,0,0
5221,1987,4,3,2,0,0,0,1,0,0,0
5224,1994,1,1,0,0,0,0,0,0,0,0
5224,2003,1,1,0,0,0,0,0,0,0,0
5230,1988,3,3,2,1,0,0,0,0,0,0
5230,1990,3,2,1,0,0,0,1,0,1,0
5230,1991,6,6,0,0,0,0,0,0,1,0
5241,2006,5,4,2,2,0,0,1,0,1,0
5241,2007,9,9,2,1,0,0,0,0,1,0
5241,2008,7,7,2,0,0,0,0,0,1,0
5244,2001,4,4,0,0,0,0,0,0,1,0
5244,2006,3,3,1,0,0,0,0,0,0,0
5256,1987,1,1,1,0,0,0,0,0,0,0
5273,2004,2,2,0,0,0,0,0,0,1,0
5277,2008,5,5,0,0,0,0,0,0,0,0
5279,1991,3,3,1,0,0,0,0,0,0,0
5279,1992,17,17,3,1,0,0,0,0,4,0
5279,1993,14,13,6,1,0,0,0,0,2,0
5279,1994,8,8,1,0,0,0,0,0,4,0
5279,1995,6,6,3,0,0,0,0,0,1,0
5279,1996,10,9,0,0,0,0,1,0,1,0
5279,1997,3,2,0,0,0,0,1,0,1,0
5279,1999,3,2,0,0,0,0,1,0,0,0
5279,2000,7,6,1,0,0,0,1,0,2,0
5279,2001,2,2,0,0,0,0,0,0,1,0
5280,1991,3,3,2,0,0,0,0,0,0,0
5280,1998,4,4,0,0,0,0,0,0,2,0
5281,1995,4,4,1,0,0,0,0,0,2,0
5281,1996,4,4,2,1,0,0,0,0,1,0
5281,1997,3,3,0,0,0,0,0,0,1,0
5281,2000,3,3,0,0,0,0,0,0,2,0
5281,2001,1,1,0,0,0,0,0,0,1,0
5288,1986,2,2,0,0,0,0,0,0,1,0
5289,1996,2,2,0,0,0,0,0,0,1,0
5292,2002,3,3,1,0,0,0,0,0,0,0
5298,1989,1,1,0,0,0,0,0,0,1,0
5309,1995,3,3,0,0,0,0,0,0,0,0
5309,1996,9,9,3,2,0,0,0,0,0,0
5309,1997,5,4,2,1,1,0,1,0,1,0
5309,2000,1,1,0,0,0,0,0,0,0,0
5310,1988,1,1,0,0,0,0,0,0,0,0
5310,1989,4,4,1,1,0,0,0,0,0,0
5319,1994,5,5,0,0,0,0,0,0,0,0
5319,1999,1,1,0,0,0,0,0,0,0,0
5321,2002,2,2,0,0,0,0,0,0,1,0
5322,2006,2,2,1,0,0,0,0,0,1,0
5322,2007,2,2,0,0,0,0,0,0,1,0
5322,2008,5,5,2,1,0,1,0,0,0,0
5332,2005,7,6,1,0,0,0,0,1,1,0
5332,2006,7,6,3,0,0,0,1,0,2,0
5332,2007,4,4,2,1,0,0,0,0,1,0
5335,1992,4,4,1,0,0,0,0,0,0,0
5335,1996,1,1,0,0,0,0,0,0,1,0
5338,1990,2,1,0,0,0,0,0,0,1,0
5341,2002,2,2,0,0,0,0,0,0,0,0
5346,1989,1,1,0,0,0,0,0,0,0,0
5360,2008,5,5,0,0,0,0,0,0,0,0
5365,2007,3,2,0,0,0,0,0,0,1,0
5368,2003,5,5,0,0,0,0,0,0,0,0
5368,2004,4,3,2,1,0,0,1,0,0,0
5368,2005,3,3,2,0,0,0,0,0,0,0
5368,2007,2,2,0,0,0,0,0,0,0,0
5368,2008,4,3,1,0,0,0,1,0,0,0
5369,2004,6,6,2,1,0,0,0,0,1,0
5377,1988,2,2,0,0,0,0,0,0,1,0
5378,2006,6,5,2,1,0,0,1,0,0,0
5378,2007,8,7,1,1,0,0,1,0,1,0
5378,2008,7,7,4,0,2,1,0,0,1,0
5379,1989,1,1,0,0,0,0,0,0,1,0
5379,1995,1,1,0,0,0,0,0,0,1,0
5380,1991,5,5,1,1,0,0,0,0,1,0
5380,1992,13,13,3,0,0,0,0,0,2,0
5380,1993,4,4,0,0,0,0,0,0,0,0
5380,1998,3,3,0,0,0,0,0,0,2,0
5381,1999,6,6,3,0,0,0,0,0,0,0
5381,2000,3,3,1,1,0,0,0,0,1,0
5381,2001,7,7,1,0,0,0,0,0,1,0
5381,2002,2,2,0,0,0,0,0,0,0,0
5381,2005,1,1,1,0,0,0,0,0,0,0
5397,1998,6,6,0,0,0,0,0,0,3,0
5407,1994,2,2,1,0,0,0,0,0,0,0
5409,2006,3,3,1,1,0,0,0,0,1,0
5409,2007,6,6,1,0,0,0,0,0,1,0
5409,2008,6,5,2,0,0,0,1,0,1,0
5414,1998,6,5,2,0,0,0,0,1,2,0
5419,1986,4,4,1,0,0,0,0,0,2,0
5419,1988,7,6,0,0,0,0,1,0,0,0
5419,1989,6,6,3,0,0,0,0,0,0,0
5419,1992,2,2,0,0,0,0,0,0,1,0
5423,1987,4,4,2,0,1,1,0,0,0,0
5423,1988,6,6,1,0,0,0,0,0,1,0
5423,1989,4,2,1,1,0,0,2,0,1,0
5444,2001,3,3,1,0,0,0,0,0,0,0
5453,1990,4,3,0,0,0,0,0,0,1,0
5453,1996,6,6,0,0,0,0,0,0,2,0
5453,1997,6,5,1,0,0,0,0,1,1,0
5453,1998,5,5,1,0,0,0,0,0,1,0
5461,1987,1,1,1,0,0,0,0,0,0,0
5461,1988,3,2,1,0,0,0,1,0,0,0
5461,1989,11,10,1,0,0,0,1,0,0,0
5461,1990,18,16,6,1,0,0,2,0,1,0
5461,1991,18,18,6,0,0,1,0,0,2,0
5461,1993,10,9,4,0,0,1,1,0,0,0
5461,1994,11,11,3,1,0,0,0,0,1,0
5461,1995,2,2,1,0,0,0,0,0,0,0
5461,1996,8,7,4,0,1,0,1,0,0,0
5461,1997,6,6,1,0,0,0,0,0,0,0
5461,1998,7,6,2,0,0,0,1,0,0,0
5465,1999,1,1,1,1,0,0,0,0,0,0
5467,1986,3,3,0,0,0,0,0,0,0,0
5467,1987,6,6,2,1,0,0,0,0,1,0
5470,1987,6,6,1,0,0,0,0,0,2,0
5470,1988,7,6,1,0,0,0,1,0,2,0
5470,1989,3,3,1,0,1,0,0,0,1,0
5474,1998,1,1,0,0,0,0,0,0,1,0
5474,1999,7,7,2,1,0,0,0,0,2,0
5474,2000,4,3,0,0,0,0,1,0,0,0
5474,2002,3,3,2,1,0,0,0,0,0,0
5474,2003,3,3,0,0,0,0,0,0,0,0
5474,2004,10,10,4,0,0,1,0,0,2,0
5474,2005,15,11,7,2,0,0,3,1,0,0
5474,2006,12,11,7,0,0,0,1,0,0,0
5474,2007,5,5,1,1,0,0,0,0,0,0
5474,2008,7,7,3,0,0,0,0,0,2,0
5480,2002,3,2,1,0,0,0,0,1,0,0
5480,2003,2,2,0,0,0,0,0,0,1,0
5480,2004,3,3,1,0,0,1,0,0,1,0
5480,2006,1,1,0,0,0,0,0,0,0,0
5491,1997,4,4,0,0,0,0,0,0,2,0
5491,1998,3,3,1,0,0,0,0,0,0,0
5491,1999,3,2,2,0,0,0,1,0,0,0
5491,2000,4,4,4,0,0,0,0,0,0,0
5491,2001,3,3,1,0,0,0,0,0,0,0
5498,2001,3,3,0,0,0,0,0,0,0,0
5498,2002,3,3,0,0,0,0,0,0,1,0
5498,2004,16,14,2,0,0,2,1,1,4,0
5515,2008,2,2,0,0,0,0,0,0,0,0
5520,2007,2,2,0,0,0,0,0,0,0,0
5525,1996,3,3,1,0,0,0,0,0,0,0
5525,1998,3,3,0,0,0,0,0,0,0,0
5525,1999,1,1,0,0,0,0,0,0,0,0
5535,1995,2,2,0,0,0,0,0,0,0,0
5535,1996,3,3,1,0,0,0,0,0,0,0
5535,1997,8,8,1,0,0,0,0,0,0,0
5535,1998,3,3,1,0,0,0,0,0,2,0
5535,1999,3,2,1,0,0,0,1,0,0,0
5535,2000,3,3,0,0,0,0,0,0,1,0
5535,2001,11,10,1,0,0,0,1,0,2,0
5535,2002,5,4,2,1,0,0,1,0,1,0
5535,2003,3,3,1,0,0,1,0,0,0,0
5535,2004,3,3,0,0,0,0,0,0,1,0
5553,1986,2,1,1,0,0,1,1,0,0,0
5553,1987,8,4,2,1,0,1,4,0,0,0
5553,1988,9,8,2,1,0,0,1,0,1,0
5553,1989,13,13,4,2,0,0,0,0,2,0
5553,1990,17,13,2,1,0,0,4,0,1,0
5553,1991,18,17,8,0,1,3,1,0,6,0
5553,1992,10,10,1,0,0,0,0,0,5,0
5553,1993,1,1,0,0,0,0,0,0,0,0
5553,1994,6,6,0,0,0,0,0,0,3,0
5553,1995,1,1,1,0,0,0,0,0,0,0
5568,2005,3,3,2,1,0,0,0,0,0,0
5568,2007,5,5,1,0,0,1,0,0,2,0
5568,2008,3,3,0,0,0,0,0,0,1,0
5571,1996,11,11,3,0,0,0,0,0,1,0
5571,1997,1,1,0,0,0,0,0,0,0,0
5571,1998,3,3,0,0,0,0,0,0,1,0
5571,1999,8,7,3,0,0,0,0,0,1,0
5575,1995,7,7,0,0,0,0,0,0,5,0
5575,1996,3,3,1,0,0,0,0,0,1,0
5575,1997,5,5,1,0,0,0,0,0,2,0
5575,2001,1,1,1,0,0,0,0,0,0,0
5582,2005,3,3,2,1,0,1,0,0,0,0
5588,1998,3,2,0,0,0,0,0,0,0,0
5589,1999,1,1,1,0,0,0,0,0,0,0
5606,1987,8,6,0,0,0,0,2,0,1,0
5606,1988,2,2,2,0,0,0,0,0,0,0
5606,1989,2,2,1,0,0,0,0,0,0,0
5606,1990,2,2,1,0,0,0,0,0,0,0
5609,2005,3,3,1,0,0,0,0,0,1,0
5609,2007,6,5,2,0,0,0,1,0,0,0
5609,2008,2,1,0,0,0,0,1,0,1,0
5613,1993,3,3,1,0,0,0,0,0,2,0
5613,2000,2,2,0,0,0,0,0,0,1,0
5617,1993,3,3,2,0,0,0,0,0,0,0
5617,1994,1,1,0,0,0,0,0,0,1,0
5617,1997,1,1,0,0,0,0,0,0,1,0
5619,2007,6,5,1,0,0,0,1,0,1,0
5619,2008,3,3,2,0,0,0,0,0,0,0
5637,2002,4,4,1,0,0,0,0,0,2,0
5637,2007,5,5,3,2,0,0,0,0,0,0
5655,1988,3,3,0,0,0,0,0,0,1,0
5655,1989,2,1,1,0,0,0,1,0,0,0
5655,1990,3,3,2,1,0,0,0,0,0,0
5655,1991,1,1,0,0,0,0,0,0,1,0
5663,1987,3,3,0,0,0,0,0,0,1,0
5663,1989,3,3,0,0,0,0,0,0,2,0
5664,1989,3,3,0,0,0,0,0,0,1,0
5664,1990,1,1,1,0,0,0,0,0,0,0
5664,1991,4,4,0,0,0,0,0,0,0,0
5664,1992,4,4,3,0,0,0,0,0,0,0
5666,1998,4,4,1,0,0,0,0,0,1,0
5670,1992,4,4,2,0,0,0,0,0,0,0
5670,1993,6,5,0,0,0,0,0,0,2,1
5670,1994,7,7,3,0,0,0,0,0,0,0
5670,1995,10,10,1,0,0,0,0,0,2,0
5670,1996,6,6,0,0,0,0,0,0,1,0
5670,1997,3,3,1,0,0,0,0,0,0,0
5670,1998,8,8,4,0,0,0,0,0,1,0
5670,2003,3,3,1,0,0,0,0,0,0,0
5671,1999,3,3,2,0,0,0,0,0,0,0
5671,2000,3,3,1,0,0,0,0,0,0,0
5671,2001,1,1,0,0,0,0,0,0,0,0
5673,1988,8,8,3,1,0,0,0,0,3,0
5673,1989,13,12,2,0,0,0,0,0,3,1
5673,1990,7,7,1,0,0,0,0,0,1,0
5673,1991,4,2,0,0,0,0,1,1,0,0
5673,1992,4,4,0,0,0,0,0,0,2,0
5673,1993,1,1,0,0,0,0,0,0,0,0
5685,1991,9,9,0,0,0,0,0,0,3,0
5685,1992,8,7,0,0,0,0,1,0,4,0
5695,1996,6,6,1,0,0,0,0,0,2,0
5695,1997,12,12,2,2,0,0,0,0,2,0
5695,1998,3,3,1,0,0,0,0,0,0,0
5695,1999,3,2,0,0,0,0,1,0,0,0
5713,1989,3,2,0,0,0,0,1,0,0,0
5713,1990,10,10,2,1,0,0,0,0,3,0
5713,1992,6,5,2,0,0,0,1,0,1,0
5713,2001,3,3,0,0,0,0,0,0,1,0
5737,1999,2,2,0,0,0,0,0,0,1,0
5741,1992,8,7,0,0,0,0,1,0,2,0
5741,1993,6,6,0,0,0,0,0,0,1,0
5741,1994,4,4,0,0,0,0,0,0,0,0
5741,1996,7,7,2,1,0,0,0,0,1,0
5741,1998,6,6,3,1,0,2,0,0,2,0
5741,1999,3,3,1,0,0,0,0,0,2,0
5741,2000,7,7,1,1,0,0,0,0,2,0
5741,2001,6,6,1,0,0,0,0,0,3,0
5741,2002,3,3,2,0,0,0,0,0,1,0
5741,2003,3,3,2,0,0,0,0,0,0,0
5747,2004,3,2,0,0,0,0,1,0,1,0
5761,2002,3,3,0,0,0,0,0,0,1,0
5761,2003,3,3,2,0,0,0,0,0,1,0
5761,2004,10,10,3,0,0,1,0,0,3,0
5761,2005,6,6,2,1,0,0,0,0,1,0
5761,2006,7,7,0,0,0,0,0,0,0,0
5776,1993,7,6,4,0,0,0,1,0,2,0
5776,1994,4,4,1,0,0,0,0,0,1,0
5776,1995,3,3,1,0,0,0,0,0,0,0
5792,1997,2,2,0,0,0,0,0,0,0,0
5792,1998,9,8,1,0,0,0,0,1,1,0
5807,2007,2,2,1,0,0,0,0,0,1,0
5807,2008,3,3,0,0,0,0,0,0,0,0
5814,1997,3,3,0,0,0,0,0,0,0,0
5814,1998,8,8,2,0,0,0,0,0,1,0
5814,1999,4,4,3,0,0,0,0,0,0,0
5814,2000,8,8,4,1,0,0,0,0,1,0
5814,2001,4,4,1,0,0,0,0,0,0,0
5814,2002,8,8,2,1,0,0,0,0,1,0
5814,2003,3,3,1,0,0,0,0,0,0,0
5814,2004,12,12,4,0,0,0,0,0,0,0
5815,2008,2,1,0,0,0,0,0,0,1,0
5816,1999,3,3,1,0,0,0,0,0,0,0
5816,2004,3,3,1,0,0,0,0,0,1,0
5816,2007,2,1,0,0,0,0,0,1,0,0
5816,2008,2,2,0,0,0,0,0,0,0,0
5825,1989,8,8,3,0,0,0,0,0,1,0
5825,1991,6,5,1,0,0,1,1,0,2,0
5827,1992,1,1,0,0,0,0,0,0,1,0
5827,1993,14,13,1,0,0,0,0,1,5,0
5827,1994,8,8,2,1,0,0,0,0,0,0
5827,1995,6,6,3,0,0,0,0,0,1,0
5827,1996,3,3,1,1,0,0,0,0,0,0
5827,1997,6,6,0,0,0,0,0,0,3,0
5827,1998,6,4,1,0,0,0,2,0,1,0
5827,2000,9,7,2,0,0,1,1,1,1,0
5827,2001,6,5,2,0,0,1,0,0,0,1
5827,2002,7,7,4,1,0,1,0,0,0,0
5827,2003,3,3,1,1,0,0,0,0,0,0
5827,2004,9,9,2,0,0,1,0,0,3,0
5827,2005,3,3,2,0,0,0,0,0,0,0
5827,2007,8,8,7,1,0,1,0,0,0,0
5827,2008,5,5,1,1,0,0,0,0,0,0
5836,2007,1,1,1,0,0,0,0,0,0,0
5836,2008,3,3,0,0,0,0,0,0,0,0
5845,2008,2,1,0,0,0,0,0,0,1,0
5852,1997,3,2,0,0,0,0,0,0,2,0
5867,1996,1,1,0,0,0,0,0,0,0,0
5867,1997,3,3,0,0,0,0,0,0,0,0
5867,2004,1,1,0,0,0,0,0,0,1,0
5871,1991,1,1,0,0,0,0,0,0,1,0
5871,1993,5,4,1,0,0,0,1,0,0,0
5871,1995,5,4,0,0,0,0,0,0,2,0
5871,1998,2,1,0,0,0,0,0,0,0,0
5871,2001,2,2,0,0,0,0,0,0,1,0
5871,2002,2,1,0,0,0,0,1,0,0,0
5877,2006,2,2,0,0,0,0,0,0,0,0
5882,2005,1,1,0,0,0,0,0,0,0,0
5895,1990,2,2,0,0,0,0,0,0,0,0
5895,1991,2,2,0,0,0,0,0,0,1,0
5895,1992,14,12,2,1,0,0,2,0,1,0
5895,1993,6,6,3,2,0,0,0,0,0,0
5895,1994,3,3,1,0,0,0,0,0,0,0
5895,1995,6,6,1,0,0,0,0,0,1,0
5895,1996,9,9,3,1,1,0,0,0,1,0
5899,1991,3,3,1,0,0,0,0,0,1,0
5899,1994,6,6,1,0,0,0,0,0,0,0
5899,1995,4,4,2,0,0,0,0,0,0,0
5899,1996,7,7,0,0,0,0,0,0,1,0
5904,2003,3,3,1,0,0,0,0,0,0,0
5918,1996,3,3,1,0,0,0,0,0,0,0
5940,2000,3,3,1,0,0,0,0,0,0,0
5940,2001,6,6,1,0,0,1,0,0,1,0
5940,2002,3,2,0,0,0,0,1,0,0,0
5940,2003,3,3,2,0,0,0,0,0,0,0
5940,2004,3,3,2,0,0,0,0,0,0,0
5940,2007,8,8,1,1,0,0,0,0,2,0
5956,1995,2,2,1,0,0,0,0,0,0,0
5963,1989,4,4,1,1,0,0,0,0,0,0
5969,1998,3,3,1,0,0,0,0,0,0,0
5969,1999,3,2,1,0,0,0,1,0,0,0
5969,2000,4,4,2,1,0,0,0,0,0,0
5970,2006,1,1,0,0,0,0,0,0,1,0
6008,2004,5,4,2,0,0,0,0,0,0,1
6008,2005,6,6,2,1,0,0,0,0,1,0
6008,2006,3,3,2,1,0,0,0,0,0,0
6026,2002,3,2,1,0,0,0,0,0,1,1
6026,2006,6,6,0,0,0,0,0,0,2,0
6030,2004,3,3,1,0,0,0,0,0,1,0
6031,1998,10,7,1,1,0,0,2,0,2,0
6031,1999,9,9,4,0,0,0,0,0,1,0
6031,2000,9,9,3,0,0,0,0,0,1,0
6031,2001,8,8,4,0,0,1,0,0,1,0
6031,2002,3,3,1,0,0,0,0,0,0,0
6031,2003,3,3,1,1,0,0,0,0,0,0
6031,2008,3,3,0,0,0,0,0,0,0,0
6034,2008,6,5,2,0,0,0,0,0,0,1
6059,2001,3,2,1,0,0,0,1,0,1,0
6076,1987,6,4,1,0,0,0,2,0,1,0
6076,1988,8,6,1,1,0,0,2,0,1,0
6076,1989,13,12,3,0,0,0,1,0,0,0
6076,1990,9,9,1,0,0,0,0,0,3,0
6076,1991,14,14,4,0,0,1,0,0,2,0
6076,1992,9,8,3,0,0,0,1,0,2,0
6076,1993,11,10,3,1,1,0,1,0,1,0
6076,1994,3,3,2,0,0,0,0,0,0,0
6080,2008,3,3,1,0,0,0,0,0,0,0
6105,1987,3,3,0,0,0,0,0,0,2,0
6120,1988,2,2,0,0,0,0,0,0,1,0
6141,1987,1,1,0,0,0,0,0,0,0,0
6141,1989,2,1,0,0,0,0,1,0,0,0
6142,1995,3,2,0,0,0,0,1,0,1,0
6154,2003,1,1,0,0,0,0,0,0,0,0
6154,2004,1,1,0,0,0,0,0,0,0,0
6154,2005,9,9,3,1,0,0,0,0,2,0
6154,2006,7,7,2,0,0,0,0,0,0,0
6154,2007,5,5,0,0,0,0,0,0,0,0
6154,2008,1,1,0,0,0,0,0,0,0,0
6161,1991,3,3,0,0,0,0,0,0,0,0
6161,1995,1,1,0,0,0,0,0,0,0,0
6161,1996,4,4,0,0,0,0,0,0,1,0
6161,2002,3,3,0,0,0,0,0,0,1,0
6165,1986,1,1,0,0,0,0,0,0,0,0
6167,1993,1,1,1,0,0,0,0,0,0,0
6171,1987,3,3,1,0,0,1,0,0,1,0
6174,1987,1,1,1,0,0,0,0,0,0,0
6175,2004,3,3,0,0,0,0,0,0,1,0
6175,2005,9,9,2,0,0,1,0,0,1,0
6175,2006,3,3,2,1,0,0,0,0,0,0
6175,2007,5,5,0,0,0,0,0,0,1,0
6180,1989,2,2,0,0,0,0,0,0,1,0
6183,2005,3,3,0,0,0,0,0,0,2,0
6189,1990,4,4,1,0,0,0,0,0,0,0
6189,1991,10,10,4,0,1,1,0,0,2,0
6189,1992,15,13,4,2,1,0,2,0,3,0
6189,1993,9,9,2,1,0,0,0,0,2,0
6189,1994,11,10,3,1,0,0,1,0,4,0
6189,1995,15,15,5,1,0,0,0,0,5,0
6189,1996,10,10,0,0,0,0,0,0,4,0
6189,1997,7,7,4,1,0,1,0,0,1,0
6189,1998,7,7,2,0,0,1,0,0,2,0
6189,1999,6,5,1,1,0,0,0,1,3,0
6189,2001,3,3,0,0,0,0,0,0,1,0
6189,2002,4,4,1,0,0,1,0,0,2,0
6189,2004,7,6,2,0,0,0,0,1,2,0
6193,1994,11,10,2,0,0,0,1,0,0,0
6193,1995,6,6,0,0,0,0,0,0,1,0
6193,1996,10,10,5,0,0,0,0,0,0,0
6193,1997,4,4,0,0,0,0,0,0,0,0
6193,1998,7,7,2,1,0,0,0,0,2,0
6193,1999,3,3,0,0,0,0,0,0,0,0
6193,2000,4,4,0,0,0,0,0,0,1,0
6193,2001,3,2,0,0,0,0,1,0,1,0
6202,1987,5,4,2,1,0,1,0,1,2,0
6202,1988,10,9,3,0,0,0,0,0,0,0
6202,1989,4,4,3,1,0,0,0,0,0,0
6202,1990,10,8,1,0,0,0,1,0,0,0
6202,1991,8,8,3,2,0,0,0,0,3,0
6202,1992,4,4,1,0,0,0,0,0,0,0
6202,1993,7,7,3,1,0,0,0,0,1,0
6202,1994,11,11,1,0,0,0,0,0,3,0
6202,1995,14,11,3,3,0,0,1,1,0,0
6202,1996,7,7,3,1,0,0,0,0,0,0
6202,1998,6,6,0,0,0,0,0,0,2,0
6202,1999,3,3,0,0,0,0,0,0,0,0
6202,2002,5,5,2,1,0,0,0,0,0,0
6202,2004,10,10,1,1,0,0,0,0,0,0
6208,2005,3,3,0,0,0,0,0,0,1,0
6208,2007,6,5,2,0,0,0,1,0,1,0
6218,1999,3,3,1,0,0,0,0,0,1,0
6218,2000,5,4,1,0,0,0,1,0,1,0
6218,2003,2,2,1,1,0,0,0,0,1,0
6218,2004,9,8,2,0,0,0,0,1,1,0
6218,2006,3,3,1,0,0,1,0,0,0,0
6237,1987,8,4,0,0,0,0,4,0,1,0
6237,1988,10,8,1,0,0,0,2,0,0,0
6237,1989,2,2,2,1,0,0,0,0,0,0
6237,1990,11,10,0,0,0,0,1,0,1,0
6237,1991,4,3,1,0,0,0,1,0,0,0
6237,1992,13,12,3,0,0,0,1,0,1,0
6243,1987,8,7,2,0,0,0,1,0,1,0
6257,2001,1,1,1,0,0,0,0,0,0,0
6257,2005,11,10,3,2,0,0,0,1,0,0
6269,1990,2,2,1,0,0,0,0,0,0,0
6270,1987,2,2,0,0,0,0,0,0,1,0
6270,1989,1,1,0,0,0,0,0,0,1,0
6275,1988,1,0,0,0,0,0,0,0,0,0
6281,2002,3,3,3,0,0,0,0,0,0,0
6284,1999,2,2,1,0,0,0,0,0,0,0
6284,2000,3,3,0,0,0,0,0,0,1,0
6284,2002,1,1,1,1,0,0,0,0,0,0
6284,2003,5,4,2,1,0,0,1,0,0,0
6284,2004,3,3,0,0,0,0,0,0,1,0
6284,2005,2,2,0,0,0,0,0,0,1,0
6290,2004,6,5,2,0,0,0,1,0,0,0
6290,2005,15,14,1,0,0,1,0,0,2,1
6290,2006,9,9,3,1,0,1,0,0,1,0
6290,2007,3,3,1,0,0,1,0,0,0,0
6290,2008,3,3,1,0,0,1,0,0,0,0
6296,1998,4,4,1,0,0,0,0,0,0,0
6296,1999,3,3,0,0,0,0,0,0,1,0
6296,2000,10,10,1,0,0,0,0,0,3,0
6296,2001,11,9,1,0,0,0,1,0,1,1
6296,2002,16,14,4,1,0,0,2,0,6,0
6296,2003,8,8,3,0,0,1,0,0,1,0
6296,2007,6,6,3,0,1,0,0,0,0,0
6296,2008,6,5,1,1,0,0,0,0,0,1
6312,1998,4,4,2,0,0,0,0,0,1,0
6312,1999,4,4,1,0,0,1,0,0,0,0
6312,2001,15,15,4,2,0,1,0,0,1,0
6312,2002,6,6,2,0,0,0,0,0,0,0
6319,1992,2,1,0,0,0,0,0,0,0,0
6322,1986,1,1,1,0,0,0,0,0,0,0
6332,1999,4,4,2,0,0,0,0,0,2,0
6332,2000,1,1,1,0,0,0,0,0,0,0
6332,2001,2,2,0,0,0,0,0,0,1,0
6332,2005,1,1,0,0,0,0,0,0,0,0
6334,1996,5,4,1,0,0,0,0,0,1,0
6359,1987,5,5,2,0,0,0,0,0,1,0
6359,1988,6,6,1,0,0,0,0,0,0,0
6362,1991,8,8,4,1,0,0,0,0,1,0
6376,1993,1,1,0,0,0,0,0,0,0,0
6376,1999,1,1,0,0,0,0,0,0,1,0
6387,1991,8,5,1,0,0,0,3,0,0,0
6387,1992,3,3,0,0,0,0,0,0,0,0
6387,1994,8,7,2,0,0,0,1,0,0,0
6387,1995,6,6,2,0,0,0,0,0,1,0
6387,1999,7,7,2,0,0,0,0,0,1,0
6387,2000,1,1,1,1,0,0,0,0,0,0
6387,2002,3,3,0,0,0,0,0,0,1,0
6388,2008,9,8,2,1,0,0,1,0,2,0
6394,1997,3,3,1,0,0,0,0,0,1,0
6394,1998,6,6,1,0,0,0,0,0,1,0
6403,1999,3,3,1,0,0,0,0,0,0,0
6413,2004,1,1,0,0,0,0,0,0,1,0
6414,1996,4,4,0,0,0,0,0,0,1,0
6414,2000,3,3,0,0,0,0,0,0,2,0
6414,2002,2,2,0,0,0,0,0,0,1,0
6415,1995,2,2,0,0,0,0,0,0,0,0
6415,1997,3,3,0,0,0,0,0,0,1,0
6415,1998,7,7,1,0,0,0,0,0,2,0
6415,1999,6,6,2,0,0,0,0,0,0,0
6415,2000,8,8,1,0,0,0,0,0,2,0
6415,2001,3,3,0,0,0,0,0,0,0,0
6415,2002,6,6,2,0,0,0,0,0,0,0
6415,2003,15,14,6,2,0,0,0,0,1,1
6415,2004,3,3,0,0,0,0,0,0,0,0
6420,2008,3,2,1,1,0,0,0,1,0,0
6422,1989,1,1,0,0,0,0,0,0,0,0
6423,2008,2,2,1,0,0,0,0,0,1,0
6425,1999,2,2,0,0,0,0,0,0,1,0
6437,1987,5,4,1,0,0,0,1,0,0,0
6437,1992,2,2,0,0,0,0,0,0,1,0
6438,1988,7,6,1,0,0,0,1,0,1,0
6438,1989,7,7,1,1,0,0,0,0,1,0
6438,1990,12,12,2,0,0,0,0,0,0,0
6438,1991,2,2,1,0,0,1,0,0,1,0
6438,1992,10,10,3,0,0,0,0,0,0,0
6448,2006,5,5,3,2,0,0,0,0,0,0
6448,2007,5,5,1,0,0,0,0,0,1,0
6460,2000,1,1,0,0,0,0,0,0,0,0
6462,1993,3,3,0,0,0,0,0,0,0,0
6462,1994,6,6,1,0,0,0,0,0,2,0
6462,1995,3,3,0,0,0,0,0,0,2,0
6462,1996,3,3,0,0,0,0,0,0,1,0
6467,1997,3,1,1,0,0,0,0,0,0,0
6472,1989,3,2,0,0,0,0,0,1,1,0
6472,1991,6,5,3,1,0,0,1,0,2,0
6472,1992,3,2,0,0,0,0,1,0,2,0
6485,1995,1,1,1,0,0,0,0,0,0,0
6485,1997,1,1,0,0,0,0,0,0,1,0
6485,1998,1,1,1,0,0,0,0,0,0,0
6492,1995,5,5,0,0,0,0,0,0,2,0
6510,2001,3,3,1,0,0,0,0,0,0,0
6510,2002,3,3,1,0,0,1,0,0,0,0
6510,2003,5,4,1,0,0,0,1,0,0,0
6510,2005,4,4,2,0,0,0,0,0,0,0
6510,2006,7,7,3,0,0,0,0,0,0,0
6510,2007,2,2,1,0,0,0,0,0,0,0
6516,2006,3,2,0,0,0,0,0,0,2,0
6532,2002,2,2,0,0,0,0,0,0,1,0
6538,2007,2,2,2,1,0,0,0,0,0,0
6538,2008,5,3,1,0,0,0,2,0,0,0
6548,1995,4,4,1,0,0,0,0,0,1,0
6549,2004,1,1,0,0,0,0,0,0,1,0
6554,2008,1,0,0,0,0,0,0,0,0,0
6557,2001,3,3,0,0,0,0,0,0,1,0
6565,2003,3,3,2,1,0,0,0,0,0,0
6565,2004,3,2,0,0,0,0,0,1,0,0
6565,2005,6,6,1,0,0,0,0,0,1,0
6565,2006,9,9,2,0,0,0,0,0,1,0
6570,2007,2,2,1,0,0,0,0,0,1,0
6577,1996,2,2,0,0,0,0,0,0,1,0
6577,1997,5,5,1,0,0,0,0,0,2,0
6577,1999,2,2,1,0,0,0,0,0,1,0
6579,2001,1,1,0,0,0,0,0,0,0,0
6594,1998,4,4,1,0,0,0,0,0,1,0
6594,1999,8,7,3,0,0,0,1,0,0,0
6594,2000,3,3,2,0,0,0,0,0,0,0
6594,2002,3,3,1,0,0,0,0,0,1,0
6594,2003,3,3,1,0,0,0,0,0,0,0
6594,2004,3,3,0,0,0,0,0,0,0,0
6594,2007,3,3,0,0,0,0,0,0,1,0
6616,1999,5,5,1,0,0,0,0,0,0,0
6616,2000,10,9,3,1,0,0,1,0,0,0
6616,2001,11,9,3,0,0,1,1,1,1,0
6616,2002,16,15,7,0,0,1,1,0,3,0
6616,2003,6,6,3,0,0,2,0,0,0,0
6616,2005,5,5,1,1,0,0,0,0,1,0
6624,2005,2,1,0,0,0,0,0,0,0,0
6624,2007,2,2,0,0,0,0,0,0,1,0
6639,2007,2,2,0,0,0,0,0,0,1,0
6639,2008,5,4,2,0,0,1,1,0,1,0
6648,2000,3,3,0,0,0,0,0,0,2,0
6648,2001,3,3,1,0,0,0,0,0,1,0
6648,2003,2,2,0,0,0,0,0,0,0,0
6648,2007,2,2,0,0,0,0,0,0,1,0
6655,1998,2,2,0,0,0,0,0,0,1,0
6659,2001,3,3,0,0,0,0,0,0,0,0
6660,2005,2,2,0,0,0,0,0,0,1,0
6660,2006,4,4,0,0,0,0,0,0,0,0
6681,1990,6,4,1,0,0,0,1,0,0,1
6684,1987,3,3,1,0,0,0,0,0,0,0
6684,1988,4,4,1,0,0,0,0,0,0,0
6684,1989,4,4,1,0,0,0,0,0,0,0
6695,1995,8,8,1,0,0,0,0,0,4,0
6695,1996,9,9,5,2,0,0,0,0,0,0
6695,1997,6,5,2,0,0,0,1,0,0,0
6695,1998,6,6,2,0,0,0,0,0,2,0
6695,2001,3,3,1,0,0,1,0,0,1,0
6695,2004,6,6,1,0,0,0,0,0,1,0
6695,2005,7,7,1,1,0,0,0,0,2,0
6695,2007,1,1,1,0,0,0,0,0,0,0
6700,2004,2,2,0,0,0,0,0,0,2,0
6714,2002,3,3,1,1,0,0,0,0,0,0
6714,2003,2,2,1,1,0,0,0,0,1,0
6722,2001,4,4,0,0,0,0,0,0,1,0
6722,2002,8,7,2,0,0,0,1,0,1,0
6722,2003,2,2,2,0,0,0,0,0,0,0
6722,2004,9,7,1,1,0,0,1,1,1,0
6722,2005,17,17,3,0,0,0,0,0,3,0
6722,2006,3,3,1,0,0,0,0,0,0,0
6723,1988,3,3,0,0,0,0,0,0,0,0
6738,1986,1,1,0,0,0,0,0,0,0,0
6738,1988,3,2,1,0,0,0,0,0,1,0
6753,1986,2,2,1,0,0,0,0,0,0,0
6753,1988,7,7,1,0,0,0,0,0,1,0
6753,1989,13,10,3,1,0,0,3,0,3,0
6753,1990,15,13,6,2,0,0,2,0,2,0
6753,1991,11,7,0,0,0,0,3,0,1,0
6753,1992,11,9,0,0,0,0,2,0,1,0
6753,1993,4,4,1,0,0,0,0,0,1,0
6753,1994,7,6,1,0,0,0,1,0,2,0
6753,1995,8,8,1,0,0,0,0,0,1,0
6753,1996,3,3,0,0,0,0,0,0,1,0
6753,2001,6,5,1,0,0,0,1,0,2,0
6755,2002,2,2,1,0,0,0,0,0,0,0
6762,2004,3,2,0,0,0,0,0,0,1,0
6763,1989,2,1,0,0,0,0,0,0,0,0
6763,1993,3,3,1,0,0,0,0,0,2,0
6772,1988,2,2,1,0,0,0,0,0,0,0
6772,1989,2,1,0,0,0,0,0,1,0,0
6782,2007,2,1,0,0,0,0,0,0,0,0
6793,1987,3,3,1,1,0,0,0,0,2,0
6793,1988,4,4,1,1,0,0,0,0,1,0
6793,1989,6,6,2,0,0,0,0,0,0,0
6793,1993,4,4,0,0,0,0,0,0,2,0
6840,1991,5,4,1,0,0,0,0,1,0,0
6840,1993,9,8,2,0,0,0,0,1,0,0
6840,1995,2,2,0,0,0,0,0,0,1,0
6840,1996,9,9,2,1,0,0,0,0,1,0
6840,1997,2,2,0,0,0,0,0,0,0,0
6876,2004,7,7,2,0,0,0,0,0,1,0
6876,2005,1,1,1,0,0,0,0,0,0,0
6876,2006,4,4,0,0,0,0,0,0,0,0
6880,1998,7,7,1,0,0,0,0,0,3,0
6880,2003,3,3,0,0,0,0,0,0,0,0
6880,2004,3,3,2,0,0,0,0,0,0,0
6880,2006,1,0,0,0,0,0,0,0,0,1
6881,1993,3,3,0,0,0,0,0,0,1,0
6892,1987,10,10,3,0,0,1,0,0,4,0
6892,1988,8,8,0,0,0,0,0,0,2,0
6892,1989,7,7,3,1,0,0,0,0,0,0
6892,1990,6,5,2,0,0,1,0,1,2,0
6896,1992,3,3,0,0,0,0,0,0,2,0
6896,1995,1,1,0,0,0,0,0,0,1,0
6897,1993,6,6,1,0,0,0,0,0,1,0
6897,1994,7,6,2,0,0,0,1,0,1,0
6897,1995,7,7,4,2,0,0,0,0,2,0
6897,1996,9,9,4,1,0,0,0,0,1,0
6897,1997,5,4,1,0,0,1,1,0,1,0
6897,1998,7,6,1,0,0,0,1,0,1,0
6897,1999,4,3,0,0,0,0,1,0,0,0
6897,2000,3,3,1,0,0,0,0,0,0,0
6898,1998,1,1,0,0,0,0,0,0,1,0
6909,1987,6,4,2,0,0,0,2,0,0,0
6909,1989,3,2,0,0,0,0,0,0,1,1
6909,1990,3,3,1,0,0,0,0,0,0,0
6918,1986,2,2,2,1,0,0,0,0,0,0
6918,1988,3,2,0,0,0,0,0,0,1,0
6918,1989,3,2,0,0,0,0,0,0,1,0
6918,1991,3,2,0,0,0,0,0,0,2,0
6918,1993,2,2,1,0,0,0,0,0,0,0
6919,1988,8,7,1,0,1,0,1,0,0,0
6919,1989,8,7,2,0,0,0,1,0,0,0
6919,1990,14,12,1,1,0,0,1,0,1,0
6919,1991,11,11,3,0,0,0,0,0,4,0
6919,1992,7,7,0,0,0,0,0,0,0,0
6919,1993,11,10,1,0,0,0,1,0,1,0
6919,1994,2,2,0,0,0,0,0,0,1,0
6919,1998,4,3,0,0,0,0,1,0,1,0
6919,2000,4,4,2,1,0,0,0,0,0,0
6924,2003,3,3,0,0,0,0,0,0,2,0
6926,2000,3,2,0,0,0,0,0,1,0,0
6926,2001,3,3,0,0,0,0,0,0,1,0
6957,1999,4,4,1,0,0,0,0,0,0,0
6966,1994,1,1,0,0,0,0,0,0,0,0
6966,1995,4,3,1,0,0,0,0,0,2,0
6971,1999,7,7,0,0,0,0,0,0,0,0
6971,2000,3,3,1,0,0,0,0,0,0,0
6971,2001,4,3,0,0,0,0,0,0,1,0
6972,2007,7,6,0,0,0,0,0,0,1,1
6972,2008,5,5,2,0,0,0,0,0,0,0
6981,1997,3,3,0,0,0,0,0,0,1,0
6981,1998,3,3,1,0,0,0,0,0,1,0
6981,1999,2,2,0,0,0,0,0,0,1,0
6981,2000,4,3,1,0,0,0,1,0,2,0
6981,2001,3,3,0,0,0,0,0,0,0,0
6981,2002,2,1,0,0,0,0,0,0,0,0
6981,2003,3,3,0,0,0,0,0,0,0,0
6985,2006,3,3,1,0,0,0,0,0,1,0
6998,1987,2,1,0,0,0,0,1,0,0,0
7009,2002,2,1,0,0,0,0,1,0,1,0
7009,2003,1,1,1,0,0,0,0,0,0,0
7009,2004,1,1,0,0,0,0,0,0,0,0
7021,1998,9,9,1,0,0,0,0,0,0,0
7021,2001,2,2,0,0,0,0,0,0,0,0
7021,2002,2,2,0,0,0,0,0,0,1,0
7021,2003,2,2,1,0,0,0,0,0,0,0
7021,2004,3,3,2,1,0,0,0,0,0,0
7021,2005,3,2,1,0,0,0,1,0,0,0
7026,1994,1,1,1,0,0,0,0,0,0,0
7034,2003,2,2,0,0,0,0,0,0,0,0
7041,2007,2,2,0,0,0,0,0,0,0,0
7043,2004,4,4,2,1,0,0,0,0,0,0
7043,2005,3,3,1,0,0,0,0,0,2,0
7043,2006,3,3,1,0,0,0,0,0,0,0
7043,2007,15,13,2,0,1,0,2,0,2,0
7053,2001,3,3,2,0,0,0,0,0,0,0
7060,2008,3,3,1,1,0,0,0,0,0,0
7065,1993,1,1,0,0,0,0,0,0,0,0
7075,1993,3,3,1,0,0,0,0,0,1,0
7075,1994,3,3,1,0,0,0,0,0,0,0
7075,1995,4,4,1,0,0,0,0,0,1,0
7075,1996,9,9,0,0,0,0,0,0,1,0
7076,2005,1,1,0,0,0,0,0,0,1,0
7095,1998,3,3,0,0,0,0,0,0,1,0
7095,1999,3,3,3,0,0,0,0,0,0,0
7095,2000,3,1,0,0,0,0,2,0,0,0
7095,2004,3,3,1,0,0,0,0,0,0,0
7109,1986,2,2,1,0,0,0,0,0,0,0
7109,1987,3,2,1,0,0,0,1,0,0,0
7109,1988,3,3,1,0,0,0,0,0,0,0
7109,1989,2,2,0,0,0,0,0,0,0,0
7116,2006,2,1,0,0,0,0,1,0,0,0
7127,2007,6,6,2,0,0,1,0,0,2,0
7127,2008,3,1,0,0,0,0,2,0,0,0
7129,1996,4,3,1,0,0,0,1,0,0,0
7148,1987,2,2,1,0,0,0,0,0,0,0
7148,1988,2,2,2,1,0,1,0,0,0,0
7148,1994,1,1,0,0,0,0,0,0,1,0
7168,1997,3,2,0,0,0,0,1,0,0,0
7168,1998,4,4,1,0,0,0,0,0,1,0
7198,1989,3,3,1,0,0,0,0,0,0,0
7198,1990,8,7,2,1,0,0,1,0,1,0
7204,1999,6,5,3,1,0,0,0,0,0,1
7204,2000,4,3,0,0,0,0,0,0,0,0
7204,2001,4,4,2,1,0,0,0,0,0,0
7204,2003,7,7,1,0,0,0,0,0,1,0
7204,2004,3,3,1,0,0,0,0,0,2,0
7213,1987,2,2,1,0,0,0,0,0,0,0
7213,1988,16,14,2,0,0,0,1,0,4,0
7213,1990,7,7,3,0,0,0,0,0,2,0
7213,1991,13,13,3,0,0,0,0,0,2,0
7213,1992,4,4,3,2,0,0,0,0,1,0
7213,1993,10,10,2,0,0,0,0,0,1,0
7213,1994,8,7,2,0,0,0,0,0,2,1
7213,1996,4,4,0,0,0,0,0,0,2,0
7213,1997,4,4,0,0,0,0,0,0,2,0
7224,1991,8,7,3,1,0,1,1,0,1,0
7224,1992,14,9,1,0,0,1,4,0,3,1
7224,1993,4,4,1,0,0,0,0,0,1,0
7224,1998,4,4,2,1,0,0,0,0,0,0
7224,2000,4,3,1,0,0,0,0,0,1,1
7224,2001,10,10,3,0,0,1,0,0,3,0
7224,2002,3,3,0,0,0,0,0,0,0,0
7224,2003,3,2,1,0,0,1,1,0,0,0
7229,1988,4,3,1,0,0,0,1,0,1,0
7235,1997,4,4,1,0,0,0,0,0,0,0
7235,1998,1,0,0,0,0,0,1,0,0,0
7235,2001,1,1,0,0,0,0,0,0,0,0
7237,1997,6,5,2,0,0,0,0,1,2,0
7237,1998,7,4,1,1,0,0,3,0,2,0
7237,1999,7,7,2,1,0,1,0,0,1,0
7237,2001,3,3,1,0,0,1,0,0,0,0
7256,1992,3,3,0,0,0,0,0,0,0,0
7256,1993,5,5,2,0,0,0,0,0,1,0
7264,1991,7,7,1,0,0,0,0,0,1,0
7264,2003,3,3,0,0,0,0,0,0,3,0
7269,2005,5,5,2,0,0,1,0,0,0,0
7269,2007,1,1,1,1,0,0,0,0,0,0
7274,2003,3,3,0,0,0,0,0,0,2,0
7282,1992,5,4,1,0,0,0,0,0,2,0
7293,1995,4,4,1,0,0,0,0,0,0,0
7293,1996,7,7,1,0,0,0,0,0,2,0
7293,1997,7,6,0,0,0,0,1,0,2,0
7293,1998,3,1,0,0,0,0,2,0,0,0
7293,1999,5,4,1,0,0,0,1,0,0,0
7296,1987,8,7,2,1,0,0,0,0,0,1
7296,1988,9,9,3,0,0,0,0,0,0,0
7296,1989,11,8,3,0,0,0,3,0,1,0
7296,1990,7,7,4,1,0,0,0,0,1,0
7296,1991,18,16,2,0,0,0,2,0,1,0
7297,1988,3,3,1,0,0,0,0,0,1,0
7301,2000,2,2,0,0,0,0,0,0,1,0
7301,2002,5,4,0,0,0,0,0,0,2,0
7304,1989,1,1,0,0,0,0,0,0,0,0
7304,1990,4,4,1,0,0,0,0,0,0,0
7309,1999,4,4,2,0,0,0,0,0,2,0
7309,2000,7,7,0,0,0,0,0,0,2,0
7341,1993,3,3,1,0,0,0,0,0,0,0
7347,1991,4,3,0,0,0,0,1,0,3,0
7350,2008,2,2,0,0,0,0,0,0,0,0
7358,2000,4,4,2,0,0,1,0,0,1,0
7359,1987,3,3,0,0,0,0,0,0,1,0
7359,1988,9,8,0,0,0,0,1,0,3,0
7364,1997,1,1,0,0,0,0,0,0,0,0
7365,2003,1,1,0,0,0,0,0,0,1,0
7366,2001,3,3,1,0,0,0,0,0,1,0
7388,1998,6,5,0,0,0,0,0,0,2,0
7388,1999,1,1,1,0,0,0,0,0,0,0
7394,1990,1,1,0,0,0,0,0,0,0,0
7394,1991,7,6,2,0,0,0,1,0,2,0
7394,1992,14,13,2,1,0,0,0,1,3,0
7394,1993,6,5,1,0,0,0,1,0,2,0
7394,1994,6,6,0,0,0,0,0,0,2,0
7394,1995,8,8,2,0,0,1,0,0,1,0
7394,1996,3,3,0,0,0,0,0,0,0,0
7394,1997,3,3,1,0,0,0,0,0,0,0
7394,1999,4,4,2,0,0,0,0,0,0,0
7399,1999,3,3,0,0,0,0,0,0,0,0
7445,2002,3,2,1,0,0,0,1,0,0,0
7445,2005,3,3,0,0,0,0,0,0,1,0
7453,2004,4,4,0,0,0,0,0,0,0,0
7453,2006,5,5,1,0,0,0,0,0,0,0
7459,2008,2,2,0,0,0,0,0,0,0,0
7470,2002,5,4,1,0,0,1,1,0,0,0
7472,1998,3,3,1,1,0,0,0,0,0,0
7472,1999,3,3,1,0,0,0,0,0,1,0
7472,2000,2,2,0,0,0,0,0,0,1,0
7472,2001,6,4,2,0,0,0,1,1,0,0
7472,2002,3,3,2,2,0,0,0,0,0,0
7472,2005,11,11,4,0,0,0,0,0,1,0
7472,2006,12,12,4,1,0,0,0,0,3,0
7472,2007,5,5,1,0,0,0,0,0,3,0
7480,1993,2,2,0,0,0,0,0,0,1,0
7488,1990,7,6,1,0,0,0,0,0,1,0
7488,1991,5,5,0,0,0,0,0,0,0,0
7489,1988,1,1,0,0,0,0,0,0,0,0
7489,1989,1,1,0,0,0,0,0,0,1,0
7491,2003,1,1,0,0,0,0,0,0,1,0
7492,1999,6,6,1,0,0,0,0,0,0,0
7492,2001,3,3,1,0,0,0,0,0,1,0
7492,2002,13,13,3,0,0,0,0,0,2,0
7494,2007,2,2,0,0,0,0,0,0,0,0
7494,2008,3,2,1,0,0,0,0,1,0,0
7501,1995,3,3,2,1,0,0,0,0,0,0
7501,1996,9,9,2,0,0,0,0,0,3,0
7505,1988,1,1,0,0,0,0,0,0,0,0
7505,1993,3,2,0,0,0,0,1,0,2,0
7506,1997,3,3,1,0,0,0,0,0,1,0
7515,2007,1,1,0,0,0,0,0,0,0,0
7518,1986,4,3,1,1,0,0,1,0,1,0
7518,1987,2,2,1,0,0,0,0,0,0,0
7522,2005,2,2,1,0,0,0,0,0,0,0
7522,2006,2,2,0,0,0,0,0,0,1,0
7523,1995,1,0,0,0,0,0,0,0,0,0
7542,1999,3,1,1,0,0,0,2,0,0,0
7542,2001,3,1,0,0,0,0,1,1,0,0
7560,1986,2,2,0,0,0,0,0,0,1,0
7560,1987,1,1,0,0,0,0,0,0,0,0
7560,1988,12,12,4,3,0,0,0,0,1,0
7560,1989,6,5,2,1,0,1,1,0,1,0
7560,1990,2,2,0,0,0,0,0,0,1,0
7560,1991,4,3,0,0,0,0,1,0,1,0
7560,1993,10,10,2,0,0,1,0,0,0,0
7560,1994,10,10,1,0,0,0,0,0,4,0
7565,2003,1,1,1,0,0,0,0,0,0,0
7824,2001,2,1,0,0,0,0,0,0,1,0
7829,1997,2,2,0,0,0,0,0,0,1,0
7829,2006,3,2,0,0,0,0,0,0,1,0
7830,2003,3,3,2,1,0,0,0,0,1,0
7830,2004,11,11,2,0,0,0,0,0,2,0
7830,2005,3,3,1,0,0,0,0,0,0,0
7838,2002,3,3,1,0,0,0,0,0,0,0
7838,2004,4,4,0,0,0,0,0,0,1,0
7838,2005,3,3,1,0,0,1,0,0,1,0
7840,2007,8,8,4,1,0,0,0,0,0,0
7840,2008,16,16,3,0,0,1,0,0,0,0
7845,2004,3,3,0,0,0,0,0,0,2,0
7847,2004,5,5,2,1,0,0,0,0,1,0
7847,2005,3,1,0,0,0,0,2,0,0,0
7847,2006,5,5,0,0,0,0,0,0,0,0
7847,2008,4,4,2,0,0,0,0,0,0,0
7859,1994,3,3,3,2,0,0,0,0,0,0
7859,1995,3,3,1,0,0,0,0,0,0,0
7859,1996,7,6,2,0,0,0,1,0,0,0
7859,1998,6,6,3,1,0,0,0,0,0,0
7859,1999,3,3,2,1,0,0,0,0,1,0
7859,2003,4,3,0,0,0,0,1,0,0,0
7859,2004,3,2,1,0,0,0,1,0,0,0
7886,2007,1,1,0,0,0,0,0,0,0,0
7886,2008,2,2,2,0,0,0,0,0,0,0
7949,1990,7,7,3,0,0,0,0,0,1,0
7949,1991,12,11,3,0,1,0,1,0,0,0
7949,1992,13,12,7,0,1,0,1,0,3,0
7949,1993,11,9,1,1,0,0,1,0,4,0
7949,1994,2,2,0,0,0,0,0,0,0,0
7949,1995,10,10,0,0,0,0,0,0,3,0
7949,1996,15,14,5,0,2,0,0,0,2,0
7949,1997,7,6,3,0,0,1,0,0,0,0
7949,1998,7,7,2,1,0,0,0,0,3,0
7949,1999,8,8,5,1,0,0,0,0,0,0
7949,2000,8,7,3,0,0,0,1,0,2,0
7950,1999,1,1,0,0,0,0,0,0,0,0
7950,2000,5,4,1,1,0,0,1,0,0,0
7950,2001,3,3,2,1,0,0,0,0,0,0
7950,2003,1,0,0,0,0,0,0,1,0,0
7955,1998,2,2,0,0,0,0,0,0,0,0
7955,2000,1,1,0,0,0,0,0,0,1,0
7955,2001,3,3,0,0,0,0,0,0,0,0
7967,1988,8,8,2,0,0,0,0,0,0,0
7980,1990,4,4,0,0,0,0,0,0,1,0
7980,1993,5,5,0,0,0,0,0,0,3,0
7980,1994,1,1,0,0,0,0,0,0,0,0
7980,1995,2,2,0,0,0,0,0,0,2,0
7980,1996,2,2,0,0,0,0,0,0,2,0
7981,2007,3,2,0,0,0,0,1,0,0,0
7992,2008,3,2,0,0,0,0,1,0,1,0
8003,1991,15,13,8,2,0,0,1,0,0,0
8003,1992,4,4,1,0,0,0,0,0,1,0
8003,1993,8,8,4,1,0,0,0,0,0,0
8003,1994,9,9,3,1,0,0,0,0,2,0
8003,1995,10,8,1,0,0,0,2,0,4,0
8003,1996,7,6,1,0,0,0,1,0,1,0
8003,1997,2,2,1,1,0,0,0,0,0,0
8005,1986,3,3,2,1,0,0,0,0,1,0
8005,1987,6,6,2,0,0,1,0,0,1,0
8006,1987,4,4,1,0,0,0,0,0,0,0
8006,1991,2,2,0,0,0,0,0,0,0,0
8010,1997,2,2,1,0,0,0,0,0,0,0
8010,2003,2,1,0,0,0,0,0,0,0,0
8011,1999,3,3,1,0,0,0,0,0,0,0
8011,2000,8,8,0,0,0,0,0,0,2,0
8015,2008,2,1,0,0,0,0,0,0,0,0
8037,1991,3,2,0,0,0,0,0,1,1,0
8047,1994,4,3,1,0,0,0,0,0,0,0
8047,1996,1,1,0,0,0,0,0,0,0,0
8048,2000,3,3,0,0,0,0,0,0,2,0
8051,2007,2,1,0,0,0,0,0,0,0,0
8051,2008,2,2,0,0,0,0,0,0,0,0
8055,1997,3,3,0,0,0,0,0,0,0,0
8055,1998,7,7,1,0,0,0,0,0,1,0
8055,1999,6,5,4,0,0,0,0,0,0,0
8055,2000,10,10,2,0,0,0,0,0,0,0
8055,2001,6,4,1,1,0,0,1,0,0,0
8055,2002,3,2,2,0,0,0,1,0,0,0
8055,2005,3,3,1,1,0,0,0,0,0,0
8055,2006,3,3,1,1,0,0,0,0,0,0
8060,2005,6,5,1,0,0,0,0,0,0,0
8061,1989,1,1,0,0,0,0,0,0,0,0
8061,1991,1,1,0,0,0,0,0,0,0,0
8061,1992,5,4,1,0,0,0,0,0,2,0
8061,1995,2,2,0,0,0,0,0,0,2,0
8061,1996,3,3,0,0,0,0,0,0,2,0
8061,1997,4,4,1,0,0,0,0,0,2,0
8090,2007,2,2,0,0,0,0,0,0,0,0
8102,1987,4,4,0,0,0,0,0,0,1,0
8102,1988,6,5,0,0,0,0,1,0,3,0
8102,1989,7,7,2,0,0,0,0,0,3,0
8102,1990,2,2,0,0,0,0,0,0,0,0
8102,1991,13,13,0,0,0,0,0,0,5,0
8102,1992,3,3,0,0,0,0,0,0,0,0
8103,1989,3,3,0,0,0,0,0,0,2,0
8121,1989,9,5,2,1,0,0,4,0,0,0
8121,1990,7,6,2,1,0,0,1,0,2,0
8121,1992,16,15,3,1,0,1,1,0,2,0
8121,1993,14,14,2,0,0,0,0,0,2,0
8122,1996,2,2,0,0,0,0,0,0,1,0
8123,1997,3,3,0,0,0,0,0,0,0,0
8129,2007,3,3,0,0,0,0,0,0,0,0
8142,2003,2,2,1,0,0,0,0,0,0,0
8144,1998,3,3,0,0,0,0,0,0,1,0
8148,1999,1,1,0,0,0,0,0,0,0,0
8155,1991,3,3,0,0,0,0,0,0,1,0
8155,1992,3,3,0,0,0,0,0,0,0,0
8156,2005,1,1,1,0,0,1,0,0,0,0
8156,2006,9,8,1,1,0,0,1,0,2,0
8156,2007,6,6,3,0,0,1,0,0,2,0
8184,1999,3,1,1,0,0,0,0,0,0,0
8189,2006,3,3,0,0,0,0,0,0,1,0
8189,2007,3,3,0,0,0,0,0,0,1,0
8201,1994,3,2,0,0,0,0,0,0,2,0
8230,1989,4,3,0,0,0,0,1,0,1,0
8240,1987,1,1,1,0,0,0,0,0,0,0
8240,1988,1,1,0,0,0,0,0,0,0,0
8248,1999,3,3,2,0,0,0,0,0,1,0
8248,2000,3,3,0,0,0,0,0,0,2,0
8248,2002,3,3,0,0,0,0,0,0,1,0
8248,2003,3,3,3,0,0,0,0,0,0,0
8248,2004,3,3,1,0,0,0,0,0,0,0
8248,2005,2,2,1,0,0,0,0,0,1,0
8254,1998,8,8,1,0,0,0,0,0,2,0
8255,1999,3,3,0,0,0,0,0,0,3,0
8286,2005,4,4,3,2,0,0,0,0,0,0
8286,2006,3,3,1,0,0,1,0,0,0,0
8296,1990,1,1,0,0,0,0,0,0,0,0
8300,2000,3,3,0,0,0,0,0,0,1,0
8301,1993,2,2,0,0,0,0,0,0,2,0
8301,1995,3,3,0,0,0,0,0,0,1,0
8301,1997,3,3,0,0,0,0,0,0,3,0
8301,1998,1,1,0,0,0,0,0,0,0,0
8304,1998,5,5,0,0,0,0,0,0,2,0
8304,1999,3,3,0,0,0,0,0,0,2,0
8311,1995,1,1,0,0,0,0,0,0,0,0
8317,1988,3,3,1,0,0,0,0,0,0,0
8318,1988,4,3,0,0,0,0,1,0,0,0
8318,1990,2,2,0,0,0,0,0,0,1,0
8318,1991,3,3,0,0,0,0,0,0,1,0
8318,1997,3,3,2,0,0,0,0,0,1,0
8320,1999,6,6,0,0,0,0,0,0,1,0
8320,2000,4,4,2,0,0,0,0,0,1,0
8320,2001,4,4,1,0,0,0,0,0,2,0
8320,2002,5,5,0,0,0,0,0,0,0,0
8320,2005,3,3,0,0,0,0,0,0,0,0
8321,1992,2,2,0,0,0,0,0,0,0,0
8334,2008,2,2,0,0,0,0,0,0,0,0
8340,1998,1,1,0,0,0,0,0,0,1,0
8340,2003,1,1,0,0,0,0,0,0,0,0
8361,2007,3,3,2,0,0,0,0,0,0,0
8361,2008,1,1,0,0,0,0,0,0,0,0
8375,2000,1,1,0,0,0,0,0,0,0,0
8375,2001,3,3,1,0,0,0,0,0,1,0
8375,2002,5,4,1,0,0,0,1,0,0,0
8375,2003,3,3,2,0,0,0,0,0,0,0
8375,2004,5,5,3,2,0,0,0,0,0,0
8375,2005,10,9,4,1,0,0,0,0,0,0
8375,2007,3,3,1,0,0,0,0,0,0,0
8376,2002,2,2,0,0,0,0,0,0,0,0
8390,2000,2,1,0,0,0,0,0,0,1,0
8390,2001,1,1,1,0,0,0,0,0,0,0
8392,1997,5,5,1,0,0,0,0,0,4,0
8392,1998,3,3,0,0,0,0,0,0,0,0
8393,2000,1,1,0,0,0,0,0,0,1,0
8403,1996,3,3,0,0,0,0,0,0,1,0
8406,1987,4,4,2,1,0,0,0,0,0,0
8406,1988,11,9,2,0,0,0,1,0,0,0
8406,1989,4,4,4,0,0,0,0,0,0,0
8406,1990,5,4,1,0,0,0,1,0,0,0
8406,1991,3,3,2,0,0,0,0,0,0,0
8412,1990,5,4,2,0,0,0,1,0,0,0
8418,1996,2,2,0,0,0,0,0,0,0,0
8418,2000,1,1,0,0,0,0,0,0,0,0
8434,1986,4,4,0,0,0,0,0,0,1,0
8434,1987,2,1,0,0,0,0,1,0,0,0
8434,1988,3,3,1,1,0,0,0,0,0,0
8434,1989,7,7,3,1,0,0,0,0,1,0
8434,1990,6,6,2,0,0,0,0,0,2,0
8435,1992,5,5,2,1,0,0,0,0,1,0
8435,1993,7,6,1,1,0,0,0,0,3,0
8435,1994,3,3,0,0,0,0,0,0,0,0
8435,1995,3,3,0,0,0,0,0,0,2,0
8435,1999,8,8,2,0,0,0,0,0,1,0
8435,2001,4,4,2,0,0,0,0,0,0,0
8435,2002,2,1,0,0,0,0,1,0,1,0
8442,1999,2,2,0,0,0,0,0,0,1,0
8449,2002,4,2,1,0,0,0,1,0,0,0
8449,2003,3,2,1,0,0,0,0,0,1,0
8449,2005,2,2,0,0,0,0,0,0,1,0
8459,1992,1,1,0,0,0,0,0,0,0,0
8460,2004,3,3,1,0,0,0,0,0,1,0
8460,2005,2,2,0,0,0,0,0,0,0,0
8467,1999,7,6,2,0,0,0,1,0,0,0
8467,2000,3,3,0,0,0,0,0,0,0,0
8467,2001,1,1,0,0,0,0,0,0,0,0
8467,2002,9,7,3,1,0,0,1,0,0,0
8468,1997,5,5,1,0,0,0,0,0,1,0
8468,1998,3,3,1,0,0,0,0,0,1,0
8468,1999,11,9,1,0,0,1,2,0,0,0
8468,2003,3,3,1,0,0,0,0,0,0,0
8482,1989,3,3,2,0,0,1,0,0,1,0
8482,1990,3,3,0,0,0,0,0,0,0,0
8482,1991,6,6,0,0,0,0,0,0,0,0
8482,1992,5,4,1,1,0,0,1,0,0,0
8482,1993,8,6,0,0,0,0,0,0,3,1
8482,1997,3,3,2,1,0,0,0,0,0,0
8482,2001,3,3,2,0,0,1,0,0,0,0
8483,1995,4,4,0,0,0,0,0,0,2,0
8486,2004,2,2,1,0,0,1,0,0,0,0
8486,2006,3,3,2,0,0,0,0,0,0,0
8486,2007,6,5,2,0,0,0,0,1,0,0
8488,1991,2,2,1,0,0,0,0,0,1,0
8488,1992,4,3,1,0,0,0,1,0,0,0
8488,1993,4,2,1,0,0,0,0,0,0,0
8492,2006,1,1,1,1,0,0,0,0,0,0
8497,2007,2,2,0,0,0,0,0,0,1,0
8499,1991,2,2,0,0,0,0,0,0,1,0
8509,1988,4,4,2,0,0,0,0,0,0,0
8509,1990,3,3,0,0,0,0,0,0,1,0
8514,1988,10,9,2,2,0,0,1,0,2,0
8514,1989,4,4,0,0,0,0,0,0,1,0
8514,1990,10,9,4,0,0,0,1,0,1,0
8514,1991,14,10,1,0,0,0,4,0,2,0
8514,1992,6,5,0,0,0,0,0,1,1,0
8514,1997,3,3,0,0,0,0,0,0,0,0
8514,1998,3,3,2,0,0,0,0,0,1,0
8514,1999,2,2,1,0,0,0,0,0,0,0
8514,2000,4,4,3,0,0,0,0,0,0,0
8514,2001,3,3,2,1,0,0,0,0,0,0
8518,1987,1,1,1,0,0,0,0,0,0,0
8518,1988,14,11,4,0,0,0,2,0,0,0
8518,1989,6,6,4,0,0,0,0,0,0,0
8518,1990,10,8,3,0,0,0,1,0,0,0
8518,1991,5,5,0,0,0,0,0,0,2,0
8518,1993,3,3,0,0,0,0,0,0,2,0
8518,1994,3,3,0,0,0,0,0,0,0,0
8518,1995,4,4,1,0,0,0,0,0,0,0
8520,1998,1,1,0,0,0,0,0,0,0,0
8521,2008,3,3,0,0,0,0,0,0,1,0
8522,1996,8,6,1,0,0,0,1,0,3,1
8522,1997,3,3,1,0,0,0,0,0,0,0
8522,1998,3,2,0,0,0,0,1,0,0,0
8522,1999,9,9,3,0,0,0,0,0,0,0
8522,2001,4,4,0,0,0,0,0,0,1,0
8522,2002,4,4,2,1,0,0,0,0,0,0
8524,1997,6,6,0,0,0,0,0,0,1,0
8524,1998,2,2,1,0,0,0,0,0,0,0
8524,1999,3,3,2,0,0,0,0,0,0,0
8534,1993,16,16,2,0,0,0,0,0,2,0
8534,1994,8,8,3,0,0,0,0,0,0,0
8534,1995,7,7,2,0,0,0,0,0,3,0
8534,1996,3,3,0,0,0,0,0,0,2,0
8544,2005,3,3,1,0,0,1,0,0,0,0
8544,2007,3,3,0,0,0,0,0,0,0,0
8547,1989,1,1,0,0,0,0,0,0,1,0
8556,2002,3,3,1,0,0,0,0,0,0,0
8556,2005,2,2,1,0,0,0,0,0,1,0
8558,2008,1,1,0,0,0,0,0,0,1,0
8563,1996,2,2,1,0,0,0,0,0,1,0
8567,1996,8,8,4,0,0,0,0,0,0,0
8567,1997,2,2,1,1,0,0,0,0,1,0
8567,1998,3,3,0,0,0,0,0,0,2,0
8567,2001,4,3,1,0,0,0,1,0,1,0
8567,2002,1,1,0,0,0,0,0,0,0,0
8567,2003,2,2,0,0,0,0,0,0,0,0
8581,2003,2,2,0,0,0,0,0,0,1,0
8581,2004,2,2,0,0,0,0,0,0,1,0
8581,2005,2,2,1,0,0,0,0,0,0,0
8581,2006,3,3,2,1,0,0,0,0,0,0
8581,2007,2,1,0,0,0,0,1,0,0,0
8585,1996,8,8,3,0,0,0,0,0,0,0
8585,1997,7,7,4,2,0,0,0,0,0,0
8601,2004,9,8,4,0,0,0,1,0,1,0
8601,2005,15,12,3,0,0,2,1,0,1,2
8607,1996,5,5,0,0,0,0,0,0,0,0
8607,1998,1,1,0,0,0,0,0,0,0,0
8607,1999,3,3,0,0,0,0,0,0,1,0
8607,2000,3,3,1,0,0,0,0,0,0,0
8607,2001,6,6,0,0,0,0,0,0,1,0
8607,2002,6,6,2,0,0,0,0,0,1,0
8611,1993,3,3,0,0,0,0,0,0,0,0
8616,1989,12,10,1,1,0,0,2,0,1,0
8616,1990,9,7,1,0,0,0,2,0,1,0
8616,1991,3,3,1,0,1,0,0,0,0,0
8616,1992,2,2,1,0,0,0,0,0,1,0
8619,2007,4,4,2,1,0,0,0,0,1,0
8619,2008,1,1,1,0,0,0,0,0,0,0
8624,2005,2,2,0,0,0,0,0,0,2,0
8638,2001,1,1,0,0,0,0,0,0,1,0
8638,2002,2,2,0,0,0,0,0,0,1,0
8638,2003,5,4,0,0,0,0,0,0,2,0
8651,1990,3,3,0,0,0,0,0,0,1,0
8653,1987,3,2,0,0,0,0,1,0,0,0
8653,1990,3,2,1,0,0,0,0,0,0,1
8653,1991,5,5,0,0,0,0,0,0,1,0
8653,1992,9,8,2,1,0,0,1,0,0,0
8653,1993,3,3,1,0,0,0,0,0,0,0
8653,1994,6,6,1,1,0,0,0,0,0,0
8653,1995,6,6,1,0,0,0,0,0,0,0
8653,1996,5,5,2,1,0,0,0,0,1,0
8655,1994,1,1,0,0,0,0,0,0,1,0
8655,1996,1,1,1,0,0,0,0,0,0,0
8673,2005,7,7,1,0,0,0,0,0,1,0
8673,2006,1,1,0,0,0,0,0,0,0,0
8674,1997,3,3,1,0,0,0,0,0,0,0
8674,1998,3,3,0,0,0,0,0,0,1,0
8674,2003,3,3,1,1,0,0,0,0,0,0
8678,1987,1,1,0,0,0,0,0,0,0,0
8678,1988,3,3,1,1,0,0,0,0,1,0
8686,1993,5,5,1,0,0,0,0,0,2,0
8686,1994,3,3,0,0,0,0,0,0,0,0
8688,1999,3,3,0,0,0,0,0,0,2,0
8696,1989,3,3,0,0,0,0,0,0,0,0
8696,1990,3,3,0,0,0,0,0,0,0,0
8696,1995,6,5,2,0,0,0,1,0,0,0
8696,1997,2,2,0,0,0,0,0,0,0,0
8706,1986,4,3,3,1,0,0,1,0,0,0
8706,1987,4,3,3,1,0,0,1,0,0,0
8727,1987,3,3,1,0,0,0,0,0,2,0
8727,1988,12,10,3,0,0,1,2,0,3,0
8727,1994,3,3,0,0,0,0,0,0,1,0
8731,2000,2,2,0,0,0,0,0,0,1,0
8754,1986,1,1,1,0,0,0,0,0,0,0
8755,2001,3,2,0,0,0,0,0,0,1,1
8755,2008,3,3,0,0,0,0,0,0,0,0
8762,1994,8,6,1,0,0,0,1,1,2,0
8762,1995,4,2,0,0,0,0,0,1,0,0
8765,2005,2,2,0,0,0,0,0,0,0,0
8782,2006,2,2,0,0,0,0,0,0,1,0
8782,2007,2,2,0,0,0,0,0,0,0,0
8784,2002,1,1,0,0,0,0,0,0,1,0
8784,2003,1,1,0,0,0,0,0,0,0,0
8795,2000,10,9,3,0,0,0,0,1,0,0
8795,2001,6,6,0,0,0,0,0,0,0,0
8795,2002,4,4,4,0,0,1,0,0,0,0
8795,2003,3,2,0,0,0,0,0,1,1,0
8795,2004,3,3,0,0,0,0,0,0,0,0
8808,1992,3,3,1,0,0,0,0,0,0,0
8811,1987,5,4,1,0,0,0,1,0,1,0
8812,2007,3,2,1,0,0,0,0,0,0,0
8835,2007,3,2,0,0,0,0,0,0,0,0
8839,1991,3,3,0,0,0,0,0,0,2,0
8839,1992,10,8,2,1,0,1,2,0,3,0
8839,1993,4,4,0,0,0,0,0,0,2,0
8839,1994,1,1,0,0,0,0,0,0,0,0
8839,1995,4,4,2,0,0,0,0,0,0,0
8850,1986,3,2,0,0,0,0,1,0,0,0
8850,1987,4,4,0,0,0,0,0,0,1,0
8850,1988,15,15,4,0,0,1,0,0,3,0
8850,1989,6,5,4,1,0,0,1,0,0,0
8853,2004,9,9,4,0,1,2,0,0,1,0
8853,2005,5,5,1,0,0,1,0,0,2,0
8853,2007,3,3,0,0,0,0,0,0,0,0
8854,2008,3,3,1,1,0,0,0,0,0,0
8857,1987,10,9,4,3,0,0,1,0,1,0
8857,1988,4,4,2,0,0,0,0,0,1,0
8857,1989,7,6,2,0,0,0,1,0,1,0
8857,1990,7,7,1,0,0,0,0,0,1,0
8857,1991,3,3,2,1,0,0,0,0,0,0
8857,1992,6,6,1,0,0,0,0,0,1,0
8857,1995,3,2,0,0,0,0,1,0,1,0
8857,1996,3,3,0,0,0,0,0,0,0,0
8859,2001,2,2,0,0,0,0,0,0,2,0
8872,2006,4,3,1,1,0,0,1,0,0,0
8872,2008,3,3,1,0,0,0,0,0,0,0
8888,2005,2,2,0,0,0,0,0,0,0,0
8891,1998,2,2,0,0,0,0,0,0,2,0
8891,2000,2,2,0,0,0,0,0,0,0,0
8897,1997,3,3,0,0,0,0,0,0,2,0
8897,1998,1,1,0,0,0,0,0,0,0,0
8898,2004,3,3,0,0,0,0,0,0,0,0
8917,1997,6,6,1,0,0,0,0,0,0,0
8917,1998,6,6,4,1,0,0,0,0,0,0
8917,1999,8,8,2,0,0,0,0,0,0,0
8917,2000,6,6,1,0,0,0,0,0,1,0
8917,2004,3,3,0,0,0,0,0,0,0,0
8918,2002,3,3,0,0,0,0,0,0,0,0
8918,2004,3,3,1,0,0,0,0,0,2,0
8920,1989,2,0,0,0,0,0,0,0,0,0
8921,1998,3,3,1,0,0,0,0,0,1,0
8927,1991,4,4,1,1,0,0,0,0,1,0
8928,2003,7,7,1,0,0,0,0,0,2,0
8929,2000,3,1,0,0,0,0,2,0,0,0
8929,2002,6,6,2,0,0,1,0,0,1,0
8929,2003,9,8,4,1,0,0,1,0,0,0
8929,2004,5,4,2,0,0,1,1,0,0,0
8929,2006,3,3,1,0,0,0,0,0,0,0
8932,1997,1,1,0,0,0,0,0,0,0,0
8940,2008,2,1,0,0,0,0,0,0,1,0
8946,1987,5,5,1,0,0,0,0,0,0,0
8946,1988,6,4,1,0,0,0,2,0,0,0
8946,1989,4,4,0,0,0,0,0,0,0,0
8946,1991,5,5,2,1,0,0,0,0,1,0
8946,1992,7,7,1,0,0,0,0,0,0,0
8946,1993,3,3,1,0,0,0,0,0,1,0
8946,1994,1,1,1,1,0,0,0,0,0,0
8946,1995,2,2,0,0,0,0,0,0,0,0
8954,1996,2,2,1,1,0,0,0,0,1,0
8954,2000,3,3,0,0,0,0,0,0,2,0
8954,2001,4,3,0,0,0,0,0,0,2,0
8957,1995,1,1,0,0,0,0,0,0,0,0
8957,1997,1,1,0,0,0,0,0,0,0,0
8982,2008,1,1,0,0,0,0,0,0,0,0
8984,2000,3,2,0,0,0,0,0,0,0,1
8986,1991,1,1,0,0,0,0,0,0,0,0
8990,2004,1,1,0,0,0,0,0,0,0,0
8990,2005,2,2,0,0,0,0,0,0,0,0
8994,1992,1,1,1,0,0,0,0,0,0,0
9012,2006,3,3,0,0,0,0,0,0,0,0
9012,2007,4,4,1,0,0,0,0,0,1,0
9012,2008,6,6,1,0,0,0,0,0,3,0
9021,1994,1,1,0,0,0,0,0,0,0,0
9021,1995,6,6,1,0,0,1,0,0,2,0
9021,1996,5,5,0,0,0,0,0,0,2,0
9023,2003,12,12,3,0,0,0,0,0,2,0
9023,2004,3,3,0,0,0,0,0,0,0,0
9023,2005,2,2,0,0,0,0,0,0,0,0
9027,1998,3,3,0,0,0,0,0,0,1,0
9036,1993,6,5,2,1,0,1,1,0,1,0
9036,1994,4,4,0,0,0,0,0,0,1,0
9036,1995,3,3,1,0,0,0,0,0,1,0
9036,1996,7,7,2,0,0,0,0,0,0,0
9036,1998,6,6,3,0,0,0,0,0,0,0
9036,1999,11,11,3,0,0,1,0,0,0,0
9036,2000,8,8,2,0,0,1,0,0,1,0
9036,2001,3,3,0,0,0,0,0,0,1,0
9036,2002,5,5,1,0,0,0,0,0,2,0
9036,2003,5,5,2,0,0,1,0,0,0,0
9036,2004,3,3,0,0,0,0,0,0,0,0
9036,2005,3,3,0,0,0,0,0,0,2,0
9036,2006,8,8,1,0,0,0,0,0,2,0
9044,2007,6,6,2,1,0,0,0,0,1,0
9046,2002,3,3,1,0,0,0,0,0,0,0
9046,2004,3,3,2,1,0,0,0,0,0,0
9046,2005,5,5,3,0,0,0,0,0,1,0
9046,2006,6,6,3,0,0,0,0,0,0,0
9051,2000,3,3,1,0,0,0,0,0,0,0
9051,2002,4,4,2,0,0,0,0,0,0,0
9051,2003,10,9,2,1,0,0,0,1,0,0
9051,2005,11,10,4,1,0,0,0,1,0,0
9051,2007,8,7,3,1,0,0,0,0,0,0
9051,2008,5,5,1,0,0,0,0,0,0,0
9069,2008,2,2,0,0,0,0,0,0,1,0
9097,1993,10,10,0,0,0,0,0,0,1,0
9097,1994,7,7,1,0,0,0,0,0,4,0
9097,1997,2,2,0,0,0,0,0,0,1,0
9114,2003,3,3,1,1,0,0,0,0,0,0
9114,2004,14,14,0,0,0,0,0,0,4,0
9114,2005,7,7,4,2,0,0,0,0,0,0
9114,2006,7,5,0,0,0,0,2,0,0,0
9120,1998,7,7,3,1,0,0,0,0,0,0
9120,1999,3,3,0,0,0,0,0,0,1,0
9120,2001,3,3,1,0,0,0,0,0,0,0
9120,2002,6,5,1,0,0,0,0,0,0,0
9120,2003,7,7,3,0,0,0,0,0,0,0
9120,2004,3,3,0,0,0,0,0,0,0,0
9120,2008,3,3,0,0,0,0,0,0,2,0
9121,1998,3,3,0,0,0,0,0,0,0,0
9136,1999,3,3,0,0,0,0,0,0,0,0
9136,2001,2,2,0,0,0,0,0,0,0,0
9136,2003,1,1,0,0,0,0,0,0,0,0
9152,1989,2,2,0,0,0,0,0,0,1,0
9152,1993,1,0,0,0,0,0,0,0,0,0
9152,1995,1,1,0,0,0,0,0,0,0,0
9152,1996,2,2,0,0,0,0,0,0,0,0
9154,1999,2,2,1,0,0,0,0,0,0,0
9154,2000,1,0,0,0,0,0,1,0,0,0
9154,2001,3,3,1,0,0,0,0,0,1,0
9157,1993,1,1,0,0,0,0,0,0,0,0
9168,1987,3,2,0,0,0,0,1,0,1,0
9191,1992,1,1,0,0,0,0,0,0,1,0
9191,1993,1,1,0,0,0,0,0,0,0,0
9191,1997,2,2,0,0,0,0,0,0,0,0
9191,2000,2,2,1,0,0,0,0,0,1,0
9191,2001,3,3,0,0,0,0,0,0,2,0
9195,1990,10,10,2,1,0,0,0,0,2,0
9202,1995,1,1,0,0,0,0,0,0,0,0
9202,2001,7,7,3,1,0,0,0,0,2,0
9213,1992,1,1,0,0,0,0,0,0,0,0
9219,2001,3,3,0,0,0,0,0,0,2,0
9229,1994,1,1,0,0,0,0,0,0,0,0
9230,1987,1,1,0,0,0,0,0,0,0,0
9230,1988,6,5,0,0,0,0,1,0,0,0
9230,1989,10,10,4,0,0,0,0,0,0,0
9233,2001,3,3,2,1,0,0,0,0,0,0
9233,2002,3,3,1,0,0,0,0,0,1,0
9233,2004,9,8,3,0,0,2,0,0,0,1
9233,2005,10,10,4,0,0,1,0,0,2,0
9233,2006,9,9,1,0,0,0,0,0,0,0
9233,2007,3,3,1,0,0,0,0,0,1,0
9233,2008,5,5,2,0,0,0,0,0,0,0
9260,2006,3,3,1,1,0,0,0,0,0,0
9260,2007,1,1,1,1,0,0,0,0,0,0
9270,1989,8,7,2,0,0,0,1,0,1,0
9270,1990,1,1,0,0,0,0,0,0,0,0
9270,1991,5,5,2,0,0,0,0,0,3,0
9273,2005,3,3,1,0,0,0,0,0,0,0
9273,2008,5,5,0,0,0,0,0,0,0,0
9274,1989,7,5,0,0,0,0,1,0,3,0
9306,1986,3,2,1,0,0,0,1,0,0,0
9306,1987,9,7,4,1,0,0,2,0,0,0
9306,1988,12,11,3,0,0,1,1,0,2,0
9306,1989,15,12,2,1,0,1,2,1,1,0
9306,1990,9,8,1,0,0,0,1,0,0,0
9306,1998,3,3,1,1,0,0,0,0,0,0
9317,2000,4,3,0,0,0,0,1,0,2,0
9317,2001,4,3,1,0,0,0,1,0,1,0
9317,2002,8,8,2,0,0,0,0,0,0,0
9317,2007,3,2,1,0,1,0,1,0,0,0
9317,2008,5,5,2,1,0,0,0,0,0,0
9324,2006,1,1,0,0,0,0,0,0,0,0
9331,2006,4,4,0,0,0,0,0,0,0,0
9331,2007,4,4,4,0,0,1,0,0,0,0
9331,2008,6,6,3,1,0,0,0,0,0,0
9338,2001,4,3,0,0,0,0,1,0,0,0
9338,2002,2,2,0,0,0,0,0,0,0,0
9338,2005,3,3,0,0,0,0,0,0,0,0
9338,2007,3,3,2,1,0,0,0,0,0,0
9345,1988,10,10,4,0,0,0,0,0,1,0
9345,1989,14,14,1,1,0,0,0,0,1,0
9345,1990,9,8,1,0,0,0,0,0,1,0
9345,1991,2,2,0,0,0,0,0,0,0,0
9345,1992,1,1,0,0,0,0,0,0,0,0
9371,1987,2,2,1,0,0,0,0,0,1,0
9377,1997,4,4,1,0,0,0,0,0,0,0
9381,1989,11,9,2,0,0,0,2,0,1,0
9381,1992,7,7,3,1,0,0,0,0,2,0
9387,1997,2,1,0,0,0,0,0,0,0,0
9392,1990,5,4,1,0,0,0,0,0,0,0
9412,1987,2,2,1,0,0,0,0,0,1,0
9415,1986,3,2,1,0,0,0,0,1,1,0
9415,1987,9,8,1,0,0,0,1,0,1,0
9426,1987,4,4,1,1,0,0,0,0,0,0
9426,1988,5,5,1,1,0,0,0,0,2,0
9426,1989,2,2,0,0,0,0,0,0,0,0
9434,2001,3,2,0,0,0,0,0,0,1,0
9437,2004,2,2,0,0,0,0,0,0,2,0
9437,2008,3,1,0,0,0,0,1,0,0,0
9441,1999,3,3,1,0,0,0,0,0,0,0
9441,2000,2,1,0,0,0,0,0,1,0,0
9442,2003,3,3,0,0,0,0,0,0,0,0
9442,2005,4,4,1,0,0,0,0,0,0,0
9444,2003,4,4,1,0,0,0,0,0,0,0
9444,2004,8,7,1,0,0,0,0,0,1,1
9444,2005,9,9,1,0,0,0,0,0,0,0
9447,1989,9,6,2,0,0,0,3,0,0,0
9447,1990,1,0,0,0,0,0,1,0,0,0
9447,1991,4,4,1,0,0,0,0,0,0,0
9455,2007,1,1,0,0,0,0,0,0,0,0
9458,1987,9,8,2,0,0,0,1,0,0,0
9458,1988,10,7,2,0,0,0,3,0,0,0
9458,1989,7,7,1,0,0,0,0,0,1,0
9458,1990,6,6,3,0,0,0,0,0,0,0
9458,1991,6,6,3,0,0,1,0,0,0,0
9458,1993,1,1,0,0,0,0,0,0,0,0
9458,1994,7,6,1,0,0,0,1,0,2,0
9458,1995,4,4,2,1,0,0,0,0,0,0
9458,1996,5,5,3,0,0,0,0,0,0,0
9458,1997,4,4,0,0,0,0,0,0,1,0
9458,1998,6,6,2,0,0,0,0,0,1,0
9458,1999,3,3,0,0,0,0,0,0,0,0
9458,2000,7,6,1,1,0,0,1,0,2,0
9460,1993,6,6,2,1,0,0,0,0,0,0
9460,1995,4,4,1,0,0,0,0,0,2,0
9460,1996,8,7,1,0,0,0,1,0,0,0
9467,1990,2,2,1,0,0,0,0,0,1,0
9467,2000,2,1,0,0,0,0,0,0,0,1
9467,2001,2,2,0,0,0,0,0,0,0,0
9470,1997,7,7,1,0,0,0,0,0,0,0
9470,1999,3,3,0,0,0,0,0,0,1,0
9470,2000,7,7,2,0,0,1,0,0,0,0
9470,2002,8,8,1,0,0,0,0,0,0,0
9490,2002,3,3,0,0,0,0,0,0,1,0
9494,1998,3,3,0,0,0,0,0,0,1,0
9494,1999,3,3,1,0,0,0,0,0,0,0
9494,2000,8,6,2,0,0,0,0,2,1,0
9494,2001,3,2,1,1,0,0,0,0,1,1
9496,1997,2,2,0,0,0,0,0,0,1,0
9496,1998,3,2,0,0,0,0,0,0,0,0
9507,1997,10,10,3,0,0,0,0,0,1,0
9507,1998,11,9,4,0,0,0,1,0,0,0
9507,1999,7,7,1,0,0,0,0,0,0,0
9507,2001,2,2,0,0,0,0,0,0,0,0
9507,2002,2,2,1,0,0,0,0,0,0,0
9507,2003,3,3,1,0,0,0,0,0,0,0
9507,2004,9,9,4,0,0,1,0,0,1,0
9507,2005,3,3,1,0,0,0,0,0,0,0
9507,2007,3,3,0,0,0,0,0,0,0,0
9507,2008,3,3,1,0,0,0,0,0,0,0
9508,1993,6,5,0,0,0,0,0,1,2,0
9509,2006,1,1,0,0,0,0,0,0,1,0
9519,1988,2,2,0,0,0,0,0,0,1,0
9519,1989,5,3,1,0,0,0,0,0,0,0
9524,2006,2,2,0,0,0,0,0,0,1,0
9528,2005,1,1,0,0,0,0,0,0,1,0
9531,1991,3,3,2,1,0,0,0,0,0,0
9533,2003,7,7,1,0,0,0,0,0,2,0
9533,2005,6,6,1,0,0,0,0,0,2,0
9533,2006,7,6,0,0,0,0,1,0,2,0
9533,2007,3,3,0,0,0,0,0,0,2,0
9540,1993,1,1,0,0,0,0,0,0,1,0
9540,1998,1,1,0,0,0,0,0,0,0,0
9544,1986,1,1,0,0,0,0,0,0,0,0
9544,1987,3,3,0,0,0,0,0,0,0,0
9544,1988,2,2,0,0,0,0,0,0,0,0
9544,1989,2,2,0,0,0,0,0,0,1,0
9549,2007,6,6,2,1,0,0,0,0,1,0
9549,2008,7,6,3,0,0,0,0,0,3,1
9552,1987,9,7,3,1,0,0,2,0,2,0
9552,1988,10,9,2,0,0,1,1,0,1,0
9552,1989,3,2,1,0,0,1,1,0,0,0
9552,1990,5,5,1,0,0,0,0,0,2,0
9553,1990,2,2,0,0,0,0,0,0,1,0
9554,1998,3,3,0,0,0,0,0,0,2,0
9560,1991,7,7,0,0,0,0,0,0,0,0
9560,1994,4,3,0,0,0,0,1,0,1,0
9575,2001,3,3,2,1,0,0,0,0,0,0
9583,1989,6,5,1,0,0,0,1,0,1,0
9608,2001,2,2,0,0,0,0,0,0,1,0
9614,1990,6,4,0,0,0,0,0,0,2,0
9614,1991,2,1,0,0,0,0,0,0,0,0
9614,1993,5,4,0,0,0,0,0,0,2,0
9614,1994,2,2,0,0,0,0,0,0,0,0
9614,1995,3,3,1,0,0,0,0,0,1,0
9616,1988,4,3,0,0,0,0,1,0,0,0
9616,1989,6,5,1,0,0,0,1,0,2,0
9616,1992,1,1,0,0,0,0,0,0,0,0
9624,1999,3,2,2,0,0,0,1,0,0,0
9624,2000,9,8,2,0,0,0,1,0,3,0
9624,2001,3,2,0,0,0,0,0,0,0,1
9624,2002,5,5,2,0,0,0,0,0,0,0
9631,1997,3,3,1,0,0,0,0,0,0,0
9631,1998,3,3,1,0,0,0,0,0,0,0
9631,1999,3,3,1,0,0,0,0,0,0,0
9631,2001,3,3,0,0,0,0,0,0,0,0
9637,2001,3,3,1,0,0,0,0,0,0,0
9644,2002,3,3,0,0,0,0,0,0,0,0
9647,1993,3,3,0,0,0,0,0,0,2,0
9649,2003,1,1,0,0,0,0,0,0,1,0
9654,2004,7,7,2,0,0,0,0,0,2,0
9656,1986,2,1,1,0,0,0,1,0,0,0
9656,1988,9,8,0,0,0,0,1,0,2,0
9662,1997,1,1,0,0,0,0,0,0,0,0
9662,1998,2,2,0,0,0,0,0,0,1,0
9672,2002,1,1,0,0,0,0,0,0,0,0
9682,1989,8,5,3,0,0,0,3,0,1,0
9682,1990,11,8,3,2,0,0,2,0,0,0
9682,1991,3,2,0,0,0,0,1,0,1,0
9682,1992,7,6,4,1,0,0,1,0,1,0
9682,1993,4,4,2,0,0,0,0,0,1,0
9682,1994,8,8,4,1,0,0,0,0,0,0
9682,1995,1,1,0,0,0,0,0,0,0,0
9683,2001,4,4,1,1,0,0,0,0,0,0
9683,2003,3,3,1,1,0,0,0,0,0,0
9687,2002,3,3,0,0,0,0,0,0,1,0
9687,2003,3,3,2,0,0,0,0,0,0,0
9687,2005,3,3,0,0,0,0,0,0,0,0
9687,2006,9,7,2,0,1,0,2,0,1,0
9687,2007,9,9,4,1,0,0,0,0,1,0
9687,2008,9,8,3,0,0,0,1,0,0,0
9701,1994,1,1,0,0,0,0,0,0,0,0
9725,1988,2,2,0,0,0,0,0,0,1,0
9725,1989,2,2,0,0,0,0,0,0,1,0
9725,1990,2,1,0,0,0,0,0,0,0,0
9737,2003,3,3,0,0,0,0,0,0,1,0
9743,2006,3,3,0,0,0,0,0,0,1,0
9763,2003,4,4,2,1,0,0,0,0,0,0
9787,1992,8,8,1,0,0,0,0,0,2,0
9787,1994,3,3,0,0,0,0,0,0,1,0
9787,1996,10,10,3,0,0,1,0,0,3,0
9787,1997,8,8,2,1,0,0,0,0,2,0
9787,1998,6,6,2,1,0,0,0,0,1,0
9787,1999,7,7,4,0,0,1,0,0,0,0
9787,2000,10,10,2,1,0,0,0,0,2,0
9790,2003,8,8,2,0,0,2,0,0,0,0
9790,2008,3,2,0,0,0,0,1,0,0,0
9792,2005,1,1,0,0,0,0,0,0,0,0
9792,2006,4,4,1,0,0,0,0,0,1,0
9801,2008,6,6,2,1,0,0,0,0,1,0
9822,2008,2,2,0,0,0,0,0,0,0,0
9829,1987,1,0,0,0,0,0,1,0,0,0
9849,1991,2,1,0,0,0,0,1,0,0,0
9863,1996,8,6,2,0,0,0,2,0,0,0
9863,1997,7,6,0,0,0,0,0,1,2,0
9863,1998,7,6,1,0,0,0,0,0,3,1
9863,1999,6,6,3,2,0,0,0,0,0,0
9863,2000,8,7,2,0,0,0,1,0,1,0
9863,2001,16,14,4,0,0,2,0,1,3,1
9863,2002,3,1,1,0,0,0,2,0,0,0
9863,2003,3,3,1,1,0,0,0,0,0,0
9863,2004,9,8,0,0,0,0,0,0,1,1
9863,2006,12,10,8,5,0,0,2,0,0,0
9863,2007,3,3,0,0,0,0,0,0,1,0
9869,2001,17,17,4,0,0,0,0,0,3,0
9869,2002,6,6,0,0,0,0,0,0,1,0
9869,2003,15,15,5,2,1,0,0,0,2,0
9869,2004,3,3,2,0,0,1,0,0,0,0
9869,2007,4,4,0,0,0,0,0,0,0,0
9869,2008,6,6,0,0,0,0,0,0,1,0
9882,2008,2,2,0,0,0,0,0,0,0,0
9890,1997,1,1,0,0,0,0,0,0,1,0
9916,1989,6,6,1,0,0,0,0,0,5,0
9943,2000,2,1,0,0,0,0,0,0,0,0
9959,2008,7,7,2,0,0,0,0,0,2,0
9960,2005,5,5,0,0,0,0,0,0,2,0
9960,2008,3,1,1,0,0,0,2,0,0,0
9976,2004,6,6,4,1,0,0,0,0,0,0
9976,2005,7,7,0,0,0,0,0,0,2,0
9976,2007,3,3,1,0,0,0,0,0,0,0
9976,2008,15,15,4,3,0,0,0,0,3,0
9986,1991,4,4,0,0,0,0,0,0,1,0
10002,1996,1,1,0,0,0,0,0,0,0,0
10002,1998,4,4,2,0,0,0,0,0,0,0
10004,1987,2,2,0,0,0,0,0,0,0,0
10004,1989,4,4,1,0,0,0,0,0,1,0
10010,2007,3,3,0,0,0,0,0,0,0,0
10010,2008,6,6,2,0,0,0,0,0,0,0
10021,1987,1,1,0,0,0,0,0,0,0,0
10029,2002,2,2,1,0,0,0,0,0,0,0
10039,1986,3,3,0,0,0,0,0,0,0,0
10039,1987,2,2,0,0,0,0,0,0,0,0
10039,1989,3,3,0,0,0,0,0,0,0,0
10051,2008,2,2,1,0,0,0,0,0,0,0
10059,1988,5,3,0,0,0,0,1,0,1,0
10070,1992,1,0,0,0,0,0,0,0,0,0
10073,1988,7,7,0,0,0,0,0,0,0,0
10073,1989,4,4,1,0,0,0,0,0,0,0
10073,1990,8,8,2,1,0,0,0,0,0,0
10073,1991,15,15,3,1,0,0,0,0,2,0
10073,1992,2,2,0,0,0,0,0,0,0,0
10073,1993,6,6,2,0,0,1,0,0,1,0
10073,1996,2,2,2,1,0,0,0,0,0,0
10082,2004,3,3,0,0,0,0,0,0,1,0
10092,2005,3,3,1,1,0,0,0,0,0,0
10092,2006,3,3,0,0,0,0,0,0,0,0
10105,2006,3,3,1,1,0,0,0,0,0,0
10105,2007,2,2,1,0,0,0,0,0,0,0
10105,2008,1,1,0,0,0,0,0,0,0,0
10106,1987,3,3,0,0,0,0,0,0,1,0
10129,1986,4,4,2,0,1,0,0,0,1,0
10129,1987,9,9,2,0,1,0,0,0,1,0
10129,1988,13,12,4,1,0,0,0,1,2,0
10129,1989,5,5,2,1,0,0,0,0,1,0
10129,1990,7,7,1,0,0,0,0,0,1,0
10129,1993,3,3,0,0,0,0,0,0,1,0
10129,1998,4,4,0,0,0,0,0,0,4,0
10135,2002,6,6,0,0,0,0,0,0,0,0
10148,2004,1,1,0,0,0,0,0,0,0,0
10148,2005,8,7,3,1,0,0,0,0,1,0
10148,2006,3,3,3,2,0,0,0,0,0,0
10148,2007,7,6,3,0,0,0,0,1,0,0
10155,1998,4,3,0,0,0,0,0,0,0,0
10155,1999,2,1,1,0,0,0,0,0,0,0
10161,1993,4,4,0,0,0,0,0,0,0,0
10161,1995,4,4,0,0,0,0,0,0,0,0
10161,1996,4,4,1,0,0,0,0,0,1,0
10161,1997,2,2,0,0,0,0,0,0,0,0
10161,1998,5,5,1,0,0,0,0,0,1,0
10161,2003,5,5,1,0,0,0,0,0,1,0
10171,1991,1,1,1,0,0,0,0,0,0,0
10171,1992,7,6,0,0,0,0,0,0,4,1
10171,1994,7,6,2,0,0,0,1,0,1,0
10171,1995,8,8,3,1,0,0,0,0,1,0
10181,2008,3,3,2,2,0,0,0,0,0,0
10184,1993,3,3,2,0,0,0,0,0,0,0
10184,1994,3,3,1,0,0,0,0,0,0,0
10184,1996,7,7,2,0,0,0,0,0,2,0
10184,1997,9,9,2,0,0,0,0,0,2,0
10185,1992,3,3,1,1,0,0,0,0,1,0
10185,1993,5,5,0,0,0,0,0,0,0,0
10185,1994,10,9,3,0,1,0,1,0,2,0
10185,1995,13,11,4,1,0,0,2,0,4,0
10185,1997,6,5,3,0,0,0,1,0,2,0
10185,1998,6,6,1,0,0,0,0,0,1,0
10185,1999,6,5,3,1,0,0,1,0,1,0
10185,2001,3,3,1,0,0,0,0,0,1,0
10185,2002,6,6,2,1,0,0,0,0,2,0
10185,2003,3,3,0,0,0,0,0,0,1,0
10185,2004,9,9,2,0,0,0,0,0,3,0
10185,2005,3,3,1,0,0,0,0,0,1,0
10203,1987,2,1,0,0,0,0,0,1,1,0
10203,1988,7,7,0,0,0,0,0,0,1,0
10203,1989,3,1,1,0,0,0,2,0,0,0
10203,1990,6,6,1,0,1,0,0,0,0,0
10203,1991,8,7,4,1,0,0,1,0,1,0
10203,1992,7,7,1,0,0,0,0,0,1,0
10203,1993,9,9,4,0,0,2,0,0,1,0
10203,1994,7,7,0,0,0,0,0,0,2,0
10203,1995,3,3,2,0,0,1,0,0,1,0
10203,1996,14,12,4,1,0,3,2,0,2,0
10203,1997,3,3,0,0,0,0,0,0,1,0
10203,1999,7,7,2,1,0,0,0,0,2,0
10203,2001,6,6,2,1,0,0,0,0,0,0
10203,2002,6,6,2,0,0,0,0,0,0,0
10203,2003,3,1,1,0,0,0,1,0,0,1
10211,1995,1,1,0,0,0,0,0,0,0,0
10211,1996,4,3,0,0,0,0,1,0,0,0
10211,1998,10,8,2,0,0,0,0,1,2,0
10211,1999,3,3,0,0,0,0,0,0,1,0
10221,1988,7,7,1,0,0,0,0,0,2,0
10221,1989,10,8,2,0,0,0,0,0,2,1
10223,1987,8,6,1,0,0,0,2,0,0,0
10224,2002,2,2,1,0,1,0,0,0,0,0
10229,2005,2,2,0,0,0,0,0,0,0,0
10238,1988,2,2,1,0,0,0,0,0,0,0
10238,1989,4,4,1,0,0,0,0,0,0,0
10238,1990,9,8,2,0,0,0,1,0,1,0
10238,1991,11,11,2,1,0,0,0,0,2,0
10238,1992,3,3,0,0,0,0,0,0,0,0
10247,1993,4,4,0,0,0,0,0,0,1,0
10262,1987,8,8,4,0,0,0,0,0,3,0
10262,1988,8,7,3,0,0,0,0,0,0,1
10271,1993,3,3,1,0,0,0,0,0,1,0
10271,1995,3,2,0,0,0,0,1,0,0,0
10274,1995,2,2,0,0,0,0,0,0,0,0
10289,1994,2,2,0,0,0,0,0,0,1,0
10294,1993,2,2,0,0,0,0,0,0,2,0
10294,1994,2,2,0,0,0,0,0,0,1,0
10294,1995,2,1,1,1,0,0,0,0,0,0
10294,1998,6,5,1,0,0,0,0,0,2,0
10294,2000,4,4,0,0,0,0,0,0,2,0
10294,2003,3,3,0,0,0,0,0,0,1,0
10296,2007,3,3,1,0,0,0,0,0,0,0
10296,2008,2,2,0,0,0,0,0,0,0,0
10313,1997,3,3,0,0,0,0,0,0,1,0
10313,1998,3,3,1,1,0,0,0,0,1,0
10313,2006,2,2,0,0,0,0,0,0,1,0
10316,1986,4,4,2,0,0,0,0,0,0,0
10316,1987,6,5,1,0,0,0,1,0,1,0
10316,1988,9,8,4,0,0,1,1,0,0,0
10316,1989,2,2,0,0,0,0,0,0,0,0
10318,2000,2,2,0,0,0,0,0,0,2,0
10318,2003,8,7,1,0,0,0,0,1,3,0
10318,2004,6,6,1,1,0,0,0,0,2,0
10318,2005,2,2,0,0,0,0,0,0,0,0
10324,1992,10,8,2,1,0,0,2,0,1,0
10330,1992,1,1,0,0,0,0,0,0,0,0
10358,1987,3,2,0,0,0,0,1,0,0,0
10360,2008,3,3,1,0,0,0,0,0,1,0
10371,1987,8,7,1,1,0,0,1,0,0,0
10371,1988,8,6,1,0,0,0,2,0,0,0
10371,1989,9,6,1,0,0,0,2,1,1,0
10371,1990,7,7,2,0,0,0,0,0,0,0
10371,1992,4,4,2,0,0,0,0,0,0,0
10382,2007,3,3,3,2,0,0,0,0,0,0
10383,1990,2,2,0,0,0,0,0,0,0,0
10399,1989,3,1,0,0,0,0,1,0,1,0
10401,2003,5,4,0,0,0,0,0,0,0,1
10403,2005,1,1,0,0,0,0,0,0,0,0
10416,1987,5,4,1,0,0,0,1,0,1,0
10424,1997,1,1,1,1,0,0,0,0,0,0
10424,1999,1,1,0,0,0,0,0,0,0,0
10428,1995,8,8,2,0,0,0,0,0,3,0
10428,1996,7,7,1,0,0,0,0,0,0,0
10428,1997,4,4,1,1,0,0,0,0,0,0
10428,2001,4,4,2,0,0,0,0,0,1,0
10428,2003,1,1,1,0,0,0,0,0,0,0
10430,1999,5,4,1,0,0,0,1,0,2,0
10430,2001,1,1,0,0,0,0,0,0,0,0
10441,2005,4,4,1,0,0,0,0,0,0,0
10458,2003,2,2,0,0,0,0,0,0,1,0
10458,2004,2,2,0,0,0,0,0,0,1,0
10458,2005,3,3,0,0,0,0,0,0,0,0
10469,1995,2,2,0,0,0,0,0,0,1,0
10469,1996,7,7,2,1,0,0,0,0,1,0
10469,1997,9,9,2,0,0,0,0,0,1,0
10469,1998,6,5,0,0,0,0,1,0,1,0
10478,2001,3,3,0,0,0,0,0,0,2,0
10478,2002,6,4,0,0,0,0,2,0,1,0
10478,2003,3,3,1,0,0,0,0,0,2,0
10478,2004,3,3,0,0,0,0,0,0,1,0
10499,1992,2,2,2,0,0,0,0,0,0,0
10511,1994,1,1,0,0,0,0,0,0,0,0
10511,1995,6,6,2,1,0,0,0,0,1,0
10511,1996,3,3,1,0,0,0,0,0,0,0
10515,2001,1,1,0,0,0,0,0,0,0,0
10516,2004,4,3,0,0,0,0,0,0,1,0
10520,1992,8,7,2,2,0,0,0,1,1,0
10520,1993,7,6,1,1,0,0,1,0,3,0
10520,1994,7,7,2,1,0,0,0,0,1,0
10520,1995,4,3,1,0,0,0,1,0,1,0
10520,1996,4,3,1,0,0,0,1,0,1,0
10520,1997,9,9,1,0,0,1,0,0,1,0
10520,1998,3,2,2,1,0,1,1,0,0,0
10520,1999,3,3,0,0,0,0,0,0,0,0
10520,2000,7,7,2,1,0,0,0,0,2,0
10520,2001,7,7,2,1,0,0,0,0,2,0
10526,1987,4,4,2,1,0,0,0,0,1,0
10526,1988,4,4,0,0,0,0,0,0,1,0
10526,1989,5,5,1,0,0,0,0,0,1,0
10541,1989,3,3,1,0,0,0,0,0,0,0
10554,2001,2,2,0,0,0,0,0,0,0,0
10554,2002,3,3,1,0,0,0,0,0,0,0
10557,1992,6,6,1,0,0,0,0,0,2,0
10557,1993,5,5,2,1,0,0,0,0,1,0
10557,1994,4,4,2,0,0,0,0,0,0,0
10557,1995,4,4,1,0,0,0,0,0,0,0
10557,1996,3,3,0,0,0,0,0,0,1,0
10557,1997,7,7,2,1,0,0,0,0,0,0
10566,2005,1,1,0,0,0,0,0,0,1,0
10566,2008,3,3,0,0,0,0,0,0,1,0
10573,1987,4,4,1,1,0,0,0,0,1,0
10573,1988,3,2,0,0,0,0,0,0,0,0
10579,1999,4,4,1,0,0,0,0,0,2,0
10579,2000,3,3,2,0,0,0,0,0,0,0
10579,2002,4,3,0,0,0,0,0,0,1,0
10591,2003,1,1,0,0,0,0,0,0,0,0
10596,1996,1,1,0,0,0,0,0,0,0,0
10597,1998,2,2,0,0,0,0,0,0,0,0
10597,1999,2,2,0,0,0,0,0,0,1,0
10605,1996,1,1,0,0,0,0,0,0,0,0
10608,1988,1,1,0,0,0,0,0,0,0,0
10612,2002,2,2,0,0,0,0,0,0,0,0
10646,2006,4,4,2,0,0,1,0,0,1,0
10646,2008,3,3,0,0,0,0,0,0,0,0
10671,1990,1,1,0,0,0,0,0,0,0,0
10671,1991,4,4,0,0,0,0,0,0,2,0
10671,1993,6,6,1,0,0,0,0,0,1,0
10674,2004,6,6,2,1,0,0,0,0,1,0
10689,1989,2,2,0,0,0,0,0,0,0,0
10692,1987,2,1,0,0,0,0,0,0,0,0
10692,1988,2,2,0,0,0,0,0,0,1,0
10703,2000,2,2,0,0,0,0,0,0,0,0
10717,1993,4,4,2,0,0,0,0,0,0,0
10747,1989,3,3,1,0,0,0,0,0,0,0
10747,1990,4,3,1,0,0,0,0,0,0,1
10747,1991,2,2,0,0,0,0,0,0,2,0
10747,1992,1,1,0,0,0,0,0,0,0,0
10751,1998,1,1,0,0,0,0,0,0,0,0
10751,2000,1,1,0,0,0,0,0,0,0,0
10751,2001,2,2,0,0,0,0,0,0,0,0
10758,1987,11,11,2,1,0,0,0,0,1,0
10758,1988,17,17,2,0,0,1,0,0,1,0
10758,1989,3,3,1,0,0,0,0,0,0,0
10758,1990,11,10,1,0,0,0,1,0,1,0
10758,1991,9,7,4,1,0,0,1,0,0,0
10758,1992,11,11,2,0,0,0,0,0,1,0
10758,1993,14,13,4,0,0,0,0,0,0,0
10758,1994,7,6,0,0,0,0,1,0,1,0
10758,1995,8,8,0,0,0,0,0,0,0,0
10758,1996,3,3,1,0,1,0,0,0,0,0
10759,1989,2,1,0,0,0,0,0,0,0,0
10759,1994,2,2,0,0,0,0,0,0,0,0
10764,1998,1,1,0,0,0,0,0,0,0,0
10779,1987,2,2,1,0,0,0,0,0,0,0
10779,1988,2,2,0,0,0,0,0,0,0,0
10779,1991,2,1,0,0,0,0,0,0,0,0
10782,1990,2,1,0,0,0,0,1,0,0,0
10782,1992,4,4,1,0,0,0,0,0,1,0
10782,2007,2,1,0,0,0,0,0,0,0,0
10793,2004,1,1,0,0,0,0,0,0,1,0
10802,1997,6,4,0,0,0,0,2,0,2,0
10802,1998,6,6,0,0,0,0,0,0,3,0
10802,1999,6,6,3,0,0,0,0,0,1,0
10802,2000,9,9,1,0,0,0,0,0,3,0
10802,2001,5,4,1,0,0,1,0,1,1,0
10802,2002,6,5,0,0,0,0,1,0,0,0
10802,2003,3,2,0,0,0,0,1,0,0,0
10802,2004,7,6,3,0,0,0,1,0,0,0
10802,2005,1,1,1,0,0,0,0,0,0,0
10806,1992,3,3,0,0,0,0,0,0,1,0
10806,1993,3,3,2,0,0,0,0,0,1,0
10807,2005,4,4,0,0,0,0,0,0,1,0
10807,2006,3,3,2,0,0,0,0,0,0,0
10807,2007,7,7,0,0,0,0,0,0,1,0
10807,2008,4,4,1,1,0,0,0,0,0,0
10844,2001,3,3,1,0,0,0,0,0,1,0
10844,2007,3,3,0,0,0,0,0,0,0,0
10844,2008,6,6,3,0,0,0,0,0,1,0
10851,1998,4,4,1,0,0,0,0,0,1,0
10859,1993,7,5,2,1,0,0,2,0,1,0
10859,1994,3,3,2,0,0,0,0,0,1,0
10859,1995,4,4,1,0,0,0,0,0,2,0
10859,1996,4,3,1,0,0,0,1,0,1,0
10859,1997,10,10,1,0,0,0,0,0,3,0
10859,1998,6,6,2,0,0,1,0,0,0,0
10859,1999,8,8,2,1,0,1,0,0,1,0
10859,2000,7,7,0,0,0,0,0,0,2,0
10859,2001,7,4,1,0,0,1,3,0,0,0
10859,2003,6,6,1,0,0,0,0,0,1,0
10861,2008,2,2,0,0,0,0,0,0,1,0
10888,1987,2,1,1,0,0,0,1,0,0,0
10888,1988,1,1,1,0,0,0,0,0,0,0
10899,2004,3,3,2,0,0,0,0,0,0,0
10904,1996,5,5,2,0,0,0,0,0,2,0
10904,1997,6,6,3,0,0,0,0,0,1,0
10904,1998,3,3,1,1,0,0,0,0,1,0
10904,1999,6,4,1,1,0,0,2,0,0,0
10904,2000,4,4,2,0,0,0,0,0,1,0
10910,1987,3,3,1,0,0,0,0,0,1,0
10910,1988,1,1,0,0,0,0,0,0,0,0
10910,1989,1,1,1,0,0,0,0,0,0,0
10911,2007,2,2,1,0,1,0,0,0,0,0
10914,2001,4,4,4,0,0,0,0,0,0,0
10914,2002,5,3,1,1,0,0,1,1,0,0
10914,2003,7,6,2,1,0,1,0,1,3,0
10914,2005,6,5,3,0,0,1,1,0,1,0
10918,1997,3,3,1,0,1,0,0,0,0,0
10918,1998,4,4,1,0,0,0,0,0,2,0
10918,1999,4,4,3,0,1,0,0,0,0,0
10921,1999,3,2,0,0,0,0,0,0,1,0
10941,1992,3,1,0,0,0,0,2,0,0,0
10941,2002,3,3,1,0,0,0,0,0,1,0
10941,2003,3,3,0,0,0,0,0,0,1,0
10948,1995,2,2,0,0,0,0,0,0,0,0
10948,1996,1,1,0,0,0,0,0,0,0,0
10948,1997,4,3,1,0,0,0,0,0,0,0
10962,1999,3,3,0,0,0,0,0,0,1,0
10980,1994,3,3,0,0,0,0,0,0,0,0
11012,1997,3,3,1,1,0,0,0,0,1,0
11012,1999,2,2,0,0,0,0,0,0,1,0
11019,1991,1,1,1,0,0,0,0,0,0,0
11032,2000,3,3,1,0,0,0,0,0,1,0
11032,2001,14,14,2,0,0,0,0,0,5,0
11032,2002,3,3,1,0,0,0,0,0,0,0
11041,2008,4,3,1,0,0,0,1,0,1,0
11046,1998,4,4,2,0,0,0,0,0,1,0
11054,1986,3,3,0,0,0,0,0,0,0,0
11054,1992,5,5,2,0,0,0,0,0,0,0
11054,1993,4,3,0,0,0,0,1,0,1,0
11060,2000,3,3,0,0,0,0,0,0,0,0
11060,2003,1,1,0,0,0,0,0,0,0,0
11060,2006,2,2,1,0,0,0,0,0,1,0
11064,1993,3,3,1,0,0,0,0,0,1,0
11064,1995,5,4,1,0,0,0,0,1,1,0
11064,1996,11,11,0,0,0,0,0,0,3,0
11064,1997,5,5,0,0,0,0,0,0,0,0
11064,1998,3,3,0,0,0,0,0,0,2,0
11078,1986,1,1,0,0,0,0,0,0,1,0
11078,1987,4,3,2,1,0,0,1,0,1,0
11090,1999,3,3,1,0,0,0,0,0,0,0
11100,1987,6,5,2,1,0,1,1,0,1,0
11100,1988,9,8,1,0,0,1,1,0,2,0
11100,1989,9,7,0,0,0,0,2,0,1,0
11100,1990,14,11,3,1,0,1,2,0,1,1
11100,1993,7,6,0,0,0,0,0,1,2,0
11100,1998,3,3,1,0,0,0,0,0,1,0
11101,1997,4,3,0,0,0,0,0,0,2,1
11134,1987,9,9,5,0,1,0,0,0,0,0
11134,1988,1,0,0,0,0,0,1,0,0,0
11134,1989,6,5,2,2,0,0,1,0,1,0
11134,1990,10,10,5,0,0,0,0,0,1,0
11141,2001,2,2,1,0,0,0,0,0,1,0
11145,1997,3,3,3,0,0,0,0,0,0,0
11145,1998,1,1,0,0,0,0,0,0,1,0
11145,2000,7,7,1,0,0,0,0,0,0,0
11145,2001,3,3,2,0,1,0,0,0,0,0
11145,2002,3,3,0,0,0,0,0,0,0,0
11145,2003,3,3,0,0,0,0,0,0,1,0
11145,2004,5,5,0,0,0,0,0,0,1,0
11162,2005,3,2,0,0,0,0,0,0,0,0
11162,2006,3,3,0,0,0,0,0,0,1,0
11162,2007,3,3,1,0,0,0,0,0,0,0
11172,2006,1,1,0,0,0,0,0,0,0,0
11173,1997,3,2,1,0,0,0,0,0,0,1
11173,1998,3,3,0,0,0,0,0,0,0,0
11173,1999,4,4,1,0,0,1,0,0,0,0
11173,2000,3,3,1,0,0,0,0,0,0,0
11173,2003,3,3,0,0,0,0,0,0,0,0
11190,2003,3,3,2,0,0,0,0,0,0,0
11190,2007,3,3,2,0,0,0,0,0,0,0
11195,1992,1,1,0,0,0,0,0,0,0,0
11195,1997,1,1,0,0,0,0,0,0,1,0
11210,1995,4,4,1,0,0,0,0,0,0,0
11210,1996,1,1,0,0,0,0,0,0,0,0
11210,1997,1,1,0,0,0,0,0,0,0,0
11210,2000,1,1,1,0,0,0,0,0,0,0
11210,2002,1,1,1,1,0,0,0,0,0,0
11210,2005,3,3,0,0,0,0,0,0,0,0
11215,1993,3,3,0,0,0,0,0,0,1,0
11215,1995,2,2,1,0,0,0,0,0,1,0
11215,1997,2,1,0,0,0,0,0,0,0,0
11217,1992,4,4,1,0,0,0,0,0,0,0
11217,1994,2,2,0,0,0,0,0,0,1,0
11233,1990,3,3,1,0,0,1,0,0,0,0
11237,2004,1,1,0,0,0,0,0,0,0,0
11237,2005,7,7,4,1,0,0,0,0,1,0
11237,2006,8,7,2,0,0,0,1,0,2,0
11252,2002,2,2,0,0,0,0,0,0,0,0
11256,2000,3,2,1,0,0,0,0,0,1,0
11260,1995,7,7,0,0,0,0,0,0,3,0
11274,1998,1,1,0,0,0,0,0,0,0,0
11274,1999,3,3,2,1,0,0,0,0,0,0
11274,2001,4,4,1,0,0,0,0,0,2,0
11274,2002,11,11,3,1,0,0,0,0,1,0
11274,2003,3,3,1,1,0,0,0,0,0,0
11281,1992,10,8,1,0,0,0,2,0,2,0
11281,1993,9,8,2,2,0,0,1,0,0,0
11281,1994,7,7,2,1,0,0,0,0,2,0
11281,1995,9,9,1,0,0,0,0,0,5,0
11281,1996,6,6,1,0,0,0,0,0,2,0
11281,1997,2,2,0,0,0,0,0,0,0,0
11281,1998,6,5,2,0,0,0,1,0,2,0
11285,2001,2,2,0,0,0,0,0,0,1,0
11286,1995,1,1,1,0,0,0,0,0,0,0
11286,1996,1,1,0,0,0,0,0,0,0,0
11286,1998,1,1,0,0,0,0,0,0,0,0
11291,2005,9,7,4,0,1,0,0,0,0,0
11291,2007,15,14,1,0,0,0,0,1,3,0
11291,2008,9,9,1,1,0,0,0,0,2,0
11331,2003,3,3,0,0,0,0,0,0,2,0
11331,2008,3,3,1,0,0,0,0,0,0,0
11332,2003,3,3,0,0,0,0,0,0,0,0
11332,2008,3,3,0,0,0,0,0,0,0,0
11336,2003,1,1,0,0,0,0,0,0,1,0
11340,1996,3,2,0,0,0,0,0,0,0,0
11342,1995,1,1,0,0,0,0,0,0,1,0
11346,1987,4,4,1,0,0,0,0,0,0,0
11346,1988,8,8,3,1,0,0,0,0,0,0
11346,1989,3,3,1,0,0,0,0,0,0,0
11346,1990,11,11,5,1,0,1,0,0,0,0
11346,1991,6,6,0,0,0,0,0,0,0,0
11364,1989,2,2,0,0,0,0,0,0,1,0
11369,1986,2,2,1,0,0,0,0,0,1,0
11369,1987,4,4,2,0,0,1,0,0,1,0
11369,1988,2,2,1,1,0,0,0,0,0,0
11369,1990,4,4,3,1,0,0,0,0,0,0
11369,1991,11,9,1,0,0,1,1,0,3,1
11369,1992,8,8,1,0,0,0,0,0,4,0
11371,1990,3,3,0,0,0,0,0,0,1,0
11371,1992,2,2,1,0,0,0,0,0,1,0
11371,1994,3,3,0,0,0,0,0,0,2,0
11376,2008,3,3,1,1,0,0,0,0,0,0
11385,2007,5,5,2,0,0,0,0,0,0,0
11385,2008,6,5,1,0,0,0,0,0,1,1
11394,1987,2,2,0,0,0,0,0,0,0,0
11394,1988,6,6,2,0,0,0,0,0,1,0
11394,1989,6,6,2,0,0,1,0,0,0,0
11394,1990,6,6,0,0,0,0,0,0,2,0
11399,2008,1,1,0,0,0,0,0,0,1,0
11403,2004,3,3,2,0,0,2,0,0,1,0
11416,2004,4,3,0,0,0,0,1,0,2,0
11423,2003,15,14,2,1,0,0,1,0,5,0
11423,2004,3,2,0,0,0,0,1,0,0,0
11423,2006,6,5,3,1,0,2,1,0,1,0
11425,1996,3,3,0,0,0,0,0,0,2,0
11426,1997,2,1,0,0,0,0,0,0,1,0
11426,2002,2,1,0,0,0,0,0,0,1,0
11426,2003,1,1,0,0,0,0,0,0,0,0
11434,1986,4,4,1,0,0,0,0,0,1,0
11434,1987,9,8,1,1,0,0,1,0,2,0
11434,1988,9,9,5,1,0,0,0,0,1,0
11434,1989,6,6,3,0,0,0,0,0,1,0
11434,1990,10,10,3,1,0,0,0,0,1,0
11434,1991,5,4,3,0,0,0,1,0,0,0
11434,1992,6,6,0,0,0,0,0,0,0,0
11434,1993,9,9,5,0,0,0,0,0,0,0
11434,1994,3,3,1,0,0,0,0,0,1,0
11434,1995,8,8,1,0,0,0,0,0,2,0
11434,1996,1,1,0,0,0,0,0,0,1,0
11442,1987,1,1,1,0,0,0,0,0,0,0
11442,1988,13,13,0,0,0,0,0,0,7,0
11442,1989,7,7,2,0,0,0,0,0,0,0
11442,1990,2,1,0,0,0,0,1,0,1,0
11442,1991,7,6,2,1,0,0,0,1,2,0
11442,1992,3,2,0,0,0,0,1,0,0,0
11442,1993,8,8,2,0,0,0,0,0,2,0
11442,1995,2,2,0,0,0,0,0,0,0,0
11442,1996,9,8,2,0,0,0,1,0,3,0
11443,1992,3,3,1,0,0,0,0,0,0,0
11443,1993,9,7,2,1,0,0,1,0,1,0
11443,1994,8,7,2,0,0,0,0,0,0,0
11443,1995,6,6,2,1,0,0,0,0,0,0
11455,1989,15,13,5,2,0,0,2,0,0,0
11455,1990,5,5,1,1,0,0,0,0,2,0
11455,1991,12,11,5,0,0,0,0,0,3,0
11463,2007,4,4,0,0,0,0,0,0,0,0
11474,1999,3,2,1,0,0,0,0,0,1,0
11513,2001,2,2,0,0,0,0,0,0,1,0
11522,1997,1,1,1,0,0,0,0,0,0,0
11522,2006,1,1,0,0,0,0,0,0,1,0
11522,2007,3,2,0,0,0,0,0,0,1,0
11526,1991,2,2,0,0,0,0,0,0,1,0
11526,1992,7,5,1,0,0,0,0,0,0,0
11558,1994,2,2,0,0,0,0,0,0,1,0
11560,2004,3,3,1,0,0,0,0,0,1,0
11560,2006,3,3,2,0,0,0,0,0,0,0
11560,2007,11,11,2,0,0,0,0,0,0,0
11560,2008,2,2,0,0,0,0,0,0,0,0
11569,2008,2,2,0,0,0,0,0,0,1,0
11572,2000,3,3,0,0,0,0,0,0,2,0
11572,2001,3,3,0,0,0,0,0,0,2,0
11573,2004,3,2,1,0,0,0,1,0,0,0
11573,2005,5,4,2,1,0,0,1,0,0,0
11573,2006,6,5,2,0,0,1,0,0,1,1
11573,2007,3,3,2,2,0,0,0,0,0,0
11573,2008,3,3,1,0,0,0,0,0,0,0
11577,1995,1,1,0,0,0,0,0,0,0,0
11577,1996,2,2,0,0,0,0,0,0,0,0
11577,1999,6,3,1,0,0,0,0,0,0,0
11577,2003,2,2,0,0,0,0,0,0,0,0
11577,2006,4,3,0,0,0,0,1,0,2,0
11581,1997,1,1,1,0,0,0,0,0,0,0
11581,2001,3,3,0,0,0,0,0,0,0,0
11587,1990,1,1,0,0,0,0,0,0,0,0
11588,1988,6,5,0,0,0,0,1,0,0,0
11588,1989,7,7,1,0,0,0,0,0,0,0
11588,1990,10,10,4,0,0,0,0,0,0,0
11588,1991,3,3,0,0,0,0,0,0,0,0
11588,1992,7,7,1,0,0,0,0,0,1,0
11589,2005,4,3,0,0,0,0,1,0,0,0
11589,2008,5,5,2,0,0,0,0,0,2,0
11594,1988,6,5,3,1,0,0,1,0,0,0
11594,1989,6,5,0,0,0,0,1,0,0,0
11594,1990,2,2,0,0,0,0,0,0,1,0
11612,2000,3,3,1,0,0,0,0,0,0,0
11612,2002,1,1,0,0,0,0,0,0,0,0
11623,1993,3,3,1,0,0,0,0,0,0,0
11625,1999,3,3,0,0,0,0,0,0,1,0
11625,2000,1,1,1,1,0,0,0,0,0,0
11625,2001,3,3,0,0,0,0,0,0,1,0
11625,2004,3,3,1,1,0,0,0,0,0,0
11625,2005,3,3,0,0,0,0,0,0,0,0
11629,1987,1,1,0,0,0,0,0,0,0,0
11629,1988,5,5,0,0,0,0,0,0,3,0
11634,2006,3,3,0,0,0,0,0,0,0,0
11634,2007,11,10,3,0,0,0,0,0,3,1
11634,2008,7,7,1,0,0,0,0,0,2,0
11641,2000,3,2,2,0,0,1,1,0,0,0
11648,1988,1,1,0,0,0,0,0,0,1,0
11665,2006,3,3,2,0,1,0,0,0,0,0
11665,2007,7,7,3,2,0,0,0,0,1,0
11665,2008,3,3,2,1,0,1,0,0,0,0
11682,2007,5,5,2,0,0,0,0,0,2,0
11682,2008,4,4,3,0,0,0,0,0,1,0
11683,1995,2,2,1,0,0,0,0,0,1,0
11692,1987,1,1,1,1,0,0,0,0,0,0
11692,1988,11,11,3,1,0,0,0,0,2,0
11692,1989,7,7,1,0,0,0,0,0,2,0
11692,1990,2,2,1,0,0,0,0,0,0,0
11692,1991,9,7,2,2,0,0,2,0,1,0
11692,1992,3,2,1,0,0,0,1,0,0,0
11692,1993,1,1,1,0,0,0,0,0,0,0
11693,2002,4,4,1,0,0,0,0,0,0,0
11693,2003,2,2,0,0,0,0,0,0,0,0
11693,2005,3,3,0,0,0,0,0,0,0,0
11693,2006,3,3,0,0,0,0,0,0,0,0
11698,2003,4,4,1,0,0,1,0,0,0,0
11698,2008,9,9,1,0,0,0,0,0,2,0
11710,1996,2,2,0,0,0,0,0,0,0,0
11710,2000,2,2,0,0,0,0,0,0,0,0
11710,2004,2,2,0,0,0,0,0,0,0,0
11717,1997,2,2,0,0,0,0,0,0,1,0
11720,1996,1,1,0,0,0,0,0,0,0,0
11726,2007,3,3,0,0,0,0,0,0,0,0
11731,2004,1,1,0,0,0,0,0,0,0,0
11732,1987,2,1,0,0,0,0,0,0,0,0
11732,1988,2,2,0,0,0,0,0,0,0,0
11732,1996,2,2,0,0,0,0,0,0,0,0
11732,1997,1,1,0,0,0,0,0,0,0,0
11736,1999,7,7,4,1,0,0,0,0,1,0
11737,1998,7,6,0,0,0,0,1,0,1,0
11737,1999,4,3,0,0,0,0,1,0,1,0
11737,2004,6,6,2,0,0,0,0,0,2,0
11737,2006,8,8,4,2,0,0,0,0,1,0
11737,2007,2,2,1,0,0,0,0,0,1,0
11738,2004,6,5,3,0,0,2,1,0,0,0
11738,2005,5,5,3,0,0,2,0,0,1,0
11738,2006,10,10,1,0,0,0,0,0,2,0
11738,2007,3,3,1,1,0,0,0,0,0,0
11738,2008,5,5,3,1,0,1,0,0,0,0
11755,1993,1,1,1,1,0,0,0,0,0,0
11755,1994,2,2,0,0,0,0,0,0,0,0
11755,1995,1,1,0,0,0,0,0,0,1,0
11755,1997,1,1,0,0,0,0,0,0,1,0
11755,1998,1,1,1,0,0,1,0,0,0,0
11755,1999,6,6,1,0,0,1,0,0,0,0
11755,2000,7,6,2,0,0,1,1,0,1,0
11755,2001,7,7,1,0,0,0,0,0,1,0
11755,2003,3,2,0,0,0,0,1,0,0,0
11755,2004,1,1,0,0,0,0,0,0,1,0
11759,1986,1,1,0,0,0,0,0,0,0,0
11761,1997,2,2,0,0,0,0,0,0,2,0
11765,1987,9,7,3,1,0,1,2,0,1,0
11765,1988,11,9,5,3,0,1,1,0,1,0
11765,1989,9,8,1,1,0,0,1,0,1,0
11765,1990,12,9,3,0,0,1,3,0,1,0
11765,1991,10,10,3,0,0,0,0,0,2,0
11765,1992,15,12,6,1,0,1,3,0,4,0
11765,1993,3,3,0,0,0,0,0,0,2,0
11765,1994,7,6,1,1,0,0,1,0,0,0
11765,1995,3,3,1,0,0,0,0,0,0,0
11768,2006,2,1,0,0,0,0,0,0,0,0
11776,1999,6,6,1,0,1,0,0,0,1,0
11776,2000,1,0,0,0,0,0,1,0,0,0
11776,2002,5,5,1,1,0,0,0,0,1,0
11776,2005,3,3,2,1,0,0,0,0,0,0
11776,2007,3,1,1,0,0,0,2,0,0,0
11781,1991,6,5,3,1,0,0,1,0,1,0
11781,1992,6,5,0,0,0,0,1,0,3,0
11781,1995,3,3,0,0,0,0,0,0,1,0
11796,1997,7,7,1,0,0,0,0,0,2,0
11796,1999,3,3,1,1,0,0,0,0,0,0
11796,2000,4,4,0,0,0,0,0,0,0,0
11796,2001,4,4,1,0,0,0,0,0,2,0
11798,2002,5,5,3,0,0,0,0,0,2,0
11801,1998,3,3,1,0,0,0,0,0,0,0
11801,2001,5,2,0,0,0,0,0,0,0,0
11801,2002,2,1,0,0,0,0,0,0,0,0
11801,2003,2,1,0,0,0,0,0,0,0,0
11801,2006,2,1,1,0,0,0,0,0,0,0
11803,2002,3,3,1,0,0,0,0,0,1,0
11803,2003,3,2,1,0,0,0,1,0,1,0
11803,2006,3,3,0,0,0,0,0,0,1,0
11812,1993,4,4,0,0,0,0,0,0,1,0
11819,2008,10,10,2,0,0,0,0,0,2,0
11821,1986,1,1,1,0,0,0,0,0,0,0
11823,2008,5,5,2,1,0,0,0,0,1,0
11828,1999,10,10,1,0,0,0,0,0,3,0
11828,2000,5,4,1,0,0,0,1,0,0,0
11828,2001,7,7,0,0,0,0,0,0,3,0
11832,1995,4,3,1,0,0,0,1,0,0,0
11832,1996,4,4,0,0,0,0,0,0,1,0
11832,1997,6,6,1,0,0,0,0,0,2,0
11832,1998,3,3,2,0,0,0,0,0,0,0
11832,1999,3,3,2,0,0,0,0,0,0,0
11833,1999,1,1,1,0,0,0,0,0,0,0
11833,2000,2,2,0,0,0,0,0,0,1,0
11852,2007,3,3,1,1,0,0,0,0,0,0
11852,2008,6,6,1,0,0,0,0,0,1,0
11854,1997,4,4,1,0,0,0,0,0,1,0
11854,1998,5,4,1,0,0,0,0,0,1,0
11854,1999,7,7,3,1,0,0,0,0,0,0
11854,2000,6,6,3,1,0,0,0,0,1,0
11854,2001,4,4,0,0,0,0,0,0,2,0
11854,2002,11,10,2,1,0,0,0,0,1,0
11854,2003,10,9,4,2,0,0,0,0,1,1
11854,2007,3,3,2,0,0,0,0,0,1,0
11869,1993,6,5,1,0,0,1,1,0,0,0
11875,2000,3,3,0,0,0,0,0,0,0,0
11877,1994,5,3,0,0,0,0,0,1,0,0
11877,1998,12,11,4,1,0,0,0,1,2,0
11877,2001,3,3,1,0,0,0,0,0,1,0
11877,2002,3,3,2,0,0,0,0,0,0,0
11877,2003,3,2,0,0,0,0,0,1,0,0
11884,1990,2,2,0,0,0,0,0,0,1,0
11884,1991,6,4,1,0,0,0,0,0,0,0
11887,1987,1,1,0,0,0,0,0,0,0,0
11887,1988,5,3,2,0,0,0,1,1,0,0
11889,2003,1,1,0,0,0,0,0,0,0,0
11894,1993,6,5,0,0,0,0,1,0,2,0
11894,1994,8,7,1,0,0,0,0,0,2,1
11894,1995,7,7,2,0,0,0,0,0,2,0
11894,1997,6,6,0,0,0,0,0,0,0,0
11894,1998,2,2,0,0,0,0,0,0,1,0
11894,2004,3,2,0,0,0,0,0,0,0,0
11894,2005,3,3,1,1,0,0,0,0,0,0
11896,2005,4,3,0,0,0,0,1,0,2,0
11896,2006,9,8,1,0,0,0,0,0,0,0
11896,2007,6,6,3,1,0,0,0,0,2,0
11896,2008,9,9,2,0,0,0,0,0,0,0
11899,2004,2,1,0,0,0,0,0,0,1,0
11912,2008,2,2,0,0,0,0,0,0,0,0
11936,1996,2,2,0,0,0,0,0,0,2,0
11960,1990,1,1,0,0,0,0,0,0,1,0
11960,1991,2,2,0,0,0,0,0,0,1,0
11960,1993,2,2,1,1,0,0,0,0,1,0
11961,1992,9,8,3,1,0,0,1,0,2,0
11961,1993,9,8,2,0,0,0,1,0,1,0
11963,1988,1,1,0,0,0,0,0,0,1,0
11971,1990,11,9,3,1,0,0,2,0,3,0
11971,1991,12,11,4,0,0,0,1,0,2,0
11971,1992,6,5,1,0,0,0,1,0,1,0
11971,1993,4,3,1,0,0,0,1,0,1,0
11971,1994,8,7,0,0,0,0,1,0,3,0
11971,1995,4,4,0,0,0,0,0,0,1,0
11971,1996,6,6,1,1,0,0,0,0,1,0
11971,1997,6,6,1,0,0,1,0,0,3,0
11971,1998,7,6,1,0,0,0,1,0,1,0
11971,1999,7,7,3,0,0,0,0,0,0,0
11971,2000,3,3,2,0,0,0,0,0,1,0
11971,2002,4,4,2,0,0,1,0,0,0,0
11971,2003,3,2,1,0,0,0,1,0,0,0
11971,2005,3,3,2,0,0,0,0,0,0,0
11980,2000,3,3,2,0,0,1,0,0,0,0
11980,2002,5,5,1,0,0,0,0,0,3,0
11980,2006,3,3,0,0,0,0,0,0,0,0
11986,1987,3,3,1,0,0,0,0,0,1,0
11986,1988,4,4,1,0,0,0,0,0,1,0
11987,1996,3,3,0,0,0,0,0,0,0,0
11999,1987,10,10,3,0,0,0,0,0,0,0
11999,1988,12,12,2,0,0,0,0,0,0,0
11999,1989,14,14,4,1,0,1,0,0,0,0
11999,1990,14,14,3,1,0,0,0,0,1,0
11999,1991,11,10,2,0,0,0,1,0,3,0
11999,1992,6,4,2,0,0,0,1,1,0,0
11999,1993,7,7,3,0,1,0,0,0,0,0
11999,1994,3,3,1,0,0,0,0,0,0,0
11999,1995,3,3,0,0,0,0,0,0,0,0
12012,1992,7,6,0,0,0,0,0,1,1,0
12034,1999,3,3,1,0,0,0,0,0,0,0
12034,2004,9,9,0,0,0,0,0,0,2,0
12034,2005,5,4,0,0,0,0,1,0,0,0
12040,1998,4,4,1,0,0,0,0,0,0,0
12040,1999,1,1,0,0,0,0,0,0,0,0
12040,2001,1,1,0,0,0,0,0,0,1,0
12075,1999,1,1,0,0,0,0,0,0,0,0
12080,1994,2,2,0,0,0,0,0,0,0,0
12080,1996,3,3,1,0,0,0,0,0,1,0
12099,2005,2,2,1,0,0,0,0,0,0,0
12112,1994,1,1,0,0,0,0,0,0,0,0
12112,1995,2,2,0,0,0,0,0,0,0,0
12112,1998,3,3,1,0,0,0,0,0,0,0
12113,1986,3,3,1,0,0,0,0,0,0,0
12113,1987,13,12,1,0,1,0,0,0,0,0
12113,1988,4,4,1,0,0,0,0,0,0,0
12113,1992,2,2,0,0,0,0,0,0,1,0
12113,1994,1,1,0,0,0,0,0,0,0,0
12119,2005,9,8,3,1,0,0,1,0,0,0
12119,2006,10,10,2,1,0,0,0,0,2,0
12119,2007,6,5,3,0,1,0,0,1,1,0
12123,1993,1,1,0,0,0,0,0,0,0,0
12123,1995,3,3,1,0,0,0,0,0,1,0
12123,1996,3,3,0,0,0,0,0,0,1,0
12131,1993,9,7,0,0,0,0,2,0,3,0
12131,1994,8,7,0,0,0,0,1,0,3,0
12131,1995,4,4,2,0,0,0,0,0,0,0
12131,1996,5,5,3,0,0,0,0,0,0,0
12131,1997,3,3,1,0,0,0,0,0,0,0
12143,2006,1,1,0,0,0,0,0,0,1,0
12143,2007,2,2,2,1,0,0,0,0,0,0
12146,2007,2,2,0,0,0,0,0,0,1,0
12166,2005,3,3,0,0,0,0,0,0,0,0
12166,2008,5,4,2,0,1,0,0,0,0,1
12171,1995,1,1,0,0,0,0,0,0,1,0
12178,1989,1,1,1,0,0,1,0,0,0,0
12202,1996,3,1,1,0,0,0,2,0,0,0
12202,1997,7,6,1,0,0,0,1,0,3,0
12202,1998,4,3,1,0,0,0,1,0,1,0
12202,1999,4,4,1,0,0,1,0,0,1,0
12202,2000,3,3,0,0,0,0,0,0,0,0
12202,2001,3,3,1,1,0,0,0,0,1,0
12203,1993,5,5,2,0,0,0,0,0,2,0
12203,1995,1,1,0,0,0,0,0,0,1,0
12207,1990,8,8,3,0,0,0,0,0,1,0
12224,1993,6,6,0,0,0,0,0,0,4,0
12224,1994,4,4,1,0,0,0,0,0,0,0
12224,1995,2,2,0,0,0,0,0,0,2,0
12224,1996,4,4,2,0,0,0,0,0,2,0
12224,1997,3,3,1,0,0,0,0,0,1,0
12231,1993,4,4,0,0,0,0,0,0,0,0
12231,1994,4,4,1,0,1,0,0,0,1,0
12231,1995,7,7,0,0,0,0,0,0,1,0
12231,1996,3,3,1,0,0,0,0,0,0,0
12231,1997,8,8,3,1,0,0,0,0,1,0
12231,1998,7,7,2,1,0,0,0,0,1,0
12231,1999,5,5,0,0,0,0,0,0,2,0
12231,2000,3,3,1,1,0,0,0,0,1,0
12231,2001,5,4,1,0,0,0,0,1,1,0
12231,2003,3,3,2,1,0,0,0,0,0,0
12241,1989,1,0,0,0,0,0,1,0,0,0
12241,1992,4,4,2,0,0,0,0,0,0,0
12241,1993,2,0,0,0,0,0,0,0,0,0
12249,1997,7,7,2,0,0,0,0,0,0,0
12249,1998,10,10,3,0,0,0,0,0,4,0
12249,1999,4,3,0,0,0,0,0,1,0,0
12249,2000,3,3,0,0,0,0,0,0,0,0
12259,2003,14,13,5,1,0,1,1,0,0,0
12259,2004,6,6,1,0,0,0,0,0,2,0
12259,2005,4,4,0,0,0,0,0,0,1,0
12259,2007,5,4,1,0,0,0,1,0,0,0
12259,2008,3,3,1,0,0,1,0,0,0,0
12276,2001,6,5,3,1,0,0,0,0,2,1
12276,2002,11,10,3,0,0,0,1,0,1,0
12276,2003,12,12,3,1,0,1,0,0,1,0
12276,2004,4,2,0,0,0,0,1,0,0,1
12276,2005,3,3,1,0,0,0,0,0,1,0
12277,1991,6,5,2,0,0,0,1,0,0,0
12281,1993,6,6,1,1,0,0,0,0,1,0
12281,1994,3,2,0,0,0,0,1,0,1,0
12281,1996,5,3,0,0,0,0,1,0,1,1
12281,1997,3,3,0,0,0,0,0,0,1,0
12288,1992,2,1,0,0,0,0,0,0,0,0
12289,1997,1,1,0,0,0,0,0,0,1,0
12289,1999,2,2,1,1,0,0,0,0,0,0
12289,2000,4,4,1,1,0,0,0,0,1,0
12289,2001,3,2,0,0,0,0,1,0,0,0
12303,2005,3,2,0,0,0,0,0,1,0,0
12303,2007,2,2,0,0,0,0,0,0,2,0
12310,1990,4,4,1,0,0,0,0,0,0,0
12310,1995,4,4,1,1,0,0,0,0,2,0
12314,2000,4,4,2,1,0,0,0,0,1,0
12322,2007,6,6,1,0,0,0,0,0,2,0
12322,2008,3,2,0,0,0,0,0,1,1,0
12333,1987,2,2,1,0,0,1,0,0,0,0
12333,1990,2,2,0,0,0,0,0,0,0,0
12333,1991,10,9,3,0,0,0,1,0,2,0
12333,1992,6,6,2,0,0,0,0,0,2,0
12333,1993,10,10,3,1,0,0,0,0,0,0
12333,1994,8,8,0,0,0,0,0,0,2,0
12333,1995,2,2,0,0,0,0,0,0,0,0
12333,1996,9,9,4,1,0,0,0,0,0,0
12333,1998,4,3,0,0,0,0,1,0,1,0
12333,1999,4,3,1,0,0,0,1,0,0,0
12333,2000,6,6,1,0,0,0,0,0,1,0
12333,2001,7,7,1,1,0,0,0,0,3,0
12368,2002,7,7,3,0,0,0,0,0,1,0
12368,2003,3,3,2,0,0,0,0,0,1,0
12368,2004,11,10,4,2,0,1,1,0,2,0
12368,2005,8,7,1,0,0,0,0,1,3,0
12371,2003,2,2,0,0,0,0,0,0,1,0
12376,1986,4,4,2,1,0,0,0,0,0,0
12376,1987,8,7,2,0,0,0,1,0,3,0
12376,1989,14,13,3,0,0,0,1,0,1,0
12376,1990,4,4,1,0,0,0,0,0,1,0
12380,2002,4,4,1,0,0,0,0,0,1,0
12380,2003,2,2,0,0,0,0,0,0,0,0
12380,2004,12,12,6,1,0,0,0,0,2,0
12380,2005,16,14,3,0,0,0,1,0,1,0
12380,2006,3,3,2,0,0,0,0,0,0,0
12380,2007,5,5,2,0,0,0,0,0,0,0
12386,1987,1,0,0,0,0,0,1,0,0,0
12386,1988,5,4,1,0,0,0,1,0,0,0
12386,1989,6,6,1,0,0,0,0,0,1,0
12391,2004,4,3,0,0,0,0,0,0,2,0
12392,1999,9,9,4,1,1,1,0,0,2,0
12392,2000,11,11,2,0,0,0,0,0,2,0
12392,2001,11,11,2,0,0,1,0,0,2,0
12392,2002,9,7,1,1,0,0,2,0,1,0
12392,2003,3,3,0,0,0,0,0,0,1,0
12392,2006,6,6,2,1,0,0,0,0,0,0
12397,1991,5,3,0,0,0,0,0,0,0,0
12401,2003,8,7,1,0,0,0,0,1,3,0
12402,1993,4,4,2,1,0,0,0,0,0,0
12421,1987,7,5,2,0,0,0,2,0,0,0
12421,1988,7,5,0,0,0,0,2,0,0,0
12421,1989,9,7,2,0,0,0,2,0,1,0
12421,1990,8,7,3,0,0,0,1,0,0,0
12421,1991,5,4,0,0,0,0,1,0,3,0
12425,2001,4,4,1,0,0,0,0,0,0,0
12425,2003,3,3,1,0,0,0,0,0,0,0
12425,2006,6,6,1,0,0,0,0,0,0,0
12425,2007,6,6,1,0,0,0,0,0,0,0
12425,2008,14,13,5,1,0,1,0,0,0,1
12432,2004,3,3,0,0,0,0,0,0,2,0
12460,1999,2,2,0,0,0,0,0,0,0,0
12460,2000,2,1,0,0,0,0,0,0,1,0
12460,2001,3,3,0,0,0,0,0,0,3,0
12460,2003,3,2,0,0,0,0,0,0,1,0
12460,2004,2,1,0,0,0,0,0,0,0,0
12460,2007,1,1,0,0,0,0,0,0,0,0
12465,1997,6,6,2,0,0,0,0,0,1,0
12465,1998,8,8,3,0,0,0,0,0,1,0
12465,2000,7,6,0,0,0,0,1,0,0,0
12465,2002,6,6,3,1,0,0,0,0,0,0
12465,2003,3,3,0,0,0,0,0,0,1,0
12465,2004,11,10,3,0,0,0,0,0,1,1
12465,2006,3,3,0,0,0,0,0,0,1,0
12478,2005,3,2,2,0,0,0,1,0,0,0
12478,2006,6,6,2,0,1,0,0,0,1,0
12478,2007,2,2,1,0,0,0,0,0,0,0
12492,1998,2,1,0,0,0,0,0,0,1,0
12492,2001,2,1,0,0,0,0,0,0,0,0
12497,1998,1,1,1,0,0,0,0,0,0,0
12499,1987,2,1,1,0,1,0,1,0,0,0
12513,1993,5,4,0,0,0,0,0,0,4,0
12523,2005,3,3,1,1,0,0,0,0,0,0
12523,2006,8,8,4,1,0,0,0,0,1,0
12523,2007,2,2,0,0,0,0,0,0,0,0
12526,1998,2,2,1,0,0,0,0,0,1,0
12526,2000,3,2,1,0,0,0,0,0,0,0
12526,2006,2,2,1,0,0,0,0,0,1,0
12548,1988,6,6,0,0,0,0,0,0,4,0
12548,1989,6,6,1,0,0,0,0,0,2,0
12570,1989,4,3,1,0,0,0,1,0,1,0
12570,1990,11,11,2,1,0,0,0,0,3,0
12570,1991,12,12,0,0,0,0,0,0,2,0
12584,1999,2,2,0,0,0,0,0,0,2,0
12588,2005,1,1,0,0,0,0,0,0,1,0
12588,2007,3,3,1,0,0,0,0,0,0,0
12591,1992,1,1,0,0,0,0,0,0,1,0
12597,2006,4,2,0,0,0,0,0,0,0,0
12597,2008,2,1,0,0,0,0,0,0,1,0
12598,2007,10,9,3,1,0,0,0,1,3,0
12598,2008,8,7,3,0,0,1,1,0,2,0
12600,1998,6,6,2,0,1,0,0,0,1,0
12600,2000,4,4,1,1,0,0,0,0,0,0
12602,2007,3,3,2,0,0,0,0,0,0,0
12603,2008,1,1,0,0,0,0,0,0,0,0
12606,1992,3,3,0,0,0,0,0,0,0,0
12606,1993,7,6,2,0,0,0,1,0,1,0
12606,1994,4,4,1,0,0,0,0,0,0,0
12606,1995,4,3,0,0,0,0,1,0,0,0
12606,1996,7,6,1,0,0,0,0,0,0,1
12606,1997,4,4,1,0,0,0,0,0,0,0
12606,1998,6,5,0,0,0,0,0,0,1,1
12606,1999,4,4,0,0,0,0,0,0,0,0
12606,2000,7,7,1,0,0,0,0,0,0,0
12606,2001,7,7,3,1,0,0,0,0,0,0
12606,2002,3,3,2,1,0,0,0,0,0,0
12606,2003,3,3,1,0,0,0,0,0,0,0
12609,1988,13,11,2,0,1,0,2,0,1,0
12609,1989,12,10,4,1,0,0,2,0,0,0
12609,1990,1,0,0,0,0,0,1,0,0,0
12609,1991,1,1,0,0,0,0,0,0,0,0
12609,1994,4,4,2,0,0,0,0,0,2,0
12615,1993,6,6,0,0,0,0,0,0,3,0
12615,1998,7,5,1,1,0,0,1,0,1,1
12615,1999,4,4,1,0,0,0,0,0,1,0
12615,2000,8,7,3,0,0,0,0,1,1,0
12615,2001,4,4,0,0,0,0,0,0,0,0
12618,1988,5,5,1,0,0,0,0,0,3,0
12619,2003,4,4,1,0,0,0,0,0,0,0
12634,1994,1,1,0,0,0,0,0,0,1,0
12642,1998,8,7,0,0,0,0,1,0,1,0
12651,1990,10,9,3,1,0,0,1,0,0,0
12651,1991,9,8,3,0,0,0,1,0,1,0
12651,1992,14,11,1,0,0,0,2,0,1,1
12651,1993,13,12,3,1,0,0,0,0,2,1
12651,1994,7,7,1,0,0,1,0,0,2,0
12651,1995,12,12,3,1,0,0,0,0,2,0
12651,1996,15,14,3,1,0,0,1,0,2,0
12651,1998,11,10,2,0,0,0,0,0,0,1
12651,2000,8,8,1,1,0,0,0,0,1,0
12651,2001,5,5,3,0,0,0,0,0,1,0
12651,2003,3,2,0,0,0,0,0,0,0,1
12651,2004,3,3,1,0,0,0,0,0,2,0
12653,2002,1,1,0,0,0,0,0,0,0,0
12666,2008,3,3,0,0,0,0,0,0,0,0
12671,2008,2,2,0,0,0,0,0,0,1,0
