3,1989,1,1,0,0,0,0,0,0,0,0
11,1992,4,3,0,0,0,0,0,0,2,0
19,1988,3,2,1,1,0,0,0,1,0,0
22,1998,3,2,1,0,0,0,1,0,0,0
55,1977,2,2,1,0,0,0,0,0,1,0
55,1978,6,5,2,0,0,1,1,0,1,0
55,1979,3,3,1,1,0,0,0,0,1,0
55,1981,7,7,2,0,0,0,0,0,0,0
55,1982,5,5,0,0,0,0,0,0,0,0
92,1986,2,2,0,0,0,0,0,0,1,0
98,1987,1,1,0,0,0,0,0,0,0,0
102,1979,8,7,3,0,0,1,1,0,1,0
102,1980,9,8,1,0,0,0,1,0,1,0
102,1981,3,3,0,0,0,0,0,0,1,0
102,1982,6,5,3,1,0,1,1,0,1,0
102,1983,6,6,2,0,1,1,0,0,0,0
102,1984,6,6,1,0,0,0,0,0,1,0
133,1986,3,3,1,0,0,0,0,0,1,0
133,1987,8,8,4,0,0,0,0,0,1,0
133,1988,7,6,2,0,0,0,1,0,1,0
133,1994,3,3,2,0,0,0,0,0,0,0
133,1995,7,7,3,1,0,0,0,0,2,0
133,1996,3,3,1,0,0,0,0,0,0,0
140,1978,6,5,0,0,0,0,1,0,1,0
140,1980,1,1,0,0,0,0,0,0,1,0
142,1995,1,1,0,0,0,0,0,0,0,0
142,1998,1,1,0,0,0,0,0,0,0,0
150,1998,2,2,1,1,0,0,0,0,0,0
152,1988,3,3,1,0,0,0,0,0,0,0
152,1991,1,1,0,0,0,0,0,0,0,0
152,1992,7,7,1,1,0,0,0,0,2,0
152,1993,3,3,1,0,0,0,0,0,1,0
152,1995,6,6,1,0,0,0,0,0,0,0
152,1997,1,1,1,0,0,0,0,0,0,0
153,1986,3,2,2,0,1,0,0,0,0,1
153,1993,3,3,0,0,0,0,0,0,1,0
164,1977,1,1,0,0,0,0,0,0,0,0
165,1979,8,8,1,0,0,0,0,0,0,0
165,1981,2,2,0,0,0,0,0,0,0,0
165,1982,7,7,3,0,0,0,0,0,0,0
165,1983,3,3,1,0,0,0,0,0,0,0
169,1998,2,2,0,0,0,0,0,0,1,0
170,1983,5,5,1,0,0,0,0,0,0,0
189,1981,7,7,3,1,0,0,0,0,2,0
189,1982,6,5,1,0,0,0,0,1,1,0
189,1983,5,5,2,1,0,0,0,0,1,0
189,1984,2,2,0,0,0,0,0,0,0,0
189,1986,3,3,2,1,0,0,0,0,1,0
189,1987,1,1,0,0,0,0,0,0,0,0
189,1988,1,1,0,0,0,0,0,0,1,0
196,1988,9,9,2,0,0,0,0,0,0,0
196,1989,8,8,2,1,0,0,0,0,1,0
196,1990,8,7,2,0,0,0,0,0,1,0
196,1995,11,11,2,0,0,0,0,0,0,0
196,1997,7,7,5,0,0,0,0,0,0,0
197,1997,4,3,1,0,0,0,0,1,0,0
203,1998,1,1,0,0,0,0,0,0,0,0
205,1977,1,1,1,1,0,0,0,0,0,0
205,1978,9,9,2,0,0,0,0,0,0,0
247,1994,4,3,0,0,0,0,1,0,1,0
248,1992,3,3,0,0,0,0,0,0,0,0
260,1994,11,9,2,0,0,0,2,0,0,0
260,1995,8,8,0,0,0,0,0,0,1,0
260,1997,7,7,1,0,0,0,0,0,2,0
271,1986,3,3,2,0,0,0,0,0,0,0
271,1989,3,3,0,0,0,0,0,0,0,0
271,1990,1,1,0,0,0,0,0,0,0,0
271,1991,4,4,1,0,0,0,0,0,1,0
275,1995,3,3,0,0,0,0,0,0,0,0
275,1996,2,2,1,0,0,0,0,0,0,0
275,1997,1,1,1,0,0,0,0,0,0,0
279,1978,5,5,0,0,0,0,0,0,1,0
279,1979,7,6,2,0,0,0,0,0,0,0
279,1981,4,4,0,0,0,0,0,0,1,0
291,1998,1,1,0,0,0,0,0,0,0,0
312,1998,2,1,0,0,0,0,1,0,0,0
321,1990,7,7,2,0,0,0,0,0,3,0
321,1991,4,4,1,0,0,0,0,0,2,0
321,1992,10,9,2,0,0,0,1,0,3,0
321,1993,3,3,1,0,0,0,0,0,1,0
321,1994,6,5,2,0,0,1,0,0,0,1
353,1998,1,1,1,0,0,0,0,0,0,0
363,1977,1,1,0,0,0,0,0,0,0,0
363,1978,7,7,1,0,0,0,0,0,2,0
363,1979,4,4,1,0,0,0,0,0,1,0
363,1981,5,5,1,0,0,0,0,0,1,0
363,1982,8,6,1,0,0,1,2,0,1,0
363,1983,4,4,1,0,0,1,0,0,1,0
363,1984,3,2,1,0,0,1,1,0,1,0
363,1985,6,5,1,0,0,1,0,1,2,0
367,1990,3,2,0,0,0,0,0,1,2,0
367,1991,2,1,0,0,0,0,0,0,0,0
367,1993,1,1,0,0,0,0,0,0,1,0
377,1993,1,1,0,0,0,0,0,0,0,0
396,1977,3,3,1,0,0,0,0,0,1,0
396,1978,3,3,1,0,0,0,0,0,1,0
396,1987,6,6,3,0,0,1,0,0,2,0
396,1988,2,1,0,0,0,0,1,0,1,0
410,1989,1,1,0,0,0,0,0,0,1,0
412,1993,2,2,0,0,0,0,0,0,1,0
431,1977,1,1,0,0,0,0,0,0,0,0
433,1998,2,2,1,1,0,0,0,0,0,0
446,1992,6,5,0,0,0,0,0,0,2,0
446,1993,2,2,0,0,0,0,0,0,2,0
458,1993,2,2,0,0,0,0,0,0,1,0
467,1992,1,1,0,0,0,0,0,0,0,0
474,1986,5,5,3,1,0,0,0,0,1,0
474,1987,7,7,0,0,0,0,0,0,1,0
474,1988,8,5,1,0,0,0,3,0,1,0
474,1990,17,17,2,0,0,0,0,0,2,0
474,1991,6,5,2,1,0,0,1,0,1,0
483,1998,2,2,1,0,0,0,0,0,0,0
488,1993,3,3,1,0,0,0,0,0,0,0
492,1991,7,7,3,0,0,0,0,0,1,0
492,1992,10,9,3,1,0,0,1,0,1,0
492,1993,3,2,1,0,0,0,0,1,0,0
495,1977,6,6,2,0,0,0,0,0,0,0
495,1978,8,7,1,0,0,0,1,0,0,0
495,1979,8,8,1,0,0,0,0,0,0,0
495,1980,5,5,2,0,0,0,0,0,0,0
508,1980,2,2,2,1,0,0,0,0,0,0
508,1981,3,3,0,0,0,0,0,0,1,0
508,1982,12,12,3,2,0,0,0,0,1,0
508,1983,4,4,2,0,0,1,0,0,0,0
508,1984,8,7,2,0,0,0,1,0,0,0
508,1985,7,5,3,1,0,1,1,0,1,1
508,1994,9,9,3,0,0,1,0,0,1,0
508,1995,6,6,1,0,0,0,0,0,0,0
508,1996,4,4,1,1,0,0,0,0,1,0
508,1997,4,4,1,1,0,0,0,0,0,0
515,1985,1,1,0,0,0,0,0,0,0,0
516,1985,2,2,1,0,0,1,0,0,1,0
525,1976,3,3,0,0,0,0,0,0,0,0
534,1982,2,2,1,0,0,0,0,0,0,0
534,1984,7,7,1,0,0,1,0,0,2,0
534,1985,5,4,1,0,0,0,0,1,1,0
558,1983,2,2,1,0,0,0,0,0,0,0
558,1985,1,1,0,0,0,0,0,0,0,0
560,1977,9,9,2,0,0,0,0,0,2,0
560,1978,12,10,3,2,0,0,2,0,2,0
560,1979,11,11,4,0,0,0,0,0,0,0
573,1977,3,3,0,0,0,0,0,0,3,0
573,1980,1,1,1,0,0,0,0,0,0,0
573,1982,14,14,6,1,0,0,0,0,0,0
583,1993,7,7,2,0,0,0,0,0,1,0
583,1995,7,6,2,0,0,0,1,0,0,0
596,1982,4,4,1,0,0,0,0,0,0,0
596,1983,3,3,1,0,0,0,0,0,1,0
596,1985,6,6,2,0,0,2,0,0,1,0
596,1986,1,1,0,0,0,0,0,0,0,0
654,1984,2,2,0,0,0,0,0,0,0,0
654,1985,6,6,2,0,0,0,0,0,0,0
684,1986,3,2,0,0,0,0,1,0,1,0
684,1987,6,6,2,1,0,0,0,0,1,0
684,1988,5,4,1,0,0,0,1,0,1,0
684,1989,6,5,1,1,0,0,1,0,0,0
684,1990,3,3,2,0,0,0,0,0,0,0
684,1991,3,2,1,1,0,0,1,0,0,0
684,1992,13,13,3,1,0,0,0,0,3,0
684,1993,1,0,0,0,0,0,1,0,0,0
684,1995,4,4,1,0,0,0,0,0,1,0
686,1982,7,7,1,0,0,1,0,0,1,0
693,1998,2,2,1,0,0,0,0,0,0,0
728,1977,5,4,0,0,0,0,1,0,1,0
728,1978,11,11,0,0,0,0,0,0,3,0
728,1979,15,12,3,0,0,0,2,0,2,1
728,1981,15,12,4,2,0,2,3,0,2,0
728,1982,10,8,3,0,0,1,2,0,1,0
728,1983,3,3,3,0,0,0,0,0,0,0
728,1984,3,3,1,0,0,1,0,0,0,0
728,1985,5,5,0,0,0,0,0,0,1,0
735,1979,2,2,0,0,0,0,0,0,0,0
739,1993,1,1,1,0,0,0,0,0,0,0
765,1994,10,10,4,0,0,0,0,0,3,0
765,1995,9,9,3,0,0,0,0,0,1,0
765,1997,4,3,1,0,0,0,1,0,1,0
790,1989,3,3,0,0,0,0,0,0,1,0
800,1977,5,3,0,0,0,0,1,0,0,1
800,1978,13,12,6,0,0,0,1,0,0,0
800,1979,13,13,3,1,0,1,0,0,1,0
800,1980,5,5,1,0,0,0,0,0,0,0
800,1981,4,4,1,0,0,0,0,0,0,0
800,1982,16,14,4,1,0,0,2,0,2,0
800,1983,6,5,0,0,0,0,1,0,0,0
800,1984,6,6,2,0,0,0,0,0,1,0
800,1986,5,4,1,1,0,0,1,0,1,0
800,1987,3,2,0,0,0,0,1,0,0,0
800,1988,3,3,1,0,0,0,0,0,1,0
805,1993,10,10,4,1,0,0,0,0,0,0
805,1998,1,1,0,0,0,0,0,0,0,0
809,1984,7,7,2,2,0,0,0,0,2,0
809,1985,7,6,1,0,0,0,1,0,1,0
809,1986,1,1,1,0,0,0,0,0,0,0
809,1991,5,4,0,0,0,0,0,0,0,1
813,1989,15,14,3,1,0,0,1,0,2,0
813,1990,14,13,2,1,0,0,0,0,2,0
813,1991,15,14,3,1,0,0,0,0,3,0
813,1992,21,19,1,0,0,0,1,0,3,0
813,1993,7,7,2,1,0,0,0,0,0,0
813,1998,3,3,1,0,0,0,0,0,1,0
814,1997,4,3,1,0,0,1,0,1,0,0
819,1977,2,2,0,0,0,0,0,0,1,0
819,1978,1,1,0,0,0,0,0,0,0,0
819,1980,1,1,0,0,0,0,0,0,0,0
823,1986,6,5,2,0,0,0,1,0,1,0
823,1987,4,4,0,0,0,0,0,0,2,0
823,1988,6,4,1,0,0,0,1,1,0,0
823,1989,2,2,0,0,0,0,0,0,1,0
823,1990,2,2,1,0,0,0,0,0,0,0
823,1991,3,3,0,0,0,0,0,0,1,0
823,1992,4,3,0,0,0,0,0,0,0,0
832,1998,2,2,0,0,0,0,0,0,0,0
835,1994,3,3,1,0,0,0,0,0,1,0
835,1995,2,2,0,0,0,0,0,0,0,0
835,1996,3,3,0,0,0,0,0,0,1,0
839,1998,1,1,0,0,0,0,0,0,0,0
841,1993,10,8,1,0,1,0,1,0,1,0
842,1998,2,2,0,0,0,0,0,0,1,0
845,1990,3,3,0,0,0,0,0,0,1,0
845,1991,3,2,0,0,0,0,0,0,1,0
847,1989,2,2,1,0,0,0,0,0,1,0
850,1977,2,1,0,0,0,0,1,0,0,0
850,1978,6,6,3,0,0,0,0,0,1,0
850,1980,1,1,1,0,0,0,0,0,0,0
850,1981,4,4,2,0,0,0,0,0,1,0
850,1982,9,8,3,1,0,0,0,1,0,0
850,1983,3,3,2,1,0,0,0,0,0,0
850,1984,1,1,1,0,0,0,0,0,0,0
850,1985,13,12,2,0,0,1,0,1,1,0
851,1998,2,2,0,0,0,0,0,0,1,0
852,1990,2,2,1,1,0,0,0,0,0,0
852,1998,2,2,1,0,0,0,0,0,0,0
857,1998,1,1,1,0,0,0,0,0,0,0
867,1989,9,8,1,0,0,0,1,0,1,0
867,1990,4,4,0,0,0,0,0,0,2,0
867,1991,3,3,1,0,0,0,0,0,1,0
867,1992,3,2,1,0,0,0,1,0,0,0
877,1984,4,4,0,0,0,0,0,0,1,0
894,1978,6,6,3,0,0,0,0,0,0,0
896,1981,7,6,0,0,0,0,1,0,2,0
896,1982,13,11,2,0,0,0,1,0,1,0
896,1985,5,3,2,1,0,1,2,0,1,0
896,1986,2,2,1,0,1,0,0,0,0,0
902,1988,6,5,2,2,0,0,1,0,0,0
902,1989,3,3,0,0,0,0,0,0,1,0
902,1990,3,3,0,0,0,0,0,0,0,0
902,1991,5,5,1,0,0,0,0,0,2,0
902,1992,12,12,4,0,0,1,0,0,2,0
902,1993,4,4,1,0,0,0,0,0,1,0
902,1994,6,6,0,0,0,0,0,0,1,0
903,1989,1,1,1,0,0,0,0,0,0,0
903,1995,7,7,3,0,0,1,0,0,2,0
903,1996,3,3,2,1,0,0,0,0,1,0
908,1998,1,1,1,1,0,0,0,0,0,0
931,1978,5,5,3,2,0,0,0,0,1,0
935,1984,3,3,0,0,0,0,0,0,3,0
935,1985,2,2,0,0,0,0,0,0,0,0
942,1993,13,13,3,0,0,0,0,0,5,0
942,1998,3,3,1,0,0,0,0,0,0,0
949,1986,2,2,1,0,0,0,0,0,0,0
949,1989,2,2,0,0,0,0,0,0,2,0
949,1990,2,2,0,0,0,0,0,0,1,0
949,1991,2,2,0,0,0,0,0,0,2,0
954,1988,2,2,1,0,1,0,0,0,0,0
954,1989,8,8,1,0,0,1,0,0,2,0
954,1990,11,9,3,2,0,0,2,0,1,0
954,1991,7,6,1,0,0,0,1,0,1,0
954,1992,11,10,2,2,0,0,1,0,3,0
954,1993,5,5,4,1,0,0,0,0,0,0
957,1983,2,2,2,1,0,0,0,0,0,0
972,1990,1,1,0,0,0,0,0,0,0,0
981,1992,2,2,0,0,0,0,0,0,0,0
997,1977,4,4,2,0,0,0,0,0,0,0
1014,1977,10,10,5,1,0,0,0,0,1,0
1014,1978,4,4,1,0,0,0,0,0,0,0
1014,1979,5,4,2,0,0,0,1,0,0,0
1026,1987,2,2,0,0,0,0,0,0,0,0
1026,1989,2,2,0,0,0,0,0,0,1,0
1026,1990,6,5,2,0,0,0,1,0,1,0
1026,1991,7,7,2,0,0,0,0,0,0,0
1026,1992,8,7,1,0,0,0,0,1,1,0
1026,1993,11,10,3,1,0,0,1,0,1,0
1040,1978,1,1,1,0,0,1,0,0,0,0
1045,1994,6,6,1,0,0,0,0,0,0,0
1047,1986,2,1,1,0,0,0,0,0,0,0
1055,1977,7,6,2,0,0,0,1,0,0,0
1055,1978,13,12,2,0,1,0,1,0,3,0
1055,1979,12,11,3,1,0,1,1,0,1,0
1055,1980,5,4,4,0,0,0,1,0,0,0
1055,1981,11,10,4,0,0,0,1,0,1,0
1055,1982,10,10,4,1,0,0,0,0,0,0
1055,1984,7,7,3,1,0,1,0,0,1,0
1066,1993,2,1,1,0,0,0,0,1,0,0
1072,1982,7,7,1,0,0,0,0,0,0,0
1072,1983,6,6,3,3,0,0,0,0,1,0
1072,1984,3,3,1,0,0,0,0,0,0,0
1072,1985,10,9,4,3,0,0,1,0,1,0
1072,1994,7,6,3,0,0,1,1,0,1,0
1072,1995,8,6,1,1,0,0,2,0,1,0
1072,1996,12,12,4,0,0,0,0,0,0,0
1072,1997,4,3,1,0,0,0,1,0,0,0
1093,1986,10,8,1,0,0,0,2,0,2,0
1093,1987,14,14,0,0,0,0,0,0,1,0
1093,1988,12,11,2,2,0,0,1,0,1,0
1093,1989,16,15,6,2,1,1,1,0,1,0
1093,1990,14,14,4,0,0,0,0,0,2,0
1093,1991,15,13,2,0,0,0,2,0,0,0
1093,1992,12,12,3,1,0,0,0,0,1,0
1093,1993,6,5,3,0,0,0,1,0,0,0
1093,1998,1,0,0,0,0,0,1,0,0,0
1094,1977,8,7,1,0,0,0,0,0,2,1
1094,1978,10,8,2,0,0,0,2,0,2,0
1094,1979,9,8,2,0,0,2,1,0,3,0
1100,1986,4,4,1,0,0,0,0,0,1,0
1100,1987,12,11,3,1,0,0,1,0,3,0
1100,1988,11,10,5,2,2,0,1,0,0,0
1100,1989,16,16,5,2,0,0,0,0,2,0
1100,1990,14,14,1,1,0,0,0,0,8,0
1100,1991,15,13,1,0,0,0,2,0,2,0
1100,1992,9,7,1,0,0,0,2,0,2,0
1100,1993,7,5,1,1,0,0,2,0,0,0
1107,1980,2,0,0,0,0,0,1,0,0,0
1107,1982,7,6,0,0,0,0,1,0,2,0
1107,1983,4,4,1,0,0,0,0,0,0,0
1113,1987,1,1,0,0,0,0,0,0,1,0
1113,1990,1,1,0,0,0,0,0,0,1,0
1114,1998,1,1,1,1,0,0,0,0,0,0
1115,1982,8,8,0,0,0,0,0,0,1,0
1115,1983,6,5,0,0,0,0,1,0,0,0
1115,1984,2,0,0,0,0,0,1,0,0,1
1115,1985,1,1,0,0,0,0,0,0,0,0
1116,1998,2,2,0,0,0,0,0,0,0,0
1128,1994,3,3,1,0,0,0,0,0,1,0
1128,1995,7,5,0,0,0,0,2,0,0,0
1128,1996,3,3,0,0,0,0,0,0,0,0
1128,1997,3,2,1,0,0,0,0,0,0,1
1129,1994,4,4,0,0,0,0,0,0,0,0
1131,1979,3,3,0,0,0,0,0,0,0,0
1144,1978,4,3,0,0,0,0,1,0,0,0
1144,1979,6,5,0,0,0,0,0,0,2,1
1148,1977,4,4,2,1,0,0,0,0,0,0
1148,1978,4,4,2,0,0,1,0,0,1,0
1148,1980,1,1,0,0,0,0,0,0,1,0
1148,1981,3,3,1,0,0,0,0,0,1,0
1148,1982,8,6,0,0,0,0,2,0,1,0
1148,1986,3,2,0,0,0,0,1,0,0,0
1152,1985,3,3,0,0,0,0,0,0,0,0
1152,1990,6,6,3,0,0,0,0,0,0,0
1152,1991,10,10,1,0,0,0,0,0,1,0
1152,1992,6,5,0,0,0,0,1,0,1,0
1152,1993,4,4,2,0,0,1,0,0,0,0
1153,1977,3,3,1,0,0,1,0,0,0,0
1153,1978,10,9,2,0,0,0,1,0,0,0
1159,1993,1,1,0,0,0,0,0,0,1,0
1184,1991,3,3,1,1,0,0,0,0,1,0
1194,1977,1,1,1,0,0,0,0,0,0,0
1234,1984,4,4,1,0,0,0,0,0,1,0
1234,1985,9,7,2,0,0,0,2,0,1,0
1234,1988,8,8,3,1,0,0,0,0,0,0
1236,1985,1,1,1,0,0,0,0,0,0,0
1241,1996,6,5,2,0,0,0,1,0,0,0
1241,1998,3,3,2,0,1,0,0,0,0,0
1242,1990,6,4,2,0,0,0,1,1,1,0
1246,1989,1,1,0,0,0,0,0,0,1,0
1247,1992,1,1,0,0,0,0,0,0,0,0
1247,1993,9,9,2,0,0,1,0,0,2,0
1262,1977,1,1,0,0,0,0,0,0,0,0
1262,1979,8,6,2,0,0,0,2,0,1,0
1262,1980,6,3,1,0,0,1,3,0,0,0
1273,1986,10,9,2,0,0,1,1,0,1,0
1273,1987,10,7,3,0,0,0,3,0,1,0
1273,1988,11,9,3,1,0,0,0,0,0,2
1273,1989,4,4,2,0,0,0,0,0,1,0
1273,1990,12,10,2,0,1,0,2,0,2,0
1273,1991,7,7,2,0,0,0,0,0,1,0
1273,1992,9,9,1,0,0,0,0,0,0,0
1273,1993,6,5,1,1,0,0,1,0,0,0
1275,1997,3,2,1,1,0,0,1,0,0,0
1275,1998,1,1,0,0,0,0,0,0,0,0
1281,1986,6,5,1,0,0,0,0,1,1,0
1291,1977,10,10,1,1,0,0,0,0,0,0
1291,1978,4,4,1,0,0,0,0,0,0,0
1291,1979,16,16,7,0,1,2,0,0,1,0
1291,1980,7,6,3,1,0,0,1,0,0,0
1291,1981,3,3,0,0,0,0,0,0,0,0
1291,1982,7,7,2,1,0,1,0,0,0,0
1291,1983,7,7,4,1,0,1,0,0,0,0
1291,1984,6,6,3,2,0,0,0,0,0,0
1291,1985,6,5,2,0,0,1,1,0,0,0
1300,1993,1,1,0,0,0,0,0,0,0,0
1312,1978,4,3,1,0,0,0,1,0,0,0
1319,1993,1,1,0,0,0,0,0,0,0,0
1327,1995,2,1,1,0,0,1,0,1,0,0
1336,1996,3,3,0,0,0,0,0,0,0,0
1344,1986,3,3,1,0,0,1,0,0,1,0
1350,1998,5,4,1,0,0,0,1,0,2,0
1351,1978,9,8,0,0,0,0,1,0,0,0
1358,1990,11,11,5,0,1,0,0,0,3,0
1358,1991,6,5,1,0,0,0,1,0,1,0
1361,1980,2,2,0,0,0,0,0,0,2,0
1361,1981,10,10,2,1,0,0,0,0,2,0
1361,1983,2,2,1,1,0,0,0,0,0,0
1361,1984,1,1,0,0,0,0,0,0,1,0
1361,1985,4,3,0,0,0,0,1,0,1,0
1366,1994,3,3,1,1,0,0,0,0,0,0
1366,1995,4,4,2,1,0,0,0,0,1,0
1370,1981,3,3,0,0,0,0,0,0,2,0
1370,1983,2,2,1,0,0,0,0,0,0,0
1374,1979,6,6,2,1,0,0,0,0,1,0
1374,1981,5,5,1,0,0,0,0,0,0,0
1374,1982,5,5,2,0,0,0,0,0,0,0
1376,1998,1,1,0,0,0,0,0,0,0,0
1382,1986,3,2,0,0,0,0,0,1,0,0
1382,1987,3,2,0,0,0,0,1,0,0,0
1386,1984,2,2,1,0,0,0,0,0,0,0
1406,1998,1,1,0,0,0,0,0,0,0,0
1413,1983,2,2,1,1,0,0,0,0,0,0
1413,1984,1,1,1,0,0,0,0,0,0,0
1413,1985,3,3,1,0,0,0,0,0,0,0
1415,1989,3,3,0,0,0,0,0,0,0,0
1429,1988,4,4,0,0,0,0,0,0,2,0
1429,1989,3,3,0,0,0,0,0,0,0,0
1429,1990,3,3,0,0,0,0,0,0,0,0
1429,1991,1,1,1,0,0,0,0,0,0,0
1449,1993,3,2,0,0,0,0,1,0,0,0
1450,1987,3,3,0,0,0,0,0,0,1,0
1458,1982,8,5,2,0,0,0,3,0,1,0
1458,1983,1,1,0,0,0,0,0,0,0,0
1458,1984,1,1,0,0,0,0,0,0,0,0
1458,1985,4,4,4,2,0,0,0,0,0,0
1458,1988,10,8,1,0,0,0,2,0,2,0
1458,1989,4,4,1,1,0,0,0,0,0,0
1458,1990,3,2,1,1,0,0,1,0,0,0
1458,1994,6,6,1,0,0,0,0,0,1,0
1471,1977,9,9,0,0,0,0,0,0,3,0
1483,1984,2,1,0,0,0,0,0,0,0,0
1483,1985,9,9,4,1,0,1,0,0,0,0
1494,1985,5,5,0,0,0,0,0,0,1,0
1494,1992,9,8,1,0,0,0,1,0,1,0
1494,1993,3,3,0,0,0,0,0,0,1,0
1499,1995,3,3,1,0,0,0,0,0,1,0
1502,1994,6,5,1,0,1,0,1,0,0,0
1502,1996,7,7,3,2,0,0,0,0,0,0
1508,1982,3,2,0,0,0,0,1,0,0,0
1523,1992,2,2,0,0,0,0,0,0,1,0
1543,1998,3,2,0,0,0,0,0,0,0,1
1546,1990,3,2,0,0,0,0,0,0,1,0
1555,1976,8,8,4,2,0,0,0,0,0,0
1555,1977,15,15,5,0,1,0,0,0,1,0
1555,1978,25,24,2,1,0,1,1,0,5,0
1555,1979,15,15,5,0,0,0,0,0,0,0
1555,1980,7,7,0,0,0,0,0,0,0,0
1555,1981,16,14,5,2,0,0,2,0,1,0
1555,1983,3,3,2,0,0,0,0,0,0,0
1564,1993,4,4,2,0,0,1,0,0,1,0
1564,1998,5,5,1,0,0,0,0,0,1,0
1573,1981,8,8,3,0,0,1,0,0,1,0
1573,1982,3,1,0,0,0,0,2,0,0,0
1573,1983,5,5,2,0,0,0,0,0,0,0
1600,1983,1,1,0,0,0,0,0,0,0,0
1600,1984,3,3,1,0,0,1,0,0,1,0
1600,1985,3,2,1,1,0,0,1,0,0,0
1608,1981,5,5,2,0,0,0,0,0,0,0
1608,1982,3,3,2,0,0,0,0,0,0,0
1608,1986,3,3,1,1,0,0,0,0,0,0
1610,1985,4,4,3,0,1,0,0,0,0,0
1610,1986,2,2,0,0,0,0,0,0,0,0
1610,1988,4,4,2,0,1,0,0,0,0,0
1610,1989,11,10,4,0,0,0,1,0,1,0
1610,1990,11,11,1,0,0,0,0,0,0,0
1610,1991,10,8,2,0,0,0,2,0,2,0
1610,1992,6,5,1,0,0,0,1,0,0,0
1610,1993,9,7,3,0,0,0,2,0,0,0
1629,1988,1,1,1,0,0,0,0,0,0,0
1640,1982,4,4,3,0,0,0,0,0,0,0
1640,1983,4,4,2,0,0,1,0,0,0,0
1664,1978,7,7,3,1,0,0,0,0,3,0
1664,1979,4,4,2,1,0,0,0,0,0,0
1705,1987,4,4,0,0,0,0,0,0,0,0
1705,1989,10,9,2,0,0,0,1,0,2,0
1705,1990,6,5,0,0,0,0,1,0,2,0
1705,1991,7,5,1,0,0,0,2,0,2,0
1705,1992,10,9,3,0,0,0,1,0,2,0
1705,1993,3,3,1,0,0,0,0,0,0,0
1710,1977,4,4,0,0,0,0,0,0,0,0
1710,1978,1,1,0,0,0,0,0,0,0,0
1710,1979,7,7,4,0,0,0,0,0,0,0
1710,1981,3,2,0,0,0,0,1,0,0,0
1731,1990,1,1,0,0,0,0,0,0,0,0
1740,1991,7,7,2,0,0,0,0,0,0,0
1740,1992,1,1,0,0,0,0,0,0,0,0
1745,1987,4,4,1,0,0,0,0,0,2,0
1745,1988,4,4,1,0,0,0,0,0,0,0
1745,1989,4,4,2,1,0,0,0,0,0,0
1745,1990,5,5,2,1,0,0,0,0,0,0
1745,1998,1,1,0,0,0,0,0,0,0,0
1757,1994,3,3,0,0,0,0,0,0,2,0
1757,1995,1,1,1,0,0,0,0,0,0,0
1757,1996,7,6,1,0,0,1,1,0,1,0
1777,1977,11,9,3,1,0,0,2,0,4,0
1777,1978,9,8,1,0,0,0,1,0,2,0
1787,1977,4,4,0,0,0,0,0,0,1,0
1787,1978,7,7,5,0,0,0,0,0,0,0
1787,1979,7,7,2,0,0,0,0,0,0,0
1787,1981,16,16,3,2,0,0,0,0,3,0
1787,1982,7,5,3,0,0,0,0,0,1,0
1787,1983,4,4,2,1,1,0,0,0,0,0
1787,1984,1,1,0,0,0,0,0,0,0,0
1787,1985,7,7,2,0,0,0,0,0,1,0
1799,1988,2,2,0,0,0,0,0,0,1,0
1799,1989,1,1,0,0,0,0,0,0,0,0
1818,1993,8,8,1,0,0,0,0,0,0,0
1818,1996,4,4,0,0,0,0,0,0,1,0
1832,1989,2,2,0,0,0,0,0,0,0,0
1832,1991,1,1,1,1,0,0,0,0,0,0
1833,1993,1,1,0,0,0,0,0,0,1,0
1842,1987,12,12,1,0,0,0,0,0,0,0
1842,1988,10,10,1,0,0,0,0,0,1,0
1842,1989,3,3,0,0,0,0,0,0,1,0
1842,1991,3,3,0,0,0,0,0,0,0,0
1843,1985,4,3,0,0,0,0,1,0,0,0
1843,1986,3,3,0,0,0,0,0,0,0,0
1843,1990,7,7,1,0,0,0,0,0,2,0
1843,1994,4,4,1,0,0,0,0,0,0,0
1843,1995,10,7,1,0,0,0,3,0,0,0
1843,1996,8,8,2,1,0,0,0,0,2,0
1843,1997,3,3,1,0,0,0,0,0,0,0
1843,1998,1,1,0,0,0,0,0,0,0,0
1847,1977,8,7,1,1,0,0,1,0,1,0
1847,1978,7,7,1,0,0,1,0,0,1,0
1847,1979,4,4,2,1,0,0,0,0,0,0
1855,1996,3,3,0,0,0,0,0,0,1,0
1857,1998,2,1,0,0,0,0,1,0,0,0
1876,1991,3,3,1,0,0,0,0,0,1,0
1880,1984,1,0,0,0,0,0,1,0,0,0
1880,1986,1,1,0,0,0,0,0,0,0,0
1888,1992,2,1,1,0,0,0,0,0,0,0
1894,1979,4,3,0,0,0,0,0,0,0,0
1894,1980,1,1,0,0,0,0,0,0,0,0
1894,1981,7,7,2,0,0,0,0,0,1,0
1894,1982,1,1,0,0,0,0,0,0,0,0
1894,1983,2,1,1,1,0,0,1,0,0,0
1907,1983,2,1,0,0,0,0,0,0,0,0
1907,1985,1,1,0,0,0,0,0,0,0,0
1910,1982,5,5,2,1,0,0,0,0,0,0
1910,1983,1,1,1,0,0,0,0,0,0,0
1923,1993,6,5,2,0,0,0,0,1,0,0
1923,1998,2,2,1,1,0,0,0,0,0,0
1946,1991,3,3,0,0,0,0,0,0,0,0
1946,1992,3,3,0,0,0,0,0,0,2,0
1946,1993,3,3,0,0,0,0,0,0,1,0
1949,1994,4,4,1,0,0,0,0,0,0,0
1949,1995,7,6,1,0,0,0,0,0,1,0
1950,1998,2,1,1,0,0,0,1,0,0,0
1958,1979,6,6,0,0,0,0,0,0,0,0
1958,1980,4,4,0,0,0,0,0,0,1,0
1958,1981,7,7,1,0,0,0,0,0,0,0
1967,1986,2,1,1,0,0,1,1,0,0,0
1975,1977,8,8,2,0,0,0,0,0,1,0
1975,1978,4,4,1,0,0,0,0,0,0,0
1975,1979,5,4,2,0,0,0,0,0,0,0
1979,1976,3,3,1,0,0,0,0,0,0,0
1979,1977,5,4,0,0,0,0,1,0,1,0
1979,1978,6,5,2,0,0,0,1,0,1,0
1979,1979,9,9,2,0,0,1,0,0,1,0
1984,1991,11,10,1,0,1,0,1,0,1,0
1984,1992,7,7,1,0,0,0,0,0,1,0
1984,1994,3,2,0,0,0,0,1,0,1,0
1994,1979,3,2,1,0,0,0,1,0,0,0
1994,1980,2,2,2,0,0,0,0,0,0,0
2033,1977,2,2,1,0,0,0,0,0,0,0
2033,1978,5,4,0,0,0,0,0,0,1,1
2075,1993,6,3,0,0,0,0,2,1,2,0
2075,1998,1,1,0,0,0,0,0,0,1,0
2086,1995,6,5,2,1,0,0,1,0,0,0
2086,1996,3,3,1,0,0,0,0,0,1,0
2086,1998,7,5,2,0,0,0,2,0,2,0
2100,1983,2,2,0,0,0,0,0,0,0,0
2103,1990,4,3,1,0,0,0,1,0,1,0
2103,1992,4,2,0,0,0,0,2,0,1,0
2103,1993,6,5,0,0,0,0,1,0,0,0
2111,1987,6,3,1,0,0,0,3,0,1,0
2111,1989,8,7,0,0,0,0,0,0,3,1
2112,1991,7,7,3,1,0,0,0,0,1,0
2112,1992,6,6,1,0,0,0,0,0,1,0
2112,1993,9,8,2,0,0,0,0,1,0,0
2118,1993,1,1,0,0,0,0,0,0,0,0
2125,1986,6,6,0,0,0,0,0,0,1,0
2125,1987,7,4,1,1,0,0,3,0,1,0
2125,1988,7,6,2,1,0,0,1,0,3,0
2125,1989,11,11,2,0,0,0,0,0,3,0
2125,1990,11,9,2,0,0,0,2,0,1,0
2125,1991,7,6,3,0,0,0,1,0,0,0
2125,1992,9,9,2,0,0,1,0,0,2,0
2125,1993,6,6,3,1,0,1,0,0,1,0
2125,1994,3,3,2,0,0,0,0,0,0,0
2125,1995,3,3,1,0,0,1,0,0,0,0
2133,1992,3,3,1,0,0,0,0,0,0,0
2133,1993,6,5,0,0,0,0,1,0,0,0
2184,1987,1,1,0,0,0,0,0,0,0,0
2184,1988,2,2,1,1,0,0,0,0,0,0
2197,1992,2,2,0,0,0,0,0,0,0,0
2198,1997,3,3,2,0,0,0,0,0,0,0
2200,1978,3,3,0,0,0,0,0,0,1,0
2203,1992,8,7,1,0,0,0,1,0,4,0
2203,1993,14,11,3,0,1,0,3,0,0,0
2203,1994,12,10,3,2,0,0,2,0,3,0
2203,1995,3,3,2,0,0,0,0,0,0,0
2208,1988,5,5,1,1,0,0,0,0,1,0
2208,1991,2,2,0,0,0,0,0,0,0,0
2220,1986,4,4,0,0,0,0,0,0,1,0
2220,1987,15,13,4,0,0,0,2,0,0,0
2220,1988,16,16,3,0,0,0,0,0,2,0
2220,1989,11,10,3,1,0,0,1,0,1,0
2220,1990,6,6,0,0,0,0,0,0,2,0
2220,1991,8,7,1,0,0,0,1,0,2,0
2220,1992,8,7,2,0,0,0,0,1,1,0
2220,1993,4,3,0,0,0,0,1,0,1,0
2220,1994,8,8,3,0,1,0,0,0,0,0
2225,1977,1,1,0,0,0,0,0,0,0,0
2225,1982,3,2,1,0,0,0,1,0,0,0
2225,1983,6,5,1,0,0,0,1,0,3,0
2225,1984,6,5,0,0,0,0,1,0,0,0
2225,1985,3,3,2,0,0,0,0,0,1,0
2225,1990,1,1,0,0,0,0,0,0,0,0
2231,1998,3,3,2,0,1,0,0,0,0,0
2256,1987,2,2,1,0,0,0,0,0,0,0
2258,1984,4,4,2,0,0,0,0,0,0,0
2258,1985,2,2,0,0,0,0,0,0,0,0
2261,1989,2,2,1,0,0,0,0,0,0,0
2261,1990,3,2,1,0,0,0,1,0,1,0
2261,1992,4,4,0,0,0,0,0,0,3,0
2266,1993,7,6,2,0,0,0,1,0,0,0
2302,1991,4,4,0,0,0,0,0,0,1,0
2308,1976,6,6,1,0,0,0,0,0,1,0
2308,1977,10,9,2,0,0,0,0,0,2,1
2308,1978,11,10,5,1,0,1,1,0,4,0
2308,1979,11,8,1,0,0,1,3,0,1,0
2308,1980,5,3,1,0,0,0,2,0,0,0
2308,1981,7,6,3,2,0,0,1,0,0,0
2308,1982,9,9,3,2,0,0,0,0,1,0
2308,1983,6,6,3,1,0,0,0,0,0,0
2308,1984,4,3,1,0,0,1,1,0,0,0
2308,1985,4,3,1,0,0,0,0,0,0,1
2314,1994,3,3,1,0,0,0,0,0,0,0
2319,1994,9,9,2,1,0,0,0,0,1,0
2319,1996,7,7,0,0,0,0,0,0,2,0
2327,1977,3,3,0,0,0,0,0,0,0,0
2327,1978,12,10,2,0,0,0,0,0,1,0
2327,1980,3,2,1,0,0,0,0,0,0,1
2332,1998,1,1,0,0,0,0,0,0,0,0
2336,1995,9,9,3,2,0,0,0,0,1,0
2338,1996,6,6,1,0,0,0,0,0,0,0
2344,1992,2,2,0,0,0,0,0,0,1,0
2389,1998,1,1,1,0,0,0,0,0,0,0
2400,1977,8,7,1,0,1,0,1,0,0,0
2400,1978,2,2,1,1,0,0,0,0,1,0
2400,1979,10,10,2,0,0,0,0,0,2,0
2400,1980,2,2,1,0,0,0,0,0,0,0
2400,1981,5,5,3,0,0,0,0,0,0,0
2400,1982,6,5,2,0,0,0,1,0,0,0
2400,1983,4,4,2,0,0,1,0,0,0,0
2400,1984,6,5,3,0,0,1,1,0,0,0
2400,1985,9,9,3,1,0,1,0,0,0,0
2407,1988,3,3,0,0,0,0,0,0,0,0
2407,1991,2,2,0,0,0,0,0,0,2,0
2413,1977,3,1,0,0,0,0,1,0,0,0
2413,1978,4,4,1,0,0,0,0,0,1,0
2413,1980,3,3,1,0,0,0,0,0,0,0
2499,1978,1,1,1,0,0,0,0,0,0,0
2501,1986,2,2,1,1,0,0,0,0,0,0
2501,1987,3,3,1,1,0,0,0,0,0,0
2502,1977,1,1,0,0,0,0,0,0,1,0
2502,1978,14,11,2,1,0,0,3,0,0,0
2502,1979,4,3,1,0,0,0,0,0,1,0
2502,1980,1,0,0,0,0,0,1,0,0,0
2502,1981,11,9,2,0,0,0,2,0,1,0
2502,1982,9,8,2,1,0,0,1,0,0,0
2502,1983,7,7,2,1,0,0,0,0,1,0
2502,1984,6,6,0,0,0,0,0,0,2,0
2514,1979,8,7,1,0,0,1,0,0,2,1
2514,1982,7,7,0,0,0,0,0,0,0,0
2514,1983,5,5,1,0,0,0,0,0,1,0
2519,1977,1,1,0,0,0,0,0,0,1,0
2519,1978,6,6,1,0,0,0,0,0,1,0
2519,1979,10,8,2,0,0,0,2,0,1,0
2519,1980,1,0,0,0,0,0,1,0,0,0
2548,1994,4,4,0,0,0,0,0,0,0,0
2548,1995,4,3,0,0,0,0,1,0,2,0
2548,1996,3,3,0,0,0,0,0,0,1,0
2564,1977,8,8,3,1,0,0,0,0,0,0
2564,1978,5,5,1,0,0,0,0,0,1,0
2583,1995,4,3,0,0,0,0,0,0,0,0
2588,1986,1,1,0,0,0,0,0,0,0,0
2588,1988,8,8,1,0,0,0,0,0,1,0
2588,1989,6,4,1,0,0,0,2,0,0,0
2588,1990,11,11,1,0,0,1,0,0,5,0
2588,1991,10,9,0,0,0,0,1,0,4,0
2597,1988,2,2,1,1,0,0,0,0,0,0
2608,1987,1,1,0,0,0,0,0,0,1,0
2608,1988,3,3,0,0,0,0,0,0,1,0
2610,1988,3,3,1,0,0,0,0,0,0,0
2610,1990,7,6,1,0,0,0,0,0,1,0
2610,1991,7,5,3,0,0,0,2,0,0,0
2610,1992,5,4,2,0,0,0,0,0,0,0
2612,1998,1,1,0,0,0,0,0,0,1,0
2614,1993,1,1,0,0,0,0,0,0,1,0
2615,1987,2,2,0,0,0,0,0,0,0,0
2615,1989,5,5,1,0,0,0,0,0,1,0
2615,1990,8,7,1,1,0,0,1,0,0,0
2615,1991,7,6,1,0,0,0,1,0,1,0
2615,1992,7,7,3,1,0,0,0,0,1,0
2615,1993,10,8,1,0,0,1,2,0,0,0
2623,1984,2,2,0,0,0,0,0,0,0,0
2624,1984,6,5,0,0,0,0,1,0,0,0
2624,1985,9,8,0,0,0,0,1,0,2,0
2626,1984,1,1,0,0,0,0,0,0,0,0
2632,1980,1,1,0,0,0,0,0,0,1,0
2636,1986,6,5,1,0,0,0,1,0,1,0
2636,1994,4,3,1,0,0,0,0,0,0,1
2636,1995,3,2,1,0,0,1,1,0,1,0
2636,1996,2,1,1,0,0,0,1,0,0,0
2643,1977,4,4,0,0,0,0,0,0,0,0
2643,1979,4,4,1,0,0,0,0,0,1,0
2643,1980,5,4,2,0,0,0,1,0,1,0
2644,1986,6,6,4,1,0,1,0,0,2,0
2644,1987,6,4,1,0,0,0,2,0,0,0
2644,1988,8,7,3,0,0,0,1,0,3,0
2644,1989,6,5,2,0,0,0,1,0,1,0
2644,1990,11,8,2,0,0,0,2,1,3,0
2644,1992,6,6,2,0,0,0,0,0,2,0
2644,1993,9,9,4,0,0,0,0,0,2,0
2644,1997,4,4,0,0,0,0,0,0,1,0
2646,1986,3,2,2,0,0,2,0,1,0,0
2646,1987,6,4,1,0,0,0,1,0,1,1
2646,1988,5,5,4,0,0,2,0,0,0,0
2646,1989,10,9,2,0,0,0,1,0,1,0
2646,1990,7,7,4,0,0,2,0,0,0,0
2650,1986,5,5,1,0,0,1,0,0,1,0
2650,1987,4,4,0,0,0,0,0,0,1,0
2650,1988,7,5,0,0,0,0,2,0,2,0
2666,1981,1,1,0,0,0,0,0,0,0,0
2666,1983,4,4,0,0,0,0,0,0,0,0
2666,1984,4,3,1,0,0,0,1,0,1,0
2666,1985,2,2,0,0,0,0,0,0,0,0
2666,1988,10,9,2,0,0,0,1,0,1,0
2666,1989,7,6,3,1,1,0,1,0,0,0
2674,1996,2,2,0,0,0,0,0,0,0,0
2696,1987,4,3,1,1,0,0,0,1,0,0
2696,1988,13,13,8,1,1,1,0,0,0,0
2696,1989,10,10,0,0,0,0,0,0,2,0
2696,1990,11,10,1,0,0,0,1,0,1,0
2696,1991,7,7,2,0,1,0,0,0,0,0
2696,1992,10,7,2,1,0,1,3,0,0,0
2696,1994,7,7,2,0,0,0,0,0,1,0
2701,1983,1,1,0,0,0,0,0,0,0,0
2701,1986,2,2,1,0,0,0,0,0,1,0
2701,1987,1,1,0,0,0,0,0,0,1,0
2714,1982,8,6,1,0,0,0,1,0,1,0
2714,1984,2,2,1,0,0,0,0,0,0,0
2741,1990,4,3,0,0,0,0,0,0,3,0
2767,1988,3,3,2,1,0,0,0,0,0,0
2767,1989,3,3,0,0,0,0,0,0,1,0
2767,1991,2,2,0,0,0,0,0,0,0,0
2773,1994,4,3,2,0,0,0,1,0,0,0
2773,1996,8,6,3,1,0,0,1,0,0,1
2773,1997,3,1,1,0,0,1,2,0,0,0
2778,1998,1,1,0,0,0,0,0,0,0,0
2809,1989,1,1,1,0,0,1,0,0,0,0
2816,1986,4,3,1,0,0,0,0,0,1,0
2821,1977,4,4,0,0,0,0,0,0,0,0
2821,1978,5,5,1,0,0,0,0,0,1,0
2821,1979,8,7,1,0,0,0,1,0,3,0
2821,1980,4,3,1,0,0,0,1,0,0,0
2821,1981,4,3,0,0,0,0,1,0,0,0
2821,1982,8,7,0,0,0,0,1,0,0,0
2821,1983,4,4,2,1,0,0,0,0,0,0
2828,1986,3,3,1,1,0,0,0,0,0,0
2835,1998,1,0,0,0,0,0,1,0,0,0
2837,1987,2,2,0,0,0,0,0,0,0,0
2837,1990,4,4,0,0,0,0,0,0,2,0
2842,1993,6,6,0,0,0,0,0,0,2,0
2848,1995,1,1,0,0,0,0,0,0,0,0
2852,1994,4,3,1,0,0,0,1,0,1,0
2852,1995,6,6,1,0,0,0,0,0,2,0
2865,1994,2,2,0,0,0,0,0,0,0,0
2865,1998,1,1,0,0,0,0,0,0,1,0
2869,1977,1,1,0,0,0,0,0,0,1,0
2869,1986,2,2,1,1,0,0,0,0,0,0
2869,1987,6,5,0,0,0,0,0,1,0,0
2869,1988,6,5,1,0,0,1,0,0,0,1
2890,1986,3,2,0,0,0,0,1,0,0,0
2891,1990,3,3,0,0,0,0,0,0,0,0
2901,1988,1,0,0,0,0,0,0,0,0,0
2927,1977,1,0,0,0,0,0,0,0,0,1
2927,1978,3,3,1,0,0,0,0,0,0,0
2930,1979,4,4,0,0,0,0,0,0,1,0
2930,1981,5,4,0,0,0,0,1,0,1,0
2930,1982,4,4,0,0,0,0,0,0,0,0
2930,1983,7,5,1,1,0,0,2,0,0,0
2944,1994,4,4,0,0,0,0,0,0,1,0
2944,1995,3,3,2,0,0,0,0,0,0,0
2944,1996,1,1,0,0,0,0,0,0,0,0
2944,1997,1,1,1,0,0,0,0,0,0,0
2989,1986,3,3,1,1,0,0,0,0,0,0
2989,1987,6,6,2,1,0,0,0,0,1,0
2989,1988,3,2,1,0,0,0,1,0,0,0
2989,1989,10,10,0,0,0,0,0,0,1,0
2989,1990,4,3,0,0,0,0,1,0,0,0
2989,1991,6,6,0,0,0,0,0,0,1,0
3010,1977,2,2,0,0,0,0,0,0,0,0
3010,1978,8,8,2,0,0,0,0,0,0,0
3010,1979,10,8,0,0,0,0,2,0,2,0
3010,1981,15,14,4,0,0,0,1,0,2,0
3010,1982,2,1,1,0,0,0,1,0,0,0
3010,1983,8,6,4,0,0,2,1,1,0,0
3010,1984,2,2,1,1,0,0,0,0,0,0
3010,1985,13,10,4,0,0,0,2,1,1,0
3014,1986,2,1,0,0,0,0,1,0,0,0
3014,1988,2,2,0,0,0,0,0,0,0,0
3014,1989,1,1,0,0,0,0,0,0,1,0
3014,1990,2,1,0,0,0,0,0,0,0,0
3014,1992,1,1,0,0,0,0,0,0,0,0
3019,1976,8,6,1,0,0,0,1,0,1,0
3019,1977,13,12,4,0,1,0,0,0,2,0
3028,1987,2,2,0,0,0,0,0,0,1,0
3028,1988,1,1,0,0,0,0,0,0,0,0
3028,1989,2,1,0,0,0,0,0,1,0,0
3028,1990,2,2,1,0,0,0,0,0,1,0
3028,1991,4,4,0,0,0,0,0,0,2,0
3028,1992,5,5,1,0,0,0,0,0,1,0
3028,1993,2,2,0,0,0,0,0,0,1,0
3037,1986,2,1,0,0,0,0,0,0,0,0
3037,1987,6,6,3,1,0,0,0,0,2,0
3049,1987,3,3,0,0,0,0,0,0,1,0
3093,1984,4,4,0,0,0,0,0,0,2,0
3098,1989,3,3,0,0,0,0,0,0,1,0
3098,1991,5,5,3,1,0,0,0,0,0,0
3098,1992,3,3,0,0,0,0,0,0,1,0
3098,1993,9,9,3,0,0,1,0,0,2,0
3098,1996,9,9,3,0,0,0,0,0,1,0
3098,1997,3,3,0,0,0,0,0,0,0,0
3100,1978,1,1,0,0,0,0,0,0,1,0
3107,1987,1,1,0,0,0,0,0,0,0,0
3116,1986,3,3,1,0,0,0,0,0,0,0
3116,1988,14,14,1,1,0,0,0,0,3,0
3116,1989,12,12,2,0,0,0,0,0,1,0
3116,1990,9,9,2,0,2,0,0,0,0,0
3116,1991,5,5,2,1,0,0,0,0,0,0
3116,1998,1,1,0,0,0,0,0,0,1,0
3117,1998,2,2,0,0,0,0,0,0,0,0
3121,1981,3,3,0,0,0,0,0,0,0,0
3136,1986,7,7,3,1,0,1,0,0,1,0
3136,1987,4,4,0,0,0,0,0,0,2,0
3136,1988,7,6,1,0,1,0,1,0,1,0
3137,1995,9,8,2,0,0,0,0,0,3,0
3137,1996,3,3,0,0,0,0,0,0,1,0
3137,1997,4,3,0,0,0,0,1,0,1,0
3145,1979,1,1,0,0,0,0,0,0,0,0
3146,1980,1,1,0,0,0,0,0,0,0,0
3146,1982,3,3,0,0,0,0,0,0,0,0
3152,1986,5,4,1,1,0,0,1,0,1,0
3152,1987,15,14,1,0,0,0,1,0,5,0
3152,1988,15,13,5,0,0,2,2,0,2,0
3152,1989,3,3,0,0,0,0,0,0,0,0
3152,1990,10,8,1,0,0,1,2,0,2,0
3152,1991,8,8,2,1,0,0,0,0,0,0
3152,1992,4,4,0,0,0,0,0,0,0,0
3152,1993,11,10,4,1,2,1,1,0,0,0
3160,1995,3,3,1,0,0,0,0,0,0,0
3163,1984,2,2,1,0,0,0,0,0,0,0
3163,1985,9,9,1,1,0,0,0,0,1,0
3188,1983,2,2,0,0,0,0,0,0,2,0
3192,1994,4,4,1,1,0,0,0,0,0,0
3192,1995,3,2,0,0,0,0,1,0,1,0
3192,1996,2,2,1,0,0,0,0,0,0,0
3192,1997,2,2,1,0,0,0,0,0,0,0
3195,1979,7,5,3,1,0,1,1,0,1,0
3195,1980,2,2,2,1,0,0,0,0,0,0
3200,1978,5,5,2,1,0,0,0,0,0,0
3200,1979,1,1,0,0,0,0,0,0,0,0
3201,1982,3,2,0,0,0,0,0,0,0,1
3221,1982,3,2,1,0,0,0,1,0,0,0
3221,1984,2,1,0,0,0,0,0,0,0,1
3221,1993,10,10,3,1,0,1,0,0,0,0
3221,1998,1,1,1,0,0,0,0,0,0,0
3244,1977,3,3,0,0,0,0,0,0,1,0
3244,1979,1,1,1,0,0,0,0,0,0,0
3257,1988,13,13,1,0,0,1,0,0,2,0
3257,1989,9,9,3,0,1,0,0,0,0,0
3257,1990,3,3,1,0,0,0,0,0,0,0
3257,1991,2,2,0,0,0,0,0,0,0,0
3274,1982,1,1,0,0,0,0,0,0,1,0
3274,1983,1,1,1,0,0,0,0,0,0,0
3274,1984,4,4,2,0,0,1,0,0,1,0
3298,1997,2,2,1,0,0,0,0,0,0,0
3300,1986,2,2,0,0,0,0,0,0,2,0
3300,1987,3,3,1,1,0,0,0,0,0,0
3300,1988,7,7,1,1,0,0,0,0,0,0
3331,1992,5,5,1,1,0,0,0,0,1,0
3331,1993,3,2,0,0,0,0,1,0,1,0
3334,1978,4,4,1,1,0,0,0,0,0,0
3334,1979,4,3,0,0,0,0,1,0,0,0
3334,1981,2,2,0,0,0,0,0,0,0,0
3334,1982,3,3,0,0,0,0,0,0,0,0
3358,1984,6,5,0,0,0,0,1,0,2,0
3358,1985,7,7,3,0,0,0,0,0,0,0
3358,1989,6,6,2,1,0,0,0,0,1,0
3359,1976,6,6,1,0,0,0,0,0,1,0
3359,1978,17,10,2,0,0,1,5,0,6,1
3359,1979,13,12,4,1,0,0,1,0,3,0
3359,1980,6,5,0,0,0,0,1,0,1,0
3359,1981,3,3,2,0,0,0,0,0,0,0
3359,1982,14,12,3,0,0,1,2,0,2,0
3359,1983,4,4,2,0,0,2,0,0,0,0
3359,1984,3,2,1,0,0,0,1,0,1,0
3359,1985,11,10,6,1,0,1,1,0,0,0
3372,1977,5,5,3,1,0,0,0,0,0,0
3377,1994,1,1,0,0,0,0,0,0,0,0
3377,1995,3,3,0,0,0,0,0,0,0,0
3380,1982,2,1,0,0,0,0,1,0,0,0
3380,1984,4,4,0,0,0,0,0,0,0,0
3382,1981,2,2,0,0,0,0,0,0,0,0
3382,1982,3,3,0,0,0,0,0,0,1,0
3385,1977,6,6,1,1,0,0,0,0,1,0
3385,1978,3,3,0,0,0,0,0,0,0,0
3397,1986,2,1,0,0,0,0,0,0,0,0
3433,1985,4,3,2,0,0,0,1,0,0,0
3433,1991,7,7,2,0,1,0,0,0,0,0
3433,1992,8,7,1,0,0,0,1,0,1,0
3436,1994,4,4,1,0,0,0,0,0,2,0
3450,1994,6,6,0,0,0,0,0,0,0,0
3468,1986,2,2,0,0,0,0,0,0,0,0
3468,1988,2,2,0,0,0,0,0,0,0,0
3468,1989,3,1,1,0,0,0,0,1,0,0
3468,1992,2,2,1,0,0,0,0,0,0,0
3469,1984,4,4,2,0,1,1,0,0,0,0
3469,1985,6,6,1,1,0,0,0,0,0,0
3469,1991,11,10,2,2,0,0,1,0,1,0
3469,1992,8,8,3,0,0,0,0,0,1,0
3469,1995,6,5,1,1,0,0,1,0,0,0
3489,1986,1,1,0,0,0,0,0,0,0,0
3489,1995,3,3,0,0,0,0,0,0,0,0
3489,1996,7,7,3,0,0,0,0,0,1,0
3489,1997,3,2,1,0,0,0,0,1,0,0
3520,1991,7,7,2,1,0,0,0,0,1,0
3520,1992,10,10,2,1,0,0,0,0,0,0
3520,1993,4,4,1,0,0,0,0,0,0,0
3520,1998,1,1,0,0,0,0,0,0,0,0
3532,1981,3,2,1,0,0,0,0,0,1,1
3532,1982,8,8,1,0,0,0,0,0,1,0
3532,1983,6,6,2,0,0,0,0,0,1,0
3534,1987,3,2,0,0,0,0,0,0,0,0
3545,1977,13,9,4,0,0,0,3,1,2,0
3545,1978,22,22,3,0,0,0,0,0,4,0
3545,1979,5,4,0,0,0,0,1,0,0,0
3545,1980,7,6,0,0,0,0,1,0,0,0
3545,1981,5,5,0,0,0,0,0,0,0,0
3545,1982,8,7,2,0,0,0,1,0,1,0
3545,1983,4,4,3,0,0,0,0,0,0,0
3545,1984,5,4,2,0,0,1,0,1,0,0
3545,1985,4,4,1,1,0,0,0,0,1,0
3551,1988,1,0,0,0,0,0,0,1,0,0
3556,1995,3,3,1,1,0,0,0,0,0,0
3556,1996,6,6,2,1,0,0,0,0,0,0
3561,1986,3,3,1,0,0,0,0,0,2,0
3561,1987,3,2,1,0,0,0,1,0,0,0
3561,1988,1,1,1,0,0,0,0,0,0,0
3561,1989,2,1,0,0,0,0,1,0,0,0
3568,1991,6,6,1,0,0,0,0,0,0,0
3572,1983,3,3,2,0,0,0,0,0,0,0
3572,1984,6,5,2,1,0,0,0,0,0,1
3572,1985,5,5,1,0,0,0,0,0,0,0
3572,1994,4,4,0,0,0,0,0,0,1,0
3572,1995,4,4,1,0,0,0,0,0,1,0
3582,1977,7,7,2,1,0,0,0,0,1,0
3595,1998,2,2,0,0,0,0,0,0,1,0
3599,1982,5,5,3,0,0,0,0,0,0,0
3603,1979,3,2,0,0,0,0,0,0,0,0
3603,1980,1,0,0,0,0,0,1,0,0,0
3603,1982,4,3,0,0,0,0,1,0,0,0
3603,1984,3,3,0,0,0,0,0,0,0,0
3604,1993,8,8,2,1,0,0,0,0,0,0
3605,1982,8,8,3,0,1,0,0,0,0,0
3605,1983,8,6,3,0,0,0,0,0,0,1
3605,1984,4,4,1,1,0,0,0,0,0,0
3620,1986,1,1,0,0,0,0,0,0,0,0
3620,1987,9,7,3,0,0,0,2,0,1,0
3620,1988,6,6,0,0,0,0,0,0,1,0
3620,1989,3,3,1,0,0,0,0,0,1,0
3620,1990,1,1,0,0,0,0,0,0,0,0
3621,1977,2,1,1,0,0,0,1,0,0,0
3621,1978,4,4,2,0,0,0,0,0,0,0
3621,1979,16,14,2,0,0,0,1,0,5,0
3621,1981,16,16,4,0,1,0,0,0,2,0
3634,1987,3,3,0,0,0,0,0,0,1,0
3634,1988,1,1,1,0,0,0,0,0,0,0
3646,1977,1,1,0,0,0,0,0,0,0,0
3664,1996,2,1,0,0,0,0,0,0,0,0
3664,1998,1,1,0,0,0,0,0,0,1,0
3666,1995,2,2,0,0,0,0,0,0,1,0
3682,1983,10,8,4,1,0,0,2,0,1,0
3682,1985,7,5,2,1,0,0,1,0,2,1
3682,1986,3,2,0,0,0,0,1,0,1,0
3682,1994,9,8,2,0,0,0,1,0,1,0
3682,1997,6,5,3,0,0,0,1,0,0,0
3696,1987,3,3,2,0,0,1,0,0,0,0
3714,1976,3,3,0,0,0,0,0,0,2,0
3745,1980,4,4,1,1,0,0,0,0,0,0
3762,1995,3,3,1,1,0,0,0,0,0,0
3763,1994,4,2,0,0,0,0,2,0,2,0
3763,1995,3,2,2,0,0,0,1,0,0,0
3763,1996,8,7,4,1,0,0,1,0,0,0
3771,1977,3,2,2,0,0,0,1,0,0,0
3780,1998,4,4,0,0,0,0,0,0,0,0
3804,1982,6,6,2,0,0,1,0,0,0,0
3804,1983,1,0,0,0,0,0,1,0,0,0
3804,1984,5,5,3,1,0,0,0,0,1,0
3804,1985,4,4,2,0,0,0,0,0,0,0
3804,1994,6,5,2,1,0,0,1,0,0,0
3804,1995,4,3,0,0,0,0,0,0,0,1
3810,1985,3,3,1,1,0,0,0,0,0,0
3810,1994,6,5,1,1,0,0,0,1,1,0
3810,1995,3,3,1,0,0,0,0,0,0,0
3814,1986,3,3,0,0,0,0,0,0,1,0
3817,1992,7,5,1,0,0,1,1,1,2,0
3817,1993,13,13,6,3,0,1,0,0,2,0
3831,1994,3,3,1,1,0,0,0,0,0,0
3840,1977,2,2,1,0,0,0,0,0,0,0
3840,1979,10,10,5,0,0,2,0,0,1,0
3840,1980,5,2,1,0,0,1,3,0,0,0
3840,1981,1,1,0,0,0,0,0,0,1,0
3840,1982,2,2,0,0,0,0,0,0,0,0
3840,1983,3,3,1,0,0,1,0,0,1,0
3840,1984,2,1,1,0,0,1,1,0,0,0
3840,1985,5,2,1,1,0,0,3,0,0,0
3844,1978,3,3,0,0,0,0,0,0,1,0
3844,1980,5,5,0,0,0,0,0,0,0,0
3844,1981,6,6,1,0,0,0,0,0,0,0
3844,1982,7,5,0,0,0,0,2,0,0,0
3844,1983,4,4,2,0,0,0,0,0,0,0
3844,1984,5,5,0,0,0,0,0,0,2,0
3846,1988,7,7,3,2,0,0,0,0,2,0
3846,1990,7,7,0,0,0,0,0,0,1,0
3846,1991,4,4,2,1,0,1,0,0,0,0
3846,1992,11,11,2,0,0,0,0,0,3,0
3846,1993,10,9,3,0,0,1,0,1,2,0
3846,1998,3,3,1,0,0,0,0,0,1,0
3851,1984,4,4,1,0,0,0,0,0,0,0
3861,1997,4,4,1,0,0,0,0,0,0,0
3863,1980,5,5,1,0,0,0,0,0,0,0
3863,1982,8,8,2,0,0,0,0,0,1,0
3863,1983,6,6,2,0,0,0,0,0,1,0
3863,1984,6,5,0,0,0,0,0,1,0,0
3863,1985,7,7,3,0,0,1,0,0,0,0
3863,1986,1,1,1,0,0,0,0,0,0,0
3869,1998,1,1,1,0,0,1,0,0,0,0
3872,1998,1,1,0,0,0,0,0,0,0,0
3884,1998,1,1,0,0,0,0,0,0,0,0
3896,1998,3,3,2,0,0,0,0,0,1,0
3914,1993,11,10,2,0,0,0,1,0,2,0
3916,1998,1,1,0,0,0,0,0,0,0,0
3939,1977,1,1,0,0,0,0,0,0,0,0
3939,1978,4,4,2,0,0,0,0,0,0,0
3939,1979,4,4,1,0,0,0,0,0,0,0
3949,1986,2,2,1,0,0,1,0,0,0,0
3960,1994,3,3,1,0,0,0,0,0,0,0
3960,1995,7,5,0,0,0,0,1,0,0,1
3960,1996,3,2,1,0,0,0,0,0,0,1
3974,1982,4,4,0,0,0,0,0,0,0,0
3974,1983,2,1,0,0,0,0,1,0,0,0
3974,1984,2,2,0,0,0,0,0,0,0,0
3974,1985,9,8,0,0,0,0,1,0,1,0
3974,1990,3,3,0,0,0,0,0,0,1,0
3974,1991,2,2,0,0,0,0,0,0,0,0
3991,1985,2,2,0,0,0,0,0,0,0,0
4005,1982,1,0,0,0,0,0,0,0,0,1
4012,1995,7,6,2,0,0,0,1,0,1,0
4012,1996,3,3,1,0,0,0,0,0,0,0
4028,1979,3,3,2,0,0,0,0,0,1,0
4028,1981,8,7,3,0,0,0,1,0,1,0
4028,1982,4,4,0,0,0,0,0,0,0,0
4028,1983,6,5,2,0,1,0,1,0,1,0
4028,1984,9,9,3,1,0,0,0,0,2,0
4028,1985,8,5,1,1,0,0,3,0,1,0
4028,1988,10,10,3,0,0,0,0,0,1,0
4028,1989,4,4,2,1,0,0,0,0,1,0
4028,1990,4,3,1,0,0,0,1,0,0,0
4028,1992,7,7,2,0,0,1,0,0,1,0
4028,1994,4,4,2,0,0,0,0,0,1,0
4028,1995,3,3,2,0,0,0,0,0,1,0
4038,1995,2,2,0,0,0,0,0,0,1,0
4048,1985,3,3,1,1,0,0,0,0,0,0
4058,1992,7,7,2,0,0,1,0,0,1,0
4058,1993,3,3,0,0,0,0,0,0,1,0
4078,1998,1,1,0,0,0,0,0,0,0,0
4081,1989,5,5,0,0,0,0,0,0,1,0
4081,1990,5,5,2,1,0,0,0,0,0,0
4081,1992,6,6,2,0,0,0,0,0,1,0
4081,1993,8,6,2,0,1,0,1,0,2,0
4081,1996,9,7,1,0,0,0,2,0,2,0
4081,1997,3,3,1,0,0,0,0,0,0,0
4081,1998,1,1,0,0,0,0,0,0,0,0
4088,1986,3,3,0,0,0,0,0,0,1,0
4090,1998,5,4,1,0,0,0,1,0,1,0
4095,1990,3,3,0,0,0,0,0,0,2,0
4095,1992,2,2,0,0,0,0,0,0,0,0
4133,1994,3,3,2,0,0,0,0,0,0,0
4133,1995,3,3,0,0,0,0,0,0,0,0
4133,1996,3,3,1,0,0,0,0,0,0,0
4133,1998,2,2,1,1,0,0,0,0,1,0
4138,1994,5,5,2,1,0,0,0,0,1,0
4138,1995,4,4,3,1,0,0,0,0,0,0
4139,1977,1,1,0,0,0,0,0,0,0,0
4139,1978,6,6,2,0,0,0,0,0,0,0
4152,1995,3,2,0,0,0,0,1,0,0,0
4152,1996,7,5,0,0,0,0,2,0,1,0
4152,1997,3,3,1,0,0,0,0,0,0,0
4153,1998,1,1,0,0,0,0,0,0,0,0
4171,1989,1,1,0,0,0,0,0,0,1,0
4172,1994,3,3,1,0,0,0,0,0,0,0
4172,1995,2,2,0,0,0,0,0,0,0,0
4175,1991,7,7,2,0,0,0,0,0,2,0
4175,1992,3,3,0,0,0,0,0,0,0,0
4175,1993,3,3,0,0,0,0,0,0,0,0
4202,1995,3,3,1,0,0,0,0,0,2,0
4203,1987,2,2,0,0,0,0,0,0,0,0
4203,1988,2,2,0,0,0,0,0,0,0,0
4203,1989,3,3,1,1,0,0,0,0,0,0
4203,1990,1,0,0,0,0,0,0,0,0,1
4203,1991,8,7,1,0,0,0,0,0,2,0
4204,1977,1,1,0,0,0,0,0,0,1,0
4204,1979,7,7,0,0,0,0,0,0,2,0
4204,1981,1,1,0,0,0,0,0,0,0,0
4209,1995,4,4,2,0,0,0,0,0,0,0
4225,1977,1,1,0,0,0,0,0,0,0,0
4252,1988,8,7,1,0,0,0,1,0,1,0
4252,1989,14,11,4,0,0,1,3,0,1,0
4252,1990,11,11,2,1,0,0,0,0,2,0
4252,1991,10,10,3,1,0,1,0,0,1,0
4252,1992,6,6,1,0,0,0,0,0,0,0
4252,1993,11,10,3,0,0,0,1,0,1,0
4252,1998,1,1,0,0,0,0,0,0,0,0
4286,1978,2,2,1,0,0,0,0,0,1,0
4286,1980,1,1,0,0,0,0,0,0,0,0
4286,1981,1,1,0,0,0,0,0,0,0,0
4316,1994,4,4,2,0,0,0,0,0,0,0
4316,1995,7,6,4,0,0,0,1,0,1,0
4316,1996,7,6,0,0,0,0,1,0,0,0
4320,1995,4,4,1,0,0,0,0,0,2,0
4323,1995,10,9,6,1,0,1,1,0,0,0
4323,1996,7,6,2,0,0,0,0,1,0,0
4323,1997,3,3,2,0,0,2,0,0,0,0
4329,1998,2,1,0,0,0,0,0,0,1,1
4333,1992,4,4,3,1,0,0,0,0,1,0
4333,1993,1,1,0,0,0,0,0,0,0,0
4333,1998,2,2,1,0,0,1,0,0,0,0
4339,1989,3,3,0,0,0,0,0,0,2,0
4339,1990,3,3,1,0,0,0,0,0,2,0
4339,1991,4,4,2,0,0,0,0,0,1,0
4345,1977,3,2,1,0,0,0,1,0,0,0
4345,1978,7,5,0,0,0,0,0,1,1,0
4345,1979,14,14,3,0,1,0,0,0,2,0
4345,1981,11,11,2,0,0,1,0,0,0,0
4345,1982,9,6,3,0,0,1,3,0,1,0
4345,1983,6,6,1,0,0,0,0,0,1,0
4345,1984,1,0,0,0,0,0,1,0,0,0
4345,1985,13,12,1,0,0,1,0,1,0,0
4348,1977,2,2,1,0,0,0,0,0,0,0
4349,1977,2,2,0,0,0,0,0,0,2,0
4349,1978,3,3,1,1,0,0,0,0,1,0
4349,1979,8,7,2,0,0,0,1,0,2,0
4349,1980,6,5,1,0,0,0,1,0,1,0
4349,1982,9,8,0,0,0,0,1,0,1,0
4349,1983,7,7,1,0,0,0,0,0,0,0
4349,1984,2,2,0,0,0,0,0,0,0,0
4349,1985,2,2,1,0,0,0,0,0,0,0
4349,1988,8,8,1,0,0,1,0,0,1,0
4349,1989,3,2,0,0,0,0,1,0,0,0
4349,1990,7,7,1,0,0,0,0,0,0,0
4349,1991,8,8,0,0,0,0,0,0,4,0
4356,1982,6,6,2,0,0,0,0,0,1,0
4356,1983,1,1,0,0,0,0,0,0,0,0
4356,1984,5,4,2,0,0,0,1,0,0,0
4356,1985,8,4,1,1,0,0,3,0,0,1
4356,1987,2,2,1,1,0,0,0,0,0,0
4356,1988,7,6,1,0,0,1,1,0,0,0
4356,1989,3,3,2,0,0,2,0,0,1,0
4356,1990,3,3,0,0,0,0,0,0,0,0
4357,1994,7,6,1,0,0,1,1,0,3,0
4357,1996,7,7,3,1,0,0,0,0,1,0
4364,1991,2,2,0,0,0,0,0,0,0,0
4367,1997,6,5,2,1,0,1,0,1,1,0
4367,1998,4,4,2,0,0,0,0,0,0,0
4374,1988,1,1,1,0,0,0,0,0,0,0
4374,1989,2,1,0,0,0,0,1,0,1,0
4377,1986,2,2,1,0,0,0,0,0,1,0
4377,1993,1,1,0,0,0,0,0,0,1,0
4378,1992,3,2,2,0,0,0,0,0,0,0
4380,1977,3,3,1,0,1,0,0,0,1,0
4380,1978,8,7,1,0,0,1,1,0,1,0
4380,1979,9,7,0,0,0,0,2,0,1,0
4380,1981,5,4,0,0,0,0,1,0,0,0
4380,1982,7,7,1,0,0,1,0,0,2,0
4380,1983,7,6,0,0,0,0,1,0,0,0
4381,1992,1,1,0,0,0,0,0,0,0,0
4387,1977,1,1,0,0,0,0,0,0,0,0
4387,1978,7,4,2,0,0,1,3,0,1,0
4387,1979,8,6,2,0,0,0,1,0,0,0
4387,1980,5,4,3,0,0,0,1,0,0,0
4387,1981,3,3,1,0,0,0,0,0,1,0
4387,1982,15,12,3,0,0,1,2,0,3,0
4387,1983,2,2,0,0,0,0,0,0,0,0
4387,1984,5,4,0,0,0,0,0,1,2,0
4387,1985,7,6,2,0,0,1,1,0,0,0
4390,1998,3,3,0,0,0,0,0,0,0,0
4407,1992,2,2,0,0,0,0,0,0,2,0
4413,1977,4,4,0,0,0,0,0,0,1,0
4413,1978,8,8,3,0,0,0,0,0,0,0
4413,1979,3,2,0,0,0,0,1,0,0,0
4414,1988,6,5,0,0,0,0,0,0,2,1
4414,1989,10,8,3,0,0,0,2,0,0,0
4414,1990,4,3,1,0,0,0,1,0,1,0
4414,1991,3,2,1,1,0,0,0,1,0,0
4417,1998,4,4,0,0,0,0,0,0,1,0
4419,1998,1,1,0,0,0,0,0,0,1,0
4426,1998,2,2,1,0,0,1,0,0,0,0
4428,1985,6,6,0,0,0,0,0,0,0,0
4428,1994,7,7,0,0,0,0,0,0,1,0
4428,1995,8,8,1,0,0,0,0,0,0,0
4428,1996,3,3,0,0,0,0,0,0,0,0
4428,1997,3,2,0,0,0,0,1,0,0,0
4434,1979,5,5,1,0,0,0,0,0,0,0
4453,1984,2,2,1,0,0,0,0,0,0,0
4456,1993,8,8,2,0,0,1,0,0,2,0
4456,1998,1,1,0,0,0,0,0,0,0,0
4466,1993,3,3,0,0,0,0,0,0,0,0
4475,1990,1,1,1,0,0,0,0,0,0,0
4475,1991,1,1,0,0,0,0,0,0,0,0
4477,1986,2,2,0,0,0,0,0,0,0,0
4477,1987,3,3,2,1,0,0,0,0,0,0
4477,1989,8,7,1,0,0,0,0,0,1,0
4477,1990,8,8,1,0,0,0,0,0,0,0
4477,1991,11,11,2,0,0,0,0,0,0,0
4477,1992,8,7,5,0,0,0,1,0,0,0
4477,1993,11,11,2,0,1,0,0,0,0,0
4477,1998,1,1,0,0,0,0,0,0,0,0
4505,1982,1,1,0,0,0,0,0,0,0,0
4512,1994,7,7,2,1,0,0,0,0,1,0
4512,1995,2,2,0,0,0,0,0,0,1,0
4515,1978,5,4,2,0,0,1,1,0,0,0
4515,1979,6,6,1,0,0,0,0,0,3,0
4517,1987,1,1,1,0,0,0,0,0,0,0
4528,1985,6,5,0,0,0,0,0,0,1,1
4542,1994,6,6,1,0,0,0,0,0,1,0
4542,1995,3,3,0,0,0,0,0,0,1,0
4542,1998,2,1,0,0,0,0,0,0,0,1
4547,1995,7,7,1,0,0,0,0,0,1,0
4551,1989,7,7,3,1,0,0,0,0,0,0
4559,1993,2,2,0,0,0,0,0,0,2,0
4560,1994,5,5,0,0,0,0,0,0,0,0
4560,1995,4,4,1,0,0,0,0,0,0,0
4560,1997,3,3,1,0,0,0,0,0,2,0
4565,1982,1,1,1,0,0,0,0,0,0,0
4568,1977,1,1,0,0,0,0,0,0,0,0
4574,1980,7,7,3,1,0,0,0,0,0,0
4574,1983,5,5,3,0,0,0,0,0,0,0
4586,1977,5,5,3,0,0,0,0,0,1,0
4602,1991,1,1,1,0,0,0,0,0,0,0
4602,1992,6,6,1,0,0,0,0,0,0,0
4623,1977,2,1,0,0,0,0,1,0,0,0
4623,1978,5,5,0,0,0,0,0,0,1,0
4623,1979,15,14,6,3,0,0,1,0,0,0
4623,1980,1,1,1,1,0,0,0,0,0,0
4623,1981,4,3,0,0,0,0,0,1,0,0
4623,1982,12,12,3,1,0,0,0,0,4,0
4623,1983,4,3,0,0,0,0,1,0,0,0
4623,1985,3,3,0,0,0,0,0,0,0,0
4626,1990,2,1,0,0,0,0,0,0,0,0
4628,1979,3,3,2,1,0,0,0,0,0,0
4628,1981,1,1,0,0,0,0,0,0,0,0
4632,1994,6,6,0,0,0,0,0,0,2,0
4652,1989,2,1,1,0,0,0,0,0,0,0
4652,1992,2,2,1,0,0,0,0,0,0,0
4652,1993,7,6,0,0,0,0,0,0,3,1
4660,1981,2,2,0,0,0,0,0,0,1,0
4664,1989,4,4,1,0,0,0,0,0,0,0
4664,1990,11,11,3,0,0,0,0,0,1,0
4664,1991,10,10,1,0,0,0,0,0,2,0
4664,1992,1,1,0,0,0,0,0,0,0,0
4664,1993,2,2,0,0,0,0,0,0,0,0
4664,1998,2,2,0,0,0,0,0,0,1,0
4673,1977,2,2,1,0,0,0,0,0,0,0
4673,1979,14,14,4,2,0,0,0,0,1,0
4673,1980,1,1,0,0,0,0,0,0,0,0
4673,1981,4,4,1,1,0,0,0,0,0,0
4673,1982,12,11,1,0,0,0,1,0,3,0
4673,1983,11,8,2,0,0,0,2,1,0,0
4673,1985,4,2,1,0,0,0,2,0,0,0
4707,1994,3,3,0,0,0,0,0,0,0,0
4711,1978,4,4,1,0,0,0,0,0,0,0
4711,1979,13,13,5,1,0,0,0,0,1,0
4711,1980,1,1,1,0,0,0,0,0,0,0
4711,1981,4,4,0,0,0,0,0,0,0,0
4711,1982,11,10,2,1,0,0,1,0,1,0
4711,1983,7,5,2,0,0,0,1,0,0,0
4711,1985,7,5,2,1,0,1,2,0,0,0
4713,1987,2,1,1,0,0,0,1,0,0,0
4713,1988,6,6,0,0,0,0,0,0,0,0
4713,1989,8,8,0,0,0,0,0,0,1,0
4713,1991,1,1,0,0,0,0,0,0,0,0
4716,1981,7,7,3,2,0,0,0,0,0,0
4716,1982,3,3,1,0,0,0,0,0,0,0
4716,1984,5,5,1,0,1,0,0,0,0,0
4716,1985,7,7,4,1,0,0,0,0,0,0
4716,1989,1,1,0,0,0,0,0,0,0,0
4723,1998,2,1,0,0,0,0,1,0,0,0
4738,1989,2,2,0,0,0,0,0,0,2,0
4738,1990,6,6,1,0,0,0,0,0,1,0
4738,1991,13,12,4,2,0,0,1,0,3,0
4738,1993,12,11,1,1,0,0,0,0,1,1
4738,1998,2,2,0,0,0,0,0,0,0,0
4741,1981,4,4,0,0,0,0,0,0,1,0
4741,1982,12,10,4,1,0,2,1,0,2,0
4741,1986,3,2,1,0,0,0,1,0,0,0
4741,1987,2,2,1,0,0,1,0,0,0,0
4741,1988,9,8,1,0,0,0,1,0,0,0
4741,1989,8,7,1,0,0,1,1,0,0,0
4741,1990,6,6,1,0,0,0,0,0,2,0
4741,1991,4,4,0,0,0,0,0,0,2,0
4755,1977,1,1,0,0,0,0,0,0,0,0
4758,1986,4,4,2,1,0,0,0,0,0,0
4759,1986,1,1,1,1,0,0,0,0,0,0
4766,1979,4,3,1,0,0,0,1,0,0,0
4766,1981,4,4,0,0,0,0,0,0,1,0
4766,1982,7,7,2,0,0,0,0,0,1,0
4766,1983,2,2,0,0,0,0,0,0,0,0
4766,1984,8,8,1,0,0,0,0,0,1,0
4766,1985,2,2,0,0,0,0,0,0,0,0
4768,1989,1,1,0,0,0,0,0,0,1,0
4768,1990,2,1,0,0,0,0,0,0,0,0
4772,1981,12,9,1,0,0,0,3,0,2,0
4772,1982,4,3,0,0,0,0,1,0,0,0
4777,1986,2,2,1,0,0,0,0,0,0,0
4777,1988,1,1,0,0,0,0,0,0,0,0
4808,1998,2,2,1,0,0,0,0,0,0,0
4811,1994,3,3,0,0,0,0,0,0,1,0
4815,1982,1,1,1,0,0,0,0,0,0,0
4815,1983,6,6,2,0,0,0,0,0,1,0
4815,1984,2,2,1,1,0,0,0,0,0,0
4815,1985,8,7,3,0,0,0,0,1,0,0
4826,1979,5,4,2,0,0,0,1,0,0,0
4826,1981,5,5,3,0,0,0,0,0,0,0
4826,1982,10,8,4,0,0,0,2,0,0,0
4826,1983,10,9,4,1,0,0,1,0,2,0
4826,1984,8,7,2,1,0,0,1,0,0,0
4826,1985,8,6,3,1,0,0,2,0,0,0
4826,1994,3,3,2,1,0,0,0,0,0,0
4826,1995,4,3,1,0,0,1,0,1,1,0
4829,1983,7,7,5,0,0,0,0,0,0,0
4829,1984,6,6,2,0,0,0,0,0,1,0
4832,1998,1,1,0,0,0,0,0,0,0,0
4840,1992,2,2,1,0,0,0,0,0,0,0
4879,1993,2,2,0,0,0,0,0,0,0,0
4879,1998,2,2,0,0,0,0,0,0,1,0
4907,1986,5,5,1,0,0,0,0,0,0,0
4907,1987,13,11,4,1,0,0,2,0,1,0
4907,1988,10,9,2,0,0,0,1,0,1,0
4907,1989,6,5,2,1,0,1,1,0,1,0
4908,1982,4,4,1,1,0,0,0,0,0,0
4908,1983,4,3,1,0,0,0,1,0,0,0
4908,1984,2,2,1,1,0,0,0,0,0,0
4929,1992,1,1,0,0,0,0,0,0,0,0
4941,1996,3,3,1,0,1,0,0,0,1,0
4952,1987,12,10,2,0,0,0,1,0,2,1
4952,1989,11,11,1,0,0,0,0,0,1,0
4952,1990,7,7,2,0,0,0,0,0,0,0
4952,1991,6,4,1,1,0,0,2,0,0,0
4956,1988,3,3,0,0,0,0,0,0,0,0
4956,1989,3,3,1,1,0,0,0,0,1,0
4986,1998,1,1,0,0,0,0,0,0,0,0
4988,1995,3,3,0,0,0,0,0,0,2,0
4988,1996,1,1,1,1,0,0,0,0,0,0
4990,1993,6,5,0,0,0,0,0,1,2,0
5001,1984,2,2,1,0,0,0,0,0,1,0
5001,1985,2,2,0,0,0,0,0,0,0,0
5004,1993,2,2,1,1,0,0,0,0,1,0
5012,1989,4,4,0,0,0,0,0,0,2,0
5014,1985,2,2,0,0,0,0,0,0,0,0
5044,1977,4,4,3,2,0,0,0,0,1,0
5044,1978,13,12,3,0,0,1,0,0,2,1
5044,1979,7,5,2,0,0,1,2,0,0,0
5044,1980,1,1,0,0,0,0,0,0,0,0
5052,1976,6,6,1,0,0,0,0,0,3,0
5052,1977,13,12,4,2,0,0,0,1,3,0
5052,1978,19,15,3,0,0,1,4,0,5,0
5052,1979,13,13,0,0,0,0,0,0,4,0
5052,1981,10,10,2,0,0,0,0,0,1,0
5055,1994,3,3,0,0,0,0,0,0,0,0
5061,1980,3,3,1,0,0,1,0,0,1,0
5071,1980,7,7,1,0,0,0,0,0,0,0
5071,1981,2,2,1,0,0,0,0,0,0,0
5071,1982,10,6,0,0,0,0,1,1,2,1
5071,1983,3,2,0,0,0,0,0,0,0,1
5071,1985,9,8,3,0,0,0,0,1,0,0
5081,1994,6,4,0,0,0,0,1,0,4,1
5081,1997,3,1,0,0,0,0,2,0,0,0
5091,1990,3,3,0,0,0,0,0,0,1,0
5091,1992,7,7,1,1,0,0,0,0,0,0
5091,1993,10,10,3,0,0,1,0,0,2,0
5091,1997,2,1,1,0,1,0,0,0,0,1
5104,1998,1,1,0,0,0,0,0,0,0,0
5154,1976,2,2,0,0,0,0,0,0,0,0
5154,1978,4,4,1,0,0,0,0,0,2,0
5154,1979,10,10,2,0,1,0,0,0,2,0
5157,1995,1,0,0,0,0,0,1,0,0,0
5157,1996,7,4,0,0,0,0,3,0,1,0
5160,1977,2,1,0,0,0,0,0,1,1,0
5162,1982,13,12,4,1,1,0,1,0,4,0
5162,1983,4,4,0,0,0,0,0,0,2,0
5162,1984,1,1,0,0,0,0,0,0,0,0
5174,1985,4,4,0,0,0,0,0,0,0,0
5198,1991,8,6,1,0,0,0,2,0,0,0
5198,1993,7,7,1,0,0,1,0,0,1,0
5202,1985,9,7,0,0,0,0,2,0,0,0
5202,1996,1,1,0,0,0,0,0,0,0,0
5202,1997,1,0,0,0,0,0,1,0,0,0
5202,1998,1,1,0,0,0,0,0,0,0,0
5206,1977,6,5,0,0,0,0,1,0,1,0
5206,1978,8,8,2,0,0,0,0,0,2,0
5206,1979,8,7,2,0,0,0,1,0,2,0
5206,1980,5,4,2,0,0,0,1,0,0,0
5206,1981,6,4,1,0,0,0,1,0,0,1
5206,1982,9,9,1,0,0,0,0,0,2,0
5206,1983,2,2,1,0,1,0,0,0,0,0
5206,1984,3,3,1,0,0,1,0,0,0,0
5216,1982,6,5,0,0,0,0,1,0,1,0
5216,1983,2,2,2,1,0,0,0,0,0,0
5216,1984,5,4,1,1,0,0,1,0,0,0
5216,1985,7,7,5,1,0,1,0,0,0,0
5216,1994,14,14,3,0,0,0,0,0,0,0
5221,1987,2,2,0,0,0,0,0,0,0,0
5224,1998,1,1,1,0,0,0,0,0,0,0
5230,1985,3,2,0,0,0,0,1,0,0,0
5230,1990,1,1,1,1,0,0,0,0,0,0
5230,1992,1,1,0,0,0,0,0,0,1,0
5250,1998,1,1,0,0,0,0,0,0,0,0
5256,1987,2,2,0,0,0,0,0,0,0,0
5265,1985,6,6,4,0,0,1,0,0,0,0
5268,1994,3,3,0,0,0,0,0,0,0,0
5268,1995,13,13,6,0,1,0,0,0,0,0
5268,1996,3,3,1,1,0,0,0,0,0,0
5276,1977,5,4,1,0,0,0,1,0,1,0
5276,1978,3,3,0,0,0,0,0,0,0,0
5276,1979,3,3,0,0,0,0,0,0,0,0
5279,1992,8,7,0,0,0,0,1,0,1,0
5279,1993,6,6,2,1,0,0,0,0,0,0
5280,1992,3,3,0,0,0,0,0,0,1,0
5295,1985,3,3,0,0,0,0,0,0,0,0
5296,1978,3,2,2,0,1,0,1,0,0,0
5296,1979,3,3,0,0,0,0,0,0,0,0
5296,1980,6,4,2,1,0,1,2,0,0,0
5296,1986,1,1,0,0,0,0,0,0,0,0
5309,1998,1,1,0,0,0,0,0,0,0,0
5335,1986,1,0,0,0,0,0,1,0,0,0
5335,1992,6,5,0,0,0,0,1,0,1,0
5335,1993,7,7,3,1,1,1,0,0,1,0
5338,1990,1,1,0,0,0,0,0,0,1,0
5347,1984,3,3,0,0,0,0,0,0,1,0
5347,1985,3,3,1,0,0,0,0,0,1,0
5348,1982,5,5,1,0,0,0,0,0,0,0
5348,1983,5,4,2,0,0,0,1,0,0,0
5348,1984,1,1,0,0,0,0,0,0,0,0
5379,1989,4,2,0,0,0,0,0,0,1,0
5379,1992,2,2,0,0,0,0,0,0,1,0
5380,1988,2,2,1,0,1,0,0,0,0,0
5380,1992,6,6,1,0,0,0,0,0,0,0
5380,1994,3,3,1,0,0,0,0,0,0,0
5380,1998,2,2,1,0,0,0,0,0,0,0
5392,1987,1,1,0,0,0,0,0,0,0,0
5394,1977,6,4,1,0,0,1,1,0,0,1
5394,1978,6,4,1,0,0,0,2,0,0,0
5394,1979,9,7,2,1,0,1,2,0,1,0
5394,1980,4,1,0,0,0,0,3,0,1,0
5394,1981,8,5,1,0,0,1,3,0,3,0
5394,1982,10,5,0,0,0,0,4,0,1,1
5394,1983,4,3,0,0,0,0,1,0,1,0
5394,1984,1,0,0,0,0,0,1,0,0,0
5394,1985,10,9,0,0,0,0,1,0,2,0
5395,1977,2,2,0,0,0,0,0,0,0,0
5395,1978,7,6,2,0,0,0,1,0,1,0
5395,1979,9,8,0,0,0,0,1,0,1,0
5395,1981,6,6,2,1,0,0,0,0,1,0
5395,1982,3,3,1,0,0,0,0,0,0,0
5395,1983,2,2,1,1,0,0,0,0,0,0
5395,1984,1,1,0,0,0,0,0,0,0,0
5405,1984,1,1,0,0,0,0,0,0,0,0
5405,1985,5,5,1,0,0,0,0,0,1,0
5405,1986,2,2,0,0,0,0,0,0,1,0
5414,1994,3,3,1,1,0,0,0,0,0,0
5414,1995,9,9,4,0,0,1,0,0,2,0
5414,1996,4,3,1,0,0,0,1,0,1,0
5414,1998,1,1,0,0,0,0,0,0,0,0
5419,1987,2,2,0,0,0,0,0,0,2,0
5419,1988,9,9,4,2,0,0,0,0,2,0
5419,1989,8,8,0,0,0,0,0,0,1,0
5419,1992,1,0,0,0,0,0,0,1,0,0
5423,1984,5,5,0,0,0,0,0,0,2,0
5423,1987,3,3,0,0,0,0,0,0,0,0
5423,1988,9,8,3,0,1,0,1,0,0,0
5423,1995,3,3,1,0,0,0,0,0,0,0
5453,1990,4,4,0,0,0,0,0,0,0,0
5453,1991,2,2,0,0,0,0,0,0,1,0
5453,1992,3,3,0,0,0,0,0,0,0,0
5453,1994,3,3,1,0,0,1,0,0,1,0
5453,1995,7,7,0,0,0,0,0,0,1,0
5461,1989,11,8,4,1,0,0,3,0,1,0
5461,1990,11,11,4,0,1,0,0,0,1,0
5461,1991,10,8,4,1,0,0,2,0,0,0
5461,1993,3,3,0,0,0,0,0,0,0,0
5461,1998,5,4,2,0,0,0,1,0,0,0
5465,1994,3,2,1,0,0,0,1,0,0,0
5465,1995,6,6,0,0,0,0,0,0,2,0
5467,1987,3,3,1,0,0,0,0,0,0,0
5470,1987,2,2,1,0,0,0,0,0,0,0
5470,1988,6,6,3,0,0,0,0,0,2,0
5470,1989,1,0,0,0,0,0,0,0,0,0
5474,1998,4,4,1,0,0,0,0,0,1,0
5477,1993,1,1,0,0,0,0,0,0,0,0
5491,1996,7,7,3,0,0,1,0,0,1,0
5491,1997,3,2,1,0,0,0,0,1,1,0
5491,1998,1,1,0,0,0,0,0,0,0,0
5523,1976,2,2,0,0,0,0,0,0,0,0
5525,1998,3,3,1,0,0,0,0,0,1,0
5534,1977,2,1,0,0,0,0,1,0,1,0
5534,1979,7,6,2,0,0,2,1,0,1,0
5534,1981,5,4,2,0,0,0,1,0,0,0
5534,1983,1,1,0,0,0,0,0,0,0,0
5534,1984,1,1,0,0,0,0,0,0,0,0
5534,1985,6,6,4,0,0,1,0,0,0,0
5535,1998,3,3,0,0,0,0,0,0,1,0
5553,1984,4,3,2,0,0,1,1,0,0,0
5553,1987,12,12,1,0,0,0,0,0,3,0
5553,1988,17,16,4,1,0,2,1,0,5,0
5553,1989,10,10,6,2,0,0,0,0,1,0
5553,1990,11,10,4,1,0,0,1,0,1,0
5553,1991,7,4,0,0,0,0,2,0,2,1
5553,1992,9,8,0,0,0,0,0,0,1,1
5555,1978,3,2,0,0,0,0,1,0,1,0
5555,1979,3,3,0,0,0,0,0,0,1,0
5571,1987,3,3,0,0,0,0,0,0,1,0
5571,1994,7,6,1,0,0,0,1,0,0,0
5571,1995,11,11,1,0,0,0,0,0,0,0
5571,1998,1,1,0,0,0,0,0,0,0,0
5572,1977,3,3,1,0,0,0,0,0,0,0
5572,1978,8,8,2,1,0,0,0,0,0,0
5572,1980,2,2,0,0,0,0,0,0,1,0
5572,1981,5,5,1,0,0,0,0,0,0,0
5572,1982,7,7,2,2,0,0,0,0,1,0
5594,1982,5,4,2,1,0,0,1,0,0,0
5604,1979,6,6,0,0,0,0,0,0,1,0
5617,1993,1,1,0,0,0,0,0,0,0,0
5617,1998,2,2,0,0,0,0,0,0,2,0
5636,1991,1,1,0,0,0,0,0,0,1,0
5644,1979,1,1,0,0,0,0,0,0,0,0
5644,1981,4,4,2,1,0,0,0,0,0,0
5653,1977,1,1,1,0,0,0,0,0,0,0
5653,1978,13,10,6,0,0,0,3,0,1,0
5653,1979,12,12,4,0,1,0,0,0,1,0
5653,1980,4,4,1,0,0,0,0,0,0,0
5653,1984,5,5,1,1,0,0,0,0,0,0
5653,1985,13,11,2,0,0,1,2,0,2,0
5655,1988,2,2,0,0,0,0,0,0,0,0
5655,1990,3,3,1,0,0,1,0,0,0,0
5663,1987,3,3,1,0,0,0,0,0,0,0
5663,1989,3,3,1,0,0,0,0,0,0,0
5664,1988,4,4,1,0,0,0,0,0,0,0
5664,1990,1,1,1,1,0,0,0,0,0,0
5664,1992,5,5,0,0,0,0,0,0,5,0
5670,1998,2,1,1,0,0,0,1,0,0,0
5671,1998,3,3,2,1,0,0,0,0,0,0
5673,1988,2,2,1,0,0,1,0,0,0,0
5673,1989,3,3,1,0,0,0,0,0,1,0
5673,1991,4,4,1,0,0,0,0,0,0,0
5673,1993,2,2,1,0,0,0,0,0,1,0
5685,1991,6,6,2,0,0,0,0,0,0,0
5685,1992,3,2,1,0,0,0,1,0,1,0
5685,1994,3,3,0,0,0,0,0,0,1,0
5689,1977,4,4,1,0,0,0,0,0,1,0
5695,1994,7,7,0,0,0,0,0,0,0,0
5695,1998,1,1,0,0,0,0,0,0,0,0
5710,1983,3,3,1,0,0,0,0,0,0,0
5710,1989,1,1,0,0,0,0,0,0,0,0
5713,1990,6,6,3,0,0,1,0,0,0,0
5713,1991,7,6,1,1,0,0,1,0,1,0
5713,1992,13,10,3,0,0,1,3,0,1,0
5713,1993,9,7,2,2,0,0,2,0,1,0
5713,1997,6,3,0,0,0,0,3,0,0,0
5736,1994,2,2,0,0,0,0,0,0,2,0
5736,1995,6,6,2,1,0,0,0,0,1,0
5736,1996,3,3,1,0,0,0,0,0,0,0
5736,1997,3,3,1,0,0,1,0,0,1,0
5741,1992,6,6,2,0,0,1,0,0,1,0
5741,1993,9,9,2,0,0,1,0,0,0,0
5741,1998,2,2,1,0,0,0,0,0,0,0
5762,1983,6,6,2,0,0,1,0,0,1,0
5762,1984,5,4,0,0,0,0,1,0,0,0
5762,1985,2,2,0,0,0,0,0,0,1,0
5776,1993,7,7,4,1,0,0,0,0,0,0
5776,1997,3,2,1,0,0,0,1,0,0,0
5787,1998,1,1,0,0,0,0,0,0,1,0
5792,1994,5,5,0,0,0,0,0,0,0,0
5792,1995,3,3,0,0,0,0,0,0,2,0
5792,1998,1,0,0,0,0,0,0,0,0,0
5809,1977,3,3,0,0,0,0,0,0,1,0
5809,1978,12,10,2,0,0,0,2,0,2,0
5809,1979,8,6,1,1,0,0,1,0,0,1
5809,1981,14,11,5,0,0,0,3,0,1,0
5809,1982,12,11,4,0,0,0,1,0,0,0
5809,1983,2,2,1,0,0,0,0,0,1,0
5809,1984,3,3,1,0,0,0,0,0,0,0
5812,1977,4,1,0,0,0,0,1,0,0,0
5814,1998,3,3,1,0,0,0,0,0,0,0
5825,1986,2,2,1,0,0,1,0,0,1,0
5825,1989,8,8,1,0,0,0,0,0,4,0
5825,1990,8,7,0,0,0,0,1,0,1,0
5825,1991,7,7,2,0,0,0,0,0,1,0
5827,1992,3,2,1,0,0,0,1,0,0,0
5827,1993,7,7,3,2,0,1,0,0,0,0
5827,1998,1,1,1,0,0,0,0,0,0,0
5847,1977,2,2,0,0,0,0,0,0,0,0
5847,1978,7,7,1,0,0,0,0,0,0,0
5854,1986,2,2,0,0,0,0,0,0,0,0
5871,1992,1,1,0,0,0,0,0,0,1,0
5891,1984,7,7,3,1,0,0,0,0,0,0
5891,1985,2,2,0,0,0,0,0,0,0,0
5895,1989,3,3,0,0,0,0,0,0,0,0
5895,1991,6,6,2,0,0,0,0,0,0,0
5895,1992,6,6,0,0,0,0,0,0,2,0
5895,1993,7,7,1,1,0,0,0,0,0,0
5899,1990,3,3,1,0,0,0,0,0,1,0
5930,1983,2,1,0,0,0,0,0,0,0,1
5930,1984,5,4,1,0,0,1,1,0,1,0
5930,1985,5,5,1,0,0,0,0,0,1,0
5955,1979,3,3,1,0,1,0,0,0,0,0
5963,1989,4,4,0,0,0,0,0,0,1,0
5967,1986,5,5,0,0,0,0,0,0,0,0
5969,1994,12,10,3,1,1,0,1,1,0,0
5969,1995,13,10,2,1,0,0,1,2,3,0
5969,1997,4,4,1,0,0,0,0,0,0,0
5969,1998,2,1,0,0,0,0,1,0,0,0
5972,1995,7,7,2,0,0,0,0,0,1,0
5991,1993,3,3,0,0,0,0,0,0,1,0
6027,1994,3,1,0,0,0,0,2,0,1,0
6031,1998,2,2,1,0,0,0,0,0,1,0
6058,1983,1,1,0,0,0,0,0,0,0,0
6059,1994,3,3,2,0,0,0,0,0,0,0
6059,1996,1,1,0,0,0,0,0,0,1,0
6076,1986,2,1,1,1,0,0,1,0,0,0
6076,1987,3,2,0,0,0,0,1,0,0,0
6076,1988,7,6,1,0,0,0,1,0,1,0
6076,1989,11,10,1,0,0,0,1,0,1,0
6076,1990,9,9,4,0,0,0,0,0,1,0
6076,1991,15,9,2,1,0,0,6,0,2,0
6076,1992,7,6,3,0,0,1,1,0,1,0
6076,1993,10,8,2,1,0,0,2,0,0,0
6076,1995,6,6,1,0,0,0,0,0,0,0
6077,1989,3,3,0,0,0,0,0,0,2,0
6093,1977,8,7,4,1,0,0,1,0,0,0
6093,1978,10,10,3,0,0,0,0,0,0,0
6093,1979,6,6,0,0,0,0,0,0,1,0
6093,1981,4,3,2,0,0,0,1,0,0,0
6095,1984,6,6,1,0,0,1,0,0,2,0
6103,1977,2,2,0,0,0,0,0,0,0,0
6120,1988,2,2,0,0,0,0,0,0,1,0
6121,1977,2,2,0,0,0,0,0,0,0,0
6121,1978,2,2,2,0,0,0,0,0,0,0
6121,1979,14,13,3,1,0,0,1,0,2,0
6121,1980,2,2,0,0,0,0,0,0,0,0
6132,1983,1,1,1,0,0,0,0,0,0,0
6132,1988,7,7,1,0,0,0,0,0,1,0
6135,1977,1,1,0,0,0,0,0,0,0,0
6141,1987,3,3,0,0,0,0,0,0,1,0
6141,1989,2,2,1,0,0,0,0,0,0,0
6161,1990,1,1,0,0,0,0,0,0,1,0
6161,1998,1,1,0,0,0,0,0,0,0,0
6167,1991,4,3,0,0,0,0,0,0,1,0
6171,1978,13,13,2,0,1,0,0,0,1,0
6171,1979,10,10,4,0,0,2,0,0,3,0
6171,1980,2,2,1,0,0,1,0,0,1,0
6176,1976,2,1,0,0,0,0,1,0,1,0
6189,1991,7,5,2,0,0,0,2,0,1,0
6189,1992,7,7,1,0,0,0,0,0,2,0
6189,1993,3,2,1,0,0,0,1,0,0,0
6189,1998,2,1,0,0,0,0,1,0,0,0
6191,1978,8,8,2,0,0,0,0,0,0,0
6191,1979,11,9,0,0,0,0,1,1,2,0
6191,1981,2,2,1,1,0,0,0,0,0,0
6191,1982,8,8,3,1,0,0,0,0,1,0
6191,1983,3,3,1,0,0,1,0,0,0,0
6191,1984,7,7,4,0,0,2,0,0,0,0
6191,1985,2,1,0,0,0,0,0,0,1,1
6193,1998,1,1,0,0,0,0,0,0,0,0
6202,1987,6,5,2,1,0,0,0,1,1,0
6202,1988,8,8,1,0,0,0,0,0,0,0
6202,1989,3,3,1,0,0,0,0,0,0,0
6202,1990,11,10,3,1,0,0,1,0,1,0
6202,1991,5,4,1,0,1,0,0,1,1,0
6202,1992,4,4,1,0,0,0,0,0,0,0
6202,1993,8,7,1,0,0,0,1,0,0,0
6202,1998,3,3,2,0,0,0,0,0,0,0
6232,1982,2,2,1,0,0,0,0,0,1,0
6232,1984,1,1,0,0,0,0,0,0,0,0
6237,1986,4,4,3,0,0,0,0,0,0,0
6237,1987,11,10,1,0,0,0,1,0,0,0
6237,1988,7,5,1,0,0,0,2,0,0,0
6237,1989,15,15,6,0,0,1,0,0,1,0
6237,1990,9,8,1,0,0,0,1,0,0,0
6237,1991,10,9,3,0,0,0,1,0,2,0
6237,1992,17,13,4,0,0,0,3,0,1,1
6237,1994,4,3,0,0,0,0,0,0,0,1
6237,1995,3,3,0,0,0,0,0,0,1,0
6241,1982,5,5,3,1,0,0,0,0,1,0
6241,1983,4,4,0,0,0,0,0,0,0,0
6241,1984,8,7,1,1,0,0,1,0,1,0
6241,1985,3,2,1,0,0,0,1,0,0,0
6243,1982,3,3,1,1,0,0,0,0,0,0
6243,1983,3,3,1,0,0,0,0,0,1,0
6243,1984,3,2,0,0,0,0,1,0,0,0
6243,1988,13,13,2,0,0,0,0,0,3,0
6243,1989,9,8,2,0,0,0,1,0,2,0
6257,1995,3,3,1,0,0,1,0,0,0,0
6257,1997,3,3,1,0,0,0,0,0,1,0
6269,1981,6,5,0,0,0,0,1,0,1,0
6269,1982,4,4,0,0,0,0,0,0,0,0
6269,1990,5,5,0,0,0,0,0,0,1,0
6275,1988,2,2,1,1,0,0,0,0,1,0
6296,1998,3,3,1,0,1,0,0,0,1,0
6306,1994,3,3,1,0,0,0,0,0,1,0
6312,1998,3,3,1,0,0,0,0,0,0,0
6320,1978,13,12,5,1,0,0,1,0,3,0
6320,1979,4,4,1,0,0,0,0,0,1,0
6320,1981,4,4,0,0,0,0,0,0,1,0
6320,1982,10,9,3,1,0,0,1,0,2,0
6336,1994,9,8,2,1,0,0,1,0,2,0
6336,1995,8,6,2,1,0,0,2,0,0,0
6344,1992,12,10,3,1,0,0,1,0,3,0
6344,1993,8,7,3,0,0,0,1,0,0,0
6345,1977,2,2,0,0,0,0,0,0,0,0
6345,1978,4,4,0,0,0,0,0,0,0,0
6345,1979,3,3,1,0,0,0,0,0,1,0
6345,1980,1,1,1,1,0,0,0,0,0,0
6345,1981,8,8,2,1,0,0,0,0,0,0
6345,1982,4,4,1,1,0,0,0,0,1,0
6345,1983,5,5,2,0,1,1,0,0,0,0
6345,1984,5,5,1,1,0,0,0,0,1,0
6345,1985,6,5,2,0,0,1,1,0,0,0
6359,1987,4,4,1,0,0,1,0,0,0,0
6359,1988,3,3,1,1,0,0,0,0,0,0
6362,1991,1,0,0,0,0,0,0,0,0,1
6376,1993,3,3,1,0,0,0,0,0,2,0
6381,1998,1,1,0,0,0,0,0,0,0,0
6387,1992,3,2,1,0,0,0,1,0,1,0
6387,1993,4,4,2,0,0,1,0,0,0,0
6387,1996,2,2,0,0,0,0,0,0,0,0
6387,1998,3,3,1,0,0,0,0,0,1,0
6394,1996,8,8,1,0,0,0,0,0,0,0
6394,1998,1,1,0,0,0,0,0,0,1,0
6403,1994,3,2,0,0,0,0,1,0,0,0
6403,1997,2,2,1,0,0,0,0,0,0,0
6405,1977,5,4,2,0,0,0,1,0,0,0
6405,1978,12,11,1,1,0,0,1,0,4,0
6405,1979,10,9,0,0,0,0,1,0,0,0
6405,1980,6,6,1,0,0,1,0,0,3,0
6415,1998,3,3,1,0,0,0,0,0,0,0
6422,1989,2,1,0,0,0,0,0,0,0,0
6437,1986,4,4,0,0,0,0,0,0,0,0
6437,1987,3,3,0,0,0,0,0,0,0,0
6438,1987,4,4,2,0,0,0,0,0,0,0
6438,1988,12,11,2,0,0,0,1,0,0,0
6438,1989,12,12,1,0,0,0,0,0,2,0
6438,1990,9,9,2,0,0,0,0,0,1,0
6438,1991,10,9,3,1,0,0,1,0,1,0
6438,1992,17,15,4,0,0,0,1,1,0,0
6438,1994,6,6,2,0,0,0,0,0,1,0
6467,1995,9,9,3,0,0,0,0,0,1,0
6467,1996,4,3,0,0,0,0,0,0,2,0
6469,1985,2,2,1,0,0,0,0,0,0,0
6472,1990,2,1,0,0,0,0,0,0,1,0
6472,1991,1,1,0,0,0,0,0,0,0,0
6472,1992,2,2,0,0,0,0,0,0,0,0
6472,1994,1,1,0,0,0,0,0,0,1,0
6485,1998,1,1,1,0,0,0,0,0,0,0
6503,1995,4,4,1,0,0,0,0,0,0,0
6530,1984,1,1,1,0,0,0,0,0,0,0
6564,1982,7,6,1,0,0,0,1,0,0,0
6564,1983,7,7,1,0,0,0,0,0,2,0
6564,1984,1,1,1,0,0,0,0,0,0,0
6564,1986,3,2,2,1,0,0,1,0,0,0
6577,1998,3,3,2,1,0,0,0,0,0,0
6594,1998,5,5,2,0,0,0,0,0,0,0
6614,1977,5,5,2,1,0,1,0,0,1,0
6614,1978,3,3,0,0,0,0,0,0,0,0
6622,1984,1,1,0,0,0,0,0,0,0,0
6628,1983,2,2,0,0,0,0,0,0,0,0
6655,1998,2,2,0,0,0,0,0,0,1,0
6673,1981,9,8,3,0,0,0,1,0,2,0
6673,1982,12,9,4,1,0,1,2,1,1,0
6673,1983,4,2,1,0,0,1,2,0,0,0
6673,1984,4,3,0,0,0,0,1,0,0,0
6681,1977,13,12,2,0,0,0,1,0,2,0
6681,1978,22,22,6,2,1,0,0,0,0,0
6681,1979,15,14,7,2,0,0,1,0,0,0
6681,1981,16,12,2,0,0,0,4,0,1,0
6681,1982,10,10,3,0,0,1,0,0,1,0
6681,1983,7,7,2,1,0,0,0,0,1,0
6681,1984,1,1,0,0,0,0,0,0,0,0
6681,1990,3,3,0,0,0,0,0,0,1,0
6684,1990,3,2,0,0,0,0,0,1,0,0
6687,1985,9,6,1,0,0,0,3,0,1,0
6699,1994,4,4,0,0,0,0,0,0,0,0
6699,1995,6,5,1,1,0,0,0,1,2,0
6705,1979,4,4,3,1,0,0,0,0,1,0
6720,1980,1,1,0,0,0,0,0,0,1,0
6723,1988,7,6,1,0,0,0,0,1,0,0
6723,1994,3,2,0,0,0,0,1,0,1,0
6733,1976,3,3,0,0,0,0,0,0,0,0
6735,1986,1,1,1,0,0,0,0,0,0,0
6735,1988,2,2,1,0,0,0,0,0,0,0
6735,1989,3,3,0,0,0,0,0,0,0,0
6735,1991,2,2,0,0,0,0,0,0,0,0
6735,1993,3,2,1,0,0,0,0,0,0,0
6742,1989,3,2,2,0,0,0,1,0,0,0
6743,1986,3,2,1,0,0,0,1,0,0,0
6753,1987,4,3,1,0,0,0,1,0,0,0
6753,1988,11,9,3,0,0,0,2,0,1,0
6753,1989,4,4,1,0,0,0,0,0,0,0
6753,1990,9,8,3,2,0,0,1,0,2,0
6753,1991,10,9,4,1,0,1,1,0,1,0
6753,1992,8,8,2,0,0,0,0,0,2,0
6763,1987,3,3,0,0,0,0,0,0,1,0
6763,1990,2,1,0,0,0,0,1,0,1,0
6772,1988,3,3,0,0,0,0,0,0,1,0
6793,1986,6,6,2,1,0,0,0,0,2,0
6793,1987,7,6,0,0,0,0,0,1,1,0
6793,1988,5,5,3,0,0,1,0,0,2,0
6793,1989,6,6,3,0,0,2,0,0,0,0
6804,1977,2,1,0,0,0,0,1,0,0,0
6817,1977,2,1,1,0,0,0,0,0,0,1
6817,1978,7,7,1,0,0,0,0,0,3,0
6825,1977,1,1,0,0,0,0,0,0,1,0
6825,1978,14,13,3,0,0,0,1,0,1,0
6825,1979,13,12,4,0,0,0,1,0,0,0
6825,1980,1,1,0,0,0,0,0,0,1,0
6825,1981,4,4,2,0,0,0,0,0,1,0
6825,1982,12,12,3,0,0,1,0,0,0,0
6825,1983,10,10,1,0,0,0,0,0,1,0
6825,1984,2,1,0,0,0,0,1,0,0,0
6825,1985,1,1,0,0,0,0,0,0,0,0
6832,1995,4,4,2,0,0,0,0,0,1,0
6840,1988,4,4,1,0,0,0,0,0,1,0
6840,1992,5,5,0,0,0,0,0,0,0,0
6840,1993,3,3,0,0,0,0,0,0,0,0
6840,1998,1,1,1,0,0,0,0,0,0,0
6880,1998,1,1,1,0,0,0,0,0,0,0
6892,1988,6,6,5,0,0,2,0,0,1,0
6892,1989,6,6,2,0,0,0,0,0,0,0
6892,1990,3,3,2,0,0,0,0,0,0,0
6897,1993,3,3,1,0,0,0,0,0,1,0
6897,1998,2,2,0,0,0,0,0,0,1,0
6898,1995,3,3,1,0,0,0,0,0,0,0
6898,1996,2,2,1,0,0,0,0,0,1,0
6898,1998,1,1,0,0,0,0,0,0,1,0
6906,1978,9,8,3,1,0,0,0,0,2,1
6906,1979,3,3,3,0,0,0,0,0,0,0
6906,1982,4,4,1,0,0,0,0,0,0,0
6906,1983,2,2,0,0,0,0,0,0,0,0
6909,1987,3,3,2,0,0,0,0,0,0,0
6909,1988,3,3,0,0,0,0,0,0,1,0
6909,1989,1,1,0,0,0,0,0,0,0,0
6909,1990,6,6,0,0,0,0,0,0,1,0
6909,1991,5,5,1,1,0,0,0,0,1,0
6919,1986,3,3,0,0,0,0,0,0,2,0
6919,1987,4,3,2,1,0,0,1,0,0,0
6919,1988,7,7,1,0,0,0,0,0,0,0
6919,1992,3,2,1,0,0,0,0,0,0,1
6919,1993,7,7,1,0,0,0,0,0,0,0
6919,1995,7,7,2,0,0,1,0,0,0,0
6919,1996,4,3,0,0,0,0,1,0,0,0
6919,1997,4,3,2,1,0,0,1,0,0,0
6919,1998,1,1,0,0,0,0,0,0,0,0
6924,1994,5,3,2,1,0,0,1,1,0,0
6924,1996,7,7,2,0,0,1,0,0,1,0
6933,1982,4,4,1,0,0,0,0,0,2,0
6933,1983,3,3,0,0,0,0,0,0,2,0
6956,1986,2,2,0,0,0,0,0,0,2,0
6957,1998,1,1,0,0,0,0,0,0,0,0
6960,1997,2,2,1,1,0,0,0,0,0,0
6970,1988,2,2,0,0,0,0,0,0,1,0
6970,1990,7,7,0,0,0,0,0,0,3,0
6970,1992,2,2,0,0,0,0,0,0,0,0
6970,1993,2,2,0,0,0,0,0,0,0,0
6981,1994,6,6,2,0,0,1,0,0,1,0
6981,1996,10,9,4,0,0,0,1,0,0,0
6981,1997,3,3,1,0,0,0,0,0,0,0
6981,1998,1,1,0,0,0,0,0,0,0,0
6993,1996,3,3,0,0,0,0,0,0,1,0
6996,1978,3,3,2,1,0,0,0,0,1,0
7001,1995,8,8,3,0,0,0,0,0,2,0
7018,1986,1,0,0,0,0,0,0,0,0,0
7018,1987,3,2,1,0,0,0,0,0,1,0
7021,1996,6,6,1,0,1,0,0,0,0,0
7021,1998,5,5,1,0,0,0,0,0,0,0
7046,1983,4,4,1,0,0,0,0,0,0,0
7046,1984,5,5,1,0,0,1,0,0,1,0
7046,1985,8,7,2,0,0,0,0,0,0,1
7046,1994,6,6,2,0,0,0,0,0,0,0
7046,1995,6,5,0,0,0,0,0,0,0,1
7047,1986,5,5,1,0,0,0,0,0,1,0
7047,1987,1,1,0,0,0,0,0,0,0,0
7056,1985,3,3,1,0,0,0,0,0,0,0
7056,1986,2,2,0,0,0,0,0,0,0,0
7074,1977,2,2,0,0,0,0,0,0,1,0
7075,1992,8,8,4,1,0,1,0,0,1,0
7075,1993,11,10,4,1,0,1,1,0,0,0
7075,1995,3,2,0,0,0,0,1,0,0,0
7075,1998,1,1,0,0,0,0,0,0,1,0
7083,1977,2,0,0,0,0,0,0,0,0,1
7083,1978,12,12,5,1,0,0,0,0,2,0
7090,1977,8,6,2,0,0,0,2,0,0,0
7090,1978,7,4,0,0,0,0,3,0,0,0
7090,1979,8,8,2,1,0,0,0,0,0,0
7090,1980,4,3,0,0,0,0,1,0,1,0
7090,1982,3,3,0,0,0,0,0,0,0,0
7095,1994,3,3,1,1,0,0,0,0,1,0
7095,1998,2,2,0,0,0,0,0,0,0,0
7109,1986,2,1,1,0,0,0,1,0,0,0
7121,1983,3,3,1,0,0,0,0,0,0,0
7148,1991,2,2,0,0,0,0,0,0,0,0
7148,1993,1,0,0,0,0,0,1,0,0,0
7198,1985,6,5,0,0,0,0,1,0,1,0
7198,1989,6,5,2,0,1,0,1,0,1,0
7198,1990,4,3,1,0,0,0,1,0,1,0
7198,1994,3,3,2,1,0,0,0,0,0,0
7213,1986,4,4,1,0,0,0,0,0,0,0
7213,1987,12,12,2,1,0,1,0,0,1,0
7213,1988,12,12,2,1,0,0,0,0,0,0
7213,1990,5,5,0,0,0,0,0,0,1,0
7213,1991,6,6,5,1,0,0,0,0,1,0
7213,1992,9,9,3,0,0,0,0,0,2,0
7213,1993,4,4,1,0,0,0,0,0,2,0
7224,1991,11,9,5,1,0,1,2,0,0,0
7224,1992,6,5,0,0,0,0,1,0,2,0
7224,1993,11,9,3,1,0,1,2,0,1,0
7224,1998,1,1,0,0,0,0,0,0,0,0
7237,1995,3,3,0,0,0,0,0,0,3,0
7237,1996,3,2,1,0,0,0,1,0,0,0
7237,1998,2,2,1,0,0,1,0,0,1,0
7238,1981,3,2,0,0,0,0,0,0,0,0
7245,1977,2,1,0,0,0,0,0,1,0,0
7245,1978,7,6,1,0,0,0,1,0,3,0
7245,1981,4,4,2,0,0,0,0,0,1,0
7254,1977,3,2,0,0,0,0,1,0,1,0
7264,1994,9,5,2,0,0,0,4,0,0,0
7264,1995,4,4,1,0,0,0,0,0,1,0
7282,1992,3,3,0,0,0,0,0,0,1,0
7293,1994,7,6,1,0,0,0,0,0,1,0
7293,1998,3,2,1,0,0,0,0,1,1,0
7294,1977,12,9,1,0,0,0,3,0,0,0
7294,1978,4,3,0,0,0,0,1,0,1,0
7294,1979,3,3,0,0,0,0,0,0,0,0
7294,1980,5,5,1,1,0,0,0,0,1,0
7294,1981,3,2,1,0,0,0,1,0,0,0
7294,1982,6,5,3,0,0,0,0,1,0,0
7294,1983,7,6,2,0,0,0,1,0,1,0
7294,1984,1,1,0,0,0,0,0,0,0,0
7296,1986,2,1,1,0,0,0,1,0,0,0
7296,1987,12,12,5,1,1,0,0,0,0,0
7296,1988,17,15,6,0,0,1,2,0,1,0
7296,1989,8,8,2,0,0,0,0,0,1,0
7296,1990,10,10,2,0,0,1,0,0,3,0
7296,1991,6,5,0,0,0,0,1,0,0,0
7298,1983,1,1,0,0,0,0,0,0,0,0
7298,1984,4,4,2,0,0,0,0,0,0,0
7298,1985,7,6,2,1,0,0,1,0,0,0
7304,1988,1,1,0,0,0,0,0,0,0,0
7309,1994,6,4,1,1,0,0,1,0,1,1
7309,1995,8,7,2,0,1,0,0,1,1,0
7309,1997,3,2,0,0,0,0,0,1,1,0
7347,1991,1,1,0,0,0,0,0,0,1,0
7355,1977,5,5,2,2,0,0,0,0,1,0
7359,1986,2,2,0,0,0,0,0,0,0,0
7359,1987,6,6,0,0,0,0,0,0,2,0
7359,1988,2,2,0,0,0,0,0,0,0,0
7369,1979,6,6,1,0,0,0,0,0,0,0
7369,1980,3,3,1,0,1,0,0,0,0,0
7369,1981,2,2,0,0,0,0,0,0,1,0
7384,1995,3,3,1,0,0,0,0,0,1,0
7394,1991,13,12,3,0,0,0,1,0,3,0
7394,1992,17,15,2,0,0,1,2,0,2,0
7394,1993,7,5,3,0,0,0,2,0,0,0
7394,1997,3,2,0,0,0,0,1,0,0,0
7406,1995,4,3,0,0,0,0,1,0,0,0
7427,1977,1,1,0,0,0,0,0,0,0,0
7427,1978,10,10,1,0,0,0,0,0,0,0
7427,1979,10,9,0,0,0,0,0,0,0,1
7427,1980,5,4,2,2,0,0,1,0,1,0
7427,1981,7,7,2,0,0,0,0,0,0,0
7427,1982,9,9,4,1,0,1,0,0,0,0
7446,1994,6,5,1,1,0,0,0,1,2,0
7446,1995,4,4,0,0,0,0,0,0,2,0
7446,1996,3,3,0,0,0,0,0,0,0,0
7451,1977,1,1,0,0,0,0,0,0,1,0
7451,1978,3,2,1,0,0,0,1,0,0,0
7451,1979,8,8,1,0,0,0,0,0,2,0
7451,1980,4,4,2,1,0,0,0,0,0,0
7451,1981,4,4,2,0,0,0,0,0,0,0
7451,1982,11,10,1,0,0,0,1,0,1,0
7480,1992,2,1,1,0,0,0,1,0,0,0
7488,1990,3,3,1,1,0,0,0,0,0,0
7489,1988,1,1,0,0,0,0,0,0,0,0
7504,1976,7,6,2,0,0,0,1,0,1,0
7504,1977,1,1,0,0,0,0,0,0,1,0
7504,1978,9,7,2,0,0,0,1,0,2,1
7504,1979,12,10,4,0,0,0,2,0,1,0
7504,1981,2,2,2,1,0,0,0,0,0,0
7504,1982,12,7,3,0,0,0,5,0,1,0
7504,1983,2,2,0,0,0,0,0,0,1,0
7505,1993,3,3,2,1,0,0,0,0,1,0
7518,1986,6,6,3,1,0,1,0,0,0,0
7518,1987,4,4,1,0,0,0,0,0,0,0
7518,1988,1,1,0,0,0,0,0,0,0,0
7552,1982,4,4,2,0,0,0,0,0,2,0
7552,1983,2,2,2,0,0,0,0,0,0,0
7559,1987,3,3,1,0,0,0,0,0,2,0
7560,1986,1,1,0,0,0,0,0,0,0,0
7560,1987,4,4,2,0,0,1,0,0,0,0
7560,1988,6,5,0,0,0,0,1,0,1,0
7560,1989,4,3,0,0,0,0,1,0,1,0
7560,1990,8,8,3,0,0,2,0,0,1,0
7560,1991,4,4,3,0,0,2,0,0,0,0
7560,1993,6,6,2,1,0,0,0,0,1,0
7560,1997,3,3,0,0,0,0,0,0,0,0
7568,1986,2,1,0,0,0,0,1,0,1,0
7841,1978,8,7,4,1,0,0,1,0,0,0
7841,1980,3,3,1,1,0,0,0,0,0,0
7841,1981,1,0,0,0,0,0,1,0,0,0
7846,1978,15,15,4,0,0,0,0,0,1,0
7846,1979,12,12,3,0,0,1,0,0,1,0
7846,1980,2,2,0,0,0,0,0,0,1,0
7846,1981,8,6,2,0,0,0,2,0,1,0
7846,1982,13,11,3,0,0,0,1,0,3,0
7846,1983,6,5,1,0,0,0,1,0,0,0
7846,1985,4,4,1,0,0,0,0,0,0,0
7846,1994,4,3,0,0,0,0,1,0,1,0
7846,1995,11,10,3,2,0,0,0,1,2,0
7859,1998,4,4,1,0,0,0,0,0,1,0
7861,1977,1,1,0,0,0,0,0,0,0,0
7861,1978,14,12,5,0,0,1,1,1,2,0
7861,1979,7,7,0,0,0,0,0,0,0,0
7861,1980,7,7,2,1,0,1,0,0,1,0
7861,1982,1,1,1,1,0,0,0,0,0,0
7897,1979,4,4,1,1,0,0,0,0,1,0
7914,1977,4,4,1,0,0,0,0,0,1,0
7914,1978,2,2,0,0,0,0,0,0,0,0
7914,1979,6,5,3,1,0,0,1,0,1,0
7914,1980,5,4,0,0,0,0,1,0,0,0
7914,1982,7,7,3,2,0,0,0,0,0,0
7914,1983,4,4,1,0,0,0,0,0,2,0
7923,1983,3,3,1,0,0,1,0,0,1,0
7946,1979,5,5,1,1,0,0,0,0,2,0
7949,1990,3,3,0,0,0,0,0,0,1,0
7949,1991,10,9,0,0,0,0,1,0,1,0
7949,1992,6,6,1,0,0,0,0,0,0,0
7949,1993,4,4,0,0,0,0,0,0,1,0
7949,1998,1,0,0,0,0,0,0,1,0,0
7967,1986,8,8,4,0,0,0,0,0,0,0
7967,1987,4,4,1,1,0,0,0,0,0,0
7967,1988,4,3,1,1,0,0,1,0,0,0
7969,1984,1,1,0,0,0,0,0,0,0,0
7977,1984,4,3,0,0,0,0,1,0,2,0
7980,1991,6,6,0,0,0,0,0,0,0,0
7980,1992,4,3,1,0,0,0,0,0,1,0
7980,1993,4,3,0,0,0,0,0,0,2,0
8003,1990,4,4,3,0,0,0,0,0,0,0
8003,1991,8,8,1,0,0,0,0,0,2,0
8003,1992,4,3,0,0,0,0,1,0,0,0
8003,1993,10,9,2,0,0,0,1,0,0,0
8005,1980,2,2,1,0,0,0,0,0,0,0
8005,1981,3,3,0,0,0,0,0,0,1,0
8005,1982,3,2,0,0,0,0,1,0,0,0
8005,1986,7,6,2,1,0,0,1,0,1,0
8006,1987,1,1,1,1,0,0,0,0,0,0
8006,1989,7,7,3,0,0,0,0,0,0,0
8024,1983,2,2,1,0,0,0,0,0,1,0
8026,1980,5,4,2,0,0,0,1,0,0,0
8026,1982,8,8,1,0,0,0,0,0,2,0
8026,1983,7,6,4,0,0,0,1,0,1,0
8026,1984,6,6,2,0,0,0,0,0,1,0
8026,1985,4,4,1,0,0,0,0,0,1,0
8026,1986,1,1,1,0,0,0,0,0,0,0
8039,1981,3,3,1,0,0,0,0,0,0,0
8039,1984,3,3,0,0,0,0,0,0,2,0
8039,1985,3,3,1,0,0,1,0,0,1,0
8048,1997,3,2,0,0,0,0,0,1,0,0
8051,1986,2,1,0,0,0,0,0,0,0,0
8051,1988,1,1,0,0,0,0,0,0,1,0
8055,1998,2,2,0,0,0,0,0,0,0,0
8061,1989,1,0,0,0,0,0,0,0,0,0
8061,1991,6,6,0,0,0,0,0,0,2,0
8067,1977,5,3,0,0,0,0,2,0,0,0
8067,1978,3,3,1,0,0,0,0,0,0,0
8067,1982,12,10,1,1,0,0,2,0,2,0
8067,1983,5,4,1,0,0,0,1,0,0,0
8067,1984,5,5,1,1,0,0,0,0,0,0
8067,1985,7,7,1,0,0,1,0,0,3,0
8071,1981,4,4,0,0,0,0,0,0,0,0
8071,1982,3,3,1,0,0,0,0,0,0,0
8071,1987,4,4,1,0,0,1,0,0,1,0
8071,1988,1,1,0,0,0,0,0,0,0,0
8085,1994,4,4,0,0,0,0,0,0,2,0
8085,1995,3,3,1,1,0,0,0,0,0,0
8091,1976,3,3,0,0,0,0,0,0,1,0
8091,1977,5,4,3,1,0,0,0,1,0,0
8091,1978,7,7,2,0,0,0,0,0,0,0
8091,1979,4,3,0,0,0,0,1,0,0,0
8096,1979,4,4,1,0,0,1,0,0,1,0
8096,1980,5,5,2,0,0,0,0,0,0,0
8096,1981,4,3,1,0,0,0,0,0,0,1
8096,1982,3,1,0,0,0,0,1,0,0,1
8102,1987,3,3,1,0,0,0,0,0,1,0
8102,1988,9,6,1,0,0,1,3,0,1,0
8102,1989,6,6,2,0,0,0,0,0,0,0
8102,1990,6,5,1,0,0,0,1,0,2,0
8102,1991,15,15,3,0,0,0,0,0,1,0
8103,1979,3,3,0,0,0,0,0,0,0,0
8103,1981,5,4,2,0,1,0,1,0,0,0
8103,1982,10,7,2,0,0,0,2,0,1,0
8103,1983,8,7,2,0,0,1,1,0,1,0
8103,1984,5,5,3,0,0,0,0,0,1,0
8103,1985,2,1,1,0,0,0,1,0,0,0
8103,1989,9,8,3,0,0,2,1,0,2,0
8121,1989,7,7,3,2,0,0,0,0,2,0
8121,1990,11,10,3,0,0,0,1,0,0,0
8121,1991,10,10,2,0,0,0,0,0,0,0
8121,1992,14,13,4,1,0,0,1,0,1,0
8121,1993,7,7,1,1,0,0,0,0,2,0
8126,1976,2,2,0,0,0,0,0,0,0,0
8126,1977,4,4,1,0,0,0,0,0,1,0
8126,1978,4,4,0,0,0,0,0,0,0,0
8126,1979,4,4,1,0,0,0,0,0,0,0
8157,1994,3,3,1,0,0,0,0,0,0,0
8157,1995,7,5,2,1,0,0,0,1,0,1
8157,1996,3,3,0,0,0,0,0,0,0,0
8162,1978,4,4,1,0,0,0,0,0,1,0
8173,1980,3,3,0,0,0,0,0,0,1,0
8173,1981,7,6,1,0,0,0,1,0,0,0
8173,1985,11,10,2,0,0,0,1,0,2,0
8183,1993,3,3,0,0,0,0,0,0,1,0
8207,1994,3,3,0,0,0,0,0,0,1,0
8240,1976,3,2,1,0,0,0,1,0,0,0
8240,1977,5,4,1,0,0,1,1,0,0,0
8240,1978,6,6,1,1,0,0,0,0,0,0
8240,1979,8,6,2,0,0,0,2,0,0,0
8240,1980,1,1,0,0,0,0,0,0,0,0
8240,1981,8,7,0,0,0,0,1,0,2,0
8240,1982,5,5,1,1,0,0,0,0,0,0
8240,1983,4,4,1,0,0,1,0,0,0,0
8254,1998,1,1,0,0,0,0,0,0,0,0
8260,1977,1,1,0,0,0,0,0,0,1,0
8260,1979,7,7,2,1,0,0,0,0,3,0
8265,1994,5,4,2,0,0,0,0,0,0,0
8265,1995,3,2,0,0,0,0,1,0,0,0
8275,1980,1,1,1,0,0,0,0,0,0,0
8275,1983,2,2,1,1,0,0,0,0,0,0
8275,1985,2,2,0,0,0,0,0,0,0,0
8283,1993,2,2,0,0,0,0,0,0,0,0
8301,1996,7,7,2,0,0,0,0,0,1,0
8304,1994,3,3,1,0,0,0,0,0,0,0
8304,1995,6,5,1,0,0,1,1,0,2,0
8304,1996,6,4,1,0,0,0,2,0,0,0
8304,1998,5,5,3,1,0,0,0,0,0,0
8317,1989,4,4,1,0,0,0,0,0,0,0
8318,1983,2,2,0,0,0,0,0,0,0,0
8318,1986,3,3,0,0,0,0,0,0,0,0
8318,1991,4,4,0,0,0,0,0,0,0,0
8318,1993,7,7,1,0,0,0,0,0,0,0
8318,1994,8,8,1,0,0,0,0,0,1,0
8318,1995,6,6,0,0,0,0,0,0,0,0
8318,1996,10,9,3,1,0,0,1,0,1,0
8318,1997,4,3,1,0,0,0,1,0,0,0
8321,1992,1,1,0,0,0,0,0,0,0,0
8322,1987,4,4,1,1,0,0,0,0,2,0
8329,1995,6,6,0,0,0,0,0,0,0,0
8346,1977,1,1,0,0,0,0,0,0,1,0
8347,1977,1,1,1,0,0,1,0,0,0,0
8347,1980,1,1,0,0,0,0,0,0,0,0
8347,1981,9,8,2,0,0,0,1,0,2,0
8353,1979,4,4,0,0,0,0,0,0,1,0
8357,1977,8,6,3,1,0,0,2,0,1,0
8357,1978,10,7,2,0,0,0,3,0,1,0
8357,1979,12,11,2,0,0,0,1,0,2,0
8367,1978,3,3,0,0,0,0,0,0,1,0
8392,1995,3,3,0,0,0,0,0,0,0,0
8406,1987,3,3,0,0,0,0,0,0,0,0
8406,1988,7,7,1,0,0,0,0,0,1,0
8406,1989,4,4,1,1,0,0,0,0,1,0
8406,1990,4,4,1,0,0,0,0,0,0,0
8407,1979,3,2,0,0,0,0,0,0,0,1
8412,1990,3,3,0,0,0,0,0,0,0,0
8412,1991,3,2,1,0,0,0,0,1,0,0
8412,1992,2,2,1,1,0,0,0,0,0,0
8412,1996,5,5,2,1,0,0,0,0,0,0
8412,1997,3,3,0,0,0,0,0,0,0,0
8414,1983,5,5,2,1,0,0,0,0,0,0
8414,1984,6,5,1,0,0,1,1,0,1,0
8414,1985,6,6,0,0,0,0,0,0,1,0
8434,1986,6,6,2,1,0,0,0,0,1,0
8434,1988,3,1,1,0,0,0,2,0,0,0
8434,1989,5,5,1,1,0,0,0,0,0,0
8434,1990,9,9,1,0,0,0,0,0,3,0
8435,1990,4,4,3,0,0,1,0,0,0,0
8435,1992,7,7,2,1,0,0,0,0,1,0
8435,1993,8,6,2,0,0,0,0,0,1,1
8443,1976,2,2,1,0,0,0,0,0,0,0
8443,1977,3,2,2,0,0,1,0,1,0,0
8443,1978,8,7,3,1,0,0,1,0,1,0
8443,1979,6,6,2,1,0,1,0,0,0,0
8443,1980,3,3,0,0,0,0,0,0,0,0
8443,1981,6,5,2,1,0,0,1,0,0,0
8443,1982,9,8,2,0,0,1,1,0,1,0
8443,1983,3,3,1,0,0,0,0,0,0,0
8443,1984,4,4,2,1,0,0,0,0,0,0
8459,1988,5,5,1,0,0,0,0,0,3,0
8467,1994,3,3,2,0,1,1,0,0,1,0
8467,1995,4,4,1,1,0,0,0,0,0,0
8467,1996,6,6,3,0,0,1,0,0,0,0
8467,1998,2,2,0,0,0,0,0,0,1,0
8468,1994,4,4,1,1,0,0,0,0,0,0
8468,1995,10,8,1,0,0,0,2,0,0,0
8468,1996,8,6,0,0,0,0,2,0,1,0
8468,1998,2,2,1,0,0,0,0,0,0,0
8470,1978,5,5,2,0,0,0,0,0,1,0
8470,1979,10,7,1,0,0,0,1,0,0,2
8470,1980,6,6,2,0,0,0,0,0,0,0
8470,1981,4,4,3,1,0,0,0,0,0,0
8470,1985,3,3,0,0,0,0,0,0,0,0
8476,1977,2,1,0,0,0,0,1,0,0,0
8482,1990,9,8,1,0,0,0,1,0,0,0
8482,1992,3,2,1,0,0,0,0,0,0,1
8482,1993,6,4,1,0,0,0,2,0,1,0
8482,1995,9,6,2,1,0,0,2,1,1,0
8499,1990,6,3,0,0,0,0,3,0,3,0
8499,1991,7,7,2,0,0,0,0,0,0,0
8499,1993,6,5,1,0,0,0,1,0,0,0
8509,1990,1,1,0,0,0,0,0,0,0,0
8514,1987,3,3,1,1,0,0,0,0,0,0
8514,1988,7,7,4,0,0,0,0,0,0,0
8514,1989,6,6,4,1,0,2,0,0,0,0
8514,1990,11,10,1,0,0,1,1,0,3,0
8514,1991,8,7,0,0,0,0,1,0,1,0
8514,1992,4,3,0,0,0,0,1,0,0,0
8514,1994,7,7,5,2,0,0,0,0,1,0
8514,1995,7,7,2,1,0,1,0,0,1,0
8514,1996,10,9,5,3,0,0,1,0,1,0
8514,1997,3,2,0,0,0,0,1,0,1,0
8514,1998,1,0,0,0,0,0,1,0,0,0
8518,1986,4,4,2,0,0,0,0,0,1,0
8518,1988,11,10,3,0,0,0,1,0,1,0
8518,1989,10,10,5,0,1,0,0,0,0,0
8518,1990,4,4,2,0,0,0,0,0,0,0
8518,1991,5,2,0,0,0,0,3,0,0,0
8518,1993,3,3,1,0,0,0,0,0,0,0
8520,1998,1,1,0,0,0,0,0,0,0,0
8522,1998,3,3,1,0,0,0,0,0,0,0
8524,1998,2,1,0,0,0,0,0,1,0,0
8534,1986,8,7,1,0,0,0,1,0,0,0
8534,1993,7,7,3,0,1,0,0,0,0,0
8536,1977,1,1,0,0,0,0,0,0,0,0
8536,1979,3,2,1,0,0,0,1,0,0,0
8536,1981,4,4,0,0,0,0,0,0,1,0
8536,1983,7,5,1,0,0,0,2,0,1,0
8536,1984,7,7,0,0,0,0,0,0,1,0
8536,1985,6,6,2,2,0,0,0,0,0,0
8547,1988,1,1,0,0,0,0,0,0,0,0
8548,1990,3,3,1,0,0,0,0,0,0,0
8567,1998,1,1,1,1,0,0,0,0,0,0
8586,1977,9,8,1,0,0,0,1,0,3,0
8586,1978,1,1,0,0,0,0,0,0,1,0
8586,1979,10,10,2,0,0,0,0,0,3,0
8586,1980,7,6,1,0,0,0,0,1,0,0
8586,1981,3,3,1,0,0,1,0,0,0,0
8586,1982,5,5,2,1,0,0,0,0,1,0
8586,1983,7,7,1,0,0,0,0,0,2,0
8591,1981,10,8,0,0,0,0,2,0,2,0
8607,1998,1,1,0,0,0,0,0,0,0,0
8616,1984,6,6,2,0,0,0,0,0,1,0
8616,1985,5,4,0,0,0,0,1,0,0,0
8616,1994,4,3,1,0,0,0,1,0,0,0
8632,1978,3,3,0,0,0,0,0,0,2,0
8632,1980,4,3,1,1,0,0,0,0,0,1
8632,1981,11,10,4,0,0,1,0,1,0,0
8632,1982,4,4,1,0,0,0,0,0,0,0
8632,1983,1,1,0,0,0,0,0,0,0,0
8632,1984,2,1,1,0,0,0,0,1,0,0
8646,1981,1,1,1,0,0,1,0,0,0,0
8646,1982,1,1,0,0,0,0,0,0,0,0
8647,1977,4,3,0,0,0,0,1,0,2,0
8647,1978,8,6,1,0,0,0,2,0,2,0
8647,1979,8,7,0,0,0,0,1,0,1,0
8647,1982,3,3,0,0,0,0,0,0,1,0
8651,1984,2,2,1,0,0,1,0,0,0,0
8651,1985,6,6,2,0,0,0,0,0,1,0
8651,1989,7,7,2,0,0,1,0,0,3,0
8651,1990,7,7,0,0,0,0,0,0,1,0
8651,1995,2,2,0,0,0,0,0,0,0,0
8653,1988,3,3,0,0,0,0,0,0,0,0
8653,1990,2,2,1,0,0,0,0,0,0,0
8653,1991,4,4,1,1,0,0,0,0,0,0
8653,1992,5,4,1,1,0,0,1,0,0,0
8653,1998,1,1,0,0,0,0,0,0,0,0
8660,1987,1,1,0,0,0,0,0,0,1,0
8668,1995,2,2,0,0,0,0,0,0,0,0
8674,1988,11,11,2,0,0,0,0,0,0,0
8674,1994,9,9,1,0,0,1,0,0,3,0
8674,1995,6,6,1,0,0,0,0,0,0,0
8674,1997,6,6,2,0,0,0,0,0,1,0
8678,1988,2,2,0,0,0,0,0,0,1,0
8686,1991,1,1,1,0,0,0,0,0,0,0
8696,1998,1,1,1,0,0,0,0,0,0,0
8706,1986,6,6,2,0,0,0,0,0,0,0
8706,1987,6,6,0,0,0,0,0,0,3,0
8707,1994,3,2,1,1,0,0,0,1,0,0
8714,1990,1,1,1,0,0,0,0,0,0,0
8727,1979,7,7,0,0,0,0,0,0,2,0
8727,1980,2,1,0,0,0,0,0,1,1,0
8727,1981,9,8,0,0,0,0,1,0,2,0
8727,1983,4,4,3,0,0,0,0,0,1,0
8727,1984,8,8,2,0,0,0,0,0,2,0
8727,1985,7,4,0,0,0,0,1,1,0,1
8727,1988,7,6,0,0,0,0,1,0,1,0
8728,1982,9,9,4,0,0,0,0,0,0,0
8728,1983,4,3,1,0,0,0,1,0,1,0
8728,1984,7,7,1,0,0,1,0,0,2,0
8728,1986,1,1,1,0,0,0,0,0,0,0
8734,1981,1,1,0,0,0,0,0,0,0,0
8749,1977,8,8,2,0,0,0,0,0,1,0
8749,1978,2,2,0,0,0,0,0,0,0,0
8749,1979,4,4,1,1,0,0,0,0,1,0
8749,1981,2,2,1,0,0,0,0,0,1,0
8769,1981,3,3,0,0,0,0,0,0,0,0
8784,1998,2,1,0,0,0,0,0,0,1,0
8808,1992,3,3,0,0,0,0,0,0,0,0
8811,1987,6,6,2,0,0,0,0,0,0,0
8811,1988,4,4,2,0,0,0,0,0,0,0
8830,1986,2,2,0,0,0,0,0,0,1,0
8850,1986,9,9,2,0,0,0,0,0,0,0
8850,1987,9,7,2,0,0,0,2,0,0,0
8850,1988,11,11,1,0,0,0,0,0,2,0
8850,1989,10,9,2,0,0,0,1,0,1,0
8857,1986,4,4,0,0,0,0,0,0,0,0
8857,1987,12,11,3,0,0,0,1,0,2,0
8857,1988,13,13,1,0,0,0,0,0,2,0
8857,1989,10,9,1,0,1,0,1,0,1,0
8857,1990,4,4,4,1,0,0,0,0,0,0
8857,1991,4,3,1,0,1,0,1,0,0,0
8857,1992,9,9,2,0,0,0,0,0,2,0
8857,1993,10,10,2,0,0,0,0,0,3,0
8882,1982,3,2,1,0,0,0,0,0,1,0
8882,1984,7,7,3,0,0,0,0,0,0,0
8882,1985,10,10,6,0,1,0,0,0,0,0
8897,1998,1,1,0,0,0,0,0,0,1,0
8916,1977,4,4,0,0,0,0,0,0,2,0
8917,1998,3,3,1,0,0,0,0,0,1,0
8926,1980,7,7,2,1,0,0,0,0,1,0
8926,1981,2,2,1,0,0,1,0,0,0,0
8928,1996,6,6,1,0,0,0,0,0,0,0
8935,1983,7,6,0,0,0,0,0,0,2,1
8946,1987,3,3,0,0,0,0,0,0,0,0
8946,1988,7,7,3,2,0,0,0,0,0,0
8946,1989,3,3,2,1,0,0,0,0,0,0
8946,1991,4,3,0,0,0,0,1,0,0,0
8946,1993,1,1,1,0,0,1,0,0,0,0
8958,1991,1,0,0,0,0,0,0,0,0,0
8975,1979,3,2,0,0,0,0,1,0,0,0
8975,1980,3,2,1,1,0,0,1,0,0,0
8975,1981,4,2,0,0,0,0,2,0,1,0
8975,1983,4,4,1,0,0,0,0,0,0,0
8987,1985,5,5,1,0,0,0,0,0,0,0
8994,1984,2,0,0,0,0,0,2,0,0,0
8994,1985,4,4,0,0,0,0,0,0,1,0
9007,1983,4,4,1,0,0,0,0,0,1,0
9007,1984,6,6,2,1,0,1,0,0,2,0
9007,1985,4,4,2,0,0,1,0,0,1,0
9027,1983,5,4,1,0,0,0,1,0,0,0
9027,1984,6,5,0,0,0,0,1,0,2,0
9027,1994,4,3,0,0,0,0,1,0,2,0
9027,1995,4,4,2,0,0,0,0,0,0,0
9027,1996,5,5,0,0,0,0,0,0,2,0
9027,1997,2,0,0,0,0,0,1,0,0,0
9027,1998,2,2,2,1,0,0,0,0,0,0
9036,1993,6,6,1,0,0,0,0,0,1,0
9036,1998,6,6,3,1,0,0,0,0,3,0
9037,1977,4,4,2,0,0,0,0,0,1,0
9037,1979,3,3,0,0,0,0,0,0,1,0
9037,1984,2,2,1,0,0,0,0,0,1,0
9072,1977,3,3,1,0,0,0,0,0,1,0
9097,1993,6,6,2,0,0,0,0,0,2,0
9097,1996,3,2,0,0,0,0,1,0,0,0
9106,1978,3,2,0,0,0,0,1,0,1,0
9120,1998,1,1,1,0,0,0,0,0,0,0
9128,1994,7,7,2,0,1,0,0,0,0,0
9132,1985,2,2,0,0,0,0,0,0,0,0
9142,1977,8,6,3,0,1,0,2,0,0,0
9142,1978,3,3,2,0,0,0,0,0,0,0
9142,1979,5,5,2,0,0,0,0,0,1,0
9150,1977,8,6,3,0,0,1,1,0,0,1
9150,1978,3,2,2,0,0,0,1,0,0,0
9150,1979,15,11,1,0,0,0,2,0,1,2
9150,1980,4,3,1,0,0,0,1,0,0,0
9152,1990,2,2,0,0,0,0,0,0,1,0
9152,1992,1,0,0,0,0,0,0,0,0,0
9175,1978,6,6,0,0,0,0,0,0,1,0
9175,1979,13,13,7,0,0,0,0,0,1,0
9175,1980,2,1,0,0,0,0,1,0,0,0
9175,1981,7,7,1,0,0,0,0,0,1,0
9175,1982,11,10,4,1,1,0,1,0,1,0
9175,1983,3,3,1,0,0,0,0,0,0,0
9182,1987,2,2,1,0,0,1,0,0,0,0
9195,1984,5,5,1,1,0,0,0,0,2,0
9195,1985,8,7,3,1,0,0,0,0,0,1
9195,1990,5,5,1,0,0,0,0,0,0,0
9195,1991,1,1,0,0,0,0,0,0,1,0
9202,1996,5,4,0,0,0,0,1,0,2,0
9213,1988,3,3,1,0,0,0,0,0,0,0
9222,1977,4,3,0,0,0,0,1,0,1,0
9222,1978,1,1,0,0,0,0,0,0,0,0
9223,1978,7,7,2,0,0,0,0,0,0,0
9223,1979,3,3,2,0,0,0,0,0,0,0
9223,1981,3,3,0,0,0,0,0,0,0,0
9223,1984,4,3,1,0,0,0,0,1,0,0
9225,1984,3,3,1,0,0,0,0,0,0,0
9225,1985,7,7,3,0,0,0,0,0,0,0
9225,1994,16,15,5,2,0,0,0,1,1,0
9225,1995,11,10,2,0,0,0,0,1,0,0
9229,1992,1,1,0,0,0,0,0,0,0,0
9229,1993,2,2,0,0,0,0,0,0,0,0
9230,1989,10,8,2,1,0,0,2,0,0,0
9230,1990,1,1,1,1,0,0,0,0,0,0
9249,1979,12,12,2,0,0,0,0,0,0,0
9249,1980,5,5,3,0,0,1,0,0,0,0
9249,1981,3,3,0,0,0,0,0,0,0,0
9249,1983,6,6,2,0,0,0,0,0,1,0
9270,1989,3,3,1,1,0,0,0,0,0,0
9270,1990,1,1,0,0,0,0,0,0,0,0
9281,1977,8,7,3,1,0,0,1,0,0,0
9281,1979,4,4,1,0,0,0,0,0,2,0
9281,1980,3,3,0,0,0,0,0,0,0,0
9292,1977,6,6,0,0,0,0,0,0,4,0
9306,1994,9,9,2,1,0,0,0,0,0,0
9306,1995,7,6,2,0,0,0,1,0,0,0
9306,1996,2,1,0,0,0,0,1,0,0,0
9306,1997,4,4,1,0,0,1,0,0,0,0
9306,1998,1,1,1,1,0,0,0,0,0,0
9338,1997,6,5,2,0,0,0,0,0,0,1
9344,1979,2,2,0,0,0,0,0,0,0,0
9345,1988,5,5,1,0,0,0,0,0,1,0
9345,1989,11,10,3,0,0,0,1,0,0,0
9345,1990,6,6,2,0,0,0,0,0,0,0
9345,1991,1,1,0,0,0,0,0,0,0,0
9345,1992,5,5,2,0,0,0,0,0,0,0
9357,1983,1,1,0,0,0,0,0,0,0,0
9357,1985,2,2,0,0,0,0,0,0,0,0
9357,1990,3,3,0,0,0,0,0,0,0,0
9375,1977,2,2,1,0,0,0,0,0,0,0
9375,1978,3,3,0,0,0,0,0,0,0,0
9378,1981,1,1,0,0,0,0,0,0,0,0
9378,1982,3,3,0,0,0,0,0,0,0,0
9381,1976,3,3,1,0,0,0,0,0,0,0
9381,1977,6,6,1,1,0,0,0,0,0,0
9381,1978,7,6,1,0,1,0,1,0,1,0
9381,1979,11,9,3,2,0,0,1,0,0,1
9381,1981,9,6,1,0,0,0,2,0,0,0
9381,1982,7,6,0,0,0,0,1,0,0,0
9381,1983,1,1,0,0,0,0,0,0,0,0
9381,1985,4,3,1,0,0,0,0,1,0,0
9381,1989,8,8,2,0,0,0,0,0,0,0
9381,1990,4,4,1,1,0,0,0,0,0,0
9381,1992,9,7,4,2,0,0,2,0,2,0
9392,1990,1,1,0,0,0,0,0,0,1,0
9412,1988,1,1,0,0,0,0,0,0,0,0
9415,1986,10,9,1,0,0,0,0,0,1,1
9415,1987,10,9,3,1,0,0,1,0,0,0
9426,1988,7,6,1,0,0,0,0,0,2,1
9426,1989,8,7,1,0,0,0,0,1,2,0
9434,1994,7,7,1,1,0,0,0,0,0,0
9434,1997,2,2,1,0,0,0,0,0,0,0
9441,1998,1,1,0,0,0,0,0,0,1,0
9447,1989,8,6,2,1,0,0,2,0,2,0
9447,1990,1,1,0,0,0,0,0,0,0,0
9447,1991,3,3,0,0,0,0,0,0,0,0
9458,1984,1,1,0,0,0,0,0,0,0,0
9458,1989,9,7,2,0,0,0,2,0,1,0
9458,1991,7,6,2,0,0,1,1,0,1,0
9458,1992,1,1,0,0,0,0,0,0,0,0
9458,1993,1,0,0,0,0,0,1,0,0,0
9460,1993,5,3,0,0,0,0,0,1,0,0
9460,1994,7,7,4,0,0,1,0,0,0,0
9470,1998,2,2,0,0,0,0,0,0,0,0
9494,1998,3,3,1,0,0,0,0,0,0,0
9498,1977,9,8,1,0,1,0,0,0,2,0
9498,1978,19,17,2,0,0,0,1,0,1,0
9498,1979,10,9,2,0,0,0,1,0,0,0
9498,1982,10,9,2,0,0,0,1,0,1,0
9498,1983,8,8,2,0,0,0,0,0,0,0
9507,1998,1,1,0,0,0,0,0,0,0,0
9508,1993,1,1,0,0,0,0,0,0,0,0
9521,1978,8,8,4,0,0,0,0,0,0,0
9521,1979,4,4,0,0,0,0,0,0,0,0
9521,1981,7,7,3,2,0,0,0,0,0,0
9521,1982,4,4,0,0,0,0,0,0,3,0
9544,1978,14,13,2,0,0,1,1,0,2,0
9544,1986,2,2,0,0,0,0,0,0,1,0
9544,1987,4,3,1,0,0,0,1,0,1,0
9544,1988,2,2,1,0,0,0,0,0,0,0
9547,1994,4,4,1,0,0,0,0,0,0,0
9552,1986,5,5,0,0,0,0,0,0,0,0
9552,1987,12,11,2,0,0,0,0,0,3,1
9552,1988,7,6,1,1,0,0,0,0,1,1
9552,1989,3,3,1,0,1,0,0,0,1,0
9552,1990,2,1,0,0,0,0,1,0,1,0
9561,1986,4,3,1,0,0,0,0,0,0,0
9570,1976,6,6,2,0,1,0,0,0,1,0
9570,1977,15,14,5,3,1,1,1,0,2,0
9570,1978,24,21,7,0,1,1,3,0,2,0
9570,1979,15,14,7,0,1,0,0,0,1,1
9570,1980,7,6,2,0,0,1,1,0,0,0
9570,1981,2,2,0,0,0,0,0,0,0,0
9570,1982,13,11,3,0,0,1,1,1,1,0
9570,1983,7,7,3,0,0,1,0,0,1,0
9570,1984,3,2,2,1,0,1,0,0,0,1
9570,1985,3,2,1,0,0,1,1,0,0,0
9589,1982,11,11,2,0,0,0,0,0,1,0
9589,1983,2,2,0,0,0,0,0,0,0,0
9614,1991,2,2,1,0,0,0,0,0,0,0
9614,1993,3,3,0,0,0,0,0,0,2,0
9616,1985,4,4,0,0,0,0,0,0,0,0
9616,1988,4,4,3,0,0,0,0,0,0,0
9616,1989,7,7,1,0,0,0,0,0,2,0
9631,1994,9,8,1,0,0,0,1,0,1,0
9631,1995,6,4,2,1,0,0,1,1,0,0
9631,1997,6,3,0,0,0,0,3,0,0,0
9647,1993,6,5,0,0,0,0,0,0,3,0
9658,1977,2,1,0,0,0,0,1,0,0,0
9658,1978,7,7,1,0,0,0,0,0,0,0
9658,1979,8,8,2,0,0,0,0,0,1,0
9658,1980,5,5,1,1,0,0,0,0,0,0
9658,1981,4,4,1,0,0,0,0,0,0,0
9658,1983,2,2,1,0,0,0,0,0,0,0
9658,1984,2,2,2,0,0,1,0,0,0,0
9680,1983,2,1,0,0,0,0,1,0,0,0
9682,1986,2,2,2,0,0,0,0,0,0,0
9682,1989,8,7,3,0,0,0,0,0,2,1
9682,1990,8,8,4,2,0,0,0,0,0,0
9682,1991,11,11,5,0,0,0,0,0,3,0
9682,1992,4,4,1,0,0,0,0,0,0,0
9682,1993,8,8,2,1,0,0,0,0,0,0
9693,1979,1,1,1,0,0,0,0,0,0,0
9704,1978,7,7,2,0,0,0,0,0,0,0
9704,1979,4,4,0,0,0,0,0,0,0,0
9704,1982,2,2,0,0,0,0,0,0,0,0
9717,1985,4,2,1,1,0,0,2,0,1,0
9719,1978,4,4,1,0,0,0,0,0,0,0
9725,1991,4,4,0,0,0,0,0,0,2,0
9734,1987,1,1,0,0,0,0,0,0,0,0
9735,1992,2,2,1,0,0,0,0,0,1,0
9738,1987,2,1,1,0,0,0,0,0,0,0
9763,1996,4,4,1,1,0,0,0,0,0,0
9765,1978,4,4,1,0,0,0,0,0,0,0
9765,1979,4,4,0,0,0,0,0,0,0,0
9765,1982,7,7,0,0,0,0,0,0,1,0
9767,1994,3,3,0,0,0,0,0,0,1,0
9767,1995,1,1,0,0,0,0,0,0,0,0
9787,1992,3,3,0,0,0,0,0,0,1,0
9787,1993,1,1,1,1,0,0,0,0,0,0
9787,1998,1,1,0,0,0,0,0,0,0,0
9790,1994,3,3,1,1,0,0,0,0,0,0
9790,1995,5,5,1,0,0,0,0,0,0,0
9831,1986,3,2,0,0,0,0,1,0,0,0
9831,1987,1,1,0,0,0,0,0,0,0,0
9849,1990,3,3,0,0,0,0,0,0,0,0
9849,1991,1,1,0,0,0,0,0,0,1,0
9863,1998,5,4,1,0,0,0,1,0,2,0
9884,1977,6,6,4,0,0,0,0,0,1,0
9884,1982,2,2,0,0,0,0,0,0,0,0
9884,1984,1,1,1,0,0,0,0,0,0,0
9884,1985,4,4,2,0,0,0,0,0,0,0
9916,1989,3,3,2,0,0,0,0,0,1,0
9919,1993,2,2,1,0,0,0,0,0,1,0
9946,1979,6,4,2,1,0,0,2,0,1,0
9951,1986,3,3,0,0,0,0,0,0,0,0
9987,1988,1,1,0,0,0,0,0,0,0,0
9998,1977,3,3,0,0,0,0,0,0,1,0
9998,1978,12,10,3,0,0,0,1,1,0,0
9998,1979,13,12,0,0,0,0,1,0,0,0
10004,1988,1,1,0,0,0,0,0,0,0,0
10004,1990,1,1,0,0,0,0,0,0,1,0
10004,1993,2,2,0,0,0,0,0,0,1,0
10021,1988,1,1,0,0,0,0,0,0,0,0
10039,1986,3,3,1,0,0,0,0,0,2,0
10039,1988,2,1,1,0,0,1,0,1,0,0
10039,1989,3,3,2,1,0,0,0,0,1,0
10048,1985,1,0,0,0,0,0,1,0,0,0
10048,1989,1,1,1,0,0,0,0,0,0,0
10070,1998,2,2,0,0,0,0,0,0,1,0
10073,1988,8,8,1,1,0,0,0,0,1,0
10073,1989,3,2,1,1,0,0,1,0,0,0
10073,1990,11,11,2,0,0,0,0,0,2,0
10073,1991,8,8,2,0,0,1,0,0,0,0
10073,1993,9,8,3,1,0,1,1,0,3,0
10073,1994,5,5,0,0,0,0,0,0,1,0
10098,1977,4,4,1,0,0,1,0,0,0,0
10098,1978,3,3,1,0,0,0,0,0,0,0
10106,1989,4,3,0,0,0,0,1,0,2,0
10106,1990,3,3,2,0,0,0,0,0,0,0
10106,1991,2,2,0,0,0,0,0,0,1,0
10106,1992,4,4,0,0,0,0,0,0,2,0
10107,1985,4,4,1,0,0,0,0,0,0,0
10115,1994,4,3,1,0,0,0,0,1,0,0
10115,1995,3,2,0,0,0,0,1,0,1,0
10115,1996,2,2,1,0,0,1,0,0,0,0
10123,1979,8,4,1,0,0,0,4,0,1,0
10123,1982,9,8,3,0,0,2,1,0,0,0
10123,1983,6,6,1,0,0,0,0,0,1,0
10123,1984,7,7,1,0,0,0,0,0,0,0
10129,1986,3,2,1,0,0,0,0,0,0,0
10129,1987,3,3,2,0,1,1,0,0,0,0
10129,1988,9,9,1,1,0,0,0,0,2,0
10129,1989,15,12,3,0,0,1,1,2,2,0
10129,1990,7,6,1,0,0,0,1,0,2,0
10129,1991,10,9,1,0,0,0,0,0,1,0
10129,1993,4,3,0,0,0,0,1,0,1,0
10129,1994,3,3,1,0,0,1,0,0,0,0
10161,1991,2,2,0,0,0,0,0,0,1,0
10161,1992,7,7,0,0,0,0,0,0,1,0
10161,1993,6,5,1,1,0,0,1,0,0,0
10161,1998,1,1,1,0,0,0,0,0,0,0
10171,1992,15,15,2,0,0,0,0,0,4,0
10171,1993,4,4,1,1,0,0,0,0,1,0
10184,1986,5,5,1,0,0,0,0,0,1,0
10184,1988,16,16,7,1,1,1,0,0,1,0
10184,1989,14,14,5,1,0,2,0,0,1,0
10184,1990,11,11,4,0,0,1,0,0,0,0
10184,1991,7,7,2,0,1,0,0,0,1,0
10184,1992,10,9,3,1,0,0,1,0,0,0
10184,1993,11,9,3,0,0,0,1,0,1,1
10185,1992,4,4,1,1,0,0,0,0,3,0
10185,1993,9,8,2,0,0,1,1,0,4,0
10185,1998,3,2,1,0,0,0,1,0,0,0
10187,1989,4,3,0,0,0,0,1,0,1,0
10193,1977,6,6,1,0,0,0,0,0,0,0
10203,1987,3,3,1,0,0,0,0,0,0,0
10203,1988,7,7,2,2,0,0,0,0,0,0
10203,1989,7,7,4,2,0,0,0,0,1,0
10203,1990,7,6,1,0,0,0,1,0,1,0
10203,1991,11,11,2,0,0,0,0,0,1,0
10203,1992,6,6,0,0,0,0,0,0,1,0
10203,1993,3,3,1,0,0,0,0,0,1,0
10211,1998,3,3,1,0,0,0,0,0,0,0
10223,1986,3,3,0,0,0,0,0,0,0,0
10223,1987,9,9,2,0,0,0,0,0,2,0
10238,1988,7,6,1,1,0,0,1,0,0,0
10238,1989,6,6,1,0,0,0,0,0,1,0
10238,1990,3,3,2,1,0,0,0,0,0,0
10238,1991,6,6,2,0,0,0,0,0,0,0
10238,1992,3,3,0,0,0,0,0,0,1,0
10247,1993,4,2,0,0,0,0,2,0,1,0
10262,1986,3,3,1,0,0,0,0,0,0,0
10262,1988,11,11,1,0,0,0,0,0,3,0
10271,1993,3,3,2,1,0,0,0,0,1,0
10293,1988,4,4,1,0,0,0,0,0,0,0
10294,1998,1,1,0,0,0,0,0,0,0,0
10316,1986,3,3,0,0,0,0,0,0,1,0
10316,1987,2,2,0,0,0,0,0,0,1,0
10316,1988,6,6,0,0,0,0,0,0,3,0
10324,1985,8,8,2,1,0,0,0,0,0,0
10324,1992,10,7,1,0,0,0,1,1,0,0
10324,1994,3,2,1,0,0,0,1,0,1,0
10330,1992,1,1,0,0,0,0,0,0,0,0
10334,1984,3,3,0,0,0,0,0,0,1,0
10371,1986,2,2,1,0,0,0,0,0,0,0
10371,1988,10,10,1,0,0,0,0,0,0,0
10371,1989,6,5,1,0,0,0,1,0,0,0
10371,1990,11,7,1,0,0,1,3,0,2,1
10371,1991,6,6,0,0,0,0,0,0,1,0
10371,1992,6,5,1,0,0,0,1,0,0,0
10372,1983,6,6,2,0,0,0,0,0,2,0
10372,1985,1,1,0,0,0,0,0,0,0,0
10375,1985,5,5,1,0,0,0,0,0,0,0
10379,1992,3,3,0,0,0,0,0,0,1,0
10380,1977,14,12,2,0,0,1,1,1,1,0
10380,1978,13,10,2,0,1,1,2,0,4,0
10380,1979,7,7,2,2,0,0,0,0,0,0
10381,1977,6,6,1,0,0,0,0,0,2,0
10383,1986,2,2,1,0,0,0,0,0,1,0
10383,1989,2,2,0,0,0,0,0,0,1,0
10386,1977,3,1,1,0,0,0,1,0,0,0
10393,1976,2,2,1,0,0,0,0,0,1,0
10424,1998,2,2,0,0,0,0,0,0,0,0
10437,1995,14,14,2,1,0,0,0,0,4,0
10437,1996,8,8,2,0,0,0,0,0,0,0
10437,1997,3,3,1,0,0,0,0,0,0,0
10450,1992,3,2,0,0,0,0,0,0,1,0
10499,1990,3,3,0,0,0,0,0,0,0,0
10499,1992,6,6,3,1,0,0,0,0,0,0
10511,1993,3,3,1,0,0,0,0,0,1,0
10520,1992,7,4,2,0,0,0,2,0,0,1
10520,1993,11,11,3,1,1,1,0,0,1,0
10520,1998,1,1,0,0,0,0,0,0,0,0
10524,1977,5,4,1,1,0,0,0,0,0,0
10526,1988,6,6,1,0,0,0,0,0,1,0
10526,1989,3,3,1,0,0,0,0,0,0,0
10535,1993,4,3,1,0,0,0,1,0,0,0
10541,1983,4,3,1,0,0,1,1,0,0,0
10541,1984,7,7,3,0,0,0,0,0,1,0
10541,1985,3,3,1,0,0,0,0,0,0,0
10541,1989,2,2,0,0,0,0,0,0,1,0
10573,1987,3,2,1,0,0,0,0,0,1,0
10573,1990,1,1,0,0,0,0,0,0,1,0
10591,1994,3,3,1,0,0,0,0,0,0,0
10591,1995,3,1,0,0,0,0,2,0,0,0
10591,1996,11,9,3,0,0,1,2,0,0,0
10605,1991,3,2,0,0,0,0,1,0,0,0
10606,1985,7,6,4,1,0,1,1,0,0,0
10608,1981,7,7,1,0,0,0,0,0,1,0
10608,1982,9,9,2,1,0,1,0,0,1,0
10608,1983,5,5,2,2,0,0,0,0,1,0
10608,1984,3,3,0,0,0,0,0,0,0,0
10608,1985,2,2,0,0,0,0,0,0,0,0
10618,1979,7,7,2,1,0,0,0,0,1,0
10618,1980,5,5,1,0,0,0,0,0,1,0
10618,1981,8,7,0,0,0,0,1,0,1,0
10618,1982,3,3,0,0,0,0,0,0,1,0
10618,1983,1,1,0,0,0,0,0,0,0,0
10629,1996,7,7,0,0,0,0,0,0,2,0
10648,1979,5,5,1,0,0,0,0,0,0,0
10655,1984,3,3,1,0,0,0,0,0,1,0
10662,1982,1,1,1,0,0,0,0,0,0,0
10671,1982,3,3,1,0,0,0,0,0,1,0
10671,1984,7,7,4,1,1,0,0,0,0,0
10671,1986,1,1,1,0,0,0,0,0,0,0
10671,1990,4,3,1,1,0,0,0,1,0,0
10671,1991,3,2,1,0,0,0,1,0,0,0
10671,1993,7,7,1,0,0,1,0,0,0,0
10671,1996,1,1,1,0,0,0,0,0,0,0
10686,1977,3,3,1,1,0,0,0,0,1,0
10686,1978,7,7,1,1,0,0,0,0,0,0
10686,1979,12,10,1,0,0,0,2,0,5,0
10686,1980,2,2,1,0,0,1,0,0,0,0
10686,1981,7,6,1,0,0,0,1,0,2,0
10686,1982,5,4,3,0,0,1,1,0,1,0
10686,1983,3,3,2,0,0,0,0,0,0,0
10686,1984,2,1,0,0,0,0,0,0,0,1
10686,1985,2,1,1,0,0,0,1,0,0,0
10689,1989,1,1,0,0,0,0,0,0,0,0
10689,1990,2,2,0,0,0,0,0,0,1,0
10689,1991,6,6,1,0,0,0,0,0,0,0
10692,1991,2,2,0,0,0,0,0,0,0,0
10717,1989,10,10,5,0,0,0,0,0,3,0
10717,1990,8,8,1,0,0,1,0,0,1,0
10717,1991,5,5,2,0,0,0,0,0,0,0
10717,1992,4,4,0,0,0,0,0,0,3,0
10717,1993,11,10,1,0,0,0,1,0,2,0
10717,1994,7,7,1,0,0,0,0,0,2,0
10747,1985,4,4,0,0,0,0,0,0,1,0
10747,1989,6,6,3,0,0,1,0,0,0,0
10747,1990,3,3,1,0,0,0,0,0,1,0
10747,1991,4,4,0,0,0,0,0,0,1,0
10747,1992,5,4,0,0,0,0,1,0,1,0
10747,1994,1,1,0,0,0,0,0,0,1,0
10751,1998,1,1,0,0,0,0,0,0,0,0
10758,1986,4,3,1,0,0,0,1,0,1,0
10758,1987,13,11,7,0,0,0,2,0,1,0
10758,1988,11,9,0,0,0,0,2,0,0,0
10758,1989,10,9,4,0,0,0,1,0,0,0
10758,1990,4,2,0,0,0,0,1,0,0,1
10758,1991,7,7,1,0,0,0,0,0,0,0
10758,1993,1,1,0,0,0,0,0,0,0,0
10764,1998,1,1,1,0,0,0,0,0,0,0
10779,1992,1,1,1,0,0,0,0,0,0,0
10782,1990,2,2,0,0,0,0,0,0,1,0
10782,1991,4,4,0,0,0,0,0,0,4,0
10782,1993,2,1,0,0,0,0,1,0,1,0
10801,1997,1,0,0,0,0,0,1,0,0,0
10802,1995,3,3,1,0,0,0,0,0,2,0
10802,1996,2,2,2,0,0,1,0,0,0,0
10802,1998,1,1,1,0,0,0,0,0,0,0
10806,1992,3,3,0,0,0,0,0,0,0,0
10806,1993,6,6,1,0,0,0,0,0,1,0
10817,1977,1,1,1,1,0,0,0,0,0,0
10817,1978,7,6,1,0,0,1,1,0,0,0
10817,1979,3,3,0,0,0,0,0,0,0,0
10817,1980,4,4,1,0,0,1,0,0,2,0
10822,1980,2,2,1,0,0,0,0,0,0,0
10822,1981,4,4,0,0,0,0,0,0,1,0
10825,1994,4,4,1,0,0,0,0,0,0,0
10825,1996,5,5,1,0,0,0,0,0,0,0
10830,1977,5,3,0,0,0,0,2,0,1,0
10830,1978,1,1,0,0,0,0,0,0,0,0
10851,1996,6,4,0,0,0,0,2,0,1,0
10859,1992,6,4,2,0,0,0,1,1,1,0
10859,1993,11,10,4,0,0,1,0,1,3,0
10859,1998,2,2,0,0,0,0,0,0,0,0
10888,1986,4,4,0,0,0,0,0,0,1,0
10888,1987,3,2,1,0,0,0,0,1,0,0
10888,1988,1,1,1,0,0,0,0,0,0,0
10897,1977,1,1,0,0,0,0,0,0,0,0
10897,1978,3,3,1,0,0,0,0,0,0,0
10897,1979,8,7,1,0,0,1,1,0,1,0
10897,1980,4,4,1,1,0,0,0,0,2,0
10897,1981,5,5,1,0,0,0,0,0,1,0
10897,1982,1,1,0,0,0,0,0,0,0,0
10904,1994,7,7,2,0,0,0,0,0,1,0
10908,1977,1,1,0,0,0,0,0,0,1,0
10910,1986,1,1,0,0,0,0,0,0,0,0
10918,1994,4,4,0,0,0,0,0,0,0,0
10918,1995,10,10,4,0,0,0,0,0,1,0
10918,1996,8,8,2,1,0,0,0,0,1,0
10918,1997,3,2,0,0,0,0,1,0,0,0
10934,1978,4,3,2,0,0,0,1,0,0,0
10934,1979,3,3,2,1,0,0,0,0,0,0
10934,1980,1,1,0,0,0,0,0,0,0,0
10934,1981,4,4,2,0,0,0,0,0,0,0
10934,1982,9,8,5,1,0,0,1,0,1,0
10934,1984,5,5,1,0,0,0,0,0,0,0
10938,1977,1,1,1,0,1,0,0,0,0,0
10938,1978,1,0,0,0,0,0,1,0,0,0
10940,1995,8,8,1,0,0,0,0,0,1,0
10948,1998,1,1,1,1,0,0,0,0,0,0
10955,1976,3,3,1,0,0,0,0,0,2,0
10955,1977,1,1,0,0,0,0,0,0,0,0
10955,1980,4,4,0,0,0,0,0,0,0,0
10955,1981,3,3,1,1,0,0,0,0,0,0
10955,1982,7,5,0,0,0,0,2,0,1,0
10960,1977,1,1,1,0,0,0,0,0,0,0
10960,1978,10,10,1,0,0,0,0,0,5,0
10962,1994,3,1,0,0,0,0,2,0,0,0
10962,1995,6,5,1,0,0,0,0,1,1,0
10962,1996,6,5,2,0,0,1,0,1,0,0
10965,1976,3,3,0,0,0,0,0,0,1,0
10970,1980,7,7,2,0,0,0,0,0,1,0
10970,1981,3,3,1,0,0,0,0,0,0,0
10970,1982,11,10,2,0,0,0,1,0,0,0
10970,1983,4,3,0,0,0,0,1,0,0,0
10970,1985,3,3,1,1,0,0,0,0,0,0
10983,1976,2,2,2,0,0,0,0,0,0,0
10983,1977,3,3,0,0,0,0,0,0,0,0
10983,1978,12,11,2,0,0,0,1,0,0,0
10983,1979,5,3,3,0,1,1,2,0,0,0
10983,1980,2,2,0,0,0,0,0,0,0,0
10998,1977,1,1,0,0,0,0,0,0,1,0
10998,1978,6,6,1,0,0,0,0,0,0,0
10998,1979,3,3,0,0,0,0,0,0,1,0
10998,1981,1,1,1,1,0,0,0,0,0,0
10998,1982,1,1,1,0,0,0,0,0,0,0
11002,1995,7,6,2,0,0,0,0,0,0,0
11002,1996,3,3,1,0,0,1,0,0,0,0
11002,1997,3,3,0,0,0,0,0,0,0,0
11008,1985,7,6,3,0,0,1,1,0,0,0
11018,1989,4,4,1,0,0,0,0,0,0,0
11018,1990,7,7,1,1,0,0,0,0,2,0
11054,1986,5,3,1,0,0,0,2,0,1,0
11054,1987,6,6,1,0,0,0,0,0,0,0
11054,1992,6,4,0,0,0,0,2,0,1,0
11054,1993,4,4,0,0,0,0,0,0,1,0
11058,1977,1,1,0,0,0,0,0,0,1,0
11058,1978,8,7,3,2,0,0,1,0,0,0
11058,1979,10,9,2,0,0,0,0,0,0,0
11060,1998,1,1,1,0,0,0,0,0,0,0
11064,1993,5,3,1,0,0,0,1,1,0,0
11100,1986,5,5,2,0,0,0,0,0,1,0
11100,1987,12,11,2,2,0,0,1,0,1,0
11100,1988,17,12,4,0,0,1,5,0,2,0
11100,1989,6,6,1,0,0,0,0,0,2,0
11100,1990,11,10,4,0,0,1,1,0,1,0
11100,1991,10,10,1,0,0,0,0,0,1,0
11100,1993,3,3,0,0,0,0,0,0,1,0
11100,1995,6,5,1,0,0,0,1,0,1,0
11101,1994,3,3,0,0,0,0,0,0,2,0
11101,1998,2,2,2,0,0,0,0,0,0,0
11129,1982,7,7,2,0,0,1,0,0,0,0
11134,1986,2,2,1,1,0,0,0,0,1,0
11134,1988,6,6,1,0,0,1,0,0,1,0
11134,1990,6,6,1,0,0,0,0,0,3,0
11134,1995,3,2,1,1,0,0,1,0,0,0
11145,1998,1,1,0,0,0,0,0,0,0,0
11167,1998,1,1,0,0,0,0,0,0,1,0
11170,1979,7,5,1,1,0,0,2,0,0,0
11170,1980,3,2,0,0,0,0,1,0,1,0
11170,1981,12,12,2,0,0,0,0,0,6,0
11171,1977,2,2,0,0,0,0,0,0,1,0
11171,1978,5,5,2,1,1,0,0,0,0,0
11171,1979,11,9,3,2,0,0,1,0,0,0
11171,1980,4,4,2,0,0,0,0,0,0,0
11171,1981,3,2,0,0,0,0,1,0,0,0
11171,1982,14,13,2,0,0,0,1,0,1,0
11171,1983,4,3,3,1,0,0,1,0,0,0
11171,1984,2,0,0,0,0,0,2,0,0,0
11171,1985,6,6,3,0,0,0,0,0,1,0
11173,1994,3,3,1,0,0,0,0,0,0,0
11173,1995,12,12,4,1,0,0,0,0,0,0
11173,1997,6,6,3,0,1,1,0,0,0,0
11178,1988,3,3,1,1,0,0,0,0,0,0
11178,1991,1,1,0,0,0,0,0,0,0,0
11195,1992,4,4,0,0,0,0,0,0,0,0
11210,1998,1,1,0,0,0,0,0,0,0,0
11213,1982,1,1,0,0,0,0,0,0,0,0
11213,1983,6,6,2,0,0,0,0,0,0,0
11215,1993,3,2,1,0,0,0,0,0,0,0
11232,1977,2,2,1,1,0,0,0,0,0,0
11233,1983,4,4,2,0,0,0,0,0,1,0
11233,1984,1,0,0,0,0,0,1,0,0,0
11233,1985,7,7,2,0,0,0,0,0,0,0
11233,1986,2,2,1,1,0,0,0,0,0,0
11235,1994,3,3,0,0,0,0,0,0,2,0
11249,1993,2,1,0,0,0,0,0,0,1,0
11256,1998,1,1,0,0,0,0,0,0,0,0
11260,1997,2,2,0,0,0,0,0,0,0,0
11263,1994,6,5,2,0,0,1,1,0,1,0
11263,1996,3,3,0,0,0,0,0,0,1,0
11274,1998,1,1,0,0,0,0,0,0,0,0
11281,1992,8,8,2,1,0,0,0,0,4,0
11281,1993,3,3,0,0,0,0,0,0,1,0
11281,1998,2,2,1,0,0,0,0,0,0,0
11305,1987,1,1,0,0,0,0,0,0,0,0
11346,1986,2,2,0,0,0,0,0,0,0,0
11346,1987,3,3,0,0,0,0,0,0,1,0
11346,1988,5,5,0,0,0,0,0,0,1,0
11346,1989,8,8,1,0,0,0,0,0,3,0
11346,1990,3,3,1,0,0,0,0,0,2,0
11346,1991,4,4,0,0,0,0,0,0,0,0
11360,1977,2,2,0,0,0,0,0,0,2,0
11360,1979,1,1,0,0,0,0,0,0,0,0
11368,1994,4,2,0,0,0,0,2,0,0,0
11368,1995,5,5,0,0,0,0,0,0,0,0
11369,1984,3,3,0,0,0,0,0,0,0,0
11369,1985,4,4,1,0,0,0,0,0,0,0
11369,1987,6,5,3,1,0,0,1,0,0,0
11369,1988,10,10,2,0,0,0,0,0,1,0
11369,1990,4,3,0,0,0,0,1,0,1,0
11369,1991,6,5,1,0,0,0,1,0,0,0
11371,1992,2,1,0,0,0,0,1,0,0,0
11394,1988,9,9,3,1,0,0,0,0,0,0
11394,1989,3,3,1,0,0,0,0,0,0,0
11416,1994,9,8,2,0,0,1,1,0,1,0
11416,1995,10,7,3,1,0,1,3,0,1,0
11416,1996,4,2,1,0,0,1,2,0,0,0
11416,1997,4,4,2,0,0,0,0,0,0,0
11418,1978,13,11,1,1,0,0,1,0,2,0
11418,1979,4,4,1,0,0,1,0,0,0,0
11418,1980,6,6,4,1,0,1,0,0,0,0
11418,1981,6,5,0,0,0,0,0,0,1,1
11418,1982,10,10,2,0,0,1,0,0,3,0
11418,1983,4,3,1,1,0,0,1,0,1,0
11418,1985,5,4,1,0,0,1,1,0,1,0
11419,1978,2,1,0,0,0,0,1,0,0,0
11422,1977,3,1,1,0,0,0,2,0,0,0
11422,1978,12,10,4,0,0,1,2,0,1,0
11422,1979,7,7,1,0,0,0,0,0,0,0
11423,1997,6,3,1,0,0,0,3,0,1,0
11434,1986,3,3,1,0,0,0,0,0,2,0
11434,1987,3,3,2,2,0,0,0,0,0,0
11434,1988,7,6,0,0,0,0,0,0,0,0
11434,1989,10,10,1,0,0,0,0,0,1,0
11434,1990,2,1,0,0,0,0,1,0,0,0
11434,1991,6,6,0,0,0,0,0,0,3,0
11434,1992,4,4,0,0,0,0,0,0,2,0
11434,1993,2,1,0,0,0,0,1,0,0,0
11442,1986,6,6,1,1,0,0,0,0,2,0
11442,1987,7,6,4,1,0,0,0,1,0,0
11442,1988,3,3,1,0,0,0,0,0,1,0
11442,1989,10,8,1,0,0,0,1,1,1,0
11442,1990,10,9,3,0,0,1,0,1,1,0
11442,1991,5,5,1,1,0,0,0,0,2,0
11442,1992,6,5,3,0,0,0,0,1,0,0
11442,1993,3,3,0,0,0,0,0,0,0,0
11443,1993,3,3,0,0,0,0,0,0,0,0
11455,1988,5,5,1,0,0,0,0,0,0,0
11455,1989,8,8,3,1,0,0,0,0,1,0
11455,1990,8,7,1,0,0,0,1,0,1,0
11455,1991,14,14,5,0,0,1,0,0,0,0
11456,1977,7,6,1,0,0,0,1,0,1,0
11456,1978,8,7,3,0,0,1,1,0,1,0
11456,1979,6,6,2,0,0,1,0,0,1,0
11456,1982,12,11,1,1,0,0,1,0,2,0
11456,1983,10,8,4,1,0,0,2,0,1,0
11456,1984,1,1,1,0,0,0,0,0,0,0
11456,1985,4,4,0,0,0,0,0,0,2,0
11456,1986,2,2,0,0,0,0,0,0,0,0
11458,1985,3,3,1,0,0,0,0,0,2,0
11495,1994,1,1,1,0,0,0,0,0,0,0
11495,1995,5,5,2,0,0,0,0,0,2,0
11517,1983,3,3,1,0,0,0,0,0,1,0
11517,1984,1,1,0,0,0,0,0,0,0,0
11517,1985,3,3,2,0,2,0,0,0,0,0
11549,1977,2,2,1,0,0,0,0,0,0,0
11557,1980,2,2,0,0,0,0,0,0,0,0
11565,1976,3,3,0,0,0,0,0,0,0,0
11580,1978,10,7,1,0,0,0,2,0,1,1
11580,1979,7,6,1,0,0,0,1,0,1,0
11580,1980,3,3,1,0,0,0,0,0,1,0
11580,1981,15,14,5,2,0,0,1,0,1,0
11580,1982,3,3,0,0,0,0,0,0,0,0
11580,1983,2,2,1,0,0,0,0,0,0,0
11580,1984,9,9,4,0,0,0,0,0,0,0
11580,1985,6,5,2,0,0,0,0,0,0,1
11580,1996,3,3,1,0,0,0,0,0,0,0
11587,1990,1,1,1,1,0,0,0,0,0,0
11588,1988,3,3,1,0,0,0,0,0,1,0
11588,1989,6,5,2,0,0,0,1,0,0,0
11588,1990,7,7,3,0,0,0,0,0,1,0
11588,1991,7,6,2,0,0,0,1,0,1,0
11588,1992,5,5,1,0,0,0,0,0,0,0
11594,1989,1,1,0,0,0,0,0,0,1,0
11599,1983,5,5,1,0,0,0,0,0,1,0
11599,1987,1,1,1,0,0,0,0,0,0,0
11599,1988,1,1,0,0,0,0,0,0,0,0
11610,1986,2,2,0,0,0,0,0,0,0,0
11610,1987,1,1,0,0,0,0,0,0,0,0
11625,1995,3,3,1,1,0,0,0,0,2,0
11629,1988,2,2,0,0,0,0,0,0,1,0
11641,1994,3,3,2,0,0,0,0,0,0,0
11645,1982,1,1,0,0,0,0,0,0,0,0
11648,1988,1,0,0,0,0,0,1,0,0,0
11658,1977,2,1,0,0,0,0,1,0,0,0
11680,1978,4,4,0,0,0,0,0,0,1,0
11680,1980,1,1,0,0,0,0,0,0,0,0
11680,1982,12,12,2,0,0,0,0,0,1,0
11680,1983,8,7,4,0,0,0,1,0,2,0
11680,1984,7,6,1,0,0,1,1,0,0,0
11680,1985,7,7,2,0,0,0,0,0,1,0
11692,1986,6,6,1,0,0,0,0,0,1,0
11692,1987,6,6,1,0,0,0,0,0,2,0
11692,1988,6,5,1,0,1,0,1,0,0,0
11692,1989,6,6,0,0,0,0,0,0,1,0
11692,1990,5,5,3,0,0,0,0,0,2,0
11692,1991,3,3,1,0,0,0,0,0,2,0
11692,1992,5,5,2,1,0,0,0,0,2,0
11730,1983,2,2,0,0,0,0,0,0,0,0
11736,1994,7,7,1,1,0,0,0,0,1,0
11736,1995,8,8,3,0,0,1,0,0,1,0
11736,1996,8,8,4,2,0,0,0,0,0,0
11736,1998,2,2,1,0,0,0,0,0,0,0
11737,1994,5,5,2,0,0,1,0,0,0,0
11737,1995,8,8,1,0,0,1,0,0,2,0
11737,1996,7,6,2,1,0,0,1,0,2,0
11737,1998,2,2,0,0,0,0,0,0,0,0
11765,1986,4,4,0,0,0,0,0,0,2,0
11765,1987,13,12,3,2,0,0,1,0,3,0
11765,1988,9,8,2,1,0,0,1,0,5,0
11765,1989,13,13,3,0,0,0,0,0,1,0
11765,1990,10,9,3,3,0,0,1,0,1,0
11765,1991,11,10,5,2,0,0,1,0,1,0
11765,1992,19,17,3,0,0,0,2,0,3,0
11765,1993,4,4,2,0,0,1,0,0,1,0
11781,1988,4,4,0,0,0,0,0,0,1,0
11781,1989,1,1,0,0,0,0,0,0,0,0
11781,1990,1,1,1,0,0,0,0,0,0,0
11781,1991,12,11,3,1,0,0,1,0,0,0
11781,1992,4,4,0,0,0,0,0,0,0,0
11781,1993,4,3,1,0,0,0,1,0,1,0
11796,1994,6,5,2,2,0,0,1,0,0,0
11796,1995,9,9,2,0,0,0,0,0,2,0
11796,1996,7,7,4,0,0,1,0,0,0,0
11796,1998,1,1,0,0,0,0,0,0,0,0
11798,1994,6,6,0,0,0,0,0,0,1,0
11798,1995,8,6,2,1,0,0,2,0,2,0
11798,1996,7,6,4,2,0,1,0,0,1,1
11798,1998,3,3,2,0,0,0,0,0,0,0
11808,1982,1,1,1,0,0,0,0,0,0,0
11812,1993,3,3,1,0,0,0,0,0,0,0
11817,1994,3,3,1,0,0,0,0,0,0,0
11817,1995,3,3,0,0,0,0,0,0,1,0
11817,1996,2,1,0,0,0,0,1,0,0,0
11820,1977,1,1,0,0,0,0,0,0,0,0
11820,1979,3,3,0,0,0,0,0,0,1,0
11828,1994,8,7,3,0,0,0,1,0,0,0
11828,1995,9,8,3,0,0,1,1,0,0,0
11828,1996,4,2,0,0,0,0,2,0,0,0
11832,1998,1,1,0,0,0,0,0,0,0,0
11846,1977,2,2,1,0,0,0,0,0,0,0
11846,1978,2,2,1,0,0,0,0,0,0,0
11846,1979,11,11,5,0,0,0,0,0,1,0
11854,1998,4,4,1,0,0,0,0,0,1,0
11869,1991,3,2,0,0,0,0,1,0,0,0
11869,1993,2,2,0,0,0,0,0,0,0,0
11877,1996,6,6,3,0,0,0,0,0,0,0
11877,1998,7,7,3,0,0,0,0,0,0,0
11884,1990,3,2,0,0,0,0,0,0,1,0
11887,1987,2,2,0,0,0,0,0,0,1,0
11887,1988,7,7,3,1,0,0,0,0,1,0
11894,1991,3,3,0,0,0,0,0,0,1,0
11894,1992,11,11,2,1,0,0,0,0,4,0
11894,1993,10,9,3,0,0,0,1,0,1,0
11894,1998,1,1,0,0,0,0,0,0,0,0
11896,1997,5,4,0,0,0,0,1,0,0,0
11901,1994,4,4,0,0,0,0,0,0,1,0
11915,1983,8,8,2,1,0,0,0,0,1,0
11915,1985,7,6,2,0,0,0,1,0,1,0
11933,1976,2,2,0,0,0,0,0,0,0,0
11933,1982,3,3,1,0,0,0,0,0,0,0
11936,1998,1,1,0,0,0,0,0,0,0,0
11949,1992,2,1,0,0,0,0,1,0,0,0
11949,1993,3,2,0,0,0,0,0,0,0,0
11950,1994,9,9,2,0,0,0,0,0,1,0
11950,1995,10,10,1,0,0,0,0,0,2,0
11960,1988,5,4,0,0,0,0,0,1,0,0
11960,1989,5,5,0,0,0,0,0,0,2,0
11960,1990,2,1,0,0,0,0,0,0,0,0
11960,1992,1,1,0,0,0,0,0,0,1,0
11960,1993,2,2,0,0,0,0,0,0,2,0
11961,1980,5,5,0,0,0,0,0,0,0,0
11961,1986,2,2,1,0,0,0,0,0,0,0
11961,1991,7,7,4,0,0,0,0,0,0,0
11961,1992,7,7,3,0,0,1,0,0,1,0
11961,1993,1,1,0,0,0,0,0,0,1,0
11963,1985,2,2,2,0,0,1,0,0,0,0
11963,1988,1,1,0,0,0,0,0,0,0,0
11964,1983,3,3,1,0,0,0,0,0,1,0
11964,1984,7,7,1,0,0,0,0,0,2,0
11964,1985,7,5,2,0,0,0,2,0,0,0
11971,1998,2,2,2,0,0,1,0,0,0,0
11980,1997,3,3,0,0,0,0,0,0,0,0
11986,1986,3,2,0,0,0,0,1,0,0,0
11986,1987,6,5,1,0,1,0,1,0,0,0
11986,1988,3,3,0,0,0,0,0,0,0,0
11986,1989,1,1,0,0,0,0,0,0,1,0
11986,1990,3,3,0,0,0,0,0,0,0,0
11999,1993,9,9,1,0,0,1,0,0,1,0
12012,1993,3,3,0,0,0,0,0,0,0,0
12016,1989,10,10,3,2,0,1,0,0,1,0
12016,1991,1,1,1,0,0,0,0,0,0,0
12021,1980,3,3,1,0,0,0,0,0,0,0
12035,1981,3,2,2,0,0,1,1,0,0,0
12035,1982,3,3,2,0,0,1,0,0,0,0
12035,1983,2,2,0,0,0,0,0,0,1,0
12035,1984,7,6,2,1,0,1,1,0,0,0
12035,1985,5,5,1,0,0,0,0,0,0,0
12035,1986,1,1,1,0,0,0,0,0,0,0
12038,1991,4,4,1,0,0,0,0,0,1,0
12040,1994,4,4,1,0,0,0,0,0,0,0
12040,1995,3,3,1,0,0,1,0,0,0,0
12040,1998,2,2,1,0,0,1,0,0,0,0
12054,1977,3,3,2,0,0,0,0,0,0,0
12054,1978,4,4,1,0,0,0,0,0,0,0
12054,1979,4,4,1,0,0,0,0,0,1,0
12054,1980,2,1,0,0,0,0,1,0,0,0
12059,1982,8,8,2,0,1,0,0,0,2,0
12059,1983,1,1,0,0,0,0,0,0,1,0
12059,1984,3,3,1,0,0,0,0,0,0,0
12062,1978,1,1,0,0,0,0,0,0,1,0
12062,1979,8,8,1,0,0,0,0,0,1,0
12062,1980,9,8,3,0,0,0,1,0,1,0
12062,1981,3,1,0,0,0,0,2,0,1,0
12062,1982,6,5,0,0,0,0,1,0,0,0
12062,1983,7,6,1,1,0,0,1,0,1,0
12062,1984,3,3,0,0,0,0,0,0,0,0
12062,1986,2,2,0,0,0,0,0,0,0,0
12071,1977,1,1,0,0,0,0,0,0,0,0
12071,1980,10,8,0,0,0,0,2,0,1,0
12071,1981,3,3,1,0,0,0,0,0,0,0
12071,1982,3,2,0,0,0,0,1,0,1,0
12071,1983,6,5,2,1,0,0,1,0,0,0
12075,1998,1,1,0,0,0,0,0,0,0,0
12081,1979,3,3,2,1,0,0,0,0,0,0
12112,1997,5,5,2,0,0,0,0,0,1,0
12113,1988,7,7,3,0,1,0,0,0,1,0
12113,1989,4,4,0,0,0,0,0,0,1,0
12123,1992,2,1,0,0,0,0,1,0,0,0
12131,1993,6,6,1,0,0,0,0,0,1,0
12143,1998,1,1,0,0,0,0,0,0,0,0
12144,1982,2,2,1,0,0,0,0,0,1,0
12179,1989,1,1,0,0,0,0,0,0,0,0
12202,1994,4,4,1,0,0,0,0,0,1,0
12202,1995,11,10,0,0,0,0,1,0,2,0
12202,1998,2,2,1,0,0,0,0,0,0,0
12203,1993,6,6,2,0,0,0,0,0,0,0
12206,1988,4,4,1,0,0,0,0,0,2,0
12206,1989,1,1,0,0,0,0,0,0,1,0
12207,1976,6,5,1,1,0,0,1,0,1,0
12207,1977,4,3,0,0,0,0,1,0,1,0
12207,1978,4,3,0,0,0,0,1,0,1,0
12207,1980,4,3,0,0,0,0,1,0,0,0
12207,1982,6,5,4,0,0,0,0,0,0,1
12207,1983,5,5,1,1,0,0,0,0,1,0
12207,1984,6,5,1,1,0,0,1,0,3,0
12207,1985,6,6,1,1,0,0,0,0,0,0
12213,1977,5,4,0,0,0,0,0,1,0,0
12213,1978,3,3,1,0,0,0,0,0,1,0
12213,1979,4,4,1,1,0,0,0,0,0,0
12213,1980,8,8,2,0,0,0,0,0,0,0
12213,1981,3,3,1,0,0,0,0,0,0,0
12213,1982,5,5,3,0,1,1,0,0,0,0
12213,1983,7,7,2,1,0,0,0,0,1,0
12213,1984,1,1,0,0,0,0,0,0,0,0
12213,1985,5,5,1,0,0,0,0,0,1,0
12221,1978,8,6,2,0,0,0,1,0,1,1
12221,1979,4,3,3,0,1,0,0,0,0,0
12221,1980,2,1,0,0,0,0,1,0,0,0
12221,1981,11,8,3,0,0,0,3,0,2,0
12221,1982,4,4,2,0,0,0,0,0,0,0
12221,1983,5,4,0,0,0,0,0,0,0,1
12221,1984,9,8,2,0,0,0,1,0,1,0
12221,1985,8,7,1,0,0,0,0,0,0,1
12221,1994,4,4,2,1,0,0,0,0,0,0
12224,1993,3,3,1,0,0,0,0,0,2,0
12224,1995,6,6,1,0,0,0,0,0,0,0
12231,1998,4,4,1,0,0,1,0,0,0,0
12233,1976,3,1,1,0,0,1,2,0,0,0
12233,1977,1,1,0,0,0,0,0,0,0,0
12233,1978,3,3,2,0,0,0,0,0,0,0
12249,1998,2,2,0,0,0,0,0,0,1,0
12268,1978,2,1,0,0,0,0,1,0,0,0
12268,1979,11,11,5,1,0,0,0,0,3,0
12268,1980,2,2,0,0,0,0,0,0,0,0
12268,1981,6,6,2,0,0,0,0,0,0,0
12268,1983,2,2,0,0,0,0,0,0,0,0
12268,1984,1,1,1,1,0,0,0,0,0,0
12268,1985,7,6,0,0,0,0,1,0,0,0
12277,1984,6,6,0,0,0,0,0,0,2,0
12277,1985,5,5,1,0,0,0,0,0,3,0
12277,1990,3,3,0,0,0,0,0,0,1,0
12277,1991,3,3,0,0,0,0,0,0,1,0
12281,1992,3,2,0,0,0,0,1,0,0,0
12281,1993,9,8,1,1,0,0,1,0,3,0
12289,1994,6,5,1,0,0,0,1,0,1,0
12289,1995,7,6,4,1,0,1,1,0,0,0
12289,1996,11,10,3,1,0,0,1,0,1,0
12289,1997,4,4,1,0,0,0,0,0,1,0
12292,1977,3,3,1,0,0,0,0,0,1,0
12292,1978,5,5,2,0,0,0,0,0,0,0
12292,1979,12,11,1,0,0,0,0,0,1,0
12292,1980,6,5,1,0,0,0,1,0,1,0
12292,1981,4,4,0,0,0,0,0,0,0,0
12310,1996,3,3,1,0,0,0,0,0,0,0
12311,1977,1,1,0,0,0,0,0,0,0,0
12314,1996,5,5,0,0,0,0,0,0,1,0
12319,1985,4,4,0,0,0,0,0,0,1,0
12333,1988,4,4,1,0,0,0,0,0,0,0
12333,1989,2,2,1,0,1,0,0,0,1,0
12333,1990,9,9,0,0,0,0,0,0,2,0
12333,1991,6,5,0,0,0,0,0,1,1,0
12333,1992,6,5,1,0,0,0,0,1,1,0
12333,1993,6,5,2,0,0,0,1,0,1,0
12333,1997,6,6,3,2,0,0,0,0,0,0
12333,1998,2,2,0,0,0,0,0,0,0,0
12344,1986,2,1,1,0,0,0,1,0,0,0
12366,1990,2,2,1,0,0,0,0,0,0,0
12371,1993,6,4,0,0,0,0,2,0,2,0
12371,1994,3,2,0,0,0,0,0,0,0,0
12371,1996,6,6,3,1,0,0,0,0,1,0
12376,1983,3,3,3,0,0,0,0,0,0,0
12376,1986,3,2,1,0,0,0,1,0,1,0
12376,1989,13,12,4,0,0,0,0,1,1,0
12376,1990,7,6,2,0,0,0,1,0,0,0
12386,1986,3,3,1,0,0,0,0,0,0,0
12386,1987,3,3,0,0,0,0,0,0,2,0
12386,1988,4,4,2,0,0,0,0,0,0,0
12386,1989,8,8,3,0,0,0,0,0,2,0
12392,1998,1,1,0,0,0,0,0,0,1,0
12394,1990,1,1,0,0,0,0,0,0,0,0
12397,1993,2,2,0,0,0,0,0,0,1,0
12402,1978,3,3,1,0,0,0,0,0,0,0
12402,1979,17,16,6,0,0,0,1,0,3,0
12402,1980,10,10,2,0,0,0,0,0,2,0
12402,1981,4,4,1,0,0,0,0,0,0,0
12402,1982,7,7,2,1,0,0,0,0,1,0
12402,1983,8,7,1,0,0,0,1,0,2,0
12402,1984,8,7,1,0,0,0,1,0,1,0
12402,1985,7,7,2,0,0,0,0,0,3,0
12414,1981,8,8,1,0,0,0,0,0,4,0
12414,1982,6,6,3,1,1,1,0,0,1,0
12414,1983,4,4,1,0,0,0,0,0,1,0
12414,1984,5,5,2,1,0,0,0,0,0,0
12414,1985,8,8,4,1,0,0,0,0,1,0
12414,1994,11,11,4,0,1,1,0,0,0,0
12421,1989,3,3,0,0,0,0,0,0,2,0
12421,1990,4,4,1,1,0,0,0,0,1,0
12421,1991,7,7,0,0,0,0,0,0,1,0
12448,1980,2,2,0,0,0,0,0,0,0,0
12449,1977,6,5,1,1,0,0,1,0,1,0
12449,1979,4,4,1,0,0,0,0,0,0,0
12465,1998,3,3,1,0,0,0,0,0,1,0
12471,1977,7,5,2,1,0,0,2,0,0,0
12471,1978,7,6,1,0,0,0,0,0,0,0
12471,1979,6,6,0,0,0,0,0,0,0,0
12471,1980,1,1,0,0,0,0,0,0,1,0
12471,1982,8,8,0,0,0,0,0,0,1,0
12492,1998,1,1,0,0,0,0,0,0,1,0
12499,1988,6,6,3,0,0,0,0,0,0,0
12499,1992,3,3,1,0,0,0,0,0,0,0
12525,1982,15,14,3,1,0,0,0,0,3,0
12525,1983,4,4,0,0,0,0,0,0,0,0
12525,1985,4,4,3,1,0,1,0,0,1,0
12526,1998,2,2,0,0,0,0,0,0,2,0
12539,1989,4,4,1,0,1,0,0,0,1,0
12543,1977,2,2,0,0,0,0,0,0,1,0
12543,1978,5,2,1,0,0,0,3,0,0,0
12543,1979,7,5,0,0,0,0,1,0,0,0
12543,1980,2,0,0,0,0,0,1,0,0,1
12543,1982,5,3,1,0,0,0,1,0,0,1
12543,1983,5,3,1,0,0,0,2,0,0,0
12543,1984,5,5,3,0,0,0,0,0,0,0
12547,1977,1,1,0,0,0,0,0,0,0,0
12548,1988,4,4,1,0,0,0,0,0,0,0
12548,1989,4,4,0,0,0,0,0,0,1,0
12548,1990,4,4,0,0,0,0,0,0,1,0
12564,1976,3,3,1,0,0,0,0,0,1,0
12564,1977,14,12,2,1,0,0,2,0,2,0
12564,1978,24,22,2,0,0,1,2,0,2,0
12564,1979,14,13,5,1,0,1,1,0,1,0
12564,1981,3,2,1,0,0,0,1,0,0,0
12564,1982,13,11,5,0,0,1,2,0,0,0
12564,1983,6,6,3,1,0,0,0,0,0,0
12570,1990,8,8,2,0,0,0,0,0,4,0
12570,1991,3,3,1,0,0,0,0,0,0,0
12586,1983,3,3,1,0,0,1,0,0,0,0
12586,1984,6,6,0,0,0,0,0,0,1,0
12589,1989,2,2,0,0,0,0,0,0,1,0
12600,1998,3,3,0,0,0,0,0,0,2,0
12606,1993,6,4,1,0,0,0,1,1,0,0
12606,1998,3,3,0,0,0,0,0,0,0,0
12607,1995,3,3,0,0,0,0,0,0,1,0
12609,1987,4,4,0,0,0,0,0,0,0,0
12609,1988,6,6,0,0,0,0,0,0,3,0
12609,1989,7,6,3,0,0,0,1,0,0,0
12609,1990,7,6,2,0,0,0,1,0,0,0
12609,1991,1,0,0,0,0,0,1,0,0,0
12615,1993,6,5,2,1,0,0,1,0,0,0
12615,1998,2,2,1,0,0,0,0,0,0,0
12618,1988,2,2,0,0,0,0,0,0,1,0
12623,1977,2,2,0,0,0,0,0,0,1,0
12623,1978,3,3,1,1,0,0,0,0,0,0
12623,1979,9,8,3,0,0,0,1,0,0,0
12623,1980,5,5,1,0,0,0,0,0,0,0
12623,1981,8,7,4,0,0,0,0,0,1,1
12623,1982,13,12,6,0,0,1,0,1,0,0
12623,1983,6,6,2,1,0,0,0,0,0,0
12623,1984,5,5,1,0,0,0,0,0,1,0
12642,1998,1,1,0,0,0,0,0,0,0,0
12651,1990,3,3,1,0,1,0,0,0,2,0
12651,1991,7,6,2,1,0,0,1,0,0,0
12651,1992,4,3,0,0,0,0,1,0,0,0
12651,1993,3,3,0,0,0,0,0,0,0,0
12651,1998,4,4,3,1,0,1,0,0,0,0
12670,1977,3,2,1,0,0,0,1,0,1,0
12670,1979,7,7,3,1,0,1,0,0,0,0
12670,1980,3,3,1,0,0,0,0,0,1,0
12670,1981,10,9,5,0,0,0,1,0,0,0
12670,1982,5,5,3,0,0,1,0,0,0,0
12670,1983,2,2,1,0,0,0,0,0,0,0
12675,1998,1,0,0,0,0,0,1,0,0,0
