10,1998,3,3,0,0,0,0,0,0,0,0
10,1999,6,5,1,0,0,1,1,0,2,0
12,1993,1,1,1,0,0,1,0,0,0,0
15,2001,6,6,0,0,0,0,0,0,1,0
15,2002,7,7,1,0,0,0,0,0,1,0
15,2003,3,3,0,0,0,0,0,0,1,0
16,2007,1,1,1,1,0,0,0,0,0,0
19,1988,3,2,0,0,0,0,1,0,1,0
22,2003,3,3,2,1,0,0,0,0,1,0
22,2012,3,3,1,0,0,0,0,0,1,0
36,1987,1,1,0,0,0,0,0,0,0,0
92,1986,2,2,1,0,0,1,0,0,0,0
92,1987,8,7,2,0,0,1,0,1,3,0
92,1988,3,3,0,0,0,0,0,0,1,0
93,2006,1,1,0,0,0,0,0,0,0,0
93,2008,3,3,1,0,0,0,0,0,0,0
133,1996,2,2,1,0,0,0,0,0,0,0
142,1996,3,3,0,0,0,0,0,0,1,0
142,2000,3,2,1,0,0,0,1,0,0,0
142,2004,2,1,0,0,0,0,1,0,1,0
151,2006,3,3,1,0,0,0,0,0,0,0
151,2007,1,1,1,1,0,0,0,0,0,0
152,1988,4,4,1,0,0,0,0,0,2,0
152,1995,1,1,0,0,0,0,0,0,0,0
152,1997,5,4,0,0,0,0,1,0,1,0
152,1999,6,5,3,1,0,0,1,0,2,0
152,2001,3,2,0,0,0,0,0,0,0,0
152,2002,4,4,0,0,0,0,0,0,0,0
153,1989,2,2,0,0,0,0,0,0,2,0
161,1999,10,9,4,0,0,0,1,0,1,0
161,2001,6,6,1,0,0,0,0,0,2,0
161,2004,3,3,0,0,0,0,0,0,1,0
161,2005,3,3,2,0,0,0,0,0,0,0
163,2000,1,1,0,0,0,0,0,0,1,0
190,2003,5,5,1,0,0,0,0,0,3,0
196,1988,4,3,0,0,0,0,1,0,1,0
196,1994,9,8,3,1,0,0,1,0,2,0
196,1995,7,7,0,0,0,0,0,0,0,0
196,1996,9,8,2,1,0,0,1,0,1,0
196,1998,6,6,2,0,0,0,0,0,3,0
196,1999,3,2,0,0,0,0,1,0,0,0
196,2000,3,3,1,0,0,0,0,0,0,0
196,2001,6,5,2,1,0,0,0,0,2,1
196,2004,2,2,0,0,0,0,0,0,2,0
197,1990,3,3,1,0,0,0,0,0,0,0
197,1993,3,3,1,0,0,1,0,0,1,0
197,1994,3,3,1,0,0,0,0,0,0,0
197,1995,2,2,0,0,0,0,0,0,1,0
197,1996,1,1,0,0,0,0,0,0,0,0
197,1998,6,5,4,3,0,0,1,0,0,0
197,1999,2,2,0,0,0,0,0,0,0,0
197,2002,2,2,0,0,0,0,0,0,1,0
197,2003,3,2,0,0,0,0,1,0,0,0
197,2005,6,6,4,1,0,0,0,0,0,0
203,2007,9,9,4,1,0,0,0,0,1,0
224,1998,6,6,2,1,0,0,0,0,1,0
233,2010,3,3,1,0,0,0,0,0,0,0
247,1993,8,8,4,1,0,0,0,0,1,0
247,1994,8,7,4,0,0,0,1,0,1,0
247,1995,4,4,1,0,0,0,0,0,1,0
247,1996,2,2,2,1,0,0,0,0,0,0
247,1999,8,8,2,2,0,0,0,0,1,0
252,2005,3,3,1,0,0,0,0,0,2,0
257,2003,3,3,1,0,0,0,0,0,1,0
257,2006,5,5,1,1,0,0,0,0,1,0
257,2007,3,3,0,0,0,0,0,0,0,0
257,2008,9,9,1,0,0,0,0,0,2,0
260,1996,9,8,5,0,0,3,0,0,1,0
260,1997,6,5,1,0,0,0,1,0,1,0
260,1998,10,9,1,0,0,1,0,1,3,0
260,1999,4,4,1,0,0,1,0,0,0,0
260,2000,6,6,0,0,0,0,0,0,1,0
260,2001,2,2,0,0,0,0,0,0,1,0
261,1998,3,2,1,0,0,0,1,0,1,0
262,2005,3,3,0,0,0,0,0,0,0,0
262,2006,3,3,0,0,0,0,0,0,1,0
271,1987,3,3,2,0,0,0,0,0,0,0
271,1988,6,4,1,0,0,0,2,0,0,0
275,1995,4,4,2,0,0,0,0,0,0,0
275,1996,1,1,1,0,0,1,0,0,0,0
275,1997,9,9,4,2,0,0,0,0,0,0
275,1998,7,6,2,1,0,0,1,0,0,0
275,1999,9,8,4,0,0,0,1,0,0,0
275,2000,6,6,3,1,0,2,0,0,1,0
275,2001,10,10,3,0,0,1,0,0,1,0
275,2002,6,6,2,0,0,1,0,0,1,0
275,2003,20,20,5,4,0,0,0,0,4,0
275,2004,10,10,2,0,0,0,0,0,2,0
275,2005,16,15,3,1,0,0,0,0,3,1
275,2006,9,9,2,0,1,0,0,0,3,0
275,2009,5,5,1,0,0,0,0,0,0,0
282,2008,4,3,0,0,0,0,0,1,0,0
291,2003,6,6,1,0,0,0,0,0,0,0
294,1986,2,2,1,0,0,0,0,0,0,0
301,2008,1,1,0,0,0,0,0,0,1,0
319,2007,3,2,0,0,0,0,1,0,0,0
319,2008,3,3,0,0,0,0,0,0,1,0
354,2008,1,1,0,0,0,0,0,0,0,0
355,1999,6,6,1,0,0,0,0,0,1,0
362,1993,4,4,1,0,0,0,0,0,3,0
367,1991,2,1,0,0,0,0,0,0,0,0
396,1986,5,5,3,0,0,0,0,0,0,0
396,1987,6,6,4,0,0,0,0,0,0,0
404,1997,2,2,1,1,0,0,0,0,1,0
421,2006,4,4,2,0,0,0,0,0,0,0
421,2007,3,3,0,0,0,0,0,0,1,0
421,2009,2,1,1,0,0,1,1,0,0,0
433,1997,3,3,1,0,0,1,0,0,1,0
433,1999,3,3,0,0,0,0,0,0,0,0
433,2001,4,3,0,0,0,0,0,0,1,1
433,2007,3,3,0,0,0,0,0,0,1,0
435,1996,2,2,0,0,0,0,0,0,0,0
435,1999,4,4,1,0,0,0,0,0,2,0
435,2000,6,5,2,1,0,0,1,0,1,0
435,2002,3,3,1,0,0,0,0,0,1,0
435,2007,3,3,0,0,0,0,0,0,1,0
462,2006,3,3,0,0,0,0,0,0,0,0
474,1989,3,3,1,0,0,0,0,0,0,0
475,2003,1,1,0,0,0,0,0,0,1,0
479,2009,1,0,0,0,0,0,0,0,0,0
483,1993,10,8,4,1,0,0,1,0,0,0
483,1994,4,3,0,0,0,0,1,0,1,0
483,1995,2,2,0,0,0,0,0,0,0,0
483,1996,4,3,0,0,0,0,1,0,0,0
483,1999,3,3,0,0,0,0,0,0,0,0
492,2002,3,3,1,0,0,0,0,0,1,0
503,1987,4,2,1,0,0,0,2,0,0,0
508,1990,2,1,1,0,0,0,1,0,0,0
508,1997,3,3,1,0,0,0,0,0,1,0
508,1998,3,2,0,0,0,0,1,0,0,0
523,2007,1,1,1,0,0,0,0,0,0,0
523,2008,3,2,0,0,0,0,0,0,1,1
523,2009,3,3,1,1,0,0,0,0,0,0
523,2010,3,3,1,0,0,0,0,0,2,0
524,2008,8,7,3,1,0,0,0,1,0,0
531,1998,6,6,1,0,0,0,0,0,2,0
543,2003,7,7,0,0,0,0,0,0,2,0
543,2004,4,3,1,0,0,0,0,0,0,0
565,1997,3,3,0,0,0,0,0,0,1,0
582,2004,4,3,0,0,0,0,0,0,0,0
582,2005,2,2,1,0,0,0,0,0,0,0
582,2009,3,3,1,0,0,1,0,0,1,0
582,2010,4,4,3,0,0,1,0,0,0,0
582,2012,3,3,1,0,0,0,0,0,1,0
593,2002,3,2,1,0,0,1,1,0,0,0
593,2003,3,3,1,0,0,0,0,0,0,0
593,2005,3,3,0,0,0,0,0,0,0,0
593,2007,5,5,3,1,0,0,0,0,0,0
593,2008,3,3,1,1,0,0,0,0,0,0
593,2009,2,2,0,0,0,0,0,0,0,0
596,1989,4,4,1,0,0,1,0,0,2,0
598,2006,3,3,0,0,0,0,0,0,0,0
615,2006,4,3,0,0,0,0,1,0,0,0
615,2009,3,3,0,0,0,0,0,0,1,0
615,2012,3,2,2,2,0,0,1,0,0,0
627,2001,3,3,0,0,0,0,0,0,1,0
654,1989,2,2,1,0,0,0,0,0,0,0
668,2008,2,2,0,0,0,0,0,0,2,0
669,2005,3,3,1,0,0,0,0,0,0,0
669,2009,3,3,1,0,0,0,0,0,0,0
669,2012,3,2,0,0,0,0,0,0,0,1
672,1996,3,3,0,0,0,0,0,0,1,0
672,1997,1,1,0,0,0,0,0,0,1,0
680,2012,1,1,0,0,0,0,0,0,0,0
684,1986,5,5,2,1,0,0,0,0,0,0
684,1987,10,10,4,1,0,1,0,0,2,0
684,1988,10,8,4,0,0,0,2,0,1,0
700,1996,7,7,2,0,0,1,0,0,0,0
700,1997,4,3,0,0,0,0,0,0,1,0
700,1999,6,5,0,0,0,0,1,0,2,0
700,2000,6,5,1,1,0,0,1,0,1,0
700,2001,6,6,1,0,0,0,0,0,1,0
700,2002,6,6,3,1,0,1,0,0,1,0
700,2003,6,6,1,0,0,0,0,0,1,0
700,2004,3,3,0,0,0,0,0,0,0,0
700,2006,3,3,1,1,0,0,0,0,0,0
712,1998,7,7,1,1,0,0,0,0,4,0
712,2000,2,2,2,1,0,0,0,0,0,0
718,1993,4,4,0,0,0,0,0,0,0,0
718,1994,6,6,2,1,0,0,0,0,0,0
724,2007,3,2,0,0,0,0,1,0,0,0
724,2009,2,2,1,0,0,1,0,0,0,0
724,2010,3,3,0,0,0,0,0,0,1,0
727,2004,2,2,1,0,0,1,0,0,0,0
727,2007,6,6,2,1,0,0,0,0,1,0
727,2010,6,6,2,0,0,0,0,0,0,0
800,1986,3,2,0,0,0,0,1,0,0,0
800,1987,4,4,0,0,0,0,0,0,1,0
800,1988,4,4,0,0,0,0,0,0,1,0
802,2000,3,3,0,0,0,0,0,0,1,0
802,2001,2,2,0,0,0,0,0,0,1,0
806,1998,3,3,0,0,0,0,0,0,1,0
806,2003,3,3,0,0,0,0,0,0,1,0
809,1989,4,3,0,0,0,0,1,0,1,0
809,1990,9,7,1,1,0,0,2,0,1,0
809,1991,3,3,0,0,0,0,0,0,0,0
809,1993,3,3,1,0,0,0,0,0,0,0
813,1991,2,1,0,0,0,0,1,0,0,0
813,1997,7,7,3,0,0,0,0,0,0,0
813,1998,4,4,1,0,0,0,0,0,2,0
813,2003,3,3,1,0,0,0,0,0,1,0
814,1993,9,7,6,2,0,0,1,0,0,1
814,1994,3,2,1,1,0,0,1,0,1,0
814,1995,2,2,1,1,0,0,0,0,0,0
814,1996,7,6,2,1,0,0,0,1,0,0
814,1997,5,5,1,0,0,0,0,0,0,0
814,1998,4,4,2,2,0,0,0,0,0,0
814,1999,7,7,1,1,0,0,0,0,0,0
814,2000,3,3,0,0,0,0,0,0,0,0
815,1993,8,7,2,0,0,0,1,0,1,0
821,1997,3,3,1,0,0,0,0,0,1,0
821,2004,3,3,1,0,0,1,0,0,1,0
821,2005,3,2,0,0,0,0,1,0,0,0
821,2006,1,1,0,0,0,0,0,0,1,0
823,1986,3,2,0,0,0,0,1,0,0,0
823,1987,4,4,1,0,0,0,0,0,0,0
823,1988,7,7,2,0,0,0,0,0,2,0
824,2004,6,6,0,0,0,0,0,0,3,0
824,2005,7,6,3,1,0,1,0,0,2,0
824,2006,2,2,0,0,0,0,0,0,0,0
824,2007,10,9,3,2,0,0,1,0,2,0
824,2008,8,7,2,2,0,0,1,0,2,0
832,2000,3,3,1,0,0,0,0,0,1,0
832,2010,1,1,1,1,0,0,0,0,0,0
834,1999,7,7,2,0,0,0,0,0,1,0
834,2000,3,3,1,1,0,0,0,0,1,0
834,2001,7,5,2,0,0,0,2,0,0,0
834,2002,2,2,1,1,0,0,0,0,1,0
834,2003,6,4,1,0,0,0,2,0,2,0
834,2005,4,3,0,0,0,0,1,0,0,0
834,2006,3,3,0,0,0,0,0,0,1,0
834,2007,14,13,3,1,0,0,1,0,2,0
834,2008,17,14,1,0,0,0,3,0,1,0
834,2009,11,10,4,1,0,2,0,0,1,1
841,1991,2,1,0,0,0,0,0,1,0,0
847,1988,8,7,2,1,0,0,1,0,0,0
851,1998,3,3,0,0,0,0,0,0,0,0
852,1998,3,2,1,0,0,0,0,0,0,0
857,2005,3,3,0,0,0,0,0,0,2,0
874,2002,3,3,1,1,0,0,0,0,0,0
878,2003,3,2,1,1,0,0,1,0,0,0
878,2004,3,3,1,0,0,0,0,0,0,0
880,2007,4,4,0,0,0,0,0,0,1,0
880,2008,2,2,0,0,0,0,0,0,1,0
888,2002,3,3,0,0,0,0,0,0,2,0
888,2007,3,3,1,1,0,0,0,0,0,0
888,2009,6,6,0,0,0,0,0,0,3,0
895,2008,2,2,1,0,0,0,0,0,0,0
900,2003,5,5,1,1,0,0,0,0,0,0
900,2004,3,3,1,0,0,0,0,0,0,0
900,2005,6,5,2,0,0,0,1,0,1,0
900,2006,3,3,0,0,0,0,0,0,0,0
901,1987,3,3,0,0,0,0,0,0,2,0
902,1991,2,2,0,0,0,0,0,0,0,0
902,1994,2,2,1,0,0,0,0,0,0,0
902,1997,3,2,1,0,0,0,1,0,0,0
903,1994,6,6,1,0,0,0,0,0,0,0
903,1995,5,3,1,0,1,0,2,0,1,0
903,1996,7,5,1,0,0,0,1,0,0,1
903,1997,3,2,1,0,0,0,1,0,1,0
903,1998,8,6,3,1,0,0,2,0,1,0
903,1999,2,2,1,0,0,0,0,0,1,0
942,1990,2,2,0,0,0,0,0,0,2,0
942,2000,3,3,0,0,0,0,0,0,1,0
942,2001,8,8,2,0,0,0,0,0,1,0
949,1987,1,1,0,0,0,0,0,0,0,0
953,2003,6,5,3,0,0,0,1,0,0,0
953,2004,10,7,4,0,0,1,2,1,1,0
953,2005,8,8,0,0,0,0,0,0,2,0
954,1988,4,4,1,0,0,0,0,0,2,0
954,1991,1,1,0,0,0,0,0,0,0,0
954,2002,3,3,0,0,0,0,0,0,1,0
954,2007,4,4,3,2,0,0,0,0,1,0
958,1986,2,2,0,0,0,0,0,0,1,0
979,2012,3,2,1,0,0,0,1,0,0,0
999,2003,6,6,1,0,0,1,0,0,1,0
999,2004,6,5,1,0,0,1,1,0,1,0
999,2005,6,6,0,0,0,0,0,0,2,0
999,2009,5,5,1,0,0,0,0,0,0,0
1001,2002,6,4,1,0,0,0,1,1,1,0
1001,2003,11,11,2,1,0,0,0,0,3,0
1001,2004,9,9,4,1,0,0,0,0,2,0
1001,2005,9,8,0,0,0,0,1,0,3,0
1001,2006,6,6,2,0,0,0,0,0,0,0
1006,2008,2,2,0,0,0,0,0,0,0,0
1008,2004,3,3,0,0,0,0,0,0,0,0
1008,2006,6,6,3,0,0,0,0,0,0,0
1008,2008,2,2,2,0,0,0,0,0,0,0
1008,2012,3,3,0,0,0,0,0,0,0,0
1026,1987,6,5,1,1,0,0,1,0,1,0
1038,1988,3,3,1,0,0,0,0,0,1,0
1045,1993,7,7,3,0,0,0,0,0,1,0
1045,1994,9,9,1,1,0,0,0,0,3,0
1045,1995,3,3,0,0,0,0,0,0,0,0
1045,1998,9,9,2,1,0,0,0,0,2,0
1048,2002,2,2,0,0,0,0,0,0,1,0
1048,2005,6,6,0,0,0,0,0,0,2,0
1048,2009,2,2,1,0,0,0,0,0,0,0
1048,2010,1,1,0,0,0,0,0,0,0,0
1053,2002,4,4,1,0,0,0,0,0,1,0
1056,1986,3,3,0,0,0,0,0,0,0,0
1056,1987,5,4,1,0,0,0,1,0,0,0
1072,1989,2,1,0,0,0,0,1,0,0,0
1072,1990,3,3,2,0,0,0,0,0,0,0
1072,1993,9,9,2,1,0,0,0,0,0,0
1072,1994,7,6,2,0,0,1,0,0,0,0
1072,1995,10,9,4,0,0,1,1,0,0,0
1072,1996,10,10,4,1,0,0,0,0,2,0
1072,1997,6,5,4,0,0,0,1,0,0,0
1072,1998,12,12,3,0,0,0,0,0,2,0
1074,2012,2,2,0,0,0,0,0,0,1,0
1093,1986,5,5,1,0,0,1,0,0,1,0
1093,1987,12,11,2,0,0,1,1,0,2,0
1093,1988,7,7,2,0,0,1,0,0,1,0
1093,1991,2,2,2,0,0,2,0,0,0,0
1093,1997,3,2,0,0,0,0,0,1,0,0
1093,1999,4,2,0,0,0,0,2,0,1,0
1093,2001,3,3,1,0,0,0,0,0,0,0
1093,2006,3,3,0,0,0,0,0,0,2,0
1093,2007,3,2,0,0,0,0,1,0,0,0
1100,1986,2,1,1,0,0,0,1,0,0,0
1100,1987,15,14,5,2,0,0,1,0,4,0
1100,1988,9,9,1,0,0,1,0,0,1,0
1100,1991,2,2,1,0,0,0,0,0,0,0
1100,1996,12,11,2,0,0,0,0,0,0,1
1101,2009,6,6,1,0,0,0,0,0,0,0
1114,2003,3,3,0,0,0,0,0,0,1,0
1114,2005,6,5,1,0,0,1,1,0,0,0
1114,2006,2,1,0,0,0,0,1,0,0,0
1114,2007,4,3,0,0,0,0,1,0,1,0
1114,2008,6,5,1,0,0,0,1,0,1,0
1115,1989,1,1,1,0,0,0,0,0,0,0
1115,1990,3,3,0,0,0,0,0,0,2,0
1116,1993,3,3,0,0,0,0,0,0,1,0
1116,2000,5,5,1,0,0,0,0,0,1,0
1126,2004,6,6,2,0,0,1,0,0,0,0
1126,2006,6,5,0,0,0,0,1,0,0,0
1126,2007,4,4,1,0,0,0,0,0,0,0
1128,1993,6,6,1,1,0,0,0,0,0,0
1128,1994,5,5,1,0,0,0,0,0,0,0
1128,1995,3,3,0,0,0,0,0,0,0,0
1128,1996,6,6,1,0,0,0,0,0,0,0
1128,1997,4,4,0,0,0,0,0,0,0,0
1128,1998,3,3,0,0,0,0,0,0,0,0
1128,1999,7,5,1,0,0,0,1,0,0,1
1128,2000,3,3,1,0,0,0,0,0,1,0
1128,2002,5,5,1,0,0,0,0,0,0,0
1129,1989,3,3,2,0,1,0,0,0,1,0
1129,1990,8,7,3,0,0,1,1,0,0,0
1129,1994,4,4,1,0,0,0,0,0,0,0
1129,1995,5,5,0,0,0,0,0,0,0,0
1129,1997,2,2,1,0,0,0,0,0,0,0
1129,1999,3,3,1,0,0,0,0,0,0,0
1147,1991,2,2,1,0,1,0,0,0,0,0
1168,2009,1,0,0,0,0,0,1,0,0,0
1171,2009,5,4,1,0,0,0,0,1,0,0
1171,2012,3,3,1,0,0,0,0,0,0,0
1231,2002,3,3,1,0,0,0,0,0,0,0
1231,2003,3,3,0,0,0,0,0,0,0,0
1231,2006,5,5,1,0,0,0,0,0,0,0
1231,2007,7,6,5,1,1,2,1,0,0,0
1231,2008,3,3,0,0,0,0,0,0,1,0
1231,2009,3,3,2,0,0,0,0,0,0,0
1234,1988,15,14,3,0,0,0,1,0,2,0
1234,1989,6,6,2,0,0,1,0,0,1,0
1234,1990,3,3,1,0,0,0,0,0,0,0
1236,1989,2,2,1,0,0,0,0,0,0,0
1241,1994,3,3,1,0,0,0,0,0,1,0
1241,1995,4,3,1,0,0,0,1,0,0,0
1241,1997,3,3,0,0,0,0,0,0,1,0
1241,2003,3,2,1,0,0,0,0,0,0,0
1242,1989,4,4,1,0,0,0,0,0,1,0
1242,1990,2,1,0,0,0,0,1,0,0,0
1242,1991,5,2,0,0,0,0,3,0,0,0
1253,2007,1,1,0,0,0,0,0,0,1,0
1253,2010,3,3,1,0,0,1,0,0,1,0
1261,2008,6,6,3,1,0,0,0,0,0,0
1261,2009,4,4,3,0,0,2,0,0,0,0
1261,2010,3,3,0,0,0,0,0,0,0,0
1273,1986,3,3,1,0,0,0,0,0,1,0
1273,1987,5,4,1,0,0,0,1,0,1,0
1273,1988,2,1,0,0,0,0,0,0,0,0
1281,1987,6,5,1,0,0,0,1,0,3,0
1281,1988,3,3,1,0,0,0,0,0,0,0
1281,1989,3,3,0,0,0,0,0,0,1,0
1291,1990,7,7,2,1,0,0,0,0,1,0
1291,1993,4,4,0,0,0,0,0,0,0,0
1319,1990,1,1,0,0,0,0,0,0,0,0
1336,1997,4,3,1,0,0,0,0,0,1,0
1344,1990,2,2,0,0,0,0,0,0,0,0
1358,1986,3,3,0,0,0,0,0,0,2,0
1358,1987,6,6,2,0,0,1,0,0,1,0
1358,1988,10,9,2,0,0,0,1,0,0,0
1358,1993,5,5,2,0,0,0,0,0,0,0
1361,1990,2,2,1,0,0,0,0,0,0,0
1366,1993,4,4,0,0,0,0,0,0,2,0
1366,1994,5,5,1,0,0,1,0,0,2,0
1366,1995,5,5,1,0,0,0,0,0,3,0
1366,1996,6,5,2,1,0,0,1,0,0,0
1366,1997,6,6,1,0,0,0,0,0,1,0
1366,1998,6,6,1,0,0,0,0,0,4,0
1366,1999,6,6,0,0,0,0,0,0,1,0
1366,2000,6,5,1,1,0,0,1,0,0,0
1366,2001,4,4,0,0,0,0,0,0,1,0
1369,2005,3,3,1,0,0,0,0,0,0,0
1382,1987,9,9,3,0,0,1,0,0,1,0
1382,1988,6,5,3,0,0,0,1,0,0,0
1382,1989,3,3,0,0,0,0,0,0,2,0
1391,2005,7,7,1,0,0,0,0,0,1,0
1391,2006,3,3,1,0,0,0,0,0,1,0
1391,2007,2,1,0,0,0,0,1,0,0,0
1391,2008,3,3,1,0,0,1,0,0,1,0
1397,1989,6,6,3,1,0,0,0,0,0,0
1397,1993,8,8,3,0,0,0,0,0,1,0
1413,1986,3,2,1,0,0,0,1,0,0,0
1439,2009,3,3,2,1,0,0,0,0,1,0
1439,2012,3,3,1,0,0,1,0,0,1,0
1445,2001,3,3,0,0,0,0,0,0,1,0
1449,1997,6,6,0,0,0,0,0,0,0,0
1449,1999,3,3,2,0,0,0,0,0,1,0
1455,2007,3,2,2,0,0,0,1,0,0,0
1458,1988,10,8,3,2,0,1,2,0,0,0
1458,1990,2,2,0,0,0,0,0,0,1,0
1458,1993,4,4,1,0,0,0,0,0,1,0
1476,2001,2,2,0,0,0,0,0,0,0,0
1476,2002,3,3,0,0,0,0,0,0,1,0
1476,2004,2,1,0,0,0,0,1,0,1,0
1486,2004,3,2,1,0,0,0,1,0,0,0
1486,2005,3,3,1,0,0,0,0,0,0,0
1486,2006,3,3,0,0,0,0,0,0,0,0
1486,2007,2,2,0,0,0,0,0,0,0,0
1486,2012,2,1,0,0,0,0,1,0,0,0
1494,1995,2,1,0,0,0,0,1,0,0,0
1495,2012,2,2,1,1,0,0,0,0,1,0
1499,1996,3,3,0,0,0,0,0,0,1,0
1499,1997,9,8,3,0,0,0,0,0,0,1
1499,1998,3,3,0,0,0,0,0,0,1,0
1499,1999,6,6,1,0,0,0,0,0,0,0
1502,1993,7,7,1,0,0,0,0,0,2,0
1502,1994,6,6,2,0,1,0,0,0,0,0
1502,1995,1,1,1,0,0,0,0,0,0,0
1502,1996,2,2,1,0,0,0,0,0,0,0
1514,2012,3,3,0,0,0,0,0,0,2,0
1542,2007,3,3,0,0,0,0,0,0,0,0
1543,1989,2,1,0,0,0,0,0,0,0,1
1543,1990,2,2,0,0,0,0,0,0,0,0
1543,1993,6,4,2,0,0,0,2,0,0,0
1543,2001,6,6,0,0,0,0,0,0,0,0
1543,2002,3,3,0,0,0,0,0,0,3,0
1543,2003,3,2,1,1,0,0,1,0,0,0
1548,2004,3,1,0,0,0,0,1,0,0,1
1564,2003,3,3,0,0,0,0,0,0,0,0
1572,2008,2,0,0,0,0,0,0,0,0,1
1576,2003,3,3,0,0,0,0,0,0,1,0
1576,2009,3,2,0,0,0,0,1,0,1,0
1596,2007,2,1,0,0,0,0,0,0,0,0
1597,1999,6,5,1,1,0,0,0,0,2,0
1597,2000,3,3,1,0,0,0,0,0,1,0
1597,2001,3,3,0,0,0,0,0,0,0,0
1600,1989,2,2,0,0,0,0,0,0,1,0
1610,1988,3,2,0,0,0,0,1,0,0,0
1610,1997,3,3,0,0,0,0,0,0,0,0
1630,2006,1,1,0,0,0,0,0,0,0,0
1633,2003,2,2,1,0,0,0,0,0,0,0
1633,2005,3,3,1,0,1,0,0,0,0,0
1633,2008,3,3,0,0,0,0,0,0,1,0
1633,2010,5,4,0,0,0,0,0,1,0,0
1636,2002,3,3,0,0,0,0,0,0,0,0
1636,2003,7,6,1,1,0,0,0,1,1,0
1636,2004,9,9,3,0,0,0,0,0,1,0
1636,2005,11,10,2,0,1,0,1,0,0,0
1636,2007,7,7,3,0,0,3,0,0,1,0
1636,2008,3,3,1,0,0,0,0,0,0,0
1640,1986,1,1,0,0,0,0,0,0,0,0
1645,2009,2,1,0,0,0,0,0,0,1,0
1654,2006,9,7,1,0,0,0,0,1,0,1
1654,2007,12,11,3,1,0,0,1,0,4,0
1655,2010,8,7,0,0,0,0,1,0,0,0
1655,2012,4,3,2,1,0,0,1,0,0,0
1657,2004,5,5,3,0,0,0,0,0,0,0
1657,2005,13,12,4,1,0,0,0,0,0,0
1657,2006,9,8,3,0,0,1,0,0,0,1
1671,1998,10,8,3,0,0,1,1,1,0,0
1671,1999,4,4,2,0,0,0,0,0,0,0
1671,2002,3,3,0,0,0,0,0,0,1,0
1671,2004,8,8,1,0,0,0,0,0,1,0
1671,2007,3,3,0,0,0,0,0,0,0,0
1673,1990,7,7,3,1,0,0,0,0,1,0
1673,1991,5,5,1,0,0,1,0,0,1,0
1673,1993,3,3,0,0,0,0,0,0,0,0
1681,2007,6,6,2,2,0,0,0,0,0,0
1700,1997,5,5,2,1,0,0,0,0,1,0
1700,1998,3,3,0,0,0,0,0,0,0,0
1700,2006,3,3,0,0,0,0,0,0,2,0
1700,2007,7,6,2,0,0,0,1,0,2,0
1700,2008,2,2,0,0,0,0,0,0,2,0
1700,2009,4,4,1,0,0,0,0,0,0,0
1700,2010,1,1,1,0,0,0,0,0,0,0
1705,1987,3,3,1,0,0,0,0,0,0,0
1705,1991,1,1,0,0,0,0,0,0,0,0
1705,1998,4,4,1,1,0,0,0,0,1,0
1705,2001,8,7,1,0,0,1,0,0,1,1
1739,2008,3,2,1,0,0,0,1,0,0,0
1740,1986,3,3,2,1,0,0,0,0,0,0
1740,1987,6,6,3,2,0,0,0,0,0,0
1740,1988,5,4,1,1,0,0,1,0,0,0
1743,1997,2,2,0,0,0,0,0,0,1,0
1745,1987,4,4,1,0,0,0,0,0,1,0
1745,1988,4,2,2,1,0,0,1,0,0,0
1748,2000,3,3,0,0,0,0,0,0,1,0
1755,2005,2,2,1,0,0,0,0,0,0,0
1755,2010,3,3,1,0,0,1,0,0,1,0
1757,1989,1,1,1,0,0,1,0,0,0,0
1757,1990,3,3,0,0,0,0,0,0,1,0
1757,1994,3,3,0,0,0,0,0,0,1,0
1757,1998,9,5,2,1,0,0,4,0,0,0
1757,1999,4,4,2,0,0,0,0,0,1,0
1757,2000,4,3,0,0,0,0,1,0,2,0
1759,2005,3,3,0,0,0,0,0,0,1,0
1759,2006,3,2,1,0,0,0,1,0,0,0
1759,2008,15,14,5,0,0,0,1,0,1,0
1759,2009,15,12,3,0,0,0,3,0,2,0
1759,2010,6,6,1,0,0,0,0,0,1,0
1773,2012,2,2,0,0,0,0,0,0,1,0
1790,2007,2,1,0,0,0,0,0,0,0,0
1797,1986,2,2,0,0,0,0,0,0,0,0
1799,1987,2,2,0,0,0,0,0,0,0,0
1799,1988,2,2,0,0,0,0,0,0,2,0
1817,2009,3,3,0,0,0,0,0,0,2,0
1817,2010,2,1,0,0,0,0,0,1,0,0
1830,2004,3,2,0,0,0,0,1,0,0,0
1830,2006,4,4,1,0,0,0,0,0,2,0
1830,2007,3,3,1,0,0,0,0,0,0,0
1832,1996,3,3,1,1,0,0,0,0,2,0
1842,1986,10,8,3,1,0,0,1,0,1,1
1842,1987,3,3,1,0,0,0,0,0,1,0
1842,1988,9,9,4,0,0,0,0,0,0,0
1843,1989,6,5,2,0,0,0,0,0,0,1
1843,1994,8,8,1,0,0,1,0,0,1,0
1843,1995,6,6,0,0,0,0,0,0,3,0
1843,1996,2,2,0,0,0,0,0,0,1,0
1843,1997,9,9,2,0,0,0,0,0,1,0
1849,1998,4,4,1,1,0,0,0,0,0,0
1849,1999,10,9,3,0,0,0,1,0,1,0
1855,1997,3,3,1,0,0,0,0,0,0,0
1857,2008,2,2,1,0,0,0,0,0,0,0
1860,2003,3,1,0,0,0,0,1,0,0,1
1860,2004,3,3,0,0,0,0,0,0,1,0
1871,2000,5,3,1,0,0,0,2,0,0,0
1871,2001,3,3,0,0,0,0,0,0,1,0
1880,1989,3,3,3,0,0,2,0,0,0,0
1880,1990,1,1,1,0,0,0,0,0,0,0
1897,1998,2,2,0,0,0,0,0,0,0,0
1897,2006,5,5,2,0,0,1,0,0,0,0
1898,2004,2,2,0,0,0,0,0,0,1,0
1898,2007,5,5,1,1,0,0,0,0,1,0
1898,2008,2,2,2,1,0,0,0,0,0,0
1903,2006,7,6,3,2,0,0,1,0,0,0
1903,2007,6,5,1,0,0,0,1,0,0,0
1903,2008,4,3,0,0,0,0,1,0,0,0
1903,2009,14,12,4,3,0,0,2,0,0,0
1903,2010,6,5,1,0,0,0,0,0,0,0
1914,2005,3,2,0,0,0,0,1,0,0,0
1914,2008,8,8,0,0,0,0,0,0,1,0
1914,2009,5,5,3,1,0,1,0,0,0,0
1919,2010,4,4,2,0,1,0,0,0,1,0
1923,2003,3,1,0,0,0,0,2,0,0,0
1923,2005,3,3,1,0,0,0,0,0,0,0
1923,2006,3,3,0,0,0,0,0,0,0,0
1927,1999,4,4,0,0,0,0,0,0,2,0
1927,2001,6,6,2,0,0,0,0,0,0,0
1927,2002,3,3,1,0,0,0,0,0,0,0
1929,2007,1,1,0,0,0,0,0,0,0,0
1946,1996,5,5,1,0,0,1,0,0,0,0
1949,1994,2,2,0,0,0,0,0,0,1,0
1949,1996,1,1,0,0,0,0,0,0,0,0
1949,1997,3,3,1,0,0,0,0,0,1,0
1950,1998,2,2,0,0,0,0,0,0,0,0
1951,2006,6,5,2,1,0,0,0,0,0,0
1951,2007,3,3,1,0,0,0,0,0,1,0
1951,2008,3,2,1,0,0,0,1,0,0,0
1958,1989,1,1,1,0,0,0,0,0,0,0
1972,2001,2,2,1,0,0,0,0,0,1,0
1984,1994,2,1,0,0,0,0,1,0,0,0
2004,1991,2,1,0,0,0,0,0,0,1,0
2009,2000,3,3,1,0,0,0,0,0,1,0
2009,2001,8,8,3,0,0,2,0,0,0,0
2009,2002,18,15,2,0,0,1,2,1,1,0
2009,2003,9,8,3,0,0,1,1,0,1,0
2009,2004,12,8,5,0,0,2,4,0,2,0
2009,2005,14,14,5,3,0,0,0,0,0,0
2009,2006,9,9,2,0,0,0,0,0,3,0
2010,2004,3,3,1,0,0,0,0,0,2,0
2010,2006,3,3,1,0,0,0,0,0,0,0
2015,2009,2,2,1,1,0,0,0,0,1,0
2027,2008,2,1,0,0,0,0,0,0,1,0
2050,2010,3,2,0,0,0,0,1,0,0,0
2067,1998,7,7,3,1,0,0,0,0,1,0
2067,1999,3,2,0,0,0,0,1,0,0,0
2067,2000,3,3,1,0,0,0,0,0,0,0
2067,2003,3,3,0,0,0,0,0,0,2,0
2074,2007,6,6,1,1,0,0,0,0,0,0
2074,2008,12,10,3,0,0,0,0,2,3,0
2074,2009,4,4,1,0,0,0,0,0,0,0
2084,2006,3,3,0,0,0,0,0,0,0,0
2086,1994,4,4,0,0,0,0,0,0,0,0
2086,1995,6,6,3,0,0,0,0,0,1,0
2086,1996,4,4,0,0,0,0,0,0,0,0
2086,1997,10,10,3,0,0,0,0,0,0,0
2086,2000,3,3,1,0,0,0,0,0,0,0
2086,2001,3,3,0,0,0,0,0,0,0,0
2086,2004,2,2,1,0,0,1,0,0,0,0
2111,1987,6,4,0,0,0,0,2,0,2,0
2123,1996,2,2,0,0,0,0,0,0,1,0
2123,1997,3,2,1,1,0,0,1,0,0,0
2123,1998,11,8,2,0,0,0,3,0,1,0
2123,1999,8,7,3,0,0,0,1,0,1,0
2123,2003,2,2,0,0,0,0,0,0,0,0
2125,1987,10,10,2,0,0,0,0,0,1,0
2125,1988,6,5,0,0,0,0,1,0,2,0
2125,1994,4,4,0,0,0,0,0,0,1,0
2125,1995,3,3,1,1,0,0,0,0,0,0
2125,1996,5,5,1,0,0,0,0,0,1,0
2125,1997,9,7,5,1,0,1,2,0,0,0
2125,1998,1,1,1,1,0,0,0,0,0,0
2125,1999,7,7,1,0,0,0,0,0,0,0
2125,2000,3,3,1,0,0,0,0,0,0,0
2133,1999,6,6,0,0,0,0,0,0,0,0
2133,2000,1,0,0,0,0,0,0,0,0,0
2133,2002,2,2,0,0,0,0,0,0,2,0
2139,2000,3,3,0,0,0,0,0,0,1,0
2190,2009,11,10,5,0,0,0,0,1,0,0
2190,2010,6,6,0,0,0,0,0,0,1,0
2194,2002,3,3,1,1,0,0,0,0,0,0
2203,1990,3,3,1,0,0,0,0,0,0,0
2208,1987,6,6,3,0,0,2,0,0,0,0
2208,1988,5,4,1,0,0,1,1,0,1,0
2208,1989,2,2,1,0,0,0,0,0,0,0
2208,1990,4,4,1,1,0,0,0,0,1,0
2208,1994,4,4,1,1,0,0,0,0,0,0
2220,1987,7,6,1,0,0,0,1,0,3,0
2220,1988,13,11,2,0,0,0,1,0,2,1
2247,2010,2,1,1,0,0,0,0,1,0,0
2250,1991,1,1,1,0,0,0,0,0,0,0
2256,1987,3,3,0,0,0,0,0,0,1,0
2256,1988,2,2,0,0,0,0,0,0,0,0
2261,1988,2,1,0,0,0,0,0,0,0,0
2266,1998,3,2,0,0,0,0,1,0,1,0
2266,1999,3,3,1,0,0,0,0,0,0,0
2266,2000,3,3,2,1,0,1,0,0,0,0
2266,2001,3,2,2,0,0,0,1,0,0,0
2266,2002,6,5,1,0,0,1,0,0,1,1
2266,2003,3,3,1,0,0,0,0,0,0,0
2266,2006,9,7,2,0,0,1,2,0,2,0
2266,2007,6,6,1,0,0,0,0,0,2,0
2304,1996,2,2,1,0,0,1,0,0,0,0
2304,1997,3,3,0,0,0,0,0,0,0,0
2304,1998,10,9,2,1,0,0,0,0,1,1
2304,1999,5,5,0,0,0,0,0,0,1,0
2304,2000,6,6,2,1,0,0,0,0,0,0
2304,2002,3,3,0,0,0,0,0,0,0,0
2314,1993,3,3,2,0,0,0,0,0,1,0
2314,1994,2,1,1,0,0,0,0,0,0,1
2314,1997,2,2,0,0,0,0,0,0,0,0
2318,2000,3,2,0,0,0,0,0,1,0,0
2318,2009,7,5,3,0,1,0,0,0,0,0
2319,1987,3,3,0,0,0,0,0,0,1,0
2319,1993,4,4,0,0,0,0,0,0,0,0
2319,1995,1,1,0,0,0,0,0,0,0,0
2322,2012,2,2,0,0,0,0,0,0,1,0
2336,1996,2,1,1,0,0,1,1,0,0,0
2336,1997,3,3,0,0,0,0,0,0,0,0
2336,1998,9,7,3,0,0,0,2,0,2,0
2336,1999,10,8,3,0,0,1,2,0,0,0
2336,2000,6,6,1,1,0,0,0,0,1,0
2336,2001,2,2,0,0,0,0,0,0,2,0
2336,2002,6,6,1,0,0,0,0,0,1,0
2338,1997,4,4,0,0,0,0,0,0,1,0
2338,1998,3,3,2,0,0,0,0,0,1,0
2338,1999,3,2,1,0,0,0,1,0,0,0
2338,2000,3,2,1,0,0,0,1,0,0,0
2338,2001,4,4,1,0,0,0,0,0,1,0
2343,2007,2,2,0,0,0,0,0,0,1,0
2358,2012,2,2,0,0,0,0,0,0,2,0
2360,1993,4,3,0,0,0,0,1,0,1,0
2374,2009,2,2,0,0,0,0,0,0,2,0
2382,1989,2,2,1,1,0,0,0,0,0,0
2382,1990,1,1,1,0,0,0,0,0,0,0
2382,1993,4,2,0,0,0,0,2,0,0,0
2389,2007,1,1,1,1,0,0,0,0,0,0
2389,2009,1,1,1,0,0,0,0,0,0,0
2389,2010,1,0,0,0,0,0,1,0,0,0
2407,1988,2,1,0,0,0,0,0,0,0,0
2412,2001,6,6,0,0,0,0,0,0,2,0
2412,2002,7,6,0,0,0,0,0,0,0,1
2415,2012,3,3,1,1,0,0,0,0,0,0
2420,2010,1,1,0,0,0,0,0,0,0,0
2430,2012,3,3,2,1,0,0,0,0,0,0
2432,2003,7,7,3,0,0,0,0,0,0,0
2432,2004,4,4,2,0,0,0,0,0,0,0
2432,2005,3,3,2,1,0,0,0,0,1,0
2432,2006,6,5,2,0,1,0,0,0,0,0
2432,2009,3,2,0,0,0,0,1,0,0,0
2441,2003,3,2,0,0,0,0,0,1,1,0
2441,2004,9,9,1,1,0,0,0,0,1,0
2441,2005,3,3,0,0,0,0,0,0,0,0
2445,1997,3,3,1,0,0,1,0,0,0,0
2455,2002,4,4,1,1,0,0,0,0,1,0
2455,2003,3,3,0,0,0,0,0,0,0,0
2455,2004,2,2,1,0,0,0,0,0,0,0
2455,2005,8,7,3,0,0,0,1,0,1,0
2455,2006,2,2,0,0,0,0,0,0,0,0
2455,2008,2,2,1,0,0,1,0,0,0,0
2474,2004,9,9,1,0,0,0,0,0,3,0
2474,2005,7,4,1,0,1,0,3,0,0,0
2474,2006,9,6,3,2,0,0,3,0,2,0
2474,2008,3,3,1,0,0,0,0,0,1,0
2474,2010,3,2,0,0,0,0,1,0,1,0
2488,2010,3,3,1,0,0,0,0,0,0,0
2494,1997,3,3,1,0,0,0,0,0,1,0
2494,1998,9,9,4,2,0,0,0,0,3,0
2494,1999,6,6,1,1,0,0,0,0,0,0
2494,2000,6,6,3,0,0,0,0,0,0,0
2494,2002,3,3,0,0,0,0,0,0,1,0
2494,2003,6,6,1,0,0,0,0,0,1,0
2501,1986,5,5,1,1,0,0,0,0,0,0
2501,1987,8,8,2,0,0,0,0,0,1,0
2504,1997,3,3,0,0,0,0,0,0,1,0
2504,1998,6,6,2,1,0,0,0,0,2,0
2504,1999,4,3,3,0,0,0,1,0,0,0
2504,2000,6,6,0,0,0,0,0,0,1,0
2504,2001,4,3,1,0,0,1,1,0,1,0
2504,2002,10,10,2,1,0,1,0,0,1,0
2504,2004,3,3,0,0,0,0,0,0,0,0
2508,2002,1,1,0,0,0,0,0,0,1,0
2509,2006,3,2,0,0,0,0,0,0,1,1
2521,2002,4,4,1,0,0,0,0,0,1,0
2521,2004,1,1,0,0,0,0,0,0,1,0
2521,2005,2,2,0,0,0,0,0,0,0,0
2521,2006,6,5,3,2,0,1,1,0,0,0
2536,1999,4,4,0,0,0,0,0,0,1,0
2548,1993,5,5,1,0,0,0,0,0,3,0
2548,1994,8,7,3,1,0,0,1,0,0,0
2548,1996,6,5,4,0,0,0,1,0,0,0
2548,1997,3,3,1,0,0,0,0,0,0,0
2548,1998,6,6,1,0,0,0,0,0,1,0
2548,2000,1,1,0,0,0,0,0,0,0,0
2548,2001,5,3,0,0,0,0,2,0,0,0
2556,2008,3,3,0,0,0,0,0,0,1,0
2573,1998,3,3,2,1,0,0,0,0,0,0
2583,1996,15,12,3,0,0,0,1,0,0,0
2583,1997,2,2,0,0,0,0,0,0,0,0
2583,1998,7,6,1,0,0,1,1,0,2,0
2583,1999,7,7,1,0,0,0,0,0,2,0
2583,2000,4,3,2,0,0,1,1,0,0,0
2583,2001,11,9,4,0,0,0,1,1,0,0
2583,2002,4,3,1,0,0,0,0,0,0,1
2583,2003,1,1,0,0,0,0,0,0,0,0
2583,2004,3,3,1,1,0,0,0,0,0,0
2588,1986,1,0,0,0,0,0,1,0,0,0
2588,1988,2,1,1,0,0,0,1,0,0,0
2597,1986,3,2,0,0,0,0,0,0,1,0
2608,1987,3,3,0,0,0,0,0,0,2,0
2608,1988,3,3,0,0,0,0,0,0,2,0
2612,2001,4,4,0,0,0,0,0,0,1,0
2612,2002,3,3,0,0,0,0,0,0,1,0
2612,2005,3,3,1,1,0,0,0,0,0,0
2615,1991,2,2,0,0,0,0,0,0,0,0
2616,2005,6,5,2,0,0,1,1,0,0,0
2624,1989,2,2,0,0,0,0,0,0,0,0
2624,1990,1,0,0,0,0,0,0,1,0,0
2628,1999,3,3,1,0,0,0,0,0,1,0
2628,2004,3,3,0,0,0,0,0,0,1,0
2636,1987,9,9,2,0,0,0,0,0,3,0
2636,1990,2,2,0,0,0,0,0,0,1,0
2636,1993,4,4,0,0,0,0,0,0,1,0
2636,1994,7,5,3,1,0,1,2,0,1,0
2636,1995,9,8,4,1,0,1,1,0,0,0
2636,1996,3,3,1,0,0,0,0,0,1,0
2636,1997,5,4,2,1,0,1,1,0,1,0
2636,1999,6,6,0,0,0,0,0,0,1,0
2638,2008,3,2,1,0,0,1,1,0,1,0
2644,1986,3,2,1,0,0,0,1,0,0,0
2644,1987,5,4,3,0,0,1,1,0,0,0
2644,1988,2,2,1,0,0,1,0,0,0,0
2644,1991,6,6,1,0,0,0,0,0,0,0
2644,1993,4,4,1,0,0,0,0,0,1,0
2644,1994,3,2,0,0,0,0,1,0,1,0
2644,1998,9,9,1,0,0,0,0,0,0,0
2644,2001,3,3,1,0,0,0,0,0,0,0
2646,1986,5,3,2,0,0,1,1,0,0,1
2646,1987,10,8,1,0,0,0,2,0,1,0
2646,1988,11,11,1,1,0,0,0,0,2,0
2649,2010,3,2,0,0,0,0,1,0,0,0
2649,2012,3,3,2,1,0,0,0,0,1,0
2654,2008,2,2,0,0,0,0,0,0,1,0
2674,1996,1,1,0,0,0,0,0,0,0,0
2696,1986,9,9,2,0,0,0,0,0,0,0
2696,1991,3,3,1,0,0,0,0,0,0,0
2696,1993,5,5,2,1,0,1,0,0,1,0
2696,1994,2,2,1,1,0,0,0,0,0,0
2710,2007,3,3,1,0,0,0,0,0,0,0
2719,1999,3,3,0,0,0,0,0,0,0,0
2720,1987,2,2,1,0,0,0,0,0,0,0
2723,1989,3,3,0,0,0,0,0,0,0,0
2723,1990,4,3,1,0,0,0,1,0,0,0
2737,2004,3,3,0,0,0,0,0,0,0,0
2737,2005,7,7,4,1,0,0,0,0,2,0
2737,2006,4,3,0,0,0,0,1,0,0,0
2737,2007,3,2,2,1,0,0,1,0,0,0
2754,2008,2,1,0,0,0,0,0,0,0,0
2767,1988,2,1,0,0,0,0,0,0,0,0
2773,1996,2,2,1,0,0,0,0,0,0,0
2773,1997,9,6,2,1,0,1,2,1,1,0
2773,1998,9,9,5,1,0,1,0,0,1,0
2773,1999,10,9,3,0,0,1,1,0,4,0
2773,2000,6,6,3,1,0,1,0,0,0,0
2773,2001,7,6,2,1,0,0,1,0,0,0
2773,2002,10,8,4,0,0,2,1,1,0,0
2773,2003,3,1,1,1,0,0,2,0,0,0
2773,2004,7,7,3,1,0,1,0,0,0,0
2773,2006,3,3,2,1,0,0,0,0,1,0
2773,2007,9,8,2,0,0,0,1,0,2,0
2773,2008,17,16,3,0,0,1,0,1,0,0
2773,2009,2,1,1,1,0,0,0,1,0,0
2778,1998,3,3,0,0,0,0,0,0,0,0
2778,2003,3,3,1,0,0,1,0,0,1,0
2785,1989,3,2,2,1,0,0,1,0,0,0
2809,1988,4,2,1,0,0,0,2,0,0,0
2810,2010,1,1,0,0,0,0,0,0,1,0
2819,2010,3,3,1,0,0,0,0,0,0,0
2819,2012,3,3,3,0,0,0,0,0,0,0
2828,1988,16,16,4,0,0,0,0,0,1,0
2829,2003,3,3,0,0,0,0,0,0,1,0
2829,2005,2,2,1,0,0,0,0,0,0,0
2829,2006,3,3,1,0,0,0,0,0,0,0
2829,2007,3,2,1,1,0,0,1,0,1,0
2829,2008,6,6,2,0,0,1,0,0,2,0
2829,2010,3,2,0,0,0,0,1,0,1,0
2835,1991,5,3,2,0,0,0,2,0,0,0
2835,1999,8,8,1,0,0,0,0,0,1,0
2835,2000,2,1,0,0,0,0,1,0,0,0
2842,1988,3,3,1,0,0,0,0,0,0,0
2848,1996,1,1,0,0,0,0,0,0,1,0
2852,1988,2,2,1,0,0,0,0,0,0,0
2852,1989,6,6,1,1,0,0,0,0,0,0
2852,1990,1,1,0,0,0,0,0,0,0,0
2852,1995,3,3,0,0,0,0,0,0,1,0
2852,1996,10,10,3,1,0,1,0,0,0,0
2852,1997,3,3,1,0,0,0,0,0,0,0
2869,1986,3,2,1,0,0,0,1,0,0,0
2869,1987,3,3,1,0,0,1,0,0,0,0
2869,1988,2,2,1,0,0,0,0,0,0,0
2873,1990,2,2,0,0,0,0,0,0,0,0
2874,1999,6,5,1,0,0,1,0,0,1,0
2874,2000,2,2,0,0,0,0,0,0,1,0
2874,2001,2,2,0,0,0,0,0,0,1,0
2874,2002,3,3,0,0,0,0,0,0,0,0
2874,2003,3,3,1,0,0,0,0,0,0,0
2874,2004,3,3,0,0,0,0,0,0,2,0
2875,1997,3,3,1,0,0,0,0,0,0,0
2890,1986,4,3,1,0,0,0,1,0,0,0
2890,1987,16,12,2,0,1,0,4,0,2,0
2891,1989,1,1,0,0,0,0,0,0,0,0
2892,2006,5,5,2,0,0,0,0,0,0,0
2892,2007,11,7,2,1,0,0,3,0,1,1
2892,2009,2,2,2,2,0,0,0,0,0,0
2892,2010,9,9,1,0,0,1,0,0,0,0
2892,2012,3,3,2,0,0,1,0,0,0,0
2895,2005,3,3,0,0,0,0,0,0,0,0
2904,2009,3,3,1,0,0,0,0,0,0,0
2911,2010,2,1,0,0,0,0,0,0,0,0
2918,1998,6,6,1,0,0,0,0,0,1,0
2918,1999,3,3,1,0,0,0,0,0,0,0
2918,2001,2,2,1,0,0,0,0,0,0,0
2918,2002,3,3,0,0,0,0,0,0,1,0
2918,2003,5,5,3,2,0,0,0,0,0,0
2944,1993,4,4,1,0,0,0,0,0,1,0
2944,1994,6,5,0,0,0,0,1,0,0,0
2944,1995,3,3,2,0,0,0,0,0,0,0
2944,1996,3,3,0,0,0,0,0,0,1,0
2944,1997,8,8,2,0,0,0,0,0,1,0
2944,1998,7,7,3,0,0,0,0,0,1,0
2944,1999,4,4,2,0,0,0,0,0,0,0
2979,2010,3,3,0,0,0,0,0,0,0,0
2989,1987,11,9,0,0,0,0,1,0,1,0
2989,1988,3,2,1,0,0,0,1,0,0,0
3003,2007,1,1,0,0,0,0,0,0,0,0
3003,2008,3,3,2,0,0,0,0,0,1,0
3003,2010,3,3,1,0,0,0,0,0,2,0
3010,1990,1,1,0,0,0,0,0,0,0,0
3014,1987,2,2,1,0,0,0,0,0,1,0
3015,2010,3,2,1,0,0,1,0,1,0,0
3037,1987,2,1,1,0,0,0,1,0,0,0
3044,2002,4,4,1,0,0,0,0,0,0,0
3044,2008,3,3,0,0,0,0,0,0,1,0
3045,2007,3,3,0,0,0,0,0,0,2,0
3045,2008,3,3,1,0,1,0,0,0,2,0
3045,2009,6,6,1,0,0,0,0,0,1,0
3065,2000,1,1,1,1,0,0,0,0,0,0
3069,2012,3,2,0,0,0,0,1,0,0,0
3072,2009,1,1,0,0,0,0,0,0,0,0
3083,2008,5,5,0,0,0,0,0,0,2,0
3083,2009,3,3,2,1,0,1,0,0,1,0
3095,2007,3,2,1,1,0,0,1,0,1,0
3095,2008,3,2,1,0,0,0,1,0,1,0
3098,1986,1,0,0,0,0,0,0,0,0,1
3098,1987,4,4,1,0,0,0,0,0,1,0
3098,1991,6,6,2,0,0,0,0,0,1,0
3098,1996,8,8,3,1,0,0,0,0,1,0
3098,1997,2,2,0,0,0,0,0,0,0,0
3099,2010,1,1,0,0,0,0,0,0,1,0
3102,2007,3,2,0,0,0,0,1,0,1,0
3102,2009,6,5,1,1,0,0,1,0,2,0
3114,1997,6,6,1,0,0,0,0,0,2,0
3116,1991,3,1,0,0,0,0,1,0,0,1
3116,1998,2,2,0,0,0,0,0,0,1,0
3116,2001,3,3,1,0,0,0,0,0,0,0
3122,2003,9,6,3,0,0,0,3,0,1,0
3122,2004,12,8,4,0,0,0,3,1,2,0
3122,2005,2,2,2,0,0,0,0,0,0,0
3128,1996,1,1,0,0,0,0,0,0,0,0
3137,1995,3,3,0,0,0,0,0,0,2,0
3137,1996,1,1,0,0,0,0,0,0,0,0
3137,1997,5,5,2,0,0,0,0,0,0,0
3137,1998,4,4,0,0,0,0,0,0,0,0
3137,1999,11,10,2,0,0,1,1,0,1,0
3137,2000,3,3,2,0,0,1,0,0,0,0
3137,2002,10,9,1,0,0,0,1,0,1,0
3137,2006,3,3,1,0,0,0,0,0,0,0
3137,2007,1,1,0,0,0,0,0,0,0,0
3140,1999,2,1,0,0,0,0,0,0,1,0
3147,1999,6,6,2,0,0,0,0,0,0,0
3147,2000,3,3,1,0,0,0,0,0,0,0
3147,2001,9,8,0,0,0,0,1,0,3,0
3147,2002,9,9,1,0,0,0,0,0,2,0
3147,2003,6,5,1,0,0,0,1,0,2,0
3147,2004,12,10,3,0,0,1,1,0,5,1
3152,1988,4,4,1,0,0,0,0,0,0,0
3152,1991,2,2,2,1,0,1,0,0,0,0
3160,1993,1,0,0,0,0,0,0,1,0,0
3160,1994,7,7,1,0,0,0,0,0,1,0
3160,1995,5,4,0,0,0,0,1,0,1,0
3160,1997,3,3,1,0,0,0,0,0,1,0
3160,1998,11,9,5,2,0,0,1,1,0,0
3160,1999,8,5,0,0,0,0,1,2,2,0
3160,2000,7,6,2,1,0,0,1,0,1,0
3160,2002,4,4,1,0,0,0,0,0,1,0
3160,2007,7,5,2,0,0,0,2,0,0,0
3160,2008,12,12,4,0,0,1,0,0,0,0
3163,1987,3,3,0,0,0,0,0,0,2,0
3175,2001,13,13,3,0,0,1,0,0,1,0
3175,2002,7,7,3,0,0,0,0,0,0,0
3175,2003,20,19,4,1,0,0,1,0,1,0
3175,2004,14,13,4,1,0,0,0,0,1,0
3175,2007,4,4,0,0,0,0,0,0,0,0
3175,2010,4,4,1,0,0,0,0,0,0,0
3192,1995,7,7,2,0,0,0,0,0,0,0
3192,1996,1,0,0,0,0,0,1,0,0,0
3192,1997,6,6,2,0,0,0,0,0,0,0
3192,1998,7,7,2,1,0,0,0,0,1,0
3192,1999,3,3,0,0,0,0,0,0,1,0
3192,2008,3,3,0,0,0,0,0,0,0,0
3192,2010,3,3,2,0,0,1,0,0,0,0
3221,1990,3,2,0,0,0,0,0,0,1,1
3243,2006,4,4,1,0,0,1,0,0,1,0
3247,2002,3,3,0,0,0,0,0,0,1,0
3247,2003,10,10,2,2,0,0,0,0,0,0
3247,2005,4,2,1,0,0,1,0,2,0,0
3247,2012,3,3,2,1,0,1,0,0,0,0
3257,1988,9,7,1,0,0,0,2,0,0,0
3257,1996,7,7,2,0,0,0,0,0,2,0
3257,1998,1,1,0,0,0,0,0,0,0,0
3257,2000,3,3,1,0,0,0,0,0,1,0
3266,2007,3,1,0,0,0,0,2,0,0,0
3266,2009,2,2,2,0,1,1,0,0,0,0
3267,1997,3,3,0,0,0,0,0,0,2,0
3267,1999,7,7,3,0,0,1,0,0,2,0
3267,2000,7,7,2,0,0,1,0,0,2,0
3267,2007,3,3,2,2,0,0,0,0,0,0
3274,1987,4,3,0,0,0,0,1,0,1,0
3274,1988,1,1,0,0,0,0,0,0,0,0
3298,1997,9,8,1,0,0,0,1,0,0,0
3298,1998,7,7,2,0,0,1,0,0,1,0
3298,1999,10,9,3,0,0,0,1,0,1,0
3298,2000,3,3,1,0,0,0,0,0,0,0
3298,2001,12,10,2,0,0,0,1,1,0,0
3298,2002,4,4,0,0,0,0,0,0,1,0
3298,2003,12,9,1,0,0,0,1,2,1,0
3298,2004,10,9,1,0,0,0,0,1,1,0
3298,2005,12,12,3,1,0,1,0,0,2,0
3298,2006,3,3,1,1,0,0,0,0,0,0
3300,1986,3,3,2,1,0,0,0,0,0,0
3300,1987,3,3,0,0,0,0,0,0,0,0
3300,1988,2,1,0,0,0,0,1,0,0,0
3300,1989,2,0,0,0,0,0,2,0,0,0
3308,2004,3,3,0,0,0,0,0,0,2,0
3309,2010,3,3,0,0,0,0,0,0,0,0
3315,2007,9,9,3,2,0,0,0,0,2,0
3315,2008,3,3,0,0,0,0,0,0,1,0
3315,2009,5,5,1,0,0,0,0,0,1,0
3315,2010,5,5,1,1,0,0,0,0,1,0
3319,1993,8,8,1,0,0,0,0,0,1,0
3319,1994,3,3,0,0,0,0,0,0,0,0
3319,1995,2,2,1,0,0,1,0,0,0,0
3335,2004,3,3,0,0,0,0,0,0,2,0
3343,2007,3,3,1,0,0,1,0,0,0,0
3352,2007,3,3,1,0,0,0,0,0,0,0
3352,2009,5,5,0,0,0,0,0,0,2,0
3352,2012,3,3,2,1,0,0,0,0,0,0
3359,1989,2,2,0,0,0,0,0,0,0,0
3359,1990,2,1,1,1,0,0,1,0,0,0
3362,2008,6,4,0,0,0,0,2,0,1,0
3362,2009,3,3,1,0,0,0,0,0,0,0
3369,2000,6,5,2,1,0,0,1,0,2,0
3369,2001,11,9,2,0,0,1,0,2,1,0
3369,2002,8,7,3,1,0,0,1,0,1,0
3369,2003,3,3,0,0,0,0,0,0,0,0
3369,2005,3,3,0,0,0,0,0,0,2,0
3377,1995,5,5,2,0,0,0,0,0,0,0
3377,1996,1,1,0,0,0,0,0,0,0,0
3381,2006,7,7,2,0,0,0,0,0,0,0
3419,1996,3,3,0,0,0,0,0,0,0,0
3419,2000,2,2,0,0,0,0,0,0,1,0
3427,1999,6,6,3,0,0,0,0,0,2,0
3427,2003,2,0,0,0,0,0,1,0,0,0
3433,1989,2,1,0,0,0,0,0,0,0,0
3436,1990,2,1,0,0,0,0,1,0,0,0
3436,1994,3,3,0,0,0,0,0,0,2,0
3441,2001,3,1,1,0,0,0,0,0,0,1
3441,2006,3,3,0,0,0,0,0,0,0,0
3441,2007,3,3,0,0,0,0,0,0,0,0
3441,2010,3,3,2,0,0,0,0,0,0,0
3450,1989,5,4,0,0,0,0,1,0,0,0
3450,1993,5,5,1,0,0,0,0,0,0,0
3450,1994,6,6,3,1,0,0,0,0,0,0
3450,1995,3,3,0,0,0,0,0,0,0,0
3459,2001,3,3,0,0,0,0,0,0,1,0
3468,1986,2,2,0,0,0,0,0,0,1,0
3469,1990,9,9,2,0,0,0,0,0,0,0
3469,1995,9,9,0,0,0,0,0,0,2,0
3469,1997,3,3,3,1,0,0,0,0,0,0
3469,1998,6,6,2,1,0,0,0,0,1,0
3469,1999,10,10,1,0,0,0,0,0,0,0
3469,2001,4,4,1,1,0,0,0,0,0,0
3486,2002,3,3,1,0,0,0,0,0,0,0
3489,1990,6,5,0,0,0,0,1,0,2,0
3489,1993,4,4,1,0,0,0,0,0,2,0
3489,1994,6,6,4,1,0,1,0,0,0,0
3489,1996,11,10,1,0,0,0,1,0,2,0
3489,1997,2,2,0,0,0,0,0,0,0,0
3489,1998,10,10,1,1,0,0,0,0,4,0
3495,2007,3,3,1,1,0,0,0,0,0,0
3495,2008,6,5,1,0,0,1,0,1,0,0
3495,2009,5,3,0,0,0,0,0,2,2,0
3495,2010,3,3,1,0,0,1,0,0,1,0
3502,2003,8,8,3,0,0,0,0,0,2,0
3502,2004,9,9,2,0,0,1,0,0,2,0
3502,2005,17,16,6,1,0,0,0,0,1,0
3502,2006,12,12,5,2,0,0,0,0,0,0
3516,1986,1,0,0,0,0,0,1,0,0,0
3520,1990,1,1,0,0,0,0,0,0,0,0
3520,1998,3,3,1,0,0,0,0,0,0,0
3520,2005,6,6,1,0,0,1,0,0,1,0
3534,1987,4,4,0,0,0,0,0,0,3,0
3540,1988,1,1,1,0,0,0,0,0,0,0
3545,1990,3,3,2,1,0,0,0,0,0,0
3550,1986,3,3,1,0,0,0,0,0,1,0
3550,1987,7,7,2,0,0,0,0,0,3,0
3550,1988,9,6,1,0,0,0,2,0,1,1
3556,1994,3,3,0,0,0,0,0,0,1,0
3556,1998,3,2,0,0,0,0,0,0,0,1
3556,2002,6,6,1,1,0,0,0,0,0,0
3556,2004,7,7,2,1,0,0,0,0,1,0
3561,1987,1,1,1,1,0,0,0,0,0,0
3568,1998,9,9,2,2,0,0,0,0,2,0
3568,1999,6,6,1,0,0,0,0,0,0,0
3568,2001,4,4,1,0,0,1,0,0,0,0
3572,1990,6,5,1,0,0,0,1,0,1,0
3572,1993,2,2,0,0,0,0,0,0,0,0
3584,2007,5,4,0,0,0,0,1,0,3,0
3584,2008,11,11,6,3,0,1,0,0,0,0
3584,2009,3,3,0,0,0,0,0,0,0,0
3595,2002,3,3,2,0,0,0,0,0,0,0
3595,2003,3,3,1,1,0,0,0,0,0,0
3595,2005,4,3,0,0,0,0,1,0,0,0
3604,1988,4,4,2,0,0,0,0,0,0,0
3609,2007,3,3,0,0,0,0,0,0,1,0
3617,1998,3,3,0,0,0,0,0,0,0,0
3618,1999,5,5,1,0,0,0,0,0,1,0
3618,2000,2,2,0,0,0,0,0,0,1,0
3618,2001,2,2,0,0,0,0,0,0,0,0
3618,2003,6,6,0,0,0,0,0,0,0,0
3618,2004,3,2,0,0,0,0,0,0,0,0
3625,2004,3,3,0,0,0,0,0,0,0,0
3625,2005,2,2,0,0,0,0,0,0,2,0
3625,2006,7,7,2,2,0,0,0,0,0,0
3634,1987,4,2,2,0,0,0,1,0,0,0
3634,1988,2,2,0,0,0,0,0,0,2,0
3649,1986,6,5,1,0,0,0,1,0,3,0
3662,2009,3,3,1,0,0,0,0,0,1,0
3664,1998,4,4,1,0,0,0,0,0,1,0
3682,1993,3,3,2,0,0,0,0,0,0,0
3682,1994,3,3,1,0,0,0,0,0,1,0
3682,1996,4,4,1,0,0,0,0,0,0,0
3682,2003,3,3,2,0,0,0,0,0,0,0
3684,2006,6,6,2,0,0,0,0,0,0,0
3684,2007,12,12,4,1,0,0,0,0,1,0
3684,2008,6,6,1,0,0,0,0,0,0,0
3684,2009,6,6,2,0,0,0,0,0,0,0
3684,2010,5,3,1,0,0,0,0,1,0,1
3688,2007,2,2,0,0,0,0,0,0,1,0
3709,1996,3,2,1,0,0,0,1,0,0,0
3710,2012,2,2,1,0,0,1,0,0,0,0
3715,2006,3,3,0,0,0,0,0,0,0,0
3719,2012,3,3,0,0,0,0,0,0,0,0
3726,1988,3,2,1,0,0,0,0,0,1,0
3734,2005,3,3,1,0,0,0,0,0,0,0
3762,1995,3,3,0,0,0,0,0,0,1,0
3762,1997,3,3,0,0,0,0,0,0,0,0
3762,1999,3,1,0,0,0,0,2,0,1,0
3762,2001,2,2,1,0,0,0,0,0,0,0
3763,1990,3,3,1,0,0,0,0,0,0,0
3763,1993,4,3,2,1,0,1,1,0,0,0
3763,1994,6,5,0,0,0,0,1,0,3,0
3763,1996,5,5,0,0,0,0,0,0,1,0
3763,1997,3,3,1,0,0,0,0,0,1,0
3763,1998,3,3,1,1,0,0,0,0,0,0
3763,1999,3,3,1,0,0,0,0,0,0,0
3763,2000,3,3,1,0,0,0,0,0,1,0
3763,2001,5,5,0,0,0,0,0,0,1,0
3763,2002,3,3,0,0,0,0,0,0,0,0
3774,2008,6,6,2,0,0,0,0,0,1,0
3780,2002,3,3,0,0,0,0,0,0,0,0
3780,2003,3,3,1,0,0,0,0,0,0,0
3780,2004,1,0,0,0,0,0,1,0,0,0
3794,2003,4,3,0,0,0,0,1,0,0,0
3794,2007,4,4,2,0,0,0,0,0,1,0
3794,2009,6,6,3,2,0,0,0,0,0,0
3804,1989,2,2,0,0,0,0,0,0,0,0
3804,1990,5,4,2,0,0,0,1,0,0,0
3804,1993,6,6,2,1,0,0,0,0,2,0
3804,1995,6,6,0,0,0,0,0,0,2,0
3804,2000,3,3,0,0,0,0,0,0,0,0
3810,1989,6,6,1,0,0,0,0,0,2,0
3810,1990,5,5,4,3,0,0,0,0,1,0
3810,1993,7,6,0,0,0,0,1,0,2,0
3810,1995,6,5,2,0,0,0,0,0,0,0
3810,1997,5,5,1,1,0,0,0,0,0,0
3817,1986,5,5,2,0,0,0,0,0,2,0
3817,1987,11,10,5,1,0,0,1,0,3,0
3817,1988,10,10,3,1,0,1,0,0,1,0
3817,1991,5,4,1,0,0,0,1,0,2,0
3817,2001,11,10,4,1,0,0,1,0,4,0
3817,2004,2,2,2,0,0,0,0,0,0,0
3831,1989,1,1,0,0,0,0,0,0,0,0
3831,1990,3,3,1,0,0,0,0,0,0,0
3831,1993,9,9,3,0,0,0,0,0,0,0
3831,1994,5,5,1,0,0,0,0,0,2,0
3831,1995,2,2,1,0,0,0,0,0,0,0
3844,1989,3,3,0,0,0,0,0,0,0,0
3844,1990,1,1,0,0,0,0,0,0,0,0
3846,1988,7,6,0,0,0,0,1,0,0,0
3846,2001,6,5,0,0,0,0,0,0,4,0
3846,2002,2,2,0,0,0,0,0,0,1,0
3861,1997,5,5,1,0,0,0,0,0,1,0
3877,2006,1,1,1,0,0,0,0,0,0,0
3884,1998,3,3,1,0,1,0,0,0,0,0
3884,1999,7,7,2,0,0,1,0,0,4,0
3884,2002,3,3,0,0,0,0,0,0,0,0
3884,2003,3,3,0,0,0,0,0,0,0,0
3896,1997,4,4,1,1,0,0,0,0,0,0
3896,1998,7,7,3,1,1,0,0,0,0,0
3896,1999,7,7,3,1,0,1,0,0,0,0
3896,2000,6,6,1,0,0,0,0,0,1,0
3896,2001,4,3,1,1,0,0,1,0,0,0
3896,2002,3,3,2,1,0,0,0,0,0,0
3896,2003,3,3,2,0,0,0,0,0,0,0
3896,2007,3,3,2,1,0,0,0,0,0,0
3911,2010,3,3,0,0,0,0,0,0,0,0
3925,2009,3,3,0,0,0,0,0,0,1,0
3925,2010,2,2,2,0,0,0,0,0,0,0
3931,1986,5,5,3,0,0,0,0,0,0,0
3931,1987,8,5,0,0,0,0,2,0,1,1
3949,1986,3,3,0,0,0,0,0,0,0,0
3960,1993,5,5,1,0,0,0,0,0,1,0
3960,1995,5,5,3,1,0,1,0,0,0,0
3960,1996,1,1,0,0,0,0,0,0,0,0
3960,1998,3,3,0,0,0,0,0,0,0,0
3960,1999,6,6,1,0,0,1,0,0,0,0
3963,2006,3,3,0,0,0,0,0,0,1,0
3963,2007,2,1,0,0,0,0,0,0,0,0
3999,2006,3,3,0,0,0,0,0,0,0,0
3999,2007,3,3,0,0,0,0,0,0,2,0
4006,2003,3,3,0,0,0,0,0,0,0,0
4006,2004,6,4,1,0,0,0,0,2,0,0
4006,2009,2,2,0,0,0,0,0,0,0,0
4012,1996,4,3,0,0,0,0,1,0,1,0
4012,1997,8,7,2,1,0,0,0,1,1,0
4012,1998,6,5,1,1,0,0,0,1,0,0
4012,2000,9,9,3,1,0,0,0,0,0,0
4012,2001,9,4,2,0,0,0,2,2,0,1
4012,2002,6,6,2,1,0,0,0,0,0,0
4012,2003,9,9,2,0,0,0,0,0,1,0
4012,2004,6,6,1,0,0,1,0,0,3,0
4012,2005,3,3,1,0,0,0,0,0,0,0
4013,2000,3,3,0,0,0,0,0,0,1,0
4013,2001,2,2,1,1,0,0,0,0,1,0
4013,2002,6,6,1,0,0,0,0,0,1,0
4020,2002,3,3,0,0,0,0,0,0,0,0
4020,2003,3,3,0,0,0,0,0,0,1,0
4020,2004,6,5,1,0,0,0,0,1,1,0
4020,2005,6,5,2,0,0,0,1,0,0,0
4020,2006,6,5,1,0,0,0,0,0,0,1
4028,1988,10,10,4,1,0,0,0,0,1,0
4038,1995,2,2,0,0,0,0,0,0,0,0
4038,1997,5,4,2,1,0,0,1,0,1,0
4038,2000,6,5,2,0,1,0,1,0,1,0
4038,2001,9,9,2,1,0,1,0,0,2,0
4038,2002,3,2,0,0,0,0,0,0,1,0
4038,2003,11,10,1,0,0,0,0,0,3,1
4039,2002,5,5,0,0,0,0,0,0,0,0
4039,2005,3,3,1,0,0,0,0,0,0,0
4053,2004,3,3,0,0,0,0,0,0,0,0
4053,2006,3,3,0,0,0,0,0,0,0,0
4053,2007,7,5,1,0,0,0,2,0,1,0
4053,2008,7,6,3,1,0,0,1,0,0,0
4056,2003,4,4,0,0,0,0,0,0,1,0
4056,2006,3,3,0,0,0,0,0,0,0,0
4056,2007,5,4,1,0,0,0,1,0,0,0
4075,2005,5,4,1,1,0,0,1,0,0,0
4078,1999,3,3,1,0,0,0,0,0,2,0
4081,1996,8,8,0,0,0,0,0,0,2,0
4081,1997,5,5,1,0,0,0,0,0,2,0
4088,1989,6,6,3,0,0,0,0,0,2,0
4088,1990,5,5,1,0,0,0,0,0,1,0
4088,1993,4,4,1,1,0,0,0,0,2,0
4090,2003,5,5,1,0,0,0,0,0,0,0
4093,1999,10,7,4,3,0,0,1,2,1,0
4093,2000,6,6,2,0,0,0,0,0,4,0
4093,2001,11,10,1,0,0,1,1,0,2,0
4093,2002,6,4,1,0,0,0,1,0,1,1
4093,2003,10,9,3,1,0,0,1,0,1,0
4093,2004,9,8,3,0,0,2,0,1,0,0
4093,2006,7,5,3,0,0,1,2,0,0,0
4093,2007,2,2,1,0,0,1,0,0,0,0
4093,2008,3,3,1,1,0,0,0,0,1,0
4093,2010,9,8,2,0,0,0,1,0,3,0
4095,2007,6,4,2,0,0,0,0,0,0,0
4126,2012,3,3,1,1,0,0,0,0,2,0
4133,1993,3,3,0,0,0,0,0,0,0,0
4133,1994,7,6,3,0,0,0,1,0,1,0
4133,1998,2,2,0,0,0,0,0,0,1,0
4133,2001,5,5,0,0,0,0,0,0,3,0
4133,2002,5,4,0,0,0,0,1,0,1,0
4133,2004,3,3,0,0,0,0,0,0,0,0
4133,2005,3,3,0,0,0,0,0,0,0,0
4133,2006,3,3,0,0,0,0,0,0,0,0
4133,2008,2,1,0,0,0,0,1,0,0,0
4134,2007,3,3,0,0,0,0,0,0,0,0
4136,2006,5,5,0,0,0,0,0,0,4,0
4136,2009,3,3,1,0,0,0,0,0,1,0
4152,1995,6,6,3,1,0,0,0,0,0,0
4152,1996,1,1,0,0,0,0,0,0,0,0
4152,1997,4,4,0,0,0,0,0,0,1,0
4152,1998,6,6,2,1,0,0,0,0,0,0
4152,1999,4,4,0,0,0,0,0,0,0,0
4152,2000,5,5,1,0,0,0,0,0,0,0
4152,2001,7,7,2,0,0,1,0,0,0,0
4152,2005,2,2,1,0,0,0,0,0,1,0
4153,2006,5,4,4,2,0,1,1,0,0,0
4153,2007,2,2,0,0,0,0,0,0,1,0
4153,2009,3,3,0,0,0,0,0,0,0,0
4153,2010,3,3,1,1,0,0,0,0,0,0
4154,2006,3,3,1,0,0,0,0,0,0,0
4154,2007,7,6,2,0,0,2,0,0,0,1
4154,2008,6,6,2,0,0,1,0,0,0,0
4154,2010,4,4,0,0,0,0,0,0,0,0
4155,2009,1,1,0,0,0,0,0,0,0,0
4156,2009,2,2,0,0,0,0,0,0,0,0
4158,2008,3,3,1,1,0,0,0,0,2,0
4160,1988,1,1,0,0,0,0,0,0,1,0
4163,2008,1,1,0,0,0,0,0,0,0,0
4171,1988,1,1,1,0,0,0,0,0,0,0
4172,1993,3,3,0,0,0,0,0,0,2,0
4172,1994,3,3,1,0,0,0,0,0,0,0
4172,1995,3,2,0,0,0,0,1,0,0,0
4172,1996,8,4,0,0,0,0,4,0,3,0
4172,1997,9,8,2,0,0,1,1,0,1,0
4172,1998,1,0,0,0,0,0,1,0,0,0
4172,1999,7,7,4,2,0,0,0,0,0,0
4172,2000,6,6,2,0,0,1,0,0,0,0
4172,2001,3,3,0,0,0,0,0,0,0,0
4172,2002,6,5,3,1,0,1,1,0,1,0
4172,2003,6,6,2,0,0,1,0,0,1,0
4175,1998,13,13,0,0,0,0,0,0,3,0
4175,2008,3,3,0,0,0,0,0,0,0,0
4181,2012,2,2,1,1,0,0,0,0,0,0
4191,1993,1,1,1,1,0,0,0,0,0,0
4191,1995,2,2,1,0,0,0,0,0,0,0
4197,2000,3,3,0,0,0,0,0,0,1,0
4197,2002,2,1,1,0,0,1,1,0,0,0
4209,1995,6,6,2,0,0,0,0,0,2,0
4209,1996,17,16,5,1,0,0,0,0,1,0
4209,1997,6,6,2,0,0,0,0,0,1,0
4209,2000,3,3,2,0,0,0,0,0,1,0
4215,2012,3,3,0,0,0,0,0,0,2,0
4231,2010,2,2,0,0,0,0,0,0,1,0
4241,2004,2,1,0,0,0,0,1,0,0,0
4241,2007,1,1,0,0,0,0,0,0,1,0
4256,2000,3,1,0,0,0,0,2,0,1,0
4256,2003,3,3,1,1,0,0,0,0,0,0
4256,2005,4,3,0,0,0,0,0,0,0,0
4256,2006,3,3,0,0,0,0,0,0,0,0
4256,2007,3,3,0,0,0,0,0,0,0,0
4268,2005,4,4,0,0,0,0,0,0,0,0
4268,2007,3,3,1,0,0,1,0,0,0,0
4268,2010,3,3,0,0,0,0,0,0,1,0
4271,1987,2,2,0,0,0,0,0,0,2,0
4295,1990,3,2,0,0,0,0,1,0,0,0
4295,1993,7,6,2,0,0,0,1,0,0,0
4295,1995,3,3,1,0,0,0,0,0,0,0
4295,1997,3,2,1,1,0,0,0,0,0,0
4295,1998,3,3,2,0,0,0,0,0,1,0
4295,2000,3,3,2,0,0,0,0,0,0,0
4314,2004,3,3,0,0,0,0,0,0,0,0
4314,2006,3,2,1,0,0,0,1,0,0,0
4314,2007,6,6,0,0,0,0,0,0,1,0
4314,2008,3,3,1,0,0,0,0,0,0,0
4316,1989,2,2,0,0,0,0,0,0,0,0
4316,1990,3,3,1,1,0,0,0,0,0,0
4316,1993,5,4,2,0,0,0,1,0,0,0
4316,1994,2,1,1,0,0,0,0,0,0,1
4316,1995,1,0,0,0,0,0,1,0,0,0
4320,1996,5,3,1,0,0,0,2,0,0,0
4320,1997,9,9,2,0,0,1,0,0,0,0
4320,1999,7,6,2,1,0,0,1,0,1,0
4320,2001,9,9,1,0,0,0,0,0,1,0
4320,2002,3,3,2,0,0,0,0,0,0,0
4323,1996,2,2,0,0,0,0,0,0,0,0
4323,1997,3,3,2,0,0,0,0,0,0,0
4323,1998,10,10,3,1,0,0,0,0,5,0
4323,1999,10,9,2,1,0,0,0,1,1,0
4323,2000,3,3,0,0,0,0,0,0,1,0
4323,2006,3,3,1,1,0,0,0,0,0,0
4323,2007,3,2,1,1,0,0,0,1,0,0
4324,2000,2,2,2,0,0,0,0,0,0,0
4330,1997,3,3,0,0,0,0,0,0,0,0
4330,1999,4,4,1,0,0,1,0,0,0,0
4330,2000,3,2,1,0,0,1,1,0,0,0
4330,2003,4,3,0,0,0,0,1,0,0,0
4340,2003,2,1,0,0,0,0,0,1,0,0
4347,1997,5,4,1,0,0,0,1,0,1,0
4347,1998,7,7,2,1,0,0,0,0,3,0
4347,2000,9,8,1,0,0,1,1,0,0,0
4347,2001,8,7,3,0,0,0,1,0,2,0
4347,2002,6,6,0,0,0,0,0,0,3,0
4347,2003,4,3,1,0,0,0,1,0,0,0
4349,1988,3,3,0,0,0,0,0,0,1,0
4356,1987,2,1,0,0,0,0,1,0,0,0
4357,1989,2,1,0,0,0,0,1,0,0,0
4357,1990,2,2,1,0,0,0,0,0,1,0
4357,1993,8,7,4,2,0,0,1,0,3,0
4357,1994,10,10,2,1,0,1,0,0,1,0
4357,1996,2,2,1,0,0,0,0,0,0,0
4357,2007,3,3,0,0,0,0,0,0,1,0
4367,1991,5,4,3,1,0,0,0,0,0,0
4367,1997,2,2,0,0,0,0,0,0,2,0
4377,1986,2,2,1,0,0,0,0,0,1,0
4377,1987,4,1,0,0,0,0,1,0,1,0
4389,1989,4,3,0,0,0,0,1,0,2,0
4389,1990,9,7,3,1,0,0,1,0,1,1
4390,2006,4,4,0,0,0,0,0,0,1,0
4390,2007,2,2,2,1,0,1,0,0,0,0
4414,1987,7,4,2,0,0,1,3,0,0,0
4414,1988,3,3,2,0,0,0,0,0,1,0
4417,2004,13,10,2,1,1,0,3,0,0,0
4417,2005,15,14,6,2,0,4,0,0,0,1
4417,2006,9,6,3,0,0,1,3,0,0,0
4419,1997,2,2,0,0,0,0,0,0,0,0
4424,2002,4,4,1,0,0,0,0,0,1,0
4424,2003,3,2,0,0,0,0,0,0,0,1
4424,2004,3,3,1,0,0,0,0,0,1,0
4425,2004,3,3,1,1,0,0,0,0,0,0
4425,2005,3,3,0,0,0,0,0,0,0,0
4425,2007,3,3,1,0,0,1,0,0,0,0
4426,1999,4,4,1,1,0,0,0,0,2,0
4426,2003,3,3,1,0,0,0,0,0,0,0
4426,2004,12,12,2,1,0,1,0,0,1,0
4426,2005,3,2,0,0,0,0,1,0,0,0
4428,1990,7,6,0,0,0,0,0,0,1,1
4428,1993,5,5,1,1,0,0,0,0,0,0
4428,1994,3,3,1,0,0,0,0,0,0,0
4428,1995,3,3,0,0,0,0,0,0,1,0
4428,1997,5,5,2,1,0,0,0,0,0,0
4453,1988,9,9,3,0,0,0,0,0,2,0
4456,2002,3,2,0,0,0,0,1,0,0,0
4460,1999,10,7,2,1,0,0,1,1,0,1
4460,2000,6,6,2,0,0,0,0,0,0,0
4460,2002,8,7,0,0,0,0,0,0,2,0
4460,2003,3,3,0,0,0,0,0,0,0,0
4460,2004,3,3,1,0,0,1,0,0,0,0
4460,2005,2,2,2,1,0,0,0,0,0,0
4460,2008,12,12,4,2,0,0,0,0,1,0
4460,2009,3,3,3,0,0,0,0,0,0,0
4470,2012,3,2,1,0,0,0,1,0,0,0
4477,1986,4,4,0,0,0,0,0,0,0,0
4477,1987,10,8,4,0,0,1,1,0,0,1
4477,1988,8,6,3,0,0,0,2,0,1,0
4477,1998,4,4,2,0,0,0,0,0,0,0
4477,2000,2,2,1,0,0,0,0,0,0,0
4494,2003,6,6,0,0,0,0,0,0,3,0
4494,2004,6,4,1,0,0,0,1,1,1,0
4494,2006,3,3,1,0,0,0,0,0,1,0
4506,2000,3,3,0,0,0,0,0,0,0,0
4506,2001,3,3,0,0,0,0,0,0,2,0
4506,2002,5,5,3,1,0,0,0,0,0,0
4506,2004,6,6,0,0,0,0,0,0,1,0
4506,2009,3,3,2,1,0,0,0,0,0,0
4506,2010,4,4,1,0,0,0,0,0,0,0
4508,2007,1,1,0,0,0,0,0,0,0,0
4508,2008,6,4,0,0,0,0,2,0,0,0
4508,2010,4,4,0,0,0,0,0,0,0,0
4508,2012,3,3,2,0,0,0,0,0,0,0
4517,1987,9,7,1,0,0,0,1,1,0,0
4517,1988,4,3,0,0,0,0,0,1,0,0
4518,2007,3,3,2,1,0,0,0,0,0,0
4518,2008,5,5,3,1,0,0,0,0,1,0
4518,2009,3,3,1,0,0,0,0,0,0,0
4518,2010,1,1,0,0,0,0,0,0,1,0
4531,2001,6,5,1,0,0,0,1,0,2,0
4531,2003,6,6,0,0,0,0,0,0,3,0
4531,2006,3,3,2,1,0,0,0,0,0,0
4537,1997,4,3,1,0,0,0,0,0,0,0
4537,2000,6,6,0,0,0,0,0,0,0,0
4537,2002,3,3,1,0,0,0,0,0,0,0
4537,2003,4,4,0,0,0,0,0,0,2,0
4542,1995,4,4,1,1,0,0,0,0,2,0
4542,1996,3,3,1,0,0,0,0,0,2,0
4547,1993,3,3,0,0,0,0,0,0,0,0
4547,1995,8,7,1,0,0,0,0,0,1,0
4547,1996,6,6,2,0,0,0,0,0,0,0
4547,1997,3,2,0,0,0,0,1,0,0,0
4551,1986,1,1,0,0,0,0,0,0,0,0
4551,1988,6,5,2,0,0,0,0,0,1,0
4553,2007,3,3,1,0,0,0,0,0,1,0
4553,2008,3,2,2,0,0,0,1,0,0,0
4560,1996,3,3,2,0,0,0,0,0,0,0
4560,1997,5,5,1,1,0,0,0,0,1,0
4560,1998,2,2,0,0,0,0,0,0,1,0
4560,2000,3,3,1,0,0,1,0,0,1,0
4561,2009,2,2,0,0,0,0,0,0,0,0
4564,2007,1,1,0,0,0,0,0,0,0,0
4591,2009,2,2,2,0,0,1,0,0,0,0
4591,2012,2,2,1,0,0,0,0,0,0,0
4594,2008,3,2,0,0,0,0,1,0,0,0
4608,2009,1,1,0,0,0,0,0,0,1,0
4611,2007,2,2,0,0,0,0,0,0,1,0
4611,2009,2,2,0,0,0,0,0,0,1,0
4616,2007,3,3,1,0,0,1,0,0,0,0
4616,2008,6,5,2,0,0,1,1,0,1,0
4616,2009,5,5,0,0,0,0,0,0,1,0
4632,1989,5,5,1,1,0,0,0,0,1,0
4632,1990,4,4,3,2,0,0,0,0,0,0
4632,1993,3,3,0,0,0,0,0,0,1,0
4632,1994,7,6,2,0,0,0,1,0,0,0
4636,1987,6,6,2,1,0,1,0,0,1,0
4648,1993,3,2,0,0,0,0,0,1,0,0
4659,2012,1,1,0,0,0,0,0,0,0,0
4665,2012,2,2,1,0,0,0,0,0,1,0
4677,2001,2,2,0,0,0,0,0,0,0,0
4677,2003,3,2,0,0,0,0,0,0,0,0
4677,2004,6,6,1,0,0,0,0,0,2,0
4677,2008,6,5,3,1,0,1,1,0,2,0
4682,2007,3,2,1,0,0,0,1,0,0,0
4682,2008,5,4,2,2,0,0,1,0,0,0
4682,2009,5,5,1,0,0,0,0,0,1,0
4682,2010,3,3,0,0,0,0,0,0,1,0
4704,2003,6,6,1,1,0,0,0,0,0,0
4707,1993,3,3,0,0,0,0,0,0,0,0
4707,1994,3,3,1,1,0,0,0,0,0,0
4707,1995,1,1,0,0,0,0,0,0,0,0
4707,1999,4,4,1,0,0,0,0,0,0,0
4707,2001,2,2,0,0,0,0,0,0,0,0
4711,1990,3,3,0,0,0,0,0,0,0,0
4713,1986,2,1,0,0,0,0,1,0,0,0
4713,1987,10,8,2,1,0,0,2,0,2,0
4713,1988,7,6,1,0,0,0,0,0,1,0
4713,1991,4,4,2,1,0,0,0,0,1,0
4713,1993,2,2,2,0,0,0,0,0,0,0
4714,1998,3,3,0,0,0,0,0,0,2,0
4716,1987,3,3,1,1,0,0,0,0,0,0
4716,1988,3,3,2,0,0,0,0,0,0,0
4723,1997,4,4,0,0,0,0,0,0,2,0
4723,1998,3,3,0,0,0,0,0,0,0,0
4723,2002,10,8,4,0,0,1,1,1,0,0
4723,2003,9,8,2,0,0,1,1,0,0,0
4723,2004,6,6,1,0,0,0,0,0,1,0
4723,2005,3,3,0,0,0,0,0,0,1,0
4733,2006,3,2,1,0,0,1,1,0,0,0
4733,2007,3,3,1,1,0,0,0,0,1,0
4733,2009,3,2,1,1,0,0,1,0,1,0
4738,1991,1,1,0,0,0,0,0,0,0,0
4738,1997,3,3,0,0,0,0,0,0,0,0
4738,1999,4,4,1,0,0,0,0,0,1,0
4741,1986,8,3,3,1,0,0,4,0,0,0
4741,1987,16,10,1,0,0,1,6,0,1,0
4741,1988,3,3,0,0,0,0,0,0,1,0
4741,1991,2,2,1,0,0,0,0,0,1,0
4752,2008,3,3,0,0,0,0,0,0,1,0
4752,2010,4,3,1,1,0,0,1,0,0,0
4752,2012,3,3,0,0,0,0,0,0,0,0
4758,1986,3,2,0,0,0,0,1,0,0,0
4766,1990,3,2,1,0,0,0,1,0,1,0
4806,2006,8,6,4,1,0,1,2,0,2,0
4806,2008,1,1,0,0,0,0,0,0,0,0
4806,2009,12,12,3,0,0,1,0,0,1,0
4806,2010,3,3,1,0,0,0,0,0,1,0
4808,2000,3,3,0,0,0,0,0,0,0,0
4808,2001,3,2,1,1,0,0,0,1,0,0
4808,2006,4,3,0,0,0,0,1,0,0,0
4808,2007,3,3,2,1,0,0,0,0,0,0
4808,2008,3,2,1,0,0,0,1,0,0,0
4808,2009,3,3,1,0,0,0,0,0,0,0
4811,1993,2,2,1,0,0,0,0,0,0,0
4811,1994,2,2,0,0,0,0,0,0,1,0
4815,1989,1,1,1,1,0,0,0,0,0,0
4815,1990,2,2,0,0,0,0,0,0,0,0
4815,1993,7,7,1,0,0,0,0,0,1,0
4826,1989,2,2,1,1,0,0,0,0,0,0
4826,1990,4,3,3,2,0,0,1,0,0,0
4826,1994,6,6,0,0,0,0,0,0,0,0
4826,1995,5,4,1,0,0,0,1,0,1,0
4826,1998,12,12,1,1,0,0,0,0,5,0
4829,1988,3,2,0,0,0,0,1,0,1,0
4872,2007,6,5,2,0,0,1,1,0,1,0
4872,2008,12,8,1,0,0,0,2,2,0,0
4872,2009,12,10,1,0,0,0,1,1,3,0
4872,2012,1,1,0,0,0,0,0,0,0,0
4877,2008,7,7,4,1,0,0,0,0,0,0
4877,2009,6,6,1,0,0,0,0,0,3,0
4877,2010,3,3,0,0,0,0,0,0,0,0
4879,1998,3,3,1,0,0,0,0,0,0,0
4879,2000,2,2,0,0,0,0,0,0,1,0
4900,2005,6,6,2,0,0,0,0,0,0,0
4907,1986,8,8,2,1,0,1,0,0,2,0
4907,1987,3,3,1,0,0,1,0,0,1,0
4907,1988,4,4,0,0,0,0,0,0,0,0
4912,1987,2,2,0,0,0,0,0,0,2,0
4921,2000,5,5,1,0,0,1,0,0,1,0
4921,2001,8,6,0,0,0,0,2,0,1,0
4921,2002,17,15,1,0,0,0,1,0,3,1
4921,2003,6,6,1,0,0,0,0,0,0,0
4921,2006,6,5,2,1,0,0,1,0,1,0
4921,2009,6,4,1,0,0,0,2,0,0,0
4941,1996,1,1,0,0,0,0,0,0,0,0
4942,2008,4,4,0,0,0,0,0,0,2,0
4952,1987,6,6,1,0,0,0,0,0,0,0
4952,1988,3,3,1,0,0,1,0,0,0,0
4956,1988,2,1,1,1,0,0,0,0,0,0
4969,2010,3,2,0,0,0,0,0,1,1,0
4969,2012,3,2,1,0,0,1,1,0,0,0
4971,1993,2,2,0,0,0,0,0,0,1,0
4971,1995,5,5,0,0,0,0,0,0,2,0
4976,2010,1,1,0,0,0,0,0,0,1,0
4986,2002,3,3,0,0,0,0,0,0,2,0
4986,2005,6,6,0,0,0,0,0,0,2,0
4988,1996,3,2,1,0,0,0,0,0,1,1
4988,1997,3,3,0,0,0,0,0,0,0,0
4988,1998,15,13,2,0,0,0,1,0,1,1
4988,1999,4,3,1,0,0,0,1,0,1,0
4988,2000,7,7,4,0,0,0,0,0,1,0
4988,2002,4,3,2,0,0,0,0,1,0,0
4988,2003,6,4,4,0,0,0,2,0,0,0
4988,2004,3,1,0,0,0,0,2,0,0,0
4997,2005,6,4,1,0,0,0,2,0,0,0
4997,2006,7,7,3,0,0,0,0,0,2,0
4997,2007,2,2,1,0,0,0,0,0,1,0
4997,2008,3,3,1,0,0,0,0,0,0,0
4997,2009,7,7,4,1,0,3,0,0,1,0
4997,2010,3,3,1,0,0,0,0,0,0,0
4997,2012,3,2,1,0,0,0,1,0,0,0
5001,1990,3,2,1,1,0,0,1,0,0,0
5005,1990,8,7,1,1,0,0,1,0,2,0
5005,1993,8,7,0,0,0,0,1,0,2,0
5005,1997,3,3,1,0,0,0,0,0,0,0
5005,2000,6,5,2,0,0,0,1,0,1,0
5013,2009,2,2,0,0,0,0,0,0,0,0
5016,2007,2,2,1,0,0,0,0,0,1,0
5018,2001,8,7,4,0,0,2,0,0,2,1
5018,2002,3,3,1,0,0,1,0,0,1,0
5018,2005,6,5,0,0,0,0,1,0,0,0
5026,1998,8,8,1,0,0,0,0,0,2,0
5026,1999,3,3,2,0,0,1,0,0,1,0
5033,2002,10,9,3,0,0,1,1,0,0,0
5033,2003,4,4,2,1,0,0,0,0,0,0
5033,2004,10,10,4,1,0,1,0,0,1,0
5033,2005,6,6,1,0,0,0,0,0,2,0
5033,2006,5,5,0,0,0,0,0,0,1,0
5033,2010,1,1,0,0,0,0,0,0,0,0
5055,1997,3,2,1,1,0,0,0,0,0,0
5055,1998,3,3,0,0,0,0,0,0,1,0
5055,1999,7,7,2,0,0,0,0,0,0,0
5055,2000,3,3,0,0,0,0,0,0,1,0
5055,2001,7,6,2,1,0,0,1,0,0,0
5055,2002,3,3,1,0,0,0,0,0,0,0
5073,2009,1,1,0,0,0,0,0,0,0,0
5074,2010,3,3,1,0,0,0,0,0,0,0
5081,1996,8,7,2,0,0,0,1,0,1,0
5081,1997,2,2,0,0,0,0,0,0,1,0
5081,1998,2,2,0,0,0,0,0,0,1,0
5091,1996,2,2,0,0,0,0,0,0,0,0
5091,1997,9,7,2,0,0,1,1,1,2,0
5091,1998,7,6,3,1,0,0,1,0,0,0
5092,2005,3,2,0,0,0,0,1,0,0,0
5092,2006,7,7,1,1,0,0,0,0,1,0
5101,2006,4,3,0,0,0,0,1,0,1,0
5101,2007,3,3,0,0,0,0,0,0,0,0
5101,2010,1,1,1,0,0,0,0,0,0,0
5104,2000,3,3,2,0,0,0,0,0,0,0
5104,2002,3,3,1,0,0,0,0,0,0,0
5104,2006,2,2,0,0,0,0,0,0,1,0
5105,1988,2,2,0,0,0,0,0,0,1,0
5146,1988,5,3,1,1,0,0,2,0,1,0
5185,1995,6,6,2,0,0,0,0,0,0,0
5185,1996,10,8,2,0,0,1,1,0,1,0
5185,1997,3,2,0,0,0,0,1,0,1,0
5198,1993,4,4,2,0,0,0,0,0,0,0
5214,1986,2,2,0,0,0,0,0,0,1,0
5216,1989,3,2,0,0,0,0,1,0,0,0
5216,1990,4,4,0,0,0,0,0,0,0,0
5216,1993,3,3,2,0,0,0,0,0,0,0
5216,1994,3,3,0,0,0,0,0,0,0,0
5221,1987,6,4,2,0,0,0,2,0,1,0
5224,2000,1,1,1,0,0,0,0,0,0,0
5224,2002,2,1,0,0,0,0,1,0,0,0
5227,2002,5,5,2,1,0,0,0,0,0,0
5227,2004,3,3,0,0,0,0,0,0,0,0
5227,2005,2,2,1,1,0,0,0,0,1,0
5230,1988,3,3,2,1,0,0,0,0,0,0
5230,1994,6,6,1,0,0,1,0,0,0,0
5230,1995,8,6,2,1,0,1,1,0,1,0
5230,1996,1,1,1,0,0,1,0,0,0,0
5241,2002,3,3,0,0,0,0,0,0,1,0
5241,2004,7,6,1,1,0,0,0,0,0,0
5241,2007,7,7,2,0,0,1,0,0,2,0
5241,2008,3,3,1,0,0,0,0,0,0,0
5241,2009,6,6,2,2,0,0,0,0,0,0
5243,2006,2,2,0,0,0,0,0,0,0,0
5243,2007,2,2,0,0,0,0,0,0,1,0
5243,2008,2,2,0,0,0,0,0,0,1,0
5244,2002,3,3,1,0,0,0,0,0,0,0
5244,2003,7,7,4,0,0,2,0,0,0,0
5244,2004,4,4,2,0,0,0,0,0,0,0
5244,2005,3,3,1,0,0,0,0,0,0,0
5244,2006,3,3,0,0,0,0,0,0,0,0
5244,2010,3,3,1,0,0,1,0,0,0,0
5247,1994,3,3,1,1,0,0,0,0,0,0
5247,1995,4,4,0,0,0,0,0,0,1,0
5265,1989,2,2,0,0,0,0,0,0,0,0
5265,1990,1,1,0,0,0,0,0,0,1,0
5268,1994,4,4,1,0,0,0,0,0,0,0
5268,1995,3,2,0,0,0,0,1,0,0,0
5275,1993,3,3,0,0,0,0,0,0,0,0
5277,2008,3,3,0,0,0,0,0,0,0,0
5277,2012,3,3,0,0,0,0,0,0,0,0
5280,1996,2,2,0,0,0,0,0,0,1,0
5281,1997,3,3,0,0,0,0,0,0,0,0
5281,1998,15,14,2,0,0,0,1,0,0,0
5281,2000,2,2,0,0,0,0,0,0,1,0
5281,2002,3,3,1,0,0,0,0,0,0,0
5292,1999,8,7,2,0,0,0,0,1,4,0
5292,2000,3,3,1,1,0,0,0,0,1,0
5292,2001,6,6,4,1,0,0,0,0,2,0
5292,2002,11,10,5,1,0,1,1,0,0,0
5292,2003,2,2,0,0,0,0,0,0,1,0
5292,2004,3,3,1,0,0,1,0,0,0,0
5292,2005,3,3,0,0,0,0,0,0,0,0
5292,2006,6,4,3,2,0,0,0,0,0,2
5309,1999,3,3,0,0,0,0,0,0,0,0
5309,2000,3,3,1,0,0,1,0,0,1,0
5310,1988,1,1,0,0,0,0,0,0,0,0
5310,1996,1,1,1,0,0,0,0,0,0,0
5322,2009,2,1,0,0,0,0,1,0,0,0
5324,2002,3,3,1,0,0,0,0,0,0,0
5324,2003,6,6,1,1,0,0,0,0,1,0
5332,2005,7,7,1,0,0,0,0,0,1,0
5332,2006,4,4,0,0,0,0,0,0,1,0
5332,2008,6,6,3,1,0,0,0,0,0,0
5335,1996,2,2,2,0,0,1,0,0,0,0
5335,1997,3,3,0,0,0,0,0,0,3,0
5340,2004,3,3,1,0,0,0,0,0,0,0
5340,2005,3,3,0,0,0,0,0,0,0,0
5340,2008,6,6,2,0,1,0,0,0,2,0
5340,2009,1,1,0,0,0,0,0,0,1,0
5340,2010,8,7,2,0,0,0,1,0,2,0
5341,2002,3,3,0,0,0,0,0,0,1,0
5341,2003,3,3,1,0,0,0,0,0,2,0
5341,2004,2,2,0,0,0,0,0,0,2,0
5341,2005,6,5,0,0,0,0,1,0,0,0
5341,2007,2,2,0,0,0,0,0,0,1,0
5369,2005,3,3,0,0,0,0,0,0,0,0
5369,2006,7,6,1,0,0,0,1,0,1,0
5375,1989,5,4,1,0,0,0,1,0,1,0
5375,1990,3,2,1,0,0,0,1,0,1,0
5375,1993,6,6,1,0,0,0,0,0,1,0
5375,1994,3,3,1,0,0,0,0,0,0,0
5377,1988,2,1,0,0,0,0,1,0,0,0
5378,2007,7,6,3,1,0,0,1,0,0,0
5378,2008,3,3,0,0,0,0,0,0,0,0
5379,1988,1,1,1,1,0,0,0,0,0,0
5380,1994,3,3,0,0,0,0,0,0,0,0
5380,1999,6,6,4,0,0,1,0,0,0,0
5381,1999,7,7,1,0,0,0,0,0,2,0
5381,2000,5,5,2,1,0,0,0,0,3,0
5381,2003,2,2,0,0,0,0,0,0,0,0
5405,1989,6,5,1,0,0,0,1,0,1,0
5405,1990,2,2,1,0,0,0,0,0,0,0
5409,2007,6,5,3,1,0,1,1,0,0,0
5409,2008,15,14,3,0,0,2,1,0,1,0
5414,1993,7,6,0,0,0,0,1,0,1,0
5414,1994,6,6,3,0,0,2,0,0,0,0
5414,1995,4,3,2,0,0,1,1,0,0,0
5414,1996,3,3,3,1,0,0,0,0,0,0
5414,1997,3,3,0,0,0,0,0,0,0,0
5414,1999,3,3,1,0,0,0,0,0,0,0
5414,2001,3,2,0,0,0,0,1,0,1,0
5419,1986,2,2,0,0,0,0,0,0,0,0
5419,1987,17,15,5,1,0,0,1,0,4,1
5419,1988,13,12,4,2,0,1,1,0,2,0
5419,1990,3,3,2,0,0,0,0,0,0,0
5419,1994,4,4,2,0,1,1,0,0,1,0
5419,1995,5,5,3,1,0,0,0,0,0,0
5420,2006,2,2,0,0,0,0,0,0,0,0
5420,2007,2,2,0,0,0,0,0,0,1,0
5423,1987,2,1,1,0,0,0,1,0,0,0
5434,2009,2,2,1,0,0,0,0,0,0,0
5453,1993,5,3,1,0,0,0,1,0,0,0
5453,1994,6,5,0,0,0,0,1,0,1,0
5453,1995,5,4,0,0,0,0,0,1,0,0
5453,1997,3,3,2,1,0,0,0,0,0,0
5453,1999,3,3,2,1,0,0,0,0,0,0
5461,1999,3,3,1,1,0,0,0,0,1,0
5465,1993,3,3,2,1,0,0,0,0,0,0
5465,1997,4,4,1,0,0,0,0,0,1,0
5467,1987,10,7,3,0,0,0,3,0,1,0
5467,1989,4,4,0,0,0,0,0,0,0,0
5470,1986,4,4,0,0,0,0,0,0,0,0
5470,1987,9,6,2,2,0,0,3,0,2,0
5477,1990,2,2,1,0,1,0,0,0,0,0
5485,2001,2,2,1,0,0,0,0,0,0,0
5491,1996,9,9,3,0,0,0,0,0,0,0
5491,1997,6,6,0,0,0,0,0,0,0,0
5491,1998,7,5,2,0,0,1,2,0,0,0
5491,1999,6,6,1,1,0,0,0,0,0,0
5491,2000,11,9,2,1,0,0,2,0,2,0
5491,2001,9,9,2,0,0,0,0,0,0,0
5491,2002,7,6,3,0,0,0,1,0,0,0
5491,2003,3,3,3,0,0,1,0,0,0,0
5491,2004,10,10,3,1,0,0,0,0,1,0
5491,2005,5,5,3,0,0,0,0,0,0,0
5491,2010,3,3,0,0,0,0,0,0,0,0
5498,2002,2,2,0,0,0,0,0,0,0,0
5498,2003,3,2,0,0,0,0,1,0,0,0
5498,2006,3,2,0,0,0,0,1,0,0,0
5525,2000,3,3,0,0,0,0,0,0,1,0
5526,2006,3,3,1,0,0,1,0,0,1,0
5526,2007,3,3,0,0,0,0,0,0,0,0
5535,1998,3,3,1,1,0,0,0,0,1,0
5535,1999,6,6,3,0,0,0,0,0,1,0
5535,2000,5,5,3,2,0,0,0,0,1,0
5535,2005,3,3,0,0,0,0,0,0,1,0
5536,2010,3,3,2,0,0,0,0,0,0,0
5536,2012,2,2,0,0,0,0,0,0,0,0
5540,2005,8,7,2,0,0,0,0,0,2,1
5540,2006,2,2,0,0,0,0,0,0,0,0
5553,1986,1,1,0,0,0,0,0,0,1,0
5553,1987,3,3,1,0,0,0,0,0,0,0
5553,1988,6,6,0,0,0,0,0,0,4,0
5562,2008,2,1,0,0,0,0,0,0,1,0
5562,2009,3,3,1,0,0,0,0,0,0,0
5568,2007,6,5,2,0,0,0,0,0,1,1
5568,2008,3,2,0,0,0,0,1,0,0,0
5568,2009,3,3,2,0,0,1,0,0,0,0
5571,1990,4,4,1,0,0,0,0,0,0,0
5571,1993,5,5,0,0,0,0,0,0,1,0
5571,1994,3,3,0,0,0,0,0,0,1,0
5571,1995,3,3,1,0,0,0,0,0,0,0
5577,1999,4,4,1,0,0,0,0,0,1,0
5582,2002,5,4,0,0,0,0,1,0,1,0
5582,2003,6,4,1,0,0,0,2,0,0,0
5582,2004,3,3,0,0,0,0,0,0,1,0
5582,2005,3,2,0,0,0,0,0,1,0,0
5582,2009,6,5,0,0,0,0,1,0,1,0
5588,2007,4,2,0,0,0,0,1,0,1,0
5589,2001,5,5,1,1,0,0,0,0,1,0
5591,2003,4,4,0,0,0,0,0,0,0,0
5591,2004,11,11,5,0,0,1,0,0,1,0
5591,2005,6,6,1,0,0,0,0,0,1,0
5591,2006,7,6,3,3,0,0,0,1,0,0
5591,2008,6,6,2,0,0,0,0,0,1,0
5591,2009,3,2,0,0,0,0,1,0,2,0
5606,1986,1,1,0,0,0,0,0,0,0,0
5609,2003,4,4,1,1,0,0,0,0,0,0
5609,2006,6,5,1,0,0,1,1,0,1,0
5609,2007,12,12,4,2,0,0,0,0,4,0
5619,2007,9,8,2,1,0,0,1,0,2,0
5619,2008,6,5,3,1,0,0,1,0,1,0
5619,2009,5,5,2,1,0,1,0,0,1,0
5619,2010,9,9,2,1,0,0,0,0,0,0
5619,2012,3,3,1,1,0,0,0,0,0,0
5629,2010,3,3,0,0,0,0,0,0,2,0
5636,1988,2,1,0,0,0,0,1,0,0,0
5637,2000,2,2,0,0,0,0,0,0,0,0
5637,2002,7,7,3,0,0,0,0,0,2,0
5637,2003,3,3,1,0,0,0,0,0,0,0
5637,2004,3,2,0,0,0,0,1,0,0,0
5637,2005,3,2,1,1,0,0,0,1,0,0
5637,2006,6,4,1,0,0,0,0,1,1,0
5637,2007,3,3,1,1,0,0,0,0,0,0
5637,2008,3,3,0,0,0,0,0,0,0,0
5655,1988,8,8,4,1,0,1,0,0,0,0
5663,1987,5,4,1,0,0,1,1,0,0,0
5663,1988,3,3,3,0,0,0,0,0,0,0
5663,1990,1,1,0,0,0,0,0,0,1,0
5664,1988,1,1,0,0,0,0,0,0,0,0
5673,1988,10,10,3,0,0,0,0,0,3,0
5685,1995,1,1,0,0,0,0,0,0,0,0
5695,1990,3,3,2,0,0,0,0,0,0,0
5695,1993,6,6,1,1,0,0,0,0,0,0
5695,1995,7,7,5,0,0,0,0,0,0,0
5695,1998,3,3,0,0,0,0,0,0,0,0
5695,1999,4,3,1,0,0,0,1,0,0,0
5712,2009,2,1,0,0,0,0,0,0,1,0
5713,1997,3,1,0,0,0,0,2,0,1,0
5713,1998,6,6,4,3,0,1,0,0,0,0
5713,1999,6,6,2,0,0,0,0,0,0,0
5713,2000,6,6,1,0,0,0,0,0,0,0
5713,2001,8,5,0,0,0,0,1,0,1,2
5713,2002,18,16,2,0,0,0,2,0,3,0
5731,1999,3,3,1,1,0,0,0,0,0,0
5731,2001,12,11,2,1,0,0,1,0,2,0
5731,2002,5,4,0,0,0,0,1,0,1,0
5731,2003,2,2,2,0,0,0,0,0,0,0
5731,2004,2,1,1,0,0,0,1,0,0,0
5731,2006,2,2,0,0,0,0,0,0,0,0
5731,2008,3,3,0,0,0,0,0,0,1,0
5731,2009,2,1,1,1,0,0,1,0,0,0
5736,1990,3,2,0,0,0,0,0,0,1,1
5736,1993,2,2,0,0,0,0,0,0,2,0
5736,1994,3,2,0,0,0,0,1,0,2,0
5736,1997,2,2,0,0,0,0,0,0,1,0
5741,1997,6,5,2,0,0,1,1,0,0,0
5741,1998,3,3,2,1,0,1,0,0,1,0
5741,2000,3,2,1,0,0,0,1,0,0,0
5741,2004,6,5,2,0,0,0,0,0,1,1
5747,2007,1,1,0,0,0,0,0,0,1,0
5761,2007,8,7,3,1,1,0,1,0,0,0
5761,2008,9,7,2,1,0,0,2,0,1,0
5761,2009,2,2,2,0,0,0,0,0,0,0
5761,2010,3,3,0,0,0,0,0,0,1,0
5761,2012,3,2,2,0,0,0,1,0,0,0
5776,1996,2,2,1,0,0,0,0,0,0,0
5776,1998,1,1,0,0,0,0,0,0,0,0
5776,1999,6,5,1,0,0,0,1,0,1,0
5776,2000,3,3,0,0,0,0,0,0,1,0
5787,1998,9,9,3,0,0,0,0,0,0,0
5792,1993,9,9,3,0,0,1,0,0,1,0
5792,1994,8,7,1,1,0,0,0,0,1,0
5792,1995,2,1,0,0,0,0,1,0,1,0
5792,1997,4,4,2,0,0,0,0,0,1,0
5792,1999,3,3,2,1,0,0,0,0,1,0
5807,2007,3,3,1,0,0,1,0,0,0,0
5807,2009,4,4,2,0,0,0,0,0,1,0
5807,2012,3,2,0,0,0,0,1,0,1,0
5813,2006,3,2,0,0,0,0,0,0,1,1
5814,2004,3,3,2,0,0,0,0,0,0,0
5814,2005,14,14,4,0,0,0,0,0,1,0
5814,2006,9,8,2,0,0,0,1,0,1,0
5814,2007,2,1,1,1,0,0,1,0,0,0
5814,2008,4,4,0,0,0,0,0,0,0,0
5814,2009,5,4,0,0,0,0,1,0,0,0
5816,2000,3,3,1,0,0,0,0,0,1,0
5816,2001,8,7,1,0,0,0,0,1,0,0
5816,2003,6,6,1,0,0,0,0,0,0,0
5816,2004,9,8,4,2,0,0,1,0,1,0
5816,2005,11,9,4,1,0,0,1,1,1,0
5816,2006,3,2,0,0,0,0,1,0,0,0
5816,2007,3,3,1,0,0,0,0,0,1,0
5816,2008,4,4,0,0,0,0,0,0,0,0
5827,1996,3,3,0,0,0,0,0,0,2,0
5827,1997,3,3,0,0,0,0,0,0,0,0
5827,1999,4,4,2,1,0,0,0,0,0,0
5827,2001,3,3,1,0,0,0,0,0,0,0
5827,2007,3,2,1,0,0,1,1,0,1,0
5836,2009,2,2,0,0,0,0,0,0,1,0
5836,2010,3,2,0,0,0,0,1,0,0,0
5863,2003,6,4,2,1,0,0,2,0,2,0
5863,2004,6,6,0,0,0,0,0,0,1,0
5863,2005,11,11,5,2,0,0,0,0,3,0
5863,2006,3,3,2,0,0,0,0,0,1,0
5893,2000,2,2,0,0,0,0,0,0,0,0
5893,2002,1,1,1,0,0,0,0,0,0,0
5895,1997,6,4,1,0,0,0,2,0,2,0
5895,1998,6,6,3,0,0,1,0,0,1,0
5895,1999,7,7,2,0,0,0,0,0,2,0
5910,2006,3,3,1,1,0,0,0,0,0,0
5910,2008,4,3,2,0,1,0,1,0,0,0
5918,1993,6,6,1,0,0,0,0,0,0,0
5930,1990,3,2,1,0,0,0,0,1,0,0
5940,2000,3,3,1,0,0,0,0,0,0,0
5940,2002,3,3,3,0,0,0,0,0,0,0
5940,2004,3,3,0,0,0,0,0,0,1,0
5956,1993,3,3,0,0,0,0,0,0,0,0
5967,1986,10,9,2,0,0,0,1,0,1,0
5969,1993,3,3,1,0,0,0,0,0,0,0
5969,1994,8,8,1,1,0,0,0,0,2,0
5969,1996,2,2,1,0,0,1,0,0,0,0
5969,1997,3,3,1,0,0,0,0,0,1,0
5969,1998,8,8,1,1,0,0,0,0,3,0
5969,1999,6,5,2,1,0,0,1,0,1,0
5969,2000,3,3,1,1,0,0,0,0,0,0
5969,2001,9,9,2,1,0,1,0,0,0,0
5972,1994,2,2,1,0,0,1,0,0,0,0
5972,2000,1,1,1,1,0,0,0,0,0,0
6008,1998,3,3,1,1,0,0,0,0,1,0
6008,1999,10,9,2,0,0,0,1,0,1,0
6008,2000,3,3,2,1,0,0,0,0,0,0
6008,2002,2,2,0,0,0,0,0,0,0,0
6008,2003,3,3,0,0,0,0,0,0,0,0
6008,2004,9,7,3,1,0,1,2,0,3,0
6008,2005,6,5,3,1,0,1,1,0,0,0
6008,2006,3,3,1,0,0,0,0,0,0,0
6026,1999,3,3,1,0,0,0,0,0,1,0
6026,2000,3,2,0,0,0,0,0,1,0,0
6026,2001,6,6,2,1,0,0,0,0,1,0
6026,2002,11,11,4,0,0,0,0,0,5,0
6026,2003,3,2,0,0,0,0,1,0,0,0
6026,2004,3,3,0,0,0,0,0,0,1,0
6026,2005,3,3,0,0,0,0,0,0,0,0
6030,2005,3,3,3,0,0,0,0,0,0,0
6030,2006,3,3,1,0,0,0,0,0,0,0
6030,2008,3,3,1,0,0,0,0,0,0,0
6030,2009,3,3,1,0,0,0,0,0,0,0
6031,2002,3,3,1,0,0,0,0,0,0,0
6031,2004,9,8,6,1,0,0,0,1,0,0
6031,2005,14,13,7,3,0,0,1,0,0,0
6031,2006,10,9,5,1,1,1,0,0,1,1
6031,2012,3,3,2,0,0,0,0,0,0,0
6032,2010,3,2,1,0,0,1,1,0,0,0
6034,2007,6,6,3,1,0,0,0,0,2,0
6034,2008,6,6,2,0,0,1,0,0,0,0
6059,1994,3,3,1,0,0,0,0,0,1,0
6059,1996,1,1,1,0,0,1,0,0,0,0
6076,1986,1,0,0,0,0,0,1,0,0,0
6076,1988,4,4,1,0,0,0,0,0,0,0
6076,1991,2,2,2,1,0,0,0,0,0,0
6076,1995,3,3,0,0,0,0,0,0,1,0
6080,2006,3,3,0,0,0,0,0,0,1,0
6080,2012,3,3,0,0,0,0,0,0,1,0
6139,2003,3,3,0,0,0,0,0,0,0,0
6139,2004,3,2,0,0,0,0,1,0,0,0
6139,2006,6,5,2,0,0,1,0,0,1,0
6141,1987,1,1,0,0,0,0,0,0,0,0
6141,1988,1,1,0,0,0,0,0,0,0,0
6142,2004,3,3,1,0,0,0,0,0,1,0
6154,2000,1,1,1,0,0,0,0,0,0,0
6154,2001,3,3,2,0,0,1,0,0,0,0
6154,2002,12,10,3,0,0,0,2,0,1,0
6154,2007,3,2,0,0,0,0,0,1,0,0
6171,1986,1,1,1,1,0,0,0,0,0,0
6174,1987,3,3,0,0,0,0,0,0,1,0
6190,2008,2,1,0,0,0,0,0,0,0,0
6190,2009,2,2,0,0,0,0,0,0,1,0
6191,1990,4,4,2,0,0,0,0,0,2,0
6193,2000,3,3,1,0,0,0,0,0,0,0
6193,2001,8,8,3,0,0,0,0,0,0,0
6202,1986,4,3,1,0,0,0,1,0,0,0
6202,1987,5,3,1,0,0,0,2,0,0,0
6202,1988,2,2,1,1,0,0,0,0,0,0
6202,1991,3,3,1,0,0,1,0,0,1,0
6203,1989,3,3,2,1,0,0,0,0,0,0
6203,1990,4,4,1,1,0,0,0,0,1,0
6208,2006,6,5,0,0,0,0,1,0,1,0
6208,2007,3,3,2,2,0,0,0,0,0,0
6208,2009,2,2,0,0,0,0,0,0,1,0
6209,2010,2,2,1,0,0,0,0,0,0,0
6211,2002,3,3,2,0,0,0,0,0,1,0
6227,1997,3,3,0,0,0,0,0,0,2,0
6227,2001,1,1,0,0,0,0,0,0,0,0
6229,2012,2,0,0,0,0,0,0,1,0,0
6232,1989,2,2,0,0,0,0,0,0,1,0
6237,1988,1,1,0,0,0,0,0,0,0,0
6243,1986,6,5,0,0,0,0,1,0,1,0
6243,1987,10,10,3,0,0,0,0,0,2,0
6247,1988,3,3,1,0,1,0,0,0,0,0
6252,2002,6,4,2,1,0,0,2,0,1,0
6257,1998,7,7,2,0,0,0,0,0,1,0
6257,1999,3,3,0,0,0,0,0,0,1,0
6257,2000,6,6,1,0,0,0,0,0,1,0
6257,2001,4,3,0,0,0,0,0,1,0,0
6257,2002,6,5,1,1,0,0,1,0,1,0
6257,2003,3,2,0,0,0,0,1,0,0,0
6257,2004,3,3,1,0,0,0,0,0,0,0
6270,1987,2,1,0,0,0,0,0,0,1,0
6281,2000,2,2,0,0,0,0,0,0,0,0
6281,2002,7,7,2,0,0,1,0,0,2,0
6283,1999,4,4,0,0,0,0,0,0,1,0
6284,2000,1,1,1,1,0,0,0,0,0,0
6290,1999,4,4,1,0,0,1,0,0,2,0
6290,2000,3,3,1,0,0,0,0,0,0,0
6290,2002,2,2,0,0,0,0,0,0,0,0
6290,2003,3,3,0,0,0,0,0,0,1,0
6290,2004,9,8,2,1,0,0,1,0,1,0
6290,2006,3,3,0,0,0,0,0,0,0,0
6290,2007,3,2,1,0,0,0,1,0,0,0
6290,2009,5,5,1,0,0,1,0,0,0,0
6290,2010,3,3,1,0,0,0,0,0,0,0
6290,2012,2,2,0,0,0,0,0,0,0,0
6296,2007,3,3,2,2,0,0,0,0,1,0
6296,2008,6,5,2,1,0,0,1,0,1,0
6296,2009,3,3,1,0,0,0,0,0,1,0
6296,2010,5,4,1,0,0,1,1,0,0,0
6306,1989,3,2,0,0,0,0,1,0,2,0
6306,1990,8,8,4,1,0,0,0,0,2,0
6306,1993,3,2,0,0,0,0,0,0,1,0
6306,1994,3,2,0,0,0,0,0,0,0,0
6312,1998,3,3,1,0,0,0,0,0,0,0
6312,2003,7,6,2,0,0,0,0,0,0,1
6312,2005,3,3,1,1,0,0,0,0,1,0
6312,2006,6,5,2,0,0,0,1,0,1,0
6336,1994,7,6,1,0,0,0,1,0,0,0
6336,1995,1,1,1,0,0,0,0,0,0,0
6336,1998,4,4,1,0,0,0,0,0,0,0
6336,1999,3,3,1,0,0,0,0,0,0,0
6345,1989,3,2,1,0,0,0,1,0,1,0
6345,1990,6,6,1,0,1,0,0,0,1,0
6350,1996,3,3,0,0,0,0,0,0,1,0
6350,1997,3,3,0,0,0,0,0,0,2,0
6359,1987,10,10,2,0,0,0,0,0,0,0
6359,1988,3,3,1,0,0,0,0,0,0,0
6359,1989,2,1,0,0,0,0,0,0,0,1
6359,1990,2,2,1,1,0,0,0,0,1,0
6374,1996,5,5,1,0,0,0,0,0,0,0
6374,1997,5,5,4,0,0,0,0,0,0,0
6374,2002,3,3,0,0,0,0,0,0,3,0
6378,2008,2,2,0,0,0,0,0,0,0,0
6381,1997,3,3,0,0,0,0,0,0,0,0
6387,1996,1,0,0,0,0,0,1,0,0,0
6387,1997,5,5,2,1,0,0,0,0,1,0
6387,1998,7,6,2,0,0,0,1,0,0,0
6387,1999,7,6,1,0,0,0,1,0,1,0
6387,2000,7,5,0,0,0,0,1,0,0,0
6388,2008,3,3,0,0,0,0,0,0,1,0
6394,1996,5,5,3,0,0,0,0,0,0,0
6394,1997,3,2,0,0,0,0,1,0,2,0
6394,2000,3,2,0,0,0,0,1,0,1,0
6403,1993,8,6,2,0,0,0,2,0,1,0
6403,1994,9,9,0,0,0,0,0,0,4,0
6403,1995,2,2,0,0,0,0,0,0,1,0
6403,1997,9,9,3,0,0,1,0,0,0,0
6403,1998,4,4,2,1,0,1,0,0,1,0
6403,1999,3,3,1,0,0,1,0,0,0,0
6403,2000,6,6,0,0,0,0,0,0,2,0
6415,2003,3,3,0,0,0,0,0,0,1,0
6420,2008,3,2,0,0,0,0,1,0,1,0
6431,2008,2,2,1,0,0,0,0,0,0,0
6432,2009,6,5,1,0,0,0,1,0,1,0
6432,2010,3,3,0,0,0,0,0,0,1,0
6437,1988,3,3,1,0,0,0,0,0,2,0
6438,1987,7,7,4,0,0,0,0,0,0,0
6438,1988,6,6,1,0,0,0,0,0,1,0
6438,1991,1,1,1,0,0,0,0,0,0,0
6438,1993,2,2,0,0,0,0,0,0,0,0
6448,2007,4,4,1,0,0,0,0,0,1,0
6462,1989,3,2,0,0,0,0,0,0,0,1
6467,1995,4,4,1,1,0,0,0,0,1,0
6467,1996,6,6,1,0,0,0,0,0,0,0
6468,2008,1,1,0,0,0,0,0,0,0,0
6472,1993,3,3,1,1,0,0,0,0,1,0
6478,2004,2,1,1,0,0,0,0,1,0,0
6510,2006,3,3,2,0,0,0,0,0,0,0
6510,2007,13,11,3,0,0,0,1,1,2,0
6510,2008,3,3,0,0,0,0,0,0,0,0
6516,1993,11,11,3,0,0,0,0,0,3,0
6516,1994,4,4,1,0,0,1,0,0,1,0
6516,1995,3,3,2,0,0,0,0,0,1,0
6516,1996,9,8,2,0,0,0,0,0,1,0
6516,1998,7,7,2,0,0,1,0,0,0,0
6516,1999,7,5,0,0,0,0,2,0,0,0
6516,2000,3,2,0,0,0,0,1,0,0,0
6516,2001,6,5,0,0,0,0,1,0,0,0
6516,2002,3,3,1,0,0,0,0,0,0,0
6520,2005,1,1,1,0,0,0,0,0,0,0
6520,2007,1,1,1,0,0,0,0,0,0,0
6538,2007,3,2,1,0,0,0,0,0,0,1
6538,2009,5,5,2,0,0,1,0,0,1,0
6538,2012,2,2,1,0,0,0,0,0,1,0
6542,2009,3,3,0,0,0,0,0,0,1,0
6549,2000,6,6,0,0,0,0,0,0,0,0
6549,2001,9,9,2,0,0,0,0,0,1,0
6549,2002,15,14,3,0,0,0,1,0,1,0
6549,2003,6,5,1,0,0,0,1,0,1,0
6554,2008,2,2,1,0,0,0,0,0,0,0
6564,1986,3,3,1,1,0,0,0,0,0,0
6564,1987,1,1,1,1,0,0,0,0,0,0
6565,2001,4,4,0,0,0,0,0,0,0,0
6565,2002,5,4,1,0,0,1,0,0,1,0
6565,2007,10,10,2,0,0,0,0,0,1,0
6565,2008,7,7,1,1,0,0,0,0,1,0
6565,2009,2,2,1,1,0,0,0,0,0,0
6565,2010,1,1,0,0,0,0,0,0,0,0
6568,2003,3,3,1,0,0,0,0,0,0,0
6568,2004,6,5,3,0,0,0,1,0,1,0
6568,2005,3,2,0,0,0,0,1,0,1,0
6568,2006,6,5,1,0,0,0,1,0,3,0
6578,2001,3,3,1,0,0,1,0,0,0,0
6579,1998,3,3,1,0,0,1,0,0,0,0
6586,2007,1,1,0,0,0,0,0,0,0,0
6594,1996,3,3,1,0,0,0,0,0,0,0
6594,1997,11,8,1,0,0,0,2,0,0,0
6594,2004,3,2,0,0,0,0,0,0,0,1
6594,2006,7,6,1,1,0,0,1,0,1,0
6609,1989,4,3,1,0,0,0,1,0,1,0
6609,1994,4,4,2,0,0,0,0,0,0,0
6612,2010,2,2,0,0,0,0,0,0,1,0
6616,2006,3,3,2,1,0,0,0,0,0,0
6616,2008,3,2,1,0,0,0,1,0,0,0
6616,2010,1,1,1,0,0,1,0,0,0,0
6620,1999,4,4,1,0,0,0,0,0,1,0
6639,2003,6,6,1,0,0,0,0,0,4,0
6639,2005,3,3,0,0,0,0,0,0,1,0
6639,2007,1,1,0,0,0,0,0,0,1,0
6639,2008,3,2,0,0,0,0,1,0,0,0
6639,2012,2,1,0,0,0,0,1,0,1,0
6648,2002,2,2,0,0,0,0,0,0,1,0
6648,2003,6,6,3,0,1,0,0,0,2,0
6648,2004,4,3,2,1,0,0,0,0,0,0
6648,2005,3,3,2,1,0,0,0,0,0,0
6648,2008,3,1,0,0,0,0,2,0,1,0
6659,2000,1,1,0,0,0,0,0,0,1,0
6675,1993,1,0,0,0,0,0,0,1,0,0
6681,1989,4,2,1,0,0,0,2,0,0,0
6684,1988,4,4,1,0,1,0,0,0,0,0
6687,1990,1,1,0,0,0,0,0,0,1,0
6695,2002,3,3,0,0,0,0,0,0,1,0
6695,2004,1,1,0,0,0,0,0,0,1,0
6699,1989,5,5,1,0,0,0,0,0,0,0
6699,1990,3,2,0,0,0,0,1,0,0,0
6699,1993,6,6,0,0,0,0,0,0,4,0
6699,1996,10,9,4,1,0,1,0,0,1,1
6699,1997,6,6,1,0,0,0,0,0,1,0
6699,1998,1,1,0,0,0,0,0,0,0,0
6711,1998,3,2,0,0,0,0,0,0,1,0
6722,2006,3,3,0,0,0,0,0,0,1,0
6723,1987,5,4,0,0,0,0,1,0,1,0
6723,1988,3,3,1,0,0,0,0,0,0,0
6723,1990,4,3,1,0,0,1,0,0,0,0
6723,1993,3,3,0,0,0,0,0,0,0,0
6723,1994,7,7,2,0,0,0,0,0,1,0
6723,1998,3,3,2,1,0,0,0,0,1,0
6735,2007,2,2,0,0,0,0,0,0,1,0
6735,2008,2,2,0,0,0,0,0,0,1,0
6743,1987,4,2,1,0,0,1,1,1,0,0
6753,1988,4,3,1,0,0,0,0,0,0,1
6753,1997,3,3,0,0,0,0,0,0,0,0
6755,2000,6,5,3,1,0,0,1,0,1,0
6762,2001,3,3,1,0,0,0,0,0,0,0
6762,2002,3,3,0,0,0,0,0,0,1,0
6763,1988,1,1,1,0,0,0,0,0,0,0
6778,2007,2,2,1,0,0,0,0,0,1,0
6782,2006,3,3,0,0,0,0,0,0,1,0
6782,2008,2,2,1,0,0,0,0,0,0,0
6793,1987,3,2,0,0,0,0,1,0,0,0
6793,1988,6,5,1,1,0,0,1,0,0,0
6793,1990,3,2,0,0,0,0,0,0,0,1
6793,1994,3,3,0,0,0,0,0,0,2,0
6793,1995,6,6,2,0,0,0,0,0,3,0
6832,1990,2,1,1,0,0,0,1,0,0,0
6832,1998,4,3,0,0,0,0,1,0,2,0
6832,1999,3,2,1,0,0,0,0,0,0,0
6844,2010,3,3,1,0,0,0,0,0,0,0
6849,2007,2,1,0,0,0,0,1,0,0,0
6864,2006,6,6,1,1,0,0,0,0,0,0
6876,2008,2,2,0,0,0,0,0,0,0,0
6880,2005,3,3,0,0,0,0,0,0,0,0
6892,1987,7,6,1,0,0,0,1,0,2,0
6892,1988,8,8,3,1,0,0,0,0,3,0
6895,2008,2,2,1,0,0,0,0,0,0,0
6897,2000,3,3,0,0,0,0,0,0,0,0
6898,1996,1,1,0,0,0,0,0,0,0,0
6909,1986,3,2,0,0,0,0,1,0,1,0
6909,1987,9,9,4,0,0,0,0,0,2,0
6909,1988,4,4,1,0,0,0,0,0,0,0
6910,1990,7,7,4,0,1,0,0,0,1,0
6910,1993,8,8,1,0,0,0,0,0,0,0
6910,1995,3,3,1,0,0,0,0,0,0,0
6912,2007,1,1,0,0,0,0,0,0,1,0
6918,1986,2,2,1,1,0,0,0,0,1,0
6918,1988,2,2,0,0,0,0,0,0,0,0
6919,1997,3,3,2,0,0,0,0,0,0,0
6919,1998,9,9,1,0,0,0,0,0,1,0
6924,1989,2,2,1,0,0,0,0,0,0,0
6924,1990,1,0,0,0,0,0,1,0,0,0
6924,1993,3,1,0,0,0,0,2,0,0,0
6924,1994,3,1,0,0,0,0,2,0,0,0
6924,1995,3,3,1,0,0,0,0,0,0,0
6924,1996,2,2,2,1,0,0,0,0,0,0
6926,1998,3,3,0,0,0,0,0,0,1,0
6927,2009,3,2,0,0,0,0,0,1,2,0
6938,2012,3,3,1,0,0,1,0,0,0,0
6960,1994,4,4,0,0,0,0,0,0,0,0
6960,1995,1,1,1,0,0,0,0,0,0,0
6960,1997,3,3,2,0,0,0,0,0,0,0
6966,2008,3,2,1,0,0,0,0,0,1,0
6971,2001,3,3,3,0,0,0,0,0,0,0
6971,2008,1,1,0,0,0,0,0,0,0,0
6972,2007,3,2,0,0,0,0,1,0,1,0
6972,2009,6,5,1,0,0,0,1,0,0,0
6981,1993,3,2,1,1,0,0,1,0,0,0
6981,1994,9,8,1,0,0,0,1,0,4,0
6981,1995,3,2,1,1,0,0,1,0,1,0
6981,1996,3,3,2,0,0,1,0,0,0,0
6981,1997,6,6,1,0,0,0,0,0,0,0
6981,1998,7,6,1,0,0,1,1,0,3,0
6981,1999,6,6,3,0,0,2,0,0,0,0
6981,2000,6,6,2,1,0,0,0,0,1,0
6981,2001,8,8,4,1,0,0,0,0,1,0
6981,2002,2,2,0,0,0,0,0,0,0,0
6981,2004,4,3,2,0,0,0,1,0,0,0
6981,2005,2,2,0,0,0,0,0,0,1,0
6985,2003,3,2,1,0,0,0,1,0,0,0
6985,2004,3,3,0,0,0,0,0,0,0,0
6985,2005,6,5,1,0,0,0,1,0,2,0
6985,2006,3,3,1,0,0,0,0,0,0,0
6985,2010,2,2,2,2,0,0,0,0,0,0
6993,1997,4,4,1,0,0,0,0,0,1,0
7014,2001,5,5,1,1,0,0,0,0,1,0
7014,2004,2,2,0,0,0,0,0,0,0,0
7020,2008,1,1,0,0,0,0,0,0,0,0
7021,1996,6,6,1,0,0,0,0,0,2,0
7021,1997,5,5,0,0,0,0,0,0,2,0
7021,1999,3,3,1,0,0,0,0,0,0,0
7021,2004,1,1,0,0,0,0,0,0,1,0
7032,1994,3,3,1,0,0,0,0,0,0,0
7034,2000,3,3,0,0,0,0,0,0,0,0
7034,2001,2,2,0,0,0,0,0,0,1,0
7034,2003,7,4,1,0,0,0,2,0,0,0
7034,2004,6,6,1,0,0,0,0,0,1,0
7034,2005,7,7,2,1,0,0,0,0,1,0
7034,2006,3,3,1,1,0,0,0,0,0,0
7042,2003,9,8,2,0,0,0,1,0,0,0
7042,2004,9,8,2,0,0,1,1,0,2,0
7042,2005,5,5,4,2,0,0,0,0,0,0
7043,2009,5,4,0,0,0,0,0,0,0,0
7046,1993,6,4,2,0,0,1,2,0,0,0
7046,1994,10,10,3,1,0,0,0,0,1,0
7046,1995,7,6,1,0,0,0,1,0,0,0
7048,1999,1,1,0,0,0,0,0,0,0,0
7048,2002,3,3,1,1,0,0,0,0,1,0
7048,2004,2,2,1,0,0,0,0,0,0,0
7048,2005,10,9,2,1,0,1,1,0,2,0
7048,2006,8,8,3,1,0,1,0,0,0,0
7048,2010,3,3,0,0,0,0,0,0,0,0
7060,2005,3,3,1,0,0,0,0,0,0,0
7060,2006,7,7,4,1,0,0,0,0,1,0
7071,2000,5,5,1,0,0,0,0,0,1,0
7071,2001,2,1,0,0,0,0,1,0,1,0
7072,2007,2,2,0,0,0,0,0,0,1,0
7075,1995,1,1,0,0,0,0,0,0,0,0
7088,2008,3,3,0,0,0,0,0,0,0,0
7088,2009,7,7,1,0,0,0,0,0,3,0
7088,2010,3,3,1,0,0,0,0,0,2,0
7088,2012,3,3,0,0,0,0,0,0,1,0
7095,1995,1,0,0,0,0,0,0,0,0,0
7095,1997,5,5,2,0,0,0,0,0,2,0
7095,2002,3,3,0,0,0,0,0,0,0,0
7109,1987,1,1,0,0,0,0,0,0,0,0
7127,2006,2,2,1,1,0,0,0,0,1,0
7127,2007,12,12,4,1,0,0,0,0,1,0
7127,2008,6,4,3,0,0,1,1,1,0,0
7127,2009,5,4,0,0,0,0,1,0,1,0
7127,2010,6,6,2,1,0,0,0,0,0,0
7127,2012,3,3,2,0,0,0,0,0,0,0
7129,1993,3,3,0,0,0,0,0,0,2,0
7129,1994,3,3,1,0,0,1,0,0,0,0
7129,2000,3,3,0,0,0,0,0,0,2,0
7129,2001,6,6,1,0,0,0,0,0,0,0
7129,2002,2,2,0,0,0,0,0,0,0,0
7168,1998,12,12,3,0,0,0,0,0,4,0
7171,2010,3,2,2,0,0,0,1,0,0,0
7171,2012,3,3,0,0,0,0,0,0,0,0
7188,2009,3,3,0,0,0,0,0,0,0,0
7188,2010,1,1,0,0,0,0,0,0,0,0
7192,1997,6,6,2,1,0,0,0,0,0,0
7192,1998,3,3,0,0,0,0,0,0,0,0
7193,2002,3,3,0,0,0,0,0,0,0,0
7193,2003,4,4,2,0,0,0,0,0,1,0
7193,2005,3,2,1,0,0,0,0,0,1,1
7193,2006,5,5,2,0,0,1,0,0,0,0
7193,2007,2,2,1,0,0,0,0,0,1,0
7193,2010,4,4,0,0,0,0,0,0,0,0
7193,2012,3,3,2,1,0,0,0,0,0,0
7198,1989,7,5,1,0,0,0,1,1,1,0
7204,2003,2,2,0,0,0,0,0,0,1,0
7204,2005,3,3,2,0,0,0,0,0,0,0
7208,1988,1,1,0,0,0,0,0,0,1,0
7209,2009,2,2,1,0,0,0,0,0,0,0
7209,2010,3,3,0,0,0,0,0,0,0,0
7209,2012,3,1,0,0,0,0,2,0,0,0
7213,1987,3,3,2,1,1,0,0,0,0,0
7213,1988,10,10,1,0,0,0,0,0,1,0
7213,1990,3,3,1,0,0,0,0,0,0,0
7224,1989,3,3,1,0,0,0,0,0,1,0
7224,1990,9,9,2,1,0,1,0,0,1,0
7224,1998,12,11,6,1,0,0,1,0,1,0
7224,2001,3,3,1,0,0,1,0,0,0,0
7237,1989,1,1,1,1,0,0,0,0,0,0
7237,1990,2,1,1,1,0,0,1,0,0,0
7237,1994,6,6,1,0,0,1,0,0,2,0
7237,1995,2,2,0,0,0,0,0,0,2,0
7237,1996,7,6,1,0,0,0,1,0,1,0
7237,1997,3,3,2,0,0,1,0,0,0,0
7264,1995,3,3,0,0,0,0,0,0,1,0
7264,1996,5,3,0,0,0,0,2,0,0,0
7264,1997,7,7,1,0,0,0,0,0,4,0
7264,1998,1,1,0,0,0,0,0,0,0,0
7269,2007,3,3,0,0,0,0,0,0,1,0
7269,2008,3,3,1,0,0,0,0,0,1,0
7269,2010,3,3,0,0,0,0,0,0,2,0
7289,2004,2,2,0,0,0,0,0,0,2,0
7293,1990,3,2,0,0,0,0,1,0,1,0
7293,1993,7,7,1,0,0,0,0,0,0,0
7293,1999,3,3,0,0,0,0,0,0,0,0
7296,1986,3,2,1,0,0,0,1,0,0,0
7296,1987,3,3,1,0,0,1,0,0,0,0
7296,1988,10,10,2,0,1,0,0,0,0,0
7296,1993,5,5,1,0,0,0,0,0,0,0
7301,2000,2,2,0,0,0,0,0,0,0,0
7309,1993,2,2,0,0,0,0,0,0,1,0
7309,1994,3,3,0,0,0,0,0,0,1,0
7309,1996,2,2,1,0,1,0,0,0,0,0
7309,1997,3,3,1,0,0,0,0,0,1,0
7309,1998,11,11,2,1,0,0,0,0,3,0
7317,1989,6,5,0,0,0,0,1,0,1,0
7322,2010,2,2,0,0,0,0,0,0,1,0
7350,2003,2,2,0,0,0,0,0,0,1,0
7359,1987,3,3,2,0,0,0,0,0,0,0
7359,1988,2,2,1,0,0,0,0,0,0,0
7359,1989,4,4,1,0,0,0,0,0,1,0
7359,1990,1,1,0,0,0,0,0,0,0,0
7362,2002,6,5,1,0,0,0,1,0,3,0
7362,2003,3,3,3,0,0,0,0,0,0,0
7362,2004,7,6,1,1,0,0,1,0,0,0
7362,2005,9,8,3,0,0,1,1,0,1,0
7362,2006,3,3,2,0,0,0,0,0,0,0
7362,2007,3,3,0,0,0,0,0,0,0,0
7362,2008,1,1,0,0,0,0,0,0,0,0
7376,2001,6,6,2,1,0,0,0,0,2,0
7376,2002,6,4,0,0,0,0,2,0,0,0
7376,2004,12,11,4,1,0,1,1,0,2,0
7376,2005,5,5,0,0,0,0,0,0,0,0
7384,1993,3,3,1,0,0,0,0,0,2,0
7394,1997,3,3,0,0,0,0,0,0,0,0
7399,2004,6,6,2,1,0,1,0,0,1,0
7415,2000,4,4,1,0,0,0,0,0,2,0
7420,1993,2,2,0,0,0,0,0,0,0,0
7430,1989,3,3,1,0,0,0,0,0,0,0
7439,2003,1,1,0,0,0,0,0,0,1,0
7439,2006,3,3,1,0,0,1,0,0,0,0
7439,2008,3,3,1,1,0,0,0,0,1,0
7439,2010,4,4,1,0,0,1,0,0,0,0
7445,1999,3,3,0,0,0,0,0,0,2,0
7445,2001,6,6,2,0,0,0,0,0,1,0
7445,2002,7,6,1,1,0,0,1,0,0,0
7445,2004,3,3,1,1,0,0,0,0,0,0
7445,2006,3,2,1,0,0,0,0,1,0,0
7445,2008,3,3,1,1,0,0,0,0,1,0
7446,1994,5,5,1,0,0,0,0,0,1,0
7446,1995,7,6,0,0,0,0,1,0,1,0
7446,1996,5,5,2,0,0,0,0,0,1,0
7446,1997,6,5,0,0,0,0,1,0,1,0
7453,2007,6,4,1,0,0,0,2,0,0,0
7459,2007,2,2,0,0,0,0,0,0,2,0
7459,2008,2,2,0,0,0,0,0,0,1,0
7472,1997,3,3,1,0,0,0,0,0,0,0
7472,2004,10,8,0,0,0,0,2,0,2,0
7488,1988,7,6,2,1,0,0,1,0,0,0
7489,1988,2,2,2,0,0,0,0,0,0,0
7491,2003,1,1,0,0,0,0,0,0,1,0
7492,2004,3,3,1,1,0,0,0,0,2,0
7492,2005,2,1,0,0,0,0,1,0,0,0
7492,2006,3,3,0,0,0,0,0,0,1,0
7494,2007,6,5,1,1,0,0,1,0,2,0
7494,2008,15,14,5,0,0,0,1,0,0,0
7494,2009,4,4,1,0,0,0,0,0,0,0
7494,2010,3,3,0,0,0,0,0,0,1,0
7505,1988,5,5,2,1,0,1,0,0,0,0
7505,1989,5,5,0,0,0,0,0,0,2,0
7505,1990,2,0,0,0,0,0,2,0,0,0
7515,2006,2,2,1,0,0,0,0,0,1,0
7522,2009,1,1,0,0,0,0,0,0,0,0
7532,2012,2,2,1,0,0,0,0,0,0,0
7534,2000,3,3,0,0,0,0,0,0,1,0
7542,2001,3,2,0,0,0,0,1,0,0,0
7560,1986,10,9,3,1,0,1,1,0,1,0
7560,1987,3,3,0,0,0,0,0,0,2,0
7560,1988,3,3,0,0,0,0,0,0,0,0
7560,1998,4,4,0,0,0,0,0,0,0,0
7561,1994,3,3,0,0,0,0,0,0,1,0
7561,1998,3,3,1,0,0,0,0,0,0,0
7565,2007,1,1,0,0,0,0,0,0,0,0
7829,2006,1,1,0,0,0,0,0,0,0,0
7829,2009,2,2,0,0,0,0,0,0,1,0
7830,2000,2,1,0,0,0,0,1,0,0,0
7838,2002,6,6,1,0,0,0,0,0,3,0
7838,2003,2,2,1,1,0,0,0,0,0,0
7838,2006,3,3,2,1,0,0,0,0,1,0
7840,2000,6,6,1,0,0,1,0,0,1,0
7840,2001,6,6,0,0,0,0,0,0,1,0
7840,2002,3,3,0,0,0,0,0,0,0,0
7840,2003,12,10,3,0,0,0,2,0,0,0
7840,2004,3,3,0,0,0,0,0,0,0,0
7840,2005,9,9,4,0,0,2,0,0,0,0
7840,2006,5,5,1,0,0,1,0,0,0,0
7840,2007,3,3,2,0,0,0,0,0,0,0
7840,2008,3,3,0,0,0,0,0,0,0,0
7840,2010,3,3,2,0,0,0,0,0,0,0
7845,2002,3,3,0,0,0,0,0,0,1,0
7845,2004,3,3,2,1,0,1,0,0,0,0
7845,2005,6,3,2,0,0,0,2,1,1,0
7845,2006,6,6,2,1,0,0,0,0,0,0
7845,2010,3,3,1,0,0,0,0,0,2,0
7846,1989,5,5,2,0,0,0,0,0,1,0
7846,1990,1,1,1,0,0,0,0,0,0,0
7846,1994,8,8,3,0,0,0,0,0,0,0
7846,1995,6,4,1,0,0,1,0,0,0,1
7846,1996,2,2,1,0,0,0,0,0,1,0
7846,1997,3,3,2,0,0,0,0,0,0,0
7846,1998,10,9,1,0,0,0,1,0,1,0
7847,2007,3,3,2,0,0,0,0,0,0,0
7847,2008,3,3,1,0,0,0,0,0,0,0
7859,1997,5,5,0,0,0,0,0,0,0,0
7859,1998,3,2,1,0,0,0,1,0,1,0
7859,2000,3,2,0,0,0,0,1,0,0,0
7859,2001,7,7,2,0,0,1,0,0,2,0
7859,2002,6,6,2,0,0,0,0,0,1,0
7859,2003,5,5,3,1,0,1,0,0,1,0
7865,2003,6,5,0,0,0,0,0,0,3,1
7865,2004,3,3,0,0,0,0,0,0,0,0
7865,2005,6,5,2,0,0,1,1,0,0,0
7886,2009,5,5,1,0,0,0,0,0,0,0
7947,2006,3,3,1,0,0,0,0,0,1,0
7950,2000,3,3,2,0,0,0,0,0,0,0
7950,2002,7,7,0,0,0,0,0,0,0,0
7950,2003,4,1,0,0,0,0,2,0,0,0
7950,2004,12,10,3,0,0,1,2,0,0,0
7950,2005,10,10,2,0,0,0,0,0,1,0
7950,2006,9,9,3,0,0,1,0,0,0,0
7954,2003,6,5,1,0,0,0,0,0,2,0
7967,1988,7,6,2,0,0,0,1,0,0,0
7967,1989,6,6,1,0,0,0,0,0,0,0
7991,1990,3,3,1,1,0,0,0,0,0,0
7992,2005,3,3,0,0,0,0,0,0,1,0
7992,2006,3,3,0,0,0,0,0,0,0,0
8003,1991,6,5,2,1,0,0,0,0,1,0
8003,1998,3,2,0,0,0,0,1,0,1,0
8005,1986,4,3,2,0,0,0,1,0,0,0
8005,1987,10,7,2,0,0,0,2,0,1,1
8006,1987,1,1,0,0,0,0,0,0,0,0
8006,1988,2,2,0,0,0,0,0,0,2,0
8009,2012,3,3,1,0,0,0,0,0,1,0
8010,2007,2,2,0,0,0,0,0,0,0,0
8011,2003,3,3,1,0,0,0,0,0,0,0
8024,1989,2,2,2,0,0,0,0,0,0,0
8026,1989,4,4,0,0,0,0,0,0,3,0
8026,1990,5,5,1,0,0,0,0,0,1,0
8031,2008,3,2,1,1,0,0,1,0,0,0
8040,2006,5,5,2,1,0,0,0,0,0,0
8048,1998,3,3,0,0,0,0,0,0,3,0
8055,1999,4,4,0,0,0,0,0,0,0,0
8055,2003,3,3,0,0,0,0,0,0,0,0
8055,2005,2,2,2,1,0,0,0,0,0,0
8085,1994,6,6,3,2,0,0,0,0,2,0
8090,2003,3,3,2,0,0,1,0,0,0,0
8102,1987,9,7,4,0,0,2,2,0,0,0
8102,1988,8,6,1,1,0,0,2,0,2,0
8102,1991,2,1,1,0,0,0,1,0,0,0
8105,2005,2,2,0,0,0,0,0,0,0,0
8105,2008,2,2,0,0,0,0,0,0,1,0
8105,2012,2,2,1,0,0,0,0,0,0,0
8106,2008,3,3,0,0,0,0,0,0,1,0
8107,2009,6,4,2,1,0,1,1,0,0,1
8107,2012,3,3,2,1,0,0,0,0,1,0
8117,2001,4,4,2,1,0,0,0,0,0,0
8121,1994,3,3,1,0,0,0,0,0,0,0
8121,1996,9,9,1,1,0,0,0,0,1,0
8129,2006,6,6,2,0,0,1,0,0,0,0
8129,2007,3,3,1,0,0,0,0,0,1,0
8144,1995,2,0,0,0,0,0,1,0,0,1
8144,1999,3,3,0,0,0,0,0,0,1,0
8156,2007,6,6,2,0,0,0,0,0,1,0
8157,1995,1,1,0,0,0,0,0,0,0,0
8169,2006,3,3,0,0,0,0,0,0,1,0
8189,2006,3,2,0,0,0,0,1,0,0,0
8189,2009,2,2,1,0,0,0,0,0,0,0
8198,2012,3,3,1,0,0,0,0,0,0,0
8207,1993,6,6,1,0,0,1,0,0,1,0
8240,1987,2,2,0,0,0,0,0,0,0,0
8248,1997,3,3,1,0,0,0,0,0,1,0
8248,1998,3,3,0,0,0,0,0,0,0,0
8248,1999,7,7,2,0,0,0,0,0,2,0
8248,2000,5,3,2,0,0,1,2,0,0,0
8248,2004,3,2,1,0,0,0,1,0,0,0
8248,2005,3,3,1,1,0,0,0,0,0,0
8248,2006,6,6,1,0,0,0,0,0,2,0
8254,1994,3,3,1,0,0,0,0,0,1,0
8254,1995,3,3,1,0,0,1,0,0,0,0
8254,1997,3,3,0,0,0,0,0,0,0,0
8255,2004,4,3,2,0,0,0,0,1,0,0
8257,1986,2,2,0,0,0,0,0,0,0,0
8257,1989,7,7,1,0,0,0,0,0,1,0
8257,1990,4,4,0,0,0,0,0,0,1,0
8265,1996,2,2,1,0,0,0,0,0,0,0
8274,2000,3,3,0,0,0,0,0,0,1,0
8275,1987,8,8,2,1,0,0,0,0,0,0
8296,1986,2,2,0,0,0,0,0,0,1,0
8297,2012,3,3,1,0,0,0,0,0,1,0
8298,2009,2,2,1,0,0,0,0,0,1,0
8300,2001,2,2,0,0,0,0,0,0,1,0
8300,2002,3,3,0,0,0,0,0,0,2,0
8301,1996,5,5,2,0,0,0,0,0,0,0
8302,2008,3,3,0,0,0,0,0,0,1,0
8304,1993,3,1,0,0,0,0,2,0,0,0
8304,1994,3,3,2,0,0,1,0,0,0,0
8304,1995,3,2,0,0,0,0,0,1,0,0
8304,1996,8,7,2,0,0,0,1,0,1,0
8304,1997,10,10,4,0,0,0,0,0,2,0
8313,2004,3,2,0,0,0,0,0,0,1,0
8316,2003,3,3,0,0,0,0,0,0,1,0
8316,2004,5,5,0,0,0,0,0,0,3,0
8316,2005,3,3,1,0,0,0,0,0,0,0
8317,1988,3,2,1,0,0,0,0,0,0,0
8318,1988,4,4,0,0,0,0,0,0,1,0
8318,1994,3,3,1,0,0,0,0,0,0,0
8318,1995,3,3,0,0,0,0,0,0,0,0
8318,1996,1,1,0,0,0,0,0,0,0,0
8318,1997,6,6,0,0,0,0,0,0,0,0
8318,1998,4,4,0,0,0,0,0,0,0,0
8320,2001,3,3,1,0,0,0,0,0,0,0
8320,2002,3,3,1,0,0,1,0,0,1,0
8320,2003,3,3,1,1,0,0,0,0,0,0
8320,2005,2,1,0,0,0,0,0,1,1,0
8320,2006,2,2,0,0,0,0,0,0,0,0
8321,1991,2,2,1,0,0,0,0,0,0,0
8329,1989,3,3,2,0,0,1,0,0,0,0
8334,2008,2,2,0,0,0,0,0,0,0,0
8334,2010,2,2,1,0,0,0,0,0,0,0
8361,1999,6,5,2,0,0,0,1,0,2,0
8361,2006,3,3,2,1,0,0,0,0,1,0
8361,2008,1,0,0,0,0,0,1,0,0,0
8376,2004,3,2,2,0,0,1,1,0,0,0
8406,1987,2,1,0,0,0,0,1,0,0,0
8406,1988,7,7,2,1,0,0,0,0,0,0
8409,2007,2,2,0,0,0,0,0,0,0,0
8412,1989,3,3,2,0,0,1,0,0,0,0
8412,1990,2,2,0,0,0,0,0,0,0,0
8412,1997,5,5,1,0,0,0,0,0,0,0
8412,1999,3,3,1,0,0,0,0,0,1,0
8414,1989,6,4,1,0,0,0,2,0,0,0
8414,1990,2,2,0,0,0,0,0,0,0,0
8418,1998,7,7,0,0,0,0,0,0,2,0
8434,1986,3,3,0,0,0,0,0,0,0,0
8435,1996,15,14,4,0,1,0,0,0,2,0
8435,1997,3,3,2,1,0,0,0,0,0,0
8435,1998,6,6,1,0,0,0,0,0,0,0
8435,1999,8,8,0,0,0,0,0,0,2,0
8435,2000,7,7,2,1,1,0,0,0,2,0
8435,2001,7,6,2,0,0,1,1,0,0,0
8451,2010,2,2,0,0,0,0,0,0,0,0
8458,2009,1,1,0,0,0,0,0,0,0,0
8459,1988,4,4,0,0,0,0,0,0,4,0
8467,1995,1,1,0,0,0,0,0,0,0,0
8467,1997,4,4,3,0,0,1,0,0,1,0
8467,1998,6,6,3,1,0,0,0,0,0,0
8467,1999,6,5,0,0,0,0,1,0,0,0
8467,2000,6,6,1,0,0,0,0,0,1,0
8467,2001,5,5,2,0,0,0,0,0,1,0
8468,1994,5,4,1,0,0,0,1,0,0,0
8468,1995,7,7,3,1,0,0,0,0,0,0
8468,1996,2,1,0,0,0,0,1,0,1,0
8468,2004,3,3,0,0,0,0,0,0,0,0
8482,1991,2,1,1,1,0,0,1,0,0,0
8482,1995,4,4,0,0,0,0,0,0,1,0
8482,1998,6,6,2,2,0,0,0,0,0,0
8486,2004,2,2,1,0,0,0,0,0,1,0
8486,2006,6,6,3,1,1,0,0,0,0,0
8486,2007,7,7,3,0,1,0,0,0,2,0
8497,2006,3,3,0,0,0,0,0,0,0,0
8497,2008,2,2,1,0,0,0,0,0,0,0
8507,2006,1,1,0,0,0,0,0,0,1,0
8514,1988,2,2,0,0,0,0,0,0,1,0
8514,1993,2,2,0,0,0,0,0,0,1,0
8514,1994,9,6,4,1,0,0,3,0,1,0
8514,1995,4,4,2,1,0,1,0,0,0,0
8514,1996,10,10,3,1,0,0,0,0,1,0
8514,1997,6,6,1,1,0,0,0,0,1,0
8514,1998,7,6,1,0,0,0,0,1,3,0
8514,1999,6,6,1,0,0,0,0,0,1,0
8514,2000,6,5,2,1,0,0,1,0,0,0
8514,2001,6,6,0,0,0,0,0,0,0,0
8518,1987,6,5,1,0,0,0,1,0,0,0
8518,1988,7,6,3,0,0,0,0,0,0,1
8521,1999,10,10,3,0,0,0,0,0,1,0
8521,2000,3,3,2,1,0,0,0,0,0,0
8521,2002,3,3,1,1,0,0,0,0,2,0
8521,2003,3,2,0,0,0,0,1,0,0,0
8521,2004,4,4,0,0,0,0,0,0,1,0
8521,2005,3,3,1,0,0,0,0,0,0,0
8521,2007,3,3,1,0,0,0,0,0,1,0
8532,2008,1,1,0,0,0,0,0,0,1,0
8534,1989,1,1,1,1,0,0,0,0,0,0
8534,1990,2,1,1,0,0,0,1,0,0,0
8544,1998,10,6,2,1,0,0,1,3,1,0
8544,2000,6,6,2,1,1,0,0,0,0,0
8544,2001,5,4,1,0,0,1,1,0,0,0
8544,2002,8,7,4,2,0,2,0,1,0,0
8544,2003,3,3,1,1,0,0,0,0,0,0
8544,2004,3,3,0,0,0,0,0,0,0,0
8544,2005,2,2,2,1,0,1,0,0,0,0
8544,2006,6,5,1,0,0,1,1,0,1,0
8544,2010,2,2,2,2,0,0,0,0,0,0
8546,2001,6,6,1,1,0,0,0,0,0,0
8547,1987,14,13,5,1,0,0,0,0,0,1
8547,1988,7,7,3,0,0,0,0,0,1,0
8547,1990,2,2,2,0,0,0,0,0,0,0
8547,1993,2,2,0,0,0,0,0,0,0,0
8549,2000,3,2,1,0,0,0,1,0,0,0
8549,2001,3,3,0,0,0,0,0,0,0,0
8558,2008,2,1,1,1,0,0,1,0,0,0
8601,2006,7,7,3,1,0,0,0,0,2,0
8601,2007,3,3,2,0,1,1,0,0,0,0
8601,2008,3,3,1,0,0,0,0,0,0,0
8601,2009,5,4,0,0,0,0,1,0,2,0
8601,2010,3,3,0,0,0,0,0,0,2,0
8607,1999,7,6,1,0,0,0,0,0,1,0
8607,2000,6,5,2,0,1,0,1,0,0,0
8607,2003,15,15,5,1,0,1,0,0,0,0
8616,1991,4,3,0,0,0,0,1,0,0,0
8616,1993,5,4,1,0,0,0,1,0,0,0
8616,1994,4,4,1,0,0,0,0,0,0,0
8619,2009,2,1,0,0,0,0,0,0,0,1
8624,2005,3,3,2,0,0,0,0,0,0,0
8624,2006,4,3,1,1,0,0,1,0,0,0
8641,2008,6,6,1,0,0,0,0,0,1,0
8641,2010,3,2,1,0,0,0,1,0,0,0
8641,2012,4,4,1,0,0,0,0,0,0,0
8651,1993,3,2,2,1,0,0,0,1,0,0
8653,1988,8,7,1,0,0,0,1,0,1,0
8667,1988,3,3,0,0,0,0,0,0,0,0
8668,1993,3,2,1,0,0,0,1,0,0,0
8668,1994,3,2,0,0,0,0,1,0,2,0
8668,1996,5,5,1,0,0,0,0,0,1,0
8668,1997,8,8,2,0,0,0,0,0,2,0
8668,1998,6,6,2,0,0,0,0,0,1,0
8668,1999,8,8,4,1,0,0,0,0,1,0
8668,2000,6,2,0,0,0,0,3,0,1,1
8673,1999,4,3,1,0,0,0,0,1,0,0
8673,2000,3,2,0,0,0,0,1,0,0,0
8673,2002,3,3,2,0,0,0,0,0,0,0
8674,1993,3,2,0,0,0,0,0,1,0,0
8674,1996,11,11,3,1,0,1,0,0,1,0
8674,1997,6,6,2,1,0,0,0,0,2,0
8674,1998,9,9,2,0,1,0,0,0,0,0
8674,1999,7,6,0,0,0,0,1,0,2,0
8674,2000,1,0,0,0,0,0,0,0,0,1
8674,2001,18,16,6,2,0,1,2,0,2,0
8674,2002,15,12,3,1,0,1,2,1,2,0
8674,2003,12,8,2,0,0,1,4,0,1,0
8674,2004,9,9,2,0,0,0,0,0,0,0
8674,2005,7,7,3,0,0,1,0,0,1,0
8678,1986,5,3,1,0,0,0,2,0,0,0
8678,1987,1,1,0,0,0,0,0,0,1,0
8678,1988,9,9,5,0,0,1,0,0,0,0
8688,1993,6,6,2,0,0,0,0,0,1,0
8688,1995,5,4,2,1,0,0,1,0,1,0
8688,1996,13,11,3,0,0,0,2,0,0,0
8688,1997,6,6,3,0,0,2,0,0,2,0
8688,2002,4,4,1,0,0,0,0,0,0,0
8696,1996,4,4,1,1,0,0,0,0,2,0
8704,2006,1,1,0,0,0,0,0,0,0,0
8706,1986,3,3,2,0,0,0,0,0,0,0
8706,1987,5,2,1,0,0,0,2,1,0,0
8706,1989,1,1,0,0,0,0,0,0,0,0
8706,1990,3,2,0,0,0,0,0,1,0,0
8707,1994,3,3,1,0,0,0,0,0,1,0
8721,2012,3,2,0,0,0,0,1,0,0,0
8722,2009,6,6,1,0,0,0,0,0,1,0
8726,2008,2,2,0,0,0,0,0,0,2,0
8727,1987,16,13,6,0,0,2,3,0,1,0
8727,1988,13,10,2,0,0,2,2,1,3,0
8727,1990,2,2,1,0,0,0,0,0,0,0
8727,1993,3,3,0,0,0,0,0,0,1,0
8727,1995,6,5,3,1,0,0,1,0,0,0
8729,2009,1,1,0,0,0,0,0,0,0,0
8743,1990,1,1,0,0,0,0,0,0,0,0
8747,2012,3,3,1,0,0,0,0,0,0,0
8755,2006,10,10,3,0,0,0,0,0,1,0
8765,2005,2,0,0,0,0,0,0,0,0,0
8765,2007,1,1,0,0,0,0,0,0,1,0
8778,2010,2,2,1,1,0,0,0,0,0,0
8780,2004,5,5,1,1,0,0,0,0,0,0
8782,2007,5,5,3,0,0,0,0,0,1,0
8782,2009,14,13,5,1,0,0,1,0,1,0
8782,2010,6,6,2,0,0,1,0,0,2,0
8795,2004,3,2,1,0,0,0,1,0,0,0
8795,2005,5,4,1,0,0,0,1,0,0,0
8795,2006,8,8,4,0,0,1,0,0,1,0
8808,1990,3,2,0,0,0,0,1,0,0,0
8811,1987,11,9,3,1,0,0,2,0,1,0
8812,2008,3,2,0,0,0,0,1,0,0,0
8812,2010,2,2,1,1,0,0,0,0,0,0
8823,2009,3,3,0,0,0,0,0,0,0,0
8834,2006,1,1,0,0,0,0,0,0,0,0
8834,2007,1,1,1,0,0,0,0,0,0,0
8835,2001,3,3,0,0,0,0,0,0,2,0
8835,2002,7,6,5,1,0,1,1,0,0,0
8835,2003,6,5,2,2,0,0,1,0,1,0
8835,2004,3,3,3,0,0,1,0,0,0,0
8835,2005,3,3,0,0,0,0,0,0,1,0
8835,2009,3,3,1,1,0,0,0,0,1,0
8850,1986,4,4,3,0,0,0,0,0,0,0
8850,1987,5,4,1,0,0,0,1,0,1,0
8850,1988,12,12,4,2,0,0,0,0,0,0
8850,1990,2,2,1,0,0,0,0,0,0,0
8850,1993,3,3,1,0,0,1,0,0,0,0
8850,1996,6,6,0,0,0,0,0,0,0,0
8850,1997,3,3,3,0,0,0,0,0,0,0
8851,2007,2,2,2,0,0,1,0,0,0,0
8853,2006,3,3,0,0,0,0,0,0,2,0
8853,2007,2,2,0,0,0,0,0,0,2,0
8853,2008,3,3,1,0,0,0,0,0,0,0
8854,2007,4,4,2,0,0,1,0,0,0,0
8854,2009,4,2,1,0,0,1,2,0,0,0
8854,2010,3,3,1,0,0,1,0,0,0,0
8857,1987,6,6,2,0,0,1,0,0,0,0
8857,1988,7,7,2,0,0,0,0,0,1,0
8859,2007,3,3,0,0,0,0,0,0,1,0
8872,2003,2,2,1,0,0,1,0,0,1,0
8872,2005,6,5,2,0,0,0,1,0,0,0
8872,2006,3,3,2,1,0,0,0,0,0,0
8872,2010,3,3,0,0,0,0,0,0,0,0
8897,1993,3,3,0,0,0,0,0,0,0,0
8897,1994,3,3,0,0,0,0,0,0,0,0
8897,2002,2,2,1,0,0,0,0,0,0,0
8897,2006,3,3,1,0,0,1,0,0,0,0
8917,2000,3,3,2,0,0,0,0,0,0,0
8917,2001,3,3,2,1,0,0,0,0,0,0
8917,2002,3,3,0,0,0,0,0,0,0,0
8919,2002,1,1,0,0,0,0,0,0,0,0
8919,2007,2,2,0,0,0,0,0,0,0,0
8919,2008,6,5,1,0,0,0,1,0,3,0
8919,2009,1,1,1,0,0,0,0,0,0,0
8920,1987,3,3,0,0,0,0,0,0,2,0
8921,1994,3,3,0,0,0,0,0,0,0,0
8926,1986,3,3,0,0,0,0,0,0,0,0
8928,1997,2,2,0,0,0,0,0,0,0,0
8928,1998,2,2,0,0,0,0,0,0,0,0
8928,2006,3,3,0,0,0,0,0,0,0,0
8929,2004,2,2,0,0,0,0,0,0,0,0
8929,2005,3,3,0,0,0,0,0,0,0,0
8946,1987,6,6,1,0,1,0,0,0,1,0
8946,1988,8,8,1,0,0,0,0,0,2,0
8946,1990,4,4,1,0,0,0,0,0,0,0
8948,1995,2,2,0,0,0,0,0,0,0,0
8948,1999,4,3,0,0,0,0,1,0,1,0
8948,2000,3,3,1,0,0,0,0,0,1,0
8948,2002,5,4,0,0,0,0,1,0,2,0
8948,2004,5,4,0,0,0,0,1,0,1,0
8960,2012,3,3,1,0,0,0,0,0,2,0
8984,2001,3,3,2,0,0,0,0,0,0,0
8984,2003,3,3,0,0,0,0,0,0,0,0
9006,2003,3,2,1,0,0,0,1,0,0,0
9006,2004,6,4,2,0,0,1,2,0,0,0
9006,2005,3,3,0,0,0,0,0,0,1,0
9006,2007,3,3,0,0,0,0,0,0,0,0
9012,2007,3,3,1,0,0,0,0,0,1,0
9012,2009,6,5,2,0,0,1,0,0,0,0
9012,2012,3,3,1,0,0,1,0,0,0,0
9023,2003,3,3,0,0,0,0,0,0,0,0
9023,2007,2,2,0,0,0,0,0,0,0,0
9026,2005,3,3,0,0,0,0,0,0,0,0
9027,1989,1,1,1,0,0,0,0,0,0,0
9027,1990,5,5,0,0,0,0,0,0,1,0
9027,1993,4,3,1,1,0,0,1,0,0,0
9027,1994,8,7,3,1,0,1,1,0,0,0
9027,1995,7,7,2,0,0,1,0,0,2,0
9027,1996,1,1,1,0,0,0,0,0,0,0
9027,1997,14,12,1,0,0,0,2,0,1,0
9027,1999,4,4,2,2,0,0,0,0,0,0
9034,2000,6,5,1,0,0,0,1,0,1,0
9034,2001,3,2,0,0,0,0,0,0,2,1
9034,2002,10,9,0,0,0,0,1,0,1,0
9034,2003,3,2,0,0,0,0,1,0,1,0
9036,1997,6,5,1,0,0,0,1,0,2,0
9036,2005,4,4,0,0,0,0,0,0,0,0
9036,2006,3,3,1,0,0,1,0,0,0,0
9040,2004,3,3,0,0,0,0,0,0,1,0
9040,2005,3,3,0,0,0,0,0,0,2,0
9046,2001,3,3,0,0,0,0,0,0,1,0
9046,2002,3,3,0,0,0,0,0,0,0,0
9046,2003,2,2,0,0,0,0,0,0,0,0
9046,2005,3,3,1,0,0,0,0,0,1,0
9046,2006,3,3,2,1,0,0,0,0,0,0
9051,2001,3,2,0,0,0,0,0,0,0,0
9051,2006,6,6,1,0,0,0,0,0,0,0
9051,2007,3,3,2,0,0,0,0,0,0,0
9051,2009,6,4,1,0,0,0,0,2,0,0
9059,2012,3,2,1,0,0,0,0,1,0,0
9082,1993,4,4,0,0,0,0,0,0,0,0
9082,1994,6,6,2,0,0,1,0,0,0,0
9097,1996,1,1,0,0,0,0,0,0,1,0
9114,2005,4,3,0,0,0,0,1,0,0,0
9120,2002,4,4,1,0,0,0,0,0,1,0
9120,2003,3,3,1,0,0,0,0,0,0,0
9120,2005,7,7,3,1,0,1,0,0,0,0
9120,2007,3,3,0,0,0,0,0,0,0,0
9124,1989,2,2,0,0,0,0,0,0,0,0
9125,2012,3,3,0,0,0,0,0,0,0,0
9128,1994,3,3,1,0,0,0,0,0,0,0
9128,1996,1,1,0,0,0,0,0,0,0,0
9135,2004,3,3,0,0,0,0,0,0,1,0
9146,2001,4,4,0,0,0,0,0,0,1,0
9154,1998,6,6,2,0,0,0,0,0,1,0
9154,1999,6,5,2,1,0,0,1,0,0,0
9154,2000,10,10,4,2,0,0,0,0,2,0
9154,2001,8,8,2,1,0,0,0,0,1,0
9154,2002,6,5,1,0,0,1,1,0,0,0
9154,2003,8,7,2,0,0,0,1,0,1,0
9154,2005,5,4,2,0,0,0,1,0,0,0
9154,2010,3,3,1,0,0,1,0,0,1,0
9156,2012,3,3,1,0,0,0,0,0,0,0
9157,1997,3,3,1,0,0,0,0,0,0,0
9168,1987,3,3,1,0,0,0,0,0,1,0
9182,1986,2,2,1,0,0,0,0,0,0,0
9182,1987,1,1,0,0,0,0,0,0,1,0
9187,2006,6,6,3,0,0,1,0,0,1,0
9187,2007,6,6,3,1,0,0,0,0,0,0
9187,2008,3,2,0,0,0,0,1,0,1,0
9187,2009,2,2,1,0,0,0,0,0,0,0
9187,2010,9,9,3,1,0,2,0,0,0,0
9191,2006,3,3,1,0,0,1,0,0,1,0
9193,2012,3,3,1,1,0,0,0,0,0,0
9213,1988,4,4,0,0,0,0,0,0,0,0
9213,1997,2,2,0,0,0,0,0,0,0,0
9213,2001,2,2,0,0,0,0,0,0,2,0
9213,2002,6,6,2,1,0,0,0,0,1,0
9225,1989,6,5,1,0,0,0,1,0,0,0
9225,1990,4,4,1,0,0,0,0,0,0,0
9225,1993,3,3,0,0,0,0,0,0,0,0
9225,1994,7,5,1,1,0,0,1,0,1,0
9233,2002,4,4,0,0,0,0,0,0,1,0
9233,2004,1,1,0,0,0,0,0,0,0,0
9233,2007,3,2,0,0,0,0,1,0,0,0
9233,2008,3,3,2,0,0,0,0,0,1,0
9233,2010,1,1,1,0,0,0,0,0,0,0
9242,2008,1,1,0,0,0,0,0,0,1,0
9260,2007,6,5,0,0,0,0,0,1,0,0
9267,1990,3,3,3,1,0,1,0,0,0,0
9268,2004,2,2,1,0,0,0,0,0,1,0
9268,2009,1,1,0,0,0,0,0,0,0,0
9268,2010,3,3,0,0,0,0,0,0,0,0
9272,2001,6,6,2,0,0,0,0,0,0,0
9273,2008,3,3,0,0,0,0,0,0,1,0
9275,2003,3,3,1,0,0,0,0,0,0,0
9275,2004,3,3,1,0,0,0,0,0,0,0
9275,2005,9,9,3,1,0,0,0,0,1,0
9275,2006,6,6,2,0,0,1,0,0,0,0
9281,1990,3,2,0,0,0,0,0,0,2,1
9287,2008,3,3,0,0,0,0,0,0,0,0
9306,1986,8,6,2,0,0,0,2,0,0,0
9306,1987,6,6,4,1,0,0,0,0,1,0
9306,1988,7,7,3,0,0,1,0,0,1,0
9306,1995,3,2,1,0,0,0,1,0,0,0
9306,1996,3,3,1,0,0,0,0,0,0,0
9306,1997,3,3,0,0,0,0,0,0,0,0
9306,1998,7,7,3,1,0,0,0,0,0,0
9306,1999,4,4,1,0,0,0,0,0,0,0
9317,2006,6,5,0,0,0,0,1,0,1,0
9317,2008,6,5,0,0,0,0,1,0,1,0
9317,2009,3,1,1,0,0,0,2,0,0,0
9317,2010,5,5,1,1,0,0,0,0,1,0
9318,1999,6,5,3,0,0,0,1,0,0,0
9331,2006,10,10,3,0,1,1,0,0,2,0
9331,2007,12,11,4,0,0,3,1,0,0,0
9331,2008,12,10,4,0,0,0,2,0,1,0
9331,2009,16,15,5,1,0,0,1,0,1,0
9331,2010,6,4,1,0,0,0,2,0,1,0
9331,2012,3,2,1,0,0,0,1,0,0,0
9338,1994,3,3,0,0,0,0,0,0,2,0
9338,1995,3,3,2,0,0,1,0,0,0,0
9338,1996,7,6,1,0,0,0,1,0,0,0
9338,1997,3,2,0,0,0,0,1,0,0,0
9338,1998,6,5,3,1,0,2,0,1,2,0
9338,1999,6,5,4,2,0,1,1,0,0,0
9338,2000,3,2,1,0,0,1,1,0,0,0
9338,2001,9,8,2,0,0,1,1,0,3,0
9338,2002,3,3,1,0,0,1,0,0,1,0
9338,2003,3,2,1,0,0,1,1,0,1,0
9338,2004,3,3,1,0,0,1,0,0,1,0
9338,2005,2,2,0,0,0,0,0,0,0,0
9338,2006,6,6,1,0,0,1,0,0,2,0
9338,2008,3,3,1,0,0,0,0,0,0,0
9339,2008,3,2,0,0,0,0,1,0,0,0
9345,1987,1,1,0,0,0,0,0,0,0,0
9345,1988,10,10,3,2,0,0,0,0,1,0
9345,1991,1,1,0,0,0,0,0,0,0,0
9371,1987,4,3,0,0,0,0,1,0,1,0
9377,1996,12,12,4,2,0,0,0,0,1,0
9377,1998,14,14,1,0,0,0,0,0,3,0
9377,1999,3,3,0,0,0,0,0,0,0,0
9377,2000,3,3,1,0,0,0,0,0,0,0
9377,2001,6,6,0,0,0,0,0,0,0,0
9377,2002,4,4,0,0,0,0,0,0,1,0
9377,2003,3,3,0,0,0,0,0,0,0,0
9377,2004,3,3,1,0,0,0,0,0,0,0
9381,1990,3,3,1,0,0,0,0,0,0,0
9384,2012,1,1,1,1,0,0,0,0,0,0
9412,1986,1,1,0,0,0,0,0,0,1,0
9412,1987,2,2,0,0,0,0,0,0,0,0
9415,1986,5,4,2,0,0,0,1,0,0,0
9415,1987,10,8,4,0,0,0,2,0,0,0
9426,1987,9,9,4,2,0,0,0,0,0,0
9426,1988,4,4,3,0,1,0,0,0,0,0
9426,1991,1,1,0,0,0,0,0,0,0,0
9434,1994,6,6,2,1,0,0,0,0,0,0
9434,1996,2,2,1,1,0,0,0,0,0,0
9434,1997,6,6,0,0,0,0,0,0,2,0
9434,1998,5,4,2,1,0,0,0,0,0,0
9434,2000,3,2,1,0,0,0,1,0,0,0
9437,2008,3,3,0,0,0,0,0,0,1,0
9437,2009,2,2,0,0,0,0,0,0,1,0
9441,2006,3,3,2,0,0,0,0,0,0,0
9447,1986,3,2,0,0,0,0,1,0,0,0
9447,1988,5,5,3,1,0,0,0,0,1,0
9447,1991,2,2,0,0,0,0,0,0,1,0
9447,1993,4,4,1,0,0,0,0,0,0,0
9458,1987,3,2,0,0,0,0,0,0,0,0
9458,1988,1,1,0,0,0,0,0,0,0,0
9460,1989,2,2,2,1,0,0,0,0,0,0
9460,1990,3,3,0,0,0,0,0,0,0,0
9460,1994,6,6,3,0,0,0,0,0,0,0
9483,1993,3,3,0,0,0,0,0,0,2,0
9494,2003,3,2,1,0,0,0,0,1,0,0
9507,2002,3,3,2,2,0,0,0,0,0,0
9507,2004,1,1,0,0,0,0,0,0,0,0
9507,2006,6,6,1,0,0,1,0,0,0,0
9507,2007,5,3,0,0,0,0,2,0,1,0
9507,2010,3,3,2,0,0,0,0,0,0,0
9514,2007,6,6,0,0,0,0,0,0,2,0
9517,1987,2,2,0,0,0,0,0,0,2,0
9519,1987,6,5,0,0,0,0,0,0,3,0
9519,1988,5,4,0,0,0,0,0,0,2,0
9524,2007,1,1,0,0,0,0,0,0,1,0
9525,2008,1,1,0,0,0,0,0,0,0,0
9531,1991,4,4,2,1,0,0,0,0,1,0
9533,2005,4,4,1,0,0,0,0,0,1,0
9533,2006,4,4,2,0,1,0,0,0,0,0
9533,2007,14,12,4,0,0,0,1,0,1,0
9533,2008,19,18,4,2,1,0,1,0,2,0
9533,2009,5,5,1,0,0,1,0,0,1,0
9533,2010,6,6,2,0,0,0,0,0,0,0
9533,2012,3,3,1,0,0,0,0,0,1,0
9547,1989,2,2,1,0,0,0,0,0,0,0
9547,1990,2,2,0,0,0,0,0,0,1,0
9549,2007,4,4,2,0,0,1,0,0,0,0
9549,2008,3,3,0,0,0,0,0,0,1,0
9549,2009,5,4,0,0,0,0,1,0,1,0
9552,1986,1,1,0,0,0,0,0,0,0,0
9552,1988,3,3,1,0,0,1,0,0,0,0
9553,1986,2,1,0,0,0,0,1,0,0,0
9561,1986,4,4,1,1,0,0,0,0,0,0
9570,1989,2,1,0,0,0,0,1,0,0,0
9593,2009,3,3,0,0,0,0,0,0,3,0
9609,2003,1,1,1,0,0,0,0,0,0,0
9625,2004,10,9,3,2,0,0,1,0,0,0
9625,2005,5,5,3,0,1,1,0,0,0,0
9625,2007,3,2,1,1,0,0,1,0,0,0
9625,2008,3,3,2,1,0,0,0,0,0,0
9625,2009,5,5,1,0,0,0,0,0,1,0
9630,1989,2,2,0,0,0,0,0,0,0,0
9630,1994,3,3,1,0,0,0,0,0,0,0
9630,1996,4,4,0,0,0,0,0,0,2,0
9630,1997,3,3,1,0,0,0,0,0,0,0
9631,1989,6,5,1,0,0,0,1,0,0,0
9631,1990,2,2,0,0,0,0,0,0,0,0
9631,1996,11,9,2,0,0,0,2,0,1,0
9631,1997,6,6,2,0,0,0,0,0,1,0
9631,1998,9,8,4,1,0,1,1,0,0,0
9631,1999,7,7,3,1,0,1,0,0,0,0
9631,2000,6,4,1,0,0,0,2,0,0,0
9631,2001,3,3,0,0,0,0,0,0,0,0
9644,2001,3,3,0,0,0,0,0,0,1,0
9644,2002,10,10,5,1,0,0,0,0,1,0
9644,2003,2,2,1,0,0,0,0,0,1,0
9644,2004,2,2,0,0,0,0,0,0,1,0
9644,2005,2,2,1,0,0,0,0,0,0,0
9644,2008,3,3,0,0,0,0,0,0,0,0
9654,2005,12,12,1,0,0,0,0,0,2,0
9654,2006,6,6,1,0,0,0,0,0,1,0
9656,1986,6,6,0,0,0,0,0,0,1,0
9656,1987,7,7,1,0,0,0,0,0,2,0
9656,1988,5,5,0,0,0,0,0,0,0,0
9656,1990,3,3,0,0,0,0,0,0,0,0
9656,1993,2,2,2,0,0,0,0,0,0,0
9660,2009,1,1,1,0,0,0,0,0,0,0
9662,1998,3,3,0,0,0,0,0,0,0,0
9662,1999,6,6,1,0,0,1,0,0,2,0
9662,2000,5,5,1,0,0,0,0,0,1,0
9662,2002,7,5,0,0,0,0,1,1,2,0
9682,1986,3,3,0,0,0,0,0,0,0,0
9682,1996,12,10,2,0,0,0,1,0,0,1
9682,1997,4,4,1,0,0,0,0,0,1,0
9682,1998,3,3,0,0,0,0,0,0,0,0
9683,2001,3,3,0,0,0,0,0,0,0,0
9683,2003,8,8,4,1,0,0,0,0,2,0
9683,2004,11,11,1,1,0,0,0,0,1,0
9683,2005,8,8,4,1,0,0,0,0,1,0
9683,2006,3,3,1,0,0,0,0,0,0,0
9687,1999,4,4,1,0,0,0,0,0,0,0
9687,2007,4,4,0,0,0,0,0,0,0,0
9710,2009,7,5,2,0,0,0,2,0,0,0
9710,2012,3,3,1,0,0,0,0,0,0,0
9763,1996,2,2,1,0,0,0,0,0,0,0
9763,2001,18,17,5,1,0,0,1,0,4,0
9763,2002,15,12,2,1,0,1,3,0,1,0
9763,2003,13,13,6,1,0,1,0,0,0,0
9763,2004,6,6,5,0,0,3,0,0,0,0
9763,2005,5,4,2,0,0,1,1,0,1,0
9763,2010,3,2,0,0,0,0,1,0,0,0
9767,1994,2,2,0,0,0,0,0,0,0,0
9790,1993,4,4,1,0,0,0,0,0,0,0
9790,1994,3,3,2,0,0,1,0,0,0,0
9790,1995,3,3,1,1,0,0,0,0,0,0
9790,1996,8,8,5,2,0,0,0,0,0,0
9790,1997,10,9,4,2,0,1,1,0,0,0
9790,1998,1,1,1,1,0,0,0,0,0,0
9790,1999,7,7,1,0,0,0,0,0,1,0
9790,2001,12,10,3,1,0,0,2,0,2,0
9790,2002,14,13,3,0,0,1,1,0,2,0
9790,2004,3,2,2,0,0,0,1,0,0,0
9790,2005,6,5,1,0,0,0,1,0,0,0
9790,2007,3,3,0,0,0,0,0,0,0,0
9801,2008,2,2,0,0,0,0,0,0,0,0
9822,2009,1,1,0,0,0,0,0,0,0,0
9829,1987,8,4,2,0,0,2,3,0,2,1
9829,1988,4,4,0,0,0,0,0,0,1,0
9831,1986,6,5,3,1,0,0,1,0,0,0
9831,1987,1,1,0,0,0,0,0,0,0,0
9863,2004,1,1,0,0,0,0,0,0,1,0
9863,2007,3,3,1,0,0,0,0,0,2,0
9863,2008,3,2,1,0,0,0,1,0,0,0
9863,2009,6,5,2,1,0,0,0,1,0,0
9867,2001,3,2,0,0,0,0,1,0,0,0
9867,2003,6,6,1,0,0,0,0,0,2,0
9869,2003,3,3,0,0,0,0,0,0,1,0
9882,2009,2,2,0,0,0,0,0,0,1,0
9884,1990,1,1,1,0,0,0,0,0,0,0
9959,2006,6,6,1,0,0,1,0,0,0,0
9959,2007,11,10,0,0,0,0,1,0,2,0
9959,2008,11,10,2,0,0,0,0,1,2,0
9959,2009,14,14,7,0,0,1,0,0,1,0
9959,2010,6,6,0,0,0,0,0,0,1,0
9960,2007,2,2,0,0,0,0,0,0,1,0
9960,2010,3,3,0,0,0,0,0,0,0,0
9965,1993,3,3,0,0,0,0,0,0,0,0
9976,2004,11,10,2,0,0,1,0,0,1,0
9976,2005,6,6,3,0,1,0,0,0,2,0
9976,2008,2,2,2,0,0,1,0,0,0,0
9983,1993,4,4,0,0,0,0,0,0,1,0
9987,1986,4,4,3,0,0,0,0,0,1,0
9987,1988,1,1,0,0,0,0,0,0,0,0
10004,1987,3,3,0,0,0,0,0,0,2,0
10004,1988,2,2,0,0,0,0,0,0,2,0
10021,1987,7,6,1,0,0,0,0,0,1,0
10021,1988,4,3,1,0,0,0,1,0,1,0
10029,2006,1,0,0,0,0,0,0,0,0,0
10037,1986,1,1,1,0,0,0,0,0,0,0
10039,1986,5,4,1,1,0,0,0,1,1,0
10039,1987,1,1,1,0,0,1,0,0,0,0
10041,2010,3,3,1,0,0,0,0,0,0,0
10049,2009,2,2,0,0,0,0,0,0,2,0
10051,2008,3,3,1,0,0,0,0,0,0,0
10059,1986,5,5,0,0,0,0,0,0,2,0
10059,1987,1,0,0,0,0,0,0,0,0,0
10059,1988,4,4,0,0,0,0,0,0,3,0
10073,1988,2,2,0,0,0,0,0,0,0,0
10073,1991,6,6,1,0,0,0,0,0,4,0
10082,1998,3,3,2,0,0,0,0,0,0,0
10082,2000,3,3,0,0,0,0,0,0,1,0
10082,2001,4,4,0,0,0,0,0,0,0,0
10082,2002,4,4,0,0,0,0,0,0,0,0
10092,1999,3,3,0,0,0,0,0,0,1,0
10092,2000,6,6,2,0,0,0,0,0,1,0
10092,2001,3,3,1,0,0,0,0,0,0,0
10092,2002,9,8,3,0,0,0,0,1,3,0
10106,1987,2,2,1,0,0,0,0,0,1,0
10106,1991,3,2,0,0,0,0,1,0,0,0
10109,2010,4,4,0,0,0,0,0,0,1,0
10115,1993,5,5,1,0,0,1,0,0,3,0
10115,1994,8,8,2,0,0,1,0,0,1,0
10115,1995,9,9,3,0,1,1,0,0,2,0
10115,1996,3,3,1,0,0,0,0,0,0,0
10115,1997,9,8,0,0,0,0,1,0,1,0
10115,1998,7,5,1,0,0,0,2,0,1,0
10115,1999,7,7,4,1,0,0,0,0,1,0
10115,2000,6,4,1,1,0,0,2,0,1,0
10115,2001,10,8,2,0,0,0,2,0,1,0
10115,2002,6,5,1,0,0,0,0,0,0,1
10115,2003,20,17,1,0,0,0,3,0,5,0
10115,2004,6,5,1,0,0,0,1,0,0,0
10115,2006,3,2,0,0,0,0,1,0,1,0
10124,1991,3,3,2,0,0,0,0,0,0,0
10129,1986,9,8,5,1,0,1,0,1,0,0
10129,1987,20,17,6,1,1,0,3,0,6,0
10129,1988,15,13,4,0,1,0,1,1,5,0
10129,1994,3,3,0,0,0,0,0,0,2,0
10129,1997,3,3,1,0,0,0,0,0,0,0
10135,2003,4,4,2,0,0,0,0,0,0,0
10136,2009,3,3,0,0,0,0,0,0,0,0
10136,2010,2,2,1,0,0,0,0,0,0,0
10148,2007,6,6,3,1,0,1,0,0,0,0
10148,2008,3,3,1,0,0,0,0,0,0,0
10150,2008,1,1,0,0,0,0,0,0,1,0
10150,2010,2,2,0,0,0,0,0,0,0,0
10161,1999,5,5,1,0,0,0,0,0,0,0
10161,2000,3,3,0,0,0,0,0,0,1,0
10161,2001,6,6,3,0,0,0,0,0,0,0
10161,2002,3,2,1,0,0,0,0,0,1,0
10161,2004,3,3,2,0,0,0,0,0,0,0
10161,2005,2,2,0,0,0,0,0,0,0,0
10176,2001,5,5,1,0,0,0,0,0,1,0
10176,2002,5,4,0,0,0,0,0,0,1,0
10176,2003,3,3,0,0,0,0,0,0,2,0
10181,2010,3,3,1,0,0,0,0,0,0,0
10181,2012,3,3,1,0,0,0,0,0,0,0
10184,1991,3,1,0,0,0,0,2,0,0,0
10185,1999,4,4,0,0,0,0,0,0,3,0
10185,2004,1,1,1,0,0,1,0,0,0,0
10185,2006,3,3,0,0,0,0,0,0,0,0
10203,1987,2,2,0,0,0,0,0,0,1,0
10203,1988,6,6,2,0,0,1,0,0,0,0
10203,1997,2,2,1,0,0,0,0,0,0,0
10203,2001,3,3,0,0,0,0,0,0,0,0
10205,2010,3,3,0,0,0,0,0,0,1,0
10211,1999,4,4,0,0,0,0,0,0,0,0
10217,2010,2,1,0,0,0,0,0,0,1,0
10217,2012,3,3,0,0,0,0,0,0,2,0
10222,2009,7,6,1,0,0,0,1,0,0,0
10223,1986,9,7,2,0,0,0,2,0,1,0
10223,1987,3,3,1,0,0,0,0,0,0,0
10224,2003,6,5,1,0,0,0,0,1,1,0
10262,1986,1,1,1,0,0,0,0,0,0,0
10262,1987,7,7,1,0,0,0,0,0,0,0
10262,1988,10,10,3,0,0,0,0,0,0,0
10262,1993,3,3,1,0,0,0,0,0,0,0
10275,1990,1,1,0,0,0,0,0,0,0,0
10276,2009,2,1,0,0,0,0,1,0,0,0
10276,2012,3,2,1,0,0,1,0,0,0,0
10288,2008,1,1,0,0,0,0,0,0,0,0
10296,2010,3,3,1,1,0,0,0,0,0,0
10296,2012,3,3,0,0,0,0,0,0,0,0
10316,1986,9,8,5,1,0,2,1,0,0,0
10316,1987,17,13,3,0,0,0,3,0,2,1
10316,1988,7,6,4,0,0,0,0,1,0,0
10318,2007,3,2,1,0,0,0,1,0,0,0
10318,2008,4,3,1,0,0,0,1,0,0,0
10324,1990,1,1,1,0,0,1,0,0,0,0
10324,1994,4,3,1,0,0,0,0,0,0,0
10358,1986,6,5,3,1,0,0,0,0,0,0
10358,1987,14,13,2,0,0,1,1,0,3,0
10358,1990,1,1,0,0,0,0,0,0,0,0
10360,2007,3,2,1,0,0,0,1,0,0,0
10371,1987,6,4,1,1,0,0,2,0,0,0
10371,1988,3,3,1,0,0,0,0,0,0,0
10379,1991,2,2,0,0,0,0,0,0,1,0
10401,2004,9,8,5,0,0,2,0,0,0,1
10401,2005,10,9,2,0,0,1,1,0,0,0
10401,2006,9,8,3,1,0,0,1,0,0,0
10401,2008,4,4,1,0,0,0,0,0,1,0
10401,2009,7,6,3,0,0,0,1,0,0,0
10401,2010,2,1,1,0,0,0,1,0,0,0
10413,2003,2,2,1,0,0,0,0,0,0,0
10416,1987,2,2,0,0,0,0,0,0,1,0
10428,2000,3,3,1,0,0,1,0,0,0,0
10437,1989,5,4,2,1,0,1,1,0,0,0
10437,1990,6,6,1,0,0,0,0,0,0,0
10437,1993,4,4,2,0,0,0,0,0,1,0
10437,1994,3,3,3,0,0,0,0,0,0,0
10437,1995,7,6,0,0,0,0,1,0,0,0
10437,1996,7,7,2,0,0,0,0,0,0,0
10437,1997,2,2,0,0,0,0,0,0,0,0
10469,1999,3,3,0,0,0,0,0,0,1,0
10469,2000,3,3,1,0,0,0,0,0,1,0
10478,1998,3,3,1,0,0,0,0,0,0,0
10478,1999,8,6,1,0,0,0,2,0,2,0
10512,2007,2,2,1,0,0,0,0,0,0,0
10515,1999,3,3,1,0,0,1,0,0,1,0
10515,2001,2,1,0,0,0,0,1,0,0,0
10516,2008,2,2,0,0,0,0,0,0,1,0
10520,1989,4,3,2,0,0,1,1,0,0,0
10520,1990,3,1,1,0,0,0,2,0,0,0
10520,1998,3,3,2,0,0,1,0,0,0,0
10520,2000,3,2,1,0,0,0,1,0,1,0
10520,2003,4,3,2,1,0,0,1,0,0,0
10520,2004,9,8,3,0,0,2,1,0,0,0
10520,2005,5,4,1,0,0,0,1,0,1,0
10520,2007,3,3,1,0,0,0,0,0,0,0
10520,2009,11,9,1,1,0,0,2,0,0,0
10525,2005,7,6,2,0,0,1,1,0,1,0
10526,1987,3,3,0,0,0,0,0,0,3,0
10526,1988,6,6,1,0,0,0,0,0,2,0
10526,1990,2,2,0,0,0,0,0,0,0,0
10529,2000,1,1,0,0,0,0,0,0,0,0
10529,2001,4,4,1,0,0,0,0,0,2,0
10554,2003,3,2,0,0,0,0,1,0,0,0
10579,1990,2,2,0,0,0,0,0,0,1,0
10579,2000,3,2,0,0,0,0,1,0,0,0
10579,2001,3,2,2,1,0,0,1,0,0,0
10591,1993,6,6,2,1,0,0,0,0,0,0
10591,1994,6,6,2,1,0,0,0,0,1,0
10591,1995,4,3,0,0,0,0,1,0,1,0
10591,1996,3,2,0,0,0,0,0,0,0,1
10591,1997,3,3,0,0,0,0,0,0,2,0
10591,2000,1,1,1,0,0,0,0,0,0,0
10591,2001,9,7,4,3,0,0,0,0,0,2
10591,2003,2,2,0,0,0,0,0,0,2,0
10591,2004,8,8,2,0,0,0,0,0,2,0
10605,1997,5,5,2,1,0,0,0,0,1,0
10605,1998,1,1,0,0,0,0,0,0,1,0
10608,1987,8,7,2,0,0,0,1,0,0,0
10628,1999,4,4,0,0,0,0,0,0,0,0
10628,2000,3,3,2,0,0,0,0,0,0,0
10628,2002,6,6,2,0,0,0,0,0,0,0
10628,2003,2,2,0,0,0,0,0,0,0,0
10646,2005,4,4,1,0,0,0,0,0,0,0
10646,2006,3,3,0,0,0,0,0,0,2,0
10655,1989,3,3,1,1,0,0,0,0,0,0
10671,1991,1,1,0,0,0,0,0,0,0,0
10671,1996,1,1,1,0,0,0,0,0,0,0
10674,2004,3,3,0,0,0,0,0,0,1,0
10689,1988,6,6,0,0,0,0,0,0,5,0
10689,1991,1,1,1,0,0,0,0,0,0,0
10692,1988,1,1,0,0,0,0,0,0,0,0
10747,1988,4,4,2,0,0,1,0,0,1,0
10751,1996,3,3,1,0,0,0,0,0,1,0
10758,1987,8,8,2,1,0,0,0,0,0,0
10758,1988,10,9,2,2,0,0,1,0,0,0
10759,1988,2,2,0,0,0,0,0,0,0,0
10764,1998,7,7,3,0,0,1,0,0,2,0
10764,1999,3,3,0,0,0,0,0,0,0,0
10770,2008,3,3,0,0,0,0,0,0,1,0
10779,1987,3,2,0,0,0,0,0,0,0,0
10782,1988,3,2,1,1,0,0,1,0,0,0
10791,2007,1,1,0,0,0,0,0,0,0,0
10801,1997,3,3,0,0,0,0,0,0,1,0
10802,1993,3,3,1,0,0,0,0,0,0,0
10802,1994,3,3,1,1,0,0,0,0,0,0
10802,1995,8,8,7,1,0,1,0,0,0,0
10802,1996,2,2,1,0,0,0,0,0,0,0
10802,1997,3,2,0,0,0,0,1,0,1,0
10802,1999,3,3,2,1,0,1,0,0,0,0
10806,1989,6,5,2,0,0,1,1,0,3,0
10806,1990,2,2,1,0,0,0,0,0,0,0
10807,2007,6,6,0,0,0,0,0,0,0,0
10807,2008,3,3,1,0,0,1,0,0,0,0
10807,2009,1,1,0,0,0,0,0,0,1,0
10807,2012,2,2,0,0,0,0,0,0,0,0
10825,1994,3,3,0,0,0,0,0,0,0,0
10825,1995,4,4,0,0,0,0,0,0,1,0
10825,1996,1,1,1,0,0,0,0,0,0,0
10825,2000,4,3,0,0,0,0,0,0,0,0
10842,1987,2,2,0,0,0,0,0,0,1,0
10844,2000,3,3,1,0,0,1,0,0,1,0
10844,2001,8,8,1,0,0,0,0,0,1,0
10844,2002,8,8,2,0,0,2,0,0,3,0
10844,2003,10,10,1,0,0,0,0,0,2,0
10844,2004,5,4,1,0,0,1,0,0,1,1
10844,2005,9,8,2,1,0,0,1,0,1,0
10844,2007,3,3,1,0,0,0,0,0,0,0
10844,2008,6,6,2,0,0,0,0,0,0,0
10844,2009,3,3,1,0,0,0,0,0,0,0
10844,2010,5,5,2,1,0,1,0,0,1,0
10851,1995,1,1,1,0,0,0,0,0,0,0
10851,1998,4,4,1,0,0,0,0,0,0,0
10859,1990,9,8,1,0,0,0,1,0,1,0
10859,2005,7,6,1,1,0,0,0,0,1,1
10861,2006,3,3,0,0,0,0,0,0,1,0
10861,2008,3,3,2,0,0,0,0,0,0,0
10861,2010,5,5,0,0,0,0,0,0,1,0
10887,1998,3,3,1,1,0,0,0,0,0,0
10887,1999,6,5,1,0,0,0,1,0,1,0
10888,1987,4,3,1,0,0,0,1,0,0,0
10888,1988,3,3,0,0,0,0,0,0,0,0
10891,2007,1,0,0,0,0,0,0,0,0,0
10899,1999,6,5,1,0,0,0,1,0,2,0
10899,2001,3,3,0,0,0,0,0,0,1,0
10899,2002,6,6,3,1,0,0,0,0,0,0
10899,2003,9,8,3,1,0,0,1,0,3,0
10904,1989,1,1,1,0,0,0,0,0,0,0
10904,1990,1,1,0,0,0,0,0,0,0,0
10904,1993,3,2,0,0,0,0,1,0,1,0
10904,1994,2,1,0,0,0,0,1,0,0,0
10907,1996,2,2,0,0,0,0,0,0,0,0
10907,1997,5,4,1,0,0,1,1,0,1,0
10907,1998,10,10,2,0,0,0,0,0,2,0
10907,1999,3,3,0,0,0,0,0,0,1,0
10907,2000,3,3,0,0,0,0,0,0,0,0
10907,2001,2,1,0,0,0,0,1,0,1,0
10907,2002,6,6,2,0,0,0,0,0,0,0
10907,2003,7,7,0,0,0,0,0,0,0,0
10907,2007,3,3,1,0,0,0,0,0,1,0
10911,2006,4,4,0,0,0,0,0,0,1,0
10911,2007,3,2,2,0,0,1,1,0,0,0
10911,2008,3,3,2,1,0,1,0,0,1,0
10911,2009,2,2,2,0,0,0,0,0,0,0
10914,2005,3,2,0,0,0,0,1,0,1,0
10918,1994,7,7,4,1,0,0,0,0,0,0
10918,1995,6,6,1,0,0,0,0,0,0,0
10918,1996,2,1,0,0,0,0,1,0,0,0
10918,1997,6,4,2,1,0,0,2,0,0,0
10918,1998,9,9,0,0,0,0,0,0,1,0
10918,2000,2,2,0,0,0,0,0,0,0,0
10941,1997,5,4,2,0,0,1,1,0,1,0
10941,1998,10,9,2,0,0,1,0,1,1,0
10941,1999,4,4,1,1,0,0,0,0,1,0
10941,2000,9,9,3,1,0,0,0,0,2,0
10941,2004,3,1,0,0,0,0,2,0,1,0
10941,2005,3,3,1,0,0,0,0,0,2,0
10941,2007,2,2,1,0,0,0,0,0,0,0
10941,2008,3,3,0,0,0,0,0,0,2,0
10962,1993,11,11,4,3,0,0,0,0,1,0
10962,1994,7,7,3,1,0,0,0,0,1,0
10962,1995,9,9,2,0,0,1,0,0,1,0
10962,1998,9,9,2,0,0,0,0,0,3,0
10962,1999,6,6,1,0,0,0,0,0,0,0
10962,2000,3,2,1,1,0,0,1,0,0,0
10964,2012,3,2,1,0,0,1,1,0,0,0
11002,1989,1,1,0,0,0,0,0,0,0,0
11002,1990,2,2,1,0,0,0,0,0,0,0
11002,1994,6,6,1,0,0,0,0,0,2,0
11002,1995,2,2,1,0,0,1,0,0,0,0
11002,1996,7,6,3,1,0,1,1,0,0,0
11002,1997,3,2,2,1,0,0,1,0,0,0
11002,1998,10,9,1,1,0,0,1,0,0,0
11002,1999,7,7,1,0,0,0,0,0,0,0
11023,2010,1,1,0,0,0,0,0,0,1,0
11032,1999,7,7,3,0,1,0,0,0,0,0
11032,2002,6,6,2,0,0,0,0,0,1,0
11046,1997,3,2,0,0,0,0,1,0,0,0
11046,1998,7,6,1,0,0,0,1,0,0,0
11046,1999,10,10,3,0,0,0,0,0,0,0
11046,2000,5,5,4,1,0,0,0,0,0,0
11046,2001,6,6,2,0,0,0,0,0,0,0
11046,2002,4,3,0,0,0,0,1,0,1,0
11046,2004,3,3,0,0,0,0,0,0,0,0
11046,2005,3,3,1,0,0,0,0,0,1,0
11046,2008,2,2,1,0,0,0,0,0,0,0
11054,1989,2,2,0,0,0,0,0,0,0,0
11054,1990,3,2,2,2,0,0,1,0,0,0
11054,1996,2,2,0,0,0,0,0,0,1,0
11060,1998,3,3,0,0,0,0,0,0,0,0
11060,2007,3,3,0,0,0,0,0,0,0,0
11064,1998,9,8,0,0,0,0,1,0,2,0
11078,1986,1,1,0,0,0,0,0,0,0,0
11100,1986,5,3,1,1,0,0,2,0,0,0
11100,1987,3,3,1,0,0,0,0,0,1,0
11100,1988,10,8,2,0,0,1,2,0,1,0
11100,1995,3,3,0,0,0,0,0,0,1,0
11100,1996,6,4,1,0,0,0,2,0,2,0
11101,1993,3,3,0,0,0,0,0,0,2,0
11133,2012,3,3,0,0,0,0,0,0,0,0
11134,1987,6,6,2,0,0,0,0,0,0,0
11134,1988,3,3,0,0,0,0,0,0,0,0
11145,1995,2,2,1,0,0,0,0,0,0,0
11145,1996,3,3,2,0,0,0,0,0,0,0
11145,2001,7,6,1,0,0,0,1,0,0,0
11145,2004,2,2,0,0,0,0,0,0,1,0
11172,2008,2,2,0,0,0,0,0,0,2,0
11173,1990,2,1,1,1,0,0,1,0,0,0
11173,1993,7,7,4,1,0,0,0,0,0,0
11173,1994,4,4,1,1,0,0,0,0,0,0
11173,1995,6,4,0,0,0,0,1,1,1,0
11173,1996,10,10,3,1,0,0,0,0,0,0
11173,1997,6,6,4,0,0,1,0,0,0,0
11173,1998,9,9,3,0,0,2,0,0,0,0
11173,1999,7,7,3,0,0,0,0,0,3,0
11173,2000,3,3,1,1,0,0,0,0,1,0
11173,2003,3,3,1,0,0,0,0,0,0,0
11173,2004,6,6,1,0,0,0,0,0,2,0
11173,2005,10,9,2,1,0,0,0,0,0,1
11183,1991,2,1,0,0,0,0,1,0,0,0
11185,1988,2,1,0,0,0,0,0,0,0,0
11191,2008,3,3,1,0,0,0,0,0,1,0
11195,1990,2,1,0,0,0,0,0,1,1,0
11210,2006,3,3,1,0,0,0,0,0,0,0
11211,1996,7,6,2,0,0,1,1,0,1,0
11211,1998,3,3,0,0,0,0,0,0,0,0
11211,1999,7,6,2,0,0,0,1,0,1,0
11211,2000,3,3,0,0,0,0,0,0,0,0
11211,2001,6,6,2,0,0,1,0,0,0,0
11211,2002,4,4,1,1,0,0,0,0,0,0
11211,2003,3,2,1,0,0,1,1,0,0,0
11211,2005,7,7,3,1,0,0,0,0,1,0
11211,2007,2,2,0,0,0,0,0,0,0,0
11212,2008,3,3,1,0,0,0,0,0,0,0
11220,2005,4,4,0,0,0,0,0,0,1,0
11220,2006,6,6,3,0,0,0,0,0,2,0
11220,2010,3,3,0,0,0,0,0,0,1,0
11231,2010,3,3,0,0,0,0,0,0,2,0
11231,2012,3,2,1,0,0,0,0,0,0,0
11233,1989,5,4,2,0,0,0,1,0,0,0
11233,1990,3,3,1,1,0,0,0,0,0,0
11237,2002,3,3,0,0,0,0,0,0,0,0
11237,2007,6,5,2,0,0,0,1,0,1,0
11241,2009,1,1,0,0,0,0,0,0,1,0
11244,2010,2,2,0,0,0,0,0,0,1,0
11263,1989,5,5,1,0,0,0,0,0,2,0
11263,1990,3,2,1,1,0,0,1,0,0,0
11263,1993,8,6,2,2,0,0,2,0,2,0
11263,1994,5,4,1,1,0,0,1,0,1,0
11263,1995,4,4,0,0,0,0,0,0,2,0
11274,2006,3,2,1,1,0,0,1,0,0,0
11274,2008,8,6,3,0,0,1,2,0,1,0
11274,2009,14,14,4,0,0,0,0,0,0,0
11274,2010,3,3,1,1,0,0,0,0,1,0
11281,2001,2,1,0,0,0,0,0,0,1,0
11291,2007,1,1,0,0,0,0,0,0,0,0
11291,2008,4,4,2,0,0,0,0,0,1,0
11291,2009,6,6,2,0,0,0,0,0,0,0
11306,2009,1,1,0,0,0,0,0,0,1,0
11328,2005,3,3,0,0,0,0,0,0,0,0
11331,2003,11,10,1,0,0,0,1,0,2,0
11331,2004,4,4,3,1,0,0,0,0,0,0
11331,2005,10,8,1,1,0,0,2,0,2,0
11331,2006,6,5,3,1,0,0,1,0,0,0
11331,2007,9,7,2,0,0,1,2,0,2,0
11331,2008,3,2,1,0,0,0,1,0,1,0
11331,2010,3,3,0,0,0,0,0,0,1,0
11332,1997,3,3,1,0,0,0,0,0,0,0
11332,1998,9,9,2,1,0,0,0,0,1,0
11332,1999,2,2,0,0,0,0,0,0,0,0
11332,2000,9,6,4,0,0,1,3,0,0,0
11332,2001,8,8,4,2,1,0,0,0,0,0
11332,2002,20,20,4,1,0,0,0,0,3,0
11332,2003,9,9,3,0,0,1,0,0,0,0
11332,2004,10,10,1,0,0,0,0,0,1,0
11332,2005,10,9,1,1,0,0,1,0,1,0
11332,2006,9,5,1,0,0,0,4,0,0,0
11332,2009,4,3,0,0,0,0,1,0,0,0
11333,2012,3,3,2,0,0,0,0,0,0,0
11346,1986,3,3,1,0,0,0,0,0,0,0
11346,1987,7,6,3,0,1,0,1,0,0,0
11346,1988,3,3,0,0,0,0,0,0,0,0
11368,1989,2,1,0,0,0,0,1,0,0,0
11368,1990,2,2,0,0,0,0,0,0,2,0
11368,1994,3,3,0,0,0,0,0,0,0,0
11368,1995,3,3,1,0,0,1,0,0,1,0
11368,1996,8,8,1,0,0,0,0,0,2,0
11369,1986,12,11,1,0,0,0,1,0,0,0
11369,1987,3,3,0,0,0,0,0,0,1,0
11369,1988,7,6,1,0,0,0,0,0,1,0
11376,2003,2,2,1,0,0,0,0,0,1,0
11376,2005,3,3,1,0,0,0,0,0,1,0
11376,2007,2,2,0,0,0,0,0,0,0,0
11385,2006,6,6,1,0,0,0,0,0,1,0
11385,2008,3,3,1,0,0,0,0,0,0,0
11385,2009,3,3,2,0,0,0,0,0,0,0
11385,2010,5,5,1,0,0,0,0,0,0,0
11385,2012,3,3,0,0,0,0,0,0,1,0
11393,2012,3,3,1,0,0,1,0,0,2,0
11394,1987,2,2,0,0,0,0,0,0,0,0
11394,1988,8,7,1,0,0,0,1,0,3,0
11416,1990,3,3,2,0,0,0,0,0,0,0
11416,1993,6,5,1,0,0,1,1,0,1,0
11416,1994,4,2,2,1,0,0,2,0,0,0
11416,1995,3,2,1,0,0,0,0,0,0,1
11416,1997,6,5,2,0,0,1,1,0,0,0
11416,1998,4,3,1,0,0,1,1,0,0,0
11416,1999,10,9,3,1,0,0,1,0,3,0
11416,2000,3,3,2,0,0,2,0,0,0,0
11416,2002,3,3,1,0,0,0,0,0,0,0
11416,2003,3,3,1,0,0,1,0,0,1,0
11416,2004,3,0,0,0,0,0,3,0,0,0
11416,2006,8,7,0,0,0,0,1,0,1,0
11423,1995,3,2,1,0,0,0,1,0,0,0
11423,1996,7,6,2,0,0,1,0,1,0,0
11423,1997,3,2,1,0,0,0,0,1,1,0
11423,1998,3,3,0,0,0,0,0,0,1,0
11423,1999,6,6,0,0,0,0,0,0,4,0
11423,2000,3,3,1,0,0,0,0,0,0,0
11423,2001,6,6,0,0,0,0,0,0,2,0
11423,2002,3,2,1,0,0,1,1,0,0,0
11423,2003,3,3,0,0,0,0,0,0,1,0
11423,2006,3,2,1,0,0,0,0,1,1,0
11434,1987,4,4,1,0,0,0,0,0,0,0
11442,1987,7,7,1,0,0,0,0,0,1,0
11442,1988,6,4,0,0,0,0,1,0,1,0
11455,1986,5,4,1,0,0,0,1,0,1,0
11455,1987,6,6,0,0,0,0,0,0,2,0
11455,1988,5,5,2,1,0,0,0,0,2,0
11455,1991,1,1,0,0,0,0,0,0,1,0
11455,1993,1,1,1,0,0,0,0,0,0,0
11463,2007,3,3,0,0,0,0,0,0,1,0
11471,1989,3,2,0,0,0,0,1,0,0,0
11482,2006,3,3,1,0,0,0,0,0,0,0
11493,1993,4,3,2,1,0,0,1,0,0,0
11495,1995,1,1,1,0,0,0,0,0,0,0
11521,1998,3,3,0,0,0,0,0,0,1,0
11540,2003,4,4,1,0,0,0,0,0,1,0
11540,2010,3,3,1,1,0,0,0,0,0,0
11560,2006,3,2,1,0,0,0,0,0,0,0
11560,2007,3,2,1,1,0,0,1,0,0,0
11560,2008,3,3,1,0,0,0,0,0,0,0
11560,2010,4,4,1,1,0,0,0,0,0,0
11580,1989,4,4,1,0,0,0,0,0,0,0
11580,1990,5,4,1,0,0,0,1,0,0,0
11580,1993,4,3,0,0,0,0,1,0,1,0
11580,1994,6,6,1,0,0,0,0,0,1,0
11581,1998,4,4,2,0,0,1,0,0,1,0
11581,1999,4,4,0,0,0,0,0,0,1,0
11581,2002,2,2,2,1,0,0,0,0,0,0
11581,2003,2,2,0,0,0,0,0,0,1,0
11589,2006,2,1,0,0,0,0,1,0,0,0
11589,2007,3,2,0,0,0,0,1,0,0,0
11589,2008,3,3,0,0,0,0,0,0,0,0
11589,2012,2,2,1,0,0,0,0,0,0,0
11592,1995,2,2,0,0,0,0,0,0,0,0
11594,1988,5,5,1,0,0,0,0,0,0,0
11612,2002,3,3,0,0,0,0,0,0,2,0
11625,1995,1,1,0,0,0,0,0,0,0,0
11625,1996,1,1,0,0,0,0,0,0,1,0
11625,2002,2,2,0,0,0,0,0,0,0,0
11625,2003,6,4,0,0,0,0,0,1,0,0
11634,2007,3,2,0,0,0,0,1,0,0,0
11634,2009,3,2,0,0,0,0,1,0,0,0
11637,1993,4,4,1,0,0,0,0,0,0,0
11637,1994,4,4,1,1,0,0,0,0,1,0
11641,1994,6,5,1,0,0,0,1,0,1,0
11641,2000,3,3,0,0,0,0,0,0,1,0
11656,2001,6,5,2,0,0,0,0,1,0,0
11656,2002,4,4,1,0,0,0,0,0,0,0
11665,2006,10,10,2,1,0,0,0,0,4,0
11665,2007,9,8,0,0,0,0,1,0,4,0
11665,2008,11,11,3,1,0,0,0,0,4,0
11665,2009,12,12,3,0,0,1,0,0,4,0
11665,2010,6,5,2,1,0,0,1,0,0,0
11665,2012,3,3,1,0,0,0,0,0,1,0
11676,1999,3,2,1,0,0,0,0,1,0,0
11681,2004,3,3,2,0,0,0,0,0,0,0
11681,2006,2,2,1,0,0,0,0,0,0,0
11681,2009,3,3,1,1,0,0,0,0,0,0
11682,2008,3,3,1,0,0,0,0,0,1,0
11682,2009,3,2,1,1,0,0,1,0,1,0
11682,2012,3,2,0,0,0,0,1,0,1,0
11692,1987,5,4,0,0,0,0,1,0,1,0
11692,1988,5,5,3,1,0,1,0,0,0,0
11693,2004,10,9,2,0,0,1,0,0,2,0
11693,2005,6,5,0,0,0,0,1,0,1,0
11693,2006,3,3,0,0,0,0,0,0,1,0
11693,2012,2,2,0,0,0,0,0,0,1,0
11724,1986,1,1,1,0,0,0,0,0,0,0
11726,2009,3,3,0,0,0,0,0,0,0,0
11732,1987,2,1,0,0,0,0,0,0,0,0
11732,1988,2,2,0,0,0,0,0,0,1,0
11736,1993,4,4,0,0,0,0,0,0,0,0
11736,1994,3,3,2,0,0,0,0,0,0,0
11736,1995,1,1,0,0,0,0,0,0,1,0
11736,1997,4,3,0,0,0,0,1,0,0,0
11736,1998,7,7,2,0,0,0,0,0,1,0
11736,1999,3,2,1,0,0,0,1,0,0,0
11736,2000,3,3,2,1,0,0,0,0,0,0
11737,1993,3,2,1,0,0,0,0,1,0,0
11737,1994,3,2,0,0,0,0,1,0,0,0
11737,1995,6,5,1,0,0,0,1,0,0,0
11737,1996,7,7,2,0,0,0,0,0,1,0
11737,2002,2,2,0,0,0,0,0,0,0,0
11737,2004,5,5,2,0,0,1,0,0,2,0
11738,1999,3,3,0,0,0,0,0,0,0,0
11743,1990,1,1,0,0,0,0,0,0,1,0
11743,1993,3,3,0,0,0,0,0,0,0,0
11749,2007,1,0,0,0,0,0,0,0,0,0
11756,2007,1,1,0,0,0,0,0,0,0,0
11765,1987,10,8,1,0,0,1,2,0,2,0
11765,1988,9,9,3,1,0,0,0,0,4,0
11765,1991,2,2,0,0,0,0,0,0,1,0
11776,1998,3,3,0,0,0,0,0,0,0,0
11776,1999,6,6,2,1,0,0,0,0,2,0
11776,2000,6,5,1,1,0,0,1,0,1,0
11776,2001,5,4,2,0,0,0,1,0,0,0
11776,2002,3,3,1,0,0,0,0,0,2,0
11776,2003,3,2,0,0,0,0,1,0,0,0
11776,2004,3,2,0,0,0,0,1,0,1,0
11776,2005,2,2,1,0,0,0,0,0,1,0
11776,2006,5,5,1,0,0,1,0,0,0,0
11776,2008,3,2,0,0,0,0,1,0,2,0
11796,1989,2,1,0,0,0,0,1,0,0,0
11796,1990,3,3,1,1,0,0,0,0,0,0
11796,1993,7,7,4,0,0,0,0,0,1,0
11796,1994,7,6,1,0,0,1,1,0,1,0
11796,1995,4,3,2,0,0,0,1,0,0,0
11796,1996,3,3,0,0,0,0,0,0,1,0
11796,1998,4,4,3,1,0,0,0,0,0,0
11796,2001,5,5,0,0,0,0,0,0,2,0
11796,2002,4,3,0,0,0,0,1,0,3,0
11798,1993,4,3,1,0,0,1,1,0,0,0
11798,1994,3,1,1,0,0,1,0,2,0,0
11798,1995,1,1,0,0,0,0,0,0,0,0
11798,1997,4,4,2,0,0,0,0,0,2,0
11798,1998,7,6,1,1,0,0,1,0,4,0
11798,1999,6,5,2,0,0,1,1,0,0,0
11798,2000,6,4,0,0,0,0,1,1,1,0
11803,2005,2,2,1,0,0,0,0,0,0,0
11803,2008,3,3,1,0,0,0,0,0,2,0
11815,1999,1,1,0,0,0,0,0,0,0,0
11817,1993,9,9,3,0,0,0,0,0,0,0
11817,1994,6,6,2,0,0,1,0,0,2,0
11817,1995,8,8,0,0,0,0,0,0,4,0
11817,1996,3,3,0,0,0,0,0,0,0,0
11817,1999,7,7,1,0,0,0,0,0,2,0
11817,2000,6,6,0,0,0,0,0,0,2,0
11817,2001,6,6,1,0,0,0,0,0,1,0
11817,2002,4,4,1,0,0,0,0,0,1,0
11823,2012,1,1,0,0,0,0,0,0,0,0
11828,1990,3,3,0,0,0,0,0,0,0,0
11828,1993,3,2,2,0,0,0,1,0,0,0
11828,1994,3,2,0,0,0,0,1,0,0,0
11828,1996,1,1,0,0,0,0,0,0,1,0
11828,1998,4,4,1,0,0,0,0,0,2,0
11828,2002,4,3,2,0,0,0,1,0,1,0
11832,1998,4,4,0,0,0,0,0,0,1,0
11832,1999,5,5,2,0,0,0,0,0,1,0
11833,1999,3,3,0,0,0,0,0,0,0,0
11854,2004,3,3,2,0,0,0,0,0,0,0
11877,1996,7,5,0,0,0,0,2,0,0,0
11877,1997,7,6,2,0,0,0,0,1,2,0
11877,2002,4,4,0,0,0,0,0,0,1,0
11887,1987,5,3,1,0,0,0,2,0,0,0
11889,1996,9,8,2,2,0,0,1,0,2,0
11889,1997,3,2,0,0,0,0,0,1,0,0
11894,1996,4,3,1,0,0,0,1,0,1,0
11894,1998,3,3,1,0,0,0,0,0,1,0
11894,2006,3,3,1,0,0,0,0,0,0,0
11896,1993,3,3,1,0,0,0,0,0,0,0
11896,1994,4,4,2,0,0,0,0,0,1,0
11896,1995,3,3,2,1,0,0,0,0,0,0
11896,1996,6,4,1,0,0,1,2,0,0,0
11896,1997,3,2,0,0,0,0,1,0,0,0
11896,1998,6,5,2,0,0,0,1,0,0,0
11896,1999,8,8,3,0,0,0,0,0,0,0
11896,2000,3,3,1,0,0,0,0,0,0,0
11896,2001,6,5,2,0,0,0,1,0,1,0
11896,2002,7,7,1,0,0,0,0,0,2,0
11896,2003,3,3,2,2,0,0,0,0,0,0
11896,2004,6,6,3,1,0,0,0,0,0,0
11896,2006,3,3,1,0,0,0,0,0,0,0
11896,2007,3,3,1,0,0,0,0,0,0,0
11896,2008,3,3,1,0,0,0,0,0,0,0
11899,2004,2,2,0,0,0,0,0,0,1,0
11901,1997,6,6,1,1,0,0,0,0,2,0
11905,2008,1,1,1,1,0,0,0,0,0,0
11905,2009,4,4,0,0,0,0,0,0,2,0
11912,2009,3,3,1,0,0,0,0,0,1,0
11912,2012,3,3,2,0,0,1,0,0,0,0
11942,2007,3,3,2,0,0,0,0,0,1,0
11950,1994,3,3,0,0,0,0,0,0,0,0
11950,1998,4,3,1,0,0,0,0,0,0,0
11950,1999,2,2,1,0,0,0,0,0,1,0
11971,1991,3,3,0,0,0,0,0,0,1,0
11971,2001,3,3,1,1,0,0,0,0,0,0
11975,2012,3,2,0,0,0,0,0,0,0,0
11980,1998,6,6,3,0,0,0,0,0,0,0
11980,1999,6,6,1,0,0,0,0,0,0,0
11980,2003,3,2,0,0,0,0,0,0,1,1
11999,1986,9,8,1,0,0,0,0,1,1,0
11999,1987,8,8,3,2,0,0,0,0,2,0
11999,1988,10,9,3,0,0,1,1,0,0,0
11999,1991,5,5,1,0,0,0,0,0,0,0
11999,1996,2,2,0,0,0,0,0,0,0,0
12016,1991,3,2,1,1,0,0,0,0,1,1
12034,2004,3,3,0,0,0,0,0,0,0,0
12035,1990,4,4,2,0,0,1,0,0,1,0
12040,1994,6,5,0,0,0,0,1,0,1,0
12062,1986,2,1,0,0,0,0,1,0,1,0
12112,1997,2,2,1,0,0,0,0,0,0,0
12112,1998,6,6,2,0,0,0,0,0,1,0
12113,1986,11,11,4,0,0,1,0,0,2,0
12113,1987,12,11,5,0,0,1,1,0,1,0
12113,1988,7,7,0,0,0,0,0,0,0,0
12113,1990,3,3,1,1,0,0,0,0,1,0
12113,1991,1,0,0,0,0,0,1,0,0,0
12119,2007,4,3,2,1,0,0,1,0,1,0
12119,2008,6,4,1,1,0,0,2,0,1,0
12119,2009,1,1,0,0,0,0,0,0,1,0
12119,2010,3,2,1,0,0,0,1,0,0,0
12131,1989,1,1,1,0,0,0,0,0,0,0
12131,1990,2,2,0,0,0,0,0,0,0,0
12133,1987,4,3,0,0,0,0,0,0,0,0
12140,1989,2,2,0,0,0,0,0,0,0,0
12143,2007,2,2,1,0,0,0,0,0,0,0
12149,2010,3,3,1,0,0,0,0,0,1,0
12151,1999,3,3,1,0,0,0,0,0,0,0
12151,2001,3,3,2,0,0,1,0,0,0,0
12151,2002,9,8,2,0,0,0,0,0,0,1
12151,2003,4,4,1,0,0,0,0,0,1,0
12151,2004,8,6,2,0,0,1,2,0,0,0
12151,2005,6,5,1,0,0,0,1,0,1,0
12151,2006,7,7,3,0,0,0,0,0,2,0
12151,2007,2,2,1,0,0,0,0,0,0,0
12151,2009,6,5,1,0,0,0,1,0,0,0
12151,2010,3,3,2,0,0,1,0,0,1,0
12202,1994,9,9,3,1,0,0,0,0,2,0
12202,1995,4,2,1,1,0,0,2,0,0,0
12206,1987,6,5,2,0,0,0,0,0,2,0
12206,1988,3,3,0,0,0,0,0,0,0,0
12209,2005,3,3,2,0,0,0,0,0,0,0
12213,1989,5,5,3,1,0,0,0,0,0,0
12213,1990,3,3,0,0,0,0,0,0,0,0
12219,2009,5,5,1,0,0,0,0,0,1,0
12221,1989,4,3,0,0,0,0,0,1,0,0
12221,1990,2,1,0,0,0,0,1,0,0,0
12224,1990,5,4,0,0,0,0,1,0,2,0
12231,2002,6,6,1,0,0,0,0,0,1,0
12231,2004,3,3,1,0,0,0,0,0,0,0
12231,2005,4,4,2,0,0,0,0,0,2,0
12231,2006,3,3,0,0,0,0,0,0,1,0
12249,2005,3,3,0,0,0,0,0,0,0,0
12259,2003,3,3,0,0,0,0,0,0,0,0
12259,2006,3,3,0,0,0,0,0,0,1,0
12276,2004,3,3,0,0,0,0,0,0,1,0
12276,2005,3,1,0,0,0,0,1,1,1,0
12276,2006,3,2,1,0,0,0,1,0,0,0
12276,2008,1,1,0,0,0,0,0,0,0,0
12289,1993,8,8,4,1,0,0,0,0,2,0
12289,1994,10,10,5,4,0,0,0,0,0,0
12289,1995,9,8,4,1,0,2,1,0,1,0
12289,1996,9,8,5,0,0,2,1,0,0,0
12289,1997,3,3,1,0,0,1,0,0,0,0
12289,1998,7,7,2,1,0,0,0,0,3,0
12289,1999,6,6,4,1,1,0,0,0,0,0
12289,2000,10,7,3,1,0,1,2,0,1,1
12289,2001,9,9,1,0,0,0,0,0,1,0
12289,2002,7,4,1,0,0,0,3,0,0,0
12289,2003,9,5,1,0,0,0,4,0,0,0
12289,2004,9,8,1,0,0,1,1,0,1,0
12289,2005,4,4,2,1,0,0,0,0,0,0
12303,2007,1,1,0,0,0,0,0,0,1,0
12310,1996,3,3,1,0,0,0,0,0,0,0
12314,1993,5,5,2,0,0,0,0,0,1,0
12314,1994,4,3,1,1,0,0,1,0,0,0
12314,1995,6,6,0,0,0,0,0,0,2,0
12314,1996,3,3,0,0,0,0,0,0,1,0
12314,1997,9,9,1,0,0,0,0,0,2,0
12314,2001,2,2,0,0,0,0,0,0,0,0
12315,1995,3,3,0,0,0,0,0,0,0,0
12315,1997,3,3,2,0,0,1,0,0,0,0
12322,2006,9,9,1,0,1,0,0,0,1,0
12322,2007,6,6,0,0,0,0,0,0,1,0
12322,2008,8,7,1,1,0,0,0,1,2,0
12322,2009,3,3,1,0,0,1,0,0,0,0
12328,1989,4,4,1,0,0,0,0,0,1,0
12328,1990,3,2,0,0,0,0,0,0,1,1
12333,1987,6,5,1,0,0,0,0,0,3,0
12333,1997,3,3,0,0,0,0,0,0,2,0
12333,1998,3,3,2,0,0,0,0,0,0,0
12344,1986,1,1,1,0,0,0,0,0,0,0
12345,1999,3,3,2,1,0,0,0,0,1,0
12358,1999,1,1,0,0,0,0,0,0,0,0
12358,2007,3,2,0,0,0,0,0,0,0,0
12367,1999,4,4,1,0,0,0,0,0,0,0
12368,2004,3,3,0,0,0,0,0,0,0,0
12371,1994,5,5,2,0,0,1,0,0,1,0
12371,1995,3,3,0,0,0,0,0,0,0,0
12371,1996,2,2,0,0,0,0,0,0,1,0
12374,1998,3,3,1,1,0,0,0,0,0,0
12374,1999,10,10,3,2,0,0,0,0,0,0
12374,2004,3,3,2,1,0,0,0,0,0,0
12376,1986,8,8,1,0,0,0,0,0,3,0
12376,1987,16,16,2,0,0,0,0,0,3,0
12376,1988,1,1,0,0,0,0,0,0,0,0
12380,2004,3,2,0,0,0,0,1,0,1,0
12380,2007,5,4,1,0,0,0,1,0,1,0
12386,1986,12,12,6,0,0,1,0,0,2,0
12386,1987,3,3,1,1,0,0,0,0,0,0
12386,1988,8,8,5,0,0,0,0,0,1,0
12386,1990,10,9,2,1,0,0,1,0,1,0
12398,2002,8,8,0,0,0,0,0,0,2,0
12401,2003,1,1,0,0,0,0,0,0,1,0
12401,2005,1,1,0,0,0,0,0,0,0,0
12402,1989,2,2,0,0,0,0,0,0,0,0
12402,1990,4,4,0,0,0,0,0,0,2,0
12414,1990,1,1,1,1,0,0,0,0,0,0
12414,1993,3,3,2,1,1,0,0,0,1,0
12414,1994,3,1,0,0,0,0,2,0,0,0
12421,1988,1,1,0,0,0,0,0,0,0,0
12425,2001,9,9,5,2,1,0,0,0,0,0
12425,2002,7,7,2,1,0,0,0,0,2,0
12425,2006,3,3,0,0,0,0,0,0,1,0
12425,2007,3,3,1,0,0,0,0,0,1,0
12425,2008,3,3,2,0,0,1,0,0,0,0
12425,2010,1,1,0,0,0,0,0,0,0,0
12444,1999,2,1,0,0,0,0,0,0,1,0
12444,2003,3,3,2,0,0,0,0,0,0,0
12449,1986,5,5,2,0,0,0,0,0,1,0
12460,2009,2,1,0,0,0,0,0,0,0,0
12460,2010,1,1,0,0,0,0,0,0,0,0
12465,2004,1,1,0,0,0,0,0,0,0,0
12465,2005,5,4,2,0,0,0,1,0,1,0
12478,2002,3,3,1,0,0,0,0,0,0,0
12478,2003,3,3,1,0,0,0,0,0,0,0
12478,2004,3,3,1,0,0,0,0,0,0,0
12478,2005,3,3,1,0,0,0,0,0,0,0
12478,2006,3,2,0,0,0,0,0,0,1,1
12478,2007,2,1,0,0,0,0,0,0,0,0
12485,2007,3,3,1,0,0,0,0,0,1,0
12499,1988,2,2,0,0,0,0,0,0,0,0
12507,2001,5,5,2,0,0,0,0,0,1,0
12507,2002,3,3,0,0,0,0,0,0,1,0
12507,2003,19,18,5,1,0,1,1,0,6,0
12515,1989,5,5,3,0,0,0,0,0,1,0
12515,1990,2,0,0,0,0,0,2,0,0,0
12515,1996,2,1,0,0,0,0,1,0,1,0
12523,2005,4,4,3,0,0,0,0,0,0,0
12523,2006,3,3,1,0,0,0,0,0,0,0
12523,2007,12,11,4,1,0,2,0,1,1,0
12523,2008,17,17,6,3,0,0,0,0,2,0
12523,2009,14,12,6,0,0,1,1,0,0,1
12523,2010,6,6,2,1,0,1,0,0,0,0
12523,2012,3,2,1,1,0,0,1,0,0,0
12525,1986,2,2,0,0,0,0,0,0,1,0
12539,1993,3,3,1,0,0,0,0,0,1,0
12588,2004,2,1,0,0,0,0,1,0,1,0
12588,2006,7,5,2,1,0,1,2,0,1,0
12589,1986,2,2,0,0,0,0,0,0,1,0
12589,1988,1,1,0,0,0,0,0,0,1,0
12597,2008,3,2,0,0,0,0,0,0,1,0
12598,2007,6,5,2,0,0,0,0,0,1,1
12598,2008,3,3,1,0,0,0,0,0,1,0
12598,2009,3,3,1,0,0,0,0,0,0,0
12600,2003,5,5,2,0,0,0,0,0,0,0
12600,2004,3,3,1,0,0,0,0,0,1,0
12600,2005,3,3,0,0,0,0,0,0,1,0
12600,2007,10,9,3,1,0,0,1,0,1,0
12600,2008,3,2,0,0,0,0,1,0,0,0
12606,1997,3,3,0,0,0,0,0,0,0,0
12606,1998,3,3,0,0,0,0,0,0,0,0
12606,2004,6,6,0,0,0,0,0,0,1,0
12607,1996,6,6,0,0,0,0,0,0,2,0
12607,1998,3,3,1,1,0,0,0,0,0,0
12609,1987,4,3,1,0,0,0,1,0,0,0
12609,1988,11,10,7,0,0,0,1,0,0,0
12610,1987,6,4,0,0,0,0,1,1,1,0
12610,1988,3,2,1,0,0,0,1,0,0,0
12615,1996,10,9,2,0,0,0,1,0,1,0
12619,2001,11,10,3,0,1,0,1,0,3,0
12619,2002,10,10,3,0,0,0,0,0,2,0
12619,2003,13,13,4,1,0,0,0,0,3,0
12619,2004,9,7,4,2,0,1,2,0,0,0
12619,2005,10,8,3,2,0,0,2,0,0,0
12619,2006,6,6,3,1,0,0,0,0,0,0
12619,2008,3,3,1,1,0,0,0,0,0,0
12623,1989,5,3,0,0,0,0,2,0,0,0
12623,1990,3,3,2,0,0,0,0,0,0,0
12623,1993,7,5,1,0,0,0,2,0,0,0
12633,2009,2,2,0,0,0,0,0,0,0,0
12642,1996,1,1,0,0,0,0,0,0,0,0
12642,2004,3,3,1,0,0,0,0,0,0,0
12642,2005,2,2,1,1,0,0,0,0,1,0
12642,2008,3,2,0,0,0,0,1,0,1,0
12646,2010,1,1,0,0,0,0,0,0,0,0
12651,1996,2,1,0,0,0,0,1,0,0,0
12651,1997,6,6,0,0,0,0,0,0,0,0
12651,1999,7,7,3,0,0,0,0,0,0,0
12651,2003,6,6,2,0,0,0,0,0,1,0
12666,2007,10,8,1,1,0,0,2,0,2,0
12666,2008,15,13,3,0,0,0,2,0,1,0
12666,2009,6,6,0,0,0,0,0,0,0,0
12668,2002,1,1,0,0,0,0,0,0,1,0
12672,2006,2,2,1,1,0,0,0,0,0,0
12672,2009,3,3,0,0,0,0,0,0,1,0
12682,1993,3,3,0,0,0,0,0,0,1,0
12682,1994,4,4,2,1,0,0,0,0,1,0
