55,1975,1,1,0,0,0,0,0,0,0,0
55,1976,1,1,1,0,0,0,0,0,0,0
63,1976,3,2,0,0,0,0,0,1,0,0
81,1967,3,3,0,0,0,0,0,0,2,0
81,1968,6,6,0,0,0,0,0,0,2,0
88,1968,7,7,2,1,0,0,0,0,0,0
88,1969,12,10,5,3,0,0,2,0,1,0
88,1970,14,12,7,1,0,2,2,0,1,0
88,1971,9,9,2,0,0,0,0,0,4,0
88,1972,15,13,1,0,0,0,2,0,2,0
88,1973,12,12,5,2,0,1,0,0,1,0
92,1981,1,1,0,0,0,0,0,0,1,0
102,1984,7,5,1,0,0,0,2,0,1,0
128,1976,3,2,1,1,0,0,0,0,1,0
133,1987,2,1,1,0,0,0,1,0,0,0
138,1981,1,1,0,0,0,0,0,0,0,0
140,1976,2,1,0,0,0,0,1,0,0,0
140,1977,4,3,2,0,0,0,1,0,0,0
164,1964,3,2,0,0,0,0,1,0,1,0
164,1965,2,2,1,0,0,0,0,0,0,0
164,1966,2,1,0,0,0,0,1,0,0,0
164,1967,9,7,1,1,0,0,2,0,2,0
164,1968,17,14,2,1,0,0,3,0,4,0
164,1969,4,4,1,1,0,0,0,0,3,0
164,1970,4,4,0,0,0,0,0,0,1,0
164,1971,17,15,3,0,0,0,2,0,1,0
164,1975,7,7,1,0,0,1,0,0,2,0
167,1964,1,1,0,0,0,0,0,0,0,0
167,1965,3,2,1,0,0,0,0,0,0,0
167,1966,2,2,1,0,0,0,0,0,0,0
167,1967,14,12,5,2,0,0,0,1,1,1
167,1968,11,10,2,0,0,0,0,0,1,0
167,1969,5,5,0,0,0,0,0,0,3,0
167,1970,6,6,2,1,0,0,0,0,0,0
167,1971,6,5,1,0,1,0,0,0,0,0
167,1972,9,8,3,1,0,1,1,0,0,0
189,1974,6,6,2,0,0,0,0,0,1,0
189,1976,4,4,1,0,0,0,0,0,0,0
189,1977,11,9,3,0,1,0,0,0,3,0
189,1978,13,12,0,0,0,0,1,0,2,0
189,1979,3,2,0,0,0,0,1,0,1,0
202,1964,1,1,0,0,0,0,0,0,0,0
202,1965,4,4,0,0,0,0,0,0,0,0
202,1967,9,9,1,0,0,0,0,0,0,0
202,1968,8,8,3,1,1,0,0,0,1,0
202,1969,9,8,4,2,0,0,0,1,0,0
202,1970,8,7,1,0,0,0,0,0,0,0
202,1973,1,0,0,0,0,0,0,1,0,0
202,1978,2,2,1,0,0,0,0,0,0,0
204,1966,1,1,1,0,1,0,0,0,0,0
204,1967,13,12,3,0,0,0,0,1,2,0
204,1968,13,12,2,1,0,0,1,0,1,0
204,1969,9,8,3,0,0,0,1,0,0,0
204,1970,8,8,2,0,0,0,0,0,0,0
204,1971,8,7,2,1,0,0,0,0,1,1
204,1972,15,15,4,1,0,0,0,0,1,0
204,1974,4,4,0,0,0,0,0,0,2,0
249,1965,2,0,0,0,0,0,2,0,0,0
274,1973,4,3,0,0,0,0,1,0,1,0
292,1974,6,6,0,0,0,0,0,0,2,0
292,1975,5,4,0,0,0,0,1,0,1,0
292,1977,2,2,0,0,0,0,0,0,0,0
292,1979,1,1,1,1,0,0,0,0,0,0
307,1973,1,1,0,0,0,0,0,0,0,0
311,1975,14,11,3,0,0,0,2,0,3,0
311,1976,11,9,1,0,0,0,2,0,2,0
311,1977,12,9,2,1,0,0,3,0,1,0
311,1978,4,4,0,0,0,0,0,0,0,0
311,1979,8,8,1,0,0,0,0,0,1,0
314,1976,5,5,2,0,0,0,0,0,1,0
314,1977,5,5,1,0,0,0,0,0,3,0
314,1979,1,1,0,0,0,0,0,0,1,0
314,1982,4,4,0,0,0,0,0,0,3,0
346,1969,4,4,0,0,0,0,0,0,0,0
346,1970,7,6,2,0,0,0,1,0,1,0
361,1970,1,1,0,0,0,0,0,0,0,0
361,1971,7,7,1,0,0,0,0,0,2,0
361,1972,2,2,0,0,0,0,0,0,1,0
361,1973,2,2,0,0,0,0,0,0,1,0
363,1984,4,4,2,1,0,0,0,0,2,0
363,1985,5,5,1,0,0,1,0,0,2,0
363,1986,7,7,3,1,0,2,0,0,0,0
363,1987,3,3,1,0,0,1,0,0,0,0
365,1974,1,1,0,0,0,0,0,0,0,0
365,1975,3,3,0,0,0,0,0,0,1,0
365,1976,1,1,0,0,0,0,0,0,0,0
371,1971,3,3,1,0,0,1,0,0,1,0
371,1972,4,4,2,0,1,0,0,0,0,0
371,1973,1,1,1,0,0,0,0,0,0,0
371,1974,4,4,0,0,0,0,0,0,1,0
371,1976,2,2,1,0,0,0,0,0,0,0
381,1968,2,2,0,0,0,0,0,0,1,0
396,1979,10,9,0,0,0,0,1,0,1,0
396,1980,7,6,1,1,0,0,1,0,0,0
396,1981,8,6,1,0,0,0,2,0,1,0
396,1982,5,5,1,0,0,0,0,0,1,0
396,1983,6,5,2,1,0,0,1,0,1,0
403,1977,3,2,0,0,0,0,1,0,0,0
403,1983,3,3,0,0,0,0,0,0,0,0
406,1964,1,1,0,0,0,0,0,0,1,0
406,1966,3,2,1,0,0,0,0,0,0,0
406,1967,7,5,1,0,0,0,2,0,0,0
406,1968,3,3,1,0,0,0,0,0,0,0
406,1971,5,5,2,0,0,0,0,0,0,0
426,1974,2,2,0,0,0,0,0,0,0,0
426,1975,2,2,0,0,0,0,0,0,0,0
426,1979,2,2,1,0,0,1,0,0,0,0
429,1974,3,3,0,0,0,0,0,0,1,0
454,1980,3,3,2,0,0,0,0,0,0,0
457,1985,3,2,0,0,0,0,1,0,1,0
474,1982,3,3,0,0,0,0,0,0,0,0
474,1983,1,1,0,0,0,0,0,0,0,0
495,1982,7,6,1,0,0,0,1,0,1,0
495,1983,8,7,2,0,0,0,1,0,2,0
497,1965,3,3,0,0,0,0,0,0,2,0
497,1966,4,4,0,0,0,0,0,0,1,0
497,1967,6,4,1,1,0,0,1,1,0,0
497,1968,1,1,0,0,0,0,0,0,0,0
497,1969,6,5,1,0,0,1,1,0,2,0
497,1970,12,10,5,0,0,3,2,0,2,0
497,1971,10,6,3,0,0,0,4,0,1,0
497,1972,8,7,1,0,0,0,1,0,4,0
497,1973,11,9,3,2,0,1,2,0,1,0
497,1974,12,12,6,2,0,0,0,0,3,0
497,1975,12,11,3,1,0,0,0,1,2,0
508,1984,5,5,4,0,0,2,0,0,0,0
508,1985,4,4,2,1,0,0,0,0,0,0
508,1986,11,10,2,0,0,0,1,0,1,0
508,1987,5,5,1,1,0,0,0,0,0,0
510,1978,1,1,0,0,0,0,0,0,0,0
510,1979,1,1,0,0,0,0,0,0,0,0
516,1976,3,3,0,0,0,0,0,0,2,0
516,1977,21,18,4,0,0,1,2,1,6,0
516,1978,19,18,2,0,0,0,1,0,3,0
516,1979,21,20,4,1,0,2,1,0,0,0
516,1980,15,14,2,2,0,0,1,0,2,0
516,1981,5,5,1,0,0,0,0,0,0,0
516,1982,13,12,5,0,0,2,1,0,4,0
516,1983,5,5,1,0,0,1,0,0,0,0
516,1985,3,3,0,0,0,0,0,0,1,0
534,1984,14,12,3,2,0,0,2,0,3,0
534,1985,10,7,3,0,0,2,3,0,1,0
534,1986,11,11,3,2,0,0,0,0,2,0
534,1987,3,3,0,0,0,0,0,0,1,0
542,1965,1,0,0,0,0,0,0,0,0,0
544,1977,2,2,2,0,0,0,0,0,0,0
548,1967,1,1,0,0,0,0,0,0,0,0
558,1985,4,2,0,0,0,0,2,0,0,0
566,1965,1,1,0,0,0,0,0,0,0,0
566,1966,2,2,1,0,0,0,0,0,0,0
566,1967,5,5,0,0,0,0,0,0,1,0
566,1968,13,13,3,0,0,0,0,0,0,0
566,1969,13,12,2,0,0,0,1,0,4,0
566,1970,9,8,2,0,1,0,1,0,1,0
575,1978,1,1,1,0,0,0,0,0,0,0
596,1985,7,6,1,0,0,0,1,0,1,0
596,1986,4,4,1,0,0,0,0,0,1,0
596,1987,5,5,0,0,0,0,0,0,0,0
628,1972,4,4,1,0,0,0,0,0,0,0
644,1982,1,1,0,0,0,0,0,0,1,0
649,1973,2,2,0,0,0,0,0,0,0,0
649,1974,4,3,1,1,0,0,1,0,1,0
649,1975,6,6,1,0,0,0,0,0,1,0
649,1976,5,2,0,0,0,0,0,0,1,0
649,1977,5,5,0,0,0,0,0,0,2,0
649,1978,6,6,1,0,0,0,0,0,0,0
654,1984,3,3,1,0,0,0,0,0,2,0
654,1985,8,8,3,0,0,0,0,0,2,0
654,1986,12,10,0,0,0,0,2,0,4,0
654,1987,4,3,1,0,0,0,1,0,0,0
666,1968,2,2,0,0,0,0,0,0,0,0
666,1969,3,3,1,0,0,0,0,0,0,0
666,1970,4,4,0,0,0,0,0,0,1,0
666,1971,9,9,3,1,0,1,0,0,0,0
666,1972,3,3,1,0,0,0,0,0,0,0
686,1980,7,7,3,0,0,1,0,0,1,0
686,1981,4,4,4,0,0,0,0,0,0,0
694,1966,4,3,1,0,0,0,1,0,1,0
694,1967,4,4,0,0,0,0,0,0,0,0
694,1968,3,3,1,0,0,0,0,0,0,0
694,1970,11,10,4,1,0,0,1,0,0,0
694,1971,10,9,1,0,0,0,1,0,4,0
694,1972,5,3,0,0,0,0,1,0,0,0
695,1986,1,1,0,0,0,0,0,0,0,0
699,1975,1,1,0,0,0,0,0,0,0,0
728,1986,11,8,3,0,0,1,2,1,1,0
728,1987,3,2,0,0,0,0,1,0,1,0
739,1987,1,1,1,0,0,0,0,0,0,0
744,1964,1,1,0,0,0,0,0,0,0,0
753,1970,1,1,0,0,0,0,0,0,0,0
753,1971,1,1,0,0,0,0,0,0,0,0
753,1973,1,1,0,0,0,0,0,0,0,0
760,1966,2,2,2,0,0,0,0,0,0,0
760,1967,8,8,2,1,0,0,0,0,1,0
760,1968,14,14,5,0,0,0,0,0,2,0
760,1969,10,10,5,0,0,0,0,0,1,0
760,1970,16,16,5,0,0,0,0,0,0,0
760,1971,14,14,5,0,1,0,0,0,2,0
760,1972,8,7,3,1,0,0,0,0,0,0
760,1973,6,5,1,0,0,0,0,0,1,0
760,1974,12,11,5,1,0,0,1,0,0,0
761,1982,1,1,0,0,0,0,0,0,1,0
800,1984,8,5,1,1,0,0,2,0,1,1
800,1985,6,6,1,1,0,0,0,0,0,0
809,1984,5,5,0,0,0,0,0,0,2,0
809,1985,7,7,1,0,0,0,0,0,1,0
809,1986,6,6,2,1,0,0,0,0,1,0
809,1987,6,6,3,1,1,0,0,0,1,0
843,1967,3,3,1,0,0,0,0,0,0,0
843,1968,5,5,1,0,0,0,0,0,0,0
843,1969,16,14,1,0,0,0,2,0,5,0
843,1970,9,7,1,0,0,1,1,0,2,1
843,1971,16,15,7,0,0,2,1,0,1,0
843,1972,15,11,2,0,0,1,3,0,1,0
843,1973,16,14,3,0,0,1,2,0,2,0
843,1974,17,14,4,1,0,0,3,0,3,0
843,1975,17,17,7,3,0,0,0,0,4,0
843,1976,16,14,1,1,0,0,2,0,2,0
843,1977,20,17,4,1,0,2,3,0,4,0
843,1978,10,10,3,1,0,2,0,0,3,0
843,1979,11,7,1,0,0,0,4,0,2,0
843,1980,12,10,4,1,0,2,2,0,2,0
843,1981,3,3,0,0,0,0,0,0,0,0
843,1982,7,6,1,0,0,0,1,0,0,0
843,1983,7,7,4,1,0,0,0,0,0,0
850,1984,10,9,3,0,0,0,1,0,3,0
850,1985,5,5,0,0,0,0,0,0,2,0
865,1985,3,3,0,0,0,0,0,0,2,0
870,1981,2,1,0,0,0,0,0,0,1,0
870,1982,2,2,0,0,0,0,0,0,0,0
877,1978,8,7,4,0,0,0,1,0,3,0
877,1979,1,1,1,0,0,1,0,0,0,0
877,1980,2,1,0,0,0,0,1,0,0,0
877,1981,5,4,0,0,0,0,1,0,2,0
877,1983,4,3,1,1,0,0,1,0,0,0
877,1984,3,3,0,0,0,0,0,0,0,0
877,1985,4,2,0,0,0,0,2,0,0,0
877,1987,4,3,2,1,0,0,1,0,0,0
896,1980,11,10,2,0,0,1,1,0,2,0
896,1984,10,9,2,0,1,0,1,0,1,0
896,1985,9,8,4,1,0,1,1,0,1,0
896,1987,1,1,0,0,0,0,0,0,0,0
901,1978,3,1,0,0,0,0,2,0,0,0
901,1980,3,3,1,0,0,1,0,0,0,0
901,1981,3,3,0,0,0,0,0,0,2,0
901,1982,9,8,3,1,0,0,1,0,0,0
901,1983,4,3,2,1,0,0,1,0,0,0
918,1978,3,2,0,0,0,0,1,0,2,0
931,1979,8,7,2,0,0,0,1,0,0,0
931,1980,1,1,0,0,0,0,0,0,0,0
931,1981,1,1,0,0,0,0,0,0,0,0
931,1982,1,1,0,0,0,0,0,0,1,0
931,1983,4,3,1,0,0,0,1,0,1,0
935,1984,6,4,0,0,0,0,1,0,3,0
935,1985,2,2,0,0,0,0,0,0,1,0
938,1981,2,2,1,1,0,0,0,0,0,0
957,1974,1,1,0,0,0,0,0,0,0,0
957,1975,2,2,1,0,0,0,0,0,0,0
957,1976,6,5,4,2,0,0,1,0,0,0
957,1977,12,10,2,0,0,0,2,0,0,0
957,1978,3,3,2,1,0,0,0,0,0,0
957,1979,8,8,4,1,0,0,0,0,1,0
957,1980,4,4,2,0,0,0,0,0,1,0
957,1982,1,1,1,1,0,0,0,0,0,0
958,1983,7,7,0,0,0,0,0,0,1,0
964,1971,2,2,0,0,0,0,0,0,0,0
964,1973,2,1,0,0,0,0,0,0,0,0
964,1975,3,2,1,0,0,0,0,0,1,0
964,1976,2,1,0,0,0,0,0,0,0,0
964,1977,1,1,1,0,0,0,0,0,0,0
991,1978,5,4,2,0,0,0,0,1,0,0
991,1980,2,2,0,0,0,0,0,0,0,0
991,1981,2,1,0,0,0,0,1,0,0,0
991,1982,3,2,0,0,0,0,1,0,1,0
996,1974,3,3,0,0,0,0,0,0,1,0
996,1980,2,2,0,0,0,0,0,0,0,0
997,1979,2,1,0,0,0,0,1,0,1,0
1005,1973,1,1,0,0,0,0,0,0,1,0
1023,1968,2,2,0,0,0,0,0,0,1,0
1023,1971,8,8,1,0,0,0,0,0,2,0
1024,1967,2,1,0,0,0,0,0,0,0,0
1024,1970,1,1,0,0,0,0,0,0,0,0
1030,1969,11,11,3,1,0,0,0,0,2,0
1030,1972,4,3,1,0,0,0,1,0,1,0
1047,1978,2,1,0,0,0,0,0,0,0,0
1047,1979,1,1,0,0,0,0,0,0,0,0
1047,1981,2,1,0,0,0,0,1,0,0,0
1050,1978,5,5,3,1,0,0,0,0,1,0
1050,1979,3,3,0,0,0,0,0,0,0,0
1050,1980,4,4,0,0,0,0,0,0,2,0
1054,1966,4,2,0,0,0,0,2,0,0,0
1054,1969,4,4,1,0,0,0,0,0,1,0
1054,1971,1,0,0,0,0,0,0,0,0,0
1054,1973,9,6,2,0,0,0,1,0,0,0
1054,1974,3,3,0,0,0,0,0,0,0,0
1055,1984,3,3,1,0,0,0,0,0,1,0
1055,1985,7,6,0,0,0,0,1,0,1,0
1055,1986,8,8,3,0,0,0,0,0,0,0
1056,1978,11,11,5,1,0,0,0,0,1,0
1056,1979,4,4,1,0,0,0,0,0,1,0
1056,1980,4,4,0,0,0,0,0,0,3,0
1056,1982,3,3,1,1,0,0,0,0,0,0
1072,1984,4,2,2,1,0,0,2,0,0,0
1072,1985,10,10,2,0,0,0,0,0,3,0
1072,1986,12,11,7,2,0,0,1,0,1,0
1072,1987,4,4,0,0,0,0,0,0,0,0
1079,1976,6,5,1,0,0,0,1,0,1,0
1079,1977,17,15,3,1,0,0,2,0,1,0
1079,1978,8,8,3,0,0,0,0,0,1,0
1083,1964,1,1,0,0,0,0,0,0,0,0
1083,1966,1,1,0,0,0,0,0,0,0,0
1083,1968,2,2,0,0,0,0,0,0,2,0
1083,1969,5,4,0,0,0,0,0,0,0,0
1094,1968,3,3,1,0,0,0,0,0,1,0
1094,1969,12,12,3,1,0,1,0,0,5,0
1094,1970,14,12,8,0,0,0,2,0,1,0
1094,1971,6,5,0,0,0,0,1,0,3,0
1094,1972,19,17,4,2,0,1,2,0,2,0
1094,1973,8,7,1,0,0,0,1,0,2,0
1094,1974,15,11,2,1,0,0,2,1,3,1
1094,1980,4,4,0,0,0,0,0,0,3,0
1099,1977,2,2,0,0,0,0,0,0,1,0
1099,1979,3,2,0,0,0,0,0,0,1,0
1100,1986,7,5,3,0,0,1,2,0,1,0
1103,1981,12,11,3,1,0,0,1,0,2,0
1103,1982,8,8,3,1,0,0,0,0,2,0
1103,1983,9,8,3,0,0,1,1,0,0,0
1103,1986,9,9,4,0,0,0,0,0,1,0
1103,1987,4,3,1,1,0,0,1,0,1,0
1107,1984,4,4,1,0,0,0,0,0,1,0
1115,1973,3,3,1,1,0,0,0,0,0,0
1115,1974,9,8,1,0,0,1,0,0,2,0
1115,1975,5,4,1,0,0,0,1,0,1,0
1115,1976,6,5,0,0,0,0,1,0,2,0
1115,1977,11,11,1,0,0,0,0,0,5,0
1115,1978,9,9,2,0,1,0,0,0,0,0
1115,1979,11,9,2,0,0,0,2,0,3,0
1115,1980,7,5,0,0,0,0,2,0,3,0
1115,1984,5,4,0,0,0,0,1,0,1,0
1115,1985,7,6,3,1,0,0,1,0,0,0
1115,1986,6,6,2,0,1,0,0,0,0,0
1115,1987,8,8,1,0,0,0,0,0,1,0
1125,1976,2,1,0,0,0,0,0,0,1,0
1125,1978,1,1,0,0,0,0,0,0,1,0
1148,1987,1,1,0,0,0,0,0,0,0,0
1155,1968,10,9,4,0,0,0,1,0,2,0
1155,1969,7,7,3,1,1,0,0,0,0,0
1155,1970,13,11,2,1,0,0,2,0,3,0
1155,1971,8,7,1,0,0,0,1,0,1,0
1155,1972,14,13,0,0,0,0,1,0,2,0
1155,1973,4,4,1,0,0,0,0,0,0,0
1155,1974,1,1,0,0,0,0,0,0,0,0
1155,1976,8,8,4,0,0,0,0,0,1,0
1173,1973,2,2,1,0,0,0,0,0,0,0
1179,1971,7,6,0,0,0,0,1,0,1,0
1179,1972,5,5,1,0,0,0,0,0,1,0
1179,1973,4,4,2,0,0,0,0,0,0,0
1179,1974,14,12,5,0,0,0,0,0,3,0
1179,1975,13,13,3,0,0,0,0,0,0,0
1179,1976,11,11,1,0,0,0,0,0,1,0
1179,1977,15,12,1,0,0,0,3,0,3,0
1179,1978,16,16,1,0,0,0,0,0,2,0
1179,1979,16,14,3,1,1,0,1,0,0,0
1179,1980,7,7,1,0,0,0,0,0,0,0
1179,1981,2,2,0,0,0,0,0,0,0,0
1179,1982,5,5,3,0,0,0,0,0,0,0
1179,1983,10,9,5,0,0,0,1,0,0,0
1208,1964,1,1,0,0,0,0,0,0,0,0
1208,1965,7,6,3,1,0,0,0,0,2,1
1208,1966,1,1,1,1,0,0,0,0,0,0
1208,1968,1,1,0,0,0,0,0,0,0,0
1220,1971,2,2,1,0,0,0,0,0,1,0
1220,1975,1,1,1,0,0,0,0,0,0,0
1234,1984,10,10,3,0,0,0,0,0,3,0
1234,1985,11,11,2,1,0,1,0,0,5,0
1234,1986,3,3,2,0,0,0,0,0,0,0
1234,1987,6,6,3,1,0,0,0,0,2,0
1236,1987,6,5,2,0,0,0,0,1,0,0
1242,1986,3,2,0,0,0,0,1,0,0,0
1242,1987,3,2,0,0,0,0,1,0,1,0
1248,1966,1,1,0,0,0,0,0,0,0,0
1248,1967,1,1,1,0,0,0,0,0,0,0
1249,1987,3,3,1,0,0,0,0,0,0,0
1255,1965,1,1,0,0,0,0,0,0,0,0
1255,1966,1,1,0,0,0,0,0,0,0,0
1255,1967,5,5,2,0,0,0,0,0,1,0
1255,1969,5,4,3,0,0,0,0,0,0,0
1255,1970,2,2,0,0,0,0,0,0,0,0
1255,1971,2,2,0,0,0,0,0,0,1,0
1262,1982,2,2,1,1,0,0,0,0,1,0
1262,1983,1,1,0,0,0,0,0,0,0,0
1264,1971,1,1,0,0,0,0,0,0,0,0
1276,1971,1,0,0,0,0,0,0,0,0,1
1277,1973,4,4,1,0,0,0,0,0,1,0
1277,1974,1,0,0,0,0,0,1,0,0,0
1277,1975,4,4,0,0,0,0,0,0,1,0
1280,1983,5,5,1,1,0,0,0,0,2,0
1281,1982,10,9,3,0,0,0,1,0,0,0
1281,1983,9,6,2,0,0,0,3,0,2,0
1281,1987,2,2,0,0,0,0,0,0,0,0
1291,1984,8,7,1,0,0,0,1,0,2,0
1291,1985,11,11,4,0,0,0,0,0,2,0
1291,1986,3,2,2,1,0,0,1,0,0,0
1291,1987,3,3,0,0,0,0,0,0,0,0
1292,1974,5,4,0,0,0,0,0,0,1,1
1292,1979,1,1,0,0,0,0,0,0,0,0
1312,1979,1,1,0,0,0,0,0,0,1,0
1317,1965,2,2,0,0,0,0,0,0,1,0
1317,1966,4,2,0,0,0,0,2,0,0,0
1317,1967,9,7,0,0,0,0,2,0,3,0
1317,1968,11,10,4,0,0,0,1,0,1,0
1320,1967,4,4,1,0,0,0,0,0,1,0
1320,1969,2,1,0,0,0,0,1,0,0,0
1320,1972,3,3,0,0,0,0,0,0,1,0
1344,1983,5,3,0,0,0,0,2,0,1,0
1344,1987,3,2,0,0,0,0,1,0,0,0
1345,1965,7,7,0,0,0,0,0,0,3,0
1345,1966,3,3,1,0,0,0,0,0,0,0
1345,1967,9,8,1,0,0,0,0,0,1,1
1345,1968,10,10,4,3,0,0,0,0,1,0
1345,1969,8,8,1,0,0,0,0,0,1,0
1345,1970,4,4,2,0,0,2,0,0,0,0
1345,1971,8,8,3,0,1,0,0,0,1,0
1345,1972,15,14,9,1,0,0,0,1,0,0
1345,1973,8,7,1,0,0,0,1,0,2,0
1345,1974,8,8,3,0,0,0,0,0,1,0
1345,1975,7,6,2,0,0,0,1,0,0,0
1345,1976,9,9,3,0,0,0,0,0,1,0
1345,1977,10,10,4,1,0,0,0,0,1,0
1345,1978,9,9,1,0,0,0,0,0,1,0
1345,1979,8,8,2,0,0,0,0,0,0,0
1358,1981,7,5,0,0,0,0,2,0,1,0
1358,1982,3,3,1,0,0,0,0,0,0,0
1358,1983,9,9,5,0,0,0,0,0,2,0
1361,1985,10,10,2,2,0,0,0,0,2,0
1361,1987,4,4,2,0,0,0,0,0,0,0
1374,1983,3,3,1,0,0,0,0,0,1,0
1380,1966,2,2,0,0,0,0,0,0,0,0
1380,1971,1,1,1,0,0,0,0,0,0,0
1386,1984,3,3,1,1,0,0,0,0,1,0
1397,1987,13,13,3,1,1,0,0,0,0,0
1410,1976,4,4,2,0,0,0,0,0,0,0
1413,1985,3,3,0,0,0,0,0,0,2,0
1420,1966,3,3,1,0,0,0,0,0,0,0
1420,1967,9,7,2,0,0,0,2,0,2,0
1420,1969,11,11,0,0,0,0,0,0,2,0
1420,1970,16,15,7,2,0,1,1,0,2,0
1420,1971,17,13,3,0,0,3,4,0,4,0
1420,1974,4,4,1,0,0,0,0,0,2,0
1420,1975,6,4,1,0,0,0,2,0,0,0
1458,1984,6,6,3,0,0,0,0,0,2,0
1458,1985,4,4,0,0,0,0,0,0,2,0
1458,1986,7,7,0,0,0,0,0,0,0,0
1458,1987,3,2,0,0,0,0,1,0,2,0
1459,1978,2,1,0,0,0,0,0,0,0,0
1465,1969,1,1,1,0,0,0,0,0,0,0
1465,1970,1,1,0,0,0,0,0,0,0,0
1469,1970,1,1,0,0,0,0,0,0,0,0
1480,1965,2,1,1,0,0,0,0,0,0,0
1480,1966,3,3,0,0,0,0,0,0,1,0
1480,1967,3,3,0,0,0,0,0,0,1,0
1480,1968,6,5,1,0,0,0,1,0,0,0
1483,1971,14,14,3,1,0,0,0,0,3,0
1483,1972,10,9,4,1,0,0,1,0,0,0
1483,1973,15,15,5,1,0,1,0,0,2,0
1483,1974,16,16,2,1,0,0,0,0,0,0
1483,1975,5,5,4,2,0,0,0,0,1,0
1483,1976,12,11,2,0,0,0,1,0,0,0
1483,1977,1,1,0,0,0,0,0,0,0,0
1483,1978,12,12,0,0,0,0,0,0,2,0
1483,1979,14,14,1,1,0,0,0,0,2,0
1483,1980,10,9,8,1,0,1,1,0,1,0
1483,1981,3,3,2,1,0,0,0,0,0,0
1483,1982,7,7,1,0,0,0,0,0,0,0
1483,1983,7,7,5,2,0,0,0,0,0,0
1483,1985,8,6,0,0,0,0,2,0,1,0
1483,1986,11,11,3,2,0,1,0,0,0,0
1483,1987,6,4,0,0,0,0,1,0,1,1
1494,1985,3,3,2,0,0,0,0,0,1,0
1494,1986,6,5,1,0,0,0,1,0,1,0
1494,1987,11,10,3,1,0,0,0,0,0,0
1513,1984,7,7,4,1,0,0,0,0,0,0
1520,1965,1,1,0,0,0,0,0,0,0,0
1520,1968,2,2,0,0,0,0,0,0,0,0
1520,1969,3,3,0,0,0,0,0,0,1,0
1525,1965,1,0,0,0,0,0,0,0,0,1
1525,1966,1,1,0,0,0,0,0,0,0,0
1525,1969,4,4,0,0,0,0,0,0,2,0
1543,1987,4,3,0,0,0,0,1,0,0,0
1545,1978,1,1,0,0,0,0,0,0,1,0
1573,1985,7,6,2,2,0,0,1,0,3,0
1577,1973,1,1,0,0,0,0,0,0,1,0
1577,1974,2,2,0,0,0,0,0,0,1,0
1577,1975,2,2,0,0,0,0,0,0,0,0
1577,1976,5,5,3,0,0,0,0,0,1,0
1577,1977,2,2,1,0,0,0,0,0,0,0
1577,1978,1,1,0,0,0,0,0,0,0,0
1600,1985,4,4,1,0,0,0,0,0,0,0
1600,1986,4,3,2,0,0,0,1,0,0,0
1610,1984,8,8,1,1,0,0,0,0,0,0
1610,1985,12,11,4,2,0,2,1,0,2,0
1640,1975,9,9,3,0,0,1,0,0,3,0
1640,1976,12,10,1,0,0,0,1,0,1,0
1640,1977,12,11,1,0,0,0,1,0,3,0
1640,1978,20,20,1,0,0,0,0,0,4,0
1640,1979,18,16,4,2,0,0,1,0,5,1
1640,1980,18,17,7,0,0,0,1,0,2,0
1640,1981,13,13,3,0,0,0,0,0,3,0
1673,1985,4,4,1,0,0,0,0,0,0,0
1673,1987,5,5,1,1,0,0,0,0,0,0
1674,1972,2,1,1,0,0,0,0,0,0,0
1674,1974,3,2,1,0,0,0,1,0,0,0
1674,1976,1,1,0,0,0,0,0,0,0,0
1685,1964,1,1,0,0,0,0,0,0,0,0
1685,1965,2,2,0,0,0,0,0,0,2,0
1685,1966,3,3,1,0,0,0,0,0,0,0
1685,1967,10,9,1,1,0,0,1,0,1,0
1685,1968,13,12,4,0,0,1,1,0,1,0
1685,1969,3,1,0,0,0,0,2,0,0,0
1685,1970,16,14,4,1,0,1,1,1,2,0
1685,1971,13,10,3,1,0,1,2,1,1,0
1691,1983,1,1,0,0,0,0,0,0,1,0
1712,1970,17,17,0,0,0,0,0,0,4,0
1712,1971,12,12,3,0,0,1,0,0,4,0
1712,1972,2,2,1,0,0,0,0,0,0,0
1741,1975,3,3,0,0,0,0,0,0,2,0
1741,1976,5,5,1,0,0,0,0,0,0,0
1741,1977,3,2,0,0,0,0,1,0,2,0
1745,1986,7,7,2,0,0,0,0,0,0,0
1750,1965,2,2,0,0,0,0,0,0,1,0
1750,1969,6,6,1,0,0,0,0,0,0,0
1750,1970,11,10,3,0,0,0,0,0,2,1
1750,1971,16,14,4,0,0,0,2,0,1,0
1750,1972,3,3,0,0,0,0,0,0,0,0
1750,1974,6,6,0,0,0,0,0,0,1,0
1753,1978,3,3,0,0,0,0,0,0,0,0
1757,1986,8,7,3,0,0,1,1,0,0,0
1757,1987,1,0,0,0,0,0,1,0,0,0
1766,1977,2,2,0,0,0,0,0,0,0,0
1777,1970,9,6,3,0,0,1,3,0,0,0
1777,1971,8,7,1,0,0,0,1,0,2,0
1777,1972,6,6,2,0,0,0,0,0,0,0
1777,1973,3,3,0,0,0,0,0,0,0,0
1777,1979,2,2,1,0,0,0,0,0,1,0
1780,1967,1,1,0,0,0,0,0,0,0,0
1780,1968,3,3,0,0,0,0,0,0,2,0
1782,1970,3,3,2,1,0,0,0,0,0,0
1782,1971,7,6,1,0,0,0,0,0,0,1
1782,1972,12,12,2,0,0,1,0,0,1,0
1782,1973,8,8,1,0,0,1,0,0,1,0
1782,1974,6,5,2,0,0,0,1,0,1,0
1782,1975,13,12,1,1,0,0,0,1,1,0
1782,1976,10,9,1,0,0,0,1,0,0,0
1782,1977,8,7,2,1,0,0,1,0,2,0
1782,1978,6,5,1,0,0,0,1,0,0,0
1782,1979,5,5,1,0,0,1,0,0,0,0
1783,1965,4,3,0,0,0,0,1,0,0,0
1783,1966,6,6,2,0,0,0,0,0,1,0
1783,1967,7,7,1,0,0,0,0,0,1,0
1783,1968,10,10,2,1,0,0,0,0,3,0
1787,1984,7,4,2,0,0,0,1,0,1,1
1787,1985,7,7,1,0,0,0,0,0,0,0
1797,1966,1,1,0,0,0,0,0,0,0,0
1797,1969,2,2,1,0,0,0,0,0,1,0
1797,1971,2,2,0,0,0,0,0,0,0,0
1797,1972,4,4,0,0,0,0,0,0,3,0
1797,1974,1,1,1,0,0,0,0,0,0,0
1797,1975,4,4,1,0,0,0,0,0,1,0
1797,1977,3,0,0,0,0,0,1,0,0,0
1797,1978,2,2,0,0,0,0,0,0,0,0
1797,1982,2,1,1,0,0,0,0,0,0,0
1797,1983,3,3,0,0,0,0,0,0,0,0
1826,1972,1,1,0,0,0,0,0,0,1,0
1826,1973,3,3,1,0,0,0,0,0,1,0
1835,1974,1,1,0,0,0,0,0,0,0,0
1842,1975,11,9,3,1,0,1,2,0,2,0
1842,1976,3,2,0,0,0,0,1,0,1,0
1842,1977,8,5,0,0,0,0,3,0,3,0
1842,1978,6,2,1,0,0,0,4,0,0,0
1842,1979,6,6,1,0,0,1,0,0,0,0
1842,1980,14,12,0,0,0,0,2,0,2,0
1842,1981,4,2,0,0,0,0,2,0,0,0
1842,1982,6,3,2,0,0,1,3,0,0,0
1842,1983,5,2,1,0,0,0,2,0,0,1
1843,1985,3,3,0,0,0,0,0,0,3,0
1847,1973,4,4,1,0,0,0,0,0,1,0
1859,1971,8,8,3,0,0,0,0,0,1,0
1859,1972,8,8,1,1,0,0,0,0,1,0
1859,1973,12,12,2,1,0,0,0,0,6,0
1859,1974,14,14,9,1,1,0,0,0,0,0
1859,1975,15,14,5,1,0,0,1,0,1,0
1859,1976,12,11,3,0,0,0,0,0,0,1
1859,1977,11,11,2,1,0,0,0,0,2,0
1859,1978,9,8,2,1,0,0,0,0,2,1
1859,1980,6,6,1,0,0,0,0,0,1,0
1880,1985,2,2,0,0,0,0,0,0,0,0
1895,1987,3,2,0,0,0,0,1,0,2,0
1928,1964,1,1,0,0,0,0,0,0,1,0
1932,1979,1,0,0,0,0,0,0,0,0,0
1948,1970,3,3,1,0,0,0,0,0,0,0
1948,1971,9,8,3,1,0,2,0,0,2,0
1948,1972,7,6,1,0,0,0,1,0,2,0
1948,1973,7,7,2,0,0,0,0,0,1,0
1948,1974,13,12,4,1,0,0,1,0,3,0
1948,1975,12,11,7,3,0,1,0,1,0,0
1948,1976,14,13,4,0,0,1,1,0,1,0
1948,1977,8,7,1,0,0,0,1,0,1,0
1948,1979,11,9,1,0,0,0,2,0,2,0
1948,1980,13,11,1,0,0,0,2,0,1,0
1948,1981,4,4,1,1,0,0,0,0,1,0
1948,1982,7,6,1,1,0,0,1,0,0,0
1948,1983,4,4,0,0,0,0,0,0,2,0
1955,1966,2,1,0,0,0,0,0,0,0,0
1955,1967,8,6,2,1,0,0,1,1,1,0
1955,1968,11,11,4,1,0,0,0,0,2,0
1958,1986,2,1,0,0,0,0,1,0,0,0
1958,1987,7,6,1,1,0,0,1,0,1,0
1967,1972,2,1,0,0,0,0,0,1,1,0
1967,1973,19,16,7,1,0,0,3,0,1,0
1967,1974,14,13,2,0,0,1,1,0,2,0
1967,1975,14,10,4,0,0,0,3,0,0,1
1967,1976,11,8,2,0,0,0,3,0,0,0
1967,1977,18,16,4,1,0,2,2,0,2,0
1967,1978,21,16,3,0,0,1,4,1,4,0
1967,1979,14,12,0,0,0,0,2,0,1,0
1967,1980,15,13,3,0,0,1,2,0,2,0
1967,1981,5,2,0,0,0,0,3,0,0,0
1967,1982,9,8,3,1,0,0,1,0,3,0
1967,1983,6,5,2,0,0,0,1,0,0,0
1983,1976,3,3,1,0,0,0,0,0,0,0
1983,1977,7,7,2,0,0,0,0,0,1,0
1983,1978,1,1,0,0,0,0,0,0,1,0
1988,1969,7,7,0,0,0,0,0,0,0,0
1988,1972,10,8,2,0,1,0,1,0,0,0
1988,1973,12,10,4,2,0,0,1,0,2,0
1988,1974,5,5,1,0,0,0,0,0,0,0
1988,1975,3,3,0,0,0,0,0,0,0,0
2000,1967,3,3,0,0,0,0,0,0,2,0
2000,1968,8,8,4,1,0,1,0,0,0,0
2033,1971,3,3,2,0,0,0,0,0,0,0
2060,1965,4,4,0,0,0,0,0,0,1,0
2061,1975,3,3,1,0,1,0,0,0,0,0
2061,1976,5,4,0,0,0,0,0,0,2,0
2061,1979,6,4,0,0,0,0,1,0,1,0
2071,1966,1,1,0,0,0,0,0,0,0,0
2088,1964,1,1,0,0,0,0,0,0,0,0
2110,1974,6,6,0,0,0,0,0,0,2,0
2111,1976,3,1,0,0,0,0,2,0,0,0
2111,1977,10,9,2,1,0,0,1,0,2,0
2111,1978,8,7,1,0,0,1,0,0,2,1
2111,1979,11,9,1,0,0,1,2,0,4,0
2111,1980,11,11,4,0,0,0,0,0,2,0
2111,1981,6,4,0,0,0,0,2,0,2,0
2111,1982,9,6,2,1,1,0,3,0,1,0
2111,1983,14,8,1,0,0,0,6,0,3,0
2125,1987,2,1,0,0,0,0,1,0,0,0
2138,1965,1,1,0,0,0,0,0,0,0,0
2138,1966,2,1,0,0,0,0,1,0,0,0
2138,1967,6,5,0,0,0,0,1,0,1,0
2148,1964,1,1,0,0,0,0,0,0,0,0
2148,1965,3,2,1,1,0,0,1,0,0,0
2148,1966,2,1,0,0,0,0,1,0,0,0
2148,1967,14,14,4,1,0,0,0,0,2,0
2148,1968,5,5,0,0,0,0,0,0,1,0
2148,1969,9,9,2,0,1,0,0,0,0,0
2148,1970,4,3,0,0,0,0,1,0,1,0
2148,1971,5,5,2,0,0,0,0,0,2,0
2148,1972,9,9,4,2,0,0,0,0,0,0
2149,1964,2,2,0,0,0,0,0,0,1,0
2149,1965,3,3,2,0,0,0,0,0,0,0
2149,1966,2,1,1,0,0,1,1,0,0,0
2149,1967,14,13,3,1,0,0,1,0,2,0
2149,1968,12,10,4,0,0,1,2,0,4,0
2149,1969,4,4,2,0,0,0,0,0,1,0
2149,1970,7,6,3,1,0,1,1,0,2,0
2149,1971,1,1,0,0,0,0,0,0,0,0
2149,1972,1,1,0,0,0,0,0,0,0,0
2158,1972,5,5,2,1,0,0,0,0,0,0
2158,1973,9,8,2,0,0,0,1,0,2,0
2158,1974,3,3,0,0,0,0,0,0,1,0
2160,1967,5,5,3,0,1,0,0,0,0,0
2160,1968,5,5,2,0,0,0,0,0,1,0
2160,1969,4,3,0,0,0,0,1,0,1,0
2160,1971,1,1,1,0,0,0,0,0,0,0
2163,1968,2,2,0,0,0,0,0,0,1,0
2163,1969,5,5,1,0,0,0,0,0,3,0
2163,1971,2,2,1,0,0,0,0,0,1,0
2191,1965,1,1,0,0,0,0,0,0,0,0
2191,1967,4,4,0,0,0,0,0,0,0,0
2201,1968,3,3,0,0,0,0,0,0,1,0
2201,1969,11,9,5,1,0,1,2,0,1,0
2201,1970,16,15,3,0,0,2,1,0,6,0
2201,1971,17,14,2,1,0,0,3,0,3,0
2201,1972,14,12,4,0,1,0,2,0,2,0
2201,1973,11,8,1,0,0,0,2,0,3,1
2201,1974,13,11,4,1,0,1,2,0,4,0
2208,1986,8,7,4,2,0,0,1,0,2,0
2213,1965,1,1,0,0,0,0,0,0,1,0
2214,1976,1,1,1,0,0,0,0,0,0,0
2225,1978,2,1,0,0,0,0,1,0,0,0
2225,1979,12,12,6,0,0,0,0,0,0,0
2225,1980,16,15,6,0,0,0,1,0,1,0
2225,1984,12,12,1,1,0,0,0,0,1,0
2225,1985,7,5,3,1,0,0,2,0,1,0
2225,1986,9,8,1,0,0,0,1,0,1,0
2230,1968,4,4,0,0,0,0,0,0,0,0
2256,1970,6,6,2,1,0,1,0,0,1,0
2256,1971,6,6,1,0,0,0,0,0,3,0
2256,1972,5,5,1,0,0,0,0,0,0,0
2256,1973,2,2,0,0,0,0,0,0,0,0
2256,1974,17,16,3,0,0,1,1,0,2,0
2256,1975,21,21,8,1,0,1,0,0,3,0
2256,1976,14,12,2,0,1,0,2,0,5,0
2256,1977,19,17,4,1,0,0,1,0,3,1
2256,1978,12,12,4,0,0,0,0,0,6,0
2256,1979,19,18,4,0,0,1,1,0,0,0
2256,1980,12,12,4,0,0,1,0,0,3,0
2256,1981,3,3,0,0,0,0,0,0,0,0
2256,1982,7,6,3,0,0,0,1,0,0,0
2256,1983,14,10,2,0,0,0,4,0,1,0
2258,1984,7,6,1,1,0,0,1,0,0,0
2258,1985,7,7,1,0,0,0,0,0,1,0
2308,1984,4,4,1,0,0,1,0,0,0,0
2308,1985,5,4,2,0,0,0,0,0,0,1
2308,1986,5,5,2,1,0,0,0,0,0,0
2308,1987,3,3,2,0,0,1,0,0,1,0
2342,1974,1,0,0,0,0,0,1,0,0,0
2352,1977,1,1,0,0,0,0,0,0,1,0
2359,1965,1,1,1,0,0,0,0,0,0,0
2359,1968,3,3,2,1,0,0,0,0,1,0
2359,1969,4,4,0,0,0,0,0,0,0,0
2359,1971,5,5,0,0,0,0,0,0,0,0
2359,1973,1,0,0,0,0,0,1,0,0,0
2361,1978,2,2,0,0,0,0,0,0,0,0
2361,1979,7,7,0,0,0,0,0,0,2,0
2397,1964,2,2,2,0,0,0,0,0,0,0
2397,1965,1,1,0,0,0,0,0,0,0,0
2398,1965,1,1,1,0,0,1,0,0,0,0
2400,1984,7,7,2,0,0,1,0,0,2,0
2400,1985,7,7,2,0,0,0,0,0,2,0
2410,1974,3,3,0,0,0,0,0,0,1,0
2410,1976,2,2,0,0,0,0,0,0,1,0
2411,1974,3,3,0,0,0,0,0,0,1,0
2428,1964,1,1,0,0,0,0,0,0,0,0
2428,1965,1,1,0,0,0,0,0,0,0,0
2440,1968,8,8,4,1,0,0,0,0,1,0
2440,1969,15,15,7,1,0,0,0,0,4,0
2440,1970,7,7,4,1,1,0,0,0,2,0
2440,1971,15,13,2,0,1,0,2,0,2,0
2440,1972,5,5,0,0,0,0,0,0,2,0
2440,1973,18,16,4,0,0,0,2,0,3,0
2440,1974,13,11,1,0,0,0,2,0,1,0
2440,1975,14,14,3,1,0,0,0,0,2,0
2440,1976,8,8,2,0,0,1,0,0,2,0
2440,1977,1,0,0,0,0,0,1,0,0,0
2464,1977,8,8,3,0,0,0,0,0,1,0
2464,1978,10,9,2,0,0,0,0,1,3,0
2464,1979,6,5,1,0,0,0,1,0,1,0
2464,1980,13,12,3,1,0,2,1,0,1,0
2464,1981,4,4,0,0,0,0,0,0,0,0
2464,1982,6,6,2,0,0,0,0,0,0,0
2464,1983,9,8,3,0,0,0,1,0,1,0
2476,1972,8,8,1,0,0,0,0,0,1,0
2489,1974,3,3,0,0,0,0,0,0,1,0
2489,1975,5,4,1,0,0,0,1,0,0,0
2498,1976,8,6,1,0,0,0,0,0,1,1
2498,1977,3,3,2,0,0,0,0,0,0,0
2498,1978,9,8,2,0,0,0,0,1,4,0
2498,1979,7,7,1,0,0,0,0,0,1,0
2498,1981,2,2,0,0,0,0,0,0,0,0
2498,1982,1,1,1,0,0,0,0,0,0,0
2499,1975,4,4,1,0,0,0,0,0,0,0
2501,1972,12,12,3,0,0,0,0,0,3,0
2501,1973,8,7,2,0,0,0,1,0,1,0
2501,1974,2,2,0,0,0,0,0,0,1,0
2501,1975,7,7,3,0,0,2,0,0,0,0
2501,1976,18,16,7,2,0,0,2,0,2,0
2501,1977,11,11,5,0,1,0,0,0,1,0
2501,1978,20,19,8,1,1,0,1,0,5,0
2501,1979,18,17,4,2,0,0,1,0,4,0
2501,1980,18,17,2,0,0,0,1,0,7,0
2501,1981,8,7,0,0,0,0,1,0,1,0
2501,1982,12,10,2,1,0,0,1,0,2,1
2501,1983,6,6,1,1,0,0,0,0,1,0
2502,1984,2,2,1,0,0,0,0,0,0,0
2502,1986,6,5,2,0,0,0,1,0,0,0
2519,1981,1,1,1,0,0,0,0,0,0,0
2523,1966,1,1,0,0,0,0,0,0,0,0
2532,1965,1,1,0,0,0,0,0,0,1,0
2532,1966,1,1,0,0,0,0,0,0,1,0
2533,1970,1,1,1,0,0,0,0,0,0,0
2533,1974,1,1,0,0,0,0,0,0,1,0
2550,1980,3,2,0,0,0,0,0,0,1,0
2550,1981,1,1,0,0,0,0,0,0,0,0
2563,1974,1,0,0,0,0,0,1,0,0,0
2563,1979,4,1,0,0,0,0,0,2,0,0
2564,1979,13,13,2,1,0,0,0,0,2,0
2564,1980,3,3,1,0,0,0,0,0,1,0
2578,1964,2,2,0,0,0,0,0,0,0,0
2578,1965,1,1,1,0,0,1,0,0,0,0
2578,1966,2,2,0,0,0,0,0,0,0,0
2578,1967,5,4,0,0,0,0,1,0,0,0
2578,1968,6,6,0,0,0,0,0,0,1,0
2594,1975,3,2,0,0,0,0,0,0,0,0
2613,1984,5,4,2,0,0,0,1,0,1,0
2618,1969,4,4,1,0,0,0,0,0,1,0
2618,1971,11,11,5,0,0,0,0,0,2,0
2618,1972,4,4,2,1,0,0,0,0,0,0
2618,1973,1,1,0,0,0,0,0,0,0,0
2618,1977,4,4,1,0,0,0,0,0,0,0
2618,1978,2,2,1,0,0,0,0,0,0,0
2618,1979,1,1,0,0,0,0,0,0,0,0
2620,1964,2,2,1,0,0,0,0,0,0,0
2620,1967,7,7,2,0,0,0,0,0,1,0
2620,1969,6,6,0,0,0,0,0,0,1,0
2624,1984,11,9,0,0,0,0,2,0,2,0
2624,1985,11,9,3,0,0,0,2,0,0,0
2624,1986,3,3,3,1,0,0,0,0,0,0
2624,1987,6,3,1,0,0,0,3,0,0,0
2626,1984,7,6,0,0,0,0,1,0,1,0
2632,1975,3,2,0,0,0,0,1,0,1,0
2632,1976,4,4,1,0,0,0,0,0,0,0
2632,1977,2,2,0,0,0,0,0,0,0,0
2632,1978,3,3,1,0,0,0,0,0,0,0
2634,1971,5,4,2,0,0,0,0,0,2,0
2635,1969,1,1,0,0,0,0,0,0,0,0
2636,1982,13,13,2,0,0,0,0,0,2,0
2636,1983,10,9,2,0,0,0,1,0,2,0
2636,1987,2,0,0,0,0,0,2,0,0,0
2650,1982,7,6,3,0,0,2,1,0,1,0
2650,1983,8,7,0,0,0,0,1,0,4,0
2665,1983,1,1,0,0,0,0,0,0,0,0
2666,1984,4,4,0,0,0,0,0,0,0,0
2666,1985,3,3,0,0,0,0,0,0,0,0
2666,1986,8,8,2,0,0,0,0,0,0,0
2666,1987,1,1,0,0,0,0,0,0,1,0
2667,1986,3,3,0,0,0,0,0,0,0,0
2678,1966,1,1,1,0,0,0,0,0,0,0
2678,1967,3,2,0,0,0,0,1,0,1,0
2678,1968,3,3,1,0,0,0,0,0,1,0
2678,1969,1,1,0,0,0,0,0,0,1,0
2689,1966,1,1,1,0,0,0,0,0,0,0
2689,1967,7,5,2,1,0,0,2,0,1,0
2689,1970,3,3,2,0,0,1,0,0,0,0
2689,1972,1,1,0,0,0,0,0,0,0,0
2691,1965,2,2,2,0,0,0,0,0,0,0
2691,1966,3,3,1,0,0,0,0,0,1,0
2691,1967,7,7,1,0,0,0,0,0,0,0
2691,1968,12,12,2,0,0,0,0,0,1,0
2691,1969,17,16,4,0,0,1,0,1,0,0
2691,1970,7,6,1,0,1,0,0,0,1,0
2691,1971,17,17,6,1,0,2,0,0,4,0
2691,1972,10,10,3,1,0,0,0,0,1,0
2691,1973,19,19,1,0,0,1,0,0,2,0
2691,1974,12,11,2,1,0,0,1,0,1,0
2691,1975,7,7,2,0,0,1,0,0,0,0
2691,1976,3,3,0,0,0,0,0,0,1,0
2696,1977,8,8,3,0,0,0,0,0,1,0
2696,1978,9,8,5,0,0,0,0,1,0,0
2696,1979,7,7,3,0,0,0,0,0,0,0
2696,1980,15,11,3,1,0,0,2,1,1,1
2696,1981,5,4,1,1,0,0,0,0,2,1
2696,1982,10,8,4,0,0,0,2,0,0,0
2696,1983,9,9,4,0,1,0,0,0,0,0
2698,1972,8,7,2,0,0,0,0,0,1,0
2698,1973,4,4,1,0,0,0,0,0,1,0
2698,1974,5,4,1,0,0,0,0,0,0,1
2709,1969,9,8,2,0,0,1,1,0,0,0
2709,1970,5,5,2,0,0,1,0,0,2,0
2709,1971,3,2,0,0,0,0,0,0,0,0
2714,1984,12,10,2,2,0,0,1,0,2,1
2714,1986,7,6,1,0,0,0,1,0,1,0
2714,1987,7,7,0,0,0,0,0,0,3,0
2717,1970,4,4,2,0,0,1,0,0,1,0
2723,1986,5,5,1,1,0,0,0,0,1,0
2723,1987,3,3,0,0,0,0,0,0,1,0
2739,1975,1,0,0,0,0,0,1,0,0,0
2739,1977,12,11,0,0,0,0,0,0,0,0
2739,1978,14,13,3,0,0,0,0,0,5,0
2739,1979,15,14,3,0,1,1,1,0,2,0
2739,1980,9,9,5,1,0,0,0,0,0,0
2739,1981,2,2,1,1,0,0,0,0,0,0
2739,1982,10,7,4,0,0,1,3,0,2,0
2739,1983,6,4,1,0,0,0,2,0,0,0
2809,1984,5,5,0,0,0,0,0,0,0,0
2809,1985,4,4,1,0,0,0,0,0,1,0
2809,1986,4,4,1,0,0,0,0,0,0,0
2815,1965,1,1,1,0,0,0,0,0,0,0
2816,1975,2,2,1,0,0,0,0,0,0,0
2816,1976,1,0,0,0,0,0,0,0,0,0
2816,1977,1,1,0,0,0,0,0,0,1,0
2828,1982,8,8,1,0,0,0,0,0,0,0
2828,1983,1,1,0,0,0,0,0,0,1,0
2831,1985,4,4,0,0,0,0,0,0,1,0
2869,1982,10,8,3,0,0,0,1,0,2,1
2869,1983,3,2,1,0,0,0,1,0,0,0
2915,1969,8,7,0,0,0,0,0,0,4,0
2915,1970,2,2,0,0,0,0,0,0,1,0
2915,1972,3,3,0,0,0,0,0,0,1,0
2915,1975,2,2,0,0,0,0,0,0,0,0
2915,1976,3,3,0,0,0,0,0,0,1,0
2917,1967,3,3,0,0,0,0,0,0,2,0
2917,1968,4,4,2,1,1,0,0,0,0,0
2917,1969,7,6,0,0,0,0,1,0,3,0
2917,1970,6,5,2,0,0,0,1,0,1,0
2917,1971,3,2,0,0,0,0,1,0,0,0
2927,1979,1,1,0,0,0,0,0,0,1,0
2930,1977,1,1,0,0,0,0,0,0,0,0
2940,1982,1,1,0,0,0,0,0,0,0,0
2940,1983,1,1,1,1,0,0,0,0,0,0
2952,1979,1,1,1,0,0,0,0,0,0,0
2959,1970,4,3,0,0,0,0,0,0,0,0
2989,1982,5,5,1,0,0,0,0,0,0,0
2989,1983,5,3,1,0,0,0,2,0,0,0
3009,1971,4,3,1,0,0,0,0,0,0,0
3009,1972,3,3,0,0,0,0,0,0,1,0
3009,1974,1,1,0,0,0,0,0,0,1,0
3010,1984,12,12,7,2,0,0,0,0,1,0
3010,1985,10,5,0,0,0,0,5,0,0,0
3010,1986,8,4,3,1,0,0,4,0,1,0
3010,1987,8,7,1,0,0,0,1,0,0,0
3019,1971,6,6,0,0,0,0,0,0,4,0
3019,1972,6,6,3,0,0,0,0,0,0,0
3019,1973,3,3,1,0,0,0,0,0,0,0
3037,1983,1,0,0,0,0,0,1,0,0,0
3049,1973,14,11,2,1,0,0,2,0,0,0
3049,1974,12,11,2,0,0,0,1,0,0,0
3049,1975,7,7,1,1,0,0,0,0,1,0
3049,1976,7,5,0,0,0,0,2,0,3,0
3049,1977,20,13,5,1,0,0,7,0,2,0
3049,1978,13,12,4,0,0,0,0,1,0,0
3049,1979,17,16,2,1,0,0,1,0,2,0
3049,1980,11,8,4,1,0,2,3,0,0,0
3049,1982,7,4,0,0,0,0,3,0,0,0
3049,1983,11,7,1,0,0,0,4,0,2,0
3058,1965,2,2,1,0,0,0,0,0,0,0
3058,1966,1,0,0,0,0,0,0,0,0,0
3058,1967,2,1,0,0,0,0,0,0,0,0
3071,1978,2,2,0,0,0,0,0,0,1,0
3074,1971,2,2,0,0,0,0,0,0,0,0
3093,1984,3,2,1,0,0,1,1,0,0,0
3093,1985,7,5,2,0,0,0,2,0,0,0
3136,1980,4,4,0,0,0,0,0,0,1,0
3136,1981,3,3,2,0,1,0,0,0,0,0
3136,1982,7,7,1,1,0,0,0,0,0,0
3136,1983,10,6,0,0,0,0,4,0,1,0
3145,1974,2,2,0,0,0,0,0,0,0,0
3145,1976,4,3,1,0,0,0,1,0,1,0
3145,1978,1,1,1,0,0,0,0,0,0,0
3145,1984,3,3,2,1,0,0,0,0,0,0
3145,1985,5,4,1,1,0,0,1,0,1,0
3145,1986,4,4,0,0,0,0,0,0,1,0
3146,1984,3,3,1,0,0,0,0,0,1,0
3148,1970,3,3,0,0,0,0,0,0,0,0
3148,1971,3,3,1,0,0,0,0,0,0,0
3148,1972,10,8,4,2,0,0,2,0,0,0
3148,1974,3,3,0,0,0,0,0,0,0,0
3148,1976,3,3,1,0,0,0,0,0,0,0
3148,1977,14,13,5,1,0,0,0,1,2,0
3163,1975,1,1,0,0,0,0,0,0,0,0
3163,1979,2,2,0,0,0,0,0,0,1,0
3163,1980,13,12,3,0,0,0,1,0,0,0
3163,1981,3,3,2,0,0,0,0,0,0,0
3163,1982,10,10,4,0,0,0,0,0,1,0
3163,1983,2,2,0,0,0,0,0,0,0,0
3163,1984,4,4,1,0,0,0,0,0,1,0
3163,1985,9,7,1,0,0,0,2,0,2,0
3163,1986,14,10,2,0,0,0,2,0,1,1
3163,1987,4,4,2,0,0,0,0,0,0,0
3198,1965,3,3,0,0,0,0,0,0,1,0
3198,1966,1,1,0,0,0,0,0,0,0,0
3198,1967,6,6,2,1,0,0,0,0,1,0
3198,1968,1,1,0,0,0,0,0,0,0,0
3198,1969,10,10,2,1,0,0,0,0,1,0
3198,1970,9,9,1,0,0,0,0,0,4,0
3198,1971,4,4,2,0,0,0,0,0,0,0
3198,1972,5,4,3,0,0,0,0,0,0,1
3198,1973,6,6,1,0,0,0,0,0,2,0
3198,1974,1,1,0,0,0,0,0,0,1,0
3213,1980,2,2,0,0,0,0,0,0,0,0
3213,1981,2,1,0,0,0,0,0,0,0,0
3221,1984,3,3,1,0,0,0,0,0,0,0
3221,1987,3,2,0,0,0,0,1,0,0,0
3242,1969,4,3,0,0,0,0,0,0,3,0
3242,1970,2,2,0,0,0,0,0,0,1,0
3242,1973,2,2,0,0,0,0,0,0,1,0
3242,1974,3,3,0,0,0,0,0,0,3,0
3242,1979,2,2,0,0,0,0,0,0,0,0
3249,1972,8,8,2,0,0,0,0,0,2,0
3249,1977,1,1,0,0,0,0,0,0,0,0
3252,1967,1,1,0,0,0,0,0,0,1,0
3274,1984,3,3,2,0,0,0,0,0,0,0
3274,1985,4,4,0,0,0,0,0,0,2,0
3300,1983,9,9,2,0,0,1,0,0,1,0
3319,1986,3,3,1,0,0,0,0,0,0,0
3324,1977,2,2,0,0,0,0,0,0,0,0
3324,1979,2,2,0,0,0,0,0,0,0,0
3324,1980,3,3,0,0,0,0,0,0,0,0
3350,1967,4,3,0,0,0,0,0,0,0,1
3350,1969,4,3,1,0,0,0,0,1,0,0
3357,1978,4,4,0,0,0,0,0,0,1,0
3357,1981,3,2,1,1,0,0,1,0,0,0
3358,1976,5,4,1,0,0,0,1,0,0,0
3358,1977,20,19,3,1,0,0,1,0,4,0
3358,1978,18,15,1,0,0,0,3,0,4,0
3358,1979,17,17,5,3,0,1,0,0,2,0
3358,1980,11,9,2,0,0,0,2,0,3,0
3358,1981,13,11,4,0,1,0,2,0,2,0
3358,1982,12,11,2,0,0,1,1,0,2,0
3358,1983,11,10,3,0,0,1,1,0,3,0
3358,1984,3,3,0,0,0,0,0,0,2,0
3358,1985,12,7,5,0,0,3,5,0,1,0
3358,1986,10,7,2,0,0,0,3,0,0,0
3358,1987,5,4,1,1,0,0,1,0,1,0
3359,1984,4,4,1,0,0,0,0,0,2,0
3359,1985,10,7,3,1,0,1,3,0,0,0
3359,1986,7,6,1,0,0,0,1,0,0,0
3370,1969,2,2,0,0,0,0,0,0,0,0
3380,1984,2,2,0,0,0,0,0,0,0,0
3382,1979,6,6,1,0,0,0,0,0,1,0
3382,1980,4,2,0,0,0,0,1,0,0,1
3383,1968,8,7,0,0,0,0,1,0,2,0
3383,1970,2,2,0,0,0,0,0,0,0,0
3383,1971,1,1,0,0,0,0,0,0,1,0
3385,1965,4,4,2,0,0,0,0,0,0,0
3385,1966,2,2,1,0,0,0,0,0,0,0
3385,1967,5,5,3,0,0,0,0,0,0,0
3385,1968,6,6,1,0,0,0,0,0,1,0
3385,1969,2,2,0,0,0,0,0,0,1,0
3385,1970,4,2,0,0,0,0,1,0,1,1
3385,1971,10,9,3,1,0,0,1,0,2,0
3385,1972,11,11,2,0,0,0,0,0,1,0
3385,1973,9,7,1,0,0,0,1,1,2,0
3385,1974,8,7,0,0,0,0,1,0,2,0
3385,1976,3,2,0,0,0,0,1,0,1,0
3388,1979,3,2,0,0,0,0,0,0,1,0
3388,1980,3,2,0,0,0,0,0,0,1,0
3388,1982,2,2,0,0,0,0,0,0,1,0
3398,1972,8,8,0,0,0,0,0,0,1,0
3398,1974,3,3,0,0,0,0,0,0,2,0
3405,1974,1,1,0,0,0,0,0,0,1,0
3418,1965,1,1,0,0,0,0,0,0,1,0
3448,1972,2,1,0,0,0,0,1,0,0,0
3448,1973,14,10,0,0,0,0,4,0,2,0
3448,1974,9,9,1,0,0,0,0,0,1,0
3448,1975,1,1,0,0,0,0,0,0,1,0
3448,1976,4,2,1,0,0,1,1,1,1,0
3448,1977,7,5,2,0,0,0,2,0,1,0
3448,1978,10,9,3,0,0,0,1,0,3,0
3448,1979,13,9,3,1,0,1,4,0,0,0
3448,1980,7,7,1,0,0,1,0,0,3,0
3469,1984,1,1,0,0,0,0,0,0,0,0
3469,1985,9,9,2,1,0,0,0,0,2,0
3469,1986,6,5,2,1,0,0,1,0,0,0
3469,1987,6,6,1,0,0,1,0,0,0,0
3472,1965,1,1,0,0,0,0,0,0,1,0
3472,1967,8,7,4,0,0,0,1,0,1,0
3472,1969,5,4,2,0,0,1,1,0,0,0
3472,1970,11,11,3,2,0,0,0,0,1,0
3472,1971,1,1,0,0,0,0,0,0,1,0
3489,1985,3,2,1,0,0,0,1,0,0,0
3516,1983,5,3,1,0,0,0,2,0,1,0
3525,1972,1,1,0,0,0,0,0,0,0,0
3532,1978,4,4,0,0,0,0,0,0,1,0
3532,1985,2,2,0,0,0,0,0,0,0,0
3542,1965,2,2,0,0,0,0,0,0,0,0
3542,1969,2,2,0,0,0,0,0,0,2,0
3545,1985,4,4,0,0,0,0,0,0,1,0
3545,1986,7,7,3,0,0,0,0,0,1,0
3545,1987,2,2,1,0,0,0,0,0,0,0
3561,1979,4,4,0,0,0,0,0,0,0,0
3561,1980,8,8,2,1,0,0,0,0,0,0
3561,1981,3,3,0,0,0,0,0,0,0,0
3561,1982,9,7,3,1,0,0,1,0,0,1
3561,1983,2,2,1,0,0,0,0,0,0,0
3572,1981,3,3,0,0,0,0,0,0,0,0
3572,1986,7,5,2,1,0,0,2,0,0,0
3572,1987,9,9,2,0,0,0,0,0,0,0
3576,1965,8,5,0,0,0,0,2,1,1,0
3576,1966,2,1,0,0,0,0,0,1,0,0
3576,1967,5,5,2,0,0,1,0,0,0,0
3576,1968,11,11,1,0,0,0,0,0,3,0
3576,1969,4,4,0,0,0,0,0,0,0,0
3582,1979,4,3,0,0,0,0,0,1,0,0
3599,1975,2,2,1,0,0,0,0,0,0,0
3599,1976,5,5,0,0,0,0,0,0,2,0
3599,1977,5,4,1,0,0,0,1,0,1,0
3599,1978,11,11,3,0,0,0,0,0,1,0
3599,1979,12,12,3,1,0,0,0,0,2,0
3599,1980,6,6,2,0,0,0,0,0,1,0
3599,1981,5,5,0,0,0,0,0,0,0,0
3599,1982,4,4,0,0,0,0,0,0,0,0
3599,1983,5,5,1,1,0,0,0,0,1,0
3604,1983,6,6,2,1,0,0,0,0,1,0
3605,1972,11,10,4,1,0,0,0,1,1,0
3605,1973,7,6,4,1,0,0,0,0,0,0
3605,1974,8,8,2,1,0,0,0,0,0,0
3605,1975,11,11,2,1,0,0,0,0,2,0
3605,1976,7,7,1,0,0,1,0,0,2,0
3605,1977,6,6,1,0,1,0,0,0,1,0
3605,1978,7,7,0,0,0,0,0,0,1,0
3605,1979,16,15,7,3,0,0,1,0,1,0
3605,1980,13,12,2,0,0,0,0,0,3,0
3605,1981,7,7,1,0,0,0,0,0,0,0
3606,1975,4,4,1,0,0,0,0,0,1,0
3615,1974,5,4,3,1,0,0,1,0,0,0
3615,1975,11,11,3,0,0,0,0,0,3,0
3615,1976,4,4,0,0,0,0,0,0,2,0
3615,1979,12,12,4,1,0,1,0,0,1,0
3615,1980,4,3,2,1,0,0,1,0,0,0
3634,1976,2,2,0,0,0,0,0,0,0,0
3634,1977,3,3,0,0,0,0,0,0,1,0
3634,1982,2,2,0,0,0,0,0,0,0,0
3635,1973,2,2,1,0,0,0,0,0,0,0
3635,1978,3,3,1,0,0,0,0,0,1,0
3648,1968,1,1,0,0,0,0,0,0,0,0
3648,1970,3,3,0,0,0,0,0,0,0,0
3648,1974,1,1,0,0,0,0,0,0,0,0
3649,1970,1,1,0,0,0,0,0,0,1,0
3649,1971,13,13,2,2,0,0,0,0,2,0
3649,1973,3,3,0,0,0,0,0,0,2,0
3649,1974,9,8,2,1,0,0,1,0,1,0
3649,1975,7,7,1,0,0,0,0,0,2,0
3649,1976,12,11,6,1,0,0,1,0,3,0
3649,1977,20,18,3,1,0,2,1,0,3,1
3649,1978,16,15,1,0,0,0,1,0,7,0
3649,1979,11,11,4,0,0,2,0,0,1,0
3649,1980,14,13,4,1,0,1,1,0,4,0
3649,1981,3,1,0,0,0,0,2,0,0,0
3649,1982,5,4,0,0,0,0,1,0,2,0
3649,1983,12,8,1,0,0,0,4,0,4,0
3653,1977,5,3,1,0,0,0,1,1,1,0
3660,1982,3,3,1,0,0,0,0,0,1,0
3672,1970,4,3,0,0,0,0,1,0,1,0
3674,1974,3,3,1,0,0,0,0,0,1,0
3682,1984,11,11,4,2,0,0,0,0,3,0
3682,1985,9,8,3,1,0,1,1,0,0,0
3696,1982,4,4,1,0,0,0,0,0,1,0
3698,1965,3,3,0,0,0,0,0,0,0,0
3698,1967,2,1,0,0,0,0,1,0,0,0
3721,1964,2,2,0,0,0,0,0,0,0,0
3721,1965,1,1,0,0,0,0,0,0,0,0
3730,1971,6,5,3,0,0,1,1,0,1,0
3730,1974,2,1,0,0,0,0,1,0,0,0
3730,1978,1,1,0,0,0,0,0,0,0,0
3730,1979,1,0,0,0,0,0,1,0,0,0
3733,1972,5,5,0,0,0,0,0,0,1,0
3736,1977,1,1,0,0,0,0,0,0,1,0
3745,1973,2,2,0,0,0,0,0,0,0,0
3745,1980,1,1,0,0,0,0,0,0,0,0
3745,1981,3,3,1,0,0,0,0,0,0,0
3751,1967,3,3,0,0,0,0,0,0,1,0
3751,1971,1,1,0,0,0,0,0,0,0,0
3751,1976,1,1,0,0,0,0,0,0,0,0
3764,1969,2,2,1,0,0,0,0,0,1,0
3764,1976,2,2,0,0,0,0,0,0,0,0
3764,1978,1,0,0,0,0,0,0,0,0,0
3771,1966,2,2,0,0,0,0,0,0,0,0
3771,1967,5,5,1,0,0,0,0,0,1,0
3771,1969,1,1,0,0,0,0,0,0,0,0
3771,1970,8,7,2,1,0,0,0,0,1,0
3771,1971,2,2,1,0,0,0,0,0,0,0
3771,1972,17,16,5,2,0,0,0,0,1,0
3771,1973,8,8,3,0,0,0,0,0,2,0
3771,1974,11,10,2,0,0,0,0,0,3,0
3771,1975,8,7,0,0,0,0,0,0,1,0
3771,1976,4,4,0,0,0,0,0,0,1,0
3782,1977,3,3,0,0,0,0,0,0,3,0
3802,1965,3,2,1,0,0,0,1,0,0,0
3802,1966,1,1,0,0,0,0,0,0,0,0
3802,1967,3,3,0,0,0,0,0,0,0,0
3802,1968,4,4,1,0,0,0,0,0,1,0
3802,1969,1,1,0,0,0,0,0,0,0,0
3804,1984,5,4,1,0,0,0,1,0,0,0
3804,1985,3,3,2,0,0,0,0,0,0,0
3804,1986,7,6,1,0,0,0,0,1,0,0
3804,1987,4,4,1,0,0,0,0,0,0,0
3807,1965,2,2,1,0,0,0,0,0,0,0
3807,1968,1,0,0,0,0,0,1,0,0,0
3807,1969,3,3,0,0,0,0,0,0,0,0
3807,1970,1,1,0,0,0,0,0,0,1,0
3810,1985,2,2,0,0,0,0,0,0,0,0
3810,1986,3,3,0,0,0,0,0,0,0,0
3820,1982,1,1,0,0,0,0,0,0,1,0
3820,1983,1,1,0,0,0,0,0,0,1,0
3822,1970,6,6,1,0,0,0,0,0,1,0
3822,1971,5,5,2,0,0,0,0,0,0,0
3822,1972,9,8,3,0,0,0,1,0,2,0
3823,1974,1,1,0,0,0,0,0,0,0,0
3823,1975,1,1,0,0,0,0,0,0,0,0
3831,1985,3,2,1,0,1,0,1,0,0,0
3831,1986,3,3,1,0,0,0,0,0,0,0
3840,1969,3,3,2,0,0,0,0,0,0,0
3840,1978,12,11,2,0,0,0,1,0,2,0
3844,1984,8,8,1,0,0,0,0,0,0,0
3844,1985,5,5,1,0,0,1,0,0,2,0
3844,1986,6,4,1,0,0,0,2,0,0,0
3844,1987,2,2,0,0,0,0,0,0,0,0
3851,1984,3,3,0,0,0,0,0,0,0,0
3851,1985,4,2,0,0,0,0,2,0,0,0
3863,1984,12,12,3,0,0,0,0,0,2,0
3863,1985,7,6,0,0,0,0,0,1,0,0
3863,1986,7,7,3,1,0,0,0,0,0,0
3910,1975,1,1,0,0,0,0,0,0,0,0
3910,1977,2,2,0,0,0,0,0,0,1,0
3910,1978,1,1,0,0,0,0,0,0,1,0
3919,1982,2,2,0,0,0,0,0,0,0,0
3919,1983,2,1,0,0,0,0,1,0,0,0
3931,1977,17,13,3,1,1,0,3,1,2,0
3931,1978,8,7,1,1,0,0,1,0,1,0
3931,1979,9,7,0,0,0,0,1,1,2,0
3931,1980,11,11,2,0,0,0,0,0,2,0
3931,1981,11,10,2,0,0,0,1,0,0,0
3931,1982,9,9,2,0,0,0,0,0,3,0
3931,1983,6,3,1,0,0,1,3,0,1,0
3944,1969,10,10,1,0,0,0,0,0,3,0
3944,1970,11,10,2,0,0,0,1,0,1,0
3944,1971,4,2,0,0,0,0,2,0,0,0
3944,1972,9,8,2,0,0,1,1,0,1,0
3944,1973,12,10,3,0,0,0,2,0,2,0
3944,1974,7,6,1,0,0,0,1,0,0,0
3944,1976,7,6,1,0,0,1,1,0,2,0
3944,1977,1,1,0,0,0,0,0,0,0,0
3944,1978,5,4,2,1,0,0,1,0,0,0
3949,1971,4,4,2,0,0,0,0,0,0,0
3949,1972,3,3,1,0,0,0,0,0,2,0
3949,1973,4,4,2,1,0,0,0,0,0,0
3949,1974,15,15,2,0,0,0,0,0,3,0
3949,1975,15,15,4,2,0,0,0,0,2,0
3949,1976,11,11,4,1,0,0,0,0,0,0
3949,1977,22,22,5,0,0,0,0,0,3,0
3949,1978,22,18,5,0,0,0,4,0,5,0
3949,1979,22,21,5,1,0,1,1,0,2,0
3949,1980,15,13,2,0,0,0,2,0,0,0
3949,1981,5,5,0,0,0,0,0,0,0,0
3949,1982,11,11,3,1,0,0,0,0,4,0
3949,1983,3,3,1,0,0,0,0,0,0,0
3954,1969,3,3,1,0,0,0,0,0,2,0
3954,1974,1,1,0,0,0,0,0,0,0,0
3957,1970,18,18,5,0,1,1,0,0,3,0
3957,1971,18,18,2,0,0,0,0,0,6,0
3957,1972,5,5,1,0,0,0,0,0,1,0
3957,1973,5,5,0,0,0,0,0,0,0,0
3957,1974,2,2,1,0,0,0,0,0,0,0
3974,1984,4,4,0,0,0,0,0,0,0,0
3974,1985,8,5,0,0,0,0,3,0,1,0
3974,1986,11,10,1,0,0,0,1,0,0,0
3974,1987,3,3,0,0,0,0,0,0,1,0
3977,1969,4,4,0,0,0,0,0,0,1,0
3985,1970,5,5,0,0,0,0,0,0,2,0
3985,1972,5,4,1,0,0,0,0,0,2,0
3986,1965,1,0,0,0,0,0,1,0,0,0
3986,1966,2,2,0,0,0,0,0,0,0,0
3996,1987,3,3,2,0,0,0,0,0,0,0
4005,1969,1,1,0,0,0,0,0,0,0,0
4005,1971,4,4,0,0,0,0,0,0,1,0
4005,1972,8,8,2,0,1,0,0,0,2,0
4005,1973,9,8,2,0,0,0,1,0,0,0
4005,1974,15,13,3,0,0,0,2,0,3,0
4005,1975,15,12,4,0,0,0,3,0,2,0
4005,1976,14,12,4,1,0,0,0,1,2,1
4005,1977,19,17,3,0,0,1,2,0,3,0
4005,1978,12,12,1,0,0,0,0,0,3,0
4005,1979,16,15,4,0,0,1,1,0,1,0
4025,1965,1,0,0,0,0,0,0,0,0,1
4025,1968,3,3,1,0,0,0,0,0,0,0
4025,1972,4,4,0,0,0,0,0,0,2,0
4025,1973,2,1,0,0,0,0,1,0,0,0
4028,1984,4,4,2,0,0,1,0,0,0,0
4028,1985,13,12,5,1,0,2,1,0,0,0
4028,1986,8,7,4,1,0,1,1,0,1,0
4028,1987,4,3,1,1,0,0,0,0,0,1
4031,1971,2,2,1,0,1,0,0,0,0,0
4037,1967,1,1,0,0,0,0,0,0,1,0
4052,1982,3,3,1,0,0,0,0,0,0,0
4052,1983,7,7,1,0,0,0,0,0,3,0
4062,1965,2,2,0,0,0,0,0,0,0,0
4062,1966,1,1,0,0,0,0,0,0,0,0
4085,1967,3,3,0,0,0,0,0,0,0,0
4085,1971,1,1,0,0,0,0,0,0,0,0
4085,1972,1,1,0,0,0,0,0,0,0,0
4088,1987,4,4,2,0,0,1,0,0,0,0
4129,1980,5,5,2,0,0,0,0,0,1,0
4129,1981,2,1,0,0,0,0,0,0,1,0
4167,1978,8,8,2,0,0,0,0,0,4,0
4167,1979,7,7,1,0,0,0,0,0,0,0
4174,1977,4,4,0,0,0,0,0,0,3,0
4174,1978,17,17,6,0,0,0,0,0,3,0
4174,1979,4,2,0,0,0,0,1,1,0,0
4174,1980,1,1,0,0,0,0,0,0,0,0
4189,1978,1,1,0,0,0,0,0,0,0,0
4195,1964,2,1,0,0,0,0,1,0,0,0
4195,1965,1,1,0,0,0,0,0,0,0,0
4195,1966,2,2,0,0,0,0,0,0,1,0
4195,1967,5,5,1,0,0,0,0,0,1,0
4195,1968,11,10,1,0,0,0,1,0,0,0
4195,1969,4,2,1,0,0,1,1,1,1,0
4205,1972,7,7,2,0,0,0,0,0,1,0
4205,1973,4,3,2,0,0,1,1,0,0,0
4205,1974,5,5,0,0,0,0,0,0,0,0
4205,1976,3,3,1,0,0,0,0,0,0,0
4205,1977,1,1,0,0,0,0,0,0,1,0
4210,1965,1,1,0,0,0,0,0,0,0,0
4234,1970,12,11,5,0,0,1,1,0,0,0
4234,1971,6,4,0,0,0,0,2,0,1,0
4234,1973,2,1,0,0,0,0,1,0,1,0
4234,1974,3,3,2,0,0,0,0,0,0,0
4240,1967,8,8,2,1,0,0,0,0,1,0
4240,1968,3,2,0,0,0,0,0,0,0,0
4240,1969,1,1,0,0,0,0,0,0,0,0
4247,1969,3,3,0,0,0,0,0,0,1,0
4247,1970,10,9,4,0,0,1,1,0,3,0
4247,1971,2,2,0,0,0,0,0,0,0,0
4247,1972,3,3,0,0,0,0,0,0,1,0
4247,1974,1,1,0,0,0,0,0,0,0,0
4304,1983,5,5,1,0,0,0,0,0,2,0
4316,1987,3,3,1,1,0,0,0,0,0,0
4341,1973,2,2,0,0,0,0,0,0,0,0
4341,1974,3,3,0,0,0,0,0,0,1,0
4345,1984,8,6,2,1,0,0,2,0,1,0
4345,1985,3,3,0,0,0,0,0,0,1,0
4345,1986,3,3,0,0,0,0,0,0,0,0
4349,1984,9,7,2,0,0,0,0,1,0,0
4349,1985,6,6,1,0,0,0,0,0,2,0
4349,1986,7,7,1,0,1,0,0,0,0,0
4356,1973,7,7,2,0,0,1,0,0,1,0
4356,1974,8,7,2,0,0,0,1,0,1,0
4356,1975,17,14,4,0,1,1,3,0,0,0
4356,1976,17,16,4,1,0,0,1,0,2,0
4356,1977,12,11,7,1,1,1,1,0,1,0
4356,1978,13,13,4,1,0,1,0,0,2,0
4356,1979,9,7,3,0,0,1,2,0,0,0
4356,1980,13,10,1,0,0,0,2,0,4,0
4356,1981,3,3,1,0,0,0,0,0,0,0
4356,1986,7,6,0,0,0,0,1,0,0,0
4359,1977,1,1,0,0,0,0,0,0,1,0
4359,1980,1,1,0,0,0,0,0,0,0,0
4366,1971,3,3,1,0,0,0,0,0,0,0
4366,1972,4,3,2,0,0,0,0,0,0,0
4366,1973,3,3,1,0,0,0,0,0,1,0
4366,1979,2,2,1,0,0,0,0,0,0,0
4366,1980,2,2,0,0,0,0,0,0,0,0
4370,1964,1,1,1,0,1,0,0,0,0,0
4370,1965,8,8,4,1,0,0,0,0,0,0
4370,1966,3,2,0,0,0,0,1,0,0,0
4370,1967,4,4,1,0,0,0,0,0,0,0
4374,1974,15,14,4,1,1,0,1,0,0,0
4374,1975,7,6,4,1,0,0,1,0,0,0
4374,1976,16,10,1,0,0,0,6,0,0,0
4374,1977,5,5,0,0,0,0,0,0,2,0
4374,1978,10,10,4,0,1,0,0,0,0,0
4374,1979,6,4,2,0,1,0,2,0,0,0
4374,1981,1,1,0,0,0,0,0,0,0,0
4374,1982,1,1,1,0,0,0,0,0,0,0
4374,1983,1,1,1,0,0,0,0,0,0,0
4377,1983,1,1,0,0,0,0,0,0,0,0
4380,1984,7,3,2,0,0,1,4,0,0,0
4380,1985,4,3,1,0,0,1,1,0,0,0
4382,1966,1,1,0,0,0,0,0,0,0,0
4382,1967,3,3,0,0,0,0,0,0,1,0
4382,1969,2,1,1,0,0,1,1,0,0,0
4382,1970,9,8,0,0,0,0,1,0,0,0
4382,1971,4,3,0,0,0,0,1,0,0,0
4382,1972,5,5,1,0,0,0,0,0,0,0
4382,1973,2,2,0,0,0,0,0,0,0,0
4382,1975,6,6,2,0,0,0,0,0,1,0
4382,1976,3,2,0,0,0,0,1,0,0,0
4382,1977,5,3,0,0,0,0,1,1,1,0
4382,1978,1,1,1,0,0,0,0,0,0,0
4387,1972,8,8,2,0,0,0,0,0,1,0
4387,1973,11,9,2,0,0,0,2,0,1,0
4387,1974,15,14,4,0,1,0,0,1,1,0
4387,1975,12,10,2,1,0,0,1,1,0,0
4387,1976,12,10,3,2,0,0,2,0,3,0
4387,1984,1,0,0,0,0,0,1,0,0,0
4387,1985,8,7,4,1,0,1,1,0,0,0
4387,1986,7,6,3,0,0,1,1,0,1,0
4387,1987,3,3,1,0,0,0,0,0,0,0
4389,1985,3,3,0,0,0,0,0,0,0,0
4414,1979,4,4,1,0,0,0,0,0,0,0
4414,1980,3,3,1,0,0,0,0,0,0,0
4414,1981,5,5,2,0,0,1,0,0,0,0
4414,1982,13,12,5,0,0,1,1,0,2,0
4414,1983,5,5,1,0,0,1,0,0,1,0
4428,1985,3,3,0,0,0,0,0,0,0,0
4428,1986,11,11,3,0,0,0,0,0,0,0
4428,1987,5,5,2,0,0,0,0,0,0,0
4435,1981,1,1,0,0,0,0,0,0,0,0
4435,1982,2,2,0,0,0,0,0,0,0,0
4435,1983,4,4,0,0,0,0,0,0,1,0
4436,1973,3,2,1,0,0,0,0,0,0,0
4436,1975,9,9,2,0,1,0,0,0,2,0
4453,1984,3,2,1,0,0,0,0,0,0,0
4453,1985,8,7,1,0,0,0,0,0,1,0
4477,1982,10,9,1,0,0,0,1,0,1,0
4477,1983,7,6,2,0,0,0,0,0,0,1
4501,1969,4,3,0,0,0,0,1,0,0,0
4501,1970,4,4,1,1,0,0,0,0,0,0
4501,1971,7,5,1,0,0,1,2,0,1,0
4501,1972,14,14,3,1,1,0,0,0,3,0
4501,1973,1,1,1,1,0,0,0,0,0,0
4505,1977,5,5,0,0,0,0,0,0,1,0
4505,1984,5,4,2,0,0,0,1,0,1,0
4505,1986,8,6,1,0,0,0,2,0,1,0
4515,1975,4,4,0,0,0,0,0,0,1,0
4515,1976,3,1,0,0,0,0,1,0,0,1
4515,1977,5,5,0,0,0,0,0,0,0,0
4516,1975,2,2,0,0,0,0,0,0,2,0
4527,1970,4,4,1,0,0,0,0,0,2,0
4528,1983,6,6,1,0,0,1,0,0,1,0
4528,1984,3,3,0,0,0,0,0,0,0,0
4528,1985,6,5,1,0,0,0,1,0,1,0
4533,1965,3,3,0,0,0,0,0,0,1,0
4533,1966,2,2,0,0,0,0,0,0,0,0
4533,1967,9,7,1,0,0,0,1,0,2,1
4533,1968,11,10,1,0,0,0,0,0,2,1
4533,1969,19,16,3,0,0,0,2,0,1,0
4533,1970,9,8,2,0,0,0,1,0,1,0
4533,1971,12,12,4,0,0,0,0,0,2,0
4554,1967,1,1,0,0,0,0,0,0,0,0
4558,1982,1,1,0,0,0,0,0,0,0,0
4558,1987,1,1,1,0,0,0,0,0,0,0
4580,1968,4,4,0,0,0,0,0,0,1,0
4580,1972,2,2,0,0,0,0,0,0,1,0
4623,1984,4,4,0,0,0,0,0,0,0,0
4623,1985,4,4,1,0,0,0,0,0,2,0
4630,1972,1,1,0,0,0,0,0,0,0,0
4630,1974,1,1,0,0,0,0,0,0,0,0
4638,1965,3,3,1,0,0,0,0,0,1,0
4638,1966,3,3,2,0,1,0,0,0,0,0
4638,1967,11,10,3,1,0,1,1,0,2,0
4641,1965,1,1,0,0,0,0,0,0,0,0
4641,1967,6,5,0,0,0,0,1,0,1,0
4641,1968,7,7,1,0,0,0,0,0,0,0
4641,1969,10,10,3,0,1,0,0,0,2,0
4641,1970,9,8,1,0,0,0,1,0,0,0
4641,1971,9,6,2,0,0,0,3,0,0,0
4641,1972,8,7,1,0,0,0,1,0,1,0
4641,1973,5,5,3,0,0,0,0,0,0,0
4641,1974,4,4,1,0,0,0,0,0,1,0
4641,1976,3,2,0,0,0,0,1,0,0,0
4641,1977,13,11,1,0,0,0,2,0,0,0
4641,1978,5,5,2,0,0,0,0,0,0,0
4641,1979,4,3,0,0,0,0,1,0,1,0
4646,1966,1,1,0,0,0,0,0,0,0,0
4651,1981,3,3,1,1,0,0,0,0,1,0
4673,1985,6,5,0,0,0,0,1,0,1,0
4676,1974,3,3,1,0,1,0,0,0,1,0
4676,1975,1,1,0,0,0,0,0,0,0,0
4676,1976,3,3,1,0,0,0,0,0,1,0
4676,1977,6,5,0,0,0,0,1,0,0,0
4676,1978,4,3,1,0,0,0,0,0,0,0
4692,1964,1,1,0,0,0,0,0,0,1,0
4692,1965,4,2,0,0,0,0,2,0,1,0
4692,1966,2,2,1,0,0,1,0,0,0,0
4692,1967,10,9,1,0,0,1,1,0,4,0
4692,1968,11,10,3,0,0,1,1,0,3,0
4692,1969,11,10,1,0,0,0,1,0,2,0
4692,1970,8,6,3,1,0,1,1,1,0,0
4692,1972,4,3,3,0,0,0,1,0,0,0
4711,1984,5,5,1,0,0,0,0,0,2,0
4711,1986,4,4,1,0,0,1,0,0,1,0
4711,1987,3,2,2,1,0,0,1,0,0,0
4716,1979,4,4,0,0,0,0,0,0,2,0
4716,1984,6,5,2,0,0,0,1,0,0,0
4716,1986,1,1,0,0,0,0,0,0,1,0
4726,1978,3,3,1,1,0,0,0,0,0,0
4729,1982,1,1,0,0,0,0,0,0,0,0
4741,1983,5,5,1,1,0,0,0,0,2,0
4755,1972,5,5,0,0,0,0,0,0,0,0
4759,1985,3,3,0,0,0,0,0,0,0,0
4762,1966,1,1,0,0,0,0,0,0,0,0
4762,1969,3,2,0,0,0,0,1,0,0,0
4766,1984,3,3,0,0,0,0,0,0,1,0
4766,1985,3,3,1,0,1,0,0,0,0,0
4771,1977,1,0,0,0,0,0,1,0,0,0
4772,1969,8,8,1,0,0,0,0,0,2,0
4772,1970,8,8,0,0,0,0,0,0,2,0
4772,1971,7,7,0,0,0,0,0,0,1,0
4772,1972,11,11,3,0,0,1,0,0,1,0
4772,1973,9,9,1,0,0,1,0,0,2,0
4772,1974,14,13,3,0,0,1,0,0,0,0
4772,1975,6,6,1,0,0,0,0,0,1,0
4772,1976,8,7,0,0,0,0,1,0,0,0
4772,1977,12,5,1,0,0,0,7,0,2,0
4772,1978,15,14,2,1,0,0,1,0,5,0
4772,1979,9,8,2,1,0,1,1,0,3,0
4777,1979,1,1,0,0,0,0,0,0,0,0
4777,1981,5,4,0,0,0,0,1,0,0,0
4777,1982,6,6,2,1,0,0,0,0,2,0
4777,1983,6,6,1,0,0,0,0,0,1,0
4784,1974,4,4,1,0,0,0,0,0,0,0
4794,1967,4,4,2,0,0,0,0,0,0,0
4794,1968,4,4,1,0,0,0,0,0,0,0
4794,1970,1,1,0,0,0,0,0,0,0,0
4805,1965,1,1,0,0,0,0,0,0,0,0
4805,1966,4,4,0,0,0,0,0,0,0,0
4805,1967,6,5,2,0,0,0,0,0,0,1
4805,1968,12,12,2,0,0,0,0,0,2,0
4805,1969,21,21,6,2,0,0,0,0,1,0
4805,1970,9,9,2,1,0,0,0,0,2,0
4805,1971,16,15,4,0,0,1,0,0,0,0
4805,1972,5,5,3,1,0,0,0,0,0,0
4805,1973,8,7,0,0,0,0,1,0,1,0
4805,1974,8,7,3,1,0,1,1,0,0,0
4805,1977,1,0,0,0,0,0,0,0,0,0
4815,1984,3,3,0,0,0,0,0,0,2,0
4815,1985,11,6,0,0,0,0,5,0,1,0
4815,1986,4,3,1,0,0,0,1,0,1,0
4815,1987,1,0,0,0,0,0,1,0,0,0
4817,1977,8,7,1,0,0,0,1,0,3,0
4817,1978,16,15,2,1,0,0,1,0,5,0
4817,1979,4,4,2,1,0,0,0,0,1,0
4817,1980,8,8,3,0,0,1,0,0,1,0
4817,1981,3,3,0,0,0,0,0,0,2,0
4817,1982,5,5,0,0,0,0,0,0,2,0
4817,1985,3,3,0,0,0,0,0,0,1,0
4822,1967,6,5,1,0,0,0,1,0,1,0
4822,1970,12,9,1,0,0,0,3,0,2,0
4822,1971,6,6,1,0,1,0,0,0,1,0
4822,1972,7,7,1,0,0,0,0,0,0,0
4822,1978,5,4,1,0,0,1,1,0,0,0
4822,1980,3,3,0,0,0,0,0,0,0,0
4826,1984,4,4,2,0,0,1,0,0,0,0
4826,1986,15,13,1,0,0,0,2,0,1,0
4826,1987,6,4,2,0,0,2,2,0,0,0
4829,1977,14,9,3,0,0,0,5,0,1,0
4829,1978,14,12,1,1,0,0,1,0,2,1
4829,1979,6,6,1,0,0,0,0,0,3,0
4829,1980,6,5,0,0,0,0,0,1,1,0
4829,1981,3,2,1,0,0,0,1,0,0,0
4829,1982,1,1,0,0,0,0,0,0,1,0
4829,1984,6,5,0,0,0,0,1,0,1,0
4829,1985,3,3,0,0,0,0,0,0,2,0
4860,1966,1,1,0,0,0,0,0,0,0,0
4874,1969,2,2,0,0,0,0,0,0,0,0
4894,1971,18,15,3,0,0,0,2,0,1,0
4894,1972,6,5,1,1,0,0,0,0,1,0
4894,1974,10,10,3,0,0,0,0,0,1,0
4894,1975,4,3,1,1,0,0,1,0,0,0
4906,1971,7,7,2,1,0,0,0,0,1,0
4907,1976,6,6,1,0,0,0,0,0,2,0
4907,1977,9,6,0,0,0,0,3,0,0,0
4907,1978,8,7,3,1,0,0,1,0,1,0
4907,1979,9,7,2,0,0,0,2,0,0,0
4907,1980,5,3,1,0,0,1,2,0,0,0
4907,1981,3,2,0,0,0,0,1,0,0,0
4907,1982,9,6,1,0,0,0,3,0,1,0
4907,1983,10,6,2,0,0,0,4,0,1,0
4908,1976,4,4,3,1,0,0,0,0,0,0
4908,1978,16,16,4,1,1,0,0,0,3,0
4908,1979,8,6,2,0,0,1,2,0,2,0
4908,1980,1,1,0,0,0,0,0,0,0,0
4908,1981,13,11,3,0,0,0,2,0,4,0
4908,1984,3,3,0,0,0,0,0,0,0,0
4908,1985,7,7,3,0,0,1,0,0,1,0
4908,1986,3,3,2,0,0,0,0,0,0,0
4908,1987,1,1,0,0,0,0,0,0,1,0
4938,1976,3,3,1,0,0,0,0,0,0,0
4938,1977,4,4,1,0,0,0,0,0,2,0
4944,1964,2,1,1,0,0,0,1,0,0,0
4952,1980,3,3,0,0,0,0,0,0,1,0
4952,1981,3,1,1,0,0,0,2,0,0,0
4952,1982,5,5,0,0,0,0,0,0,0,0
4952,1983,6,5,1,1,0,0,1,0,0,0
4970,1967,4,3,1,0,0,0,1,0,0,0
4970,1968,4,4,0,0,0,0,0,0,2,0
4970,1971,3,2,1,0,0,0,1,0,0,0
4981,1965,3,3,0,0,0,0,0,0,1,0
4981,1967,1,1,0,0,0,0,0,0,0,0
4981,1969,8,8,1,0,0,0,0,0,2,0
4981,1970,8,7,0,0,0,0,0,0,3,0
4981,1971,1,1,0,0,0,0,0,0,0,0
4981,1972,6,6,1,0,0,0,0,0,0,0
4981,1973,5,4,1,0,0,1,1,0,1,0
4981,1974,1,0,0,0,0,0,1,0,0,0
4995,1975,1,0,0,0,0,0,0,0,0,0
5000,1965,2,1,1,0,0,0,1,0,0,0
5000,1967,1,1,0,0,0,0,0,0,1,0
5000,1968,2,2,1,0,0,0,0,0,0,0
5001,1985,3,3,0,0,0,0,0,0,1,0
5001,1986,7,6,1,0,0,0,1,0,0,0
5001,1987,5,5,1,0,0,1,0,0,1,0
5014,1976,2,2,0,0,0,0,0,0,0,0
5014,1977,4,3,1,0,0,0,1,0,0,0
5014,1978,10,7,3,0,0,0,3,0,1,0
5014,1984,4,4,1,0,0,0,0,0,1,0
5024,1972,8,8,0,0,0,0,0,0,2,0
5024,1973,2,2,0,0,0,0,0,0,0,0
5024,1974,10,10,2,1,0,0,0,0,0,0
5043,1973,2,2,0,0,0,0,0,0,0,0
5043,1975,5,5,0,0,0,0,0,0,0,0
5044,1969,4,3,1,0,0,0,1,0,0,0
5062,1973,7,7,1,0,0,0,0,0,0,0
5062,1974,3,3,1,1,0,0,0,0,0,0
5062,1976,7,6,1,0,0,0,1,0,0,0
5062,1977,4,4,1,0,0,0,0,0,2,0
5062,1981,1,1,0,0,0,0,0,0,1,0
5062,1982,1,1,0,0,0,0,0,0,0,0
5062,1983,5,4,0,0,0,0,1,0,0,0
5066,1966,1,0,0,0,0,0,0,0,0,0
5090,1982,1,1,0,0,0,0,0,0,0,0
5115,1983,2,2,2,0,0,0,0,0,0,0
5120,1966,1,1,1,0,0,0,0,0,0,0
5120,1969,6,5,1,0,0,1,0,0,0,0
5120,1970,3,3,0,0,0,0,0,0,0,0
5134,1975,3,3,0,0,0,0,0,0,0,0
5134,1976,2,2,0,0,0,0,0,0,1,0
5134,1978,4,2,0,0,0,0,2,0,0,0
5141,1974,2,1,0,0,0,0,1,0,0,0
5166,1977,2,2,0,0,0,0,0,0,0,0
5166,1979,6,6,1,0,0,0,0,0,2,0
5174,1980,3,3,1,0,0,0,0,0,2,0
5174,1981,3,3,1,0,0,1,0,0,0,0
5174,1983,9,7,1,0,0,0,2,0,1,0
5174,1985,4,3,0,0,0,0,1,0,0,0
5190,1971,4,4,1,1,0,0,0,0,1,0
5190,1972,7,7,0,0,0,0,0,0,1,0
5190,1973,1,1,0,0,0,0,0,0,0,0
5199,1974,8,8,1,0,0,0,0,0,3,0
5199,1975,6,6,3,0,0,0,0,0,0,0
5199,1976,4,4,0,0,0,0,0,0,1,0
5199,1978,1,1,0,0,0,0,0,0,1,0
5200,1975,2,2,0,0,0,0,0,0,1,0
5200,1976,1,1,0,0,0,0,0,0,1,0
5200,1977,4,4,0,0,0,0,0,0,2,0
5200,1978,7,7,4,2,0,0,0,0,2,0
5200,1979,15,15,1,0,0,0,0,0,3,0
5200,1980,13,12,2,0,1,0,1,0,2,0
5200,1981,7,7,3,1,0,0,0,0,2,0
5200,1982,3,3,0,0,0,0,0,0,0,0
5202,1985,6,6,0,0,0,0,0,0,1,0
5202,1987,6,5,2,0,1,0,1,0,0,0
5206,1984,12,11,1,0,0,0,0,1,3,0
5216,1984,6,6,0,0,0,0,0,0,0,0
5216,1985,1,1,1,0,0,1,0,0,0,0
5216,1986,8,7,2,0,0,0,0,1,0,0
5216,1987,4,4,1,0,0,1,0,0,0,0
5265,1985,3,3,0,0,0,0,0,0,2,0
5265,1986,3,3,1,0,0,0,0,0,0,0
5271,1978,3,2,0,0,0,0,0,0,2,0
5276,1972,10,10,1,1,0,0,0,0,2,0
5276,1974,3,3,1,0,0,0,0,0,0,0
5278,1966,4,4,0,0,0,0,0,0,0,0
5278,1967,8,8,2,0,0,0,0,0,0,0
5278,1968,11,10,2,0,0,0,1,0,2,0
5278,1969,10,8,2,0,0,1,1,0,2,0
5278,1970,6,6,1,0,0,0,0,0,0,0
5278,1972,3,3,0,0,0,0,0,0,0,0
5278,1973,5,5,1,0,0,0,0,0,1,0
5290,1964,2,2,1,0,0,0,0,0,0,0
5290,1965,4,4,0,0,0,0,0,0,0,0
5290,1966,1,1,0,0,0,0,0,0,0,0
5290,1967,1,1,0,0,0,0,0,0,1,0
5290,1968,12,11,2,0,0,0,1,0,1,0
5290,1969,12,11,6,1,0,0,1,0,0,0
5290,1970,8,8,3,0,0,0,0,0,0,0
5290,1971,5,5,0,0,0,0,0,0,2,0
5290,1972,8,7,2,0,0,0,0,1,1,0
5290,1973,9,7,0,0,0,0,2,0,0,0
5290,1974,6,5,2,0,0,0,0,1,0,0
5291,1970,7,5,3,0,0,1,2,0,0,0
5316,1972,2,2,0,0,0,0,0,0,1,0
5316,1974,5,3,0,0,0,0,1,0,0,1
5316,1975,4,4,0,0,0,0,0,0,0,0
5316,1976,7,7,1,0,0,0,0,0,1,0
5316,1978,1,1,0,0,0,0,0,0,1,0
5316,1981,1,1,0,0,0,0,0,0,0,0
5335,1986,7,6,1,0,0,0,1,0,1,0
5335,1987,13,12,5,1,0,2,1,0,2,0
5347,1979,5,5,0,0,0,0,0,0,0,0
5347,1980,8,6,2,0,0,0,2,0,1,0
5347,1981,3,3,0,0,0,0,0,0,0,0
5347,1982,8,8,1,0,0,0,0,0,1,0
5347,1983,9,8,2,2,0,0,1,0,1,0
5347,1984,1,1,0,0,0,0,0,0,0,0
5347,1985,4,4,1,0,0,0,0,0,0,0
5348,1984,1,1,0,0,0,0,0,0,1,0
5348,1985,5,5,2,0,0,0,0,0,1,0
5348,1987,2,2,0,0,0,0,0,0,1,0
5363,1974,1,1,0,0,0,0,0,0,0,0
5363,1975,11,10,3,0,0,1,1,0,4,0
5363,1976,11,10,3,0,0,0,1,0,1,0
5363,1977,11,11,5,1,0,1,0,0,3,0
5363,1978,9,9,3,0,0,0,0,0,0,0
5363,1979,8,7,1,0,0,1,1,0,1,0
5363,1980,7,6,1,0,0,1,1,0,1,0
5363,1981,1,1,1,0,0,0,0,0,0,0
5375,1987,3,3,0,0,0,0,0,0,1,0
5391,1968,3,3,1,0,0,0,0,0,1,0
5394,1984,12,11,1,0,0,0,1,0,3,0
5394,1985,3,2,0,0,0,0,1,0,1,0
5394,1986,7,4,0,0,0,0,3,0,1,0
5395,1984,1,0,0,0,0,0,0,0,0,1
5401,1966,4,4,2,0,0,0,0,0,1,0
5401,1967,3,3,3,0,0,0,0,0,0,0
5405,1984,8,7,3,0,0,0,1,0,1,0
5405,1985,6,5,0,0,0,0,1,0,2,0
5421,1970,6,5,0,0,0,0,0,1,3,0
5421,1971,4,4,2,0,0,0,0,0,0,0
5422,1964,1,1,1,0,0,0,0,0,0,0
5423,1984,11,10,1,1,0,0,1,0,0,0
5432,1977,1,1,0,0,0,0,0,0,1,0
5432,1978,1,1,0,0,0,0,0,0,0,0
5448,1968,3,3,0,0,0,0,0,0,0,0
5452,1965,1,0,0,0,0,0,0,0,0,0
5452,1966,1,0,0,0,0,0,1,0,0,0
5452,1967,9,8,0,0,0,0,1,0,3,0
5452,1968,8,8,1,0,0,0,0,0,1,0
5452,1969,5,5,1,0,0,0,0,0,1,0
5452,1970,4,4,0,0,0,0,0,0,1,0
5452,1971,3,3,1,0,0,0,0,0,1,0
5473,1966,1,1,0,0,0,0,0,0,0,0
5473,1967,3,3,1,0,0,0,0,0,1,0
5473,1968,4,3,1,0,0,0,1,0,1,0
5473,1969,3,2,0,0,0,0,0,0,2,0
5473,1970,2,2,0,0,0,0,0,0,1,0
5473,1971,5,5,2,0,0,0,0,0,0,0
5473,1983,1,1,1,0,0,0,0,0,0,0
5490,1971,3,2,2,0,0,0,1,0,0,0
5490,1972,3,3,2,0,0,1,0,0,0,0
5492,1972,3,3,0,0,0,0,0,0,2,0
5504,1984,2,2,1,0,0,0,0,0,1,0
5514,1967,1,1,1,0,0,0,0,0,0,0
5514,1968,1,1,0,0,0,0,0,0,0,0
5523,1968,13,13,5,1,0,0,0,0,2,0
5523,1969,17,16,4,1,0,0,1,0,3,0
5530,1972,1,1,0,0,0,0,0,0,1,0
5531,1967,2,1,0,0,0,0,1,0,0,0
5531,1969,4,4,1,0,0,0,0,0,0,0
5534,1974,2,1,0,0,0,0,1,0,1,0
5534,1975,10,8,3,1,0,0,2,0,0,0
5534,1976,10,10,0,0,0,0,0,0,4,0
5534,1977,7,5,1,0,0,1,1,1,0,0
5534,1980,4,3,1,0,0,0,1,0,1,0
5534,1984,3,3,1,0,0,0,0,0,1,0
5534,1985,6,5,1,1,0,0,1,0,3,0
5534,1986,6,5,2,0,0,1,1,0,0,0
5543,1965,3,3,1,0,0,0,0,0,0,0
5543,1966,3,2,1,0,0,1,1,0,0,0
5543,1967,12,12,4,1,0,1,0,0,3,0
5543,1969,3,3,1,0,0,0,0,0,1,0
5543,1971,6,6,1,0,0,0,0,0,1,0
5543,1972,3,3,1,0,0,0,0,0,1,0
5543,1973,1,1,0,0,0,0,0,0,1,0
5545,1977,3,3,1,0,0,0,0,0,0,0
5545,1978,7,6,1,0,0,0,0,1,2,0
5550,1968,8,8,1,0,0,0,0,0,1,0
5550,1970,8,8,4,0,1,0,0,0,1,0
5552,1979,2,2,2,0,0,0,0,0,0,0
5555,1974,4,4,0,0,0,0,0,0,3,0
5555,1975,4,4,1,0,0,0,0,0,0,0
5555,1976,10,9,2,1,0,0,1,0,2,0
5555,1977,15,13,0,0,0,0,2,0,7,0
5555,1979,8,7,1,0,0,0,1,0,3,0
5555,1980,3,3,0,0,0,0,0,0,1,0
5555,1983,5,4,3,1,0,1,1,0,0,0
5564,1970,1,1,0,0,0,0,0,0,1,0
5574,1965,2,1,0,0,0,0,0,0,0,0
5574,1966,2,2,0,0,0,0,0,0,1,0
5574,1967,4,2,1,0,0,0,1,1,0,0
5574,1968,9,8,1,1,0,0,0,1,0,0
5600,1973,4,4,0,0,0,0,0,0,1,0
5600,1976,2,2,0,0,0,0,0,0,2,0
5600,1978,1,1,0,0,0,0,0,0,0,0
5611,1985,1,1,1,0,0,0,0,0,0,0
5620,1965,2,2,0,0,0,0,0,0,2,0
5620,1966,1,1,1,0,0,0,0,0,0,0
5620,1967,1,1,0,0,0,0,0,0,0,0
5620,1968,10,10,5,1,0,0,0,0,2,0
5620,1969,8,7,2,0,0,0,1,0,2,0
5620,1970,13,12,2,0,0,0,1,0,2,0
5620,1971,8,8,1,0,0,0,0,0,1,0
5620,1972,4,3,0,0,0,0,1,0,1,0
5620,1973,7,7,2,0,0,1,0,0,0,0
5620,1974,3,3,0,0,0,0,0,0,1,0
5621,1967,1,1,1,0,0,0,0,0,0,0
5643,1983,3,3,0,0,0,0,0,0,1,0
5648,1968,5,4,2,1,0,1,1,0,0,0
5648,1969,10,7,3,0,0,0,3,0,2,0
5648,1970,9,8,2,0,0,1,1,0,0,0
5648,1971,1,0,0,0,0,0,1,0,0,0
5653,1981,12,9,1,0,0,0,3,0,0,0
5653,1982,7,7,1,0,0,1,0,0,1,0
5653,1983,6,5,1,0,0,0,1,0,2,0
5653,1985,7,5,0,0,0,0,2,0,2,0
5653,1986,8,7,2,2,0,0,1,0,1,0
5653,1987,7,7,3,0,0,0,0,0,1,0
5657,1973,2,1,0,0,0,0,0,0,1,0
5657,1974,1,0,0,0,0,0,1,0,0,0
5657,1975,3,2,0,0,0,0,0,0,0,0
5657,1977,2,2,1,0,0,0,0,0,1,0
5657,1978,7,7,1,0,0,0,0,0,2,0
5657,1979,5,5,1,0,0,0,0,0,1,0
5678,1968,1,1,0,0,0,0,0,0,0,0
5678,1970,1,1,0,0,0,0,0,0,0,0
5678,1971,1,1,1,0,0,0,0,0,0,0
5678,1972,11,10,2,0,1,0,1,0,0,0
5678,1973,9,9,3,1,0,1,0,0,1,0
5678,1974,12,9,4,1,0,0,3,0,1,0
5678,1975,9,9,2,1,0,0,0,0,1,0
5678,1976,4,4,3,0,0,0,0,0,0,0
5678,1980,8,8,3,0,0,1,0,0,0,0
5689,1970,4,3,1,0,0,0,1,0,0,0
5689,1973,4,4,0,0,0,0,0,0,0,0
5689,1975,12,11,1,0,1,0,0,0,1,0
5689,1976,4,4,0,0,0,0,0,0,0,0
5689,1979,4,4,1,0,0,1,0,0,0,0
5695,1986,8,7,3,0,1,0,1,0,1,0
5695,1987,11,9,1,0,0,0,2,0,3,0
5715,1973,2,2,1,0,0,0,0,0,0,0
5715,1976,3,3,0,0,0,0,0,0,0,0
5717,1977,2,2,0,0,0,0,0,0,1,0
5717,1978,1,1,0,0,0,0,0,0,0,0
5729,1964,1,1,1,0,0,0,0,0,0,0
5762,1984,2,2,0,0,0,0,0,0,1,0
5762,1985,6,6,1,0,0,0,0,0,1,0
5791,1976,9,9,1,0,0,0,0,0,2,0
5791,1978,1,1,0,0,0,0,0,0,0,0
5802,1969,3,3,1,0,0,0,0,0,0,0
5802,1970,7,7,3,1,0,0,0,0,1,0
5812,1969,1,1,0,0,0,0,0,0,0,0
5812,1972,5,5,0,0,0,0,0,0,1,0
5812,1973,9,8,1,0,0,0,1,0,0,0
5812,1974,12,12,2,0,0,0,0,0,2,0
5812,1975,6,6,1,0,0,0,0,0,0,0
5812,1976,4,4,1,0,0,0,0,0,1,0
5812,1979,3,3,0,0,0,0,0,0,0,0
5821,1974,3,2,0,0,0,0,1,0,1,0
5821,1978,14,12,3,0,1,0,2,0,2,0
5821,1979,4,3,1,0,0,0,1,0,2,0
5821,1980,12,10,2,0,0,0,2,0,1,0
5821,1982,2,2,0,0,0,0,0,0,1,0
5823,1966,1,0,0,0,0,0,0,0,0,0
5825,1980,3,3,1,0,0,0,0,0,1,0
5825,1981,12,11,5,1,0,0,0,0,0,0
5825,1982,13,13,2,1,0,0,0,0,3,0
5825,1983,10,10,2,0,0,1,0,0,1,0
5825,1987,2,2,1,0,0,1,0,0,1,0
5833,1965,2,2,0,0,0,0,0,0,1,0
5843,1977,1,1,0,0,0,0,0,0,1,0
5847,1966,3,3,0,0,0,0,0,0,0,0
5847,1967,4,3,0,0,0,0,0,1,0,0
5847,1968,14,14,2,1,0,0,0,0,0,0
5847,1969,15,14,3,0,0,0,1,0,2,0
5847,1970,17,15,3,0,1,0,1,1,3,0
5847,1971,15,12,2,0,0,0,1,1,1,0
5847,1972,12,11,3,0,0,0,0,0,2,0
5847,1973,5,5,1,0,0,0,0,0,0,0
5847,1974,7,7,1,0,0,0,0,0,3,0
5847,1975,17,15,5,1,0,0,1,0,1,0
5847,1976,9,8,5,0,0,0,1,0,0,0
5847,1977,4,4,2,1,0,0,0,0,1,0
5891,1972,12,12,3,1,0,1,0,0,4,0
5891,1973,4,3,1,1,0,0,1,0,0,0
5891,1974,9,9,2,2,0,0,0,0,5,0
5891,1975,7,7,3,0,0,2,0,0,2,0
5891,1976,8,8,2,0,0,1,0,0,4,0
5891,1977,7,6,2,0,0,0,1,0,1,0
5891,1978,9,9,5,0,0,1,0,0,2,0
5891,1979,6,4,1,0,0,1,2,0,1,0
5891,1981,7,7,0,0,0,0,0,0,2,0
5891,1982,7,6,1,1,0,0,0,1,3,0
5891,1983,6,5,1,0,0,0,1,0,2,0
5891,1984,3,3,1,1,0,0,0,0,1,0
5891,1985,3,3,0,0,0,0,0,0,3,0
5891,1986,5,5,2,1,0,1,0,0,1,0
5899,1986,3,3,0,0,0,0,0,0,0,0
5899,1987,5,4,1,0,0,0,1,0,0,0
5916,1972,2,2,1,0,0,0,0,0,0,0
5916,1974,6,5,0,0,0,0,0,0,4,0
5923,1974,6,5,1,0,0,0,1,0,0,0
5923,1975,1,1,0,0,0,0,0,0,0,0
5923,1976,1,1,1,0,0,0,0,0,0,0
5923,1977,1,0,0,0,0,0,0,0,0,1
5927,1977,2,2,1,0,0,0,0,0,0,0
5930,1984,2,1,0,0,0,0,1,0,1,0
5930,1985,4,4,3,0,0,2,0,0,1,0
5930,1986,7,7,0,0,0,0,0,0,1,0
5936,1965,2,1,0,0,0,0,0,1,0,0
5946,1968,2,2,0,0,0,0,0,0,1,0
5963,1977,2,2,1,0,0,0,0,0,1,0
5963,1978,2,2,0,0,0,0,0,0,0,0
5963,1979,3,3,2,0,0,1,0,0,1,0
5963,1981,1,1,0,0,0,0,0,0,0,0
5963,1982,3,3,0,0,0,0,0,0,2,0
5964,1979,2,2,0,0,0,0,0,0,1,0
5964,1983,3,3,1,0,0,0,0,0,0,0
5967,1974,2,2,1,0,0,0,0,0,0,0
5967,1977,3,3,1,0,0,0,0,0,1,0
5967,1978,1,1,0,0,0,0,0,0,0,0
5967,1979,16,15,5,0,0,0,1,0,1,0
5967,1980,13,12,4,1,0,2,1,0,0,0
5967,1981,2,2,0,0,0,0,0,0,0,0
5967,1982,13,11,2,0,0,0,2,0,1,0
5967,1983,6,5,4,2,0,0,1,0,0,0
5967,1987,2,2,0,0,0,0,0,0,0,0
6000,1968,3,3,0,0,0,0,0,0,1,0
6013,1969,2,2,0,0,0,0,0,0,2,0
6015,1968,2,2,0,0,0,0,0,0,1,0
6015,1973,5,5,2,1,0,0,0,0,2,0
6015,1975,2,2,0,0,0,0,0,0,0,0
6015,1977,3,3,1,0,0,0,0,0,0,0
6015,1978,8,8,0,0,0,0,0,0,2,0
6024,1969,8,8,1,0,0,0,0,0,2,0
6024,1970,3,3,2,0,0,0,0,0,1,0
6024,1974,1,1,0,0,0,0,0,0,1,0
6033,1965,1,1,0,0,0,0,0,0,1,0
6044,1965,4,4,1,0,0,0,0,0,1,0
6044,1966,2,1,0,0,0,0,1,0,1,0
6044,1967,7,6,1,0,0,1,1,0,2,0
6044,1968,10,8,3,0,0,0,2,0,1,0
6044,1969,10,8,1,0,0,0,2,0,2,0
6044,1970,1,1,0,0,0,0,0,0,0,0
6044,1971,8,8,1,0,0,0,0,0,2,0
6044,1972,8,7,0,0,0,0,1,0,3,0
6044,1973,7,6,1,0,0,0,1,0,0,0
6044,1974,7,7,1,0,0,0,0,0,0,0
6044,1975,7,7,1,0,0,0,0,0,1,0
6044,1976,8,7,1,1,0,0,1,0,1,0
6044,1977,1,1,0,0,0,0,0,0,1,0
6044,1979,1,1,0,0,0,0,0,0,1,0
6058,1983,1,1,0,0,0,0,0,0,0,0
6068,1965,1,1,0,0,0,0,0,0,0,0
6074,1965,1,0,0,0,0,0,1,0,0,0
6074,1969,4,4,1,0,0,0,0,0,1,0
6077,1978,3,3,0,0,0,0,0,0,2,0
6077,1979,2,2,0,0,0,0,0,0,0,0
6077,1980,2,2,0,0,0,0,0,0,1,0
6085,1971,1,0,0,0,0,0,1,0,0,0
6085,1976,4,3,2,1,0,0,1,0,0,0
6089,1964,2,2,0,0,0,0,0,0,1,0
6089,1966,1,1,0,0,0,0,0,0,1,0
6090,1981,2,2,1,0,0,0,0,0,0,0
6093,1982,2,2,0,0,0,0,0,0,0,0
6093,1983,6,5,1,0,0,0,0,1,0,0
6112,1969,10,9,4,2,0,2,1,0,2,0
6112,1970,12,11,0,0,0,0,1,0,4,0
6112,1971,10,10,1,0,0,0,0,0,5,0
6119,1979,1,1,0,0,0,0,0,0,1,0
6120,1978,3,3,0,0,0,0,0,0,2,0
6120,1979,3,2,0,0,0,0,1,0,0,0
6121,1975,7,6,2,0,0,0,1,0,0,0
6121,1976,6,5,2,0,0,1,1,0,0,0
6123,1973,5,5,1,0,0,0,0,0,1,0
6123,1974,5,5,1,0,0,0,0,0,2,0
6123,1975,11,11,2,1,0,0,0,0,0,0
6123,1976,4,4,1,0,0,0,0,0,1,0
6123,1978,5,4,2,0,1,0,1,0,2,0
6123,1979,3,3,0,0,0,0,0,0,1,0
6123,1980,1,1,1,0,0,0,0,0,0,0
6123,1981,7,7,1,1,0,0,0,0,3,0
6123,1982,3,3,2,0,0,0,0,0,1,0
6123,1983,3,0,0,0,0,0,3,0,0,0
6123,1986,9,8,0,0,0,0,0,0,0,1
6159,1978,2,2,0,0,0,0,0,0,0,0
6159,1979,3,1,0,0,0,0,1,0,0,0
6159,1980,4,4,1,0,0,0,0,0,0,0
6160,1970,1,1,0,0,0,0,0,0,0,0
6170,1967,4,4,2,0,0,0,0,0,0,0
6171,1981,3,3,0,0,0,0,0,0,2,0
6171,1982,13,9,3,0,0,0,3,0,0,0
6171,1983,2,1,0,0,0,0,1,0,0,0
6173,1978,10,10,3,0,0,0,0,0,1,0
6173,1979,13,10,4,0,0,0,3,0,2,0
6173,1980,6,5,0,0,0,0,1,0,3,0
6173,1981,3,2,0,0,0,0,1,0,0,0
6173,1982,1,1,0,0,0,0,0,0,0,0
6186,1965,2,2,1,0,0,0,0,0,0,0
6186,1966,1,1,0,0,0,0,0,0,1,0
6186,1967,7,7,0,0,0,0,0,0,0,0
6186,1968,8,8,2,0,0,0,0,0,0,0
6186,1969,7,7,3,0,0,0,0,0,0,0
6186,1970,8,8,0,0,0,0,0,0,2,0
6191,1984,3,1,0,0,0,0,2,0,0,0
6191,1985,4,4,0,0,0,0,0,0,0,0
6191,1986,5,4,2,0,0,1,1,0,1,0
6191,1987,1,1,1,0,0,1,0,0,0,0
6195,1983,1,1,1,0,0,0,0,0,0,0
6210,1974,1,1,0,0,0,0,0,0,0,0
6232,1984,3,3,1,1,0,0,0,0,1,0
6232,1987,3,3,0,0,0,0,0,0,2,0
6239,1977,1,1,0,0,0,0,0,0,0,0
6241,1980,7,6,2,1,0,0,0,0,0,0
6241,1984,5,5,2,0,0,0,0,0,0,0
6241,1985,4,4,1,0,0,0,0,0,1,0
6241,1986,8,6,3,1,0,0,2,0,0,0
6243,1984,2,2,1,0,0,0,0,0,0,0
6244,1964,1,1,1,0,0,0,0,0,0,0
6244,1966,2,2,1,0,0,0,0,0,0,0
6244,1967,2,2,0,0,0,0,0,0,1,0
6266,1982,2,2,1,0,0,0,0,0,0,0
6266,1983,2,2,0,0,0,0,0,0,1,0
6269,1984,5,5,2,1,0,0,0,0,0,0
6269,1985,6,5,0,0,0,0,1,0,2,0
6269,1986,2,2,0,0,0,0,0,0,0,0
6288,1979,3,3,1,0,0,0,0,0,1,0
6288,1980,3,3,0,0,0,0,0,0,0,0
6305,1971,11,11,1,1,0,0,0,0,2,0
6305,1972,11,11,1,0,0,0,0,0,1,0
6305,1973,7,7,1,0,0,0,0,0,1,0
6305,1975,1,1,1,0,0,0,0,0,0,0
6306,1985,3,2,1,0,0,0,1,0,0,0
6317,1981,9,6,0,0,0,0,3,0,1,0
6317,1982,5,5,0,0,0,0,0,0,1,0
6318,1965,5,5,2,0,0,0,0,0,1,0
6318,1966,4,3,1,0,0,0,1,0,0,0
6318,1967,8,8,2,0,0,0,0,0,2,0
6318,1968,10,10,2,0,0,0,0,0,2,0
6318,1969,11,9,1,0,0,0,2,0,1,0
6318,1970,7,6,2,0,0,1,1,0,1,0
6318,1971,9,8,2,0,0,0,1,0,0,0
6318,1972,3,3,0,0,0,0,0,0,1,0
6320,1980,16,13,5,0,0,0,3,0,3,0
6328,1980,5,5,0,0,0,0,0,0,1,0
6338,1965,1,1,0,0,0,0,0,0,0,0
6341,1968,4,4,0,0,0,0,0,0,0,0
6341,1970,1,1,0,0,0,0,0,0,1,0
6343,1975,4,4,1,0,0,0,0,0,0,0
6343,1976,5,5,2,0,0,0,0,0,2,0
6343,1977,10,10,2,0,0,0,0,0,1,0
6343,1978,7,6,3,1,0,1,1,0,1,0
6343,1979,14,13,3,0,1,0,1,0,2,0
6343,1980,10,10,3,0,0,0,0,0,2,0
6343,1981,10,10,3,0,0,0,0,0,1,0
6343,1982,8,8,0,0,0,0,0,0,2,0
6343,1983,15,15,4,0,0,0,0,0,3,0
6345,1984,4,2,0,0,0,0,2,0,0,0
6345,1985,8,8,2,1,0,0,0,0,1,0
6345,1986,5,5,1,0,0,0,0,0,2,0
6349,1978,1,1,0,0,0,0,0,0,0,0
6359,1978,8,8,3,0,0,0,0,0,0,0
6359,1979,8,5,2,1,0,0,3,0,2,0
6359,1980,11,9,1,0,0,0,2,0,2,0
6359,1981,7,7,2,0,0,0,0,0,0,0
6359,1982,6,6,2,0,0,0,0,0,0,0
6359,1983,3,3,0,0,0,0,0,0,1,0
6368,1977,4,4,0,0,0,0,0,0,1,0
6368,1978,1,1,0,0,0,0,0,0,0,0
6372,1971,3,3,1,0,0,0,0,0,1,0
6392,1965,6,6,1,0,0,0,0,0,2,0
6392,1966,1,0,0,0,0,0,1,0,0,0
6392,1967,2,2,0,0,0,0,0,0,1,0
6405,1982,9,7,5,1,0,1,2,0,0,0
6405,1983,7,6,1,0,0,0,1,0,1,0
6421,1965,1,1,0,0,0,0,0,0,0,0
6421,1967,5,5,1,0,0,0,0,0,1,0
6454,1973,3,3,1,0,0,0,0,0,0,0
6454,1974,7,6,1,0,0,0,1,0,0,0
6454,1975,4,4,0,0,0,0,0,0,0,0
6465,1971,4,4,0,0,0,0,0,0,2,0
6469,1983,2,2,1,0,0,0,0,0,0,0
6469,1985,4,4,1,0,0,0,0,0,0,0
6471,1979,5,5,0,0,0,0,0,0,1,0
6500,1967,6,5,1,0,0,0,1,0,0,0
6500,1968,2,1,0,0,0,0,1,0,0,0
6501,1973,8,8,1,0,0,0,0,0,2,0
6501,1974,6,5,0,0,0,0,1,0,1,0
6501,1975,4,3,1,0,0,0,1,0,0,0
6501,1976,2,2,0,0,0,0,0,0,1,0
6529,1982,6,6,1,0,0,1,0,0,0,0
6534,1986,3,3,0,0,0,0,0,0,0,0
6534,1987,3,3,0,0,0,0,0,0,0,0
6537,1974,2,2,0,0,0,0,0,0,1,0
6537,1977,2,2,0,0,0,0,0,0,2,0
6556,1978,2,2,0,0,0,0,0,0,2,0
6564,1972,3,1,1,1,0,0,2,0,0,0
6564,1973,15,14,2,0,0,0,1,0,1,0
6564,1974,12,12,3,1,1,0,0,0,2,0
6564,1975,12,10,2,1,0,0,1,0,1,1
6564,1976,7,7,1,0,0,0,0,0,0,0
6564,1977,24,17,7,1,0,1,7,0,3,0
6564,1978,23,20,8,1,0,1,3,0,1,0
6564,1979,24,20,7,0,0,1,2,2,3,0
6564,1980,14,12,0,0,0,0,2,0,3,0
6564,1981,2,2,0,0,0,0,0,0,0,0
6564,1984,3,3,0,0,0,0,0,0,0,0
6622,1986,5,5,1,0,0,0,0,0,0,0
6657,1976,1,1,1,1,0,0,0,0,0,0
6657,1977,5,4,0,0,0,0,1,0,2,0
6657,1978,9,7,0,0,0,0,2,0,1,0
6665,1966,3,3,1,0,0,0,0,0,0,0
6665,1967,3,2,1,0,0,0,1,0,0,0
6673,1972,5,5,2,1,0,0,0,0,1,0
6673,1973,3,3,1,0,0,0,0,0,0,0
6673,1974,3,3,0,0,0,0,0,0,0,0
6673,1975,11,10,4,0,0,0,1,0,4,0
6673,1976,7,6,0,0,0,0,1,0,1,0
6673,1977,16,14,4,0,0,0,2,0,4,0
6673,1978,16,14,1,0,0,0,1,1,3,0
6673,1979,13,12,5,0,0,2,1,0,2,0
6679,1983,5,3,1,0,0,0,0,0,1,0
6680,1965,2,2,0,0,0,0,0,0,1,0
6681,1984,12,11,4,0,0,0,1,0,1,0
6681,1985,4,4,3,0,0,0,0,0,0,0
6681,1986,8,8,1,0,0,0,0,0,2,0
6681,1987,2,2,0,0,0,0,0,0,0,0
6687,1985,3,2,1,0,0,0,1,0,1,0
6687,1986,8,7,0,0,0,0,0,1,1,0
6687,1987,2,1,1,0,0,0,1,0,0,0
6690,1975,1,1,0,0,0,0,0,0,0,0
6690,1976,5,4,1,0,0,0,1,0,0,0
6719,1965,1,1,1,0,0,0,0,0,0,0
6720,1975,7,6,2,1,0,0,1,0,1,0
6720,1976,3,3,1,1,0,0,0,0,0,0
6720,1977,1,1,0,0,0,0,0,0,0,0
6733,1978,6,5,0,0,0,0,1,0,2,0
6733,1980,4,2,1,0,0,0,2,0,0,0
6734,1972,9,9,3,0,0,0,0,0,1,0
6734,1973,8,8,4,1,0,0,0,0,2,0
6734,1974,11,10,4,0,0,0,1,0,3,0
6734,1975,12,12,2,0,0,1,0,0,4,0
6734,1976,11,10,3,2,0,0,1,0,1,0
6734,1977,8,8,3,0,0,0,0,0,2,0
6734,1978,16,16,4,1,0,0,0,0,3,0
6734,1979,14,14,3,1,0,0,0,0,5,0
6734,1980,7,7,2,0,0,0,0,0,0,0
6734,1981,2,2,1,0,0,0,0,0,0,0
6734,1982,10,10,3,1,0,1,0,0,2,0
6734,1983,3,3,2,0,0,0,0,0,0,0
6743,1974,3,2,0,0,0,0,0,1,2,0
6743,1975,12,12,3,1,1,0,0,0,3,0
6743,1976,11,10,2,0,0,1,1,0,2,0
6743,1977,11,10,2,0,0,0,1,0,2,0
6743,1978,9,8,4,2,0,0,1,0,1,0
6743,1979,11,9,5,1,0,0,2,0,0,0
6743,1980,10,9,1,0,0,0,1,0,2,0
6743,1981,3,3,0,0,0,0,0,0,1,0
6743,1982,11,11,2,0,0,0,0,0,2,0
6743,1983,5,3,1,0,0,1,2,0,1,0
6766,1964,2,0,0,0,0,0,0,0,0,0
6806,1965,3,2,0,0,0,0,1,0,1,0
6806,1966,2,2,1,0,0,0,0,0,0,0
6816,1973,2,2,1,0,0,1,0,0,0,0
6816,1975,12,10,2,0,0,0,1,1,1,0
6816,1976,8,7,3,1,1,0,1,0,0,0
6825,1984,7,5,2,0,1,0,2,0,1,0
6825,1985,3,2,0,0,0,0,1,0,2,0
6825,1986,2,2,0,0,0,0,0,0,0,0
6829,1987,2,2,0,0,0,0,0,0,1,0
6831,1966,1,1,0,0,0,0,0,0,0,0
6856,1965,1,1,0,0,0,0,0,0,0,0
6856,1967,1,1,0,0,0,0,0,0,0,0
6856,1968,3,3,1,0,0,0,0,0,1,0
6859,1967,4,4,2,1,0,0,0,0,0,0
6859,1968,6,6,2,0,0,1,0,0,0,0
6885,1968,5,5,4,1,1,0,0,0,0,0
6885,1970,4,4,1,0,0,0,0,0,0,0
6885,1971,5,5,1,0,0,0,0,0,0,0
6885,1972,3,3,1,0,0,0,0,0,0,0
6885,1973,1,1,1,0,0,0,0,0,0,0
6892,1983,5,4,2,1,0,0,1,0,0,0
6893,1971,1,1,0,0,0,0,0,0,0,0
6906,1986,2,2,2,0,0,0,0,0,0,0
6909,1983,2,2,0,0,0,0,0,0,1,0
6933,1976,4,4,1,0,0,0,0,0,1,0
6933,1977,3,3,1,0,0,0,0,0,1,0
6933,1978,6,5,3,0,0,1,1,0,1,0
6933,1979,14,13,4,1,0,1,1,0,3,0
6933,1980,7,7,2,0,0,1,0,0,2,0
6933,1981,9,8,3,0,0,0,1,0,0,0
6946,1969,7,7,3,1,0,0,0,0,0,0
6947,1968,14,12,3,1,1,0,1,0,1,1
6947,1969,7,6,1,0,0,0,1,0,0,0
6947,1970,8,6,1,1,0,0,2,0,1,0
6959,1969,4,3,2,0,0,0,0,0,0,0
6959,1970,1,1,0,0,0,0,0,0,1,0
6959,1971,1,1,0,0,0,0,0,0,0,0
6969,1982,1,1,0,0,0,0,0,0,1,0
6969,1983,1,1,0,0,0,0,0,0,0,0
6975,1981,2,2,1,0,0,0,0,0,0,0
6979,1981,3,3,1,0,0,0,0,0,1,0
6984,1972,3,3,1,0,0,0,0,0,0,0
6984,1973,2,2,0,0,0,0,0,0,0,0
6984,1974,3,3,0,0,0,0,0,0,0,0
6984,1977,7,7,4,0,0,1,0,0,1,0
6984,1979,3,3,1,0,0,0,0,0,0,0
6994,1969,4,4,0,0,0,0,0,0,1,0
6994,1970,2,2,1,0,0,0,0,0,0,0
6994,1971,8,8,0,0,0,0,0,0,1,0
7017,1967,12,11,2,0,0,0,1,0,1,0
7031,1972,4,4,1,0,0,0,0,0,2,0
7046,1986,14,12,3,1,0,0,2,0,1,0
7046,1987,8,7,2,1,0,0,1,0,0,0
7047,1972,4,3,0,0,0,0,1,0,0,0
7047,1973,8,5,2,0,0,0,3,0,0,0
7047,1974,14,13,3,1,0,0,1,0,2,0
7047,1975,4,3,1,0,0,0,1,0,0,0
7047,1976,9,9,5,1,0,1,0,0,1,0
7047,1981,3,3,1,0,0,0,0,0,0,0
7047,1982,11,10,3,0,0,0,1,0,1,0
7047,1983,7,6,2,0,0,0,1,0,1,0
7068,1965,2,1,0,0,0,0,0,0,1,0
7068,1966,2,2,1,0,0,0,0,0,0,0
7068,1967,6,6,1,0,0,0,0,0,2,0
7068,1968,6,6,2,0,0,0,0,0,1,0
7068,1969,5,5,0,0,0,0,0,0,0,0
7068,1970,3,3,1,0,0,0,0,0,0,0
7068,1972,6,6,1,0,0,0,0,0,0,0
7068,1973,5,4,0,0,0,0,0,0,1,0
7080,1967,9,8,1,0,0,0,1,0,1,0
7080,1968,4,3,0,0,0,0,1,0,0,0
7080,1969,1,1,0,0,0,0,0,0,0,0
7082,1966,1,1,1,0,0,0,0,0,0,0
7082,1967,12,12,3,0,0,0,0,0,2,0
7082,1968,9,7,2,0,0,1,0,2,1,0
7082,1969,21,21,3,1,0,0,0,0,3,0
7082,1970,9,9,1,0,0,0,0,0,1,0
7082,1971,9,9,1,0,0,0,0,0,3,0
7082,1972,7,5,1,0,0,1,2,0,1,0
7082,1973,9,9,3,0,0,1,0,0,2,0
7082,1974,9,9,2,0,0,0,0,0,4,0
7083,1971,1,1,0,0,0,0,0,0,0,0
7083,1972,1,1,0,0,0,0,0,0,1,0
7083,1973,3,2,0,0,0,0,1,0,0,0
7083,1974,11,11,5,1,0,1,0,0,0,0
7083,1975,12,10,0,0,0,0,1,0,1,0
7083,1980,4,4,0,0,0,0,0,0,0,0
7083,1981,12,12,2,0,0,0,0,0,2,0
7083,1983,3,3,0,0,0,0,0,0,0,0
7090,1971,5,5,0,0,0,0,0,0,1,0
7091,1965,2,2,0,0,0,0,0,0,1,0
7091,1966,3,3,0,0,0,0,0,0,0,0
7100,1964,1,1,0,0,0,0,0,0,0,0
7100,1965,4,4,2,0,0,0,0,0,0,0
7100,1966,2,2,1,1,0,0,0,0,0,0
7100,1967,8,8,3,0,0,1,0,0,1,0
7100,1968,12,10,1,0,0,0,1,0,0,1
7100,1969,13,11,4,0,0,1,2,0,1,0
7100,1970,5,5,1,0,0,0,0,0,2,0
7100,1971,4,3,0,0,0,0,1,0,1,0
7100,1972,5,4,0,0,0,0,1,0,1,0
7100,1973,7,6,3,1,0,0,0,1,1,0
7104,1964,1,1,0,0,0,0,0,0,0,0
7104,1965,2,2,0,0,0,0,0,0,0,0
7104,1966,3,3,1,0,0,1,0,0,1,0
7104,1967,14,13,4,2,0,1,1,0,3,0
7104,1968,10,8,3,1,0,0,2,0,0,0
7104,1970,7,7,0,0,0,0,0,0,5,0
7104,1971,4,4,0,0,0,0,0,0,0,0
7109,1977,15,14,6,1,0,0,1,0,3,0
7109,1978,11,10,1,0,0,0,1,0,1,0
7109,1979,13,11,7,0,0,0,2,0,1,0
7109,1980,8,7,1,0,0,0,1,0,2,0
7109,1981,6,3,1,0,0,0,2,0,0,1
7109,1983,2,2,0,0,0,0,0,0,0,0
7112,1972,6,6,1,0,0,0,0,0,2,0
7112,1974,2,2,0,0,0,0,0,0,1,0
7114,1970,2,2,0,0,0,0,0,0,1,0
7119,1968,1,1,0,0,0,0,0,0,0,0
7121,1973,1,1,0,0,0,0,0,0,0,0
7121,1974,7,6,1,0,0,0,0,1,0,0
7121,1975,7,6,3,0,0,0,1,0,0,0
7121,1976,4,3,2,0,0,1,0,1,1,0
7121,1977,10,10,3,0,0,0,0,0,2,0
7121,1978,12,12,4,0,0,0,0,0,0,0
7121,1979,17,16,5,0,0,0,1,0,0,0
7121,1980,7,7,2,1,0,0,0,0,1,0
7121,1981,3,3,0,0,0,0,0,0,0,0
7144,1964,1,1,0,0,0,0,0,0,0,0
7144,1965,3,3,1,0,0,0,0,0,0,0
7144,1966,2,2,0,0,0,0,0,0,0,0
7144,1967,8,7,3,1,0,1,1,0,0,0
7144,1968,8,8,4,0,0,0,0,0,1,0
7144,1969,8,8,2,0,0,0,0,0,0,0
7144,1971,7,7,4,0,0,1,0,0,0,0
7144,1972,4,4,2,0,0,1,0,0,0,0
7144,1973,8,8,2,0,0,0,0,0,1,0
7144,1974,4,3,0,0,0,0,1,0,1,0
7144,1975,4,4,1,0,0,0,0,0,0,0
7144,1976,2,2,1,0,1,0,0,0,0,0
7144,1977,5,2,0,0,0,0,3,0,0,0
7144,1978,9,9,2,1,0,0,0,0,2,0
7144,1979,1,1,0,0,0,0,0,0,0,0
7164,1964,1,1,1,0,0,1,0,0,0,0
7164,1965,3,2,0,0,0,0,1,0,1,0
7164,1966,2,2,0,0,0,0,0,0,0,0
7164,1967,10,9,1,0,0,0,1,0,3,0
7164,1968,8,8,3,1,0,0,0,0,1,0
7164,1969,7,7,2,1,0,1,0,0,0,0
7164,1970,12,11,3,1,0,0,1,0,2,0
7164,1971,2,2,2,0,0,1,0,0,0,0
7164,1972,5,5,1,0,0,0,0,0,2,0
7164,1973,4,1,0,0,0,0,3,0,0,0
7164,1974,12,6,3,0,0,2,6,0,1,0
7164,1975,8,7,3,1,0,1,1,0,2,0
7164,1977,11,10,3,0,0,1,1,0,2,0
7164,1978,8,7,0,0,0,0,1,0,2,0
7164,1979,17,14,2,0,0,1,2,1,5,0
7164,1980,4,4,1,0,0,0,0,0,1,0
7198,1985,6,6,3,0,0,1,0,0,0,0
7198,1986,7,6,0,0,0,0,1,0,0,0
7198,1987,13,13,7,2,1,0,0,0,2,0
7200,1972,5,4,2,1,0,0,0,0,0,0
7205,1968,6,6,1,0,0,0,0,0,2,0
7208,1982,1,1,0,0,0,0,0,0,1,0
7213,1982,3,3,0,0,0,0,0,0,0,0
7213,1983,8,7,1,0,0,0,1,0,1,0
7217,1970,3,3,1,1,0,0,0,0,1,0
7217,1972,2,2,1,0,0,0,0,0,0,0
7219,1975,2,2,1,0,0,0,0,0,0,0
7224,1987,5,4,1,0,0,0,1,0,0,0
7237,1987,1,1,1,0,1,0,0,0,0,0
7240,1974,2,1,0,0,0,0,0,0,0,0
7264,1987,8,6,1,0,0,0,1,0,1,0
7270,1970,1,1,0,0,0,0,0,0,1,0
7277,1964,1,1,0,0,0,0,0,0,0,0
7277,1965,2,2,0,0,0,0,0,0,0,0
7277,1966,1,1,0,0,0,0,0,0,0,0
7280,1974,1,1,0,0,0,0,0,0,0,0
7280,1975,1,1,0,0,0,0,0,0,0,0
7294,1971,7,6,1,0,0,0,1,0,1,0
7294,1972,2,2,0,0,0,0,0,0,0,0
7294,1984,8,8,4,0,0,0,0,0,1,0
7294,1987,3,3,0,0,0,0,0,0,0,0
7296,1983,2,1,1,0,0,1,1,0,0,0
7298,1986,7,5,2,0,0,0,1,0,0,0
7316,1976,3,2,0,0,0,0,0,0,1,0
7344,1980,1,1,1,0,0,0,0,0,0,0
7348,1971,1,1,1,0,0,0,0,0,0,0
7348,1972,3,3,1,0,0,0,0,0,0,0
7348,1973,6,5,2,0,0,0,1,0,1,0
7348,1974,1,1,0,0,0,0,0,0,0,0
7359,1985,4,4,2,0,0,0,0,0,0,0
7369,1974,2,2,2,0,0,0,0,0,0,0
7369,1976,3,3,1,0,0,0,0,0,0,0
7381,1968,10,9,3,0,0,0,1,0,3,0
7381,1969,11,11,2,0,0,0,0,0,2,0
7381,1970,10,9,3,0,0,0,0,1,1,0
7381,1971,8,7,1,1,0,0,1,0,1,0
7381,1972,15,14,2,0,0,0,0,1,3,0
7381,1973,2,2,0,0,0,0,0,0,1,0
7381,1974,3,1,0,0,0,0,1,0,1,1
7382,1978,1,1,0,0,0,0,0,0,0,0
7393,1984,6,5,1,0,0,0,1,0,1,0
7403,1969,2,2,0,0,0,0,0,0,1,0
7403,1971,3,3,1,0,1,0,0,0,0,0
7412,1973,4,4,0,0,0,0,0,0,1,0
7412,1974,7,6,1,0,0,0,0,0,3,0
7419,1971,7,7,0,0,0,0,0,0,2,0
7419,1972,7,7,2,0,0,0,0,0,0,0
7419,1973,10,9,4,0,1,0,1,0,0,0
7419,1974,13,11,2,0,0,0,0,0,2,0
7419,1975,11,11,2,1,0,0,0,0,1,0
7419,1976,16,15,4,1,0,0,1,0,3,0
7419,1977,9,7,3,1,1,0,2,0,0,0
7419,1978,11,10,1,1,0,0,1,0,0,0
7419,1979,1,1,0,0,0,0,0,0,0,0
7419,1980,1,1,0,0,0,0,0,0,0,0
7438,1967,1,1,1,0,0,0,0,0,0,0
7451,1974,3,2,0,0,0,0,1,0,0,0
7451,1975,1,1,0,0,0,0,0,0,0,0
7451,1976,1,1,1,0,0,0,0,0,0,0
7451,1983,1,1,1,0,0,0,0,0,0,0
7451,1984,9,9,2,0,1,0,0,0,0,0
7466,1982,1,1,0,0,0,0,0,0,0,0
7469,1974,1,1,0,0,0,0,0,0,0,0
7469,1975,8,8,2,0,0,0,0,0,0,0
7478,1973,10,9,2,0,0,0,1,0,1,0
7478,1974,7,7,0,0,0,0,0,0,0,0
7478,1975,8,7,3,0,0,0,0,0,0,0
7478,1976,11,10,4,0,0,0,1,0,2,0
7478,1977,7,6,3,0,0,0,0,0,2,1
7500,1966,1,1,1,0,0,0,0,0,0,0
7500,1967,5,4,0,0,0,0,0,0,2,0
7500,1968,10,9,2,0,0,0,0,0,1,1
7500,1969,8,7,2,0,0,0,1,0,1,0
7500,1970,7,6,2,0,0,0,1,0,0,0
7504,1984,4,4,1,0,0,0,0,0,0,0
7518,1982,4,3,0,0,0,0,1,0,0,0
7518,1983,14,11,1,0,0,1,3,0,0,0
7518,1987,3,3,1,0,0,0,0,0,0,0
7520,1972,16,12,5,0,0,2,4,0,5,0
7520,1973,7,7,1,0,0,0,0,0,2,0
7520,1974,4,4,1,1,0,0,0,0,1,0
7520,1975,1,1,0,0,0,0,0,0,0,0
7520,1976,4,4,0,0,0,0,0,0,1,0
7520,1977,17,14,2,0,0,2,2,0,5,1
7520,1978,6,4,2,1,0,0,2,0,1,0
7520,1979,6,6,0,0,0,0,0,0,2,0
7520,1980,10,8,2,0,0,1,2,0,2,0
7520,1981,7,5,0,0,0,0,2,0,0,0
7560,1987,3,2,1,1,0,0,1,0,0,0
7566,1974,6,6,1,0,0,0,0,0,2,0
7566,1975,4,4,0,0,0,0,0,0,2,0
7566,1976,4,4,1,0,0,1,0,0,0,0
7566,1977,9,9,4,0,0,0,0,0,3,0
7841,1982,1,1,0,0,0,0,0,0,0,0
7846,1985,6,4,2,1,0,0,2,0,0,0
7846,1986,3,3,2,0,0,1,0,0,0,0
7858,1972,12,12,1,0,0,0,0,0,3,0
7858,1973,9,8,3,1,1,0,1,0,2,0
7858,1974,4,4,1,0,0,0,0,0,0,0
7858,1975,12,9,4,0,0,1,2,1,0,0
7858,1976,8,7,1,1,0,0,1,0,1,0
7858,1977,22,16,4,0,0,1,6,0,3,0
7858,1978,19,16,3,0,0,0,2,0,5,0
7858,1979,3,1,0,0,0,0,2,0,0,0
7858,1980,4,3,1,0,0,1,1,0,1,0
7858,1981,1,1,0,0,0,0,0,0,1,0
7861,1969,3,2,1,0,0,0,1,0,1,0
7861,1971,7,7,2,1,0,0,0,0,0,0
7861,1972,5,5,1,1,0,0,0,0,2,0
7878,1976,3,3,0,0,0,0,0,0,2,0
7878,1983,1,0,0,0,0,0,0,0,0,0
7897,1971,7,6,0,0,0,0,1,0,1,0
7897,1972,5,3,1,1,0,0,2,0,0,0
7897,1973,3,3,1,0,0,0,0,0,1,0
7897,1974,13,12,2,0,0,0,1,0,4,0
7897,1975,10,9,4,1,0,0,1,0,0,0
7897,1976,7,7,1,0,0,0,0,0,0,0
7897,1978,14,12,3,2,0,0,1,1,2,0
7897,1979,6,4,1,0,0,0,2,0,1,0
7897,1980,7,6,1,0,0,0,1,0,2,0
7897,1981,1,0,0,0,0,0,1,0,0,0
7897,1982,1,1,0,0,0,0,0,0,0,0
7900,1967,4,4,0,0,0,0,0,0,1,0
7911,1973,3,3,0,0,0,0,0,0,0,0
7914,1984,4,4,2,0,0,0,0,0,1,0
7914,1985,1,1,0,0,0,0,0,0,0,0
7916,1979,1,1,0,0,0,0,0,0,0,0
7933,1971,2,2,0,0,0,0,0,0,0,0
7943,1975,1,1,1,1,0,0,0,0,0,0
7943,1976,3,3,1,1,0,0,0,0,1,0
7943,1977,1,1,0,0,0,0,0,0,1,0
7946,1970,6,5,0,0,0,0,1,0,0,0
7946,1972,3,3,1,0,0,0,0,0,0,0
7946,1973,3,3,3,1,0,0,0,0,0,0
7946,1974,6,6,2,0,0,0,0,0,0,0
7946,1975,15,15,5,1,0,0,0,0,0,0
7946,1976,8,8,0,0,0,0,0,0,1,0
7946,1977,7,7,3,0,0,0,0,0,0,0
7946,1978,4,4,1,0,0,0,0,0,0,0
7946,1981,3,3,1,0,0,0,0,0,0,0
7946,1982,1,1,0,0,0,0,0,0,0,0
7952,1973,9,9,2,0,0,0,0,0,1,0
7952,1974,3,3,2,0,0,0,0,0,0,0
7967,1981,3,3,0,0,0,0,0,0,0,0
7967,1982,7,6,1,0,0,0,1,0,1,0
7967,1983,8,6,2,1,0,0,1,0,1,1
7969,1977,15,13,2,1,1,0,2,0,2,0
7969,1978,7,7,1,0,0,0,0,0,2,0
7969,1979,16,16,5,2,0,0,0,0,3,0
7969,1980,13,13,3,0,0,0,0,0,1,0
7969,1981,7,7,1,0,0,0,0,0,1,0
7969,1982,12,10,1,1,0,0,2,0,3,0
7969,1983,7,7,4,0,1,0,0,0,1,0
7977,1965,2,2,1,0,0,0,0,0,0,0
7977,1966,3,1,0,0,0,0,2,0,0,0
7977,1967,8,7,1,0,0,0,1,0,0,0
7977,1969,9,9,1,0,0,0,0,0,2,0
7977,1970,11,9,1,0,0,0,2,0,2,0
7977,1971,9,9,3,0,0,0,0,0,0,0
7977,1972,14,14,5,0,0,0,0,0,3,0
7977,1973,18,14,0,0,0,0,3,0,2,0
7977,1974,15,12,5,1,0,1,2,0,1,1
7977,1975,19,15,5,1,0,1,4,0,3,0
7977,1976,12,9,4,0,0,0,3,0,1,0
7977,1977,17,13,5,2,0,1,4,0,1,0
7977,1978,2,2,1,0,0,0,0,0,0,0
7977,1979,15,14,3,1,0,0,1,0,3,0
7977,1980,16,14,5,0,0,1,2,0,1,0
7977,1981,9,8,3,0,0,0,1,0,1,0
7977,1982,11,9,2,0,0,0,2,0,1,0
7977,1983,7,6,2,1,0,0,1,0,0,0
7977,1984,3,3,0,0,0,0,0,0,1,0
8005,1978,4,4,0,0,0,0,0,0,0,0
8005,1982,1,1,0,0,0,0,0,0,0,0
8017,1970,5,5,3,0,0,0,0,0,0,0
8017,1971,4,3,0,0,0,0,1,0,2,0
8024,1986,3,2,0,0,0,0,1,0,0,0
8024,1987,3,3,0,0,0,0,0,0,0,0
8026,1984,10,9,2,0,1,0,1,0,2,0
8026,1985,8,6,0,0,0,0,2,0,1,0
8026,1986,7,7,2,1,0,0,0,0,2,0
8026,1987,6,6,1,0,0,0,0,0,2,0
8029,1983,3,3,0,0,0,0,0,0,0,0
8038,1964,1,1,1,0,0,0,0,0,0,0
8038,1965,2,2,0,0,0,0,0,0,1,0
8038,1966,1,1,0,0,0,0,0,0,0,0
8038,1967,1,1,1,0,0,0,0,0,0,0
8038,1968,8,8,2,0,0,0,0,0,1,0
8038,1969,16,14,6,0,0,0,0,0,2,0
8038,1970,5,5,1,0,0,0,0,0,0,0
8038,1971,7,7,1,0,0,0,0,0,0,0
8038,1972,2,2,0,0,0,0,0,0,0,0
8038,1973,9,8,0,0,0,0,1,0,0,0
8038,1974,1,1,0,0,0,0,0,0,1,0
8038,1975,1,1,1,0,0,0,0,0,0,0
8038,1976,1,0,0,0,0,0,1,0,0,0
8039,1984,7,7,4,1,0,0,0,0,2,0
8039,1985,3,3,1,0,0,0,0,0,0,0
8039,1986,4,4,0,0,0,0,0,0,1,0
8067,1984,10,8,3,0,0,0,2,0,1,0
8067,1985,8,7,2,0,0,0,1,0,0,0
8067,1986,7,6,2,0,0,0,1,0,0,0
8067,1987,6,5,3,1,0,0,1,0,0,0
8071,1976,8,8,2,2,0,0,0,0,2,0
8071,1977,6,4,1,0,1,0,2,0,0,0
8071,1978,4,3,0,0,0,0,0,1,1,0
8071,1979,1,1,1,0,0,0,0,0,0,0
8071,1980,9,9,3,1,0,0,0,0,3,0
8096,1975,11,10,2,0,0,0,1,0,0,0
8096,1976,12,10,2,0,0,0,2,0,1,0
8096,1977,11,11,2,0,0,0,0,0,1,0
8096,1978,13,12,2,0,0,0,1,0,2,0
8096,1979,6,5,2,0,0,0,1,0,0,0
8103,1985,6,3,1,0,0,0,3,0,0,0
8103,1986,7,7,4,0,0,0,0,0,1,0
8103,1987,1,0,0,0,0,0,1,0,0,0
8121,1984,6,4,2,0,0,0,2,0,0,0
8121,1985,4,3,2,1,0,0,1,0,0,0
8121,1986,8,6,2,0,0,1,2,0,1,0
8121,1987,2,2,0,0,0,0,0,0,1,0
8124,1969,7,7,2,0,0,0,0,0,1,0
8124,1970,2,2,1,0,0,1,0,0,0,0
8124,1971,1,1,0,0,0,0,0,0,0,0
8168,1965,1,1,0,0,0,0,0,0,0,0
8173,1984,6,6,2,0,0,0,0,0,0,0
8173,1985,2,1,0,0,0,0,1,0,0,0
8230,1986,3,3,1,1,0,0,0,0,1,0
8232,1973,1,1,0,0,0,0,0,0,0,0
8257,1987,4,4,0,0,0,0,0,0,0,0
8273,1966,1,1,0,0,0,0,0,0,0,0
8281,1979,3,3,1,1,0,0,0,0,0,0
8281,1981,3,3,1,1,0,0,0,0,0,0
8281,1983,2,2,0,0,0,0,0,0,0,0
8285,1967,1,1,0,0,0,0,0,0,0,0
8285,1968,1,1,0,0,0,0,0,0,1,0
8285,1969,4,4,0,0,0,0,0,0,0,0
8285,1976,3,3,1,0,0,1,0,0,0,0
8285,1978,4,4,0,0,0,0,0,0,2,0
8285,1979,1,1,0,0,0,0,0,0,0,0
8285,1980,2,1,1,1,0,0,0,0,0,0
8285,1982,3,3,0,0,0,0,0,0,1,0
8292,1980,1,1,1,0,0,0,0,0,0,0
8318,1984,4,4,1,0,0,0,0,0,0,0
8318,1985,8,8,4,1,0,0,0,0,1,0
8329,1987,4,4,3,1,0,0,0,0,0,0
8332,1967,2,2,0,0,0,0,0,0,2,0
8332,1968,2,2,0,0,0,0,0,0,1,0
8332,1969,3,2,0,0,0,0,0,0,2,0
8332,1970,5,4,1,0,0,0,1,0,1,0
8332,1971,2,2,0,0,0,0,0,0,1,0
8332,1975,2,1,1,0,0,0,0,0,0,0
8332,1977,2,2,0,0,0,0,0,0,0,0
8333,1980,1,1,0,0,0,0,0,0,0,0
8333,1981,2,2,1,0,0,0,0,0,0,0
8336,1981,1,1,0,0,0,0,0,0,0,0
8350,1979,4,4,0,0,0,0,0,0,1,0
8351,1972,3,3,0,0,0,0,0,0,0,0
8351,1973,2,2,0,0,0,0,0,0,0,0
8351,1974,3,3,0,0,0,0,0,0,2,0
8351,1978,3,1,0,0,0,0,1,0,0,0
8351,1979,3,2,1,0,0,0,0,0,0,0
8360,1972,1,1,0,0,0,0,0,0,0,0
8360,1978,4,2,0,0,0,0,1,1,1,0
8360,1979,12,11,0,0,0,0,1,0,5,0
8360,1980,4,4,1,1,0,0,0,0,0,0
8362,1974,1,1,0,0,0,0,0,0,0,0
8370,1966,1,1,0,0,0,0,0,0,1,0
8395,1965,1,0,0,0,0,0,1,0,0,0
8397,1969,2,2,0,0,0,0,0,0,1,0
8402,1975,4,3,0,0,0,0,1,0,1,0
8402,1976,3,3,0,0,0,0,0,0,1,0
8402,1977,9,8,2,1,0,0,1,0,1,0
8402,1978,2,2,0,0,0,0,0,0,0,0
8406,1979,9,7,1,0,0,1,2,0,1,0
8406,1980,4,4,0,0,0,0,0,0,0,0
8406,1981,3,3,1,0,0,0,0,0,0,0
8406,1982,8,8,2,0,0,0,0,0,0,0
8406,1983,11,11,5,0,0,0,0,0,1,0
8414,1984,7,7,3,0,0,0,0,0,0,0
8414,1985,9,8,2,1,0,0,1,0,1,0
8414,1986,7,6,2,0,0,0,1,0,0,0
8414,1987,13,9,5,0,0,1,3,0,0,1
8425,1967,1,1,0,0,0,0,0,0,0,0
8434,1978,4,4,2,0,0,0,0,0,1,0
8434,1979,1,1,0,0,0,0,0,0,0,0
8434,1980,3,3,1,1,0,0,0,0,0,0
8434,1981,2,1,0,0,0,0,1,0,0,0
8434,1982,7,7,3,0,0,2,0,0,0,0
8434,1983,15,14,4,1,0,1,1,0,1,0
8436,1980,1,1,1,1,0,0,0,0,0,0
8443,1984,12,9,3,0,0,1,2,0,1,1
8443,1985,5,2,1,1,0,0,2,0,1,1
8443,1986,5,5,0,0,0,0,0,0,0,0
8470,1969,4,4,0,0,0,0,0,0,2,0
8470,1970,8,8,0,0,0,0,0,0,1,0
8470,1971,16,15,5,1,0,0,0,0,3,0
8470,1972,13,13,5,1,0,1,0,0,1,0
8470,1973,12,11,2,0,1,0,1,0,1,0
8470,1974,11,11,5,0,1,0,0,0,0,0
8470,1975,7,7,2,0,0,1,0,0,1,0
8470,1976,14,13,5,2,0,0,0,1,2,0
8470,1977,17,16,3,1,0,0,1,0,1,0
8470,1982,10,8,3,1,0,0,2,0,0,0
8470,1983,8,6,3,1,0,0,2,0,1,0
8470,1985,4,4,2,0,1,0,0,0,0,0
8480,1967,3,3,1,0,0,0,0,0,1,0
8487,1967,7,7,0,0,0,0,0,0,3,0
8487,1969,4,4,0,0,0,0,0,0,1,0
8509,1982,8,8,0,0,0,0,0,0,2,0
8509,1983,12,12,4,2,0,0,0,0,0,0
8509,1986,3,3,1,0,0,0,0,0,0,0
8517,1974,12,11,3,0,0,0,1,0,1,0
8517,1975,10,10,4,0,0,0,0,0,0,0
8517,1976,4,4,0,0,0,0,0,0,0,0
8517,1977,9,6,2,0,0,0,3,0,1,0
8517,1978,5,4,1,0,0,0,1,0,1,0
8517,1979,13,13,5,2,0,1,0,0,2,0
8518,1983,3,3,1,0,0,0,0,0,0,0
8536,1982,1,1,1,0,0,0,0,0,0,0
8536,1984,15,15,1,0,0,0,0,0,3,0
8536,1985,10,8,1,0,0,0,2,0,0,0
8536,1986,10,10,2,0,0,0,0,0,0,0
8547,1983,5,5,2,0,0,0,0,0,1,0
8552,1971,2,2,1,0,0,0,0,0,1,0
8570,1966,1,1,0,0,0,0,0,0,0,0
8570,1967,1,1,0,0,0,0,0,0,0,0
8570,1968,5,4,0,0,0,0,0,0,1,0
8570,1969,3,3,1,0,0,0,0,0,1,0
8570,1970,4,4,0,0,0,0,0,0,2,0
8570,1973,2,1,0,0,0,0,0,0,0,0
8586,1967,3,3,2,0,0,0,0,0,0,0
8586,1969,3,3,0,0,0,0,0,0,2,0
8591,1977,2,1,0,0,0,0,1,0,0,0
8591,1978,8,8,4,1,0,1,0,0,2,0
8591,1979,11,11,1,0,0,0,0,0,1,0
8591,1980,12,11,3,0,0,0,1,0,2,0
8605,1978,2,2,0,0,0,0,0,0,1,0
8605,1979,3,3,1,0,0,0,0,0,1,0
8614,1987,2,1,1,1,0,0,1,0,0,0
8616,1984,9,9,0,0,0,0,0,0,2,0
8616,1985,6,6,3,0,0,0,0,0,1,0
8616,1986,9,8,0,0,0,0,1,0,0,0
8616,1987,3,3,0,0,0,0,0,0,0,0
8632,1972,3,3,2,0,0,0,0,0,0,0
8632,1973,7,7,1,1,0,0,0,0,2,0
8632,1974,1,1,0,0,0,0,0,0,0,0
8632,1975,2,2,1,0,0,0,0,0,0,0
8644,1964,1,1,0,0,0,0,0,0,0,0
8644,1966,1,1,0,0,0,0,0,0,0,0
8644,1967,8,8,1,0,0,0,0,0,3,0
8644,1968,4,4,0,0,0,0,0,0,2,0
8644,1969,5,5,1,1,0,0,0,0,1,0
8644,1970,1,1,0,0,0,0,0,0,0,0
8644,1971,3,3,1,0,0,0,0,0,0,0
8644,1972,1,1,1,0,0,0,0,0,0,0
8644,1973,4,4,0,0,0,0,0,0,2,0
8650,1964,1,0,0,0,0,0,1,0,0,0
8650,1965,3,2,0,0,0,0,1,0,1,0
8650,1966,2,2,0,0,0,0,0,0,0,0
8651,1986,13,11,3,1,0,0,2,0,1,0
8651,1987,8,6,2,0,0,2,1,1,0,0
8667,1980,1,1,0,0,0,0,0,0,0,0
8687,1966,3,3,0,0,0,0,0,0,1,0
8687,1971,3,3,1,0,0,0,0,0,1,0
8687,1972,3,3,1,0,0,0,0,0,0,0
8697,1983,1,0,0,0,0,0,1,0,0,0
8706,1973,1,1,0,0,0,0,0,0,1,0
8706,1974,6,6,1,0,0,0,0,0,2,0
8706,1975,7,7,0,0,0,0,0,0,2,0
8706,1976,14,13,6,2,1,0,1,0,2,0
8706,1977,14,12,6,0,0,3,2,0,1,0
8706,1978,8,6,2,0,0,0,1,0,1,1
8706,1979,15,14,3,0,0,0,1,0,1,0
8706,1980,10,9,2,0,0,0,0,0,2,1
8706,1981,4,3,0,0,0,0,1,0,0,0
8706,1982,9,8,2,1,0,0,1,0,0,0
8706,1983,5,3,0,0,0,0,2,0,2,0
8709,1975,1,1,0,0,0,0,0,0,1,0
8715,1965,3,3,0,0,0,0,0,0,0,0
8715,1966,2,2,2,1,0,0,0,0,0,0
8715,1967,4,4,0,0,0,0,0,0,0,0
8715,1968,7,7,3,0,0,0,0,0,0,0
8715,1969,20,19,0,0,0,0,0,1,3,0
8715,1970,11,11,1,0,0,1,0,0,3,0
8715,1971,12,12,2,1,0,0,0,0,2,0
8715,1972,3,3,0,0,0,0,0,0,0,0
8727,1984,4,4,0,0,0,0,0,0,1,0
8727,1985,9,9,3,1,0,1,0,0,2,0
8727,1986,3,3,0,0,0,0,0,0,2,0
8728,1975,11,11,3,0,0,0,0,0,2,0
8728,1976,3,3,0,0,0,0,0,0,1,0
8728,1977,8,7,1,0,0,0,1,0,2,0
8728,1978,8,8,1,0,0,0,0,0,4,0
8728,1979,6,6,3,0,0,1,0,0,1,0
8728,1980,15,15,3,1,0,0,0,0,4,0
8728,1981,4,2,0,0,0,0,2,0,1,0
8728,1984,7,7,4,0,0,1,0,0,2,0
8728,1985,3,3,2,0,0,0,0,0,0,0
8728,1986,6,5,1,0,0,0,1,0,1,0
8728,1987,11,10,3,1,0,2,1,0,2,0
8742,1976,2,2,0,0,0,0,0,0,1,0
8743,1986,4,4,1,0,0,0,0,0,0,0
8743,1987,4,3,0,0,0,0,1,0,1,0
8746,1980,4,3,0,0,0,0,0,0,0,0
8746,1982,1,1,1,0,0,0,0,0,0,0
8746,1983,6,6,1,1,0,0,0,0,3,0
8749,1969,3,3,1,0,0,0,0,0,0,0
8749,1970,1,1,0,0,0,0,0,0,1,0
8758,1979,1,1,0,0,0,0,0,0,0,0
8786,1965,1,1,1,0,0,0,0,0,0,0
8786,1966,2,2,1,0,0,0,0,0,0,0
8786,1967,1,1,0,0,0,0,0,0,0,0
8786,1968,3,3,0,0,0,0,0,0,1,0
8830,1983,3,3,1,0,0,0,0,0,1,0
8849,1968,14,12,2,0,0,0,1,0,1,0
8849,1969,11,11,4,0,0,0,0,0,1,0
8850,1981,3,3,1,0,0,0,0,0,0,0
8850,1982,9,9,3,0,0,0,0,0,0,0
8850,1983,3,2,0,0,0,0,1,0,1,0
8867,1970,6,6,4,1,0,2,0,0,0,0
8867,1971,15,15,7,1,1,1,0,0,4,0
8867,1972,8,8,3,1,0,1,0,0,1,0
8882,1984,11,11,4,0,0,0,0,0,1,0
8882,1985,11,9,1,0,0,0,2,0,2,0
8916,1976,7,7,4,0,0,0,0,0,1,0
8926,1965,2,2,1,1,0,0,0,0,0,0
8926,1966,2,2,1,1,0,0,0,0,0,0
8926,1967,12,11,3,0,0,0,1,0,2,0
8926,1968,12,10,2,0,0,1,1,1,1,0
8926,1969,23,22,3,0,0,2,1,0,4,0
8926,1970,9,9,6,0,0,2,0,0,2,0
8926,1971,15,15,7,0,0,2,0,0,3,0
8926,1972,11,11,5,2,0,1,0,0,3,0
8926,1973,16,15,5,0,1,0,1,0,2,0
8926,1974,14,10,2,1,0,1,3,0,1,1
8926,1975,17,17,6,2,0,0,0,0,4,0
8926,1976,12,11,1,0,0,0,1,0,4,0
8926,1977,8,5,0,0,0,0,3,0,4,0
8926,1978,8,8,3,2,0,0,0,0,3,0
8926,1979,6,5,1,0,0,0,1,0,3,0
8926,1983,7,7,4,0,0,0,0,0,0,0
8935,1978,5,5,0,0,0,0,0,0,1,0
8935,1979,4,4,0,0,0,0,0,0,0,0
8935,1980,4,4,1,0,0,0,0,0,0,0
8935,1981,10,10,2,1,0,0,0,0,2,0
8935,1982,8,5,2,0,0,0,3,0,1,0
8947,1965,1,1,1,0,0,0,0,0,0,0
8947,1967,5,5,2,0,0,0,0,0,1,0
8947,1968,3,3,0,0,0,0,0,0,0,0
8947,1969,2,2,1,0,0,0,0,0,0,0
8947,1970,2,2,1,0,0,0,0,0,1,0
8947,1971,3,3,0,0,0,0,0,0,1,0
8964,1966,2,2,0,0,0,0,0,0,0,0
8987,1985,6,5,2,0,0,0,1,0,0,0
8987,1986,3,3,2,0,0,1,0,0,0,0
8987,1987,5,3,2,0,0,0,2,0,0,0
8994,1984,4,4,2,0,0,0,0,0,0,0
8994,1985,12,10,3,0,0,0,2,0,1,0
8994,1986,8,7,3,1,0,0,1,0,2,0
8994,1987,7,6,1,0,0,0,1,0,0,0
8996,1980,4,4,3,1,0,0,0,0,1,0
9000,1969,3,3,1,0,0,0,0,0,0,0
9007,1984,11,9,2,0,0,2,2,0,2,0
9007,1985,7,6,1,0,0,1,1,0,0,0
9007,1987,6,3,1,0,0,0,2,1,1,0
9011,1966,1,1,0,0,0,0,0,0,0,0
9011,1967,4,3,0,0,0,0,1,0,3,0
9011,1968,11,11,1,1,0,0,0,0,2,0
9011,1969,6,6,2,0,0,0,0,0,1,0
9025,1973,7,7,0,0,0,0,0,0,2,0
9025,1974,6,5,1,0,0,0,0,0,1,0
9025,1975,6,6,2,1,0,0,0,0,0,0
9025,1976,7,5,2,0,1,0,1,0,0,0
9025,1977,1,1,0,0,0,0,0,0,0,0
9025,1978,8,8,1,0,0,0,0,0,0,0
9025,1979,3,3,2,0,0,0,0,0,1,0
9025,1980,3,3,0,0,0,0,0,0,1,0
9027,1984,3,3,0,0,0,0,0,0,0,0
9027,1985,3,3,0,0,0,0,0,0,0,0
9027,1986,2,1,1,0,0,0,1,0,0,0
9033,1972,1,1,0,0,0,0,0,0,0,0
9074,1965,3,3,2,0,0,0,0,0,1,0
9074,1966,3,2,1,1,0,0,0,1,0,0
9074,1967,15,15,4,0,0,0,0,0,2,0
9074,1968,10,10,5,1,0,0,0,0,1,0
9074,1969,5,5,0,0,0,0,0,0,1,0
9090,1981,1,1,0,0,0,0,0,0,0,0
9094,1980,1,1,0,0,0,0,0,0,1,0
9106,1974,3,3,0,0,0,0,0,0,2,0
9106,1975,6,5,0,0,0,0,1,0,2,0
9117,1967,1,0,0,0,0,0,1,0,0,0
9128,1987,1,1,1,0,0,0,0,0,0,0
9140,1967,4,4,0,0,0,0,0,0,1,0
9140,1968,11,11,5,1,0,0,0,0,1,0
9140,1970,2,1,0,0,0,0,1,0,0,0
9140,1971,2,2,1,0,0,0,0,0,0,0
9140,1973,7,5,2,0,0,0,1,1,0,0
9140,1974,1,1,0,0,0,0,0,0,0,0
9150,1981,1,1,0,0,0,0,0,0,1,0
9150,1982,6,6,2,0,0,0,0,0,1,0
9150,1983,8,8,2,0,0,0,0,0,1,0
9171,1977,3,3,2,0,0,0,0,0,0,0
9180,1975,3,3,1,1,0,0,0,0,1,0
9195,1985,11,10,2,2,0,0,1,0,1,0
9195,1986,3,3,2,0,0,0,0,0,0,0
9195,1987,6,4,0,0,0,0,1,0,0,1
9199,1980,2,2,0,0,0,0,0,0,1,0
9223,1984,6,6,4,1,0,0,0,0,0,0
9223,1986,7,7,1,0,0,0,0,0,1,0
9225,1984,3,3,0,0,0,0,0,0,1,0
9225,1985,4,4,0,0,0,0,0,0,0,0
9225,1986,8,7,2,0,0,0,0,0,1,0
9225,1987,4,4,1,0,0,0,0,0,1,0
9230,1977,5,5,1,0,0,0,0,0,1,0
9230,1978,17,12,5,1,0,0,4,0,0,1
9230,1979,20,18,8,0,0,1,2,0,1,0
9230,1980,15,13,3,1,0,0,2,0,2,0
9230,1981,1,1,0,0,0,0,0,0,0,0
9230,1982,13,10,4,0,0,2,3,0,2,0
9230,1983,3,3,2,0,0,0,0,0,1,0
9234,1978,4,4,0,0,0,0,0,0,3,0
9234,1979,3,3,0,0,0,0,0,0,1,0
9234,1980,7,6,1,0,0,0,0,0,1,1
9234,1982,6,6,2,0,0,1,0,0,1,0
9244,1965,2,2,0,0,0,0,0,0,0,0
9256,1969,1,1,0,0,0,0,0,0,0,0
9259,1966,1,1,0,0,0,0,0,0,0,0
9259,1967,7,7,0,0,0,0,0,0,1,0
9274,1986,3,2,1,0,0,1,1,0,0,0
9274,1987,2,2,1,0,0,1,0,0,1,0
9281,1983,1,1,0,0,0,0,0,0,0,0
9281,1987,3,3,2,0,0,0,0,0,0,0
9291,1972,11,11,5,0,0,0,0,0,0,0
9291,1973,8,7,1,0,0,0,1,0,0,0
9291,1974,6,6,0,0,0,0,0,0,2,0
9291,1975,10,10,1,0,0,0,0,0,0,0
9291,1976,6,6,2,0,0,0,0,0,1,0
9291,1977,3,3,3,1,0,0,0,0,0,0
9291,1978,5,4,0,0,0,0,0,0,2,1
9291,1979,4,4,1,0,0,1,0,0,1,0
9292,1967,4,4,1,0,0,0,0,0,2,0
9292,1968,10,9,1,1,0,0,1,0,1,0
9292,1969,10,8,1,0,0,0,2,0,1,0
9292,1970,10,10,3,0,0,0,0,0,2,0
9292,1971,5,5,2,0,0,0,0,0,0,0
9292,1972,6,6,2,0,0,1,0,0,0,0
9292,1973,8,7,2,0,0,0,0,0,0,1
9292,1974,8,8,1,1,0,0,0,0,3,0
9292,1975,12,11,4,0,0,0,0,0,1,0
9292,1976,10,8,1,0,0,0,2,0,2,0
9292,1977,3,3,1,0,0,0,0,0,1,0
9304,1983,1,1,0,0,0,0,0,0,0,0
9306,1981,5,5,3,0,1,0,0,0,0,0
9306,1982,10,10,1,0,0,0,0,0,3,0
9306,1983,6,6,2,1,0,0,0,0,0,0
9337,1983,1,1,0,0,0,0,0,0,0,0
9357,1987,2,2,0,0,0,0,0,0,1,0
9366,1983,3,3,0,0,0,0,0,0,0,0
9370,1982,3,3,1,0,0,0,0,0,0,0
9378,1977,18,16,6,0,0,0,2,0,1,0
9378,1978,11,10,1,0,0,0,1,0,4,0
9378,1980,9,9,3,0,0,0,0,0,0,0
9381,1986,13,7,3,1,0,0,6,0,0,0
9381,1987,4,3,0,0,0,0,1,0,0,0
9394,1976,2,1,0,0,0,0,0,0,0,0
9394,1978,2,2,0,0,0,0,0,0,0,0
9404,1976,1,1,1,0,0,0,0,0,0,0
9404,1977,5,5,0,0,0,0,0,0,1,0
9404,1979,2,1,0,0,0,0,0,0,0,0
9407,1966,1,1,1,0,0,0,0,0,0,0
9415,1982,11,10,2,0,0,0,1,0,3,0
9415,1983,5,5,0,0,0,0,0,0,1,0
9421,1985,4,4,1,1,0,0,0,0,2,0
9421,1986,4,4,0,0,0,0,0,0,2,0
9426,1984,9,9,2,0,0,0,0,0,3,0
9433,1972,5,5,2,0,0,0,0,0,0,0
9447,1982,3,2,0,0,0,0,1,0,1,0
9447,1983,18,14,2,0,0,2,4,0,4,0
9447,1987,5,4,0,0,0,0,1,0,2,0
9448,1978,2,2,0,0,0,0,0,0,1,0
9458,1984,2,2,0,0,0,0,0,0,1,0
9458,1986,5,5,0,0,0,0,0,0,0,0
9466,1979,1,1,0,0,0,0,0,0,0,0
9474,1966,1,1,0,0,0,0,0,0,0,0
9474,1971,2,2,0,0,0,0,0,0,1,0
9491,1973,3,3,1,1,0,0,0,0,0,0
9491,1974,6,6,2,0,0,0,0,0,0,0
9491,1975,5,5,0,0,0,0,0,0,1,0
9491,1976,11,11,3,0,0,0,0,0,0,0
9491,1977,9,7,1,0,0,0,0,0,1,1
9491,1978,3,3,0,0,0,0,0,0,0,0
9491,1979,7,6,1,0,0,0,1,0,2,0
9491,1980,7,6,1,0,0,0,1,0,1,0
9506,1969,2,2,0,0,0,0,0,0,0,0
9506,1970,1,1,0,0,0,0,0,0,1,0
9506,1971,3,3,1,0,0,1,0,0,0,0
9506,1975,2,1,0,0,0,0,1,0,0,0
9515,1974,7,7,0,0,0,0,0,0,2,0
9515,1975,1,1,0,0,0,0,0,0,1,0
9515,1976,1,1,0,0,0,0,0,0,1,0
9515,1977,1,1,1,1,0,0,0,0,0,0
9517,1970,3,3,0,0,0,0,0,0,0,0
9517,1973,3,3,1,0,0,0,0,0,0,0
9517,1977,6,6,1,0,0,0,0,0,2,0
9517,1980,3,3,1,0,0,0,0,0,0,0
9517,1981,1,1,0,0,0,0,0,0,0,0
9519,1973,3,3,0,0,0,0,0,0,1,0
9519,1975,4,4,1,0,0,1,0,0,0,0
9519,1977,2,2,0,0,0,0,0,0,1,0
9519,1980,1,0,0,0,0,0,0,0,0,0
9544,1975,3,3,0,0,0,0,0,0,1,0
9544,1979,16,15,2,1,0,0,0,0,3,0
9544,1980,17,15,1,0,0,0,1,0,2,1
9544,1981,8,8,2,0,0,0,0,0,0,0
9544,1982,1,1,0,0,0,0,0,0,0,0
9545,1978,2,2,1,0,0,0,0,0,1,0
9547,1986,3,3,0,0,0,0,0,0,0,0
9547,1987,4,4,1,0,0,0,0,0,0,0
9552,1983,3,3,0,0,0,0,0,0,1,0
9561,1975,1,1,0,0,0,0,0,0,0,0
9561,1977,2,2,0,0,0,0,0,0,1,0
9561,1978,5,4,0,0,0,0,0,0,0,0
9561,1980,2,2,1,0,0,0,0,0,1,0
9561,1983,2,2,0,0,0,0,0,0,1,0
9570,1984,4,3,1,0,0,1,1,0,0,0
9570,1985,10,7,2,0,0,1,3,0,2,0
9570,1986,11,9,1,1,0,0,2,0,3,0
9570,1987,3,3,2,0,0,0,0,0,0,0
9580,1977,9,9,5,0,0,0,0,0,1,0
9580,1978,13,10,2,0,1,0,2,1,3,0
9580,1979,17,14,2,0,1,0,3,0,1,0
9580,1980,12,12,4,1,0,0,0,0,2,0
9580,1981,12,11,4,1,0,1,1,0,1,0
9580,1982,11,10,0,0,0,0,1,0,3,0
9580,1983,3,2,0,0,0,0,0,0,0,1
9585,1974,2,2,0,0,0,0,0,0,0,0
9585,1975,5,5,2,0,0,1,0,0,1,0
9585,1977,2,2,0,0,0,0,0,0,0,0
9585,1978,3,3,1,0,0,0,0,0,0,0
9585,1979,2,2,0,0,0,0,0,0,1,0
9585,1980,1,1,1,1,0,0,0,0,0,0
9595,1965,1,1,0,0,0,0,0,0,0,0
9595,1967,1,1,1,0,0,0,0,0,0,0
9595,1969,1,1,0,0,0,0,0,0,0,0
9616,1985,6,6,3,0,1,0,0,0,0,0
9616,1986,6,5,2,0,0,0,1,0,1,0
9631,1984,7,6,1,0,0,0,1,0,2,0
9631,1985,5,3,1,0,0,0,2,0,1,0
9631,1986,7,6,2,0,0,1,1,0,0,0
9631,1987,3,3,2,0,0,1,0,0,1,0
9632,1981,3,3,0,0,0,0,0,0,1,0
9658,1984,8,8,2,1,0,0,0,0,0,0
9684,1970,4,3,1,0,0,0,0,1,1,0
9684,1971,14,13,3,0,0,0,1,0,3,0
9684,1972,7,7,2,0,0,1,0,0,2,0
9684,1973,8,7,0,0,0,0,1,0,1,0
9684,1975,1,1,0,0,0,0,0,0,0,0
9692,1970,3,3,0,0,0,0,0,0,1,0
9692,1971,6,5,1,0,0,0,0,0,1,0
9692,1974,3,2,0,0,0,0,0,0,1,1
9692,1975,2,1,0,0,0,0,1,0,0,0
9693,1972,11,11,3,0,0,0,0,0,1,0
9693,1973,11,11,1,0,0,0,0,0,4,0
9693,1974,7,6,0,0,0,0,1,0,2,0
9693,1975,3,2,1,0,0,0,1,0,0,0
9693,1977,6,5,1,1,0,0,1,0,1,0
9693,1978,1,1,0,0,0,0,0,0,0,0
9704,1976,5,4,2,0,0,1,1,0,0,0
9704,1977,1,1,0,0,0,0,0,0,1,0
9711,1969,1,1,0,0,0,0,0,0,1,0
9711,1970,2,2,0,0,0,0,0,0,2,0
9711,1971,1,1,0,0,0,0,0,0,1,0
9718,1972,5,5,0,0,0,0,0,0,1,0
9718,1973,3,2,1,1,0,0,1,0,1,0
9718,1974,7,7,1,1,0,0,0,0,2,0
9718,1975,4,4,1,0,0,1,0,0,1,0
9718,1976,10,10,3,0,0,2,0,0,4,0
9718,1977,10,9,3,1,0,1,1,0,1,0
9718,1978,8,8,3,1,0,0,0,0,1,0
9718,1979,11,10,2,0,0,2,1,0,0,0
9725,1978,3,3,0,0,0,0,0,0,1,0
9725,1979,1,1,0,0,0,0,0,0,0,0
9725,1982,5,4,2,1,0,1,0,1,2,0
9731,1967,3,2,0,0,0,0,1,0,0,0
9732,1965,5,5,2,0,0,0,0,0,1,0
9732,1972,4,4,1,0,0,1,0,0,3,0
9757,1965,1,1,1,0,0,0,0,0,0,0
9777,1976,6,4,1,0,0,0,2,0,1,0
9829,1976,4,4,1,0,0,0,0,0,2,0
9829,1984,2,2,0,0,0,0,0,0,0,0
9831,1982,3,2,1,0,0,0,1,0,1,0
9843,1974,1,1,0,0,0,0,0,0,0,0
9843,1977,5,4,0,0,0,0,0,0,1,0
9843,1978,3,3,0,0,0,0,0,0,0,0
9855,1965,2,1,0,0,0,0,1,0,0,0
9855,1966,3,3,1,0,0,0,0,0,0,0
9855,1967,5,5,1,0,0,0,0,0,0,0
9855,1968,16,15,3,0,0,0,0,0,0,0
9855,1969,3,3,1,0,0,0,0,0,0,0
9884,1984,4,4,1,0,0,0,0,0,0,0
9901,1979,1,1,0,0,0,0,0,0,0,0
9903,1973,1,1,0,0,0,0,0,0,0,0
9915,1973,2,2,1,0,0,0,0,0,1,0
9915,1974,3,3,2,0,0,0,0,0,0,0
9915,1975,2,2,1,0,0,0,0,0,0,0
9915,1976,2,2,1,0,0,1,0,0,0,0
9915,1979,2,2,0,0,0,0,0,0,1,0
9946,1974,3,2,0,0,0,0,1,0,0,0
9946,1976,1,0,0,0,0,0,1,0,0,0
9948,1965,4,2,0,0,0,0,0,1,0,0
9948,1966,3,3,1,1,0,0,0,0,0,0
9948,1967,8,8,0,0,0,0,0,0,0,0
9951,1965,3,3,2,0,0,0,0,0,0,0
9951,1966,3,3,1,1,0,0,0,0,0,0
9951,1967,14,12,3,0,0,0,1,0,2,0
9951,1968,14,13,5,0,0,0,1,0,2,0
9951,1969,25,23,6,1,1,1,2,0,4,0
9951,1970,9,9,4,1,0,0,0,0,0,0
9951,1971,17,14,1,0,0,0,3,0,0,0
9951,1972,17,15,1,0,1,0,2,0,1,0
9951,1973,18,15,10,0,0,1,3,0,1,0
9951,1974,20,17,6,2,0,0,3,0,1,0
9951,1975,22,19,5,1,0,0,1,2,2,0
9951,1976,17,12,1,1,0,0,4,1,1,0
9951,1977,21,17,6,0,0,0,3,1,0,0
9951,1978,18,13,2,0,0,0,4,0,0,0
9951,1979,18,15,4,1,0,0,2,0,0,0
9951,1980,8,7,3,0,0,0,1,0,0,0
9951,1981,3,3,0,0,0,0,0,0,0,0
9951,1982,11,9,3,0,0,0,1,1,0,0
9951,1983,8,7,1,0,0,0,1,0,0,0
9990,1965,1,1,0,0,0,0,0,0,0,0
10000,1972,5,5,0,0,0,0,0,0,1,0
10000,1973,3,3,0,0,0,0,0,0,2,0
10000,1974,3,3,1,1,0,0,0,0,0,0
10000,1977,2,1,0,0,0,0,1,0,0,0
10009,1980,4,4,1,0,0,0,0,0,2,0
10012,1967,9,9,2,0,0,0,0,0,1,0
10012,1969,4,4,1,0,0,0,0,0,1,0
10037,1969,4,3,1,0,0,0,1,0,1,0
10037,1970,6,6,1,0,0,0,0,0,1,0
10037,1971,4,4,1,0,0,0,0,0,0,0
10037,1972,5,5,0,0,0,0,0,0,1,0
10037,1973,18,16,5,1,0,0,2,0,2,0
10037,1974,10,8,1,0,0,0,2,0,0,0
10037,1975,9,8,1,0,0,0,1,0,0,0
10037,1976,10,10,4,0,0,0,0,0,0,0
10037,1977,20,19,7,1,0,0,1,0,1,0
10037,1978,23,21,8,1,0,0,1,0,0,0
10037,1979,19,17,2,2,0,0,1,0,2,0
10037,1980,11,11,2,0,0,0,0,0,3,0
10037,1981,1,1,0,0,0,0,0,0,0,0
10037,1982,10,9,6,1,0,1,1,0,1,0
10037,1983,5,3,2,0,0,0,1,0,0,0
10044,1982,6,4,0,0,0,0,0,0,0,0
10044,1983,2,1,0,0,0,0,0,0,0,0
10058,1968,9,9,1,0,0,0,0,0,1,0
10058,1969,1,1,1,0,0,0,0,0,0,0
10059,1980,2,1,1,0,0,0,0,0,0,0
10059,1981,1,1,1,0,0,0,0,0,0,0
10077,1977,7,7,1,0,0,0,0,0,0,0
10077,1979,7,4,1,0,0,1,2,1,1,0
10077,1980,5,5,0,0,0,0,0,0,0,0
10078,1974,4,4,1,0,0,0,0,0,0,0
10099,1986,10,10,3,2,0,0,0,0,0,0
10099,1987,5,5,2,0,0,0,0,0,0,0
10106,1980,7,7,2,0,0,0,0,0,2,0
10106,1981,8,7,2,0,0,0,1,0,0,0
10106,1982,12,12,1,0,0,0,0,0,1,0
10106,1983,8,8,2,0,0,0,0,0,1,0
10107,1985,3,3,0,0,0,0,0,0,0,0
10107,1986,5,5,2,1,0,0,0,0,2,0
10119,1979,1,1,0,0,0,0,0,0,0,0
10123,1984,7,7,0,0,0,0,0,0,3,0
10160,1981,2,2,2,0,0,0,0,0,0,0
10160,1982,2,2,0,0,0,0,0,0,0,0
10184,1982,8,8,0,0,0,0,0,0,2,0
10184,1983,10,10,4,0,0,0,0,0,1,0
10187,1980,4,4,0,0,0,0,0,0,2,0
10187,1981,1,1,0,0,0,0,0,0,0,0
10187,1982,2,2,0,0,0,0,0,0,0,0
10193,1969,8,8,2,0,0,0,0,0,2,0
10193,1970,7,7,2,0,0,0,0,0,1,0
10193,1971,14,14,3,0,1,0,0,0,2,0
10193,1972,11,11,1,0,0,0,0,0,3,0
10193,1973,11,11,2,0,0,1,0,0,0,0
10193,1974,12,12,2,1,0,0,0,0,1,0
10193,1975,7,7,1,0,0,0,0,0,0,0
10193,1976,10,7,1,0,0,0,3,0,2,0
10193,1979,3,3,0,0,0,0,0,0,2,0
10202,1972,2,2,0,0,0,0,0,0,0,0
10225,1979,1,1,0,0,0,0,0,0,1,0
10226,1965,1,1,0,0,0,0,0,0,0,0
10226,1966,3,3,1,0,0,0,0,0,1,0
10226,1967,8,7,1,0,0,0,1,0,3,0
10226,1968,13,11,4,1,0,0,2,0,2,0
10226,1969,13,13,2,0,1,1,0,0,3,0
10226,1970,16,15,1,0,0,0,1,0,3,0
10226,1971,15,13,2,0,0,0,2,0,3,0
10226,1972,8,8,2,1,0,0,0,0,2,0
10226,1973,9,9,2,0,1,0,0,0,1,0
10235,1982,1,1,0,0,0,0,0,0,0,0
10255,1965,2,2,1,0,0,0,0,0,1,0
10255,1967,4,4,1,0,0,0,0,0,1,0
10255,1968,1,1,0,0,0,0,0,0,1,0
10255,1969,3,3,0,0,0,0,0,0,1,0
10262,1982,13,13,6,0,0,1,0,0,2,0
10262,1983,5,5,3,0,0,0,0,0,1,0
10268,1975,1,1,0,0,0,0,0,0,0,0
10268,1976,4,3,0,0,0,0,1,0,1,0
10268,1977,4,3,0,0,0,0,1,0,0,0
10273,1983,1,1,0,0,0,0,0,0,0,0
10290,1973,1,1,0,0,0,0,0,0,1,0
10316,1973,1,1,1,0,0,0,0,0,0,0
10316,1974,13,11,4,1,0,2,2,0,2,0
10316,1975,12,8,2,0,0,2,4,0,1,0
10316,1976,11,9,1,0,0,0,2,0,1,0
10316,1977,16,14,3,0,0,1,2,0,7,0
10316,1978,13,11,2,1,0,0,2,0,3,0
10316,1979,17,16,4,1,0,1,1,0,2,0
10316,1980,7,7,2,0,0,1,0,0,2,0
10316,1981,3,3,2,0,0,0,0,0,0,0
10316,1982,11,11,3,0,0,0,0,0,2,0
10316,1983,8,6,3,1,0,1,2,0,1,0
10322,1972,4,4,0,0,0,0,0,0,2,0
10322,1974,4,4,0,0,0,0,0,0,0,0
10324,1984,11,10,3,1,0,0,1,0,0,0
10324,1985,9,8,0,0,0,0,1,0,2,0
10324,1986,7,6,1,0,0,0,1,0,0,0
10324,1987,9,8,1,0,0,0,0,1,1,0
10325,1965,6,6,0,0,0,0,0,0,0,0
10325,1967,1,1,0,0,0,0,0,0,0,0
10325,1968,1,1,1,0,0,1,0,0,0,0
10325,1971,6,5,1,0,0,0,1,0,0,0
10334,1984,4,4,0,0,0,0,0,0,3,0
10334,1986,3,3,1,0,0,0,0,0,0,0
10335,1967,3,3,0,0,0,0,0,0,0,0
10359,1974,1,1,0,0,0,0,0,0,0,0
10363,1965,1,1,0,0,0,0,0,0,1,0
10371,1981,5,5,0,0,0,0,0,0,0,0
10371,1982,7,7,3,0,0,0,0,0,1,0
10372,1984,3,2,1,0,0,0,1,0,0,0
10372,1985,2,2,0,0,0,0,0,0,0,0
10375,1984,6,6,2,0,0,0,0,0,2,0
10375,1985,3,3,0,0,0,0,0,0,1,0
10383,1979,1,1,0,0,0,0,0,0,0,0
10383,1983,4,3,0,0,0,0,0,0,0,0
10386,1978,7,5,1,0,0,0,1,1,1,0
10386,1979,7,6,0,0,0,0,1,0,3,0
10386,1980,11,11,2,1,1,0,0,0,2,0
10386,1981,5,2,0,0,0,0,2,0,0,0
10387,1977,2,1,0,0,0,0,1,0,0,0
10387,1979,8,8,3,0,0,0,0,0,0,0
10387,1980,4,4,1,0,0,0,0,0,0,0
10387,1981,7,7,1,1,0,0,0,0,0,0
10387,1982,6,6,0,0,0,0,0,0,1,0
10387,1983,4,4,0,0,0,0,0,0,1,0
10400,1980,1,1,0,0,0,0,0,0,1,0
10414,1967,1,0,0,0,0,0,1,0,0,0
10414,1968,3,3,0,0,0,0,0,0,1,0
10414,1969,5,5,0,0,0,0,0,0,1,0
10414,1970,3,3,1,0,0,0,0,0,0,0
10414,1971,2,2,1,0,0,0,0,0,1,0
10414,1976,3,3,0,0,0,0,0,0,1,0
10414,1977,10,8,1,0,0,0,1,0,4,0
10414,1979,2,2,0,0,0,0,0,0,1,0
10414,1983,2,2,0,0,0,0,0,0,0,0
10437,1987,6,6,4,2,0,0,0,0,0,0
10445,1968,2,1,0,0,0,0,0,0,0,0
10480,1978,1,1,0,0,0,0,0,0,0,0
10480,1979,2,2,0,0,0,0,0,0,1,0
10490,1966,1,0,0,0,0,0,1,0,0,0
10490,1967,4,4,2,0,0,0,0,0,0,0
10490,1968,10,10,3,1,0,0,0,0,3,0
10490,1969,6,5,1,0,0,0,1,0,1,0
10490,1970,13,11,2,0,0,0,2,0,2,0
10490,1971,1,1,0,0,0,0,0,0,1,0
10494,1965,4,3,1,0,0,0,1,0,0,0
10494,1966,2,1,0,0,0,0,1,0,0,0
10494,1967,8,8,2,0,0,0,0,0,0,0
10494,1968,8,8,2,0,0,0,0,0,4,0
10494,1969,3,3,2,0,0,0,0,0,0,0
10494,1970,3,3,1,0,0,0,0,0,0,0
10499,1987,2,2,0,0,0,0,0,0,0,0
10519,1986,7,7,1,0,0,1,0,0,0,0
10519,1987,2,2,0,0,0,0,0,0,0,0
10534,1985,3,3,0,0,0,0,0,0,0,0
10541,1984,16,14,6,1,0,0,2,0,3,0
10541,1985,12,8,2,0,0,2,4,0,2,0
10541,1986,5,5,2,0,0,0,0,0,1,0
10541,1987,4,4,1,0,0,0,0,0,0,0
10569,1968,3,1,0,0,0,0,0,0,1,0
10569,1971,1,1,0,0,0,0,0,0,0,0
10573,1982,2,2,0,0,0,0,0,0,1,0
10573,1983,2,2,0,0,0,0,0,0,0,0
10584,1967,1,1,0,0,0,0,0,0,0,0
10586,1975,2,2,0,0,0,0,0,0,1,0
10591,1986,3,1,1,0,0,1,1,0,0,0
10591,1987,13,13,5,2,1,0,0,0,1,0
10592,1964,1,1,0,0,0,0,0,0,0,0
10604,1965,1,1,0,0,0,0,0,0,0,0
10606,1985,5,5,2,0,0,0,0,0,1,0
10606,1987,2,2,0,0,0,0,0,0,1,0
10608,1971,8,7,0,0,0,0,1,0,0,0
10608,1972,15,15,3,0,0,1,0,0,1,0
10608,1973,9,7,1,0,0,0,2,0,0,0
10608,1974,4,4,0,0,0,0,0,0,1,0
10608,1975,7,4,1,0,0,1,3,0,0,0
10608,1976,5,4,2,0,0,0,1,0,0,0
10608,1977,7,5,3,1,0,0,2,0,1,0
10608,1978,8,8,1,1,0,0,0,0,3,0
10608,1979,9,8,2,0,0,0,1,0,2,0
10608,1980,5,3,0,0,0,0,2,0,0,0
10608,1984,12,10,2,0,0,0,2,0,2,0
10608,1985,5,4,1,1,0,0,1,0,1,0
10616,1966,1,0,0,0,0,0,1,0,0,0
10620,1972,2,2,0,0,0,0,0,0,1,0
10621,1971,4,4,0,0,0,0,0,0,2,0
10621,1972,3,3,1,0,0,0,0,0,0,0
10627,1969,6,6,0,0,0,0,0,0,2,0
10627,1971,2,1,1,0,0,0,0,0,0,0
10631,1971,3,3,0,0,0,0,0,0,0,0
10631,1972,7,6,1,0,0,0,1,0,1,0
10631,1973,12,9,5,0,0,1,3,0,0,0
10631,1974,12,12,7,1,0,1,0,0,0,0
10631,1984,6,4,2,0,0,0,1,0,0,1
10633,1969,4,4,1,0,0,0,0,0,1,0
10642,1965,1,1,0,0,0,0,0,0,0,0
10642,1967,4,3,1,0,0,0,0,0,1,0
10648,1969,19,18,7,0,1,1,0,0,0,0
10648,1971,5,5,2,0,0,0,0,0,1,0
10648,1972,15,15,4,0,0,0,0,0,1,0
10648,1973,8,8,3,0,0,0,0,0,0,0
10648,1974,4,4,1,0,0,0,0,0,0,0
10648,1975,6,6,2,0,0,0,0,0,0,0
10648,1976,9,9,3,1,0,0,0,0,2,0
10648,1977,14,13,5,0,0,0,1,0,4,0
10648,1978,4,4,0,0,0,0,0,0,3,0
10648,1979,11,8,2,1,0,0,1,1,3,1
10654,1965,1,1,1,0,0,0,0,0,0,0
10655,1986,13,11,3,0,0,0,1,0,0,0
10655,1987,1,1,0,0,0,0,0,0,0,0
10671,1984,13,12,4,0,0,0,0,0,1,1
10671,1985,3,3,2,1,0,0,0,0,0,0
10671,1986,2,2,1,1,0,0,0,0,0,0
10671,1987,3,3,0,0,0,0,0,0,2,0
10678,1969,1,1,0,0,0,0,0,0,0,0
10678,1970,1,1,0,0,0,0,0,0,0,0
10686,1984,5,2,1,0,0,0,3,0,1,0
10686,1985,2,1,0,0,0,0,1,0,0,0
10686,1986,3,3,0,0,0,0,0,0,1,0
10686,1987,4,4,3,0,0,1,0,0,1,0
10698,1981,2,2,1,0,0,0,0,0,0,0
10713,1983,1,1,1,0,0,0,0,0,0,0
10714,1965,3,3,0,0,0,0,0,0,1,0
10714,1966,2,1,0,0,0,0,1,0,0,0
10726,1964,1,1,1,1,0,0,0,0,0,0
10746,1982,3,2,1,0,0,1,0,0,1,0
10747,1980,8,7,3,1,0,0,1,0,1,0
10747,1982,9,7,3,1,0,0,2,0,0,0
10747,1983,10,9,6,0,0,0,1,0,1,0
10747,1985,5,5,2,1,0,1,0,0,0,0
10747,1986,8,7,4,0,0,0,1,0,0,0
10747,1987,3,2,1,0,0,0,1,0,0,0
10758,1978,15,14,1,0,0,0,1,0,1,0
10758,1979,11,11,4,0,0,0,0,0,0,0
10758,1980,14,11,2,0,0,0,1,0,1,0
10758,1981,13,13,3,1,0,0,0,0,0,0
10758,1982,9,9,3,1,0,0,0,0,0,0
10758,1983,9,8,3,1,0,0,1,0,1,0
10767,1974,8,8,2,0,0,0,0,0,1,0
10767,1975,7,6,4,1,0,1,0,1,0,0
10767,1976,8,8,0,0,0,0,0,0,3,0
10767,1977,15,11,4,0,0,1,3,1,4,0
10767,1978,13,12,4,0,0,1,1,0,4,0
10767,1979,7,6,3,1,0,1,0,0,1,1
10767,1980,8,7,4,1,0,2,1,0,0,0
10767,1982,6,5,1,0,0,0,1,0,1,0
10778,1968,3,3,1,0,0,1,0,0,1,0
10778,1969,4,4,0,0,0,0,0,0,3,0
10778,1970,6,6,0,0,0,0,0,0,3,0
10778,1971,3,3,1,0,0,0,0,0,0,0
10836,1980,1,0,0,0,0,0,0,0,0,0
10836,1981,2,2,0,0,0,0,0,0,0,0
10836,1982,3,3,1,0,0,0,0,0,1,0
10853,1973,1,1,0,0,0,0,0,0,0,0
10853,1979,1,1,0,0,0,0,0,0,0,0
10853,1983,1,1,0,0,0,0,0,0,1,0
10866,1983,2,2,0,0,0,0,0,0,0,0
10874,1967,7,5,0,0,0,0,2,0,3,0
10874,1968,2,2,0,0,0,0,0,0,0,0
10874,1969,2,2,0,0,0,0,0,0,0,0
10888,1971,5,3,1,0,0,0,1,1,0,0
10888,1972,14,13,4,1,0,1,1,0,2,0
10888,1974,11,11,2,0,0,1,0,0,0,0
10888,1975,6,6,1,0,0,0,0,0,0,0
10888,1976,7,4,2,0,0,0,2,0,1,0
10888,1977,8,6,2,1,0,0,2,0,0,0
10888,1978,7,6,1,0,0,0,1,0,1,0
10888,1979,6,5,1,0,0,0,1,0,2,0
10888,1980,6,5,1,0,0,1,1,0,3,0
10888,1981,3,3,1,0,0,0,0,0,1,0
10888,1982,9,8,1,0,1,0,1,0,0,0
10888,1983,8,7,4,1,0,0,0,1,1,0
10903,1975,8,7,1,0,0,0,1,0,1,0
10903,1977,4,4,1,0,0,0,0,0,0,0
10906,1967,1,1,0,0,0,0,0,0,0,0
10906,1969,4,4,0,0,0,0,0,0,1,0
10906,1970,7,6,0,0,0,0,1,0,2,0
10906,1971,7,7,2,0,0,0,0,0,2,0
10909,1976,4,4,0,0,0,0,0,0,2,0
10909,1977,1,1,0,0,0,0,0,0,1,0
10910,1979,1,1,0,0,0,0,0,0,0,0
10910,1980,3,2,0,0,0,0,1,0,0,0
10910,1981,4,4,3,0,0,0,0,0,0,0
10910,1982,5,5,2,1,0,0,0,0,2,0
10912,1973,1,0,0,0,0,0,0,0,0,0
10923,1967,1,1,0,0,0,0,0,0,1,0
10934,1984,2,2,1,0,0,0,0,0,0,0
10939,1967,1,1,0,0,0,0,0,0,0,0
10939,1968,8,8,0,0,0,0,0,0,1,0
10939,1969,7,7,1,0,0,0,0,0,0,0
10939,1970,1,1,1,0,0,0,0,0,0,0
10939,1971,7,7,3,0,0,0,0,0,0,0
10939,1972,7,7,0,0,0,0,0,0,2,0
10939,1973,1,1,0,0,0,0,0,0,0,0
10942,1976,3,2,0,0,0,0,1,0,1,0
10962,1987,3,2,1,0,0,0,1,0,0,0
10976,1964,2,2,0,0,0,0,0,0,0,0
10976,1965,2,2,0,0,0,0,0,0,0,0
10976,1966,1,0,0,0,0,0,1,0,0,0
10976,1967,13,13,2,0,0,0,0,0,4,0
10976,1968,8,7,2,0,0,1,1,0,0,0
10976,1969,9,9,2,0,0,0,0,0,4,0
10976,1970,8,7,0,0,0,0,1,0,2,0
10976,1971,15,11,4,1,0,3,4,0,4,0
10976,1972,13,10,1,0,0,0,2,0,2,1
10976,1973,8,7,3,1,0,1,1,0,0,0
10976,1974,10,5,3,0,0,1,5,0,1,0
10976,1975,7,6,3,1,0,0,1,0,0,0
10976,1976,10,9,1,0,0,0,1,0,2,0
10976,1977,9,7,2,1,0,0,2,0,2,0
10976,1978,8,8,3,1,0,1,0,0,1,0
10976,1979,10,7,1,0,0,0,2,0,3,1
10976,1980,7,7,0,0,0,0,0,0,2,0
10983,1965,1,0,0,0,0,0,1,0,0,0
10983,1966,3,3,1,0,0,0,0,0,1,0
10983,1967,11,8,2,0,0,0,1,0,0,1
10983,1968,10,9,3,0,0,1,0,1,1,0
10983,1969,10,10,4,2,0,1,0,0,3,0
10983,1970,12,9,3,1,0,1,3,0,4,0
10983,1971,9,7,2,2,0,0,2,0,0,0
10983,1972,7,5,0,0,0,0,2,0,0,0
10983,1973,8,3,1,0,0,1,5,0,0,0
10983,1974,7,7,1,1,0,0,0,0,1,0
10983,1975,7,6,3,0,0,1,1,0,0,0
10983,1979,4,3,1,0,0,0,1,0,2,0
10983,1982,4,4,3,0,0,0,0,0,0,0
10983,1983,2,1,1,0,0,0,0,0,0,1
10987,1977,12,11,4,1,0,0,1,0,2,0
10987,1978,12,12,5,1,0,2,0,0,2,0
10987,1979,9,8,1,0,1,0,0,0,2,0
10987,1980,8,7,4,2,0,0,1,0,0,0
10987,1981,6,4,2,1,0,0,2,0,0,0
10987,1982,4,4,1,0,0,0,0,0,0,0
10995,1986,3,2,0,0,0,0,1,0,1,0
10998,1973,1,1,0,0,0,0,0,0,0,0
10998,1984,3,2,0,0,0,0,1,0,0,0
11002,1986,3,3,0,0,0,0,0,0,0,0
11008,1985,4,2,1,0,0,0,2,0,0,0
11009,1971,9,9,2,0,0,0,0,0,1,0
11009,1972,7,7,3,0,0,0,0,0,0,0
11009,1973,7,7,1,0,0,0,0,0,0,0
11009,1974,14,14,5,0,0,0,0,0,1,0
11009,1975,8,6,3,1,0,0,1,1,0,0
11009,1976,15,13,3,1,1,0,2,0,1,0
11009,1977,13,12,4,1,0,0,1,0,4,0
11009,1978,2,2,1,0,0,0,0,0,1,0
11009,1979,10,9,1,1,0,0,1,0,0,0
11009,1980,7,7,3,0,1,0,0,0,0,0
11009,1981,4,3,2,0,0,0,1,0,0,0
11016,1965,2,2,1,0,0,0,0,0,1,0
11016,1967,1,0,0,0,0,0,0,1,0,0
11016,1970,8,7,0,0,0,0,1,0,2,0
11039,1982,3,2,0,0,0,0,0,0,0,0
11043,1965,1,1,0,0,0,0,0,0,0,0
11043,1969,9,9,1,0,0,0,0,0,1,0
11043,1971,1,1,0,0,0,0,0,0,0,0
11043,1973,1,1,0,0,0,0,0,0,0,0
11058,1973,1,1,0,0,0,0,0,0,0,0
11073,1973,2,1,0,0,0,0,0,0,1,0
11076,1973,2,2,1,0,0,0,0,0,1,0
11080,1969,1,1,0,0,0,0,0,0,0,0
11080,1971,1,1,0,0,0,0,0,0,1,0
11081,1975,3,2,1,0,0,0,0,0,0,0
11100,1983,6,5,1,0,0,0,1,0,2,0
11104,1979,5,5,0,0,0,0,0,0,1,0
11131,1965,2,2,0,0,0,0,0,0,0,0
11140,1983,5,4,1,0,0,0,0,0,1,0
11155,1968,7,7,0,0,0,0,0,0,1,0
11155,1969,12,10,2,1,0,0,1,0,3,0
11155,1970,6,4,1,0,0,1,2,0,2,0
11165,1967,5,4,2,0,0,0,1,0,0,0
11170,1975,3,2,0,0,0,0,1,0,0,0
11170,1976,6,6,0,0,0,0,0,0,1,0
11170,1977,4,3,2,1,0,1,1,0,0,0
11171,1984,7,6,1,0,0,0,0,0,1,1
11171,1985,4,3,1,0,0,0,1,0,0,0
11171,1986,10,9,4,0,0,1,1,0,0,0
11173,1987,2,2,0,0,0,0,0,0,0,0
11178,1979,3,2,1,0,0,0,0,0,1,1
11181,1967,4,4,0,0,0,0,0,0,0,0
11181,1968,1,1,1,0,0,0,0,0,0,0
11181,1969,8,8,0,0,0,0,0,0,2,0
11181,1970,12,10,2,0,0,0,1,0,2,0
11181,1971,6,6,1,0,0,0,0,0,1,0
11181,1977,2,1,1,0,0,0,1,0,0,0
11185,1967,2,2,0,0,0,0,0,0,0,0
11185,1969,3,2,0,0,0,0,0,0,0,0
11185,1971,4,4,0,0,0,0,0,0,0,0
11185,1972,5,4,0,0,0,0,0,0,0,0
11185,1973,3,3,0,0,0,0,0,0,0,0
11185,1975,5,4,2,1,0,0,0,0,0,0
11185,1977,8,7,1,0,0,0,1,0,3,0
11185,1978,2,0,0,0,0,0,0,0,0,0
11185,1982,3,3,0,0,0,0,0,0,0,0
11195,1986,5,4,2,0,0,0,1,0,0,0
11195,1987,2,2,0,0,0,0,0,0,0,0
11198,1976,3,2,0,0,0,0,0,0,0,0
11198,1979,2,2,0,0,0,0,0,0,1,0
11198,1980,3,2,0,0,0,0,1,0,1,0
11213,1978,9,8,1,1,0,0,1,0,1,0
11221,1975,8,7,3,0,0,0,1,0,2,0
11221,1976,8,7,4,1,0,0,0,1,1,0
11223,1965,3,3,1,0,0,1,0,0,1,0
11223,1966,1,0,0,0,0,0,0,0,0,0
11223,1967,6,4,1,0,0,0,2,0,0,0
11223,1968,10,10,0,0,0,0,0,0,4,0
11223,1969,3,1,0,0,0,0,2,0,0,0
11223,1970,4,4,1,0,0,0,0,0,0,0
11223,1971,4,3,1,0,0,0,1,0,0,0
11224,1980,4,4,0,0,0,0,0,0,1,0
11233,1984,10,8,3,1,0,0,1,0,1,1
11233,1985,11,9,2,1,0,0,1,0,3,1
11248,1978,4,4,0,0,0,0,0,0,0,0
11263,1985,4,2,1,1,0,0,2,0,0,0
11263,1986,2,2,1,0,0,0,0,0,0,0
11263,1987,6,5,2,1,0,0,1,0,0,0
11271,1975,1,1,0,0,0,0,0,0,0,0
11287,1976,8,7,1,0,0,0,1,0,0,0
11288,1974,9,9,3,1,1,0,0,0,3,0
11288,1975,3,3,1,0,0,0,0,0,0,0
11288,1976,11,11,3,1,0,0,0,0,1,0
11288,1977,17,16,2,0,1,0,0,0,2,0
11288,1978,11,11,5,0,1,0,0,0,1,0
11288,1979,13,11,3,0,0,0,1,0,1,0
11288,1980,8,7,4,2,0,0,1,0,1,0
11288,1981,6,6,2,0,0,0,0,0,0,0
11303,1968,6,5,0,0,0,0,0,0,1,0
11303,1969,2,2,0,0,0,0,0,0,0,0
11323,1964,2,0,0,0,0,0,1,1,0,0
11323,1965,2,2,1,0,0,0,0,0,1,0
11323,1967,8,7,2,0,0,0,0,0,1,0
11323,1968,18,18,5,0,0,0,0,0,0,0
11323,1969,4,3,1,0,0,0,1,0,0,0
11323,1974,1,1,0,0,0,0,0,0,0,0
11323,1975,1,1,0,0,0,0,0,0,0,0
11323,1976,2,1,0,0,0,0,0,1,0,0
11345,1980,2,2,1,0,0,0,0,0,0,0
11346,1976,7,6,2,1,0,0,1,0,1,0
11346,1977,5,4,1,0,0,0,1,0,1,0
11346,1978,5,4,3,0,1,0,1,0,0,0
11346,1979,5,5,2,0,0,0,0,0,0,0
11346,1980,4,4,1,0,0,0,0,0,0,0
11346,1981,3,3,0,0,0,0,0,0,1,0
11346,1982,10,10,2,0,0,0,0,0,2,0
11346,1983,8,8,2,0,0,0,0,0,0,0
11348,1977,4,3,0,0,0,0,1,0,3,0
11348,1978,5,3,0,0,0,0,2,0,1,0
11348,1979,8,6,2,0,0,1,2,0,2,0
11348,1980,9,7,2,1,0,0,2,0,1,0
11368,1985,3,3,2,0,0,0,0,0,1,0
11368,1986,3,3,1,0,0,0,0,0,0,0
11368,1987,1,1,1,0,0,0,0,0,0,0
11369,1984,6,3,0,0,0,0,1,0,0,2
11369,1985,4,4,2,0,0,0,0,0,0,0
11382,1974,1,0,0,0,0,0,1,0,0,0
11409,1972,11,11,2,0,0,0,0,0,1,0
11409,1973,5,5,0,0,0,0,0,0,1,0
11409,1974,6,6,0,0,0,0,0,0,2,0
11409,1975,3,1,0,0,0,0,1,1,0,0
11409,1976,4,4,0,0,0,0,0,0,1,0
11409,1977,17,16,3,0,0,0,1,0,3,0
11409,1978,9,8,2,0,0,0,1,0,1,0
11409,1979,14,12,5,1,0,0,2,0,1,0
11409,1980,6,6,3,2,0,0,0,0,1,0
11409,1981,6,5,2,0,0,1,1,0,1,0
11417,1965,1,0,0,0,0,0,0,0,0,1
11418,1985,4,1,0,0,0,0,2,1,0,0
11418,1986,3,2,1,0,0,1,1,0,0,0
11419,1972,2,2,0,0,0,0,0,0,1,0
11419,1973,4,4,1,0,0,0,0,0,1,0
11419,1974,5,4,1,0,0,0,1,0,0,0
11419,1975,6,5,3,1,0,0,1,0,0,0
11419,1976,5,4,3,2,0,1,1,0,0,0
11419,1977,20,14,5,1,0,0,5,0,4,1
11419,1979,8,7,3,1,0,0,1,0,1,0
11422,1981,3,3,2,0,0,0,0,0,1,0
11422,1982,12,9,4,0,0,1,3,0,2,0
11422,1983,5,5,1,0,0,0,0,0,3,0
11433,1967,4,4,1,0,0,1,0,0,1,0
11433,1968,1,1,0,0,0,0,0,0,0,0
11442,1987,2,2,1,1,0,0,0,0,0,0
11448,1979,8,8,3,0,0,0,0,0,0,0
11455,1981,1,0,0,0,0,0,1,0,0,0
11455,1982,13,13,6,0,0,0,0,0,3,0
11455,1983,6,6,2,0,0,0,0,0,1,0
11456,1974,3,3,0,0,0,0,0,0,2,0
11456,1975,14,14,5,0,0,2,0,0,2,0
11456,1984,11,8,2,1,0,0,3,0,2,0
11456,1985,2,2,1,0,0,0,0,0,0,0
11458,1985,4,4,0,0,0,0,0,0,1,0
11468,1979,1,1,0,0,0,0,0,0,0,0
11478,1979,2,2,0,0,0,0,0,0,0,0
11493,1982,2,2,0,0,0,0,0,0,0,0
11505,1967,8,8,2,0,0,0,0,0,0,0
11505,1968,5,5,1,0,0,1,0,0,1,0
11505,1969,24,23,7,0,1,0,0,0,2,0
11505,1970,9,8,2,0,0,0,1,0,2,0
11505,1972,15,15,2,0,0,0,0,0,3,0
11505,1973,12,11,0,0,0,0,1,0,0,0
11505,1974,8,8,0,0,0,0,0,0,1,0
11505,1975,12,10,2,0,1,0,1,0,3,0
11505,1976,5,5,1,0,0,0,0,0,1,0
11505,1977,5,4,1,0,0,0,0,0,1,0
11517,1984,3,3,0,0,0,0,0,0,0,0
11517,1985,7,7,2,0,0,0,0,0,1,0
11517,1986,17,14,5,3,0,0,2,0,2,0
11517,1987,7,7,4,1,0,0,0,0,0,0
11518,1981,1,1,0,0,0,0,0,0,0,0
11523,1976,3,2,0,0,0,0,1,0,0,0
11549,1972,7,6,0,0,0,0,0,0,1,0
11549,1975,8,8,4,0,0,0,0,0,0,0
11549,1976,7,7,2,0,0,0,0,0,0,0
11551,1969,8,8,1,1,0,0,0,0,3,0
11551,1970,3,3,1,0,0,1,0,0,0,0
11551,1971,8,7,4,0,0,0,1,0,2,0
11551,1972,15,13,2,0,1,0,1,0,4,1
11551,1973,6,6,5,1,0,0,0,0,0,0
11551,1974,7,6,2,1,0,1,0,1,0,0
11551,1975,7,7,1,0,0,0,0,0,3,0
11551,1976,3,3,0,0,0,0,0,0,1,0
11553,1972,3,3,1,0,0,0,0,0,1,0
11553,1973,2,2,0,0,0,0,0,0,0,0
11565,1973,1,1,0,0,0,0,0,0,0,0
11571,1986,3,3,2,0,0,0,0,0,0,0
11574,1965,1,1,0,0,0,0,0,0,0,0
11580,1984,4,4,0,0,0,0,0,0,2,0
11580,1985,14,14,4,0,0,0,0,0,4,0
11580,1986,10,8,2,0,0,1,1,0,1,0
11580,1987,3,1,0,0,0,0,2,0,0,0
11594,1979,11,11,4,2,0,0,0,0,0,0
11594,1980,4,4,1,0,0,0,0,0,1,0
11594,1982,4,4,0,0,0,0,0,0,0,0
11594,1983,3,2,0,0,0,0,1,0,1,0
11597,1965,1,1,0,0,0,0,0,0,0,0
11599,1975,8,8,2,0,0,0,0,0,4,0
11599,1976,12,12,3,1,0,0,0,0,1,0
11599,1977,10,10,4,0,0,1,0,0,1,0
11599,1978,9,7,1,0,0,0,2,0,1,0
11599,1979,12,12,3,0,0,1,0,0,1,0
11599,1980,3,3,2,2,0,0,0,0,0,0
11599,1981,2,2,0,0,0,0,0,0,0,0
11599,1982,10,8,2,0,0,0,1,0,1,0
11619,1968,2,1,0,0,0,0,1,0,0,0
11635,1983,1,1,0,0,0,0,0,0,0,0
11645,1974,6,6,1,0,0,0,0,0,0,0
11645,1976,9,7,2,0,0,0,1,0,1,1
11645,1977,3,3,1,0,0,0,0,0,1,0
11645,1978,6,6,3,2,0,0,0,0,1,0
11645,1979,15,15,6,1,0,1,0,0,3,0
11645,1980,8,7,0,0,0,0,0,1,2,0
11654,1973,3,3,1,0,0,0,0,0,0,0
11654,1974,2,2,1,0,0,0,0,0,1,0
11660,1973,4,3,1,0,0,0,0,1,1,0
11660,1974,5,5,1,0,0,0,0,0,0,0
11660,1975,5,5,2,0,0,0,0,0,2,0
11660,1977,9,8,2,0,0,0,0,0,1,1
11660,1978,3,3,2,0,0,0,0,0,0,0
11660,1979,1,1,0,0,0,0,0,0,1,0
11660,1980,6,6,1,1,0,0,0,0,2,0
11662,1965,3,1,0,0,0,0,1,0,0,0
11662,1966,1,1,0,0,0,0,0,0,0,0
11662,1967,1,1,0,0,0,0,0,0,1,0
11667,1972,9,8,0,0,0,0,0,0,1,0
11677,1973,4,3,0,0,0,0,1,0,1,0
11677,1974,14,12,1,0,0,0,2,0,0,0
11677,1975,8,8,3,0,0,0,0,0,1,0
11677,1976,7,6,1,0,0,0,1,0,1,0
11677,1977,5,5,1,1,0,0,0,0,0,0
11677,1978,2,2,1,0,0,0,0,0,0,0
11677,1979,2,2,1,0,0,0,0,0,0,0
11680,1984,10,10,4,1,0,0,0,0,1,0
11680,1985,5,5,2,1,0,0,0,0,1,0
11680,1986,6,5,1,0,0,0,1,0,1,0
11680,1987,5,4,0,0,0,0,1,0,0,0
11692,1987,2,2,1,0,0,0,0,0,0,0
11695,1977,2,2,1,0,0,0,0,0,1,0
11695,1978,2,0,0,0,0,0,1,0,0,0
11700,1976,4,4,1,0,0,0,0,0,0,0
11700,1979,1,1,0,0,0,0,0,0,0,0
11700,1980,6,6,3,0,0,0,0,0,0,0
11700,1983,2,2,1,0,0,0,0,0,0,0
11725,1969,4,3,1,0,0,0,1,0,0,0
11728,1971,9,8,2,0,0,0,0,0,1,1
11728,1972,4,4,1,0,0,0,0,0,0,0
11728,1976,4,4,2,0,0,0,0,0,1,0
11728,1977,1,1,0,0,0,0,0,0,0,0
11728,1978,10,8,1,0,0,1,2,0,1,0
11730,1977,5,4,2,1,0,0,1,0,2,0
11730,1978,8,7,2,0,0,0,1,0,2,0
11730,1979,2,2,1,0,0,0,0,0,0,0
11730,1980,15,15,6,3,0,0,0,0,1,0
11730,1981,6,6,1,0,0,1,0,0,1,0
11730,1982,7,6,1,0,0,0,1,0,2,0
11732,1983,1,1,0,0,0,0,0,0,0,0
11759,1982,2,2,0,0,0,0,0,0,0,0
11765,1983,4,4,1,1,0,0,0,0,0,0
11804,1970,2,2,0,0,0,0,0,0,2,0
11821,1979,3,3,0,0,0,0,0,0,1,0
11821,1980,1,1,0,0,0,0,0,0,0,0
11821,1982,3,3,1,0,0,0,0,0,0,0
11821,1983,14,14,5,0,0,1,0,0,1,0
11845,1968,2,2,0,0,0,0,0,0,1,0
11846,1983,3,3,0,0,0,0,0,0,0,0
11886,1965,2,2,0,0,0,0,0,0,0,0
11887,1983,3,3,0,0,0,0,0,0,3,0
11914,1979,5,5,1,0,0,0,0,0,0,0
11915,1982,4,4,1,0,0,0,0,0,1,0
11915,1984,9,9,2,1,0,0,0,0,1,0
11915,1985,7,7,2,0,0,0,0,0,1,0
11916,1971,3,2,0,0,0,0,1,0,1,0
11916,1975,1,1,0,0,0,0,0,0,0,0
11959,1987,3,3,1,0,0,0,0,0,0,0
11960,1980,3,3,1,0,0,0,0,0,0,0
11963,1982,7,7,0,0,0,0,0,0,1,0
11963,1983,9,8,1,0,0,0,1,0,2,0
11963,1985,3,2,0,0,0,0,1,0,2,0
11964,1984,5,5,3,1,0,2,0,0,0,0
11964,1985,4,3,0,0,0,0,1,0,1,0
11964,1986,4,4,1,0,0,0,0,0,0,0
11964,1987,5,4,2,1,0,0,1,0,0,0
11972,1972,1,1,0,0,0,0,0,0,0,0
11972,1973,2,2,0,0,0,0,0,0,0,0
11986,1978,6,6,2,0,0,0,0,0,1,0
11986,1979,5,4,1,0,0,0,1,0,1,0
11986,1980,6,4,1,0,0,0,2,0,0,0
11986,1981,5,5,0,0,0,0,0,0,2,0
11986,1982,3,3,1,0,0,0,0,0,1,0
11994,1976,9,9,2,1,0,0,0,0,2,0
11994,1977,4,3,1,0,0,0,1,0,1,0
11994,1978,3,3,1,0,0,0,0,0,0,0
11999,1982,9,9,2,0,0,1,0,0,1,0
11999,1983,8,7,1,0,0,0,1,0,3,0
12014,1977,1,1,0,0,0,0,0,0,0,0
12035,1984,3,3,2,0,0,0,0,0,0,0
12035,1985,10,10,1,0,0,0,0,0,2,0
12035,1986,6,6,2,0,0,0,0,0,2,0
12035,1987,4,3,1,0,0,0,0,0,0,1
12051,1975,2,2,0,0,0,0,0,0,2,0
12051,1976,3,3,0,0,0,0,0,0,0,0
12052,1964,1,1,0,0,0,0,0,0,1,0
12052,1965,3,3,0,0,0,0,0,0,0,0
12054,1986,4,3,1,0,0,0,0,1,2,0
12054,1987,9,9,3,1,0,0,0,0,1,0
12059,1986,3,3,3,0,0,1,0,0,0,0
12062,1984,7,7,2,0,0,0,0,0,1,0
12064,1969,1,1,0,0,0,0,0,0,0,0
12071,1985,6,4,2,0,0,0,2,0,0,0
12073,1969,2,2,0,0,0,0,0,0,0,0
12081,1970,3,3,2,0,0,1,0,0,0,0
12081,1971,9,8,2,0,1,1,1,0,2,0
12081,1972,7,5,4,1,0,0,2,0,1,0
12081,1973,9,7,2,0,0,0,2,0,1,0
12081,1974,8,8,2,1,0,0,0,0,1,0
12081,1975,12,10,1,0,0,0,1,0,1,1
12081,1976,17,16,3,0,0,1,1,0,2,0
12081,1977,11,9,4,2,0,0,2,0,2,0
12081,1978,19,17,5,0,1,0,2,0,3,0
12081,1979,6,4,0,0,0,0,1,0,2,1
12115,1970,3,3,1,0,0,1,0,0,0,0
12121,1969,2,1,0,0,0,0,0,0,1,0
12124,1977,1,1,0,0,0,0,0,0,1,0
12128,1968,3,3,2,0,0,0,0,0,1,0
12128,1969,1,0,0,0,0,0,0,0,0,0
12128,1970,3,3,0,0,0,0,0,0,0,0
12133,1979,2,1,0,0,0,0,0,0,1,0
12133,1980,3,2,1,0,0,0,0,0,0,0
12133,1982,4,4,2,0,0,0,0,0,1,0
12140,1983,5,4,0,0,0,0,1,0,1,0
12162,1978,4,2,1,0,0,0,2,0,0,0
12199,1964,1,0,0,0,0,0,1,0,0,0
12199,1965,9,7,5,1,0,1,2,0,0,0
12199,1966,2,1,0,0,0,0,1,0,0,0
12199,1967,5,5,0,0,0,0,0,0,0,0
12199,1968,13,10,3,0,1,1,3,0,1,0
12199,1969,1,1,0,0,0,0,0,0,0,0
12202,1987,10,8,4,1,0,1,2,0,1,0
12206,1979,5,5,0,0,0,0,0,0,3,0
12206,1980,4,3,0,0,0,0,0,0,1,0
12207,1984,10,9,2,0,0,0,1,0,1,0
12207,1985,7,5,1,1,0,0,2,0,1,0
12207,1986,4,4,1,0,0,0,0,0,0,0
12207,1987,4,4,1,0,0,0,0,0,1,0
12213,1984,7,7,1,0,0,0,0,0,2,0
12213,1985,10,9,1,0,0,0,1,0,4,0
12213,1986,11,10,2,0,0,0,1,0,2,0
12213,1987,6,5,0,0,0,0,1,0,0,0
12215,1968,3,3,1,0,0,0,0,0,0,0
12215,1969,3,3,0,0,0,0,0,0,2,0
12218,1976,4,4,0,0,0,0,0,0,3,0
12218,1978,4,3,0,0,0,0,1,0,0,0
12218,1980,1,1,0,0,0,0,0,0,0,0
12221,1984,4,3,1,0,0,0,1,0,1,0
12221,1985,14,11,2,0,0,1,3,0,2,0
12221,1986,11,11,4,0,0,0,0,0,0,0
12221,1987,1,1,1,0,0,1,0,0,0,0
12239,1977,17,16,3,1,0,0,1,0,6,0
12239,1978,17,17,6,1,0,0,0,0,3,0
12239,1979,9,8,2,0,0,0,0,0,1,1
12239,1980,11,11,5,0,0,2,0,0,1,0
12244,1969,2,2,0,0,0,0,0,0,1,0
12257,1982,4,4,1,1,0,0,0,0,1,0
12257,1983,3,3,0,0,0,0,0,0,0,0
12257,1985,5,4,2,0,1,0,1,0,0,0
12257,1987,3,2,2,0,0,0,1,0,0,0
12268,1984,5,3,2,1,1,0,1,0,0,0
12268,1985,9,8,1,0,0,0,1,0,0,0
12268,1986,4,4,1,0,0,0,0,0,0,0
12277,1984,7,7,3,0,0,0,0,0,1,0
12277,1985,3,3,0,0,0,0,0,0,1,0
12277,1986,2,2,1,0,1,0,0,0,0,0
12277,1987,3,3,0,0,0,0,0,0,1,0
12292,1982,9,8,3,0,0,0,1,0,1,0
12294,1966,2,2,0,0,0,0,0,0,0,0
12294,1967,8,6,1,0,0,0,2,0,1,0
12294,1968,13,10,3,1,0,0,3,0,0,0
12294,1969,13,12,2,0,0,1,1,0,2,0
12294,1970,16,12,4,0,0,1,3,0,3,1
12294,1971,15,15,6,0,0,1,0,0,1,0
12294,1972,12,11,4,1,0,1,1,0,1,0
12294,1973,10,7,0,0,0,0,3,0,1,0
12294,1974,6,6,3,1,0,0,0,0,0,0
12295,1970,1,1,0,0,0,0,0,0,0,0
12295,1972,3,3,1,0,0,0,0,0,0,0
12295,1974,1,1,1,0,0,0,0,0,0,0
12299,1977,1,1,0,0,0,0,0,0,0,0
12305,1983,1,1,0,0,0,0,0,0,0,0
12319,1984,3,3,0,0,0,0,0,0,0,0
12319,1985,1,1,0,0,0,0,0,0,0,0
12327,1969,1,1,0,0,0,0,0,0,0,0
12328,1987,4,3,1,0,0,0,1,0,0,0
12340,1965,4,4,2,0,0,0,0,0,0,0
12340,1966,3,3,0,0,0,0,0,0,0,0
12340,1967,5,4,2,0,1,0,0,0,0,0
12340,1968,9,9,5,2,0,0,0,0,2,0
12340,1969,17,17,4,0,0,0,0,0,1,0
12340,1970,7,7,2,0,0,0,0,0,1,0
12340,1971,13,13,5,0,0,0,0,0,1,0
12340,1972,4,4,1,0,1,0,0,0,1,0
12348,1979,2,2,2,0,0,0,0,0,0,0
12373,1967,3,3,0,0,0,0,0,0,0,0
12373,1968,2,2,1,1,0,0,0,0,0,0
12373,1971,1,1,0,0,0,0,0,0,1,0
12373,1972,2,2,0,0,0,0,0,0,0,0
12373,1973,2,2,0,0,0,0,0,0,2,0
12373,1974,2,2,1,1,0,0,0,0,1,0
12375,1970,1,1,1,0,0,1,0,0,0,0
12386,1981,7,6,3,0,2,0,0,1,0,0
12386,1982,8,8,2,0,0,0,0,0,1,0
12386,1983,14,14,5,0,0,0,0,0,1,0
12402,1984,8,7,2,0,0,0,1,0,0,0
12402,1985,13,13,2,0,1,0,0,0,0,0
12402,1986,11,10,2,1,0,0,1,0,1,0
12402,1987,7,7,2,0,0,0,0,0,0,0
12412,1964,2,1,1,0,0,0,0,0,0,0
12412,1965,2,2,1,0,0,0,0,0,0,0
12412,1966,1,1,0,0,0,0,0,0,0,0
12412,1967,2,2,0,0,0,0,0,0,1,0
12412,1968,3,3,0,0,0,0,0,0,1,0
12412,1969,4,4,2,0,0,0,0,0,0,0
12412,1970,8,8,3,0,0,0,0,0,2,0
12412,1971,8,8,2,0,0,0,0,0,0,0
12414,1973,1,1,0,0,0,0,0,0,0,0
12414,1974,20,18,3,0,0,1,2,0,8,0
12414,1975,12,11,3,1,0,1,1,0,4,0
12414,1976,7,7,3,2,0,0,0,0,0,0
12414,1977,11,11,5,2,0,0,0,0,3,0
12414,1978,16,14,3,0,0,0,2,0,4,0
12414,1979,16,14,7,2,0,0,2,0,0,0
12414,1980,14,13,2,0,0,0,1,0,4,0
12414,1986,14,13,6,1,0,0,1,0,1,0
12414,1987,8,7,0,0,0,0,1,0,1,0
12434,1967,2,2,0,0,0,0,0,0,1,0
12434,1968,5,5,1,0,0,0,0,0,1,0
12434,1972,3,3,2,0,0,0,0,0,0,0
12434,1981,4,4,0,0,0,0,0,0,1,0
12449,1980,8,7,1,0,0,0,1,0,1,0
12449,1981,3,3,1,0,0,1,0,0,0,0
12449,1982,6,6,2,1,0,0,0,0,2,0
12481,1982,7,7,3,0,0,0,0,0,1,0
12481,1983,1,1,0,0,0,0,0,0,1,0
12484,1966,1,1,1,1,0,0,0,0,0,0
12496,1972,3,3,2,0,0,1,0,0,0,0
12496,1973,9,7,1,0,0,0,2,0,0,0
12504,1969,9,8,2,0,0,0,0,0,1,0
12504,1970,3,2,1,1,0,0,0,0,0,1
12504,1971,6,6,1,0,0,0,0,0,0,0
12525,1985,3,3,1,0,0,0,0,0,1,0
12543,1986,3,3,0,0,0,0,0,0,0,0
12547,1964,1,1,0,0,0,0,0,0,0,0
12547,1965,1,1,0,0,0,0,0,0,0,0
12547,1966,2,2,1,0,0,0,0,0,0,0
12547,1967,12,9,4,3,0,0,3,0,2,0
12547,1968,10,8,3,0,0,2,1,0,1,1
12547,1969,13,12,3,0,0,0,1,0,4,0
12547,1970,11,9,2,0,0,2,2,0,2,0
12547,1971,5,5,2,0,0,0,0,0,1,0
12547,1972,7,5,1,1,0,0,2,0,0,0
12547,1973,2,2,0,0,0,0,0,0,0,0
12547,1974,16,11,1,0,0,0,5,0,3,0
12547,1975,12,12,4,0,0,1,0,0,3,0
12548,1983,3,3,0,0,0,0,0,0,1,0
12569,1973,3,3,0,0,0,0,0,0,3,0
12569,1974,4,4,2,2,0,0,0,0,0,0
12569,1975,10,10,0,0,0,0,0,0,2,0
12569,1977,8,6,2,0,0,0,1,0,1,0
12569,1978,10,9,1,0,0,0,1,0,2,0
12569,1979,14,14,3,0,0,0,0,0,3,0
12569,1980,6,6,0,0,0,0,0,0,2,0
12569,1982,3,3,0,0,0,0,0,0,1,0
12569,1986,2,1,1,1,0,0,1,0,0,0
12581,1974,1,1,0,0,0,0,0,0,1,0
12605,1969,9,8,3,1,0,0,1,0,0,0
12610,1976,1,1,1,0,0,0,0,0,0,0
12610,1977,6,6,0,0,0,0,0,0,1,0
12610,1978,3,3,2,1,0,0,0,0,0,0
12610,1979,14,13,5,2,0,0,0,1,0,0
12610,1980,8,7,1,1,0,0,1,0,0,0
12610,1982,3,3,0,0,0,0,0,0,2,0
12610,1983,3,2,1,0,0,1,1,0,0,0
12618,1984,6,5,1,0,0,0,0,1,2,0
12618,1985,4,4,0,0,0,0,0,0,1,0
12623,1984,12,11,3,2,0,0,1,0,1,0
12623,1985,5,5,3,1,0,0,0,0,1,0
12623,1986,4,3,1,0,0,1,0,1,1,0
12623,1987,3,3,1,1,0,0,0,0,1,0
12628,1971,2,2,1,0,0,0,0,0,0,0
12629,1976,3,3,0,0,0,0,0,0,1,0
12629,1977,2,2,0,0,0,0,0,0,0,0
12629,1982,2,2,1,0,0,0,0,0,1,0
12670,1973,9,8,4,0,0,2,1,0,0,0
12670,1974,12,10,4,0,0,1,2,0,3,0
12670,1975,4,4,1,1,0,0,0,0,0,0
12670,1976,14,10,2,0,0,0,4,0,2,0
