1,1963,4,4,1,1,0,0,0,0,0,0
1,1964,13,11,4,0,0,1,2,0,0,0
1,1965,5,5,0,0,0,0,0,0,3,0
1,1966,17,15,2,0,0,0,1,0,3,1
1,1967,20,20,9,3,0,0,0,0,3,0
1,1968,15,14,4,1,1,0,1,0,5,0
1,1969,9,9,5,2,0,0,0,0,2,0
1,1970,14,11,1,0,0,0,3,0,1,0
1,1971,14,13,4,2,0,1,1,0,0,0
1,1975,8,7,2,0,0,1,1,0,3,0
2,1963,1,1,1,0,0,0,0,0,0,0
2,1968,4,4,1,0,0,0,0,0,0,0
2,1970,1,1,0,0,0,0,0,0,0,0
17,1967,1,1,0,0,0,0,0,0,1,0
40,1971,2,2,0,0,0,0,0,0,1,0
55,1977,3,2,2,0,0,0,1,0,0,0
64,1983,2,2,0,0,0,0,0,0,1,0
81,1967,2,2,0,0,0,0,0,0,0,0
88,1968,12,12,0,0,0,0,0,0,4,0
88,1969,15,14,3,0,0,0,1,0,1,0
88,1971,7,6,2,0,0,1,1,0,0,0
92,1981,5,5,4,0,0,0,0,0,0,0
102,1977,1,1,0,0,0,0,0,0,0,0
102,1980,6,6,2,0,0,0,0,0,0,0
102,1982,10,10,2,0,0,0,0,0,1,0
102,1983,6,5,2,0,0,1,1,0,0,0
124,1968,4,4,0,0,0,0,0,0,1,0
138,1981,4,4,0,0,0,0,0,0,1,0
140,1980,7,6,1,0,0,0,1,0,4,0
143,1976,1,1,0,0,0,0,0,0,0,0
160,1972,15,12,1,1,0,0,3,0,6,0
164,1964,10,9,2,0,1,0,0,0,4,0
164,1965,13,12,3,0,0,2,1,0,5,0
164,1966,9,9,2,0,1,1,0,0,5,0
164,1967,13,12,2,1,0,1,1,0,4,0
164,1968,7,6,3,1,0,1,0,0,2,0
164,1969,13,13,2,0,0,0,0,0,2,0
164,1970,3,3,2,0,0,1,0,0,0,0
164,1971,18,16,5,0,0,0,1,0,2,1
164,1972,12,11,4,0,0,1,1,0,2,0
164,1973,10,8,4,1,0,0,1,0,0,0
164,1974,12,10,1,0,0,1,2,0,5,0
165,1980,1,1,0,0,0,0,0,0,0,0
165,1982,5,4,1,0,0,0,1,0,0,0
165,1983,3,2,0,0,0,0,1,0,0,0
167,1964,3,2,1,0,0,0,1,0,0,0
167,1965,8,7,5,0,0,0,1,0,1,0
167,1966,18,17,10,1,0,0,0,0,1,0
167,1967,21,21,4,0,0,0,0,0,2,0
167,1968,15,15,1,1,0,0,0,0,4,0
167,1969,16,16,2,0,1,0,0,0,1,0
167,1970,7,7,1,0,0,0,0,0,1,0
167,1971,2,2,1,0,0,0,0,0,0,0
175,1972,1,1,0,0,0,0,0,0,1,0
189,1982,1,1,0,0,0,0,0,0,0,0
189,1983,3,3,1,0,0,0,0,0,0,0
198,1972,7,7,3,0,0,0,0,0,1,0
198,1973,11,11,1,0,0,0,0,0,2,0
198,1974,6,5,1,0,0,0,0,0,1,1
198,1975,5,4,0,0,0,0,1,0,1,0
198,1976,2,2,0,0,0,0,0,0,0,0
201,1964,4,4,1,1,0,0,0,0,1,0
201,1965,5,5,1,0,0,0,0,0,0,0
201,1966,17,17,6,1,0,0,0,0,2,0
201,1967,21,21,5,0,0,1,0,0,2,0
201,1968,15,12,4,0,0,1,2,1,1,0
201,1969,14,13,4,2,0,0,1,0,1,0
201,1972,1,1,0,0,0,0,0,0,0,0
202,1969,7,7,2,1,0,0,0,0,2,0
202,1970,11,11,6,0,1,0,0,0,0,0
202,1971,7,6,0,0,0,0,0,1,0,0
202,1974,1,1,0,0,0,0,0,0,0,0
202,1978,1,1,0,0,0,0,0,0,0,0
204,1966,22,22,5,1,0,0,0,0,1,0
204,1967,24,24,4,0,1,0,0,0,2,0
204,1968,10,9,2,0,0,0,1,0,0,0
204,1969,17,15,3,0,0,0,2,0,2,0
204,1970,9,9,0,0,0,0,0,0,0,0
204,1971,6,6,1,0,0,0,0,0,0,0
204,1972,4,3,0,0,0,0,1,0,1,0
204,1973,16,16,3,0,0,0,0,0,1,0
210,1962,2,2,1,0,1,0,0,0,0,0
210,1963,1,1,0,0,0,0,0,0,0,0
210,1964,17,14,3,2,0,1,2,0,2,1
210,1965,1,1,0,0,0,0,0,0,0,0
210,1966,5,5,1,0,0,0,0,0,2,0
210,1967,1,0,0,0,0,0,1,0,0,0
230,1972,7,7,1,0,0,0,0,0,2,0
230,1973,4,4,2,0,0,0,0,0,0,0
245,1962,5,5,2,0,0,0,0,0,0,0
245,1964,5,5,3,1,0,0,0,0,0,0
249,1964,6,6,0,0,0,0,0,0,1,0
249,1965,4,4,1,0,0,0,0,0,1,0
279,1980,6,6,2,0,0,0,0,0,2,0
310,1972,11,10,1,1,0,0,1,0,1,0
310,1973,6,5,0,0,0,0,1,0,2,0
311,1978,6,6,3,1,0,0,0,0,2,0
314,1979,3,2,0,0,0,0,0,0,2,0
328,1972,16,14,5,1,0,0,1,0,0,0
328,1973,16,12,3,1,0,0,3,0,2,0
346,1969,6,6,2,0,0,0,0,0,1,0
346,1970,2,2,0,0,0,0,0,0,0,0
361,1971,3,3,0,0,0,0,0,0,0,0
363,1977,7,7,1,0,0,1,0,0,3,0
363,1980,7,7,3,1,0,0,0,0,2,0
363,1982,7,7,4,2,0,1,0,0,0,0
363,1983,13,12,1,0,0,1,0,1,4,0
381,1965,1,1,0,0,0,0,0,0,1,0
396,1975,3,3,0,0,0,0,0,0,2,0
396,1976,6,6,2,1,0,0,0,0,2,0
396,1977,3,3,1,0,0,0,0,0,1,0
396,1979,10,10,1,0,0,0,0,0,2,0
396,1981,2,2,1,0,0,0,0,0,0,0
406,1962,5,5,4,0,0,0,0,0,0,0
406,1963,6,6,0,0,0,0,0,0,1,0
406,1964,5,5,0,0,0,0,0,0,0,0
406,1965,7,7,3,1,0,0,0,0,2,0
406,1966,6,6,1,0,0,0,0,0,1,0
406,1967,4,4,2,0,0,0,0,0,1,0
406,1968,5,5,1,1,0,0,0,0,1,0
406,1969,1,1,0,0,0,0,0,0,0,0
406,1970,6,6,2,0,0,0,0,0,0,0
407,1963,1,0,0,0,0,0,1,0,0,0
409,1978,4,3,0,0,0,0,0,0,2,1
409,1979,4,4,1,0,0,0,0,0,0,0
426,1972,7,6,2,0,1,0,1,0,2,0
426,1978,3,3,1,1,0,0,0,0,1,0
487,1977,11,10,2,0,0,0,0,0,2,0
495,1977,4,4,0,0,0,0,0,0,0,0
495,1980,2,2,0,0,0,0,0,0,1,0
497,1962,2,2,1,0,0,0,0,0,1,0
497,1963,3,2,0,0,0,0,1,0,0,0
497,1964,10,10,1,0,0,0,0,0,2,0
497,1965,12,12,3,0,1,0,0,0,2,0
497,1966,14,14,1,0,0,0,0,0,3,0
497,1967,7,7,0,0,0,0,0,0,1,0
497,1968,6,5,0,0,0,0,1,0,4,0
497,1970,2,1,0,0,0,0,1,0,0,0
497,1971,9,8,1,0,0,0,1,0,5,0
499,1964,9,9,4,1,0,0,0,0,1,0
499,1965,2,2,0,0,0,0,0,0,1,0
508,1980,10,10,3,0,0,1,0,0,2,0
508,1982,5,5,1,0,0,0,0,0,0,0
508,1983,7,7,2,0,0,0,0,0,0,0
516,1978,9,9,3,0,0,0,0,0,2,0
516,1979,10,9,0,0,0,0,1,0,3,0
516,1981,13,13,3,0,0,0,0,0,0,0
520,1973,5,5,0,0,0,0,0,0,0,0
537,1975,4,4,0,0,0,0,0,0,1,0
545,1978,3,3,1,0,0,0,0,0,0,0
558,1982,6,6,1,0,0,0,0,0,1,0
560,1972,13,13,1,0,0,1,0,0,1,0
560,1973,17,15,5,0,0,1,1,0,2,0
560,1974,16,14,1,0,0,0,1,1,4,0
560,1975,19,19,1,0,0,1,0,0,7,0
560,1976,17,17,5,1,1,0,0,0,1,0
560,1977,6,6,2,1,0,1,0,0,0,0
560,1980,3,2,1,0,0,0,0,1,1,0
566,1962,2,1,0,0,0,0,1,0,0,0
566,1963,4,2,1,0,0,1,2,0,0,0
566,1964,13,12,2,1,0,0,1,0,4,0
566,1965,7,6,2,0,0,0,1,0,3,0
566,1966,12,11,5,0,0,0,1,0,1,0
566,1967,13,11,2,0,0,1,1,0,2,0
566,1968,13,12,1,0,0,0,0,1,2,0
566,1970,1,1,0,0,0,0,0,0,1,0
573,1977,8,6,5,0,0,0,1,1,0,0
573,1980,6,6,2,0,0,0,0,0,1,0
573,1982,4,4,2,1,0,0,0,0,2,0
586,1966,1,1,0,0,0,0,0,0,0,0
644,1981,1,1,1,0,0,0,0,0,0,0
666,1970,12,10,1,0,0,1,2,0,4,0
666,1971,15,15,5,0,1,0,0,0,0,0
686,1977,3,3,0,0,0,0,0,0,2,0
686,1981,2,2,1,0,0,0,0,0,0,0
694,1965,3,3,0,0,0,0,0,0,1,0
694,1966,6,6,1,0,0,0,0,0,2,0
694,1967,2,2,0,0,0,0,0,0,0,0
694,1968,4,3,1,1,0,0,0,1,0,0
694,1970,4,4,1,0,0,0,0,0,0,0
694,1971,9,7,2,0,0,1,1,0,2,1
728,1972,12,12,2,1,0,0,0,0,1,0
728,1974,14,14,3,0,0,0,0,0,4,0
728,1975,9,9,0,0,0,0,0,0,2,0
728,1976,18,17,6,0,0,0,1,0,1,0
728,1977,10,10,2,0,0,0,0,0,3,0
728,1980,3,3,1,0,0,0,0,0,0,0
728,1982,11,10,4,0,0,0,1,0,1,0
728,1983,5,4,2,0,0,0,0,1,1,0
734,1978,2,2,0,0,0,0,0,0,1,0
744,1963,1,1,0,0,0,0,0,0,0,0
744,1964,2,2,0,0,0,0,0,0,2,0
753,1968,1,1,0,0,0,0,0,0,0,0
760,1965,5,4,0,0,0,0,1,0,2,0
760,1966,13,13,4,1,0,0,0,0,0,0
760,1967,14,13,5,1,0,0,1,0,0,0
760,1968,18,16,3,0,0,0,1,0,0,0
760,1969,9,9,2,0,0,0,0,0,0,0
760,1970,9,9,4,0,0,0,0,0,0,0
760,1971,9,8,5,0,0,0,0,0,0,1
788,1972,10,8,0,0,0,0,2,0,3,0
788,1973,7,7,1,1,0,0,0,0,2,0
788,1974,13,9,1,0,0,0,2,0,1,0
788,1975,5,5,0,0,0,0,0,0,4,0
788,1976,14,14,2,0,0,0,0,0,1,0
788,1977,6,5,0,0,0,0,1,0,1,0
800,1975,4,4,1,0,0,0,0,0,1,0
800,1976,11,10,4,1,0,0,1,0,1,0
800,1977,4,4,1,0,0,0,0,0,1,0
800,1982,7,7,0,0,0,0,0,0,2,0
800,1983,4,4,0,0,0,0,0,0,0,0
818,1972,3,3,0,0,0,0,0,0,3,0
819,1976,4,4,2,0,0,0,0,0,2,0
819,1980,5,5,0,0,0,0,0,0,1,0
843,1967,6,6,3,1,0,0,0,0,1,0
843,1968,22,21,4,0,0,0,1,0,4,0
843,1969,20,19,8,0,0,0,1,0,4,0
843,1970,15,11,2,1,0,0,4,0,3,0
843,1971,17,17,0,0,0,0,0,0,3,0
843,1978,12,10,4,0,0,0,2,0,2,0
843,1979,9,9,4,0,0,0,0,0,2,0
843,1981,4,4,0,0,0,0,0,0,0,0
850,1974,4,4,1,1,0,0,0,0,0,0
850,1980,10,10,2,0,0,1,0,0,3,0
850,1982,4,4,2,1,0,0,0,0,1,0
850,1983,6,5,2,0,0,0,1,0,0,0
877,1978,2,2,0,0,0,0,0,0,1,0
894,1977,6,5,2,0,0,0,1,0,0,0
896,1979,5,4,3,1,0,0,1,0,1,0
896,1982,2,2,1,0,0,1,0,0,0,0
901,1979,2,2,0,0,0,0,0,0,0,0
901,1981,4,4,1,0,0,0,0,0,0,0
905,1972,1,1,0,0,0,0,0,0,1,0
905,1973,3,2,0,0,0,0,1,0,0,0
905,1974,5,4,2,1,0,0,1,0,2,0
911,1962,2,1,1,0,0,0,1,0,0,0
911,1963,6,5,0,0,0,0,1,0,1,0
911,1964,11,8,0,0,0,0,3,0,4,0
911,1965,4,3,0,0,0,0,1,0,1,0
931,1973,3,2,1,0,0,0,1,0,0,0
931,1975,3,3,0,0,0,0,0,0,1,0
957,1972,13,13,3,2,0,0,0,0,2,0
957,1973,8,8,3,0,0,0,0,0,1,0
957,1978,10,10,3,0,0,1,0,0,2,0
957,1979,5,5,3,2,0,0,0,0,0,0
957,1981,4,4,1,1,0,0,0,0,1,0
963,1972,14,14,4,0,0,0,0,0,2,0
964,1969,2,2,0,0,0,0,0,0,0,0
964,1970,1,1,0,0,0,0,0,0,0,0
964,1971,5,5,1,0,0,0,0,0,2,0
991,1974,4,4,0,0,0,0,0,0,2,0
991,1979,3,2,0,0,0,0,1,0,0,0
991,1981,4,4,1,0,0,0,0,0,1,0
997,1972,12,12,2,0,1,0,0,0,4,0
997,1973,11,10,5,0,0,0,1,0,2,0
997,1974,20,17,4,0,0,1,0,0,2,2
997,1975,11,11,4,0,0,0,0,0,2,0
997,1976,8,8,2,0,0,0,0,0,2,0
1014,1976,4,4,0,0,0,0,0,0,0,0
1021,1962,3,2,0,0,0,0,1,0,1,0
1023,1964,1,1,0,0,0,0,0,0,1,0
1023,1967,5,4,1,0,0,0,0,0,0,0
1024,1964,3,3,0,0,0,0,0,0,1,0
1024,1970,3,3,0,0,0,0,0,0,0,0
1030,1969,15,12,2,0,1,0,3,0,0,0
1040,1972,18,18,5,2,0,0,0,0,2,0
1040,1973,24,20,5,1,0,0,4,0,1,0
1040,1974,14,11,2,0,0,2,3,0,0,0
1040,1975,4,4,2,0,0,0,0,0,0,0
1047,1978,3,2,0,0,0,0,1,0,1,0
1047,1979,5,5,0,0,0,0,0,0,3,0
1050,1972,3,3,1,0,0,0,0,0,2,0
1050,1979,2,2,0,0,0,0,0,0,0,0
1054,1963,3,2,1,0,0,0,1,0,0,0
1054,1964,1,1,1,0,0,0,0,0,0,0
1054,1970,1,1,1,0,0,0,0,0,0,0
1055,1975,7,7,2,0,0,0,0,0,0,0
1055,1976,8,6,1,0,0,0,2,0,0,0
1055,1977,4,4,1,0,0,0,0,0,0,0
1055,1980,10,7,2,0,0,0,3,0,1,0
1056,1978,3,3,0,0,0,0,0,0,1,0
1068,1982,3,3,0,0,0,0,0,0,0,0
1072,1982,3,3,0,0,0,0,0,0,0,0
1072,1983,14,13,5,0,1,0,1,0,0,0
1079,1978,1,1,0,0,0,0,0,0,0,0
1079,1979,4,4,1,0,0,0,0,0,2,0
1085,1963,6,4,3,0,0,0,1,0,0,1
1085,1964,9,8,0,0,0,0,1,0,4,0
1085,1965,5,2,0,0,0,0,3,0,0,0
1085,1966,7,7,2,0,0,0,0,0,1,0
1094,1975,8,7,0,0,0,0,1,0,3,0
1094,1976,4,4,3,0,0,0,0,0,0,0
1094,1977,10,10,1,0,1,0,0,0,5,0
1096,1964,6,6,0,0,0,0,0,0,1,0
1096,1965,9,8,2,0,0,0,1,0,3,0
1103,1981,8,8,4,0,0,0,0,0,0,0
1107,1980,2,2,1,0,0,0,0,0,0,0
1107,1982,4,4,4,1,0,0,0,0,0,0
1107,1983,3,3,0,0,0,0,0,0,0,0
1108,1982,3,3,1,0,0,0,0,0,1,0
1115,1978,10,9,6,0,0,0,1,0,0,0
1115,1979,7,6,1,1,0,0,1,0,0,0
1115,1982,6,5,2,0,0,0,1,0,0,0
1115,1983,5,4,2,0,0,0,0,0,1,0
1122,1963,1,1,0,0,0,0,0,0,0,0
1131,1972,4,4,1,0,0,0,0,0,1,0
1131,1974,3,3,0,0,0,0,0,0,0,0
1131,1975,9,8,0,0,0,0,1,0,2,0
1139,1964,6,5,1,0,0,0,1,0,1,0
1141,1967,4,4,1,0,1,0,0,0,1,0
1144,1980,3,2,2,0,0,0,1,0,0,0
1148,1977,4,4,2,1,0,0,0,0,0,0
1148,1980,3,2,0,0,0,0,1,0,0,0
1149,1972,2,2,0,0,0,0,0,0,2,0
1153,1975,9,9,2,0,1,0,0,0,1,0
1153,1976,19,18,4,0,0,0,1,0,2,0
1153,1977,6,6,3,1,1,0,0,0,0,0
1155,1968,4,4,0,0,0,0,0,0,0,0
1155,1969,4,4,3,1,0,0,0,0,0,0
1155,1970,3,3,2,0,0,0,0,0,0,0
1155,1971,7,6,3,0,0,1,1,0,0,0
1173,1974,7,6,3,1,0,0,1,0,2,0
1179,1970,3,3,1,0,0,0,0,0,0,0
1179,1971,7,6,3,0,0,0,1,0,0,0
1179,1978,10,9,2,0,0,0,1,0,1,0
1179,1979,8,8,4,0,0,0,0,0,0,0
1179,1981,6,6,2,0,0,0,0,0,1,0
1207,1967,18,18,2,0,0,0,0,0,5,0
1207,1968,3,3,0,0,0,0,0,0,0,0
1207,1969,12,12,3,0,0,0,0,0,2,0
1207,1970,10,10,1,0,0,0,0,0,4,0
1208,1963,2,2,1,0,0,0,0,0,1,0
1208,1964,6,6,0,0,0,0,0,0,2,0
1208,1965,13,11,4,0,0,0,2,0,2,0
1208,1966,7,7,0,0,0,0,0,0,2,0
1208,1967,3,3,1,0,0,0,0,0,0,0
1208,1968,2,2,1,0,0,0,0,0,0,0
1220,1971,4,4,1,0,0,0,0,0,1,0
1255,1963,1,1,0,0,0,0,0,0,0,0
1255,1965,6,6,2,0,0,0,0,0,2,0
1255,1967,3,2,0,0,0,0,1,0,0,0
1255,1968,4,3,1,0,0,0,1,0,0,0
1255,1969,4,2,1,1,0,0,2,0,1,0
1255,1970,5,5,1,1,0,0,0,0,0,0
1262,1972,10,10,4,1,0,0,0,0,2,0
1262,1973,5,5,1,0,0,0,0,0,0,0
1262,1974,7,5,1,0,0,0,1,0,2,0
1262,1975,17,16,8,1,1,0,1,0,2,0
1262,1976,16,16,2,0,0,0,0,0,2,0
1262,1977,13,13,3,1,0,0,0,0,2,0
1264,1971,1,0,0,0,0,0,1,0,0,0
1277,1971,1,1,0,0,0,0,0,0,0,0
1290,1966,11,11,3,0,1,0,0,0,4,0
1291,1974,12,11,2,1,0,0,1,0,1,0
1291,1975,17,16,2,1,0,1,0,0,2,0
1291,1976,6,6,3,1,0,0,0,0,1,0
1291,1977,16,13,6,1,0,0,2,0,1,0
1291,1980,2,2,0,0,0,0,0,0,0,0
1291,1982,12,10,4,0,1,1,2,0,2,0
1298,1969,1,1,0,0,0,0,0,0,1,0
1298,1971,1,1,1,0,0,0,0,0,0,0
1317,1964,1,1,1,0,0,0,0,0,0,0
1317,1965,8,7,2,1,1,0,1,0,1,0
1317,1966,5,5,0,0,0,0,0,0,2,0
1317,1967,13,10,2,0,0,0,3,0,3,0
1317,1968,10,9,4,0,0,0,1,0,0,0
1317,1969,6,5,1,1,0,0,1,0,2,0
1317,1970,9,9,2,0,0,0,0,0,1,0
1317,1972,8,8,1,1,0,0,0,0,1,0
1317,1973,3,3,0,0,0,0,0,0,1,0
1317,1974,18,16,2,2,0,0,2,0,6,0
1317,1975,16,15,3,0,0,2,1,0,2,0
1320,1966,1,1,0,0,0,0,0,0,1,0
1320,1967,2,2,0,0,0,0,0,0,2,0
1320,1969,4,4,1,0,0,0,0,0,0,0
1322,1973,2,2,0,0,0,0,0,0,2,0
1323,1972,16,16,3,1,0,0,0,0,1,0
1323,1973,12,12,3,0,0,0,0,0,2,0
1323,1974,4,4,0,0,0,0,0,0,2,0
1323,1975,1,1,0,0,0,0,0,0,0,0
1338,1979,4,4,0,0,0,0,0,0,4,0
1345,1962,3,2,1,0,0,0,1,0,0,0
1345,1963,6,6,2,0,0,1,0,0,1,0
1345,1964,6,6,0,0,0,0,0,0,5,0
1345,1965,11,11,3,0,1,0,0,0,3,0
1345,1966,16,16,4,1,0,0,0,0,3,0
1345,1967,19,18,2,0,0,0,1,0,4,0
1345,1968,12,12,3,1,1,0,0,0,1,0
1345,1969,18,17,3,0,0,0,1,0,1,0
1345,1970,9,8,2,0,0,0,1,0,1,0
1345,1971,6,6,1,0,0,0,0,0,0,0
1345,1978,13,12,3,2,0,0,1,0,1,0
1345,1979,5,4,1,0,0,0,1,0,0,0
1349,1966,1,1,1,0,0,0,0,0,0,0
1351,1975,2,2,0,0,0,0,0,0,0,0
1351,1976,4,3,0,0,0,0,0,0,0,1
1351,1980,9,8,2,0,0,0,0,0,0,0
1358,1981,3,3,2,1,0,0,0,0,1,0
1361,1980,3,3,1,0,0,0,0,0,1,0
1361,1982,5,5,2,0,0,1,0,0,2,0
1370,1982,4,3,0,0,0,0,1,0,1,0
1374,1980,2,2,1,0,0,1,0,0,0,0
1380,1966,9,9,2,0,0,0,0,0,2,0
1380,1970,2,2,0,0,0,0,0,0,0,0
1380,1971,1,1,1,0,0,0,0,0,0,0
1386,1983,7,7,1,0,0,0,0,0,0,0
1393,1972,13,13,3,0,0,1,0,0,2,0
1393,1973,14,13,2,0,0,0,1,0,3,0
1393,1974,2,2,2,0,0,0,0,0,0,0
1411,1972,6,6,0,0,0,0,0,0,1,0
1420,1969,16,14,5,0,1,1,2,0,1,0
1420,1970,14,11,3,1,0,1,3,0,4,0
1420,1971,14,10,2,0,0,0,4,0,3,0
1422,1962,1,0,0,0,0,0,1,0,0,0
1437,1963,1,1,0,0,0,0,0,0,0,0
1437,1965,1,1,0,0,0,0,0,0,0,0
1458,1982,7,7,2,0,0,0,0,0,1,0
1458,1983,6,6,1,0,0,0,0,0,1,0
1465,1969,3,3,0,0,0,0,0,0,1,0
1471,1973,6,6,1,0,0,0,0,0,1,0
1471,1974,4,4,1,0,0,0,0,0,0,0
1471,1975,12,9,1,0,0,0,3,0,4,0
1471,1976,6,6,2,1,0,0,0,0,2,0
1471,1978,1,1,0,0,0,0,0,0,1,0
1480,1965,2,2,1,0,0,0,0,0,1,0
1480,1967,4,4,0,0,0,0,0,0,1,0
1483,1969,1,1,0,0,0,0,0,0,0,0
1483,1970,2,2,1,0,0,0,0,0,0,0
1483,1971,19,18,4,1,0,0,0,0,0,0
1483,1978,10,9,4,0,0,0,1,0,0,0
1483,1979,10,8,1,1,0,0,2,0,0,0
1483,1981,4,4,1,0,0,0,0,0,0,0
1500,1972,18,12,3,0,0,0,6,0,1,0
1501,1963,1,1,0,0,0,0,0,0,1,0
1501,1964,5,5,0,0,0,0,0,0,3,0
1501,1965,3,2,0,0,0,0,0,0,1,0
1513,1972,1,1,0,0,0,0,0,0,0,0
1513,1973,12,11,2,0,0,0,0,1,1,0
1513,1974,5,5,0,0,0,0,0,0,2,0
1513,1975,5,5,2,0,0,1,0,0,2,0
1513,1976,13,11,5,1,1,0,1,0,1,1
1513,1977,11,11,4,1,0,0,0,0,1,0
1513,1980,13,9,2,1,0,0,4,0,1,0
1513,1982,7,6,1,0,0,0,1,0,1,0
1513,1983,11,11,3,0,1,0,0,0,1,0
1520,1964,4,4,1,0,0,0,0,0,2,0
1520,1965,2,2,0,0,0,0,0,0,0,0
1520,1966,3,3,0,0,0,0,0,0,3,0
1520,1967,7,6,2,1,0,0,1,0,2,0
1520,1969,6,5,0,0,0,0,1,0,2,0
1520,1970,5,4,2,0,0,0,0,0,1,1
1527,1963,1,0,0,0,0,0,1,0,0,0
1527,1965,3,3,1,0,0,0,0,0,1,0
1538,1963,3,3,1,0,0,0,0,0,0,0
1538,1964,4,4,1,0,0,0,0,0,0,0
1549,1963,1,1,0,0,0,0,0,0,1,0
1549,1964,1,1,1,0,0,0,0,0,0,0
1555,1974,15,13,3,1,0,1,1,0,1,0
1555,1975,8,7,1,0,0,0,1,0,0,0
1555,1976,3,3,2,0,0,0,0,0,0,0
1555,1977,5,5,2,0,0,1,0,0,1,0
1555,1980,17,15,4,0,0,0,1,0,4,1
1555,1982,3,3,0,0,0,0,0,0,0,0
1573,1973,14,12,4,0,0,2,2,0,2,0
1573,1974,4,3,0,0,0,0,1,0,0,0
1573,1975,6,6,1,0,0,0,0,0,4,0
1573,1978,14,13,3,1,0,0,1,0,4,0
1573,1983,3,3,0,0,0,0,0,0,2,0
1574,1963,4,3,0,0,0,0,0,1,1,0
1582,1963,3,2,2,0,0,0,1,0,0,0
1582,1964,1,1,1,0,0,0,0,0,0,0
1600,1983,9,8,4,1,0,2,1,0,0,0
1604,1971,3,3,0,0,0,0,0,0,0,0
1608,1982,5,4,3,0,0,0,1,0,0,0
1640,1974,6,5,0,0,0,0,1,0,0,0
1640,1978,16,16,4,1,0,0,0,0,1,0
1640,1979,11,10,1,0,0,0,1,0,3,0
1640,1981,6,6,4,1,0,0,0,0,0,0
1640,1982,8,8,4,0,0,0,0,0,0,0
1668,1972,2,2,0,0,0,0,0,0,0,0
1685,1963,2,2,0,0,0,0,0,0,0,0
1685,1964,9,9,3,1,0,0,0,0,0,0
1685,1965,13,12,1,0,0,0,0,1,2,0
1685,1966,9,8,0,0,0,0,1,0,3,0
1685,1967,15,13,3,2,0,0,2,0,2,0
1685,1968,12,10,3,0,0,0,2,0,2,0
1685,1969,12,11,4,1,0,0,0,1,1,0
1685,1970,13,12,3,0,0,0,1,0,0,0
1685,1971,4,4,0,0,0,0,0,0,2,0
1685,1972,9,9,3,0,0,0,0,0,0,0
1685,1973,12,12,2,1,0,0,0,0,5,0
1694,1981,3,3,0,0,0,0,0,0,0,0
1710,1972,12,10,3,0,0,2,0,0,1,0
1710,1973,17,14,4,1,0,0,1,2,2,0
1710,1974,17,15,1,0,0,0,1,0,3,0
1710,1975,11,10,4,0,0,1,0,0,0,0
1710,1976,18,18,5,0,0,0,0,0,2,0
1710,1980,3,3,0,0,0,0,0,0,1,0
1712,1970,22,20,3,1,0,0,1,0,4,0
1712,1971,14,14,2,1,0,0,0,0,4,0
1721,1963,6,5,3,0,0,0,0,0,1,0
1730,1964,4,3,1,1,0,0,0,0,1,0
1741,1979,1,1,0,0,0,0,0,0,0,0
1750,1963,1,1,0,0,0,0,0,0,1,0
1750,1964,11,10,2,0,0,0,1,0,2,0
1750,1965,6,6,2,0,0,0,0,0,1,0
1750,1968,3,3,0,0,0,0,0,0,0,0
1750,1969,10,10,1,0,0,0,0,0,1,0
1750,1970,7,6,1,0,0,0,1,0,2,0
1750,1971,4,3,0,0,0,0,0,1,1,0
1753,1978,4,4,1,0,0,0,0,0,0,0
1777,1970,15,12,2,0,0,1,3,0,3,0
1777,1971,10,9,3,1,0,0,1,0,0,0
1777,1974,16,14,0,0,0,0,2,0,5,0
1777,1975,9,7,2,0,0,0,2,0,1,0
1777,1976,7,7,1,0,0,1,0,0,4,0
1777,1977,2,2,0,0,0,0,0,0,1,0
1777,1979,3,3,1,0,0,0,0,0,1,0
1780,1964,3,3,1,0,0,0,0,0,0,0
1780,1968,2,2,1,0,0,1,0,0,0,0
1780,1969,3,3,0,0,0,0,0,0,3,0
1782,1970,8,8,4,2,0,0,0,0,0,0
1782,1971,3,2,2,1,0,0,1,0,0,0
1783,1963,4,3,0,0,0,0,1,0,1,0
1783,1964,7,7,1,0,0,1,0,0,1,0
1783,1965,11,11,1,0,0,0,0,0,3,0
1783,1966,10,10,2,0,0,0,0,0,0,0
1783,1967,14,13,0,0,0,0,1,0,3,0
1783,1968,13,12,2,0,0,1,1,0,3,0
1783,1972,6,4,1,0,0,0,1,0,0,0
1787,1972,12,12,4,0,1,0,0,0,1,0
1787,1973,8,8,3,1,0,0,0,0,0,0
1787,1974,3,3,0,0,0,0,0,0,0,0
1787,1975,13,10,3,1,0,0,3,0,2,0
1787,1976,19,19,2,1,0,0,0,0,1,0
1787,1977,6,6,5,0,0,0,0,0,0,0
1787,1980,6,6,2,0,0,0,0,0,1,0
1787,1982,8,6,1,0,0,0,2,0,2,0
1787,1983,6,6,4,1,0,0,0,0,1,0
1797,1970,3,3,3,0,0,0,0,0,0,0
1823,1966,1,1,0,0,0,0,0,0,0,0
1842,1979,9,8,4,0,0,1,1,0,1,0
1842,1981,3,3,0,0,0,0,0,0,0,0
1847,1964,10,8,1,0,0,0,1,1,2,0
1847,1965,1,1,0,0,0,0,0,0,1,0
1847,1966,16,16,5,0,0,1,0,0,4,0
1847,1967,11,10,1,1,0,0,1,0,1,0
1847,1970,17,17,5,1,1,1,0,0,4,0
1847,1973,4,4,0,0,0,0,0,0,1,0
1847,1976,12,12,3,1,0,0,0,0,3,0
1859,1970,4,4,2,0,0,0,0,0,1,0
1859,1971,4,4,1,0,0,0,0,0,0,0
1859,1978,4,4,1,0,0,0,0,0,0,0
1861,1972,20,17,6,0,0,1,3,0,2,0
1861,1973,15,15,2,0,0,2,0,0,3,0
1861,1974,4,3,0,0,0,0,1,0,2,0
1894,1980,3,3,1,0,0,0,0,0,1,0
1894,1982,8,8,1,0,0,1,0,0,1,0
1894,1983,10,8,1,0,0,1,1,0,0,0
1928,1972,6,6,1,0,0,0,0,0,1,0
1928,1974,4,4,0,0,0,0,0,0,3,0
1932,1981,2,1,0,0,0,0,0,0,0,0
1948,1970,14,13,5,1,1,0,1,0,1,0
1948,1971,12,12,1,1,0,0,0,0,2,0
1948,1978,4,3,0,0,0,0,0,0,1,0
1948,1979,11,11,3,0,0,0,0,0,0,0
1955,1966,8,8,3,0,0,0,0,0,1,0
1955,1967,19,17,8,0,0,2,2,0,3,0
1955,1968,13,12,0,0,0,0,1,0,2,0
1955,1969,12,11,5,1,0,0,1,0,2,0
1955,1970,14,14,1,0,0,0,0,0,2,0
1955,1971,7,7,0,0,0,0,0,0,2,0
1955,1973,12,11,1,0,0,1,1,0,2,0
1955,1974,4,3,0,0,0,0,1,0,1,0
1958,1980,4,4,1,0,0,0,0,0,1,0
1958,1982,8,8,0,0,0,0,0,0,1,0
1967,1978,10,10,4,0,0,0,0,0,1,0
1967,1979,10,10,5,0,0,3,0,0,2,0
1967,1981,7,7,1,0,0,0,0,0,2,0
1969,1962,1,1,0,0,0,0,0,0,0,0
1975,1974,5,5,1,0,0,0,0,0,0,0
1975,1975,7,7,2,1,0,0,0,0,3,0
1975,1976,6,3,0,0,0,0,3,0,0,0
1975,1977,11,8,1,0,0,0,2,1,2,0
1979,1974,7,7,1,1,0,0,0,0,1,0
1979,1975,7,7,4,1,0,0,0,0,0,0
1979,1976,11,10,5,1,0,0,1,0,1,0
1979,1977,5,5,2,0,0,0,0,0,1,0
1988,1969,10,6,3,1,0,0,3,0,2,0
1988,1970,3,3,2,0,0,0,0,0,0,0
1988,1978,8,8,4,2,0,0,0,0,0,0
1988,1979,3,3,1,0,0,0,0,0,0,0
1994,1980,4,3,1,1,0,0,1,0,1,0
2000,1967,5,5,1,0,0,0,0,0,1,0
2000,1968,10,9,2,0,0,0,0,0,2,1
2000,1969,7,5,1,0,0,1,2,0,1,0
2003,1980,4,4,2,0,0,0,0,0,1,0
2033,1971,2,2,1,0,0,0,0,0,0,0
2033,1977,7,6,0,0,0,0,1,0,0,0
2039,1962,1,1,1,0,0,0,0,0,0,0
2060,1962,1,1,1,0,0,1,0,0,0,0
2060,1963,5,3,2,0,0,1,1,0,0,0
2060,1964,24,21,8,1,1,0,3,0,4,0
2060,1965,7,7,2,0,0,0,0,0,2,0
2088,1964,5,3,0,0,0,0,0,1,1,0
2088,1965,1,1,0,0,0,0,0,0,1,0
2100,1983,3,3,1,0,0,0,0,0,0,0
2108,1967,1,1,0,0,0,0,0,0,1,0
2110,1972,21,19,3,0,0,0,2,0,1,0
2110,1973,21,20,7,0,0,0,1,0,4,0
2110,1974,1,1,0,0,0,0,0,0,1,0
2111,1978,8,8,2,1,0,0,0,0,3,0
2111,1979,11,8,4,0,0,1,3,0,1,0
2111,1981,4,4,1,0,0,0,0,0,0,0
2138,1962,1,1,0,0,0,0,0,0,1,0
2138,1964,5,5,0,0,0,0,0,0,1,0
2138,1965,5,5,1,0,0,0,0,0,0,0
2138,1966,1,1,0,0,0,0,0,0,0,0
2138,1967,1,1,0,0,0,0,0,0,0,0
2148,1962,2,2,1,0,0,0,0,0,1,0
2148,1963,3,3,2,1,0,0,0,0,0,0
2148,1964,17,15,4,1,0,1,2,0,4,0
2148,1965,9,6,3,0,0,0,3,0,1,0
2148,1966,21,19,4,1,1,1,2,0,5,0
2148,1967,20,18,4,0,0,1,2,0,4,0
2148,1968,15,14,2,0,0,0,1,0,2,0
2148,1969,12,11,3,0,0,1,1,0,1,0
2148,1970,8,8,3,0,0,0,0,0,0,0
2148,1971,7,6,1,0,1,0,1,0,0,0
2149,1962,2,2,0,0,0,0,0,0,0,0
2149,1963,3,3,0,0,0,0,0,0,0,0
2149,1964,11,10,4,0,0,0,0,0,0,0
2149,1965,12,11,1,0,0,0,1,0,3,0
2149,1966,20,18,4,0,1,0,2,0,6,0
2149,1967,21,19,5,0,0,0,2,0,7,0
2149,1968,15,15,4,2,0,0,0,0,1,0
2149,1969,5,5,1,0,0,1,0,0,1,0
2149,1970,3,3,0,0,0,0,0,0,2,0
2158,1970,1,1,1,0,0,0,0,0,0,0
2158,1971,4,4,0,0,0,0,0,0,0,0
2158,1978,1,1,0,0,0,0,0,0,0,0
2160,1963,1,0,0,0,0,0,1,0,0,0
2160,1964,1,1,0,0,0,0,0,0,1,0
2160,1965,1,1,0,0,0,0,0,0,1,0
2160,1966,6,6,2,0,0,0,0,0,0,0
2160,1967,1,1,0,0,0,0,0,0,0,0
2160,1970,1,1,0,0,0,0,0,0,0,0
2160,1971,6,4,1,0,0,0,2,0,1,0
2163,1963,1,1,0,0,0,0,0,0,1,0
2163,1965,1,1,1,0,0,0,0,0,0,0
2163,1966,5,5,1,0,0,0,0,0,1,0
2163,1967,4,4,1,0,0,0,0,0,2,0
2163,1968,3,3,1,0,0,0,0,0,1,0
2163,1969,2,2,0,0,0,0,0,0,2,0
2163,1971,1,1,0,0,0,0,0,0,0,0
2189,1973,16,14,4,2,0,1,1,0,0,0
2189,1974,21,19,10,1,0,0,1,0,2,0
2189,1975,4,3,1,0,0,0,0,0,0,0
2191,1965,1,1,0,0,0,0,0,0,0,0
2191,1966,2,2,1,0,0,1,0,0,1,0
2201,1969,5,4,0,0,0,0,1,0,3,0
2201,1970,23,21,2,1,0,0,1,0,7,0
2201,1971,21,17,5,1,0,3,3,0,4,1
2201,1975,4,4,0,0,0,0,0,0,1,0
2206,1972,1,1,1,0,0,0,0,0,0,0
2207,1963,3,3,0,0,0,0,0,0,0,0
2213,1962,2,2,2,1,0,0,0,0,0,0
2213,1963,4,4,1,0,0,0,0,0,0,0
2213,1964,2,2,0,0,0,0,0,0,0,0
2213,1965,6,6,1,0,0,0,0,0,0,0
2213,1966,9,9,2,0,0,0,0,0,0,0
2214,1972,2,2,0,0,0,0,0,0,1,0
2225,1975,6,6,2,1,0,0,0,0,2,0
2225,1976,4,4,0,0,0,0,0,0,2,0
2225,1977,7,7,1,0,0,0,0,0,4,0
2225,1978,2,2,1,0,0,0,0,0,1,0
2225,1979,2,2,1,1,0,0,0,0,0,0
2225,1981,12,9,0,0,0,0,3,0,1,0
2225,1983,3,3,2,0,0,0,0,0,0,0
2230,1968,4,3,1,0,0,0,1,0,0,0
2246,1973,7,7,1,0,0,0,0,0,0,0
2246,1974,12,11,2,0,0,1,1,0,1,0
2246,1975,12,10,3,0,0,0,1,0,3,0
2256,1970,4,4,0,0,0,0,0,0,0,0
2256,1971,8,7,2,0,1,0,1,0,0,0
2256,1978,8,7,2,0,0,0,1,0,3,0
2256,1979,9,8,1,0,0,0,1,0,1,0
2256,1981,14,13,3,1,0,0,1,0,2,0
2258,1982,4,3,1,0,0,0,0,0,0,0
2294,1962,2,2,0,0,0,0,0,0,1,0
2294,1963,2,2,0,0,0,0,0,0,1,0
2303,1970,4,4,1,0,0,0,0,0,3,0
2308,1972,2,2,0,0,0,0,0,0,0,0
2308,1973,6,6,1,0,0,0,0,0,2,0
2308,1974,20,20,4,0,0,0,0,0,1,0
2308,1975,2,2,1,0,0,0,0,0,0,0
2308,1976,7,7,3,1,0,1,0,0,2,0
2308,1977,7,6,5,0,0,1,0,0,0,1
2308,1980,4,4,2,0,0,0,0,0,0,0
2308,1982,8,8,5,0,0,2,0,0,0,0
2308,1983,10,10,4,0,0,1,0,0,0,0
2327,1977,8,7,1,0,0,0,1,0,1,0
2359,1965,1,1,1,0,0,0,0,0,0,0
2359,1971,2,2,0,0,0,0,0,0,2,0
2373,1967,3,3,1,0,0,0,0,0,1,0
2397,1963,2,2,1,0,0,0,0,0,0,0
2397,1964,8,8,4,0,0,1,0,0,1,0
2397,1965,9,9,6,1,0,2,0,0,1,0
2397,1966,1,1,0,0,0,0,0,0,0,0
2398,1964,9,9,1,0,0,0,0,0,1,0
2400,1975,4,4,2,0,0,0,0,0,1,0
2400,1976,6,5,2,0,0,0,0,0,0,1
2400,1977,24,23,5,0,1,1,1,0,6,0
2400,1980,3,3,1,0,0,0,0,0,2,0
2409,1980,2,2,0,0,0,0,0,0,0,0
2411,1978,3,3,0,0,0,0,0,0,1,0
2424,1964,2,2,0,0,0,0,0,0,2,0
2424,1965,1,1,0,0,0,0,0,0,1,0
2428,1963,3,3,1,0,0,0,0,0,0,0
2428,1965,3,3,2,0,0,0,0,0,0,0
2440,1968,9,9,2,0,0,0,0,0,3,0
2440,1969,15,14,2,1,1,0,1,0,4,0
2440,1970,12,11,4,1,0,0,1,0,2,0
2440,1971,12,10,7,1,0,1,2,0,1,0
2440,1977,4,4,0,0,0,0,0,0,0,0
2464,1978,3,3,0,0,0,0,0,0,0,0
2464,1979,10,8,2,1,0,0,2,0,1,0
2464,1981,3,3,1,0,0,0,0,0,0,0
2476,1970,5,5,2,0,0,0,0,0,0,0
2476,1975,3,2,0,0,0,0,1,0,1,0
2489,1972,19,18,5,2,0,1,1,0,1,0
2489,1973,7,6,1,0,0,0,1,0,1,0
2489,1976,3,3,0,0,0,0,0,0,1,0
2489,1980,11,10,3,0,0,1,1,0,1,0
2498,1978,3,3,0,0,0,0,0,0,2,0
2498,1979,2,1,0,0,0,0,1,0,1,0
2501,1971,3,2,0,0,0,0,1,0,0,0
2501,1978,10,7,1,0,0,0,3,0,1,0
2501,1979,11,10,2,1,0,0,1,0,1,0
2501,1981,2,1,1,0,0,0,0,0,0,1
2502,1980,7,5,0,0,0,0,2,0,1,0
2502,1983,6,6,1,0,0,0,0,0,0,0
2514,1980,3,3,1,1,0,0,0,0,1,0
2514,1983,3,3,0,0,0,0,0,0,1,0
2519,1976,9,9,0,0,0,0,0,0,0,0
2519,1977,6,5,1,1,0,0,0,0,1,1
2519,1980,3,3,0,0,0,0,0,0,0,0
2519,1981,1,0,0,0,0,0,1,0,0,0
2523,1966,5,5,1,0,0,0,0,0,2,0
2523,1972,2,2,0,0,0,0,0,0,2,0
2532,1965,1,1,0,0,0,0,0,0,1,0
2532,1967,3,3,0,0,0,0,0,0,3,0
2533,1968,3,3,1,1,0,0,0,0,2,0
2533,1969,3,3,0,0,0,0,0,0,3,0
2550,1972,1,1,0,0,0,0,0,0,1,0
2550,1979,2,2,0,0,0,0,0,0,1,0
2564,1977,2,2,1,0,0,0,0,0,0,0
2570,1970,1,1,0,0,0,0,0,0,1,0
2578,1963,2,2,0,0,0,0,0,0,1,0
2578,1964,7,6,0,0,0,0,1,0,1,0
2578,1965,9,8,1,0,0,0,1,0,2,0
2578,1966,8,8,2,0,1,0,0,0,3,0
2578,1967,14,12,3,2,0,0,1,0,3,0
2578,1968,7,6,2,0,0,0,1,0,3,0
2607,1972,9,9,1,0,0,1,0,0,4,0
2607,1973,4,3,0,0,0,0,1,0,2,0
2607,1974,5,5,0,0,0,0,0,0,3,0
2607,1975,4,3,1,0,0,1,1,0,1,0
2613,1977,4,4,0,0,0,0,0,0,1,0
2613,1980,11,10,3,0,0,0,1,0,1,0
2613,1982,6,6,1,0,0,1,0,0,1,0
2613,1983,9,9,2,0,0,0,0,0,1,0
2617,1969,4,4,0,0,0,0,0,0,0,0
2618,1969,1,1,0,0,0,0,0,0,0,0
2618,1971,5,5,2,1,0,0,0,0,0,0
2618,1974,1,1,0,0,0,0,0,0,0,0
2634,1966,1,1,0,0,0,0,0,0,1,0
2634,1971,4,4,0,0,0,0,0,0,1,0
2635,1969,8,8,3,1,0,0,0,0,1,0
2643,1981,3,3,1,0,0,0,0,0,0,0
2659,1962,1,1,0,0,0,0,0,0,1,0
2666,1983,6,6,1,0,0,0,0,0,2,0
2678,1966,8,7,0,0,0,0,1,0,1,0
2678,1967,2,2,1,0,0,0,0,0,0,0
2678,1968,6,6,2,0,0,0,0,0,2,0
2688,1966,1,1,0,0,0,0,0,0,0,0
2689,1963,2,2,0,0,0,0,0,0,1,0
2689,1964,5,5,2,0,0,0,0,0,1,0
2689,1965,2,2,1,0,0,0,0,0,0,0
2689,1966,4,4,1,0,0,0,0,0,2,0
2689,1967,9,9,1,0,0,0,0,0,1,0
2689,1969,8,8,2,0,0,0,0,0,1,0
2689,1970,5,5,2,0,0,0,0,0,2,0
2689,1972,1,1,0,0,0,0,0,0,1,0
2689,1973,12,12,1,0,0,0,0,0,4,0
2689,1974,16,14,6,1,0,1,1,1,1,0
2689,1975,13,12,4,0,0,0,1,0,1,0
2691,1963,2,2,0,0,0,0,0,0,0,0
2691,1964,2,2,1,0,0,0,0,0,1,0
2691,1965,11,11,2,0,0,1,0,0,2,0
2691,1966,11,11,6,0,0,2,0,0,1,0
2691,1967,8,8,1,0,0,0,0,0,1,0
2691,1968,16,15,7,0,0,1,1,0,1,0
2691,1969,12,12,5,1,0,1,0,0,0,0
2691,1970,14,14,6,0,0,1,0,0,0,0
2691,1971,18,16,3,0,1,0,2,0,1,0
2696,1978,1,1,0,0,0,0,0,0,1,0
2696,1979,9,9,3,0,0,0,0,0,1,0
2696,1981,3,3,1,0,0,0,0,0,0,0
2698,1971,8,5,2,0,0,0,0,0,0,0
2709,1969,2,2,0,0,0,0,0,0,2,0
2709,1970,11,10,2,0,0,0,0,0,4,0
2709,1971,6,5,0,0,0,0,1,0,1,0
2714,1975,11,11,5,1,0,0,0,0,2,0
2714,1976,9,9,2,0,0,0,0,0,2,0
2714,1977,13,11,3,1,0,0,2,0,5,0
2714,1980,11,11,2,1,0,0,0,0,4,0
2714,1982,4,4,2,1,0,0,0,0,1,0
2714,1983,3,3,0,0,0,0,0,0,0,0
2739,1978,11,10,1,0,0,0,1,0,2,0
2739,1979,11,10,3,0,0,0,1,0,3,0
2739,1981,4,4,0,0,0,0,0,0,0,0
2759,1964,4,4,2,0,0,0,0,0,0,0
2759,1966,1,1,0,0,0,0,0,0,1,0
2759,1967,4,4,0,0,0,0,0,0,0,0
2759,1969,1,1,0,0,0,0,0,0,1,0
2775,1977,2,2,1,0,0,0,0,0,1,0
2801,1962,1,1,1,1,0,0,0,0,0,0
2801,1963,2,2,0,0,0,0,0,0,0,0
2809,1972,1,1,0,0,0,0,0,0,1,0
2809,1975,1,1,0,0,0,0,0,0,0,0
2809,1977,6,6,1,0,0,0,0,0,1,0
2809,1983,5,5,0,0,0,0,0,0,0,0
2816,1978,3,2,1,0,0,0,0,0,0,0
2821,1973,5,5,0,0,0,0,0,0,4,0
2821,1974,13,11,3,0,0,0,1,0,2,0
2821,1975,12,11,4,2,0,0,0,0,0,0
2821,1976,4,3,1,0,0,0,0,0,1,0
2821,1977,5,5,2,1,0,1,0,0,0,0
2821,1980,4,3,2,0,0,0,1,0,1,0
2821,1982,4,4,0,0,0,0,0,0,0,0
2821,1983,3,2,0,0,0,0,0,0,0,0
2869,1980,3,3,0,0,0,0,0,0,0,0
2912,1969,8,7,4,2,0,0,1,0,1,0
2912,1970,10,10,2,0,0,0,0,0,0,0
2912,1971,4,4,0,0,0,0,0,0,0,0
2915,1967,4,4,1,0,0,0,0,0,2,0
2915,1969,9,8,1,0,0,0,1,0,2,0
2915,1970,2,2,0,0,0,0,0,0,1,0
2915,1971,2,2,0,0,0,0,0,0,2,0
2924,1963,1,1,0,0,0,0,0,0,0,0
2927,1976,3,2,1,0,0,0,1,0,0,0
2927,1979,3,3,0,0,0,0,0,0,1,0
2927,1982,3,3,0,0,0,0,0,0,1,0
2930,1980,7,7,3,0,1,0,0,0,2,0
2930,1982,8,8,3,0,0,0,0,0,0,0
2930,1983,4,2,1,0,0,0,2,0,0,0
2952,1978,5,5,0,0,0,0,0,0,2,0
2959,1970,2,2,1,0,0,0,0,0,1,0
2980,1974,1,1,0,0,0,0,0,0,0,0
2986,1980,3,3,0,0,0,0,0,0,3,0
3009,1971,3,3,0,0,0,0,0,0,3,0
3010,1974,4,4,1,1,0,0,0,0,0,0
3010,1975,9,7,1,0,0,0,2,0,2,0
3010,1976,4,3,0,0,0,0,1,0,2,0
3010,1977,2,2,0,0,0,0,0,0,1,0
3010,1980,3,3,1,1,0,0,0,0,0,0
3010,1982,12,11,4,1,0,0,0,0,4,0
3019,1970,11,10,2,0,0,0,1,0,3,0
3019,1971,4,4,1,0,0,0,0,0,0,0
3019,1974,7,7,2,0,0,0,0,0,2,0
3019,1975,5,5,1,0,0,0,0,0,0,0
3019,1976,12,12,2,0,1,0,0,0,0,0
3019,1977,4,4,2,0,0,0,0,0,0,0
3049,1978,12,12,4,1,0,0,0,0,1,0
3049,1979,8,7,2,0,0,0,1,0,1,0
3049,1981,7,7,1,0,0,1,0,0,1,0
3050,1972,1,1,0,0,0,0,0,0,0,0
3054,1962,1,1,0,0,0,0,0,0,0,0
3055,1978,3,3,0,0,0,0,0,0,1,0
3058,1963,2,2,0,0,0,0,0,0,0,0
3058,1964,1,1,0,0,0,0,0,0,1,0
3058,1965,3,3,1,0,0,0,0,0,1,0
3074,1975,5,5,1,1,0,0,0,0,2,0
3074,1976,6,6,2,0,0,0,0,0,0,0
3074,1977,3,3,0,0,0,0,0,0,2,0
3096,1972,9,9,1,1,0,0,0,0,1,0
3096,1975,6,6,0,0,0,0,0,0,3,0
3096,1976,13,11,3,0,0,0,1,0,3,0
3136,1981,4,4,0,0,0,0,0,0,2,0
3145,1978,10,7,2,0,0,0,2,0,2,1
3145,1980,6,5,2,1,0,0,0,1,0,0
3145,1982,1,1,0,0,0,0,0,0,1,0
3145,1983,2,2,0,0,0,0,0,0,1,0
3146,1980,2,2,1,0,0,0,0,0,0,0
3146,1982,3,2,0,0,0,0,1,0,1,0
3146,1983,3,3,0,0,0,0,0,0,0,0
3148,1969,2,2,1,1,0,0,0,0,0,0
3148,1970,2,2,1,0,0,0,0,0,1,0
3148,1971,3,2,1,0,0,0,1,0,0,0
3163,1976,1,1,1,0,0,0,0,0,0,0
3163,1979,2,2,0,0,0,0,0,0,2,0
3163,1981,4,3,0,0,0,0,0,0,2,1
3164,1978,2,2,1,0,0,0,0,0,0,0
3165,1978,1,1,0,0,0,0,0,0,1,0
3198,1962,2,2,1,0,0,0,0,0,0,0
3198,1963,4,4,1,0,0,0,0,0,0,0
3198,1964,7,7,2,1,0,0,0,0,0,0
3198,1965,9,8,3,0,0,1,1,0,2,0
3198,1966,8,8,2,0,0,0,0,0,2,0
3198,1967,6,5,2,0,0,0,0,0,0,0
3198,1968,9,7,0,0,0,0,2,0,2,0
3198,1969,10,9,1,0,0,0,1,0,1,0
3198,1970,15,15,1,0,0,0,0,0,4,0
3198,1971,11,10,5,0,1,0,1,0,0,0
3200,1980,2,2,1,0,0,0,0,0,1,0
3201,1982,4,4,0,0,0,0,0,0,0,0
3208,1972,1,1,0,0,0,0,0,0,1,0
3208,1975,4,4,1,0,0,0,0,0,0,0
3221,1982,3,3,2,1,0,0,0,0,1,0
3242,1968,2,2,0,0,0,0,0,0,1,0
3242,1969,2,2,0,0,0,0,0,0,2,0
3244,1975,3,3,1,0,0,0,0,0,1,0
3246,1962,4,4,1,0,0,0,0,0,0,0
3246,1964,11,11,1,0,0,0,0,0,2,0
3246,1966,7,7,2,0,0,1,0,0,2,0
3251,1962,1,1,0,0,0,0,0,0,0,0
3251,1965,1,0,0,0,0,0,1,0,0,0
3252,1963,3,3,0,0,0,0,0,0,2,0
3252,1965,1,1,0,0,0,0,0,0,0,0
3252,1966,2,1,1,0,0,0,0,0,0,0
3274,1983,6,4,0,0,0,0,2,0,0,0
3289,1972,11,9,2,0,0,1,1,1,3,0
3289,1973,4,4,1,0,0,1,0,0,1,0
3289,1974,4,4,0,0,0,0,0,0,0,0
3324,1979,6,6,2,0,0,0,0,0,2,0
3324,1981,1,1,0,0,0,0,0,0,1,0
3334,1977,3,2,0,0,0,0,1,0,2,0
3334,1980,2,1,0,0,0,0,1,0,0,0
3349,1972,3,2,0,0,0,0,1,0,0,0
3349,1975,3,3,2,0,1,0,0,0,1,0
3349,1976,3,3,0,0,0,0,0,0,1,0
3358,1971,7,7,1,0,0,0,0,0,1,0
3358,1978,13,12,3,2,0,0,1,0,1,0
3358,1979,13,13,2,0,0,1,0,0,3,0
3358,1981,5,4,1,0,0,0,1,0,0,0
3359,1972,1,1,1,0,0,0,0,0,0,0
3359,1974,7,4,0,0,0,0,3,0,3,0
3359,1975,8,8,1,0,0,0,0,0,2,0
3359,1976,9,9,2,0,0,1,0,0,1,0
3359,1980,9,8,1,1,0,0,0,0,4,0
3359,1982,7,7,3,1,0,0,0,0,2,0
3359,1983,6,5,0,0,0,0,1,0,1,0
3372,1977,4,4,2,0,0,0,0,0,1,0
3380,1983,9,8,1,0,0,0,0,0,0,1
3382,1975,5,5,1,0,0,0,0,0,1,0
3383,1968,4,4,0,0,0,0,0,0,0,0
3383,1970,8,5,2,0,0,1,1,2,0,0
3383,1971,7,7,3,1,0,0,0,0,1,0
3385,1963,2,1,1,0,0,0,0,0,0,0
3385,1964,4,3,2,0,0,0,0,0,1,0
3385,1965,14,13,3,0,0,1,1,0,1,0
3385,1966,7,7,4,0,0,1,0,0,1,0
3385,1967,8,8,1,0,0,0,0,0,3,0
3385,1968,11,10,3,0,0,0,1,0,1,0
3385,1969,4,3,0,0,0,0,1,0,0,0
3385,1970,11,9,3,2,0,0,1,0,0,1
3385,1971,6,6,0,0,0,0,0,0,1,0
3385,1976,4,4,0,0,0,0,0,0,1,0
3385,1977,4,4,1,0,0,0,0,0,2,0
3418,1964,3,3,0,0,0,0,0,0,1,0
3425,1963,3,3,1,0,0,0,0,0,0,0
3448,1978,6,6,1,0,0,0,0,0,1,0
3448,1979,3,3,1,0,0,0,0,0,0,0
3448,1981,1,0,0,0,0,0,1,0,0,0
3448,1982,3,3,0,0,0,0,0,0,3,0
3457,1963,2,2,0,0,0,0,0,0,1,0
3472,1969,7,6,2,0,0,0,1,0,3,0
3472,1970,13,13,3,0,0,0,0,0,2,0
3472,1971,2,2,0,0,0,0,0,0,2,0
3477,1972,3,3,1,0,0,0,0,0,1,0
3478,1975,3,3,0,0,0,0,0,0,0,0
3530,1964,3,3,0,0,0,0,0,0,2,0
3532,1978,4,3,0,0,0,0,0,0,1,0
3532,1982,5,4,1,0,0,0,1,0,1,0
3532,1983,3,3,0,0,0,0,0,0,2,0
3542,1964,2,1,0,0,0,0,1,0,1,0
3542,1965,4,4,2,0,0,0,0,0,1,0
3542,1966,5,4,1,0,0,0,1,0,1,0
3542,1967,6,5,0,0,0,0,1,0,2,0
3545,1972,8,7,1,1,0,0,1,0,4,0
3545,1973,14,13,2,0,0,0,1,0,2,0
3545,1974,10,10,1,0,0,1,0,0,2,0
3545,1975,4,3,0,0,0,0,0,1,2,0
3545,1976,11,10,2,0,0,0,1,0,2,0
3545,1977,4,3,0,0,0,0,0,0,0,1
3545,1980,13,12,4,2,0,1,1,0,3,0
3545,1982,6,6,2,0,0,1,0,0,1,0
3545,1983,8,8,2,0,0,1,0,0,0,0
3548,1972,1,1,0,0,0,0,0,0,0,0
3561,1981,1,1,1,0,0,0,0,0,0,0
3572,1981,4,4,2,0,0,0,0,0,0,0
3572,1983,3,3,0,0,0,0,0,0,1,0
3576,1962,2,2,0,0,0,0,0,0,0,0
3576,1963,2,2,1,0,0,0,0,0,0,0
3576,1964,6,5,1,0,0,0,1,0,0,0
3576,1965,15,12,2,1,0,0,2,1,1,0
3576,1966,15,15,3,0,0,0,0,0,1,0
3576,1967,19,18,3,0,0,0,1,0,3,0
3576,1968,15,14,2,0,0,0,1,0,3,0
3576,1969,17,14,2,0,0,0,0,2,3,0
3582,1977,5,5,2,0,0,0,0,0,1,0
3599,1978,8,8,2,1,0,0,0,0,1,0
3599,1979,9,9,4,1,0,1,0,0,0,0
3599,1981,3,3,1,0,0,0,0,0,0,0
3599,1982,3,3,0,0,0,0,0,0,0,0
3605,1978,6,6,1,0,0,0,0,0,0,0
3605,1979,16,15,3,2,0,0,1,0,0,0
3605,1981,5,5,3,0,0,0,0,0,0,0
3605,1982,11,10,2,0,0,0,0,0,1,0
3605,1983,3,3,2,0,0,0,0,0,0,0
3615,1979,5,5,4,1,0,0,0,0,0,0
3621,1975,12,11,4,1,0,0,1,0,1,0
3621,1976,10,9,0,0,0,0,1,0,3,0
3621,1980,3,2,0,0,0,0,1,0,1,0
3621,1982,6,6,2,1,0,0,0,0,3,0
3621,1983,10,10,4,1,1,0,0,0,0,0
3629,1972,5,5,0,0,0,0,0,0,1,0
3634,1978,5,5,0,0,0,0,0,0,1,0
3634,1981,4,4,1,0,0,0,0,0,1,0
3646,1973,15,14,3,0,0,0,1,0,7,0
3646,1974,5,4,1,0,0,1,0,1,0,0
3646,1975,3,3,0,0,0,0,0,0,0,0
3646,1976,3,2,1,0,0,0,0,0,0,0
3646,1977,6,5,2,1,0,0,1,0,1,0
3648,1969,2,1,0,0,0,0,1,0,0,0
3648,1970,5,5,0,0,0,0,0,0,3,0
3649,1971,8,7,1,0,0,1,1,0,4,0
3649,1978,12,9,2,1,0,0,2,0,5,1
3649,1979,7,7,1,0,0,0,0,0,2,0
3649,1981,14,14,5,1,0,1,0,0,2,0
3670,1964,3,2,2,0,0,0,1,0,0,0
3670,1965,4,4,3,0,0,0,0,0,0,0
3672,1970,3,3,2,0,0,1,0,0,0,0
3679,1963,1,1,1,0,0,0,0,0,0,0
3682,1983,8,7,1,0,0,0,1,0,1,0
3698,1965,9,8,1,1,0,0,1,0,1,0
3698,1966,6,6,2,0,0,0,0,0,0,0
3698,1967,8,7,3,1,0,0,0,0,1,0
3698,1968,15,14,5,0,0,0,1,0,0,0
3698,1969,1,0,0,0,0,0,1,0,0,0
3714,1972,7,6,0,0,0,0,1,0,1,0
3714,1973,4,3,0,0,0,0,0,1,1,0
3714,1974,7,5,0,0,0,0,2,0,1,0
3714,1975,11,10,0,0,0,0,0,0,5,0
3714,1976,2,1,1,0,0,0,1,0,0,0
3721,1964,6,6,1,0,0,0,0,0,2,0
3721,1966,3,3,0,0,0,0,0,0,1,0
3730,1971,1,1,1,0,0,0,0,0,0,0
3730,1978,1,1,0,0,0,0,0,0,1,0
3733,1973,6,6,2,1,0,0,0,0,1,0
3733,1974,4,4,0,0,0,0,0,0,1,0
3745,1979,2,2,1,0,0,0,0,0,0,0
3745,1981,7,7,2,0,0,0,0,0,0,0
3746,1962,2,2,1,0,0,0,0,0,1,0
3746,1964,3,3,1,0,0,0,0,0,0,0
3764,1966,3,2,0,0,0,0,0,0,1,0
3764,1968,3,3,0,0,0,0,0,0,3,0
3764,1972,8,7,0,0,0,0,0,0,4,0
3764,1978,2,2,0,0,0,0,0,0,0,0
3771,1977,8,8,3,0,1,0,0,0,0,0
3802,1963,2,1,0,0,0,0,1,0,0,0
3802,1964,8,8,3,0,0,1,0,0,0,0
3802,1967,4,4,0,0,0,0,0,0,1,0
3802,1968,13,12,3,2,0,0,1,0,2,0
3802,1969,12,12,4,0,0,0,0,0,0,0
3802,1970,2,2,0,0,0,0,0,0,0,0
3804,1982,7,7,2,0,0,0,0,0,1,0
3804,1983,9,8,5,1,0,1,1,0,2,0
3807,1964,1,1,0,0,0,0,0,0,1,0
3807,1965,8,6,0,0,0,0,1,0,2,1
3807,1966,4,4,0,0,0,0,0,0,0,0
3807,1967,4,4,1,0,0,0,0,0,0,0
3807,1968,7,6,1,0,0,0,1,0,0,0
3807,1969,6,6,1,0,0,0,0,0,2,0
3807,1970,2,2,0,0,0,0,0,0,0,0
3813,1964,1,1,0,0,0,0,0,0,1,0
3822,1973,11,9,2,0,0,0,1,1,1,0
3840,1970,1,0,0,0,0,0,1,0,0,0
3840,1971,4,4,3,0,0,0,0,0,0,0
3840,1975,6,6,1,0,0,0,0,0,2,0
3840,1976,9,8,2,0,0,0,1,0,1,0
3840,1977,7,6,2,0,1,0,1,0,0,0
3840,1980,5,5,3,0,0,0,0,0,0,0
3840,1982,9,8,1,0,0,0,1,0,0,0
3840,1983,3,3,0,0,0,0,0,0,1,0
3844,1980,3,3,1,0,0,0,0,0,0,0
3844,1982,7,6,0,0,0,0,0,0,0,0
3844,1983,11,11,2,0,0,1,0,0,1,0
3863,1980,2,2,0,0,0,0,0,0,2,0
3863,1982,4,4,1,0,0,0,0,0,1,0
3863,1983,4,3,2,0,0,0,1,0,0,0
3883,1977,4,4,1,0,0,0,0,0,2,0
3883,1980,9,8,0,0,0,0,1,0,1,0
3898,1973,6,5,2,1,0,0,1,0,1,0
3898,1974,16,15,4,0,1,1,0,0,0,0
3898,1975,9,8,0,0,0,0,0,0,3,0
3898,1976,2,2,2,0,0,0,0,0,0,0
3920,1966,1,1,0,0,0,0,0,0,0,0
3931,1975,13,12,8,4,0,0,0,1,1,0
3931,1976,16,16,3,0,0,0,0,0,1,0
3931,1978,8,5,3,0,0,2,3,0,0,0
3931,1979,12,11,1,0,0,0,1,0,3,0
3931,1981,7,6,3,0,0,0,1,0,0,0
3934,1975,3,3,0,0,0,0,0,0,1,0
3936,1969,2,2,1,0,0,0,0,0,0,0
3936,1970,10,10,2,0,0,0,0,0,1,0
3936,1971,5,5,0,0,0,0,0,0,1,0
3939,1968,1,1,1,0,0,0,0,0,0,0
3939,1969,3,3,1,0,0,0,0,0,0,0
3939,1970,8,8,0,0,0,0,0,0,0,0
3939,1971,15,15,7,1,0,0,0,0,0,0
3939,1976,4,4,2,0,0,1,0,0,0,0
3939,1977,8,7,2,1,0,0,0,0,1,0
3939,1980,3,3,0,0,0,0,0,0,1,0
3944,1969,10,9,1,1,0,0,1,0,2,0
3944,1970,6,5,2,1,0,0,1,0,2,0
3944,1971,7,6,2,0,0,0,1,0,2,0
3944,1978,6,4,1,0,0,0,2,0,1,0
3949,1971,2,2,1,0,0,0,0,0,0,0
3949,1978,10,10,5,0,1,2,0,0,2,0
3949,1979,12,12,2,0,0,0,0,0,1,0
3949,1981,14,14,6,0,0,1,0,0,1,0
3954,1969,1,1,0,0,0,0,0,0,0,0
3957,1969,9,9,2,2,0,0,0,0,2,0
3957,1970,25,24,6,1,1,0,0,1,8,0
3957,1971,13,13,1,0,0,0,0,0,5,0
3957,1978,1,1,0,0,0,0,0,0,0,0
3974,1983,9,9,4,1,0,0,0,0,1,0
3977,1966,1,1,0,0,0,0,0,0,1,0
3977,1967,6,5,1,0,0,1,1,0,2,0
3977,1969,4,3,1,0,0,0,0,1,0,0
3985,1969,3,2,1,0,0,0,1,0,1,0
3985,1970,2,2,0,0,0,0,0,0,1,0
3986,1965,3,2,2,0,0,1,1,0,0,0
3986,1966,4,3,0,0,0,0,1,0,0,0
4005,1970,4,4,0,0,0,0,0,0,1,0
4005,1971,4,4,2,1,0,0,0,0,1,0
4005,1978,8,5,1,0,0,0,3,0,0,0
4005,1979,4,3,1,0,0,0,1,0,0,0
4005,1982,3,3,0,0,0,0,0,0,0,0
4005,1983,3,3,0,0,0,0,0,0,0,0
4025,1965,3,3,2,0,0,1,0,0,1,0
4025,1966,5,5,1,0,0,0,0,0,2,0
4025,1968,4,4,0,0,0,0,0,0,2,0
4025,1969,4,4,1,0,0,0,0,0,1,0
4025,1970,4,4,0,0,0,0,0,0,2,0
4025,1971,5,4,1,0,0,0,0,0,1,1
4028,1980,3,3,0,0,0,0,0,0,0,0
4028,1982,5,5,2,0,0,0,0,0,0,0
4049,1978,3,3,0,0,0,0,0,0,1,0
4062,1963,2,1,1,0,0,0,1,0,0,0
4062,1964,3,3,0,0,0,0,0,0,0,0
4062,1965,4,3,1,1,0,0,1,0,0,0
4062,1966,9,9,2,1,0,0,0,0,1,0
4085,1967,2,2,0,0,0,0,0,0,1,0
4120,1972,2,2,1,0,0,0,0,0,0,0
4129,1972,2,2,0,0,0,0,0,0,1,0
4139,1974,2,2,1,0,0,0,0,0,0,0
4139,1976,2,2,0,0,0,0,0,0,0,0
4149,1963,3,3,1,0,0,1,0,0,0,0
4149,1964,10,10,1,0,0,0,0,0,4,0
4149,1965,8,8,3,1,0,1,0,0,3,0
4149,1966,8,5,1,0,1,0,3,0,0,0
4149,1967,3,3,0,0,0,0,0,0,2,0
4189,1976,4,4,1,0,0,0,0,0,0,0
4189,1978,1,1,0,0,0,0,0,0,0,0
4195,1963,2,1,1,0,0,0,1,0,0,0
4195,1964,6,6,1,0,0,0,0,0,1,0
4195,1965,10,10,1,0,0,1,0,0,3,0
4195,1966,10,8,1,0,0,0,2,0,4,0
4195,1967,18,17,6,1,1,0,1,0,2,0
4195,1968,13,10,4,0,0,0,2,0,0,1
4195,1969,13,12,1,1,0,0,1,0,0,0
4195,1970,12,12,2,0,0,0,0,0,1,0
4201,1962,3,3,0,0,0,0,0,0,0,0
4204,1980,3,3,0,0,0,0,0,0,1,0
4210,1967,1,1,1,0,0,0,0,0,0,0
4225,1977,3,3,1,0,0,0,0,0,1,0
4234,1970,4,3,1,0,0,0,1,0,0,0
4234,1971,3,3,0,0,0,0,0,0,0,0
4237,1962,3,3,0,0,0,0,0,0,0,0
4237,1963,5,5,4,0,0,0,0,0,0,0
4239,1972,1,1,0,0,0,0,0,0,1,0
4240,1962,2,2,0,0,0,0,0,0,0,0
4240,1967,1,1,1,0,0,0,0,0,0,0
4240,1968,1,1,0,0,0,0,0,0,0,0
4247,1970,14,13,4,1,0,0,1,0,6,0
4247,1971,1,1,0,0,0,0,0,0,0,0
4258,1980,11,11,5,1,0,0,0,0,3,0
4286,1980,2,2,0,0,0,0,0,0,0,0
4291,1982,1,1,0,0,0,0,0,0,1,0
4306,1972,2,2,0,0,0,0,0,0,1,0
4306,1973,10,10,4,2,0,0,0,0,4,0
4306,1974,4,4,0,0,0,0,0,0,0,0
4319,1963,2,2,0,0,0,0,0,0,1,0
4345,1972,16,14,3,0,0,0,1,1,4,0
4345,1973,15,13,5,0,1,1,2,0,1,0
4345,1974,19,18,3,0,0,1,0,0,3,1
4345,1975,16,14,5,1,0,0,2,0,1,0
4345,1976,16,16,3,1,0,0,0,0,6,0
4345,1980,6,5,2,0,0,1,1,0,0,0
4345,1982,12,11,3,1,1,0,0,1,3,0
4345,1983,3,3,0,0,0,0,0,0,2,0
4348,1978,4,4,1,1,0,0,0,0,0,0
4349,1980,3,3,1,0,0,0,0,0,0,0
4349,1982,3,3,0,0,0,0,0,0,0,0
4349,1983,3,3,1,0,0,0,0,0,0,0
4351,1972,15,12,2,0,0,0,2,1,0,0
4351,1973,16,14,3,1,0,0,2,0,1,0
4351,1974,3,3,0,0,0,0,0,0,1,0
4351,1975,3,3,1,0,0,0,0,0,1,0
4352,1964,2,2,0,0,0,0,0,0,1,0
4352,1965,3,3,0,0,0,0,0,0,1,0
4356,1978,10,10,4,0,0,0,0,0,0,0
4356,1979,7,7,1,0,0,0,0,0,1,0
4356,1981,15,15,6,2,0,0,0,0,1,0
4356,1982,9,8,3,0,0,1,1,0,1,0
4356,1983,5,5,2,0,0,0,0,0,0,0
4359,1969,1,1,0,0,0,0,0,0,1,0
4359,1970,3,3,1,1,0,0,0,0,1,0
4366,1979,2,2,0,0,0,0,0,0,0,0
4370,1962,9,8,1,0,0,0,0,0,0,1
4370,1963,3,3,0,0,0,0,0,0,1,0
4370,1964,7,6,2,0,0,0,1,0,2,0
4370,1965,13,10,1,1,0,0,2,0,1,1
4370,1966,8,7,2,0,0,0,1,0,1,0
4374,1978,9,8,3,2,0,0,1,0,0,0
4374,1981,3,2,1,0,0,0,1,0,0,0
4380,1977,8,6,0,0,0,0,2,0,0,0
4380,1980,5,5,1,0,0,0,0,0,0,0
4380,1982,7,7,0,0,0,0,0,0,4,0
4380,1983,6,6,1,0,0,0,0,0,0,0
4382,1964,1,1,0,0,0,0,0,0,1,0
4382,1967,6,6,0,0,0,0,0,0,2,0
4382,1968,3,3,1,0,0,0,0,0,2,0
4382,1969,11,9,1,0,0,0,1,0,2,0
4382,1970,3,3,1,0,0,0,0,0,0,0
4382,1971,4,4,0,0,0,0,0,0,0,0
4382,1978,3,2,0,0,0,0,0,0,0,1
4387,1977,1,1,0,0,0,0,0,0,1,0
4387,1982,6,6,1,0,0,0,0,0,0,0
4413,1973,3,3,1,1,0,0,0,0,1,0
4413,1974,7,7,0,0,0,0,0,0,3,0
4413,1977,3,3,1,0,0,0,0,0,1,0
4413,1980,7,4,0,0,0,0,1,0,0,1
4414,1978,3,3,2,0,0,0,0,0,0,0
4414,1981,13,12,2,0,0,0,1,0,1,0
4434,1978,1,1,0,0,0,0,0,0,0,0
4435,1981,3,2,0,0,0,0,0,0,0,0
4436,1970,2,2,0,0,0,0,0,0,1,0
4437,1982,2,1,1,0,0,0,1,0,0,0
4501,1969,5,5,3,0,1,0,0,0,2,0
4501,1970,8,6,2,0,0,0,1,0,0,1
4501,1971,5,4,0,0,0,0,1,0,2,0
4505,1973,9,5,1,0,0,0,4,0,2,0
4505,1975,4,4,1,0,0,0,0,0,0,0
4505,1982,1,1,0,0,0,0,0,0,1,0
4505,1983,4,4,1,0,0,1,0,0,0,0
4527,1970,4,4,0,0,0,0,0,0,2,0
4533,1968,15,13,6,1,0,0,2,0,2,0
4533,1969,15,14,5,1,0,0,1,0,3,0
4533,1970,14,14,4,1,0,0,0,0,3,0
4533,1971,4,4,1,1,0,0,0,0,0,0
4533,1972,5,5,0,0,0,0,0,0,0,0
4549,1972,2,2,0,0,0,0,0,0,1,0
4568,1975,2,2,0,0,0,0,0,0,1,0
4568,1977,3,3,0,0,0,0,0,0,1,0
4574,1980,3,3,0,0,0,0,0,0,1,0
4574,1982,1,1,0,0,0,0,0,0,0,0
4574,1983,2,2,2,0,0,0,0,0,0,0
4580,1968,2,2,0,0,0,0,0,0,1,0
4580,1970,4,4,0,0,0,0,0,0,2,0
4580,1971,3,3,0,0,0,0,0,0,0,0
4586,1974,4,4,2,1,0,0,0,0,1,0
4586,1976,3,2,1,0,0,0,1,0,0,0
4600,1974,1,1,0,0,0,0,0,0,0,0
4623,1974,4,3,2,0,0,0,1,0,0,0
4623,1975,6,5,4,0,0,1,0,0,1,0
4623,1980,12,10,4,0,1,0,1,0,0,1
4623,1982,10,9,3,1,0,1,1,0,0,0
4623,1983,9,8,5,0,0,0,0,0,0,1
4627,1963,2,2,0,0,0,0,0,0,1,0
4627,1964,1,1,0,0,0,0,0,0,0,0
4628,1980,7,7,1,0,0,0,0,0,0,0
4630,1969,1,1,0,0,0,0,0,0,1,0
4630,1970,5,5,2,0,1,0,0,0,1,0
4630,1971,5,4,0,0,0,0,1,0,0,0
4638,1962,1,1,0,0,0,0,0,0,1,0
4638,1963,2,2,0,0,0,0,0,0,0,0
4638,1964,3,3,1,0,0,0,0,0,1,0
4638,1965,12,12,3,0,0,0,0,0,3,0
4638,1966,12,11,4,2,0,0,1,0,0,0
4638,1967,15,12,2,0,0,0,2,0,1,0
4638,1972,14,13,1,0,0,0,1,0,3,0
4638,1973,20,17,3,1,0,0,3,0,3,0
4638,1974,4,4,2,0,0,0,0,0,0,0
4638,1975,6,5,1,1,0,0,0,0,2,1
4641,1967,10,8,3,0,0,0,1,1,2,0
4641,1968,4,4,0,0,0,0,0,0,2,0
4641,1969,9,8,3,0,0,0,0,1,2,0
4641,1970,7,5,1,0,0,0,1,0,0,0
4641,1971,7,6,2,0,0,0,1,0,0,0
4646,1966,6,5,1,0,0,0,1,0,0,0
4646,1967,3,3,0,0,0,0,0,0,1,0
4672,1972,1,1,0,0,0,0,0,0,1,0
4673,1972,14,13,5,1,0,0,0,0,2,0
4673,1973,15,15,4,1,0,1,0,0,1,0
4673,1974,4,4,1,0,0,0,0,0,0,0
4673,1975,6,6,2,0,0,0,0,0,0,0
4673,1980,9,6,1,0,0,0,3,0,2,0
4673,1982,11,9,2,0,0,0,1,0,0,0
4673,1983,9,8,1,0,0,1,1,0,0,0
4676,1973,12,12,2,0,0,0,0,0,2,0
4676,1978,4,4,0,0,0,0,0,0,0,0
4691,1962,3,3,0,0,0,0,0,0,0,0
4692,1973,6,6,1,0,0,0,0,0,0,0
4711,1980,9,7,5,0,0,0,2,0,0,0
4711,1982,3,3,0,0,0,0,0,0,0,0
4711,1983,7,6,2,0,0,0,1,0,1,0
4716,1983,4,3,3,1,0,1,0,0,0,0
4741,1982,6,6,3,0,0,0,0,0,1,0
4755,1973,7,5,2,1,0,0,2,0,1,0
4755,1974,14,11,2,0,0,1,3,0,3,0
4755,1975,8,8,0,0,0,0,0,0,0,0
4762,1966,3,3,0,0,0,0,0,0,0,0
4762,1969,8,6,0,0,0,0,2,0,1,0
4766,1982,2,2,0,0,0,0,0,0,0,0
4766,1983,4,4,2,1,0,0,0,0,0,0
4772,1969,16,15,6,2,1,0,0,0,1,0
4772,1970,4,4,1,0,0,0,0,0,0,0
4772,1971,2,2,0,0,0,0,0,0,0,0
4772,1978,10,10,3,0,0,0,0,0,0,0
4772,1979,7,5,0,0,0,0,1,0,1,1
4772,1980,7,5,1,0,0,0,1,0,0,1
4772,1982,5,3,2,0,0,1,2,0,0,0
4776,1972,1,1,0,0,0,0,0,0,1,0
4777,1981,2,2,1,0,0,0,0,0,1,0
4783,1972,4,4,0,0,0,0,0,0,1,0
4783,1973,8,7,3,0,0,0,1,0,1,0
4783,1974,16,12,3,0,0,0,3,0,1,0
4783,1975,3,2,1,0,0,0,1,0,1,0
4783,1976,3,3,1,0,0,0,0,0,1,0
4793,1962,2,2,2,1,0,0,0,0,0,0
4794,1975,4,3,0,0,0,0,0,0,0,0
4794,1976,6,5,0,0,0,0,0,0,0,0
4805,1966,6,6,4,0,0,0,0,0,0,0
4805,1967,11,11,3,0,0,0,0,0,1,0
4805,1968,10,10,2,0,0,0,0,0,1,0
4805,1969,15,15,4,0,0,0,0,0,2,0
4805,1970,15,13,2,0,0,0,2,0,1,0
4805,1971,16,15,5,3,0,0,0,0,1,1
4814,1963,3,2,1,0,0,0,0,0,0,0
4816,1972,4,3,1,1,0,0,1,0,0,0
4816,1973,3,2,0,0,0,0,0,0,0,0
4816,1974,4,4,0,0,0,0,0,0,1,0
4816,1975,7,6,0,0,0,0,1,0,0,0
4817,1972,1,1,0,0,0,0,0,0,0,0
4817,1975,6,6,1,0,0,0,0,0,1,0
4817,1976,7,7,0,0,0,0,0,0,2,0
4817,1979,4,4,0,0,0,0,0,0,2,0
4817,1981,7,7,2,0,0,0,0,0,1,0
4822,1974,15,14,2,1,0,0,1,0,4,0
4822,1975,10,9,0,0,0,0,1,0,2,0
4822,1979,1,1,0,0,0,0,0,0,0,0
4826,1980,8,5,1,0,0,0,3,0,1,0
4826,1982,7,7,0,0,0,0,0,0,0,0
4826,1983,4,4,1,0,0,0,0,0,0,0
4829,1978,7,7,1,0,1,0,0,0,1,0
4829,1979,10,9,5,0,2,0,1,0,1,0
4829,1981,4,4,1,0,0,0,0,0,0,0
4861,1970,2,2,0,0,0,0,0,0,1,0
4894,1971,15,14,4,0,0,0,0,0,0,0
4906,1971,4,4,2,0,0,0,0,0,0,0
4907,1978,11,10,6,1,0,0,1,0,0,0
4907,1979,7,7,3,0,0,0,0,0,3,0
4907,1981,7,7,1,0,0,0,0,0,0,0
4908,1978,10,10,3,1,0,0,0,0,0,0
4908,1979,3,3,1,1,0,0,0,0,0,0
4908,1981,4,4,2,0,0,0,0,0,0,0
4908,1982,8,7,4,0,0,1,1,0,1,0
4909,1983,4,3,0,0,0,0,1,0,0,0
4938,1972,10,8,1,0,0,0,2,0,1,0
4938,1973,16,15,3,1,0,0,1,0,2,0
4938,1974,9,9,1,0,0,0,0,0,0,0
4938,1975,5,5,1,0,0,0,0,0,0,0
4938,1978,3,3,0,0,0,0,0,0,0,0
4944,1964,7,6,1,0,0,0,1,0,1,0
4944,1965,1,1,0,0,0,0,0,0,0,0
4945,1968,1,0,0,0,0,0,1,0,0,0
4952,1981,5,5,2,0,0,0,0,0,0,0
4970,1970,13,9,2,1,0,0,4,0,3,0
4970,1971,1,1,1,0,0,0,0,0,0,0
4980,1963,4,4,1,0,0,0,0,0,1,0
4981,1962,2,2,1,0,0,0,0,0,0,0
4981,1963,8,7,2,1,0,0,1,0,1,0
4981,1964,10,10,4,0,0,0,0,0,3,0
4981,1965,8,8,2,2,0,0,0,0,1,0
4981,1967,1,1,0,0,0,0,0,0,1,0
4981,1968,6,6,0,0,0,0,0,0,1,0
4981,1969,8,7,2,0,0,0,0,0,3,1
4981,1970,14,14,5,1,0,0,0,0,2,0
4981,1971,4,4,1,0,0,0,0,0,1,0
4983,1969,4,3,2,0,0,1,1,0,1,0
5000,1965,2,1,0,0,0,0,1,0,0,0
5000,1966,10,10,3,0,0,0,0,0,2,0
5000,1967,7,6,0,0,0,0,0,0,2,0
5001,1983,1,1,0,0,0,0,0,0,0,0
5014,1978,6,6,3,0,0,0,0,0,1,0
5014,1979,3,3,0,0,0,0,0,0,0,0
5044,1969,7,7,0,0,0,0,0,0,3,0
5044,1970,10,7,1,0,0,0,3,0,2,0
5044,1973,4,3,0,0,0,0,1,0,1,0
5044,1974,6,5,1,0,0,0,1,0,3,0
5044,1975,4,4,1,0,0,1,0,0,1,0
5044,1976,13,13,3,1,0,0,0,0,2,0
5048,1962,7,7,3,0,1,0,0,0,0,0
5048,1963,1,1,0,0,0,0,0,0,0,0
5052,1976,4,3,0,0,0,0,0,0,2,0
5052,1977,4,4,1,1,0,0,0,0,0,0
5052,1980,5,4,1,0,0,0,1,0,0,0
5057,1962,1,1,0,0,0,0,0,0,1,0
5062,1979,1,1,0,0,0,0,0,0,1,0
5071,1980,3,3,1,0,0,0,0,0,0,0
5071,1982,3,3,2,0,0,0,0,0,0,0
5071,1983,12,8,1,0,0,0,1,1,1,0
5076,1964,3,3,0,0,0,0,0,0,1,0
5119,1973,7,7,3,1,0,1,0,0,0,0
5119,1974,5,5,1,0,0,0,0,0,0,0
5119,1975,11,10,0,0,0,0,1,0,1,0
5120,1966,3,2,1,0,0,0,0,0,1,0
5120,1967,2,2,2,1,0,0,0,0,0,0
5120,1968,3,3,0,0,0,0,0,0,2,0
5120,1970,1,1,0,0,0,0,0,0,0,0
5120,1971,2,2,0,0,0,0,0,0,0,0
5120,1979,4,4,0,0,0,0,0,0,0,0
5132,1962,2,2,0,0,0,0,0,0,1,0
5134,1979,3,3,1,1,0,0,0,0,0,0
5141,1972,2,1,0,0,0,0,1,0,0,0
5141,1973,3,3,1,0,0,0,0,0,0,0
5146,1978,8,7,3,0,0,0,0,1,1,0
5146,1979,7,7,4,1,0,0,0,0,1,0
5154,1972,13,11,4,0,2,1,1,1,1,0
5154,1974,4,3,0,0,0,0,1,0,2,0
5154,1975,12,12,7,0,0,1,0,0,2,0
5154,1976,4,4,2,0,0,1,0,0,0,0
5160,1974,1,0,0,0,0,0,0,0,0,0
5160,1976,3,3,0,0,0,0,0,0,1,0
5162,1982,3,3,0,0,0,0,0,0,1,0
5174,1981,5,4,0,0,0,0,1,0,2,0
5180,1972,5,5,1,1,0,0,0,0,0,0
5180,1973,9,9,2,1,0,0,0,0,2,0
5186,1976,3,3,1,0,0,0,0,0,1,0
5189,1964,2,2,1,0,0,1,0,0,1,0
5189,1972,9,5,2,0,0,0,4,0,1,0
5191,1970,4,4,1,0,0,0,0,0,0,0
5191,1971,2,2,0,0,0,0,0,0,2,0
5199,1978,1,1,0,0,0,0,0,0,0,0
5200,1978,10,10,1,1,0,0,0,0,1,0
5200,1981,2,2,0,0,0,0,0,0,0,0
5206,1975,4,4,0,0,0,0,0,0,1,0
5206,1977,4,4,3,0,0,0,0,0,0,0
5206,1980,5,5,1,0,0,0,0,0,2,0
5206,1982,4,4,1,0,0,0,0,0,0,0
5206,1983,5,5,0,0,0,0,0,0,1,0
5216,1982,10,8,2,0,0,1,2,0,0,0
5216,1983,9,9,3,1,0,1,0,0,2,0
5217,1968,3,3,1,0,0,0,0,0,0,0
5217,1969,5,5,1,0,0,0,0,0,2,0
5221,1978,6,5,0,0,0,0,1,0,0,0
5221,1979,4,4,0,0,0,0,0,0,2,0
5222,1962,2,2,0,0,0,0,0,0,0,0
5222,1963,6,5,1,0,0,0,1,0,1,0
5253,1967,7,7,1,0,0,0,0,0,5,0
5261,1974,4,4,1,0,0,0,0,0,1,0
5271,1978,1,1,0,0,0,0,0,0,0,0
5271,1979,3,3,0,0,0,0,0,0,2,0
5276,1976,3,3,0,0,0,0,0,0,2,0
5276,1977,4,4,1,1,0,0,0,0,1,0
5278,1966,10,10,2,0,0,1,0,0,3,0
5278,1967,14,14,4,1,0,0,0,0,4,0
5278,1968,16,15,2,0,0,0,1,0,0,0
5278,1970,4,4,3,0,0,0,0,0,0,0
5290,1963,4,3,0,0,0,0,1,0,0,0
5290,1964,13,13,3,0,0,0,0,0,0,0
5290,1965,3,2,0,0,0,0,0,0,1,0
5290,1966,10,8,4,0,0,0,1,1,0,0
5290,1967,2,2,1,0,0,0,0,0,1,0
5290,1971,12,10,6,2,0,0,0,1,0,0
5291,1969,2,0,0,0,0,0,2,0,0,0
5291,1970,20,19,4,0,0,1,1,0,3,0
5296,1980,5,4,2,0,0,1,1,0,0,0
5314,1970,2,2,1,0,0,0,0,0,0,0
5316,1979,1,0,0,0,0,0,1,0,0,0
5347,1978,3,3,1,0,0,0,0,0,0,0
5347,1979,4,3,1,0,0,0,1,0,0,0
5347,1981,4,4,1,0,0,0,0,0,0,0
5348,1980,4,4,2,1,0,0,0,0,1,0
5363,1978,1,1,1,1,0,0,0,0,0,0
5363,1979,10,8,4,1,0,0,2,0,1,0
5363,1982,1,1,1,0,0,0,0,0,0,0
5374,1963,1,1,0,0,0,0,0,0,0,0
5374,1965,1,1,0,0,0,0,0,0,0,0
5374,1966,3,3,0,0,0,0,0,0,0,0
5391,1964,3,3,1,0,0,0,0,0,1,0
5391,1966,3,3,0,0,0,0,0,0,0,0
5391,1968,3,3,0,0,0,0,0,0,3,0
5394,1972,11,11,5,1,0,1,0,0,1,0
5394,1973,16,9,3,0,0,1,6,0,2,1
5394,1974,15,12,4,0,0,0,3,0,1,0
5394,1975,18,17,1,0,0,0,1,0,7,0
5394,1976,11,10,1,0,0,1,1,0,5,0
5394,1977,6,6,3,0,0,0,0,0,0,0
5394,1980,5,5,1,0,0,0,0,0,2,0
5394,1982,8,8,1,0,0,0,0,0,4,0
5394,1983,3,2,0,0,0,0,1,0,0,0
5395,1976,3,3,1,0,0,0,0,0,0,0
5395,1977,7,6,0,0,0,0,1,0,0,0
5395,1982,4,3,2,0,0,1,0,0,0,1
5401,1964,5,5,3,1,0,0,0,0,0,0
5401,1966,12,12,1,1,0,0,0,0,1,0
5401,1967,11,11,3,0,0,0,0,0,3,0
5401,1968,14,13,4,0,0,0,1,0,2,0
5401,1969,8,8,1,0,0,0,0,0,1,0
5401,1970,15,15,2,0,1,0,0,0,1,0
5401,1971,16,16,4,0,0,0,0,0,0,0
5417,1975,3,3,3,0,0,0,0,0,0,0
5421,1968,1,1,0,0,0,0,0,0,1,0
5421,1970,5,5,0,0,0,0,0,0,1,0
5422,1963,2,2,0,0,0,0,0,0,2,0
5422,1964,2,2,0,0,0,0,0,0,2,0
5445,1969,2,2,0,0,0,0,0,0,1,0
5448,1968,3,3,1,0,0,0,0,0,0,0
5452,1962,2,2,2,1,0,0,0,0,0,0
5452,1963,2,2,1,0,0,0,0,0,0,0
5452,1964,6,5,1,0,0,0,1,0,1,0
5452,1965,5,5,0,0,0,0,0,0,2,0
5452,1966,12,11,1,0,0,0,0,0,4,0
5452,1967,17,15,2,0,0,1,1,0,4,1
5452,1968,5,5,1,0,0,0,0,0,0,0
5452,1969,11,11,2,1,0,0,0,0,2,0
5452,1970,3,3,0,0,0,0,0,0,1,0
5456,1965,1,1,0,0,0,0,0,0,1,0
5473,1966,1,1,0,0,0,0,0,0,1,0
5473,1967,2,2,0,0,0,0,0,0,2,0
5473,1968,5,5,0,0,0,0,0,0,2,0
5473,1969,4,4,1,1,0,0,0,0,0,0
5490,1971,8,8,1,0,0,0,0,0,1,0
5492,1971,8,8,1,0,0,0,0,0,4,0
5492,1973,2,1,0,0,0,0,1,0,0,0
5514,1967,2,2,0,0,0,0,0,0,0,0
5514,1968,1,1,0,0,0,0,0,0,0,0
5523,1965,1,0,0,0,0,0,1,0,0,0
5523,1966,7,7,1,0,0,0,0,0,4,0
5523,1968,20,20,6,1,1,0,0,0,0,0
5523,1969,18,18,1,0,1,0,0,0,2,0
5523,1973,13,12,2,0,0,0,1,0,5,0
5523,1974,4,2,0,0,0,0,2,0,0,0
5523,1975,1,1,0,0,0,0,0,0,1,0
5523,1976,6,6,1,0,0,0,0,0,1,0
5529,1982,3,2,0,0,0,0,0,1,0,0
5532,1972,1,1,0,0,0,0,0,0,0,0
5534,1980,3,3,0,0,0,0,0,0,1,0
5543,1964,8,8,1,0,0,0,0,0,4,0
5543,1965,7,7,2,0,0,0,0,0,2,0
5543,1966,12,11,1,0,0,0,0,1,2,0
5543,1967,8,8,3,0,0,1,0,0,2,0
5543,1968,6,6,0,0,0,0,0,0,1,0
5543,1969,12,11,3,1,1,0,1,0,4,0
5543,1970,11,11,3,0,0,0,0,0,4,0
5543,1971,7,7,1,1,0,0,0,0,2,0
5543,1973,12,10,3,0,0,0,2,0,3,0
5543,1974,7,7,2,0,0,0,0,0,4,0
5543,1975,13,13,6,3,0,1,0,0,2,0
5545,1972,12,12,2,0,0,0,0,0,3,0
5545,1978,3,3,1,0,0,0,0,0,1,0
5552,1979,1,1,0,0,0,0,0,0,1,0
5553,1982,6,5,3,0,0,0,1,0,1,0
5555,1972,8,8,2,0,0,0,0,0,1,0
5555,1973,4,4,1,0,0,0,0,0,1,0
5555,1981,3,3,2,1,0,0,0,0,1,0
5564,1969,1,1,1,0,0,0,0,0,0,0
5570,1963,2,1,0,0,0,0,1,0,1,0
5570,1965,7,7,1,0,0,0,0,0,3,0
5570,1966,5,4,0,0,0,0,1,0,3,0
5570,1968,2,2,0,0,0,0,0,0,0,0
5572,1980,10,10,2,0,0,0,0,0,2,0
5572,1982,3,3,1,0,0,0,0,0,1,0
5574,1965,4,4,1,0,0,1,0,0,2,0
5574,1966,11,11,3,0,0,0,0,0,2,0
5574,1967,4,3,0,0,0,0,1,0,2,0
5594,1982,9,9,1,0,0,0,0,0,0,0
5600,1978,2,2,0,0,0,0,0,0,0,0
5604,1973,7,6,1,0,0,0,1,0,4,0
5604,1974,11,10,2,0,0,0,0,0,3,0
5604,1976,3,2,0,0,0,0,1,0,1,0
5611,1976,6,6,0,0,0,0,0,0,2,0
5620,1966,8,7,2,0,0,0,1,0,1,0
5620,1967,4,3,1,0,0,0,1,0,0,0
5620,1968,12,12,3,1,0,0,0,0,3,0
5620,1969,11,10,1,0,0,0,1,0,4,0
5620,1970,4,4,1,0,0,1,0,0,0,0
5620,1971,7,4,0,0,0,0,1,0,1,2
5621,1967,3,1,0,0,0,0,2,0,1,0
5626,1972,6,6,0,0,0,0,0,0,1,0
5648,1963,3,3,1,1,0,0,0,0,0,0
5648,1965,4,4,2,1,0,0,0,0,1,0
5648,1966,17,17,7,0,0,2,0,0,6,0
5648,1967,19,16,2,1,0,0,2,1,4,0
5648,1968,14,14,3,1,0,0,0,0,2,0
5648,1969,4,4,1,1,0,0,0,0,1,0
5648,1970,13,8,1,0,0,0,4,1,2,0
5648,1971,6,5,0,0,0,0,1,0,4,0
5653,1976,5,4,1,0,0,0,1,0,0,0
5653,1977,12,11,6,0,0,1,1,0,1,0
5653,1980,5,5,2,1,0,0,0,0,0,0
5653,1981,7,7,1,1,0,0,0,0,0,0
5678,1970,7,6,2,0,1,0,1,0,1,0
5678,1977,8,8,2,0,0,0,0,0,0,0
5687,1969,4,4,1,0,0,0,0,0,1,0
5687,1970,1,1,0,0,0,0,0,0,0,0
5689,1970,4,4,0,0,0,0,0,0,1,0
5689,1976,4,4,1,0,0,0,0,0,1,0
5689,1977,6,6,3,1,1,0,0,0,1,0
5689,1979,4,4,2,0,0,0,0,0,0,0
5710,1983,6,6,0,0,0,0,0,0,2,0
5715,1977,2,2,0,0,0,0,0,0,0,0
5724,1972,4,4,1,0,0,0,0,0,0,0
5724,1973,7,6,2,0,0,0,1,0,2,0
5724,1974,8,8,1,0,0,1,0,0,2,0
5729,1964,2,2,1,0,0,0,0,0,0,0
5746,1962,3,2,1,0,0,0,1,0,0,0
5746,1963,3,3,0,0,0,0,0,0,0,0
5746,1964,2,2,1,0,0,0,0,0,0,0
5746,1965,4,3,1,0,0,0,1,0,1,0
5762,1983,2,2,0,0,0,0,0,0,1,0
5791,1978,2,2,0,0,0,0,0,0,1,0
5791,1979,6,4,2,0,0,0,0,0,1,0
5793,1972,5,3,1,0,0,0,2,0,0,0
5793,1973,21,19,4,2,0,0,2,0,3,0
5793,1974,16,12,4,0,0,1,4,0,1,0
5793,1975,15,14,5,1,0,1,1,0,0,0
5793,1976,4,3,1,0,0,0,1,0,0,0
5793,1977,14,13,3,0,0,0,0,0,4,0
5793,1980,5,5,1,0,0,0,0,0,1,0
5800,1975,3,2,1,0,0,0,1,0,0,0
5802,1969,8,8,3,0,0,1,0,0,1,0
5802,1970,4,4,2,1,0,0,0,0,0,0
5809,1977,7,7,2,1,0,0,0,0,0,0
5809,1980,7,7,3,0,0,0,0,0,0,0
5809,1982,6,5,1,0,0,0,1,0,0,0
5809,1983,9,8,3,0,0,1,1,0,1,0
5812,1977,1,1,0,0,0,0,0,0,1,0
5821,1978,1,0,0,0,0,0,1,0,0,0
5821,1979,3,2,0,0,0,0,1,0,0,0
5821,1981,3,3,0,0,0,0,0,0,1,0
5822,1972,3,3,1,0,0,0,0,0,0,0
5823,1965,1,1,0,0,0,0,0,0,0,0
5823,1973,3,3,1,0,0,0,0,0,0,0
5825,1981,7,7,3,0,0,0,0,0,0,0
5831,1972,2,1,0,0,0,0,1,0,1,0
5833,1963,3,2,1,0,0,0,1,0,0,0
5833,1964,8,6,1,0,0,1,2,0,2,0
5833,1965,2,1,0,0,0,0,1,0,0,0
5841,1966,3,3,0,0,0,0,0,0,1,0
5847,1965,2,2,1,0,0,0,0,0,1,0
5847,1966,9,9,4,0,0,0,0,0,0,0
5847,1967,16,14,1,0,0,0,2,0,4,0
5847,1968,19,19,3,0,1,0,0,0,2,0
5847,1969,10,10,4,1,0,0,0,0,0,0
5847,1970,11,11,4,0,1,0,0,0,0,0
5847,1971,9,9,2,0,1,0,0,0,1,0
5850,1970,2,2,0,0,0,0,0,0,1,0
5875,1972,10,10,0,0,0,0,0,0,3,0
5875,1975,10,10,3,0,0,1,0,0,3,0
5885,1976,5,5,2,0,0,0,0,0,0,0
5885,1980,4,3,0,0,0,0,1,0,1,0
5891,1977,3,3,1,0,0,1,0,0,1,0
5891,1978,3,3,1,0,0,1,0,0,1,0
5891,1979,6,5,2,1,0,1,1,0,1,0
5894,1967,1,1,0,0,0,0,0,0,0,0
5894,1968,1,1,0,0,0,0,0,0,0,0
5894,1970,5,5,1,0,0,1,0,0,0,0
5894,1971,5,4,1,0,0,0,1,0,1,0
5894,1972,15,14,3,0,0,0,0,1,3,0
5916,1970,4,4,0,0,0,0,0,0,1,0
5916,1971,6,6,0,0,0,0,0,0,5,0
5923,1972,7,7,2,0,0,0,0,0,1,0
5923,1973,10,8,2,1,0,0,2,0,0,0
5927,1971,2,2,0,0,0,0,0,0,1,0
5927,1978,3,3,0,0,0,0,0,0,0,0
5927,1979,2,2,0,0,0,0,0,0,0,0
5930,1982,1,1,0,0,0,0,0,0,1,0
5930,1983,3,3,1,0,0,0,0,0,1,0
5936,1964,13,12,2,0,0,0,1,0,2,0
5936,1965,9,8,1,0,0,0,1,0,1,0
5949,1972,5,4,0,0,0,0,0,0,3,0
5955,1980,3,3,1,0,0,0,0,0,0,0
5967,1978,1,1,0,0,0,0,0,0,1,0
5967,1979,9,8,2,2,0,0,1,0,0,0
5967,1981,14,14,6,2,1,0,0,0,1,0
5971,1972,2,2,0,0,0,0,0,0,0,0
5976,1972,1,1,1,0,0,0,0,0,0,0
5977,1972,1,1,0,0,0,0,0,0,0,0
5977,1975,4,4,1,0,0,0,0,0,0,0
5983,1979,3,2,0,0,0,0,0,0,2,0
6000,1964,1,1,0,0,0,0,0,0,0,0
6000,1965,1,1,0,0,0,0,0,0,1,0
6000,1968,3,3,2,1,0,0,0,0,0,0
6000,1969,3,3,0,0,0,0,0,0,1,0
6013,1962,2,2,1,0,0,0,0,0,1,0
6013,1966,1,0,0,0,0,0,0,0,0,0
6015,1968,6,5,1,1,0,0,1,0,3,0
6015,1971,2,1,0,0,0,0,0,0,1,0
6015,1978,2,2,0,0,0,0,0,0,2,0
6024,1972,1,1,1,0,0,1,0,0,0,0
6033,1965,3,3,0,0,0,0,0,0,3,0
6044,1963,3,3,1,0,0,0,0,0,0,0
6044,1964,20,19,2,0,0,0,0,0,2,1
6044,1965,13,11,6,1,0,0,2,0,2,0
6044,1966,12,12,5,1,0,0,0,0,1,0
6044,1967,9,9,3,0,0,1,0,0,2,0
6044,1968,5,5,1,0,0,0,0,0,1,0
6044,1969,9,9,3,0,0,1,0,0,3,0
6044,1971,7,5,1,0,0,1,2,0,0,0
6044,1979,2,1,0,0,0,0,1,0,0,0
6068,1965,2,2,1,0,0,0,0,0,0,0
6074,1965,1,1,0,0,0,0,0,0,1,0
6085,1971,3,3,2,0,0,1,0,0,0,0
6085,1972,9,8,1,0,1,0,1,0,1,0
6085,1973,3,3,1,0,0,1,0,0,0,0
6085,1974,10,10,0,0,0,0,0,0,2,0
6093,1975,6,6,2,0,0,0,0,0,0,0
6093,1976,12,11,2,0,0,0,0,0,0,0
6093,1977,4,4,1,0,0,0,0,0,1,0
6093,1980,3,3,1,0,0,0,0,0,0,0
6103,1975,4,4,0,0,0,0,0,0,0,0
6103,1976,2,1,1,0,0,0,1,0,0,0
6104,1972,2,2,0,0,0,0,0,0,1,0
6104,1973,3,3,1,0,0,0,0,0,0,0
6112,1969,4,3,0,0,0,0,1,0,0,0
6112,1970,7,6,0,0,0,0,0,0,1,0
6120,1978,2,2,0,0,0,0,0,0,2,0
6120,1981,3,2,0,0,0,0,0,0,1,0
6121,1977,6,6,1,1,0,0,0,0,2,0
6123,1978,12,11,2,0,0,1,1,0,3,0
6123,1979,1,0,0,0,0,0,1,0,0,0
6135,1972,7,6,3,0,1,1,1,0,2,0
6135,1973,8,8,3,1,0,0,0,0,0,0
6135,1974,8,8,4,0,1,0,0,0,1,0
6135,1975,7,6,1,1,0,0,1,0,0,0
6160,1970,5,5,1,0,0,0,0,0,0,0
6168,1965,4,3,1,0,0,0,1,0,0,0
6171,1977,3,3,3,0,0,0,0,0,0,0
6171,1980,4,4,0,0,0,0,0,0,0,0
6171,1981,10,10,2,1,0,0,0,0,1,0
6173,1978,4,4,1,0,0,0,0,0,1,0
6173,1979,9,8,2,1,0,0,1,0,0,0
6173,1981,1,1,1,0,0,0,0,0,0,0
6186,1973,2,2,0,0,0,0,0,0,1,0
6191,1980,6,6,0,0,0,0,0,0,2,0
6191,1982,6,5,2,0,1,0,1,0,1,0
6204,1962,6,4,2,1,0,0,2,0,0,0
6204,1963,1,1,0,0,0,0,0,0,0,0
6221,1964,2,2,0,0,0,0,0,0,1,0
6231,1967,2,2,0,0,0,0,0,0,0,0
6232,1982,3,3,1,0,0,0,0,0,2,0
6232,1983,3,2,1,0,0,0,1,0,0,0
6241,1978,2,1,0,0,0,0,1,0,0,0
6241,1982,4,4,1,0,0,0,0,0,0,0
6241,1983,8,7,3,0,0,0,1,0,1,0
6243,1982,5,5,4,0,0,1,0,0,0,0
6243,1983,6,5,4,0,0,0,0,0,0,1
6244,1965,7,6,2,0,0,1,0,0,3,0
6244,1966,3,3,0,0,0,0,0,0,1,0
6244,1967,1,1,0,0,0,0,0,0,0,0
6269,1982,5,5,2,1,0,0,0,0,1,0
6288,1979,3,3,1,0,0,0,0,0,1,0
6289,1968,1,1,0,0,0,0,0,0,1,0
6305,1970,4,3,1,0,0,0,1,0,0,0
6305,1971,9,8,3,0,0,0,1,0,1,0
6317,1981,7,7,1,0,0,0,0,0,0,0
6318,1965,13,11,1,0,0,0,1,1,2,0
6318,1966,11,11,2,1,0,1,0,0,4,0
6318,1967,2,2,1,0,0,0,0,0,0,0
6318,1968,8,7,1,0,0,0,1,0,2,0
6318,1969,7,6,0,0,0,0,0,0,0,0
6318,1970,8,8,4,1,0,0,0,0,0,0
6318,1971,16,13,4,1,0,0,2,0,1,1
6320,1974,4,3,1,1,0,0,1,0,0,0
6320,1975,9,9,3,1,0,0,0,0,4,0
6320,1976,10,10,1,1,0,0,0,0,3,0
6320,1977,5,5,1,0,0,1,0,0,1,0
6320,1982,2,2,0,0,0,0,0,0,1,0
6338,1965,2,2,1,0,0,0,0,0,0,0
6341,1967,3,3,1,0,0,0,0,0,0,0
6341,1968,2,2,0,0,0,0,0,0,1,0
6343,1978,2,2,0,0,0,0,0,0,1,0
6343,1979,6,4,2,0,0,0,2,0,1,0
6343,1981,4,4,1,0,0,0,0,0,1,0
6345,1975,4,3,1,0,0,0,1,0,1,0
6345,1976,5,5,0,0,0,0,0,0,0,0
6345,1977,6,4,1,0,0,0,2,0,1,0
6345,1980,10,7,2,1,0,0,2,1,1,0
6345,1982,7,7,1,0,0,0,0,0,3,0
6346,1972,2,2,0,0,0,0,0,0,1,0
6358,1973,13,11,3,0,0,0,1,0,5,0
6367,1962,2,2,0,0,0,0,0,0,0,0
6368,1978,2,2,1,0,0,0,0,0,0,0
6392,1965,13,9,3,1,0,0,3,1,4,0
6392,1966,5,4,1,0,0,0,1,0,1,0
6405,1975,6,5,0,0,0,0,0,1,3,0
6405,1976,3,3,0,0,0,0,0,0,2,0
6405,1977,3,3,1,1,0,0,0,0,1,0
6405,1980,3,3,1,0,0,0,0,0,0,0
6405,1981,3,3,0,0,0,0,0,0,0,0
6421,1962,1,1,0,0,0,0,0,0,0,0
6421,1963,5,5,1,0,0,0,0,0,1,0
6421,1965,4,3,1,0,0,0,1,0,0,0
6456,1967,2,2,1,0,0,0,0,0,0,0
6456,1968,5,5,3,0,0,0,0,0,0,0
6465,1973,4,2,1,0,0,1,2,0,0,0
6471,1979,9,8,2,0,0,0,0,0,2,0
6487,1974,1,0,0,0,0,0,0,0,0,1
6500,1967,6,5,0,0,0,0,1,0,3,0
6519,1963,1,0,0,0,0,0,1,0,0,0
6563,1977,5,5,1,0,0,1,0,0,3,0
6564,1978,5,5,2,1,0,0,0,0,1,0
6564,1979,13,10,1,0,0,0,2,1,3,0
6564,1981,3,3,1,0,0,0,0,0,1,0
6564,1982,3,3,1,0,0,0,0,0,1,0
6564,1983,7,6,0,0,0,0,1,0,1,0
6607,1972,9,8,0,0,0,0,1,0,3,0
6607,1974,4,4,0,0,0,0,0,0,2,0
6614,1975,4,4,0,0,0,0,0,0,2,0
6614,1976,8,6,1,1,0,0,2,0,1,0
6614,1977,3,2,0,0,0,0,1,0,0,0
6614,1980,10,8,2,0,0,0,1,0,0,1
6614,1982,5,4,1,0,0,0,1,0,1,0
6614,1983,6,4,2,0,0,1,2,0,1,0
6657,1968,4,4,0,0,0,0,0,0,0,0
6657,1969,7,7,0,0,0,0,0,0,0,0
6657,1970,10,10,3,0,0,0,0,0,0,0
6657,1971,8,8,3,0,0,0,0,0,0,0
6657,1978,3,2,1,0,0,0,0,0,0,1
6657,1979,4,4,3,0,0,0,0,0,1,0
6665,1966,7,7,4,1,0,0,0,0,0,0
6665,1967,10,9,1,0,0,0,1,0,0,0
6673,1978,10,10,3,0,0,0,0,0,2,0
6673,1979,8,8,2,0,0,0,0,0,2,0
6673,1982,6,5,2,0,0,0,1,0,1,0
6673,1983,7,6,1,0,0,0,1,0,1,0
6680,1963,3,3,0,0,0,0,0,0,1,0
6680,1964,10,9,4,1,0,1,0,0,1,1
6680,1965,4,3,0,0,0,0,0,0,0,1
6680,1966,1,1,0,0,0,0,0,0,1,0
6681,1975,8,8,3,1,0,1,0,0,1,0
6681,1976,8,7,3,1,1,0,0,0,0,1
6681,1977,4,2,1,0,0,0,2,0,1,0
6681,1980,11,10,3,2,0,0,1,0,0,0
6681,1982,12,12,3,1,0,0,0,0,3,0
6690,1972,4,4,0,0,0,0,0,0,3,0
6708,1978,1,1,0,0,0,0,0,0,1,0
6724,1979,1,1,0,0,0,0,0,0,0,0
6733,1972,9,8,0,0,0,0,1,0,2,0
6733,1974,8,7,4,2,0,0,1,0,0,0
6733,1978,9,7,2,1,0,0,1,0,1,1
6734,1978,10,10,1,0,0,0,0,0,2,0
6734,1979,7,6,0,0,0,0,0,1,0,0
6734,1981,3,2,0,0,0,0,0,0,0,1
6743,1978,4,4,1,0,0,0,0,0,1,0
6743,1979,11,10,2,0,0,0,1,0,0,0
6766,1964,1,1,1,0,0,0,0,0,0,0
6771,1978,4,3,0,0,0,0,1,0,0,0
6804,1977,1,1,0,0,0,0,0,0,1,0
6806,1965,2,2,0,0,0,0,0,0,1,0
6806,1966,3,3,1,0,0,0,0,0,0,0
6806,1968,3,3,2,1,0,0,0,0,1,0
6806,1969,4,4,1,0,1,0,0,0,0,0
6813,1972,13,13,3,0,0,0,0,0,2,0
6813,1974,4,4,0,0,0,0,0,0,2,0
6813,1975,3,3,0,0,0,0,0,0,2,0
6817,1977,6,6,1,0,0,0,0,0,0,0
6825,1975,6,6,3,0,1,0,0,0,1,0
6825,1976,12,11,3,0,0,0,1,0,3,0
6825,1980,11,10,3,0,0,0,1,0,0,0
6825,1982,9,8,4,0,0,0,1,0,1,0
6825,1983,6,6,1,0,0,0,0,0,0,0
6837,1972,3,2,0,0,0,0,1,0,0,0
6859,1967,16,13,4,0,0,0,3,0,1,0
6859,1968,10,9,2,0,0,0,1,0,0,0
6874,1973,1,1,0,0,0,0,0,0,0,0
6885,1970,3,3,1,0,0,1,0,0,1,0
6885,1971,1,1,1,0,0,0,0,0,0,0
6906,1975,3,3,1,0,0,0,0,0,0,0
6906,1976,4,4,2,0,0,0,0,0,0,0
6933,1978,1,1,0,0,0,0,0,0,0,0
6933,1979,9,9,3,0,0,0,0,0,3,0
6933,1982,10,9,0,0,0,0,0,1,4,0
6946,1969,2,2,0,0,0,0,0,0,0,0
6947,1968,7,7,1,0,0,0,0,0,1,0
6947,1969,2,2,0,0,0,0,0,0,0,0
6947,1971,8,8,2,0,0,1,0,0,2,0
6959,1968,11,11,0,0,0,0,0,0,0,0
6959,1970,7,7,1,0,0,0,0,0,3,0
6959,1972,3,3,0,0,0,0,0,0,1,0
6979,1979,3,1,1,0,0,0,0,0,0,0
6984,1975,4,4,1,0,0,0,0,0,0,0
6984,1978,7,7,2,0,0,0,0,0,2,0
6994,1971,13,12,1,0,0,0,1,0,3,0
6996,1973,7,7,2,0,0,0,0,0,1,0
6996,1974,10,9,1,0,0,0,1,0,2,0
6996,1975,5,5,0,0,0,0,0,0,2,0
6996,1976,5,5,1,0,0,0,0,0,0,0
7017,1963,4,3,2,0,0,2,1,0,0,0
7017,1964,11,11,2,0,0,1,0,0,0,0
7017,1965,5,4,1,0,0,0,1,0,0,0
7017,1966,12,10,1,0,0,0,2,0,0,0
7017,1967,6,6,3,0,0,1,0,0,1,0
7023,1963,3,2,0,0,0,0,1,0,1,0
7046,1983,2,1,1,0,0,0,1,0,0,0
7047,1978,10,10,2,1,0,0,0,0,2,0
7047,1979,7,7,2,1,0,0,0,0,1,0
7047,1981,8,7,4,1,0,0,0,0,1,1
7068,1966,9,9,1,0,0,0,0,0,2,0
7068,1967,15,13,1,0,0,0,2,0,5,0
7068,1968,5,4,0,0,0,0,1,0,1,0
7068,1969,12,12,2,0,0,0,0,0,4,0
7068,1970,4,4,0,0,0,0,0,0,1,0
7068,1971,3,3,1,0,0,0,0,0,0,0
7074,1972,12,10,2,1,0,0,2,0,1,0
7074,1973,14,11,2,2,0,0,3,0,0,0
7074,1974,16,16,2,1,0,0,0,0,2,0
7074,1975,10,10,2,1,0,0,0,0,0,0
7074,1976,6,6,1,1,0,0,0,0,0,0
7074,1977,5,4,0,0,0,0,1,0,1,0
7078,1972,8,7,2,0,0,1,1,0,1,0
7078,1973,8,6,4,1,0,0,2,0,1,0
7078,1974,17,17,7,0,0,2,0,0,1,0
7080,1967,5,4,2,1,0,0,1,0,0,0
7080,1968,9,8,4,0,1,0,1,0,1,0
7080,1969,1,1,0,0,0,0,0,0,1,0
7080,1972,3,3,3,0,0,0,0,0,0,0
7082,1967,8,8,0,0,0,0,0,0,1,0
7082,1968,18,18,4,2,0,0,0,0,4,0
7082,1969,20,17,6,2,0,1,2,0,2,1
7082,1970,11,11,2,1,0,0,0,0,4,0
7082,1971,16,14,1,0,0,0,2,0,5,0
7082,1975,11,11,2,0,0,0,0,0,5,0
7082,1976,16,16,3,2,0,0,0,0,7,0
7082,1977,8,8,0,0,0,0,0,0,4,0
7082,1980,1,1,1,0,0,0,0,0,0,0
7083,1977,7,7,1,1,0,0,0,0,1,0
7083,1981,4,4,0,0,0,0,0,0,1,0
7084,1972,2,2,0,0,0,0,0,0,1,0
7090,1969,1,1,0,0,0,0,0,0,1,0
7090,1970,16,14,3,0,0,2,2,0,2,0
7090,1971,10,9,1,0,0,1,1,0,1,0
7090,1972,11,10,2,1,0,1,1,0,1,0
7090,1973,10,8,2,0,0,0,2,0,0,0
7090,1974,12,11,3,0,0,0,1,0,0,0
7090,1975,16,10,2,0,0,1,6,0,0,0
7090,1976,6,6,0,0,0,0,0,0,2,0
7090,1977,24,21,2,0,0,1,3,0,10,0
7090,1980,5,4,1,0,0,1,1,0,1,0
7090,1982,5,5,1,0,0,1,0,0,2,0
7091,1963,4,4,3,0,1,1,0,0,1,0
7091,1964,13,11,3,2,0,0,2,0,1,0
7091,1965,3,2,1,0,0,0,1,0,0,0
7091,1966,7,7,1,0,0,0,0,0,2,0
7104,1962,7,6,3,0,1,0,1,0,0,0
7104,1963,2,2,0,0,0,0,0,0,0,0
7104,1964,13,13,3,0,0,0,0,0,0,0
7104,1965,8,7,3,0,0,0,0,0,2,1
7104,1966,20,20,5,1,0,0,0,0,5,0
7104,1967,21,21,4,0,0,0,0,0,3,0
7104,1968,14,13,2,0,0,0,0,0,1,0
7104,1969,4,4,2,1,0,0,0,0,0,0
7104,1970,3,3,0,0,0,0,0,0,1,0
7104,1971,3,3,1,0,0,0,0,0,0,0
7109,1978,10,9,2,1,0,0,1,0,1,0
7109,1979,11,11,2,0,0,0,0,0,2,0
7109,1981,3,2,1,0,1,0,0,1,0,0
7114,1969,2,2,0,0,0,0,0,0,2,0
7118,1972,15,15,2,0,0,0,0,0,2,0
7118,1973,15,15,2,0,0,0,0,0,4,0
7118,1974,11,11,3,1,0,1,0,0,1,0
7119,1962,2,1,0,0,0,0,0,0,1,0
7119,1964,1,1,0,0,0,0,0,0,0,0
7119,1966,1,1,0,0,0,0,0,0,0,0
7119,1968,8,7,2,0,0,0,0,0,1,0
7121,1978,10,10,3,0,0,0,0,0,1,0
7121,1979,8,8,1,0,0,0,0,0,0,0
7121,1981,7,7,2,0,0,0,0,0,2,0
7121,1982,4,4,2,0,1,0,0,0,0,0
7121,1983,3,3,3,0,1,0,0,0,0,0
7144,1963,2,2,1,0,0,0,0,0,0,0
7144,1964,5,4,2,0,0,0,1,0,0,0
7144,1965,9,8,1,0,0,0,1,0,1,0
7144,1966,14,14,1,0,0,0,0,0,2,0
7144,1967,19,17,3,1,0,0,2,0,1,0
7144,1968,7,7,1,0,1,0,0,0,1,0
7144,1969,17,14,4,1,0,1,2,0,1,0
7144,1970,2,2,0,0,0,0,0,0,0,0
7144,1971,9,9,2,0,0,1,0,0,2,0
7144,1974,8,7,1,0,0,0,1,0,1,0
7144,1978,3,2,0,0,0,0,1,0,0,0
7156,1965,1,1,0,0,0,0,0,0,1,0
7156,1967,1,1,0,0,0,0,0,0,0,0
7164,1978,7,5,0,0,0,0,2,0,0,0
7164,1979,6,5,0,0,0,0,1,0,0,0
7170,1973,5,5,1,0,0,0,0,0,0,0
7170,1974,3,3,1,0,0,0,0,0,0,0
7178,1963,1,1,0,0,0,0,0,0,1,0
7178,1964,1,1,0,0,0,0,0,0,0,0
7206,1962,3,3,0,0,0,0,0,0,0,0
7206,1964,4,4,1,1,0,0,0,0,1,0
7214,1969,1,1,0,0,0,0,0,0,0,0
7217,1970,3,3,0,0,0,0,0,0,1,0
7219,1972,3,3,0,0,0,0,0,0,2,0
7219,1979,2,2,0,0,0,0,0,0,0,0
7245,1975,4,3,1,0,0,0,0,0,1,1
7245,1976,4,4,2,0,0,0,0,0,0,0
7245,1980,2,2,1,0,0,0,0,0,0,0
7245,1982,3,3,0,0,0,0,0,0,1,0
7254,1972,3,3,2,0,0,0,0,0,0,0
7277,1963,2,2,1,0,0,0,0,0,0,0
7277,1964,17,17,2,0,0,0,0,0,3,0
7277,1965,13,11,3,0,0,0,1,0,1,0
7277,1966,2,1,0,0,0,0,1,0,0,0
7280,1972,6,5,0,0,0,0,1,0,1,0
7280,1976,1,1,0,0,0,0,0,0,0,0
7281,1972,8,7,0,0,0,0,0,0,1,0
7294,1968,7,7,3,1,0,0,0,0,1,0
7294,1971,5,5,2,1,0,0,0,0,0,0
7294,1973,3,3,1,1,0,0,0,0,0,0
7294,1974,16,15,3,0,0,0,1,0,2,0
7294,1975,8,8,4,1,0,0,0,0,1,0
7294,1976,2,2,1,0,0,0,0,0,0,0
7294,1977,24,24,4,1,0,1,0,0,3,0
7294,1980,7,6,1,0,0,0,1,0,0,0
7294,1982,11,11,3,1,0,0,0,0,2,0
7294,1983,6,6,2,0,0,0,0,0,1,0
7297,1978,2,2,1,0,1,0,0,0,1,0
7342,1962,5,5,0,0,0,0,0,0,1,0
7355,1972,4,4,0,0,0,0,0,0,1,0
7355,1973,19,16,3,1,1,1,1,0,1,0
7355,1974,11,10,2,0,0,0,1,0,1,0
7355,1975,10,10,2,0,0,0,0,0,2,0
7355,1976,3,3,0,0,0,0,0,0,1,0
7369,1980,6,5,1,1,0,0,0,0,0,0
7381,1963,5,5,1,0,0,0,0,0,1,0
7381,1964,7,6,3,0,0,1,0,0,0,1
7381,1965,1,1,0,0,0,0,0,0,0,0
7381,1966,15,14,1,0,0,0,1,0,4,0
7381,1967,19,17,3,0,0,1,2,0,2,0
7381,1968,8,8,2,1,0,0,0,0,2,0
7381,1969,15,14,2,0,0,1,1,0,3,0
7381,1970,24,22,7,2,0,0,2,0,2,0
7381,1971,10,9,3,0,0,0,1,0,2,0
7382,1973,4,2,0,0,0,0,1,0,0,1
7382,1975,6,6,1,0,0,0,0,0,1,0
7382,1978,3,2,0,0,0,0,1,0,1,0
7382,1979,4,4,2,0,0,0,0,0,0,0
7403,1969,4,1,0,0,0,0,0,0,0,0
7403,1970,3,3,0,0,0,0,0,0,3,0
7403,1971,2,2,0,0,0,0,0,0,1,0
7412,1972,1,1,1,0,0,0,0,0,0,0
7419,1970,2,2,0,0,0,0,0,0,0,0
7419,1971,9,9,3,0,0,0,0,0,1,0
7419,1978,12,12,3,1,0,0,0,0,0,0
7419,1979,6,6,1,0,0,0,0,0,1,0
7427,1975,13,13,3,1,0,0,0,0,2,0
7427,1976,9,9,4,0,0,0,0,0,0,0
7427,1977,12,12,1,1,0,0,0,0,3,0
7427,1980,10,8,1,0,0,0,2,0,0,0
7427,1982,7,7,3,0,0,0,0,0,0,0
7427,1983,6,5,2,0,0,0,1,0,0,0
7438,1966,4,4,0,0,0,0,0,0,1,0
7438,1967,5,4,0,0,0,0,1,0,0,0
7438,1972,14,14,3,1,0,0,0,0,2,0
7438,1973,15,14,4,3,1,0,1,0,2,0
7438,1974,8,6,0,0,0,0,1,0,2,1
7438,1975,3,2,0,0,0,0,1,0,0,0
7448,1966,1,1,0,0,0,0,0,0,1,0
7448,1967,1,1,0,0,0,0,0,0,0,0
7451,1977,3,3,1,1,0,0,0,0,1,0
7451,1980,6,6,4,0,1,0,0,0,0,0
7451,1982,7,6,3,1,0,0,0,0,0,1
7451,1983,3,3,1,0,0,0,0,0,0,0
7455,1975,3,3,0,0,0,0,0,0,1,0
7478,1967,3,3,1,0,0,0,0,0,2,0
7478,1968,11,8,3,0,0,0,2,0,0,0
7478,1969,13,11,5,0,0,1,1,1,1,0
7478,1970,13,13,3,1,0,0,0,0,2,0
7478,1971,14,14,4,0,0,0,0,0,1,0
7500,1967,7,5,0,0,0,0,2,0,4,0
7500,1968,6,6,2,0,0,0,0,0,0,0
7500,1969,8,8,3,0,0,0,0,0,3,0
7500,1970,9,6,2,0,0,1,3,0,0,0
7500,1971,4,3,1,1,0,0,0,1,0,0
7504,1972,2,2,1,1,0,0,0,0,0,0
7504,1973,13,13,4,0,0,1,0,0,2,0
7504,1974,16,14,4,0,0,0,1,0,2,0
7504,1976,4,3,1,0,0,0,1,0,1,0
7504,1977,2,2,2,0,1,0,0,0,0,0
7504,1980,3,3,3,1,0,0,0,0,0,0
7504,1982,6,5,1,0,0,0,1,0,0,0
7504,1983,13,12,3,0,0,0,1,0,3,0
7520,1978,6,6,1,0,0,0,0,0,1,0
7520,1979,11,10,3,0,0,0,1,0,0,0
7520,1981,4,4,1,0,0,0,0,0,0,0
7525,1972,19,18,3,0,0,0,1,0,1,0
7552,1982,10,9,2,0,0,0,1,0,0,0
7552,1983,4,3,1,0,0,0,1,0,0,0
7553,1973,3,3,0,0,0,0,0,0,1,0
7553,1974,7,5,1,0,0,1,2,0,3,0
7566,1973,4,4,1,0,0,1,0,0,1,0
7569,1962,1,1,0,0,0,0,0,0,0,0
7832,1966,1,1,1,0,0,0,0,0,0,0
7832,1971,1,1,0,0,0,0,0,0,0,0
7841,1980,12,8,3,0,0,0,1,2,1,1
7846,1982,9,8,0,0,0,0,1,0,1,0
7846,1983,4,3,2,1,0,0,1,0,1,0
7858,1978,4,4,0,0,0,0,0,0,2,0
7858,1979,3,3,0,0,0,0,0,0,1,0
7858,1981,11,10,3,0,0,0,1,0,4,0
7861,1969,11,9,1,0,0,0,2,0,3,0
7861,1970,11,10,4,0,0,1,1,0,1,0
7861,1971,4,4,1,1,0,0,0,0,1,0
7861,1973,7,7,1,0,0,0,0,0,3,0
7861,1974,20,16,4,1,1,1,3,0,2,0
7861,1975,7,7,0,0,0,0,0,0,2,0
7861,1976,4,4,1,0,0,1,0,0,0,0
7861,1977,6,6,1,0,0,0,0,0,0,0
7861,1980,4,3,1,0,0,0,1,0,1,0
7861,1982,4,4,0,0,0,0,0,0,2,0
7861,1983,5,5,0,0,0,0,0,0,1,0
7871,1972,6,5,3,0,0,0,1,0,1,0
7871,1973,4,4,1,0,0,1,0,0,2,0
7871,1974,5,3,0,0,0,0,2,0,0,0
7871,1975,4,4,1,0,0,0,0,0,0,0
7878,1978,5,5,0,0,0,0,0,0,4,0
7897,1971,8,8,3,0,0,1,0,0,0,0
7897,1978,9,8,2,1,0,0,1,0,1,0
7897,1979,10,10,1,0,0,0,0,0,0,0
7898,1972,1,1,0,0,0,0,0,0,1,0
7898,1973,3,3,0,0,0,0,0,0,0,0
7903,1963,1,1,0,0,0,0,0,0,1,0
7903,1964,1,1,0,0,0,0,0,0,0,0
7903,1965,4,3,1,0,0,0,1,0,1,0
7914,1974,6,6,0,0,0,0,0,0,2,0
7914,1975,4,3,0,0,0,0,1,0,2,0
7914,1977,5,5,1,0,0,1,0,0,1,0
7914,1980,3,3,1,1,0,0,0,0,0,0
7914,1982,3,3,1,0,0,0,0,0,0,0
7914,1983,8,6,1,0,0,0,0,1,2,0
7916,1978,1,1,0,0,0,0,0,0,1,0
7920,1980,4,2,0,0,0,0,1,0,0,0
7923,1983,2,2,1,0,0,0,0,0,0,0
7933,1970,4,4,0,0,0,0,0,0,0,0
7934,1976,4,4,1,0,0,0,0,0,1,0
7935,1963,6,6,2,0,0,0,0,0,1,0
7946,1970,1,1,0,0,0,0,0,0,0,0
7946,1971,1,1,0,0,0,0,0,0,0,0
7946,1978,7,7,0,0,0,0,0,0,1,0
7946,1981,4,4,3,0,0,0,0,0,0,0
7967,1981,9,8,2,1,0,1,1,0,1,0
7969,1978,9,8,2,0,0,0,1,0,1,0
7969,1979,16,14,5,0,0,0,2,0,0,0
7969,1981,5,5,0,0,0,0,0,0,1,0
7977,1964,5,5,1,0,0,0,0,0,2,0
7977,1965,11,10,2,1,0,1,1,0,1,0
7977,1966,12,10,2,0,1,0,2,0,1,0
7977,1967,10,8,2,1,0,1,2,0,2,0
7977,1968,1,0,0,0,0,0,1,0,0,0
7977,1969,16,13,2,0,0,0,2,0,2,0
7977,1970,24,23,6,0,2,1,1,0,1,0
7977,1971,15,12,2,1,0,0,2,0,2,1
7977,1978,9,6,0,0,0,0,1,0,0,2
7977,1979,6,6,1,0,0,0,0,0,0,0
7977,1981,6,6,1,0,0,0,0,0,1,0
8005,1980,12,12,4,1,0,0,0,0,4,0
8017,1970,3,3,2,1,0,0,0,0,0,0
8025,1973,1,1,0,0,0,0,0,0,1,0
8026,1980,4,4,1,1,0,0,0,0,2,0
8026,1982,3,3,0,0,0,0,0,0,1,0
8026,1983,3,2,0,0,0,0,1,0,0,0
8029,1978,2,2,0,0,0,0,0,0,1,0
8038,1965,7,6,3,0,0,0,1,0,1,0
8038,1966,4,4,1,0,0,0,0,0,0,0
8038,1967,5,5,2,0,0,0,0,0,1,0
8038,1968,4,4,0,0,0,0,0,0,1,0
8038,1969,8,7,1,0,1,0,1,0,1,0
8038,1970,11,10,0,0,0,0,1,0,1,0
8038,1978,1,1,0,0,0,0,0,0,0,0
8067,1977,10,10,2,1,0,0,0,0,6,0
8067,1982,4,3,2,0,0,0,1,0,0,0
8067,1983,4,3,1,0,0,0,1,0,0,0
8071,1978,8,8,3,0,0,0,0,0,0,0
8071,1979,1,1,0,0,0,0,0,0,0,0
8071,1982,9,7,5,0,1,0,1,0,0,0
8071,1983,4,4,0,0,0,0,0,0,0,0
8091,1972,18,18,3,0,0,0,0,0,3,0
8091,1973,24,23,9,0,0,2,1,0,4,0
8091,1974,15,15,5,2,0,0,0,0,3,0
8091,1975,8,8,3,1,0,0,0,0,2,0
8091,1976,11,10,4,0,0,0,1,0,0,0
8091,1977,7,7,3,0,0,0,0,0,1,0
8094,1981,3,3,0,0,0,0,0,0,0,0
8096,1972,20,20,2,0,0,0,0,0,4,0
8096,1973,24,24,9,1,0,2,0,0,4,0
8096,1974,15,14,4,0,1,0,1,0,0,0
8096,1978,9,7,0,0,0,0,1,0,1,1
8096,1979,2,2,1,0,0,0,0,0,0,0
8096,1982,2,2,0,0,0,0,0,0,0,0
8100,1966,2,2,0,0,0,0,0,0,1,0
8102,1978,13,13,5,1,0,1,0,0,3,0
8103,1980,7,6,2,0,0,1,1,0,1,0
8103,1982,7,7,1,1,0,0,0,0,0,0
8103,1983,4,3,0,0,0,0,1,0,2,0
8121,1977,13,12,3,0,0,0,1,0,1,0
8121,1980,11,11,4,1,0,0,0,0,1,0
8121,1982,1,1,0,0,0,0,0,0,0,0
8121,1983,11,10,3,0,0,0,1,0,0,0
8124,1968,1,1,0,0,0,0,0,0,1,0
8124,1969,10,10,2,1,0,0,0,0,5,0
8124,1970,11,11,2,0,0,1,0,0,5,0
8124,1971,2,2,0,0,0,0,0,0,0,0
8130,1972,1,1,0,0,0,0,0,0,1,0
8130,1973,14,13,3,0,0,0,1,0,2,0
8130,1974,4,4,1,0,0,0,0,0,0,0
8130,1975,11,10,4,0,0,0,1,0,1,0
8130,1976,8,8,1,0,1,0,0,0,3,0
8130,1977,6,6,2,1,0,0,0,0,0,0
8135,1963,1,1,0,0,0,0,0,0,0,0
8168,1965,1,1,0,0,0,0,0,0,1,0
8173,1980,6,6,1,1,0,0,0,0,0,0
8180,1970,3,3,0,0,0,0,0,0,2,0
8203,1962,2,1,0,0,0,0,0,0,0,1
8203,1963,4,2,1,0,0,0,1,0,0,0
8208,1962,2,2,1,0,0,0,0,0,1,0
8218,1972,15,13,3,2,0,0,1,1,4,0
8218,1973,15,15,7,2,0,0,0,0,3,0
8218,1976,2,2,0,0,0,0,0,0,1,0
8234,1968,7,7,0,0,0,0,0,0,1,0
8240,1973,24,20,6,1,0,1,4,0,3,0
8240,1974,14,12,2,1,0,1,2,0,1,0
8240,1975,7,6,1,0,0,0,1,0,0,0
8240,1976,10,10,5,1,0,0,0,0,1,0
8240,1977,5,5,1,0,0,1,0,0,0,0
8240,1980,2,2,1,0,0,0,0,0,0,0
8240,1982,1,1,0,0,0,0,0,0,0,0
8240,1983,5,5,2,0,0,1,0,0,1,0
8241,1972,12,9,3,0,0,1,3,0,4,0
8241,1974,4,4,0,0,0,0,0,0,2,0
8242,1974,6,5,0,0,0,0,1,0,4,0
8242,1975,8,6,3,0,0,0,2,0,2,0
8260,1977,1,1,0,0,0,0,0,0,0,0
8260,1980,8,8,2,0,0,0,0,0,1,0
8260,1982,3,3,1,1,0,0,0,0,1,0
8273,1966,7,7,0,0,0,0,0,0,5,0
8275,1982,3,3,0,0,0,0,0,0,0,0
8287,1965,1,1,0,0,0,0,0,0,0,0
8287,1967,4,4,1,0,0,0,0,0,2,0
8287,1968,4,4,0,0,0,0,0,0,3,0
8287,1969,3,3,1,0,0,0,0,0,0,0
8287,1970,1,1,0,0,0,0,0,0,0,0
8287,1971,2,2,0,0,0,0,0,0,1,0
8332,1968,3,3,0,0,0,0,0,0,2,0
8332,1971,4,4,1,0,0,0,0,0,1,0
8333,1978,11,7,1,0,0,0,4,0,1,0
8333,1979,7,7,2,0,0,0,0,0,2,0
8333,1981,8,8,2,1,0,0,0,0,1,0
8333,1982,5,5,2,0,0,0,0,0,0,0
8333,1983,3,3,1,1,0,0,0,0,0,0
8346,1974,3,2,0,0,0,0,1,0,0,0
8346,1976,2,2,0,0,0,0,0,0,1,0
8357,1977,4,3,0,0,0,0,1,0,0,0
8360,1973,16,14,6,0,0,0,2,0,1,0
8360,1974,12,11,3,1,0,0,1,0,3,0
8360,1975,12,11,2,0,0,0,0,0,1,1
8360,1976,21,17,5,0,0,0,4,0,2,0
8360,1978,6,5,2,1,0,0,1,0,0,0
8360,1979,14,11,4,0,0,0,2,1,0,0
8360,1981,6,4,1,0,0,0,2,0,2,0
8362,1972,20,20,5,0,0,0,0,0,3,0
8362,1973,14,13,4,0,0,0,1,0,2,0
8362,1974,4,4,0,0,0,0,0,0,1,0
8362,1975,11,10,3,1,0,0,0,1,2,0
8367,1977,3,3,1,1,0,0,0,0,0,0
8370,1967,1,0,0,0,0,0,0,0,0,0
8395,1963,1,1,0,0,0,0,0,0,1,0
8395,1964,4,4,0,0,0,0,0,0,2,0
8395,1965,2,1,0,0,0,0,0,0,0,0
8395,1966,2,2,0,0,0,0,0,0,2,0
8400,1975,4,4,2,0,0,0,0,0,0,0
8402,1972,12,11,3,0,0,0,1,0,1,0
8402,1978,2,2,1,0,0,0,0,0,0,0
8406,1978,3,3,0,0,0,0,0,0,0,0
8406,1979,8,8,3,1,0,0,0,0,1,0
8406,1981,7,7,2,0,0,0,0,0,0,0
8407,1981,6,5,1,0,0,0,1,0,2,0
8410,1978,3,3,1,0,1,0,0,0,0,0
8414,1982,4,4,1,0,0,1,0,0,0,0
8414,1983,3,3,1,1,0,0,0,0,0,0
8425,1965,1,1,1,0,0,0,0,0,0,0
8425,1967,2,1,0,0,0,0,1,0,0,0
8427,1972,8,8,2,0,0,0,0,0,3,0
8434,1981,10,7,2,2,0,0,2,0,2,0
8436,1978,14,13,4,0,0,1,0,0,0,0
8436,1979,7,6,1,0,0,0,0,1,0,0
8443,1972,11,10,2,0,0,0,0,0,3,1
8443,1973,11,11,2,1,0,1,0,0,7,0
8443,1974,4,4,1,0,0,0,0,0,0,0
8443,1975,8,8,0,0,0,0,0,0,3,0
8443,1976,4,4,2,0,0,0,0,0,0,0
8443,1977,7,7,1,0,0,0,0,0,2,0
8443,1980,3,3,1,0,0,0,0,0,0,0
8443,1982,8,8,3,1,0,0,0,0,0,0
8443,1983,10,8,5,2,1,1,0,0,1,2
8470,1969,16,14,5,0,0,0,0,2,1,0
8470,1970,7,7,3,0,0,0,0,0,1,0
8470,1971,2,2,1,1,0,0,0,0,0,0
8472,1972,10,9,3,1,0,0,1,0,2,0
8472,1973,8,8,1,0,0,0,0,0,1,0
8472,1974,5,4,0,0,0,0,1,0,3,0
8480,1963,5,4,0,0,0,0,1,0,3,0
8480,1965,5,5,1,0,0,0,0,0,3,0
8480,1966,1,1,0,0,0,0,0,0,0,0
8480,1967,3,2,0,0,0,0,1,0,1,0
8487,1963,2,2,0,0,0,0,0,0,0,0
8487,1964,2,1,0,0,0,0,1,0,1,0
8487,1965,1,0,0,0,0,0,0,0,0,0
8487,1966,3,3,0,0,0,0,0,0,0,0
8487,1967,5,5,1,0,0,0,0,0,2,0
8489,1972,4,3,0,0,0,0,1,0,1,0
8489,1973,8,8,1,0,0,0,0,0,3,0
8489,1974,6,6,1,0,0,1,0,0,1,0
8489,1975,8,8,3,0,0,0,0,0,1,0
8489,1976,12,12,2,0,0,0,0,0,2,0
8517,1978,12,10,1,0,0,0,2,0,0,0
8517,1979,3,3,1,0,0,0,0,0,0,0
8536,1972,4,4,0,0,0,0,0,0,1,0
8536,1973,14,13,3,1,0,0,1,0,2,0
8536,1974,12,12,5,0,0,2,0,0,5,0
8536,1975,15,13,3,0,0,1,2,0,2,0
8536,1976,4,4,1,0,0,0,0,0,1,0
8536,1977,7,7,2,0,0,1,0,0,2,0
8536,1980,6,5,2,0,0,0,1,0,0,0
8536,1983,3,2,1,0,0,0,1,0,0,0
8552,1971,4,4,2,1,0,0,0,0,0,0
8570,1965,3,1,0,0,0,0,1,0,1,0
8570,1967,2,2,0,0,0,0,0,0,0,0
8570,1968,4,3,0,0,0,0,0,0,1,0
8570,1969,3,3,0,0,0,0,0,0,0,0
8570,1971,3,3,0,0,0,0,0,0,0,0
8586,1969,1,1,0,0,0,0,0,0,0,0
8586,1972,9,9,2,0,0,0,0,0,2,0
8586,1973,12,11,3,0,0,1,1,0,1,0
8586,1974,16,14,6,2,0,0,1,0,4,0
8586,1975,4,4,0,0,0,0,0,0,2,0
8586,1976,6,5,1,0,0,0,1,0,0,0
8586,1977,23,23,3,1,1,1,0,0,5,0
8586,1980,5,4,1,0,0,0,1,0,1,0
8586,1982,8,8,1,0,0,0,0,0,2,0
8586,1983,6,6,1,0,0,0,0,0,3,0
8588,1962,1,1,0,0,0,0,0,0,1,0
8590,1964,1,0,0,0,0,0,1,0,0,0
8591,1978,9,8,3,0,0,0,1,0,1,0
8591,1979,13,12,3,1,0,0,1,0,2,0
8632,1980,10,10,3,1,0,0,0,0,3,0
8632,1982,4,4,1,0,0,0,0,0,0,0
8644,1966,6,6,3,0,0,0,0,0,0,0
8644,1967,2,2,1,0,0,0,0,0,0,0
8644,1969,4,3,1,0,0,1,1,0,1,0
8644,1970,4,4,1,0,0,0,0,0,1,0
8644,1971,4,4,1,0,0,0,0,0,0,0
8646,1982,1,1,1,0,0,0,0,0,0,0
8647,1977,8,7,2,0,0,0,1,0,2,0
8647,1980,5,4,2,0,0,1,1,0,1,0
8647,1982,3,3,2,1,0,0,0,0,1,0
8647,1983,3,3,0,0,0,0,0,0,0,0
8650,1964,6,6,2,0,0,0,0,0,2,0
8650,1965,5,4,1,0,0,0,1,0,1,0
8650,1966,13,9,3,2,0,0,3,1,1,0
8650,1967,6,6,1,0,0,0,0,0,0,0
8685,1978,4,4,1,1,0,0,0,0,0,0
8687,1966,2,2,0,0,0,0,0,0,0,0
8687,1967,2,2,0,0,0,0,0,0,1,0
8687,1968,2,2,0,0,0,0,0,0,1,0
8687,1969,3,3,0,0,0,0,0,0,1,0
8687,1970,3,3,2,0,0,1,0,0,0,0
8706,1978,9,8,2,1,1,0,1,0,0,0
8706,1979,16,15,6,1,0,1,1,0,1,0
8706,1981,5,5,1,0,0,0,0,0,0,0
8715,1964,2,2,1,0,0,0,0,0,0,0
8715,1965,15,13,5,0,0,0,2,0,1,0
8715,1966,11,9,2,0,0,0,2,0,2,0
8715,1967,8,7,3,1,0,0,1,0,0,0
8715,1968,6,6,1,0,0,0,0,0,2,0
8715,1969,15,14,3,0,0,0,1,0,3,0
8715,1970,14,9,2,1,0,0,4,0,2,1
8715,1971,18,15,5,0,0,0,3,0,1,0
8727,1980,7,6,1,0,0,1,1,0,1,0
8727,1982,11,9,4,1,0,1,1,0,1,1
8728,1979,8,8,4,1,0,1,0,0,0,0
8728,1981,3,3,2,0,0,1,0,0,0,0
8728,1982,7,7,4,0,0,0,0,0,0,0
8728,1983,4,4,0,0,0,0,0,0,2,0
8733,1972,3,3,1,0,0,0,0,0,2,0
8746,1981,1,1,0,0,0,0,0,0,1,0
8749,1969,7,7,0,0,0,0,0,0,2,0
8749,1972,13,13,2,1,0,0,0,0,2,0
8749,1973,8,7,3,0,0,0,1,0,0,0
8749,1974,15,14,1,0,0,0,1,0,2,0
8749,1975,15,12,5,0,1,1,1,0,3,0
8749,1976,6,6,3,0,0,1,0,0,1,0
8749,1977,21,19,3,2,0,0,0,2,4,0
8749,1980,2,2,1,1,0,0,0,0,1,0
8768,1972,2,1,0,0,0,0,0,0,0,0
8781,1972,4,4,1,0,0,0,0,0,0,0
8786,1967,4,4,1,0,0,0,0,0,0,0
8849,1965,3,2,1,0,0,0,1,0,0,0
8849,1966,1,1,0,0,0,0,0,0,0,0
8849,1968,8,8,1,0,0,0,0,0,0,0
8849,1969,12,12,0,0,0,0,0,0,3,0
8850,1981,4,4,1,0,0,0,0,0,0,0
8867,1970,13,11,4,0,0,2,2,0,0,0
8867,1971,8,6,1,0,0,0,2,0,0,0
8882,1982,3,3,0,0,0,0,0,0,1,0
8916,1971,10,10,2,0,1,0,0,0,2,0
8916,1977,4,2,2,0,0,0,2,0,0,0
8926,1965,5,5,1,0,0,1,0,0,1,0
8926,1967,14,14,4,0,0,1,0,0,3,0
8926,1968,22,20,4,1,0,0,1,1,1,0
8926,1969,19,17,5,0,0,2,2,0,4,0
8926,1970,15,13,5,0,0,1,1,1,3,0
8926,1971,17,15,2,0,1,0,2,0,4,0
8926,1978,3,3,0,0,0,0,0,0,1,0
8926,1979,9,8,2,0,0,0,1,0,2,0
8926,1980,14,14,3,1,0,0,0,0,2,0
8935,1981,6,6,4,0,0,0,0,0,0,0
8935,1983,5,5,2,0,0,0,0,0,0,0
8953,1965,2,2,1,0,0,0,0,0,0,0
8969,1972,3,3,0,0,0,0,0,0,1,0
8975,1980,4,3,2,0,0,0,0,1,1,0
8989,1972,14,10,2,0,1,0,4,0,2,0
8989,1973,8,8,1,0,0,0,0,0,3,0
8989,1974,14,14,3,1,0,0,0,0,2,0
8989,1975,4,3,0,0,0,0,1,0,1,0
8989,1976,3,3,0,0,0,0,0,0,0,0
8994,1983,3,3,2,0,1,0,0,0,0,0
9000,1969,8,8,3,1,0,0,0,0,1,0
9000,1971,2,2,1,0,0,0,0,0,0,0
9011,1964,1,1,0,0,0,0,0,0,0,0
9011,1966,9,8,2,0,0,0,1,0,3,0
9011,1967,12,11,2,0,0,1,1,0,3,0
9011,1968,6,6,1,0,0,0,0,0,0,0
9011,1969,4,4,0,0,0,0,0,0,2,0
9025,1979,3,2,1,1,0,0,1,0,0,0
9027,1983,3,2,0,0,0,0,1,0,1,0
9037,1977,7,6,1,0,0,0,0,0,1,0
9037,1980,2,2,1,0,0,0,0,0,1,0
9037,1982,3,3,1,0,0,0,0,0,0,0
9052,1975,3,3,0,0,0,0,0,0,0,0
9072,1972,11,10,3,1,1,0,0,1,0,0
9072,1973,10,7,1,0,0,1,3,0,2,0
9072,1975,7,7,0,0,0,0,0,0,1,0
9072,1976,4,4,0,0,0,0,0,0,0,0
9072,1982,1,1,1,0,0,0,0,0,0,0
9074,1962,3,2,1,0,0,0,0,0,0,1
9074,1963,3,2,1,0,0,0,1,0,0,0
9074,1964,9,9,1,0,0,0,0,0,3,0
9074,1965,11,11,2,0,0,0,0,0,4,0
9074,1966,12,12,7,2,0,0,0,0,1,0
9074,1967,18,18,3,0,0,1,0,0,4,0
9074,1968,15,15,7,1,0,0,0,0,3,0
9074,1969,10,9,1,0,0,0,0,1,0,0
9074,1972,7,6,3,0,0,0,1,0,1,0
9074,1973,12,12,3,0,0,0,0,0,3,0
9074,1974,16,13,2,0,0,0,1,1,2,1
9074,1975,16,16,3,1,1,0,0,0,1,0
9093,1967,2,2,0,0,0,0,0,0,0,0
9112,1978,4,4,0,0,0,0,0,0,1,0
9113,1965,2,2,0,0,0,0,0,0,0,0
9140,1967,2,2,0,0,0,0,0,0,0,0
9140,1968,14,14,2,0,0,0,0,0,1,0
9140,1969,2,2,1,0,0,0,0,0,0,0
9140,1970,5,5,0,0,0,0,0,0,0,0
9140,1971,2,2,0,0,0,0,0,0,0,0
9142,1976,7,7,4,0,0,0,0,0,0,0
9142,1977,20,19,4,1,0,0,0,1,0,0
9150,1973,7,7,3,1,0,0,0,0,3,0
9150,1974,11,10,3,0,0,0,1,0,2,0
9150,1975,11,11,2,0,0,2,0,0,3,0
9150,1976,3,2,0,0,0,0,1,0,1,0
9150,1977,20,17,6,2,0,0,3,0,2,0
9150,1980,6,6,2,0,0,0,0,0,3,0
9150,1981,3,3,0,0,0,0,0,0,1,0
9158,1962,1,1,0,0,0,0,0,0,0,0
9171,1972,15,15,4,0,0,0,0,0,2,0
9171,1973,15,14,5,0,0,1,1,0,4,0
9171,1974,14,9,2,0,0,0,5,0,2,0
9171,1975,6,5,2,2,0,0,1,0,1,0
9171,1976,4,3,1,0,0,1,1,0,1,0
9175,1980,3,3,0,0,0,0,0,0,0,0
9175,1982,3,3,0,0,0,0,0,0,0,0
9223,1980,2,1,0,0,0,0,1,0,0,0
9223,1983,6,5,1,0,0,0,1,0,0,0
9230,1978,16,15,4,0,0,0,0,0,0,0
9230,1979,11,10,3,0,0,2,0,0,1,0
9230,1981,3,3,2,1,0,0,0,0,0,0
9234,1978,3,3,0,0,0,0,0,0,0,0
9243,1968,1,1,0,0,0,0,0,0,1,0
9249,1982,3,3,1,0,0,0,0,0,0,0
9256,1969,1,1,1,0,0,0,0,0,0,0
9256,1970,1,1,0,0,0,0,0,0,0,0
9259,1964,1,1,1,0,0,0,0,0,0,0
9259,1967,8,8,2,1,0,0,0,0,0,0
9281,1975,4,4,2,0,0,0,0,0,1,0
9281,1980,3,3,1,0,0,0,0,0,0,0
9291,1978,8,6,1,0,0,0,2,0,1,0
9291,1980,4,4,1,0,0,0,0,0,0,0
9292,1967,3,3,0,0,0,0,0,0,1,0
9292,1968,5,5,2,0,0,1,0,0,0,0
9292,1969,14,12,3,0,0,1,2,0,1,0
9292,1970,14,12,3,0,1,0,2,0,2,0
9292,1971,7,6,1,1,0,0,0,0,2,0
9292,1977,4,4,1,0,0,0,0,0,2,0
9306,1981,4,4,0,0,0,0,0,0,0,0
9340,1970,3,3,0,0,0,0,0,0,1,0
9375,1976,11,10,2,0,0,0,0,0,1,0
9375,1977,3,3,1,0,0,0,0,0,1,0
9378,1972,14,14,4,1,0,0,0,0,3,0
9378,1974,4,4,1,0,0,0,0,0,1,0
9378,1975,6,5,4,0,0,0,1,0,0,0
9378,1978,6,6,4,0,0,0,0,0,0,0
9381,1976,6,6,2,0,0,0,0,0,0,0
9381,1977,6,6,1,0,0,0,0,0,1,0
9381,1980,5,5,1,0,0,0,0,0,1,0
9381,1982,10,10,4,0,0,0,0,0,0,0
9381,1983,6,6,2,0,0,0,0,0,0,0
9382,1962,1,1,0,0,0,0,0,0,0,0
9402,1972,3,3,1,0,0,0,0,0,1,0
9407,1967,3,3,0,0,0,0,0,0,1,0
9422,1963,1,1,1,1,0,0,0,0,0,0
9422,1965,2,2,0,0,0,0,0,0,2,0
9466,1968,2,2,0,0,0,0,0,0,0,0
9466,1970,6,6,0,0,0,0,0,0,1,0
9466,1971,2,2,0,0,0,0,0,0,2,0
9466,1979,1,1,0,0,0,0,0,0,0,0
9471,1972,6,6,0,0,0,0,0,0,1,0
9471,1973,7,6,1,0,0,0,1,0,2,0
9478,1972,5,4,1,0,0,0,1,0,1,0
9478,1973,6,6,0,0,0,0,0,0,1,0
9487,1974,3,3,1,0,0,0,0,0,0,0
9491,1978,7,7,1,0,0,0,0,0,1,0
9491,1979,7,7,2,0,0,0,0,0,1,0
9491,1981,3,3,1,0,0,0,0,0,1,0
9498,1975,13,12,3,0,0,0,1,0,1,0
9498,1976,8,8,2,0,0,0,0,0,0,0
9498,1977,11,10,2,0,0,0,1,0,0,0
9498,1980,8,8,2,1,0,0,0,0,0,0
9498,1982,8,8,3,0,0,0,0,0,0,0
9498,1983,10,10,3,1,0,0,0,0,0,0
9506,1971,6,6,2,2,0,0,0,0,0,0
9515,1972,4,4,1,0,0,0,0,0,0,0
9517,1981,2,0,0,0,0,0,0,0,0,0
9519,1978,7,6,2,1,0,0,0,0,3,0
9521,1980,4,4,1,0,0,0,0,0,1,0
9521,1982,6,6,1,1,0,0,0,0,0,0
9544,1977,7,6,4,2,0,1,1,0,0,0
9544,1979,11,10,2,0,0,0,0,0,0,0
9544,1981,2,2,0,0,0,0,0,0,0,0
9548,1971,1,1,0,0,0,0,0,0,0,0
9561,1978,1,1,0,0,0,0,0,0,0,0
9564,1966,3,3,0,0,0,0,0,0,0,0
9564,1967,1,1,0,0,0,0,0,0,1,0
9570,1974,4,4,1,1,0,0,0,0,1,0
9570,1975,8,8,1,1,0,0,0,0,5,0
9570,1976,10,9,2,1,0,1,0,0,4,1
9570,1977,4,3,0,0,0,0,1,0,1,0
9570,1980,12,11,3,1,1,0,1,0,1,0
9570,1982,3,3,1,0,0,0,0,0,0,0
9570,1983,13,12,6,1,0,1,1,0,3,0
9580,1981,8,8,4,0,0,1,0,0,0,0
9585,1978,3,3,0,0,0,0,0,0,0,0
9595,1968,1,1,0,0,0,0,0,0,0,0
9595,1969,2,2,0,0,0,0,0,0,0,0
9631,1982,5,5,0,0,0,0,0,0,1,0
9631,1983,11,11,4,2,0,1,0,0,2,0
9658,1972,5,4,1,1,0,0,0,1,0,0
9658,1974,5,3,1,0,0,0,2,0,0,0
9658,1975,11,9,3,0,1,0,1,0,0,0
9658,1976,11,10,5,1,0,1,1,0,0,0
9658,1977,7,7,0,0,0,0,0,0,0,0
9658,1983,4,3,2,0,0,0,0,0,0,0
9680,1983,5,4,0,0,0,0,0,0,1,0
9684,1969,4,4,1,0,0,0,0,0,2,0
9684,1970,1,1,0,0,0,0,0,0,0,0
9684,1971,4,4,2,1,0,0,0,0,1,0
9692,1969,1,1,0,0,0,0,0,0,0,0
9692,1978,1,1,0,0,0,0,0,0,0,0
9696,1962,5,4,1,0,0,0,0,0,0,1
9696,1964,1,1,1,0,0,0,0,0,0,0
9696,1966,1,1,0,0,0,0,0,0,1,0
9704,1975,4,4,0,0,0,0,0,0,0,0
9704,1980,1,1,0,0,0,0,0,0,0,0
9712,1966,2,1,0,0,0,0,0,0,1,0
9718,1978,9,8,1,1,0,0,1,0,2,0
9718,1979,6,6,0,0,0,0,0,0,2,0
9720,1972,18,16,2,0,0,0,1,0,1,0
9720,1973,13,12,4,0,0,0,1,0,4,0
9720,1974,16,15,2,2,0,0,1,0,0,0
9720,1975,9,8,2,1,0,0,1,0,0,0
9720,1976,4,4,2,1,0,0,0,0,0,0
9729,1970,5,5,1,0,0,0,0,0,1,0
9729,1971,2,2,0,0,0,0,0,0,1,0
9731,1967,3,3,1,0,0,0,0,0,0,0
9732,1962,2,2,1,1,0,0,0,0,0,0
9732,1963,2,2,1,0,0,1,0,0,1,0
9732,1964,6,6,2,0,0,1,0,0,1,0
9732,1965,13,11,6,2,0,0,2,0,1,0
9732,1973,12,12,5,0,0,0,0,0,1,0
9732,1974,4,3,0,0,0,0,0,1,1,0
9744,1969,2,2,1,0,0,0,0,0,0,0
9744,1970,4,4,1,0,0,0,0,0,0,0
9754,1978,1,1,0,0,0,0,0,0,0,0
9757,1962,2,2,1,0,0,0,0,0,1,0
9757,1963,5,5,3,0,0,0,0,0,0,0
9757,1964,11,10,2,0,0,0,1,0,2,0
9757,1965,1,1,0,0,0,0,0,0,0,0
9757,1967,1,1,0,0,0,0,0,0,0,0
9765,1972,16,16,2,2,0,0,0,0,3,0
9765,1973,12,12,0,0,0,0,0,0,3,0
9765,1974,6,5,1,0,0,0,0,0,3,1
9765,1975,10,10,3,1,0,0,0,0,2,0
9765,1976,9,8,2,0,1,0,1,0,1,0
9765,1982,1,1,0,0,0,0,0,0,1,0
9777,1972,4,2,0,0,0,0,0,2,1,0
9777,1974,7,6,0,0,0,0,1,0,1,0
9829,1980,1,1,0,0,0,0,0,0,1,0
9829,1982,5,4,2,1,0,0,1,0,2,0
9829,1983,4,3,1,0,0,0,1,0,1,0
9843,1979,2,1,0,0,0,0,0,0,1,0
9855,1964,5,4,1,0,0,0,1,0,0,0
9855,1965,8,8,1,1,0,0,0,0,2,0
9855,1966,9,8,3,1,0,0,1,0,1,0
9855,1967,16,14,4,0,0,0,0,0,1,0
9855,1968,14,14,3,0,0,0,0,0,0,0
9855,1969,9,9,0,0,0,0,0,0,2,0
9855,1972,11,11,4,1,0,0,0,0,1,0
9855,1973,8,7,3,0,0,0,1,0,0,0
9855,1974,12,11,0,0,0,0,0,0,0,0
9855,1975,8,7,1,0,0,1,1,0,1,0
9855,1977,9,8,3,1,0,0,0,0,0,1
9913,1972,4,4,0,0,0,0,0,0,1,0
9913,1973,2,2,0,0,0,0,0,0,0,0
9913,1974,2,2,0,0,0,0,0,0,1,0
9913,1975,4,4,0,0,0,0,0,0,3,0
9915,1978,1,1,0,0,0,0,0,0,0,0
9946,1980,1,1,0,0,0,0,0,0,0,0
9948,1963,2,2,1,1,0,0,0,0,1,0
9948,1964,2,1,0,0,0,0,1,0,0,0
9948,1965,14,14,5,1,0,0,0,0,1,0
9948,1966,10,10,3,2,0,0,0,0,2,0
9948,1967,7,5,1,0,0,0,2,0,1,0
9951,1963,2,2,1,0,0,0,0,0,0,0
9951,1964,5,5,0,0,0,0,0,0,0,0
9951,1965,11,10,0,0,0,0,1,0,3,0
9951,1966,13,13,3,1,0,0,0,0,3,0
9951,1967,14,12,3,0,0,1,1,1,2,0
9951,1968,20,18,8,2,0,0,2,0,3,0
9951,1969,19,17,8,0,0,0,2,0,3,0
9951,1970,16,14,2,0,0,0,2,0,3,0
9951,1971,18,17,7,0,0,0,1,0,0,0
9951,1978,13,13,4,2,0,0,0,0,0,0
9951,1979,8,8,3,1,0,0,0,0,1,0
9951,1981,11,9,3,0,0,0,1,0,0,1
9961,1968,1,1,0,0,0,0,0,0,0,0
9987,1978,14,11,3,0,0,0,2,0,1,0
9987,1979,7,7,3,1,0,0,0,0,1,0
9990,1965,1,0,0,0,0,0,1,0,0,0
9990,1969,1,1,0,0,0,0,0,0,0,0
9998,1972,11,10,5,2,0,0,0,1,1,0
9998,1973,16,15,6,0,0,0,1,0,4,0
9998,1974,15,13,4,2,1,0,1,1,2,0
9998,1975,11,11,4,2,0,2,0,0,1,0
9998,1976,14,12,5,2,0,1,2,0,0,0
9998,1977,4,4,1,0,0,0,0,0,2,0
9998,1980,3,2,1,0,0,0,0,1,0,0
10009,1978,2,2,0,0,0,0,0,0,2,0
10012,1964,3,3,0,0,0,0,0,0,0,0
10012,1965,4,4,0,0,0,0,0,0,0,0
10012,1966,3,3,1,0,0,0,0,0,0,0
10012,1967,7,7,0,0,0,0,0,0,3,0
10012,1968,6,6,2,0,0,0,0,0,0,0
10012,1969,2,2,0,0,0,0,0,0,1,0
10022,1963,5,5,3,0,0,0,0,0,0,0
10037,1969,1,1,0,0,0,0,0,0,1,0
10037,1978,6,6,4,1,0,0,0,0,0,0
10037,1979,13,12,1,0,0,0,0,0,1,0
10037,1981,2,2,0,0,0,0,0,0,0,0
10044,1978,1,1,0,0,0,0,0,0,1,0
10044,1981,4,3,1,0,0,0,0,0,2,0
10058,1968,3,3,0,0,0,0,0,0,0,0
10058,1969,8,7,0,0,0,0,1,0,1,0
10058,1970,6,5,0,0,0,0,0,0,0,0
10078,1962,1,1,1,0,0,1,0,0,0,0
10078,1964,1,0,0,0,0,0,1,0,0,0
10078,1965,2,2,0,0,0,0,0,0,0,0
10078,1971,2,2,0,0,0,0,0,0,0,0
10098,1977,3,3,0,0,0,0,0,0,1,0
10106,1981,7,6,3,0,1,0,0,1,0,0
10123,1983,4,3,2,0,0,0,1,0,1,0
10128,1964,7,7,1,0,0,0,0,0,1,0
10160,1981,1,1,0,0,0,0,0,0,0,0
10170,1974,4,4,0,0,0,0,0,0,0,0
10186,1974,4,4,1,0,0,0,0,0,1,0
10193,1967,4,3,3,0,0,0,1,0,0,0
10193,1969,16,16,5,1,0,0,0,0,3,0
10193,1970,7,7,1,0,0,0,0,0,0,0
10193,1971,6,5,1,0,0,0,1,0,0,0
10193,1977,6,5,0,0,0,0,1,0,1,0
10193,1978,2,2,0,0,0,0,0,0,0,0
10193,1979,1,1,1,0,0,0,0,0,0,0
10202,1969,2,1,0,0,0,0,1,0,1,0
10202,1971,1,1,0,0,0,0,0,0,1,0
10226,1962,2,2,1,1,0,0,0,0,0,0
10226,1963,5,5,2,0,0,0,0,0,2,0
10226,1964,15,14,4,2,0,0,0,1,2,0
10226,1965,6,4,0,0,0,0,1,0,1,1
10226,1966,12,11,5,0,1,0,1,0,2,0
10226,1967,14,12,4,0,1,0,2,0,3,0
10226,1968,17,15,2,0,0,1,2,0,1,0
10226,1969,8,7,2,0,0,0,0,0,0,1
10226,1970,12,12,6,1,1,2,0,0,0,0
10226,1971,8,8,0,0,0,0,0,0,3,0
10226,1974,8,8,2,0,0,0,0,0,1,0
10255,1965,2,2,0,0,0,0,0,0,1,0
10255,1967,4,3,0,0,0,0,1,0,1,0
10255,1969,4,1,0,0,0,0,2,0,1,1
10258,1962,2,2,0,0,0,0,0,0,0,0
10279,1963,1,1,0,0,0,0,0,0,0,0
10279,1968,1,1,0,0,0,0,0,0,1,0
10284,1972,8,7,0,0,0,0,1,0,2,0
10284,1973,10,8,3,0,0,0,2,0,1,0
10284,1974,4,4,0,0,0,0,0,0,0,0
10287,1972,1,1,0,0,0,0,0,0,0,0
10290,1972,8,8,3,0,0,0,0,0,1,0
10290,1974,6,5,2,0,0,0,1,0,0,0
10316,1978,10,9,2,1,0,0,1,0,1,0
10316,1979,7,6,0,0,0,0,1,0,1,0
10316,1981,9,9,7,0,0,1,0,0,1,0
10324,1983,2,2,0,0,0,0,0,0,0,0
10325,1962,1,0,0,0,0,0,1,0,0,0
10325,1964,11,11,4,0,0,0,0,0,3,0
10325,1967,2,2,0,0,0,0,0,0,1,0
10325,1968,7,5,1,0,0,0,2,0,1,0
10325,1971,2,1,0,0,0,0,1,0,1,0
10334,1983,3,3,1,0,0,0,0,0,0,0
10346,1963,1,0,0,0,0,0,0,0,0,0
10363,1966,1,1,0,0,0,0,0,0,0,0
10371,1981,12,11,3,0,0,0,1,0,0,0
10372,1983,3,3,1,0,0,0,0,0,0,0
10380,1972,8,6,0,0,0,0,2,0,1,0
10380,1973,7,6,1,0,0,0,1,0,2,0
10380,1974,17,16,0,0,0,0,1,0,8,0
10380,1975,11,11,1,0,0,0,0,0,3,0
10380,1976,4,4,0,0,0,0,0,0,2,0
10380,1977,4,4,0,0,0,0,0,0,1,0
10386,1977,4,3,1,0,0,0,1,0,1,0
10386,1978,1,1,0,0,0,0,0,0,0,0
10386,1979,9,8,3,1,0,0,0,0,1,0
10386,1981,4,3,0,0,0,0,1,0,0,0
10387,1978,3,3,1,1,0,0,0,0,1,0
10387,1979,7,6,3,0,1,0,0,0,0,1
10387,1981,9,8,5,1,0,1,0,1,0,0
10393,1976,4,4,0,0,0,0,0,0,1,0
10414,1970,3,2,0,0,0,0,1,0,0,0
10414,1978,2,2,0,0,0,0,0,0,1,0
10414,1979,4,4,1,0,0,0,0,0,1,0
10414,1981,3,3,1,0,0,0,0,0,0,0
10436,1980,5,5,1,0,0,0,0,0,0,0
10445,1969,5,5,0,0,0,0,0,0,4,0
10490,1965,1,1,0,0,0,0,0,0,0,0
10490,1966,6,6,2,0,0,1,0,0,1,0
10490,1967,5,5,1,0,0,0,0,0,0,0
10490,1968,8,7,4,1,0,0,1,0,0,0
10490,1969,11,11,3,2,0,1,0,0,1,0
10490,1970,7,7,1,0,0,0,0,0,0,0
10490,1971,7,7,0,0,0,0,0,0,0,0
10494,1964,2,2,1,0,0,0,0,0,1,0
10494,1966,8,8,2,0,0,1,0,0,3,0
10494,1967,10,8,0,0,0,0,1,0,3,0
10494,1968,9,8,0,0,0,0,1,0,2,0
10494,1969,17,16,5,2,0,0,1,0,1,0
10496,1973,16,15,2,0,0,0,1,0,0,0
10496,1974,14,13,2,0,0,0,0,0,1,1
10496,1975,4,4,0,0,0,0,0,0,1,0
10497,1973,1,1,0,0,0,0,0,0,0,0
10524,1975,4,4,1,0,0,0,0,0,1,0
10524,1977,2,2,0,0,0,0,0,0,0,0
10527,1972,2,2,0,0,0,0,0,0,0,0
10540,1963,2,2,0,0,0,0,0,0,2,0
10567,1972,4,3,0,0,0,0,1,0,3,0
10567,1975,5,5,0,0,0,0,0,0,1,0
10567,1977,4,4,1,0,0,0,0,0,1,0
10569,1967,2,1,0,0,0,0,1,0,0,0
10569,1968,2,0,0,0,0,0,0,0,0,0
10569,1970,1,1,0,0,0,0,0,0,1,0
10569,1971,2,2,0,0,0,0,0,0,1,0
10586,1972,2,1,0,0,0,0,1,0,1,0
10592,1962,1,1,0,0,0,0,0,0,0,0
10592,1963,2,2,0,0,0,0,0,0,0,0
10592,1964,3,2,0,0,0,0,0,0,1,1
10604,1965,2,2,0,0,0,0,0,0,1,0
10608,1970,7,6,1,0,1,0,1,0,1,0
10608,1971,6,6,2,0,0,0,0,0,0,0
10608,1978,10,7,2,0,0,0,3,0,1,0
10608,1979,7,6,3,0,0,0,1,0,0,0
10608,1982,7,7,1,1,0,0,0,0,0,0
10608,1983,10,9,5,2,0,1,1,0,0,0
10616,1966,1,1,0,0,0,0,0,0,0,0
10616,1968,4,4,0,0,0,0,0,0,1,0
10618,1978,2,2,0,0,0,0,0,0,2,0
10618,1980,10,7,1,0,0,0,2,0,3,0
10618,1983,3,3,1,0,1,0,0,0,0,0
10620,1970,3,3,0,0,0,0,0,0,1,0
10621,1971,13,12,3,0,1,0,0,0,4,1
10621,1972,8,7,3,0,0,1,1,0,1,0
10621,1973,10,10,1,1,0,0,0,0,1,0
10621,1974,4,3,0,0,0,0,1,0,2,0
10627,1968,3,3,0,0,0,0,0,0,2,0
10631,1970,4,4,2,0,0,0,0,0,0,0
10631,1971,1,1,0,0,0,0,0,0,0,0
10631,1975,17,15,6,1,0,0,2,0,1,0
10631,1976,15,13,2,1,0,0,2,0,1,0
10631,1977,14,9,6,3,0,0,5,0,0,0
10631,1980,7,6,0,0,0,0,1,0,2,0
10631,1982,7,4,2,1,0,1,3,0,0,0
10631,1983,10,9,4,0,0,1,1,0,1,0
10633,1969,5,5,2,0,0,0,0,0,0,0
10642,1964,2,2,0,0,0,0,0,0,1,0
10642,1965,1,1,0,0,0,0,0,0,1,0
10648,1969,16,16,0,0,0,0,0,0,2,0
10648,1970,3,2,0,0,0,0,1,0,0,0
10648,1971,2,2,1,0,0,0,0,0,0,0
10648,1978,6,6,2,1,0,0,0,0,1,0
10648,1979,6,5,1,1,0,0,1,0,1,0
10649,1977,6,6,1,0,0,0,0,0,3,0
10654,1962,9,9,3,2,0,0,0,0,0,0
10654,1963,1,1,0,0,0,0,0,0,0,0
10654,1964,3,3,0,0,0,0,0,0,1,0
10654,1965,6,5,0,0,0,0,1,0,2,0
10654,1966,3,3,2,1,0,0,0,0,0,0
10671,1983,3,3,1,0,0,0,0,0,0,0
10678,1969,5,5,2,1,0,0,0,0,1,0
10678,1970,6,6,0,0,0,0,0,0,2,0
10678,1971,3,3,0,0,0,0,0,0,1,0
10686,1975,5,5,1,0,0,0,0,0,0,0
10686,1976,12,10,5,0,0,0,2,0,1,0
10686,1977,6,6,3,1,0,0,0,0,1,0
10686,1980,4,4,3,1,0,0,0,0,0,0
10686,1982,9,7,1,0,0,0,2,0,0,0
10686,1983,9,8,3,1,0,0,1,0,1,0
10698,1975,4,4,1,0,0,0,0,0,2,0
10698,1977,10,8,3,0,1,0,0,0,2,0
10700,1962,2,2,0,0,0,0,0,0,0,0
10714,1964,10,9,2,0,0,0,0,0,2,0
10714,1965,11,10,3,1,0,1,1,0,3,0
10714,1966,11,11,4,0,0,0,0,0,2,0
10726,1963,1,1,0,0,0,0,0,0,0,0
10726,1964,2,1,0,0,0,0,0,1,1,0
10730,1962,4,4,1,0,0,0,0,0,2,0
10730,1963,1,1,0,0,0,0,0,0,0,0
10747,1981,7,6,2,0,0,1,0,0,0,0
10758,1981,9,9,2,0,0,0,0,0,1,0
10767,1972,12,11,3,1,0,0,1,0,1,0
10767,1973,20,19,3,1,0,1,1,0,1,0
10767,1978,9,8,1,1,0,0,1,0,4,0
10767,1979,13,11,2,0,0,0,2,0,3,0
10767,1981,1,1,1,0,0,0,0,0,0,0
10774,1976,4,4,1,0,0,0,0,0,0,0
10778,1968,7,7,3,0,0,0,0,0,0,0
10778,1969,8,6,0,0,0,0,2,0,0,0
10778,1970,2,2,1,0,0,0,0,0,0,0
10778,1971,1,1,0,0,0,0,0,0,0,0
10796,1963,6,6,1,0,0,0,0,0,0,0
10817,1972,8,8,2,1,0,0,0,0,0,0
10817,1974,2,2,0,0,0,0,0,0,0,0
10817,1975,8,5,1,0,0,0,3,0,2,0
10817,1977,7,6,3,1,0,0,1,0,0,0
10817,1980,2,2,2,1,0,1,0,0,0,0
10822,1980,3,3,0,0,0,0,0,0,0,0
10830,1974,9,8,1,0,0,1,1,0,3,0
10830,1975,5,5,0,0,0,0,0,0,4,0
10830,1976,4,4,1,1,0,0,0,0,1,0
10830,1977,6,5,2,0,0,1,1,0,3,0
10874,1962,3,2,1,0,1,0,1,0,0,0
10874,1963,3,2,0,0,0,0,0,0,1,0
10874,1964,7,6,1,0,0,0,0,0,2,0
10874,1965,8,8,2,0,0,0,0,0,2,0
10874,1967,6,6,0,0,0,0,0,0,2,0
10874,1968,14,13,3,0,0,0,1,0,2,0
10874,1969,4,3,0,0,0,0,1,0,1,0
10888,1979,3,2,1,0,0,0,1,0,1,0
10888,1981,3,3,1,0,0,0,0,0,0,0
10894,1962,1,0,0,0,0,0,0,0,0,0
10897,1973,23,21,7,1,2,1,2,0,2,0
10897,1975,6,5,2,0,0,0,1,0,0,0
10897,1976,4,3,1,0,0,0,1,0,0,0
10897,1977,7,6,1,1,0,0,1,0,2,0
10897,1980,4,4,1,0,0,0,0,0,1,0
10897,1982,3,2,0,0,0,0,1,0,0,0
10906,1967,3,3,1,0,0,0,0,0,0,0
10906,1968,2,2,0,0,0,0,0,0,0,0
10906,1969,7,5,1,0,0,0,1,1,0,0
10906,1970,8,8,2,0,0,0,0,0,2,0
10906,1971,7,7,2,0,0,0,0,0,1,0
10906,1972,8,7,1,0,0,0,0,0,0,0
10908,1975,3,3,0,0,0,0,0,0,1,0
10908,1976,3,3,2,1,0,0,0,0,0,0
10908,1979,3,3,0,0,0,0,0,0,2,0
10910,1981,1,1,1,0,0,0,0,0,0,0
10915,1972,3,1,0,0,0,0,0,0,0,0
10923,1967,7,5,0,0,0,0,2,0,2,0
10934,1975,4,4,1,0,0,0,0,0,1,0
10934,1980,7,6,3,1,0,0,0,0,1,0
10934,1982,1,1,1,0,0,0,0,0,0,0
10934,1983,4,4,1,0,0,0,0,0,0,0
10936,1970,12,10,3,1,0,0,1,0,0,1
10938,1977,4,4,2,0,0,0,0,0,1,0
10939,1967,2,2,0,0,0,0,0,0,1,0
10939,1968,5,5,2,1,0,0,0,0,1,0
10939,1969,6,6,2,1,0,0,0,0,2,0
10939,1970,9,9,1,0,0,0,0,0,3,0
10939,1971,20,17,7,3,0,0,2,0,0,1
10945,1963,3,3,1,0,0,0,0,0,0,0
10945,1964,7,6,0,0,0,0,0,0,2,0
10945,1965,2,2,1,0,0,0,0,0,1,0
10955,1973,8,7,1,0,0,0,1,0,3,0
10955,1976,3,3,2,0,0,1,0,0,0,0
10955,1982,2,2,0,0,0,0,0,0,2,0
10960,1972,4,4,0,0,0,0,0,0,3,0
10960,1973,8,8,2,0,0,0,0,0,5,0
10960,1975,6,4,1,0,0,0,2,0,1,0
10960,1977,10,10,4,0,0,1,0,0,4,0
10965,1972,9,9,2,0,0,0,0,0,0,0
10965,1973,13,13,2,0,0,1,0,0,0,0
10965,1974,4,4,0,0,0,0,0,0,2,0
10970,1980,8,8,5,1,0,0,0,0,1,0
10970,1982,6,6,0,0,0,0,0,0,0,0
10970,1983,10,10,1,0,0,0,0,0,0,0
10976,1963,1,1,0,0,0,0,0,0,0,0
10976,1964,7,7,2,0,0,1,0,0,1,0
10976,1965,8,7,5,0,0,2,1,0,0,0
10976,1966,17,17,5,1,0,0,0,0,4,0
10976,1967,12,11,2,0,0,0,1,0,4,0
10976,1968,12,11,2,0,0,1,1,0,2,0
10976,1969,13,11,5,1,1,1,2,0,2,0
10976,1970,8,8,3,0,0,1,0,0,1,0
10976,1971,7,7,3,0,0,1,0,0,0,0
10976,1978,4,4,2,0,1,0,0,0,2,0
10976,1979,16,15,5,1,0,0,1,0,2,0
10976,1981,4,3,1,0,0,0,1,0,0,0
10983,1963,5,5,1,0,0,0,0,0,1,0
10983,1964,4,4,2,2,0,0,0,0,0,0
10983,1965,9,7,0,0,0,0,2,0,0,0
10983,1966,7,6,3,0,0,0,0,0,1,1
10983,1967,10,10,6,1,0,0,0,0,0,0
10983,1968,9,7,4,1,0,0,2,0,0,0
10983,1969,4,4,2,0,0,1,0,0,0,0
10983,1970,11,9,2,0,1,0,1,1,2,0
10983,1971,10,9,3,2,0,0,1,0,0,0
10983,1976,9,8,3,0,0,1,1,0,0,0
10983,1977,4,4,2,0,0,1,0,0,0,0
10983,1981,3,2,0,0,0,0,1,0,0,0
10987,1978,9,8,0,0,0,0,0,1,0,0
10987,1979,10,10,2,0,0,0,0,0,3,0
10987,1981,3,3,1,0,0,0,0,0,0,0
10998,1977,6,5,4,1,0,0,1,0,1,0
10998,1982,3,3,1,0,0,0,0,0,0,0
11009,1978,9,9,3,1,0,0,0,0,0,0
11009,1979,5,5,1,0,0,0,0,0,0,0
11016,1964,4,4,1,0,0,0,0,0,1,0
11016,1965,2,2,1,0,0,0,0,0,1,0
11016,1966,12,11,4,1,0,0,1,0,0,0
11016,1967,1,0,0,0,0,0,1,0,0,0
11016,1972,3,2,0,0,0,0,1,0,0,0
11016,1973,1,1,0,0,0,0,0,0,0,0
11043,1964,12,10,2,0,0,0,1,0,3,1
11043,1965,1,1,0,0,0,0,0,0,1,0
11043,1966,1,1,0,0,0,0,0,0,1,0
11043,1969,10,8,3,0,0,0,2,0,1,0
11043,1970,5,5,0,0,0,0,0,0,1,0
11043,1971,4,4,1,0,0,0,0,0,0,0
11056,1977,1,1,1,0,0,0,0,0,0,0
11058,1975,4,3,0,0,0,0,1,0,1,0
11058,1976,2,2,1,0,0,0,0,0,1,0
11058,1977,6,6,1,0,0,0,0,0,1,0
11058,1980,4,4,2,0,0,0,0,0,2,0
11073,1969,3,3,0,0,0,0,0,0,3,0
11073,1971,3,2,1,0,0,0,0,1,1,0
11076,1969,1,1,1,0,0,0,0,0,0,0
11076,1971,6,5,1,0,0,0,0,0,1,0
11077,1969,1,1,1,0,0,0,0,0,0,0
11080,1969,3,1,0,0,0,0,2,0,0,0
11080,1970,5,5,1,0,0,0,0,0,0,0
11080,1971,7,5,2,0,0,0,2,0,0,0
11089,1972,5,4,0,0,0,0,1,0,0,0
11104,1979,10,8,2,0,0,0,0,0,1,0
11131,1962,7,6,1,0,0,0,1,0,1,0
11131,1965,12,12,2,0,0,0,0,0,2,0
11131,1966,3,3,1,0,0,0,0,0,1,0
11150,1973,10,9,3,0,0,0,1,0,0,0
11155,1969,9,8,1,0,0,0,1,0,1,0
11155,1970,7,5,2,0,0,0,1,0,0,1
11155,1973,5,4,1,0,0,1,1,0,1,0
11155,1974,6,5,2,0,0,0,1,0,0,0
11155,1975,1,1,0,0,0,0,0,0,1,0
11165,1967,2,2,2,0,0,0,0,0,0,0
11170,1974,1,1,0,0,0,0,0,0,0,0
11170,1978,3,3,1,0,0,0,0,0,0,0
11170,1979,3,3,0,0,0,0,0,0,1,0
11170,1980,7,7,2,0,0,1,0,0,3,0
11171,1982,3,3,1,0,0,1,0,0,0,0
11171,1983,3,3,0,0,0,0,0,0,1,0
11178,1979,5,5,3,0,0,0,0,0,0,0
11178,1981,1,1,1,0,0,0,0,0,0,0
11181,1967,1,1,0,0,0,0,0,0,0,0
11181,1968,3,3,0,0,0,0,0,0,1,0
11181,1969,4,4,2,0,0,0,0,0,0,0
11181,1971,3,3,0,0,0,0,0,0,1,0
11181,1974,8,8,1,0,0,0,0,0,1,0
11181,1975,9,9,4,0,0,0,0,0,1,0
11181,1976,2,2,0,0,0,0,0,0,0,0
11185,1966,7,5,1,0,0,0,0,1,1,0
11185,1967,2,2,0,0,0,0,0,0,1,0
11185,1968,3,3,0,0,0,0,0,0,2,0
11185,1969,3,2,1,0,0,0,0,0,0,0
11185,1970,2,1,0,0,0,0,0,0,1,0
11185,1971,5,5,1,0,0,0,0,0,1,0
11185,1978,4,3,0,0,0,0,0,0,1,0
11185,1981,2,2,0,0,0,0,0,0,0,0
11198,1978,3,3,0,0,0,0,0,0,2,0
11198,1979,3,2,0,0,0,0,1,0,2,0
11223,1965,7,7,2,0,0,2,0,0,1,0
11223,1966,2,2,1,0,1,0,0,0,1,0
11223,1967,4,4,0,0,0,0,0,0,2,0
11223,1968,7,6,0,0,0,0,1,0,3,0
11223,1969,7,6,2,1,0,0,1,0,2,0
11232,1977,1,1,0,0,0,0,0,0,0,0
11233,1983,5,5,2,0,0,0,0,0,0,0
11248,1978,6,6,0,0,0,0,0,0,1,0
11288,1978,10,10,3,1,0,0,0,0,1,0
11288,1979,12,12,0,0,0,0,0,0,5,0
11288,1981,3,3,1,0,0,0,0,0,0,0
11302,1969,3,3,0,0,0,0,0,0,2,0
11303,1969,5,4,2,0,0,0,1,0,0,0
11309,1964,1,1,0,0,0,0,0,0,0,0
11309,1965,1,1,0,0,0,0,0,0,1,0
11319,1962,1,1,1,1,0,0,0,0,0,0
11323,1963,3,2,1,0,0,0,0,1,1,0
11323,1964,11,10,2,0,0,0,0,1,1,0
11323,1965,5,5,2,1,0,0,0,0,0,0
11323,1966,6,5,1,0,0,0,1,0,1,0
11323,1967,7,3,0,0,0,0,4,0,1,0
11323,1968,14,13,2,0,0,0,1,0,0,0
11323,1969,13,13,4,1,0,0,0,0,1,0
11323,1970,8,7,6,1,0,0,1,0,0,0
11323,1972,7,7,2,1,0,0,0,0,0,0
11346,1978,13,13,3,0,0,0,0,0,1,0
11346,1979,4,4,1,0,0,0,0,0,0,0
11346,1981,7,7,3,0,0,0,0,0,0,0
11347,1962,1,1,0,0,0,0,0,0,0,0
11347,1963,3,2,0,0,0,0,1,0,0,0
11348,1972,3,3,1,0,0,0,0,0,2,0
11348,1973,16,12,2,0,0,0,4,0,4,0
11348,1974,15,12,4,1,0,1,1,0,4,2
11348,1975,17,15,2,2,0,0,2,0,4,0
11348,1976,14,12,2,1,0,0,1,0,5,1
11348,1981,3,2,0,0,0,0,0,1,0,0
11352,1972,1,1,0,0,0,0,0,0,1,0
11360,1973,8,7,1,0,0,0,1,0,0,0
11360,1974,3,3,1,0,0,0,0,0,0,0
11360,1975,9,8,2,0,0,0,1,0,1,0
11360,1976,4,3,0,0,0,0,0,0,0,0
11383,1972,7,4,1,0,0,0,3,0,0,0
11409,1979,3,3,0,0,0,0,0,0,1,0
11409,1981,14,12,3,0,0,0,0,0,0,0
11414,1972,9,8,3,0,0,0,0,0,1,0
11414,1973,3,3,0,0,0,0,0,0,1,0
11414,1974,3,3,2,1,0,0,0,0,0,0
11414,1975,11,11,2,0,0,1,0,0,2,0
11414,1976,4,4,0,0,0,0,0,0,0,0
11417,1962,2,2,0,0,0,0,0,0,0,0
11417,1963,6,6,2,1,0,0,0,0,0,0
11417,1964,5,5,1,0,0,0,0,0,0,0
11417,1965,1,1,1,1,0,0,0,0,0,0
11418,1973,1,1,0,0,0,0,0,0,1,0
11418,1975,1,1,0,0,0,0,0,0,0,0
11418,1980,4,3,1,0,0,0,0,0,2,0
11418,1982,4,3,0,0,0,0,1,0,0,0
11418,1983,10,9,4,1,0,1,1,0,2,0
11419,1979,2,1,0,0,0,0,1,0,0,0
11422,1976,6,6,2,0,0,0,0,0,1,0
11422,1977,7,7,1,0,0,0,0,0,2,0
11422,1980,6,5,3,0,0,1,1,0,0,0
11433,1966,1,1,0,0,0,0,0,0,0,0
11433,1967,4,3,0,0,0,0,1,0,0,0
11433,1968,4,4,2,0,0,0,0,0,0,0
11448,1979,8,8,3,0,0,0,0,0,1,0
11448,1981,1,1,0,0,0,0,0,0,0,0
11456,1977,4,4,2,0,0,1,0,0,1,0
11456,1982,10,9,4,0,0,1,1,0,1,0
11456,1983,7,6,1,0,0,0,1,0,1,0
11469,1963,1,1,0,0,0,0,0,0,1,0
11483,1968,3,2,1,0,0,0,1,0,0,0
11483,1969,3,3,0,0,0,0,0,0,2,0
11483,1970,3,2,1,0,0,0,1,0,1,0
11505,1966,1,1,0,0,0,0,0,0,0,0
11505,1967,5,5,3,0,0,0,0,0,0,0
11505,1968,9,9,1,0,0,0,0,0,2,0
11505,1969,22,21,4,0,0,1,1,0,4,0
11505,1970,16,14,3,1,0,0,2,0,3,0
11517,1982,3,2,0,0,0,0,0,0,0,0
11517,1983,3,3,1,0,0,0,0,0,0,0
11534,1967,1,1,0,0,0,0,0,0,0,0
11534,1972,1,1,0,0,0,0,0,0,0,0
11534,1973,6,6,1,0,0,0,0,0,2,0
11547,1963,1,1,0,0,0,0,0,0,0,0
11549,1968,8,7,0,0,0,0,0,0,2,0
11549,1977,3,2,0,0,0,0,1,0,1,0
11551,1963,4,3,1,0,0,0,1,0,1,0
11551,1964,11,10,5,1,0,2,1,0,0,0
11551,1965,4,4,2,1,0,0,0,0,0,0
11551,1966,12,11,1,0,0,0,1,0,2,0
11551,1967,13,12,1,1,0,0,1,0,1,0
11551,1968,12,12,5,0,0,1,0,0,2,0
11551,1969,16,16,3,1,0,0,0,0,6,0
11551,1970,8,7,2,0,0,0,0,1,2,0
11551,1971,6,6,3,1,1,0,0,0,1,0
11557,1972,12,11,0,0,0,0,0,0,6,0
11557,1976,7,5,0,0,0,0,2,0,0,0
11565,1972,13,12,4,2,0,0,1,0,2,0
11565,1974,4,4,1,0,0,0,0,0,0,0
11565,1975,7,7,0,0,0,0,0,0,1,0
11565,1976,4,4,0,0,0,0,0,0,0,0
11574,1963,1,1,0,0,0,0,0,0,1,0
11574,1965,9,7,2,0,0,0,1,1,3,0
11575,1981,1,1,0,0,0,0,0,0,0,0
11580,1980,2,1,0,0,0,0,1,0,1,0
11580,1982,6,3,1,1,0,0,3,0,0,0
11597,1964,3,3,0,0,0,0,0,0,2,0
11599,1978,9,8,3,0,0,0,1,0,0,0
11599,1979,3,2,0,0,0,0,1,0,1,0
11599,1981,5,5,0,0,0,0,0,0,0,0
11599,1983,6,5,1,0,0,0,0,0,2,0
11619,1964,1,1,0,0,0,0,0,0,1,0
11645,1982,11,11,4,0,0,0,0,0,1,0
11654,1979,1,1,0,0,0,0,0,0,1,0
11658,1977,3,3,0,0,0,0,0,0,0,0
11660,1978,7,7,1,0,0,0,0,0,1,0
11662,1965,4,4,1,0,0,1,0,0,1,0
11662,1967,7,6,0,0,0,0,1,0,3,0
11677,1978,3,3,0,0,0,0,0,0,1,0
11680,1980,2,2,1,0,0,0,0,0,0,0
11680,1982,3,2,1,0,0,0,0,0,1,1
11680,1983,3,3,0,0,0,0,0,0,1,0
11700,1981,1,1,0,0,0,0,0,0,1,0
11725,1968,1,1,0,0,0,0,0,0,0,0
11725,1969,4,3,1,1,0,0,1,0,1,0
11728,1971,3,2,0,0,0,0,1,0,0,0
11728,1973,8,7,1,0,0,0,1,0,1,0
11728,1974,5,5,3,0,0,0,0,0,0,0
11728,1975,1,1,0,0,0,0,0,0,0,0
11728,1978,4,4,1,0,0,0,0,0,0,0
11730,1978,3,3,2,0,0,0,0,0,1,0
11730,1979,8,8,1,1,0,0,0,0,1,0
11730,1981,3,2,2,1,0,0,0,0,0,1
11730,1983,6,6,1,0,0,0,0,0,1,0
11732,1981,2,2,0,0,0,0,0,0,0,0
11753,1970,2,2,0,0,0,0,0,0,0,0
11779,1975,3,3,0,0,0,0,0,0,1,0
11804,1963,1,1,0,0,0,0,0,0,0,0
11804,1966,5,5,1,0,0,0,0,0,1,0
11804,1969,2,2,0,0,0,0,0,0,1,0
11804,1971,2,2,1,0,0,0,0,0,0,0
11820,1973,8,7,1,0,0,0,1,0,3,0
11820,1980,3,2,0,0,0,0,1,0,1,0
11845,1968,14,13,2,0,0,0,1,0,2,0
11845,1971,1,1,0,0,0,0,0,0,0,0
11846,1975,7,7,2,0,0,0,0,0,2,0
11846,1976,6,5,1,0,0,0,1,0,0,0
11846,1977,2,2,0,0,0,0,0,0,0,0
11846,1980,9,8,4,1,0,0,0,1,1,0
11886,1962,9,7,0,0,0,0,1,0,0,0
11886,1963,4,4,2,0,0,0,0,0,0,0
11886,1964,15,14,6,0,0,0,1,0,1,0
11886,1965,8,7,3,1,1,0,1,0,1,0
11910,1972,3,3,1,0,0,0,0,0,0,0
11914,1979,2,2,0,0,0,0,0,0,0,0
11915,1983,1,1,0,0,0,0,0,0,0,0
11916,1971,5,4,0,0,0,0,1,0,1,0
11916,1973,1,1,0,0,0,0,0,0,1,0
11930,1969,1,1,0,0,0,0,0,0,0,0
11933,1977,3,2,0,0,0,0,0,0,1,0
11933,1980,3,3,1,0,0,0,0,0,0,0
11933,1982,3,2,1,0,0,0,1,0,0,0
11961,1980,1,0,0,0,0,0,0,0,0,1
11964,1983,3,3,2,0,0,0,0,0,0,0
11972,1969,1,1,0,0,0,0,0,0,1,0
11986,1978,12,12,2,1,0,0,0,0,2,0
11986,1979,8,5,1,1,0,0,3,0,0,0
11994,1978,5,5,2,0,0,0,0,0,1,0
11995,1963,1,1,0,0,0,0,0,0,0,0
12021,1980,4,4,1,1,0,0,0,0,2,0
12035,1982,10,10,2,0,0,1,0,0,2,0
12035,1983,10,9,2,0,0,0,1,0,1,0
12052,1962,2,2,1,1,0,0,0,0,1,0
12052,1963,4,4,1,0,0,0,0,0,1,0
12052,1965,1,1,0,0,0,0,0,0,1,0
12054,1974,9,9,5,0,1,0,0,0,2,0
12054,1975,15,15,6,1,0,1,0,0,1,0
12054,1976,19,18,2,0,0,0,1,0,6,0
12054,1980,2,2,0,0,0,0,0,0,1,0
12059,1982,10,10,4,0,0,0,0,0,0,0
12061,1962,1,1,1,0,0,0,0,0,0,0
12061,1965,1,1,0,0,0,0,0,0,1,0
12061,1967,3,3,0,0,0,0,0,0,3,0
12061,1968,1,1,0,0,0,0,0,0,1,0
12062,1980,5,4,1,1,0,0,1,0,0,0
12062,1982,7,6,5,3,0,0,1,0,0,0
12062,1983,8,8,6,1,0,0,0,0,0,0
12064,1970,2,2,0,0,0,0,0,0,2,0
12071,1977,3,3,1,0,0,0,0,0,1,0
12071,1982,11,11,0,0,0,0,0,0,0,0
12071,1983,3,3,0,0,0,0,0,0,0,0
12073,1969,2,2,0,0,0,0,0,0,1,0
12081,1970,7,5,2,0,0,0,0,1,2,1
12081,1971,14,13,1,1,0,0,1,0,2,0
12081,1978,10,8,4,2,0,0,2,0,1,0
12081,1979,3,2,0,0,0,0,1,0,0,0
12081,1980,3,2,1,0,0,0,1,0,0,0
12115,1970,4,3,1,0,0,0,1,0,1,0
12121,1970,1,1,0,0,0,0,0,0,0,0
12128,1968,7,6,1,1,0,0,1,0,1,0
12128,1969,3,3,1,0,0,0,0,0,0,0
12133,1981,2,2,1,0,0,0,0,0,0,0
12152,1981,1,0,0,0,0,0,0,0,0,0
12199,1962,1,1,1,1,0,0,0,0,0,0
12199,1963,2,2,2,0,0,1,0,0,0,0
12199,1964,6,6,4,2,0,0,0,0,0,0
12199,1965,11,9,3,0,0,0,2,0,1,0
12199,1966,9,8,1,0,0,0,0,1,5,0
12199,1967,14,12,1,0,0,0,1,1,4,0
12199,1968,14,14,5,1,0,1,0,0,0,0
12199,1969,3,2,1,0,0,0,1,0,0,0
12206,1979,3,2,0,0,0,0,1,0,0,0
12207,1977,1,1,0,0,0,0,0,0,0,0
12207,1980,3,3,1,0,0,0,0,0,1,0
12207,1982,3,3,2,2,0,0,0,0,0,0
12207,1983,3,3,1,0,0,0,0,0,0,0
12213,1973,5,4,3,0,1,0,0,0,1,1
12213,1974,4,4,1,0,1,0,0,0,2,0
12213,1975,7,7,3,0,0,1,0,0,1,0
12213,1976,4,4,0,0,0,0,0,0,2,0
12213,1977,15,14,4,1,0,0,1,0,1,0
12213,1980,5,5,1,0,0,0,0,0,0,0
12213,1982,10,10,4,1,0,0,0,0,1,0
12213,1983,7,4,1,0,0,0,1,0,0,1
12215,1962,1,1,0,0,0,0,0,0,0,0
12215,1968,10,10,4,0,0,0,0,0,2,0
12215,1969,3,3,1,0,0,0,0,0,1,0
12218,1978,3,2,2,1,0,0,1,0,0,0
12221,1980,7,6,1,0,0,0,0,0,0,0
12221,1982,10,10,0,0,0,0,0,0,1,0
12228,1978,3,3,2,0,0,0,0,0,1,0
12229,1964,1,1,0,0,0,0,0,0,0,0
12233,1972,19,18,5,2,0,0,0,1,2,0
12233,1973,26,24,5,1,0,3,2,0,3,0
12233,1974,16,11,2,0,0,0,4,0,2,0
12233,1975,4,4,1,1,0,0,0,0,0,0
12233,1976,11,11,3,0,0,0,0,0,1,0
12233,1977,6,5,1,0,0,0,1,0,1,0
12239,1978,13,13,5,0,0,0,0,0,1,0
12239,1979,10,9,2,0,0,0,1,0,1,0
12268,1977,3,3,1,1,0,0,0,0,1,0
12268,1980,3,3,0,0,0,0,0,0,0,0
12268,1982,7,6,1,1,0,0,0,1,1,0
12268,1983,3,3,1,0,0,0,0,0,1,0
12294,1962,2,2,2,1,0,1,0,0,0,0
12294,1963,5,5,3,2,0,1,0,0,0,0
12294,1964,16,14,4,0,0,1,2,0,0,0
12294,1965,5,5,2,1,0,0,0,0,0,0
12294,1966,12,12,4,0,0,1,0,0,2,0
12294,1967,14,13,5,0,0,2,1,0,1,0
12294,1968,18,17,4,1,0,0,0,0,0,1
12294,1969,8,7,1,0,0,0,1,0,0,0
12294,1970,15,14,3,1,0,1,1,0,1,0
12294,1971,9,9,2,0,0,1,0,0,1,0
12294,1975,18,17,4,0,0,1,1,0,2,0
12294,1976,10,9,2,1,0,0,1,0,0,0
12300,1963,1,0,0,0,0,0,1,0,0,0
12311,1970,1,1,0,0,0,0,0,0,0,0
12311,1971,15,14,3,0,0,2,0,0,3,1
12311,1973,14,12,5,1,0,0,2,0,3,0
12311,1974,14,10,2,0,0,0,1,0,4,1
12311,1977,8,8,0,0,0,0,0,0,1,0
12327,1969,4,4,0,0,0,0,0,0,3,0
12327,1970,1,1,0,0,0,0,0,0,1,0
12340,1964,3,2,0,0,0,0,1,0,0,0
12340,1965,18,16,5,0,0,0,0,1,0,0
12340,1966,13,12,3,0,0,0,1,0,2,0
12340,1967,21,19,8,0,0,0,2,0,1,0
12340,1968,15,14,3,0,0,0,1,0,1,0
12340,1969,18,16,5,0,0,0,2,0,0,0
12340,1970,11,11,5,1,0,0,0,0,0,0
12340,1971,20,20,5,0,0,0,0,0,2,0
12348,1979,5,4,0,0,0,0,1,0,3,0
12359,1972,4,4,1,1,0,0,0,0,1,0
12373,1968,3,2,1,0,0,0,0,0,0,0
12373,1970,2,2,0,0,0,0,0,0,0,0
12373,1971,2,2,0,0,0,0,0,0,0,0
12376,1982,6,6,2,0,0,0,0,0,1,0
12386,1981,4,4,1,0,0,0,0,0,1,0
12402,1980,7,7,3,0,0,0,0,0,1,0
12402,1982,12,11,4,0,0,0,1,0,1,0
12402,1983,8,8,0,0,0,0,0,0,0,0
12412,1963,2,2,0,0,0,0,0,0,1,0
12412,1964,2,2,0,0,0,0,0,0,0,0
12412,1965,6,6,1,0,0,0,0,0,0,0
12412,1967,12,12,2,1,0,0,0,0,4,0
12412,1968,2,2,0,0,0,0,0,0,1,0
12412,1969,4,4,2,0,0,0,0,0,0,0
12412,1970,8,7,1,0,0,0,1,0,1,0
12412,1971,6,6,0,0,0,0,0,0,1,0
12414,1982,9,9,4,1,0,1,0,0,2,0
12414,1983,9,9,3,0,0,2,0,0,1,0
12434,1967,3,2,1,0,0,0,1,0,1,0
12434,1968,2,2,0,0,0,0,0,0,0,0
12434,1969,1,1,0,0,0,0,0,0,0,0
12434,1971,1,1,1,0,0,1,0,0,0,0
12436,1964,1,1,0,0,0,0,0,0,0,0
12448,1980,3,3,0,0,0,0,0,0,0,0
12449,1974,4,4,0,0,0,0,0,0,1,0
12449,1975,11,10,1,0,0,0,1,0,2,0
12449,1977,6,5,1,0,0,0,0,0,1,1
12471,1977,4,3,1,0,0,0,1,0,0,0
12471,1980,3,3,0,0,0,0,0,0,0,0
12504,1965,2,1,0,0,0,0,1,0,1,0
12504,1966,9,9,2,0,0,0,0,0,1,0
12504,1967,10,9,1,1,0,0,1,0,3,0
12504,1968,7,7,2,0,0,0,0,0,1,0
12504,1969,6,2,0,0,0,0,1,1,1,0
12504,1970,6,6,0,0,0,0,0,0,2,0
12504,1971,8,8,3,0,0,0,0,0,0,0
12505,1972,3,3,0,0,0,0,0,0,1,0
12525,1982,4,2,1,0,0,1,2,0,0,0
12525,1983,3,3,0,0,0,0,0,0,0,0
12543,1976,18,18,6,1,0,0,0,0,1,0
12543,1977,6,6,2,0,0,0,0,0,0,0
12543,1980,4,4,0,0,0,0,0,0,0,0
12543,1983,8,8,3,0,0,0,0,0,0,0
12547,1964,4,4,1,0,0,0,0,0,1,0
12547,1965,11,8,2,0,0,0,2,0,0,0
12547,1966,4,4,0,0,0,0,0,0,1,0
12547,1967,10,9,5,2,1,1,0,0,3,1
12547,1968,10,8,3,1,0,0,1,0,2,0
12547,1969,16,13,4,1,0,3,2,0,2,0
12547,1970,20,18,5,0,0,1,2,0,6,0
12547,1971,3,3,0,0,0,0,0,0,1,0
12547,1977,4,4,1,0,0,0,0,0,1,0
12564,1972,15,15,1,0,0,0,0,0,0,0
12564,1973,20,17,2,0,0,0,3,0,1,0
12564,1974,15,14,3,0,0,0,1,0,0,0
12564,1975,7,6,2,1,0,0,1,0,2,0
12564,1976,12,11,3,1,1,0,1,0,0,0
12564,1977,4,4,1,0,0,0,0,0,0,0
12564,1980,11,10,1,1,0,0,1,0,0,0
12564,1982,6,4,0,0,0,0,2,0,0,0
12564,1983,7,6,1,0,0,0,1,0,0,0
12569,1978,7,7,1,0,0,0,0,0,1,0
12569,1979,7,6,1,0,0,0,1,0,2,0
12605,1965,2,2,0,0,0,0,0,0,1,0
12605,1969,3,2,0,0,0,0,1,0,2,0
12610,1978,2,2,1,0,1,0,0,0,0,0
12610,1979,11,11,6,2,2,0,0,0,0,0
12623,1974,6,6,2,1,0,0,0,0,1,0
12623,1975,9,9,4,2,0,1,0,0,1,0
12623,1976,3,3,1,0,0,0,0,0,0,0
12623,1977,6,5,1,1,0,0,1,0,0,0
12623,1980,4,4,1,0,0,0,0,0,2,0
12623,1982,8,8,4,0,0,2,0,0,1,0
12623,1983,10,10,2,0,0,0,0,0,0,0
12629,1981,2,0,0,0,0,0,1,0,0,0
12670,1977,6,6,1,0,0,0,0,0,1,0
