10,1997,3,3,2,0,0,0,0,0,0,0
10,1998,6,6,1,0,0,0,0,0,0,0
10,2000,1,1,0,0,0,0,0,0,0,0
12,1997,2,2,0,0,0,0,0,0,1,0
12,1998,3,3,1,0,0,0,0,0,2,0
12,1999,3,3,0,0,0,0,0,0,0,0
15,2002,3,3,0,0,0,0,0,0,0,0
15,2005,7,6,2,0,0,0,1,0,1,0
19,1992,1,1,0,0,0,0,0,0,1,0
22,1999,5,5,1,0,0,0,0,0,2,0
22,2008,6,5,1,0,0,0,1,0,3,0
133,1991,2,2,0,0,0,0,0,0,0,0
152,1995,3,3,0,0,0,0,0,0,0,0
152,1997,4,3,1,0,0,0,1,0,1,0
152,1998,4,3,0,0,0,0,0,1,1,0
152,1999,7,7,0,0,0,0,0,0,1,0
152,2002,3,3,0,0,0,0,0,0,1,0
153,1989,3,3,1,0,0,0,0,0,0,0
153,1991,2,2,0,0,0,0,0,0,2,0
153,1992,1,0,0,0,0,0,0,0,0,0
153,1995,2,2,0,0,0,0,0,0,0,0
161,1999,3,2,0,0,0,0,1,0,2,0
161,2001,3,3,2,2,0,0,0,0,0,0
163,2000,3,3,0,0,0,0,0,0,2,0
196,1991,5,5,2,0,1,1,0,0,0,0
196,1992,2,1,1,0,0,0,1,0,0,0
196,1993,10,9,2,0,0,0,1,0,4,0
196,1994,12,11,2,2,0,0,1,0,2,0
196,1995,6,6,1,0,0,0,0,0,2,0
196,1996,14,13,2,2,0,0,0,0,3,0
196,1997,7,5,2,2,0,0,2,0,1,0
196,1998,8,8,2,0,0,0,0,0,1,0
196,1999,6,6,2,0,0,0,0,0,1,0
196,2000,8,6,1,0,0,1,1,1,0,0
196,2001,2,2,1,1,0,0,0,0,0,0
196,2003,3,3,0,0,0,0,0,0,0,0
197,1990,3,3,2,1,0,1,0,0,0,0
197,1992,2,1,0,0,0,0,0,0,0,0
197,1993,3,3,0,0,0,0,0,0,0,0
197,1994,4,4,1,0,0,0,0,0,1,0
197,1995,3,3,3,2,0,1,0,0,0,0
197,1996,3,3,0,0,0,0,0,0,0,0
197,1997,7,7,2,0,0,1,0,0,0,0
197,1998,3,3,0,0,0,0,0,0,0,0
197,1999,3,3,1,1,0,0,0,0,0,0
197,2000,3,3,2,1,0,0,0,0,0,0
197,2001,3,3,2,0,0,0,0,0,0,0
197,2002,3,3,0,0,0,0,0,0,0,0
197,2003,2,2,0,0,0,0,0,0,1,0
197,2004,2,2,1,0,0,0,0,0,0,0
197,2006,6,5,0,0,0,0,0,0,0,1
203,1997,2,2,2,2,0,0,0,0,0,0
203,2001,3,3,1,0,0,0,0,0,1,0
224,1998,3,3,0,0,0,0,0,0,0,0
247,1994,4,4,1,0,0,0,0,0,1,0
247,1995,3,2,0,0,0,0,1,0,1,0
247,1996,6,6,3,0,0,1,0,0,0,0
247,1997,6,4,2,0,0,0,1,1,1,0
247,1999,3,3,1,0,0,0,0,0,0,0
247,2000,8,7,1,0,0,0,1,0,0,0
248,1995,2,1,0,0,0,0,1,0,0,0
252,2005,4,4,2,0,0,0,0,0,0,0
257,2004,1,0,0,0,0,0,0,0,0,0
260,1989,2,2,0,0,0,0,0,0,1,0
260,1991,1,1,0,0,0,0,0,0,0,0
260,1992,4,4,2,0,0,0,0,0,0,0
260,1993,7,5,1,0,0,0,2,0,3,0
260,1994,3,3,0,0,0,0,0,0,3,0
260,1995,4,3,0,0,0,0,1,0,1,0
260,1996,14,13,2,0,0,2,1,0,3,0
260,1997,3,3,0,0,0,0,0,0,2,0
260,1999,3,2,0,0,0,0,0,1,0,0
260,2000,4,3,2,2,0,0,1,0,1,0
262,2006,9,9,4,0,0,0,0,0,0,0
262,2008,7,7,1,0,0,1,0,0,0,0
275,1995,8,6,1,1,0,0,2,0,2,0
275,1996,9,9,4,1,0,0,0,0,2,0
275,1997,5,5,1,0,0,0,0,0,1,0
275,1998,6,6,1,1,0,0,0,0,1,0
275,1999,10,9,4,1,0,0,1,0,1,0
275,2000,13,12,3,0,0,0,0,0,1,1
275,2001,10,9,2,0,0,0,1,0,0,0
275,2002,6,5,1,0,0,1,1,0,2,0
275,2003,7,7,1,0,0,1,0,0,2,0
275,2004,13,12,4,0,0,0,1,0,3,0
275,2005,9,9,3,1,0,0,0,0,0,0
275,2006,6,6,2,2,0,0,0,0,0,0
275,2008,3,3,0,0,0,0,0,0,0,0
285,1989,1,1,1,0,0,0,0,0,0,0
319,2008,3,2,0,0,0,0,1,0,1,0
353,1999,2,1,0,0,0,0,1,0,0,0
355,1996,6,6,1,0,0,0,0,0,1,0
397,1999,3,3,2,1,0,0,0,0,0,0
404,1998,3,3,1,0,0,1,0,0,2,0
412,2000,2,2,0,0,0,0,0,0,1,0
421,2008,3,3,0,0,0,0,0,0,0,0
433,1998,1,1,0,0,0,0,0,0,0,0
433,1999,12,11,4,1,0,1,1,0,2,0
433,2001,3,3,1,0,0,1,0,0,0,0
433,2004,2,2,1,1,0,0,0,0,0,0
433,2008,3,3,1,1,0,0,0,0,0,0
435,2000,10,8,2,1,0,0,2,0,0,0
435,2001,3,2,0,0,0,0,1,0,0,0
435,2002,3,1,0,0,0,0,2,0,0,0
435,2004,3,3,0,0,0,0,0,0,0,0
435,2005,3,2,1,0,0,0,1,0,0,0
451,2008,10,10,3,1,0,0,0,0,1,0
462,2008,2,2,0,0,0,0,0,0,0,0
483,1990,2,2,0,0,0,0,0,0,0,0
483,1991,2,2,1,0,0,0,0,0,0,0
483,1992,4,4,2,0,0,0,0,0,1,0
483,1993,11,11,4,1,1,0,0,0,0,0
483,1994,4,4,1,0,0,0,0,0,1,0
483,1995,3,3,0,0,0,0,0,0,0,0
483,1996,5,4,1,0,0,0,1,0,0,0
483,1999,3,2,2,0,0,0,1,0,0,0
492,1999,7,6,2,1,0,0,1,0,1,0
492,2001,3,3,0,0,0,0,0,0,0,0
492,2002,3,3,0,0,0,0,0,0,0,0
492,2004,3,3,0,0,0,0,0,0,1,0
508,1989,3,2,1,0,0,0,1,0,0,0
508,1990,2,2,0,0,0,0,0,0,0,0
508,1991,2,2,0,0,0,0,0,0,0,0
508,1992,3,3,0,0,0,0,0,0,2,0
508,1993,4,4,0,0,0,0,0,0,1,0
515,1989,1,1,0,0,0,0,0,0,0,0
523,2008,3,3,1,1,0,0,0,0,0,0
531,1998,3,2,0,0,0,0,1,0,2,0
534,1989,5,5,3,1,0,0,0,0,2,0
534,1990,4,4,0,0,0,0,0,0,2,0
543,2003,3,3,0,0,0,0,0,0,1,0
543,2004,5,4,0,0,0,0,0,1,0,0
543,2006,6,6,3,2,0,0,0,0,0,0
549,2008,3,2,1,0,0,0,1,0,0,0
582,2008,6,5,1,0,0,1,0,1,0,0
583,1995,4,3,0,0,0,0,1,0,1,0
593,2003,4,4,2,0,0,0,0,0,0,0
596,1989,7,6,0,0,0,0,1,0,4,0
596,1990,2,2,0,0,0,0,0,0,2,0
596,1991,3,2,1,0,0,0,1,0,0,0
598,2007,2,2,1,0,0,0,0,0,0,0
604,2001,3,2,0,0,0,0,0,1,0,0
615,2008,3,3,0,0,0,0,0,0,0,0
632,1991,1,1,0,0,0,0,0,0,1,0
632,1992,2,2,1,0,0,0,0,0,0,0
632,1993,3,3,2,0,0,0,0,0,0,0
645,1999,3,3,1,0,0,0,0,0,0,0
662,1997,3,3,1,1,0,0,0,0,0,0
665,2008,3,3,2,1,0,1,0,0,0,0
668,2008,6,5,3,0,0,1,1,0,1,0
669,2005,5,4,3,1,0,0,0,0,0,1
669,2008,2,2,2,0,0,0,0,0,0,0
672,1996,6,5,2,0,0,0,1,0,0,0
684,1995,3,3,0,0,0,0,0,0,1,0
690,1990,1,1,1,0,0,0,0,0,0,0
700,1998,3,3,0,0,0,0,0,0,1,0
700,2000,6,6,1,0,0,0,0,0,3,0
700,2001,3,3,0,0,0,0,0,0,1,0
700,2002,5,4,1,0,0,0,0,1,0,0
700,2003,6,6,0,0,0,0,0,0,1,0
701,1996,7,6,0,0,0,0,1,0,0,0
712,1998,3,3,1,0,0,0,0,0,1,0
712,2000,5,5,0,0,0,0,0,0,1,0
718,1995,3,3,1,0,0,1,0,0,1,0
718,1996,3,3,1,0,0,0,0,0,1,0
718,1997,2,2,0,0,0,0,0,0,0,0
718,2000,3,3,0,0,0,0,0,0,0,0
724,2006,3,2,2,0,1,1,0,1,0,0
727,2006,2,2,1,0,0,0,0,0,0,0
738,1989,1,1,1,0,0,0,0,0,0,0
765,1995,6,6,2,0,0,0,0,0,2,0
765,1996,4,4,0,0,0,0,0,0,2,0
765,2000,1,1,0,0,0,0,0,0,1,0
802,2000,3,3,1,0,0,0,0,0,1,0
805,1991,1,0,0,0,0,0,0,1,0,0
806,1998,3,3,1,0,0,0,0,0,0,0
806,1999,3,3,1,0,0,0,0,0,0,0
806,2000,3,3,1,0,0,0,0,0,0,0
806,2001,6,6,2,1,0,1,0,0,0,0
809,1989,3,3,0,0,0,0,0,0,2,0
809,1990,1,1,1,0,0,0,0,0,0,0
809,1992,1,0,0,0,0,0,1,0,0,0
809,1993,8,7,2,0,0,0,0,0,2,1
813,1997,8,7,2,0,0,0,1,0,0,0
813,1998,3,3,0,0,0,0,0,0,2,0
813,2000,7,6,3,2,0,0,1,0,1,0
814,1991,1,1,0,0,0,0,0,0,1,0
814,1992,5,5,0,0,0,0,0,0,3,0
814,1993,10,9,3,2,0,0,1,0,4,0
814,1994,4,3,2,0,0,0,1,0,0,0
814,1995,3,3,1,1,0,0,0,0,1,0
814,1996,5,4,2,1,0,0,1,0,1,0
814,1997,6,6,1,0,0,0,0,0,0,0
814,1998,10,9,2,1,0,0,1,0,1,0
814,1999,3,3,2,0,0,1,0,0,0,0
814,2000,7,6,2,0,0,1,1,0,1,0
815,1991,2,2,0,0,0,0,0,0,0,0
815,1995,3,3,0,0,0,0,0,0,1,0
821,1997,2,1,0,0,0,0,1,0,0,0
821,2004,2,2,2,1,0,1,0,0,0,0
824,1999,3,3,0,0,0,0,0,0,0,0
824,2004,6,6,0,0,0,0,0,0,1,0
824,2005,7,7,2,1,0,0,0,0,0,0
824,2006,6,6,0,0,0,0,0,0,0,0
832,1999,6,4,0,0,0,0,2,0,1,0
832,2001,3,2,0,0,0,0,0,1,0,0
832,2005,12,11,3,0,0,0,1,0,0,0
832,2006,3,3,0,0,0,0,0,0,0,0
832,2007,3,1,0,0,0,0,2,0,0,0
832,2008,6,6,3,1,0,0,0,0,0,0
834,1998,3,2,0,0,0,0,1,0,0,0
834,1999,4,4,1,0,0,0,0,0,1,0
834,2000,6,6,3,0,0,1,0,0,2,0
834,2002,4,3,0,0,0,0,1,0,1,0
834,2003,13,9,3,0,0,1,4,0,3,0
834,2004,12,12,3,2,0,0,0,0,1,0
842,1998,1,0,0,0,0,0,0,1,0,0
842,1999,2,2,0,0,0,0,0,0,1,0
851,1997,2,2,0,0,0,0,0,0,0,0
851,1998,3,3,0,0,0,0,0,0,2,0
852,1998,3,2,1,1,0,0,1,0,0,0
852,2002,3,3,1,0,0,0,0,0,0,0
857,2003,3,3,0,0,0,0,0,0,0,0
857,2005,3,3,0,0,0,0,0,0,0,0
867,1991,2,2,0,0,0,0,0,0,0,0
877,1989,1,1,0,0,0,0,0,0,0,0
878,2002,3,3,1,1,0,0,0,0,0,0
878,2003,3,3,0,0,0,0,0,0,1,0
878,2004,5,5,0,0,0,0,0,0,1,0
888,1999,1,1,0,0,0,0,0,0,1,0
888,2001,3,2,1,1,0,0,0,1,0,0
888,2002,3,3,2,0,0,0,0,0,0,0
888,2004,3,3,0,0,0,0,0,0,0,0
888,2005,4,4,1,1,0,0,0,0,0,0
900,2003,14,13,3,0,0,0,0,0,3,0
900,2004,4,3,1,0,0,0,0,0,0,1
900,2005,10,9,2,1,0,0,1,0,2,0
900,2006,9,9,6,1,0,1,0,0,0,0
902,1994,7,6,1,1,0,0,0,0,1,1
903,1994,8,6,2,0,0,0,1,1,1,0
903,1995,10,9,2,0,0,0,1,0,1,0
903,1996,7,5,2,1,0,0,2,0,0,0
903,1997,7,6,1,0,0,0,1,0,1,0
903,1998,9,7,2,1,0,0,2,0,0,0
921,2005,8,8,3,1,0,0,0,0,0,0
921,2006,4,4,1,0,0,0,0,0,0,0
921,2007,2,2,1,0,0,0,0,0,0,0
921,2008,5,4,1,0,0,1,0,0,0,1
922,2008,3,3,1,0,0,0,0,0,0,0
942,1990,4,4,1,0,0,0,0,0,1,0
942,1991,3,3,2,1,0,0,0,0,1,0
942,1992,2,2,0,0,0,0,0,0,1,0
942,1998,3,3,0,0,0,0,0,0,0,0
942,1999,4,4,2,0,0,0,0,0,1,0
953,2003,5,3,0,0,0,0,2,0,1,0
953,2004,2,1,0,0,0,0,1,0,1,0
953,2005,2,2,0,0,0,0,0,0,1,0
954,1999,7,7,1,1,0,0,0,0,0,0
954,2001,3,3,0,0,0,0,0,0,1,0
954,2002,3,1,0,0,0,0,2,0,0,0
954,2004,4,4,0,0,0,0,0,0,0,0
954,2005,4,4,2,1,0,0,0,0,0,0
999,2003,13,11,0,0,0,0,0,1,0,0
999,2004,6,6,2,0,0,1,0,0,1,0
999,2005,6,4,1,0,0,0,2,0,0,0
999,2006,14,11,4,0,0,2,3,0,1,0
999,2007,6,6,1,0,0,0,0,0,0,0
999,2008,3,1,1,0,0,0,1,1,0,0
1001,2003,3,3,1,0,0,0,0,0,0,0
1001,2006,8,8,3,1,0,0,0,0,2,0
1001,2008,2,2,0,0,0,0,0,0,0,0
1002,2004,3,2,0,0,0,0,0,0,0,0
1008,1999,3,3,0,0,0,0,0,0,1,0
1008,2004,6,5,2,1,0,1,1,0,0,0
1008,2006,3,3,2,0,0,1,0,0,0,0
1013,1989,1,1,0,0,0,0,0,0,1,0
1013,1991,1,1,0,0,0,0,0,0,1,0
1013,1992,2,2,1,0,0,0,0,0,0,0
1013,1993,5,3,1,0,0,0,2,0,1,0
1019,2005,3,3,2,0,0,0,0,0,1,0
1026,1997,2,1,0,0,0,0,1,0,0,0
1042,2003,1,1,1,0,0,0,0,0,0,0
1042,2004,2,2,1,0,0,0,0,0,0,0
1042,2005,3,3,1,0,0,0,0,0,0,0
1042,2006,3,3,0,0,0,0,0,0,1,0
1042,2008,3,2,1,0,0,0,0,0,0,0
1045,1990,1,0,0,0,0,0,1,0,0,0
1045,1992,1,1,0,0,0,0,0,0,1,0
1045,1993,3,3,2,1,0,0,0,0,0,0
1045,1994,4,4,0,0,0,0,0,0,0,0
1045,1995,6,6,3,0,0,1,0,0,1,0
1045,1997,7,6,2,1,0,0,1,0,1,0
1053,2001,3,3,1,0,0,0,0,0,0,0
1053,2003,3,3,0,0,0,0,0,0,1,0
1066,2001,1,1,1,1,0,0,0,0,0,0
1069,2008,4,3,0,0,0,0,1,0,2,0
1072,1989,4,4,3,1,0,0,0,0,1,0
1072,1990,6,6,1,0,0,0,0,0,1,0
1072,1991,5,4,1,0,0,0,1,0,0,0
1072,1992,4,4,2,0,0,0,0,0,0,0
1072,1993,3,3,2,1,1,0,0,0,0,0
1072,1994,3,3,2,1,0,0,0,0,0,0
1072,1995,5,5,2,0,0,0,0,0,0,0
1072,1998,8,8,2,0,0,0,0,0,0,0
1093,1998,1,1,0,0,0,0,0,0,1,0
1093,1999,10,9,2,0,0,1,1,0,3,0
1093,2001,3,1,1,1,0,0,2,0,0,0
1098,2004,2,2,0,0,0,0,0,0,1,0
1100,1996,12,11,3,0,0,0,1,0,1,0
1100,1997,2,2,0,0,0,0,0,0,0,0
1100,1998,3,3,0,0,0,0,0,0,1,0
1114,2002,2,1,0,0,0,0,0,0,1,0
1114,2005,3,3,0,0,0,0,0,0,0,0
1114,2006,8,7,4,0,0,0,0,1,0,0
1115,1989,1,0,0,0,0,0,0,0,0,0
1115,1990,2,2,1,0,0,0,0,0,0,0
1116,1993,3,3,0,0,0,0,0,0,1,0
1116,2000,3,3,1,0,0,0,0,0,0,0
1116,2001,6,6,3,0,0,1,0,0,0,0
1116,2002,17,16,4,1,0,0,1,0,1,0
1116,2003,2,2,2,0,0,1,0,0,0,0
1116,2004,5,5,1,0,0,0,0,0,1,0
1116,2005,3,3,0,0,0,0,0,0,0,0
1126,2004,3,3,0,0,0,0,0,0,1,0
1128,1991,1,1,0,0,0,0,0,0,0,0
1128,1992,3,3,2,0,0,0,0,0,0,0
1128,1993,7,6,1,0,0,0,1,0,0,0
1128,1994,9,8,2,0,0,0,1,0,0,0
1128,1995,8,7,1,0,0,0,1,0,1,0
1128,1996,4,4,0,0,0,0,0,0,0,0
1128,1997,7,7,2,1,0,0,0,0,0,0
1128,1998,6,5,0,0,0,0,0,0,0,0
1128,1999,3,3,0,0,0,0,0,0,0,0
1128,2000,8,7,2,1,0,0,1,0,0,0
1128,2001,3,3,0,0,0,0,0,0,0,0
1128,2002,4,4,2,0,0,0,0,0,0,0
1128,2003,2,1,1,0,0,0,1,0,0,0
1129,1989,2,1,1,0,0,0,1,0,0,0
1129,1990,4,4,1,1,0,0,0,0,0,0
1129,1991,3,1,1,0,0,0,2,0,0,0
1129,1992,3,2,0,0,0,0,1,0,0,0
1129,1993,6,6,1,0,0,0,0,0,2,0
1129,1994,9,9,1,0,0,0,0,0,3,0
1129,1995,4,4,1,0,0,0,0,0,0,0
1129,1996,3,3,0,0,0,0,0,0,1,0
1129,1998,6,6,1,0,0,0,0,0,3,0
1129,2005,3,3,1,0,0,0,0,0,0,0
1152,1989,2,1,0,0,0,0,0,0,1,0
1158,2008,2,2,0,0,0,0,0,0,0,0
1174,1996,6,5,1,1,0,0,0,0,1,0
1191,2008,3,3,0,0,0,0,0,0,2,0
1231,2002,3,3,1,1,0,0,0,0,0,0
1231,2003,7,4,3,2,0,0,2,1,0,0
1231,2006,3,3,0,0,0,0,0,0,0,0
1231,2008,5,4,2,1,0,0,1,0,0,0
1234,1989,1,1,0,0,0,0,0,0,0,0
1234,1990,3,3,1,0,0,0,0,0,1,0
1236,1990,1,1,0,0,0,0,0,0,0,0
1241,1997,3,3,1,0,0,0,0,0,0,0
1242,1989,2,2,0,0,0,0,0,0,0,0
1242,1990,1,1,0,0,0,0,0,0,0,0
1247,1998,3,3,1,0,0,0,0,0,1,0
1253,2001,2,1,1,0,0,1,1,0,0,0
1253,2002,4,4,1,0,0,1,0,0,2,0
1253,2006,5,4,0,0,0,0,1,0,4,0
1281,1989,1,1,0,0,0,0,0,0,0,0
1291,1989,2,2,0,0,0,0,0,0,0,0
1291,1990,4,4,1,0,0,0,0,0,0,0
1291,1991,6,5,1,0,0,1,1,0,1,0
1291,1992,3,3,2,0,0,0,0,0,0,0
1291,1993,7,7,0,0,0,0,0,0,1,0
1319,1990,1,1,0,0,0,0,0,0,0,0
1319,1991,1,1,0,0,0,0,0,0,0,0
1327,1992,1,1,0,0,0,0,0,0,1,0
1336,1997,3,3,1,0,0,0,0,0,1,0
1344,1990,1,1,0,0,0,0,0,0,0,0
1350,1997,3,3,0,0,0,0,0,0,0,0
1350,1999,4,3,2,0,0,2,1,0,0,0
1358,1993,6,6,1,0,0,0,0,0,1,0
1358,1994,3,3,1,0,0,0,0,0,0,0
1361,1989,1,1,0,0,0,0,0,0,1,0
1361,1990,2,1,0,0,0,0,1,0,0,0
1366,1992,2,2,0,0,0,0,0,0,2,0
1366,1993,3,3,1,0,0,1,0,0,0,0
1366,1994,7,7,4,0,0,1,0,0,0,0
1366,1995,11,10,4,1,0,0,0,1,2,0
1366,2000,3,3,0,0,0,0,0,0,1,0
1369,2003,6,5,0,0,0,0,1,0,1,0
1369,2004,2,2,1,0,0,0,0,0,1,0
1371,1999,6,4,1,0,0,0,2,0,1,0
1371,2004,3,3,2,0,0,0,0,0,0,0
1371,2006,3,3,0,0,0,0,0,0,1,0
1391,2005,9,8,1,0,0,0,0,0,2,1
1391,2006,12,11,1,0,0,1,1,0,0,0
1391,2007,6,6,2,0,0,0,0,0,0,0
1391,2008,6,5,1,0,0,1,0,1,1,0
1397,1989,5,3,1,1,0,0,1,0,0,1
1397,1990,4,3,0,0,0,0,1,0,0,0
1397,1991,1,0,0,0,0,0,1,0,0,0
1397,1992,1,1,0,0,0,0,0,0,0,0
1397,1993,7,7,3,2,0,0,0,0,0,0
1409,1998,3,3,2,1,0,0,0,0,0,0
1415,1990,1,1,0,0,0,0,0,0,0,0
1445,2001,3,3,1,0,0,0,0,0,1,0
1449,1996,2,2,1,0,0,0,0,0,0,0
1449,1997,3,3,0,0,0,0,0,0,0,0
1450,1989,2,2,1,0,0,0,0,0,0,0
1455,2004,3,3,0,0,0,0,0,0,1,0
1455,2005,3,3,1,1,0,0,0,0,1,0
1458,1990,4,4,0,0,0,0,0,0,0,0
1458,1991,5,5,1,0,0,0,0,0,0,0
1458,1992,2,2,1,0,0,0,0,0,0,0
1458,1993,5,5,0,0,0,0,0,0,1,0
1473,2005,3,3,1,0,0,0,0,0,1,0
1476,2001,3,2,1,0,0,1,1,0,0,0
1476,2002,6,5,2,0,0,0,1,0,0,0
1476,2003,3,3,1,0,0,0,0,0,1,0
1486,2005,6,6,1,0,0,0,0,0,0,0
1486,2006,10,10,3,0,0,1,0,0,2,0
1486,2007,3,3,0,0,0,0,0,0,1,0
1486,2008,6,5,0,0,0,0,1,0,1,0
1488,2008,3,3,0,0,0,0,0,0,0,0
1499,1997,5,5,2,0,0,0,0,0,3,0
1499,1998,12,11,3,2,0,0,1,0,2,0
1499,1999,3,3,1,1,0,0,0,0,0,0
1502,1989,2,2,0,0,0,0,0,0,1,0
1502,1990,1,1,0,0,0,0,0,0,0,0
1502,1991,7,5,2,0,0,1,2,0,0,0
1502,1992,2,2,0,0,0,0,0,0,0,0
1502,1993,3,2,1,0,0,0,1,0,1,0
1502,1994,4,4,2,0,0,0,0,0,1,0
1502,1995,6,5,1,0,0,1,1,0,1,0
1502,1996,4,3,2,0,0,1,1,0,1,0
1502,1997,6,5,2,0,0,0,0,1,0,0
1502,1999,3,1,1,0,0,0,2,0,0,0
1502,2000,3,2,1,0,0,1,0,1,0,0
1543,1989,1,0,0,0,0,0,1,0,0,0
1543,1991,9,8,2,2,0,0,1,0,0,0
1543,1992,2,2,0,0,0,0,0,0,0,0
1543,1993,8,8,3,0,0,1,0,0,2,0
1543,1998,3,2,0,0,0,0,1,0,0,0
1543,1999,13,12,2,0,0,0,1,0,5,0
1543,2002,3,3,0,0,0,0,0,0,1,0
1548,2008,6,6,4,2,0,0,0,0,0,0
1556,2004,2,2,0,0,0,0,0,0,0,0
1564,1997,4,3,0,0,0,0,1,0,1,0
1572,2008,3,3,1,0,0,0,0,0,0,0
1597,2002,4,3,0,0,0,0,1,0,0,0
1600,1989,2,2,0,0,0,0,0,0,1,0
1611,2001,3,3,0,0,0,0,0,0,0,0
1611,2003,3,3,1,0,0,0,0,0,0,0
1612,2007,6,5,3,0,0,0,1,0,0,0
1612,2008,15,13,5,3,0,2,2,0,1,0
1621,1994,4,4,0,0,0,0,0,0,2,0
1630,2006,1,1,0,0,0,0,0,0,1,0
1633,2005,4,3,2,0,0,0,1,0,0,0
1633,2007,3,3,0,0,0,0,0,0,0,0
1633,2008,3,3,1,0,0,0,0,0,1,0
1634,1999,2,2,0,0,0,0,0,0,0,0
1636,2001,1,1,0,0,0,0,0,0,0,0
1636,2003,9,8,4,1,0,0,1,0,1,0
1636,2004,12,9,4,1,1,1,2,0,2,1
1636,2005,3,3,0,0,0,0,0,0,0,0
1642,2007,3,3,1,0,1,0,0,0,0,0
1642,2008,3,3,1,0,0,1,0,0,0,0
1653,2000,3,3,1,0,0,0,0,0,0,0
1653,2001,4,4,1,1,0,0,0,0,0,0
1653,2002,2,2,2,1,0,0,0,0,0,0
1653,2004,6,6,4,1,0,0,0,0,0,0
1654,2004,3,3,0,0,0,0,0,0,0,0
1654,2005,3,2,0,0,0,0,1,0,1,0
1655,2008,3,3,2,1,0,0,0,0,0,0
1657,2005,5,4,1,1,0,0,1,0,0,0
1657,2006,6,5,0,0,0,0,1,0,1,0
1657,2008,10,8,5,1,0,0,2,0,0,0
1661,1995,2,2,0,0,0,0,0,0,0,0
1671,1998,6,5,1,0,0,0,1,0,0,0
1671,1999,4,3,2,0,0,0,1,0,0,0
1671,2000,3,3,1,0,0,0,0,0,0,0
1671,2004,1,1,0,0,0,0,0,0,1,0
1673,1989,3,2,1,1,0,0,1,0,1,0
1673,1990,2,2,0,0,0,0,0,0,0,0
1681,2008,9,8,4,0,0,0,1,0,0,0
1700,1995,2,2,0,0,0,0,0,0,1,0
1700,1996,3,3,1,0,0,0,0,0,0,0
1700,1997,3,2,0,0,0,0,1,0,0,0
1700,1998,7,6,2,2,0,0,0,0,0,1
1700,2000,3,2,0,0,0,0,1,0,0,0
1700,2001,6,6,2,0,0,0,0,0,0,0
1700,2002,13,10,1,0,0,1,2,1,2,0
1700,2003,2,2,2,0,0,0,0,0,0,0
1705,1998,4,4,0,0,0,0,0,0,1,0
1705,1999,6,5,2,0,0,0,1,0,0,0
1737,1990,2,1,0,0,0,0,1,0,1,0
1738,1993,3,3,0,0,0,0,0,0,3,0
1745,1997,2,1,1,1,0,0,1,0,0,0
1748,2000,4,3,0,0,0,0,1,0,0,0
1748,2002,6,5,1,0,0,0,1,0,0,0
1755,2008,6,6,3,1,0,1,0,0,0,0
1757,1990,2,2,0,0,0,0,0,0,1,0
1757,1995,7,5,2,0,0,1,2,0,1,0
1757,1996,6,2,0,0,0,0,3,1,0,0
1757,1998,3,2,0,0,0,0,1,0,1,0
1757,1999,3,3,0,0,0,0,0,0,1,0
1757,2000,3,2,2,0,0,0,1,0,0,0
1759,2004,2,2,0,0,0,0,0,0,0,0
1759,2005,6,6,0,0,0,0,0,0,1,0
1759,2006,6,6,0,0,0,0,0,0,0,0
1781,2001,3,3,0,0,0,0,0,0,1,0
1818,1997,3,2,0,0,0,0,0,0,1,0
1828,2001,1,1,1,0,0,0,0,0,0,0
1830,2008,4,4,0,0,0,0,0,0,0,0
1832,1992,1,1,0,0,0,0,0,0,0,0
1843,1989,4,2,0,0,0,0,2,0,1,0
1843,1991,6,5,2,1,0,0,1,0,1,0
1843,1992,2,2,0,0,0,0,0,0,0,0
1843,1993,9,9,4,2,0,0,0,0,3,0
1843,1994,10,8,1,0,0,0,2,0,3,0
1843,1995,6,5,2,0,0,0,1,0,0,0
1843,1996,2,2,0,0,0,0,0,0,0,0
1843,1997,3,3,2,0,0,0,0,0,0,0
1843,1998,8,8,3,1,0,0,0,0,0,0
1849,1998,10,9,3,0,0,0,1,0,0,0
1857,2002,2,2,1,0,0,0,0,0,0,0
1857,2004,3,3,0,0,0,0,0,0,0,0
1857,2006,3,2,1,0,0,0,0,0,0,1
1863,2008,4,3,1,0,0,0,0,0,0,1
1871,1999,2,2,1,0,0,0,0,0,0,0
1871,2000,3,3,0,0,0,0,0,0,0,0
1871,2005,3,3,0,0,0,0,0,0,0,0
1880,1989,1,1,1,0,0,0,0,0,0,0
1880,1990,1,1,0,0,0,0,0,0,0,0
1897,1998,2,2,0,0,0,0,0,0,0,0
1897,2002,2,2,0,0,0,0,0,0,0,0
1897,2005,7,7,4,2,0,1,0,0,0,0
1897,2006,7,6,0,0,0,0,1,0,0,0
1898,2006,2,2,1,0,0,0,0,0,0,0
1903,2004,4,4,1,0,1,0,0,0,0,0
1903,2005,3,3,1,0,0,0,0,0,1,0
1903,2006,9,9,0,0,0,0,0,0,0,0
1923,1998,3,3,1,0,1,0,0,0,1,0
1923,1999,3,3,0,0,0,0,0,0,0,0
1923,2001,3,3,0,0,0,0,0,0,1,0
1923,2005,3,3,1,0,0,0,0,0,0,0
1927,2003,3,2,1,0,0,0,0,0,1,1
1927,2005,3,3,1,1,0,0,0,0,1,0
1927,2006,3,2,0,0,0,0,1,0,0,0
1946,1996,4,4,1,0,0,0,0,0,0,0
1949,1994,3,3,1,1,0,0,0,0,2,0
1949,1997,1,1,0,0,0,0,0,0,1,0
1950,2001,4,4,1,0,0,0,0,0,0,0
1951,2006,3,3,0,0,0,0,0,0,0,0
1958,1989,2,1,1,0,0,0,1,0,0,0
1958,1990,1,1,0,0,0,0,0,0,0,0
1984,1994,3,3,0,0,0,0,0,0,0,0
2009,2000,5,5,1,0,0,0,0,0,2,0
2009,2001,7,5,2,2,0,0,2,0,1,0
2009,2002,9,8,1,0,0,1,1,0,4,0
2009,2003,9,9,2,0,0,0,0,0,1,0
2009,2004,16,13,3,0,0,0,3,0,4,0
2009,2005,16,14,2,0,0,0,2,0,6,0
2050,2005,3,3,0,0,0,0,0,0,0,0
2050,2006,3,2,0,0,0,0,0,1,0,0
2067,2003,3,3,1,0,0,0,0,0,1,0
2084,2006,2,2,1,0,0,0,0,0,0,0
2086,1995,12,10,3,1,0,0,2,0,2,0
2086,1996,6,6,2,0,0,0,0,0,0,0
2086,1997,8,7,1,0,0,0,1,0,0,0
2086,1999,3,3,2,0,0,1,0,0,0,0
2086,2000,3,3,1,1,0,0,0,0,0,0
2086,2001,3,3,1,0,0,0,0,0,2,0
2086,2002,12,12,3,1,0,0,0,0,2,0
2086,2003,1,1,1,0,0,0,0,0,0,0
2101,2003,5,5,0,0,0,0,0,0,0,0
2111,1991,8,4,2,0,0,0,4,0,0,0
2111,1992,1,1,0,0,0,0,0,0,0,0
2112,1995,6,6,2,0,0,0,0,0,0,0
2118,1992,1,1,0,0,0,0,0,0,1,0
2123,1995,3,3,0,0,0,0,0,0,2,0
2123,1996,6,6,1,0,0,0,0,0,1,0
2123,1997,4,4,1,0,0,0,0,0,0,0
2123,1998,6,6,2,0,0,0,0,0,1,0
2123,1999,1,1,0,0,0,0,0,0,0,0
2123,2000,3,3,1,1,0,0,0,0,0,0
2123,2001,4,4,1,0,0,0,0,0,0,0
2123,2002,6,5,1,0,0,0,1,0,0,0
2123,2004,2,2,0,0,0,0,0,0,0,0
2125,1997,3,2,1,0,0,0,0,1,0,0
2125,1998,9,9,2,1,0,0,0,0,3,0
2125,2000,6,4,2,0,0,0,2,0,1,0
2133,1998,2,2,1,1,0,0,0,0,1,0
2133,1999,6,4,2,0,0,0,1,0,1,0
2133,2001,6,4,0,0,0,0,2,0,0,0
2133,2002,3,3,2,0,0,0,0,0,0,0
2133,2003,4,4,1,0,0,0,0,0,1,0
2139,2000,6,6,2,1,0,0,0,0,2,0
2177,1989,1,0,0,0,0,0,1,0,0,0
2177,1990,1,1,0,0,0,0,0,0,0,0
2194,2002,4,4,1,0,0,0,0,0,1,0
2198,1997,1,1,1,0,0,0,0,0,0,0
2198,2000,6,6,0,0,0,0,0,0,2,0
2198,2003,1,1,1,0,1,0,0,0,0,0
2203,1991,1,1,1,0,0,0,0,0,0,0
2203,1992,1,1,0,0,0,0,0,0,0,0
2203,1994,4,4,1,0,0,0,0,0,0,0
2208,1989,1,1,0,0,0,0,0,0,0,0
2208,1990,1,1,1,0,0,0,0,0,0,0
2208,1993,2,2,0,0,0,0,0,0,0,0
2208,1994,7,7,1,0,0,0,0,0,1,0
2220,1994,8,7,1,0,0,0,1,0,1,0
2220,1995,7,7,2,0,0,1,0,0,1,0
2231,1999,1,1,0,0,0,0,0,0,0,0
2266,1997,2,1,0,0,0,0,1,0,0,0
2266,1998,6,6,2,0,0,0,0,0,2,0
2266,1999,3,3,0,0,0,0,0,0,0,0
2266,2000,7,7,2,1,0,0,0,0,2,0
2266,2001,3,3,1,0,0,0,0,0,1,0
2266,2002,3,2,2,0,0,1,1,0,0,0
2266,2003,6,6,1,0,0,0,0,0,1,0
2266,2004,4,3,1,0,0,0,1,0,0,0
2266,2005,1,1,0,0,0,0,0,0,0,0
2292,1995,2,2,1,0,0,0,0,0,0,0
2292,1999,3,3,0,0,0,0,0,0,1,0
2304,1995,3,3,1,0,0,0,0,0,0,0
2304,1996,8,8,0,0,0,0,0,0,2,0
2304,1997,1,1,0,0,0,0,0,0,0,0
2304,2002,3,3,2,0,0,0,0,0,0,0
2314,1992,1,1,0,0,0,0,0,0,0,0
2314,1993,1,1,0,0,0,0,0,0,1,0
2314,1994,7,7,1,0,0,0,0,0,1,0
2318,2001,3,3,1,0,0,1,0,0,1,0
2319,1991,3,2,1,0,0,0,1,0,0,0
2319,1992,3,3,1,1,0,0,0,0,1,0
2319,1993,9,8,2,0,0,0,1,0,0,0
2319,1994,4,4,1,1,0,0,0,0,0,0
2319,1997,2,2,0,0,0,0,0,0,0,0
2336,1995,9,8,1,0,0,0,0,0,4,1
2336,1996,9,7,2,0,0,0,2,0,0,0
2336,1997,1,1,0,0,0,0,0,0,0,0
2336,1998,4,4,0,0,0,0,0,0,0,0
2336,1999,3,3,0,0,0,0,0,0,1,0
2336,2000,6,5,1,0,0,0,1,0,1,0
2336,2001,3,2,0,0,0,0,1,0,0,0
2336,2002,5,5,2,1,1,0,0,0,1,0
2338,1997,3,3,1,0,0,0,0,0,1,0
2338,1998,9,9,2,1,0,0,0,0,2,0
2338,1999,3,3,1,1,0,0,0,0,0,0
2338,2000,7,7,1,0,0,0,0,0,1,0
2338,2001,3,3,1,1,0,0,0,0,1,0
2338,2005,3,3,0,0,0,0,0,0,0,0
2360,1993,4,2,0,0,0,0,1,0,1,0
2382,1989,1,1,1,0,0,0,0,0,0,0
2382,1990,5,3,1,0,0,0,1,0,0,1
2382,1991,6,5,1,0,0,0,1,0,0,0
2382,1992,2,1,1,0,0,0,1,0,0,0
2412,2002,3,3,0,0,0,0,0,0,3,0
2432,2002,4,3,0,0,0,0,1,0,0,0
2432,2003,4,4,1,0,0,0,0,0,0,0
2432,2004,7,6,2,0,0,0,1,0,1,0
2432,2005,8,6,1,0,0,0,1,0,1,0
2432,2006,6,5,1,0,0,0,1,0,0,0
2432,2008,3,1,1,0,0,0,1,1,0,0
2441,2003,3,3,1,0,0,1,0,0,1,0
2441,2004,5,5,2,2,0,0,0,0,0,0
2441,2006,13,11,2,0,0,0,1,1,0,0
2441,2008,5,4,1,0,0,0,1,0,0,0
2455,2003,15,15,5,1,0,0,0,0,0,0
2455,2004,6,6,2,0,0,0,0,0,0,0
2455,2005,7,6,1,1,0,0,1,0,0,0
2455,2006,3,3,2,0,0,0,0,0,1,0
2455,2008,2,1,0,0,0,0,0,0,0,1
2464,1991,2,1,0,0,0,0,1,0,1,0
2474,2004,13,12,3,1,0,0,1,0,2,0
2474,2005,9,9,3,0,1,0,0,0,0,0
2474,2006,6,6,1,1,0,0,0,0,1,0
2474,2008,8,8,2,2,0,0,0,0,0,0
2494,1997,3,3,1,0,0,0,0,0,1,0
2494,1998,5,5,2,0,0,1,0,0,1,0
2494,2000,8,8,3,3,0,0,0,0,0,0
2494,2001,3,3,0,0,0,0,0,0,0,0
2494,2003,6,6,3,1,0,1,0,0,0,0
2503,2001,2,2,1,0,0,0,0,0,1,0
2504,1997,2,2,0,0,0,0,0,0,0,0
2504,1998,4,3,0,0,0,0,1,0,0,0
2504,1999,4,4,1,0,0,0,0,0,0,0
2504,2000,6,6,1,1,0,0,0,0,0,0
2504,2001,4,4,2,0,0,0,0,0,1,0
2504,2002,6,6,2,0,0,0,0,0,0,0
2504,2004,7,7,3,1,0,0,0,0,0,0
2509,2006,5,4,0,0,0,0,1,0,0,0
2521,2002,3,3,1,0,0,0,0,0,1,0
2521,2004,3,1,0,0,0,0,1,0,0,0
2521,2005,5,5,1,0,0,0,0,0,0,0
2521,2006,5,4,2,1,0,0,1,0,0,0
2521,2008,3,3,0,0,0,0,0,0,1,0
2548,1993,11,10,3,0,0,0,1,0,0,0
2548,1994,7,7,1,1,0,0,0,0,1,0
2548,1995,7,7,4,1,0,0,0,0,0,0
2548,1996,6,6,3,0,0,0,0,0,1,0
2548,1998,3,3,2,0,0,0,0,0,0,0
2556,2008,4,2,0,0,0,0,2,0,1,0
2558,1991,2,2,1,0,0,0,0,0,1,0
2558,1992,1,1,0,0,0,0,0,0,1,0
2558,1993,2,2,0,0,0,0,0,0,0,0
2558,1995,3,3,0,0,0,0,0,0,0,0
2583,1996,2,1,0,0,0,0,1,0,0,0
2583,1997,3,3,1,0,0,0,0,0,0,0
2583,1998,9,8,2,0,0,0,1,0,1,0
2583,1999,4,4,1,0,0,0,0,0,1,0
2583,2000,8,7,2,0,0,0,1,0,0,0
2583,2001,10,10,4,1,0,1,0,0,1,0
2583,2002,8,7,3,0,0,1,1,0,1,0
2583,2003,6,4,0,0,0,0,2,0,0,0
2583,2004,2,2,2,0,0,0,0,0,0,0
2583,2005,3,3,0,0,0,0,0,0,1,0
2583,2008,4,4,1,0,0,0,0,0,2,0
2612,2000,6,6,0,0,0,0,0,0,1,0
2624,1989,1,1,0,0,0,0,0,0,0,0
2624,1990,6,5,2,0,0,1,1,0,0,0
2624,1991,3,2,1,1,0,0,1,0,0,0
2628,1999,3,3,1,1,0,0,0,0,0,0
2628,2000,3,3,1,0,0,0,0,0,0,0
2628,2002,6,5,0,0,0,0,0,1,0,0
2628,2004,3,3,1,0,0,0,0,0,0,0
2636,1989,2,2,2,1,0,0,0,0,0,0
2636,1990,5,5,0,0,0,0,0,0,1,0
2636,1991,4,4,1,0,0,0,0,0,3,0
2636,1992,1,1,0,0,0,0,0,0,0,0
2636,1993,7,7,3,1,0,1,0,0,3,0
2636,1994,7,7,1,0,0,0,0,0,1,0
2636,1995,11,10,5,1,0,0,1,0,2,0
2636,1996,10,8,2,0,0,0,2,0,1,0
2636,1997,8,7,1,0,0,0,1,0,1,0
2638,2008,3,2,2,1,0,0,1,0,0,0
2644,1994,3,3,1,0,0,0,0,0,0,0
2644,1998,8,6,0,0,0,0,2,0,2,0
2644,2001,3,3,2,1,0,1,0,0,0,0
2646,1991,4,2,1,0,0,1,1,1,0,0
2646,1993,3,3,2,0,0,0,0,0,0,0
2674,1995,5,5,2,1,0,0,0,0,1,0
2674,1997,7,6,1,0,0,0,1,0,1,0
2674,1999,2,2,1,0,0,0,0,0,0,0
2675,2008,3,3,2,0,0,0,0,0,0,0
2696,1993,4,4,2,2,0,0,0,0,0,0
2719,1999,7,5,1,0,0,0,2,0,0,0
2723,1990,6,5,1,0,0,0,1,0,2,0
2723,1991,2,2,0,0,0,0,0,0,1,0
2723,1992,1,1,0,0,0,0,0,0,1,0
2723,1993,12,12,1,1,0,0,0,0,6,0
2737,2004,3,1,0,0,0,0,1,1,1,0
2737,2005,6,3,1,0,0,0,1,2,0,0
2737,2006,9,9,1,1,0,0,0,0,1,0
2737,2008,10,10,1,0,0,0,0,0,3,0
2773,1994,3,3,0,0,0,0,0,0,2,0
2773,1998,3,3,1,0,0,0,0,0,1,0
2773,1999,4,4,1,1,0,0,0,0,2,0
2773,2000,7,6,2,1,0,0,0,0,1,1
2773,2001,4,3,1,1,0,0,0,0,0,1
2773,2002,6,6,0,0,0,0,0,0,2,0
2773,2003,6,6,4,1,0,0,0,0,0,0
2773,2004,7,7,2,1,0,0,0,0,3,0
2773,2005,3,3,2,1,0,1,0,0,1,0
2777,1999,3,2,0,0,0,0,1,0,0,0
2777,2000,3,3,0,0,0,0,0,0,0,0
2777,2003,3,3,0,0,0,0,0,0,1,0
2778,1998,3,2,1,1,0,0,1,0,1,0
2785,1989,1,1,0,0,0,0,0,0,1,0
2809,1991,3,2,0,0,0,0,1,0,1,0
2829,2006,5,4,0,0,0,0,1,0,0,0
2835,2000,3,3,1,0,0,0,0,0,1,0
2852,1989,1,1,0,0,0,0,0,0,0,0
2852,1990,1,1,1,0,0,0,0,0,0,0
2852,1991,7,7,2,0,0,0,0,0,2,0
2852,1992,2,2,1,0,0,1,0,0,1,0
2852,1993,10,9,0,0,0,0,1,0,2,0
2852,1994,3,3,0,0,0,0,0,0,2,0
2852,1995,6,6,5,2,0,0,0,0,0,0
2852,1996,9,8,4,0,0,0,1,0,1,0
2852,1997,3,3,0,0,0,0,0,0,0,0
2865,1994,3,3,0,0,0,0,0,0,1,0
2873,1990,2,2,0,0,0,0,0,0,0,0
2874,2000,3,3,2,0,0,0,0,0,0,0
2874,2001,3,3,1,0,0,0,0,0,0,0
2874,2002,5,5,1,0,0,0,0,0,0,0
2874,2003,3,2,1,0,0,0,0,0,0,0
2875,1997,3,2,1,0,1,0,1,0,0,0
2892,2005,9,8,3,0,0,0,1,0,0,0
2892,2007,2,2,0,0,0,0,0,0,1,0
2895,2007,2,2,0,0,0,0,0,0,0,0
2918,1998,3,3,0,0,0,0,0,0,1,0
2918,2001,3,3,0,0,0,0,0,0,2,0
2918,2003,3,3,1,0,1,0,0,0,0,0
2944,1991,1,1,0,0,0,0,0,0,0,0
2944,1992,4,4,0,0,0,0,0,0,0,0
2944,1993,6,6,0,0,0,0,0,0,0,0
2944,1994,6,6,0,0,0,0,0,0,0,0
2944,1995,8,8,0,0,0,0,0,0,1,0
2944,1996,9,8,3,1,0,0,0,0,0,0
2944,1997,2,2,0,0,0,0,0,0,0,0
2944,1998,9,9,0,0,0,0,0,0,2,0
2944,1999,3,2,1,0,0,0,1,0,0,0
2989,1993,7,5,1,1,0,0,2,0,0,0
2995,1999,1,1,0,0,0,0,0,0,0,0
3010,1989,2,1,0,0,0,0,1,0,1,0
3010,1990,4,4,0,0,0,0,0,0,1,0
3044,1999,2,2,1,0,0,0,0,0,0,0
3044,2008,3,3,1,0,0,0,0,0,2,0
3063,2005,3,3,1,0,0,0,0,0,2,0
3099,2008,6,4,2,1,0,0,2,0,0,0
3102,2002,2,2,2,1,0,1,0,0,0,0
3102,2004,2,2,1,0,0,0,0,0,0,0
3114,1997,3,3,1,0,0,1,0,0,1,0
3116,1998,6,5,0,0,0,0,1,0,0,0
3122,2003,9,7,2,0,0,0,2,0,3,0
3122,2004,9,8,1,0,0,0,0,1,4,0
3122,2005,3,3,0,0,0,0,0,0,0,0
3124,2008,2,1,0,0,0,0,1,0,0,0
3128,1996,5,4,2,0,0,0,1,0,0,0
3137,1995,10,10,0,0,0,0,0,0,7,0
3137,1996,6,6,1,0,0,0,0,0,1,0
3137,1997,7,6,0,0,0,0,1,0,1,0
3137,1998,11,11,4,1,0,0,0,0,1,0
3137,2000,7,6,0,0,0,0,0,1,1,0
3137,2001,8,7,1,0,0,0,0,1,0,0
3137,2002,7,7,2,0,0,0,0,0,2,0
3137,2008,3,2,0,0,0,0,1,0,0,0
3147,1997,4,4,1,1,0,0,0,0,1,0
3147,1998,3,3,0,0,0,0,0,0,0,0
3147,1999,4,4,0,0,0,0,0,0,0,0
3147,2000,3,3,1,0,0,0,0,0,0,0
3147,2002,3,3,0,0,0,0,0,0,1,0
3147,2004,12,11,3,1,0,0,1,0,1,0
3147,2006,15,13,5,0,0,0,2,0,0,0
3147,2007,5,4,1,0,0,1,1,0,0,0
3147,2008,8,7,1,0,0,0,0,0,2,1
3160,1992,1,1,0,0,0,0,0,0,1,0
3160,1993,1,1,0,0,0,0,0,0,0,0
3160,1994,4,2,0,0,0,0,1,0,1,0
3160,1995,12,9,3,0,0,0,2,0,0,1
3160,1996,4,4,2,0,0,0,0,0,0,0
3160,1997,3,2,1,0,0,0,1,0,0,0
3160,1998,3,3,1,0,0,1,0,0,0,0
3160,1999,1,1,1,0,0,0,0,0,0,0
3160,2000,7,7,3,1,0,0,0,0,0,0
3160,2001,3,2,1,1,0,0,1,0,0,0
3160,2003,3,3,0,0,0,0,0,0,0,0
3160,2004,3,3,0,0,0,0,0,0,1,0
3166,2003,1,1,0,0,0,0,0,0,1,0
3172,1999,3,2,0,0,0,0,0,1,1,0
3175,2001,10,10,4,0,0,0,0,0,2,0
3175,2002,7,7,1,1,0,0,0,0,0,0
3175,2004,13,13,2,0,0,0,0,0,1,0
3175,2006,3,3,2,1,0,0,0,0,0,0
3175,2008,4,4,3,1,0,0,0,0,0,0
3192,1993,3,3,0,0,0,0,0,0,2,0
3192,1994,3,3,0,0,0,0,0,0,2,0
3192,1995,15,13,3,1,0,2,2,0,4,0
3192,1996,10,8,1,0,1,0,2,0,2,0
3192,1997,5,5,3,1,0,0,0,0,0,0
3192,1998,11,11,3,0,0,0,0,0,6,0
3199,2006,2,2,0,0,0,0,0,0,0,0
3221,1989,3,3,0,0,0,0,0,0,1,0
3221,1990,2,2,1,1,0,0,0,0,0,0
3221,1991,4,4,2,1,0,0,0,0,0,0
3221,1992,2,2,1,1,0,0,0,0,0,0
3247,2002,3,3,2,0,0,0,0,0,1,0
3247,2003,6,5,1,0,0,0,1,0,0,0
3247,2005,13,12,4,2,0,0,1,0,1,0
3247,2006,6,6,0,0,0,0,0,0,1,0
3247,2008,7,5,1,0,0,0,1,0,0,1
3257,1996,5,5,1,0,0,0,0,0,1,0
3257,1998,6,6,1,1,0,0,0,0,1,0
3267,1999,1,1,1,0,0,0,0,0,0,0
3267,2000,5,4,2,0,0,1,1,0,0,0
3267,2001,3,2,1,0,0,0,1,0,1,0
3267,2002,2,2,0,0,0,0,0,0,0,0
3267,2005,2,2,0,0,0,0,0,0,2,0
3267,2006,3,2,0,0,0,0,0,0,0,1
3284,2004,3,3,1,0,0,0,0,0,0,0
3284,2005,4,2,0,0,0,0,1,0,0,1
3284,2008,3,2,0,0,0,0,1,0,0,0
3298,1997,7,7,1,0,0,1,0,0,1,0
3298,1998,7,6,1,0,0,0,1,0,0,0
3298,1999,12,12,6,0,1,0,0,0,2,0
3298,2000,13,12,4,1,1,1,1,0,1,0
3298,2001,11,10,5,3,0,0,0,1,2,0
3298,2002,10,9,1,0,0,0,1,0,1,0
3298,2004,13,13,4,2,0,0,0,0,4,0
3298,2005,10,8,3,1,0,0,2,0,0,0
3298,2006,3,3,0,0,0,0,0,0,1,0
3298,2007,5,4,0,0,0,0,1,0,0,0
3300,1989,1,1,0,0,0,0,0,0,1,0
3308,2003,7,6,3,0,0,0,0,1,2,0
3315,2007,3,3,0,0,0,0,0,0,1,0
3319,1989,1,1,0,0,0,0,0,0,0,0
3319,1990,2,1,0,0,0,0,0,0,1,0
3319,1991,4,4,2,0,0,0,0,0,0,0
3319,1993,6,6,3,0,0,0,0,0,1,0
3319,1996,3,3,2,0,0,0,0,0,0,0
3319,1997,2,2,1,0,0,0,0,0,0,0
3335,1999,2,2,1,0,0,0,0,0,1,0
3335,2003,3,3,1,0,0,0,0,0,1,0
3335,2004,3,2,0,0,0,0,1,0,0,0
3355,1999,6,5,3,1,0,0,1,0,0,0
3359,1990,3,2,0,0,0,0,1,0,0,0
3359,1991,5,4,2,0,0,0,1,0,0,0
3367,2004,4,4,0,0,0,0,0,0,0,0
3367,2005,4,4,0,0,0,0,0,0,0,0
3369,1999,4,3,1,0,0,0,1,0,0,0
3369,2000,12,12,6,0,0,1,0,0,1,0
3369,2003,3,3,2,0,0,0,0,0,1,0
3369,2004,3,3,2,2,0,0,0,0,0,0
3377,1996,6,4,0,0,0,0,2,0,0,0
3381,2008,3,3,1,0,0,0,0,0,0,0
3419,1998,3,2,0,0,0,0,0,1,1,0
3427,1999,4,4,1,0,0,0,0,0,0,0
3427,2000,3,2,0,0,0,0,0,1,0,0
3427,2002,4,4,1,1,0,0,0,0,1,0
3427,2003,5,5,2,0,0,0,0,0,0,0
3433,1989,2,2,1,0,0,0,0,0,0,0
3433,1990,4,3,1,0,0,0,0,0,0,0
3436,1989,2,2,0,0,0,0,0,0,1,0
3436,1990,2,2,1,0,1,0,0,0,0,0
3436,1992,4,4,1,0,0,0,0,0,2,0
3436,1994,10,10,2,1,0,0,0,0,3,0
3450,1989,3,3,0,0,0,0,0,0,1,0
3450,1990,3,2,0,0,0,0,1,0,1,0
3450,1991,3,2,1,0,0,0,0,1,0,0
3450,1993,11,11,4,1,0,0,0,0,0,0
3450,1994,3,3,2,1,0,0,0,0,0,0
3450,1995,5,5,0,0,0,0,0,0,1,0
3469,1989,4,4,0,0,0,0,0,0,0,0
3469,1990,4,3,1,0,0,0,1,0,0,0
3469,1993,6,6,3,0,0,0,0,0,0,0
3469,1995,4,4,1,0,0,0,0,0,1,0
3469,1997,6,6,2,0,0,1,0,0,0,0
3469,1998,3,3,1,0,0,1,0,0,0,0
3469,1999,4,4,1,1,0,0,0,0,0,0
3486,2000,3,3,1,0,0,0,0,0,1,0
3486,2002,4,4,1,0,0,0,0,0,1,0
3489,1990,4,4,1,1,0,0,0,0,3,0
3489,1991,3,3,1,0,0,0,0,0,1,0
3489,1992,1,1,0,0,0,0,0,0,0,0
3489,1993,9,8,2,1,0,1,1,0,1,0
3489,1994,10,8,5,1,0,2,2,0,1,0
3489,1995,6,6,1,0,0,0,0,0,3,0
3489,1996,5,3,1,1,0,0,2,0,1,0
3489,1998,10,9,3,1,0,0,1,0,2,0
3491,2007,7,6,2,0,0,1,1,0,0,0
3502,2002,2,2,0,0,0,0,0,0,1,0
3502,2003,8,7,3,0,1,0,1,0,0,0
3502,2004,8,8,4,0,1,0,0,0,0,0
3502,2005,10,9,0,0,0,0,1,0,2,0
3502,2006,6,3,0,0,0,0,3,0,1,0
3520,1989,3,3,1,1,0,0,0,0,0,0
3520,1990,1,1,0,0,0,0,0,0,0,0
3520,1998,3,2,0,0,0,0,1,0,0,0
3520,2000,7,6,3,0,1,1,0,1,2,0
3520,2005,5,5,1,1,0,0,0,0,0,0
3545,1989,3,2,0,0,0,0,1,0,0,0
3545,1990,2,2,1,0,0,0,0,0,1,0
3545,1991,2,2,0,0,0,0,0,0,0,0
3545,1992,1,1,0,0,0,0,0,0,0,0
3545,1993,3,2,0,0,0,0,0,0,0,0
3550,1992,2,2,0,0,0,0,0,0,0,0
3556,1994,3,3,0,0,0,0,0,0,1,0
3556,1995,6,6,0,0,0,0,0,0,0,0
3556,1996,5,4,2,1,0,0,1,0,1,0
3556,1998,3,3,1,0,0,0,0,0,0,0
3556,1999,3,3,1,0,0,0,0,0,1,0
3556,2000,3,3,2,1,0,0,0,0,0,0
3556,2002,3,3,1,1,0,0,0,0,1,0
3568,2000,3,1,1,1,0,0,2,0,0,0
3568,2001,3,3,0,0,0,0,0,0,0,0
3572,1989,2,2,0,0,0,0,0,0,0,0
3572,1990,1,1,0,0,0,0,0,0,1,0
3572,1992,2,2,0,0,0,0,0,0,0,0
3572,1993,1,1,0,0,0,0,0,0,0,0
3595,2002,4,4,1,0,0,0,0,0,0,0
3618,2000,3,2,1,0,0,0,0,1,0,0
3618,2001,2,2,0,0,0,0,0,0,1,0
3618,2003,3,3,2,0,0,0,0,0,0,0
3625,2004,6,6,3,0,0,0,0,0,2,0
3625,2005,10,10,2,0,0,0,0,0,0,0
3625,2006,9,9,1,0,0,0,0,0,1,0
3666,1992,2,2,0,0,0,0,0,0,0,0
3666,1994,3,3,1,1,0,0,0,0,0,0
3676,2008,6,5,1,0,0,0,0,1,0,0
3682,1994,6,4,2,1,0,0,2,0,0,0
3682,1996,5,5,3,0,0,0,0,0,1,0
3682,1997,2,2,0,0,0,0,0,0,0,0
3684,2007,2,2,0,0,0,0,0,0,0,0
3696,1989,1,1,1,1,0,0,0,0,0,0
3729,2004,3,3,0,0,0,0,0,0,1,0
3743,2000,3,3,1,1,0,0,0,0,0,0
3762,1996,6,6,0,0,0,0,0,0,1,0
3762,1999,3,3,0,0,0,0,0,0,0,0
3762,2001,3,3,0,0,0,0,0,0,2,0
3763,1991,1,1,0,0,0,0,0,0,0,0
3763,1992,2,2,1,0,0,0,0,0,1,0
3763,1993,9,8,3,1,0,0,1,0,3,0
3763,1994,10,9,2,0,0,2,1,0,4,0
3763,1995,7,7,3,0,1,0,0,0,0,0
3763,1996,8,5,1,1,0,0,2,1,0,0
3763,1997,3,3,1,1,0,0,0,0,0,0
3763,1998,10,9,3,0,0,0,1,0,0,0
3763,1999,3,2,0,0,0,0,1,0,0,0
3763,2000,8,6,2,1,0,0,2,0,0,0
3763,2002,6,5,1,0,0,0,1,0,1,0
3780,2000,3,3,0,0,0,0,0,0,0,0
3780,2001,4,4,2,0,0,1,0,0,1,0
3804,1989,1,1,0,0,0,0,0,0,0,0
3804,1990,2,2,0,0,0,0,0,0,0,0
3804,1991,2,2,0,0,0,0,0,0,1,0
3804,1992,1,1,0,0,0,0,0,0,0,0
3804,1993,8,6,4,1,0,0,1,1,1,0
3804,1994,8,8,0,0,0,0,0,0,0,0
3804,1995,6,5,1,0,0,0,1,0,1,0
3809,1999,2,2,1,0,0,0,0,0,0,0
3810,1990,1,1,0,0,0,0,0,0,0,0
3810,1992,1,1,0,0,0,0,0,0,0,0
3810,1993,8,5,2,0,0,0,3,0,1,0
3810,1994,7,6,2,0,0,0,1,0,1,0
3810,1995,7,7,3,0,0,0,0,0,1,0
3825,1989,2,2,1,0,0,0,0,0,0,0
3825,1991,3,2,0,0,0,0,1,0,0,0
3825,1995,1,1,0,0,0,0,0,0,0,0
3831,1990,1,1,0,0,0,0,0,0,1,0
3831,1991,1,1,1,0,0,0,0,0,0,0
3831,1992,1,0,0,0,0,0,1,0,0,0
3831,1993,6,5,2,1,0,0,0,0,1,1
3831,1994,2,2,1,0,0,1,0,0,0,0
3831,1995,6,6,2,0,0,0,0,0,1,0
3844,1989,1,1,0,0,0,0,0,0,0,0
3844,1990,5,5,1,1,0,0,0,0,1,0
3844,1991,1,1,0,0,0,0,0,0,0,0
3844,1992,1,0,0,0,0,0,0,0,0,0
3846,1999,5,4,2,0,0,0,1,0,0,0
3846,2000,3,0,0,0,0,0,3,0,0,0
3861,1997,3,3,1,0,0,0,0,0,0,0
3869,1999,2,2,0,0,0,0,0,0,1,0
3884,2002,3,3,0,0,0,0,0,0,0,0
3896,1997,3,3,1,0,0,0,0,0,2,0
3896,1998,15,15,8,1,0,1,0,0,1,0
3896,1999,4,4,2,1,0,0,0,0,0,0
3896,2000,12,11,5,1,0,0,1,0,0,0
3896,2002,7,7,4,2,0,0,0,0,0,0
3896,2003,6,5,2,2,0,0,1,0,0,0
3896,2004,2,2,2,0,0,1,0,0,0,0
3916,1999,3,3,0,0,0,0,0,0,0,0
3924,2006,3,3,1,0,0,0,0,0,0,0
3924,2007,3,3,1,1,0,0,0,0,0,0
3924,2008,6,5,2,1,0,0,0,0,0,1
3960,1993,9,9,3,1,0,0,0,0,1,0
3960,1994,8,8,2,1,0,0,0,0,2,0
3960,1995,10,9,1,1,0,0,1,0,1,0
3960,1996,3,2,1,0,0,0,0,0,0,0
3960,1998,8,8,3,1,0,0,0,0,1,0
3960,1999,3,2,0,0,0,0,1,0,0,0
3963,2006,4,3,2,0,0,0,1,0,0,0
3963,2008,8,7,2,0,0,0,1,0,2,0
3995,1990,2,2,1,0,0,0,0,0,1,0
3995,1991,2,2,0,0,0,0,0,0,0,0
3999,2006,10,10,2,0,0,0,0,0,0,0
3999,2007,8,7,3,2,0,0,1,0,0,0
3999,2008,11,6,2,0,0,0,3,0,0,1
4006,2003,13,12,1,0,0,0,0,1,3,0
4006,2004,5,5,2,0,0,0,0,0,2,0
4012,1997,2,0,0,0,0,0,2,0,0,0
4012,2000,11,9,3,0,0,2,2,0,1,0
4012,2001,10,10,6,1,0,2,0,0,1,0
4012,2002,7,4,1,0,0,0,3,0,0,0
4012,2008,6,5,2,1,0,1,1,0,0,0
4013,2000,7,7,4,1,0,1,0,0,1,0
4013,2001,2,1,0,0,0,0,1,0,1,0
4013,2002,4,3,1,1,0,0,0,1,0,0
4013,2003,6,6,1,0,0,0,0,0,4,0
4020,2003,6,6,3,1,0,0,0,0,1,0
4020,2004,3,3,1,0,0,0,0,0,1,0
4028,1991,6,6,2,0,0,0,0,0,1,0
4038,1997,3,3,1,1,0,0,0,0,1,0
4038,2000,6,6,1,0,0,0,0,0,1,0
4038,2001,8,7,3,0,1,0,1,0,0,0
4038,2002,8,7,3,1,0,0,1,0,2,0
4039,2002,5,5,1,1,0,0,0,0,0,0
4052,1990,3,3,1,0,0,0,0,0,2,0
4053,1997,1,1,0,0,0,0,0,0,0,0
4053,1999,3,2,0,0,0,0,1,0,0,0
4053,2002,3,3,0,0,0,0,0,0,1,0
4058,2000,9,9,2,0,0,0,0,0,2,0
4075,2003,3,3,1,0,0,0,0,0,1,0
4075,2005,6,6,0,0,0,0,0,0,2,0
4079,2001,3,3,0,0,0,0,0,0,1,0
4079,2002,8,8,2,1,0,0,0,0,0,0
4081,1998,3,3,0,0,0,0,0,0,0,0
4088,1989,2,2,0,0,0,0,0,0,1,0
4088,1990,1,1,0,0,0,0,0,0,1,0
4088,1991,1,0,0,0,0,0,1,0,0,0
4088,1993,6,6,1,0,0,0,0,0,0,0
4090,1999,5,3,0,0,0,0,1,1,1,0
4090,2003,3,3,1,0,0,0,0,0,0,0
4093,1998,4,4,1,1,0,0,0,0,0,0
4093,1999,10,8,1,0,0,0,2,0,2,0
4093,2000,12,8,3,0,0,1,4,0,1,0
4093,2001,10,7,2,0,0,1,3,0,1,0
4093,2002,9,9,2,0,0,2,0,0,1,0
4093,2004,10,8,1,1,0,0,2,0,2,0
4093,2006,2,2,0,0,0,0,0,0,1,0
4093,2007,1,1,1,0,0,0,0,0,0,0
4093,2008,3,2,0,0,0,0,1,0,0,0
4101,2008,12,12,4,2,0,0,0,0,1,0
4133,1994,9,6,1,0,0,0,3,0,2,0
4133,1995,7,7,2,0,0,0,0,0,1,0
4133,1996,5,4,0,0,0,0,1,0,0,0
4133,1998,3,3,2,0,0,0,0,0,0,0
4133,1999,3,2,0,0,0,0,1,0,1,0
4133,2002,6,5,1,0,0,0,1,0,1,0
4133,2004,3,2,0,0,0,0,1,0,0,0
4134,2008,7,7,0,0,0,0,0,0,2,0
4136,2005,6,5,4,0,0,1,1,0,0,0
4136,2006,6,5,0,0,0,0,1,0,2,0
4136,2008,2,2,0,0,0,0,0,0,2,0
4138,1991,6,5,1,0,0,0,0,0,2,0
4138,1992,2,0,0,0,0,0,1,0,0,1
4138,1993,3,3,2,1,0,0,0,0,0,0
4138,1994,1,1,1,1,0,0,0,0,0,0
4138,1995,3,3,1,0,0,1,0,0,1,0
4152,1995,6,5,1,0,0,0,1,0,2,0
4152,1996,1,1,0,0,0,0,0,0,0,0
4152,1997,3,3,0,0,0,0,0,0,0,0
4152,1998,3,3,1,0,0,0,0,0,0,0
4152,1999,4,3,0,0,0,0,1,0,0,0
4152,2000,6,5,1,1,0,0,0,0,1,0
4152,2001,4,4,1,0,0,0,0,0,1,0
4152,2005,3,3,0,0,0,0,0,0,0,0
4153,2004,3,3,0,0,0,0,0,0,1,0
4153,2005,2,2,0,0,0,0,0,0,1,0
4153,2006,2,2,0,0,0,0,0,0,0,0
4155,2007,5,4,1,0,0,1,1,0,1,0
4155,2008,3,3,1,0,0,0,0,0,1,0
4158,2008,6,6,1,0,0,0,0,0,3,0
4172,1996,5,5,3,0,0,2,0,0,0,0
4172,1997,4,4,1,0,0,0,0,0,2,0
4172,1998,9,8,0,0,0,0,1,0,2,0
4172,1999,7,7,4,1,0,0,0,0,0,0
4172,2000,5,3,2,0,0,1,2,0,0,0
4172,2001,3,3,2,0,0,1,0,0,0,0
4172,2003,3,3,0,0,0,0,0,0,0,0
4172,2004,4,3,1,0,0,0,1,0,1,0
4175,1998,6,6,2,0,0,0,0,0,0,0
4175,2000,7,6,2,0,0,0,1,0,2,0
4176,1993,2,1,1,0,0,0,1,0,0,0
4191,1990,1,0,0,0,0,0,1,0,0,0
4191,1993,9,8,3,1,0,0,1,0,1,0
4191,1995,1,1,0,0,0,0,0,0,1,0
4191,1996,3,3,0,0,0,0,0,0,1,0
4197,2000,3,3,2,1,0,0,0,0,0,0
4202,1995,2,2,0,0,0,0,0,0,0,0
4209,1995,2,2,0,0,0,0,0,0,1,0
4209,1997,5,4,1,1,0,0,1,0,1,0
4211,2007,6,6,1,1,0,0,0,0,1,0
4211,2008,3,3,0,0,0,0,0,0,2,0
4241,2005,3,2,0,0,0,0,1,0,0,0
4253,1997,3,3,0,0,0,0,0,0,1,0
4256,1997,2,1,0,0,0,0,1,0,0,0
4256,2000,3,3,1,0,0,0,0,0,0,0
4256,2001,1,1,1,0,0,0,0,0,0,0
4256,2002,3,2,1,0,0,0,1,0,1,0
4256,2004,4,4,3,1,0,0,0,0,0,0
4256,2005,8,8,2,1,0,0,0,0,0,0
4256,2006,5,5,2,1,0,0,0,0,0,0
4295,1990,1,1,1,1,0,0,0,0,0,0
4295,1991,4,3,2,0,0,2,1,0,0,0
4295,1992,2,0,0,0,0,0,1,0,0,0
4295,1993,6,6,2,0,0,0,0,0,2,0
4295,1994,5,5,0,0,0,0,0,0,0,0
4295,1995,7,6,1,1,0,0,1,0,1,0
4295,1997,6,4,0,0,0,0,2,0,1,0
4295,2000,4,4,3,0,0,1,0,0,0,0
4301,1999,2,2,0,0,0,0,0,0,0,0
4316,1989,3,3,0,0,0,0,0,0,0,0
4316,1990,5,5,1,1,0,0,0,0,1,0
4316,1991,5,5,0,0,0,0,0,0,1,0
4316,1992,2,2,0,0,0,0,0,0,1,0
4316,1993,1,1,0,0,0,0,0,0,0,0
4316,1994,3,2,1,1,0,0,1,0,0,0
4316,1995,4,4,2,0,0,0,0,0,1,0
4317,2005,6,4,1,0,0,0,0,0,0,1
4320,1996,7,7,3,0,0,0,0,0,2,0
4320,1997,3,3,1,0,0,0,0,0,0,0
4320,1998,9,8,2,0,0,0,1,0,1,0
4320,1999,7,5,0,0,0,0,2,0,1,0
4323,1999,4,3,0,0,0,0,0,1,2,0
4323,2001,3,2,1,0,0,0,1,0,0,0
4330,1996,6,6,1,0,0,0,0,0,0,0
4330,1997,2,2,0,0,0,0,0,0,1,0
4330,1998,4,4,0,0,0,0,0,0,0,0
4330,1999,10,10,2,0,0,0,0,0,1,0
4347,2000,8,7,3,1,0,0,1,0,2,0
4347,2001,3,0,0,0,0,0,3,0,0,0
4347,2002,6,4,1,0,0,0,2,0,0,0
4349,1992,2,2,0,0,0,0,0,0,0,0
4349,1993,1,1,0,0,0,0,0,0,1,0
4356,1990,1,1,0,0,0,0,0,0,0,0
4357,1989,2,2,0,0,0,0,0,0,0,0
4357,1990,6,5,2,1,0,0,1,0,1,0
4357,1991,10,8,3,1,0,0,2,0,3,0
4357,1992,3,3,0,0,0,0,0,0,1,0
4357,1993,3,3,1,0,0,0,0,0,1,0
4357,1994,4,4,3,0,0,1,0,0,1,0
4357,1995,6,6,1,0,0,0,0,0,1,0
4357,1996,5,4,1,0,0,0,0,1,1,0
4357,1997,8,7,2,0,0,0,0,1,0,0
4357,1999,3,3,0,0,0,0,0,0,1,0
4357,2004,3,3,1,1,0,0,0,0,1,0
4357,2008,3,3,1,1,0,0,0,0,0,0
4367,1997,7,6,3,1,0,0,1,0,0,0
4367,1999,3,3,1,0,0,1,0,0,2,0
4367,2001,3,3,0,0,0,0,0,0,1,0
4389,1989,2,2,0,0,0,0,0,0,0,0
4389,1990,2,2,1,0,0,1,0,0,1,0
4389,1991,1,1,1,0,0,1,0,0,0,0
4389,1992,3,3,1,0,0,0,0,0,1,0
4389,1993,4,4,0,0,0,0,0,0,2,0
4390,1999,4,4,3,2,0,0,0,0,0,0
4390,2006,7,6,3,0,0,2,1,0,2,0
4390,2007,7,7,5,2,0,0,0,0,1,0
4390,2008,6,6,4,2,0,0,0,0,0,0
4417,2004,12,12,6,3,0,1,0,0,1,0
4417,2005,9,8,4,2,0,0,1,0,0,0
4417,2006,6,5,1,0,0,0,1,0,0,0
4417,2008,4,4,1,1,0,0,0,0,0,0
4424,2003,11,8,1,0,0,0,3,0,3,0
4424,2006,3,3,1,0,0,0,0,0,1,0
4425,1999,3,2,0,0,0,0,1,0,2,0
4425,2001,6,6,1,1,0,0,0,0,1,0
4425,2002,8,7,3,0,0,0,1,0,0,0
4425,2003,2,2,1,0,0,0,0,0,0,0
4425,2004,10,10,4,2,0,0,0,0,1,0
4426,2000,3,2,1,0,0,1,0,1,0,0
4426,2004,8,8,2,0,0,0,0,0,2,0
4426,2007,3,3,1,0,0,0,0,0,0,0
4426,2008,15,12,4,1,0,2,3,0,1,0
4428,1989,7,6,1,0,0,0,0,0,0,0
4428,1990,5,5,0,0,0,0,0,0,0,0
4428,1991,4,3,0,0,0,0,0,0,0,0
4428,1995,1,1,0,0,0,0,0,0,0,0
4452,2007,3,3,1,0,0,0,0,0,0,0
4452,2008,6,4,1,0,0,0,0,1,1,0
4456,1999,7,7,1,0,0,0,0,0,1,0
4456,2002,6,6,1,1,0,0,0,0,2,0
4456,2003,3,3,0,0,0,0,0,0,0,0
4460,1999,2,2,0,0,0,0,0,0,0,0
4460,2000,4,4,0,0,0,0,0,0,1,0
4460,2001,3,2,1,1,0,0,1,0,1,0
4460,2002,12,12,4,0,0,0,0,0,0,0
4460,2004,6,4,1,1,0,0,2,0,0,0
4460,2005,3,3,2,0,0,1,0,0,0,0
4477,1998,4,4,0,0,0,0,0,0,1,0
4477,1999,4,4,1,1,0,0,0,0,0,0
4494,2003,2,2,2,0,0,0,0,0,0,0
4494,2004,3,1,1,0,0,0,1,1,0,0
4494,2005,6,4,0,0,0,0,2,0,0,0
4494,2006,17,11,6,1,0,2,6,0,1,0
4494,2007,6,5,1,0,0,0,1,0,2,0
4506,2000,3,3,0,0,0,0,0,0,0,0
4506,2001,3,2,1,0,0,0,0,0,0,1
4506,2002,6,6,1,1,0,0,0,0,0,0
4506,2004,3,3,1,0,0,0,0,0,0,0
4528,1989,1,1,0,0,0,0,0,0,0,0
4528,1991,2,2,1,0,0,0,0,0,0,0
4528,1992,6,6,1,1,0,0,0,0,1,0
4531,2002,3,3,0,0,0,0,0,0,0,0
4531,2003,3,3,1,0,0,0,0,0,0,0
4531,2004,6,6,1,0,0,0,0,0,0,0
4531,2005,6,5,3,0,0,0,0,1,0,0
4531,2007,5,4,2,0,0,0,1,0,0,0
4531,2008,5,5,1,0,0,0,0,0,0,0
4537,1998,4,4,1,0,0,0,0,0,0,0
4537,2000,8,7,3,1,0,0,1,0,0,0
4537,2002,3,3,1,0,0,0,0,0,1,0
4537,2003,4,4,1,0,0,0,0,0,1,0
4537,2004,2,2,1,0,0,0,0,0,0,0
4542,1997,1,1,0,0,0,0,0,0,0,0
4547,1991,3,3,1,0,0,0,0,0,0,0
4547,1992,1,0,0,0,0,0,1,0,0,0
4547,1993,5,5,0,0,0,0,0,0,3,0
4547,1994,4,4,0,0,0,0,0,0,0,0
4547,1995,4,4,1,0,0,0,0,0,0,0
4547,1996,7,7,2,0,0,0,0,0,2,0
4547,1998,2,2,0,0,0,0,0,0,2,0
4553,2008,6,5,1,0,0,0,1,0,1,0
4560,1994,2,2,0,0,0,0,0,0,0,0
4560,1996,2,1,0,0,0,0,1,0,1,0
4560,1997,9,8,4,0,0,1,1,0,0,0
4560,1998,8,7,3,1,0,0,0,1,2,0
4560,2000,3,2,1,0,0,0,1,0,0,0
4594,2008,7,6,1,0,0,0,1,0,1,0
4632,1989,3,2,0,0,0,0,0,1,0,0
4632,1990,3,3,2,0,0,0,0,0,0,0
4632,1991,2,2,0,0,0,0,0,0,0,0
4632,1992,2,2,2,0,0,0,0,0,0,0
4639,2008,6,6,1,1,0,0,0,0,2,0
4704,2003,12,12,5,2,0,0,0,0,1,0
4704,2004,6,6,3,0,0,1,0,0,0,0
4707,1993,3,3,0,0,0,0,0,0,0,0
4707,1994,3,3,1,1,0,0,0,0,1,0
4707,1995,3,2,0,0,0,0,1,0,1,0
4707,1997,2,2,0,0,0,0,0,0,0,0
4711,1989,1,0,0,0,0,0,1,0,0,0
4711,1990,1,1,1,0,0,0,0,0,0,0
4713,1992,1,1,0,0,0,0,0,0,0,0
4713,1993,4,4,0,0,0,0,0,0,0,0
4713,1994,4,4,2,0,0,0,0,0,1,0
4723,2002,3,2,0,0,0,0,1,0,1,0
4723,2003,6,6,2,0,0,0,0,0,2,0
4723,2004,9,7,2,0,0,0,1,1,0,0
4723,2005,9,7,2,0,0,0,1,0,2,0
4738,1992,1,1,0,0,0,0,0,0,0,0
4738,1998,1,1,0,0,0,0,0,0,0,0
4738,1999,8,8,0,0,0,0,0,0,0,0
4741,1992,2,2,0,0,0,0,0,0,1,0
4766,1989,1,1,0,0,0,0,0,0,0,0
4766,1990,1,1,1,0,0,0,0,0,0,0
4806,2003,5,4,0,0,0,0,1,0,2,0
4808,1998,3,3,1,0,0,0,0,0,0,0
4808,2000,3,3,0,0,0,0,0,0,1,0
4808,2001,2,2,1,0,0,0,0,0,1,0
4808,2003,3,2,2,1,0,0,1,0,0,0
4808,2008,3,2,0,0,0,0,1,0,1,0
4811,1993,2,2,0,0,0,0,0,0,0,0
4811,1994,6,6,3,1,0,0,0,0,0,0
4815,1989,2,2,0,0,0,0,0,0,1,0
4815,1990,1,1,0,0,0,0,0,0,1,0
4815,1991,1,1,0,0,0,0,0,0,1,0
4815,1993,10,9,3,0,0,0,1,0,2,0
4815,1994,8,8,1,1,0,0,0,0,1,0
4826,1989,2,2,0,0,0,0,0,0,0,0
4826,1990,2,1,1,0,0,0,1,0,0,0
4826,1992,2,1,0,0,0,0,1,0,1,0
4826,1993,3,2,1,0,0,0,1,0,1,0
4826,1994,3,3,1,0,0,1,0,0,0,0
4826,1995,3,2,0,0,0,0,1,0,0,0
4826,2000,4,4,1,1,0,0,0,0,2,0
4826,2002,8,7,0,0,0,0,1,0,1,0
4830,1989,1,1,0,0,0,0,0,0,0,0
4870,1999,3,3,0,0,0,0,0,0,1,0
4870,2002,2,2,1,0,0,0,0,0,0,0
4882,2002,2,2,0,0,0,0,0,0,0,0
4900,2005,6,5,1,0,0,0,0,0,0,0
4900,2006,2,2,1,1,0,0,0,0,1,0
4907,1990,1,1,0,0,0,0,0,0,0,0
4910,1999,3,3,1,0,0,0,0,0,0,0
4921,2000,8,8,3,0,0,0,0,0,0,0
4921,2001,7,6,2,1,0,0,0,1,3,0
4921,2002,5,4,1,1,0,0,1,0,0,0
4921,2003,6,6,1,0,0,1,0,0,0,0
4921,2008,3,2,1,0,0,0,1,0,0,0
4971,1993,3,3,0,0,0,0,0,0,1,0
4971,1995,4,4,0,0,0,0,0,0,3,0
4986,2001,3,2,2,0,0,0,1,0,0,0
4986,2002,3,2,0,0,0,0,1,0,0,0
4988,1995,3,2,1,0,0,0,1,0,0,0
4988,1997,3,2,0,0,0,0,1,0,0,0
4988,1998,6,6,1,1,0,0,0,0,3,0
4988,1999,1,1,0,0,0,0,0,0,0,0
4988,2000,3,3,1,1,0,0,0,0,1,0
4988,2001,4,3,0,0,0,0,1,0,1,0
4988,2002,4,4,0,0,0,0,0,0,1,0
4988,2003,6,6,0,0,0,0,0,0,2,0
4988,2004,3,3,0,0,0,0,0,0,1,0
4997,2005,3,3,0,0,0,0,0,0,1,0
4997,2006,2,2,0,0,0,0,0,0,0,0
4997,2007,3,3,2,2,0,0,0,0,0,0
4997,2008,3,3,1,0,0,0,0,0,0,0
5005,1990,2,2,0,0,0,0,0,0,2,0
5005,1991,4,4,0,0,0,0,0,0,1,0
5005,1992,1,1,0,0,0,0,0,0,0,0
5005,1993,6,5,2,0,1,1,1,0,1,0
5005,2000,3,3,1,0,0,0,0,0,1,0
5005,2001,3,3,0,0,0,0,0,0,1,0
5018,2002,7,7,3,1,0,0,0,0,0,0
5018,2003,6,6,1,1,0,0,0,0,0,0
5018,2005,6,6,4,0,0,2,0,0,0,0
5026,2002,3,3,1,0,0,0,0,0,1,0
5033,2002,9,8,1,1,0,0,1,0,3,0
5033,2003,3,3,0,0,0,0,0,0,1,0
5033,2004,6,6,2,1,0,0,0,0,1,0
5055,1994,2,2,0,0,0,0,0,0,1,0
5055,2000,3,2,1,0,0,0,1,0,0,0
5055,2001,3,3,2,0,0,0,0,0,0,0
5055,2002,3,2,1,0,0,0,1,0,0,0
5055,2005,3,2,1,1,0,0,1,0,0,0
5071,1989,1,1,0,0,0,0,0,0,0,0
5081,1990,1,0,0,0,0,0,1,0,0,0
5081,1991,4,4,1,0,0,1,0,0,2,0
5081,1992,1,1,0,0,0,0,0,0,0,0
5081,1993,6,5,1,0,0,1,0,0,2,1
5081,1994,3,2,0,0,0,0,1,0,0,0
5081,1996,9,6,1,0,0,0,2,0,2,0
5081,1997,7,7,0,0,0,0,0,0,2,0
5081,1998,3,3,1,0,0,0,0,0,0,0
5091,1996,8,5,2,0,0,1,3,0,0,0
5091,1997,7,6,3,0,0,1,1,0,1,0
5091,1998,6,5,2,0,0,0,1,0,0,0
5092,2005,3,3,2,1,0,0,0,0,0,0
5092,2006,3,3,3,0,0,1,0,0,0,0
5101,2008,3,3,2,0,0,0,0,0,0,0
5183,1991,1,1,0,0,0,0,0,0,0,0
5185,1991,2,2,1,0,0,0,0,0,0,0
5185,1992,1,1,0,0,0,0,0,0,0,0
5185,1995,3,2,2,0,0,0,1,0,0,0
5185,1996,2,2,0,0,0,0,0,0,0,0
5198,1992,1,1,0,0,0,0,0,0,1,0
5198,1993,4,3,1,0,0,0,1,0,0,0
5202,1989,1,0,0,0,0,0,1,0,0,0
5216,1989,2,2,1,0,0,0,0,0,1,0
5216,1990,3,1,0,0,0,0,2,0,0,0
5216,1991,2,2,0,0,0,0,0,0,0,0
5216,1992,2,2,1,1,0,0,0,0,0,0
5224,1997,1,1,0,0,0,0,0,0,0,0
5225,2005,3,3,0,0,0,0,0,0,0,0
5227,2002,3,3,1,0,0,0,0,0,0,0
5227,2003,2,2,1,0,0,0,0,0,0,0
5227,2005,3,3,0,0,0,0,0,0,0,0
5230,1994,4,4,0,0,0,0,0,0,1,0
5230,1995,5,4,0,0,0,0,1,0,0,0
5230,1996,11,10,4,1,0,0,0,0,0,1
5230,1997,4,4,2,0,0,0,0,0,0,0
5241,2002,4,4,2,1,0,0,0,0,1,0
5241,2003,2,2,0,0,0,0,0,0,0,0
5241,2004,6,6,2,0,0,1,0,0,0,0
5241,2005,3,3,1,0,0,0,0,0,0,0
5244,2001,3,3,0,0,0,0,0,0,0,0
5244,2002,6,3,0,0,0,0,3,0,0,0
5244,2003,3,3,2,0,0,1,0,0,1,0
5244,2004,7,7,1,0,0,0,0,0,1,0
5244,2005,3,3,0,0,0,0,0,0,1,0
5244,2006,3,3,0,0,0,0,0,0,1,0
5244,2008,3,3,1,1,0,0,0,0,0,0
5247,1991,1,1,0,0,0,0,0,0,0,0
5247,1992,2,1,0,0,0,0,1,0,0,0
5247,1994,2,1,0,0,0,0,1,0,0,0
5247,1995,3,2,0,0,0,0,1,0,0,0
5265,1990,1,1,0,0,0,0,0,0,0,0
5265,1992,1,1,0,0,0,0,0,0,1,0
5265,1993,7,7,1,0,0,0,0,0,2,0
5268,1995,5,5,0,0,0,0,0,0,1,0
5273,2004,2,2,1,1,0,0,0,0,1,0
5275,1993,3,3,1,0,1,0,0,0,1,0
5280,1996,4,4,0,0,0,0,0,0,1,0
5281,1997,3,3,1,0,0,0,0,0,0,0
5281,1998,6,6,3,0,0,0,0,0,1,0
5281,2000,3,3,0,0,0,0,0,0,0,0
5281,2002,3,3,1,0,0,0,0,0,0,0
5292,1999,3,2,0,0,0,0,1,0,0,0
5292,2001,3,3,0,0,0,0,0,0,0,0
5292,2002,10,10,4,1,1,1,0,0,0,0
5292,2004,7,6,2,1,0,0,1,0,0,0
5292,2006,9,8,4,1,0,1,1,0,0,0
5292,2008,4,3,2,0,0,0,1,0,0,0
5302,1997,1,1,0,0,0,0,0,0,0,0
5309,1999,2,2,1,0,0,0,0,0,0,0
5309,2000,4,4,1,1,0,0,0,0,1,0
5324,2003,15,14,4,1,0,0,1,0,3,0
5324,2004,3,3,2,2,0,0,0,0,0,0
5324,2005,13,10,1,0,0,0,3,0,4,0
5324,2006,3,3,2,1,0,0,0,0,0,0
5324,2007,3,3,1,0,0,0,0,0,0,0
5324,2008,7,5,1,0,0,1,2,0,1,0
5332,2006,15,15,2,0,0,0,0,0,1,0
5332,2007,3,2,0,0,0,0,1,0,0,0
5335,1996,2,2,0,0,0,0,0,0,0,0
5335,1997,3,3,3,0,0,0,0,0,0,0
5340,2003,3,3,2,1,0,0,0,0,0,0
5340,2004,8,8,2,0,1,0,0,0,1,0
5340,2005,2,2,1,0,0,0,0,0,0,0
5341,2002,3,3,0,0,0,0,0,0,1,0
5341,2003,4,4,0,0,0,0,0,0,0,0
5341,2004,8,8,2,1,0,0,0,0,0,0
5341,2005,3,3,1,0,0,1,0,0,1,0
5342,2006,1,1,0,0,0,0,0,0,1,0
5345,1994,6,6,2,0,0,0,0,0,0,0
5365,2008,3,3,1,1,0,0,0,0,2,0
5369,2005,2,2,1,1,0,0,0,0,0,0
5369,2006,3,3,1,0,0,0,0,0,0,0
5369,2008,4,4,0,0,0,0,0,0,0,0
5375,1989,1,1,1,0,0,0,0,0,0,0
5375,1990,4,2,1,0,0,0,2,0,1,0
5375,1991,1,0,0,0,0,0,1,0,0,0
5375,1993,7,7,2,0,0,2,0,0,1,0
5375,1994,7,7,2,0,0,0,0,0,4,0
5380,1993,3,3,0,0,0,0,0,0,1,0
5380,1994,6,6,1,0,0,0,0,0,1,0
5380,1997,1,1,1,0,0,0,0,0,0,0
5381,2002,4,3,0,0,0,0,1,0,0,0
5405,1989,2,2,1,0,0,0,0,0,1,0
5405,1990,4,4,2,0,0,1,0,0,0,0
5405,1992,3,3,2,0,0,0,0,0,0,0
5414,1993,5,4,0,0,0,0,1,0,0,0
5414,1994,3,3,1,0,0,0,0,0,1,0
5414,1995,7,6,2,0,0,0,0,0,0,1
5414,1996,6,4,3,1,0,0,2,0,0,0
5414,1997,3,3,2,0,0,0,0,0,1,0
5414,2000,4,4,1,0,0,0,0,0,0,0
5419,1990,3,3,2,0,0,0,0,0,0,0
5419,1991,1,0,0,0,0,0,1,0,0,0
5423,1989,1,1,0,0,0,0,0,0,1,0
5453,1993,11,9,1,0,0,0,2,0,2,0
5453,1994,12,12,4,1,0,0,0,0,2,0
5453,1995,3,3,1,1,0,0,0,0,0,0
5453,1999,8,7,5,0,0,0,0,1,1,0
5453,2001,4,2,0,0,0,0,2,0,0,0
5461,1992,3,3,0,0,0,0,0,0,0,0
5461,1997,4,4,4,0,0,0,0,0,0,0
5461,2000,3,3,1,0,0,0,0,0,0,0
5465,1993,6,4,0,0,0,0,1,1,2,0
5465,1996,3,3,1,0,0,0,0,0,0,0
5467,1990,1,1,0,0,0,0,0,0,0,0
5470,1990,2,2,1,1,0,0,0,0,0,0
5474,1999,3,2,1,0,0,1,0,1,1,0
5474,2003,6,6,4,1,0,1,0,0,2,0
5491,1998,4,4,1,0,0,0,0,0,1,0
5491,2000,12,9,4,1,0,1,3,0,0,0
5491,2002,7,5,2,0,0,0,2,0,1,0
5491,2004,2,2,1,0,0,0,0,0,1,0
5491,2008,6,5,2,0,0,0,1,0,0,0
5520,2006,3,3,1,0,0,0,0,0,0,0
5520,2007,3,2,1,0,0,1,1,0,0,0
5520,2008,3,3,0,0,0,0,0,0,0,0
5525,1998,1,1,1,0,0,0,0,0,0,0
5525,2000,3,3,1,1,0,0,0,0,0,0
5535,1997,2,2,0,0,0,0,0,0,0,0
5535,1998,2,2,1,0,0,0,0,0,0,0
5535,1999,2,2,0,0,0,0,0,0,0,0
5535,2000,8,7,1,0,0,0,1,0,3,0
5540,2005,3,2,0,0,0,0,0,1,0,0
5540,2006,3,2,1,1,0,0,1,0,1,0
5568,2007,3,2,0,0,0,0,0,1,1,0
5571,1989,5,5,0,0,0,0,0,0,2,0
5571,1990,1,1,0,0,0,0,0,0,0,0
5571,1991,1,1,1,0,0,0,0,0,0,0
5571,1992,3,3,2,0,0,0,0,0,0,0
5571,1993,8,7,3,0,0,0,0,0,0,0
5571,1994,6,6,4,0,1,0,0,0,0,0
5571,1995,9,9,1,0,0,0,0,0,1,0
5577,2000,2,2,0,0,0,0,0,0,0,0
5582,2005,4,1,1,1,0,0,3,0,0,0
5589,1999,4,3,1,0,0,0,0,0,0,0
5589,2002,3,3,0,0,0,0,0,0,0,0
5591,2004,10,9,4,3,0,0,1,0,0,0
5591,2005,8,6,1,0,0,0,0,2,0,0
5591,2007,3,3,1,0,1,0,0,0,0,0
5609,1997,2,1,1,0,0,0,1,0,0,0
5609,2007,2,2,0,0,0,0,0,0,0,0
5610,2008,3,3,1,0,0,0,0,0,1,0
5617,1998,1,1,0,0,0,0,0,0,0,0
5619,1997,2,2,1,0,0,0,0,0,1,0
5637,2000,3,3,0,0,0,0,0,0,2,0
5637,2002,4,4,0,0,0,0,0,0,0,0
5637,2004,8,4,0,0,0,0,3,1,2,0
5637,2005,3,3,0,0,0,0,0,0,0,0
5637,2006,3,3,0,0,0,0,0,0,0,0
5663,1989,3,2,1,0,0,0,0,0,0,1
5663,1990,3,3,1,0,0,0,0,0,0,0
5663,1991,8,7,2,0,0,0,1,0,0,0
5671,1999,4,3,1,0,0,0,1,0,1,0
5680,1992,1,1,0,0,0,0,0,0,0,0
5680,1993,5,5,1,0,0,0,0,0,0,0
5685,1990,1,1,0,0,0,0,0,0,1,0
5685,1994,4,4,1,0,0,0,0,0,0,0
5695,1989,3,3,1,0,0,0,0,0,1,0
5695,1990,2,2,0,0,0,0,0,0,0,0
5695,1991,3,2,0,0,0,0,1,0,1,0
5695,1992,3,3,2,1,0,0,0,0,1,0
5695,1993,3,3,0,0,0,0,0,0,0,0
5695,1994,8,8,2,1,0,0,0,0,1,0
5695,1995,4,3,1,0,0,0,0,0,2,0
5695,1998,4,4,1,0,0,0,0,0,0,0
5713,1997,5,5,1,1,0,0,0,0,1,0
5713,1998,6,4,2,2,0,0,2,0,1,0
5713,1999,6,5,2,1,0,0,1,0,2,0
5713,2002,9,8,1,0,1,0,1,0,4,0
5731,1999,1,1,0,0,0,0,0,0,0,0
5731,2005,2,2,1,1,0,0,0,0,0,0
5736,1989,2,2,0,0,0,0,0,0,1,0
5736,1990,1,1,1,0,0,0,0,0,0,0
5736,1991,1,1,1,0,0,0,0,0,0,0
5736,1992,3,2,0,0,0,0,1,0,2,0
5736,1993,3,3,1,0,0,0,0,0,2,0
5736,1995,9,7,1,1,0,0,2,0,2,0
5736,1996,3,3,1,1,0,0,0,0,0,0
5736,1997,5,5,0,0,0,0,0,0,1,0
5741,1998,3,3,0,0,0,0,0,0,0,0
5741,1999,6,5,1,0,0,1,1,0,1,0
5741,2004,6,5,0,0,0,0,1,0,0,0
5761,2002,2,1,1,0,0,0,1,0,0,0
5776,1989,2,2,1,0,0,0,0,0,0,0
5776,1990,3,2,0,0,0,0,1,0,1,0
5776,1991,5,5,1,0,0,0,0,0,1,0
5776,1992,4,4,2,1,0,0,0,0,1,0
5776,1996,8,7,2,1,0,0,1,0,2,0
5776,1997,5,5,2,2,0,0,0,0,1,0
5776,1998,10,10,4,0,0,1,0,0,2,0
5776,1999,7,7,4,1,0,0,0,0,1,0
5776,2000,7,5,0,0,0,0,1,1,1,0
5787,1998,6,5,2,0,0,1,1,0,0,0
5792,1991,3,3,2,0,0,1,0,0,1,0
5792,1992,1,1,1,1,0,0,0,0,0,0
5792,1993,4,3,1,0,0,0,1,0,1,0
5792,1994,2,2,0,0,0,0,0,0,0,0
5792,1995,5,5,2,0,0,0,0,0,0,0
5792,1999,3,3,1,1,0,0,0,0,0,0
5813,2006,3,3,0,0,0,0,0,0,0,0
5814,2002,3,3,0,0,0,0,0,0,0,0
5814,2004,4,4,4,2,0,0,0,0,0,0
5814,2005,16,14,4,1,0,0,2,0,0,0
5814,2006,7,6,2,2,0,0,1,0,0,0
5816,1999,2,2,0,0,0,0,0,0,1,0
5816,2000,4,4,1,0,0,0,0,0,0,0
5816,2001,7,6,3,1,0,0,0,0,2,0
5816,2003,6,6,1,0,0,0,0,0,1,0
5816,2004,7,6,1,0,0,0,0,0,1,0
5816,2005,2,1,0,0,0,0,0,1,0,0
5816,2006,3,3,0,0,0,0,0,0,0,0
5816,2008,3,3,1,0,0,0,0,0,1,0
5827,1992,1,1,0,0,0,0,0,0,0,0
5827,1999,7,6,4,1,0,0,0,0,1,1
5827,2001,3,2,2,1,0,0,1,0,0,0
5827,2004,3,1,0,0,0,0,1,0,0,1
5836,2006,4,4,0,0,0,0,0,0,0,0
5863,2002,7,7,1,0,0,0,0,0,2,0
5863,2004,10,10,2,1,0,0,0,0,2,0
5863,2005,12,12,4,0,0,0,0,0,1,0
5863,2006,6,6,3,1,0,1,0,0,1,0
5871,1998,2,2,2,2,0,0,0,0,0,0
5893,2000,3,3,1,0,0,0,0,0,2,0
5893,2003,3,3,2,0,0,0,0,0,1,0
5895,1997,7,6,0,0,0,0,1,0,2,0
5895,1998,9,6,3,1,0,1,3,0,0,0
5899,1992,1,1,0,0,0,0,0,0,0,0
5904,2001,2,2,1,0,0,0,0,0,0,0
5909,2003,2,2,0,0,0,0,0,0,0,0
5910,2006,8,7,2,1,0,0,1,0,1,0
5910,2007,3,3,1,1,0,0,0,0,1,0
5910,2008,3,2,2,0,0,0,0,0,0,0
5918,1993,3,3,0,0,0,0,0,0,1,0
5930,1990,1,1,0,0,0,0,0,0,0,0
5940,2000,3,3,1,0,0,0,0,0,0,0
5956,1993,5,5,0,0,0,0,0,0,0,0
5969,1992,2,1,0,0,0,0,1,0,0,0
5969,1993,11,10,2,0,0,0,1,0,0,0
5969,1994,5,4,2,1,0,0,1,0,0,0
5969,1995,11,11,3,0,0,0,0,0,4,0
5969,1996,10,9,4,2,0,0,1,0,0,0
5969,1997,2,2,0,0,0,0,0,0,0,0
5969,1998,4,4,0,0,0,0,0,0,0,0
5969,2000,8,7,0,0,0,0,1,0,0,0
5972,1993,2,2,1,0,0,0,0,0,0,0
5972,1995,5,5,0,0,0,0,0,0,1,0
6007,1989,2,2,0,0,0,0,0,0,2,0
6007,1990,4,3,0,0,0,0,1,0,0,0
6008,1998,3,3,0,0,0,0,0,0,2,0
6008,2000,5,5,1,0,0,0,0,0,1,0
6008,2001,6,5,1,0,0,0,0,0,0,1
6008,2002,3,2,1,1,0,0,1,0,0,0
6008,2003,3,3,1,0,0,0,0,0,0,0
6008,2004,6,5,2,1,0,0,1,0,0,0
6008,2006,15,14,4,0,0,1,1,0,0,0
6008,2007,8,7,3,0,0,1,1,0,2,0
6008,2008,5,5,3,1,0,1,0,0,0,0
6026,2000,3,3,2,0,0,0,0,0,1,0
6026,2001,3,2,0,0,0,0,0,0,1,1
6026,2002,7,3,1,0,0,0,4,0,0,0
6026,2004,3,3,1,0,0,0,0,0,1,0
6026,2005,3,3,0,0,0,0,0,0,2,0
6027,1992,1,1,1,0,0,0,0,0,0,0
6030,2008,3,3,1,1,0,0,0,0,0,0
6031,2003,3,3,2,1,0,0,0,0,0,0
6031,2004,17,14,6,1,0,0,2,0,0,0
6031,2005,16,16,1,0,0,1,0,0,3,0
6031,2006,3,3,1,1,0,0,0,0,1,0
6059,1993,5,4,1,0,0,1,0,0,3,0
6059,1994,2,2,0,0,0,0,0,0,1,0
6059,1998,3,3,0,0,0,0,0,0,1,0
6059,2001,3,0,0,0,0,0,3,0,0,0
6139,2003,3,3,2,0,1,0,0,0,1,0
6139,2006,8,8,5,0,0,0,0,0,1,0
6139,2007,2,2,0,0,0,0,0,0,1,0
6139,2008,5,5,4,1,0,0,0,0,0,0
6142,2006,2,2,1,1,0,0,0,0,1,0
6161,2001,1,1,0,0,0,0,0,0,0,0
6175,2005,4,4,2,1,0,0,0,0,0,0
6189,1999,2,1,1,0,0,0,1,0,0,0
6191,1989,1,1,0,0,0,0,0,0,0,0
6191,1990,3,1,0,0,0,0,2,0,0,0
6191,1992,5,5,3,2,0,0,0,0,1,0
6193,1998,3,3,1,0,0,0,0,0,0,0
6193,2000,10,9,1,0,0,0,1,0,1,0
6202,2002,2,2,1,0,0,0,0,0,0,0
6202,2004,3,3,1,1,0,0,0,0,0,0
6203,1989,2,2,0,0,0,0,0,0,1,0
6203,1990,1,1,1,0,0,0,0,0,0,0
6211,2003,3,3,1,1,0,0,0,0,0,0
6218,2002,2,2,0,0,0,0,0,0,0,0
6218,2004,2,1,1,0,0,0,0,1,0,0
6218,2007,3,3,0,0,0,0,0,0,3,0
6227,1998,3,2,0,0,0,0,0,0,2,0
6232,1989,2,1,0,0,0,0,1,0,1,0
6237,1994,3,2,2,0,0,0,0,0,0,1
6243,1991,1,1,0,0,0,0,0,0,1,0
6247,1989,1,1,0,0,0,0,0,0,1,0
6257,1996,2,2,0,0,0,0,0,0,0,0
6257,1998,9,5,1,1,0,0,3,1,3,0
6257,1999,3,3,0,0,0,0,0,0,1,0
6257,2000,4,3,0,0,0,0,1,0,0,0
6257,2001,3,3,0,0,0,0,0,0,1,0
6257,2002,5,5,2,0,1,1,0,0,0,0
6257,2003,4,3,0,0,0,0,1,0,1,0
6257,2004,3,3,0,0,0,0,0,0,0,0
6281,2002,3,3,0,0,0,0,0,0,0,0
6281,2004,3,3,1,1,0,0,0,0,0,0
6281,2005,10,9,4,0,0,0,1,0,2,0
6283,1998,7,7,4,1,0,0,0,0,1,0
6283,1999,3,3,1,0,0,0,0,0,0,0
6290,2000,5,5,3,0,0,0,0,0,0,0
6290,2001,6,6,2,0,0,0,0,0,1,0
6290,2002,3,3,1,0,0,0,0,0,0,0
6290,2003,3,3,1,0,0,0,0,0,0,0
6290,2004,6,6,1,0,0,0,0,0,2,0
6290,2006,6,6,4,0,0,0,0,0,0,0
6306,1989,3,3,1,0,0,0,0,0,1,0
6306,1990,3,3,1,0,0,0,0,0,1,0
6306,1991,4,4,1,0,0,0,0,0,0,0
6306,1992,2,2,0,0,0,0,0,0,0,0
6312,1998,3,2,0,0,0,0,1,0,1,0
6312,2003,4,4,1,0,0,0,0,0,2,0
6312,2006,3,3,1,0,0,1,0,0,1,0
6332,2005,1,1,0,0,0,0,0,0,1,0
6336,1991,2,2,0,0,0,0,0,0,1,0
6336,1992,3,3,0,0,0,0,0,0,0,0
6336,1994,5,4,1,1,0,0,1,0,2,0
6336,1995,9,9,2,1,0,0,0,0,2,0
6336,1998,2,2,1,0,0,0,0,0,0,0
6336,1999,3,3,1,0,0,0,0,0,0,0
6344,1998,3,3,0,0,0,0,0,0,0,0
6345,1989,3,1,0,0,0,0,2,0,0,0
6345,1990,2,1,0,0,0,0,1,0,1,0
6350,1991,1,1,0,0,0,0,0,0,0,0
6359,1989,1,1,0,0,0,0,0,0,0,0
6359,1990,4,2,0,0,0,0,2,0,0,0
6360,2002,5,5,2,0,0,1,0,0,0,0
6360,2003,6,6,4,0,0,0,0,0,0,0
6360,2004,3,3,0,0,0,0,0,0,1,0
6381,1997,1,1,1,0,0,0,0,0,0,0
6387,1996,3,2,1,0,0,0,1,0,0,0
6387,1997,3,3,1,0,0,0,0,0,0,0
6387,1998,14,13,4,1,0,1,0,1,0,0
6387,1999,3,2,1,0,0,0,1,0,0,0
6387,2000,13,11,1,0,0,0,1,1,1,0
6388,2008,3,3,2,0,0,0,0,0,0,0
6394,1992,2,2,1,0,0,0,0,0,1,0
6394,1996,6,5,3,0,0,0,0,0,0,1
6394,2000,9,8,2,2,0,0,1,0,3,0
6394,2001,3,3,0,0,0,0,0,0,0,0
6403,1990,2,2,0,0,0,0,0,0,0,0
6403,1992,2,2,0,0,0,0,0,0,0,0
6403,1993,6,4,1,0,0,0,2,0,1,0
6403,1994,2,1,0,0,0,0,1,0,0,0
6403,1995,7,7,2,0,0,0,0,0,1,0
6403,1997,5,5,1,0,0,1,0,0,1,0
6403,1998,9,8,2,0,0,1,1,0,0,0
6403,2000,2,2,0,0,0,0,0,0,0,0
6415,1997,3,3,0,0,0,0,0,0,0,0
6415,1999,2,1,1,0,0,1,1,0,0,0
6425,1999,2,2,0,0,0,0,0,0,1,0
6432,2008,3,2,1,0,0,0,1,0,1,0
6438,1993,6,6,3,1,0,0,0,0,0,0
6438,1994,6,6,1,0,0,0,0,0,0,0
6462,1989,5,3,0,0,0,0,1,0,1,0
6462,1990,2,2,0,0,0,0,0,0,1,0
6467,1992,4,4,2,0,1,0,0,0,1,0
6467,1993,7,7,1,0,0,0,0,0,1,0
6467,1994,4,4,3,1,0,0,0,0,0,0
6467,1995,10,8,0,0,0,0,1,0,2,0
6472,1993,3,2,0,0,0,0,1,0,0,0
6485,1991,1,1,0,0,0,0,0,0,1,0
6485,1992,1,1,0,0,0,0,0,0,0,0
6503,2003,3,3,0,0,0,0,0,0,0,0
6510,1999,3,3,1,0,0,0,0,0,1,0
6510,2001,4,4,1,0,0,0,0,0,0,0
6510,2005,2,2,0,0,0,0,0,0,0,0
6516,1992,4,3,1,0,0,0,1,0,0,0
6516,1993,4,4,2,0,1,0,0,0,0,0
6516,1994,4,3,1,0,0,0,1,0,2,0
6516,1995,3,2,0,0,0,0,1,0,1,0
6516,1996,7,5,1,0,0,0,2,0,1,0
6516,1998,10,9,3,0,0,0,1,0,0,0
6516,1999,7,7,5,1,0,0,0,0,0,0
6516,2000,7,7,3,1,0,0,0,0,0,0
6516,2002,4,3,1,0,0,0,1,0,0,0
6516,2007,6,6,2,1,0,0,0,0,0,0
6520,2005,2,2,0,0,0,0,0,0,1,0
6542,2008,2,2,1,1,0,0,0,0,1,0
6549,2000,10,10,2,2,0,0,0,0,1,0
6549,2001,7,6,2,0,0,0,1,0,1,0
6549,2002,7,7,3,2,0,0,0,0,0,0
6549,2003,10,10,2,0,0,0,0,0,4,0
6549,2005,4,4,2,1,0,0,0,0,0,0
6565,2002,5,5,1,1,0,0,0,0,0,0
6568,1997,2,2,0,0,0,0,0,0,0,0
6568,2004,6,3,1,0,0,0,2,0,1,1
6568,2005,3,3,2,0,0,0,0,0,1,0
6570,2004,2,2,0,0,0,0,0,0,0,0
6570,2005,9,9,3,1,0,0,0,0,0,0
6570,2006,4,4,2,0,1,0,0,0,0,0
6570,2007,2,1,0,0,0,0,0,0,0,1
6570,2008,7,7,1,1,0,0,0,0,1,0
6576,1991,1,0,0,0,0,0,1,0,0,0
6577,2004,4,4,2,2,0,0,0,0,1,0
6579,1998,2,2,0,0,0,0,0,0,0,0
6579,2003,3,3,1,0,0,0,0,0,1,0
6579,2004,6,6,1,0,0,0,0,0,1,0
6594,1995,1,1,1,0,0,0,0,0,0,0
6594,1996,3,2,0,0,0,0,1,0,0,0
6594,1997,6,4,1,0,0,0,2,0,1,0
6594,1999,3,2,0,0,0,0,1,0,0,0
6594,2003,3,3,1,0,0,0,0,0,0,0
6594,2006,3,3,0,0,0,0,0,0,1,0
6609,1989,1,1,0,0,0,0,0,0,0,0
6609,1993,2,1,0,0,0,0,1,0,0,0
6609,1996,7,6,0,0,0,0,0,0,0,1
6616,2004,4,4,0,0,0,0,0,0,1,0
6616,2005,3,3,1,1,0,0,0,0,1,0
6616,2006,3,3,2,0,0,0,0,0,0,0
6616,2008,3,2,0,0,0,0,1,0,0,0
6637,2007,2,2,1,0,0,0,0,0,1,0
6639,2003,6,6,4,2,0,1,0,0,0,0
6639,2005,3,3,1,0,0,0,0,0,1,0
6639,2008,3,2,0,0,0,0,1,0,0,0
6648,2002,3,3,2,0,0,2,0,0,0,0
6648,2004,7,6,0,0,0,0,1,0,0,0
6648,2005,8,7,1,0,0,0,1,0,0,0
6648,2006,3,3,1,1,0,0,0,0,1,0
6648,2008,2,2,1,0,0,0,0,0,0,0
6660,2006,9,9,1,0,0,0,0,0,2,0
6660,2007,2,2,0,0,0,0,0,0,0,0
6675,1993,1,1,1,0,0,0,0,0,0,0
6681,1989,2,1,0,0,0,0,1,0,1,0
6684,1995,7,6,2,0,0,1,0,0,0,1
6687,1989,2,1,0,0,0,0,1,0,0,0
6687,1990,1,1,0,0,0,0,0,0,0,0
6687,1991,2,2,1,0,0,1,0,0,0,0
6692,1990,4,3,0,0,0,0,1,0,3,0
6692,1991,5,3,1,1,0,0,1,1,2,0
6692,1992,3,3,0,0,0,0,0,0,2,0
6699,1989,1,0,0,0,0,0,1,0,0,0
6699,1990,3,3,2,1,0,0,0,0,0,0
6699,1991,2,2,1,0,0,0,0,0,1,0
6699,1992,2,2,0,0,0,0,0,0,1,0
6699,1993,7,6,0,0,0,0,0,1,2,0
6699,1994,8,8,2,0,0,0,0,0,3,0
6699,1995,3,2,1,1,0,0,1,0,0,0
6699,1996,3,3,0,0,0,0,0,0,0,0
6711,1998,3,3,0,0,0,0,0,0,0,0
6711,2003,3,3,2,0,0,0,0,0,0,0
6711,2004,3,1,0,0,0,0,2,0,1,0
6714,2000,4,4,2,0,0,0,0,0,0,0
6714,2001,4,4,3,0,0,0,0,0,0,0
6714,2002,3,3,2,1,0,0,0,0,0,0
6722,2006,3,3,0,0,0,0,0,0,2,0
6723,1990,2,2,0,0,0,0,0,0,0,0
6723,1991,1,1,0,0,0,0,0,0,0,0
6723,1992,1,1,0,0,0,0,0,0,0,0
6723,1993,9,8,3,2,0,0,1,0,2,0
6723,1994,7,6,3,1,0,1,1,0,0,0
6723,1998,3,3,0,0,0,0,0,0,0,0
6753,1997,3,3,2,0,0,0,0,0,0,0
6755,2000,8,8,4,1,0,0,0,0,1,0
6755,2002,3,3,1,0,0,0,0,0,0,0
6780,2006,4,3,0,0,0,0,1,0,1,0
6790,1996,4,4,1,0,0,0,0,0,1,0
6793,1990,2,2,1,0,0,0,0,0,0,0
6793,1992,3,2,1,0,0,0,1,0,1,0
6793,1993,4,4,0,0,0,0,0,0,1,0
6793,1995,5,4,2,0,0,1,1,0,1,0
6829,1989,1,1,0,0,0,0,0,0,0,0
6829,1990,2,2,0,0,0,0,0,0,1,0
6832,1991,3,2,0,0,0,0,0,0,0,1
6832,1995,3,3,0,0,0,0,0,0,1,0
6832,1996,2,2,0,0,0,0,0,0,0,0
6832,1998,6,6,1,0,0,0,0,0,2,0
6840,1998,2,2,0,0,0,0,0,0,0,0
6864,2008,3,3,0,0,0,0,0,0,0,0
6880,2005,4,4,1,0,1,0,0,0,0,0
6897,1999,4,4,0,0,0,0,0,0,3,0
6900,2006,6,4,0,0,0,0,2,0,0,0
6900,2008,6,6,0,0,0,0,0,0,0,0
6910,1989,1,1,0,0,0,0,0,0,0,0
6910,1990,2,2,0,0,0,0,0,0,0,0
6910,1991,2,2,0,0,0,0,0,0,0,0
6910,1992,3,3,1,1,0,0,0,0,0,0
6910,1993,6,6,2,0,0,1,0,0,1,0
6910,1995,3,3,2,0,0,0,0,0,0,0
6919,1997,3,1,0,0,0,0,1,0,0,1
6919,1999,3,3,1,0,0,0,0,0,0,0
6924,1989,1,1,0,0,0,0,0,0,0,0
6924,1990,4,3,1,0,0,0,1,0,1,0
6924,1991,8,5,3,1,0,0,3,0,0,0
6924,1992,1,1,1,0,0,0,0,0,0,0
6924,1993,3,2,1,1,0,0,1,0,0,0
6924,1994,4,3,0,0,0,0,1,0,0,0
6924,1995,6,6,3,0,0,0,0,0,0,0
6924,1996,5,5,3,0,0,0,0,0,0,0
6924,1997,6,3,2,0,0,1,3,0,0,0
6924,1999,3,2,1,0,0,1,1,0,1,0
6924,2000,3,3,1,1,0,0,0,0,1,0
6924,2001,6,5,0,0,0,0,0,1,0,0
6924,2002,10,7,1,1,0,0,3,0,1,0
6924,2003,2,2,1,0,0,0,0,0,0,0
6924,2004,5,4,0,0,0,0,1,0,0,0
6926,2000,3,3,0,0,0,0,0,0,1,0
6960,1994,3,3,1,0,0,0,0,0,1,0
6960,1995,10,10,3,1,0,0,0,0,1,0
6960,1996,4,4,0,0,0,0,0,0,0,0
6960,1997,6,5,3,0,0,0,1,0,0,0
6960,1998,2,1,0,0,0,0,1,0,0,0
6971,1999,6,5,2,1,0,1,0,0,0,0
6971,2001,2,2,1,0,0,0,0,0,0,0
6971,2005,3,3,0,0,0,0,0,0,0,0
6981,1990,2,2,1,1,0,0,0,0,0,0
6981,1992,4,4,1,1,0,0,0,0,1,0
6981,1993,3,3,0,0,0,0,0,0,0,0
6981,1994,3,3,0,0,0,0,0,0,0,0
6981,1995,3,3,0,0,0,0,0,0,2,0
6981,1998,4,4,1,0,0,0,0,0,1,0
6981,2000,9,8,3,1,0,0,1,0,2,0
6981,2004,3,2,1,0,0,1,1,0,1,0
6985,2003,13,11,2,0,0,0,2,0,2,0
6985,2004,6,5,2,1,0,0,1,0,0,0
6985,2005,6,6,3,0,0,0,0,0,1,0
6985,2006,14,14,4,0,0,0,0,0,1,0
6985,2007,6,5,1,1,0,0,1,0,0,0
6990,1991,1,1,0,0,0,0,0,0,0,0
6990,1996,2,2,0,0,0,0,0,0,0,0
6990,1997,2,2,2,0,0,0,0,0,0,0
7014,1999,3,3,1,1,0,0,0,0,0,0
7014,2004,3,3,0,0,0,0,0,0,1,0
7019,2008,1,1,0,0,0,0,0,0,0,0
7021,1996,4,4,1,0,0,0,0,0,0,0
7021,1997,6,6,2,1,0,0,0,0,1,0
7021,1999,3,3,1,0,0,0,0,0,0,0
7033,2003,3,3,0,0,0,0,0,0,0,0
7034,2000,3,3,1,0,0,0,0,0,0,0
7034,2002,3,3,0,0,0,0,0,0,1,0
7034,2003,7,7,1,0,0,0,0,0,2,0
7034,2005,3,3,1,0,0,1,0,0,0,0
7042,2004,3,3,2,0,0,1,0,0,0,0
7042,2008,6,6,1,0,0,0,0,0,0,0
7046,1989,6,4,2,1,0,0,2,0,0,0
7046,1990,1,1,1,0,0,0,0,0,0,0
7046,1991,6,5,1,0,0,0,0,1,1,0
7046,1992,3,3,1,0,0,0,0,0,0,0
7046,1993,3,3,1,0,0,0,0,0,1,0
7046,1994,2,2,0,0,0,0,0,0,0,0
7046,1995,2,2,0,0,0,0,0,0,1,0
7048,2002,3,3,2,0,0,0,0,0,0,0
7048,2006,7,7,2,0,0,0,0,0,0,0
7048,2008,5,5,3,1,0,0,0,0,0,0
7060,2005,7,7,2,0,0,0,0,0,0,0
7060,2006,3,2,0,0,0,0,1,0,0,0
7060,2008,3,3,1,1,0,0,0,0,1,0
7095,1991,2,0,0,0,0,0,1,0,0,1
7095,1995,3,3,0,0,0,0,0,0,0,0
7095,1997,2,2,0,0,0,0,0,0,0,0
7095,1999,1,1,0,0,0,0,0,0,0,0
7095,2003,11,10,1,0,0,1,0,0,4,0
7127,2007,2,2,0,0,0,0,0,0,0,0
7129,1993,10,10,2,0,0,0,0,0,1,0
7129,1994,5,5,3,1,1,0,0,0,1,0
7129,1995,3,3,1,0,0,0,0,0,0,0
7129,2000,3,2,1,0,1,0,1,0,0,0
7129,2002,3,2,1,0,0,1,0,1,1,0
7129,2003,3,2,1,0,0,0,1,0,1,0
7129,2004,1,1,0,0,0,0,0,0,0,0
7168,2000,4,4,0,0,0,0,0,0,0,0
7192,1997,2,1,0,0,0,0,1,0,1,0
7193,2005,6,5,3,0,0,0,0,0,0,0
7193,2006,2,2,1,1,0,0,0,0,1,0
7193,2007,3,3,1,0,0,0,0,0,0,0
7193,2008,6,5,1,0,0,0,1,0,0,0
7198,1989,2,2,0,0,0,0,0,0,1,0
7204,2005,10,10,5,1,0,0,0,0,1,0
7213,1990,2,2,0,0,0,0,0,0,1,0
7213,1995,7,7,2,1,0,1,0,0,4,0
7224,1989,5,4,1,0,0,0,0,1,1,0
7224,1990,4,4,1,0,1,0,0,0,3,0
7224,1997,2,1,0,0,0,0,1,0,1,0
7224,1998,8,8,1,0,0,0,0,0,5,0
7224,1999,4,2,0,0,0,0,2,0,1,0
7224,2000,4,4,2,0,0,0,0,0,1,0
7224,2001,3,3,1,0,0,0,0,0,0,0
7237,1989,2,1,0,0,0,0,1,0,1,0
7237,1990,3,2,0,0,0,0,1,0,1,0
7237,1992,4,3,1,0,0,1,1,0,1,0
7237,1993,2,2,2,1,0,0,0,0,0,0
7237,1994,3,2,0,0,0,0,1,0,1,0
7237,1995,11,7,2,0,0,2,3,1,0,0
7237,1996,7,5,1,0,0,1,1,1,0,0
7237,1999,2,2,1,0,0,0,0,0,1,0
7264,1992,1,1,0,0,0,0,0,0,0,0
7264,1993,8,8,0,0,0,0,0,0,2,0
7264,1994,3,2,0,0,0,0,1,0,0,0
7264,1996,2,2,0,0,0,0,0,0,0,0
7264,1997,1,1,1,0,0,0,0,0,0,0
7264,1998,7,6,1,0,0,0,1,0,1,0
7264,2000,3,3,1,0,0,0,0,0,1,0
7269,2006,1,1,1,0,0,0,0,0,0,0
7289,2004,2,2,0,0,0,0,0,0,0,0
7293,1991,6,6,3,1,0,0,0,0,0,0
7293,1992,3,3,0,0,0,0,0,0,2,0
7293,1993,8,7,2,0,0,0,0,0,2,0
7293,1994,8,5,3,0,1,0,3,0,1,0
7296,1992,2,2,0,0,0,0,0,0,0,0
7296,1993,6,6,3,0,0,0,0,0,1,0
7309,1993,9,9,1,1,0,0,0,0,0,0
7309,1994,3,2,0,0,0,0,0,0,2,1
7309,1996,6,5,1,0,0,1,1,0,0,0
7309,1997,1,0,0,0,0,0,0,1,0,0
7309,1998,7,7,2,0,0,0,0,0,0,0
7309,1999,4,2,2,0,0,0,1,1,0,0
7317,1989,2,2,0,0,0,0,0,0,2,0
7350,2003,3,3,0,0,0,0,0,0,1,0
7359,1989,1,1,1,0,0,0,0,0,0,0
7359,1990,2,2,1,1,0,0,0,0,0,0
7359,1991,4,3,2,0,0,0,0,0,1,0
7359,1994,2,2,0,0,0,0,0,0,1,0
7362,2006,3,3,2,0,0,0,0,0,0,0
7362,2008,3,3,0,0,0,0,0,0,0,0
7376,2000,3,3,2,1,0,0,0,0,0,0
7376,2001,6,6,3,0,1,0,0,0,1,0
7376,2002,6,5,2,0,0,0,1,0,1,0
7376,2003,4,2,0,0,0,0,2,0,0,0
7376,2004,10,9,2,0,0,0,1,0,3,0
7376,2005,7,6,2,0,0,0,1,0,0,0
7384,1993,3,3,1,0,0,0,0,0,0,0
7384,1995,2,2,1,0,0,0,0,0,1,0
7388,1999,1,1,0,0,0,0,0,0,0,0
7394,1997,4,4,1,0,0,0,0,0,1,0
7399,2000,4,4,2,0,0,0,0,0,0,0
7399,2002,6,6,3,2,0,0,0,0,0,0
7399,2003,3,3,1,0,0,0,0,0,0,0
7399,2004,3,3,1,1,0,0,0,0,0,0
7399,2005,3,2,0,0,0,0,0,0,0,1
7399,2006,2,1,0,0,0,0,1,0,0,0
7406,1995,3,2,0,0,0,0,1,0,1,0
7416,2007,2,2,1,0,0,0,0,0,0,0
7416,2008,3,3,0,0,0,0,0,0,2,0
7420,1990,1,1,1,1,0,0,0,0,0,0
7420,1991,2,2,0,0,0,0,0,0,2,0
7420,1993,3,3,1,0,0,0,0,0,1,0
7430,1989,2,2,0,0,0,0,0,0,1,0
7439,2006,17,17,6,1,0,0,0,0,1,0
7439,2007,6,6,2,0,0,0,0,0,1,0
7445,1999,3,2,0,0,0,0,1,0,1,0
7445,2001,3,2,1,0,0,0,0,1,0,0
7445,2002,6,6,0,0,0,0,0,0,0,0
7445,2006,5,4,0,0,0,0,0,1,2,0
7446,1994,3,3,0,0,0,0,0,0,0,0
7446,1995,10,10,2,2,0,0,0,0,0,0
7446,1996,6,6,2,1,0,0,0,0,2,0
7446,1997,5,5,2,0,1,0,0,0,0,0
7446,1999,6,6,0,0,0,0,0,0,3,0
7453,2006,3,3,1,1,0,0,0,0,0,0
7453,2008,3,2,1,1,0,0,0,0,0,0
7472,1998,3,3,0,0,0,0,0,0,0,0
7472,2000,6,6,2,0,0,0,0,0,2,0
7472,2004,12,12,4,0,0,0,0,0,2,0
7492,2003,6,5,1,0,0,0,0,0,0,1
7492,2004,2,2,1,0,0,0,0,0,0,0
7492,2005,2,2,1,0,0,0,0,0,1,0
7492,2008,3,3,2,0,0,0,0,0,0,0
7505,1989,1,0,0,0,0,0,1,0,0,0
7505,1990,2,2,0,0,0,0,0,0,0,0
7505,1991,5,2,1,1,0,0,3,0,1,0
7505,1992,1,1,0,0,0,0,0,0,1,0
7505,1993,4,4,3,2,0,0,0,0,0,0
7534,2000,3,3,0,0,0,0,0,0,0,0
7542,1999,4,4,0,0,0,0,0,0,1,0
7542,2003,6,6,2,1,0,0,0,0,0,0
7560,1992,1,1,0,0,0,0,0,0,0,0
7560,1996,2,2,1,0,0,0,0,0,0,0
7561,1994,4,3,2,1,0,0,1,0,0,0
7830,2000,3,3,0,0,0,0,0,0,0,0
7830,2008,2,2,0,0,0,0,0,0,1,0
7838,2002,8,7,0,0,0,0,1,0,1,0
7840,2000,11,10,1,0,0,1,0,0,1,0
7840,2001,3,3,1,1,0,0,0,0,1,0
7840,2002,7,6,2,1,0,0,0,0,0,0
7840,2003,6,6,2,0,0,2,0,0,0,0
7840,2004,5,5,0,0,0,0,0,0,0,0
7840,2005,8,7,4,0,0,1,1,0,0,0
7840,2006,2,2,1,1,0,0,0,0,0,0
7840,2008,3,2,1,0,0,0,0,0,0,1
7845,2004,5,5,3,0,1,0,0,0,0,0
7845,2005,2,2,2,0,0,0,0,0,0,0
7845,2006,5,5,0,0,0,0,0,0,0,0
7846,1989,2,2,1,0,0,0,0,0,0,0
7846,1991,6,5,1,0,0,0,1,0,0,0
7846,1992,1,0,0,0,0,0,1,0,0,0
7846,1993,10,8,2,0,0,1,2,0,1,0
7846,1994,11,9,5,0,0,1,2,0,0,0
7846,1995,4,3,2,0,0,1,1,0,0,0
7846,1996,9,9,4,0,0,0,0,0,0,0
7846,1997,2,1,0,0,0,0,0,0,0,1
7846,1998,8,8,2,0,0,0,0,0,0,0
7847,2006,3,1,0,0,0,0,0,1,0,0
7847,2008,3,3,2,1,0,0,0,0,0,0
7859,1998,3,3,1,0,0,0,0,0,0,0
7859,1999,6,5,3,0,0,0,1,0,0,0
7859,2000,4,4,2,0,0,0,0,0,0,0
7859,2001,4,2,0,0,0,0,2,0,1,0
7859,2002,12,11,3,0,0,1,1,0,2,0
7865,2003,4,4,2,0,0,1,0,0,1,0
7865,2004,6,6,0,0,0,0,0,0,1,0
7865,2005,3,3,1,0,0,0,0,0,0,0
7865,2008,6,5,1,0,0,0,1,0,0,0
7949,1997,4,4,1,0,0,0,0,0,0,0
7950,2000,4,4,1,0,0,0,0,0,0,0
7950,2001,2,1,0,0,0,0,1,0,0,0
7950,2002,6,6,2,0,0,0,0,0,1,0
7950,2004,6,5,3,0,0,1,1,0,2,0
7950,2005,4,3,0,0,0,0,1,0,0,0
7950,2008,3,3,2,1,0,1,0,0,0,0
7955,1997,2,2,0,0,0,0,0,0,0,0
7955,2004,1,0,0,0,0,0,1,0,0,0
7967,1989,2,2,1,0,0,0,0,0,0,0
7991,1989,1,1,1,0,0,0,0,0,0,0
7992,2004,3,2,0,0,0,0,1,0,1,0
7992,2005,6,5,0,0,0,0,1,0,1,0
7992,2006,6,5,1,0,0,0,1,0,4,0
7992,2008,6,6,4,1,0,0,0,0,0,0
8003,1998,3,2,1,0,0,0,1,0,1,0
8003,2000,2,2,1,0,0,0,0,0,1,0
8011,1999,5,5,0,0,0,0,0,0,3,0
8011,2003,1,1,1,0,0,0,0,0,0,0
8012,2005,9,9,0,0,0,0,0,0,2,0
8024,1989,5,5,2,0,0,0,0,0,0,0
8024,1990,2,1,1,0,0,0,1,0,0,0
8026,1989,4,4,1,0,0,0,0,0,1,0
8026,1990,5,4,0,0,0,0,0,1,0,0
8026,1991,1,1,0,0,0,0,0,0,1,0
8048,1995,10,10,5,1,0,0,0,0,0,0
8048,1996,7,7,2,1,0,0,0,0,0,0
8048,1997,6,5,2,0,0,0,1,0,1,0
8055,1998,1,1,0,0,0,0,0,0,1,0
8055,1999,7,5,0,0,0,0,0,1,1,0
8055,2003,3,3,1,1,0,0,0,0,0,0
8055,2005,2,2,1,0,0,0,0,0,0,0
8067,1989,1,1,0,0,0,0,0,0,0,0
8067,1991,1,1,0,0,0,0,0,0,0,0
8085,1991,1,1,0,0,0,0,0,0,1,0
8085,1992,2,2,2,0,0,0,0,0,0,0
8085,1993,9,9,3,0,0,0,0,0,2,0
8085,1994,5,4,2,1,0,1,1,0,1,0
8085,1995,9,7,1,0,0,0,2,0,2,0
8085,1996,4,4,1,0,0,0,0,0,0,0
8090,2003,6,6,2,1,0,0,0,0,2,0
8106,2008,2,2,1,0,0,0,0,0,0,0
8117,2001,3,3,1,0,0,0,0,0,0,0
8121,1994,4,4,0,0,0,0,0,0,0,0
8121,1996,7,6,2,0,0,2,1,0,1,0
8121,1997,3,3,1,0,0,0,0,0,0,0
8129,2006,3,3,0,0,0,0,0,0,0,0
8144,1991,2,2,0,0,0,0,0,0,2,0
8144,1995,6,5,0,0,0,0,1,0,3,0
8144,2002,2,1,0,0,0,0,1,0,0,0
8156,2003,3,2,0,0,0,0,1,0,1,0
8157,1991,5,5,0,0,0,0,0,0,2,0
8157,1993,3,2,0,0,0,0,1,0,0,0
8157,1994,7,6,2,1,0,0,0,0,1,0
8157,1995,7,6,1,0,0,1,1,0,1,0
8157,1996,6,5,2,1,0,0,1,0,1,0
8157,1997,2,1,0,0,0,0,1,0,0,0
8169,2008,3,2,1,0,0,0,0,1,0,0
8189,2006,3,1,0,0,0,0,2,0,0,0
8207,1993,4,4,0,0,0,0,0,0,1,0
8207,1994,3,3,3,0,0,2,0,0,0,0
8248,1995,3,3,0,0,0,0,0,0,3,0
8248,1996,4,4,1,0,0,0,0,0,0,0
8248,1997,4,4,3,1,1,1,0,0,0,0
8248,1998,6,5,0,0,0,0,1,0,1,0
8248,1999,3,1,0,0,0,0,2,0,1,0
8248,2000,3,3,1,1,0,0,0,0,1,0
8248,2006,6,5,1,0,0,0,1,0,0,0
8254,1996,3,2,0,0,0,0,1,0,2,0
8254,1997,5,4,1,0,0,0,1,0,3,0
8255,2004,7,7,3,0,1,0,0,0,0,0
8257,1989,3,2,1,0,0,0,0,0,0,0
8257,1990,1,1,0,0,0,0,0,0,1,0
8257,1991,1,1,0,0,0,0,0,0,0,0
8265,1997,1,1,0,0,0,0,0,0,1,0
8274,2000,3,3,2,2,0,0,0,0,0,0
8300,2002,2,1,1,0,0,0,1,0,0,0
8301,1996,3,3,1,0,0,0,0,0,0,0
8304,1994,3,3,1,0,0,1,0,0,0,0
8304,1995,1,1,0,0,0,0,0,0,0,0
8304,1996,6,6,3,0,0,0,0,0,1,0
8304,1997,7,6,2,0,0,0,1,0,3,0
8318,1994,8,8,1,0,0,0,0,0,1,0
8318,1996,2,2,1,0,0,0,0,0,0,0
8318,1997,4,3,1,1,0,0,1,0,1,0
8318,1998,9,8,0,0,0,0,0,0,2,0
8320,2002,3,3,0,0,0,0,0,0,1,0
8320,2006,3,3,0,0,0,0,0,0,0,0
8329,1989,2,1,0,0,0,0,1,0,1,0
8329,1991,2,2,0,0,0,0,0,0,0,0
8329,1992,4,4,0,0,0,0,0,0,2,0
8352,1995,4,3,1,0,0,0,1,0,0,0
8361,2001,1,1,1,0,0,0,0,0,0,0
8361,2003,1,1,0,0,0,0,0,0,0,0
8361,2004,6,6,3,0,0,1,0,0,1,0
8374,2006,1,1,0,0,0,0,0,0,0,0
8375,1999,3,3,0,0,0,0,0,0,1,0
8375,2004,3,3,1,0,0,0,0,0,0,0
8403,1993,6,5,1,0,0,0,1,0,1,0
8406,1992,1,1,1,0,0,0,0,0,0,0
8412,1990,2,2,0,0,0,0,0,0,0,0
8412,1996,2,1,0,0,0,0,0,1,0,0
8412,1998,3,2,2,0,0,0,0,0,0,1
8412,1999,3,2,0,0,0,0,0,0,0,0
8414,1989,5,4,0,0,0,0,1,0,1,0
8414,1990,5,5,0,0,0,0,0,0,0,0
8414,1991,6,4,0,0,0,0,1,0,1,1
8414,1992,2,2,1,0,0,0,0,0,1,0
8418,1998,3,2,1,0,1,0,1,0,0,0
8418,1999,3,3,1,0,0,0,0,0,0,0
8418,2002,2,2,1,0,0,0,0,0,0,0
8435,1996,3,3,0,0,0,0,0,0,1,0
8435,1997,9,7,2,1,0,0,2,0,0,0
8435,1998,9,9,4,0,1,0,0,0,0,0
8435,1999,4,3,1,0,0,0,1,0,0,0
8435,2000,9,8,0,0,0,0,1,0,2,0
8435,2002,3,3,0,0,0,0,0,0,1,0
8460,2005,3,3,0,0,0,0,0,0,0,0
8467,1995,3,3,0,0,0,0,0,0,1,0
8467,1998,12,8,2,0,0,0,4,0,2,0
8467,1999,4,4,1,0,0,0,0,0,1,0
8467,2000,11,10,3,0,1,0,0,1,2,0
8468,1990,2,1,1,1,0,0,1,0,0,0
8468,1991,6,5,0,0,0,0,0,0,2,0
8468,1992,4,3,0,0,0,0,1,0,1,0
8468,1993,9,7,1,1,0,0,1,1,1,0
8468,1994,3,3,0,0,0,0,0,0,1,0
8468,1995,2,2,0,0,0,0,0,0,1,0
8468,2000,3,3,1,1,0,0,0,0,1,0
8468,2001,3,2,1,0,0,0,1,0,1,0
8468,2002,13,11,2,0,0,0,2,0,4,0
8482,1995,10,10,2,0,0,0,0,0,3,0
8482,1998,2,2,1,0,0,0,0,0,0,0
8482,1999,2,2,0,0,0,0,0,0,0,0
8482,2000,3,3,0,0,0,0,0,0,1,0
8486,2005,3,3,0,0,0,0,0,0,0,0
8486,2008,6,6,2,2,0,0,0,0,1,0
8514,1993,3,3,1,0,0,0,0,0,0,0
8514,1995,5,3,1,0,0,0,2,0,1,0
8514,1998,4,3,0,0,0,0,1,0,0,0
8514,2000,12,11,7,2,0,0,1,0,0,0
8520,2000,3,3,0,0,0,0,0,0,0,0
8521,1998,6,5,1,1,0,0,0,1,0,0
8521,2000,5,4,0,0,0,0,1,0,0,0
8521,2001,6,6,2,1,0,1,0,0,1,0
8521,2003,3,3,1,0,0,0,0,0,0,0
8521,2004,3,3,1,0,0,0,0,0,0,0
8522,2003,3,3,0,0,0,0,0,0,0,0
8534,1989,1,1,0,0,0,0,0,0,1,0
8534,1990,3,2,1,0,0,0,0,0,1,0
8534,1991,1,1,0,0,0,0,0,0,0,0
8534,1992,2,2,1,0,0,0,0,0,0,0
8544,1998,4,2,0,0,0,0,2,0,0,0
8544,2000,3,3,1,1,0,0,0,0,0,0
8544,2002,3,3,0,0,0,0,0,0,1,0
8544,2003,6,6,2,1,0,0,0,0,3,0
8544,2005,3,3,1,0,0,0,0,0,1,0
8544,2006,3,2,0,0,0,0,1,0,1,0
8544,2008,3,2,0,0,0,0,1,0,0,0
8547,1990,1,1,1,0,0,0,0,0,0,0
8547,1993,5,4,1,1,0,0,0,0,0,0
8549,2001,3,3,0,0,0,0,0,0,1,0
8553,1993,3,3,2,0,0,0,0,0,0,0
8553,1994,4,4,1,1,0,0,0,0,2,0
8559,1990,1,1,0,0,0,0,0,0,1,0
8567,1999,3,3,0,0,0,0,0,0,1,0
8583,1999,3,3,1,0,0,0,0,0,0,0
8601,2007,3,3,1,0,0,0,0,0,1,0
8601,2008,3,3,0,0,0,0,0,0,1,0
8607,1999,4,3,0,0,0,0,1,0,1,0
8607,2000,3,3,1,0,0,0,0,0,0,0
8607,2003,7,6,2,1,0,0,0,0,1,0
8612,2007,3,2,0,0,0,0,1,0,0,0
8616,1993,4,4,1,0,0,0,0,0,0,0
8616,1994,7,6,0,0,0,0,1,0,0,0
8616,1995,5,4,0,0,0,0,1,0,1,0
8624,2006,9,8,1,0,0,0,1,0,1,0
8651,1989,1,1,0,0,0,0,0,0,1,0
8668,1996,5,5,1,0,0,1,0,0,3,0
8668,1997,5,3,1,0,0,0,1,0,0,1
8668,1998,9,9,2,1,0,0,0,0,2,0
8668,2000,8,7,0,0,0,0,1,0,1,0
8668,2001,3,2,1,0,0,0,1,0,0,0
8668,2003,4,4,1,0,0,0,0,0,1,0
8673,1997,1,1,0,0,0,0,0,0,0,0
8674,1994,3,3,1,0,0,1,0,0,2,0
8674,1995,4,3,2,0,0,0,1,0,0,0
8674,1996,14,12,2,0,0,0,2,0,3,0
8674,1997,10,8,1,0,0,1,2,0,1,0
8674,1998,8,8,2,0,0,2,0,0,1,0
8674,1999,7,6,3,1,0,0,0,0,0,1
8674,2003,6,4,0,0,0,0,2,0,0,0
8674,2004,3,1,1,0,0,0,2,0,0,0
8674,2005,3,3,2,0,0,0,0,0,0,0
8688,1993,7,6,1,0,0,1,1,0,1,0
8688,1994,3,3,0,0,0,0,0,0,3,0
8688,1995,5,5,0,0,0,0,0,0,2,0
8688,1996,3,3,2,0,0,0,0,0,1,0
8688,1997,4,4,0,0,0,0,0,0,1,0
8688,1999,2,1,0,0,0,0,0,0,0,1
8688,2002,3,3,2,0,0,0,0,0,0,0
8696,1993,4,4,1,0,0,0,0,0,1,0
8696,1996,3,3,0,0,0,0,0,0,0,0
8706,1989,3,3,1,0,0,0,0,0,0,0
8706,1990,2,2,1,0,0,0,0,0,0,0
8706,1991,2,2,2,0,0,1,0,0,0,0
8727,1989,1,1,1,1,0,0,0,0,0,0
8727,1990,2,2,1,0,0,0,0,0,0,0
8727,1991,3,3,0,0,0,0,0,0,1,0
8727,1992,1,1,0,0,0,0,0,0,1,0
8727,1995,2,1,0,0,0,0,1,0,1,0
8743,1991,3,1,0,0,0,0,2,0,0,0
8743,1992,1,1,0,0,0,0,0,0,0,0
8780,2001,3,3,0,0,0,0,0,0,0,0
8780,2006,3,2,0,0,0,0,0,0,0,1
8782,2006,2,2,1,1,0,0,0,0,0,0
8795,2003,4,4,0,0,0,0,0,0,0,0
8795,2005,12,11,7,2,0,1,1,0,0,0
8795,2006,6,6,0,0,0,0,0,0,0,0
8795,2008,3,3,2,0,0,0,0,0,0,0
8807,2003,2,1,0,0,0,0,0,0,0,0
8808,1990,1,1,0,0,0,0,0,0,0,0
8808,1991,3,2,0,0,0,0,1,0,0,0
8811,1989,1,1,1,0,0,0,0,0,0,0
8812,2008,3,3,2,0,0,0,0,0,0,0
8829,1997,2,2,0,0,0,0,0,0,0,0
8831,1999,3,3,1,0,0,0,0,0,1,0
8835,2002,4,4,1,0,0,0,0,0,2,0
8835,2003,8,6,1,1,0,0,1,0,4,0
8835,2004,6,6,0,0,0,0,0,0,3,0
8835,2008,2,1,0,0,0,0,1,0,1,0
8850,1990,1,1,1,0,0,0,0,0,0,0
8850,1991,6,6,3,0,0,0,0,0,0,0
8850,1992,2,2,2,2,0,0,0,0,0,0
8850,1993,3,2,0,0,0,0,0,0,0,0
8850,1996,2,1,0,0,0,0,1,0,0,0
8851,2007,6,6,1,0,0,0,0,0,2,0
8851,2008,4,4,2,0,0,0,0,0,0,0
8853,2004,3,3,1,0,0,0,0,0,1,0
8857,1998,3,3,2,0,0,0,0,0,0,0
8872,2003,8,7,3,0,0,1,0,1,0,0
8872,2005,6,6,2,0,0,1,0,0,3,0
8872,2006,17,16,3,1,0,0,1,0,5,0
8872,2007,6,3,1,0,0,1,3,0,1,0
8872,2008,6,6,2,1,0,0,0,0,0,0
8888,2006,3,2,0,0,0,0,1,0,0,0
8897,1993,3,3,1,0,0,0,0,0,1,0
8897,1995,4,3,1,0,0,1,1,0,0,0
8897,2004,4,3,0,0,0,0,1,0,1,0
8897,2005,6,4,2,0,0,0,2,0,0,0
8897,2006,12,11,2,0,0,0,1,0,1,0
8898,2003,4,4,3,1,0,0,0,0,0,0
8917,1998,3,3,1,0,0,0,0,0,0,0
8917,1999,4,3,0,0,0,0,0,1,0,0
8917,2000,2,2,0,0,0,0,0,0,0,0
8917,2001,4,4,0,0,0,0,0,0,0,0
8917,2002,4,4,1,0,0,0,0,0,1,0
8921,1994,3,3,0,0,0,0,0,0,1,0
8921,1996,2,2,0,0,0,0,0,0,0,0
8927,1992,1,1,0,0,0,0,0,0,0,0
8928,1996,1,1,0,0,0,0,0,0,0,0
8928,2006,3,3,0,0,0,0,0,0,1,0
8945,2000,1,1,0,0,0,0,0,0,1,0
8946,1990,2,2,1,0,0,0,0,0,0,0
8948,1995,3,3,2,0,0,1,0,0,1,0
8948,1999,3,3,2,0,0,0,0,0,0,0
8948,2000,2,1,0,0,0,0,0,0,0,1
8948,2001,6,6,3,0,0,1,0,0,2,0
8954,1999,1,1,0,0,0,0,0,0,1,0
8973,1999,1,1,0,0,0,0,0,0,0,0
8984,2001,3,2,0,0,0,0,1,0,0,0
8984,2003,2,2,0,0,0,0,0,0,0,0
8994,1989,2,2,1,0,0,0,0,0,1,0
8994,1992,1,1,0,0,0,0,0,0,1,0
9006,2002,4,4,1,0,0,0,0,0,0,0
9006,2003,6,5,1,0,0,0,0,1,1,0
9006,2004,5,2,1,0,0,0,3,0,0,0
9006,2005,3,2,0,0,0,0,0,1,1,0
9012,2003,8,7,1,1,0,0,0,0,1,0
9023,2006,2,2,2,0,0,0,0,0,0,0
9026,2006,3,3,1,0,0,0,0,0,0,0
9027,1989,1,1,0,0,0,0,0,0,1,0
9027,1990,6,2,1,0,1,0,3,0,0,0
9027,1991,2,2,1,0,0,0,0,0,0,0
9027,1992,3,3,1,0,0,0,0,0,0,0
9027,1993,10,9,3,1,0,0,1,0,2,0
9027,1994,11,9,2,1,0,0,2,0,0,0
9027,1995,16,14,2,1,0,0,2,0,0,0
9027,1996,8,5,3,0,0,0,3,0,0,0
9027,1997,4,3,1,0,0,0,0,0,0,0
9034,2000,2,1,0,0,0,0,1,0,1,0
9034,2001,6,6,2,1,0,0,0,0,0,0
9034,2003,8,8,2,1,0,0,0,0,2,0
9046,2001,3,3,0,0,0,0,0,0,1,0
9046,2006,6,6,1,1,0,0,0,0,1,0
9046,2008,2,2,0,0,0,0,0,0,0,0
9051,2001,4,4,1,0,0,0,0,0,0,0
9051,2004,3,3,1,0,0,0,0,0,1,0
9051,2005,3,3,1,0,0,0,0,0,0,0
9051,2006,4,3,0,0,0,0,0,1,0,0
9082,1995,3,3,1,0,0,0,0,0,0,0
9097,1992,1,1,1,0,0,0,0,0,0,0
9114,2003,6,6,2,0,1,0,0,0,0,0
9114,2006,6,6,0,0,0,0,0,0,2,0
9114,2007,6,6,1,0,1,0,0,0,1,0
9124,1990,1,1,0,0,0,0,0,0,0,0
9128,1989,2,2,0,0,0,0,0,0,0,0
9128,1990,2,2,0,0,0,0,0,0,2,0
9128,1991,5,4,0,0,0,0,1,0,0,0
9128,1992,6,6,0,0,0,0,0,0,1,0
9146,2000,3,3,0,0,0,0,0,0,1,0
9154,2000,10,9,5,0,1,1,0,0,0,1
9154,2002,5,4,3,1,0,1,1,0,0,0
9154,2004,3,3,0,0,0,0,0,0,0,0
9168,1991,2,2,1,1,0,0,0,0,0,0
9202,1996,1,1,1,0,0,0,0,0,0,0
9213,2002,9,7,3,1,1,0,1,1,1,0
9214,2006,1,1,0,0,0,0,0,0,0,0
9225,1989,2,1,1,1,0,0,1,0,0,0
9225,1992,2,2,1,0,0,0,0,0,1,0
9225,1993,10,8,4,1,0,2,2,0,0,0
9225,1994,7,7,3,1,0,0,0,0,2,0
9225,1995,9,9,0,0,0,0,0,0,0,0
9233,2006,3,2,1,0,0,0,1,0,0,0
9239,1991,1,1,0,0,0,0,0,0,1,0
9239,1992,1,0,0,0,0,0,1,0,0,0
9241,2005,3,3,1,0,0,0,0,0,1,0
9241,2006,4,4,1,0,0,0,0,0,1,0
9241,2008,6,6,3,1,0,0,0,0,0,0
9260,2008,5,4,0,0,0,0,0,1,0,0
9267,1991,7,5,2,1,0,0,2,0,0,0
9272,2000,6,6,2,0,0,0,0,0,1,0
9272,2002,3,3,0,0,0,0,0,0,0,0
9275,2003,3,3,2,0,0,0,0,0,0,0
9275,2004,3,3,1,1,0,0,0,0,0,0
9275,2005,2,2,0,0,0,0,0,0,0,0
9275,2006,6,6,0,0,0,0,0,0,1,0
9275,2008,2,2,1,0,0,0,0,0,0,0
9280,2004,3,3,1,0,0,0,0,0,0,0
9281,1991,1,1,0,0,0,0,0,0,1,0
9281,1992,1,1,0,0,0,0,0,0,0,0
9306,1991,4,3,1,0,0,0,0,0,0,0
9306,1992,4,2,0,0,0,0,2,0,0,0
9306,1994,3,3,0,0,0,0,0,0,0,0
9306,1995,4,3,0,0,0,0,1,0,1,0
9306,1998,4,4,3,0,0,0,0,0,0,0
9307,2004,3,3,0,0,0,0,0,0,0,0
9317,1999,4,4,1,0,0,0,0,0,1,0
9317,2002,3,3,1,0,0,0,0,0,0,0
9317,2006,3,2,1,0,0,1,1,0,0,0
9318,1999,3,3,1,0,0,1,0,0,1,0
9319,2008,6,5,1,0,0,0,1,0,1,0
9333,2001,5,4,1,0,0,0,1,0,2,0
9338,1993,4,4,0,0,0,0,0,0,1,0
9338,1994,4,4,1,0,0,0,0,0,0,0
9338,1995,3,3,1,1,0,0,0,0,0,0
9338,1996,5,4,1,1,0,0,1,0,1,0
9338,1997,7,6,2,1,0,0,1,0,1,0
9338,1998,9,8,2,0,0,0,0,0,3,1
9338,1999,6,6,1,0,0,0,0,0,1,0
9338,2000,4,4,1,0,0,0,0,0,2,0
9338,2002,7,6,2,0,0,0,1,0,3,0
9338,2003,6,6,4,2,0,0,0,0,0,0
9338,2004,2,2,2,1,0,1,0,0,0,0
9338,2005,3,2,1,0,0,1,1,0,1,0
9338,2006,3,3,1,0,0,0,0,0,2,0
9338,2008,3,3,1,0,1,0,0,0,1,0
9377,1995,3,3,1,0,0,0,0,0,1,0
9377,1996,3,3,1,0,0,0,0,0,1,0
9377,1998,6,5,1,1,0,0,1,0,1,0
9377,1999,3,2,0,0,0,0,0,0,0,1
9377,2000,6,6,1,0,0,0,0,0,0,0
9377,2002,4,4,1,0,0,0,0,0,0,0
9377,2003,16,16,5,2,0,1,0,0,1,0
9377,2004,6,5,2,0,0,0,0,1,0,0
9381,1990,2,1,0,0,0,0,0,0,0,0
9381,1991,4,3,0,0,0,0,1,0,0,0
9387,1997,1,1,0,0,0,0,0,0,0,0
9415,1989,2,2,1,0,0,0,0,0,0,0
9415,1990,5,5,2,1,0,0,0,0,1,0
9426,1992,3,3,1,0,0,0,0,0,1,0
9434,1993,3,3,1,0,0,0,0,0,1,0
9434,1994,2,2,0,0,0,0,0,0,1,0
9434,1995,11,11,5,1,0,0,0,0,1,0
9434,1996,6,5,0,0,0,0,1,0,0,0
9434,1997,2,2,0,0,0,0,0,0,0,0
9434,1999,2,2,1,0,0,0,0,0,0,0
9441,2004,3,3,1,0,0,0,0,0,0,0
9441,2005,5,5,1,1,0,0,0,0,0,0
9441,2006,6,6,4,1,0,0,0,0,0,0
9441,2008,4,4,0,0,0,0,0,0,0,0
9444,2004,4,3,0,0,0,0,0,0,0,0
9454,1992,1,1,0,0,0,0,0,0,0,0
9460,1989,2,1,0,0,0,0,1,0,0,0
9460,1990,4,4,1,0,0,0,0,0,0,0
9460,1991,8,7,1,0,0,0,1,0,0,0
9460,1992,2,2,1,0,0,0,0,0,0,0
9460,1994,3,3,2,0,0,0,0,0,0,0
9461,2005,2,0,0,0,0,0,2,0,0,0
9470,2002,2,2,0,0,0,0,0,0,0,0
9470,2004,1,1,0,0,0,0,0,0,1,0
9483,1993,3,3,1,1,0,0,0,0,0,0
9494,1999,3,3,1,1,0,0,0,0,0,0
9494,2002,10,10,0,0,0,0,0,0,1,0
9494,2003,9,8,2,1,0,0,1,0,0,0
9507,1997,2,1,0,0,0,0,1,0,0,0
9507,1999,2,1,1,1,0,0,1,0,0,0
9507,2005,3,3,1,0,0,0,0,0,1,0
9507,2007,2,2,1,0,0,0,0,0,0,0
9540,2000,3,3,0,0,0,0,0,0,2,0
9547,1989,1,1,0,0,0,0,0,0,0,0
9547,1990,4,3,1,1,0,0,0,0,0,1
9547,1991,9,9,4,1,0,0,0,0,1,0
9547,1992,2,2,1,0,0,0,0,0,0,0
9547,1993,9,9,1,0,0,0,0,0,0,0
9547,1994,1,1,0,0,0,0,0,0,1,0
9554,1999,2,2,0,0,0,0,0,0,1,0
9575,2001,3,3,0,0,0,0,0,0,2,0
9577,2007,5,5,3,0,0,1,0,0,1,0
9583,1993,1,1,0,0,0,0,0,0,0,0
9609,2004,3,3,0,0,0,0,0,0,0,0
9611,2008,2,1,0,0,0,0,1,0,1,0
9624,2001,3,2,0,0,0,0,1,0,0,0
9625,2004,9,9,6,1,0,0,0,0,0,0
9625,2005,6,6,1,1,0,0,0,0,2,0
9625,2006,3,3,2,1,0,0,0,0,0,0
9625,2007,3,2,0,0,0,0,0,0,0,1
9625,2008,6,5,1,0,0,0,1,0,0,0
9630,1990,4,4,1,0,0,0,0,0,0,0
9630,1991,4,3,2,0,0,0,0,0,0,0
9630,1992,1,1,0,0,0,0,0,0,0,0
9630,1996,3,3,1,0,0,0,0,0,0,0
9630,1997,3,3,2,0,0,0,0,0,0,0
9631,1989,3,3,0,0,0,0,0,0,0,0
9631,1990,2,1,0,0,0,0,1,0,0,0
9631,1991,6,6,3,0,1,0,0,0,2,0
9631,1992,1,1,0,0,0,0,0,0,0,0
9631,1993,10,10,3,0,0,1,0,0,2,0
9631,1994,3,2,0,0,0,0,1,0,0,0
9631,1995,3,3,1,0,0,0,0,0,0,0
9631,1996,11,11,3,0,0,0,0,0,0,0
9631,1997,9,8,3,0,0,1,0,1,0,0
9631,1998,7,5,1,0,0,0,2,0,2,0
9631,2000,6,6,0,0,0,0,0,0,1,0
9631,2001,2,2,0,0,0,0,0,0,0,0
9637,1999,2,2,0,0,0,0,0,0,0,0
9644,2002,3,1,0,0,0,0,1,0,1,0
9644,2004,3,3,2,1,0,0,0,0,0,0
9644,2005,3,3,0,0,0,0,0,0,0,0
9654,2005,8,8,4,0,0,1,0,0,0,0
9654,2006,3,3,2,0,0,0,0,0,0,0
9654,2008,1,1,1,1,0,0,0,0,0,0
9656,1989,1,1,0,0,0,0,0,0,1,0
9656,1990,3,3,1,1,0,0,0,0,0,0
9656,1991,7,7,4,2,1,0,0,0,1,0
9656,1992,1,1,1,0,0,0,0,0,0,0
9662,1998,3,3,0,0,0,0,0,0,2,0
9662,1999,3,3,0,0,0,0,0,0,1,0
9662,2000,3,3,2,1,0,0,0,0,0,0
9682,1996,3,3,2,0,0,0,0,0,0,0
9682,1997,3,3,0,0,0,0,0,0,0,0
9683,2003,7,7,3,1,0,0,0,0,0,0
9683,2004,3,2,0,0,0,0,0,0,1,0
9683,2005,4,4,0,0,0,0,0,0,1,0
9683,2008,4,3,1,1,0,0,1,0,0,0
9763,1996,5,5,3,1,0,1,0,0,1,0
9763,1997,7,7,3,0,0,1,0,0,1,0
9763,2000,3,2,1,1,0,0,1,0,0,0
9763,2003,6,3,2,0,0,2,3,0,0,0
9763,2004,3,2,1,0,0,1,1,0,0,0
9767,1994,7,6,1,1,0,0,1,0,0,0
9790,1996,7,7,2,1,0,0,0,0,0,0
9790,1997,4,4,1,0,0,0,0,0,0,0
9790,1998,8,8,3,0,0,1,0,0,1,0
9790,1999,7,7,1,0,0,0,0,0,0,0
9790,2004,9,7,1,0,0,0,2,0,2,0
9790,2005,3,3,0,0,0,0,0,0,2,0
9801,2006,3,3,0,0,0,0,0,0,1,0
9817,1995,3,3,1,0,0,0,0,0,1,0
9818,2008,4,4,1,0,0,0,0,0,2,0
9863,1997,3,3,1,0,0,0,0,0,0,0
9863,2006,3,0,0,0,0,0,1,0,0,2
9867,2001,3,3,2,0,0,0,0,0,0,0
9867,2004,5,5,0,0,0,0,0,0,2,0
9884,1989,2,1,0,0,0,0,0,0,0,0
9884,1990,2,2,1,0,0,0,0,0,0,0
9899,1990,3,3,3,0,0,1,0,0,0,0
9899,1991,5,5,1,1,0,0,0,0,0,0
9921,1999,1,1,0,0,0,0,0,0,0,0
9942,1990,2,2,0,0,0,0,0,0,0,0
9965,1992,1,1,1,1,0,0,0,0,0,0
9976,2002,3,3,0,0,0,0,0,0,0,0
9976,2004,6,6,3,0,0,0,0,0,2,0
9976,2008,3,3,0,0,0,0,0,0,0,0
9983,1994,3,3,2,0,0,1,0,0,0,0
10051,2008,3,3,2,0,0,0,0,0,0,0
10073,1994,2,2,1,0,0,0,0,0,1,0
10082,1998,5,4,2,0,1,0,0,0,0,1
10082,2002,3,3,0,0,0,0,0,0,1,0
10082,2003,4,3,0,0,0,0,1,0,0,0
10092,2000,11,11,4,0,0,0,0,0,1,0
10092,2001,6,5,0,0,0,0,0,0,3,1
10115,1993,8,7,3,1,1,0,1,0,1,0
10115,1994,4,4,0,0,0,0,0,0,1,0
10115,1995,14,13,7,0,0,3,1,0,0,0
10115,1996,13,10,1,0,0,1,3,0,3,0
10115,1997,6,5,0,0,0,0,1,0,1,0
10115,1998,11,9,2,0,0,0,1,0,2,1
10115,1999,3,3,0,0,0,0,0,0,1,0
10115,2000,10,7,2,0,0,1,3,0,0,0
10115,2001,9,7,1,0,0,0,2,0,1,0
10115,2002,9,8,0,0,0,0,1,0,2,0
10115,2003,7,4,1,1,0,0,2,0,0,1
10115,2004,3,2,0,0,0,0,0,1,0,0
10115,2006,3,3,2,0,0,1,0,0,1,0
10129,1994,9,9,1,0,0,1,0,0,2,0
10129,1995,3,2,0,0,0,0,1,0,0,0
10129,1996,2,2,0,0,0,0,0,0,1,0
10135,2003,4,4,1,1,0,0,0,0,2,0
10135,2004,7,5,3,0,0,1,1,0,0,0
10137,2006,3,3,1,0,0,0,0,0,0,0
10156,2008,2,1,0,0,0,0,0,0,0,0
10161,1998,1,1,0,0,0,0,0,0,0,0
10161,2000,3,2,0,0,0,0,0,0,1,0
10161,2004,3,3,1,0,0,0,0,0,0,0
10167,1999,3,3,0,0,0,0,0,0,1,0
10167,2001,3,2,0,0,0,0,1,0,0,0
10171,1990,2,2,0,0,0,0,0,0,1,0
10176,2002,6,6,2,0,0,0,0,0,1,0
10185,1999,3,2,0,0,0,0,1,0,0,0
10185,2006,7,7,2,0,0,1,0,0,1,0
10185,2007,3,3,0,0,0,0,0,0,1,0
10199,2003,3,3,1,0,0,0,0,0,2,0
10203,1997,3,3,1,0,0,0,0,0,0,0
10203,2001,3,2,0,0,0,0,0,0,0,1
10203,2004,6,5,1,0,0,0,1,0,0,0
10211,1999,16,13,6,4,0,1,3,0,1,0
10224,2003,7,7,1,0,0,0,0,0,1,0
10262,1989,1,0,0,0,0,0,1,0,0,0
10262,1990,4,3,1,0,0,0,1,0,0,0
10262,1991,3,2,1,0,0,0,1,0,0,0
10262,1992,1,1,1,0,0,0,0,0,0,0
10271,1999,3,3,1,0,0,0,0,0,0,0
10275,1991,2,1,0,0,0,0,1,0,0,0
10313,1999,2,2,1,0,0,0,0,0,0,0
10324,1990,4,4,0,0,0,0,0,0,1,0
10324,1991,3,2,0,0,0,0,0,0,0,0
10324,1993,3,2,0,0,0,0,1,0,0,0
10324,1994,10,10,1,0,0,0,0,0,4,0
10358,1989,2,2,0,0,0,0,0,0,0,0
10358,1990,4,4,0,0,0,0,0,0,1,0
10401,2004,12,12,4,1,1,0,0,0,1,0
10401,2005,5,4,1,1,0,0,1,0,1,0
10401,2006,3,3,1,0,0,1,0,0,0,0
10401,2008,7,6,0,0,0,0,1,0,1,0
10428,1990,1,1,1,1,0,0,0,0,0,0
10428,1991,1,1,0,0,0,0,0,0,0,0
10428,1993,7,7,3,1,0,0,0,0,1,0
10428,1999,3,3,1,0,0,0,0,0,1,0
10428,2000,8,7,2,1,0,0,0,1,1,0
10428,2001,3,3,2,0,0,0,0,0,1,0
10437,1989,2,1,0,0,0,0,1,0,0,0
10437,1990,3,2,1,1,0,0,0,0,0,0
10437,1991,4,4,2,0,0,0,0,0,0,0
10437,1992,4,4,1,0,0,0,0,0,1,0
10437,1993,2,0,0,0,0,0,2,0,0,0
10437,1994,3,3,1,0,1,0,0,0,0,0
10437,1995,11,10,4,1,0,0,1,0,2,0
10437,1996,3,2,0,0,0,0,0,0,1,0
10437,1997,7,7,4,0,0,0,0,0,1,0
10469,1999,8,8,3,0,0,0,0,0,1,0
10469,2000,3,3,1,1,0,0,0,0,1,0
10478,1998,3,3,0,0,0,0,0,0,1,0
10478,1999,3,2,0,0,0,0,1,0,2,0
10478,2003,6,4,2,0,0,0,2,0,0,0
10478,2005,9,7,5,1,1,0,2,0,0,0
10478,2006,3,2,1,1,0,0,1,0,0,0
10478,2007,3,2,1,1,0,0,1,0,0,0
10478,2008,6,5,1,0,0,1,1,0,1,0
10502,1999,3,1,0,0,0,0,2,0,0,0
10512,2006,3,3,0,0,0,0,0,0,1,0
10515,1996,4,3,0,0,0,0,0,1,2,0
10515,1999,6,6,1,0,0,0,0,0,1,0
10515,2001,2,1,0,0,0,0,1,0,1,0
10515,2002,4,3,1,0,0,0,1,0,1,0
10520,1991,3,3,0,0,0,0,0,0,0,0
10520,1997,2,1,1,0,0,1,1,0,0,0
10520,1998,3,3,0,0,0,0,0,0,1,0
10520,1999,7,6,0,0,0,0,0,1,0,0
10520,2001,3,2,0,0,0,0,1,0,0,0
10520,2004,3,2,2,0,0,1,1,0,0,0
10525,2004,2,2,1,0,0,0,0,0,0,0
10525,2005,2,2,0,0,0,0,0,0,0,0
10557,1998,4,4,0,0,0,0,0,0,0,0
10566,2006,1,1,0,0,0,0,0,0,1,0
10566,2007,3,3,0,0,0,0,0,0,2,0
10566,2008,6,6,2,1,0,1,0,0,1,0
10579,1991,2,2,1,0,0,0,0,0,0,0
10579,1992,1,1,1,0,0,1,0,0,0,0
10579,1999,4,4,0,0,0,0,0,0,0,0
10579,2001,3,3,1,1,0,0,0,0,0,0
10579,2003,4,3,1,1,0,0,0,0,0,0
10591,1993,9,9,2,0,0,0,0,0,0,0
10591,1994,11,9,4,0,0,1,1,0,1,1
10591,1995,7,7,1,0,0,0,0,0,0,0
10591,1996,4,2,0,0,0,0,2,0,0,0
10591,2002,16,14,6,2,0,0,2,0,0,0
10591,2004,2,0,0,0,0,0,2,0,0,0
10605,1998,8,8,2,1,0,1,0,0,1,0
10612,2002,4,4,0,0,0,0,0,0,1,0
10612,2004,3,3,1,0,0,0,0,0,1,0
10624,1990,2,0,0,0,0,0,1,0,0,0
10628,2000,5,5,0,0,0,0,0,0,0,0
10628,2002,2,2,1,1,0,0,0,0,0,0
10646,2004,2,2,0,0,0,0,0,0,0,0
10646,2005,4,3,0,0,0,0,0,0,2,1
10646,2006,20,19,4,2,0,0,1,0,5,0
10646,2007,6,5,1,0,0,0,1,0,1,0
10646,2008,8,6,3,1,0,0,2,0,1,0
10655,1990,1,1,0,0,0,0,0,0,0,0
10655,1991,2,2,2,0,0,0,0,0,0,0
10671,1989,1,1,0,0,0,0,0,0,1,0
10671,1996,3,2,0,0,0,0,1,0,0,0
10751,1995,1,1,1,1,0,0,0,0,0,0
10751,1996,3,3,1,0,0,0,0,0,0,0
10764,1998,8,8,2,1,0,0,0,0,1,0
10764,2000,3,3,1,0,0,0,0,0,1,0
10782,2007,1,1,0,0,0,0,0,0,0,0
10801,1995,4,3,2,0,0,0,1,0,0,0
10801,1996,6,6,1,0,0,0,0,0,1,0
10801,1997,5,5,1,0,0,1,0,0,0,0
10802,1993,6,5,4,0,0,0,1,0,0,0
10802,1994,7,7,2,0,0,0,0,0,2,0
10802,1995,11,10,0,0,0,0,1,0,2,0
10802,1996,12,12,2,0,0,0,0,0,0,0
10802,1999,14,14,4,2,0,1,0,0,6,0
10802,2001,3,2,1,0,0,0,1,0,0,0
10806,1989,3,1,1,0,0,1,2,0,0,0
10806,1990,2,2,0,0,0,0,0,0,1,0
10806,1991,2,2,0,0,0,0,0,0,1,0
10808,2002,2,2,0,0,0,0,0,0,1,0
10825,1991,2,0,0,0,0,0,1,0,0,0
10825,1992,1,1,0,0,0,0,0,0,0,0
10825,1995,5,3,1,0,0,0,2,0,1,0
10825,1998,3,3,2,1,0,0,0,0,0,0
10825,2000,4,3,0,0,0,0,1,0,1,0
10844,2000,6,6,1,0,0,0,0,0,1,0
10844,2002,7,7,3,1,0,1,0,0,0,0
10851,1992,1,1,0,0,0,0,0,0,0,0
10851,1994,4,3,1,1,0,0,1,0,0,0
10859,1989,2,1,0,0,0,0,1,0,0,0
10859,1990,2,2,1,0,0,0,0,0,0,0
10859,1991,1,1,1,0,0,0,0,0,0,0
10859,2005,3,3,1,0,0,1,0,0,0,0
10859,2007,3,3,1,0,0,0,0,0,1,0
10877,2008,3,2,2,0,1,0,1,0,0,0
10887,1991,2,2,0,0,0,0,0,0,0,0
10887,1997,1,1,0,0,0,0,0,0,0,0
10887,1998,2,1,0,0,0,0,1,0,0,0
10887,1999,3,3,0,0,0,0,0,0,0,0
10899,2000,6,6,3,0,0,0,0,0,0,0
10899,2002,5,5,1,0,0,0,0,0,0,0
10899,2003,6,6,2,0,0,0,0,0,0,0
10904,1989,1,1,0,0,0,0,0,0,1,0
10904,1990,4,4,0,0,0,0,0,0,0,0
10904,1991,1,1,0,0,0,0,0,0,0,0
10907,1997,2,2,1,0,0,0,0,0,0,0
10907,2000,6,6,2,0,0,0,0,0,1,0
10907,2001,8,7,3,2,0,0,1,0,2,0
10907,2002,8,8,4,0,0,1,0,0,0,0
10907,2003,6,5,2,0,0,1,0,1,0,0
10907,2004,5,5,1,0,0,0,0,0,2,0
10907,2005,3,3,0,0,0,0,0,0,1,0
10907,2006,3,2,2,0,0,0,1,0,0,0
10911,2008,3,2,0,0,0,0,1,0,1,0
10914,2005,3,3,0,0,0,0,0,0,0,0
10918,1991,2,2,0,0,0,0,0,0,0,0
10918,1992,1,0,0,0,0,0,1,0,0,0
10918,1993,8,7,1,1,0,0,1,0,1,0
10918,1994,9,8,5,1,0,1,1,0,1,0
10918,1995,6,6,2,0,0,0,0,0,0,0
10918,1996,2,2,2,1,0,0,0,0,0,0
10918,1997,3,2,1,0,0,1,1,0,0,0
10918,1998,3,3,1,0,0,1,0,0,0,0
10918,1999,2,2,0,0,0,0,0,0,0,0
10918,2000,4,4,2,0,0,0,0,0,0,0
10941,1997,3,1,0,0,0,0,2,0,0,0
10941,2006,2,1,0,0,0,0,1,0,1,0
10948,1992,1,1,0,0,0,0,0,0,0,0
10962,1992,2,2,0,0,0,0,0,0,1,0
10962,1993,6,5,0,0,0,0,1,0,0,0
10962,1994,2,1,0,0,0,0,1,0,0,0
10962,1995,7,6,3,0,0,1,1,0,1,0
10962,1996,6,4,2,1,0,0,2,0,0,0
10962,1997,3,3,2,1,0,0,0,0,0,0
10962,1998,6,5,0,0,0,0,1,0,1,0
10962,1999,4,2,2,1,0,0,1,1,0,0
10962,2000,3,1,0,0,0,0,2,0,0,0
10985,2008,3,3,1,0,0,0,0,0,0,0
11002,1989,1,1,0,0,0,0,0,0,0,0
11002,1990,3,3,1,0,0,0,0,0,0,0
11002,1991,1,1,0,0,0,0,0,0,0,0
11002,1993,5,5,2,1,0,1,0,0,1,0
11002,1994,11,8,0,0,0,0,2,0,3,1
11002,1995,9,8,3,0,0,0,1,0,1,0
11002,1996,3,2,1,0,0,0,1,0,0,0
11002,1997,2,2,0,0,0,0,0,0,1,0
11002,1998,8,6,1,0,0,0,2,0,0,0
11032,1996,5,4,0,0,0,0,1,0,0,0
11032,1997,1,0,0,0,0,0,1,0,0,0
11037,2008,3,3,0,0,0,0,0,0,1,0
11046,1998,4,4,0,0,0,0,0,0,0,0
11046,1999,4,4,0,0,0,0,0,0,2,0
11046,2000,8,8,3,0,0,0,0,0,1,0
11046,2001,4,4,2,1,0,0,0,0,1,0
11046,2002,10,10,2,2,0,0,0,0,1,0
11046,2003,6,5,4,2,1,0,1,0,0,0
11046,2004,8,6,2,1,0,1,2,0,0,0
11046,2005,8,8,1,0,1,0,0,0,0,0
11046,2006,6,6,1,0,0,0,0,0,1,0
11046,2008,3,2,1,0,1,0,1,0,0,0
11054,1989,2,1,0,0,0,0,1,0,0,0
11054,1990,4,3,0,0,0,0,0,0,1,1
11054,1991,4,3,0,0,0,0,0,0,1,0
11060,1998,3,2,0,0,0,0,1,0,0,0
11064,1997,3,3,0,0,0,0,0,0,0,0
11064,1999,3,3,1,0,0,0,0,0,1,0
11064,2000,8,8,3,1,0,0,0,0,2,0
11101,1989,3,3,0,0,0,0,0,0,1,0
11134,1991,3,2,1,0,0,0,0,1,0,0
11134,1992,4,4,1,0,0,1,0,0,2,0
11145,1995,4,4,0,0,0,0,0,0,0,0
11145,2003,3,3,0,0,0,0,0,0,0,0
11145,2004,3,3,0,0,0,0,0,0,1,0
11173,1989,2,1,0,0,0,0,0,1,1,0
11173,1990,4,4,3,0,0,0,0,0,0,0
11173,1992,2,2,1,0,0,0,0,0,1,0
11173,1993,5,4,0,0,0,0,1,0,1,0
11173,1995,7,6,0,0,0,0,0,0,0,0
11173,1996,8,5,0,0,0,0,3,0,1,0
11173,1997,5,4,1,0,0,1,0,1,0,0
11173,1998,7,7,1,0,0,0,0,0,2,0
11173,1999,3,3,1,0,0,0,0,0,2,0
11173,2000,8,7,3,1,0,1,1,0,1,0
11173,2004,3,3,1,1,0,0,0,0,1,0
11173,2005,3,3,0,0,0,0,0,0,0,0
11190,2001,7,7,1,0,0,0,0,0,1,0
11190,2002,14,14,4,1,0,0,0,0,1,0
11190,2004,6,6,2,0,0,0,0,0,1,0
11190,2005,15,15,5,0,1,0,0,0,1,0
11190,2006,4,4,0,0,0,0,0,0,0,0
11190,2007,3,3,0,0,0,0,0,0,0,0
11190,2008,7,5,1,0,0,0,1,1,1,0
11191,2008,6,4,1,0,0,0,2,0,0,0
11195,1990,4,4,1,0,0,0,0,0,0,0
11195,1991,4,3,0,0,0,0,1,0,1,0
11195,1992,1,1,0,0,0,0,0,0,0,0
11210,2003,1,1,0,0,0,0,0,0,1,0
11211,1996,3,2,0,0,0,0,1,0,0,0
11211,1997,5,5,1,0,0,0,0,0,2,0
11211,1998,3,3,1,1,0,0,0,0,0,0
11211,1999,4,3,1,0,0,0,1,0,1,0
11211,2000,6,6,2,0,0,0,0,0,0,0
11211,2002,4,4,1,0,0,0,0,0,0,0
11211,2003,16,13,2,0,0,0,3,0,2,0
11211,2004,7,6,2,0,0,0,1,0,1,0
11211,2005,6,6,2,0,0,0,0,0,1,0
11211,2006,3,2,0,0,0,0,1,0,0,0
11211,2007,3,3,1,0,0,0,0,0,1,0
11220,2004,3,2,1,0,0,0,1,0,1,0
11220,2005,12,10,2,1,0,0,2,0,1,0
11220,2006,3,3,1,0,0,0,0,0,0,0
11220,2008,8,7,1,0,0,0,1,0,0,0
11233,1989,3,3,2,0,0,1,0,0,0,0
11233,1990,2,1,0,0,0,0,1,0,0,0
11233,1991,5,3,1,0,0,0,2,0,0,0
11233,1992,1,1,0,0,0,0,0,0,0,0
11235,1992,1,1,0,0,0,0,0,0,0,0
11237,2006,3,3,0,0,0,0,0,0,1,0
11263,1989,1,1,0,0,0,0,0,0,1,0
11263,1991,4,3,1,0,0,0,1,0,2,0
11263,1992,3,2,1,0,0,1,1,0,1,0
11263,1993,3,2,0,0,0,0,1,0,1,0
11263,1994,2,2,2,1,0,0,0,0,0,0
11263,1995,9,6,2,0,0,1,3,0,0,0
11263,1996,3,2,0,0,0,0,1,0,0,0
11274,1998,6,6,0,0,0,0,0,0,1,0
11274,1999,2,2,2,1,0,0,0,0,0,0
11291,2005,4,4,2,1,0,0,0,0,0,0
11291,2008,3,3,2,0,0,0,0,0,0,0
11328,2006,4,4,2,1,0,1,0,0,0,0
11328,2007,7,6,1,0,0,0,1,0,0,0
11328,2008,12,11,3,0,0,1,0,0,4,1
11331,2003,6,5,1,0,0,1,0,1,2,0
11331,2006,9,7,2,1,0,0,2,0,0,0
11331,2008,2,2,2,1,0,0,0,0,0,0
11332,1997,1,1,0,0,0,0,0,0,1,0
11332,2000,10,6,2,1,0,0,4,0,0,0
11332,2001,8,8,6,0,0,2,0,0,0,0
11332,2002,8,8,0,0,0,0,0,0,0,0
11332,2003,9,8,4,1,0,0,0,1,0,0
11332,2004,6,6,1,0,0,1,0,0,1,0
11332,2005,4,4,1,0,0,0,0,0,0,0
11368,1989,1,1,1,0,0,0,0,0,0,0
11368,1990,3,3,1,1,0,0,0,0,2,0
11368,1991,2,2,0,0,0,0,0,0,1,0
11368,1992,1,0,0,0,0,0,1,0,0,0
11368,1993,9,5,3,2,0,0,4,0,1,0
11368,1994,4,4,3,0,0,0,0,0,0,0
11368,1996,2,2,0,0,0,0,0,0,0,0
11376,2003,3,3,0,0,0,0,0,0,1,0
11376,2004,3,2,1,0,0,0,1,0,0,0
11376,2005,3,2,0,0,0,0,1,0,1,0
11416,1991,4,4,1,0,0,1,0,0,1,0
11416,1992,2,2,2,2,0,0,0,0,0,0
11416,1993,8,8,3,0,0,0,0,0,0,0
11416,1994,6,4,2,0,0,1,1,0,0,1
11416,1995,6,6,2,0,0,1,0,0,0,0
11416,1996,7,4,1,0,0,0,3,0,1,0
11416,1997,3,2,0,0,0,0,0,0,1,1
11416,1998,10,10,4,1,0,1,0,0,0,0
11416,2000,6,5,2,1,0,0,1,0,1,0
11416,2002,3,3,1,0,0,0,0,0,0,0
11416,2003,3,3,0,0,0,0,0,0,0,0
11416,2004,3,3,1,0,0,1,0,0,0,0
11416,2006,6,4,1,0,0,1,1,1,0,0
11416,2007,3,3,1,0,0,0,0,0,1,0
11416,2008,6,6,0,0,0,0,0,0,1,0
11423,1992,1,1,0,0,0,0,0,0,1,0
11423,1993,3,2,2,2,0,0,1,0,0,0
11423,1994,3,3,1,0,0,0,0,0,1,0
11423,1995,3,2,0,0,0,0,1,0,1,0
11423,1996,2,2,0,0,0,0,0,0,0,0
11423,1998,3,3,0,0,0,0,0,0,1,0
11423,1999,3,3,1,0,0,1,0,0,1,0
11423,2000,8,6,1,1,0,0,2,0,1,0
11423,2001,3,3,1,0,0,0,0,0,1,0
11423,2002,6,5,1,0,0,0,1,0,3,0
11423,2006,15,12,1,0,0,0,3,0,4,0
11423,2007,8,5,0,0,0,0,3,0,2,0
11423,2008,6,4,3,0,0,1,2,0,0,0
11443,1999,3,3,1,1,0,0,0,0,1,0
11455,1993,3,3,1,0,0,0,0,0,0,0
11463,2007,2,2,1,0,0,0,0,0,1,0
11471,1989,2,2,0,0,0,0,0,0,0,0
11471,1992,3,2,0,0,0,0,1,0,1,0
11471,1993,7,5,0,0,0,0,1,0,2,1
11482,2004,3,3,0,0,0,0,0,0,0,0
11482,2005,2,2,0,0,0,0,0,0,0,0
11493,1993,3,2,0,0,0,0,1,0,2,0
11495,1994,4,4,0,0,0,0,0,0,2,0
11495,1995,6,6,2,0,0,1,0,0,1,0
11495,1996,4,4,0,0,0,0,0,0,2,0
11507,2008,3,3,1,1,0,0,0,0,1,0
11517,1989,1,0,0,0,0,0,1,0,0,0
11560,2005,3,3,1,1,0,0,0,0,0,0
11560,2008,3,3,2,0,0,0,0,0,0,0
11571,1989,2,1,0,0,0,0,1,0,0,0
11580,1989,2,2,1,0,0,0,0,0,0,0
11580,1990,5,3,1,0,0,0,1,0,0,1
11580,1991,1,1,0,0,0,0,0,0,1,0
11580,1992,1,1,0,0,0,0,0,0,0,0
11580,1993,9,7,1,0,0,0,1,0,0,1
11580,1994,10,9,2,1,0,0,1,0,1,0
11580,1995,3,2,0,0,0,0,1,0,0,0
11580,1996,1,1,0,0,0,0,0,0,0,0
11581,1997,3,3,2,1,0,0,0,0,1,0
11581,1998,8,8,1,0,0,0,0,0,1,0
11581,2000,4,2,0,0,0,0,2,0,1,0
11612,2003,3,3,2,0,0,0,0,0,0,0
11625,1997,2,2,0,0,0,0,0,0,1,0
11625,2003,7,6,1,1,0,0,1,0,0,0
11634,2008,2,2,1,0,0,1,0,0,0,0
11641,1993,3,2,1,0,0,0,1,0,1,0
11641,1994,5,5,0,0,0,0,0,0,0,0
11641,1995,2,2,1,0,0,0,0,0,0,0
11641,1999,3,3,1,0,0,0,0,0,1,0
11656,2005,3,3,1,0,0,0,0,0,1,0
11666,2002,1,1,0,0,0,0,0,0,1,0
11676,1999,3,3,1,0,0,0,0,0,1,0
11681,2004,3,3,2,1,0,0,0,0,0,0
11681,2008,3,2,1,1,0,0,1,0,1,0
11693,2003,4,4,2,0,0,0,0,0,0,0
11693,2004,6,6,1,0,0,0,0,0,0,0
11693,2006,13,13,3,1,0,0,0,0,2,0
11693,2007,7,7,2,0,0,1,0,0,1,0
11693,2008,4,4,1,0,0,0,0,0,1,0
11710,1998,2,1,0,0,0,0,0,0,0,0
11726,2004,3,3,0,0,0,0,0,0,0,0
11726,2005,2,2,0,0,0,0,0,0,0,0
11736,1992,2,2,0,0,0,0,0,0,0,0
11736,1993,3,3,0,0,0,0,0,0,0,0
11736,1995,7,6,0,0,0,0,1,0,0,0
11736,1996,6,6,3,0,0,0,0,0,0,0
11736,1997,2,2,1,0,0,0,0,0,0,0
11736,1998,15,12,1,1,0,0,3,0,0,0
11736,1999,4,4,0,0,0,0,0,0,1,0
11737,1995,3,3,0,0,0,0,0,0,1,0
11737,1996,5,5,1,1,0,0,0,0,2,0
11737,1997,3,2,1,0,0,0,1,0,0,0
11737,1999,2,2,0,0,0,0,0,0,1,0
11737,2000,3,3,1,0,0,0,0,0,0,0
11737,2001,7,7,2,1,0,1,0,0,0,0
11737,2003,2,2,0,0,0,0,0,0,0,0
11737,2004,3,3,0,0,0,0,0,0,3,0
11738,1999,2,2,1,0,0,0,0,0,0,0
11743,1990,2,2,1,1,0,0,0,0,0,0
11743,1991,5,4,0,0,0,0,1,0,0,0
11743,1992,2,1,1,0,0,1,1,0,0,0
11743,1996,3,3,0,0,0,0,0,0,0,0
11776,1998,12,12,5,1,0,0,0,0,1,0
11776,1999,3,2,0,0,0,0,0,0,1,1
11776,2000,12,12,2,0,0,0,0,0,2,0
11776,2002,6,5,1,1,0,0,1,0,1,0
11776,2004,1,1,0,0,0,0,0,0,0,0
11776,2005,3,3,0,0,0,0,0,0,0,0
11776,2006,3,3,0,0,0,0,0,0,0,0
11776,2008,3,3,2,0,0,0,0,0,0,0
11796,1990,3,3,0,0,0,0,0,0,1,0
11796,1991,3,3,2,0,0,2,0,0,0,0
11796,1992,1,1,0,0,0,0,0,0,0,0
11796,1993,7,6,2,0,1,0,1,0,1,0
11796,1995,10,8,2,1,0,0,2,0,2,0
11796,1996,3,3,0,0,0,0,0,0,0,0
11796,1998,4,4,2,0,0,0,0,0,0,0
11796,2001,3,2,0,0,0,0,1,0,2,0
11796,2003,4,4,1,1,0,0,0,0,1,0
11798,1992,1,1,0,0,0,0,0,0,0,0
11798,1993,4,4,1,1,0,0,0,0,2,0
11798,1994,7,6,3,0,0,2,0,1,2,0
11798,1995,7,6,1,0,0,0,1,0,2,0
11798,1996,6,4,1,0,0,0,2,0,1,0
11798,1997,3,3,1,0,0,0,0,0,2,0
11798,1998,15,12,3,0,0,1,3,0,6,0
11798,1999,8,8,3,0,0,0,0,0,1,0
11798,2000,13,12,2,1,0,0,1,0,6,0
11803,2008,3,2,1,0,0,0,1,0,1,0
11817,1990,1,1,0,0,0,0,0,0,1,0
11817,1992,1,1,1,0,0,0,0,0,0,0
11817,1993,3,3,0,0,0,0,0,0,1,0
11817,1994,3,3,3,1,0,0,0,0,0,0
11817,1995,6,6,0,0,0,0,0,0,0,0
11817,1996,14,12,4,2,0,0,2,0,1,0
11817,1998,4,3,1,1,0,0,1,0,0,0
11817,1999,11,9,5,0,0,0,1,1,0,0
11817,2000,7,6,2,0,0,0,1,0,1,0
11817,2002,3,3,0,0,0,0,0,0,0,0
11821,1991,1,1,1,0,0,0,0,0,0,0
11828,1989,1,0,0,0,0,0,1,0,0,0
11828,1990,2,1,0,0,0,0,1,0,0,0
11828,1991,6,2,0,0,0,0,3,0,0,1
11828,1992,3,3,1,0,0,0,0,0,1,0
11828,1993,8,8,4,0,0,0,0,0,1,0
11828,1994,6,5,1,0,0,1,1,0,0,0
11828,1995,7,7,1,0,0,0,0,0,2,0
11828,1996,8,7,1,0,0,1,1,0,2,0
11828,1998,10,9,3,0,0,1,1,0,2,0
11828,2002,2,2,1,0,0,0,0,0,1,0
11832,1998,4,4,0,0,0,0,0,0,0,0
11833,2000,3,3,0,0,0,0,0,0,0,0
11854,2007,3,3,0,0,0,0,0,0,0,0
11854,2008,3,3,0,0,0,0,0,0,1,0
11877,1996,3,2,0,0,0,0,0,1,2,0
11877,1997,2,2,1,0,0,0,0,0,0,0
11889,1995,2,2,1,0,0,1,0,0,0,0
11889,1997,7,6,1,0,0,0,1,0,1,0
11894,1998,3,3,0,0,0,0,0,0,0,0
11894,1999,4,3,2,0,0,0,0,0,0,0
11894,2001,3,3,1,0,0,0,0,0,1,0
11894,2002,3,3,1,0,0,0,0,0,0,0
11894,2005,4,4,1,0,0,0,0,0,0,0
11896,1989,1,1,0,0,0,0,0,0,1,0
11896,1990,1,1,0,0,0,0,0,0,0,0
11896,1991,6,5,2,2,0,0,0,0,1,1
11896,1992,1,1,0,0,0,0,0,0,0,0
11896,1993,3,3,0,0,0,0,0,0,0,0
11896,1994,4,4,1,0,0,0,0,0,1,0
11896,1995,3,2,0,0,0,0,0,0,0,1
11896,1996,6,5,1,0,0,0,1,0,1,0
11896,1997,7,7,1,1,0,0,0,0,0,0
11896,1998,3,3,0,0,0,0,0,0,0,0
11896,1999,6,6,3,0,0,0,0,0,1,0
11896,2000,8,7,1,0,0,0,1,0,1,0
11896,2001,2,2,1,0,0,0,0,0,0,0
11896,2002,6,6,3,1,0,0,0,0,0,0
11896,2004,6,6,3,1,0,0,0,0,0,0
11901,1993,7,7,3,0,0,2,0,0,0,0
11901,1994,3,2,0,0,0,0,0,1,0,0
11901,1997,2,2,1,0,0,1,0,0,0,0
11946,1991,1,1,0,0,0,0,0,0,0,0
11950,1994,5,4,1,1,0,0,0,0,1,0
11950,1995,6,6,1,0,0,0,0,0,0,0
11950,1996,3,3,0,0,0,0,0,0,1,0
11950,1997,3,3,1,0,0,0,0,0,0,0
11950,1998,4,3,2,1,0,0,1,0,0,0
11950,2003,3,3,1,0,0,1,0,0,0,0
11959,1993,2,1,1,0,0,0,1,0,0,0
11964,1989,1,0,0,0,0,0,1,0,0,0
11971,1999,4,2,0,0,0,0,2,0,0,0
11971,2000,3,3,0,0,0,0,0,0,0,0
11971,2001,4,3,0,0,0,0,1,0,0,0
11971,2003,4,4,1,0,0,1,0,0,0,0
11980,1998,7,7,1,1,0,0,0,0,0,0
11980,1999,3,3,0,0,0,0,0,0,0,0
11980,2003,3,3,1,0,0,1,0,0,0,0
11999,1996,6,6,1,0,0,0,0,0,3,0
12016,1997,7,7,2,0,0,1,0,0,1,0
12034,1999,2,2,0,0,0,0,0,0,2,0
12034,2004,3,3,2,1,0,0,0,0,1,0
12035,1989,3,1,0,0,0,0,2,0,0,0
12035,1990,3,3,0,0,0,0,0,0,1,0
12040,1992,1,1,1,1,0,0,0,0,0,0
12040,1994,4,3,0,0,0,0,1,0,1,0
12040,1995,3,3,0,0,0,0,0,0,0,0
12040,2000,2,2,0,0,0,0,0,0,0,0
12054,1989,2,2,0,0,0,0,0,0,1,0
12112,1991,1,1,1,0,0,0,0,0,0,0
12112,1992,1,1,0,0,0,0,0,0,1,0
12112,1993,8,7,3,0,0,0,1,0,1,0
12112,1997,2,2,0,0,0,0,0,0,2,0
12112,1998,3,3,0,0,0,0,0,0,0,0
12113,1990,4,4,1,0,0,0,0,0,1,0
12116,1992,1,1,0,0,0,0,0,0,1,0
12123,1999,1,0,0,0,0,0,1,0,0,0
12131,1989,1,1,0,0,0,0,0,0,0,0
12131,1990,3,3,2,1,0,0,0,0,0,0
12131,1992,4,4,0,0,0,0,0,0,1,0
12140,1989,2,2,2,0,0,0,0,0,0,0
12146,2002,2,2,0,0,0,0,0,0,1,0
12146,2006,1,1,0,0,0,0,0,0,1,0
12151,2002,9,9,3,1,0,0,0,0,0,0
12151,2003,6,6,1,1,0,0,0,0,2,0
12151,2004,10,9,4,0,0,1,1,0,1,0
12151,2005,6,6,2,0,0,0,0,0,1,0
12151,2006,3,3,1,0,0,0,0,0,0,0
12151,2007,3,3,1,0,0,0,0,0,0,0
12151,2008,6,5,1,0,0,1,1,0,0,0
12202,1989,1,1,0,0,0,0,0,0,0,0
12202,1990,2,0,0,0,0,0,2,0,0,0
12202,1991,5,5,2,1,0,0,0,0,1,0
12202,1992,2,2,0,0,0,0,0,0,1,0
12202,1993,11,10,3,1,0,0,1,0,1,0
12202,1994,5,4,0,0,0,0,1,0,0,0
12202,1995,7,7,1,0,0,0,0,0,1,0
12202,1998,3,3,0,0,0,0,0,0,1,0
12202,1999,6,6,2,0,0,0,0,0,0,0
12207,1989,1,1,0,0,0,0,0,0,0,0
12221,1989,4,2,0,0,0,0,1,1,1,0
12221,1990,4,4,0,0,0,0,0,0,4,0
12221,1991,1,1,1,0,0,0,0,0,0,0
12221,1992,3,3,0,0,0,0,0,0,1,0
12224,1990,1,1,0,0,0,0,0,0,0,0
12224,1991,3,3,2,1,0,0,0,0,0,0
12224,1992,5,3,1,0,0,1,2,0,0,0
12224,1996,2,2,0,0,0,0,0,0,0,0
12224,1998,3,3,2,1,0,0,0,0,0,0
12231,2002,5,5,3,1,0,1,0,0,0,0
12231,2003,3,3,0,0,0,0,0,0,1,0
12231,2004,9,8,3,0,1,0,1,0,1,0
12231,2006,8,7,1,0,0,0,0,0,0,1
12249,2006,2,2,0,0,0,0,0,0,1,0
12259,2006,3,3,0,0,0,0,0,0,2,0
12276,2005,4,4,0,0,0,0,0,0,2,0
12276,2006,4,4,1,1,0,0,0,0,3,0
12276,2007,2,1,0,0,0,0,1,0,0,0
12277,1992,2,2,2,0,0,0,0,0,0,0
12289,1991,1,1,0,0,0,0,0,0,0,0
12289,1992,2,2,2,0,0,0,0,0,0,0
12289,1993,3,3,1,1,0,0,0,0,0,0
12289,1994,2,2,1,0,0,1,0,0,0,0
12289,1995,8,5,2,1,0,0,3,0,1,0
12289,1998,4,4,0,0,0,0,0,0,0,0
12289,2000,8,7,1,0,0,0,1,0,1,0
12289,2002,7,7,4,0,0,0,0,0,0,0
12289,2004,3,3,1,0,0,1,0,0,0,0
12301,1989,1,1,0,0,0,0,0,0,1,0
12310,1989,2,1,0,0,0,0,0,0,0,1
12310,1996,9,7,2,1,0,0,2,0,1,0
12314,1995,5,5,1,0,0,0,0,0,1,0
12314,1996,3,3,0,0,0,0,0,0,0,0
12314,1997,5,4,0,0,0,0,1,0,0,0
12314,2001,3,3,0,0,0,0,0,0,0,0
12315,1996,6,6,3,0,0,0,0,0,0,0
12320,2001,1,1,0,0,0,0,0,0,0,0
12328,1990,2,2,0,0,0,0,0,0,2,0
12328,1991,3,3,1,1,0,0,0,0,1,0
12333,1997,5,5,2,1,0,0,0,0,0,0
12333,1998,3,3,1,0,0,0,0,0,0,0
12333,2000,7,5,2,0,0,0,2,0,0,0
12345,1992,1,1,0,0,0,0,0,0,1,0
12345,1998,3,3,1,0,0,0,0,0,1,0
12345,1999,7,6,1,0,0,0,0,0,3,1
12367,2000,3,3,2,1,0,0,0,0,0,0
12368,2002,3,3,0,0,0,0,0,0,1,0
12368,2004,3,3,0,0,0,0,0,0,2,0
12371,1995,4,4,1,0,0,0,0,0,1,0
12371,1996,2,1,0,0,0,0,1,0,1,0
12371,1997,5,4,0,0,0,0,1,0,0,0
12371,1999,2,2,1,0,0,0,0,0,0,0
12371,2001,6,6,2,1,0,0,0,0,0,0
12371,2002,9,9,4,0,0,1,0,0,2,0
12371,2003,1,1,0,0,0,0,0,0,1,0
12371,2004,4,4,0,0,0,0,0,0,0,0
12374,1998,4,4,1,0,0,0,0,0,0,0
12374,1999,3,3,2,0,0,0,0,0,0,0
12374,2004,2,2,1,0,0,1,0,0,1,0
12380,2004,4,4,1,0,0,1,0,0,0,0
12380,2006,3,3,0,0,0,0,0,0,0,0
12386,1989,1,1,0,0,0,0,0,0,0,0
12386,1990,5,5,1,0,0,1,0,0,2,0
12386,1991,2,2,0,0,0,0,0,0,0,0
12392,2003,3,3,1,0,0,0,0,0,0,0
12398,2002,8,7,2,0,0,0,0,0,1,1
12398,2003,5,3,1,1,0,0,2,0,0,0
12402,1989,2,2,2,1,0,0,0,0,0,0
12402,1990,3,3,0,0,0,0,0,0,0,0
12402,1991,2,2,1,0,0,0,0,0,0,0
12402,1992,2,2,0,0,0,0,0,0,1,0
12414,1990,4,3,1,0,0,0,1,0,1,0
12414,1991,2,2,0,0,0,0,0,0,1,0
12414,1992,1,1,0,0,0,0,0,0,0,0
12414,1993,9,8,0,0,0,0,1,0,3,0
12414,1994,2,1,0,0,0,0,1,0,1,0
12421,1992,1,1,0,0,0,0,0,0,0,0
12425,1998,8,8,3,1,0,0,0,0,1,0
12425,1999,4,4,0,0,0,0,0,0,0,0
12425,2000,4,4,2,0,0,0,0,0,1,0
12425,2001,3,3,2,0,1,0,0,0,1,0
12425,2002,7,6,2,0,0,0,1,0,0,0
12425,2003,2,2,1,0,0,0,0,0,0,0
12425,2004,6,6,1,0,0,1,0,0,3,0
12425,2005,7,7,1,0,0,0,0,0,1,0
12425,2008,3,2,0,0,0,0,0,0,0,0
12465,2000,4,4,1,0,1,0,0,0,1,0
12465,2006,3,3,0,0,0,0,0,0,1,0
12475,2008,4,4,0,0,0,0,0,0,0,0
12478,2000,3,3,1,0,0,0,0,0,1,0
12478,2002,4,3,2,1,0,0,1,0,0,0
12478,2003,5,5,1,0,0,0,0,0,1,0
12478,2004,6,6,2,0,0,0,0,0,4,0
12478,2007,1,1,0,0,0,0,0,0,1,0
12507,2001,5,5,3,0,0,0,0,0,0,0
12507,2002,6,6,2,0,0,0,0,0,1,0
12507,2003,6,6,3,0,0,0,0,0,0,0
12515,1989,1,1,1,0,0,0,0,0,0,0
12515,1990,4,3,0,0,0,0,1,0,0,0
12515,1991,3,3,1,0,0,0,0,0,0,0
12535,2002,3,3,0,0,0,0,0,0,1,0
12588,2004,1,1,0,0,0,0,0,0,0,0
12588,2006,3,3,0,0,0,0,0,0,2,0
12588,2008,3,1,1,0,0,0,1,0,0,1
12600,2003,5,4,1,0,0,0,0,1,1,0
12600,2004,3,3,1,1,0,0,0,0,0,0
12600,2005,3,3,0,0,0,0,0,0,1,0
12602,2008,6,6,1,0,0,0,0,0,0,0
12606,1999,8,6,5,0,0,0,1,0,0,0
12606,2003,6,5,0,0,0,0,0,1,0,0
12607,1994,6,6,0,0,0,0,0,0,1,0
12607,1996,7,6,2,1,0,0,0,1,1,0
12607,1997,1,1,0,0,0,0,0,0,1,0
12607,1998,3,3,1,0,0,1,0,0,1,0
12615,1996,3,3,1,0,0,0,0,0,1,0
12615,1999,6,6,1,0,0,0,0,0,0,0
12615,2002,3,3,1,0,0,0,0,0,0,0
12619,2003,7,7,3,1,0,0,0,0,0,0
12619,2006,9,8,6,2,0,1,1,0,0,0
12619,2007,3,2,0,0,0,0,0,0,0,1
12619,2008,6,5,3,2,0,0,1,0,0,0
12623,1989,1,1,1,1,0,0,0,0,0,0
12623,1990,5,3,3,0,0,0,2,0,0,0
12623,1991,4,3,0,0,0,0,1,0,1,0
12623,1992,1,1,0,0,0,0,0,0,0,0
12623,1993,2,1,0,0,0,0,1,0,0,0
12642,1995,3,2,0,0,0,0,1,0,0,0
12642,1996,1,1,1,0,0,1,0,0,0,0
12642,2000,3,3,1,0,0,0,0,0,0,0
12642,2004,3,3,2,2,0,0,0,0,0,0
12642,2005,3,3,2,1,0,0,0,0,0,0
12642,2006,2,1,1,0,0,0,0,1,0,0
12642,2007,3,3,1,1,0,0,0,0,0,0
12642,2008,3,2,0,0,0,0,1,0,0,0
12651,1996,3,3,2,1,0,0,0,0,0,0
12651,1998,2,1,0,0,0,0,1,0,1,0
12651,1999,7,5,2,0,0,0,0,1,0,1
12682,1992,2,2,0,0,0,0,0,0,0,0
12682,1993,4,4,1,0,0,0,0,0,0,0
12682,1994,3,3,0,0,0,0,0,0,0,0
12684,1989,2,2,1,0,0,0,0,0,0,0
