1,1966,1,1,0,0,0,0,0,0,0,0
1,1968,12,12,3,0,0,0,0,0,1,0
1,1969,1,0,0,0,0,0,1,0,0,0
1,1970,6,4,2,0,0,0,2,0,0,0
1,1971,8,7,4,0,0,1,1,0,1,0
1,1975,12,12,3,0,0,1,0,0,1,0
1,1976,1,1,0,0,0,0,0,0,1,0
2,1968,3,2,0,0,0,0,0,0,0,0
36,1986,2,2,0,0,0,0,0,0,2,0
55,1977,12,12,4,1,0,0,0,0,3,0
55,1978,12,11,3,1,0,0,1,0,5,0
55,1979,8,8,1,0,0,0,0,0,2,0
63,1973,5,4,1,0,0,0,1,0,2,0
64,1985,3,3,1,0,0,0,0,0,2,0
92,1981,6,6,1,1,0,0,0,0,3,0
92,1985,1,0,0,0,0,0,0,0,0,0
92,1986,1,1,1,0,0,1,0,0,0,0
92,1987,8,7,1,0,0,0,1,0,2,0
92,1988,4,1,0,0,0,0,3,0,1,0
98,1988,1,1,0,0,0,0,0,0,1,0
103,1979,10,10,0,0,0,0,0,0,4,0
124,1968,3,3,1,0,0,0,0,0,0,0
133,1986,3,2,1,0,0,0,1,0,0,0
133,1987,13,11,4,0,0,0,2,0,3,0
133,1988,13,11,2,1,0,1,2,0,2,0
133,1993,3,2,0,0,0,0,1,0,1,0
138,1980,2,2,0,0,0,0,0,0,2,0
140,1978,4,4,0,0,0,0,0,0,3,0
143,1976,2,2,0,0,0,0,0,0,2,0
143,1977,1,1,0,0,0,0,0,0,1,0
152,1988,1,1,1,0,0,0,0,0,0,0
153,1989,5,2,0,0,0,0,1,0,1,0
153,1992,4,3,2,0,0,0,0,0,0,0
160,1972,2,2,1,0,0,0,0,0,1,0
164,1968,8,3,3,0,0,2,5,0,0,0
164,1969,4,3,0,0,0,0,1,0,0,0
164,1971,9,7,3,0,0,0,2,0,1,0
164,1972,15,9,3,1,1,1,6,0,2,0
164,1973,10,8,3,2,0,0,1,0,3,1
164,1974,13,9,1,0,0,0,4,0,4,0
164,1977,8,5,3,0,0,0,3,0,1,0
165,1979,1,0,0,0,0,0,1,0,0,0
167,1968,3,3,1,0,0,0,0,0,0,0
167,1971,6,6,2,0,0,0,0,0,1,0
176,1984,1,1,1,0,0,0,0,0,0,0
184,1991,4,3,2,1,0,0,1,0,1,0
189,1985,3,2,0,0,0,0,1,0,2,0
189,1987,2,1,1,0,0,0,1,0,0,0
196,1988,11,10,2,0,1,0,1,0,2,0
196,1991,14,13,4,0,1,0,1,0,4,0
196,1993,3,2,1,0,0,0,1,0,1,0
197,1990,2,2,0,0,0,0,0,0,1,0
197,1991,4,4,1,0,0,0,0,0,1,0
197,1992,3,2,1,0,0,0,0,1,0,0
198,1974,3,3,2,1,0,0,0,0,1,0
198,1975,10,9,2,0,0,0,0,0,4,0
201,1966,1,1,0,0,0,0,0,0,0,0
201,1968,9,9,2,0,0,1,0,0,1,0
201,1969,1,1,0,0,0,0,0,0,0,0
201,1973,1,1,1,1,0,0,0,0,0,0
202,1969,1,1,0,0,0,0,0,0,0,0
202,1970,7,6,1,0,0,0,1,0,1,0
202,1971,2,1,1,0,0,0,0,1,0,0
202,1973,4,4,0,0,0,0,0,0,0,0
204,1968,3,3,1,1,0,0,0,0,1,0
204,1969,8,5,2,0,0,0,3,0,0,0
204,1970,5,3,1,0,0,0,1,0,0,0
204,1971,7,6,2,0,0,0,1,0,1,0
204,1972,8,7,1,0,0,0,1,0,3,0
204,1973,12,11,3,1,0,0,1,0,0,0
205,1977,3,2,0,0,0,0,1,0,0,0
230,1972,6,4,0,0,0,0,2,0,1,0
230,1973,6,6,2,0,0,0,0,0,1,0
247,1992,3,3,1,0,0,0,0,0,0,0
247,1993,1,0,0,0,0,0,1,0,0,0
260,1989,4,4,0,0,0,0,0,0,2,0
260,1991,4,4,0,0,0,0,0,0,2,0
260,1992,8,5,0,0,0,0,3,0,1,0
260,1993,5,4,1,0,0,0,1,0,1,0
271,1983,1,0,0,0,0,0,1,0,0,0
271,1984,8,7,2,0,0,0,1,0,1,0
271,1985,5,5,1,0,0,0,0,0,1,0
271,1987,6,6,3,1,0,0,0,0,2,0
271,1988,6,4,1,0,1,0,2,0,1,0
285,1989,6,6,0,0,0,0,0,0,3,0
292,1971,2,0,0,0,0,0,2,0,0,0
310,1972,12,9,2,0,0,0,3,0,1,0
310,1973,5,5,1,1,0,0,0,0,1,0
328,1972,4,4,1,0,0,0,0,0,0,0
328,1973,8,6,2,0,0,0,1,0,1,0
363,1977,8,7,2,0,0,1,1,0,4,0
363,1978,4,4,0,0,0,0,0,0,4,0
363,1979,4,4,0,0,0,0,0,0,2,0
363,1989,3,3,0,0,0,0,0,0,3,0
381,1969,1,1,0,0,0,0,0,0,1,0
396,1975,3,3,0,0,0,0,0,0,1,0
396,1976,5,5,0,0,0,0,0,0,1,0
396,1977,8,5,1,0,0,0,3,0,3,0
403,1983,3,2,1,0,0,0,1,0,0,0
406,1966,1,1,0,0,0,0,0,0,1,0
406,1968,3,2,0,0,0,0,1,0,0,0
410,1987,1,1,0,0,0,0,0,0,0,0
426,1972,10,9,2,1,0,0,1,0,3,0
431,1977,13,12,2,0,0,0,1,0,7,0
454,1980,2,1,0,0,0,0,1,0,0,0
467,1990,4,4,2,1,0,0,0,0,0,0
474,1982,6,5,1,0,0,0,1,0,2,0
474,1983,4,4,0,0,0,0,0,0,3,0
474,1984,10,8,1,0,0,0,2,0,3,0
474,1985,4,4,1,0,0,0,0,0,1,0
474,1986,6,6,0,0,0,0,0,0,1,0
474,1987,3,3,1,0,0,0,0,0,0,0
474,1988,8,6,1,0,0,0,2,0,2,0
483,1991,3,3,2,0,0,1,0,0,0,0
483,1992,6,5,4,0,0,0,1,0,0,0
483,1993,3,2,0,0,0,0,1,0,0,0
493,1972,7,7,0,0,0,0,0,0,4,0
495,1977,14,10,2,0,0,0,3,0,1,0
495,1978,8,7,1,0,0,0,1,0,1,0
495,1979,4,4,3,0,0,0,0,0,0,0
495,1982,8,8,2,0,0,0,0,0,0,0
495,1984,2,2,1,1,0,0,0,0,0,0
497,1968,3,3,1,0,0,0,0,0,0,0
497,1969,3,3,1,0,0,0,0,0,1,0
497,1970,1,0,0,0,0,0,1,0,0,0
497,1971,10,8,0,0,0,0,2,0,1,0
508,1989,4,4,3,0,0,2,0,0,0,0
508,1990,3,3,0,0,0,0,0,0,1,0
508,1991,6,6,1,0,0,1,0,0,3,0
508,1992,7,6,3,1,0,1,1,0,0,0
508,1993,5,3,1,0,0,0,2,0,0,0
516,1980,21,20,3,1,0,2,1,0,3,0
516,1981,4,4,0,0,0,0,0,0,1,0
516,1982,9,8,2,0,0,0,1,0,1,0
516,1983,7,5,1,0,0,0,1,0,0,1
551,1985,2,2,0,0,0,0,0,0,2,0
560,1972,18,13,0,0,0,0,4,1,4,0
560,1973,12,10,2,0,0,1,2,0,3,0
560,1974,10,9,5,2,0,0,1,0,1,0
560,1975,6,5,1,0,0,0,1,0,0,0
560,1976,16,14,2,0,0,2,2,0,5,0
560,1978,6,5,2,0,0,0,0,0,0,1
560,1979,4,3,0,0,0,0,1,0,0,0
566,1968,1,1,1,0,0,1,0,0,0,0
566,1969,4,4,1,0,0,0,0,0,1,0
566,1971,3,2,0,0,0,0,1,0,2,0
573,1976,8,7,1,0,0,0,1,0,4,0
573,1977,12,11,2,0,0,0,1,0,3,0
573,1979,7,5,2,2,0,0,2,0,0,0
588,1971,1,1,0,0,0,0,0,0,1,0
596,1989,6,6,0,0,0,0,0,0,5,0
596,1990,3,3,0,0,0,0,0,0,3,0
596,1991,3,3,0,0,0,0,0,0,2,0
632,1984,1,1,0,0,0,0,0,0,1,0
654,1989,4,3,0,0,0,0,0,0,0,0
666,1968,2,1,0,0,0,0,1,0,1,0
666,1971,4,3,0,0,0,0,1,0,0,0
686,1980,3,2,0,0,0,0,1,0,1,0
686,1981,2,2,0,0,0,0,0,0,2,0
694,1968,2,1,0,0,0,0,1,0,0,0
694,1969,7,7,0,0,0,0,0,0,3,0
694,1970,1,1,0,0,0,0,0,0,1,0
694,1971,9,7,1,0,0,0,2,0,3,0
728,1972,4,2,0,0,0,0,1,1,2,0
728,1973,3,3,0,0,0,0,0,0,2,0
728,1974,5,4,0,0,0,0,1,0,1,0
728,1975,3,3,0,0,0,0,0,0,1,0
728,1976,15,9,2,0,0,0,5,1,2,0
739,1989,2,2,0,0,0,0,0,0,1,0
753,1969,1,1,0,0,0,0,0,0,0,0
760,1968,2,2,0,0,0,0,0,0,0,0
760,1969,3,3,0,0,0,0,0,0,0,0
760,1970,17,15,2,0,0,0,2,0,0,0
760,1971,6,4,0,0,0,0,2,0,1,0
761,1983,1,1,0,0,0,0,0,0,1,0
765,1993,3,1,0,0,0,0,2,0,0,0
788,1972,4,3,1,0,0,0,0,0,0,1
788,1973,10,9,2,0,0,0,0,0,3,1
788,1974,7,6,1,1,0,0,1,0,0,0
788,1975,11,7,1,0,0,0,3,0,3,0
788,1976,10,8,3,0,0,0,1,0,3,0
788,1977,7,6,1,0,0,0,1,0,4,0
788,1978,2,2,1,0,0,0,0,0,0,0
788,1979,4,3,1,0,0,0,1,0,2,0
788,1982,3,1,0,0,0,0,2,0,0,0
790,1988,3,2,0,0,0,0,0,0,1,0
800,1972,11,10,4,0,0,0,1,0,1,0
800,1973,8,8,0,0,0,0,0,0,0,0
800,1974,10,7,2,0,0,0,3,0,1,0
800,1975,8,6,1,0,0,1,1,0,3,1
800,1976,9,8,2,1,0,0,1,0,2,0
800,1977,11,9,3,2,0,0,1,0,2,0
800,1978,12,10,1,0,0,0,2,0,3,0
800,1979,10,9,2,1,0,0,1,0,0,0
800,1985,10,7,3,0,0,0,3,0,1,0
800,1986,9,5,2,1,0,0,2,1,0,1
800,1987,10,9,3,2,0,0,1,0,1,0
809,1989,8,8,1,1,0,0,0,0,3,0
809,1990,7,6,1,0,0,0,0,0,2,1
809,1992,5,5,3,0,0,0,0,0,0,0
814,1989,3,3,1,0,0,0,0,0,1,0
814,1991,4,4,1,0,0,0,0,0,2,0
814,1992,7,5,3,1,0,1,2,0,2,0
814,1993,3,3,0,0,0,0,0,0,0,0
815,1991,2,2,0,0,0,0,0,0,0,0
819,1979,3,2,1,0,0,1,1,0,0,0
823,1983,1,1,0,0,0,0,0,0,1,0
823,1984,3,3,0,0,0,0,0,0,0,0
823,1987,2,1,0,0,0,0,0,0,1,0
823,1988,2,1,0,0,0,0,0,1,0,0
843,1968,7,5,0,0,0,0,1,0,3,1
843,1969,2,2,0,0,0,0,0,0,2,0
843,1970,5,5,1,1,0,0,0,0,0,0
843,1971,3,3,0,0,0,0,0,0,0,0
843,1980,3,3,1,0,0,0,0,0,0,0
843,1981,11,11,2,0,0,0,0,0,2,0
847,1980,5,5,2,0,0,0,0,0,0,0
847,1981,5,3,0,0,0,0,2,0,1,0
847,1982,7,6,4,1,0,0,0,0,0,0
847,1983,6,5,0,0,0,0,1,0,0,0
847,1984,5,2,1,0,0,0,2,0,0,1
847,1985,3,1,1,0,0,0,1,0,0,0
847,1986,7,4,2,0,0,0,2,1,0,0
847,1987,6,4,0,0,0,0,2,0,1,0
847,1988,6,6,2,0,0,0,0,0,1,0
850,1972,3,3,0,0,0,0,0,0,2,0
850,1974,6,6,3,0,1,0,0,0,2,0
850,1976,7,6,2,0,0,0,1,0,1,0
850,1977,5,4,2,1,0,0,1,0,1,0
850,1978,4,4,1,0,0,0,0,0,1,0
850,1979,3,3,0,0,0,0,0,0,2,0
870,1981,5,4,0,0,0,0,1,0,3,0
870,1984,2,2,0,0,0,0,0,0,1,0
877,1981,1,1,0,0,0,0,0,0,1,0
877,1982,3,3,0,0,0,0,0,0,1,0
877,1983,8,7,3,0,0,0,1,0,1,0
877,1989,6,6,3,0,0,0,0,0,0,0
877,1990,5,4,1,0,0,0,1,0,1,0
877,1991,2,2,0,0,0,0,0,0,0,0
894,1977,4,4,1,0,0,0,0,0,0,0
896,1980,5,5,0,0,0,0,0,0,4,0
901,1980,2,2,0,0,0,0,0,0,0,0
901,1982,9,9,4,0,0,0,0,0,1,0
901,1983,1,1,0,0,0,0,0,0,1,0
901,1984,5,5,1,0,0,0,0,0,1,0
902,1988,13,11,2,0,0,0,2,0,3,0
905,1974,4,4,3,1,0,0,0,0,0,0
931,1973,2,2,1,0,0,0,0,0,0,0
931,1975,6,4,0,0,0,0,2,0,3,0
931,1980,2,2,0,0,0,0,0,0,0,0
931,1982,1,1,0,0,0,0,0,0,0,0
931,1983,1,1,0,0,0,0,0,0,1,0
931,1985,1,0,0,0,0,0,0,0,0,1
942,1989,3,3,1,0,0,0,0,0,0,0
942,1990,3,2,0,0,0,0,0,1,1,0
942,1991,3,3,0,0,0,0,0,0,2,0
942,1992,6,6,0,0,0,0,0,0,3,0
949,1987,5,5,0,0,0,0,0,0,2,0
957,1972,14,10,3,1,0,0,3,0,1,0
957,1973,15,13,1,0,1,0,2,0,3,0
957,1980,5,5,2,0,1,0,0,0,0,0
957,1981,2,2,0,0,0,0,0,0,0,0
958,1984,3,1,0,0,0,0,2,0,1,0
958,1985,3,3,0,0,0,0,0,0,1,0
958,1986,2,1,0,0,0,0,1,0,1,0
963,1972,9,9,0,0,0,0,0,0,5,0
963,1973,8,7,1,0,0,0,1,0,2,0
963,1974,1,0,0,0,0,0,1,0,0,0
964,1971,1,1,0,0,0,0,0,0,1,0
965,1982,2,2,0,0,0,0,0,0,1,0
991,1975,3,1,0,0,0,0,1,0,0,0
991,1980,5,3,2,0,0,0,1,0,0,1
991,1981,6,6,1,0,0,0,0,0,2,0
991,1983,3,3,1,0,0,0,0,0,2,0
997,1972,1,1,0,0,0,0,0,0,0,0
997,1973,4,2,0,0,0,0,2,0,0,0
997,1975,1,1,0,0,0,0,0,0,1,0
997,1976,8,7,0,0,0,0,1,0,4,0
1013,1990,1,1,1,0,0,0,0,0,0,0
1013,1991,4,4,2,1,0,0,0,0,0,0
1013,1992,3,2,2,0,0,0,1,0,0,0
1013,1993,4,2,0,0,0,0,2,0,1,0
1014,1976,4,2,0,0,0,0,2,0,2,0
1014,1977,7,7,3,0,0,0,0,0,3,0
1014,1978,6,4,0,0,0,0,2,0,3,0
1014,1979,2,2,0,0,0,0,0,0,0,0
1023,1968,2,2,1,0,0,0,0,0,1,0
1023,1969,3,3,1,0,0,0,0,0,2,0
1023,1971,2,1,0,0,0,0,0,0,0,0
1026,1987,3,1,0,0,0,0,2,0,0,0
1030,1969,2,2,0,0,0,0,0,0,2,0
1038,1988,1,1,0,0,0,0,0,0,0,0
1040,1972,2,2,1,0,0,1,0,0,0,0
1040,1973,10,7,3,0,0,0,3,0,1,0
1040,1974,4,3,0,0,0,0,1,0,1,0
1040,1978,11,9,1,1,0,0,2,0,4,0
1047,1980,2,2,0,0,0,0,0,0,1,0
1055,1977,10,9,2,0,0,0,1,0,5,0
1055,1978,16,12,6,3,0,0,3,0,0,1
1055,1979,6,5,2,0,0,1,1,0,1,0
1056,1984,2,2,1,1,0,0,0,0,0,0
1056,1985,4,4,2,0,0,1,0,0,2,0
1071,1981,3,3,0,0,0,0,0,0,1,0
1071,1982,5,4,0,0,0,0,0,0,0,0
1072,1989,7,4,1,0,0,0,3,0,1,0
1072,1990,8,7,3,1,1,0,1,0,4,0
1072,1992,4,3,0,0,0,0,1,0,1,0
1093,1987,5,4,2,0,0,0,1,0,0,0
1093,1988,10,10,2,0,0,0,0,0,3,0
1094,1969,1,1,0,0,0,0,0,0,1,0
1094,1970,10,8,2,0,0,0,2,0,3,0
1094,1975,6,4,1,0,0,0,2,0,1,0
1094,1978,4,4,1,0,0,0,0,0,2,0
1094,1979,5,3,0,0,0,0,2,0,3,0
1094,1980,3,3,0,0,0,0,0,0,0,0
1100,1987,6,5,2,0,0,0,1,0,1,0
1100,1988,8,4,1,0,0,0,4,0,1,0
1103,1981,5,5,0,0,0,0,0,0,0,0
1103,1983,6,5,0,0,0,0,1,0,0,0
1113,1988,1,1,1,0,0,0,0,0,0,0
1115,1980,9,9,1,0,0,0,0,0,1,0
1115,1981,3,3,0,0,0,0,0,0,1,0
1115,1989,12,9,3,0,0,0,3,0,2,0
1115,1990,1,0,0,0,0,0,1,0,0,0
1128,1990,1,1,0,0,0,0,0,0,1,0
1128,1991,3,3,1,0,0,0,0,0,2,0
1128,1992,2,1,0,0,0,0,0,1,1,0
1128,1993,3,3,2,0,0,0,0,0,0,0
1129,1989,1,1,0,0,0,0,0,0,1,0
1129,1993,3,3,1,0,0,0,0,0,1,0
1131,1972,6,6,2,0,0,0,0,0,3,0
1131,1973,4,4,2,0,0,0,0,0,1,0
1131,1974,15,12,3,0,0,0,3,0,3,0
1131,1975,10,10,2,1,0,0,0,0,3,0
1141,1969,2,2,0,0,0,0,0,0,1,0
1144,1978,5,4,0,0,0,0,1,0,2,0
1144,1979,11,10,3,1,0,0,0,0,0,1
1148,1979,4,2,1,0,0,0,2,0,1,0
1148,1984,1,1,1,0,0,0,0,0,0,0
1148,1985,5,5,1,1,0,0,0,0,2,0
1148,1986,2,2,0,0,0,0,0,0,0,0
1149,1972,2,2,0,0,0,0,0,0,1,0
1152,1989,4,3,0,0,0,0,1,0,0,0
1153,1975,11,8,1,0,0,0,3,0,2,0
1153,1976,14,11,2,1,0,0,2,0,6,0
1153,1977,12,10,2,0,1,0,2,0,4,0
1173,1971,4,4,0,0,0,0,0,0,1,0
1173,1973,4,2,1,0,0,1,2,0,1,0
1173,1974,11,9,1,0,0,0,2,0,6,0
1179,1970,8,7,1,0,0,0,1,0,4,0
1179,1971,6,4,2,0,0,0,2,0,0,0
1179,1980,9,9,1,0,0,0,0,0,0,0
1179,1981,3,2,0,0,0,0,1,0,0,0
1179,1982,5,5,2,0,0,0,0,0,0,0
1179,1983,1,1,1,0,0,0,0,0,0,0
1179,1984,6,6,1,0,0,0,0,0,0,0
1179,1985,2,2,0,0,0,0,0,0,0,0
1207,1968,3,2,1,1,0,0,1,0,0,0
1207,1969,1,1,0,0,0,0,0,0,0,0
1207,1970,5,3,1,0,0,0,2,0,2,0
1207,1971,4,4,1,0,0,0,0,0,1,0
1220,1972,1,1,0,0,0,0,0,0,1,0
1234,1988,9,6,2,1,0,0,3,0,1,0
1234,1989,8,6,1,1,0,0,2,0,4,0
1236,1989,9,9,0,0,0,0,0,0,1,0
1236,1990,1,1,1,0,0,0,0,0,0,0
1242,1989,6,5,0,0,0,0,1,0,3,0
1255,1968,4,3,0,0,0,0,1,0,2,0
1255,1969,2,2,1,0,0,0,0,0,0,0
1262,1972,12,11,4,2,0,0,1,0,3,0
1262,1973,12,10,5,3,0,0,2,0,2,0
1262,1974,16,12,2,0,0,0,4,0,5,0
1262,1975,12,9,3,0,0,0,3,0,2,0
1262,1976,14,9,3,1,0,0,5,0,1,0
1262,1977,16,9,0,0,0,0,7,0,1,0
1262,1978,4,4,2,1,0,0,0,0,1,0
1262,1979,5,3,1,0,0,0,2,0,1,0
1262,1982,3,3,1,0,0,0,0,0,1,0
1262,1985,1,1,0,0,0,0,0,0,0,0
1264,1971,1,1,0,0,0,0,0,0,1,0
1273,1983,1,1,1,0,0,0,0,0,0,0
1273,1985,2,2,1,0,0,0,0,0,0,0
1273,1986,7,5,1,1,0,0,2,0,1,0
1273,1987,9,8,0,0,0,0,1,0,1,0
1273,1988,8,6,2,0,0,0,1,0,0,0
1276,1971,3,3,0,0,0,0,0,0,0,0
1277,1971,1,1,0,0,0,0,0,0,0,0
1281,1982,3,3,0,0,0,0,0,0,0,0
1281,1983,4,2,1,0,0,0,2,0,0,0
1281,1984,7,6,2,0,0,1,1,0,0,0
1281,1985,5,4,0,0,0,0,1,0,1,0
1281,1986,10,8,2,0,0,0,2,0,4,0
1281,1987,16,15,2,0,0,0,1,0,9,0
1291,1974,22,21,0,0,0,0,1,0,6,0
1291,1975,6,5,2,0,0,0,1,0,2,0
1291,1976,19,15,4,0,1,0,4,0,4,0
1291,1977,10,8,1,1,0,0,2,0,1,0
1291,1978,11,9,4,1,0,0,2,0,0,0
1291,1979,16,15,5,0,1,0,1,0,1,0
1291,1989,8,7,4,0,0,0,1,0,2,0
1291,1990,4,3,2,0,0,0,1,0,0,0
1291,1991,7,7,3,1,0,0,0,0,0,0
1291,1992,9,8,3,0,0,0,1,0,2,0
1291,1993,3,3,1,1,0,0,0,0,0,0
1292,1972,1,1,0,0,0,0,0,0,1,0
1312,1982,1,1,0,0,0,0,0,0,0,0
1317,1968,5,5,1,0,0,0,0,0,1,0
1317,1969,7,5,0,0,0,0,2,0,4,0
1317,1970,7,7,1,0,0,0,0,0,5,0
1317,1972,12,9,2,0,0,2,3,0,2,0
1317,1973,8,6,1,1,0,0,2,0,2,0
1317,1974,15,15,4,2,0,0,0,0,6,0
1317,1975,16,11,1,1,0,0,5,0,1,0
1319,1989,15,11,1,0,0,1,2,1,6,1
1319,1990,12,11,3,0,1,0,1,0,3,0
1319,1991,7,7,2,2,0,0,0,0,0,0
1319,1992,4,4,2,0,0,0,0,0,2,0
1320,1968,2,2,0,0,0,0,0,0,1,0
1320,1969,1,1,0,0,0,0,0,0,1,0
1322,1973,4,3,1,0,0,0,1,0,0,0
1323,1972,12,11,2,0,0,0,1,0,3,0
1323,1973,14,13,1,0,0,0,0,0,7,0
1323,1974,7,5,0,0,0,0,2,0,0,0
1334,1971,1,1,0,0,0,0,0,0,0,0
1344,1982,1,1,0,0,0,0,0,0,0,0
1344,1983,7,4,2,1,0,0,3,0,1,0
1344,1984,7,7,1,0,0,0,0,0,1,0
1344,1985,6,4,1,0,0,0,2,0,0,0
1344,1986,2,2,0,0,0,0,0,0,1,0
1344,1989,3,3,0,0,0,0,0,0,1,0
1344,1990,4,3,1,0,0,0,1,0,0,0
1345,1968,12,9,3,2,0,0,2,0,3,1
1345,1969,8,6,2,0,0,0,2,0,1,0
1345,1970,1,0,0,0,0,0,1,0,0,0
1345,1971,10,4,0,0,0,0,6,0,4,0
1351,1972,12,11,3,0,0,0,1,0,3,0
1351,1973,4,3,0,0,0,0,1,0,1,0
1351,1974,12,9,3,1,0,0,3,0,0,0
1351,1976,10,8,0,0,0,0,2,0,2,0
1351,1977,3,2,0,0,0,0,1,0,0,0
1351,1978,2,1,1,0,0,0,1,0,0,0
1351,1979,4,4,1,0,0,0,0,0,0,0
1358,1981,3,3,0,0,0,0,0,0,2,0
1358,1982,5,5,0,0,0,0,0,0,0,0
1358,1983,11,10,2,0,0,0,0,1,6,0
1358,1984,8,7,2,0,0,0,1,0,2,0
1358,1985,12,9,2,1,0,0,1,1,1,1
1358,1986,6,5,2,1,0,0,0,0,1,1
1358,1987,3,3,0,0,0,0,0,0,1,0
1358,1988,4,4,1,1,0,0,0,0,1,0
1358,1992,3,3,2,0,0,0,0,0,1,0
1361,1979,3,2,1,0,0,0,0,1,0,0
1374,1983,7,6,2,1,0,0,1,0,2,0
1374,1985,3,3,1,1,0,0,0,0,1,0
1382,1984,3,3,0,0,0,0,0,0,1,0
1382,1985,2,1,1,0,0,0,1,0,0,0
1382,1986,3,3,1,0,0,0,0,0,0,0
1382,1987,2,2,0,0,0,0,0,0,0,0
1382,1988,3,3,1,0,0,0,0,0,2,0
1393,1972,12,9,0,0,0,0,3,0,2,0
1393,1973,18,14,0,0,0,0,4,0,2,0
1393,1974,1,1,0,0,0,0,0,0,1,0
1397,1989,8,7,2,1,0,0,1,0,1,0
1397,1990,6,6,1,0,0,0,0,0,1,0
1397,1991,4,3,0,0,0,0,0,0,2,1
1397,1992,6,5,2,1,0,0,1,0,3,0
1397,1993,3,2,0,0,0,0,1,0,0,0
1411,1972,4,2,0,0,0,0,2,0,1,0
1411,1974,3,2,0,0,0,0,0,0,1,0
1413,1985,3,2,1,0,0,0,1,0,1,0
1413,1986,4,4,1,0,0,1,0,0,1,0
1419,1971,1,1,0,0,0,0,0,0,1,0
1420,1970,1,1,0,0,0,0,0,0,0,0
1420,1971,9,9,3,0,0,1,0,0,2,0
1420,1972,3,2,0,0,0,0,1,0,0,0
1429,1986,4,3,0,0,0,0,0,0,1,0
1429,1987,3,3,0,0,0,0,0,0,2,0
1429,1988,3,3,0,0,0,0,0,0,3,0
1437,1966,1,1,0,0,0,0,0,0,1,0
1440,1992,7,6,2,1,0,0,1,0,0,0
1458,1988,2,2,0,0,0,0,0,0,1,0
1458,1990,7,5,0,0,0,0,1,0,2,1
1458,1993,2,2,0,0,0,0,0,0,2,0
1462,1984,1,0,0,0,0,0,1,0,0,0
1468,1987,9,9,1,0,0,0,0,0,6,0
1471,1972,4,3,0,0,0,0,1,0,1,0
1471,1973,12,12,4,0,0,0,0,0,4,0
1471,1974,9,7,1,0,0,0,2,0,1,0
1471,1975,2,1,0,0,0,0,0,1,0,0
1483,1970,3,3,0,0,0,0,0,0,1,0
1483,1971,4,4,2,0,0,0,0,0,0,0
1483,1980,7,7,0,0,0,0,0,0,0,0
1483,1981,6,4,2,0,0,0,1,0,0,1
1483,1982,8,6,1,0,0,0,2,0,0,0
1483,1989,7,6,1,0,0,0,1,0,1,0
1500,1972,3,1,0,0,0,0,2,0,1,0
1502,1989,6,6,0,0,0,0,0,0,3,0
1502,1990,3,2,0,0,0,0,1,0,1,0
1502,1992,5,3,1,0,0,0,1,0,0,1
1502,1993,1,0,0,0,0,0,1,0,0,0
1513,1973,13,11,1,0,0,0,2,0,8,0
1513,1974,11,10,2,0,0,0,1,0,5,0
1513,1975,13,13,3,0,0,0,0,0,5,0
1513,1976,4,3,0,0,0,0,1,0,3,0
1513,1977,9,6,1,0,0,0,3,0,2,0
1513,1985,3,3,0,0,0,0,0,0,1,0
1520,1970,1,0,0,0,0,0,1,0,0,0
1525,1970,3,3,1,0,0,0,0,0,1,0
1525,1971,1,0,0,0,0,0,1,0,0,0
1525,1972,3,3,0,0,0,0,0,0,2,0
1543,1989,5,4,3,0,0,0,0,1,0,0
1543,1990,4,3,1,0,0,0,1,0,0,0
1543,1991,3,3,1,0,0,0,0,0,1,0
1555,1974,6,6,0,0,0,0,0,0,1,0
1555,1975,3,1,0,0,0,0,1,0,0,1
1555,1976,14,11,2,1,0,0,2,0,3,0
1555,1977,4,3,1,0,0,0,1,0,1,0
1555,1978,8,7,2,1,0,0,1,0,2,0
1555,1979,5,5,1,0,0,0,0,0,1,0
1573,1973,12,10,4,1,0,1,2,0,2,0
1573,1974,12,12,4,2,0,0,0,0,2,0
1573,1975,8,6,1,0,0,0,2,0,4,0
1573,1976,10,8,2,0,0,0,2,0,3,0
1577,1980,2,2,0,0,0,0,0,0,1,0
1577,1982,1,1,0,0,0,0,0,0,0,0
1600,1989,4,3,0,0,0,0,1,0,2,0
1600,1992,3,2,1,0,0,0,1,0,1,0
1608,1986,2,1,1,0,0,0,1,0,0,0
1610,1981,3,1,0,0,0,0,2,0,1,0
1610,1982,7,5,1,0,0,0,2,0,2,0
1610,1983,11,10,1,0,0,1,1,0,2,0
1610,1988,14,11,5,0,0,0,2,0,2,0
1637,1982,1,1,0,0,0,0,0,0,0,0
1640,1981,8,7,3,0,0,0,1,0,1,0
1673,1989,8,8,1,0,0,1,0,0,2,0
1673,1990,13,12,2,1,0,0,1,0,4,0
1673,1993,2,1,0,0,0,0,1,0,1,0
1685,1968,6,6,0,0,0,0,0,0,4,0
1685,1969,4,3,0,0,0,0,1,0,1,0
1685,1970,13,9,1,0,0,0,4,0,1,0
1685,1971,4,3,2,2,0,0,1,0,1,0
1685,1972,2,2,0,0,0,0,0,0,1,0
1706,1972,2,2,0,0,0,0,0,0,1,0
1710,1972,18,14,3,0,0,0,3,0,5,0
1710,1973,13,13,1,0,0,0,0,0,5,0
1710,1974,10,10,2,0,0,0,0,0,2,0
1710,1975,8,7,2,0,0,0,1,0,1,0
1710,1976,15,10,2,0,0,0,4,0,2,0
1710,1977,11,7,2,0,0,0,2,0,1,0
1712,1970,1,1,0,0,0,0,0,0,0,0
1712,1971,5,5,1,0,0,0,0,0,1,0
1729,1984,1,0,0,0,0,0,0,1,0,0
1740,1987,4,4,0,0,0,0,0,0,1,0
1741,1980,2,2,0,0,0,0,0,0,1,0
1741,1984,2,2,1,0,0,0,0,0,0,0
1745,1987,9,4,0,0,0,0,5,0,2,0
1745,1988,1,0,0,0,0,0,1,0,0,0
1750,1970,1,0,0,0,0,0,1,0,0,0
1753,1979,7,7,0,0,0,0,0,0,2,0
1757,1989,4,4,1,0,0,0,0,0,2,0
1757,1990,3,2,1,0,0,1,1,0,0,0
1757,1991,6,6,1,0,0,1,0,0,2,0
1757,1992,6,6,1,0,0,0,0,0,4,0
1766,1980,2,2,0,0,0,0,0,0,1,0
1777,1970,4,4,0,0,0,0,0,0,3,0
1777,1971,6,4,0,0,0,0,2,0,1,0
1777,1974,7,5,0,0,0,0,2,0,4,0
1777,1975,3,3,2,1,0,1,0,0,0,0
1777,1976,3,2,0,0,0,0,1,0,1,0
1777,1977,8,7,2,0,0,0,1,0,3,0
1777,1978,4,4,3,0,0,0,0,0,0,0
1782,1970,1,1,0,0,0,0,0,0,0,0
1782,1971,3,2,0,0,0,0,1,0,0,0
1782,1980,4,3,1,0,0,0,1,0,1,0
1783,1968,5,5,2,0,0,0,0,0,2,0
1783,1973,7,6,3,1,0,0,1,0,3,0
1787,1972,11,10,3,1,0,0,1,0,5,0
1787,1973,24,21,6,1,0,1,3,0,9,0
1787,1974,18,13,7,0,0,1,4,0,4,0
1787,1975,12,10,4,1,1,0,2,0,1,0
1787,1976,15,12,1,0,0,0,3,0,3,0
1787,1977,16,14,3,0,1,0,2,0,6,0
1787,1978,13,13,4,0,0,0,0,0,1,0
1797,1969,2,2,0,0,0,0,0,0,2,0
1797,1980,2,1,0,0,0,0,0,0,1,0
1797,1981,2,2,0,0,0,0,0,0,2,0
1797,1985,4,4,1,1,0,0,0,0,3,0
1799,1987,4,3,0,0,0,0,0,0,2,0
1799,1988,3,3,0,0,0,0,0,0,2,0
1832,1992,2,2,0,0,0,0,0,0,2,0
1842,1980,12,9,1,0,0,0,3,0,1,0
1842,1981,3,3,0,0,0,0,0,0,0,0
1842,1982,11,9,3,1,0,0,2,0,0,0
1842,1983,9,8,3,2,0,1,1,0,1,0
1842,1984,5,5,2,0,0,1,0,0,0,0
1842,1985,4,3,2,0,0,0,1,0,1,0
1842,1986,11,10,2,0,0,0,1,0,3,0
1842,1987,2,2,0,0,0,0,0,0,1,0
1843,1989,6,6,2,1,1,0,0,0,2,0
1843,1991,12,8,3,2,0,1,2,2,2,0
1843,1993,3,3,1,0,0,1,0,0,2,0
1847,1966,1,0,0,0,0,0,1,0,0,0
1847,1970,5,4,3,0,0,0,0,0,0,1
1847,1976,9,9,2,2,0,0,0,0,1,0
1847,1977,8,8,1,0,0,0,0,0,1,0
1847,1978,8,7,2,0,0,1,1,0,1,0
1847,1979,8,7,3,1,0,0,1,0,0,0
1859,1969,1,1,0,0,0,0,0,0,0,0
1859,1970,1,1,0,0,0,0,0,0,0,0
1859,1971,4,3,0,0,0,0,1,0,0,0
1859,1980,5,3,0,0,0,0,1,0,0,1
1861,1972,11,10,1,1,0,0,0,1,2,0
1861,1973,18,15,2,1,0,0,3,0,5,0
1861,1974,4,2,0,0,0,0,2,0,2,0
1928,1972,4,4,2,0,0,0,0,0,1,0
1928,1973,3,2,0,0,0,0,1,0,2,0
1928,1974,1,1,0,0,0,0,0,0,0,0
1932,1981,2,2,0,0,0,0,0,0,1,0
1948,1970,2,2,0,0,0,0,0,0,0,0
1948,1971,9,8,2,0,0,0,1,0,2,0
1948,1982,11,9,4,1,0,0,2,0,3,0
1948,1985,1,1,0,0,0,0,0,0,1,0
1955,1968,10,9,0,0,0,0,1,0,2,0
1955,1969,1,1,0,0,0,0,0,0,0,0
1955,1970,5,4,1,0,0,1,1,0,0,0
1955,1971,4,3,0,0,0,0,1,0,0,0
1955,1973,16,15,5,1,0,2,0,0,3,1
1958,1977,4,4,1,0,0,0,0,0,0,0
1958,1978,8,6,1,0,0,0,2,0,3,0
1958,1979,5,4,2,1,1,0,1,0,0,0
1958,1985,8,8,3,1,0,1,0,0,1,0
1958,1989,3,2,2,0,0,0,1,0,0,0
1958,1990,5,5,2,1,0,1,0,0,0,0
1967,1980,21,19,5,0,0,1,2,0,3,0
1967,1982,8,7,1,0,0,0,1,0,2,0
1967,1984,7,7,2,1,0,0,0,0,3,0
1967,1985,8,8,4,0,0,0,0,0,1,0
1975,1979,4,2,0,0,0,0,1,0,0,0
1979,1972,11,8,2,1,0,0,2,0,3,0
1979,1973,8,7,3,1,0,0,0,1,1,0
1979,1974,9,8,1,1,0,0,1,0,1,0
1979,1975,10,8,4,1,0,1,2,0,2,0
1979,1976,6,6,4,1,0,0,0,0,0,0
1979,1977,12,12,1,0,0,1,0,0,2,0
1979,1978,4,2,2,0,0,0,2,0,0,0
1979,1979,9,9,0,0,0,0,0,0,1,0
1979,1980,5,4,0,0,0,0,1,0,0,0
1979,1981,6,5,2,0,0,0,1,0,0,0
1979,1982,15,11,2,1,0,0,3,0,2,1
1979,1983,9,8,1,0,0,1,1,0,3,0
1979,1984,2,1,0,0,0,0,1,0,0,0
1979,1985,3,3,0,0,0,0,0,0,2,0
1994,1978,8,5,2,0,0,0,2,1,2,0
1994,1979,3,1,0,0,0,0,2,0,0,0
1996,1984,1,1,0,0,0,0,0,0,0,0
2033,1971,3,3,0,0,0,0,0,0,3,0
2033,1977,16,12,1,0,0,0,4,0,3,0
2033,1978,8,7,2,0,0,0,1,0,2,0
2103,1989,4,4,1,0,0,1,0,0,1,0
2110,1972,2,1,0,0,0,0,1,0,0,0
2110,1973,14,12,2,1,0,0,1,0,4,1
2111,1980,7,6,2,1,0,1,1,0,0,0
2111,1981,8,7,2,1,0,0,1,0,1,0
2111,1982,14,9,4,0,1,2,5,0,0,0
2111,1983,10,8,1,1,0,0,2,0,1,0
2111,1985,7,7,2,1,0,1,0,0,2,0
2111,1987,7,5,0,0,0,0,2,0,4,0
2111,1991,3,2,0,0,0,0,1,0,1,0
2119,1972,4,4,1,0,0,1,0,0,1,0
2125,1986,11,11,1,0,0,1,0,0,4,0
2125,1987,16,15,5,0,0,2,1,0,6,0
2125,1988,12,10,6,2,0,3,2,0,2,0
2138,1968,1,0,0,0,0,0,1,0,0,0
2148,1968,3,3,0,0,0,0,0,0,0,0
2148,1969,5,5,2,0,0,0,0,0,2,0
2148,1970,4,4,0,0,0,0,0,0,2,0
2148,1971,4,4,0,0,0,0,0,0,2,0
2149,1968,3,3,1,0,0,1,0,0,2,0
2149,1969,2,2,1,0,0,0,0,0,0,0
2158,1976,8,7,2,0,0,0,0,0,1,0
2160,1969,7,5,1,0,0,0,2,0,3,0
2177,1989,4,3,0,0,0,0,1,0,0,0
2177,1991,3,2,1,0,0,0,1,0,1,0
2184,1988,4,4,0,0,0,0,0,0,3,0
2189,1973,13,10,2,0,0,0,3,0,2,0
2189,1974,10,9,4,0,0,1,1,0,1,0
2189,1975,4,4,1,0,0,0,0,0,1,0
2189,1976,4,4,0,0,0,0,0,0,3,0
2196,1968,3,2,0,0,0,0,1,0,1,0
2201,1970,1,0,0,0,0,0,1,0,0,0
2201,1971,9,7,3,1,0,1,2,0,1,0
2203,1990,4,3,1,0,0,0,1,0,0,0
2203,1991,4,3,0,0,0,0,0,0,0,0
2208,1989,9,7,1,0,0,0,2,0,4,0
2220,1985,7,6,2,0,0,0,1,0,2,0
2220,1986,4,3,0,0,0,0,1,0,1,0
2220,1987,7,6,0,0,0,0,1,0,5,0
2220,1988,2,2,0,0,0,0,0,0,2,0
2225,1977,17,13,2,1,0,0,3,0,7,1
2225,1980,6,3,1,0,0,0,3,0,1,0
2225,1981,13,10,1,0,0,0,3,0,5,0
2225,1987,4,3,1,0,0,0,1,0,1,0
2225,1988,3,3,0,0,0,0,0,0,2,0
2230,1969,3,3,1,0,0,0,0,0,2,0
2246,1973,8,7,3,1,0,0,1,0,3,0
2246,1974,7,5,1,1,0,0,2,0,1,0
2256,1970,3,3,0,0,0,0,0,0,1,0
2256,1980,10,10,2,0,1,0,0,0,2,0
2256,1981,14,12,5,0,0,0,1,0,3,1
2256,1982,7,7,1,1,0,0,0,0,1,0
2256,1983,7,6,4,1,0,0,1,0,1,0
2256,1984,10,7,1,0,0,0,3,0,1,0
2256,1985,12,10,2,0,0,0,2,0,1,0
2256,1986,6,6,0,0,0,0,0,0,2,0
2264,1972,4,4,1,0,0,0,0,0,2,0
2266,1992,2,2,0,0,0,0,0,0,1,0
2276,1987,3,3,0,0,0,0,0,0,3,0
2308,1973,4,4,0,0,0,0,0,0,1,0
2308,1974,16,16,1,0,0,1,0,0,11,0
2308,1976,10,9,3,1,0,0,0,0,4,0
2308,1978,3,2,0,0,0,0,1,0,2,0
2308,1979,11,8,3,0,0,0,1,0,2,1
2314,1992,4,4,2,1,0,0,0,0,0,0
2314,1993,3,3,1,0,0,0,0,0,1,0
2319,1987,3,3,0,0,0,0,0,0,0,0
2319,1991,7,7,2,0,1,0,0,0,2,0
2319,1993,3,1,0,0,0,0,2,0,0,0
2327,1977,7,6,2,0,0,1,1,0,2,0
2327,1978,3,3,0,0,0,0,0,0,1,0
2327,1985,8,6,2,0,0,0,0,0,1,2
2359,1969,4,4,1,0,0,0,0,0,1,0
2359,1971,5,4,2,1,0,0,1,0,1,0
2360,1993,2,2,1,0,0,0,0,0,0,0
2382,1990,2,2,0,0,0,0,0,0,2,0
2382,1992,4,4,1,1,0,0,0,0,1,0
2400,1974,9,8,2,0,0,0,1,0,3,0
2400,1976,15,11,1,0,0,0,4,0,2,0
2400,1977,11,10,0,0,0,0,1,0,0,0
2400,1978,7,6,1,0,0,0,1,0,2,0
2400,1979,16,14,5,0,0,0,2,0,5,0
2407,1983,3,3,1,0,0,0,0,0,1,0
2407,1987,2,2,0,0,0,0,0,0,0,0
2411,1977,6,6,0,0,0,0,0,0,0,0
2411,1979,3,3,0,0,0,0,0,0,1,0
2411,1982,3,3,0,0,0,0,0,0,1,0
2440,1969,1,1,0,0,0,0,0,0,0,0
2440,1970,7,6,1,1,0,0,1,0,2,0
2440,1971,9,8,1,1,0,0,0,0,1,0
2440,1977,4,3,0,0,0,0,1,0,1,0
2454,1978,1,1,1,0,0,0,0,0,0,0
2464,1980,11,9,2,1,0,0,2,0,2,0
2464,1981,5,4,0,0,0,0,1,0,1,0
2464,1982,8,5,1,0,0,0,2,1,4,0
2464,1983,10,7,3,0,0,0,3,0,2,0
2464,1991,6,5,3,1,0,0,1,0,1,0
2476,1975,3,3,0,0,0,0,0,0,0,0
2489,1972,4,2,1,0,0,0,2,0,0,0
2489,1973,7,4,0,0,0,0,3,0,1,0
2489,1976,8,7,2,1,0,0,1,0,2,0
2489,1983,1,0,0,0,0,0,1,0,0,0
2498,1980,1,1,0,0,0,0,0,0,1,0
2498,1981,3,2,1,0,0,0,1,0,0,0
2499,1978,4,3,1,0,0,0,1,0,0,0
2501,1971,5,2,0,0,0,0,3,0,2,0
2502,1977,9,7,2,0,0,0,1,0,2,0
2502,1978,13,10,2,0,0,0,3,0,4,0
2502,1979,6,4,1,1,0,0,2,0,2,0
2519,1976,8,7,0,0,0,0,1,0,1,0
2519,1977,15,12,3,0,0,0,2,0,0,0
2519,1978,12,11,1,0,0,0,1,0,4,0
2519,1979,9,7,1,1,0,0,1,0,2,0
2519,1981,5,5,1,0,0,0,0,0,0,0
2530,1972,5,5,0,0,0,0,0,0,3,0
2548,1992,3,3,1,0,0,0,0,0,1,0
2548,1993,6,4,2,0,0,0,1,0,0,1
2550,1980,4,4,0,0,0,0,0,0,3,0
2558,1991,3,2,0,0,0,0,1,0,2,0
2558,1992,3,3,0,0,0,0,0,0,1,0
2563,1980,1,1,0,0,0,0,0,0,1,0
2564,1977,14,10,1,0,0,0,3,0,5,0
2564,1978,4,3,0,0,0,0,1,0,2,0
2570,1972,3,3,0,0,0,0,0,0,3,0
2578,1968,7,6,1,0,0,0,1,0,0,0
2588,1986,4,4,1,0,0,0,0,0,0,0
2588,1987,5,4,2,2,0,0,1,0,1,0
2588,1988,11,9,3,1,0,1,1,0,3,1
2597,1986,2,2,0,0,0,0,0,0,1,0
2607,1972,10,9,3,0,0,0,1,0,4,0
2607,1973,12,12,3,0,0,1,0,0,3,0
2607,1974,16,14,0,0,0,0,1,0,6,1
2607,1975,7,6,0,0,0,0,1,0,4,0
2613,1978,3,1,0,0,0,0,2,0,0,0
2613,1979,4,2,1,0,0,0,2,0,0,0
2615,1986,1,0,0,0,0,0,1,0,0,0
2615,1988,7,6,2,0,0,0,1,0,1,0
2618,1971,7,6,0,0,0,0,1,0,2,0
2618,1973,1,1,0,0,0,0,0,0,0,0
2620,1968,1,1,0,0,0,0,0,0,1,0
2620,1970,4,3,2,1,0,0,1,0,0,0
2624,1989,11,9,3,1,0,0,2,0,1,0
2624,1990,12,11,2,1,0,0,1,0,3,0
2624,1991,6,6,1,0,0,0,0,0,0,0
2632,1979,4,4,0,0,0,0,0,0,1,0
2634,1966,1,0,0,0,0,0,1,0,0,0
2634,1971,1,1,0,0,0,0,0,0,0,0
2634,1972,1,1,0,0,0,0,0,0,1,0
2636,1982,15,13,3,1,0,1,2,0,5,0
2636,1983,17,15,2,0,0,0,2,0,7,0
2636,1984,7,7,1,0,0,0,0,0,2,0
2636,1985,5,4,1,0,0,0,1,0,1,0
2636,1986,7,5,0,0,0,0,2,0,0,0
2636,1987,10,10,2,0,0,0,0,0,4,0
2636,1989,12,12,2,0,0,0,0,0,3,0
2636,1991,5,5,1,1,0,0,0,0,4,0
2636,1992,3,3,1,0,0,0,0,0,0,0
2636,1993,6,6,0,0,0,0,0,0,2,0
2643,1979,4,4,1,0,0,1,0,0,1,0
2643,1981,6,5,1,0,0,0,1,0,2,0
2644,1984,3,2,0,0,0,0,1,0,2,0
2644,1986,6,5,0,0,0,0,1,0,4,0
2644,1987,5,5,1,0,0,1,0,0,4,0
2644,1988,10,9,0,0,0,0,1,0,5,0
2646,1991,8,5,1,0,0,0,3,0,2,0
2646,1992,3,2,1,0,0,0,1,0,0,0
2646,1993,3,3,2,1,0,0,0,0,0,0
2650,1982,4,4,0,0,0,0,0,0,0,0
2650,1983,1,1,0,0,0,0,0,0,1,0
2650,1984,7,6,0,0,0,0,0,1,2,0
2650,1985,6,5,1,1,0,0,1,0,1,0
2650,1986,3,2,0,0,0,0,1,0,1,0
2650,1987,1,1,0,0,0,0,0,0,1,0
2665,1984,2,1,0,0,0,0,0,0,1,0
2666,1988,3,3,0,0,0,0,0,0,1,0
2678,1968,3,3,0,0,0,0,0,0,2,0
2678,1969,1,1,1,0,1,0,0,0,0,0
2683,1986,4,4,1,0,0,0,0,0,1,0
2689,1970,6,5,1,0,0,0,1,0,0,0
2689,1972,4,4,0,0,0,0,0,0,2,0
2689,1973,9,9,4,1,0,0,0,0,0,0
2689,1974,8,7,3,0,0,0,1,0,0,0
2689,1975,13,11,3,1,0,1,2,0,0,0
2691,1968,11,11,4,1,0,0,0,0,1,0
2691,1970,4,4,0,0,0,0,0,0,0,0
2691,1971,9,7,3,0,0,0,2,0,2,0
2691,1975,6,6,1,0,0,0,0,0,4,0
2696,1980,9,8,2,1,0,0,1,0,1,0
2696,1981,6,6,1,0,0,0,0,0,3,0
2696,1982,11,9,1,0,0,0,2,0,5,0
2696,1983,13,12,3,0,0,1,0,0,3,1
2696,1984,5,5,3,0,0,0,0,0,2,0
2696,1985,11,10,1,0,0,0,0,1,1,0
2696,1986,11,10,1,0,0,0,0,1,5,0
2696,1987,7,6,3,1,0,1,1,0,2,0
2696,1988,13,13,3,1,0,2,0,0,3,0
2696,1993,3,3,2,2,0,0,0,0,0,0
2698,1971,9,9,4,0,0,0,0,0,0,0
2701,1985,2,1,1,0,0,0,0,1,0,0
2714,1975,3,3,0,0,0,0,0,0,0,0
2714,1976,3,2,0,0,0,0,1,0,1,0
2714,1977,8,8,0,0,0,0,0,0,3,0
2714,1978,3,3,1,0,0,0,0,0,0,0
2714,1979,3,3,0,0,0,0,0,0,1,0
2717,1970,4,4,0,0,0,0,0,0,3,0
2723,1985,3,3,0,0,0,0,0,0,2,0
2723,1989,6,6,0,0,0,0,0,0,3,0
2723,1990,3,3,0,0,0,0,0,0,3,0
2723,1991,2,2,0,0,0,0,0,0,2,0
2739,1980,7,7,1,0,0,0,0,0,1,0
2739,1981,8,6,3,0,0,0,2,0,0,0
2739,1982,3,3,0,0,0,0,0,0,1,0
2739,1983,5,5,0,0,0,0,0,0,0,0
2739,1984,5,4,2,1,0,0,1,0,1,0
2739,1987,2,2,0,0,0,0,0,0,2,0
2767,1984,2,2,0,0,0,0,0,0,0,0
2809,1972,4,2,0,0,0,0,2,0,1,0
2809,1975,1,1,0,0,0,0,0,0,0,0
2809,1976,4,4,0,0,0,0,0,0,2,0
2809,1977,4,3,1,0,0,0,1,0,1,0
2809,1978,2,2,0,0,0,0,0,0,2,0
2809,1979,2,2,0,0,0,0,0,0,0,0
2816,1984,3,3,1,0,0,0,0,0,1,0
2821,1973,4,3,1,0,0,0,1,0,1,0
2821,1974,15,14,3,0,0,0,1,0,1,0
2821,1975,12,11,2,0,0,0,1,0,2,0
2821,1976,14,11,2,1,0,0,3,0,3,0
2821,1977,11,9,2,1,0,0,0,0,3,0
2821,1978,4,4,1,0,0,0,0,0,0,0
2821,1979,6,4,1,0,0,0,2,0,1,0
2828,1983,4,4,1,0,0,0,0,0,0,0
2828,1984,8,7,0,0,0,0,1,0,2,0
2828,1985,8,8,3,0,0,0,0,0,0,0
2852,1987,1,1,0,0,0,0,0,0,1,0
2852,1989,8,7,4,0,0,1,1,0,0,0
2852,1991,7,7,1,1,0,0,0,0,2,0
2852,1992,7,5,1,0,0,0,1,1,1,0
2852,1993,5,5,2,0,0,0,0,0,1,0
2869,1982,1,1,0,0,0,0,0,0,0,0
2869,1983,6,5,0,0,0,0,1,0,1,0
2869,1984,3,3,0,0,0,0,0,0,1,0
2869,1985,10,9,0,0,0,0,1,0,2,0
2869,1986,6,5,0,0,0,0,1,0,2,0
2869,1987,8,6,2,0,0,0,1,1,1,0
2869,1988,3,3,1,0,0,0,0,0,0,0
2890,1988,1,1,0,0,0,0,0,0,1,0
2912,1969,1,1,0,0,0,0,0,0,0,0
2915,1968,3,2,0,0,0,0,0,0,1,0
2915,1969,2,2,2,1,0,1,0,0,0,0
2915,1970,3,1,0,0,0,0,0,0,1,0
2915,1971,2,2,0,0,0,0,0,0,1,0
2917,1970,7,5,0,0,0,0,2,0,3,0
2927,1977,4,4,1,0,0,0,0,0,1,0
2927,1978,3,2,0,0,0,0,1,0,0,0
2927,1980,2,2,0,0,0,0,0,0,1,0
2930,1978,7,6,1,0,0,0,1,0,2,0
2930,1985,8,7,3,0,0,0,1,0,3,0
2944,1991,2,1,0,0,0,0,0,0,0,0
2944,1992,6,4,1,0,0,0,1,1,0,0
2944,1993,3,3,1,1,0,0,0,0,0,0
3007,1987,1,0,0,0,0,0,1,0,0,0
3009,1971,3,3,0,0,0,0,0,0,2,0
3010,1973,1,1,0,0,0,0,0,0,1,0
3010,1974,10,9,0,0,0,0,1,0,5,0
3010,1975,7,6,2,0,0,0,1,0,2,0
3010,1976,4,2,0,0,0,0,2,0,0,0
3010,1989,15,13,5,1,0,0,1,1,2,0
3010,1990,4,3,1,0,0,0,1,0,2,0
3014,1988,2,1,0,0,0,0,0,0,1,0
3019,1970,8,6,1,0,0,0,2,0,2,0
3019,1971,4,4,2,0,0,0,0,0,0,0
3019,1976,14,13,2,0,0,0,1,0,3,0
3019,1977,8,7,0,0,0,0,1,0,4,0
3028,1988,4,3,1,0,0,0,0,0,0,0
3037,1985,2,2,0,0,0,0,0,0,1,0
3049,1980,10,8,2,0,0,1,1,0,2,1
3049,1981,3,2,0,0,0,0,1,0,1,0
3049,1982,15,12,2,1,0,0,3,0,4,0
3049,1983,6,5,0,0,0,0,1,0,2,0
3049,1984,3,1,1,0,0,0,1,0,0,1
3049,1985,14,12,3,0,0,1,2,0,2,0
3049,1986,1,1,0,0,0,0,0,0,0,0
3058,1968,2,1,0,0,0,0,0,0,1,0
3065,1989,1,1,0,0,0,0,0,0,1,0
3065,1991,6,3,1,1,0,0,3,0,1,0
3074,1972,5,5,1,0,0,0,0,0,1,0
3074,1974,8,7,1,0,0,0,1,0,1,0
3074,1975,7,7,2,0,0,0,0,0,0,0
3074,1976,5,5,0,0,0,0,0,0,0,0
3074,1977,4,3,0,0,0,0,1,0,1,0
3096,1972,18,16,1,0,0,0,1,1,8,0
3096,1973,4,4,1,0,0,1,0,0,2,0
3096,1974,9,8,0,0,0,0,1,0,5,0
3096,1975,3,3,0,0,0,0,0,0,1,0
3096,1976,3,3,0,0,0,0,0,0,2,0
3098,1985,10,10,1,0,0,0,0,0,1,0
3098,1986,1,1,0,0,0,0,0,0,0,0
3098,1987,6,6,2,0,0,0,0,0,2,0
3100,1978,4,4,2,0,0,0,0,0,0,0
3116,1985,3,2,0,0,0,0,1,0,1,0
3116,1986,5,5,0,0,0,0,0,0,1,0
3116,1987,6,6,1,0,0,0,0,0,4,0
3116,1988,12,12,1,0,0,0,0,0,6,0
3136,1980,4,3,0,0,0,0,1,0,2,0
3136,1981,6,6,3,0,0,0,0,0,0,0
3136,1982,4,3,2,0,0,0,1,0,0,0
3136,1983,1,0,0,0,0,0,1,0,0,0
3136,1984,7,7,1,0,0,0,0,0,4,0
3136,1985,7,7,1,0,0,0,0,0,4,0
3136,1986,3,3,1,0,0,1,0,0,1,0
3136,1987,5,5,1,0,0,0,0,0,1,0
3145,1979,1,1,1,0,0,0,0,0,0,0
3145,1989,4,3,0,0,0,0,1,0,1,0
3152,1985,4,4,0,0,0,0,0,0,1,0
3152,1986,13,12,4,2,0,0,1,0,3,0
3152,1987,3,3,1,0,0,0,0,0,0,0
3152,1988,8,7,2,2,0,0,1,0,0,0
3163,1980,6,6,2,0,0,0,0,0,2,0
3163,1981,3,3,2,0,0,0,0,0,0,0
3163,1982,10,9,1,0,0,0,1,0,5,0
3192,1993,3,3,0,0,0,0,0,0,0,0
3198,1968,4,3,0,0,0,0,1,0,1,0
3198,1969,2,2,1,1,0,0,0,0,0,0
3198,1970,8,7,2,0,0,0,1,0,1,0
3198,1971,6,5,0,0,0,0,1,0,1,0
3200,1978,5,4,1,0,0,0,1,0,1,0
3200,1979,3,3,0,0,0,0,0,0,1,0
3213,1981,3,3,0,0,0,0,0,0,3,0
3221,1989,15,12,1,0,0,0,2,0,3,1
3221,1990,4,4,0,0,0,0,0,0,2,0
3221,1991,1,1,1,0,0,0,0,0,0,0
3221,1992,3,2,0,0,0,0,1,0,0,0
3242,1970,1,1,0,0,0,0,0,0,1,0
3242,1971,3,3,0,0,0,0,0,0,0,0
3244,1972,2,2,0,0,0,0,0,0,0,0
3244,1973,4,3,1,0,0,0,1,0,1,0
3244,1974,8,8,1,1,0,0,0,0,3,0
3244,1975,4,3,1,0,0,0,0,0,0,1
3250,1974,3,3,1,0,0,0,0,0,1,0
3257,1988,7,7,0,0,0,0,0,0,1,0
3287,1989,1,1,0,0,0,0,0,0,1,0
3289,1972,17,15,1,1,0,0,2,0,3,0
3289,1973,4,3,1,1,0,0,1,0,0,0
3300,1983,5,4,0,0,0,0,1,0,2,0
3300,1984,6,5,1,0,0,0,1,0,2,0
3300,1985,10,10,4,0,0,0,0,0,1,0
3300,1986,2,2,0,0,0,0,0,0,1,0
3300,1988,9,9,3,1,0,0,0,0,4,0
3300,1989,9,9,1,0,0,0,0,0,6,0
3319,1989,3,3,2,1,0,0,0,0,1,0
3319,1990,10,10,1,0,0,0,0,0,4,0
3319,1993,2,2,0,0,0,0,0,0,0,0
3324,1981,1,1,1,0,0,0,0,0,0,0
3334,1976,8,7,0,0,0,0,1,0,3,0
3334,1977,9,7,1,0,0,0,2,0,1,0
3334,1978,4,3,0,0,0,0,1,0,1,0
3334,1979,7,7,3,1,0,0,0,0,2,0
3349,1972,1,0,0,0,0,0,1,0,0,0
3357,1980,10,8,1,0,0,0,1,0,2,1
3358,1980,10,9,3,0,0,0,1,0,0,0
3358,1981,8,6,0,0,0,0,2,0,2,0
3358,1982,6,6,2,1,0,1,0,0,0,0
3358,1983,14,12,1,0,0,0,2,0,2,0
3359,1973,5,4,0,0,0,0,1,0,0,0
3359,1974,8,7,2,0,0,0,1,0,5,0
3359,1975,3,3,1,0,0,1,0,0,2,0
3359,1976,10,9,1,0,0,0,0,1,3,0
3359,1977,4,4,1,0,0,0,0,0,2,0
3359,1978,6,5,0,0,0,0,1,0,2,0
3359,1979,1,1,0,0,0,0,0,0,1,0
3359,1989,6,4,0,0,0,0,2,0,0,0
3359,1990,3,3,0,0,0,0,0,0,2,0
3372,1973,4,4,0,0,0,0,0,0,4,0
3372,1976,5,4,0,0,0,0,1,0,4,0
3372,1977,9,7,1,0,0,0,2,0,4,0
3372,1978,1,1,0,0,0,0,0,0,1,0
3382,1972,11,6,1,0,0,0,4,1,1,0
3382,1976,5,4,0,0,0,0,1,0,0,0
3382,1980,13,12,2,0,0,0,1,0,0,0
3383,1968,1,0,0,0,0,0,1,0,0,0
3383,1969,2,2,0,0,0,0,0,0,1,0
3383,1971,2,2,0,0,0,0,0,0,1,0
3385,1968,9,8,2,0,0,1,1,0,1,0
3385,1969,4,3,0,0,0,0,1,0,1,0
3385,1970,1,1,0,0,0,0,0,0,0,0
3385,1971,10,9,2,2,0,0,1,0,3,0
3385,1976,4,3,0,0,0,0,1,0,1,0
3385,1977,13,11,3,0,0,0,1,0,4,0
3388,1982,2,2,0,0,0,0,0,0,2,0
3433,1989,3,3,1,0,0,0,0,0,2,0
3433,1990,3,2,0,0,0,0,1,0,0,0
3436,1989,4,4,1,1,0,0,0,0,1,0
3436,1990,2,2,0,0,0,0,0,0,2,0
3436,1992,6,6,3,0,0,0,0,0,3,0
3443,1972,3,2,0,0,0,0,1,0,2,0
3443,1973,3,3,0,0,0,0,0,0,3,0
3448,1980,3,3,1,0,0,0,0,0,2,0
3450,1988,2,2,0,0,0,0,0,0,0,0
3450,1989,6,5,1,0,0,0,1,0,1,0
3450,1990,5,5,0,0,0,0,0,0,0,0
3450,1992,1,1,0,0,0,0,0,0,0,0
3458,1971,4,3,0,0,0,0,1,0,1,0
3468,1985,3,3,0,0,0,0,0,0,3,0
3468,1986,2,1,0,0,0,0,0,0,0,0
3468,1987,2,0,0,0,0,0,0,0,0,0
3468,1988,4,4,3,0,0,0,0,0,0,0
3469,1989,4,4,0,0,0,0,0,0,2,0
3469,1990,7,6,1,0,1,0,1,0,0,0
3469,1993,3,2,0,0,0,0,1,0,0,0
3472,1970,1,0,0,0,0,0,0,1,0,0
3478,1974,4,4,2,0,1,0,0,0,1,0
3489,1990,5,4,0,0,0,0,1,0,2,0
3489,1991,4,4,1,0,0,1,0,0,1,0
3489,1992,6,5,2,0,0,1,1,0,1,0
3507,1980,1,1,0,0,0,0,0,0,0,0
3516,1983,2,2,0,0,0,0,0,0,0,0
3520,1989,8,8,3,0,0,0,0,0,2,0
3545,1972,8,7,1,0,0,0,1,0,5,0
3545,1973,16,14,1,1,0,0,0,2,7,0
3545,1974,10,9,3,0,0,0,1,0,1,0
3545,1976,13,8,3,1,0,0,4,1,2,0
3545,1977,8,6,1,0,0,0,2,0,2,0
3545,1978,8,7,2,0,1,0,1,0,3,0
3545,1989,3,3,0,0,0,0,0,0,1,0
3545,1990,3,3,0,0,0,0,0,0,3,0
3548,1972,2,0,0,0,0,0,2,0,0,0
3550,1984,8,7,2,1,0,0,1,0,2,0
3550,1985,9,7,0,0,0,0,1,1,1,0
3550,1986,7,6,2,1,0,0,1,0,2,0
3550,1988,3,3,0,0,0,0,0,0,1,0
3561,1980,9,9,2,0,0,0,0,0,1,0
3561,1981,1,1,0,0,0,0,0,0,0,0
3561,1982,8,8,2,0,0,0,0,0,3,0
3561,1983,9,8,2,0,0,0,1,0,1,0
3561,1984,3,3,1,0,0,0,0,0,0,0
3561,1985,22,19,7,1,0,0,3,0,4,0
3561,1986,6,5,0,0,0,0,1,0,4,0
3561,1987,9,8,0,0,0,0,1,0,1,0
3561,1988,4,3,1,0,0,0,1,0,0,0
3572,1989,4,3,2,1,0,0,1,0,0,0
3572,1990,10,9,2,0,1,0,1,0,4,0
3572,1992,3,3,0,0,0,0,0,0,0,0
3572,1993,3,3,0,0,0,0,0,0,0,0
3576,1968,12,9,3,0,0,0,3,0,1,0
3576,1969,8,6,1,0,0,0,2,0,1,0
3599,1980,3,3,1,1,0,0,0,0,0,0
3599,1981,4,4,0,0,0,0,0,0,0,0
3599,1982,6,6,1,0,0,0,0,0,1,0
3599,1983,8,8,1,0,0,0,0,0,1,0
3603,1978,7,5,2,0,0,0,2,0,2,0
3603,1979,2,2,0,0,0,0,0,0,1,0
3604,1983,1,0,0,0,0,0,1,0,0,0
3604,1984,6,6,2,1,1,0,0,0,1,0
3604,1985,3,3,0,0,0,0,0,0,2,0
3604,1986,3,3,0,0,0,0,0,0,1,0
3604,1988,3,3,0,0,0,0,0,0,1,0
3605,1980,7,7,2,1,0,0,0,0,0,0
3605,1981,3,2,0,0,0,0,0,0,0,0
3620,1986,3,2,1,1,0,0,1,0,0,0
3620,1987,3,3,1,0,0,0,0,0,1,0
3620,1988,1,1,0,0,0,0,0,0,0,0
3621,1975,9,9,5,0,0,0,0,0,2,0
3621,1976,9,8,2,1,0,1,1,0,4,0
3621,1977,7,5,1,0,0,0,2,0,2,0
3621,1978,12,10,2,1,0,0,2,0,6,0
3629,1972,12,11,1,0,0,0,1,0,7,0
3634,1982,2,2,0,0,0,0,0,0,1,0
3646,1972,11,9,2,0,0,0,1,1,1,0
3646,1973,7,6,3,1,0,0,1,0,1,0
3646,1974,5,3,1,0,1,0,2,0,0,0
3646,1975,3,3,2,0,0,0,0,0,0,0
3646,1976,3,2,1,0,0,0,1,0,0,0
3646,1977,4,4,0,0,0,0,0,0,2,0
3649,1971,3,1,0,0,0,0,1,1,0,0
3649,1980,4,1,1,0,0,0,3,0,0,0
3649,1981,14,14,4,0,0,0,0,0,6,0
3649,1982,11,10,1,0,0,0,1,0,3,0
3649,1983,11,10,4,2,0,0,1,0,1,0
3649,1984,9,8,2,1,0,1,1,0,3,0
3649,1986,3,3,0,0,0,0,0,0,0,0
3666,1992,3,3,0,0,0,0,0,0,3,0
3696,1982,4,4,1,0,0,0,0,0,0,0
3696,1983,8,8,1,0,0,0,0,0,2,0
3696,1984,3,3,0,0,0,0,0,0,0,0
3696,1985,5,5,2,0,0,0,0,0,0,0
3696,1986,3,2,0,0,0,0,1,0,0,0
3696,1987,10,9,2,0,0,0,1,0,1,0
3696,1989,9,9,3,1,0,0,0,0,1,0
3698,1968,11,5,1,0,0,0,6,0,2,0
3714,1972,7,7,2,0,0,0,0,0,4,0
3714,1973,14,13,4,0,0,0,1,0,5,0
3714,1974,13,8,1,0,0,0,4,1,4,0
3714,1976,4,4,0,0,0,0,0,0,0,0
3733,1974,1,0,0,0,0,0,1,0,0,0
3753,1983,3,3,0,0,0,0,0,0,2,0
3753,1984,4,3,0,0,0,0,1,0,0,0
3753,1985,3,1,0,0,0,0,1,0,0,0
3763,1990,2,2,0,0,0,0,0,0,0,0
3763,1991,4,3,1,0,0,1,1,0,1,0
3763,1992,6,4,0,0,0,0,2,0,1,0
3764,1968,2,1,0,0,0,0,1,0,1,0
3764,1969,1,1,0,0,0,0,0,0,0,0
3764,1971,1,1,1,0,0,0,0,0,0,0
3764,1972,1,1,0,0,0,0,0,0,0,0
3771,1970,2,2,0,0,0,0,0,0,0,0
3771,1977,9,8,1,0,0,0,1,0,4,0
3802,1968,6,6,2,0,0,0,0,0,0,0
3804,1989,4,4,1,0,0,1,0,0,1,0
3804,1990,3,3,0,0,0,0,0,0,0,0
3804,1991,3,3,1,1,0,0,0,0,0,0
3804,1992,6,5,0,0,0,0,1,0,2,0
3810,1989,4,4,1,0,0,0,0,0,1,0
3810,1990,2,2,0,0,0,0,0,0,1,0
3810,1991,3,3,1,0,0,1,0,0,1,0
3810,1992,6,6,1,1,0,0,0,0,3,0
3810,1993,2,2,2,1,0,0,0,0,0,0
3817,1987,3,3,0,0,0,0,0,0,1,0
3817,1988,4,3,1,0,0,0,0,1,1,0
3825,1989,7,5,0,0,0,0,2,0,1,0
3825,1991,3,3,1,0,0,0,0,0,2,0
3831,1990,7,6,1,0,0,0,1,0,2,0
3831,1991,5,3,0,0,0,0,2,0,3,0
3831,1992,3,2,0,0,0,0,0,1,1,0
3840,1970,4,4,2,0,0,0,0,0,0,0
3840,1971,4,4,1,0,0,1,0,0,2,0
3840,1973,8,8,2,0,0,0,0,0,0,0
3840,1974,11,9,0,0,0,0,2,0,3,0
3840,1975,7,6,2,1,0,1,1,0,1,0
3840,1976,5,3,2,0,0,1,2,0,0,0
3840,1977,11,10,0,0,0,0,1,0,3,0
3840,1979,7,5,3,0,0,1,2,0,1,0
3844,1978,3,3,1,0,0,0,0,0,1,0
3844,1979,5,5,1,1,0,0,0,0,2,0
3844,1989,8,7,1,0,0,0,0,0,2,1
3844,1990,8,6,2,0,0,0,2,0,1,0
3844,1991,3,3,0,0,0,0,0,0,3,0
3844,1992,4,4,2,0,0,0,0,0,1,0
3846,1987,4,4,1,0,0,1,0,0,1,0
3846,1988,7,7,2,0,0,1,0,0,4,0
3863,1988,3,2,0,0,0,0,1,0,1,0
3883,1977,1,0,0,0,0,0,0,0,0,0
3883,1978,3,2,1,0,1,0,0,0,0,1
3885,1988,1,1,0,0,0,0,0,0,1,0
3898,1973,6,5,2,1,0,0,0,0,2,1
3898,1974,12,12,2,0,0,0,0,0,1,0
3898,1975,8,6,1,0,0,0,1,0,1,1
3898,1976,8,7,2,2,0,0,1,0,2,0
3919,1982,3,3,0,0,0,0,0,0,2,0
3919,1984,5,5,1,0,0,0,0,0,1,0
3920,1972,1,1,0,0,0,0,0,0,0,0
3931,1975,7,6,2,0,0,0,1,0,1,0
3931,1976,15,13,4,1,0,1,2,0,5,0
3931,1980,6,6,3,0,0,0,0,0,0,0
3931,1987,4,4,1,0,0,0,0,0,2,0
3934,1972,1,1,0,0,0,0,0,0,1,0
3936,1969,1,1,0,0,0,0,0,0,0,0
3936,1970,2,2,0,0,0,0,0,0,0,0
3939,1971,10,8,1,0,0,0,1,1,2,0
3939,1976,17,17,3,0,0,0,0,0,4,0
3939,1977,12,11,3,1,0,0,1,0,1,0
3939,1978,20,17,6,0,2,0,2,1,2,0
3939,1979,7,7,2,0,0,0,0,0,1,0
3940,1983,2,1,0,0,0,0,0,0,0,0
3949,1971,2,2,0,0,0,0,0,0,0,0
3949,1980,21,19,9,0,0,1,2,0,0,0
3949,1981,3,2,0,0,0,0,1,0,1,0
3949,1982,10,9,2,1,0,0,0,1,3,0
3949,1983,7,7,0,0,0,0,0,0,3,0
3949,1984,8,8,1,0,0,0,0,0,2,0
3949,1985,23,21,6,1,1,0,1,0,0,1
3949,1986,6,6,2,0,0,0,0,0,2,0
3957,1970,1,1,0,0,0,0,0,0,1,0
3957,1971,8,7,0,0,0,0,1,0,4,0
3960,1993,3,3,0,0,0,0,0,0,2,0
3961,1979,1,1,0,0,0,0,0,0,1,0
3967,1978,1,1,0,0,0,0,0,0,0,0
3974,1989,6,5,0,0,0,0,1,0,3,0
3995,1990,4,4,2,0,0,1,0,0,2,0
4005,1980,8,6,1,0,0,0,2,0,3,0
4015,1991,2,0,0,0,0,0,2,0,0,0
4025,1969,2,2,0,0,0,0,0,0,1,0
4028,1988,16,12,3,1,0,1,3,0,4,0
4028,1991,7,7,2,0,0,0,0,0,2,0
4031,1970,2,1,0,0,0,0,1,0,0,0
4031,1971,1,1,0,0,0,0,0,0,0,0
4052,1982,3,3,0,0,0,0,0,0,1,0
4052,1983,6,5,0,0,0,0,1,0,3,0
4052,1990,2,2,1,1,0,0,0,0,1,0
4067,1968,2,1,0,0,0,0,0,0,1,0
4088,1983,4,3,0,0,0,0,1,0,2,0
4088,1984,11,11,4,1,1,0,0,0,0,0
4088,1986,7,7,2,0,0,0,0,0,1,0
4088,1989,4,4,2,1,0,0,0,0,1,0
4088,1990,3,3,1,0,0,0,0,0,0,0
4088,1991,3,3,1,0,0,0,0,0,1,0
4088,1992,3,3,2,0,0,0,0,0,1,0
4120,1972,3,3,0,0,0,0,0,0,3,0
4129,1972,1,1,0,0,0,0,0,0,1,0
4138,1991,2,2,0,0,0,0,0,0,2,0
4138,1992,7,7,0,0,0,0,0,0,3,0
4139,1974,5,3,0,0,0,0,1,0,1,0
4139,1976,1,1,0,0,0,0,0,0,0,0
4139,1978,6,4,1,0,0,0,2,0,2,0
4139,1979,1,1,1,0,0,0,0,0,0,0
4143,1984,2,2,0,0,0,0,0,0,0,0
4160,1984,3,3,0,0,0,0,0,0,2,0
4160,1985,3,3,0,0,0,0,0,0,1,0
4189,1976,1,1,0,0,0,0,0,0,1,0
4191,1986,3,3,0,0,0,0,0,0,1,0
4191,1991,6,4,1,1,0,0,1,0,1,0
4191,1992,7,6,3,0,0,0,0,1,0,0
4191,1993,3,3,1,0,0,0,0,0,0,0
4195,1968,8,6,0,0,0,0,2,0,1,0
4195,1969,1,1,0,0,0,0,0,0,0,0
4195,1970,2,2,1,0,0,0,0,0,0,0
4203,1984,1,1,0,0,0,0,0,0,0,0
4203,1986,2,1,0,0,0,0,1,0,0,0
4227,1983,1,1,0,0,0,0,0,0,1,0
4234,1971,1,1,0,0,0,0,0,0,1,0
4242,1985,1,1,0,0,0,0,0,0,1,0
4247,1970,6,4,1,1,0,0,1,1,3,0
4252,1988,14,10,3,1,0,0,4,0,3,0
4271,1987,1,1,0,0,0,0,0,0,1,0
4273,1971,1,1,0,0,0,0,0,0,0,0
4295,1990,5,4,1,0,0,1,0,1,2,0
4295,1991,5,3,0,0,0,0,2,0,1,0
4295,1992,3,3,2,0,0,0,0,0,0,0
4295,1993,1,1,0,0,0,0,0,0,0,0
4304,1984,7,6,4,0,0,0,0,0,1,1
4306,1973,8,8,2,0,0,0,0,0,4,0
4306,1974,2,1,0,0,0,0,1,0,0,0
4308,1986,2,1,0,0,0,0,0,0,1,0
4316,1989,10,10,2,0,0,2,0,0,2,0
4316,1990,7,6,2,1,0,0,1,0,0,0
4316,1991,3,3,0,0,0,0,0,0,0,0
4316,1993,3,2,0,0,0,0,1,0,0,0
4345,1973,11,5,0,0,0,0,6,0,1,0
4345,1974,10,9,3,1,0,0,0,1,3,0
4345,1975,15,11,2,1,0,0,4,0,2,0
4345,1976,13,10,1,0,0,0,2,1,3,0
4348,1972,4,3,1,0,0,0,0,0,2,0
4348,1973,2,2,0,0,0,0,0,0,0,0
4348,1974,5,4,1,0,0,0,1,0,2,0
4348,1975,2,2,0,0,0,0,0,0,2,0
4348,1976,8,6,2,1,0,0,2,0,1,0
4348,1977,2,1,0,0,0,0,0,1,1,0
4349,1979,11,9,2,0,0,0,1,0,2,1
4349,1988,8,8,1,0,0,0,0,0,2,0
4351,1972,9,7,0,0,0,0,1,0,3,0
4351,1973,8,6,2,0,0,0,1,0,2,0
4351,1974,5,4,2,0,0,0,0,1,1,0
4351,1975,3,3,0,0,0,0,0,0,0,0
4356,1980,10,8,2,0,0,0,2,0,2,0
4356,1981,16,15,4,1,0,0,1,0,4,0
4356,1986,5,5,2,0,0,0,0,0,2,0
4356,1987,6,6,0,0,0,0,0,0,1,0
4356,1988,10,8,2,0,0,0,1,0,1,1
4356,1990,3,3,2,0,0,0,0,0,0,0
4357,1989,10,9,3,1,0,0,1,0,2,0
4357,1990,12,10,2,0,0,2,2,0,1,0
4357,1991,6,5,1,0,0,0,1,0,2,0
4357,1992,2,1,0,0,0,0,1,0,0,0
4357,1993,1,0,0,0,0,0,1,0,0,0
4359,1981,3,3,1,0,0,0,0,0,1,0
4359,1982,1,1,0,0,0,0,0,0,1,0
4374,1980,1,0,0,0,0,0,1,0,0,0
4374,1981,1,1,0,0,0,0,0,0,0,0
4374,1983,1,1,1,0,0,0,0,0,0,0
4374,1984,2,2,1,0,0,0,0,0,1,0
4374,1985,3,1,0,0,0,0,2,0,0,0
4374,1986,3,2,0,0,0,0,1,0,0,0
4374,1987,6,6,3,0,0,0,0,0,2,0
4374,1988,13,13,0,0,0,0,0,0,0,0
4377,1985,3,3,1,1,0,0,0,0,1,0
4377,1986,2,2,0,0,0,0,0,0,2,0
4377,1988,4,4,2,1,0,0,0,0,1,0
4380,1976,4,4,1,0,0,0,0,0,1,0
4380,1977,11,9,0,0,0,0,2,0,3,0
4380,1978,2,2,0,0,0,0,0,0,2,0
4380,1979,7,4,1,1,0,0,3,0,1,0
4387,1978,11,8,1,0,0,0,3,0,4,0
4387,1979,8,8,1,1,0,0,0,0,4,0
4389,1989,8,8,1,0,0,0,0,0,2,0
4389,1990,7,6,1,0,0,0,0,1,1,0
4389,1991,9,8,0,0,0,0,1,0,3,0
4398,1982,1,1,0,0,0,0,0,0,1,0
4413,1973,8,8,1,0,0,0,0,0,4,0
4413,1974,10,8,4,0,0,0,1,0,1,1
4413,1978,6,4,1,0,0,0,2,0,0,0
4414,1980,3,3,1,0,0,0,0,0,1,0
4414,1981,3,3,0,0,0,0,0,0,1,0
4414,1982,9,8,2,0,0,1,1,0,2,0
4414,1983,10,7,4,1,0,1,2,1,1,0
4414,1984,9,8,2,0,0,0,1,0,4,0
4414,1985,9,8,2,0,0,0,1,0,0,0
4414,1987,9,7,1,0,0,0,1,0,4,1
4414,1988,6,6,0,0,0,0,0,0,3,0
4428,1989,6,6,1,0,0,0,0,0,1,0
4428,1990,10,10,2,0,0,1,0,0,0,0
4428,1991,6,6,2,0,0,0,0,0,1,0
4428,1993,2,2,0,0,0,0,0,0,0,0
4434,1984,3,2,0,0,0,0,1,0,2,0
4434,1986,2,1,0,0,0,0,1,0,1,0
4435,1981,1,1,0,0,0,0,0,0,1,0
4435,1982,3,2,0,0,0,0,0,0,1,0
4435,1983,3,3,0,0,0,0,0,0,0,0
4435,1984,3,3,0,0,0,0,0,0,2,0
4435,1985,3,3,0,0,0,0,0,0,1,0
4435,1987,1,1,0,0,0,0,0,0,0,0
4475,1987,1,1,0,0,0,0,0,0,1,0
4475,1993,3,3,1,0,0,0,0,0,0,0
4477,1982,4,4,0,0,0,0,0,0,1,0
4477,1983,6,6,1,0,0,0,0,0,0,0
4477,1984,8,8,1,0,0,0,0,0,2,0
4477,1985,23,20,7,0,0,0,2,0,3,1
4477,1986,6,6,1,0,0,0,0,0,1,0
4477,1987,10,10,3,0,1,0,0,0,1,0
4477,1988,10,9,6,0,0,0,1,0,1,0
4488,1971,3,3,0,0,0,0,0,0,1,0
4501,1969,1,1,0,0,0,0,0,0,1,0
4501,1970,1,1,1,0,0,0,0,0,0,0
4501,1971,5,4,0,0,0,0,1,0,1,0
4505,1973,4,3,0,0,0,0,1,0,0,0
4505,1974,5,1,0,0,0,0,4,0,0,0
4505,1976,5,4,0,0,0,0,1,0,3,0
4512,1993,3,2,1,0,0,0,1,0,0,0
4515,1978,13,10,0,0,0,0,3,0,8,0
4517,1984,2,2,1,0,0,0,0,0,0,0
4517,1987,4,4,0,0,0,0,0,0,1,0
4517,1988,3,3,0,0,0,0,0,0,1,0
4527,1970,1,1,0,0,0,0,0,0,1,0
4528,1983,1,1,0,0,0,0,0,0,1,0
4528,1984,3,3,0,0,0,0,0,0,1,0
4528,1989,3,3,1,1,0,0,0,0,1,0
4528,1990,7,7,1,0,0,1,0,0,1,0
4528,1991,4,4,0,0,0,0,0,0,1,0
4528,1992,4,3,0,0,0,0,1,0,1,0
4533,1968,9,9,2,0,0,1,0,0,0,0
4533,1969,1,0,0,0,0,0,1,0,0,0
4533,1970,3,2,0,0,0,0,1,0,0,0
4533,1971,3,3,1,0,0,0,0,0,2,0
4533,1972,4,4,0,0,0,0,0,0,0,0
4547,1992,3,2,1,0,0,0,0,0,0,1
4547,1993,3,3,0,0,0,0,0,0,2,0
4549,1972,5,2,0,0,0,0,3,0,2,0
4551,1986,3,3,0,0,0,0,0,0,3,0
4551,1988,10,10,2,0,0,0,0,0,4,0
4558,1982,4,4,0,0,0,0,0,0,2,0
4558,1983,4,3,1,0,0,0,0,0,2,0
4558,1987,5,5,0,0,0,0,0,0,4,0
4558,1988,6,6,1,0,0,0,0,0,5,0
4574,1978,3,3,0,0,0,0,0,0,2,0
4580,1968,1,0,0,0,0,0,0,0,0,0
4580,1970,5,3,1,0,0,0,2,0,2,0
4586,1972,1,1,0,0,0,0,0,0,1,0
4586,1974,4,4,0,0,0,0,0,0,2,0
4586,1975,1,1,0,0,0,0,0,0,1,0
4586,1976,3,3,1,0,0,0,0,0,0,0
4600,1974,5,5,1,1,0,0,0,0,3,0
4622,1980,1,1,0,0,0,0,0,0,1,0
4623,1974,12,10,2,0,1,0,2,0,3,0
4623,1975,8,6,3,0,0,0,2,0,2,0
4623,1976,10,7,1,0,0,0,3,0,0,0
4623,1977,12,9,3,0,0,0,3,0,3,0
4623,1978,4,3,0,0,0,0,1,0,1,0
4623,1979,6,5,3,0,0,0,1,0,0,0
4624,1972,1,1,0,0,0,0,0,0,0,0
4628,1977,4,3,0,0,0,0,0,0,3,0
4628,1978,7,7,4,0,0,0,0,0,1,0
4628,1979,2,0,0,0,0,0,2,0,0,0
4630,1969,5,4,1,0,0,0,0,1,1,0
4632,1982,1,1,0,0,0,0,0,0,0,0
4632,1990,3,3,1,0,0,0,0,0,0,0
4632,1991,5,4,0,0,0,0,1,0,1,0
4632,1992,8,6,3,0,0,0,0,1,0,1
4632,1993,3,3,0,0,0,0,0,0,0,0
4636,1980,6,4,2,0,0,0,1,1,1,0
4636,1982,5,5,0,0,0,0,0,0,1,0
4636,1985,7,6,3,0,0,0,1,0,2,0
4636,1986,8,6,2,1,0,0,1,0,0,1
4638,1972,12,10,3,1,0,0,2,0,3,0
4638,1973,11,10,4,1,0,0,0,0,2,0
4638,1974,1,1,0,0,0,0,0,0,0,0
4638,1976,4,2,0,0,0,0,2,0,1,0
4646,1966,1,1,1,1,0,0,0,0,0,0
4651,1981,1,1,0,0,0,0,0,0,1,0
4673,1972,5,4,0,0,0,0,1,0,2,0
4673,1974,13,10,1,0,0,0,3,0,5,0
4673,1975,5,3,0,0,0,0,2,0,1,0
4673,1976,6,3,1,0,0,0,3,0,0,0
4673,1977,11,9,1,0,0,1,1,0,4,0
4673,1978,3,2,0,0,0,0,1,0,0,0
4673,1979,5,3,1,0,0,0,2,0,0,0
4676,1972,10,10,1,0,0,0,0,0,5,0
4676,1973,16,16,6,0,1,0,0,0,1,0
4692,1968,3,3,1,0,0,0,0,0,0,0
4692,1970,3,3,0,0,0,0,0,0,1,0
4692,1973,7,6,1,0,0,0,0,0,1,1
4711,1978,4,3,1,0,0,1,1,0,1,0
4711,1979,5,4,2,1,0,0,1,0,2,0
4711,1989,4,4,0,0,0,0,0,0,3,0
4711,1990,6,5,0,0,0,0,1,0,3,0
4713,1992,4,4,0,0,0,0,0,0,2,0
4716,1987,3,3,0,0,0,0,0,0,1,0
4716,1988,4,4,0,0,0,0,0,0,1,0
4729,1986,2,2,0,0,0,0,0,0,1,0
4729,1988,3,3,0,0,0,0,0,0,1,0
4738,1992,3,3,1,0,0,0,0,0,2,0
4741,1983,3,3,0,0,0,0,0,0,1,0
4741,1984,5,3,0,0,0,0,2,0,3,0
4741,1985,11,10,3,1,0,1,1,0,2,0
4741,1986,6,5,0,0,0,0,1,0,0,0
4741,1987,12,10,2,0,0,0,2,0,3,0
4741,1988,6,6,0,0,0,0,0,0,1,0
4741,1992,7,6,2,0,0,0,1,0,2,0
4755,1973,2,2,0,0,0,0,0,0,1,0
4755,1974,16,12,1,0,0,0,4,0,5,0
4755,1975,4,4,1,0,0,0,0,0,0,0
4755,1976,4,3,0,0,0,0,1,0,3,0
4762,1966,1,1,1,0,0,0,0,0,0,0
4766,1978,3,3,0,0,0,0,0,0,1,0
4766,1979,3,3,0,0,0,0,0,0,0,0
4766,1989,3,3,0,0,0,0,0,0,3,0
4766,1990,4,4,0,0,0,0,0,0,3,0
4772,1969,2,0,0,0,0,0,2,0,0,0
4772,1971,6,4,1,0,0,0,2,0,1,0
4772,1983,1,1,0,0,0,0,0,0,1,0
4772,1985,1,1,0,0,0,0,0,0,0,0
4777,1983,8,6,2,1,0,0,1,0,1,0
4777,1984,11,11,1,0,0,0,0,0,1,0
4777,1985,4,4,1,0,0,0,0,0,2,0
4777,1986,8,8,4,0,0,1,0,0,1,0
4777,1987,2,2,1,0,0,0,0,0,0,0
4777,1988,1,1,0,0,0,0,0,0,0,0
4777,1989,7,6,1,0,0,0,1,0,1,0
4783,1972,2,2,1,0,0,0,0,0,1,0
4783,1973,4,4,0,0,0,0,0,0,3,0
4783,1974,11,8,3,0,0,0,3,0,2,0
4783,1975,3,3,0,0,0,0,0,0,1,0
4794,1972,8,8,1,0,0,0,0,0,1,0
4794,1977,4,4,1,0,0,0,0,0,1,0
4805,1968,7,7,1,0,0,0,0,0,0,0
4805,1970,3,3,0,0,0,0,0,0,0,0
4805,1971,3,3,1,0,1,0,0,0,0,0
4811,1993,3,3,2,0,0,0,0,0,0,0
4815,1989,4,4,0,0,0,0,0,0,2,0
4815,1990,8,7,1,0,0,1,1,0,4,0
4815,1991,3,2,0,0,0,0,1,0,1,0
4816,1973,1,1,0,0,0,0,0,0,1,0
4816,1974,6,6,1,0,0,0,0,0,4,0
4816,1975,9,6,1,0,0,0,2,0,1,0
4816,1976,7,6,0,0,0,0,1,0,2,0
4817,1972,2,2,0,0,0,0,0,0,0,0
4817,1973,4,4,2,1,0,0,0,0,1,0
4817,1974,8,6,2,1,0,1,2,0,1,0
4817,1975,8,8,3,1,0,0,0,0,1,0
4817,1976,9,8,1,0,0,0,1,0,3,0
4817,1980,9,8,3,1,0,0,1,0,3,0
4817,1981,3,2,1,0,0,0,1,0,0,0
4817,1982,10,8,3,0,0,1,2,0,1,0
4817,1983,3,3,3,0,0,0,0,0,0,0
4817,1984,9,6,1,0,0,0,3,0,1,0
4822,1970,9,6,2,0,0,1,2,0,1,1
4822,1973,6,6,4,0,0,0,0,0,2,0
4822,1974,23,17,3,0,0,0,6,0,7,0
4822,1975,13,11,2,0,0,1,2,0,4,0
4822,1977,7,6,1,0,0,0,1,0,4,0
4826,1979,4,4,1,0,0,0,0,0,1,0
4826,1989,4,4,1,1,0,0,0,0,2,0
4826,1990,7,6,0,0,0,0,1,0,2,0
4826,1991,7,3,0,0,0,0,4,0,0,0
4829,1981,6,6,0,0,0,0,0,0,3,0
4829,1982,2,1,0,0,0,0,1,0,1,0
4836,1972,2,2,0,0,0,0,0,0,2,0
4874,1969,4,4,1,0,0,0,0,0,1,0
4894,1971,9,6,2,0,0,0,3,0,1,0
4907,1980,9,6,1,0,0,0,3,0,1,0
4907,1981,3,1,0,0,0,0,2,0,0,0
4907,1982,10,9,1,0,0,0,1,0,2,0
4907,1983,7,5,0,0,0,0,2,0,3,0
4907,1984,6,4,2,0,0,2,2,0,0,0
4907,1985,4,3,0,0,0,0,1,0,0,0
4907,1986,12,11,4,0,0,0,1,0,2,0
4907,1987,3,2,0,0,0,0,1,0,0,0
4907,1990,2,2,0,0,0,0,0,0,1,0
4908,1980,6,6,4,1,0,0,0,0,2,0
4908,1981,8,6,1,0,0,0,1,0,1,1
4938,1972,14,13,4,1,0,1,1,0,2,0
4938,1973,6,5,1,1,0,0,1,0,2,0
4938,1974,11,10,2,0,0,1,1,0,2,0
4938,1975,10,9,1,0,0,1,1,0,2,0
4952,1980,2,2,0,0,0,0,0,0,1,0
4952,1981,3,3,0,0,0,0,0,0,0,0
4952,1982,11,11,3,1,1,0,0,0,3,0
4952,1984,10,9,1,0,0,0,1,0,3,0
4952,1985,7,6,3,1,0,0,1,0,1,0
4952,1986,3,2,1,1,0,0,1,0,0,0
4952,1987,3,3,1,0,0,0,0,0,1,0
4956,1988,6,5,0,0,0,0,0,0,1,0
4960,1985,7,6,0,0,0,0,1,0,6,0
4960,1986,1,1,0,0,0,0,0,0,0,0
4970,1968,1,1,0,0,0,0,0,0,1,0
4970,1970,3,3,0,0,0,0,0,0,1,0
4981,1968,1,1,0,0,0,0,0,0,0,0
4981,1969,1,1,0,0,0,0,0,0,0,0
4981,1970,14,9,1,0,0,0,5,0,4,0
4981,1971,2,2,0,0,0,0,0,0,0,0
5001,1990,4,4,1,1,0,0,0,0,1,0
5001,1991,6,6,1,0,0,0,0,0,2,0
5005,1991,3,3,0,0,0,0,0,0,3,0
5005,1992,2,2,0,0,0,0,0,0,0,0
5017,1987,3,2,0,0,0,0,1,0,0,0
5043,1971,4,3,0,0,0,0,1,0,2,0
5044,1969,4,4,1,0,1,0,0,0,3,0
5044,1970,4,4,0,0,0,0,0,0,2,0
5044,1973,18,15,1,1,0,0,3,0,9,0
5044,1974,14,11,1,0,0,1,3,0,7,0
5044,1975,4,4,0,0,0,0,0,0,1,0
5044,1976,13,12,4,0,0,1,1,0,4,0
5044,1977,17,16,4,0,0,2,1,0,2,0
5044,1978,3,1,0,0,0,0,2,0,1,0
5052,1976,6,5,1,0,0,0,1,0,1,0
5052,1977,7,7,1,0,0,0,0,0,2,0
5052,1978,6,3,1,0,0,1,1,0,2,1
5052,1979,4,4,1,1,0,0,0,0,2,0
5055,1993,2,2,1,1,0,0,0,0,0,0
5062,1980,3,2,0,0,0,0,1,0,1,0
5062,1982,3,3,1,0,0,0,0,0,1,0
5062,1983,7,4,0,0,0,0,2,0,2,0
5071,1987,5,5,1,0,0,0,0,0,3,0
5071,1989,3,2,0,0,0,0,0,0,1,0
5081,1991,3,3,0,0,0,0,0,0,2,0
5081,1992,1,1,0,0,0,0,0,0,1,0
5081,1993,3,3,0,0,0,0,0,0,2,0
5116,1987,1,1,0,0,0,0,0,0,0,0
5119,1973,21,19,5,0,1,0,2,0,7,0
5119,1974,2,2,0,0,0,0,0,0,1,0
5119,1975,3,3,1,0,0,0,0,0,0,0
5119,1976,3,2,0,0,0,0,1,0,2,0
5128,1984,2,1,0,0,0,0,0,0,1,0
5128,1986,1,1,0,0,0,0,0,0,1,0
5128,1987,3,3,0,0,0,0,0,0,3,0
5130,1980,4,4,0,0,0,0,0,0,2,0
5134,1980,7,5,0,0,0,0,1,0,3,0
5134,1982,2,2,1,0,0,1,0,0,1,0
5141,1972,1,1,0,0,0,0,0,0,0,0
5141,1973,7,5,2,0,1,0,2,0,1,0
5145,1972,2,2,0,0,0,0,0,0,1,0
5146,1980,6,6,2,0,0,0,0,0,1,0
5146,1981,6,5,3,0,0,1,1,0,0,0
5146,1982,13,12,3,2,0,1,1,0,3,0
5146,1983,3,3,0,0,0,0,0,0,0,0
5146,1984,2,2,0,0,0,0,0,0,1,0
5146,1985,17,15,6,1,1,0,1,0,2,1
5146,1986,11,10,2,0,0,2,1,0,0,0
5148,1991,6,6,2,0,0,1,0,0,3,0
5148,1992,4,3,1,0,1,0,0,0,1,1
5152,1984,2,2,1,0,0,0,0,0,1,0
5154,1972,5,5,1,0,0,0,0,0,2,0
5154,1973,4,2,1,0,0,0,1,1,0,0
5154,1974,5,4,2,1,0,0,1,0,1,0
5154,1976,6,5,0,0,0,0,1,0,4,0
5154,1977,8,6,2,1,0,0,2,0,2,0
5154,1978,11,10,1,0,0,0,1,0,2,0
5154,1979,5,5,0,0,0,0,0,0,4,0
5174,1981,4,3,0,0,0,0,1,0,2,0
5174,1982,15,14,4,0,0,0,1,0,5,0
5180,1972,12,9,2,0,0,0,3,0,4,0
5180,1973,13,12,4,2,0,0,1,0,3,0
5185,1991,6,5,1,0,0,0,1,0,2,0
5185,1992,4,3,1,0,0,0,1,0,1,0
5189,1972,3,3,0,0,0,0,0,0,0,0
5202,1989,11,11,3,0,0,0,0,0,5,0
5202,1990,6,6,0,0,0,0,0,0,1,0
5206,1975,8,8,4,1,0,0,0,0,3,0
5206,1976,9,6,2,1,0,0,3,0,0,0
5206,1977,14,9,4,1,0,0,4,0,3,1
5206,1978,8,7,0,0,0,0,0,0,4,0
5206,1979,7,5,2,0,0,0,2,0,1,0
5207,1980,1,1,0,0,0,0,0,0,1,0
5208,1990,3,3,1,0,0,0,0,0,2,0
5208,1992,3,3,2,1,0,0,0,0,0,0
5208,1993,1,1,1,0,0,1,0,0,0,0
5214,1985,4,2,1,0,0,0,0,0,1,0
5216,1990,3,3,1,0,0,0,0,0,1,0
5216,1991,5,4,1,1,0,0,1,0,1,0
5216,1992,7,5,2,1,0,1,2,0,1,0
5221,1980,5,4,1,0,0,0,0,0,2,1
5221,1981,5,5,2,0,0,0,0,0,1,0
5221,1982,17,15,1,0,0,0,1,0,3,0
5221,1983,9,9,2,1,0,0,0,0,4,0
5221,1984,2,2,1,0,0,0,0,0,0,0
5221,1985,13,12,4,1,0,0,1,0,3,0
5221,1986,10,10,2,0,0,1,0,0,3,0
5221,1987,6,5,1,0,0,0,1,0,3,0
5232,1983,3,3,0,0,0,0,0,0,3,0
5261,1974,3,2,0,0,0,0,1,0,1,0
5265,1989,3,2,0,0,0,0,1,0,0,0
5265,1993,2,2,1,1,0,0,0,0,0,0
5278,1968,1,1,0,0,0,0,0,0,0,0
5278,1969,4,3,0,0,0,0,1,0,0,0
5278,1970,9,8,2,1,0,0,1,0,2,0
5285,1972,3,3,2,0,0,0,0,0,0,0
5290,1968,4,3,2,0,0,0,1,0,0,0
5290,1970,9,6,2,0,0,0,2,1,1,0
5290,1971,12,6,2,0,0,0,2,4,0,0
5291,1969,3,3,1,1,0,0,0,0,1,0
5291,1970,1,1,0,0,0,0,0,0,0,0
5296,1977,3,3,0,0,0,0,0,0,2,0
5296,1978,4,3,2,0,1,0,0,0,1,1
5296,1986,3,3,1,1,0,0,0,0,1,0
5314,1970,1,1,0,0,0,0,0,0,0,0
5316,1978,8,6,1,1,0,0,2,0,1,0
5316,1980,1,1,1,1,0,0,0,0,0,0
5316,1981,1,1,0,0,0,0,0,0,0,0
5335,1991,2,1,0,0,0,0,1,0,1,0
5347,1980,3,3,0,0,0,0,0,0,1,0
5347,1981,3,3,1,0,0,0,0,0,0,0
5347,1982,6,5,2,1,0,0,1,0,1,0
5347,1983,3,3,0,0,0,0,0,0,1,0
5347,1986,1,0,0,0,0,0,1,0,0,0
5348,1978,2,1,0,0,0,0,1,0,1,0
5363,1980,3,2,0,0,0,0,1,0,0,0
5375,1989,15,15,3,0,0,2,0,0,10,0
5375,1990,4,3,0,0,0,0,1,0,1,0
5375,1991,3,2,1,1,0,0,1,0,1,0
5379,1988,2,2,0,0,0,0,0,0,2,0
5385,1969,1,1,0,0,0,0,0,0,1,0
5391,1968,4,3,2,1,0,0,1,0,0,0
5394,1972,20,17,5,2,0,2,2,0,7,1
5394,1973,12,12,2,0,0,0,0,0,3,0
5394,1974,10,6,3,1,0,0,4,0,0,0
5394,1975,4,1,0,0,0,0,3,0,1,0
5394,1976,9,5,1,0,0,1,4,0,2,0
5394,1977,13,10,1,0,0,0,3,0,5,0
5394,1978,5,3,0,0,0,0,2,0,2,0
5394,1979,8,8,1,0,0,0,0,0,2,0
5395,1979,8,7,1,0,0,0,1,0,1,0
5401,1966,1,1,1,0,0,0,0,0,0,0
5401,1968,7,5,1,0,0,0,2,0,2,0
5401,1970,6,5,1,0,0,0,1,0,0,0
5401,1971,9,8,1,0,0,0,1,0,1,0
5405,1989,3,2,1,1,0,0,1,0,1,0
5405,1990,5,5,0,0,0,0,0,0,4,0
5405,1991,4,4,1,1,0,0,0,0,1,0
5405,1992,2,2,0,0,0,0,0,0,0,0
5414,1992,3,3,1,0,0,0,0,0,1,0
5419,1988,11,11,3,1,0,0,0,0,4,0
5419,1990,3,2,0,0,0,0,1,0,0,0
5419,1991,4,4,0,0,0,0,0,0,1,0
5421,1970,5,5,0,0,0,0,0,0,1,0
5421,1971,5,4,1,0,0,0,0,1,0,0
5423,1987,9,8,0,0,0,0,1,0,1,0
5423,1988,5,5,1,0,0,0,0,0,0,0
5423,1989,3,2,0,0,0,0,1,0,1,0
5423,1990,5,5,0,0,0,0,0,0,2,0
5445,1966,1,1,0,0,0,0,0,0,1,0
5445,1970,2,2,0,0,0,0,0,0,1,0
5445,1971,2,2,0,0,0,0,0,0,1,0
5449,1972,1,1,0,0,0,0,0,0,0,0
5452,1968,9,9,1,0,0,0,0,0,0,0
5452,1969,5,4,0,0,0,0,1,0,0,0
5452,1970,1,0,0,0,0,0,0,0,0,0
5452,1971,3,3,1,0,0,0,0,0,0,0
5453,1993,3,2,0,0,0,0,1,0,0,0
5461,1992,9,8,3,1,0,0,1,0,1,0
5465,1992,3,3,1,1,0,0,0,0,1,0
5465,1993,2,2,1,0,0,0,0,0,0,0
5467,1987,10,10,2,1,0,0,0,0,4,0
5467,1988,4,4,1,0,1,0,0,0,1,0
5470,1985,8,6,0,0,0,0,2,0,3,0
5470,1986,4,4,0,0,0,0,0,0,3,0
5470,1988,7,7,1,0,0,0,0,0,0,0
5473,1969,2,2,0,0,0,0,0,0,0,0
5473,1971,1,1,1,0,0,0,0,0,0,0
5477,1990,10,9,1,0,0,0,0,1,5,0
5492,1973,1,1,0,0,0,0,0,0,1,0
5523,1968,4,4,0,0,0,0,0,0,3,0
5523,1969,4,3,0,0,0,0,1,0,0,0
5523,1972,6,5,1,0,0,0,1,0,2,0
5523,1973,11,11,2,2,0,0,0,0,6,0
5523,1974,12,9,3,1,1,0,3,0,2,0
5523,1976,9,8,2,0,0,0,1,0,3,0
5531,1968,3,3,0,0,0,0,0,0,0,0
5534,1979,2,1,0,0,0,0,1,0,0,0
5534,1980,4,4,0,0,0,0,0,0,1,0
5543,1968,5,4,1,0,0,0,0,1,1,0
5543,1969,3,2,1,0,0,0,1,0,1,0
5543,1970,9,9,1,0,0,0,0,0,3,0
5543,1971,5,3,0,0,0,0,1,1,2,0
5543,1973,7,5,1,0,0,0,2,0,1,0
5543,1975,13,12,2,1,0,0,1,0,3,0
5545,1972,5,5,1,0,0,0,0,0,3,0
5550,1968,3,3,0,0,0,0,0,0,2,0
5550,1970,3,2,0,0,0,0,1,0,1,0
5553,1985,3,3,3,1,0,0,0,0,0,0
5553,1986,9,5,1,1,0,0,4,0,2,0
5553,1987,2,2,0,0,0,0,0,0,0,0
5553,1988,8,6,2,0,0,0,2,0,2,0
5555,1972,7,7,1,0,0,0,0,0,2,0
5555,1973,4,3,1,1,0,0,1,0,0,0
5555,1980,11,10,2,1,0,0,0,1,1,0
5555,1981,1,1,0,0,0,0,0,0,0,0
5555,1982,2,2,1,0,0,0,0,0,0,0
5555,1984,1,1,0,0,0,0,0,0,1,0
5556,1986,2,1,0,0,0,0,1,0,1,0
5571,1989,4,2,0,0,0,0,2,0,1,0
5571,1990,11,11,1,0,1,0,0,0,3,0
5571,1991,9,8,2,0,0,0,0,0,1,1
5571,1992,4,4,0,0,0,0,0,0,1,0
5571,1993,3,3,0,0,0,0,0,0,0,0
5572,1978,16,13,4,2,0,0,2,0,2,1
5572,1979,10,9,4,1,1,0,1,0,0,0
5584,1983,3,3,0,0,0,0,0,0,0,0
5584,1984,3,3,2,1,0,0,0,0,0,0
5604,1973,6,3,0,0,0,0,2,0,2,0
5604,1974,4,4,0,0,0,0,0,0,1,0
5604,1975,4,4,1,0,0,0,0,0,2,0
5604,1978,1,1,0,0,0,0,0,0,1,0
5604,1979,4,4,1,0,0,0,0,0,0,0
5626,1972,6,5,0,0,0,0,0,0,4,1
5636,1988,2,1,0,0,0,0,1,0,1,0
5648,1966,1,1,0,0,0,0,0,0,0,0
5648,1968,5,3,0,0,0,0,2,0,1,0
5648,1969,8,6,1,0,0,0,2,0,2,0
5648,1970,1,1,0,0,0,0,0,0,0,0
5652,1984,2,2,0,0,0,0,0,0,1,0
5653,1977,13,12,2,1,0,0,1,0,5,0
5653,1978,11,6,0,0,0,0,4,0,4,0
5653,1979,5,5,1,0,0,1,0,0,0,0
5653,1981,6,5,2,0,0,0,1,0,1,0
5653,1982,7,7,3,1,0,1,0,0,4,0
5653,1983,10,7,0,0,0,0,3,0,3,0
5657,1981,2,2,0,0,0,0,0,0,1,0
5663,1987,10,9,1,0,0,0,1,0,2,0
5664,1988,1,1,0,0,0,0,0,0,0,0
5678,1977,4,3,1,0,0,0,1,0,2,0
5678,1980,4,4,1,0,0,0,0,0,1,0
5678,1981,2,2,0,0,0,0,0,0,1,0
5678,1982,2,2,0,0,0,0,0,0,1,0
5678,1983,1,1,1,0,0,0,0,0,0,0
5678,1985,1,1,0,0,0,0,0,0,0,0
5680,1992,2,2,0,0,0,0,0,0,0,0
5684,1972,2,2,1,1,0,0,0,0,0,0
5685,1990,3,3,0,0,0,0,0,0,2,0
5685,1993,3,2,0,0,0,0,1,0,0,0
5687,1969,3,3,1,0,0,0,0,0,1,0
5689,1970,4,3,2,0,0,0,1,0,1,0
5689,1971,1,1,0,0,0,0,0,0,1,0
5689,1976,4,4,0,0,0,0,0,0,0,0
5689,1980,1,1,0,0,0,0,0,0,1,0
5695,1989,15,14,2,1,0,0,1,0,1,0
5695,1991,6,5,1,0,0,0,1,0,2,0
5695,1992,6,5,0,0,0,0,1,0,0,0
5695,1993,3,1,0,0,0,0,2,0,0,0
5717,1980,1,1,0,0,0,0,0,0,1,0
5717,1982,1,1,0,0,0,0,0,0,1,0
5724,1973,3,3,0,0,0,0,0,0,1,0
5724,1974,9,7,3,1,0,0,2,0,2,0
5736,1989,3,3,0,0,0,0,0,0,1,0
5736,1990,9,9,2,1,0,0,0,0,4,0
5736,1991,3,2,0,0,0,0,0,0,1,1
5736,1992,2,0,0,0,0,0,2,0,0,0
5736,1993,3,3,0,0,0,0,0,0,3,0
5776,1989,3,2,2,0,0,0,0,0,0,0
5776,1990,9,7,3,1,0,1,2,0,2,0
5776,1991,4,4,0,0,0,0,0,0,2,0
5776,1992,4,3,0,0,0,0,0,0,2,0
5793,1972,17,13,4,0,0,0,4,0,4,0
5793,1973,14,12,4,1,0,1,2,0,3,0
5793,1974,25,22,3,0,1,0,3,0,3,0
5793,1975,14,10,1,0,0,0,4,0,2,0
5793,1976,10,7,1,1,0,0,3,0,0,0
5793,1977,4,3,1,0,0,1,1,0,1,0
5793,1978,6,6,2,1,0,0,0,0,3,0
5793,1979,4,4,1,1,0,0,0,0,1,0
5800,1975,3,2,1,0,0,0,1,0,1,0
5809,1977,6,3,0,0,0,0,2,1,3,0
5809,1978,4,4,0,0,0,0,0,0,2,0
5809,1979,7,6,1,1,0,0,1,0,3,0
5809,1985,3,3,1,1,0,0,0,0,1,0
5812,1971,3,3,0,0,0,0,0,0,2,0
5812,1977,6,4,2,0,0,0,1,0,0,1
5821,1980,9,5,2,1,0,0,4,0,2,0
5821,1982,9,8,1,0,0,0,1,0,4,0
5822,1972,2,1,1,0,0,0,1,0,0,0
5823,1972,5,3,1,1,0,0,2,0,1,0
5823,1973,7,6,0,0,0,0,0,0,3,0
5823,1974,4,3,0,0,0,0,1,0,1,0
5825,1980,3,2,0,0,0,0,1,0,1,0
5825,1981,6,4,0,0,0,0,2,0,1,0
5825,1982,11,11,1,0,0,0,0,0,5,0
5825,1983,13,12,3,0,0,0,1,0,6,0
5825,1984,4,3,0,0,0,0,1,0,0,0
5825,1985,17,16,4,0,0,0,1,0,6,0
5825,1986,2,2,1,0,0,0,0,0,1,0
5831,1972,2,2,0,0,0,0,0,0,0,0
5837,1984,3,2,0,0,0,0,1,0,2,0
5837,1985,1,0,0,0,0,0,0,0,0,1
5847,1968,2,1,1,0,0,0,1,0,0,0
5847,1969,4,3,1,1,0,0,1,0,0,0
5847,1970,18,13,2,0,0,0,4,0,1,0
5847,1971,10,9,2,0,0,0,1,0,0,0
5847,1978,9,6,3,0,0,0,1,0,1,0
5854,1985,3,3,0,0,0,0,0,0,1,0
5854,1986,5,4,0,0,0,0,1,0,2,0
5875,1972,15,8,2,1,0,0,7,0,2,0
5875,1973,9,7,2,1,0,0,2,0,4,0
5875,1974,9,8,1,0,0,1,1,0,1,0
5875,1975,4,4,0,0,0,0,0,0,4,0
5885,1976,2,2,1,0,0,0,0,0,0,0
5891,1980,3,2,1,0,0,1,0,0,0,1
5891,1981,7,6,0,0,0,0,1,0,2,0
5891,1982,11,9,2,0,0,0,2,0,4,0
5894,1968,3,3,0,0,0,0,0,0,1,0
5894,1970,5,4,1,0,0,1,1,0,0,0
5894,1971,6,3,0,0,0,0,2,1,0,0
5894,1972,2,2,1,0,0,0,0,0,1,0
5899,1989,3,2,0,0,0,0,0,0,0,1
5914,1986,2,2,0,0,0,0,0,0,0,0
5916,1971,3,3,0,0,0,0,0,0,0,0
5918,1993,3,2,0,0,0,0,1,0,0,0
5923,1972,14,12,3,0,0,0,2,0,2,0
5923,1973,18,16,0,0,0,0,2,0,4,0
5930,1989,4,4,1,0,0,1,0,0,3,0
5930,1990,3,3,1,0,0,0,0,0,1,0
5955,1977,5,4,1,0,0,0,1,0,1,0
5955,1979,3,2,0,0,0,0,1,0,2,0
5964,1983,2,2,0,0,0,0,0,0,0,0
5967,1980,8,7,1,1,0,0,1,0,1,0
5967,1981,14,12,6,1,0,0,1,1,2,0
5967,1986,8,7,2,0,0,0,1,0,3,0
5969,1991,5,5,1,0,0,0,0,0,2,0
5969,1992,10,10,2,0,0,0,0,0,1,0
5969,1993,3,3,0,0,0,0,0,0,1,0
6007,1984,1,1,1,0,0,0,0,0,0,0
6007,1985,10,8,4,1,1,0,2,0,2,0
6007,1989,3,2,0,0,0,0,1,0,1,0
6024,1969,1,1,0,0,0,0,0,0,1,0
6024,1970,4,4,1,0,0,0,0,0,0,0
6027,1992,5,5,1,0,0,1,0,0,2,0
6058,1982,11,10,2,0,0,0,1,0,0,0
6058,1986,7,6,1,0,0,0,1,0,1,0
6059,1992,5,5,0,0,0,0,0,0,2,0
6076,1986,5,2,0,0,0,0,3,0,1,0
6076,1987,10,10,3,0,0,1,0,0,4,0
6076,1988,6,6,0,0,0,0,0,0,0,0
6077,1980,2,2,1,0,0,0,0,0,0,0
6077,1983,2,1,0,0,0,0,0,0,1,0
6077,1986,2,2,0,0,0,0,0,0,1,0
6077,1987,5,5,0,0,0,0,0,0,4,0
6085,1972,4,4,0,0,0,0,0,0,2,0
6085,1974,4,4,0,0,0,0,0,0,1,0
6085,1975,1,1,0,0,0,0,0,0,0,0
6093,1975,5,4,2,1,0,0,0,1,1,0
6093,1976,11,9,2,1,0,0,2,0,4,0
6093,1977,13,9,2,0,0,0,2,1,2,0
6093,1978,11,10,2,0,0,0,0,0,1,1
6093,1979,5,4,3,0,0,0,1,0,0,0
6093,1982,8,7,1,0,0,0,1,0,2,0
6093,1983,9,8,1,0,0,0,0,1,0,0
6093,1984,3,3,1,0,0,0,0,0,0,0
6103,1973,5,3,1,0,0,0,2,0,2,0
6103,1974,1,1,1,0,0,0,0,0,0,0
6103,1976,4,4,1,0,0,1,0,0,1,0
6105,1989,6,4,1,1,0,0,2,0,2,0
6112,1969,8,8,1,1,0,0,0,0,3,0
6114,1984,1,1,0,0,0,0,0,0,1,0
6120,1981,2,0,0,0,0,0,0,0,0,0
6120,1986,1,1,0,0,0,0,0,0,0,0
6120,1988,2,2,1,0,0,0,0,0,0,0
6121,1977,9,8,3,0,0,0,1,0,2,0
6121,1978,12,8,3,0,0,0,4,0,3,0
6121,1979,15,14,3,0,0,0,1,0,3,0
6123,1982,1,0,0,0,0,0,1,0,0,0
6123,1984,7,7,0,0,0,0,0,0,2,0
6132,1988,1,1,0,0,0,0,0,0,1,0
6135,1972,12,11,2,0,0,0,1,0,0,0
6135,1973,1,1,0,0,0,0,0,0,0,0
6135,1977,6,5,0,0,0,0,1,0,4,0
6136,1982,1,1,0,0,0,0,0,0,1,0
6141,1987,3,3,1,1,0,0,0,0,0,0
6141,1988,1,1,1,1,0,0,0,0,0,0
6158,1974,4,4,0,0,0,0,0,0,1,0
6161,1993,2,1,1,1,0,0,0,0,0,1
6164,1986,1,1,0,0,0,0,0,0,1,0
6171,1979,8,7,0,0,0,0,1,0,2,0
6171,1981,4,3,0,0,0,0,1,0,1,0
6171,1982,10,8,2,0,0,0,2,0,2,0
6171,1983,6,3,1,0,0,0,2,1,1,0
6171,1984,10,9,1,0,0,0,0,0,1,0
6171,1985,10,10,1,0,0,0,0,0,1,0
6171,1986,3,2,0,0,0,0,1,0,0,0
6171,1987,9,8,3,0,0,0,1,0,1,0
6173,1982,5,5,0,0,0,0,0,0,2,0
6173,1983,2,2,0,0,0,0,0,0,2,0
6186,1970,6,5,3,0,0,0,1,0,0,0
6191,1989,4,4,2,0,0,0,0,0,0,0
6191,1990,6,6,0,0,0,0,0,0,3,0
6191,1992,7,7,2,1,0,0,0,0,1,0
6195,1982,3,3,0,0,0,0,0,0,2,0
6195,1984,1,1,0,0,0,0,0,0,1,0
6202,1986,3,2,0,0,0,0,1,0,0,0
6202,1987,1,1,1,0,0,0,0,0,0,0
6202,1988,11,11,4,1,0,1,0,0,1,0
6203,1989,3,2,0,0,0,0,0,0,2,0
6203,1990,3,2,1,1,0,0,1,0,0,0
6203,1991,2,2,1,0,0,0,0,0,0,0
6203,1992,8,7,0,0,0,0,1,0,1,0
6223,1985,2,2,0,0,0,0,0,0,1,0
6232,1989,4,3,0,0,0,0,0,0,1,0
6237,1986,3,2,0,0,0,0,1,0,0,0
6237,1987,8,6,2,0,0,1,2,0,3,0
6237,1988,8,6,0,0,0,0,1,0,1,1
6241,1980,14,13,2,0,1,0,1,0,3,0
6243,1981,2,2,0,0,0,0,0,0,0,0
6243,1985,14,8,2,0,0,0,6,0,1,0
6243,1986,3,3,0,0,0,0,0,0,1,0
6243,1987,3,2,2,1,0,0,1,0,0,0
6243,1988,13,12,2,0,0,0,1,0,4,0
6243,1991,2,2,0,0,0,0,0,0,1,0
6247,1982,11,10,3,1,0,0,1,0,3,0
6266,1983,1,1,1,0,0,0,0,0,0,0
6305,1971,4,2,0,0,0,0,2,0,2,0
6305,1974,3,1,0,0,0,0,2,0,1,0
6306,1989,2,2,0,0,0,0,0,0,2,0
6306,1991,5,5,0,0,0,0,0,0,2,0
6317,1981,5,5,1,0,0,0,0,0,0,0
6317,1982,4,4,0,0,0,0,0,0,0,0
6317,1983,3,3,1,0,0,0,0,0,1,0
6317,1984,3,3,0,0,0,0,0,0,3,0
6318,1968,6,4,0,0,0,0,2,0,2,0
6318,1971,6,6,1,1,0,0,0,0,1,0
6320,1974,5,4,0,0,0,0,1,0,4,0
6320,1976,13,12,1,0,0,0,1,0,10,0
6320,1977,6,5,2,0,0,0,1,0,2,0
6320,1978,4,4,2,0,0,0,0,0,0,0
6320,1979,7,7,0,0,0,0,0,0,3,0
6320,1980,14,13,4,1,0,0,1,0,3,0
6328,1980,3,3,1,0,0,0,0,0,0,0
6328,1981,3,3,0,0,0,0,0,0,1,0
6328,1982,3,3,0,0,0,0,0,0,3,0
6336,1992,6,4,1,0,0,0,2,0,1,0
6341,1968,4,2,0,0,0,0,1,0,2,0
6341,1970,2,1,0,0,0,0,1,0,0,0
6343,1980,4,4,1,0,0,0,0,0,2,0
6343,1981,7,7,2,0,0,0,0,0,0,0
6343,1982,10,9,3,2,0,0,1,0,0,0
6343,1983,7,4,0,0,0,0,3,0,0,0
6343,1984,3,3,0,0,0,0,0,0,2,0
6345,1976,8,6,0,0,0,0,2,0,4,0
6345,1977,10,9,1,0,0,0,1,0,4,0
6345,1978,9,7,1,0,0,0,1,0,2,1
6345,1979,10,10,2,0,0,0,0,0,6,0
6345,1989,3,3,0,0,0,0,0,0,1,0
6345,1990,7,6,1,1,0,0,1,0,1,0
6358,1972,5,5,1,0,0,1,0,0,2,0
6358,1973,6,6,0,0,0,0,0,0,4,0
6359,1981,4,4,2,0,0,0,0,0,1,0
6359,1982,7,7,3,2,0,0,0,0,2,0
6359,1983,10,8,0,0,0,0,2,0,4,0
6359,1984,6,5,3,0,0,0,1,0,0,0
6359,1985,5,5,1,0,0,0,0,0,1,0
6359,1986,7,6,1,0,0,1,1,0,1,0
6359,1987,12,11,1,0,0,0,1,0,5,0
6359,1988,1,1,1,0,0,0,0,0,0,0
6359,1989,13,10,0,0,0,0,3,0,4,0
6359,1990,7,6,1,0,0,0,0,0,3,1
6368,1980,1,1,0,0,0,0,0,0,1,0
6368,1984,2,2,0,0,0,0,0,0,0,0
6372,1970,4,4,0,0,0,0,0,0,3,0
6372,1971,2,2,0,0,0,0,0,0,2,0
6387,1990,2,0,0,0,0,0,0,0,0,0
6394,1991,3,2,1,0,0,0,1,0,1,0
6394,1992,6,6,1,0,0,0,0,0,2,0
6403,1990,4,4,1,0,0,0,0,0,1,0
6405,1975,11,10,2,1,0,0,1,0,4,0
6405,1976,3,3,0,0,0,0,0,0,0,0
6405,1978,6,4,1,0,0,1,2,0,1,0
6405,1979,8,6,0,0,0,0,1,1,1,0
6405,1982,11,8,2,0,0,0,3,0,2,0
6405,1983,4,4,0,0,0,0,0,0,0,0
6428,1982,7,6,1,0,0,1,0,1,3,0
6437,1988,1,1,0,0,0,0,0,0,1,0
6438,1987,6,5,0,0,0,0,1,0,1,0
6438,1988,10,10,3,0,0,0,0,0,0,0
6438,1993,2,2,0,0,0,0,0,0,1,0
6454,1977,1,0,0,0,0,0,1,0,0,0
6455,1972,1,1,0,0,0,0,0,0,0,0
6462,1989,7,6,3,1,1,0,1,0,2,0
6462,1990,2,1,0,0,0,0,1,0,0,0
6465,1973,8,7,0,0,0,0,1,0,4,0
6465,1974,1,1,0,0,0,0,0,0,1,0
6467,1992,10,10,2,0,0,0,0,0,2,0
6467,1993,2,2,0,0,0,0,0,0,1,0
6469,1983,13,11,2,0,0,0,2,0,2,0
6469,1984,4,2,1,1,0,0,1,1,0,0
6475,1981,1,1,0,0,0,0,0,0,0,0
6479,1982,1,1,0,0,0,0,0,0,1,0
6485,1991,3,3,0,0,0,0,0,0,2,0
6485,1992,6,4,0,0,0,0,2,0,0,0
6500,1968,1,1,0,0,0,0,0,0,1,0
6516,1992,7,7,1,0,0,0,0,0,1,0
6516,1993,3,3,1,0,0,0,0,0,1,0
6525,1972,5,3,0,0,0,0,2,0,1,0
6526,1973,4,4,3,1,0,1,0,0,1,0
6529,1983,2,2,0,0,0,0,0,0,1,0
6537,1972,2,2,0,0,0,0,0,0,1,0
6563,1977,3,3,0,0,0,0,0,0,2,0
6564,1980,23,22,5,0,0,0,1,0,4,0
6564,1981,3,3,0,0,0,0,0,0,2,0
6607,1972,10,7,3,0,0,0,3,0,2,0
6607,1973,4,2,0,0,0,0,2,0,1,0
6607,1974,1,1,1,1,0,0,0,0,0,0
6607,1975,3,3,0,0,0,0,0,0,1,0
6609,1989,3,1,0,0,0,0,2,0,1,0
6609,1993,5,5,0,0,0,0,0,0,1,0
6614,1972,1,0,0,0,0,0,1,0,0,0
6614,1973,5,5,2,0,0,0,0,0,2,0
6614,1974,12,10,2,0,0,0,2,0,3,0
6614,1975,9,7,2,0,0,1,2,0,1,0
6614,1976,2,2,1,0,0,0,0,0,0,0
6614,1977,3,3,0,0,0,0,0,0,2,0
6614,1978,4,2,1,0,0,0,1,0,1,0
6614,1979,4,1,0,0,0,0,3,0,1,0
6657,1968,5,5,0,0,0,0,0,0,2,0
6657,1970,3,2,1,0,0,0,1,0,1,0
6657,1971,5,4,2,0,0,0,1,0,1,0
6657,1981,3,3,0,0,0,0,0,0,1,0
6673,1971,1,1,0,0,0,0,0,0,0,0
6673,1980,6,5,1,1,0,0,1,0,3,0
6679,1982,2,2,0,0,0,0,0,0,2,0
6681,1975,3,2,0,0,0,0,1,0,1,0
6681,1976,14,10,4,1,0,0,4,0,4,0
6681,1977,4,2,0,0,0,0,1,1,1,0
6681,1978,7,5,1,0,0,0,2,0,1,0
6681,1979,5,4,2,0,0,0,1,0,0,0
6681,1989,7,6,1,0,0,0,1,0,5,0
6687,1989,8,8,2,0,0,0,0,0,2,0
6687,1990,9,8,0,0,0,0,1,0,3,0
6687,1991,3,3,1,0,0,0,0,0,1,0
6690,1972,1,1,1,0,0,0,0,0,0,0
6692,1990,4,4,1,0,0,1,0,0,2,0
6692,1991,4,3,2,0,0,1,1,0,0,0
6692,1992,4,4,0,0,0,0,0,0,2,0
6699,1989,1,1,0,0,0,0,0,0,0,0
6699,1990,3,3,0,0,0,0,0,0,0,0
6699,1992,5,4,1,1,0,0,0,1,1,0
6708,1980,2,2,1,0,0,0,0,0,1,0
6723,1991,4,4,1,0,0,0,0,0,1,0
6723,1992,10,7,1,1,0,0,1,1,4,0
6723,1993,3,2,1,0,0,1,1,0,0,0
6733,1974,7,6,2,0,0,0,1,0,2,0
6733,1975,8,8,0,0,0,0,0,0,3,0
6733,1980,3,1,0,0,0,0,2,0,0,0
6734,1980,12,12,3,0,0,0,0,0,1,0
6734,1981,3,3,0,0,0,0,0,0,0,0
6734,1982,3,3,0,0,0,0,0,0,0,0
6734,1983,3,2,1,0,0,0,1,0,0,0
6734,1984,2,1,1,0,0,0,0,0,0,0
6735,1988,5,5,1,0,0,0,0,0,1,0
6738,1988,2,2,1,1,0,0,0,0,0,0
6743,1973,4,3,0,0,0,0,1,0,1,0
6743,1980,3,3,2,0,0,0,0,0,1,0
6743,1981,3,3,2,0,0,0,0,0,0,0
6743,1982,10,9,3,1,0,0,1,0,1,0
6743,1983,3,2,1,0,0,0,1,0,0,0
6743,1984,8,8,2,0,0,0,0,0,1,0
6743,1985,6,4,0,0,0,0,1,1,2,0
6743,1986,3,3,1,0,0,0,0,0,0,0
6753,1988,7,4,3,0,0,0,2,0,1,1
6772,1982,5,5,0,0,0,0,0,0,2,0
6772,1985,2,2,0,0,0,0,0,0,0,0
6772,1986,2,2,0,0,0,0,0,0,2,0
6772,1987,2,2,0,0,0,0,0,0,0,0
6793,1986,3,3,0,0,0,0,0,0,3,0
6793,1987,10,10,3,0,0,0,0,0,4,0
6793,1988,12,11,2,1,0,0,1,0,4,0
6793,1990,5,5,2,0,1,0,0,0,2,0
6793,1991,3,2,0,0,0,0,1,0,1,0
6804,1977,3,2,1,0,0,0,0,1,0,0
6813,1972,9,9,1,0,0,1,0,0,6,0
6813,1974,4,4,1,1,0,0,0,0,2,0
6817,1976,4,4,1,0,0,0,0,0,1,0
6817,1977,8,7,2,0,0,0,1,0,1,0
6817,1978,4,4,0,0,0,0,0,0,3,0
6817,1980,1,1,0,0,0,0,0,0,0,0
6825,1975,5,4,0,0,0,0,1,0,1,0
6825,1976,10,8,0,0,0,0,2,0,4,0
6825,1977,1,0,0,0,0,0,1,0,0,0
6825,1978,13,11,2,1,0,0,2,0,2,0
6825,1979,5,5,2,1,0,0,0,0,0,0
6832,1991,1,1,0,0,0,0,0,0,0,0
6837,1972,5,5,0,0,0,0,0,0,4,0
6840,1988,5,5,1,1,0,0,0,0,1,0
6856,1970,2,2,0,0,0,0,0,0,1,0
6859,1968,6,5,1,0,0,0,0,0,2,1
6874,1972,4,4,1,0,0,0,0,0,0,0
6885,1968,3,2,0,0,0,0,1,0,1,0
6892,1983,9,8,2,1,0,0,1,0,2,0
6892,1984,3,3,0,0,0,0,0,0,1,0
6892,1985,6,6,2,1,1,0,0,0,3,0
6892,1987,9,7,1,1,0,0,2,0,3,0
6892,1988,12,11,5,2,0,0,0,1,2,0
6906,1974,8,7,2,0,0,0,1,0,2,0
6906,1979,3,3,0,0,0,0,0,0,0,0
6909,1984,7,7,1,0,0,0,0,0,2,0
6909,1985,19,18,4,1,0,1,1,0,7,0
6909,1987,10,6,1,0,0,0,3,1,2,0
6909,1988,3,2,1,0,0,0,1,0,1,0
6910,1989,1,1,0,0,0,0,0,0,1,0
6910,1990,6,5,1,0,0,0,1,0,2,0
6911,1991,2,2,0,0,0,0,0,0,1,0
6911,1992,3,2,0,0,0,0,1,0,1,0
6911,1993,2,1,0,0,0,0,1,0,0,0
6919,1986,3,3,0,0,0,0,0,0,1,0
6919,1987,7,6,2,0,0,0,1,0,2,0
6919,1988,7,6,0,0,0,0,1,0,2,0
6924,1989,2,1,0,0,0,0,1,0,1,0
6924,1990,9,9,1,0,0,0,0,0,3,0
6924,1991,7,7,0,0,0,0,0,0,4,0
6924,1992,2,2,0,0,0,0,0,0,2,0
6933,1981,5,4,0,0,0,0,1,0,2,0
6945,1981,2,2,0,0,0,0,0,0,2,0
6946,1969,4,4,0,0,0,0,0,0,0,0
6947,1970,2,1,0,0,0,0,1,0,0,0
6956,1986,2,2,0,0,0,0,0,0,0,0
6959,1968,8,8,3,0,1,0,0,0,1,0
6959,1971,2,1,0,0,0,0,1,0,0,0
6959,1972,1,0,0,0,0,0,1,0,0,0
6969,1982,4,2,1,0,0,0,0,0,0,0
6969,1983,1,1,0,0,0,0,0,0,1,0
6975,1981,2,2,0,0,0,0,0,0,2,0
6975,1982,2,2,2,1,0,0,0,0,0,0
6981,1990,3,2,0,0,0,0,1,0,0,0
6981,1991,6,6,0,0,0,0,0,0,2,0
6981,1992,2,2,1,0,0,0,0,0,0,0
6994,1970,1,0,0,0,0,0,1,0,0,0
6994,1971,4,3,1,0,0,0,1,0,1,0
6996,1972,8,8,1,0,0,0,0,0,4,0
6996,1973,14,13,1,0,0,0,1,0,3,0
6996,1974,5,5,0,0,0,0,0,0,3,0
6996,1975,6,4,1,1,0,0,2,0,0,0
6996,1976,4,3,2,0,1,0,1,0,1,0
6997,1987,1,1,0,0,0,0,0,0,1,0
6998,1986,2,2,0,0,0,0,0,0,2,0
7017,1966,1,1,0,0,0,0,0,0,1,0
7046,1989,3,3,0,0,0,0,0,0,1,0
7046,1990,7,7,4,1,0,0,0,0,0,0
7046,1991,4,3,0,0,0,0,1,0,0,0
7046,1992,4,4,0,0,0,0,0,0,1,0
7047,1980,6,5,1,0,0,0,1,0,3,0
7047,1981,3,3,0,0,0,0,0,0,0,0
7047,1982,3,1,0,0,0,0,2,0,0,0
7047,1983,3,2,0,0,0,0,1,0,0,0
7047,1984,8,7,1,1,0,0,1,0,3,0
7047,1985,3,2,0,0,0,0,1,0,2,0
7056,1982,1,1,0,0,0,0,0,0,1,0
7056,1984,4,3,2,0,0,0,1,0,1,0
7056,1986,6,5,0,0,0,0,1,0,4,0
7056,1987,2,2,0,0,0,0,0,0,1,0
7068,1968,5,4,1,0,0,0,1,0,0,0
7068,1969,8,6,0,0,0,0,2,0,0,0
7068,1971,6,6,2,0,0,0,0,0,1,0
7068,1972,5,5,2,0,0,0,0,0,2,0
7074,1972,14,14,1,1,0,0,0,0,5,0
7074,1973,10,10,1,0,0,0,0,0,3,0
7074,1974,21,21,1,0,0,0,0,0,4,0
7074,1975,13,10,3,0,0,0,2,1,1,0
7074,1976,2,2,0,0,0,0,0,0,0,0
7074,1977,9,9,3,0,0,0,0,0,2,0
7078,1972,12,12,1,0,0,0,0,0,5,0
7078,1973,8,8,0,0,0,0,0,0,1,0
7078,1974,15,12,1,0,0,0,3,0,3,0
7078,1977,11,8,3,2,0,0,3,0,1,0
7080,1969,1,1,1,0,0,0,0,0,0,0
7080,1973,2,2,0,0,0,0,0,0,1,0
7082,1968,7,6,1,0,0,1,1,0,2,0
7082,1969,5,5,1,0,0,0,0,0,2,0
7082,1970,5,4,1,0,0,0,1,0,1,0
7082,1971,6,5,1,0,0,0,1,0,0,0
7082,1975,13,11,2,0,0,0,2,0,2,0
7082,1976,7,5,1,0,0,0,2,0,1,0
7082,1977,8,8,4,0,0,0,0,0,1,0
7082,1978,6,6,2,0,0,0,0,0,0,0
7082,1979,2,2,1,0,0,0,0,0,0,0
7083,1977,8,6,1,0,0,0,1,0,1,1
7083,1979,3,2,0,0,0,0,0,0,0,1
7083,1980,6,4,1,0,0,0,2,0,0,0
7083,1981,4,4,1,0,0,0,0,0,1,0
7083,1982,10,10,2,0,0,0,0,0,1,0
7083,1983,11,7,3,0,0,0,4,0,2,0
7083,1984,3,3,1,0,0,0,0,0,2,0
7090,1970,3,3,0,0,0,0,0,0,1,0
7090,1972,13,9,1,0,0,0,4,0,2,0
7090,1973,18,16,0,0,0,0,1,0,7,1
7090,1974,24,18,5,1,0,0,6,0,3,0
7090,1975,5,5,1,0,0,1,0,0,1,0
7090,1976,19,13,4,0,0,0,5,0,0,1
7090,1977,12,8,2,0,0,0,4,0,1,0
7090,1978,8,7,0,0,0,0,1,0,3,0
7090,1979,11,9,4,0,0,3,2,0,1,0
7095,1991,6,6,1,0,0,0,0,0,2,0
7095,1992,2,2,1,0,0,0,0,0,0,0
7095,1993,2,2,1,0,1,0,0,0,0,0
7100,1968,3,3,0,0,0,0,0,0,0,0
7104,1968,3,2,0,0,0,0,1,0,0,0
7104,1969,1,1,0,0,0,0,0,0,0,0
7104,1970,3,3,1,0,0,0,0,0,0,0
7104,1971,4,4,1,0,0,0,0,0,0,0
7109,1980,4,2,1,0,0,0,2,0,0,0
7109,1981,7,5,0,0,0,0,2,0,3,0
7109,1983,3,3,0,0,0,0,0,0,2,0
7109,1984,7,7,1,0,0,0,0,0,3,0
7109,1985,4,3,1,0,0,0,1,0,2,0
7109,1986,4,2,2,0,0,0,2,0,0,0
7109,1987,2,1,0,0,0,0,1,0,1,0
7118,1972,15,15,2,0,0,0,0,0,2,0
7118,1973,16,14,1,1,0,0,2,0,5,0
7118,1974,10,7,2,0,0,1,3,0,2,0
7121,1980,12,12,3,0,0,0,0,0,3,0
7121,1981,1,1,0,0,0,0,0,0,0,0
7129,1993,3,3,1,1,0,0,0,0,0,0
7144,1968,6,4,0,0,0,0,2,0,1,0
7144,1969,8,5,1,0,0,0,3,0,0,0
7144,1970,7,6,1,0,0,1,1,0,3,0
7144,1971,6,4,2,0,0,0,2,0,0,0
7161,1970,2,1,0,0,0,0,0,0,0,0
7164,1968,3,3,1,0,0,0,0,0,0,0
7164,1970,9,8,1,0,0,1,1,0,0,0
7164,1976,4,4,0,0,0,0,0,0,1,0
7170,1972,12,9,1,0,1,0,3,0,1,0
7189,1971,3,3,0,0,0,0,0,0,1,0
7198,1989,1,1,0,0,0,0,0,0,1,0
7208,1984,1,1,0,0,0,0,0,0,0,0
7213,1982,4,4,1,0,1,0,0,0,2,0
7213,1983,4,4,2,0,0,0,0,0,0,0
7213,1984,10,10,1,0,0,0,0,0,4,0
7213,1985,7,7,3,0,0,0,0,0,0,0
7213,1987,6,6,0,0,0,0,0,0,3,0
7213,1990,2,1,0,0,0,0,1,0,0,0
7217,1970,3,3,1,0,0,0,0,0,1,0
7224,1989,6,5,1,0,0,0,1,0,3,0
7224,1990,7,5,2,0,0,0,2,0,0,0
7229,1987,3,3,1,1,0,0,0,0,1,0
7229,1988,3,3,0,0,0,0,0,0,2,0
7237,1989,4,3,0,0,0,0,1,0,1,0
7237,1990,3,3,0,0,0,0,0,0,3,0
7237,1992,3,3,0,0,0,0,0,0,2,0
7245,1976,1,0,0,0,0,0,1,0,0,0
7245,1977,8,6,0,0,0,0,1,0,5,0
7245,1978,4,4,0,0,0,0,0,0,4,0
7254,1973,1,0,0,0,0,0,1,0,0,0
7254,1977,1,1,0,0,0,0,0,0,1,0
7264,1989,4,4,1,0,0,0,0,0,2,0
7264,1992,8,7,1,0,0,0,1,0,0,0
7264,1993,2,1,0,0,0,0,1,0,0,0
7279,1983,3,3,0,0,0,0,0,0,3,0
7280,1976,3,3,0,0,0,0,0,0,1,0
7281,1972,2,1,0,0,0,0,0,0,1,0
7288,1972,3,2,1,0,0,0,1,0,0,0
7291,1971,2,2,0,0,0,0,0,0,2,0
7293,1991,7,6,2,1,0,0,0,0,2,1
7293,1992,5,5,1,1,0,0,0,0,3,0
7293,1993,3,3,2,0,0,0,0,0,0,0
7294,1973,8,6,0,0,0,0,2,0,3,0
7294,1974,12,9,2,0,0,0,3,0,2,0
7294,1975,5,5,1,0,0,0,0,0,3,0
7294,1976,14,13,4,0,0,0,1,0,3,0
7294,1977,11,6,1,1,0,0,2,2,1,1
7294,1978,11,8,0,0,0,0,3,0,3,0
7294,1979,8,7,4,1,0,0,1,0,2,0
7296,1983,7,7,1,0,0,0,0,0,4,0
7296,1984,7,7,3,0,0,1,0,0,1,0
7296,1985,14,12,1,1,0,0,2,0,3,0
7296,1986,6,6,1,0,0,0,0,0,0,0
7296,1988,4,4,2,1,0,0,0,0,0,0
7296,1992,3,3,0,0,0,0,0,0,0,0
7297,1982,2,2,0,0,0,0,0,0,2,0
7297,1984,2,2,0,0,0,0,0,0,1,0
7346,1987,1,1,0,0,0,0,0,0,1,0
7348,1971,3,2,0,0,0,0,1,0,0,0
7355,1972,4,4,1,0,0,0,0,0,1,0
7355,1973,6,5,1,1,0,0,1,0,3,0
7355,1974,15,12,3,0,0,2,3,0,2,0
7355,1975,13,7,2,0,0,0,6,0,2,0
7355,1977,4,3,0,0,0,0,1,0,1,0
7359,1986,6,6,0,0,0,0,0,0,3,0
7359,1988,6,6,3,1,0,0,0,0,2,0
7359,1989,6,6,1,0,0,0,0,0,3,0
7359,1991,2,1,0,0,0,0,1,0,0,0
7369,1979,2,2,1,0,0,0,0,0,1,0
7381,1966,1,1,0,0,0,0,0,0,1,0
7381,1968,8,6,1,0,0,0,2,0,1,0
7381,1969,2,0,0,0,0,0,2,0,0,0
7381,1970,9,8,1,0,0,1,0,1,2,0
7381,1971,7,5,2,1,1,0,2,0,1,0
7406,1991,6,6,0,0,0,0,0,0,0,0
7406,1992,3,3,1,0,0,0,0,0,1,0
7406,1993,3,3,1,0,0,0,0,0,1,0
7419,1971,10,9,3,1,0,0,1,0,1,0
7427,1976,6,6,2,0,1,1,0,0,2,0
7427,1977,17,15,2,1,0,1,1,0,4,1
7427,1978,14,12,3,0,0,1,0,0,3,2
7427,1979,4,4,0,0,0,0,0,0,1,0
7430,1989,3,3,0,0,0,0,0,0,3,0
7438,1973,11,10,2,0,0,0,1,0,4,0
7438,1974,2,2,0,0,0,0,0,0,0,0
7451,1977,8,6,0,0,0,0,2,0,0,0
7451,1978,6,5,1,0,0,0,1,0,0,0
7451,1979,2,2,0,0,0,0,0,0,1,0
7466,1982,2,2,1,0,0,0,0,0,0,0
7466,1983,1,1,0,0,0,0,0,0,1,0
7476,1981,3,2,1,0,0,0,1,0,1,0
7478,1968,10,9,2,0,0,0,1,0,0,0
7478,1969,1,1,0,0,0,0,0,0,0,0
7478,1970,3,3,0,0,0,0,0,0,1,0
7478,1971,9,8,1,0,0,0,1,0,0,0
7488,1992,6,4,1,1,0,0,0,2,0,0
7488,1993,3,3,0,0,0,0,0,0,0,0
7489,1988,2,1,0,0,0,0,1,0,0,0
7500,1966,1,0,0,0,0,0,1,0,0,0
7500,1968,3,3,0,0,0,0,0,0,1,0
7500,1969,2,2,0,0,0,0,0,0,2,0
7500,1970,6,4,2,0,0,0,2,0,1,0
7500,1971,1,1,0,0,0,0,0,0,0,0
7504,1972,2,2,0,0,0,0,0,0,2,0
7504,1973,17,14,5,0,1,0,2,1,4,0
7504,1974,16,13,1,0,0,0,3,0,8,0
7504,1976,6,6,1,0,0,0,0,0,3,0
7504,1977,3,3,1,0,0,0,0,0,0,0
7505,1989,7,5,0,0,0,0,2,0,3,0
7505,1991,8,8,0,0,0,0,0,0,5,0
7518,1982,4,3,1,0,0,0,1,0,1,0
7518,1983,7,5,2,0,0,0,2,0,0,0
7518,1984,9,7,1,0,0,0,2,0,2,0
7518,1985,15,15,5,1,1,0,0,0,1,0
7518,1986,9,8,1,0,0,0,1,0,2,0
7518,1987,4,4,2,0,0,0,0,0,1,0
7520,1980,3,2,0,0,0,0,1,0,0,0
7520,1981,6,6,1,0,0,0,0,0,1,0
7525,1972,4,4,2,0,0,1,0,0,1,0
7553,1973,3,3,1,0,0,1,0,0,0,0
7553,1975,3,3,0,0,0,0,0,0,2,0
7560,1987,5,5,1,0,0,0,0,0,0,0
7560,1988,9,7,1,0,0,1,2,0,3,0
7560,1992,2,2,1,1,0,0,0,0,0,0
7566,1973,14,13,2,0,0,0,1,0,6,0
7827,1975,3,2,0,0,0,0,1,0,1,0
7827,1976,2,2,1,1,0,0,0,0,0,0
7841,1978,17,14,4,1,0,0,3,0,1,0
7841,1982,5,3,1,0,0,0,2,0,0,0
7841,1983,1,0,0,0,0,0,0,0,0,1
7846,1978,3,2,0,0,0,0,1,0,0,0
7846,1979,12,11,2,0,0,0,1,0,3,0
7846,1989,7,7,3,0,0,0,0,0,3,0
7846,1990,8,8,3,0,1,0,0,0,2,0
7846,1991,4,4,2,0,0,0,0,0,1,0
7846,1992,9,6,2,0,0,0,2,0,3,1
7846,1993,3,3,2,0,0,1,0,0,0,0
7858,1980,8,8,2,0,0,0,0,0,2,0
7858,1982,8,7,2,0,0,0,1,0,1,0
7858,1984,1,1,0,0,0,0,0,0,1,0
7861,1969,2,1,0,0,0,0,1,0,0,0
7861,1970,8,4,1,1,0,0,3,0,1,1
7861,1971,1,1,0,0,0,0,0,0,0,0
7861,1973,3,3,0,0,0,0,0,0,1,0
7861,1974,13,12,2,0,0,2,1,0,5,0
7861,1975,4,3,0,0,0,0,1,0,1,0
7861,1976,4,4,1,0,0,0,0,0,1,0
7861,1978,6,3,0,0,0,0,3,0,1,0
7861,1979,8,6,0,0,0,0,2,0,1,0
7863,1983,1,1,0,0,0,0,0,0,0,0
7871,1974,4,4,0,0,0,0,0,0,4,0
7871,1979,2,2,0,0,0,0,0,0,2,0
7878,1982,3,2,0,0,0,0,0,0,1,0
7897,1971,6,3,1,0,0,1,3,0,1,0
7897,1979,2,0,0,0,0,0,2,0,0,0
7897,1980,14,12,4,0,0,1,2,0,2,0
7897,1982,1,1,1,0,0,0,0,0,0,0
7898,1973,4,1,0,0,0,0,3,0,0,0
7914,1975,6,5,1,0,0,0,1,0,2,0
7914,1976,2,2,0,0,0,0,0,0,0,0
7914,1978,5,5,2,1,0,0,0,0,1,0
7914,1979,6,6,0,0,0,0,0,0,2,0
7933,1969,1,1,0,0,0,0,0,0,1,0
7934,1976,4,3,0,0,0,0,0,0,3,0
7943,1982,1,1,0,0,0,0,0,0,1,0
7946,1979,3,3,1,0,0,0,0,0,0,0
7952,1972,7,7,1,0,0,0,0,0,3,0
7967,1980,3,2,1,0,0,0,1,0,0,0
7967,1981,3,3,0,0,0,0,0,0,0,0
7967,1982,7,7,3,0,0,1,0,0,2,0
7967,1983,1,1,0,0,0,0,0,0,0,0
7967,1984,4,4,0,0,0,0,0,0,1,0
7967,1985,8,8,1,0,0,0,0,0,1,0
7967,1986,5,5,1,1,0,0,0,0,1,0
7967,1987,4,4,1,1,0,0,0,0,0,0
7967,1988,10,10,3,0,0,0,0,0,1,0
7969,1980,7,7,1,1,0,0,0,0,2,0
7969,1981,3,3,1,0,0,0,0,0,0,0
7969,1982,12,11,4,0,0,0,1,0,1,0
7969,1986,6,6,2,0,1,0,0,0,1,0
7977,1966,1,1,1,0,0,0,0,0,0,0
7977,1968,3,2,1,0,0,0,1,0,1,0
7977,1969,2,1,0,0,0,0,0,0,1,1
7977,1970,7,4,1,0,0,0,3,0,0,0
7977,1971,9,4,0,0,0,0,5,0,1,0
7977,1981,4,2,0,0,0,0,2,0,0,0
7977,1982,11,8,1,0,0,0,2,0,2,1
7977,1983,7,6,1,0,0,1,1,0,1,0
7991,1990,1,1,0,0,0,0,0,0,1,0
8005,1979,5,4,1,0,0,1,0,1,0,0
8005,1985,3,3,2,1,0,0,0,0,1,0
8005,1986,7,6,1,0,0,1,1,0,2,0
8005,1987,3,3,0,0,0,0,0,0,2,0
8006,1987,3,3,0,0,0,0,0,0,0,0
8006,1988,3,3,0,0,0,0,0,0,1,0
8024,1989,1,1,1,0,0,0,0,0,0,0
8025,1974,4,3,1,0,0,0,1,0,1,0
8026,1989,7,4,0,0,0,0,3,0,2,0
8026,1990,8,6,1,0,0,1,2,0,4,0
8026,1991,4,4,0,0,0,0,0,0,2,0
8029,1980,1,1,0,0,0,0,0,0,0,0
8038,1969,3,3,1,0,0,0,0,0,1,0
8051,1986,2,1,0,0,0,0,1,0,1,0
8051,1987,2,1,0,0,0,0,1,0,1,0
8051,1988,4,3,0,0,0,0,0,0,2,0
8064,1984,3,3,0,0,0,0,0,0,2,0
8067,1989,3,3,0,0,0,0,0,0,1,0
8067,1990,4,3,2,0,0,0,1,0,0,0
8067,1991,6,5,0,0,0,0,1,0,1,0
8071,1980,17,17,4,0,0,0,0,0,3,0
8071,1986,6,6,1,0,0,0,0,0,2,0
8071,1987,7,6,0,0,0,0,1,0,3,0
8071,1988,2,2,0,0,0,0,0,0,1,0
8085,1992,3,3,0,0,0,0,0,0,1,0
8091,1973,11,9,1,0,0,0,2,0,5,0
8091,1974,5,5,0,0,0,0,0,0,2,0
8091,1975,12,10,1,0,0,0,1,0,2,1
8091,1976,6,5,1,0,0,0,0,1,0,0
8091,1977,13,12,1,0,0,0,1,0,2,0
8091,1978,2,2,1,0,0,0,0,0,0,0
8091,1979,8,6,2,0,0,0,2,0,2,0
8096,1972,2,2,2,1,0,1,0,0,0,0
8096,1973,12,11,2,1,0,0,1,0,2,0
8096,1974,7,6,1,1,0,0,1,0,1,0
8096,1979,4,4,0,0,0,0,0,0,1,0
8102,1980,5,5,2,1,0,0,0,0,1,0
8102,1981,6,5,1,0,0,0,1,0,2,0
8102,1982,16,12,3,1,0,1,4,0,4,0
8102,1983,9,8,2,0,0,0,0,0,0,1
8102,1984,5,4,1,0,0,1,1,0,3,0
8102,1985,18,15,4,2,0,0,2,0,3,1
8102,1986,11,10,3,1,1,0,1,0,6,0
8102,1987,9,5,2,0,0,1,4,0,1,0
8102,1988,10,6,0,0,0,0,4,0,3,0
8103,1979,4,2,0,0,0,0,2,0,0,0
8121,1977,8,6,2,0,0,1,1,0,3,1
8121,1978,6,6,3,0,0,0,0,0,1,0
8121,1979,4,4,2,0,0,0,0,0,1,0
8124,1970,1,1,1,0,0,0,0,0,0,0
8124,1971,8,8,1,1,0,0,0,0,3,0
8126,1979,5,5,0,0,0,0,0,0,5,0
8128,1980,6,5,1,0,0,0,1,0,1,0
8130,1973,4,4,2,0,0,0,0,0,0,0
8130,1974,15,14,3,1,0,0,1,0,1,0
8130,1976,16,13,2,0,0,0,1,0,2,1
8130,1977,1,0,0,0,0,0,1,0,0,0
8144,1989,3,2,0,0,0,0,1,0,0,0
8144,1990,6,4,0,0,0,0,1,0,2,0
8144,1991,12,12,1,0,0,1,0,0,6,0
8144,1992,3,2,1,0,0,0,0,0,1,0
8144,1993,6,6,1,0,0,0,0,0,2,0
8162,1978,8,7,2,0,0,1,1,0,2,0
8162,1979,2,2,0,0,0,0,0,0,1,0
8207,1993,3,3,0,0,0,0,0,0,1,0
8218,1972,14,10,2,0,0,0,2,1,4,0
8218,1973,16,14,4,1,0,0,2,0,5,0
8218,1974,11,10,2,0,0,0,1,0,3,0
8218,1977,2,2,0,0,0,0,0,0,2,0
8232,1972,6,5,0,0,0,0,1,0,4,0
8240,1972,11,8,1,1,0,0,3,0,2,0
8240,1973,10,7,2,1,0,0,3,0,2,0
8240,1974,7,6,1,0,0,0,1,0,2,0
8240,1975,11,9,1,0,0,0,2,0,2,0
8240,1976,5,4,1,0,0,0,1,0,2,0
8240,1977,7,7,2,0,0,2,0,0,1,0
8240,1978,4,4,1,0,0,0,0,0,1,0
8240,1979,8,8,1,0,0,0,0,0,3,0
8240,1984,4,4,0,0,0,0,0,0,1,0
8240,1985,22,18,4,0,0,1,4,0,4,0
8240,1986,4,3,1,1,0,0,1,0,1,0
8240,1987,1,1,0,0,0,0,0,0,1,0
8241,1972,8,7,0,0,0,0,1,0,4,0
8241,1974,5,5,0,0,0,0,0,0,3,0
8257,1986,7,6,0,0,0,0,1,0,3,0
8257,1989,3,2,0,0,0,0,1,0,0,0
8257,1990,2,2,1,0,0,0,0,0,0,0
8257,1991,2,2,0,0,0,0,0,0,0,0
8260,1976,5,4,0,0,0,0,0,0,4,0
8260,1977,1,1,0,0,0,0,0,0,1,0
8260,1978,3,2,0,0,0,0,1,0,1,0
8260,1979,4,3,0,0,0,0,1,0,1,0
8265,1991,3,2,1,0,0,0,1,0,1,0
8281,1981,2,1,0,0,0,0,1,0,0,0
8281,1982,2,2,1,0,0,0,0,0,0,0
8281,1983,2,2,1,0,0,0,0,0,0,0
8281,1985,2,1,1,0,0,0,1,0,0,0
8285,1972,1,1,0,0,0,0,0,0,1,0
8287,1980,2,2,1,0,0,0,0,0,1,0
8287,1981,2,1,0,0,0,0,0,0,0,0
8296,1985,2,2,1,0,0,0,0,0,0,0
8329,1989,7,7,1,1,0,0,0,0,3,0
8329,1990,6,5,0,0,0,0,1,0,2,0
8329,1991,4,4,1,0,0,0,0,0,0,0
8329,1992,3,3,0,0,0,0,0,0,3,0
8332,1971,2,2,0,0,0,0,0,0,0,0
8333,1980,4,4,1,0,0,0,0,0,0,0
8333,1981,14,14,1,1,0,0,0,0,1,0
8346,1976,5,4,2,0,0,0,1,0,1,0
8346,1977,4,1,0,0,0,0,2,0,1,0
8353,1979,4,3,0,0,0,0,0,0,1,0
8357,1977,9,7,2,0,0,0,2,0,1,0
8357,1978,9,7,2,0,0,0,1,0,2,0
8357,1979,3,2,0,0,0,0,1,0,1,0
8360,1973,13,12,3,0,0,0,1,0,4,0
8360,1974,11,10,2,0,0,0,1,0,4,0
8360,1975,8,5,1,0,0,0,1,1,2,0
8360,1976,15,14,3,0,0,0,1,0,6,0
8360,1977,9,6,1,0,0,0,3,0,1,0
8360,1978,3,1,0,0,0,0,1,1,1,0
8360,1980,8,7,1,0,0,0,1,0,4,0
8362,1972,13,12,3,1,0,1,1,0,3,0
8362,1973,19,16,4,2,0,0,3,0,3,0
8362,1974,8,7,2,0,0,0,1,0,2,0
8362,1975,9,6,1,0,0,0,3,0,0,0
8367,1978,4,3,1,0,0,0,1,0,1,0
8367,1979,7,7,2,0,0,0,0,0,2,0
8400,1975,13,13,4,0,1,0,0,0,1,0
8402,1972,4,3,0,0,0,0,1,0,2,0
8406,1980,7,5,2,1,0,0,2,0,1,0
8406,1981,3,3,0,0,0,0,0,0,1,0
8406,1982,8,7,0,0,0,0,1,0,1,0
8406,1983,3,2,0,0,0,0,1,0,0,0
8406,1984,2,2,0,0,0,0,0,0,0,0
8406,1985,9,8,1,0,0,0,1,0,2,0
8406,1986,10,8,1,0,0,0,2,0,0,0
8406,1987,9,8,3,1,0,0,1,0,0,0
8406,1988,9,6,1,0,0,0,3,0,2,0
8406,1992,3,3,0,0,0,0,0,0,1,0
8412,1989,3,3,1,0,0,1,0,0,1,0
8412,1990,3,3,0,0,0,0,0,0,1,0
8414,1989,6,5,1,0,0,0,1,0,2,0
8414,1990,6,6,1,1,0,0,0,0,2,0
8414,1991,6,6,1,0,0,0,0,0,3,0
8414,1992,6,4,0,0,0,0,2,0,0,0
8427,1972,3,3,0,0,0,0,0,0,1,0
8434,1981,14,10,1,0,0,0,4,0,4,0
8434,1982,12,11,1,1,0,0,1,0,5,0
8434,1983,5,5,3,0,0,1,0,0,1,0
8434,1984,9,6,3,2,0,0,3,0,2,0
8434,1985,9,7,1,0,0,0,2,0,1,0
8434,1986,8,8,0,0,0,0,0,0,3,0
8434,1987,6,6,2,0,0,0,0,0,3,0
8434,1988,3,3,1,0,0,0,0,0,1,0
8436,1980,4,4,0,0,0,0,0,0,1,0
8436,1981,1,1,0,0,0,0,0,0,1,0
8443,1972,1,1,0,0,0,0,0,0,1,0
8443,1973,8,7,1,0,0,0,1,0,3,0
8443,1974,9,8,1,0,0,0,1,0,3,0
8443,1976,9,9,3,1,1,0,0,0,3,0
8443,1977,4,3,0,0,0,0,1,0,1,0
8443,1978,6,5,1,0,0,0,1,0,2,0
8443,1979,11,10,2,0,0,1,1,0,5,0
8459,1986,2,1,0,0,0,0,0,0,1,0
8468,1990,6,6,2,1,0,0,0,0,1,0
8468,1991,12,11,0,0,0,0,1,0,3,0
8468,1993,3,2,0,0,0,0,1,0,0,0
8470,1969,4,4,3,0,1,0,0,0,0,0
8470,1970,4,2,0,0,0,0,2,0,1,0
8470,1971,6,5,1,0,0,0,1,0,2,0
8470,1978,4,2,1,0,1,0,2,0,0,0
8470,1979,3,3,1,1,0,0,0,0,1,0
8470,1982,11,9,1,0,0,0,2,0,2,0
8470,1983,12,9,2,1,0,0,3,0,1,0
8470,1984,3,3,2,0,0,0,0,0,0,0
8470,1985,3,3,0,0,0,0,0,0,1,0
8487,1968,2,2,0,0,0,0,0,0,1,0
8489,1973,23,19,4,0,0,0,4,0,3,0
8489,1974,16,13,0,0,0,0,2,1,2,0
8489,1975,8,4,1,0,0,0,2,2,0,0
8489,1976,4,4,0,0,0,0,0,0,1,0
8509,1982,6,5,0,0,0,0,1,0,1,0
8509,1983,10,10,3,1,0,0,0,0,1,0
8514,1987,3,3,0,0,0,0,0,0,1,0
8514,1988,7,7,0,0,0,0,0,0,4,0
8518,1983,6,6,0,0,0,0,0,0,1,0
8518,1984,4,4,3,0,0,0,0,0,0,0
8518,1987,3,2,1,0,0,0,1,0,0,0
8518,1988,2,0,0,0,0,0,2,0,0,0
8530,1982,1,1,0,0,0,0,0,0,0,0
8534,1983,1,1,0,0,0,0,0,0,1,0
8534,1985,4,4,0,0,0,0,0,0,0,0
8534,1986,7,7,1,0,0,0,0,0,0,0
8534,1989,7,6,0,0,0,0,1,0,2,0
8534,1991,8,8,2,0,0,0,0,0,2,0
8534,1992,4,4,2,1,0,0,0,0,1,0
8536,1972,3,3,0,0,0,0,0,0,1,0
8536,1973,7,7,1,0,0,0,0,0,4,0
8536,1974,20,18,3,2,0,0,1,1,9,0
8536,1975,13,10,1,0,0,1,3,0,2,0
8536,1976,17,16,3,1,0,0,1,0,7,0
8536,1977,7,7,1,0,0,0,0,0,3,0
8536,1978,9,8,2,0,0,1,1,0,1,0
8536,1979,6,6,0,0,0,0,0,0,1,0
8536,1982,4,4,0,0,0,0,0,0,2,0
8547,1985,3,3,0,0,0,0,0,0,1,0
8547,1986,7,7,2,2,0,0,0,0,1,0
8547,1992,2,2,1,0,0,0,0,0,1,0
8547,1993,2,2,0,0,0,0,0,0,1,0
8559,1989,6,5,0,0,0,0,1,0,4,0
8559,1991,3,2,0,0,0,0,1,0,1,0
8559,1992,3,3,0,0,0,0,0,0,1,0
8570,1968,3,3,0,0,0,0,0,0,3,0
8570,1970,3,2,0,0,0,0,0,0,1,0
8570,1971,1,1,1,1,0,0,0,0,0,0
8586,1972,10,6,1,0,0,0,4,0,0,0
8586,1973,19,17,3,1,0,0,2,0,6,0
8586,1974,21,18,6,1,0,2,3,0,5,0
8586,1975,6,4,0,0,0,0,1,1,1,0
8586,1976,20,19,4,1,1,0,1,0,5,0
8586,1977,4,4,2,1,0,0,0,0,2,0
8586,1978,9,9,2,0,0,1,0,0,2,0
8586,1979,11,11,1,0,0,0,0,0,3,0
8586,1984,3,3,0,0,0,0,0,0,3,0
8591,1980,6,5,0,0,0,0,1,0,3,0
8614,1985,3,3,0,0,0,0,0,0,2,0
8632,1978,3,3,2,2,0,0,0,0,1,0
8632,1979,3,2,1,0,0,0,1,0,1,0
8644,1969,5,5,2,0,0,0,0,0,0,0
8644,1970,3,2,0,0,0,0,1,0,0,0
8647,1977,13,10,4,1,1,0,3,0,3,0
8647,1978,4,3,2,0,0,0,1,0,1,0
8647,1979,8,6,3,1,0,0,2,0,1,0
8651,1989,3,3,0,0,0,0,0,0,1,0
8651,1991,2,2,0,0,0,0,0,0,0,0
8651,1993,1,1,1,0,0,1,0,0,0,0
8667,1980,3,3,1,0,0,0,0,0,0,0
8670,1972,1,1,0,0,0,0,0,0,1,0
8671,1969,1,1,0,0,0,0,0,0,1,0
8674,1988,13,12,2,1,0,0,1,0,2,0
8680,1972,1,0,0,0,0,0,0,0,0,0
8687,1968,4,3,0,0,0,0,0,0,1,0
8687,1971,3,2,0,0,0,0,1,0,0,0
8688,1993,3,2,1,0,0,0,1,0,0,0
8694,1988,3,3,0,0,0,0,0,0,0,0
8696,1993,1,1,0,0,0,0,0,0,0,0
8706,1980,6,5,1,0,0,0,1,0,1,0
8706,1982,10,9,4,0,0,0,1,0,4,0
8706,1983,3,2,1,0,0,0,1,0,0,0
8706,1984,10,9,1,0,0,0,0,0,5,1
8706,1985,13,12,5,0,1,0,1,0,3,0
8706,1986,10,10,4,0,0,0,0,0,3,0
8706,1987,8,7,1,0,0,0,1,0,4,0
8706,1990,8,7,1,0,0,0,1,0,2,0
8706,1991,3,3,0,0,0,0,0,0,1,0
8715,1968,10,10,5,0,0,0,0,0,4,0
8715,1970,7,5,1,1,0,0,2,0,0,0
8715,1971,5,3,1,0,0,0,2,0,0,0
8727,1978,4,3,0,0,0,0,1,0,3,0
8727,1979,5,4,0,0,0,0,0,0,2,1
8727,1987,10,10,2,1,0,0,0,0,3,0
8727,1988,6,6,2,1,0,0,0,0,1,0
8727,1989,3,3,1,0,0,0,0,0,0,0
8727,1990,7,7,1,0,0,1,0,0,3,0
8727,1991,3,3,0,0,0,0,0,0,2,0
8727,1992,3,3,0,0,0,0,0,0,2,0
8728,1980,9,9,2,1,0,0,0,0,3,0
8728,1981,5,5,1,0,0,0,0,0,1,0
8743,1989,3,3,0,0,0,0,0,0,1,0
8743,1990,11,11,2,0,0,0,0,0,5,0
8743,1991,6,6,0,0,0,0,0,0,4,0
8743,1992,5,5,1,1,0,0,0,0,2,0
8743,1993,3,3,0,0,0,0,0,0,1,0
8746,1980,1,1,1,0,0,0,0,0,0,0
8746,1983,1,1,0,0,0,0,0,0,1,0
8749,1969,6,4,0,0,0,0,2,0,2,0
8749,1970,4,3,0,0,0,0,1,0,3,0
8749,1972,13,11,1,0,0,0,2,0,2,0
8749,1973,14,13,2,1,0,0,0,0,7,0
8749,1974,25,16,0,0,0,0,7,0,6,0
8749,1975,5,3,0,0,0,0,2,0,2,0
8749,1976,16,16,3,0,0,0,0,0,5,0
8749,1977,8,4,0,0,0,0,2,0,2,1
8749,1978,6,6,2,1,0,0,0,0,1,0
8749,1979,6,5,2,1,0,0,0,0,1,0
8768,1972,1,1,0,0,0,0,0,0,1,0
8781,1972,1,1,0,0,0,0,0,0,1,0
8808,1990,3,2,0,0,0,0,1,0,0,0
8808,1991,2,2,0,0,0,0,0,0,0,0
8811,1987,6,6,1,0,0,0,0,0,2,0
8811,1988,2,2,0,0,0,0,0,0,1,0
8830,1983,2,2,0,0,0,0,0,0,2,0
8849,1968,4,3,0,0,0,0,1,0,1,0
8850,1982,7,7,1,0,0,0,0,0,1,0
8850,1984,7,7,1,0,0,0,0,0,3,0
8850,1985,3,3,1,1,0,0,0,0,0,0
8850,1987,3,3,1,0,0,0,0,0,1,0
8850,1988,2,2,0,0,0,0,0,0,0,0
8850,1990,7,7,1,0,0,0,0,0,1,0
8850,1991,3,2,0,0,0,0,0,0,0,1
8850,1992,3,2,0,0,0,0,0,0,0,0
8850,1993,2,2,0,0,0,0,0,0,0,0
8857,1984,7,6,1,0,0,0,1,0,3,0
8857,1985,7,7,0,0,0,0,0,0,2,0
8857,1986,3,3,0,0,0,0,0,0,1,0
8857,1987,7,5,2,0,0,0,2,0,0,0
8857,1988,2,2,0,0,0,0,0,0,1,0
8867,1970,14,12,3,1,0,1,2,0,5,0
8867,1971,5,4,1,1,0,0,1,0,2,0
8882,1981,1,1,0,0,0,0,0,0,1,0
8897,1993,3,3,0,0,0,0,0,0,2,0
8916,1971,8,7,0,0,0,0,1,0,2,0
8916,1977,4,4,2,1,0,0,0,0,1,0
8920,1983,2,2,1,0,0,0,0,0,0,0
8920,1985,5,3,1,0,0,0,1,0,2,0
8920,1988,2,2,0,0,0,0,0,0,1,0
8926,1968,7,6,2,0,0,1,1,0,3,0
8926,1969,5,5,2,1,0,0,0,0,2,0
8926,1970,5,4,2,0,0,1,1,0,0,0
8926,1971,6,4,1,0,0,1,2,0,1,0
8926,1983,3,3,2,0,0,0,0,0,0,0
8926,1984,4,4,0,0,0,0,0,0,1,0
8935,1981,3,3,0,0,0,0,0,0,1,0
8935,1982,4,3,0,0,0,0,1,0,1,0
8946,1983,1,1,0,0,0,0,0,0,0,0
8946,1984,3,2,1,0,0,0,1,0,0,0
8946,1985,4,3,0,0,0,0,1,0,1,0
8946,1987,9,6,3,1,0,0,3,0,0,0
8946,1988,10,8,3,0,0,0,2,0,2,0
8946,1990,4,3,1,0,0,1,1,0,1,0
8947,1969,1,0,0,0,0,0,1,0,0,0
8950,1972,4,4,0,0,0,0,0,0,2,0
8989,1972,9,9,2,0,0,0,0,0,3,0
8989,1973,12,10,0,0,0,0,1,1,4,0
8989,1974,13,11,0,0,0,0,2,0,9,0
8989,1975,3,2,0,0,0,0,1,0,2,0
8989,1976,6,3,0,0,0,0,2,0,3,0
8994,1989,4,3,0,0,0,0,1,0,1,0
8994,1992,2,2,0,0,0,0,0,0,0,0
8996,1980,7,6,1,0,0,0,0,0,2,0
9000,1971,1,0,0,0,0,0,1,0,0,0
9007,1990,1,1,0,0,0,0,0,0,1,0
9011,1968,1,0,0,0,0,0,1,0,0,0
9025,1980,3,3,2,0,0,0,0,0,1,0
9025,1981,2,2,0,0,0,0,0,0,1,0
9027,1989,4,4,0,0,0,0,0,0,2,0
9027,1990,9,4,1,0,0,0,5,0,0,0
9027,1991,5,4,0,0,0,0,1,0,2,0
9027,1992,7,5,2,0,0,0,2,0,2,0
9033,1971,2,2,0,0,0,0,0,0,2,0
9037,1977,10,9,1,0,0,0,0,0,2,0
9037,1979,4,4,0,0,0,0,0,0,0,0
9072,1972,14,10,1,0,0,0,3,0,2,0
9072,1973,15,15,3,0,0,0,0,0,3,0
9072,1974,3,3,1,0,0,0,0,0,0,0
9072,1976,4,4,1,0,0,0,0,0,2,0
9072,1979,8,6,0,0,0,0,1,0,3,1
9074,1968,7,7,1,0,0,0,0,0,3,0
9074,1969,8,6,2,1,0,0,1,0,0,1
9074,1974,22,20,3,2,0,0,0,0,6,0
9074,1975,5,5,0,0,0,0,0,0,0,0
9090,1982,3,3,0,0,0,0,0,0,1,0
9093,1971,3,3,1,1,0,0,0,0,0,0
9106,1978,2,1,0,0,0,0,1,0,0,0
9112,1982,4,4,2,0,0,1,0,0,0,0
9112,1983,4,3,0,0,0,0,1,0,0,0
9112,1984,1,0,0,0,0,0,1,0,0,0
9124,1989,3,3,0,0,0,0,0,0,1,0
9128,1989,3,3,0,0,0,0,0,0,2,0
9128,1990,12,12,4,0,0,0,0,0,2,0
9128,1991,6,5,1,1,0,0,1,0,1,0
9128,1992,7,7,2,0,0,0,0,0,2,0
9128,1993,6,5,1,0,0,0,1,0,1,0
9140,1968,7,5,0,0,0,0,2,0,1,0
9140,1969,1,1,1,0,0,0,0,0,0,0
9140,1970,6,6,0,0,0,0,0,0,1,0
9140,1971,6,5,1,0,0,0,1,0,2,0
9142,1976,13,11,2,0,0,0,2,0,3,0
9142,1977,12,11,2,0,0,0,1,0,5,0
9142,1978,9,9,3,1,0,0,0,0,2,0
9142,1979,4,4,3,0,0,0,0,0,0,0
9147,1982,1,1,0,0,0,0,0,0,1,0
9150,1972,4,4,0,0,0,0,0,0,3,0
9150,1973,4,3,1,0,0,1,1,0,2,0
9150,1974,15,12,2,0,0,0,2,1,2,0
9150,1975,11,8,1,0,0,0,3,0,1,0
9150,1976,1,1,0,0,0,0,0,0,1,0
9150,1977,14,10,1,0,0,0,4,0,5,0
9150,1978,10,10,2,0,0,0,0,0,0,0
9150,1979,16,13,3,1,0,0,1,1,4,1
9150,1982,10,9,3,1,0,1,1,0,1,0
9150,1983,3,3,1,1,0,0,0,0,2,0
9150,1984,9,8,1,1,0,0,0,1,1,0
9150,1985,4,3,1,0,0,0,1,0,0,0
9171,1972,6,4,1,1,0,0,2,0,2,0
9171,1973,11,10,1,0,0,1,1,0,3,0
9171,1974,9,9,3,1,0,1,0,0,3,0
9171,1975,8,6,0,0,0,0,2,0,2,0
9171,1976,7,5,1,1,0,0,2,0,0,0
9175,1978,13,11,1,1,0,0,2,0,3,0
9182,1981,1,1,0,0,0,0,0,0,1,0
9182,1987,3,3,0,0,0,0,0,0,2,0
9195,1989,6,6,0,0,0,0,0,0,5,0
9199,1984,3,3,0,0,0,0,0,0,2,0
9220,1981,1,1,0,0,0,0,0,0,0,0
9222,1977,4,3,1,0,0,0,1,0,0,0
9222,1978,3,2,0,0,0,0,1,0,1,0
9223,1978,7,4,0,0,0,0,1,0,1,0
9223,1979,5,5,1,0,0,0,0,0,1,0
9225,1989,4,4,1,0,0,0,0,0,1,0
9225,1990,3,3,1,0,0,0,0,0,0,0
9225,1991,5,5,0,0,0,0,0,0,2,0
9225,1992,6,5,1,0,0,0,1,0,3,0
9225,1993,3,3,0,0,0,0,0,0,2,0
9236,1987,2,1,0,0,0,0,0,0,1,0
9249,1979,9,8,1,0,0,0,1,0,2,0
9259,1968,1,1,0,0,0,0,0,0,1,0
9267,1990,7,6,1,0,0,1,1,0,2,0
9267,1991,3,1,1,1,0,0,1,0,0,1
9281,1976,5,5,0,0,0,0,0,0,3,0
9281,1978,2,2,2,0,0,0,0,0,0,0
9281,1979,5,5,0,0,0,0,0,0,0,0
9281,1990,5,3,0,0,0,0,2,0,1,0
9281,1991,2,1,0,0,0,0,0,1,0,0
9281,1992,6,6,0,0,0,0,0,0,1,0
9285,1983,1,0,0,0,0,0,1,0,0,0
9292,1968,8,6,2,1,0,0,1,0,1,1
9292,1969,2,2,0,0,0,0,0,0,1,0
9292,1970,9,7,1,0,0,0,2,0,3,0
9292,1971,8,7,3,0,0,0,1,0,0,0
9298,1969,1,1,0,0,0,0,0,0,1,0
9301,1972,2,2,0,0,0,0,0,0,0,0
9306,1980,3,2,0,0,0,0,0,0,1,0
9306,1981,6,6,1,0,0,0,0,0,2,0
9306,1982,12,10,1,1,0,0,2,0,1,0
9306,1983,10,10,1,0,0,0,0,0,2,0
9306,1984,5,4,2,0,0,0,1,0,2,0
9306,1985,10,7,2,1,0,0,3,0,2,0
9306,1986,11,11,1,0,0,0,0,0,4,0
9306,1987,3,3,1,0,0,0,0,0,1,0
9306,1988,4,3,2,1,0,0,1,0,0,0
9306,1991,7,6,3,0,0,0,1,0,2,0
9306,1992,5,5,3,1,1,0,0,0,1,0
9306,1993,3,3,1,0,0,0,0,0,0,0
9310,1982,6,6,0,0,0,0,0,0,5,0
9337,1983,3,3,0,0,0,0,0,0,1,0
9337,1985,3,3,1,0,0,0,0,0,1,0
9345,1980,6,6,2,0,0,0,0,0,2,0
9345,1981,5,5,1,0,0,0,0,0,2,0
9345,1982,10,9,4,0,0,1,1,0,1,0
9345,1983,10,9,2,0,0,0,1,0,2,0
9345,1984,5,3,0,0,0,0,1,0,0,1
9345,1985,10,10,5,1,0,1,0,0,1,0
9345,1986,9,9,4,2,0,0,0,0,1,0
9345,1987,3,3,0,0,0,0,0,0,1,0
9365,1969,1,1,0,0,0,0,0,0,0,0
9366,1981,2,2,1,0,0,0,0,0,0,0
9370,1983,3,2,1,0,0,0,1,0,0,0
9371,1987,7,6,2,0,0,0,1,0,4,0
9375,1976,12,7,1,1,0,0,5,0,2,0
9375,1978,4,3,0,0,0,0,1,0,2,0
9378,1972,2,1,1,0,0,0,0,1,0,0
9378,1974,10,10,2,0,0,0,0,0,1,0
9378,1975,8,8,2,0,0,0,0,0,2,0
9378,1976,8,8,0,0,0,0,0,0,3,0
9378,1980,3,3,1,0,0,0,0,0,0,0
9381,1976,5,5,1,0,0,0,0,0,2,0
9381,1977,9,7,2,0,0,0,2,0,1,0
9381,1978,5,4,0,0,0,0,1,0,2,0
9381,1979,8,6,0,0,0,0,2,0,2,0
9381,1990,4,4,0,0,0,0,0,0,1,0
9394,1980,1,1,0,0,0,0,0,0,1,0
9412,1984,1,1,0,0,0,0,0,0,1,0
9412,1986,2,2,0,0,0,0,0,0,0,0
9415,1982,12,10,1,0,0,0,2,0,0,0
9415,1983,3,2,0,0,0,0,1,0,0,0
9415,1984,10,9,2,0,1,0,1,0,1,0
9415,1985,6,5,0,0,0,0,1,0,0,0
9415,1986,7,6,2,1,0,0,1,0,2,0
9415,1987,3,3,0,0,0,0,0,0,1,0
9415,1989,9,9,2,0,0,0,0,0,1,0
9415,1990,3,3,1,0,0,0,0,0,0,0
9422,1971,1,1,0,0,0,0,0,0,0,0
9426,1988,3,3,0,0,0,0,0,0,0,0
9426,1992,4,3,0,0,0,0,1,0,1,0
9434,1992,2,2,1,0,0,0,0,0,0,0
9447,1982,4,3,1,0,0,0,1,0,1,0
9447,1983,6,4,1,1,0,0,2,0,0,0
9447,1984,4,4,1,0,1,0,0,0,1,0
9447,1986,5,4,1,1,0,0,1,0,2,0
9447,1988,2,2,0,0,0,0,0,0,0,0
9457,1969,3,2,0,0,0,0,1,0,1,0
9458,1987,3,2,0,0,0,0,1,0,2,0
9458,1988,3,3,0,0,0,0,0,0,2,0
9460,1989,10,10,3,2,0,0,0,0,2,0
9460,1990,8,7,2,1,0,0,1,0,3,0
9460,1991,3,2,0,0,0,0,1,0,1,0
9460,1992,3,3,0,0,0,0,0,0,2,0
9466,1968,9,5,2,0,1,0,0,1,1,0
9466,1970,2,2,1,0,0,0,0,0,1,0
9471,1972,6,4,0,0,0,0,2,0,0,0
9471,1973,2,2,0,0,0,0,0,0,1,0
9478,1972,7,7,0,0,0,0,0,0,3,0
9478,1973,8,8,2,1,0,0,0,0,2,0
9479,1987,1,1,0,0,0,0,0,0,1,0
9482,1969,1,0,0,0,0,0,1,0,0,0
9482,1970,3,3,0,0,0,0,0,0,3,0
9483,1993,2,2,1,1,0,0,0,0,1,0
9487,1974,3,2,1,1,0,0,1,0,0,0
9491,1980,9,9,3,1,0,0,0,0,2,0
9491,1981,4,4,2,1,0,0,0,0,1,0
9498,1978,8,5,0,0,0,0,2,0,3,0
9498,1979,1,1,1,0,0,0,0,0,0,0
9505,1972,4,4,0,0,0,0,0,0,4,0
9506,1971,1,0,0,0,0,0,1,0,0,0
9515,1972,2,1,0,0,0,0,1,0,0,0
9517,1971,7,5,0,0,0,0,2,0,5,0
9517,1980,3,3,0,0,0,0,0,0,3,0
9517,1982,5,3,1,0,0,0,1,0,0,0
9519,1986,2,2,1,1,0,0,0,0,0,0
9519,1987,2,2,1,0,0,0,0,0,0,0
9521,1978,7,7,0,0,0,0,0,0,3,0
9521,1979,4,3,0,0,0,0,1,0,1,0
9541,1970,2,1,0,0,0,0,1,0,0,0
9544,1977,14,12,3,1,0,0,1,0,2,0
9544,1978,14,14,1,0,0,0,0,0,3,0
9547,1989,15,13,4,0,0,0,2,0,1,0
9547,1990,13,12,3,0,0,0,1,0,1,0
9547,1991,7,5,0,0,0,0,2,0,0,0
9547,1992,6,6,1,1,0,0,0,0,0,0
9547,1993,3,2,0,0,0,0,0,0,0,0
9552,1983,6,4,0,0,0,0,1,0,3,1
9552,1984,6,4,1,0,0,0,2,0,1,0
9552,1985,3,3,0,0,0,0,0,0,1,0
9552,1986,4,4,1,0,0,0,0,0,2,0
9552,1987,3,3,0,0,0,0,0,0,2,0
9552,1988,6,6,1,0,0,0,0,0,2,0
9553,1983,3,3,0,0,0,0,0,0,1,0
9553,1986,3,3,0,0,0,0,0,0,2,0
9570,1975,3,3,0,0,0,0,0,0,2,0
9570,1976,13,13,3,0,0,1,0,0,5,0
9570,1977,9,7,1,0,0,0,1,1,3,0
9570,1978,8,6,2,0,0,1,2,0,3,0
9570,1979,5,5,0,0,0,0,0,0,3,0
9570,1989,7,6,0,0,0,0,0,1,3,0
9580,1980,18,16,4,1,0,0,2,0,1,0
9580,1981,6,5,1,0,0,0,1,0,1,0
9580,1982,12,9,3,1,0,0,3,0,0,0
9580,1983,7,7,2,1,0,0,0,0,0,0
9580,1984,3,3,1,0,0,0,0,0,1,0
9588,1974,7,6,2,0,0,0,1,0,3,0
9595,1968,1,1,0,0,0,0,0,0,1,0
9616,1988,7,6,3,1,0,0,0,0,1,1
9616,1991,6,5,0,0,0,0,1,0,0,0
9630,1989,6,4,1,0,0,0,1,0,3,0
9630,1991,4,4,1,0,0,0,0,0,1,0
9631,1989,12,11,4,1,0,1,1,0,2,0
9631,1991,8,6,1,1,0,0,2,0,0,0
9631,1992,8,6,2,0,0,1,2,0,1,0
9631,1993,5,4,1,0,0,0,1,0,1,0
9632,1981,1,1,0,0,0,0,0,0,0,0
9632,1982,2,2,0,0,0,0,0,0,1,0
9656,1989,3,3,0,0,0,0,0,0,0,0
9656,1990,5,5,0,0,0,0,0,0,2,0
9656,1991,3,2,0,0,0,0,0,0,2,1
9656,1993,2,2,0,0,0,0,0,0,2,0
9658,1976,6,5,1,0,1,0,0,0,0,1
9658,1977,13,13,6,0,0,0,0,0,1,0
9658,1978,5,4,2,0,0,0,0,0,1,1
9658,1979,5,5,0,0,0,0,0,0,2,0
9684,1969,1,0,0,0,0,0,1,0,0,0
9684,1970,3,1,0,0,0,0,2,0,0,0
9684,1971,6,5,1,1,0,0,1,0,1,0
9684,1978,1,1,0,0,0,0,0,0,1,0
9693,1979,4,4,0,0,0,0,0,0,2,0
9704,1978,7,5,2,0,0,0,2,0,2,0
9704,1979,5,5,2,1,0,1,0,0,1,0
9711,1970,2,2,0,0,0,0,0,0,2,0
9717,1990,1,1,1,1,0,0,0,0,0,0
9718,1982,2,2,0,0,0,0,0,0,0,0
9720,1972,5,4,1,0,0,0,1,0,0,0
9720,1973,10,9,2,1,0,0,0,1,3,0
9720,1974,8,5,1,0,0,0,1,0,1,0
9720,1975,9,7,1,0,0,0,1,0,0,0
9720,1976,14,14,6,1,1,1,0,0,4,0
9725,1980,1,1,0,0,0,0,0,0,0,0
9738,1987,2,1,1,0,0,0,0,0,0,0
9765,1972,15,14,3,2,0,0,1,0,5,0
9765,1973,16,15,1,0,0,1,1,0,6,0
9765,1974,11,9,0,0,0,0,2,0,4,0
9765,1976,7,7,2,0,0,0,0,0,1,0
9765,1979,3,3,2,0,0,0,0,0,0,0
9765,1980,2,2,0,0,0,0,0,0,0,0
9767,1991,4,4,0,0,0,0,0,0,0,0
9777,1972,4,3,1,0,0,0,1,0,1,0
9777,1973,5,4,1,0,0,0,1,0,1,0
9831,1981,3,3,0,0,0,0,0,0,0,0
9831,1982,4,4,1,0,0,0,0,0,3,0
9831,1983,1,1,0,0,0,0,0,0,1,0
9831,1986,3,3,0,0,0,0,0,0,1,0
9843,1980,4,4,1,0,0,0,0,0,1,0
9855,1968,8,8,0,0,0,0,0,0,5,0
9855,1969,3,3,0,0,0,0,0,0,1,0
9855,1972,14,12,2,0,0,0,2,0,1,0
9855,1973,18,15,4,1,0,0,3,0,0,0
9855,1974,14,13,3,0,0,0,0,0,1,0
9855,1975,4,4,2,1,0,0,0,0,1,0
9855,1977,5,4,1,0,0,0,1,0,0,0
9884,1989,6,6,1,0,0,0,0,0,0,0
9899,1990,6,6,2,0,0,0,0,0,3,0
9913,1972,2,2,0,0,0,0,0,0,0,0
9913,1973,2,2,0,0,0,0,0,0,2,0
9932,1976,2,2,0,0,0,0,0,0,2,0
9942,1989,4,2,0,0,0,0,0,1,1,0
9951,1968,8,6,2,0,0,0,2,0,2,0
9951,1969,5,5,1,1,0,0,0,0,1,0
9951,1970,3,3,1,0,0,0,0,0,0,0
9951,1971,7,6,2,1,0,0,1,0,1,0
9951,1980,14,10,5,0,0,0,4,0,0,0
9951,1981,8,6,3,0,0,0,2,0,3,0
9951,1982,4,4,1,0,0,0,0,0,2,0
9951,1983,8,6,1,0,0,0,2,0,0,0
9951,1984,5,5,1,0,0,0,0,0,0,0
9951,1985,15,12,1,0,0,0,2,0,4,1
9951,1986,7,3,0,0,0,0,4,0,0,0
9987,1982,7,6,0,0,0,0,1,0,0,0
9987,1983,4,4,0,0,0,0,0,0,2,0
9987,1984,3,2,0,0,0,0,0,0,2,0
9987,1986,2,2,0,0,0,0,0,0,0,0
9998,1972,18,14,4,0,0,0,3,0,2,0
9998,1973,8,8,3,1,0,1,0,0,3,0
9998,1974,10,5,1,0,0,1,3,0,2,2
9998,1975,8,7,1,0,0,0,1,0,2,0
9998,1976,15,13,3,0,1,0,2,0,3,0
10004,1987,4,2,0,0,0,0,0,0,2,0
10012,1968,1,1,0,0,0,0,0,0,0,0
10012,1969,4,4,0,0,0,0,0,0,0,0
10021,1985,3,2,1,0,0,0,0,0,0,1
10021,1988,2,2,0,0,0,0,0,0,1,0
10037,1980,14,12,4,3,0,0,2,0,1,0
10037,1982,7,6,1,0,0,0,1,0,1,0
10037,1983,8,8,1,0,0,0,0,0,1,0
10037,1986,2,2,0,0,0,0,0,0,0,0
10038,1984,3,3,0,0,0,0,0,0,1,0
10039,1985,3,3,0,0,0,0,0,0,2,0
10039,1986,2,2,0,0,0,0,0,0,2,0
10044,1980,5,5,2,1,0,0,0,0,0,0
10044,1983,1,1,0,0,0,0,0,0,1,0
10044,1984,3,3,0,0,0,0,0,0,1,0
10044,1985,2,2,0,0,0,0,0,0,1,0
10058,1969,5,5,0,0,0,0,0,0,0,0
10073,1988,10,9,1,0,0,0,0,0,1,1
10077,1980,3,1,0,0,0,0,2,0,0,0
10077,1981,4,3,1,1,0,0,1,0,0,0
10078,1968,3,3,0,0,0,0,0,0,0,0
10099,1984,3,3,0,0,0,0,0,0,1,0
10106,1980,3,3,1,0,0,0,0,0,0,0
10106,1981,5,5,1,0,0,0,0,0,0,0
10106,1982,11,10,1,0,0,0,0,1,2,0
10106,1983,12,12,2,0,0,1,0,0,3,0
10106,1984,3,3,0,0,0,0,0,0,2,0
10107,1989,3,3,0,0,0,0,0,0,0,0
10107,1990,2,2,0,0,0,0,0,0,0,0
10115,1993,3,3,1,1,0,0,0,0,0,0
10123,1979,8,6,1,0,0,0,2,0,0,0
10129,1984,6,4,2,0,0,0,2,0,2,0
10129,1985,10,9,1,1,0,0,0,1,5,0
10129,1986,5,4,1,0,1,0,1,0,2,0
10129,1987,12,11,2,0,0,1,1,0,6,0
10129,1988,14,12,3,0,0,0,1,1,6,0
10129,1992,2,2,0,0,0,0,0,0,2,0
10160,1981,3,3,0,0,0,0,0,0,2,0
10170,1971,1,1,0,0,0,0,0,0,1,0
10170,1975,1,1,0,0,0,0,0,0,1,0
10171,1990,7,7,2,0,1,0,0,0,2,0
10184,1982,8,7,2,0,0,0,1,0,2,0
10184,1983,1,1,0,0,0,0,0,0,0,0
10184,1984,8,7,3,1,0,0,1,0,2,0
10184,1985,7,4,1,0,0,1,3,0,0,0
10184,1986,6,6,0,0,0,0,0,0,1,0
10184,1987,7,7,2,0,0,1,0,0,3,0
10184,1988,10,9,2,0,0,0,1,0,3,0
10187,1980,2,2,0,0,0,0,0,0,2,0
10187,1981,1,1,0,0,0,0,0,0,1,0
10187,1982,2,1,0,0,0,0,0,0,1,0
10187,1983,1,1,0,0,0,0,0,0,0,0
10189,1976,2,1,0,0,0,0,1,0,1,0
10193,1969,4,3,1,0,0,0,0,0,0,0
10193,1970,4,4,1,1,0,0,0,0,2,0
10193,1971,6,5,3,1,0,0,1,0,0,0
10193,1977,11,8,5,1,0,0,3,0,0,0
10193,1980,1,1,1,0,0,0,0,0,0,0
10203,1986,3,3,0,0,0,0,0,0,1,0
10203,1987,9,9,2,2,0,0,0,0,3,0
10203,1988,9,8,4,1,0,1,1,0,1,0
10223,1985,3,3,0,0,0,0,0,0,2,0
10223,1986,4,4,1,0,0,0,0,0,1,0
10226,1968,1,1,0,0,0,0,0,0,1,0
10226,1969,3,3,1,0,0,0,0,0,0,0
10226,1970,11,9,0,0,0,0,2,0,3,0
10226,1971,10,8,5,1,0,0,2,0,1,0
10226,1974,7,4,1,0,0,0,3,0,2,0
10238,1988,7,7,2,1,0,0,0,0,2,0
10262,1982,8,8,2,0,1,0,0,0,2,0
10262,1983,10,10,2,0,1,0,0,0,1,0
10262,1984,8,8,2,0,0,0,0,0,2,0
10262,1985,7,7,3,0,0,0,0,0,0,0
10262,1986,6,6,2,1,0,0,0,0,1,0
10262,1987,17,17,6,1,0,0,0,0,3,0
10262,1988,17,16,6,0,0,0,1,0,2,0
10262,1989,4,3,0,0,0,0,0,0,1,1
10262,1990,11,11,2,0,0,0,0,0,1,0
10262,1991,4,4,0,0,0,0,0,0,1,0
10262,1992,5,5,1,0,0,0,0,0,0,0
10262,1993,3,3,0,0,0,0,0,0,0,0
10273,1986,1,1,1,0,0,0,0,0,0,0
10275,1990,4,4,1,0,0,0,0,0,1,0
10284,1972,14,11,1,0,0,0,3,0,5,0
10284,1973,14,7,0,0,0,0,7,0,5,0
10290,1972,7,6,2,0,1,0,1,0,0,0
10290,1974,6,5,0,0,0,0,1,0,1,0
10316,1980,9,5,1,0,0,1,4,0,3,0
10316,1981,7,5,1,0,0,1,2,0,0,0
10316,1982,3,2,1,0,0,1,1,0,1,0
10316,1983,6,3,0,0,0,0,3,0,1,0
10316,1984,6,5,1,0,0,1,1,0,1,0
10316,1985,10,8,0,0,0,0,2,0,4,0
10316,1986,6,6,3,1,0,1,0,0,2,0
10316,1987,12,9,0,0,0,0,3,0,2,0
10316,1988,14,7,2,0,0,0,5,1,1,1
10324,1989,10,8,0,0,0,0,2,0,5,0
10324,1990,6,5,0,0,0,0,1,0,4,0
10325,1968,3,2,0,0,0,0,1,0,2,0
10334,1989,4,4,2,1,0,0,0,0,1,0
10352,1989,1,1,1,0,0,0,0,0,0,0
10358,1985,2,2,0,0,0,0,0,0,1,0
10358,1986,1,0,0,0,0,0,1,0,0,0
10371,1980,3,3,0,0,0,0,0,0,1,0
10371,1981,3,3,0,0,0,0,0,0,2,0
10371,1982,10,9,1,0,0,0,1,0,1,0
10371,1984,9,9,2,0,0,0,0,0,1,0
10371,1985,9,9,3,1,0,0,0,0,0,0
10371,1986,3,2,0,0,0,0,1,0,1,0
10371,1987,12,9,1,0,0,0,3,0,0,0
10371,1988,12,11,3,0,0,0,1,0,0,0
10380,1972,12,10,2,0,0,0,2,0,3,0
10380,1973,8,6,2,1,0,0,2,0,3,0
10380,1974,15,13,5,1,0,0,2,0,2,0
10380,1975,12,11,3,0,0,0,1,0,2,0
10380,1976,3,3,0,0,0,0,0,0,1,0
10380,1977,8,6,1,0,0,0,2,0,2,0
10380,1978,4,2,0,0,0,0,2,0,0,0
10380,1979,5,3,0,0,0,0,2,0,3,0
10381,1977,9,9,2,0,0,0,0,0,2,0
10386,1977,7,6,1,0,0,0,1,0,3,0
10386,1980,13,10,2,0,0,0,3,0,3,0
10386,1981,6,4,0,0,0,0,1,0,1,0
10387,1980,7,7,3,1,0,0,0,0,3,0
10387,1981,3,3,0,0,0,0,0,0,0,0
10393,1976,2,1,0,0,0,0,0,0,1,0
10400,1981,2,1,0,0,0,0,1,0,1,0
10428,1992,7,6,1,1,0,0,1,0,0,0
10428,1993,1,0,0,0,0,0,1,0,0,0
10437,1989,15,13,6,1,0,0,2,0,2,0
10437,1990,4,3,0,0,0,0,1,0,2,0
10437,1991,5,5,0,0,0,0,0,0,1,0
10437,1992,9,8,2,0,0,0,1,0,1,0
10490,1972,1,1,0,0,0,0,0,0,0,0
10494,1968,9,9,2,1,0,0,0,0,3,0
10494,1969,9,7,1,0,0,0,2,0,2,0
10496,1973,6,6,2,0,0,0,0,0,1,0
10496,1974,17,14,1,0,0,0,2,0,4,0
10496,1975,7,7,1,1,0,0,0,0,3,0
10497,1973,4,3,0,0,0,0,1,0,3,0
10497,1974,4,3,0,0,0,0,1,0,3,0
10499,1987,3,3,1,1,0,0,0,0,1,0
10519,1989,11,9,5,2,0,1,2,0,2,0
10519,1990,7,6,2,0,0,1,0,1,1,0
10520,1989,3,0,0,0,0,0,3,0,0,0
10520,1990,4,4,0,0,0,0,0,0,1,0
10520,1991,4,4,2,0,0,0,0,0,0,0
10524,1975,7,7,2,0,0,0,0,0,1,0
10526,1987,9,9,3,1,0,0,0,0,3,0
10526,1988,13,12,3,1,0,0,1,0,6,0
10541,1989,3,3,1,0,0,0,0,0,1,0
10548,1985,2,2,0,0,0,0,0,0,1,0
10553,1985,1,1,0,0,0,0,0,0,1,0
10557,1986,2,2,1,1,0,0,0,0,1,0
10560,1980,2,2,0,0,0,0,0,0,1,0
10560,1982,7,7,1,0,0,0,0,0,4,0
10567,1972,1,1,0,0,0,0,0,0,0,0
10567,1975,5,4,0,0,0,0,1,0,1,0
10567,1976,2,1,0,0,0,0,1,0,0,0
10569,1973,1,0,0,0,0,0,0,0,0,0
10573,1982,1,1,0,0,0,0,0,0,0,0
10573,1983,4,4,0,0,0,0,0,0,4,0
10573,1984,4,4,1,0,0,0,0,0,3,0
10573,1985,5,4,0,0,0,0,0,0,2,0
10579,1990,1,1,1,1,0,0,0,0,0,0
10579,1991,3,0,0,0,0,0,3,0,0,0
10579,1992,2,2,0,0,0,0,0,0,1,0
10586,1972,6,6,1,1,0,0,0,0,3,0
10591,1993,3,2,0,0,0,0,1,0,1,0
10598,1978,1,1,1,0,0,0,0,0,0,0
10608,1971,10,10,4,0,0,0,0,0,2,0
10608,1980,9,7,2,1,0,0,1,0,1,1
10616,1968,8,6,0,0,0,0,1,1,4,0
10618,1979,1,1,0,0,0,0,0,0,0,0
10620,1971,2,1,0,0,0,0,1,0,1,0
10621,1971,3,2,0,0,0,0,1,0,1,0
10621,1972,5,3,0,0,0,0,2,0,2,0
10621,1973,13,12,2,0,0,0,1,0,4,0
10621,1974,6,5,0,0,0,0,1,0,0,0
10624,1982,3,3,0,0,0,0,0,0,0,0
10624,1990,2,2,0,0,0,0,0,0,2,0
10627,1968,2,2,0,0,0,0,0,0,1,0
10631,1975,15,11,2,0,0,0,4,0,4,0
10631,1976,16,12,3,1,0,0,4,0,5,0
10631,1977,9,8,2,0,0,0,1,0,4,0
10631,1978,6,5,3,0,0,0,1,0,1,0
10631,1979,4,4,2,0,0,0,0,0,2,0
10648,1969,1,1,0,0,0,0,0,0,1,0
10648,1970,7,6,1,0,0,0,1,0,0,0
10648,1971,7,5,1,0,0,0,2,0,1,0
10649,1977,3,3,1,1,0,0,0,0,0,0
10649,1978,3,3,0,0,0,0,0,0,0,0
10649,1979,1,1,0,0,0,0,0,0,0,0
10655,1990,3,3,0,0,0,0,0,0,1,0
10671,1989,3,3,0,0,0,0,0,0,1,0
10686,1975,3,3,1,0,0,0,0,0,1,0
10686,1976,9,5,0,0,0,0,2,0,4,0
10686,1977,16,12,0,0,0,0,4,0,9,0
10686,1978,13,10,2,0,0,0,3,0,4,0
10686,1979,8,5,1,0,0,0,2,0,2,0
10689,1988,2,1,0,0,0,0,1,0,1,0
10692,1983,1,1,0,0,0,0,0,0,0,0
10698,1977,7,5,0,0,0,0,2,0,2,0
10698,1978,6,6,0,0,0,0,0,0,3,0
10698,1981,1,1,0,0,0,0,0,0,1,0
10713,1983,7,6,1,0,0,0,1,0,3,0
10747,1980,3,3,1,0,0,0,0,0,1,0
10747,1981,4,3,1,0,0,0,1,0,1,0
10747,1982,11,8,4,0,0,0,1,2,1,0
10747,1983,4,3,2,1,0,0,1,0,0,0
10747,1984,9,7,4,0,0,1,2,0,2,0
10758,1980,17,15,4,0,0,0,1,1,2,0
10758,1981,6,4,1,0,1,0,2,0,0,0
10758,1982,9,9,1,0,0,0,0,0,1,0
10758,1984,7,6,1,0,0,0,1,0,0,0
10758,1985,6,5,2,1,0,0,1,0,1,0
10758,1986,3,3,1,1,0,0,0,0,2,0
10758,1987,7,5,1,0,0,0,2,0,2,0
10758,1988,2,2,0,0,0,0,0,0,0,0
10759,1987,1,1,0,0,0,0,0,0,0,0
10767,1972,9,9,0,0,0,0,0,0,2,0
10767,1973,9,5,0,0,0,0,4,0,2,0
10767,1980,11,11,6,1,0,1,0,0,4,0
10767,1981,1,1,0,0,0,0,0,0,1,0
10767,1982,11,10,5,2,0,1,1,0,3,0
10774,1976,5,5,2,1,0,0,0,0,0,0
10778,1969,2,1,0,0,0,0,1,0,1,0
10778,1970,8,8,0,0,0,0,0,0,5,0
10779,1984,3,3,0,0,0,0,0,0,1,0
10779,1985,2,1,0,0,0,0,0,0,0,0
10779,1986,2,2,0,0,0,0,0,0,1,0
10779,1988,2,2,0,0,0,0,0,0,2,0
10798,1988,1,1,0,0,0,0,0,0,1,0
10802,1993,2,2,1,0,0,0,0,0,0,0
10806,1989,3,3,0,0,0,0,0,0,0,0
10806,1990,5,5,0,0,0,0,0,0,2,0
10817,1972,7,7,0,0,0,0,0,0,0,0
10817,1973,5,3,0,0,0,0,2,0,0,0
10817,1974,11,9,1,1,0,0,2,0,3,0
10817,1975,11,9,4,0,0,0,2,0,1,0
10817,1977,9,7,3,0,0,1,2,0,0,0
10817,1978,16,14,3,0,0,1,1,0,7,1
10817,1979,11,11,3,2,0,0,0,0,3,0
10822,1979,7,4,0,0,0,0,3,0,4,0
10825,1990,4,4,1,0,0,0,0,0,0,0
10825,1991,5,5,0,0,0,0,0,0,3,0
10830,1974,13,11,1,0,0,0,2,0,5,0
10830,1975,1,0,0,0,0,0,1,0,0,0
10830,1976,2,1,0,0,0,0,1,0,1,0
10830,1979,3,2,0,0,0,0,1,0,1,0
10851,1990,3,3,0,0,0,0,0,0,1,0
10851,1992,5,4,1,0,0,1,1,0,0,0
10851,1993,3,3,0,0,0,0,0,0,0,0
10859,1990,12,10,0,0,0,0,2,0,4,0
10859,1991,6,6,0,0,0,0,0,0,4,0
10866,1980,1,1,0,0,0,0,0,0,0,0
10866,1983,3,2,0,0,0,0,0,0,0,0
10866,1985,6,6,0,0,0,0,0,0,2,0
10874,1969,3,2,0,0,0,0,1,0,0,0
10888,1971,1,1,0,0,0,0,0,0,0,0
10888,1980,3,2,0,0,0,0,1,0,0,0
10888,1981,3,2,0,0,0,0,1,0,1,0
10888,1982,10,9,5,1,0,0,1,0,0,0
10888,1983,3,3,1,0,1,0,0,0,1,0
10888,1985,1,1,0,0,0,0,0,0,0,0
10888,1986,5,5,2,0,0,1,0,0,1,0
10888,1987,16,13,2,0,0,0,2,1,4,0
10888,1988,3,2,0,0,0,0,1,0,2,0
10897,1973,12,12,1,1,0,0,0,0,2,0
10897,1974,3,3,0,0,0,0,0,0,2,0
10897,1975,5,4,0,0,0,0,1,0,0,0
10897,1976,16,13,4,0,0,0,3,0,4,0
10897,1977,7,6,1,0,0,0,1,0,0,0
10897,1978,4,4,2,2,0,0,0,0,0,0
10897,1979,7,7,2,0,0,0,0,0,0,0
10904,1989,9,8,1,0,0,0,1,0,4,0
10904,1990,6,6,1,0,0,0,0,0,2,0
10904,1991,3,2,2,0,0,0,1,0,0,0
10904,1993,2,2,0,0,0,0,0,0,0,0
10906,1970,1,0,0,0,0,0,0,0,0,0
10906,1971,8,7,1,0,0,0,1,0,2,0
10906,1972,10,10,1,0,0,0,0,0,3,0
10908,1973,8,6,1,0,0,1,2,0,2,0
10908,1974,11,10,2,0,0,0,1,0,5,0
10908,1975,3,3,1,0,0,0,0,0,1,0
10908,1976,5,4,2,0,0,0,1,0,1,0
10910,1981,1,0,0,0,0,0,1,0,0,0
10910,1987,2,2,1,0,0,1,0,0,1,0
10918,1993,3,3,0,0,0,0,0,0,1,0
10934,1978,8,7,2,1,0,0,0,0,2,1
10934,1979,5,4,3,0,0,0,1,0,0,0
10938,1977,5,3,1,0,0,0,2,0,1,0
10938,1978,2,2,1,0,0,0,0,0,1,0
10939,1971,1,1,0,0,0,0,0,0,1,0
10940,1993,2,1,0,0,0,0,1,0,0,0
10948,1992,5,4,1,0,0,0,1,0,0,0
10955,1975,3,3,0,0,0,0,0,0,2,0
10955,1976,1,1,1,0,0,0,0,0,0,0
10960,1977,12,11,0,0,0,0,1,0,8,0
10960,1978,8,5,1,0,0,0,2,0,2,0
10965,1972,12,10,1,1,0,0,2,0,2,0
10965,1973,14,11,3,1,0,1,3,0,3,0
10965,1974,10,10,2,1,0,0,0,0,1,0
10965,1976,1,1,1,0,0,0,0,0,0,0
10965,1977,4,3,0,0,0,0,1,0,2,0
10976,1968,3,2,1,0,0,1,1,0,1,0
10976,1969,4,3,0,0,0,0,1,0,3,0
10976,1970,1,1,0,0,0,0,0,0,1,0
10976,1971,3,3,0,0,0,0,0,0,3,0
10976,1980,3,3,0,0,0,0,0,0,0,0
10976,1982,3,2,0,0,0,0,1,0,1,0
10983,1966,1,1,0,0,0,0,0,0,1,0
10983,1968,11,9,2,1,0,0,1,1,2,0
10983,1969,9,7,3,0,0,2,2,0,1,0
10983,1971,11,9,2,1,0,0,2,0,1,0
10983,1976,12,9,3,1,0,0,3,0,2,0
10983,1977,9,8,1,0,0,0,1,0,2,0
10983,1978,4,4,1,0,0,1,0,0,1,0
10983,1979,4,3,0,0,0,0,0,1,1,0
10983,1981,2,1,1,0,0,0,1,0,0,0
10983,1982,6,3,0,0,0,0,2,0,0,1
10983,1983,5,4,3,0,0,0,1,0,0,0
10987,1981,7,7,3,0,0,0,0,0,0,0
10987,1982,7,6,3,1,1,0,1,0,2,0
10990,1987,1,1,0,0,0,0,0,0,1,0
10998,1974,4,4,1,0,0,0,0,0,1,0
10998,1976,15,13,0,0,0,0,2,0,7,0
10998,1977,16,13,1,0,0,0,2,0,4,0
10998,1978,10,8,2,1,0,0,1,0,3,1
10998,1979,2,1,1,0,0,1,1,0,0,0
11002,1989,4,3,0,0,0,0,1,0,1,0
11002,1991,5,4,0,0,0,0,1,0,2,0
11003,1973,1,1,1,0,0,0,0,0,0,0
11008,1984,1,1,0,0,0,0,0,0,0,0
11009,1980,6,6,0,0,0,0,0,0,3,0
11009,1981,4,3,2,0,0,0,1,0,0,0
11011,1972,3,3,0,0,0,0,0,0,3,0
11032,1990,7,6,1,0,0,0,1,0,3,0
11032,1991,3,3,1,0,0,0,0,0,2,0
11032,1992,3,3,0,0,0,0,0,0,1,0
11043,1969,1,1,0,0,0,0,0,0,1,0
11043,1971,3,3,2,0,0,0,0,0,0,0
11054,1987,12,12,1,0,0,0,0,0,3,0
11054,1989,15,13,2,0,0,0,2,0,6,0
11054,1990,4,4,1,0,0,0,0,0,2,0
11054,1991,3,3,0,0,0,0,0,0,0,0
11056,1976,5,4,1,0,0,0,1,0,2,0
11056,1977,4,2,0,0,0,0,2,0,2,0
11058,1976,13,11,4,1,0,0,2,0,2,0
11058,1977,9,5,1,0,0,0,3,1,1,0
11058,1978,12,11,0,0,0,0,1,0,7,0
11058,1979,1,0,0,0,0,0,1,0,0,0
11073,1971,1,1,0,0,0,0,0,0,1,0
11077,1969,3,3,0,0,0,0,0,0,2,0
11078,1985,7,7,2,0,0,0,0,0,0,0
11078,1986,3,2,0,0,0,0,1,0,1,0
11078,1987,3,3,1,0,0,0,0,0,2,0
11080,1969,5,5,1,0,0,0,0,0,2,0
11080,1970,5,4,0,0,0,0,0,0,2,1
11080,1971,3,2,0,0,0,0,1,0,2,0
11100,1983,7,6,1,0,1,0,1,0,3,0
11100,1984,9,9,0,0,0,0,0,0,5,0
11100,1985,4,2,0,0,0,0,1,0,1,1
11100,1986,11,9,2,0,1,1,1,0,5,1
11100,1987,3,2,1,0,0,0,1,0,0,0
11100,1988,8,7,1,0,0,0,1,0,1,0
11101,1989,3,2,0,0,0,0,1,0,2,0
11104,1981,4,4,0,0,0,0,0,0,0,0
11125,1971,3,3,1,0,0,0,0,0,1,0
11134,1984,2,2,1,0,0,0,0,0,0,0
11134,1986,5,5,0,0,0,0,0,0,0,0
11134,1987,13,12,3,0,0,1,1,0,4,0
11134,1988,9,7,0,0,0,0,2,0,1,0
11134,1991,3,3,1,1,0,0,0,0,2,0
11134,1992,6,4,1,0,0,0,2,0,2,0
11150,1973,5,3,0,0,0,0,2,0,0,0
11155,1969,1,0,0,0,0,0,1,0,0,0
11155,1970,4,3,0,0,0,0,1,0,0,0
11155,1973,10,9,1,0,0,0,1,0,7,0
11155,1974,2,2,0,0,0,0,0,0,0,0
11160,1980,3,3,1,0,0,0,0,0,1,0
11160,1982,1,1,0,0,0,0,0,0,0,0
11160,1983,5,4,1,0,0,0,1,0,1,0
11170,1979,7,7,1,0,0,0,0,0,1,0
11170,1982,2,2,1,0,0,0,0,0,1,0
11170,1984,1,1,0,0,0,0,0,0,0,0
11171,1974,7,6,1,0,0,0,1,0,2,0
11171,1975,7,7,0,0,0,0,0,0,3,0
11171,1976,3,3,0,0,0,0,0,0,1,0
11171,1977,9,7,2,1,0,0,2,0,3,0
11171,1978,3,3,2,1,0,0,0,0,1,0
11171,1979,5,4,0,0,0,0,1,0,0,0
11171,1987,5,5,0,0,0,0,0,0,1,0
11173,1989,9,8,1,0,0,0,1,0,2,0
11173,1990,3,3,0,0,0,0,0,0,1,0
11173,1991,3,3,0,0,0,0,0,0,0,0
11173,1992,3,3,0,0,0,0,0,0,0,0
11173,1993,2,2,0,0,0,0,0,0,0,0
11178,1987,2,2,1,0,1,0,0,0,0,0
11181,1969,3,3,1,0,0,0,0,0,1,0
11181,1971,6,5,4,0,0,0,0,1,0,0
11181,1974,14,14,4,1,0,0,0,0,2,0
11181,1976,3,2,1,0,0,0,1,0,1,0
11185,1971,1,1,0,0,0,0,0,0,0,0
11185,1980,4,4,0,0,0,0,0,0,1,0
11198,1982,1,0,0,0,0,0,1,0,0,0
11203,1971,6,6,3,0,0,0,0,0,2,0
11224,1980,2,2,0,0,0,0,0,0,2,0
11233,1989,4,3,1,0,0,0,1,0,0,0
11235,1992,6,6,0,0,0,0,0,0,1,0
11263,1989,11,11,0,0,0,0,0,0,4,0
11263,1991,7,6,1,0,0,0,1,0,4,0
11263,1992,4,4,1,0,0,1,0,0,1,0
11288,1980,4,3,1,0,0,0,0,0,1,0
11288,1981,7,6,1,0,0,0,1,0,2,0
11300,1970,4,3,0,0,0,0,1,0,2,0
11303,1968,3,3,1,0,0,0,0,0,0,0
11303,1973,4,3,0,0,0,0,1,0,2,0
11323,1968,8,5,1,0,0,0,3,0,2,0
11323,1969,6,6,1,0,0,0,0,0,1,0
11323,1970,1,1,1,1,0,0,0,0,0,0
11346,1980,6,6,2,1,0,0,0,0,0,0
11346,1981,3,3,1,0,0,0,0,0,1,0
11346,1982,7,6,2,0,1,0,1,0,3,0
11346,1983,7,7,1,0,0,0,0,0,1,0
11346,1984,3,3,1,0,0,0,0,0,1,0
11346,1985,16,13,4,1,1,1,2,0,0,0
11346,1987,7,7,1,0,0,0,0,0,3,0
11346,1988,9,9,1,0,0,0,0,0,2,0
11348,1972,1,1,0,0,0,0,0,0,1,0
11348,1973,10,9,0,0,0,0,1,0,5,0
11348,1974,10,6,0,0,0,0,3,1,3,0
11348,1975,8,6,1,0,0,0,2,0,2,0
11348,1976,11,7,1,0,0,1,4,0,3,0
11348,1980,4,3,0,0,0,0,1,0,2,0
11360,1973,14,14,2,0,0,0,0,0,5,0
11360,1974,5,5,0,0,0,0,0,0,3,0
11360,1975,5,5,2,0,0,0,0,0,1,0
11360,1976,2,2,0,0,0,0,0,0,1,0
11364,1983,3,2,0,0,0,0,1,0,1,0
11364,1984,3,3,0,0,0,0,0,0,2,0
11368,1989,3,3,2,0,0,1,0,0,1,0
11368,1991,4,3,0,0,0,0,1,0,1,0
11368,1992,6,4,1,0,0,1,2,0,2,0
11369,1986,5,5,0,0,0,0,0,0,1,0
11383,1972,8,5,1,0,0,0,3,0,0,0
11394,1986,3,3,1,0,0,0,0,0,0,0
11394,1987,3,3,0,0,0,0,0,0,0,0
11394,1988,9,9,5,2,0,2,0,0,1,0
11409,1980,9,8,2,0,0,0,0,0,3,0
11409,1981,3,2,0,0,0,0,1,0,0,0
11409,1982,5,3,1,0,0,0,2,0,1,0
11409,1983,4,4,0,0,0,0,0,0,2,0
11409,1984,1,1,1,0,0,0,0,0,0,0
11414,1972,15,13,3,0,0,0,1,1,6,0
11414,1973,8,6,1,0,0,0,2,0,1,0
11414,1974,4,3,0,0,0,0,1,0,1,0
11414,1975,7,3,1,0,0,0,4,0,0,0
11414,1976,6,6,3,0,0,0,0,0,1,0
11416,1990,4,4,0,0,0,0,0,0,4,0
11416,1991,6,4,0,0,0,0,1,1,3,0
11416,1992,5,4,0,0,0,0,1,0,4,0
11418,1975,10,9,3,1,1,0,0,0,4,1
11418,1978,6,5,1,0,0,1,1,0,2,0
11418,1979,11,9,2,0,0,2,2,0,5,0
11419,1978,3,2,0,0,0,0,1,0,1,0
11419,1980,1,0,0,0,0,0,1,0,0,0
11422,1976,12,7,1,0,0,0,4,0,5,1
11422,1977,9,7,3,1,0,0,2,0,2,0
11422,1978,4,4,1,0,0,0,0,0,0,0
11422,1979,7,6,2,0,0,0,1,0,2,0
11422,1981,3,2,1,0,0,0,1,0,0,0
11422,1982,8,8,2,0,0,0,0,0,1,0
11422,1984,11,9,3,1,0,1,2,0,4,0
11422,1985,3,2,0,0,0,0,1,0,0,0
11422,1986,3,2,1,1,0,0,1,0,0,0
11423,1992,3,2,0,0,0,0,1,0,2,0
11423,1993,2,2,0,0,0,0,0,0,0,0
11433,1968,1,1,1,0,0,0,0,0,0,0
11434,1984,3,2,1,0,0,0,1,0,1,0
11434,1985,4,4,2,0,0,0,0,0,0,0
11434,1986,1,0,0,0,0,0,1,0,0,0
11434,1987,12,10,4,0,1,0,2,0,2,0
11434,1988,14,13,2,0,1,0,0,0,4,1
11442,1986,9,8,1,1,0,0,0,0,3,0
11442,1987,10,10,2,0,0,0,0,0,7,0
11442,1988,7,5,1,0,0,1,0,0,2,0
11448,1980,6,5,0,0,0,0,1,0,1,0
11448,1981,6,6,0,0,0,0,0,0,1,0
11448,1984,7,7,1,0,0,0,0,0,4,0
11456,1977,8,6,0,0,0,0,1,0,2,1
11456,1978,12,10,1,1,0,0,2,0,4,0
11456,1979,5,2,0,0,0,0,3,0,0,0
11471,1992,5,5,0,0,0,0,0,0,4,0
11476,1985,3,3,0,0,0,0,0,0,1,0
11476,1986,3,3,0,0,0,0,0,0,2,0
11478,1972,1,1,0,0,0,0,0,0,0,0
11483,1968,3,3,0,0,0,0,0,0,1,0
11505,1968,5,5,1,0,0,0,0,0,2,0
11505,1969,5,5,0,0,0,0,0,0,1,0
11505,1970,3,2,1,0,0,0,1,0,1,0
11549,1968,9,8,3,0,0,0,0,0,3,0
11549,1970,2,2,1,0,0,0,0,0,0,0
11549,1977,3,3,0,0,0,0,0,0,2,0
11551,1966,1,1,1,0,0,1,0,0,0,0
11551,1968,8,7,3,0,0,0,1,0,1,0
11551,1969,8,7,2,1,0,0,1,0,1,0
11551,1970,1,0,0,0,0,0,1,0,0,0
11551,1971,10,7,1,0,0,0,3,0,1,0
11553,1983,3,3,1,0,0,0,0,0,2,0
11557,1973,4,3,1,0,0,0,1,0,0,0
11565,1972,12,12,2,0,0,0,0,0,2,0
11565,1974,13,10,2,0,0,0,3,0,0,0
11565,1975,7,7,2,1,0,0,0,0,2,0
11571,1989,3,3,0,0,0,0,0,0,0,0
11575,1981,1,1,0,0,0,0,0,0,1,0
11580,1979,6,6,1,0,0,0,0,0,3,0
11580,1989,7,6,0,0,0,0,1,0,1,0
11580,1990,8,7,3,1,0,0,1,0,1,0
11580,1991,2,2,1,1,0,0,0,0,0,0
11588,1987,4,4,0,0,0,0,0,0,2,0
11588,1988,7,5,2,1,0,0,2,0,0,0
11594,1982,8,6,0,0,0,0,2,0,2,0
11594,1983,3,3,2,0,0,0,0,0,0,0
11594,1985,2,1,0,0,0,0,1,0,1,0
11594,1986,2,0,0,0,0,0,2,0,0,0
11594,1987,3,3,0,0,0,0,0,0,1,0
11599,1974,1,0,0,0,0,0,0,0,0,0
11599,1980,11,11,4,1,1,0,0,0,1,0
11599,1981,3,2,0,0,0,0,1,0,0,0
11599,1982,4,4,0,0,0,0,0,0,1,0
11599,1984,10,10,2,1,0,0,0,0,1,0
11599,1986,1,1,0,0,0,0,0,0,0,0
11599,1987,3,3,2,1,0,0,0,0,0,0
11599,1988,4,4,3,2,0,0,0,0,0,0
11610,1983,1,0,0,0,0,0,0,0,0,0
11629,1985,2,2,0,0,0,0,0,0,1,0
11629,1986,3,3,2,0,0,0,0,0,0,0
11629,1988,2,2,0,0,0,0,0,0,0,0
11635,1983,2,2,1,0,1,0,0,0,1,0
11635,1985,2,2,0,0,0,0,0,0,1,0
11645,1980,3,2,1,0,0,0,1,0,0,0
11645,1983,2,2,0,0,0,0,0,0,1,0
11660,1980,5,4,0,0,0,0,0,0,3,0
11660,1981,3,3,0,0,0,0,0,0,0,0
11677,1972,5,3,2,0,0,0,2,0,1,0
11677,1980,3,3,1,0,0,0,0,0,1,0
11677,1981,4,4,1,0,0,0,0,0,0,0
11680,1978,4,3,1,0,1,0,1,0,0,0
11692,1985,4,3,1,0,0,0,1,0,0,0
11692,1986,6,6,2,0,0,0,0,0,1,0
11692,1987,8,7,3,1,0,0,1,0,2,0
11692,1988,8,8,1,0,0,0,0,0,3,0
11700,1980,1,1,0,0,0,0,0,0,0,0
11725,1968,4,3,0,0,0,0,1,0,1,0
11725,1969,2,2,1,0,0,0,0,0,0,0
11728,1971,3,3,1,1,0,0,0,0,0,0
11730,1980,13,13,5,1,0,0,0,0,3,0
11730,1981,3,2,0,0,0,0,1,0,0,0
11732,1984,2,2,0,0,0,0,0,0,0,0
11732,1985,7,5,1,0,0,0,0,0,0,0
11732,1986,2,2,0,0,0,0,0,0,0,0
11736,1992,3,3,2,2,0,0,0,0,0,0
11743,1989,3,1,0,0,0,0,0,2,0,0
11743,1990,9,7,3,1,0,1,2,0,2,0
11743,1991,3,2,1,1,0,0,0,0,1,1
11743,1992,2,2,0,0,0,0,0,0,2,0
11753,1970,2,2,0,0,0,0,0,0,1,0
11759,1982,3,1,0,0,0,0,0,1,0,0
11759,1984,3,3,1,0,0,0,0,0,1,0
11759,1985,3,3,0,0,0,0,0,0,1,0
11765,1983,3,2,0,0,0,0,0,0,1,0
11765,1984,2,1,0,0,0,0,1,0,1,0
11765,1985,7,6,3,1,0,0,0,1,1,0
11765,1986,3,2,1,0,0,0,1,0,1,0
11765,1987,9,5,0,0,0,0,3,0,2,0
11765,1988,8,8,3,0,0,1,0,0,2,0
11779,1975,4,4,0,0,0,0,0,0,2,0
11796,1990,7,7,0,0,0,0,0,0,3,0
11796,1992,9,7,2,1,0,0,1,0,3,0
11796,1993,3,2,0,0,0,0,1,0,0,0
11798,1991,3,2,0,0,0,0,1,0,1,0
11798,1992,4,4,0,0,0,0,0,0,1,0
11798,1993,3,3,0,0,0,0,0,0,1,0
11804,1969,1,1,0,0,0,0,0,0,1,0
11817,1990,5,2,0,0,0,0,2,1,1,0
11817,1991,3,2,1,0,0,1,1,0,0,0
11820,1977,9,8,0,0,0,0,1,0,6,0
11821,1980,5,5,1,1,0,0,0,0,1,0
11821,1981,1,1,0,0,0,0,0,0,0,0
11821,1982,1,1,0,0,0,0,0,0,0,0
11821,1983,6,4,2,0,0,0,2,0,2,0
11821,1985,5,5,2,1,0,0,0,0,1,0
11821,1986,1,1,0,0,0,0,0,0,1,0
11821,1991,3,3,0,0,0,0,0,0,3,0
11828,1989,4,3,0,0,0,0,1,0,2,0
11828,1990,6,4,0,0,0,0,2,0,2,0
11828,1991,9,8,2,2,0,0,0,1,0,0
11828,1992,5,3,0,0,0,0,2,0,2,0
11828,1993,2,1,1,0,0,0,0,1,0,0
11845,1968,10,10,1,0,0,0,0,0,5,0
11845,1971,4,3,1,0,0,1,1,0,1,0
11846,1973,1,1,1,0,0,0,0,0,0,0
11846,1974,4,4,1,0,0,0,0,0,2,0
11846,1976,5,5,1,0,0,0,0,0,2,0
11846,1977,7,4,0,0,0,0,3,0,3,0
11846,1978,4,4,0,0,0,0,0,0,0,0
11846,1979,4,2,0,0,0,0,0,0,0,1
11846,1982,2,2,2,0,0,0,0,0,0,0
11846,1983,1,1,0,0,0,0,0,0,0,0
11887,1982,2,2,0,0,0,0,0,0,2,0
11887,1984,2,1,1,1,0,0,0,0,0,1
11887,1985,6,4,1,0,0,0,1,1,1,0
11887,1986,3,3,0,0,0,0,0,0,0,0
11887,1987,3,3,0,0,0,0,0,0,2,0
11887,1988,2,1,1,1,0,0,0,1,0,0
11896,1989,10,10,0,0,0,0,0,0,1,0
11896,1990,6,6,2,0,1,0,0,0,0,0
11896,1991,5,3,1,0,0,0,2,0,1,0
11896,1992,6,5,3,0,0,0,0,0,0,0
11896,1993,1,1,1,0,0,0,0,0,0,0
11910,1972,5,4,1,0,0,0,0,1,2,0
11915,1980,1,1,0,0,0,0,0,0,0,0
11915,1981,1,1,1,0,0,0,0,0,0,0
11915,1982,3,3,2,0,0,1,0,0,0,0
11916,1971,3,3,1,0,0,0,0,0,0,0
11916,1973,3,2,0,0,0,0,1,0,1,0
11916,1974,3,3,1,0,0,1,0,0,0,0
11916,1980,3,3,0,0,0,0,0,0,0,0
11933,1976,3,2,1,0,0,0,1,0,0,0
11933,1978,3,2,0,0,0,0,1,0,1,0
11961,1985,1,1,0,0,0,0,0,0,1,0
11963,1982,11,11,2,0,0,2,0,0,7,0
11963,1983,5,4,0,0,0,0,1,0,1,0
11963,1984,6,5,1,0,0,0,1,0,2,0
11963,1985,3,3,1,0,0,1,0,0,1,0
11972,1969,1,0,0,0,0,0,1,0,0,0
11972,1970,3,2,0,0,0,0,1,0,2,0
11986,1976,4,4,0,0,0,0,0,0,2,0
11986,1988,3,3,1,0,0,0,0,0,0,0
11994,1978,5,4,0,0,0,0,1,0,2,0
11994,1979,4,2,0,0,0,0,2,0,0,0
11999,1981,2,2,0,0,0,0,0,0,1,0
11999,1982,10,9,0,0,0,0,1,0,0,0
11999,1983,12,12,2,0,0,1,0,0,1,0
11999,1984,4,4,2,1,0,1,0,0,0,0
11999,1985,12,8,1,0,0,1,3,1,1,0
11999,1986,10,7,1,0,0,0,2,1,3,0
11999,1987,3,3,1,0,0,0,0,0,1,0
11999,1988,4,3,2,0,0,0,0,1,1,0
12015,1986,1,1,0,0,0,0,0,0,0,0
12035,1990,1,0,0,0,0,0,1,0,0,0
12040,1993,2,0,0,0,0,0,1,0,0,0
12054,1974,2,1,1,1,0,0,1,0,0,0
12054,1975,8,6,1,0,0,0,1,0,2,1
12054,1976,11,9,1,1,0,0,2,0,4,0
12054,1977,11,8,0,0,0,0,3,0,6,0
12054,1978,4,3,0,0,0,0,1,0,3,0
12054,1979,10,9,2,1,1,0,0,0,4,1
12054,1981,3,3,0,0,0,0,0,0,2,0
12054,1982,14,14,2,0,0,0,0,0,4,0
12054,1983,10,9,2,1,0,0,1,0,1,0
12054,1984,4,4,0,0,0,0,0,0,3,0
12054,1985,14,13,3,0,1,0,1,0,4,0
12054,1986,3,3,1,1,0,0,0,0,1,0
12054,1989,8,8,0,0,0,0,0,0,5,0
12061,1968,3,2,0,0,0,0,0,0,2,0
12062,1977,3,3,0,0,0,0,0,0,1,0
12062,1978,4,4,0,0,0,0,0,0,2,0
12062,1979,7,5,0,0,0,0,1,0,4,0
12071,1977,1,1,0,0,0,0,0,0,0,0
12071,1979,1,1,0,0,0,0,0,0,0,0
12073,1969,3,2,0,0,0,0,1,0,1,0
12081,1968,6,6,0,0,0,0,0,0,3,0
12081,1971,2,1,1,0,0,0,0,1,0,0
12081,1979,4,4,0,0,0,0,0,0,3,0
12113,1985,2,2,0,0,0,0,0,0,1,0
12113,1986,5,4,0,0,0,0,1,0,4,0
12113,1988,11,10,0,0,0,0,1,0,6,0
12113,1990,3,3,2,0,2,0,0,0,1,0
12131,1989,3,3,1,1,0,0,0,0,0,0
12131,1990,7,6,1,0,0,0,1,0,2,0
12131,1992,6,3,1,0,0,0,3,0,1,0
12133,1984,2,2,0,0,0,0,0,0,0,0
12133,1987,2,2,0,0,0,0,0,0,2,0
12140,1983,2,2,0,0,0,0,0,0,0,0
12140,1984,3,3,0,0,0,0,0,0,0,0
12140,1985,2,2,0,0,0,0,0,0,1,0
12140,1989,3,3,1,0,0,0,0,0,2,0
12152,1982,2,2,0,0,0,0,0,0,2,0
12152,1986,2,2,0,0,0,0,0,0,2,0
12199,1968,3,3,0,0,0,0,0,0,1,0
12202,1989,16,15,1,0,0,0,1,0,6,0
12202,1990,7,7,0,0,0,0,0,0,3,0
12202,1991,14,11,2,0,1,0,2,0,5,1
12202,1993,3,2,1,0,0,0,1,0,0,0
12206,1980,2,2,1,0,0,0,0,0,1,0
12206,1987,5,5,0,0,0,0,0,0,1,0
12206,1988,1,1,0,0,0,0,0,0,0,0
12207,1977,2,2,0,0,0,0,0,0,2,0
12207,1989,5,5,0,0,0,0,0,0,4,0
12207,1991,3,3,0,0,0,0,0,0,3,0
12213,1973,5,5,2,0,0,0,0,0,2,0
12213,1974,10,10,2,0,0,0,0,0,4,0
12213,1976,16,16,2,1,0,0,0,0,6,0
12213,1977,6,5,0,0,0,0,1,0,1,0
12213,1978,8,8,1,0,0,0,0,0,0,0
12213,1979,13,12,2,0,0,1,1,0,5,0
12213,1989,9,9,4,1,0,0,0,0,2,0
12215,1969,1,0,0,0,0,0,1,0,0,0
12218,1983,1,1,0,0,0,0,0,0,0,0
12221,1979,7,5,2,0,0,0,2,0,3,0
12221,1989,7,4,2,0,0,0,3,0,1,0
12221,1990,9,8,1,0,0,0,1,0,1,0
12221,1991,2,2,0,0,0,0,0,0,0,0
12221,1992,6,5,1,0,0,0,1,0,0,0
12224,1991,6,5,0,0,0,0,1,0,2,0
12224,1992,6,5,1,0,0,0,0,0,0,1
12233,1972,2,2,1,0,0,1,0,0,1,0
12233,1973,14,14,2,0,0,0,0,0,5,0
12233,1974,4,3,1,1,0,0,1,0,1,0
12233,1975,13,5,3,1,0,0,8,0,1,0
12233,1976,6,5,1,0,0,0,1,0,2,0
12233,1977,13,7,1,0,0,0,6,0,3,0
12233,1978,4,2,0,0,0,0,2,0,1,0
12237,1970,1,1,0,0,0,0,0,0,1,0
12239,1980,8,8,2,0,0,0,0,0,4,0
12239,1984,9,8,1,0,0,1,1,0,4,0
12244,1969,1,1,0,0,0,0,0,0,1,0
12257,1982,9,8,1,0,0,0,1,0,1,0
12257,1983,11,7,1,1,0,0,4,0,2,0
12257,1984,8,7,1,0,0,0,1,0,0,0
12263,1972,3,2,0,0,0,0,0,0,1,0
12268,1977,16,14,4,0,0,0,2,0,5,0
12268,1978,7,6,2,1,0,0,1,0,1,0
12268,1979,7,6,0,0,0,0,0,1,3,0
12277,1992,2,1,0,0,0,0,0,0,0,1
12292,1977,10,9,2,0,0,0,1,0,3,0
12292,1978,3,3,1,1,0,0,0,0,2,0
12292,1979,10,9,2,0,1,0,1,0,6,0
12292,1982,2,2,1,0,0,0,0,0,1,0
12294,1968,1,1,1,0,0,1,0,0,0,0
12294,1969,3,3,1,0,0,0,0,0,1,0
12294,1970,17,14,4,1,0,0,3,0,1,0
12294,1971,11,8,0,0,0,0,3,0,2,0
12294,1975,4,3,1,0,0,0,1,0,1,0
12294,1976,11,8,0,0,0,0,3,0,4,0
12310,1989,3,2,0,0,0,0,0,1,0,0
12311,1971,5,3,1,0,0,0,0,2,0,0
12311,1973,10,9,2,1,0,0,1,0,5,0
12311,1974,3,3,2,0,0,0,0,0,0,0
12311,1977,11,10,2,0,0,0,0,0,2,1
12312,1988,1,1,0,0,0,0,0,0,1,0
12328,1989,3,3,1,0,0,0,0,0,1,0
12333,1987,5,4,0,0,0,0,0,1,3,0
12333,1988,3,3,1,0,0,1,0,0,2,0
12340,1968,3,1,0,0,0,0,2,0,0,0
12340,1969,3,2,1,0,0,0,1,0,0,0
12340,1970,8,6,3,1,0,0,2,0,1,0
12340,1971,9,9,2,0,0,0,0,0,2,0
12344,1986,5,5,1,0,0,0,0,0,2,0
12359,1972,1,1,0,0,0,0,0,0,1,0
12359,1973,4,4,1,1,0,0,0,0,0,0
12359,1975,9,8,4,1,0,0,1,0,1,0
12373,1970,2,2,0,0,0,0,0,0,0,0
12373,1971,2,1,0,0,0,0,0,1,0,0
12376,1984,5,5,0,0,0,0,0,0,1,0
12376,1985,10,10,3,0,0,0,0,0,2,0
12376,1986,3,3,1,0,0,1,0,0,2,0
12376,1987,10,10,2,1,0,1,0,0,1,0
12386,1981,7,7,1,0,0,0,0,0,5,0
12386,1982,12,10,1,0,0,0,2,0,5,0
12386,1983,8,6,3,1,0,0,2,0,1,0
12386,1984,4,4,0,0,0,0,0,0,1,0
12386,1986,1,0,0,0,0,0,1,0,0,0
12386,1988,5,5,0,0,0,0,0,0,2,0
12386,1990,7,7,2,0,0,0,0,0,1,0
12386,1991,3,3,0,0,0,0,0,0,1,0
12402,1977,4,3,1,0,0,0,0,0,1,0
12402,1978,1,1,0,0,0,0,0,0,1,0
12402,1979,16,16,4,1,0,0,0,0,4,0
12402,1989,16,15,1,0,0,0,1,0,7,0
12402,1990,3,2,1,0,0,0,1,0,0,0
12402,1991,2,2,0,0,0,0,0,0,1,0
12402,1992,7,5,2,0,1,0,1,1,1,0
12412,1968,2,1,0,0,0,0,1,0,0,0
12412,1969,5,5,1,0,0,0,0,0,0,0
12414,1980,15,12,1,0,0,0,3,0,2,0
12414,1990,10,8,0,0,0,0,0,0,4,2
12414,1991,6,6,2,0,0,0,0,0,2,0
12421,1985,10,9,3,0,0,0,1,0,4,0
12421,1986,3,3,1,0,0,0,0,0,0,0
12421,1987,3,2,0,0,0,0,1,0,0,0
12421,1988,1,0,0,0,0,0,1,0,0,0
12421,1992,3,3,1,0,0,0,0,0,0,0
12422,1985,3,3,0,0,0,0,0,0,2,0
12427,1989,1,1,0,0,0,0,0,0,0,0
12434,1980,4,4,1,1,0,0,0,0,2,0
12448,1976,3,2,0,0,0,0,1,0,1,0
12448,1979,1,1,0,0,0,0,0,0,0,0
12449,1974,19,17,3,0,0,0,1,1,9,0
12449,1976,7,6,1,0,0,0,1,0,1,0
12449,1980,1,1,0,0,0,0,0,0,0,0
12449,1982,4,4,1,0,0,0,0,0,1,0
12471,1977,9,6,1,0,0,0,2,0,4,0
12471,1979,10,8,2,1,0,0,2,0,1,0
12479,1972,2,2,1,0,0,0,0,0,1,0
12481,1982,3,3,1,1,0,0,0,0,1,0
12481,1983,2,2,0,0,0,0,0,0,0,0
12493,1986,1,1,0,0,0,0,0,0,0,0
12499,1987,3,2,1,0,0,1,1,0,0,0
12499,1988,3,3,1,0,0,0,0,0,1,0
12504,1969,4,4,2,0,0,0,0,0,0,0
12504,1971,5,4,0,0,0,0,0,0,0,0
12505,1972,3,3,1,0,0,0,0,0,2,0
12515,1989,9,7,2,0,0,1,2,0,4,0
12515,1991,6,4,0,0,0,0,2,0,1,0
12525,1986,3,2,1,1,0,0,1,0,0,0
12543,1976,13,9,1,0,0,0,4,0,2,0
12543,1977,17,13,0,0,0,0,4,0,4,0
12543,1978,12,11,0,0,0,0,1,0,3,0
12543,1979,7,7,1,1,0,0,0,0,2,0
12547,1968,11,8,4,0,0,1,3,0,2,0
12547,1969,2,2,0,0,0,0,0,0,1,0
12547,1970,10,8,4,1,0,2,2,0,2,0
12547,1971,8,6,1,0,0,1,2,0,0,0
12548,1983,3,3,0,0,0,0,0,0,1,0
12548,1984,11,10,3,0,0,0,1,0,2,0
12548,1985,3,3,0,0,0,0,0,0,0,0
12548,1986,1,1,0,0,0,0,0,0,0,0
12548,1988,8,7,2,0,0,1,1,0,1,0
12564,1972,7,6,1,0,0,0,1,0,0,0
12564,1973,12,11,5,1,0,1,1,0,1,0
12564,1974,14,9,3,0,0,1,4,1,2,0
12564,1975,3,3,2,0,0,1,0,0,0,0
12564,1976,14,13,5,0,0,1,1,0,3,0
12564,1977,5,2,1,0,0,0,3,0,0,0
12564,1978,4,3,0,0,0,0,1,0,0,0
12564,1979,5,3,0,0,0,0,1,0,1,1
12569,1980,8,6,1,0,0,0,2,0,2,0
12569,1983,5,5,0,0,0,0,0,0,2,0
12589,1986,3,3,0,0,0,0,0,0,1,0
12589,1987,3,2,0,0,0,0,0,0,2,0
12605,1969,3,2,0,0,0,0,0,0,2,0
12610,1980,4,4,0,0,0,0,0,0,0,0
12610,1981,4,4,1,0,0,0,0,0,0,0
12610,1982,4,3,0,0,0,0,0,1,2,0
12610,1983,8,7,0,0,0,0,1,0,1,0
12610,1984,10,8,2,0,0,0,2,0,2,0
12610,1985,5,5,1,0,0,0,0,0,0,0
12610,1986,4,3,2,1,0,0,1,0,0,0
12618,1988,1,1,0,0,0,0,0,0,1,0
12623,1974,10,8,2,0,0,0,2,0,4,0
12623,1975,17,16,2,1,0,0,1,0,3,0
12623,1976,3,3,0,0,0,0,0,0,1,0
12623,1978,6,5,2,0,0,0,1,0,0,0
12623,1979,10,8,1,0,0,0,2,0,0,0
12623,1989,9,6,1,0,0,0,2,1,2,0
12623,1990,8,7,2,0,1,1,0,1,3,0
12623,1991,4,4,2,0,0,1,0,0,0,0
12623,1992,9,9,3,2,0,0,0,0,3,0
12623,1993,3,3,1,1,0,0,0,0,0,0
12648,1977,3,3,1,0,0,0,0,0,1,0
12670,1977,8,8,2,0,0,0,0,0,2,0
12670,1978,4,4,1,0,0,0,0,0,1,0
12670,1979,5,4,0,0,0,0,1,0,1,0
12682,1992,3,3,1,0,0,0,0,0,0,0
12682,1993,2,2,1,0,0,0,0,0,0,0
12684,1985,6,6,2,0,0,0,0,0,0,0
12684,1989,3,3,1,0,0,0,0,0,1,0
