1,1966,14,13,5,1,0,1,1,0,4,0
1,1967,10,10,2,1,0,0,0,0,3,0
1,1968,12,8,1,0,0,0,4,0,1,0
1,1969,10,9,2,0,0,0,1,0,0,0
1,1970,11,11,3,0,0,1,0,0,0,0
1,1971,17,15,4,1,0,0,1,0,2,1
1,1972,9,9,1,0,0,1,0,0,3,0
1,1973,4,4,0,0,0,0,0,0,0,0
1,1974,8,8,3,0,0,0,0,0,2,0
2,1969,1,1,0,0,0,0,0,0,0,0
55,1975,1,1,0,0,0,0,0,0,1,0
55,1976,2,2,0,0,0,0,0,0,0,0
63,1976,1,0,0,0,0,0,1,0,0,0
64,1983,6,5,1,0,0,0,0,0,1,0
81,1967,2,2,0,0,0,0,0,0,0,0
81,1968,2,2,0,0,0,0,0,0,1,0
88,1968,4,4,1,0,0,0,0,0,0,0
88,1969,12,12,1,1,0,0,0,0,6,0
88,1970,7,5,1,0,0,0,2,0,2,0
88,1971,6,6,2,0,0,0,0,0,3,0
88,1972,3,3,1,0,0,0,0,0,0,0
88,1973,4,4,0,0,0,0,0,0,2,0
92,1981,3,2,0,0,0,0,0,0,1,0
92,1982,2,2,0,0,0,0,0,0,1,0
102,1983,7,7,2,1,0,0,0,0,1,0
102,1984,6,5,1,0,0,1,1,0,0,0
138,1981,2,2,0,0,0,0,0,0,0,0
140,1976,4,4,0,0,0,0,0,0,0,0
140,1977,1,1,0,0,0,0,0,0,1,0
152,1988,3,3,1,0,0,1,0,0,0,0
153,1986,2,1,0,0,0,0,0,0,0,0
153,1987,2,2,1,0,0,0,0,0,1,0
160,1973,4,4,1,0,0,0,0,0,0,0
164,1966,4,2,0,0,0,0,1,0,1,1
164,1967,6,6,0,0,0,0,0,0,2,0
164,1968,7,7,1,0,0,0,0,0,4,0
164,1969,15,13,6,0,0,1,2,0,3,0
164,1970,4,4,2,0,0,0,0,0,1,0
164,1975,2,2,0,0,0,0,0,0,0,0
164,1976,3,1,0,0,0,0,2,0,0,0
165,1982,3,2,1,0,0,1,1,0,1,0
165,1984,3,3,0,0,0,0,0,0,0,0
167,1966,11,9,1,0,0,0,1,0,2,0
167,1967,15,15,3,1,0,0,0,0,2,0
167,1968,10,9,2,0,0,1,1,0,1,0
167,1969,11,10,2,0,0,0,1,0,1,0
167,1970,3,3,0,0,0,0,0,0,0,0
167,1971,6,6,2,0,1,0,0,0,2,0
167,1972,10,8,3,0,0,1,2,0,0,0
167,1973,3,3,0,0,0,0,0,0,2,0
176,1979,1,1,0,0,0,0,0,0,0,0
179,1972,2,2,0,0,0,0,0,0,1,0
189,1977,14,12,4,2,0,0,1,0,2,0
189,1978,5,5,1,0,0,0,0,0,0,0
189,1979,6,5,3,0,0,0,1,0,1,0
189,1980,2,2,0,0,0,0,0,0,0,0
196,1988,3,3,1,0,0,0,0,0,1,0
201,1966,15,15,3,1,0,0,0,0,2,0
201,1967,13,11,3,1,0,0,2,0,2,0
201,1968,12,12,6,2,0,0,0,0,1,0
201,1969,4,4,0,0,0,0,0,0,0,0
202,1966,5,5,1,0,0,0,0,0,0,0
202,1967,10,10,3,0,0,0,0,0,2,0
202,1968,6,6,4,0,0,0,0,0,0,0
202,1969,13,13,3,1,0,0,0,0,1,0
202,1970,4,4,2,1,0,0,0,0,0,0
202,1971,8,8,4,0,0,0,0,0,0,0
204,1966,15,13,7,1,0,0,2,0,3,0
204,1967,19,19,3,0,0,0,0,0,2,0
204,1968,14,13,4,0,0,0,1,0,0,0
204,1969,15,15,2,0,0,0,0,0,0,0
204,1970,12,11,1,0,0,0,1,0,0,0
204,1971,11,10,4,0,0,0,0,0,0,0
204,1972,5,5,0,0,0,0,0,0,0,0
204,1974,2,2,0,0,0,0,0,0,0,0
210,1966,2,1,0,0,0,0,1,0,0,0
210,1967,1,1,0,0,0,0,0,0,1,0
230,1974,2,2,1,1,0,0,0,0,0,0
274,1972,4,4,0,0,0,0,0,0,0,0
274,1973,3,3,1,0,0,0,0,0,0,0
292,1972,3,3,0,0,0,0,0,0,1,0
292,1974,7,6,2,0,0,0,1,0,2,0
292,1976,1,1,0,0,0,0,0,0,0,0
292,1977,3,3,1,0,0,0,0,0,1,0
311,1975,7,7,2,0,1,0,0,0,3,0
311,1976,3,3,2,0,0,0,0,0,0,0
311,1977,8,8,0,0,0,0,0,0,0,0
311,1979,4,4,2,0,0,0,0,0,0,0
314,1977,3,3,0,0,0,0,0,0,3,0
314,1979,2,2,0,0,0,0,0,0,1,0
329,1974,2,2,0,0,0,0,0,0,1,0
346,1969,11,10,2,0,0,0,1,0,3,0
346,1970,1,1,0,0,0,0,0,0,0,0
361,1972,1,1,0,0,0,0,0,0,0,0
363,1983,3,3,2,2,0,0,0,0,0,0
363,1984,11,9,1,0,0,0,1,0,3,1
363,1985,3,3,2,0,0,2,0,0,0,0
363,1986,3,3,2,0,0,0,0,0,0,0
371,1972,5,5,2,1,0,0,0,0,0,0
371,1974,3,3,0,0,0,0,0,0,0,0
381,1968,3,3,0,0,0,0,0,0,3,0
396,1979,8,6,1,0,1,0,2,0,1,0
396,1980,6,4,2,1,0,0,1,0,0,1
396,1988,3,2,0,0,0,0,1,0,0,0
403,1977,8,8,3,2,0,0,0,0,1,0
403,1978,1,1,0,0,0,0,0,0,0,0
406,1966,13,12,4,0,0,0,1,0,2,0
406,1967,9,8,5,2,0,0,1,0,1,0
406,1968,7,6,3,0,1,0,1,0,1,0
406,1969,3,2,0,0,0,0,1,0,0,0
406,1970,3,3,0,0,0,0,0,0,3,0
406,1971,3,3,1,0,0,0,0,0,0,0
409,1976,4,4,0,0,0,0,0,0,1,0
409,1977,1,1,0,0,0,0,0,0,0,0
409,1980,3,3,0,0,0,0,0,0,1,0
409,1981,1,1,0,0,0,0,0,0,0,0
426,1979,1,1,0,0,0,0,0,0,0,0
454,1981,1,0,0,0,0,0,1,0,0,0
474,1982,3,2,0,0,0,0,1,0,0,0
474,1988,6,6,4,0,0,0,0,0,0,0
493,1977,2,1,0,0,0,0,0,0,1,0
495,1982,4,3,1,0,0,0,1,0,0,0
497,1966,6,6,1,0,0,0,0,0,4,0
497,1969,12,10,1,0,0,0,2,0,5,0
497,1970,5,5,1,0,0,1,0,0,0,0
497,1971,8,8,2,0,0,0,0,0,4,0
497,1972,8,6,3,1,0,0,1,1,2,0
497,1973,11,10,3,0,0,0,1,0,3,0
497,1974,5,3,2,0,0,1,2,0,1,0
497,1975,1,1,0,0,0,0,0,0,0,0
508,1983,2,2,0,0,0,0,0,0,0,0
508,1984,7,6,1,0,1,0,1,0,2,0
508,1985,10,10,3,1,0,1,0,0,0,0
508,1986,7,6,2,1,0,0,1,0,0,0
510,1982,1,1,0,0,0,0,0,0,0,0
515,1984,3,3,1,0,0,0,0,0,1,0
516,1971,1,1,0,0,0,0,0,0,0,0
516,1972,5,5,1,0,0,0,0,0,1,0
516,1973,4,3,0,0,0,0,0,1,1,0
516,1974,11,9,3,0,0,0,2,0,1,0
516,1975,3,3,2,0,0,1,0,0,0,0
516,1981,10,10,3,0,1,0,0,0,2,0
516,1982,14,14,4,0,0,0,0,0,1,0
534,1982,3,3,1,0,0,0,0,0,0,0
534,1984,9,9,3,0,0,0,0,0,4,0
534,1985,9,8,3,1,0,1,0,0,2,1
534,1986,3,3,1,1,0,0,0,0,1,0
534,1987,7,6,2,0,0,1,1,0,2,0
542,1967,1,1,0,0,0,0,0,0,1,0
544,1976,1,1,1,0,0,0,0,0,0,0
548,1966,2,2,1,0,0,0,0,0,0,0
558,1984,3,3,0,0,0,0,0,0,1,0
558,1985,5,5,0,0,0,0,0,0,2,0
558,1986,3,3,1,0,0,0,0,0,1,0
558,1987,5,5,0,0,0,0,0,0,0,0
566,1966,11,10,1,0,0,0,1,0,1,0
566,1967,12,11,4,1,0,1,1,0,2,0
566,1968,6,5,2,0,0,0,0,1,1,0
566,1969,9,7,1,1,0,0,1,0,2,1
573,1982,1,0,0,0,0,0,1,0,0,0
573,1983,4,4,0,0,0,0,0,0,1,0
573,1985,3,3,0,0,0,0,0,0,0,0
596,1985,8,6,0,0,0,0,2,0,2,0
596,1986,8,8,1,0,0,0,0,0,2,0
596,1987,7,7,2,0,0,0,0,0,0,0
644,1982,1,1,0,0,0,0,0,0,1,0
649,1973,3,3,2,1,0,0,0,0,0,0
649,1974,3,3,0,0,0,0,0,0,1,0
649,1976,2,2,0,0,0,0,0,0,1,0
649,1977,1,1,0,0,0,0,0,0,1,0
649,1978,2,1,0,0,0,0,0,0,0,0
654,1984,10,10,1,0,0,0,0,0,0,0
654,1985,6,6,2,0,0,0,0,0,0,0
654,1986,6,6,2,0,0,0,0,0,0,0
654,1987,3,3,1,0,0,0,0,0,0,0
666,1969,6,6,2,0,0,0,0,0,1,0
666,1970,8,7,1,0,0,0,1,0,2,0
666,1971,14,14,4,1,0,0,0,0,0,0
684,1988,3,3,0,0,0,0,0,0,1,0
686,1980,4,4,0,0,0,0,0,0,1,0
686,1981,3,3,0,0,0,0,0,0,1,0
691,1970,3,2,1,0,0,0,1,0,0,0
694,1966,11,10,3,1,0,0,0,0,3,1
694,1967,2,2,0,0,0,0,0,0,0,0
694,1968,4,4,0,0,0,0,0,0,1,0
694,1969,3,3,0,0,0,0,0,0,0,0
694,1970,2,2,0,0,0,0,0,0,0,0
694,1971,5,4,2,0,0,0,1,0,0,0
694,1972,7,6,2,1,0,0,1,0,2,0
728,1983,6,6,2,1,0,0,0,0,0,0
728,1984,3,3,0,0,0,0,0,0,0,0
728,1985,3,3,0,0,0,0,0,0,1,0
728,1986,5,5,0,0,0,0,0,0,3,0
728,1987,2,2,0,0,0,0,0,0,0,0
734,1978,8,8,1,0,0,0,0,0,3,0
738,1986,3,3,1,0,0,0,0,0,0,0
739,1987,3,3,1,0,0,0,0,0,0,0
753,1969,2,1,0,0,0,0,1,0,1,0
753,1971,1,1,1,1,0,0,0,0,0,0
753,1972,1,1,0,0,0,0,0,0,0,0
760,1966,14,14,6,1,0,0,0,0,0,0
760,1967,11,11,5,1,0,0,0,0,0,0
760,1968,10,10,5,0,0,0,0,0,0,0
760,1969,14,14,3,1,0,0,0,0,0,0
760,1970,4,4,2,0,0,0,0,0,1,0
760,1971,3,2,1,0,0,0,0,0,0,1
760,1973,7,7,2,0,0,0,0,0,1,0
760,1974,9,9,3,0,0,0,0,0,0,0
792,1967,3,3,2,0,0,0,0,0,1,0
800,1983,11,11,2,1,0,0,0,0,0,0
800,1984,7,6,2,0,0,0,1,0,0,0
800,1985,3,3,1,1,0,0,0,0,0,0
800,1988,2,2,1,0,0,0,0,0,0,0
809,1984,6,6,2,0,0,0,0,0,1,0
809,1985,6,6,0,0,0,0,0,0,2,0
809,1986,9,9,3,1,0,1,0,0,1,0
809,1987,7,7,0,0,0,0,0,0,1,0
813,1987,5,5,3,1,0,0,0,0,1,0
823,1988,2,2,1,0,0,0,0,0,0,0
826,1975,2,1,0,0,0,0,0,0,0,0
843,1968,12,10,2,1,0,0,1,0,1,1
843,1969,13,11,3,0,0,1,1,0,2,1
843,1970,15,15,5,0,0,1,0,0,3,0
843,1971,11,11,6,0,0,2,0,0,2,0
843,1972,7,6,1,0,0,0,1,0,2,0
843,1973,15,12,5,0,0,1,3,0,1,0
843,1974,14,12,0,0,0,0,1,1,2,0
843,1975,12,12,3,0,0,3,0,0,2,0
843,1976,12,11,6,1,0,1,1,0,1,0
843,1977,9,9,4,2,0,2,0,0,3,0
843,1978,8,8,0,0,0,0,0,0,1,0
843,1979,12,11,5,1,0,0,0,0,1,1
843,1980,11,9,1,0,0,1,2,0,1,0
843,1981,3,3,0,0,0,0,0,0,0,0
843,1982,6,6,1,0,0,0,0,0,1,0
847,1978,1,1,0,0,0,0,0,0,0,0
847,1979,4,3,0,0,0,0,1,0,1,0
847,1980,6,5,0,0,0,0,1,0,2,0
847,1981,3,3,0,0,0,0,0,0,1,0
847,1982,5,5,2,1,0,0,0,0,0,0
850,1983,12,11,3,0,0,0,0,1,3,0
850,1985,10,8,3,0,0,1,2,0,1,0
850,1986,3,3,0,0,0,0,0,0,0,0
850,1987,3,3,0,0,0,0,0,0,0,0
877,1981,5,4,1,1,0,0,1,0,1,0
877,1984,6,6,2,0,0,0,0,0,3,0
877,1985,3,2,1,0,0,0,0,0,0,1
877,1987,4,3,1,1,0,0,1,0,1,0
896,1979,3,3,2,0,0,1,0,0,0,0
896,1980,2,2,0,0,0,0,0,0,1,0
896,1983,3,3,0,0,0,0,0,0,0,0
896,1984,9,9,2,1,0,0,0,0,1,0
896,1985,6,6,3,0,0,1,0,0,0,0
896,1986,3,3,0,0,0,0,0,0,0,0
896,1987,8,8,3,0,0,0,0,0,1,0
901,1978,3,3,0,0,0,0,0,0,0,0
901,1981,2,2,0,0,0,0,0,0,0,0
901,1982,9,9,0,0,0,0,0,0,2,0
931,1982,1,1,1,0,0,0,0,0,0,0
935,1985,2,2,0,0,0,0,0,0,2,0
935,1986,6,6,1,0,0,1,0,0,2,0
938,1979,3,3,2,0,0,1,0,0,1,0
938,1981,2,0,0,0,0,0,0,0,0,0
954,1988,2,2,0,0,0,0,0,0,0,0
957,1975,12,11,4,2,0,0,1,0,1,0
957,1976,1,1,0,0,0,0,0,0,0,0
957,1977,8,8,2,0,0,0,0,0,1,0
957,1979,8,7,2,0,0,0,1,0,2,0
957,1980,7,6,3,0,0,0,1,0,0,0
957,1982,6,5,1,0,0,0,0,0,0,1
957,1983,7,7,4,0,0,0,0,0,2,0
964,1971,5,4,0,0,0,0,0,0,1,0
964,1972,2,2,0,0,0,0,0,0,2,0
964,1975,2,2,0,0,0,0,0,0,1,0
964,1977,1,0,0,0,0,0,0,0,0,0
991,1979,3,2,0,0,0,0,1,0,0,0
991,1980,7,7,1,0,0,0,0,0,3,0
1014,1972,3,2,1,0,0,0,1,0,0,0
1014,1975,7,7,0,0,0,0,0,0,0,0
1014,1980,3,3,1,1,0,0,0,0,0,0
1023,1968,1,1,0,0,0,0,0,0,0,0
1023,1969,2,2,0,0,0,0,0,0,1,0
1023,1971,2,1,0,0,0,0,0,0,0,0
1023,1972,3,2,0,0,0,0,0,0,2,0
1024,1971,3,3,0,0,0,0,0,0,3,0
1030,1969,18,15,6,0,1,1,2,0,1,1
1030,1972,4,4,1,0,0,0,0,0,1,0
1047,1979,2,2,0,0,0,0,0,0,0,0
1047,1981,6,4,1,0,0,0,1,0,0,0
1050,1979,5,5,1,0,0,0,0,0,3,0
1050,1980,2,1,0,0,0,0,0,0,1,0
1054,1970,3,3,2,0,0,0,0,0,0,0
1054,1971,3,3,1,0,0,0,0,0,1,0
1054,1972,6,6,0,0,0,0,0,0,2,0
1054,1973,10,10,2,0,0,0,0,0,2,0
1055,1984,3,3,1,0,0,0,0,0,1,0
1055,1986,3,3,0,0,0,0,0,0,0,0
1071,1980,2,1,0,0,0,0,0,0,0,0
1071,1982,2,2,0,0,0,0,0,0,1,0
1072,1982,3,2,0,0,0,0,1,0,1,0
1072,1983,7,5,2,2,0,0,2,0,0,0
1072,1984,11,11,1,0,0,0,0,0,3,0
1072,1985,7,7,2,0,0,0,0,0,1,0
1072,1986,6,6,0,0,0,0,0,0,0,0
1072,1987,3,3,2,1,0,0,0,0,0,0
1079,1976,5,5,3,1,0,0,0,0,1,0
1079,1978,3,2,1,0,0,0,1,0,0,0
1079,1979,1,1,0,0,0,0,0,0,0,0
1085,1966,2,2,1,1,0,0,0,0,0,0
1093,1988,3,3,1,0,0,0,0,0,2,0
1094,1968,8,6,2,0,0,0,2,0,2,0
1094,1969,11,11,2,0,0,0,0,0,3,0
1094,1970,17,15,9,2,0,3,2,0,3,0
1094,1971,13,13,3,0,0,0,0,0,0,0
1094,1972,22,22,6,0,0,2,0,0,4,0
1094,1973,15,14,2,0,0,0,1,0,6,0
1094,1974,9,9,3,1,0,1,0,0,2,0
1099,1975,5,5,0,0,0,0,0,0,3,0
1099,1976,4,4,0,0,0,0,0,0,4,0
1100,1986,3,2,1,0,0,0,1,0,1,0
1100,1988,2,2,1,1,0,0,0,0,0,0
1103,1981,6,6,1,0,0,0,0,0,0,0
1103,1986,2,2,0,0,0,0,0,0,0,0
1107,1977,7,7,2,0,0,0,0,0,1,0
1107,1978,7,7,4,0,0,0,0,0,1,0
1107,1979,6,6,0,0,0,0,0,0,1,0
1107,1983,2,2,0,0,0,0,0,0,0,0
1107,1984,7,7,1,0,0,0,0,0,1,0
1107,1985,3,3,1,1,0,0,0,0,1,0
1115,1973,5,4,1,0,0,0,1,0,0,0
1115,1974,13,13,3,0,0,0,0,0,0,0
1115,1975,2,1,0,0,0,0,1,0,0,0
1115,1976,3,2,1,0,0,0,1,0,1,0
1115,1977,10,9,1,0,0,0,1,0,2,0
1115,1978,10,9,3,0,0,2,1,0,1,0
1115,1979,5,3,0,0,0,0,1,0,1,1
1115,1980,3,3,0,0,0,0,0,0,0,0
1115,1981,3,2,0,0,0,0,0,0,0,1
1115,1983,9,9,0,0,0,0,0,0,1,0
1115,1984,6,5,3,1,0,0,1,0,0,0
1115,1985,10,10,1,0,0,0,0,0,1,0
1141,1968,5,5,1,0,0,0,0,0,0,0
1141,1969,1,1,0,0,0,0,0,0,0,0
1144,1977,1,1,0,0,0,0,0,0,1,0
1152,1985,3,2,0,0,0,0,1,0,0,0
1152,1986,3,2,1,0,0,0,1,0,0,0
1155,1968,5,5,0,0,0,0,0,0,2,0
1155,1969,6,5,2,0,0,0,1,0,2,0
1155,1970,2,2,2,0,0,0,0,0,0,0
1155,1971,10,10,3,0,0,0,0,0,0,0
1155,1972,8,7,2,0,0,0,1,0,0,0
1155,1973,2,2,1,0,0,1,0,0,0,0
1155,1975,3,3,0,0,0,0,0,0,0,0
1155,1976,7,7,0,0,0,0,0,0,0,0
1155,1977,4,4,0,0,0,0,0,0,2,0
1173,1973,3,3,2,0,0,0,0,0,1,0
1177,1978,1,1,0,0,0,0,0,0,0,0
1179,1970,6,5,0,0,0,0,0,0,0,1
1179,1971,2,2,1,0,0,0,0,0,0,0
1179,1972,7,5,0,0,0,0,1,1,2,0
1179,1973,3,3,1,0,0,0,0,0,0,0
1179,1974,13,13,1,0,0,0,0,0,2,0
1179,1976,4,4,0,0,0,0,0,0,1,0
1179,1977,15,15,5,1,0,0,0,0,0,0
1179,1978,7,7,2,0,0,0,0,0,0,0
1179,1979,6,5,2,0,0,0,0,0,0,0
1179,1980,3,3,1,0,0,0,0,0,1,0
1179,1981,6,6,4,0,0,0,0,0,0,0
1179,1982,10,9,1,0,0,0,1,0,0,0
1207,1967,11,11,3,1,0,0,0,0,2,0
1207,1968,4,4,0,0,0,0,0,0,1,0
1207,1969,8,8,1,0,0,0,0,0,4,0
1207,1970,9,9,3,0,0,2,0,0,0,0
1207,1971,3,2,0,0,0,0,1,0,0,0
1208,1966,9,7,2,0,0,0,1,0,2,1
1234,1984,9,8,2,1,0,0,0,1,0,0
1234,1985,10,10,1,0,0,0,0,0,2,0
1234,1986,7,7,5,2,0,0,0,0,1,0
1234,1987,8,7,2,1,0,1,1,0,1,0
1234,1988,6,5,0,0,0,0,0,0,1,1
1236,1986,6,6,3,1,0,0,0,0,0,0
1239,1974,1,1,0,0,0,0,0,0,1,0
1239,1975,3,2,0,0,0,0,0,0,0,0
1242,1986,3,3,0,0,0,0,0,0,0,0
1242,1987,8,6,1,0,0,0,2,0,1,0
1255,1967,5,4,0,0,0,0,1,0,1,0
1255,1968,1,1,0,0,0,0,0,0,0,0
1255,1969,8,8,2,0,0,0,0,0,0,0
1255,1970,5,5,2,0,0,0,0,0,0,0
1262,1981,1,0,0,0,0,0,1,0,0,0
1264,1970,2,1,0,0,0,0,0,0,0,0
1264,1971,2,2,0,0,0,0,0,0,1,0
1271,1971,5,5,0,0,0,0,0,0,0,0
1271,1972,2,2,0,0,0,0,0,0,1,0
1273,1988,2,2,0,0,0,0,0,0,1,0
1277,1973,1,1,0,0,0,0,0,0,0,0
1290,1966,4,4,0,0,0,0,0,0,1,0
1291,1983,7,6,2,0,0,0,1,0,0,0
1291,1984,6,5,1,0,0,0,1,0,0,0
1291,1985,7,6,3,0,0,1,1,0,0,0
1291,1986,4,3,1,0,0,0,1,0,1,0
1291,1987,7,7,1,1,0,0,0,0,0,0
1292,1974,2,2,1,0,0,0,0,0,0,0
1292,1975,2,2,0,0,0,0,0,0,0,0
1312,1979,5,3,1,0,0,0,1,0,1,1
1312,1982,1,1,0,0,0,0,0,0,1,0
1317,1966,5,4,2,0,0,1,1,0,2,0
1317,1967,10,9,1,0,0,0,1,0,3,0
1317,1968,4,2,1,0,0,0,2,0,0,0
1317,1969,6,5,2,1,0,0,1,0,2,0
1317,1970,4,4,2,0,0,0,0,0,0,0
1320,1966,2,2,0,0,0,0,0,0,2,0
1320,1972,2,2,0,0,0,0,0,0,1,0
1320,1973,4,4,1,1,0,0,0,0,2,0
1334,1969,2,2,0,0,0,0,0,0,1,0
1344,1987,9,7,1,0,0,0,0,2,1,0
1345,1966,12,12,4,0,0,1,0,0,4,0
1345,1967,13,12,5,0,1,0,1,0,1,0
1345,1968,16,16,6,1,0,0,0,0,3,0
1345,1969,9,9,5,3,0,0,0,0,2,0
1345,1970,10,10,2,0,0,0,0,0,4,0
1345,1971,11,8,1,0,0,0,3,0,2,0
1345,1972,12,11,3,1,0,0,1,0,2,0
1345,1973,8,8,1,1,0,0,0,0,3,0
1345,1974,11,11,3,1,0,0,0,0,3,0
1345,1975,4,4,1,0,0,0,0,0,1,0
1345,1976,12,10,1,0,0,0,1,0,2,1
1345,1977,6,6,2,0,0,0,0,0,0,0
1345,1979,3,2,0,0,0,0,1,0,0,0
1358,1981,6,6,2,1,0,0,0,0,2,0
1358,1982,7,7,3,1,0,0,0,0,2,0
1361,1982,3,3,0,0,0,0,0,0,2,0
1361,1983,4,4,0,0,0,0,0,0,1,0
1361,1985,5,5,2,0,0,0,0,0,2,0
1361,1986,3,3,1,0,0,0,0,0,0,0
1361,1987,6,6,1,0,0,0,0,0,0,0
1375,1987,5,5,3,0,0,1,0,0,0,0
1380,1966,9,8,3,0,0,1,1,0,3,0
1380,1970,7,7,1,1,0,0,0,0,2,0
1380,1971,2,2,0,0,0,0,0,0,0,0
1382,1988,3,2,0,0,0,0,1,0,0,0
1386,1983,5,5,1,0,0,0,0,0,1,0
1397,1986,3,3,1,0,0,0,0,0,0,0
1397,1987,9,8,1,0,0,0,1,0,2,0
1419,1972,1,1,0,0,0,0,0,0,0,0
1420,1966,4,4,1,0,0,0,0,0,3,0
1420,1967,14,13,3,1,0,1,0,0,1,1
1420,1969,14,11,4,0,0,1,2,0,1,1
1420,1970,13,11,3,1,0,0,1,0,2,1
1420,1971,10,10,4,0,0,0,0,0,2,0
1437,1966,3,2,0,0,0,0,0,0,2,0
1442,1978,1,1,0,0,0,0,0,0,1,0
1458,1983,6,6,0,0,0,0,0,0,2,0
1458,1984,5,5,0,0,0,0,0,0,0,0
1458,1985,7,5,2,0,0,0,2,0,0,0
1458,1986,9,9,1,0,0,0,0,0,1,0
1458,1987,8,8,4,0,0,0,0,0,2,0
1458,1988,3,3,1,0,0,0,0,0,0,0
1462,1977,1,1,0,0,0,0,0,0,1,0
1469,1970,2,2,0,0,0,0,0,0,1,0
1469,1971,1,1,0,0,0,0,0,0,0,0
1469,1973,3,3,0,0,0,0,0,0,1,0
1480,1966,5,5,1,0,0,0,0,0,2,0
1480,1967,4,4,2,0,0,0,0,0,1,0
1483,1977,7,7,1,0,0,0,0,0,0,0
1483,1978,2,2,1,0,0,0,0,0,0,0
1483,1979,11,11,4,1,1,0,0,0,0,0
1483,1980,13,11,2,0,0,0,1,0,1,1
1483,1982,12,11,2,0,0,0,1,0,0,0
1483,1984,10,10,3,2,0,0,0,0,0,0
1483,1985,7,7,3,1,0,1,0,0,0,0
1483,1986,6,5,2,2,0,0,1,0,0,0
1483,1987,2,2,0,0,0,0,0,0,0,0
1494,1985,2,2,0,0,0,0,0,0,0,0
1494,1986,2,2,0,0,0,0,0,0,0,0
1494,1987,2,2,0,0,0,0,0,0,0,0
1501,1966,3,2,1,0,0,0,0,0,1,0
1513,1982,8,7,3,0,0,0,1,0,0,0
1513,1983,8,8,3,1,0,0,0,0,1,0
1513,1984,10,8,1,0,0,0,1,0,1,0
1525,1966,1,1,0,0,0,0,0,0,0,0
1525,1969,7,7,0,0,0,0,0,0,3,0
1525,1971,4,4,0,0,0,0,0,0,0,0
1543,1987,3,3,2,0,0,1,0,0,0,0
1555,1987,2,2,0,0,0,0,0,0,0,0
1573,1977,18,16,5,0,0,2,2,0,3,0
1573,1978,14,12,4,1,1,1,2,0,2,0
1573,1979,11,7,4,0,0,3,4,0,1,0
1573,1980,3,3,0,0,0,0,0,0,0,0
1573,1983,3,3,2,0,0,0,0,0,1,0
1573,1985,3,3,1,0,0,0,0,0,0,0
1577,1975,2,2,0,0,0,0,0,0,0,0
1577,1976,2,2,0,0,0,0,0,0,2,0
1577,1978,1,1,0,0,0,0,0,0,0,0
1577,1981,3,3,2,0,0,0,0,0,1,0
1600,1983,6,6,0,0,0,0,0,0,3,0
1600,1984,6,5,2,1,0,1,1,0,2,0
1600,1986,6,6,1,1,0,0,0,0,1,0
1600,1987,10,9,1,0,0,0,1,0,0,0
1608,1987,2,2,0,0,0,0,0,0,2,0
1610,1981,4,4,1,0,0,0,0,0,0,0
1610,1982,3,3,0,0,0,0,0,0,2,0
1610,1984,7,7,2,0,0,0,0,0,1,0
1610,1985,10,10,2,0,0,0,0,0,1,0
1610,1986,7,7,3,0,0,0,0,0,1,0
1610,1987,15,14,4,1,0,0,1,0,1,0
1640,1975,8,7,2,0,1,0,1,0,0,0
1640,1976,3,3,1,0,0,0,0,0,0,0
1640,1977,12,11,3,1,0,0,1,0,2,0
1640,1978,9,9,4,0,0,1,0,0,1,0
1640,1979,9,9,5,0,0,0,0,0,1,0
1640,1980,10,9,2,0,0,0,1,0,1,0
1640,1981,15,15,1,0,0,0,0,0,5,0
1640,1983,3,3,0,0,0,0,0,0,0,0
1673,1985,3,3,0,0,0,0,0,0,0,0
1673,1986,3,3,2,0,0,1,0,0,0,0
1674,1972,3,3,1,0,0,0,0,0,2,0
1674,1974,2,2,0,0,0,0,0,0,0,0
1685,1966,7,7,2,0,0,0,0,0,0,0
1685,1967,14,14,4,1,0,0,0,0,1,0
1685,1968,3,3,1,0,0,0,0,0,0,0
1685,1969,15,15,6,0,0,0,0,0,2,0
1685,1970,3,3,1,0,0,0,0,0,0,0
1685,1971,2,2,0,0,0,0,0,0,1,0
1712,1970,18,13,2,0,0,2,3,0,1,2
1712,1971,9,7,1,0,0,0,2,0,1,0
1712,1974,1,1,0,0,0,0,0,0,0,0
1741,1977,2,2,2,0,0,0,0,0,0,0
1741,1978,4,4,2,1,0,0,0,0,1,0
1741,1980,3,3,0,0,0,0,0,0,0,0
1741,1982,2,2,0,0,0,0,0,0,0,0
1745,1986,4,4,0,0,0,0,0,0,1,0
1750,1968,3,1,0,0,0,0,2,0,0,0
1750,1969,9,9,1,0,0,0,0,0,1,0
1750,1970,7,6,2,0,0,0,1,0,1,0
1750,1971,4,4,1,0,0,0,0,0,0,0
1750,1974,2,2,1,0,0,0,0,0,0,0
1753,1977,1,1,0,0,0,0,0,0,0,0
1757,1986,3,3,0,0,0,0,0,0,2,0
1757,1987,5,5,0,0,0,0,0,0,2,0
1770,1972,1,1,0,0,0,0,0,0,0,0
1770,1974,4,4,0,0,0,0,0,0,1,0
1777,1970,12,10,3,1,1,0,2,0,2,0
1777,1971,11,10,1,0,0,0,1,0,3,0
1777,1972,8,6,3,1,0,1,2,0,0,0
1777,1973,7,5,1,0,0,0,2,0,0,0
1780,1966,2,2,0,0,0,0,0,0,1,0
1780,1967,2,2,0,0,0,0,0,0,1,0
1780,1968,2,2,0,0,0,0,0,0,2,0
1782,1970,10,9,2,0,0,0,0,1,2,0
1782,1971,7,6,1,0,0,0,0,0,1,1
1782,1973,6,6,2,1,0,1,0,0,2,0
1782,1974,13,11,1,0,0,0,1,1,1,0
1782,1975,10,8,2,1,0,0,0,0,2,1
1782,1976,15,15,8,2,0,0,0,0,2,0
1783,1966,12,11,3,1,0,0,0,0,3,0
1783,1967,6,6,1,0,0,0,0,0,2,0
1783,1968,9,8,1,0,0,0,1,0,2,0
1787,1983,4,4,0,0,0,0,0,0,0,0
1787,1984,4,4,0,0,0,0,0,0,1,0
1787,1985,10,9,1,0,0,0,1,0,1,0
1797,1970,3,3,2,0,0,0,0,0,1,0
1797,1972,2,2,1,0,0,0,0,0,0,0
1797,1973,1,1,0,0,0,0,0,0,0,0
1797,1974,2,2,0,0,0,0,0,0,0,0
1797,1977,2,1,1,0,0,0,0,0,0,1
1797,1980,2,2,0,0,0,0,0,0,2,0
1823,1969,1,0,0,0,0,0,1,0,0,0
1823,1973,1,1,0,0,0,0,0,0,1,0
1826,1975,2,2,0,0,0,0,0,0,0,0
1835,1974,3,2,1,0,0,0,0,0,1,0
1835,1975,1,1,0,0,0,0,0,0,0,0
1842,1975,12,10,2,1,0,0,2,0,3,0
1842,1976,4,2,1,0,0,0,1,1,0,0
1842,1977,9,9,4,1,0,1,0,0,1,0
1842,1978,7,6,0,0,0,0,1,0,1,0
1842,1979,6,5,2,1,0,0,1,0,0,0
1842,1980,6,5,0,0,0,0,1,0,2,0
1842,1981,4,4,0,0,0,0,0,0,0,0
1842,1982,8,7,2,0,0,0,1,0,1,0
1842,1988,6,6,3,1,1,0,0,0,1,0
1843,1984,7,6,1,0,0,0,1,0,2,0
1843,1985,6,6,4,1,0,0,0,0,0,0
1843,1986,6,6,2,0,1,0,0,0,0,0
1843,1987,8,7,3,0,0,0,0,0,0,1
1847,1966,13,12,4,0,0,0,1,0,3,0
1847,1967,7,7,3,0,0,1,0,0,3,0
1847,1969,7,7,3,0,0,1,0,0,1,0
1847,1970,14,12,3,0,0,0,2,0,3,0
1847,1972,7,6,2,1,0,0,1,0,1,0
1854,1973,2,2,0,0,0,0,0,0,1,0
1854,1974,2,2,1,0,0,0,0,0,0,0
1859,1971,3,3,1,0,0,0,0,0,1,0
1859,1972,8,8,4,2,0,0,0,0,0,0
1859,1973,13,13,7,0,0,1,0,0,1,0
1859,1974,15,15,4,2,0,0,0,0,1,0
1859,1975,3,3,1,0,0,1,0,0,0,0
1859,1976,4,4,0,0,0,0,0,0,0,0
1859,1977,9,9,1,0,0,0,0,0,1,0
1859,1978,11,11,3,0,0,0,0,0,1,0
1859,1980,8,5,2,1,0,0,3,0,0,0
1880,1985,2,2,0,0,0,0,0,0,0,0
1880,1987,2,2,0,0,0,0,0,0,1,0
1894,1983,8,7,2,0,0,0,1,0,0,0
1895,1986,3,3,2,0,0,0,0,0,0,0
1895,1987,2,1,0,0,0,0,1,0,0,0
1907,1983,4,4,3,0,0,0,0,0,1,0
1907,1984,2,2,0,0,0,0,0,0,0,0
1910,1983,7,7,2,0,0,0,0,0,2,0
1928,1975,1,1,0,0,0,0,0,0,0,0
1932,1979,1,0,0,0,0,0,0,0,0,0
1948,1970,7,7,2,0,1,0,0,0,2,0
1948,1971,16,15,1,1,0,0,1,0,2,0
1948,1972,18,15,2,0,0,0,3,0,2,0
1948,1973,6,4,0,0,0,0,1,1,1,0
1948,1974,14,14,4,0,0,0,0,0,5,0
1948,1975,16,14,4,1,1,2,1,1,6,0
1948,1976,7,6,3,0,0,0,1,0,0,0
1948,1977,10,9,5,2,0,0,0,0,0,1
1948,1978,6,5,3,1,0,0,1,0,0,0
1948,1979,3,3,1,0,0,1,0,0,0,0
1948,1980,10,8,2,2,0,0,2,0,3,0
1948,1982,9,9,5,2,0,0,0,0,0,0
1955,1966,11,9,0,0,0,0,1,0,2,1
1955,1967,9,8,5,2,0,0,1,0,2,0
1955,1968,16,15,2,1,0,0,1,0,4,0
1955,1969,10,8,2,0,0,1,2,0,1,0
1955,1970,14,12,2,0,0,1,1,1,2,0
1955,1971,7,7,1,0,0,1,0,0,0,0
1955,1972,4,4,0,0,0,0,0,0,1,0
1958,1987,4,4,0,0,0,0,0,0,1,0
1967,1981,6,6,3,1,0,0,0,0,0,0
1967,1982,14,13,4,2,0,0,1,0,2,0
1976,1984,3,3,2,0,0,0,0,0,1,0
1979,1980,14,14,6,2,0,0,0,0,1,0
1979,1981,6,6,2,0,0,0,0,0,0,0
1979,1982,5,5,0,0,0,0,0,0,0,0
1983,1976,5,4,1,0,0,0,0,0,1,0
1983,1977,9,9,3,1,0,0,0,0,3,0
1988,1969,5,3,0,0,0,0,2,0,1,0
1988,1970,4,4,1,1,0,0,0,0,2,0
1988,1972,4,4,1,0,0,0,0,0,1,0
1988,1973,9,8,0,0,0,0,1,0,0,0
1988,1974,1,1,0,0,0,0,0,0,0,0
1988,1975,3,3,0,0,0,0,0,0,1,0
1988,1976,12,10,2,0,0,0,2,0,3,0
1988,1977,3,3,0,0,0,0,0,0,2,0
1988,1978,2,2,0,0,0,0,0,0,0,0
1988,1979,2,2,0,0,0,0,0,0,0,0
2000,1967,6,5,2,1,0,0,0,1,1,0
2000,1968,1,1,0,0,0,0,0,0,0,0
2000,1969,3,3,2,0,0,0,0,0,0,0
2033,1971,2,2,0,0,0,0,0,0,1,0
2061,1977,3,2,0,0,0,0,0,0,1,0
2061,1978,2,2,0,0,0,0,0,0,1,0
2100,1983,4,3,1,1,0,0,0,0,0,0
2100,1985,1,1,0,0,0,0,0,0,0,0
2103,1986,3,3,1,0,0,0,0,0,1,0
2103,1987,5,5,0,0,0,0,0,0,2,0
2111,1976,5,5,2,1,0,0,0,0,1,0
2111,1977,8,7,0,0,0,0,1,0,2,0
2111,1978,13,11,6,2,0,0,1,0,2,0
2111,1979,16,15,4,1,0,1,1,0,3,0
2111,1980,7,6,1,0,0,0,1,0,1,0
2111,1981,11,10,3,0,0,0,1,0,1,0
2111,1982,4,4,0,0,0,0,0,0,2,0
2138,1966,7,7,2,0,0,0,0,0,1,0
2138,1967,2,2,1,0,0,0,0,0,0,0
2138,1968,4,3,0,0,0,0,1,0,1,0
2148,1966,15,15,4,0,0,1,0,0,2,0
2148,1967,18,18,3,0,0,0,0,0,4,0
2148,1968,4,4,3,0,0,0,0,0,0,0
2148,1969,11,9,1,0,0,0,2,0,2,0
2148,1970,8,6,5,0,0,1,1,1,0,0
2148,1971,6,6,2,1,0,0,0,0,3,0
2148,1972,7,7,5,2,0,0,0,0,1,0
2149,1966,12,12,3,0,0,0,0,0,3,0
2149,1967,13,13,3,0,0,1,0,0,3,0
2149,1968,13,10,1,0,0,1,2,0,3,0
2149,1969,7,7,3,0,0,2,0,0,0,0
2149,1972,1,1,1,0,0,0,0,0,0,0
2153,1971,1,1,0,0,0,0,0,0,0,0
2158,1972,4,3,0,0,0,0,0,0,2,1
2158,1973,6,6,0,0,0,0,0,0,1,0
2158,1974,4,4,1,1,0,0,0,0,1,0
2158,1975,1,1,0,0,0,0,0,0,0,0
2160,1966,1,1,0,0,0,0,0,0,0,0
2160,1968,5,4,1,1,0,0,0,0,0,0
2160,1969,2,2,0,0,0,0,0,0,1,0
2160,1971,4,2,1,1,0,0,2,0,1,0
2163,1966,3,3,0,0,0,0,0,0,1,0
2189,1975,4,3,2,1,0,0,0,0,0,0
2201,1969,6,6,1,1,0,0,0,0,3,0
2201,1970,17,16,6,0,0,5,1,0,3,0
2201,1971,20,17,3,0,0,2,2,1,5,0
2201,1972,11,11,2,1,0,0,0,0,5,0
2201,1973,15,14,3,1,0,0,1,0,4,0
2201,1974,8,8,1,0,0,0,0,0,2,0
2201,1975,1,1,0,0,0,0,0,0,1,0
2208,1986,6,5,2,0,0,0,0,1,1,0
2208,1988,1,0,0,0,0,0,0,0,0,1
2213,1966,10,10,0,0,0,0,0,0,4,0
2220,1988,4,4,1,0,0,0,0,0,1,0
2225,1979,10,10,1,0,0,0,0,0,1,0
2225,1980,11,9,1,0,0,0,2,0,1,0
2225,1981,3,3,1,0,1,0,0,0,0,0
2225,1983,4,4,0,0,0,0,0,0,0,0
2225,1984,6,6,1,0,0,0,0,0,0,0
2225,1986,6,6,1,1,0,0,0,0,0,0
2230,1968,10,10,3,0,0,0,0,0,4,0
2230,1969,3,3,0,0,0,0,0,0,1,0
2256,1970,4,4,3,2,0,0,0,0,0,0
2256,1971,6,6,3,0,1,0,0,0,1,0
2256,1972,7,7,1,0,0,0,0,0,1,0
2256,1973,6,6,0,0,0,0,0,0,2,0
2256,1974,13,11,5,1,0,0,1,0,0,0
2256,1975,12,11,2,1,0,0,1,0,1,0
2256,1976,12,11,4,0,0,0,1,0,2,0
2256,1977,9,9,1,0,0,0,0,0,0,0
2256,1978,11,8,3,0,0,0,3,0,1,0
2256,1979,12,11,3,1,0,0,0,0,1,1
2256,1980,11,10,3,0,1,0,1,0,2,0
2256,1981,3,3,2,1,0,0,0,0,0,0
2256,1982,9,8,4,1,0,0,0,0,0,1
2258,1983,3,3,2,0,0,0,0,0,0,0
2258,1984,9,8,3,0,0,0,1,0,2,0
2258,1985,6,5,2,0,0,0,0,0,1,0
2273,1985,3,3,1,0,0,0,0,0,1,0
2303,1967,2,2,1,1,0,0,0,0,1,0
2303,1968,1,1,0,0,0,0,0,0,1,0
2308,1985,7,7,3,1,0,0,0,0,1,0
2308,1986,10,9,1,1,0,0,1,0,2,0
2308,1987,3,3,0,0,0,0,0,0,1,0
2342,1970,3,3,0,0,0,0,0,0,3,0
2342,1974,1,1,0,0,0,0,0,0,1,0
2359,1970,6,6,0,0,0,0,0,0,3,0
2359,1972,3,3,0,0,0,0,0,0,1,0
2361,1974,3,3,1,1,0,0,0,0,1,0
2361,1975,3,3,1,0,0,0,0,0,0,0
2361,1977,3,3,1,0,0,1,0,0,0,0
2361,1978,2,2,0,0,0,0,0,0,0,0
2382,1986,3,3,1,0,0,0,0,0,0,0
2400,1983,3,3,1,1,0,0,0,0,0,0
2400,1984,9,8,1,1,0,0,1,0,0,0
2400,1985,9,9,4,1,0,0,0,0,0,0
2410,1976,3,3,0,0,0,0,0,0,0,0
2411,1978,1,1,0,0,0,0,0,0,0,0
2440,1976,11,10,4,0,0,0,1,0,2,0
2464,1976,2,2,0,0,0,0,0,0,0,0
2464,1977,9,9,0,0,0,0,0,0,1,0
2464,1978,11,11,1,0,0,0,0,0,2,0
2464,1979,7,7,0,0,0,0,0,0,2,0
2464,1980,9,8,5,0,0,1,1,0,0,0
2464,1981,3,3,0,0,0,0,0,0,0,0
2464,1982,4,4,1,0,0,0,0,0,1,0
2476,1970,4,3,0,0,0,0,1,0,0,0
2476,1972,6,6,0,0,0,0,0,0,2,0
2489,1974,1,1,1,1,0,0,0,0,0,0
2489,1975,2,2,0,0,0,0,0,0,1,0
2489,1982,1,1,1,0,0,0,0,0,0,0
2498,1976,4,4,0,0,0,0,0,0,0,0
2498,1977,4,4,0,0,0,0,0,0,0,0
2498,1978,4,4,3,1,0,0,0,0,0,0
2498,1979,4,4,1,0,0,0,0,0,2,0
2501,1971,4,2,0,0,0,0,2,0,0,0
2501,1972,3,3,0,0,0,0,0,0,0,0
2501,1973,7,6,2,1,0,0,1,0,2,0
2501,1974,5,5,2,0,1,0,0,0,3,0
2501,1975,11,11,0,0,0,0,0,0,3,0
2501,1976,9,9,3,0,1,0,0,0,1,0
2501,1977,7,5,3,1,1,0,2,0,0,0
2501,1978,9,9,3,1,0,0,0,0,1,0
2501,1979,9,6,3,1,0,0,3,0,0,0
2501,1980,10,9,2,1,0,0,1,0,1,0
2502,1983,8,7,2,0,0,0,0,0,2,1
2502,1984,3,3,0,0,0,0,0,0,2,0
2502,1985,3,3,0,0,0,0,0,0,0,0
2502,1986,3,3,0,0,0,0,0,0,1,0
2514,1983,3,2,0,0,0,0,0,0,0,0
2519,1981,2,2,1,0,0,0,0,0,0,0
2523,1966,1,1,0,0,0,0,0,0,1,0
2523,1967,1,1,1,0,0,0,0,0,0,0
2534,1971,2,2,0,0,0,0,0,0,2,0
2534,1972,2,2,0,0,0,0,0,0,2,0
2550,1974,4,4,1,0,0,0,0,0,2,0
2550,1975,1,1,0,0,0,0,0,0,1,0
2550,1976,2,2,0,0,0,0,0,0,1,0
2550,1980,2,2,1,0,0,0,0,0,1,0
2550,1982,1,1,0,0,0,0,0,0,1,0
2563,1976,1,1,0,0,0,0,0,0,1,0
2564,1979,10,8,2,0,0,0,1,0,3,0
2578,1966,9,9,1,0,0,0,0,0,3,0
2578,1967,6,5,2,0,0,0,1,0,2,0
2578,1968,2,2,1,0,0,0,0,0,1,0
2588,1988,4,3,1,0,0,0,1,0,0,0
2613,1982,6,6,0,0,0,0,0,0,1,0
2613,1983,3,3,1,0,0,0,0,0,0,0
2613,1984,9,8,1,0,0,0,0,0,0,0
2613,1985,5,5,1,0,0,0,0,0,0,0
2617,1974,2,2,0,0,0,0,0,0,0,0
2618,1971,3,3,2,1,0,0,0,0,0,0
2618,1972,16,16,5,0,0,0,0,0,1,0
2618,1973,6,6,0,0,0,0,0,0,0,0
2620,1967,6,6,3,1,0,0,0,0,0,0
2620,1968,1,1,0,0,0,0,0,0,1,0
2620,1969,10,9,4,1,0,0,1,0,0,0
2623,1984,3,3,1,0,0,0,0,0,2,0
2624,1984,11,11,2,0,0,1,0,0,1,0
2624,1985,6,6,3,1,0,1,0,0,0,0
2624,1986,6,5,3,0,0,1,1,0,1,0
2624,1987,8,6,3,1,0,1,2,0,1,0
2626,1984,3,2,1,0,0,0,1,0,0,0
2632,1973,2,2,0,0,0,0,0,0,2,0
2634,1971,2,2,2,1,0,0,0,0,0,0
2636,1982,4,4,0,0,0,0,0,0,2,0
2643,1981,3,3,2,0,0,0,0,0,0,0
2644,1988,4,4,0,0,0,0,0,0,2,0
2646,1988,6,5,1,0,0,0,0,1,0,0
2650,1982,10,8,0,0,0,0,1,0,1,1
2650,1988,3,2,1,0,0,0,1,0,0,0
2666,1983,7,7,2,1,0,0,0,0,4,0
2666,1984,3,2,0,0,0,0,1,0,0,0
2666,1986,3,3,1,0,0,1,0,0,0,0
2666,1987,5,4,0,0,0,0,1,0,0,0
2678,1967,9,9,2,0,0,1,0,0,2,0
2678,1968,6,6,1,0,0,0,0,0,1,0
2678,1969,4,3,1,0,0,0,1,0,0,0
2689,1967,7,7,0,0,0,0,0,0,2,0
2689,1969,3,3,1,0,0,1,0,0,1,0
2689,1970,3,3,0,0,0,0,0,0,0,0
2691,1974,5,5,3,1,0,0,0,0,1,0
2691,1975,4,3,2,0,0,0,0,1,0,0
2691,1976,11,9,3,0,0,0,1,0,0,0
2696,1977,2,2,1,1,0,0,0,0,0,0
2696,1978,11,10,1,0,0,1,1,0,5,0
2696,1979,3,3,1,1,0,0,0,0,1,0
2696,1980,6,6,4,0,1,1,0,0,0,0
2696,1981,4,3,2,0,0,1,1,0,0,0
2696,1982,8,8,2,1,0,1,0,0,1,0
2696,1988,3,3,0,0,0,0,0,0,0,0
2698,1971,8,6,4,0,0,0,0,0,0,0
2698,1972,11,11,1,0,0,0,0,0,2,0
2698,1973,6,6,0,0,0,0,0,0,1,0
2698,1974,4,3,0,0,0,0,1,0,0,0
2709,1969,3,3,0,0,0,0,0,0,3,0
2709,1970,8,8,2,1,0,0,0,0,3,0
2709,1971,2,1,0,0,0,0,1,0,0,0
2714,1983,10,9,4,0,0,1,1,0,1,0
2714,1984,6,6,2,1,0,0,0,0,1,0
2714,1985,7,6,2,0,0,1,1,0,0,0
2723,1986,9,8,2,0,0,1,0,1,1,0
2723,1987,6,2,1,0,0,0,3,1,1,0
2739,1977,8,8,0,0,0,0,0,0,3,0
2739,1978,2,2,1,0,0,0,0,0,1,0
2739,1979,12,12,6,0,0,0,0,0,2,0
2739,1980,14,14,2,1,0,0,0,0,2,0
2739,1982,1,1,1,1,0,0,0,0,0,0
2759,1966,2,1,0,0,0,0,1,0,0,0
2767,1988,2,2,0,0,0,0,0,0,1,0
2809,1982,6,6,2,0,0,0,0,0,0,0
2809,1984,4,4,2,1,0,0,0,0,0,0
2809,1985,5,5,2,0,0,0,0,0,0,0
2809,1986,2,2,0,0,0,0,0,0,1,0
2809,1987,2,2,0,0,0,0,0,0,1,0
2812,1967,1,1,0,0,0,0,0,0,1,0
2816,1976,1,1,0,0,0,0,0,0,1,0
2821,1983,6,6,1,0,0,0,0,0,0,0
2828,1982,4,4,1,0,0,0,0,0,0,0
2869,1982,4,4,2,1,0,0,0,0,1,0
2869,1988,3,3,1,0,0,1,0,0,0,0
2912,1969,7,7,2,0,0,0,0,0,1,0
2912,1970,3,3,1,1,0,0,0,0,0,0
2912,1971,3,3,2,0,0,0,0,0,0,0
2912,1972,1,0,0,0,0,0,1,0,0,0
2915,1967,2,1,0,0,0,0,0,0,0,1
2915,1969,4,4,2,0,0,0,0,0,1,0
2915,1970,2,2,0,0,0,0,0,0,1,0
2915,1974,2,2,0,0,0,0,0,0,1,0
2915,1975,3,3,0,0,0,0,0,0,0,0
2915,1976,2,1,0,0,0,0,0,0,0,0
2917,1968,6,6,4,0,0,0,0,0,0,0
2917,1970,11,9,2,1,0,1,1,0,0,1
2917,1971,12,10,1,0,0,1,2,0,5,0
2927,1979,7,6,0,0,0,0,0,0,4,0
2927,1980,6,6,2,0,0,0,0,0,1,0
2930,1982,1,1,0,0,0,0,0,0,0,0
2959,1970,2,2,0,0,0,0,0,0,1,0
2989,1988,6,6,1,0,0,0,0,0,2,0
2992,1987,2,2,1,0,0,1,0,0,1,0
3010,1983,8,7,0,0,0,0,1,0,1,0
3010,1984,6,6,1,0,0,0,0,0,1,0
3010,1985,14,12,2,0,0,0,2,0,1,0
3019,1970,8,8,1,0,0,0,0,0,1,0
3019,1972,10,9,1,0,0,0,0,0,3,0
3019,1973,7,6,1,0,0,0,1,0,0,0
3028,1988,1,1,0,0,0,0,0,0,0,0
3049,1973,12,11,3,0,0,0,0,1,2,0
3049,1974,13,12,5,2,0,1,1,0,1,0
3049,1975,4,4,0,0,0,0,0,0,0,0
3049,1977,9,8,2,1,0,0,1,0,0,0
3049,1978,11,10,2,0,1,0,1,0,3,0
3049,1979,11,10,3,0,0,1,1,0,0,0
3049,1980,11,9,2,0,0,2,2,0,1,0
3049,1982,8,8,3,0,0,0,0,0,2,0
3113,1976,1,1,0,0,0,0,0,0,0,0
3116,1988,2,2,0,0,0,0,0,0,0,0
3136,1980,7,7,1,0,0,1,0,0,2,0
3136,1982,8,7,1,0,0,0,1,0,0,0
3136,1988,3,2,0,0,0,0,1,0,1,0
3145,1973,1,1,0,0,0,0,0,0,1,0
3145,1974,2,2,1,0,0,0,0,0,1,0
3145,1975,9,6,1,0,0,0,1,0,1,0
3145,1976,1,1,1,0,0,0,0,0,0,0
3145,1978,12,11,4,1,0,0,1,0,1,0
3145,1982,4,3,1,0,0,0,1,0,0,0
3145,1984,6,4,3,0,0,0,1,0,1,1
3145,1985,10,8,0,0,0,0,2,0,1,0
3145,1986,1,1,0,0,0,0,0,0,1,0
3145,1987,10,10,2,0,0,2,0,0,4,0
3146,1982,2,1,0,0,0,0,0,0,0,0
3146,1983,2,2,0,0,0,0,0,0,0,0
3148,1970,2,1,0,0,0,0,1,0,0,0
3148,1971,2,2,0,0,0,0,0,0,1,0
3148,1972,3,3,1,0,0,0,0,0,2,0
3148,1973,3,3,1,0,0,0,0,0,1,0
3148,1976,3,3,1,1,0,0,0,0,0,0
3148,1977,2,0,0,0,0,0,2,0,0,0
3148,1978,2,2,0,0,0,0,0,0,1,0
3152,1988,3,2,0,0,0,0,0,0,0,0
3159,1984,4,3,0,0,0,0,0,0,0,0
3163,1974,1,1,1,0,0,0,0,0,0,0
3163,1975,1,1,0,0,0,0,0,0,0,0
3163,1980,6,5,0,0,0,0,1,0,1,0
3163,1981,6,5,1,0,0,0,0,0,2,1
3163,1982,10,9,5,1,0,1,1,0,1,0
3163,1984,10,7,2,0,1,0,3,0,2,0
3163,1985,7,7,0,0,0,0,0,0,4,0
3163,1986,7,7,3,0,0,0,0,0,1,0
3163,1987,3,3,0,0,0,0,0,0,1,0
3164,1975,2,2,0,0,0,0,0,0,2,0
3198,1966,12,12,4,0,0,0,0,0,1,0
3198,1967,8,7,1,0,0,0,1,0,1,0
3198,1968,5,4,0,0,0,0,1,0,0,0
3198,1969,15,14,5,2,0,0,1,0,0,0
3198,1970,9,8,0,0,0,0,1,0,0,0
3198,1971,12,11,4,2,0,0,1,0,3,0
3198,1972,15,10,1,0,1,0,5,0,6,0
3198,1973,8,7,0,0,0,0,1,0,2,0
3198,1974,5,5,1,0,0,0,0,0,2,0
3213,1980,2,1,0,0,0,0,0,0,1,0
3242,1970,2,2,1,0,0,0,0,0,0,0
3242,1972,4,4,1,0,0,0,0,0,2,0
3242,1974,5,5,1,0,0,0,0,0,1,0
3242,1975,2,2,1,1,0,0,0,0,0,0
3246,1966,6,5,1,1,0,0,1,0,2,0
3251,1967,3,3,0,0,0,0,0,0,2,0
3252,1966,2,2,0,0,0,0,0,0,2,0
3274,1983,3,3,0,0,0,0,0,0,0,0
3274,1984,3,3,2,0,0,0,0,0,0,0
3300,1988,3,3,0,0,0,0,0,0,2,0
3319,1986,3,3,0,0,0,0,0,0,0,0
3324,1979,2,2,0,0,0,0,0,0,1,0
3350,1969,1,1,0,0,0,0,0,0,0,0
3357,1978,3,3,1,0,0,0,0,0,0,0
3357,1979,4,4,0,0,0,0,0,0,1,0
3357,1980,2,2,0,0,0,0,0,0,0,0
3357,1982,3,2,1,0,0,0,1,0,1,0
3358,1969,1,1,0,0,0,0,0,0,0,0
3358,1971,14,13,3,0,0,1,1,0,5,0
3358,1972,7,5,2,0,0,0,2,0,2,0
3358,1973,4,4,0,0,0,0,0,0,1,0
3358,1974,22,18,1,0,0,0,4,0,2,0
3358,1975,10,7,1,0,0,0,3,0,1,0
3358,1976,8,6,1,0,0,0,2,0,2,0
3358,1977,12,6,2,1,0,0,6,0,2,0
3358,1978,12,10,2,0,0,0,2,0,1,0
3358,1979,14,12,3,0,0,0,2,0,1,0
3358,1980,11,10,2,0,0,0,0,1,1,0
3358,1981,11,10,2,0,0,0,1,0,3,0
3358,1982,1,1,0,0,0,0,0,0,0,0
3358,1984,10,6,1,0,0,1,3,0,2,1
3358,1985,5,5,1,0,0,0,0,0,1,0
3358,1986,6,6,1,1,0,0,0,0,1,0
3358,1987,7,7,0,0,0,0,0,0,0,0
3359,1982,4,3,2,1,0,0,1,0,1,0
3359,1983,7,6,3,1,0,0,1,0,1,0
3359,1984,11,9,3,0,0,0,2,0,3,0
3359,1985,8,8,2,0,0,0,0,0,1,0
3359,1986,6,6,2,1,0,0,0,0,2,0
3359,1987,2,2,0,0,0,0,0,0,1,0
3380,1983,3,3,0,0,0,0,0,0,2,0
3382,1979,5,4,1,0,0,0,0,0,0,1
3382,1980,9,9,1,0,0,0,0,0,0,0
3383,1970,11,11,3,0,1,0,0,0,0,0
3383,1971,6,6,2,0,0,0,0,0,1,0
3383,1972,1,1,0,0,0,0,0,0,0,0
3385,1969,4,4,1,0,0,0,0,0,1,0
3385,1970,15,9,3,1,0,1,6,0,0,0
3385,1971,8,6,0,0,0,0,2,0,1,0
3385,1972,11,10,0,0,0,0,1,0,3,0
3385,1973,12,11,2,1,0,0,0,0,3,0
3385,1974,2,2,1,0,0,0,0,0,0,0
3385,1975,8,7,1,0,0,0,1,0,1,0
3385,1976,3,2,0,0,0,0,1,0,1,0
3388,1975,4,4,0,0,0,0,0,0,3,0
3388,1976,1,1,0,0,0,0,0,0,1,0
3398,1974,8,8,0,0,0,0,0,0,2,0
3418,1966,2,2,0,0,0,0,0,0,1,0
3433,1986,3,3,0,0,0,0,0,0,0,0
3448,1976,3,1,0,0,0,0,2,0,0,0
3448,1977,4,4,2,1,0,0,0,0,0,0
3448,1978,6,6,1,1,0,0,0,0,1,0
3468,1988,2,1,1,1,0,0,0,0,0,0
3469,1984,2,2,0,0,0,0,0,0,1,0
3469,1985,8,8,1,0,0,0,0,0,0,0
3469,1986,10,10,1,0,0,0,0,0,2,0
3469,1987,7,6,3,0,1,0,1,0,0,0
3472,1969,11,9,3,1,0,1,2,0,3,0
3472,1970,11,9,2,1,0,1,0,2,1,0
3507,1980,4,4,1,1,0,0,0,0,0,0
3530,1966,1,1,0,0,0,0,0,0,1,0
3532,1977,3,3,2,0,0,0,0,0,0,0
3532,1978,3,2,0,0,0,0,0,1,0,0
3532,1983,5,5,1,0,0,0,0,0,0,0
3532,1985,2,2,0,0,0,0,0,0,0,0
3532,1986,2,2,0,0,0,0,0,0,2,0
3545,1984,7,6,2,0,0,1,1,0,1,0
3545,1985,6,6,0,0,0,0,0,0,0,0
3545,1986,7,7,0,0,0,0,0,0,1,0
3561,1979,4,4,1,0,0,0,0,0,0,0
3561,1980,7,7,3,1,0,0,0,0,0,0
3561,1981,4,4,0,0,0,0,0,0,0,0
3561,1982,12,11,3,0,0,0,1,0,2,0
3561,1988,2,2,1,0,0,0,0,0,0,0
3572,1983,3,2,1,1,0,0,1,0,0,0
3572,1984,6,6,0,0,0,0,0,0,1,0
3572,1986,9,9,2,1,0,0,0,0,1,0
3572,1987,9,8,1,0,0,0,1,0,2,0
3576,1966,8,8,4,1,1,0,0,0,0,0
3576,1967,10,9,4,2,0,0,1,0,1,0
3576,1968,10,8,3,1,0,0,2,0,1,0
3576,1969,8,8,2,2,0,0,0,0,0,0
3599,1976,3,3,1,0,0,0,0,0,0,0
3599,1977,3,3,1,0,0,0,0,0,0,0
3599,1978,3,1,1,0,0,0,2,0,0,0
3599,1979,6,6,1,0,0,0,0,0,0,0
3599,1981,5,4,2,0,0,0,0,0,1,0
3599,1982,3,3,3,0,0,0,0,0,0,0
3603,1984,3,3,0,0,0,0,0,0,1,0
3605,1971,2,2,1,0,0,0,0,0,0,0
3605,1972,11,11,1,0,0,0,0,0,1,0
3605,1973,10,8,2,0,0,0,2,0,0,0
3605,1975,10,9,1,0,0,0,0,0,0,0
3605,1976,8,8,3,0,0,0,0,0,3,0
3605,1977,3,3,0,0,0,0,0,0,2,0
3605,1978,3,3,1,0,0,0,0,0,0,0
3605,1979,9,8,3,0,0,0,0,1,1,0
3605,1980,6,6,3,0,0,0,0,0,0,0
3605,1981,4,3,3,0,0,0,0,0,0,0
3605,1983,3,3,0,0,0,0,0,0,0,0
3615,1975,3,3,1,0,0,0,0,0,0,0
3615,1976,3,3,1,0,0,0,0,0,1,0
3615,1979,5,4,1,1,0,0,1,0,0,0
3615,1980,3,3,0,0,0,0,0,0,1,0
3621,1983,5,4,1,1,0,0,1,0,0,0
3634,1975,3,3,0,0,0,0,0,0,1,0
3634,1977,4,3,0,0,0,0,0,0,1,0
3634,1979,2,2,0,0,0,0,0,0,0,0
3634,1980,2,2,0,0,0,0,0,0,0,0
3635,1972,3,2,1,0,0,0,1,0,0,0
3635,1973,2,2,0,0,0,0,0,0,1,0
3635,1978,1,1,0,0,0,0,0,0,0,0
3635,1979,5,5,0,0,0,0,0,0,1,0
3635,1980,3,3,1,0,0,0,0,0,1,0
3648,1976,3,3,1,0,0,0,0,0,0,0
3649,1970,2,2,1,0,0,0,0,0,1,0
3649,1971,6,6,3,0,0,0,0,0,2,0
3649,1974,4,4,0,0,0,0,0,0,2,0
3649,1975,4,4,0,0,0,0,0,0,2,0
3649,1976,13,13,3,1,0,0,0,0,2,0
3649,1977,9,8,3,0,0,2,1,0,0,0
3649,1978,11,11,5,0,0,2,0,0,2,0
3649,1979,3,3,0,0,0,0,0,0,1,0
3649,1980,11,9,1,0,0,1,2,0,2,0
3649,1981,3,2,0,0,0,0,1,0,0,0
3649,1982,4,4,1,0,0,0,0,0,1,0
3653,1974,2,2,1,0,0,0,0,0,0,0
3672,1970,10,9,4,0,0,0,1,0,2,0
3682,1983,9,9,5,0,0,1,0,0,1,0
3682,1984,11,11,3,0,0,0,0,0,3,0
3682,1985,10,9,3,0,0,0,1,0,2,0
3682,1986,7,7,1,0,0,0,0,0,1,0
3682,1987,9,9,3,1,0,0,0,0,1,0
3696,1982,6,6,2,0,0,0,0,0,0,0
3698,1966,1,0,0,0,0,0,1,0,0,0
3698,1967,8,8,0,0,0,0,0,0,2,0
3698,1968,12,9,1,0,0,0,3,0,2,0
3698,1969,4,4,1,0,0,0,0,0,2,0
3733,1972,7,7,1,0,0,0,0,0,1,0
3736,1974,2,2,1,0,1,0,0,0,0,0
3736,1977,5,4,0,0,0,0,0,0,2,0
3745,1974,4,3,0,0,0,0,0,0,0,1
3745,1975,1,1,1,0,0,0,0,0,0,0
3745,1977,2,2,0,0,0,0,0,0,0,0
3745,1979,11,11,3,0,0,0,0,0,1,0
3764,1966,2,1,0,0,0,0,0,0,1,0
3764,1967,2,2,0,0,0,0,0,0,0,0
3764,1969,6,5,1,0,0,0,0,0,1,0
3764,1977,2,2,1,0,0,0,0,0,0,0
3771,1966,10,10,3,1,0,0,0,0,2,0
3771,1967,7,7,3,0,0,0,0,0,3,0
3771,1969,8,8,3,0,0,0,0,0,2,0
3771,1970,11,11,4,0,0,0,0,0,2,0
3771,1971,11,10,0,0,0,0,1,0,0,0
3771,1972,14,13,2,1,0,0,1,0,3,0
3771,1973,15,15,4,1,0,0,0,0,3,0
3771,1975,9,9,1,0,0,0,0,0,4,0
3771,1976,10,10,2,0,0,0,0,0,0,0
3802,1966,8,8,0,0,0,0,0,0,3,0
3804,1983,6,6,0,0,0,0,0,0,1,0
3804,1984,5,5,3,0,0,1,0,0,0,0
3804,1985,6,6,3,3,0,0,0,0,0,0
3804,1986,12,11,6,3,0,2,1,0,1,0
3804,1987,9,7,2,0,0,1,2,0,2,0
3807,1967,8,8,0,0,0,0,0,0,1,0
3807,1968,3,3,0,0,0,0,0,0,1,0
3807,1973,1,1,0,0,0,0,0,0,0,0
3810,1985,3,3,1,1,0,0,0,0,0,0
3810,1986,8,8,1,0,0,1,0,0,1,0
3810,1987,3,3,0,0,0,0,0,0,0,0
3820,1982,2,2,0,0,0,0,0,0,1,0
3822,1970,3,2,1,0,0,0,0,0,0,0
3822,1971,6,5,2,0,1,0,1,0,1,0
3822,1972,6,4,0,0,0,0,1,0,0,1
3823,1973,1,1,0,0,0,0,0,0,0,0
3823,1974,6,5,1,0,0,0,1,0,2,0
3831,1987,2,2,0,0,0,0,0,0,0,0
3840,1971,2,1,0,0,0,0,1,0,0,0
3840,1972,6,6,0,0,0,0,0,0,1,0
3840,1978,4,3,0,0,0,0,1,0,0,0
3840,1982,7,6,3,0,0,1,1,0,0,0
3840,1985,3,1,0,0,0,0,2,0,0,0
3844,1985,7,7,3,0,0,0,0,0,1,0
3844,1986,6,6,1,1,0,0,0,0,0,0
3844,1987,4,4,0,0,0,0,0,0,0,0
3846,1988,2,1,1,0,0,0,1,0,0,0
3863,1983,4,2,0,0,0,0,0,0,0,2
3863,1984,5,5,1,0,0,0,0,0,0,0
3863,1985,11,10,2,1,0,0,0,0,2,1
3863,1986,6,6,3,2,0,0,0,0,0,0
3863,1988,6,6,1,0,0,1,0,0,0,0
3919,1982,3,3,2,0,0,0,0,0,0,0
3920,1966,2,2,0,0,0,0,0,0,1,0
3931,1977,7,6,2,0,1,0,1,0,1,0
3931,1978,10,9,2,1,0,0,0,0,2,0
3931,1979,8,7,1,0,0,0,1,0,1,0
3931,1980,6,5,1,0,0,0,1,0,1,0
3931,1981,3,2,1,0,0,0,1,0,0,0
3934,1966,1,1,0,0,0,0,0,0,1,0
3934,1975,4,4,0,0,0,0,0,0,3,0
3936,1969,4,3,0,0,0,0,0,0,0,0
3936,1970,8,8,4,1,0,0,0,0,0,0
3936,1971,6,6,0,0,0,0,0,0,1,0
3939,1970,5,4,1,0,0,0,1,0,0,0
3939,1971,21,19,8,1,0,0,0,0,2,2
3939,1972,13,13,1,0,0,0,0,0,1,0
3939,1974,17,16,11,2,2,1,1,0,0,0
3939,1975,10,9,5,0,0,0,1,0,0,0
3944,1969,7,7,1,0,0,0,0,0,1,0
3944,1970,7,7,2,0,0,2,0,0,2,0
3944,1971,6,6,3,0,0,0,0,0,1,0
3944,1972,2,2,0,0,0,0,0,0,0,0
3944,1973,8,7,2,0,0,0,1,0,1,0
3944,1974,2,2,1,0,0,0,0,0,0,0
3944,1975,9,7,3,1,0,0,2,0,0,0
3944,1976,12,10,1,0,0,0,1,0,0,0
3944,1977,3,3,2,0,1,0,0,0,0,0
3944,1978,1,1,0,0,0,0,0,0,0,0
3949,1981,10,8,2,0,0,0,2,0,3,0
3949,1982,13,12,4,0,0,0,0,0,0,0
3957,1969,9,9,5,0,2,0,0,0,2,0
3957,1970,14,14,4,1,0,0,0,0,6,0
3957,1971,13,12,2,0,0,0,1,0,3,0
3957,1972,10,10,1,0,0,0,0,0,3,0
3957,1973,6,6,1,0,0,0,0,0,0,0
3957,1974,5,5,0,0,0,0,0,0,2,0
3957,1976,1,1,0,0,0,0,0,0,0,0
3957,1977,1,1,1,0,0,0,0,0,0,0
3957,1978,1,1,0,0,0,0,0,0,0,0
3974,1983,5,5,1,0,0,0,0,0,0,0
3974,1984,6,5,2,1,0,0,0,0,1,1
3974,1985,7,7,2,0,0,1,0,0,0,0
3974,1986,5,5,1,1,0,0,0,0,0,0
3974,1987,2,2,0,0,0,0,0,0,0,0
3977,1967,3,3,1,0,0,0,0,0,0,0
3977,1969,4,3,1,0,0,0,1,0,1,0
3985,1969,5,4,0,0,0,0,0,0,3,0
3985,1970,1,1,0,0,0,0,0,0,1,0
3985,1971,2,2,0,0,0,0,0,0,2,0
3986,1966,3,3,1,0,0,0,0,0,0,0
4005,1970,3,3,0,0,0,0,0,0,0,0
4005,1971,3,3,1,0,1,0,0,0,1,0
4005,1972,7,7,2,0,0,0,0,0,0,0
4005,1973,8,7,2,1,0,1,1,0,3,0
4005,1974,14,13,3,0,0,0,1,0,3,0
4005,1975,12,12,1,0,0,0,0,0,3,0
4005,1976,12,9,3,0,0,0,3,0,0,0
4005,1977,9,9,4,1,0,0,0,0,0,0
4005,1978,5,5,2,0,0,1,0,0,0,0
4005,1979,8,7,2,1,0,0,1,0,0,0
4025,1968,3,1,1,0,0,0,0,0,0,0
4025,1970,1,1,1,0,0,0,0,0,0,0
4025,1972,3,3,0,0,0,0,0,0,2,0
4025,1973,4,4,0,0,0,0,0,0,3,0
4028,1983,8,7,1,0,0,0,1,0,1,0
4028,1984,10,9,3,0,1,0,0,1,3,0
4028,1985,6,6,2,0,0,0,0,0,1,0
4028,1986,3,3,0,0,0,0,0,0,0,0
4028,1987,5,5,1,0,0,1,0,0,2,0
4031,1970,3,3,0,0,0,0,0,0,2,0
4037,1967,2,2,0,0,0,0,0,0,1,0
4049,1975,4,3,1,0,0,0,1,0,0,0
4049,1976,12,10,2,0,0,0,2,0,2,0
4049,1977,13,13,5,1,0,1,0,0,3,0
4049,1978,8,7,2,1,0,0,1,0,3,0
4052,1982,3,3,1,0,0,0,0,0,1,0
4052,1985,3,3,0,0,0,0,0,0,1,0
4108,1972,2,2,1,0,0,0,0,0,0,0
4119,1973,1,1,1,0,0,0,0,0,0,0
4139,1980,2,2,0,0,0,0,0,0,1,0
4149,1966,2,2,0,0,0,0,0,0,1,0
4167,1973,1,1,0,0,0,0,0,0,0,0
4167,1977,3,3,1,1,0,0,0,0,0,0
4167,1978,3,3,1,0,0,0,0,0,0,0
4167,1979,7,7,1,0,0,1,0,0,0,0
4174,1977,3,3,0,0,0,0,0,0,1,0
4174,1979,3,3,0,0,0,0,0,0,0,0
4195,1966,10,10,2,0,0,0,0,0,3,0
4195,1967,15,14,4,0,0,1,1,0,2,0
4195,1968,3,2,1,0,0,0,0,0,0,1
4195,1969,4,4,0,0,0,0,0,0,0,0
4195,1970,3,3,1,0,0,0,0,0,0,0
4203,1988,2,2,1,0,0,0,0,0,0,0
4205,1972,8,8,2,0,0,0,0,0,0,0
4205,1973,10,9,4,0,0,0,1,0,4,0
4205,1974,3,3,2,1,0,0,0,0,0,0
4205,1975,11,11,3,1,0,0,0,0,2,0
4234,1970,7,7,2,1,0,0,0,0,0,0
4234,1971,2,1,0,0,0,0,1,0,0,0
4234,1973,3,3,1,0,0,0,0,0,0,0
4240,1967,4,4,1,1,0,0,0,0,2,0
4240,1968,1,1,1,0,0,0,0,0,0,0
4247,1974,1,1,0,0,0,0,0,0,0,0
4273,1969,1,0,0,0,0,0,1,0,0,0
4273,1975,1,0,0,0,0,0,1,0,0,0
4316,1986,1,1,0,0,0,0,0,0,0,0
4316,1987,3,3,1,0,0,1,0,0,0,0
4341,1973,2,1,0,0,0,0,0,1,1,0
4341,1974,5,4,1,0,0,0,1,0,3,0
4345,1983,7,3,1,0,0,0,3,0,1,0
4345,1984,3,3,0,0,0,0,0,0,0,0
4345,1985,8,6,2,0,0,0,2,0,1,0
4349,1983,5,4,2,0,1,1,0,0,0,0
4349,1984,4,4,2,0,0,0,0,0,0,0
4349,1986,3,3,1,0,0,0,0,0,0,0
4349,1987,4,3,0,0,0,0,1,0,0,0
4356,1973,4,4,2,1,0,1,0,0,0,0
4356,1974,11,10,1,0,0,0,1,0,3,0
4356,1975,12,12,1,0,0,0,0,0,6,0
4356,1976,15,13,3,0,1,0,2,0,1,0
4356,1977,10,10,5,2,0,1,0,0,0,0
4356,1978,12,11,3,0,0,1,1,0,2,0
4356,1979,7,7,3,0,0,1,0,0,0,0
4356,1980,11,9,2,0,0,1,2,0,1,0
4356,1981,3,3,1,0,0,0,0,0,0,0
4356,1982,8,7,3,0,0,0,1,0,1,0
4356,1983,7,7,4,0,0,1,0,0,1,0
4356,1984,3,3,1,0,0,0,0,0,1,0
4356,1986,1,1,0,0,0,0,0,0,0,0
4356,1988,5,4,0,0,0,0,1,0,1,0
4359,1975,1,1,0,0,0,0,0,0,1,0
4359,1976,4,3,0,0,0,0,0,0,1,0
4366,1972,2,2,0,0,0,0,0,0,1,0
4366,1973,4,4,0,0,0,0,0,0,3,0
4370,1966,10,9,2,0,0,0,1,0,2,0
4374,1974,15,13,2,1,0,0,2,0,3,0
4374,1975,11,10,3,0,1,0,1,0,1,0
4374,1976,6,6,1,0,0,0,0,0,0,0
4374,1977,2,2,0,0,0,0,0,0,0,0
4374,1978,2,2,1,0,0,0,0,0,0,0
4374,1979,2,2,0,0,0,0,0,0,0,0
4374,1980,1,1,0,0,0,0,0,0,0,0
4374,1981,2,2,0,0,0,0,0,0,1,0
4374,1982,1,1,1,0,0,0,0,0,0,0
4380,1983,4,4,1,1,0,0,0,0,1,0
4380,1984,10,8,2,1,0,1,1,0,0,1
4380,1985,5,5,1,0,0,0,0,0,2,0
4382,1966,8,8,4,1,0,0,0,0,1,0
4382,1967,5,5,2,0,0,1,0,0,0,0
4382,1968,11,8,0,0,0,0,3,0,2,0
4382,1969,9,7,2,0,0,0,2,0,1,0
4382,1970,7,6,0,0,0,0,1,0,0,0
4382,1971,8,7,1,1,0,0,1,0,2,0
4382,1972,3,3,0,0,0,0,0,0,1,0
4382,1973,3,2,0,0,0,0,0,0,0,0
4382,1975,3,3,0,0,0,0,0,0,0,0
4382,1976,7,7,1,0,0,1,0,0,1,0
4387,1973,15,13,4,1,0,0,1,0,1,0
4387,1974,18,18,4,0,0,0,0,0,1,0
4387,1975,11,10,4,1,0,0,1,0,0,0
4387,1976,17,14,1,0,0,0,3,0,3,0
4387,1983,4,3,0,0,0,0,0,1,0,0
4387,1984,5,5,0,0,0,0,0,0,2,0
4387,1985,3,3,1,1,0,0,0,0,0,0
4387,1986,3,2,0,0,0,0,1,0,1,0
4389,1986,1,1,0,0,0,0,0,0,0,0
4389,1987,6,6,2,0,0,0,0,0,0,0
4413,1975,6,6,2,0,0,0,0,0,0,0
4414,1981,9,8,2,1,0,0,1,0,3,0
4414,1982,10,9,1,0,1,0,1,0,0,0
4428,1985,10,9,3,2,0,0,1,0,0,0
4428,1986,6,6,0,0,0,0,0,0,2,0
4436,1970,1,1,1,0,0,0,0,0,0,0
4436,1971,2,2,1,0,0,0,0,0,1,0
4436,1973,4,3,1,0,1,0,1,0,2,0
4436,1974,2,2,0,0,0,0,0,0,0,0
4436,1975,3,3,0,0,0,0,0,0,0,0
4437,1982,8,8,3,0,0,1,0,0,2,0
4453,1984,8,8,2,0,0,0,0,0,1,0
4453,1985,3,2,0,0,0,0,0,0,0,0
4453,1986,2,2,0,0,0,0,0,0,0,0
4477,1982,7,6,1,1,0,0,1,0,1,0
4477,1988,9,6,1,0,0,0,2,0,0,0
4501,1968,4,4,0,0,0,0,0,0,2,0
4501,1969,4,3,1,0,0,0,1,0,0,0
4501,1970,10,9,3,2,0,0,0,0,0,1
4501,1971,8,7,2,0,0,0,1,0,1,0
4501,1972,1,1,1,1,0,0,0,0,0,0
4503,1970,5,5,1,1,0,0,0,0,1,0
4503,1971,5,5,1,0,0,0,0,0,2,0
4503,1972,1,1,0,0,0,0,0,0,1,0
4503,1973,3,2,0,0,0,0,0,0,0,1
4505,1977,1,1,0,0,0,0,0,0,0,0
4505,1986,3,2,1,0,0,0,1,0,0,0
4516,1975,2,2,0,0,0,0,0,0,2,0
4516,1976,4,3,0,0,0,0,0,0,3,0
4516,1977,2,2,0,0,0,0,0,0,1,0
4516,1978,2,2,0,0,0,0,0,0,1,0
4516,1979,1,1,1,0,0,0,0,0,0,0
4517,1988,5,5,3,0,0,0,0,0,2,0
4527,1970,1,1,0,0,0,0,0,0,1,0
4528,1984,7,7,3,0,0,0,0,0,1,0
4528,1986,6,5,1,0,0,1,0,0,1,1
4528,1987,10,10,2,1,0,0,0,0,2,0
4533,1966,8,6,0,0,0,0,2,0,4,0
4533,1967,14,12,3,0,0,1,2,0,0,0
4574,1983,2,2,0,0,0,0,0,0,1,0
4580,1968,1,1,0,0,0,0,0,0,0,0
4580,1970,2,1,0,0,0,0,1,0,1,0
4597,1978,2,2,1,0,0,0,0,0,1,0
4597,1979,2,2,0,0,0,0,0,0,1,0
4597,1980,2,2,0,0,0,0,0,0,0,0
4623,1979,4,4,1,0,0,0,0,0,2,0
4623,1982,4,4,1,0,0,1,0,0,0,0
4623,1983,11,10,4,0,1,0,1,0,1,0
4623,1984,5,5,2,1,0,0,0,0,0,0
4623,1985,10,10,2,1,0,0,0,0,0,0
4630,1970,1,1,0,0,0,0,0,0,0,0
4630,1971,3,3,2,0,0,0,0,0,0,0
4630,1972,4,4,1,0,0,0,0,0,0,0
4630,1975,2,1,0,0,0,0,0,0,0,0
4630,1977,3,2,0,0,0,0,1,0,0,0
4638,1966,4,4,2,0,0,0,0,0,1,0
4638,1967,8,8,2,1,0,1,0,0,2,0
4641,1966,2,2,0,0,0,0,0,0,1,0
4641,1967,7,5,0,0,0,0,2,0,2,0
4641,1968,7,7,3,1,0,0,0,0,2,0
4641,1969,10,9,0,0,0,0,1,0,1,0
4641,1970,11,11,4,0,0,0,0,0,1,0
4641,1971,14,14,2,0,0,0,0,0,0,0
4641,1972,8,7,3,0,0,0,1,0,1,0
4641,1973,3,3,0,0,0,0,0,0,1,0
4641,1974,3,3,0,0,0,0,0,0,1,0
4641,1976,7,7,0,0,0,0,0,0,2,0
4641,1978,4,2,0,0,0,0,0,0,1,0
4643,1971,1,1,0,0,0,0,0,0,1,0
4646,1966,9,8,1,1,0,0,0,1,1,0
4646,1967,4,4,1,0,0,0,0,0,1,0
4673,1982,4,4,1,0,0,0,0,0,0,0
4673,1983,15,13,4,1,0,0,2,0,0,0
4673,1985,3,3,0,0,0,0,0,0,0,0
4673,1986,3,3,0,0,0,0,0,0,0,0
4676,1974,4,4,0,0,0,0,0,0,0,0
4676,1976,12,11,1,0,0,0,0,0,4,0
4676,1977,4,4,0,0,0,0,0,0,1,0
4676,1978,2,2,0,0,0,0,0,0,2,0
4692,1966,9,9,3,0,0,0,0,0,1,0
4692,1967,13,9,4,1,0,1,3,1,0,0
4692,1968,10,8,1,0,0,0,2,0,2,0
4692,1970,4,3,1,0,0,0,1,0,0,0
4692,1971,1,1,1,0,0,0,0,0,0,0
4692,1972,1,1,0,0,0,0,0,0,0,0
4695,1987,3,3,0,0,0,0,0,0,0,0
4711,1982,4,4,1,0,0,0,0,0,0,0
4711,1983,13,12,0,0,0,0,0,0,1,1
4711,1985,3,3,0,0,0,0,0,0,0,0
4711,1986,7,7,3,1,0,0,0,0,1,0
4713,1988,5,4,1,0,0,0,0,0,0,0
4716,1984,3,3,1,0,0,1,0,0,1,0
4716,1985,7,7,5,1,0,0,0,0,0,0
4716,1986,7,6,2,0,0,0,1,0,0,0
4729,1988,2,2,0,0,0,0,0,0,0,0
4741,1982,4,3,1,0,0,1,1,0,1,0
4741,1988,6,6,2,0,0,0,0,0,0,0
4755,1971,1,1,0,0,0,0,0,0,0,0
4755,1972,2,2,0,0,0,0,0,0,0,0
4762,1966,1,1,0,0,0,0,0,0,0,0
4766,1983,2,2,0,0,0,0,0,0,0,0
4766,1984,3,3,1,0,0,0,0,0,0,0
4772,1969,11,10,5,0,0,0,1,0,2,0
4772,1970,8,7,3,0,1,0,1,0,1,0
4772,1971,2,1,0,0,0,0,0,0,0,1
4772,1972,14,12,1,0,0,0,2,0,1,0
4772,1973,15,13,3,0,0,1,2,0,2,0
4772,1974,10,8,3,1,0,0,2,0,0,0
4772,1975,12,12,0,0,0,0,0,0,2,0
4772,1976,4,4,0,0,0,0,0,0,0,0
4772,1977,13,11,3,1,0,0,2,0,2,0
4772,1978,11,11,2,1,0,1,0,0,3,0
4772,1979,8,8,2,0,0,0,0,0,1,0
4794,1970,3,3,1,0,0,0,0,0,1,0
4805,1966,11,11,2,0,0,0,0,0,0,0
4805,1967,9,8,3,0,0,0,1,0,0,0
4805,1968,8,8,3,0,0,0,0,0,0,0
4805,1969,13,12,3,0,0,0,1,0,0,0
4805,1970,12,11,2,0,0,0,1,0,0,0
4805,1971,7,7,2,1,0,0,0,0,0,0
4805,1972,16,16,4,0,1,0,0,0,0,0
4805,1973,9,9,2,0,1,0,0,0,1,0
4805,1974,13,13,4,2,0,0,0,0,1,0
4805,1975,3,3,0,0,0,0,0,0,0,0
4805,1976,2,2,0,0,0,0,0,0,0,0
4814,1966,2,2,0,0,0,0,0,0,2,0
4814,1967,2,2,0,0,0,0,0,0,2,0
4815,1983,3,3,2,0,0,0,0,0,0,0
4815,1984,6,6,2,0,0,0,0,0,1,0
4815,1985,3,3,0,0,0,0,0,0,0,0
4815,1986,4,4,1,1,0,0,0,0,1,0
4817,1977,11,9,1,0,0,0,2,0,4,0
4817,1978,10,10,4,0,0,0,0,0,1,0
4817,1980,6,6,2,1,0,1,0,0,1,0
4817,1981,6,6,2,0,0,0,0,0,1,0
4817,1982,4,4,2,1,0,0,0,0,1,0
4822,1967,4,4,2,0,0,1,0,0,1,0
4822,1969,7,7,1,0,0,1,0,0,3,0
4822,1970,14,11,4,0,0,1,2,1,4,0
4822,1971,10,10,2,0,0,0,0,0,4,0
4822,1972,14,13,3,1,0,0,1,0,3,0
4822,1976,6,5,0,0,0,0,1,0,3,0
4822,1979,2,2,0,0,0,0,0,0,1,0
4822,1980,1,1,0,0,0,0,0,0,1,0
4826,1983,7,7,2,1,0,0,0,0,1,0
4826,1984,5,5,1,0,0,1,0,0,0,0
4826,1985,3,3,1,0,0,0,0,0,0,0
4826,1986,6,6,4,1,0,0,0,0,1,0
4826,1987,4,4,2,0,0,0,0,0,1,0
4829,1977,4,4,2,0,1,1,0,0,0,0
4829,1978,3,3,0,0,0,0,0,0,2,0
4829,1979,4,4,0,0,0,0,0,0,1,0
4829,1982,4,4,0,0,0,0,0,0,1,0
4829,1983,7,7,1,0,0,1,0,0,2,0
4861,1967,2,1,0,0,0,0,1,0,0,0
4894,1971,19,18,8,0,0,0,0,0,1,0
4894,1972,3,3,0,0,0,0,0,0,1,0
4894,1973,8,8,2,0,0,0,0,0,2,0
4894,1974,15,14,1,1,0,0,1,0,0,0
4894,1975,5,5,1,1,0,0,0,0,0,0
4894,1976,6,6,3,0,0,0,0,0,1,0
4906,1972,3,3,1,0,0,0,0,0,0,0
4907,1975,3,3,2,1,0,0,0,0,0,0
4907,1976,11,11,1,1,0,0,0,0,0,0
4907,1977,7,7,0,0,0,0,0,0,1,0
4907,1978,11,11,2,1,0,0,0,0,1,0
4907,1979,3,3,1,0,0,0,0,0,0,0
4907,1980,7,7,1,1,0,0,0,0,0,0
4907,1981,6,6,0,0,0,0,0,0,0,0
4907,1982,4,4,1,0,0,0,0,0,1,0
4907,1988,6,4,0,0,0,0,2,0,0,0
4908,1976,5,5,1,0,0,0,0,0,0,0
4908,1978,5,5,4,0,0,0,0,0,1,0
4908,1979,5,3,1,0,0,0,2,0,1,0
4908,1980,8,8,2,0,0,0,0,0,2,0
4908,1981,11,9,1,1,0,0,1,0,1,1
4908,1982,4,4,0,0,0,0,0,0,0,0
4908,1983,7,7,0,0,0,0,0,0,2,0
4908,1985,2,2,1,0,0,0,0,0,0,0
4908,1986,3,2,1,1,0,0,1,0,0,0
4908,1987,3,3,1,0,0,0,0,0,1,0
4909,1983,6,6,0,0,0,0,0,0,0,0
4928,1977,1,1,0,0,0,0,0,0,1,0
4938,1976,3,3,0,0,0,0,0,0,2,0
4938,1977,3,3,0,0,0,0,0,0,1,0
4938,1978,4,4,0,0,0,0,0,0,1,0
4952,1981,5,5,2,0,0,0,0,0,0,0
4952,1982,4,3,0,0,0,0,1,0,0,0
4970,1968,4,4,1,0,0,0,0,0,1,0
4970,1969,7,7,1,1,0,0,0,0,2,0
4970,1970,11,9,3,1,0,0,2,0,2,0
4981,1968,3,3,0,0,0,0,0,0,2,0
4981,1969,3,2,1,0,0,0,1,0,1,0
4981,1970,4,3,1,0,0,0,1,0,0,0
4981,1971,3,2,1,0,0,0,0,0,1,1
4981,1973,1,1,0,0,0,0,0,0,1,0
5000,1966,4,3,0,0,0,0,1,0,1,0
5000,1967,3,3,0,0,0,0,0,0,0,0
5001,1983,2,1,0,0,0,0,1,0,0,0
5001,1984,2,2,0,0,0,0,0,0,0,0
5001,1986,2,2,0,0,0,0,0,0,0,0
5014,1975,3,3,2,0,0,0,0,0,0,0
5014,1977,6,5,2,0,0,0,1,0,0,0
5014,1978,4,4,1,0,0,0,0,0,0,0
5014,1979,3,3,0,0,0,0,0,0,0,0
5014,1983,4,4,1,0,0,0,0,0,2,0
5014,1985,3,3,1,0,0,0,0,0,0,0
5024,1973,10,10,1,0,0,0,0,0,2,0
5024,1974,10,10,1,0,1,0,0,0,0,0
5038,1987,3,2,0,0,0,0,0,1,0,0
5044,1969,11,7,1,0,0,0,4,0,3,0
5044,1970,3,3,1,0,0,0,0,0,1,0
5062,1974,2,2,1,1,0,0,0,0,0,0
5062,1976,4,3,1,0,0,0,1,0,0,0
5062,1977,1,1,0,0,0,0,0,0,0,0
5062,1978,1,1,0,0,0,0,0,0,0,0
5062,1979,2,2,0,0,0,0,0,0,2,0
5062,1981,1,0,0,0,0,0,1,0,0,0
5062,1982,4,4,1,1,0,0,0,0,0,0
5071,1982,3,3,0,0,0,0,0,0,1,0
5071,1983,5,5,1,0,0,0,0,0,0,0
5071,1985,3,3,2,1,0,0,0,0,0,0
5120,1966,3,3,0,0,0,0,0,0,1,0
5120,1968,2,2,0,0,0,0,0,0,1,0
5120,1969,10,10,0,0,0,0,0,0,3,0
5134,1973,2,1,0,0,0,0,0,0,0,0
5134,1974,2,1,0,0,0,0,0,0,0,0
5134,1981,2,1,0,0,0,0,0,0,0,0
5134,1982,4,4,0,0,0,0,0,0,1,0
5146,1978,15,13,6,0,1,1,1,0,0,1
5146,1979,11,11,6,1,0,2,0,0,1,0
5146,1980,11,11,4,0,0,1,0,0,2,0
5146,1981,6,6,1,0,0,1,0,0,1,0
5146,1982,5,4,0,0,0,0,0,0,1,1
5146,1988,3,3,0,0,0,0,0,0,0,0
5160,1975,2,0,0,0,0,0,2,0,0,0
5162,1983,4,4,0,0,0,0,0,0,2,0
5174,1980,1,1,0,0,0,0,0,0,0,0
5174,1982,3,3,1,0,0,0,0,0,1,0
5174,1985,3,2,0,0,0,0,1,0,1,0
5190,1972,7,6,4,2,0,0,1,0,0,0
5190,1973,1,1,0,0,0,0,0,0,1,0
5193,1982,1,1,0,0,0,0,0,0,0,0
5199,1974,1,1,0,0,0,0,0,0,0,0
5199,1975,1,1,0,0,0,0,0,0,0,0
5199,1976,4,3,1,0,0,0,1,0,0,0
5199,1977,2,2,2,0,0,0,0,0,0,0
5200,1975,4,4,0,0,0,0,0,0,0,0
5200,1976,3,2,1,0,0,0,1,0,0,0
5200,1977,3,3,1,0,0,0,0,0,0,0
5200,1978,8,7,3,0,0,0,1,0,0,0
5200,1979,8,7,1,0,0,0,1,0,2,0
5200,1980,9,9,1,0,0,0,0,0,2,0
5202,1985,3,3,1,1,0,0,0,0,0,0
5216,1983,6,6,3,1,0,0,0,0,0,0
5216,1984,6,5,4,0,0,1,0,0,0,1
5216,1985,7,5,2,0,0,0,2,0,1,0
5216,1986,12,8,2,1,0,0,4,0,2,0
5216,1987,9,9,2,0,0,0,0,0,0,0
5217,1968,7,7,1,0,0,0,0,0,1,0
5217,1969,3,2,0,0,0,0,1,0,0,0
5221,1978,3,3,0,0,0,0,0,0,0,0
5221,1979,11,11,2,0,0,0,0,0,1,0
5221,1980,13,12,2,0,0,0,1,0,2,0
5221,1981,6,6,0,0,0,0,0,0,2,0
5221,1982,2,1,0,0,0,0,1,0,0,0
5253,1967,2,2,0,0,0,0,0,0,1,0
5253,1968,1,1,0,0,0,0,0,0,1,0
5265,1985,3,3,1,0,0,0,0,0,0,0
5265,1986,6,6,0,0,0,0,0,0,1,0
5271,1978,2,2,0,0,0,0,0,0,1,0
5276,1972,3,3,0,0,0,0,0,0,0,0
5278,1966,11,11,2,0,0,0,0,0,3,0
5278,1967,10,9,3,0,0,0,0,0,0,0
5278,1968,9,9,2,1,0,0,0,0,0,0
5278,1969,12,11,4,0,0,0,1,0,1,0
5278,1973,4,4,1,0,0,0,0,0,1,0
5278,1975,9,9,4,1,0,0,0,0,1,0
5290,1966,9,9,2,0,0,0,0,0,1,0
5290,1968,10,9,2,0,0,0,0,0,1,0
5290,1969,11,9,0,0,0,0,1,0,1,0
5290,1970,3,3,2,0,0,0,0,0,0,0
5290,1971,10,9,2,0,0,0,0,1,0,0
5290,1972,12,12,2,0,0,0,0,0,2,0
5290,1973,8,8,2,1,0,0,0,0,0,0
5291,1970,14,12,1,0,0,0,2,0,4,0
5291,1975,4,3,0,0,0,0,1,0,2,0
5314,1970,4,4,0,0,0,0,0,0,0,0
5316,1972,11,10,1,1,0,0,1,0,1,0
5316,1973,4,4,0,0,0,0,0,0,0,0
5316,1974,8,8,2,0,0,0,0,0,1,0
5316,1978,3,3,1,0,0,0,0,0,1,0
5316,1979,2,2,0,0,0,0,0,0,0,0
5316,1980,1,1,0,0,0,0,0,0,0,0
5335,1986,11,10,4,1,0,2,1,0,1,0
5335,1987,3,3,0,0,0,0,0,0,1,0
5347,1977,1,1,0,0,0,0,0,0,1,0
5347,1979,3,3,1,0,0,0,0,0,0,0
5347,1980,6,6,2,1,0,0,0,0,1,0
5347,1981,2,2,1,0,0,0,0,0,0,0
5347,1984,3,3,1,0,0,0,0,0,1,0
5348,1983,3,3,0,0,0,0,0,0,0,0
5348,1986,2,2,1,0,0,0,0,0,0,0
5363,1975,6,5,2,0,0,0,0,0,1,0
5363,1976,7,6,3,0,0,1,1,0,1,0
5363,1977,4,4,0,0,0,0,0,0,0,0
5363,1978,1,1,1,0,0,1,0,0,0,0
5363,1979,13,12,4,0,0,1,1,0,3,0
5363,1980,4,4,2,0,0,0,0,0,0,0
5374,1966,5,5,0,0,0,0,0,0,4,0
5374,1967,4,4,2,1,0,0,0,0,0,0
5375,1986,4,3,0,0,0,0,1,0,0,0
5375,1987,6,6,3,2,0,0,0,0,3,0
5379,1988,3,3,0,0,0,0,0,0,0,0
5385,1969,2,1,0,0,0,0,0,0,0,0
5385,1970,2,2,0,0,0,0,0,0,0,0
5391,1966,1,1,0,0,0,0,0,0,1,0
5391,1967,1,1,0,0,0,0,0,0,0,0
5391,1968,4,4,0,0,0,0,0,0,3,0
5394,1983,11,9,3,1,0,0,2,0,3,0
5394,1984,6,5,0,0,0,0,1,0,1,0
5394,1985,13,11,3,0,0,1,2,0,1,0
5394,1987,2,2,0,0,0,0,0,0,1,0
5395,1983,4,4,1,0,0,0,0,0,1,0
5401,1966,14,11,3,0,0,1,1,0,0,0
5401,1967,11,11,1,1,0,0,0,0,1,0
5401,1968,11,10,3,0,0,0,1,0,2,0
5401,1969,5,5,0,0,0,0,0,0,0,0
5401,1970,3,3,1,0,0,0,0,0,0,0
5401,1971,21,21,9,1,1,0,0,0,1,0
5401,1972,8,8,2,0,0,0,0,0,1,0
5405,1984,4,4,1,0,0,0,0,0,1,0
5405,1985,10,10,2,1,0,0,0,0,2,0
5405,1986,6,6,3,0,0,0,0,0,1,0
5405,1987,11,11,3,0,0,1,0,0,0,0
5419,1988,6,6,2,0,0,1,0,0,1,0
5423,1985,4,4,1,0,0,0,0,0,0,0
5423,1988,8,7,1,0,0,0,1,0,1,0
5445,1967,1,1,0,0,0,0,0,0,0,0
5445,1968,3,3,0,0,0,0,0,0,2,0
5445,1970,2,1,0,0,0,0,0,0,0,0
5448,1966,1,1,0,0,0,0,0,0,0,0
5448,1967,1,1,1,0,0,0,0,0,0,0
5448,1968,4,4,0,0,0,0,0,0,0,0
5450,1976,4,4,0,0,0,0,0,0,0,0
5452,1966,7,7,2,0,0,2,0,0,2,0
5452,1967,7,5,3,0,0,0,2,0,0,0
5452,1968,12,12,2,1,0,0,0,0,2,0
5452,1969,7,7,4,1,0,1,0,0,1,0
5452,1970,6,6,0,0,0,0,0,0,1,0
5452,1971,8,6,0,0,0,0,1,0,1,1
5467,1988,3,3,1,1,0,0,0,0,0,0
5470,1988,4,4,1,1,0,0,0,0,0,0
5473,1966,4,3,2,0,0,1,0,0,1,0
5473,1967,4,4,0,0,0,0,0,0,3,0
5473,1982,4,3,1,0,0,0,0,0,1,0
5490,1971,7,6,2,1,0,0,0,0,4,0
5490,1972,6,5,2,0,0,1,1,0,0,0
5492,1970,1,1,0,0,0,0,0,0,1,0
5492,1971,8,8,2,0,0,0,0,0,3,0
5492,1972,7,7,1,0,0,0,0,0,2,0
5504,1984,4,4,1,0,0,0,0,0,0,0
5514,1967,1,1,0,0,0,0,0,0,0,0
5514,1968,5,4,3,0,0,0,1,0,0,0
5523,1968,12,12,6,1,0,0,0,0,1,0
5523,1969,9,9,3,0,0,0,0,0,2,0
5529,1983,3,3,0,0,0,0,0,0,2,0
5530,1971,3,3,0,0,0,0,0,0,3,0
5531,1967,1,1,0,0,0,0,0,0,1,0
5531,1969,4,4,0,0,0,0,0,0,0,0
5534,1975,6,6,0,0,0,0,0,0,2,0
5534,1976,6,6,1,0,0,0,0,0,0,0
5534,1980,3,3,0,0,0,0,0,0,1,0
5534,1983,4,4,0,0,0,0,0,0,1,0
5534,1985,3,2,1,1,0,0,1,0,0,0
5534,1986,4,2,0,0,0,0,2,0,1,0
5543,1966,9,8,2,0,0,0,1,0,3,0
5543,1967,6,6,0,0,0,0,0,0,2,0
5543,1969,14,14,4,1,0,1,0,0,4,0
5543,1970,8,6,0,0,0,0,2,0,2,0
5543,1971,2,1,0,0,0,0,1,0,0,0
5543,1972,4,4,0,0,0,0,0,0,1,0
5545,1973,4,2,0,0,0,0,2,0,1,0
5545,1974,13,10,2,0,0,1,3,0,1,0
5545,1977,1,1,0,0,0,0,0,0,1,0
5550,1968,2,2,1,0,0,0,0,0,0,0
5550,1969,4,4,0,0,0,0,0,0,0,0
5550,1970,5,4,1,0,0,0,1,0,0,0
5550,1971,1,1,0,0,0,0,0,0,0,0
5552,1979,3,3,0,0,0,0,0,0,3,0
5553,1982,4,4,2,1,0,0,0,0,1,0
5553,1984,4,4,1,0,0,0,0,0,3,0
5553,1988,4,3,3,0,0,1,1,0,0,0
5555,1974,6,6,1,0,0,0,0,0,1,0
5555,1975,3,3,0,0,0,0,0,0,0,0
5555,1976,3,2,1,0,0,0,0,0,0,1
5555,1977,11,9,4,1,0,1,2,0,0,0
5555,1978,4,3,0,0,0,0,1,0,0,0
5555,1979,6,6,3,0,0,0,0,0,0,0
5555,1981,1,1,0,0,0,0,0,0,0,0
5555,1982,8,7,2,1,0,0,0,0,2,0
5570,1966,3,3,2,0,0,1,0,0,1,0
5570,1967,3,3,0,0,0,0,0,0,0,0
5574,1968,2,1,1,0,1,0,1,0,0,0
5584,1982,3,2,1,1,0,0,1,0,1,0
5611,1983,4,3,0,0,0,0,1,0,3,0
5620,1966,9,8,2,0,0,0,1,0,1,0
5620,1967,1,1,0,0,0,0,0,0,0,0
5620,1968,8,7,2,0,0,0,1,0,0,0
5620,1969,5,5,3,1,0,0,0,0,1,0
5620,1970,9,8,2,0,0,0,0,1,3,0
5620,1971,8,6,3,0,1,0,2,0,2,0
5620,1972,3,3,0,0,0,0,0,0,1,0
5620,1974,3,3,2,1,0,0,0,0,0,0
5644,1985,3,3,1,0,0,0,0,0,0,0
5648,1966,9,8,2,1,0,1,1,0,5,0
5648,1967,12,11,2,1,0,0,1,0,2,0
5648,1968,1,1,0,0,0,0,0,0,0,0
5648,1969,12,9,1,0,0,0,2,0,3,1
5648,1970,9,7,1,1,0,0,1,1,1,0
5648,1971,1,1,0,0,0,0,0,0,1,0
5653,1981,10,10,2,1,0,0,0,0,2,0
5653,1982,6,6,2,0,0,0,0,0,2,0
5653,1984,4,4,1,0,0,1,0,0,3,0
5653,1985,13,9,3,0,0,1,3,0,4,0
5657,1973,4,4,0,0,0,0,0,0,4,0
5657,1976,5,3,0,0,0,0,0,0,1,0
5657,1977,2,2,0,0,0,0,0,0,1,0
5657,1979,1,1,0,0,0,0,0,0,1,0
5678,1970,2,2,0,0,0,0,0,0,1,0
5678,1972,11,10,1,0,0,0,1,0,2,0
5678,1973,11,10,0,0,0,0,1,0,1,0
5678,1974,4,2,1,0,0,0,2,0,0,0
5678,1975,12,8,0,0,0,0,4,0,2,0
5678,1976,1,1,1,0,0,0,0,0,0,0
5678,1977,1,1,1,0,0,0,0,0,0,0
5678,1981,4,4,1,0,0,0,0,0,1,0
5678,1982,1,1,0,0,0,0,0,0,1,0
5689,1975,19,19,6,0,1,1,0,0,2,0
5689,1976,3,3,0,0,0,0,0,0,0,0
5715,1975,1,1,0,0,0,0,0,0,0,0
5715,1976,3,3,0,0,0,0,0,0,0,0
5717,1976,3,2,0,0,0,0,0,0,1,1
5762,1983,3,2,0,0,0,0,0,1,0,0
5762,1984,9,9,4,1,0,0,0,0,1,0
5762,1985,9,9,2,1,0,0,0,0,0,0
5781,1968,4,4,1,0,0,0,0,0,3,0
5791,1974,2,2,0,0,0,0,0,0,0,0
5791,1976,2,2,0,0,0,0,0,0,0,0
5791,1979,3,3,2,0,0,0,0,0,1,0
5801,1972,3,3,1,0,0,0,0,0,2,0
5802,1969,10,10,0,0,0,0,0,0,1,0
5809,1983,4,3,1,0,0,0,1,0,0,0
5812,1973,12,12,2,0,0,0,0,0,0,0
5812,1974,14,13,0,0,0,0,1,0,1,0
5812,1975,1,1,0,0,0,0,0,0,0,0
5812,1976,13,11,5,1,0,0,2,0,0,0
5812,1979,2,2,0,0,0,0,0,0,0,0
5821,1978,5,5,2,1,0,0,0,0,0,0
5821,1979,3,3,2,0,0,0,0,0,0,0
5821,1982,8,7,3,1,0,0,1,0,0,0
5825,1980,1,0,0,0,0,0,0,0,0,1
5825,1981,10,10,3,0,0,0,0,0,2,0
5825,1982,12,12,3,2,0,0,0,0,1,0
5825,1987,8,7,4,0,0,1,1,0,0,0
5833,1966,1,1,0,0,0,0,0,0,1,0
5847,1966,12,10,4,0,0,0,1,0,0,0
5847,1967,7,6,2,0,1,0,1,0,0,0
5847,1968,10,10,1,0,0,0,0,0,4,0
5847,1969,14,14,5,1,0,0,0,0,1,0
5847,1970,4,4,1,0,0,0,0,0,0,0
5847,1971,3,3,1,0,0,0,0,0,0,0
5847,1973,5,4,0,0,0,0,1,0,1,0
5847,1974,14,13,4,0,0,0,1,0,2,0
5847,1975,11,11,3,0,0,0,0,0,3,0
5847,1976,11,9,3,0,1,0,2,0,1,0
5861,1987,3,3,2,0,0,1,0,0,0,0
5891,1972,16,13,4,0,0,1,3,0,4,0
5891,1973,4,3,0,0,0,0,1,0,0,0
5891,1974,2,1,0,0,0,0,1,0,0,0
5891,1975,1,1,1,0,0,1,0,0,0,0
5891,1976,9,6,0,0,0,0,2,1,3,0
5891,1977,4,4,0,0,0,0,0,0,1,0
5891,1979,7,6,3,0,0,1,1,0,1,0
5891,1981,6,6,2,1,0,0,0,0,2,0
5891,1982,7,6,0,0,0,0,1,0,4,0
5891,1984,4,3,2,0,0,0,0,1,1,0
5891,1986,3,2,0,0,0,0,1,0,0,0
5894,1967,4,4,0,0,0,0,0,0,1,0
5894,1970,4,4,1,0,0,1,0,0,2,0
5894,1971,4,4,1,1,0,0,0,0,2,0
5894,1973,1,1,1,0,0,1,0,0,0,0
5899,1987,5,4,1,0,0,0,1,0,1,0
5916,1969,1,1,0,0,0,0,0,0,1,0
5916,1970,6,6,1,0,0,0,0,0,5,0
5916,1973,3,3,0,0,0,0,0,0,2,0
5916,1974,2,2,0,0,0,0,0,0,0,0
5916,1975,2,2,0,0,0,0,0,0,2,0
5916,1976,1,1,0,0,0,0,0,0,1,0
5923,1974,7,5,0,0,0,0,2,0,1,0
5923,1975,2,2,0,0,0,0,0,0,0,0
5923,1976,1,1,0,0,0,0,0,0,0,0
5927,1975,2,2,0,0,0,0,0,0,1,0
5930,1983,4,3,1,0,0,1,0,1,0,0
5930,1984,5,5,1,1,0,0,0,0,3,0
5930,1985,6,6,0,0,0,0,0,0,0,0
5930,1986,3,3,2,0,0,0,0,0,0,0
5946,1968,1,0,0,0,0,0,1,0,0,0
5963,1976,2,2,0,0,0,0,0,0,0,0
5963,1979,1,1,0,0,0,0,0,0,0,0
5963,1980,4,3,0,0,0,0,0,0,2,0
5963,1988,4,2,0,0,0,0,0,0,1,1
5967,1979,10,10,2,1,0,0,0,0,4,0
5967,1980,11,11,1,0,0,0,0,0,1,0
5967,1981,2,2,1,0,0,0,0,0,0,0
5967,1987,8,8,2,0,0,0,0,0,0,0
6000,1968,8,7,0,0,0,0,1,0,2,0
6000,1969,2,2,0,0,0,0,0,0,1,0
6009,1975,3,2,0,0,0,0,0,0,2,0
6015,1973,2,2,0,0,0,0,0,0,2,0
6015,1976,3,3,0,0,0,0,0,0,3,0
6044,1966,6,4,2,0,0,0,2,0,1,0
6044,1967,6,6,1,0,0,0,0,0,2,0
6044,1968,7,7,1,0,0,0,0,0,1,0
6044,1969,3,3,0,0,0,0,0,0,2,0
6044,1971,11,11,1,0,0,0,0,0,1,0
6044,1972,7,7,1,0,0,0,0,0,0,0
6044,1973,7,7,2,0,0,0,0,0,2,0
6044,1975,7,6,1,0,0,0,1,0,2,0
6044,1976,11,10,2,0,0,0,1,0,1,0
6044,1978,1,1,0,0,0,0,0,0,1,0
6044,1979,5,5,0,0,0,0,0,0,1,0
6057,1974,1,1,0,0,0,0,0,0,1,0
6058,1982,3,3,1,0,0,0,0,0,1,0
6058,1983,2,2,0,0,0,0,0,0,1,0
6076,1988,8,5,1,1,0,0,3,0,0,0
6077,1977,1,0,0,0,0,0,0,0,0,0
6077,1982,2,2,0,0,0,0,0,0,0,0
6085,1971,3,3,0,0,0,0,0,0,1,0
6085,1976,4,4,1,0,0,0,0,0,0,0
6089,1966,2,2,0,0,0,0,0,0,0,0
6093,1982,1,0,0,0,0,0,1,0,0,0
6095,1984,3,3,0,0,0,0,0,0,1,0
6095,1986,3,3,0,0,0,0,0,0,0,0
6096,1983,4,4,1,0,0,0,0,0,1,0
6112,1969,11,9,1,0,0,0,1,0,4,1
6112,1970,6,6,1,0,0,0,0,0,3,0
6119,1976,3,2,0,0,0,0,0,0,2,0
6120,1980,5,5,0,0,0,0,0,0,4,0
6121,1974,6,6,1,0,0,0,0,0,1,0
6121,1975,3,3,0,0,0,0,0,0,1,0
6121,1976,11,9,1,0,0,0,2,0,2,0
6123,1985,11,11,3,1,0,0,0,0,1,0
6123,1986,3,3,0,0,0,0,0,0,0,0
6132,1982,4,4,2,1,0,0,0,0,1,0
6132,1984,4,4,1,0,0,0,0,0,1,0
6132,1985,2,2,1,1,0,0,0,0,1,0
6159,1979,1,1,0,0,0,0,0,0,0,0
6159,1980,3,2,0,0,0,0,1,0,0,0
6171,1981,11,11,1,0,0,0,0,0,1,0
6171,1982,14,13,5,0,0,0,1,0,2,0
6173,1979,1,1,1,0,0,0,0,0,0,0
6173,1982,1,1,0,0,0,0,0,0,1,0
6186,1966,7,7,2,0,0,1,0,0,1,0
6186,1967,12,10,1,0,0,0,0,0,1,0
6186,1968,8,8,2,0,0,0,0,0,2,0
6186,1969,8,8,2,0,0,0,0,0,2,0
6186,1970,12,12,1,0,0,0,0,0,1,0
6186,1971,11,10,5,0,0,0,1,0,1,0
6191,1982,3,3,0,0,0,0,0,0,0,0
6191,1983,2,2,0,0,0,0,0,0,1,0
6191,1984,3,3,0,0,0,0,0,0,1,0
6191,1986,3,3,2,0,0,1,0,0,0,0
6191,1987,4,3,1,0,0,0,0,0,0,1
6195,1982,2,2,0,0,0,0,0,0,2,0
6202,1988,4,4,2,1,0,0,0,0,0,0
6203,1987,3,2,2,1,0,0,1,0,0,0
6210,1974,2,2,0,0,0,0,0,0,0,0
6215,1976,2,2,1,0,0,0,0,0,0,0
6232,1984,2,1,0,0,0,0,0,0,0,1
6232,1986,5,5,1,0,0,0,0,0,2,0
6237,1988,2,2,0,0,0,0,0,0,0,0
6239,1978,1,1,0,0,0,0,0,0,1,0
6241,1983,6,6,4,1,0,0,0,0,0,0
6241,1984,8,8,3,0,0,0,0,0,0,0
6241,1985,10,10,5,0,0,0,0,0,0,0
6241,1986,6,5,2,1,0,0,1,0,0,0
6243,1981,3,2,0,0,0,0,0,0,0,1
6243,1983,4,4,1,1,0,0,0,0,0,0
6243,1984,6,6,1,0,0,0,0,0,0,0
6243,1988,2,2,0,0,0,0,0,0,0,0
6244,1966,3,3,1,0,0,0,0,0,0,0
6244,1967,1,1,0,0,0,0,0,0,0,0
6247,1982,4,4,0,0,0,0,0,0,2,0
6266,1982,4,4,0,0,0,0,0,0,2,0
6269,1982,3,3,0,0,0,0,0,0,0,0
6269,1983,6,6,2,1,0,0,0,0,0,0
6269,1984,3,3,0,0,0,0,0,0,0,0
6269,1986,3,3,1,1,0,0,0,0,1,0
6288,1979,6,5,1,0,0,0,0,0,1,0
6305,1970,5,5,1,0,0,0,0,0,2,0
6305,1971,15,15,5,0,1,0,0,0,2,0
6305,1972,4,4,0,0,0,0,0,0,2,0
6305,1973,15,13,3,0,0,0,2,0,2,0
6306,1987,3,3,1,0,0,0,0,0,1,0
6317,1981,9,8,2,0,0,0,1,0,2,0
6317,1982,5,5,1,0,0,0,0,0,0,0
6320,1980,11,11,5,0,0,2,0,0,1,0
6328,1982,2,2,0,0,0,0,0,0,1,0
6341,1966,1,1,0,0,0,0,0,0,1,0
6341,1967,1,1,0,0,0,0,0,0,0,0
6341,1968,1,1,0,0,0,0,0,0,0,0
6341,1969,8,7,1,0,0,0,0,0,3,0
6341,1970,2,1,0,0,0,0,1,0,1,0
6343,1975,1,1,1,0,0,1,0,0,0,0
6343,1977,4,4,0,0,0,0,0,0,1,0
6343,1979,12,12,5,0,0,0,0,0,3,0
6343,1980,8,8,0,0,0,0,0,0,1,0
6343,1981,9,9,2,0,0,0,0,0,2,0
6345,1983,6,5,1,0,0,0,1,0,0,0
6345,1984,7,6,3,2,1,0,1,0,0,0
6345,1985,2,1,1,0,0,0,1,0,0,0
6345,1987,4,4,1,0,0,1,0,0,2,0
6349,1977,2,2,0,0,0,0,0,0,0,0
6359,1979,6,5,2,0,1,0,1,0,1,0
6359,1981,3,3,0,0,0,0,0,0,2,0
6359,1982,4,4,0,0,0,0,0,0,1,0
6368,1978,1,1,0,0,0,0,0,0,0,0
6368,1979,3,3,0,0,0,0,0,0,1,0
6372,1973,1,1,0,0,0,0,0,0,1,0
6392,1966,3,3,1,0,0,1,0,0,0,0
6392,1967,4,4,1,0,0,0,0,0,0,0
6405,1981,4,3,0,0,0,0,1,0,0,0
6405,1982,13,7,2,0,0,0,6,0,0,0
6428,1981,3,3,1,0,0,0,0,0,0,0
6438,1988,2,1,0,0,0,0,1,0,0,0
6454,1974,5,4,0,0,0,0,1,0,0,0
6454,1975,4,3,2,0,0,0,0,0,0,0
6456,1968,3,3,0,0,0,0,0,0,0,0
6465,1972,4,3,0,0,0,0,1,0,1,0
6469,1985,6,6,0,0,0,0,0,0,2,0
6469,1986,2,2,0,0,0,0,0,0,0,0
6471,1979,6,5,2,0,0,0,1,0,2,0
6500,1967,3,3,1,1,0,0,0,0,0,0
6501,1973,8,8,0,0,0,0,0,0,1,0
6501,1974,2,2,1,0,0,0,0,0,0,0
6501,1975,4,3,1,0,0,0,1,0,0,0
6529,1981,2,2,0,0,0,0,0,0,0,0
6529,1982,2,2,0,0,0,0,0,0,2,0
6534,1986,12,12,1,0,0,0,0,0,4,0
6534,1987,8,7,2,0,0,1,1,0,2,0
6537,1974,5,4,0,0,0,0,0,0,1,0
6537,1975,2,2,1,0,0,0,0,0,1,0
6564,1981,5,5,1,0,0,0,0,0,2,0
6564,1983,6,5,3,0,0,2,0,0,1,1
6614,1982,7,5,3,1,0,1,2,0,1,0
6614,1983,7,6,0,0,0,0,1,0,2,0
6614,1984,7,5,2,0,0,0,2,0,2,0
6622,1984,4,3,2,0,0,0,1,0,1,0
6622,1986,3,2,1,0,0,0,1,0,0,0
6628,1983,3,2,0,0,0,0,0,0,0,0
6657,1968,9,9,1,0,0,0,0,0,0,0
6657,1969,5,5,1,0,0,0,0,0,0,0
6657,1970,12,11,3,0,0,0,1,0,1,0
6657,1971,14,12,5,0,0,0,1,0,3,1
6657,1972,11,10,2,0,0,0,1,0,1,0
6657,1973,4,4,1,0,0,0,0,0,1,0
6657,1974,20,17,4,0,0,0,3,0,3,0
6657,1975,6,6,1,0,0,0,0,0,0,0
6657,1977,1,1,0,0,0,0,0,0,0,0
6657,1979,2,2,1,0,0,0,0,0,0,0
6657,1980,2,1,1,0,0,0,1,0,0,0
6665,1966,6,6,1,0,0,0,0,0,3,0
6665,1967,8,8,2,0,0,0,0,0,0,0
6673,1972,4,4,1,1,0,0,0,0,1,0
6673,1973,6,6,3,0,0,2,0,0,1,0
6673,1974,7,6,1,0,0,0,1,0,3,0
6673,1975,3,3,2,1,0,0,0,0,1,0
6673,1976,3,3,2,1,0,0,0,0,0,0
6673,1977,14,13,6,0,1,1,1,0,3,0
6673,1978,11,11,3,0,0,1,0,0,4,0
6673,1979,3,3,1,0,0,0,0,0,1,0
6673,1980,3,2,0,0,0,0,1,0,2,0
6673,1983,5,4,3,1,0,0,1,0,0,0
6673,1984,7,6,1,0,0,1,1,0,1,0
6679,1982,2,2,0,0,0,0,0,0,1,0
6680,1966,2,2,0,0,0,0,0,0,0,0
6681,1983,15,14,5,0,0,1,1,0,2,0
6681,1984,6,5,3,0,0,1,1,0,0,0
6681,1985,10,8,1,0,0,0,2,0,1,0
6681,1986,6,5,1,0,0,0,1,0,1,0
6681,1987,5,5,2,0,0,1,0,0,1,0
6687,1985,4,3,1,0,0,0,1,0,1,0
6687,1986,5,5,1,1,0,0,0,0,0,0
6690,1973,2,2,0,0,0,0,0,0,0,0
6690,1975,5,4,0,0,0,0,1,0,1,0
6690,1976,4,4,2,0,0,0,0,0,0,0
6708,1978,3,3,1,0,0,0,0,0,2,0
6720,1975,7,7,2,0,0,1,0,0,4,0
6724,1979,4,4,1,0,0,0,0,0,0,0
6733,1979,1,1,0,0,0,0,0,0,0,0
6734,1972,11,11,2,1,0,0,0,0,3,0
6734,1973,14,14,4,0,0,0,0,0,3,0
6734,1974,8,6,2,1,0,0,1,1,0,0
6734,1975,1,1,0,0,0,0,0,0,0,0
6734,1976,3,2,2,2,0,0,1,0,0,0
6734,1977,14,13,3,0,0,1,1,0,0,0
6734,1978,11,11,3,1,0,0,0,0,3,0
6734,1979,5,5,1,1,0,0,0,0,2,0
6734,1981,6,6,2,1,0,0,0,0,0,0
6734,1982,1,1,1,0,0,0,0,0,0,0
6743,1974,4,3,2,0,1,1,1,0,0,0
6743,1975,10,10,3,1,1,0,0,0,0,0
6743,1976,13,12,4,2,0,0,1,0,0,0
6743,1977,8,8,0,0,0,0,0,0,1,0
6743,1978,15,14,4,2,0,0,1,0,0,0
6743,1979,9,9,2,0,0,0,0,0,0,0
6743,1980,6,6,1,0,0,1,0,0,0,0
6743,1981,6,6,4,1,0,0,0,0,0,0
6743,1982,10,10,2,0,0,0,0,0,1,0
6743,1987,3,3,0,0,0,0,0,0,0,0
6753,1988,4,3,0,0,0,0,1,0,2,0
6771,1979,1,1,0,0,0,0,0,0,0,0
6772,1988,2,2,2,0,0,0,0,0,0,0
6806,1968,5,5,0,0,0,0,0,0,1,0
6806,1969,4,4,0,0,0,0,0,0,3,0
6816,1975,4,3,0,0,0,0,0,0,1,1
6825,1982,4,4,1,0,0,0,0,0,0,0
6825,1986,3,3,0,0,0,0,0,0,2,0
6825,1987,3,3,0,0,0,0,0,0,0,0
6856,1967,2,2,0,0,0,0,0,0,1,0
6856,1968,2,2,0,0,0,0,0,0,1,0
6856,1969,6,6,0,0,0,0,0,0,0,0
6856,1970,6,6,0,0,0,0,0,0,1,0
6856,1972,1,1,0,0,0,0,0,0,0,0
6859,1967,13,11,1,0,0,0,2,0,3,0
6859,1968,5,5,0,0,0,0,0,0,1,0
6885,1968,2,2,1,0,0,0,0,0,1,0
6885,1969,9,8,1,0,0,0,1,0,4,0
6885,1970,4,4,1,1,0,0,0,0,1,0
6885,1971,1,1,1,0,0,0,0,0,0,0
6885,1972,3,2,0,0,0,0,1,0,0,0
6885,1973,1,1,0,0,0,0,0,0,0,0
6892,1982,1,1,0,0,0,0,0,0,1,0
6893,1970,1,1,0,0,0,0,0,0,0,0
6906,1984,3,3,0,0,0,0,0,0,1,0
6909,1988,5,5,0,0,0,0,0,0,0,0
6919,1988,3,3,1,0,0,0,0,0,1,0
6933,1975,2,2,1,1,0,0,0,0,1,0
6933,1979,5,5,0,0,0,0,0,0,3,0
6933,1980,11,9,0,0,0,0,2,0,3,0
6933,1981,11,11,1,0,0,0,0,0,4,0
6946,1969,3,3,2,1,0,0,0,0,0,0
6947,1968,5,5,1,0,0,0,0,0,0,0
6947,1969,1,1,0,0,0,0,0,0,1,0
6959,1967,4,4,3,1,0,0,0,0,1,0
6959,1968,6,6,1,0,0,0,0,0,1,0
6959,1969,3,2,1,0,0,0,0,0,0,0
6959,1970,4,4,0,0,0,0,0,0,1,0
6959,1971,3,2,1,0,0,0,1,0,1,0
6984,1972,3,3,0,0,0,0,0,0,1,0
6984,1973,3,3,0,0,0,0,0,0,0,0
6992,1971,3,2,0,0,0,0,1,0,0,0
6994,1969,4,3,0,0,0,0,1,0,1,0
6994,1970,3,3,1,0,0,0,0,0,0,0
6994,1971,12,11,1,1,0,0,0,0,1,0
6996,1979,3,3,0,0,0,0,0,0,1,0
7017,1966,12,10,1,1,0,0,2,0,3,0
7017,1967,10,9,0,0,0,0,1,0,3,0
7031,1972,1,1,0,0,0,0,0,0,1,0
7031,1975,4,4,1,0,0,0,0,0,1,0
7046,1983,3,3,0,0,0,0,0,0,0,0
7046,1984,3,3,1,1,0,0,0,0,0,0
7046,1986,8,7,2,0,0,1,1,0,0,0
7046,1987,9,8,4,0,0,0,0,0,0,1
7047,1972,1,1,0,0,0,0,0,0,0,0
7047,1973,10,9,4,0,0,0,1,0,0,0
7047,1974,5,4,0,0,0,0,1,0,1,0
7047,1975,6,5,0,0,0,0,1,0,0,0
7047,1976,19,16,8,0,0,2,3,0,6,0
7047,1977,16,15,5,2,0,1,1,0,1,0
7047,1978,18,17,2,0,0,1,1,0,5,0
7047,1979,15,14,7,2,0,1,1,0,2,0
7047,1980,14,14,5,1,0,2,0,0,2,0
7047,1981,7,6,1,0,0,0,1,0,2,0
7047,1982,4,4,0,0,0,0,0,0,0,0
7056,1985,3,2,0,0,0,0,1,0,0,0
7057,1979,2,2,0,0,0,0,0,0,1,0
7057,1980,5,4,2,0,0,0,0,0,1,0
7068,1966,6,5,1,0,0,0,1,0,0,0
7068,1967,9,9,2,0,0,0,0,0,0,0
7068,1968,11,10,3,0,0,0,1,0,1,0
7068,1969,6,5,1,0,0,0,1,0,0,0
7068,1970,8,8,2,0,1,0,0,0,0,0
7068,1971,4,4,1,0,0,0,0,0,1,0
7068,1972,5,5,2,0,0,0,0,0,1,0
7068,1973,2,2,1,0,0,0,0,0,0,0
7078,1975,9,9,2,0,0,0,0,0,3,0
7078,1976,9,9,1,0,0,0,0,0,0,0
7080,1967,9,7,2,0,0,0,1,1,3,0
7080,1968,9,7,1,0,0,0,2,0,2,0
7080,1969,7,7,0,0,0,0,0,0,0,0
7080,1970,4,4,0,0,0,0,0,0,0,0
7082,1967,4,4,1,0,0,0,0,0,1,0
7082,1968,5,5,2,1,0,0,0,0,3,0
7082,1969,13,11,2,0,0,0,2,0,3,0
7082,1970,10,9,1,1,0,0,1,0,1,0
7082,1971,7,7,1,0,0,0,0,0,4,0
7082,1972,18,15,2,0,0,0,2,0,6,1
7082,1973,8,8,3,1,0,1,0,0,1,0
7082,1974,13,13,4,0,0,0,0,0,2,0
7083,1972,5,5,1,1,0,0,0,0,0,0
7083,1973,7,7,1,0,0,0,0,0,2,0
7083,1974,10,9,0,0,0,0,1,0,0,0
7083,1975,14,13,3,1,0,0,1,0,2,0
7083,1980,7,7,1,1,0,0,0,0,1,0
7083,1981,13,13,6,0,0,0,0,0,2,0
7083,1982,4,4,0,0,0,0,0,0,1,0
7090,1970,1,1,0,0,0,0,0,0,1,0
7090,1971,4,4,0,0,0,0,0,0,2,0
7090,1982,2,2,0,0,0,0,0,0,0,0
7091,1966,11,11,2,0,0,0,0,0,0,0
7100,1966,9,7,2,1,0,0,2,0,1,0
7100,1967,11,7,5,0,1,0,3,1,0,0
7100,1968,8,8,2,1,0,0,0,0,1,0
7100,1969,7,6,2,0,0,0,1,0,2,0
7100,1970,12,11,5,0,0,3,0,1,1,0
7100,1971,15,12,3,0,0,0,3,0,6,0
7104,1966,11,11,4,0,0,0,0,0,1,0
7104,1967,16,15,4,0,0,0,1,0,4,0
7104,1968,13,13,3,1,0,0,0,0,1,0
7104,1969,11,9,2,0,0,0,2,0,0,0
7104,1970,10,10,3,1,0,0,0,0,1,0
7104,1971,3,2,1,0,0,0,1,0,0,0
7104,1972,1,1,0,0,0,0,0,0,1,0
7109,1977,3,3,1,1,0,0,0,0,0,0
7109,1978,4,3,0,0,0,0,1,0,2,0
7109,1979,8,7,0,0,0,0,1,0,0,0
7109,1981,6,5,2,0,0,1,1,0,1,0
7109,1982,2,2,1,0,0,1,0,0,1,0
7112,1971,1,1,0,0,0,0,0,0,1,0
7112,1973,1,0,0,0,0,0,0,0,0,0
7119,1968,1,1,1,0,0,0,0,0,0,0
7121,1974,13,13,6,1,0,0,0,0,2,0
7121,1975,4,4,0,0,0,0,0,0,2,0
7121,1976,9,9,4,0,1,1,0,0,0,0
7121,1977,4,3,0,0,0,0,1,0,1,0
7121,1978,11,11,4,0,1,1,0,0,0,0
7121,1979,6,5,2,0,0,1,1,0,1,0
7121,1980,3,3,0,0,0,0,0,0,1,0
7121,1981,4,3,1,0,0,0,1,0,1,0
7121,1983,2,2,0,0,0,0,0,0,1,0
7144,1966,12,11,4,0,1,0,1,0,1,0
7144,1967,10,9,2,0,0,0,1,0,0,0
7144,1968,10,10,1,0,0,0,0,0,0,0
7144,1969,7,7,3,1,0,0,0,0,0,0
7144,1970,3,3,0,0,0,0,0,0,1,0
7144,1971,3,3,1,0,0,0,0,0,1,0
7144,1972,8,8,4,0,0,0,0,0,1,0
7144,1973,7,6,0,0,0,0,1,0,1,0
7144,1974,1,1,0,0,0,0,0,0,0,0
7144,1977,4,2,0,0,0,0,2,0,0,0
7144,1978,2,2,0,0,0,0,0,0,0,0
7161,1967,2,2,1,0,0,1,0,0,1,0
7161,1968,1,0,0,0,0,0,0,0,0,0
7164,1966,9,9,1,0,0,1,0,0,4,0
7164,1967,15,11,3,1,0,0,3,0,4,1
7164,1968,8,5,0,0,0,0,3,0,1,0
7164,1969,14,10,3,2,0,1,4,0,0,0
7164,1970,8,7,3,0,0,1,1,0,1,0
7164,1971,7,7,1,0,0,0,0,0,1,0
7164,1972,12,10,2,0,0,1,2,0,1,0
7164,1973,13,13,5,1,0,1,0,0,3,0
7164,1974,17,14,2,0,0,1,3,0,7,0
7164,1975,10,10,2,1,0,1,0,0,4,0
7164,1976,7,7,1,0,0,0,0,0,3,0
7164,1977,5,5,0,0,0,0,0,0,2,0
7164,1978,9,8,2,0,0,1,1,0,3,0
7164,1979,11,11,1,0,0,0,0,0,3,0
7164,1980,1,1,0,0,0,0,0,0,1,0
7198,1985,6,5,0,0,0,0,1,0,0,0
7198,1986,13,12,3,0,0,0,1,0,1,0
7198,1987,7,7,2,1,0,0,0,0,2,0
7203,1977,1,1,0,0,0,0,0,0,1,0
7205,1969,3,3,1,1,0,0,0,0,0,0
7213,1982,3,3,1,0,0,0,0,0,0,0
7213,1988,3,3,1,1,0,0,0,0,0,0
7214,1969,3,3,0,0,0,0,0,0,3,0
7219,1974,2,1,0,0,0,0,1,0,0,0
7224,1987,4,2,1,1,0,0,2,0,0,0
7228,1966,1,1,0,0,0,0,0,0,0,0
7237,1987,5,5,3,1,0,2,0,0,1,0
7240,1975,3,1,0,0,0,0,0,0,1,1
7270,1972,2,1,1,0,0,0,0,0,0,0
7277,1966,2,2,0,0,0,0,0,0,0,0
7285,1971,4,3,0,0,0,0,1,0,2,0
7294,1971,4,4,0,0,0,0,0,0,1,0
7294,1983,7,7,0,0,0,0,0,0,0,0
7294,1984,7,7,1,0,0,0,0,0,0,0
7294,1986,1,1,1,0,0,1,0,0,0,0
7296,1988,6,5,1,0,0,0,1,0,0,0
7298,1983,3,3,0,0,0,0,0,0,1,0
7298,1984,3,3,3,1,0,0,0,0,0,0
7298,1985,3,2,0,0,0,0,0,0,1,0
7298,1986,1,1,0,0,0,0,0,0,0,0
7298,1987,4,4,0,0,0,0,0,0,0,0
7304,1988,2,2,1,0,0,0,0,0,0,0
7344,1977,1,1,0,0,0,0,0,0,0,0
7348,1972,10,10,0,0,0,0,0,0,3,0
7348,1973,1,1,0,0,0,0,0,0,1,0
7348,1974,1,1,1,0,0,0,0,0,0,0
7348,1975,4,4,0,0,0,0,0,0,0,0
7369,1974,2,2,2,0,0,0,0,0,0,0
7369,1975,4,3,0,0,0,0,0,0,2,0
7381,1966,10,8,2,1,0,0,2,0,2,0
7381,1967,7,6,2,0,0,0,1,0,0,0
7381,1968,8,8,3,1,0,0,0,0,3,0
7381,1969,13,11,4,2,0,0,2,0,2,0
7381,1970,10,9,4,2,0,0,1,0,1,0
7381,1971,16,15,1,1,0,0,0,1,2,0
7381,1972,3,3,1,0,0,1,0,0,0,0
7381,1973,6,6,0,0,0,0,0,0,1,0
7382,1979,2,2,0,0,0,0,0,0,0,0
7393,1984,3,3,2,0,0,0,0,0,0,0
7403,1970,5,5,1,0,0,0,0,0,2,0
7412,1977,2,2,0,0,0,0,0,0,2,0
7419,1971,11,10,2,0,0,0,1,0,1,0
7419,1972,19,19,2,0,0,0,0,0,4,0
7419,1973,9,8,0,0,0,0,1,0,0,0
7419,1974,10,10,4,1,1,0,0,0,1,0
7419,1975,15,15,4,0,0,0,0,0,1,0
7419,1976,7,7,3,1,0,0,0,0,1,0
7419,1977,5,5,0,0,0,0,0,0,0,0
7419,1978,13,12,5,1,0,0,1,0,0,0
7419,1979,3,3,0,0,0,0,0,0,1,0
7419,1980,1,1,0,0,0,0,0,0,0,0
7427,1983,4,4,0,0,0,0,0,0,0,0
7438,1966,3,3,0,0,0,0,0,0,2,0
7451,1975,3,3,1,0,0,0,0,0,0,0
7451,1976,3,3,1,0,0,0,0,0,1,0
7451,1982,4,4,2,0,0,0,0,0,0,0
7451,1984,6,6,1,0,0,0,0,0,0,0
7466,1980,3,3,1,0,0,0,0,0,0,0
7466,1982,3,3,1,1,0,0,0,0,1,0
7476,1979,3,3,2,0,0,0,0,0,0,0
7476,1981,3,3,0,0,0,0,0,0,1,0
7478,1968,12,11,1,1,0,0,0,0,1,0
7478,1969,11,11,2,1,0,0,0,0,0,0
7478,1970,16,15,3,0,0,0,0,0,1,0
7478,1971,23,23,8,3,0,0,0,0,1,0
7478,1972,8,8,2,1,0,0,0,0,0,0
7478,1973,8,8,1,0,0,0,0,0,0,0
7478,1974,3,1,1,0,0,1,1,1,0,0
7478,1975,9,8,2,2,0,0,0,1,0,0
7478,1976,7,6,3,0,0,0,1,0,0,0
7478,1977,4,4,2,1,0,0,0,0,0,0
7500,1967,8,6,1,0,0,0,2,0,0,0
7500,1968,6,6,2,1,0,0,0,0,3,0
7500,1969,15,15,3,1,0,0,0,0,3,0
7500,1970,4,4,1,0,0,0,0,0,0,0
7500,1972,2,2,0,0,0,0,0,0,0,0
7500,1974,2,2,0,0,0,0,0,0,2,0
7504,1982,3,3,0,0,0,0,0,0,1,0
7504,1984,1,1,0,0,0,0,0,0,1,0
7518,1982,7,7,1,0,0,0,0,0,2,0
7520,1972,4,4,1,0,0,0,0,0,1,0
7520,1973,8,7,2,0,0,0,1,0,2,0
7520,1974,2,2,1,0,0,0,0,0,0,0
7520,1975,7,7,0,0,0,0,0,0,0,0
7520,1976,12,11,1,0,0,1,1,0,3,0
7520,1977,3,3,1,0,0,0,0,0,0,0
7520,1978,4,3,0,0,0,0,1,0,0,0
7520,1979,6,5,1,0,0,0,1,0,1,0
7520,1980,3,3,0,0,0,0,0,0,0,0
7520,1981,6,5,0,0,0,0,1,0,0,0
7566,1974,5,5,1,0,0,1,0,0,0,0
7566,1975,7,6,1,0,0,0,1,0,3,0
7566,1976,4,4,0,0,0,0,0,0,1,0
7566,1977,4,4,0,0,0,0,0,0,1,0
7841,1982,1,1,0,0,0,0,0,0,0,0
7846,1985,8,8,2,0,0,0,0,0,0,0
7846,1986,10,10,3,1,1,0,0,0,2,0
7846,1987,3,3,1,0,0,0,0,0,0,0
7858,1973,7,7,1,0,0,0,0,0,2,0
7858,1974,9,9,4,0,0,2,0,0,1,0
7858,1975,10,7,1,1,0,0,3,0,2,0
7858,1976,16,16,5,0,0,3,0,0,4,0
7858,1981,4,4,1,1,0,0,0,0,2,0
7858,1982,5,4,1,0,0,0,1,0,2,0
7861,1969,13,10,2,0,0,0,1,0,2,2
7861,1970,2,2,1,0,0,0,0,0,0,0
7861,1971,2,2,1,0,0,0,0,0,0,0
7861,1972,11,10,4,1,0,0,1,0,2,0
7878,1975,2,2,0,0,0,0,0,0,2,0
7878,1976,2,2,0,0,0,0,0,0,1,0
7878,1977,2,2,1,0,0,0,0,0,1,0
7878,1978,5,4,0,0,0,0,0,0,1,0
7878,1981,1,1,0,0,0,0,0,0,1,0
7878,1982,5,5,1,1,0,0,0,0,3,0
7897,1971,2,2,2,0,0,0,0,0,0,0
7897,1972,11,10,1,0,0,0,1,0,3,0
7897,1973,6,6,1,1,0,0,0,0,2,0
7897,1974,9,9,4,1,1,0,0,0,0,0
7897,1975,10,10,2,1,0,0,0,0,0,0
7897,1976,20,19,7,0,0,0,1,0,2,0
7897,1977,18,18,3,0,0,0,0,0,1,0
7897,1978,3,3,1,0,0,0,0,0,1,0
7897,1979,7,7,1,0,0,0,0,0,0,0
7897,1980,4,3,1,1,0,0,1,0,0,0
7897,1982,2,2,0,0,0,0,0,0,0,0
7911,1973,2,2,0,0,0,0,0,0,0,0
7914,1985,4,4,1,0,0,0,0,0,0,0
7914,1986,7,7,2,0,0,1,0,0,1,0
7916,1977,1,1,0,0,0,0,0,0,0,0
7920,1976,1,1,0,0,0,0,0,0,0,0
7920,1977,3,3,0,0,0,0,0,0,1,0
7933,1970,3,3,1,0,0,0,0,0,2,0
7933,1976,1,1,0,0,0,0,0,0,0,0
7943,1976,5,5,2,0,0,0,0,0,2,0
7946,1969,3,3,1,0,0,0,0,0,0,0
7946,1972,7,7,2,1,0,0,0,0,2,0
7946,1973,11,9,2,0,0,0,2,0,1,0
7946,1974,14,13,5,2,0,1,1,0,2,0
7946,1975,6,6,0,0,0,0,0,0,2,0
7946,1976,7,5,1,0,0,0,2,0,0,0
7946,1977,7,6,1,0,0,0,1,0,1,0
7946,1978,11,9,1,0,0,0,1,0,1,1
7952,1973,5,5,0,0,0,0,0,0,0,0
7966,1981,1,1,0,0,0,0,0,0,1,0
7967,1981,3,3,0,0,0,0,0,0,0,0
7967,1982,8,7,2,0,0,0,1,0,0,0
7967,1988,5,5,3,1,0,0,0,0,0,0
7969,1977,8,8,4,0,0,2,0,0,2,0
7969,1978,14,13,2,0,1,0,1,0,2,0
7969,1979,9,9,0,0,0,0,0,0,4,0
7969,1980,6,6,1,0,0,0,0,0,2,0
7969,1981,8,8,2,1,0,0,0,0,1,0
7969,1982,12,12,2,0,0,0,0,0,6,0
7969,1983,3,3,1,0,0,0,0,0,0,0
7969,1984,3,3,1,0,0,1,0,0,2,0
7972,1976,1,1,0,0,0,0,0,0,0,0
7977,1966,13,13,6,0,0,0,0,0,1,0
7977,1967,14,13,4,1,1,1,1,0,1,0
7977,1969,20,15,7,0,0,1,5,0,4,0
7977,1970,12,11,1,1,0,0,1,0,3,0
7977,1971,16,15,0,0,0,0,1,0,1,0
7977,1972,7,6,0,0,0,0,1,0,3,0
7977,1973,20,18,4,0,1,0,2,0,1,0
7977,1974,15,12,3,2,0,1,3,0,1,0
7977,1975,9,7,4,0,0,1,2,0,2,0
7977,1976,11,11,1,0,0,1,0,0,2,0
7977,1977,9,5,1,0,0,0,4,0,1,0
7977,1978,6,6,2,1,0,1,0,0,0,0
7977,1979,9,9,0,0,0,0,0,0,1,0
7977,1980,10,7,0,0,0,0,3,0,2,0
7977,1981,11,10,2,1,0,1,1,0,1,0
7977,1982,4,4,1,0,0,0,0,0,1,0
7977,1984,5,2,1,0,0,0,3,0,0,0
8005,1978,6,6,0,0,0,0,0,0,0,0
8017,1970,5,5,1,0,0,1,0,0,2,0
8017,1971,2,2,0,0,0,0,0,0,2,0
8017,1972,5,5,0,0,0,0,0,0,2,0
8017,1974,7,5,0,0,0,0,0,0,2,0
8017,1976,2,2,0,0,0,0,0,0,2,0
8024,1986,3,3,1,0,0,0,0,0,0,0
8024,1987,5,5,2,0,0,0,0,0,1,0
8026,1983,6,6,3,0,0,0,0,0,2,0
8026,1984,6,5,0,0,0,0,1,0,3,0
8026,1985,9,9,2,1,0,0,0,0,1,0
8026,1986,9,9,2,0,0,0,0,0,4,0
8026,1987,7,6,3,0,0,0,1,0,1,0
8029,1979,1,1,0,0,0,0,0,0,0,0
8029,1980,2,1,0,0,0,0,0,0,1,0
8038,1966,4,3,1,0,0,0,0,1,0,0
8038,1967,3,3,1,0,0,0,0,0,0,0
8038,1968,4,4,1,0,0,0,0,0,0,0
8038,1969,4,4,1,0,0,0,0,0,0,0
8039,1984,10,10,4,0,0,3,0,0,0,0
8051,1988,2,2,1,0,0,0,0,0,1,0
8064,1986,3,3,0,0,0,0,0,0,1,0
8067,1983,6,6,3,1,0,0,0,0,2,0
8067,1984,6,6,1,0,1,0,0,0,2,0
8067,1985,10,9,8,3,0,1,1,0,0,0
8067,1986,7,6,1,0,0,1,1,0,0,0
8067,1987,7,7,2,1,0,0,0,0,1,0
8071,1976,5,5,0,0,0,0,0,0,0,0
8071,1977,7,7,3,0,0,0,0,0,0,0
8071,1978,11,11,1,0,0,0,0,0,1,0
8071,1979,3,3,0,0,0,0,0,0,0,0
8071,1980,12,11,2,0,0,0,1,0,2,0
8071,1982,8,7,3,1,0,0,1,0,0,0
8071,1983,3,3,1,0,0,0,0,0,0,0
8096,1975,18,15,4,0,0,0,3,0,2,0
8096,1976,19,15,5,0,0,2,4,0,3,0
8096,1977,7,5,2,0,0,0,2,0,0,0
8096,1978,2,2,2,0,1,0,0,0,0,0
8096,1979,3,3,1,0,0,0,0,0,0,0
8102,1976,4,4,1,1,0,0,0,0,0,0
8102,1977,3,3,0,0,0,0,0,0,2,0
8102,1978,17,16,3,0,0,3,1,0,6,0
8102,1979,6,5,1,0,0,0,1,0,3,0
8102,1980,13,12,2,0,0,0,1,0,1,0
8102,1981,3,3,0,0,0,0,0,0,1,0
8102,1982,5,5,1,0,0,1,0,0,1,0
8102,1988,8,8,2,1,0,0,0,0,5,0
8103,1983,7,6,2,0,0,1,1,0,1,0
8103,1984,5,4,2,0,0,1,1,0,0,0
8103,1986,3,3,2,0,0,0,0,0,0,0
8103,1987,2,2,1,0,0,0,0,0,1,0
8121,1982,7,6,3,2,0,0,1,0,1,0
8121,1983,7,6,1,0,0,0,1,0,1,0
8121,1984,10,8,3,1,0,0,2,0,1,0
8121,1985,14,11,2,0,0,1,2,0,0,1
8121,1986,6,5,1,0,0,0,1,0,0,0
8121,1987,8,8,2,0,0,1,0,0,1,0
8124,1967,1,1,0,0,0,0,0,0,1,0
8124,1969,4,4,0,0,0,0,0,0,2,0
8124,1970,10,9,3,1,0,1,1,0,3,0
8124,1973,2,2,0,0,0,0,0,0,2,0
8124,1974,3,3,0,0,0,0,0,0,1,0
8128,1980,6,6,0,0,0,0,0,0,2,0
8162,1980,6,6,2,0,0,0,0,0,1,0
8180,1970,3,3,0,0,0,0,0,0,1,0
8227,1968,1,1,0,0,0,0,0,0,0,0
8229,1983,6,6,2,0,0,1,0,0,0,0
8229,1984,3,3,0,0,0,0,0,0,1,0
8234,1968,3,3,0,0,0,0,0,0,1,0
8240,1982,7,5,1,0,0,0,2,0,2,0
8240,1983,4,3,0,0,0,0,1,0,1,0
8257,1987,7,6,0,0,0,0,1,0,1,0
8273,1966,3,3,0,0,0,0,0,0,1,0
8275,1983,3,3,0,0,0,0,0,0,0,0
8281,1981,3,2,0,0,0,0,0,0,0,0
8285,1968,1,0,0,0,0,0,0,0,0,0
8285,1969,3,2,0,0,0,0,1,0,0,0
8285,1977,3,3,1,0,0,0,0,0,1,0
8285,1978,2,1,0,0,0,0,0,0,0,0
8287,1967,2,2,0,0,0,0,0,0,1,0
8287,1969,2,2,0,0,0,0,0,0,0,0
8287,1971,6,5,1,0,0,0,0,0,1,0
8287,1972,4,2,0,0,0,0,0,0,0,0
8287,1973,2,2,0,0,0,0,0,0,1,0
8287,1975,5,5,0,0,0,0,0,0,1,0
8287,1977,7,7,2,0,0,0,0,0,0,0
8287,1978,2,2,0,0,0,0,0,0,1,0
8287,1982,2,2,0,0,0,0,0,0,1,0
8317,1987,5,4,1,0,0,0,0,1,0,0
8318,1984,3,2,0,0,0,0,1,0,1,0
8321,1987,4,4,1,0,0,0,0,0,0,0
8329,1987,8,7,2,0,0,2,0,1,0,0
8332,1967,3,3,0,0,0,0,0,0,2,0
8332,1969,2,1,0,0,0,0,0,0,1,0
8332,1971,3,3,1,0,0,0,0,0,0,0
8333,1977,7,6,2,0,0,1,1,0,1,0
8333,1978,8,8,0,0,0,0,0,0,2,0
8333,1979,9,8,0,0,0,0,1,0,1,0
8333,1981,2,2,0,0,0,0,0,0,0,0
8333,1982,1,1,0,0,0,0,0,0,0,0
8333,1983,6,5,1,0,0,0,1,0,2,0
8333,1985,1,1,0,0,0,0,0,0,0,0
8336,1981,1,1,0,0,0,0,0,0,1,0
8351,1971,2,1,0,0,0,0,0,0,0,0
8351,1972,2,2,0,0,0,0,0,0,1,0
8351,1973,3,3,0,0,0,0,0,0,1,0
8351,1974,3,3,1,0,0,0,0,0,2,0
8351,1976,6,5,0,0,0,0,0,0,1,1
8351,1977,2,2,0,0,0,0,0,0,1,0
8351,1978,2,2,2,0,0,0,0,0,0,0
8351,1979,3,3,0,0,0,0,0,0,2,0
8360,1979,11,10,3,1,0,0,1,0,3,0
8360,1980,8,7,1,0,0,0,1,0,0,0
8360,1981,4,3,2,0,0,0,0,0,1,0
8395,1966,2,1,0,0,0,0,0,0,0,0
8397,1967,3,3,0,0,0,0,0,0,1,0
8397,1968,3,3,1,0,0,0,0,0,1,0
8402,1973,1,1,1,0,0,0,0,0,0,0
8402,1974,14,13,2,0,0,0,0,0,0,0
8406,1977,1,1,0,0,0,0,0,0,0,0
8406,1978,4,4,1,0,0,0,0,0,0,0
8406,1979,3,3,0,0,0,0,0,0,0,0
8406,1980,6,5,0,0,0,0,1,0,0,0
8406,1981,5,5,1,0,0,0,0,0,1,0
8406,1982,3,2,1,0,1,0,1,0,0,0
8406,1988,6,5,2,0,0,0,1,0,0,0
8407,1983,3,2,0,0,0,0,0,0,1,0
8412,1987,3,3,0,0,0,0,0,0,0,0
8414,1983,7,6,1,0,0,0,1,0,0,0
8414,1984,6,5,1,0,0,0,0,0,1,1
8414,1985,5,3,0,0,0,0,2,0,0,0
8414,1986,12,11,3,0,0,1,1,0,0,0
8414,1987,8,8,2,0,0,0,0,0,1,0
8425,1967,2,2,1,0,0,0,0,0,0,0
8434,1980,11,11,3,1,0,0,0,0,3,0
8434,1981,2,2,0,0,0,0,0,0,2,0
8434,1982,6,6,1,0,1,0,0,0,1,0
8434,1988,3,2,0,0,0,0,1,0,1,0
8436,1974,15,15,2,0,0,1,0,0,2,0
8436,1975,5,5,0,0,0,0,0,0,1,0
8436,1976,1,1,0,0,0,0,0,0,0,0
8436,1977,19,18,2,1,0,0,0,0,0,1
8436,1978,16,15,4,0,0,1,0,1,1,0
8436,1979,8,7,1,0,0,0,1,0,2,0
8436,1980,9,8,3,1,0,0,1,0,0,0
8443,1985,7,6,3,0,0,0,1,0,0,0
8443,1986,3,3,1,0,0,0,0,0,0,0
8470,1969,11,11,6,0,1,1,0,0,0,0
8470,1970,10,9,1,0,0,0,1,0,1,0
8470,1971,6,6,1,0,0,0,0,0,2,0
8470,1972,11,11,6,0,1,0,0,0,1,0
8470,1973,16,15,5,0,0,1,1,0,1,0
8470,1974,10,10,4,1,0,0,0,0,1,0
8470,1975,15,15,5,0,0,1,0,0,0,0
8470,1976,4,4,2,0,0,0,0,0,0,0
8470,1977,8,7,0,0,0,0,0,0,1,1
8470,1982,8,7,1,0,0,1,1,0,1,0
8470,1985,3,3,0,0,0,0,0,0,0,0
8480,1967,6,6,1,0,0,0,0,0,4,0
8509,1982,3,2,1,0,0,0,1,0,1,0
8509,1987,5,4,0,0,0,0,1,0,0,0
8514,1988,3,2,2,0,0,1,1,0,0,0
8517,1973,1,1,1,0,0,0,0,0,0,0
8517,1974,8,7,2,0,0,1,1,0,2,0
8517,1975,12,10,2,2,0,0,2,0,2,0
8517,1976,2,2,0,0,0,0,0,0,1,0
8517,1977,4,4,0,0,0,0,0,0,0,0
8517,1978,2,2,1,0,0,0,0,0,0,0
8517,1979,3,2,0,0,0,0,1,0,0,0
8518,1988,1,1,0,0,0,0,0,0,0,0
8530,1979,2,2,0,0,0,0,0,0,1,0
8536,1982,2,2,0,0,0,0,0,0,0,0
8536,1983,3,2,0,0,0,0,1,0,0,0
8536,1984,13,12,2,0,0,0,1,0,0,0
8536,1985,7,7,2,0,0,0,0,0,0,0
8536,1986,4,4,1,0,0,0,0,0,1,0
8586,1983,7,7,2,1,0,1,0,0,2,0
8588,1966,2,2,0,0,0,0,0,0,2,0
8591,1977,6,6,2,0,0,1,0,0,2,0
8591,1978,12,12,0,0,0,0,0,0,1,0
8591,1979,8,6,0,0,0,0,0,0,2,0
8591,1980,6,6,1,0,0,0,0,0,0,0
8593,1981,1,0,0,0,0,0,0,0,0,0
8605,1978,3,3,1,0,0,0,0,0,1,0
8605,1979,3,1,0,0,0,0,0,0,0,0
8614,1981,2,2,0,0,0,0,0,0,0,0
8614,1987,3,3,0,0,0,0,0,0,2,0
8616,1983,3,3,0,0,0,0,0,0,0,0
8616,1984,13,12,4,0,0,0,1,0,2,0
8616,1985,3,3,0,0,0,0,0,0,1,0
8616,1986,6,5,0,0,0,0,1,0,0,0
8632,1976,11,10,1,0,0,0,1,0,2,0
8632,1983,2,2,0,0,0,0,0,0,0,0
8632,1984,2,2,1,0,0,0,0,0,1,0
8644,1966,6,6,2,0,0,0,0,0,1,0
8644,1968,4,4,0,0,0,0,0,0,1,0
8644,1969,3,3,2,0,0,1,0,0,0,0
8644,1970,4,4,0,0,0,0,0,0,1,0
8644,1971,3,3,0,0,0,0,0,0,1,0
8644,1972,1,1,0,0,0,0,0,0,0,0
8647,1983,1,0,0,0,0,0,1,0,0,0
8650,1966,10,9,0,0,0,0,0,0,1,1
8650,1967,5,5,2,0,0,0,0,0,1,0
8651,1984,3,3,1,1,0,0,0,0,1,0
8651,1985,2,2,0,0,0,0,0,0,1,0
8651,1986,7,6,2,0,0,2,1,0,0,0
8651,1987,7,7,3,0,0,3,0,0,2,0
8674,1988,3,2,1,0,0,0,1,0,0,0
8685,1978,4,3,2,0,0,0,1,0,0,0
8687,1966,5,4,1,0,0,0,0,0,3,0
8687,1968,1,1,1,0,0,0,0,0,0,0
8687,1971,2,2,2,0,0,0,0,0,0,0
8687,1973,2,2,0,0,0,0,0,0,2,0
8689,1985,3,3,1,0,0,0,0,0,0,0
8706,1973,4,4,1,1,0,0,0,0,2,0
8706,1975,13,13,4,0,0,0,0,0,1,0
8706,1976,7,7,1,0,0,1,0,0,1,0
8706,1977,8,8,0,0,0,0,0,0,4,0
8706,1978,15,14,3,0,1,1,1,0,5,0
8706,1979,9,8,1,0,0,1,1,0,2,0
8706,1980,6,6,1,0,0,0,0,0,1,0
8706,1981,4,4,1,0,0,0,0,0,0,0
8706,1982,11,11,4,1,0,0,0,0,2,0
8727,1982,4,4,0,0,0,0,0,0,3,0
8727,1983,7,7,1,1,0,0,0,0,2,0
8727,1984,3,3,1,0,0,0,0,0,1,0
8727,1985,5,4,2,1,0,0,1,0,0,0
8727,1986,3,3,1,1,0,0,0,0,1,0
8727,1988,6,6,3,1,0,0,0,0,1,0
8728,1975,8,8,1,1,0,0,0,0,1,0
8728,1976,7,6,1,1,0,0,1,0,0,0
8728,1977,5,5,2,1,0,0,0,0,0,0
8728,1978,11,10,3,1,0,0,1,0,3,0
8728,1979,6,6,3,1,0,0,0,0,1,0
8728,1980,6,6,1,0,0,0,0,0,2,0
8728,1981,3,3,0,0,0,0,0,0,0,0
8728,1983,8,7,3,2,0,0,1,0,0,0
8728,1984,7,7,1,0,0,1,0,0,2,0
8728,1985,3,3,0,0,0,0,0,0,0,0
8728,1986,11,10,1,0,0,1,1,0,1,0
8728,1987,8,7,2,0,0,0,1,0,2,0
8743,1986,4,3,0,0,0,0,1,0,0,0
8743,1987,4,3,2,0,0,1,1,0,0,0
8746,1979,1,1,0,0,0,0,0,0,1,0
8746,1982,2,2,0,0,0,0,0,0,1,0
8749,1968,3,3,2,0,0,0,0,0,1,0
8749,1969,6,6,2,0,0,1,0,0,0,0
8749,1970,7,6,0,0,0,0,1,0,2,0
8786,1966,1,1,0,0,0,0,0,0,0,0
8786,1967,2,2,0,0,0,0,0,0,1,0
8808,1986,1,0,0,0,0,0,1,0,0,0
8808,1987,1,1,1,0,0,0,0,0,0,0
8849,1968,6,6,2,0,0,0,0,0,0,0
8849,1969,10,9,1,0,0,0,1,0,1,0
8850,1981,3,1,1,0,1,0,2,0,0,0
8850,1982,10,10,2,0,0,0,0,0,1,0
8850,1988,3,3,1,0,0,0,0,0,1,0
8857,1988,3,3,1,0,0,0,0,0,0,0
8867,1970,8,7,2,0,1,1,1,0,0,0
8867,1973,4,4,0,0,0,0,0,0,0,0
8882,1982,1,1,0,0,0,0,0,0,0,0
8882,1983,7,7,2,0,0,0,0,0,0,0
8882,1984,12,12,3,1,0,0,0,0,0,0
8882,1985,7,7,1,0,0,0,0,0,0,0
8882,1986,2,2,0,0,0,0,0,0,0,0
8916,1971,12,11,1,1,0,0,0,0,2,0
8916,1972,6,6,1,0,0,0,0,0,1,0
8916,1973,4,3,1,0,0,0,0,0,0,1
8916,1974,14,14,2,1,0,0,0,0,3,0
8916,1975,6,4,1,0,0,0,1,0,1,0
8916,1976,9,8,2,0,0,0,1,0,0,0
8926,1966,3,3,1,0,0,1,0,0,2,0
8926,1967,9,9,1,0,0,0,0,0,2,0
8926,1968,12,11,4,2,0,0,1,0,0,0
8926,1969,14,13,2,1,0,0,1,0,5,0
8926,1970,15,13,4,1,0,0,1,0,5,1
8926,1971,11,10,1,0,0,0,1,0,5,0
8926,1972,7,7,1,0,0,0,0,0,2,0
8926,1973,19,17,6,4,0,1,2,0,6,0
8926,1974,14,12,1,0,0,1,2,0,3,0
8926,1975,12,12,0,0,0,0,0,0,3,0
8926,1976,13,11,3,0,0,1,1,1,3,0
8926,1977,8,7,4,1,0,0,1,0,0,0
8926,1978,8,7,2,1,0,0,1,0,2,0
8926,1979,3,3,0,0,0,0,0,0,0,0
8935,1978,3,3,1,0,0,0,0,0,0,0
8935,1979,1,1,0,0,0,0,0,0,1,0
8935,1980,6,6,3,0,0,0,0,0,0,0
8935,1981,7,7,1,0,0,0,0,0,0,0
8935,1982,9,7,0,0,0,0,1,0,1,1
8935,1983,7,7,0,0,0,0,0,0,3,0
8946,1988,6,6,2,0,0,0,0,0,1,0
8947,1966,6,5,0,0,0,0,0,0,1,0
8947,1967,3,3,0,0,0,0,0,0,1,0
8947,1968,3,3,0,0,0,0,0,0,1,0
8947,1969,3,2,0,0,0,0,0,0,0,0
8947,1970,2,2,0,0,0,0,0,0,2,0
8947,1971,6,4,1,0,0,0,0,0,1,0
8947,1978,4,3,0,0,0,0,0,0,0,0
8947,1981,1,1,0,0,0,0,0,0,0,0
8964,1966,1,1,0,0,0,0,0,0,0,0
8987,1986,11,11,1,0,0,0,0,0,0,0
8994,1984,7,7,2,0,0,0,0,0,2,0
8994,1985,7,7,1,0,0,0,0,0,2,0
9000,1969,4,4,1,0,0,0,0,0,1,0
9007,1984,6,5,2,1,0,0,1,0,2,0
9007,1985,6,4,0,0,0,0,2,0,2,0
9007,1986,3,2,1,0,0,0,1,0,0,0
9007,1987,8,8,0,0,0,0,0,0,0,0
9011,1966,14,13,4,0,0,1,1,0,8,0
9011,1967,10,8,3,1,0,1,1,1,2,0
9011,1968,6,5,2,0,0,0,1,0,1,0
9011,1969,2,2,0,0,0,0,0,0,2,0
9025,1974,5,5,1,0,0,0,0,0,1,0
9025,1975,15,14,3,1,0,0,1,0,2,0
9025,1976,6,6,1,1,0,0,0,0,2,0
9025,1977,1,1,0,0,0,0,0,0,1,0
9025,1978,1,1,0,0,0,0,0,0,0,0
9025,1979,3,2,0,0,0,0,1,0,0,0
9025,1980,3,3,0,0,0,0,0,0,0,0
9027,1983,5,4,1,0,1,0,1,0,0,0
9027,1984,1,0,0,0,0,0,1,0,0,0
9033,1971,2,2,0,0,0,0,0,0,1,0
9037,1984,3,3,0,0,0,0,0,0,1,0
9052,1974,1,1,0,0,0,0,0,0,0,0
9074,1966,15,15,1,1,0,0,0,0,5,0
9074,1967,10,10,1,0,0,0,0,0,3,0
9074,1968,11,9,4,1,0,1,1,0,1,1
9074,1969,4,3,0,0,0,0,0,0,1,1
9093,1968,1,1,0,0,0,0,0,0,1,0
9106,1973,4,4,0,0,0,0,0,0,3,0
9112,1975,3,3,0,0,0,0,0,0,0,0
9112,1976,4,3,1,1,0,0,1,0,1,0
9112,1977,3,3,1,0,0,0,0,0,2,0
9112,1978,11,8,3,0,0,0,3,0,0,0
9112,1979,1,1,1,1,0,0,0,0,0,0
9112,1980,1,1,0,0,0,0,0,0,0,0
9112,1981,2,2,0,0,0,0,0,0,2,0
9113,1969,1,1,0,0,0,0,0,0,0,0
9128,1987,5,5,0,0,0,0,0,0,1,0
9140,1967,7,7,2,0,0,0,0,0,1,0
9140,1974,2,2,1,0,0,0,0,0,1,0
9150,1981,1,1,0,0,0,0,0,0,0,0
9150,1982,3,3,1,0,0,0,0,0,0,0
9150,1986,3,3,0,0,0,0,0,0,2,0
9175,1983,5,5,1,0,0,1,0,0,0,0
9195,1984,6,6,0,0,0,0,0,0,4,0
9195,1985,9,7,4,1,0,2,2,0,1,0
9195,1986,6,6,3,0,1,0,0,0,2,0
9195,1987,8,8,2,1,0,0,0,0,2,0
9199,1980,1,1,1,0,0,0,0,0,0,0
9223,1984,6,6,0,0,0,0,0,0,0,0
9223,1985,5,5,0,0,0,0,0,0,1,0
9225,1984,6,6,1,0,0,0,0,0,1,0
9225,1985,5,4,0,0,0,0,1,0,0,0
9225,1986,15,15,6,0,0,2,0,0,2,0
9225,1987,9,8,4,0,0,0,0,1,0,0
9230,1977,12,11,6,2,1,0,0,0,1,0
9230,1978,9,9,4,3,0,0,0,0,1,0
9230,1979,10,9,2,1,0,0,1,0,1,0
9230,1980,10,10,3,1,0,1,0,0,1,0
9234,1977,3,3,0,0,0,0,0,0,0,0
9234,1978,3,3,0,0,0,0,0,0,2,0
9234,1980,2,2,1,0,0,0,0,0,0,0
9249,1983,6,6,1,0,0,0,0,0,0,0
9249,1984,6,5,1,0,0,0,0,0,0,1
9256,1969,6,6,2,0,0,0,0,0,0,0
9259,1966,7,5,0,0,0,0,2,0,0,0
9274,1986,2,2,1,1,0,0,0,0,0,0
9274,1987,5,5,3,1,0,1,0,0,0,0
9281,1986,6,6,1,0,0,0,0,0,1,0
9281,1987,4,4,1,0,0,0,0,0,2,0
9291,1972,16,16,2,1,0,0,0,0,1,0
9291,1973,11,10,3,0,0,0,1,0,0,0
9291,1974,6,6,1,0,0,0,0,0,1,0
9291,1975,12,11,4,1,0,0,1,0,1,0
9291,1976,12,11,3,1,0,0,1,0,0,0
9291,1977,4,4,1,1,0,0,0,0,0,0
9292,1967,4,4,2,0,0,0,0,0,0,0
9292,1969,16,13,4,1,0,0,2,1,3,0
9292,1970,6,5,1,1,0,0,1,0,1,0
9292,1971,6,5,0,0,0,0,1,0,2,0
9292,1972,17,16,1,0,0,1,1,0,8,0
9292,1973,8,5,1,0,0,1,3,0,3,0
9292,1974,13,11,3,0,0,1,2,0,1,0
9292,1975,14,14,3,0,0,0,0,0,4,0
9292,1976,10,9,1,0,0,1,1,0,5,0
9292,1977,7,6,0,0,0,0,1,0,1,0
9306,1981,4,4,2,0,0,1,0,0,0,0
9306,1982,10,8,3,1,0,0,2,0,1,0
9345,1980,11,10,2,0,0,0,0,1,1,0
9345,1981,5,5,0,0,0,0,0,0,1,0
9345,1982,5,5,2,0,0,0,0,0,0,0
9345,1988,5,5,1,0,0,0,0,0,1,0
9357,1985,6,6,1,0,0,0,0,0,1,0
9366,1980,3,3,0,0,0,0,0,0,1,0
9366,1982,3,3,0,0,0,0,0,0,1,0
9370,1982,3,3,1,0,0,1,0,0,1,0
9378,1977,4,2,1,0,1,0,2,0,0,0
9378,1978,3,3,0,0,0,0,0,0,0,0
9378,1980,11,11,5,0,0,1,0,0,0,0
9381,1982,4,4,1,0,0,0,0,0,1,0
9381,1983,3,3,1,1,0,0,0,0,0,0
9381,1984,3,3,0,0,0,0,0,0,0,0
9381,1985,2,1,0,0,0,0,1,0,0,0
9381,1986,6,5,1,0,0,0,0,0,1,0
9381,1987,6,6,3,1,0,0,0,0,0,0
9392,1988,4,3,0,0,0,0,0,0,1,1
9412,1988,2,2,0,0,0,0,0,0,0,0
9415,1982,11,11,3,0,0,0,0,0,2,0
9421,1984,3,3,0,0,0,0,0,0,2,0
9421,1985,6,6,3,0,0,1,0,0,0,0
9421,1986,2,2,0,0,0,0,0,0,0,0
9426,1988,6,5,1,0,0,0,1,0,0,0
9466,1971,7,6,0,0,0,0,0,0,2,0
9466,1974,2,2,0,0,0,0,0,0,1,0
9491,1974,10,10,3,1,0,0,0,0,0,0
9491,1975,7,7,0,0,0,0,0,0,0,0
9491,1976,17,16,2,0,0,0,1,0,0,0
9491,1977,6,5,1,1,0,0,0,1,1,0
9491,1978,11,10,2,0,0,1,0,1,0,0
9491,1980,6,5,0,0,0,0,0,0,1,0
9498,1982,4,4,1,0,0,0,0,0,1,0
9498,1983,6,6,2,0,0,0,0,0,0,0
9506,1974,1,1,0,0,0,0,0,0,0,0
9506,1975,3,3,2,0,0,0,0,0,1,0
9506,1976,2,2,0,0,0,0,0,0,0,0
9515,1974,1,0,0,0,0,0,1,0,0,0
9515,1976,1,1,1,0,0,1,0,0,0,0
9515,1977,3,2,1,0,0,0,1,0,0,0
9517,1970,3,3,0,0,0,0,0,0,3,0
9517,1971,4,1,0,0,0,0,2,0,1,0
9517,1972,4,4,0,0,0,0,0,0,2,0
9517,1973,2,2,0,0,0,0,0,0,1,0
9517,1975,3,2,0,0,0,0,1,0,1,0
9517,1976,2,2,1,0,0,0,0,0,1,0
9519,1974,2,2,0,0,0,0,0,0,1,0
9519,1977,1,1,0,0,0,0,0,0,0,0
9519,1979,4,3,0,0,0,0,0,0,1,0
9519,1980,5,4,0,0,0,0,0,0,2,0
9544,1979,10,9,1,0,0,0,0,0,1,0
9544,1980,10,9,3,0,0,0,1,0,0,0
9545,1978,1,1,0,0,0,0,0,0,0,0
9547,1985,2,2,0,0,0,0,0,0,0,0
9547,1986,2,2,0,0,0,0,0,0,1,0
9547,1987,5,5,1,0,0,0,0,0,0,0
9548,1972,3,3,0,0,0,0,0,0,0,0
9552,1988,2,2,1,0,0,0,0,0,0,0
9561,1981,3,3,1,0,0,0,0,0,1,0
9561,1982,2,2,0,0,0,0,0,0,0,0
9562,1982,2,2,0,0,0,0,0,0,1,0
9570,1982,4,4,1,0,0,1,0,0,1,0
9570,1983,6,5,1,0,0,0,0,1,0,0
9570,1984,11,10,4,0,0,1,0,0,1,1
9570,1985,7,7,1,0,0,0,0,0,1,0
9570,1986,6,6,2,0,0,0,0,0,0,0
9580,1977,16,15,5,0,0,1,1,0,5,0
9580,1978,10,10,1,0,0,0,0,0,2,0
9580,1979,15,15,6,2,0,0,0,0,1,0
9580,1980,9,9,2,0,0,0,0,0,1,0
9580,1981,7,6,3,0,2,0,0,0,0,0
9580,1982,14,14,4,0,2,0,0,0,2,0
9585,1974,3,3,0,0,0,0,0,0,2,0
9585,1978,3,3,1,0,0,0,0,0,2,0
9595,1967,3,3,1,1,0,0,0,0,1,0
9595,1968,2,2,1,0,0,0,0,0,0,0
9595,1969,1,1,1,0,0,0,0,0,0,0
9616,1985,3,3,2,0,0,0,0,0,0,0
9616,1986,11,9,4,1,0,0,1,0,0,1
9616,1987,6,5,1,0,0,0,1,0,1,0
9630,1987,6,5,1,0,0,0,1,0,0,0
9631,1982,7,7,0,0,0,0,0,0,1,0
9631,1983,7,6,1,0,0,1,1,0,3,0
9631,1984,10,10,3,1,0,0,0,0,1,0
9631,1985,14,12,4,1,0,1,2,0,2,0
9631,1986,6,5,1,0,0,1,1,0,1,0
9631,1987,8,7,2,0,0,0,1,0,0,0
9632,1980,2,2,1,0,0,0,0,0,0,0
9632,1982,2,2,0,0,0,0,0,0,0,0
9658,1983,8,7,2,0,0,0,0,0,0,1
9680,1983,3,3,1,0,0,0,0,0,1,0
9684,1970,10,9,1,0,0,0,1,0,7,0
9684,1971,3,2,0,0,0,0,1,0,2,0
9684,1972,8,8,0,0,0,0,0,0,5,0
9684,1973,10,9,2,1,0,0,1,0,3,0
9684,1975,1,1,0,0,0,0,0,0,1,0
9692,1971,8,8,2,0,0,0,0,0,1,0
9692,1972,3,2,0,0,0,0,1,0,0,0
9692,1979,1,1,0,0,0,0,0,0,1,0
9693,1972,11,11,0,0,0,0,0,0,1,0
9693,1973,13,13,1,0,0,0,0,0,3,0
9693,1974,5,4,0,0,0,0,1,0,0,0
9693,1977,4,4,1,0,0,0,0,0,0,0
9712,1966,1,1,0,0,0,0,0,0,1,0
9717,1986,3,3,0,0,0,0,0,0,0,0
9717,1987,3,3,0,0,0,0,0,0,1,0
9718,1972,1,1,0,0,0,0,0,0,1,0
9718,1973,2,2,0,0,0,0,0,0,1,0
9718,1974,3,3,1,0,0,0,0,0,2,0
9718,1976,6,6,1,0,0,1,0,0,2,0
9718,1977,6,6,2,1,0,1,0,0,2,0
9718,1978,10,10,2,1,0,0,0,0,3,0
9718,1979,2,2,2,1,0,0,0,0,0,0
9724,1973,2,2,0,0,0,0,0,0,0,0
9724,1974,16,15,2,0,0,0,0,0,1,0
9724,1977,2,2,0,0,0,0,0,0,2,0
9725,1978,4,4,1,0,0,0,0,0,1,0
9729,1970,5,4,2,0,0,0,1,0,1,0
9731,1967,4,4,1,0,0,0,0,0,1,0
9744,1970,7,7,1,0,0,0,0,0,3,0
9754,1977,8,6,2,0,0,0,1,0,1,0
9754,1978,10,10,0,0,0,0,0,0,1,0
9829,1976,4,2,0,0,0,0,1,0,0,1
9829,1982,3,3,1,0,0,0,0,0,1,0
9829,1983,3,3,0,0,0,0,0,0,0,0
9829,1986,2,2,0,0,0,0,0,0,1,0
9831,1983,3,3,0,0,0,0,0,0,0,0
9843,1975,2,1,1,0,1,0,1,0,0,0
9843,1976,3,3,1,0,0,0,0,0,1,0
9843,1977,2,2,1,0,0,0,0,0,0,0
9843,1978,4,3,0,0,0,0,0,0,0,0
9843,1980,3,3,0,0,0,0,0,0,1,0
9843,1982,3,3,0,0,0,0,0,0,1,0
9848,1973,2,2,0,0,0,0,0,0,1,0
9848,1974,1,1,0,0,0,0,0,0,1,0
9855,1966,10,9,3,0,0,0,1,0,1,0
9855,1967,10,10,4,0,0,0,0,0,0,0
9855,1968,4,4,0,0,0,0,0,0,2,0
9855,1969,15,15,3,0,0,0,0,0,0,0
9884,1986,2,1,0,0,0,0,0,0,0,0
9884,1987,2,2,1,0,0,0,0,0,0,0
9903,1982,1,1,0,0,0,0,0,0,0,0
9907,1976,3,1,0,0,0,0,0,0,1,0
9915,1977,4,4,0,0,0,0,0,0,2,0
9932,1971,7,7,2,0,0,0,0,0,1,0
9946,1974,2,2,1,0,0,0,0,0,1,0
9946,1976,8,8,3,0,0,0,0,0,0,0
9946,1977,2,1,0,0,0,0,1,0,0,0
9951,1966,16,14,3,0,0,0,2,0,2,0
9951,1967,7,4,1,0,0,0,3,0,0,0
9951,1968,12,11,5,1,1,0,1,0,0,0
9951,1969,14,13,5,1,0,0,0,1,2,0
9951,1970,17,16,7,1,1,2,1,0,3,0
9951,1971,11,11,1,0,0,1,0,0,3,0
9951,1972,8,7,4,2,0,1,0,0,0,0
9951,1973,21,20,9,2,0,0,1,0,2,0
9951,1974,16,15,2,1,0,0,1,0,0,0
9951,1975,13,13,5,2,0,0,0,0,0,0
9951,1976,16,14,4,1,0,0,2,0,1,0
9951,1977,11,11,3,2,0,0,0,0,0,0
9951,1978,13,12,5,1,0,0,0,0,0,1
9951,1979,5,4,1,1,0,0,1,0,0,0
9951,1980,3,3,1,0,0,0,0,0,1,0
9951,1981,7,6,4,0,0,0,1,0,0,0
9951,1982,4,3,0,0,0,0,1,0,1,0
9961,1970,1,1,1,0,0,0,0,0,0,0
9961,1972,1,1,0,0,0,0,0,0,0,0
9961,1973,1,1,0,0,0,0,0,0,1,0
9987,1976,13,13,1,0,0,0,0,0,1,0
9987,1977,12,12,3,0,0,0,0,0,1,0
9987,1978,16,15,3,0,0,1,0,0,0,0
9987,1979,15,14,4,1,0,0,0,0,0,0
9987,1980,8,8,1,0,0,0,0,0,0,0
9990,1969,1,1,1,0,0,0,0,0,0,0
10000,1973,2,2,0,0,0,0,0,0,1,0
10004,1988,2,2,1,0,0,0,0,0,0,0
10012,1966,4,4,0,0,0,0,0,0,0,0
10012,1967,5,5,0,0,0,0,0,0,3,0
10012,1968,5,4,1,0,0,0,1,0,0,0
10012,1969,2,2,1,0,0,0,0,0,0,0
10037,1981,7,7,1,0,0,0,0,0,3,0
10037,1982,12,9,2,0,0,0,3,0,0,0
10044,1974,2,2,1,0,0,0,0,0,0,0
10044,1977,2,2,0,0,0,0,0,0,0,0
10044,1978,3,3,1,0,0,0,0,0,1,0
10044,1981,2,1,0,0,0,0,0,0,0,0
10058,1968,3,3,0,0,0,0,0,0,2,0
10058,1969,8,8,2,0,0,0,0,0,1,0
10059,1971,2,2,0,0,0,0,0,0,0,0
10059,1980,4,4,1,0,0,1,0,0,2,0
10073,1988,4,3,1,0,0,0,0,0,0,0
10077,1977,3,3,1,0,0,0,0,0,0,0
10077,1978,3,3,0,0,0,0,0,0,0,0
10077,1979,3,3,0,0,0,0,0,0,2,0
10077,1980,3,3,0,0,0,0,0,0,1,0
10078,1967,3,3,0,0,0,0,0,0,1,0
10078,1969,1,1,0,0,0,0,0,0,1,0
10078,1971,3,3,1,0,0,0,0,0,1,0
10078,1972,1,1,0,0,0,0,0,0,0,0
10078,1973,2,2,0,0,0,0,0,0,0,0
10098,1983,4,4,1,0,0,0,0,0,1,0
10099,1987,6,6,2,0,0,0,0,0,1,0
10106,1980,6,6,1,0,1,0,0,0,1,0
10106,1981,10,10,2,0,0,0,0,0,1,0
10106,1982,12,12,6,1,0,1,0,0,1,0
10106,1985,6,6,3,0,0,1,0,0,1,0
10107,1985,6,6,2,0,0,1,0,0,1,0
10107,1986,6,4,1,0,0,1,1,0,0,1
10107,1987,5,5,2,0,0,0,0,0,0,0
10123,1983,7,6,2,1,0,0,1,0,0,0
10123,1984,7,7,4,0,0,0,0,0,1,0
10123,1985,2,2,1,0,0,0,0,0,0,0
10129,1988,6,6,2,0,0,0,0,0,0,0
10184,1982,11,10,3,1,0,0,1,0,2,0
10184,1988,3,3,0,0,0,0,0,0,0,0
10187,1980,2,2,0,0,0,0,0,0,2,0
10193,1969,8,7,1,0,0,0,1,0,2,0
10193,1970,8,7,2,0,0,0,1,0,2,0
10193,1971,5,5,4,1,0,0,0,0,0,0
10193,1972,11,11,2,1,0,0,0,0,0,0
10193,1973,16,16,4,1,0,1,0,0,4,0
10193,1974,10,9,1,0,0,0,0,1,1,0
10193,1975,12,12,7,1,0,0,0,0,0,0
10193,1976,3,3,1,1,0,0,0,0,0,0
10193,1978,1,1,0,0,0,0,0,0,0,0
10203,1988,7,6,2,0,0,0,0,0,0,1
10226,1966,12,10,2,1,1,0,2,0,1,0
10226,1967,12,12,4,2,0,0,0,0,0,0
10226,1968,9,8,3,0,0,1,1,0,4,0
10226,1969,12,12,4,0,0,0,0,0,3,0
10226,1970,4,3,0,0,0,0,1,0,1,0
10226,1971,3,2,1,0,0,0,1,0,0,0
10226,1973,7,6,3,0,0,0,1,0,1,0
10235,1982,2,2,0,0,0,0,0,0,0,0
10255,1966,4,4,0,0,0,0,0,0,0,0
10255,1967,4,3,2,0,0,0,1,0,0,0
10255,1969,4,3,1,0,0,0,1,0,1,0
10262,1981,3,3,1,0,0,1,0,0,0,0
10262,1982,14,12,3,0,0,0,2,0,2,0
10268,1975,4,4,1,0,0,1,0,0,0,0
10273,1978,3,3,0,0,0,0,0,0,1,0
10290,1973,3,3,0,0,0,0,0,0,0,0
10316,1973,3,3,0,0,0,0,0,0,1,0
10316,1974,13,10,3,0,0,0,3,0,1,0
10316,1975,3,3,0,0,0,0,0,0,3,0
10316,1976,4,3,1,0,0,0,1,0,2,0
10316,1977,14,12,1,0,0,0,1,0,5,1
10316,1978,8,8,1,0,0,1,0,0,2,0
10316,1979,5,3,2,0,0,2,2,0,0,0
10316,1980,3,2,1,0,0,0,1,0,0,0
10316,1981,6,5,1,0,0,0,1,0,1,0
10316,1982,4,3,2,0,0,0,1,0,0,0
10316,1988,6,5,1,0,0,0,1,0,0,0
10322,1974,2,2,1,0,0,0,0,0,0,0
10324,1984,3,3,0,0,0,0,0,0,1,0
10324,1985,10,9,2,0,0,0,1,0,2,0
10325,1968,2,2,1,0,0,0,0,0,1,0
10325,1971,1,1,0,0,0,0,0,0,0,0
10334,1986,3,3,0,0,0,0,0,0,1,0
10334,1987,4,4,2,0,0,2,0,0,2,0
10335,1967,5,5,2,0,0,0,0,0,2,0
10371,1981,9,8,0,0,0,0,1,0,1,0
10371,1982,13,12,2,0,0,1,0,0,4,0
10372,1983,16,15,4,0,0,1,0,0,2,0
10372,1984,2,2,1,0,0,0,0,0,1,0
10375,1984,3,3,1,0,0,0,0,0,2,0
10381,1975,1,1,0,0,0,0,0,0,0,0
10383,1982,2,2,0,0,0,0,0,0,1,0
10386,1979,6,6,0,0,0,0,0,0,1,0
10386,1980,10,9,1,1,0,0,1,0,1,0
10386,1981,4,4,2,0,0,0,0,0,1,0
10387,1981,7,7,3,0,0,0,0,0,1,0
10400,1982,1,1,0,0,0,0,0,0,0,0
10414,1968,7,5,1,0,0,0,0,0,1,0
10414,1969,3,3,1,0,0,0,0,0,1,0
10414,1970,5,5,1,0,0,0,0,0,1,0
10414,1971,2,2,0,0,0,0,0,0,1,0
10414,1978,3,3,1,0,0,0,0,0,1,0
10414,1979,4,4,1,0,0,0,0,0,1,0
10414,1981,2,2,0,0,0,0,0,0,1,0
10437,1986,4,3,0,0,0,0,1,0,0,0
10437,1987,7,7,2,0,0,0,0,0,0,0
10445,1972,1,1,0,0,0,0,0,0,1,0
10490,1966,7,7,1,0,0,1,0,0,1,0
10490,1967,3,3,0,0,0,0,0,0,1,0
10490,1968,5,5,0,0,0,0,0,0,2,0
10490,1969,10,8,4,1,0,1,2,0,0,0
10490,1970,9,6,0,0,0,0,3,0,1,0
10490,1971,8,8,2,1,1,0,0,0,1,0
10494,1966,8,7,2,0,0,0,1,0,2,0
10494,1967,8,7,2,0,0,0,0,1,0,0
10494,1968,15,14,3,0,0,0,1,0,3,0
10494,1969,3,2,0,0,0,0,1,0,0,0
10499,1987,2,1,0,0,0,0,1,0,1,0
10504,1967,1,1,0,0,0,0,0,0,1,0
10519,1985,13,13,3,0,0,0,0,0,2,0
10519,1986,5,5,1,0,0,0,0,0,1,0
10519,1987,7,7,3,1,0,0,0,0,0,0
10526,1985,2,2,0,0,0,0,0,0,0,0
10526,1986,3,3,1,0,0,0,0,0,0,0
10534,1986,1,1,0,0,0,0,0,0,0,0
10541,1983,8,8,4,1,1,0,0,0,2,0
10541,1984,14,14,3,0,0,1,0,0,3,0
10541,1985,5,4,2,0,0,0,1,0,2,0
10541,1986,6,6,0,0,0,0,0,0,1,0
10541,1987,8,8,0,0,0,0,0,0,0,0
10560,1977,2,1,0,0,0,0,1,0,0,0
10560,1979,6,5,0,0,0,0,0,0,2,0
10560,1980,1,1,0,0,0,0,0,0,1,0
10560,1981,2,2,1,0,0,0,0,0,1,0
10569,1966,2,2,0,0,0,0,0,0,1,0
10569,1967,3,3,1,0,0,0,0,0,0,0
10591,1986,11,11,3,0,0,0,0,0,1,0
10591,1987,8,8,2,0,0,1,0,0,1,0
10606,1984,4,4,3,0,0,0,0,0,0,0
10606,1985,3,3,0,0,0,0,0,0,0,0
10608,1970,9,9,1,0,0,0,0,0,2,0
10608,1971,7,7,3,1,1,0,0,0,2,0
10608,1972,12,10,2,1,0,0,0,1,1,1
10608,1973,7,6,1,0,0,0,0,1,2,0
10608,1974,13,11,2,1,0,0,1,1,0,0
10608,1975,8,6,3,1,0,0,2,0,0,0
10608,1976,11,10,2,1,0,0,1,0,0,0
10608,1977,3,3,2,0,0,0,0,0,0,0
10608,1978,11,8,1,1,0,0,3,0,2,0
10608,1979,3,3,1,0,0,1,0,0,0,0
10608,1980,7,7,1,0,0,1,0,0,1,0
10608,1985,7,7,2,1,0,0,0,0,2,0
10616,1968,4,4,0,0,0,0,0,0,3,0
10620,1970,3,3,1,0,0,0,0,0,0,0
10620,1971,2,1,0,0,0,0,0,0,1,0
10622,1966,1,1,0,0,0,0,0,0,1,0
10631,1970,7,6,0,0,0,0,1,0,1,0
10631,1971,6,5,0,0,0,0,1,0,1,0
10631,1972,11,9,1,0,0,0,2,0,1,0
10631,1973,9,9,2,0,0,0,0,0,3,0
10631,1974,5,4,2,0,0,0,1,0,0,0
10631,1982,8,7,1,0,0,0,1,0,0,0
10631,1983,7,7,1,0,0,1,0,0,2,0
10631,1984,10,9,6,0,0,0,1,0,0,0
10633,1969,4,4,1,0,0,1,0,0,1,0
10642,1968,1,1,0,0,0,0,0,0,1,0
10642,1969,3,2,1,0,0,0,0,0,1,0
10648,1971,3,3,0,0,0,0,0,0,1,0
10648,1972,12,12,5,0,0,0,0,0,2,0
10648,1973,7,7,2,0,0,0,0,0,0,0
10648,1974,11,10,2,1,0,0,1,0,3,0
10648,1975,8,7,2,1,0,0,1,0,1,0
10648,1977,9,9,2,0,0,0,0,0,0,0
10648,1978,3,3,1,0,0,0,0,0,0,0
10648,1979,3,3,0,0,0,0,0,0,0,0
10654,1966,1,1,0,0,0,0,0,0,1,0
10655,1985,5,5,3,1,0,1,0,0,0,0
10655,1986,2,2,1,0,0,0,0,0,0,0
10655,1987,2,0,0,0,0,0,1,0,0,1
10671,1984,12,10,4,1,0,0,2,0,1,0
10671,1985,5,5,2,1,0,0,0,0,0,0
10671,1986,3,3,2,0,0,0,0,0,0,0
10671,1987,5,4,2,1,0,0,0,0,0,0
10678,1971,1,1,0,0,0,0,0,0,0,0
10686,1982,6,5,1,1,0,0,1,0,1,0
10686,1983,7,6,0,0,0,0,1,0,1,0
10686,1984,3,3,1,1,0,0,0,0,0,0
10686,1985,6,5,0,0,0,0,1,0,2,0
10686,1986,12,11,3,0,0,0,1,0,0,0
10686,1987,5,4,1,0,0,0,0,0,0,1
10698,1981,7,6,2,0,0,0,1,0,2,0
10714,1966,9,9,1,0,0,0,0,0,0,0
10745,1981,1,1,0,0,0,0,0,0,0,0
10745,1982,1,1,0,0,0,0,0,0,1,0
10747,1980,3,3,0,0,0,0,0,0,3,0
10747,1982,4,4,1,0,0,0,0,0,2,0
10747,1985,11,9,2,0,0,0,2,0,2,0
10747,1986,8,6,2,1,0,1,1,1,1,0
10758,1978,10,9,1,0,0,0,0,0,2,0
10758,1979,11,10,2,1,0,0,1,0,2,0
10758,1980,12,12,3,0,1,0,0,0,3,0
10758,1981,10,10,0,0,0,0,0,0,2,0
10758,1988,3,3,0,0,0,0,0,0,1,0
10759,1988,2,1,0,0,0,0,0,0,0,0
10767,1974,11,10,2,1,0,1,1,0,1,0
10767,1975,4,4,3,1,0,0,0,0,1,0
10767,1976,3,3,0,0,0,0,0,0,0,0
10767,1981,1,1,0,0,0,0,0,0,0,0
10767,1982,4,3,2,0,0,1,1,0,1,0
10768,1983,2,2,0,0,0,0,0,0,0,0
10778,1969,4,4,0,0,0,0,0,0,3,0
10778,1970,3,3,0,0,0,0,0,0,0,0
10778,1971,3,3,0,0,0,0,0,0,0,0
10779,1988,2,2,0,0,0,0,0,0,0,0
10806,1986,6,6,3,0,0,2,0,0,0,0
10806,1987,12,12,5,1,0,1,0,0,0,0
10836,1978,3,3,1,0,0,0,0,0,0,0
10836,1979,3,1,0,0,0,0,0,0,1,0
10866,1978,2,1,0,0,0,0,0,0,1,0
10866,1982,2,2,0,0,0,0,0,0,1,0
10874,1968,8,8,2,0,0,0,0,0,1,0
10874,1969,10,10,3,1,0,1,0,0,0,0
10888,1971,12,11,2,0,0,0,0,1,4,0
10888,1972,19,17,2,1,0,1,2,0,4,0
10888,1973,14,14,1,0,0,0,0,0,4,0
10888,1974,8,7,2,0,0,0,1,0,2,0
10888,1975,16,15,4,1,1,0,1,0,0,0
10888,1976,17,14,2,0,0,0,3,0,2,0
10888,1977,12,12,2,1,0,0,0,0,2,0
10888,1978,7,6,2,0,0,0,1,0,0,0
10888,1980,6,5,2,0,0,0,1,0,0,0
10888,1981,3,3,1,0,0,0,0,0,1,0
10888,1982,7,7,2,1,0,0,0,0,2,0
10903,1974,6,6,1,0,0,0,0,0,3,0
10906,1966,2,2,1,1,0,0,0,0,0,0
10906,1967,1,1,0,0,0,0,0,0,0,0
10906,1969,8,8,1,1,0,0,0,0,1,0
10906,1970,4,4,0,0,0,0,0,0,2,0
10906,1971,9,9,0,0,0,0,0,0,0,0
10909,1974,2,1,0,0,0,0,0,0,1,0
10909,1975,1,1,0,0,0,0,0,0,0,0
10910,1980,2,2,0,0,0,0,0,0,0,0
10910,1986,3,3,1,0,0,0,0,0,1,0
10912,1972,3,3,1,0,0,0,0,0,2,0
10923,1967,2,2,0,0,0,0,0,0,2,0
10936,1970,10,9,0,0,0,0,0,0,1,0
10939,1967,3,3,2,0,0,0,0,0,0,0
10939,1968,7,7,3,2,0,0,0,0,2,0
10939,1969,4,4,0,0,0,0,0,0,2,0
10939,1970,1,1,1,0,0,0,0,0,0,0
10939,1971,18,18,5,0,1,1,0,0,2,0
10939,1972,5,5,0,0,0,0,0,0,3,0
10939,1973,9,8,2,0,0,0,1,0,3,0
10942,1976,7,7,1,0,0,0,0,0,1,0
10955,1972,2,1,0,0,0,0,1,0,0,0
10962,1987,2,2,0,0,0,0,0,0,0,0
10970,1983,6,4,1,1,0,0,2,0,1,0
10976,1966,11,10,3,1,0,0,1,0,2,0
10976,1967,15,13,2,1,0,1,2,0,3,0
10976,1968,9,9,3,0,0,0,0,0,0,0
10976,1969,14,13,3,0,0,1,0,0,4,1
10976,1970,8,7,1,0,0,0,0,1,3,0
10976,1971,5,5,3,0,0,1,0,0,0,0
10976,1972,15,13,4,2,0,1,2,0,2,0
10976,1973,15,14,3,1,0,1,1,0,5,0
10976,1974,10,9,4,1,0,0,1,0,1,0
10976,1975,14,13,1,0,0,0,1,0,4,0
10976,1976,7,7,1,0,0,0,0,0,1,0
10976,1977,5,4,0,0,0,0,1,0,3,0
10976,1978,13,10,4,0,0,2,3,0,0,0
10976,1979,8,7,1,0,0,0,1,0,1,0
10976,1980,4,4,1,0,0,0,0,0,0,0
10976,1981,1,1,0,0,0,0,0,0,0,0
10976,1982,4,4,0,0,0,0,0,0,1,0
10983,1966,13,13,2,1,0,0,0,0,2,0
10983,1967,14,12,2,1,0,0,2,0,1,0
10983,1968,7,6,2,0,0,1,1,0,0,0
10983,1969,12,11,4,0,0,1,1,0,0,0
10983,1970,15,13,5,0,0,1,2,0,1,0
10983,1971,8,8,1,0,0,0,0,0,0,0
10983,1972,4,4,0,0,0,0,0,0,1,0
10983,1973,8,7,2,0,0,0,1,0,1,0
10983,1974,3,2,1,0,0,0,0,0,0,1
10983,1975,9,9,2,1,0,0,0,0,1,0
10983,1979,1,1,1,0,0,0,0,0,0,0
10983,1982,4,4,3,1,0,0,0,0,0,0
10987,1975,4,3,0,0,0,0,1,0,0,0
10987,1977,3,1,1,0,0,0,2,0,0,0
10987,1978,3,1,1,1,0,0,1,1,0,0
10987,1979,5,4,1,1,0,0,1,0,1,0
10987,1981,6,5,1,0,0,0,0,0,0,1
10987,1982,4,4,0,0,0,0,0,0,1,0
10998,1983,4,4,0,0,0,0,0,0,1,0
11002,1987,4,4,2,0,0,2,0,0,0,0
11003,1974,3,3,1,0,0,1,0,0,1,0
11008,1985,2,2,0,0,0,0,0,0,2,0
11009,1972,8,8,2,0,0,0,0,0,0,0
11009,1973,10,10,2,0,0,0,0,0,1,0
11009,1974,10,10,0,0,0,0,0,0,2,0
11009,1975,15,15,2,0,1,0,0,0,3,0
11009,1976,7,7,0,0,0,0,0,0,1,0
11009,1977,2,1,0,0,0,0,1,0,0,0
11009,1978,10,9,2,0,0,0,1,0,1,0
11009,1979,5,5,1,0,0,0,0,0,1,0
11009,1980,10,10,1,0,0,0,0,0,1,0
11009,1981,3,2,0,0,0,0,0,1,0,0
11016,1966,1,1,0,0,0,0,0,0,1,0
11039,1982,3,3,0,0,0,0,0,0,2,0
11043,1969,7,5,1,1,0,0,1,0,0,0
11043,1970,3,3,1,1,0,0,0,0,0,0
11043,1971,1,1,0,0,0,0,0,0,0,0
11043,1972,2,2,0,0,0,0,0,0,0,0
11043,1973,2,2,0,0,0,0,0,0,1,0
11057,1980,1,1,0,0,0,0,0,0,0,0
11058,1972,2,2,0,0,0,0,0,0,0,0
11058,1974,4,3,0,0,0,0,1,0,1,0
11073,1967,2,2,0,0,0,0,0,0,2,0
11073,1970,1,1,0,0,0,0,0,0,0,0
11073,1972,2,2,1,0,0,0,0,0,0,0
11076,1969,2,2,0,0,0,0,0,0,0,0
11076,1970,3,2,0,0,0,0,0,0,2,0
11076,1971,2,2,1,0,0,0,0,0,0,0
11077,1969,1,1,0,0,0,0,0,0,0,0
11080,1969,1,1,0,0,0,0,0,0,0,0
11080,1970,4,4,2,0,0,0,0,0,1,0
11081,1972,1,1,0,0,0,0,0,0,1,0
11081,1974,3,3,1,0,0,0,0,0,1,0
11100,1988,3,3,0,0,0,0,0,0,1,0
11104,1979,8,7,1,0,0,0,1,0,1,0
11104,1980,3,3,1,0,0,0,0,0,1,0
11121,1975,3,3,0,0,0,0,0,0,0,0
11125,1971,1,0,0,0,0,0,0,0,0,0
11160,1982,2,2,0,0,0,0,0,0,0,0
11170,1975,1,1,0,0,0,0,0,0,0,0
11170,1976,6,6,3,1,0,0,0,0,1,0
11170,1977,2,2,0,0,0,0,0,0,1,0
11170,1978,6,5,0,0,0,0,1,0,3,0
11170,1979,4,4,0,0,0,0,0,0,2,0
11171,1983,7,6,0,0,0,0,1,0,3,0
11171,1985,8,7,3,0,0,0,1,0,0,0
11171,1986,3,2,0,0,0,0,1,0,0,0
11180,1966,1,1,0,0,0,0,0,0,1,0
11181,1968,4,4,1,0,0,0,0,0,1,0
11181,1969,12,12,5,3,0,0,0,0,0,0
11181,1970,4,4,2,1,0,0,0,0,0,0
11181,1971,5,5,2,1,0,0,0,0,0,0
11181,1977,3,2,1,0,0,0,1,0,1,0
11195,1986,3,2,0,0,0,0,1,0,2,0
11195,1987,7,7,0,0,0,0,0,0,1,0
11198,1976,3,2,1,0,0,0,0,0,0,0
11213,1978,7,6,2,2,0,0,1,0,1,0
11213,1983,6,5,1,0,0,0,1,0,2,0
11221,1974,3,1,0,0,0,0,2,0,1,0
11221,1976,12,12,5,1,0,0,0,0,3,0
11221,1977,2,1,0,0,0,0,1,0,0,0
11223,1966,3,3,1,0,0,0,0,0,1,0
11223,1967,2,2,1,0,0,0,0,0,0,0
11223,1968,7,6,0,0,0,0,1,0,2,0
11223,1969,8,6,2,1,0,0,2,0,1,0
11223,1970,1,1,1,0,0,0,0,0,0,0
11233,1983,8,7,2,0,0,0,1,0,2,0
11233,1984,7,6,1,0,0,0,1,0,1,0
11233,1987,9,9,0,0,0,0,0,0,2,0
11248,1978,4,2,0,0,0,0,2,0,1,0
11248,1979,2,1,0,0,0,0,0,0,0,1
11248,1980,1,1,0,0,0,0,0,0,0,0
11263,1986,8,8,1,0,0,1,0,0,5,0
11263,1987,4,3,2,0,0,0,1,0,1,0
11288,1974,5,4,0,0,0,0,1,0,1,0
11288,1975,6,6,0,0,0,0,0,0,2,0
11288,1976,8,8,2,0,0,0,0,0,2,0
11288,1977,8,7,2,0,0,0,0,1,0,0
11288,1978,15,15,2,2,0,0,0,0,4,0
11288,1979,8,8,2,0,0,0,0,0,1,0
11288,1981,7,6,2,0,0,0,0,0,1,1
11300,1970,2,1,1,0,0,1,1,0,0,0
11302,1971,2,2,0,0,0,0,0,0,2,0
11303,1969,4,4,0,0,0,0,0,0,2,0
11315,1970,1,1,0,0,0,0,0,0,1,0
11323,1966,9,9,1,0,0,0,0,0,2,0
11323,1967,10,9,1,0,0,0,1,0,1,0
11323,1968,6,5,0,0,0,0,0,1,2,0
11323,1969,11,11,5,0,0,0,0,0,1,0
11323,1970,6,6,1,0,0,0,0,0,1,0
11323,1974,1,1,1,0,0,0,0,0,0,0
11346,1977,7,7,1,0,0,0,0,0,0,0
11346,1978,11,11,6,0,0,0,0,0,1,0
11346,1979,3,3,0,0,0,0,0,0,0,0
11346,1980,4,4,1,0,0,0,0,0,1,0
11346,1981,7,7,1,0,0,0,0,0,1,0
11346,1982,11,11,1,0,0,0,0,0,3,0
11346,1988,4,3,2,1,0,0,1,0,0,0
11348,1977,12,9,0,0,0,0,3,0,3,0
11348,1978,10,9,0,0,0,0,0,1,4,0
11348,1979,9,7,1,0,0,0,1,0,1,1
11348,1980,6,6,1,1,0,0,0,0,0,0
11348,1981,5,5,2,1,0,0,0,0,1,0
11352,1973,3,3,0,0,0,0,0,0,1,0
11352,1974,10,10,2,0,0,0,0,0,1,0
11368,1986,2,2,0,0,0,0,0,0,0,0
11369,1984,5,5,3,1,0,1,0,0,1,0
11369,1985,6,6,0,0,0,0,0,0,1,0
11380,1977,1,0,0,0,0,0,0,0,0,0
11394,1988,6,6,1,0,0,0,0,0,0,0
11409,1972,8,7,1,0,0,0,1,0,1,0
11409,1973,10,10,4,0,0,0,0,0,1,0
11409,1974,10,7,1,0,0,0,3,0,2,0
11409,1975,14,14,4,0,0,1,0,0,2,0
11409,1976,11,8,2,0,0,0,3,0,0,0
11409,1977,6,6,0,0,0,0,0,0,1,0
11409,1978,7,7,3,0,0,0,0,0,0,0
11409,1981,3,3,1,0,0,0,0,0,0,0
11418,1983,14,10,2,0,0,1,4,0,6,0
11418,1984,6,4,0,0,0,0,1,0,1,1
11418,1985,6,5,0,0,0,0,1,0,1,0
11418,1986,6,6,2,0,0,1,0,0,2,0
11419,1973,5,5,2,0,0,0,0,0,2,0
11419,1974,6,5,1,0,0,0,1,0,1,0
11419,1975,12,10,2,1,0,0,2,0,3,0
11419,1976,12,12,7,3,0,0,0,0,1,0
11419,1977,12,10,1,0,0,1,2,0,2,0
11422,1981,6,5,0,0,0,0,1,0,2,0
11422,1982,6,6,2,0,0,1,0,0,2,0
11433,1966,5,2,0,0,0,0,0,1,0,0
11433,1967,5,4,1,0,0,0,0,0,1,0
11433,1968,4,3,1,0,0,0,1,0,0,0
11434,1988,6,6,2,0,0,1,0,0,1,0
11439,1974,1,1,0,0,0,0,0,0,0,0
11448,1979,8,8,1,0,0,0,0,0,1,0
11448,1980,5,4,1,0,0,0,1,0,2,0
11455,1988,2,1,0,0,0,0,1,0,0,0
11456,1974,6,5,1,0,0,1,1,0,2,0
11456,1975,5,4,1,1,0,0,1,0,0,0
11456,1976,8,7,0,0,0,0,1,0,1,0
11456,1982,4,4,1,0,0,0,0,0,1,0
11456,1983,15,14,6,1,0,2,1,0,3,0
11456,1984,11,10,2,1,0,0,1,0,1,0
11456,1985,10,10,0,0,0,0,0,0,2,0
11456,1986,3,3,0,0,0,0,0,0,0,0
11458,1985,3,3,1,0,0,0,0,0,1,0
11483,1968,4,4,0,0,0,0,0,0,1,0
11483,1969,2,1,1,0,0,0,1,0,0,0
11483,1970,6,6,2,0,0,1,0,0,0,0
11505,1966,3,3,0,0,0,0,0,0,1,0
11505,1967,8,8,3,0,0,0,0,0,0,0
11505,1968,12,11,3,0,0,0,1,0,1,0
11505,1969,11,10,3,0,0,1,1,0,3,0
11505,1970,16,14,3,0,0,1,2,0,4,0
11505,1972,7,7,0,0,0,0,0,0,3,0
11505,1973,12,10,0,0,0,0,1,0,1,1
11505,1974,15,15,3,1,0,0,0,0,4,0
11505,1975,11,8,3,1,0,0,3,0,1,0
11505,1977,1,1,0,0,0,0,0,0,1,0
11517,1983,10,10,3,1,0,0,0,0,1,0
11517,1984,3,3,1,1,0,0,0,0,0,0
11517,1986,3,2,0,0,0,0,1,0,0,0
11517,1987,3,3,3,0,0,0,0,0,0,0
11549,1968,6,6,0,0,0,0,0,0,2,0
11549,1975,3,3,0,0,0,0,0,0,0,0
11549,1976,7,7,3,1,0,1,0,0,0,0
11551,1966,14,13,5,1,0,1,1,0,5,0
11551,1967,6,5,4,1,0,1,1,0,1,0
11551,1968,1,1,0,0,0,0,0,0,0,0
11551,1969,7,6,1,0,0,0,0,1,0,0
11551,1970,10,8,3,1,0,1,2,0,1,0
11551,1971,11,10,1,0,0,0,0,1,1,0
11551,1972,8,7,1,0,0,0,0,1,0,0
11551,1973,7,7,4,0,0,1,0,0,1,0
11551,1974,12,11,2,0,0,1,1,0,1,0
11551,1975,1,1,0,0,0,0,0,0,0,0
11551,1976,3,2,1,0,0,0,1,0,0,0
11553,1968,1,1,0,0,0,0,0,0,1,0
11553,1969,5,5,0,0,0,0,0,0,1,0
11553,1973,3,3,1,0,0,0,0,0,1,0
11553,1974,3,3,1,0,0,0,0,0,1,0
11565,1973,4,4,1,0,0,0,0,0,0,0
11571,1986,5,5,2,0,0,0,0,0,2,0
11580,1982,3,3,0,0,0,0,0,0,2,0
11580,1983,3,3,1,0,0,0,0,0,1,0
11580,1984,6,6,0,0,0,0,0,0,0,0
11580,1985,6,6,1,0,0,0,0,0,0,0
11580,1986,3,3,1,0,0,0,0,0,0,0
11580,1987,8,8,2,0,0,0,0,0,1,0
11594,1982,5,4,1,0,0,0,0,1,1,0
11599,1975,8,7,0,0,0,0,0,0,0,1
11599,1976,14,14,1,0,0,0,0,0,1,0
11599,1977,7,5,1,0,0,0,1,0,0,0
11599,1978,2,1,0,0,0,0,0,0,1,1
11599,1979,2,1,0,0,0,0,1,0,0,0
11599,1980,3,3,0,0,0,0,0,0,0,0
11599,1981,3,3,0,0,0,0,0,0,1,0
11599,1982,4,3,0,0,0,0,1,0,1,0
11599,1983,8,8,2,0,0,0,0,0,1,0
11645,1974,1,1,0,0,0,0,0,0,1,0
11645,1976,8,6,1,0,0,0,1,0,2,0
11645,1977,13,12,1,0,0,0,1,0,5,0
11645,1978,7,7,3,0,0,0,0,0,0,0
11645,1979,11,10,3,0,0,0,1,0,0,0
11645,1980,4,4,1,0,0,0,0,0,0,0
11645,1981,2,2,0,0,0,0,0,0,1,0
11645,1982,4,4,1,0,0,0,0,0,0,0
11654,1978,1,1,0,0,0,0,0,0,0,0
11659,1976,3,3,0,0,0,0,0,0,1,0
11660,1973,6,6,1,0,0,0,0,0,2,0
11660,1974,7,7,2,0,0,0,0,0,2,0
11660,1976,2,2,0,0,0,0,0,0,0,0
11660,1977,5,4,0,0,0,0,0,1,1,0
11660,1978,5,5,1,0,0,0,0,0,0,0
11660,1980,7,7,3,0,0,0,0,0,1,0
11662,1967,6,5,0,0,0,0,1,0,3,0
11667,1972,1,1,0,0,0,0,0,0,0,0
11677,1973,6,6,1,1,0,0,0,0,0,0
11677,1974,13,13,3,0,0,1,0,0,3,0
11677,1975,10,10,2,0,0,0,0,0,2,0
11677,1976,11,10,3,1,0,0,0,0,1,1
11677,1977,8,6,3,1,0,0,1,0,0,0
11677,1978,1,1,0,0,0,0,0,0,0,0
11677,1979,1,1,0,0,0,0,0,0,0,0
11680,1983,7,6,0,0,0,0,1,0,1,0
11680,1984,3,3,0,0,0,0,0,0,1,0
11680,1985,9,9,3,1,0,0,0,0,2,0
11680,1986,8,7,2,1,0,0,1,0,1,0
11680,1987,3,3,0,0,0,0,0,0,0,0
11695,1978,2,2,0,0,0,0,0,0,1,0
11695,1980,2,2,0,0,0,0,0,0,0,0
11700,1975,1,1,1,0,0,0,0,0,0,0
11700,1976,4,4,0,0,0,0,0,0,1,0
11700,1977,3,2,0,0,0,0,1,0,1,0
11700,1979,1,1,0,0,0,0,0,0,0,0
11700,1980,6,6,1,0,0,0,0,0,0,0
11725,1968,4,4,1,0,0,0,0,0,2,0
11725,1969,4,4,0,0,0,0,0,0,1,0
11728,1976,4,3,1,0,0,0,1,0,0,0
11728,1977,2,2,0,0,0,0,0,0,0,0
11730,1977,7,7,3,0,0,0,0,0,0,0
11730,1978,11,11,3,2,0,0,0,0,1,0
11730,1979,6,6,3,0,0,0,0,0,1,0
11730,1981,6,6,1,0,0,0,0,0,3,0
11730,1982,4,4,0,0,0,0,0,0,0,0
11730,1983,7,7,3,1,0,0,0,0,0,0
11730,1985,3,3,0,0,0,0,0,0,1,0
11732,1981,4,4,2,0,0,0,0,0,0,0
11743,1987,7,7,3,0,0,2,0,0,1,0
11759,1982,2,2,0,0,0,0,0,0,0,0
11765,1988,2,2,0,0,0,0,0,0,0,0
11779,1976,3,3,0,0,0,0,0,0,0,0
11804,1966,2,2,0,0,0,0,0,0,2,0
11804,1967,5,5,0,0,0,0,0,0,5,0
11804,1968,3,3,0,0,0,0,0,0,2,0
11804,1969,2,2,0,0,0,0,0,0,0,0
11804,1970,2,2,0,0,0,0,0,0,0,0
11817,1987,2,2,1,0,0,0,0,0,0,0
11821,1979,1,1,0,0,0,0,0,0,1,0
11821,1980,8,8,1,0,0,0,0,0,2,0
11821,1981,1,0,0,0,0,0,1,0,0,0
11887,1988,7,7,3,0,0,0,0,0,3,0
11914,1978,5,4,0,0,0,0,0,0,1,0
11915,1980,1,1,0,0,0,0,0,0,0,0
11915,1982,4,4,1,0,0,0,0,0,1,0
11915,1983,10,9,1,0,0,0,0,0,1,1
11915,1984,9,8,2,0,0,0,1,0,1,0
11915,1985,9,9,0,0,0,0,0,0,0,0
11916,1975,5,5,1,1,0,0,0,0,0,0
11945,1985,1,1,0,0,0,0,0,0,1,0
11963,1982,3,3,0,0,0,0,0,0,3,0
11963,1985,3,3,0,0,0,0,0,0,0,0
11964,1983,5,4,1,0,0,0,1,0,0,0
11964,1984,7,7,4,0,0,0,0,0,1,0
11964,1985,10,10,2,0,0,0,0,0,3,0
11964,1986,4,4,0,0,0,0,0,0,1,0
11972,1969,2,2,0,0,0,0,0,0,2,0
11972,1973,3,3,0,0,0,0,0,0,1,0
11986,1977,3,2,0,0,0,0,1,0,0,0
11986,1978,5,5,0,0,0,0,0,0,1,0
11986,1980,1,1,0,0,0,0,0,0,0,0
11986,1988,3,3,1,0,0,0,0,0,0,0
11994,1976,3,3,0,0,0,0,0,0,1,0
11994,1978,2,2,1,0,0,1,0,0,0,0
11999,1982,4,4,2,0,0,1,0,0,0,0
12014,1977,3,3,0,0,0,0,0,0,1,0
12032,1974,4,4,1,0,0,0,0,0,0,0
12035,1983,8,8,2,0,0,0,0,0,2,0
12035,1984,7,7,3,1,0,1,0,0,0,0
12035,1985,6,6,2,1,0,0,0,0,0,0
12035,1986,4,4,0,0,0,0,0,0,1,0
12035,1987,8,7,2,0,0,0,0,0,1,0
12054,1981,7,7,0,0,0,0,0,0,0,0
12054,1982,5,5,2,0,0,0,0,0,0,0
12054,1987,5,4,2,0,0,0,1,0,1,0
12059,1983,3,3,2,0,0,0,0,0,0,0
12059,1985,4,4,2,1,0,0,0,0,0,0
12062,1983,4,4,2,1,0,0,0,0,1,0
12062,1984,3,3,1,0,0,0,0,0,0,0
12064,1969,1,1,0,0,0,0,0,0,1,0
12071,1983,6,6,2,0,0,0,0,0,1,0
12073,1969,4,4,1,0,0,1,0,0,1,0
12081,1968,1,1,0,0,0,0,0,0,1,0
12081,1970,8,8,2,0,0,0,0,0,3,0
12081,1971,16,15,2,0,0,0,1,0,2,0
12081,1972,17,16,5,1,1,0,1,0,3,0
12081,1973,9,7,1,0,0,0,2,0,0,0
12081,1974,9,9,0,0,0,0,0,0,1,0
12081,1975,12,12,4,1,0,1,0,0,0,0
12081,1976,7,5,3,0,0,2,2,0,0,0
12081,1977,7,5,1,1,0,0,0,0,2,2
12081,1978,9,7,2,0,0,1,2,0,2,0
12081,1979,6,5,1,0,0,0,0,0,0,1
12101,1975,1,1,0,0,0,0,0,0,0,0
12115,1970,1,1,0,0,0,0,0,0,1,0
12128,1968,7,6,1,0,0,0,1,0,3,0
12191,1977,1,1,0,0,0,0,0,0,1,0
12191,1981,1,1,0,0,0,0,0,0,1,0
12191,1982,3,2,0,0,0,0,1,0,2,0
12199,1966,10,10,2,0,0,1,0,0,4,0
12199,1967,12,11,4,0,0,1,1,0,0,0
12199,1968,7,6,1,0,0,0,1,0,3,0
12199,1969,1,1,0,0,0,0,0,0,0,0
12206,1978,1,0,0,0,0,0,0,0,0,0
12207,1983,6,5,1,0,0,0,1,0,0,0
12207,1984,3,3,0,0,0,0,0,0,0,0
12207,1985,8,8,3,1,0,2,0,0,2,0
12207,1986,7,6,1,0,0,0,1,0,0,0
12207,1987,7,7,1,0,0,0,0,0,0,0
12213,1983,6,6,0,0,0,0,0,0,2,0
12213,1984,12,12,2,0,0,0,0,0,1,0
12213,1985,9,9,3,0,0,1,0,0,1,0
12213,1986,7,7,0,0,0,0,0,0,1,0
12213,1987,7,7,3,0,0,0,0,0,1,0
12215,1968,7,7,0,0,0,0,0,0,3,0
12215,1969,2,1,0,0,0,0,1,0,1,0
12218,1976,8,8,1,1,0,0,0,0,2,0
12218,1979,3,3,1,0,0,0,0,0,1,0
12218,1980,3,3,1,0,0,0,0,0,2,0
12221,1983,8,5,2,1,0,0,3,0,0,0
12221,1984,6,6,0,0,0,0,0,0,1,0
12221,1985,7,7,1,0,0,0,0,0,0,0
12221,1986,6,6,2,0,0,1,0,0,1,0
12221,1987,9,8,1,0,0,1,1,0,1,0
12239,1977,11,10,1,0,0,0,1,0,0,0
12239,1978,13,13,6,3,0,0,0,0,3,0
12239,1979,11,9,2,0,0,0,1,0,2,1
12239,1980,4,4,1,0,0,0,0,0,1,0
12244,1969,2,2,0,0,0,0,0,0,2,0
12257,1981,3,3,0,0,0,0,0,0,0,0
12257,1982,3,3,0,0,0,0,0,0,0,0
12257,1985,7,6,2,0,0,0,1,0,0,0
12268,1983,8,8,2,1,0,0,0,0,2,0
12268,1984,3,2,1,0,0,0,0,0,1,0
12268,1985,5,4,2,1,0,0,0,0,0,1
12269,1970,2,2,1,0,0,0,0,0,1,0
12277,1984,6,6,0,0,0,0,0,0,2,0
12277,1985,4,4,0,0,0,0,0,0,1,0
12277,1986,5,5,0,0,0,0,0,0,1,0
12292,1982,6,5,2,0,0,0,1,0,2,0
12294,1966,13,9,1,0,0,0,4,0,1,0
12294,1967,13,12,1,1,0,0,1,0,2,0
12294,1968,10,10,2,1,0,1,0,0,0,0
12294,1969,13,11,2,2,0,0,2,0,2,0
12294,1970,4,4,3,1,0,0,0,0,0,0
12294,1971,3,2,0,0,0,0,1,0,0,0
12294,1973,7,7,2,0,0,0,0,0,1,0
12294,1974,3,2,0,0,0,0,1,0,0,0
12295,1972,4,4,1,1,0,0,0,0,1,0
12299,1972,1,1,0,0,0,0,0,0,0,0
12310,1987,4,4,1,1,0,0,0,0,0,0
12311,1971,15,15,1,0,0,0,0,0,4,0
12311,1972,12,11,1,0,0,0,1,0,2,0
12311,1975,2,1,0,0,0,0,1,0,0,0
12311,1976,1,1,0,0,0,0,0,0,0,0
12319,1984,5,5,1,0,0,0,0,0,1,0
12319,1985,2,2,1,0,0,0,0,0,0,0
12325,1972,4,3,0,0,0,0,1,0,1,0
12325,1973,2,2,0,0,0,0,0,0,0,0
12327,1969,1,1,0,0,0,0,0,0,1,0
12340,1967,18,17,2,0,0,0,1,0,0,0
12340,1968,10,9,2,0,0,0,1,0,1,0
12340,1969,8,8,2,0,0,0,0,0,1,0
12373,1968,2,2,0,0,0,0,0,0,1,0
12373,1969,3,3,0,0,0,0,0,0,1,0
12373,1970,3,3,0,0,0,0,0,0,2,0
12373,1974,1,1,0,0,0,0,0,0,0,0
12376,1982,4,4,2,0,0,0,0,0,0,0
12386,1981,4,4,1,0,0,0,0,0,1,0
12386,1982,8,8,2,1,0,0,0,0,0,0
12386,1988,5,5,1,0,0,0,0,0,0,0
12402,1983,8,8,4,1,0,1,0,0,0,0
12402,1984,6,6,0,0,0,0,0,0,0,0
12402,1985,11,11,2,0,0,0,0,0,1,0
12402,1986,8,7,1,0,0,0,1,0,1,0
12402,1987,8,8,2,0,0,0,0,0,1,0
12412,1967,10,9,1,0,0,0,1,0,3,0
12412,1969,1,1,0,0,0,0,0,0,0,0
12412,1970,12,10,1,0,0,0,1,0,3,0
12412,1971,5,5,0,0,0,0,0,0,1,0
12414,1974,12,12,5,1,0,1,0,0,4,0
12414,1975,7,6,2,0,0,0,1,0,2,0
12414,1976,6,6,2,0,0,1,0,0,0,0
12414,1977,16,15,3,1,0,1,1,0,1,0
12414,1978,7,7,3,1,0,0,0,0,0,0
12414,1979,15,11,4,0,0,1,4,0,0,0
12414,1980,10,10,2,0,1,1,0,0,1,0
12414,1982,8,8,1,0,0,0,0,0,2,0
12414,1983,7,7,4,0,0,0,0,0,0,0
12414,1984,3,3,0,0,0,0,0,0,0,0
12414,1985,3,2,0,0,0,0,1,0,0,0
12414,1986,5,5,1,0,0,0,0,0,2,0
12414,1987,8,8,4,0,0,1,0,0,0,0
12434,1967,2,2,1,0,1,0,0,0,1,0
12434,1970,3,2,2,0,0,0,1,0,0,0
12434,1971,2,1,0,0,0,0,0,0,1,0
12434,1972,3,3,1,0,0,0,0,0,1,0
12434,1980,2,2,1,0,0,0,0,0,0,0
12434,1981,2,1,0,0,0,0,0,0,1,0
12481,1982,6,6,0,0,0,0,0,0,1,0
12496,1971,1,1,0,0,0,0,0,0,1,0
12496,1973,10,9,2,2,0,0,1,0,1,0
12504,1966,9,8,2,1,0,0,1,0,3,0
12504,1967,11,10,5,1,0,0,0,0,0,0
12504,1969,3,3,0,0,0,0,0,0,1,0
12504,1970,7,7,0,0,0,0,0,0,0,0
12504,1971,6,6,2,2,0,0,0,0,1,0
12525,1983,11,10,3,0,0,0,1,0,2,0
12525,1984,6,6,3,1,0,1,0,0,0,0
12543,1982,3,3,0,0,0,0,0,0,0,0
12543,1983,7,7,1,0,0,0,0,0,1,0
12543,1984,3,3,1,0,0,0,0,0,1,0
12543,1985,3,3,0,0,0,0,0,0,2,0
12547,1966,14,12,3,1,0,0,1,0,3,1
12547,1967,11,11,4,1,0,1,0,0,2,0
12547,1968,7,4,0,0,0,0,3,0,1,0
12547,1969,11,7,3,0,0,0,4,0,2,0
12547,1970,8,7,1,0,0,0,1,0,0,0
12547,1971,9,8,1,1,0,0,1,0,2,0
12547,1972,19,17,4,1,0,0,2,0,6,0
12547,1973,10,9,1,1,0,0,1,0,3,0
12547,1976,6,6,1,0,1,0,0,0,2,0
12548,1988,6,5,3,0,0,0,1,0,1,0
12564,1982,3,3,1,0,0,0,0,0,0,0
12564,1983,6,6,2,0,0,1,0,0,0,0
12569,1986,3,2,1,0,0,0,1,0,1,0
12605,1969,2,2,0,0,0,0,0,0,2,0
12609,1988,6,4,1,0,0,0,2,0,0,0
12610,1979,7,5,1,1,0,0,2,0,0,0
12610,1982,7,6,0,0,0,0,1,0,0,0
12618,1984,7,6,4,0,0,0,1,0,1,0
12618,1985,7,7,2,0,0,0,0,0,1,0
12618,1986,3,2,0,0,0,0,1,0,1,0
12618,1987,8,6,1,0,0,0,2,0,2,0
12623,1985,7,7,0,0,0,0,0,0,0,0
12623,1986,6,6,2,0,0,0,0,0,1,0
12623,1987,9,9,3,1,0,1,0,0,1,0
12629,1976,6,5,0,0,0,0,0,0,3,0
12629,1977,2,2,0,0,0,0,0,0,1,0
12629,1981,2,2,0,0,0,0,0,0,0,0
12670,1973,1,1,0,0,0,0,0,0,0,0
12670,1974,10,10,3,0,0,0,0,0,3,0
12670,1975,13,12,2,0,0,0,1,0,5,0
12670,1976,8,8,2,1,0,0,0,0,0,0
12670,1983,3,3,1,0,0,0,0,0,1,0
