id,retroID,name
0,aaroh101,Hank Aaron
1,aarot101,Tommie Aaron
2,aased001,Don Aase
3,abboa001,Andrew Abbott
4,abbog001,Glenn Abbott
5,abboj001,Jim Abbott
6,abbok002,Kurt Abbott
7,abbop001,Paul Abbott
8,aberb001,Brent Abernathy
9,abert101,Ted Abernathy
10,abnes001,Shawn Abner
11,abrac001,CJ Abrams
12,abreb001,Bobby Abreu
13,abrej003,Jose Abreu
14,aceva001,Alfredo Aceves
15,acevj001,Juan Acevedo
16,acevj002,Jose Acevedo
17,ackej001,Jim Acker
18,ackld001,Dustin Ackley
19,acunr001,Ronald Acuna Jr.
20,adaij101,Jerry Adair
21,adamg101,Glenn Adams
22,adamm002,Matt Adams
23,adamr002,Russ Adams
24,adamt001,Terry Adams
25,adamw002,Willy Adames
26,adcoj101,Joe Adcock
27,adelj001,Jo Adell
28,adrie001,Ehire Adrianza
29,affej001,Jeremy Affeldt
30,agbab001,Benny Agbayani
31,ageet101,Tommie Agee
32,agosj001,Juan Agosto
33,agual001,Luis Aguayo
34,aguih101,Hank Aguirre
35,aguij001,Jesus Aguilar
36,aguir001,Rick Aguilera
37,ahmen001,Nick Ahmed
38,aikew001,Willie Aikens
39,akerj102,Jack Aker
40,akink001,Keegan Akin
41,albeh001,Hanser Alberto
42,albem001,Matt Albers
43,albio001,Ozzie Albies
44,albuv101,Vic Albury
45,alcas001,Sandy Alcantara
46,alcas101,Santo Alcala
47,aldrm001,Mike Aldrete
48,aldrs001,Scott Aldred
49,alexd001,Doyle Alexander
50,alexg101,Gary Alexander
51,alexm001,Manny Alexander
52,alext001,Tyler Alexander
53,alfaj002,Jorge Alfaro
54,alfoa001,Antonio Alfonseca
55,alfoe001,Edgardo Alfonzo
56,alicl001,Luis Alicea
57,allaa001,Andy Allanson
58,alleb105,Bernie Allen
59,allec001,Chad Allen
60,allec002,Cody Allen
61,alled101,Dick Allen
62,alleg001,Gary Allenson
63,alleg101,Gene Alley
64,alleh104,Hank Allen
65,allej001,Jermaine Allensworth
66,allel003,Logan Allen
67,allel101,Lloyd Allen
68,allen001,Neil Allen
69,allib103,Bob Allison
70,almob001,Bill Almon
71,alomr001,Roberto Alomar
72,aloms001,Sandy Alomar
73,aloms101,Sandy Alomar
74,alonp001,Pete Alonso
75,alony001,Yonder Alonso
76,alouf101,Felipe Alou
77,alouj101,Jesus Alou
78,aloum001,Moises Alou
79,aloum101,Matty Alou
80,altha001,Aaron Altherr
81,altmg101,George Altman
82,altuj001,Jose Altuve
83,alusg101,George Alusik
84,alvah001,Henderson Alvarez
85,alvaj003,Jose Alvarez
86,alval101,Luis Alvarado
87,alvap001,Pedro Alvarez
88,alvaw001,Wilson Alvarez
89,alvay001,Yordan Alvarez
90,alvim101,Max Alvis
91,alyeb101,Brant Alyea
92,amalj101,Joey Amalfitano
93,amara001,Alexi Amarista
94,amarr001,Rich Amaral
95,amarr101,Ruben Amaro
96,ameza001,Alfredo Amezaga
97,andea001,Allan Anderson
98,andeb001,Brady Anderson
99,andeb002,Brian Anderson
100,andeb003,Brian Anderson
101,andeb004,Brett Anderson
102,andeb006,Brian Anderson
103,andeb102,Bob Anderson
104,andec001,Chase Anderson
105,anded001,Dave Anderson
106,andeg001,Garret Anderson
107,andei001,Ian Anderson
108,andej001,Jim Anderson
109,andej002,Jimmy Anderson
110,andel001,Larry Andersen
111,andem003,Marlon Anderson
112,andem101,Mike Anderson
113,andet001,Tim Anderson
114,andet002,Tyler Anderson
115,andir001,Robert Andino
116,andre001,Elvis Andrus
117,andrm001,Matt Andriese
118,andrm101,Mike Andrews
119,andrr101,Rob Andrews
120,andrs001,Shane Andrews
121,anduj001,Joaquin Andujar
122,andum001,Miguel Andujar
123,ankir001,Rick Ankiel
124,anthe001,Eric Anthony
125,aokin001,Nori Aoki
126,aparl101,Luis Aparicio
127,appik001,Kevin Appier
128,aquil001,Luis Aquino
129,archc001,Chris Archer
130,archj101,Jim Archer
131,arcij101,Jose Arcia
132,arcio001,Oswaldo Arcia
133,arcio002,Orlando Arcia
134,arenj001,J.P. Arencibia
135,arenn001,Nolan Arenado
136,ariaa001,Alex Arias
137,ariaj001,Joaquin Arias
138,arlis101,Steve Arlin
139,armat001,Tony Armas
140,armat002,Tony Armas
141,armsj001,Jack Armstrong
142,armsm001,Mike Armstrong
143,arozr001,Randy Arozarena
144,arral001,Luis Arraez
145,arrig101,Gerry Arrigo
146,arrij001,Jake Arrieta
147,arrob001,Bronson Arroyo
148,arrof001,Fernando Arroyo
149,arror001,Rolando Arrojo
150,aschc001,Cody Asche
151,ashba001,Alan Ashby
152,ashba002,Andy Ashby
153,ashbr101,Richie Ashburn
154,ashcg001,Graham Ashcraft
155,ashlb001,Billy Ashley
156,asprb101,Bob Aspromonte
157,asprk101,Ken Aspromonte
158,asseb101,Brian Asselstine
159,assep001,Paul Assenmacher
160,astap001,Pedro Astacio
161,athek001,Keith Atherton
162,atkig001,Garrett Atkins
163,auerr101,Rick Auerbach
164,augud001,Don August
165,auguj001,Jerry Augustine
166,aultd101,Doug Ault
167,aurir001,Rich Aurilia
168,ausmb001,Brad Ausmus
169,avere102,Earl Averill
170,avers001,Steve Avery
171,avila001,Alex Avila
172,avill001,Luis Avilan
173,avilm001,Mike Aviles
174,ayalb001,Benny Ayala
175,ayalb002,Bobby Ayala
176,ayall001,Luis Ayala
177,aybae001,Erick Aybar
178,aybaw001,Willy Aybar
179,azcuj101,Joe Azcue
180,backb001,Brandon Backe
181,backw001,Wally Backman
182,bacsm001,Mike Bacsik
183,badda001,Akil Baddoo
184,badeh001,Harrison Bader
185,baekc001,Cha Seung Baek
186,baerc001,Carlos Baerga
187,baezd001,Danys Baez
188,baezj001,Javier Baez
189,baezp001,Pedro Baez
190,bagwj001,Jeff Bagwell
191,bahns101,Stan Bahnsen
192,bailb001,Bob Bailor
193,bailb103,Bob Bailey
194,baile101,Ed Bailey
195,bailh001,Homer Bailey
196,bailr001,Roger Bailey
197,bails001,Scott Bailes
198,bainh001,Harold Baines
199,baird001,Doug Bair
200,baked002,Dusty Baker
201,bakej001,Jeff Baker
202,bakej002,John Baker
203,bakes002,Scott Baker
204,bakop001,Paul Bako
205,balbs001,Steve Balboni
206,baldj002,James Baldwin
207,baldj101,Jack Baldschun
208,baldr001,Rocco Baldelli
209,balfg001,Grant Balfour
210,ballj002,Jeff Ballard
211,bandc001,Chris Bando
212,bands101,Sal Bando
213,banke101,Ernie Banks
214,banks001,Scott Bankhead
215,bankw001,Willie Banks
216,banna001,Alan Bannister
217,bannb001,Brian Bannister
218,bannf001,Floyd Bannister
219,barar001,Rod Barajas
220,barbb001,Bret Barberie
221,barbs102,Steve Barber
222,bardd001,Daniel Bard
223,bardj001,Josh Bard
224,barer101,Ray Bare
225,barfj001,Jesse Barfield
226,barkl001,Len Barker
227,barmc001,Clint Barmes
228,barna001,Austin Barnes
229,barnb001,Brian Barnes
230,barnb002,Brandon Barnes
231,barnd001,Darwin Barney
232,barnt001,Tucker Barnhart
233,baros001,Salome Barojas
234,barrf101,Francisco Barrios
235,barrj003,Jaime Barria
236,barrj101,Jim Barr
237,barrm001,Marty Barrett
238,barrm003,Michael Barrett
239,bartb101,Bob Barton
240,bartd001,Daric Barton
241,bartj001,Jason Bartlett
242,bassc001,Chris Bassitt
243,bassk001,Kevin Bass
244,bassn101,Norm Bass
245,basta001,Antonio Bastardo
246,batej102,John Bateman
247,batim001,Miguel Batista
248,batit001,Tony Batista
249,batte101,Earl Battey
250,baueh101,Hank Bauer
251,bauej001,Jake Bauers
252,bauet001,Trevor Bauer
253,baumf102,Frank Baumann
254,baumr101,Ross Baumgarten
255,bautd001,Danny Bautista
256,bautj001,Jose Bautista
257,bautj002,Jose Bautista
258,bay-j001,Jason Bay
259,bayld001,Don Baylor
260,beacb001,Brandon Beachy
261,bearl101,Larry Bearnarth
262,beatj001,Jim Beattie
263,beauj101,Jim Beauchamp
264,beavb001,Blake Beavan
265,beckg001,Gordon Beckham
266,beckg101,Glenn Beckert
267,beckj001,Joe Beckwith
268,beckj002,Josh Beckett
269,beckr001,Rod Beck
270,beckr002,Rich Becker
271,beckt001,Tim Beckham
272,bedae001,Erik Bedard
273,bedrs001,Steve Bedrosian
274,beimj001,Joe Beimel
275,belam101,Mark Belanger
276,belct001,Tim Belcher
277,belib101,Bo Belinsky
278,belim001,Matt Belisle
279,belis001,Stan Belinda
280,bellb001,Buddy Bell
281,bellb002,Brayan Bello
282,bellc002,Cody Bellinger
283,belld001,Derek Bell
284,belld002,David Bell
285,bellg001,George Bell
286,bellg102,Gary Bell
287,bellg103,Gus Bell
288,bellh001,Heath Bell
289,bellj001,Jay Bell
290,bellj002,Albert Belle
291,bellj005,Josh Bell
292,bellk101,Kevin Bell
293,bellm002,Mark Bellhorn
294,bellr001,Rafael Belliard
295,bellr002,Ronnie Belliard
296,bellr003,Rob Bell
297,belta001,Adrian Beltre
298,beltb001,Brandon Belt
299,beltc001,Carlos Beltran
300,benam001,Marvin Benard
301,bencj101,Johnny Bench
302,benea001,Andy Benes
303,benea002,Alan Benes
304,beneb001,Bruce Benedict
305,benia001,Armando Benitez
306,benia002,Andrew Benintendi
307,benij001,Juan Beniquez
308,benjm001,Mike Benjamin
309,bennd101,Dennis Bennett
310,benng001,Gary Bennett
311,benoj001,Joaquin Benoit
312,bensk001,Kris Benson
313,benzt001,Todd Benzinger
314,bereb001,Bruce Berenyi
315,berej001,Juan Berenguer
316,berej002,Jason Bere
317,bergb001,Brandon Berger
318,bergb002,Brad Bergesen
319,bergd001,Dave Bergman
320,bergd002,Dave Berg
321,bergj001,Jason Bergmann
322,bergp001,Peter Bergeron
323,bergs001,Sean Bergman
324,berkl001,Lance Berkman
325,berna001,Adam Bernero
326,bernr001,Roger Bernadina
327,bernt001,Tony Bernazard
328,berra001,Angel Berroa
329,berrd001,Dale Berra
330,berrd002,Damon Berryhill
331,berrg001,Geronimo Berroa
332,berrj001,Jose Berrios
333,berrk101,Ken Berry
334,berrs001,Sean Berry
335,berry101,Yogi Berra
336,bertd101,Dick Bertell
337,bertf101,Frank Bertaina
338,bertj001,Jon Berti
339,bertr101,Reno Bertoia
340,betad001,Dellin Betances
341,betar001,Rafael Betancourt
342,betay001,Yuniesky Betancourt
343,betew001,Wilson Betemit
344,bettc001,Chad Bettis
345,bettm001,Mookie Betts
346,bevak001,Kurt Bevacqua
347,biagj001,Joe Biagini
348,bianb001,Buddy Biancalana
349,bibbj001,Jim Bibby
350,bibet001,Tanner Bibee
351,bichb001,Bo Bichette
352,bichd001,Dante Bichette
353,biddr001,Rocky Biddle
354,biebs001,Shane Bieber
355,bielm001,Mike Bielecki
356,bigbl001,Larry Bigbie
357,biggc001,Craig Biggio
358,biggc002,Cavan Biggio
359,biitl101,Larry Biittner
360,bilad001,Dann Bilardello
361,bilks101,Steve Bilko
362,billc001,Chad Billingsley
363,billd101,Dick Billings
364,billj101,Jack Billingham
365,birdd101,Doug Bird
366,birkm001,Mike Birkbeck
367,blacb001,Bud Black
368,blacc001,Charlie Blackmon
369,blacn001,Nick Blackburn
370,blact002,Ty Blach
371,blact101,Tim Blackwell
372,blaid101,Dennis Blair
373,blaip101,Paul Blair
374,blaiw001,Willie Blair
375,blakc001,Casey Blake
376,blalh001,Hank Blalock
377,blang001,Gregor Blanco
378,blanh001,Henry Blanco
379,blanj001,Joe Blanton
380,blanj101,Johnny Blanchard
381,blank002,Kyle Blanks
382,blanl001,Lance Blankenship
383,blanl101,Larvell Blanks
384,blasd101,Don Blasingame
385,blass101,Steve Blass
386,blasw101,Wade Blasingame
387,blauj001,Jeff Blauser
388,blefc101,Curt Blefary
389,blevj001,Jerry Blevins
390,blomr101,Ron Blomberg
391,bloow001,Willie Bloomquist
392,blowm001,Mike Blowers
393,bluev001,Vida Blue
394,blumg001,Geoff Blum
395,blylb001,Bert Blyleven
396,boccj101,John Boccabella
397,bochb001,Bruce Bochte
398,bochb002,Bruce Bochy
399,boddm001,Mike Boddicker
400,boehb001,Brian Boehringer
401,boesb001,Brennan Boesch
402,boevj001,Joe Boever
403,bogat001,Tim Bogar
404,bogax001,Xander Bogaerts
405,boggm001,Mitchell Boggs
406,boggt001,Tommy Boggs
407,boggw001,Wade Boggs
408,bohab001,Brian Bohanon
409,bohma001,Alec Bohm
410,boisb101,Bruce Boisclair
411,bolib101,Bobby Bolin
412,bollf101,Frank Bolling
413,boltt001,Tom Bolton
414,bondb001,Barry Bonds
415,bondb101,Bobby Bonds
416,bondj001,Jeremy Bonderman
417,bondw101,Walt Bond
418,boner001,Ricky Bones
419,bonhb101,Bill Bonham
420,bonib001,Bobby Bonilla
421,bonie001,Emilio Bonifacio
422,bonij001,Juan Bonilla
423,bonnb001,Barry Bonnell
424,bonsb001,Boof Bonser
425,boona001,Aaron Boone
426,boonb001,Bob Boone
427,boonb002,Bret Boone
428,boozj101,John Boozer
429,borbj001,Julio Borbon
430,borbp101,Pedro Borbon
431,bordm001,Mike Bordick
432,bordp001,Pat Borders
433,borgg101,Glenn Borgmann
434,boros101,Steve Boros
435,boser101,Rick Bosetti
436,bosic001,Chris Bosio
437,bosks001,Shawn Boskie
438,boslt001,Thad Bosley
439,bosmd101,Dick Bosman
440,bostd001,Daryl Boston
441,bostl101,Lyman Bostock
442,boswd101,Dave Boswell
443,boswk101,Ken Boswell
444,bottk001,Kent Bottenfield
445,bottr001,Ricky Bottalico
446,bouce101,Ed Bouchee
447,bourj001,Jason Bourgeois
448,bourj002,Justin Bour
449,bourm001,Michael Bourn
450,bourp001,Peter Bourjos
451,boutj101,Jim Bouton
452,bowal001,Larry Bowa
453,bowes103,Sam Bowens
454,bowst101,Ted Bowsfield
455,boydm001,Matthew Boyd
456,boydo001,Oil Can Boyd
457,boyec102,Clete Boyer
458,boyek101,Ken Boyer
459,brabg101,Gene Brabender
460,bracb001,Brad Brach
461,brada001,Archie Bradley
462,bradb105,Buddy Bradford
463,bradc001,Chad Bradford
464,bradd002,Dallas Braden
465,bradj001,Jackie Bradley Jr.
466,bradk001,Kyle Bradish
467,bradm001,Milton Bradley
468,bradp001,Phil Bradley
469,brads001,Scott Bradley
470,bradt002,Taj Bradley
471,bradt102,Tom Bradley
472,bragd001,Darren Bragg
473,bragg001,Glenn Braggs
474,branb102,Bucky Brandon
475,branj001,Jeff Brantley
476,branj002,Jeff Branson
477,branj101,Jackie Brandt
478,branm001,Mickey Brantley
479,branm003,Michael Brantley
480,branr001,Russell Branyan
481,branr101,Ron Brand
482,braur002,Ryan Braun
483,braus001,Steve Braun
484,braus002,Steven Brault
485,brayb001,Bill Bray
486,brazd001,Dewon Brazelton
487,breas001,Sid Bream
488,breeh101,Hal Breeden
489,breem101,Marv Breeding
490,brega001,Alex Bregman
491,breif001,Fred Breining
492,brenb001,Bob Brenly
493,bresc001,Craig Breslow
494,brese101,Eddie Bressoud
495,bretg001,George Brett
496,bretk101,Ken Brett
497,brewj102,Jim Brewer
498,brewt101,Tom Brewer
499,brigh101,Harry Bright
500,brigj102,John Briggs
501,brigr001,Reid Brignac
502,brilg001,Greg Briley
503,briln101,Nelson Briles
504,brine101,Ed Brinkman
505,brinl001,Lewis Brinson
506,britz001,Zack Britton
507,brobp101,Pete Broberg
508,brocd001,Doug Brocail
509,brocg001,Greg Brock
510,brocl102,Lou Brock
511,broge101,Ernie Broglio
512,brogr001,Rico Brogna
513,brohj101,Jack Brohamer
514,brooa001,Aaron Brooks
515,brooh001,Hubie Brooks
516,broot001,Tom Brookens
517,brosm001,Mike Brosseau
518,bross001,Scott Brosius
519,broub001,Ben Broussard
520,broum001,Mark Brouhard
521,browa001,Adrian Brown
522,browb001,Bobby Brown
523,browb002,Rob Brower
524,browb003,Brant Brown
525,browb101,Byron Browne
526,browc002,Chris Brown
527,browd002,Dee Brown
528,browd004,Domonic Brown
529,browd102,Dick Brown
530,browe001,Emil Brown
531,browg101,Gates Brown
532,browh001,Hunter Brown
533,browh101,Hal Brown
534,browi101,Ike Brown
535,browj001,Jerry Browne
536,browj003,Jim Brower
537,browj109,Jackie Brown
538,browk001,Kevin Brown
539,browl104,Larry Brown
540,browm002,Mike Brown
541,browm003,Mike Brown
542,browo101,Oscar Brown
543,browo102,Ollie Brown
544,brows003,Seth Brown
545,browt001,Tom Browning
546,broxj001,Jonathan Broxton
547,brubj001,JT Brubaker
548,brucb101,Bob Bruce
549,brucj001,Jay Bruce
550,brumj001,Jacob Brumfield
551,brumm101,Mike Brumley
552,brung101,George Brunet
553,brunt001,Tom Brunansky
554,brusw001,Warren Brusstar
555,brutb101,Bill Bruton
556,bryab101,Billy Bryan
557,bryak001,Kris Bryant
558,bryar101,Ron Bryant
559,bryes101,Steve Brye
560,bubik001,Kris Bubic
561,buchb002,Brian Buchanan
562,buchc001,Clay Buchholz
563,buchj102,Jerry Buchek
564,buckb001,Bill Buckner
565,buckj001,John Buck
566,buckt001,Travis Buck
567,buddd101,Don Buddin
568,buecs001,Steve Buechele
569,buehm001,Mark Buehrle
570,buehw001,Walker Buehler
571,bufod001,Damon Buford
572,bufod101,Don Buford
573,buhlb101,Bob Buhl
574,buhnj001,Jay Buhner
575,bullj001,Jim Bullinger
576,bumba001,Al Bumbry
577,bumgm001,Madison Bumgarner
578,bundd001,Dylan Bundy
579,bunkw101,Wally Bunker
580,bunnj101,Jim Bunning
581,burbd001,Dave Burba
582,burdl101,Lew Burdette
583,burgs101,Smoky Burgess
584,burgt001,Tom Burgmeier
585,burkc001,Chris Burke
586,burke001,Ellis Burks
587,burkj001,John Burkett
588,burkt001,Tim Burke
589,burla001,Alec Burleson
590,burlr001,Rick Burleson
591,burna001,A.J. Burnett
592,burnb001,Britt Burns
593,burnc002,Corbin Burnes
594,burnj001,Jeromy Burnitz
595,burnp102,Pete Burnside
596,burns001,Sean Burnett
597,burnt001,Todd Burns
598,burrb001,Brian Burres
599,burrj001,Jeff Burroughs
600,burrp001,Pat Burrell
601,burrr001,Ray Burris
602,burrs001,Sean Burroughs
603,burte101,Ellis Burton
604,busbj101,Jim Busby
605,busbs101,Steve Busby
606,buscm003,Michael Busch
607,bushd001,Dave Bush
608,bushh001,Homer Bush
609,bushr001,Randy Bush
610,buskt101,Tom Buskey
611,butcj001,John Butcher
612,butlb001,Brett Butler
613,butlb003,Billy Butler
614,butlb101,Bill Butler
615,butle001,Eddie Butler
616,butll001,Lawrence Butler
617,buxtb001,Byron Buxton
618,buzhj101,John Buzhardt
619,byrdm001,Marlon Byrd
620,byrdp001,Paul Byrd
621,byrne001,Eric Byrnes
622,bystm001,Marty Bystrom
623,cabee001,Enos Cabell
624,cabra002,Asdrubal Cabrera
625,cabrd001,Daniel Cabrera
626,cabre001,Everth Cabrera
627,cabre003,Edward Cabrera
628,cabrj002,Jolbert Cabrera
629,cabrm001,Miguel Cabrera
630,cabrm002,Melky Cabrera
631,cabro001,Orlando Cabrera
632,cabro002,Oswaldo Cabrera
633,cadag001,Greg Cadaret
634,cahit001,Trevor Cahill
635,cainl001,Lorenzo Cain
636,cainl101,Les Cain
637,cainm001,Matt Cain
638,cairm001,Miguel Cairo
639,caldi001,Ivan Calderon
640,caldm001,Mike Caldwell
641,calhk001,Kole Calhoun
642,calla001,Alberto Callaspo
643,callj101,Johnny Callison
644,camaj001,Johan Camargo
645,camem001,Mike Cameron
646,camid101,Doug Camilli
647,camik001,Ken Caminiti
648,campb001,Bill Campbell
649,campb101,Bert Campaneris
650,campd101,Dave Campbell
651,campe001,Eric Campbell
652,campr001,Rick Camp
653,camps002,Shawn Camp
654,candc001,Casey Candaele
655,candj001,John Candelaria
656,candj002,Jeimer Candelario
657,candt001,Tom Candiotti
658,cangj001,John Cangelosi
659,canhm001,Mark Canha
660,cannc101,Chris Cannizzaro
661,canng001,Griffin Canning
662,canor001,Robinson Cano
663,cansj001,Jose Canseco
664,cantj001,Jorge Cantu
665,capid101,Doug Capilla
666,caprb101,Buzz Capra
667,capuc001,Chris Capuano
668,carav001,Victor Caratini
669,carbb101,Bernie Carbo
670,cardd101,Don Cardwell
671,cardj101,Jose Cardenal
672,cardl101,Leo Cardenas
673,carea101,Andy Carey
674,carer001,Rod Carew
675,carlc102,Cisco Carlos
676,carld002,Dylan Carlson
677,carls001,Steve Carlton
678,carmd001,Don Carman
679,carmf001,Roberto Hernandez
680,carpc001,Cris Carpenter
681,carpc002,Chris Carpenter
682,carpk001,Kerry Carpenter
683,carpm001,Mike Carp
684,carpm002,Matt Carpenter
685,carrc001,Chuck Carr
686,carrc003,Carlos Carrasco
687,carrc005,Corbin Carroll
688,carrc103,Clay Carroll
689,carrc104,Cam Carreon
690,carrd104,Don Carrithers
691,carre001,Ezequiel Carrera
692,carrh001,Hector Carrasco
693,carrj001,Jamey Carroll
694,carrm001,Mark Carreon
695,cartc002,Chris Carter
696,cartg001,Gary Carter
697,cartj001,Joe Carter
698,cartl002,Lance Carter
699,cartr101,Rico Carty
700,carum001,Mike Caruso
701,caryc001,Chuck Cary
702,casac001,Curt Casali
703,casap101,Paul Casanova
704,cases001,Sean Casey
705,casha001,Andrew Cashner
706,cashd101,Dave Cash
707,cashn101,Norm Cash
708,casia001,Alexi Casilla
709,castb101,Bill Castro
710,castc001,Carmelo Castillo
711,castf001,Frank Castillo
712,casth001,Harold Castro
713,castj001,John Castino
714,castj004,Juan Castro
715,castj005,Jose Castillo
716,castj006,Jason Castro
717,castl001,Luis Castillo
718,castl003,Luis Castillo
719,castm002,Miguel Castro
720,castm101,Manny Castillo
721,castn001,Nick Castellanos
722,castr001,Bobby Castillo
723,castr002,Ramon Castro
724,casts001,Starlin Castro
725,castt001,Tony Castillo
726,castv001,Vinny Castilla
727,castw002,Welington Castillo
728,castw003,Willi Castro
729,cataf001,Frank Catalanotto
730,cated101,Danny Cater
731,caudb001,Bill Caudill
732,causw101,Wayne Causey
733,cavej001,Jake Cave
734,ceasd001,Dylan Cease
735,cecib001,Brett Cecil
736,cedea001,Andujar Cedeno
737,cedec001,Cesar Cedeno
738,ceder001,Roger Cedeno
739,ceder002,Ronny Cedeno
740,cepeo101,Orlando Cepeda
741,ceror001,Rick Cerone
742,ceruj001,John Cerutti
743,cervb101,Bob Cerv
744,cervf001,Francisco Cervelli
745,cespy001,Yoenis Cespedes
746,cessl001,Luis Cessa
747,cey-r001,Ron Cey
748,chace101,Elio Chacon
749,chacg001,Gustavo Chacin
750,chacj001,Jhoulys Chacin
751,chacs001,Shawn Chacon
752,chafa001,Andrew Chafin
753,chald101,Dave Chalk
754,chamb101,Bill Champion
755,chamc001,Chris Chambliss
756,chamj002,Joba Chamberlain
757,chamw001,Wes Chamberlain
758,chanb101,Bob Chance
759,chand101,Darrel Chaney
760,chand102,Dean Chance
761,chapa001,Aroldis Chapman
762,chapk001,Kelvin Chapman
763,chapm001,Matt Chapman
764,chare101,Ed Charles
765,charn001,Norm Charlton
766,chatt001,Tyler Chatwood
767,chave001,Eric Chavez
768,chave002,Endy Chavez
769,chavj001,Jesse Chavez
770,chenb001,Bruce Chen
771,chent101,Tom Cheney
772,chenw001,Wei-Yin Chen
773,chicm001,Matt Chico
774,chilr101,Rich Chiles
775,chirr001,Robinson Chirinos
776,chisj001,Jazz Chisholm Jr.
777,chisl001,Lonnie Chisenhall
778,choar001,Randy Choate
779,choij001,Ji Man Choi
780,choos001,Shin-Soo Choo
781,chrij002,Jason Christiansen
782,chrij101,Joe Christopher
783,chril101,Larry Christenson
784,chrir001,Ryan Christenson
785,churr001,Ryan Church
786,ciana001,Archi Cianfrocco
787,cimog101,Gino Cimoli
788,cingt001,Tony Cingrani
789,cinta001,Alex Cintron
790,cirij001,Jeff Cirillo
791,ciscg101,Galen Cisco
792,civaa001,Aaron Civale
793,clanj001,Jim Clancy
794,clarb001,Bryan Clark
795,clarb002,Bob Clark
796,clarb003,Brady Clark
797,clard001,Dave Clark
798,clarh101,Horace Clarke
799,clarj001,Jack Clark
800,clarj002,Jerald Clark
801,clarm002,Mark Clark
802,clarr104,Rickey Clark
803,clart002,Tony Clark
804,clarw001,Will Clark
805,claub001,Brandon Claussen
806,clayk101,Ken Clay
807,clayr001,Royce Clayton
808,cleam001,Mark Clear
809,clemd101,Doug Clemens
810,clemm001,Matt Clement
811,clemr001,Roger Clemens
812,clemr101,Roberto Clemente
813,clend101,Donn Clendenon
814,clevm001,Mike Clevinger
815,clevr101,Reggie Cleveland
816,clevt101,Tex Clevenger
817,cling101,Gene Clines
818,clinl101,Lou Clinton
819,clint101,Ty Cline
820,clipt001,Tyler Clippard
821,clont101,Tony Cloninger
822,clydd101,David Clyde
823,coatj101,Jim Coates
824,cobba001,Alex Cobb
825,cocaj001,Jaime Cocanower
826,codic001,Chris Codiroli
827,cofft001,Todd Coffey
828,coggr101,Rich Coggins
829,coghc001,Chris Coghlan
830,cokej101,Jimmie Coker
831,cokep001,Phil Coke
832,colar101,Rocky Colavito
833,colbg001,Greg Colbrunn
834,colbj101,Jim Colborn
835,colbn101,Nate Colbert
836,colea001,Alex Cole
837,colec105,Clarence Coleman
838,coled001,Darnell Coles
839,coleg001,Gerrit Cole
840,coleg101,Gordy Coleman
841,colej102,Joe Coleman
842,colev001,Vince Coleman
843,colld001,Dave Collins
844,collj001,Josh Collmenter
845,coloa001,Alex Colome
846,colob001,Bartolo Colon
847,colub101,Bob Coluccio
848,colvt001,Tyler Colvin
849,combp001,Pat Combs
850,comes001,Steve Comer
851,comew101,Wayne Comer
852,concd001,Dave Concepcion
853,conco001,Onix Concepcion
854,coned001,David Cone
855,confm001,Michael Conforto
856,congh001,Hank Conger
857,conib101,Billy Conigliaro
858,conij001,Jeff Conine
859,conit101,Tony Conigliaro
860,conla001,Adam Conley
861,conlg101,Gene Conley
862,conrt001,Tim Conroy
863,contj002,Jose Contreras
864,contw001,Willson Contreras
865,contw002,William Contreras
866,cooka002,Aaron Cook
867,cookd001,Dennis Cook
868,cooks001,Steve Cooke
869,coomd101,Danny Coombs
870,coomr001,Ron Coomer
871,coopc001,Cecil Cooper
872,coopg002,Garrett Cooper
873,coops001,Scott Cooper
874,coraa001,Alex Cora
875,coraj001,Joey Cora
876,corbd001,Doug Corbett
877,corbp001,Patrick Corbin
878,corbr101,Ray Corbin
879,corct001,Tim Corcoran
880,cordf001,Francisco Cordova
881,cordf002,Francisco Cordero
882,cordm001,Marty Cordova
883,cordw001,Wil Cordero
884,corkm101,Mike Corkins
885,cormr001,Rheal Cormier
886,cornn001,Nate Cornejo
887,corpc001,Carlos Corporan
888,corrc001,Carlos Correa
889,corrk001,Kevin Correia
890,corrp102,Pat Corrales
891,corrv101,Vic Correll
892,cortn001,Nestor Cortes
893,cosaj001,Jarred Cosart
894,cosgm101,Mike Cosgrove
895,cottc101,Chuck Cottier
896,cotth001,Henry Cotto
897,cottn001,Neal Cotts
898,counc001,Craig Counsell
899,coved001,Dylan Covey
900,coviw101,Wes Covington
901,cowab101,Billy Cowan
902,cowea001,Al Cowens
903,cowlj001,Joe Cowley
904,cox-b103,Bobby Cox
905,cox-c101,Casey Cox
906,cox-d001,Danny Cox
907,cox-l101,Larry Cox
908,cox-s001,Steve Cox
909,cozaz001,Zack Cozart
910,crabt001,Tim Crabtree
911,craia001,Allen Craig
912,craij001,Jesse Crain
913,crair101,Roger Craig
914,crand102,Del Crandall
915,crawb001,Brandon Crawford
916,crawc002,Carl Crawford
917,crawj002,J.P. Crawford
918,crawj102,Jim Crawford
919,crawk001,Kutter Crawford
920,craws001,Steve Crawford
921,craww101,Willie Crawford
922,credj001,Joe Crede
923,crewt001,Tim Crews
924,crimc001,Chuck Crim
925,crisc001,Coco Crisp
926,cromw101,Warren Cromartie
927,cronc002,C.J. Cron
928,cronj001,Jake Cronenworth
929,crosb002,Bobby Crosby
930,crowt101,Terry Crowley
931,cruzd001,Deivi Cruz
932,cruzh101,Heity Cruz
933,cruzj001,Jose Cruz
934,cruzj002,Julio Cruz
935,cruzj004,Jose Cruz
936,cruzj005,Juan Cruz
937,cruzn002,Nelson Cruz
938,cruzt001,Todd Cruz
939,cubbm101,Mike Cubbage
940,cuddm001,Michael Cuddyer
941,cuelm101,Mike Cuellar
942,cuetj001,Johnny Cueto
943,culbc001,Charlie Culberson
944,cullt101,Tim Cullen
945,culpr101,Ray Culp
946,culvg101,George Culver
947,cumbj101,John Cumberland
948,cunnj101,Joe Cunningham
949,currt101,Tony Curry
950,curtc001,Chad Curtis
951,curtj001,Jack Curtis
952,curtj102,Jack Curtis
953,custj001,Jack Cust
954,cuthc001,Cheslor Cuthbert
955,cuylm001,Milt Cuyler
956,daalo001,Omar Daal
957,dacqj101,John D'Acquisto
958,dadep101,Paul Dade
959,dahld001,David Dahl
960,dalbb001,Bobby Dalbec
961,dalcb101,Bruce DalCanton
962,daleb102,Bud Daley
963,dalep101,Pete Daley
964,dalrc101,Clay Dalrymple
965,damij001,Jeff D'Amico
966,damoj001,Johnny Damon
967,danib102,Bennie Daniels
968,danik001,Kal Daniels
969,dankj001,John Danks
970,darev001,Vic Darensbourg
971,darlr001,Ron Darling
972,darnt001,Travis d'Arnaud
973,darvy001,Yu Darvish
974,darwb101,Bobby Darwin
975,darwd001,Danny Darwin
976,dascd001,Doug Dascenzo
977,daubb001,Brian Daubach
978,dauer001,Rich Dauer
979,dauld001,Darren Daulton
980,davaj001,Jeff DaVanon
981,davav101,Vic Davalillo
982,davej101,Jim Davenport
983,davia002,Alvin Davis
984,davib003,Ben Davis
985,davic001,Chili Davis
986,davic003,Chris Davis
987,david002,Doug Davis
988,david101,Dick Davis
989,davie001,Eric Davis
990,davig001,Glenn Davis
991,davii001,Ike Davis
992,davij001,Jody Davis
993,davij002,Joel Davis
994,davij005,Jason Davis
995,davij006,J.D. Davis
996,davik002,Kyle Davies
997,davik003,Khris Davis
998,davim001,Mark Davis
999,davim002,Mike Davis
1000,davim003,Mark Davidson
1001,davim005,Matt Davidson
1002,davir001,Ron Davis
1003,davir002,Russ Davis
1004,davir003,Rajai Davis
1005,davir102,Ron Davis
1006,davis001,Storm Davis
1007,davit103,Tommy Davis
1008,daviw001,Wade Davis
1009,daviw102,Willie Davis
1010,daviz001,Zach Davies
1011,dawlb001,william dawley
1012,dawsa001,Andre Dawson
1013,day-b102,Boots Day
1014,day-z001,Zach Day
1015,daylk001,Ken Dayley
1016,dazay001,Yonathan Daza
1017,deant101,Tommy Dean
1018,deaza001,Alejandro de Aza
1019,decid001,Doug DeCinces
1020,deckj101,Joe Decker
1021,dedmj001,Jeff Dedmon
1022,dedus001,Samuel Deduno
1023,deerr001,Rob Deer
1024,degrj001,Jacob deGrom
1025,dejed001,David DeJesus
1026,dejei001,Ivan DeJesus
1027,dejej001,Jose DeJesus
1028,dejem001,Mike DeJean
1029,dejop001,Paul DeJong
1030,delab001,Bryan De La Cruz
1031,delae003,Elly De La Cruz
1032,delaj001,Jorge de la Rosa
1033,delam101,Mike de la Hoz
1034,delar003,Rubby de la Rosa
1035,delej001,Jose DeLeon
1036,delel001,Luis DeLeon
1037,delgb101,Bobby Del Greco
1038,delgc001,Carlos Delgado
1039,delgr001,Randall Delgado
1040,delld001,David Dellucci
1041,deloi101,Ike Delock
1042,delur001,Rich DeLucia
1043,demed101,Don Demeter
1044,demel101,Larry Demery
1045,dempr001,Rick Dempsey
1046,dempr002,Ryan Dempster
1047,dennj001,John Denny
1048,denoc001,Chris Denorfia
1049,dentb001,Bucky Dent
1050,dernb001,Bob Dernier
1051,derom001,Mark DeRosa
1052,desca001,Anthony DeSclafani
1053,descd001,Daniel Descalso
1054,deshd001,Delino DeShields
1055,deshd002,Delino DeShields
1056,deshj001,Jim Deshaies
1057,desmi001,Ian Desmond
1058,despo001,Odrisamer Despaigne
1059,desse001,Elmer Dessens
1060,detmr001,Reid Detmers
1061,detwr001,Ross Detwiler
1062,devem001,Mike Devereaux
1063,dever001,Rafael Devers
1064,dewib001,Blake DeWitt
1065,diams001,Scott Diamond
1066,diaza001,Alex Diaz
1067,diaza003,Aledmys Diaz
1068,diazb001,Bo Diaz
1069,diaze002,Einar Diaz
1070,diaze005,Elias Diaz
1071,diaze006,Edwin Diaz
1072,diazm001,Mike Diaz
1073,diazm003,Matt Diaz
1074,diazy001,Yandy Diaz
1075,dibbr001,Rob Dibble
1076,dicka001,Alex Dickerson
1077,dickc002,Corey Dickerson
1078,dickj001,Jason Dickson
1079,dickr001,R.A. Dickey
1080,didib101,Bob Didier
1081,diekj001,Jake Diekman
1082,dierl101,Larry Dierker
1083,dietd001,Derek Dietrich
1084,dietd101,Dick Dietz
1085,difem001,Mike DiFelice
1086,difow001,Wilmer Difo
1087,dills101,Steve Dillard
1088,dilom001,Miguel Dilone
1089,dipif001,Frank DiPino
1090,dipoj001,Jerry Dipoto
1091,dirka001,Andy Dirks
1092,disag001,Gary DiSarcina
1093,ditma101,Art Ditmar
1094,dixok001,Ken Dixon
1095,dobbd101,Dan Dobbek
1096,dobbg001,Greg Dobbs
1097,dobsc101,Chuck Dobson
1098,dobsp101,Pat Dobson
1099,dohej001,John Doherty
1100,domim001,Matt Dominguez
1101,donaj001,Josh Donaldson
1102,donaj101,John Donaldson
1103,donob001,Brendan Donovan
1104,donod101,Dick Donovan
1105,dools001,Sean Doolittle
1106,dopsj001,John Dopson
1107,dorab001,Bill Doran
1108,doteo001,Octavio Dotel
1109,dotsr001,Rich Dotson
1110,doubf001,Felix Doubront
1111,doumr001,Ryan Doumit
1112,downa101,Al Downing
1113,downb001,Brian Downing
1114,downk001,Kelly Downs
1115,downs001,Scott Downs
1116,doyld102,Denny Doyle
1117,dozib001,Brian Dozier
1118,dozih001,Hunter Dozier
1119,drabd001,Doug Drabek
1120,drabm101,Moe Drabowsky
1121,dragd101,Dick Drago
1122,dravd001,Dave Dravecky
1123,dreid001,Darren Dreifort
1124,dresr001,Ryan Drese
1125,drewj001,J.D. Drew
1126,drews001,Stephen Drew
1127,dried001,Dan Driessen
1128,drist001,Travis Driskill
1129,dropw101,Walt Dropo
1130,drotd101,Dick Drott
1131,drurb001,Brandon Drury
1132,drysd101,Don Drysdale
1133,dubom001,Mauricio Dubon
1134,duchj001,Justin Duchscherer
1135,duckb001,Brandon Duckworth
1136,duckj101,Jim Duckworth
1137,dudal001,Lucas Duda
1138,duenb001,Brian Duensing
1139,duffc001,Chris Duffy
1140,duffd001,Danny Duffy
1141,dufff101,Frank Duffy
1142,duffj102,Jim Duffalo
1143,duffm002,Matt Duffy
1144,dufft001,Tyler Duffey
1145,dukee001,Elijah Dukes
1146,dukez001,Zach Duke
1147,duncc002,Chris Duncan
1148,duncd101,Dave Duncan
1149,duncm001,Mariano Duncan
1150,duncs001,Shelley Duncan
1151,dunna001,Adam Dunn
1152,dunnd001,Dane Dunning
1153,dunnm001,Mike Dunne
1154,dunnm002,Michael Dunn
1155,dunns101,Steve Dunning
1156,dunss001,Shawon Dunston
1157,dunwt001,Todd Dunwoody
1158,durae001,Erubiel Durazo
1159,durae002,Ezequiel Duran
1160,duraj001,Jarren Duran
1161,durbc001,Chad Durbin
1162,durhl001,Leon Durham
1163,durhr001,Ray Durham
1164,duvaa001,Adam Duvall
1165,dwyej001,Jim Dwyer
1166,dybzj001,Jerry Dybzinski
1167,dye-j001,Jermaine Dye
1168,dyerd101,Duffy Dyer
1169,dyksl001,Lenny Dykstra
1170,dysoj001,Jarrod Dyson
1171,earla101,Arnold Early
1172,easld001,Damion Easley
1173,easlm001,Mike Easler
1174,eastj001,Jamie Easterly
1175,eastr101,Rawly Eastwick
1176,eatoa001,Adam Eaton
1177,eatoa002,Adam Eaton
1178,ecked001,Dennis Eckersley
1179,ecksd001,David Eckstein
1180,edmat001,Tommy Edman
1181,edmoj001,Jim Edmonds
1182,edwad101,Dave Edwards
1183,edwad102,Doc Edwards
1184,edwaj101,Johnny Edwards
1185,edwam101,Mike Edwards
1186,efliz001,Zach Eflin
1187,egant101,Tom Egan
1188,eichj001,Juan Eichelberger
1189,eichm001,Mark Eichhorn
1190,eickj001,Jerad Eickhoff
1191,eiscj001,Joey Eischen
1192,eisej001,Jim Eisenreich
1193,elars001,Scott Elarton
1194,eldeb001,Bryce Elder
1195,eldrc001,Cal Eldred
1196,ellia001,A.J. Ellis
1197,ellid101,Dock Ellis
1198,ellij101,John Ellis
1199,ellil101,Larry Elliot
1200,ellim001,Mark Ellis
1201,ellis101,Sammy Ellis
1202,ellsd101,Dick Ellsworth
1203,ellsj001,Jacoby Ellsbury
1204,elstd101,Don Elston
1205,elstk001,Kevin Elster
1206,embra001,Alan Embree
1207,encae001,Edwin Encarnacion
1208,encaj001,Juan Encarnacion
1209,engea001,Adam Engel
1210,engld001,Dave Engle
1211,ensbm001,Morgan Ensberg
1212,eovan001,Nathan Eovaldi
1213,epstm101,Mike Epstein
1214,ericr101,Roger Erickson
1215,erics001,Scott Erickson
1216,erstd001,Darin Erstad
1217,esasn001,Nick Esasky
1218,escoa003,Alcides Escobar
1219,escoe001,Eduardo Escobar
1220,escok001,Kelvim Escobar
1221,escoy001,Yunel Escobar
1222,espia001,Alvaro Espinoza
1223,espid001,Danny Espinosa
1224,espin101,Nino Espinosa
1225,espis001,Santiago Espinal
1226,espyc001,Cecil Espy
1227,essec101,Chuck Essegian
1228,essij001,Jim Essian
1229,estec001,Carlos Estevez
1230,estes001,Shawn Estes
1231,estrc101,Chuck Estrada
1232,estrj001,Johnny Estrada
1233,estrm001,Marco Estrada
1234,estrt001,Thairo Estrada
1235,etcha101,Andy Etchebarren
1236,ethia001,Andre Ethier
1237,euset001,Tony Eusebio
1238,evanb101,Barry Evans
1239,evand001,Darrell Evans
1240,evand002,Dwight Evans
1241,evera001,Adam Everett
1242,everc001,Carl Everett
1243,eyres001,Scott Eyre
1244,fabrj001,Jorge Fabregas
1245,facer101,Roy Face
1246,faheb101,Bill Fahey
1247,fairj102,Jim Fairey
1248,fairr101,Ron Fairly
1249,falcp001,Pete Falcone
1250,faltb001,Bailey Falter
1251,famij001,Jeurys Familia
1252,fanzc101,Carmen Fanzone
1253,farmb001,Buck Farmer
1254,farmk001,Kyle Farmer
1255,farnk001,Kyle Farnsworth
1256,farrj001,John Farrell
1257,farrs001,Steve Farr
1258,farrt101,Turk Farrell
1259,fassj001,Jeff Fassero
1260,feblc001,Carlos Febles
1261,fedde001,Erick Fedde
1262,feldm001,Mike Felder
1263,felds001,Scott Feldman
1264,felij001,Junior Felix
1265,felip001,Pedro Feliz
1266,felip002,Pedro Feliciano
1267,fergj101,Joe Ferguson
1268,fermf001,Felix Fermin
1269,ferna001,Alex Fernandez
1270,fernc102,Chico Fernandez
1271,fernf101,Frank Fernandez
1272,fernj003,Jose Fernandez
1273,ferno001,Osvaldo Fernandez
1274,ferns001,Sid Fernandez
1275,fernt001,Tony Fernandez
1276,ferra101,Al Ferrara
1277,fettm001,Mike Fetters
1278,fickr001,Robert Fick
1279,fidrm101,Mark Fidrych
1280,fielc001,Cecil Fielder
1281,fielp001,Prince Fielder
1282,fienc001,Casey Fien
1283,fierm001,Mike Fiers
1284,figgc001,Chone Figgins
1285,figue101,Ed Figueroa
1286,figun001,Nelson Figueroa
1287,filsp001,Pete Filson
1288,fingr001,Rollie Fingers
1289,finlc001,Chuck Finley
1290,finls001,Steve Finley
1291,fiorm101,Mike Fiore
1292,fiscb101,Bill Fischer
1293,fisch101,Hank Fischer
1294,fiscm001,Mike Fischlin
1295,fishb001,Brian Fisher
1296,fishe102,Eddie Fisher
1297,fishj101,Jack Fisher
1298,fiskc001,Carlton Fisk
1299,fistd001,Doug Fister
1300,fitza101,Al Fitzmorris
1301,fitzm001,Mike Fitzgerald
1302,flahj001,John Flaherty
1303,flahj002,Jack Flaherty
1304,flahr001,Ryan Flaherty
1305,flanm001,Mike Flanagan
1306,flant001,Tim Flannery
1307,flemd001,Dave Fleming
1308,fletd001,Darrin Fletcher
1309,fletd002,David Fletcher
1310,flets001,Scott Fletcher
1311,flexc001,Chris Flexen
1312,flooc101,Curt Flood
1313,florw001,Wilmer Flores
1314,flowt001,Tyler Flowers
1315,floyc001,Cliff Floyd
1316,floyg001,Gavin Floyd
1317,flynd001,Doug Flynn
1318,foggj001,Josh Fogg
1319,folet001,Tom Foley
1320,folit001,Tim Foli
1321,folkr101,Rich Folkers
1322,foltm001,Mike Foltynewicz
1323,fontm001,Mike Fontenot
1324,footb101,Barry Foote
1325,fordb001,Brook Fordyce
1326,fordc001,Curt Ford
1327,fordd001,Dan Ford
1328,fordl001,Lew Ford
1329,fordt102,Ted Ford
1330,fordw101,Whitey Ford
1331,fornm101,Mike Fornieles
1332,forsb001,Bob Forsch
1333,forsk001,Ken Forsch
1334,forsl001,Logan Forsythe
1335,forst001,Terry Forster
1336,fossc001,Casey Fossum
1337,fossr101,Ray Fosse
1338,fosst001,Tony Fossas
1339,fosta101,Alan Foster
1340,fostg001,George Foster
1341,fostk001,Kevin Foster
1342,fostr101,Roy Foster
1343,foucs101,Steve Foucault
1344,foulk001,Keith Foulke
1345,fowld001,Dexter Fowler
1346,fox-a001,Andy Fox
1347,fox-n101,Nellie Fox
1348,fox-t101,Terry Fox
1349,foy-j101,Joe Foy
1350,foytp101,Paul Foytack
1351,franb001,Ben Francisco
1352,frane101,Earl Francis
1353,franj001,John Franco
1354,franj002,Julio Franco
1355,franj003,Jeff Francis
1356,franj004,Jeff Francoeur
1357,franm004,Maikel Franco
1358,frann001,Nick Franklin
1359,franr001,Ryan Franklin
1360,frant001,Terry Francona
1361,frant002,Ty France
1362,frant101,Tito Francona
1363,franw001,Wayne Franklin
1364,frasj002,Jason Frasor
1365,frasw001,Willie Fraser
1366,fraza001,Adam Frazier
1367,frazg001,George Frazier
1368,frazt001,Todd Frazier
1369,freeb103,Bill Freehan
1370,freed001,David Freese
1371,freef001,Freddie Freeman
1372,freeg102,Gene Freese
1373,freek001,Kyle Freeland
1374,freem001,Marvin Freeman
1375,freer001,Ryan Freel
1376,freer101,Roger Freed
1377,fregj101,Jim Fregosi
1378,freid101,Dave Freisleben
1379,frels001,Sal Frelick
1380,frenj101,Jim French
1381,friap101,Pepe Frias
1382,frieb102,Bob Friend
1383,friem001,Max Fried
1384,friet001,TJ Friedl
1385,frisd101,Danny Frisella
1386,froht001,Todd Frohwirth
1387,frosd101,Dave Frost
1388,fryej001,Jeff Frye
1389,frymt001,Travis Fryman
1390,frymw101,Woodie Fryman
1391,fuenb001,Brian Fuentes
1392,fuent101,Tito Fuentes
1393,fukuk001,Kosuke Fukudome
1394,fulds001,Sam Fuld
1395,fullb001,Brad Fullmer
1396,fullv101,Vern Fuller
1397,fulmm001,Michael Fulmer
1398,fulta001,Aaron Fultz
1399,furcr001,Rafael Furcal
1400,gabrl102,Len Gabrielson
1401,gaetg001,Gary Gaetti
1402,gaglp101,Phil Gagliano
1403,gagne001,Eric Gagne
1404,gagng001,Greg Gagne
1405,gainj101,Joe Gaines
1406,galaa001,Andres Galarraga
1407,galaa002,Armando Galarraga
1408,galer001,Rich Gale
1409,galla101,Al Gallagher
1410,galld001,Dave Gallagher
1411,gallj002,Joey Gallo
1412,gallm001,Mike Gallego
1413,gally001,Yovani Gallardo
1414,gallz001,Zac Gallen
1415,galvf001,Freddy Galvis
1416,gambo001,Oscar Gamble
1417,gameb001,Ben Gamel
1418,gantj001,Jim Gantner
1419,gantr001,Ron Gant
1420,garbb001,Barbaro Garbey
1421,garbg001,Gene Garber
1422,garca003,Avisail Garcia
1423,garca004,Adonis Garcia
1424,garca005,Adolis Garcia
1425,garcc001,Carlos Garcia
1426,garcd001,Damaso Garcia
1427,garcf001,Freddy Garcia
1428,garcf002,Freddy Garcia
1429,garcj002,Santiago Casilla
1430,garcj004,Jaime Garcia
1431,garck001,Kiko Garcia
1432,garcl004,Leury Garcia
1433,garcl006,Luis Garcia Jr.
1434,garcl007,Luis Garcia
1435,garcm003,Maikel Garcia
1436,garcn001,Nomar Garciaparra
1437,garcp101,Pedro Garcia
1438,gardb001,Brett Gardner
1439,gardb101,Billy Gardner
1440,gardm001,Mark Gardner
1441,gardm002,Mike Gardiner
1442,gardr001,Ron Gardenhire
1443,gardr101,Rob Gardner
1444,gardw001,Wes Gardner
1445,garkr001,Ryan Garko
1446,garlj001,Jon Garland
1447,garlw101,Wayne Garland
1448,garmm101,Mike Garman
1449,garnp001,Phil Garner
1450,garra001,Amir Garrett
1451,garrb001,Braxton Garrett
1452,garrg101,Gil Garrido
1453,garrr101,Ralph Garr
1454,garrs001,Scott Garrelts
1455,garrw101,Wayne Garrett
1456,garvj101,Jerry Garvin
1457,garvm001,Mitch Garver
1458,garvs001,Steve Garvey
1459,garzm001,Matt Garza
1460,gastc101,Cito Gaston
1461,gateb001,Brent Gates
1462,gathj001,Joey Gathright
1463,gatte001,Evan Gattis
1464,gaudc001,Chad Gaudin
1465,gausk001,Kevin Gausman
1466,gedmr001,Rich Gedman
1467,gee-d001,Dillon Gee
1468,geigg101,Gary Geiger
1469,genns001,Scooter Gennett
1470,gentc001,Craig Gentry
1471,gentg101,Gary Gentry
1472,gentj101,Jim Gentile
1473,georc002,Chris George
1474,gerhk001,Ken Gerhart
1475,germd001,Domingo German
1476,germe001,Esteban German
1477,geroc101,Cesar Geronimo
1478,geruj001,Jody Gerut
1479,getzc001,Chris Getz
1480,giamj001,Jason Giambi
1481,giamj002,Jeremy Giambi
1482,gibbj002,Jay Gibbons
1483,gibbj101,Jake Gibbs
1484,gibbj102,Joe Gibbon
1485,gibsb001,Bob Gibson
1486,gibsb101,Bob Gibson
1487,gibsk001,Kirk Gibson
1488,gibsk002,Kyle Gibson
1489,gibsp001,Paul Gibson
1490,gil-b001,Benji Gil
1491,gil-g001,Geronimo Gil
1492,gilbl002,Logan Gilbert
1493,gilbr101,Rod Gilbreath
1494,gileb001,Brian Giles
1495,gileb002,Brian Giles
1496,gilem001,Marcus Giles
1497,gilkb001,Bernard Gilkey
1498,gillc001,Conor Gillaspie
1499,gillj102,Jim Gilliam
1500,gimea001,Andres Gimenez
1501,gioll001,Lucas Giolito
1502,giraj001,Joe Girardi
1503,giusd101,Dave Giusti
1504,givem001,Mychal Givens
1505,gladd001,Dan Gladden
1506,gladf102,Fred Gladding
1507,gland001,Doug Glanville
1508,glast001,Tyler Glasnow
1509,glaut001,Troy Glaus
1510,glavt001,Tom Glavine
1511,gloar001,Ross Gload
1512,glovg001,Gary Glover
1513,gobbj001,Jimmy Gobble
1514,godlz001,Zack Godley
1515,gogob101,Bill Gogolewski
1516,goinr001,Ryan Goins
1517,goldj102,Jim Golden
1518,goldp001,Paul Goldschmidt
1519,goltd101,Dave Goltz
1520,gomba001,Austin Gomber
1521,gomec001,Chris Gomez
1522,gomec002,Carlos Gomez
1523,gomej001,Jonny Gomes
1524,gomej002,Jeanmar Gomez
1525,gomel001,Leo Gomez
1526,gomel101,Luis Gomez
1527,gomey001,Yan Gomes
1528,gondj101,Jesse Gonder
1529,gonst001,Tony Gonsolin
1530,gonza001,Alex Gonzalez
1531,gonza002,Alex Gonzalez
1532,gonza003,Adrian Gonzalez
1533,gonza005,Alberto Gonzalez
1534,gonzc001,Carlos Gonzalez
1535,gonzf101,Fernando Gonzalez
1536,gonzg003,Gio Gonzalez
1537,gonzj001,Jose Gonzalez
1538,gonzj002,Juan Gonzalez
1539,gonzj003,Jeremi Gonzalez
1540,gonzj101,Julio Gonzalez
1541,gonzl001,Luis Gonzalez
1542,gonzl004,Luis Gonzalez
1543,gonzm001,Michael Gonzalez
1544,gonzm002,Marwin Gonzalez
1545,gonzm003,Miguel Gonzalez
1546,gonzm005,Marco Gonzales
1547,gonzp101,Pedro Gonzalez
1548,gonzr001,Rene Gonzales
1549,gonzt101,Tony Gonzalez
1550,goodb001,Brian Goodwin
1551,goodd001,Dwight Gooden
1552,goodd101,Danny Goodwin
1553,goode101,Ed Goodson
1554,goodn002,Niko Goodrum
1555,goodt001,Tom Goodwin
1556,gorda001,Alex Gordon
1557,gordd002,Dee Strange-Gordon
1558,gordn001,Nick Gordon
1559,gordt001,Tom Gordon
1560,gorem001,MacKenzie Gore
1561,gormn001,Nolan Gorman
1562,gorzt001,Tom Gorzelanny
1563,gosea001,Anthony Gose
1564,gosgj101,Jim Gosger
1565,gossh101,Howie Goss
1566,gossp001,Phil Gosselin
1567,gossr001,Rich Gossage
1568,gotaj101,Julio Gotay
1569,gottj001,Jim Gott
1570,grabb101,Billy Grabarkewitz
1571,grabj002,John Grabow
1572,gracm001,Mark Grace
1573,graft001,Tony Graffanino
1574,grahd101,Dan Graham
1575,grahj001,Joe Grahe
1576,grama101,Alex Grammas
1577,granc001,Curtis Granderson
1578,granj101,Jim Grant
1579,granm001,Mark Grant
1580,granw101,Wayne Granger
1581,grany001,Yasmani Grandal
1582,gravd001,Danny Graves
1583,gravk001,Kendall Graveman
1584,grayg101,Gary Gray
1585,grayj003,Jon Gray
1586,grayj004,Josiah Gray
1587,grays001,Sonny Gray
1588,grbae101,Eli Grba
1589,grebc001,Craig Grebeck
1590,greed001,David Green
1591,greed101,Dallas Green
1592,greed102,Dick Green
1593,greeg101,Gene Green
1594,greeh001,Hunter Greene
1595,greek002,Khalil Greene
1596,greel101,Lenny Green
1597,greem001,Mike Greenwell
1598,green001,Nick Green
1599,greep102,Pumpsie Green
1600,greer001,Rusty Greer
1601,greer003,Riley Greene
1602,grees001,Shawn Green
1603,grees005,Shane Greene
1604,greet001,Tommy Greene
1605,greet002,Tyler Green
1606,greet003,Todd Greene
1607,greew001,Willie Greene
1608,gregd001,Didi Gregorius
1609,gregk001,Kevin Gregg
1610,gregl001,Luke Gregerson
1611,gregt001,Tommy Gregg
1612,greib101,Bill Greif
1613,greiz001,Zack Greinke
1614,gricb001,Bobby Grich
1615,gricr001,Randal Grichuk
1616,grieb001,Ben Grieve
1617,griet101,Tom Grieve
1618,grifa001,Alfredo Griffin
1619,grifa002,A.J. Griffin
1620,grifd101,Doug Griffin
1621,grifk001,Ken Griffey
1622,grifk002,Ken Griffey
1623,grift101,Tom Griffin
1624,grimj001,Jason Grimsley
1625,grimr101,Ross Grimsley
1626,grism001,Marquis Grissom
1627,grist001,Trent Grisham
1628,groad101,Dick Groat
1629,groob001,Buddy Groom
1630,grosg001,Greg Gross
1631,grosg002,Gabe Gross
1632,grosk001,Kevin Gross
1633,grosr001,Robbie Grossman
1634,grosw001,Wayne Gross
1635,grotj101,Jerry Grote
1636,grubj001,John Grubb
1637,grubk001,Kelly Gruber
1638,grudm001,Mark Grudzielanek
1639,gselr001,Robert Gsellman
1640,guanc001,Cecilio Guante
1641,guare001,Eddie Guardado
1642,gubim001,Mark Gubicza
1643,guerj003,Junior Guerra
1644,guerm001,Matt Guerrier
1645,guerm101,Mario Guerrero
1646,guerp001,Pedro Guerrero
1647,guerv001,Vladimir Guerrero
1648,guerv002,Vladimir Guerrero Jr.
1649,guerw001,Wilton Guerrero
1650,guetl001,Lee Guetterman
1651,guidr001,Ron Guidry
1652,guiea001,Aaron Guiel
1653,guilc001,Carlos Guillen
1654,guilj001,Jose Guillen
1655,guilo001,Ozzie Guillen
1656,gullb001,Bill Gullickson
1657,gulld101,Don Gullett
1658,gunde001,Eric Gunderson
1659,gural001,Larry Gura
1660,gurrl001,Lourdes Gurriel Jr.
1661,gurry001,Yuli Gurriel
1662,guthj001,Jeremy Guthrie
1663,guthm001,Mark Guthrie
1664,gutif001,Franklin Gutierrez
1665,gutir001,Ricky Gutierrez
1666,guyeb001,Brandon Guyer
1667,guzmc001,Cristian Guzman
1668,guzmj001,Jose Guzman
1669,guzmj003,Juan A. Guzman
1670,guzmj005,Jesus Guzman
1671,gwynt001,Tony Gwynn
1672,gwynt002,Anthony Gwynn
1673,gyorj001,Jedd Gyorko
1674,haase001,Eric Haase
1675,haasm001,Moose Haas
1676,habyj001,John Habyan
1677,haddh101,Harvey Haddix
1678,hadej001,Josh Hader
1679,hafnt001,Travis Hafner
1680,haguj101,Joe Hague
1681,hahnd102,Don Hahn
1682,hairj001,Jerry Hairston
1683,hairj002,Jerry Hairston
1684,hairs001,Scott Hairston
1685,halaj001,John Halama
1686,halie101,Ed Halicki
1687,halla001,Albert Hall
1688,hallb001,Bill Hall
1689,halld101,Dick Hall
1690,hallj107,Jimmie Hall
1691,hallm001,Mel Hall
1692,hallr001,Roy Halladay
1693,hallt001,Toby Hall
1694,hallt101,Tom Hall
1695,hallt102,Tom Haller
1696,halts001,Shane Halter
1697,hameb001,Bob Hamelin
1698,hamec001,Cole Hamels
1699,hamib001,Billy Hamilton
1700,hamid001,Darryl Hamilton
1701,hamid101,Dave Hamilton
1702,hamij001,Jeff Hamilton
1703,hamij002,Joey Hamilton
1704,hamij003,Josh Hamilton
1705,hamij101,Jack Hamilton
1706,hamis101,Steve Hamilton
1707,hamlk101,Ken Hamlin
1708,hamma001,Atlee Hammaker
1709,hammc001,Chris Hammond
1710,hammj001,Jeffrey Hammonds
1711,hammj002,Jason Hammel
1712,hampg001,Garrett Hampson
1713,hampm001,Mike Hampton
1714,handb001,Brad Hand
1715,handb101,Bill Hands
1716,handr101,Rich Hand
1717,hanec001,Chris Haney
1718,hanel101,Larry Haney
1719,hanim001,Mitch Haniger
1720,hanir001,Ryan Hanigan
1721,hannj001,Jack Hannahan
1722,hannj102,Jim Hannan
1723,hannp101,Preston Hanna
1724,hansd001,Dave Hansen
1725,hanse001,Erik Hanson
1726,hansr102,Ron Hansen
1727,hanst001,Tommy Hanson
1728,happi001,Ian Happ
1729,happj001,J.A. Happ
1730,haraa001,Aaron Harang
1731,hardc101,Carroll Hardy
1732,hardj003,J.J. Hardy
1733,hardj101,Jim Hardin
1734,hardr001,Rich Harden
1735,hared001,Dan Haren
1736,hargm001,Mike Hargrove
1737,hargs101,Steve Hargan
1738,harkm001,Mike Harkey
1739,harkt101,Tim Harkness
1740,harll101,Larry Harlow
1741,harmt101,Terry Harmon
1742,harnp001,Pete Harnisch
1743,harpb001,Brian Harper
1744,harpb003,Bryce Harper
1745,harpt001,Terry Harper
1746,harpt002,Travis Harper
1747,harpt101,Tommy Harper
1748,harrb001,Brendan Harris
1749,harrb101,Bud Harrelson
1750,harrc101,Chuck Harrison
1751,harrg001,Greg A. Harris
1752,harrg002,Greg W. Harris
1753,harrj002,Josh Harrison
1754,harrk101,Ken Harrelson
1755,harrl001,Lenny Harris
1756,harrl002,Lucas Harrell
1757,harrm001,Matt Harrison
1758,harrm004,Michael Harris II
1759,harrr102,Roric Harrison
1760,harrt001,Toby Harrah
1761,harrv101,Vic Harris
1762,harrw001,Willie Harris
1763,hartc001,Corey Hart
1764,hartc105,Chuck Hartenstein
1765,hartj102,James Hart
1766,hartp001,Paul Hartzell
1767,harvk001,Ken Harvey
1768,harvm001,Matt Harvey
1769,haseb001,Bill Haselman
1770,hases001,Shigetoshi Hasegawa
1771,hassa001,Andy Hassler
1772,hassr001,Ron Hassey
1773,hatcb001,Billy Hatcher
1774,hatcm001,Mickey Hatcher
1775,hatts001,Scott Hatteberg
1776,haust101,Tom Hausman
1777,haveb001,Brad Havens
1778,hawka001,Andy Hawkins
1779,hawkl001,LaTroy Hawkins
1780,hawpb001,Brad Hawpe
1781,hayec001,Charlie Hayes
1782,hayek001,Ke'Bryan Hayes
1783,hayev001,Von Hayes
1784,haynj001,Jimmy Haynes
1785,haysa001,Austin Hays
1786,headc001,Chase Headley
1787,healf102,Fran Healy
1788,healr001,Ryon Healy
1789,heana001,Andrew Heaney
1790,heatm001,Mike Heath
1791,heatn001,Neal Heaton
1792,heavd101,Dave Heaverlo
1793,hebnr001,Richie Hebner
1794,hecha001,Adeiny Hechavarria
1795,hedga001,Austin Hedges
1796,hedlm101,Mike Hedlund
1797,heepd001,Danny Heep
1798,heffb101,Bob Heffner
1799,hegam101,Mike Hegan
1800,heidj101,Jack Heidemann
1801,heila001,Aaron Heilman
1802,heimj001,Jonah Heim
1803,heisa101,Al Heist
1804,heisb101,Bob Heise
1805,heisc001,Chris Heisey
1806,heldw101,Woodie Held
1807,hellj001,Jeremy Hellickson
1808,hellr001,Rick Helling
1809,helmt101,Tommy Helms
1810,helmw001,Wes Helms
1811,heltt001,Todd Helton
1812,hemos001,Scott Hemond
1813,hendb101,Bob Hendley
1814,hendd001,Dave Henderson
1815,hende103,Ellie Hendricks
1816,hendg001,George Hendrick
1817,hendg002,Gunnar Henderson
1818,hendk001,Kyle Hendricks
1819,hendk101,Ken Henderson
1820,hendl001,Liam Hendriks
1821,hendm001,Mark Hendrickson
1822,hendr001,Rickey Henderson
1823,hends001,Steve Henderson
1824,henkt001,Tom Henke
1825,hennm001,Mike Henneman
1826,henrb001,Butch Henry
1827,henrb101,Bill Henry
1828,henrd002,Doug Henry
1829,hensc002,Clay Hensley
1830,hentp001,Pat Hentgen
1831,herbr101,Ray Herbert
1832,herbr102,Ron Herbel
1833,heref001,Felix Heredia
1834,hereg001,Gil Heredia
1835,hereg002,Guillermo Heredia
1836,hergm001,Matt Herges
1837,hermd001,Dustin Hermanson
1838,hermj001,Jeremy Hermida
1839,hernc001,Carlos A. Hernandez
1840,hernc005,Cesar Hernandez
1841,hernd002,David Hernandez
1842,herne001,Enrique Hernandez
1843,herne002,Elieser Hernandez
1844,herne102,Enzo Hernandez
1845,hernf002,Felix Hernandez
1846,herng001,Gorkys Hernandez
1847,hernj001,Jose Hernandez
1848,hernj102,Jackie Hernandez
1849,hernk001,Keith Hernandez
1850,hernl001,Larry Herndon
1851,hernl003,Livan Hernandez
1852,herno001,Orlando Hernandez
1853,hernr001,Roberto Hernandez
1854,hernr002,Ramon Hernandez
1855,hernr003,Runelvys Hernandez
1856,hernr102,Ramon Hernandez
1857,hernt002,Teoscar Hernandez
1858,hernw001,G Hernandez
1859,hernx001,Xavier Hernandez
1860,herrc001,Chris Herrmann
1861,herre102,Ed Herrmann
1862,herrj002,Jonathan Herrera
1863,herrk001,Kelvin Herrera
1864,herro001,Odubel Herrera
1865,herrp101,Pancho Herrera
1866,herrt001,Tom Herr
1867,hersm101,Mike Hershberger
1868,herso001,Orel Hershiser
1869,herzw101,Whitey Herzog
1870,heskj001,Joe Hesketh
1871,heywj001,Jason Heyward
1872,hiatj101,Jack Hiatt
1873,hibbg001,Greg Hibbard
1874,hicka001,Aaron Hicks
1875,hickb001,Bryan Hickerson
1876,hickj103,Jim Hickman
1877,hidar001,Richard Hidalgo
1878,higak001,Kyle Higashioka
1879,higgb001,Bobby Higginson
1880,higgd101,Dennis Higgins
1881,higut001,Ted Higuera
1882,hilla001,Aaron Hill
1883,hillc101,Chuck Hiller
1884,hilld001,Donnie Hill
1885,hillg001,Glenallen Hill
1886,hillj101,John Hiller
1887,hillk001,Ken Hill
1888,hillk002,Koyie Hill
1889,hillm001,Marc Hill
1890,hillr001,Rich Hill
1891,hills001,Shawn Hillegas
1892,hills002,Shea Hillenbrand
1893,hills003,Shawn Hill
1894,hills005,Sam Hilliard
1895,hiltd101,Dave Hilton
1896,hinse001,Eric Hinske
1897,hintc101,Chuck Hinton
1898,hisll101,Larry Hisle
1899,hitcs001,Sterling Hitchcock
1900,hiurk001,Keston Hiura
1901,hoakd101,Don Hoak
1902,hobbg101,Glen Hobbie
1903,hobsb101,Butch Hobson
1904,hochl001,Luke Hochevar
1905,hockd001,Denny Hocking
1906,hodgg101,Gil Hodges
1907,hodgr001,Ron Hodges
1908,hoefb101,Billy Hoeft
1909,hoerj101,Joe Hoerner
1910,hoern001,Nico Hoerner
1911,hoffg001,Glenn Hoffman
1912,hoffg002,Guy Hoffman
1913,hoffj003,Jeff Hoffman
1914,hofft001,Trevor Hoffman
1915,hoilc001,Chris Hoiles
1916,holla001,Al Holland
1917,holld001,Dave Hollins
1918,holld003,Derek Holland
1919,hollm001,Matt Holliday
1920,hollt001,Todd Hollandsworth
1921,holmb001,Brian Holman
1922,holmd001,Darren Holmes
1923,holtb002,Brock Holt
1924,holtc001,Chris Holt
1925,holtj101,Jim Holt
1926,holtk101,Ken Holtzman
1927,honer001,Rick Honeycutt
1928,hoodd101,Don Hood
1929,hookj101,Jay Hook
1930,hootb001,Burt Hooton
1931,hopkg101,Gail Hopkins
1932,horlj101,Joe Horlen
1933,hornb001,Bob Horner
1934,horns001,Sam Horn
1935,hortr001,Ricky Horton
1936,hortt101,Tony Horton
1937,hortw101,Willie Horton
1938,hoskr001,Rhys Hoskins
1939,hosme001,Eric Hosmer
1940,hostd001,Dave Hostetler
1941,houct001,Tanner Houck
1942,hougc001,Charlie Hough
1943,housa001,Adrian Houser
1944,housp001,Paul Householder
1945,houst001,Tyler Houston
1946,houst101,Tom House
1947,hovls101,Steve Hovley
1948,howab101,Bruce Howard
1949,howad001,David Howard
1950,howae101,Elston Howard
1951,howaf102,Frank Howard
1952,howar001,Ryan Howard
1953,howat001,Thomas Howard
1954,howaw101,Wilbur Howard
1955,howea001,Art Howe
1956,howej001,Jay Howell
1957,howej002,Jack Howell
1958,howej003,J.P. Howell
1959,howek001,Ken Howell
1960,hower001,Roy Howell
1961,howes001,Steve Howe
1962,howrb001,Bob Howry
1963,howsd101,Dick Howser
1964,hoytl001,Lamarr Hoyt
1965,hraba101,Al Hrabosky
1966,hrbek001,Kent Hrbek
1967,hubbg001,Glenn Hubbard
1968,hubbk101,Ken Hubbs
1969,hubbt001,Trenidad Hubbard
1970,hudlr001,Rex Hudler
1971,hudsc001,Charles Hudson
1972,hudsd001,Daniel Hudson
1973,hudsd002,Dakota Hudson
1974,hudso001,Orlando Hudson
1975,hudst001,Tim Hudson
1976,huffa001,Aubrey Huff
1977,huffd001,David Huff
1978,huffm001,Michael Huff
1979,hughd101,Dick Hughes
1980,hughj001,Jared Hughes
1981,hughj104,Jim Hughes
1982,hughp001,Phil Hughes
1983,hulet001,Tim Hulett
1984,hulsd001,David Hulse
1985,humet001,Tom Hume
1986,humpb102,Bob Humphreys
1987,humpt101,Terry Humphrey
1988,hundn001,Nick Hundley
1989,hundr101,Randy Hundley
1990,hundt001,Todd Hundley
1991,huntb001,Brian R. Hunter
1992,huntb002,Brian Hunter
1993,huntj101,Jim Hunter
1994,huntk102,Ken Hunt
1995,huntr101,Ron Hunt
1996,hunts101,Steve Huntz
1997,huntt001,Torii Hunter
1998,huntt002,Tommy Hunter
1999,hurdc001,Clint Hurdle
2000,hursb001,Bruce Hurst
2001,huskb001,Butch Huskey
2002,husoj001,Jeff Huson
2003,hutcd001,Drew Hutchison
2004,huttt101,Tom Hutton
2005,iannc001,Chris Iannetta
2006,ibana001,Andy Ibanez
2007,ibanr001,Raul Ibanez
2008,iglej001,Jose Iglesias
2009,igler001,Raisel Iglesias
2010,iguct001,Tadahito Iguchi
2011,incap001,Pete Incaviglia
2012,incie001,Ender Inciarte
2013,indij001,Jonathan India
2014,infao001,Omar Infante
2015,ingeb001,Brandon Inge
2016,inglj001,Joe Inglett
2017,innij001,Jeff Innis
2018,iorgd001,Dane Iorg
2019,iorgg001,Garth Iorg
2020,irabh001,Hideki Irabu
2021,irvic001,Cole Irvin
2022,irvij001,Jake Irvin
2023,ishik001,Kazuhisa Ishii
2024,ishit001,Travis Ishikawa
2025,isrij001,Jason Isringhausen
2026,iviem101,Mike Ivie
2027,iwakh001,Hisashi Iwakuma
2028,iwama001,Akinori Iwamura
2029,iztuc001,Cesar Izturis
2030,iztum001,Maicer Izturis
2031,jacka001,Austin Jackson
2032,jacka101,Al Jackson
2033,jackb001,Bo Jackson
2034,jackc002,Conor Jackson
2035,jackd001,Danny Jackson
2036,jackd002,Darrin Jackson
2037,jackd003,Damian Jackson
2038,jackd101,Darrell Jackson
2039,jacke001,Edwin Jackson
2040,jackg101,Grant Jackson
2041,jackl102,Larry Jackson
2042,jackm001,Mike Jackson
2043,jackr001,Reggie Jackson
2044,jackr002,Ron Jackson
2045,jackr003,Roy Lee Jackson
2046,jacks102,Sonny Jackson
2047,jacob001,Brook Jacoby
2048,jacom001,Mike Jacobs
2049,jahaj001,John Jaha
2050,jamec001,Chris James
2051,jamec002,Chuck James
2052,jamec102,Charlie James
2053,jamed001,Dion James
2054,janip001,Paul Janish
2055,jankt001,Travis Jankowski
2056,jansc001,Casey Janssen
2057,jansd001,Danny Jansen
2058,jansk001,Kenley Jansen
2059,jarvk001,Kevin Jarvis
2060,jarvp101,Pat Jarvis
2061,jasoj001,John Jaso
2062,jastl101,Larry Jaster
2063,javic001,Cristian Javier
2064,javij101,Julian Javier
2065,javis001,Stan Javier
2066,jay-j001,Jon Jay
2067,jay-j101,Joey Jay
2068,jeffg001,Gregg Jefferies
2069,jeffj001,Jeremy Jeffress
2070,jeffj101,Jesse Jefferson
2071,jeffm001,Mike Jeffcoat
2072,jeffr001,Reggie Jefferson
2073,jeffr002,Ryan Jeffers
2074,jeffs001,Stan Jefferson
2075,jelts001,Steve Jeltz
2076,jenkb001,Bobby Jenks
2077,jenkf101,Ferguson Jenkins
2078,jenkg001,Geoff Jenkins
2079,jennd002,Desmond Jennings
2080,jennd003,Dan Jennings
2081,jennj001,Jason Jennings
2082,jensr001,Ryan Jensen
2083,jepsk001,Kevin Jepsen
2084,jeted001,Derek Jeter
2085,jetej101,Johnny Jeter
2086,jimed001,D'Angelo Jimenez
2087,jimee001,Eloy Jimenez
2088,jimej001,Jose Jimenez
2089,jimem101,Manny Jimenez
2090,jimeu001,Ubaldo Jimenez
2091,joe-c001,Connor Joe
2092,johjk001,Kenji Johjima
2093,johna104,Alex Johnson
2094,johnb103,Bob Johnson
2095,johnb104,Bob Johnson
2096,johnb105,Bart Johnson
2097,johnc001,Cliff Johnson
2098,johnc002,Charles Johnson
2099,johnc003,Chris Johnson
2100,johnd001,Dave Johnson
2101,johnd003,Doug Johns
2102,johnd004,Dan Johnson
2103,johnd103,Deron Johnson
2104,johnd105,Dave Johnson
2105,johne002,Elliot Johnson
2106,johnf103,Frank Johnson
2107,johnh001,Howard Johnson
2108,johnj001,John Henry Johnson
2109,johnj002,Jay Johnstone
2110,johnj007,Jason Johnson
2111,johnj009,Josh Johnson
2112,johnj010,Jim Johnson
2113,johnj104,Jerry Johnson
2114,johnk003,Kelly Johnson
2115,johnk102,Ken Johnson
2116,johnl001,Lance Johnson
2117,johnl101,Lamar Johnson
2118,johnl104,Lou Johnson
2119,johnm001,Mark Johnson
2120,johnm003,Mark Johnson
2121,johnn001,Nick Johnson
2122,johnr005,Randy Johnson
2123,johnr008,Reed Johnson
2124,johnt001,Tommy John
2125,johnt102,Tim Johnson
2126,johnw001,Wallace Johnson
2127,jonea002,Andruw Jones
2128,jonea003,Adam Jones
2129,joneb003,Bobby J. Jones
2130,jonec002,Chris C. Jones
2131,jonec004,Chipper Jones
2132,jonec102,Cleon Jones
2133,joned001,Doug Jones
2134,joned102,Dalton Jones
2135,joneg002,Garrett Jones
2136,jonej002,Jimmy Jones
2137,jonej003,Jacque Jones
2138,jonej006,JaCoby Jones
2139,jonel001,Lynn Jones
2140,jonem102,Mack Jones
2141,jonen001,Nate Jones
2142,joneo001,Odell Jones
2143,joner002,Ruppert Jones
2144,joner101,Randy Jones
2145,jones105,Sam Jones
2146,jonet001,Tracy Jones
2147,jonet002,Tim Jones
2148,jonet003,Todd Jones
2149,jordb001,Brian Jordan
2150,jordk001,Kevin Jordan
2151,jordr001,Ricky Jordan
2152,jorgm001,Mike Jorgensen
2153,josec002,Caleb Joseph
2154,josed101,Duane Josephson
2155,josef001,Felix Jose
2156,joser101,Rick Joseph
2157,joshv101,Von Joshua
2158,joycm001,Matt Joyce
2159,joynw001,Wally Joyner
2160,judej001,Jeff Juden
2161,judga001,Aaron Judge
2162,julij001,Jorge Julio
2163,junij001,Jakob Junis
2164,jurrj001,Jair Jurrjens
2165,justd001,David Justice
2166,kaatj101,Jim Kaat
2167,kalia101,Al Kaline
2168,kamis001,Scott Kamieniecki
2169,kaner101,Rod Kanehl
2170,kangj001,Jung Ho Kang
2171,kaplg001,Gabe Kapler
2172,kaprj001,James Kaprielian
2173,karkr001,Ron Karkovice
2174,karls001,Scott Karl
2175,karre001,Eric Karros
2176,karsj001,Jeff Karstens
2177,karss001,Steve Karsay
2178,kaske101,Eddie Kasko
2179,kawam001,Munenori Kawasaki
2180,kazms001,Scott Kazmir
2181,keara001,Austin Kearns
2182,kearb001,Bob Kearney
2183,keitc001,Colt Keith
2184,kekim101,Mike Kekich
2185,kellb002,Roberto Kelly
2186,kellb003,Brad Keller
2187,kellc002,Carson Kelly
2188,kelld001,Don Kelly
2189,kelld102,Dick Kelley
2190,kellj001,Joe Kelly
2191,kellm002,Merrill Kelly
2192,kellm003,Mitch Keller
2193,kellm101,Mick Kelleher
2194,kellp001,Pat Kelly
2195,kellp101,Pat Kelly
2196,kellt102,Tom Kelley
2197,kemmr101,Russ Kemmerer
2198,kempm001,Matt Kemp
2199,kemps001,Steve Kemp
2200,kempt001,Tony Kemp
2201,kendf101,Fred Kendall
2202,kendh001,Howie Kendrick
2203,kendj001,Jason Kendall
2204,kendk001,Kyle Kendrick
2205,kenna001,Adam Kennedy
2206,kenni001,Ian Kennedy
2207,kennj001,Joe Kennedy
2208,kennj101,Junior Kennedy
2209,kennj103,Jerry Kenney
2210,kennj105,John Kennedy
2211,kennt001,Terry Kennedy
2212,kentj001,Jeff Kent
2213,keouj101,Joe Keough
2214,keoum001,Matt Keough
2215,keoum101,Marty Keough
2216,keplm001,Max Kepler
2217,keppj001,Jeff Keppinger
2218,kepsk001,Kurt Kepshire
2219,kernj001,Jim Kern
2220,kersc001,Clayton Kershaw
2221,kessd101,Don Kessinger
2222,keucd001,Dallas Keuchel
2223,key-j001,Jimmy Key
2224,kielb001,Bobby Kielty
2225,kierk001,Kevin Kiermaier
2226,kikuy001,Yusei Kikuchi
2227,kiled001,Darryl Kile
2228,kilgp001,Paul Kilgus
2229,kilkm101,Mike Kilkenny
2230,killh102,Harmon Killebrew
2231,kim-b001,Byung-Hyun Kim
2232,kim-h002,Ha-Seong Kim
2233,kim-s001,Sunny Kim
2234,kindj101,Jerry Kindall
2235,kinei001,Isiah Kiner-Falefa
2236,kingb101,Brian Kingman
2237,kingd001,Dave Kingman
2238,kinge001,Eric King
2239,kingh102,Hal King
2240,kingj001,Jeff King
2241,kingj101,Jim King
2242,kingm001,Mike Kingery
2243,kingm002,Michael King
2244,kingr001,Ray King
2245,kinnm002,Matt Kinney
2246,kinsi001,Ian Kinsler
2247,kipnj001,Jason Kipnis
2248,kippb001,Bob Kipper
2249,kirbc101,Clay Kirby
2250,kirbg001,George Kirby
2251,kirbw001,Wayne Kirby
2252,kirka001,Alejandro Kirk
2253,kirkd101,Don Kirkwood
2254,kirke102,Ed Kirkpatrick
2255,kirkw101,Willie Kirkland
2256,kisob001,Bruce Kison
2257,kittr001,Ron Kittle
2258,klaub102,Bobby Klaus
2259,klesr001,Ryan Klesko
2260,klinr102,Ron Kline
2261,klins002,Steve Kline
2262,klins101,Steve Kline
2263,klipj101,Johnny Klippstein
2264,klubc001,Corey Kluber
2265,klutm101,Mickey Klutts
2266,knapc101,Chris Knapp
2267,knepb001,Bob Knepper
2268,knica001,Alan Knicely
2269,knigr001,Ray Knight
2270,knobc001,Chuck Knoblauch
2271,knoob101,Bobby Knoop
2272,knotg001,Gary Knotts
2273,knowd101,Darold Knowles
2274,knudm001,Mark Knudson
2275,kobek101,Kevin Kobel
2276,koeht001,Tom Koehler
2277,kommb001,Brad Komminsk
2278,konep001,Paul Konerko
2279,koonc101,Cal Koonce
2280,koosj001,Jerry Koosman
2281,koppj101,Joe Koppe
2282,kosca101,Andy Kosco
2283,koskc001,Corey Koskie
2284,kotcc001,Casey Kotchman
2285,kotsm001,Mark Kotsay
2286,koufs101,Sandy Koufax
2287,kouzk001,Kevin Kouzmanoff
2288,kralj101,Jack Kralick
2289,krane101,Ed Kranepool
2290,kraul102,Lew Krausse
2291,kravk101,Ken Kravec
2292,kremd001,Dean Kremer
2293,krenw001,Wayne Krenchicki
2294,kreuc001,Chad Kreuter
2295,kreuf101,Frank Kreutzer
2296,krolg101,Gary Kroll
2297,krueb001,Bill Krueger
2298,krukj001,John Kruk
2299,krukm001,Mike Krukow
2300,kubej002,Jason Kubel
2301,kubet101,Tony Kubek
2302,kubit101,Ted Kubiak
2303,kucej101,Jack Kucek
2304,kuenh101,Harvey Kuenn
2305,kuhlc001,Chad Kuhl
2306,kuipd001,Duane Kuiper
2307,kuntr001,Rusty Kuntz
2308,kuroh001,Hiroki Kuroda
2309,kusic101,Craig Kusick
2310,kutym101,Marty Kutyna
2311,kwans001,Steven Kwan
2312,laboc101,Coco Laboy
2313,lackj001,John Lackey
2314,lacof001,Frank LaCorte
2315,lacom001,Mike LaCoss
2316,lacop101,Pete LaCock
2317,lacyl001,Leon Lacy
2318,laffa001,Aaron Laffey
2319,lagaj001,Juan Lagares
2320,lagrl101,Lerrin LaGrow
2321,lahoj101,Joe Lahoud
2322,lahtj001,Jeff Lahti
2323,lairg001,Gerald Laird
2324,lakes001,Steve Lake
2325,lamaj101,Jack Lamabe
2326,lambj001,Jake Lamb
2327,lambm001,Mike Lamb
2328,lambr101,Ray Lamb
2329,lamed001,Dinelson Lamet
2330,lampd001,Dennis Lamp
2331,lampt001,Tom Lampkin
2332,lancl001,Lester Lancaster
2333,landb001,Bill Landrum
2334,landd101,Don Landrum
2335,landj103,Jim Landis
2336,landk001,Ken Landreaux
2337,landr001,Rafael Landestoy
2338,landt001,Tito Landrum
2339,lanej001,Jason Lane
2340,langd101,Dick Lange
2341,langm001,Mark Langston
2342,langr001,Rick Langford
2343,langr002,Ryan Langerhans
2344,langs001,Shea Langeliers
2345,lanih101,Hal Lanier
2346,lankr001,Ray Lankford
2347,lannj001,John Lannan
2348,lansc001,Carney Lansford
2349,lansm001,Mike Lansing
2350,lapod001,Dave LaPoint
2351,lapom001,Matt LaPorta
2352,larkb001,Barry Larkin
2353,larkg001,Gene Larkin
2354,larkn101,Norm Larker
2355,laroa001,Adam LaRoche
2356,laroa002,Andy LaRoche
2357,larod101,Dave LaRoche
2358,larsd101,Dan Larson
2359,larsd102,Don Larsen
2360,laruj001,Jason LaRue
2361,laryf101,Frank Lary
2362,laskb001,Bill Laskey
2363,lastt001,Tommy La Stella
2364,latmb101,Barry Latman
2365,latom001,Mat Latos
2366,lau-c101,Charlie Lau
2367,laudt001,Tim Laudner
2368,lauee001,Eric Lauer
2369,laurr001,Ramon Laureano
2370,lavam001,Mike LaValliere
2371,laveg001,Gary Lavelle
2372,law-r001,Rudy Law
2373,law-v001,Vance Law
2374,law-v101,Vern Law
2375,lawlt001,Tom Lawless
2376,lawrb001,Brian Lawrence
2377,lawrb002,Brett Lawrie
2378,lawtm002,Matt Lawton
2379,lea-c001,Charlie Lea
2380,leacr001,Rick Leach
2381,leact001,Terry Leach
2382,leagb001,Brandon League
2383,leakm001,Mike Leake
2384,leall001,Luis Leal
2385,leart001,Tim Leary
2386,leblw001,Wade LeBlanc
2387,lecrm001,Matthew LeCroy
2388,leder001,Ricky Ledee
2389,ledew001,Wil Ledezma
2390,lee-b101,Bill Lee
2391,lee-b104,Bob Lee
2392,lee-c001,Carlos Lee
2393,lee-c003,Cliff Lee
2394,lee-d002,Derrek Lee
2395,lee-d102,Don Lee
2396,lee-l101,Le Lee
2397,lee-m001,Manuel Lee
2398,lee-t002,Travis Lee
2399,lefej001,Joe Lefebvre
2400,lefej101,Jim Lefebvre
2401,leffc001,Craig Lefferts
2402,leflr101,Ron LeFlore
2403,leibc001,Charlie Leibrandt
2404,leita001,Al Leiter
2405,leitm001,Mark Leiter
2406,leius001,Scott Leius
2407,lemad001,DJ LeMahieu
2408,lemad101,Dave Lemanczyk
2409,lemad102,Denny Lemaster
2410,lemaj001,Johnnie LeMaster
2411,lemkm001,Mark Lemke
2412,lemoc001,Chet Lemon
2413,lemoj101,Jim Lemon
2414,lemom101,Mark Lemongello
2415,leond001,Dennis Leonard
2416,leond101,Dave Leonhard
2417,leone102,Eddie Leon
2418,leonj001,Jeff Leonard
2419,leppd101,Don Leppert
2420,lercr001,Randy Lerch
2421,lersb101,Barry Lersch
2422,leskc001,Curtis Leskanic
2423,lestj001,Jon Lester
2424,levia001,Al Levine
2425,levij001,Jesse Levis
2426,lewic001,Colby Lewis
2427,lewid001,Darren Lewis
2428,lewif001,Fred Lewis
2429,lewij102,Johnny Lewis
2430,lewim001,Mark Lewis
2431,leyrj001,Jim Leyritz
2432,lezcs001,Sixto Lezcano
2433,libem001,Matthew Liberatore
2434,lidgb001,Brad Lidge
2435,lidlc001,Cory Lidle
2436,liebj001,Jon Lieber
2437,liebm001,Mike Lieberthal
2438,liefj001,Jeff Liefer
2439,lillb101,Bob Lillis
2440,lilld001,Derek Lilliquist
2441,lillt001,Ted Lilly
2442,limaj001,Jose Lima
2443,linar001,Rufino Linares
2444,linct001,Tim Lincecum
2445,linda001,Adam Lind
2446,lindf001,Francisco Lindor
2447,lindj002,Jose Lind
2448,lindm001,Matt Lindstrom
2449,lindp101,Paul Lindblad
2450,lintl101,Larry Lintz
2451,linzf101,Frank Linzy
2452,linzp101,Phil Linz
2453,liraf001,Felipe Lira
2454,lirif001,Francisco Liriano
2455,lirin001,Nelson Liriano
2456,lis-j101,Joe Lis
2457,listp001,Pat Listach
2458,litsj001,Jesse Litsch
2459,littb001,Bryan Little
2460,littg001,Greg Litton
2461,littm101,Mark Littell
2462,littz001,Zack Littell
2463,livis001,Scott Livingstone
2464,llenw101,Winston Llenas
2465,lloyg001,Graeme Lloyd
2466,loaie001,Esteban Loaiza
2467,lobaj001,Jose Lobaton
2468,lockb101,Bobby Locke
2469,lockb102,Bob Locker
2470,lockd101,Don Lock
2471,lockg101,Gene Locklear
2472,lockj001,Jeff Locke
2473,lockk001,Keith Lockhart
2474,locks101,Skip Lockwood
2475,lodon001,Nick Lodolo
2476,lodup001,Paul Lo Duca
2477,loe-k001,Kameron Loe
2478,loftk001,Kenny Lofton
2479,logab001,Boone Logan
2480,logaj101,Johnny Logan
2481,lohsk001,Kyle Lohse
2482,lolim101,Mickey Lolich
2483,lolls101,Sherm Lollar
2484,lollt001,Tim Lollar
2485,lombs001,Steve Lombardozzi
2486,lombs002,Steve Lombardozzi
2487,lonbj101,Jim Lonborg
2488,lonej001,James Loney
2489,longb002,Bill Long
2490,longd101,Dale Long
2491,longe001,Evan Longoria
2492,longt002,Terrence Long
2493,loopb001,Braden Looper
2494,lopea001,Aurelio Lopez
2495,lopea002,Albie Lopez
2496,loped001,Davey Lopes
2497,lopef001,Felipe Lopez
2498,lopeh101,Hector Lopez
2499,lopej001,Javy Lopez
2500,lopej002,Javier Lopez
2501,lopej003,Jose Lopez
2502,lopej004,Jorge Lopez
2503,lopel002,Luis Lopez
2504,lopem101,Marcelino Lopez
2505,lopen001,Nicky Lopez
2506,lopep002,Pablo Lopez
2507,loper001,Rodrigo Lopez
2508,loper003,Reynaldo Lopez
2509,lorem001,Mark Loretta
2510,lorem002,Michael Lorenzen
2511,loupa001,Aaron Loup
2512,lovij102,Joe Lovitto
2513,loweb001,Brandon Lowe
2514,lowed001,Derek Lowe
2515,lowej001,John Lowenstein
2516,lowej002,Josh Lowe
2517,lowem001,Mike Lowell
2518,lowen001,Nathaniel Lowe
2519,lowrj001,Jed Lowrie
2520,lowrn001,Noah Lowry
2521,lucae001,Ed Lucas
2522,lucag001,Gary Lucas
2523,luccj001,Joey Lucchesi
2524,lucrj001,Jonathan Lucroy
2525,ludwr001,Ryan Ludwick
2526,luebs101,Steve Luebber
2527,lugoj001,Julio Lugo
2528,lugos001,Seth Lugo
2529,lum-m101,Mike Lum
2530,lumpj101,Jerry Lumpe
2531,lunah001,Hector Luna
2532,lupla101,Al Luplow
2533,luplj001,Jordan Luplow
2534,lux-g001,Gavin Lux
2535,luzaj001,Jesus Luzardo
2536,luzig001,Greg Luzinski
2537,lylej001,Jordan Lyles
2538,lyles101,Sparky Lyle
2539,lyncd001,Daniel Lynch IV
2540,lynce001,Ed Lynch
2541,lyncj102,Jerry Lynch
2542,lynnf001,Fred Lynn
2543,lynnl001,Lance Lynn
2544,lyonb003,Brandon Lyon
2545,lyons001,Steve Lyons
2546,lyont001,Tyler Lyons
2547,maask001,Kevin Maas
2548,mabrj001,John Mabry
2549,macfm001,Mike Macfarlane
2550,machm001,Manny Machado
2551,macij001,Jose Macias
2552,mackp101,Pete Mackanin
2553,mackr001,Rob Mackowiak
2554,macks001,Shane Mack
2555,madde101,Elliott Maddox
2556,maddg001,Garry Maddox
2557,maddg002,Greg Maddux
2558,maddm002,Mike Maddux
2559,madlb001,Bill Madlock
2560,madsr001,Ryan Madson
2561,maedk001,Kenta Maeda
2562,magad001,Dave Magadan
2563,magew001,Wendell Magee
2564,magnm001,Mike Magnante
2565,magrj001,Joe Magrane
2566,mahaa102,Art Mahaffey
2567,mahar001,Ron Mahay
2568,mahlm001,Mickey Mahler
2569,mahlr001,Rick Mahler
2570,mahlt001,Tyler Mahle
2571,mahop001,Pat Mahomes
2572,mahop002,Paul Maholm
2573,maiem001,Mitch Maier
2574,mainj001,John Maine
2575,maldc001,Candy Maldonado
2576,maldm001,Martin Maldonado
2577,malkb101,Bobby Malkmus
2578,maloj102,Jim Maloney
2579,malzf101,Frank Malzone
2580,manas001,Sean Manaea
2581,manct001,Trey Mancini
2582,manga101,Angel Mangual
2583,mangp101,Pepe Mangual
2584,mankp101,Phil Mankowski
2585,mannr001,Rick Manning
2586,manoa001,Alek Manoah
2587,manrf001,Fred Manrique
2588,mantf101,Felix Mantilla
2589,mantj001,Jeff Manto
2590,mantm101,Mickey Mantle
2591,manwk001,Kirt Manwaring
2592,marcs001,Shaun Marcum
2593,margm001,Manuel Margot
2594,marij002,Jake Marisnick
2595,marij101,Juan Marichal
2596,marir101,Roger Maris
2597,markn001,Nick Markakis
2598,marmc001,Carlos Marmol
2599,marom001,Mike Maroth
2600,marqg001,German Marquez
2601,marqj001,Jason Marquis
2602,marre001,Eli Marrero
2603,marsb002,Brandon Marsh
2604,marsd101,Dave Marshall
2605,marsj101,Jim Marshall
2606,marsm001,Mike Marshall
2607,marsm101,Mike Marshall
2608,marss002,Sean Marshall
2609,marta001,Al Martin
2610,martb001,Buck Martinez
2611,martb105,Billy Martin
2612,martc001,Carmelo Martinez
2613,martc002,Carlos Martinez
2614,martc006,Carlos Martinez
2615,martd001,Dennis Martinez
2616,martd002,Dave Martinez
2617,martd004,Damaso Marte
2618,marte001,Edgar Martinez
2619,martj001,Jerry Martin
2620,martj006,J.D. Martinez
2621,martj008,Jose Martinez
2622,martj101,John Martin
2623,martj107,J.C. Martin
2624,martk001,Ketel Marte
2625,martl004,Leonys Martin
2626,martm102,Marty Martinez
2627,martn001,Norberto Martin
2628,martn002,Nick Martinez
2629,martp001,Pedro Martinez
2630,martr001,Renie Martin
2631,martr002,Ramon Martinez
2632,martr003,Ramon Martinez
2633,martr004,Russell Martin
2634,martr101,Randy Martz
2635,marts002,Starling Marte
2636,marts101,Silvio Martinez
2637,martt001,Tippy Martinez
2638,martt002,Tino Martinez
2639,martt102,Ted Martinez
2640,martv001,Victor Martinez
2641,mashc101,Clyde Mashore
2642,masod101,Don Mason
2643,masoj101,Jim Mason
2644,masom001,Mike Mason
2645,masor001,Roger Mason
2646,massn001,Nick Masset
2647,mastj001,Justin Masterson
2648,matct101,Tommy Matchick
2649,mathe101,Eddie Mathews
2650,mathg001,Greg Mathews
2651,mathj001,Jeff Mathis
2652,mathm001,Mike Matheny
2653,mathn101,Nelson Mathews
2654,matlj101,Jon Matlack
2655,matol001,Luis Matos
2656,matsd001,Daisuke Matsuzaka
2657,matsh001,Hideki Matsui
2658,matsk001,Kazuo Matsui
2659,mattd001,Don Mattingly
2660,mattg001,Gary Matthews
2661,mattg002,Gary Matthews
2662,matub001,Brian Matusz
2663,matul001,Len Matuszek
2664,matur101,Rick Matula
2665,matzs001,Steven Matz
2666,mauej001,Joe Mauer
2667,maxvd101,Dal Maxvill
2668,maxwc101,Charlie Maxwell
2669,may-c101,Carlos May
2670,may-d001,Derrick May
2671,may-d002,Darrell May
2672,may-d003,Dustin May
2673,may-d101,Dave May
2674,may-j101,Jerry May
2675,may-l101,Lee May
2676,may-m001,Milt May
2677,may-r101,Rudy May
2678,may-t001,Trevor May
2679,maybc001,Cameron Maybin
2680,maybj001,John Mayberry
2681,maybj101,John Mayberry
2682,mayel101,Lee Maye
2683,maynb001,Brent Mayne
2684,maysj001,Joe Mays
2685,maysw101,Willie Mays
2686,mazan001,Nomar Mazara
2687,mazeb101,Bill Mazeroski
2688,mazzl001,Lee Mazzilli
2689,mcalz001,Zach McAllister
2690,mcane101,Ernie McAnally
2691,mcanj101,Jim McAndrew
2692,mcaud101,Dick McAuliffe
2693,mcbea101,Al McBean
2694,mcbrb101,Bake McBride
2695,mcbrk101,Ken McBride
2696,mccab001,Brandon McCarthy
2697,mccab002,Brian McCann
2698,mccad001,David McCarty
2699,mccaj001,James McCann
2700,mccaj003,Jake McCarthy
2701,mccak001,Kirk McCaskill
2702,mccas001,Steve McCatty
2703,mccat101,Tim McCarver
2704,mcclb001,Bob McClure
2705,mcclj104,Joe McClain
2706,mcclk001,Kyle McClellan
2707,mccll001,Lloyd McClendon
2708,mccls002,Seth McClung
2709,mccls003,Shane McClanahan
2710,mccob105,Billy McCool
2711,mccoc001,Chas McCormick
2712,mccom001,Mike McCoy
2713,mccom103,Mike McCormick
2714,mccow101,Willie McCovey
2715,mccrq001,Quinton McCracken
2716,mccrt102,Tommy McCraw
2717,mccua001,Andrew McCutchen
2718,mccul001,Lance McCullers
2719,mccul002,Lance McCullers Jr.
2720,mcdal101,Lindy McDaniel
2721,mcdob001,Ben McDonald
2722,mcdod002,Darnell McDonald
2723,mcdoj001,Jack McDowell
2724,mcdoj003,John McDonald
2725,mcdoj004,James McDonald
2726,mcdoo001,Oddibe McDowell
2727,mcdor001,Roger McDowell
2728,mcdos101,Sam McDowell
2729,mcelc001,Chuck McElroy
2730,mcenw101,Will McEnaney
2731,mcewj001,Joe McEwing
2732,mcgaa001,Andy McGaffigan
2733,mcgec001,Casey McGehee
2734,mcgew001,Willie McGee
2735,mcgid101,Dan McGinn
2736,mcglj101,Jim McGlothlin
2737,mcgll101,Lynn McGlothen
2738,mcgod001,Dustin McGowan
2739,mcgrf001,Fred McGriff
2740,mcgrs001,Scott McGregor
2741,mcgrt001,Tug McGraw
2742,mcgwm001,Mark McGwire
2743,mchuc001,Collin McHugh
2744,mckad101,Dave McKay
2745,mcket001,Triston McKenzie
2746,mckir101,Rich McKinney
2747,mckiz001,Zach McKinstry
2748,mclab101,Bo McLaughlin
2749,mclab102,Byron McLaughlin
2750,mclad101,Denny McLain
2751,mclem001,Mark McLemore
2752,mclic101,Cal McLish
2753,mclon001,Nate McLouth
2754,mcmad102,Don McMahon
2755,mcmar001,Ryan McMahon
2756,mcmig001,Greg McMichael
2757,mcmir101,Roy McMillan
2758,mcmuc001,Craig McMurtry
2759,mcmuk101,Ken McMullen
2760,mcnad102,Dave McNally
2761,mcnej002,Jeff McNeil
2762,mcnej101,Jerry McNertney
2763,mcrab001,Brian McRae
2764,mcrah001,Hal McRae
2765,mcrek001,Kevin McReynolds
2766,mcwil001,Larry McWilliams
2767,meacb001,Bob Meacham
2768,meacr001,Rusty Meacham
2769,meada001,Austin Meadows
2770,meadb001,Brian Meadows
2771,meanj001,John Means
2772,mearp001,Pat Meares
2773,mechg001,Gil Meche
2774,mecij001,Jim Mecir
2775,medid101,Doc Medich
2776,medlk001,Kris Medlen
2777,megit002,Tylor Megill
2778,mejir101,Roman Mejias
2779,melel101,Luis Melendez
2780,melem001,MJ Melendez
2781,meltb101,Bill Melton
2782,melvb001,Bob Melvin
2783,menck001,Kevin Mench
2784,mendl001,Luis Mendoza
2785,mendm101,Mario Mendoza
2786,mendr001,Ramiro Mendoza
2787,menef001,Frank Menechino
2788,mengd001,Daniel Mengden
2789,menkd101,Denis Menke
2790,meolr101,Rudy Meoli
2791,mercj001,Jose Mercedes
2792,mercj002,Jordy Mercer
2793,merck001,Kent Mercker
2794,merco002,Orlando Merced
2795,merll001,Lou Merloni
2796,merrj102,Jim Merritt
2797,merrw001,Whit Merrifield
2798,mesaj001,Jose Mesa
2799,mesod001,Devin Mesoraco
2800,messa101,Andy Messersmith
2801,metzb101,Butch Metzger
2802,metzr101,Roger Metzger
2803,meyed001,Dan Meyer
2804,meyej002,Jake Meyers
2805,miced001,Dan Miceli
2806,michg101,Gene Michael
2807,michj001,Jason Michaels
2808,middw001,Will Middlebrooks
2809,miend001,Doug Mientkiewicz
2810,miesm001,Matt Mieske
2811,mikkp101,Pete Mikkelsen
2812,mikom001,Miles Mikolas
2813,milab001,Bob Milacki
2814,milbl001,Larry Milbourne
2815,milea001,Aaron Miles
2816,milew001,Wade Miley
2817,milla001,Alan Mills
2818,milla002,Andrew Miller
2819,milla003,Alec Mills
2820,millb002,Brad Miller
2821,millb004,Bryce Miller
2822,millb106,Bob Miller
2823,millb107,Bruce Miller
2824,milld001,Lite Miller
2825,milld002,Damian Miller
2826,milld101,Dyar Miller
2827,millf105,Felix Millan
2828,millj103,John Miller
2829,millk001,Keith Miller
2830,millk004,Kevin Millwood
2831,millk005,Kevin Millar
2832,milll002,Lastings Milledge
2833,milln101,Norm Miller
2834,millr001,Rick Miller
2835,millr002,Randy Milligan
2836,mills001,Shelby Miller
2837,mills101,Stu Miller
2838,millt001,Travis Miller
2839,millt002,Trever Miller
2840,millw001,Wade Miller
2841,milne001,Eddie Milner
2842,milnj101,John Milner
2843,milot001,Tommy Milone
2844,milte001,Eric Milton
2845,mimbm001,Mike Mimbs
2846,mincd101,Don Mincher
2847,minez001,Zach Miner
2848,mings101,Steve Mingori
2849,minom001,Mike Minor
2850,minom101,Minnie Minoso
2851,minta001,A.J. Minter
2852,mintg001,Greg Minton
2853,miraa001,Angel Miranda
2854,miraa002,Ariel Miranda
2855,mirad001,Doug Mirabelli
2856,mirap001,Paul Mirabella
2857,mitcb101,Bobby Mitchell
2858,mitcb102,Bobby Mitchell
2859,mitck001,Kevin Mitchell
2860,mitcp101,Paul Mitchell
2861,mitrs001,Sergio Mitre
2862,mittg101,George Mitterwald
2863,mizec001,Casey Mize
2864,mizew101,Wilmer Mizell
2865,mlicd001,Dave Mlicki
2866,moehb001,Brian Moehler
2867,moelj101,Joe Moeller
2868,moffr101,Randy Moffitt
2869,mohlm001,Mike Mohler
2870,mohrd001,Dustan Mohr
2871,molib001,Bengie Molina
2872,molib101,Bob Molinaro
2873,molij001,Jose Molina
2874,molip001,Paul Molitor
2875,moliy001,Yadier Molina
2876,monbb101,Bill Monbouquette
2877,moncy001,Yoan Moncada
2878,mondr001,Rick Monday
2879,mondr002,Raul Mondesi
2880,mondr003,Adalberto Mondesi
2881,moned101,Don Money
2882,mongs001,Sid Monge
2883,monrc001,Craig Monroe
2884,montb101,Bob Montgomery
2885,montf001,Frankie Montas
2886,montj001,John Montefusco
2887,montj002,Jeff Montgomery
2888,montj004,Jordan Montgomery
2889,montj101,John Montague
2890,montm001,Miguel Montero
2891,montm002,Mike Montgomery
2892,montr004,Rafael Montero
2893,montw101,Willie Montanez
2894,moonw101,Wally Moon
2895,moorb101,Balor Moore
2896,moorb105,Barry Moore
2897,moorc001,Charlie Moore
2898,moord001,Donnie Moore
2899,moord002,Dylan Moore
2900,moorm001,Mike Moore
2901,moorm003,Matt Moore
2902,moosb101,Bob Moose
2903,moraa101,Andres Mora
2904,morab101,Billy Moran
2905,morac001,Colin Moran
2906,moraf001,Franklin Morales
2907,moraj001,Jose Morales
2908,moraj101,Jerry Morales
2909,morak001,Kendrys Morales
2910,moram001,Mickey Morandini
2911,moram002,Melvin Mora
2912,morar102,Rich Morales
2913,mordm001,Mike Mordecai
2914,morec001,Christopher Morel
2915,mored103,Dave Morehead
2916,morek001,Keith Moreland
2917,morem001,Mitch Moreland
2918,moreo001,Omar Moreno
2919,morer101,Rogelio Moret
2920,morga001,Adam Morgan
2921,morgj001,Joe Morgan
2922,morgm001,Mike Morgan
2923,morgn001,Nyjer Morgan
2924,mornj001,Justin Morneau
2925,morrb001,Brandon Morrow
2926,morrh001,Hal Morris
2927,morrj001,Jack Morris
2928,morrj002,Jim Morrison
2929,morrj003,John Morris
2930,morrl001,Logan Morrison
2931,morrm001,Matt Morris
2932,morrw001,Warren Morris
2933,morsm001,Michael Morse
2934,mortb101,Bubba Morton
2935,mortc002,Charlie Morton
2936,mortc102,Carl Morton
2937,mosej001,John Moses
2938,mosej101,Jerry Moses
2939,mosel001,Lloyd Moseby
2940,moskp101,Paul Moskau
2941,mossb001,Brandon Moss
2942,mossd101,Don Mossi
2943,motag001,Guillermo Mota
2944,motam101,Manny Mota
2945,motld001,Darryl Motley
2946,mottc101,Curt Motton
2947,mottj001,Jason Motte
2948,mounr001,Ryan Mountcastle
2949,mousm001,Mike Moustakas
2950,moutj001,James Mouton
2951,moutl001,Lyle Mouton
2952,moyej001,Jamie Moyer
2953,moylp001,Peter Moylan
2954,muelb001,Bill Mueller
2955,muffb101,Billy Muffett
2956,mujie001,Edward Mujica
2957,muldm001,Mark Mulder
2958,mulht001,Terry Mulholland
2959,mullc002,Cedric Mullins
2960,mullr001,Rance Mulliniks
2961,mumpj001,Jerry Mumphrey
2962,muncm001,Max Muncy
2963,munom001,Mike Munoz
2964,munop001,Pedro Munoz
2965,munse001,Eric Munson
2966,munst101,Thurman Munson
2967,muras001,Steve Mura
2968,murcb101,Bobby Murcer
2969,murpd001,Dale Murphy
2970,murpd002,Dwayne Murphy
2971,murpd005,David Murphy
2972,murpd006,Daniel Murphy
2973,murpr001,Rob Murphy
2974,murps001,Sean Murphy
2975,murpt101,Tom Murphy
2976,murrd001,Dale Murray
2977,murre001,Eddie Murray
2978,murri101,Ivan Murrell
2979,murtm001,Matt Murton
2980,muset101,Tony Muser
2981,musgj001,Joe Musgrove
2982,musis101,Stan Musial
2983,mussm001,Mike Mussina
2984,myerb001,Brett Myers
2985,myerg001,Greg Myers
2986,myerm001,Mike Myers
2987,myerr001,Randy Myers
2988,myerw001,Wil Myers
2989,nabhc001,Chris Nabholz
2990,nadyx001,Xavier Nady
2991,naeht001,Tim Naehring
2992,nagyc001,Charles Nagy
2993,nagym101,Mike Nagy
2994,nahob001,Bill Nahorodny
2995,napom001,Mike Napoli
2996,naqut001,Tyler Naquin
2997,narrj001,Jerry Narron
2998,narub101,Buster Narum
2999,narvc001,Chris Narveson
3000,narvo001,Omar Narvaez
3001,nashj101,Jim Nash
3002,nathj001,Joe Nathan
3003,navad001,Dioner Navarro
3004,navad002,Daniel Nava
3005,navaj001,Jaime Navarro
3006,naylj001,Josh Naylor
3007,neagd001,Denny Neagle
3008,nealc101,Charlie Neal
3009,neelt001,Troy Neel
3010,nelsd101,Dave Nelson
3011,nelsg001,Gene Nelson
3012,nelsj001,Jeff Nelson
3013,nelsj004,Jimmy Nelson
3014,nelsr003,Ryne Nelson
3015,nelsr101,Roger Nelson
3016,nelsr103,Rocky Nelson
3017,nen-d101,Dick Nen
3018,nen-r001,Robb Nen
3019,nerih001,Hector Neris
3020,nettg001,Graig Nettles
3021,nettj101,Jim Nettles
3022,nevip001,Phil Nevin
3023,newcs001,Sean Newcomb
3024,newhd001,David Newhan
3025,newma001,Al Newman
3026,newmf101,Fred Newman
3027,newmj001,Jeff Newman
3028,newmk001,Kevin Newman
3029,newsw001,Warren Newson
3030,nicaj001,Juan Nicasio
3031,nichd101,Dave Nicholson
3032,nichr001,Reid Nichols
3033,nichr002,Ron Nichols
3034,nicos001,Steve Nicosia
3035,nidot001,Tomas Nido
3036,niedt001,Tom Niedenfuer
3037,niekj001,Joe Niekro
3038,niekp001,Phil Niekro
3039,niemj001,Jeff Niemann
3040,niesj001,Jon Niese
3041,nievj001,Juan Nieves
3042,nilsd001,Dave Nilsson
3043,nimmb001,Brandon Nimmo
3044,nippa001,Al Nipper
3045,nitkc001,C.J. Nitkowski
3046,nix-j001,Jayson Nix
3047,nix-l001,Laynce Nix
3048,nixoo001,Otis Nixon
3049,nixor101,Russ Nixon
3050,nixot001,Trot Nixon
3051,noboj001,Junior Noboa
3052,noesh001,Hector Noesi
3053,nokem001,Matt Nokes
3054,nolaa001,Aaron Nola
3055,nolag101,Gary Nolan
3056,nolaj001,Joe Nolan
3057,nolar001,Ricky Nolasco
3058,noled001,Dickie Noles
3059,nomoh001,Hideo Nomo
3060,nootl001,Lars Nootbaar
3061,nordw101,Wayne Nordhagen
3062,normf101,Fred Norman
3063,norrb001,Bud Norris
3064,norrd001,Derek Norris
3065,norrd002,Daniel Norris
3066,norrj101,Jim Norris
3067,norrm101,Mike Norris
3068,nortb101,Bill North
3069,nortg001,Greg Norton
3070,nortj101,Jim Northrup
3071,norww101,Willie Norwood
3072,nossj101,Joe Nossek
3073,nottd101,Don Nottebart
3074,novai001,Ivan Nova
3075,nunea001,Abraham Nunez
3076,nunee001,Edwin Nunez
3077,nunee002,Eduardo Nunez
3078,nuner001,Renato Nunez
3079,nunev001,Vladimir Nunez
3080,nuxhj101,Joe Nuxhall
3081,nye-r101,Rich Nye
3082,oatej101,Johnny Oates
3083,oberb001,Brett Oberholtzer
3084,oberb002,Bailey Ober
3085,oberk001,Ken Oberkfell
3086,oberw001,Wes Obermueller
3087,obric001,Charlie O'Brien
3088,obrip001,Pete O'Brien
3089,obris101,Syd O'Brien
3090,ochoa001,Alex Ochoa
3091,ocond101,Danny O'Connell
3092,odayd001,Darren O'Day
3093,odelb101,Billy O'Dell
3094,odomj101,Johnny Odom
3095,odonj101,John O'Donoghue
3096,odorj001,Jake Odorizzi
3097,odorr001,Rougned Odor
3098,oestr001,Ron Oester
3099,offej001,Jose Offerman
3100,offir101,Rowland Office
3101,oflae001,Eric O'Flaherty
3102,ogana001,Alexi Ogando
3103,ogeac001,Chad Ogea
3104,oglib001,Ben Oglivie
3105,ohear001,Ryan O'Hearn
3106,ohkat001,Tomo Ohka
3107,ohler001,Ross Ohlendorf
3108,ohmaw001,Will Ohman
3109,ohtas001,Shohei Ohtani
3110,ojedb001,Bob Ojeda
3111,okajh001,Hideki Okajima
3112,oleat001,Troy O'Leary
3113,olerj001,John Olerud
3114,oliva001,Al Oliver
3115,olivb101,Bob Oliver
3116,olivd001,Darren Oliver
3117,olivg101,Gene Oliver
3118,olivj001,Joe Oliver
3119,olivm001,Miguel Olivo
3120,olivn101,Nate Oliver
3121,olivo001,Omar Olivares
3122,olivt102,Tony Oliva
3123,olses001,Scott Olsen
3124,olsog002,Greg Olson
3125,olsog003,Garrett Olson
3126,olsom001,Matt Olson
3127,omalt001,Tom O'Malley
3128,onear001,Randy O'Neal
3129,oneip001,Paul O'Neill
3130,oneit001,Tyler O'Neill
3131,ontis001,Steve Ontiveros
3132,ontis101,Steve Ontiveros
3133,oquej001,Jose Oquendo
3134,oquim001,Mike Oquist
3135,ordom001,Magglio Ordonez
3136,ordor001,Rey Ordonez
3137,oriek001,Kevin Orie
3138,orlap001,Paulo Orlando
3139,orosj001,Jesse Orosco
3140,orsij101,John Orsino
3141,orsuj001,Joe Orsulak
3142,ortaj001,Jorge Orta
3143,ortep101,Phil Ortega
3144,ortid001,David Ortiz
3145,ortij001,Junior Ortiz
3146,ortir001,Russ Ortiz
3147,ortir002,Ramon Ortiz
3148,osbob101,Bobo Osborne
3149,osbod001,Donovan Osborne
3150,osikk001,Keith Osik
3151,osind101,Dan Osinski
3152,ostec103,Claude Osteen
3153,osuna002,Antonio Osuna
3154,osunj001,Jose Osuna
3155,oswar001,Roy Oswalt
3156,oterd001,Dan Otero
3157,otisa001,Amos Otis
3158,otooj101,Jim O'Toole
3159,ott-e101,Ed Ott
3160,ottaa001,Adam Ottavino
3161,overl001,Lyle Overbay
3162,oviej001,Johan Oviedo
3163,owchb001,Bob Owchinko
3164,owene001,Eric Owens
3165,owenj101,Jim Owens
3166,owens001,Spike Owen
3167,owinc001,Chris Owings
3168,owinm001,Micah Owings
3169,oyler101,Ray Oyler
3170,ozunm001,Marcell Ozuna
3171,ozunp001,Pablo Ozuna
3172,pachj001,Jordan Pacheco
3173,pacit001,Tom Paciorek
3174,paddc001,Chris Paddack
3175,padiv001,Vicente Padilla
3176,pagaa001,Angel Pagan
3177,pagaj101,Jose Pagan
3178,pagem001,Mitchell Page
3179,paglj101,Jim Pagliaroni
3180,paglm001,Mike Pagliarulo
3181,pagnt001,Tom Pagnozzi
3182,painl001,Lance Painter
3183,palav001,Vicente Palacios
3184,palla001,Andre Pallante
3185,palld001,Donn Pall
3186,palmd001,David Palmer
3187,palmd002,Dean Palmer
3188,palmj001,Jim Palmer
3189,palml101,Lowell Palmer
3190,palmo001,Orlando Palmeiro
3191,palmr001,Rafael Palmeiro
3192,panij002,Joe Panik
3193,pankj001,Jim Pankovits
3194,papej001,Jonathan Papelbon
3195,pappm101,Milt Pappas
3196,paquc001,Craig Paquette
3197,parei001,Isaac Paredes
3198,parem001,Mark Parent
3199,parkc002,Chan Ho Park
3200,parkd001,Dave Parker
3201,parkj001,Jarrod Parker
3202,parkw101,Wes Parker
3203,parmc001,Chris Parmelee
3204,parnb001,Bobby Parnell
3205,parqj001,Jim Parque
3206,parrg001,Gerardo Parra
3207,parrj001,Jeff Parrett
3208,parrl001,Lance Parrish
3209,parrl002,Larry Parrish
3210,parrm001,Manny Parra
3211,parrm101,Mike Parrott
3212,parrs001,Steve Parris
3213,parsb101,Bill Parsons
3214,pascc102,Camilo Pascual
3215,pasqd001,Dan Pasqua
3216,pasqv001,Vinnie Pasquantino
3217,pastf001,Frank Pastore
3218,patef101,Freddie Patek
3219,pattb001,Bob Patterson
3220,pattc001,Corey Patterson
3221,pattj004,John Patterson
3222,pattm101,Marty Pattin
3223,paulm101,Mike Paul
3224,paulr001,Ronny Paulino
3225,pavac001,Carl Pavano
3226,pavld101,Don Pavletich
3227,pavlr001,Roger Pavlik
3228,paxtj001,James Paxton
3229,paxtm101,Mike Paxton
3230,paytj001,Jay Payton
3231,peacb001,Brad Peacock
3232,peara102,Albie Pearson
3233,pears001,Steve Pearce
3234,peavj001,Jake Peavy
3235,pecob001,Bill Pecota
3236,pedej001,Joc Pederson
3237,pedrd001,Dustin Pedroia
3238,pelfm001,Mike Pelfrey
3239,penaa001,Alejandro Pena
3240,penab002,Brayan Pena
3241,penac001,Carlos Pena
3242,penag001,Geronimo Pena
3243,penaj004,Jeremy Pena
3244,penao101,Orlando Pena
3245,penar101,Roberto Pena
3246,penat001,Tony Pena
3247,penat002,Tony Pena
3248,penaw001,Wily Mo Pena
3249,pench001,Hunter Pence
3250,pendt001,Terry Pendleton
3251,pennb002,Brad Penny
3252,pennc001,Cliff Pennington
3253,pepij101,Joe Pepitone
3254,perad001,David Peralta
3255,peraf001,Freddy Peralta
3256,peraj001,Jhonny Peralta
3257,peraj002,Joel Peralta
3258,peraj003,Jose Peraza
3259,peraw001,Wily Peralta
3260,percj001,Jack Perconte
3261,perct001,Troy Percival
3262,perdg001,Geraldo Perdomo
3263,perdl002,Luis Perdomo
3264,perec001,Carlos Perez
3265,perec002,Chris Perez
3266,peree001,Eduardo Perez
3267,peree002,Eddie Perez
3268,pereh001,Hernan Perez
3269,perem001,Melido Perez
3270,perem002,Mike Perez
3271,perem004,Martin Perez
3272,perem101,Marty Perez
3273,peren001,Neifi Perez
3274,pereo001,Odalis Perez
3275,pereo002,Oliver Perez
3276,perep001,Pascual Perez
3277,perer001,Robert Perez
3278,perer002,Rafael Perez
3279,perer003,Roberto Perez
3280,peres002,Salvador Perez
3281,peret001,Tony Perez
3282,peret003,Tomas Perez
3283,peret004,Timo Perez
3284,perey001,Yorkis Perez
3285,perkb001,Broderick Perkins
3286,perkg001,Glen Perkins
3287,perrg001,Gerald Perry
3288,perrg101,Gaylord Perry
3289,perrh001,Herbert Perry
3290,perrj102,Jim Perry
3291,perrp001,Pat Perry
3292,perrr101,Ron Perranoski
3293,persr001,Robert Person
3294,petec101,Cap Peterson
3295,peted003,David Peterson
3296,petef101,Fritz Peterson
3297,peteg101,Gary Peters
3298,petej002,Jace Peterson
3299,peter001,Rick Peters
3300,petiy001,Yusmeiro Petit
3301,petkm001,Mark Petkovsek
3302,petrb001,Ben Petrick
3303,petrd001,Dan Petry
3304,petrg001,Geno Petralli
3305,petrr101,Rico Petrocelli
3306,petta001,Andy Pettitte
3307,pettg001,Gary Pettis
3308,pfaab001,Brandon Pfaadt
3309,phamt001,Tommy Pham
3310,phegj001,Josh Phegley
3311,pheld001,David Phelps
3312,phelj001,Josh Phelps
3313,phelk001,Ken Phelps
3314,phila101,Adolfo Phillips
3315,philb001,Brandon Phillips
3316,philb102,Bubba Phillips
3317,phild103,Dick Phillips
3318,philj003,Jason Phillips
3319,philm101,Mike Phillips
3320,philt001,Tony Phillips
3321,phoet101,Tom Phoebus
3322,piata001,Adam Piatt
3323,piazm001,Mike Piazza
3324,piccr001,Rob Picciolo
3325,pichh001,Hipolito Pichardo
3326,picoj001,Jeff Pico
3327,pie-f001,Felix Pie
3328,piera001,A.J. Pierzynski
3329,pierb101,Billy Pierce
3330,pierj002,Juan Pierre
3331,pierj102,Jim Piersall
3332,pilaa101,Al Pilarcik
3333,pillk001,Kevin Pillar
3334,pindc001,Chad Pinder
3335,pinej001,Joel Pineiro
3336,pinem001,Michael Pineda
3337,pinil001,Lou Piniella
3338,pinsv101,Vada Pinson
3339,pintr001,Renyel Pinto
3340,piscs001,Stephen Piscotty
3341,piven001,Nick Pivetta
3342,pizaj101,Juan Pizarro
3343,planp001,Phil Plantier
3344,pleib101,Bill Pleis
3345,plesd001,Dan Plesac
3346,plesz001,Zach Plesac
3347,plout001,Trevor Plouffe
3348,plumb101,Bill Plummer
3349,plune001,Eric Plunk
3350,pocob001,Biff Pocoroba
3351,podrj101,Johnny Podres
3352,podss001,Scott Podsednik
3353,polag001,Gregory Polanco
3354,polaj001,Jorge Polanco
3355,polap001,Placido Polanco
3356,poled101,Dick Pole
3357,polla001,AJ Pollock
3358,polol001,Luis Polonia
3359,pomed001,Drew Pomeranz
3360,ponss001,Sidney Ponson
3361,popop101,Paul Popovich
3362,poqut101,Tom Poquette
3363,porcr001,Rick Porcello
3364,portd001,Darrell Porter
3365,portm001,Mark Portugal
3366,posaj001,Jorge Posada
3367,poseb001,Buster Posey
3368,postw101,Wally Post
3369,poweb101,Boog Powell
3370,powed001,Dennis Powell
3371,poweh101,Hosken Powell
3372,powet001,Ted Power
3373,powev101,Vic Power
3374,pradm001,Martin Prado
3375,pratt001,Todd Pratt
3376,presa001,Alex Presley
3377,presj001,Jim Presley
3378,presr001,Ryan Pressly
3379,pricd001,David Price
3380,pricj001,Joe Price
3381,pricj102,Jim Price
3382,pridc001,Curtis Pride
3383,priea001,Ariel Prieto
3384,print001,Tom Prince
3385,priom001,Mark Prior
3386,procs001,Scott Proctor
3387,profj001,Jurickson Profar
3388,prolm101,Mike Proly
3389,pruir101,Ron Pruitt
3390,pryog001,Greg Pryor
3391,puckk001,Kirby Puckett
3392,pught001,Tim Pugh
3393,puhlt001,Terry Puhl
3394,puigy001,Yasiel Puig
3395,pujoa001,Albert Pujols
3396,pujol001,Luis Pujols
3397,pulec001,Charlie Puleo
3398,puntn001,Nick Punto
3399,purkb101,Bob Purkey
3400,putnp001,Pat Putnam
3401,putzj001,J.J. Putz
3402,qualc001,Chad Qualls
3403,quanc001,Cal Quantrill
3404,quanp001,Paul Quantrill
3405,queem102,Mel Queen
3406,quenc001,Carlos Quentin
3407,quilf101,Frank Quilici
3408,quinc001,Carlos Quintana
3409,quinh001,Humberto Quintero
3410,quinj001,Jose Quintana
3411,quinl001,Luis Quinones
3412,quinm001,Mark Quinn
3413,quino001,Omar Quintanilla
3414,quinr001,Rey Quinones
3415,quinr002,Robb Quinlan
3416,quirj001,Jamie Quirk
3417,quisd001,Dan Quisenberry
3418,rabur001,Ryan Raburn
3419,radad101,Dick Radatz
3420,raded101,Dave Rader
3421,raded103,Doug Rader
3422,radis001,Scott Radinsky
3423,radkb001,Brad Radke
3424,rainc001,Chuck Rainey
3425,raint001,Tim Raines
3426,rakoe101,Ed Rakow
3427,ralec001,Cal Raleigh
3428,ramia001,Aramis Ramirez
3429,ramia003,Alexei Ramirez
3430,ramie004,Erasmo Ramirez
3431,ramih002,Horacio Ramirez
3432,ramih003,Hanley Ramirez
3433,ramih004,Harold Ramirez
3434,ramij003,Jose Ramirez
3435,ramim002,Manny Ramirez
3436,ramir001,Rafael Ramirez
3437,ramoa001,AJ Ramos
3438,ramod001,Domingo Ramos
3439,ramop101,Pedro Ramos
3440,ramow001,Wilson Ramos
3441,ramsm001,Mike Ramsey
3442,randb101,Bob Randall
3443,randj002,Joe Randa
3444,randl101,Len Randle
3445,randw001,Willie Randolph
3446,ranem101,Merritt Ranew
3447,rappp001,Pat Rapp
3448,rasmc001,Colby Rasmus
3449,rasmd001,Dennis Rasmussen
3450,rasmd002,Drew Rasmussen
3451,rasme101,Eric Rasmussen
3452,rau-d101,Doug Rau
3453,raucj001,Jon Rauch
3454,rawls001,Shane Rawley
3455,ray-j001,Johnny Ray
3456,ray-j101,Jim Ray
3457,ray-r002,Robbie Ray
3458,rayff001,Floyd Rayford
3459,raymc101,Claude Raymond
3460,rea-c001,Colin Rea
3461,readr001,Randy Ready
3462,realj001,J.T. Realmuto
3463,reamb001,Britt Reames
3464,rearj001,Jeff Reardon
3465,rebef101,Frank Reberger
3466,reboj001,Jeff Reboulet
3467,reddj001,Josh Reddick
3468,reddt001,Tim Redding
3469,redfp101,Pete Redfern
3470,redmm001,Mike Redmond
3471,redmm002,Mark Redman
3472,redmt001,Tike Redman
3473,redug001,Gary Redus
3474,reedh102,Howie Reed
3475,reedj001,Jeff Reed
3476,reedj002,Jerry Reed
3477,reedj003,Jody Reed
3478,reedj004,Jeremy Reed
3479,reedr001,Ron Reed
3480,reedr002,Rick Reed
3481,reeds001,Steve Reed
3482,reesp001,Pokey Reese
3483,reesr101,Rich Reese
3484,refsr001,Rob Refsnyder
3485,regap101,Phil Regan
3486,reicd001,Dan Reichert
3487,reicr101,Rick Reichardt
3488,reimk001,Kevin Reimer
3489,reimn001,Nolan Reimold
3490,reitc001,Chris Reitsma
3491,reitk101,Ken Reitz
3492,rekab001,Bryan Rekar
3493,relad001,Desi Relaford
3494,remlm001,Mike Remlinger
3495,remyj001,Jerry Remy
3496,renda001,Anthony Rendon
3497,renfh001,Hunter Renfroe
3498,rengl001,Luis Rengifo
3499,renih101,Hal Reniff
3500,renir101,Rick Renick
3501,renks101,Steve Renko
3502,rente001,Edgar Renteria
3503,repor101,Roger Repoz
3504,rettm101,Merv Rettenmund
3505,retzk101,Ken Retzer
3506,reusj001,Jerry Reuss
3507,reusr001,Rick Reuschel
3508,reveb001,Ben Revere
3509,reved101,Dave Revering
3510,reyec001,Carlos Reyes
3511,reyed001,Dennys Reyes
3512,reyej001,Jose Reyes
3513,reyej003,Jo-Jo Reyes
3514,reyev001,Victor Reyes
3515,reyna001,Armando Reynoso
3516,reynb001,Bryan Reynolds
3517,reync001,Craig Reynolds
3518,reynh001,Harold Reynolds
3519,reynk101,Ken Reynolds
3520,reynm001,Mark Reynolds
3521,reynr001,R.J. Reynolds
3522,reyns001,Shane Reynolds
3523,reynt101,Tommie Reynolds
3524,rhoda001,Arthur Rhodes
3525,rhodr001,Rick Rhoden
3526,ribad101,Dennis Ribant
3527,ricej001,Jim Rice
3528,richb102,Bobby Richardson
3529,richc001,Chris Richard
3530,richc002,Clayton Richard
3531,richg001,Gene Richards
3532,richg002,Garrett Richards
3533,richj101,J.R. Richard
3534,richp102,Pete Richert
3535,richt001,Trevor Richards
3536,rickj001,Joey Rickard
3537,ridzs101,Steve Ridzik
3538,riedj001,John Riedling
3539,righd001,Dave Righetti
3540,rijoj001,Jose Rijo
3541,rilea001,Austin Riley
3542,rilee001,Ernie Riles
3543,rincj001,Juan Rincon
3544,rincr001,Ricardo Rincon
3545,riosa001,Armando Rios
3546,riosa002,Alex Rios
3547,ripkb001,Billy Ripken
3548,ripkc001,Cal Ripken
3549,ripla101,Allen Ripley
3550,riskd001,David Riske
3551,ritct001,Todd Ritchie
3552,ritzk001,Kevin Ritz
3553,rival001,Luis Rivas
3554,riveb001,Ben Rivera
3555,riveb101,Bombo Rivera
3556,rivej001,Juan Rivera
3557,rivel001,Luis Rivera
3558,rivem001,Mickey Rivers
3559,rivem002,Mariano Rivera
3560,river002,Ruben Rivera (Moreno)
3561,rives001,Saul Rivera
3562,rizza001,Anthony Rizzo
3563,roacm101,Mel Roach
3564,roart001,Tanner Roark
3565,robea001,Andre Robertson
3566,robeb002,Bip Roberts
3567,robeb003,Brian Roberts
3568,robeb101,Bob Robertson
3569,robed001,Dave Roberts
3570,robed002,David Robertson
3571,robed004,Daniel Robertson
3572,robed101,Dave Roberts
3573,robed102,Dave Roberts
3574,robel001,Leon Roberts
3575,robel002,Luis Robert Jr.
3576,roben001,Nate Robertson
3577,rober001,Rich Robertson
3578,rober002,Ryan Roberts
3579,rober101,Rich Robertson
3580,rober102,Robin Roberts
3581,robib101,Bill Robinson
3582,robib104,Brooks Robinson
3583,robic101,Craig Robinson
3584,robid001,Don Robinson
3585,robie102,Earl Robinson
3586,robif102,Floyd Robinson
3587,robif103,Frank Robinson
3588,robij001,Jeff Robinson
3589,robij002,Jeff Robinson
3590,robik002,Kerry Robinson
3591,robir001,Ron Robinson
3592,roblv001,Victor Robles
3593,rodga101,Andre Rodgers
3594,rodgb002,Brendan Rodgers
3595,rodgb102,Bob Rodgers
3596,rodnf001,Fernando Rodney
3597,rodoc001,Carlos Rodon
3598,rodra001,Alex Rodriguez
3599,rodra101,Aurelio Rodriguez
3600,rodre004,Eduardo Rodriguez
3601,rodre101,Ellie Rodriguez
3602,rodre102,Eduardo Rodriguez
3603,rodrf001,Frankie Rodriguez
3604,rodrf002,Felix Rodriguez
3605,rodrf003,Francisco Rodriguez
3606,rodrh001,Henry Rodriguez
3607,rodri001,Ivan Rodriguez
3608,rodrj007,Julio Rodriguez
3609,rodrl002,Luis Rodriguez
3610,rodrr004,Rich Rodriguez
3611,rodrs002,Sean Rodriguez
3612,rodrw002,Wandy Rodriguez
3613,roebe101,Ed Roebuck
3614,roeng001,Gary Roenicke
3615,roenr001,Ron Roenicke
3616,rogee002,Esmil Rogers
3617,rogek001,Kenny Rogers
3618,roges001,Steve Rogers
3619,roget001,Taylor Rogers
3620,roget002,Tyler Rogers
3621,roget003,Trevor Rogers
3622,rojac101,Cookie Rojas
3623,rojaj001,Josh Rojas
3624,rojam001,Mel Rojas
3625,rojam002,Miguel Rojas
3626,rolaj101,Jim Roland
3627,roles001,Scott Rolen
3628,rolld001,Damian Rolls
3629,rollj001,Jimmy Rollins
3630,rollr101,Rich Rollins
3631,romaj101,John Romano
3632,romar001,Ron Romanick
3633,romee001,Ed Romero
3634,romej001,J.C. Romero
3635,romer002,Ricky Romero
3636,romia001,Andrew Romine
3637,romia002,Austin Romine
3638,romoe101,Enrique Romo
3639,romos001,Sergio Romo
3640,romov101,Vicente Romo
3641,rondh001,Hector Rondon
3642,roofp101,Phil Roof
3643,rookb001,Brent Rooker
3644,rookj101,Jim Rooker
3645,rosaa001,Adam Rosales
3646,rosaa003,Amed Rosario
3647,rosae001,Eddie Rosario
3648,rosaj001,Jose Rosado
3649,rosaw001,Wilin Rosario
3650,rosed101,Dave Rosello
3651,rosej101,John Roseboro
3652,rosep001,Pete Rose
3653,roset001,Trevor Rosenthal
3654,rossc001,Cody Ross
3655,rossd001,David Ross
3656,rossg102,Gary Ross
3657,rossj002,Joe Ross
3658,rosst001,Tyson Ross
3659,rowaa001,Aaron Rowand
3660,rowlr002,Ryan Rowland-Smith
3661,roysj001,Jerry Royster
3662,rozed001,Dave Rozema
3663,rua-r001,Ryan Rua
3664,ruckd001,Dave Rucker
3665,rudij101,Joe Rudi
3666,rudod103,Don Rudolph
3667,rudok101,Ken Rudolph
3668,ruetk001,Kirk Rueter
3669,ruf-d001,Darin Ruf
3670,ruffb001,Bruce Ruffin
3671,ruggj001,Justin Ruggiano
3672,ruhlv001,Vern Ruhle
3673,ruizc001,Carlos Ruiz
3674,ruizc102,Chico Ruiz
3675,ruizk001,Keibert Ruiz
3676,runnp101,Pete Runnels
3677,ruper001,Ryan Rupe
3678,ruppc001,Cameron Rupp
3679,ruscg001,Glendon Rusch
3680,rusic001,Chris Rusin
3681,russa002,Addison Russell
3682,russb001,Bill Russell
3683,russj001,Jeff Russell
3684,russj002,John Russell
3685,russj003,James Russell
3686,ruthd001,Dick Ruthven
3687,rutlj001,Josh Rutledge
3688,rutsa001,Adley Rutschman
3689,ryanb001,B.J. Ryan
3690,ryanb002,Brendan Ryan
3691,ryanj002,Joe Ryan
3692,ryanm101,Mike Ryan
3693,ryann001,Nolan Ryan
3694,ryu-h001,Hyun Jin Ryu
3695,rzepm001,Marc Rzepczynski
3696,saark001,Kirk Saarloos
3697,sabac001,CC Sabathia
3698,sabeb001,Bret Saberhagen
3699,saboc001,Chris Sabo
3700,sadem101,Mike Sadek
3701,sader101,Ray Sadecki
3702,sadob102,Bob Sadowski
3703,sadoe101,Ed Sadowski
3704,saeno001,Olmedo Saenz
3705,sakal001,Lenn Sakata
3706,salad001,Danny Salazar
3707,salal001,Luis Salazar
3708,salam001,Mark Salas
3709,salat001,Tyler Saladino
3710,salec001,Chris Sale
3711,salmc101,Chico Salmon
3712,salmt001,Tim Salmon
3713,saltj001,Jarrod Saltalamacchia
3714,samaj001,Jeff Samardzija
3715,sambj001,Joe Sambito
3716,sampb001,Bill Sample
3717,samuj001,Juan Samuel
3718,sanca004,Anibal Sanchez
3719,sanca006,Aaron Sanchez
3720,sancc001,Yolmer Sanchez
3721,sancc002,Cristopher Sanchez
3722,sancf001,Freddy Sanchez
3723,sancg001,Gaby Sanchez
3724,sancg002,Gary Sanchez
3725,sancj001,Jesus Sanchez
3726,sancj002,Jonathan Sanchez
3727,sancj003,Jesus Sanchez
3728,sancl001,Luis Sanchez
3729,sancr001,Rey Sanchez
3730,sandd001,Deion Sanders
3731,sandk101,Ken Sanders
3732,sandp001,Pablo Sandoval
3733,sandp002,Patrick Sandoval
3734,sandr001,Ryne Sandberg
3735,sandr002,Reggie Sanders
3736,sands001,Scott Sanderson
3737,sands002,Scott Sanders
3738,sanfj101,Jack Sanford
3739,sangm101,Manny Sanguillen
3740,sanom001,Miguel Sano
3741,santa003,Anthony Santander
3742,santa101,Al Santorini
3743,santb001,Benito Santiago
3744,santc002,Carlos Santana
3745,santd001,Danny Santana
3746,santd002,Domingo Santana
3747,sante001,Ervin Santana
3748,santf001,F.P. Santangelo
3749,santh001,Hector Santiago
3750,santj001,Julio Santana
3751,santj003,Johan Santana
3752,santj101,Jose Santiago
3753,santn001,Nelson Santovenia
3754,santr001,Rafael Santana
3755,santr002,Ramon Santiago
3756,santr102,Ron Santo
3757,santv001,Victor Santos
3758,sarmm101,Manny Sarmiento
3759,sassm001,Mackey Sasser
3760,satrt101,Tom Satriano
3761,saues001,Scott Sauerbeck
3762,saunj001,Joe Saunders
3763,saunm001,Michael Saunders
3764,savat101,Ted Savage
3765,saveb101,Bob Saverine
3766,sawac101,Carl Sawatski
3767,sawyr101,Rick Sawyer
3768,sax-s001,Steve Sax
3769,scanb001,Bob Scanlan
3770,schad001,Dan Schatzeder
3771,schaj002,Jordan Schafer
3772,schaj104,Jimmie Schaffer
3773,schap101,Paul Schaal
3774,schef102,Fred Scherman
3775,schem001,Max Scherzer
3776,scher101,Richie Scheinblum
3777,sches001,Scott Schebler
3778,schic001,Calvin Schiraldi
3779,schic002,Curt Schilling
3780,schic101,Chuck Schilling
3781,schin001,Nate Schierholtz
3782,schmb101,Bob Schmidt
3783,schmc002,Clarke Schmidt
3784,schmd001,Dave J. Schmidt
3785,schmj001,Jason Schmidt
3786,schmm001,Mike Schmidt
3787,schnb001,Brian Schneider
3788,schod001,Dick Schofield
3789,schod101,Dick Schofield
3790,schoj001,Jonathan Schoop
3791,schop001,Pete Schourek
3792,schor101,Red Schoendienst
3793,schos001,Scott Schoeneweis
3794,schrb001,Bill Schroeder
3795,schrk001,Ken Schrom
3796,schub101,Barney Schultz
3797,schub104,Buddy Schultz
3798,schur001,Rick Schu
3799,schur101,Ron Schueler
3800,schus001,Skip Schumaker
3801,schwd101,Don Schwall
3802,schwk001,Kyle Schwarber
3803,sciom001,Mike Scioscia
3804,scorh101,Herb Score
3805,scotg102,George Scott
3806,scotl001,Luke Scott
3807,scotm001,Mike Scott
3808,scotr101,Rod Scott
3809,scott001,Tony Scott
3810,scuds001,Scott Scudder
3811,scurr001,Rod Scurry
3812,scutm001,Marco Scutaro
3813,seagc001,Corey Seager
3814,seagk001,Kyle Seager
3815,searj001,JP Sears
3816,seavt001,Tom Seaver
3817,sebrb001,Bob Sebra
3818,sefck001,Kevin Sefcik
3819,segud001,David Segui
3820,segud101,Diego Segui
3821,seguj002,Jean Segura
3822,seitk001,Kevin Seitzer
3823,selea001,Aaron Sele
3824,sellj001,Jeff Sellers
3825,selmd101,Dick Selma
3826,semim001,Marcus Semien
3827,senza001,Antonio Senzatela
3828,senzn001,Nick Senzel
3829,seo-j001,Jae Seo
3830,serug101,Gary Serum
3831,servs002,Scott Servais
3832,sevel001,Luis Severino
3833,sevep001,Pedro Severino
3834,sexsr001,Richie Sexson
3835,shama101,Art Shamsky
3836,shanb102,Bobby Shantz
3837,shanm101,Mike Shannon
3838,sharb102,Bill Sharp
3839,shard101,Dick Sharon
3840,sharm001,Mike Sharperson
3841,shawb001,Bryan Shaw
3842,shawb103,Bob Shaw
3843,shawj001,Jeff Shaw
3844,shawt001,Travis Shaw
3845,shead001,Danny Sheaffer
3846,sheea001,Andy Sheets
3847,sheeb001,Ben Sheets
3848,sheeg001,Gavin Sheets
3849,sheel001,Larry Sheets
3850,shefg001,Gary Sheffield
3851,shelc001,Chris Shelton
3852,shelj001,John Shelby
3853,shelj101,Jim Shellenback
3854,shelr101,Rollie Sheldon
3855,sherl101,Larry Sherry
3856,shern102,Norm Sherry
3857,sherp001,Pat Sheridan
3858,shiej002,James Shields
3859,shies002,Scot Shields
3860,shint001,Tsuyoshi Shinjo
3861,shipc001,Craig Shipley
3862,shirb001,Bob Shirley
3863,shoem001,Matt Shoemaker
3864,shopk001,Kelly Shoppach
3865,shopt101,Tom Shopay
3866,shorc102,Chris Short
3867,shoub001,Brian Shouse
3868,showe001,Eric Show
3869,shuep001,Paul Shuey
3870,shumt001,Terry Shumpert
3871,siebn101,Norm Siebern
3872,siebs101,Sonny Siebert
3873,siegk001,Kevin Siegrist
3874,sierr001,Ruben Sierra
3875,sievr101,Roy Sievers
3876,silvc001,Carlos Silva
3877,silvj001,Jose Silva
3878,simma001,Andrelton Simmons
3879,simmc101,Curt Simmons
3880,simmm001,Mike Simms
3881,simmt001,Ted Simmons
3882,simoa001,Alfredo Simon
3883,simor001,Randall Simon
3884,simpd102,Dick Simpson
3885,simpj101,Joe Simpson
3886,simpw101,Wayne Simpson
3887,simsd101,Duke Sims
3888,singb001,Brady Singer
3889,singb101,Bill Singer
3890,singc001,Chris Singleton
3891,singk001,Ken Singleton
3892,sippt001,Tony Sipp
3893,sirom001,Mike Sirotka
3894,siskd001,Doug Sisk
3895,siskt101,Tommie Sisk
3896,sizeg001,Grady Sizemore
3897,sizet101,Ted Sizemore
3898,skagt001,Tyler Skaggs
3899,skinb101,Bob Skinner
3900,skinj001,Joel Skinner
3901,skowb101,Bill Skowron
3902,skubt001,Tarik Skubal
3903,slata001,Austin Slater
3904,slatj001,Jim Slaton
3905,slaud001,Don Slaught
3906,sloch001,Heathcliff Slocumb
3907,slowk001,Kevin Slowey
3908,smalr001,Roy Smalley
3909,smilj001,John Smiley
3910,smita102,Al Smith
3911,smitb001,Bryn Smith
3912,smitb101,Billy Smith
3913,smitb104,Bobby Smith
3914,smitc006,Caleb Smith
3915,smitc105,Charley Smith
3916,smitd001,Dave Smith
3917,smitd003,Dwight Smith
3918,smitd008,Dominic Smith
3919,smitg101,George Smith
3920,smith106,Hal Smith
3921,smith108,Hal Smith
3922,smitj002,Joe Smith
3923,smitj007,Josh Smith
3924,smitl001,Lee Smith
3925,smitl002,Lonnie Smith
3926,smitm002,Mike Smithson
3927,smitm007,Mallex Smith
3928,smito001,Ozzie Smith
3929,smitp001,Pete Smith
3930,smitp002,Pavin Smith
3931,smitr001,Roy Smith
3932,smitr101,Reggie Smith
3933,smits002,Seth Smith
3934,smitw002,Will Smith
3935,smitw003,Will Smith
3936,smitw102,Willie Smith
3937,smitz001,Zane Smith
3938,smoaj001,Justin Smoak
3939,smolj001,John Smoltz
3940,smyld001,Drew Smyly
3941,snelb001,Blake Snell
3942,sneli001,Ian Snell
3943,snidd101,Duke Snider
3944,snidt001,Travis Snider
3945,snopc001,Chris Snopek
3946,snowj001,J.T. Snow
3947,snydc001,Cory Snyder
3948,snydc002,Chris Snyder
3949,snydr102,Russ Snyder
3950,sodee101,Eric Soderholm
3951,sodet001,Tyler Soderstrom
3952,sogae001,Eric Sogard
3953,sojol001,Luis Sojo
3954,solad001,Donovan Solano
3955,solat101,Tony Solaita
3956,solay001,Yangervis Solarte
3957,solej001,Jorge Soler
3958,soloe101,Eddie Solomon
3959,sonna001,Andy Sonnanstine
3960,sorel001,Lary Sorensen
3961,soria001,Alfonso Soriano
3962,sorij001,Joakim Soria
3963,sorom001,Michael Soroka
3964,sorrp001,Paul Sorrento
3965,sosae101,Elias Sosa
3966,sosaj002,Jorge Sosa
3967,sosas001,Sammy Sosa
3968,sotog001,Giovanni Soto
3969,sotoj001,Juan Soto
3970,sotom001,Mario Soto
3971,souzs001,Steven Souza Jr.
3972,sowej001,Jeremy Sowers
3973,spahw101,Warren Spahn
3974,spana101,Al Spangler
3975,spanc001,Cory Spangenberg
3976,spand001,Denard Span
3977,sparj101,Joe Sparma
3978,spars001,Steve Sparks
3979,speic001,Chris Speier
3980,speij001,Justin Speier
3981,spend101,Daryl Spencer
3982,spenj101,Jim Spencer
3983,spens001,Shane Spencer
3984,spieb001,Bill Spiers
3985,spiee101,Ed Spiezio
3986,spies001,Scott Spiezio
3987,spikc101,Charlie Spikes
3988,spild001,Dan Spillner
3989,spilh001,Harry Spilman
3990,spilr001,Ryan Spilborghs
3991,spivj001,Junior Spivey
3992,splip001,Paul Splittorff
3993,sprae001,Ed Sprague
3994,sprae101,Ed Sprague
3995,sprid001,Dennis Springer
3996,sprig001,George Springer
3997,sprij102,Jack Spring
3998,squim001,Mike Squires
3999,staem101,Marv Staehle
4000,stafb101,Bill Stafford
4001,stahl101,Larry Stahl
4002,stahs001,Scott Stahoviak
4003,staim001,Matt Stairs
4004,stalj001,Jacob Stallings
4005,stalt101,Tracy Stallard
4006,stamc001,Craig Stammen
4007,stanb001,Bob Stanley
4008,stand101,Don Stanhouse
4009,stanf101,Fred Stanley
4010,stanl101,Lee Stange
4011,stanl102,Leroy Stanton
4012,stanm002,Mike Stanley
4013,stanm003,Mike Stanton
4014,stanm004,Giancarlo Stanton
4015,stanm101,Mickey Stanley
4016,stapd001,Dave Stapleton
4017,stard001,Denny Stark
4018,starw101,Willie Stargell
4019,staur001,Rusty Staub
4020,staut001,Tim Stauffer
4021,steaj001,John Stearns
4022,steej002,Justin Steele
4023,stees001,Spencer Steer
4024,stegd001,Dave Stegman
4025,steib001,Bill Stein
4026,steib002,Blake Stein
4027,steit001,Terry Steinbach
4028,stend101,Dave Stenhouse
4029,stenr101,Rennie Stennett
4030,stepg001,Garrett Stephenson
4031,stepg101,Gene Stephens
4032,stepj102,John Stephenson
4033,stepj103,Jerry Stephenson
4034,stepr002,Robert Stephenson
4035,stept001,Tyler Stephenson
4036,stevl001,Lee Stevens
4037,stewd001,Dave Stewart
4038,stewi001,Ian Stewart
4039,stewj102,Jimmy Stewart
4040,stews001,Sammy Stewart
4041,stews002,Shannon Stewart
4042,stied001,Dave Stieb
4043,stigd101,Dick Stigman
4044,stilk001,Kurt Stillwell
4045,stinb101,Bob Stinson
4046,stink001,Kelly Stinnett
4047,stock001,Kevin Stocker
4048,stocw101,Wes Stock
4049,stodb001,Bob Stoddard
4050,stodt001,Tim Stoddard
4051,stonb101,Bill Stoneman
4052,stong102,George Stone
4053,stonj001,Jeff Stone
4054,stonr102,Ron Stone
4055,stons101,Steve Stone
4056,stort001,Trevor Story
4057,stotb001,Bryson Stott
4058,stotm101,Mel Stottlemyre
4059,stott001,Todd Stottlemyre
4060,strac001,Chris Stratton
4061,strad001,Darryl Strawberry
4062,strad002,Doug Strange
4063,strad003,Dan Straily
4064,stram001,Matt Strahm
4065,stram002,Myles Straw
4066,stras001,Stephen Strasburg
4067,strih001,Hunter Strickland
4068,strir001,Ross Stripling
4069,stris002,Spencer Strider
4070,strob101,Brent Strom
4071,stroe101,Ed Stroud
4072,stroj102,John Strohmayer
4073,strom001,Marcus Stroman
4074,strop001,Pedro Strop
4075,stuad101,Dick Stuart
4076,stubd001,Drew Stubbs
4077,stubf001,Franklin Stubbs
4078,stule002,Eric Stults
4079,stupj001,John Stuper
4080,sturt001,Tanyon Sturtze
4081,sturt101,Tom Sturdivant
4082,stync001,Chris Stynes
4083,suare001,Eugenio Suarez
4084,suarj001,Jose Suarez
4085,suark101,Ken Suarez
4086,suarr001,Ranger Suarez
4087,sudab101,Bill Sudakis
4088,sullc001,Cory Sullivan
4089,sullf101,Frank Sullivan
4090,sullh101,Haywood Sullivan
4091,sulls001,Scott Sullivan
4092,summc001,Champ Summers
4093,sundj001,Jim Sundberg
4094,suppj001,Jeff Suppan
4095,surhb001,B.J. Surhoff
4096,sutcr001,Rick Sutcliffe
4097,suteb001,Brent Suter
4098,suthg101,Gary Sutherland
4099,suttb001,Bruce Sutter
4100,suttd001,Don Sutton
4101,suzui001,Ichiro Suzuki
4102,suzuk001,Kurt Suzuki
4103,suzum001,Mac Suzuki
4104,suzus001,Seiya Suzuki
4105,sveud001,Dale Sveum
4106,swanc001,Craig Swan
4107,swand001,Dansby Swanson
4108,swanr001,Russ Swan
4109,swara001,Anthony Swarzak
4110,sweem001,Mark Sweeney
4111,sweem002,Mike Sweeney
4112,sweer001,Ryan Sweeney
4113,sweer101,Rick Sweet
4114,swifb001,Bill Swift
4115,swing001,Greg Swindell
4116,swisn001,Nick Swisher
4117,swiss101,Steve Swisher
4118,swobr101,Ron Swoboda
4119,sykeb101,Bob Sykes
4120,syndn001,Noah Syndergaard
4121,tabaj002,Jose Tabata
4122,tablp001,Pat Tabler
4123,tagus001,So Taguchi
4124,tailj001,Jameson Taillon
4125,talbf101,Fred Talbot
4126,tallb001,Brian Tallet
4127,tanaf001,Frank Tanana
4128,tanam001,Masahiro Tanaka
4129,tapak001,Kevin Tapani
4130,tapir001,Raimel Tapia
4131,tartd001,Danny Tartabull
4132,tartj101,Jose Tartabull
4133,tasbw101,Willie Tasby
4134,tatif001,Fernando Tatis
4135,tatif002,Fernando Tatis Jr.
4136,taube001,Eddie Taubensee
4137,tavaj001,Julian Tavarez
4138,tavef101,Frank Taveras
4139,tavel001,Leody Taveras
4140,tavew001,Willy Taveras
4141,taylc001,Chris Taylor
4142,taylc101,Chuck Taylor
4143,taylc102,Carl Taylor
4144,taylh102,Hawk Taylor
4145,taylm002,Michael A. Taylor
4146,taylr101,Ron Taylor
4147,tayls102,Sammy Taylor
4148,taylt101,Tony Taylor
4149,tazaj001,Junichi Tazawa
4150,teahm001,Mark Teahen
4151,tehej001,Julio Teheran
4152,teixm001,Mark Teixeira
4153,tejam001,Miguel Tejada
4154,tejar001,Ruben Tejada
4155,tejer001,Robinson Tejeda
4156,tekuk001,Kent Tekulve
4157,telea001,Amaury Telemaco
4158,tellr001,Rowdy Tellez
4159,tempg001,Garry Templeton
4160,tempj101,Johnny Temple
4161,tenag101,Gene Tenace
4162,terrj101,Jerry Terrell
4163,terrr101,Ralph Terry
4164,terrs001,Scott Terry
4165,terrw001,Walt Terrell
4166,tettm001,Mickey Tettleton
4167,teuft001,Tim Teufel
4168,tewkb001,Bob Tewksbury
4169,thame001,Eric Thames
4170,thamm001,Marcus Thames
4171,theor101,Ron Theobald
4172,therr001,Ryan Theriot
4173,thigb001,Bobby Thigpen
4174,tholj001,Josh Thole
4175,thoma001,Andres Thomas
4176,thoma004,Alek Thomas
4177,thomd001,Derrell Thomas
4178,thomd103,Danny Thompson
4179,thomf001,Frank Thomas
4180,thomf103,Frank Thomas
4181,thomg001,Gorman Thomas
4182,thomg101,Gary Thomasson
4183,thomg102,George Thomas
4184,thomj001,Jason Thompson
4185,thomj002,Jim Thome
4186,thomj003,Justin Thompson
4187,thomj005,John Thomson
4188,thoml002,Lane Thomas
4189,thoml103,Lee Thomas
4190,thomm001,Milt Thompson
4191,thomm002,Mark Thompson
4192,thomr003,Robby Thompson
4193,thomr004,Ryan Thompson
4194,thoms001,Scot Thompson
4195,thoms102,Stan Thomas
4196,thond001,Dickie Thon
4197,thora001,Andy Thornton
4198,thorm001,Matt Thornton
4199,thort002,Trent Thornton
4200,throm101,Marv Throneberry
4201,thurg001,Gary Thurman
4202,thurm001,Mark Thurmond
4203,thurm002,Mike Thurman
4204,tianl101,Luis Tiant
4205,tibbj001,Jay Tibbs
4206,tidrd001,Dick Tidrow
4207,tillb101,Bob Tillman
4208,tillc001,Chris Tillman
4209,timlm001,Mike Timlin
4210,timmt101,Tom Timmermann
4211,tobid001,Dave Tobik
4212,toddj102,Jim Todd
4213,tolab101,Bobby Tolan
4214,tolbm001,Matt Tolbert
4215,tollb001,Brian Tollberg
4216,tollw001,Wayne Tolleson
4217,tomay001,Yasmany Tomas
4218,tomkb001,Brett Tomko
4219,tomld001,Dave Tomlin
4220,tomlj001,Josh Tomlin
4221,tomlk001,Kelby Tomlinson
4222,tomlr001,Randy Tomlin
4223,torbj101,Jeff Torborg
4224,torks001,Spencer Torkelson
4225,torra001,Andres Torres
4226,torrf101,Felix Torres
4227,torrf102,Frank Torre
4228,torrg001,Gleyber Torres
4229,torrh101,Hector Torres
4230,torrj101,Joe Torre
4231,torrm001,Mike Torrez
4232,torrr101,Rusty Torres
4233,torrs001,Salomon Torres
4234,torry001,Yorvit Torrealba
4235,tovac101,Cesar Tovar
4236,tovae001,Ezequiel Tovar
4237,towej001,Josh Towers
4238,trabj001,Jim Traber
4239,tracc001,Chad Tracy
4240,tracd101,Dick Tracewski
4241,tracs001,Steve Trachsel
4242,trama001,Alan Trammell
4243,tramb001,Bubba Trammell
4244,travb101,Bill Travers
4245,travd001,Devon Travis
4246,treaj001,Jeff Treadway
4247,treib001,Blake Treinen
4248,trest101,Tom Tresh
4249,treva001,Alex Trevino
4250,triag101,Gus Triandos
4251,trilm001,Manny Trillo
4252,tromm001,Mike Trombley
4253,troum001,Mike Trout
4254,trous001,Steve Trout
4255,trumm001,Mark Trumbo
4256,tsitj101,John Tsitouris
4257,tuckk001,Kyle Tucker
4258,tuckm001,Michael Tucker
4259,tuckt001,T.J. Tucker
4260,tudoj001,John Tudor
4261,tulot001,Troy Tulowitzki
4262,tunnl001,Lee Tunnell
4263,turab002,Brice Turang
4264,turlb101,Bob Turley
4265,turnj001,Justin Turner
4266,turnj101,Jerry Turner
4267,turns003,Spencer Turnbull
4268,turnt001,Trea Turner
4269,tuttb101,Bill Tuttle
4270,twitw101,Wayne Twitchell
4271,tynej001,Jason Tyner
4272,tysom101,Mike Tyson
4273,ueckb101,Bob Uecker
4274,uehak001,Koji Uehara
4275,uggld001,Dan Uggla
4276,uhlat101,Ted Uhlaender
4277,umbaj101,Jim Umbarger
4278,undep101,Pat Underwood
4279,undet001,Tom Underwood
4280,unsed101,Del Unser
4281,upshc101,Cecil Upshaw
4282,upshw001,Willie Upshaw
4283,uptob001,Melvin Upton
4284,uptoj001,Justin Upton
4285,urbiu001,Ugueth Urbina
4286,urenj001,Jose Urena
4287,uriaj001,Julio Urias
4288,urial001,Luis Urias
4289,uribj001,Jose Uribe
4290,uribj002,Juan Uribe
4291,urquj001,Jose Urquidy
4292,urrej101,John Urrea
4293,urshg001,Gio Urshela
4294,utlec001,Chase Utley
4295,vailm001,Mike Vail
4296,valap001,Pat Valaika
4297,valbl001,Luis Valbuena
4298,valdf001,Framber Valdez
4299,valdi001,Ismael Valdez
4300,valdj102,Jose Valdivielso
4301,valdm001,Marc Valdes
4302,valds101,Sandy Valdespino
4303,valdw001,Wilson Valdez
4304,valeb102,Bobby Valentine
4305,valed001,Danny Valencia
4306,valee001,Ellis Valentine
4307,valef001,Fernando Valenzuela
4308,valef101,Fred Valentine
4309,valej002,John Valentin
4310,valej003,Jose Valentin
4311,valej004,Javier Valentin
4312,valld001,Dave Valle
4313,vande001,Ed Vande Berg
4314,vandj001,John Vander Wal
4315,vanlb001,Bill VanLandingham
4316,vanmj001,Josh VanMeter
4317,vanpt001,Todd Van Poppel
4318,vansa001,Andy VanSlyke
4319,vanss001,Scott Van Slyke
4320,vargc001,Claudio Vargas
4321,vargi001,Ildemaro Vargas
4322,vargj001,Jason Vargas
4323,vargk001,Kennys Vargas
4324,varij001,Jason Varitek
4325,varsd001,Daulton Varsho
4326,varsg001,Gary Varsho
4327,vauga001,Andrew Vaughn
4328,vaugg001,Greg Vaughn
4329,vaugm001,Mo Vaughn
4330,vazqc001,Christian Vazquez
4331,vazqj001,Javier Vazquez
4332,vazqr001,Ramon Vazquez
4333,vealb101,Bob Veale
4334,vealc101,Coot Veal
4335,velar001,Randy Velarde
4336,velav001,Vince Velasquez
4337,veleo101,Otto Velez
4338,venam001,Max Venable
4339,venaw001,Will Venable
4340,ventr001,Robin Ventura
4341,venty001,Yordano Ventura
4342,veraq001,Quilvio Veras
4343,verda001,Alex Verdugo
4344,vered001,Dave Veres
4345,verlj001,Justin Verlander
4346,versz101,Zoilo Versalles
4347,veryt001,Tom Veryzer
4348,vicid001,Dayan Viciedo
4349,victs001,Shane Victorino
4350,vidrj001,Jose Vidro
4351,vierm001,Matt Vierling
4352,villc001,Carlos Villanueva
4353,villj001,Jonathan Villar
4354,villo001,Oscar Villarreal
4355,villr001,Ron Villone
4356,vinaf001,Fernando Vina
4357,violf001,Frank Viola
4358,virdb101,Bill Virdon
4359,virgo001,Ozzie Virgil
4360,vizcj001,Jose Vizcaino
4361,vizcl001,Luis Vizcaino
4362,vizqo001,Omar Vizquel
4363,voged001,Daniel Vogelbach
4364,voger001,Ryan Vogelsong
4365,vogts001,Stephen Vogt
4366,voigj001,Jack Voigt
4367,volpa001,Anthony Volpe
4368,volqe001,Edinson Volquez
4369,volsc001,Chris Volstad
4370,vossb101,Bill Voss
4371,votha001,Austin Voth
4372,vottj001,Joey Votto
4373,vuckp001,Pete Vuckovich
4374,vukog001,George Vukovich
4375,wachm001,Michael Wacha
4376,wadel001,LaMonte Wade Jr.
4377,waecd001,Doug Waechter
4378,wagnb001,Billy Wagner
4379,wagnl101,Leon Wagner
4380,wagnp001,Paul Wagner
4381,waina001,Adam Wainwright
4382,waitr001,Rick Waits
4383,waket001,Tim Wakefield
4384,walbm001,Matt Walbeck
4385,walkb001,Bob Walk
4386,walkc001,Chico Walker
4387,walkc002,Christian Walker
4388,walkd001,Duane Walker
4389,walkg001,Greg Walker
4390,walkj001,Jamie Walker
4391,walkj104,Jerry Walker
4392,walkl001,Larry Walker
4393,walkl101,Luke Walker
4394,walkn001,Neil Walker
4395,walkp001,Pete Walker
4396,walkt002,Todd Walker
4397,walkt004,Taijuan Walker
4398,walkt103,Tom Walker
4399,wallb001,Brett Wallace
4400,walld001,Denny Walling
4401,walld002,Donne Wall
4402,wallj101,Joe Wallis
4403,walll101,Lee Walls
4404,wallt001,Tim Wallach
4405,walsj001,Jared Walsh
4406,waltd101,Danny Walton
4407,waltj001,Jerome Walton
4408,waltk101,Ken Walters
4409,wangc001,Chien-Ming Wang
4410,wardd001,Duane Ward
4411,wardd002,Daryle Ward
4412,wardg001,Gary Ward
4413,wardp102,Pete Ward
4414,wardt001,Turner Ward
4415,wardt002,Taylor Ward
4416,warra001,Adam Warren
4417,wartd101,Dan Warthen
4418,warwc101,Carl Warwick
4419,wasdj001,John Wasdin
4420,washc001,Claudell Washington
4421,washj001,Jarrod Washburn
4422,washr001,Ron Washington
4423,washr101,Ray Washburn
4424,washu001,U L Washington
4425,wathj001,John Wathan
4426,watsa001,Allen Watson
4427,watsb001,Bob Watson
4428,watst001,Tony Watson
4429,watte101,Eddie Watt
4430,weatd001,David Weathers
4431,weavj002,Jeff Weaver
4432,weavj003,Jered Weaver
4433,weavl001,Luke Weaver
4434,webbb001,Brandon Webb
4435,webbl001,Logan Webb
4436,webeb001,Ben Weber
4437,websl001,Lenny Webster
4438,websm001,Mitch Webster
4439,websr102,Ray Webster
4440,weekj001,Jemile Weeks
4441,weekr001,Rickie Weeks
4442,wegem101,Mike Wegener
4443,wegmb001,Bill Wegman
4444,wehnj001,John Wehner
4445,weisa101,Al Weis
4446,weisw001,Walt Weiss
4447,welcb001,Bob Welch
4448,wella002,Austin Wells
4449,wellb002,Bob Wells
4450,welld001,David Wells
4451,wellk001,Kip Wells
4452,wellr001,Randy Wells
4453,wellt002,Todd Wellemeyer
4454,wellt003,Tyler Wells
4455,wellv001,Vernon Wells
4456,welsc001,Chris Welsh
4457,wendj002,Joey Wendle
4458,wendt001,Turk Wendell
4459,wengd001,Don Wengert
4460,wertd103,Don Wert
4461,wertj001,Jayson Werth
4462,wertv101,Vic Wertz
4463,westd001,David West
4464,westj001,Jake Westbrook
4465,wettj001,John Wetteland
4466,wheed001,Dan Wheeler
4467,wheez001,Zack Wheeler
4468,whitb105,Bill White
4469,whitd001,Devon White
4470,white001,Ed Whitson
4471,white002,Ernie Whitt
4472,whitf001,Frank White
4473,whitf103,Fred Whitfield
4474,whitg001,Gabe White
4475,whitj001,Jerry White
4476,whitl001,Lou Whitaker
4477,whitm001,Mark Whiten
4478,whitm002,Matt Whiteside
4479,whitr001,Rondell White
4480,whitr101,Roy White
4481,whits101,Steve Whitaker
4482,whitt001,Terry Whitfield
4483,whitw001,Wally Whitehurst
4484,wickb001,Bob Wickman
4485,wickd101,Dave Wickersham
4486,widgc001,Chris Widger
4487,wietm001,Matt Wieters
4488,wigga001,Al Wiggins
4489,wiggt001,Ty Wigginton
4490,wilcm001,Milt Wilcox
4491,wilfr001,Rob Wilfong
4492,wilhh101,Hoyt Wilhelm
4493,wilht001,Tom Wilhelmsen
4494,wilkb002,Brad Wilkerson
4495,wilkc001,Curtis Wilkerson
4496,wilkr001,Rick Wilkins
4497,willa001,Al Williams
4498,willb001,Brian Williams
4499,willb002,Bernie Williams
4500,willb101,Bump Wills
4501,willb104,Billy Williams
4502,willb106,Bob Will
4503,willc101,Charlie Williams
4504,willc104,Carl Willey
4505,willd002,Dave Williams
4506,willd003,Dontrelle Willis
4507,willd104,Dick Williams
4508,wille101,Earl Williams
4509,willf001,Frank Williams
4510,willf002,Frank Wills
4511,willg001,Gerald Williams
4512,willg004,Gavin Williams
4513,willj001,Jerry Willard
4514,willj003,Jerome Williams
4515,willj004,Josh Willingham
4516,willj102,Jim Willoughby
4517,willk001,Ken Williams
4518,willm002,Mitch Williams
4519,willm003,Matt Williams
4520,willm004,Mark Williamson
4521,willm005,Mike Williams
4522,willm101,Mike Willis
4523,willm102,Maury Wills
4524,willr102,Ron Willis
4525,wills002,Scott Williamson
4526,wills102,Stan Williams
4527,willt002,Trevor Williams
4528,willt103,Ted Williams
4529,willw001,Woody Williams
4530,willw103,Walt Williams
4531,wilsb001,Brian Wilson
4532,wilsb003,Bryse Wilson
4533,wilsc003,Craig Wilson
4534,wilsc004,C.J. Wilson
4535,wilsd001,Dan Wilson
4536,wilsd102,Don Wilson
4537,wilse001,Enrique Wilson
4538,wilse102,Earl Wilson
4539,wilsg001,Glenn Wilson
4540,wilsj002,Jack Wilson
4541,wilsj003,Josh Wilson
4542,wilsm001,Mookie Wilson
4543,wilsp001,Paul Wilson
4544,wilsp002,Preston Wilson
4545,wilss001,Steve Wilson
4546,wilst002,Trevor Wilson
4547,wilsw001,Willie Wilson
4548,wineb101,Bobby Wine
4549,winfd001,Dave Winfield
4550,winkj002,Jesse Winker
4551,winnh001,Herm Winningham
4552,winnm001,Masyn Winn
4553,winnr001,Randy Winn
4554,wised001,Dewayne Wise
4555,wiser101,Rick Wise
4556,wislm001,Matt Wisler
4557,witaj001,Jay Witasick
4558,wittb001,Bobby Witt
4559,wittb002,Bobby Witt Jr.
4560,wittm001,Mike Witt
4561,wockj001,John Wockenfuss
4562,wohlj001,Jim Wohlford
4563,wohlm001,Mark Wohlers
4564,wolfl101,Larry Wolfe
4565,wolfr001,Randy Wolf
4566,woltt001,Tony Wolters
4567,womat001,Tony Womack
4568,wongk001,Kolten Wong
4569,woo-b001,Bryan Woo
4570,wooda001,Al Woods
4571,wooda002,Alex Wood
4572,woodb005,Brandon Woodruff
4573,woodc001,Chris Woodward
4574,woodd102,Dick Woodson
4575,woodg001,Gary Woods
4576,woodg101,Gene Woodling
4577,woodh101,Hal Woodeshick
4578,woodj107,Jake Wood
4579,woodk002,Kerry Wood
4580,woodm002,Mike Wood
4581,woodr102,Ron Woods
4582,woods001,Steve Woodard
4583,woodt004,Travis Wood
4584,woodw101,Woody Woodward
4585,woodw103,Wilbur Wood
4586,woots001,Shawn Wooten
4587,worlv001,Vance Worley
4588,worrt001,Todd Worrell
4589,worrt002,Tim Worrell
4590,worta101,Al Worthington
4591,wortc001,Craig Worthington
4592,wortr101,Rich Wortham
4593,wrigc102,Clyde Wright
4594,wrigd001,Dan Wright
4595,wrigd002,David Wright
4596,wrigg001,George Wright
4597,wrigj001,Jamey Wright
4598,wrigj002,Jaret Wright
4599,wrigs001,Steven Wright
4600,wrigw001,Wesley Wright
4601,wyatj102,John Wyatt
4602,wyneb001,Butch Wynegar
4603,wynne101,Early Wynn
4604,wynnj101,Jim Wynn
4605,wynnm001,Marvell Wynne
4606,yan-e001,Esteban Yan
4607,yarbr001,Ryan Yarbrough
4608,yastc101,Carl Yastrzemski
4609,yastm001,Mike Yastrzemski
4610,yeags001,Steve Yeager
4611,yelde001,Eric Yelding
4612,yelic001,Christian Yelich
4613,yettr001,Rich Yett
4614,yoshm001,Masato Yoshii
4615,yoste101,Eddie Yost
4616,youkk001,Kevin Youkilis
4617,youmf001,Floyd Youmans
4618,youna001,Anthony Young
4619,younc001,Curt Young
4620,younc003,Chris Young
4621,younc004,Chris Young
4622,yound001,Dmitri Young
4623,yound003,Delmon Young
4624,youne001,Eric Young
4625,youne002,Ernie Young
4626,youne003,Eric Young
4627,young001,Gerald Young
4628,younj001,Joel Youngblood
4629,younk001,Kevin Young
4630,younm001,Matt Young
4631,younm002,Mike Young
4632,younm003,Michael Young
4633,younr001,Robin Yount
4634,zachc101,Chris Zachary
4635,zachp001,Pat Zachry
4636,zahng001,Geoff Zahn
4637,zambc001,Carlos Zambrano
4638,zambv001,Victor Zambrano
4639,zaung001,Gregg Zaun
4640,zdebj101,Joe Zdeb
4641,zeilt001,Todd Zeile
4642,ziegb001,Brad Ziegler
4643,zimmd101,Don Zimmer
4644,zimmj003,Jordan Zimmermann
4645,zimmj101,Jerry Zimmerman
4646,zimmr001,Ryan Zimmerman
4647,ziskr101,Richie Zisk
4648,zitob001,Barry Zito
4649,zobrb001,Ben Zobrist
4650,zunim001,Mike Zunino
4651,zupcb001,Bob Zupcic
