playerID,mlbam
aardsda01,430911
aaronha01,110001
aaronto01,110002
aasedo01,110003
abadan01,407577
abadfe01,472551
abbotan01,671096
abbotco01,676265
abbotgl01,110016
abbotje01,110010
abbotji01,110009
abbotku01,110011
abbotky01,110012
abbotpa01,110015
abelmi01,690953
abercre01,430631
abernbr01,150466
abernte02,110021
abnerph01,691769
abnersh01,110025
abramcj01,682928
abregjo01,110028
abreual01,656061
abreubo01,110029
abreubr01,650556
abreujo02,547989
abreuju01,444874
abreuto01,473234
abreuwi01,275700
abreuwi02,677800
accarje01,435618
aceveal01,469686
acevedo01,642758
acevejo01,406895
aceveju01,110032
achteaj01,592091
ackerji01,110033
ackledu01,554429
acklefr01,110035
acostcy01,110037
acosted01,110038
acostma01,407924
acostma02,691185
acrema01,110040
actonga01,670183
acunalu01,682668
acunaro01,660670
adairje01,110042
adamecr01,542436
adamewi01,642715
adamja01,592094
adamsau01,542866
adamsau02,613534
adamsbo04,110064
adamsch01,664856
adamsda02,458691
adamsdo01,110051
adamsgl01,110050
adamsjo02,110069
adamsjo03,677941
adamsla01,572669
adamsma01,571431
adamsmi01,110070
adamsmi02,110065
adamsmi03,430606
adamsri02,110060
adamsri03,656180
adamsru01,425859
adamsry01,502031
adamste01,110067
adamstr01,701519
adamswi02,110068
adcocjo01,110071
adcocna01,502264
adcocty01,686654
adducji01,110073
adducji02,451192
adelljo01,666176
adenhni01,444440
adkinjo01,424668
adkinst01,110080
adlemti01,534947
adlesda01,110082
adonjo01,672851
adriaeh01,501303
afenitr01,110083
affelje01,346793
agbaybe01,133742
ageeto01,110084
agnosza01,688642
agostju01,110088
agrazda01,642607
aguaylu01,110089
aguiaju01,687924
aguilch01,430894
aguilje01,542583
aguilmi01,620396
aguilri01,110090
aguilry01,666922
aguirha01,110091
ahearpa01,110093
ahmedni01,605113
aikenwi01,110094
aingeda01,110095
ainswku01,215128
akerfda01,110101
akerja01,110100
akinke01,669211
akiyash01,673451
alanirj01,595798
albagi01,110104
albaljo01,452293
alberan01,452027
alberbu01,110108
alberha01,593643
alberjo01,110106
alberma01,458006
albieoz01,645277
albural01,456379
alburvi01,110113
alcaljo01,660896
alcalsa01,110114
alcanar01,570489
alcanis01,150161
alcanke01,682634
alcanra01,593417
alcansa01,645261
alcanse01,642727
alcanvi01,622505
alcarlu01,110115
aldegsa01,691951
aldremi01,110119
aldresc01,110118
aldrico01,400139
aldrija01,110120
alexabl01,677942
alexacj01,680769
alexado01,110124
alexaga01,110125
alexage01,110126
alexaja01,669920
alexama01,110130
alexama02,110129
alexasc01,518397
alexaty01,641302
alexyaj01,669935
alfarja01,430898
alfarjo01,595751
alfonan01,110134
alfoned01,110135
alfonel01,425769
alforan01,546990
alicelu01,110136
allanan01,110137
allarbr01,110138
allarko01,663465
alldrca01,682027
allenau01,664119
allenbe01,110140
allenbo04,110161
allenbr01,450315
allench01,150210
allenco01,592102
allendi01,110157
allendu01,284569
allenga01,110164
allengr01,656185
allenha02,110145
allenja02,110149
allenje01,110165
allenki01,110153
allenll01,110154
allenlo01,663531
allenlo02,671106
allenlu01,282598
allenne01,110156
allenni02,669397
allenro01,110163
allenro02,110162
alleyge01,110166
allgeni01,680430
alliebo01,110168
allisbo01,110176
allisda01,110171
allrebe01,110177
almanar01,150355
almanca01,110179
almonab01,501659
almonbi01,110181
almoned01,407824
almoner01,400095
almonhe01,150356
almonmi01,602083
almonye01,622075
almonzo01,501660
almoral01,546991
alomaro01,110183
alomasa01,110185
alomasa02,110184
alonspe01,624413
alonsyo01,475174
aloufe01,110186
alouje01,110187
alouma01,110188
aloumo01,110189
alstode01,110194
alstoga01,110191
altampo01,110195
altavda01,656186
altheaa01,571437
altmage01,110199
altobjo01,110200
altuvjo01,514888
aluja01,666906
alusige01,110202
alvarab01,433877
alvaran01,674841
alvarar01,669137
alvarcl01,345593
alvarda01,516714
alvarda02,645848
alvared01,657193
alvarel01,665660
alvarfr01,682626
alvarga01,134080
alvarhe01,506693
alvarjo01,110206
alvarjo02,501625
alvarjo03,621237
alvarju01,235094
alvarlu01,110203
alvarna01,805373
alvaror01,110205
alvarpe01,476883
alvarrj01,571439
alvarro01,110208
alvarta01,110204
alvarto01,407887
alvarvi01,407874
alvarwi01,110209
alvaryo01,670541
alvisma01,110210
alyeabr01,110212
alzolad01,640470
amadoad01,691182
amalfjo01,110213
amarari01,110214
amarial01,506560
amaroru01,110216
amaroru02,110215
amayaja01,676070
amayami01,665804
ambrech01,407876
ambrihe01,459932
amburtr01,664011
amelued01,110218
amesst01,571441
amezaal01,407792
amorosa01,110222
anderal02,110226
anderbo01,110253
anderbr01,110229
anderbr02,110230
anderbr03,435042
anderbr04,474463
anderbr05,457762
anderbr06,605119
anderbu01,110245
anderch01,502624
anderco01,594736
andercr01,110250
anderda02,110231
anderdr01,449776
anderdr02,623454
anderdw01,110233
anderga01,110236
andergr01,681982
anderha02,110240
anderia01,666120
anderja01,425427
anderji01,110241
anderji02,150247
anderjo02,110242
anderjo03,461811
anderju01,605121
anderke01,110246
anderla01,110247
anderla02,110224
anderla03,502249
anderma01,150183
anderma02,136724
andermi01,110248
andermi02,110249
anderni01,623433
anderri01,110252
anderri02,110251
andersc01,110254
andersh01,641312
anderta01,664196
anderti01,641313
anderty01,542881
andinro01,435180
andrast01,430644
andrecl01,150467
andrecl02,677076
andrefr01,110264
andrejo02,110269
andrejo03,607430
andreki01,110261
andremi01,110270
andrero01,110272
andresh01,110262
andrima01,542882
andruel01,462101
andujjo01,110278
andujlu01,110279
andujmi01,609280
angelno01,110280
anglema01,518408
ankieri01,150449
annade01,542883
anthoer01,110285
anthoro01,701350
antoldu01,542884
antonjo02,110287
antonma01,453327
antonte01,622088
aokino01,493114
aparilu01,110290
apodabo01,110291
apontlu01,110292
apostsh01,665947
appelma01,571446
appieke01,110293
aquinar01,606157
aquingr01,425628
aquinja01,593969
aquinlu01,110298
arandjo01,666018
aranovi01,644364
araujel01,542587
araujpe01,606478
arauzjo01,660620
archech01,502042
archeji02,110304
arciafr01,516472
arciajo01,110306
arciaor01,606115
arciaos01,542455
ardelda01,110307
ardoida01,150416
arenano01,571448
arencjp01,450317
ariasal01,110312
ariasal02,464244
ariasga01,672356
ariasge01,110313
ariasjo01,435078
ariaslu01,678215
arihako01,685503
arlicdo01,110316
arlinst01,110317
armasma01,110319
armasto01,110318
armasto02,150393
armbred01,110320
armenro01,660494
armstja01,110325
armstmi01,110326
armstsh01,542888
arndtla01,110330
arnolch01,110331
arnolja01,150374
arnolsc01,110332
arnolto01,110333
arnsbbr01,110336
arochre01,110338
arojo01,608167
arozara01,668227
arraelu01,650333
arredjo01,461766
arrieja01,453562
arrigge01,110339
arrigsp01,681293
arrojro01,134361
arroybr01,276520
arroych01,624414
arroyfe01,110340
arroylu01,110341
arroyru01,110342
arrueer01,628326
arteahu01,600858
asadora01,110345
ascanjo01,448857
ascheco01,605125
asencmi01,407900
ashburi01,110349
ashbyaa01,676879
ashbyal01,110350
ashbyan01,110351
ashcrbr01,677952
ashcrgr01,668933
asheral01,594742
ashfotu01,110352
ashlebi01,110353
ashlene01,502213
asprobo01,110356
asproke01,110355
assadja01,665871
asselbr01,110357
assenpa01,110358
astacez01,430586
astacpe01,110359
astinba01,592120
astudwi01,553902
asuajca01,641319
atchisc01,425786
atchlju01,280057
atherke01,110362
atilalu01,457447
atkinbi01,110368
atkinga01,425548
atkinmi01,444444
aubremi01,430956
aucoide01,110374
auderi01,110375
auerbri01,110376
augenbr01,446248
augusda01,110378
augusdo01,110377
augusje01,110379
aultdo01,110382
aumonph01,518418
aurilri01,110383
ausanjo01,110384
ausmubr01,110385
austde01,110386
austije01,406953
austiji02,110388
austiri01,110390
austity01,592122
autryal01,110391
avansdr01,682183
aveliab01,623214
avenbr01,110394
averiea02,110395
averyst01,110397
averyxa01,542897
avilaal01,488671
avilalu01,501593
avilalu02,679883
avilani01,687014
avilape01,658648
avilemi01,449107
avilera01,110399
axelrdy01,518420
axforjo01,446099
ayalabe01,110401
ayalabo01,110402
ayalalu01,425646
aybarer01,430947
aybarma01,110403
aybarwi01,430632
ayraubo01,110409
ayraujo01,110408
azcuejo01,110410
azocajo01,640492
azocaos01,110411
babcobo01,110413
babitsh01,110417
bachala01,669199
bachmsa01,696147
backebr01,407840
backhky01,679775
backmwa01,110419
bacsimi01,110421
bacsimi02,407194
bacusda01,621290
baddoak01,668731
badenbu01,488674
baderha01,664056
baeji01,678225
baekch01,430657
baergca01,110427
baezbe01,407299
baezda01,276056
baezja01,595879
baezjo01,110428
baezke01,110429
baezmi01,673258
baezpe01,520980
baezsa01,622783
bagweje01,110432
bahnsst01,110434
bailean01,457732
bailebo01,110451
bailebr01,669064
baileco01,110450
baileed01,110449
baileho01,110445
baileho02,456701
baileje01,431158
bailema01,110447
bailepa01,672275
bailero01,110441
bailesc01,110438
bailest01,110452
bailobo01,110454
baineha01,110456
bairdbo01,110460
bairdo01,110457
baislje01,488676
bajenje01,434117
bakenda01,110462
bakerbr01,641329
bakerch02,110466
bakerda01,110467
bakerda02,671117
bakerdo01,110469
bakerdu01,110481
bakerfr02,110473
bakerfr03,110474
bakerge02,110471
bakerja01,110477
bakerje03,425557
bakerjo01,434633
bakerlu01,663609
bakersc01,110486
bakersc02,435044
bakerst01,110487
bakerto02,110489
bakopa01,132720
balazjo01,110493
balazjo02,666364
balbost01,110494
baldero01,408306
baldoal01,593604
baldsja01,110496
baldwbi01,110509
baldwbr01,681460
baldwda01,110499
baldwdr01,686948
baldwja01,110503
baldwje01,110504
baldwre01,110507
baldwri01,110508
balejo01,150469
balenwl01,434605
balesco01,444446
balesle01,110511
balfogr01,346797
ballaje01,110515
balleja01,110517
ballemo01,694208
ballima01,110518
ballje01,133440
balsato01,110520
bandaan01,607455
bandoch01,110525
bandosa01,110526
bandyje01,542908
baneed01,110527
baneydi01,110528
banfiwi01,677943
banisje01,110529
bankhsc01,110531
banksbr01,110532
bankser01,110533
banksge01,110534
banksjo01,457468
banksta01,621383
bankswe01,457821
bankswi01,110536
bannial01,110539
bannibr01,446454
bannifl01,110540
bannory01,676625
bantzbr01,572702
banueda01,675915
banuema01,544365
baptitr01,136270
baragca01,670056
barajro01,150148
barbajo01,592127
barbebr01,110554
barbebr02,110548
barbest01,110550
barbest02,110551
barbiji01,110555
barcelo01,150311
barcohu01,682995
bardda01,453268
bardebr01,449471
bardjo01,408036
bardlu01,572703
barera01,110558
barfije01,110559
barfijo01,110560
barfijo02,429662
bargagr01,110562
bargead01,680718
barkbr01,110564
barkean01,406723
barkegl01,150058
barkeke01,150070
barkele01,110566
barkelu01,673316
barkera01,110567
barkeri01,150030
barkese01,446436
barklbr01,133200
barklje01,110568
barlojo01,669618
barlomi01,110571
barlosc01,605130
barmecl01,425549
barneau01,605131
barnebr01,110576
barnebr02,488681
barnech01,656212
barneda01,446381
barneda02,592130
barnefr02,110579
barneja01,606930
barnejo01,348561
barnela01,277397
barnelu01,110584
barnema01,598264
barnema02,686930
barneri01,110585
barnesc01,488683
barnesk01,110591
barneto01,501817
barnhtu01,571466
barnoed01,110600
barnwch01,448833
barojsa01,110601
baronda01,458524
barondi01,110602
baronst01,571467
barracu01,110608
barrage01,110609
barraky01,607457
barreaa01,502578
barrefr02,620439
barreja01,545332
barrelu01,642456
barrema02,110616
barrema03,518435
barremi01,136664
barreti01,110619
barreto01,110618
barretr01,668663
barrifr01,110623
barrija01,642545
barrijo01,110624
barrima01,110625
barriyh01,553872
barrji01,110604
barrojo01,678489
barroto01,110626
barrst01,110607
barryje01,110633
barryke01,435258
barryri01,110636
barteki01,110638
barthji01,444864
bartjo01,663698
bartlja01,430583
bartobo01,110648
bartobr01,446382
bartocl01,407802
bartoda02,435558
bartosh01,110649
barziph01,447808
basablu01,642772
basabos01,678545
basakch01,431150
basalsa01,694212
bashlty01,641341
bassan01,542914
bassbr01,430654
bassich01,605135
basske01,110659
bassno01,110660
bassobr01,669620
bassra01,110661
bastaan01,455374
batchri01,110669
batemjo01,110670
batesaa01,488686
batesbi01,110680
batesde01,110674
batesdi01,110671
batesja01,110676
bathebi01,110681
batiske01,110685
batiski01,110686
batismi01,110683
batisra01,110684
batisto01,110682
batteea01,110690
battema01,676946
battepe01,685410
battlal01,110692
battlho01,110693
battoch01,110695
batybr01,683146
bauerha01,110697
bauerja01,641343
bauerri01,407400
bauertr01,545333
baughju01,132200
baumabu01,571473
baumafr01,110702
baumami01,657508
baumeji01,110703
baumgro01,110705
bautaed01,110711
bautida01,110712
bautide01,429714
bautife01,642585
bautige01,639373
bautijo01,110713
bautijo02,430832
bautira01,622441
baxtemi01,488689
bayja01,424726
baylijo01,435058
baylodo01,110719
bazared01,660825
bazaryo01,434590
bazsh01,669358
beachbr01,545404
beallbo01,110723
beamoch02,110728
beamotr01,110730
beamtj01,446884
beanbi01,110733
beanco01,430841
beanebi01,110734
beardda01,110735
beardmi01,110737
bearega01,110741
bearnla01,110742
bearske01,110743
beaslch01,110744
beaslje01,676886
beaslle01,110745
beatope01,474039
beattbl01,110750
beattji01,110748
beatyma01,607461
beaucji01,110751
beavabl01,518444
beavedy01,687637
bechlst01,407852
beckch01,444447
beckch02,571476
beckegl01,110774
beckejo02,277417
beckeri01,110772
beckero01,110775
beckhgo01,493596
beckhti01,542921
beckjo01,687597
beckri01,110762
beckro01,110763
becktr01,663941
beckwjo01,110779
becquju01,110780
bedarer01,407853
bedelho01,110781
bednada01,670280
bedroca01,592135
bedrost01,110786
beechma01,110788
beedety01,595881
beeksja01,656222
beeleda01,542923
beenean01,110794
beenefr01,110793
beerse01,666179
beetecl01,690925
behenri01,110802
behneme01,110803
beimejo01,346847
beirnke01,150312
belanma01,110806
belchke01,110808
belchti01,110809
belfimi01,506988
belinbo01,110812
belinst01,110811
belisma01,279571
belisro01,430613
belitto01,277411
belivje01,542924
belkti01,110813
bellaan01,571479
bellbu01,110815
bellch02,518445
bellda01,110816
bellde01,110818
belleal01,110839
beller01,110819
bellga01,110822
bellge02,110823
bellgu01,110817
bellhe01,425514
bellhma01,110840
bellicl01,150083
bellico01,641355
bellira01,110841
belliro01,150071
bellja01,110826
bellje01,110827
belljo01,458679
belljo02,605137
bellju01,110829
bellke01,110830
bellmi01,110832
bellmi02,280062
bellobr01,678394
belloed01,431143
belloro01,110843
bellova01,678368
bellro01,150174
bellte01,110835
belltr01,457707
belnovi01,572714
belowdu01,502102
beltbr01,474832
beltrad01,134181
beltrca01,136860
beltren01,520976
beltres01,110845
beltrfr01,407779
beltrom01,449110
beltrri01,110844
bemboan01,621532
benarma01,110847
benavfr01,110848
benchjo01,110849
bendean01,669622
benedbr01,110852
benesal01,110853
benesan01,110854
beninan01,643217
beniqju01,110858
benitar01,110859
benitya01,110860
benjami01,110862
benjawe01,605138
benneda01,110866
bennede01,110867
benneer01,110868
bennega01,110870
benneje01,430831
bennejo02,150098
bennesh01,110875
benoijo01,276542
bensojo01,501994
bensokr01,150249
bensowi01,666181
bentobu01,110880
bentzch01,430566
benzito01,110887
berbelo01,110889
berblje01,110890
bereja01,110891
berenbr01,110893
berenju01,110892
beresja01,503437
bergda01,132787
bergebr01,407356
bergebr02,448269
bergepe01,150395
bergery01,686701
bergetr01,664157
bergju01,448753
bergmch01,548357
bergmda01,110908
bergmdu01,425776
bergmja01,456589
bergmse01,110909
bergowi01,430596
berkeja01,460072
berkmla01,204020
bermujo01,642834
bernabr01,657514
bernadw01,110916
bernaro01,465668
bernato01,110918
bernavi01,110914
bernawa01,682653
bernawy01,592144
bernead01,333293
bernhju01,110920
bernido01,448674
berrada01,110924
berrayo01,110925
berrijo01,621244
berroan01,407556
berroge01,110928
berropr01,672860
berrost01,672642
berryda01,110939
berryke01,110929
berryqu01,450641
berryse01,110937
bertafr01,110940
bertedi01,110942
bertijo01,542932
bertomi01,110945
bertore01,110944
beruman01,110947
bestka01,110952
beswiji01,110954
betande01,476454
betanra01,429783
betanyu01,435358
betemwi01,400140
bethach01,542194
bethebi01,110956
bethkji01,110957
betteje01,110959
bettial01,676424
bettich01,518452
bettsmo01,605141
bevacku01,110963
bevanha01,110964
beverja01,407857
bevilbr01,110966
biagijo01,607352
biancbu01,110970
biancje01,488703
biancto01,110971
bibbyji01,110973
bibeeta01,676440
bibenau01,502212
bichebo01,666182
bicheda01,110974
bickfph01,641360
biddlje01,592145
biddlro01,335092
bidoos01,674370
biebesh01,669456
bielabr01,656232
bielemi01,110979
bierbni01,150149
bierdra01,457452
biesest01,110983
bigbila01,406933
biggehu01,685801
biggica01,624415
biggicr01,110987
biittla01,110991
bilarda01,110992
bilkost01,110995
billibr01,150358
billibr02,501852
billich01,451532
billidi01,111000
billija01,110997
birddo01,111006
birdgr01,595885
birdja01,656234
birdky01,613317
birdsha01,806185
birkbmi01,111009
birkiku01,451256
birtsti01,111013
bisenjo01,445202
bishobr01,623323
bishomi01,111021
bitkejo01,111027
bittije01,111028
bivensp01,702352
bixlebr01,444448
bjorkge01,111031
blachty01,621389
blackbu02,111034
blackch02,453568
blacket01,111040
blackma01,696131
blackni01,448147
blackpa01,621112
blackra01,605143
blackti01,111050
blacktr01,429715
blackty01,672012
blackvi01,502195
bladtri01,111052
blairaa01,594760
blairca01,542942
blairde01,111056
blairpa01,111058
blairwi01,111060
blakeca01,232694
blalobr01,687134
blaloha01,408213
blancan01,433217
blancda01,111070
blancda02,680118
blancgi01,111071
blancgr01,453923
blanche01,111072
blancjo01,111068
blancos01,111073
blancro01,669854
blancto01,433592
blandal01,607468
blandna01,429280
blankke01,111079
blankky01,452035
blankla01,111082
blankla02,111080
blankma01,150397
blanktr01,663905
blantjo01,430599
blashja01,518466
blasido01,111084
blasiwa01,111085
blassst01,111086
blatest01,111087
blausje01,111090
blazemi01,518468
blaziro01,111095
bledajj01,668709
blefacu01,111096
bleicje01,542946
bleieri01,542947
blemkra01,111097
blessik01,111098
blevije01,460283
blewesc01,656240
blissry01,669208
blockte01,111107
blombro01,111109
blomdbe01,111110
bloombu01,111113
bloomwi01,217100
blossgr01,111114
blossja01,814005
blowemi01,111116
blubaaj01,805123
bluevi01,111119
blumaja01,111124
blumge01,150398
blylebe01,111126
boakch01,111128
bobbra01,111131
bocachi01,150375
boccajo01,111132
bochtbr01,111134
bochtdo01,111135
bochybr01,111136
bochybr02,594762
bockura01,111138
bococbr01,501814
boddimi01,111139
boehmle01,111144
boehrbr01,111145
boescbr01,453269
boevejo01,111147
bogaexa01,593428
bogarti01,111148
bogente01,111150
boggsbr01,460267
boggsmi01,459939
boggsto01,111152
boggswa01,111153
boglewa01,111154
bogusbr01,460131
bohanbr01,111155
bohmal01,664761
bohnejo01,111159
bohntj01,454533
boiscbr01,111160
boitada01,111161
bolanro01,671790
bolesca01,111171
bolicfr01,111174
bolinbo01,111175
bollifr01,111176
bollogr01,111179
bolsimi01,502211
boltoco01,675989
boltoro01,111182
boltoto01,111183
boltsk01,621450
bombama01,111185
bondeje01,425827
bondsba01,111188
bondsbo01,111189
bondwa01,111187
bonesri01,111191
bongju01,407794
bonhabi01,111196
bonifem01,466988
bonifjo01,593528
bonikjo01,111197
bonilbo01,111199
bonilju01,111198
bonilli01,570810
bonined01,444382
bonneba01,111201
bonnebo01,111203
bonsebo01,425818
bookebu01,111209
bookech01,407094
bookegr01,111208
bookero01,111210
booneaa01,111213
boonebo01,111221
boonebr01,111214
booneda02,111215
boonera01,111220
booseca01,592155
bootcch01,408052
bootyjo01,111225
boozejo01,111226
borboju01,474865
borbope01,111227
borbope02,111228
borchjo01,400021
bordepa01,111232
bordimi01,111234
bordiri01,111233
bordlbi01,111235
borgmgl01,111236
borispa01,111237
borkfr01,111238
borkoda01,150185
borlato01,111240
borlato02,111241
bormajo01,657524
borosst01,111243
borowjo01,111244
borucry01,621366
boscajc01,400268
boscawi01,517448
boschdo01,111247
bosetri01,111248
boshebu01,542953
bosioch01,111249
boskish01,111250
bosleth01,111251
bosmadi01,111252
bostiak01,641384
bostich01,607471
bostoda01,111257
bostoly01,111256
bosweda01,111259
bosweke01,111260
boteda01,623520
botelde01,111261
bottari01,111262
botteke01,111264
bottira01,111265
bottsja01,434664
botzbo01,111267
bouchde01,111270
bouched01,111268
bouchse01,656248
bouldca01,111273
bourgja01,430652
bourgst01,111275
bourjch01,111276
bourjpe01,488721
bourju01,571506
bournmi01,456422
bournra01,111277
bourqja01,630263
bourqpa01,111278
boushca01,676961
boutoji01,111279
boveemi01,111280
bowala01,111281
bowdebe01,641386
bowdemi01,476601
bowenro01,425468
bowenry01,111285
bowensa01,111288
bowensa02,111286
bowerbr01,111290
bowerce01,276914
bowersh01,111292
bowieji01,111295
bowiemi01,150295
bowkejo01,435624
bowlajo01,680742
bowlebr01,406954
bowlist01,111300
bowliwe01,111299
bowmaer01,111303
bowmama01,621199
bowsfte01,111311
bowyetr01,434539
boxbebr01,502202
boydbo01,111317
boydga01,111314
boydja02,150150
boydma01,571510
boydoi01,111312
boyerbl01,430641
boyercl02,111319
boyerke01,111321
boylado01,111322
boylejo01,671212
bozema01,111330
brabege01,111331
brachbr01,542960
brachsi01,611093
brackan01,457581
braddza01,488722
bradeda01,460284
bradedo01,111335
bradfbu01,111336
bradfch01,136268
bradfch02,607473
bradfco01,674003
bradfla01,111338
bradiky01,680694
bradlar01,605151
bradlbe01,111351
bradlbo01,656252
bradlja02,598265
bradlje01,605152
bradlma01,111348
bradlmi01,150396
bradlph01,111349
bradlry01,136420
bradlsc01,111350
bradlta01,671737
bradlto01,111352
bradste01,111357
bradybr01,111359
bradydo01,111366
bradymi01,572728
braggda01,111369
bragggl01,111371
brancha01,111380
brancro01,111382
brandbu01,111386
brandja01,111388
brandma01,111384
brandro01,111383
bransje01,111394
brantcl01,111396
brantje01,111397
brantma01,111395
brantmi01,111398
brantmi02,488726
brantro01,542963
branyru01,137140
brashma01,666374
brasiry01,518489
braulst01,643230
braunjo01,111403
braunry01,461334
braunry02,460075
braunst01,111404
bravoan01,111405
braybi01,435538
braymbe01,664069
brazecr01,425513
brazede01,407376
brazohu01,623211
brazoyh01,430674
breale01,276506
breamsi01,111410
breazji01,111411
brebbjo01,605154
bredebr01,111414
breedda01,111415
breedha01,111416
breedma01,111417
bregmal01,608324
breinfr01,111418
brenlbo01,111423
brennbr01,592165
brennji02,111429
brennto01,111427
brennwi01,111428
brennwi02,686823
brentbr01,518490
brentja01,641394
breslcr01,444520
bressed01,111435
brettge01,111437
brettke01,111439
brettry01,592166
brewebi01,111447
brewech01,502033
breweco01,605155
breweji01,111442
brewemi01,111444
brewero01,111445
breweto01,111446
breweto02,111441
brewija01,111448
briceal01,111450
briceau01,592169
bricejo01,593993
brickfr02,111451
bridejo01,681146
bridgma01,111457
bridgro01,111456
bridwpa01,592170
briesbe01,689225
briggda01,111462
briggjo01,111466
briggjo02,111465
brighha01,111467
brighja01,502010
brighje01,656257
brignre01,458582
brilegr01,111469
brilene01,111468
brinkbr01,111472
brinkch01,111474
brinked01,111475
brinsle01,621446
briscjo01,111478
bristbr01,668754
britobe01,111481
britoeu01,434560
britojh01,666745
britojo01,111482
britoju01,408226
britoso01,593647
britoti01,111483
brittch01,461904
brittdr01,518493
brittji02,111487
brittza01,502154
brizzto01,111489
broadla01,473560
broadmi01,458678
brobepe01,111491
brocado01,111492
brockch01,111496
brockgr01,111493
brocklo01,111495
brockta01,150031
brodebr01,518495
brogdco01,641401
brogler01,111501
brognri01,111502
brohaja01,111503
brohatr01,150151
bronkje01,111505
bronsji01,111507
brookaa01,605156
brookbo01,111514
brookfr01,425905
brookhu01,111511
brookik01,111508
brookje01,111512
brookto01,111509
brooktr01,670092
brosisc01,111515
brosnji01,111517
brossfr01,111519
brossmi01,670712
brosste01,111518
brothre01,571521
brouhma01,111522
brousbe01,407777
browebo01,111529
broweji01,150342
brownad01,111531
brownan01,408046
brownan02,518500
brownba01,446135
brownbe01,820350
brownbo04,111589
brownbr01,111533
brownbr02,453156
brownby01,111603
brownca01,111608
brownch02,111559
brownco01,446395
browncu02,111539
browncu03,111540
brownda01,111541
brownde02,150202
browndi01,111585
browndo01,502126
browndu01,451259
brownem01,111548
brownga01,111601
brownga02,518502
brownha01,111550
brownhu01,686613
brownik01,111551
brownja01,111552
brownja02,111558
brownja03,111557
brownja04,150343
brownje01,111606
brownje02,425851
brownjo04,111562
brownjo05,488740
brownke01,111554
brownke02,111565
brownke03,111566
brownke04,111567
brownla01,111568
brownle02,111569
brownma02,111573
brownma03,111574
brownma04,136301
brownma05,456762
brownmc01,685326
brownmi01,111576
brownmi02,111575
brownol02,111581
brownos01,111582
brownpa01,111583
brownpi01,111607
brownra02,111546
brownro01,150032
brownsc01,111591
brownse01,664913
brownst02,111592
brownto03,111596
brownto04,111593
brownto05,111611
browntr01,623143
browsc01,111526
broxtjo01,455009
broxtke01,542979
brubabr01,111612
brubajt01,664141
brucebo01,111615
bruceja01,457803
bruckfr01,111616
bruetjt01,111620
brugmja01,595144
bruhemi01,111622
bruihju01,677865
brujavi01,660644
brumbcl01,406733
brumfja01,111623
brumldu01,111625
brumlmi01,111626
brumlmi02,111624
brummgl01,111627
brummgr01,111628
brummty01,445204
brunato01,111629
brunebr01,430663
brunege01,111632
bruneju01,276535
brunoto01,111633
brunsar01,111634
brunswi01,133981
brunter01,429731
bruskji01,111636
brusswa01,111637
brutobi01,111638
bryanbi01,111640
bryande01,111642
bryando01,111643
bryankr01,592178
bryanra01,111645
bryanro01,111646
brydetr01,111647
bryest01,111648
brzykza01,694350
bubelja01,460647
bubickr01,663460
buchabo01,111653
buchabr01,150211
buchada01,571527
buchaja01,594772
bucheje01,111654
buchhcl01,453329
buchhta01,430587
buchtry01,488748
buckega02,111656
buckjo01,407833
bucklke01,111661
bucknbi01,111663
bucknbi02,434438
bucktr01,459941
budasma01,111664
buddery01,452150
buddido01,111666
buddimi01,133322
budzima01,400119
buechst01,111668
buehlwa01,621111
buehrma01,279824
buenofr01,499107
buentja01,502055
buforda01,111673
bufordo01,111674
buhlbo01,111675
buhneja01,111676
buicede01,111677
bukaujb01,656266
bukviry01,424426
bulgeja01,408072
bullesc01,111682
bullibr01,425860
bullibu01,111683
bulliji01,111684
bulliki01,136580
bulloer01,111685
bumbral01,111687
bumgama01,518516
bummeaa01,607481
bumpna01,425546
bunchme01,111689
bundydy01,605164
bunkewa01,111690
bunniji01,111691
burawda01,592181
burbabi01,111693
burbada01,111692
burchla01,111697
burdabo01,111699
burdefr01,111700
burdele01,111701
burdini01,595897
burdipe01,680814
burdiza01,641420
burgeja01,669394
burgesm01,111705
burgeto01,111706
burgmto01,111707
burgoam01,434586
burgoen01,111709
burgoen02,542609
burgohi01,572744
burgoju01,686228
burgora01,670103
burkebr01,656271
burkech01,429663
burkegl01,111718
burkegr01,457566
burkeja02,406550
burkejo03,111734
burkejo04,111721
burkele02,111724
burkese01,680732
burkest01,111729
burketi01,111730
burkhmo01,328692
burksel01,111736
burleal01,676475
burleri01,111737
burneaj01,150359
burneal01,488751
burneco01,669203
burnese01,430634
burnije01,111742
burnsan01,542992
burnsbi02,542993
burnsbr01,111757
burnsch01,695505
burnsco01,451132
burnsmi01,446916
burnspe01,111762
burnssh01,111763
burnsto02,111760
burrebr01,434638
burrepa01,150100
burriem01,502034
burrila01,111768
burrira01,111770
burrobe01,663366
burroje01,111773
burromi01,681347
burrose01,284568
burrote01,111775
burrry01,621114
burtoel01,111778
burtoja01,454537
burtoji01,111779
burttde01,111781
burwedi01,111782
busbyji01,111784
busbymi01,111785
busbyst01,111787
buschbr01,430927
buschdo01,111790
buschma01,501936
buschmi01,111789
buschmi02,683737
busenal01,641427
bushda01,433657
bushho01,111792
bushich01,111798
bushky01,681066
bushma01,456713
bushra01,111795
buskemi01,111801
busketo01,111802
bussera01,111803
bussni01,502544
butchjo01,111806
butchmi01,111807
buterdr01,460077
butersa01,111808
butlead01,134264
butlebi02,111823
butlebi03,456714
butlebr01,111812
butlebr02,150450
butlece01,111813
butleda01,576788
butleed01,572750
butlejo03,453332
butlejo04,542994
butleke01,572751
butlela01,671732
butleri01,111820
butlero01,111822
butteto01,111826
buttojo01,676130
buttrty01,621142
buxtoby01,621439
buzhajo01,111830
byerlbu01,111831
byersra01,111834
bynumfr01,425503
bynummi01,407803
byrdati01,136263
byrdje01,111837
byrdma01,407781
byrdpa01,111838
byrneer01,291565
bystrma01,111845
cabaljo01,676609
cabbatr01,663550
cabelen01,111847
cabrace01,501627
cabreal02,294697
cabreal03,501227
cabreas01,452678
cabreda01,425555
cabreed01,542369
cabreed02,665795
cabreev01,465784
cabrefe01,425507
cabrefr01,111849
cabrege01,650893
cabrejo01,111850
cabrejo02,132660
cabrema01,606291
cabreme01,466320
cabremi01,408234
cabreor01,111851
cabreos01,665828
cabrera01,541608
cacekcr01,111852
cacered01,111853
cacerke01,680983
cadargr01,111854
cagewa01,111861
caglija01,695506
cahiltr01,502239
cainle01,111864
cainlo01,456715
cainma01,430912
cairnca01,331792
cairomi01,111867
caissow01,683357
caldeiv01,111869
caldwmi01,111875
calerki01,425606
calhoje01,111877
calhoko01,594777
calhowi01,641432
calica01,434118
calixor01,593525
callaal01,430948
callabe01,111883
callaja01,621094
callal01,669743
callami01,209068
callijo01,111895
callity01,682997
calloro01,407827
calmudi01,111896
calvema01,111897
calvobl01,663971
calzana01,430899
camacer01,111900
camarda01,547176
camarja01,665856
camarjo01,622666
cambrfr01,111901
camerda01,663662
camerke01,452298
camermi01,111904
camerno01,702070
camildo02,111906
camillo01,111907
caminar01,491708
caminju01,691406
caminke01,111908
cammaer01,276507
campabe01,111916
campaji01,111918
campato01,542999
campbbi02,111941
campbbr02,457902
campbda01,111925
campbda02,111924
campber01,493472
campbis01,663462
campbji01,111928
campbji02,111929
campbji03,111927
campbjo02,111931
campbke01,111932
campbkr01,692225
campbmi01,111935
campbpa02,669294
campbro01,111937
campeca01,111942
campegu01,672569
campijo01,435658
campisa01,111944
campojo01,553883
campole01,599998
campri01,111913
campsh01,425861
campulu01,669134
campusi01,111946
canalge01,111947
canaral01,672744
canatwi01,111948
cancero01,236155
candaca01,111951
candeje01,600869
candejo01,111952
candito01,111954
caneijo01,111955
cangejo01,111956
canhama01,592192
canizba01,498568
canizja01,111957
cannian01,462375
cannich01,111959
cannigr01,656288
cannojo01,111960
cannojo02,686563
canojo01,111961
canoro01,429664
canoye01,666974
cansejo01,111962
canseoz01,111963
cantijo01,676282
cantujo01,408305
canzlru01,444453
canzodo01,686527
capelco01,668843
capeljo01,430642
capelmi01,111969
capildo01,111970
cappsca01,605169
cappsma01,448165
cappuge01,111971
caprabu01,111972
caprani01,111973
capravi01,681962
capuach01,425626
carabra01,111976
carasma01,571539
caratvi01,605170
carbobe01,111979
cardead01,502133
cardejo02,111981
cardele01,111982
cardico01,111983
cardoja01,276345
cardust01,506924
cardwdo01,111985
carewro01,111986
careyan01,111987
careypa01,111990
carides01,534428
carigan01,446398
carlesh01,641438
carlilu01,450192
carloci01,112002
carlsda01,112004
carlsdy01,666185
carlsje01,434482
carltdr01,656290
carltst01,112008
carlybu01,234194
carmado01,112011
carmedu01,112013
carmofa01,433584
carmora01,112015
carpean01,502165
carpebu01,150084
carpech01,112020
carpech02,452764
carpecr01,112021
carpeda01,502304
carpeda02,518526
carpeke01,681481
carpema01,572761
carpery01,543001
carpifr01,112026
carpmi01,455077
carraca01,471911
carradj01,425647
carragi01,112030
carrahe01,112031
carrch02,112028
carream01,112034
carreca01,112035
carreez01,485567
carrejo01,468528
carrema01,112036
carrial01,692024
carrice01,460044
carrido01,112040
carrima01,112039
carrobr01,448276
carrocl02,112041
carroco01,606944
carroco02,682998
carroja01,425206
carrosc02,453222
carroto02,112053
carsoma01,454998
carsoro01,518533
cartean01,112058
cartech01,452080
cartech02,474892
carteev01,694497
cartega01,112061
carteje01,112062
cartejo01,112064
cartela01,112065
cartela02,238796
cartest01,112069
cartyri01,112071
carusmi01,134267
carvama01,434881
carych01,112073
casalcu01,592200
casalje01,112075
casanpa01,112076
casanra01,112077
casastr01,671213
caseyse01,112087
cashda01,112089
cashke01,408211
cashnan01,488768
cashno01,112090
cashro01,112091
casiala01,112093
casilal01,458210
casimca01,150015
caskecr01,112094
caspabe01,676508
cassebo01,445001
casseja01,445222
cassisc01,407859
castabl01,680604
castada01,641447
casteal01,543008
castehu01,528748
casteni01,592206
castepe01,112102
castery01,624418
castial01,112107
castial02,441368
castibo01,112119
castibr01,112110
castica01,112118
castica02,112111
castidi01,650895
castidi02,660636
castier01,602080
castifa01,503566
castifr01,112113
castiiv01,622668
castijo01,112120
castijo02,425489
castijo03,620454
castiju01,112114
castiju02,112115
castile01,516684
castilu01,112116
castilu02,622491
castilu03,622379
castima01,112112
castima02,112117
castima03,666721
castiru01,628329
castito01,112108
castito02,112109
castivi02,112106
castiwe01,456078
castiwi01,446868
castldo01,112122
castoko01,457850
castran01,502162
castran02,621593
castrbe01,408244
castrbi01,112130
castrda01,593495
castrfa01,466983
castrha01,605612
castrja01,488771
castrju01,112128
castrke01,665645
castrmi01,612434
castrra01,135783
castrra02,425792
castrro01,666801
castrsi01,501563
castrst01,516770
castrwi01,650489
catalfr01,112131
caterda01,112132
catetr01,446452
cathemi01,112134
catoke01,112137
caudibi01,112141
causewa01,112144
cavalca01,676917
cavazan01,458187
caveja01,595909
ceasedy01,656302
ceccaar01,112149
cecchga01,594555
cecchga02,608325
ceccosl01,677944
cecenjo01,112150
cecilbr01,446399
cecilda01,571553
cedajo01,469167
cedenan01,112152
cedence01,112153
cedendo01,112154
cedenro01,112155
cedenro02,430592
cedenxa01,458584
cederbl01,664977
celesgi01,665482
centeju01,518542
cepedor01,112157
cepicma01,407828
cerdaja01,407881
ceronri01,112159
cerroju01,430304
cerutjo01,112160
cervbo01,112161
cervefr01,465041
cervehu01,543017
cervemi01,453941
cespeyo01,493316
cessalu01,570666
ceyro01,112162
chacial01,591701
chacigu01,407860
chacijh01,468504
chacoel01,112163
chacosh01,276336
chadwra01,112165
chafian01,605177
chalkda01,112168
chambad01,518545
chambal01,112175
chambch01,112180
chambcr01,112170
chambji01,430081
chambjo03,501955
chambwe01,112173
champbi01,112181
champmi01,112182
chancbo01,112184
chancde01,112185
chandbu01,696149
chaneda01,112188
changyu01,644374
chantch01,112191
chapaan01,665953
chapida01,112192
chapmar01,547973
chapmja02,488776
chapmke01,112202
chapmke02,502087
chapmma01,656305
chapmtr01,425648
chappha01,112207
charbjo01,112210
chargjt01,608638
charled01,112211
charlfr01,342492
charlno01,112213
chartpe01,112215
chatwty01,543022
chavaos01,112220
chavean01,112221
chavean02,425824
chaveen01,346795
chaveer01,136767
chaveje01,445926
chavene01,112222
chavera01,112223
chavimi01,656308
cheadda01,112224
checoro01,112226
chenbr01,136600
chench01,282600
cheneto01,112231
chengts01,691907
chenwe02,612672
cherrro01,457122
cheveto01,112236
chiamsc01,112237
chiassc01,400130
chicktr01,435458
chicoma01,453889
chifffl01,112238
childja01,431146
childma01,400002
childro01,112241
chileri01,112245
chiriro01,455139
chiriyo01,630023
chiselo01,502082
chishja01,665862
chismto01,112250
chitiha01,112251
chitrst01,112252
chittne01,112253
chivian01,683409
chlupbo01,112254
choatdo01,112255
choatra01,329092
choicmi01,574831
choihe01,400292
choiji01,596847
choji01,135380
choosh01,425783
chouibo01,112257
chourja01,694192
chrisbo01,112268
chrisbr01,112263
chriscl01,112269
chrisga01,112266
chrisja01,112270
chrisjo01,112273
chrisjo02,112264
chrisju01,451629
chrisla01,112267
chrismc01,150316
chrismi01,112260
chrismi02,112275
chrisne01,112261
chrisni01,543023
chrisry01,134342
chrisst01,112272
christi01,276337
chulkvi01,425562
churcle01,112279
churcma01,687847
churcna01,701675
churcry01,425508
cianfar01,112283
ciardma01,112284
ciasda01,112285
cicotal01,112287
cimbead01,643256
ciminpe01,112292
cimolgi01,112293
cimorfr01,112294
cingrto01,571561
cintral01,400090
ciprifr01,112296
ciriape01,465674
cirilje01,112297
ciscoga01,112299
cishest01,518553
cisnejo01,542585
citarra01,112301
ciuffni01,624419
civalaa01,650644
claggan01,488782
claibpr01,502011
clancji01,112306
clapich01,150361
clappst01,406893
claredo01,112313
clarkbo04,112339
clarkbr01,112318
clarkbr02,276054
clarkco01,460612
clarkda05,112320
clarkda06,457489
clarkde02,672016
clarkdo01,285070
clarkgl01,112323
clarkho01,112355
clarkho02,408201
clarkja01,112326
clarkje01,112330
clarkje02,400075
clarkji03,112328
clarkma01,112332
clarkma02,518558
clarkph02,112337
clarkri01,112338
clarkro02,112342
clarkst02,112360
clarkta01,664199
clarkte01,112344
clarkto02,112316
clarkwi02,112345
clarkza01,503483
claryma01,112373
claseem01,661403
clasejo01,682729
claudal01,592222
clausbr01,407799
clayda02,112378
clayke01,112380
claysa01,621348
claytro01,112381
clearma01,112382
cleavga01,664076
clemedo01,112386
clemeed02,136762
clemeer01,676391
clemeje01,459943
clemeko01,665019
clemema01,136725
clemepa01,112394
clemepa02,518560
clemero01,112391
clemero02,112388
clemoch01,112395
clemola01,112396
clenddo01,112398
cletoma01,521055
clevere01,112400
clevest01,502182
clevete01,112401
clevimi01,605182
clevlbr01,459334
clibust01,112402
clibust02,112403
clinege01,112408
clinety01,112407
clintlo01,112411
clippty01,461325
clonito01,112412
clontbr01,112413
clossjd01,408038
clostal01,112414
cloudke01,112415
cloydty01,543031
cluttbr01,112418
clybuda01,112419
clydeda01,112420
coachpe01,112424
coateji01,112427
coatsbu01,459714
coatsja01,605183
cobbal01,502171
cocanja01,112433
cochrda01,112436
cockral01,112439
cocopa01,277412
codirch01,112441
codyky01,621129
coellro01,445193
coffeto01,434298
coffiiv01,150016
coffmke01,112444
coganto01,400309
coggida01,150102
coggifr01,112447
coggiri01,112448
coghlch01,458085
cokeph01,457435
cokerji01,112454
colabch01,499624
colanmi01,218694
colasos01,693049
colavro01,112455
colbecr01,112457
colbemi01,112456
colbena01,112458
colbevi01,112459
colboji01,112460
colbrgr01,112461
coleaj01,595918
coleal01,112464
colege01,543037
colemca01,488787
colemch01,112472
colemda01,112474
colemdu01,543038
colemdy01,669395
colemgo01,112476
colemjo05,112480
colemlo01,488786
colemmi01,112482
colemri01,112488
colemvi01,112487
colesda01,112491
colest01,112469
coleta01,518566
coletch01,112492
colevi01,112470
coleza01,805904
colinal01,468915
colined01,666674
collawi01,458974
collida02,112503
collido01,112504
colliis01,686555
collike01,112515
collilo01,112496
colliti01,525768
collity01,607385
colliza01,641470
collmjo01,518567
colluja01,112523
colomal01,517008
colomje01,400125
colonba01,112526
colonch01,518568
coloncr01,112527
colonjo01,571572
colonro01,430638
colpadi01,112528
colsolo01,112529
coltola01,112530
colucbo01,112531
colvity01,502125
colyest01,407873
combege01,112532
combspa01,112535
comerst01,112538
comerwa01,112537
comptcl01,112545
comptmi01,112544
comstke01,112546
conceda01,112549
concege01,615868
conceon01,112550
condera01,112551
condrcl01,424925
coneda01,112552
confomi01,624424
congeha01,474233
conigbi01,112558
conigto01,112557
coningr01,665052
coninje01,112559
conlead01,543045
conlege01,112562
conlopj01,664869
connafr02,112568
connest01,150265
connobi01,112594
connoed02,112578
conrabr01,462405
conroti01,112597
consobi01,112601
constji01,112602
constjo01,468429
contija01,150152
contrca01,542266
contrjo01,425747
contrlu01,664351
contrma01,676628
contrna01,112604
contrro01,672710
contrwi01,575929
contrwi02,661388
conveji01,112605
cookaa01,346871
cookan01,112620
cookbi01,695257
cookcl01,112628
cookde01,112621
cookest01,112633
cookgl01,112623
cookmi01,112626
cookro02,112630
cookry01,475857
cooksbr01,112634
coolbmi01,150086
coolbsc01,112635
coombda01,112638
coomero01,112641
cooneti01,608641
coonrsa01,656322
coopebr01,150001
coopece01,112651
coopeda01,476036
coopedo01,112653
coopega01,112655
coopega02,112654
coopega03,643265
coopesc01,112659
copelsc01,571577
coppiro01,112662
coquitr01,150399
coraal01,133321
corajo01,112664
corbedo01,112665
corbesh01,112668
corbiar01,112670
corbipa01,571578
corbira01,112669
corcida01,542289
corcoro01,429981
corcoti01,112679
corcoti02,434898
cordech01,430101
cordefr01,150188
cordefr02,614173
cordeji01,622772
cordery01,641477
cordewi01,112680
cordier01,449170
cordoal01,642707
cordofr01,112681
cordoma01,112682
coreybr01,132241
coreyma01,112685
coreyma02,407579
corkimi01,112689
cormila01,433578
cormirh01,112690
cornebr01,112694
corneje01,112693
cornejo01,607405
cornema01,112691
cornena01,407074
cornere01,112692
cornijo01,692030
cornute01,112695
coronke01,685744
corpama01,466918
corpoca01,449786
corrapa01,112696
correca01,621043
correed01,112697
correke01,429781
correro01,112698
correvi01,112699
corsiji01,112704
cortba01,112705
corteca01,666126
corteda01,233694
corteda02,451135
cortefe01,448327
cortene01,641482
cosarja01,543054
coseyra01,112710
cosgrmi01,112711
cosgrto01,676680
cosmaji01,112712
costami01,453068
costash01,430573
costech01,400120
costejo01,112714
costoti01,112715
cotahu01,276521
cothaca01,571584
cottich01,112723
cottohe01,112724
cottojh01,605194
cottsne01,425840
couchmi01,112727
coughma01,112732
couloda01,543056
coultch01,112734
counscr01,112736
courtcl01,112737
courtjo01,112740
courtry01,606956
cousija01,664776
cousisc01,502161
coutljo01,459403
coveydy01,592229
covinwe01,112747
cowanbi01,112749
cowarka01,592230
cowenal01,112750
cowgico01,518577
cowlejo01,112751
cowseco01,681297
coxau01,680735
coxbo01,112764
coxca01,112760
coxda01,112752
coxda02,150400
coxje01,112759
coxji01,112758
coxla01,112761
coxst01,150132
coxte01,112765
coxte02,112768
cozarza01,446359
cozendy01,622226
crabbca01,450825
crabtti01,112775
cradlri01,135360
craigal01,501800
craigpe01,112781
craigro01,112783
craigro02,112782
craigwi01,643269
crainje01,430884
cramebo01,450864
cramje01,112784
crandde01,112788
cravyty01,572788
crawfbr01,543063
crawfca01,112796
crawfca02,408307
crawfev01,457751
crawfji01,112802
crawfjo01,112803
crawfjp01,641487
crawfku01,676710
crawfpa02,275929
crawfst01,112807
crawfwi01,112808
credejo01,150317
creekdo01,150034
creelke01,112816
crespce01,406678
crespfe01,112822
cressja01,150162
crewsdy01,686611
crewsti01,112824
crichst01,592233
crickky01,605195
crideje01,112825
crimbl01,688760
crimch01,112827
cripeda01,112829
criscda01,112830
crismna01,622503
crispco01,424825
criswco01,681867
criswje01,676105
crochga01,676979
crockky01,641490
cromawa01,112845
cromedt01,276052
crometr01,112846
cronch01,112849
croncj01,543068
croneja01,630105
cronide01,686539
cronke01,605196
crookji01,699625
crookna01,643271
croplty01,680418
crosbbo01,425853
crosbbu01,429420
crosbca01,518582
crosbed01,112858
crosbke01,112860
crottmi01,453273
croucza01,112875
crousha01,668968
crousri01,131701
crowaa01,543070
crowape01,691718
crowde01,133223
crowdo01,112878
crowege01,112880
croweji01,112881
crowetr01,460067
crowewi01,640444
crowlte01,112886
crozier01,433997
crucefr01,425510
crudami01,407866
cruzde01,112897
cruzen01,425649
cruzfa01,112898
cruzfe01,518585
cruzhe01,112899
cruzhe02,112900
cruziv01,112905
cruzja01,112901
cruzje01,672911
cruzjo01,112902
cruzjo02,112903
cruzju01,112904
cruzju02,407297
cruzlu01,458501
cruzne01,112906
cruzne02,443558
cruzom01,678316
cruzon01,665833
cruzrh01,462480
cruzst01,674444
cruzto01,112896
cruzto02,112907
cruzto03,488810
cruzvi01,112908
cuasjo01,621016
cubbami01,112909
cubilda01,319114
cuddymi01,150212
cuellbo01,112916
cuellmi01,112915
cuetobe01,112917
cuetojo01,456501
cuevano01,571595
cuevawi01,571035
culbech01,518586
culleja01,112922
culleti01,112923
culmewi01,112929
culpra01,112931
culvege01,112933
cumbejo01,112934
cummijo01,112935
cummimi01,112937
cummist01,112938
cumptbr01,592238
cunnawi01,112940
cunniaa01,488811
cunnibr02,594792
cunnijo01,112944
cunnito01,592239
currela01,112953
curryst01,112961
curryto01,112958
curryxz01,675540
curtich01,112963
curtico01,453298
curtija01,112969
curtije01,543079
curtijo01,112970
curtijo02,595928
curtiza01,657205
curvelu01,681168
custja01,400091
cuthbch01,596144
cuylemi01,112980
cyrer01,407804
cyrty01,664202
czajkji01,112983
daalom01,112984
dacqujo01,112985
dadepa01,112986
dahlda01,621311
dahlja01,112990
daiglca01,430664
dailebi01,112997
dalbebo01,666915
dalcabr01,113002
daleca01,150418
dalenpe01,113004
dalesma01,113005
daleybu01,113008
daleyma01,457935
daleype01,113009
dallibr01,430886
dalrycl01,113014
daltomi01,113016
damasja01,113025
damicje01,113026
damicje02,150419
damonjo01,113028
danaca01,702674
danekpa01,218994
daniebe02,113034
danieda01,669721
danieka01,113039
danisty01,641501
danksjo01,433579
danksjo02,458668
danneha01,668470
dantoja01,452202
darcypa01,113049
darenvi01,133240
darkal01,113052
darliro01,113054
darnach01,488818
darnatr01,518595
darnedu01,699911
darneja01,543083
darnelo01,592244
darremi01,690382
darrmi01,113056
darrmi02,150432
darviyu01,506433
darwibo01,113059
darwida01,113060
darwije01,113061
dascedo01,113062
datzje01,113066
daubabr01,136766
dauerri01,113070
daughja01,113072
daultda01,113074
davalvi01,113077
davanje01,113078
davanje02,237800
davenji01,113081
davenjo01,220094
daveymi01,113083
daveyto01,150470
daviara01,113084
davidan01,113085
davidbo01,113089
davidcl02,150213
davidda01,452656
davidda02,444360
davidlo01,669722
davidma01,113088
davidma02,571602
davidte01,113090
davidtu01,656353
davieky01,434678
davieza01,605200
davisal01,113096
davisau01,656354
davisbe01,150433
davisbi01,113097
davisbl01,488819
davisbo01,113132
davisbo02,113133
davisbr02,113098
davisbr03,452238
davisbr04,663478
davisbu02,113144
davisch01,113099
davisch02,448801
davisdi02,113130
davisdo01,113101
davisdo02,150277
daviser01,113102
daviser02,458530
davisge03,113108
davisgl01,113109
davishe01,680779
davisik02,477195
davisja01,113115
davisja02,425186
davisja03,664041
davisjd01,605204
davisjj01,400051
davisjo02,113118
davisjo03,113119
davisjo04,113122
davisjo05,641505
davisjo06,643275
daviska01,282327
daviskh01,501981
davisla01,406876
davisma01,113126
davisma02,113125
davismi01,113148
davismi02,113127
davisno01,663562
davisod01,113128
davisra01,434658
davisro01,113134
davisro02,113135
davisro03,606959
davisru01,113137
davissc01,113149
davisst01,113139
davisst02,113105
davisst03,113138
davista01,543089
davisti01,113141
davisto02,113112
davisto03,210656
davistr01,113142
daviswa01,451584
daviswi02,113146
dawkitr01,235194
dawlebi01,113150
dawlejo01,425307
dawsoan01,113151
dawsoro01,669008
daybo01,113154
dayde01,457440
dayetbr01,113157
dayleke01,113158
daytogr01,594795
dayza01,400180
dazayo01,602074
deagoro01,429300
deanau01,621573
deanju01,681909
deanpa02,534737
deanto01,113170
deazaal01,457477
debarde01,113177
debusda01,113181
decasyu01,436913
decindo01,113183
deckeco01,572804
deckeja01,543094
deckejo01,113188
deckema01,113184
deckest01,113189
dedmoje01,113192
dedriji01,113193
dedunsa01,465679
deerro01,113197
deesch01,113199
deetzde01,657209
defraju01,518603
defrear01,113201
degermi01,113202
degeubr01,676969
degotal01,621008
degroja01,594798
dehaako01,276527
deharri01,113204
deichgr01,656364
deideji01,113206
dejeami01,113211
dejesan01,669804
dejesda01,430203
dejesen01,646241
dejesiv01,113212
dejesiv02,474443
dejesjo01,113213
dejohma01,113214
dejonch01,608328
dejonjo01,459318
dejonpa01,657557
delabst01,447755
delacbr01,650559
delacel01,682829
delaceu01,448842
delacjo01,503444
delahmi01,113223
delamro01,113217
delanro01,503438
delarda01,451773
delareu01,545001
delarfr01,113227
delarje01,113228
delarjo01,407822
delarru01,523989
delarto01,150401
delatjo01,473265
delauch01,800050
delayja01,641511
delcaad01,680728
delcama01,434668
deleojo01,113229
deleojo02,501529
deleojo03,592254
deleolu01,113230
delgaal01,113231
delgaca01,113232
delgaje01,445984
delgapu01,113233
delgara01,517414
delgawi01,113234
delgrbo01,113235
dellaja01,150318
delluda01,113240
delmoni01,547170
deloaza01,676113
delocik01,113242
delosab01,593582
delosen01,660853
delosfa01,501745
deloslu01,113243
deloslu02,150087
deloslu03,665782
delosra01,113244
delosva01,136304
delosye01,660787
delpomi01,600887
delroen01,491688
delsiji01,113246
deltomi01,150267
delucjo01,676356
delucri01,113247
deluzbe01,641512
demaejo01,113248
demarch01,444518
demelsa01,451585
demerjo01,113253
demerla01,113254
demertr01,641513
demetdo01,113255
demetst01,113256
demoldo01,113259
dempsma01,113265
dempsri01,113264
dempsry01,133225
dendema01,544925
denehbi01,113266
denketr01,458239
denmabr01,113267
denneky01,430953
dennido01,113270
denniry01,572810
dennyjo01,113272
denorch01,456121
densodr01,113273
dentbu01,113275
depasjo01,150164
depaujo01,425428
depaujo02,517059
depauju01,451546
depause01,234994
dermoma01,571616
dernibo01,113282
derosma01,136660
derrimi01,113284
desajo01,113288
desalma01,451774
descada01,518614
desclan01,543101
deshaji01,113290
deshide01,113291
deshide02,592261
desiljo01,113293
desmoia01,435622
despaod01,628333
desseel01,113296
destror01,113297
dethebo01,113298
detmere01,672282
dettmjo01,113300
dettoto01,113301
detwiro01,446321
devanca01,687478
devarce01,113304
devench02,606965
deverjo01,672701
devermi01,113306
deverra01,646240
devinad01,113307
devinjo01,457733
devordo01,407879
devrico01,453301
deweyma01,113321
dewilje01,113322
dewitbl01,455088
dewitma01,150451
dezenza01,701305
diamosc01,539438
diamoth01,435080
diazal01,113324
diazal02,649557
diazal03,664747
diazar01,469810
diazbo01,113325
diazca01,113326
diazca02,113327
diazda01,500765
diazed01,113329
diazed02,113328
diazed03,134262
diazed04,621242
diazei01,113330
diazel01,553869
diazfe01,407808
diazis01,656371
diazja01,545064
diazjh01,646242
diazjo01,407872
diazjo02,502409
diazjo03,672478
diazju01,400129
diazju02,501726
diazju03,471822
diazle01,650331
diazma01,113331
diazma02,429841
diazmi01,113332
diazmi02,622766
diazro01,433697
diazvi01,429806
diazya01,650490
diazya02,673237
diazye01,660546
diazyi01,700270
diazyu01,666783
dibblro01,113333
dickeal01,543105
dickech01,447736
dickeco01,572816
dickepa01,113335
dickera01,285079
dicksbr01,505447
dicksja01,113344
dicksji01,113343
dicksla01,113345
dicksok01,607297
didiebo01,113348
diehlph01,670426
diekmja01,518617
dierkla01,113352
dietrde01,518618
dietzdi01,113355
difelma01,442707
difelmi01,113358
difowi01,594694
diggibe01,424947
dilauja01,113361
dillado01,113362
dillago01,113363
dillast01,113365
dillati01,457422
dillmbi01,113369
dillojo02,434338
dillost01,113373
dilonmi01,113374
dimicfr01,113378
dimmemi01,113379
dinarle01,430837
dineeke01,113380
dingldi01,693307
dingmcr01,276374
dinini01,664926
dinkebr01,501920
dioriro01,113383
dipinfr01,113385
diplama01,650959
dipotje01,113386
dirksan01,543108
disarga01,113387
dishmgl01,113389
distaal01,113390
distebe01,113391
ditmaar01,113393
dixonbr01,641525
dixonke01,113397
dixonst01,113399
dixonto01,113400
dlugabr01,459438
dobbeda01,113404
dobbihu01,690928
dobbsgr01,425785
dobnara01,677976
dobsoch01,113408
dobsopa01,113410
dodddy01,689266
doddro01,133360
doddto01,113414
dodsopa01,113417
doherjo01,113422
doherjo02,113421
dohmasc01,430617
dohyky01,675971
dolisra01,503569
dollach01,801403
dolsifr01,451767
dominan01,150103
dominch01,458689
dominja01,691176
dominjo01,523848
dominju01,430021
dominma01,518625
dominse01,622554
donalja01,453228
donaljo01,113442
donaljo02,518626
donnebr01,407791
donnech01,113452
donohji01,113453
donohto01,113456
donovbr01,680977
donovdi01,113462
doolise01,448281
dopsojo01,113469
doranbi02,113472
dornda01,457760
dorowry01,676900
dorsebr01,113481
dorseji01,113483
dortame01,468936
dosteda01,113488
doteloc01,136734
dotsori01,113489
dottedu01,113491
dottega01,113490
doubrfe01,467094
doughji01,113494
douglse01,346868
doumiry01,425491
dovalca01,666808
dovede01,452728
dowdyky01,664871
dowelke01,113509
dowlida01,113511
downial01,113515
downibr01,113516
downsda01,113517
downsda02,445153
downsje01,669023
downske01,113519
downsma01,453303
downssc01,275933
doylebr01,113521
doylebr02,686668
doylede01,113533
doyleje02,113525
doylepa01,113532
doyleto01,656382
doyneco01,449127
doziebr01,572821
doziedj01,113536
doziehu01,641531
dozieto01,113535
drabedo01,113538
drabeky01,475138
drabomo01,113539
dragodi01,113540
drahmbr01,113541
drakeol01,543118
drakesa01,113546
dranske01,150278
drapemi01,113549
draveda01,113551
dreesto01,113552
dreifda01,113554
dresery01,400181
dresski01,113559
dressro01,113561
drewca01,113562
drewjd01,136770
drewst01,452220
drewti01,282328
dreyeja01,676263
dreyest01,113566
driesda01,113567
driscji01,113569
drisclo01,686482
drisktr01,150344
dropowa01,113575
drottdi01,113576
drummti01,113579
drumrke01,113580
drurybr01,592273
drysddo01,113581
duartda01,650960
dubinsh01,681869
duboibr01,113583
duboija01,425650
dubonma01,643289
duboser01,276511
duceyro01,113585
duchsju01,407113
duckwbr01,346855
duckwji01,113586
dudalu01,446263
duensbr01,488846
duesha01,113589
duffaji01,113592
duffety01,608648
duffijo01,113594
duffma01,424685
duffych01,434659
duffyda01,518633
duffyfr01,113597
duffyma01,622110
duffyma02,592274
duggast01,621453
duggero01,667498
dukesel01,452668
dukesja01,113609
dukesto01,113610
dukeza01,435043
dulibbo01,113611
dullry01,623430
dumatph01,430597
dumouda01,113613
dunanjo01,656388
dunbama01,113615
dunbato01,113616
duncach01,408219
duncaco01,400131
duncada01,113617
duncaje01,425512
duncama01,113620
duncash01,455167
duncata01,113621
dunegji01,113625
dunnad01,276055
dunnbl01,694362
dunnemi01,113642
dunnida01,641540
dunnija01,572827
dunnist01,113644
dunnju01,643290
dunnmi01,445197
dunnol01,686554
dunnro01,113638
dunnsc01,430949
dunnst02,113640
dunnto01,113641
dunshpa01,670161
dunstsh01,113645
dunwoto01,113646
duplajo01,641541
dupremi01,113648
duranca01,679922
duranda01,113649
duranez01,677649
durange01,458061
duranja01,680776
duranjh01,661395
duranlu01,470516
duranmi01,113651
duranro01,113650
durapmo01,657566
durazer01,220194
durbica01,702332
durbich01,239795
durbijd01,429716
durenry01,113653
durhado01,113654
durhale01,113658
durhara01,113660
durocja01,284565
duronni01,663975
durritr01,227495
dustabo01,113670
duvalad01,594807
duvalmi01,137004
dwyerch01,543125
dwyerji01,113673
dybzije01,113677
dyeje01,113679
dyerdu01,113681
dyermi01,113683
dykhora01,133180
dykstal01,488852
dykstle01,113686
dysonja01,502481
dysonsa01,473879
eadesry01,592280
earlear01,113696
earlebi02,113698
earlsc01,113694
earlyco01,813349
easleda01,113702
easleed01,446225
easlelo01,113703
easlemi01,113701
easteja01,113711
eastwra01,113716
eatonad01,284566
eatonad02,594809
eatoncr01,113717
eatonna01,681987
eavega01,113719
ebertde01,150297
echevan01,113724
eckener01,425166
eckerde01,113726
eckstda01,275930
eddych01,113730
eddydo01,113731
eddyst01,113732
edelejo01,113733
edenca01,686490
edenfke01,113738
edenmi01,113737
edensto01,113739
ederja01,671109
edgebu01,113740
edgerbi01,113741
edginjo01,572831
edlefst01,453580
edlerda01,113743
edmanto01,669242
edmonbr01,133228
edmonji01,113744
edmonpa01,113746
edwarca01,605218
edwarda01,113752
edwardo01,113755
edwarjo01,113757
edwarjo02,457754
edwarma01,113758
edwarmi01,113759
edwarmi02,425855
edwarwa01,113762
edwarxa01,669364
eenhoro01,113764
effrosc01,664123
eflinza01,621107
egandi02,113770
eganto01,113771
egberja01,455090
egeco01,643297
eglofbr01,113774
eibnebr01,518649
eicheju01,113779
eichhma01,113780
eickhje01,595191
eilanda01,113782
eilerda01,113783
einerda01,150088
eischjo01,113784
eisenji01,113786
eiserbr01,685126
ekstrmi01,455091
elartsc01,134003
elbersc01,455092
elderbr01,693821
elderda01,276541
eldrebr01,434660
eldreca01,113793
eldribr01,805811
eliale01,113794
eliasro01,606273
elkoti01,671284
ellarfr01,686642
elledse01,676220
ellinbr01,113800
ellinbr02,623395
elliodo01,113805
elliola01,113801
elliora01,113812
ellisaj01,454560
ellisch01,595939
ellisdo01,113815
ellisdr01,656403
ellisdu01,668752
ellisja01,425533
ellisji01,113817
ellisjo01,113818
ellisma01,407885
ellisro01,113820
ellisro02,113819
ellissa01,113821
ellsbja01,453056
ellswdi01,113824
ellswst01,113825
elmorja01,518653
elsteke01,113828
elstodo01,113829
elvirna01,113830
elyjo01,518655
emanuke01,592288
emausbr01,458587
embreal01,113833
emeryca01,113837
encaran01,113844
encarch01,687952
encared01,429665
encarje01,666464
encarju01,113845
encarlu01,113846
encarma01,276512
endertr01,341316
engelad01,641553
engelst01,113849
engleda01,113852
englema01,669438
engleri01,113853
englije01,450832
englitr01,663536
ennisjo01,407795
ennsdi01,608650
enrigba01,446264
enrigge01,113859
enrigni01,663671
ensbemo01,348563
enyarte01,113864
eovalna01,543135
epparji01,113867
eppleco01,543136
epstemi01,113871
erardgr01,113872
erceglu01,668674
erdosto01,113875
erickjo01,113876
erickma01,408235
erickro01,113883
ericksc01,113884
erlinro01,572362
erstada01,113889
ervinph01,640447
esaskni01,113891
escaled01,467850
escalfe01,407905
escalse01,465065
escarch01,113893
escarjc01,641555
eschja01,605222
escobal01,276510
escobal02,444876
escoban01,113896
escobed01,500871
escobed02,546276
escobjo01,113897
escobke01,113898
escoblu01,650813
escobyu01,488862
eshelto01,664045
eshelva01,113899
espadjo01,664744
espinal01,113904
espinan01,659262
espinda01,457787
espinge01,457910
espinju01,113902
espinni01,113903
espinpa01,502179
espinra01,642659
espinsa01,669289
esposbr01,449145
esposmi01,435438
espossa01,113905
espyce01,113906
essegch01,113907
esserma01,113908
essiaji01,113909
estalbo02,113911
esteldi01,113913
estesjo01,683155
estessh01,113915
estevca01,608032
estrach01,113917
estrafr01,113918
estraho01,216194
estraje01,669093
estrajo01,283051
estrala01,681751
estrama01,462136
estrath01,642731
estrele01,150471
etchean01,113920
etherbo01,113922
etherse01,150003
ethiean01,444843
ettlema01,113924
eufemfr01,113927
eusebto01,113929
evansba01,113933
evansba02,133740
evansda01,113935
evansde01,663770
evansdw01,113936
evanslo01,688138
evansni01,452783
evansph01,595943
evanste01,458000
evansto01,113941
evelada01,445968
everead01,276361
evereca01,113946
everile01,113947
everito01,452784
eversbr01,113953
ewingsa01,113958
exposlu01,458701
eyresc01,113961
eyrewi01,425466
fabiasa01,660758
fabrejo01,113966
facero01,113968
faedoal01,656412
faedole01,113969
faheybi01,113976
faheybr01,454994
fairbpe01,664126
faircst01,656413
faireji01,113983
fairlro01,113984
fajarhe01,113985
falcope01,113987
falkebr01,237346
fallobo01,113994
falteba01,663559
faltest01,113996
faluir01,458252
familje01,544727
faneyri01,113997
fanokha01,114001
fanslst01,114003
fanzoca01,114005
fargajo01,641561
fariaja01,607188
fariepa01,114006
farismo01,114007
farlebo01,114008
farmebu01,571656
farmeed01,114011
farmeho01,114013
farmeky01,571657
farmemi01,114014
farnsje01,407906
farnsky01,150035
farquda01,543144
farrejo03,114023
farrelu01,608652
farretu01,114028
farrier01,456544
farrimi01,815083
farrji01,114016
farrst01,114017
fasansa01,114031
fasseje01,114032
fastda01,114034
fauchca01,676534
faulbi01,114036
faulkan01,605226
fazioer01,114042
feathta01,605227
febleca01,136866
feddeer01,607200
federti01,543148
feduchu01,676439
feierry01,456387
feiglbr01,621399
feldemi01,114048
feldmsc01,444857
felicje01,440351
felicma01,666128
felicpe01,408230
felipan01,665734
felixju01,114053
felizmi01,593140
felizne01,491703
felizpe01,150268
felskjo01,114057
feltnry01,663372
feltote01,114058
fenwibo01,114061
ferguca01,657571
fergujo01,114067
ferguty01,621053
fermife01,114070
fermifr01,666023
fermijo01,665877
fermijo02,820862
fermira01,114071
fernaal01,114073
fernach01,114077
fernach02,114078
fernafr01,114075
fernaja01,220594
fernajo01,150403
fernajo02,605228
fernajo03,628336
fernajo04,622774
fernaju01,658551
fernaju02,642759
fernaos01,114080
fernary01,681676
fernasi01,114074
fernato01,114079
fernaya01,692585
ferraal01,114081
ferraan01,408246
ferrado01,114082
ferrami01,114083
ferreje01,594815
ferrejo01,678606
ferrese01,114088
ferreto01,114085
ferribo01,114091
festada01,701581
festama01,670036
fettemi01,114097
feyerjo01,656420
fialane01,114100
fickch01,518674
fickro01,137001
fidryma01,114102
fieldbr01,114107
fieldce01,114106
fieldda01,571665
fieldjo02,435222
fieldjo03,451661
fieldjo04,608654
fieldna01,407757
fieldpr01,425902
fieldth01,474494
fienca01,502272
fiersmi01,571666
fifeda01,114111
fifest01,543155
figaral01,451628
figgami01,114113
figgich01,408210
figuebi01,114115
figueco01,502676
figueed01,114116
figueje01,114117
figuelu01,292294
figuene01,150153
figuepe01,471896
fikacje01,407235
filebo01,400105
filerto01,114119
fillmhe01,641571
filsope01,114124
fimplja01,114125
finchjo01,114126
fingero01,114129
finlech01,114133
finlest01,114135
finnebr01,605232
finneky01,640448
finnvga01,114141
fioreje01,452225
fioremi01,114142
fioreto01,150106
fireost01,114143
firovda01,114144
fischbi01,114152
fischha01,114147
fischje01,114148
fischmi01,114153
fischto01,114150
fishebr01,114160
fishebr02,680755
fisheca01,457567
fishede01,605233
fisheed02,114166
fishefr01,114168
fisheja01,114173
fishejo01,114155
fishena01,688010
fisheto02,114179
fishmja01,670288
fiskca01,114182
fistedo01,450729
fittsri01,690916
fitzgbr01,420846
fitzgmi02,114197
fitzgmi03,114196
fitzgry01,680837
fitzgty01,666149
fitzmal01,114201
fitzmsh01,114200
flaaja01,664852
flaheja01,656427
flahejo01,114208
flahery01,475247
flanami01,114216
flandyo01,456071
flannjo01,114219
flannti01,114220
flavijo01,114223
flemida01,114226
flemijo01,676596
flenehu01,114230
fletcaa01,667465
fletcda01,114233
fletcda02,664058
fletcdo01,666150
fletcpa01,114234
fletcsc01,114239
fletcto01,114240
flexech01,623167
flinnjo01,114244
floodcu01,114248
florake01,114250
florebe01,641576
floredo01,114251
floregi01,114253
floreje02,435520
florejo01,150107
floreke01,572309
florera01,420864
florera02,570717
florera03,804668
florero01,446939
florewi01,527038
floribr01,114255
flories01,664314
floripe01,465753
florody01,571670
flowety01,452095
floydbo01,114262
floydcl01,114260
floydga01,425856
fluhama01,689254
flynnbr01,543169
flynndo01,114271
foggjo01,150319
foileha01,114278
foleyja01,671345
foleyma01,114281
foleyto02,114284
foliti01,114286
folkeri01,114287
foltymi01,592314
fontano01,545337
fontejo01,133227
fontemi01,430917
fontera01,114290
fontwi01,521655
fonvich01,114291
foorji01,114292
footeba01,114293
foppeje01,425817
forbepj01,137040
fordbe01,136421
fordcu01,114296
fordda01,114297
fordda02,114298
fordda03,452096
fordha01,695670
fordhto01,114308
fordle01,217915
fordma01,425651
fordmi01,645801
fordte01,114306
fordwe01,114304
fordwh01,114299
fordybr01,114309
fornaer01,543174
fornimi01,114314
forscbo01,114316
forscke01,114315
forstsc01,327692
forstte01,114317
forsylo01,523253
forteni01,663743
fortuba01,430627
fortuti01,114320
foscuju01,679822
fosnoje01,114322
fossato01,114325
fossera01,114326
fossla01,114324
fossuca01,407154
fosteal01,114327
fostege01,114333
fostejo01,407796
fosteke01,114334
fostekr01,276363
fostela01,114335
fostele01,114336
fostema01,641582
fostero01,114338
fostest01,114339
foucast01,114341
foulkke01,114342
fowlear01,114349
fowlede01,451594
fowledu01,641583
fowlkal01,114352
foxan01,114353
foxch02,114354
foxer01,114356
foxja02,444844
foxlu01,665650
foxma01,460257
foxne01,114361
foxte01,114364
foyjo01,114368
foytapa01,114369
frailke01,114370
fraleja01,641584
francbe01,450204
francbo01,670102
francea01,114372
francen01,575070
francfr01,407911
francje01,433585
francje02,425796
francjo01,114374
francjp01,641585
francju01,212297
francju02,464433
francma01,114376
francma02,596748
francte01,114378
francti01,114377
francty01,664034
francwa01,677551
frandke01,435623
frankja02,114384
frankmi01,114385
frankmi02,133980
frankni01,545338
frankry01,211041
frankse01,571676
frankwa01,276356
frareca01,621350
frascjo01,114388
frasewi01,114390
frasoja01,430630
fraziad01,624428
frazicl01,640449
frazige01,114393
frazije01,455095
frazilo01,114392
frazito01,453943
fredeke01,407864
fredrsc01,114396
freedro01,114398
freehbi01,114399
freelal01,690976
freelky01,607536
freelry01,150472
freemca01,673965
freemch01,425551
freemco01,683227
freemfr01,518692
freemji01,114404
freemju02,543178
freemla01,114408
freemma01,114409
freemma02,114410
freemmi01,502273
freemsa01,518693
freemty01,671289
freesda01,501896
freesge01,114412
freesge02,114411
fregoji01,114414
freimna01,474384
freiral01,439421
freisda01,114417
freitda01,571679
frelisa01,686217
frencji01,114423
frenclu01,448287
freyst01,114428
friasca01,516910
friasha01,114429
friaslu01,666818
friaspe01,114430
friedch01,543184
friedma01,608331
friedtj01,670770
frienbo01,114442
frierer01,457117
friseda01,114449
fritzla01,114453
frobedo01,114455
frohwto01,114458
frostda01,114460
frutoem01,464254
fryda01,681807
fryeje01,114464
fryerer01,518700
fryja01,605240
fryje01,114461
frymatr01,114465
frymawo01,114466
frypa01,643316
fuentbr01,150118
fuentdi01,800311
fuentjo01,658069
fuentmi01,114469
fuentmi02,114468
fuentre01,571681
fuentti01,114470
fujikky01,493117
fujinsh01,660261
fukudko01,493120
fukumka01,506429
fulchje01,445246
fuldsa01,453539
fulfobr01,690924
fulghjo01,114473
fulleji01,114479
fullejo01,114480
fulleve01,114481
fullmbr01,114485
fulmeca01,608334
fulmemi01,605242
fultobi01,114489
fultzaa01,150269
fundeko01,681892
fundema01,114491
funkfr01,114493
funkhky01,608335
funkto01,114494
furbuch01,518703
furcara01,279577
furilca01,114495
furmajj01,434583
fussech01,136728
fyhrimi01,114499
gabbaka01,451257
gabinar01,471803
gablega02,114501
gabrile02,114504
gaddihu01,683769
gaettga01,114508
gaffbr01,114509
gagema01,657424
gagliph01,114511
gagneer01,150378
gagnegr01,114513
gagnodr01,543193
gailled01,114517
gaineja01,114519
gainejo01,114520
gainety01,114522
gajkost01,133400
gakelda01,114524
galaran01,114526
galarar01,451482
galasbo01,114527
galeri01,114529
galero01,502570
gallaal01,114531
gallabo01,114541
gallaca01,595956
gallada01,114533
gallado01,114534
gallase01,451595
gallayo01,451596
gallegi01,606149
gallemi01,114545
galleza01,668678
galljo01,430571
gallois01,543194
gallojo01,608336
gallomi01,429760
galveba01,114551
galvifr01,520471
gambljo01,114556
gamblos01,114558
gamboed01,543195
gamelbe01,592325
gamelma01,451143
gandagu01,282861
gantjo01,607231
gantnji01,114569
gantro01,114567
garabed01,408199
garabge01,642520
garagke01,114574
garatvi01,466339
garbeba01,114579
garbege01,114577
garcefr01,571057
garceri01,114581
garciad01,611177
garciad02,666969
garciam01,150362
garcian01,457483
garciar01,605244
garciav01,541645
garcibr01,650530
garcibr02,805299
garcica01,114583
garcich02,451600
garcida01,114584
garcida02,114585
garcida03,430162
garcide01,665620
garcide02,660650
garcied01,658305
garcifr01,114587
garcifr02,150119
garcigr01,594824
garcigu01,136306
garciha01,460648
garcija01,433586
garcija02,448802
garcija03,592329
garcija04,606424
garcije01,150019
garcijh01,691373
garcijo01,462911
garcijo02,676480
garcika01,114588
garciki01,114582
garcile01,114589
garcile02,544725
garcilu01,150193
garcilu02,408202
garcilu03,472610
garcilu04,671277
garcilu05,677651
garcima01,672580
garcimi01,114586
garcimi02,114590
garcimi03,237694
garcino01,114596
garcion01,607162
garcipe01,114591
garcira02,114592
garcira03,114594
garcire01,424505
garciri01,670329
garciro01,425450
garciro02,596825
garciro03,665621
garciro04,676395
garciwi01,591994
garciyi01,554340
gardeni01,643320
gardero01,114599
gardimi01,114601
gardnar01,114603
gardnbi02,114616
gardnbr01,458731
gardnch01,114604
gardnje01,114609
gardnle01,421104
gardnma01,114610
gardnro01,114613
gardnwe01,114614
garibbo01,114620
garibda01,150133
garkory01,434939
garlajo01,279782
garlawa01,114622
garliky01,664247
garmami01,114623
garneco01,451198
garnedu01,572863
garnepe01,592330
garneph01,114625
garread01,114631
garream01,607237
garrebr01,666129
garregr01,114630
garrere01,657585
garresc01,114628
garrest01,656448
garrewa01,114632
garrigi01,114633
garrist01,477237
garriwe01,114637
garrra01,114627
gartory01,623439
garvemi01,641598
garvene01,114640
garvest01,114641
garvije01,114642
garzaju01,621057
garzama01,490063
garzara01,621248
gasparo01,114645
gaspemi01,681508
gassero01,688107
gassnda01,434559
gastjo01,518713
gastoci01,114650
gatesbr01,114654
gatesjo01,114655
gatesmi01,114656
gatewau01,114657
gathrjo01,431157
gattiev01,594828
gaubjo01,453304
gaudeji01,114659
gaudich01,429985
gausmke01,592332
gavigsa01,543208
gearrco01,518715
gearyge01,407783
gebhabo01,114671
geddeji01,114673
gedmari01,114676
geedi01,518716
geerjo01,446207
geigega01,114685
geiseda01,114688
geishve01,114689
gelnajo01,114692
gelofza01,680869
geltzst01,544993
gennesc01,571697
gentiji01,114696
gentrcr01,502226
gentrga01,114698
gentrty01,694355
georgch01,114703
georgch02,150203
gerarda01,114708
gerbecr01,114709
gerbege01,114711
gerbejo01,680702
gerbemi01,595222
gerenbo01,114712
gerhake01,114715
gerharu01,114713
germado01,593334
germaes01,407397
germafr01,407883
germafr02,681464
germaju01,430683
germego01,542674
gernedi01,114722
geronce01,114723
gerutjo01,425506
gervapa01,801434
gervasa01,463645
gettiby01,430656
getzch01,460051
ghelfto01,114737
giambja01,114739
giambje01,136605
giambtr01,623508
giannra01,114740
giarrto01,435218
giavojo01,543213
gibauia01,664139
gibboja01,400158
gibbojo01,114743
gibbojo02,114744
gibbsja01,114745
gibrast01,114746
gibsobo01,114756
gibsobo02,114757
gibsoca01,806188
gibsode01,136763
gibsoki01,114752
gibsoky01,502043
gibsopa01,114755
gibsoru01,114751
gideobr01,114761
gideoji01,114762
gielpa01,114765
gieseda01,435500
giggibo01,114766
gigonno01,114767
gilbe01,114768
gilbedr01,687551
gilbejo02,114777
gilbelo01,669302
gilbema01,114781
gilbesh01,114770
gilbety01,656457
gilbrbi01,114786
gilbrlu01,656458
gilbrro01,114785
giledo01,114787
gilesbr01,114788
gilesbr02,114789
gileske01,571704
gilesma01,279578
gilfija01,429360
gilge01,282594
gilgu01,114769
gilje01,430667
gilkebe01,114792
gillaco01,543216
gillalo01,670810
gilleco01,502261
gilleto02,114804
gillico01,687362
gilliji01,114810
gillipa01,114811
gillu01,661563
gilmase01,543219
gilsoha01,114824
gimenan01,665926
gimench01,460269
gimenhe01,430591
gindlca01,518725
ginkeke01,656464
ginnjt01,669372
ginsbjo01,114828
ginteke01,348562
gintema01,215197
giolilu01,608337
giovaed01,114831
gipsoch01,133420
gipsosa01,687830
girarjo01,114833
girodch01,643325
gissech01,277414
gittech01,656467
giustda01,114835
givenbr01,114836
givenmy01,571710
gladdda01,114838
gladdfr01,114839
glanvdo01,114844
glasnty01,607192
glaubke01,150177
glaustr01,136267
glavimi01,430403
glavito02,114849
gleasro01,114855
gleatje01,114860
glennbr01,543223
glennjo03,114869
glinage01,114873
gloadro01,340393
glovega01,150474
gloveko01,606983
glynned01,114876
glynnry01,150281
gobblji01,425471
godbyda01,114881
goddajo01,114882
godfrgr01,453232
godleza01,643327
godoyjo01,608422
godwity01,434880
goebbja01,572876
goedder01,592340
goeddty01,595963
goetzjo01,114887
goffje01,114888
goforda01,592341
goggich01,114889
gogolbi01,114890
goharlu01,627894
gohrgr01,114891
goinsry01,572365
goldbbr01,643329
goldeji01,114892
goldspa01,502671
goldypu01,114903
golsogr01,449172
goltzda01,114906
gombeau01,596295
gomesbr01,460156
gomesjo01,430404
gomeswa01,114908
gomesya01,543228
gomezal01,346796
gomezca01,460576
gomezch02,114909
gomezhe01,467143
gomezje01,491646
gomezle02,114911
gomezlu01,114912
gomezma01,450855
gomezmi01,622497
gomezpa01,114913
gomezra01,114915
gomezro01,596816
gomezru01,114916
gomezyo01,672782
gondeje01,114918
gonsast01,624427
gonsoto01,664062
gonzaad01,408236
gonzaal01,114924
gonzaal02,136460
gonzaal03,471868
gonzaal04,554054
gonzaan01,462413
gonzaca01,471865
gonzach01,592346
gonzada01,114919
gonzade01,114926
gonzadi01,276508
gonzaed01,429440
gonzaed02,452989
gonzaen01,434619
gonzaer01,570481
gonzafe01,114930
gonzaga01,133242
gonzage01,114929
gonzagi01,461829
gonzaje01,114928
gonzajo02,114931
gonzaju02,114933
gonzaju03,114932
gonzala01,114921
gonzala02,136764
gonzalu01,114935
gonzalu02,430840
gonzalu03,670768
gonzama01,503556
gonzama02,594835
gonzame01,642571
gonzami02,283166
gonzami03,456068
gonzami04,544838
gonzami05,646057
gonzani01,693304
gonzaor01,114937
gonzaos01,660757
gonzape01,114938
gonzara01,279912
gonzare01,114922
gonzaro01,663853
gonzase01,605894
gonzato01,114925
gonzavi02,624647
gonzawi01,150435
gonzawi02,682790
goodan01,425627
goodedw01,114947
goodmbi01,114952
goodmhu01,696100
goodrni01,592348
goodsed01,114953
goodwbr01,571718
goodwcu01,114957
goodwda01,114958
goodwto01,114961
goodyni01,580792
goossgr01,114963
gordoal01,460086
gordobr01,430950
gordoco01,676467
gordode01,543829
gordodo01,114966
gordoke01,114968
gordomi01,114969
gordoni01,624503
gordota01,685299
gordoto01,114971
gorecre01,434698
gorecri01,114973
gorema01,669022
gorete01,605253
gorinbo01,114975
gormano01,669357
gormato03,114981
gorneni01,430951
gorskma01,685301
goryljo01,114985
gorzeto01,452733
gosean01,543238
gosewtu01,488912
gosgeji01,114986
goslimi01,428420
gossari01,114989
gosseda01,605254
gosseph01,594838
gossho01,114988
gotayju01,114991
gotayru01,430905
gottji01,114992
gotttr01,641627
goudeas01,623485
gourryu01,493329
gowella01,114999
gozzoma01,115000
grababi01,115001
graboja01,276543
grabojo02,346848
gracefr01,407927
gracego01,700669
gracema01,115007
gracema02,594840
gracemi01,115009
gracemi02,115008
graffto01,115017
grahabi02,115033
grahada01,115024
grahajr01,543242
grahale01,115029
grahaty01,488917
grahawa01,115032
grahejo01,115035
gramaal01,407800
gramlto01,115036
grammal01,115037
grandcu01,434158
grandya01,518735
grangje01,115040
grangwa01,115041
granian01,701552
graniza01,643335
grantma01,115047
grantmu01,115046
grantto01,115048
graperi01,115050
gratebe01,150194
gratebr01,660813
grateju01,492802
gratema01,115054
gravebr01,605255
graveda01,115056
graveke01,608665
grayda01,115061
graydi01,115071
grayga01,115062
grayje01,115066
grayje02,462522
grayjo02,592351
grayjo03,680686
graylo01,115068
grayso01,543243
graytr01,656484
grbael01,115076
grebecr01,115078
greenad01,435279
greenal01,115097
greenan01,433477
greench01,115080
greench02,115098
greench03,643338
greenco01,641632
greenda02,115088
greenda03,115081
greendi01,115093
greenfr01,115085
greenga01,115086
greenge01,115087
greengr01,502205
greenhu01,668881
greenja01,276357
greenkh01,425867
greenle01,115092
greenmi01,115108
greenni01,407797
greenni02,572889
greenpu01,115084
greenri01,214294
greenri02,214294
greensc01,115079
greense01,434958
greensh01,115094
greensh02,572888
greenst01,279561
greenta01,488919
greento01,115099
greento02,115103
greenty01,115095
greenty02,460022
greenwi01,115104
greenza01,608339
greerbr01,115111
greerke01,115113
greerru01,115114
gregelu01,502381
greggke01,276514
greggto01,115118
gregodi01,544369
gregole01,115120
gregoto01,408054
greifbi01,115123
greingr01,606988
greinza01,425844
greisse01,133960
grichbo01,115130
grichra01,545341
grievbe01,115132
grievto01,115133
griffaj01,456167
griffal01,115137
griffde01,115152
griffdo01,115138
grifffo01,656492
griffje01,425515
griffjo01,424366
griffke01,115136
griffke02,115135
griffmi02,115144
griffto02,115146
grillgu01,115157
grillja01,276351
grillst01,115158
grimbo01,115160
grimmju01,518748
grimsja01,115169
grimsro02,115171
grishtr01,663757
grissma02,115174
grissva01,687093
groatdi01,115176
gronkle01,473137
groombu01,115183
groshjo01,677954
grossdo01,115185
grossga01,408212
grossgr01,115188
grosske01,115189
grosski01,115190
grossro01,543257
grosswa01,115191
groteje01,115194
groteje02,115195
grothjo01,115198
grottma01,115199
grotzza01,665093
grovemi01,675627
grubbjo01,115205
grubeja01,459439
grubeke01,115209
grudzma01,115210
grullde01,620453
grundke01,115211
gryboke01,407839
grzanmi01,132900
grzenjo01,115214
gsellro01,607229
guaipma01,515052
guantce01,115215
guarded01,115216
gubancr01,150166
gubicma01,115217
guduare01,594056
guentse01,674944
guerral01,648717
guerrde01,500610
guerrga01,602115
guerrja01,457915
guerrja02,642770
guerrju01,115220
guerrju02,448855
guerrlu01,692285
guerrma01,115221
guerrma02,407825
guerrpe01,115222
guerrta01,594027
guerrta02,605260
guerrvl01,115223
guerrvl02,665489
guerrwi01,115224
guettle01,115226
guevaca01,454581
guevagi01,115227
guidrro01,115228
guielaa01,408224
guilbta01,607555
guillca01,136722
guilljo01,115229
guilllu01,641645
guilloz01,115230
guilmpr01,543258
guindbo01,115231
guinnsk01,115233
gulanmi01,115237
guldebr01,115238
gulledo01,115239
gullibi01,115242
gulligl01,115243
gumpeda01,115247
gundeer01,115249
gurala01,115255
gurkaja01,543261
gurrilo01,666971
gushuta01,656494
gustaja01,594311
gustory01,687473
guthbu01,115258
guthrda01,656495
guthrje01,425386
guthrma01,115260
gutiece01,115261
gutiefr01,429711
gutieja01,115262
gutieju01,434641
gutieke01,642721
gutieri01,115263
gutievl01,661269
guyerbr01,446386
guzmaan01,425768
guzmacr01,150217
guzmade01,694203
guzmado01,150436
guzmaed01,150270
guzmafr01,430686
guzmage01,275698
guzmaje01,461882
guzmajo01,115266
guzmajo02,115265
guzmajo03,433591
guzmajo04,660422
guzmaju01,115267
guzmaro01,608597
guzmasa01,115268
gwosddo01,115269
gwynma01,461880
gwynnch01,115271
gwynnto01,115270
gwynnto02,448242
gyorkje01,576397
haadya01,150251
haasda01,115278
haased01,115276
haaseer01,606992
haasmo01,115275
habyajo01,115281
hackeer01,459345
hackeri01,115284
hackewa02,115285
hackmlu01,235097
haddiha01,115289
haderjo01,623352
hadleke01,115292
haegech01,446624
hafnetr01,400098
hagadni01,444935
hagenbr01,543266
hagenju01,663795
hagenke01,115302
hagerja01,606993
haggesa01,664059
haguejo01,115304
haguema01,518755
hahndo01,115306
hahnje01,534910
hairsje01,115315
hairsje02,150020
hairsjo01,115316
hairssc01,430668
hajekda01,115320
halamjo01,134280
halebo01,115328
halech01,115330
haleda02,571735
halejo01,115326
haleyju01,595234
haliced01,115333
hallal02,115334
hallaro01,136880
hallbi03,407849
hallco01,595235
hallda01,115349
hallda02,669742
halldi01,115350
halldl01,669084
halldr01,115335
halleto01,115359
hallji02,115344
halljo02,115346
halljo03,425406
hallma02,664180
hallme01,115348
hallto01,115354
hallto02,150134
halmagr01,471897
halpipe01,690984
halsebr01,433517
haltesh01,115370
haltose01,488936
halvose01,678020
hambrro01,115373
hambuma01,523648
hamelbo01,115376
hamelco01,430935
hameldo01,687589
hamilbi02,571740
hamilca01,643348
hamilda01,115379
hamilda02,115378
hamilda03,666152
hamilia01,641656
hamilja01,115381
hamilje01,115382
hamiljo02,115383
hamiljo03,285078
hamilma01,453236
hamilst01,115384
hamlike01,115387
hammaat01,115390
hammeja01,434628
hammejd01,670456
hammoch01,115391
hammoje01,115394
hammoro01,425631
hammost01,115392
hammpe01,115389
hamnegr01,115395
hampsga01,641658
hampsju01,430618
hamptik01,115398
hamptmi01,115399
hamreer01,543271
hamulti01,425787
hancoem01,676106
hancoga01,115405
hancojo01,407820
hancoju01,606995
hancole01,115404
hancory01,115406
handbr01,543272
handdo01,518764
handlma01,668974
handri01,115407
handrve01,115412
handsbi01,115413
haneych01,115415
haneyla01,115418
haneyto01,115417
hanhoer01,621098
hanifbr01,669724
hanigmi01,571745
hanigry01,452672
hankija01,115421
hannage01,115429
hannaja01,435219
hannaji01,115430
hannapr01,115427
hanneja01,595238
hanrajo01,430629
hansade01,468962
hansebo01,115439
hansecr01,475022
hanseda01,115436
hansegr01,115434
hanseje01,115438
hansero02,115440
hansoal01,593700
hansoer01,115446
hansoto01,462102
happia01,664023
happja01,457918
haranaa01,421685
harderi01,425848
hardiji01,115455
hardtja01,115459
hardybl01,543278
hardyca01,115460
hardyja02,115466
hardyjj01,429666
hardyla01,115464
harenda01,429717
haresh01,115467
hargast01,115468
hargeal01,115469
hargrmi01,115474
harikti01,115475
harkemi01,115476
harknti01,115479
harlola01,115482
harmabr01,465705
harmote01,115486
harnipe01,115487
harpebr01,115488
harpebr02,276353
harpebr03,547180
harpery01,607560
harpete01,115494
harpeto01,115495
harpetr01,150135
harrato01,115497
harrebi01,115501
harrebi02,115504
harrebu01,115502
harrejo01,115498
harreke01,115503
harrelu01,449173
harribi04,115525
harribr01,430593
harribr02,695391
harribu03,115537
harrica01,115511
harrich02,115540
harride01,133743
harrido01,115519
harridu01,687957
harriga01,115514
harrige01,115535
harrigr01,115521
harrigr02,115522
harriha01,802686
harriho01,819157
harriho02,665048
harrije02,441266
harrijo04,115526
harrijo05,543281
harriky01,690986
harrile01,115529
harrima01,457448
harrimi03,518771
harrimi04,671739
harrimo01,656509
harripe01,115524
harrire01,115531
harriro01,115543
harrito01,115544
harrito03,802419
harrivi01,115536
harriwi01,407483
harriwi02,407483
harshja01,115549
hartbo01,429580
hartco01,430611
hartdo01,643354
hartech01,115560
hartgde01,115563
hartja01,400071
hartji01,115554
hartke01,453954
hartky01,606996
hartlge01,664129
hartlmi01,115566
hartmbo01,115571
hartmi01,115553
hartmi02,115555
hartmjc01,115570
hartmry01,670057
hartsgr01,115575
hartsje01,115578
hartwgr01,701643
hartzpa01,115580
harvebr01,115583
harvehu01,640451
harvejo01,642840
harveke01,407396
harvema01,518774
harvich01,150420
hasegsh01,115586
haselad01,656514
haselbi01,115587
hassaal01,572910
hassero01,115594
hassero02,690987
hasslan01,115595
hatchbi01,115602
hatchch01,136721
hatchch02,501822
hatchmi01,115601
hatchto01,641672
hathahi01,115606
hathast01,643355
hatlema01,502281
hattesc01,115608
hattijo01,434596
hattogr01,115611
haughga01,115614
hauscmi01,623434
hausmto01,115618
havenbr01,115622
hawblry01,115623
hawkian01,115630
hawkila01,115629
hawkiwy01,115631
hawksbl01,458003
hawpebr01,425547
haydeha01,115636
hayesbe01,115639
hayesbi01,115647
hayesbr01,451109
hayesch01,115640
hayesdr01,502457
hayeske01,663647
hayesvo01,115646
hayhudi01,460602
haynehe01,115648
hayneji01,115649
haynena01,279566
haysau01,669720
haywara01,115651
haywobi01,115652
hazelje01,571757
hazewdr01,115655
headje01,502968
headlch01,452104
headlo01,545343
headrbr01,687396
healyfr02,115661
healyry01,592387
heanean01,571760
hearned02,115669
hearnta01,621368
hearrje01,115673
heasljo01,669169
heathbi01,115680
heathde01,445177
heathje02,115681
heathke01,115675
heathmi02,115676
heathmi03,150320
heathni01,670084
heathsl01,571761
heatone01,115683
heaveda01,115684
hebneri01,115686
hebsobr01,282880
hechaad01,588751
hedgeau01,595978
hedlumi01,115690
heepda01,115691
heffebe01,115692
heffnbo01,115694
heflibr01,115695
hefneje01,458550
heganji01,115697
heganmi01,115698
heideja01,115701
heilmaa01,408310
heimjo01,641680
heimugo01,115708
heinesc01,595981
heinety01,623168
heinkdo01,115710
heintch01,425863
heintto01,115712
heisebo01,115716
heisech01,502317
heiseri01,150453
heisero01,115717
heistal01,115719
heldwo01,115723
helfaer01,115725
hellebe01,621294
hellije01,476451
helliri01,115727
hellwjo01,518782
helmami01,680737
helmsto01,115731
helmswe01,136500
helslry01,664854
heltoto01,115732
hemanru01,115734
hembrhe01,592390
hemonsc01,115737
hemphbr01,150005
hendeda01,115744
hendegu01,683002
hendeji01,449104
hendejo01,115747
hendeke01,115748
hendelo01,701656
henderi01,115749
hendero01,115750
hendest01,115751
hendlbo01,115753
hendrbe01,430608
hendrel01,115757
hendrge01,115754
hendrky01,543294
hendrli01,521230
hendrma01,424805
hendrry01,641682
hengeda01,115762
henketo01,115765
henlebl01,668874
henlebo01,133726
hennebr01,430913
hennemi01,115769
henniph01,115772
hennira01,115775
henniri01,115774
hennse01,430675
henried01,683618
henrios01,115780
henriro01,678692
henrybi01,115793
henrybi02,115792
henrybu01,115783
henryco01,669371
henrydo01,115790
henrydw01,115781
henrypa01,668721
henryro01,115791
henryto01,674072
henslch01,115796
henslcl01,454535
henslda01,682073
henslma01,425778
hensodr01,408214
hentgpa01,115797
hentgsa01,656529
heplebi01,115798
herbera01,115802
herbero01,115799
heredfe01,115803
heredgi01,115804
heredgu01,628338
heredub01,115805
heredwi01,115806
hergeji01,623474
hergeke01,643361
hergema01,150382
hermach01,150252
hermadu01,115812
hermije01,435181
hermomi01,641684
hermore01,115813
hernaad01,406324
hernaal01,150253
hernaan01,435038
hernaar01,554374
hernaca01,115815
hernaca02,150059
hernaca03,400056
hernaca04,672578
hernace01,115816
hernace02,514917
hernada01,456696
hernada02,650382
hernada03,678226
hernada04,687231
hernadi01,452671
hernael01,622694
hernael02,609274
hernaen01,115818
hernaen02,571771
hernafe01,115819
hernafe02,433587
hernafe03,467761
hernago01,491676
hernahe01,681715
hernaja01,115823
hernaje01,115814
hernaje02,115824
hernajo01,115825
hernajo02,642546
hernajo03,669796
hernake01,115826
hernale01,115827
hernali01,115817
hernalu01,434682
hernama01,115828
hernama02,593523
hernami01,150089
hernani01,663321
hernaor01,133340
hernaos01,591712
hernape01,115829
hernape02,517060
hernara01,115831
hernara02,150421
hernaro01,115832
hernaru01,115834
hernaru02,115833
hernaru03,424465
hernate01,606192
hernato01,115830
hernawi01,115822
hernaxa01,115820
hernaya01,628450
hernayo01,470279
hernayo02,660634
herndda01,458589
herndju01,400146
herndla01,115836
herreal01,407789
herreda01,502609
herredi01,599096
herreel01,467070
herreiv01,671056
herrejo01,115841
herrejo02,115842
herrejo03,468406
herrejo04,645444
herreke01,516969
herreod01,546318
herrepa01,115843
herrero01,622703
herrero02,594011
herreyo01,506648
herriti01,682120
herrmch01,543302
herrmed01,115852
herrmfr01,497807
herrnjo01,115855
herrsri01,115856
herrto01,115839
hershmi01,115858
hershor01,115861
hertzst01,115863
herzdj01,687792
herzowh01,115865
heskejo01,115866
hessda01,605276
hesslke01,594857
hessmmi01,425634
hestejo01,452105
hestoch01,518790
hetzeer01,115873
heuerco01,676051
heydegr01,115879
heywaja01,518792
hiattja01,115882
hiattph01,115883
hibbagr01,115884
hibbsji01,115886
hickebr01,115887
hickeke01,115891
hicklbr01,676551
hickmje01,115897
hickmji02,115896
hicksaa01,543305
hicksbr01,518794
hicksji01,115899
hicksjo01,115901
hicksjo02,543308
hicksjo03,663855
hicksli01,689414
hidalri01,115902
higasky01,543309
higgibo02,115915
higgide01,115908
higgike01,115909
higgima01,115910
higgipj01,664731
higuete01,115921
hildetr01,657610
hilgeto01,115928
hiljuer01,150195
hillaa01,431094
hillbo01,407930
hillca02,657611
hillde01,656537
hilldo01,115933
hillech01,115948
hillejo01,115951
hillesh01,115947
hillesh02,150167
hillga01,115934
hillga02,682051
hillgl01,115935
hillhe02,115937
hillisa01,656541
hillja01,677955
hillje02,150204
hillke01,115941
hillko01,425542
hillma01,115942
hillmda01,115954
hillmer01,115955
hillmi01,115943
hillri01,448179
hillsh01,429718
hillst01,518799
hillta01,592398
hillti01,657612
hiltoda01,115959
hiltoho01,115958
hinchaj01,134460
hinchbr01,150120
hinckmi01,434479
hindsre01,677956
hindssa01,115963
hinojda01,648737
hinshal01,450527
hinshge01,115970
hinsker01,400134
hinslje01,115971
hintoch01,115973
hintori01,115975
hinzoto01,115976
hippahe01,115977
hiralya01,682274
hiranyo01,673633
hirshja01,444865
hiserge01,115978
hislela01,115979
hitchst01,115982
hiurake01,669374
hjellse01,663546
hoakdo01,115988
hobaued01,115989
hobbigl01,115990
hobbsjo01,115991
hobsobu01,115994
hochelu01,460024
hockech01,115997
hockide01,116000
hodgeed01,116005
hodgegi01,116008
hodgego01,116007
hodgeke01,277406
hodgepo01,687863
hodgero01,116009
hodgetr01,408074
hodgspa01,116011
hoeftbi01,116015
hoeinbr01,663773
hoernjo01,116017
hoernni01,663538
hoeslj01,543321
hoeyja02,460597
hoffman01,694851
hoffmgl01,116027
hoffmgu01,116028
hoffmja01,469845
hoffmje02,656546
hoffmjo01,116030
hoffmno01,676510
hoffmtr01,116034
hoffpja01,459440
hoffpmi01,451687
hoglugu01,680684
hoilech01,116057
holadbr01,592407
holbeaa01,116058
holbera01,116059
holdeco01,670059
holdejo02,656547
holdrda01,136266
holdsfr01,116066
holdzjo01,458720
hollaal01,116070
hollade01,502706
hollagr01,518813
hollama01,571786
hollato01,116075
hollega01,116076
hollida01,116083
hollida02,132360
hollija01,702616
hollije01,116084
hollima01,407812
hollimi01,446132
holloga01,668970
hollojo01,656548
hollyje01,116092
holmabr01,116096
holmabr02,116095
holmaga01,116097
holmagr01,680880
holmasc01,116098
holmash01,116099
holmbda01,571787
holmecl01,605280
holmeda01,116100
holmegr01,656550
holmst01,455725
holtbr01,571788
holtch01,116108
holtgve01,116112
holtji01,116110
holtobr01,116113
holtoty01,663947
holtro01,116111
holtty01,534627
holtzke01,116115
holtzmi01,116114
holzema01,116116
honeybr01,641703
honeyri01,116118
hoodde01,543329
hooddo01,116120
hookch01,116123
hookja01,116124
hoopeke01,407918
hootele01,116130
hootobu01,116131
hoovejj01,543331
hoovejo02,116133
hoovepa01,150137
hopejo01,116137
hopkido01,116139
hopkiga01,116140
hopkitj01,686759
hoppeno01,440361
horgajo01,425820
horlejo01,116151
hornba01,690544
hornebo01,116154
hornsa01,116152
horsmvi01,116159
horstje01,456662
hortoca01,690990
hortori01,116163
hortoto01,116161
hortowi01,116164
horwibr01,447849
horwisp01,687462
hoseydw01,116165
hoseyst01,116166
hoskirh01,656555
hosleti01,116168
hosmeer01,543333
hosteda01,116171
hottmke01,116173
hottoto01,459415
houckta01,656557
houghch01,116176
houltdj01,434885
housead01,605288
housebr01,691781
housecr01,331633
housefr03,116178
houseja01,446901
housejr01,407399
housepa01,116179
housepa02,116185
housetj01,543334
houseto01,116180
housiwa01,116190
houstty01,116191
hovlest01,116194
howarbe01,407806
howarbr01,116197
howarch01,116199
howarch02,116198
howarda02,116201
howardo01,116202
howarel01,116204
howarfr01,116205
howarfr02,116206
howarji01,116217
howarla01,116209
howarma01,116211
howarmi01,116212
howarry01,429667
howarsa01,607572
howarsp01,675921
howarst01,116214
howarth01,116215
howarwi01,116216
howear01,116218
howelja01,116226
howelja02,116225
howeljp01,434442
howelke01,116227
howelpa01,116230
howelro02,116232
howest01,116222
howitda01,116234
howrybo01,133982
howsedi01,116236
hoyinja01,592419
hoype01,116237
hoytja01,624586
hoytla01,116240
hraboal01,116242
hrbekke01,116243
hriniwa01,116244
huangwe01,658791
hubbagl01,116246
hubbami01,116247
hubbatr01,116248
hubbske01,116251
huberjo01,435679
huberju01,408311
huch01,464341
huch02,629496
huckake01,279570
hudekjo01,116255
hudgeda01,116256
hudlere01,116258
hudsobr01,663542
hudsoch01,116260
hudsoch02,116261
hudsoda01,543339
hudsoda02,641712
hudsoje01,116263
hudsojo02,116265
hudsojo03,621529
hudsoky01,543340
hudsolu01,346873
hudsoor01,407861
hudsore01,116267
hudsoti01,218596
huffau01,333492
huffda01,453307
huffmch01,502151
huffmi01,116271
huffmph01,116273
huffsa01,669087
hughebo01,132962
hughebr01,676714
hughedi01,116283
hughedu01,458250
hugheja02,453172
hugheji03,116278
hugheke01,116281
hughelu01,471863
hugheph01,461833
hugherh01,446560
hughete01,116285
hughetr01,407889
huismju01,430619
huismma01,116298
huismri01,116297
huletti01,116300
hulettu01,461834
huller01,457820
hulseda01,116302
hultzda01,543343
humbeph01,458950
humeto01,116305
hummeco01,669450
hummeti01,400019
humphbo01,116311
humphmi01,116310
humphte01,116309
hundlni01,460026
hundlra01,116315
hundlto01,116316
huntebr01,116327
huntebr02,116326
huntebu01,116332
hunteca01,116334
huntece01,501986
hunteji01,116335
hunteri01,116336
hunteto01,116338
hunteto02,488984
huntewi01,116339
huntke01,116321
huntke02,116322
huntra01,116320
huntro01,116325
huntzst01,116342
huppeda01,116344
hurdlcl01,116346
hurleer01,457922
hurshja01,592422
hurstbi01,116355
hurstbr01,116350
hurstja01,116352
hurstji01,116353
hurstjo01,116354
hurstsc01,656568
hurtaed01,116356
hurtebr01,676428
hurtky01,669165
hurtuja01,674441
huskebu01,116357
husonje01,116358
hutchch01,150454
hutchdr01,571800
hutsohe01,116370
huttoji01,116372
huttoma01,116373
huttoto01,116374
hwangja01,666561
hydedi01,116376
hyersti01,116377
hynesco01,518833
hyzduad01,283210
iannech01,455104
ibanean01,628451
ibanera01,116380
ibarred01,500891
igarary01,579799
igawake01,506432
iglesjo01,578428
iglesra01,628452
ignasga01,116382
ignasmi01,116383
iguchta01,435338
ilslebl01,116384
imanash01,684007
incavpe01,116386
inciaen01,542255
indiajo01,663697
infanal01,116387
infangr01,500872
infanom01,408299
ingebr01,276346
inglejo01,446928
ingraga01,116391
ingrako01,688427
ingrari01,116393
innisje01,116395
iorgda01,116396
iorgga01,116397
irabuhi01,116400
irelati01,116402
iriarja01,683568
iribahe01,454975
irvinco01,608344
irvinda01,116405
irvinja01,663623
irwinph01,572947
isaleor01,116412
isbelky01,664728
ishiika01,408193
ishiktr01,448170
isrinja01,116414
iveyty01,663959
iviemi01,116415
iwakuhi01,547874
iwamuak01,493127
izquiha01,116416
izquiha02,407875
izturce01,285131
izturma01,430895
jablora01,116417
jacksal01,116419
jacksal02,656577
jacksan01,656578
jacksau01,457706
jacksbo01,116446
jacksbr01,571804
jacksch03,116422
jacksco01,433582
jacksda01,116425
jacksda02,116424
jacksda03,116426
jacksda04,116423
jacksdr01,623515
jacksed01,429719
jacksgr01,116428
jacksja01,543351
jacksje02,669236
jackske01,116433
jacksla01,116434
jackslo01,116435
jackslu01,592426
jacksmi01,116437
jacksmi02,116436
jacksre01,116439
jacksro01,116441
jacksro02,116442
jacksro03,116443
jacksry01,133224
jacksry02,474249
jacksso01,116440
jacksst01,452259
jacksza01,435638
jacksza02,667427
jacobal01,689690
jacobbr01,116461
jacobbu02,430944
jacobja01,116451
jacobmi02,408312
jacomja01,116463
jacqujo01,682175
jacqupa01,116464
jacquto01,344924
jaeckja01,116465
jahajo01,116468
jaimeju01,462089
jakubch01,499856
jamesar01,116472
jamesbo01,116484
jamesch01,116474
jamesch02,116477
jamesch03,460580
jamescl01,116475
jamesde01,400126
jamesdi01,116476
jamesdr01,686753
jamesje01,116478
jamesjo01,116479
jamesjo02,657624
jamesju01,448241
jamesmi01,116480
jamesri01,116482
jamessk01,116481
janesje01,116489
janispa01,457926
jankojo01,543357
jankotr01,608671
jannimi01,595263
janseda01,643376
janseke01,445276
janssca01,445163
janzema01,116495
jaramja01,452232
jarvibr01,686826
jarvike01,116496
jarvipa01,116499
jarvira01,116498
jasojo01,444379
jastela01,116501
jatapa01,116502
javieal01,116504
javiecr01,664299
javieju01,116505
javiest01,116506
jaxgr01,643377
jayemy01,594867
jayjo01,116507
jayjo02,445055
jayty01,664079
jeando01,116508
jeffcmi01,116512
jeffeda01,641726
jeffegr01,116513
jeffeje01,116514
jeffere01,116515
jeffery01,680777
jeffest01,116516
jeffrje01,502026
jelicch01,116518
jelksgr01,116520
jeltzst01,116521
jenkich01,554432
jenkife01,116522
jenkige01,132961
jenkija01,116526
jenkity01,592433
jenksbo01,408057
jennida01,543359
jennide01,457775
jennido01,116529
jennija01,407298
jenniro01,116530
jenseca01,695600
jenseja01,116533
jenseky01,571812
jensema01,116534
jensery01,276528
jepseke01,448178
jerezwi01,605301
jerzemi01,136264
jestaga01,116537
jeterde01,116539
jeterjo01,116540
jetersh01,116541
jewelja01,657228
jimenaj01,543362
jimence01,462945
jimenda01,666204
jimenda02,666204
jimened01,621592
jimenel01,116545
jimenel02,650391
jimenge01,116546
jimenho01,116544
jimenja01,423824
jimenjo01,150455
jimenjo02,641729
jimenju01,116547
jimenke01,459376
jimenle01,677870
jimenlu01,455921
jimenlu02,499864
jimenma01,116548
jimenmi01,116549
jimenub01,434622
jimerch01,430590
joaquwa01,471183
jobeja01,695549
jodiebr01,407093
joeco01,656582
johjike01,492706
johnsad01,407053
johnsal01,116560
johnsal02,489567
johnsba01,116571
johnsbe01,116564
johnsbe02,434584
johnsbi04,116636
johnsbo02,116621
johnsbo03,116619
johnsbo04,116565
johnsbr01,116566
johnsbr02,598271
johnsbr03,669369
johnsch04,116569
johnsch05,453400
johnscl01,116573
johnsda01,116575
johnsda02,116576
johnsda03,116577
johnsda04,116578
johnsda05,116574
johnsda06,430681
johnsda07,669288
johnsde01,116579
johnsdj01,597113
johnsdo04,116552
johnsel02,471107
johnser03,116586
johnser04,605304
johnsfr03,116589
johnsga01,408058
johnsgr01,116642
johnsho01,116593
johnsja01,116650
johnsja02,116595
johnsje01,116596
johnsje02,116638
johnsji03,116594
johnsji04,462382
johnsjo04,116599
johnsjo05,116602
johnsjo06,116644
johnsjo07,116651
johnsjo08,150282
johnsjo09,435178
johnske02,116604
johnske03,133201
johnske04,297292
johnske05,430637
johnskr01,453241
johnsla01,116607
johnsla02,116606
johnsla03,116603
johnslo01,116609
johnsma01,116610
johnsma02,150322
johnsma03,276342
johnsmi01,116612
johnsmi02,116611
johnsmi03,430635
johnsmi04,608672
johnsni01,276376
johnspi01,572955
johnsra03,116617
johnsra04,116616
johnsra05,116615
johnsre01,116646
johnsre02,407862
johnsro03,116622
johnsro04,116625
johnsro05,116623
johnsro06,408225
johnsro07,453531
johnsru01,116641
johnsry01,696270
johnsse01,686751
johnssh01,582473
johnsst01,116629
johnsst02,489002
johnsti01,116632
johnsto02,116631
johnsto03,116561
johnstr02,687859
johnsty01,431164
johnswa03,116634
johnto01,116550
jokiser01,518852
jonesad01,430945
jonesal02,116661
jonesan01,116662
jonesba01,116664
jonesbo02,116719
jonesbo03,116717
jonesbo04,116718
jonesbr02,447761
jonesca01,116665
jonesch04,116672
jonesch05,116671
jonesch06,116706
jonescl01,116674
jonescl02,116673
jonesda03,116695
jonesda04,116678
jonesda05,116680
jonesda07,676103
jonesde02,116689
jonesdo01,116682
jonesga01,116687
jonesga02,434540
jonesgo01,116688
jonesgr01,429983
jonesgr02,675659
jonesha01,116690
joneshu01,491220
jonesja04,429961
jonesja05,150218
jonesja06,571825
jonesja07,592444
jonesja08,663330
jonesja09,683003
jonesje01,116698
jonesje02,116699
jonesji02,116694
jonesly01,116707
jonesma01,116708
jonesma02,289033
jonesmi02,116711
jonesmi03,462536
jonesna01,518858
jonesno01,666134
jonesod01,116712
jonesra01,116715
jonesri01,116732
jonesri02,116716
jonesro01,116722
jonesro02,116721
jonesru01,116723
jonesry01,624507
jonessa02,116725
jonessh02,116728
jonesst01,116729
jonesst02,116704
jonesta01,622100
joneste02,116730
jonesti01,116733
jonesti02,116740
jonesto02,116734
jonestr01,116735
joneswi01,116741
jordabr01,116747
jordake01,116752
jordale01,682119
jordari02,116756
jordari03,116758
jordasc01,116759
jordata01,518863
jorgefe01,602928
jorgemi01,116766
jorgery01,407932
jorgete01,116767
josefe01,116768
josepca01,543376
josepco01,543377
josepdo01,548348
josepdu01,116770
josepke01,276529
josepri01,116769
josepto01,571830
joshuvo01,116771
journji01,407867
joycebe01,690829
joycedi01,116777
joycema01,459964
joycemi01,116776
joynewa01,116780
juddmi01,116781
judenje01,116785
judgeaa01,592450
judyjo01,518865
julieed01,666397
juliojo01,406402
julksco01,667452
jungeer01,407784
jungja01,690291
jungjo01,673962
jungmta01,543380
junisja01,596001
junkja01,676083
juradar01,642558
juraked01,116793
jurewmi01,116794
jurrjja01,457453
justida01,116798
justiev01,687145
jutzesk01,116800
kaaihki01,451500
kaatji01,116803
kaczmke01,664842
kahnlto01,592454
kainedo01,116812
kaisebo01,116816
kaiseco01,663731
kaiseje01,116815
kalinal01,116822
kalisry01,501888
kamiesc01,116824
kaminro01,641739
kammebo01,116826
kanehro01,116836
kangju01,628356
kaplega01,137002
kaprija01,621076
karchma01,116840
karchri01,676689
karinja01,675916
karkoro01,116843
karlsc01,116845
karnsna01,501992
karnuja01,400112
karpry01,116849
karroer01,116852
karroky01,691720
karsast01,116853
karstje01,444371
kashita01,116855
kaskoed01,116856
katama01,425632
katohgo01,641741
kauffka01,666154
kaufmcu01,116862
kavadni01,694359
kawakke01,499877
kawasmu01,493128
kayan01,641743
kayeju01,400086
kayfucj01,692216
kazmase01,453527
kazmisc01,431148
keaglgr01,116871
kealest01,116872
kearnau01,400290
kearnbo01,116873
keasclu01,807712
keedypa01,116883
keegaed01,116889
keeneje01,116899
keenejo01,116900
keetori01,116904
keirsda01,680577
keislra01,342892
keithco01,690993
kekicmi01,116909
kelake01,605309
kelenja01,672284
kellebr01,641745
kelledi01,116928
kellekr01,276341
kelleky01,664918
kellemi02,116918
kellemi03,656605
kellero01,116921
kellesh01,518875
kelleto01,116929
kelletr01,665001
kellybr01,116938
kellyca01,543391
kellyca02,608348
kellydo01,430603
kellyjo05,523260
kellyke01,220305
kellyke02,687330
kellyme01,518876
kellymi02,116954
kellymi03,547184
kellypa01,116943
kellypa02,116940
kellypa03,116955
kellyro01,116959
kellyry01,502462
kellyto01,116946
kellyty01,571841
kellyva01,116960
kellyza01,677161
kelsobi01,116965
keltoda01,407778
kemmeru01,116969
kempma01,461314
kempot01,805249
kempst01,116972
kempto01,643393
kendafr01,116973
kendaja01,116974
kendeal01,116975
kendrho01,435062
kendrky01,452718
kennead01,150456
kennebr02,664028
kennebu01,671083
kenneia01,453178
kenneje01,116996
kenneji01,116979
kennejo03,116980
kennejo04,406773
kenneju01,116982
kennete02,116989
kensilo01,434137
kentje01,116999
kentst01,407902
kentza01,687849
kenwodi01,117001
keougjo01,117003
keougma01,117005
keougma02,117004
keplema01,596146
keppebo01,430670
keppije01,433898
kepshku01,117006
kerfech01,117007
kerkeor01,689147
kernbi01,117013
kernege01,117015
kernji01,117012
kerrijo01,117022
kerrra01,678061
kershcl01,477132
kershja01,424625
kessido01,117024
kessigr01,666197
kessike01,117025
kesteri01,117027
keuchda01,572971
keyji01,117032
keysebr01,117033
khalisa01,117034
kickhmi01,592464
kidama01,150196
kieboca01,666198
kiebosp01,571851
kieckda01,117037
kiefema01,117039
kiefest01,117040
kiekhde01,518883
kieltbo01,282878
kielyjo01,117041
kielyle01,117042
kiermke01,595281
kiescbr01,117044
kiescro01,523261
kikucyu01,579328
kilbybr01,489020
kileda01,117046
kilgupa01,117048
kiliaca01,668873
kilkemi01,117050
killeha01,117051
kilomfr01,642584
kimbaco01,501993
kimbrcr01,518886
kimby01,218294
kimha01,673490
kimhy01,547957
kimhy02,808975
kimkw01,547942
kimmbr01,117067
kimsu01,279615
kindaje01,117070
kineris01,643396
kingbr01,818605
kingcu01,117076
kingemi01,117090
kinger01,117078
kingesc01,664068
kingha01,117079
kinghni01,592468
kingje01,117081
kingji01,117080
kingjo01,667463
kingke01,117082
kingmbr01,117091
kingmda01,117092
kingmi01,650633
kingra01,150037
kingsge01,117094
kinkami01,136726
kinlety01,641755
kinnede01,117096
kinnejo01,448337
kinnema01,150219
kinnumi01,117098
kinslia01,435079
kintzbr01,445213
kinzema01,117103
kipnija01,543401
kippebo01,117107
kippfr01,117106
kirbycl01,117110
kirbyge01,669923
kirbywa01,117114
kirilal01,666135
kirkal01,672386
kirkbi01,117117
kirklwi01,117119
kirkmmi01,457779
kirkped01,117120
kirkwdo01,117122
kiserga01,117125
kisonbr01,117128
kitchau01,685116
kittlro01,117132
kittran01,552640
kivlepa01,623182
kjershe01,677008
klagefr01,117135
klassda01,135782
klausbi01,117137
klausbo01,117136
klawito01,117139
kleinph01,607309
kleinwi01,694361
kleskry01,117148
kleveja01,117149
klimclo01,117151
klimkro01,117152
klinebr01,571858
klinero01,117155
klinest01,117156
klinest02,117157
klingsc01,117161
klinkjo01,117164
klippjo01,117165
kloboga01,656620
kloffad01,680572
klubeco01,446372
kluszte01,117172
kluttmi01,117173
kmakjo01,117175
knackbr01,117177
knackla01,689017
knappan01,595284
knappch01,117178
knebeco01,608349
knehrre01,663753
kneppbo01,117184
kniceal01,117187
knighbr01,150284
knighdu01,643400
knighra01,117191
kniznan01,668800
knoblch01,117197
knoedju01,430653
knoopbo01,117202
knorrra01,117203
knotter01,407482
knottga01,276352
knottjo02,431160
knowlda01,117210
knoxjo01,117216
knudsgu01,605317
knudsku01,117217
knudsma01,117218
kobayma01,493131
kobelke01,117220
koberje01,571862
kochaja01,686799
kochal01,117221
kochbi01,150477
kochgr01,667428
kochma01,571863
koegepe01,117225
koehlto01,543408
koellbr01,117228
koenija01,657649
koernbr01,621259
kohlmry01,332792
kohlwta01,670128
kohnmi01,543409
kolarad01,592473
kolbbr01,276524
kolbda01,150285
kolbga01,117237
kolekst01,663568
kolozma01,656627
kolstha01,117241
komater01,518900
kominsh01,455005
komiysa01,407894
kommibr01,117243
konerpa01,117244
koniedo01,117246
kontoge01,502004
konusde01,117251
kooda01,435082
kooncca01,117253
kooncgr01,425449
koosmje01,117255
kopacge01,117256
kopecmi01,656629
kopliho01,117259
koplomi01,407377
koppejo01,117261
korecbo01,445090
koringe01,117265
koronjo01,425655
koscoan01,117267
koshajo01,459423
koskico01,136731
kosloke01,117271
kossch01,683766
kostrfr01,117275
kotchca01,425773
kotsama01,117276
kottage01,435459
koufasa01,117277
kouzmke01,450260
kowarja01,663804
kowitbr01,117281
kozlobe01,420684
kozmape01,518902
kraemjo01,117285
kralija01,117288
krameke01,596012
kramera01,117291
krameto01,117292
kraneed01,117293
kranima01,668820
kratzer01,456124
krausle02,117298
krausma01,571868
kraveev01,667478
kraveke01,117300
kravida01,117301
krawcra01,117302
krehbjo01,607216
kreidry01,668952
kremede01,665152
kremeji01,117309
kremmji01,117310
krencwa01,117311
kreugri01,117315
kreutch01,117316
kreutfr01,117317
kriskbr01,621139
kristza01,670219
krivdri01,117322
krizaja01,607249
kroegjo01,430669
kroenza01,476127
krolia01,571871
krollga01,117325
krookma01,640454
kroonma01,117327
krsnimi01,117328
kruegbi01,117332
krugch01,117333
krugge01,117334
krukjo01,117339
krukomi01,117340
krynzda01,425858
kubekto01,117343
kubelja01,430585
kubenje01,136606
kubiate01,117344
kubinti01,117345
kubisja01,117346
kubitky01,605323
kubskgi01,117347
kucekja01,117349
kucksjo01,117350
kuennha01,117354
kuhaufr01,117355
kuhlch01,641771
kuhnejo01,669270
kuipedu01,117361
kunkebi01,117365
kunkeje01,117364
kuntzru01,117366
kunzed01,446333
kuoho01,425539
kurodhi01,493133
kurosry01,117368
kurtzha01,117370
kurtzni01,701762
kusiccr01,117373
kusnyar01,117374
kutchra01,117376
kutynma01,117378
kutzlje01,117379
kuwatma01,506555
kwanst01,680757
labanjo01,430612
labincl01,117384
labouja01,607951
laboyco01,117385
laceybo01,117386
lachema01,117388
lachere01,117389
lachoal01,117390
lackejo01,407793
lacocpe01,117393
lacorfr01,117394
lacosmi01,117395
lacyke01,117396
lacyle01,117397
laddpe01,117400
ladenty01,502285
ladwiaj01,607609
laffeaa01,444836
laforpe01,425526
lafraro01,117407
lafrobo01,489039
lagami01,117408
lagarju01,501571
lagrole01,117410
lahaibr01,445933
lahoujo01,117411
lahtije01,117412
lailbr01,621078
lairdbr01,477186
lairdge01,408042
lakeju01,516809
lakerti01,117420
lakest01,117418
lakintr01,664042
lallibl01,503351
lamabja01,117422
lamarry01,534606
lambda01,150138
lambech01,461836
lambeji01,669424
lambepe01,663567
lambja01,571875
lambjo01,117429
lambjo02,543424
lambmi01,150286
lamboan01,518911
lambra01,117431
lametdi01,659275
lamonge01,117437
lampake01,117440
lampde01,117439
lampkto01,117442
lancale01,117444
lancega01,117445
lanceri01,117446
landera01,117450
landibi01,117453
landiji01,117451
landrbi01,117462
landrce01,117457
landrdo01,117458
landrho01,117456
landrke01,117454
landrla01,117455
landrti01,117461
laneja01,407835
lanema01,117466
langch01,117472
langeal01,656638
langedi01,117475
langery01,407798
langesh01,669127
langfri01,117478
langfwy01,694671
langsma01,117480
langwma01,543426
lanieha01,117481
lanieri01,117483
lankffr01,283039
lankfra01,117484
lannajo01,458709
lansfca01,117488
lansfjo01,117489
lansimi01,117491
laosa01,666659
lapoida01,117495
laporma01,453181
laraan01,691251
laraju01,444312
larayo01,282881
larisje01,460252
larkeno01,117499
larkian01,117500
larkiba01,117501
larkige01,117503
larkipa01,117506
larkist02,203718
larnatr01,663616
larocad01,425560
larocan01,451188
larocda01,117509
larocgr01,342992
larosjo01,117511
larosvi01,117512
larsedo01,117514
larseja01,677223
larsobr01,276053
larsoda01,117516
larueja01,150178
larusto01,117517
laryal01,117518
laryfr01,117519
lashefr01,117521
laskebi01,117522
lasorjo01,686747
lasteto01,600303
lathabi01,117529
lathach01,117526
latmaba01,117533
latosma01,502009
latzja01,656641
lauch01,117535
laudnti01,117537
lauerer01,641778
laurera01,657656
lauzege01,117541
lavalmi01,117543
lavarry01,543432
lavasbr01,681526
lavelga01,117545
lawde01,571882
lawerco01,689520
lawlajo01,691783
lawleto01,117554
lawrebr01,117556
lawrebr02,400147
lawreca01,596271
lawrejo01,150478
lawreju01,664875
lawrese01,136423
lawribr01,543434
lawro01,117549
lawru01,117550
lawsost01,117564
lawtoma01,117565
lawtoma02,117566
lawva01,117551
lawve01,117552
laxtobi01,117567
laxtobr01,150423
layanti01,117568
layneto01,518927
lazarda01,117574
lazarma01,676661
lazora01,612272
lazorja01,117576
leach01,117578
leachbr01,489052
leachja01,407379
leachri01,117580
leachte01,117581
leagubr01,434181
leahyky01,681517
leakemi01,502190
leallu01,117585
learyti01,117592
leasujo01,673929
leathja01,605333
leblach01,641779
leblawa01,453281
leclejo01,600917
lecroma01,150220
lecursa01,459967
ledeeri01,133342
ledesaa01,117597
ledezwi01,425656
leebi03,117617
leebo01,117611
leebr01,657658
leebr02,686797
leeca01,150324
leech01,547348
leech02,695445
leecl02,424324
leeco01,150287
leeda01,150049
leeda02,493193
leede01,117600
leede02,117601
leedo01,117602
leedy01,669276
leeev01,681885
leeju01,808982
leekge01,117620
leekh01,666137
leeko01,686676
leele02,117606
leema01,117608
leema02,117607
leema03,117609
leemi01,117610
leepeda01,117621
leesa01,275931
leesmch01,489056
leete01,117613
leetr01,134162
leeza01,545346
lefebji01,117624
lefebjo01,117625
leffecr01,117628
lefloro01,117630
leftwph01,117631
legggr01,117633
legumca01,668984
lehewji01,117636
lehmake01,117637
lehrju01,430680
leibrbr01,605335
leibrch01,117643
leicejo01,425484
leipeda01,117649
leistjo01,117651
leiteal01,117652
leiteja01,683004
leitema01,117653
leitema02,643410
leiussc01,117657
lejafr01,117658
lejohdo01,117660
lemahdj01,518934
lemanda01,117663
lemasde01,117664
lemasjo01,117665
lemaydi01,117666
lemkema01,117668
lemoija01,621082
lemonch01,117669
lemonda01,117672
lemonji01,117670
lemonma01,117673
lennopa01,117676
lentiji01,117680
leonade01,117687
leonaje01,117691
leonama01,117693
leonar01,504186
leonar02,455376
leonda01,117681
leoned01,117682
leonedo01,608678
leoneju01,430658
leonhda01,117694
leonjo01,150459
leonma01,117684
leonpe01,694175
leonsa01,506702
lepcite01,117697
leppedo02,117700
lerchra01,117701
lerewan01,434679
lerouch01,460092
leroyjo01,117705
lerscba01,117707
lerudst01,452722
leshebr01,117708
leshndo01,117709
leskacu01,117710
leslebr01,117711
lestejo01,452657
lestejo02,623507
levinal01,117722
levisje01,117724
levraal01,276368
lewalde01,117727
lewicar01,592499
lewisal01,117730
lewisco01,407890
lewisda01,117731
lewisfr02,430930
lewisje01,460029
lewisji01,117735
lewisji02,117736
lewisjo01,117739
lewisky01,641786
lewisma01,117740
lewisri01,117742
lewisro01,451650
lewisro02,668904
lewissc01,117743
lewissc02,460260
leybado01,642736
leyerro01,622490
leyriji01,117747
leyte01,117746
lezcaca01,117748
lezcasi01,117749
liberad01,571893
liberlu01,642451
liberma01,669461
librafr01,117752
liddeda01,117754
liddial01,499926
lidgebr01,400058
lidleco01,117756
liebejo01,117758
liebemi01,117759
liefeje01,150325
lightpa01,572990
ligteke01,117763
lileda01,695734
lillibo01,117768
lillibr01,452121
lillide01,117767
lillyte01,150404
limajo01,117769
limch01,547939
linarru01,117771
linceti01,453311
linch01,521428
lincobr01,453184
lincomi01,150221
lindad01,452252
lindbem01,117777
lindbjo01,458676
lindbpa01,117778
lindeji01,117781
lindeto01,425821
lindgja01,605338
lindgje01,689167
lindja01,117774
lindjo01,117775
lindofr01,596019
lindsbi02,117790
lindsdo01,117789
lindsjo01,439664
lindsma01,434637
lindsro01,341235
lindssh01,469834
linebsc01,276530
linesdi01,117794
liniaco01,150168
linkjo01,456899
lintodo01,117800
lintz01,624407
lintzla01,117801
linzph01,117802
linzyfr01,117803
lipcian01,686531
lipsctr01,702358
lipskbo01,117808
lirafe01,117809
liriafr01,434538
liriane01,117810
liriape01,425538
liriary01,542642
lisiri01,117813
lisjo01,117811
listapa01,117815
litscje01,446209
littema01,117817
litteza01,641793
littlbr01,117821
littlbr02,663893
littlde01,117826
littlja02,669193
littlje01,117819
littljo01,117823
littlla01,117827
littllu01,681432
littlma01,150458
littlsc01,117818
littlwe01,452725
littogr01,117828
livelbe01,594902
livinbo01,455751
livinsc01,117837
lizra01,467785
llenawi01,117839
llovema01,661440
lloydgr01,117841
lloydky01,643414
loaisjo01,642528
loaizes01,117842
lobatjo01,446653
lobstky01,543456
locasti01,641796
loch02,547568
lockdo01,117848
lockean01,621141
lockebo01,117850
lockebo02,117853
lockeje01,502046
lockero01,117852
lockhke01,117854
locklge01,117855
locklty01,682988
lockmwh01,117857
lockrbr01,663604
lockwsk01,117858
lodolni01,666157
loducpa01,134001
loeka01,434180
loesbi01,117862
loewead01,429400
loeweca01,133780
loftini01,679845
loftoja01,407580
loftoke01,117863
loganbo02,457429
loganjo01,117867
loganno01,425497
logueza01,656657
lohseky01,346798
loisal01,117873
loiseri01,117874
lolicmi01,117875
lolicro01,117876
lollash01,117877
lollati01,117878
lolliry01,489067
lomando01,117879
lomasst01,206565
lombage01,136601
lombaph01,117881
lombast01,117884
lombast02,543459
lomonke01,117885
lonboji01,117886
loneyja01,425766
longbi01,117902
longbo01,117898
longda02,117897
longje01,117893
longjo01,117894
longmto01,117903
longoev01,446334
longry01,117899
longsa01,669674
longsh01,643418
longte01,150239
lookbr01,117905
lookde01,117906
loonebr01,117907
loopeaa01,425475
loopebr01,131702
lopatst01,117910
loperjo01,694388
lopesch01,547173
lopesda01,117912
lopesti01,621005
lopezal02,117913
lopezal03,664670
lopezaq01,425658
lopezar01,117915
lopezar02,445995
lopezau01,117916
lopezca01,117917
lopezfe01,150479
lopezhe01,117918
lopezir01,676761
lopezja01,117919
lopezja02,425657
lopezja03,605346
lopezja04,682052
lopezjo01,430946
lopezjo02,605347
lopezjo03,818438
lopezlu01,117921
lopezlu02,117922
lopezlu03,285132
lopezma01,117923
lopezme01,133741
lopezmi01,214950
lopezni01,670032
lopezot01,672640
lopezpa01,641154
lopezpe01,434601
lopezra01,117920
lopezra02,607257
lopezre01,625643
lopezro01,150438
lopezwi01,446641
lopezyo01,661255
lordbr02,695418
lorenmi01,547179
loretma01,117928
lorraan01,117929
loucksc01,117931
loughda01,518953
loughla01,117935
loundo01,117938
loupaa01,571901
loutory01,702795
louxsh01,400076
lovelri01,663992
lovelva01,117941
lovigja01,117947
lovitjo01,117948
lovripe01,117949
lovulto01,117950
lowderh01,695076
lowebr01,664040
lowede01,117955
lowejo01,666139
lowelmi01,136780
lowema01,450275
lowena01,663993
lowenjo01,117960
lowerde01,434587
lowerte01,117961
lowese01,117957
lowntu01,117962
lowrije01,476704
lowrydw01,117964
lowryno01,430161
lowthza01,675912
loyndmi01,117967
lozadwi01,117968
lubrast01,117969
lucasea01,687922
lucased01,448296
lucasga01,117975
lucasjo02,572998
lucchjo01,664192
luciael01,672773
luciama01,682617
lucrojo01,518960
lucydo01,455113
ludwier01,117984
ludwiry01,407886
luebbla01,117988
luebbst01,117987
luebkco01,458537
luebkdi01,117989
lueckri01,117990
luekejo01,518961
luetglu01,476595
lugoda01,608475
lugoju01,150061
lugoma01,683090
lugoru01,425843
lugose01,607625
lugour01,117992
lukacro01,117994
lukasma01,400081
lukema01,117995
lukesna01,664770
lummi01,117998
lumpeje01,118001
lunahe01,425659
lunarfe01,150298
lundgo01,118004
lundqda01,150326
lundsto01,118008
lunsftr01,408064
luploal01,118011
luplojo01,656669
lusadsc01,118013
lutzdo01,544371
lutzza01,518963
luuloke01,150007
luxga01,666158
luzarje01,666200
luzingr01,118023
lydenmi01,118024
lydysc01,118025
lylesjo01,543475
lylesp01,118026
lynchda02,663738
lynched01,118029
lynchje01,118030
lynnfr01,118040
lynnla01,458681
lyonbr01,407193
lyonsba01,118045
lyonsbi01,118057
lyonscu01,118046
lyonsst01,118053
lyonsty01,544928
lysanri01,118058
lyttlji01,118061
maasdu01,118062
maaske01,118063
mabebo01,118064
mabeuch01,430834
mabryjo01,118065
maccofr01,118067
macdobo01,118069
macdomi01,213680
macfami01,118073
machaal01,425472
machaan01,407785
machaan02,600921
machadi01,553988
machaju01,118078
machake01,118076
machama01,592518
machami01,118077
macharo01,118079
machech01,118080
macheda01,118081
machije01,466948
machivi01,605353
maciadr01,445928
maciajo01,150197
maciejo01,656671
macivwi01,680862
mackape01,118093
mackego01,118095
mackeke01,118096
mackida01,676950
mackoro01,406670
mackost01,118099
mackqu01,118088
macksh01,118090
mackto01,118091
maclaev01,449774
maclebi01,118100
maclilo01,118101
macrasc01,407133
macrima01,459425
macwhke01,118106
maddemi01,118110
maddemo01,118112
maddety01,680744
maddoau01,545348
maddoel01,118116
maddoga01,118117
maddoje01,118118
maddugr01,118120
maddumi01,118121
maderlu01,650347
madissc01,118124
madlobi01,118127
madrial01,118128
madribl01,676632
madribo01,425476
madrini01,663611
madriwa01,444127
madsory01,425492
madurca01,118130
maedake01,628317
maesthe01,118131
magadda01,118132
magalev01,118133
mageewe01,118136
maggidr01,543482
magilma01,543483
magnami01,118141
magnida01,571911
magnuji01,118144
magnutr01,518972
magrajo01,118146
magrato01,118147
magripe01,118148
magruch01,285072
mahafar01,118152
maharke01,458917
mahayro01,118158
mahlbgr01,118160
mahlegr01,657670
mahlemi01,118161
mahleri01,118162
mahlety01,641816
maholpa01,430904
mahompa01,118163
mahonji01,118169
mahonjo01,518977
mahonmi02,150299
mahtomi01,543484
maiermi01,430574
mailelu01,571912
mainejo01,429720
mainesc01,453186
maireos01,342192
majewga01,400008
majewva01,433583
makitka01,628318
makowto01,118183
maksumi01,118184
malasma01,429821
malavjo01,118187
maldoan01,687424
maldoca01,118190
maldoca02,118191
maldoca03,430961
maldoma01,455117
malerji01,118192
malkmbo01,118195
mallebr01,407850
malliro01,118198
mallobo02,118207
malloju02,669234
malloma01,150300
mallosh01,118203
malonch02,118209
malonji01,118216
malonma02,476011
malonse01,118219
malzofr01,118223
manaese01,640455
mancitr01,641820
manesse01,595307
mangima01,518980
manguan01,118230
manguja01,663968
mangupe01,118231
mankoph01,118235
mannbr01,448167
mannich01,425899
mannida01,425857
manniji02,118243
mannima01,818363
manniri01,118246
mannji01,276509
mannke01,118240
manoaal01,666201
manonju01,408249
manonra01,118250
manrifr01,118251
manshje01,453249
mantema01,118256
mantife01,118257
mantijo01,573009
mantlmi01,118258
mantoje01,118259
manueba01,118260
manuech01,118261
manueje01,118262
manuero01,490008
manwaki01,118267
manzajo01,118268
manzaky01,700932
manzara01,118269
manzeto01,446373
mapledi01,596027
marakpa01,118274
marange01,118275
marcatu01,672779
marchra01,665561
marcush01,451788
marenle01,118281
margeni01,676606
margoma01,622534
maricju01,118283
marimsu01,516970
marinjh01,501697
marinro01,676760
mariomi01,592527
marisja01,545350
marisro01,118287
marjami01,605357
markani01,455976
markepa01,571917
marksju01,476123
marksma01,621408
marloca01,687799
marmoca01,461791
marmojo01,592530
maronlo01,118294
maronni01,543488
marotmi01,400077
marqubr01,666622
marquge01,608566
marqugo01,118297
marquis01,118298
marquja01,150302
marquje01,457812
marrech01,502029
marrede01,571918
marreel01,118305
marreor01,118306
marseja01,805300
marshal01,679525
marshbr01,543493
marshbr02,669016
marshda01,118315
marshev01,605359
marshja01,457444
marshji01,118323
marshke01,118318
marshmi01,118320
marshmi02,118319
marshse01,445156
marshto01,118312
marsolo01,453974
marsosa01,430564
marteal01,501245
martean01,429708
marteda01,150122
martefr01,642564
marteje01,527043
martejo01,665896
marteke01,606466
marteke02,517629
martelu01,501687
martelu02,606336
marteno01,682622
martest01,516782
martevi01,469690
marteyu01,628708
martiad01,661309
martial02,118358
martial03,118329
martian01,407823
martian02,682657
martiau01,668885
martibi02,118330
martibr01,656685
martibu01,118369
martica01,118361
martica02,118360
martica03,465593
martica04,593372
martich01,118379
martich02,455119
martico01,592533
martico02,656686
marticr01,450852
martida01,118363
martida02,451075
martida03,663436
martide01,118371
martido02,118364
martied01,118365
martiet01,543495
martife01,118366
martife02,494686
martige01,118354
martigr01,132960
martihe02,118380
martija02,131660
martija03,641829
martijc01,118344
martijd01,455605
martijd02,502110
martije01,118340
martijo04,118370
martijo05,118343
martijo06,118372
martijo07,458155
martijo08,500874
martijp01,679881
martiju01,679885
martiky01,573016
martile01,547982
martilu01,407851
martilu02,446208
martima01,118374
martima02,118373
martimi01,118345
martimi02,492841
martini01,607259
martini02,605361
martino01,118348
martior01,682619
martios01,501954
martipa03,118375
martipe02,118377
martipe03,118376
martira02,118378
martira03,134002
martira04,514669
martire01,118334
martiri01,621006
martiru01,431145
martisa01,118359
martise01,661527
martish01,463017
martisi01,118382
martite01,118383
martiti01,118367
martiti02,118362
martito01,118368
martito02,118353
martivi01,400121
martiwi01,150346
martzga01,118387
martzra01,118388
marveja01,621086
marzajo01,118389
masaoon01,150385
mashocl01,118390
mashoda01,118391
masondo01,118397
masonha01,118399
masonji01,118400
masonmi01,118401
masonro01,118402
massemi02,686681
masseni01,434665
masteda01,118407
masteju01,475416
mastnto01,457826
mastrda01,518991
mastrmi01,670156
matafr01,469097
matavi01,118411
matchto01,118413
mateohe01,400116
mateojo01,622761
mateoju01,421024
mateoju02,462940
mateoma01,456496
mateoru01,150288
matheed01,118416
mathegr01,118417
mathejo02,458628
mathemi01,118414
mathene01,118418
mathete01,118420
mathetj01,118421
mathica01,118424
mathido01,450545
mathije01,425772
mathima01,664029
mathiro01,118425
mathisc01,455949
mathiwy01,621500
matiajo01,118427
matijjj01,656695
matlajo01,118428
matonni01,665155
matonph01,664208
matosfr01,118429
matosju01,408240
matoslu01,275928
matoslu02,682641
matosos01,467683
matospa01,150303
matrada01,429260
matsuda01,493137
matsuhi01,425686
matsuka01,430565
matsuyu01,673513
mattetr01,400111
matthbr01,694728
matthga01,118433
matthga02,150439
matthmi01,150347
matthry01,458919
matthze01,805673
mattido01,118443
mattike01,543503
mattsis01,676755
matulri01,118448
matusbr01,451085
matusle01,118449
matzety01,554431
matzst01,571927
mauerjo01,408045
maurebr01,543506
maureda01,276531
maurero01,118458
mauriro01,677595
mauseti01,118461
maxcybr01,118463
maxiela01,118464
maxvida01,118465
maxwebr01,622194
maxwech01,118466
maxweja01,136603
maxweju01,452239
maxweza01,687209
mayayu01,493337
maybejo01,118480
maybejo02,460055
maybica01,457727
mayca01,118468
mayda01,118470
mayda02,118469
mayde01,118471
maydu01,669160
mayele01,118481
mayerma01,691785
mayermi01,594577
mayfija01,608686
mayja02,594576
mayje01,118473
mayle01,118474
maylu01,461315
maymi01,118476
maynebr01,118490
mayoco01,691723
mayru01,118477
maysc01,118478
maysema01,118496
maysjo01,150222
maysoed01,446474
mayswi01,118495
maytr01,543507
mayzati01,641835
mazalu01,435402
mazarno01,608577
mazeipa01,664850
mazerbi01,118497
mazurad01,800049
mazzach01,607391
mazzavi01,476570
mazzile01,118499
mazzoco01,543508
mcallza01,502083
mcanaer01,118506
mcanaji01,118507
mcandja01,118508
mcandji01,118509
mcanupa01,434582
mcartja01,663704
mcauldi01,118514
mcbeaal01,118518
mcbetma01,455750
mcbriba01,118521
mcbrike01,118525
mcbrima01,434680
mcbrima02,473724
mcbrory01,643436
mccabjo01,118529
mccalbr01,118537
mccalla01,118539
mccamra01,118541
mccanbr01,435263
mccanja02,543510
mccanky01,668832
mccarbr01,435221
mccarda01,118560
mccargr01,118549
mccarja02,664983
mccarjo04,663411
mccarke01,641838
mccarki01,668948
mccarti01,118563
mccarto03,118555
mccaski01,118564
mccatst01,118565
mccauda01,670766
mcclajo01,118571
mcclare01,596035
mcclasc01,133140
mcclash01,663556
mccleky01,449072
mcclell01,118576
mcclemi01,501873
mcclepa01,118574
mccleza01,444886
mcclubo01,118584
mccluse01,425528
mcconsa02,430909
mccoobi01,118591
mccorch01,676801
mccordo01,118592
mccormi03,118598
mccovwi01,118605
mccoyma01,669200
mccoymi01,453454
mccoypa01,519003
mccragr01,687529
mccraqu01,118609
mccraro01,118611
mccrato01,118610
mccread01,607030
mccrobo01,455970
mcculla01,118617
mcculla02,621121
mccurje01,118623
mccusca01,676812
mccutan01,457705
mccutda01,445216
mcdanga01,680729
mcdanli01,118624
mcdante01,118626
mcdavra01,118627
mcderch01,694646
mcdermi03,118630
mcderte01,118633
mcdevda01,118635
mcdilal01,118637
mcdonbe01,118648
mcdonda01,118641
mcdonda02,150021
mcdondo01,150092
mcdonja02,118638
mcdonja03,457428
mcdonjo03,150348
mcdonke01,150461
mcdonmi01,676782
mcdontr01,686790
mcdougi01,118655
mcdouma01,424706
mcdowja01,118656
mcdowod01,118657
mcdowro01,118658
mcdowsa01,118659
mcelrch01,118660
mcenawi01,118665
mcewijo01,136607
mcfadle01,118669
mcfaror01,118678
mcfartj01,519008
mcgafan01,118680
mcgeeea01,668834
mcgeeja01,459429
mcgeewi01,118694
mcgehca01,431171
mcgehke01,118697
mcgilra01,118701
mcginda01,118708
mcginru01,118712
mcglike01,150304
mcgloji01,118717
mcgloly01,118715
mcgousc01,543518
mcgowdu01,430661
mcgowke01,641850
mcgowky01,641851
mcgraky01,657681
mcgrato01,118723
mcgratu01,118724
mcgremi01,700241
mcgresc01,118728
mcgrifr01,118730
mcgrite01,118731
mcguibi01,118741
mcguich01,573027
mcguide02,592547
mcguimi01,118739
mcguire01,624512
mcguiry01,118736
mcgwima01,118743
mchenva01,118749
mchugco01,543521
mcintjo01,118755
mcintti01,118756
mckaybr01,656713
mckayco01,150424
mckayda01,118763
mckayda02,641853
mckeeji02,118768
mckeewa01,118771
mckenmi01,502374
mckenry01,663630
mckentr01,663474
mckeojo01,118779
mckinbi01,641856
mckinri01,118782
mckinza01,656716
mckiran01,605374
mcknije01,118786
mckniji01,118785
mcknito01,150062
mclaide01,118787
mclaima01,680574
mclaubo01,118800
mclauby01,118792
mclaujo01,118798
mcleama01,276373
mcleano01,690997
mclemma01,118808
mclemma02,434642
mclisca01,118811
mclouna01,434661
mcmahdo02,118814
mcmahry01,641857
mcmanji01,118820
mcmatji01,118824
mcmicgr01,118825
mcmilbi01,118831
mcmiljo01,669111
mcmilro01,118828
mcmilto02,118829
mcmulke01,118834
mcmurcr01,118837
mcnalda01,118841
mcnamji01,118844
mcnearu01,118851
mcneeje01,118853
mcneije01,643446
mcnerje01,118855
mcnicbr01,150038
mcnulbi01,118858
mcpheda01,425774
mcpheky01,519015
mcquemi01,118865
mcraeal01,656725
mcraebr01,118871
mcraeha01,118872
mcraeno01,118873
mcreyke01,118875
mcwilla01,118884
meachbo01,118886
meachru01,118887
meadcu01,678554
meadoau01,640457
meadobr01,132785
meadolo01,118891
meadopa01,678009
meadsda01,118893
meansjo01,607644
mearepa01,118897
mearsch01,277407
mearsni01,683232
mechegi01,219194
mecirji01,118898
mecklwa01,685133
meddebr01,430665
medervi01,682989
medicdo01,118900
medicto01,523265
medinad01,658431
medinlu01,118901
medinlu02,665622
medinra01,133241
medinyo01,500721
medlekr01,450665
medvisc01,118903
meekeja01,703231
meekev01,457425
meeleph01,118912
megiltr01,656730
megilty01,656731
meidrch01,805367
meierda01,118915
meisiry01,664682
mejiaad01,606167
mejiaal01,622270
mejiaer01,625510
mejiafr01,642336
mejiahu01,650668
mejiaje01,516769
mejiaje02,650496
mejiaju01,675848
mejiami01,118924
mejiaro01,118926
mejiaro02,118925
mejiasa01,118927
mejiase01,623180
melanma01,453343
melenfr01,118930
melenjo01,118931
melenlu01,118932
melenmj01,669004
melhuad01,282597
melilke01,448590
mellake01,622492
meloajo01,459974
meloju01,150440
meltobi01,118941
meltoja01,689200
meltotr01,675512
melusmi01,136581
melvibo01,118942
melviti01,543532
menacr01,691441
menchke01,407891
mendead01,458657
mendeca01,282565
mendedo01,400148
mendero01,542669
mendeyo01,622795
mendida01,664901
mendoca01,118943
mendolu01,434669
mendoma01,118945
mendomi01,118944
mendomi02,118946
mendora01,118947
menecfr01,236427
menento01,118949
menesjo01,608841
menezco01,669214
mengdda01,596043
menhapa01,118950
menkede01,118951
meoliru01,118956
mercahe01,280059
mercami01,675650
mercaor01,118957
mercaos01,640458
mercehe01,118959
mercejo02,118960
mercejo03,474568
mercelu01,118961
mercema01,118965
merceme01,542235
merceor01,118958
merceye01,606213
merchan01,118966
merckke01,118967
meredcl01,448592
meridro01,118970
merlolo01,134265
merribr01,118973
merrija01,701538
merriji01,118977
merriry01,607320
merriwh01,593160
merryju01,657240
merulma01,118985
mervima01,670223
mesajo01,118986
mesame01,444859
mesavi01,683748
mesorde01,519023
messean01,118990
messera01,434591
messipa01,800048
metcami01,136900
metcato01,118993
metcatr01,445195
metzgbu01,119000
metzgro01,119001
meulehe01,119004
meyeral01,543542
meyerbe02,656738
meyerbo01,119014
meyerbr01,119008
meyerch02,150039
meyerda01,119009
meyerda02,434159
meyerdr01,444348
meyerja01,119011
meyerja02,676694
meyerjo01,119017
meyerma01,676974
meyersc01,119016
meylu01,682825
miadiba01,400082
micelda01,119023
michach01,136422
michage01,119025
michaja01,346859
mickoka01,501874
middlja01,276525
middlke01,641871
middlwi01,519025
mielkga01,119036
mientdo01,137006
mieskma01,119038
mijarjo01,467726
mikkepe01,119041
mikolmi01,571945
milacbo01,119044
milbola01,119047
milchmi01,119048
milesaa01,425446
milesji01,119051
mileymi01,119053
mileywa01,489119
militsa01,119054
milladr01,686452
millafe01,119056
millake01,132788
millean01,453192
millebo03,119110
millebo04,119112
millebo05,818154
millebr01,119059
millebr02,543543
millebr03,675649
millebr04,682243
milleco01,280061
milleda01,119065
milleda02,119064
milledy01,119066
milleed04,119068
milleer01,669062
milleia01,641878
milleja03,460654
milleja04,455687
milleji02,461848
millejo03,119086
millejo04,119083
millejo05,119133
milleju01,277405
milleju02,502522
milleke01,119090
milleke02,119099
milleku01,119092
millela01,119094
millela02,451186
millele01,119096
millema01,400078
millema02,285080
millema03,695243
millemi01,623166
milleno01,119100
milleor01,119101
milleow01,680911
millepa01,119103
millera05,119107
milleri01,119109
millero04,119115
millery01,668943
millesh01,571946
millest01,119121
milletr01,119124
milletr02,119125
millety01,668338
millewa04,150063
millira01,119138
millira02,119134
millsal01,119142
millsal02,621219
millsbr01,119149
millsbr02,502166
millsdi01,119150
millswy01,670090
millwke01,119154
milnebr01,119157
milneed01,119158
milneho01,571948
milnejo01,119159
milonto01,543548
miltoer01,132980
mimbsmi01,119163
minayju01,573668
minchdo01,119166
minchna01,119168
minerza01,435261
minetcr01,119170
mingost01,119171
minorbl01,119175
minorda01,150272
minormi01,501985
minorry01,136861
minosmi01,119176
minshji01,119177
minteaj01,621345
mintogr01,119178
mintzst01,119179
minutgi01,119180
mirabdo01,119182
mirabpa01,119181
miranan01,119183
miranar01,664641
miranjo01,669304
miranju01,506673
mischpa01,435619
misiean01,664948
misioja01,694819
misneka01,670224
misurmi01,119186
mitchbo02,119203
mitchbo03,119202
mitchbr01,571951
mitchca01,668751
mitchch01,119188
mitchcr01,119190
mitchdj01,543551
mitchga01,669003
mitchjo02,119193
mitchke01,119195
mitchke02,119194
mitchla01,119196
mitchpa01,119200
mitchru01,452199
mitrese01,429901
mittege01,119206
mizeca01,663554
mizelvi01,119208
mizerjo01,119209
mlb529017,529017
mlb642376,642376
mlb657675,657675
mlb660710,660710
mlb662144,662144
mlb663494,663494
mlb663884,663884
mlb667652,667652
mlb668831,668831
mlb669298,669298
mlb669310,669310
mlb669360,669360
mlb669384,669384
mlb669899,669899
mlb670062,670062
mlb670245,670245
mlb671155,671155
mlb671382,671382
mlb671936,671936
mlb672021,672021
mlb672442,672442
mlb672613,672613
mlb672629,672629
mlb672960,672960
mlb674073,674073
mlb675448,675448
mlb675660,675660
mlb675920,675920
mlb676454,676454
mlb676566,676566
mlb676620,676620
mlb676910,676910
mlb678218,678218
mlb678576,678576
mlb678577,678577
mlb678760,678760
mlb678868,678868
mlb680664,680664
mlb680802,680802
mlb680899,680899
mlb680916,680916
mlb681047,681047
mlb681084,681084
mlb681198,681198
mlb681230,681230
mlb681252,681252
mlb681320,681320
mlb681520,681520
mlb681544,681544
mlb681973,681973
mlb682445,682445
mlb682608,682608
mlb682674,682674
mlb682769,682769
mlb682818,682818
mlb682877,682877
mlb682982,682982
mlb682987,682987
mlb683000,683000
mlb683079,683079
mlb683352,683352
mlb683363,683363
mlb683679,683679
mlb683742,683742
mlb683953,683953
mlb684049,684049
mlb684442,684442
mlb684516,684516
mlb684665,684665
mlb685112,685112
mlb685464,685464
mlb686560,686560
mlb686628,686628
mlb686678,686678
mlb686934,686934
mlb687060,687060
mlb687239,687239
mlb687273,687273
mlb687282,687282
mlb687309,687309
mlb687312,687312
mlb687394,687394
mlb687531,687531
mlb687562,687562
mlb687570,687570
mlb687605,687605
mlb687721,687721
mlb687749,687749
mlb687941,687941
mlb687985,687985
mlb688692,688692
mlb688883,688883
mlb689149,689149
mlb689296,689296
mlb689441,689441
mlb689546,689546
mlb689818,689818
mlb690155,690155
mlb690279,690279
mlb690440,690440
mlb690978,690978
mlb691002,691002
mlb691008,691008
mlb691181,691181
mlb691277,691277
mlb691384,691384
mlb691458,691458
mlb691620,691620
mlb691725,691725
mlb691740,691740
mlb691788,691788
mlb691858,691858
mlb691945,691945
mlb691946,691946
mlb692437,692437
mlb693306,693306
mlb693308,693308
mlb693459,693459
mlb693686,693686
mlb693713,693713
mlb694025,694025
mlb694197,694197
mlb694224,694224
mlb694249,694249
mlb694341,694341
mlb694346,694346
mlb694357,694357
mlb694360,694360
mlb694371,694371
mlb694378,694378
mlb694397,694397
mlb694410,694410
mlb694494,694494
mlb694514,694514
mlb694673,694673
mlb694680,694680
mlb694753,694753
mlb694795,694795
mlb694820,694820
mlb694876,694876
mlb695001,695001
mlb695020,695020
mlb695034,695034
mlb695049,695049
mlb695239,695239
mlb695378,695378
mlb695380,695380
mlb695490,695490
mlb695491,695491
mlb695508,695508
mlb695611,695611
mlb695684,695684
mlb695720,695720
mlb695731,695731
mlb696062,696062
mlb696070,696070
mlb696135,696135
mlb696146,696146
mlb696519,696519
mlb696522,696522
mlb697811,697811
mlb699008,699008
mlb699013,699013
mlb699024,699024
mlb699044,699044
mlb699115,699115
mlb699151,699151
mlb699302,699302
mlb699393,699393
mlb699823,699823
mlb699912,699912
mlb700327,700327
mlb700413,700413
mlb700652,700652
mlb700712,700712
mlb700842,700842
mlb701162,701162
mlb701474,701474
mlb701649,701649
mlb701678,701678
mlb701719,701719
mlb701780,701780
mlb701785,701785
mlb701807,701807
mlb701852,701852
mlb702021,702021
mlb702047,702047
mlb702153,702153
mlb702193,702193
mlb702222,702222
mlb702273,702273
mlb702275,702275
mlb702281,702281
mlb702303,702303
mlb702474,702474
mlb702566,702566
mlb702885,702885
mlb703155,703155
mlb703197,703197
mlb703492,703492
mlb703520,703520
mlb703601,703601
mlb703607,703607
mlb703615,703615
mlb703725,703725
mlb800325,800325
mlb800543,800543
mlb800600,800600
mlb801126,801126
mlb801501,801501
mlb801725,801725
mlb802139,802139
mlb802408,802408
mlb803011,803011
mlb804267,804267
mlb804606,804606
mlb804619,804619
mlb804926,804926
mlb805074,805074
mlb805326,805326
mlb805345,805345
mlb805346,805346
mlb805347,805347
mlb805672,805672
mlb805805,805805
mlb805808,805808
mlb805999,805999
mlb806068,806068
mlb806146,806146
mlb806198,806198
mlb806367,806367
mlb806956,806956
mlb807726,807726
mlb807727,807727
mlb807739,807739
mlb807743,807743
mlb807747,807747
mlb808825,808825
mlb808959,808959
mlb808970,808970
mlb811315,811315
mlb811965,811965
mlb813841,813841
mlb814154,814154
mlb814305,814305
mlb814430,814430
mlb814439,814439
mlb814490,814490
mlb815081,815081
mlb815589,815589
mlb815873,815873
mlb823550,823550
mlb828599,828599
mlb837227,837227
mlickda01,119211
mlodzca01,669387
mmahake01,119212
moateda01,119213
mockga01,452241
moehlbr01,119215
moellch01,150224
moellde01,119217
moelljo01,119218
moellro01,119219
moffira01,119222
moforhe01,119223
mohlemi01,119228
mohorda01,119229
mohrdu01,407380
molinan01,683627
molinbe01,134260
molinbo01,119235
molinga01,150023
molingu01,435238
moliniz01,119234
molinjo01,150040
molinya01,425877
molitpa01,119236
molledu01,451783
mollsa01,594580
molonri01,119239
monahsh01,136265
monasan01,655316
monasca01,467856
monbobi01,119243
moncayo01,660162
moncrca01,519037
mondari01,119246
mondera01,119247
mondera02,609275
mondona01,670148
moneljo01,476192
moneydo01,119248
mongesi01,119249
moniami01,666160
monrocr01,407155
monrola01,119253
montafr01,593423
montajo01,119256
montalu01,428642
montara01,119257
montawi01,119258
monteag01,430903
monteau01,119259
montebr01,656755
montech01,801216
monteco01,663796
monteel01,660707
monteje01,524968
montejo01,119261
monteke01,672456
montema01,119262
montemi01,471083
montepa01,687287
montera01,606160
monteri01,119263
montgbo01,119269
montgco01,695657
montgje01,119266
montgjo01,656756
montgma01,682254
montgmi01,543557
montgmo01,119267
montgra01,119268
montgst01,119270
montoch01,119271
montral01,119272
montzlu01,452215
monzara01,119273
monzoda01,119274
moockjo01,119275
moodyer01,119276
moonebi01,119281
moonwa01,119279
mooread01,446192
moorean02,621058
moorear01,119285
mooreba01,119316
mooreba02,119286
moorebi03,119326
moorebo01,119317
moorebo02,119318
moorebr01,119287
moorech02,119290
moorech03,695681
mooredo01,119292
mooredy01,664238
moorega01,119298
mooreja01,119302
mooreje02,489135
mooreju01,119283
mooreke01,119308
mooreke02,119309
moorema01,119311
moorema02,519043
mooremc01,686842
mooremi01,119313
moorera02,119315
mooresc02,445599
mooreto01,119321
mooretr01,134340
moorety01,489138
moorhbo01,119328
moosebo01,119329
moraan01,119331
moragda01,292139
moralfr01,462985
moralfr02,672839
moralje01,119333
moraljo01,119332
moraljo02,458643
moralke01,434778
morallu01,806960
moralos01,591672
moralri01,119334
moralwi01,150425
morame01,206551
moranal01,119342
moranbi02,119346
moranbi03,119336
moranbr01,572383
moranco01,592567
moranjo01,663558
moranmi01,119347
morbajo01,425660
mordemi01,119348
morehda01,119351
morehse01,119352
morejad01,670970
morelbr01,543569
morelch01,666624
morelke01,119355
morelmi01,519048
morelra01,119354
morenan01,119358
morendi01,514981
morened01,430650
morenga01,672515
morenjo01,119359
morenju02,276539
morenom01,119361
morenor01,150205
moretda01,664294
moretro01,119362
morgaad01,605388
morgada01,688158
morgael01,669212
morgajo01,119372
morgajo02,119371
morgake01,119373
morgami01,119374
morgany01,460579
morgato01,119377
morhamo01,119380
moriami01,150225
morilju01,434623
morilju02,666661
morimsh01,596049
morinmi01,573046
morlajo01,119385
mormaal01,119387
mormaru01,119388
morneju01,408047
morofma01,621559
morogda01,119389
moronje01,119391
moronre01,606625
morriaj01,571963
morriak01,592570
morribr01,457768
morrico01,663752
morrida01,119394
morriha02,119406
morrija02,119399
morriji01,119408
morriji02,818040
morrijo06,119400
morrijo07,119398
morrilo01,489149
morrima01,119403
morriwa02,150255
morrobr01,453344
morsemi01,434604
mortecl01,489150
mortobu01,119429
mortoca01,119423
mortoch02,450203
mortoco01,451803
mortoke01,119427
morynwa01,119430
moschro01,119431
moscogu01,446861
moscojo01,621209
mosebll01,119432
mosebro01,458595
moseldu01,400291
mosesje01,119436
mosesjo01,119437
moskapa01,119439
moskoda01,446290
mosquju01,119442
mossbr01,461235
mossda01,150305
mossido01,119448
motaan01,119451
motada01,150226
motagu01,150407
motajo01,119452
motama01,119453
motleda01,119454
motteja01,435400
motteta01,600301
mottoch01,119456
mottocu01,119457
mouncto01,429481
mountry01,663624
moustmi01,519058
moutoja01,119463
moutoly01,119464
moyaga01,622382
moyast01,570615
moyerja01,119469
moylape01,493247
muckeza01,669105
mudroph01,119472
muellbi02,119482
muellwi01,119480
muffebi01,119483
mujiced01,465629
mujicjo01,620445
muldema01,150426
mulhote01,119488
mulleco01,571969
mulleky01,666205
mullesc01,150206
mullice01,656775
mullifr01,119507
mulligr01,150078
mullira01,119506
mullise01,119501
mulveke01,453381
mumphje01,119511
muncyma01,571970
muncyma02,691777
munizca01,444370
munizma01,119519
munnisc01,119521
munoda01,594940
munozan01,662253
munozar01,408097
munozbo01,119528
munozjo01,119523
munozmi01,119525
munozno01,477510
munozos01,119524
munozpe01,119527
munozro01,682610
munozro02,691548
munozya01,622168
munrope01,133729
munsoer01,276347
munsoth01,119531
muntesc01,434639
murakma01,119534
murast01,119533
muratto01,538506
murcebo01,119535
murdono01,668716
murfepe01,682171
murphbi01,119574
murphbi02,430889
murphch01,669684
murphda04,119547
murphda05,119545
murphda06,119549
murphda07,461815
murphda08,502517
murphdo01,430906
murphdw01,119551
murphjr01,571974
murphpa02,641907
murphro01,119569
murphse01,669221
murphto02,119572
murphto03,408209
murphto04,608596
murraaj01,451262
murraca01,150273
murraco01,605396
murrada01,119578
murrada02,150240
murraed02,119579
murragl01,119582
murrahe01,119583
murraja01,681151
murrala01,119590
murrama01,119591
murrari01,119594
murreiv01,119598
murtoma01,444875
muserto01,119600
musgrde01,119601
musgrha01,643466
musgrjo01,605397
mushipa01,656786
musiast01,119602
musseje01,119603
mussene01,461377
mussero01,119604
mussimi01,119608
mutisje01,119610
muzzisi01,665922
myersbr01,408206
myersda01,667472
myersgr01,119616
myersji01,119621
myersmi01,119624
myersra01,119626
myersro01,119629
myersro02,119628
myersto01,668964
myerswi01,571976
myettaa01,150329
myricbo01,119631
myrowbr01,434703
nabhoch01,119632
nadyxa01,294558
naehrti01,119634
nagelru01,119637
nageocl01,425788
nagych01,119640
nagymi01,119641
nahorbi01,119644
naileja01,664942
nakammi01,425781
nakamno01,435518
nancesh01,424585
nanceto01,667297
napolda01,119650
napolmi01,435063
naquity01,571980
naragha01,119651
nardian01,677053
narroje01,119655
narrosa02,433897
narumbu01,119657
narvaca01,665966
narvaom01,553882
narvech01,429780
nashco01,119658
nashji01,119659
nastrni01,680897
nastuph01,119662
natalro01,119663
nathajo01,150274
natiojo01,349192
naughpa01,676050
naultda01,119665
navada01,537953
navarbr01,640459
navardi01,425900
navared01,679346
navaref01,519068
navarja01,119667
navarju01,119668
navaros01,464281
navarre01,519071
navarti01,119669
navarya01,501605
naylobo01,666310
naylojo01,647304
neaglde01,119673
nealbl01,346862
nealch01,119675
nealth01,489166
nealza01,594943
neeltr01,119682
neelyja01,680891
neemaca01,119683
negrokr01,502117
neibaga01,119688
neideni01,663734
neidlji01,119689
neigeal01,119690
neillmi01,136261
nelsobr01,408107
nelsobr02,434525
nelsoch01,455126
nelsoda01,119699
nelsoge01,119715
nelsoja01,119703
nelsoje01,119704
nelsoji01,119702
nelsoji02,519076
nelsojo01,406874
nelsojo02,449448
nelsoky01,669459
nelsome01,119708
nelsoni01,656793
nelsori01,119710
nelsoro01,119701
nelsoro02,119713
nelsoro03,119711
nelsory01,669194
nendi01,119717
nenro01,119718
nerishe01,593576
nesbian01,553970
neshepa01,450212
netoza01,687263
nettlgr01,119720
nettlji01,119721
nettlmo01,119722
neugeni01,400302
neumeda01,119727
neumi01,407915
neusesh01,641914
neverdo01,596720
nevinph01,119732
nevinty01,663527
newbeja01,623470
newcodo01,119733
newcose01,656794
newelto01,119736
newfima01,119737
newhada01,209315
newhado01,119738
newmaal01,119743
newmaal02,150141
newmafr01,119745
newmaje01,119746
newmajo01,456682
newmake01,621028
newmara01,119747
newsolj01,664714
newsowa01,119752
ngoepgi01,547912
nicasju01,504379
nichobr01,592592
nichoca01,119760
nichoch02,119762
nichoda01,119769
nichoke01,150441
nichore01,119768
nichoro02,119766
nichtch01,119775
nickemi01,435081
nickldo01,276518
nicolju01,592593
nicolky01,693312
nicosst01,119778
nidoto01,621512
niedda01,119780
niedeto01,119781
niekrjo01,119785
niekrla01,408067
niekrph01,119786
nielsje01,119787
nielssc01,119788
niemabo01,119791
niemaje01,435298
niemara01,119792
niesejo01,477003
niesoch01,119795
nietoad01,543589
nietoto01,119796
nieuwki01,543590
nievefe01,430588
nievejo01,136303
nieveju01,119797
nieveme01,119798
nievewi01,408242
nifu01,547820
nikhado01,680951
nilssda01,119804
nimmobr01,607043
nippeal01,119805
nippedu01,430962
nippeme01,119806
nischro01,119807
nishits01,457292
nitkocj01,119809
nittovi01,657697
nivarra01,429709
nixja01,434624
nixja02,656798
nixla01,425556
nixondo01,119813
nixonot01,119812
nixonru01,119814
nixontr01,119811
noboaju01,119817
nocepa01,119818
nodary01,676116
noeljh01,678877
noelri01,592596
noesihe01,456051
nogosst01,668665
nogowjo01,596056
nokesma01,119820
nolaaa01,605400
nolaau01,543592
nolanga01,119822
nolanjo01,119823
nolasri01,445060
nolddi01,119824
nolesdi01,119825
nolinse01,543594
nollja01,669738
nolteer01,119826
nomohi01,119827
nomurta01,408110
noonani01,519082
nootbla01,663457
norbejo01,467099
norbyco01,681393
nordbti01,119831
nordhwa01,119832
norenir01,119834
noriejo01,119835
normada01,119836
normafr01,119837
normale01,119839
normane01,119840
norribu01,502032
norrida01,596057
norride01,519083
norriji01,119841
norrimi01,119843
northaa01,573062
northbi01,119845
northji01,119850
northsc01,119848
nortogr01,119853
nortoph01,150041
nortoto01,119854
norwoja01,656803
norwowi01,119855
nosekra01,119856
nossejo01,119857
nottedo01,119858
nottija01,641924
novaiv01,467100
novoara01,119861
novoaro01,430604
nunezab01,119865
nunezab02,346863
nunezda01,628345
nunezde01,673380
nunezdo01,624513
nunezed01,119866
nunezed02,456488
nunezed03,674384
nunezfr01,400066
nunezjh01,471919
nunezjo01,119867
nunezjo02,400308
nunezle01,434663
nunezna01,683083
nunezre01,600524
nunezvl01,136727
nunnajo01,119869
nunnata01,277418
nunnho01,119868
nunovi01,573064
nuxhajo01,119872
nyeri01,119874
nyery01,119875
nymanch01,119876
nymanje01,119877
nymanny01,119878
oakstr01,656805
oatesjo01,119881
obandsh01,119882
oberba01,641927
obergsc01,623184
oberhbr01,519085
oberkke01,119884
obermwe01,425286
oberrmi01,119887
obradji01,119888
obriebo01,119905
obriech01,119889
obrieda03,119890
obriepe03,119903
obriepe04,598284
obrieri01,676617
obriesy01,119906
ochoaal01,119913
ochoaiv01,430649
oconnbr01,150256
oconnda02,119916
oconnja02,119924
oconnmi01,456585
odayda01,503285
odellbi01,119931
odombl01,119935
odomjo01,641929
odonojo01,119939
odonojo02,119940
odorija01,543606
odorro01,596059
oelkebr01,119943
oeltjtr01,469721
oestero01,119946
offerjo01,119948
officro01,119949
oflaher01,447714
ogandal01,468396
ogandcr01,642657
ogandne01,596331
ogasash01,829272
ogeach01,119952
oglivbe01,119954
ogradbr01,657434
ogradch01,622217
ohallgr01,119958
ohearry01,656811
ohkato01,219594
ohlenro01,456027
ohlmami01,572000
ohlpi01,701487
ohmanwi01,349193
ohmeke01,150227
ohopplo01,681351
ohse01,493200
ohtansh01,660271
ojalaki01,119963
ojedaau01,324432
ojedabo01,119964
ojedami01,425864
okajihi01,506606
okeefbr01,657247
okertst01,595345
okeych01,608360
olandji01,119967
oldisbo01,119971
oleartr01,119975
olerujo01,119976
olinst01,119978
olivaed01,119981
olivaed02,658668
olivaja01,666931
olivajo01,119979
olivaom01,119982
olivato01,119980
oliveal01,119983
olivean01,501989
olivebo01,119989
oliveda01,119985
oliveda02,119984
olivefr01,119991
olivege01,119986
olivehe01,493343
olivejo01,119987
olivele01,500902
olivena01,119988
olivoch01,119993
olivodi01,119992
olivomi01,400018
ollerad01,670124
ollomji01,119994
olmedra01,408232
olmosed01,543607
olmstal01,119997
olougja01,672552
olsenke01,407485
olsensc01,435179
olsonga01,457796
olsongr01,120002
olsongr02,120003
olsonma02,621566
olsonre01,681857
olsonti01,425633
olsonty01,621397
oltmi01,592609
olwined01,120008
omallry01,456133
omallsh01,502523
omallto01,120009
omogrbr01,476134
onajo01,671250
ondrulo01,446185
onealra01,120014
oneilpa01,120028
oneilty01,641933
ontivst01,120037
ontivst02,120036
oquenjo01,120038
oquismi01,120039
ordazlu01,120042
ordonma01,120044
ordonre01,120045
orfna01,644337
orieke01,120047
oriledo01,120048
orlanpa01,449181
orneljo01,680716
ornelti01,672359
oropeed01,400280
oroscje01,120051
orourry01,594951
orrpe01,434681
orsinjo01,120067
orsuljo01,120068
ortajo01,120069
ortegan01,471162
ortegbi01,400108
ortegjo01,514639
ortegol01,661383
ortegph01,120070
ortegra01,542364
ortenfr01,120071
ortizda01,120074
ortizda02,543611
ortizhe01,136582
ortizja01,120075
ortizjo01,120076
ortizjo02,276515
ortizjo05,517451
ortizjo06,687401
ortizju01,120073
ortizlu01,120077
ortizlu02,656814
ortizlu03,682847
ortizra01,150009
ortizru01,133460
ortka01,672391
ortmeda01,430931
ortonjo01,120080
orvelch01,435378
orzeer01,679358
osborbo02,120088
osbordo01,120085
osboroz01,120082
osburpa01,120090
osichjo01,592612
osikke01,120092
osinsda01,120093
osorifr01,434701
osteecl01,120095
osteeda01,120097
ostinji01,275701
ostrobr01,120103
osullse01,457711
osunaal01,120106
osunaal02,696030
osunaan01,120107
osunajo01,591741
osunaro01,532077
oswalco01,621261
oswalro01,400061
otanemi01,671305
otanewi01,136400
oteroda01,519096
oterori01,120109
otisam01,120111
otoolde01,120114
otoolji01,120115
otsukak01,430788
ottavad01,493603
ottbi01,120119
otted01,120118
ottenji01,120120
ottoda01,120123
ottogl01,657248
ouellph01,120124
outmaja01,681546
outmajo01,489189
overbly01,407489
overtco01,656818
overtdi01,592614
overymi01,120130
oviedjo01,670912
oviedlu01,665854
owchibo01,120132
owenda01,120134
owenhu01,670462
owenla01,120136
owenser01,120140
owenshe01,452291
owenshe02,596064
owensja02,120139
owensje01,435539
owensji01,120143
owensp01,120138
owensru01,502168
owensty01,687074
owingch01,572008
owingmi01,452249
ownberi01,120145
oxsprch01,430684
oylerra01,120148
ozunama01,542303
ozunapa01,150367
paceljo01,120152
pacheal01,120153
pachecr01,665506
pachejo01,457574
pacilpa01,120154
pacioji01,120155
paciojo01,120156
pacioto01,120157
pactwjo01,120160
paddach01,663978
padiljo01,407786
padilju01,433677
padilni01,656820
padilvi01,218894
padloke01,656821
paepkde01,120166
paganan01,434636
paganda01,120168
paganem01,641941
paganjo01,120169
pagelka01,120176
pagemi01,120171
pagemi02,120172
pagesan01,681624
pagespe01,817887
pagliji01,120177
paglimi01,120178
pagnoma01,431166
pagnoto01,120179
paigesa01,120181
paintla01,120183
palacje01,650339
palacjo01,641943
palacre01,120184
palacri01,680700
palacvi01,120185
palenda01,694037
palisja01,669449
palkada01,594953
pallaan01,669467
palldo01,120188
palmeda01,120193
palmede01,120194
palmeji01,120196
palmelo01,120197
palmema01,461212
palmeor01,120190
palmera01,120191
palmqca01,687223
palmqed01,120200
palumjo01,643478
paniajo01,120202
panikjo01,605412
pankoji01,120203
pannoth01,623381
panthji01,120204
papajo01,120205
papeke01,120207
papeljo01,449097
papiemi01,657709
papist01,120209
pappaer01,120212
pappami01,120213
paquecr01,120214
pardoal01,120215
pareded01,622161
pareded02,487675
pareden01,660600
paredis01,670623
paredji01,517370
paredjo01,120216
parenma01,120218
pariske01,120219
parisky01,677347
parismi01,449157
parkby01,666560
parkch01,120221
parkebi01,120235
parkebl01,453284
parkech01,150409
parkecl01,120230
parkeda01,120225
parkeha01,120229
parkeja02,519105
parkeja03,592620
parkeky01,592621
parkemi01,680730
parkeri01,120233
parkewe01,120232
parkho01,660829
parksde01,120238
parmech01,476633
parmlia01,622210
parnebo01,458730
paronch01,406301
parquji01,133220
parrage01,467827
parrajo01,120244
parrama01,448159
parreje01,120245
parrian01,519107
parrijo01,332292
parrila01,120249
parrila02,120248
parrisa01,120246
parrist01,120247
parrja01,444970
parromi01,120250
parsobi01,120259
parsoca01,120254
parsoto01,120258
parsowe01,641149
partccu01,489197
paschbi01,120265
pascuca02,120266
pascuva01,407831
pashnla01,120269
pasleke01,120271
pasquda01,120272
pasquvi01,686469
pastocl01,120277
pastofr01,120275
pastoty01,543629
patebo01,120279
patekfr01,120280
paterjo01,519110
patinlu01,672715
patribr01,132940
patrich01,694477
pattebo01,120297
patteco01,279913
patteda02,120286
patteda03,120287
patteda04,120285
patteer01,452221
pattegi01,120288
patteja01,283169
patteje01,120291
pattejo01,120292
pattejo02,279568
pattejo03,641958
patteke01,120293
pattemi01,120295
pattere01,120296
pattere02,572017
pattesc01,456499
pattima01,120300
pattoda01,456029
pattosp01,607359
pattotr01,461856
pauleda01,456102
paulegr01,688363
paulida01,600944
paulife01,462956
pauliro01,425661
pauljo01,150331
paulmi01,120308
paulsbe01,572019
paulxa01,449082
pavanca01,134321
pavlada01,120313
pavledo01,120314
pavliro01,120315
pawlojo01,120318
paxtoja01,572020
paxtomi01,120319
payamjo01,606303
payanpe01,622797
paynemi01,120323
paynety01,665066
paytoja01,134341
paytoma01,592622
pazikmi01,120325
pazosja01,572021
peacobr01,502748
peacoma01,676840
pearcjo01,407870
pearcst01,456665
pearsal02,120336
pearsja01,421983
pearsna01,663878
pearste01,408195
peavyja01,408241
pecotbi01,120345
pederjo01,592626
pederst01,120347
pedrejo01,120348
pedrial01,120349
pedrodu01,456030
pegueca01,451713
pegueel01,665625
peguefr01,501317
pegueja01,460639
peguejo01,666711
pegueju01,120357
pegueli01,678894
peguest01,120358
pelaeal01,408475
pelfrmi01,460059
pelhacd01,641962
pelloki01,408227
peltida01,120363
pembebr01,120366
pembeda01,424926
pemberu01,120367
penaal01,120369
penaan01,136723
penaar01,516414
penabe01,120368
penabr01,430910
penaca01,150289
penael01,341392
penafe01,570240
penafr01,506747
penage01,120371
penahi01,120372
penaje01,227494
penaje02,665161
penaji01,120373
penajo01,120374
penaju01,150170
penaor01,120375
penara01,120376
penara02,455369
penaro01,120377
penato01,120370
penato02,430640
penato03,430963
penawi01,276377
pencehu01,452254
pendlji01,120380
pendlla01,459983
pendlte01,120381
pennha01,435140
pennibr01,120384
pennicl01,460060
penniwa01,679156
pennsh01,120382
pennybr01,207267
pennywi01,120387
penroza01,683068
pentzge01,120389
pepiory01,686752
pepitjo01,120391
peppedo01,120394
peralda01,444482
peralfr01,642547
peraljh01,425509
peraljo01,407908
perallu01,678821
peralsa01,671111
peralwa01,593974
peralwi01,503449
perazjo01,606299
perazlu01,120399
perazos01,120400
perazos02,672724
percitr01,120401
percoja01,120402
perdoan01,622780
perdoge01,672695
perdolu01,466412
perdolu02,606131
peredjh01,640902
pereiev01,677592
perezan01,407815
perezau01,542233
perezbe01,425558
perezca01,120405
perezca02,542208
perezca03,656024
perezch01,453198
perezci01,672335
perezda01,120406
perezed01,120408
perezed02,120407
perezeu01,516811
perezeu02,691587
perezfe01,445010
perezfr01,660906
perezhe01,541650
perezhe02,660431
perezjo01,817786
perezju01,448722
perezju02,543633
perezlu01,469802
perezma01,120410
perezma02,527048
perezme01,120411
perezmi01,120412
perezmi02,430952
perezmi03,605421
perezne01,120413
perezod01,136602
perezol01,424144
perezpa01,120414
perezra01,460370
perezro01,120415
perezro02,547379
perezsa01,150080
perezsa02,521692
perezti01,340392
perezto01,120404
perezto02,120418
perezto03,120416
perezwe01,672761
perezwi01,554234
perezye01,570639
perezyo01,120417
perisma01,120419
perkibl01,663368
perkibr01,120420
perkica01,573088
perkice01,120421
perkida01,150228
perkigl01,450282
perkija01,678022
perlmjo01,120426
perlosa01,120427
perraro01,120430
perrybo02,120443
perrych01,334092
perryga01,120438
perryge01,120439
perryhe01,120440
perryja01,434634
perryji01,120442
perrypa02,120445
perryry01,543634
persoro01,120447
perzast01,120449
pestavi01,502260
petagro01,120451
peterad01,120463
peterad02,433594
peterbr01,519128
peterbr02,453857
peterca01,120465
peterch01,120454
peterch02,150051
peterda01,656849
peterdi01,596071
peterdj01,656847
peterdu01,640460
peterfr01,120466
peterga01,120455
peterja01,607054
peterje01,120452
peterky01,150081
petermi01,656848
peterra01,120459
peterri01,120460
petersh01,451089
peterst01,120462
peterti01,623402
petertr01,671976
petitgr01,463610
petityu01,433589
petkoma01,120472
petrage01,120474
petribe01,150052
petribi01,459336
petrija01,502593
petrori01,120475
petryda01,120476
pettian01,120485
pettich01,501941
pettiga01,120481
pettija01,120478
pettijo01,120480
pettijo02,543643
pettyad01,282562
pettych02,695534
peveyma01,120488
pfaadbr01,694297
pfeilbo01,120495
pfistda01,120497
phamth01,502054
phegljo01,572033
phelpco01,543647
phelpda01,475479
phelpjo01,150482
phelpke01,120508
phelpto01,425882
phelptr01,400127
phillad01,120512
phillan01,425429
phillbr01,408252
phillbr02,621433
phillbu02,120520
phillco01,683175
phillda01,120510
philldi01,120526
philled03,120525
phillev01,623465
phillhe01,457495
phillja03,150259
phillja04,282993
philljr01,120514
phillky01,444351
phillmi01,120524
phillpa01,150207
phillta01,120530
phillto02,120522
phillty01,663969
phillza01,452061
phippde01,464426
phoebto01,120531
phoenst01,120532
piattad01,276516
piattdo01,120534
piazzmi01,120536
picciro01,120537
pichahi01,120539
pichero01,120540
pickeca01,136730
pickeri01,132240
pickfke01,150260
picoje01,120551
piedrjo01,430621
piefe01,429712
piercbi02,120562
pierced01,120555
piercja01,120558
piercje01,120557
piercto01,120561
pierrju01,334393
piersch01,407073
piersji01,120568
pierzaj01,150229
pignaca01,450320
pignajo01,120574
pilaral01,120579
pilkiko01,663455
pillake01,607680
pillbr01,489209
pillty01,543652
pimenst01,516935
pinaho01,120584
pinama01,444489
pinaro01,673820
pindebr01,572038
pindech01,640461
pinedis01,672832
pinedlu01,400079
pinedmi01,501381
pineijo01,334492
pinielo01,120586
pinoyo01,464416
pinsova01,120590
pintajo01,702752
pintojo01,500887
pintore01,430594
pintore02,650907
pintori01,620982
pintri01,666207
pireljo01,517369
pirklgr01,120597
pirtlge01,120598
piscima01,120599
piscost01,572039
pisonji01,120600
pitlosk01,120603
pittach01,120604
pittmjo01,120607
pittsga01,120608
pittsji01,120609
pivetni01,601713
pizarju01,120612
pladsgo01,120613
planked02,120615
planter01,120617
plantph01,120618
plaskel01,120620
plassmi01,674681
plaweke01,608700
pleisbi01,120623
plesada01,120624
plesaza01,668676
ploditi01,120629
plouftr01,461858
plummbi01,120630
plummni01,663911
plunker01,120631
plutkad01,592644
plympje01,120632
pocheco01,621363
pocorbi01,120634
podrejo01,120637
podsesc01,325392
poeppmi01,120638
poffjo01,120641
pointaa01,120645
polangr01,570256
polanjo01,593871
polanpl01,135784
polcoke01,120648
poledi01,120649
polidgu01,120651
politcl01,131700
polleda01,120654
polloaj01,572041
polonjo01,120657
polonlu01,120658
pomerdr01,519141
pomerst01,456421
pompeda01,592647
ponceca01,120660
ponceco01,664074
ponceda01,594965
pondsi01,430561
ponsosi01,132260
pooleji02,120666
popeau01,687166
popovpa01,120671
poppese01,664092
popza01,647315
poqueto01,120674
porceri01,519144
poredaa01,519145
portebo02,120686
portebo03,216694
portech01,120676
porteco01,429421
porteda02,120678
portelo01,682515
portoar01,120689
portuma01,120690
porzimi01,150053
posadjo01,120691
posadle01,120692
posesc01,120693
poseybu01,457763
postwa01,120699
poteeco01,547001
potelo01,150010
pottemi01,120702
pottsmi01,120706
poulipj01,676571
poulske01,120708
poundbr01,572044
povicca01,700249
povsema01,605428
powelal01,120710
powelbo01,120719
powelbo02,621471
powelbr01,150064
powelda01,120720
powelde01,120713
powelgr01,120714
powelho01,120715
powelja04,120717
powelje01,136262
powella01,445169
powelpa01,120722
powelro01,120726
powerjo01,120733
powerte01,120728
powervi01,120730
poynebo01,596074
pozoar01,120739
pozoyo01,650968
pradoma01,445988
prallwi01,120740
prattan01,407892
prattni01,668472
prattto02,120747
pregejo01,120748
prescbo01,120753
preslal01,502100
preslji01,120755
pressry01,519151
pricebr01,458669
priceda01,456034
priceji01,120758
pricejo02,120761
priddbo01,120765
pridecu01,120766
pridija01,445095
priesed01,133222
priesqu01,682990
prietal01,282587
prietar01,120768
prietce01,693409
prietch01,408076
princdo01,120770
princjo01,572389
princto01,120771
prinzbr01,400092
priorma01,407578
pritcch01,120774
proctfo01,665154
proctsc01,429984
profaju01,595777
prokolu01,150389
prolymi01,120778
pruitau01,643493
pruitro01,120787
pryorgr01,120788
pryorst01,543668
puckeki01,120790
puellce01,527049
puentmi01,120792
puffebr01,407836
pughti01,120793
puhlte01,120795
puigri01,120796
puigya01,624577
pujolal01,405395
pujollu01,120797
pukaj01,640462
puleoch01,120798
pulidal01,120799
pulidca01,120800
pulliha01,120801
pulsibi01,120802
puntoni01,346857
purceda01,453515
purdijo01,120805
purkebo01,120807
purkema01,545357
putkolu01,446367
putmaed01,120811
putnada01,456035
putnapa01,120812
putnaza01,474029
putzjj01,407816
pyeed01,120815
pyznati01,120821
quackke01,534812
quallch01,430589
quallji01,120822
quantca01,615698
quantpa01,120824
queenme02,120826
quentca01,435041
quereju01,578570
queroed01,700337
queveru01,275935
quezajo01,629498
quijajo01,650671
quilifr01,120833
quinlro01,425477
quinlto01,120838
quinnma01,240494
quinnro01,596451
quinolu01,120850
quinore01,120851
quintca01,120852
quinthu01,279827
quintjo01,500779
quintlu01,120853
quintom01,435560
quirira01,120855
quirkar01,120856
quirkja01,120857
quiroes01,606019
quirogu01,425565
quiseda01,120858
raabebr01,120859
rabbjo01,120860
rabejo01,435404
rabelmi01,430958
raburry01,430605
raczkmi01,120865
radatdi01,120866
raderda01,120872
raderdo02,120874
radinsc01,120877
radkebr01,120878
radloro01,218094
radmary01,132062
rafaece01,678882
raffoal01,120882
raganco01,666142
raggibr01,120886
raglato01,120888
ragsdca01,685068
raicher01,120889
rainech01,120892
raineta01,663432
raineti01,120891
raineti02,406428
rainst01,219494
rajsida01,120894
rajsiga01,120895
rakeraa01,433258
rakerja01,132680
rakowed01,120896
raleica01,663728
raleybr01,548384
raleylu01,670042
ramirag01,682663
ramiral01,120902
ramiral02,150352
ramiral03,493351
ramirar01,133380
ramirca01,570702
ramired01,469735
ramirel01,430579
ramirel02,468517
ramirem01,642629
ramirer01,285063
ramirer02,541640
ramirha01,434670
ramirha02,623912
ramirhe01,150082
ramirho01,400141
ramirjc01,500724
ramirjo01,608070
ramirjo02,542432
ramirju01,150369
ramirma01,120904
ramirma02,120903
ramirma03,445615
ramirmi01,120905
ramirne01,519166
ramirni01,598286
ramirno01,598287
ramiror01,120906
ramirra01,120907
ramirra02,430673
ramirra03,459371
ramirro01,133381
ramirro02,641995
ramirsa01,425537
ramirwi01,457133
ramirye01,606162
ramiryo01,670990
ramosaj01,573109
ramosbo01,120914
ramosbr01,682868
ramosce01,459987
ramosdo01,120908
ramosed01,120909
ramosed02,591693
ramoshe01,592656
ramoshe02,671218
ramosjo01,120911
ramoske01,120912
ramosma01,407398
ramospe01,120913
ramoswi01,467092
ramsaro01,150171
ramsefe01,120916
ramsela01,817619
ramsema01,543677
ramsemi01,120918
ramsemi02,120917
ranauan01,519168
randabo01,120925
randajo01,120922
randasa01,120923
randasc01,150054
randlle01,120926
randost01,150159
randowi01,120927
ranewme01,120928
rangeal01,660604
ransoco01,285068
ransoje01,120930
rapadcl01,449060
rapppa01,120933
raqueni01,675919
rashita01,688497
rasmuco01,458675
rasmuco02,474284
rasmude01,120936
rasmudr01,656876
rasmuer01,120937
rasmuro01,519169
rasneda01,434480
rathfr01,120939
rathfr02,203732
rathga01,133320
ratlige01,120941
ratlijo01,150307
ratlipa01,120942
ratzest01,120943
rauchbo01,120946
rauchjo01,400010
raudmbo01,120947
raudo01,120944
rautzla01,120948
ravejo01,670231
ravelra01,592660
ravinjo01,502051
rawlesh01,120949
raych01,444884
rayco01,641999
rayfofl01,120958
rayji01,120953
rayjo01,120954
rayke01,150208
rayla01,120955
raymocl01,120962
raynojo01,489231
rayro01,459988
rayro02,592662
raziaba01,120964
reaco01,607067
readra01,600466
readyra01,120967
realmjt01,592663
reamebr01,337392
reamsle01,120969
reardje01,120971
rearich01,595371
reberfr01,120974
rebouje01,120975
reckean01,489232
reddijo01,502210
redditi01,400062
redfepe01,120981
redfijo01,120982
redmama01,150230
redmapr01,425511
redmati01,276523
redmogl01,120983
redmomi01,133226
redmoto01,445170
redmowa01,120986
redusga01,120988
reecebo01,120989
reedad01,592665
reedaj01,607223
reedbo01,121000
reedch01,607068
reedco01,642003
reedda01,120990
reeder01,430971
reedev01,519175
reedho01,120991
reedja01,120996
reedja02,596082
reedje01,120994
reedje02,120993
reedje03,430598
reedjo01,120995
reedke01,407910
reedmi02,605439
reedri01,120999
reedro01,121001
reedst01,121002
reeseke01,456436
reesepo01,121009
reeseri01,121012
reetzja01,656883
refsnro01,608701
reganph01,121017
regilni01,430651
regisst01,461862
reichda01,150209
reichri01,121023
reidfse01,656887
reidje01,121026
reidry01,474256
reidsc01,121027
reimeke01,121040
reimono01,460099
reinbmi01,121041
reinech01,448656
reinhja01,595373
reiniza01,643617
reithbr01,367944
reitsch01,277410
reitzke01,121056
rekarbr01,121057
reksza01,676646
relafde01,121058
remilza01,621545
remlimi01,121060
remmewi01,121061
remyje01,121064
rendato01,573113
rendoan01,543685
renfrhu01,592669
renfrla01,121066
rengilu01,650859
renicri01,121068
renifha01,121069
renkost01,121071
renteed01,121074
renteri01,121075
repkoja01,434705
reploan01,121077
repozro01,121078
repulri01,121079
resopch01,434592
restomi01,282879
retteme01,121083
retzeke01,121086
reuscpa01,121088
reuscri01,121089
reussje01,121090
revento01,121091
reverbe01,519184
reverda01,121092
reyesal01,121099
reyesal02,621052
reyesan01,435039
reyesar01,469040
reyesca01,121095
reyesde01,121096
reyesde02,660593
reyesfr01,614177
reyesge01,622103
reyesgi01,121097
reyesje01,660875
reyesjo01,408314
reyesjo02,431170
reyesjo03,457456
reyespa01,622569
reyesre01,407813
reyesvi01,622682
reynoar01,121101
reynoar02,121117
reynobo01,121111
reynobr01,668804
reynocr01,121107
reynodo01,121106
reynogr01,453353
reynoha01,121108
reynoke01,121109
reynoma01,448602
reynoma02,519186
reynoma03,608703
reynorj01,121112
reynoro02,121113
reynose01,669308
reynosh01,121110
reynoto01,121115
rhameja01,642008
rheinjo01,425850
rhodear01,121125
rhodeka01,121129
rhoderi01,121124
rhombke01,121131
rhymewi01,489242
ribalor01,687377
ribande01,121133
riccefr01,121134
riccich01,121135
ricebe01,700250
ricede01,121136
riceji01,121140
ricepa01,121142
ricesc01,446488
richaan01,460322
richabo01,121161
richach01,276537
richacl01,453385
richada02,462950
richadu01,121147
richadu02,450580
richaga01,572070
richage01,121148
richago01,121156
richaje01,121157
richaje02,121158
richajr01,121145
richake02,459323
richale01,121146
richaly01,680689
richami01,121164
richaru01,121151
richatr01,670950
richepe01,121166
richiro01,121168
richmsc01,446341
rickajo01,572073
rickeda01,121179
ricofr01,121184
riddlde01,121190
riddljt01,595375
ridgwje01,455047
ridinst01,670050
ridzist01,121193
riedljo01,150180
riefecj01,592677
rienzan01,516589
riesgni01,121196
rigbybr01,121197
rigdopa01,282331
riggaje01,339492
riggash01,457493
riggsad01,121199
righeda01,121201
rightro01,121202
rijojo01,121206
rileser01,121208
rileyau01,663586
rileyge01,121209
rileyma01,235494
rincoan01,121214
rincoju01,346799
rincori01,121215
rineeje01,121216
ringro01,429721
riosal01,425567
riosar01,136608
riosda01,121220
riosed01,621458
riosju01,121221
riosya01,605441
ripkebi01,121223
ripkeca01,121222
ripleal01,121224
rippera01,121226
riskeda01,228594
rislebi01,121231
ritchja01,121233
ritchto01,121234
ritchwa01,121235
rittere01,121239
rittery01,690022
rittwji01,121242
ritzke01,121244
rivasal01,663845
rivasle01,660844
rivaslu01,276372
rivaswe01,593590
riverbe01,121245
riverbo01,121247
riverca01,425346
riverca02,491640
riverem01,656896
riverfe01,553878
riverge01,121246
riverji01,121249
riverju01,407487
riverlu01,121248
riverlu02,277182
riverma01,121250
rivermi01,121253
rivermi02,407576
riverre01,425784
riverro01,469394
riverru01,121252
riversa01,346800
riverse01,665861
rivertj01,608061
riverya01,592680
rizzoan01,519203
rizzoto01,134266
rlealse01,464869
roach01,685005
roachdo01,543698
roachja01,429480
roachme01,121260
roajo01,121258
roarkmi01,121264
roarkta01,543699
robbibr01,121266
robbija01,400267
roberan01,121285
roberbe01,121268
roberbi01,121280
roberbo01,121296
roberbr01,406878
roberch02,434562
roberco01,452075
roberda02,121287
roberda03,121277
roberda04,121275
roberda05,121276
roberda06,121278
roberda07,150353
roberda08,502085
roberda09,543706
roberda10,621002
roberda11,642016
roberet01,681799
robergr01,150241
roberje01,121291
roberje02,276359
roberke01,121270
roberke02,594977
roberkr01,670298
roberle01,121281
roberlu01,673357
robermi01,121292
roberna01,425146
roberni01,687798
roberri01,121294
roberri02,121295
roberro01,121283
roberry01,440251
robersi01,121271
roberty01,502356
roberwi01,150199
roberwi02,683770
robidbi01,121298
robinbi02,121326
robinbr01,121301
robinbr02,121302
robinch02,460101
robinch03,817503
robincl01,519208
robincr01,121305
robinda01,121306
robinde01,121307
robinde02,501961
robindo01,121308
robindr01,592685
robinea01,121309
robinfl01,121310
robinfr02,121311
robinhu01,121313
robinje01,121315
robinje02,121316
robinke01,121320
robinke02,137005
robinro01,121321
robinsh01,453203
robintr01,477054
robleha01,570663
roblema01,500909
robleos01,425854
roblera01,121328
roblese01,121329
roblevi01,645302
robsoja01,615699
robsoto01,121330
rocchbr01,677587
rochfmi01,121337
rockejo01,132340
rockeku01,677958
rockepa01,121340
rockjo01,697812
rodasri01,121341
rodenal01,702176
rodgean01,121342
rodgebr01,572086
rodgebr02,663898
rodgebu01,121343
rodnefe01,407845
rodonca01,607074
rodrial01,121347
rodrian01,444553
rodriau01,121348
rodribr01,699134
rodrica01,121349
rodrica02,692230
rodrich01,669735
rodride01,605446
rodried01,121350
rodried02,121351
rodried03,430626
rodried04,453256
rodried05,593958
rodriel01,121352
rodriel02,660730
rodrien01,682848
rodrife01,121353
rodrife02,451775
rodrifr02,121355
rodrifr03,408061
rodrifr04,477557
rodrigr01,680570
rodrigu01,276534
rodrigu02,457517
rodrihe02,121357
rodrihe03,469159
rodrihe04,514719
rodriiv01,121358
rodrije01,622446
rodrijo02,316792
rodrijo03,431138
rodrijo04,316792
rodrijo05,446044
rodrijo06,570257
rodrijo07,642578
rodrijo08,817469
rodriju01,677594
rodrili01,218594
rodrilu01,425904
rodrima01,655889
rodrine01,121361
rodrini01,670550
rodrira01,444126
rodrira02,678495
rodriri01,121362
rodriri02,121363
rodriri03,400156
rodriri04,600965
rodriri05,593144
rodriro01,121368
rodriro02,121364
rodriro03,500135
rodriru01,121365
rodrise01,446481
rodrist01,121366
rodrist02,572089
rodrito01,121360
rodrivi01,121367
rodriwa01,434643
rodriwi01,276360
rodriwi02,516853
rodriya01,684320
rodriye01,666720
rodriyo01,550298
roebued01,121371
roech01,475054
roeniga01,121372
roenijo01,502158
roeniro01,121373
roeslmi01,121374
rogerbr01,446910
rogered01,407855
rogeres01,469134
rogerja02,595386
rogerja03,668670
rogerji02,121384
rogerjo01,642028
rogerke01,121386
rogerke02,121380
rogerma01,449161
rogerst01,121390
rogerta01,573124
rogertr01,669432
rogerty01,643511
roggega01,121393
rogodmi01,121394
rohdeda01,121396
rohliry01,489262
rohnda01,121398
rohrbi01,121400
rohrle01,121399
rohrmda01,121401
rojasco01,121406
rojasjo01,668942
rojasjo02,670351
rojasjo03,679032
rojasme01,121404
rojasmi01,121405
rojasmi02,500743
rolanji01,121408
rolensc01,121409
rolisna01,150372
rolisry01,669020
rollech01,676896
rollida01,543716
rolliji01,276519
rolliri01,121413
rollsda01,150390
romakja01,457449
romanbi01,121416
romanja01,400099
romanjo01,121419
romanjo02,121415
romanjo03,605447
romanmi01,237334
romanro01,121417
romansa01,607219
romanto01,121420
romdr01,680723
romeral01,464900
romerda01,456630
romered01,121423
romeren01,544836
romerfe01,622864
romerjc01,240694
romerjh01,664584
romerjo01,668941
romerma01,121422
romerni01,462962
romerra01,121424
romerri01,460069
romerse01,656913
romerst01,552662
romerto01,676720
rominan01,461865
rominau01,519222
rominke01,121425
romodr01,691011
romoen01,121427
romose01,489265
romovi01,121428
ronanma01,121430
rondoan01,667373
rondobr01,541652
rondogi01,121432
rondohe01,444468
rondojo01,504083
rondojo02,602922
roneyma01,425662
roofge01,121433
roofph01,121434
rookebr01,667670
rookeji01,121435
roomero01,121437
roonejo01,680701
roonepa01,121439
roperjo01,121441
roquejo01,121442
roquera01,136305
rortvbe01,666163
rosaad01,650738
rosaca01,460349
rosadjo01,121443
rosadlu01,121444
rosalad01,489267
rosalle01,449820
rosaral01,451705
rosaram01,642708
rosared01,592696
rosareg01,666703
rosarfr01,425564
rosarji01,121446
rosarme01,121447
rosarra01,600968
rosarro01,407837
rosarsa01,121448
rosarsa02,466459
rosarvi01,121449
rosarwi01,501647
rosebjo01,121456
rosebo01,121455
rosebr01,121450
rosedo01,121452
roselbo01,121458
roselda01,121459
rosemi01,425852
rosenbj01,543725
rosenke01,670046
rosenst01,121465
rosentr01,572096
rosenwa01,121469
rosepe01,121454
rosepe02,121453
rosinse01,519229
roskojo01,132786
rossco01,425496
rosscza01,573127
rossda01,424325
rossejo01,121482
rossga01,121478
rossjo01,605452
rossma01,121481
rossmbu01,657745
rossora01,665759
rossro01,543726
rossty01,475115
rossyri01,121486
rothmi01,607706
rothsla01,121495
rottivi01,457130
rounsge01,121496
rouppla01,694738
rousemi01,425452
rowanaa01,400023
rowdowa01,121501
rowedo01,121503
roweke01,121506
rowenbe01,594985
rowlami01,121511
rowlari01,121512
rowlary01,434884
rowlech01,635903
roycrch01,688297
royerst01,121519
roystje01,121520
roystwi01,121521
rozemda01,121523
roznovi01,121524
ruanwi01,400118
ruary01,607387
ruberso01,121526
rubiojo01,121527
rucindr01,607968
ruckeda01,121529
ruckemi01,621074
rudijo01,121533
rudoldo01,121535
rudolke01,121537
ruebema01,121539
rueteki01,121541
rufda01,573131
ruffcsc01,121544
ruffibr01,121545
ruffich01,592704
ruffijo01,121546
ruggiju01,448605
ruhleve01,121548
ruizca01,434563
ruizch01,121549
ruizch02,121550
ruizes01,665923
ruizjo01,614179
ruizke01,660688
ruizno01,650204
ruizra01,457859
ruizri01,547004
rumbeni01,592705
rundlri01,457858
rungepa01,121553
runnepe01,121555
runneto01,121554
runyase01,132784
runzlda01,502130
rupejo01,434666
rupery01,150142
ruppca01,519237
ruschgl01,121556
rushbo01,121558
rushfji01,425106
rushida01,687221
rusinch01,543734
ruskisc01,121560
russead01,452240
russead02,608365
russebi01,121574
russeja02,460701
russeje01,121569
russejo02,121571
russoke01,501835
rustedi01,121576
ruthebl01,666164
ruthvdi01,121581
rutleja01,671131
rutlejo01,592710
rutscad01,668939
ryalma01,121583
ryalru01,489277
ryanbj01,124805
ryanbr01,453895
ryandu01,448767
ryanja04,150042
ryanjo04,657746
ryanke01,121596
ryanky01,594986
ryanmi02,121598
ryanmi03,408050
ryanno01,121597
ryanri01,689981
ryanro02,233594
ryanry01,656924
ryersga01,121603
ryuhy01,547943
ryuja01,472490
rzepcma01,519240
saalfan01,685314
saarlki01,424164
sabatcc01,282332
sabeler01,219294
saberbr01,121604
saboch01,121606
sabolbl01,666165
sabroer01,681870
saccoma01,455986
sackibr01,121608
sadecra01,121609
sadekmi01,121610
sadlebi01,452724
sadleca01,424725
sadleca02,594987
sadledo01,132620
sadlera01,430041
sadowbo01,121614
sadowbo02,121613
sadowed01,121611
sadowji01,121612
sadowry01,455961
sadowte01,121615
sadzeco01,592712
saenzch01,430609
saenzol01,121616
sageraj01,121619
saggeth01,695336
sagmoma01,121621
saipemi01,134182
saitota01,493416
sakatle01,121627
saladty01,573135
salasfe01,477569
salasju01,466838
salasma01,121628
salasma02,434978
salazan01,121629
salazce01,663967
salazda01,517593
salazed01,674285
salazje01,434625
salazlu01,121630
salazos01,400073
salech01,519242
salkero01,121635
salmobr01,445104
salmoch01,121639
salmoti01,121640
saloman01,449162
saltaja01,457454
samarje01,502188
sambijo01,121645
sammobr01,676614
sammocl01,460261
sampebi01,121648
samplbi01,121649
sampsad01,592716
sampsbe01,136733
sampsch01,448200
sampske01,572102
samueam01,121650
samueju01,121651
samuero01,121653
sanabal01,502253
sanabca01,656004
sanchaa01,592717
sanchad01,506703
sanchal01,121656
sanchal02,121657
sanchal03,400128
sanchal04,645305
sanchan01,434671
sanchan02,447816
sanchan03,605795
sanchbr01,430083
sanchca01,570560
sanchce01,121658
sanchcr01,650911
sanchdu01,400093
sanched01,500674
sanchfe01,425485
sanchfr01,408108
sanchga01,459991
sanchga02,596142
sanchhe01,516949
sanchhu01,458008
sanchis01,121659
sanchje01,133260
sanchje02,660821
sanchjo01,456043
sanchlu01,121660
sanchmi01,667376
sanchor01,121661
sanchra01,121662
sanchre01,121663
sanchri01,645307
sanchro01,454972
sanchsi01,664350
sanchto01,506997
sandbja01,277409
sandbry01,121665
sandean01,150483
sandeca01,676742
sandeda01,425553
sandede02,121668
sandeke01,121670
sandeph01,676637
sandere01,121672
sandere02,121673
sandesc01,121678
sandesc02,121676
sandlni01,680704
sandoda01,435501
sandofr01,461866
sandopa01,467055
sandopa02,663776
sandrja01,682144
sandsch01,121680
sandsco01,663485
sandsdo01,664848
sandsje01,543742
sandtto01,121681
sanfoch01,131680
sanfoja02,121684
sanfomo01,121685
sanguma01,121686
sanitam01,490313
sanmare01,665665
sanojja01,691594
sanomi01,593934
santaan01,121689
santaan02,623993
santaca01,467793
santada01,542454
santade01,642701
santado01,570267
santaed01,650828
santaer01,429722
santafp01,121692
santajo01,276371
santaju01,121690
santama01,136661
santara01,121691
santibe01,121693
santihe01,502327
santijo02,121695
santijo03,121696
santira01,421124
santito01,663574
santoal01,121699
santoan01,407488
santoan02,665733
santoch01,455025
santofr01,407810
santogr01,666619
santolu01,608601
santone01,121700
santoom01,435408
santora01,121698
santoro01,121697
santose01,435045
santovi01,276343
sappeda01,543743
sardibr01,450363
sardida01,400154
sardilu01,596143
sarfade01,430610
sarmima01,121703
sasakka01,277408
sasakro01,808963
sassema01,121705
sassero01,150290
satinjo01,543744
satrito01,121706
saturlu01,150462
sauceta01,642048
saucike01,121708
sauerma01,669422
sauersc01,150261
saundde01,121712
saunddo01,121713
saundjo01,434578
saundmi01,459431
saundto01,121711
saupowa01,599683
sauveri01,121716
savagja01,121719
savagte01,121721
saverbo01,121722
saverjo01,456045
sawamhi01,617228
sawatca01,121726
sawyeri01,121728
saxda01,121730
saxst01,121732
sborzja01,444849
sborzjo01,622250
scahiro01,543746
scalebo01,457384
scanlbo01,121743
scanlpa02,121745
scarbra02,121747
scarcma01,121749
scarsst01,121752
sceroma01,669135
schaapa01,121753
schaeje01,121758
schaema01,121760
schafji01,121762
schafjo01,121763
schafjo02,457788
schaflo01,502582
schaijo01,121764
schalge01,121767
schanno01,694384
schatda01,121779
schatje01,121778
schebsc01,594988
schefaa01,150125
scheiri01,121792
scheiri02,121791
schepta01,489294
scherbi01,121805
scherfr01,121804
scherma01,453286
schiena01,435625
schilch01,121810
schilcu01,121811
schimry01,572114
schirca01,121814
schleda01,519259
schleru01,121818
schlibr01,489295
schlica01,693645
schlitr01,459411
schlogu01,534576
schluja01,121821
schmabr01,430082
schmeal01,121825
schmibo02,121837
schmica01,669477
schmicl01,657376
schmicu01,121828
schmida01,121830
schmida02,121829
schmija01,121834
schmije01,121835
schmiko01,520209
schmimi01,121836
schmost01,467749
schnebr01,150411
schneda01,121846
schneda02,121844
schneda03,676914
schneda04,682177
schneje01,121847
schoege01,121850
schoere01,121851
schoesc01,150011
schofdi01,121853
schofdi02,121854
scholje01,669947
schoojo01,570731
schoomi01,121856
schoupe01,121860
schrejo01,670167
schrest01,150112
schrete01,121866
schroal01,121870
schrobi01,121869
schrobo01,121868
schroch01,456744
schroke01,121871
schroma01,621011
schuema01,680474
schuero01,121874
schugaj01,519263
schular01,121878
schulba01,121886
schulbo02,544759
schulbu01,121885
schulda01,121875
schuldo01,121898
schuler01,121876
schulja02,621289
schulje01,121896
schulmi02,449128
schulpa01,687606
schumsk01,435401
schunaa01,668845
schuri01,121872
schurwa01,121902
schuspa01,572119
schutca01,121904
schwado01,121906
schwaje01,121911
schwaky01,656941
schwami01,121905
schwara01,121908
schwesp01,680885
schwich01,452737
schwifr01,643524
schwimi01,543754
sciosmi01,121919
sconida01,121922
scorehe01,121923
scottch01,681035
scottda01,121927
scottdi02,121945
scottdi03,121944
scottdo01,121928
scottga01,121931
scottge02,121932
scottjo01,121936
scottlu01,432928
scottmi02,121943
scottmi03,121941
scottro01,121946
scottro02,582494
scottta01,656945
scottta02,605463
scottti01,121947
scottto01,121926
scottvi01,687363
scranji01,121948
scribev01,519267
scribtr01,644428
scrivch01,121949
scruban01,668687
scrugto01,121950
scrugxa01,489305
scuddsc01,121951
scurrro01,121952
scutama01,340192
seaboco01,657756
seabosc01,346867
seageco01,608369
seageky01,572122
seaglch01,676882
sealejo01,121953
seamaki01,121954
seaneru01,121955
searara01,121956
searcst01,121957
searsjp01,676664
searsto01,331492
seaveto01,121961
seaybo01,150144
sebrabo01,121962
secrido01,121966
seddoch01,434629
sedlash01,424184
sedloco01,642060
seela01,121969
seelbch01,121971
seelbch02,343192
sefcike01,121974
segedro01,574847
segelhe01,121975
segovza01,434564
seguida01,121977
seguidi01,121978
seguife01,136663
segurje01,516416
segurjo01,121979
seibeku01,121980
seibeph01,420672
seiglan01,678011
seilhri01,121982
seitzke01,121983
selbybi01,121985
selbyco01,681882
seleaa01,121986
selfto01,446919
selleje01,121989
selleju01,451088
sellsda01,121991
selmadi01,121992
selmasa01,572125
selskst01,592731
sembeca01,121996
sembemi01,121995
semiema01,543760
seminfr01,121997
semprra01,121999
sengako01,673540
sengeha01,663584
sentest01,122003
senzaan01,622608
senzeni01,669222
seoanma01,122004
seoja01,150242
septile01,465015
serafda01,122007
sernapa01,122009
serraal01,443563
serraji01,408250
serrawa01,150444
serumga01,122010
servasc01,122011
servebr01,661531
servisc01,122012
sevcijo01,122015
several01,122017
severan01,644429
severat01,463037
severlu01,622663
severpe01,600474
severri01,122018
sewalpa01,623149
sexsori01,122027
sextoch01,150055
sextoji01,122029
seyfrgo01,122032
seymobo01,676044
seymoca01,693313
seymoia01,693855
shabaad01,425822
shackbr01,430939
shackke01,594992
shafeju01,596101
shaffri01,572128
shamsar01,122043
shanagr01,122044
shankha01,122047
shannmi01,122057
shannwa02,122058
shantbo01,122060
sharodi01,122063
sharpbi01,122064
sharpjo01,457465
sharpmi01,122066
sharpst01,643532
shaveje01,122072
shavejo01,122071
shawami01,642067
shawbo01,122080
shawbr01,543766
shawch01,622046
shawdo01,122076
shawje01,122079
shawma01,807713
shawtr01,543768
sheafda01,122094
shealry01,434626
shearto01,407838
sheast01,122093
sheehem01,686218
sheetan01,122109
sheetbe01,282656
sheetga01,657757
sheetla01,122110
sheffga01,122111
sheffjo01,642068
sheffju01,656954
shelbjo01,122112
sheldbo01,122113
sheldro01,122114
sheldsc01,122115
shellji01,122117
shellst01,434579
sheltbe01,122120
sheltch01,430828
shentau01,668853
shephch01,605469
shephke01,122125
shephro01,122126
sherfji01,642073
sheripa01,122133
shermda02,122137
sherrde01,122140
sherrge01,430941
sherrla01,122143
sherrno01,122144
sherrry01,595411
sherrti01,122141
shetrba01,122145
shewmbr01,669699
shielja01,425126
shielja02,448306
shielsc01,276912
shielst01,122151
shielto01,122152
shiffga01,122154
shiffst01,122155
shinaza01,122157
shinera01,122160
shinjts01,400101
shipada01,122163
shiplbr01,640463
shiplcr01,122165
shipljo01,122166
shirlba01,122170
shirlbo01,122172
shirlst01,122173
shockco01,122177
shoemch01,122178
shoemma01,533167
shopato01,122184
shoppke01,431159
shortbi01,122190
shortch02,122188
shortri01,430907
shortza01,670097
shousbr01,122195
shower01,122197
shrevch01,592741
shuckja01,543776
shueypa01,122201
shugach01,663767
shumaan01,150113
shumpte01,122205
shustja01,694363
sianimi01,672279
siddajo01,122208
siebeno01,122209
siebepa01,122210
siebeso01,122212
siebldw01,122213
siegrke01,543779
sierrca01,122219
sierrma01,642423
sierrmo01,501213
sierrru01,122218
sievero01,122221
sikorbr01,136920
silsech01,681217
silvaca01,400067
silvajo01,122231
silvawa01,477581
silveda01,122236
silvelu01,122234
silveto01,122235
simasbi01,122239
simmoan01,592743
simmobr01,137000
simmocu01,122241
simmone01,122245
simmosh01,623406
simmote01,122247
simmsmi01,122248
simonal01,430580
simondo01,122253
simonja01,421004
simonra01,122251
simonro01,682927
simpsal01,407817
simpsch01,802415
simpsdi01,122258
simpsjo01,122256
simpsjo02,681006
simpsst01,122259
simpswa01,122261
simsdu01,122263
simsgr01,122264
simslu01,608371
sinatma01,122265
sinclst01,132061
singebi01,122268
singebr01,663903
singlch01,150334
singldu01,122270
singljo02,572138
singlke01,122272
sinkbbr01,446213
sipinjo01,122275
sippto01,448609
sirijo01,642350
sirotmi01,122276
siscoan01,434878
siscoch01,642082
siscost01,292140
siskdo01,122277
siskev01,681895
siskto01,122278
sisleda01,122279
sittibr01,670087
siwyji01,122285
sizemgr01,429713
sizemsc01,502003
sizemte01,122287
skaggda01,122289
skaggty01,572140
skalsjo01,122290
skenepa01,694973
skidmro01,122294
skinnbo01,122299
skinnjo01,122298
skipwky01,543788
skogler01,607215
skokcr01,122301
skolema01,605474
skowrbi01,122303
skrmema01,282882
skubata01,669373
skubebo01,122304
slaglro01,122309
slamaan01,460104
slanida01,592753
slateau01,596103
slatedo01,460657
slateju01,686580
slatoji01,122313
slaugdo01,122317
slaugst01,122320
slaybbi01,122322
sledgte01,212356
slegeaa01,642083
slocubr01,451497
slocuhe01,122329
slocuro01,122328
sloweke01,458713
slusajo01,122330
smajscr01,122331
smallaa01,122332
smallet01,663629
smallha01,122334
smallma01,122336
smallro02,122337
smartjd01,150412
smeltde01,656970
smilejo01,122342
smithaj01,700363
smithal04,122350
smithbe01,122359
smithbi04,122469
smithbi05,122354
smithbi06,122355
smithbl01,544930
smithbo04,122356
smithbo06,134360
smithbr01,122358
smithbr02,122357
smithbr03,344793
smithbu02,406873
smithbu03,572143
smithca02,605476
smithca03,592761
smithca04,817210
smithca05,675986
smithca07,701358
smithch04,122364
smithch05,122365
smithch06,276540
smithch07,276540
smithch08,434672
smithch09,605477
smithch10,627262
smithda02,122371
smithda03,122372
smithda04,122369
smithda05,137203
smithda06,122368
smithdi02,122448
smithdi03,122450
smithdo02,642086
smithdr01,622098
smithdw01,122416
smithdw02,596105
smithdy01,681916
smithge04,122393
smithgr01,122398
smithgr02,460105
smithha08,122401
smithha09,122400
smithja04,122408
smithja05,400136
smithja06,607727
smithji02,122414
smithjo05,501925
smithjo06,502136
smithjo07,595001
smithjo08,605479
smithjo09,669701
smithke01,122422
smithke02,122423
smithke03,122440
smithke04,607345
smithke05,675656
smithle02,122426
smithlo01,122430
smithma02,122431
smithma03,122432
smithma04,445224
smithma05,605480
smithmi03,122475
smithmi04,122434
smithmi05,122435
smithmi06,420944
smithmu01,573166
smithna01,122437
smithoz01,122439
smithpa04,656976
smithpe01,122444
smithpe02,122443
smithra01,122445
smithre06,122360
smithri01,642092
smithro01,122427
smithro02,122474
smithro03,400123
smithse01,452234
smithsh02,681343
smithst02,425407
smithto04,122463
smithtr01,134000
smithty01,642094
smithwi02,122471
smithwi03,122472
smithwi04,519293
smithwi05,669257
smithza01,122473
smoakju01,475253
smokejo01,519294
smolija01,519295
smoltjo01,122477
smylydr01,592767
smythst01,407790
snarery01,424425
sneades01,400109
sneadki01,669912
sneedcy01,605482
snellbl01,605483
snellch02,421684
snellia01,430636
snellna01,122486
sneltdj01,592769
snideco01,676092
snidedu01,122488
snidetr01,501983
snideva01,122489
snodgsc01,607087
snookfr01,122493
snopech01,122494
snowjt01,122497
snydebr01,122499
snydebr02,430957
snydebr03,474319
snydech02,430965
snydeco02,122509
snydeea01,407897
snydeji02,122510
snydejo02,122511
snydeky01,216897
snydeni01,676766
snyderu01,122513
sobkosc01,279574
sobotch01,656977
socolmi01,462515
soderer01,122517
soderst01,122518
soderty01,691016
sodowcl01,122519
soffra01,122520
sofieri01,122521
sogarer01,519299
sogarni01,686765
sojolu01,122522
solaito01,122523
solakni01,669256
solando01,456781
solanjh01,500207
solanju01,122524
solarya01,500208
soleral01,434057
solerjo01,624585
solisal01,455378
solissa01,519301
solomed01,122526
solomja01,676660
solompe01,656981
sommedr01,805427
somsela01,643550
sonnaan01,458567
sorenla01,122537
sorenza01,400124
soriaal01,150093
soriage01,666277
soriajo01,465657
soriajo02,667755
soriara01,400089
sorokmi01,647336
sorrebi01,122539
sorrepa01,122541
sosaed01,624641
sosael01,122542
sosahe01,464400
sosajo01,122543
sosajo02,407901
sosaju01,150057
sosale01,672820
sosasa01,122544
sotoel01,519303
sotoge01,434567
sotogi01,543803
sotogr01,642397
sotoju01,665742
sotoli01,670869
sotoma01,122547
sotone01,519304
sousabe01,656986
southbi02,122550
souzama01,122552
souzast01,519306
sowerje01,460265
spahnwa01,122557
spande01,452655
spangal01,122560
spangco01,605486
spansbi01,122561
sparkgl01,642098
sparkje01,237163
sparkst01,122562
sparkst02,331992
sparmjo01,122564
spearna01,460621
speasal01,666208
speckcl01,122567
speedho01,122569
spehrti01,122572
speiech01,122573
speiega01,642100
speieju01,133221
speiery01,434627
speigle01,446453
spencbo01,122574
spencda01,122578
spencge01,122581
spencji01,122584
spencjo01,543805
spencmi01,687765
spencse01,211686
spencsh01,133341
spencst02,136461
spencto01,122583
sperrro01,122590
spierbi01,122593
spierca01,686730
spiezed01,122595
spiezsc01,122596
spikech01,122597
spilbry01,448676
spillda01,122598
spilmha01,122599
spinksc01,122601
spitzsh01,665661
spiveju01,150160
splitpa01,122602
spoljpa01,122605
spoonti01,407486
spradje01,122609
spraged01,122613
spraged02,122612
sprigge01,122615
sprinde01,122618
springe01,543807
sprinja01,122616
sprinje01,605488
sprinru01,122620
sprinst01,122621
sproabr01,687075
sproubo01,122624
sprowbo01,122625
spruize01,543809
spurgja01,335992
spurlch01,400050
squirmi01,122628
stablge01,122629
staehma01,122631
staffbi01,122636
staggst01,122637
stahlla01,122640
stahosc01,122641
staigro01,122642
stairma01,122644
stalege01,122646
stallja01,607732
stalltr01,122648
stameer01,608715
stammcr01,489334
standja01,285075
staneal01,122656
stanery01,592773
stanfja01,408037
stanfke01,122657
stangda01,458094
stangle01,122658
stanhdo01,122659
stanipe01,122660
staniro01,122662
stanist01,122661
stankan01,122665
stanlbo01,122674
stanlco01,592774
stanlfr01,122667
stanlmi01,122672
stanlmi02,122673
stanscr01,444839
stantle01,122678
stantmi01,122679
stantmi02,122681
stantmi03,519317
staplda01,122684
staplda02,122683
stargwi01,122685
starkde01,150128
starkma01,122686
starlbu01,605490
starrhe01,122694
stashco01,664054
stassbr01,595426
stassma01,545358
statoda01,122696
statojo01,122697
staubru01,122699
staufti01,431162
staumjo01,622251
stavini01,458036
stclara01,121625
stearjo01,122702
stechge01,276536
steckdr01,608716
steelji01,122710
steelju01,657006
steenke01,132640
steersp01,668715
steevmo01,122714
stefami01,683021
stefejo01,122715
stegmda01,122716
steinbi02,122720
steinbl01,133121
steinra02,122721
steinte01,122722
steirri01,122730
stelmri01,122733
stembje01,122735
stemlst01,435318
stenhda01,122738
stenhmi01,122739
stennre01,122740
stensde01,275932
stephbu01,122742
stephea01,122750
stephga01,122751
stephge01,122747
stephja01,623451
stephje01,122753
stephjo02,122754
stephjo03,407856
stephph01,122756
stephra01,122744
stephro01,596112
stephtr01,663986
stephty01,663886
sterlra01,122761
sternad01,434886
sternju01,686993
stettmi01,449777
stevean01,664057
steveca01,670276
stevech02,677060
steveda01,122764
steveje01,459999
stevele01,122765
steverc01,122768
steveto01,122771
stewaan01,122772
stewabr01,592779
stewach01,455755
stewach02,621514
stewada01,122775
stewadj01,621466
stewaia01,456655
stewaji01,122779
stewajo02,425554
stewako01,640464
stewasa01,122783
stewasa02,701398
stewasc01,400305
stewash01,122784
stewaza01,543819
stidhph01,122790
stiebda01,122791
stievjo01,680692
stigmdi01,122793
stillku01,122796
stillro01,122797
stillro02,122795
stimacr01,122798
stinnke01,122803
stinsbo01,122804
stinsjo01,502139
stitema01,592781
stjohlo01,657766
stobbch01,122808
stockke01,122811
stockme01,444116
stockph01,430666
stockro01,476594
stockwe01,122810
stoddbo01,122815
stoddti01,122816
stokebr01,425530
stoketr01,657011
stonebi01,122833
stonede01,122820
stonega01,694813
stonege02,122824
stonege03,122823
stoneje01,122827
stoneri01,150392
stonero02,122826
stonest01,122830
stoneto01,502621
stoopji01,136765
storedr01,519322
storemi01,493547
storytr01,596115
stottbr01,681082
stottme01,122839
stottme02,122838
stottto01,122840
stoudle01,686651
stouter01,657770
stovada01,134440
stowech01,209063
stoweha01,122847
stoweky01,669065
stpiema01,425833
strahma01,621381
strahmi01,122848
straida01,573185
straijo01,122850
strakle01,122851
strambo01,122852
strando01,122857
stranpa02,407882
strasst01,544931
stratch01,608717
strathu01,676702
straury01,595005
strawda01,122864
strawmy01,664702
streehu01,434718
stricge01,122872
strichu01,519326
stricji01,122873
stricsc01,232994
stridsp01,675911
strikja01,122878
stripro01,548389
stritma01,136604
strohjo01,122883
strombr01,122884
stromma01,573186
stronja01,425473
stronjo01,313392
stroppe01,467008
stroued01,122887
stroust01,122889
strowka01,669704
strzepe01,657265
stuardi01,122897
stubbcj01,667690
stubbdr01,453211
stubbfr01,122899
stubbga01,596117
stubimo01,122900
stullev01,122904
stulter01,445590
stumpda01,621385
stupejo01,122909
sturdto01,122910
sturdty01,573188
sturtta01,122915
stutemi01,452741
stynech01,122918
suareal01,544150
suarean01,605498
suareeu01,553993
suarejo01,660761
suareke01,122920
suarera01,624133
suarero01,663158
suchdi01,122922
sucreje01,491696
sudakbi01,122926
suerowa01,593833
suerowi01,122929
suganto01,608372
suklaed01,122934
sulargu01,122935
sullibr01,664954
sullico01,430622
sullifr01,122945
sulliha02,122947
sullijo07,122956
sullima02,122958
sullisc01,122975
sulsebe01,676641
sulseco01,642121
summech01,122977
sundbji01,122983
suppaje01,122987
surhobj01,122989
surhori01,122988
surkaer01,474668
susacan01,572180
susdost01,519330
sutclri01,122996
suterbr01,608718
sutheda01,122998
suthega01,122999
suthele01,123002
sutkogl01,123003
suttebr01,123004
suttodo01,123006
suttodr01,450300
suttojo01,123008
suttola01,123009
suwinja01,669261
suzukic01,400085
suzukku01,435559
suzukma01,123010
suzukse01,673548
svansma01,694335
sveumda01,123011
swaggbi01,123014
swaggtr01,680552
swancr01,123017
swannpe01,150201
swanru01,123019
swansda01,621020
swanser01,657024
swansst01,123025
swarmma01,664161
swartda01,123030
swarzan01,461872
sweenbr01,425789
sweenda02,572182
sweenma01,123040
sweenmi01,123041
sweenry01,435220
sweentr01,700242
sweetde01,682967
sweetri01,123046
swiftbi02,123053
swihabl01,596119
swindgr01,123057
swindrj01,449881
swingpa01,123060
swishni01,430897
swishst01,123061
switzjo01,408304
swoboro01,123062
sykesbo01,123064
syndeno01,592789
szaputh01,663378
szczuma01,519333
szotkke01,123067
szumija01,430835
tabakje01,123068
tabatjo01,467798
tabbje01,123069
tablepa01,123072
taborgr01,123073
tackeje01,123075
tadanka01,430954
tagucso01,408039
taijetr01,607369
taillja01,592791
takahhi01,538227
takahke01,548092
takatsh01,430968
talbofr01,123078
talbomi01,452676
tallebr01,425226
taltoti01,123081
tamarjo01,123082
tamje01,134641
tanakke01,547887
tanakma01,547888
tananfr01,123084
tankede01,407807
tanketa01,452237
tannebr01,123088
tannech01,123089
tapanke01,123090
tapiado01,593619
tapiara01,606132
tappeel01,123092
tarasto01,123094
tarnofr01,676206
tarplst01,605501
tartada01,123096
tartajo01,123097
tartatr01,502023
tarvela01,123098
tasbywi01,123099
taschja01,435620
tatajo01,450265
tatedi01,622253
tatera01,123104
tatest01,123105
tateyyo01,599899
tatisfe01,123107
tatisfe02,665487
tatisra01,123108
tatumcr01,461874
tatumja01,123110
tatumji01,123109
tatumke01,123111
taubeed01,123113
taubety01,457458
tauchmi01,643565
taussdo01,123116
tavarje01,123117
tavarju01,123118
taveral01,123120
taverfr01,123121
taverle01,665750
taveros01,570805
taverwi01,430838
tawati01,694374
tayloaa01,407818
tayloan01,476531
taylobe03,664701
taylobe04,607333
taylobi04,123163
taylobl01,642130
taylobo01,123152
taylobr01,123126
tayloca01,123128
tayloch02,123129
tayloch03,621035
taylodo01,123131
taylodw01,123132
tayloga01,123137
taylogr01,501869
taylogr02,691799
tayloha04,123151
taylojo02,657031
tayloke01,123147
taylomi01,446345
taylomi02,572191
taylore01,150114
tayloro01,123154
taylosa02,123155
taylosa03,817009
taylosc01,123153
taylosc02,123156
taylote01,123157
tayloto02,123122
taylotr01,700187
tayloty01,621438
taylowa01,123160
tazawju01,547749
teafoev01,501870
teagata01,460003
teahema01,433597
teelky01,691019
teherju01,527054
teixema01,407893
tejadmi01,123173
tejadru01,514913
tejadwi01,123174
tejedan01,660731
tejedro01,434565
tejermi01,150373
tekotbl01,493574
tekulke01,123175
telemam01,123176
telfoan01,123177
telghda01,123178
telisto01,542513
tellero01,642133
tellmto01,123179
templga01,123182
templjo01,123180
tenacge01,123183
tenajo01,677588
tengka01,678906
teodobr01,669326
tepedfr01,123189
teperry01,572193
tepesni01,519344
terdojo01,519345
terlebo01,123191
terlegr01,123192
terpkje01,123193
terreje01,123195
terrelu01,407880
terrewa01,123194
terrycu01,663799
terryra01,123200
terrysc01,123201
terwiwa01,123206
tessmja01,136585
tetreja01,676194
tettlmi01,123211
teufeti01,123212
teutna01,400137
tewksbo01,123213
texeika01,444427
thackmo01,123215
thaisma01,642136
thameer01,519346
thamema01,407801
thatcjo01,491159
thayeda01,445612
thayegr01,123218
theisdu01,123220
thenju01,672730
theobro01,123221
theodge01,123222
theriry01,444135
therrje01,592279
thielca01,573204
thiesda01,123228
thigpbo01,123230
thigpcu01,450303
thobejj01,123231
thobeto01,123232
thoendi01,123233
tholejo01,489365
thomaal01,677950
thomaan01,123235
thomabr01,346801
thomaca01,123237
thomach01,433595
thomacl02,460004
thomaco01,642137
thomaco02,671162
thomaco03,687515
thomada01,123241
thomade01,123242
thomadi01,605504
thomaer01,123270
thomafr03,123246
thomafr04,123245
thomaga01,123271
thomage01,123248
thomago01,123251
thomaia01,621962
thomaju01,476206
thomala01,123255
thomala02,657041
thomale03,123252
thomami01,123258
thomarh01,689041
thomaro02,123263
thomast01,123264
thomava01,123266
thomeji01,123272
thompaa01,457744
thompan02,276546
thompbo01,123275
thompbr01,433581
thompbu01,669352
thompda01,123277
thompda02,444354
thompde01,425663
thompja01,123288
thompja02,123289
thompja03,622097
thompju02,123294
thompke01,453911
thompke02,624522
thompma01,123296
thompma02,666168
thompmi01,123297
thompmi02,123298
thompmi03,445120
thompri01,123299
thompri02,430829
thompri03,460366
thompro01,123300
thompry01,123302
thompry02,657044
thompsc01,123305
thompta01,543853
thomptr01,572204
thompza01,605507
thompza02,668868
thomsbo01,123308
thomsjo01,123307
thondi01,123309
thormpa01,123312
thormsc01,429801
thornan01,123313
thornlo01,123315
thornma01,407819
thornot01,123316
thorntr01,663423
thornty01,592804
thorpdr01,689672
thorple01,626929
threeer01,408069
thronfa01,123323
thronma01,123322
throoge01,123324
thurmco01,407903
thurmga01,123326
thurmma01,123329
thurmmi01,123327
thursjo01,407871
tiantlu01,123331
tibbsja01,123332
ticety01,676709
tidrodi01,123333
tidwebl01,694918
tiefebo01,123334
tiefeve01,123335
tiffete01,430584
tillmbo01,123344
tillmch01,501957
tillmru01,123345
tilloth01,123346
tilsoch01,605508
timbega01,123347
timlimi01,123348
timmeto01,123349
timmooz01,123350
timpncl01,435626
tinglro01,123352
tinocje01,622786
tinslle01,123355
tischto01,123360
tobikda01,123364
tobinma01,474226
tocajo01,150243
toccica01,624636
toddja01,123373
toddje01,519357
toddji01,123374
toglimi01,669911
tolanbo01,123377
tolarke01,342792
tolbema01,445196
tolbety01,686475
tolenjo01,123378
tolesan01,592808
tolivfr01,123379
tollbbr01,328092
tollepa01,801139
tollesh01,474521
tollest01,476270
tollewa01,123380
tollias01,572208
tolmati01,123381
tomasya01,630111
tombean01,123385
tomka01,664789
tomkobr01,123387
tomlida01,123388
tomlijo01,458708
tomlike01,605509
tomlira01,123389
tompkro01,123392
tomsto01,123393
tongjo01,804636
tonismi01,408223
tonkimi01,543859
topaju01,623437
toppiru01,123400
torboje01,123401
torcato01,407378
toregwy01,444430
torgeea01,123402
torkesp01,679529
toroab01,647351
torreal01,456776
torrean01,123408
torrean02,400083
torreca01,448614
torredi01,123409
torreei01,462855
torrefe01,123411
torrefr01,123405
torregl01,650402
torrehe01,123412
torrejo01,123406
torrejo02,600526
torrelu01,620443
torremi01,123416
torrepa01,123407
torrera01,593527
torrero01,591720
torreru01,123414
torresa01,123415
torrest01,279576
torreyo01,150275
torveke01,123417
tosonre01,459434
tothpa01,123419
toussto01,657053
tovarce01,123421
tovarez01,678662
tovarwi01,541600
towerjo01,346869
towlejr01,453525
trabebi01,407896
trabeji01,123429
tracedi01,123430
tracese01,434600
trachst01,123431
tracyan01,282905
tracych01,429710
tracyji01,123432
tracyma01,595441
trahabl01,664167
trammal01,123437
trammbu01,123438
trammta01,666211
trautjo01,123440
travebi01,123442
travide01,581527
travisa01,607752
traxlbr01,123444
treadje01,123451
treanma01,276354
treinbl01,595014
trejoal01,676701
tremich01,123457
treshto01,123461
trevial01,123462
trevibo01,123463
trevijo01,624431
triangu01,123464
triggan01,592811
trillma01,123466
triolja01,669707
triunca01,508892
trivilo01,642152
trlicri01,123470
troedri01,123471
trombmi01,123472
trompch01,644433
troncra01,470462
tropeni01,607374
troutmi01,545361
troutst01,123480
trowbbo01,123481
trubych01,150067
trujijj01,408243
trujimi01,123488
trumbma01,444432
tsamige01,123490
tsaoch01,425835
tsengje01,627500
tsitojo01,123491
tsutsyo01,660294
tubbsgr01,123492
tuckeco01,657061
tuckeed01,123493
tuckeky01,663656
tuckemi01,123494
tuckepr01,605512
tuckery01,457761
tucketj01,324892
tudorjo01,123499
tuftsbo01,123501
tuiasma01,449168
tuivasa01,592815
tullyta01,668684
tulowtr01,453064
tunnele01,123502
tupmama01,445584
turanbr01,123503
turanbr02,668930
turlebo01,123509
turleni01,543867
turnbde01,276913
turnbsp01,605513
turnech01,123510
turneja01,545363
turneje01,123514
turneju01,457759
turneke01,123515
turnema01,123521
turnesh01,123516
turnest01,642156
turnetr01,607208
tuttlbi01,123522
twitcwa01,123528
twittje01,123529
tylerky01,667725
tynerja01,150244
tyrivda01,123539
tyronji01,123540
tyronwa01,123541
tysonmi01,123544
ucetaed01,670955
ueckebo01,123546
ueharko01,493157
uelmeer01,657272
ugglada01,462564
uguetlu01,407899
uhlaete01,123549
ujdurje01,123553
ullgesc01,123555
umbacar01,123559
umbarji01,123560
umbriji01,123561
underdu01,621249
underpa01,123565
underto01,123566
unroeti01,123568
unserde01,123570
uphamjo01,123572
upshace01,123576
upshawi01,123577
uptonbj01,425834
uptonju01,457708
urbanto01,123582
urbinug01,123584
urdanli01,430842
urenajo01,570632
urenari01,620446
uriasju01,628711
uriaslu01,649966
uriasra01,602104
uribeab01,682842
uribejo01,123585
uribeju01,346874
urquijo01,664353
urreajo01,123586
urruthe01,625329
urshegi01,570482
utleych01,400284
uwasana01,683822
vailmi01,123593
valaich01,453362
valaipa01,642162
valbulu01,472528
valdeca01,123600
valdeca02,346846
valdece01,491624
valdeef01,123601
valdeen01,665839
valdefr01,664285
valdeis01,123595
valdejo01,451990
valdejo02,518170
valdejo03,572308
valdeju01,123602
valdelu01,446003
valdema01,123596
valdema02,123603
valdeme01,429723
valdepe01,123597
valdeph01,570488
valdera01,123604
valdera02,447744
valdesa01,123599
valdese01,123606
valdewi01,407832
valdijo01,123607
valenbo02,123616
valenda01,502143
valenel01,123611
valener01,346858
valenfe01,123619
valenfr01,123612
valenja01,123609
valenje01,621044
valenjo02,123608
valenjo03,123610
valenjo04,407907
valerbr01,591971
valerge01,671655
valerju01,123620
valeryo01,282903
valleda01,123621
vallehe01,123622
vallich01,681808
valoel01,123623
valvejo01,407878
vanasri01,676568
vanbebr01,687003
vanbejo01,429724
vanbuje01,435278
vanbuty01,123628
vanceco01,425246
vancesa01,123631
vandeed01,123636
vandejo02,123639
vanderi01,462995
vanegti01,123643
vanevjo01,457508
vangoda01,123645
vanhean01,407843
vanlawi01,123647
vanmejo01,642165
vanpoto01,123650
vanrybe01,123652
vanslan01,123653
vanslsc01,475100
vanwelo01,701121
vargaca01,672841
vargace01,570714
vargacl01,282567
vargaed01,123657
vargail01,545121
vargaja01,450306
vargake01,573627
vargami01,678246
varitja01,123660
varlagu01,681402
varlalo01,686973
varnepe01,123663
varshda01,662139
varshga01,123664
varvaan01,460008
vasilmi01,678024
vasquan01,457786
vasquan02,607755
vasques01,458220
vasqujo01,430655
vasqura01,123666
vasqura02,681190
vasquvi01,446911
vastoje01,657786
vatchji01,123667
vaughan01,683734
vaughch01,123669
vaughde01,123673
vaughgl01,123670
vaughgr01,123675
vaughmo01,123678
vavrate01,679631
vazquch01,543877
vazquja01,134320
vazqulu01,676679
vazqura01,407496
vealco01,123683
vealdo01,453264
vealebo01,123684
veenza01,691728
vegaje01,123686
velanjo01,123689
velarra01,123690
velasgu01,123691
velasvi01,592826
velazan01,623205
velazca01,123692
velazfr01,123693
velazgi01,444041
velazhe01,584171
velazne01,676369
velezeu01,464299
velezot01,123694
venabma01,123696
venabwi01,461416
venafmi01,150291
vendipa01,519381
venezan01,685107
ventejo01,458924
ventomi01,430676
venturo01,123697
ventuyo01,570649
verasda01,123699
verasjo01,407842
verasqu01,123700
veraswi01,150173
verbajo01,123702
verdual01,657077
verdury01,489400
veresda01,123707
veresra01,123708
verhadr01,572403
verhojo01,123710
verlaju01,434378
vermija01,461347
vernomi01,123711
verrelo01,548337
versazo01,123713
veryzto01,123714
veselbo01,123715
vesiaal01,681911
vespini01,663989
vestwi01,676684
vicieda01,493364
victosh01,425664
vidaljo01,123722
vidrojo01,123723
vieauca01,664944
vieirth01,600986
vielmen01,622713
vientma01,668901
vierlma01,663837
viladry01,668723
villabr01,276344
villabr02,500903
villaca01,453646
villach01,570799
villada01,681584
villaed01,433278
villael01,534631
villael02,681871
villahe01,123724
villahe02,492821
villajo01,542340
villaos01,425629
villape01,543881
villeis01,150310
villoro01,123725
vilorme01,650619
vinafe01,123726
vinceni01,543883
vinceza01,572227
vinesda01,670241
vineyda01,123728
vininke01,400012
vinsoch01,123729
violafr01,123732
violape01,501638
virdobi01,123734
virgioz01,123736
virgioz02,123735
vitiejo01,123740
vitkojo01,123741
vittejo01,519388
vivasjo01,678391
vizcaar01,527055
vizcajo01,123743
vizcalu01,150430
vizquom01,123744
vodnivi01,680767
vogelda01,596129
vogelry01,285064
vogtst01,519390
voigtja01,123746
voitlu01,572228
volpean01,683011
volqued01,450172
volstch01,458690
vonhobr01,123752
vonohda01,123754
vosbeed01,123756
vosleja01,613564
vossbi01,123759
vothau01,608723
vottojo01,458015
voylebr01,400143
vuckope01,123762
vukovge01,123763
vukovjo01,123764
wachami01,608379
wadats01,493159
waddebr01,663399
waddeja01,455730
waddeto01,123768
wadeco01,460677
wadeko01,592831
wadela01,664774
wadete01,123773
wadety01,642180
waechdo01,425531
wagamer01,676572
wagnebi02,123790
wagnega01,123781
wagnehe02,123783
wagnele01,123786
wagnema01,123787
wagnema02,123788
wagnene01,474599
wagnepa01,123789
wagnery01,429842
wagnety01,621281
wagnewi01,695238
wagueja01,621097
wahlbo01,592833
wainhda01,123794
wainwad01,425794
waiteco01,686972
waitsri01,123796
wakamdo01,123798
wakefbi01,123802
wakefti01,123801
wakelch01,276349
walbema01,123803
waldejo01,477229
waldema01,519393
waldike01,686610
waldimi01,605520
waldrhu01,694462
waldrky01,448252
waldrky02,592835
waldrma01,663362
walewji01,123809
walkbo01,123810
walkech01,123815
walkech02,572233
walkedu01,123816
walkegr01,123824
walkeja01,123828
walkeje01,123830
walkeje02,668683
walkejo02,691023
walkejo03,677020
walkeke01,276526
walkela01,123833
walkelu01,123827
walkemi01,123836
walkemi02,123835
walkene01,435522
walkepe01,123839
walkery01,676254
walkest01,667727
walketa01,592836
walketo02,123840
walketo03,123812
walketo04,123842
walkety01,400104
wallabr01,477165
wallach01,595453
wallada01,123855
wallade01,123856
wallado02,123857
wallaje01,123862
wallami01,123863
wallati01,123865
walldo01,123849
wallety01,123868
wallfo01,657088
wallide01,123870
wallijo01,123871
walljo02,476205
wallnma01,670242
wallsle01,123872
wallst01,123853
wallsta01,670764
walrole01,400113
walshco02,595023
walshda01,123876
walshja01,665120
walshja02,673904
walstbl01,686796
waltean01,689958
waltebr01,687888
waltech01,123893
walteda01,123894
waltege01,123890
walteke01,123896
waltemi01,123897
waltena01,663534
waltepj01,502208
walteza01,595025
waltobr01,123899
waltoda01,123900
waltodo01,622268
waltoje01,123901
waltore01,123902
wangch01,425426
wangwe01,623913
wantzan01,681806
wantzdi01,123908
wapnist01,123909
wardbr01,135785
wardch02,123912
wardco01,123913
wardco02,123928
wardda01,132880
warddu01,123929
wardejo01,123931
wardga01,123915
wardja01,123920
wardke01,123924
wardlcu01,123932
wardpe01,123925
wardta01,621493
wardth01,663658
wardtu01,123930
wareje01,123933
warneja02,123941
warneja03,123943
warread01,476589
warrear01,605521
warreau01,681810
warremi01,123947
warrewi01,701542
warthda01,123951
warwica01,123952
wasdijo01,123955
washbgr01,123958
washbja01,132220
washbra01,123960
washicl01,123962
washida01,572241
washila01,123964
washiri01,442146
washiro01,123965
washiul01,123967
wasinma01,123968
waslega01,123969
wasseeh01,469164
waszgbj01,150096
waterch01,425561
waterdr01,671221
waterst01,123970
wathadu01,150130
wathajo01,123973
watkibo01,123977
watkida01,123974
watkilo01,543894
watkipa01,123980
watkisc01,123978
watkisp01,657093
watkist01,400152
watkito01,435714
watsoal01,123982
watsobo01,123988
watsobr01,430567
watsoma01,282333
watsoma02,420673
watsoto01,453265
watted01,123991
waynega01,123997
wayneju01,400306
weathda01,124000
weathry01,677960
weaveer01,134261
weavefl01,124002
weaveje01,213711
weaveje02,450308
weaveji02,124005
weaveji03,124007
weavelu01,596133
weavero01,124010
webbbr01,425630
webbda01,543900
webbha01,124014
webbja01,657097
webbjo01,425486
webblo01,657277
webbry01,444436
webbty01,643778
weberbe01,276533
weberne01,136760
weberry01,543901
weberth01,519403
webstal01,543903
webstle01,124024
webstmi01,124025
webstra01,124027
webstra02,124026
wedgeer01,124029
weekljo01,124031
weeksje01,457789
weeksri01,430001
weemsjo01,607179
wegenmi01,124032
wegmabi01,124033
wehnejo01,124036
wehrmda01,124037
weigepa01,622256
weilaky01,475095
weinhro01,519405
weisal01,124049
weissga01,124052
weissgr01,669711
weisswa01,124054
weissza01,592848
welchbo01,124064
welchdo01,124065
welchmi03,150115
welkeco01,666213
welkedu01,444992
welleto01,425487
wellmbr01,124069
wellsal01,649144
wellsau01,669224
wellsbo01,124077
wellsca01,489413
wellsda01,124071
wellsgr01,124073
wellsja02,457437
wellski01,150337
wellsra01,448694
wellste01,124078
wellsty01,669330
wellsve01,150484
welshch01,124079
wendejb01,605525
wendetu01,124084
wendljo01,621563
wendzda01,673995
wengedo01,124085
wentzjo01,666214
wenzfr01,124089
werhajo01,124093
wernean01,599819
wernedo01,124096
wertdo01,124098
werthde01,124099
werthja01,150029
wertzbi01,124103
wertzvi01,124102
wesneha01,669713
wessiji01,124104
wessoba01,424485
westbja01,150414
westbja02,642197
westbjo01,676059
westda01,124105
westma03,519411
westomi01,124120
westse01,476811
wetheje01,124122
wettejo01,124123
weverst01,124127
whalero01,547007
wheelda01,235095
wheelga01,124145
wheelja01,605528
wheelry01,572253
wheelza01,554430
wheelze01,519412
whelake01,460128
whillja01,124149
whiseca01,687931
whisela01,124152
whisema01,124150
whisepe01,124151
whislwe01,452217
whitalo01,124154
whitast01,124155
whitbbi01,124157
whitcsh01,694376
whiteaa01,664334
whiteal01,502229
whitebi03,124191
whitebi04,450321
whitebr01,686839
whitede03,124164
whitede04,124163
whiteed02,124196
whiteel02,124167
whiteel03,434630
whiteel04,642201
whiteev01,657108
whitefr01,124170
whitega01,124171
whiteje01,124176
whitejo03,444882
whitela01,124181
whitele01,124203
whitema01,124207
whitema02,124209
whitema03,425665
whitemi02,124180
whitemi03,669952
whitemy01,124182
whiteow01,669391
whiteri01,124184
whitero01,124186
whitero02,124185
whitesa02,124187
whitese01,124208
whitese02,457461
whitety01,643603
whitewa02,124204
whitffr01,124210
whitfte01,124211
whitlch01,595032
whitlfo01,666215
whitlga01,676477
whitlko01,676831
whitmda01,124216
whitmda02,124217
whitsed01,124223
whitter01,124224
wickake01,124227
wickeda01,124231
wickefl01,124228
wickmbo01,124233
wickro01,592858
wicksjo01,696136
widenta01,642203
widgech01,124234
wieante01,124237
wieckbr01,623364
wiedeto01,124239
wieghto01,124241
wielajo01,543921
wiemejo01,686894
wietema01,446308
wiggial01,124245
wiggisc01,424364
wiggity01,421064
wihtosa01,124249
wilbote01,124252
wilcoco01,677961
wilcomi01,124253
wilesco01,621079
wilesna01,686249
wilesra01,124254
wileyma01,124256
wilforo01,124257
wilheho01,124261
wilheji01,124262
wilheto01,452666
wilkad01,573244
wilkeaa01,658792
wilkebr01,150415
wilkecu01,124266
wilkest01,592859
wilkian01,519421
wilkibi01,124275
wilkide01,124268
wilkier01,124269
wilkima01,124270
wilkiri01,124271
willaje01,124278
willbo01,124277
willeca01,124280
willhni01,124281
willial03,124282
willial04,675961
william01,686294
willian01,124349
williau01,657117
willibe01,124289
willibe02,124288
willibe03,810938
willibi01,124290
willibi02,124347
willibr01,124291
willibr02,682227
willica01,124356
willica02,700246
willich01,124292
willida04,124358
willida05,124294
willida06,124295
willida07,400063
willide03,642207
willidi02,124335
willido01,124301
willido02,124302
willido03,425883
williea02,124304
willied01,124305
willifr01,124309
williga01,668909
willige01,124312
willige02,124314
willige03,124313
willigl01,435403
willija01,519425
willije01,425532
willije02,237796
williji03,124318
williji04,124317
willijo03,425545
williju02,642211
willike02,124322
willike03,124298
willilu01,663897
willima02,124324
willima03,124327
willima04,124326
willima05,124351
willima06,276370
willima07,592863
willima08,607776
willimi01,124362
willimi02,124329
willimi03,124328
willini01,608384
willira01,430942
willire01,124333
willire02,124332
willire03,435065
williri03,124334
williro01,124363
willisc01,150182
willish01,124339
willist02,124340
willita01,592865
willite01,124341
willito02,124343
willitr01,592866
williwa02,124344
williwo02,124315
willoji01,124366
willsbu01,124369
willsfr01,124370
willsma01,124371
willste01,124372
wilmepa01,124374
wilshte01,124377
wilsoal01,543935
wilsobi03,124433
wilsobo02,435064
wilsobr01,451216
wilsobr02,669060
wilsocj01,450351
wilsoco01,680963
wilsocr01,124382
wilsocr02,150339
wilsocr03,346852
wilsoda01,124383
wilsode01,124384
wilsodo01,124385
wilsoea01,124420
wilsoen01,124388
wilsoga02,124393
wilsoga03,124392
wilsogl01,124398
wilsoja02,333292
wilsoja03,816506
wilsoja04,607111
wilsoji03,124406
wilsojo03,425543
wilsoju10,458677
wilsokr01,330892
wilsoma02,657129
wilsomi02,444125
wilsomo01,124434
wilsone01,124424
wilsoni01,124415
wilsopa02,124417
wilsopr01,133343
wilsore01,124421
wilsost01,124425
wilsost02,621051
wilsota01,124414
wilsoto02,134263
wilsotr01,124427
wilsoty01,592869
wilsova01,136300
wilsowe01,642215
wilsowi02,124435
wilsowi03,669717
wimmeal01,592872
winanal01,642216
winchsc01,124441
winckjo01,670174
windejo01,680739
windhgo01,124442
windsja01,448253
winebo01,124445
winero01,124444
winfida01,124448
wingetr01,622259
winkeje01,608385
winkejo01,206463
winklda01,595465
winklja01,676466
winnco01,668390
winnihe01,124459
winnji01,124458
winnke01,676775
winnma01,691026
winnra01,133160
winstda01,124461
wintema01,124466
wirthal01,124467
wisdopa01,621550
wiseca01,124471
wisede01,276547
wiselbr01,689172
wisema01,277184
wiseri01,124473
wislema01,605538
wissmda01,124479
witasja01,124482
withesh01,136865
withrch01,519437
withrco01,124487
witmero01,124488
wittbo01,124492
wittbo02,677951
wittge01,124489
wittgni01,621295
wittke01,136901
wittmi01,124491
wockejo01,124495
wohlema01,124498
wohlfji01,124499
wojcias01,592879
wojcijo01,124501
wojcist01,124500
wojnaed01,124503
wolcobo01,124504
wolfebr01,430582
wolfela01,124513
wolfja01,680232
wolfra02,150116
wolfrgr01,664991
wolfro01,448693
wolfwa01,124507
wolteto01,547172
womacdo01,124524
womacto01,124523
wongco01,657136
wongja01,673858
wongke01,642221
wongko01,543939
woobr01,693433
woodabr01,124545
woodada01,124546
woodal02,622072
woodami01,124547
woodast01,124548
woodbl01,502028
woodbr01,457420
woodeha01,124552
woodfja01,663765
woodhu01,621056
woodja01,124533
woodja02,133120
woodja03,695578
woodke02,134268
woodlge01,124554
woodmi01,430061
woodrbr01,605540
woodsal01,124558
woodsdi01,124566
woodsga01,124560
woodsja01,430646
woodsji01,124562
woodske01,124568
woodsro01,124564
woodssi01,680573
woodstr01,124567
woodswi01,816476
woodte01,124529
woodti01,445971
woodtr01,475243
woodwch01,218595
woodwi01,124543
woodwro01,124570
woodwwo01,124571
woodyma01,434589
wootero01,543942
wootesh01,279564
workmbr01,519443
workmga01,669398
worleva01,474699
worrema01,450312
worreti01,124580
worreto01,124581
worthal01,124584
worthcr01,124585
worthda01,519445
worthri01,124583
wothema01,642226
wotusro01,124588
wrighch01,451657
wrighcl01,124594
wrighda02,216106
wrighda03,431151
wrighda04,642229
wrighge03,124598
wrighja01,124604
wrighja02,124605
wrighji02,124601
wrighji03,124602
wrighke01,124607
wrighky01,657140
wrighme01,124608
wrighmi01,605541
wrighri01,124603
wrighro02,150263
wrighst01,453214
wrighwe01,449079
wroblju01,680736
wronari01,124623
wuertmi01,430900
wunscke01,279823
wyattjo02,124626
wynegbu01,124632
wynnea01,124633
wynnebi02,124635
wynnema01,124636
wynnera01,691094
wynnji01,124634
wynnsau01,642851
yabuke01,435158
yabutya01,493161
yacabji01,642231
yajurmi01,664337
yamagsh01,685493
yamamjo01,657141
yamamyo01,808967
yancyhu01,124644
yanes01,124643
yanger01,687066
yanghy01,660365
yarbrry01,642232
yardler01,642233
yarnaed01,150097
yastrca01,124650
yastrmi01,573262
yatesal01,124651
yateski01,489446
yatesty01,407884
yeagest01,124656
yeldier01,124659
yelicch01,592885
yellela01,124661
yepezju01,660766
yesavtr01,702056
yettri01,124666
ynoaga01,593679
ynoahu01,660623
ynoami01,573589
ynoara01,501255
yohocr01,684974
yorkeni01,694377
yorkji01,124676
yorkmi01,124677
yoshima01,134180
yoshima02,807799
yosted01,124682
yostne01,124681
youklke01,425903
youmafl01,124684
youmash01,456558
youngal01,622065
youngan01,124685
youngan02,670370
youngbr01,687064
youngch03,432934
youngch04,455759
youngcl01,124688
youngco01,702284
youngcu01,124689
youngda01,277415
youngda02,664849
youngde03,430321
youngde04,434704
youngdm01,124693
youngdo01,124694
younger01,124695
younger02,124696
younger03,458913
youngge02,124698
youngja01,408221
youngja02,676724
youngja03,696285
youngjo01,124703
youngjo02,124715
youngke01,124704
youngki01,124705
youngma01,124707
youngma02,457568
youngma03,572283
youngmi01,124708
youngmi02,276545
youngpe02,124686
youngti01,136662
youngwa01,425488
yountro01,124721
yurakje01,124724
zabalan01,656008
zachach02,124730
zachrpa01,124732
zagunma01,657145
zagurmi01,489448
zahnge01,124734
zambrca01,407296
zambred01,124739
zambrvi01,406913
zamorda01,623354
zamoros01,124741
zannido01,124742
zaratma01,473156
zaskeje01,124746
zastrro01,642239
zaungr01,124748
zavadcl01,501826
zavalse01,664874
zavarcl01,124749
zawadla01,453368
zdebjo01,124751
zeberge01,124753
zeferry01,666171
zeidjo01,473646
zeileto01,124755
zeppbi01,124758
zerbech01,345792
zerpaan01,672582
zeuchtj01,643615
zieglbr01,446899
ziemst01,124764
zimmebr01,605548
zimmebr02,669145
zimmedo01,124768
zimmeje01,124770
zimmeje02,150293
zimmejo01,150131
zimmejo02,519455
zimmeky01,622092
zimmery01,475582
zinkch01,468402
zinteal01,150043
zipfebu01,124779
ziskri01,124780
zitoba01,217096
zobribe01,450314
zoccope01,430261
zoskyed01,124784
zuberjo01,124785
zuberty01,676604
zuletju01,275936
zulueyo01,691172
zumayjo01,451491
zuniggu01,670871
zuninmi01,572287
zupcibo01,124787
zupofr01,124788
zuvelpa01,124789
zychto01,543964
